TS time deltat Energy E1 E2 E3 Dissipation Trd volume area area_n area_gn area_gp Lat_area Epress E_tension1 E_tension2 E_tension3 Ela_small P_tension1 P_tension2 P_tension3 pressure Zmax stress strain Diss1 Diss2 Diss3
5 5.10204e-05 1.05154e-05 5.55266e-05 9.33744e-06 7.3187e-06 3.88705e-05 49.2274 0.00231533 0.000687094 1.45116 1.45114 1.45116 1.45116 1.10286 -0.00552454 -1.04083e-17 -3.46945e-18 0 0 3.04376 3.09299 -0.671672 -8.04349 1 0 0 3.90592e-05 3.03513e-05 9.72263e-05
10 0.00010467 1.10573e-05 0.000158096 3.14224e-05 2.63174e-05 0.000100356 46.4044 0.00231538 0.00137419 1.45121 1.45114 1.45121 1.45121 1.10285 -0.0113449 -1.04083e-17 -3.46945e-18 0 0 4.74949 4.81461 -1.24217 -8.26277 1 0 0 0.00013186 0.000108801 0.000250978
15 0.000161085 1.16271e-05 0.000287217 6.3016e-05 5.36202e-05 0.000170581 43.3413 0.00231545 0.00206128 1.45127 1.45114 1.45127 1.45127 1.10284 -0.0172346 -1.04083e-17 -3.46945e-18 0 0 6.0457 6.12739 -1.71473 -8.37223 1 0 0 0.00026527 0.000221019 0.000426631
20 0.000220407 1.22263e-05 0.00043657 0.000102701 8.75262e-05 0.000246343 40.2896 0.00231553 0.00274837 1.45135 1.45114 1.45135 1.45135 1.10281 -0.0231316 -1.04083e-17 -3.46945e-18 0 0 7.11064 7.20934 -2.12031 -8.43163 1 0 0 0.000433726 0.000359713 0.000616213
25 0.000282786 1.28564e-05 0.000603005 0.000149765 0.000126996 0.000326244 37.3369 0.00231564 0.00343547 1.45145 1.45114 1.45145 1.45145 1.10278 -0.0290124 -1.04083e-17 -3.46945e-18 0 0 8.01573 8.13209 -2.47498 -8.4642 1 0 0 0.000634612 0.000520369 0.000816265
30 0.00034838 1.3519e-05 0.000784834 0.000203894 0.00017134 0.000409601 34.5187 0.00231576 0.00412256 1.45156 1.45114 1.45157 1.45156 1.10275 -0.0348708 -1.04083e-17 -3.46945e-18 0 0 8.80058 8.93539 -2.78896 -8.48181 1 0 0 0.000866997 0.000699936 0.00102513
35 0.000417354 1.42157e-05 0.000981253 0.000265045 0.000220099 0.000496109 31.8485 0.0023159 0.00480966 1.45169 1.45114 1.4517 1.45169 1.10271 -0.0407097 -1.04083e-17 -3.46945e-18 0 0 9.49083 9.64496 -3.06949 -8.4915 1 0 0 0.00113111 0.000896336 0.00124211
40 0.000489883 1.49483e-05 0.00119209 0.00033338 0.000273004 0.000585708 29.3291 0.00231606 0.00549675 1.45184 1.45114 1.45184 1.45184 1.10266 -0.0465379 -1.04083e-17 -3.46945e-18 0 0 10.1044 10.2786 -3.32188 -8.49783 1 0 0 0.00142809 0.00110827 0.00146711
45 0.00056615 1.57187e-05 0.0014177 0.000409235 0.000329947 0.000678518 26.9583 0.00231623 0.00618384 1.452 1.45114 1.45201 1.452 1.10261 -0.0523681 -1.04083e-17 -3.46945e-18 0 0 10.6539 10.849 -3.54998 -8.50397 1 0 0 0.00175982 0.0013351 0.00170053
50 0.000646347 1.65288e-05 0.00165885 0.000493083 0.000390962 0.000774809 24.7318 0.00231642 0.00687094 1.45218 1.45114 1.45219 1.45218 1.10255 -0.0582157 -1.04083e-17 -3.46945e-18 0 0 11.1482 11.3646 -3.75641 -8.51224 1 0 0 0.00212883 0.0015768 0.00194314
55 0.000730678 1.73806e-05 0.00191671 0.000585517 0.00045621 0.000874985 22.6449 0.00231663 0.00755803 1.45238 1.45114 1.45239 1.45237 1.10248 -0.0640982 -1.04083e-17 -3.46945e-18 0 0 11.5925 11.8308 -3.94278 -8.5244 1 0 0 0.00253819 0.00183384 0.00219606
60 0.000819354 1.82763e-05 0.00219274 0.000687214 0.000525959 0.000979568 20.6932 0.00231686 0.00824512 1.4526 1.45114 1.4526 1.45259 1.10241 -0.070035 -1.04083e-17 -3.46945e-18 0 0 11.9899 12.2503 -4.10989 -8.54183 1 0 0 0.00299139 0.00210713 0.00246072
65 0.0009126 1.92182e-05 0.00248866 0.000798915 0.000600557 0.00108918 18.8727 0.00231711 0.00893222 1.45283 1.45114 1.45284 1.45282 1.10233 -0.0760466 -1.04083e-17 -3.46945e-18 0 0 12.3415 12.624 -4.25802 -8.56566 1 0 0 0.00349221 0.00239792 0.00273882
70 0.00101065 2.02086e-05 0.00280636 0.000921397 0.000680418 0.00120454 17.1797 0.00231737 0.00961931 1.45308 1.45114 1.45309 1.45307 1.10225 -0.082155 -1.04083e-17 -3.46945e-18 0 0 12.6475 12.9519 -4.38715 -8.5968 1 0 0 0.00404465 0.00270776 0.00303229
75 0.00111376 2.12501e-05 0.00314787 0.00105546 0.000765998 0.00132642 15.6107 0.00231766 0.0103064 1.45335 1.45114 1.45336 1.45334 1.10216 -0.0883828 -1.04083e-17 -3.46945e-18 0 0 12.9075 13.2337 -4.49721 -8.63604 1 0 0 0.00465281 0.00303835 0.00334325
80 0.00122218 2.23452e-05 0.00351531 0.00120189 0.000857776 0.00145564 14.1617 0.00231797 0.0109935 1.45364 1.45114 1.45366 1.45363 1.10206 -0.0947532 -1.04083e-17 -3.46945e-18 0 0 13.1214 13.4687 -4.58824 -8.68398 1 0 0 0.00532083 0.00339154 0.00367393
85 0.00133618 2.34968e-05 0.00391081 0.00136149 0.000956247 0.00159307 12.8283 0.0023183 0.0116806 1.45395 1.45114 1.45397 1.45394 1.10195 -0.10129 -1.04083e-17 -3.46945e-18 0 0 13.2893 13.6572 -4.66048 -8.74114 1 0 0 0.00605282 0.00376927 0.00402667
90 0.00145606 2.47077e-05 0.00433651 0.00153504 0.00106191 0.00173957 11.6057 0.00231865 0.0123677 1.45428 1.45114 1.4543 1.45426 1.10184 -0.108015 -1.04083e-17 -3.46945e-18 0 0 13.412 13.7997 -4.71443 -8.80791 1 0 0 0.00685287 0.00417352 0.00440383
95 0.00158212 2.5981e-05 0.00479455 0.00172329 0.00117525 0.00189602 10.4884 0.00231902 0.0130548 1.45463 1.45114 1.45465 1.45461 1.10172 -0.114953 -1.04083e-17 -3.46945e-18 0 0 13.4908 13.8976 -4.75084 -8.88455 1 0 0 0.00772497 0.0046063 0.00480782
100 0.00171468 2.732e-05 0.00528703 0.00192701 0.00129675 0.00206327 9.47046 0.00231942 0.0137419 1.455 1.45114 1.45503 1.45498 1.10159 -0.122126 -1.04083e-17 -3.46945e-18 0 0 13.5277 13.9526 -4.77068 -8.97125 1 0 0 0.00867308 0.00506964 0.00524098
105 0.00185407 2.87279e-05 0.005816 0.00214692 0.0014269 0.00224218 8.54549 0.00231983 0.014429 1.45539 1.45114 1.45542 1.45537 1.10146 -0.129555 -1.04083e-17 -3.46945e-18 0 0 13.5252 13.9673 -4.77512 -9.06808 1 0 0 0.00970109 0.00556557 0.00570566
110 0.00200064 3.02085e-05 0.00638348 0.00238376 0.00156616 0.00243356 7.70695 0.00232026 0.0151161 1.4558 1.45114 1.45583 1.45577 1.10132 -0.137259 -1.04083e-17 -3.46945e-18 0 0 13.4862 13.9444 -4.76541 -9.17505 1 0 0 0.0108128 0.00609617 0.00620411
115 0.00215476 3.17653e-05 0.00699146 0.00263824 0.00171499 0.00263823 6.94823 0.00232072 0.0158032 1.45623 1.45114 1.45626 1.4562 1.10118 -0.145259 -1.04083e-17 -3.46945e-18 0 0 13.4138 13.887 -4.74288 -9.29207 1 0 0 0.0120121 0.00666352 0.00673856
120 0.00231683 3.34023e-05 0.00764189 0.00291107 0.00187388 0.00285694 6.26278 0.0023212 0.0164902 1.45668 1.45114 1.45671 1.45664 1.10102 -0.153571 -1.04083e-17 -3.46945e-18 0 0 13.3111 13.7981 -4.70887 -9.419 1 0 0 0.0133027 0.00726976 0.00731117
125 0.00248725 3.51237e-05 0.0083367 0.00320297 0.00204327 0.00309046 5.64426 0.00232169 0.0171773 1.45715 1.45114 1.45719 1.45711 1.10087 -0.162214 -1.04083e-17 -3.46945e-18 0 0 13.1812 13.6811 -4.66466 -9.55566 1 0 0 0.0146884 0.0079171 0.00792401
130 0.00266645 3.69339e-05 0.00907782 0.00351465 0.00222366 0.00333951 5.08661 0.00232221 0.0178644 1.45763 1.45114 1.45768 1.45759 1.1007 -0.171201 -1.04083e-17 -3.46945e-18 0 0 13.0274 13.5388 -4.6115 -9.70183 1 0 0 0.0161729 0.0086078 0.00857915
135 0.00285489 3.88373e-05 0.00986715 0.0038468 0.00241553 0.00360482 4.58413 0.00232275 0.0185515 1.45814 1.45114 1.45819 1.45809 1.10053 -0.180547 -1.04083e-17 -3.46945e-18 0 0 12.8524 13.3743 -4.55053 -9.85725 1 0 0 0.01776 0.00934419 0.00927857
140 0.00305304 4.08388e-05 0.0107066 0.00420012 0.00261937 0.00388709 4.13154 0.00232331 0.0192386 1.45867 1.45114 1.45872 1.45861 1.10035 -0.190265 -1.04083e-17 -3.46945e-18 0 0 12.659 13.1903 -4.48281 -10.0217 1 0 0 0.0194535 0.0101287 0.0100242
145 0.0032614 4.29434e-05 0.0115981 0.00457533 0.00283571 0.00418702 3.72395 0.00232389 0.0199257 1.45921 1.45114 1.45927 1.45915 1.10017 -0.200368 -1.04083e-17 -3.46945e-18 0 0 12.4498 12.9893 -4.40929 -10.1948 1 0 0 0.021257 0.0109639 0.0108181
150 0.0034805 4.51566e-05 0.0125435 0.00497312 0.00306507 0.00450528 3.35692 0.00232449 0.0206128 1.45977 1.45114 1.45984 1.45971 1.09998 -0.210867 -1.04083e-17 -3.46945e-18 0 0 12.227 12.7736 -4.33083 -10.3763 1 0 0 0.0231743 0.0118523 0.0116621
155 0.00371089 4.74837e-05 0.0135447 0.00539418 0.00330799 0.00484257 3.02638 0.00232511 0.0212999 1.46036 1.45114 1.46043 1.46029 1.09978 -0.221774 -1.04083e-17 -3.46945e-18 0 0 11.9928 12.5454 -4.24823 -10.566 1 0 0 0.0252092 0.0127967 0.012558
160 0.00395315 4.99308e-05 0.0146038 0.0058392 0.00356502 0.00519957 2.72869 0.00232574 0.021987 1.46096 1.45114 1.46103 1.46088 1.09958 -0.233097 -1.04083e-17 -3.46945e-18 0 0 11.7491 12.3066 -4.16217 -10.7636 1 0 0 0.0273654 0.0137998 0.0135078
165 0.0042079 5.25041e-05 0.0157225 0.00630886 0.00383674 0.00557694 2.46054 0.0023264 0.0226741 1.46158 1.45114 1.46166 1.46149 1.09937 -0.244847 -1.04083e-17 -3.46945e-18 0 0 11.4976 12.0589 -4.07328 -10.9689 1 0 0 0.0296465 0.0148646 0.0145133
170 0.00447578 5.52099e-05 0.0169029 0.00680382 0.00412373 0.00597538 2.21896 0.00232708 0.0233612 1.46221 1.45114 1.46231 1.46212 1.09916 -0.257033 -1.04083e-17 -3.46945e-18 0 0 11.2398 11.804 -3.98212 -11.1815 1 0 0 0.0320561 0.015994 0.0155763
175 0.00475746 5.80552e-05 0.0181469 0.00732473 0.00442658 0.00639555 2.00128 0.00232778 0.0240483 1.46287 1.45114 1.46297 1.46277 1.09894 -0.269664 -1.04083e-17 -3.46945e-18 0 0 10.9772 11.5432 -3.88919 -11.4013 1 0 0 0.0345979 0.017191 0.0166987
180 0.00505366 6.10471e-05 0.0194562 0.00787224 0.00474588 0.00683811 1.8051 0.0023285 0.0247354 1.46354 1.45114 1.46365 1.46344 1.09871 -0.282748 -1.04083e-17 -3.46945e-18 0 0 10.711 11.2779 -3.79493 -11.628 1 0 0 0.0372753 0.0184588 0.0178822
185 0.00536513 6.41932e-05 0.0208329 0.00844695 0.00508225 0.00730373 1.62828 0.00232923 0.0254225 1.46424 1.45114 1.46435 1.46412 1.09848 -0.296292 -1.04083e-17 -3.46945e-18 0 0 10.4423 11.0092 -3.69976 -11.8614 1 0 0 0.0400918 0.0198005 0.0191286
190 0.00569264 6.75014e-05 0.0222788 0.00904946 0.00543629 0.00779306 1.46888 0.00232999 0.0261096 1.46495 1.45114 1.46507 1.46483 1.09824 -0.310306 -1.04083e-17 -3.46945e-18 0 0 10.1721 10.7382 -3.60403 -12.1013 1 0 0 0.0430506 0.0212193 0.0204396
195 0.00603704 7.09802e-05 0.0237957 0.00968032 0.00580861 0.00830674 1.32516 0.00233076 0.0267967 1.46568 1.45114 1.46581 1.46555 1.098 -0.324795 -1.04083e-17 -3.46945e-18 0 0 9.90148 10.4658 -3.50807 -12.3476 1 0 0 0.046155 0.0227185 0.0218169
200 0.00639918 7.46382e-05 0.0253853 0.0103401 0.00619981 0.0088454 1.19557 0.00233156 0.0274837 1.46642 1.45114 1.46657 1.46628 1.09775 -0.339768 -1.04083e-17 -3.46945e-18 0 0 9.63109 10.193 -3.41217 -12.5999 1 0 0 0.0494079 0.0243012 0.023262
205 0.00677999 7.84847e-05 0.0270493 0.0110292 0.00661051 0.00940965 1.07871 0.00233237 0.0281708 1.46719 1.45114 1.46734 1.46704 1.0975 -0.35523 -1.04083e-17 -3.46945e-18 0 0 9.36172 9.92036 -3.31658 -12.8582 1 0 0 0.0528123 0.0259709 0.0247766
210 0.00718042 8.25295e-05 0.0287895 0.0117481 0.0070413 0.0100001 0.973309 0.0023332 0.0288579 1.46797 1.45114 1.46814 1.46781 1.09724 -0.371188 -1.04083e-17 -3.46945e-18 0 0 9.09401 9.64872 -3.22155 -13.1223 1 0 0 0.0563709 0.0277306 0.026362
215 0.00760149 8.67827e-05 0.0306073 0.0124973 0.00749275 0.0106173 0.878244 0.00233405 0.029545 1.46877 1.45114 1.46895 1.4686 1.09698 -0.387648 -1.04083e-17 -3.46945e-18 0 0 8.82854 9.37866 -3.12727 -13.392 1 0 0 0.0600861 0.0295838 0.0280197
220 0.00804426 9.12551e-05 0.0325042 0.013277 0.00796545 0.0112618 0.792493 0.00233492 0.0302321 1.46959 1.45114 1.46978 1.4694 1.09671 -0.404616 -1.04083e-17 -3.46945e-18 0 0 8.56582 9.11073 -3.03392 -13.6671 1 0 0 0.0639603 0.0315337 0.0297509
225 0.00850984 9.5958e-05 0.0344817 0.0140877 0.00845994 0.0119341 0.715138 0.00233581 0.0309192 1.47042 1.45114 1.47062 1.47023 1.09644 -0.422097 -1.04083e-17 -3.46945e-18 0 0 8.30632 8.84542 -2.94168 -13.9475 1 0 0 0.0679953 0.0335833 0.0315569
230 0.00899942 0.000100903 0.0365408 0.0149294 0.00897675 0.0126347 0.645352 0.00233671 0.0316063 1.47128 1.45114 1.47149 1.47107 1.09616 -0.440096 -1.04083e-17 -3.46945e-18 0 0 8.05041 8.58317 -2.85068 -14.2329 1 0 0 0.0721931 0.0357358 0.0334387
235 0.00951424 0.000106103 0.0386828 0.0158024 0.00951638 0.013364 0.582391 0.00233764 0.0322934 1.47215 1.45114 1.47237 1.47192 1.09587 -0.458618 -1.04083e-17 -3.46945e-18 0 0 7.79845 8.32437 -2.76104 -14.5234 1 0 0 0.0765549 0.0379943 0.0353972
240 0.0100556 0.000111572 0.0409086 0.0167068 0.0100793 0.0141226 0.525585 0.00233858 0.0329805 1.47303 1.45114 1.47327 1.4728 1.09558 -0.477667 -1.04083e-17 -3.46945e-18 0 0 7.55074 8.06935 -2.67287 -14.8187 1 0 0 0.081082 0.0403615 0.0374333
245 0.0106248 0.000117321 0.0432191 0.0176425 0.010666 0.0149106 0.47433 0.00233954 0.0336676 1.47394 1.45114 1.47419 1.47369 1.09529 -0.497247 -1.04083e-17 -3.46945e-18 0 0 7.30754 7.81841 -2.58627 -15.1186 1 0 0 0.0857749 0.0428404 0.0395477
250 0.0112234 0.000123368 0.0456149 0.0186096 0.0112768 0.0157285 0.428081 0.00234052 0.0343547 1.47486 1.45114 1.47513 1.47459 1.09499 -0.517362 -1.04083e-17 -3.46945e-18 0 0 7.06906 7.57181 -2.50131 -15.4231 1 0 0 0.0906342 0.0454336 0.0417408
255 0.0118528 0.000129726 0.0480963 0.0196077 0.011912 0.0165765 0.386348 0.00234152 0.0350418 1.4758 1.45114 1.47609 1.47552 1.09469 -0.538015 -1.04083e-17 -3.46945e-18 0 0 6.83548 7.32975 -2.41805 -15.7319 1 0 0 0.0956597 0.0481434 0.0440129
260 0.0125147 0.000136411 0.0506637 0.0206368 0.0125721 0.0174549 0.348689 0.00234254 0.0357289 1.47676 1.45114 1.47706 1.47646 1.09438 -0.55921 -1.04083e-17 -3.46945e-18 0 0 6.60697 7.09244 -2.33656 -16.045 1 0 0 0.100851 0.0509723 0.0463641
265 0.0132107 0.000143441 0.0533171 0.0216963 0.0132571 0.0183637 0.314705 0.00234357 0.036416 1.47773 1.45114 1.47805 1.47741 1.09407 -0.580947 -1.04083e-17 -3.46945e-18 0 0 6.38364 6.86002 -2.25688 -16.3622 1 0 0 0.106206 0.0539222 0.0487945
270 0.0139425 0.000150833 0.0560562 0.0227858 0.0139674 0.019303 0.284037 0.00234462 0.0371031 1.47872 1.45114 1.47905 1.47838 1.09375 -0.603231 -1.04083e-17 -3.46945e-18 0 0 6.16559 6.63262 -2.17905 -16.6832 1 0 0 0.111725 0.0569949 0.0513036
275 0.0147121 0.000158607 0.0588805 0.0239047 0.0147029 0.0202729 0.256359 0.00234569 0.0377902 1.47972 1.45114 1.48008 1.47937 1.09343 -0.626061 -1.04083e-17 -3.46945e-18 0 0 5.95289 6.41034 -2.10308 -17.0081 1 0 0 0.117405 0.060192 0.053891
280 0.0155213 0.000166781 0.0617891 0.0250521 0.0154637 0.0212733 0.231381 0.00234677 0.0384773 1.48075 1.45114 1.48112 1.48038 1.0931 -0.649439 -1.04083e-17 -3.46945e-18 0 0 5.74559 6.19327 -2.029 -17.3366 1 0 0 0.123242 0.0635145 0.0565558
285 0.0163722 0.000175376 0.064781 0.0262273 0.0162498 0.0223039 0.208838 0.00234788 0.0391643 1.48179 1.45114 1.48218 1.48139 1.09277 -0.673366 -1.04083e-17 -3.46945e-18 0 0 5.54372 5.98146 -1.95682 -17.6685 1 0 0 0.129235 0.0669634 0.059297
290 0.017267 0.000184414 0.0678547 0.0274291 0.017061 0.0233647 0.188493 0.002349 0.0398514 1.48284 1.45114 1.48325 1.48243 1.09243 -0.697841 -1.04083e-17 -3.46945e-18 0 0 5.34729 5.77495 -1.88655 -18.0038 1 0 0 0.135377 0.0705392 0.0621131
295 0.0182079 0.000193918 0.0710084 0.0286563 0.017897 0.0244551 0.170131 0.00235014 0.0405385 1.48391 1.45114 1.48435 1.48348 1.09209 -0.722865 -1.04083e-17 -3.46945e-18 0 0 5.15629 5.57377 -1.81819 -18.3422 1 0 0 0.141666 0.0742417 0.0650026
300 0.0191972 0.000203911 0.0742398 0.0299075 0.0187575 0.0255748 0.153558 0.00235129 0.0412256 1.485 1.45114 1.48546 1.48455 1.09175 -0.748436 -1.04083e-17 -3.46945e-18 0 0 4.97071 5.37791 -1.75172 -18.6836 1 0 0 0.148094 0.0780706 0.0679635
305 0.0202376 0.00021442 0.0775464 0.0311811 0.019642 0.0267232 0.1386 0.00235247 0.0419127 1.4861 1.45114 1.48658 1.48563 1.0914 -0.774551 -1.04083e-17 -3.46945e-18 0 0 4.79052 5.18736 -1.68715 -19.0279 1 0 0 0.154655 0.082025 0.0709933
310 0.0213316 0.00022547 0.080925 0.0324755 0.0205499 0.0278996 0.1251 0.00235366 0.0425998 1.48723 1.45114 1.48773 1.48673 1.09104 -0.801209 -1.04083e-17 -3.46945e-18 0 0 4.61567 5.00212 -1.62446 -19.3747 1 0 0 0.161342 0.0861034 0.0740894
315 0.0224819 0.00023709 0.0843721 0.0337885 0.0214803 0.0291032 0.112915 0.00235486 0.0432869 1.48836 1.45114 1.48889 1.48784 1.09069 -0.828407 -1.04083e-17 -3.46945e-18 0 0 4.44611 4.82214 -1.56363 -19.7241 1 0 0 0.168146 0.0903036 0.0772488
320 0.0236916 0.000249309 0.0878836 0.035118 0.0224325 0.0303331 0.101917 0.00235609 0.043974 1.48951 1.45114 1.49006 1.48897 1.09032 -0.85614 -1.04083e-17 -3.46945e-18 0 0 4.28178 4.64738 -1.50464 -20.0757 1 0 0 0.175058 0.0946231 0.0804679
325 0.0249636 0.000262157 0.0914551 0.0364616 0.0234054 0.0315882 0.0919904 0.00235733 0.0446611 1.49068 1.45114 1.49126 1.49011 1.08996 -0.884404 -1.04083e-17 -3.46945e-18 0 0 4.1226 4.4778 -1.44747 -20.4294 1 0 0 0.182066 0.0990584 0.0837427
330 0.0263011 0.000275668 0.0950814 0.0378166 0.0243976 0.0328672 0.0830307 0.00235858 0.0453482 1.49187 1.45114 1.49247 1.49127 1.08959 -0.913192 -1.04083e-17 -3.46945e-18 0 0 3.96849 4.31331 -1.39209 -20.7849 1 0 0 0.189161 0.103605 0.0870691
335 0.0277076 0.000289874 0.0987568 0.0391801 0.0254079 0.0341688 0.0749437 0.00235986 0.0460353 1.49307 1.45114 1.49369 1.49244 1.08921 -0.942499 -1.04083e-17 -3.46945e-18 0 0 3.81937 4.15387 -1.33848 -21.1421 1 0 0 0.196328 0.108259 0.090442
340 0.0291865 0.000304813 0.102475 0.040549 0.0264346 0.0354914 0.0676444 0.00236115 0.0467224 1.49428 1.45114 1.49493 1.49363 1.08884 -0.972316 -1.04083e-17 -3.46945e-18 0 0 3.67515 3.99939 -1.2866 -21.5007 1 0 0 0.203553 0.113014 0.0938564
345 0.0307417 0.000320522 0.106229 0.0419197 0.0274759 0.0368334 0.0610561 0.00236245 0.0474095 1.49551 1.45114 1.49619 1.49483 1.08846 -1.00264 -1.04083e-17 -3.46945e-18 0 0 3.53574 3.84979 -1.23642 -21.8605 1 0 0 0.21082 0.117863 0.0973064
350 0.032377 0.00033704 0.110011 0.0432886 0.0285298 0.0381928 0.0551094 0.00236378 0.0480966 1.49676 1.45114 1.49747 1.49605 1.08807 -1.03345 -1.04083e-17 -3.46945e-18 0 0 3.40103 3.705 -1.18791 -22.2213 1 0 0 0.218114 0.122799 0.100786
355 0.0340966 0.00035441 0.113813 0.0446517 0.0295942 0.0395675 0.0497419 0.00236511 0.0487837 1.49802 1.45114 1.49876 1.49728 1.08768 -1.06474 -1.04083e-17 -3.46945e-18 0 0 3.27093 3.56491 -1.14104 -22.5827 1 0 0 0.225415 0.127813 0.104287
360 0.0359048 0.000372675 0.117626 0.0460047 0.0306664 0.0409553 0.0448972 0.00236647 0.0494708 1.49929 1.45114 1.50006 1.49853 1.08729 -1.0965 -1.04083e-17 -3.46945e-18 0 0 3.14533 3.42943 -1.09577 -22.9446 1 0 0 0.232703 0.132896 0.107804
365 0.0378062 0.000391881 0.121441 0.047343 0.0317438 0.0423538 0.0405243 0.00236784 0.0501578 1.50059 1.45114 1.50138 1.49979 1.08689 -1.12871 -1.04083e-17 -3.46945e-18 0 0 3.02411 3.29848 -1.05207 -23.3066 1 0 0 0.239958 0.138037 0.111329
370 0.0398056 0.000412077 0.125245 0.0486617 0.0328235 0.0437602 0.0365774 0.00236923 0.0508449 1.50189 1.45114 1.50272 1.50107 1.08649 -1.16137 -1.04083e-17 -3.46945e-18 0 0 2.90718 3.17194 -1.0099 -23.6684 1 0 0 0.247155 0.143224 0.114852
375 0.041908 0.000433313 0.12903 0.0499555 0.0339023 0.0451718 0.0330149 0.00237063 0.051532 1.50321 1.45114 1.50408 1.50236 1.08609 -1.19444 -1.04083e-17 -3.46945e-18 0 0 2.79442 3.04972 -0.969228 -24.0297 1 0 0 0.254272 0.148444 0.118365
380 0.0441188 0.000455644 0.132781 0.051219 0.0349766 0.0465853 0.0297993 0.00237205 0.0522191 1.50455 1.45114 1.50544 1.50366 1.08568 -1.22792 -1.04083e-17 -3.46945e-18 0 0 2.68572 2.93172 -0.930011 -24.3901 1 0 0 0.26128 0.153683 0.121859
385 0.0464435 0.000479126 0.136487 0.0524463 0.0360428 0.0479976 0.026897 0.00237348 0.0529062 1.5059 1.45114 1.50683 1.50498 1.08527 -1.26178 -1.04083e-17 -3.46945e-18 0 0 2.58097 2.81783 -0.892215 -24.7494 1 0 0 0.268152 0.158924 0.125323
390 0.048888 0.000503818 0.140133 0.0536313 0.0370968 0.0494052 0.0242774 0.00237493 0.0535933 1.50726 1.45114 1.50823 1.50631 1.08486 -1.296 -1.04083e-17 -3.46945e-18 0 0 2.48005 2.70794 -0.855804 -25.107 1 0 0 0.274859 0.164153 0.128747
395 0.0514585 0.000529783 0.143706 0.0547676 0.0381343 0.0508042 0.021913 0.0023764 0.0542804 1.50864 1.45114 1.50964 1.50765 1.08444 -1.33056 -1.04083e-17 -3.46945e-18 0 0 2.38287 2.60196 -0.820741 -25.4627 1 0 0 0.281368 0.169349 0.132119
400 0.0541615 0.000557086 0.14719 0.0558484 0.0391507 0.0521909 0.0197788 0.00237788 0.0549675 1.51004 1.45114 1.51107 1.50901 1.08402 -1.36542 -1.04083e-17 -3.46945e-18 0 0 2.28929 2.49977 -0.786989 -25.816 1 0 0 0.287647 0.174493 0.135429
405 0.0570038 0.000585796 0.150569 0.0568668 0.0401413 0.0535611 0.0178526 0.00237937 0.0556546 1.51145 1.45114 1.51252 1.51038 1.0836 -1.40057 -1.04083e-17 -3.46945e-18 0 0 2.19923 2.40127 -0.754511 -26.1664 1 0 0 0.29366 0.179565 0.138664
410 0.0599925 0.000615985 0.153827 0.0578157 0.0411008 0.0549104 0.0161141 0.00238088 0.0563417 1.51287 1.45114 1.51398 1.51177 1.08317 -1.43596 -1.04083e-17 -3.46945e-18 0 0 2.11255 2.30636 -0.723272 -26.5135 1 0 0 0.299371 0.184541 0.141812
415 0.0631353 0.00064773 0.156946 0.0586876 0.042024 0.0562344 0.0145449 0.00238241 0.0570288 1.51431 1.45114 1.51545 1.51317 1.08274 -1.47157 -1.04083e-17 -3.46945e-18 0 0 2.02916 2.21493 -0.693235 -26.8568 1 0 0 0.304742 0.189399 0.144859
420 0.06644 0.000681112 0.159908 0.059475 0.0429051 0.0575283 0.0131286 0.00238395 0.0577159 1.51576 1.45114 1.51694 1.51458 1.0823 -1.50735 -1.04083e-17 -3.46945e-18 0 0 1.94896 2.12687 -0.664365 -27.1958 1 0 0 0.309733 0.194112 0.147793
425 0.0699151 0.000716213 0.162696 0.0601702 0.0437385 0.0587872 0.0118503 0.0023855 0.058403 1.51722 1.45114 1.51845 1.516 1.08187 -1.54327 -1.04083e-17 -3.46945e-18 0 0 1.87182 2.04208 -0.636626 -27.5298 1 0 0 0.314304 0.198655 0.150599
430 0.0735692 0.000753124 0.165289 0.0607654 0.0445179 0.0600061 0.0106965 0.00238707 0.0590901 1.5187 1.45114 1.51996 1.51744 1.08142 -1.57928 -1.04083e-17 -3.46945e-18 0 0 1.79765 1.96046 -0.609984 -27.8583 1 0 0 0.318412 0.202999 0.153265
435 0.0774117 0.000791936 0.16767 0.061253 0.0452373 0.0611799 0.0096552 0.00238866 0.0597772 1.52019 1.45114 1.5215 1.51889 1.08098 -1.61533 -1.04083e-17 -3.46945e-18 0 0 1.72636 1.88191 -0.584404 -28.1808 1 0 0 0.322015 0.207116 0.155777
440 0.0814522 0.000832749 0.169819 0.0616252 0.0458903 0.0623033 0.00871533 0.00239026 0.0604642 1.5217 1.45114 1.52304 1.52036 1.08053 -1.65139 -1.04083e-17 -3.46945e-18 0 0 1.65782 1.80633 -0.559851 -28.4965 1 0 0 0.325069 0.210976 0.158119
445 0.0857009 0.000875666 0.171716 0.0618746 0.0464705 0.063371 0.00786705 0.00239187 0.0611513 1.52322 1.45114 1.5246 1.52184 1.08008 -1.68739 -1.04083e-17 -3.46945e-18 0 0 1.59196 1.73361 -0.536293 -28.8048 1 0 0 0.327531 0.214548 0.160279
450 0.0901686 0.000920794 0.173343 0.061994 0.0469713 0.0643774 0.00710143 0.0023935 0.0618384 1.52475 1.45114 1.52618 1.52333 1.07963 -1.72328 -1.04083e-17 -3.46945e-18 0 0 1.52866 1.66368 -0.513695 -29.105 1 0 0 0.329357 0.217799 0.162243
455 0.0948665 0.000968248 0.17468 0.0619764 0.0473864 0.0653172 0.00641042 0.00239515 0.0625255 1.5263 1.45114 1.52777 1.52483 1.07917 -1.75901 -1.04083e-17 -3.46945e-18 0 0 1.46785 1.59642 -0.492026 -29.3964 1 0 0 0.330505 0.220699 0.163996
460 0.0998066 0.00101815 0.17571 0.0618155 0.0477093 0.0661849 0.00578675 0.0023968 0.0632126 1.52786 1.45114 1.52937 1.52635 1.07871 -1.7945 -1.04083e-17 -3.46945e-18 0 0 1.40942 1.53174 -0.471252 -29.6782 1 0 0 0.330933 0.223214 0.165526
465 0.105001 0.00107062 0.176415 0.0615055 0.0479339 0.0669753 0.00522384 0.00239847 0.0638997 1.52943 1.45114 1.53099 1.52788 1.07824 -1.82969 -1.04083e-17 -3.46945e-18 0 0 1.35328 1.46956 -0.451341 -29.9497 1 0 0 0.330601 0.225311 0.16682
470 0.110464 0.00112579 0.176778 0.0610414 0.0480542 0.0676829 0.00471579 0.00240016 0.0645868 1.53102 1.45114 1.53262 1.52942 1.07777 -1.86451 -1.04083e-17 -3.46945e-18 0 0 1.29936 1.40979 -0.432262 -30.2101 1 0 0 0.329473 0.22696 0.167866
475 0.116207 0.00118381 0.176786 0.0604191 0.0480645 0.0683027 0.00425725 0.00240186 0.0652739 1.53261 1.45114 1.53426 1.53097 1.0773 -1.8989 -1.04083e-17 -3.46945e-18 0 0 1.24755 1.35233 -0.413984 -30.4585 1 0 0 0.327514 0.228127 0.168652
480 0.122247 0.00124482 0.176425 0.0596356 0.0479598 0.0688298 0.00384337 0.00240358 0.065961 1.53423 1.45114 1.53592 1.53254 1.07683 -1.93278 -1.04083e-17 -3.46945e-18 0 0 1.19779 1.2971 -0.396476 -30.6942 1 0 0 0.324696 0.228784 0.169167
485 0.128598 0.00130897 0.175684 0.058689 0.0477352 0.0692594 0.00346982 0.0024053 0.0666481 1.53585 1.45114 1.53759 1.53412 1.07635 -1.96608 -1.04083e-17 -3.46945e-18 0 0 1.14999 1.24402 -0.379707 -30.9164 1 0 0 0.320993 0.2289 0.169403
490 0.135277 0.00137643 0.174553 0.0575791 0.047387 0.0695872 0.00313266 0.00240705 0.0673352 1.53749 1.45114 1.53927 1.53571 1.07587 -1.9987 -1.04083e-17 -3.46945e-18 0 0 1.10407 1.19301 -0.363648 -31.1242 1 0 0 0.316388 0.228451 0.16935
495 0.142299 0.00144737 0.173028 0.0563067 0.0469119 0.069809 0.00282834 0.0024088 0.0680223 1.53914 1.45114 1.54097 1.53731 1.07538 -2.03059 -1.04083e-17 -3.46945e-18 0 0 1.05996 1.14399 -0.34827 -31.3168 1 0 0 0.310869 0.22741 0.169003
500 0.149684 0.00152196 0.171104 0.0548749 0.0463076 0.0699214 0.00255365 0.00241057 0.0687094 1.5408 1.45114 1.54268 1.53892 1.07489 -2.06165 -1.04083e-17 -3.46945e-18 0 0 1.01759 1.09688 -0.333543 -31.4936 1 0 0 0.304434 0.225759 0.168354
505 0.157449 0.00160039 0.168782 0.0532882 0.045573 0.0699212 0.00230571 0.00241236 0.0693965 1.54247 1.45114 1.5444 1.54055 1.0744 -2.09181 -1.04083e-17 -3.46945e-18 0 0 0.976882 1.05161 -0.319439 -31.6537 1 0 0 0.297088 0.22348 0.1674
510 0.165614 0.00168287 0.166067 0.0515532 0.044708 0.0698056 0.00208191 0.00241416 0.0700836 1.54416 1.45114 1.54613 1.54219 1.0739 -2.121 -1.04083e-17 -3.46945e-18 0 0 0.937772 1.00811 -0.305931 -31.7964 1 0 0 0.288849 0.220561 0.166138
515 0.1742 0.0017696 0.162965 0.0496785 0.0437137 0.0695728 0.00187988 0.00241597 0.0707707 1.54586 1.45114 1.54787 1.54384 1.0734 -2.14913 -1.04083e-17 -3.46945e-18 0 0 0.900195 0.966305 -0.292991 -31.9213 1 0 0 0.279744 0.216995 0.164569
520 0.183229 0.0018608 0.159489 0.0476748 0.0425928 0.0692212 0.00169751 0.00241779 0.0714578 1.54757 1.45114 1.54963 1.54551 1.07289 -2.17614 -1.04083e-17 -3.46945e-18 0 0 0.864089 0.926131 -0.280594 -32.0276 1 0 0 0.269812 0.212782 0.162694
525 0.192723 0.00195669 0.155654 0.0455547 0.0413493 0.0687501 0.00153287 0.00241963 0.0721448 1.54929 1.45114 1.5514 1.54718 1.07238 -2.20196 -1.04083e-17 -3.46945e-18 0 0 0.829392 0.887525 -0.268712 -32.115 1 0 0 0.259106 0.207927 0.160517
530 0.202706 0.00205753 0.151481 0.043333 0.0399888 0.0681595 0.00138424 0.00242149 0.0728319 1.55103 1.45114 1.55318 1.54887 1.07187 -2.22653 -1.04083e-17 -3.46945e-18 0 0 0.796048 0.850424 -0.257323 -32.183 1 0 0 0.247692 0.202442 0.158042
535 0.213203 0.00216357 0.146995 0.0410262 0.0385186 0.0674501 0.00125006 0.00242335 0.073519 1.55277 1.45114 1.55498 1.55057 1.07135 -2.24981 -1.04083e-17 -3.46945e-18 0 0 0.764001 0.81477 -0.246401 -32.2316 1 0 0 0.235646 0.196347 0.155279
540 0.224242 0.00227507 0.142223 0.0386526 0.0369474 0.0666233 0.00112891 0.00242524 0.0742061 1.55453 1.45114 1.55678 1.55228 1.07083 -2.27174 -1.04083e-17 -3.46945e-18 0 0 0.733197 0.780506 -0.235923 -32.2605 1 0 0 0.223059 0.189672 0.152236
545 0.23585 0.00239232 0.137199 0.036232 0.0352856 0.0656815 0.00101952 0.00242713 0.0748932 1.5563 1.45114 1.55859 1.55401 1.0703 -2.2923 -1.04083e-17 -3.46945e-18 0 0 0.703586 0.747579 -0.225868 -32.2699 1 0 0 0.210033 0.182452 0.148927
550 0.248055 0.00251561 0.131958 0.0337851 0.0335449 0.0646278 0.000920749 0.00242904 0.0755803 1.55808 1.45114 1.56042 1.55575 1.06978 -2.31146 -1.04083e-17 -3.46945e-18 0 0 0.675117 0.715938 -0.216213 -32.26 1 0 0 0.196681 0.174733 0.145366
555 0.26089 0.00264525 0.126538 0.0313335 0.0317387 0.0634659 0.000831557 0.00243096 0.0762674 1.55988 1.45114 1.56226 1.55749 1.06924 -2.32923 -1.04083e-17 -3.46945e-18 0 0 0.647746 0.685534 -0.206941 -32.2313 1 0 0 0.183123 0.166567 0.14157
560 0.274386 0.00278158 0.120981 0.028899 0.0298813 0.0622004 0.000751014 0.0024329 0.0769545 1.56168 1.45114 1.5641 1.55925 1.06871 -2.34562 -1.04083e-17 -3.46945e-18 0 0 0.621425 0.656321 -0.19803 -32.1843 1 0 0 0.169488 0.158015 0.137557
565 0.288578 0.00292493 0.115328 0.0265032 0.0279883 0.0608368 0.000678276 0.00243485 0.0776416 1.5635 1.45114 1.56596 1.56103 1.06816 -2.36064 -1.04083e-17 -3.46945e-18 0 0 0.596114 0.628257 -0.189465 -32.1198 1 0 0 0.155906 0.149145 0.133347
570 0.303501 0.00307567 0.109624 0.0241668 0.0260758 0.0593811 0.000612584 0.00243682 0.0783287 1.56532 1.45114 1.56783 1.56281 1.06762 -2.37435 -1.04083e-17 -3.46945e-18 0 0 0.571769 0.601299 -0.181227 -32.039 1 0 0 0.142508 0.140032 0.128962
575 0.319193 0.00323417 0.10391 0.0219095 0.0241605 0.0578399 0.000553254 0.0024388 0.0790158 1.56716 1.45114 1.56971 1.56461 1.06707 -2.3868 -1.04083e-17 -3.46945e-18 0 0 0.548351 0.57541 -0.173303 -31.9429 1 0 0 0.129422 0.130755 0.124426
580 0.335694 0.00340085 0.0982284 0.0197488 0.0222591 0.0562205 0.000499668 0.00244079 0.0797029 1.56901 1.45114 1.57159 1.56642 1.06652 -2.39807 -1.04083e-17 -3.46945e-18 0 0 0.525823 0.550554 -0.165678 -31.833 1 0 0 0.11677 0.121397 0.119762
585 0.353045 0.00357611 0.0926189 0.0177003 0.020388 0.0545306 0.000451269 0.0024428 0.08039 1.57087 1.45114 1.57349 1.56824 1.06597 -2.40826 -1.04083e-17 -3.46945e-18 0 0 0.504147 0.526697 -0.158339 -31.7109 1 0 0 0.104664 0.112044 0.114996
590 0.371291 0.00376041 0.0871182 0.0157766 0.0185631 0.0527785 0.000407555 0.00244483 0.0810771 1.57273 1.45114 1.5754 1.57007 1.06541 -2.41748 -1.04083e-17 -3.46945e-18 0 0 0.48329 0.503806 -0.151275 -31.5783 1 0 0 0.0931994 0.102782 0.110152
595 0.390476 0.00395421 0.0817591 0.0139875 0.0167991 0.0509725 0.000368072 0.00244686 0.0817642 1.57461 1.45114 1.57731 1.57191 1.06485 -2.42584 -1.04083e-17 -3.46945e-18 0 0 0.463218 0.481851 -0.144475 -31.4371 1 0 0 0.0824585 0.0936954 0.105257
600 0.410651 0.00415799 0.0765704 0.0123395 0.0151094 0.0491215 0.000332412 0.00244891 0.0824512 1.5765 1.45114 1.57924 1.57377 1.06429 -2.4335 -1.04083e-17 -3.46945e-18 0 0 0.443898 0.460803 -0.13793 -31.2893 1 0 0 0.0725028 0.0848637 0.100336
605 0.431865 0.00437227 0.0715759 0.0108361 0.0135056 0.0472342 0.000300205 0.00245098 0.0831383 1.57841 1.45114 1.58117 1.57563 1.06372 -2.4406 -1.04083e-17 -3.46945e-18 0 0 0.425302 0.440633 -0.131632 -31.1368 1 0 0 0.063374 0.076362 0.0954128
610 0.454173 0.0045976 0.0667942 0.00947733 0.0119975 0.0453194 0.000271117 0.00245306 0.0838254 1.58032 1.45114 1.58311 1.57751 1.06316 -2.44729 -1.04083e-17 -3.46945e-18 0 0 0.407399 0.421316 -0.125573 -30.9818 1 0 0 0.0550932 0.0682569 0.0905109
615 0.47763 0.00483454 0.0622391 0.00826061 0.0105924 0.0433861 0.000244848 0.00245515 0.0845125 1.58224 1.45114 1.58506 1.5794 1.06259 -2.45372 -1.04083e-17 -3.46945e-18 0 0 0.390163 0.402824 -0.119747 -30.8262 1 0 0 0.0476611 0.0606058 0.0856528
620 0.502296 0.00508369 0.0579189 0.00718065 0.00929543 0.0414428 0.000221126 0.00245725 0.0851996 1.58417 1.45114 1.58703 1.5813 1.06202 -2.46007 -1.04083e-17 -3.46945e-18 0 0 0.37357 0.38513 -0.114149 -30.6721 1 0 0 0.0410597 0.0534554 0.0808592
625 0.528233 0.00534569 0.0538375 0.00623004 0.00810947 0.039498 0.000199705 0.00245937 0.0858867 1.58611 1.45114 1.589 1.58322 1.06145 -2.46647 -1.04083e-17 -3.46945e-18 0 0 0.357595 0.368208 -0.108774 -30.5212 1 0 0 0.0352547 0.04684 0.0761491
630 0.555507 0.00562118 0.0499944 0.0053997 0.00703499 0.0375597 0.000180362 0.0024615 0.0865738 1.58806 1.45114 1.59098 1.58514 1.06087 -2.47307 -1.04083e-17 -3.46945e-18 0 0 0.342216 0.352031 -0.103616 -30.3754 1 0 0 0.0301979 0.0407819 0.07154
635 0.584186 0.00591087 0.0463854 0.00467942 0.00607036 0.0356356 0.000162896 0.00246365 0.0872609 1.59002 1.45114 1.59296 1.58707 1.0603 -2.48002 -1.04083e-17 -3.46945e-18 0 0 0.327414 0.336571 -0.0986726 -30.236 1 0 0 0.0258316 0.0352905 0.0670473
640 0.614344 0.00621549 0.0430034 0.00405833 0.00521206 0.0337331 0.000147126 0.0024658 0.087948 1.59199 1.45114 1.59496 1.58901 1.05972 -2.48741 -1.04083e-17 -3.46945e-18 0 0 0.31317 0.3218 -0.0939388 -30.1045 1 0 0 0.0220909 0.0303634 0.0626846
645 0.646055 0.00653581 0.0398392 0.00352538 0.00445494 0.0318589 0.000132886 0.00246797 0.0886351 1.59397 1.45114 1.59697 1.59097 1.05915 -2.49537 -1.04083e-17 -3.46945e-18 0 0 0.299468 0.307689 -0.0894107 -29.9817 1 0 0 0.018908 0.0259867 0.0584635
650 0.679401 0.00687264 0.0368817 0.00306975 0.00379263 0.0300193 0.00012003 0.00247014 0.0893222 1.59596 1.45114 1.59899 1.59293 1.05857 -2.50396 -1.04083e-17 -3.46945e-18 0 0 0.286293 0.294208 -0.0850839 -29.8686 1 0 0 0.0162145 0.0221372 0.054394
655 0.714466 0.00722683 0.0341192 0.00268115 0.00321779 0.0282202 0.000108421 0.00247233 0.0900093 1.59796 1.45114 1.60101 1.5949 1.05799 -2.51326 -1.04083e-17 -3.46945e-18 0 0 0.273629 0.28133 -0.0809537 -29.7657 1 0 0 0.0139446 0.0187833 0.0504844
660 0.751337 0.00759926 0.0315395 0.00235007 0.00272255 0.0264669 9.79397e-05 0.00247452 0.0906964 1.59996 1.45114 1.60305 1.59688 1.05742 -2.5233 -1.04083e-17 -3.46945e-18 0 0 0.261464 0.269023 -0.077015 -29.6731 1 0 0 0.0120365 0.0158874 0.0467412
665 0.790109 0.0079909 0.0291308 0.0020679 0.00229881 0.0247641 8.84748e-05 0.00247672 0.0913835 1.60198 1.45114 1.6051 1.59887 1.05684 -2.53409 -1.04083e-17 -3.46945e-18 0 0 0.249786 0.25726 -0.073262 -29.591 1 0 0 0.010434 0.0134079 0.0431696
670 0.830879 0.00840271 0.0268816 0.00182704 0.00193849 0.0231161 7.99275e-05 0.00247893 0.0920706 1.60401 1.45114 1.60716 1.60086 1.05626 -2.54566 -1.04083e-17 -3.46945e-18 0 0 0.238581 0.246013 -0.0696886 -29.5191 1 0 0 0.00908725 0.0113012 0.0397732
675 0.87375 0.00883575 0.0247812 0.00162088 0.00163382 0.0215265 7.22081e-05 0.00248115 0.0927577 1.60604 1.45114 1.60922 1.60287 1.05568 -2.55797 -1.04083e-17 -3.46945e-18 0 0 0.227838 0.235256 -0.066288 -29.457 1 0 0 0.00795275 0.00952312 0.0365543
680 0.91883 0.00929111 0.0228199 0.00144379 0.00137746 0.0199986 6.52356e-05 0.00248338 0.0934447 1.60809 1.45114 1.6113 1.60488 1.05511 -2.571 -1.04083e-17 -3.46945e-18 0 0 0.217544 0.224963 -0.0630531 -29.4043 1 0 0 0.00699348 0.00803105 0.0335141
685 0.966234 0.00976994 0.0209888 0.00129099 0.00116266 0.0185351 5.89371e-05 0.00248561 0.0941318 1.61014 1.45114 1.61339 1.60689 1.05453 -2.58472 -1.04083e-17 -3.46945e-18 0 0 0.207686 0.215111 -0.0599766 -29.3603 1 0 0 0.00617838 0.00678466 0.0306523
690 1.01608 0.0102734 0.01928 0.00115854 0.000983305 0.0171382 5.32464e-05 0.00248785 0.0948189 1.6122 1.45114 1.61549 1.60892 1.05395 -2.59908 -1.04083e-17 -3.46945e-18 0 0 0.19825 0.20568 -0.0570509 -29.3243 1 0 0 0.00548173 0.00574693 0.0279676
695 1.0685 0.0108029 0.0176865 0.00104314 0.000833946 0.0158094 4.81043e-05 0.0024901 0.095506 1.61427 1.45114 1.6176 1.61095 1.05337 -2.61404 -1.04083e-17 -3.46945e-18 0 0 0.189223 0.196649 -0.0542685 -29.2957 1 0 0 0.00488254 0.00488466 0.0254576
700 1.12361 0.0113596 0.0162019 0.000942126 0.000709797 0.01455 4.34572e-05 0.00249236 0.0961931 1.61635 1.45114 1.61972 1.61299 1.05279 -2.62953 -1.04083e-17 -3.46945e-18 0 0 0.18059 0.188 -0.0516219 -29.2737 1 0 0 0.00436379 0.00416865 0.0231191
705 1.18157 0.011945 0.0148205 0.000853294 0.000606698 0.0133606 3.9257e-05 0.00249462 0.0968802 1.61844 1.45114 1.62186 1.61504 1.05221 -2.64553 -1.04083e-17 -3.46945e-18 0 0 0.172337 0.179717 -0.0491041 -29.2578 1 0 0 0.0039118 0.00357366 0.0209476
710 1.24251 0.0125606 0.0135371 0.000774856 0.000521081 0.0122411 3.54602e-05 0.00249688 0.0975673 1.62054 1.45114 1.624 1.61709 1.05163 -2.66199 -1.04083e-17 -3.46945e-18 0 0 0.164448 0.171784 -0.0467081 -29.2473 1 0 0 0.00351563 0.00307827 0.0189381
715 1.3066 0.013208 0.0123466 0.000705351 0.000449911 0.0111913 3.20278e-05 0.00249916 0.0982544 1.62264 1.45114 1.62615 1.61915 1.05105 -2.67886 -1.04083e-17 -3.46945e-18 0 0 0.15691 0.164188 -0.0444274 -29.2417 1 0 0 0.00316653 0.00266449 0.0170847
720 1.37399 0.0138886 0.0112446 0.000643579 0.000390633 0.0102103 2.89249e-05 0.00250144 0.0989415 1.62476 1.45114 1.62831 1.62121 1.05047 -2.69613 -1.04083e-17 -3.46945e-18 0 0 0.149707 0.156915 -0.0422561 -29.2407 1 0 0 0.00285749 0.00231747 0.0153809
725 1.44485 0.0146044 0.0102265 0.000588544 0.000341111 0.00929683 2.61196e-05 0.00250372 0.0996286 1.62688 1.45114 1.63048 1.62328 1.04989 -2.71377 -1.04083e-17 -3.46945e-18 0 0 0.142825 0.149953 -0.0401885 -29.2438 1 0 0 0.00258287 0.00202499 0.0138198
730 1.51936 0.0153571 0.00928808 0.000539414 0.000299578 0.00844909 2.35835e-05 0.00250602 0.100316 1.62901 1.45114 1.63267 1.62536 1.04931 -2.73175 -1.04083e-17 -3.46945e-18 0 0 0.136251 0.143289 -0.0382193 -29.2509 1 0 0 0.00233806 0.00177713 0.0123939
735 1.59771 0.0161485 0.00842513 0.000495484 0.000264581 0.00766506 2.1291e-05 0.00250832 0.101003 1.63115 1.45114 1.63486 1.62745 1.04873 -2.75008 -1.04083e-17 -3.46945e-18 0 0 0.12997 0.136911 -0.0363436 -29.2616 1 0 0 0.00211929 0.00156589 0.0110956
740 1.6801 0.0169807 0.00763345 0.000456148 0.000234933 0.00694237 1.92188e-05 0.00251062 0.10169 1.63329 1.45114 1.63706 1.62954 1.04815 -2.76872 -1.04083e-17 -3.46945e-18 0 0 0.123971 0.130809 -0.0345569 -29.2759 1 0 0 0.00192339 0.00138481 0.00991706
745 1.76674 0.0178558 0.00690893 0.00042088 0.000209668 0.00627838 1.73459e-05 0.00251293 0.102377 1.63545 1.45114 1.63927 1.63163 1.04757 -2.78769 -1.04083e-17 -3.46945e-18 0 0 0.118241 0.124971 -0.032855 -29.2936 1 0 0 0.0017477 0.0012287 0.00885043
750 1.85784 0.018776 0.00624747 0.000389218 0.000188007 0.00567024 1.56535e-05 0.00251525 0.103064 1.63761 1.45114 1.64149 1.63373 1.04699 -2.80698 -1.04083e-17 -3.46945e-18 0 0 0.112767 0.119388 -0.0312339 -29.3145 1 0 0 0.00158991 0.0010934 0.0078878
755 1.95363 0.0197437 0.00564503 0.000360753 0.000169318 0.00511495 1.41244e-05 0.00251757 0.103751 1.63978 1.45114 1.64373 1.63584 1.04641 -2.82658 -1.04083e-17 -3.46945e-18 0 0 0.107539 0.114048 -0.0296898 -29.3386 1 0 0 0.00144802 0.000975545 0.00702141
760 2.05375 0.0201446 0.00510072 0.000335458 0.000153384 0.00461188 1.32588e-05 0.0025199 0.104438 1.64196 1.45114 1.64597 1.63795 1.04583 -2.84657 -1.04083e-17 -3.46945e-18 0 0 0.104623 0.111157 -0.0287734 -29.3668 1 0 0 0.00132845 0.000879939 0.00625479
765 2.15448 0.0201446 0.00465688 0.000317105 0.000143451 0.00419632 1.32053e-05 0.00252223 0.105125 1.64414 1.45114 1.64822 1.64007 1.04525 -2.86806 -1.04083e-17 -3.46945e-18 0 0 0.104905 0.111634 -0.0286721 -29.4101 1 0 0 0.00125514 0.000828321 0.00563472
770 2.2552 0.0201446 0.00430349 0.000303494 0.000137482 0.00386252 1.31597e-05 0.00252457 0.105812 1.64634 1.45114 1.65048 1.64219 1.04468 -2.89089 -1.04083e-17 -3.46945e-18 0 0 0.105205 0.11208 -0.0285855 -29.4667 1 0 0 0.001206 0.000799196 0.00513655
775 2.35592 0.0201446 0.00401934 0.000292533 0.000133526 0.00359328 1.3119e-05 0.00252692 0.1065 1.64854 1.45114 1.65275 1.64432 1.0441 -2.91466 -1.04083e-17 -3.46945e-18 0 0 0.105511 0.112511 -0.0285078 -29.5325 1 0 0 0.00116925 0.000780941 0.00473351
780 2.45665 0.0201446 0.00378935 0.000283214 0.000130661 0.00337547 1.30817e-05 0.00252927 0.107187 1.65075 1.45114 1.65502 1.64646 1.04353 -2.93916 -1.04083e-17 -3.46945e-18 0 0 0.105819 0.112931 -0.0284361 -29.6049 1 0 0 0.00113945 0.000768261 0.00440537
785 2.55737 0.0201446 0.00360244 0.000275015 0.000128429 0.003199 1.30468e-05 0.00253163 0.107874 1.65296 1.45114 1.65731 1.6486 1.04296 -2.96423 -1.04083e-17 -3.46945e-18 0 0 0.106127 0.113344 -0.0283688 -29.6824 1 0 0 0.00111394 0.000758647 0.00413674
790 2.65809 0.0201446 0.00345024 0.000267646 0.000126588 0.00305601 1.30139e-05 0.002534 0.108561 1.65518 1.45114 1.6596 1.65075 1.04239 -2.98978 -1.04083e-17 -3.46945e-18 0 0 0.106434 0.11375 -0.0283048 -29.764 1 0 0 0.00109132 0.000750856 0.00391581
795 2.75881 0.0201446 0.00332632 0.000260927 0.000125006 0.00294039 1.29824e-05 0.00253638 0.109248 1.65741 1.45114 1.6619 1.6529 1.04182 -3.01573 -1.04083e-17 -3.46945e-18 0 0 0.10674 0.11415 -0.0282435 -29.8488 1 0 0 0.00107084 0.000744237 0.00373345
800 2.85954 0.0201446 0.00322564 0.00025474 0.000123605 0.0028473 1.29522e-05 0.00253876 0.109935 1.65965 1.45114 1.66421 1.65506 1.04125 -3.04201 -1.04083e-17 -3.46945e-18 0 0 0.107043 0.114544 -0.0281845 -29.9361 1 0 0 0.00105203 0.000738429 0.0035825
805 2.96026 0.0201446 0.00314423 0.000249 0.000122336 0.00277289 1.29229e-05 0.00254115 0.110622 1.6619 1.45114 1.66653 1.65723 1.04069 -3.06859 -1.04083e-17 -3.46945e-18 0 0 0.107345 0.114932 -0.0281272 -30.0254 1 0 0 0.00103457 0.000733215 0.00345733
810 3.06098 0.0201446 0.00307891 0.000243645 0.000121169 0.0027141 1.28945e-05 0.00254354 0.111309 1.66415 1.45114 1.66886 1.6594 1.04012 -3.09541 -1.04083e-17 -3.46945e-18 0 0 0.107645 0.115316 -0.0280714 -30.1163 1 0 0 0.00101826 0.000728459 0.00335346
815 3.16171 0.0201446 0.00302712 0.000238625 0.00012008 0.00266842 1.28668e-05 0.00254594 0.111996 1.6664 1.45114 1.67119 1.66158 1.03956 -3.12245 -1.04083e-17 -3.46945e-18 0 0 0.107942 0.115694 -0.0280169 -30.2085 1 0 0 0.00100293 0.000724067 0.00326728
820 3.26243 0.0201446 0.00298679 0.0002339 0.000119055 0.00263383 1.28397e-05 0.00254835 0.112683 1.66867 1.45114 1.67353 1.66376 1.039 -3.14968 -1.04083e-17 -3.46945e-18 0 0 0.108237 0.116067 -0.0279634 -30.3017 1 0 0 0.000988456 0.000719973 0.00319589
825 3.36315 0.0201446 0.00295621 0.000229436 0.000118083 0.00260869 1.28131e-05 0.00255077 0.11337 1.67094 1.45114 1.67588 1.66595 1.03843 -3.17707 -1.04083e-17 -3.46945e-18 0 0 0.108529 0.116435 -0.0279107 -30.3955 1 0 0 0.000974736 0.000716127 0.00313692
830 3.46387 0.0201446 0.00293397 0.000225208 0.000117153 0.00259161 1.2787e-05 0.00255319 0.114058 1.67322 1.45114 1.67823 1.66815 1.03787 -3.2046 -1.04083e-17 -3.46945e-18 0 0 0.108819 0.116798 -0.0278587 -30.4899 1 0 0 0.000961685 0.000712493 0.00308842
835 3.5646 0.0201446 0.00291893 0.000221191 0.000116261 0.00258148 1.27612e-05 0.00255562 0.114745 1.6755 1.45114 1.6806 1.67035 1.03731 -3.23225 -1.04083e-17 -3.46945e-18 0 0 0.109107 0.117157 -0.0278072 -30.5845 1 0 0 0.000949234 0.000709039 0.00304879
840 3.66532 0.0201446 0.00291011 0.000217366 0.0001154 0.00257734 1.27357e-05 0.00255805 0.115432 1.67779 1.45114 1.68297 1.67255 1.03675 -3.26 -1.04083e-17 -3.46945e-18 0 0 0.109392 0.117512 -0.0277562 -30.6793 1 0 0 0.000937321 0.00070574 0.00301671
845 3.76604 0.0201446 0.00290669 0.000213717 0.000114566 0.00257841 1.27106e-05 0.0025605 0.116119 1.68009 1.45114 1.68534 1.67477 1.0362 -3.28785 -1.04083e-17 -3.46945e-18 0 0 0.109674 0.117862 -0.0277055 -30.7741 1 0 0 0.000925896 0.000702576 0.00299106
850 3.86676 0.0201446 0.002908 0.000210229 0.000113754 0.00258402 1.26857e-05 0.00256294 0.116806 1.6824 1.45114 1.68773 1.67699 1.03564 -3.31578 -1.04083e-17 -3.46945e-18 0 0 0.109953 0.118208 -0.027655 -30.8688 1 0 0 0.000914916 0.000699529 0.00297092
855 3.96749 0.0201446 0.00291346 0.000206889 0.000112963 0.00259361 1.2661e-05 0.0025654 0.117493 1.68471 1.45114 1.69012 1.67921 1.03508 -3.34377 -1.04083e-17 -3.46945e-18 0 0 0.11023 0.118549 -0.0276047 -30.9634 1 0 0 0.000904341 0.000696584 0.0029555
860 4.06821 0.0201446 0.00292257 0.000203688 0.000112188 0.0026067 1.26365e-05 0.00256786 0.11818 1.68702 1.45114 1.69252 1.68144 1.03453 -3.37182 -1.04083e-17 -3.46945e-18 0 0 0.110504 0.118887 -0.0275544 -31.0576 1 0 0 0.000894138 0.000693727 0.00294415
865 4.16893 0.0201446 0.00293493 0.000200614 0.000111429 0.00262288 1.26121e-05 0.00257032 0.118867 1.68935 1.45114 1.69492 1.68368 1.03397 -3.39993 -1.04083e-17 -3.46945e-18 0 0 0.110776 0.11922 -0.0275042 -31.1515 1 0 0 0.000884279 0.000690947 0.00293631
870 4.26966 0.0201446 0.00295016 0.000197659 0.000110682 0.00264182 1.25879e-05 0.0025728 0.119554 1.69167 1.45114 1.69733 1.68592 1.03342 -3.42807 -1.04083e-17 -3.46945e-18 0 0 0.111045 0.119549 -0.027454 -31.245 1 0 0 0.000874736 0.000688234 0.00293149
875 4.37038 0.0201446 0.00296796 0.000194817 0.000109946 0.0026632 1.25639e-05 0.00257528 0.120241 1.69401 1.45114 1.69975 1.68816 1.03287 -3.45626 -1.04083e-17 -3.46945e-18 0 0 0.111311 0.119874 -0.0274038 -31.338 1 0 0 0.000865489 0.000685577 0.00292929
880 4.4711 0.0201446 0.00298808 0.000192079 0.000109219 0.00268678 1.254e-05 0.00257776 0.120929 1.69635 1.45114 1.70218 1.69041 1.03232 -3.48447 -1.04083e-17 -3.46945e-18 0 0 0.111575 0.120196 -0.0273534 -31.4305 1 0 0 0.000856515 0.000682969 0.00292936
885 4.57182 0.0201446 0.00301028 0.000189441 0.000108501 0.00271234 1.25161e-05 0.00258025 0.121616 1.6987 1.45114 1.70461 1.69267 1.03177 -3.51271 -1.04083e-17 -3.46945e-18 0 0 0.111836 0.120513 -0.0273029 -31.5225 1 0 0 0.000847797 0.000680403 0.00293141
890 4.67255 0.0201446 0.00303436 0.000186896 0.00010779 0.00273968 1.24924e-05 0.00258275 0.122303 1.70105 1.45114 1.70704 1.69493 1.03122 -3.54097 -1.04083e-17 -3.46945e-18 0 0 0.112094 0.120827 -0.0272522 -31.6139 1 0 0 0.000839318 0.000677871 0.00293517
895 4.77327 0.0201446 0.00306016 0.000184439 0.000107084 0.00276864 1.24688e-05 0.00258525 0.12299 1.70341 1.45114 1.70949 1.6972 1.03067 -3.56924 -1.04083e-17 -3.46945e-18 0 0 0.11235 0.121136 -0.0272013 -31.7047 1 0 0 0.000831064 0.000675368 0.00294042
900 4.87399 0.0201446 0.00308753 0.000182067 0.000106384 0.00279908 1.24453e-05 0.00258776 0.123677 1.70577 1.45114 1.71194 1.69947 1.03013 -3.59753 -1.04083e-17 -3.46945e-18 0 0 0.112603 0.121442 -0.0271502 -31.7949 1 0 0 0.000823022 0.000672888 0.00294697
905 4.97472 0.0201446 0.00311634 0.000179775 0.000105688 0.00283087 1.24218e-05 0.00259028 0.124364 1.70814 1.45114 1.71439 1.70175 1.02958 -3.62583 -1.04083e-17 -3.46945e-18 0 0 0.112854 0.121745 -0.0270989 -31.8845 1 0 0 0.000815179 0.000670427 0.00295464
910 5.07544 0.0201446 0.00314647 0.000177559 0.000104995 0.00286392 1.23984e-05 0.0025928 0.125051 1.71052 1.45114 1.71685 1.70403 1.02904 -3.65413 -1.04083e-17 -3.46945e-18 0 0 0.113102 0.122043 -0.0270473 -31.9733 1 0 0 0.000807523 0.000667979 0.00296331
915 5.17616 0.0201446 0.00317783 0.000175415 0.000104306 0.00289811 1.23751e-05 0.00259532 0.125738 1.7129 1.45114 1.71932 1.70632 1.02849 -3.68243 -1.04083e-17 -3.46945e-18 0 0 0.113348 0.122338 -0.0269955 -32.0616 1 0 0 0.000800047 0.000665543 0.00297283
920 5.27688 0.0201446 0.00321034 0.000173341 0.000103619 0.00293338 1.23519e-05 0.00259786 0.126425 1.71528 1.45114 1.7218 1.70861 1.02795 -3.71074 -1.04083e-17 -3.46945e-18 0 0 0.113591 0.122629 -0.0269433 -32.1491 1 0 0 0.000792739 0.000663113 0.0029831
925 5.37761 0.0201446 0.00324391 0.000171334 0.000102933 0.00296964 1.23287e-05 0.00260039 0.127112 1.71767 1.45114 1.72427 1.71091 1.02741 -3.73905 -1.04083e-17 -3.46945e-18 0 0 0.113832 0.122917 -0.0268909 -32.2359 1 0 0 0.000785592 0.000660686 0.00299402
930 5.47833 0.0201446 0.00327849 0.00016939 0.00010225 0.00300685 1.23056e-05 0.00260293 0.127799 1.72007 1.45114 1.72676 1.71321 1.02687 -3.76735 -1.04083e-17 -3.46945e-18 0 0 0.11407 0.123201 -0.0268382 -32.3221 1 0 0 0.000778597 0.000658261 0.00300552
935 5.57905 0.0201446 0.00331401 0.000167508 0.000101568 0.00304494 1.22825e-05 0.00260548 0.128487 1.72247 1.45114 1.72925 1.71552 1.02633 -3.79564 -1.04083e-17 -3.46945e-18 0 0 0.114306 0.123482 -0.0267851 -32.4075 1 0 0 0.000771749 0.000655834 0.0030175
940 5.67977 0.0201446 0.00335043 0.000165685 0.000100887 0.00308386 1.22595e-05 0.00260804 0.129174 1.72488 1.45114 1.73175 1.71783 1.02579 -3.82393 -1.04083e-17 -3.46945e-18 0 0 0.114539 0.123759 -0.0267318 -32.4923 1 0 0 0.000765039 0.000653403 0.00302992
945 5.7805 0.0201446 0.0033877 0.000163918 0.000100207 0.00312358 1.22365e-05 0.00261059 0.129861 1.72729 1.45114 1.73425 1.72015 1.02525 -3.85221 -1.04083e-17 -3.46945e-18 0 0 0.11477 0.124033 -0.0266781 -32.5763 1 0 0 0.000758463 0.000650966 0.00304271
950 5.88122 0.0201446 0.00342579 0.000162206 9.95275e-05 0.00316406 1.22136e-05 0.00261316 0.130548 1.72971 1.45114 1.73676 1.72247 1.02472 -3.88048 -1.04083e-17 -3.46945e-18 0 0 0.114999 0.124303 -0.0266241 -32.6596 1 0 0 0.000752014 0.000648522 0.00305583
955 5.98194 0.0201446 0.00346465 0.000160546 9.88486e-05 0.00320526 1.21908e-05 0.00261573 0.131235 1.73213 1.45114 1.73927 1.72479 1.02418 -3.90873 -1.04083e-17 -3.46945e-18 0 0 0.115226 0.12457 -0.0265697 -32.7422 1 0 0 0.000745688 0.000646069 0.00306922
960 6.08267 0.0201446 0.00350427 0.000158937 9.81702e-05 0.00324716 1.2168e-05 0.0026183 0.131922 1.73456 1.45114 1.74179 1.72712 1.02365 -3.93697 -1.04083e-17 -3.46945e-18 0 0 0.11545 0.124834 -0.0265151 -32.8241 1 0 0 0.000739479 0.000643605 0.00308286
965 6.18339 0.0201446 0.0035446 0.000157378 9.74922e-05 0.00328973 1.21453e-05 0.00262088 0.132609 1.73699 1.45114 1.74431 1.72946 1.02311 -3.9652 -1.04083e-17 -3.46945e-18 0 0 0.115671 0.125094 -0.0264601 -32.9052 1 0 0 0.000733384 0.00064113 0.0030967
970 6.28411 0.0201446 0.00358564 0.000155866 9.68145e-05 0.00333296 1.21226e-05 0.00262347 0.133296 1.73943 1.45114 1.74684 1.73179 1.02258 -3.9934 -1.04083e-17 -3.46945e-18 0 0 0.115891 0.125352 -0.0264048 -32.9857 1 0 0 0.000727398 0.000638643 0.00311072
975 6.38483 0.0201446 0.00362735 0.000154399 9.6137e-05 0.00337681 1.21e-05 0.00262606 0.133983 1.74187 1.45114 1.74938 1.73414 1.02205 -4.02159 -1.04083e-17 -3.46945e-18 0 0 0.116108 0.125605 -0.0263491 -33.0654 1 0 0 0.000721516 0.000636142 0.00312488
980 6.48556 0.0201446 0.00366972 0.000152978 9.54599e-05 0.00342129 1.20774e-05 0.00262865 0.13467 1.74432 1.45114 1.75191 1.73648 1.02152 -4.04976 -1.04083e-17 -3.46945e-18 0 0 0.116323 0.125856 -0.0262932 -33.1444 1 0 0 0.000715737 0.000633627 0.00313917
985 6.58628 0.0201446 0.00371274 0.000151599 9.47831e-05 0.00346636 1.20549e-05 0.00263125 0.135357 1.74677 1.45114 1.75446 1.73884 1.02099 -4.07792 -1.04083e-17 -3.46945e-18 0 0 0.116536 0.126103 -0.0262369 -33.2228 1 0 0 0.000710055 0.000631097 0.00315357
990 6.687 0.0201446 0.0037564 0.000150262 9.41066e-05 0.00351203 1.20324e-05 0.00263385 0.136045 1.74922 1.45114 1.75701 1.74119 1.02047 -4.10605 -1.04083e-17 -3.46945e-18 0 0 0.116746 0.126348 -0.0261803 -33.3004 1 0 0 0.000704469 0.000628552 0.00316805
995 6.78773 0.0201446 0.00380066 0.000148966 9.34305e-05 0.00355827 1.201e-05 0.00263646 0.136732 1.75168 1.45114 1.75956 1.74355 1.01994 -4.13415 -1.04083e-17 -3.46945e-18 0 0 0.116955 0.126589 -0.0261234 -33.3773 1 0 0 0.000698975 0.000625992 0.0031826
1000 6.88845 0.0201446 0.00384554 0.000147709 9.27549e-05 0.00360508 1.19876e-05 0.00263907 0.137419 1.75415 1.45114 1.76212 1.74592 1.01942 -4.16224 -1.04083e-17 -3.46945e-18 0 0 0.117161 0.126827 -0.0260662 -33.4535 1 0 0 0.000693571 0.000623416 0.0031972
1005 6.98917 0.0201446 0.00389102 0.00014649 9.20797e-05 0.00365245 1.19653e-05 0.00264169 0.138106 1.75662 1.45114 1.76468 1.74829 1.01889 -4.1903 -1.04083e-17 -3.46945e-18 0 0 0.117365 0.127062 -0.0260086 -33.529 1 0 0 0.000688253 0.000620824 0.00321184
1010 7.08989 0.0201446 0.00393709 0.000145308 9.14052e-05 0.00370037 1.1943e-05 0.00264431 0.138793 1.75909 1.45114 1.76725 1.75066 1.01837 -4.21833 -1.04083e-17 -3.46945e-18 0 0 0.117567 0.127294 -0.0259508 -33.6038 1 0 0 0.000683021 0.000618216 0.0032265
1015 7.19062 0.0201446 0.00398374 0.000144163 9.07314e-05 0.00374884 1.19208e-05 0.00264694 0.13948 1.76157 1.45114 1.76983 1.75304 1.01785 -4.24634 -1.04083e-17 -3.46945e-18 0 0 0.117767 0.127523 -0.0258927 -33.678 1 0 0 0.000677871 0.000615593 0.00324119
1020 7.29134 0.0201446 0.00403096 0.000143052 9.00584e-05 0.00379785 1.18986e-05 0.00264957 0.140167 1.76405 1.45114 1.7724 1.75542 1.01733 -4.27433 -1.04083e-17 -3.46945e-18 0 0 0.117965 0.127749 -0.0258343 -33.7514 1 0 0 0.000672802 0.000612953 0.00325588
1025 7.39206 0.0201446 0.00407876 0.000141976 8.93863e-05 0.0038474 1.18765e-05 0.00265221 0.140854 1.76654 1.45114 1.77499 1.7578 1.01681 -4.30228 -1.04083e-17 -3.46945e-18 0 0 0.11816 0.127972 -0.0257756 -33.8242 1 0 0 0.000667811 0.000610297 0.00327057
1030 7.49278 0.0201446 0.00412713 0.000140933 8.87152e-05 0.00389748 1.18544e-05 0.00265485 0.141541 1.76903 1.45114 1.77757 1.76019 1.01629 -4.33021 -1.04083e-17 -3.46945e-18 0 0 0.118354 0.128192 -0.0257167 -33.8962 1 0 0 0.000662897 0.000607625 0.00328526
1035 7.59351 0.0201446 0.00417605 0.000139922 8.80452e-05 0.00394809 1.18324e-05 0.00265749 0.142228 1.77152 1.45114 1.78016 1.76258 1.01577 -4.35811 -1.04083e-17 -3.46945e-18 0 0 0.118545 0.128409 -0.0256574 -33.9676 1 0 0 0.000658058 0.000604938 0.00329992
1040 7.69423 0.0201446 0.00422554 0.000138942 8.73765e-05 0.00399922 1.18105e-05 0.00266014 0.142915 1.77402 1.45114 1.78276 1.76498 1.01526 -4.38598 -1.04083e-17 -3.46945e-18 0 0 0.118735 0.128624 -0.025598 -34.0384 1 0 0 0.000653292 0.000602235 0.00331457
1045 7.79495 0.0201446 0.00427558 0.000137994 8.67092e-05 0.00405088 1.17886e-05 0.0026628 0.143603 1.77652 1.45114 1.78536 1.76738 1.01474 -4.41382 -1.04083e-17 -3.46945e-18 0 0 0.118923 0.128835 -0.0255382 -34.1084 1 0 0 0.000648599 0.000599518 0.00332918
1050 7.89568 0.0201446 0.00432617 0.000137075 8.60434e-05 0.00410306 1.17667e-05 0.00266545 0.14429 1.77903 1.45114 1.78796 1.76978 1.01423 -4.44163 -1.04083e-17 -3.46945e-18 0 0 0.119108 0.129044 -0.0254782 -34.1778 1 0 0 0.000643976 0.000596786 0.00334376
1055 7.9964 0.0201446 0.00437732 0.000136185 8.53792e-05 0.00415575 1.17449e-05 0.00266811 0.144977 1.78154 1.45114 1.79057 1.77219 1.01372 -4.46941 -1.04083e-17 -3.46945e-18 0 0 0.119292 0.12925 -0.025418 -34.2466 1 0 0 0.000639422 0.00059404 0.00335831
1060 8.09712 0.0201446 0.00442901 0.000135324 8.47168e-05 0.00420897 1.17232e-05 0.00267078 0.145664 1.78406 1.45114 1.79318 1.7746 1.01321 -4.49715 -1.04083e-17 -3.46945e-18 0 0 0.119474 0.129453 -0.0253575 -34.3147 1 0 0 0.000634936 0.00059128 0.00337281
1065 8.19784 0.0201446 0.00448125 0.00013449 8.40563e-05 0.00426271 1.17015e-05 0.00267345 0.146351 1.78658 1.45114 1.7958 1.77701 1.0127 -4.52486 -1.04083e-17 -3.46945e-18 0 0 0.119654 0.129653 -0.0252969 -34.3821 1 0 0 0.000630518 0.000588506 0.00338727
1070 8.29857 0.0201446 0.00453404 0.000133683 8.33979e-05 0.00431696 1.16798e-05 0.00267612 0.147038 1.7891 1.45114 1.79842 1.77943 1.01219 -4.55254 -1.04083e-17 -3.46945e-18 0 0 0.119832 0.129851 -0.025236 -34.4489 1 0 0 0.000626165 0.00058572 0.00340168
1075 8.39929 0.0201446 0.00458737 0.000132902 8.27416e-05 0.00437173 1.16583e-05 0.0026788 0.147725 1.79163 1.45114 1.80104 1.78185 1.01168 -4.58018 -1.04083e-17 -3.46945e-18 0 0 0.120008 0.130046 -0.0251749 -34.5151 1 0 0 0.000621876 0.000582922 0.00341603
1080 8.50001 0.0201446 0.00464125 0.000132147 8.20876e-05 0.00442701 1.16367e-05 0.00268148 0.148412 1.79416 1.45114 1.80367 1.78428 1.01118 -4.60779 -1.04083e-17 -3.46945e-18 0 0 0.120182 0.130239 -0.0251136 -34.5806 1 0 0 0.000617652 0.000580111 0.00343033
1085 8.60074 0.0201446 0.00469567 0.000131417 8.1436e-05 0.00448282 1.16152e-05 0.00268417 0.149099 1.79669 1.45114 1.8063 1.78671 1.01067 -4.63537 -1.04083e-17 -3.46945e-18 0 0 0.120354 0.130428 -0.025052 -34.6455 1 0 0 0.00061349 0.00057729 0.00344457
1090 8.70146 0.0201446 0.00475063 0.000130711 8.0787e-05 0.00453913 1.15938e-05 0.00268685 0.149786 1.79923 1.45114 1.80894 1.78914 1.01017 -4.66291 -1.04083e-17 -3.46945e-18 0 0 0.120525 0.130616 -0.0249904 -34.7098 1 0 0 0.00060939 0.000574458 0.00345876
1095 8.80218 0.0201446 0.00480614 0.000130029 8.01407e-05 0.00459597 1.15725e-05 0.00268955 0.150474 1.80177 1.45114 1.81158 1.79158 1.00967 -4.69041 -1.04083e-17 -3.46945e-18 0 0 0.120693 0.1308 -0.0249285 -34.7735 1 0 0 0.000605351 0.000571616 0.00347288
1100 8.9029 0.0201446 0.00486218 0.00012937 7.94973e-05 0.00465332 1.15511e-05 0.00269224 0.151161 1.80431 1.45114 1.81422 1.79402 1.00917 -4.71787 -1.04083e-17 -3.46945e-18 0 0 0.12086 0.130982 -0.0248665 -34.8365 1 0 0 0.000601372 0.000568764 0.00348693
1105 9.00363 0.0201446 0.00491877 0.000128733 7.88567e-05 0.00471118 1.15299e-05 0.00269494 0.151848 1.80686 1.45114 1.81687 1.79646 1.00867 -4.7453 -1.04083e-17 -3.46945e-18 0 0 0.121026 0.131162 -0.0248043 -34.8989 1 0 0 0.000597452 0.000565903 0.00350092
1110 9.10435 0.0201446 0.0049759 0.000128119 7.82193e-05 0.00476957 1.15087e-05 0.00269765 0.152535 1.80941 1.45114 1.81952 1.7989 1.00817 -4.77269 -1.04083e-17 -3.46945e-18 0 0 0.121189 0.131339 -0.0247419 -34.9607 1 0 0 0.000593591 0.000563035 0.00351484
1115 9.20507 0.0201446 0.00503358 0.000127525 7.7585e-05 0.00482847 1.14875e-05 0.00270035 0.153222 1.81197 1.45114 1.82217 1.80135 1.00767 -4.80004 -1.04083e-17 -3.46945e-18 0 0 0.121351 0.131513 -0.0246794 -35.0219 1 0 0 0.000589788 0.000560159 0.00352869
1120 9.30579 0.0201446 0.0050918 0.000126953 7.69541e-05 0.00488789 1.14664e-05 0.00270306 0.153909 1.81452 1.45114 1.82483 1.80381 1.00718 -4.82736 -1.04083e-17 -3.46945e-18 0 0 0.121511 0.131685 -0.0246168 -35.0826 1 0 0 0.000586042 0.000557276 0.00354247
1125 9.40652 0.0201446 0.00515056 0.000126401 7.63266e-05 0.00494783 1.14454e-05 0.00270578 0.154596 1.81708 1.45114 1.82749 1.80626 1.00668 -4.85463 -1.04083e-17 -3.46945e-18 0 0 0.121669 0.131855 -0.024554 -35.1426 1 0 0 0.000582353 0.000554386 0.00355618
1130 9.50724 0.0201446 0.00520986 0.000125868 7.57026e-05 0.00500829 1.14244e-05 0.00270849 0.155283 1.81965 1.45114 1.83015 1.80872 1.00619 -4.88186 -1.04083e-17 -3.46945e-18 0 0 0.121825 0.132022 -0.0244911 -35.202 1 0 0 0.000578719 0.000551492 0.00356982
1135 9.60796 0.0201446 0.00526971 0.000125355 7.50823e-05 0.00506927 1.14035e-05 0.00271122 0.15597 1.82222 1.45114 1.83282 1.81118 1.0057 -4.90906 -1.04083e-17 -3.46945e-18 0 0 0.12198 0.132187 -0.0244281 -35.2608 1 0 0 0.000575141 0.000548592 0.00358338
1140 9.70869 0.0201446 0.0053301 0.000124861 7.44657e-05 0.00513077 1.13827e-05 0.00271394 0.156657 1.82479 1.45114 1.83549 1.81365 1.0052 -4.93621 -1.04083e-17 -3.46945e-18 0 0 0.122134 0.132349 -0.024365 -35.3191 1 0 0 0.000571617 0.000545688 0.00359686
1145 9.80941 0.0201446 0.00539103 0.000124385 7.38529e-05 0.0051928 1.13618e-05 0.00271667 0.157344 1.82736 1.45114 1.83817 1.81611 1.00472 -4.96332 -1.04083e-17 -3.46945e-18 0 0 0.122285 0.132509 -0.0243018 -35.3768 1 0 0 0.000568147 0.000542781 0.00361027
1150 9.91013 0.0201446 0.00545251 0.000123926 7.32442e-05 0.00525534 1.13411e-05 0.0027194 0.158032 1.82994 1.45114 1.84084 1.81859 1.00423 -4.99039 -1.04083e-17 -3.46945e-18 0 0 0.122435 0.132667 -0.0242385 -35.4339 1 0 0 0.00056473 0.000539871 0.0036236
1155 10.0109 0.0201446 0.00551454 0.000123485 7.26394e-05 0.00531841 1.13204e-05 0.00272213 0.158719 1.83252 1.45114 1.84352 1.82106 1.00374 -5.01742 -1.04083e-17 -3.46945e-18 0 0 0.122584 0.132822 -0.0241751 -35.4905 1 0 0 0.000561366 0.000536959 0.00363686
1160 10.1116 0.0201446 0.00557711 0.000123061 7.20389e-05 0.00538201 1.12998e-05 0.00272487 0.159406 1.8351 1.45114 1.84621 1.82354 1.00325 -5.04441 -1.04083e-17 -3.46945e-18 0 0 0.12273 0.132976 -0.0241116 -35.5464 1 0 0 0.000558054 0.000534045 0.00365003
1165 10.2123 0.0201446 0.00564023 0.000122653 7.14425e-05 0.00544613 1.12792e-05 0.00272761 0.160093 1.83769 1.45114 1.84889 1.82602 1.00277 -5.07135 -1.04083e-17 -3.46945e-18 0 0 0.122876 0.133127 -0.024048 -35.6019 1 0 0 0.000554794 0.00053113 0.00366313
1170 10.313 0.0201446 0.00570389 0.000122261 7.08504e-05 0.00551078 1.12587e-05 0.00273035 0.16078 1.84028 1.45114 1.85158 1.8285 1.00229 -5.09825 -1.04083e-17 -3.46945e-18 0 0 0.123019 0.133275 -0.0239844 -35.6567 1 0 0 0.000551584 0.000528216 0.00367615
1175 10.4137 0.0201446 0.00576811 0.000121884 7.02628e-05 0.00557596 1.12382e-05 0.0027331 0.161467 1.84287 1.45114 1.85427 1.83099 1.00181 -5.12511 -1.04083e-17 -3.46945e-18 0 0 0.123161 0.133422 -0.0239208 -35.7111 1 0 0 0.000548425 0.000525302 0.00368908
1180 10.5145 0.0201446 0.00583287 0.000121523 6.96796e-05 0.00564167 1.12178e-05 0.00273585 0.162154 1.84547 1.45114 1.85697 1.83347 1.00132 -5.15192 -1.04083e-17 -3.46945e-18 0 0 0.123302 0.133566 -0.0238571 -35.7648 1 0 0 0.000545316 0.000522389 0.00370194
1185 10.6152 0.0201446 0.00589818 0.000121176 6.91009e-05 0.0057079 1.11975e-05 0.0027386 0.162841 1.84807 1.45114 1.85967 1.83596 1.00085 -5.17869 -1.04083e-17 -3.46945e-18 0 0 0.123441 0.133708 -0.0237933 -35.8181 1 0 0 0.000542256 0.000519478 0.00371471
1190 10.7159 0.0201446 0.00596404 0.000120843 6.85268e-05 0.00577467 1.11772e-05 0.00274135 0.163528 1.85067 1.45114 1.86237 1.83846 1.00037 -5.20542 -1.04083e-17 -3.46945e-18 0 0 0.123579 0.133848 -0.0237295 -35.8708 1 0 0 0.000539245 0.000516569 0.00372741
1195 10.8166 0.0201446 0.00603044 0.000120523 6.79574e-05 0.00584196 1.1157e-05 0.00274411 0.164215 1.85327 1.45114 1.86507 1.84096 0.999891 -5.2321 -1.04083e-17 -3.46945e-18 0 0 0.123715 0.133986 -0.0236657 -35.9229 1 0 0 0.000536283 0.000513664 0.00374002
1200 10.9174 0.0201446 0.0060974 0.000120217 6.73926e-05 0.00590979 1.11369e-05 0.00274687 0.164902 1.85588 1.45114 1.86778 1.84346 0.999415 -5.25873 -1.04083e-17 -3.46945e-18 0 0 0.12385 0.134122 -0.0236019 -35.9746 1 0 0 0.000533368 0.000510762 0.00375255
1205 11.0181 0.0201446 0.00616491 0.000119924 6.68327e-05 0.00597815 1.11168e-05 0.00274964 0.16559 1.85849 1.45114 1.87049 1.84596 0.998941 -5.28532 -1.04083e-17 -3.46945e-18 0 0 0.123983 0.134255 -0.023538 -36.0257 1 0 0 0.0005305 0.000507865 0.003765
1210 11.1188 0.0201446 0.00623297 0.000119643 6.62776e-05 0.00604705 1.10967e-05 0.0027524 0.166277 1.8611 1.45114 1.8732 1.84846 0.998468 -5.31186 -1.04083e-17 -3.46945e-18 0 0 0.124115 0.134387 -0.0234742 -36.0763 1 0 0 0.000527678 0.000504972 0.00377736
1215 11.2195 0.0201446 0.00630158 0.000119375 6.57273e-05 0.00611648 1.10768e-05 0.00275517 0.166964 1.86371 1.45114 1.87592 1.85097 0.997997 -5.33836 -1.04083e-17 -3.46945e-18 0 0 0.124245 0.134517 -0.0234103 -36.1263 1 0 0 0.000524903 0.000502085 0.00378964
1220 11.3203 0.0201446 0.00637074 0.000119118 6.51819e-05 0.00618645 1.10568e-05 0.00275795 0.167651 1.86633 1.45114 1.87863 1.85348 0.997526 -5.36481 -1.04083e-17 -3.46945e-18 0 0 0.124374 0.134644 -0.0233465 -36.1759 1 0 0 0.000522173 0.000499205 0.00380184
1225 11.421 0.0201446 0.00644046 0.000118872 6.46414e-05 0.00625695 1.1037e-05 0.00276072 0.168338 1.86895 1.45114 1.88135 1.85599 0.997057 -5.39122 -1.04083e-17 -3.46945e-18 0 0 0.124501 0.13477 -0.0232826 -36.2249 1 0 0 0.000519488 0.00049633 0.00381395
1230 11.5217 0.0201446 0.00651073 0.000118637 6.4106e-05 0.00632799 1.10172e-05 0.0027635 0.169025 1.87157 1.45114 1.88408 1.85851 0.99659 -5.41757 -1.04083e-17 -3.46945e-18 0 0 0.124628 0.134893 -0.0232188 -36.2735 1 0 0 0.000516847 0.000493463 0.00382598
1235 11.6224 0.0201446 0.00658155 0.000118412 6.35755e-05 0.00639956 1.09975e-05 0.00276628 0.169712 1.87419 1.45114 1.8868 1.86103 0.996123 -5.44388 -1.04083e-17 -3.46945e-18 0 0 0.124752 0.135015 -0.023155 -36.3215 1 0 0 0.00051425 0.000490604 0.00383793
1240 11.7231 0.0201446 0.00665293 0.000118198 6.305e-05 0.00647168 1.09778e-05 0.00276906 0.170399 1.87682 1.45114 1.88953 1.86355 0.995658 -5.47014 -1.04083e-17 -3.46945e-18 0 0 0.124876 0.135135 -0.0230912 -36.3691 1 0 0 0.000511697 0.000487753 0.0038498
1245 11.8239 0.0201446 0.00672485 0.000117993 6.25296e-05 0.00654433 1.09582e-05 0.00277185 0.171086 1.87945 1.45114 1.89226 1.86607 0.995194 -5.49636 -1.04083e-17 -3.46945e-18 0 0 0.124998 0.135252 -0.0230275 -36.4161 1 0 0 0.000509186 0.000484911 0.00386158
1250 11.9246 0.0201446 0.00679734 0.000117797 6.20142e-05 0.00661752 1.09387e-05 0.00277463 0.171773 1.88208 1.45114 1.89499 1.86859 0.994731 -5.52252 -1.04083e-17 -3.46945e-18 0 0 0.125119 0.135368 -0.0229638 -36.4627 1 0 0 0.000506718 0.000482078 0.00387327
1255 12.0253 0.0201446 0.00687037 0.000117611 6.15039e-05 0.00669126 1.09192e-05 0.00277742 0.172461 1.88472 1.45114 1.89772 1.87112 0.99427 -5.54864 -1.04083e-17 -3.46945e-18 0 0 0.125238 0.135482 -0.0229001 -36.5088 1 0 0 0.00050429 0.000479254 0.00388489
1260 12.126 0.0201446 0.00694396 0.000117433 6.09987e-05 0.00676553 1.08998e-05 0.00278022 0.173148 1.88735 1.45114 1.90046 1.87365 0.99381 -5.57471 -1.04083e-17 -3.46945e-18 0 0 0.125357 0.135594 -0.0228365 -36.5544 1 0 0 0.000501904 0.000476441 0.00389642
1265 12.2268 0.0201446 0.00701811 0.000117263 6.04985e-05 0.00684035 1.08805e-05 0.00278301 0.173835 1.88999 1.45114 1.9032 1.87618 0.993351 -5.60073 -1.04083e-17 -3.46945e-18 0 0 0.125474 0.135704 -0.0227729 -36.5995 1 0 0 0.000499559 0.000473638 0.00390786
1270 12.3275 0.0201446 0.00709281 0.000117101 6.00035e-05 0.00691571 1.08612e-05 0.00278581 0.174522 1.89263 1.45114 1.90594 1.87872 0.992894 -5.62669 -1.04083e-17 -3.46945e-18 0 0 0.125589 0.135813 -0.0227095 -36.6442 1 0 0 0.000497253 0.000470847 0.00391922
1275 12.4282 0.0201446 0.00716807 0.000116947 5.95135e-05 0.00699161 1.0842e-05 0.00278861 0.175209 1.89527 1.45114 1.90868 1.88125 0.992438 -5.65261 -1.04083e-17 -3.46945e-18 0 0 0.125704 0.135919 -0.022646 -36.6884 1 0 0 0.000494987 0.000468066 0.0039305
1280 12.5289 0.0201446 0.00724388 0.0001168 5.90286e-05 0.00706805 1.08229e-05 0.00279141 0.175896 1.89792 1.45114 1.91143 1.88379 0.991983 -5.67848 -1.04083e-17 -3.46945e-18 0 0 0.125817 0.136024 -0.0225827 -36.7321 1 0 0 0.000492759 0.000465298 0.0039417
1285 12.6296 0.0201446 0.00732024 0.000116659 5.85488e-05 0.00714503 1.08038e-05 0.00279421 0.176583 1.90057 1.45114 1.91418 1.88634 0.991529 -5.70431 -1.04083e-17 -3.46945e-18 0 0 0.125929 0.136127 -0.0225194 -36.7754 1 0 0 0.00049057 0.000462542 0.00395281
1290 12.7304 0.0201446 0.00739716 0.000116526 5.8074e-05 0.00722256 1.07848e-05 0.00279702 0.17727 1.90322 1.45114 1.91693 1.88888 0.991077 -5.73008 -1.04083e-17 -3.46945e-18 0 0 0.126039 0.136228 -0.0224562 -36.8182 1 0 0 0.000488418 0.000459798 0.00396383
1295 12.8311 0.0201446 0.00747464 0.000116398 5.76043e-05 0.00730064 1.07659e-05 0.00279983 0.177957 1.90587 1.45114 1.91968 1.89143 0.990626 -5.75579 -1.04083e-17 -3.46945e-18 0 0 0.126149 0.136328 -0.0223931 -36.8605 1 0 0 0.000486303 0.000457067 0.00397478
1300 12.9318 0.0201446 0.00755267 0.000116276 5.71396e-05 0.00737925 1.0747e-05 0.00280264 0.178644 1.90852 1.45114 1.92243 1.89397 0.990176 -5.78146 -1.04083e-17 -3.46945e-18 0 0 0.126257 0.136426 -0.0223301 -36.9024 1 0 0 0.000484224 0.000454349 0.00398564
1305 13.0325 0.0201446 0.00763126 0.000116159 5.66799e-05 0.00745842 1.07282e-05 0.00280546 0.179331 1.91118 1.45114 1.92519 1.89652 0.989727 -5.80708 -1.04083e-17 -3.46945e-18 0 0 0.126364 0.136522 -0.0222672 -36.9438 1 0 0 0.000482181 0.000451645 0.00399642
1310 13.1333 0.0201446 0.0077104 0.000116048 5.62251e-05 0.00753812 1.07095e-05 0.00280827 0.180019 1.91384 1.45114 1.92794 1.89908 0.98928 -5.83265 -1.04083e-17 -3.46945e-18 0 0 0.12647 0.136616 -0.0222044 -36.9848 1 0 0 0.000480174 0.000448954 0.00400711
1315 13.234 0.0201446 0.00779009 0.000115942 5.57754e-05 0.00761838 1.06908e-05 0.00281109 0.180706 1.9165 1.45114 1.9307 1.90163 0.988834 -5.85816 -1.04083e-17 -3.46945e-18 0 0 0.126575 0.136709 -0.0221417 -37.0254 1 0 0 0.000478201 0.000446277 0.00401773
1320 13.3347 0.0201446 0.00787034 0.00011584 5.53306e-05 0.00769917 1.06722e-05 0.00281391 0.181393 1.91916 1.45114 1.93346 1.90419 0.988389 -5.88363 -1.04083e-17 -3.46945e-18 0 0 0.126679 0.1368 -0.0220791 -37.0655 1 0 0 0.000476262 0.000443615 0.00402825
1325 13.4354 0.0201446 0.00795115 0.000115742 5.48906e-05 0.00778051 1.06537e-05 0.00281673 0.18208 1.92182 1.45114 1.93623 1.90675 0.987945 -5.90904 -1.04083e-17 -3.46945e-18 0 0 0.126782 0.136889 -0.0220166 -37.1052 1 0 0 0.000474356 0.000440967 0.0040387
1330 13.5362 0.0201446 0.00803251 0.000115648 5.44556e-05 0.0078624 1.06352e-05 0.00281955 0.182767 1.92449 1.45114 1.93899 1.90931 0.987503 -5.9344 -1.04083e-17 -3.46945e-18 0 0 0.126883 0.136977 -0.0219542 -37.1445 1 0 0 0.000472484 0.000438334 0.00404907
1335 13.6369 0.0201446 0.00811442 0.000115558 5.40253e-05 0.00794483 1.06168e-05 0.00282238 0.183454 1.92715 1.45114 1.94176 1.91187 0.987062 -5.95971 -1.04083e-17 -3.46945e-18 0 0 0.126983 0.137063 -0.0218919 -37.1833 1 0 0 0.000470643 0.000435716 0.00405935
1340 13.7376 0.0201446 0.00819688 0.000115471 5.35999e-05 0.00802781 1.05985e-05 0.00282521 0.184141 1.92982 1.45114 1.94452 1.91443 0.986622 -5.98496 -1.04083e-17 -3.46945e-18 0 0 0.127083 0.137147 -0.0218298 -37.2217 1 0 0 0.000468834 0.000433113 0.00406955
1345 13.8383 0.0201446 0.0082799 0.000115387 5.31792e-05 0.00811134 1.05802e-05 0.00282804 0.184828 1.93249 1.45114 1.94729 1.917 0.986184 -6.01017 -1.04083e-17 -3.46945e-18 0 0 0.127181 0.13723 -0.0217678 -37.2597 1 0 0 0.000467056 0.000430525 0.00407967
1350 13.939 0.0201446 0.00836347 0.000115305 5.27633e-05 0.00819541 1.0562e-05 0.00283087 0.185515 1.93517 1.45114 1.95007 1.91957 0.985746 -6.03532 -1.04083e-17 -3.46945e-18 0 0 0.127278 0.137312 -0.0217059 -37.2973 1 0 0 0.000465308 0.000427953 0.00408971
1355 14.0398 0.0201446 0.0084476 0.000115226 5.2352e-05 0.00828002 1.05439e-05 0.0028337 0.186202 1.93784 1.45114 1.95284 1.92214 0.98531 -6.06042 -1.04083e-17 -3.46945e-18 0 0 0.127374 0.137392 -0.0216442 -37.3345 1 0 0 0.00046359 0.000425396 0.00409966
1360 14.1405 0.0201446 0.00853227 0.000115149 5.19454e-05 0.00836518 1.05259e-05 0.00283654 0.186889 1.94052 1.45114 1.95561 1.92471 0.984876 -6.08546 -1.04083e-17 -3.46945e-18 0 0 0.127469 0.13747 -0.0215826 -37.3712 1 0 0 0.000461901 0.000422855 0.00410954
1365 14.2412 0.0201446 0.0086175 0.000115074 5.15434e-05 0.00845088 1.05079e-05 0.00283938 0.187577 1.9432 1.45114 1.95839 1.92729 0.984442 -6.11045 -1.04083e-17 -3.46945e-18 0 0 0.127563 0.137547 -0.0215211 -37.4076 1 0 0 0.000460241 0.00042033 0.00411933
1370 14.3419 0.0201446 0.00870328 0.000115001 5.11459e-05 0.00853713 1.049e-05 0.00284222 0.188264 1.94587 1.45114 1.96117 1.92986 0.98401 -6.13539 -1.04083e-17 -3.46945e-18 0 0 0.127656 0.137622 -0.0214598 -37.4435 1 0 0 0.000458609 0.000417821 0.00412905
1375 14.4427 0.0201446 0.00878961 0.000114929 5.07529e-05 0.00862393 1.04721e-05 0.00284506 0.188951 1.94856 1.45114 1.96395 1.93244 0.983579 -6.16028 -1.04083e-17 -3.46945e-18 0 0 0.127747 0.137696 -0.0213986 -37.4791 1 0 0 0.000457003 0.000415328 0.00413868
1380 14.5434 0.0201446 0.00887649 0.000114857 5.03643e-05 0.00871127 1.04544e-05 0.0028479 0.189638 1.95124 1.45114 1.96673 1.93502 0.983149 -6.18511 -1.04083e-17 -3.46945e-18 0 0 0.127838 0.137768 -0.0213376 -37.5143 1 0 0 0.000455425 0.000412851 0.00414824
1385 14.6441 0.0201446 0.00896392 0.000114787 4.99801e-05 0.00879915 1.04367e-05 0.00285074 0.190325 1.95392 1.45114 1.96951 1.9376 0.98272 -6.20989 -1.04083e-17 -3.46945e-18 0 0 0.127928 0.137839 -0.0212767 -37.549 1 0 0 0.000453872 0.00041039 0.00415771
1390 14.7448 0.0201446 0.00905189 0.000114716 4.96003e-05 0.00888758 1.04191e-05 0.00285359 0.191012 1.95661 1.45114 1.97229 1.94019 0.982293 -6.23461 -1.04083e-17 -3.46945e-18 0 0 0.128017 0.137909 -0.021216 -37.5834 1 0 0 0.000452345 0.000407945 0.00416711
1395 14.8455 0.0201446 0.00914042 0.000114647 4.92248e-05 0.00897654 1.04015e-05 0.00285644 0.191699 1.9593 1.45114 1.97508 1.94277 0.981866 -6.25928 -1.04083e-17 -3.46945e-18 0 0 0.128105 0.137977 -0.0211554 -37.6174 1 0 0 0.000450842 0.000405517 0.00417642
1400 14.9463 0.0201446 0.00922949 0.000114577 4.88535e-05 0.00906606 1.0384e-05 0.00285929 0.192386 1.96199 1.45114 1.97786 1.94536 0.981441 -6.2839 -1.04083e-17 -3.46945e-18 0 0 0.128192 0.138043 -0.021095 -37.651 1 0 0 0.000449364 0.000403105 0.00418566
1405 15.047 0.0201446 0.00931911 0.000114506 4.84864e-05 0.00915611 1.03666e-05 0.00286214 0.193073 1.96468 1.45114 1.98065 1.94795 0.981018 -6.30846 -1.04083e-17 -3.46945e-18 0 0 0.128278 0.138109 -0.0210348 -37.6842 1 0 0 0.000447909 0.000400709 0.00419482
1410 15.1477 0.0201446 0.00940927 0.000114435 4.81235e-05 0.00924671 1.03493e-05 0.00286499 0.19376 1.96737 1.45114 1.98344 1.95054 0.980595 -6.33297 -1.04083e-17 -3.46945e-18 0 0 0.128363 0.138172 -0.0209747 -37.717 1 0 0 0.000446477 0.00039833 0.0042039
1415 15.2484 0.0201446 0.00949998 0.000114364 4.77646e-05 0.00933785 1.0332e-05 0.00286785 0.194448 1.97006 1.45114 1.98623 1.95313 0.980174 -6.35742 -1.04083e-17 -3.46945e-18 0 0 0.128447 0.138235 -0.0209148 -37.7495 1 0 0 0.000445067 0.000395967 0.0042129
1420 15.3492 0.0201446 0.00959123 0.000114291 4.74098e-05 0.00942953 1.03148e-05 0.0028707 0.195135 1.97276 1.45114 1.98902 1.95572 0.979753 -6.38182 -1.04083e-17 -3.46945e-18 0 0 0.12853 0.138296 -0.020855 -37.7816 1 0 0 0.000443679 0.00039362 0.00422183
1425 15.4499 0.0201446 0.00968303 0.000114217 4.70589e-05 0.00952175 1.02977e-05 0.00287356 0.195822 1.97545 1.45114 1.99181 1.95832 0.979334 -6.40616 -1.04083e-17 -3.46945e-18 0 0 0.128613 0.138356 -0.0207955 -37.8133 1 0 0 0.000442311 0.00039129 0.00423068
1430 15.5506 0.0201446 0.00977536 0.000114141 4.67119e-05 0.00961451 1.02806e-05 0.00287642 0.196509 1.97815 1.45114 1.99461 1.96092 0.978917 -6.43045 -1.04083e-17 -3.46945e-18 0 0 0.128694 0.138414 -0.0207361 -37.8447 1 0 0 0.000440964 0.000388976 0.00423945
1435 15.6513 0.0201446 0.00986824 0.000114064 4.63688e-05 0.00970781 1.02637e-05 0.00287928 0.197196 1.98085 1.45114 1.9974 1.96352 0.9785 -6.45469 -1.04083e-17 -3.46945e-18 0 0 0.128774 0.138471 -0.0206768 -37.8757 1 0 0 0.000439637 0.000386678 0.00424815
1440 15.7521 0.0201446 0.00996166 0.000113984 4.60295e-05 0.00980165 1.02468e-05 0.00288215 0.197883 1.98355 1.45114 2.0002 1.96612 0.978085 -6.47886 -1.04083e-17 -3.46945e-18 0 0 0.128854 0.138527 -0.0206178 -37.9063 1 0 0 0.000438328 0.000384396 0.00425676
1445 15.8528 0.0201446 0.0100556 0.000113903 4.5694e-05 0.00989603 1.02299e-05 0.00288501 0.19857 1.98625 1.45114 2.00299 1.96872 0.977671 -6.50299 -1.04083e-17 -3.46945e-18 0 0 0.128933 0.138582 -0.0205589 -37.9366 1 0 0 0.000437039 0.000382131 0.00426531
1450 15.9535 0.0201446 0.0101501 0.000113819 4.53621e-05 0.00999094 1.02132e-05 0.00288788 0.199257 1.98896 1.45114 2.00579 1.97132 0.977258 -6.52706 -1.04083e-17 -3.46945e-18 0 0 0.12901 0.138635 -0.0205002 -37.9666 1 0 0 0.000435766 0.000379881 0.00427377
1455 16.0542 0.0201446 0.0102452 0.000113732 4.50339e-05 0.0100864 1.01965e-05 0.00289074 0.199944 1.99166 1.45114 2.00859 1.97393 0.976846 -6.55107 -1.04083e-17 -3.46945e-18 0 0 0.129087 0.138687 -0.0204417 -37.9961 1 0 0 0.000434511 0.000377648 0.00428217
1460 16.1549 0.0201446 0.0103407 0.000113643 4.47092e-05 0.0101824 1.01799e-05 0.00289361 0.200631 1.99437 1.45114 2.01139 1.97653 0.976435 -6.57503 -1.04083e-17 -3.46945e-18 0 0 0.129163 0.138738 -0.0203834 -38.0254 1 0 0 0.000433273 0.00037543 0.00429048
1465 16.2557 0.0201446 0.0104368 0.000113551 4.43881e-05 0.0102789 1.01633e-05 0.00289648 0.201318 1.99707 1.45114 2.01419 1.97914 0.976026 -6.59893 -1.04083e-17 -3.46945e-18 0 0 0.129239 0.138788 -0.0203252 -38.0543 1 0 0 0.00043205 0.000373228 0.00429873
1470 16.3564 0.0201446 0.0105335 0.000113455 4.40704e-05 0.010376 1.01468e-05 0.00289935 0.202006 1.99978 1.45114 2.01699 1.98175 0.975617 -6.62278 -1.04083e-17 -3.46945e-18 0 0 0.129313 0.138836 -0.0202673 -38.0828 1 0 0 0.000430843 0.000371042 0.0043069
1475 16.4571 0.0201446 0.0106307 0.000113356 4.37561e-05 0.0104735 1.01304e-05 0.00290223 0.202693 2.00249 1.45114 2.0198 1.98436 0.97521 -6.64657 -1.04083e-17 -3.46945e-18 0 0 0.129386 0.138883 -0.0202095 -38.111 1 0 0 0.00042965 0.000368872 0.00431499
1480 16.5578 0.0201446 0.0107284 0.000113253 4.34452e-05 0.0105717 1.01141e-05 0.0029051 0.20338 2.0052 1.45114 2.0226 1.98697 0.974804 -6.6703 -1.04083e-17 -3.46945e-18 0 0 0.129459 0.138929 -0.0201519 -38.1389 1 0 0 0.000428471 0.000366717 0.00432301
1485 16.6586 0.0201446 0.0108266 0.000113147 4.31376e-05 0.0106703 1.00978e-05 0.00290798 0.204067 2.00791 1.45114 2.02541 1.98959 0.974399 -6.69398 -1.04083e-17 -3.46945e-18 0 0 0.129531 0.138974 -0.0200945 -38.1664 1 0 0 0.000427306 0.000364578 0.00433096
1490 16.7593 0.0201446 0.0109254 0.000113037 4.28332e-05 0.0107695 1.00816e-05 0.00291085 0.204754 2.01063 1.45114 2.02821 1.9922 0.973995 -6.71761 -1.04083e-17 -3.46945e-18 0 0 0.129602 0.139017 -0.0200373 -38.1937 1 0 0 0.000426153 0.000362454 0.00433884
1495 16.86 0.0201446 0.0110247 0.000112922 4.2532e-05 0.0108692 1.00655e-05 0.00291373 0.205441 2.01334 1.45114 2.03102 1.99482 0.973593 -6.74118 -1.04083e-17 -3.46945e-18 0 0 0.129672 0.13906 -0.0199803 -38.2205 1 0 0 0.000425013 0.000360345 0.00434664
1500 16.9607 0.0201446 0.0111245 0.000112803 4.2234e-05 0.0109695 1.00495e-05 0.00291661 0.206128 2.01606 1.45114 2.03383 1.99744 0.973191 -6.76469 -1.04083e-17 -3.46945e-18 0 0 0.129742 0.139101 -0.0199235 -38.2471 1 0 0 0.000423884 0.000358251 0.00435438
1505 17.0614 0.0201446 0.0112249 0.00011268 4.1939e-05 0.0110702 1.00335e-05 0.00291949 0.206815 2.01877 1.45114 2.03663 2.00006 0.972791 -6.78814 -1.04083e-17 -3.46945e-18 0 0 0.129811 0.139141 -0.0198668 -38.2733 1 0 0 0.000422766 0.000356173 0.00436204
1510 17.1622 0.0201446 0.0113257 0.000112552 4.1647e-05 0.0111715 1.00176e-05 0.00292237 0.207502 2.02149 1.45114 2.03944 2.00268 0.972392 -6.81154 -1.04083e-17 -3.46945e-18 0 0 0.129879 0.13918 -0.0198104 -38.2992 1 0 0 0.000421658 0.000354109 0.00436963
1515 17.2629 0.0201446 0.0114271 0.000112419 4.13581e-05 0.0112734 1.00018e-05 0.00292526 0.208189 2.02421 1.45114 2.04225 2.0053 0.971994 -6.83489 -1.04083e-17 -3.46945e-18 0 0 0.129946 0.139218 -0.0197541 -38.3248 1 0 0 0.00042056 0.00035206 0.00437715
1520 17.3636 0.0201446 0.0115291 0.000112282 4.1072e-05 0.0113757 9.98601e-06 0.00292814 0.208876 2.02693 1.45114 2.04506 2.00793 0.971597 -6.85817 -1.04083e-17 -3.46945e-18 0 0 0.130012 0.139255 -0.0196981 -38.3501 1 0 0 0.000419471 0.000350025 0.0043846
1525 17.4643 0.0201446 0.0116315 0.000112139 4.07888e-05 0.0114786 9.97032e-06 0.00293103 0.209564 2.02965 1.45114 2.04788 2.01055 0.971201 -6.88141 -1.04083e-17 -3.46945e-18 0 0 0.130078 0.139291 -0.0196422 -38.3751 1 0 0 0.00041839 0.000348005 0.00439197
1530 17.5651 0.0201446 0.0117345 0.000111991 4.05084e-05 0.011582 9.9547e-06 0.00293392 0.210251 2.03237 1.45114 2.05069 2.01318 0.970807 -6.90458 -1.04083e-17 -3.46945e-18 0 0 0.130143 0.139326 -0.0195866 -38.3997 1 0 0 0.000417317 0.000345999 0.00439928
1535 17.6658 0.0201446 0.011838 0.000111838 4.02308e-05 0.0116859 9.93915e-06 0.0029368 0.210938 2.03509 1.45114 2.0535 2.0158 0.970413 -6.9277 -1.04083e-17 -3.46945e-18 0 0 0.130207 0.139359 -0.0195311 -38.4241 1 0 0 0.000416251 0.000344008 0.00440652
1540 17.7665 0.0201446 0.011942 0.00011168 3.99559e-05 0.0117903 9.92368e-06 0.00293969 0.211625 2.03781 1.45114 2.05631 2.01843 0.970021 -6.95076 -1.04083e-17 -3.46945e-18 0 0 0.13027 0.139392 -0.0194758 -38.4481 1 0 0 0.000415192 0.00034203 0.0044137
1545 17.8672 0.0201446 0.0120465 0.000111515 3.96837e-05 0.0118953 9.90827e-06 0.00294258 0.212312 2.04054 1.45114 2.05913 2.02106 0.96963 -6.97377 -1.04083e-17 -3.46945e-18 0 0 0.130333 0.139423 -0.0194207 -38.4718 1 0 0 0.000414139 0.000340067 0.0044208
1550 17.968 0.0201446 0.0121515 0.000111345 3.94141e-05 0.0120008 9.89293e-06 0.00294548 0.212999 2.04326 1.45114 2.06194 2.02369 0.96924 -6.99672 -1.04083e-17 -3.46945e-18 0 0 0.130395 0.139454 -0.0193659 -38.4953 1 0 0 0.000413092 0.000338117 0.00442784
1555 18.0687 0.0201446 0.0122571 0.00011117 3.9147e-05 0.0121068 9.87766e-06 0.00294837 0.213686 2.04599 1.45114 2.06476 2.02633 0.96885 -7.01961 -1.04083e-17 -3.46945e-18 0 0 0.130456 0.139484 -0.0193112 -38.5184 1 0 0 0.000412049 0.000336181 0.0044348
1560 18.1694 0.0201446 0.0123632 0.000110988 3.88825e-05 0.0122133 9.86246e-06 0.00295126 0.214373 2.04871 1.45114 2.06757 2.02896 0.968462 -7.04245 -1.04083e-17 -3.46945e-18 0 0 0.130516 0.139512 -0.0192567 -38.5413 1 0 0 0.00041101 0.000334258 0.00444171
1565 18.2701 0.0201446 0.0124697 0.0001108 3.86205e-05 0.0123203 9.84732e-06 0.00295416 0.21506 2.05144 1.45114 2.07039 2.0316 0.968076 -7.06523 -1.04083e-17 -3.46945e-18 0 0 0.130576 0.13954 -0.0192024 -38.5638 1 0 0 0.000409976 0.000332349 0.00444854
1570 18.3708 0.0201446 0.0125768 0.000110607 3.83609e-05 0.0124279 9.83226e-06 0.00295705 0.215747 2.05417 1.45114 2.07321 2.03423 0.96769 -7.08795 -1.04083e-17 -3.46945e-18 0 0 0.130635 0.139566 -0.0191483 -38.5861 1 0 0 0.000408944 0.000330453 0.00445531
1575 18.4716 0.0201446 0.0126844 0.000110407 3.81037e-05 0.0125359 9.81727e-06 0.00295995 0.216435 2.0569 1.45114 2.07602 2.03687 0.967305 -7.11062 -1.04083e-17 -3.46945e-18 0 0 0.130694 0.139592 -0.0190944 -38.6081 1 0 0 0.000407915 0.00032857 0.00446201
1580 18.5723 0.0201446 0.0127925 0.0001102 3.78489e-05 0.0126445 9.80234e-06 0.00296285 0.217122 2.05963 1.45114 2.07884 2.03951 0.966921 -7.13323 -1.04083e-17 -3.46945e-18 0 0 0.130751 0.139617 -0.0190407 -38.6298 1 0 0 0.000406888 0.000326699 0.00446865
1585 18.673 0.0201446 0.0129011 0.000109988 3.75963e-05 0.0127536 9.78748e-06 0.00296575 0.217809 2.06236 1.45114 2.08166 2.04215 0.966539 -7.15578 -1.04083e-17 -3.46945e-18 0 0 0.130808 0.13964 -0.0189872 -38.6512 1 0 0 0.000405862 0.000324842 0.00447522
1590 18.7737 0.0201446 0.0130103 0.000109769 3.73461e-05 0.0128631 9.77269e-06 0.00296865 0.218496 2.06509 1.45114 2.08448 2.04479 0.966157 -7.17828 -1.04083e-17 -3.46945e-18 0 0 0.130865 0.139663 -0.0189338 -38.6723 1 0 0 0.000404837 0.000322997 0.00448173
1595 18.8745 0.0201446 0.0131199 0.000109543 3.7098e-05 0.0129732 9.75797e-06 0.00297155 0.219183 2.06782 1.45114 2.0873 2.04743 0.965777 -7.20072 -1.04083e-17 -3.46945e-18 0 0 0.13092 0.139685 -0.0188807 -38.6932 1 0 0 0.000403813 0.000321164 0.00448817
1600 18.9752 0.0201446 0.01323 0.000109311 3.68521e-05 0.0130838 9.74331e-06 0.00297445 0.21987 2.07056 1.45114 2.09012 2.05007 0.965398 -7.2231 -1.04083e-17 -3.46945e-18 0 0 0.130975 0.139706 -0.0188278 -38.7138 1 0 0 0.000402788 0.000319344 0.00449455
1605 19.0759 0.0201446 0.0133406 0.000109072 3.66084e-05 0.0131949 9.72872e-06 0.00297736 0.220557 2.07329 1.45114 2.09294 2.05272 0.965019 -7.24543 -1.04083e-17 -3.46945e-18 0 0 0.131029 0.139726 -0.0187751 -38.7341 1 0 0 0.000401763 0.000317536 0.00450087
1610 19.1766 0.0201446 0.0134518 0.000108827 3.63668e-05 0.0133066 9.71419e-06 0.00298026 0.221244 2.07602 1.45114 2.09576 2.05536 0.964642 -7.2677 -1.04083e-17 -3.46945e-18 0 0 0.131083 0.139746 -0.0187225 -38.7541 1 0 0 0.000400736 0.00031574 0.00450712
1615 19.2773 0.0201446 0.0135634 0.000108575 3.61272e-05 0.0134187 9.69974e-06 0.00298317 0.221931 2.07876 1.45114 2.09858 2.05801 0.964266 -7.28992 -1.04083e-17 -3.46945e-18 0 0 0.131136 0.139764 -0.0186702 -38.7739 1 0 0 0.000399708 0.000313956 0.00451331
1620 19.3781 0.0201446 0.0136755 0.000108316 3.58897e-05 0.0135313 9.68534e-06 0.00298607 0.222618 2.0815 1.45114 2.1014 2.06066 0.963891 -7.31207 -1.04083e-17 -3.46945e-18 0 0 0.131188 0.139781 -0.018618 -38.7934 1 0 0 0.000398677 0.000312184 0.00451944
1625 19.4788 0.0201446 0.0137881 0.000108051 3.56542e-05 0.0136444 9.67101e-06 0.00298898 0.223305 2.08423 1.45114 2.10422 2.0633 0.963517 -7.33417 -1.04083e-17 -3.46945e-18 0 0 0.13124 0.139798 -0.0185661 -38.8126 1 0 0 0.000397643 0.000310423 0.00452551
1630 19.5795 0.0201446 0.0139012 0.000107778 3.54206e-05 0.013758 9.65675e-06 0.00299189 0.223993 2.08697 1.45114 2.10704 2.06595 0.963144 -7.35622 -1.04083e-17 -3.46945e-18 0 0 0.131291 0.139814 -0.0185143 -38.8316 1 0 0 0.000396606 0.000308674 0.00453152
1635 19.6802 0.0201446 0.0140148 0.000107499 3.5189e-05 0.0138722 9.64255e-06 0.0029948 0.22468 2.08971 1.45114 2.10987 2.0686 0.962772 -7.37821 -1.04083e-17 -3.46945e-18 0 0 0.131341 0.139829 -0.0184627 -38.8503 1 0 0 0.000395566 0.000306936 0.00453746
1640 19.781 0.0201446 0.0141289 0.000107213 3.49593e-05 0.0139868 9.62841e-06 0.00299771 0.225367 2.09244 1.45114 2.11269 2.07126 0.962401 -7.40014 -1.04083e-17 -3.46945e-18 0 0 0.131391 0.139843 -0.0184113 -38.8687 1 0 0 0.000394521 0.000305209 0.00454335
1645 19.8817 0.0201446 0.0142435 0.00010692 3.47314e-05 0.0141019 9.61434e-06 0.00300062 0.226054 2.09518 1.45114 2.11551 2.07391 0.962031 -7.42201 -1.04083e-17 -3.46945e-18 0 0 0.13144 0.139857 -0.0183601 -38.8869 1 0 0 0.000393471 0.000303493 0.00454917
1650 19.9824 0.0201446 0.0143586 0.000106621 3.45054e-05 0.0142175 9.60033e-06 0.00300353 0.226741 2.09792 1.45114 2.11833 2.07656 0.961662 -7.44383 -1.04083e-17 -3.46945e-18 0 0 0.131488 0.139869 -0.0183091 -38.9049 1 0 0 0.000392417 0.000301788 0.00455494
1655 20.0831 0.0201446 0.0144742 0.000106314 3.42811e-05 0.0143336 9.58638e-06 0.00300644 0.227428 2.10066 1.45114 2.12116 2.07922 0.961294 -7.46559 -1.04083e-17 -3.46945e-18 0 0 0.131536 0.139881 -0.0182583 -38.9226 1 0 0 0.000391356 0.000300094 0.00456064
1660 20.1839 0.0201446 0.0145903 0.000106001 3.40587e-05 0.0144502 9.57249e-06 0.00300935 0.228115 2.1034 1.45114 2.12398 2.08187 0.960927 -7.4873 -1.04083e-17 -3.46945e-18 0 0 0.131583 0.139892 -0.0182077 -38.94 1 0 0 0.00039029 0.000298411 0.00456629
1665 20.2846 0.0201446 0.0147068 0.000105681 3.38379e-05 0.0145673 9.55867e-06 0.00301227 0.228802 2.10614 1.45114 2.1268 2.08453 0.960561 -7.50894 -1.04083e-17 -3.46945e-18 0 0 0.13163 0.139902 -0.0181572 -38.9572 1 0 0 0.000389217 0.000296738 0.00457188
1670 20.3853 0.0201446 0.0148238 0.000105354 3.36189e-05 0.0146849 9.5449e-06 0.00301518 0.229489 2.10889 1.45114 2.12963 2.08718 0.960197 -7.53054 -1.04083e-17 -3.46945e-18 0 0 0.131675 0.139912 -0.018107 -38.9742 1 0 0 0.000388137 0.000295075 0.00457741
1675 20.486 0.0201446 0.0149414 0.00010502 3.34016e-05 0.0148029 9.5312e-06 0.0030181 0.230176 2.11163 1.45114 2.13245 2.08984 0.959833 -7.55207 -1.04083e-17 -3.46945e-18 0 0 0.131721 0.139921 -0.0180569 -38.9909 1 0 0 0.00038705 0.000293423 0.00458289
1680 20.5867 0.0201446 0.0150594 0.000104679 3.3186e-05 0.0149215 9.51755e-06 0.00302101 0.230864 2.11437 1.45114 2.13528 2.0925 0.95947 -7.57355 -1.04083e-17 -3.46945e-18 0 0 0.131765 0.139929 -0.018007 -39.0073 1 0 0 0.000385956 0.000291781 0.0045883
1685 20.6875 0.0201446 0.0151778 0.000104332 3.2972e-05 0.0150405 9.50397e-06 0.00302393 0.231551 2.11711 1.45114 2.1381 2.09516 0.959108 -7.59497 -1.04083e-17 -3.46945e-18 0 0 0.131809 0.139936 -0.0179573 -39.0236 1 0 0 0.000384853 0.000290149 0.00459366
1690 20.7882 0.0201446 0.0152968 0.000103978 3.27596e-05 0.0151601 9.49044e-06 0.00302685 0.232238 2.11986 1.45114 2.14092 2.09782 0.958747 -7.61634 -1.04083e-17 -3.46945e-18 0 0 0.131853 0.139943 -0.0179078 -39.0396 1 0 0 0.000383742 0.000288527 0.00459897
1695 20.8889 0.0201446 0.0154163 0.000103618 3.25488e-05 0.0152801 9.47697e-06 0.00302977 0.232925 2.1226 1.45114 2.14375 2.10048 0.958388 -7.63765 -1.04083e-17 -3.46945e-18 0 0 0.131896 0.139949 -0.0178585 -39.0553 1 0 0 0.000382622 0.000286915 0.00460421
1700 20.9896 0.0201446 0.0155362 0.000103251 3.23395e-05 0.0154006 9.46356e-06 0.00303269 0.233612 2.12535 1.45114 2.14657 2.10315 0.958029 -7.6589 -1.04083e-17 -3.46945e-18 0 0 0.131938 0.139954 -0.0178093 -39.0709 1 0 0 0.000381492 0.000285312 0.00460941
1705 21.0904 0.0201446 0.0156566 0.000102877 3.21318e-05 0.0155216 9.4502e-06 0.00303561 0.234299 2.12809 1.45114 2.1494 2.10581 0.957671 -7.6801 -1.04083e-17 -3.46945e-18 0 0 0.131979 0.139959 -0.0177603 -39.0862 1 0 0 0.000380354 0.000283719 0.00461455
1710 21.1911 0.0201446 0.0157775 0.000102497 3.19257e-05 0.015643 9.43691e-06 0.00303853 0.234986 2.13084 1.45114 2.15222 2.10847 0.957314 -7.70124 -1.04083e-17 -3.46945e-18 0 0 0.13202 0.139963 -0.0177115 -39.1012 1 0 0 0.000379205 0.000282136 0.00461963
1715 21.2918 0.0201446 0.0158988 0.000102111 3.1721e-05 0.015765 9.42366e-06 0.00304145 0.235673 2.13358 1.45114 2.15505 2.11114 0.956958 -7.72233 -1.04083e-17 -3.46945e-18 0 0 0.132061 0.139966 -0.0176629 -39.1161 1 0 0 0.000378047 0.000280562 0.00462466
1720 21.3925 0.0201446 0.0160207 0.000101718 3.15178e-05 0.0158874 9.41048e-06 0.00304437 0.23636 2.13633 1.45114 2.15787 2.1138 0.956603 -7.74336 -1.04083e-17 -3.46945e-18 0 0 0.1321 0.139969 -0.0176144 -39.1307 1 0 0 0.000376878 0.000278997 0.00462963
1725 21.4933 0.0201446 0.016143 0.00010132 3.13161e-05 0.0160103 9.39734e-06 0.0030473 0.237047 2.13907 1.45114 2.1607 2.11647 0.956249 -7.76433 -1.04083e-17 -3.46945e-18 0 0 0.13214 0.139971 -0.0175662 -39.1451 1 0 0 0.000375699 0.000277441 0.00463455
1730 21.594 0.0201446 0.0162658 0.000100915 3.11158e-05 0.0161337 9.38426e-06 0.00305022 0.237734 2.14182 1.45114 2.16352 2.11914 0.955896 -7.78525 -1.04083e-17 -3.46945e-18 0 0 0.132178 0.139972 -0.0175181 -39.1593 1 0 0 0.000374508 0.000275895 0.00463942
1735 21.6947 0.0201446 0.016389 0.000100504 3.0917e-05 0.0162576 9.37124e-06 0.00305314 0.238422 2.14457 1.45114 2.16635 2.1218 0.955544 -7.80611 -1.04083e-17 -3.46945e-18 0 0 0.132216 0.139973 -0.0174701 -39.1732 1 0 0 0.000373307 0.000274357 0.00464424
1740 21.7954 0.0201446 0.0165128 0.000100087 3.07196e-05 0.0163819 9.35827e-06 0.00305607 0.239109 2.14732 1.45114 2.16917 2.12447 0.955193 -7.82692 -1.04083e-17 -3.46945e-18 0 0 0.132253 0.139974 -0.0174224 -39.187 1 0 0 0.000372094 0.000272829 0.004649
1745 21.8961 0.0201446 0.016637 9.96637e-05 3.05236e-05 0.0165068 9.34534e-06 0.00305899 0.239796 2.15006 1.45114 2.172 2.12714 0.954843 -7.84767 -1.04083e-17 -3.46945e-18 0 0 0.13229 0.139973 -0.0173748 -39.2005 1 0 0 0.00037087 0.000271309 0.00465371
1750 21.9969 0.0201446 0.0167616 9.9235e-05 3.03289e-05 0.0166321 9.33248e-06 0.00306192 0.240483 2.15281 1.45114 2.17482 2.12981 0.954494 -7.86836 -1.04083e-17 -3.46945e-18 0 0 0.132326 0.139972 -0.0173274 -39.2138 1 0 0 0.000369633 0.000269798 0.00465837
1755 22.0976 0.0201446 0.0168868 9.88007e-05 3.01356e-05 0.0167578 9.31966e-06 0.00306485 0.24117 2.15556 1.45114 2.17765 2.13248 0.954146 -7.889 -1.04083e-17 -3.46945e-18 0 0 0.132362 0.139971 -0.0172801 -39.2269 1 0 0 0.000368385 0.000268296 0.00466298
1760 22.1983 0.0201446 0.0170124 9.83609e-05 2.99437e-05 0.0168841 9.30689e-06 0.00306777 0.241857 2.15831 1.45114 2.18047 2.13516 0.953799 -7.90958 -1.04083e-17 -3.46945e-18 0 0 0.132397 0.139969 -0.017233 -39.2398 1 0 0 0.000367125 0.000266802 0.00466754
1765 22.299 0.0201446 0.0171385 9.79156e-05 2.97531e-05 0.0170108 9.29417e-06 0.0030707 0.242544 2.16106 1.45114 2.1833 2.13783 0.953452 -7.93011 -1.04083e-17 -3.46945e-18 0 0 0.132431 0.139966 -0.0171861 -39.2525 1 0 0 0.000365852 0.000265317 0.00467204
1770 22.3998 0.0201446 0.017265 9.74651e-05 2.95638e-05 0.017138 9.2815e-06 0.00307363 0.243231 2.16381 1.45114 2.18612 2.1405 0.953107 -7.95058 -1.04083e-17 -3.46945e-18 0 0 0.132465 0.139963 -0.0171394 -39.265 1 0 0 0.000364567 0.00026384 0.0046765
1775 22.5005 0.0201446 0.017392 9.70093e-05 2.93759e-05 0.0172656 9.26887e-06 0.00307656 0.243918 2.16656 1.45114 2.18895 2.14317 0.952763 -7.971 -1.04083e-17 -3.46945e-18 0 0 0.132498 0.139959 -0.0170928 -39.2772 1 0 0 0.00036327 0.000262372 0.00468091
1780 22.6012 0.0201446 0.0175195 9.65484e-05 2.91892e-05 0.0173938 9.2563e-06 0.00307949 0.244605 2.16931 1.45114 2.19177 2.14585 0.952419 -7.99136 -1.04083e-17 -3.46945e-18 0 0 0.132531 0.139955 -0.0170463 -39.2893 1 0 0 0.000361959 0.000260912 0.00468527
1785 22.7019 0.0201446 0.0176474 9.60827e-05 2.90038e-05 0.0175224 9.24377e-06 0.00308242 0.245292 2.17206 1.45114 2.1946 2.14852 0.952077 -8.01166 -1.04083e-17 -3.46945e-18 0 0 0.132563 0.13995 -0.0170001 -39.3012 1 0 0 0.000360636 0.00025946 0.00468957
1790 22.8026 0.0201446 0.0177759 9.56121e-05 2.88197e-05 0.0176514 9.23129e-06 0.00308535 0.24598 2.17481 1.45114 2.19742 2.1512 0.951735 -8.03191 -1.04083e-17 -3.46945e-18 0 0 0.132595 0.139945 -0.016954 -39.3129 1 0 0 0.0003593 0.000258016 0.00469383
1795 22.9034 0.0201446 0.0179047 9.51368e-05 2.86369e-05 0.017781 9.21885e-06 0.00308828 0.246667 2.17756 1.45114 2.20024 2.15388 0.951394 -8.05211 -1.04083e-17 -3.46945e-18 0 0 0.132625 0.139939 -0.016908 -39.3243 1 0 0 0.000357952 0.000256581 0.00469805
1800 23.0041 0.0201446 0.0180341 9.4657e-05 2.84553e-05 0.017911 9.20646e-06 0.00309121 0.247354 2.18031 1.45114 2.20307 2.15655 0.951055 -8.07225 -1.04083e-17 -3.46945e-18 0 0 0.132656 0.139933 -0.0168622 -39.3356 1 0 0 0.00035659 0.000255153 0.00470221
1805 23.1048 0.0201446 0.0181639 9.41728e-05 2.82749e-05 0.0180414 9.19411e-06 0.00309414 0.248041 2.18306 1.45114 2.20589 2.15923 0.950716 -8.09233 -1.04083e-17 -3.46945e-18 0 0 0.132685 0.139927 -0.0168166 -39.3467 1 0 0 0.000355216 0.000253733 0.00470633
1810 23.2055 0.0201446 0.0182942 9.36844e-05 2.80958e-05 0.0181724 9.18181e-06 0.00309708 0.248728 2.18581 1.45114 2.20872 2.16191 0.950378 -8.11236 -1.04083e-17 -3.46945e-18 0 0 0.132715 0.139919 -0.0167711 -39.3576 1 0 0 0.000353828 0.000252322 0.00471039
1815 23.3063 0.0201446 0.0184249 9.31918e-05 2.79179e-05 0.0183038 9.16954e-06 0.00310001 0.249415 2.18856 1.45114 2.21154 2.16459 0.950041 -8.13233 -1.04083e-17 -3.46945e-18 0 0 0.132743 0.139912 -0.0167258 -39.3683 1 0 0 0.000352428 0.000250918 0.00471442
1820 23.407 0.0201446 0.0185561 9.26953e-05 2.77413e-05 0.0184356 9.15732e-06 0.00310294 0.250102 2.19131 1.45114 2.21436 2.16726 0.949705 -8.15225 -1.04083e-17 -3.46945e-18 0 0 0.132771 0.139904 -0.0166806 -39.3789 1 0 0 0.000351014 0.000249522 0.00471839
1825 23.5077 0.0201446 0.0186877 9.2195e-05 2.75658e-05 0.018568 9.14514e-06 0.00310588 0.250789 2.19406 1.45114 2.21719 2.16994 0.94937 -8.17212 -1.04083e-17 -3.46945e-18 0 0 0.132799 0.139895 -0.0166356 -39.3892 1 0 0 0.000349588 0.000248134 0.00472232
1830 23.6084 0.0201446 0.0188199 9.16911e-05 2.73915e-05 0.0187008 9.133e-06 0.00310881 0.251476 2.19682 1.45114 2.22001 2.17262 0.949035 -8.19193 -1.04083e-17 -3.46945e-18 0 0 0.132825 0.139887 -0.0165907 -39.3993 1 0 0 0.000348149 0.000246754 0.0047262
1835 23.7092 0.0201446 0.0189524 9.11836e-05 2.72185e-05 0.018834 9.1209e-06 0.00311175 0.252163 2.19957 1.45114 2.22283 2.17531 0.948702 -8.21168 -1.04083e-17 -3.46945e-18 0 0 0.132852 0.139877 -0.016546 -39.4093 1 0 0 0.000346697 0.000245381 0.00473004
1840 23.8099 0.0201446 0.0190855 9.06728e-05 2.70466e-05 0.0189678 9.10884e-06 0.00311468 0.25285 2.20232 1.45114 2.22566 2.17799 0.94837 -8.23139 -1.04083e-17 -3.46945e-18 0 0 0.132877 0.139868 -0.0165014 -39.4191 1 0 0 0.000345233 0.000244016 0.00473383
1845 23.9106 0.0201446 0.019219 9.01589e-05 2.68759e-05 0.0191019 9.09682e-06 0.00311762 0.253538 2.20507 1.45114 2.22848 2.18067 0.948038 -8.25103 -1.04083e-17 -3.46945e-18 0 0 0.132902 0.139857 -0.0164569 -39.4287 1 0 0 0.000343756 0.000242658 0.00473758
1850 24.0113 0.0201446 0.0193529 8.96419e-05 2.67064e-05 0.0192366 9.08484e-06 0.00312055 0.254225 2.20782 1.45114 2.2313 2.18335 0.947707 -8.27062 -1.04083e-17 -3.46945e-18 0 0 0.132927 0.139847 -0.0164127 -39.4382 1 0 0 0.000342266 0.000241308 0.00474128
1855 24.112 0.0201446 0.0194874 8.9122e-05 2.6538e-05 0.0193717 9.07289e-06 0.00312349 0.254912 2.21058 1.45114 2.23412 2.18603 0.947377 -8.29016 -1.04083e-17 -3.46945e-18 0 0 0.132951 0.139836 -0.0163685 -39.4474 1 0 0 0.000340765 0.000239966 0.00474493
1860 24.2128 0.0201446 0.0196222 8.85995e-05 2.63708e-05 0.0195073 9.06098e-06 0.00312643 0.255599 2.21333 1.45114 2.23694 2.18872 0.947048 -8.30965 -1.04083e-17 -3.46945e-18 0 0 0.132974 0.139825 -0.0163245 -39.4565 1 0 0 0.000339251 0.000238631 0.00474855
1865 24.3135 0.0201446 0.0197576 8.80744e-05 2.62047e-05 0.0196433 9.0491e-06 0.00312936 0.256286 2.21608 1.45114 2.23977 2.1914 0.94672 -8.32908 -1.04083e-17 -3.46945e-18 0 0 0.132997 0.139813 -0.0162807 -39.4654 1 0 0 0.000337725 0.000237304 0.00475212
1870 24.4142 0.0201446 0.0198934 8.75469e-05 2.60398e-05 0.0197798 9.03726e-06 0.0031323 0.256973 2.21883 1.45114 2.24259 2.19408 0.946393 -8.34845 -1.04083e-17 -3.46945e-18 0 0 0.133019 0.139801 -0.0162369 -39.4741 1 0 0 0.000336187 0.000235984 0.00475564
1875 24.5149 0.0201446 0.0200296 8.70172e-05 2.5876e-05 0.0199167 9.02546e-06 0.00313524 0.25766 2.22159 1.45114 2.24541 2.19677 0.946067 -8.36777 -1.04083e-17 -3.46945e-18 0 0 0.133041 0.139789 -0.0161934 -39.4827 1 0 0 0.000334638 0.000234671 0.00475912
1880 24.6157 0.0201446 0.0201664 8.64855e-05 2.57134e-05 0.0200542 9.01369e-06 0.00313818 0.258347 2.22434 1.45114 2.24823 2.19945 0.945742 -8.38704 -1.04083e-17 -3.46945e-18 0 0 0.133062 0.139776 -0.0161499 -39.4911 1 0 0 0.000333078 0.000233366 0.00476256
1885 24.7164 0.0201446 0.0203035 8.59519e-05 2.55519e-05 0.020192 9.00195e-06 0.00314111 0.259034 2.22709 1.45114 2.25105 2.20214 0.945417 -8.40626 -1.04083e-17 -3.46945e-18 0 0 0.133082 0.139763 -0.0161066 -39.4993 1 0 0 0.000331506 0.000232068 0.00476596
1890 24.8171 0.0201446 0.0204412 8.54166e-05 2.53915e-05 0.0203304 8.99024e-06 0.00314405 0.259721 2.22985 1.45114 2.25387 2.20482 0.945093 -8.42542 -1.04083e-17 -3.46945e-18 0 0 0.133102 0.13975 -0.0160635 -39.5074 1 0 0 0.000329923 0.000230777 0.00476931
1895 24.9178 0.0201446 0.0205793 8.48797e-05 2.52323e-05 0.0204692 8.97857e-06 0.00314699 0.260409 2.2326 1.45114 2.25669 2.20751 0.944771 -8.44452 -1.04083e-17 -3.46945e-18 0 0 0.133122 0.139736 -0.0160204 -39.5153 1 0 0 0.00032833 0.000229494 0.00477262
1900 25.0185 0.0201446 0.0207178 8.43414e-05 2.50741e-05 0.0206084 8.96692e-06 0.00314993 0.261096 2.23535 1.45114 2.25951 2.2102 0.944449 -8.46358 -1.04083e-17 -3.46945e-18 0 0 0.13314 0.139722 -0.0159775 -39.523 1 0 0 0.000326726 0.000228218 0.00477589
1905 25.1193 0.0201446 0.0208568 8.38019e-05 2.49171e-05 0.0207481 8.95531e-06 0.00315287 0.261783 2.2381 1.45114 2.26233 2.21288 0.944128 -8.48258 -1.04083e-17 -3.46945e-18 0 0 0.133159 0.139708 -0.0159348 -39.5306 1 0 0 0.000325112 0.000226949 0.00477912
1910 25.22 0.0201446 0.0209963 8.32613e-05 2.47611e-05 0.0208883 8.94372e-06 0.00315581 0.26247 2.24086 1.45114 2.26515 2.21557 0.943807 -8.50152 -1.04083e-17 -3.46945e-18 0 0 0.133176 0.139693 -0.0158921 -39.538 1 0 0 0.000323488 0.000225687 0.0047823
1915 25.3207 0.0201446 0.0211362 8.27198e-05 2.46063e-05 0.0210289 8.93217e-06 0.00315875 0.263157 2.24361 1.45114 2.26797 2.21826 0.943488 -8.52042 -1.04083e-17 -3.46945e-18 0 0 0.133193 0.139678 -0.0158497 -39.5453 1 0 0 0.000321855 0.000224433 0.00478545
1920 25.4214 0.0201446 0.0212766 8.21775e-05 2.44526e-05 0.02117 8.92064e-06 0.00316169 0.263844 2.24636 1.45114 2.27079 2.22095 0.94317 -8.53926 -1.04083e-17 -3.46945e-18 0 0 0.13321 0.139663 -0.0158073 -39.5524 1 0 0 0.000320212 0.000223185 0.00478855
1925 25.5222 0.0201446 0.0214175 8.16347e-05 2.43e-05 0.0213115 8.90914e-06 0.00316463 0.264531 2.24912 1.45114 2.2736 2.22363 0.942852 -8.55805 -1.04083e-17 -3.46945e-18 0 0 0.133226 0.139648 -0.0157651 -39.5594 1 0 0 0.00031856 0.000221945 0.00479161
1930 25.6229 0.0201446 0.0215588 8.10914e-05 2.41484e-05 0.0214535 8.89767e-06 0.00316757 0.265218 2.25187 1.45114 2.27642 2.22632 0.942535 -8.57678 -1.04083e-17 -3.46945e-18 0 0 0.133241 0.139632 -0.015723 -39.5662 1 0 0 0.0003169 0.000220712 0.00479463
1935 25.7236 0.0201446 0.0217005 8.05479e-05 2.39979e-05 0.021596 8.88623e-06 0.00317051 0.265905 2.25462 1.45114 2.27924 2.22901 0.942219 -8.59546 -1.04083e-17 -3.46945e-18 0 0 0.133256 0.139616 -0.015681 -39.5728 1 0 0 0.000315231 0.000219486 0.00479761
1940 25.8243 0.0201446 0.0218428 8.00042e-05 2.38486e-05 0.0217389 8.87481e-06 0.00317345 0.266592 2.25737 1.45114 2.28206 2.2317 0.941904 -8.61409 -1.04083e-17 -3.46945e-18 0 0 0.13327 0.1396 -0.0156391 -39.5793 1 0 0 0.000313554 0.000218267 0.00480056
1945 25.9251 0.0201446 0.0219854 7.94605e-05 2.37003e-05 0.0218823 8.86342e-06 0.0031764 0.267279 2.26013 1.45114 2.28487 2.23439 0.94159 -8.63267 -1.04083e-17 -3.46945e-18 0 0 0.133284 0.139583 -0.0155974 -39.5856 1 0 0 0.00031187 0.000217055 0.00480346
1950 26.0258 0.0201446 0.0221286 7.89171e-05 2.3553e-05 0.0220261 8.85205e-06 0.00317934 0.267967 2.26288 1.45114 2.28769 2.23708 0.941276 -8.65119 -1.04083e-17 -3.46945e-18 0 0 0.133297 0.139566 -0.0155558 -39.5918 1 0 0 0.000310178 0.00021585 0.00480632
1955 26.1265 0.0201446 0.0222722 7.83739e-05 2.34068e-05 0.0221704 8.84071e-06 0.00318228 0.268654 2.26563 1.45114 2.29051 2.23977 0.940964 -8.66966 -1.04083e-17 -3.46945e-18 0 0 0.13331 0.139549 -0.0155144 -39.5979 1 0 0 0.00030848 0.000214652 0.00480914
1960 26.2272 0.0201446 0.0224162 7.78313e-05 2.32617e-05 0.0223151 8.82939e-06 0.00318522 0.269341 2.26838 1.45114 2.29332 2.24246 0.940652 -8.68808 -1.04083e-17 -3.46945e-18 0 0 0.133322 0.139532 -0.015473 -39.6038 1 0 0 0.000306775 0.000213462 0.00481193
1965 26.3279 0.0201446 0.0225607 7.72892e-05 2.31177e-05 0.0224603 8.8181e-06 0.00318816 0.270028 2.27114 1.45114 2.29614 2.24515 0.940341 -8.70645 -1.04083e-17 -3.46945e-18 0 0 0.133334 0.139515 -0.0154318 -39.6096 1 0 0 0.000305064 0.000212278 0.00481467
1970 26.4287 0.0201446 0.0227057 7.67479e-05 2.29747e-05 0.022606 8.80682e-06 0.0031911 0.270715 2.27389 1.45114 2.29895 2.24784 0.940031 -8.72476 -1.04083e-17 -3.46945e-18 0 0 0.133345 0.139497 -0.0153907 -39.6152 1 0 0 0.000303346 0.000211101 0.00481738
1975 26.5294 0.0201446 0.0228511 7.62075e-05 2.28328e-05 0.0227521 8.79557e-06 0.00319405 0.271402 2.27664 1.45114 2.30177 2.25053 0.939721 -8.74303 -1.04083e-17 -3.46945e-18 0 0 0.133355 0.139479 -0.0153498 -39.6207 1 0 0 0.000301624 0.000209931 0.00482004
1980 26.6301 0.0201446 0.022997 7.56681e-05 2.26919e-05 0.0228987 8.78435e-06 0.00319699 0.272089 2.27939 1.45114 2.30458 2.25322 0.939413 -8.76124 -1.04083e-17 -3.46945e-18 0 0 0.133365 0.139461 -0.0153089 -39.626 1 0 0 0.000299896 0.000208768 0.00482267
1985 26.7308 0.0201446 0.0231434 7.51299e-05 2.2552e-05 0.0230457 8.77314e-06 0.00319993 0.272776 2.28214 1.45114 2.30739 2.25591 0.939105 -8.7794 -1.04083e-17 -3.46945e-18 0 0 0.133375 0.139442 -0.0152682 -39.6312 1 0 0 0.000298164 0.000207612 0.00482526
1990 26.8316 0.0201446 0.0232902 7.4593e-05 2.24132e-05 0.0231932 8.76196e-06 0.00320287 0.273463 2.2849 1.45114 2.31021 2.2586 0.938799 -8.7975 -1.04083e-17 -3.46945e-18 0 0 0.133383 0.139424 -0.0152276 -39.6363 1 0 0 0.000296428 0.000206463 0.00482782
1995 26.9323 0.0201446 0.0234374 7.40575e-05 2.22754e-05 0.0233411 8.75079e-06 0.00320582 0.27415 2.28765 1.45114 2.31302 2.2613 0.938493 -8.81556 -1.04083e-17 -3.46945e-18 0 0 0.133392 0.139405 -0.0151871 -39.6412 1 0 0 0.000294687 0.00020532 0.00483033
2000 27.033 0.0201446 0.0235852 7.35236e-05 2.21386e-05 0.0234895 8.73965e-06 0.00320876 0.274837 2.2904 1.45114 2.31583 2.26399 0.938187 -8.83356 -1.04083e-17 -3.46945e-18 0 0 0.133399 0.139386 -0.0151468 -39.646 1 0 0 0.000292944 0.000204185 0.00483281
2005 27.1337 0.0201446 0.0225588 5.02139e-05 3.00854e-06 0.0225056 1.53581e-08 0.00320879 0.274837 2.2904 1.45114 2.3158 2.26404 0.938175 -8.79891 -1.04083e-17 -3.46945e-18 0 0 0.00212753 -0.00151116 -0.000694907 -39.4951 1 0 0 0.000100152 1.78007e-05 0.00459794
2010 27.2344 0.0201446 0.0216234 4.60078e-05 2.01303e-06 0.0215754 1.89374e-08 0.00320882 0.274837 2.2904 1.45114 2.31577 2.26408 0.938163 -8.79097 -1.04083e-17 -3.46945e-18 0 0 0.00187168 -0.00136486 -0.000537311 -39.4595 1 0 0 8.45929e-05 1.09352e-05 0.00438358
2015 27.3352 0.0201446 0.0207331 4.28987e-05 1.79836e-06 0.0206884 2.20306e-08 0.00320886 0.274838 2.2904 1.45114 2.31574 2.26411 0.938153 -8.78412 -1.04083e-17 -3.46945e-18 0 0 0.00175532 -0.00131461 -0.000442903 -39.4287 1 0 0 7.61337e-05 9.46802e-06 0.00418134
2020 27.4359 0.0201446 0.0198846 4.01795e-05 1.74562e-06 0.0198427 2.26897e-08 0.00320891 0.274837 2.2904 1.45114 2.31572 2.26415 0.938145 -8.77705 -1.04083e-17 -3.46945e-18 0 0 0.00165494 -0.00125437 -0.00039436 -39.397 1 0 0 6.92748e-05 8.83622e-06 0.00398986
2025 27.5366 0.0201446 0.0190758 3.77711e-05 1.75137e-06 0.0190363 2.22461e-08 0.00320894 0.274838 2.2904 1.45114 2.31569 2.26418 0.938137 -8.76991 -1.04083e-17 -3.46945e-18 0 0 0.00155452 -0.00118465 -0.000363675 -39.3649 1 0 0 6.33082e-05 8.54282e-06 0.00380841
2030 27.6373 0.0201446 0.0183047 3.56467e-05 1.77773e-06 0.0182673 2.12691e-08 0.00320898 0.274837 2.2904 1.45114 2.31567 2.26421 0.93813 -8.76286 -1.04083e-17 -3.46945e-18 0 0 0.00145384 -0.00111081 -0.000340023 -39.3333 1 0 0 5.80879e-05 8.40271e-06 0.00363639
2035 27.7381 0.0201446 0.0175693 3.37774e-05 1.8085e-06 0.0175337 2.0009e-08 0.00320901 0.274837 2.2904 1.45114 2.31565 2.26424 0.938124 -8.75595 -1.04083e-17 -3.46945e-18 0 0 0.00135453 -0.00103623 -0.000319612 -39.3022 1 0 0 5.35306e-05 8.32662e-06 0.00347324
2040 27.8388 0.0201446 0.0168676 3.21315e-05 1.83684e-06 0.0168336 1.85907e-08 0.00320904 0.274837 2.2904 1.45114 2.31563 2.26426 0.938118 -8.74921 -1.04083e-17 -3.46945e-18 0 0 0.00125788 -0.000962759 -0.000301125 -39.272 1 0 0 4.95496e-05 8.27219e-06 0.00331843
2045 27.9395 0.0201446 0.0161978 3.06784e-05 1.86012e-06 0.0161653 1.70881e-08 0.00320907 0.274837 2.2904 1.45114 2.31561 2.26429 0.938112 -8.74264 -1.04083e-17 -3.46945e-18 0 0 0.00116462 -0.000891333 -0.000284081 -39.2425 1 0 0 4.60592e-05 8.22027e-06 0.00317148
2050 28.0402 0.0201446 0.0155585 2.9391e-05 1.8776e-06 0.0155272 1.55526e-08 0.00320909 0.274838 2.2904 1.45114 2.31559 2.26431 0.938106 -8.73624 -1.04083e-17 -3.46945e-18 0 0 0.0010751 -0.000822404 -0.000268274 -39.2138 1 0 0 4.29834e-05 8.16283e-06 0.00303195
2055 28.141 0.0201446 0.0149478 2.82455e-05 1.88938e-06 0.0149177 1.40241e-08 0.00320912 0.274837 2.2904 1.45114 2.31557 2.26433 0.938101 -8.73001 -1.04083e-17 -3.46945e-18 0 0 0.000989417 -0.000756158 -0.000253578 -39.1858 1 0 0 4.02582e-05 8.09712e-06 0.0028994
2060 28.2417 0.0201446 0.0143645 2.72222e-05 1.89593e-06 0.0143354 1.25337e-08 0.00320914 0.274837 2.2904 1.45114 2.31556 2.26435 0.938096 -8.72393 -1.04083e-17 -3.46945e-18 0 0 0.00090755 -0.000692638 -0.000239893 -39.1585 1 0 0 3.78314e-05 8.02284e-06 0.00277346
2065 28.3424 0.0201446 0.0138071 2.63042e-05 1.89783e-06 0.0137789 1.11053e-08 0.00320915 0.274837 2.2904 1.45114 2.31555 2.26437 0.938091 -8.71801 -1.04083e-17 -3.46945e-18 0 0 0.000829396 -0.000631813 -0.000227128 -39.132 1 0 0 3.56606e-05 7.9408e-06 0.00265373
2070 28.4431 0.0201446 0.0132743 2.54776e-05 1.89568e-06 0.0132469 9.75653e-09 0.00320917 0.274837 2.2904 1.45114 2.31554 2.26438 0.938087 -8.71223 -1.04083e-17 -3.46945e-18 0 0 0.000754818 -0.000573611 -0.000215202 -39.106 1 0 0 3.37111e-05 7.85224e-06 0.00253989
2075 28.5438 0.0201446 0.012765 2.47304e-05 1.89005e-06 0.0127383 8.49897e-09 0.00320918 0.274838 2.2904 1.45114 2.31552 2.2644 0.938083 -8.7066 -1.04083e-17 -3.46945e-18 0 0 0.000683665 -0.000517943 -0.000204041 -39.0807 1 0 0 3.19546e-05 7.75847e-06 0.0024316
2080 28.6446 0.0201446 0.0122779 2.40527e-05 1.88147e-06 0.0122519 7.33966e-09 0.0032092 0.274838 2.2904 1.45114 2.31551 2.26441 0.938079 -8.7011 -1.04083e-17 -3.46945e-18 0 0 0.000615784 -0.000464711 -0.00019358 -39.0561 1 0 0 3.03676e-05 7.66073e-06 0.00232856
2085 28.7453 0.0201446 0.011812 2.3436e-05 1.8704e-06 0.0117866 6.28171e-09 0.00320921 0.274838 2.2904 1.45114 2.31551 2.26442 0.938075 -8.69573 -1.04083e-17 -3.46945e-18 0 0 0.000551021 -0.000413814 -0.00018376 -39.032 1 0 0 2.89302e-05 7.56011e-06 0.00223048
2090 28.846 0.0201446 0.0113662 2.28729e-05 1.85725e-06 0.0113415 5.32533e-09 0.00320922 0.274837 2.2904 1.45114 2.3155 2.26443 0.938071 -8.6905 -1.04083e-17 -3.46945e-18 0 0 0.00048923 -0.000365154 -0.000174529 -39.0085 1 0 0 2.76257e-05 7.45756e-06 0.00213709
2095 28.9467 0.0201446 0.0109396 2.23573e-05 1.84237e-06 0.0109154 4.46851e-09 0.00320923 0.274837 2.2904 1.45114 2.31549 2.26444 0.938068 -8.68538 -1.04083e-17 -3.46945e-18 0 0 0.000430268 -0.000318631 -0.000165842 -38.9855 1 0 0 2.64398e-05 7.35384e-06 0.00204814
2100 29.0475 0.0201446 0.0105313 2.18838e-05 1.82606e-06 0.0105076 3.70768e-09 0.00320923 0.274837 2.2904 1.45114 2.31549 2.26445 0.938065 -8.68039 -1.04083e-17 -3.46945e-18 0 0 0.000374002 -0.000274154 -0.00015766 -38.9631 1 0 0 2.53601e-05 7.24958e-06 0.0019634
2105 29.1482 0.0201446 0.0101404 2.14479e-05 1.80859e-06 0.0101171 3.03825e-09 0.00320924 0.274837 2.2904 1.45114 2.31548 2.26446 0.938062 -8.67551 -1.04083e-17 -3.46945e-18 0 0 0.000320304 -0.00023163 -0.000149947 -38.9412 1 0 0 2.43759e-05 7.14528e-06 0.00188265
2110 29.2489 0.0201446 0.00976601 2.10454e-05 1.79016e-06 0.00974318 2.45497e-09 0.00320925 0.274838 2.2904 1.45114 2.31548 2.26446 0.938059 -8.67074 -1.04083e-17 -3.46945e-18 0 0 0.000269052 -0.000190973 -0.00014267 -38.9198 1 0 0 2.34776e-05 7.04135e-06 0.00180566
2115 29.3496 0.0201446 0.00940745 2.06729e-05 1.77097e-06 0.00938501 1.95224e-09 0.00320925 0.274837 2.2904 1.45114 2.31547 2.26447 0.938056 -8.66609 -1.04083e-17 -3.46945e-18 0 0 0.000220133 -0.000152102 -0.0001358 -38.8989 1 0 0 2.2657e-05 6.9381e-06 0.00173226
2120 29.4504 0.0201446 0.00906395 2.03273e-05 1.75119e-06 0.00904187 1.52433e-09 0.00320925 0.274837 2.2904 1.45114 2.31547 2.26447 0.938053 -8.66154 -1.04083e-17 -3.46945e-18 0 0 0.000173437 -0.000114936 -0.000129313 -38.8785 1 0 0 2.19067e-05 6.83577e-06 0.00166224
2125 29.5511 0.0201446 0.0087348 2.0006e-05 1.73094e-06 0.00871306 1.16556e-09 0.00320925 0.274837 2.2904 1.45114 2.31547 2.26447 0.938051 -8.6571 -1.04083e-17 -3.46945e-18 0 0 0.000128861 -7.94005e-05 -0.000123184 -38.8585 1 0 0 2.12203e-05 6.73455e-06 0.00159544
2130 29.6518 0.0201446 0.00841935 1.97066e-05 1.71035e-06 0.00839793 8.70355e-10 0.00320926 0.274837 2.2904 1.45114 2.31547 2.26448 0.938048 -8.65275 -1.04083e-17 -3.46945e-18 0 0 8.63092e-05 -4.54243e-05 -0.000117391 -38.839 1 0 0 2.05918e-05 6.63458e-06 0.00153169
2135 29.7525 0.0201446 0.00811695 1.9427e-05 1.68952e-06 0.00809584 6.33385e-10 0.00320926 0.274838 2.2904 1.45114 2.31547 2.26448 0.938046 -8.6485 -1.04083e-17 -3.46945e-18 0 0 4.56876e-05 -1.29388e-05 -0.000111915 -38.82 1 0 0 2.0016e-05 6.53598e-06 0.00147084
2140 29.8532 0.0201446 0.00782702 1.91653e-05 1.66852e-06 0.00780619 4.49574e-10 0.00320926 0.274837 2.2904 1.45114 2.31547 2.26448 0.938044 -8.64435 -1.04083e-17 -3.46945e-18 0 0 6.90878e-06 1.8121e-05 -0.000106737 -38.8013 1 0 0 1.94882e-05 6.43882e-06 0.00141274
2145 29.954 0.0201446 0.007549 1.892e-05 1.64743e-06 0.00752843 3.14138e-10 0.00320925 0.274837 2.2904 1.45114 2.31547 2.26448 0.938042 -8.6403 -1.04083e-17 -3.46945e-18 0 0 -3.01105e-05 4.78173e-05 -0.00010184 -38.7831 1 0 0 1.90043e-05 6.34315e-06 0.00135726
2150 30.0547 0.0201446 0.00728233 1.86897e-05 1.62632e-06 0.00726201 2.22595e-10 0.00320925 0.274838 2.2904 1.45114 2.31547 2.26448 0.93804 -8.63633 -1.04083e-17 -3.46945e-18 0 0 -6.54496e-05 7.62091e-05 -9.72095e-05 -38.7653 1 0 0 1.85603e-05 6.24903e-06 0.00130425
2155 30.1554 0.0201446 0.00702651 1.84728e-05 1.60524e-06 0.00700643 1.70775e-10 0.00320925 0.274837 2.2904 1.45114 2.31547 2.26448 0.938038 -8.63245 -1.04083e-17 -3.46945e-18 0 0 -9.91838e-05 0.000103353 -9.28295e-05 -38.7479 1 0 0 1.81528e-05 6.15646e-06 0.00125361
2160 30.2561 0.0201446 0.00678106 1.82685e-05 1.58422e-06 0.00676121 1.54806e-10 0.00320924 0.274837 2.2904 1.45114 2.31547 2.26447 0.938036 -8.62865 -1.04083e-17 -3.46945e-18 0 0 -0.000131385 0.000129303 -8.86867e-05 -38.7309 1 0 0 1.77787e-05 6.06548e-06 0.00120521
2165 30.3569 0.0201446 0.00654551 1.80755e-05 1.56331e-06 0.00652587 1.7111e-10 0.00320924 0.274837 2.2904 1.45114 2.31548 2.26447 0.938034 -8.62494 -1.04083e-17 -3.46945e-18 0 0 -0.00016212 0.000154109 -8.47683e-05 -38.7142 1 0 0 1.74351e-05 5.97608e-06 0.00115895
2170 30.4576 0.0201446 0.00631942 1.78929e-05 1.54254e-06 0.00629999 2.16387e-10 0.00320923 0.274838 2.2904 1.45114 2.31548 2.26447 0.938033 -8.62131 -1.04083e-17 -3.46945e-18 0 0 -0.000191456 0.000177822 -8.10623e-05 -38.6979 1 0 0 1.71195e-05 5.88827e-06 0.00111471
2175 30.5583 0.0201446 0.00610238 1.772e-05 1.52193e-06 0.00608314 2.87604e-10 0.00320923 0.274837 2.2904 1.45114 2.31548 2.26446 0.938031 -8.61776 -1.04083e-17 -3.46945e-18 0 0 -0.000219452 0.000200488 -7.75575e-05 -38.682 1 0 0 1.68294e-05 5.80204e-06 0.00107241
2180 30.659 0.0201446 0.00589398 1.75558e-05 1.50151e-06 0.00587493 3.81973e-10 0.00320922 0.274838 2.2904 1.45114 2.31549 2.26446 0.93803 -8.61429 -1.04083e-17 -3.46945e-18 0 0 -0.00024617 0.000222151 -7.42433e-05 -38.6664 1 0 0 1.65627e-05 5.71737e-06 0.00103195
2185 30.7597 0.0201446 0.00569386 1.73999e-05 1.4813e-06 0.00567498 4.96941e-10 0.00320921 0.274837 2.2904 1.45114 2.31549 2.26445 0.938028 -8.61089 -1.04083e-17 -3.46945e-18 0 0 -0.000271663 0.000242854 -7.11096e-05 -38.6511 1 0 0 1.63175e-05 5.63427e-06 0.000993239
2190 30.8605 0.0201446 0.00550164 1.72514e-05 1.46132e-06 0.00548293 6.30169e-10 0.00320921 0.274838 2.2904 1.45114 2.3155 2.26445 0.938027 -8.60756 -1.04083e-17 -3.46945e-18 0 0 -0.000295987 0.000262638 -6.8147e-05 -38.6362 1 0 0 1.60919e-05 5.55272e-06 0.000956196
2195 30.9612 0.0201446 0.005317 1.711e-05 1.44157e-06 0.00529845 7.7952e-10 0.0032092 0.274837 2.2904 1.45114 2.3155 2.26444 0.938025 -8.60431 -1.04083e-17 -3.46945e-18 0 0 -0.000319191 0.000281542 -6.53467e-05 -38.6216 1 0 0 1.58844e-05 5.47269e-06 0.000920742
2200 31.0619 0.0201446 0.00513959 1.69749e-05 1.42206e-06 0.00512119 9.43039e-10 0.00320919 0.274837 2.2904 1.45114 2.31551 2.26443 0.938024 -8.60112 -1.04083e-17 -3.46945e-18 0 0 -0.000341324 0.000299602 -6.27001e-05 -38.6073 1 0 0 1.56933e-05 5.39417e-06 0.000886803
2205 31.1626 0.0201446 0.00496911 1.68458e-05 1.40282e-06 0.00495087 1.11894e-09 0.00320918 0.274838 2.2904 1.45114 2.31552 2.26443 0.938023 -8.59801 -1.04083e-17 -3.46945e-18 0 0 -0.000362434 0.000316854 -6.01995e-05 -38.5933 1 0 0 1.55174e-05 5.31715e-06 0.000854306
2210 31.2634 0.0201446 0.00480527 1.67222e-05 1.38384e-06 0.00478716 1.30561e-09 0.00320917 0.274837 2.2904 1.45114 2.31552 2.26442 0.938022 -8.59496 -1.04083e-17 -3.46945e-18 0 0 -0.000382564 0.000333333 -5.78373e-05 -38.5796 1 0 0 1.53554e-05 5.24159e-06 0.000823186
2215 31.3641 0.0201446 0.00464778 1.66038e-05 1.36513e-06 0.00462981 1.50155e-09 0.00320916 0.274837 2.2904 1.45114 2.31553 2.26441 0.938021 -8.59197 -1.04083e-17 -3.46945e-18 0 0 -0.000401755 0.000349069 -5.56063e-05 -38.5662 1 0 0 1.52061e-05 5.16749e-06 0.000793379
2220 31.4648 0.0201446 0.00449636 1.64902e-05 1.3467e-06 0.00447853 1.70542e-09 0.00320915 0.274837 2.2904 1.45114 2.31554 2.2644 0.938019 -8.58905 -1.04083e-17 -3.46945e-18 0 0 -0.00042005 0.000364096 -5.34998e-05 -38.5531 1 0 0 1.50684e-05 5.09482e-06 0.000764823
2225 31.5655 0.0201446 0.00435077 1.6381e-05 1.32854e-06 0.00433307 1.916e-09 0.00320914 0.274837 2.2904 1.45114 2.31554 2.26439 0.938018 -8.58619 -1.04083e-17 -3.46945e-18 0 0 -0.000437485 0.00037844 -5.15114e-05 -38.5402 1 0 0 1.49414e-05 5.02356e-06 0.000737461
2230 31.6663 0.0201446 0.00421077 1.62759e-05 1.31066e-06 0.00419318 2.13216e-09 0.00320912 0.274837 2.2904 1.45114 2.31555 2.26439 0.938017 -8.58338 -1.04083e-17 -3.46945e-18 0 0 -0.000454098 0.000392133 -4.96351e-05 -38.5277 1 0 0 1.48242e-05 4.95368e-06 0.00071124
2235 31.767 0.0201446 0.0040761 1.61747e-05 1.29307e-06 0.00405863 2.35289e-09 0.00320911 0.274837 2.2904 1.45114 2.31556 2.26438 0.938016 -8.58064 -1.04083e-17 -3.46945e-18 0 0 -0.000469924 0.000405199 -4.78651e-05 -38.5154 1 0 0 1.47159e-05 4.88517e-06 0.000686106
2240 31.8677 0.0201446 0.00394656 1.60771e-05 1.27575e-06 0.0039292 2.57727e-09 0.0032091 0.274837 2.2904 1.45114 2.31557 2.26437 0.938015 -8.57796 -1.04083e-17 -3.46945e-18 0 0 -0.000484996 0.000417665 -4.6196e-05 -38.5033 1 0 0 1.46159e-05 4.81801e-06 0.000662011
2245 31.9684 0.0201446 0.00382192 1.59829e-05 1.25872e-06 0.00380468 2.80446e-09 0.00320909 0.274838 2.2904 1.45114 2.31558 2.26436 0.938015 -8.57533 -1.04083e-17 -3.46945e-18 0 0 -0.000499346 0.000429556 -4.46225e-05 -38.4915 1 0 0 1.45233e-05 4.75216e-06 0.000638908
2250 32.0691 0.0201446 0.00370199 1.58918e-05 1.24197e-06 0.00368486 3.03372e-09 0.00320907 0.274837 2.2904 1.45114 2.31559 2.26435 0.938014 -8.57275 -1.04083e-17 -3.46945e-18 0 0 -0.000513006 0.000440895 -4.31397e-05 -38.4799 1 0 0 1.44376e-05 4.68761e-06 0.000616752
2255 32.1699 0.0201446 0.00358658 1.58036e-05 1.2255e-06 0.00356955 3.26435e-09 0.00320906 0.274837 2.2904 1.45114 2.31559 2.26434 0.938013 -8.57023 -1.04083e-17 -3.46945e-18 0 0 -0.000526003 0.000451705 -4.17431e-05 -38.4686 1 0 0 1.43581e-05 4.62434e-06 0.000595501
2260 32.2706 0.0201446 0.00347548 1.57182e-05 1.20931e-06 0.00345856 3.49573e-09 0.00320905 0.274838 2.2904 1.45114 2.3156 2.26432 0.938012 -8.56776 -1.04083e-17 -3.46945e-18 0 0 -0.000538366 0.000462008 -4.0428e-05 -38.4575 1 0 0 1.42844e-05 4.56231e-06 0.000575115
2265 32.3713 0.0201446 0.00336854 1.56354e-05 1.1934e-06 0.00335171 3.7273e-09 0.00320903 0.274838 2.2904 1.45114 2.31561 2.26431 0.938011 -8.56534 -1.04083e-17 -3.46945e-18 0 0 -0.000550121 0.000471824 -3.91904e-05 -38.4467 1 0 0 1.42159e-05 4.50152e-06 0.000555555
2270 32.472 0.0201446 0.00326557 1.5555e-05 1.17776e-06 0.00324884 3.95856e-09 0.00320902 0.274837 2.2904 1.45114 2.31562 2.2643 0.93801 -8.56297 -1.04083e-17 -3.46945e-18 0 0 -0.000561295 0.000481173 -3.80262e-05 -38.4361 1 0 0 1.41521e-05 4.44194e-06 0.000536785
2275 32.5728 0.0201446 0.00316642 1.54768e-05 1.16239e-06 0.00314978 4.18906e-09 0.003209 0.274838 2.2904 1.45114 2.31563 2.26429 0.93801 -8.56065 -1.04083e-17 -3.46945e-18 0 0 -0.000571911 0.000490074 -3.69316e-05 -38.4256 1 0 0 1.40927e-05 4.38355e-06 0.00051877
2280 32.6735 0.0201446 0.00307093 1.54007e-05 1.1473e-06 0.00305438 4.41838e-09 0.00320899 0.274837 2.2904 1.45114 2.31564 2.26428 0.938009 -8.55838 -1.04083e-17 -3.46945e-18 0 0 -0.000581992 0.000498544 -3.5903e-05 -38.4154 1 0 0 1.40373e-05 4.32631e-06 0.000501478
2285 32.7742 0.0201446 0.00297896 1.53267e-05 1.13246e-06 0.0029625 4.64616e-09 0.00320897 0.274837 2.2904 1.45114 2.31565 2.26427 0.938008 -8.55615 -1.04083e-17 -3.46945e-18 0 0 -0.000591562 0.000506603 -3.49369e-05 -38.4054 1 0 0 1.39854e-05 4.27022e-06 0.000484876
2290 32.8749 0.0201446 0.00289035 1.52544e-05 1.1179e-06 0.00287398 4.87207e-09 0.00320896 0.274837 2.2904 1.45114 2.31566 2.26426 0.938008 -8.55397 -1.04083e-17 -3.46945e-18 0 0 -0.00060064 0.000514265 -3.40301e-05 -38.3956 1 0 0 1.39367e-05 4.21525e-06 0.000468935
2295 32.9756 0.0201446 0.00280499 1.5184e-05 1.10359e-06 0.0027887 5.09582e-09 0.00320894 0.274837 2.2904 1.45114 2.31567 2.26424 0.938007 -8.55183 -1.04083e-17 -3.46945e-18 0 0 -0.000609248 0.000521548 -3.31795e-05 -38.3861 1 0 0 1.3891e-05 4.16137e-06 0.000453626
2300 33.0764 0.0201446 0.00272273 1.51152e-05 1.08954e-06 0.00270652 5.31714e-09 0.00320892 0.274837 2.2904 1.45114 2.31568 2.26423 0.938006 -8.54974 -1.04083e-17 -3.46945e-18 0 0 -0.000617406 0.000528465 -3.2382e-05 -38.3767 1 0 0 1.3848e-05 4.10857e-06 0.000438921
2305 33.1771 0.0201446 0.00264345 1.50479e-05 1.07574e-06 0.00262733 5.5358e-09 0.00320891 0.274838 2.2904 1.45114 2.31569 2.26422 0.938006 -8.54769 -1.04083e-17 -3.46945e-18 0 0 -0.00062513 0.000535032 -3.16349e-05 -38.3674 1 0 0 1.38074e-05 4.05683e-06 0.000424796
2310 33.2778 0.0201446 0.00256704 1.49821e-05 1.06219e-06 0.00255099 5.7516e-09 0.00320889 0.274837 2.2904 1.45114 2.31571 2.26421 0.938005 -8.54568 -1.04083e-17 -3.46945e-18 0 0 -0.000632441 0.000541263 -3.09355e-05 -38.3584 1 0 0 1.37689e-05 4.00611e-06 0.000411224
2315 33.3785 0.0201446 0.00249337 1.49177e-05 1.04888e-06 0.00247741 5.96435e-09 0.00320887 0.274838 2.2904 1.45114 2.31572 2.26419 0.938004 -8.54371 -1.04083e-17 -3.46945e-18 0 0 -0.000639354 0.000547171 -3.02813e-05 -38.3496 1 0 0 1.37323e-05 3.95641e-06 0.000398183
2320 33.4793 0.0201446 0.00242235 1.48545e-05 1.03582e-06 0.00240646 6.1739e-09 0.00320886 0.274838 2.2904 1.45114 2.31573 2.26418 0.938004 -8.54178 -1.04083e-17 -3.46945e-18 0 0 -0.000645885 0.000552769 -2.96698e-05 -38.3409 1 0 0 1.36975e-05 3.9077e-06 0.00038565
2325 33.58 0.0201446 0.00235387 1.47925e-05 1.02299e-06 0.00233806 6.38011e-09 0.00320884 0.274837 2.2904 1.45114 2.31574 2.26417 0.938003 -8.53988 -1.04083e-17 -3.46945e-18 0 0 -0.000652052 0.000558069 -2.90987e-05 -38.3324 1 0 0 1.36643e-05 3.85995e-06 0.000373603
2330 33.6807 0.0201446 0.00228783 1.47317e-05 1.01039e-06 0.00227209 6.58288e-09 0.00320882 0.274837 2.2904 1.45114 2.31575 2.26415 0.938003 -8.53803 -1.04083e-17 -3.46945e-18 0 0 -0.000657864 0.00056308 -2.85664e-05 -38.3241 1 0 0 1.36324e-05 3.81316e-06 0.000362022
2335 33.7814 0.0201446 0.00222413 1.4672e-05 9.98027e-07 0.00220846 6.78205e-09 0.00320881 0.274837 2.2904 1.45114 2.31576 2.26414 0.938002 -8.53621 -1.04083e-17 -3.46945e-18 0 0 -0.000663347 0.000567822 -2.80691e-05 -38.3159 1 0 0 1.36017e-05 3.76729e-06 0.000350887
2340 33.8822 0.0201446 0.00216268 1.46133e-05 9.85886e-07 0.00214708 6.97758e-09 0.00320879 0.274837 2.2904 1.45114 2.31577 2.26413 0.938001 -8.53443 -1.04083e-17 -3.46945e-18 0 0 -0.000668504 0.000572297 -2.76064e-05 -38.3079 1 0 0 1.35721e-05 3.72233e-06 0.00034018
2345 33.9829 0.0201446 0.00210339 1.45555e-05 9.73966e-07 0.00208786 7.16938e-09 0.00320877 0.274837 2.2904 1.45114 2.31578 2.26411 0.938001 -8.53268 -1.04083e-17 -3.46945e-18 0 0 -0.000673352 0.000576519 -2.71761e-05 -38.3001 1 0 0 1.35434e-05 3.67826e-06 0.000329882
2350 34.0836 0.0201446 0.00204619 1.44986e-05 9.62262e-07 0.00203073 7.3574e-09 0.00320875 0.274837 2.2904 1.45114 2.3158 2.2641 0.938 -8.53097 -1.04083e-17 -3.46945e-18 0 0 -0.000677902 0.000580497 -2.67762e-05 -38.2924 1 0 0 1.35156e-05 3.63505e-06 0.000319977
2355 34.1843 0.0201446 0.00199098 1.44425e-05 9.50771e-07 0.00197559 7.54159e-09 0.00320873 0.274837 2.2904 1.45114 2.31581 2.26409 0.938 -8.52929 -1.04083e-17 -3.46945e-18 0 0 -0.000682168 0.000584241 -2.6405e-05 -38.2849 1 0 0 1.34884e-05 3.5927e-06 0.000310448
2360 34.285 0.0201446 0.0019377 1.43873e-05 9.39489e-07 0.00192237 7.7219e-09 0.00320872 0.274837 2.2904 1.45114 2.31582 2.26407 0.937999 -8.52765 -1.04083e-17 -3.46945e-18 0 0 -0.000686161 0.000587759 -2.6061e-05 -38.2775 1 0 0 1.34618e-05 3.55118e-06 0.00030128
2365 34.3858 0.0201446 0.00188626 1.43328e-05 9.28412e-07 0.001871 7.89832e-09 0.0032087 0.274837 2.2904 1.45114 2.31583 2.26406 0.937999 -8.52604 -1.04083e-17 -3.46945e-18 0 0 -0.000689892 0.000591062 -2.57426e-05 -38.2703 1 0 0 1.34357e-05 3.51047e-06 0.000292457
2370 34.4865 0.0201446 0.0018366 1.4279e-05 9.17536e-07 0.0018214 8.07082e-09 0.00320868 0.274838 2.2904 1.45114 2.31584 2.26405 0.937998 -8.52446 -1.04083e-17 -3.46945e-18 0 0 -0.000693371 0.000594157 -2.54482e-05 -38.2632 1 0 0 1.341e-05 3.47055e-06 0.000283967
2375 34.5872 0.0201446 0.00178865 1.42259e-05 9.06856e-07 0.00177352 8.23938e-09 0.00320866 0.274838 2.2904 1.45114 2.31586 2.26403 0.937998 -8.52291 -1.04083e-17 -3.46945e-18 0 0 -0.000696609 0.000597052 -2.51766e-05 -38.2562 1 0 0 1.33847e-05 3.43141e-06 0.000275794
2380 34.6879 0.0201446 0.00174235 1.41734e-05 8.96369e-07 0.00172728 8.40402e-09 0.00320864 0.274837 2.2904 1.45114 2.31587 2.26402 0.937997 -8.52139 -1.04083e-17 -3.46945e-18 0 0 -0.000699615 0.000599755 -2.49263e-05 -38.2494 1 0 0 1.33596e-05 3.39302e-06 0.000267926
2385 34.7887 0.0201446 0.00169762 1.41215e-05 8.86071e-07 0.00168262 8.56472e-09 0.00320862 0.274837 2.2904 1.45114 2.31588 2.264 0.937997 -8.5199 -1.04083e-17 -3.46945e-18 0 0 -0.000702399 0.000602273 -2.46961e-05 -38.2427 1 0 0 1.33346e-05 3.35538e-06 0.00026035
2390 34.8894 0.0201446 0.00165442 1.40701e-05 8.75959e-07 0.00163948 8.72149e-09 0.0032086 0.274838 2.2904 1.45114 2.31589 2.26399 0.937996 -8.51844 -1.04083e-17 -3.46945e-18 0 0 -0.00070497 0.000604614 -2.44848e-05 -38.2361 1 0 0 1.33098e-05 3.31845e-06 0.000253056
2395 34.9901 0.0201446 0.00161268 1.40193e-05 8.66028e-07 0.0015978 8.87436e-09 0.00320858 0.274837 2.2904 1.45114 2.3159 2.26397 0.937996 -8.51701 -1.04083e-17 -3.46945e-18 0 0 -0.000707335 0.000606785 -2.42913e-05 -38.2297 1 0 0 1.32851e-05 3.28224e-06 0.00024603
2400 35.0908 0.0201446 0.00157236 1.3969e-05 8.56275e-07 0.00155753 9.02334e-09 0.00320856 0.274838 2.2904 1.45114 2.31592 2.26396 0.937995 -8.5156 -1.04083e-17 -3.46945e-18 0 0 -0.000709505 0.000608791 -2.41144e-05 -38.2234 1 0 0 1.32604e-05 3.24671e-06 0.000239263
2405 35.1915 0.0201446 0.00153338 1.39191e-05 8.46696e-07 0.00151862 9.16845e-09 0.00320854 0.274837 2.2904 1.45114 2.31593 2.26395 0.937995 -8.51422 -1.04083e-17 -3.46945e-18 0 0 -0.000711485 0.00061064 -2.39532e-05 -38.2172 1 0 0 1.32356e-05 3.21186e-06 0.000232743
2410 35.2923 0.0201446 0.00149572 1.38697e-05 8.37288e-07 0.00148101 9.30972e-09 0.00320852 0.274838 2.2904 1.45114 2.31594 2.26393 0.937994 -8.51287 -1.04083e-17 -3.46945e-18 0 0 -0.000713285 0.000612337 -2.38066e-05 -38.2112 1 0 0 1.32108e-05 3.17767e-06 0.000226462
2415 35.393 0.0201446 0.00145931 1.38207e-05 8.28046e-07 0.00144466 9.44718e-09 0.0032085 0.274837 2.2904 1.45114 2.31595 2.26392 0.937994 -8.51155 -1.04083e-17 -3.46945e-18 0 0 -0.000714911 0.000613888 -2.36736e-05 -38.2052 1 0 0 1.31859e-05 3.14412e-06 0.000220409
2420 35.4937 0.0201446 0.00142411 1.37721e-05 8.18968e-07 0.00140951 9.58086e-09 0.00320848 0.274837 2.2904 1.45114 2.31597 2.2639 0.937993 -8.51025 -1.04083e-17 -3.46945e-18 0 0 -0.000716369 0.0006153 -2.35535e-05 -38.1994 1 0 0 1.31608e-05 3.11119e-06 0.000214576
2425 35.5944 0.0201446 0.00139007 1.37239e-05 8.1005e-07 0.00137554 9.71081e-09 0.00320846 0.274837 2.2904 1.45114 2.31598 2.26389 0.937993 -8.50897 -1.04083e-17 -3.46945e-18 0 0 -0.000717668 0.000616576 -2.34454e-05 -38.1937 1 0 0 1.31355e-05 3.07888e-06 0.000208952
2430 35.6952 0.0201446 0.00135715 1.3676e-05 8.01288e-07 0.00134268 9.83705e-09 0.00320844 0.274837 2.2904 1.45114 2.31599 2.26387 0.937992 -8.50773 -1.04083e-17 -3.46945e-18 0 0 -0.000718813 0.000617723 -2.33484e-05 -38.1881 1 0 0 1.311e-05 3.04717e-06 0.000203531
2435 35.7959 0.0201446 0.00132532 1.36284e-05 7.9268e-07 0.0013109 9.95963e-09 0.00320842 0.274838 2.2904 1.45114 2.316 2.26386 0.937992 -8.5065 -1.04083e-17 -3.46945e-18 0 0 -0.000719811 0.000618745 -2.32618e-05 -38.1826 1 0 0 1.30843e-05 3.01604e-06 0.000198305
2440 35.8966 0.0201446 0.00129453 1.35812e-05 7.84222e-07 0.00128016 1.00786e-08 0.0032084 0.274838 2.2904 1.45114 2.31602 2.26385 0.937991 -8.5053 -1.04083e-17 -3.46945e-18 0 0 -0.000720667 0.000619647 -2.31849e-05 -38.1772 1 0 0 1.30583e-05 2.98549e-06 0.000193264
2445 35.9973 0.0201446 0.00126473 1.35343e-05 7.7591e-07 0.00125042 1.0194e-08 0.00320838 0.274838 2.2904 1.45114 2.31603 2.26383 0.937991 -8.50412 -1.04083e-17 -3.46945e-18 0 0 -0.000721387 0.000620434 -2.31169e-05 -38.1719 1 0 0 1.30321e-05 2.95549e-06 0.000188403
2450 36.0981 0.0201446 0.00123591 1.34876e-05 7.67743e-07 0.00122165 1.03059e-08 0.00320836 0.274837 2.2904 1.45114 2.31604 2.26382 0.937991 -8.50296 -1.04083e-17 -3.46945e-18 0 0 -0.000721977 0.00062111 -2.30573e-05 -38.1667 1 0 0 1.30055e-05 2.92603e-06 0.000183713
2455 36.1988 0.0201446 0.00120801 1.34412e-05 7.59716e-07 0.00119381 1.04143e-08 0.00320834 0.274837 2.2904 1.45114 2.31605 2.2638 0.93799 -8.50183 -1.04083e-17 -3.46945e-18 0 0 -0.000722441 0.00062168 -2.30054e-05 -38.1616 1 0 0 1.29787e-05 2.8971e-06 0.000179189
2460 36.2995 0.0201446 0.00118101 1.33951e-05 7.51826e-07 0.00116686 1.05192e-08 0.00320832 0.274837 2.2904 1.45114 2.31607 2.26379 0.93799 -8.50071 -1.04083e-17 -3.46945e-18 0 0 -0.000722785 0.000622147 -2.29606e-05 -38.1566 1 0 0 1.29515e-05 2.86869e-06 0.000174824
2465 36.4002 0.0201446 0.00115487 1.33492e-05 7.44072e-07 0.00114077 1.06208e-08 0.0032083 0.274837 2.2904 1.45114 2.31608 2.26377 0.937989 -8.49962 -1.04083e-17 -3.46945e-18 0 0 -0.000723014 0.000622515 -2.29223e-05 -38.1517 1 0 0 1.2924e-05 2.84079e-06 0.000170612
2470 36.5009 0.0201446 0.00112956 1.33035e-05 7.36449e-07 0.00111552 1.07191e-08 0.00320828 0.274837 2.2904 1.45114 2.31609 2.26376 0.937989 -8.49855 -1.04083e-17 -3.46945e-18 0 0 -0.000723132 0.000622789 -2.28901e-05 -38.1469 1 0 0 1.28961e-05 2.81338e-06 0.000166546
2475 36.6017 0.0201446 0.00110506 1.3258e-05 7.28955e-07 0.00109107 1.08141e-08 0.00320826 0.274837 2.2904 1.45114 2.3161 2.26374 0.937988 -8.4975 -1.04083e-17 -3.46945e-18 0 0 -0.000723144 0.000622971 -2.28634e-05 -38.1422 1 0 0 1.28679e-05 2.78646e-06 0.000162621
2480 36.7024 0.0201446 0.00108132 1.32127e-05 7.21587e-07 0.00106739 1.09058e-08 0.00320824 0.274838 2.2904 1.45114 2.31612 2.26373 0.937988 -8.49647 -1.04083e-17 -3.46945e-18 0 0 -0.000723054 0.000623066 -2.28417e-05 -38.1375 1 0 0 1.28394e-05 2.76e-06 0.000158831
2485 36.8031 0.0201446 0.00105834 1.31677e-05 7.14343e-07 0.00104446 1.09944e-08 0.00320822 0.274837 2.2904 1.45114 2.31613 2.26371 0.937987 -8.49546 -1.04083e-17 -3.46945e-18 0 0 -0.000722866 0.000623076 -2.28247e-05 -38.133 1 0 0 1.28104e-05 2.734e-06 0.000155172
2490 36.9038 0.0201446 0.00103607 1.31228e-05 7.07219e-07 0.00102224 1.10799e-08 0.0032082 0.274837 2.2904 1.45114 2.31614 2.2637 0.937987 -8.49446 -1.04083e-17 -3.46945e-18 0 0 -0.000722585 0.000623005 -2.28118e-05 -38.1285 1 0 0 1.27811e-05 2.70846e-06 0.000151637
2495 37.0046 0.0201446 0.0010145 1.3078e-05 7.00214e-07 0.00100072 1.11623e-08 0.00320818 0.274837 2.2904 1.45114 2.31615 2.26369 0.937986 -8.49349 -1.04083e-17 -3.46945e-18 0 0 -0.000722213 0.000622856 -2.28027e-05 -38.1242 1 0 0 1.27515e-05 2.68335e-06 0.000148224
2500 37.1053 0.0201446 0.000993588 1.30335e-05 6.93324e-07 0.000979861 1.12416e-08 0.00320816 0.274837 2.2904 1.45114 2.31617 2.26367 0.937986 -8.49253 -1.04083e-17 -3.46945e-18 0 0 -0.000721755 0.000622633 -2.27969e-05 -38.1199 1 0 0 1.27214e-05 2.65866e-06 0.000144926
2505 37.206 0.0201446 0.000973325 1.2989e-05 6.86547e-07 0.000959649 1.1318e-08 0.00320814 0.274838 2.2904 1.45114 2.31618 2.26366 0.937985 -8.4916 -1.04083e-17 -3.46945e-18 0 0 -0.000721214 0.000622337 -2.27942e-05 -38.1157 1 0 0 1.2691e-05 2.6344e-06 0.000141739
2510 37.3067 0.0201446 0.000953683 1.29448e-05 6.79882e-07 0.000940058 1.13915e-08 0.00320812 0.274837 2.2904 1.45114 2.31619 2.26364 0.937985 -8.49068 -1.04083e-17 -3.46945e-18 0 0 -0.000720594 0.000621972 -2.27941e-05 -38.1115 1 0 0 1.26602e-05 2.61055e-06 0.000138659
2515 37.4074 0.0201446 0.00093464 1.29006e-05 6.73324e-07 0.000921066 1.14622e-08 0.0032081 0.274838 2.2904 1.45114 2.3162 2.26363 0.937985 -8.48977 -1.04083e-17 -3.46945e-18 0 0 -0.000719897 0.00062154 -2.27964e-05 -38.1075 1 0 0 1.2629e-05 2.58709e-06 0.000135683
2520 37.5082 0.0201446 0.000916176 1.28566e-05 6.66873e-07 0.000902652 1.153e-08 0.00320808 0.274838 2.2904 1.45114 2.31622 2.26361 0.937984 -8.48889 -1.04083e-17 -3.46945e-18 0 0 -0.000719128 0.000621045 -2.28007e-05 -38.1035 1 0 0 1.25974e-05 2.56402e-06 0.000132805
2525 37.6089 0.0201446 0.000898269 1.28127e-05 6.60525e-07 0.000884796 1.15951e-08 0.00320806 0.274837 2.2904 1.45114 2.31623 2.2636 0.937984 -8.48802 -1.04083e-17 -3.46945e-18 0 0 -0.000718288 0.000620487 -2.28068e-05 -38.0996 1 0 0 1.25655e-05 2.54133e-06 0.000130023
2530 37.7096 0.0201446 0.000880901 1.27689e-05 6.54279e-07 0.000867478 1.16574e-08 0.00320804 0.274838 2.2904 1.45114 2.31624 2.26358 0.937983 -8.48716 -1.04083e-17 -3.46945e-18 0 0 -0.000717381 0.000619871 -2.28143e-05 -38.0958 1 0 0 1.25332e-05 2.51902e-06 0.000127332
2535 37.8103 0.0201446 0.000864052 1.27253e-05 6.48133e-07 0.000850679 1.17172e-08 0.00320801 0.274837 2.2904 1.45114 2.31625 2.26357 0.937983 -8.48633 -1.04083e-17 -3.46945e-18 0 0 -0.00071641 0.000619198 -2.28231e-05 -38.092 1 0 0 1.25005e-05 2.49706e-06 0.00012473
2540 37.9111 0.0201446 0.000847704 1.26817e-05 6.42084e-07 0.00083438 1.17743e-08 0.00320799 0.274837 2.2904 1.45114 2.31627 2.26356 0.937982 -8.4855 -1.04083e-17 -3.46945e-18 0 0 -0.000715378 0.00061847 -2.28328e-05 -38.0883 1 0 0 1.24675e-05 2.47546e-06 0.000122212
2545 38.0118 0.0201446 0.00083184 1.26383e-05 6.3613e-07 0.000818566 1.18288e-08 0.00320797 0.274838 2.2904 1.45114 2.31628 2.26354 0.937982 -8.4847 -1.04083e-17 -3.46945e-18 0 0 -0.000714286 0.00061769 -2.28433e-05 -38.0847 1 0 0 1.24341e-05 2.45421e-06 0.000119777
2550 38.1125 0.0201446 0.000816443 1.25949e-05 6.30269e-07 0.000803218 1.18809e-08 0.00320795 0.274837 2.2904 1.45114 2.31629 2.26353 0.937981 -8.48391 -1.04083e-17 -3.46945e-18 0 0 -0.000713137 0.000616859 -2.28544e-05 -38.0812 1 0 0 1.24004e-05 2.43329e-06 0.000117419
2555 38.2132 0.0201446 0.000801497 1.25517e-05 6.245e-07 0.000788321 1.19305e-08 0.00320793 0.274837 2.2904 1.45114 2.3163 2.26351 0.937981 -8.48313 -1.04083e-17 -3.46945e-18 0 0 -0.000711934 0.00061598 -2.28657e-05 -38.0777 1 0 0 1.23662e-05 2.41271e-06 0.000115138
2560 38.314 0.0201446 0.000786986 1.25085e-05 6.1882e-07 0.000773859 1.19777e-08 0.00320791 0.274837 2.2904 1.45114 2.31632 2.2635 0.93798 -8.48237 -1.04083e-17 -3.46945e-18 0 0 -0.00071068 0.000615055 -2.28772e-05 -38.0742 1 0 0 1.23318e-05 2.39245e-06 0.000112929
2565 38.4147 0.0201446 0.000772895 1.24654e-05 6.13227e-07 0.000759817 1.20225e-08 0.00320789 0.274838 2.2904 1.45114 2.31633 2.26348 0.93798 -8.48162 -1.04083e-17 -3.46945e-18 0 0 -0.000709375 0.000614085 -2.28887e-05 -38.0709 1 0 0 1.2297e-05 2.3725e-06 0.000110791
2570 38.5154 0.0201446 0.00075921 1.24224e-05 6.0772e-07 0.00074618 1.20651e-08 0.00320787 0.274838 2.2904 1.45114 2.31634 2.26347 0.93798 -8.48088 -1.04083e-17 -3.46945e-18 0 0 -0.000708024 0.000613072 -2.28999e-05 -38.0676 1 0 0 1.22619e-05 2.35286e-06 0.00010872
2575 38.6161 0.0201446 0.000745918 1.23795e-05 6.02297e-07 0.000732936 1.21054e-08 0.00320785 0.274837 2.2904 1.45114 2.31635 2.26345 0.937979 -8.48016 -1.04083e-17 -3.46945e-18 0 0 -0.000706626 0.000612018 -2.29108e-05 -38.0643 1 0 0 1.22264e-05 2.33353e-06 0.000106714
2580 38.7168 0.0201446 0.000733003 1.23366e-05 5.96957e-07 0.00072007 1.21434e-08 0.00320783 0.274837 2.2904 1.45114 2.31637 2.26344 0.937979 -8.47945 -1.04083e-17 -3.46945e-18 0 0 -0.000705185 0.000610924 -2.29212e-05 -38.0612 1 0 0 1.21906e-05 2.31449e-06 0.000104771
2585 38.8176 0.0201446 0.000720454 1.22939e-05 5.91696e-07 0.000707569 1.21793e-08 0.00320781 0.274838 2.2904 1.45114 2.31638 2.26343 0.937978 -8.47876 -1.04083e-17 -3.46945e-18 0 0 -0.000703703 0.000609793 -2.29309e-05 -38.058 1 0 0 1.21545e-05 2.29573e-06 0.000102888
2590 38.9183 0.0201446 0.000708259 1.22512e-05 5.86515e-07 0.000695421 1.22131e-08 0.00320778 0.274837 2.2904 1.45114 2.31639 2.26341 0.937978 -8.47807 -1.04083e-17 -3.46945e-18 0 0 -0.00070218 0.000608625 -2.29398e-05 -38.055 1 0 0 1.21181e-05 2.27726e-06 0.000101063
2595 39.019 0.0201446 0.000696405 1.22085e-05 5.8141e-07 0.000683615 1.22448e-08 0.00320776 0.274837 2.2904 1.45114 2.3164 2.2634 0.937977 -8.4774 -1.04083e-17 -3.46945e-18 0 0 -0.00070062 0.000607423 -2.29479e-05 -38.052 1 0 0 1.20814e-05 2.25907e-06 9.92944e-05
2600 39.1197 0.0201446 0.000684881 1.21659e-05 5.76381e-07 0.000672138 1.22744e-08 0.00320774 0.274837 2.2904 1.45114 2.31641 2.26338 0.937977 -8.47675 -1.04083e-17 -3.46945e-18 0 0 -0.000699023 0.000606187 -2.29549e-05 -38.049 1 0 0 1.20444e-05 2.24114e-06 9.75795e-05
2605 39.2205 0.0201446 0.000673675 1.21234e-05 5.71426e-07 0.00066098 1.23021e-08 0.00320772 0.274838 2.2904 1.45114 2.31643 2.26337 0.937976 -8.4761 -1.04083e-17 -3.46945e-18 0 0 -0.000697392 0.000604919 -2.29609e-05 -38.0461 1 0 0 1.20071e-05 2.22347e-06 9.59165e-05
2610 39.3212 0.0201446 0.000662777 1.2081e-05 5.66544e-07 0.00065013 1.23278e-08 0.0032077 0.274837 2.2904 1.45114 2.31644 2.26336 0.937976 -8.47547 -1.04083e-17 -3.46945e-18 0 0 -0.000695727 0.00060362 -2.29656e-05 -38.0433 1 0 0 1.19696e-05 2.20607e-06 9.43036e-05
2615 39.4219 0.0201446 0.000652177 1.20386e-05 5.61733e-07 0.000639577 1.23516e-08 0.00320768 0.274838 2.2904 1.45114 2.31645 2.26334 0.937975 -8.47484 -1.04083e-17 -3.46945e-18 0 0 -0.000694031 0.000602292 -2.2969e-05 -38.0405 1 0 0 1.19317e-05 2.18892e-06 9.27389e-05
2620 39.5226 0.0201446 0.000641865 1.19962e-05 5.56991e-07 0.000629312 1.23736e-08 0.00320766 0.274838 2.2904 1.45114 2.31646 2.26333 0.937975 -8.47423 -1.04083e-17 -3.46945e-18 0 0 -0.000692305 0.000600936 -2.29711e-05 -38.0377 1 0 0 1.18936e-05 2.17201e-06 9.12207e-05
2625 39.6234 0.0201446 0.000631831 1.1954e-05 5.52317e-07 0.000619325 1.23937e-08 0.00320764 0.274838 2.2904 1.45114 2.31648 2.26331 0.937974 -8.47363 -1.04083e-17 -3.46945e-18 0 0 -0.00069055 0.000599553 -2.29717e-05 -38.035 1 0 0 1.18552e-05 2.15534e-06 8.97474e-05
2630 39.7241 0.0201446 0.000622066 1.19117e-05 5.47711e-07 0.000609607 1.2412e-08 0.00320762 0.274838 2.2904 1.45114 2.31649 2.2633 0.937974 -8.47304 -1.04083e-17 -3.46945e-18 0 0 -0.000688767 0.000598144 -2.29708e-05 -38.0324 1 0 0 1.18166e-05 2.13891e-06 8.83172e-05
2635 39.8248 0.0201446 0.000612562 1.18696e-05 5.4317e-07 0.000600149 1.24286e-08 0.0032076 0.274837 2.2904 1.45114 2.3165 2.26329 0.937974 -8.47246 -1.04083e-17 -3.46945e-18 0 0 -0.000686959 0.000596711 -2.29683e-05 -38.0298 1 0 0 1.17777e-05 2.12271e-06 8.69286e-05
2640 39.9255 0.0201446 0.000603309 1.18275e-05 5.38693e-07 0.000590942 1.24435e-08 0.00320758 0.274837 2.2904 1.45114 2.31651 2.26327 0.937973 -8.47189 -1.04083e-17 -3.46945e-18 0 0 -0.000685126 0.000595254 -2.29641e-05 -38.0272 1 0 0 1.17386e-05 2.10674e-06 8.55802e-05
2645 40.0262 0.0201446 0.000594299 1.17854e-05 5.34278e-07 0.000581979 1.24567e-08 0.00320756 0.274837 2.2904 1.45114 2.31652 2.26326 0.937973 -8.47134 -1.04083e-17 -3.46945e-18 0 0 -0.000683269 0.000593774 -2.29583e-05 -38.0247 1 0 0 1.16992e-05 2.09099e-06 8.42705e-05
2650 40.127 0.0201446 0.000585524 1.17434e-05 5.29926e-07 0.000573251 1.24683e-08 0.00320753 0.274837 2.2904 1.45114 2.31654 2.26325 0.937972 -8.47079 -1.04083e-17 -3.46945e-18 0 0 -0.00068139 0.000592273 -2.29507e-05 -38.0223 1 0 0 1.16596e-05 2.07545e-06 8.29981e-05
2655 40.2277 0.0201446 0.000576978 1.17014e-05 5.25634e-07 0.00056475 1.24783e-08 0.00320751 0.274838 2.2904 1.45114 2.31655 2.26323 0.937972 -8.47025 -1.04083e-17 -3.46945e-18 0 0 -0.000679489 0.000590751 -2.29413e-05 -38.0198 1 0 0 1.16198e-05 2.06013e-06 8.17617e-05
2660 40.3284 0.0201446 0.000568651 1.16595e-05 5.21401e-07 0.00055647 1.24868e-08 0.00320749 0.274837 2.2904 1.45114 2.31656 2.26322 0.937971 -8.46972 -1.04083e-17 -3.46945e-18 0 0 -0.000677569 0.00058921 -2.29301e-05 -38.0175 1 0 0 1.15798e-05 2.04501e-06 8.056e-05
2665 40.4291 0.0201446 0.000560538 1.16177e-05 5.17227e-07 0.000548403 1.24937e-08 0.00320747 0.274837 2.2904 1.45114 2.31657 2.2632 0.937971 -8.4692 -1.04083e-17 -3.46945e-18 0 0 -0.000675629 0.00058765 -2.29171e-05 -38.0151 1 0 0 1.15396e-05 2.0301e-06 7.93918e-05
2670 40.5299 0.0201446 0.000552631 1.15759e-05 5.13109e-07 0.000540542 1.24991e-08 0.00320745 0.274837 2.2904 1.45114 2.31658 2.26319 0.93797 -8.46869 -1.04083e-17 -3.46945e-18 0 0 -0.000673671 0.000586072 -2.29021e-05 -38.0129 1 0 0 1.14992e-05 2.01538e-06 7.82558e-05
2675 40.6306 0.0201446 0.000544923 1.15341e-05 5.09048e-07 0.00053288 1.25031e-08 0.00320743 0.274837 2.2904 1.45114 2.31659 2.26318 0.93797 -8.46819 -1.04083e-17 -3.46945e-18 0 0 -0.000671696 0.000584477 -2.28853e-05 -38.0106 1 0 0 1.14587e-05 2.00086e-06 7.71511e-05
2680 40.7313 0.0201446 0.000537409 1.14924e-05 5.05041e-07 0.000525412 1.25057e-08 0.00320741 0.274838 2.2904 1.45114 2.31661 2.26316 0.937969 -8.4677 -1.04083e-17 -3.46945e-18 0 0 -0.000669704 0.000582866 -2.28665e-05 -38.0084 1 0 0 1.14179e-05 1.98654e-06 7.60764e-05
2685 40.832 0.0201446 0.000530082 1.14507e-05 5.01088e-07 0.00051813 1.25069e-08 0.00320739 0.274837 2.2904 1.45114 2.31662 2.26315 0.937969 -8.46721 -1.04083e-17 -3.46945e-18 0 0 -0.000667697 0.00058124 -2.28457e-05 -38.0062 1 0 0 1.13769e-05 1.97239e-06 7.50307e-05
2690 40.9327 0.0201446 0.000522936 1.14091e-05 4.97187e-07 0.00051103 1.25068e-08 0.00320737 0.274837 2.2904 1.45114 2.31663 2.26314 0.937968 -8.46674 -1.04083e-17 -3.46945e-18 0 0 -0.000665676 0.000579599 -2.2823e-05 -38.0041 1 0 0 1.13358e-05 1.95844e-06 7.40131e-05
2695 41.0335 0.0201446 0.000515965 1.13676e-05 4.93338e-07 0.000504104 1.25053e-08 0.00320735 0.274837 2.2904 1.45114 2.31664 2.26312 0.937968 -8.46627 -1.04083e-17 -3.46945e-18 0 0 -0.000663641 0.000577944 -2.27983e-05 -38.002 1 0 0 1.12946e-05 1.94466e-06 7.30224e-05
2700 41.1342 0.0201446 0.000509164 1.1326e-05 4.8954e-07 0.000497349 1.25025e-08 0.00320733 0.274837 2.2904 1.45114 2.31665 2.26311 0.937968 -8.46582 -1.04083e-17 -3.46945e-18 0 0 -0.000661594 0.000576275 -2.27716e-05 -37.9999 1 0 0 1.12531e-05 1.93105e-06 7.20579e-05
2705 41.2349 0.0201446 0.000502528 1.12846e-05 4.85792e-07 0.000490758 1.24985e-08 0.00320731 0.274838 2.2904 1.45114 2.31666 2.2631 0.937967 -8.46537 -1.04083e-17 -3.46945e-18 0 0 -0.000659534 0.000574595 -2.27429e-05 -37.9979 1 0 0 1.12116e-05 1.91762e-06 7.11185e-05
2710 41.3356 0.0201446 0.000496051 1.12432e-05 4.82093e-07 0.000484326 1.24933e-08 0.00320729 0.274837 2.2904 1.45114 2.31668 2.26308 0.937967 -8.46492 -1.04083e-17 -3.46945e-18 0 0 -0.000657463 0.000572902 -2.27122e-05 -37.9959 1 0 0 1.11698e-05 1.90436e-06 7.02035e-05
2715 41.4364 0.0201446 0.000489728 1.12018e-05 4.78441e-07 0.000478048 1.24869e-08 0.00320727 0.274837 2.2904 1.45114 2.31669 2.26307 0.937966 -8.46449 -1.04083e-17 -3.46945e-18 0 0 -0.000655382 0.000571198 -2.26795e-05 -37.994 1 0 0 1.1128e-05 1.89126e-06 6.93119e-05
2720 41.5371 0.0201446 0.000483555 1.11605e-05 4.74836e-07 0.00047192 1.24793e-08 0.00320725 0.274837 2.2904 1.45114 2.3167 2.26306 0.937966 -8.46406 -1.04083e-17 -3.46945e-18 0 0 -0.00065329 0.000569484 -2.26448e-05 -37.9921 1 0 0 1.1086e-05 1.87833e-06 6.8443e-05
2725 41.6378 0.0201446 0.000477526 1.11192e-05 4.71278e-07 0.000465936 1.24706e-08 0.00320723 0.274838 2.2904 1.45114 2.31671 2.26304 0.937965 -8.46364 -1.04083e-17 -3.46945e-18 0 0 -0.00065119 0.00056776 -2.26081e-05 -37.9902 1 0 0 1.10439e-05 1.86555e-06 6.7596e-05
2730 41.7385 0.0201446 0.000471638 1.1078e-05 4.67765e-07 0.000460093 1.24607e-08 0.00320721 0.274837 2.2904 1.45114 2.31672 2.26303 0.937965 -8.46323 -1.04083e-17 -3.46945e-18 0 0 -0.00064908 0.000566026 -2.25694e-05 -37.9883 1 0 0 1.10017e-05 1.85293e-06 6.67701e-05
2735 41.8393 0.0201446 0.000465887 1.10368e-05 4.64296e-07 0.000454385 1.24498e-08 0.00320719 0.274837 2.2904 1.45114 2.31673 2.26302 0.937964 -8.46283 -1.04083e-17 -3.46945e-18 0 0 -0.000646963 0.000564284 -2.25287e-05 -37.9865 1 0 0 1.09594e-05 1.84046e-06 6.59647e-05
2740 41.94 0.0201446 0.000460266 1.09957e-05 4.60871e-07 0.00044881 1.24378e-08 0.00320717 0.274837 2.2904 1.45114 2.31675 2.26301 0.937964 -8.46243 -1.04083e-17 -3.46945e-18 0 0 -0.000644839 0.000562533 -2.2486e-05 -37.9847 1 0 0 1.0917e-05 1.82814e-06 6.51791e-05
2745 42.0407 0.0201446 0.000454774 1.09547e-05 4.57489e-07 0.000443362 1.24249e-08 0.00320715 0.274837 2.2904 1.45114 2.31676 2.26299 0.937963 -8.46204 -1.04083e-17 -3.46945e-18 0 0 -0.000642708 0.000560774 -2.24413e-05 -37.983 1 0 0 1.08745e-05 1.81597e-06 6.44125e-05
2750 42.1414 0.0201446 0.000449406 1.09136e-05 4.54148e-07 0.000438038 1.24109e-08 0.00320713 0.274837 2.2904 1.45114 2.31677 2.26298 0.937963 -8.46165 -1.04083e-17 -3.46945e-18 0 0 -0.000640571 0.000559008 -2.23947e-05 -37.9813 1 0 0 1.08319e-05 1.80395e-06 6.36643e-05
2755 42.2421 0.0201446 0.000444158 1.08727e-05 4.50849e-07 0.000432834 1.23959e-08 0.00320711 0.274837 2.2904 1.45114 2.31678 2.26297 0.937963 -8.46128 -1.04083e-17 -3.46945e-18 0 0 -0.000638428 0.000557235 -2.23462e-05 -37.9796 1 0 0 1.07892e-05 1.79206e-06 6.2934e-05
2760 42.3429 0.0201446 0.000439026 1.08318e-05 4.47591e-07 0.000427747 1.238e-08 0.00320709 0.274838 2.2904 1.45114 2.31679 2.26295 0.937962 -8.46091 -1.04083e-17 -3.46945e-18 0 0 -0.00063628 0.000555456 -2.22957e-05 -37.9779 1 0 0 1.07464e-05 1.78031e-06 6.22209e-05
2765 42.4436 0.0201446 0.000434008 1.07909e-05 4.44372e-07 0.000422773 1.23632e-08 0.00320707 0.274837 2.2904 1.45114 2.3168 2.26294 0.937962 -8.46054 -1.04083e-17 -3.46945e-18 0 0 -0.000634127 0.000553671 -2.22433e-05 -37.9763 1 0 0 1.07035e-05 1.7687e-06 6.15245e-05
2770 42.5443 0.0201446 0.000429099 1.07501e-05 4.41193e-07 0.000417908 1.23454e-08 0.00320705 0.274838 2.2904 1.45114 2.31681 2.26293 0.937961 -8.46018 -1.04083e-17 -3.46945e-18 0 0 -0.00063197 0.00055188 -2.2189e-05 -37.9747 1 0 0 1.06606e-05 1.75722e-06 6.08441e-05
2775 42.645 0.0201446 0.000424297 1.07094e-05 4.38051e-07 0.000413149 1.23268e-08 0.00320703 0.274838 2.2904 1.45114 2.31682 2.26292 0.937961 -8.45983 -1.04083e-17 -3.46945e-18 0 0 -0.00062981 0.000550085 -2.21329e-05 -37.9731 1 0 0 1.06177e-05 1.74588e-06 6.01794e-05
2780 42.7458 0.0201446 0.000419598 1.06687e-05 4.34948e-07 0.000408494 1.23073e-08 0.00320701 0.274837 2.2904 1.45114 2.31683 2.2629 0.93796 -8.45949 -1.04083e-17 -3.46945e-18 0 0 -0.000627646 0.000548285 -2.20749e-05 -37.9715 1 0 0 1.05746e-05 1.73466e-06 5.95297e-05
2785 42.8465 0.0201446 0.000414999 1.06281e-05 4.31881e-07 0.000403939 1.2287e-08 0.00320699 0.274837 2.2904 1.45114 2.31685 2.26289 0.93796 -8.45915 -1.04083e-17 -3.46945e-18 0 0 -0.00062548 0.00054648 -2.2015e-05 -37.97 1 0 0 1.05316e-05 1.72356e-06 5.88945e-05
2790 42.9472 0.0201446 0.000410497 1.05875e-05 4.28851e-07 0.00039948 1.22659e-08 0.00320697 0.274837 2.2904 1.45114 2.31686 2.26288 0.937959 -8.45881 -1.04083e-17 -3.46945e-18 0 0 -0.000623311 0.000544672 -2.19534e-05 -37.9685 1 0 0 1.04884e-05 1.7126e-06 5.82735e-05
2795 43.0479 0.0201446 0.000406089 1.0547e-05 4.25857e-07 0.000395116 1.22441e-08 0.00320695 0.274837 2.2904 1.45114 2.31687 2.26287 0.937959 -8.45849 -1.04083e-17 -3.46945e-18 0 0 -0.00062114 0.00054286 -2.18899e-05 -37.967 1 0 0 1.04453e-05 1.70175e-06 5.7666e-05
2800 43.1486 0.0201446 0.000401773 1.05065e-05 4.22897e-07 0.000390844 1.22214e-08 0.00320693 0.274838 2.2904 1.45114 2.31688 2.26285 0.937959 -8.45816 -1.04083e-17 -3.46945e-18 0 0 -0.000618968 0.000541045 -2.18247e-05 -37.9656 1 0 0 1.04021e-05 1.69102e-06 5.70718e-05
2805 43.2494 0.0201446 0.000397546 1.04661e-05 4.19972e-07 0.00038666 1.2198e-08 0.00320691 0.274837 2.2904 1.45114 2.31689 2.26284 0.937958 -8.45785 -1.04083e-17 -3.46945e-18 0 0 -0.000616794 0.000539228 -2.17577e-05 -37.9642 1 0 0 1.03588e-05 1.68041e-06 5.64904e-05
2810 43.3501 0.0201446 0.000393406 1.04258e-05 4.17081e-07 0.000382563 1.21739e-08 0.00320689 0.274837 2.2904 1.45114 2.3169 2.26283 0.937958 -8.45753 -1.04083e-17 -3.46945e-18 0 0 -0.00061462 0.000537407 -2.16891e-05 -37.9628 1 0 0 1.03156e-05 1.66991e-06 5.59213e-05
2815 43.4508 0.0201446 0.000389349 1.03855e-05 4.14223e-07 0.000378549 1.21491e-08 0.00320687 0.274837 2.2904 1.45114 2.31691 2.26282 0.937957 -8.45723 -1.04083e-17 -3.46945e-18 0 0 -0.000612445 0.000535585 -2.16187e-05 -37.9614 1 0 0 1.02723e-05 1.65953e-06 5.53641e-05
2820 43.5515 0.0201446 0.000385374 1.03453e-05 4.11398e-07 0.000374617 1.21236e-08 0.00320685 0.274837 2.2904 1.45114 2.31692 2.2628 0.937957 -8.45693 -1.04083e-17 -3.46945e-18 0 0 -0.00061027 0.000533761 -2.15467e-05 -37.96 1 0 0 1.0229e-05 1.64925e-06 5.48186e-05
2825 43.6523 0.0201446 0.000381478 1.03051e-05 4.08606e-07 0.000370764 1.20974e-08 0.00320683 0.274837 2.2904 1.45114 2.31693 2.26279 0.937956 -8.45663 -1.04083e-17 -3.46945e-18 0 0 -0.000608095 0.000531935 -2.1473e-05 -37.9587 1 0 0 1.01857e-05 1.63909e-06 5.42843e-05
2830 43.753 0.0201446 0.000377658 1.0265e-05 4.05844e-07 0.000366987 1.20706e-08 0.00320681 0.274837 2.2904 1.45114 2.31694 2.26278 0.937956 -8.45634 -1.04083e-17 -3.46945e-18 0 0 -0.00060592 0.000530109 -2.13978e-05 -37.9574 1 0 0 1.01423e-05 1.62903e-06 5.37608e-05
2835 43.8537 0.0201446 0.000373914 1.0225e-05 4.03114e-07 0.000363286 1.20432e-08 0.00320679 0.274837 2.2904 1.45114 2.31695 2.26277 0.937956 -8.45605 -1.04083e-17 -3.46945e-18 0 0 -0.000603746 0.000528281 -2.13209e-05 -37.9561 1 0 0 1.0099e-05 1.61908e-06 5.32478e-05
2840 43.9544 0.0201446 0.000370242 1.0185e-05 4.00414e-07 0.000359656 1.20151e-08 0.00320677 0.274837 2.2904 1.45114 2.31696 2.26275 0.937955 -8.45577 -1.04083e-17 -3.46945e-18 0 0 -0.000601573 0.000526452 -2.12425e-05 -37.9549 1 0 0 1.00557e-05 1.60923e-06 5.27451e-05
2845 44.0552 0.0201446 0.00036664 1.01451e-05 3.97745e-07 0.000356097 1.19865e-08 0.00320675 0.274837 2.2904 1.45114 2.31698 2.26274 0.937955 -8.4555 -1.04083e-17 -3.46945e-18 0 0 -0.000599402 0.000524623 -2.11626e-05 -37.9536 1 0 0 1.00124e-05 1.59948e-06 5.22522e-05
2850 44.1559 0.0201446 0.000363107 1.01053e-05 3.95104e-07 0.000352607 1.19573e-08 0.00320673 0.274838 2.2904 1.45114 2.31699 2.26273 0.937954 -8.45522 -1.04083e-17 -3.46945e-18 0 0 -0.000597232 0.000522794 -2.10811e-05 -37.9524 1 0 0 9.96905e-06 1.58983e-06 5.17689e-05
2855 44.2566 0.0201446 0.000359641 1.00655e-05 3.92493e-07 0.000349183 1.19276e-08 0.00320671 0.274838 2.2904 1.45114 2.317 2.26272 0.937954 -8.45496 -1.04083e-17 -3.46945e-18 0 0 -0.000595064 0.000520965 -2.09983e-05 -37.9512 1 0 0 9.92575e-06 1.58028e-06 5.12949e-05
2860 44.3573 0.0201446 0.00035624 1.00258e-05 3.89911e-07 0.000345824 1.18973e-08 0.00320669 0.274838 2.2904 1.45114 2.31701 2.26271 0.937953 -8.45469 -1.04083e-17 -3.46945e-18 0 0 -0.000592898 0.000519136 -2.09139e-05 -37.95 1 0 0 9.88247e-06 1.57082e-06 5.08299e-05
2865 44.458 0.0201446 0.000352901 9.98616e-06 3.87356e-07 0.000342528 1.18665e-08 0.00320667 0.274837 2.2904 1.45114 2.31702 2.2627 0.937953 -8.45443 -1.04083e-17 -3.46945e-18 0 0 -0.000590734 0.000517308 -2.08282e-05 -37.9489 1 0 0 9.8392e-06 1.56146e-06 5.03736e-05
2870 44.5588 0.0201446 0.000349624 9.94659e-06 3.84829e-07 0.000339293 1.18352e-08 0.00320665 0.274837 2.2904 1.45114 2.31703 2.26268 0.937953 -8.45418 -1.04083e-17 -3.46945e-18 0 0 -0.000588573 0.00051548 -2.07411e-05 -37.9477 1 0 0 9.79597e-06 1.55219e-06 4.99258e-05
2875 44.6595 0.0201446 0.000346407 9.90709e-06 3.82329e-07 0.000336118 1.18034e-08 0.00320663 0.274838 2.2904 1.45114 2.31704 2.26267 0.937952 -8.45393 -1.04083e-17 -3.46945e-18 0 0 -0.000586414 0.000513654 -2.06526e-05 -37.9466 1 0 0 9.75276e-06 1.54301e-06 4.94861e-05
2880 44.7602 0.0201446 0.000343248 9.86766e-06 3.79855e-07 0.000333 1.17711e-08 0.00320661 0.274837 2.2904 1.45114 2.31705 2.26266 0.937952 -8.45368 -1.04083e-17 -3.46945e-18 0 0 -0.000584258 0.000511828 -2.05628e-05 -37.9455 1 0 0 9.70958e-06 1.53392e-06 4.90545e-05
2885 44.8609 0.0201446 0.000340145 9.8283e-06 3.77408e-07 0.000329939 1.17384e-08 0.0032066 0.274838 2.2904 1.45114 2.31706 2.26265 0.937951 -8.45344 -1.04083e-17 -3.46945e-18 0 0 -0.000582106 0.000510004 -2.04717e-05 -37.9444 1 0 0 9.66644e-06 1.52492e-06 4.86305e-05
2890 44.9617 0.0201446 0.000337097 9.78902e-06 3.74987e-07 0.000326933 1.17052e-08 0.00320658 0.274837 2.2904 1.45114 2.31707 2.26264 0.937951 -8.4532 -1.04083e-17 -3.46945e-18 0 0 -0.000579957 0.000508182 -2.03794e-05 -37.9433 1 0 0 9.62333e-06 1.51601e-06 4.82141e-05
2895 45.0624 0.0201446 0.000334102 9.7498e-06 3.72591e-07 0.00032398 1.16716e-08 0.00320656 0.274838 2.2904 1.45114 2.31708 2.26262 0.93795 -8.45297 -1.04083e-17 -3.46945e-18 0 0 -0.000577811 0.000506361 -2.02858e-05 -37.9423 1 0 0 9.58027e-06 1.50718e-06 4.78049e-05
2900 45.1631 0.0201446 0.00033116 9.71066e-06 3.7022e-07 0.000321079 1.16376e-08 0.00320654 0.274837 2.2904 1.45114 2.31709 2.26261 0.93795 -8.45274 -1.04083e-17 -3.46945e-18 0 0 -0.00057567 0.000504542 -2.0191e-05 -37.9413 1 0 0 9.53725e-06 1.49844e-06 4.74028e-05
2905 45.2638 0.0201446 0.000328268 9.67159e-06 3.67874e-07 0.000318229 1.16032e-08 0.00320652 0.274837 2.2904 1.45114 2.3171 2.2626 0.93795 -8.45251 -1.04083e-17 -3.46945e-18 0 0 -0.000573532 0.000502725 -2.00951e-05 -37.9402 1 0 0 9.49428e-06 1.48977e-06 4.70075e-05
2910 45.3645 0.0201446 0.000325426 9.6326e-06 3.65551e-07 0.000315427 1.15684e-08 0.0032065 0.274837 2.2904 1.45114 2.31711 2.26259 0.937949 -8.45229 -1.04083e-17 -3.46945e-18 0 0 -0.000571398 0.00050091 -1.9998e-05 -37.9392 1 0 0 9.45136e-06 1.48119e-06 4.66189e-05
2915 45.4653 0.0201446 0.000322631 9.59368e-06 3.63253e-07 0.000312674 1.15332e-08 0.00320648 0.274837 2.2904 1.45114 2.31712 2.26258 0.937949 -8.45207 -1.04083e-17 -3.46945e-18 0 0 -0.000569268 0.000499098 -1.98998e-05 -37.9383 1 0 0 9.4085e-06 1.47269e-06 4.62367e-05
2920 45.566 0.0201446 0.000319884 9.55484e-06 3.60978e-07 0.000309968 1.14977e-08 0.00320646 0.274837 2.2904 1.45114 2.31713 2.26257 0.937948 -8.45186 -1.04083e-17 -3.46945e-18 0 0 -0.000567143 0.000497288 -1.98005e-05 -37.9373 1 0 0 9.36569e-06 1.46427e-06 4.58608e-05
2925 45.6667 0.0201446 0.000317182 9.51608e-06 3.58726e-07 0.000307307 1.14618e-08 0.00320645 0.274837 2.2904 1.45114 2.31714 2.26256 0.937948 -8.45165 -1.04083e-17 -3.46945e-18 0 0 -0.000565022 0.000495481 -1.97001e-05 -37.9363 1 0 0 9.32295e-06 1.45592e-06 4.54911e-05
2930 45.7674 0.0201446 0.000314524 9.47739e-06 3.56496e-07 0.00030469 1.14256e-08 0.00320643 0.274837 2.2904 1.45114 2.31715 2.26254 0.937948 -8.45144 -1.04083e-17 -3.46945e-18 0 0 -0.000562906 0.000493677 -1.95988e-05 -37.9354 1 0 0 9.28026e-06 1.44765e-06 4.51272e-05
2935 45.8682 0.0201446 0.00031191 9.43879e-06 3.54289e-07 0.000302117 1.1389e-08 0.00320641 0.274837 2.2904 1.45114 2.31716 2.26253 0.937947 -8.45123 -1.04083e-17 -3.46945e-18 0 0 -0.000560794 0.000491876 -1.94964e-05 -37.9345 1 0 0 9.23765e-06 1.43945e-06 4.47692e-05
2940 45.9689 0.0201446 0.000309338 9.40026e-06 3.52104e-07 0.000299585 1.13522e-08 0.00320639 0.274837 2.2904 1.45114 2.31717 2.26252 0.937947 -8.45103 -1.04083e-17 -3.46945e-18 0 0 -0.000558688 0.000490078 -1.93931e-05 -37.9336 1 0 0 9.1951e-06 1.43133e-06 4.44167e-05
2945 46.0696 0.0201446 0.000306807 9.36181e-06 3.4994e-07 0.000297095 1.1315e-08 0.00320637 0.274838 2.2904 1.45114 2.31718 2.26251 0.937947 -8.45083 -1.04083e-17 -3.46945e-18 0 0 -0.000556586 0.000488283 -1.92888e-05 -37.9327 1 0 0 9.15262e-06 1.42328e-06 4.40697e-05
2950 46.1703 0.0201446 0.000304316 9.32344e-06 3.47797e-07 0.000294645 1.12776e-08 0.00320635 0.274837 2.2904 1.45114 2.31719 2.2625 0.937946 -8.45064 -1.04083e-17 -3.46945e-18 0 0 -0.00055449 0.000486491 -1.91837e-05 -37.9318 1 0 0 9.11022e-06 1.4153e-06 4.3728e-05
2955 46.2711 0.0201446 0.000301864 9.28515e-06 3.45676e-07 0.000292233 1.12399e-08 0.00320633 0.274838 2.2904 1.45114 2.3172 2.26249 0.937946 -8.45044 -1.04083e-17 -3.46945e-18 0 0 -0.000552399 0.000484703 -1.90776e-05 -37.9309 1 0 0 9.0679e-06 1.40738e-06 4.33914e-05
2960 46.3718 0.0201446 0.00029945 9.24695e-06 3.43575e-07 0.00028986 1.12019e-08 0.00320632 0.274838 2.2904 1.45114 2.31721 2.26248 0.937945 -8.45025 -1.04083e-17 -3.46945e-18 0 0 -0.000550313 0.000482919 -1.89707e-05 -37.9301 1 0 0 9.02565e-06 1.39954e-06 4.30599e-05
2965 46.4725 0.0201446 0.000297074 9.20883e-06 3.41494e-07 0.000287523 1.11637e-08 0.0032063 0.274837 2.2904 1.45114 2.31722 2.26247 0.937945 -8.45007 -1.04083e-17 -3.46945e-18 0 0 -0.000548233 0.000481138 -1.8863e-05 -37.9293 1 0 0 8.98348e-06 1.39177e-06 4.27332e-05
2970 46.5732 0.0201446 0.000294733 9.17079e-06 3.39433e-07 0.000285223 1.11252e-08 0.00320628 0.274837 2.2904 1.45114 2.31723 2.26246 0.937945 -8.44988 -1.04083e-17 -3.46945e-18 0 0 -0.000546158 0.000479361 -1.87544e-05 -37.9284 1 0 0 8.9414e-06 1.38406e-06 4.24113e-05
2975 46.6739 0.0201446 0.000292429 9.13284e-06 3.37392e-07 0.000282958 1.10865e-08 0.00320626 0.274837 2.2904 1.45114 2.31724 2.26244 0.937944 -8.4497 -1.04083e-17 -3.46945e-18 0 0 -0.000544089 0.000477588 -1.86451e-05 -37.9276 1 0 0 8.89941e-06 1.37642e-06 4.2094e-05
2980 46.7747 0.0201446 0.000290158 9.09497e-06 3.3537e-07 0.000280728 1.10476e-08 0.00320624 0.274838 2.2904 1.45114 2.31725 2.26243 0.937944 -8.44953 -1.04083e-17 -3.46945e-18 0 0 -0.000542026 0.000475818 -1.85351e-05 -37.9268 1 0 0 8.8575e-06 1.36884e-06 4.17812e-05
2985 46.8754 0.0201446 0.000287921 9.05719e-06 3.33368e-07 0.000278531 1.10084e-08 0.00320622 0.274838 2.2904 1.45114 2.31726 2.26242 0.937943 -8.44935 -1.04083e-17 -3.46945e-18 0 0 -0.000539968 0.000474053 -1.84243e-05 -37.926 1 0 0 8.81568e-06 1.36133e-06 4.14728e-05
2990 46.9761 0.0201446 0.000285717 9.01949e-06 3.31384e-07 0.000276367 1.09691e-08 0.00320621 0.274837 2.2904 1.45114 2.31727 2.26241 0.937943 -8.44918 -1.04083e-17 -3.46945e-18 0 0 -0.000537917 0.000472292 -1.83129e-05 -37.9253 1 0 0 8.77396e-06 1.35387e-06 4.11687e-05
2995 47.0768 0.0201446 0.000283546 8.98188e-06 3.29418e-07 0.000274234 1.09296e-08 0.00320619 0.274838 2.2904 1.45114 2.31728 2.2624 0.937943 -8.44901 -1.04083e-17 -3.46945e-18 0 0 -0.000535871 0.000470536 -1.82008e-05 -37.9245 1 0 0 8.73233e-06 1.34648e-06 4.08688e-05
3000 47.1776 0.0201446 0.000281405 8.94436e-06 3.27471e-07 0.000272133 1.08898e-08 0.00320617 0.274838 2.2904 1.45114 2.31729 2.26239 0.937942 -8.44884 -1.04083e-17 -3.46945e-18 0 0 -0.000533832 0.000468783 -1.8088e-05 -37.9238 1 0 0 8.69079e-06 1.33915e-06 4.05729e-05
3005 47.2783 0.0201446 0.000279295 8.90692e-06 3.25541e-07 0.000270063 1.08499e-08 0.00320615 0.274838 2.2904 1.45114 2.3173 2.26238 0.937942 -8.44868 -1.04083e-17 -3.46945e-18 0 0 -0.000531798 0.000467036 -1.79746e-05 -37.923 1 0 0 8.64935e-06 1.33188e-06 4.02809e-05
3010 47.379 0.0201446 0.000277215 8.86957e-06 3.23629e-07 0.000268022 1.08099e-08 0.00320614 0.274837 2.2904 1.45114 2.3173 2.26237 0.937942 -8.44852 -1.04083e-17 -3.46945e-18 0 0 -0.000529771 0.000465292 -1.78607e-05 -37.9223 1 0 0 8.60802e-06 1.32467e-06 3.99928e-05
3015 47.4797 0.0201446 0.000275164 8.83232e-06 3.21735e-07 0.00026601 1.07697e-08 0.00320612 0.274838 2.2904 1.45114 2.31731 2.26236 0.937941 -8.44836 -1.04083e-17 -3.46945e-18 0 0 -0.00052775 0.000463553 -1.77462e-05 -37.9216 1 0 0 8.56679e-06 1.31752e-06 3.97085e-05
3020 47.5805 0.0201446 0.000273142 8.79515e-06 3.19857e-07 0.000264027 1.07293e-08 0.0032061 0.274838 2.2904 1.45114 2.31732 2.26235 0.937941 -8.4482 -1.04083e-17 -3.46945e-18 0 0 -0.000525736 0.000461819 -1.76311e-05 -37.9209 1 0 0 8.52566e-06 1.31043e-06 3.94279e-05
3025 47.6812 0.0201446 0.000271147 8.75808e-06 3.17997e-07 0.000262071 1.06888e-08 0.00320608 0.274838 2.2904 1.45114 2.31733 2.26234 0.937941 -8.44805 -1.04083e-17 -3.46945e-18 0 0 -0.000523728 0.00046009 -1.75156e-05 -37.9202 1 0 0 8.48463e-06 1.30339e-06 3.91508e-05
3030 47.7819 0.0201446 0.00026918 8.72109e-06 3.16153e-07 0.000260143 1.06481e-08 0.00320606 0.274837 2.2904 1.45114 2.31734 2.26233 0.93794 -8.4479 -1.04083e-17 -3.46945e-18 0 0 -0.000521726 0.000458365 -1.73995e-05 -37.9195 1 0 0 8.44371e-06 1.2964e-06 3.88772e-05
3035 47.8826 0.0201446 0.000267239 8.6842e-06 3.14326e-07 0.000258241 1.06073e-08 0.00320605 0.274838 2.2904 1.45114 2.31735 2.26232 0.93794 -8.44775 -1.04083e-17 -3.46945e-18 0 0 -0.000519731 0.000456645 -1.7283e-05 -37.9188 1 0 0 8.40291e-06 1.28947e-06 3.8607e-05
3040 47.9833 0.0201446 0.000265324 8.6474e-06 3.12514e-07 0.000256365 1.05664e-08 0.00320603 0.274837 2.2904 1.45114 2.31736 2.26231 0.93794 -8.4476 -1.04083e-17 -3.46945e-18 0 0 -0.000517743 0.00045493 -1.7166e-05 -37.9182 1 0 0 8.36221e-06 1.2826e-06 3.83402e-05
3045 48.0841 0.0201446 0.000263435 8.61069e-06 3.10719e-07 0.000254514 1.05254e-08 0.00320601 0.274837 2.2904 1.45114 2.31737 2.2623 0.937939 -8.44746 -1.04083e-17 -3.46945e-18 0 0 -0.000515761 0.00045322 -1.70487e-05 -37.9175 1 0 0 8.32162e-06 1.27577e-06 3.80766e-05
3050 48.1848 0.0201446 0.000261571 8.57408e-06 3.08939e-07 0.000252688 1.04843e-08 0.00320599 0.274837 2.2904 1.45114 2.31738 2.26228 0.937939 -8.44731 -1.04083e-17 -3.46945e-18 0 0 -0.000513785 0.000451516 -1.69309e-05 -37.9169 1 0 0 8.28115e-06 1.269e-06 3.78162e-05
3055 48.2855 0.0201446 0.00025973 8.53756e-06 3.07175e-07 0.000250886 1.04431e-08 0.00320598 0.274837 2.2904 1.45114 2.31739 2.26227 0.937939 -8.44717 -1.04083e-17 -3.46945e-18 0 0 -0.000511817 0.000449816 -1.68127e-05 -37.9163 1 0 0 8.24079e-06 1.26228e-06 3.75589e-05
3060 48.3862 0.0201446 0.000257914 8.50113e-06 3.05425e-07 0.000249107 1.04018e-08 0.00320596 0.274837 2.2904 1.45114 2.3174 2.26226 0.937938 -8.44703 -1.04083e-17 -3.46945e-18 0 0 -0.000509855 0.000448121 -1.66942e-05 -37.9156 1 0 0 8.20055e-06 1.25562e-06 3.73046e-05
3065 48.487 0.0201446 0.000256121 8.4648e-06 3.03691e-07 0.000247352 1.03605e-08 0.00320594 0.274837 2.29039 1.45114 2.31741 2.26225 0.937938 -8.4469 -1.04083e-17 -3.46945e-18 0 0 -0.0005079 0.000446431 -1.65754e-05 -37.915 1 0 0 8.16043e-06 1.249e-06 3.70532e-05
3070 48.5877 0.0201446 0.00025435 8.42857e-06 3.01972e-07 0.00024562 1.0319e-08 0.00320592 0.274837 2.29039 1.45114 2.31741 2.26224 0.937938 -8.44676 -1.04083e-17 -3.46945e-18 0 0 -0.000505951 0.000444747 -1.64563e-05 -37.9144 1 0 0 8.12042e-06 1.24243e-06 3.68048e-05
3075 48.6884 0.0201446 0.000252602 8.39243e-06 3.00267e-07 0.000243909 1.02775e-08 0.00320591 0.274838 2.29039 1.45114 2.31742 2.26223 0.937937 -8.44663 -1.04083e-17 -3.46945e-18 0 0 -0.00050401 0.000443068 -1.63368e-05 -37.9138 1 0 0 8.08054e-06 1.23591e-06 3.65592e-05
3080 48.7891 0.0201446 0.000250876 8.35639e-06 2.98576e-07 0.000242221 1.02359e-08 0.00320589 0.274837 2.29039 1.45114 2.31743 2.26222 0.937937 -8.4465 -1.04083e-17 -3.46945e-18 0 0 -0.000502075 0.000441394 -1.62171e-05 -37.9132 1 0 0 8.04078e-06 1.22944e-06 3.63163e-05
3085 48.8898 0.0201446 0.00024917 8.32044e-06 2.969e-07 0.000240553 1.01943e-08 0.00320587 0.274837 2.29039 1.45114 2.31744 2.26221 0.937937 -8.44637 -1.04083e-17 -3.46945e-18 0 0 -0.000500148 0.000439725 -1.60972e-05 -37.9127 1 0 0 8.00114e-06 1.22301e-06 3.60762e-05
3090 48.9906 0.0201446 0.000247486 8.28459e-06 2.95237e-07 0.000238906 1.01526e-08 0.00320586 0.274837 2.29039 1.45114 2.31745 2.2622 0.937936 -8.44624 -1.04083e-17 -3.46945e-18 0 0 -0.000498227 0.000438062 -1.59771e-05 -37.9121 1 0 0 7.96162e-06 1.21664e-06 3.58387e-05
3095 49.0913 0.0201446 0.000245822 8.24884e-06 2.93589e-07 0.00023728 1.01108e-08 0.00320584 0.274838 2.29039 1.45114 2.31746 2.26219 0.937936 -8.44612 -1.04083e-17 -3.46945e-18 0 0 -0.000496313 0.000436404 -1.58567e-05 -37.9115 1 0 0 7.92223e-06 1.2103e-06 3.56038e-05
3100 49.192 0.0201446 0.000244178 8.21319e-06 2.91954e-07 0.000235673 1.00691e-08 0.00320582 0.274837 2.29039 1.45114 2.31747 2.26218 0.937936 -8.446 -1.04083e-17 -3.46945e-18 0 0 -0.000494406 0.000434752 -1.57361e-05 -37.911 1 0 0 7.88297e-06 1.20402e-06 3.53714e-05
3105 49.2927 0.0201446 0.000242554 8.17764e-06 2.90332e-07 0.000234086 1.00273e-08 0.00320581 0.274837 2.29039 1.45114 2.31748 2.26217 0.937935 -8.44588 -1.04083e-17 -3.46945e-18 0 0 -0.000492506 0.000433105 -1.56154e-05 -37.9104 1 0 0 7.84383e-06 1.19778e-06 3.51416e-05
3110 49.3935 0.0201446 0.000240949 8.14219e-06 2.88723e-07 0.000232518 9.98542e-09 0.00320579 0.274838 2.29039 1.45114 2.31749 2.26216 0.937935 -8.44576 -1.04083e-17 -3.46945e-18 0 0 -0.000490613 0.000431464 -1.54945e-05 -37.9099 1 0 0 7.80482e-06 1.19158e-06 3.49141e-05
3115 49.4942 0.0201446 0.000239363 8.10684e-06 2.87128e-07 0.000230969 9.94356e-09 0.00320577 0.274838 2.29039 1.45114 2.31749 2.26215 0.937935 -8.44564 -1.04083e-17 -3.46945e-18 0 0 -0.000488727 0.000429828 -1.53735e-05 -37.9094 1 0 0 7.76594e-06 1.18542e-06 3.4689e-05
3120 49.5949 0.0201446 0.000237795 8.07159e-06 2.85545e-07 0.000229438 9.90169e-09 0.00320576 0.274837 2.29039 1.45114 2.3175 2.26214 0.937934 -8.44552 -1.04083e-17 -3.46945e-18 0 0 -0.000486848 0.000428197 -1.52524e-05 -37.9089 1 0 0 7.72719e-06 1.17931e-06 3.44663e-05
3125 49.6956 0.0201446 0.000236245 8.03644e-06 2.83975e-07 0.000227924 9.8598e-09 0.00320574 0.274837 2.29039 1.45114 2.31751 2.26213 0.937934 -8.44541 -1.04083e-17 -3.46945e-18 0 0 -0.000484977 0.000426573 -1.51312e-05 -37.9083 1 0 0 7.68857e-06 1.17324e-06 3.42458e-05
3130 49.7964 0.0201446 0.000234713 8.00139e-06 2.82417e-07 0.000226429 9.81791e-09 0.00320572 0.274837 2.29039 1.45114 2.31752 2.26212 0.937934 -8.4453 -1.04083e-17 -3.46945e-18 0 0 -0.000483112 0.000424954 -1.50099e-05 -37.9078 1 0 0 7.65008e-06 1.16722e-06 3.40276e-05
3135 49.8971 0.0201446 0.000233198 7.96644e-06 2.80872e-07 0.000224951 9.77601e-09 0.00320571 0.274837 2.29039 1.45114 2.31753 2.26211 0.937933 -8.44518 -1.04083e-17 -3.46945e-18 0 0 -0.000481254 0.00042334 -1.48886e-05 -37.9073 1 0 0 7.61172e-06 1.16123e-06 3.38116e-05
3140 49.9978 0.0201446 0.0002317 7.93159e-06 2.79339e-07 0.000223489 9.73412e-09 0.00320569 0.274837 2.29039 1.45114 2.31754 2.26211 0.937933 -8.44508 -1.04083e-17 -3.46945e-18 0 0 -0.000479404 0.000421732 -1.47672e-05 -37.9069 1 0 0 7.5735e-06 1.15529e-06 3.35978e-05
3145 50.0985 0.0201446 0.000230219 7.89685e-06 2.77818e-07 0.000222044 9.69224e-09 0.00320567 0.274838 2.29039 1.45114 2.31755 2.2621 0.937933 -8.44497 -1.04083e-17 -3.46945e-18 0 0 -0.00047756 0.00042013 -1.46458e-05 -37.9064 1 0 0 7.53541e-06 1.14938e-06 3.3386e-05
3150 50.1992 0.0201446 0.000228754 7.86221e-06 2.76308e-07 0.000220616 9.65036e-09 0.00320566 0.274838 2.29039 1.45114 2.31755 2.26209 0.937933 -8.44486 -1.04083e-17 -3.46945e-18 0 0 -0.000475724 0.000418533 -1.45244e-05 -37.9059 1 0 0 7.49746e-06 1.14352e-06 3.31763e-05
3155 50.3 0.0201446 0.000227305 7.82767e-06 2.7481e-07 0.000219203 9.6085e-09 0.00320564 0.274837 2.29039 1.45114 2.31756 2.26208 0.937932 -8.44476 -1.04083e-17 -3.46945e-18 0 0 -0.000473895 0.000416943 -1.4403e-05 -37.9054 1 0 0 7.45964e-06 1.13769e-06 3.29687e-05
3160 50.4007 0.0201446 0.000225872 7.79323e-06 2.73324e-07 0.000217806 9.56667e-09 0.00320562 0.274837 2.29039 1.45114 2.31757 2.26207 0.937932 -8.44465 -1.04083e-17 -3.46945e-18 0 0 -0.000472073 0.000415357 -1.42816e-05 -37.905 1 0 0 7.42196e-06 1.13191e-06 3.2763e-05
3165 50.5014 0.0201446 0.000224454 7.7589e-06 2.71849e-07 0.000216424 9.52486e-09 0.00320561 0.274837 2.29039 1.45114 2.31758 2.26206 0.937932 -8.44455 -1.04083e-17 -3.46945e-18 0 0 -0.000470258 0.000413778 -1.41602e-05 -37.9045 1 0 0 7.38442e-06 1.12616e-06 3.25593e-05
3170 50.6021 0.0201446 0.000223052 7.72468e-06 2.70386e-07 0.000215057 9.48307e-09 0.00320559 0.274838 2.29039 1.45114 2.31759 2.26205 0.937931 -8.44445 -1.04083e-17 -3.46945e-18 0 0 -0.00046845 0.000412204 -1.40389e-05 -37.904 1 0 0 7.34701e-06 1.12045e-06 3.23575e-05
3175 50.7029 0.0201446 0.000221664 7.69055e-06 2.68933e-07 0.000213705 9.44132e-09 0.00320557 0.274837 2.29039 1.45114 2.3176 2.26204 0.937931 -8.44435 -1.04083e-17 -3.46945e-18 0 0 -0.000466649 0.000410637 -1.39177e-05 -37.9036 1 0 0 7.30974e-06 1.11478e-06 3.21576e-05
3180 50.8036 0.0201446 0.000220291 7.65654e-06 2.67491e-07 0.000212367 9.39961e-09 0.00320556 0.274837 2.29039 1.45114 2.3176 2.26203 0.937931 -8.44425 -1.04083e-17 -3.46945e-18 0 0 -0.000464855 0.000409074 -1.37965e-05 -37.9032 1 0 0 7.27261e-06 1.10914e-06 3.19596e-05
3185 50.9043 0.0201446 0.000218932 7.62262e-06 2.6606e-07 0.000211044 9.35794e-09 0.00320554 0.274837 2.29039 1.45114 2.31761 2.26202 0.937931 -8.44416 -1.04083e-17 -3.46945e-18 0 0 -0.000463069 0.000407518 -1.36754e-05 -37.9027 1 0 0 7.23562e-06 1.10354e-06 3.17634e-05
3190 51.005 0.0201446 0.000217587 7.58882e-06 2.6464e-07 0.000209734 9.31631e-09 0.00320553 0.274838 2.29039 1.45114 2.31762 2.26201 0.93793 -8.44406 -1.04083e-17 -3.46945e-18 0 0 -0.000461289 0.000405968 -1.35545e-05 -37.9023 1 0 0 7.19877e-06 1.09798e-06 3.15689e-05
3195 51.1057 0.0201446 0.000216256 7.55511e-06 2.6323e-07 0.000208438 9.27472e-09 0.00320551 0.274837 2.29039 1.45114 2.31763 2.262 0.93793 -8.44397 -1.04083e-17 -3.46945e-18 0 0 -0.000459517 0.000404423 -1.34336e-05 -37.9019 1 0 0 7.16206e-06 1.09245e-06 3.13763e-05
3200 51.2065 0.0201446 0.000214939 7.52152e-06 2.61831e-07 0.000207156 9.23319e-09 0.00320549 0.274837 2.29039 1.45114 2.31764 2.26199 0.93793 -8.44387 -1.04083e-17 -3.46945e-18 0 0 -0.000457752 0.000402884 -1.33129e-05 -37.9015 1 0 0 7.12549e-06 1.08696e-06 3.11853e-05
3205 51.3072 0.0201446 0.000213635 7.48803e-06 2.60441e-07 0.000205886 9.19172e-09 0.00320548 0.274838 2.29039 1.45114 2.31764 2.26198 0.937929 -8.44378 -1.04083e-17 -3.46945e-18 0 0 -0.000455994 0.000401351 -1.31924e-05 -37.9011 1 0 0 7.08906e-06 1.0815e-06 3.09961e-05
3210 51.4079 0.0201446 0.000212344 7.45464e-06 2.59062e-07 0.00020463 9.1503e-09 0.00320546 0.274838 2.29039 1.45114 2.31765 2.26197 0.937929 -8.44369 -1.04083e-17 -3.46945e-18 0 0 -0.000454243 0.000399823 -1.3072e-05 -37.9006 1 0 0 7.05278e-06 1.07608e-06 3.08085e-05
3215 51.5086 0.0201446 0.000211065 7.42137e-06 2.57693e-07 0.000203386 9.10894e-09 0.00320545 0.274837 2.29039 1.45114 2.31766 2.26196 0.937929 -8.4436 -1.04083e-17 -3.46945e-18 0 0 -0.000452499 0.000398302 -1.29517e-05 -37.9002 1 0 0 7.01663e-06 1.07069e-06 3.06225e-05
3220 51.6094 0.0201446 0.0002098 7.3882e-06 2.56333e-07 0.000202155 9.06765e-09 0.00320543 0.274837 2.29039 1.45114 2.31767 2.26196 0.937929 -8.44352 -1.04083e-17 -3.46945e-18 0 0 -0.000450762 0.000396786 -1.28317e-05 -37.8999 1 0 0 6.98063e-06 1.06533e-06 3.04382e-05
3225 51.7101 0.0201446 0.000208546 7.35514e-06 2.54984e-07 0.000200936 9.02642e-09 0.00320542 0.274837 2.29039 1.45114 2.31768 2.26195 0.937928 -8.44343 -1.04083e-17 -3.46945e-18 0 0 -0.000449033 0.000395276 -1.27119e-05 -37.8995 1 0 0 6.94477e-06 1.06001e-06 3.02554e-05
3230 51.8108 0.0201446 0.000207305 7.32218e-06 2.53644e-07 0.000199729 8.98526e-09 0.0032054 0.274837 2.29039 1.45114 2.31768 2.26194 0.937928 -8.44334 -1.04083e-17 -3.46945e-18 0 0 -0.00044731 0.000393772 -1.25922e-05 -37.8991 1 0 0 6.90906e-06 1.05472e-06 3.00743e-05
3235 51.9115 0.0201446 0.000206076 7.28933e-06 2.52313e-07 0.000198534 8.94418e-09 0.00320538 0.274837 2.29039 1.45114 2.31769 2.26193 0.937928 -8.44326 -1.04083e-17 -3.46945e-18 0 0 -0.000445594 0.000392274 -1.24728e-05 -37.8987 1 0 0 6.87348e-06 1.04946e-06 2.98946e-05
3240 52.0123 0.0201446 0.000204858 7.25659e-06 2.50992e-07 0.000197351 8.90317e-09 0.00320537 0.274837 2.29039 1.45114 2.3177 2.26192 0.937928 -8.44318 -1.04083e-17 -3.46945e-18 0 0 -0.000443886 0.000390781 -1.23536e-05 -37.8983 1 0 0 6.83805e-06 1.04423e-06 2.97165e-05
3245 52.113 0.0201446 0.000203653 7.22396e-06 2.4968e-07 0.000196179 8.86224e-09 0.00320535 0.274837 2.29039 1.45114 2.31771 2.26191 0.937927 -8.44309 -1.04083e-17 -3.46945e-18 0 0 -0.000442184 0.000389295 -1.22347e-05 -37.898 1 0 0 6.80277e-06 1.03904e-06 2.95398e-05
3250 52.2137 0.0201446 0.000202458 7.19144e-06 2.48377e-07 0.000195018 8.82139e-09 0.00320534 0.274837 2.29039 1.45114 2.31772 2.2619 0.937927 -8.44301 -1.04083e-17 -3.46945e-18 0 0 -0.00044049 0.000387814 -1.2116e-05 -37.8976 1 0 0 6.76763e-06 1.03388e-06 2.93646e-05
3255 52.3144 0.0201446 0.000201275 7.15902e-06 2.47083e-07 0.000193869 8.78063e-09 0.00320532 0.274837 2.29039 1.45114 2.31772 2.26189 0.937927 -8.44293 -1.04083e-17 -3.46945e-18 0 0 -0.000438803 0.000386339 -1.19975e-05 -37.8972 1 0 0 6.73263e-06 1.02874e-06 2.91909e-05
3260 52.4151 0.0201446 0.000200102 7.12672e-06 2.45798e-07 0.00019273 8.73995e-09 0.00320531 0.274837 2.29039 1.45114 2.31773 2.26188 0.937927 -8.44285 -1.04083e-17 -3.46945e-18 0 0 -0.000437122 0.00038487 -1.18794e-05 -37.8969 1 0 0 6.69778e-06 1.02364e-06 2.90186e-05
3265 52.5159 0.0201446 0.000198941 7.09452e-06 2.44522e-07 0.000191602 8.69936e-09 0.00320529 0.274838 2.29039 1.45114 2.31774 2.26188 0.937926 -8.44278 -1.04083e-17 -3.46945e-18 0 0 -0.000435449 0.000383407 -1.17615e-05 -37.8965 1 0 0 6.66307e-06 1.01857e-06 2.88477e-05
3270 52.6166 0.0201446 0.00019779 7.06243e-06 2.43255e-07 0.000190484 8.65886e-09 0.00320528 0.274837 2.29039 1.45114 2.31775 2.26187 0.937926 -8.4427 -1.04083e-17 -3.46945e-18 0 0 -0.000433783 0.000381949 -1.16439e-05 -37.8962 1 0 0 6.62851e-06 1.01353e-06 2.86782e-05
3275 52.7173 0.0201446 0.00019665 7.03045e-06 2.41996e-07 0.000189377 8.61845e-09 0.00320526 0.274838 2.29039 1.45114 2.31776 2.26186 0.937926 -8.44262 -1.04083e-17 -3.46945e-18 0 0 -0.000432123 0.000380497 -1.15266e-05 -37.8958 1 0 0 6.59409e-06 1.00852e-06 2.851e-05
3280 52.818 0.0201446 0.000195519 6.99858e-06 2.40746e-07 0.00018828 8.57814e-09 0.00320525 0.274838 2.29039 1.45114 2.31776 2.26185 0.937926 -8.44255 -1.04083e-17 -3.46945e-18 0 0 -0.000430471 0.000379052 -1.14096e-05 -37.8955 1 0 0 6.55982e-06 1.00354e-06 2.83432e-05
3285 52.9188 0.0201446 0.000194399 6.96682e-06 2.39504e-07 0.000187193 8.53793e-09 0.00320523 0.274837 2.29039 1.45114 2.31777 2.26184 0.937926 -8.44247 -1.04083e-17 -3.46945e-18 0 0 -0.000428825 0.000377611 -1.12929e-05 -37.8952 1 0 0 6.52569e-06 9.98584e-07 2.81777e-05
3290 53.0195 0.0201446 0.000193289 6.93517e-06 2.3827e-07 0.000186116 8.49781e-09 0.00320522 0.274837 2.29039 1.45114 2.31778 2.26183 0.937925 -8.4424 -1.04083e-17 -3.46945e-18 0 0 -0.000427187 0.000376177 -1.11766e-05 -37.8948 1 0 0 6.49171e-06 9.93659e-07 2.80135e-05
3295 53.1202 0.0201446 0.000192189 6.90362e-06 2.37045e-07 0.000185049 8.4578e-09 0.0032052 0.274837 2.29039 1.45114 2.31779 2.26182 0.937925 -8.44233 -1.04083e-17 -3.46945e-18 0 0 -0.000425555 0.000374749 -1.10606e-05 -37.8945 1 0 0 6.45787e-06 9.88763e-07 2.78505e-05
3300 53.2209 0.0201446 0.000191099 6.87219e-06 2.35827e-07 0.000183991 8.41789e-09 0.00320519 0.274837 2.29039 1.45114 2.31779 2.26182 0.937925 -8.44226 -1.04083e-17 -3.46945e-18 0 0 -0.00042393 0.000373326 -1.09449e-05 -37.8942 1 0 0 6.42418e-06 9.83896e-07 2.76889e-05
3305 53.3216 0.0201446 0.000190018 6.84087e-06 2.34618e-07 0.000182942 8.37808e-09 0.00320517 0.274837 2.29039 1.45114 2.3178 2.26181 0.937925 -8.44219 -1.04083e-17 -3.46945e-18 0 0 -0.000422312 0.000371909 -1.08296e-05 -37.8939 1 0 0 6.39064e-06 9.79056e-07 2.75285e-05
3310 53.4224 0.0201446 0.000188946 6.80965e-06 2.33417e-07 0.000181903 8.33839e-09 0.00320516 0.274838 2.29039 1.45114 2.31781 2.2618 0.937924 -8.44212 -1.04083e-17 -3.46945e-18 0 0 -0.000420701 0.000370498 -1.07146e-05 -37.8936 1 0 0 6.35724e-06 9.74243e-07 2.73693e-05
3315 53.5231 0.0201446 0.000187884 6.77855e-06 2.32223e-07 0.000180873 8.2988e-09 0.00320514 0.274837 2.29039 1.45114 2.31782 2.26179 0.937924 -8.44205 -1.04083e-17 -3.46945e-18 0 0 -0.000419097 0.000369092 -1.06e-05 -37.8933 1 0 0 6.32399e-06 9.69458e-07 2.72114e-05
3320 53.6238 0.0201446 0.00018683 6.74756e-06 2.31037e-07 0.000179852 8.25932e-09 0.00320513 0.274838 2.29039 1.45114 2.31782 2.26178 0.937924 -8.44198 -1.04083e-17 -3.46945e-18 0 0 -0.000417499 0.000367692 -1.04858e-05 -37.893 1 0 0 6.29088e-06 9.647e-07 2.70546e-05
3325 53.7245 0.0201446 0.000185786 6.71668e-06 2.29859e-07 0.000178839 8.21995e-09 0.00320511 0.274837 2.29039 1.45114 2.31783 2.26177 0.937924 -8.44191 -1.04083e-17 -3.46945e-18 0 0 -0.000415909 0.000366298 -1.03719e-05 -37.8927 1 0 0 6.25792e-06 9.59968e-07 2.68991e-05
3330 53.8253 0.0201446 0.00018475 6.6859e-06 2.28688e-07 0.000177836 8.1807e-09 0.0032051 0.274838 2.29039 1.45114 2.31784 2.26176 0.937924 -8.44184 -1.04083e-17 -3.46945e-18 0 0 -0.000414325 0.00036491 -1.02584e-05 -37.8924 1 0 0 6.2251e-06 9.55263e-07 2.67447e-05
3335 53.926 0.0201446 0.000183723 6.65524e-06 2.27525e-07 0.000176841 8.14156e-09 0.00320508 0.274837 2.29039 1.45114 2.31785 2.26176 0.937923 -8.44178 -1.04083e-17 -3.46945e-18 0 0 -0.000412748 0.000363527 -1.01453e-05 -37.8921 1 0 0 6.19243e-06 9.50585e-07 2.65915e-05
3340 54.0267 0.0201446 0.000182705 6.62469e-06 2.2637e-07 0.000175854 8.10254e-09 0.00320507 0.274838 2.29039 1.45114 2.31785 2.26175 0.937923 -8.44171 -1.04083e-17 -3.46945e-18 0 0 -0.000411178 0.000362151 -1.00327e-05 -37.8918 1 0 0 6.1599e-06 9.45932e-07 2.64394e-05
3345 54.1274 0.0201446 0.000181695 6.59425e-06 2.25221e-07 0.000174876 8.06364e-09 0.00320505 0.274838 2.29039 1.45114 2.31786 2.26174 0.937923 -8.44165 -1.04083e-17 -3.46945e-18 0 0 -0.000409614 0.000360779 -9.92039e-06 -37.8915 1 0 0 6.12752e-06 9.41305e-07 2.62884e-05
3350 54.2282 0.0201446 0.000180694 6.56392e-06 2.2408e-07 0.000173906 8.02486e-09 0.00320504 0.274837 2.29039 1.45114 2.31787 2.26173 0.937923 -8.44159 -1.04083e-17 -3.46945e-18 0 0 -0.000408057 0.000359414 -9.80852e-06 -37.8912 1 0 0 6.09529e-06 9.36703e-07 2.61385e-05
3355 54.3289 0.0201446 0.0001797 6.53369e-06 2.22946e-07 0.000172944 7.9862e-09 0.00320502 0.274837 2.29039 1.45114 2.31787 2.26172 0.937923 -8.44152 -1.04083e-17 -3.46945e-18 0 0 -0.000406507 0.000358054 -9.69706e-06 -37.8909 1 0 0 6.0632e-06 9.32127e-07 2.59898e-05
3360 54.4296 0.0201446 0.000178715 6.50358e-06 2.21819e-07 0.00017199 7.94766e-09 0.00320501 0.274838 2.29039 1.45114 2.31788 2.26172 0.937922 -8.44146 -1.04083e-17 -3.46945e-18 0 0 -0.000404964 0.0003567 -9.58603e-06 -37.8906 1 0 0 6.03125e-06 9.27576e-07 2.58421e-05
3365 54.5303 0.0201446 0.000177738 6.47358e-06 2.20699e-07 0.000171043 7.90924e-09 0.003205 0.274837 2.29039 1.45114 2.31789 2.26171 0.937922 -8.4414 -1.04083e-17 -3.46945e-18 0 0 -0.000403427 0.000355351 -9.47542e-06 -37.8904 1 0 0 5.99945e-06 9.23049e-07 2.56955e-05
3370 54.631 0.0201446 0.000176768 6.4437e-06 2.19587e-07 0.000170105 7.87095e-09 0.00320498 0.274837 2.29039 1.45114 2.3179 2.2617 0.937922 -8.44134 -1.04083e-17 -3.46945e-18 0 0 -0.000401897 0.000354008 -9.36524e-06 -37.8901 1 0 0 5.9678e-06 9.18547e-07 2.555e-05
3375 54.7318 0.0201446 0.000175807 6.41392e-06 2.1848e-07 0.000169174 7.83279e-09 0.00320497 0.274837 2.29039 1.45114 2.3179 2.26169 0.937922 -8.44128 -1.04083e-17 -3.46945e-18 0 0 -0.000400373 0.000352671 -9.2555e-06 -37.8898 1 0 0 5.93629e-06 9.1407e-07 2.54055e-05
3380 54.8325 0.0201446 0.000174852 6.38425e-06 2.17381e-07 0.000168251 7.79475e-09 0.00320495 0.274837 2.29039 1.45114 2.31791 2.26168 0.937922 -8.44122 -1.04083e-17 -3.46945e-18 0 0 -0.000398856 0.000351339 -9.1462e-06 -37.8895 1 0 0 5.90492e-06 9.09616e-07 2.5262e-05
3385 54.9332 0.0201446 0.000173906 6.35469e-06 2.16289e-07 0.000167335 7.75684e-09 0.00320494 0.274837 2.29039 1.45114 2.31792 2.26167 0.937921 -8.44116 -1.04083e-17 -3.46945e-18 0 0 -0.000397345 0.000350013 -9.03735e-06 -37.8893 1 0 0 5.8737e-06 9.05186e-07 2.51196e-05
3390 55.0339 0.0201446 0.000172967 6.32524e-06 2.15203e-07 0.000166426 7.71906e-09 0.00320493 0.274837 2.29039 1.45114 2.31792 2.26167 0.937921 -8.4411 -1.04083e-17 -3.46945e-18 0 0 -0.000395841 0.000348693 -8.92894e-06 -37.889 1 0 0 5.84263e-06 9.0078e-07 2.49782e-05
3395 55.1347 0.0201446 0.000172035 6.29591e-06 2.14123e-07 0.000165525 7.68141e-09 0.00320491 0.274837 2.29039 1.45114 2.31793 2.26166 0.937921 -8.44105 -1.04083e-17 -3.46945e-18 0 0 -0.000394344 0.000347378 -8.821e-06 -37.8888 1 0 0 5.81169e-06 8.96398e-07 2.48377e-05
3400 55.2354 0.0201446 0.00017111 6.26668e-06 2.13051e-07 0.000164631 7.64389e-09 0.0032049 0.274838 2.29039 1.45114 2.31794 2.26165 0.937921 -8.44099 -1.04083e-17 -3.46945e-18 0 0 -0.000392853 0.000346068 -8.71351e-06 -37.8885 1 0 0 5.7809e-06 8.92039e-07 2.46983e-05
3405 55.3361 0.0201446 0.000170193 6.23756e-06 2.11984e-07 0.000163743 7.6065e-09 0.00320488 0.274838 2.29039 1.45114 2.31795 2.26164 0.937921 -8.44093 -1.04083e-17 -3.46945e-18 0 0 -0.000391369 0.000344764 -8.60648e-06 -37.8883 1 0 0 5.75026e-06 8.87703e-07 2.45598e-05
3410 55.4368 0.0201446 0.000169283 6.20856e-06 2.10924e-07 0.000162863 7.56925e-09 0.00320487 0.274837 2.29039 1.45114 2.31795 2.26164 0.937921 -8.44088 -1.04083e-17 -3.46945e-18 0 0 -0.000389891 0.000343466 -8.49992e-06 -37.888 1 0 0 5.71976e-06 8.83389e-07 2.44223e-05
3415 55.5375 0.0201446 0.000168379 6.17966e-06 2.09871e-07 0.00016199 7.53213e-09 0.00320486 0.274838 2.29039 1.45114 2.31796 2.26163 0.93792 -8.44082 -1.04083e-17 -3.46945e-18 0 0 -0.000388419 0.000342173 -8.39383e-06 -37.8878 1 0 0 5.6894e-06 8.79099e-07 2.42858e-05
3420 55.6383 0.0201446 0.000167483 6.15088e-06 2.08823e-07 0.000161123 7.49514e-09 0.00320484 0.274838 2.29039 1.45114 2.31797 2.26162 0.93792 -8.44077 -1.04083e-17 -3.46945e-18 0 0 -0.000386954 0.000340886 -8.28822e-06 -37.8875 1 0 0 5.65918e-06 8.7483e-07 2.41502e-05
3425 55.739 0.0201446 0.000166593 6.1222e-06 2.07782e-07 0.000160263 7.45829e-09 0.00320483 0.274837 2.29039 1.45114 2.31797 2.26161 0.93792 -8.44071 -1.04083e-17 -3.46945e-18 0 0 -0.000385495 0.000339604 -8.18308e-06 -37.8873 1 0 0 5.62911e-06 8.70584e-07 2.40155e-05
3430 55.8397 0.0201446 0.00016571 6.09364e-06 2.06747e-07 0.000159409 7.42157e-09 0.00320481 0.274837 2.29039 1.45114 2.31798 2.2616 0.93792 -8.44066 -1.04083e-17 -3.46945e-18 0 0 -0.000384043 0.000338327 -8.07842e-06 -37.887 1 0 0 5.59918e-06 8.66361e-07 2.38818e-05
3435 55.9404 0.0201446 0.000164833 6.06518e-06 2.05718e-07 0.000158562 7.38499e-09 0.0032048 0.274837 2.29039 1.45114 2.31799 2.2616 0.93792 -8.44061 -1.04083e-17 -3.46945e-18 0 0 -0.000382597 0.000337056 -7.97425e-06 -37.8868 1 0 0 5.56939e-06 8.62159e-07 2.3749e-05
3440 56.0412 0.0201446 0.000163963 6.03684e-06 2.04695e-07 0.000157722 7.34855e-09 0.00320479 0.274837 2.29039 1.45114 2.31799 2.26159 0.93792 -8.44056 -1.04083e-17 -3.46945e-18 0 0 -0.000381157 0.00033579 -7.87057e-06 -37.8866 1 0 0 5.53974e-06 8.57979e-07 2.36171e-05
3445 56.1419 0.0201446 0.0001631 6.0086e-06 2.03678e-07 0.000156887 7.31225e-09 0.00320477 0.274837 2.29039 1.45114 2.318 2.26158 0.937919 -8.44051 -1.04083e-17 -3.46945e-18 0 0 -0.000379723 0.00033453 -7.76737e-06 -37.8863 1 0 0 5.51024e-06 8.5382e-07 2.34861e-05
3450 56.2426 0.0201446 0.000162242 5.98048e-06 2.02667e-07 0.000156059 7.27608e-09 0.00320476 0.274838 2.29039 1.45114 2.31801 2.26157 0.937919 -8.44045 -1.04083e-17 -3.46945e-18 0 0 -0.000378296 0.000333275 -7.66467e-06 -37.8861 1 0 0 5.48088e-06 8.49683e-07 2.33559e-05
3455 56.3433 0.0201446 0.000161391 5.95246e-06 2.01662e-07 0.000155237 7.24006e-09 0.00320475 0.274837 2.29039 1.45114 2.31801 2.26157 0.937919 -8.4404 -1.04083e-17 -3.46945e-18 0 0 -0.000376875 0.000332026 -7.56246e-06 -37.8859 1 0 0 5.45165e-06 8.45567e-07 2.32267e-05
3460 56.4441 0.0201446 0.000160547 5.92456e-06 2.00662e-07 0.000154421 7.20417e-09 0.00320473 0.274837 2.29039 1.45114 2.31802 2.26156 0.937919 -8.44035 -1.04083e-17 -3.46945e-18 0 0 -0.000375461 0.000330782 -7.46075e-06 -37.8857 1 0 0 5.42257e-06 8.41472e-07 2.30983e-05
3465 56.5448 0.0201446 0.000159708 5.89676e-06 1.99669e-07 0.000153612 7.16842e-09 0.00320472 0.274838 2.29039 1.45114 2.31803 2.26155 0.937919 -8.4403 -1.04083e-17 -3.46945e-18 0 0 -0.000374052 0.000329543 -7.35954e-06 -37.8854 1 0 0 5.39363e-06 8.37398e-07 2.29708e-05
3470 56.6455 0.0201446 0.000158875 5.86908e-06 1.98681e-07 0.000152808 7.13281e-09 0.00320471 0.274838 2.29039 1.45114 2.31803 2.26154 0.937919 -8.44026 -1.04083e-17 -3.46945e-18 0 0 -0.00037265 0.000328309 -7.25883e-06 -37.8852 1 0 0 5.36483e-06 8.33345e-07 2.28441e-05
3475 56.7462 0.0201446 0.000158049 5.8415e-06 1.97698e-07 0.00015201 7.09735e-09 0.00320469 0.274837 2.29039 1.45114 2.31804 2.26154 0.937919 -8.44021 -1.04083e-17 -3.46945e-18 0 0 -0.000371253 0.000327081 -7.15863e-06 -37.885 1 0 0 5.33617e-06 8.29312e-07 2.27183e-05
3480 56.8469 0.0201446 0.000157228 5.81403e-06 1.96721e-07 0.000151217 7.06202e-09 0.00320468 0.274837 2.29039 1.45114 2.31805 2.26153 0.937918 -8.44016 -1.04083e-17 -3.46945e-18 0 0 -0.000369863 0.000325858 -7.05893e-06 -37.8848 1 0 0 5.30765e-06 8.253e-07 2.25933e-05
3485 56.9477 0.0201446 0.000156413 5.78667e-06 1.9575e-07 0.000150431 7.02684e-09 0.00320467 0.274837 2.29039 1.45114 2.31805 2.26152 0.937918 -8.44011 -1.04083e-17 -3.46945e-18 0 0 -0.000368479 0.000324641 -6.95974e-06 -37.8846 1 0 0 5.27926e-06 8.21308e-07 2.24692e-05
3490 57.0484 0.0201446 0.000155604 5.75942e-06 1.94784e-07 0.00014965 6.9918e-09 0.00320465 0.274837 2.29039 1.45114 2.31806 2.26151 0.937918 -8.44006 -1.04083e-17 -3.46945e-18 0 0 -0.000367101 0.000323428 -6.86106e-06 -37.8844 1 0 0 5.25102e-06 8.17336e-07 2.23458e-05
3495 57.1491 0.0201446 0.000154801 5.73228e-06 1.93824e-07 0.000148875 6.9569e-09 0.00320464 0.274837 2.29039 1.45114 2.31807 2.26151 0.937918 -8.44002 -1.04083e-17 -3.46945e-18 0 0 -0.000365729 0.000322221 -6.76289e-06 -37.8841 1 0 0 5.22291e-06 8.13384e-07 2.22233e-05
3500 57.2498 0.0201446 0.000154003 5.70525e-06 1.92869e-07 0.000148105 6.92215e-09 0.00320463 0.274837 2.29039 1.45114 2.31807 2.2615 0.937918 -8.43997 -1.04083e-17 -3.46945e-18 0 0 -0.000364364 0.000321019 -6.66524e-06 -37.8839 1 0 0 5.19495e-06 8.09452e-07 2.21016e-05
3505 57.3506 0.0201446 0.000153211 5.67833e-06 1.91919e-07 0.00014734 6.88753e-09 0.00320461 0.274838 2.29039 1.45114 2.31808 2.26149 0.937918 -8.43993 -1.04083e-17 -3.46945e-18 0 0 -0.000363004 0.000319822 -6.5681e-06 -37.8837 1 0 0 5.16712e-06 8.0554e-07 2.19806e-05
3510 57.4513 0.0201446 0.000152424 5.65152e-06 1.90974e-07 0.000146581 6.85306e-09 0.0032046 0.274837 2.29039 1.45114 2.31809 2.26148 0.937918 -8.43988 -1.04083e-17 -3.46945e-18 0 0 -0.00036165 0.000318631 -6.47148e-06 -37.8835 1 0 0 5.13942e-06 8.01647e-07 2.18605e-05
3515 57.552 0.0201446 0.000151643 5.62481e-06 1.90035e-07 0.000145828 6.81874e-09 0.00320459 0.274837 2.29039 1.45114 2.31809 2.26148 0.937917 -8.43983 -1.04083e-17 -3.46945e-18 0 0 -0.000360302 0.000317444 -6.37537e-06 -37.8833 1 0 0 5.11187e-06 7.97773e-07 2.17411e-05
3520 57.6527 0.0201446 0.000150867 5.59821e-06 1.89101e-07 0.000145079 6.78455e-09 0.00320457 0.274837 2.29039 1.45114 2.3181 2.26147 0.937917 -8.43979 -1.04083e-17 -3.46945e-18 0 0 -0.00035896 0.000316263 -6.27978e-06 -37.8831 1 0 0 5.08445e-06 7.93919e-07 2.16226e-05
3525 57.7535 0.0201446 0.000150096 5.57172e-06 1.88172e-07 0.000144336 6.75052e-09 0.00320456 0.274837 2.29039 1.45114 2.3181 2.26146 0.937917 -8.43975 -1.04083e-17 -3.46945e-18 0 0 -0.000357624 0.000315087 -6.18471e-06 -37.8829 1 0 0 5.05717e-06 7.90084e-07 2.15047e-05
3530 57.8542 0.0201446 0.000149331 5.54534e-06 1.87248e-07 0.000143598 6.71662e-09 0.00320455 0.274838 2.29039 1.45114 2.31811 2.26146 0.937917 -8.4397 -1.04083e-17 -3.46945e-18 0 0 -0.000356294 0.000313916 -6.09016e-06 -37.8827 1 0 0 5.03002e-06 7.86268e-07 2.13877e-05
3535 57.9549 0.0201446 0.000148571 5.51906e-06 1.8633e-07 0.000142865 6.68287e-09 0.00320454 0.274837 2.29039 1.45114 2.31812 2.26145 0.937917 -8.43966 -1.04083e-17 -3.46945e-18 0 0 -0.000354969 0.00031275 -5.99614e-06 -37.8825 1 0 0 5.00301e-06 7.8247e-07 2.12714e-05
3540 58.0556 0.0201446 0.000147816 5.4929e-06 1.85416e-07 0.000142137 6.64926e-09 0.00320452 0.274837 2.29039 1.45114 2.31812 2.26144 0.937917 -8.43962 -1.04083e-17 -3.46945e-18 0 0 -0.000353651 0.000311589 -5.90263e-06 -37.8823 1 0 0 4.97613e-06 7.78692e-07 2.11558e-05
3545 58.1563 0.0201446 0.000147066 5.46684e-06 1.84507e-07 0.000141414 6.6158e-09 0.00320451 0.274837 2.29039 1.45114 2.31813 2.26143 0.937917 -8.43957 -1.04083e-17 -3.46945e-18 0 0 -0.000352338 0.000310433 -5.80965e-06 -37.8822 1 0 0 4.94939e-06 7.74931e-07 2.1041e-05
3550 58.2571 0.0201446 0.000146321 5.44089e-06 1.83603e-07 0.000140696 6.58249e-09 0.0032045 0.274838 2.29039 1.45114 2.31814 2.26143 0.937917 -8.43953 -1.04083e-17 -3.46945e-18 0 0 -0.000351031 0.000309282 -5.71719e-06 -37.882 1 0 0 4.92278e-06 7.7119e-07 2.09269e-05
3555 58.3578 0.0201446 0.000145581 5.41504e-06 1.82704e-07 0.000139983 6.54931e-09 0.00320449 0.274837 2.29039 1.45114 2.31814 2.26142 0.937917 -8.43949 -1.04083e-17 -3.46945e-18 0 0 -0.00034973 0.000308136 -5.62525e-06 -37.8818 1 0 0 4.8963e-06 7.67467e-07 2.08136e-05
3560 58.4585 0.0201446 0.000144846 5.3893e-06 1.8181e-07 0.000139275 6.51628e-09 0.00320447 0.274837 2.29039 1.45114 2.31815 2.26141 0.937916 -8.43945 -1.04083e-17 -3.46945e-18 0 0 -0.000348434 0.000306995 -5.53384e-06 -37.8816 1 0 0 4.86996e-06 7.63762e-07 2.07009e-05
3565 58.5592 0.0201446 0.000144116 5.36367e-06 1.80921e-07 0.000138571 6.4834e-09 0.00320446 0.274838 2.29039 1.45114 2.31815 2.26141 0.937916 -8.43941 -1.04083e-17 -3.46945e-18 0 0 -0.000347145 0.000305859 -5.44295e-06 -37.8814 1 0 0 4.84376e-06 7.60075e-07 2.0589e-05
3570 58.66 0.0201446 0.00014339 5.33815e-06 1.80036e-07 0.000137872 6.45066e-09 0.00320445 0.274837 2.29039 1.45114 2.31816 2.2614 0.937916 -8.43937 -1.04083e-17 -3.46945e-18 0 0 -0.000345861 0.000304728 -5.35259e-06 -37.8812 1 0 0 4.81768e-06 7.56406e-07 2.04778e-05
3575 58.7607 0.0201446 0.00014267 5.31273e-06 1.79156e-07 0.000137178 6.41807e-09 0.00320443 0.274837 2.29039 1.45114 2.31817 2.26139 0.937916 -8.43933 -1.04083e-17 -3.46945e-18 0 0 -0.000344582 0.000303602 -5.26275e-06 -37.881 1 0 0 4.79174e-06 7.52754e-07 2.03673e-05
3580 58.8614 0.0201446 0.000141954 5.28741e-06 1.78281e-07 0.000136488 6.38562e-09 0.00320442 0.274837 2.29039 1.45114 2.31817 2.26139 0.937916 -8.43929 -1.04083e-17 -3.46945e-18 0 0 -0.000343309 0.000302481 -5.17343e-06 -37.8809 1 0 0 4.76593e-06 7.49121e-07 2.02575e-05
3585 58.9621 0.0201446 0.000141243 5.26221e-06 1.77411e-07 0.000135803 6.35331e-09 0.00320441 0.274837 2.29039 1.45114 2.31818 2.26138 0.937916 -8.43925 -1.04083e-17 -3.46945e-18 0 0 -0.000342042 0.000301365 -5.08464e-06 -37.8807 1 0 0 4.74024e-06 7.45505e-07 2.01483e-05
3590 59.0628 0.0201446 0.000140536 5.2371e-06 1.76545e-07 0.000135122 6.32115e-09 0.0032044 0.274838 2.29039 1.45114 2.31819 2.26137 0.937916 -8.43921 -1.04083e-17 -3.46945e-18 0 0 -0.000340781 0.000300253 -4.99638e-06 -37.8805 1 0 0 4.7147e-06 7.41907e-07 2.00399e-05
3595 59.1636 0.0201446 0.000139834 5.21211e-06 1.75684e-07 0.000134446 6.28914e-09 0.00320439 0.274837 2.29039 1.45114 2.31819 2.26136 0.937916 -8.43917 -1.04083e-17 -3.46945e-18 0 0 -0.000339525 0.000299147 -4.90864e-06 -37.8803 1 0 0 4.68928e-06 7.38326e-07 1.99321e-05
3600 59.2643 0.0201446 0.000139137 5.18722e-06 1.74827e-07 0.000133775 6.25726e-09 0.00320437 0.274838 2.29039 1.45114 2.3182 2.26136 0.937916 -8.43913 -1.04083e-17 -3.46945e-18 0 0 -0.000338274 0.000298045 -4.82142e-06 -37.8802 1 0 0 4.66399e-06 7.34763e-07 1.9825e-05
3605 59.365 0.0201446 0.000138444 5.16243e-06 1.73975e-07 0.000133107 6.22554e-09 0.00320436 0.274837 2.29039 1.45114 2.3182 2.26135 0.937915 -8.43909 -1.04083e-17 -3.46945e-18 0 0 -0.000337029 0.000296948 -4.73473e-06 -37.88 1 0 0 4.63883e-06 7.31216e-07 1.97186e-05
3610 59.4657 0.0201446 0.000137755 5.13775e-06 1.73127e-07 0.000132444 6.19395e-09 0.00320435 0.274837 2.29039 1.45114 2.31821 2.26134 0.937915 -8.43905 -1.04083e-17 -3.46945e-18 0 0 -0.00033579 0.000295856 -4.64857e-06 -37.8798 1 0 0 4.61379e-06 7.27687e-07 1.96129e-05
3615 59.5665 0.0201446 0.000137071 5.11318e-06 1.72284e-07 0.000131785 6.16251e-09 0.00320434 0.274837 2.29039 1.45114 2.31822 2.26134 0.937915 -8.43901 -1.04083e-17 -3.46945e-18 0 0 -0.000334556 0.000294768 -4.56292e-06 -37.8796 1 0 0 4.58889e-06 7.24174e-07 1.95077e-05
3620 59.6672 0.0201446 0.000136391 5.0887e-06 1.71445e-07 0.000131131 6.13122e-09 0.00320432 0.274837 2.29039 1.45114 2.31822 2.26133 0.937915 -8.43898 -1.04083e-17 -3.46945e-18 0 0 -0.000333327 0.000293686 -4.4778e-06 -37.8795 1 0 0 4.56412e-06 7.20679e-07 1.94033e-05
3625 59.7679 0.0201446 0.000135716 5.06434e-06 1.7061e-07 0.000130481 6.10006e-09 0.00320431 0.274837 2.29039 1.45114 2.31823 2.26132 0.937915 -8.43894 -1.04083e-17 -3.46945e-18 0 0 -0.000332104 0.000292608 -4.39321e-06 -37.8793 1 0 0 4.53947e-06 7.172e-07 1.92995e-05
3630 59.8686 0.0201446 0.000135044 5.04007e-06 1.6978e-07 0.000129834 6.06906e-09 0.0032043 0.274837 2.29039 1.45114 2.31823 2.26132 0.937915 -8.4389 -1.04083e-17 -3.46945e-18 0 0 -0.000330886 0.000291535 -4.30913e-06 -37.8791 1 0 0 4.51495e-06 7.13738e-07 1.91963e-05
3635 59.9694 0.0201446 0.000134377 5.01591e-06 1.68954e-07 0.000129192 6.03819e-09 0.00320429 0.274838 2.29039 1.45114 2.31824 2.26131 0.937915 -8.43887 -1.04083e-17 -3.46945e-18 0 0 -0.000329674 0.000290466 -4.22558e-06 -37.879 1 0 0 4.49056e-06 7.10293e-07 1.90938e-05
3640 60.0701 0.0201446 0.000133714 4.99186e-06 1.68132e-07 0.000128554 6.00747e-09 0.00320428 0.274837 2.29039 1.45114 2.31824 2.2613 0.937915 -8.43883 -1.04083e-17 -3.46945e-18 0 0 -0.000328467 0.000289402 -4.14254e-06 -37.8788 1 0 0 4.46629e-06 7.06864e-07 1.89919e-05
3645 60.1708 0.0201446 0.000133056 4.9679e-06 1.67315e-07 0.00012792 5.97689e-09 0.00320426 0.274837 2.29039 1.45114 2.31825 2.2613 0.937915 -8.43879 -1.04083e-17 -3.46945e-18 0 0 -0.000327265 0.000288343 -4.06003e-06 -37.8787 1 0 0 4.44215e-06 7.03451e-07 1.88906e-05
3650 60.2715 0.0201446 0.000132401 4.94405e-06 1.66502e-07 0.00012729 5.94645e-09 0.00320425 0.274838 2.29039 1.45114 2.31826 2.26129 0.937915 -8.43876 -1.04083e-17 -3.46945e-18 0 0 -0.000326069 0.000287289 -3.97804e-06 -37.8785 1 0 0 4.41813e-06 7.00055e-07 1.87899e-05
3655 60.3722 0.0201446 0.00013175 4.9203e-06 1.65693e-07 0.000126664 5.91616e-09 0.00320424 0.274838 2.29039 1.45114 2.31826 2.26128 0.937915 -8.43872 -1.04083e-17 -3.46945e-18 0 0 -0.000324877 0.000286239 -3.89656e-06 -37.8783 1 0 0 4.39424e-06 6.96675e-07 1.86899e-05
3660 60.473 0.0201446 0.000131104 4.89666e-06 1.64888e-07 0.000126042 5.88601e-09 0.00320423 0.274838 2.29039 1.45114 2.31827 2.26128 0.937915 -8.43869 -1.04083e-17 -3.46945e-18 0 0 -0.000323692 0.000285193 -3.8156e-06 -37.8782 1 0 0 4.37047e-06 6.9331e-07 1.85905e-05
3665 60.5737 0.0201446 0.000130461 4.87312e-06 1.64087e-07 0.000125424 5.856e-09 0.00320422 0.274838 2.29039 1.45114 2.31827 2.26127 0.937914 -8.43865 -1.04083e-17 -3.46945e-18 0 0 -0.000322511 0.000284153 -3.73516e-06 -37.878 1 0 0 4.34683e-06 6.89962e-07 1.84916e-05
3670 60.6744 0.0201446 0.000129823 4.84967e-06 1.6329e-07 0.00012481 5.82613e-09 0.00320421 0.274837 2.29039 1.45114 2.31828 2.26126 0.937914 -8.43862 -1.04083e-17 -3.46945e-18 0 0 -0.000321335 0.000283116 -3.65523e-06 -37.8779 1 0 0 4.32331e-06 6.8663e-07 1.83934e-05
3675 60.7751 0.0201446 0.000129188 4.82634e-06 1.62498e-07 0.000124199 5.7964e-09 0.00320419 0.274837 2.29039 1.45114 2.31828 2.26126 0.937914 -8.43858 -1.04083e-17 -3.46945e-18 0 0 -0.000320165 0.000282085 -3.57582e-06 -37.8777 1 0 0 4.29991e-06 6.83314e-07 1.82958e-05
3680 60.8759 0.0201446 0.000128557 4.8031e-06 1.61709e-07 0.000123592 5.76682e-09 0.00320418 0.274838 2.29039 1.45114 2.31829 2.26125 0.937914 -8.43855 -1.04083e-17 -3.46945e-18 0 0 -0.000319 0.000281058 -3.49693e-06 -37.8776 1 0 0 4.27664e-06 6.80013e-07 1.81987e-05
3685 60.9766 0.0201446 0.00012793 4.77996e-06 1.60925e-07 0.000122989 5.73737e-09 0.00320417 0.274838 2.29039 1.45114 2.3183 2.26125 0.937914 -8.43851 -1.04083e-17 -3.46945e-18 0 0 -0.00031784 0.000280035 -3.41854e-06 -37.8774 1 0 0 4.25348e-06 6.76728e-07 1.81023e-05
3690 61.0773 0.0201446 0.000127307 4.75693e-06 1.60144e-07 0.00012239 5.70807e-09 0.00320416 0.274838 2.29039 1.45114 2.3183 2.26124 0.937914 -8.43848 -1.04083e-17 -3.46945e-18 0 0 -0.000316685 0.000279017 -3.34067e-06 -37.8772 1 0 0 4.23045e-06 6.73458e-07 1.80064e-05
3695 61.178 0.0201446 0.000126687 4.73399e-06 1.59367e-07 0.000121794 5.67891e-09 0.00320415 0.274838 2.29039 1.45114 2.31831 2.26123 0.937914 -8.43845 -1.04083e-17 -3.46945e-18 0 0 -0.000315535 0.000278003 -3.2633e-06 -37.8771 1 0 0 4.20754e-06 6.70204e-07 1.79111e-05
3700 61.2787 0.0201446 0.000126072 4.71116e-06 1.58595e-07 0.000121202 5.64988e-09 0.00320414 0.274837 2.29039 1.45114 2.31831 2.26123 0.937914 -8.43841 -1.04083e-17 -3.46945e-18 0 0 -0.00031439 0.000276994 -3.18645e-06 -37.8769 1 0 0 4.18475e-06 6.66966e-07 1.78164e-05
3705 61.3795 0.0201446 0.00012546 4.68842e-06 1.57826e-07 0.000120613 5.621e-09 0.00320412 0.274837 2.29039 1.45114 2.31832 2.26122 0.937914 -8.43838 -1.04083e-17 -3.46945e-18 0 0 -0.00031325 0.000275989 -3.1101e-06 -37.8768 1 0 0 4.16208e-06 6.63742e-07 1.77223e-05
3710 61.4802 0.0201446 0.000124851 4.66579e-06 1.57061e-07 0.000120028 5.59226e-09 0.00320411 0.274837 2.29039 1.45114 2.31832 2.26121 0.937914 -8.43835 -1.04083e-17 -3.46945e-18 0 0 -0.000312116 0.000274988 -3.03426e-06 -37.8767 1 0 0 4.13953e-06 6.60534e-07 1.76287e-05
3715 61.5809 0.0201446 0.000124247 4.64325e-06 1.563e-07 0.000119447 5.56365e-09 0.0032041 0.274837 2.29039 1.45114 2.31833 2.26121 0.937914 -8.43831 -1.04083e-17 -3.46945e-18 0 0 -0.000310986 0.000273992 -2.95892e-06 -37.8765 1 0 0 4.1171e-06 6.57341e-07 1.75357e-05
3720 61.6816 0.0201446 0.000123645 4.62082e-06 1.55542e-07 0.000118869 5.53518e-09 0.00320409 0.274837 2.29039 1.45114 2.31834 2.2612 0.937914 -8.43828 -1.04083e-17 -3.46945e-18 0 0 -0.000309861 0.000273 -2.88409e-06 -37.8764 1 0 0 4.09478e-06 6.54163e-07 1.74432e-05
3725 61.7824 0.0201446 0.000123048 4.59848e-06 1.54789e-07 0.000118295 5.50685e-09 0.00320408 0.274837 2.29039 1.45114 2.31834 2.2612 0.937914 -8.43825 -1.04083e-17 -3.46945e-18 0 0 -0.000308741 0.000272013 -2.80976e-06 -37.8762 1 0 0 4.07259e-06 6.51e-07 1.73513e-05
3730 61.8831 0.0201446 0.000122454 4.57624e-06 1.54039e-07 0.000117724 5.47866e-09 0.00320407 0.274837 2.29039 1.45114 2.31835 2.26119 0.937914 -8.43822 -1.04083e-17 -3.46945e-18 0 0 -0.000307626 0.00027103 -2.73593e-06 -37.8761 1 0 0 4.05051e-06 6.47852e-07 1.72599e-05
3735 61.9838 0.0201446 0.000121863 4.5541e-06 1.53293e-07 0.000117156 5.45061e-09 0.00320406 0.274838 2.29039 1.45114 2.31835 2.26118 0.937914 -8.43819 -1.04083e-17 -3.46945e-18 0 0 -0.000306516 0.000270051 -2.6626e-06 -37.8759 1 0 0 4.02855e-06 6.44719e-07 1.71691e-05
3740 62.0845 0.0201446 0.000121276 4.53206e-06 1.52551e-07 0.000116592 5.42269e-09 0.00320405 0.274837 2.29039 1.45114 2.31836 2.26118 0.937914 -8.43815 -1.04083e-17 -3.46945e-18 0 0 -0.000305411 0.000269076 -2.58977e-06 -37.8758 1 0 0 4.0067e-06 6.416e-07 1.70788e-05
3745 62.1853 0.0201446 0.000120693 4.51012e-06 1.51812e-07 0.000116031 5.39491e-09 0.00320403 0.274837 2.29039 1.45114 2.31836 2.26117 0.937913 -8.43812 -1.04083e-17 -3.46945e-18 0 0 -0.00030431 0.000268106 -2.51739e-06 -37.8756 1 0 0 3.98497e-06 6.38496e-07 1.69891e-05
3750 62.286 0.0201446 0.000120112 4.48828e-06 1.51077e-07 0.000115473 5.36726e-09 0.00320402 0.274838 2.29039 1.45114 2.31837 2.26116 0.937913 -8.43809 -1.04083e-17 -3.46945e-18 0 0 -0.000303215 0.00026714 -2.44557e-06 -37.8755 1 0 0 3.96336e-06 6.35406e-07 1.68999e-05
3755 62.3867 0.0201446 0.000119536 4.46653e-06 1.50346e-07 0.000114919 5.33976e-09 0.00320401 0.274837 2.29039 1.45114 2.31837 2.26116 0.937913 -8.43806 -1.04083e-17 -3.46945e-18 0 0 -0.000302124 0.000266178 -2.37423e-06 -37.8754 1 0 0 3.94186e-06 6.32332e-07 1.68112e-05
3760 62.4874 0.0201446 0.000118962 4.44488e-06 1.49618e-07 0.000114368 5.31239e-09 0.003204 0.274838 2.29039 1.45114 2.31838 2.26115 0.937913 -8.43803 -1.04083e-17 -3.46945e-18 0 0 -0.000301038 0.000265221 -2.30337e-06 -37.8752 1 0 0 3.92048e-06 6.29271e-07 1.67231e-05
3765 62.5881 0.0201446 0.000118392 4.42332e-06 1.48894e-07 0.00011382 5.28515e-09 0.00320399 0.274837 2.29039 1.45114 2.31838 2.26115 0.937913 -8.438 -1.04083e-17 -3.46945e-18 0 0 -0.000299957 0.000264267 -2.23301e-06 -37.8751 1 0 0 3.89921e-06 6.26225e-07 1.66354e-05
3770 62.6889 0.0201446 0.000117825 4.40187e-06 1.48174e-07 0.000113275 5.25805e-09 0.00320398 0.274838 2.29039 1.45114 2.31839 2.26114 0.937913 -8.43797 -1.04083e-17 -3.46945e-18 0 0 -0.000298881 0.000263318 -2.16313e-06 -37.875 1 0 0 3.87805e-06 6.23194e-07 1.65483e-05
3775 62.7896 0.0201446 0.000117262 4.3805e-06 1.47457e-07 0.000112734 5.23108e-09 0.00320397 0.274838 2.29039 1.45114 2.31839 2.26113 0.937913 -8.43794 -1.04083e-17 -3.46945e-18 0 0 -0.000297809 0.000262373 -2.09374e-06 -37.8748 1 0 0 3.85701e-06 6.20176e-07 1.64617e-05
3780 62.8903 0.0201446 0.000116702 4.35924e-06 1.46743e-07 0.000112196 5.20425e-09 0.00320396 0.274838 2.29039 1.45114 2.3184 2.26113 0.937913 -8.43791 -1.04083e-17 -3.46945e-18 0 0 -0.000296742 0.000261432 -2.02483e-06 -37.8747 1 0 0 3.83608e-06 6.17173e-07 1.63756e-05
3785 62.991 0.0201446 0.000116144 4.33807e-06 1.46033e-07 0.00011166 5.17755e-09 0.00320395 0.274837 2.29039 1.45114 2.31841 2.26112 0.937913 -8.43788 -1.04083e-17 -3.46945e-18 0 0 -0.000295679 0.000260495 -1.9564e-06 -37.8746 1 0 0 3.81526e-06 6.14183e-07 1.629e-05
3790 63.0918 0.0201446 0.000115591 4.317e-06 1.45327e-07 0.000111128 5.15099e-09 0.00320394 0.274837 2.29039 1.45114 2.31841 2.26112 0.937913 -8.43785 -1.04083e-17 -3.46945e-18 0 0 -0.000294622 0.000259562 -1.88846e-06 -37.8744 1 0 0 3.79455e-06 6.11208e-07 1.62049e-05
3795 63.1925 0.0201446 0.00011504 4.29602e-06 1.44624e-07 0.000110599 5.12455e-09 0.00320393 0.274837 2.29039 1.45114 2.31842 2.26111 0.937913 -8.43782 -1.04083e-17 -3.46945e-18 0 0 -0.000293568 0.000258633 -1.82099e-06 -37.8743 1 0 0 3.77395e-06 6.08246e-07 1.61204e-05
3800 63.2932 0.0201446 0.000114492 4.27513e-06 1.43925e-07 0.000110073 5.09825e-09 0.00320391 0.274837 2.29039 1.45114 2.31842 2.2611 0.937913 -8.43779 -1.04083e-17 -3.46945e-18 0 0 -0.00029252 0.000257709 -1.754e-06 -37.8742 1 0 0 3.75347e-06 6.05299e-07 1.60363e-05
3805 63.3939 0.0201446 0.000113948 4.25434e-06 1.43228e-07 0.00010955 5.07208e-09 0.0032039 0.274838 2.29039 1.45114 2.31843 2.2611 0.937913 -8.43776 -1.04083e-17 -3.46945e-18 0 0 -0.000291476 0.000256788 -1.68749e-06 -37.874 1 0 0 3.73309e-06 6.02365e-07 1.59527e-05
3810 63.4946 0.0201446 0.000113407 4.23365e-06 1.42536e-07 0.00010903 5.04604e-09 0.00320389 0.274837 2.29039 1.45114 2.31843 2.26109 0.937913 -8.43773 -1.04083e-17 -3.46945e-18 0 0 -0.000290437 0.000255871 -1.62145e-06 -37.8739 1 0 0 3.71282e-06 5.99445e-07 1.58696e-05
3815 63.5954 0.0201446 0.000112868 4.21304e-06 1.41846e-07 0.000108513 5.02013e-09 0.00320388 0.274837 2.29039 1.45114 2.31844 2.26109 0.937913 -8.4377 -1.04083e-17 -3.46945e-18 0 0 -0.000289402 0.000254959 -1.55588e-06 -37.8738 1 0 0 3.69267e-06 5.96538e-07 1.57869e-05
3820 63.6961 0.0201446 0.000112333 4.19254e-06 1.41161e-07 0.000107999 4.99435e-09 0.00320387 0.274838 2.29039 1.45114 2.31844 2.26108 0.937913 -8.43767 -1.04083e-17 -3.46945e-18 0 0 -0.000288371 0.00025405 -1.49078e-06 -37.8736 1 0 0 3.67262e-06 5.93646e-07 1.57048e-05
3825 63.7968 0.0201446 0.000111801 4.17212e-06 1.40478e-07 0.000107488 4.9687e-09 0.00320386 0.274837 2.29039 1.45114 2.31845 2.26108 0.937913 -8.43765 -1.04083e-17 -3.46945e-18 0 0 -0.000287345 0.000253145 -1.42615e-06 -37.8735 1 0 0 3.65268e-06 5.90766e-07 1.56231e-05
3830 63.8975 0.0201446 0.000111272 4.1518e-06 1.39799e-07 0.00010698 4.94319e-09 0.00320385 0.274837 2.29039 1.45114 2.31845 2.26107 0.937913 -8.43762 -1.04083e-17 -3.46945e-18 0 0 -0.000286324 0.000252245 -1.36199e-06 -37.8734 1 0 0 3.63284e-06 5.879e-07 1.55419e-05
3835 63.9983 0.0201446 0.000110745 4.13157e-06 1.39123e-07 0.000106475 4.9178e-09 0.00320384 0.274837 2.29039 1.45114 2.31846 2.26106 0.937913 -8.43759 -1.04083e-17 -3.46945e-18 0 0 -0.000285307 0.000251348 -1.29829e-06 -37.8733 1 0 0 3.61311e-06 5.85048e-07 1.54612e-05
3840 64.099 0.0201446 0.000110222 4.11143e-06 1.3845e-07 0.000105972 4.89253e-09 0.00320383 0.274837 2.29039 1.45114 2.31846 2.26106 0.937913 -8.43756 -1.04083e-17 -3.46945e-18 0 0 -0.000284295 0.000250455 -1.23505e-06 -37.8731 1 0 0 3.59349e-06 5.82209e-07 1.5381e-05
3845 64.1997 0.0201446 0.000109702 4.09139e-06 1.37781e-07 0.000105472 4.8674e-09 0.00320382 0.274838 2.29039 1.45114 2.31847 2.26105 0.937913 -8.43753 -1.04083e-17 -3.46945e-18 0 0 -0.000283286 0.000249566 -1.17228e-06 -37.873 1 0 0 3.57398e-06 5.79383e-07 1.53012e-05
3850 64.3004 0.0201446 0.000109184 4.07143e-06 1.37114e-07 0.000104976 4.8424e-09 0.00320381 0.274838 2.29039 1.45114 2.31847 2.26105 0.937913 -8.43751 -1.04083e-17 -3.46945e-18 0 0 -0.000282283 0.00024868 -1.10996e-06 -37.8729 1 0 0 3.55457e-06 5.7657e-07 1.52219e-05
3855 64.4012 0.0201446 0.00010867 4.05157e-06 1.36451e-07 0.000104481 4.81752e-09 0.0032038 0.274838 2.29039 1.45114 2.31848 2.26104 0.937913 -8.43748 -1.04083e-17 -3.46945e-18 0 0 -0.000281283 0.000247799 -1.0481e-06 -37.8728 1 0 0 3.53527e-06 5.73771e-07 1.5143e-05
3860 64.5019 0.0201446 0.000108158 4.0318e-06 1.35792e-07 0.00010399 4.79276e-09 0.00320379 0.274838 2.29039 1.45114 2.31848 2.26104 0.937913 -8.43745 -1.04083e-17 -3.46945e-18 0 0 -0.000280288 0.000246922 -9.86688e-07 -37.8726 1 0 0 3.51607e-06 5.70984e-07 1.50646e-05
3865 64.6026 0.0201446 0.000107649 4.01212e-06 1.35135e-07 0.000103502 4.76814e-09 0.00320378 0.274837 2.29039 1.45114 2.31849 2.26103 0.937913 -8.43742 -1.04083e-17 -3.46945e-18 0 0 -0.000279297 0.000246048 -9.25733e-07 -37.8725 1 0 0 3.49697e-06 5.68211e-07 1.49867e-05
3870 64.7033 0.0201446 0.000107143 3.99253e-06 1.34482e-07 0.000103016 4.74364e-09 0.00320377 0.274837 2.29039 1.45114 2.31849 2.26102 0.937913 -8.4374 -1.04083e-17 -3.46945e-18 0 0 -0.000278311 0.000245178 -8.65228e-07 -37.8724 1 0 0 3.47798e-06 5.6545e-07 1.49092e-05
3875 64.804 0.0201446 0.000106639 3.97303e-06 1.33832e-07 0.000102533 4.71926e-09 0.00320376 0.274838 2.29039 1.45114 2.3185 2.26102 0.937913 -8.43737 -1.04083e-17 -3.46945e-18 0 0 -0.000277329 0.000244312 -8.05172e-07 -37.8723 1 0 0 3.45909e-06 5.62703e-07 1.48321e-05
3880 64.9048 0.0201446 0.000106139 3.95362e-06 1.33184e-07 0.000102052 4.69501e-09 0.00320375 0.274837 2.29039 1.45114 2.3185 2.26101 0.937913 -8.43734 -1.04083e-17 -3.46945e-18 0 0 -0.000276351 0.000243449 -7.45561e-07 -37.8721 1 0 0 3.4403e-06 5.59968e-07 1.47555e-05
3885 65.0055 0.0201446 0.000105641 3.9343e-06 1.3254e-07 0.000101574 4.67088e-09 0.00320374 0.274837 2.29039 1.45114 2.31851 2.26101 0.937913 -8.43732 -1.04083e-17 -3.46945e-18 0 0 -0.000275377 0.000242591 -6.86395e-07 -37.872 1 0 0 3.42162e-06 5.57246e-07 1.46793e-05
3890 65.1062 0.0201446 0.000105146 3.91507e-06 1.319e-07 0.000101099 4.64688e-09 0.00320373 0.274838 2.29039 1.45114 2.31851 2.261 0.937913 -8.43729 -1.04083e-17 -3.46945e-18 0 0 -0.000274408 0.000241736 -6.27671e-07 -37.8719 1 0 0 3.40303e-06 5.54537e-07 1.46036e-05
3895 65.2069 0.0201446 0.000104654 3.89593e-06 1.31262e-07 0.000100626 4.623e-09 0.00320372 0.274838 2.29039 1.45114 2.31852 2.261 0.937913 -8.43726 -1.04083e-17 -3.46945e-18 0 0 -0.000273443 0.000240884 -5.69385e-07 -37.8718 1 0 0 3.38455e-06 5.5184e-07 1.45283e-05
3900 65.3077 0.0201446 0.000104164 3.87687e-06 1.30627e-07 0.000100157 4.59924e-09 0.00320371 0.274838 2.29039 1.45114 2.31852 2.26099 0.937913 -8.43724 -1.04083e-17 -3.46945e-18 0 0 -0.000272481 0.000240037 -5.11541e-07 -37.8717 1 0 0 3.36617e-06 5.49156e-07 1.44534e-05
3905 65.4084 0.0201446 0.000103677 3.85791e-06 1.29995e-07 9.96891e-05 4.57561e-09 0.0032037 0.274837 2.29039 1.45114 2.31853 2.26099 0.937913 -8.43721 -1.04083e-17 -3.46945e-18 0 0 -0.000271524 0.000239193 -4.54131e-07 -37.8715 1 0 0 3.34789e-06 5.46485e-07 1.4379e-05
3910 65.5091 0.0201446 0.000103193 3.83903e-06 1.29367e-07 9.92243e-05 4.55209e-09 0.00320369 0.274837 2.29039 1.45114 2.31853 2.26098 0.937913 -8.43718 -1.04083e-17 -3.46945e-18 0 0 -0.000270572 0.000238352 -3.97154e-07 -37.8714 1 0 0 3.32971e-06 5.43826e-07 1.4305e-05
3915 65.6098 0.0201446 0.000102711 3.82024e-06 1.28741e-07 9.8762e-05 4.5287e-09 0.00320368 0.274837 2.29039 1.45114 2.31854 2.26097 0.937913 -8.43716 -1.04083e-17 -3.46945e-18 0 0 -0.000269623 0.000237516 -3.4061e-07 -37.8713 1 0 0 3.31162e-06 5.41179e-07 1.42314e-05
3920 65.7106 0.0201446 0.000102232 3.80154e-06 1.28118e-07 9.83022e-05 4.50543e-09 0.00320367 0.274837 2.29039 1.45114 2.31854 2.26097 0.937913 -8.43713 -1.04083e-17 -3.46945e-18 0 0 -0.000268678 0.000236683 -2.84495e-07 -37.8712 1 0 0 3.29364e-06 5.38545e-07 1.41582e-05
3925 65.8113 0.0201446 0.000101755 3.78292e-06 1.27499e-07 9.78449e-05 4.48228e-09 0.00320366 0.274837 2.29039 1.45114 2.31855 2.26096 0.937913 -8.43711 -1.04083e-17 -3.46945e-18 0 0 -0.000267738 0.000235853 -2.28808e-07 -37.8711 1 0 0 3.27575e-06 5.35923e-07 1.40855e-05
3930 65.912 0.0201446 0.000101281 3.7644e-06 1.26882e-07 9.73901e-05 4.45925e-09 0.00320365 0.274837 2.29039 1.45114 2.31855 2.26096 0.937913 -8.43708 -1.04083e-17 -3.46945e-18 0 0 -0.000266801 0.000235027 -1.73546e-07 -37.871 1 0 0 3.25797e-06 5.33314e-07 1.40131e-05
3935 66.0127 0.0201446 0.00010081 3.74595e-06 1.26268e-07 9.69378e-05 4.43633e-09 0.00320364 0.274837 2.29039 1.45114 2.31855 2.26095 0.937913 -8.43706 -1.04083e-17 -3.46945e-18 0 0 -0.000265869 0.000234205 -1.18707e-07 -37.8709 1 0 0 3.24027e-06 5.30716e-07 1.39412e-05
3940 66.1134 0.0201446 0.000100341 3.7276e-06 1.25658e-07 9.64879e-05 4.41354e-09 0.00320363 0.274837 2.29039 1.45114 2.31856 2.26095 0.937913 -8.43703 -1.04083e-17 -3.46945e-18 0 0 -0.00026494 0.000233386 -6.42884e-08 -37.8707 1 0 0 3.22268e-06 5.28131e-07 1.38697e-05
3945 66.2142 0.0201446 9.98749e-05 3.70933e-06 1.2505e-07 9.60405e-05 4.39086e-09 0.00320362 0.274838 2.29039 1.45114 2.31856 2.26094 0.937913 -8.43701 -1.04083e-17 -3.46945e-18 0 0 -0.000264016 0.000232571 -1.02913e-08 -37.8706 1 0 0 3.20518e-06 5.25558e-07 1.37986e-05
3950 66.3149 0.0201446 9.9411e-05 3.69114e-06 1.24445e-07 9.55954e-05 4.3683e-09 0.00320361 0.274837 2.29039 1.45114 2.31857 2.26094 0.937913 -8.43698 -1.04083e-17 -3.46945e-18 0 0 -0.000263095 0.000231759 4.32898e-08 -37.8705 1 0 0 3.18778e-06 5.22997e-07 1.37279e-05
3955 66.4156 0.0201446 9.89497e-05 3.67304e-06 1.23843e-07 9.51528e-05 4.34586e-09 0.0032036 0.274837 2.29039 1.45114 2.31857 2.26093 0.937913 -8.43696 -1.04083e-17 -3.46945e-18 0 0 -0.000262179 0.000230951 9.64565e-08 -37.8704 1 0 0 3.17047e-06 5.20448e-07 1.36575e-05
3960 66.5163 0.0201446 9.84908e-05 3.65503e-06 1.23244e-07 9.47125e-05 4.32353e-09 0.00320359 0.274837 2.29039 1.45114 2.31858 2.26093 0.937913 -8.43693 -1.04083e-17 -3.46945e-18 0 0 -0.000261266 0.000230146 1.4921e-07 -37.8703 1 0 0 3.15326e-06 5.1791e-07 1.35876e-05
3965 66.6171 0.0201446 9.80344e-05 3.6371e-06 1.22647e-07 9.42746e-05 4.30132e-09 0.00320358 0.274837 2.29039 1.45114 2.31858 2.26092 0.937913 -8.43691 -1.04083e-17 -3.46945e-18 0 0 -0.000260358 0.000229345 2.01554e-07 -37.8702 1 0 0 3.13614e-06 5.15385e-07 1.35181e-05
3970 66.7178 0.0201446 9.75804e-05 3.61925e-06 1.22054e-07 9.3839e-05 4.27923e-09 0.00320357 0.274838 2.29039 1.45114 2.31859 2.26092 0.937913 -8.43688 -1.04083e-17 -3.46945e-18 0 0 -0.000259453 0.000228547 2.53489e-07 -37.8701 1 0 0 3.11911e-06 5.12872e-07 1.3449e-05
3975 66.8185 0.0201446 9.71288e-05 3.60149e-06 1.21463e-07 9.34058e-05 4.25725e-09 0.00320356 0.274837 2.29039 1.45114 2.31859 2.26091 0.937913 -8.43686 -1.04083e-17 -3.46945e-18 0 0 -0.000258552 0.000227753 3.05017e-07 -37.87 1 0 0 3.10218e-06 5.1037e-07 1.33803e-05
3980 66.9192 0.0201446 9.66796e-05 3.58381e-06 1.20875e-07 9.29749e-05 4.23539e-09 0.00320355 0.274837 2.29039 1.45114 2.3186 2.26091 0.937913 -8.43683 -1.04083e-17 -3.46945e-18 0 0 -0.000257655 0.000226962 3.56142e-07 -37.8699 1 0 0 3.08534e-06 5.0788e-07 1.3312e-05
3985 67.0199 0.0201446 9.62327e-05 3.56621e-06 1.2029e-07 9.25462e-05 4.21364e-09 0.00320354 0.274837 2.29039 1.45114 2.3186 2.2609 0.937913 -8.43681 -1.04083e-17 -3.46945e-18 0 0 -0.000256762 0.000226174 4.06864e-07 -37.8697 1 0 0 3.0686e-06 5.05401e-07 1.3244e-05
3990 67.1207 0.0201446 9.57883e-05 3.5487e-06 1.19708e-07 9.21199e-05 4.192e-09 0.00320353 0.274837 2.29039 1.45114 2.31861 2.2609 0.937913 -8.43678 -1.04083e-17 -3.46945e-18 0 0 -0.000255872 0.00022539 4.57188e-07 -37.8696 1 0 0 3.05194e-06 5.02935e-07 1.31764e-05
3995 67.2214 0.0201446 9.53462e-05 3.53127e-06 1.19129e-07 9.16958e-05 4.17048e-09 0.00320352 0.274837 2.29039 1.45114 2.31861 2.26089 0.937913 -8.43676 -1.04083e-17 -3.46945e-18 0 0 -0.000254986 0.000224609 5.07112e-07 -37.8695 1 0 0 3.03538e-06 5.0048e-07 1.31092e-05
4000 67.3221 0.0201446 9.49064e-05 3.51392e-06 1.18552e-07 9.12739e-05 4.14906e-09 0.00320351 0.274837 2.29039 1.45114 2.31861 2.26089 0.937913 -8.43674 -1.04083e-17 -3.46945e-18 0 0 -0.000254105 0.000223831 5.56641e-07 -37.8694 1 0 0 3.01891e-06 4.98036e-07 1.30424e-05
4005 67.4228 0.0201446 9.4469e-05 3.49666e-06 1.17978e-07 9.08543e-05 4.12776e-09 0.0032035 0.274837 2.29039 1.45114 2.31862 2.26088 0.937913 -8.43671 -1.04083e-17 -3.46945e-18 0 0 -0.000253227 0.000223057 6.05777e-07 -37.8693 1 0 0 3.00253e-06 4.95604e-07 1.2976e-05
4010 67.5236 0.0201446 9.40338e-05 3.47947e-06 1.17407e-07 9.04369e-05 4.10658e-09 0.0032035 0.274837 2.29039 1.45114 2.31862 2.26088 0.937913 -8.43669 -1.04083e-17 -3.46945e-18 0 0 -0.000252352 0.000222286 6.54521e-07 -37.8692 1 0 0 2.98624e-06 4.93183e-07 1.29099e-05
4015 67.6243 0.0201446 9.36009e-05 3.46237e-06 1.16838e-07 9.00217e-05 4.0855e-09 0.00320349 0.274838 2.29039 1.45114 2.31863 2.26087 0.937913 -8.43666 -1.04083e-17 -3.46945e-18 0 0 -0.000251482 0.000221518 7.02876e-07 -37.8691 1 0 0 2.97003e-06 4.90774e-07 1.28442e-05
4020 67.725 0.0201446 9.31703e-05 3.44535e-06 1.16272e-07 8.96087e-05 4.06453e-09 0.00320348 0.274838 2.29039 1.45114 2.31863 2.26086 0.937913 -8.43664 -1.04083e-17 -3.46945e-18 0 0 -0.000250615 0.000220754 7.50844e-07 -37.869 1 0 0 2.95392e-06 4.88376e-07 1.27789e-05
4025 67.8257 0.0201446 9.27419e-05 3.4284e-06 1.15709e-07 8.91978e-05 4.04367e-09 0.00320347 0.274837 2.29039 1.45114 2.31864 2.26086 0.937913 -8.43662 -1.04083e-17 -3.46945e-18 0 0 -0.000249751 0.000219993 7.98428e-07 -37.8689 1 0 0 2.9379e-06 4.85989e-07 1.2714e-05
4030 67.9265 0.0201446 9.23158e-05 3.41154e-06 1.15149e-07 8.87891e-05 4.02293e-09 0.00320346 0.274838 2.29039 1.45114 2.31864 2.26085 0.937913 -8.43659 -1.04083e-17 -3.46945e-18 0 0 -0.000248892 0.000219235 8.45628e-07 -37.8688 1 0 0 2.92196e-06 4.83613e-07 1.26494e-05
4035 68.0272 0.0201446 9.18919e-05 3.39476e-06 1.14591e-07 8.83826e-05 4.00229e-09 0.00320345 0.274837 2.29039 1.45114 2.31865 2.26085 0.937913 -8.43657 -1.04083e-17 -3.46945e-18 0 0 -0.000248036 0.00021848 8.92448e-07 -37.8687 1 0 0 2.90611e-06 4.81249e-07 1.25852e-05
4040 68.1279 0.0201446 9.14702e-05 3.37806e-06 1.14036e-07 8.79782e-05 3.98176e-09 0.00320344 0.274838 2.29039 1.45114 2.31865 2.26084 0.937913 -8.43655 -1.04083e-17 -3.46945e-18 0 0 -0.000247184 0.000217729 9.3889e-07 -37.8686 1 0 0 2.89035e-06 4.78896e-07 1.25213e-05
4045 68.2286 0.0201446 9.10508e-05 3.36144e-06 1.13483e-07 8.75758e-05 3.96133e-09 0.00320343 0.274837 2.29039 1.45114 2.31865 2.26084 0.937913 -8.43652 -1.04083e-17 -3.46945e-18 0 0 -0.000246335 0.00021698 9.84955e-07 -37.8685 1 0 0 2.87468e-06 4.76553e-07 1.24578e-05
4050 68.3293 0.0201446 9.06334e-05 3.34489e-06 1.12933e-07 8.71756e-05 3.94102e-09 0.00320342 0.274837 2.29039 1.45114 2.31866 2.26084 0.937913 -8.4365 -1.04083e-17 -3.46945e-18 0 0 -0.00024549 0.000216235 1.03064e-06 -37.8684 1 0 0 2.85909e-06 4.74222e-07 1.23946e-05
4055 68.4301 0.0201446 9.02183e-05 3.32843e-06 1.12386e-07 8.67775e-05 3.92081e-09 0.00320341 0.274838 2.29039 1.45114 2.31866 2.26083 0.937913 -8.43648 -1.04083e-17 -3.46945e-18 0 0 -0.000244648 0.000215493 1.07596e-06 -37.8683 1 0 0 2.84359e-06 4.71902e-07 1.23318e-05
4060 68.5308 0.0201446 8.98053e-05 3.31204e-06 1.11841e-07 8.63814e-05 3.90071e-09 0.0032034 0.274837 2.29039 1.45114 2.31867 2.26083 0.937913 -8.43645 -1.04083e-17 -3.46945e-18 0 0 -0.000243811 0.000214755 1.12091e-06 -37.8682 1 0 0 2.82817e-06 4.69593e-07 1.22694e-05
4065 68.6315 0.0201446 8.93944e-05 3.29574e-06 1.11299e-07 8.59874e-05 3.88071e-09 0.00320339 0.274838 2.29039 1.45114 2.31867 2.26082 0.937913 -8.43643 -1.04083e-17 -3.46945e-18 0 0 -0.000242976 0.000214019 1.16549e-06 -37.8681 1 0 0 2.81284e-06 4.67294e-07 1.22072e-05
4070 68.7322 0.0201446 8.89857e-05 3.27951e-06 1.1076e-07 8.55954e-05 3.86082e-09 0.00320339 0.274837 2.29039 1.45114 2.31868 2.26082 0.937913 -8.43641 -1.04083e-17 -3.46945e-18 0 0 -0.000242145 0.000213286 1.2097e-06 -37.868 1 0 0 2.7976e-06 4.65007e-07 1.21455e-05
4075 68.833 0.0201446 8.8579e-05 3.26335e-06 1.10223e-07 8.52055e-05 3.84103e-09 0.00320338 0.274837 2.29039 1.45114 2.31868 2.26081 0.937913 -8.43639 -1.04083e-17 -3.46945e-18 0 0 -0.000241318 0.000212557 1.25355e-06 -37.8679 1 0 0 2.78243e-06 4.6273e-07 1.20841e-05
4080 68.9337 0.0201446 8.81745e-05 3.24728e-06 1.09688e-07 8.48175e-05 3.82135e-09 0.00320337 0.274838 2.29039 1.45114 2.31868 2.26081 0.937913 -8.43636 -1.04083e-17 -3.46945e-18 0 0 -0.000240494 0.000211831 1.29704e-06 -37.8678 1 0 0 2.76736e-06 4.60464e-07 1.2023e-05
4085 69.0344 0.0201446 8.77721e-05 3.23128e-06 1.09157e-07 8.44316e-05 3.80177e-09 0.00320336 0.274837 2.29039 1.45114 2.31869 2.2608 0.937913 -8.43634 -1.04083e-17 -3.46945e-18 0 0 -0.000239674 0.000211107 1.34017e-06 -37.8677 1 0 0 2.75236e-06 4.58208e-07 1.19623e-05
4090 69.1351 0.0201446 8.73717e-05 3.21536e-06 1.08627e-07 8.40477e-05 3.78229e-09 0.00320335 0.274837 2.29038 1.45114 2.31869 2.2608 0.937913 -8.43632 -1.04083e-17 -3.46945e-18 0 0 -0.000238857 0.000210387 1.38294e-06 -37.8676 1 0 0 2.73745e-06 4.55964e-07 1.19019e-05
4095 69.2358 0.0201446 8.69733e-05 3.19951e-06 1.081e-07 8.36657e-05 3.76292e-09 0.00320334 0.274838 2.29038 1.45114 2.3187 2.26079 0.937913 -8.4363 -1.04083e-17 -3.46945e-18 0 0 -0.000238043 0.00020967 1.42536e-06 -37.8675 1 0 0 2.72262e-06 4.53729e-07 1.18418e-05
4100 69.3366 0.0201446 8.6577e-05 3.18374e-06 1.07576e-07 8.32857e-05 3.74365e-09 0.00320333 0.274837 2.29038 1.45114 2.3187 2.26079 0.937913 -8.43628 -1.04083e-17 -3.46945e-18 0 0 -0.000237233 0.000208956 1.46742e-06 -37.8674 1 0 0 2.70787e-06 4.51506e-07 1.17821e-05
4105 69.4373 0.0201446 8.61828e-05 3.16804e-06 1.07054e-07 8.29077e-05 3.72448e-09 0.00320332 0.274837 2.29038 1.45114 2.31871 2.26078 0.937913 -8.43625 -1.04083e-17 -3.46945e-18 0 0 -0.000236426 0.000208245 1.50913e-06 -37.8673 1 0 0 2.6932e-06 4.49293e-07 1.17227e-05
4110 69.538 0.0201446 8.57905e-05 3.15242e-06 1.06535e-07 8.25315e-05 3.70541e-09 0.00320332 0.274837 2.29038 1.45114 2.31871 2.26078 0.937913 -8.43623 -1.04083e-17 -3.46945e-18 0 0 -0.000235623 0.000207536 1.5505e-06 -37.8672 1 0 0 2.67862e-06 4.4709e-07 1.16636e-05
4115 69.6387 0.0201446 8.54003e-05 3.13688e-06 1.06018e-07 8.21574e-05 3.68645e-09 0.00320331 0.274838 2.29038 1.45114 2.31871 2.26077 0.937913 -8.43621 -1.04083e-17 -3.46945e-18 0 0 -0.000234823 0.000206831 1.59151e-06 -37.8671 1 0 0 2.66411e-06 4.44898e-07 1.16048e-05
4120 69.7395 0.0201446 8.5012e-05 3.12141e-06 1.05503e-07 8.17851e-05 3.66758e-09 0.0032033 0.274837 2.29038 1.45114 2.31872 2.26077 0.937913 -8.43619 -1.04083e-17 -3.46945e-18 0 0 -0.000234027 0.000206129 1.63218e-06 -37.867 1 0 0 2.64969e-06 4.42716e-07 1.15464e-05
4125 69.8402 0.0201446 8.46257e-05 3.10602e-06 1.04991e-07 8.14147e-05 3.64881e-09 0.00320329 0.274837 2.29038 1.45114 2.31872 2.26076 0.937913 -8.43617 -1.04083e-17 -3.46945e-18 0 0 -0.000233233 0.00020543 1.67251e-06 -37.8669 1 0 0 2.63534e-06 4.40545e-07 1.14883e-05
4130 69.9409 0.0201446 8.42414e-05 3.09069e-06 1.04482e-07 8.10462e-05 3.63015e-09 0.00320328 0.274837 2.29038 1.45114 2.31873 2.26076 0.937913 -8.43614 -1.04083e-17 -3.46945e-18 0 0 -0.000232443 0.000204733 1.71249e-06 -37.8668 1 0 0 2.62108e-06 4.38383e-07 1.14306e-05
4135 70.0416 0.0201446 8.3859e-05 3.07545e-06 1.03975e-07 8.06796e-05 3.61158e-09 0.00320327 0.274838 2.29038 1.45114 2.31873 2.26075 0.937913 -8.43612 -1.04083e-17 -3.46945e-18 0 0 -0.000231657 0.00020404 1.75214e-06 -37.8667 1 0 0 2.60689e-06 4.36232e-07 1.13731e-05
4140 70.1424 0.0201446 8.34786e-05 3.06027e-06 1.0347e-07 8.03149e-05 3.59311e-09 0.00320326 0.274837 2.29038 1.45114 2.31874 2.26075 0.937913 -8.4361 -1.04083e-17 -3.46945e-18 0 0 -0.000230873 0.00020335 1.79145e-06 -37.8666 1 0 0 2.59278e-06 4.34092e-07 1.1316e-05
4145 70.2431 0.0201446 8.31001e-05 3.04517e-06 1.02967e-07 7.9952e-05 3.57473e-09 0.00320326 0.274837 2.29038 1.45114 2.31874 2.26074 0.937913 -8.43608 -1.04083e-17 -3.46945e-18 0 0 -0.000230093 0.000202662 1.83043e-06 -37.8665 1 0 0 2.57875e-06 4.31961e-07 1.12591e-05
4150 70.3438 0.0201446 8.27235e-05 3.03014e-06 1.02467e-07 7.95909e-05 3.55646e-09 0.00320325 0.274837 2.29038 1.45114 2.31874 2.26074 0.937913 -8.43606 -1.04083e-17 -3.46945e-18 0 0 -0.000229317 0.000201977 1.86907e-06 -37.8664 1 0 0 2.5648e-06 4.2984e-07 1.12026e-05
4155 70.4445 0.0201446 8.23488e-05 3.01519e-06 1.0197e-07 7.92317e-05 3.53828e-09 0.00320324 0.274838 2.29038 1.45114 2.31875 2.26074 0.937913 -8.43604 -1.04083e-17 -3.46945e-18 0 0 -0.000228543 0.000201295 1.90738e-06 -37.8663 1 0 0 2.55093e-06 4.2773e-07 1.11464e-05
4160 70.5452 0.0201446 8.19761e-05 3.0003e-06 1.01474e-07 7.88743e-05 3.5202e-09 0.00320323 0.274838 2.29038 1.45114 2.31875 2.26073 0.937913 -8.43602 -1.04083e-17 -3.46945e-18 0 0 -0.000227773 0.000200616 1.94536e-06 -37.8662 1 0 0 2.53713e-06 4.25629e-07 1.10905e-05
4165 70.646 0.0201446 8.16052e-05 2.98549e-06 1.00982e-07 7.85187e-05 3.50221e-09 0.00320322 0.274837 2.29038 1.45114 2.31876 2.26073 0.937913 -8.43599 -1.04083e-17 -3.46945e-18 0 0 -0.000227005 0.00019994 1.98302e-06 -37.8661 1 0 0 2.52341e-06 4.23539e-07 1.10349e-05
4170 70.7467 0.0201446 8.12361e-05 2.97075e-06 1.00491e-07 7.81649e-05 3.48432e-09 0.00320321 0.274838 2.29038 1.45114 2.31876 2.26072 0.937913 -8.43597 -1.04083e-17 -3.46945e-18 0 0 -0.000226242 0.000199267 2.02035e-06 -37.866 1 0 0 2.50976e-06 4.21458e-07 1.09797e-05
4175 70.8474 0.0201446 8.08689e-05 2.95608e-06 1.00003e-07 7.78129e-05 3.46652e-09 0.0032032 0.274837 2.29038 1.45114 2.31876 2.26072 0.937914 -8.43595 -1.04083e-17 -3.46945e-18 0 0 -0.000225481 0.000198596 2.05735e-06 -37.8659 1 0 0 2.49619e-06 4.19388e-07 1.09247e-05
4180 70.9481 0.0201446 8.05036e-05 2.94148e-06 9.95167e-08 7.74626e-05 3.44882e-09 0.0032032 0.274837 2.29038 1.45114 2.31877 2.26071 0.937914 -8.43593 -1.04083e-17 -3.46945e-18 0 0 -0.000224723 0.000197928 2.09404e-06 -37.8658 1 0 0 2.4827e-06 4.17327e-07 1.087e-05
4185 71.0489 0.0201446 8.01401e-05 2.92695e-06 9.9033e-08 7.71141e-05 3.43121e-09 0.00320319 0.274837 2.29038 1.45114 2.31877 2.26071 0.937914 -8.43591 -1.04083e-17 -3.46945e-18 0 0 -0.000223969 0.000197263 2.13041e-06 -37.8657 1 0 0 2.46928e-06 4.15276e-07 1.08156e-05
4190 71.1496 0.0201446 7.97784e-05 2.9125e-06 9.85517e-08 7.67674e-05 3.4137e-09 0.00320318 0.274837 2.29038 1.45114 2.31878 2.2607 0.937914 -8.43589 -1.04083e-17 -3.46945e-18 0 0 -0.000223217 0.000196601 2.16646e-06 -37.8656 1 0 0 2.45593e-06 4.13235e-07 1.07615e-05
4195 71.2503 0.0201446 7.94186e-05 2.89811e-06 9.80726e-08 7.64224e-05 3.39628e-09 0.00320317 0.274837 2.29038 1.45114 2.31878 2.2607 0.937914 -8.43587 -1.04083e-17 -3.46945e-18 0 0 -0.000222469 0.000195942 2.20219e-06 -37.8655 1 0 0 2.44266e-06 4.11203e-07 1.07078e-05
4200 71.351 0.0201446 7.90605e-05 2.88379e-06 9.75958e-08 7.60791e-05 3.37895e-09 0.00320316 0.274837 2.29038 1.45114 2.31878 2.26069 0.937914 -8.43585 -1.04083e-17 -3.46945e-18 0 0 -0.000221724 0.000195285 2.23762e-06 -37.8654 1 0 0 2.42946e-06 4.09181e-07 1.06543e-05
4205 71.4517 0.0201446 7.87042e-05 2.86954e-06 9.71212e-08 7.57376e-05 3.36171e-09 0.00320316 0.274838 2.29038 1.45114 2.31879 2.26069 0.937914 -8.43583 -1.04083e-17 -3.46945e-18 0 0 -0.000220982 0.000194631 2.27273e-06 -37.8653 1 0 0 2.41634e-06 4.07169e-07 1.06011e-05
4210 71.5525 0.0201446 7.83497e-05 2.85536e-06 9.66489e-08 7.53977e-05 3.34457e-09 0.00320315 0.274838 2.29038 1.45114 2.31879 2.26069 0.937914 -8.43581 -1.04083e-17 -3.46945e-18 0 0 -0.000220243 0.000193979 2.30753e-06 -37.8653 1 0 0 2.40329e-06 4.05166e-07 1.05482e-05
4215 71.6532 0.0201446 7.7997e-05 2.84125e-06 9.61789e-08 7.50596e-05 3.32751e-09 0.00320314 0.274837 2.29038 1.45114 2.31879 2.26068 0.937914 -8.43579 -1.04083e-17 -3.46945e-18 0 0 -0.000219507 0.000193331 2.34203e-06 -37.8652 1 0 0 2.39031e-06 4.03173e-07 1.04956e-05
4220 71.7539 0.0201446 7.76461e-05 2.82721e-06 9.57111e-08 7.47231e-05 3.31055e-09 0.00320313 0.274837 2.29038 1.45114 2.3188 2.26068 0.937914 -8.43577 -1.04083e-17 -3.46945e-18 0 0 -0.000218774 0.000192685 2.37621e-06 -37.8651 1 0 0 2.3774e-06 4.0119e-07 1.04432e-05
4225 71.8546 0.0201446 7.72968e-05 2.81324e-06 9.52455e-08 7.43884e-05 3.29367e-09 0.00320312 0.274837 2.29038 1.45114 2.3188 2.26067 0.937914 -8.43575 -1.04083e-17 -3.46945e-18 0 0 -0.000218044 0.000192042 2.4101e-06 -37.865 1 0 0 2.36456e-06 3.99215e-07 1.03912e-05
4230 71.9554 0.0201446 7.69494e-05 2.79933e-06 9.47821e-08 7.40553e-05 3.27689e-09 0.00320311 0.274838 2.29038 1.45114 2.31881 2.26067 0.937914 -8.43573 -1.04083e-17 -3.46945e-18 0 0 -0.000217317 0.000191401 2.44368e-06 -37.8649 1 0 0 2.3518e-06 3.97251e-07 1.03394e-05
4235 72.0561 0.0201446 7.66036e-05 2.78549e-06 9.43209e-08 7.37238e-05 3.2602e-09 0.00320311 0.274837 2.29038 1.45114 2.31881 2.26066 0.937914 -8.43571 -1.04083e-17 -3.46945e-18 0 0 -0.000216593 0.000190763 2.47697e-06 -37.8648 1 0 0 2.3391e-06 3.95296e-07 1.02879e-05
4240 72.1568 0.0201446 7.62596e-05 2.77172e-06 9.38619e-08 7.3394e-05 3.24359e-09 0.0032031 0.274838 2.29038 1.45114 2.31881 2.26066 0.937914 -8.43568 -1.04083e-17 -3.46945e-18 0 0 -0.000215872 0.000190128 2.50996e-06 -37.8647 1 0 0 2.32648e-06 3.9335e-07 1.02367e-05
4245 72.2575 0.0201446 7.59173e-05 2.75802e-06 9.34051e-08 7.30658e-05 3.22707e-09 0.00320309 0.274838 2.29038 1.45114 2.31882 2.26065 0.937914 -8.43566 -1.04083e-17 -3.46945e-18 0 0 -0.000215154 0.000189495 2.54265e-06 -37.8646 1 0 0 2.31393e-06 3.91413e-07 1.01858e-05
4250 72.3583 0.0201446 7.55766e-05 2.74438e-06 9.29504e-08 7.27393e-05 3.21064e-09 0.00320308 0.274837 2.29038 1.45114 2.31882 2.26065 0.937914 -8.43564 -1.04083e-17 -3.46945e-18 0 0 -0.000214439 0.000188865 2.57504e-06 -37.8645 1 0 0 2.30144e-06 3.89486e-07 1.01352e-05
4255 72.459 0.0201446 7.52377e-05 2.73081e-06 9.24979e-08 7.24144e-05 3.1943e-09 0.00320307 0.274837 2.29038 1.45114 2.31883 2.26065 0.937914 -8.43562 -1.04083e-17 -3.46945e-18 0 0 -0.000213727 0.000188237 2.60715e-06 -37.8644 1 0 0 2.28903e-06 3.87567e-07 1.00848e-05
4260 72.5597 0.0201446 7.49004e-05 2.7173e-06 9.20476e-08 7.20911e-05 3.17804e-09 0.00320307 0.274837 2.29038 1.45114 2.31883 2.26064 0.937914 -8.43561 -1.04083e-17 -3.46945e-18 0 0 -0.000213018 0.000187612 2.63896e-06 -37.8643 1 0 0 2.27668e-06 3.85658e-07 1.00347e-05
4265 72.6604 0.0201446 7.45648e-05 2.70387e-06 9.15993e-08 7.17693e-05 3.16187e-09 0.00320306 0.274838 2.29038 1.45114 2.31883 2.26064 0.937914 -8.43559 -1.04083e-17 -3.46945e-18 0 0 -0.000212311 0.00018699 2.67049e-06 -37.8643 1 0 0 2.26441e-06 3.83759e-07 9.9849e-06
4270 72.7611 0.0201446 7.42309e-05 2.69049e-06 9.11533e-08 7.14492e-05 3.14579e-09 0.00320305 0.274837 2.29038 1.45114 2.31884 2.26063 0.937914 -8.43557 -1.04083e-17 -3.46945e-18 0 0 -0.000211608 0.00018637 2.70173e-06 -37.8642 1 0 0 2.2522e-06 3.81868e-07 9.93535e-06
4275 72.8619 0.0201446 7.38986e-05 2.67718e-06 9.07093e-08 7.11307e-05 3.12979e-09 0.00320304 0.274837 2.29038 1.45114 2.31884 2.26063 0.937915 -8.43555 -1.04083e-17 -3.46945e-18 0 0 -0.000210907 0.000185753 2.73268e-06 -37.8641 1 0 0 2.24006e-06 3.79986e-07 9.88606e-06
4280 72.9626 0.0201446 7.35679e-05 2.66394e-06 9.02675e-08 7.08137e-05 3.11388e-09 0.00320304 0.274838 2.29038 1.45114 2.31884 2.26062 0.937915 -8.43553 -1.04083e-17 -3.46945e-18 0 0 -0.00021021 0.000185138 2.76335e-06 -37.864 1 0 0 2.22798e-06 3.78114e-07 9.83704e-06
4285 73.0633 0.0201446 7.32389e-05 2.65076e-06 8.98277e-08 7.04983e-05 3.09805e-09 0.00320303 0.274837 2.29038 1.45114 2.31885 2.26062 0.937915 -8.43551 -1.04083e-17 -3.46945e-18 0 0 -0.000209515 0.000184526 2.79374e-06 -37.8639 1 0 0 2.21598e-06 3.7625e-07 9.78829e-06
4290 73.164 0.0201446 7.29115e-05 2.63765e-06 8.93901e-08 7.01844e-05 3.08231e-09 0.00320302 0.274838 2.29038 1.45114 2.31885 2.26062 0.937915 -8.43549 -1.04083e-17 -3.46945e-18 0 0 -0.000208823 0.000183916 2.82385e-06 -37.8638 1 0 0 2.20404e-06 3.74395e-07 9.7398e-06
4295 73.2648 0.0201446 7.25857e-05 2.6246e-06 8.89545e-08 6.98721e-05 3.06664e-09 0.00320301 0.274838 2.29038 1.45114 2.31886 2.26061 0.937915 -8.43547 -1.04083e-17 -3.46945e-18 0 0 -0.000208134 0.000183309 2.85368e-06 -37.8637 1 0 0 2.19216e-06 3.7255e-07 9.69158e-06
4300 73.3655 0.0201446 7.22615e-05 2.61161e-06 8.8521e-08 6.95613e-05 3.05107e-09 0.003203 0.274838 2.29038 1.45114 2.31886 2.26061 0.937915 -8.43545 -1.04083e-17 -3.46945e-18 0 0 -0.000207447 0.000182704 2.88324e-06 -37.8636 1 0 0 2.18036e-06 3.70713e-07 9.64361e-06
4305 73.4662 0.0201446 7.19388e-05 2.59869e-06 8.80895e-08 6.92521e-05 3.03557e-09 0.003203 0.274837 2.29038 1.45114 2.31886 2.2606 0.937915 -8.43543 -1.04083e-17 -3.46945e-18 0 0 -0.000206764 0.000182102 2.91252e-06 -37.8636 1 0 0 2.16861e-06 3.68885e-07 9.5959e-06
4310 73.5669 0.0201446 7.16178e-05 2.58583e-06 8.76602e-08 6.89443e-05 3.02016e-09 0.00320299 0.274838 2.29038 1.45114 2.31887 2.2606 0.937915 -8.43541 -1.04083e-17 -3.46945e-18 0 0 -0.000206083 0.000181502 2.94153e-06 -37.8635 1 0 0 2.15694e-06 3.67066e-07 9.54845e-06
4315 73.6676 0.0201446 7.12984e-05 2.57303e-06 8.72328e-08 6.86381e-05 3.00483e-09 0.00320298 0.274837 2.29038 1.45114 2.31887 2.2606 0.937915 -8.43539 -1.04083e-17 -3.46945e-18 0 0 -0.000205405 0.000180904 2.97027e-06 -37.8634 1 0 0 2.14532e-06 3.65255e-07 9.50126e-06
4320 73.7684 0.0201446 7.09805e-05 2.5603e-06 8.68075e-08 6.83334e-05 2.98958e-09 0.00320297 0.274837 2.29038 1.45114 2.31887 2.26059 0.937915 -8.43537 -1.04083e-17 -3.46945e-18 0 0 -0.000204729 0.000180309 2.99875e-06 -37.8633 1 0 0 2.13378e-06 3.63453e-07 9.45432e-06
4325 73.8691 0.0201446 7.06641e-05 2.54763e-06 8.63842e-08 6.80301e-05 2.97442e-09 0.00320297 0.274838 2.29038 1.45114 2.31888 2.26059 0.937915 -8.43535 -1.04083e-17 -3.46945e-18 0 0 -0.000204057 0.000179717 3.02695e-06 -37.8632 1 0 0 2.12229e-06 3.6166e-07 9.40763e-06
4330 73.9698 0.0201446 7.03493e-05 2.53502e-06 8.59629e-08 6.77283e-05 2.95933e-09 0.00320296 0.274837 2.29038 1.45114 2.31888 2.26058 0.937915 -8.43533 -1.04083e-17 -3.46945e-18 0 0 -0.000203387 0.000179126 3.05489e-06 -37.8631 1 0 0 2.11087e-06 3.59876e-07 9.3612e-06
4335 74.0705 0.0201446 7.00361e-05 2.52247e-06 8.55437e-08 6.74281e-05 2.94432e-09 0.00320295 0.274837 2.29038 1.45114 2.31888 2.26058 0.937915 -8.43531 -1.04083e-17 -3.46945e-18 0 0 -0.00020272 0.000178538 3.08257e-06 -37.863 1 0 0 2.09952e-06 3.581e-07 9.31501e-06
4340 74.1713 0.0201446 6.97243e-05 2.50998e-06 8.51264e-08 6.71292e-05 2.9294e-09 0.00320294 0.274837 2.29038 1.45114 2.31889 2.26058 0.937915 -8.43529 -1.04083e-17 -3.46945e-18 0 0 -0.000202055 0.000177953 3.10998e-06 -37.863 1 0 0 2.08822e-06 3.56333e-07 9.26908e-06
4345 74.272 0.0201446 6.94141e-05 2.49756e-06 8.47111e-08 6.68319e-05 2.91455e-09 0.00320294 0.274837 2.29038 1.45114 2.31889 2.26057 0.937915 -8.43528 -1.04083e-17 -3.46945e-18 0 0 -0.000201393 0.00017737 3.13713e-06 -37.8629 1 0 0 2.07699e-06 3.54574e-07 9.22339e-06
4350 74.3727 0.0201446 6.91054e-05 2.48519e-06 8.42978e-08 6.65359e-05 2.89978e-09 0.00320293 0.274837 2.29038 1.45114 2.3189 2.26057 0.937915 -8.43526 -1.04083e-17 -3.46945e-18 0 0 -0.000200734 0.000176789 3.16403e-06 -37.8628 1 0 0 2.06582e-06 3.52823e-07 9.17794e-06
4355 74.4734 0.0201446 6.87982e-05 2.47289e-06 8.38865e-08 6.62414e-05 2.88509e-09 0.00320292 0.274837 2.29038 1.45114 2.3189 2.26056 0.937915 -8.43524 -1.04083e-17 -3.46945e-18 0 0 -0.000200078 0.000176211 3.19067e-06 -37.8627 1 0 0 2.05472e-06 3.51082e-07 9.13274e-06
4360 74.5742 0.0201446 6.84925e-05 2.46065e-06 8.34772e-08 6.59484e-05 2.87048e-09 0.00320291 0.274838 2.29038 1.45114 2.3189 2.26056 0.937916 -8.43522 -1.04083e-17 -3.46945e-18 0 0 -0.000199424 0.000175635 3.21705e-06 -37.8626 1 0 0 2.04367e-06 3.49348e-07 9.08778e-06
4365 74.6749 0.0201446 6.81883e-05 2.44846e-06 8.30697e-08 6.56568e-05 2.85595e-09 0.00320291 0.274837 2.29038 1.45114 2.31891 2.26055 0.937916 -8.4352 -1.04083e-17 -3.46945e-18 0 0 -0.000198773 0.000175061 3.24318e-06 -37.8625 1 0 0 2.03269e-06 3.47623e-07 9.04307e-06
4370 74.7756 0.0201446 6.78855e-05 2.43634e-06 8.26643e-08 6.53665e-05 2.84149e-09 0.0032029 0.274837 2.29038 1.45114 2.31891 2.26055 0.937916 -8.43518 -1.04083e-17 -3.46945e-18 0 0 -0.000198124 0.00017449 3.26906e-06 -37.8624 1 0 0 2.02177e-06 3.45907e-07 8.99859e-06
4375 74.8763 0.0201446 6.75843e-05 2.42428e-06 8.22607e-08 6.50777e-05 2.82711e-09 0.00320289 0.274837 2.29038 1.45114 2.31891 2.26055 0.937916 -8.43516 -1.04083e-17 -3.46945e-18 0 0 -0.000197478 0.000173921 3.29469e-06 -37.8624 1 0 0 2.01091e-06 3.44198e-07 8.95435e-06
4380 74.977 0.0201446 6.72845e-05 2.41227e-06 8.18591e-08 6.47903e-05 2.81281e-09 0.00320289 0.274837 2.29038 1.45114 2.31892 2.26054 0.937916 -8.43514 -1.04083e-17 -3.46945e-18 0 0 -0.000196835 0.000173354 3.32007e-06 -37.8623 1 0 0 2.00011e-06 3.42498e-07 8.91035e-06
4385 75.0778 0.0201446 6.69861e-05 2.40033e-06 8.14594e-08 6.45043e-05 2.79858e-09 0.00320288 0.274837 2.29038 1.45114 2.31892 2.26054 0.937916 -8.43513 -1.04083e-17 -3.46945e-18 0 0 -0.000196194 0.000172789 3.3452e-06 -37.8622 1 0 0 1.98936e-06 3.40806e-07 8.86658e-06
4390 75.1785 0.0201446 6.66892e-05 2.38844e-06 8.10617e-08 6.42197e-05 2.78443e-09 0.00320287 0.274837 2.29038 1.45114 2.31892 2.26054 0.937916 -8.43511 -1.04083e-17 -3.46945e-18 0 0 -0.000195555 0.000172227 3.37009e-06 -37.8621 1 0 0 1.97868e-06 3.39122e-07 8.82305e-06
4395 75.2792 0.0201446 6.63937e-05 2.37661e-06 8.06658e-08 6.39364e-05 2.77036e-09 0.00320286 0.274838 2.29038 1.45114 2.31893 2.26053 0.937916 -8.43509 -1.04083e-17 -3.46945e-18 0 0 -0.00019492 0.000171667 3.39474e-06 -37.862 1 0 0 1.96806e-06 3.37447e-07 8.77975e-06
4400 75.3799 0.0201446 6.60996e-05 2.36484e-06 8.02718e-08 6.36545e-05 2.75636e-09 0.00320286 0.274838 2.29038 1.45114 2.31893 2.26053 0.937916 -8.43507 -1.04083e-17 -3.46945e-18 0 0 -0.000194287 0.000171109 3.41914e-06 -37.8619 1 0 0 1.9575e-06 3.3578e-07 8.73668e-06
4405 75.4807 0.0201446 6.5807e-05 2.35313e-06 7.98797e-08 6.3374e-05 2.74243e-09 0.00320285 0.274838 2.29038 1.45114 2.31893 2.26052 0.937916 -8.43505 -1.04083e-17 -3.46945e-18 0 0 -0.000193656 0.000170553 3.4433e-06 -37.8619 1 0 0 1.94699e-06 3.3412e-07 8.69384e-06
4410 75.5814 0.0201446 6.55158e-05 2.34148e-06 7.94894e-08 6.30948e-05 2.72858e-09 0.00320284 0.274837 2.29038 1.45114 2.31894 2.26052 0.937916 -8.43503 -1.04083e-17 -3.46945e-18 0 0 -0.000193028 0.00017 3.46723e-06 -37.8618 1 0 0 1.93654e-06 3.32469e-07 8.65123e-06
4415 75.6821 0.0201446 6.5226e-05 2.32988e-06 7.91011e-08 6.2817e-05 2.7148e-09 0.00320283 0.274837 2.29038 1.45114 2.31894 2.26052 0.937916 -8.43502 -1.04083e-17 -3.46945e-18 0 0 -0.000192402 0.000169449 3.49091e-06 -37.8617 1 0 0 1.92616e-06 3.30826e-07 8.60885e-06
4420 75.7828 0.0201446 6.49375e-05 2.31834e-06 7.87146e-08 6.25405e-05 2.70109e-09 0.00320283 0.274837 2.29038 1.45114 2.31894 2.26051 0.937916 -8.435 -1.04083e-17 -3.46945e-18 0 0 -0.000191779 0.0001689 3.51436e-06 -37.8616 1 0 0 1.91583e-06 3.29191e-07 8.56669e-06
4425 75.8836 0.0201446 6.46505e-05 2.30686e-06 7.83299e-08 6.22653e-05 2.68746e-09 0.00320282 0.274837 2.29038 1.45114 2.31895 2.26051 0.937916 -8.43498 -1.04083e-17 -3.46945e-18 0 0 -0.000191158 0.000168353 3.53758e-06 -37.8615 1 0 0 1.90555e-06 3.27563e-07 8.52476e-06
4430 75.9843 0.0201446 6.43648e-05 2.29543e-06 7.79471e-08 6.19915e-05 2.6739e-09 0.00320281 0.274838 2.29038 1.45114 2.31895 2.2605 0.937916 -8.43496 -1.04083e-17 -3.46945e-18 0 0 -0.00019054 0.000167809 3.56057e-06 -37.8615 1 0 0 1.89533e-06 3.25944e-07 8.48305e-06
4435 76.085 0.0201446 6.40806e-05 2.28406e-06 7.75661e-08 6.17189e-05 2.66041e-09 0.00320281 0.274838 2.29038 1.45114 2.31895 2.2605 0.937917 -8.43494 -1.04083e-17 -3.46945e-18 0 0 -0.000189924 0.000167266 3.58332e-06 -37.8614 1 0 0 1.88517e-06 3.24332e-07 8.44157e-06
4440 76.1857 0.0201446 6.37976e-05 2.27275e-06 7.71869e-08 6.14477e-05 2.647e-09 0.0032028 0.274837 2.29038 1.45114 2.31896 2.2605 0.937917 -8.43493 -1.04083e-17 -3.46945e-18 0 0 -0.000189311 0.000166726 3.60585e-06 -37.8613 1 0 0 1.87507e-06 3.22729e-07 8.4003e-06
4445 76.2864 0.0201446 6.35161e-05 2.26149e-06 7.68096e-08 6.11778e-05 2.63365e-09 0.00320279 0.274837 2.29038 1.45114 2.31896 2.26049 0.937917 -8.43491 -1.04083e-17 -3.46945e-18 0 0 -0.0001887 0.000166188 3.62814e-06 -37.8612 1 0 0 1.86502e-06 3.21133e-07 8.35925e-06
4450 76.3872 0.0201446 6.32359e-05 2.25028e-06 7.6434e-08 6.09092e-05 2.62038e-09 0.00320279 0.274837 2.29038 1.45114 2.31896 2.26049 0.937917 -8.43489 -1.04083e-17 -3.46945e-18 0 0 -0.000188091 0.000165652 3.65022e-06 -37.8611 1 0 0 1.85503e-06 3.19545e-07 8.31842e-06
4455 76.4879 0.0201446 6.2957e-05 2.23914e-06 7.60603e-08 6.06418e-05 2.60718e-09 0.00320278 0.274837 2.29038 1.45114 2.31897 2.26048 0.937917 -8.43487 -1.04083e-17 -3.46945e-18 0 0 -0.000187485 0.000165118 3.67206e-06 -37.8611 1 0 0 1.8451e-06 3.17964e-07 8.27781e-06
4460 76.5886 0.0201446 6.26795e-05 2.22804e-06 7.56883e-08 6.03758e-05 2.59404e-09 0.00320277 0.274837 2.29038 1.45114 2.31897 2.26048 0.937917 -8.43486 -1.04083e-17 -3.46945e-18 0 0 -0.000186881 0.000164586 3.69369e-06 -37.861 1 0 0 1.83521e-06 3.16392e-07 8.23742e-06
4465 76.6893 0.0201446 6.24033e-05 2.21701e-06 7.53182e-08 6.0111e-05 2.58098e-09 0.00320276 0.274837 2.29038 1.45114 2.31897 2.26048 0.937917 -8.43484 -1.04083e-17 -3.46945e-18 0 0 -0.00018628 0.000164057 3.71509e-06 -37.8609 1 0 0 1.82539e-06 3.14827e-07 8.19723e-06
4470 76.7901 0.0201446 6.21284e-05 2.20602e-06 7.49498e-08 5.98474e-05 2.56798e-09 0.00320276 0.274838 2.29038 1.45114 2.31898 2.26047 0.937917 -8.43482 -1.04083e-17 -3.46945e-18 0 0 -0.000185681 0.000163529 3.73627e-06 -37.8608 1 0 0 1.81562e-06 3.13269e-07 8.15727e-06
4475 76.8908 0.0201446 6.18549e-05 2.19509e-06 7.45831e-08 5.95852e-05 2.55506e-09 0.00320275 0.274837 2.29038 1.45114 2.31898 2.26047 0.937917 -8.4348 -1.04083e-17 -3.46945e-18 0 0 -0.000185084 0.000163004 3.75723e-06 -37.8607 1 0 0 1.8059e-06 3.11719e-07 8.11751e-06
4480 76.9915 0.0201446 6.15826e-05 2.18422e-06 7.42183e-08 5.93242e-05 2.5422e-09 0.00320274 0.274837 2.29038 1.45114 2.31898 2.26047 0.937917 -8.43478 -1.04083e-17 -3.46945e-18 0 0 -0.00018449 0.00016248 3.77798e-06 -37.8607 1 0 0 1.79623e-06 3.10177e-07 8.07796e-06
4485 77.0922 0.0201446 6.13116e-05 2.1734e-06 7.38552e-08 5.90644e-05 2.52941e-09 0.00320274 0.274837 2.29038 1.45114 2.31899 2.26046 0.937917 -8.43477 -1.04083e-17 -3.46945e-18 0 0 -0.000183898 0.000161959 3.79851e-06 -37.8606 1 0 0 1.78662e-06 3.08643e-07 8.03863e-06
4490 77.1929 0.0201446 6.1042e-05 2.16263e-06 7.34938e-08 5.88059e-05 2.51669e-09 0.00320273 0.274838 2.29038 1.45114 2.31899 2.26046 0.937917 -8.43475 -1.04083e-17 -3.46945e-18 0 0 -0.000183309 0.00016144 3.81882e-06 -37.8605 1 0 0 1.77707e-06 3.07115e-07 7.9995e-06
4495 77.2937 0.0201446 6.07736e-05 2.15192e-06 7.31341e-08 5.85486e-05 2.50404e-09 0.00320272 0.274837 2.29038 1.45114 2.31899 2.26046 0.937917 -8.43473 -1.04083e-17 -3.46945e-18 0 0 -0.000182721 0.000160922 3.83893e-06 -37.8604 1 0 0 1.76756e-06 3.05596e-07 7.96057e-06
4500 77.3944 0.0201446 6.05065e-05 2.14126e-06 7.27762e-08 5.82925e-05 2.49146e-09 0.00320272 0.274837 2.29038 1.45114 2.319 2.26045 0.937918 -8.43471 -1.04083e-17 -3.46945e-18 0 0 -0.000182136 0.000160407 3.85882e-06 -37.8603 1 0 0 1.75811e-06 3.04083e-07 7.92186e-06
4505 77.4951 0.0201446 6.02407e-05 2.13065e-06 7.242e-08 5.80376e-05 2.47894e-09 0.00320271 0.274838 2.29038 1.45114 2.319 2.26045 0.937918 -8.4347 -1.04083e-17 -3.46945e-18 0 0 -0.000181554 0.000159894 3.8785e-06 -37.8603 1 0 0 1.74871e-06 3.02578e-07 7.88335e-06
4510 77.5958 0.0201446 5.99761e-05 2.12009e-06 7.20656e-08 5.7784e-05 2.46648e-09 0.0032027 0.274838 2.29038 1.45114 2.319 2.26044 0.937918 -8.43468 -1.04083e-17 -3.46945e-18 0 0 -0.000180973 0.000159383 3.89798e-06 -37.8602 1 0 0 1.73936e-06 3.01081e-07 7.84504e-06
4515 77.6966 0.0201446 5.97128e-05 2.10959e-06 7.17128e-08 5.75315e-05 2.4541e-09 0.0032027 0.274837 2.29038 1.45114 2.31901 2.26044 0.937918 -8.43466 -1.04083e-17 -3.46945e-18 0 0 -0.000180395 0.000158873 3.91724e-06 -37.8601 1 0 0 1.73007e-06 2.99591e-07 7.80693e-06
4520 77.7973 0.0201446 5.94508e-05 2.09913e-06 7.13617e-08 5.72803e-05 2.44178e-09 0.00320269 0.274838 2.29038 1.45114 2.31901 2.26044 0.937918 -8.43465 -1.04083e-17 -3.46945e-18 0 0 -0.000179819 0.000158366 3.9363e-06 -37.86 1 0 0 1.72083e-06 2.98108e-07 7.76903e-06
4525 77.898 0.0201446 5.919e-05 2.08873e-06 7.10123e-08 5.70302e-05 2.42952e-09 0.00320268 0.274837 2.29038 1.45114 2.31901 2.26043 0.937918 -8.43463 -1.04083e-17 -3.46945e-18 0 0 -0.000179245 0.000157861 3.95516e-06 -37.86 1 0 0 1.71163e-06 2.96632e-07 7.73132e-06
4530 77.9987 0.0201446 5.89304e-05 2.07838e-06 7.06646e-08 5.67814e-05 2.41733e-09 0.00320268 0.274837 2.29038 1.45114 2.31902 2.26043 0.937918 -8.43461 -1.04083e-17 -3.46945e-18 0 0 -0.000178674 0.000157358 3.97381e-06 -37.8599 1 0 0 1.70249e-06 2.95164e-07 7.69382e-06
4535 78.0995 0.0201446 5.86721e-05 2.06809e-06 7.03185e-08 5.65337e-05 2.4052e-09 0.00320267 0.274837 2.29038 1.45114 2.31902 2.26043 0.937918 -8.43459 -1.04083e-17 -3.46945e-18 0 0 -0.000178105 0.000156856 3.99227e-06 -37.8598 1 0 0 1.6934e-06 2.93703e-07 7.65651e-06
4540 78.2002 0.0201446 5.8415e-05 2.05784e-06 6.99742e-08 5.62872e-05 2.39314e-09 0.00320266 0.274837 2.29038 1.45114 2.31902 2.26042 0.937918 -8.43458 -1.04083e-17 -3.46945e-18 0 0 -0.000177538 0.000156357 4.01052e-06 -37.8597 1 0 0 1.68436e-06 2.92249e-07 7.61939e-06
4545 78.3009 0.0201446 5.81591e-05 2.04764e-06 6.96315e-08 5.60418e-05 2.38115e-09 0.00320266 0.274837 2.29038 1.45114 2.31903 2.26042 0.937918 -8.43456 -1.04083e-17 -3.46945e-18 0 0 -0.000176973 0.00015586 4.02857e-06 -37.8597 1 0 0 1.67537e-06 2.90802e-07 7.58248e-06
4550 78.4016 0.0201446 5.79044e-05 2.0375e-06 6.92904e-08 5.57976e-05 2.36921e-09 0.00320265 0.274838 2.29038 1.45114 2.31903 2.26042 0.937918 -8.43454 -1.04083e-17 -3.46945e-18 0 0 -0.00017641 0.000155364 4.04643e-06 -37.8596 1 0 0 1.66643e-06 2.89362e-07 7.54575e-06
4555 78.5023 0.0201446 5.76509e-05 2.0274e-06 6.8951e-08 5.55546e-05 2.35734e-09 0.00320264 0.274837 2.29038 1.45114 2.31903 2.26041 0.937918 -8.43453 -1.04083e-17 -3.46945e-18 0 0 -0.00017585 0.000154871 4.06409e-06 -37.8595 1 0 0 1.65754e-06 2.87929e-07 7.50923e-06
4560 78.6031 0.0201446 5.73987e-05 2.01736e-06 6.86132e-08 5.53127e-05 2.34553e-09 0.00320264 0.274838 2.29038 1.45114 2.31904 2.26041 0.937919 -8.43451 -1.04083e-17 -3.46945e-18 0 0 -0.000175291 0.000154379 4.08156e-06 -37.8594 1 0 0 1.64869e-06 2.86503e-07 7.47289e-06
4565 78.7038 0.0201446 5.71476e-05 2.00736e-06 6.8277e-08 5.5072e-05 2.33379e-09 0.00320263 0.274837 2.29038 1.45114 2.31904 2.2604 0.937919 -8.43449 -1.04083e-17 -3.46945e-18 0 0 -0.000174735 0.000153889 4.09883e-06 -37.8594 1 0 0 1.6399e-06 2.85085e-07 7.43674e-06
4570 78.8045 0.0201446 5.68977e-05 1.99742e-06 6.79425e-08 5.48323e-05 2.32211e-09 0.00320262 0.274837 2.29038 1.45114 2.31904 2.2604 0.937919 -8.43448 -1.04083e-17 -3.46945e-18 0 0 -0.000174181 0.000153402 4.11591e-06 -37.8593 1 0 0 1.63116e-06 2.83673e-07 7.40078e-06
4575 78.9052 0.0201446 5.6649e-05 1.98752e-06 6.76095e-08 5.45939e-05 2.31048e-09 0.00320262 0.274837 2.29038 1.45114 2.31904 2.2604 0.937919 -8.43446 -1.04083e-17 -3.46945e-18 0 0 -0.00017363 0.000152916 4.1328e-06 -37.8592 1 0 0 1.62246e-06 2.82268e-07 7.36501e-06
4580 79.006 0.0201446 5.64015e-05 1.97767e-06 6.72782e-08 5.43565e-05 2.29892e-09 0.00320261 0.274837 2.29038 1.45114 2.31905 2.26039 0.937919 -8.43444 -1.04083e-17 -3.46945e-18 0 0 -0.00017308 0.000152432 4.1495e-06 -37.8591 1 0 0 1.61381e-06 2.8087e-07 7.32943e-06
4585 79.1067 0.0201446 5.61551e-05 1.96787e-06 6.69485e-08 5.41203e-05 2.28743e-09 0.00320261 0.274837 2.29038 1.45114 2.31905 2.26039 0.937919 -8.43443 -1.04083e-17 -3.46945e-18 0 0 -0.000172532 0.000151949 4.16601e-06 -37.8591 1 0 0 1.60521e-06 2.79479e-07 7.29404e-06
4590 79.2074 0.0201446 5.59099e-05 1.95812e-06 6.66204e-08 5.38851e-05 2.27599e-09 0.0032026 0.274837 2.29038 1.45114 2.31905 2.26039 0.937919 -8.43441 -1.04083e-17 -3.46945e-18 0 0 -0.000171987 0.000151469 4.18234e-06 -37.859 1 0 0 1.59666e-06 2.78095e-07 7.25883e-06
4595 79.3081 0.0201446 5.56658e-05 1.94842e-06 6.62938e-08 5.36511e-05 2.26461e-09 0.00320259 0.274837 2.29038 1.45114 2.31906 2.26038 0.937919 -8.43439 -1.04083e-17 -3.46945e-18 0 0 -0.000171443 0.000150991 4.19848e-06 -37.8589 1 0 0 1.58815e-06 2.76718e-07 7.22381e-06
4600 79.4088 0.0201446 5.54229e-05 1.93877e-06 6.59689e-08 5.34182e-05 2.25329e-09 0.00320259 0.274838 2.29038 1.45114 2.31906 2.26038 0.937919 -8.43438 -1.04083e-17 -3.46945e-18 0 0 -0.000170902 0.000150514 4.21444e-06 -37.8588 1 0 0 1.57969e-06 2.75347e-07 7.18896e-06
4605 79.5096 0.0201446 5.51812e-05 1.92916e-06 6.56455e-08 5.31864e-05 2.24204e-09 0.00320258 0.274837 2.29038 1.45114 2.31906 2.26038 0.937919 -8.43436 -1.04083e-17 -3.46945e-18 0 0 -0.000170363 0.000150039 4.23021e-06 -37.8588 1 0 0 1.57128e-06 2.73983e-07 7.1543e-06
4610 79.6103 0.0201446 5.49405e-05 1.91961e-06 6.53236e-08 5.29556e-05 2.23084e-09 0.00320257 0.274838 2.29038 1.45114 2.31907 2.26037 0.937919 -8.43434 -1.04083e-17 -3.46945e-18 0 0 -0.000169826 0.000149566 4.2458e-06 -37.8587 1 0 0 1.56292e-06 2.72626e-07 7.11983e-06
4615 79.711 0.0201446 5.47011e-05 1.9101e-06 6.50033e-08 5.2726e-05 2.2197e-09 0.00320257 0.274837 2.29038 1.45114 2.31907 2.26037 0.937919 -8.43433 -1.04083e-17 -3.46945e-18 0 0 -0.000169291 0.000149095 4.26121e-06 -37.8586 1 0 0 1.5546e-06 2.71276e-07 7.08553e-06
4620 79.8117 0.0201446 5.44627e-05 1.90063e-06 6.46846e-08 5.24974e-05 2.20862e-09 0.00320256 0.274837 2.29038 1.45114 2.31907 2.26037 0.93792 -8.43431 -1.04083e-17 -3.46945e-18 0 0 -0.000168758 0.000148626 4.27645e-06 -37.8585 1 0 0 1.54632e-06 2.69932e-07 7.05141e-06
4625 79.9125 0.0201446 5.42254e-05 1.89122e-06 6.43674e-08 5.22699e-05 2.1976e-09 0.00320256 0.274838 2.29038 1.45114 2.31908 2.26036 0.93792 -8.43429 -1.04083e-17 -3.46945e-18 0 0 -0.000168227 0.000148158 4.2915e-06 -37.8585 1 0 0 1.5381e-06 2.68595e-07 7.01747e-06
4630 80.0132 0.0201446 5.39893e-05 1.88185e-06 6.40517e-08 5.20434e-05 2.18664e-09 0.00320255 0.274838 2.29038 1.45114 2.31908 2.26036 0.93792 -8.43428 -1.04083e-17 -3.46945e-18 0 0 -0.000167698 0.000147692 4.30638e-06 -37.8584 1 0 0 1.52991e-06 2.67264e-07 6.98371e-06
4635 80.1139 0.0201446 5.37543e-05 1.87252e-06 6.37376e-08 5.1818e-05 2.17573e-09 0.00320254 0.274837 2.29038 1.45114 2.31908 2.26036 0.93792 -8.43426 -1.04083e-17 -3.46945e-18 0 0 -0.000167171 0.000147228 4.32108e-06 -37.8583 1 0 0 1.52178e-06 2.6594e-07 6.95012e-06
4640 80.2146 0.0201446 5.35204e-05 1.86325e-06 6.3425e-08 5.15937e-05 2.16489e-09 0.00320254 0.274837 2.29038 1.45114 2.31908 2.26035 0.93792 -8.43425 -1.04083e-17 -3.46945e-18 0 0 -0.000166646 0.000146766 4.33561e-06 -37.8582 1 0 0 1.51369e-06 2.64623e-07 6.91671e-06
4645 80.3154 0.0201446 5.32875e-05 1.85402e-06 6.31139e-08 5.13704e-05 2.1541e-09 0.00320253 0.274838 2.29038 1.45114 2.31909 2.26035 0.93792 -8.43423 -1.04083e-17 -3.46945e-18 0 0 -0.000166123 0.000146306 4.34997e-06 -37.8582 1 0 0 1.50564e-06 2.63312e-07 6.88347e-06
4650 80.4161 0.0201446 5.30558e-05 1.84483e-06 6.28043e-08 5.11482e-05 2.14336e-09 0.00320252 0.274838 2.29038 1.45114 2.31909 2.26035 0.93792 -8.43421 -1.04083e-17 -3.46945e-18 0 0 -0.000165602 0.000145847 4.36415e-06 -37.8581 1 0 0 1.49764e-06 2.62007e-07 6.85041e-06
4655 80.5168 0.0201446 5.28252e-05 1.83569e-06 6.24962e-08 5.0927e-05 2.13269e-09 0.00320252 0.274837 2.29038 1.45114 2.31909 2.26034 0.93792 -8.4342 -1.04083e-17 -3.46945e-18 0 0 -0.000165083 0.00014539 4.37817e-06 -37.858 1 0 0 1.48968e-06 2.60709e-07 6.81751e-06
4660 80.6175 0.0201446 5.25956e-05 1.8266e-06 6.21896e-08 5.07068e-05 2.12207e-09 0.00320251 0.274837 2.29038 1.45114 2.3191 2.26034 0.93792 -8.43418 -1.04083e-17 -3.46945e-18 0 0 -0.000164566 0.000144935 4.39201e-06 -37.858 1 0 0 1.48176e-06 2.59418e-07 6.78479e-06
4665 80.7182 0.0201446 5.23671e-05 1.81755e-06 6.18845e-08 5.04877e-05 2.1115e-09 0.00320251 0.274838 2.29038 1.45114 2.3191 2.26034 0.93792 -8.43416 -1.04083e-17 -3.46945e-18 0 0 -0.000164051 0.000144481 4.40569e-06 -37.8579 1 0 0 1.47389e-06 2.58133e-07 6.75224e-06
4670 80.819 0.0201446 5.21397e-05 1.80855e-06 6.15808e-08 5.02695e-05 2.10099e-09 0.0032025 0.274837 2.29038 1.45114 2.3191 2.26033 0.93792 -8.43415 -1.04083e-17 -3.46945e-18 0 0 -0.000163538 0.00014403 4.4192e-06 -37.8578 1 0 0 1.46606e-06 2.56854e-07 6.71986e-06
4675 80.9197 0.0201446 5.19133e-05 1.79959e-06 6.12787e-08 5.00524e-05 2.09054e-09 0.00320249 0.274838 2.29038 1.45114 2.3191 2.26033 0.93792 -8.43413 -1.04083e-17 -3.46945e-18 0 0 -0.000163027 0.00014358 4.43254e-06 -37.8577 1 0 0 1.45828e-06 2.55581e-07 6.68765e-06
4680 81.0204 0.0201446 5.1688e-05 1.79067e-06 6.0978e-08 4.98364e-05 2.08014e-09 0.00320249 0.274837 2.29038 1.45114 2.31911 2.26033 0.937921 -8.43412 -1.04083e-17 -3.46945e-18 0 0 -0.000162517 0.000143131 4.44572e-06 -37.8577 1 0 0 1.45054e-06 2.54315e-07 6.6556e-06
4685 81.1211 0.0201446 5.14638e-05 1.7818e-06 6.06787e-08 4.96213e-05 2.0698e-09 0.00320248 0.274837 2.29038 1.45114 2.31911 2.26032 0.937921 -8.4341 -1.04083e-17 -3.46945e-18 0 0 -0.00016201 0.000142685 4.45874e-06 -37.8576 1 0 0 1.44284e-06 2.53055e-07 6.62372e-06
4690 81.2219 0.0201446 5.12405e-05 1.77298e-06 6.03809e-08 4.94072e-05 2.05951e-09 0.00320248 0.274837 2.29038 1.45114 2.31911 2.26032 0.937921 -8.43409 -1.04083e-17 -3.46945e-18 0 0 -0.000161505 0.00014224 4.47159e-06 -37.8575 1 0 0 1.43518e-06 2.51801e-07 6.59201e-06
4695 81.3226 0.0201446 5.10184e-05 1.7642e-06 6.00846e-08 4.91941e-05 2.04928e-09 0.00320247 0.274838 2.29038 1.45114 2.31912 2.26032 0.937921 -8.43407 -1.04083e-17 -3.46945e-18 0 0 -0.000161001 0.000141796 4.48429e-06 -37.8575 1 0 0 1.42757e-06 2.50554e-07 6.56046e-06
4700 81.4233 0.0201446 5.07972e-05 1.75546e-06 5.97897e-08 4.8982e-05 2.0391e-09 0.00320246 0.274838 2.29038 1.45114 2.31912 2.26031 0.937921 -8.43405 -1.04083e-17 -3.46945e-18 0 0 -0.0001605 0.000141355 4.49682e-06 -37.8574 1 0 0 1.42e-06 2.49313e-07 6.52907e-06
4705 81.524 0.0201446 5.05771e-05 1.74676e-06 5.94962e-08 4.87709e-05 2.02897e-09 0.00320246 0.274837 2.29038 1.45114 2.31912 2.26031 0.937921 -8.43404 -1.04083e-17 -3.46945e-18 0 0 -0.00016 0.000140915 4.50919e-06 -37.8573 1 0 0 1.41246e-06 2.48077e-07 6.49785e-06
4710 81.6247 0.0201446 5.03581e-05 1.73811e-06 5.92041e-08 4.85608e-05 2.0189e-09 0.00320245 0.274837 2.29038 1.45114 2.31912 2.26031 0.937921 -8.43402 -1.04083e-17 -3.46945e-18 0 0 -0.000159502 0.000140477 4.52141e-06 -37.8572 1 0 0 1.40498e-06 2.46848e-07 6.46679e-06
4715 81.7255 0.0201446 5.014e-05 1.7295e-06 5.89135e-08 4.83516e-05 2.00888e-09 0.00320245 0.274838 2.29038 1.45114 2.31913 2.2603 0.937921 -8.43401 -1.04083e-17 -3.46945e-18 0 0 -0.000159006 0.00014004 4.53347e-06 -37.8572 1 0 0 1.39753e-06 2.45625e-07 6.43589e-06
4720 81.8262 0.0201446 4.9923e-05 1.72094e-06 5.86243e-08 4.81434e-05 1.99891e-09 0.00320244 0.274837 2.29038 1.45114 2.31913 2.2603 0.937921 -8.43399 -1.04083e-17 -3.46945e-18 0 0 -0.000158512 0.000139605 4.54537e-06 -37.8571 1 0 0 1.39012e-06 2.44409e-07 6.40515e-06
4725 81.9269 0.0201446 4.97069e-05 1.71241e-06 5.83365e-08 4.79362e-05 1.989e-09 0.00320244 0.274837 2.29038 1.45114 2.31913 2.2603 0.937921 -8.43398 -1.04083e-17 -3.46945e-18 0 0 -0.00015802 0.000139172 4.55712e-06 -37.857 1 0 0 1.38275e-06 2.43198e-07 6.37456e-06
4730 82.0276 0.0201446 4.94919e-05 1.70393e-06 5.80501e-08 4.77299e-05 1.97913e-09 0.00320243 0.274837 2.29038 1.45114 2.31914 2.26029 0.937921 -8.43396 -1.04083e-17 -3.46945e-18 0 0 -0.000157529 0.00013874 4.56872e-06 -37.857 1 0 0 1.37543e-06 2.41993e-07 6.34414e-06
4735 82.1284 0.0201446 4.92779e-05 1.69549e-06 5.7765e-08 4.75246e-05 1.96932e-09 0.00320242 0.274837 2.29038 1.45114 2.31914 2.26029 0.937922 -8.43394 -1.04083e-17 -3.46945e-18 0 0 -0.000157041 0.00013831 4.58017e-06 -37.8569 1 0 0 1.36814e-06 2.40794e-07 6.31387e-06
4740 82.2291 0.0201446 4.90648e-05 1.6871e-06 5.74814e-08 4.73203e-05 1.95956e-09 0.00320242 0.274838 2.29038 1.45114 2.31914 2.26029 0.937922 -8.43393 -1.04083e-17 -3.46945e-18 0 0 -0.000156554 0.000137881 4.59146e-06 -37.8568 1 0 0 1.3609e-06 2.39601e-07 6.28376e-06
4745 82.3298 0.0201446 4.88528e-05 1.67874e-06 5.71991e-08 4.71168e-05 1.94985e-09 0.00320241 0.274837 2.29038 1.45114 2.31914 2.26029 0.937922 -8.43391 -1.04083e-17 -3.46945e-18 0 0 -0.000156069 0.000137454 4.6026e-06 -37.8568 1 0 0 1.35369e-06 2.38414e-07 6.25381e-06
4750 82.4305 0.0201446 4.86417e-05 1.67043e-06 5.69183e-08 4.69144e-05 1.9402e-09 0.00320241 0.274837 2.29038 1.45114 2.31915 2.26028 0.937922 -8.4339 -1.04083e-17 -3.46945e-18 0 0 -0.000155586 0.000137029 4.6136e-06 -37.8567 1 0 0 1.34653e-06 2.37233e-07 6.22401e-06
4755 82.5313 0.0201446 4.84316e-05 1.66216e-06 5.66387e-08 4.67128e-05 1.93059e-09 0.0032024 0.274838 2.29038 1.45114 2.31915 2.26028 0.937922 -8.43388 -1.04083e-17 -3.46945e-18 0 0 -0.000155105 0.000136605 4.62444e-06 -37.8566 1 0 0 1.3394e-06 2.36058e-07 6.19436e-06
4760 82.632 0.0201446 4.82225e-05 1.65393e-06 5.63606e-08 4.65122e-05 1.92104e-09 0.00320239 0.274838 2.29038 1.45114 2.31915 2.26028 0.937922 -8.43387 -1.04083e-17 -3.46945e-18 0 0 -0.000154625 0.000136183 4.63514e-06 -37.8565 1 0 0 1.33231e-06 2.34889e-07 6.16487e-06
4765 82.7327 0.0201446 4.80144e-05 1.64574e-06 5.60838e-08 4.63126e-05 1.91153e-09 0.00320239 0.274838 2.29038 1.45114 2.31916 2.26027 0.937922 -8.43385 -1.04083e-17 -3.46945e-18 0 0 -0.000154148 0.000135763 4.6457e-06 -37.8565 1 0 0 1.32526e-06 2.33725e-07 6.13553e-06
4770 82.8334 0.0201446 4.78072e-05 1.63759e-06 5.58083e-08 4.61138e-05 1.90207e-09 0.00320238 0.274838 2.29038 1.45114 2.31916 2.26027 0.937922 -8.43384 -1.04083e-17 -3.46945e-18 0 0 -0.000153672 0.000135344 4.65611e-06 -37.8564 1 0 0 1.31826e-06 2.32567e-07 6.10634e-06
4775 82.9341 0.0201446 4.7601e-05 1.62948e-06 5.55342e-08 4.5916e-05 1.89267e-09 0.00320238 0.274838 2.29038 1.45114 2.31916 2.26027 0.937922 -8.43382 -1.04083e-17 -3.46945e-18 0 0 -0.000153198 0.000134926 4.66637e-06 -37.8563 1 0 0 1.31128e-06 2.31415e-07 6.0773e-06
4780 83.0349 0.0201446 4.73957e-05 1.62141e-06 5.52614e-08 4.5719e-05 1.88331e-09 0.00320237 0.274837 2.29038 1.45114 2.31916 2.26026 0.937922 -8.43381 -1.04083e-17 -3.46945e-18 0 0 -0.000152725 0.00013451 4.6765e-06 -37.8563 1 0 0 1.30435e-06 2.30269e-07 6.04841e-06
4785 83.1356 0.0201446 4.71914e-05 1.61338e-06 5.499e-08 4.5523e-05 1.874e-09 0.00320237 0.274837 2.29038 1.45114 2.31917 2.26026 0.937923 -8.43379 -1.04083e-17 -3.46945e-18 0 0 -0.000152255 0.000134096 4.68648e-06 -37.8562 1 0 0 1.29746e-06 2.29128e-07 6.01967e-06
4790 83.2363 0.0201446 4.6988e-05 1.6054e-06 5.47199e-08 4.53279e-05 1.86474e-09 0.00320236 0.274837 2.29038 1.45114 2.31917 2.26026 0.937923 -8.43378 -1.04083e-17 -3.46945e-18 0 0 -0.000151786 0.000133683 4.69632e-06 -37.8561 1 0 0 1.2906e-06 2.27994e-07 5.99107e-06
4795 83.337 0.0201446 4.67856e-05 1.59745e-06 5.44511e-08 4.51337e-05 1.85553e-09 0.00320236 0.274837 2.29038 1.45114 2.31917 2.26025 0.937923 -8.43376 -1.04083e-17 -3.46945e-18 0 0 -0.000151318 0.000133272 4.70602e-06 -37.8561 1 0 0 1.28378e-06 2.26864e-07 5.96263e-06
4800 83.4378 0.0201446 4.65841e-05 1.58954e-06 5.41836e-08 4.49404e-05 1.84637e-09 0.00320235 0.274837 2.29038 1.45114 2.31917 2.26025 0.937923 -8.43375 -1.04083e-17 -3.46945e-18 0 0 -0.000150853 0.000132862 4.71558e-06 -37.856 1 0 0 1.277e-06 2.25741e-07 5.93432e-06
4805 83.5385 0.0201446 4.63835e-05 1.58167e-06 5.39174e-08 4.47479e-05 1.83726e-09 0.00320234 0.274837 2.29038 1.45114 2.31918 2.26025 0.937923 -8.43373 -1.04083e-17 -3.46945e-18 0 0 -0.000150389 0.000132454 4.72501e-06 -37.8559 1 0 0 1.27025e-06 2.24623e-07 5.90617e-06
4810 83.6392 0.0201446 4.61839e-05 1.57384e-06 5.36525e-08 4.45564e-05 1.82819e-09 0.00320234 0.274837 2.29038 1.45114 2.31918 2.26025 0.937923 -8.43372 -1.04083e-17 -3.46945e-18 0 0 -0.000149927 0.000132047 4.7343e-06 -37.8559 1 0 0 1.26355e-06 2.2351e-07 5.87816e-06
4815 83.7399 0.0201446 4.59852e-05 1.56605e-06 5.33889e-08 4.43657e-05 1.81917e-09 0.00320233 0.274837 2.29038 1.45114 2.31918 2.26024 0.937923 -8.4337 -1.04083e-17 -3.46945e-18 0 0 -0.000149467 0.000131642 4.74345e-06 -37.8558 1 0 0 1.25688e-06 2.22403e-07 5.85029e-06
4820 83.8407 0.0201446 4.57874e-05 1.5583e-06 5.31266e-08 4.41759e-05 1.8102e-09 0.00320233 0.274838 2.29038 1.45114 2.31918 2.26024 0.937923 -8.43369 -1.04083e-17 -3.46945e-18 0 0 -0.000149008 0.000131238 4.75247e-06 -37.8557 1 0 0 1.25024e-06 2.21302e-07 5.82257e-06
4825 83.9414 0.0201446 4.55905e-05 1.55058e-06 5.28655e-08 4.3987e-05 1.80128e-09 0.00320232 0.274837 2.29038 1.45114 2.31919 2.26024 0.937923 -8.43367 -1.04083e-17 -3.46945e-18 0 0 -0.000148551 0.000130836 4.76135e-06 -37.8557 1 0 0 1.24364e-06 2.20206e-07 5.79499e-06
4830 84.0421 0.0201446 4.53945e-05 1.54291e-06 5.26058e-08 4.3799e-05 1.7924e-09 0.00320232 0.274837 2.29038 1.45114 2.31919 2.26023 0.937923 -8.43366 -1.04083e-17 -3.46945e-18 0 0 -0.000148096 0.000130435 4.7701e-06 -37.8556 1 0 0 1.23708e-06 2.19116e-07 5.76755e-06
4835 84.1428 0.0201446 4.51994e-05 1.53527e-06 5.23473e-08 4.36118e-05 1.78357e-09 0.00320231 0.274837 2.29038 1.45114 2.31919 2.26023 0.937923 -8.43364 -1.04083e-17 -3.46945e-18 0 0 -0.000147643 0.000130036 4.77872e-06 -37.8555 1 0 0 1.23056e-06 2.18031e-07 5.74025e-06
4840 84.2435 0.0201446 4.50052e-05 1.52767e-06 5.20901e-08 4.34255e-05 1.77478e-09 0.00320231 0.274838 2.29038 1.45114 2.3192 2.26023 0.937924 -8.43363 -1.04083e-17 -3.46945e-18 0 0 -0.000147191 0.000129638 4.78721e-06 -37.8555 1 0 0 1.22407e-06 2.16951e-07 5.71309e-06
4845 84.3443 0.0201446 4.48119e-05 1.52011e-06 5.18341e-08 4.324e-05 1.76604e-09 0.0032023 0.274837 2.29038 1.45114 2.3192 2.26022 0.937924 -8.43361 -1.04083e-17 -3.46945e-18 0 0 -0.00014674 0.000129242 4.79557e-06 -37.8554 1 0 0 1.21761e-06 2.15877e-07 5.68606e-06
4850 84.445 0.0201446 4.46195e-05 1.51259e-06 5.15794e-08 4.30553e-05 1.75735e-09 0.0032023 0.274837 2.29038 1.45114 2.3192 2.26022 0.937924 -8.4336 -1.04083e-17 -3.46945e-18 0 0 -0.000146292 0.000128847 4.8038e-06 -37.8553 1 0 0 1.21119e-06 2.14808e-07 5.65918e-06
4855 84.5457 0.0201446 4.4428e-05 1.5051e-06 5.13259e-08 4.28716e-05 1.7487e-09 0.00320229 0.274837 2.29038 1.45114 2.3192 2.26022 0.937924 -8.43358 -1.04083e-17 -3.46945e-18 0 0 -0.000145845 0.000128454 4.8119e-06 -37.8553 1 0 0 1.20481e-06 2.13745e-07 5.63244e-06
4860 84.6464 0.0201446 4.42374e-05 1.49766e-06 5.10737e-08 4.26886e-05 1.7401e-09 0.00320228 0.274838 2.29038 1.45114 2.31921 2.26022 0.937924 -8.43357 -1.04083e-17 -3.46945e-18 0 0 -0.0001454 0.000128062 4.81988e-06 -37.8552 1 0 0 1.19846e-06 2.12687e-07 5.60583e-06
4865 84.7472 0.0201446 4.40476e-05 1.49024e-06 5.08227e-08 4.25065e-05 1.73154e-09 0.00320228 0.274837 2.29038 1.45114 2.31921 2.26021 0.937924 -8.43355 -1.04083e-17 -3.46945e-18 0 0 -0.000144956 0.000127671 4.82773e-06 -37.8551 1 0 0 1.19215e-06 2.11634e-07 5.57935e-06
4870 84.8479 0.0201446 4.38587e-05 1.48287e-06 5.05729e-08 4.23253e-05 1.72302e-09 0.00320227 0.274837 2.29038 1.45114 2.31921 2.26021 0.937924 -8.43354 -1.04083e-17 -3.46945e-18 0 0 -0.000144514 0.000127282 4.83545e-06 -37.8551 1 0 0 1.18587e-06 2.10586e-07 5.55302e-06
4875 84.9486 0.0201446 4.36707e-05 1.47553e-06 5.03243e-08 4.21448e-05 1.71456e-09 0.00320227 0.274837 2.29038 1.45114 2.31921 2.26021 0.937924 -8.43353 -1.04083e-17 -3.46945e-18 0 0 -0.000144073 0.000126894 4.84305e-06 -37.855 1 0 0 1.17962e-06 2.09544e-07 5.52681e-06
4880 85.0493 0.0201446 4.34835e-05 1.46823e-06 5.0077e-08 4.19652e-05 1.70613e-09 0.00320226 0.274837 2.29038 1.45114 2.31922 2.2602 0.937924 -8.43351 -1.04083e-17 -3.46945e-18 0 0 -0.000143634 0.000126508 4.85053e-06 -37.8549 1 0 0 1.17341e-06 2.08507e-07 5.50074e-06
4885 85.15 0.0201446 4.32972e-05 1.46097e-06 4.98309e-08 4.17864e-05 1.69775e-09 0.00320226 0.274837 2.29038 1.45114 2.31922 2.2602 0.937924 -8.4335 -1.04083e-17 -3.46945e-18 0 0 -0.000143197 0.000126123 4.85788e-06 -37.8549 1 0 0 1.16724e-06 2.07475e-07 5.47481e-06
4890 85.2508 0.0201446 4.31117e-05 1.45374e-06 4.9586e-08 4.16084e-05 1.68941e-09 0.00320225 0.274837 2.29038 1.45114 2.31922 2.2602 0.937925 -8.43348 -1.04083e-17 -3.46945e-18 0 0 -0.000142762 0.000125739 4.86511e-06 -37.8548 1 0 0 1.16109e-06 2.06448e-07 5.449e-06
4895 85.3515 0.0201446 4.29271e-05 1.44655e-06 4.93422e-08 4.14313e-05 1.68112e-09 0.00320225 0.274838 2.29038 1.45114 2.31922 2.2602 0.937925 -8.43347 -1.04083e-17 -3.46945e-18 0 0 -0.000142327 0.000125357 4.87223e-06 -37.8547 1 0 0 1.15498e-06 2.05426e-07 5.42333e-06
4900 85.4522 0.0201446 4.27434e-05 1.43939e-06 4.90997e-08 4.12549e-05 1.67287e-09 0.00320224 0.274837 2.29038 1.45114 2.31923 2.26019 0.937925 -8.43345 -1.04083e-17 -3.46945e-18 0 0 -0.000141895 0.000124977 4.87922e-06 -37.8547 1 0 0 1.14891e-06 2.0441e-07 5.39779e-06
4905 85.5529 0.0201446 4.25605e-05 1.43227e-06 4.88584e-08 4.10793e-05 1.66466e-09 0.00320224 0.274838 2.29038 1.45114 2.31923 2.26019 0.937925 -8.43344 -1.04083e-17 -3.46945e-18 0 0 -0.000141464 0.000124597 4.88609e-06 -37.8546 1 0 0 1.14286e-06 2.03398e-07 5.37238e-06
4910 85.6537 0.0201446 4.23784e-05 1.42518e-06 4.86182e-08 4.09046e-05 1.6565e-09 0.00320223 0.274837 2.29038 1.45114 2.31923 2.26019 0.937925 -8.43342 -1.04083e-17 -3.46945e-18 0 0 -0.000141035 0.000124219 4.89284e-06 -37.8546 1 0 0 1.13685e-06 2.02392e-07 5.34709e-06
4915 85.7544 0.0201446 4.21971e-05 1.41813e-06 4.83793e-08 4.07306e-05 1.64837e-09 0.00320223 0.274837 2.29038 1.45114 2.31923 2.26018 0.937925 -8.43341 -1.04083e-17 -3.46945e-18 0 0 -0.000140607 0.000123843 4.89948e-06 -37.8545 1 0 0 1.13088e-06 2.0139e-07 5.32194e-06
4920 85.8551 0.0201446 4.20167e-05 1.41112e-06 4.81414e-08 4.05575e-05 1.64029e-09 0.00320222 0.274837 2.29038 1.45114 2.31924 2.26018 0.937925 -8.4334 -1.04083e-17 -3.46945e-18 0 0 -0.00014018 0.000123467 4.906e-06 -37.8544 1 0 0 1.12493e-06 2.00394e-07 5.29691e-06
4925 85.9558 0.0201446 4.18371e-05 1.40414e-06 4.79048e-08 4.03851e-05 1.63226e-09 0.00320222 0.274838 2.29038 1.45114 2.31924 2.26018 0.937925 -8.43338 -1.04083e-17 -3.46945e-18 0 0 -0.000139756 0.000123094 4.91241e-06 -37.8544 1 0 0 1.11902e-06 1.99403e-07 5.27202e-06
4930 86.0566 0.0201446 4.16584e-05 1.39719e-06 4.76693e-08 4.02135e-05 1.62426e-09 0.00320221 0.274838 2.29038 1.45114 2.31924 2.26018 0.937925 -8.43337 -1.04083e-17 -3.46945e-18 0 0 -0.000139332 0.000122721 4.9187e-06 -37.8543 1 0 0 1.11314e-06 1.98416e-07 5.24724e-06
4935 86.1573 0.0201446 4.14804e-05 1.39028e-06 4.7435e-08 4.00427e-05 1.61631e-09 0.00320221 0.274838 2.29038 1.45114 2.31924 2.26017 0.937925 -8.43335 -1.04083e-17 -3.46945e-18 0 0 -0.000138911 0.00012235 4.92488e-06 -37.8542 1 0 0 1.10729e-06 1.97435e-07 5.2226e-06
4940 86.258 0.0201446 4.13033e-05 1.38341e-06 4.72018e-08 3.98726e-05 1.60839e-09 0.0032022 0.274837 2.29038 1.45114 2.31925 2.26017 0.937926 -8.43334 -1.04083e-17 -3.46945e-18 0 0 -0.000138491 0.00012198 4.93094e-06 -37.8542 1 0 0 1.10148e-06 1.96458e-07 5.19808e-06
4945 86.3587 0.0201446 4.11269e-05 1.37656e-06 4.69698e-08 3.97034e-05 1.60052e-09 0.0032022 0.274837 2.29038 1.45114 2.31925 2.26017 0.937926 -8.43333 -1.04083e-17 -3.46945e-18 0 0 -0.000138072 0.000121611 4.9369e-06 -37.8541 1 0 0 1.09569e-06 1.95486e-07 5.17368e-06
4950 86.4594 0.0201446 4.09514e-05 1.36976e-06 4.67389e-08 3.95349e-05 1.59269e-09 0.00320219 0.274838 2.29038 1.45114 2.31925 2.26016 0.937926 -8.43331 -1.04083e-17 -3.46945e-18 0 0 -0.000137655 0.000121244 4.94274e-06 -37.854 1 0 0 1.08994e-06 1.9452e-07 5.14941e-06
4955 86.5602 0.0201446 4.07767e-05 1.36298e-06 4.65091e-08 3.93672e-05 1.5849e-09 0.00320219 0.274837 2.29038 1.45114 2.31925 2.26016 0.937926 -8.4333 -1.04083e-17 -3.46945e-18 0 0 -0.000137239 0.000120878 4.94847e-06 -37.854 1 0 0 1.08422e-06 1.93558e-07 5.12526e-06
4960 86.6609 0.0201446 4.06027e-05 1.35624e-06 4.62805e-08 3.92002e-05 1.57715e-09 0.00320218 0.274837 2.29038 1.45114 2.31926 2.26016 0.937926 -8.43328 -1.04083e-17 -3.46945e-18 0 0 -0.000136825 0.000120514 4.95409e-06 -37.8539 1 0 0 1.07853e-06 1.926e-07 5.10123e-06
4965 86.7616 0.0201446 4.04296e-05 1.34954e-06 4.6053e-08 3.9034e-05 1.56944e-09 0.00320218 0.274838 2.29038 1.45114 2.31926 2.26016 0.937926 -8.43327 -1.04083e-17 -3.46945e-18 0 0 -0.000136412 0.000120151 4.9596e-06 -37.8539 1 0 0 1.07287e-06 1.91648e-07 5.07732e-06
4970 86.8623 0.0201446 4.02572e-05 1.34286e-06 4.58266e-08 3.88685e-05 1.56177e-09 0.00320217 0.274838 2.29038 1.45114 2.31926 2.26015 0.937926 -8.43326 -1.04083e-17 -3.46945e-18 0 0 -0.000136001 0.000119789 4.96501e-06 -37.8538 1 0 0 1.06724e-06 1.90701e-07 5.05354e-06
4975 86.9631 0.0201446 4.00856e-05 1.33622e-06 4.56013e-08 3.87038e-05 1.55414e-09 0.00320217 0.274837 2.29038 1.45114 2.31926 2.26015 0.937926 -8.43324 -1.04083e-17 -3.46945e-18 0 0 -0.000135591 0.000119428 4.9703e-06 -37.8537 1 0 0 1.06164e-06 1.89758e-07 5.02987e-06
4980 87.0638 0.0201446 3.99149e-05 1.32962e-06 4.53772e-08 3.85399e-05 1.54655e-09 0.00320216 0.274837 2.29038 1.45114 2.31927 2.26015 0.937926 -8.43323 -1.04083e-17 -3.46945e-18 0 0 -0.000135183 0.000119069 4.9755e-06 -37.8537 1 0 0 1.05608e-06 1.8882e-07 5.00633e-06
4985 87.1645 0.0201446 3.97448e-05 1.32304e-06 4.51541e-08 3.83766e-05 1.539e-09 0.00320216 0.274838 2.29038 1.45114 2.31927 2.26015 0.937926 -8.43321 -1.04083e-17 -3.46945e-18 0 0 -0.000134776 0.000118711 4.98058e-06 -37.8536 1 0 0 1.05054e-06 1.87886e-07 4.9829e-06
4990 87.2652 0.0201446 3.95756e-05 1.3165e-06 4.49321e-08 3.82142e-05 1.53149e-09 0.00320215 0.274838 2.29038 1.45114 2.31927 2.26014 0.937927 -8.4332 -1.04083e-17 -3.46945e-18 0 0 -0.000134371 0.000118354 4.98556e-06 -37.8536 1 0 0 1.04503e-06 1.86958e-07 4.95959e-06
4995 87.3659 0.0201446 3.94071e-05 1.30999e-06 4.47112e-08 3.80524e-05 1.52402e-09 0.00320215 0.274837 2.29038 1.45114 2.31927 2.26014 0.937927 -8.43319 -1.04083e-17 -3.46945e-18 0 0 -0.000133967 0.000117998 4.99044e-06 -37.8535 1 0 0 1.03956e-06 1.86034e-07 4.9364e-06
5000 87.4667 0.0201446 3.92394e-05 1.30352e-06 4.44914e-08 3.78914e-05 1.51658e-09 0.00320214 0.274837 2.29038 1.45114 2.31927 2.26014 0.937927 -8.43317 -1.04083e-17 -3.46945e-18 0 0 -0.000133565 0.000117644 4.99521e-06 -37.8534 1 0 0 1.03411e-06 1.85114e-07 4.91333e-06
5005 87.5674 0.0201446 3.90725e-05 1.29707e-06 4.42727e-08 3.77311e-05 1.50919e-09 0.00320214 0.274837 2.29038 1.45114 2.31928 2.26013 0.937927 -8.43316 -1.04083e-17 -3.46945e-18 0 0 -0.000133164 0.000117291 4.99988e-06 -37.8534 1 0 0 1.02869e-06 1.84199e-07 4.89038e-06
5010 87.6681 0.0201446 3.89063e-05 1.29066e-06 4.40551e-08 3.75716e-05 1.50183e-09 0.00320213 0.274837 2.29038 1.45114 2.31928 2.26013 0.937927 -8.43315 -1.04083e-17 -3.46945e-18 0 0 -0.000132764 0.000116939 5.00445e-06 -37.8533 1 0 0 1.02331e-06 1.83289e-07 4.86754e-06
5015 87.7688 0.0201446 3.87409e-05 1.28428e-06 4.38385e-08 3.74128e-05 1.49451e-09 0.00320213 0.274837 2.29038 1.45114 2.31928 2.26013 0.937927 -8.43313 -1.04083e-17 -3.46945e-18 0 0 -0.000132366 0.000116589 5.00892e-06 -37.8532 1 0 0 1.01795e-06 1.82384e-07 4.84481e-06
5020 87.8696 0.0201446 3.85762e-05 1.27794e-06 4.3623e-08 3.72546e-05 1.48723e-09 0.00320212 0.274837 2.29038 1.45114 2.31928 2.26013 0.937927 -8.43312 -1.04083e-17 -3.46945e-18 0 0 -0.000131969 0.00011624 5.01329e-06 -37.8532 1 0 0 1.01262e-06 1.81483e-07 4.8222e-06
5025 87.9703 0.0201446 3.84123e-05 1.27162e-06 4.34086e-08 3.70972e-05 1.47999e-09 0.00320212 0.274838 2.29038 1.45114 2.31929 2.26012 0.937927 -8.4331 -1.04083e-17 -3.46945e-18 0 0 -0.000131574 0.000115892 5.01756e-06 -37.8531 1 0 0 1.00732e-06 1.80586e-07 4.7997e-06
5030 88.071 0.0201446 3.82491e-05 1.26534e-06 4.31952e-08 3.69405e-05 1.47278e-09 0.00320211 0.274838 2.29038 1.45114 2.31929 2.26012 0.937927 -8.43309 -1.04083e-17 -3.46945e-18 0 0 -0.00013118 0.000115545 5.02173e-06 -37.8531 1 0 0 1.00205e-06 1.79694e-07 4.77732e-06
5035 88.1717 0.0201446 3.80866e-05 1.25908e-06 4.29828e-08 3.67846e-05 1.46562e-09 0.00320211 0.274837 2.29038 1.45114 2.31929 2.26012 0.937927 -8.43308 -1.04083e-17 -3.46945e-18 0 0 -0.000130787 0.000115199 5.0258e-06 -37.853 1 0 0 9.96804e-07 1.78806e-07 4.75505e-06
5040 88.2725 0.0201446 3.79249e-05 1.25286e-06 4.27715e-08 3.66293e-05 1.45848e-09 0.0032021 0.274837 2.29038 1.45114 2.31929 2.26012 0.937928 -8.43306 -1.04083e-17 -3.46945e-18 0 0 -0.000130396 0.000114855 5.02977e-06 -37.8529 1 0 0 9.9159e-07 1.77923e-07 4.73289e-06
5045 88.3732 0.0201446 3.77639e-05 1.24667e-06 4.25613e-08 3.64747e-05 1.45139e-09 0.0032021 0.274837 2.29038 1.45114 2.3193 2.26011 0.937928 -8.43305 -1.04083e-17 -3.46945e-18 0 0 -0.000130006 0.000114512 5.03365e-06 -37.8529 1 0 0 9.86404e-07 1.77045e-07 4.71085e-06
5050 88.4739 0.0201446 3.76037e-05 1.24051e-06 4.23521e-08 3.63208e-05 1.44433e-09 0.00320209 0.274837 2.29038 1.45114 2.3193 2.26011 0.937928 -8.43304 -1.04083e-17 -3.46945e-18 0 0 -0.000129618 0.00011417 5.03744e-06 -37.8528 1 0 0 9.81246e-07 1.7617e-07 4.68891e-06
5055 88.5746 0.0201446 3.74441e-05 1.23438e-06 4.21439e-08 3.61676e-05 1.43731e-09 0.00320209 0.274837 2.29038 1.45114 2.3193 2.26011 0.937928 -8.43302 -1.04083e-17 -3.46945e-18 0 0 -0.000129231 0.000113829 5.04112e-06 -37.8528 1 0 0 9.76116e-07 1.75301e-07 4.66708e-06
5060 88.6753 0.0201446 3.72853e-05 1.22828e-06 4.19367e-08 3.60151e-05 1.43033e-09 0.00320208 0.274838 2.29038 1.45114 2.3193 2.26011 0.937928 -8.43301 -1.04083e-17 -3.46945e-18 0 0 -0.000128845 0.00011349 5.04472e-06 -37.8527 1 0 0 9.71014e-07 1.74435e-07 4.64537e-06
5065 88.7761 0.0201446 3.71272e-05 1.22221e-06 4.17306e-08 3.58633e-05 1.42338e-09 0.00320208 0.274837 2.29038 1.45114 2.31931 2.2601 0.937928 -8.433 -1.04083e-17 -3.46945e-18 0 0 -0.000128461 0.000113152 5.04822e-06 -37.8526 1 0 0 9.6594e-07 1.73574e-07 4.62376e-06
5070 88.8768 0.0201446 3.69699e-05 1.21617e-06 4.15254e-08 3.57122e-05 1.41646e-09 0.00320207 0.274838 2.29038 1.45114 2.31931 2.2601 0.937928 -8.43298 -1.04083e-17 -3.46945e-18 0 0 -0.000128078 0.000112814 5.05162e-06 -37.8526 1 0 0 9.60893e-07 1.72717e-07 4.60226e-06
5075 88.9775 0.0201446 3.68132e-05 1.21017e-06 4.13213e-08 3.55617e-05 1.40959e-09 0.00320207 0.274838 2.29038 1.45114 2.31931 2.2601 0.937928 -8.43297 -1.04083e-17 -3.46945e-18 0 0 -0.000127696 0.000112479 5.05494e-06 -37.8525 1 0 0 9.55874e-07 1.71865e-07 4.58087e-06
5080 89.0782 0.0201446 3.66572e-05 1.20419e-06 4.11182e-08 3.54119e-05 1.40274e-09 0.00320206 0.274837 2.29038 1.45114 2.31931 2.2601 0.937928 -8.43296 -1.04083e-17 -3.46945e-18 0 0 -0.000127316 0.000112144 5.05816e-06 -37.8525 1 0 0 9.50882e-07 1.71016e-07 4.55959e-06
5085 89.179 0.0201446 3.6502e-05 1.19824e-06 4.09161e-08 3.52628e-05 1.39594e-09 0.00320206 0.274837 2.29038 1.45114 2.31931 2.26009 0.937928 -8.43294 -1.04083e-17 -3.46945e-18 0 0 -0.000126937 0.00011181 5.0613e-06 -37.8524 1 0 0 9.45917e-07 1.70173e-07 4.53841e-06
5090 89.2797 0.0201446 3.63474e-05 1.19232e-06 4.0715e-08 3.51144e-05 1.38917e-09 0.00320206 0.274837 2.29038 1.45114 2.31932 2.26009 0.937929 -8.43293 -1.04083e-17 -3.46945e-18 0 0 -0.000126559 0.000111478 5.06434e-06 -37.8523 1 0 0 9.40979e-07 1.69333e-07 4.51734e-06
5095 89.3804 0.0201446 3.61936e-05 1.18643e-06 4.05149e-08 3.49666e-05 1.38243e-09 0.00320205 0.274837 2.29038 1.45114 2.31932 2.26009 0.937929 -8.43292 -1.04083e-17 -3.46945e-18 0 0 -0.000126183 0.000111147 5.06729e-06 -37.8523 1 0 0 9.36067e-07 1.68497e-07 4.49638e-06
5100 89.4811 0.0201446 3.60404e-05 1.18057e-06 4.03157e-08 3.48195e-05 1.37573e-09 0.00320205 0.274837 2.29038 1.45114 2.31932 2.26008 0.937929 -8.4329 -1.04083e-17 -3.46945e-18 0 0 -0.000125808 0.000110817 5.07015e-06 -37.8522 1 0 0 9.31183e-07 1.67666e-07 4.47552e-06
5105 89.5818 0.0201446 3.5888e-05 1.17474e-06 4.01176e-08 3.46731e-05 1.36906e-09 0.00320204 0.274837 2.29038 1.45114 2.31932 2.26008 0.937929 -8.43289 -1.04083e-17 -3.46945e-18 0 0 -0.000125434 0.000110488 5.07293e-06 -37.8522 1 0 0 9.26324e-07 1.66839e-07 4.45476e-06
5110 89.6826 0.0201446 3.57362e-05 1.16894e-06 3.99204e-08 3.45273e-05 1.36243e-09 0.00320204 0.274838 2.29038 1.45114 2.31933 2.26008 0.937929 -8.43288 -1.04083e-17 -3.46945e-18 0 0 -0.000125062 0.00011016 5.07562e-06 -37.8521 1 0 0 9.21492e-07 1.66016e-07 4.43411e-06
5115 89.7833 0.0201446 3.55851e-05 1.16317e-06 3.97242e-08 3.43822e-05 1.35583e-09 0.00320203 0.274838 2.29038 1.45114 2.31933 2.26008 0.937929 -8.43287 -1.04083e-17 -3.46945e-18 0 0 -0.000124691 0.000109833 5.07823e-06 -37.852 1 0 0 9.16687e-07 1.65197e-07 4.41357e-06
5120 89.884 0.0201446 3.54347e-05 1.15742e-06 3.9529e-08 3.42377e-05 1.34926e-09 0.00320203 0.274837 2.29038 1.45114 2.31933 2.26007 0.937929 -8.43285 -1.04083e-17 -3.46945e-18 0 0 -0.000124321 0.000109508 5.08074e-06 -37.852 1 0 0 9.11907e-07 1.64383e-07 4.39312e-06
5125 89.9847 0.0201446 3.52849e-05 1.15171e-06 3.93347e-08 3.40939e-05 1.34273e-09 0.00320202 0.274837 2.29038 1.45114 2.31933 2.26007 0.937929 -8.43284 -1.04083e-17 -3.46945e-18 0 0 -0.000123953 0.000109184 5.08317e-06 -37.8519 1 0 0 9.07153e-07 1.63572e-07 4.37278e-06
5130 90.0855 0.0201446 3.51359e-05 1.14602e-06 3.91414e-08 3.39507e-05 1.33623e-09 0.00320202 0.274837 2.29038 1.45114 2.31933 2.26007 0.937929 -8.43283 -1.04083e-17 -3.46945e-18 0 0 -0.000123586 0.00010886 5.08552e-06 -37.8519 1 0 0 9.02425e-07 1.62766e-07 4.35254e-06
5135 90.1862 0.0201446 3.49875e-05 1.14036e-06 3.8949e-08 3.38082e-05 1.32977e-09 0.00320201 0.274837 2.29038 1.45114 2.31934 2.26007 0.937929 -8.43281 -1.04083e-17 -3.46945e-18 0 0 -0.00012322 0.000108538 5.08778e-06 -37.8518 1 0 0 8.97722e-07 1.61963e-07 4.3324e-06
5140 90.2869 0.0201446 3.48397e-05 1.13473e-06 3.87576e-08 3.36662e-05 1.32334e-09 0.00320201 0.274837 2.29038 1.45114 2.31934 2.26006 0.93793 -8.4328 -1.04083e-17 -3.46945e-18 0 0 -0.000122855 0.000108217 5.08996e-06 -37.8518 1 0 0 8.93045e-07 1.61165e-07 4.31236e-06
5145 90.3876 0.0201446 3.46927e-05 1.12913e-06 3.85672e-08 3.3525e-05 1.31694e-09 0.00320201 0.274838 2.29038 1.45114 2.31934 2.26006 0.93793 -8.43279 -1.04083e-17 -3.46945e-18 0 0 -0.000122492 0.000107898 5.09206e-06 -37.8517 1 0 0 8.88393e-07 1.6037e-07 4.29242e-06
5150 90.4884 0.0201446 3.45463e-05 1.12355e-06 3.83776e-08 3.33843e-05 1.31057e-09 0.003202 0.274837 2.29038 1.45114 2.31934 2.26006 0.93793 -8.43278 -1.04083e-17 -3.46945e-18 0 0 -0.00012213 0.000107579 5.09407e-06 -37.8516 1 0 0 8.83766e-07 1.5958e-07 4.27258e-06
5155 90.5891 0.0201446 3.44005e-05 1.11801e-06 3.81891e-08 3.32443e-05 1.30424e-09 0.003202 0.274837 2.29038 1.45114 2.31935 2.26006 0.93793 -8.43276 -1.04083e-17 -3.46945e-18 0 0 -0.000121769 0.000107261 5.09601e-06 -37.8516 1 0 0 8.79164e-07 1.58794e-07 4.25284e-06
5160 90.6898 0.0201446 3.42554e-05 1.11249e-06 3.80014e-08 3.31049e-05 1.29794e-09 0.00320199 0.274837 2.29038 1.45114 2.31935 2.26005 0.93793 -8.43275 -1.04083e-17 -3.46945e-18 0 0 -0.000121409 0.000106945 5.09786e-06 -37.8515 1 0 0 8.74587e-07 1.58011e-07 4.23319e-06
5165 90.7905 0.0201446 3.4111e-05 1.107e-06 3.78147e-08 3.29662e-05 1.29168e-09 0.00320199 0.274837 2.29038 1.45114 2.31935 2.26005 0.93793 -8.43274 -1.04083e-17 -3.46945e-18 0 0 -0.000121051 0.000106629 5.09963e-06 -37.8515 1 0 0 8.70035e-07 1.57233e-07 4.21365e-06
5170 90.8912 0.0201446 3.39672e-05 1.10153e-06 3.76289e-08 3.2828e-05 1.28544e-09 0.00320198 0.274838 2.29038 1.45114 2.31935 2.26005 0.93793 -8.43272 -1.04083e-17 -3.46945e-18 0 0 -0.000120694 0.000106315 5.10132e-06 -37.8514 1 0 0 8.65508e-07 1.56458e-07 4.1942e-06
5175 90.992 0.0201446 3.38241e-05 1.0961e-06 3.7444e-08 3.26905e-05 1.27924e-09 0.00320198 0.274838 2.29038 1.45114 2.31935 2.26005 0.93793 -8.43271 -1.04083e-17 -3.46945e-18 0 0 -0.000120338 0.000106002 5.10294e-06 -37.8514 1 0 0 8.61005e-07 1.55688e-07 4.17485e-06
5180 91.0927 0.0201446 3.36816e-05 1.09069e-06 3.726e-08 3.25536e-05 1.27306e-09 0.00320197 0.274838 2.29038 1.45114 2.31936 2.26005 0.93793 -8.4327 -1.04083e-17 -3.46945e-18 0 0 -0.000119983 0.00010569 5.10447e-06 -37.8513 1 0 0 8.56526e-07 1.54921e-07 4.1556e-06
5185 91.1934 0.0201446 3.35397e-05 1.0853e-06 3.70769e-08 3.24173e-05 1.26692e-09 0.00320197 0.274837 2.29038 1.45114 2.31936 2.26004 0.937931 -8.43269 -1.04083e-17 -3.46945e-18 0 0 -0.00011963 0.000105378 5.10593e-06 -37.8512 1 0 0 8.52071e-07 1.54158e-07 4.13644e-06
5190 91.2941 0.0201446 3.33985e-05 1.07995e-06 3.68948e-08 3.22816e-05 1.26082e-09 0.00320197 0.274838 2.29038 1.45114 2.31936 2.26004 0.937931 -8.43267 -1.04083e-17 -3.46945e-18 0 0 -0.000119278 0.000105068 5.10731e-06 -37.8512 1 0 0 8.4764e-07 1.53399e-07 4.11737e-06
5195 91.3949 0.0201446 3.32579e-05 1.07462e-06 3.67135e-08 3.21465e-05 1.25474e-09 0.00320196 0.274838 2.29038 1.45114 2.31936 2.26004 0.937931 -8.43266 -1.04083e-17 -3.46945e-18 0 0 -0.000118927 0.00010476 5.10861e-06 -37.8511 1 0 0 8.43234e-07 1.52644e-07 4.0984e-06
5200 91.4956 0.0201446 3.31179e-05 1.06932e-06 3.65332e-08 3.20121e-05 1.24869e-09 0.00320196 0.274837 2.29038 1.45114 2.31936 2.26004 0.937931 -8.43265 -1.04083e-17 -3.46945e-18 0 0 -0.000118577 0.000104452 5.10984e-06 -37.8511 1 0 0 8.38851e-07 1.51892e-07 4.07953e-06
5205 91.5963 0.0201446 3.29786e-05 1.06404e-06 3.63537e-08 3.18782e-05 1.24268e-09 0.00320195 0.274837 2.29038 1.45114 2.31937 2.26003 0.937931 -8.43264 -1.04083e-17 -3.46945e-18 0 0 -0.000118228 0.000104145 5.111e-06 -37.851 1 0 0 8.34492e-07 1.51144e-07 4.06075e-06
5210 91.697 0.0201446 3.28398e-05 1.05879e-06 3.61751e-08 3.17449e-05 1.23669e-09 0.00320195 0.274837 2.29038 1.45114 2.31937 2.26003 0.937931 -8.43262 -1.04083e-17 -3.46945e-18 0 0 -0.000117881 0.000103839 5.11207e-06 -37.851 1 0 0 8.30156e-07 1.50401e-07 4.04206e-06
5215 91.7977 0.0201446 3.27018e-05 1.05357e-06 3.59974e-08 3.16122e-05 1.23074e-09 0.00320194 0.274838 2.29038 1.45114 2.31937 2.26003 0.937931 -8.43261 -1.04083e-17 -3.46945e-18 0 0 -0.000117535 0.000103534 5.11308e-06 -37.8509 1 0 0 8.25843e-07 1.4966e-07 4.02347e-06
5220 91.8985 0.0201446 3.25643e-05 1.04837e-06 3.58206e-08 3.14801e-05 1.22482e-09 0.00320194 0.274838 2.29038 1.45114 2.31937 2.26003 0.937931 -8.4326 -1.04083e-17 -3.46945e-18 0 0 -0.00011719 0.000103231 5.11401e-06 -37.8509 1 0 0 8.21554e-07 1.48924e-07 4.00497e-06
5225 91.9992 0.0201446 3.24274e-05 1.0432e-06 3.56446e-08 3.13486e-05 1.21892e-09 0.00320194 0.274837 2.29038 1.45114 2.31937 2.26002 0.937931 -8.43259 -1.04083e-17 -3.46945e-18 0 0 -0.000116846 0.000102928 5.11487e-06 -37.8508 1 0 0 8.17288e-07 1.48191e-07 3.98655e-06
5230 92.0999 0.0201446 3.22912e-05 1.03805e-06 3.54695e-08 3.12176e-05 1.21306e-09 0.00320193 0.274838 2.29038 1.45114 2.31938 2.26002 0.937931 -8.43257 -1.04083e-17 -3.46945e-18 0 0 -0.000116503 0.000102626 5.11565e-06 -37.8507 1 0 0 8.13045e-07 1.47462e-07 3.96824e-06
5235 92.2006 0.0201446 3.21555e-05 1.03293e-06 3.52953e-08 3.10873e-05 1.20723e-09 0.00320193 0.274837 2.29038 1.45114 2.31938 2.26002 0.937932 -8.43256 -1.04083e-17 -3.46945e-18 0 0 -0.000116162 0.000102326 5.11636e-06 -37.8507 1 0 0 8.08825e-07 1.46737e-07 3.95001e-06
5240 92.3014 0.0201446 3.20205e-05 1.02783e-06 3.5122e-08 3.09575e-05 1.20142e-09 0.00320192 0.274837 2.29038 1.45114 2.31938 2.26002 0.937932 -8.43255 -1.04083e-17 -3.46945e-18 0 0 -0.000115822 0.000102026 5.11701e-06 -37.8506 1 0 0 8.04627e-07 1.46015e-07 3.93187e-06
5245 92.4021 0.0201446 3.18861e-05 1.02276e-06 3.49495e-08 3.08283e-05 1.19565e-09 0.00320192 0.274837 2.29038 1.45114 2.31938 2.26001 0.937932 -8.43254 -1.04083e-17 -3.46945e-18 0 0 -0.000115482 0.000101728 5.11758e-06 -37.8506 1 0 0 8.00452e-07 1.45297e-07 3.91382e-06
5250 92.5028 0.0201446 3.17522e-05 1.01772e-06 3.47779e-08 3.06997e-05 1.18991e-09 0.00320191 0.274838 2.29038 1.45114 2.31939 2.26001 0.937932 -8.43252 -1.04083e-17 -3.46945e-18 0 0 -0.000115144 0.00010143 5.11808e-06 -37.8505 1 0 0 7.963e-07 1.44583e-07 3.89586e-06
5255 92.6035 0.0201446 3.1619e-05 1.0127e-06 3.46071e-08 3.05717e-05 1.18419e-09 0.00320191 0.274837 2.29038 1.45114 2.31939 2.26001 0.937932 -8.43251 -1.04083e-17 -3.46945e-18 0 0 -0.000114808 0.000101134 5.11851e-06 -37.8505 1 0 0 7.92169e-07 1.43872e-07 3.87799e-06
5260 92.7043 0.0201446 3.14864e-05 1.00771e-06 3.44371e-08 3.04442e-05 1.17851e-09 0.00320191 0.274837 2.29038 1.45114 2.31939 2.26001 0.937932 -8.4325 -1.04083e-17 -3.46945e-18 0 0 -0.000114472 0.000100838 5.11887e-06 -37.8504 1 0 0 7.88061e-07 1.43165e-07 3.86021e-06
5265 92.805 0.0201446 3.13543e-05 1.00274e-06 3.4268e-08 3.03173e-05 1.17285e-09 0.0032019 0.274838 2.29038 1.45114 2.31939 2.26001 0.937932 -8.43249 -1.04083e-17 -3.46945e-18 0 0 -0.000114137 0.000100544 5.11917e-06 -37.8504 1 0 0 7.83976e-07 1.42461e-07 3.84251e-06
5270 92.9057 0.0201446 3.12228e-05 9.97793e-07 3.40998e-08 3.0191e-05 1.16722e-09 0.0032019 0.274837 2.29038 1.45114 2.31939 2.26 0.937932 -8.43248 -1.04083e-17 -3.46945e-18 0 0 -0.000113804 0.00010025 5.11939e-06 -37.8503 1 0 0 7.79912e-07 1.41761e-07 3.82491e-06
5275 93.0064 0.0201446 3.1092e-05 9.92873e-07 3.39323e-08 3.00652e-05 1.16162e-09 0.00320189 0.274837 2.29038 1.45114 2.3194 2.26 0.937932 -8.43246 -1.04083e-17 -3.46945e-18 0 0 -0.000113472 9.9958e-05 5.11955e-06 -37.8502 1 0 0 7.7587e-07 1.41064e-07 3.80739e-06
5280 93.1071 0.0201446 3.09617e-05 9.87977e-07 3.37657e-08 2.99399e-05 1.15605e-09 0.00320189 0.274837 2.29038 1.45114 2.3194 2.26 0.937932 -8.43245 -1.04083e-17 -3.46945e-18 0 0 -0.000113141 9.96666e-05 5.11965e-06 -37.8502 1 0 0 7.71849e-07 1.40371e-07 3.78995e-06
5285 93.2079 0.0201446 3.0832e-05 9.83106e-07 3.35999e-08 2.98153e-05 1.15051e-09 0.00320189 0.274838 2.29038 1.45114 2.3194 2.26 0.937933 -8.43244 -1.04083e-17 -3.46945e-18 0 0 -0.000112811 9.93761e-05 5.11967e-06 -37.8501 1 0 0 7.67851e-07 1.39682e-07 3.77261e-06
5290 93.3086 0.0201446 3.07028e-05 9.78259e-07 3.3435e-08 2.96911e-05 1.145e-09 0.00320188 0.274837 2.29038 1.45114 2.3194 2.25999 0.937933 -8.43243 -1.04083e-17 -3.46945e-18 0 0 -0.000112482 9.90866e-05 5.11963e-06 -37.8501 1 0 0 7.63873e-07 1.38996e-07 3.75535e-06
5295 93.4093 0.0201446 3.05743e-05 9.73436e-07 3.32708e-08 2.95676e-05 1.13951e-09 0.00320188 0.274837 2.29038 1.45114 2.3194 2.25999 0.937933 -8.43242 -1.04083e-17 -3.46945e-18 0 0 -0.000112154 9.87981e-05 5.11953e-06 -37.85 1 0 0 7.59918e-07 1.38313e-07 3.73817e-06
5300 93.51 0.0201446 3.04463e-05 9.68637e-07 3.31075e-08 2.94446e-05 1.13405e-09 0.00320187 0.274838 2.29038 1.45114 2.31941 2.25999 0.937933 -8.4324 -1.04083e-17 -3.46945e-18 0 0 -0.000111827 9.85105e-05 5.11936e-06 -37.85 1 0 0 7.55983e-07 1.37634e-07 3.72108e-06
5305 93.6108 0.0201446 3.03189e-05 9.63862e-07 3.2945e-08 2.93221e-05 1.12862e-09 0.00320187 0.274837 2.29038 1.45114 2.31941 2.25999 0.937933 -8.43239 -1.04083e-17 -3.46945e-18 0 0 -0.000111502 9.8224e-05 5.11913e-06 -37.8499 1 0 0 7.52069e-07 1.36958e-07 3.70407e-06
5310 93.7115 0.0201446 3.0192e-05 9.59111e-07 3.27833e-08 2.92001e-05 1.12322e-09 0.00320187 0.274838 2.29038 1.45114 2.31941 2.25998 0.937933 -8.43238 -1.04083e-17 -3.46945e-18 0 0 -0.000111177 9.79384e-05 5.11883e-06 -37.8499 1 0 0 7.48177e-07 1.36285e-07 3.68715e-06
5315 93.8122 0.0201446 3.00657e-05 9.54384e-07 3.26224e-08 2.90787e-05 1.11785e-09 0.00320186 0.274837 2.29038 1.45114 2.31941 2.25998 0.937933 -8.43237 -1.04083e-17 -3.46945e-18 0 0 -0.000110854 9.76538e-05 5.11847e-06 -37.8498 1 0 0 7.44305e-07 1.35616e-07 3.67031e-06
5320 93.9129 0.0201446 2.994e-05 9.4968e-07 3.24623e-08 2.89579e-05 1.1125e-09 0.00320186 0.274838 2.29038 1.45114 2.31941 2.25998 0.937933 -8.43236 -1.04083e-17 -3.46945e-18 0 0 -0.000110532 9.73701e-05 5.11804e-06 -37.8498 1 0 0 7.40454e-07 1.34951e-07 3.65355e-06
5325 94.0137 0.0201446 2.98149e-05 9.44999e-07 3.23029e-08 2.88376e-05 1.10718e-09 0.00320185 0.274837 2.29038 1.45114 2.31942 2.25998 0.937933 -8.43234 -1.04083e-17 -3.46945e-18 0 0 -0.000110211 9.70874e-05 5.11756e-06 -37.8497 1 0 0 7.36624e-07 1.34289e-07 3.63687e-06
5330 94.1144 0.0201446 2.96902e-05 9.40342e-07 3.21444e-08 2.87178e-05 1.10189e-09 0.00320185 0.274837 2.29038 1.45114 2.31942 2.25998 0.937933 -8.43233 -1.04083e-17 -3.46945e-18 0 0 -0.00010989 9.68056e-05 5.11701e-06 -37.8497 1 0 0 7.32814e-07 1.3363e-07 3.62028e-06
5335 94.2151 0.0201446 2.95662e-05 9.35708e-07 3.19867e-08 2.85985e-05 1.09662e-09 0.00320185 0.274838 2.29038 1.45114 2.31942 2.25997 0.937934 -8.43232 -1.04083e-17 -3.46945e-18 0 0 -0.000109571 9.65248e-05 5.11641e-06 -37.8496 1 0 0 7.29025e-07 1.32974e-07 3.60377e-06
5340 94.3158 0.0201446 2.94427e-05 9.31097e-07 3.18297e-08 2.84798e-05 1.09138e-09 0.00320184 0.274837 2.29038 1.45114 2.31942 2.25997 0.937934 -8.43231 -1.04083e-17 -3.46945e-18 0 0 -0.000109254 9.6245e-05 5.11574e-06 -37.8495 1 0 0 7.25256e-07 1.32322e-07 3.58734e-06
5345 94.4165 0.0201446 2.93197e-05 9.26509e-07 3.16735e-08 2.83615e-05 1.08617e-09 0.00320184 0.274838 2.29038 1.45114 2.31942 2.25997 0.937934 -8.4323 -1.04083e-17 -3.46945e-18 0 0 -0.000108937 9.5966e-05 5.11501e-06 -37.8495 1 0 0 7.21507e-07 1.31673e-07 3.57099e-06
5350 94.5173 0.0201446 2.91973e-05 9.21944e-07 3.15181e-08 2.82439e-05 1.08098e-09 0.00320183 0.274838 2.29038 1.45114 2.31942 2.25997 0.937934 -8.43229 -1.04083e-17 -3.46945e-18 0 0 -0.000108621 9.56881e-05 5.11422e-06 -37.8494 1 0 0 7.17779e-07 1.31027e-07 3.55472e-06
5355 94.618 0.0201446 2.90754e-05 9.17401e-07 3.13634e-08 2.81267e-05 1.07582e-09 0.00320183 0.274837 2.29038 1.45114 2.31943 2.25996 0.937934 -8.43227 -1.04083e-17 -3.46945e-18 0 0 -0.000108306 9.5411e-05 5.11337e-06 -37.8494 1 0 0 7.1407e-07 1.30385e-07 3.53853e-06
5360 94.7187 0.0201446 2.89541e-05 9.12881e-07 3.12096e-08 2.801e-05 1.07069e-09 0.00320183 0.274837 2.29038 1.45114 2.31943 2.25996 0.937934 -8.43226 -1.04083e-17 -3.46945e-18 0 0 -0.000107992 9.51349e-05 5.11247e-06 -37.8493 1 0 0 7.10381e-07 1.29745e-07 3.52242e-06
5365 94.8194 0.0201446 2.88333e-05 9.08384e-07 3.10565e-08 2.78939e-05 1.06558e-09 0.00320182 0.274838 2.29038 1.45114 2.31943 2.25996 0.937934 -8.43225 -1.04083e-17 -3.46945e-18 0 0 -0.00010768 9.48597e-05 5.1115e-06 -37.8493 1 0 0 7.06712e-07 1.29109e-07 3.50639e-06
5370 94.9202 0.0201446 2.87131e-05 9.03909e-07 3.09041e-08 2.77783e-05 1.06049e-09 0.00320182 0.274837 2.29038 1.45114 2.31943 2.25996 0.937934 -8.43224 -1.04083e-17 -3.46945e-18 0 0 -0.000107368 9.45854e-05 5.11048e-06 -37.8492 1 0 0 7.03063e-07 1.28477e-07 3.49044e-06
5375 95.0209 0.0201446 2.85933e-05 8.99456e-07 3.07525e-08 2.76631e-05 1.05544e-09 0.00320181 0.274837 2.29038 1.45114 2.31943 2.25996 0.937934 -8.43223 -1.04083e-17 -3.46945e-18 0 0 -0.000107058 9.43121e-05 5.1094e-06 -37.8492 1 0 0 6.99433e-07 1.27847e-07 3.47456e-06
5380 95.1216 0.0201446 2.84742e-05 8.95026e-07 3.06017e-08 2.75485e-05 1.05041e-09 0.00320181 0.274837 2.29038 1.45114 2.31944 2.25995 0.937935 -8.43222 -1.04083e-17 -3.46945e-18 0 0 -0.000106748 9.40396e-05 5.10827e-06 -37.8491 1 0 0 6.95822e-07 1.27221e-07 3.45876e-06
5385 95.2223 0.0201446 2.83555e-05 8.90617e-07 3.04516e-08 2.74344e-05 1.0454e-09 0.00320181 0.274837 2.29038 1.45114 2.31944 2.25995 0.937935 -8.4322 -1.04083e-17 -3.46945e-18 0 0 -0.00010644 9.37681e-05 5.10708e-06 -37.8491 1 0 0 6.92231e-07 1.26597e-07 3.44304e-06
5390 95.323 0.0201446 2.82373e-05 8.8623e-07 3.03022e-08 2.73208e-05 1.04042e-09 0.0032018 0.274837 2.29038 1.45114 2.31944 2.25995 0.937935 -8.43219 -1.04083e-17 -3.46945e-18 0 0 -0.000106132 9.34974e-05 5.10583e-06 -37.849 1 0 0 6.88659e-07 1.25977e-07 3.4274e-06
5395 95.4238 0.0201446 2.81197e-05 8.81865e-07 3.01536e-08 2.72077e-05 1.03547e-09 0.0032018 0.274837 2.29038 1.45114 2.31944 2.25995 0.937935 -8.43218 -1.04083e-17 -3.46945e-18 0 0 -0.000105826 9.32277e-05 5.10453e-06 -37.849 1 0 0 6.85106e-07 1.2536e-07 3.41184e-06
5400 95.5245 0.0201446 2.80026e-05 8.77522e-07 3.00057e-08 2.70951e-05 1.03054e-09 0.00320179 0.274837 2.29038 1.45114 2.31944 2.25995 0.937935 -8.43217 -1.04083e-17 -3.46945e-18 0 0 -0.00010552 9.29589e-05 5.10317e-06 -37.8489 1 0 0 6.81572e-07 1.24746e-07 3.39635e-06
5405 95.6252 0.0201446 2.78861e-05 8.73201e-07 2.98586e-08 2.6983e-05 1.02563e-09 0.00320179 0.274837 2.29038 1.45114 2.31945 2.25994 0.937935 -8.43216 -1.04083e-17 -3.46945e-18 0 0 -0.000105216 9.2691e-05 5.10176e-06 -37.8489 1 0 0 6.78057e-07 1.24135e-07 3.38093e-06
5410 95.7259 0.0201446 2.777e-05 8.68901e-07 2.97122e-08 2.68714e-05 1.02075e-09 0.00320179 0.274837 2.29038 1.45114 2.31945 2.25994 0.937935 -8.43215 -1.04083e-17 -3.46945e-18 0 0 -0.000104913 9.24239e-05 5.10029e-06 -37.8488 1 0 0 6.74561e-07 1.23528e-07 3.36559e-06
5415 95.8267 0.0201446 2.76544e-05 8.64622e-07 2.95665e-08 2.67602e-05 1.0159e-09 0.00320178 0.274837 2.29038 1.45114 2.31945 2.25994 0.937935 -8.43213 -1.04083e-17 -3.46945e-18 0 0 -0.00010461 9.21578e-05 5.09877e-06 -37.8488 1 0 0 6.71083e-07 1.22923e-07 3.35033e-06
5420 95.9274 0.0201446 2.75394e-05 8.60365e-07 2.94215e-08 2.66496e-05 1.01106e-09 0.00320178 0.274837 2.29038 1.45114 2.31945 2.25994 0.937935 -8.43212 -1.04083e-17 -3.46945e-18 0 0 -0.000104309 9.18925e-05 5.0972e-06 -37.8487 1 0 0 6.67624e-07 1.22321e-07 3.33514e-06
5425 96.0281 0.0201446 2.74249e-05 8.56129e-07 2.92773e-08 2.65395e-05 1.00626e-09 0.00320178 0.274838 2.29038 1.45114 2.31945 2.25994 0.937935 -8.43211 -1.04083e-17 -3.46945e-18 0 0 -0.000104009 9.16281e-05 5.09558e-06 -37.8487 1 0 0 6.64183e-07 1.21723e-07 3.32003e-06
5430 96.1288 0.0201446 2.73108e-05 8.51914e-07 2.91337e-08 2.64298e-05 1.00148e-09 0.00320177 0.274837 2.29038 1.45114 2.31945 2.25993 0.937936 -8.4321 -1.04083e-17 -3.46945e-18 0 0 -0.000103709 9.13646e-05 5.0939e-06 -37.8486 1 0 0 6.60761e-07 1.21127e-07 3.30498e-06
5435 96.2296 0.0201446 2.71973e-05 8.47719e-07 2.89909e-08 2.63206e-05 9.96718e-10 0.00320177 0.274838 2.29038 1.45114 2.31946 2.25993 0.937936 -8.43209 -1.04083e-17 -3.46945e-18 0 0 -0.000103411 9.1102e-05 5.09217e-06 -37.8486 1 0 0 6.57357e-07 1.20535e-07 3.29002e-06
5440 96.3303 0.0201446 2.70843e-05 8.43546e-07 2.88488e-08 2.62119e-05 9.91984e-10 0.00320176 0.274838 2.29038 1.45114 2.31946 2.25993 0.937936 -8.43208 -1.04083e-17 -3.46945e-18 0 0 -0.000103114 9.08402e-05 5.09039e-06 -37.8485 1 0 0 6.53972e-07 1.19945e-07 3.27512e-06
5445 96.431 0.0201446 2.69718e-05 8.39394e-07 2.87074e-08 2.61037e-05 9.87273e-10 0.00320176 0.274837 2.29038 1.45114 2.31946 2.25993 0.937936 -8.43207 -1.04083e-17 -3.46945e-18 0 0 -0.000102817 9.05793e-05 5.08856e-06 -37.8485 1 0 0 6.50604e-07 1.19359e-07 3.2603e-06
5450 96.5317 0.0201446 2.68597e-05 8.35262e-07 2.85667e-08 2.59959e-05 9.82587e-10 0.00320176 0.274837 2.29038 1.45114 2.31946 2.25992 0.937936 -8.43206 -1.04083e-17 -3.46945e-18 0 0 -0.000102522 9.03193e-05 5.08668e-06 -37.8484 1 0 0 6.47254e-07 1.18775e-07 3.24555e-06
5455 96.6324 0.0201446 2.67482e-05 8.3115e-07 2.84267e-08 2.58886e-05 9.77924e-10 0.00320175 0.274838 2.29038 1.45114 2.31946 2.25992 0.937936 -8.43204 -1.04083e-17 -3.46945e-18 0 0 -0.000102227 9.00601e-05 5.08475e-06 -37.8484 1 0 0 6.43922e-07 1.18194e-07 3.23087e-06
5460 96.7332 0.0201446 2.66371e-05 8.27059e-07 2.82874e-08 2.57818e-05 9.73284e-10 0.00320175 0.274838 2.29038 1.45114 2.31947 2.25992 0.937936 -8.43203 -1.04083e-17 -3.46945e-18 0 0 -0.000101934 8.98018e-05 5.08277e-06 -37.8483 1 0 0 6.40608e-07 1.17616e-07 3.21626e-06
5465 96.8339 0.0201446 2.65266e-05 8.22989e-07 2.81488e-08 2.56755e-05 9.68668e-10 0.00320175 0.274838 2.29038 1.45114 2.31947 2.25992 0.937936 -8.43202 -1.04083e-17 -3.46945e-18 0 0 -0.000101641 8.95443e-05 5.08074e-06 -37.8483 1 0 0 6.37311e-07 1.17042e-07 3.20173e-06
5470 96.9346 0.0201446 2.64165e-05 8.18939e-07 2.80108e-08 2.55696e-05 9.64075e-10 0.00320174 0.274838 2.29038 1.45114 2.31947 2.25992 0.937936 -8.43201 -1.04083e-17 -3.46945e-18 0 0 -0.00010135 8.92877e-05 5.07866e-06 -37.8482 1 0 0 6.34033e-07 1.1647e-07 3.18726e-06
5475 97.0353 0.0201446 2.63069e-05 8.14908e-07 2.78736e-08 2.54642e-05 9.59506e-10 0.00320174 0.274837 2.29038 1.45114 2.31947 2.25991 0.937936 -8.432 -1.04083e-17 -3.46945e-18 0 0 -0.000101059 8.90319e-05 5.07653e-06 -37.8482 1 0 0 6.30771e-07 1.15901e-07 3.17287e-06
5480 97.1361 0.0201446 2.61978e-05 8.10898e-07 2.7737e-08 2.53592e-05 9.54959e-10 0.00320174 0.274838 2.29038 1.45114 2.31947 2.25991 0.937937 -8.43199 -1.04083e-17 -3.46945e-18 0 0 -0.00010077 8.8777e-05 5.07436e-06 -37.8481 1 0 0 6.27527e-07 1.15334e-07 3.15854e-06
5485 97.2368 0.0201446 2.60892e-05 8.06908e-07 2.76011e-08 2.52547e-05 9.50435e-10 0.00320173 0.274837 2.29038 1.45114 2.31947 2.25991 0.937937 -8.43198 -1.04083e-17 -3.46945e-18 0 0 -0.000100481 8.85229e-05 5.07214e-06 -37.8481 1 0 0 6.243e-07 1.14771e-07 3.14429e-06
5490 97.3375 0.0201446 2.59811e-05 8.02937e-07 2.74659e-08 2.51507e-05 9.45934e-10 0.00320173 0.274838 2.29038 1.45114 2.31948 2.25991 0.937937 -8.43197 -1.04083e-17 -3.46945e-18 0 0 -0.000100194 8.82696e-05 5.06987e-06 -37.848 1 0 0 6.2109e-07 1.14211e-07 3.1301e-06
5495 97.4382 0.0201446 2.58734e-05 7.98987e-07 2.73314e-08 2.50471e-05 9.41456e-10 0.00320172 0.274837 2.29038 1.45114 2.31948 2.25991 0.937937 -8.43196 -1.04083e-17 -3.46945e-18 0 0 -9.99068e-05 8.80172e-05 5.06755e-06 -37.848 1 0 0 6.17898e-07 1.13653e-07 3.11599e-06
5500 97.5389 0.0201446 2.57662e-05 7.95056e-07 2.71975e-08 2.4944e-05 9.37e-10 0.00320172 0.274837 2.29038 1.45114 2.31948 2.2599 0.937937 -8.43194 -1.04083e-17 -3.46945e-18 0 0 -9.9621e-05 8.77656e-05 5.06519e-06 -37.8479 1 0 0 6.14722e-07 1.13098e-07 3.10194e-06
5505 97.6397 0.0201446 2.56595e-05 7.91144e-07 2.70643e-08 2.48413e-05 9.32566e-10 0.00320172 0.274838 2.29038 1.45114 2.31948 2.2599 0.937937 -8.43193 -1.04083e-17 -3.46945e-18 0 0 -9.93361e-05 8.75149e-05 5.06279e-06 -37.8479 1 0 0 6.11564e-07 1.12546e-07 3.08796e-06
5510 97.7404 0.0201446 2.55532e-05 7.87252e-07 2.69317e-08 2.4739e-05 9.28155e-10 0.00320171 0.274838 2.29038 1.45114 2.31948 2.2599 0.937937 -8.43192 -1.04083e-17 -3.46945e-18 0 0 -9.90522e-05 8.72649e-05 5.06033e-06 -37.8478 1 0 0 6.08422e-07 1.11997e-07 3.07405e-06
5515 97.8411 0.0201446 2.54474e-05 7.83379e-07 2.67999e-08 2.46373e-05 9.23766e-10 0.00320171 0.274837 2.29038 1.45114 2.31949 2.2599 0.937937 -8.43191 -1.04083e-17 -3.46945e-18 0 0 -9.87692e-05 8.70158e-05 5.05784e-06 -37.8478 1 0 0 6.05297e-07 1.1145e-07 3.0602e-06
5520 97.9418 0.0201446 2.53421e-05 7.79526e-07 2.66686e-08 2.45359e-05 9.19399e-10 0.00320171 0.274837 2.29038 1.45114 2.31949 2.2599 0.937937 -8.4319 -1.04083e-17 -3.46945e-18 0 0 -9.84871e-05 8.67675e-05 5.05529e-06 -37.8477 1 0 0 6.02188e-07 1.10906e-07 3.04642e-06
5525 98.0426 0.0201446 2.52373e-05 7.75691e-07 2.6538e-08 2.4435e-05 9.15054e-10 0.0032017 0.274838 2.29038 1.45114 2.31949 2.25989 0.937937 -8.43189 -1.04083e-17 -3.46945e-18 0 0 -9.8206e-05 8.652e-05 5.05271e-06 -37.8477 1 0 0 5.99096e-07 1.10365e-07 3.03271e-06
5530 98.1433 0.0201446 2.51329e-05 7.71876e-07 2.64081e-08 2.43346e-05 9.10731e-10 0.0032017 0.274837 2.29038 1.45114 2.31949 2.25989 0.937938 -8.43188 -1.04083e-17 -3.46945e-18 0 0 -9.79258e-05 8.62733e-05 5.05008e-06 -37.8476 1 0 0 5.9602e-07 1.09827e-07 3.01907e-06
5535 98.244 0.0201446 2.50289e-05 7.6808e-07 2.62788e-08 2.42346e-05 9.06429e-10 0.0032017 0.274837 2.29038 1.45114 2.31949 2.25989 0.937938 -8.43187 -1.04083e-17 -3.46945e-18 0 0 -9.76465e-05 8.60274e-05 5.0474e-06 -37.8476 1 0 0 5.92961e-07 1.09291e-07 3.00549e-06
5540 98.3447 0.0201446 2.49254e-05 7.64302e-07 2.61502e-08 2.4135e-05 9.02149e-10 0.00320169 0.274837 2.29038 1.45114 2.31949 2.25989 0.937938 -8.43186 -1.04083e-17 -3.46945e-18 0 0 -9.73681e-05 8.57823e-05 5.04469e-06 -37.8475 1 0 0 5.89918e-07 1.08758e-07 2.99197e-06
5545 98.4455 0.0201446 2.48224e-05 7.60544e-07 2.60222e-08 2.40358e-05 8.9789e-10 0.00320169 0.274837 2.29038 1.45114 2.3195 2.25989 0.937938 -8.43185 -1.04083e-17 -3.46945e-18 0 0 -9.70906e-05 8.5538e-05 5.04193e-06 -37.8475 1 0 0 5.86891e-07 1.08228e-07 2.97853e-06
5550 98.5462 0.0201446 2.47198e-05 7.56803e-07 2.58948e-08 2.39371e-05 8.93653e-10 0.00320169 0.274838 2.29038 1.45114 2.3195 2.25988 0.937938 -8.43184 -1.04083e-17 -3.46945e-18 0 0 -9.6814e-05 8.52946e-05 5.03912e-06 -37.8474 1 0 0 5.8388e-07 1.07701e-07 2.96514e-06
5555 98.6469 0.0201446 2.46177e-05 7.53082e-07 2.5768e-08 2.38388e-05 8.89437e-10 0.00320168 0.274837 2.29038 1.45114 2.3195 2.25988 0.937938 -8.43183 -1.04083e-17 -3.46945e-18 0 0 -9.65383e-05 8.50519e-05 5.03628e-06 -37.8474 1 0 0 5.80885e-07 1.07176e-07 2.95183e-06
5560 98.7476 0.0201446 2.4516e-05 7.49379e-07 2.56419e-08 2.3741e-05 8.85242e-10 0.00320168 0.274837 2.29038 1.45114 2.3195 2.25988 0.937938 -8.43182 -1.04083e-17 -3.46945e-18 0 0 -9.62636e-05 8.481e-05 5.03339e-06 -37.8473 1 0 0 5.77906e-07 1.06654e-07 2.93857e-06
5565 98.8483 0.0201446 2.44147e-05 7.45694e-07 2.55164e-08 2.36435e-05 8.81068e-10 0.00320167 0.274838 2.29038 1.45114 2.3195 2.25988 0.937938 -8.4318 -1.04083e-17 -3.46945e-18 0 0 -9.59897e-05 8.45688e-05 5.03047e-06 -37.8473 1 0 0 5.74943e-07 1.06134e-07 2.92538e-06
5570 98.9491 0.0201446 2.43139e-05 7.42028e-07 2.53916e-08 2.35465e-05 8.76915e-10 0.00320167 0.274837 2.29038 1.45114 2.3195 2.25988 0.937938 -8.43179 -1.04083e-17 -3.46945e-18 0 0 -9.57167e-05 8.43285e-05 5.0275e-06 -37.8472 1 0 0 5.71996e-07 1.05617e-07 2.91226e-06
5575 99.0498 0.0201446 2.42136e-05 7.3838e-07 2.52673e-08 2.34499e-05 8.72783e-10 0.00320167 0.274837 2.29038 1.45114 2.31951 2.25987 0.937939 -8.43178 -1.04083e-17 -3.46945e-18 0 0 -9.54446e-05 8.4089e-05 5.02449e-06 -37.8472 1 0 0 5.69064e-07 1.05103e-07 2.89919e-06
5580 99.1505 0.0201446 2.41137e-05 7.3475e-07 2.51437e-08 2.33538e-05 8.68671e-10 0.00320166 0.274837 2.29038 1.45114 2.31951 2.25987 0.937939 -8.43177 -1.04083e-17 -3.46945e-18 0 0 -9.51734e-05 8.38502e-05 5.02145e-06 -37.8471 1 0 0 5.66148e-07 1.04591e-07 2.88619e-06
5585 99.2512 0.0201446 2.40142e-05 7.31138e-07 2.50207e-08 2.3258e-05 8.6458e-10 0.00320166 0.274837 2.29038 1.45114 2.31951 2.25987 0.937939 -8.43176 -1.04083e-17 -3.46945e-18 0 0 -9.4903e-05 8.36122e-05 5.01836e-06 -37.8471 1 0 0 5.63247e-07 1.04082e-07 2.87326e-06
5590 99.352 0.0201446 2.39151e-05 7.27544e-07 2.48983e-08 2.31627e-05 8.60509e-10 0.00320166 0.274837 2.29038 1.45114 2.31951 2.25987 0.937939 -8.43175 -1.04083e-17 -3.46945e-18 0 0 -9.46336e-05 8.3375e-05 5.01523e-06 -37.847 1 0 0 5.60362e-07 1.03575e-07 2.86038e-06
5595 99.4527 0.0201446 2.38165e-05 7.23968e-07 2.47765e-08 2.30678e-05 8.56459e-10 0.00320165 0.274838 2.29038 1.45114 2.31951 2.25987 0.937939 -8.43174 -1.04083e-17 -3.46945e-18 0 0 -9.4365e-05 8.31385e-05 5.01207e-06 -37.847 1 0 0 5.57491e-07 1.03071e-07 2.84757e-06
5600 99.5534 0.0201446 2.37183e-05 7.20409e-07 2.46553e-08 2.29733e-05 8.52429e-10 0.00320165 0.274838 2.29038 1.45114 2.31951 2.25987 0.937939 -8.43173 -1.04083e-17 -3.46945e-18 0 0 -9.40973e-05 8.29028e-05 5.00886e-06 -37.847 1 0 0 5.54637e-07 1.02569e-07 2.83482e-06
5605 99.6521 0.0193508 2.36224e-05 7.16966e-07 2.45393e-08 2.28809e-05 8.77403e-10 0.00320165 0.274837 2.29038 1.45114 2.31952 2.25986 0.937939 -8.43172 -1.04083e-17 -3.46945e-18 0 0 -9.5012e-05 8.37482e-05 4.9997e-06 -38.2292 1 0 0 5.53854e-07 1.03272e-07 2.82305e-06
5610 99.746 0.0184024 2.3538e-05 7.13966e-07 2.44183e-08 2.27996e-05 8.97096e-10 0.00320164 0.274837 2.29038 1.45114 2.31952 2.25986 0.937939 -8.43171 -1.04083e-17 -3.46945e-18 0 0 -9.52303e-05 8.39908e-05 4.92085e-06 -38.2292 1 0 0 5.54607e-07 1.04602e-07 2.81331e-06
5615 99.8353 0.0175005 2.34632e-05 7.11238e-07 2.4282e-08 2.27277e-05 9.12188e-10 0.00320164 0.274837 2.29038 1.45114 2.31952 2.25986 0.937939 -8.4317 -1.04083e-17 -3.46945e-18 0 0 -9.54918e-05 8.42272e-05 4.91165e-06 -38.2291 1 0 0 5.55158e-07 1.05651e-07 2.80488e-06
5620 99.9202 0.0166428 2.3396e-05 7.0871e-07 2.41344e-08 2.26632e-05 9.23515e-10 0.00320164 0.274837 2.29038 1.45114 2.31952 2.25986 0.937939 -8.43169 -1.04083e-17 -3.46945e-18 0 0 -9.57627e-05 8.4458e-05 4.93135e-06 -38.2291 1 0 0 5.55485e-07 1.06458e-07 2.79742e-06
5625 100.001 0.0158271 2.33348e-05 7.06349e-07 2.39792e-08 2.26045e-05 9.31932e-10 0.00320164 0.274837 2.29038 1.45114 2.31952 2.25986 0.937939 -8.43168 -1.04083e-17 -3.46945e-18 0 0 -9.60251e-05 8.4676e-05 4.96497e-06 -38.229 1 0 0 5.5563e-07 1.07069e-07 2.7907e-06
5630 100.078 0.0150514 2.32785e-05 7.04136e-07 2.382e-08 2.25506e-05 9.38174e-10 0.00320163 0.274837 2.29038 1.45114 2.31952 2.25986 0.93794 -8.43167 -1.04083e-17 -3.46945e-18 0 0 -9.62711e-05 8.48772e-05 5.00534e-06 -38.229 1 0 0 5.55641e-07 1.07527e-07 2.78457e-06
5635 100.151 0.0143138 2.32264e-05 7.02055e-07 2.36599e-08 2.25007e-05 9.42806e-10 0.00320163 0.274837 2.29038 1.45114 2.31952 2.25985 0.93794 -8.43167 -1.04083e-17 -3.46945e-18 0 0 -9.6498e-05 8.50605e-05 5.04873e-06 -38.2289 1 0 0 5.55558e-07 1.07869e-07 2.77893e-06
5640 100.22 0.0136123 2.31779e-05 7.00097e-07 2.35011e-08 2.24543e-05 9.4625e-10 0.00320163 0.274837 2.29038 1.45114 2.31953 2.25985 0.93794 -8.43166 -1.04083e-17 -3.46945e-18 0 0 -9.67059e-05 8.52267e-05 5.09307e-06 -38.2289 1 0 0 5.5541e-07 1.08122e-07 2.7737e-06
5645 100.286 0.0129451 2.31325e-05 6.98251e-07 2.33454e-08 2.24109e-05 9.48811e-10 0.00320163 0.274838 2.29038 1.45114 2.31953 2.25985 0.93794 -8.43165 -1.04083e-17 -3.46945e-18 0 0 -9.6896e-05 8.53771e-05 5.13722e-06 -38.2289 1 0 0 5.55218e-07 1.08309e-07 2.76883e-06
5650 100.349 0.0123107 2.309e-05 6.96509e-07 2.31938e-08 2.23703e-05 9.50711e-10 0.00320162 0.274837 2.29038 1.45114 2.31953 2.25985 0.93794 -8.43164 -1.04083e-17 -3.46945e-18 0 0 -9.70701e-05 8.55136e-05 5.18056e-06 -38.2289 1 0 0 5.54998e-07 1.08446e-07 2.76428e-06
5655 100.409 0.0117073 2.30501e-05 6.94865e-07 2.30471e-08 2.23322e-05 9.52112e-10 0.00320162 0.274837 2.29038 1.45114 2.31953 2.25985 0.93794 -8.43164 -1.04083e-17 -3.46945e-18 0 0 -9.72299e-05 8.56378e-05 5.22275e-06 -38.2288 1 0 0 5.54759e-07 1.08543e-07 2.76001e-06
5660 100.466 0.0111336 2.30126e-05 6.93311e-07 2.29059e-08 2.22964e-05 9.53133e-10 0.00320162 0.274837 2.29038 1.45114 2.31953 2.25985 0.93794 -8.43163 -1.04083e-17 -3.46945e-18 0 0 -9.73773e-05 8.57513e-05 5.26366e-06 -38.2288 1 0 0 5.5451e-07 1.08611e-07 2.756e-06
5665 100.52 0.0105879 2.29772e-05 6.91841e-07 2.27703e-08 2.22626e-05 9.53863e-10 0.00320162 0.274837 2.29038 1.45114 2.31953 2.25985 0.93794 -8.43163 -1.04083e-17 -3.46945e-18 0 0 -9.75137e-05 8.58555e-05 5.30324e-06 -38.2288 1 0 0 5.54256e-07 1.08657e-07 2.75222e-06
5670 100.571 0.010069 2.29438e-05 6.90449e-07 2.26404e-08 2.22308e-05 9.54366e-10 0.00320162 0.274838 2.29038 1.45114 2.31953 2.25985 0.93794 -8.43162 -1.04083e-17 -3.46945e-18 0 0 -9.76406e-05 8.59516e-05 5.34154e-06 -38.2288 1 0 0 5.54001e-07 1.08684e-07 2.74866e-06
5675 100.62 0.00957551 2.29123e-05 6.89132e-07 2.25164e-08 2.22007e-05 9.54685e-10 0.00320161 0.274837 2.29038 1.45114 2.31953 2.25984 0.93794 -8.43162 -1.04083e-17 -3.46945e-18 0 0 -9.77593e-05 8.60406e-05 5.3787e-06 -38.2287 1 0 0 5.53747e-07 1.08698e-07 2.7453e-06
5680 100.666 0.00910622 2.28826e-05 6.87885e-07 2.23981e-08 2.21723e-05 9.54878e-10 0.00320161 0.274837 2.29038 1.45114 2.31953 2.25984 0.93794 -8.43161 -1.04083e-17 -3.46945e-18 0 0 -9.7871e-05 8.61237e-05 5.41464e-06 -38.2287 1 0 0 5.53498e-07 1.08701e-07 2.74212e-06
5685 100.711 0.00865992 2.28544e-05 6.86702e-07 2.22853e-08 2.21454e-05 9.54964e-10 0.00320161 0.274837 2.29038 1.45114 2.31953 2.25984 0.93794 -8.43161 -1.04083e-17 -3.46945e-18 0 0 -9.79765e-05 8.62016e-05 5.44962e-06 -38.2287 1 0 0 5.53254e-07 1.08696e-07 2.73911e-06
5690 100.753 0.0082355 2.28277e-05 6.85581e-07 2.2178e-08 2.212e-05 9.54965e-10 0.00320161 0.274837 2.29038 1.45114 2.31954 2.25984 0.93794 -8.4316 -1.04083e-17 -3.46945e-18 0 0 -9.80768e-05 8.62749e-05 5.48376e-06 -38.2287 1 0 0 5.53018e-07 1.08684e-07 2.73627e-06
5695 100.793 0.00783188 2.28025e-05 6.84518e-07 2.2076e-08 2.20959e-05 9.54902e-10 0.00320161 0.274837 2.29038 1.45114 2.31954 2.25984 0.93794 -8.4316 -1.04083e-17 -3.46945e-18 0 0 -9.81728e-05 8.63443e-05 5.51719e-06 -38.2287 1 0 0 5.52788e-07 1.08668e-07 2.73358e-06
5700 100.831 0.00744804 2.27786e-05 6.83509e-07 2.1979e-08 2.20731e-05 9.54787e-10 0.00320161 0.274838 2.29038 1.45114 2.31954 2.25984 0.93794 -8.4316 -1.04083e-17 -3.46945e-18 0 0 -9.82651e-05 8.64105e-05 5.55007e-06 -38.2286 1 0 0 5.52567e-07 1.08648e-07 2.73103e-06
5705 100.867 0.00708301 2.2756e-05 6.82552e-07 2.18869e-08 2.20515e-05 9.54633e-10 0.0032016 0.274838 2.29038 1.45114 2.31954 2.25984 0.93794 -8.43159 -1.04083e-17 -3.46945e-18 0 0 -9.83544e-05 8.64739e-05 5.58255e-06 -38.2286 1 0 0 5.52354e-07 1.08625e-07 2.72861e-06
5710 100.901 0.00673587 2.27345e-05 6.81643e-07 2.17994e-08 2.2031e-05 9.54448e-10 0.0032016 0.274837 2.29038 1.45114 2.31954 2.25984 0.93794 -8.43159 -1.04083e-17 -3.46945e-18 0 0 -9.84414e-05 8.65349e-05 5.6148e-06 -38.2286 1 0 0 5.5215e-07 1.086e-07 2.72632e-06
5715 100.934 0.00640575 2.27141e-05 6.80779e-07 2.17164e-08 2.20116e-05 9.54241e-10 0.0032016 0.274837 2.29038 1.45114 2.31954 2.25984 0.93794 -8.43159 -1.04083e-17 -3.46945e-18 0 0 -9.85267e-05 8.65941e-05 5.64697e-06 -38.2286 1 0 0 5.51955e-07 1.08573e-07 2.72415e-06
5720 100.965 0.0060918 2.26948e-05 6.7996e-07 2.16376e-08 2.19932e-05 9.54015e-10 0.0032016 0.274838 2.29038 1.45114 2.31954 2.25984 0.93794 -8.43158 -1.04083e-17 -3.46945e-18 0 0 -9.86109e-05 8.66518e-05 5.67923e-06 -38.2286 1 0 0 5.51768e-07 1.08545e-07 2.72209e-06
5725 100.994 0.00579324 2.26765e-05 6.7918e-07 2.15629e-08 2.19758e-05 9.53776e-10 0.0032016 0.274837 2.29038 1.45114 2.31954 2.25984 0.937941 -8.43158 -1.04083e-17 -3.46945e-18 0 0 -9.86944e-05 8.67085e-05 5.71177e-06 -38.2286 1 0 0 5.5159e-07 1.08516e-07 2.72014e-06
5730 101.022 0.00550932 2.26592e-05 6.7844e-07 2.1492e-08 2.19592e-05 9.53527e-10 0.0032016 0.274837 2.29038 1.45114 2.31954 2.25984 0.937941 -8.43158 -1.04083e-17 -3.46945e-18 0 0 -9.87779e-05 8.67644e-05 5.74476e-06 -38.2286 1 0 0 5.51421e-07 1.08487e-07 2.71828e-06
5735 101.049 0.00523931 2.26427e-05 6.77736e-07 2.14247e-08 2.19435e-05 9.53272e-10 0.0032016 0.274837 2.29038 1.45114 2.31954 2.25984 0.937941 -8.43158 -1.04083e-17 -3.46945e-18 0 0 -9.8862e-05 8.682e-05 5.77842e-06 -38.2285 1 0 0 5.5126e-07 1.08457e-07 2.71652e-06
5740 101.075 0.00498253 2.2627e-05 6.77066e-07 2.13609e-08 2.19286e-05 9.53012e-10 0.0032016 0.274837 2.29038 1.45114 2.31954 2.25984 0.937941 -8.43157 -1.04083e-17 -3.46945e-18 0 0 -9.89471e-05 8.68756e-05 5.81291e-06 -38.2285 1 0 0 5.51108e-07 1.08427e-07 2.71485e-06
5745 101.099 0.00473833 2.26122e-05 6.76429e-07 2.13005e-08 2.19144e-05 9.52749e-10 0.0032016 0.274837 2.29038 1.45114 2.31954 2.25984 0.937941 -8.43157 -1.04083e-17 -3.46945e-18 0 0 -9.90338e-05 8.69315e-05 5.8485e-06 -38.2285 1 0 0 5.50964e-07 1.08398e-07 2.71327e-06
5750 101.122 0.00450611 2.2598e-05 6.75823e-07 2.12432e-08 2.1901e-05 9.52485e-10 0.0032016 0.274837 2.29038 1.45114 2.31954 2.25983 0.937941 -8.43157 -1.04083e-17 -3.46945e-18 0 0 -9.91226e-05 8.69881e-05 5.88538e-06 -38.2285 1 0 0 5.50828e-07 1.08368e-07 2.71176e-06
5755 101.144 0.00428526 2.25846e-05 6.75246e-07 2.11889e-08 2.18882e-05 9.52219e-10 0.0032016 0.274838 2.29038 1.45114 2.31954 2.25983 0.937941 -8.43157 -1.04083e-17 -3.46945e-18 0 0 -9.92143e-05 8.70458e-05 5.92384e-06 -38.2285 1 0 0 5.507e-07 1.08339e-07 2.71033e-06
5760 101.164 0.00407524 2.25719e-05 6.74696e-07 2.11374e-08 2.18761e-05 9.51953e-10 0.00320159 0.274838 2.29038 1.45114 2.31954 2.25983 0.937941 -8.43156 -1.04083e-17 -3.46945e-18 0 0 -9.93094e-05 8.71049e-05 5.96409e-06 -38.2285 1 0 0 5.5058e-07 1.08309e-07 2.70897e-06
5765 101.184 0.00387552 2.25598e-05 6.74172e-07 2.10887e-08 2.18646e-05 9.51686e-10 0.00320159 0.274837 2.29038 1.45114 2.31954 2.25983 0.937941 -8.43156 -1.04083e-17 -3.46945e-18 0 0 -9.94085e-05 8.71658e-05 6.00643e-06 -38.2285 1 0 0 5.50467e-07 1.0828e-07 2.70768e-06
5770 101.203 0.00368558 2.25483e-05 6.73673e-07 2.10425e-08 2.18536e-05 9.51419e-10 0.00320159 0.274838 2.29038 1.45114 2.31954 2.25983 0.937941 -8.43156 -1.04083e-17 -3.46945e-18 0 0 -9.95124e-05 8.72289e-05 6.05118e-06 -38.2285 1 0 0 5.50362e-07 1.08251e-07 2.70646e-06
5775 101.221 0.00350495 2.25374e-05 6.73197e-07 2.09987e-08 2.18432e-05 9.51151e-10 0.00320159 0.274837 2.29038 1.45114 2.31954 2.25983 0.937941 -8.43156 -1.04083e-17 -3.46945e-18 0 0 -9.96218e-05 8.72946e-05 6.09868e-06 -38.2285 1 0 0 5.50265e-07 1.08222e-07 2.70529e-06
5780 101.238 0.00333317 2.25271e-05 6.72744e-07 2.09573e-08 2.18334e-05 9.50827e-10 0.00320159 0.274837 2.29038 1.45114 2.31954 2.25983 0.937941 -8.43156 -1.04083e-17 -3.46945e-18 0 0 -9.97371e-05 8.73626e-05 6.15018e-06 -38.2285 1 0 0 5.50172e-07 1.08192e-07 2.70419e-06
5785 101.254 0.00316981 2.25172e-05 6.7231e-07 2.0918e-08 2.1824e-05 9.50589e-10 0.00320159 0.274838 2.29038 1.45114 2.31954 2.25983 0.937941 -8.43156 -1.04083e-17 -3.46945e-18 0 0 -9.98593e-05 8.74346e-05 6.20376e-06 -38.2285 1 0 0 5.50089e-07 1.08163e-07 2.70314e-06
5790 101.269 0.00301446 2.25078e-05 6.71896e-07 2.08809e-08 2.18151e-05 9.50321e-10 0.00320159 0.274838 2.29038 1.45114 2.31954 2.25983 0.937941 -8.43155 -1.04083e-17 -3.46945e-18 0 0 -9.999e-05 8.7511e-05 6.26167e-06 -38.2284 1 0 0 5.50012e-07 1.08135e-07 2.70214e-06
5795 101.284 0.00286672 2.24989e-05 6.71501e-07 2.08459e-08 2.18066e-05 9.50049e-10 0.00320159 0.274837 2.29038 1.45114 2.31954 2.25983 0.937941 -8.43155 -1.04083e-17 -3.46945e-18 0 0 -0.00010013 8.75918e-05 6.32398e-06 -38.2284 1 0 0 5.49943e-07 1.08106e-07 2.70119e-06
5800 101.298 0.00272622 2.24905e-05 6.71123e-07 2.08127e-08 2.17985e-05 9.49773e-10 0.00320159 0.274838 2.29038 1.45114 2.31954 2.25983 0.937941 -8.43155 -1.04083e-17 -3.46945e-18 0 0 -0.00010028 8.76777e-05 6.39119e-06 -38.2284 1 0 0 5.4988e-07 1.08078e-07 2.70029e-06
5805 101.311 0.00259261 2.24824e-05 6.70761e-07 2.07813e-08 2.17909e-05 9.49492e-10 0.00320159 0.274837 2.29038 1.45114 2.31955 2.25983 0.937941 -8.43155 -1.04083e-17 -3.46945e-18 0 0 -0.000100441 8.77695e-05 6.46383e-06 -38.2284 1 0 0 5.49824e-07 1.08049e-07 2.69943e-06
5810 101.324 0.00246555 2.24747e-05 6.70415e-07 2.07517e-08 2.17836e-05 9.49205e-10 0.00320159 0.274838 2.29038 1.45114 2.31955 2.25983 0.937941 -8.43155 -1.04083e-17 -3.46945e-18 0 0 -0.000100614 8.78676e-05 6.5425e-06 -38.2284 1 0 0 5.49774e-07 1.0802e-07 2.69861e-06
5815 101.336 0.00234471 2.24674e-05 6.70084e-07 2.07237e-08 2.17766e-05 9.48911e-10 0.00320159 0.274837 2.29038 1.45114 2.31955 2.25983 0.937941 -8.43155 -1.04083e-17 -3.46945e-18 0 0 -0.000100802 8.7973e-05 6.62787e-06 -38.2284 1 0 0 5.49731e-07 1.0799e-07 2.69784e-06
5820 101.347 0.0022298 2.24605e-05 6.69766e-07 2.06972e-08 2.177e-05 9.48607e-10 0.00320159 0.274837 2.29038 1.45114 2.31955 2.25983 0.937941 -8.43155 -1.04083e-17 -3.46945e-18 0 0 -0.000101005 8.80863e-05 6.72065e-06 -38.2284 1 0 0 5.49695e-07 1.0796e-07 2.6971e-06
5825 101.358 0.00212051 2.24539e-05 6.69461e-07 2.06723e-08 2.17637e-05 9.48292e-10 0.00320159 0.274837 2.29038 1.45114 2.31955 2.25983 0.937941 -8.43155 -1.04083e-17 -3.46945e-18 0 0 -0.000101225 8.82086e-05 6.82166e-06 -38.2284 1 0 0 5.49665e-07 1.07929e-07 2.6964e-06
5830 101.368 0.00201659 2.24476e-05 6.69167e-07 2.06488e-08 2.17578e-05 9.47965e-10 0.00320159 0.274838 2.29038 1.45114 2.31955 2.25983 0.937941 -8.43155 -1.04083e-17 -3.46945e-18 0 0 -0.000101465 8.83407e-05 6.93175e-06 -38.2284 1 0 0 5.49641e-07 1.07898e-07 2.69574e-06
5835 101.378 0.00191776 2.24416e-05 6.68886e-07 2.06267e-08 2.17521e-05 9.47623e-10 0.00320159 0.274837 2.29038 1.45114 2.31955 2.25983 0.937941 -8.43154 -1.04083e-17 -3.46945e-18 0 0 -0.000101725 8.84838e-05 7.0519e-06 -38.2284 1 0 0 5.49624e-07 1.07866e-07 2.69511e-06
5840 101.387 0.00182377 2.24359e-05 6.68615e-07 2.06059e-08 2.17467e-05 9.47264e-10 0.00320159 0.274837 2.29038 1.45114 2.31955 2.25983 0.937941 -8.43154 -1.04083e-17 -3.46945e-18 0 0 -0.000102008 8.8639e-05 7.18314e-06 -38.2284 1 0 0 5.49613e-07 1.07832e-07 2.69451e-06
5845 101.396 0.00173438 2.24305e-05 6.68353e-07 2.05863e-08 2.17415e-05 9.46886e-10 0.00320159 0.274838 2.29038 1.45114 2.31955 2.25983 0.937941 -8.43154 -1.04083e-17 -3.46945e-18 0 0 -0.000102317 8.88075e-05 7.32666e-06 -38.2284 1 0 0 5.49609e-07 1.07798e-07 2.69393e-06
5850 101.405 0.00164938 2.24253e-05 6.68101e-07 2.05679e-08 2.17366e-05 9.46486e-10 0.00320159 0.274837 2.29038 1.45114 2.31955 2.25983 0.937941 -8.43154 -1.04083e-17 -3.46945e-18 0 0 -0.000102654 8.89909e-05 7.48372e-06 -38.2284 1 0 0 5.49611e-07 1.07762e-07 2.69339e-06
5855 101.413 0.00156855 2.24204e-05 6.67858e-07 2.05507e-08 2.1732e-05 9.46062e-10 0.00320159 0.274838 2.29038 1.45114 2.31955 2.25983 0.937941 -8.43154 -1.04083e-17 -3.46945e-18 0 0 -0.000103023 8.91906e-05 7.6557e-06 -38.2284 1 0 0 5.49621e-07 1.07725e-07 2.69288e-06
5860 101.42 0.00149167 2.24157e-05 6.67622e-07 2.05346e-08 2.17275e-05 9.45611e-10 0.00320159 0.274838 2.29038 1.45114 2.31955 2.25983 0.937941 -8.43154 -1.04083e-17 -3.46945e-18 0 0 -0.000103426 8.94084e-05 7.84416e-06 -38.2284 1 0 0 5.49637e-07 1.07687e-07 2.69239e-06
5865 101.427 0.00141856 2.24112e-05 6.67394e-07 2.05195e-08 2.17233e-05 9.4513e-10 0.00320159 0.274838 2.29038 1.45114 2.31955 2.25983 0.937941 -8.43154 -1.04083e-17 -3.46945e-18 0 0 -0.000103867 8.96462e-05 8.0508e-06 -38.2284 1 0 0 5.4966e-07 1.07646e-07 2.69192e-06
5870 101.434 0.00134904 2.24069e-05 6.67173e-07 2.05054e-08 2.17192e-05 9.44615e-10 0.00320159 0.274837 2.29038 1.45114 2.31955 2.25983 0.937941 -8.43154 -1.04083e-17 -3.46945e-18 0 0 -0.00010435 8.99061e-05 8.27748e-06 -38.2284 1 0 0 5.4969e-07 1.07604e-07 2.69148e-06
5875 101.441 0.00128292 2.24028e-05 6.66958e-07 2.04923e-08 2.17154e-05 9.44062e-10 0.00320158 0.274838 2.29038 1.45114 2.31955 2.25983 0.937941 -8.43154 -1.04083e-17 -3.46945e-18 0 0 -0.000104879 9.01903e-05 8.52627e-06 -38.2284 1 0 0 5.49727e-07 1.07559e-07 2.69106e-06
5880 101.447 0.00122005 2.2399e-05 6.66749e-07 2.04801e-08 2.17117e-05 9.43467e-10 0.00320158 0.274837 2.29038 1.45114 2.31955 2.25983 0.937941 -8.43154 -1.04083e-17 -3.46945e-18 0 0 -0.000105459 9.05014e-05 8.79943e-06 -38.2284 1 0 0 5.49772e-07 1.07512e-07 2.69066e-06
5885 101.453 0.00116025 2.23952e-05 6.66546e-07 2.04688e-08 2.17082e-05 9.42825e-10 0.00320158 0.274837 2.29038 1.45114 2.31955 2.25983 0.937941 -8.43154 -1.04083e-17 -3.46945e-18 0 0 -0.000106096 9.08422e-05 9.09947e-06 -38.2284 1 0 0 5.49825e-07 1.07463e-07 2.69028e-06
5890 101.459 0.00110339 2.23918e-05 6.66347e-07 2.04582e-08 2.1705e-05 9.41934e-10 0.00320158 0.274838 2.29038 1.45114 2.31955 2.25983 0.937941 -8.43154 -1.04083e-17 -3.46945e-18 0 0 -0.000106783 9.12038e-05 9.43191e-06 -38.2284 1 0 0 5.49881e-07 1.07406e-07 2.68993e-06
5895 101.464 0.00104931 2.23884e-05 6.66153e-07 2.04487e-08 2.17018e-05 9.41331e-10 0.00320158 0.274837 2.29038 1.45114 2.31955 2.25983 0.937941 -8.43154 -1.04083e-17 -3.46945e-18 0 0 -0.000107554 9.16171e-05 9.79385e-06 -38.2284 1 0 0 5.4995e-07 1.07351e-07 2.68958e-06
5900 101.469 0.000997886 2.23851e-05 6.65962e-07 2.04399e-08 2.16987e-05 9.40529e-10 0.00320158 0.274837 2.29038 1.45114 2.31955 2.25983 0.937941 -8.43154 -1.04083e-17 -3.46945e-18 0 0 -0.000108398 9.20671e-05 1.01919e-05 -38.2284 1 0 0 5.50028e-07 1.07292e-07 2.68926e-06
5905 101.474 0.00094898 2.2382e-05 6.65775e-07 2.0432e-08 2.16958e-05 9.39657e-10 0.00320158 0.274837 2.29038 1.45114 2.31955 2.25983 0.937941 -8.43154 -1.04083e-17 -3.46945e-18 0 0 -0.000109324 9.25612e-05 1.06298e-05 -38.2284 1 0 0 5.50115e-07 1.0723e-07 2.68895e-06
5910 101.479 0.00090247 2.2379e-05 6.65591e-07 2.04247e-08 2.1693e-05 9.38709e-10 0.00320158 0.274838 2.29038 1.45114 2.31955 2.25983 0.937941 -8.43153 -1.04083e-17 -3.46945e-18 0 0 -0.000110343 9.3104e-05 1.11114e-05 -38.2284 1 0 0 5.50211e-07 1.07164e-07 2.68866e-06
5915 101.483 0.00085824 2.23762e-05 6.6541e-07 2.04183e-08 2.16904e-05 9.37679e-10 0.00320158 0.274838 2.29038 1.45114 2.31955 2.25983 0.937941 -8.43153 -1.04083e-17 -3.46945e-18 0 0 -0.000111464 9.37005e-05 1.16413e-05 -38.2284 1 0 0 5.50317e-07 1.07093e-07 2.68838e-06
5920 101.487 0.000816178 2.23734e-05 6.65231e-07 2.04125e-08 2.16878e-05 9.36559e-10 0.00320158 0.274838 2.29038 1.45114 2.31955 2.25983 0.937941 -8.43153 -1.04083e-17 -3.46945e-18 0 0 -0.000112697 9.43565e-05 1.22243e-05 -38.2284 1 0 0 5.50433e-07 1.07019e-07 2.68812e-06
5925 101.491 0.000776177 2.23708e-05 6.65054e-07 2.04074e-08 2.16854e-05 9.3534e-10 0.00320158 0.274837 2.29038 1.45114 2.31955 2.25983 0.937941 -8.43153 -1.04083e-17 -3.46945e-18 0 0 -0.000114053 9.50782e-05 1.2866e-05 -38.2284 1 0 0 5.50561e-07 1.06939e-07 2.68787e-06
5930 101.495 0.000738137 2.23683e-05 6.64878e-07 2.04031e-08 2.1683e-05 9.34014e-10 0.00320158 0.274837 2.29038 1.45114 2.31955 2.25983 0.937941 -8.43153 -1.04083e-17 -3.46945e-18 0 0 -0.000115546 9.58723e-05 1.35723e-05 -38.2283 1 0 0 5.50699e-07 1.06855e-07 2.68764e-06
5935 101.498 0.000701961 2.23659e-05 6.64704e-07 2.03993e-08 2.16808e-05 9.32571e-10 0.00320158 0.274837 2.29038 1.45114 2.31955 2.25983 0.937941 -8.43153 -1.04083e-17 -3.46945e-18 0 0 -0.00011719 9.67467e-05 1.43498e-05 -38.2283 1 0 0 5.50849e-07 1.06765e-07 2.68742e-06
5940 101.502 0.000667557 2.23636e-05 6.6453e-07 2.03963e-08 2.16787e-05 9.31e-10 0.00320158 0.274837 2.29038 1.45114 2.31955 2.25983 0.937941 -8.43153 -1.04083e-17 -3.46945e-18 0 0 -0.000119001 9.77095e-05 1.52058e-05 -38.2283 1 0 0 5.51012e-07 1.06669e-07 2.68721e-06
5945 101.505 0.000634841 2.23614e-05 6.64357e-07 2.03939e-08 2.16766e-05 9.2929e-10 0.00320158 0.274837 2.29038 1.45114 2.31955 2.25983 0.937941 -8.43153 -1.04083e-17 -3.46945e-18 0 0 -0.000120995 9.87703e-05 1.61484e-05 -38.2283 1 0 0 5.51188e-07 1.06568e-07 2.68702e-06
5950 101.508 0.000603727 2.23592e-05 6.64184e-07 2.03921e-08 2.16746e-05 9.27428e-10 0.00320158 0.274837 2.29038 1.45114 2.31955 2.25983 0.937941 -8.43153 -1.04083e-17 -3.46945e-18 0 0 -0.000123192 9.99391e-05 1.71865e-05 -38.2283 1 0 0 5.51377e-07 1.0646e-07 2.68684e-06
5955 101.511 0.000574138 2.23571e-05 6.64011e-07 2.03909e-08 2.16727e-05 9.25402e-10 0.00320158 0.274838 2.29038 1.45114 2.31955 2.25983 0.937941 -8.43153 -1.04083e-17 -3.46945e-18 0 0 -0.000125612 0.000101228 1.83298e-05 -38.2283 1 0 0 5.51582e-07 1.06345e-07 2.68667e-06
5960 101.514 0.000546 2.23551e-05 6.63837e-07 2.03904e-08 2.16709e-05 9.23196e-10 0.00320158 0.274837 2.29038 1.45114 2.31955 2.25983 0.937941 -8.43153 -1.04083e-17 -3.46945e-18 0 0 -0.00012828 0.000102648 1.95891e-05 -38.2283 1 0 0 5.51802e-07 1.06223e-07 2.68651e-06
5965 101.516 0.00051924 2.23532e-05 6.63662e-07 2.03905e-08 2.16692e-05 9.20796e-10 0.00320158 0.274838 2.29038 1.45114 2.31955 2.25983 0.937941 -8.43153 -1.04083e-17 -3.46945e-18 0 0 -0.000131221 0.000104215 2.09764e-05 -38.2283 1 0 0 5.52038e-07 1.06094e-07 2.68636e-06
5970 101.519 0.000493793 2.23514e-05 6.63486e-07 2.03912e-08 2.16675e-05 9.18184e-10 0.00320158 0.274837 2.29038 1.45114 2.31955 2.25983 0.937941 -8.43153 -1.04083e-17 -3.46945e-18 0 0 -0.000134464 0.000105943 2.25048e-05 -38.2283 1 0 0 5.52292e-07 1.05957e-07 2.68622e-06
5975 101.521 0.000469592 2.23496e-05 6.63308e-07 2.03925e-08 2.16659e-05 9.15343e-10 0.00320158 0.274837 2.29038 1.45114 2.31955 2.25983 0.937941 -8.43153 -1.04083e-17 -3.46945e-18 0 0 -0.000138039 0.000107849 2.41888e-05 -38.2283 1 0 0 5.52564e-07 1.05812e-07 2.6861e-06
5980 101.524 0.000446577 2.23481e-05 6.63131e-07 2.03938e-08 2.16645e-05 9.07334e-10 0.00320158 0.274838 2.29038 1.45114 2.31955 2.25983 0.937941 -8.43153 -1.04083e-17 -3.46945e-18 0 0 -0.00014184 0.000109816 2.60702e-05 -38.2283 1 0 0 5.52839e-07 1.05648e-07 2.68601e-06
5985 101.526 0.00042469 2.23464e-05 6.62949e-07 2.03963e-08 2.1663e-05 9.08643e-10 0.00320158 0.274838 2.29038 1.45114 2.31955 2.25983 0.937941 -8.43153 -1.04083e-17 -3.46945e-18 0 0 -0.000146237 0.000112186 2.81084e-05 -38.2283 1 0 0 5.53148e-07 1.05484e-07 2.68591e-06
5990 101.528 0.000403876 2.23447e-05 6.62764e-07 2.03995e-08 2.16615e-05 9.05195e-10 0.00320158 0.274837 2.29038 1.45114 2.31955 2.25983 0.937941 -8.43153 -1.04083e-17 -3.46945e-18 0 0 -0.000151044 0.000114759 3.03611e-05 -38.2283 1 0 0 5.53483e-07 1.05314e-07 2.68581e-06
5995 101.53 0.000384082 2.23431e-05 6.62577e-07 2.04034e-08 2.16601e-05 9.01272e-10 0.00320158 0.274837 2.29038 1.45114 2.31955 2.25983 0.937941 -8.43153 -1.04083e-17 -3.46945e-18 0 0 -0.000156338 0.000117591 3.28443e-05 -38.2283 1 0 0 5.53842e-07 1.05135e-07 2.68573e-06
6000 101.532 0.000365259 2.23415e-05 6.62387e-07 2.04079e-08 2.16587e-05 8.96986e-10 0.00320158 0.274837 2.29038 1.45114 2.31955 2.25983 0.937941 -8.43153 -1.04083e-17 -3.46945e-18 0 0 -0.000162178 0.000120718 3.55816e-05 -38.2283 1 0 0 5.54225e-07 1.04947e-07 2.68565e-06
6005 101.533 0.000347357 3.41637e-05 7.60896e-06 8.01943e-06 1.85353e-05 0.00583233 0.00320043 0.274563 2.28928 1.45114 2.31839 2.25879 0.938059 -8.38534 -1.04083e-17 -3.46945e-18 0 0 -3.72643 -4.10819 0.424427 -38.0503 1 0 0 0.000195058 0.000254492 6.63958e-06
6010 101.535 0.000330333 9.59192e-05 3.52639e-05 3.86594e-05 2.19959e-05 0.00679812 0.00319898 0.274219 2.2879 1.45114 2.31695 2.25748 0.938208 -8.34744 -1.04083e-17 -3.46945e-18 0 0 -3.93897 -4.30448 0.444655 -37.9147 1 0 0 0.00095598 0.00121989 2.23561e-05
6015 101.537 0.000314144 0.000204501 8.14222e-05 8.93384e-05 3.37402e-05 0.00764179 0.00319753 0.273876 2.28653 1.45114 2.31552 2.25617 0.938356 -8.31104 -1.04083e-17 -3.46945e-18 0 0 -4.1495 -4.52478 0.466723 -37.7857 1 0 0 0.00222816 0.00279978 4.9704e-05
6020 101.538 0.000298747 0.00035542 0.000144003 0.000157661 5.3756e-05 0.00851016 0.00319608 0.273532 2.28515 1.45114 2.31409 2.25485 0.938505 -8.27573 -1.04083e-17 -3.46945e-18 0 0 -4.36851 -4.75944 0.490376 -37.6614 1 0 0 0.00395278 0.00490513 8.80027e-05
6025 101.54 0.000284106 0.000545304 0.000221424 0.000241834 8.20462e-05 0.00945116 0.00319462 0.273188 2.28377 1.45114 2.31265 2.25354 0.938653 -8.24128 -1.04083e-17 -3.46945e-18 0 0 -4.59823 -5.00723 0.515487 -37.5409 1 0 0 0.00608437 0.00747066 0.000136633
6030 101.541 0.000270182 0.000771651 0.000312493 0.000340536 0.000118621 0.010485 0.00319317 0.272845 2.2824 1.45114 2.31122 2.25222 0.938801 -8.20753 -1.04083e-17 -3.46945e-18 0 0 -4.83966 -5.26837 0.542064 -37.4233 1 0 0 0.00858867 0.0104494 0.000195093
6035 101.542 0.00025694 0.00103264 0.000416329 0.000452813 0.000163498 0.0116248 0.00319172 0.272501 2.28102 1.45114 2.30979 2.25091 0.938949 -8.17435 -1.04083e-17 -3.46945e-18 0 0 -5.09354 -5.54341 0.570154 -37.3081 1 0 0 0.0114401 0.0138081 0.00026298
6040 101.544 0.000244348 0.00132697 0.000532291 0.000577986 0.000216695 0.0128829 0.00319026 0.272158 2.27965 1.45114 2.30836 2.24959 0.939098 -8.14164 -1.04083e-17 -3.46945e-18 0 0 -5.36055 -5.83303 0.599819 -37.1949 1 0 0 0.0146201 0.0175238 0.000339981
6045 101.545 0.000232372 0.00165377 0.000659933 0.000715598 0.000278236 0.0142719 0.00318881 0.271814 2.27827 1.45114 2.30693 2.24828 0.939246 -8.1093 -1.04083e-17 -3.46945e-18 0 0 -5.6414 -6.13796 0.631127 -37.0831 1 0 0 0.0181155 0.0215813 0.000425851
6050 101.546 0.000220984 0.00201247 0.000798964 0.000865363 0.000348147 0.0158056 0.00318736 0.271471 2.2769 1.45114 2.3055 2.24696 0.939395 -8.07724 -1.04083e-17 -3.46945e-18 0 0 -5.93681 -6.45899 0.664156 -36.9725 1 0 0 0.0219173 0.0259714 0.000520407
6055 101.547 0.000210153 0.0024028 0.000949215 0.00102713 0.000426454 0.0174991 0.0031859 0.271127 2.27552 1.45114 2.30407 2.24565 0.939544 -8.04541 -1.04083e-17 -3.46945e-18 0 0 -6.24756 -6.79696 0.698987 -36.8627 1 0 0 0.0260202 0.0306896 0.000623519
6060 101.548 0.000199854 0.00282465 0.00111062 0.00120085 0.000513184 0.0193691 0.00318445 0.270784 2.27414 1.45114 2.30264 2.24433 0.939693 -8.01373 -1.04083e-17 -3.46945e-18 0 0 -6.57444 -7.15275 0.735708 -36.7535 1 0 0 0.0304217 0.0357348 0.000735096
6065 101.549 0.000190059 0.00327812 0.00128318 0.00138657 0.000608367 0.0214342 0.00318299 0.27044 2.27277 1.45114 2.30121 2.24302 0.939843 -7.98215 -1.04083e-17 -3.46945e-18 0 0 -6.91831 -7.52729 0.774411 -36.6445 1 0 0 0.0351213 0.0411087 0.000855088
6070 101.55 0.000180744 0.00376341 0.00146699 0.00158439 0.000712033 0.0237146 0.00318154 0.270097 2.27139 1.45114 2.29978 2.2417 0.939992 -7.95062 -1.04083e-17 -3.46945e-18 0 0 -7.28004 -7.92155 0.815196 -36.5355 1 0 0 0.0401208 0.0468154 0.000983475
6075 101.551 0.000171886 0.00428087 0.00166217 0.00179449 0.000824213 0.0262328 0.00318008 0.269753 2.27002 1.45114 2.29835 2.24039 0.940142 -7.9191 -1.04083e-17 -3.46945e-18 0 0 -7.66058 -8.33656 0.858167 -36.4264 1 0 0 0.0454229 0.0528605 0.00112026
6080 101.552 0.000163462 0.00483091 0.0018689 0.00201707 0.000944938 0.0290137 0.00317863 0.269409 2.26864 1.45114 2.29692 2.23907 0.940292 -7.88756 -1.04083e-17 -3.46945e-18 0 0 -8.06091 -8.77343 0.903437 -36.3171 1 0 0 0.0510321 0.0592512 0.00126547
6085 101.552 0.00015545 0.00541402 0.00208739 0.00225239 0.00107424 0.0320845 0.00317717 0.269066 2.26727 1.45114 2.29549 2.23776 0.940442 -7.85595 -1.04083e-17 -3.46945e-18 0 0 -8.48206 -9.23327 0.951122 -36.2072 1 0 0 0.0569536 0.0659956 0.00141916
6090 101.553 0.000147832 0.00603076 0.00231789 0.00250072 0.00121215 0.0354755 0.00317572 0.268722 2.26589 1.45114 2.29406 2.23644 0.940593 -7.82425 -1.04083e-17 -3.46945e-18 0 0 -8.92512 -9.71731 1.00135 -36.0967 1 0 0 0.0631933 0.0731028 0.00158139
6095 101.554 0.000140587 0.00668173 0.00256065 0.00276237 0.00135871 0.0392201 0.00317427 0.268379 2.26452 1.45114 2.29263 2.23513 0.940743 -7.79243 -1.04083e-17 -3.46945e-18 0 0 -9.39122 -10.2268 1.05424 -35.9855 1 0 0 0.0697581 0.0805828 0.00175222
6100 101.555 0.000133696 0.00736757 0.00281597 0.00303765 0.00151395 0.0433551 0.00317281 0.268035 2.26314 1.45114 2.29119 2.23381 0.940894 -7.76047 -1.04083e-17 -3.46945e-18 0 0 -9.88157 -10.7631 1.10995 -35.8734 1 0 0 0.0766552 0.0884458 0.00193175
6105 101.555 0.000127144 0.00808897 0.00308415 0.00332692 0.00167789 0.0479211 0.00317136 0.267692 2.26176 1.45114 2.28976 2.2325 0.941046 -7.72834 -1.04083e-17 -3.46945e-18 0 0 -10.3974 -11.3276 1.16861 -35.7603 1 0 0 0.0838922 0.0967027 0.00212007
6110 101.556 0.000120913 0.00884662 0.00336551 0.00363052 0.00185059 0.0529629 0.0031699 0.267348 2.26039 1.45114 2.28833 2.23119 0.941197 -7.69602 -1.04083e-17 -3.46945e-18 0 0 -10.9401 -11.9218 1.23038 -35.6462 1 0 0 0.0914773 0.105365 0.00231728
6115 101.556 0.000114987 0.00964125 0.00366036 0.00394882 0.00203207 0.0585301 0.00316845 0.267005 2.25901 1.45114 2.2869 2.22987 0.941349 -7.6635 -1.04083e-17 -3.46945e-18 0 0 -11.5111 -12.5473 1.29542 -35.5309 1 0 0 0.0994188 0.114444 0.00252349
6120 101.557 0.000109351 0.0104736 0.00396905 0.0042822 0.00222237 0.0646773 0.00316699 0.266661 2.25764 1.45114 2.28547 2.22856 0.941501 -7.63075 -1.04083e-17 -3.46945e-18 0 0 -12.1117 -13.2056 1.3639 -35.4144 1 0 0 0.107725 0.123951 0.00273881
6125 101.558 0.000103992 0.0113445 0.00429192 0.00463103 0.00242152 0.0714647 0.00316554 0.266318 2.25626 1.45114 2.28404 2.22724 0.941653 -7.59777 -1.04083e-17 -3.46945e-18 0 0 -12.7436 -13.8986 1.43601 -35.2966 1 0 0 0.116405 0.133899 0.00296334
6130 101.558 9.88953e-05 0.0122546 0.0046293 0.00499569 0.00262957 0.0789589 0.00316409 0.265974 2.25489 1.45114 2.28261 2.22593 0.941805 -7.56454 -1.04083e-17 -3.46945e-18 0 0 -13.4084 -14.628 1.51192 -35.1773 1 0 0 0.125467 0.1443 0.00319722
6135 101.559 9.40484e-05 0.0132047 0.00498156 0.00537658 0.00284654 0.0872334 0.00316263 0.26563 2.25351 1.45114 2.28117 2.22462 0.941958 -7.53103 -1.04083e-17 -3.46945e-18 0 0 -14.1077 -15.3958 1.59185 -35.0567 1 0 0 0.134921 0.155166 0.00344055
6140 101.559 8.94391e-05 0.0141956 0.00534904 0.0057741 0.00307248 0.0963691 0.00316118 0.265287 2.25214 1.45114 2.27974 2.22331 0.942111 -7.49725 -1.04083e-17 -3.46945e-18 0 0 -14.8434 -16.204 1.67599 -34.9345 1 0 0 0.144774 0.166509 0.00369346
6145 101.559 8.50557e-05 0.0152281 0.0057321 0.00618862 0.00330742 0.106456 0.00315973 0.264943 2.25076 1.45114 2.27831 2.22199 0.942264 -7.46318 -1.04083e-17 -3.46945e-18 0 0 -15.6174 -17.0546 1.76457 -34.8108 1 0 0 0.155037 0.178341 0.00395606
6150 101.56 8.08871e-05 0.016303 0.00613109 0.00662055 0.0035514 0.117591 0.00315827 0.2646 2.24939 1.45114 2.27688 2.22068 0.942418 -7.42881 -1.04083e-17 -3.46945e-18 0 0 -16.4317 -17.95 1.85783 -34.6854 1 0 0 0.165718 0.190675 0.00422847
6155 101.56 7.69229e-05 0.0174211 0.00654635 0.00707027 0.00380447 0.129886 0.00315682 0.264256 2.24801 1.45114 2.27544 2.21937 0.942572 -7.39412 -1.04083e-17 -3.46945e-18 0 0 -17.2882 -18.8925 1.956 -34.5583 1 0 0 0.176825 0.203522 0.00451081
6160 101.561 7.31529e-05 0.0185831 0.00697825 0.00753818 0.00406664 0.143459 0.00315537 0.263913 2.24664 1.45114 2.27401 2.21806 0.942726 -7.35911 -1.04083e-17 -3.46945e-18 0 0 -18.1893 -19.8846 2.05935 -34.4295 1 0 0 0.188368 0.216896 0.00480318
6165 101.561 6.95677e-05 0.0197898 0.00742712 0.00802466 0.00433798 0.158443 0.00315392 0.263569 2.24526 1.45114 2.27258 2.21675 0.94288 -7.32377 -1.04083e-17 -3.46945e-18 0 0 -19.1373 -20.9289 2.16813 -34.2989 1 0 0 0.200356 0.230808 0.00510572
6170 101.561 6.61582e-05 0.0210419 0.00789331 0.00853011 0.0046185 0.174984 0.00315246 0.263226 2.24389 1.45114 2.27114 2.21543 0.943034 -7.28808 -1.04083e-17 -3.46945e-18 0 0 -20.1345 -22.0281 2.28265 -34.1664 1 0 0 0.212796 0.245271 0.00541852
6175 101.562 6.29158e-05 0.0223403 0.00837717 0.0090549 0.00490826 0.193245 0.00315101 0.262882 2.24251 1.45114 2.26971 2.21412 0.943189 -7.25204 -1.04083e-17 -3.46945e-18 0 0 -21.1835 -23.1851 2.40319 -34.032 1 0 0 0.225698 0.260296 0.00574169
6180 101.562 5.98323e-05 0.0236857 0.00887903 0.00959941 0.00520729 0.213403 0.00314956 0.262539 2.24114 1.45114 2.26828 2.21281 0.943344 -7.21564 -1.04083e-17 -3.46945e-18 0 0 -22.287 -24.403 2.53008 -33.8957 1 0 0 0.23907 0.275895 0.00607535
6185 101.562 5.68999e-05 0.0250789 0.00939922 0.010164 0.00551562 0.235655 0.00314811 0.262195 2.23976 1.45114 2.26684 2.2115 0.943499 -7.17886 -1.04083e-17 -3.46945e-18 0 0 -23.4479 -25.685 2.66363 -33.7574 1 0 0 0.25292 0.292079 0.0064196
6190 101.563 5.41112e-05 0.0265205 0.00993808 0.0107491 0.00583331 0.260219 0.00314665 0.261851 2.23839 1.45114 2.26541 2.21019 0.943655 -7.1417 -1.04083e-17 -3.46945e-18 0 0 -24.669 -27.0344 2.80421 -33.617 1 0 0 0.267255 0.308861 0.00677453
6195 101.563 5.14592e-05 0.0280113 0.0104959 0.011355 0.00616038 0.287333 0.0031452 0.261508 2.23701 1.45114 2.26397 2.20888 0.94381 -7.10415 -1.04083e-17 -3.46945e-18 0 0 -25.9535 -28.4549 2.95217 -33.4745 1 0 0 0.282085 0.326251 0.00714025
6200 101.563 4.89372e-05 0.029552 0.0110731 0.0119821 0.00649688 0.317263 0.00314375 0.261164 2.23564 1.45114 2.26254 2.20758 0.943966 -7.06619 -1.04083e-17 -3.46945e-18 0 0 -27.3047 -29.95 3.1079 -33.3298 1 0 0 0.297417 0.344262 0.00751685
6205 101.563 4.65388e-05 0.0311434 0.0116698 0.0126307 0.00684285 0.350299 0.0031423 0.260821 2.23426 1.45114 2.2611 2.20627 0.944123 -7.02782 -1.04083e-17 -3.46945e-18 0 0 -28.726 -31.5238 3.27181 -33.1829 1 0 0 0.313257 0.362902 0.00790442
6210 101.563 4.42579e-05 0.0327861 0.0122865 0.0133012 0.00719833 0.386765 0.00314085 0.260477 2.23289 1.45114 2.25967 2.20496 0.944279 -6.98903 -1.04083e-17 -3.46945e-18 0 0 -30.221 -33.1804 3.44432 -33.0337 1 0 0 0.329615 0.382185 0.00830305
6215 101.564 4.20889e-05 0.0344807 0.0129234 0.013994 0.00756335 0.427015 0.0031394 0.260134 2.23151 1.45114 2.25823 2.20365 0.944436 -6.94981 -1.04083e-17 -3.46945e-18 0 0 -31.7935 -34.9242 3.62587 -32.8822 1 0 0 0.346496 0.402119 0.00871283
6220 101.564 4.00261e-05 0.0362281 0.0135808 0.0147093 0.00793796 0.471441 0.00313795 0.25979 2.23014 1.45114 2.2568 2.20234 0.944593 -6.91014 -1.04083e-17 -3.46945e-18 0 0 -33.4476 -36.7597 3.81695 -32.7283 1 0 0 0.363908 0.422716 0.00913384
6225 101.564 3.80644e-05 0.0380287 0.0142591 0.0154474 0.0083222 0.520477 0.0031365 0.259447 2.22877 1.45114 2.25536 2.20104 0.94475 -6.87001 -1.04083e-17 -3.46945e-18 0 0 -35.1874 -38.6918 4.01803 -32.572 1 0 0 0.381858 0.443985 0.00956616
6230 101.564 3.61989e-05 0.0398833 0.0149584 0.0162088 0.0087161 0.574599 0.00313505 0.259103 2.22739 1.45114 2.25393 2.19973 0.944907 -6.82942 -1.04083e-17 -3.46945e-18 0 0 -37.0174 -40.7256 4.22965 -32.4131 1 0 0 0.400352 0.465936 0.0100099
6235 101.564 3.44248e-05 0.0417925 0.015679 0.0169937 0.00911972 0.634336 0.0031336 0.25876 2.22602 1.45114 2.25249 2.19843 0.945065 -6.78834 -1.04083e-17 -3.46945e-18 0 0 -38.9422 -42.8664 4.45235 -32.2516 1 0 0 0.419396 0.488579 0.010465
6240 101.565 3.27376e-05 0.0437568 0.0164213 0.0178024 0.00953308 0.700268 0.00313215 0.258416 2.22465 1.45114 2.25105 2.19712 0.945223 -6.74677 -1.04083e-17 -3.46945e-18 0 0 -40.9666 -45.1197 4.68669 -32.0875 1 0 0 0.438997 0.511923 0.0109317
6245 101.565 3.11331e-05 0.045777 0.0171855 0.0186353 0.00995624 0.773038 0.0031307 0.258072 2.22327 1.45114 2.24962 2.19582 0.945381 -6.7047 -1.04083e-17 -3.46945e-18 0 0 -43.0958 -47.4917 4.9333 -31.9206 1 0 0 0.459161 0.535978 0.01141
6250 101.565 3.02085e-05 0.0478535 0.0179717 0.0194926 0.0103892 0.838896 0.00312925 0.257729 2.2219 1.45114 2.24818 2.19451 0.945539 -6.66344 -1.04083e-17 -3.46945e-18 0 0 -44.9159 -49.4647 5.1464 -31.7574 1 0 0 0.479885 0.560745 0.0118997
6255 101.565 3.02085e-05 0.0499784 0.0187762 0.0203702 0.0108319 0.847567 0.0031278 0.257385 2.22053 1.45114 2.24675 2.19321 0.945698 -6.62766 -1.04083e-17 -3.46945e-18 0 0 -45.0393 -49.4405 5.16445 -31.6199 1 0 0 0.501051 0.586053 0.0123992
6260 101.565 3.02085e-05 0.0521449 0.0195961 0.0212644 0.0112844 0.854202 0.00312635 0.257042 2.21915 1.45114 2.24531 2.1919 0.945858 -6.59218 -1.04083e-17 -3.46945e-18 0 0 -45.1165 -49.4478 5.17199 -31.4836 1 0 0 0.522609 0.611809 0.0129094
6265 101.565 3.02085e-05 0.0543525 0.020431 0.0221747 0.0117467 0.859729 0.0031249 0.256698 2.21778 1.45114 2.24388 2.19059 0.946017 -6.55691 -1.04083e-17 -3.46945e-18 0 0 -45.1794 -49.4655 5.1774 -31.348 1 0 0 0.544551 0.638003 0.0134304
6270 101.566 3.02085e-05 0.0566008 0.0212808 0.023101 0.012219 0.864488 0.00312345 0.256355 2.2164 1.45114 2.24245 2.18928 0.946177 -6.5218 -1.04083e-17 -3.46945e-18 0 0 -45.235 -49.4884 5.18211 -31.213 1 0 0 0.566867 0.664624 0.0139621
6275 101.566 3.02085e-05 0.0588895 0.0221453 0.0240431 0.0127012 0.868662 0.003122 0.256011 2.21503 1.45114 2.24101 2.18797 0.946337 -6.48683 -1.04083e-17 -3.46945e-18 0 0 -45.2861 -49.5147 5.18657 -31.0784 1 0 0 0.58955 0.691663 0.0145041
6280 101.566 3.02085e-05 0.0612183 0.0230242 0.0250007 0.0131934 0.872366 0.00312055 0.255668 2.21366 1.45114 2.23958 2.18666 0.946498 -6.452 -1.04083e-17 -3.46945e-18 0 0 -45.3341 -49.5433 5.19096 -30.9441 1 0 0 0.612593 0.71911 0.0150564
6285 101.566 3.02085e-05 0.0635867 0.0239174 0.0259737 0.0136955 0.875685 0.00311909 0.255324 2.21228 1.45114 2.23815 2.18535 0.946658 -6.41728 -1.04083e-17 -3.46945e-18 0 0 -45.3798 -49.5736 5.19536 -30.8102 1 0 0 0.63599 0.746955 0.0156187
6290 101.566 3.02085e-05 0.0659945 0.0248248 0.026962 0.0142077 0.878679 0.00311764 0.25498 2.21091 1.45114 2.23672 2.18404 0.946819 -6.38268 -1.04083e-17 -3.46945e-18 0 0 -45.4238 -49.6052 5.1998 -30.6765 1 0 0 0.659733 0.775189 0.0161909
6295 101.566 3.02085e-05 0.0684414 0.0257461 0.0279652 0.01473 0.881397 0.00311619 0.254637 2.20954 1.45114 2.23529 2.18273 0.94698 -6.34819 -1.04083e-17 -3.46945e-18 0 0 -45.4664 -49.6378 5.20431 -30.5431 1 0 0 0.683817 0.803804 0.0167728
6300 101.566 3.02085e-05 0.070927 0.0266813 0.0289834 0.0152624 0.883879 0.00311474 0.254293 2.20816 1.45114 2.23386 2.18141 0.947141 -6.31379 -1.04083e-17 -3.46945e-18 0 0 -45.5079 -49.6712 5.20889 -30.41 1 0 0 0.708235 0.832791 0.0173643
6305 101.567 3.02085e-05 0.0734512 0.0276301 0.0300162 0.0158049 0.886157 0.00311329 0.25395 2.20679 1.45114 2.23243 2.1801 0.947302 -6.2795 -1.04083e-17 -3.46945e-18 0 0 -45.5484 -49.7052 5.21354 -30.277 1 0 0 0.732981 0.862142 0.0179652
6310 101.567 3.02085e-05 0.0760136 0.0285924 0.0310636 0.0163576 0.888258 0.00311184 0.253606 2.20542 1.45114 2.231 2.17879 0.947464 -6.24529 -1.04083e-17 -3.46945e-18 0 0 -45.5882 -49.7397 5.21825 -30.1442 1 0 0 0.758049 0.891849 0.0185754
6315 101.567 3.02085e-05 0.078614 0.0295681 0.0321254 0.0169204 0.890206 0.00311038 0.253263 2.20404 1.45114 2.22957 2.17748 0.947625 -6.21118 -1.04083e-17 -3.46945e-18 0 0 -45.6272 -49.7747 5.22304 -30.0116 1 0 0 0.783434 0.921905 0.0191949
6320 101.567 3.02085e-05 0.081252 0.0305571 0.0332014 0.0174936 0.892019 0.00310893 0.252919 2.20267 1.45114 2.22814 2.17617 0.947787 -6.17716 -1.04083e-17 -3.46945e-18 0 0 -45.6657 -49.81 5.22789 -29.8792 1 0 0 0.80913 0.9523 0.0198235
6325 101.567 3.02085e-05 0.0839274 0.031559 0.0342914 0.018077 0.893716 0.00310748 0.252576 2.2013 1.45114 2.22671 2.17485 0.947949 -6.14322 -1.04083e-17 -3.46945e-18 0 0 -45.7037 -49.8456 5.23279 -29.7469 1 0 0 0.835132 0.983029 0.020461
6330 101.567 3.02085e-05 0.08664 0.032574 0.0353954 0.0186707 0.895311 0.00310603 0.252232 2.19992 1.45114 2.22528 2.17354 0.948112 -6.10937 -1.04083e-17 -3.46945e-18 0 0 -45.7412 -49.8815 5.23776 -29.6148 1 0 0 0.861434 1.01408 0.0211075
6335 101.567 3.02085e-05 0.0893895 0.0336017 0.0365131 0.0192747 0.896816 0.00310458 0.251889 2.19855 1.45114 2.22386 2.17223 0.948274 -6.07559 -1.04083e-17 -3.46945e-18 0 0 -45.7784 -49.9175 5.24277 -29.4828 1 0 0 0.88803 1.04546 0.0217627
6340 101.568 3.02085e-05 0.0921756 0.0346421 0.0376444 0.0198892 0.898244 0.00310312 0.251545 2.19718 1.45114 2.22243 2.17092 0.948437 -6.0419 -1.04083e-17 -3.46945e-18 0 0 -45.8152 -49.9537 5.24783 -29.351 1 0 0 0.914917 1.07714 0.0224267
6345 101.568 3.02085e-05 0.0949982 0.035695 0.0387892 0.020514 0.899603 0.00310167 0.251201 2.1958 1.45114 2.221 2.16961 0.9486 -6.00829 -1.04083e-17 -3.46945e-18 0 0 -45.8517 -49.9901 5.25294 -29.2192 1 0 0 0.942088 1.10914 0.0230993
6350 101.568 3.02085e-05 0.0978569 0.0367603 0.0399473 0.0211493 0.900901 0.00310022 0.250858 2.19443 1.45114 2.21957 2.1683 0.948763 -5.97475 -1.04083e-17 -3.46945e-18 0 0 -45.8879 -50.0265 5.25809 -29.0876 1 0 0 0.969538 1.14143 0.0237804
6355 101.568 3.02085e-05 0.100752 0.0378379 0.0411186 0.0217951 0.902147 0.00309877 0.250514 2.19306 1.45114 2.21814 2.16698 0.948927 -5.94129 -1.04083e-17 -3.46945e-18 0 0 -45.9239 -50.063 5.26328 -28.9561 1 0 0 0.997263 1.17401 0.02447
6360 101.568 3.02085e-05 0.103682 0.0389276 0.0423029 0.0224515 0.903347 0.00309731 0.250171 2.19169 1.45114 2.21671 2.16567 0.949091 -5.90791 -1.04083e-17 -3.46945e-18 0 0 -45.9597 -50.0997 5.26851 -28.8247 1 0 0 1.02526 1.20687 0.0251679
6365 101.568 3.02085e-05 0.106648 0.0400293 0.0435001 0.0231183 0.904506 0.00309586 0.249827 2.19031 1.45114 2.21529 2.16436 0.949255 -5.8746 -1.04083e-17 -3.46945e-18 0 0 -45.9952 -50.1363 5.27377 -28.6933 1 0 0 1.05352 1.24002 0.0258742
6370 101.569 3.02085e-05 0.109649 0.041143 0.0447101 0.0237958 0.90563 0.00309441 0.249484 2.18894 1.45114 2.21386 2.16305 0.949419 -5.84136 -1.04083e-17 -3.46945e-18 0 0 -46.0306 -50.173 5.27907 -28.5621 1 0 0 1.08204 1.27344 0.0265886
6375 101.569 3.02085e-05 0.112685 0.0422683 0.0459328 0.024484 0.906722 0.00309296 0.24914 2.18757 1.45114 2.21243 2.16174 0.949583 -5.8082 -1.04083e-17 -3.46945e-18 0 0 -46.0659 -50.2097 5.2844 -28.431 1 0 0 1.11082 1.30713 0.0273112
6380 101.569 3.02085e-05 0.115756 0.0434054 0.047168 0.0251828 0.907786 0.0030915 0.248797 2.1862 1.45114 2.211 2.16042 0.949748 -5.7751 -1.04083e-17 -3.46945e-18 0 0 -46.1009 -50.2465 5.28976 -28.2999 1 0 0 1.13985 1.34108 0.0280419
6385 101.569 3.02085e-05 0.118862 0.044554 0.0484155 0.0258923 0.908826 0.00309005 0.248453 2.18482 1.45114 2.20958 2.15911 0.949913 -5.74208 -1.04083e-17 -3.46945e-18 0 0 -46.1358 -50.2832 5.29515 -28.169 1 0 0 1.16912 1.37529 0.0287805
6390 101.569 3.02085e-05 0.122002 0.0457139 0.0496753 0.0266126 0.909844 0.0030886 0.24811 2.18345 1.45114 2.20815 2.1578 0.950078 -5.70912 -1.04083e-17 -3.46945e-18 0 0 -46.1706 -50.32 5.30057 -28.0381 1 0 0 1.19864 1.40974 0.0295271
6395 101.569 3.02085e-05 0.125176 0.0468852 0.0509473 0.0273437 0.910843 0.00308715 0.247766 2.18208 1.45114 2.20672 2.15649 0.950243 -5.67624 -1.04083e-17 -3.46945e-18 0 0 -46.2053 -50.3567 5.30602 -27.9073 1 0 0 1.22839 1.44445 0.0302815
6400 101.569 3.02085e-05 0.128385 0.0480677 0.0522313 0.0280856 0.911825 0.00308569 0.247422 2.18071 1.45114 2.20529 2.15518 0.950409 -5.64342 -1.04083e-17 -3.46945e-18 0 0 -46.2399 -50.3935 5.31149 -27.7765 1 0 0 1.25839 1.47939 0.0310437
6405 101.57 3.02085e-05 0.131627 0.0492612 0.0535271 0.0288383 0.912792 0.00308424 0.247079 2.17934 1.45114 2.20387 2.15387 0.950574 -5.61067 -1.04083e-17 -3.46945e-18 0 0 -46.2743 -50.4302 5.31699 -27.6458 1 0 0 1.28861 1.51456 0.0318137
6410 101.57 3.02085e-05 0.134903 0.0504658 0.0548348 0.029602 0.913746 0.00308279 0.246735 2.17796 1.45114 2.20244 2.15256 0.95074 -5.57799 -1.04083e-17 -3.46945e-18 0 0 -46.3086 -50.4669 5.32251 -27.5152 1 0 0 1.31905 1.54997 0.0325912
6415 101.57 3.02085e-05 0.138212 0.0516811 0.0561541 0.0303766 0.914688 0.00308134 0.246392 2.17659 1.45114 2.20101 2.15124 0.950907 -5.54537 -1.04083e-17 -3.46945e-18 0 0 -46.3429 -50.5036 5.32806 -27.3846 1 0 0 1.34972 1.5856 0.0333764
6420 101.57 3.02085e-05 0.141554 0.0529072 0.057485 0.0311622 0.915619 0.00307988 0.246048 2.17522 1.45114 2.19959 2.14993 0.951073 -5.51282 -1.04083e-17 -3.46945e-18 0 0 -46.377 -50.5402 5.33363 -27.2541 1 0 0 1.3806 1.62144 0.034169
6425 101.57 3.02085e-05 0.14493 0.054144 0.0588273 0.0319588 0.91654 0.00307843 0.245705 2.17385 1.45114 2.19816 2.14862 0.95124 -5.48033 -1.04083e-17 -3.46945e-18 0 0 -46.4111 -50.5769 5.33922 -27.1237 1 0 0 1.4117 1.6575 0.0349692
6430 101.57 3.02085e-05 0.148339 0.0553913 0.060181 0.0327664 0.917453 0.00307698 0.245361 2.17248 1.45114 2.19674 2.14731 0.951407 -5.44791 -1.04083e-17 -3.46945e-18 0 0 -46.4451 -50.6135 5.34483 -26.9933 1 0 0 1.44301 1.69378 0.0357767
6435 101.57 3.02085e-05 0.15178 0.0566491 0.0615459 0.0335852 0.918358 0.00307553 0.245018 2.17111 1.45114 2.19531 2.146 0.951574 -5.41555 -1.04083e-17 -3.46945e-18 0 0 -46.479 -50.65 5.35047 -26.8629 1 0 0 1.47452 1.73025 0.0365915
6440 101.571 3.02085e-05 0.155254 0.0579172 0.0629219 0.0344151 0.919255 0.00307407 0.244674 2.16974 1.45114 2.19388 2.14469 0.951742 -5.38326 -1.04083e-17 -3.46945e-18 0 0 -46.5128 -50.6865 5.35613 -26.7326 1 0 0 1.50624 1.76693 0.0374136
6445 101.571 3.02085e-05 0.158761 0.0591955 0.0643089 0.0352562 0.920147 0.00307262 0.244331 2.16836 1.45114 2.19246 2.14338 0.95191 -5.35102 -1.04083e-17 -3.46945e-18 0 0 -46.5465 -50.723 5.36181 -26.6023 1 0 0 1.53816 1.8038 0.038243
6450 101.571 3.02085e-05 0.162299 0.060484 0.0657069 0.0361084 0.921032 0.00307117 0.243987 2.16699 1.45114 2.19103 2.14207 0.952078 -5.31885 -1.04083e-17 -3.46945e-18 0 0 -46.5801 -50.7594 5.36751 -26.4721 1 0 0 1.57026 1.84086 0.0390794
6455 101.571 3.02085e-05 0.16587 0.0617825 0.0671157 0.036972 0.921912 0.00306972 0.243643 2.16562 1.45114 2.18961 2.14076 0.952246 -5.28674 -1.04083e-17 -3.46945e-18 0 0 -46.6137 -50.7958 5.37323 -26.3418 1 0 0 1.60256 1.87811 0.039923
6460 101.571 3.02085e-05 0.169473 0.063091 0.0685351 0.0378468 0.922786 0.00306826 0.2433 2.16425 1.45114 2.18818 2.13945 0.952414 -5.25469 -1.04083e-17 -3.46945e-18 0 0 -46.6472 -50.8321 5.37897 -26.2117 1 0 0 1.63505 1.91554 0.0407736
6465 101.571 3.02085e-05 0.173108 0.0644094 0.0699653 0.038733 0.923656 0.00306681 0.242956 2.16288 1.45114 2.18676 2.13814 0.952583 -5.22271 -1.04083e-17 -3.46945e-18 0 0 -46.6806 -50.8684 5.38473 -26.0815 1 0 0 1.66772 1.95315 0.0416312
6470 101.572 3.02085e-05 0.176774 0.0657375 0.0714059 0.0396306 0.924522 0.00306536 0.242613 2.16151 1.45114 2.18533 2.13683 0.952752 -5.19078 -1.04083e-17 -3.46945e-18 0 0 -46.7139 -50.9047 5.39051 -25.9514 1 0 0 1.70057 1.99093 0.0424956
6475 101.572 3.02085e-05 0.180472 0.0670753 0.072857 0.0405395 0.925384 0.00306391 0.242269 2.16014 1.45114 2.18391 2.13552 0.952921 -5.15891 -1.04083e-17 -3.46945e-18 0 0 -46.7472 -50.9409 5.39631 -25.8213 1 0 0 1.7336 2.02888 0.043367
6480 101.572 3.02085e-05 0.184201 0.0684226 0.0743184 0.0414599 0.926241 0.00306245 0.241926 2.15877 1.45114 2.18248 2.13421 0.953091 -5.1271 -1.04083e-17 -3.46945e-18 0 0 -46.7804 -50.977 5.40213 -25.6912 1 0 0 1.7668 2.067 0.0442451
6485 101.572 3.02085e-05 0.187961 0.0697795 0.07579 0.0423919 0.927095 0.003061 0.241582 2.1574 1.45114 2.18106 2.1329 0.95326 -5.09535 -1.04083e-17 -3.46945e-18 0 0 -46.8135 -51.0131 5.40797 -25.5612 1 0 0 1.80017 2.10528 0.04513
6490 101.572 3.02085e-05 0.191753 0.0711458 0.0772719 0.0433353 0.927946 0.00305955 0.241239 2.15603 1.45114 2.17963 2.13159 0.95343 -5.06366 -1.04083e-17 -3.46945e-18 0 0 -46.8465 -51.0491 5.41382 -25.4312 1 0 0 1.83371 2.14372 0.0460216
6495 101.572 3.02085e-05 0.195576 0.0725214 0.0787638 0.0442903 0.928793 0.0030581 0.240895 2.15466 1.45114 2.17821 2.13028 0.953601 -5.03202 -1.04083e-17 -3.46945e-18 0 0 -46.8795 -51.0851 5.41969 -25.3011 1 0 0 1.86741 2.18231 0.0469199
6500 101.572 3.02085e-05 0.199429 0.0739063 0.0802656 0.045257 0.929637 0.00305665 0.240552 2.15329 1.45114 2.17679 2.12897 0.953771 -5.00044 -1.04083e-17 -3.46945e-18 0 0 -46.9124 -51.121 5.42558 -25.1711 1 0 0 1.90127 2.22105 0.0478247
6505 101.573 3.02085e-05 0.203313 0.0753003 0.0817774 0.0462353 0.930478 0.00305519 0.240208 2.15192 1.45114 2.17536 2.12766 0.953942 -4.96892 -1.04083e-17 -3.46945e-18 0 0 -46.9452 -51.1569 5.43149 -25.0411 1 0 0 1.93529 2.25995 0.0487361
6510 101.573 3.02085e-05 0.207228 0.0767034 0.083299 0.0472253 0.931315 0.00305374 0.239864 2.15055 1.45114 2.17394 2.12635 0.954113 -4.93746 -1.04083e-17 -3.46945e-18 0 0 -46.9779 -51.1927 5.43741 -24.9111 1 0 0 1.96946 2.29898 0.049654
6515 101.573 3.02085e-05 0.211173 0.0781155 0.0848304 0.0482271 0.93215 0.00305229 0.239521 2.14918 1.45114 2.17251 2.12504 0.954284 -4.90605 -1.04083e-17 -3.46945e-18 0 0 -47.0106 -51.2285 5.44335 -24.7811 1 0 0 2.00378 2.33815 0.0505783
6520 101.573 3.02085e-05 0.215149 0.0795366 0.0863714 0.0492406 0.932982 0.00305084 0.239177 2.14781 1.45114 2.17109 2.12373 0.954455 -4.87469 -1.04083e-17 -3.46945e-18 0 0 -47.0431 -51.2641 5.44931 -24.6511 1 0 0 2.03825 2.37746 0.051509
6525 101.573 3.02085e-05 0.219154 0.0809664 0.087922 0.050266 0.933811 0.00304939 0.238834 2.14645 1.45114 2.16967 2.12242 0.954627 -4.8434 -1.04083e-17 -3.46945e-18 0 0 -47.0756 -51.2998 5.45528 -24.5211 1 0 0 2.07286 2.41691 0.052446
6530 101.573 3.02085e-05 0.22319 0.0824051 0.089482 0.0513032 0.934637 0.00304794 0.23849 2.14508 1.45114 2.16824 2.12111 0.954799 -4.81215 -1.04083e-17 -3.46945e-18 0 0 -47.1081 -51.3353 5.46127 -24.3911 1 0 0 2.10762 2.45648 0.0533893
6535 101.573 3.02085e-05 0.227256 0.0838524 0.0910515 0.0523524 0.935461 0.00304648 0.238147 2.14371 1.45114 2.16682 2.1198 0.954971 -4.78096 -1.04083e-17 -3.46945e-18 0 0 -47.1404 -51.3709 5.46727 -24.2611 1 0 0 2.14251 2.49618 0.0543389
6540 101.574 3.02085e-05 0.231352 0.0853083 0.0926304 0.0534135 0.936281 0.00304503 0.237803 2.14234 1.45114 2.1654 2.1185 0.955144 -4.74982 -1.04083e-17 -3.46945e-18 0 0 -47.1727 -51.4063 5.47329 -24.1311 1 0 0 2.17754 2.536 0.0552946
6545 101.574 3.02085e-05 0.235478 0.0867728 0.0942185 0.0544866 0.937099 0.00304358 0.23746 2.14097 1.45114 2.16398 2.11719 0.955317 -4.71874 -1.04083e-17 -3.46945e-18 0 0 -47.2049 -51.4417 5.47933 -24.0011 1 0 0 2.2127 2.57595 0.0562565
6550 101.574 3.02085e-05 0.239633 0.0882457 0.0958158 0.0555717 0.937915 0.00304213 0.237116 2.1396 1.45114 2.16255 2.11588 0.95549 -4.68771 -1.04083e-17 -3.46945e-18 0 0 -47.237 -51.477 5.48538 -23.871 1 0 0 2.24799 2.61601 0.0572245
6555 101.574 3.02085e-05 0.243818 0.089727 0.0974223 0.0566689 0.938728 0.00304068 0.236773 2.13823 1.45114 2.16113 2.11457 0.955663 -4.65673 -1.04083e-17 -3.46945e-18 0 0 -47.269 -51.5122 5.49145 -23.741 1 0 0 2.28341 2.65618 0.0581986
6560 101.574 3.02085e-05 0.248033 0.0912167 0.0990378 0.0577782 0.939538 0.00303923 0.236429 2.13687 1.45114 2.15971 2.11326 0.955836 -4.62581 -1.04083e-17 -3.46945e-18 0 0 -47.3009 -51.5474 5.49753 -23.6109 1 0 0 2.31895 2.69647 0.0591787
6565 101.574 3.02085e-05 0.252277 0.0927146 0.100662 0.0588997 0.940345 0.00303778 0.236085 2.1355 1.45114 2.15829 2.11195 0.95601 -4.59494 -1.04083e-17 -3.46945e-18 0 0 -47.3328 -51.5825 5.50362 -23.4808 1 0 0 2.35461 2.73687 0.0601647
6570 101.574 3.02085e-05 0.25655 0.0942207 0.102296 0.0600334 0.94115 0.00303633 0.235742 2.13413 1.45114 2.15687 2.11065 0.956184 -4.56411 -1.04083e-17 -3.46945e-18 0 0 -47.3646 -51.6176 5.50973 -23.3507 1 0 0 2.39039 2.77736 0.0611566
6575 101.575 3.02085e-05 0.260852 0.0957349 0.103938 0.0611793 0.941952 0.00303488 0.235398 2.13276 1.45114 2.15545 2.10934 0.956358 -4.53334 -1.04083e-17 -3.46945e-18 0 0 -47.3963 -51.6525 5.51585 -23.2206 1 0 0 2.42628 2.81797 0.0621545
6580 101.575 3.02085e-05 0.265184 0.0972571 0.105589 0.0623376 0.942751 0.00303343 0.235055 2.1314 1.45114 2.15402 2.10803 0.956533 -4.50262 -1.04083e-17 -3.46945e-18 0 0 -47.4279 -51.6874 5.52199 -23.0904 1 0 0 2.46229 2.85867 0.0631581
6585 101.575 3.02085e-05 0.269544 0.0987874 0.107249 0.0635082 0.943548 0.00303198 0.234711 2.13003 1.45114 2.1526 2.10672 0.956708 -4.47195 -1.04083e-17 -3.46945e-18 0 0 -47.4594 -51.7223 5.52814 -22.9602 1 0 0 2.49841 2.89947 0.0641676
6590 101.575 3.02085e-05 0.273934 0.100326 0.108917 0.0646911 0.944342 0.00303053 0.234368 2.12866 1.45114 2.15118 2.10542 0.956883 -4.44133 -1.04083e-17 -3.46945e-18 0 0 -47.4908 -51.757 5.5343 -22.8299 1 0 0 2.53464 2.94036 0.0651828
6595 101.575 3.02085e-05 0.278352 0.101872 0.110594 0.0658865 0.945134 0.00302908 0.234024 2.1273 1.45114 2.14976 2.10411 0.957058 -4.41076 -1.04083e-17 -3.46945e-18 0 0 -47.5222 -51.7917 5.54048 -22.6997 1 0 0 2.57097 2.98135 0.0662037
6600 101.575 3.02085e-05 0.282799 0.103425 0.11228 0.0670943 0.945923 0.00302763 0.233681 2.12593 1.45114 2.14834 2.1028 0.957234 -4.38024 -1.04083e-17 -3.46945e-18 0 0 -47.5534 -51.8263 5.54667 -22.5694 1 0 0 2.60741 3.02242 0.0672302
6605 101.576 3.02085e-05 0.287275 0.104987 0.113974 0.0683147 0.946709 0.00302618 0.233337 2.12456 1.45114 2.14692 2.1015 0.95741 -4.34977 -1.04083e-17 -3.46945e-18 0 0 -47.5846 -51.8608 5.55287 -22.439 1 0 0 2.64394 3.06358 0.0682625
6610 101.576 3.02085e-05 0.29178 0.106556 0.115676 0.0695476 0.947492 0.00302473 0.232993 2.1232 1.45114 2.1455 2.10019 0.957586 -4.31935 -1.04083e-17 -3.46945e-18 0 0 -47.6157 -51.8953 5.55908 -22.3086 1 0 0 2.68057 3.10483 0.0693002
6615 101.576 3.02085e-05 0.296313 0.108133 0.117387 0.0707931 0.948273 0.00302328 0.23265 2.12183 1.45114 2.14408 2.09888 0.957762 -4.28897 -1.04083e-17 -3.46945e-18 0 0 -47.6466 -51.9296 5.56531 -22.1782 1 0 0 2.7173 3.14616 0.0703436
6620 101.576 3.02085e-05 0.300874 0.109717 0.119106 0.0720513 0.94905 0.00302183 0.232306 2.12047 1.45114 2.14266 2.09758 0.957939 -4.25864 -1.04083e-17 -3.46945e-18 0 0 -47.6775 -51.9639 5.57154 -22.0477 1 0 0 2.75412 3.18756 0.0713924
6625 101.576 3.02085e-05 0.305464 0.111309 0.120833 0.0733221 0.949825 0.00302038 0.231963 2.1191 1.45114 2.14124 2.09627 0.958116 -4.22836 -1.04083e-17 -3.46945e-18 0 0 -47.7083 -51.9981 5.57779 -21.9172 1 0 0 2.79104 3.22905 0.0724468
6630 101.576 3.02085e-05 0.310083 0.112908 0.122569 0.0746057 0.950598 0.00301893 0.231619 2.11773 1.45114 2.13982 2.09497 0.958293 -4.19813 -1.04083e-17 -3.46945e-18 0 0 -47.739 -52.0322 5.58406 -21.7867 1 0 0 2.82804 3.2706 0.0735065
6635 101.576 3.02085e-05 0.314729 0.114515 0.124312 0.075902 0.951367 0.00301748 0.231276 2.11637 1.45114 2.13841 2.09366 0.958471 -4.16795 -1.04083e-17 -3.46945e-18 0 0 -47.7696 -52.0663 5.59033 -21.656 1 0 0 2.86512 3.31223 0.0745717
6640 101.577 3.02085e-05 0.319404 0.116129 0.126064 0.0772112 0.952134 0.00301603 0.230932 2.115 1.45114 2.13699 2.09236 0.958648 -4.13781 -1.04083e-17 -3.46945e-18 0 0 -47.8002 -52.1002 5.59661 -21.5254 1 0 0 2.90229 3.35393 0.0756423
6645 101.577 3.02085e-05 0.324107 0.11775 0.127823 0.0785332 0.952898 0.00301458 0.230589 2.11364 1.45114 2.13557 2.09105 0.958826 -4.10771 -1.04083e-17 -3.46945e-18 0 0 -47.8306 -52.1341 5.60291 -21.3946 1 0 0 2.93955 3.3957 0.0767181
6650 101.577 3.02085e-05 0.328838 0.119379 0.129591 0.0798682 0.953659 0.00301313 0.230245 2.11227 1.45114 2.13415 2.08975 0.959005 -4.07767 -1.04083e-17 -3.46945e-18 0 0 -47.8609 -52.1679 5.60921 -21.2638 1 0 0 2.97688 3.43753 0.0777993
6655 101.577 3.02085e-05 0.333597 0.121015 0.131366 0.0812161 0.954417 0.00301169 0.229902 2.11091 1.45114 2.13273 2.08844 0.959183 -4.04767 -1.04083e-17 -3.46945e-18 0 0 -47.8911 -52.2015 5.61553 -21.133 1 0 0 3.01429 3.47943 0.0788857
6660 101.577 3.02085e-05 0.338384 0.122657 0.13315 0.082577 0.955172 0.00301024 0.229558 2.10955 1.45114 2.13131 2.08714 0.959362 -4.01771 -1.04083e-17 -3.46945e-18 0 0 -47.9212 -52.2351 5.62185 -21.0021 1 0 0 3.05177 3.52139 0.0799774
6665 101.577 3.02085e-05 0.343199 0.124307 0.134941 0.0839509 0.955924 0.00300879 0.229214 2.10818 1.45114 2.1299 2.08583 0.959541 -3.9878 -1.04083e-17 -3.46945e-18 0 0 -47.9512 -52.2686 5.62819 -20.8711 1 0 0 3.08932 3.56341 0.0810742
6670 101.577 3.02085e-05 0.348042 0.125964 0.13674 0.0853379 0.956673 0.00300734 0.228871 2.10682 1.45114 2.12848 2.08453 0.95972 -3.95794 -1.04083e-17 -3.46945e-18 0 0 -47.9811 -52.302 5.63453 -20.74 1 0 0 3.12695 3.60548 0.0821762
6675 101.578 3.02085e-05 0.352912 0.127628 0.138546 0.0867381 0.957419 0.00300589 0.228527 2.10545 1.45114 2.12706 2.08322 0.9599 -3.92812 -1.04083e-17 -3.46945e-18 0 0 -48.0109 -52.3354 5.64088 -20.6089 1 0 0 3.16465 3.64762 0.0832833
6680 101.578 3.02085e-05 0.357811 0.129298 0.140361 0.0881514 0.958162 0.00300445 0.228184 2.10409 1.45114 2.12565 2.08192 0.96008 -3.89834 -1.04083e-17 -3.46945e-18 0 0 -48.0406 -52.3686 5.64725 -20.4778 1 0 0 3.20241 3.6898 0.0843956
6685 101.578 3.02085e-05 0.362737 0.130976 0.142183 0.089578 0.958902 0.003003 0.22784 2.10273 1.45114 2.12423 2.08062 0.96026 -3.86861 -1.04083e-17 -3.46945e-18 0 0 -48.0702 -52.4017 5.65362 -20.3465 1 0 0 3.24023 3.73203 0.0855129
6690 101.578 3.02085e-05 0.36769 0.13266 0.144012 0.0910179 0.959639 0.00300155 0.227497 2.10137 1.45114 2.12281 2.07931 0.96044 -3.83892 -1.04083e-17 -3.46945e-18 0 0 -48.0996 -52.4347 5.66 -20.2152 1 0 0 3.27812 3.77432 0.0866352
6695 101.578 3.02085e-05 0.372671 0.134351 0.145849 0.092471 0.960373 0.00300011 0.227153 2.1 1.45114 2.1214 2.07801 0.960621 -3.80927 -1.04083e-17 -3.46945e-18 0 0 -48.129 -52.4676 5.66639 -20.0838 1 0 0 3.31607 3.81665 0.0877626
6700 101.578 3.02085e-05 0.37768 0.136049 0.147693 0.0939376 0.961104 0.00299866 0.22681 2.09864 1.45114 2.11998 2.07671 0.960802 -3.77967 -1.04083e-17 -3.46945e-18 0 0 -48.1582 -52.5004 5.67279 -19.9523 1 0 0 3.35408 3.85903 0.0888949
6705 101.579 3.02085e-05 0.382716 0.137754 0.149545 0.0954175 0.961832 0.00299721 0.226466 2.09728 1.45114 2.11857 2.0754 0.960983 -3.75012 -1.04083e-17 -3.46945e-18 0 0 -48.1873 -52.5331 5.6792 -19.8207 1 0 0 3.39214 3.90145 0.0900322
6710 101.579 3.02085e-05 0.38778 0.139465 0.151404 0.0969109 0.962556 0.00299577 0.226123 2.09592 1.45114 2.11715 2.0741 0.961165 -3.7206 -1.04083e-17 -3.46945e-18 0 0 -48.2164 -52.5657 5.68561 -19.6891 1 0 0 3.43026 3.94392 0.0911744
6715 101.579 3.02085e-05 0.392871 0.141182 0.153271 0.0984178 0.963277 0.00299432 0.225779 2.09455 1.45114 2.11573 2.0728 0.961347 -3.69113 -1.04083e-17 -3.46945e-18 0 0 -48.2453 -52.5982 5.69203 -19.5573 1 0 0 3.46843 3.98642 0.0923215
6720 101.579 3.02085e-05 0.397989 0.142907 0.155145 0.0999382 0.963995 0.00299288 0.225435 2.09319 1.45114 2.11432 2.0715 0.961529 -3.6617 -1.04083e-17 -3.46945e-18 0 0 -48.274 -52.6306 5.69846 -19.4255 1 0 0 3.50666 4.02897 0.0934735
6725 101.579 3.02085e-05 0.403135 0.144637 0.157026 0.101472 0.96471 0.00299143 0.225092 2.09183 1.45114 2.11291 2.0702 0.961711 -3.63231 -1.04083e-17 -3.46945e-18 0 0 -48.3027 -52.6629 5.7049 -19.2936 1 0 0 3.54493 4.07155 0.0946303
6730 101.579 3.02085e-05 0.408308 0.146374 0.158914 0.10302 0.965421 0.00298998 0.224748 2.09047 1.45114 2.11149 2.06889 0.961894 -3.60296 -1.04083e-17 -3.46945e-18 0 0 -48.3312 -52.695 5.71134 -19.1616 1 0 0 3.58325 4.11416 0.0957919
6735 101.579 3.02085e-05 0.413509 0.148118 0.160809 0.104581 0.966129 0.00298854 0.224405 2.08911 1.45114 2.11008 2.06759 0.962076 -3.57366 -1.04083e-17 -3.46945e-18 0 0 -48.3596 -52.7271 5.71779 -19.0296 1 0 0 3.62161 4.15681 0.0969583
6740 101.58 3.02085e-05 0.418736 0.149868 0.162712 0.106156 0.966833 0.00298709 0.224061 2.08775 1.45114 2.10866 2.06629 0.96226 -3.5444 -1.04083e-17 -3.46945e-18 0 0 -48.3879 -52.759 5.72425 -18.8974 1 0 0 3.66002 4.19949 0.0981295
6745 101.58 3.02085e-05 0.423991 0.151624 0.164621 0.107745 0.967535 0.00298565 0.223718 2.08639 1.45114 2.10725 2.06499 0.962443 -3.51518 -1.04083e-17 -3.46945e-18 0 0 -48.4161 -52.7908 5.73071 -18.7651 1 0 0 3.69847 4.2422 0.0993055
6750 101.58 3.02085e-05 0.429273 0.153387 0.166538 0.109348 0.968232 0.00298421 0.223374 2.08503 1.45114 2.10584 2.06369 0.962627 -3.486 -1.04083e-17 -3.46945e-18 0 0 -48.4441 -52.8225 5.73718 -18.6327 1 0 0 3.73696 4.28494 0.100486
6755 101.58 3.02085e-05 0.434582 0.155155 0.168462 0.110965 0.968926 0.00298276 0.223031 2.08367 1.45114 2.10442 2.06239 0.962811 -3.45686 -1.04083e-17 -3.46945e-18 0 0 -48.472 -52.8541 5.74366 -18.5003 1 0 0 3.77549 4.32771 0.101671
6760 101.58 3.02085e-05 0.439918 0.15693 0.170392 0.112595 0.969617 0.00298132 0.222687 2.08231 1.45114 2.10301 2.06109 0.962995 -3.42776 -1.04083e-17 -3.46945e-18 0 0 -48.4998 -52.8855 5.75014 -18.3677 1 0 0 3.81406 4.3705 0.102861
6765 101.58 3.02085e-05 0.445281 0.158711 0.17233 0.11424 0.970304 0.00297987 0.222344 2.08095 1.45114 2.1016 2.05979 0.963179 -3.3987 -1.04083e-17 -3.46945e-18 0 0 -48.5274 -52.9168 5.75662 -18.235 1 0 0 3.85266 4.41332 0.104056
6770 101.58 3.02085e-05 0.450671 0.160498 0.174274 0.115898 0.970988 0.00297843 0.222 2.07959 1.45114 2.10019 2.05849 0.963364 -3.36969 -1.04083e-17 -3.46945e-18 0 0 -48.5549 -52.948 5.76311 -18.1023 1 0 0 3.8913 4.45616 0.105255
6775 101.581 3.02085e-05 0.456088 0.162292 0.176225 0.117571 0.971668 0.00297699 0.221656 2.07823 1.45114 2.09877 2.05719 0.963549 -3.34071 -1.04083e-17 -3.46945e-18 0 0 -48.5823 -52.979 5.76961 -17.9694 1 0 0 3.92997 4.49902 0.106459
6780 101.581 3.02085e-05 0.461532 0.164091 0.178183 0.119257 0.972344 0.00297555 0.221313 2.07688 1.45114 2.09736 2.05589 0.963735 -3.31177 -1.04083e-17 -3.46945e-18 0 0 -48.6095 -53.01 5.77611 -17.8364 1 0 0 3.96866 4.5419 0.107668
6785 101.581 3.02085e-05 0.467003 0.165896 0.180148 0.120958 0.973017 0.0029741 0.220969 2.07552 1.45114 2.09595 2.05459 0.96392 -3.28288 -1.04083e-17 -3.46945e-18 0 0 -48.6366 -53.0408 5.78261 -17.7033 1 0 0 4.00739 4.5848 0.108881
6790 101.581 3.02085e-05 0.4725 0.167708 0.18212 0.122673 0.973686 0.00297266 0.220626 2.07416 1.45114 2.09454 2.05329 0.964106 -3.25402 -1.04083e-17 -3.46945e-18 0 0 -48.6635 -53.0714 5.78912 -17.5701 1 0 0 4.04614 4.62771 0.110098
6795 101.581 3.02085e-05 0.478025 0.169525 0.184098 0.124402 0.974351 0.00297122 0.220282 2.0728 1.45114 2.09313 2.052 0.964292 -3.2252 -1.04083e-17 -3.46945e-18 0 0 -48.6903 -53.1019 5.79564 -17.4368 1 0 0 4.08492 4.67064 0.11132
6800 101.581 3.02085e-05 0.483577 0.171348 0.186083 0.126146 0.975012 0.00296978 0.219939 2.07145 1.45114 2.09172 2.0507 0.964479 -3.19642 -1.04083e-17 -3.46945e-18 0 0 -48.7169 -53.1323 5.80215 -17.3034 1 0 0 4.12373 4.71359 0.112547
6805 101.582 3.02085e-05 0.489155 0.173177 0.188074 0.127904 0.975669 0.00296834 0.219595 2.07009 1.45114 2.09031 2.0494 0.964666 -3.16769 -1.04083e-17 -3.46945e-18 0 0 -48.7434 -53.1625 5.80867 -17.1699 1 0 0 4.16256 4.75654 0.113778
6810 101.582 3.02085e-05 0.49476 0.175012 0.190072 0.129676 0.976323 0.00296689 0.219252 2.06873 1.45114 2.0889 2.0481 0.964853 -3.13899 -1.04083e-17 -3.46945e-18 0 0 -48.7698 -53.1926 5.81519 -17.0362 1 0 0 4.2014 4.79951 0.115014
6815 101.582 3.02085e-05 0.500392 0.176852 0.192077 0.131463 0.976973 0.00296545 0.218908 2.06738 1.45114 2.08749 2.04681 0.96504 -3.11033 -1.04083e-17 -3.46945e-18 0 0 -48.7959 -53.2225 5.82172 -16.9025 1 0 0 4.24027 4.84249 0.116254
6820 101.582 3.02085e-05 0.506051 0.178699 0.194088 0.133264 0.977618 0.00296401 0.218565 2.06602 1.45114 2.08608 2.04551 0.965228 -3.08171 -1.04083e-17 -3.46945e-18 0 0 -48.822 -53.2523 5.82825 -16.7686 1 0 0 4.27916 4.88548 0.117498
6825 101.582 3.02085e-05 0.511736 0.180551 0.196106 0.13508 0.97826 0.00296257 0.218221 2.06467 1.45114 2.08467 2.04421 0.965415 -3.05312 -1.04083e-17 -3.46945e-18 0 0 -48.8478 -53.282 5.83477 -16.6346 1 0 0 4.31806 4.92847 0.118747
6830 101.582 3.02085e-05 0.517449 0.182409 0.19813 0.13691 0.978898 0.00296113 0.217877 2.06331 1.45114 2.08326 2.04292 0.965604 -3.02458 -1.04083e-17 -3.46945e-18 0 0 -48.8736 -53.3114 5.84131 -16.5005 1 0 0 4.35698 4.97147 0.12
6835 101.582 3.02085e-05 0.523187 0.184272 0.20016 0.138755 0.979531 0.00295969 0.217534 2.06196 1.45114 2.08186 2.04162 0.965792 -2.99608 -1.04083e-17 -3.46945e-18 0 0 -48.8991 -53.3407 5.84784 -16.3662 1 0 0 4.39591 5.01447 0.121258
6840 101.583 3.02085e-05 0.528953 0.186141 0.202197 0.140615 0.980161 0.00295825 0.21719 2.0606 1.45114 2.08045 2.04033 0.965981 -2.96761 -1.04083e-17 -3.46945e-18 0 0 -48.9245 -53.3699 5.85437 -16.2318 1 0 0 4.43485 5.05748 0.12252
6845 101.583 3.02085e-05 0.534745 0.188016 0.20424 0.142489 0.980786 0.00295682 0.216847 2.05925 1.45114 2.07904 2.03903 0.96617 -2.93918 -1.04083e-17 -3.46945e-18 0 0 -48.9497 -53.3989 5.86091 -16.0973 1 0 0 4.47381 5.10048 0.123787
6850 101.583 3.02085e-05 0.540564 0.189896 0.206289 0.144379 0.981407 0.00295538 0.216503 2.05789 1.45114 2.07763 2.03774 0.966359 -2.9108 -1.04083e-17 -3.46945e-18 0 0 -48.9747 -53.4277 5.86745 -15.9627 1 0 0 4.51277 5.14349 0.125057
6855 101.583 3.02085e-05 0.54641 0.191782 0.208345 0.146283 0.982024 0.00295394 0.21616 2.05654 1.45114 2.07623 2.03644 0.966548 -2.88245 -1.04083e-17 -3.46945e-18 0 0 -48.9996 -53.4564 5.87398 -15.8279 1 0 0 4.55174 5.1865 0.126332
6860 101.583 3.02085e-05 0.552282 0.193673 0.210407 0.148201 0.982636 0.0029525 0.215816 2.05519 1.45114 2.07482 2.03515 0.966738 -2.85413 -1.04083e-17 -3.46945e-18 0 0 -49.0243 -53.4849 5.88052 -15.6931 1 0 0 4.59073 5.22951 0.127612
6865 101.583 3.02085e-05 0.55818 0.19557 0.212475 0.150135 0.983245 0.00295106 0.215473 2.05383 1.45114 2.07341 2.03386 0.966928 -2.82586 -1.04083e-17 -3.46945e-18 0 0 -49.0488 -53.5132 5.88706 -15.5581 1 0 0 4.62971 5.27251 0.128895
6870 101.583 3.02085e-05 0.564105 0.197472 0.21455 0.152084 0.983848 0.00294963 0.215129 2.05248 1.45114 2.07201 2.03256 0.967119 -2.79762 -1.04083e-17 -3.46945e-18 0 0 -49.0731 -53.5413 5.8936 -15.4229 1 0 0 4.6687 5.31551 0.130183
6875 101.584 3.02085e-05 0.570057 0.199379 0.21663 0.154048 0.984448 0.00294819 0.214786 2.05113 1.45114 2.0706 2.03127 0.967309 -2.76943 -1.04083e-17 -3.46945e-18 0 0 -49.0973 -53.5693 5.90013 -15.2876 1 0 0 4.70769 5.3585 0.131476
6880 101.584 3.02085e-05 0.576036 0.201292 0.218717 0.156027 0.985043 0.00294675 0.214442 2.04978 1.45114 2.0692 2.02998 0.9675 -2.74127 -1.04083e-17 -3.46945e-18 0 0 -49.1212 -53.597 5.90667 -15.1522 1 0 0 4.74669 5.40149 0.132772
6885 101.584 3.02085e-05 0.58204 0.20321 0.220809 0.158021 0.985633 0.00294532 0.214098 2.04843 1.45114 2.06779 2.02868 0.967691 -2.71315 -1.04083e-17 -3.46945e-18 0 0 -49.145 -53.6246 5.9132 -15.0167 1 0 0 4.78569 5.44447 0.134073
6890 101.584 3.02085e-05 0.588072 0.205134 0.222908 0.16003 0.986219 0.00294388 0.213755 2.04708 1.45114 2.06639 2.02739 0.967883 -2.68506 -1.04083e-17 -3.46945e-18 0 0 -49.1686 -53.652 5.91974 -14.881 1 0 0 4.82468 5.48744 0.135378
6895 101.584 3.02085e-05 0.59413 0.207063 0.225013 0.162054 0.9868 0.00294245 0.213411 2.04573 1.45114 2.06499 2.0261 0.968075 -2.65702 -1.04083e-17 -3.46945e-18 0 0 -49.192 -53.6792 5.92627 -14.7452 1 0 0 4.86367 5.5304 0.136687
6900 101.584 3.02085e-05 0.600214 0.208997 0.227124 0.164093 0.987377 0.00294101 0.213068 2.04438 1.45114 2.06358 2.02481 0.968267 -2.62901 -1.04083e-17 -3.46945e-18 0 0 -49.2151 -53.7062 5.93279 -14.6092 1 0 0 4.90266 5.57334 0.138001
6905 101.585 3.02085e-05 0.606325 0.210936 0.22924 0.166148 0.987949 0.00293958 0.212724 2.04303 1.45114 2.06218 2.02352 0.968459 -2.60104 -1.04083e-17 -3.46945e-18 0 0 -49.2381 -53.733 5.93932 -14.4731 1 0 0 4.94165 5.61628 0.139318
6910 101.585 3.02085e-05 0.612462 0.212881 0.231363 0.168218 0.988516 0.00293814 0.212381 2.04168 1.45114 2.06078 2.02223 0.968652 -2.57311 -1.04083e-17 -3.46945e-18 0 0 -49.2609 -53.7596 5.94584 -14.3369 1 0 0 4.98063 5.6592 0.14064
6915 101.585 3.02085e-05 0.618626 0.21483 0.233491 0.170304 0.989078 0.00293671 0.212037 2.04033 1.45114 2.05938 2.02094 0.968845 -2.54521 -1.04083e-17 -3.46945e-18 0 0 -49.2834 -53.786 5.95236 -14.2005 1 0 0 5.0196 5.70211 0.141966
6920 101.585 3.02085e-05 0.624816 0.216785 0.235626 0.172405 0.989636 0.00293527 0.211694 2.03898 1.45114 2.05797 2.01965 0.969038 -2.51736 -1.04083e-17 -3.46945e-18 0 0 -49.3058 -53.8122 5.95888 -14.064 1 0 0 5.05856 5.745 0.143296
6925 101.585 3.02085e-05 0.631033 0.218745 0.237766 0.174522 0.990189 0.00293384 0.21135 2.03763 1.45114 2.05657 2.01836 0.969231 -2.48954 -1.04083e-17 -3.46945e-18 0 0 -49.3279 -53.8382 5.96539 -13.9273 1 0 0 5.09752 5.78787 0.144631
6930 101.585 3.02085e-05 0.637275 0.22071 0.239912 0.176654 0.990736 0.00293241 0.211006 2.03628 1.45114 2.05517 2.01707 0.969425 -2.46176 -1.04083e-17 -3.46945e-18 0 0 -49.3498 -53.8639 5.9719 -13.7905 1 0 0 5.13646 5.83072 0.145969
6935 101.585 3.02085e-05 0.643545 0.22268 0.242063 0.178801 0.991279 0.00293098 0.210663 2.03494 1.45114 2.05377 2.01578 0.969619 -2.43401 -1.04083e-17 -3.46945e-18 0 0 -49.3715 -53.8894 5.9784 -13.6535 1 0 0 5.1754 5.87356 0.147312
6940 101.586 3.02085e-05 0.64984 0.224655 0.244221 0.180965 0.991817 0.00292955 0.210319 2.03359 1.45114 2.05237 2.01449 0.969813 -2.40631 -1.04083e-17 -3.46945e-18 0 0 -49.393 -53.9147 5.9849 -13.5164 1 0 0 5.21432 5.91637 0.148659
6945 101.586 3.02085e-05 0.656163 0.226635 0.246384 0.183143 0.99235 0.00292811 0.209976 2.03224 1.45114 2.05097 2.01321 0.970008 -2.37864 -1.04083e-17 -3.46945e-18 0 0 -49.4142 -53.9398 5.99139 -13.3792 1 0 0 5.25322 5.95917 0.15001
6950 101.586 3.02085e-05 0.662511 0.22862 0.248553 0.185338 0.992877 0.00292668 0.209632 2.0309 1.45114 2.04957 2.01192 0.970203 -2.35101 -1.04083e-17 -3.46945e-18 0 0 -49.4352 -53.9646 5.99788 -13.2418 1 0 0 5.29211 6.00194 0.151365
6955 101.586 3.02085e-05 0.668886 0.23061 0.250727 0.187549 0.9934 0.00292525 0.209289 2.02955 1.45114 2.04817 2.01063 0.970398 -2.32342 -1.04083e-17 -3.46945e-18 0 0 -49.456 -53.9892 6.00436 -13.1042 1 0 0 5.33099 6.04468 0.152724
6960 101.586 3.02085e-05 0.675287 0.232605 0.252907 0.189775 0.993917 0.00292382 0.208945 2.02821 1.45114 2.04677 2.00935 0.970593 -2.29587 -1.04083e-17 -3.46945e-18 0 0 -49.4765 -54.0136 6.01083 -12.9665 1 0 0 5.36984 6.0874 0.154088
6965 101.586 3.02085e-05 0.681714 0.234605 0.255092 0.192017 0.994429 0.00292239 0.208602 2.02686 1.45114 2.04538 2.00806 0.970789 -2.26836 -1.04083e-17 -3.46945e-18 0 0 -49.4968 -54.0377 6.0173 -12.8287 1 0 0 5.40868 6.1301 0.155455
6970 101.586 3.02085e-05 0.688168 0.236609 0.257283 0.194275 0.994936 0.00292096 0.208258 2.02552 1.45114 2.04398 2.00678 0.970985 -2.24088 -1.04083e-17 -3.46945e-18 0 0 -49.5168 -54.0616 6.02376 -12.6907 1 0 0 5.4475 6.17276 0.156827
6975 101.587 3.02085e-05 0.694648 0.238619 0.25948 0.196549 0.995437 0.00291954 0.207915 2.02417 1.45114 2.04258 2.00549 0.971181 -2.21344 -1.04083e-17 -3.46945e-18 0 0 -49.5366 -54.0852 6.03021 -12.5525 1 0 0 5.48629 6.2154 0.158203
6980 101.587 3.02085e-05 0.701154 0.240633 0.261682 0.198839 0.995933 0.00291811 0.207571 2.02283 1.45114 2.04119 2.00421 0.971378 -2.18604 -1.04083e-17 -3.46945e-18 0 0 -49.5561 -54.1085 6.03665 -12.4142 1 0 0 5.52507 6.25801 0.159582
6985 101.587 3.02085e-05 0.707686 0.242652 0.263889 0.201145 0.996423 0.00291668 0.207227 2.02149 1.45114 2.03979 2.00292 0.971575 -2.15868 -1.04083e-17 -3.46945e-18 0 0 -49.5753 -54.1316 6.04308 -12.2758 1 0 0 5.56382 6.30059 0.160966
6990 101.587 3.02085e-05 0.714245 0.244676 0.266102 0.203467 0.996908 0.00291525 0.206884 2.02015 1.45114 2.03839 2.00164 0.971772 -2.13136 -1.04083e-17 -3.46945e-18 0 0 -49.5943 -54.1544 6.04951 -12.1372 1 0 0 5.60255 6.34313 0.162354
6995 101.587 3.02085e-05 0.720829 0.246704 0.26832 0.205805 0.997388 0.00291383 0.20654 2.0188 1.45114 2.037 2.00036 0.971969 -2.10407 -1.04083e-17 -3.46945e-18 0 0 -49.613 -54.1769 6.05592 -11.9984 1 0 0 5.64125 6.38565 0.163746
7000 101.587 3.02085e-05 0.72744 0.248737 0.270544 0.20816 0.997862 0.0029124 0.206197 2.01746 1.45114 2.03561 1.99908 0.972167 -2.07683 -1.04083e-17 -3.46945e-18 0 0 -49.6314 -54.1992 6.06233 -11.8595 1 0 0 5.67993 6.42813 0.165142
7005 101.588 3.02085e-05 0.734077 0.250775 0.272772 0.21053 0.99833 0.00291097 0.205853 2.01612 1.45114 2.03421 1.99779 0.972365 -2.04962 -1.04083e-17 -3.46945e-18 0 0 -49.6496 -54.2211 6.06872 -11.7205 1 0 0 5.71857 6.47057 0.166543
7010 101.588 3.02085e-05 0.740741 0.252817 0.275006 0.212917 0.998792 0.00290955 0.20551 2.01478 1.45114 2.03282 1.99651 0.972563 -2.02245 -1.04083e-17 -3.46945e-18 0 0 -49.6674 -54.2428 6.0751 -11.5812 1 0 0 5.75719 6.51298 0.167947
7015 101.588 3.02085e-05 0.74743 0.254864 0.277246 0.21532 0.999249 0.00290813 0.205166 2.01344 1.45114 2.03142 1.99523 0.972761 -1.99533 -1.04083e-17 -3.46945e-18 0 0 -49.685 -54.2642 6.08147 -11.4419 1 0 0 5.79578 6.55535 0.169355
7020 101.588 3.02085e-05 0.754146 0.256916 0.27949 0.21774 0.9997 0.0029067 0.204823 2.0121 1.45114 2.03003 1.99395 0.97296 -1.96824 -1.04083e-17 -3.46945e-18 0 0 -49.7023 -54.2853 6.08783 -11.3023 1 0 0 5.83434 6.59768 0.170768
7025 101.588 3.02085e-05 0.760887 0.258972 0.28174 0.220176 1.00015 0.00290528 0.204479 2.01077 1.45114 2.02864 1.99267 0.973159 -1.94119 -1.04083e-17 -3.46945e-18 0 0 -49.7192 -54.306 6.09418 -11.1627 1 0 0 5.87287 6.63997 0.172184
7030 101.588 3.02085e-05 0.767655 0.261032 0.283994 0.222628 1.00058 0.00290385 0.204136 2.00943 1.45114 2.02725 1.99139 0.973358 -1.91418 -1.04083e-17 -3.46945e-18 0 0 -49.7359 -54.3265 6.10051 -11.0228 1 0 0 5.91136 6.68222 0.173604
7035 101.588 3.02085e-05 0.774449 0.263097 0.286254 0.225097 1.00102 0.00290243 0.203792 2.00809 1.45114 2.02586 1.99011 0.973558 -1.88721 -1.04083e-17 -3.46945e-18 0 0 -49.7522 -54.3466 6.10682 -10.8828 1 0 0 5.94982 6.72443 0.175029
7040 101.589 3.02085e-05 0.781268 0.265167 0.288519 0.227583 1.00145 0.00290101 0.203448 2.00675 1.45114 2.02447 1.98884 0.973758 -1.86027 -1.04083e-17 -3.46945e-18 0 0 -49.7682 -54.3664 6.11313 -10.7427 1 0 0 5.98824 6.7666 0.176458
7045 101.589 3.02085e-05 0.788114 0.267241 0.290788 0.230085 1.00187 0.00289959 0.203105 2.00542 1.45114 2.02308 1.98756 0.973958 -1.83338 -1.04083e-17 -3.46945e-18 0 0 -49.7839 -54.3859 6.11942 -10.6024 1 0 0 6.02663 6.80872 0.17789
7050 101.589 3.02085e-05 0.794986 0.269319 0.293063 0.232603 1.00228 0.00289817 0.202761 2.00408 1.45114 2.02169 1.98628 0.974158 -1.80653 -1.04083e-17 -3.46945e-18 0 0 -49.7992 -54.405 6.12569 -10.4619 1 0 0 6.06498 6.8508 0.179327
7055 101.589 3.02085e-05 0.801883 0.271402 0.295343 0.235139 1.00269 0.00289675 0.202418 2.00275 1.45114 2.0203 1.98501 0.974359 -1.77972 -1.04083e-17 -3.46945e-18 0 0 -49.8143 -54.4238 6.13194 -10.3213 1 0 0 6.10329 6.89283 0.180768
7060 101.589 3.02085e-05 0.808807 0.273489 0.297627 0.237691 1.0031 0.00289533 0.202074 2.00141 1.45114 2.01891 1.98373 0.97456 -1.75295 -1.04083e-17 -3.46945e-18 0 0 -49.8289 -54.4422 6.13818 -10.1806 1 0 0 6.14157 6.93481 0.182212
7065 101.589 3.02085e-05 0.815756 0.27558 0.299917 0.240259 1.00349 0.00289391 0.201731 2.00008 1.45114 2.01752 1.98246 0.974761 -1.72622 -1.04083e-17 -3.46945e-18 0 0 -49.8432 -54.4603 6.14441 -10.0396 1 0 0 6.1798 6.97674 0.183661
7070 101.589 3.02085e-05 0.822731 0.277676 0.302211 0.242845 1.00388 0.00289249 0.201387 1.99874 1.45114 2.01614 1.98118 0.974963 -1.69954 -1.04083e-17 -3.46945e-18 0 0 -49.8572 -54.478 6.15061 -9.89857 1 0 0 6.21799 7.01862 0.185114
7075 101.59 3.02085e-05 0.829732 0.279775 0.30451 0.245447 1.00427 0.00289108 0.201044 1.99741 1.45114 2.01475 1.97991 0.975165 -1.67289 -1.04083e-17 -3.46945e-18 0 0 -49.8708 -54.4953 6.15679 -9.75734 1 0 0 6.25614 7.06045 0.186571
7080 101.59 3.02085e-05 0.836759 0.281879 0.306813 0.248066 1.00465 0.00288966 0.2007 1.99608 1.45114 2.01337 1.97863 0.975367 -1.64629 -1.04083e-17 -3.46945e-18 0 0 -49.884 -54.5123 6.16296 -9.61596 1 0 0 6.29424 7.10223 0.188032
7085 101.59 3.02085e-05 0.843812 0.283988 0.309122 0.250703 1.00502 0.00288824 0.200357 1.99475 1.45114 2.01198 1.97736 0.975569 -1.61972 -1.04083e-17 -3.46945e-18 0 0 -49.8969 -54.5288 6.1691 -9.47442 1 0 0 6.3323 7.14395 0.189496
7090 101.59 3.02085e-05 0.85089 0.2861 0.311435 0.253356 1.00538 0.00288683 0.200013 1.99342 1.45114 2.0106 1.97609 0.975772 -1.5932 -1.04083e-17 -3.46945e-18 0 0 -49.9093 -54.545 6.17523 -9.33273 1 0 0 6.37031 7.18562 0.190965
7095 101.59 3.02085e-05 0.857994 0.288216 0.313752 0.256026 1.00574 0.00288541 0.199669 1.99209 1.45114 2.00921 1.97482 0.975974 -1.56672 -1.04083e-17 -3.46945e-18 0 0 -49.9214 -54.5607 6.18133 -9.19089 1 0 0 6.40827 7.22724 0.192438
7100 101.59 3.02085e-05 0.865124 0.290337 0.316074 0.258713 1.0061 0.002884 0.199326 1.99076 1.45114 2.00783 1.97355 0.976178 -1.54028 -1.04083e-17 -3.46945e-18 0 0 -49.933 -54.5761 6.18741 -9.04889 1 0 0 6.44619 7.26879 0.193915
7105 101.59 3.02085e-05 0.872279 0.292461 0.318401 0.261417 1.00644 0.00288258 0.198982 1.98943 1.45114 2.00645 1.97228 0.976381 -1.51389 -1.04083e-17 -3.46945e-18 0 0 -49.9443 -54.591 6.19346 -8.90674 1 0 0 6.48406 7.31029 0.195396
7110 101.591 3.02085e-05 0.87946 0.29459 0.320732 0.264138 1.00678 0.00288117 0.198639 1.9881 1.45114 2.00506 1.97101 0.976585 -1.48754 -1.04083e-17 -3.46945e-18 0 0 -49.9551 -54.6055 6.19949 -8.76444 1 0 0 6.52187 7.35172 0.196881
7115 101.591 3.02085e-05 0.886666 0.296723 0.323067 0.266876 1.00712 0.00287976 0.198295 1.98677 1.45114 2.00368 1.96974 0.976789 -1.46123 -1.04083e-17 -3.46945e-18 0 0 -49.9655 -54.6195 6.2055 -8.62199 1 0 0 6.55964 7.3931 0.19837
7120 101.591 3.02085e-05 0.893897 0.298859 0.325407 0.269632 1.00745 0.00287835 0.197952 1.98545 1.45114 2.0023 1.96847 0.976993 -1.43497 -1.04083e-17 -3.46945e-18 0 0 -49.9754 -54.6331 6.21148 -8.47939 1 0 0 6.59735 7.43441 0.199863
7125 101.591 3.02085e-05 0.901154 0.300999 0.327751 0.272404 1.00777 0.00287694 0.197608 1.98412 1.45114 2.00092 1.96721 0.977197 -1.40875 -1.04083e-17 -3.46945e-18 0 0 -49.985 -54.6463 6.21743 -8.33664 1 0 0 6.63501 7.47566 0.20136
7130 101.591 3.02085e-05 0.908437 0.303144 0.330099 0.275194 1.00808 0.00287553 0.197265 1.9828 1.45114 1.99954 1.96594 0.977402 -1.38257 -1.04083e-17 -3.46945e-18 0 0 -49.994 -54.659 6.22336 -8.19375 1 0 0 6.67261 7.51684 0.202861
7135 101.591 3.02085e-05 0.915745 0.305292 0.332452 0.278001 1.00839 0.00287412 0.196921 1.98147 1.45114 1.99817 1.96467 0.977607 -1.35644 -1.04083e-17 -3.46945e-18 0 0 -50.0026 -54.6711 6.22926 -8.0507 1 0 0 6.71016 7.55795 0.204366
7140 101.592 3.02085e-05 0.923078 0.307443 0.334809 0.280826 1.00869 0.00287271 0.196578 1.98015 1.45114 1.99679 1.96341 0.977812 -1.33036 -1.04083e-17 -3.46945e-18 0 0 -50.0108 -54.6829 6.23513 -7.90751 1 0 0 6.74765 7.599 0.205875
7145 101.592 3.02085e-05 0.930436 0.309599 0.337169 0.283667 1.00898 0.0028713 0.196234 1.97882 1.45114 1.99541 1.96215 0.978018 -1.30432 -1.04083e-17 -3.46945e-18 0 0 -50.0184 -54.6941 6.24096 -7.76418 1 0 0 6.78508 7.63998 0.207387
7150 101.592 3.02085e-05 0.937819 0.311758 0.339534 0.286526 1.00927 0.00286989 0.19589 1.9775 1.45114 1.99403 1.96088 0.978224 -1.27832 -1.04083e-17 -3.46945e-18 0 0 -50.0256 -54.7048 6.24677 -7.6207 1 0 0 6.82245 7.68088 0.208904
7155 101.592 3.02085e-05 0.945227 0.313921 0.341903 0.289403 1.00955 0.00286849 0.195547 1.97618 1.45114 1.99266 1.95962 0.97843 -1.25237 -1.04083e-17 -3.46945e-18 0 0 -50.0322 -54.7149 6.25254 -7.47708 1 0 0 6.85976 7.72172 0.210425
7160 101.592 3.02085e-05 0.952661 0.316088 0.344276 0.292297 1.00983 0.00286708 0.195203 1.97486 1.45114 1.99128 1.95836 0.978636 -1.22647 -1.04083e-17 -3.46945e-18 0 0 -50.0383 -54.7246 6.25828 -7.33332 1 0 0 6.89701 7.76248 0.21195
7165 101.592 3.02085e-05 0.960119 0.318258 0.346653 0.295208 1.0101 0.00286568 0.19486 1.97354 1.45114 1.98991 1.9571 0.978843 -1.20062 -1.04083e-17 -3.46945e-18 0 0 -50.044 -54.7337 6.26399 -7.18941 1 0 0 6.93419 7.80316 0.213479
7170 101.592 3.02085e-05 0.967602 0.320432 0.349033 0.298137 1.01036 0.00286428 0.194516 1.97222 1.45114 1.98854 1.95584 0.979049 -1.17481 -1.04083e-17 -3.46945e-18 0 0 -50.049 -54.7422 6.26966 -7.04537 1 0 0 6.97131 7.84377 0.215012
7175 101.593 3.02085e-05 0.97511 0.322609 0.351418 0.301083 1.01062 0.00286287 0.194173 1.9709 1.45114 1.98717 1.95458 0.979257 -1.14905 -1.04083e-17 -3.46945e-18 0 0 -50.0536 -54.7502 6.27529 -6.90119 1 0 0 7.00837 7.8843 0.216549
7180 101.593 3.02085e-05 0.982642 0.32479 0.353806 0.304047 1.01087 0.00286147 0.193829 1.96959 1.45114 1.98579 1.95332 0.979464 -1.12334 -1.04083e-17 -3.46945e-18 0 0 -50.0576 -54.7576 6.28089 -6.75688 1 0 0 7.04535 7.92475 0.21809
7185 101.593 3.02085e-05 0.990199 0.326974 0.356197 0.307028 1.01111 0.00286007 0.193486 1.96827 1.45114 1.98442 1.95206 0.979671 -1.09767 -1.04083e-17 -3.46945e-18 0 0 -50.061 -54.7644 6.28644 -6.61243 1 0 0 7.08227 7.96512 0.219634
7190 101.593 3.02085e-05 0.997781 0.329161 0.358593 0.310027 1.01135 0.00285867 0.193142 1.96695 1.45114 1.98305 1.95081 0.979879 -1.07206 -1.04083e-17 -3.46945e-18 0 0 -50.0638 -54.7706 6.29196 -6.46785 1 0 0 7.11912 8.0054 0.221183
7195 101.593 3.02085e-05 1.00539 0.331352 0.360991 0.313044 1.01158 0.00285727 0.192799 1.96564 1.45114 1.98168 1.94955 0.980087 -1.0465 -1.04083e-17 -3.46945e-18 0 0 -50.066 -54.7762 6.29743 -6.32314 1 0 0 7.1559 8.0456 0.222736
7200 101.593 3.02085e-05 1.01302 0.333546 0.363394 0.316078 1.0118 0.00285587 0.192455 1.96433 1.45114 1.98032 1.9483 0.980296 -1.02098 -1.04083e-17 -3.46945e-18 0 0 -50.0676 -54.7811 6.30286 -6.17831 1 0 0 7.19261 8.08572 0.224292
7205 101.593 3.02085e-05 1.02067 0.335743 0.365799 0.319129 1.01202 0.00285448 0.192111 1.96301 1.45114 1.97895 1.94704 0.980504 -0.995518 -1.04083e-17 -3.46945e-18 0 0 -50.0686 -54.7854 6.30825 -6.03334 1 0 0 7.22924 8.12575 0.225853
7210 101.594 3.02085e-05 1.02835 0.337944 0.368208 0.322199 1.01223 0.00285308 0.191768 1.9617 1.45114 1.97758 1.94579 0.980713 -0.970105 -1.04083e-17 -3.46945e-18 0 0 -50.069 -54.7891 6.31359 -5.88826 1 0 0 7.2658 8.16568 0.227418
7215 101.594 3.02085e-05 1.03605 0.340147 0.370621 0.325286 1.01243 0.00285168 0.191424 1.96039 1.45114 1.97622 1.94454 0.980922 -0.944744 -1.04083e-17 -3.46945e-18 0 0 -50.0687 -54.792 6.31888 -5.74305 1 0 0 7.30228 8.20553 0.228986
7220 101.594 3.02085e-05 1.04378 0.342354 0.373036 0.328391 1.01263 0.00285029 0.191081 1.95908 1.45114 1.97485 1.94329 0.981132 -0.919435 -1.04083e-17 -3.46945e-18 0 0 -50.0678 -54.7943 6.32413 -5.59772 1 0 0 7.33868 8.24528 0.230558
7225 101.594 3.02085e-05 1.05153 0.344564 0.375455 0.331513 1.01283 0.0028489 0.190737 1.95777 1.45114 1.97349 1.94204 0.981341 -0.894179 -1.04083e-17 -3.46945e-18 0 0 -50.0662 -54.7958 6.32932 -5.45227 1 0 0 7.375 8.28494 0.232135
7230 101.594 3.02085e-05 1.05931 0.346776 0.377876 0.334653 1.01301 0.0028475 0.190394 1.95646 1.45114 1.97213 1.94079 0.981551 -0.868976 -1.04083e-17 -3.46945e-18 0 0 -50.0639 -54.7967 6.33446 -5.30671 1 0 0 7.41125 8.3245 0.233715
7235 101.594 3.02085e-05 1.0671 0.348992 0.380301 0.337811 1.0132 0.00284611 0.19005 1.95516 1.45114 1.97077 1.93954 0.981761 -0.843827 -1.04083e-17 -3.46945e-18 0 0 -50.0608 -54.7968 6.33955 -5.16104 1 0 0 7.44741 8.36396 0.235299
7240 101.595 3.02085e-05 1.07493 0.35121 0.382728 0.340987 1.01337 0.00284472 0.189707 1.95385 1.45114 1.96941 1.93829 0.981971 -0.818732 -1.04083e-17 -3.46945e-18 0 0 -50.0571 -54.7961 6.34459 -5.01525 1 0 0 7.48349 8.40332 0.236887
7245 101.595 3.02085e-05 1.08277 0.353431 0.385158 0.34418 1.01354 0.00284333 0.189363 1.95254 1.45114 1.96805 1.93705 0.982182 -0.793693 -1.04083e-17 -3.46945e-18 0 0 -50.0526 -54.7946 6.34957 -4.86936 1 0 0 7.51948 8.44258 0.238479
7250 101.595 3.02085e-05 1.09064 0.355655 0.387591 0.347391 1.01371 0.00284194 0.189019 1.95124 1.45114 1.96669 1.9358 0.982393 -0.768709 -1.04083e-17 -3.46945e-18 0 0 -50.0474 -54.7924 6.35449 -4.72337 1 0 0 7.55539 8.48174 0.240075
7255 101.595 3.02085e-05 1.09853 0.357882 0.390027 0.35062 1.01387 0.00284056 0.188676 1.94994 1.45114 1.96533 1.93456 0.982604 -0.743781 -1.04083e-17 -3.46945e-18 0 0 -50.0413 -54.7893 6.35934 -4.57728 1 0 0 7.59121 8.52079 0.241675
7260 101.595 3.02085e-05 1.10644 0.360111 0.392465 0.353867 1.01402 0.00283917 0.188332 1.94864 1.45114 1.96397 1.93332 0.982815 -0.718911 -1.04083e-17 -3.46945e-18 0 0 -50.0345 -54.7854 6.36414 -4.43109 1 0 0 7.62694 8.55973 0.243278
7265 101.595 3.02085e-05 1.11438 0.362343 0.394906 0.357131 1.01417 0.00283779 0.187989 1.94734 1.45114 1.96262 1.93208 0.983026 -0.694098 -1.04083e-17 -3.46945e-18 0 0 -50.0269 -54.7807 6.36888 -4.2848 1 0 0 7.66258 8.59856 0.244886
7270 101.595 3.02085e-05 1.12234 0.364577 0.397349 0.360413 1.01431 0.0028364 0.187645 1.94604 1.45114 1.96126 1.93084 0.983238 -0.669343 -1.04083e-17 -3.46945e-18 0 0 -50.0185 -54.7751 6.37354 -4.13843 1 0 0 7.69813 8.63728 0.246497
7275 101.596 3.02085e-05 1.13032 0.366814 0.399794 0.363713 1.01445 0.00283502 0.187302 1.94474 1.45114 1.95991 1.9296 0.98345 -0.644648 -1.04083e-17 -3.46945e-18 0 0 -50.0092 -54.7686 6.37814 -3.99197 1 0 0 7.73358 8.67589 0.248112
7280 101.596 3.02085e-05 1.13832 0.369053 0.402242 0.367031 1.01459 0.00283364 0.186958 1.94344 1.45114 1.95856 1.92836 0.983662 -0.620012 -1.04083e-17 -3.46945e-18 0 0 -49.999 -54.7611 6.38267 -3.84542 1 0 0 7.76894 8.71438 0.249731
7285 101.596 3.02085e-05 1.14635 0.371294 0.404691 0.370366 1.01472 0.00283226 0.186615 1.94215 1.45114 1.95721 1.92712 0.983874 -0.595437 -1.04083e-17 -3.46945e-18 0 0 -49.9879 -54.7528 6.38713 -3.69879 1 0 0 7.8042 8.75275 0.251354
7290 101.596 3.02085e-05 1.1544 0.373537 0.407143 0.373719 1.01485 0.00283088 0.186271 1.94085 1.45114 1.95586 1.92589 0.984087 -0.570923 -1.04083e-17 -3.46945e-18 0 0 -49.976 -54.7434 6.39151 -3.55209 1 0 0 7.83936 8.79099 0.25298
7295 101.596 3.02085e-05 1.16247 0.375783 0.409597 0.37709 1.01497 0.0028295 0.185928 1.93956 1.45114 1.95451 1.92465 0.9843 -0.546471 -1.04083e-17 -3.46945e-18 0 0 -49.9631 -54.7331 6.39582 -3.40532 1 0 0 7.87442 8.82912 0.254611
7300 101.596 3.02085e-05 1.17056 0.37803 0.412052 0.380478 1.01509 0.00282813 0.185584 1.93827 1.45114 1.95316 1.92342 0.984513 -0.522082 -1.04083e-17 -3.46945e-18 0 0 -49.9492 -54.7218 6.40005 -3.25848 1 0 0 7.90937 8.86712 0.256245
7305 101.596 3.02085e-05 1.17867 0.38028 0.414509 0.383885 1.0152 0.00282675 0.18524 1.93697 1.45114 1.95182 1.92219 0.984726 -0.497757 -1.04083e-17 -3.46945e-18 0 0 -49.9344 -54.7095 6.4042 -3.11157 1 0 0 7.94423 8.90499 0.257883
7310 101.597 3.02085e-05 1.18681 0.382531 0.416967 0.387309 1.01532 0.00282538 0.184897 1.93568 1.45114 1.95047 1.92096 0.984939 -0.473496 -1.04083e-17 -3.46945e-18 0 0 -49.9186 -54.6961 6.40826 -2.96461 1 0 0 7.97897 8.94273 0.259524
7315 101.597 3.02085e-05 1.19496 0.384784 0.419427 0.39075 1.01543 0.00282401 0.184553 1.9344 1.45114 1.94913 1.91973 0.985153 -0.4493 -1.04083e-17 -3.46945e-18 0 0 -49.9017 -54.6816 6.41224 -2.81759 1 0 0 8.01361 8.98034 0.261169
7320 101.597 3.02085e-05 1.20314 0.387039 0.421889 0.39421 1.01553 0.00282264 0.18421 1.93311 1.45114 1.94779 1.9185 0.985367 -0.425171 -1.04083e-17 -3.46945e-18 0 0 -49.8838 -54.666 6.41613 -2.67052 1 0 0 8.04814 9.01781 0.262818
7325 101.597 3.02085e-05 1.21133 0.389296 0.424352 0.397686 1.01564 0.00282127 0.183866 1.93182 1.45114 1.94644 1.91728 0.985581 -0.401109 -1.04083e-17 -3.46945e-18 0 0 -49.8649 -54.6492 6.41992 -2.5234 1 0 0 8.08255 9.05515 0.264471
7330 101.597 3.02085e-05 1.21955 0.391554 0.426815 0.401181 1.01574 0.0028199 0.183523 1.93054 1.45114 1.9451 1.91605 0.985795 -0.377114 -1.04083e-17 -3.46945e-18 0 0 -49.8448 -54.6314 6.42363 -2.37625 1 0 0 8.11685 9.09234 0.266127
7335 101.597 3.02085e-05 1.22779 0.393814 0.42928 0.404693 1.01584 0.00281854 0.183179 1.92926 1.45114 1.94377 1.91483 0.986009 -0.353189 -1.04083e-17 -3.46945e-18 0 0 -49.8236 -54.6123 6.42723 -2.22906 1 0 0 8.15103 9.12939 0.267787
7340 101.598 3.02085e-05 1.23604 0.396075 0.431746 0.408223 1.01594 0.00281717 0.182836 1.92798 1.45114 1.94243 1.91361 0.986224 -0.329333 -1.04083e-17 -3.46945e-18 0 0 -49.8013 -54.5919 6.43074 -2.08185 1 0 0 8.1851 9.1663 0.269451
7345 101.598 3.02085e-05 1.24432 0.398337 0.434212 0.41177 1.01604 0.00281581 0.182492 1.9267 1.45114 1.94109 1.91239 0.986438 -0.305549 -1.04083e-17 -3.46945e-18 0 0 -49.7778 -54.5704 6.43414 -1.93461 1 0 0 8.21904 9.20305 0.271118
7350 101.598 3.02085e-05 1.25261 0.4006 0.436679 0.415334 1.01614 0.00281445 0.182149 1.92542 1.45114 1.93976 1.91117 0.986653 -0.281836 -1.04083e-17 -3.46945e-18 0 0 -49.7531 -54.5475 6.43744 -1.78735 1 0 0 8.25287 9.23966 0.272788
7355 101.598 3.02085e-05 1.26093 0.402864 0.439147 0.418916 1.01624 0.00281309 0.181805 1.92414 1.45114 1.93843 1.90995 0.986868 -0.258196 -1.04083e-17 -3.46945e-18 0 0 -49.7271 -54.5234 6.44062 -1.64008 1 0 0 8.28656 9.2761 0.274463
7360 101.598 3.02085e-05 1.26926 0.40513 0.441615 0.422515 1.01634 0.00281173 0.181461 1.92287 1.45114 1.9371 1.90874 0.987084 -0.23463 -1.04083e-17 -3.46945e-18 0 0 -49.6999 -54.4978 6.4437 -1.4928 1 0 0 8.32013 9.31239 0.27614
7365 101.598 3.02085e-05 1.27761 0.407396 0.444083 0.426132 1.01645 0.00281037 0.181118 1.92159 1.45114 1.93577 1.90752 0.987299 -0.211139 -1.04083e-17 -3.46945e-18 0 0 -49.6713 -54.4709 6.44666 -1.34553 1 0 0 8.35357 9.34852 0.277822
7370 101.598 3.02085e-05 1.28598 0.409663 0.446551 0.429766 1.01655 0.00280902 0.180774 1.92032 1.45114 1.93444 1.90631 0.987515 -0.187724 -1.04083e-17 -3.46945e-18 0 0 -49.6415 -54.4426 6.4495 -1.19826 1 0 0 8.38688 9.38449 0.279506
7375 101.599 3.02085e-05 1.29437 0.41193 0.449019 0.433417 1.01665 0.00280766 0.180431 1.91905 1.45114 1.93311 1.9051 0.98773 -0.164386 -1.04083e-17 -3.46945e-18 0 0 -49.6103 -54.4129 6.45221 -1.05101 1 0 0 8.42006 9.42029 0.281194
7380 101.599 3.02085e-05 1.30277 0.414198 0.451486 0.437085 1.01676 0.00280631 0.180087 1.91778 1.45114 1.93179 1.90389 0.987946 -0.141126 -1.04083e-17 -3.46945e-18 0 0 -49.5777 -54.3816 6.4548 -0.903773 1 0 0 8.45309 9.45592 0.282886
7385 101.599 3.02085e-05 1.31119 0.416466 0.453954 0.44077 1.01687 0.00280496 0.179744 1.91652 1.45114 1.93047 1.90269 0.988162 -0.117946 -1.04083e-17 -3.46945e-18 0 0 -49.5436 -54.3488 6.45726 -0.756566 1 0 0 8.48599 9.49137 0.28458
7390 101.599 3.02085e-05 1.31963 0.418735 0.456421 0.444473 1.01699 0.00280361 0.1794 1.91525 1.45114 1.92915 1.90148 0.988379 -0.0948465 -1.04083e-17 -3.46945e-18 0 0 -49.5081 -54.3145 6.45959 -0.609394 1 0 0 8.51875 9.52665 0.286279
7395 101.599 3.02085e-05 1.32808 0.421004 0.458887 0.448192 1.01711 0.00280227 0.179057 1.91399 1.45114 1.92783 1.90028 0.988595 -0.0718287 -1.04083e-17 -3.46945e-18 0 0 -49.4711 -54.2785 6.46177 -0.462264 1 0 0 8.55136 9.56175 0.28798
7400 101.599 3.02085e-05 1.33655 0.423272 0.461352 0.451928 1.01723 0.00280092 0.178713 1.91273 1.45114 1.92651 1.89908 0.988811 -0.0488939 -1.04083e-17 -3.46945e-18 0 0 -49.4326 -54.2409 6.46382 -0.315183 1 0 0 8.58383 9.59666 0.289685
7405 101.599 3.02085e-05 1.34504 0.425541 0.463816 0.455681 1.01736 0.00279958 0.17837 1.91147 1.45114 1.92519 1.89788 0.989028 -0.0260435 -1.04083e-17 -3.46945e-18 0 0 -49.3925 -54.2016 6.46571 -0.168161 1 0 0 8.61614 9.63138 0.291392
7410 101.6 3.02085e-05 1.35354 0.427809 0.466279 0.45945 1.0175 0.00279824 0.178026 1.91021 1.45114 1.92388 1.89668 0.989245 -0.00327853 -1.04083e-17 -3.46945e-18 0 0 -49.3508 -54.1606 6.46746 -0.0212044 1 0 0 8.64831 9.66592 0.293103
7415 101.6 3.02085e-05 1.36205 0.430077 0.46874 0.463237 1.01764 0.0027969 0.177682 1.90895 1.45114 1.92257 1.89548 0.989462 0.0193995 -1.04083e-17 -3.46945e-18 0 0 -49.3074 -54.1179 6.46905 0.125678 1 0 0 8.68031 9.70026 0.294817
7420 101.6 3.02085e-05 1.37058 0.432344 0.4712 0.467039 1.01779 0.00279557 0.177339 1.9077 1.45114 1.92126 1.89429 0.989679 0.0419894 -1.04083e-17 -3.46945e-18 0 0 -49.2624 -54.0733 6.47048 0.272478 1 0 0 8.71216 9.73439 0.296535
7425 101.6 3.02085e-05 1.37913 0.434611 0.473658 0.470858 1.01795 0.00279423 0.176995 1.90645 1.45114 1.91995 1.8931 0.989896 0.0644896 -1.04083e-17 -3.46945e-18 0 0 -49.2156 -54.0268 6.47175 0.419186 1 0 0 8.74385 9.76833 0.298255
7430 101.6 3.02085e-05 1.38769 0.436877 0.476114 0.474694 1.01812 0.0027929 0.176652 1.9052 1.45114 1.91864 1.89191 0.990113 0.0868989 -1.04083e-17 -3.46945e-18 0 0 -49.167 -53.9785 6.47284 0.565794 1 0 0 8.77538 9.80206 0.299978
7435 101.6 3.02085e-05 1.39626 0.439141 0.478568 0.478545 1.01831 0.00279157 0.176308 1.90395 1.45114 1.91734 1.89072 0.99033 0.109216 -1.04083e-17 -3.46945e-18 0 0 -49.1166 -53.9281 6.47377 0.712291 1 0 0 8.80673 9.83558 0.301704
7440 101.601 3.02085e-05 1.40484 0.441405 0.48102 0.482413 1.0185 0.00279024 0.175965 1.90271 1.45114 1.91604 1.88954 0.990547 0.131439 -1.04083e-17 -3.46945e-18 0 0 -49.0644 -53.8758 6.47451 0.85867 1 0 0 8.83792 9.86888 0.303433
7445 101.601 3.02085e-05 1.41343 0.443667 0.483469 0.486297 1.0187 0.00278892 0.175621 1.90146 1.45114 1.91474 1.88835 0.990765 0.153567 -1.04083e-17 -3.46945e-18 0 0 -49.0103 -53.8215 6.47506 1.00492 1 0 0 8.86893 9.90196 0.305165
7450 101.601 3.02085e-05 1.42204 0.445928 0.485915 0.490196 1.01892 0.0027876 0.175278 1.90022 1.45114 1.91344 1.88717 0.990982 0.175598 -1.04083e-17 -3.46945e-18 0 0 -48.9542 -53.765 6.47543 1.15103 1 0 0 8.89977 9.93482 0.3069
7455 101.601 3.02085e-05 1.43066 0.448187 0.488358 0.494112 1.01916 0.00278628 0.174934 1.89899 1.45114 1.91214 1.886 0.9912 0.197531 -1.04083e-17 -3.46945e-18 0 0 -48.8961 -53.7064 6.4756 1.29699 1 0 0 8.93042 9.96745 0.308637
7460 101.601 3.02085e-05 1.43928 0.450444 0.490798 0.498042 1.01941 0.00278496 0.174591 1.89775 1.45114 1.91085 1.88482 0.991418 0.219363 -1.04083e-17 -3.46945e-18 0 0 -48.8359 -53.6456 6.47557 1.44279 1 0 0 8.96089 9.99984 0.310377
7465 101.601 3.02085e-05 1.44792 0.452699 0.493234 0.501989 1.01967 0.00278364 0.174247 1.89652 1.45114 1.90956 1.88365 0.991636 0.241095 -1.04083e-17 -3.46945e-18 0 0 -48.7737 -53.5825 6.47534 1.58842 1 0 0 8.99118 10.032 0.31212
7470 101.601 3.02085e-05 1.45657 0.454952 0.495667 0.50595 1.01996 0.00278233 0.173903 1.89528 1.45114 1.90827 1.88248 0.991853 0.262723 -1.04083e-17 -3.46945e-18 0 0 -48.7094 -53.5171 6.47489 1.73387 1 0 0 9.02127 10.0639 0.313865
7475 101.602 3.02085e-05 1.46522 0.457202 0.498096 0.509927 1.02026 0.00278102 0.17356 1.89406 1.45114 1.90698 1.88131 0.992071 0.284247 -1.04083e-17 -3.46945e-18 0 0 -48.6428 -53.4494 6.47422 1.87912 1 0 0 9.05117 10.0956 0.315613
7480 101.602 3.02085e-05 1.47389 0.45945 0.500521 0.513918 1.02058 0.00277971 0.173216 1.89283 1.45114 1.9057 1.88014 0.992289 0.305664 -1.04083e-17 -3.46945e-18 0 0 -48.574 -53.3792 6.47333 2.02417 1 0 0 9.08086 10.127 0.317363
7485 101.602 3.02085e-05 1.48256 0.461695 0.502941 0.517925 1.02093 0.00277841 0.172873 1.89161 1.45114 1.90442 1.87898 0.992507 0.326973 -1.04083e-17 -3.46945e-18 0 0 -48.5029 -53.3065 6.4722 2.16901 1 0 0 9.11036 10.1582 0.319115
7490 101.602 3.02085e-05 1.49124 0.463937 0.505356 0.521946 1.02129 0.00277711 0.172529 1.89038 1.45114 1.90314 1.87782 0.992725 0.348172 -1.04083e-17 -3.46945e-18 0 0 -48.4295 -53.2313 6.47084 2.31361 1 0 0 9.13965 10.1891 0.32087
7495 101.602 3.02085e-05 1.49992 0.466175 0.507767 0.525981 1.02169 0.00277581 0.172186 1.88917 1.45114 1.90186 1.87666 0.992943 0.36926 -1.04083e-17 -3.46945e-18 0 0 -48.3537 -53.1535 6.46923 2.45797 1 0 0 9.16873 10.2197 0.322627
7500 101.602 3.02085e-05 1.50861 0.468411 0.510172 0.530031 1.0221 0.00277451 0.171842 1.88795 1.45114 1.90059 1.87551 0.993161 0.390234 -1.04083e-17 -3.46945e-18 0 0 -48.2754 -53.0731 6.46738 2.60208 1 0 0 9.1976 10.25 0.324386
7505 101.602 3.02085e-05 1.51731 0.470642 0.512572 0.534094 1.02255 0.00277322 0.171499 1.88674 1.45114 1.89932 1.87435 0.993379 0.411093 -1.04083e-17 -3.46945e-18 0 0 -48.1946 -52.9899 6.46526 2.74592 1 0 0 9.22625 10.2801 0.326147
7510 101.603 3.02085e-05 1.52601 0.47287 0.514966 0.538172 1.02302 0.00277193 0.171155 1.88553 1.45114 1.89805 1.8732 0.993597 0.431835 -1.04083e-17 -3.46945e-18 0 0 -48.1113 -52.904 6.46288 2.88948 1 0 0 9.25467 10.3099 0.32791
7515 101.603 3.02085e-05 1.53471 0.475093 0.517354 0.542263 1.02352 0.00277064 0.170812 1.88432 1.45114 1.89678 1.87206 0.993814 0.452458 -1.04083e-17 -3.46945e-18 0 0 -48.0254 -52.8152 6.46023 3.03275 1 0 0 9.28287 10.3394 0.329675
7520 101.603 3.02085e-05 1.54342 0.477312 0.519736 0.546367 1.02405 0.00276935 0.170468 1.88312 1.45114 1.89552 1.87091 0.994032 0.47296 -1.04083e-17 -3.46945e-18 0 0 -47.9367 -52.7235 6.4573 3.17571 1 0 0 9.31084 10.3686 0.331442
7525 101.603 3.02085e-05 1.55212 0.479527 0.522111 0.550485 1.02462 0.00276807 0.170124 1.88192 1.45114 1.89426 1.86977 0.99425 0.493339 -1.04083e-17 -3.46945e-18 0 0 -47.8454 -52.6288 6.45409 3.31835 1 0 0 9.33857 10.3975 0.333211
7530 101.603 3.02085e-05 1.56083 0.481736 0.52448 0.554616 1.02522 0.00276679 0.169781 1.88072 1.45114 1.89301 1.86864 0.994468 0.513593 -1.04083e-17 -3.46945e-18 0 0 -47.7513 -52.5311 6.45058 3.46065 1 0 0 9.36607 10.4261 0.334981
7535 101.603 3.02085e-05 1.56954 0.48394 0.526841 0.558759 1.02585 0.00276552 0.169437 1.87952 1.45114 1.89175 1.8675 0.994686 0.533721 -1.04083e-17 -3.46945e-18 0 0 -47.6543 -52.4304 6.44677 3.60259 1 0 0 9.39331 10.4544 0.336753
7540 101.604 3.02085e-05 1.57825 0.486139 0.529194 0.562915 1.02652 0.00276425 0.169094 1.87833 1.45114 1.8905 1.86637 0.994903 0.55372 -1.04083e-17 -3.46945e-18 0 0 -47.5544 -52.3264 6.44265 3.74418 1 0 0 9.42031 10.4824 0.338526
7545 101.604 3.02085e-05 1.58696 0.488333 0.53154 0.567083 1.02723 0.00276298 0.16875 1.87714 1.45114 1.88926 1.86525 0.995121 0.573588 -1.04083e-17 -3.46945e-18 0 0 -47.4516 -52.2193 6.43822 3.88538 1 0 0 9.44706 10.51 0.340301
7550 101.604 3.02085e-05 1.59566 0.49052 0.533878 0.571263 1.02799 0.00276172 0.168407 1.87596 1.45114 1.88801 1.86412 0.995338 0.593323 -1.04083e-17 -3.46945e-18 0 0 -47.3458 -52.1088 6.43346 4.02618 1 0 0 9.47354 10.5374 0.342077
7555 101.604 3.02085e-05 1.60436 0.492701 0.536207 0.575454 1.02878 0.00276046 0.168063 1.87478 1.45114 1.88677 1.863 0.995555 0.612923 -1.04083e-17 -3.46945e-18 0 0 -47.2369 -51.995 6.42837 4.16657 1 0 0 9.49976 10.5643 0.343854
7560 101.604 3.02085e-05 1.61306 0.494876 0.538527 0.579657 1.02962 0.0027592 0.16772 1.8736 1.45114 1.88554 1.86189 0.995773 0.632387 -1.04083e-17 -3.46945e-18 0 0 -47.1249 -51.8778 6.42294 4.30653 1 0 0 9.52572 10.591 0.345632
7565 101.604 3.02085e-05 1.62175 0.497044 0.540838 0.583871 1.0305 0.00275795 0.167376 1.87243 1.45114 1.8843 1.86077 0.99599 0.65171 -1.04083e-17 -3.46945e-18 0 0 -47.0097 -51.7571 6.41717 4.44604 1 0 0 9.55139 10.6172 0.347411
7570 101.604 3.02085e-05 1.63044 0.499205 0.54314 0.588096 1.03144 0.0027567 0.167032 1.87126 1.45114 1.88307 1.85966 0.996207 0.670893 -1.04083e-17 -3.46945e-18 0 0 -46.8913 -51.6329 6.41104 4.58509 1 0 0 9.5768 10.6432 0.349191
7575 101.605 3.02085e-05 1.63912 0.501358 0.545432 0.592331 1.03242 0.00275545 0.166689 1.87009 1.45114 1.88185 1.85856 0.996423 0.689932 -1.04083e-17 -3.46945e-18 0 0 -46.7696 -51.505 6.40455 4.72367 1 0 0 9.60191 10.6687 0.350972
7580 101.605 3.02085e-05 1.64779 0.503504 0.547714 0.596576 1.03345 0.00275421 0.166345 1.86893 1.45114 1.88063 1.85746 0.99664 0.708825 -1.04083e-17 -3.46945e-18 0 0 -46.6445 -51.3735 6.39769 4.86174 1 0 0 9.62674 10.6939 0.352754
7585 101.605 3.02085e-05 1.65646 0.505642 0.549985 0.600832 1.03454 0.00275297 0.166002 1.86777 1.45114 1.87941 1.85636 0.996857 0.72757 -1.04083e-17 -3.46945e-18 0 0 -46.5161 -51.2383 6.39045 4.9993 1 0 0 9.65127 10.7187 0.354536
7590 101.605 3.02085e-05 1.66511 0.507771 0.552246 0.605096 1.03568 0.00275174 0.165658 1.86661 1.45114 1.87819 1.85527 0.997073 0.746165 -1.04083e-17 -3.46945e-18 0 0 -46.3842 -51.0993 6.38282 5.13633 1 0 0 9.6755 10.7431 0.356318
7595 101.605 3.02085e-05 1.67376 0.509892 0.554495 0.60937 1.03687 0.00275051 0.165315 1.86546 1.45114 1.87698 1.85418 0.997289 0.764607 -1.04083e-17 -3.46945e-18 0 0 -46.2488 -50.9564 6.3748 5.27281 1 0 0 9.69943 10.7672 0.358101
7600 101.605 3.02085e-05 1.68239 0.512004 0.556732 0.613652 1.03813 0.00274929 0.164971 1.86431 1.45114 1.87578 1.85309 0.997505 0.782895 -1.04083e-17 -3.46945e-18 0 0 -46.1099 -50.8097 6.36637 5.40872 1 0 0 9.72305 10.7908 0.359885
7605 101.605 3.02085e-05 1.69101 0.514107 0.558958 0.617943 1.03944 0.00274807 0.164628 1.86317 1.45114 1.87457 1.85201 0.99772 0.801026 -1.04083e-17 -3.46945e-18 0 0 -45.9673 -50.659 6.35754 5.54405 1 0 0 9.74635 10.814 0.361668
7610 101.606 3.02085e-05 1.69961 0.5162 0.561171 0.622242 1.04082 0.00274685 0.164284 1.86203 1.45114 1.87338 1.85093 0.997935 0.818998 -1.04083e-17 -3.46945e-18 0 0 -45.8212 -50.5042 6.34829 5.67877 1 0 0 9.76933 10.8369 0.363452
7615 101.606 3.02085e-05 1.7082 0.518283 0.563372 0.626548 1.04226 0.00274564 0.163941 1.8609 1.45114 1.87218 1.84986 0.99815 0.836808 -1.04083e-17 -3.46945e-18 0 0 -45.6714 -50.3455 6.33861 5.81287 1 0 0 9.79198 10.8593 0.365235
7620 101.606 3.02085e-05 1.71678 0.520355 0.565559 0.630862 1.04377 0.00274444 0.163597 1.85977 1.45114 1.87099 1.84879 0.998365 0.854454 -1.04083e-17 -3.46945e-18 0 0 -45.5178 -50.1826 6.3285 5.94633 1 0 0 9.81429 10.8812 0.367018
7625 101.606 3.02085e-05 1.72533 0.522418 0.567733 0.635183 1.04534 0.00274323 0.163253 1.85865 1.45114 1.86981 1.84773 0.99858 0.871934 -1.04083e-17 -3.46945e-18 0 0 -45.3605 -50.0155 6.31795 6.07912 1 0 0 9.83627 10.9028 0.368801
7630 101.606 3.02085e-05 1.73387 0.524469 0.569894 0.63951 1.04698 0.00274204 0.16291 1.85753 1.45114 1.86863 1.84667 0.998794 0.889246 -1.04083e-17 -3.46945e-18 0 0 -45.1994 -49.8443 6.30696 6.21124 1 0 0 9.85791 10.9239 0.370583
7635 101.606 3.02085e-05 1.74239 0.526509 0.57204 0.643843 1.04869 0.00274085 0.162566 1.85641 1.45114 1.86745 1.84562 0.999008 0.906387 -1.04083e-17 -3.46945e-18 0 0 -45.0345 -49.6688 6.29551 6.34265 1 0 0 9.8792 10.9445 0.372365
7640 101.606 3.02085e-05 1.75089 0.528537 0.574171 0.648181 1.05048 0.00273966 0.162223 1.8553 1.45114 1.86628 1.84457 0.999221 0.923356 -1.04083e-17 -3.46945e-18 0 0 -44.8657 -49.4891 6.28361 6.47335 1 0 0 9.90013 10.9647 0.374147
7645 101.607 3.02085e-05 1.75937 0.530553 0.576287 0.652525 1.05234 0.00273848 0.161879 1.8542 1.45114 1.86512 1.84353 0.999434 0.940149 -1.04083e-17 -3.46945e-18 0 0 -44.6931 -49.3051 6.27123 6.60331 1 0 0 9.9207 10.9844 0.375927
7650 101.607 3.02085e-05 1.76782 0.532556 0.578388 0.656874 1.05427 0.0027373 0.161536 1.85309 1.45114 1.86396 1.84249 0.999647 0.956765 -1.04083e-17 -3.46945e-18 0 0 -44.5166 -49.1167 6.25839 6.73252 1 0 0 9.9409 11.0037 0.377707
7655 101.607 3.02085e-05 1.77625 0.534547 0.580474 0.661226 1.05628 0.00273613 0.161192 1.852 1.45114 1.8628 1.84145 0.999859 0.973201 -1.04083e-17 -3.46945e-18 0 0 -44.3361 -48.924 6.24506 6.86094 1 0 0 9.96073 11.0225 0.379485
7660 101.607 3.02085e-05 1.78465 0.536525 0.582543 0.665583 1.05837 0.00273497 0.160849 1.85091 1.45114 1.86165 1.84042 1.00007 0.989456 -1.04083e-17 -3.46945e-18 0 0 -44.1518 -48.7269 6.23126 6.98857 1 0 0 9.98018 11.0408 0.381263
7665 101.607 3.02085e-05 1.79303 0.538489 0.584595 0.669943 1.06054 0.00273381 0.160505 1.84982 1.45114 1.8605 1.8394 1.00028 1.00553 -1.04083e-17 -3.46945e-18 0 0 -43.9634 -48.5254 6.21696 7.11539 1 0 0 9.99925 11.0586 0.383039
7670 101.607 3.02085e-05 1.80138 0.540439 0.586631 0.674306 1.0628 0.00273266 0.160162 1.84874 1.45114 1.85936 1.83838 1.00049 1.02141 -1.04083e-17 -3.46945e-18 0 0 -43.7712 -48.3195 6.20217 7.24137 1 0 0 10.0179 11.0759 0.384814
7675 101.608 3.02085e-05 1.8097 0.542376 0.588649 0.678671 1.06513 0.00273151 0.159818 1.84767 1.45114 1.85823 1.83737 1.0007 1.03711 -1.04083e-17 -3.46945e-18 0 0 -43.575 -48.1091 6.18688 7.3665 1 0 0 10.0362 11.0927 0.386588
7680 101.608 3.02085e-05 1.81799 0.544297 0.59065 0.683039 1.06755 0.00273037 0.159474 1.8466 1.45114 1.8571 1.83637 1.00091 1.05262 -1.04083e-17 -3.46945e-18 0 0 -43.3748 -47.8944 6.17109 7.49076 1 0 0 10.0541 11.1091 0.38836
7685 101.608 3.02085e-05 1.82624 0.546204 0.592633 0.687408 1.07006 0.00272923 0.159131 1.84554 1.45114 1.85598 1.83536 1.00112 1.06793 -1.04083e-17 -3.46945e-18 0 0 -43.1707 -47.6752 6.1548 7.61412 1 0 0 10.0716 11.1248 0.39013
7690 101.608 3.02085e-05 1.83447 0.548095 0.594597 0.691777 1.07266 0.0027281 0.158787 1.84448 1.45114 1.85486 1.83437 1.00133 1.08305 -1.04083e-17 -3.46945e-18 0 0 -42.9627 -47.4516 6.13799 7.73657 1 0 0 10.0887 11.1401 0.391899
7695 101.608 3.02085e-05 1.84266 0.54997 0.596543 0.696148 1.07535 0.00272698 0.158444 1.84343 1.45114 1.85375 1.83338 1.00154 1.09797 -1.04083e-17 -3.46945e-18 0 0 -42.7508 -47.2236 6.12067 7.8581 1 0 0 10.1053 11.1548 0.393666
7700 101.608 3.02085e-05 1.85082 0.55183 0.598469 0.700518 1.07813 0.00272586 0.1581 1.84239 1.45114 1.85264 1.8324 1.00175 1.1127 -1.04083e-17 -3.46945e-18 0 0 -42.5349 -46.9912 6.10283 7.97867 1 0 0 10.1216 11.169 0.395431
7705 101.608 3.02085e-05 1.85894 0.553673 0.600376 0.704888 1.081 0.00272475 0.157757 1.84135 1.45114 1.85154 1.83142 1.00196 1.12723 -1.04083e-17 -3.46945e-18 0 0 -42.3152 -46.7544 6.08447 8.09828 1 0 0 10.1374 11.1827 0.397194
7710 101.609 3.02085e-05 1.86702 0.555499 0.602263 0.709256 1.08398 0.00272364 0.157413 1.84031 1.45114 1.85045 1.83045 1.00216 1.14155 -1.04083e-17 -3.46945e-18 0 0 -42.0916 -46.5133 6.06559 8.21691 1 0 0 10.1528 11.1958 0.398954
7715 101.609 3.02085e-05 1.87506 0.557308 0.60413 0.713623 1.08705 0.00272254 0.15707 1.83929 1.45114 1.84936 1.82948 1.00237 1.15567 -1.04083e-17 -3.46945e-18 0 0 -41.8642 -46.2678 6.04618 8.33453 1 0 0 10.1677 11.2084 0.400713
7720 101.609 3.02085e-05 1.88306 0.5591 0.605976 0.717989 1.09022 0.00272145 0.156726 1.83827 1.45114 1.84828 1.82852 1.00258 1.16959 -1.04083e-17 -3.46945e-18 0 0 -41.633 -46.0179 6.02624 8.45113 1 0 0 10.1822 11.2204 0.402469
7725 101.609 3.02085e-05 1.89103 0.560873 0.607802 0.722351 1.0935 0.00272037 0.156383 1.83725 1.45114 1.8472 1.82757 1.00278 1.18329 -1.04083e-17 -3.46945e-18 0 0 -41.398 -45.7638 6.00578 8.56669 1 0 0 10.1963 11.2318 0.404222
7730 101.609 3.02085e-05 1.89895 0.562629 0.609606 0.726711 1.09689 0.00271929 0.156039 1.83624 1.45114 1.84613 1.82662 1.00299 1.19679 -1.04083e-17 -3.46945e-18 0 0 -41.1593 -45.5054 5.98477 8.6812 1 0 0 10.2099 11.2427 0.405973
7735 101.609 3.02085e-05 1.90682 0.564366 0.611389 0.731066 1.10039 0.00271822 0.155695 1.83524 1.45114 1.84507 1.82568 1.00319 1.21008 -1.04083e-17 -3.46945e-18 0 0 -40.9169 -45.2427 5.96323 8.79464 1 0 0 10.2231 11.253 0.407722
7740 101.609 3.02085e-05 1.91465 0.566084 0.61315 0.735418 1.10401 0.00271715 0.155352 1.83425 1.45114 1.84401 1.82475 1.00339 1.22316 -1.04083e-17 -3.46945e-18 0 0 -40.6707 -44.9758 5.94115 8.90699 1 0 0 10.2358 11.2627 0.409468
7745 101.61 3.02085e-05 1.92244 0.567783 0.614889 0.739765 1.10776 0.0027161 0.155008 1.83326 1.45114 1.84296 1.82382 1.00359 1.23603 -1.04083e-17 -3.46945e-18 0 0 -40.4209 -44.7047 5.91852 9.01824 1 0 0 10.248 11.2719 0.411211
7750 101.61 3.02085e-05 1.93017 0.569462 0.616606 0.744107 1.11163 0.00271505 0.154665 1.83228 1.45114 1.84192 1.8229 1.0038 1.24868 -1.04083e-17 -3.46945e-18 0 0 -40.1675 -44.4293 5.89534 9.12836 1 0 0 10.2598 11.2804 0.412951
7755 101.61 3.02085e-05 1.93786 0.571122 0.6183 0.748443 1.11564 0.002714 0.154321 1.8313 1.45114 1.84089 1.82199 1.004 1.26112 -1.04083e-17 -3.46945e-18 0 0 -39.9103 -44.1497 5.8716 9.23735 1 0 0 10.2712 11.2884 0.414688
7760 101.61 3.02085e-05 1.9455 0.572761 0.61997 0.752772 1.11979 0.00271297 0.153978 1.83034 1.45114 1.83986 1.82109 1.0042 1.27334 -1.04083e-17 -3.46945e-18 0 0 -39.6495 -43.8658 5.84729 9.34519 1 0 0 10.282 11.2958 0.416422
7765 101.61 3.02085e-05 1.95309 0.57438 0.621618 0.757095 1.1241 0.00271194 0.153634 1.82938 1.45114 1.83884 1.82019 1.00439 1.28534 -1.04083e-17 -3.46945e-18 0 0 -39.385 -43.5777 5.8224 9.45186 1 0 0 10.2924 11.3025 0.418153
7770 101.61 3.02085e-05 1.96063 0.575977 0.623242 0.76141 1.12858 0.00271092 0.153291 1.82842 1.45114 1.83782 1.81929 1.00459 1.29712 -1.04083e-17 -3.46945e-18 0 0 -39.1168 -43.2852 5.79691 9.55734 1 0 0 10.3023 11.3087 0.41988
7775 101.611 3.02085e-05 1.96811 0.577554 0.624842 0.765717 1.13325 0.00270991 0.152947 1.82748 1.45114 1.83681 1.81841 1.00479 1.30868 -1.04083e-17 -3.46945e-18 0 0 -38.8447 -42.9882 5.7708 9.66162 1 0 0 10.3117 11.3143 0.421604
7780 101.611 3.02085e-05 1.97554 0.579108 0.626417 0.770016 1.13812 0.0027089 0.152604 1.82654 1.45114 1.83581 1.81753 1.00499 1.32002 -1.04083e-17 -3.46945e-18 0 0 -38.5687 -42.6866 5.74405 9.76469 1 0 0 10.3207 11.3192 0.423325
7785 101.611 3.02085e-05 1.98291 0.580641 0.627968 0.774305 1.14322 0.0027079 0.15226 1.82561 1.45114 1.83482 1.81666 1.00518 1.33113 -1.04083e-17 -3.46945e-18 0 0 -38.2886 -42.3802 5.71664 9.86653 1 0 0 10.3291 11.3236 0.425042
7790 101.611 3.02085e-05 1.99023 0.582151 0.629494 0.778585 1.14857 0.00270691 0.151916 1.82468 1.45114 1.83384 1.8158 1.00538 1.34203 -1.04083e-17 -3.46945e-18 0 0 -38.0042 -42.0689 5.68851 9.96711 1 0 0 10.337 11.3273 0.426755
7795 101.611 3.02085e-05 1.99749 0.583638 0.630994 0.782853 1.15421 0.00270593 0.151573 1.82377 1.45114 1.83286 1.81494 1.00557 1.35269 -1.04083e-17 -3.46945e-18 0 0 -37.7152 -41.7521 5.65962 10.0664 1 0 0 10.3445 11.3304 0.428465
7800 101.611 3.02085e-05 2.00468 0.585102 0.632469 0.787111 1.16019 0.00270496 0.151229 1.82286 1.45114 1.83189 1.8141 1.00576 1.36313 -1.04083e-17 -3.46945e-18 0 0 -37.4212 -41.4296 5.62992 10.1645 1 0 0 10.3515 11.3328 0.43017
7805 101.611 3.02085e-05 2.01182 0.586542 0.633918 0.791356 1.16655 0.00270399 0.150886 1.82196 1.45114 1.83093 1.81325 1.00596 1.37334 -1.04083e-17 -3.46945e-18 0 0 -37.1218 -41.1007 5.59931 10.2612 1 0 0 10.3579 11.3347 0.431871
7810 101.612 3.02085e-05 2.01889 0.587958 0.635339 0.795588 1.17337 0.00270304 0.150542 1.82107 1.45114 1.82998 1.81242 1.00615 1.38331 -1.04083e-17 -3.46945e-18 0 0 -36.8162 -40.7648 5.5677 10.3566 1 0 0 10.3638 11.3358 0.433567
7815 101.612 3.02085e-05 2.02589 0.589348 0.636733 0.799807 1.18072 0.00270209 0.150199 1.82018 1.45114 1.82903 1.8116 1.00634 1.39305 -1.04083e-17 -3.46945e-18 0 0 -36.5037 -40.4209 5.53497 10.4506 1 0 0 10.3692 11.3364 0.435259
7820 101.612 3.02085e-05 2.03282 0.590713 0.638099 0.80401 1.18873 0.00270115 0.149855 1.8193 1.45114 1.82809 1.81078 1.00653 1.40256 -1.04083e-17 -3.46945e-18 0 0 -36.1831 -40.0678 5.50095 10.5432 1 0 0 10.3741 11.3363 0.436945
7825 101.612 3.02085e-05 2.03968 0.59205 0.639436 0.808198 1.19751 0.00270022 0.149512 1.81844 1.45114 1.82716 1.80997 1.00671 1.41182 -1.04083e-17 -3.46945e-18 0 0 -35.8531 -39.704 5.46544 10.6345 1 0 0 10.3784 11.3354 0.438626
7830 101.612 3.02085e-05 2.04647 0.59336 0.640743 0.812368 1.20727 0.0026993 0.149168 1.81758 1.45114 1.82625 1.80917 1.0069 1.42084 -1.04083e-17 -3.46945e-18 0 0 -35.5118 -39.3275 5.42817 10.7242 1 0 0 10.3822 11.334 0.4403
7835 101.612 3.02085e-05 2.05318 0.594641 0.642018 0.816519 1.21821 0.00269839 0.148825 1.81673 1.45114 1.82533 1.80838 1.00708 1.42961 -1.04083e-17 -3.46945e-18 0 0 -35.157 -38.9358 5.3888 10.8124 1 0 0 10.3854 11.3317 0.441968
7840 101.612 3.02085e-05 2.0598 0.595891 0.64326 0.82065 1.23064 0.00269749 0.148481 1.81589 1.45114 1.82443 1.8076 1.00727 1.43812 -1.04083e-17 -3.46945e-18 0 0 -34.7856 -38.5255 5.34689 10.8991 1 0 0 10.388 11.3288 0.443628
7845 101.613 3.02085e-05 2.06633 0.597108 0.644466 0.824757 1.24496 0.00269659 0.148137 1.81506 1.45114 1.82354 1.80683 1.00745 1.44636 -1.04083e-17 -3.46945e-18 0 0 -34.3936 -38.0924 5.30187 10.9841 1 0 0 10.39 11.3251 0.44528
7850 101.613 3.02085e-05 2.07277 0.598291 0.645635 0.82884 1.26167 0.00269571 0.147794 1.81424 1.45114 1.82266 1.80607 1.00763 1.45433 -1.04083e-17 -3.46945e-18 0 0 -33.9759 -37.6309 5.25301 11.0674 1 0 0 10.3913 11.3206 0.446922
7855 101.613 3.02085e-05 2.07909 0.599434 0.646762 0.832893 1.28145 0.00269485 0.14745 1.81343 1.45114 1.8218 1.80532 1.00781 1.46201 -1.04083e-17 -3.46945e-18 0 0 -33.5257 -37.1337 5.19932 11.1488 1 0 0 10.3919 11.3152 0.448553
7860 101.613 3.02085e-05 2.08529 0.600536 0.647843 0.836915 1.3052 0.00269399 0.147107 1.81263 1.45114 1.82094 1.80458 1.00799 1.46938 -1.04083e-17 -3.46945e-18 0 0 -33.0342 -36.5912 5.13953 11.2282 1 0 0 10.3918 11.309 0.450171
7865 101.613 3.02085e-05 2.09136 0.60159 0.648874 0.840898 1.33412 0.00269315 0.146763 1.81185 1.45114 1.8201 1.80385 1.00816 1.47641 -1.04083e-17 -3.46945e-18 0 0 -32.4897 -35.9909 5.07196 11.3054 1 0 0 10.3908 11.3017 0.451773
7870 101.613 3.02085e-05 2.09727 0.60259 0.649846 0.844838 1.36978 0.00269232 0.14642 1.81108 1.45114 1.81927 1.80314 1.00833 1.48309 -1.04083e-17 -3.46945e-18 0 0 -31.8769 -35.3163 4.99442 11.3801 1 0 0 10.3888 11.2933 0.453357
7875 101.614 3.02085e-05 2.103 0.603528 0.65075 0.848725 1.41431 0.00269152 0.146076 1.81032 1.45114 1.81846 1.80245 1.0085 1.48936 -1.04083e-17 -3.46945e-18 0 0 -31.1757 -34.5458 4.90399 11.4521 1 0 0 10.3858 11.2837 0.454919
7880 101.614 3.02085e-05 2.10852 0.604392 0.651575 0.85255 1.47047 0.00269073 0.145733 1.80959 1.45114 1.81767 1.80177 1.00867 1.49518 -1.04083e-17 -3.46945e-18 0 0 -30.3594 -33.651 4.79685 11.5209 1 0 0 10.3816 11.2727 0.456453
7885 101.614 3.02085e-05 2.11377 0.605168 0.652304 0.8563 1.54193 0.00268996 0.145389 1.80888 1.45114 1.81691 1.80111 1.00883 1.50049 -1.04083e-17 -3.46945e-18 0 0 -29.3935 -32.5948 4.66799 11.5861 1 0 0 10.3759 11.26 0.457953
7890 101.614 3.02085e-05 2.11871 0.605837 0.652916 0.859956 1.63346 0.00268923 0.145045 1.8082 1.45114 1.81617 1.80048 1.00899 1.50519 -1.04083e-17 -3.46945e-18 0 0 -28.2326 -31.3289 4.51088 11.6469 1 0 0 10.3685 11.2454 0.459412
7895 101.614 3.02085e-05 2.12325 0.606374 0.653384 0.863497 1.75112 0.00268852 0.144702 1.80755 1.45114 1.81546 1.79989 1.00914 1.50918 -1.04083e-17 -3.46945e-18 0 0 -26.8191 -29.7917 4.31714 11.7024 1 0 0 10.359 11.2285 0.460817
7900 101.614 3.02085e-05 2.12732 0.606749 0.653674 0.866893 1.90244 0.00268786 0.144358 1.80693 1.45114 1.8148 1.79932 1.00928 1.51231 -1.04083e-17 -3.46945e-18 0 0 -25.0802 -27.9057 4.07622 11.7515 1 0 0 10.3468 11.2087 0.462157
7905 101.614 3.02085e-05 2.13077 0.60692 0.65374 0.870109 2.09632 0.00268725 0.144015 1.80637 1.45114 1.81419 1.79881 1.00942 1.51441 -1.04083e-17 -3.46945e-18 0 0 -22.9273 -25.5765 3.77519 11.7928 1 0 0 10.3315 11.1856 0.463414
7910 101.615 3.02085e-05 2.13346 0.606836 0.653528 0.873097 2.34255 0.00268671 0.143671 1.80587 1.45114 1.81364 1.79835 1.00954 1.51525 -1.04083e-17 -3.46945e-18 0 0 -20.2572 -22.6945 3.39898 11.8244 1 0 0 10.3123 11.1582 0.464565
7915 101.615 3.02085e-05 2.1352 0.606436 0.652968 0.875801 2.6505 0.00268624 0.143328 1.80544 1.45114 1.81317 1.79797 1.00965 1.51455 -1.04083e-17 -3.46945e-18 0 0 -16.9595 -19.1418 2.93133 11.8442 1 0 0 10.2881 11.1256 0.465585
7920 101.615 3.02085e-05 2.13578 0.605646 0.651979 0.878154 3.02659 0.00268587 0.142984 1.8051 1.45114 1.81279 1.79767 1.00973 1.51199 -1.04083e-17 -3.46945e-18 0 0 -12.9321 -14.8093 2.35698 11.8494 1 0 0 10.2579 11.0868 0.466443
7925 101.615 3.02085e-05 2.13494 0.604385 0.650473 0.880079 3.47033 0.00268561 0.142641 1.80487 1.45114 1.81253 1.79747 1.0098 1.50721 -1.04083e-17 -3.46945e-18 0 0 -8.10915 -9.62554 1.66575 11.8373 1 0 0 10.2206 11.0406 0.467103
7930 101.615 3.02085e-05 2.13243 0.602571 0.64836 0.881497 3.96901 0.00268549 0.142297 1.80477 1.45114 1.8124 1.7974 1.00984 1.49985 -1.04083e-17 -3.46945e-18 0 0 -2.50365 -3.60145 0.858673 11.8048 1 0 0 10.1748 10.9857 0.467528
7935 101.615 3.02085e-05 2.12803 0.600133 0.645561 0.882338 4.49276 0.00268552 0.141954 1.80482 1.45114 1.81243 1.79747 1.00985 1.48958 -1.04083e-17 -3.46945e-18 0 0 3.74167 3.11641 -0.0444936 11.7493 1 0 0 10.1194 10.9211 0.467685
7940 101.615 3.02085e-05 2.12161 0.597027 0.642032 0.88255 4.99276 0.00268572 0.14161 1.80503 1.45114 1.81263 1.79768 1.00983 1.47622 -1.04083e-17 -3.46945e-18 0 0 10.3118 10.2007 -0.998798 11.6691 1 0 0 10.0539 10.8463 0.467549
7945 101.616 3.02085e-05 2.11316 0.593258 0.637779 0.882124 5.40662 0.00268608 0.141266 1.80539 1.45114 1.81299 1.79805 1.00978 1.45975 -1.04083e-17 -3.46945e-18 0 0 16.7139 17.136 -1.93279 11.564 1 0 0 9.97832 10.7613 0.46711
7950 101.616 3.02085e-05 2.10287 0.588893 0.632874 0.881104 5.6724 0.0026866 0.140923 1.80591 1.45114 1.81352 1.79856 1.0097 1.44046 -1.04083e-17 -3.46945e-18 0 0 22.3357 23.2786 -2.75661 11.4359 1 0 0 9.89358 10.6673 0.466382
7955 101.616 3.02085e-05 2.09112 0.58406 0.627464 0.879594 5.74753 0.00268725 0.140579 1.80654 1.45114 1.81417 1.79917 1.00959 1.41887 -1.04083e-17 -3.46945e-18 0 0 26.5724 27.9858 -3.38033 11.2892 1 0 0 9.80167 10.5663 0.465406
7960 101.616 3.02085e-05 2.07844 0.578941 0.621749 0.87775 5.62383 0.00268799 0.140236 1.80726 1.45114 1.81491 1.79986 1.00946 1.39579 -1.04083e-17 -3.46945e-18 0 0 28.9817 30.7776 -3.73704 11.1298 1 0 0 9.70536 10.4612 0.464243
7965 101.616 3.02085e-05 2.06545 0.57374 0.615953 0.875758 5.32987 0.00268876 0.139892 1.80801 1.45114 1.8157 1.80058 1.00933 1.37213 -1.04083e-17 -3.46945e-18 0 0 29.4009 31.4607 -3.8009 10.9651 1 0 0 9.60778 10.355 0.462971
7970 101.616 3.02085e-05 2.05275 0.568656 0.610295 0.873804 4.91953 0.00268952 0.139549 1.80874 1.45114 1.81647 1.80127 1.00921 1.3488 -1.04083e-17 -3.46945e-18 0 0 27.9724 30.1604 -3.5918 10.8024 1 0 0 9.51197 10.2511 0.461671
7975 101.617 3.02085e-05 2.04085 0.563852 0.604951 0.87205 4.45373 0.00269023 0.139205 1.80942 1.45114 1.81719 1.80192 1.00909 1.32659 -1.04083e-17 -3.46945e-18 0 0 25.0747 27.2548 -3.16552 10.6479 1 0 0 9.42048 10.1518 0.460415
7980 101.617 3.02085e-05 2.0301 0.55944 0.600044 0.870616 3.98472 0.00269084 0.138862 1.81002 1.45114 1.81782 1.80247 1.009 1.30609 -1.04083e-17 -3.46945e-18 0 0 21.2013 23.2518 -2.59566 10.5066 1 0 0 9.33507 10.0591 0.459263
7985 101.617 3.02085e-05 2.0207 0.555483 0.595641 0.869575 3.54822 0.00269135 0.138518 1.81051 1.45114 1.81835 1.80293 1.00892 1.28765 -1.04083e-17 -3.46945e-18 0 0 16.8424 18.6669 -1.95559 10.3813 1 0 0 9.25676 9.97393 0.458256
7990 101.617 3.02085e-05 2.01271 0.552 0.591758 0.868955 3.16317 0.00269175 0.138175 1.8109 1.45114 1.81877 1.80329 1.00887 1.27144 -1.04083e-17 -3.46945e-18 0 0 12.4048 13.9368 -1.30613 10.2733 1 0 0 9.18584 9.89668 0.457419
7995 101.617 3.02085e-05 2.00611 0.548976 0.588377 0.868753 2.8356 0.00269203 0.137831 1.81118 1.45114 1.81908 1.80354 1.00883 1.25744 -1.04083e-17 -3.46945e-18 0 0 8.17873 9.38087 -0.690364 10.1828 1 0 0 9.12211 9.82713 0.456761
8000 101.617 3.02085e-05 2.00077 0.546374 0.585456 0.868941 2.56359 0.00269222 0.137487 1.81136 1.45114 1.81928 1.8037 1.00882 1.24551 -1.04083e-17 -3.46945e-18 0 0 4.33985 5.19939 -0.134023 10.1088 1 0 0 9.06505 9.76472 0.456282
8005 101.617 3.02085e-05 1.99657 0.544149 0.582942 0.869482 2.3412 0.0026923 0.137144 1.81145 1.45114 1.81939 1.80378 1.00883 1.23547 -1.04083e-17 -3.46945e-18 0 0 0.970838 1.49362 0.351243 10.0498 1 0 0 9.01393 9.70871 0.455973
8010 101.618 3.02085e-05 1.99336 0.542252 0.58078 0.870331 2.16115 0.00269231 0.1368 1.81147 1.45114 1.81941 1.80378 1.00885 1.22709 -1.04083e-17 -3.46945e-18 0 0 -1.91162 -1.70731 0.763659 10.0041 1 0 0 8.968 9.65831 0.455823
8015 101.618 3.02085e-05 1.99099 0.540634 0.578914 0.871442 2.01623 0.00269225 0.136457 1.81142 1.45114 1.81937 1.80372 1.00888 1.22013 -1.04083e-17 -3.46945e-18 0 0 -4.33202 -4.42067 1.10752 9.96978 1 0 0 8.9265 9.61271 0.455817
8020 101.618 3.02085e-05 1.98932 0.53925 0.577296 0.872776 1.89998 0.00269213 0.136113 1.81131 1.45114 1.81927 1.80362 1.00892 1.21437 -1.04083e-17 -3.46945e-18 0 0 -6.33686 -6.68966 1.39025 9.94522 1 0 0 8.88872 9.57118 0.455938
8025 101.618 3.02085e-05 1.98824 0.538063 0.575883 0.874294 1.80685 0.00269196 0.13577 1.81116 1.45114 1.81911 1.80347 1.00898 1.20963 -1.04083e-17 -3.46945e-18 0 0 -7.98137 -8.56902 1.62045 9.92886 1 0 0 8.85408 9.53307 0.456173
8030 101.618 3.02085e-05 1.98764 0.537038 0.574639 0.875966 1.73229 0.00269175 0.135426 1.81097 1.45114 1.81892 1.80329 1.00904 1.20573 -1.04083e-17 -3.46945e-18 0 0 -9.32131 -10.1157 1.80665 9.91935 1 0 0 8.82202 9.49783 0.456506
8035 101.618 3.02085e-05 1.98745 0.536149 0.573533 0.877763 1.67254 0.00269151 0.135083 1.81075 1.45114 1.8187 1.80308 1.0091 1.20252 -1.04083e-17 -3.46945e-18 0 0 -10.4084 -11.3836 1.95664 9.91554 1 0 0 8.79213 9.46496 0.456926
8040 101.618 3.02085e-05 1.98758 0.535372 0.57254 0.879665 1.62462 0.00269124 0.134739 1.81051 1.45114 1.81844 1.80284 1.00917 1.19989 -1.04083e-17 -3.46945e-18 0 0 -11.2882 -12.4209 2.07723 9.91646 1 0 0 8.76401 9.43408 0.45742
8045 101.619 3.02085e-05 1.98798 0.534689 0.571641 0.881652 1.58612 0.00269096 0.134396 1.81025 1.45114 1.81817 1.80259 1.00924 1.19773 -1.04083e-17 -3.46945e-18 0 0 -11.9997 -13.2691 2.17417 9.92133 1 0 0 8.73738 9.40486 0.45798
8050 101.619 3.02085e-05 1.98861 0.534083 0.570818 0.883709 1.55514 0.00269065 0.134052 1.80997 1.45114 1.81787 1.80233 1.00932 1.19596 -1.04083e-17 -3.46945e-18 0 0 -12.5751 -13.9633 2.25217 9.92947 1 0 0 8.71199 9.37702 0.458595
8055 101.619 3.02085e-05 1.98943 0.533543 0.570059 0.885824 1.53017 0.00269033 0.133708 1.80968 1.45114 1.81756 1.80205 1.0094 1.19452 -1.04083e-17 -3.46945e-18 0 0 -13.041 -14.5322 2.31509 9.94037 1 0 0 8.68763 9.35036 0.45926
8060 101.619 3.02085e-05 1.9904 0.533059 0.569352 0.887988 1.51002 0.00269 0.133365 1.80937 1.45114 1.81724 1.80177 1.00948 1.19334 -1.04083e-17 -3.46945e-18 0 0 -13.4189 -14.9994 2.36601 9.95358 1 0 0 8.66413 9.32468 0.459967
8065 101.619 3.02085e-05 1.9915 0.532621 0.56869 0.890192 1.49375 0.00268966 0.133021 1.80906 1.45114 1.81691 1.80148 1.00956 1.19239 -1.04083e-17 -3.46945e-18 0 0 -13.7261 -15.3843 2.40736 9.96874 1 0 0 8.64138 9.29985 0.460711
8070 101.619 3.02085e-05 1.99272 0.532225 0.568066 0.892429 1.48062 0.00268931 0.132678 1.80874 1.45114 1.81657 1.80118 1.00964 1.19163 -1.04083e-17 -3.46945e-18 0 0 -13.9764 -15.7021 2.44111 9.98556 1 0 0 8.61926 9.27574 0.461487
8075 101.62 3.02085e-05 1.99403 0.531863 0.567473 0.894695 1.47004 0.00268896 0.132334 1.80842 1.45114 1.81623 1.80087 1.00972 1.19103 -1.04083e-17 -3.46945e-18 0 0 -14.1809 -15.9655 2.46878 10.0038 1 0 0 8.59769 9.25226 0.462292
8080 101.62 3.02085e-05 1.99542 0.531532 0.566907 0.896986 1.46157 0.00268859 0.131991 1.80809 1.45114 1.81587 1.80057 1.00981 1.19056 -1.04083e-17 -3.46945e-18 0 0 -14.3484 -16.1843 2.4916 10.0233 1 0 0 8.57658 9.22933 0.463122
8085 101.62 3.02085e-05 1.99689 0.531228 0.566365 0.899297 1.45483 0.00268823 0.131647 1.80775 1.45114 1.81552 1.80025 1.00989 1.1902 -1.04083e-17 -3.46945e-18 0 0 -14.4859 -16.3666 2.5105 10.0438 1 0 0 8.55589 9.20688 0.463974
8090 101.62 3.02085e-05 1.99842 0.530949 0.565844 0.901626 1.44953 0.00268786 0.131304 1.80742 1.45114 1.81515 1.79994 1.00998 1.18995 -1.04083e-17 -3.46945e-18 0 0 -14.5989 -16.5189 2.52625 10.0653 1 0 0 8.53557 9.18486 0.464847
8095 101.62 3.02085e-05 2 0.530691 0.565341 0.903971 1.44545 0.00268749 0.13096 1.80708 1.45114 1.81479 1.79962 1.01007 1.18977 -1.04083e-17 -3.46945e-18 0 0 -14.692 -16.6464 2.53944 10.0876 1 0 0 8.51558 9.16322 0.465737
8100 101.62 3.02085e-05 2.00164 0.530453 0.564854 0.906329 1.4424 0.00268712 0.130617 1.80673 1.45114 1.81442 1.79931 1.01015 1.18967 -1.04083e-17 -3.46945e-18 0 0 -14.7687 -16.7533 2.55055 10.1106 1 0 0 8.49589 9.14194 0.466644
8105 101.62 3.02085e-05 2.00331 0.530232 0.564382 0.9087 1.44023 0.00268674 0.130273 1.80639 1.45114 1.81405 1.79899 1.01024 1.18963 -1.04083e-17 -3.46945e-18 0 0 -14.8318 -16.8431 2.55995 10.1343 1 0 0 8.47647 9.12097 0.467566
8110 101.621 3.02085e-05 2.00503 0.530029 0.563922 0.911081 1.43883 0.00268636 0.129929 1.80604 1.45114 1.81368 1.79866 1.01033 1.18964 -1.04083e-17 -3.46945e-18 0 0 -14.8837 -16.9185 2.56794 10.1585 1 0 0 8.45729 9.10029 0.468501
8115 101.621 3.02085e-05 2.00679 0.52984 0.563475 0.913472 1.43809 0.00268598 0.129586 1.80569 1.45114 1.81331 1.79834 1.01042 1.18969 -1.04083e-17 -3.46945e-18 0 0 -14.9262 -16.9817 2.57476 10.1833 1 0 0 8.43835 9.07988 0.46945
8120 101.621 3.02085e-05 2.00858 0.529666 0.563038 0.915872 1.43796 0.0026856 0.129242 1.80535 1.45114 1.81293 1.79802 1.0105 1.18979 -1.04083e-17 -3.46945e-18 0 0 -14.9608 -17.0347 2.5806 10.2085 1 0 0 8.41962 9.05972 0.470409
8125 101.621 3.02085e-05 2.0104 0.529506 0.562611 0.91828 1.43835 0.00268522 0.128899 1.805 1.45114 1.81256 1.7977 1.01059 1.18992 -1.04083e-17 -3.46945e-18 0 0 -14.9887 -17.0789 2.58561 10.2342 1 0 0 8.40109 9.0398 0.47138
8130 101.621 3.02085e-05 2.01225 0.529358 0.562194 0.920695 1.43922 0.00268484 0.128555 1.80465 1.45114 1.81218 1.79737 1.01068 1.19007 -1.04083e-17 -3.46945e-18 0 0 -15.0109 -17.1156 2.58992 10.2602 1 0 0 8.38275 9.02009 0.472361
8135 101.621 3.02085e-05 2.01412 0.529223 0.561785 0.923117 1.44054 0.00268446 0.128212 1.80429 1.45114 1.81181 1.79705 1.01077 1.19026 -1.04083e-17 -3.46945e-18 0 0 -15.0282 -17.1459 2.59363 10.2866 1 0 0 8.36458 9.0006 0.473352
8140 101.621 3.02085e-05 2.01603 0.529099 0.561385 0.925545 1.44227 0.00268408 0.127868 1.80394 1.45114 1.81143 1.79672 1.01086 1.19046 -1.04083e-17 -3.46945e-18 0 0 -15.0413 -17.1705 2.59683 10.3133 1 0 0 8.34659 8.9813 0.474353
8145 101.622 3.02085e-05 2.01796 0.528985 0.560992 0.927978 1.44438 0.00268369 0.127525 1.80359 1.45114 1.81105 1.7964 1.01095 1.19068 -1.04083e-17 -3.46945e-18 0 0 -15.0506 -17.1903 2.59957 10.3404 1 0 0 8.32876 8.9622 0.475362
8150 101.622 3.02085e-05 2.01991 0.528883 0.560606 0.930417 1.44685 0.00268331 0.127181 1.80324 1.45114 1.81067 1.79607 1.01104 1.19092 -1.04083e-17 -3.46945e-18 0 0 -15.0568 -17.2057 2.60192 10.3677 1 0 0 8.31108 8.94327 0.476379
8155 101.622 3.02085e-05 2.02188 0.528791 0.560227 0.932861 1.44968 0.00268293 0.126838 1.80289 1.45114 1.81029 1.79575 1.01113 1.19116 -1.04083e-17 -3.46945e-18 0 0 -15.06 -17.2173 2.60392 10.3952 1 0 0 8.29356 8.92452 0.477405
8160 101.622 3.02085e-05 2.02387 0.528708 0.559854 0.93531 1.45284 0.00268254 0.126494 1.80254 1.45114 1.80991 1.79542 1.01121 1.19142 -1.04083e-17 -3.46945e-18 0 0 -15.0607 -17.2255 2.60561 10.423 1 0 0 8.27617 8.90593 0.478438
8165 101.622 3.02085e-05 2.02589 0.528635 0.559487 0.937763 1.45634 0.00268216 0.12615 1.80218 1.45114 1.80953 1.7951 1.0113 1.19169 -1.04083e-17 -3.46945e-18 0 0 -15.059 -17.2306 2.60702 10.451 1 0 0 8.25893 8.8875 0.479479
8170 101.622 3.02085e-05 2.02792 0.528572 0.559127 0.940221 1.46017 0.00268177 0.125807 1.80183 1.45114 1.80916 1.79477 1.01139 1.19196 -1.04083e-17 -3.46945e-18 0 0 -15.0553 -17.2329 2.60816 10.4792 1 0 0 8.24182 8.86923 0.480527
8175 101.622 3.02085e-05 2.02997 0.528517 0.558771 0.942682 1.46431 0.00268139 0.125463 1.80148 1.45114 1.80878 1.79445 1.01148 1.19223 -1.04083e-17 -3.46945e-18 0 0 -15.0496 -17.2328 2.60908 10.5076 1 0 0 8.22484 8.85111 0.481583
8180 101.623 3.02085e-05 2.03204 0.528471 0.558421 0.945147 1.46879 0.00268101 0.12512 1.80113 1.45114 1.8084 1.79412 1.01157 1.19251 -1.04083e-17 -3.46945e-18 0 0 -15.0421 -17.2303 2.60977 10.5361 1 0 0 8.20799 8.83313 0.482645
8185 101.623 3.02085e-05 2.03412 0.528433 0.558076 0.947615 1.47359 0.00268063 0.124776 1.80078 1.45114 1.80802 1.7938 1.01166 1.19278 -1.04083e-17 -3.46945e-18 0 0 -15.033 -17.2257 2.61026 10.5649 1 0 0 8.19126 8.81529 0.483714
8190 101.623 3.02085e-05 2.03623 0.528404 0.557736 0.950087 1.47872 0.00268024 0.124433 1.80043 1.45114 1.80764 1.79347 1.01175 1.19306 -1.04083e-17 -3.46945e-18 0 0 -15.0223 -17.2191 2.61055 10.5937 1 0 0 8.17464 8.79758 0.48479
8195 101.623 3.02085e-05 2.03835 0.528382 0.557401 0.952562 1.48419 0.00267986 0.124089 1.80007 1.45114 1.80726 1.79315 1.01184 1.19333 -1.04083e-17 -3.46945e-18 0 0 -15.0102 -17.2107 2.61067 10.6227 1 0 0 8.15815 8.78 0.485871
8200 101.623 3.02085e-05 2.04048 0.528369 0.55707 0.95504 1.49 0.00267948 0.123746 1.79972 1.45114 1.80688 1.79283 1.01193 1.1936 -1.04083e-17 -3.46945e-18 0 0 -14.9967 -17.2005 2.61061 10.6519 1 0 0 8.14176 8.76256 0.48696
8205 101.623 3.02085e-05 2.04263 0.528363 0.556743 0.95752 1.49616 0.0026791 0.123402 1.79937 1.45114 1.80651 1.7925 1.01202 1.19386 -1.04083e-17 -3.46945e-18 0 0 -14.9819 -17.1887 2.61038 10.6811 1 0 0 8.12549 8.74523 0.488054
8210 101.624 3.02085e-05 2.04479 0.528364 0.55642 0.960004 1.50268 0.00267871 0.123058 1.79902 1.45114 1.80613 1.79218 1.01211 1.19412 -1.04083e-17 -3.46945e-18 0 0 -14.9658 -17.1752 2.60998 10.7104 1 0 0 8.10932 8.72802 0.489154
8215 101.624 3.02085e-05 2.04696 0.528372 0.556101 0.962489 1.50958 0.00267833 0.122715 1.79867 1.45114 1.80575 1.79186 1.01219 1.19436 -1.04083e-17 -3.46945e-18 0 0 -14.9485 -17.1603 2.60943 10.7398 1 0 0 8.09325 8.71093 0.49026
8220 101.624 3.02085e-05 2.04915 0.528388 0.555786 0.964977 1.51686 0.00267795 0.122371 1.79832 1.45114 1.80537 1.79154 1.01228 1.1946 -1.04083e-17 -3.46945e-18 0 0 -14.9301 -17.144 2.60872 10.7693 1 0 0 8.07729 8.69394 0.491372
8225 101.624 3.02085e-05 2.05135 0.52841 0.555475 0.967467 1.52454 0.00267757 0.122028 1.79798 1.45114 1.805 1.79121 1.01237 1.19483 -1.04083e-17 -3.46945e-18 0 0 -14.9105 -17.1263 2.60786 10.7989 1 0 0 8.06142 8.67707 0.49249
8230 101.624 3.02085e-05 2.05356 0.528439 0.555167 0.969959 1.53264 0.00267719 0.121684 1.79763 1.45114 1.80462 1.79089 1.01246 1.19504 -1.04083e-17 -3.46945e-18 0 0 -14.8898 -17.1072 2.60684 10.8286 1 0 0 8.04564 8.6603 0.493612
8235 101.624 3.02085e-05 2.05579 0.528474 0.554862 0.972453 1.54116 0.00267682 0.121341 1.79728 1.45114 1.80425 1.79057 1.01255 1.19524 -1.04083e-17 -3.46945e-18 0 0 -14.868 -17.0867 2.60568 10.8582 1 0 0 8.02996 8.64363 0.494741
8240 101.624 3.02085e-05 2.05802 0.528516 0.55456 0.974948 1.55013 0.00267644 0.120997 1.79693 1.45114 1.80387 1.79025 1.01264 1.19543 -1.04083e-17 -3.46945e-18 0 0 -14.8451 -17.0651 2.60436 10.888 1 0 0 8.01437 8.62706 0.495874
8245 101.625 3.02085e-05 2.06027 0.528563 0.554261 0.977445 1.55956 0.00267606 0.120654 1.79659 1.45114 1.8035 1.78993 1.01273 1.1956 -1.04083e-17 -3.46945e-18 0 0 -14.8212 -17.0421 2.60289 10.9177 1 0 0 7.99886 8.61059 0.497012
8250 101.625 3.02085e-05 2.06252 0.528617 0.553965 0.979943 1.56947 0.00267568 0.12031 1.79624 1.45114 1.80312 1.78961 1.01282 1.19576 -1.04083e-17 -3.46945e-18 0 0 -14.7962 -17.0179 2.60127 10.9475 1 0 0 7.98344 8.59421 0.498156
8255 101.625 3.02085e-05 2.06479 0.528676 0.553671 0.982442 1.57989 0.00267531 0.119967 1.79589 1.45114 1.80275 1.7893 1.01291 1.1959 -1.04083e-17 -3.46945e-18 0 0 -14.7703 -16.9925 2.59949 10.9773 1 0 0 7.96811 8.57791 0.499304
8260 101.625 3.02085e-05 2.06706 0.528741 0.55338 0.984942 1.59083 0.00267493 0.119623 1.79555 1.45114 1.80238 1.78898 1.013 1.19602 -1.04083e-17 -3.46945e-18 0 0 -14.7433 -16.9658 2.59756 11.0071 1 0 0 7.95285 8.56171 0.500457
8265 101.625 3.02085e-05 2.06934 0.52881 0.553091 0.987443 1.60232 0.00267456 0.119279 1.79521 1.45114 1.80201 1.78866 1.01309 1.19612 -1.04083e-17 -3.46945e-18 0 0 -14.7152 -16.938 2.59546 11.0369 1 0 0 7.93766 8.54558 0.501615
8270 101.625 3.02085e-05 2.07163 0.528885 0.552804 0.989944 1.61439 0.00267418 0.118936 1.79486 1.45114 1.80164 1.78835 1.01317 1.1962 -1.04083e-17 -3.46945e-18 0 0 -14.6862 -16.9089 2.59321 11.0667 1 0 0 7.92255 8.52954 0.502776
8275 101.625 3.02085e-05 2.07393 0.528965 0.55252 0.992446 1.62705 0.00267381 0.118592 1.79452 1.45114 1.80127 1.78803 1.01326 1.19626 -1.04083e-17 -3.46945e-18 0 0 -14.6561 -16.8787 2.59079 11.0964 1 0 0 7.90751 8.51357 0.503943
8280 101.626 3.02085e-05 2.07623 0.52905 0.552237 0.994948 1.64034 0.00267344 0.118249 1.79418 1.45114 1.8009 1.78772 1.01335 1.1963 -1.04083e-17 -3.46945e-18 0 0 -14.625 -16.8472 2.58819 11.1261 1 0 0 7.89254 8.49768 0.505113
8285 101.626 3.02085e-05 2.07854 0.529139 0.551956 0.99745 1.65428 0.00267307 0.117905 1.79384 1.45114 1.80053 1.7874 1.01344 1.19631 -1.04083e-17 -3.46945e-18 0 0 -14.5929 -16.8146 2.58543 11.1558 1 0 0 7.87764 8.48185 0.506287
8290 101.626 3.02085e-05 2.08086 0.529232 0.551676 0.999952 1.66891 0.0026727 0.117562 1.7935 1.45114 1.80016 1.78709 1.01353 1.1963 -1.04083e-17 -3.46945e-18 0 0 -14.5597 -16.7807 2.58248 11.1854 1 0 0 7.8628 8.4661 0.507466
8295 101.626 3.02085e-05 2.08318 0.529329 0.551398 1.00245 1.68426 0.00267233 0.117218 1.79316 1.45114 1.7998 1.78678 1.01362 1.19627 -1.04083e-17 -3.46945e-18 0 0 -14.5254 -16.7455 2.57935 11.215 1 0 0 7.84802 8.45041 0.508648
8300 101.626 3.02085e-05 2.08551 0.529431 0.551121 1.00495 1.70036 0.00267196 0.116875 1.79282 1.45114 1.79943 1.78646 1.0137 1.1962 -1.04083e-17 -3.46945e-18 0 0 -14.4901 -16.7092 2.57602 11.2445 1 0 0 7.8333 8.43479 0.509833
8305 101.626 3.02085e-05 2.08783 0.529535 0.550845 1.00745 1.71725 0.00267159 0.116531 1.79248 1.45114 1.79906 1.78615 1.01379 1.19611 -1.04083e-17 -3.46945e-18 0 0 -14.4537 -16.6715 2.5725 11.2739 1 0 0 7.81864 8.41922 0.511022
8310 101.627 3.02085e-05 2.09017 0.529643 0.55057 1.00995 1.73497 0.00267123 0.116188 1.79214 1.45114 1.7987 1.78584 1.01388 1.19599 -1.04083e-17 -3.46945e-18 0 0 -14.4161 -16.6326 2.56877 11.3032 1 0 0 7.80402 8.40371 0.512214
8315 101.627 3.02085e-05 2.0925 0.529754 0.550296 1.01245 1.75356 0.00267086 0.115844 1.79181 1.45114 1.79834 1.78553 1.01397 1.19584 -1.04083e-17 -3.46945e-18 0 0 -14.3775 -16.5924 2.56483 11.3324 1 0 0 7.78946 8.38825 0.513409
8320 101.627 3.02085e-05 2.09484 0.529869 0.550022 1.01495 1.77306 0.0026705 0.1155 1.79147 1.45114 1.79797 1.78523 1.01406 1.19566 -1.04083e-17 -3.46945e-18 0 0 -14.3376 -16.5508 2.56066 11.3614 1 0 0 7.77494 8.37284 0.514607
8325 101.627 3.02085e-05 2.09717 0.529985 0.549749 1.01744 1.79351 0.00267013 0.115157 1.79114 1.45114 1.79761 1.78492 1.01414 1.19545 -1.04083e-17 -3.46945e-18 0 0 -14.2966 -16.5079 2.55626 11.3904 1 0 0 7.76047 8.35749 0.515807
8330 101.627 3.02085e-05 2.09951 0.530104 0.549476 1.01993 1.81497 0.00266977 0.114813 1.79081 1.45114 1.79725 1.78461 1.01423 1.19521 -1.04083e-17 -3.46945e-18 0 0 -14.2543 -16.4635 2.55161 11.4192 1 0 0 7.74604 8.34217 0.51701
8335 101.627 3.02085e-05 2.10185 0.530225 0.549202 1.02242 1.83749 0.00266941 0.11447 1.79047 1.45114 1.79689 1.78431 1.01432 1.19493 -1.04083e-17 -3.46945e-18 0 0 -14.2107 -16.4177 2.54671 11.4478 1 0 0 7.73165 8.3269 0.518215
8340 101.627 3.02085e-05 2.10419 0.530348 0.548929 1.02491 1.86113 0.00266905 0.114126 1.79014 1.45114 1.79654 1.784 1.01441 1.19461 -1.04083e-17 -3.46945e-18 0 0 -14.1659 -16.3705 2.54153 11.4763 1 0 0 7.71729 8.31166 0.519423
8345 101.628 3.02085e-05 2.10652 0.530472 0.548656 1.02739 1.88593 0.00266869 0.113783 1.78981 1.45114 1.79618 1.7837 1.01449 1.19426 -1.04083e-17 -3.46945e-18 0 0 -14.1197 -16.3216 2.53608 11.5046 1 0 0 7.70296 8.29646 0.520632
8350 101.628 3.02085e-05 2.10885 0.530597 0.548382 1.02987 1.91197 0.00266833 0.113439 1.78948 1.45114 1.79582 1.7834 1.01458 1.19387 -1.04083e-17 -3.46945e-18 0 0 -14.0721 -16.2712 2.53033 11.5327 1 0 0 7.68866 8.28129 0.521842
8355 101.628 3.02085e-05 2.11118 0.530723 0.548107 1.03235 1.93931 0.00266798 0.113096 1.78916 1.45114 1.79547 1.7831 1.01467 1.19344 -1.04083e-17 -3.46945e-18 0 0 -14.023 -16.2191 2.52427 11.5606 1 0 0 7.67439 8.26616 0.523054
8360 101.628 3.02085e-05 2.11351 0.53085 0.547831 1.03482 1.96803 0.00266762 0.112752 1.78883 1.45114 1.79512 1.7828 1.01475 1.19297 -1.04083e-17 -3.46945e-18 0 0 -13.9723 -16.1653 2.51787 11.5883 1 0 0 7.66013 8.25104 0.524266
8365 101.628 3.02085e-05 2.11582 0.530977 0.547554 1.03729 1.99819 0.00266727 0.112409 1.78851 1.45114 1.79476 1.7825 1.01484 1.19246 -1.04083e-17 -3.46945e-18 0 0 -13.9201 -16.1097 2.51112 11.6158 1 0 0 7.6459 8.23595 0.52548
8370 101.628 3.02085e-05 2.11814 0.531103 0.547276 1.03976 2.02988 0.00266692 0.112065 1.78818 1.45114 1.79441 1.7822 1.01492 1.19191 -1.04083e-17 -3.46945e-18 0 0 -13.8662 -16.0522 2.504 11.643 1 0 0 7.63168 8.22087 0.526694
8375 101.628 3.02085e-05 2.12044 0.531229 0.546996 1.04222 2.06318 0.00266657 0.111721 1.78786 1.45114 1.79406 1.7819 1.01501 1.19131 -1.04083e-17 -3.46945e-18 0 0 -13.8106 -15.9927 2.49649 11.6699 1 0 0 7.61747 8.20581 0.527908
8380 101.629 3.02085e-05 2.12274 0.531354 0.546714 1.04467 2.0982 0.00266622 0.111378 1.78754 1.45114 1.79372 1.78161 1.01509 1.19067 -1.04083e-17 -3.46945e-18 0 0 -13.753 -15.9312 2.48855 11.6966 1 0 0 7.60326 8.19076 0.529121
8385 101.629 3.02085e-05 2.12502 0.531477 0.54643 1.04711 2.13502 0.00266587 0.111034 1.78722 1.45114 1.79337 1.78131 1.01518 1.18997 -1.04083e-17 -3.46945e-18 0 0 -13.6935 -15.8674 2.48017 11.723 1 0 0 7.58906 8.17572 0.530334
8390 101.629 3.02085e-05 2.1273 0.531598 0.546144 1.04955 2.17377 0.00266552 0.110691 1.7869 1.45114 1.79302 1.78102 1.01526 1.18923 -1.04083e-17 -3.46945e-18 0 0 -13.632 -15.8013 2.4713 11.749 1 0 0 7.57485 8.16068 0.531546
8395 101.629 3.02085e-05 2.12956 0.531717 0.545854 1.05199 2.21455 0.00266518 0.110347 1.78658 1.45114 1.79268 1.78073 1.01535 1.18844 -1.04083e-17 -3.46945e-18 0 0 -13.5681 -15.7327 2.46192 11.7747 1 0 0 7.56064 8.14563 0.532757
8400 101.629 3.02085e-05 2.13181 0.531834 0.545562 1.05441 2.25749 0.00266484 0.110004 1.78627 1.45114 1.79234 1.78044 1.01543 1.1876 -1.04083e-17 -3.46945e-18 0 0 -13.502 -15.6615 2.45199 11.8001 1 0 0 7.54642 8.13058 0.533966
8405 101.629 3.02085e-05 2.13404 0.531946 0.545267 1.05683 2.30272 0.0026645 0.10966 1.78595 1.45114 1.792 1.78015 1.01552 1.1867 -1.04083e-17 -3.46945e-18 0 0 -13.4332 -15.5874 2.44146 11.8251 1 0 0 7.53217 8.11552 0.535172
8410 101.63 3.02085e-05 2.13626 0.532055 0.544968 1.05924 2.3504 0.00266416 0.109317 1.78564 1.45114 1.79166 1.77987 1.0156 1.18574 -1.04083e-17 -3.46945e-18 0 0 -13.3617 -15.5103 2.43029 11.8497 1 0 0 7.51791 8.10045 0.536376
8415 101.63 3.02085e-05 2.13846 0.53216 0.544665 1.06163 2.40067 0.00266382 0.108973 1.78533 1.45114 1.79132 1.77958 1.01568 1.18473 -1.04083e-17 -3.46945e-18 0 0 -13.2872 -15.4298 2.41842 11.8738 1 0 0 7.50361 8.08535 0.537577
8420 101.63 3.02085e-05 2.14064 0.532259 0.544358 1.06402 2.45371 0.00266348 0.10863 1.78502 1.45114 1.79099 1.7793 1.01577 1.18366 -1.04083e-17 -3.46945e-18 0 0 -13.2095 -15.3458 2.4058 11.8975 1 0 0 7.48929 8.07023 0.538773
8425 101.63 3.02085e-05 2.14279 0.532352 0.544046 1.06639 2.50971 0.00266315 0.108286 1.78472 1.45114 1.79066 1.77902 1.01585 1.18252 -1.04083e-17 -3.46945e-18 0 0 -13.1283 -15.2579 2.39235 11.9208 1 0 0 7.47492 8.05508 0.539965
8430 101.63 3.02085e-05 2.14492 0.532439 0.543728 1.06876 2.56886 0.00266282 0.107942 1.78441 1.45114 1.79033 1.77874 1.01593 1.18132 -1.04083e-17 -3.46945e-18 0 0 -13.0432 -15.1657 2.37801 11.9435 1 0 0 7.4605 8.03988 0.541152
8435 101.63 3.02085e-05 2.14703 0.532519 0.543405 1.0711 2.63137 0.00266249 0.107599 1.78411 1.45114 1.79 1.77846 1.01601 1.18005 -1.04083e-17 -3.46945e-18 0 0 -12.9538 -15.0688 2.36268 11.9657 1 0 0 7.44602 8.02464 0.542333
8440 101.63 3.02085e-05 2.1491 0.53259 0.543076 1.07344 2.69749 0.00266216 0.107255 1.78381 1.45114 1.78967 1.77818 1.01609 1.17871 -1.04083e-17 -3.46945e-18 0 0 -12.8597 -14.9667 2.34627 11.9873 1 0 0 7.43148 8.00935 0.543507
8445 101.631 3.02085e-05 2.15115 0.532653 0.54274 1.07576 2.76746 0.00266184 0.106912 1.78351 1.45114 1.78935 1.77791 1.01617 1.1773 -1.04083e-17 -3.46945e-18 0 0 -12.7603 -14.8587 2.32867 12.0084 1 0 0 7.41687 7.994 0.544673
8450 101.631 3.02085e-05 2.15316 0.532706 0.542397 1.07806 2.84156 0.00266152 0.106568 1.78321 1.45114 1.78903 1.77764 1.01625 1.1758 -1.04083e-17 -3.46945e-18 0 0 -12.655 -14.7442 2.30975 12.0287 1 0 0 7.40218 7.97857 0.545831
8455 101.631 3.02085e-05 2.15513 0.532747 0.542046 1.08034 2.92006 0.0026612 0.106225 1.78292 1.45114 1.78871 1.77737 1.01633 1.17423 -1.04083e-17 -3.46945e-18 0 0 -12.543 -14.6224 2.28936 12.0484 1 0 0 7.38739 7.96307 0.546979
8460 101.631 3.02085e-05 2.15706 0.532777 0.541685 1.0826 3.00328 0.00266088 0.105881 1.78263 1.45114 1.78839 1.7771 1.01641 1.17257 -1.04083e-17 -3.46945e-18 0 0 -12.4234 -14.4922 2.26734 12.0673 1 0 0 7.37249 7.94747 0.548116
8465 101.631 3.02085e-05 2.15895 0.532793 0.541315 1.08484 3.09156 0.00266057 0.105538 1.78234 1.45114 1.78808 1.77684 1.01648 1.17082 -1.04083e-17 -3.46945e-18 0 0 -12.2951 -14.3524 2.2435 12.0854 1 0 0 7.35747 7.93177 0.549241
8470 101.631 3.02085e-05 2.16078 0.532795 0.540935 1.08705 3.18521 0.00266026 0.105194 1.78206 1.45114 1.78777 1.77658 1.01656 1.16897 -1.04083e-17 -3.46945e-18 0 0 -12.1568 -14.2016 2.2176 12.1027 1 0 0 7.34231 7.91594 0.550353
8475 101.631 3.02085e-05 2.16256 0.53278 0.540542 1.08924 3.2846 0.00265996 0.104851 1.78178 1.45114 1.78747 1.77632 1.01664 1.16702 -1.04083e-17 -3.46945e-18 0 0 -12.0068 -14.038 2.18938 12.119 1 0 0 7.32701 7.89998 0.551449
8480 101.632 3.02085e-05 2.16428 0.532747 0.540137 1.09139 3.39008 0.00265966 0.104507 1.7815 1.45114 1.78716 1.77607 1.01671 1.16496 -1.04083e-17 -3.46945e-18 0 0 -11.8434 -13.8594 2.15855 12.1343 1 0 0 7.31152 7.88386 0.552528
8485 101.632 3.02085e-05 2.16593 0.532695 0.539717 1.09352 3.50196 0.00265936 0.104163 1.78123 1.45114 1.78687 1.77582 1.01678 1.16278 -1.04083e-17 -3.46945e-18 0 0 -11.6642 -13.6633 2.12475 12.1484 1 0 0 7.29584 7.86756 0.553588
8490 101.632 3.02085e-05 2.16751 0.53262 0.53928 1.09561 3.62056 0.00265907 0.10382 1.78096 1.45114 1.78657 1.77557 1.01685 1.16048 -1.04083e-17 -3.46945e-18 0 0 -11.4663 -13.4464 2.08758 12.1613 1 0 0 7.27994 7.85105 0.554626
8495 101.632 3.02085e-05 2.169 0.53252 0.538826 1.09766 3.7461 0.00265878 0.103476 1.78069 1.45114 1.78629 1.77533 1.01693 1.15803 -1.04083e-17 -3.46945e-18 0 0 -11.2463 -13.2048 2.04655 12.1729 1 0 0 7.26379 7.83429 0.55564
8500 101.632 3.02085e-05 2.17041 0.532394 0.53835 1.09966 3.87869 0.0026585 0.103133 1.78044 1.45114 1.786 1.77509 1.01699 1.15544 -1.04083e-17 -3.46945e-18 0 0 -11.0002 -12.934 2.00114 12.183 1 0 0 7.24735 7.81724 0.556627
8505 101.632 3.02085e-05 2.1717 0.532236 0.537851 1.10162 4.01828 0.00265822 0.102789 1.78018 1.45114 1.78573 1.77486 1.01706 1.15268 -1.04083e-17 -3.46945e-18 0 0 -10.7232 -12.6281 1.95072 12.1914 1 0 0 7.23058 7.79986 0.557583
8510 101.633 3.02085e-05 2.17289 0.532044 0.537326 1.10352 4.16453 0.00265796 0.102446 1.77994 1.45114 1.78546 1.77464 1.01713 1.14973 -1.04083e-17 -3.46945e-18 0 0 -10.4094 -12.2806 1.89463 12.1979 1 0 0 7.21343 7.78208 0.558505
8515 101.633 3.02085e-05 2.17394 0.531813 0.536769 1.10536 4.31675 0.0026577 0.102102 1.7797 1.45114 1.7852 1.77442 1.01719 1.14658 -1.04083e-17 -3.46945e-18 0 0 -10.0524 -11.8838 1.83213 12.2023 1 0 0 7.19586 7.76383 0.559387
8520 101.633 3.02085e-05 2.17484 0.531539 0.536177 1.10713 4.47375 0.00265745 0.101759 1.77947 1.45114 1.78496 1.77422 1.01725 1.14321 -1.04083e-17 -3.46945e-18 0 0 -9.6451 -11.429 1.76247 12.2044 1 0 0 7.1778 7.74502 0.560226
8525 101.633 3.02085e-05 2.17558 0.531216 0.535544 1.10882 4.63366 0.00265722 0.101415 1.77926 1.45114 1.78472 1.77402 1.01731 1.13959 -1.04083e-17 -3.46945e-18 0 0 -9.17995 -10.9072 1.68495 12.2038 1 0 0 7.15918 7.72554 0.561015
8530 101.633 3.02085e-05 2.17614 0.530838 0.534865 1.11044 4.79385 0.00265699 0.101071 1.77905 1.45114 1.78449 1.77383 1.01737 1.13569 -1.04083e-17 -3.46945e-18 0 0 -8.65013 -10.3097 1.59901 12.2003 1 0 0 7.13994 7.70529 0.561749
8535 101.633 3.02085e-05 2.17649 0.5304 0.534132 1.11196 4.95081 0.00265678 0.100728 1.77886 1.45114 1.78428 1.77366 1.01742 1.13149 -1.04083e-17 -3.46945e-18 0 0 -8.05059 -9.62988 1.50439 12.1935 1 0 0 7.11999 7.68411 0.56242
8540 101.633 3.02085e-05 2.17661 0.529895 0.533339 1.11337 5.10025 0.00265659 0.100384 1.77869 1.45114 1.78409 1.7735 1.01747 1.12696 -1.04083e-17 -3.46945e-18 0 0 -7.38003 -8.86521 1.40135 12.1832 1 0 0 7.09927 7.66187 0.563024
8545 101.634 3.02085e-05 2.17648 0.529317 0.532481 1.11468 5.23744 0.00265642 0.100041 1.77853 1.45114 1.78392 1.77336 1.01752 1.12209 -1.04083e-17 -3.46945e-18 0 0 -6.64322 -8.02027 1.29086 12.1691 1 0 0 7.0777 7.63843 0.563553
8550 101.634 3.02085e-05 2.17609 0.528662 0.531552 1.11588 5.35782 0.00265626 0.0996973 1.77839 1.45114 1.78376 1.77324 1.01756 1.11687 -1.04083e-17 -3.46945e-18 0 0 -5.85334 -7.10965 1.17483 12.1511 1 0 0 7.05526 7.61367 0.564003
8555 101.634 3.02085e-05 2.17544 0.527926 0.53055 1.11696 5.45795 0.00265613 0.0993538 1.77827 1.45114 1.78363 1.77314 1.01759 1.11131 -1.04083e-17 -3.46945e-18 0 0 -5.03343 -6.15992 1.05621 12.1294 1 0 0 7.03192 7.58749 0.56437
8560 101.634 3.02085e-05 2.17451 0.527111 0.529476 1.11792 5.53655 0.00265602 0.0990102 1.77818 1.45114 1.78352 1.77306 1.01763 1.10546 -1.04083e-17 -3.46945e-18 0 0 -4.21585 -5.20914 0.938819 12.1043 1 0 0 7.00771 7.55988 0.564652
8565 101.634 3.02085e-05 2.17333 0.526218 0.528335 1.11877 5.59513 0.00265593 0.0986667 1.7781 1.45114 1.78343 1.77299 1.01766 1.09936 -1.04083e-17 -3.46945e-18 0 0 -3.43922 -4.3031 0.826989 12.0764 1 0 0 6.9827 7.5309 0.56485
8570 101.634 3.02085e-05 2.17191 0.525255 0.527136 1.11952 5.63798 0.00265586 0.0983231 1.77804 1.45114 1.78336 1.77295 1.01768 1.09309 -1.04083e-17 -3.46945e-18 0 0 -2.7429 -3.48853 0.724943 12.0464 1 0 0 6.95701 7.5007 0.564968
8575 101.634 3.02085e-05 2.17031 0.524231 0.525892 1.12018 5.67127 0.00265581 0.0979796 1.778 1.45114 1.7833 1.77292 1.01771 1.08673 -1.04083e-17 -3.46945e-18 0 0 -2.1608 -2.8052 0.636161 12.0152 1 0 0 6.93078 7.46949 0.565014
8580 101.635 3.02085e-05 2.16854 0.523159 0.524615 1.12077 5.70162 0.00265577 0.097636 1.77797 1.45114 1.78326 1.7729 1.01773 1.08037 -1.04083e-17 -3.46945e-18 0 0 -1.71622 -2.27968 0.562891 11.9839 1 0 0 6.90419 7.43757 0.564994
8585 101.635 3.02085e-05 2.16667 0.522051 0.523321 1.1213 5.73475 0.00265575 0.0972925 1.77795 1.45114 1.78323 1.77289 1.01775 1.07408 -1.04083e-17 -3.46945e-18 0 0 -1.41937 -1.9225 0.505961 11.9531 1 0 0 6.87743 7.40524 0.564921
8590 101.635 3.02085e-05 2.16473 0.520923 0.522023 1.12178 5.7746 0.00265573 0.0969489 1.77794 1.45114 1.78321 1.77289 1.01776 1.06791 -1.04083e-17 -3.46945e-18 0 0 -1.26777 -1.72911 0.464886 11.9236 1 0 0 6.85068 7.3728 0.564805
8595 101.635 3.02085e-05 2.16276 0.519788 0.520733 1.12224 5.82308 0.00265571 0.0966054 1.77793 1.45114 1.78319 1.77289 1.01778 1.06191 -1.04083e-17 -3.46945e-18 0 0 -1.24885 -1.68358 0.438195 11.8957 1 0 0 6.82412 7.34053 0.564658
8600 101.635 3.02085e-05 2.1608 0.518657 0.519459 1.12269 5.88036 0.00265569 0.0962618 1.77792 1.45114 1.78316 1.77289 1.01779 1.05609 -1.04083e-17 -3.46945e-18 0 0 -1.34363 -1.76324 0.423828 11.8697 1 0 0 6.79789 7.30867 0.564489
8605 101.635 3.02085e-05 2.15888 0.517543 0.51821 1.12313 5.94537 0.00265566 0.0959183 1.7779 1.45114 1.78314 1.77288 1.01781 1.05046 -1.04083e-17 -3.46945e-18 0 0 -1.53034 -1.94305 0.419512 11.8458 1 0 0 6.77211 7.2774 0.564308
8610 101.636 3.02085e-05 2.15701 0.516452 0.51699 1.12357 6.01633 0.00265564 0.0955747 1.77788 1.45114 1.78311 1.77287 1.01782 1.04502 -1.04083e-17 -3.46945e-18 0 0 -1.78726 -2.19875 0.42304 11.8239 1 0 0 6.74689 7.24685 0.564124
8615 101.636 3.02085e-05 2.15522 0.515392 0.515803 1.12403 6.09119 0.0026556 0.0952312 1.77785 1.45114 1.78307 1.77285 1.01784 1.03978 -1.04083e-17 -3.46945e-18 0 0 -2.09465 -2.50878 0.432437 11.804 1 0 0 6.72228 7.21713 0.563943
8620 101.636 3.02085e-05 2.15351 0.514368 0.51465 1.12449 6.16791 0.00265556 0.0948876 1.77781 1.45114 1.78303 1.77282 1.01785 1.03472 -1.04083e-17 -3.46945e-18 0 0 -2.4356 -2.85501 0.446033 11.786 1 0 0 6.69833 7.1883 0.563772
8625 101.636 3.02085e-05 2.15189 0.513382 0.513532 1.12498 6.24468 0.0026555 0.0945441 1.77777 1.45114 1.78298 1.77279 1.01787 1.02983 -1.04083e-17 -3.46945e-18 0 0 -2.79629 -3.22281 0.462462 11.77 1 0 0 6.67506 7.16039 0.563614
8630 101.636 3.02085e-05 2.15037 0.512438 0.512451 1.12548 6.31996 0.00265544 0.0942006 1.77772 1.45114 1.78291 1.77274 1.01788 1.0251 -1.04083e-17 -3.46945e-18 0 0 -3.16574 -3.60065 0.480631 11.7557 1 0 0 6.6525 7.13341 0.563473
8635 101.636 3.02085e-05 2.14894 0.511536 0.511403 1.126 6.39258 0.00265537 0.093857 1.77765 1.45114 1.78284 1.77269 1.0179 1.02054 -1.04083e-17 -3.46945e-18 0 0 -3.53546 -3.97958 0.499671 11.7433 1 0 0 6.63063 7.10736 0.563353
8640 101.636 3.02085e-05 2.14761 0.510676 0.51039 1.12655 6.46166 0.00265529 0.0935135 1.77758 1.45114 1.78277 1.77262 1.01792 1.01614 -1.04083e-17 -3.46945e-18 0 0 -3.89895 -4.35269 0.518891 11.7326 1 0 0 6.60944 7.08222 0.563255
8645 101.637 3.02085e-05 2.14638 0.509857 0.50941 1.12711 6.52661 0.0026552 0.0931699 1.7775 1.45114 1.78268 1.77255 1.01794 1.01188 -1.04083e-17 -3.46945e-18 0 0 -4.25132 -4.71473 0.537735 11.7235 1 0 0 6.58892 7.05798 0.563181
8650 101.637 3.02085e-05 2.14524 0.50908 0.508462 1.12769 6.58709 0.00265511 0.0928264 1.77741 1.45114 1.78258 1.77247 1.01795 1.00777 -1.04083e-17 -3.46945e-18 0 0 -4.58892 -5.06168 0.555756 11.7161 1 0 0 6.56904 7.0346 0.563133
8655 101.637 3.02085e-05 2.14418 0.508342 0.507544 1.1283 6.64294 0.002655 0.0924828 1.77732 1.45114 1.78248 1.77238 1.01797 1.00379 -1.04083e-17 -3.46945e-18 0 0 -4.90906 -5.39047 0.572583 11.7103 1 0 0 6.54978 7.01206 0.56311
8660 101.637 3.02085e-05 2.14321 0.507643 0.506654 1.12892 6.69418 0.00265489 0.0921393 1.77721 1.45114 1.78237 1.77228 1.01799 0.999952 -1.04083e-17 -3.46945e-18 0 0 -5.20978 -5.69881 0.58791 11.7061 1 0 0 6.53111 6.99031 0.563112
8665 101.637 3.02085e-05 2.14232 0.506979 0.505792 1.12955 6.74094 0.00265476 0.0917957 1.7771 1.45114 1.78226 1.77217 1.01801 0.99624 -1.04083e-17 -3.46945e-18 0 0 -5.48962 -5.9849 0.601471 11.7033 1 0 0 6.51301 6.96932 0.563141
8670 101.637 3.02085e-05 2.14151 0.50635 0.504955 1.13021 6.78343 0.00265464 0.0914522 1.77699 1.45114 1.78213 1.77206 1.01804 0.992652 -1.04083e-17 -3.46945e-18 0 0 -5.74753 -6.24734 0.613035 11.702 1 0 0 6.49542 6.94906 0.563194
8675 101.637 3.02085e-05 2.14077 0.505753 0.504143 1.13087 6.82193 0.0026545 0.0911086 1.77686 1.45114 1.782 1.77194 1.01806 0.989181 -1.04083e-17 -3.46945e-18 0 0 -5.98265 -6.48493 0.622386 11.7021 1 0 0 6.47834 6.92948 0.563272
8680 101.638 3.02085e-05 2.14009 0.505186 0.503354 1.13155 6.85675 0.00265436 0.0907651 1.77673 1.45114 1.78187 1.77182 1.01808 0.985821 -1.04083e-17 -3.46945e-18 0 0 -6.19427 -6.69658 0.62932 11.7035 1 0 0 6.46172 6.91055 0.563373
8685 101.638 3.02085e-05 2.13946 0.504647 0.502585 1.13223 6.88821 0.00265422 0.0904215 1.7766 1.45114 1.78173 1.77168 1.0181 0.982565 -1.04083e-17 -3.46945e-18 0 0 -6.38168 -6.88118 0.633635 11.7062 1 0 0 6.44552 6.89224 0.563496
8690 101.638 3.02085e-05 2.13889 0.504132 0.501836 1.13293 6.91661 0.00265407 0.090078 1.77646 1.45114 1.78159 1.77155 1.01812 0.979405 -1.04083e-17 -3.46945e-18 0 0 -6.54413 -7.03748 0.635124 11.7101 1 0 0 6.42973 6.8745 0.563641
8695 101.638 3.02085e-05 2.13837 0.50364 0.501105 1.13362 6.94217 0.00265391 0.0897344 1.77632 1.45114 1.78145 1.77141 1.01815 0.976334 -1.04083e-17 -3.46945e-18 0 0 -6.68075 -7.1641 0.633579 11.7151 1 0 0 6.41429 6.85729 0.563805
8700 101.638 3.02085e-05 2.13788 0.503167 0.50039 1.13432 6.96507 0.00265376 0.0893909 1.77617 1.45114 1.7813 1.77127 1.01817 0.973341 -1.04083e-17 -3.46945e-18 0 0 -6.79049 -7.25936 0.628789 11.7212 1 0 0 6.39917 6.84058 0.563986
8705 101.638 3.02085e-05 2.13742 0.502711 0.499689 1.13502 6.98535 0.0026536 0.0890473 1.77603 1.45114 1.78115 1.77112 1.01819 0.970416 -1.04083e-17 -3.46945e-18 0 0 -6.87214 -7.32136 0.620552 11.7281 1 0 0 6.38434 6.82432 0.564184
8710 101.638 3.02085e-05 2.13698 0.502269 0.498999 1.13571 7.00288 0.00265344 0.0887038 1.77588 1.45114 1.781 1.77098 1.01821 0.967549 -1.04083e-17 -3.46945e-18 0 0 -6.92435 -7.34792 0.608685 11.7357 1 0 0 6.36975 6.80846 0.564396
8715 101.639 3.02085e-05 2.13656 0.501838 0.498319 1.1364 7.01733 0.00265328 0.0883603 1.77573 1.45114 1.78085 1.77083 1.01823 0.964725 -1.04083e-17 -3.46945e-18 0 0 -6.94567 -7.33672 0.593052 11.744 1 0 0 6.35538 6.79296 0.56462
8720 101.639 3.02085e-05 2.13613 0.501414 0.497646 1.13707 7.02809 0.00265312 0.0880167 1.77558 1.45114 1.7807 1.77068 1.01825 0.96193 -1.04083e-17 -3.46945e-18 0 0 -6.93476 -7.28545 0.573601 11.7527 1 0 0 6.34117 6.77776 0.564854
8725 101.639 3.02085e-05 2.13571 0.500994 0.496977 1.13774 7.03426 0.00265297 0.0876732 1.77543 1.45114 1.78056 1.77053 1.01827 0.959148 -1.04083e-17 -3.46945e-18 0 0 -6.89062 -7.19214 0.550408 11.7617 1 0 0 6.3271 6.7628 0.565095
8730 101.639 3.02085e-05 2.13527 0.500576 0.496309 1.13838 7.03457 0.00265281 0.0873296 1.77529 1.45114 1.78041 1.77038 1.01829 0.956362 -1.04083e-17 -3.46945e-18 0 0 -6.81293 -7.05552 0.523745 11.7707 1 0 0 6.31311 6.74804 0.565343
8735 101.639 3.02085e-05 2.1348 0.500154 0.495639 1.13901 7.02742 0.00265266 0.0869861 1.77515 1.45114 1.78028 1.77024 1.01831 0.953553 -1.04083e-17 -3.46945e-18 0 0 -6.70253 -6.87566 0.494143 11.7795 1 0 0 6.29917 6.73339 0.565594
8740 101.639 3.02085e-05 2.1343 0.499728 0.494963 1.13961 7.0109 0.00265251 0.0866425 1.77501 1.45114 1.78014 1.7701 1.01833 0.9507 -1.04083e-17 -3.46945e-18 0 0 -6.56193 -6.65466 0.462472 11.7879 1 0 0 6.28526 6.7188 0.565846
8745 101.64 3.02085e-05 2.13377 0.499293 0.494281 1.14019 6.9829 0.00265237 0.086299 1.77488 1.45114 1.78001 1.76996 1.01834 0.947785 -1.04083e-17 -3.46945e-18 0 0 -6.3959 -6.39738 0.429992 11.7955 1 0 0 6.27133 6.7042 0.566099
8750 101.64 3.02085e-05 2.13319 0.498849 0.493588 1.14075 6.94136 0.00265223 0.0859554 1.77475 1.45114 1.77989 1.76982 1.01836 0.944787 -1.04083e-17 -3.46945e-18 0 0 -6.2119 -6.11225 0.39838 11.8023 1 0 0 6.25737 6.68953 0.566351
8755 101.64 3.02085e-05 2.13256 0.498394 0.492884 1.14129 6.88453 0.0026521 0.0856119 1.77463 1.45114 1.77978 1.76969 1.01837 0.94169 -1.04083e-17 -3.46945e-18 0 0 -6.0203 -5.8116 0.369675 11.8078 1 0 0 6.24338 6.67475 0.566602
8760 101.64 3.02085e-05 2.1319 0.497928 0.492169 1.1418 6.81137 0.00265198 0.0852683 1.77451 1.45114 1.77968 1.76957 1.01839 0.938484 -1.04083e-17 -3.46945e-18 0 0 -5.83398 -5.5116 0.346136 11.812 1 0 0 6.22936 6.65981 0.566853
8765 101.64 3.02085e-05 2.1312 0.497454 0.491445 1.1423 6.72191 0.00265187 0.0849248 1.7744 1.45114 1.77958 1.76944 1.0184 0.935162 -1.04083e-17 -3.46945e-18 0 0 -5.66726 -5.23111 0.329978 11.8149 1 0 0 6.21533 6.64472 0.567105
8770 101.64 3.02085e-05 2.13048 0.496974 0.490712 1.14279 6.61761 0.00265175 0.0845812 1.77429 1.45114 1.77948 1.76933 1.01841 0.931729 -1.04083e-17 -3.46945e-18 0 0 -5.53397 -4.98951 0.323013 11.8163 1 0 0 6.20133 6.62948 0.567361
8775 101.64 3.02085e-05 2.12975 0.496492 0.489977 1.14328 6.50134 0.00265165 0.0842377 1.77419 1.45114 1.7794 1.76921 1.01842 0.928195 -1.04083e-17 -3.46945e-18 0 0 -5.44506 -4.80371 0.326268 11.8166 1 0 0 6.1874 6.61413 0.567624
8780 101.641 3.02085e-05 2.12903 0.496013 0.489242 1.14378 6.3772 0.00265154 0.0838941 1.77409 1.45114 1.77931 1.7691 1.01844 0.924582 -1.04083e-17 -3.46945e-18 0 0 -5.40627 -4.68488 0.339686 11.8158 1 0 0 6.17361 6.59873 0.567897
8785 101.641 3.02085e-05 2.12834 0.495543 0.488514 1.14429 6.24996 0.00265144 0.0835506 1.774 1.45114 1.77923 1.76899 1.01845 0.920917 -1.04083e-17 -3.46945e-18 0 0 -5.41658 -4.63598 0.362018 11.8144 1 0 0 6.15999 6.58337 0.568185
8790 101.641 3.02085e-05 2.1277 0.495085 0.487798 1.14482 6.12435 0.00265134 0.0832071 1.7739 1.45114 1.77915 1.76887 1.01846 0.91723 -1.04083e-17 -3.46945e-18 0 0 -5.46805 -4.65083 0.390957 11.8127 1 0 0 6.14659 6.5681 0.568491
8795 101.641 3.02085e-05 2.12711 0.494644 0.487095 1.14537 6.0044 0.00265124 0.0828635 1.7738 1.45114 1.77907 1.76876 1.01848 0.913549 -1.04083e-17 -3.46945e-18 0 0 -5.54705 -4.71503 0.423494 11.8111 1 0 0 6.13343 6.55301 0.568816
8800 101.641 3.02085e-05 2.12659 0.494219 0.486409 1.14596 5.8929 0.00265113 0.08252 1.7737 1.45114 1.77899 1.76864 1.0185 0.909899 -1.04083e-17 -3.46945e-18 0 0 -5.63648 -4.80841 0.456377 11.8099 1 0 0 6.1205 6.53814 0.569162
8805 101.641 3.02085e-05 2.12612 0.493812 0.485738 1.14657 5.79115 0.00265102 0.0821764 1.7736 1.45114 1.7789 1.76853 1.01851 0.906295 -1.04083e-17 -3.46945e-18 0 0 -5.7183 -4.90819 0.486583 11.8094 1 0 0 6.1078 6.5235 0.569527
8810 101.641 3.02085e-05 2.12572 0.493421 0.485082 1.14721 5.69898 0.00265091 0.0818329 1.7735 1.45114 1.77881 1.76841 1.01853 0.902744 -1.04083e-17 -3.46945e-18 0 0 -5.77588 -4.99212 0.511684 11.8095 1 0 0 6.09529 6.5091 0.569911
8815 101.642 3.02085e-05 2.12535 0.493043 0.484436 1.14787 5.61484 0.0026508 0.0814893 1.77339 1.45114 1.77872 1.76829 1.01855 0.899245 -1.04083e-17 -3.46945e-18 0 0 -5.79577 -5.04103 0.530098 11.8104 1 0 0 6.08292 6.49489 0.570311
8820 101.642 3.02085e-05 2.12502 0.492674 0.483795 1.14855 5.53604 0.00265069 0.0811458 1.77328 1.45114 1.77863 1.76817 1.01857 0.895787 -1.04083e-17 -3.46945e-18 0 0 -5.76889 -5.04066 0.54123 11.8118 1 0 0 6.07062 6.48083 0.570723
8825 101.642 3.02085e-05 2.12471 0.49231 0.483155 1.14924 5.45904 0.00265058 0.0808022 1.77318 1.45114 1.77854 1.76805 1.01859 0.892353 -1.04083e-17 -3.46945e-18 0 0 -5.69146 -4.9831 0.545539 11.8136 1 0 0 6.05834 6.46683 0.571145
8830 101.642 3.02085e-05 2.12439 0.491945 0.482508 1.14994 5.37966 0.00265047 0.0804587 1.77308 1.45114 1.77846 1.76793 1.01861 0.88892 -1.04083e-17 -3.46945e-18 0 0 -5.56582 -4.86784 0.544571 11.8154 1 0 0 6.04601 6.4528 0.571574
8835 101.642 3.02085e-05 2.12407 0.491576 0.48185 1.15064 5.2935 0.00265037 0.0801151 1.77298 1.45114 1.77837 1.76782 1.01863 0.885464 -1.04083e-17 -3.46945e-18 0 0 -5.40116 -4.70292 0.540948 11.817 1 0 0 6.03359 6.43866 0.572007
8840 101.642 3.02085e-05 2.12373 0.4912 0.481177 1.15135 5.19646 0.00265027 0.0797716 1.77289 1.45114 1.7783 1.76771 1.01865 0.881964 -1.04083e-17 -3.46945e-18 0 0 -5.21411 -4.50567 0.53827 11.818 1 0 0 6.02104 6.42431 0.572443
8845 101.643 3.02085e-05 2.12337 0.490817 0.480485 1.15207 5.08535 0.00265018 0.079428 1.7728 1.45114 1.77822 1.76761 1.01867 0.8784 -1.04083e-17 -3.46945e-18 0 0 -5.02826 -4.30245 0.540837 11.8182 1 0 0 6.00836 6.4097 0.572884
8850 101.643 3.02085e-05 2.123 0.490428 0.479778 1.1528 4.95867 0.00265009 0.0790845 1.77272 1.45114 1.77815 1.76751 1.01868 0.874762 -1.04083e-17 -3.46945e-18 0 0 -4.87208 -4.12656 0.553123 11.8174 1 0 0 5.99557 6.39481 0.573331
8855 101.643 3.02085e-05 2.12265 0.490037 0.479058 1.15355 4.81725 0.00265 0.0787409 1.77263 1.45114 1.77809 1.76742 1.0187 0.87105 -1.04083e-17 -3.46945e-18 0 0 -4.77461 -4.01343 0.578983 11.8157 1 0 0 5.98273 6.37964 0.573789
8860 101.643 3.02085e-05 2.12232 0.489653 0.478333 1.15434 4.66436 0.00264992 0.0783974 1.77256 1.45114 1.77802 1.76732 1.01873 0.867276 -1.04083e-17 -3.46945e-18 0 0 -4.75954 -3.99368 0.620776 11.8131 1 0 0 5.96992 6.36427 0.574265
8865 101.643 3.02085e-05 2.12207 0.489283 0.477612 1.15517 4.50531 0.00264983 0.0780538 1.77248 1.45114 1.77796 1.76723 1.01875 0.863463 -1.04083e-17 -3.46945e-18 0 0 -4.83946 -4.08602 0.678688 11.8099 1 0 0 5.95725 6.34879 0.574763
8870 101.643 3.02085e-05 2.12191 0.488936 0.476905 1.15607 4.34639 0.00264974 0.0777103 1.77239 1.45114 1.77789 1.76714 1.01877 0.859641 -1.04083e-17 -3.46945e-18 0 0 -5.01272 -4.29275 0.750581 11.8067 1 0 0 5.94482 6.33335 0.575291
8875 101.643 3.02085e-05 2.12187 0.488621 0.476222 1.15703 4.19363 0.00264965 0.0773668 1.7723 1.45114 1.77781 1.76704 1.0188 0.855843 -1.04083e-17 -3.46945e-18 0 0 -5.26424 -4.59977 0.832464 11.8038 1 0 0 5.93271 6.31805 0.575854
8880 101.644 3.02085e-05 2.12198 0.488343 0.47557 1.15806 4.05183 0.00264954 0.0770232 1.77221 1.45114 1.77773 1.76693 1.01883 0.852101 -1.04083e-17 -3.46945e-18 0 0 -5.56981 -4.98097 0.9194 11.8016 1 0 0 5.92099 6.30302 0.576456
8885 101.644 3.02085e-05 2.12223 0.488106 0.474954 1.15917 3.92398 0.00264943 0.0766797 1.7721 1.45114 1.77763 1.76681 1.01886 0.84844 -1.04083e-17 -3.46945e-18 0 0 -5.90211 -5.4049 1.00651 11.8006 1 0 0 5.90968 6.28833 0.577098
8890 101.644 3.02085e-05 2.12264 0.487911 0.474374 1.16035 3.81134 0.0026493 0.0763361 1.77199 1.45114 1.77752 1.76669 1.0189 0.844879 -1.04083e-17 -3.46945e-18 0 0 -6.23598 -5.84122 1.08973 11.801 1 0 0 5.8988 6.27403 0.577779
8895 101.644 3.02085e-05 2.12319 0.487756 0.473831 1.1616 3.71378 0.00264917 0.0759926 1.77186 1.45114 1.77741 1.76656 1.01894 0.841427 -1.04083e-17 -3.46945e-18 0 0 -6.55179 -6.265 1.16619 11.803 1 0 0 5.88833 6.26014 0.578499
8900 101.644 3.02085e-05 2.12387 0.48764 0.473322 1.16291 3.63024 0.00264903 0.075649 1.77173 1.45114 1.77728 1.76643 1.01898 0.838089 -1.04083e-17 -3.46945e-18 0 0 -6.83657 -6.65863 1.23428 11.8066 1 0 0 5.87822 6.24664 0.579253
8905 101.644 3.02085e-05 2.12468 0.48756 0.472844 1.16428 3.55919 0.00264888 0.0753055 1.77159 1.45114 1.77714 1.76629 1.01902 0.834862 -1.04083e-17 -3.46945e-18 0 0 -7.08357 -7.01169 1.29341 11.8118 1 0 0 5.86844 6.23351 0.580039
8910 101.644 3.02085e-05 2.12559 0.48751 0.472393 1.16569 3.49896 0.00264872 0.0749619 1.77145 1.45114 1.777 1.76614 1.01907 0.83174 -1.04083e-17 -3.46945e-18 0 0 -7.29089 -7.31966 1.34376 11.8187 1 0 0 5.85895 6.22071 0.580853
8915 101.645 3.02085e-05 2.12659 0.487487 0.471966 1.16714 3.44791 0.00264856 0.0746184 1.7713 1.45114 1.77685 1.76599 1.01912 0.828715 -1.04083e-17 -3.46945e-18 0 0 -7.45996 -7.58233 1.38598 11.8269 1 0 0 5.84969 6.2082 0.581691
8920 101.645 3.02085e-05 2.12767 0.487489 0.47156 1.16863 3.40457 0.00264839 0.0742748 1.77114 1.45114 1.77669 1.76584 1.01917 0.825776 -1.04083e-17 -3.46945e-18 0 0 -7.59418 -7.80221 1.42095 11.8365 1 0 0 5.84064 6.19595 0.58255
8925 101.645 3.02085e-05 2.12882 0.48751 0.47117 1.17014 3.36765 0.00264821 0.0739313 1.77098 1.45114 1.77653 1.76568 1.01921 0.822914 -1.04083e-17 -3.46945e-18 0 0 -7.69784 -7.98329 1.44967 11.8474 1 0 0 5.83176 6.18392 0.583427
8930 101.645 3.02085e-05 2.13002 0.487549 0.470795 1.17168 3.33609 0.00264804 0.0735877 1.77082 1.45114 1.77636 1.76552 1.01926 0.820119 -1.04083e-17 -3.46945e-18 0 0 -7.77548 -8.13021 1.47308 11.8593 1 0 0 5.82302 6.17207 0.584319
8935 101.645 3.02085e-05 2.13127 0.487603 0.470432 1.17324 3.30898 0.00264786 0.0732442 1.77065 1.45114 1.77619 1.76536 1.01932 0.81738 -1.04083e-17 -3.46945e-18 0 0 -7.83138 -8.24762 1.49207 11.8722 1 0 0 5.8144 6.16038 0.585225
8940 101.645 3.02085e-05 2.13256 0.487669 0.470079 1.17481 3.28559 0.00264768 0.0729006 1.77049 1.45114 1.77602 1.7652 1.01937 0.81469 -1.04083e-17 -3.46945e-18 0 0 -7.86941 -8.3399 1.5074 11.8859 1 0 0 5.80587 6.14882 0.586142
8945 101.646 3.02085e-05 2.13391 0.487754 0.469745 1.17641 3.26635 0.00264749 0.0725571 1.77032 1.45114 1.77585 1.76504 1.01942 0.812397 -1.04083e-17 -3.46945e-18 0 0 -8.17356 -8.71045 1.56866 11.9056 1 0 0 5.79754 6.1375 0.587075
8950 101.646 3.02085e-05 2.13538 0.487868 0.469443 1.17807 3.25244 0.0026473 0.0722136 1.77014 1.45114 1.77566 1.76486 1.01947 0.810421 -1.04083e-17 -3.46945e-18 0 0 -8.36688 -8.92337 1.61315 11.9302 1 0 0 5.78957 6.12652 0.588021
8955 101.646 3.02085e-05 2.13688 0.487995 0.469154 1.17973 3.23857 0.0026471 0.07187 1.76996 1.45114 1.77547 1.76469 1.01953 0.808384 -1.04083e-17 -3.46945e-18 0 0 -8.40587 -8.97666 1.63241 11.9541 1 0 0 5.78176 6.11565 0.588961
8960 101.646 3.02085e-05 2.13845 0.488137 0.468884 1.18143 3.22647 0.0026469 0.0715265 1.76977 1.45114 1.77528 1.76451 1.01959 0.806714 -1.04083e-17 -3.46945e-18 0 0 -8.71187 -9.30495 1.69969 11.9837 1 0 0 5.77414 6.10496 0.589903
8965 101.646 3.02085e-05 2.14011 0.488302 0.468641 1.18317 3.21755 0.00264669 0.0711829 1.76958 1.45114 1.77508 1.76433 1.01965 0.80529 -1.04083e-17 -3.46945e-18 0 0 -8.87819 -9.45684 1.74537 12.0173 1 0 0 5.76686 6.09452 0.590844
8970 101.646 3.02085e-05 2.14182 0.488483 0.468413 1.18493 3.20696 0.00264648 0.0708394 1.76938 1.45114 1.77488 1.76414 1.01971 0.803917 -1.04083e-17 -3.46945e-18 0 0 -9.01633 -9.57842 1.78566 12.052 1 0 0 5.75981 6.08417 0.591778
8975 101.646 3.02085e-05 2.14357 0.488671 0.468191 1.18671 3.19509 0.00264627 0.0704958 1.76919 1.45114 1.77467 1.76395 1.01977 0.802509 -1.04083e-17 -3.46945e-18 0 0 -9.00288 -9.55875 1.79862 12.0865 1 0 0 5.75291 6.07386 0.592705
8980 101.647 3.02085e-05 2.14531 0.488859 0.46797 1.18849 3.1831 0.00264606 0.0701523 1.76899 1.45114 1.77447 1.76377 1.01983 0.801047 -1.04083e-17 -3.46945e-18 0 0 -8.92049 -9.47803 1.79791 12.1205 1 0 0 5.74602 6.06351 0.593625
8985 101.647 3.02085e-05 2.14706 0.489046 0.467747 1.19026 3.17193 0.00264585 0.0698087 1.7688 1.45114 1.77427 1.76358 1.01989 0.799559 -1.04083e-17 -3.46945e-18 0 0 -8.83821 -9.40173 1.79561 12.1545 1 0 0 5.73911 6.05314 0.594542
8990 101.647 3.02085e-05 2.1488 0.489234 0.467526 1.19204 3.16222 0.00264565 0.0694652 1.76861 1.45114 1.77407 1.7634 1.01995 0.798108 -1.04083e-17 -3.46945e-18 0 0 -8.81711 -9.38703 1.80214 12.1895 1 0 0 5.73222 6.04277 0.595459
8995 101.647 3.02085e-05 2.15057 0.489428 0.467311 1.19383 3.15321 0.00264544 0.0691216 1.76842 1.45114 1.77387 1.76322 1.02001 0.796727 -1.04083e-17 -3.46945e-18 0 0 -8.82686 -9.39653 1.81335 12.2258 1 0 0 5.72543 6.03248 0.596379
9000 101.647 3.02085e-05 2.15235 0.489627 0.4671 1.19562 3.14368 0.00264523 0.0687781 1.76823 1.45114 1.77367 1.76304 1.02007 0.795311 -1.04083e-17 -3.46945e-18 0 0 -8.77704 -9.34823 1.81495 12.262 1 0 0 5.71871 6.02222 0.597301
9005 101.647 3.02085e-05 2.15413 0.489826 0.466889 1.19742 3.13424 0.00264503 0.0684345 1.76804 1.45114 1.77347 1.76286 1.02014 0.793865 -1.04083e-17 -3.46945e-18 0 0 -8.71717 -9.29234 1.81473 12.2981 1 0 0 5.712 6.01197 0.598225
9010 101.647 3.02085e-05 2.15592 0.490027 0.466679 1.19921 3.12517 0.00264483 0.068091 1.76785 1.45114 1.77328 1.76268 1.0202 0.792392 -1.04083e-17 -3.46945e-18 0 0 -8.65511 -9.23541 1.81371 12.3341 1 0 0 5.70532 6.00174 0.599151
9015 101.648 3.02085e-05 2.15771 0.490229 0.466471 1.20101 3.11681 0.00264462 0.0677474 1.76766 1.45114 1.77308 1.7625 1.02026 0.790901 -1.04083e-17 -3.46945e-18 0 0 -8.59907 -9.18471 1.81326 12.3703 1 0 0 5.69865 5.99152 0.600082
9020 101.648 3.02085e-05 2.1595 0.490432 0.466263 1.20281 3.10907 0.00264442 0.0674039 1.76748 1.45114 1.77289 1.76232 1.02032 0.789387 -1.04083e-17 -3.46945e-18 0 0 -8.54404 -9.13482 1.81264 12.4064 1 0 0 5.69201 5.98133 0.601017
9025 101.648 3.02085e-05 2.16131 0.490638 0.466058 1.20461 3.10194 0.00264422 0.0670603 1.76729 1.45114 1.7727 1.76215 1.02038 0.787862 -1.04083e-17 -3.46945e-18 0 0 -8.50664 -9.10204 1.81491 12.4428 1 0 0 5.6854 5.97117 0.601957
9030 101.648 3.02085e-05 2.16312 0.490846 0.465855 1.20642 3.09535 0.00264403 0.0667168 1.76711 1.45114 1.77251 1.76197 1.02044 0.786324 -1.04083e-17 -3.46945e-18 0 0 -8.47096 -9.07125 1.81743 12.4794 1 0 0 5.67883 5.96105 0.602903
9035 101.648 3.02085e-05 2.16494 0.491058 0.465655 1.20823 3.08943 0.00264383 0.0663733 1.76692 1.45114 1.77231 1.7618 1.02051 0.784784 -1.04083e-17 -3.46945e-18 0 0 -8.45495 -9.05859 1.8229 12.5163 1 0 0 5.67232 5.95096 0.603855
9040 101.648 3.02085e-05 2.16678 0.491277 0.46546 1.21005 3.08371 0.00264363 0.0660297 1.76674 1.45114 1.77212 1.76163 1.02057 0.78328 -1.04083e-17 -3.46945e-18 0 0 -8.47772 -9.08125 1.83451 12.5542 1 0 0 5.6659 5.94094 0.604815
9045 101.649 3.02085e-05 2.16865 0.491501 0.465271 1.21188 3.07837 0.00264343 0.0656862 1.76656 1.45114 1.77193 1.76145 1.02063 0.781787 -1.04083e-17 -3.46945e-18 0 0 -8.47193 -9.07801 1.84182 12.5927 1 0 0 5.65958 5.93098 0.605783
9050 101.649 3.02085e-05 2.17052 0.49173 0.465084 1.21371 3.07371 0.00264324 0.0653426 1.76637 1.45114 1.77174 1.76128 1.02069 0.780288 -1.04083e-17 -3.46945e-18 0 0 -8.4434 -9.05282 1.84566 12.6315 1 0 0 5.65331 5.92106 0.606755
9055 101.649 3.02085e-05 2.17241 0.491961 0.4649 1.21555 3.07006 0.00264304 0.0649991 1.76619 1.45114 1.77155 1.76111 1.02076 0.778788 -1.04083e-17 -3.46945e-18 0 0 -8.40475 -9.01702 1.8479 12.6707 1 0 0 5.64709 5.91116 0.607732
9060 101.649 3.02085e-05 2.1743 0.492194 0.464717 1.21739 3.06709 0.00264284 0.0646555 1.76601 1.45114 1.77136 1.76094 1.02082 0.777255 -1.04083e-17 -3.46945e-18 0 0 -8.34282 -8.95775 1.84642 12.7098 1 0 0 5.64088 5.90128 0.608712
9065 101.649 3.02085e-05 2.1762 0.492428 0.464536 1.21923 3.06509 0.00264265 0.064312 1.76583 1.45114 1.77117 1.76077 1.02088 0.775717 -1.04083e-17 -3.46945e-18 0 0 -8.31822 -8.9363 1.85074 12.7492 1 0 0 5.6347 5.89141 0.609696
9070 101.649 3.02085e-05 2.17811 0.492667 0.464359 1.22108 3.06365 0.00264246 0.0639684 1.76565 1.45114 1.77098 1.7606 1.02094 0.774181 -1.04083e-17 -3.46945e-18 0 0 -8.29589 -8.9146 1.85567 12.7892 1 0 0 5.62857 5.88159 0.610685
9075 101.649 3.02085e-05 2.18003 0.492908 0.464184 1.22294 3.06259 0.00264226 0.0636249 1.76547 1.45114 1.7708 1.76043 1.02101 0.772639 -1.04083e-17 -3.46945e-18 0 0 -8.27813 -8.89501 1.86198 12.8294 1 0 0 5.62251 5.87179 0.611679
9080 101.65 3.02085e-05 2.18196 0.493151 0.464012 1.2248 3.06174 0.00264207 0.0632813 1.7653 1.45114 1.77061 1.76027 1.02107 0.77108 -1.04083e-17 -3.46945e-18 0 0 -8.24398 -8.86091 1.86598 12.8699 1 0 0 5.6165 5.862 0.612679
9085 101.65 3.02085e-05 2.1839 0.493396 0.463841 1.22666 3.06166 0.00264188 0.0629378 1.76512 1.45114 1.77042 1.7601 1.02113 0.769514 -1.04083e-17 -3.46945e-18 0 0 -8.20962 -8.82859 1.86998 12.9106 1 0 0 5.61054 5.85223 0.613683
9090 101.65 3.02085e-05 2.18585 0.493642 0.463673 1.22853 3.0627 0.00264169 0.0625942 1.76494 1.45114 1.77024 1.75994 1.0212 0.76795 -1.04083e-17 -3.46945e-18 0 0 -8.17822 -8.79805 1.87448 12.9519 1 0 0 5.60461 5.84248 0.614691
9095 101.65 3.02085e-05 2.1878 0.493889 0.463507 1.23041 3.06441 0.0026415 0.0622507 1.76477 1.45114 1.77005 1.75977 1.02126 0.766384 -1.04083e-17 -3.46945e-18 0 0 -8.14637 -8.76562 1.87902 12.9936 1 0 0 5.59873 5.83273 0.615704
9100 101.65 3.02085e-05 2.18977 0.494138 0.463342 1.23229 3.06661 0.00264131 0.0619071 1.76459 1.45114 1.76987 1.75961 1.02133 0.764807 -1.04083e-17 -3.46945e-18 0 0 -8.11561 -8.73557 1.88364 13.0356 1 0 0 5.5929 5.82299 0.61672
9105 101.65 3.02085e-05 2.19174 0.494388 0.46318 1.23417 3.06903 0.00264112 0.0615636 1.76442 1.45114 1.76968 1.75945 1.02139 0.763215 -1.04083e-17 -3.46945e-18 0 0 -8.07086 -8.69187 1.88596 13.0778 1 0 0 5.58711 5.81326 0.61774
9110 101.65 3.02085e-05 2.19372 0.494638 0.463018 1.23606 3.07216 0.00264094 0.0612201 1.76425 1.45114 1.7695 1.75929 1.02145 0.761605 -1.04083e-17 -3.46945e-18 0 0 -8.03272 -8.65596 1.88927 13.1202 1 0 0 5.58135 5.80352 0.618764
9115 101.651 3.02085e-05 2.19571 0.494892 0.46286 1.23796 3.07647 0.00264075 0.0608765 1.76407 1.45114 1.76932 1.75913 1.02152 0.760042 -1.04083e-17 -3.46945e-18 0 0 -8.05034 -8.67289 1.90123 13.1639 1 0 0 5.57566 5.7938 0.619794
9120 101.651 3.02085e-05 2.19773 0.495151 0.462708 1.23987 3.08123 0.00264057 0.060533 1.7639 1.45114 1.76914 1.75896 1.02158 0.758522 -1.04083e-17 -3.46945e-18 0 0 -8.05985 -8.68019 1.91245 13.2089 1 0 0 5.5701 5.78413 0.620829
9125 101.651 3.02085e-05 2.19975 0.49541 0.462557 1.24178 3.08613 0.00264038 0.0601894 1.76373 1.45114 1.76896 1.75881 1.02165 0.756967 -1.04083e-17 -3.46945e-18 0 0 -7.99386 -8.61531 1.91257 13.2538 1 0 0 5.56457 5.77443 0.621866
9130 101.651 3.02085e-05 2.20177 0.495667 0.462406 1.2437 3.09202 0.0026402 0.0598459 1.76356 1.45114 1.76877 1.75865 1.02171 0.755381 -1.04083e-17 -3.46945e-18 0 0 -7.92381 -8.54742 1.91173 13.2987 1 0 0 5.55904 5.7647 0.622904
9135 101.651 3.02085e-05 2.2038 0.495928 0.462256 1.24562 3.09851 0.00264001 0.0595023 1.76339 1.45114 1.76859 1.75849 1.02178 0.753829 -1.04083e-17 -3.46945e-18 0 0 -7.94105 -8.55899 1.92311 13.3447 1 0 0 5.55357 5.75495 0.623946
9140 101.651 3.02085e-05 2.20584 0.496192 0.462108 1.24754 3.10545 0.00263983 0.0591588 1.76322 1.45114 1.76841 1.75834 1.02184 0.752259 -1.04083e-17 -3.46945e-18 0 0 -7.88919 -8.50762 1.92427 13.3909 1 0 0 5.54817 5.74519 0.624993
9145 101.652 3.02085e-05 2.20788 0.496454 0.461959 1.24947 3.11344 0.00263965 0.0588152 1.76305 1.45114 1.76824 1.75818 1.02191 0.750644 -1.04083e-17 -3.46945e-18 0 0 -7.79693 -8.41967 1.91924 13.4369 1 0 0 5.54276 5.73538 0.62604
9150 101.652 3.02085e-05 2.20991 0.496713 0.461807 1.25139 3.12283 0.00263947 0.0584717 1.76289 1.45114 1.76806 1.75803 1.02197 0.748987 -1.04083e-17 -3.46945e-18 0 0 -7.7166 -8.34229 1.91565 13.4827 1 0 0 5.53732 5.72552 0.627089
9155 101.652 3.02085e-05 2.21193 0.49697 0.461654 1.25331 3.13358 0.0026393 0.0581281 1.76273 1.45114 1.76789 1.75788 1.02204 0.74729 -1.04083e-17 -3.46945e-18 0 0 -7.63599 -8.26651 1.91194 13.5283 1 0 0 5.53187 5.71561 0.62814
9160 101.652 3.02085e-05 2.21395 0.497226 0.4615 1.25523 3.14558 0.00263912 0.0577846 1.76256 1.45114 1.76771 1.75773 1.0221 0.745573 -1.04083e-17 -3.46945e-18 0 0 -7.5759 -8.21051 1.91142 13.5741 1 0 0 5.52642 5.70567 0.629194
9165 101.652 3.02085e-05 2.21596 0.497478 0.461345 1.25714 3.15885 0.00263895 0.057441 1.76241 1.45114 1.76754 1.75759 1.02217 0.743799 -1.04083e-17 -3.46945e-18 0 0 -7.48086 -8.12199 1.90601 13.6195 1 0 0 5.52096 5.69569 0.63025
9170 101.652 3.02085e-05 2.21797 0.497724 0.461187 1.25905 3.17404 0.00263878 0.0570975 1.76225 1.45114 1.76737 1.75745 1.02223 0.741968 -1.04083e-17 -3.46945e-18 0 0 -7.37965 -8.02818 1.89972 13.6643 1 0 0 5.51545 5.68565 0.631307
9175 101.652 3.02085e-05 2.21995 0.497963 0.461027 1.26096 3.19135 0.00263862 0.0567539 1.76209 1.45114 1.76721 1.75731 1.0223 0.740083 -1.04083e-17 -3.46945e-18 0 0 -7.27692 -7.93245 1.89317 13.7087 1 0 0 5.50989 5.67556 0.632364
9180 101.653 3.02085e-05 2.22193 0.498196 0.460865 1.26287 3.21078 0.00263845 0.0564104 1.76194 1.45114 1.76704 1.75717 1.02236 0.738137 -1.04083e-17 -3.46945e-18 0 0 -7.17511 -7.83676 1.88665 13.7525 1 0 0 5.50427 5.66541 0.633422
9185 101.653 3.02085e-05 2.22392 0.498428 0.46071 1.26478 3.23389 0.00263829 0.0560668 1.76179 1.45114 1.76688 1.75703 1.02243 0.736458 -1.04083e-17 -3.46945e-18 0 0 -7.37112 -8.05771 1.93304 13.8019 1 0 0 5.4987 5.6553 0.634486
9190 101.653 3.02085e-05 2.22599 0.498671 0.460581 1.26674 3.26315 0.00263811 0.0557233 1.76163 1.45114 1.7667 1.75689 1.02249 0.73513 -1.04083e-17 -3.46945e-18 0 0 -7.52344 -8.18103 1.97531 13.8586 1 0 0 5.49341 5.64539 0.635553
9195 101.653 3.02085e-05 2.22809 0.498917 0.460459 1.26871 3.29032 0.00263794 0.0553798 1.76147 1.45114 1.76653 1.75675 1.02256 0.733713 -1.04083e-17 -3.46945e-18 0 0 -7.52337 -8.15032 1.99333 13.9143 1 0 0 5.48825 5.63544 0.636609
9200 101.653 3.02085e-05 2.23018 0.499157 0.460336 1.27069 3.31634 0.00263777 0.0550362 1.76131 1.45114 1.76636 1.7566 1.02263 0.732233 -1.04083e-17 -3.46945e-18 0 0 -7.46729 -8.07597 2.00181 13.9694 1 0 0 5.48314 5.6254 0.637654
9205 101.653 3.02085e-05 2.23227 0.49939 0.460212 1.27267 3.34212 0.0026376 0.0546927 1.76115 1.45114 1.76619 1.75646 1.0227 0.730717 -1.04083e-17 -3.46945e-18 0 0 -7.40592 -8.00352 2.00806 14.0246 1 0 0 5.47804 5.61526 0.638693
9210 101.653 3.02085e-05 2.23436 0.499617 0.460088 1.27465 3.36886 0.00263743 0.0543491 1.761 1.45114 1.76602 1.75633 1.02276 0.72919 -1.04083e-17 -3.46945e-18 0 0 -7.34312 -7.93596 2.01281 14.0803 1 0 0 5.47294 5.60503 0.639728
9215 101.654 3.02085e-05 2.23643 0.499835 0.459963 1.27663 3.39702 0.00263726 0.0540056 1.76084 1.45114 1.76585 1.75619 1.02283 0.727637 -1.04083e-17 -3.46945e-18 0 0 -7.25066 -7.84334 2.01243 14.1362 1 0 0 5.46783 5.59473 0.640758
9220 101.654 3.02085e-05 2.23851 0.50005 0.459841 1.27862 3.42703 0.0026371 0.053662 1.76069 1.45114 1.76569 1.75605 1.0229 0.726169 -1.04083e-17 -3.46945e-18 0 0 -7.27996 -7.87151 2.03064 14.1945 1 0 0 5.46275 5.58438 0.641789
9225 101.654 3.02085e-05 2.24061 0.500266 0.459724 1.28062 3.45657 0.00263693 0.0533185 1.76054 1.45114 1.76552 1.75592 1.02297 0.724752 -1.04083e-17 -3.46945e-18 0 0 -7.27259 -7.8554 2.04328 14.2546 1 0 0 5.45776 5.57402 0.64282
9230 101.654 3.02085e-05 2.24272 0.500477 0.459609 1.28263 3.48561 0.00263677 0.0529749 1.76039 1.45114 1.76535 1.75579 1.02304 0.723322 -1.04083e-17 -3.46945e-18 0 0 -7.21688 -7.79383 2.04818 14.3152 1 0 0 5.45282 5.5636 0.643848
9235 101.654 3.02085e-05 2.24482 0.500684 0.459497 1.28464 3.51412 0.0026366 0.0526314 1.76024 1.45114 1.76519 1.75565 1.02311 0.721878 -1.04083e-17 -3.46945e-18 0 0 -7.16608 -7.73778 2.05333 14.3764 1 0 0 5.44792 5.55314 0.644873
9240 101.654 3.02085e-05 2.24692 0.500886 0.459386 1.28665 3.54202 0.00263644 0.0522878 1.76009 1.45114 1.76502 1.75552 1.02318 0.720398 -1.04083e-17 -3.46945e-18 0 0 -7.10672 -7.67531 2.05689 14.4376 1 0 0 5.44303 5.54263 0.645895
9245 101.654 3.02085e-05 2.24905 0.501092 0.459283 1.28867 3.56999 0.00263628 0.0519443 1.75994 1.45114 1.76486 1.75539 1.02325 0.719005 -1.04083e-17 -3.46945e-18 0 0 -7.2324 -7.78557 2.08419 14.5014 1 0 0 5.43827 5.53213 0.646921
9250 101.655 3.02085e-05 2.25123 0.501315 0.459193 1.29072 3.59623 0.00263611 0.0516007 1.75978 1.45114 1.76469 1.75526 1.02332 0.717701 -1.04083e-17 -3.46945e-18 0 0 -7.30878 -7.85133 2.10397 14.5679 1 0 0 5.43377 5.52171 0.647954
9255 101.655 3.02085e-05 2.25343 0.501547 0.459111 1.29277 3.6214 0.00263595 0.0512572 1.75963 1.45114 1.76452 1.75513 1.02339 0.71641 -1.04083e-17 -3.46945e-18 0 0 -7.32116 -7.85644 2.11395 14.6356 1 0 0 5.42942 5.5113 0.648989
9260 101.655 3.02085e-05 2.25564 0.501778 0.459032 1.29483 3.64719 0.00263578 0.0509136 1.75948 1.45114 1.76435 1.755 1.02346 0.715096 -1.04083e-17 -3.46945e-18 0 0 -7.25198 -7.79063 2.11365 14.7037 1 0 0 5.42511 5.50087 0.650026
9265 101.655 3.02085e-05 2.25784 0.502005 0.458956 1.29688 3.67407 0.00263562 0.0505701 1.75933 1.45114 1.76418 1.75487 1.02353 0.713771 -1.04083e-17 -3.46945e-18 0 0 -7.18575 -7.72895 2.11521 14.7726 1 0 0 5.42081 5.49041 0.651064
9270 101.655 3.02085e-05 2.26004 0.502228 0.458883 1.29893 3.70153 0.00263546 0.0502266 1.75918 1.45114 1.76402 1.75474 1.0236 0.712412 -1.04083e-17 -3.46945e-18 0 0 -7.1447 -7.6829 2.11966 14.8416 1 0 0 5.41652 5.47992 0.652104
9275 101.655 3.02085e-05 2.26227 0.502455 0.458816 1.301 3.72819 0.0026353 0.049883 1.75903 1.45114 1.76385 1.75461 1.02367 0.711057 -1.04083e-17 -3.46945e-18 0 0 -7.14862 -7.68035 2.13036 14.9118 1 0 0 5.41233 5.46942 0.653151
9280 101.656 3.02085e-05 2.2645 0.502682 0.458756 1.30307 3.75561 0.00263514 0.0495395 1.75888 1.45114 1.76369 1.75449 1.02374 0.709704 -1.04083e-17 -3.46945e-18 0 0 -7.1413 -7.67205 2.14082 14.9829 1 0 0 5.4082 5.45894 0.654205
9285 101.656 3.02085e-05 2.26676 0.50291 0.458703 1.30514 3.78234 0.00263497 0.0491959 1.75873 1.45114 1.76352 1.75436 1.02382 0.708324 -1.04083e-17 -3.46945e-18 0 0 -7.11006 -7.63607 2.14803 15.0546 1 0 0 5.40416 5.44846 0.655267
9290 101.656 3.02085e-05 2.26901 0.503132 0.458655 1.30722 3.80976 0.00263482 0.0488524 1.75858 1.45114 1.76335 1.75424 1.02389 0.706874 -1.04083e-17 -3.46945e-18 0 0 -7.03244 -7.55948 2.1493 15.1257 1 0 0 5.40013 5.43797 0.656334
9295 101.656 3.02085e-05 2.27125 0.503345 0.458611 1.3093 3.83913 0.00263466 0.0485088 1.75844 1.45114 1.76319 1.75412 1.02396 0.705351 -1.04083e-17 -3.46945e-18 0 0 -6.94901 -7.48054 2.15042 15.1962 1 0 0 5.39606 5.42746 0.657407
9300 101.656 3.02085e-05 2.2735 0.503549 0.458576 1.31138 3.87107 0.0026345 0.0481653 1.75829 1.45114 1.76303 1.754 1.02403 0.70382 -1.04083e-17 -3.46945e-18 0 0 -6.92961 -7.4607 2.1622 15.2677 1 0 0 5.39198 5.41698 0.658489
9305 101.656 3.02085e-05 2.27577 0.503751 0.458552 1.31347 3.90437 0.00263435 0.0478217 1.75815 1.45114 1.76287 1.75388 1.02411 0.702287 -1.04083e-17 -3.46945e-18 0 0 -6.94812 -7.46794 2.18052 15.3401 1 0 0 5.38795 5.40653 0.65958
9310 101.656 3.02085e-05 2.27807 0.503951 0.458542 1.31558 3.93732 0.00263419 0.0474782 1.758 1.45114 1.7627 1.75376 1.02418 0.700768 -1.04083e-17 -3.46945e-18 0 0 -7.01386 -7.50798 2.20594 15.4139 1 0 0 5.38403 5.39612 0.660684
9315 101.657 3.02085e-05 2.2804 0.504152 0.458543 1.3177 3.96926 0.00263403 0.0471346 1.75786 1.45114 1.76254 1.75364 1.02425 0.699199 -1.04083e-17 -3.46945e-18 0 0 -7.02467 -7.49693 2.22298 15.4877 1 0 0 5.38025 5.38573 0.661799
9320 101.657 3.02085e-05 2.28274 0.504348 0.458555 1.31984 4.00235 0.00263387 0.0467911 1.75771 1.45114 1.76237 1.75352 1.02433 0.697591 -1.04083e-17 -3.46945e-18 0 0 -7.04423 -7.49886 2.24151 15.5617 1 0 0 5.37654 5.37535 0.662925
9325 101.657 3.02085e-05 2.2851 0.504542 0.458581 1.32198 4.03797 0.00263372 0.0464475 1.75757 1.45114 1.76221 1.7534 1.0244 0.695943 -1.04083e-17 -3.46945e-18 0 0 -7.04884 -7.48943 2.25605 15.636 1 0 0 5.37292 5.36499 0.664063
9330 101.657 3.02085e-05 2.28748 0.504729 0.458621 1.32413 4.07912 0.00263356 0.046104 1.75742 1.45114 1.76204 1.75328 1.02448 0.694234 -1.04083e-17 -3.46945e-18 0 0 -7.01233 -7.44539 2.26353 15.71 1 0 0 5.36931 5.35465 0.665211
9335 101.657 3.02085e-05 2.28987 0.504915 0.458679 1.32628 4.12467 0.0026334 0.0457604 1.75727 1.45114 1.76187 1.75316 1.02456 0.692541 -1.04083e-17 -3.46945e-18 0 0 -7.10457 -7.51163 2.28732 15.7855 1 0 0 5.3658 5.34437 0.666371
9340 101.657 3.02085e-05 2.29234 0.505124 0.458765 1.32845 4.16886 0.00263324 0.0454169 1.75712 1.45114 1.7617 1.75303 1.02463 0.690939 -1.04083e-17 -3.46945e-18 0 0 -7.43786 -7.79645 2.3318 15.8642 1 0 0 5.36261 5.33424 0.667547
9345 101.657 3.02085e-05 2.2949 0.505373 0.458885 1.33064 4.2109 0.00263307 0.0450734 1.75697 1.45114 1.76152 1.7529 1.02471 0.689402 -1.04083e-17 -3.46945e-18 0 0 -7.6657 -7.98085 2.35593 15.9457 1 0 0 5.35986 5.32433 0.668741
9350 101.658 3.02085e-05 2.29753 0.505655 0.459031 1.33284 4.25269 0.0026329 0.0447298 1.7568 1.45114 1.76134 1.75277 1.02479 0.687935 -1.04083e-17 -3.46945e-18 0 0 -7.84562 -8.114 2.37889 16.03 1 0 0 5.35754 5.31458 0.669952
9355 101.658 3.02085e-05 2.30017 0.505938 0.45919 1.33504 4.30126 0.00263273 0.0443863 1.75664 1.45114 1.76116 1.75264 1.02487 0.686361 -1.04083e-17 -3.46945e-18 0 0 -7.73392 -7.97442 2.36732 16.1132 1 0 0 5.35533 5.30482 0.671173
9360 101.658 3.02085e-05 2.30282 0.506225 0.459363 1.33723 4.35629 0.00263255 0.0440427 1.75648 1.45114 1.76097 1.7525 1.02495 0.684774 -1.04083e-17 -3.46945e-18 0 0 -7.8477 -8.02734 2.37741 16.1974 1 0 0 5.35323 5.29506 0.672405
9365 101.658 3.02085e-05 2.30547 0.506516 0.45955 1.3394 4.42121 0.00263238 0.0436992 1.75632 1.45114 1.76079 1.75237 1.02503 0.683103 -1.04083e-17 -3.46945e-18 0 0 -7.72366 -7.86742 2.35995 16.2809 1 0 0 5.35122 5.28528 0.673646
9370 101.658 3.02085e-05 2.30806 0.506781 0.459741 1.34154 4.50414 0.00263222 0.0433556 1.75617 1.45114 1.76062 1.75224 1.02511 0.681278 -1.04083e-17 -3.46945e-18 0 0 -7.50072 -7.60155 2.33075 16.3621 1 0 0 5.34904 5.27539 0.674891
9375 101.658 3.02085e-05 2.31061 0.507014 0.459938 1.34366 4.60755 0.00263206 0.0430121 1.75602 1.45114 1.76045 1.75212 1.02519 0.679365 -1.04083e-17 -3.46945e-18 0 0 -7.35853 -7.3935 2.31293 16.4424 1 0 0 5.3467 5.2654 0.676142
9380 101.659 3.02085e-05 2.31308 0.507204 0.460139 1.34574 4.73284 0.00263191 0.0426685 1.75587 1.45114 1.76028 1.752 1.02526 0.677322 -1.04083e-17 -3.46945e-18 0 0 -7.10418 -7.07029 2.28092 16.5209 1 0 0 5.34416 5.25526 0.677398
9385 101.659 3.02085e-05 2.31545 0.507332 0.460338 1.34778 4.88321 0.00263176 0.042325 1.75574 1.45114 1.76012 1.75189 1.02534 0.675124 -1.04083e-17 -3.46945e-18 0 0 -6.75391 -6.64813 2.23316 16.5969 1 0 0 5.34127 5.24488 0.678652
9390 101.659 3.02085e-05 2.3177 0.50739 0.460535 1.34978 5.05887 0.00263163 0.0419814 1.75561 1.45114 1.75998 1.75179 1.02541 0.672841 -1.04083e-17 -3.46945e-18 0 0 -6.42259 -6.25484 2.17879 16.6721 1 0 0 5.33799 5.23428 0.679899
9395 101.659 3.02085e-05 2.31985 0.507393 0.46074 1.35171 5.24214 0.0026315 0.0416379 1.75549 1.45114 1.75984 1.7517 1.02549 0.670616 -1.04083e-17 -3.46945e-18 0 0 -6.16659 -5.96107 2.11997 16.75 1 0 0 5.33442 5.22362 0.681135
9400 101.659 3.02085e-05 2.32189 0.507346 0.460951 1.35359 5.4215 0.00263138 0.0412943 1.75538 1.45114 1.75971 1.75162 1.02555 0.668441 -1.04083e-17 -3.46945e-18 0 0 -5.80345 -5.60206 2.03851 16.8305 1 0 0 5.33056 5.213 0.682359
9405 101.659 3.02085e-05 2.32412 0.507305 0.461247 1.35557 5.46958 0.00263124 0.0409508 1.75525 1.45114 1.75956 1.75151 1.02563 0.668103 -1.04083e-17 -3.46945e-18 0 0 -7.33085 -7.18583 2.2412 16.9589 1 0 0 5.32736 5.20331 0.683621
9410 101.659 3.02085e-05 2.32679 0.507433 0.461671 1.35769 5.39881 0.00263106 0.0406072 1.75508 1.45114 1.75937 1.75138 1.0257 0.669064 -1.04083e-17 -3.46945e-18 0 0 -8.30571 -8.10652 2.32251 17.1228 1 0 0 5.326 5.19529 0.684911
9415 101.66 3.02085e-05 2.3298 0.507703 0.462173 1.35993 5.28041 0.00263086 0.0402637 1.7549 1.45114 1.75918 1.75122 1.02578 0.670801 -1.04083e-17 -3.46945e-18 0 0 -9.04808 -8.72489 2.37719 17.3096 1 0 0 5.3262 5.18866 0.686233
9420 101.66 3.02085e-05 2.33286 0.508013 0.462679 1.36217 5.27121 0.00263067 0.0399201 1.75472 1.45114 1.75898 1.75106 1.02586 0.672259 -1.04083e-17 -3.46945e-18 0 0 -8.73417 -8.32716 2.3136 17.4922 1 0 0 5.32673 5.18262 0.687534
9425 101.66 3.02085e-05 2.33589 0.508335 0.463173 1.36438 5.31131 0.00263048 0.0395766 1.75455 1.45114 1.7588 1.7509 1.02594 0.673364 -1.04083e-17 -3.46945e-18 0 0 -8.23999 -7.78773 2.25096 17.6688 1 0 0 5.32726 5.17699 0.688792
9430 101.66 3.02085e-05 2.33877 0.508608 0.463613 1.36654 5.36771 0.00263031 0.0392331 1.75439 1.45114 1.75864 1.75076 1.02601 0.673734 -1.04083e-17 -3.46945e-18 0 0 -7.52011 -7.07237 2.17923 17.829 1 0 0 5.32721 5.17109 0.690014
9435 101.66 3.02085e-05 2.34153 0.508837 0.464024 1.36867 5.43579 0.00263016 0.0388895 1.75425 1.45114 1.75849 1.75063 1.02609 0.6738 -1.04083e-17 -3.46945e-18 0 0 -7.27357 -6.80961 2.15681 17.9838 1 0 0 5.32675 5.16503 0.691225
9440 101.66 3.02085e-05 2.34435 0.50909 0.464443 1.37082 5.47985 0.00263 0.038546 1.7541 1.45114 1.75834 1.7505 1.02616 0.673923 -1.04083e-17 -3.46945e-18 0 0 -7.40191 -6.94665 2.17035 18.143 1 0 0 5.32666 5.15914 0.692461
9445 101.66 3.02085e-05 2.34726 0.509402 0.464871 1.37299 5.50298 0.00262984 0.0382024 1.75395 1.45114 1.75819 1.75037 1.02623 0.674122 -1.04083e-17 -3.46945e-18 0 0 -7.47056 -7.07183 2.17031 18.3071 1 0 0 5.32716 5.15354 0.693727
9450 101.661 3.02085e-05 2.3503 0.509807 0.465306 1.37519 5.49662 0.00262968 0.0378589 1.7538 1.45114 1.75803 1.75023 1.02631 0.674365 -1.04083e-17 -3.46945e-18 0 0 -7.81966 -7.41401 2.18784 18.4754 1 0 0 5.32855 5.14822 0.695029
9455 101.661 3.02085e-05 2.35335 0.510232 0.46574 1.37737 5.52137 0.00262952 0.0375153 1.75365 1.45114 1.75788 1.7501 1.02638 0.674452 -1.04083e-17 -3.46945e-18 0 0 -7.35955 -6.99106 2.14179 18.6425 1 0 0 5.33008 5.14291 0.696359
9460 101.661 3.02085e-05 2.35629 0.510602 0.466162 1.37953 5.59095 0.00262937 0.0371718 1.75351 1.45114 1.75773 1.74998 1.02645 0.674394 -1.04083e-17 -3.46945e-18 0 0 -6.94741 -6.60085 2.09822 18.8086 1 0 0 5.33117 5.13745 0.69771
9465 101.661 3.02085e-05 2.35915 0.510917 0.466574 1.38165 5.68977 0.00262923 0.0368282 1.75338 1.45114 1.7576 1.74987 1.02652 0.674175 -1.04083e-17 -3.46945e-18 0 0 -6.38184 -6.03983 2.04072 18.9733 1 0 0 5.33193 5.13191 0.699084
9470 101.661 3.02085e-05 2.36193 0.51119 0.466979 1.38376 5.80105 0.0026291 0.0364847 1.75327 1.45114 1.75748 1.74977 1.02659 0.673914 -1.04083e-17 -3.46945e-18 0 0 -6.28662 -5.87913 2.02175 19.1399 1 0 0 5.33246 5.12628 0.700475
9475 101.661 3.02085e-05 2.36468 0.51145 0.46738 1.38584 5.92356 0.00262897 0.0361411 1.75315 1.45114 1.75736 1.74967 1.02666 0.673574 -1.04083e-17 -3.46945e-18 0 0 -5.96223 -5.51817 1.98028 19.3074 1 0 0 5.33309 5.12063 0.701886
9480 101.662 3.02085e-05 2.36739 0.511688 0.467787 1.38791 6.05978 0.00262885 0.0357976 1.75304 1.45114 1.75724 1.74958 1.02673 0.673302 -1.04083e-17 -3.46945e-18 0 0 -6.11808 -5.63901 1.97235 19.48 1 0 0 5.33383 5.11497 0.703315
9485 101.662 3.02085e-05 2.37017 0.511977 0.468215 1.38997 6.18743 0.00262873 0.035454 1.75293 1.45114 1.75713 1.74948 1.02679 0.673129 -1.04083e-17 -3.46945e-18 0 0 -6.04166 -5.49919 1.94092 19.659 1 0 0 5.33529 5.10959 0.704766
9490 101.662 3.02085e-05 2.37289 0.512253 0.468637 1.392 6.35066 0.00262861 0.0351105 1.75282 1.45114 1.75702 1.74939 1.02686 0.672795 -1.04083e-17 -3.46945e-18 0 0 -5.68382 -5.0584 1.87397 19.8367 1 0 0 5.33696 5.1042 0.706234
9495 101.662 3.02085e-05 2.37551 0.512486 0.469054 1.39397 6.56916 0.00262851 0.0347669 1.75273 1.45114 1.75692 1.74931 1.02692 0.672331 -1.04083e-17 -3.46945e-18 0 0 -5.5267 -4.72549 1.8211 20.014 1 0 0 5.33871 5.09867 0.707705
9500 101.662 3.02085e-05 2.37808 0.512698 0.469472 1.39591 6.81802 0.0026284 0.0344234 1.75264 1.45114 1.75683 1.74924 1.02698 0.671938 -1.04083e-17 -3.46945e-18 0 0 -5.18212 -4.25336 1.74543 20.197 1 0 0 5.3409 5.09307 0.709177
9505 101.662 3.02085e-05 2.38034 0.512765 0.469835 1.39774 7.1364 0.00262833 0.0340799 1.75257 1.45114 1.75676 1.74919 1.02703 0.67123 -1.04083e-17 -3.46945e-18 0 0 -3.89092 -2.93425 1.58382 20.3742 1 0 0 5.34224 5.08697 0.710627
9510 101.662 3.02085e-05 2.38227 0.512671 0.470122 1.39948 7.48085 0.00262828 0.0337363 1.75253 1.45114 1.75672 1.74916 1.02708 0.670396 -1.04083e-17 -3.46945e-18 0 0 -3.05084 -2.05692 1.45715 20.5511 1 0 0 5.34256 5.08022 0.712041
9515 101.663 3.02085e-05 2.384 0.512505 0.470344 1.40115 7.77724 0.00262825 0.0333928 1.7525 1.45114 1.75669 1.74915 1.02713 0.669683 -1.04083e-17 -3.46945e-18 0 0 -2.91255 -1.88712 1.38445 20.7355 1 0 0 5.34266 5.07308 0.713426
9520 101.663 3.02085e-05 2.38571 0.512401 0.470522 1.40279 8.02461 0.00262822 0.0330492 1.75247 1.45114 1.75666 1.74914 1.02718 0.669018 -1.04083e-17 -3.46945e-18 0 0 -2.46585 -1.38728 1.28242 20.9251 1 0 0 5.34365 5.06583 0.714794
9525 101.663 3.02085e-05 2.38734 0.51232 0.470644 1.40438 8.27001 0.0026282 0.0327057 1.75246 1.45114 1.75665 1.74914 1.02722 0.668406 -1.04083e-17 -3.46945e-18 0 0 -2.3032 -1.08993 1.21052 21.1205 1 0 0 5.34513 5.05843 0.716155
9530 101.663 3.02085e-05 2.38879 0.512183 0.470688 1.40592 8.55014 0.00262819 0.0323621 1.75245 1.45114 1.75665 1.74915 1.02726 0.66763 -1.04083e-17 -3.46945e-18 0 0 -1.73947 -0.37113 1.12061 21.3147 1 0 0 5.34645 5.0505 0.71751
9535 101.663 3.02085e-05 2.38991 0.511912 0.470618 1.40738 8.84459 0.00262821 0.0320186 1.75247 1.45114 1.75667 1.74919 1.02729 0.666645 -1.04083e-17 -3.46945e-18 0 0 -0.386352 0.949656 0.970833 21.5064 1 0 0 5.3468 5.04178 0.718849
9540 101.663 3.02085e-05 2.39064 0.511467 0.470414 1.40876 9.12543 0.00262826 0.031675 1.75253 1.45114 1.75673 1.74925 1.02732 0.665565 -1.04083e-17 -3.46945e-18 0 0 0.969299 2.1514 0.827001 21.6992 1 0 0 5.34558 5.03226 0.720158
9545 101.663 3.02085e-05 2.39105 0.510885 0.47008 1.41008 9.32751 0.00262834 0.0313315 1.7526 1.45114 1.75682 1.74935 1.02734 0.664492 -1.04083e-17 -3.46945e-18 0 0 1.96618 2.92748 0.737075 21.8965 1 0 0 5.34287 5.0222 0.721429
9550 101.664 3.02085e-05 2.3913 0.510258 0.469634 1.4114 9.39023 0.00262843 0.0309879 1.7527 1.45114 1.75691 1.74946 1.02737 0.663459 -1.04083e-17 -3.46945e-18 0 0 2.54995 3.29544 0.710574 22.0995 1 0 0 5.33936 5.01185 0.722676
9555 101.664 3.02085e-05 2.39163 0.509705 0.469117 1.41281 9.26435 0.00262852 0.0306444 1.75279 1.45114 1.75701 1.74957 1.02739 0.662656 -1.04083e-17 -3.46945e-18 0 0 2.1798 2.79318 0.809164 22.3148 1 0 0 5.33613 5.00149 0.723933
9560 101.664 3.02085e-05 2.39226 0.509334 0.468578 1.41435 8.9846 0.00262859 0.0303008 1.75286 1.45114 1.75709 1.74966 1.02742 0.662087 -1.04083e-17 -3.46945e-18 0 0 1.44048 1.97821 0.966414 22.5429 1 0 0 5.33415 4.99136 0.725244
9565 101.664 3.02085e-05 2.39323 0.509139 0.468053 1.41604 8.64161 0.00262865 0.0299573 1.75292 1.45114 1.75716 1.74975 1.02746 0.66165 -1.04083e-17 -3.46945e-18 0 0 0.924701 1.31154 1.12065 22.7809 1 0 0 5.33336 4.98159 0.726635
9570 101.664 3.02085e-05 2.39437 0.508994 0.467558 1.41782 8.3258 0.0026287 0.0296137 1.75298 1.45114 1.75722 1.74983 1.0275 0.661081 -1.04083e-17 -3.46945e-18 0 0 1.37306 1.32729 1.19142 23.0198 1 0 0 5.33232 4.97233 0.72811
9575 101.664 3.02085e-05 2.39566 0.508852 0.467107 1.4197 8.0552 0.00262876 0.0292702 1.75304 1.45114 1.75727 1.74992 1.02754 0.660491 -1.04083e-17 -3.46945e-18 0 0 1.42925 0.998211 1.30279 23.2636 1 0 0 5.33053 4.96378 0.729663
9580 101.665 3.02085e-05 2.39721 0.508768 0.466724 1.42172 7.79379 0.0026288 0.0289266 1.75309 1.45114 1.75732 1.75 1.02759 0.660056 -1.04083e-17 -3.46945e-18 0 0 0.987241 0.27653 1.46804 23.5187 1 0 0 5.3288 4.95612 0.731306
9585 101.665 3.02085e-05 2.39905 0.508764 0.466416 1.42387 7.54186 0.00262883 0.0285831 1.75313 1.45114 1.75735 1.75007 1.02764 0.659699 -1.04083e-17 -3.46945e-18 0 0 0.677252 -0.330616 1.60667 23.7827 1 0 0 5.32739 4.94932 0.73304
9590 101.665 3.02085e-05 2.40118 0.508836 0.466185 1.42616 7.30754 0.00262884 0.0282396 1.75315 1.45114 1.75736 1.75013 1.02769 0.659382 -1.04083e-17 -3.46945e-18 0 0 0.345593 -0.929338 1.74412 24.0547 1 0 0 5.32632 4.94333 0.734859
9595 101.665 3.02085e-05 2.40358 0.508985 0.466034 1.42856 7.09288 0.00262884 0.027896 1.75316 1.45114 1.75736 1.75018 1.02776 0.659097 -1.04083e-17 -3.46945e-18 0 0 -0.166181 -1.64497 1.89895 24.3345 1 0 0 5.32567 4.9381 0.736765
9600 101.665 3.02085e-05 2.40635 0.50925 0.465967 1.43113 6.86239 0.00262882 0.0275525 1.75316 1.45114 1.75734 1.75022 1.02782 0.658973 -1.04083e-17 -3.46945e-18 0 0 -0.779131 -2.4324 2.07466 24.6274 1 0 0 5.326 4.93358 0.738772
9605 101.665 3.02085e-05 2.40946 0.509621 0.465984 1.43386 6.63748 0.00262879 0.0272089 1.75313 1.45114 1.7573 1.75025 1.0279 0.659017 -1.04083e-17 -3.46945e-18 0 0 -1.45821 -3.23767 2.25903 24.934 1 0 0 5.32729 4.92967 0.74089
9610 101.665 3.02085e-05 2.41294 0.510113 0.466076 1.43675 6.40024 0.00262873 0.0268654 1.75309 1.45114 1.75724 1.75026 1.02798 0.659202 -1.04083e-17 -3.46945e-18 0 0 -2.15402 -3.99798 2.43574 25.2538 1 0 0 5.32983 4.92623 0.743121
9615 101.666 3.02085e-05 2.41678 0.510731 0.46624 1.43981 6.15682 0.00262866 0.0265218 1.75304 1.45114 1.75717 1.75026 1.02806 0.659524 -1.04083e-17 -3.46945e-18 0 0 -2.71425 -4.64766 2.60054 25.5873 1 0 0 5.33368 4.92316 0.745467
9620 101.666 3.02085e-05 2.42104 0.511496 0.46648 1.44306 5.90297 0.00262857 0.0261783 1.75296 1.45114 1.75707 1.75024 1.02815 0.660141 -1.04083e-17 -3.46945e-18 0 0 -3.58268 -5.51852 2.80234 25.941 1 0 0 5.33928 4.92041 0.747944
9625 101.666 3.02085e-05 2.42552 0.512301 0.466799 1.44642 5.70397 0.00262847 0.0258347 1.75288 1.45114 1.75696 1.75021 1.02825 0.660682 -1.04083e-17 -3.46945e-18 0 0 -3.36316 -5.55883 2.8782 26.3012 1 0 0 5.34529 4.91817 0.750534
9630 101.666 3.02085e-05 2.43015 0.513109 0.46719 1.44985 5.56188 0.00262837 0.0254912 1.7528 1.45114 1.75685 1.7502 1.02835 0.661171 -1.04083e-17 -3.46945e-18 0 0 -3.29886 -5.70147 2.96404 26.669 1 0 0 5.35119 4.91652 0.75322
9635 101.666 3.02085e-05 2.43494 0.513929 0.467648 1.45337 5.45856 0.00262826 0.0251476 1.75272 1.45114 1.75674 1.75018 1.02845 0.661554 -1.04083e-17 -3.46945e-18 0 0 -3.26146 -5.83747 3.04591 27.0424 1 0 0 5.35708 4.91544 0.755996
9640 101.666 3.02085e-05 2.43991 0.514771 0.46817 1.45697 5.37945 0.00262816 0.0248041 1.75263 1.45114 1.75662 1.75016 1.02856 0.661883 -1.04083e-17 -3.46945e-18 0 0 -3.24054 -5.98223 3.1265 27.424 1 0 0 5.36307 4.91487 0.758866
9645 101.666 3.02085e-05 2.445 0.515623 0.468748 1.46063 5.32105 0.00262806 0.0244605 1.75255 1.45114 1.7565 1.75015 1.02866 0.662101 -1.04083e-17 -3.46945e-18 0 0 -3.11644 -6.03339 3.18718 27.8117 1 0 0 5.36904 4.9148 0.761822
9650 101.667 3.02085e-05 2.45023 0.516489 0.469377 1.46436 5.27235 0.00262795 0.024117 1.75246 1.45114 1.75638 1.75014 1.02877 0.662192 -1.04083e-17 -3.46945e-18 0 0 -3.01915 -6.09655 3.24665 28.2049 1 0 0 5.37502 4.9152 0.764861
9655 101.667 3.02085e-05 2.4556 0.517377 0.470058 1.46817 5.2287 0.00262785 0.0237734 1.75238 1.45114 1.75626 1.75013 1.02888 0.662202 -1.04083e-17 -3.46945e-18 0 0 -3.08302 -6.29231 3.32745 28.606 1 0 0 5.38118 4.91609 0.767987
9660 101.667 3.02085e-05 2.46122 0.518322 0.470796 1.4721 5.15881 0.00262773 0.0234299 1.75228 1.45114 1.75613 1.75012 1.029 0.662328 -1.04083e-17 -3.46945e-18 0 0 -3.57572 -6.83084 3.46558 29.024 1 0 0 5.38803 4.91748 0.771225
9665 101.667 3.02085e-05 2.46714 0.519372 0.471587 1.47618 5.04296 0.0026276 0.0230864 1.75218 1.45114 1.75599 1.75009 1.02912 0.662722 -1.04083e-17 -3.46945e-18 0 0 -3.79337 -7.14848 3.55761 29.4663 1 0 0 5.39617 4.9192 0.774595
9670 101.667 3.02085e-05 2.47325 0.52048 0.472421 1.48035 4.94675 0.00262748 0.0227428 1.75207 1.45114 1.75584 1.75007 1.02924 0.66321 -1.04083e-17 -3.46945e-18 0 0 -3.76642 -7.2762 3.6213 29.9263 1 0 0 5.40491 4.92122 0.778077
9675 101.667 3.02085e-05 2.47957 0.521654 0.473304 1.48461 4.8653 0.00262734 0.0223993 1.75196 1.45114 1.75569 1.75005 1.02937 0.66388 -1.04083e-17 -3.46945e-18 0 0 -3.86107 -7.49693 3.70678 30.4087 1 0 0 5.41436 4.92355 0.781675
9680 101.668 3.02085e-05 2.48616 0.522924 0.474222 1.48901 4.76151 0.0026272 0.0220557 1.75185 1.45114 1.75553 1.75002 1.02949 0.664774 -1.04083e-17 -3.46945e-18 0 0 -4.09161 -7.7635 3.81097 30.9165 1 0 0 5.42489 4.92593 0.785392
9685 101.668 3.02085e-05 2.49296 0.524268 0.47518 1.49352 4.66523 0.00262706 0.0217122 1.75173 1.45114 1.75536 1.75 1.02963 0.665836 -1.04083e-17 -3.46945e-18 0 0 -4.1451 -7.92287 3.89903 31.4483 1 0 0 5.43626 4.92837 0.789234
9690 101.668 3.02085e-05 2.50002 0.525695 0.476179 1.49814 4.56955 0.00262692 0.0213686 1.7516 1.45114 1.75519 1.74997 1.02976 0.667073 -1.04083e-17 -3.46945e-18 0 0 -4.31151 -8.12299 3.99926 32.0055 1 0 0 5.44856 4.93083 0.793206
9695 101.668 3.02085e-05 2.50734 0.52722 0.477213 1.5029 4.46634 0.00262676 0.0210251 1.75147 1.45114 1.75501 1.74995 1.0299 0.668561 -1.04083e-17 -3.46945e-18 0 0 -4.57288 -8.41183 4.12151 32.5933 1 0 0 5.46207 4.93317 0.797316
9700 101.668 3.02085e-05 2.51495 0.528847 0.4783 1.50781 4.37491 0.0026266 0.0206815 1.75134 1.45114 1.75482 1.74992 1.03004 0.670448 -1.04083e-17 -3.46945e-18 0 0 -4.62912 -8.60386 4.22051 33.2202 1 0 0 5.47682 4.9355 0.801567
9705 101.668 3.02085e-05 2.52275 0.53052 0.479445 1.51279 4.32176 0.00262644 0.020338 1.75121 1.45114 1.75463 1.7499 1.03019 0.672584 -1.04083e-17 -3.46945e-18 0 0 -4.36589 -8.50327 4.28082 33.8808 1 0 0 5.49206 4.938 0.805933
9710 101.668 3.02085e-05 2.5307 0.532225 0.480638 1.51784 4.29684 0.00262629 0.0199944 1.75108 1.45114 1.75445 1.74988 1.03033 0.674717 -1.04083e-17 -3.46945e-18 0 0 -3.93578 -8.24744 4.32047 34.564 1 0 0 5.50759 4.94066 0.8104
9715 101.669 3.02085e-05 2.53878 0.533954 0.48188 1.52295 4.29226 0.00262615 0.0196509 1.75096 1.45114 1.75427 1.74988 1.03048 0.676735 -1.04083e-17 -3.46945e-18 0 0 -3.74289 -8.19606 4.39783 35.265 1 0 0 5.52331 4.94359 0.814971
9720 101.669 3.02085e-05 2.54711 0.535731 0.483194 1.52819 4.30503 0.002626 0.0193073 1.75084 1.45114 1.75409 1.74988 1.03064 0.678888 -1.04083e-17 -3.46945e-18 0 0 -3.73397 -8.37593 4.50466 35.998 1 0 0 5.5396 4.94708 0.819677
9725 101.669 3.02085e-05 2.55561 0.537536 0.484564 1.53351 4.33919 0.00262585 0.0189638 1.75072 1.45114 1.75391 1.74989 1.03079 0.681017 -1.04083e-17 -3.46945e-18 0 0 -3.3482 -8.17165 4.55695 36.7563 1 0 0 5.55617 4.95102 0.824494
9730 101.669 3.02085e-05 2.56423 0.539362 0.485974 1.5389 4.38462 0.00262571 0.0186202 1.7506 1.45114 1.75374 1.74991 1.03095 0.682938 -1.04083e-17 -3.46945e-18 0 0 -2.92442 -7.89807 4.60555 37.531 1 0 0 5.57292 4.95534 0.829415
9735 101.669 3.02085e-05 2.57299 0.541221 0.487417 1.54435 4.4325 0.00262558 0.0182767 1.7505 1.45114 1.75357 1.74994 1.03111 0.684536 -1.04083e-17 -3.46945e-18 0 0 -2.55399 -7.65305 4.65743 38.3168 1 0 0 5.58995 4.95994 0.834446
9740 101.669 3.02085e-05 2.58188 0.543104 0.4889 1.54988 4.48924 0.00262546 0.0179331 1.7504 1.45114 1.75341 1.74997 1.03127 0.685786 -1.04083e-17 -3.46945e-18 0 0 -2.17327 -7.4211 4.71375 39.1127 1 0 0 5.6072 4.96492 0.839601
9745 101.669 3.02085e-05 2.5909 0.544997 0.490432 1.55547 4.56063 0.00262535 0.0175896 1.75031 1.45114 1.75326 1.75002 1.03143 0.686651 -1.04083e-17 -3.46945e-18 0 0 -1.80039 -7.23468 4.77634 39.9174 1 0 0 5.62451 4.97045 0.84488
9750 101.67 3.02085e-05 2.60013 0.546921 0.492026 1.56118 4.63141 0.00262524 0.0172461 1.75023 1.45114 1.7531 1.75008 1.03159 0.687253 -1.04083e-17 -3.46945e-18 0 0 -1.78066 -7.34772 4.89509 40.7385 1 0 0 5.6422 4.97665 0.8503
9755 101.67 3.02085e-05 2.6096 0.548892 0.493685 1.56702 4.69801 0.00262513 0.0169025 1.75014 1.45114 1.75295 1.75013 1.03176 0.687639 -1.04083e-17 -3.46945e-18 0 0 -1.64818 -7.40758 4.99603 41.5799 1 0 0 5.66048 4.98357 0.855878
9760 101.67 3.02085e-05 2.61928 0.550904 0.4954 1.57298 4.76098 0.00262501 0.016559 1.75005 1.45114 1.7528 1.75019 1.03194 0.68772 -1.04083e-17 -3.46945e-18 0 0 -1.46566 -7.3619 5.08914 42.4374 1 0 0 5.67931 4.99109 0.861608
9765 101.67 3.02085e-05 2.62921 0.552975 0.497166 1.57907 4.80149 0.0026249 0.0162154 1.74996 1.45114 1.75264 1.75026 1.03211 0.687527 -1.04083e-17 -3.46945e-18 0 0 -1.54371 -7.5826 5.22067 43.3139 1 0 0 5.69893 4.99907 0.867513
9770 101.67 3.02085e-05 2.63951 0.555159 0.498995 1.58536 4.80636 0.00262478 0.0158719 1.74987 1.45114 1.75248 1.75032 1.03229 0.687418 -1.04083e-17 -3.46945e-18 0 0 -1.83697 -7.99792 5.35958 44.2338 1 0 0 5.71995 5.00754 0.873634
9775 101.67 3.02085e-05 2.6502 0.557488 0.500874 1.59184 4.77983 0.00262465 0.0155283 1.74976 1.45114 1.7523 1.75037 1.03248 0.687533 -1.04083e-17 -3.46945e-18 0 0 -1.91955 -8.2672 5.46037 45.2092 1 0 0 5.74288 5.01616 0.879991
9780 101.67 3.02085e-05 2.66117 0.559924 0.502799 1.59845 4.76788 0.00262452 0.0151848 1.74967 1.45114 1.75213 1.75044 1.03267 0.687695 -1.04083e-17 -3.46945e-18 0 0 -1.44668 -8.04174 5.49622 46.2319 1 0 0 5.76723 5.02495 0.886563
9785 101.671 3.02085e-05 2.67238 0.562455 0.504753 1.60517 4.75271 0.0026244 0.0148412 1.74957 1.45114 1.75196 1.75052 1.03286 0.687697 -1.04083e-17 -3.46945e-18 0 0 -1.24121 -7.91668 5.58039 47.2909 1 0 0 5.79281 5.03366 0.89333
9790 101.671 3.02085e-05 2.68397 0.565128 0.506754 1.61209 4.72398 0.00262428 0.0144977 1.74948 1.45114 1.75179 1.75061 1.03306 0.687937 -1.04083e-17 -3.46945e-18 0 0 -1.22078 -8.03644 5.71083 48.4168 1 0 0 5.82026 5.04225 0.900336
9795 101.671 3.02085e-05 2.69588 0.567921 0.508796 1.61916 4.7041 0.00262416 0.0141541 1.74939 1.45114 1.75161 1.75071 1.03325 0.688176 -1.04083e-17 -3.46945e-18 0 0 -1.03873 -7.92876 5.8226 49.5974 1 0 0 5.84932 5.05062 0.90758
9800 101.671 3.02085e-05 2.70811 0.570836 0.510888 1.62638 4.70083 0.00262404 0.0138106 1.7493 1.45114 1.75144 1.75081 1.03346 0.688438 -1.04083e-17 -3.46945e-18 0 0 -0.742418 -7.78034 5.92468 50.8383 1 0 0 5.87986 5.05874 0.915064
9805 101.671 3.02085e-05 2.72062 0.573865 0.513029 1.63373 4.71329 0.00262393 0.013467 1.74922 1.45114 1.75127 1.75094 1.03366 0.688711 -1.04083e-17 -3.46945e-18 0 0 -0.207512 -7.38442 6.01345 52.1434 1 0 0 5.91168 5.06651 0.922772
9810 101.671 3.02085e-05 2.7334 0.577007 0.515219 1.64117 4.73389 0.00262384 0.0131235 1.74915 1.45114 1.75111 1.75108 1.03387 0.688775 -1.04083e-17 -3.46945e-18 0 0 0.393472 -6.81495 6.09036 53.5006 1 0 0 5.94469 5.07395 0.930685
9815 101.672 3.02085e-05 2.74641 0.580239 0.517469 1.6487 4.78085 0.00262376 0.0127799 1.7491 1.45114 1.75097 1.75124 1.03409 0.68831 -1.04083e-17 -3.46945e-18 0 0 1.05937 -6.28749 6.18251 54.8887 1 0 0 5.97851 5.08128 0.938806
9820 101.672 3.02085e-05 2.75968 0.583543 0.519803 1.65633 4.8528 0.0026237 0.0124364 1.74906 1.45114 1.75083 1.75142 1.0343 0.687083 -1.04083e-17 -3.46945e-18 0 0 1.57469 -5.89092 6.30765 56.2909 1 0 0 6.01292 5.08892 0.947149
9825 101.672 3.02085e-05 2.77337 0.586963 0.522253 1.66415 4.93896 0.00262363 0.0120929 1.74902 1.45114 1.7507 1.7516 1.03453 0.685317 -1.04083e-17 -3.46945e-18 0 0 1.28471 -6.31494 6.54269 57.7275 1 0 0 6.04838 5.09727 0.955762
9830 101.672 3.02085e-05 2.78755 0.590523 0.524849 1.67218 5.02893 0.00262356 0.0117493 1.74897 1.45114 1.75055 1.75179 1.03476 0.683076 -1.04083e-17 -3.46945e-18 0 0 1.29427 -6.54214 6.73253 59.207 1 0 0 6.08518 5.10662 0.964674
9835 101.672 3.02085e-05 2.8022 0.594218 0.52758 1.6804 5.14303 0.00262349 0.0114058 1.74892 1.45114 1.7504 1.75197 1.035 0.680162 -1.04083e-17 -3.46945e-18 0 0 1.01489 -7.07556 6.96832 60.7157 1 0 0 6.12315 5.11691 0.973879
9840 101.672 3.02085e-05 2.81758 0.59813 0.530515 1.68894 5.21906 0.00262338 0.0110622 1.74884 1.45114 1.75022 1.75214 1.03524 0.67741 -1.04083e-17 -3.46945e-18 0 0 0.00810859 -8.46014 7.31019 62.3331 1 0 0 6.16317 5.12888 0.983422
9845 101.672 3.14476e-05 2.82074 0.598607 0.529837 1.6923 0.28283 0.00262309 0.0109935 1.74855 1.45114 1.74994 1.75192 1.03535 0.672061 -0.000563161 0.00133315 0.021536 0 -1.46486 1.61491 -0.43342 61.5992 1 0 0 6.17536 5.10969 0.984478
9850 101.673 3.30683e-05 2.81662 0.596927 0.528287 1.69141 0.11099 0.00262312 0.0109935 1.74859 1.45114 1.74997 1.75195 1.03533 0.667744 -0.000563161 0.00133315 0.021536 0 0.0908894 0.632718 -0.476996 61.2036 1 0 0 6.1542 5.08559 0.983045
9855 101.673 3.47725e-05 2.81256 0.595087 0.526812 1.69066 0.0510336 0.00262314 0.0109935 1.7486 1.45114 1.74998 1.75197 1.03532 0.665939 -0.000563161 0.00133315 0.021536 0 -0.507261 -0.287401 -0.398491 61.0381 1 0 0 6.13043 5.06299 0.981673
9860 101.673 3.65645e-05 2.80852 0.593222 0.525299 1.69 0.024446 0.00262313 0.0109935 1.7486 1.45114 1.74997 1.75197 1.0353 0.664779 -0.000563161 0.00133315 0.021536 0 -0.945522 -0.821102 -0.353814 60.9318 1 0 0 6.10583 5.04035 0.980307
9865 101.673 3.84489e-05 2.80442 0.591321 0.523727 1.68938 0.0120218 0.00262312 0.0109935 1.74858 1.45114 1.74995 1.75195 1.03529 0.663906 -0.000563161 0.00133315 0.021536 0 -1.20851 -1.12905 -0.327976 60.8517 1 0 0 6.08041 5.0172 0.978919
9870 101.673 4.04304e-05 2.80023 0.589365 0.522088 1.68877 0.0060201 0.00262309 0.0109935 1.74856 1.45114 1.74992 1.75193 1.03527 0.663188 -0.000563161 0.00133315 0.021536 0 -1.36109 -1.30625 -0.31251 60.7859 1 0 0 6.05404 4.99333 0.977492
9875 101.674 4.2514e-05 2.79589 0.587338 0.520376 1.68817 0.00306454 0.00262307 0.0109935 1.74853 1.45114 1.74989 1.7519 1.03526 0.662556 -0.000563161 0.00133315 0.021536 0 -1.44722 -1.40614 -0.30306 60.7281 1 0 0 6.02661 4.96857 0.976015
9880 101.674 4.4705e-05 2.79138 0.585229 0.518587 1.68756 0.00160396 0.00262303 0.0109935 1.7485 1.45114 1.74986 1.75186 1.03524 0.66197 -0.000563161 0.00133315 0.021536 0 -1.49362 -1.4601 -0.297157 60.6743 1 0 0 5.99803 4.94283 0.974481
9885 101.674 4.70089e-05 2.78668 0.58303 0.516718 1.68693 0.000890007 0.00262299 0.0109935 1.74847 1.45114 1.74982 1.75182 1.03523 0.661402 -0.000563161 0.00133315 0.021536 0 -1.51639 -1.48692 -0.29333 60.6223 1 0 0 5.96821 4.91603 0.972883
9890 101.674 4.94315e-05 2.78178 0.580735 0.514763 1.68628 0.000548716 0.00262295 0.0109935 1.74843 1.45114 1.74977 1.75178 1.03521 0.660837 -0.000563161 0.00133315 0.021536 0 -1.52516 -1.49777 -0.290699 60.5705 1 0 0 5.93709 4.88811 0.971217
9895 101.674 5.1979e-05 2.77665 0.578336 0.512721 1.6856 0.000390497 0.00262291 0.0109935 1.74839 1.45114 1.74973 1.75174 1.03519 0.660263 -0.000563161 0.00133315 0.021536 0 -1.52561 -1.49921 -0.288741 60.5179 1 0 0 5.90462 4.85902 0.969479
9900 101.675 5.46578e-05 2.7713 0.575831 0.510587 1.68489 0.000319739 0.00262287 0.0109935 1.74835 1.45114 1.74968 1.75169 1.03518 0.659673 -0.000563161 0.00133315 0.021536 0 -1.52106 -1.49502 -0.287151 60.4638 1 0 0 5.87073 4.82871 0.967666
9905 101.675 5.74746e-05 2.76571 0.573212 0.508357 1.68414 0.00028921 0.00262282 0.0109935 1.7483 1.45114 1.74964 1.75164 1.03516 0.659062 -0.000563161 0.00133315 0.021536 0 -1.51338 -1.48736 -0.285752 60.4078 1 0 0 5.83538 4.79713 0.965773
9910 101.675 6.04366e-05 2.75987 0.570477 0.506027 1.68336 0.000276305 0.00262277 0.0109935 1.74826 1.45114 1.74958 1.75159 1.03514 0.658426 -0.000563161 0.00133315 0.021536 0 -1.50369 -1.47747 -0.284441 60.3495 1 0 0 5.79852 4.76425 0.963798
9915 101.676 6.35513e-05 2.75376 0.56762 0.503595 1.68255 0.000270634 0.00262272 0.0109935 1.74821 1.45114 1.74953 1.75154 1.03512 0.657761 -0.000563161 0.00133315 0.021536 0 -1.49259 -1.46605 -0.283159 60.2886 1 0 0 5.76008 4.73002 0.961738
9920 101.676 6.68264e-05 2.74739 0.564637 0.501055 1.68169 0.000267656 0.00262267 0.0109935 1.74816 1.45114 1.74948 1.75148 1.0351 0.657066 -0.000563161 0.00133315 0.021536 0 -1.48044 -1.45351 -0.28187 60.2248 1 0 0 5.72003 4.69439 0.959589
9925 101.676 7.02704e-05 2.74073 0.561524 0.498404 1.6808 0.000265507 0.00262262 0.0109935 1.74811 1.45114 1.74942 1.75143 1.03507 0.656338 -0.000563161 0.00133315 0.021536 0 -1.46745 -1.44006 -0.280553 60.1581 1 0 0 5.67831 4.65734 0.957349
9930 101.677 7.38918e-05 2.73377 0.558275 0.495638 1.67986 0.000263488 0.00262256 0.0109935 1.74805 1.45114 1.74936 1.75137 1.03505 0.655574 -0.000563161 0.00133315 0.021536 0 -1.45373 -1.42584 -0.279195 60.0881 1 0 0 5.63486 4.61882 0.955015
9935 101.677 7.76999e-05 2.72652 0.554886 0.492753 1.67888 0.000261373 0.0026225 0.0109935 1.748 1.45114 1.7493 1.75131 1.03503 0.654773 -0.000563161 0.00133315 0.021536 0 -1.43934 -1.41094 -0.277787 60.0147 1 0 0 5.58964 4.5788 0.952583
9940 101.677 8.17042e-05 2.71895 0.551352 0.489746 1.67785 0.000259115 0.00262244 0.0109935 1.74794 1.45114 1.74923 1.75124 1.035 0.653934 -0.000563161 0.00133315 0.021536 0 -1.42432 -1.39538 -0.276323 59.9377 1 0 0 5.5426 4.53724 0.950052
9945 101.678 8.59149e-05 2.71105 0.547669 0.486611 1.67677 0.000256719 0.00262237 0.0109935 1.74788 1.45114 1.74916 1.75117 1.03498 0.653053 -0.000563161 0.00133315 0.021536 0 -1.40867 -1.37918 -0.274798 59.857 1 0 0 5.49369 4.4941 0.947417
9950 101.678 9.03426e-05 2.70282 0.543832 0.483346 1.67564 0.000254205 0.00262231 0.0109935 1.74781 1.45114 1.74909 1.75111 1.03495 0.652128 -0.000563161 0.00133315 0.021536 0 -1.39241 -1.36237 -0.273208 59.7723 1 0 0 5.44286 4.44936 0.944676
9955 101.679 9.49984e-05 2.69424 0.539836 0.479946 1.67446 0.000251591 0.00262224 0.0109935 1.74775 1.45114 1.74902 1.75103 1.03492 0.651159 -0.000563161 0.00133315 0.021536 0 -1.37552 -1.34493 -0.271549 59.6834 1 0 0 5.39006 4.40298 0.941827
9960 101.679 9.98942e-05 2.68531 0.535678 0.476408 1.67322 0.000248888 0.00262217 0.0109935 1.74768 1.45114 1.74894 1.75096 1.03489 0.650143 -0.000563161 0.00133315 0.021536 0 -1.35801 -1.32686 -0.269819 59.5903 1 0 0 5.33524 4.35493 0.938866
9965 101.68 0.000105042 2.676 0.531351 0.472727 1.67193 0.000246104 0.00262209 0.0109935 1.74761 1.45114 1.74887 1.75088 1.03486 0.649077 -0.000563161 0.00133315 0.021536 0 -1.33986 -1.30816 -0.268015 59.4926 1 0 0 5.27837 4.30519 0.935791
9970 101.68 0.000110456 2.66632 0.526852 0.4689 1.67057 0.000243246 0.00262202 0.0109935 1.74754 1.45114 1.74879 1.7508 1.03483 0.647959 -0.000563161 0.00133315 0.021536 0 -1.32108 -1.28883 -0.266134 59.3901 1 0 0 5.21939 4.25373 0.932599
9975 101.681 0.000116148 2.65625 0.522177 0.464922 1.66915 0.000240317 0.00262194 0.0109935 1.74746 1.45114 1.7487 1.75072 1.03479 0.646788 -0.000563161 0.00133315 0.021536 0 -1.30164 -1.26886 -0.264171 59.2828 1 0 0 5.15827 4.20053 0.929289
9980 101.681 0.000122134 2.64578 0.517321 0.460792 1.66767 0.00023732 0.00262186 0.0109935 1.74739 1.45114 1.74861 1.75064 1.03476 0.64556 -0.000563161 0.00133315 0.021536 0 -1.28156 -1.24825 -0.262125 59.1703 1 0 0 5.09498 4.14558 0.925857
9985 101.682 0.000128428 2.6349 0.51228 0.456504 1.66612 0.000234245 0.00262177 0.0109935 1.74731 1.45114 1.74853 1.75055 1.03472 0.644274 -0.000563161 0.00133315 0.021536 0 -1.26081 -1.227 -0.259992 59.0524 1 0 0 5.02946 4.08886 0.922301
9990 101.683 0.000135047 2.6236 0.507051 0.452056 1.6645 0.000231132 0.00262168 0.0109935 1.74723 1.45114 1.74843 1.75046 1.03468 0.642927 -0.000563161 0.00133315 0.021536 0 -1.23941 -1.20512 -0.257766 58.9289 1 0 0 4.9617 4.03037 0.918621
9995 101.683 0.000142007 2.61187 0.501629 0.447444 1.6628 0.000227949 0.0026216 0.0109935 1.74714 1.45114 1.74834 1.75036 1.03464 0.641516 -0.000563161 0.00133315 0.021536 0 -1.21735 -1.1826 -0.255448 58.7996 1 0 0 4.89167 3.9701 0.914814
10000 101.684 0.000149325 2.59971 0.496012 0.442666 1.66103 0.000224708 0.0026215 0.0109935 1.74705 1.45114 1.74824 1.75027 1.0346 0.640039 -0.000563161 0.00133315 0.021536 0 -1.19463 -1.15946 -0.253032 58.6642 1 0 0 4.81933 3.90805 0.910878
10005 101.685 0.000157021 2.58709 0.490196 0.437719 1.65918 0.000221413 0.00262141 0.0109935 1.74696 1.45114 1.74814 1.75017 1.03456 0.638493 -0.000563161 0.00133315 0.021536 0 -1.17127 -1.1357 -0.250514 58.5225 1 0 0 4.74467 3.84422 0.906813
10010 101.686 0.000165113 2.57403 0.484179 0.4326 1.65725 0.000218068 0.00262131 0.0109935 1.74687 1.45114 1.74804 1.75007 1.03451 0.636876 -0.000563161 0.00133315 0.021536 0 -1.14725 -1.11134 -0.247891 58.3743 1 0 0 4.66768 3.77863 0.902617
10015 101.687 0.000173622 2.5605 0.477959 0.427309 1.65523 0.000214675 0.00262121 0.0109935 1.74678 1.45114 1.74793 1.74997 1.03446 0.635184 -0.000563161 0.00133315 0.021536 0 -1.12261 -1.0864 -0.245157 58.2192 1 0 0 4.58834 3.7113 0.898291
10020 101.687 0.00018257 2.5465 0.471534 0.421842 1.65313 0.000211239 0.00262111 0.0109935 1.74668 1.45114 1.74782 1.74986 1.03441 0.633416 -0.000563161 0.00133315 0.021536 0 -1.09735 -1.0609 -0.24231 58.0571 1 0 0 4.50665 3.64224 0.893834
10025 101.688 0.000191979 2.53203 0.464903 0.416198 1.65093 0.000207762 0.002621 0.0109935 1.74658 1.45114 1.74771 1.74975 1.03436 0.631568 -0.000563161 0.00133315 0.021536 0 -1.07149 -1.03487 -0.239344 57.8877 1 0 0 4.42261 3.5715 0.889245
10030 101.689 0.000201872 2.51708 0.458064 0.410378 1.64864 0.000204248 0.0026209 0.0109935 1.74648 1.45114 1.74759 1.74964 1.03431 0.629637 -0.000563161 0.00133315 0.021536 0 -1.04506 -1.00833 -0.236254 57.7108 1 0 0 4.33622 3.4991 0.884527
10035 101.69 0.000212276 2.50165 0.451019 0.404379 1.64625 0.0002007 0.00262079 0.0109935 1.74638 1.45114 1.74748 1.74953 1.03426 0.627621 -0.000563161 0.00133315 0.021536 0 -1.01807 -0.981329 -0.233036 57.526 1 0 0 4.2475 3.42509 0.879679
10040 101.691 0.000223216 2.48574 0.443767 0.398203 1.64376 0.000197121 0.00262068 0.0109935 1.74627 1.45114 1.74736 1.74942 1.0342 0.625518 -0.000563161 0.00133315 0.021536 0 -0.990564 -0.953902 -0.229683 57.3332 1 0 0 4.15647 3.34952 0.874703
10045 101.693 0.000234719 2.46934 0.436311 0.391851 1.64117 0.000193514 0.00262056 0.0109935 1.74616 1.45114 1.74724 1.7493 1.03414 0.623324 -0.000563161 0.00133315 0.021536 0 -0.962575 -0.926098 -0.226191 57.1321 1 0 0 4.06316 3.27246 0.869602
10050 101.694 0.000246816 2.45245 0.428652 0.385322 1.63848 0.000189882 0.00262045 0.0109935 1.74606 1.45114 1.74711 1.74919 1.03409 0.621037 -0.000563161 0.00133315 0.021536 0 -0.934141 -0.897966 -0.222554 56.9226 1 0 0 3.9676 3.19397 0.864376
10055 101.695 0.000259536 2.43508 0.420793 0.37862 1.63567 0.000186226 0.00262033 0.0109935 1.74595 1.45114 1.74699 1.74907 1.03402 0.618656 -0.000563161 0.00133315 0.021536 0 -0.905311 -0.869567 -0.218767 56.7043 1 0 0 3.86983 3.11412 0.859031
10060 101.696 0.000272911 2.41723 0.412738 0.371747 1.63275 0.000182546 0.00262021 0.0109935 1.74583 1.45114 1.74686 1.74895 1.03396 0.616177 -0.000563161 0.00133315 0.021536 0 -0.876142 -0.84097 -0.214821 56.4771 1 0 0 3.76992 3.033 0.853568
10065 101.698 0.000286976 2.39891 0.404493 0.364706 1.62972 0.000178843 0.00262009 0.0109935 1.74572 1.45114 1.74673 1.74883 1.03389 0.613599 -0.000563161 0.00133315 0.021536 0 -0.846693 -0.812249 -0.21071 56.2408 1 0 0 3.66793 2.95071 0.847992
10070 101.699 0.000301765 2.38013 0.396063 0.357501 1.62656 0.000175114 0.00261997 0.0109935 1.74561 1.45114 1.7466 1.74871 1.03383 0.61092 -0.000563161 0.00133315 0.021536 0 -0.817032 -0.783482 -0.206427 55.9953 1 0 0 3.56392 2.86734 0.842307
10075 101.701 0.000317317 2.36088 0.387456 0.350138 1.62329 0.00017136 0.00261985 0.0109935 1.74549 1.45114 1.74647 1.74859 1.03376 0.60814 -0.000563161 0.00133315 0.021536 0 -0.787235 -0.754759 -0.201966 55.7404 1 0 0 3.458 2.78299 0.836519
10080 101.702 0.00033367 2.34119 0.378679 0.342621 1.61989 0.000167576 0.00261972 0.0109935 1.74538 1.45114 1.74633 1.74846 1.03369 0.605256 -0.000563161 0.00133315 0.021536 0 -0.757383 -0.726175 -0.197318 55.4761 1 0 0 3.35026 2.6978 0.830633
10085 101.704 0.000350866 2.32107 0.369743 0.334959 1.61637 0.000163756 0.0026196 0.0109935 1.74526 1.45114 1.7462 1.74834 1.03362 0.602269 -0.000563161 0.00133315 0.021536 0 -0.727568 -0.697832 -0.192476 55.2023 1 0 0 3.24082 2.61187 0.824654
10090 101.706 0.000368948 2.30054 0.360659 0.327157 1.61272 0.000159895 0.00261947 0.0109935 1.74514 1.45114 1.74606 1.74822 1.03354 0.59918 -0.000563161 0.00133315 0.021536 0 -0.697889 -0.66984 -0.187432 54.9191 1 0 0 3.12982 2.52535 0.818589
10095 101.708 0.000387962 2.27961 0.351438 0.319225 1.60895 0.000155985 0.00261935 0.0109935 1.74502 1.45114 1.74592 1.7481 1.03347 0.595988 -0.000563161 0.00133315 0.021536 0 -0.668452 -0.642315 -0.18218 54.6266 1 0 0 3.0174 2.43837 0.812446
10100 101.71 0.000407956 2.2583 0.342093 0.311173 1.60504 0.000152018 0.00261922 0.0109935 1.74491 1.45114 1.74579 1.74798 1.03339 0.592695 -0.000563161 0.00133315 0.021536 0 -0.639374 -0.61538 -0.176712 54.3248 1 0 0 2.90374 2.35108 0.806232
10105 101.712 0.00042898 2.23665 0.33264 0.30301 1.601 0.000147983 0.00261909 0.0109935 1.74479 1.45114 1.74565 1.74786 1.03331 0.589304 -0.000563161 0.00133315 0.021536 0 -0.610779 -0.589163 -0.171022 54.014 1 0 0 2.78905 2.26364 0.799953
10110 101.714 0.000451088 2.21468 0.323095 0.294749 1.59683 0.000143872 0.00261897 0.0109935 1.74467 1.45114 1.74551 1.74774 1.03323 0.585818 -0.000563161 0.00133315 0.021536 0 -0.582799 -0.563795 -0.165104 53.6945 1 0 0 2.67355 2.17619 0.79362
10115 101.716 0.000474335 2.19241 0.313475 0.286401 1.59253 0.000139673 0.00261884 0.0109935 1.74455 1.45114 1.74537 1.74762 1.03315 0.582242 -0.000563161 0.00133315 0.021536 0 -0.555572 -0.539412 -0.158955 53.3666 1 0 0 2.55749 2.0889 0.787238
10120 101.719 0.00049878 2.16988 0.303799 0.27798 1.5881 0.000135379 0.00261871 0.0109935 1.74443 1.45114 1.74523 1.74751 1.03307 0.578579 -0.000563161 0.00133315 0.021536 0 -0.529241 -0.516144 -0.152572 53.031 1 0 0 2.44116 2.00195 0.780818
10125 101.721 0.000524485 2.14713 0.294085 0.269501 1.58355 0.000130982 0.00261858 0.0109935 1.74431 1.45114 1.74509 1.74739 1.03299 0.574838 -0.000563161 0.00133315 0.021536 0 -0.503955 -0.494126 -0.145956 52.6881 1 0 0 2.32488 1.91551 0.774367
10130 101.724 0.000551515 2.1242 0.284355 0.260979 1.57886 0.000126477 0.00261845 0.0109935 1.74419 1.45114 1.74494 1.74727 1.03291 0.571025 -0.000563161 0.00133315 0.021536 0 -0.479862 -0.473482 -0.139108 52.3386 1 0 0 2.20901 1.82974 0.767895
10135 101.727 0.000579938 2.10111 0.274629 0.25243 1.57405 0.000121864 0.00261832 0.0109935 1.74407 1.45114 1.7448 1.74715 1.03283 0.56715 -0.000563161 0.00133315 0.021536 0 -0.457107 -0.454327 -0.132037 51.9834 1 0 0 2.09392 1.74484 0.761409
10140 101.73 0.000609825 2.07792 0.26493 0.243871 1.56912 0.000117149 0.00261818 0.0109935 1.74394 1.45114 1.74465 1.74704 1.03275 0.563222 -0.000563161 0.00133315 0.021536 0 -0.435826 -0.43676 -0.124753 51.6233 1 0 0 1.98003 1.66098 0.754919
10145 101.733 0.000641253 2.05467 0.255278 0.235321 1.56408 0.000112341 0.00261804 0.0109935 1.74381 1.45114 1.7445 1.74692 1.03267 0.559252 -0.000563161 0.00133315 0.021536 0 -0.416144 -0.420859 -0.11727 51.2595 1 0 0 1.86777 1.57834 0.748434
10150 101.736 0.0006743 2.0314 0.245695 0.226797 1.55891 0.000107458 0.0026179 0.0109935 1.74368 1.45114 1.74434 1.74679 1.03259 0.555252 -0.000563161 0.00133315 0.021536 0 -0.398166 -0.406681 -0.109611 50.8928 1 0 0 1.75759 1.49709 0.74196
10155 101.74 0.000709051 2.00816 0.236203 0.218318 1.55364 0.000102523 0.00261775 0.0109935 1.74354 1.45114 1.74418 1.74667 1.03252 0.551235 -0.000563161 0.00133315 0.021536 0 -0.38197 -0.394247 -0.101802 50.5246 1 0 0 1.64995 1.41742 0.735507
10160 101.743 0.000745592 1.98499 0.226822 0.209902 1.54826 9.75659e-05 0.0026176 0.0109935 1.74339 1.45114 1.74402 1.74653 1.03244 0.547213 -0.000563161 0.00133315 0.021536 0 -0.367607 -0.38355 -0.0938759 50.156 1 0 0 1.54527 1.3395 0.729082
10165 101.747 0.000784017 1.96192 0.217571 0.20157 1.54278 9.26219e-05 0.00261744 0.0109935 1.74324 1.45114 1.74384 1.7464 1.03237 0.5432 -0.000563161 0.00133315 0.021536 0 -0.35509 -0.37454 -0.08587 49.7882 1 0 0 1.44398 1.26349 0.722692
10170 101.751 0.000824422 1.93901 0.208468 0.193339 1.5372 8.77289e-05 0.00261726 0.0109935 1.74308 1.45114 1.74366 1.74625 1.03231 0.539208 -0.000563161 0.00133315 0.021536 0 -0.344389 -0.367129 -0.0778285 49.4223 1 0 0 1.34645 1.18955 0.716345
10175 101.755 0.000866909 1.91628 0.19953 0.185228 1.53152 8.29261e-05 0.00261708 0.0109935 1.74291 1.45114 1.74347 1.74609 1.03224 0.53525 -0.000563161 0.00133315 0.021536 0 -0.335438 -0.361192 -0.0697989 49.0595 1 0 0 1.253 1.11783 0.710047
10180 101.76 0.000911586 1.89378 0.19077 0.177255 1.52575 7.82515e-05 0.00261688 0.0109935 1.74272 1.45114 1.74326 1.74592 1.03218 0.531335 -0.000563161 0.00133315 0.021536 0 -0.328131 -0.356574 -0.0618318 48.7007 1 0 0 1.16388 1.04848 0.703803
10185 101.764 0.000958565 1.87152 0.182202 0.169435 1.51989 7.37397e-05 0.00261668 0.0109935 1.74253 1.45114 1.74305 1.74573 1.03213 0.527474 -0.000563161 0.00133315 0.021536 0 -0.322325 -0.353084 -0.0539801 48.3468 1 0 0 1.07928 0.981606 0.69762
10190 101.769 0.00100797 1.84955 0.173837 0.161785 1.51393 6.94203e-05 0.00261645 0.0109935 1.74231 1.45114 1.74281 1.74553 1.03208 0.523673 -0.000563161 0.00133315 0.021536 0 -0.317844 -0.350511 -0.0462968 47.9984 1 0 0 0.99931 0.917335 0.6915
10195 101.774 0.00105991 1.82787 0.165683 0.154318 1.50787 6.53162e-05 0.00261621 0.0109935 1.74208 1.45114 1.74256 1.74531 1.03204 0.519937 -0.000563161 0.00133315 0.021536 0 -0.314488 -0.348627 -0.038834 47.656 1 0 0 0.924011 0.855754 0.685448
10200 101.78 0.00111454 1.8065 0.157749 0.147047 1.50171 6.14424e-05 0.00261594 0.0109935 1.74183 1.45114 1.7423 1.74507 1.032 0.516269 -0.000563161 0.00133315 0.021536 0 -0.312044 -0.347203 -0.0316408 47.3198 1 0 0 0.853354 0.796938 0.679465
10205 101.785 0.00117197 1.78546 0.150041 0.139983 1.49543 5.78063e-05 0.00261566 0.0109935 1.74156 1.45114 1.74201 1.74481 1.03197 0.512667 -0.000563161 0.00133315 0.021536 0 -0.310295 -0.346013 -0.0247616 46.9897 1 0 0 0.787254 0.740942 0.673552
10210 101.791 0.00123237 1.76474 0.142564 0.133134 1.48904 5.4408e-05 0.00261536 0.0109935 1.74127 1.45114 1.7417 1.74453 1.03194 0.509129 -0.000563161 0.00133315 0.021536 0 -0.309024 -0.344844 -0.0182356 46.6654 1 0 0 0.725575 0.687799 0.667709
10215 101.798 0.00129588 1.74434 0.13532 0.126507 1.48251 5.1241e-05 0.00261503 0.0109935 1.74096 1.45114 1.74137 1.74422 1.03192 0.505649 -0.000563161 0.00133315 0.021536 0 -0.308026 -0.343508 -0.0120955 46.3464 1 0 0 0.668147 0.637517 0.661932
10220 101.804 0.00136267 1.72426 0.128313 0.120109 1.47584 4.82933e-05 0.00261468 0.0109935 1.74062 1.45114 1.74102 1.74389 1.03191 0.502217 -0.000563161 0.00133315 0.021536 0 -0.307115 -0.341841 -0.00636645 46.0318 1 0 0 0.614772 0.590085 0.656219
10225 101.811 0.00143289 1.70449 0.121545 0.113941 1.469 4.55487e-05 0.00261431 0.0109935 1.74026 1.45114 1.74065 1.74353 1.03191 0.498824 -0.000563161 0.00133315 0.021536 0 -0.306124 -0.339714 -0.00106632 45.7208 1 0 0 0.565233 0.545468 0.650563
10230 101.818 0.00150674 1.68501 0.115015 0.108006 1.46199 4.29882e-05 0.00261391 0.0109935 1.73988 1.45114 1.74025 1.74315 1.03191 0.495456 -0.000563161 0.00133315 0.021536 0 -0.304913 -0.337031 0.0037949 45.4121 1 0 0 0.519306 0.50361 0.644958
10235 101.826 0.00158439 1.6658 0.108724 0.102304 1.45477 4.05914e-05 0.00261348 0.0109935 1.73947 1.45114 1.73983 1.74274 1.03192 0.492098 -0.000563161 0.00133315 0.021536 0 -0.303367 -0.333731 0.00821458 45.1043 1 0 0 0.476763 0.464437 0.639395
10240 101.834 0.00166604 1.64683 0.102672 0.0968343 1.44733 3.83373e-05 0.00261304 0.0109935 1.73904 1.45114 1.73938 1.74231 1.03194 0.488734 -0.000563161 0.00133315 0.021536 0 -0.301401 -0.329786 0.0121969 44.796 1 0 0 0.437384 0.42786 0.633865
10245 101.843 0.0017519 1.62809 0.0968559 0.091594 1.43964 3.62058e-05 0.00261256 0.0109935 1.73858 1.45114 1.73891 1.74185 1.03197 0.485348 -0.000563161 0.00133315 0.021536 0 -0.298957 -0.325197 0.0157524 44.4856 1 0 0 0.400953 0.393773 0.628356
10250 101.852 0.00184219 1.60954 0.0912747 0.0865802 1.43168 3.41787e-05 0.00261207 0.0109935 1.7381 1.45114 1.73842 1.74137 1.032 0.48192 -0.000563161 0.00133315 0.021536 0 -0.296 -0.319993 0.0188965 44.1715 1 0 0 0.367266 0.362064 0.622857
10255 101.861 0.00193713 1.59115 0.0859254 0.0817889 1.42343 3.22398e-05 0.00261155 0.0109935 1.73759 1.45114 1.7379 1.74086 1.03204 0.478432 -0.000563161 0.00133315 0.021536 0 -0.292521 -0.314222 0.0216491 43.8518 1 0 0 0.336134 0.332615 0.617355
10260 101.871 0.00203696 1.57288 0.0808049 0.0772158 1.41486 3.03762e-05 0.002611 0.0109935 1.73707 1.45114 1.73737 1.74032 1.03208 0.474865 -0.000563161 0.00133315 0.021536 0 -0.288531 -0.30795 0.0240332 43.5248 1 0 0 0.307376 0.305301 0.611837
10265 101.881 0.00214193 1.55471 0.0759094 0.0728559 1.40594 2.8578e-05 0.00261044 0.0109935 1.73652 1.45114 1.73681 1.73977 1.03214 0.471199 -0.000563161 0.00133315 0.021536 0 -0.284058 -0.30125 0.0260732 43.1888 1 0 0 0.280829 0.280002 0.606288
10270 101.892 0.00225232 1.53659 0.0712346 0.0687041 1.39665 2.68382e-05 0.00260985 0.0109935 1.73595 1.45114 1.73622 1.73919 1.0322 0.467414 -0.000563161 0.00133315 0.021536 0 -0.279138 -0.294203 0.0277976 42.8418 1 0 0 0.256336 0.256596 0.600695
10275 101.904 0.0023684 1.51849 0.066776 0.064755 1.38696 2.51529e-05 0.00260924 0.0109935 1.73536 1.45114 1.73562 1.73859 1.03227 0.46349 -0.000563161 0.00133315 0.021536 0 -0.273824 -0.28689 0.0292313 42.4822 1 0 0 0.233756 0.234965 0.595044
10280 101.916 0.00249045 1.50039 0.0625285 0.0610032 1.37686 2.35209e-05 0.00260861 0.0109935 1.73474 1.45114 1.735 1.73796 1.03234 0.459408 -0.000563161 0.00133315 0.021536 0 -0.268171 -0.279393 0.0304017 42.108 1 0 0 0.212955 0.214998 0.58932
10285 101.929 0.0026188 1.48224 0.0584869 0.0574429 1.36631 2.19429e-05 0.00260796 0.0109935 1.73411 1.45114 1.73436 1.73732 1.03242 0.455147 -0.000563161 0.00133315 0.021536 0 -0.262237 -0.271785 0.0313348 41.7175 1 0 0 0.193809 0.196587 0.58351
10290 101.942 0.00275376 1.464 0.0546458 0.0540686 1.35529 2.04211e-05 0.00260729 0.0109935 1.73346 1.45114 1.73369 1.73666 1.03251 0.450689 -0.000563161 0.00133315 0.021536 0 -0.256082 -0.264136 0.0320557 41.3089 1 0 0 0.176203 0.179632 0.5776
10295 101.956 0.00289568 1.44565 0.0509994 0.0508743 1.34378 1.89587e-05 0.00260661 0.0109935 1.73279 1.45114 1.73301 1.73597 1.0326 0.446015 -0.000563161 0.00133315 0.021536 0 -0.249765 -0.256508 0.032588 40.8805 1 0 0 0.160029 0.164035 0.571577
10300 101.971 0.00304491 1.42716 0.047542 0.0478542 1.33176 1.75592e-05 0.0026059 0.0109935 1.7321 1.45114 1.73231 1.73527 1.0327 0.441105 -0.000563161 0.00133315 0.021536 0 -0.24334 -0.248953 0.0329538 40.4305 1 0 0 0.145186 0.149706 0.565428
10305 101.986 0.00320183 1.40848 0.0442678 0.0450023 1.31921 1.62264e-05 0.00260517 0.0109935 1.73139 1.45114 1.7316 1.73455 1.0328 0.435942 -0.000563161 0.00133315 0.021536 0 -0.236859 -0.241517 0.0331736 39.9573 1 0 0 0.13158 0.136559 0.559141
10310 102.003 0.00336684 1.3896 0.0411708 0.0423127 1.30611 1.49634e-05 0.00260443 0.0109935 1.73066 1.45114 1.73086 1.73381 1.03291 0.430509 -0.000563161 0.00133315 0.021536 0 -0.230369 -0.234237 0.0332663 39.4592 1 0 0 0.119124 0.124513 0.552704
10315 102.02 0.00354035 1.37047 0.038245 0.039779 1.29245 1.37725e-05 0.00260367 0.0109935 1.72992 1.45114 1.73011 1.73305 1.03302 0.424788 -0.000563161 0.00133315 0.021536 0 -0.223912 -0.227143 0.0332493 38.9349 1 0 0 0.107735 0.113489 0.546105
10320 102.038 0.00372281 1.35108 0.0354847 0.0373952 1.2782 1.26555e-05 0.00260289 0.0109935 1.72916 1.45114 1.72933 1.73228 1.03315 0.418765 -0.000563161 0.00133315 0.021536 0 -0.217524 -0.220258 0.0331383 38.3828 1 0 0 0.097335 0.103417 0.539336
10325 102.057 0.00391466 1.3314 0.0328837 0.035155 1.26336 1.16131e-05 0.00260209 0.0109935 1.72838 1.45114 1.72854 1.73148 1.03327 0.412424 -0.000563161 0.00133315 0.021536 0 -0.211237 -0.213599 0.0329478 37.8017 1 0 0 0.0878524 0.0942244 0.532385
10330 102.077 0.00411641 1.31139 0.0304362 0.033052 1.24791 1.06451e-05 0.00260127 0.0109935 1.72758 1.45114 1.72773 1.73067 1.0334 0.405753 -0.000563161 0.00133315 0.021536 0 -0.205079 -0.207181 0.0326909 37.1902 1 0 0 0.0792183 0.085847 0.525243
10335 102.098 0.00432855 1.29104 0.0281362 0.0310799 1.23183 9.75036e-06 0.00260043 0.0109935 1.72676 1.45114 1.72691 1.72984 1.03354 0.398739 -0.000563161 0.00133315 0.021536 0 -0.199072 -0.201009 0.0323796 36.5473 1 0 0 0.0713687 0.078222 0.517901
10340 102.12 0.00455163 1.27033 0.025978 0.0292326 1.21512 8.92694e-06 0.00259958 0.0109935 1.72593 1.45114 1.72606 1.72899 1.03368 0.391372 -0.000563161 0.00133315 0.021536 0 -0.193234 -0.195091 0.0320247 35.872 1 0 0 0.0642431 0.0712903 0.510351
10345 102.143 0.0047862 1.24922 0.0239558 0.0275038 1.19776 8.17227e-06 0.0025987 0.0109935 1.72507 1.45114 1.72519 1.72812 1.03383 0.383641 -0.000563161 0.00133315 0.021536 0 -0.18758 -0.189428 0.031636 35.1634 1 0 0 0.0577846 0.0649962 0.502586
10350 102.168 0.00503286 1.22771 0.0220636 0.0258874 1.17976 7.48324e-06 0.00259781 0.0109935 1.7242 1.45114 1.7243 1.72724 1.03399 0.375537 -0.000563161 0.00133315 0.021536 0 -0.182121 -0.184021 0.0312225 34.4207 1 0 0 0.05194 0.0592875 0.494599
10355 102.193 0.00529223 1.20577 0.020296 0.0243775 1.1611 6.85631e-06 0.00259689 0.0109935 1.7233 1.45114 1.72339 1.72633 1.03415 0.367054 -0.000563161 0.00133315 0.021536 0 -0.176866 -0.178869 0.0307924 33.6431 1 0 0 0.0466591 0.0541149 0.486385
10360 102.22 0.00556497 1.18339 0.0186473 0.0229683 1.14178 6.28771e-06 0.00259596 0.0109935 1.72239 1.45114 1.72246 1.72541 1.03431 0.358183 -0.000563161 0.00133315 0.021536 0 -0.171819 -0.173967 0.0303527 32.8301 1 0 0 0.0418952 0.0494326 0.477938
10365 102.249 0.00585176 1.16056 0.0171119 0.0216542 1.1218 5.7735e-06 0.002595 0.0109935 1.72145 1.45114 1.72151 1.72446 1.03448 0.348919 -0.000563161 0.00133315 0.021536 0 -0.166984 -0.169314 0.0299105 31.9809 1 0 0 0.0376043 0.0451977 0.469254
10370 102.279 0.00615334 1.13727 0.0156844 0.0204299 1.10116 5.30969e-06 0.00259402 0.0109935 1.72049 1.45114 1.72053 1.72349 1.03466 0.339255 -0.000563161 0.00133315 0.021536 0 -0.162365 -0.164904 0.0294717 31.0951 1 0 0 0.0337456 0.0413706 0.460333
10375 102.31 0.00647045 1.11352 0.0143595 0.0192904 1.07987 4.89229e-06 0.00259301 0.0109935 1.71951 1.45114 1.71953 1.7225 1.03485 0.329186 -0.000563161 0.00133315 0.021536 0 -0.15796 -0.160734 0.0290419 30.1722 1 0 0 0.0302809 0.0379146 0.451173
10380 102.343 0.00680391 1.08929 0.0131321 0.0182307 1.05792 4.51743e-06 0.00259198 0.0109935 1.7185 1.45114 1.7185 1.72148 1.03504 0.318706 -0.000563161 0.00133315 0.021536 0 -0.153769 -0.156797 0.0286258 29.2117 1 0 0 0.0271748 0.0347958 0.441776
10385 102.378 0.00715456 1.06459 0.0119971 0.0172465 1.03534 4.18137e-06 0.00259092 0.0109935 1.71747 1.45114 1.71744 1.72044 1.03524 0.30781 -0.000563161 0.00133315 0.021536 0 -0.149787 -0.153085 0.0282276 28.213 1 0 0 0.0243945 0.0319832 0.432146
10390 102.414 0.00752327 1.03942 0.0109495 0.0163334 1.01214 3.88051e-06 0.00258984 0.0109935 1.71641 1.45114 1.71635 1.71938 1.03544 0.29649 -0.000563161 0.00133315 0.021536 0 -0.146008 -0.149591 0.0278504 27.1754 1 0 0 0.0219095 0.0294482 0.422291
10395 102.453 0.00791099 1.01379 0.0099848 0.0154876 0.988322 3.61142e-06 0.00258872 0.0109935 1.71531 1.45114 1.71523 1.71828 1.03565 0.28474 -0.000563161 0.00133315 0.021536 0 -0.142424 -0.146304 0.027497 26.0985 1 0 0 0.0196918 0.0271648 0.41222
10400 102.493 0.00831869 0.987721 0.00909827 0.0147052 0.963918 3.37092e-06 0.00258758 0.0109935 1.71419 1.45114 1.71408 1.71716 1.03588 0.272551 -0.000563161 0.00133315 0.021536 0 -0.139031 -0.143217 0.0271704 24.9812 1 0 0 0.0177155 0.0251093 0.401948
10405 102.535 0.0087474 0.961214 0.00828559 0.013983 0.938946 3.15607e-06 0.0025864 0.0109935 1.71304 1.45114 1.71289 1.716 1.03611 0.259914 -0.000563161 0.00133315 0.021536 0 -0.135824 -0.140324 0.026873 23.823 1 0 0 0.0159569 0.0232602 0.391493
10410 102.58 0.0091982 0.934293 0.00754259 0.0133178 0.913433 2.96412e-06 0.00258519 0.0109935 1.71185 1.45114 1.71167 1.71482 1.03634 0.246819 -0.000563161 0.00133315 0.021536 0 -0.132795 -0.137613 0.0266061 22.6227 1 0 0 0.0143945 0.0215979 0.380876
10415 102.627 0.00967224 0.90698 0.00686527 0.0127067 0.887408 2.79254e-06 0.00258394 0.0109935 1.71062 1.45114 1.7104 1.7136 1.03659 0.233253 -0.000563161 0.00133315 0.021536 0 -0.129933 -0.135072 0.0263703 21.3794 1 0 0 0.0130083 0.0201047 0.370126
10420 102.676 0.0101707 0.879298 0.00624976 0.012147 0.860902 2.63899e-06 0.00258265 0.0109935 1.70936 1.45114 1.7091 1.71234 1.03685 0.219202 -0.000563161 0.00133315 0.021536 0 -0.127226 -0.13269 0.0261655 20.0915 1 0 0 0.0117804 0.0187646 0.359272
10425 102.728 0.0106949 0.851276 0.00569237 0.0116363 0.833947 2.50138e-06 0.00258132 0.0109935 1.70805 1.45114 1.70775 1.71105 1.03713 0.204649 -0.000563161 0.00133315 0.021536 0 -0.124668 -0.130456 0.0259924 18.7576 1 0 0 0.0106945 0.0175631 0.348348
10430 102.783 0.011246 0.822941 0.00518956 0.0111723 0.806579 2.37782e-06 0.00257995 0.0109935 1.70671 1.45114 1.70635 1.70971 1.03741 0.189574 -0.000563161 0.00133315 0.021536 0 -0.12225 -0.128359 0.0258503 17.3759 1 0 0 0.0097357 0.0164872 0.33739
10435 102.84 0.0118256 0.794323 0.00473786 0.0107529 0.778832 2.26663e-06 0.00257853 0.0109935 1.70531 1.45114 1.70491 1.70834 1.03771 0.173953 -0.000563161 0.00133315 0.021536 0 -0.119954 -0.126382 0.0257367 15.944 1 0 0 0.00889066 0.0155249 0.326435
10440 102.9 0.012435 0.765452 0.00433388 0.0103763 0.750742 2.16622e-06 0.00257707 0.0109935 1.70387 1.45114 1.70341 1.70691 1.03802 0.157755 -0.000563161 0.00133315 0.021536 0 -0.117772 -0.124511 0.0256506 14.4594 1 0 0 0.0081472 0.0146658 0.315517
10445 102.964 0.0130759 0.736358 0.00397435 0.0100407 0.722343 2.07508e-06 0.00257555 0.0109935 1.70238 1.45114 1.70186 1.70545 1.03834 0.140949 -0.000563161 0.00133315 0.021536 0 -0.115699 -0.122743 0.0255923 12.919 1 0 0 0.00749437 0.0139002 0.304667
10450 103.031 0.0137498 0.707071 0.00365607 0.00974466 0.69367 1.99195e-06 0.00257399 0.0109935 1.70083 1.45114 1.70025 1.70393 1.03869 0.123497 -0.000563161 0.00133315 0.021536 0 -0.11373 -0.121065 0.0255612 11.3194 1 0 0 0.00692236 0.0132196 0.293912
10455 103.101 0.0144584 0.677622 0.00337591 0.00948675 0.66476 1.91566e-06 0.00257237 0.0109935 1.69923 1.45114 1.69858 1.70236 1.03905 0.105359 -0.000563161 0.00133315 0.021536 0 -0.111853 -0.119468 0.0255559 9.65687 1 0 0 0.00642226 0.0126163 0.283272
10460 103.174 0.0152035 0.648043 0.00313074 0.0092658 0.635646 1.8451e-06 0.00257069 0.0109935 1.69757 1.45114 1.69685 1.70074 1.03943 0.0864828 -0.000563161 0.00133315 0.021536 0 -0.110057 -0.117937 0.0255743 7.92677 1 0 0 0.00598592 0.0120833 0.272759
10465 103.252 0.015987 0.618364 0.00291748 0.00908077 0.606366 1.77943e-06 0.00256896 0.0109935 1.69584 1.45114 1.69505 1.69906 1.03982 0.0668113 -0.000563161 0.00133315 0.021536 0 -0.108332 -0.116461 0.0256153 6.12374 1 0 0 0.00560591 0.0116144 0.262377
10470 103.334 0.0168109 0.588619 0.00273312 0.00893082 0.576955 1.71778e-06 0.00256716 0.0109935 1.69406 1.45114 1.69318 1.69732 1.04024 0.0462781 -0.000563161 0.00133315 0.021536 0 -0.106672 -0.115031 0.0256787 4.24172 1 0 0 0.00527544 0.0112037 0.252124
10475 103.419 0.0176773 0.558844 0.00257469 0.00881529 0.547454 1.65939e-06 0.00256529 0.0109935 1.6922 1.45114 1.69124 1.69552 1.04069 0.0248099 -0.000563161 0.00133315 0.021536 0 -0.105064 -0.113639 0.0257632 2.274 1 0 0 0.00498823 0.0108461 0.241993
10480 103.51 0.0185883 0.529079 0.00243928 0.00873372 0.517906 1.60358e-06 0.00256336 0.0109935 1.69027 1.45114 1.68922 1.69365 1.04116 0.00232292 -0.000563161 0.00133315 0.021536 0 -0.1035 -0.112275 0.0258685 0.212912 1 0 0 0.00473847 0.0105368 0.231976
10485 103.604 0.0195462 0.499365 0.0023241 0.00868588 0.488355 1.54974e-06 0.00256136 0.0109935 1.68827 1.45114 1.68712 1.69172 1.04165 -0.0212722 -0.000563161 0.00133315 0.021536 0 -0.101973 -0.110935 0.0259949 -1.94975 1 0 0 0.00452079 0.0102715 0.222062
10490 103.704 0.0201446 0.46975 0.0022264 0.00867173 0.458852 1.5277e-06 0.00255929 0.0109935 1.68619 1.45114 1.68495 1.68971 1.04217 -0.0460773 -0.000563161 0.00133315 0.021536 0 -0.101477 -0.110712 0.0264029 -4.22332 1 0 0 0.00433703 0.0100558 0.212277
10495 103.805 0.0201446 0.441172 0.00214532 0.00869237 0.430334 1.48696e-06 0.00255719 0.0109935 1.6841 1.45114 1.68275 1.6877 1.04271 -0.0714548 -0.000563161 0.00133315 0.021536 0 -0.10034 -0.109811 0.0266596 -6.54935 1 0 0 0.00420155 0.00991946 0.203016
10500 103.905 0.0201446 0.414111 0.00207788 0.00874053 0.403293 1.444e-06 0.00255512 0.0109935 1.68202 1.45114 1.68057 1.6857 1.04325 -0.0969518 -0.000563161 0.00133315 0.021536 0 -0.0990593 -0.108725 0.0268688 -8.88633 1 0 0 0.00408153 0.00981147 0.194263
10505 104.006 0.0201446 0.388458 0.00202102 0.00881288 0.377624 1.40214e-06 0.00255307 0.0109935 1.67996 1.45114 1.67841 1.68374 1.0438 -0.122612 -0.000563161 0.00133315 0.021536 0 -0.0977728 -0.107641 0.0270703 -11.2383 1 0 0 0.00397495 0.00972773 0.185957
10510 104.107 0.0201446 0.364119 0.00197217 0.00890704 0.35324 1.36173e-06 0.00255105 0.0109935 1.67793 1.45114 1.67628 1.6818 1.04435 -0.148463 -0.000563161 0.00133315 0.021536 0 -0.0964977 -0.106586 0.0272708 -13.6077 1 0 0 0.00387886 0.00966509 0.178052
10515 104.208 0.0201446 0.341015 0.00192933 0.00902104 0.330065 1.32294e-06 0.00254904 0.0109935 1.67591 1.45114 1.67416 1.67988 1.0449 -0.174515 -0.000563161 0.00133315 0.021536 0 -0.0952349 -0.105569 0.0274729 -15.9956 1 0 0 0.00379055 0.00962089 0.170505
10520 104.308 0.0201446 0.319076 0.00189097 0.00915342 0.308031 1.28593e-06 0.00254706 0.0109935 1.67392 1.45114 1.67207 1.67799 1.04546 -0.20075 -0.000563161 0.00133315 0.021536 0 -0.0939885 -0.104603 0.0276803 -18.4002 1 0 0 0.00370796 0.00959302 0.163281
10525 104.409 0.0201446 0.298241 0.00185597 0.00930323 0.287081 1.25102e-06 0.0025451 0.0109935 1.67195 1.45114 1.66999 1.67612 1.04602 -0.227109 -0.000563161 0.00133315 0.021536 0 -0.0927656 -0.103705 0.0278992 -20.8162 1 0 0 0.00362959 0.00958005 0.156347
10530 104.51 0.0201446 0.278458 0.00182348 0.0094703 0.267165 1.21884e-06 0.00254315 0.0109935 1.66999 1.45114 1.66793 1.67428 1.04659 -0.253469 -0.000563161 0.00133315 0.021536 0 -0.0915777 -0.10291 0.02814 -23.2322 1 0 0 0.00355443 0.00958156 0.149673
10535 104.61 0.0201446 0.259687 0.00179292 0.00965544 0.248238 1.19004e-06 0.00254122 0.0109935 1.66805 1.45114 1.66589 1.67246 1.04716 -0.279629 -0.000563161 0.00133315 0.021536 0 -0.0904245 -0.102233 0.0284082 -25.63 1 0 0 0.00348197 0.0095982 0.143237
10540 104.711 0.0201446 0.241881 0.00176381 0.00985749 0.23026 1.16289e-06 0.00253931 0.0109935 1.66613 1.45114 1.66386 1.67067 1.04774 -0.305569 -0.000563161 0.00133315 0.021536 0 -0.0892435 -0.101509 0.0286562 -28.0076 1 0 0 0.00341167 0.00962856 0.13701
10545 104.812 0.0201446 0.224981 0.00173576 0.0100693 0.213176 1.13585e-06 0.00253741 0.0109935 1.66423 1.45114 1.66184 1.6689 1.04832 -0.331782 -0.000563161 0.00133315 0.021536 0 -0.0880016 -0.10062 0.0288509 -30.4102 1 0 0 0.00334271 0.00966495 0.130955
10550 104.913 0.0201446 0.208946 0.00170852 0.0102878 0.19695 1.11044e-06 0.00253553 0.0109935 1.66234 1.45114 1.65985 1.66715 1.04891 -0.358397 -0.000563161 0.00133315 0.021536 0 -0.0867352 -0.0996977 0.0290311 -32.8497 1 0 0 0.00327511 0.00970461 0.125042
10555 105.013 0.0201446 0.193742 0.00168193 0.0105113 0.181549 1.08654e-06 0.00253367 0.0109935 1.66048 1.45114 1.65787 1.66543 1.0495 -0.385418 -0.000563161 0.00133315 0.021536 0 -0.0854387 -0.0987429 0.0291961 -35.3263 1 0 0 0.00320892 0.00974636 0.119249
10560 105.114 0.0201446 0.179342 0.00165582 0.0107382 0.166948 1.06391e-06 0.00253183 0.0109935 1.65864 1.45114 1.65591 1.66374 1.05009 -0.41285 -0.000563161 0.00133315 0.021536 0 -0.0841053 -0.0977431 0.0293416 -37.8407 1 0 0 0.00314408 0.00978895 0.113556
10565 105.215 0.0201446 0.165721 0.00163008 0.0109669 0.153124 1.04239e-06 0.00253001 0.0109935 1.65681 1.45114 1.65398 1.66207 1.05069 -0.440688 -0.000563161 0.00133315 0.021536 0 -0.082733 -0.0966919 0.0294664 -40.3923 1 0 0 0.00308064 0.0098311 0.107944
10570 105.315 0.0201446 0.152857 0.00160465 0.0111956 0.140056 1.02172e-06 0.00252822 0.0109935 1.65502 1.45114 1.65206 1.66043 1.05129 -0.468912 -0.000563161 0.00133315 0.021536 0 -0.0813186 -0.0955805 0.0295679 -42.9792 1 0 0 0.00301871 0.00987148 0.102399
10575 105.416 0.0201446 0.140731 0.00157948 0.0114228 0.127729 1.00151e-06 0.00252644 0.0109935 1.65324 1.45114 1.65017 1.65882 1.05189 -0.497504 -0.000563161 0.00133315 0.021536 0 -0.0798505 -0.0943913 0.0296395 -45.5999 1 0 0 0.00295834 0.00990866 0.0969093
10580 105.517 0.0201446 0.129327 0.00155447 0.0116467 0.116126 9.8136e-07 0.00252469 0.0109935 1.65149 1.45114 1.64831 1.65724 1.05249 -0.526446 -0.000563161 0.00133315 0.021536 0 -0.0783187 -0.0931092 0.029675 -48.2525 1 0 0 0.00289948 0.00994107 0.0914662
10585 105.618 0.0201446 0.118629 0.00152959 0.0118655 0.105234 9.60973e-07 0.00252297 0.0109935 1.64977 1.45114 1.64647 1.6557 1.05309 -0.555701 -0.000563161 0.00133315 0.021536 0 -0.0767196 -0.0917276 0.0296717 -50.934 1 0 0 0.00284209 0.00996716 0.0860651
10590 105.718 0.0201446 0.108622 0.00150477 0.0120777 0.0950398 9.39936e-07 0.00252128 0.0109935 1.64808 1.45114 1.64466 1.65418 1.05369 -0.585218 -0.000563161 0.00133315 0.021536 0 -0.0750486 -0.0902367 0.0296255 -53.6394 1 0 0 0.00278605 0.00998536 0.0807063
10595 105.819 0.0201446 0.0992943 0.00147995 0.0122817 0.0855327 9.17817e-07 0.00251962 0.0109935 1.64642 1.45114 1.64288 1.6527 1.05429 -0.614932 -0.000563161 0.00133315 0.021536 0 -0.0732989 -0.0886258 0.0295308 -56.363 1 0 0 0.00273117 0.00999399 0.0753947
10600 105.92 0.0201446 0.0906307 0.00145507 0.0124758 0.0766998 8.94147e-07 0.00251799 0.0109935 1.64479 1.45114 1.64113 1.65126 1.05488 -0.644773 -0.000563161 0.00133315 0.021536 0 -0.0714629 -0.0868832 0.0293812 -59.0981 1 0 0 0.00267712 0.00999131 0.07014
10605 106.021 0.0201446 0.0826164 0.00143003 0.0126585 0.0685279 8.68505e-07 0.00251639 0.0109935 1.6432 1.45114 1.63942 1.64985 1.05548 -0.674656 -0.000563161 0.00133315 0.021536 0 -0.0695363 -0.0850004 0.0291712 -61.8371 1 0 0 0.00262349 0.00997552 0.0649571
10610 106.121 0.0201446 0.075235 0.00140474 0.0128281 0.0610022 8.40549e-07 0.00251484 0.0109935 1.64165 1.45114 1.63775 1.64848 1.05606 -0.704485 -0.000563161 0.00133315 0.021536 0 -0.0675156 -0.0829723 0.0288958 -64.5711 1 0 0 0.00256978 0.00994484 0.0598662
10615 106.222 0.0201446 0.068468 0.00137911 0.0129833 0.0541057 8.10026e-07 0.00251333 0.0109935 1.64014 1.45114 1.63613 1.64716 1.05664 -0.73415 -0.000563161 0.00133315 0.021536 0 -0.0654001 -0.0807969 0.0285511 -67.2902 1 0 0 0.00251544 0.00989759 0.0548917
10620 106.323 0.0201446 0.0622942 0.00135302 0.0131226 0.0478186 7.76775e-07 0.00251186 0.0109935 1.63867 1.45114 1.63454 1.64587 1.05722 -0.763537 -0.000563161 0.00133315 0.021536 0 -0.0631906 -0.0784743 0.0281331 -69.9836 1 0 0 0.00245991 0.00983222 0.0500616
10625 106.423 0.0201446 0.0566894 0.0013264 0.0132448 0.0421182 7.40761e-07 0.00251043 0.0109935 1.63725 1.45114 1.63301 1.64464 1.05778 -0.792524 -0.000563161 0.00133315 0.021536 0 -0.0608901 -0.0760083 0.0276385 -72.6405 1 0 0 0.00240266 0.0097474 0.0454057
10630 106.524 0.0201446 0.0516261 0.00129916 0.0133487 0.0369782 7.02156e-07 0.00250906 0.0109935 1.63588 1.45114 1.63153 1.64345 1.05833 -0.820992 -0.000563161 0.00133315 0.021536 0 -0.0585071 -0.0734095 0.0270672 -75.2499 1 0 0 0.00234328 0.00964212 0.040954
10635 106.625 0.0201446 0.0470742 0.00127125 0.0134335 0.0323694 6.61289e-07 0.00250773 0.0109935 1.63456 1.45114 1.63009 1.64231 1.05887 -0.848823 -0.000563161 0.00133315 0.021536 0 -0.0560532 -0.0706927 0.0264207 -77.8007 1 0 0 0.00228148 0.00951586 0.0367348
10640 106.726 0.0201446 0.0430009 0.00124267 0.0134986 0.0282596 6.1864e-07 0.00250646 0.0109935 1.63329 1.45114 1.62872 1.64122 1.0594 -0.875901 -0.000563161 0.00133315 0.021536 0 -0.0535429 -0.0678774 0.0257027 -80.2827 1 0 0 0.00221719 0.0093686 0.0327727
10645 106.826 0.0201446 0.0393714 0.00121346 0.0135436 0.0246143 5.74812e-07 0.00250525 0.0109935 1.63208 1.45114 1.6274 1.64018 1.05991 -0.902126 -0.000563161 0.00133315 0.021536 0 -0.050994 -0.0649873 0.0249191 -82.6863 1 0 0 0.00215051 0.00920087 0.0290873
10650 106.927 0.0201446 0.0361496 0.00118369 0.0135687 0.0213972 5.30487e-07 0.00250409 0.0109935 1.63092 1.45114 1.62614 1.63919 1.06041 -0.927406 -0.000563161 0.00133315 0.021536 0 -0.0484263 -0.0620488 0.0240779 -85.0035 1 0 0 0.00208174 0.00901382 0.0256918
10655 107.028 0.0201446 0.033299 0.00115349 0.0135741 0.0185714 4.86376e-07 0.00250298 0.0109935 1.62982 1.45114 1.62494 1.63825 1.06088 -0.951668 -0.000563161 0.00133315 0.021536 0 -0.0458606 -0.0590903 0.0231885 -87.2272 1 0 0 0.00201136 0.00880911 0.0225928
10660 107.129 0.0201446 0.0307834 0.00112301 0.0135607 0.0160997 4.43171e-07 0.00250194 0.0109935 1.62878 1.45114 1.6238 1.63736 1.06134 -0.974854 -0.000563161 0.00133315 0.021536 0 -0.0433182 -0.0561405 0.0222619 -89.3524 1 0 0 0.00193995 0.00858892 0.0197898
10665 107.229 0.0201446 0.0285677 0.00109244 0.0135294 0.0139458 4.01496e-07 0.00250095 0.0109935 1.62779 1.45114 1.62271 1.63652 1.06178 -0.996927 -0.000563161 0.00133315 0.021536 0 -0.0408195 -0.0532273 0.0213094 -91.3756 1 0 0 0.00186819 0.00835578 0.0172765
10670 107.33 0.0201446 0.0266183 0.00106195 0.0134816 0.0120747 3.61879e-07 0.00250001 0.0109935 1.62686 1.45114 1.62168 1.63574 1.0622 -1.01787 -0.000563161 0.00133315 0.021536 0 -0.0383833 -0.0503763 0.0203427 -93.2948 1 0 0 0.00179675 0.00811247 0.0150407
10675 107.431 0.0201446 0.0249038 0.00103173 0.0134186 0.0104535 3.24727e-07 0.00249913 0.0109935 1.62598 1.45114 1.62071 1.635 1.0626 -1.03767 -0.000563161 0.00133315 0.021536 0 -0.0360262 -0.0476101 0.019373 -95.1097 1 0 0 0.00172628 0.00786189 0.013066
10680 107.531 0.0201446 0.0233956 0.00100196 0.0133422 0.00905152 2.90315e-07 0.00249831 0.0109935 1.62516 1.45114 1.61979 1.6343 1.06298 -1.05635 -0.000563161 0.00133315 0.021536 0 -0.0337617 -0.0449474 0.0184106 -96.8217 1 0 0 0.00165739 0.00760692 0.011333
10685 107.632 0.0201446 0.0220675 0.000972783 0.0132539 0.0078409 2.58798e-07 0.00249753 0.0109935 1.62438 1.45114 1.61893 1.63365 1.06334 -1.07392 -0.000563161 0.00133315 0.021536 0 -0.0316004 -0.0424028 0.0174649 -98.4329 1 0 0 0.00159058 0.00735028 0.00982035
10690 107.733 0.0201446 0.0208962 0.000944335 0.0131554 0.00679649 2.30212e-07 0.0024968 0.0109935 1.62366 1.45114 1.61811 1.63304 1.06368 -1.09044 -0.000563161 0.00133315 0.021536 0 -0.0295499 -0.0399868 0.0165438 -99.9467 1 0 0 0.00152626 0.00709447 0.00850585
10695 107.834 0.0201446 0.019861 0.000916711 0.0130484 0.0058959 2.04503e-07 0.00249611 0.0109935 1.62297 1.45114 1.61734 1.63248 1.06401 -1.10594 -0.000563161 0.00133315 0.021536 0 -0.0276145 -0.0377058 0.0156537 -101.367 1 0 0 0.0014647 0.0068417 0.00736764
10700 107.934 0.0201446 0.0189438 0.000889982 0.0129344 0.00511943 1.81543e-07 0.00249547 0.0109935 1.62233 1.45114 1.61661 1.63194 1.06431 -1.12047 -0.000563161 0.00133315 0.021536 0 -0.0257962 -0.0355628 0.0147994 -102.7 1 0 0 0.00140609 0.0065938 0.00638471
10705 108.035 0.0201446 0.0181289 0.000864192 0.0128149 0.00444986 1.61156e-07 0.00249487 0.0109935 1.62173 1.45114 1.61592 1.63145 1.0646 -1.1341 -0.000563161 0.00133315 0.021536 0 -0.0240945 -0.0335577 0.0139845 -103.948 1 0 0 0.00135053 0.0063523 0.00553752
10710 108.136 0.0201446 0.0174027 0.000839363 0.0126911 0.00387224 1.43134e-07 0.00249431 0.0109935 1.62117 1.45114 1.61527 1.63098 1.06487 -1.14687 -0.000563161 0.00133315 0.021536 0 -0.022507 -0.0316878 0.013211 -105.118 1 0 0 0.00129801 0.00611835 0.00480823
10715 108.236 0.0201446 0.0167535 0.000815495 0.0125643 0.00337366 1.27256e-07 0.00249378 0.0109935 1.62065 1.45114 1.61466 1.63055 1.06513 -1.15884 -0.000563161 0.00133315 0.021536 0 -0.0210299 -0.0299487 0.0124802 -106.216 1 0 0 0.00124847 0.00589283 0.00418082
10720 108.337 0.0201446 0.016171 0.000792574 0.0124354 0.002943 1.13299e-07 0.00249328 0.0109935 1.62015 1.45114 1.61408 1.63015 1.06538 -1.17006 -0.000563161 0.00133315 0.021536 0 -0.0196585 -0.0283346 0.011792 -107.245 1 0 0 0.00120181 0.00567629 0.00364117
10725 108.438 0.0201446 0.0156467 0.000770573 0.0123054 0.00257071 1.0105e-07 0.00249282 0.0109935 1.61969 1.45114 1.61353 1.62977 1.06561 -1.1806 -0.000563161 0.00133315 0.021536 0 -0.0183871 -0.0268388 0.0111459 -108.211 1 0 0 0.00115787 0.00546909 0.00317687
10730 108.539 0.0201446 0.015173 0.00074946 0.012175 0.0022486 9.0306e-08 0.00249238 0.0109935 1.61925 1.45114 1.61301 1.62941 1.06582 -1.19051 -0.000563161 0.00133315 0.021536 0 -0.0172099 -0.0254539 0.0105407 -109.119 1 0 0 0.0011165 0.00527135 0.00277719
10735 108.639 0.0201446 0.0147436 0.000729194 0.0120448 0.00196964 8.08832e-08 0.00249197 0.0109935 1.61884 1.45114 1.61252 1.62908 1.06603 -1.19982 -0.000563161 0.00133315 0.021536 0 -0.0161208 -0.0241726 0.00997483 -109.972 1 0 0 0.00107752 0.00508305 0.00243285
10740 108.74 0.0201446 0.0143529 0.000709736 0.0119153 0.00172784 7.26152e-08 0.00249158 0.0109935 1.61845 1.45114 1.61205 1.62877 1.06623 -1.2086 -0.000563161 0.00133315 0.021536 0 -0.0151136 -0.0229874 0.0094465 -110.776 1 0 0 0.00104075 0.00490405 0.00213588
10745 108.841 0.0201446 0.0139962 0.000691042 0.0117871 0.00151803 6.53537e-08 0.00249121 0.0109935 1.61809 1.45114 1.6116 1.62848 1.06641 -1.21687 -0.000563161 0.00133315 0.021536 0 -0.0141825 -0.0218909 0.00895369 -111.535 1 0 0 0.00100603 0.00473409 0.00187945
10750 108.942 0.0201446 0.0136693 0.000673072 0.0116604 0.00133581 5.89681e-08 0.00249086 0.0109935 1.61774 1.45114 1.61118 1.62821 1.06659 -1.22468 -0.000563161 0.00133315 0.021536 0 -0.0133216 -0.0208762 0.00849432 -112.251 1 0 0 0.000973173 0.00457287 0.00165774
10755 109.042 0.0201446 0.0133688 0.000655787 0.0115356 0.00117739 5.3344e-08 0.00249054 0.0109935 1.61742 1.45114 1.61077 1.62795 1.06675 -1.23207 -0.000563161 0.00133315 0.021536 0 -0.0125255 -0.0199367 0.00806627 -112.928 1 0 0 0.000942044 0.00442003 0.00146578
10760 109.143 0.0201446 0.0130916 0.000639149 0.0114129 0.00103952 4.83817e-08 0.00249023 0.0109935 1.61711 1.45114 1.61038 1.62771 1.06691 -1.23906 -0.000563161 0.00133315 0.021536 0 -0.0117892 -0.0190661 0.00766747 -113.569 1 0 0 0.000912496 0.00427518 0.00129931
10765 109.244 0.0201446 0.0128349 0.000623125 0.0112924 0.000919405 4.39947e-08 0.00248993 0.0109935 1.61682 1.45114 1.61001 1.62748 1.06706 -1.2457 -0.000563161 0.00133315 0.021536 0 -0.0111078 -0.0182587 0.0072959 -114.177 1 0 0 0.000884403 0.0041379 0.00115472
10770 109.344 0.0201446 0.0125966 0.000607682 0.0111742 0.000814659 4.01083e-08 0.00248965 0.0109935 1.61654 1.45114 1.60965 1.62726 1.0672 -1.252 -0.000563161 0.00133315 0.021536 0 -0.0104769 -0.017509 0.00694964 -114.755 1 0 0 0.000857648 0.0040078 0.00102893
10775 109.445 0.0201446 0.0123745 0.000592792 0.0110585 0.000723215 3.66578e-08 0.00248939 0.0109935 1.61627 1.45114 1.60931 1.62706 1.06734 -1.25799 -0.000563161 0.00133315 0.021536 0 -0.00989248 -0.0168122 0.00662683 -115.304 1 0 0 0.000832128 0.00388446 0.000919316
10780 109.546 0.0201446 0.0121671 0.000578428 0.0109453 0.000643299 3.35873e-08 0.00248914 0.0109935 1.61602 1.45114 1.60898 1.62687 1.06747 -1.2637 -0.000563161 0.00133315 0.021536 0 -0.00935065 -0.0161637 0.00632576 -115.827 1 0 0 0.000807751 0.00376749 0.000823628
10785 109.647 0.0201446 0.0119726 0.000564565 0.0108347 0.00057338 3.08487e-08 0.0024889 0.0109935 1.61578 1.45114 1.60866 1.62669 1.06759 -1.26914 -0.000563161 0.00133315 0.021536 0 -0.00884801 -0.0155595 0.00604479 -116.326 1 0 0 0.000784434 0.0036565 0.00073995
10790 109.747 0.0201446 0.0117899 0.000551181 0.0107265 0.000512141 2.84004e-08 0.00248867 0.0109935 1.61556 1.45114 1.60836 1.62652 1.06771 -1.27434 -0.000563161 0.00133315 0.021536 0 -0.00838136 -0.0149957 0.00578241 -116.803 1 0 0 0.000762102 0.00355112 0.000666643
10795 109.848 0.0201446 0.0116177 0.000538255 0.010621 0.000458441 2.62066e-08 0.00248845 0.0109935 1.61534 1.45114 1.60806 1.62635 1.06783 -1.27931 -0.000563161 0.00133315 0.021536 0 -0.00794779 -0.0144689 0.00553722 -117.258 1 0 0 0.000740691 0.00345101 0.000602304
10800 109.949 0.0201446 0.011455 0.000525769 0.0105179 0.000411297 2.42361e-08 0.00248824 0.0109935 1.61513 1.45114 1.60778 1.6262 1.06793 -1.28408 -0.000563161 0.00133315 0.021536 0 -0.00754466 -0.0139759 0.00530792 -117.695 1 0 0 0.000720141 0.00335582 0.000545731
10805 110.049 0.0201446 0.0113009 0.000513705 0.0104173 0.00036986 2.2462e-08 0.00248804 0.0109935 1.61493 1.45114 1.6075 1.62605 1.06804 -1.28864 -0.000563161 0.00133315 0.021536 0 -0.00716951 -0.013514 0.00509329 -118.113 1 0 0 0.0007004 0.00326525 0.000495892
10810 110.15 0.0201446 0.0111546 0.000502046 0.0103191 0.000333393 2.08612e-08 0.00248784 0.0109935 1.61474 1.45114 1.60724 1.62591 1.06814 -1.29303 -0.000563161 0.00133315 0.021536 0 -0.00682014 -0.0130806 0.00489223 -118.515 1 0 0 0.000681421 0.00317901 0.000451899
10815 110.251 0.0201446 0.0110154 0.000490777 0.0102234 0.000301258 1.94134e-08 0.00248766 0.0109935 1.61455 1.45114 1.60698 1.62578 1.06824 -1.29724 -0.000563161 0.00133315 0.021536 0 -0.00649449 -0.0126733 0.00470371 -118.901 1 0 0 0.00066316 0.00309682 0.000412992
10820 110.352 0.0201446 0.0108827 0.000479883 0.0101299 0.000272904 1.81011e-08 0.00248748 0.0109935 1.61438 1.45114 1.60673 1.62565 1.06833 -1.3013 -0.000563161 0.00133315 0.021536 0 -0.00619073 -0.01229 0.00452679 -119.273 1 0 0 0.000645579 0.00301842 0.000378513
10825 110.452 0.0201446 0.0107559 0.00046935 0.0100387 0.000247852 1.69088e-08 0.00248731 0.0109935 1.61421 1.45114 1.60649 1.62553 1.06842 -1.3052 -0.000563161 0.00133315 0.021536 0 -0.00590714 -0.0119287 0.0043606 -119.631 1 0 0 0.000628643 0.00294358 0.000347895
10830 110.553 0.0201446 0.0106346 0.000459165 0.00994979 0.000225685 1.58234e-08 0.00248715 0.0109935 1.61404 1.45114 1.60625 1.62542 1.0685 -1.30897 -0.000563161 0.00133315 0.021536 0 -0.00564217 -0.0115878 0.00420435 -119.976 1 0 0 0.000612319 0.00287208 0.000320651
10835 110.654 0.0201446 0.0105184 0.000449316 0.009863 0.000206044 1.4833e-08 0.00248699 0.0109935 1.61388 1.45114 1.60603 1.62531 1.06859 -1.31261 -0.000563161 0.00133315 0.021536 0 -0.0053944 -0.0112656 0.00405728 -120.31 1 0 0 0.000596579 0.0028037 0.000296356
10840 110.755 0.0201446 0.0104067 0.000439791 0.00977829 0.000188612 1.39276e-08 0.00248683 0.0109935 1.61373 1.45114 1.6058 1.6252 1.06867 -1.31612 -0.000563161 0.00133315 0.021536 0 -0.00516253 -0.0109607 0.00391874 -120.632 1 0 0 0.000581394 0.00273827 0.000274644
10845 110.855 0.0201446 0.0102993 0.000430577 0.00969562 0.000173119 1.30981e-08 0.00248669 0.0109935 1.61359 1.45114 1.60559 1.6251 1.06874 -1.31952 -0.000563161 0.00133315 0.021536 0 -0.00494536 -0.0106718 0.0037881 -120.943 1 0 0 0.00056674 0.00267559 0.000255199
10850 110.956 0.0201446 0.0101959 0.000421664 0.00961491 0.000159325 1.23367e-08 0.00248654 0.0109935 1.61344 1.45114 1.60538 1.62501 1.06882 -1.32281 -0.000563161 0.00133315 0.021536 0 -0.00474179 -0.0103976 0.00366479 -121.245 1 0 0 0.000552593 0.00261551 0.000237746
10855 111.057 0.0201446 0.0100962 0.000413042 0.0095361 0.000147024 1.16364e-08 0.0024864 0.0109935 1.61331 1.45114 1.60517 1.62491 1.06889 -1.326 -0.000563161 0.00133315 0.021536 0 -0.00455083 -0.0101371 0.00354828 -121.537 1 0 0 0.000538931 0.00255787 0.000222044
10860 111.157 0.0201446 0.00999987 0.000404699 0.00945914 0.000136034 1.09911e-08 0.00248627 0.0109935 1.61317 1.45114 1.60497 1.62482 1.06896 -1.32909 -0.000563161 0.00133315 0.021536 0 -0.00437155 -0.00988924 0.00343809 -121.821 1 0 0 0.000525733 0.00250253 0.000207886
10865 111.258 0.0201446 0.00990678 0.000396625 0.00938396 0.000126199 1.03953e-08 0.00248614 0.0109935 1.61304 1.45114 1.60477 1.62474 1.06903 -1.33209 -0.000563161 0.00133315 0.021536 0 -0.0042031 -0.00965318 0.00333377 -122.096 1 0 0 0.000512981 0.00244936 0.00019509
10870 111.359 0.0201446 0.0098167 0.000388812 0.00931051 0.00011738 9.84442e-09 0.00248601 0.0109935 1.61292 1.45114 1.60458 1.62466 1.0691 -1.33501 -0.000563161 0.00133315 0.021536 0 -0.00404471 -0.00942806 0.00323492 -122.363 1 0 0 0.000500656 0.00239823 0.000183499
10875 111.46 0.0201446 0.00972943 0.000381249 0.00923872 0.000109458 9.33404e-09 0.00248589 0.0109935 1.6128 1.45114 1.6044 1.62458 1.06916 -1.33784 -0.000563161 0.00133315 0.021536 0 -0.00389565 -0.00921313 0.00314116 -122.623 1 0 0 0.000488741 0.00234903 0.000172974
10880 111.56 0.0201446 0.00964481 0.000373927 0.00916855 0.000102328 8.86044e-09 0.00248577 0.0109935 1.61268 1.45114 1.60421 1.6245 1.06922 -1.34059 -0.000563161 0.00133315 0.021536 0 -0.00375527 -0.00900769 0.00305214 -122.875 1 0 0 0.000477219 0.00230166 0.000163394
10885 111.661 0.0201446 0.00956268 0.000366838 0.00909994 9.58959e-05 8.42023e-09 0.00248566 0.0109935 1.61256 1.45114 1.60404 1.62443 1.06928 -1.34328 -0.000563161 0.00133315 0.021536 0 -0.00362296 -0.0088111 0.00296754 -123.121 1 0 0 0.000466077 0.00225601 0.000154655
10890 111.762 0.0201446 0.0094829 0.000359974 0.00903284 9.00828e-05 8.01042e-09 0.00248554 0.0109935 1.61245 1.45114 1.60386 1.62436 1.06934 -1.34589 -0.000563161 0.00133315 0.021536 0 -0.00349816 -0.00862279 0.00288706 -123.36 1 0 0 0.000455297 0.002212 0.000146663
10895 111.862 0.0201446 0.00940534 0.000353325 0.0089672 8.48175e-05 7.62832e-09 0.00248543 0.0109935 1.61234 1.45114 1.60369 1.62429 1.0694 -1.34844 -0.000563161 0.00133315 0.021536 0 -0.00338035 -0.00844221 0.00281043 -123.594 1 0 0 0.000444868 0.00216953 0.000139338
10900 111.963 0.0201446 0.00932989 0.000346884 0.00890297 8.00381e-05 7.27153e-09 0.00248533 0.0109935 1.61224 1.45114 1.60352 1.62422 1.06945 -1.35092 -0.000563161 0.00133315 0.021536 0 -0.00326905 -0.00826889 0.00273741 -123.821 1 0 0 0.000434775 0.00212853 0.000132607
10905 112.064 0.0201446 0.00925643 0.000340643 0.0088401 7.56901e-05 6.9379e-09 0.00248522 0.0109935 1.61213 1.45114 1.60336 1.62416 1.06951 -1.35334 -0.000563161 0.00133315 0.021536 0 -0.00316383 -0.00810236 0.00266775 -124.044 1 0 0 0.000425006 0.00208893 0.000126409
10910 112.165 0.0201446 0.00918487 0.000334596 0.00877855 7.17258e-05 6.62548e-09 0.00248512 0.0109935 1.61203 1.45114 1.6032 1.62409 1.06956 -1.35571 -0.000563161 0.00133315 0.021536 0 -0.00306427 -0.00794222 0.00260124 -124.26 1 0 0 0.000415549 0.00205065 0.000120688
10915 112.265 0.0201446 0.00911512 0.000328734 0.00871828 6.8103e-05 6.33254e-09 0.00248502 0.0109935 1.61193 1.45114 1.60304 1.62403 1.06961 -1.35802 -0.000563161 0.00133315 0.021536 0 -0.00297 -0.00778807 0.00253768 -124.472 1 0 0 0.000406392 0.00201362 0.000115394
10920 112.366 0.0201446 0.00904709 0.00032305 0.00865925 6.47848e-05 6.05751e-09 0.00248493 0.0109935 1.61184 1.45114 1.60288 1.62398 1.06966 -1.36027 -0.000563161 0.00133315 0.021536 0 -0.00288067 -0.00763957 0.00247689 -124.679 1 0 0 0.000397524 0.0019778 0.000110486
10925 112.467 0.0201446 0.00898069 0.000317539 0.00860141 6.17386e-05 5.79896e-09 0.00248483 0.0109935 1.61174 1.45114 1.60273 1.62392 1.06971 -1.36248 -0.000563161 0.00133315 0.021536 0 -0.00279596 -0.0074964 0.0024187 -124.881 1 0 0 0.000388934 0.00194311 0.000105926
10930 112.568 0.0201446 0.00891586 0.000312194 0.00854474 5.89356e-05 5.55563e-09 0.00248474 0.0109935 1.61165 1.45114 1.60258 1.62386 1.06976 -1.36464 -0.000563161 0.00133315 0.021536 0 -0.00271556 -0.00735824 0.00236295 -125.079 1 0 0 0.000380612 0.00190951 0.000101678
10935 112.668 0.0201446 0.00885254 0.000307007 0.00848918 5.63504e-05 5.32633e-09 0.00248465 0.0109935 1.61156 1.45114 1.60244 1.62381 1.06981 -1.36675 -0.000563161 0.00133315 0.021536 0 -0.0026392 -0.00722483 0.00230949 -125.273 1 0 0 0.000372548 0.00187695 9.77148e-05
10940 112.769 0.0201446 0.00879064 0.000301975 0.00843471 5.39607e-05 5.11003e-09 0.00248456 0.0109935 1.61148 1.45114 1.60229 1.62376 1.06985 -1.36882 -0.000563161 0.00133315 0.021536 0 -0.00256662 -0.0070959 0.00225819 -125.463 1 0 0 0.000364733 0.00184538 9.40085e-05
10945 112.87 0.0201446 0.00873013 0.00029709 0.00838129 5.17467e-05 4.90577e-09 0.00248447 0.0109935 1.61139 1.45114 1.60215 1.62371 1.0699 -1.37085 -0.000563161 0.00133315 0.021536 0 -0.00249758 -0.00697121 0.00220893 -125.648 1 0 0 0.000357158 0.00181475 9.05359e-05
10950 112.97 0.0201446 0.00867093 0.000292347 0.00832889 4.96908e-05 4.71267e-09 0.00248439 0.0109935 1.61131 1.45114 1.60201 1.62366 1.06994 -1.37284 -0.000563161 0.00133315 0.021536 0 -0.00243186 -0.00685056 0.00216157 -125.83 1 0 0 0.000349814 0.00178502 8.72761e-05
10955 113.071 0.0201446 0.00861301 0.00028774 0.00827749 4.77775e-05 4.52994e-09 0.00248431 0.0109935 1.61122 1.45114 1.60188 1.62361 1.06999 -1.37478 -0.000563161 0.00133315 0.021536 0 -0.00236925 -0.00673371 0.00211603 -126.009 1 0 0 0.000342693 0.00175616 8.42103e-05
10960 113.172 0.0201446 0.0085563 0.000283266 0.00822704 4.59931e-05 4.35685e-09 0.00248423 0.0109935 1.61114 1.45114 1.60174 1.62356 1.07003 -1.37669 -0.000563161 0.00133315 0.021536 0 -0.00230957 -0.0066205 0.00207219 -126.183 1 0 0 0.000335786 0.00172813 8.1322e-05
10965 113.273 0.0201446 0.00850077 0.000278918 0.00817752 4.43253e-05 4.19275e-09 0.00248415 0.0109935 1.61107 1.45114 1.60161 1.62352 1.07007 -1.37856 -0.000563161 0.00133315 0.021536 0 -0.00225262 -0.00651073 0.00202996 -126.355 1 0 0 0.000329086 0.00170088 7.85962e-05
10970 113.373 0.0201446 0.00844636 0.000274692 0.00812891 4.27632e-05 4.03703e-09 0.00248407 0.0109935 1.61099 1.45114 1.60148 1.62347 1.07011 -1.3804 -0.000563161 0.00133315 0.021536 0 -0.00219825 -0.00640425 0.00198926 -126.523 1 0 0 0.000322586 0.0016744 7.60195e-05
10975 113.474 0.0201446 0.00839305 0.000270584 0.00808117 4.12973e-05 3.88914e-09 0.00248399 0.0109935 1.61091 1.45114 1.60136 1.62343 1.07015 -1.3822 -0.000563161 0.00133315 0.021536 0 -0.00214631 -0.00630089 0.00195 -126.689 1 0 0 0.000316278 0.00164864 7.35801e-05
10980 113.575 0.0201446 0.00834079 0.000266589 0.00803428 3.99189e-05 3.74855e-09 0.00248392 0.0109935 1.61084 1.45114 1.60123 1.62339 1.07019 -1.38397 -0.000563161 0.00133315 0.021536 0 -0.00209664 -0.00620051 0.0019121 -126.851 1 0 0 0.000310155 0.00162359 7.12672e-05
10985 113.675 0.0201446 0.00828955 0.000262702 0.00798822 3.86204e-05 3.61482e-09 0.00248384 0.0109935 1.61076 1.45114 1.60111 1.62335 1.07023 -1.38571 -0.000563161 0.00133315 0.021536 0 -0.00204912 -0.00610298 0.00187551 -127.01 1 0 0 0.000304211 0.0015992 6.9071e-05
10990 113.776 0.0201446 0.00823928 0.000258921 0.00794297 3.73948e-05 3.48749e-09 0.00248377 0.0109935 1.61069 1.45114 1.60099 1.62331 1.07026 -1.38741 -0.000563161 0.00133315 0.021536 0 -0.00200362 -0.00600818 0.00184014 -127.167 1 0 0 0.000298439 0.00157546 6.69829e-05
10995 113.877 0.0201446 0.00818997 0.00025524 0.00789849 3.6236e-05 3.36619e-09 0.0024837 0.0109935 1.61062 1.45114 1.60087 1.62327 1.0703 -1.38909 -0.000563161 0.00133315 0.021536 0 -0.00196002 -0.00591597 0.00180594 -127.32 1 0 0 0.000292834 0.00155234 6.49951e-05
11000 113.978 0.0201446 0.00814157 0.000251657 0.00785477 3.51387e-05 3.25053e-09 0.00248363 0.0109935 1.61055 1.45114 1.60075 1.62323 1.07034 -1.39074 -0.000563161 0.00133315 0.021536 0 -0.00191821 -0.00582625 0.00177286 -127.471 1 0 0 0.000287388 0.00152981 6.31003e-05
11005 114.078 0.0201446 0.00809406 0.000248167 0.00781179 3.40977e-05 3.14018e-09 0.00248356 0.0109935 1.61049 1.45114 1.60063 1.62319 1.07037 -1.39236 -0.000563161 0.00133315 0.021536 0 -0.0018781 -0.00573892 0.00174083 -127.62 1 0 0 0.000282098 0.00150786 6.12922e-05
11010 114.179 0.0201446 0.00804741 0.000244768 0.00776953 3.31088e-05 3.03484e-09 0.00248349 0.0109935 1.61042 1.45114 1.60052 1.62315 1.07041 -1.39396 -0.000563161 0.00133315 0.021536 0 -0.00183958 -0.00565388 0.00170981 -127.766 1 0 0 0.000276956 0.00148646 5.95649e-05
11015 114.28 0.0201446 0.00800159 0.000241455 0.00772797 3.2168e-05 2.93419e-09 0.00248343 0.0109935 1.61035 1.45114 1.60041 1.62312 1.07044 -1.39552 -0.000563161 0.00133315 0.021536 0 -0.00180257 -0.00557103 0.00167974 -127.91 1 0 0 0.000271958 0.00146559 5.79131e-05
11020 114.381 0.0201446 0.00795658 0.000238227 0.00768708 3.12715e-05 2.83799e-09 0.00248336 0.0109935 1.61029 1.45114 1.60029 1.62308 1.07047 -1.39707 -0.000563161 0.00133315 0.021536 0 -0.00176698 -0.00549029 0.0016506 -128.051 1 0 0 0.000267099 0.00144523 5.63319e-05
11025 114.481 0.0201446 0.00791236 0.000235079 0.00764686 3.04164e-05 2.74598e-09 0.0024833 0.0109935 1.61023 1.45114 1.60019 1.62305 1.07051 -1.39859 -0.000563161 0.00133315 0.021536 0 -0.00173275 -0.00541157 0.00162232 -128.19 1 0 0 0.000262374 0.00142537 5.48169e-05
11030 114.582 0.0201446 0.00786889 0.00023201 0.00760728 2.95995e-05 2.65791e-09 0.00248324 0.0109935 1.61016 1.45114 1.60008 1.62301 1.07054 -1.40008 -0.000563161 0.00133315 0.021536 0 -0.00169979 -0.00533481 0.00159489 -128.327 1 0 0 0.000257778 0.00140599 5.3364e-05
11035 114.683 0.0201446 0.00782616 0.000229016 0.00756833 2.88183e-05 2.57359e-09 0.00248317 0.0109935 1.6101 1.45114 1.59997 1.62298 1.07057 -1.40155 -0.000563161 0.00133315 0.021536 0 -0.00166803 -0.00525991 0.00156825 -128.462 1 0 0 0.000253306 0.00138706 5.19696e-05
11040 114.783 0.0201446 0.00778415 0.000226094 0.00752999 2.80704e-05 2.49281e-09 0.00248311 0.0109935 1.61004 1.45114 1.59987 1.62294 1.0706 -1.403 -0.000563161 0.00133315 0.021536 0 -0.00163743 -0.00518683 0.00154237 -128.595 1 0 0 0.000248955 0.00136858 5.06302e-05
11045 114.884 0.0201446 0.00774284 0.000223242 0.00749225 2.73536e-05 2.41537e-09 0.00248305 0.0109935 1.60998 1.45114 1.59976 1.62291 1.07063 -1.40443 -0.000563161 0.00133315 0.021536 0 -0.0016079 -0.00511549 0.00151723 -128.726 1 0 0 0.00024472 0.00135052 4.93428e-05
11050 114.985 0.0201446 0.00770221 0.000220458 0.00745508 2.66658e-05 2.34111e-09 0.00248299 0.0109935 1.60992 1.45114 1.59966 1.62288 1.07066 -1.40583 -0.000563161 0.00133315 0.021536 0 -0.00157941 -0.00504582 0.00149279 -128.855 1 0 0 0.000240597 0.00133289 4.81044e-05
11055 115.086 0.0201446 0.00766223 0.00021774 0.00741848 2.60054e-05 2.26986e-09 0.00248294 0.0109935 1.60986 1.45114 1.59956 1.62285 1.07069 -1.40722 -0.000563161 0.00133315 0.021536 0 -0.00155189 -0.00497778 0.00146902 -128.981 1 0 0 0.000236582 0.00131565 4.69123e-05
11060 115.186 0.0201446 0.00762289 0.000215084 0.00738244 2.53706e-05 2.20146e-09 0.00248288 0.0109935 1.60981 1.45114 1.59946 1.62282 1.07072 -1.40858 -0.000563161 0.00133315 0.021536 0 -0.00152529 -0.0049113 0.0014459 -129.107 1 0 0 0.000232672 0.0012988 4.57642e-05
11065 115.287 0.0201446 0.00758418 0.000212489 0.00734693 2.476e-05 2.13577e-09 0.00248282 0.0109935 1.60975 1.45114 1.59936 1.62279 1.07075 -1.40992 -0.000563161 0.00133315 0.021536 0 -0.00149958 -0.00484633 0.0014234 -129.23 1 0 0 0.000228863 0.00128232 4.46577e-05
11070 115.388 0.0201446 0.00754608 0.000209954 0.00731195 2.41721e-05 2.07266e-09 0.00248277 0.0109935 1.6097 1.45114 1.59927 1.62276 1.07078 -1.41125 -0.000563161 0.00133315 0.021536 0 -0.00147471 -0.00478282 0.00140149 -129.351 1 0 0 0.000225151 0.00126621 4.35907e-05
11075 115.488 0.0201446 0.00750856 0.000207475 0.00727748 2.36056e-05 2.012e-09 0.00248271 0.0109935 1.60964 1.45114 1.59917 1.62273 1.07081 -1.41256 -0.000563161 0.00133315 0.021536 0 -0.00145063 -0.00472073 0.00138016 -129.471 1 0 0 0.000221533 0.00125045 4.25613e-05
11080 115.589 0.0201446 0.00747163 0.000205051 0.00724351 2.30595e-05 1.95368e-09 0.00248266 0.0109935 1.60959 1.45114 1.59908 1.6227 1.07084 -1.41385 -0.000563161 0.00133315 0.021536 0 -0.00142732 -0.00466 0.00135938 -129.589 1 0 0 0.000218006 0.00123503 4.15676e-05
11085 115.69 0.0201446 0.00743525 0.00020268 0.00721004 2.25326e-05 1.89757e-09 0.0024826 0.0109935 1.60954 1.45114 1.59898 1.62267 1.07086 -1.41512 -0.000563161 0.00133315 0.021536 0 -0.00140472 -0.0046006 0.00133912 -129.706 1 0 0 0.000214568 0.00121994 4.06079e-05
11090 115.791 0.0201446 0.00739942 0.000200361 0.00717704 2.20239e-05 1.84358e-09 0.00248255 0.0109935 1.60948 1.45114 1.59889 1.62264 1.07089 -1.41637 -0.000563161 0.00133315 0.021536 0 -0.00138282 -0.00454247 0.00131939 -129.821 1 0 0 0.000211214 0.00120517 3.96806e-05
11095 115.891 0.0201446 0.00736413 0.000198091 0.0071445 2.15326e-05 1.7916e-09 0.0024825 0.0109935 1.60943 1.45114 1.5988 1.62262 1.07092 -1.41761 -0.000563161 0.00133315 0.021536 0 -0.00136157 -0.00448559 0.00130014 -129.934 1 0 0 0.000207942 0.00119071 3.87842e-05
11100 115.992 0.0201446 0.00732935 0.00019587 0.00711242 2.10576e-05 1.74154e-09 0.00248245 0.0109935 1.60938 1.45114 1.59871 1.62259 1.07094 -1.41883 -0.000563161 0.00133315 0.021536 0 -0.00134095 -0.00442991 0.00128137 -130.046 1 0 0 0.000204749 0.00117654 3.79173e-05
11105 116.093 0.0201446 0.00729509 0.000193696 0.00708079 2.05984e-05 1.69332e-09 0.0024824 0.0109935 1.60933 1.45114 1.59862 1.62256 1.07097 -1.42003 -0.000563161 0.00133315 0.021536 0 -0.00132093 -0.0043754 0.00126306 -130.156 1 0 0 0.000201634 0.00116267 3.70787e-05
11110 116.194 0.0201446 0.00726132 0.000191566 0.00704959 2.0154e-05 1.64685e-09 0.00248235 0.0109935 1.60928 1.45114 1.59854 1.62254 1.07099 -1.42122 -0.000563161 0.00133315 0.021536 0 -0.00130148 -0.00432202 0.00124519 -130.265 1 0 0 0.000198592 0.00114909 3.6267e-05
11115 116.294 0.0201446 0.00722803 0.000189481 0.00701882 1.97238e-05 1.60206e-09 0.0024823 0.0109935 1.60923 1.45114 1.59845 1.62251 1.07102 -1.42239 -0.000563161 0.00133315 0.021536 0 -0.00128257 -0.00426974 0.00122775 -130.372 1 0 0 0.000195623 0.00113577 3.54811e-05
11120 116.395 0.0201446 0.00719521 0.000187438 0.00698847 1.93072e-05 1.55886e-09 0.00248225 0.0109935 1.60919 1.45114 1.59837 1.62249 1.07104 -1.42355 -0.000563161 0.00133315 0.021536 0 -0.00126419 -0.00421853 0.00121073 -130.479 1 0 0 0.000192723 0.00112273 3.47199e-05
11125 116.496 0.0201446 0.00716286 0.000185436 0.00695852 1.89036e-05 1.51719e-09 0.0024822 0.0109935 1.60914 1.45114 1.59828 1.62246 1.07107 -1.42469 -0.000563161 0.00133315 0.021536 0 -0.00124632 -0.00416835 0.0011941 -130.583 1 0 0 0.00018989 0.00110994 3.39825e-05
11130 116.596 0.0201446 0.00713096 0.000183474 0.00692897 1.85123e-05 1.47698e-09 0.00248215 0.0109935 1.60909 1.45114 1.5982 1.62244 1.07109 -1.42582 -0.000563161 0.00133315 0.021536 0 -0.00122892 -0.00411918 0.00117787 -130.687 1 0 0 0.000187122 0.0010974 3.32677e-05
11135 116.697 0.0201446 0.0070995 0.000181551 0.00689981 1.8133e-05 1.43817e-09 0.00248211 0.0109935 1.60904 1.45114 1.59812 1.62241 1.07111 -1.42694 -0.000563161 0.00133315 0.021536 0 -0.00121198 -0.00407099 0.001162 -130.789 1 0 0 0.000184418 0.00108511 3.25747e-05
11140 116.798 0.0201446 0.00706847 0.000179665 0.00687104 1.7765e-05 1.4007e-09 0.00248206 0.0109935 1.609 1.45114 1.59803 1.62239 1.07114 -1.42804 -0.000563161 0.00133315 0.021536 0 -0.00119548 -0.00402375 0.0011465 -130.89 1 0 0 0.000181774 0.00107306 3.19026e-05
11145 116.899 0.0201446 0.00703786 0.000177816 0.00684263 1.74079e-05 1.36451e-09 0.00248202 0.0109935 1.60895 1.45114 1.59795 1.62236 1.07116 -1.42912 -0.000563161 0.00133315 0.021536 0 -0.00117941 -0.00397744 0.00113136 -130.989 1 0 0 0.00017919 0.00106123 3.12506e-05
11150 116.999 0.0201446 0.00700766 0.000176002 0.0068146 1.70612e-05 1.32955e-09 0.00248197 0.0109935 1.60891 1.45114 1.59787 1.62234 1.07118 -1.4302 -0.000563161 0.00133315 0.021536 0 -0.00116374 -0.00393202 0.00111655 -131.088 1 0 0 0.000176662 0.00104964 3.06179e-05
11155 117.1 0.0201446 0.00697786 0.000174222 0.00678692 1.67246e-05 1.29577e-09 0.00248193 0.0109935 1.60887 1.45114 1.5978 1.62232 1.07121 -1.43126 -0.000563161 0.00133315 0.021536 0 -0.00114846 -0.00388748 0.00110207 -131.185 1 0 0 0.000174191 0.00103826 3.00038e-05
11160 117.201 0.0201446 0.00694846 0.000172476 0.00675959 1.63977e-05 1.26311e-09 0.00248188 0.0109935 1.60882 1.45114 1.59772 1.62229 1.07123 -1.43231 -0.000563161 0.00133315 0.021536 0 -0.00113356 -0.00384379 0.00108792 -131.281 1 0 0 0.000171773 0.00102709 2.94074e-05
11165 117.302 0.0201446 0.00691944 0.000170762 0.0067326 1.608e-05 1.23155e-09 0.00248184 0.0109935 1.60878 1.45114 1.59764 1.62227 1.07125 -1.43334 -0.000563161 0.00133315 0.021536 0 -0.00111901 -0.00380093 0.00107407 -131.376 1 0 0 0.000169407 0.00101613 2.88283e-05
11170 117.402 0.0201446 0.0068908 0.00016908 0.00670595 1.57712e-05 1.20102e-09 0.0024818 0.0109935 1.60874 1.45114 1.59757 1.62225 1.07127 -1.43437 -0.000563161 0.00133315 0.021536 0 -0.00110482 -0.00375888 0.00106053 -131.47 1 0 0 0.000167091 0.00100537 2.82656e-05
11175 117.503 0.0201446 0.00686253 0.000167428 0.00667963 1.5471e-05 1.17148e-09 0.00248175 0.0109935 1.60869 1.45114 1.59749 1.62223 1.07129 -1.43538 -0.000563161 0.00133315 0.021536 0 -0.00109095 -0.00371762 0.00104728 -131.563 1 0 0 0.000164825 0.000994804 2.77189e-05
11180 117.604 0.0201446 0.00683462 0.000165807 0.00665364 1.51791e-05 1.14291e-09 0.00248171 0.0109935 1.60865 1.45114 1.59742 1.62221 1.07131 -1.43638 -0.000563161 0.00133315 0.021536 0 -0.00107741 -0.00367712 0.00103432 -131.654 1 0 0 0.000162607 0.000984432 2.71875e-05
11185 117.704 0.0201446 0.00680707 0.000164214 0.00662796 1.48951e-05 1.11526e-09 0.00248167 0.0109935 1.60861 1.45114 1.59734 1.62218 1.07133 -1.43737 -0.000563161 0.00133315 0.021536 0 -0.00106418 -0.00363737 0.00102163 -131.745 1 0 0 0.000160434 0.000974246 2.66709e-05
11190 117.805 0.0201446 0.00677986 0.000162649 0.00660259 1.46189e-05 1.08849e-09 0.00248163 0.0109935 1.60857 1.45114 1.59727 1.62216 1.07135 -1.43834 -0.000563161 0.00133315 0.021536 0 -0.00105125 -0.00359834 0.00100921 -131.835 1 0 0 0.000158306 0.000964241 2.61685e-05
11195 117.906 0.0201446 0.00675299 0.000161112 0.00657753 1.435e-05 1.06257e-09 0.00248159 0.0109935 1.60853 1.45114 1.5972 1.62214 1.07137 -1.43931 -0.000563161 0.00133315 0.021536 0 -0.00103861 -0.00356003 0.000997047 -131.923 1 0 0 0.000156222 0.000954413 2.56798e-05
11200 118.007 0.0201446 0.00672645 0.000159602 0.00655276 1.40882e-05 1.03746e-09 0.00248155 0.0109935 1.60849 1.45114 1.59713 1.62212 1.07139 -1.44027 -0.000563161 0.00133315 0.021536 0 -0.00102624 -0.00352241 0.000985141 -132.011 1 0 0 0.00015418 0.000944757 2.52044e-05
11205 118.107 0.0201446 0.00670024 0.000158117 0.00652829 1.38334e-05 1.01315e-09 0.00248151 0.0109935 1.60845 1.45114 1.59706 1.6221 1.07141 -1.44121 -0.000563161 0.00133315 0.021536 0 -0.00101414 -0.00348546 0.000973482 -132.097 1 0 0 0.000152179 0.000935269 2.47418e-05
11210 118.208 0.0201446 0.00667434 0.000156658 0.0065041 1.35852e-05 9.89587e-10 0.00248147 0.0109935 1.60841 1.45114 1.59699 1.62208 1.07143 -1.44215 -0.000563161 0.00133315 0.021536 0 -0.0010023 -0.00344917 0.000962064 -132.183 1 0 0 0.000150218 0.000925945 2.42915e-05
11215 118.309 0.0201446 0.00664876 0.000155224 0.0064802 1.33434e-05 9.66753e-10 0.00248143 0.0109935 1.60838 1.45114 1.59692 1.62206 1.07145 -1.44307 -0.000563161 0.00133315 0.021536 0 -0.000990715 -0.00341352 0.000950879 -132.268 1 0 0 0.000148295 0.00091678 2.38531e-05
11220 118.409 0.0201446 0.00662349 0.000153813 0.00645657 1.31078e-05 9.44619e-10 0.00248139 0.0109935 1.60834 1.45114 1.59685 1.62204 1.07147 -1.44399 -0.000563161 0.00133315 0.021536 0 -0.000979369 -0.0033785 0.000939921 -132.352 1 0 0 0.00014641 0.000907772 2.34262e-05
11225 118.51 0.0201446 0.00659852 0.000152426 0.00643321 1.28782e-05 9.2316e-10 0.00248136 0.0109935 1.6083 1.45114 1.59678 1.62202 1.07149 -1.44489 -0.000563161 0.00133315 0.021536 0 -0.000968258 -0.00334409 0.000929184 -132.435 1 0 0 0.000144562 0.000898915 2.30104e-05
11230 118.611 0.0201446 0.00657384 0.000151062 0.00641013 1.26544e-05 9.0235e-10 0.00248132 0.0109935 1.60826 1.45114 1.59672 1.622 1.07151 -1.44579 -0.000563161 0.00133315 0.021536 0 -0.000957374 -0.00331028 0.000918663 -132.517 1 0 0 0.000142749 0.000890207 2.26054e-05
11235 118.712 0.0201446 0.00654945 0.000149721 0.0063873 1.24363e-05 8.82164e-10 0.00248128 0.0109935 1.60823 1.45114 1.59665 1.62198 1.07153 -1.44667 -0.000563161 0.00133315 0.021536 0 -0.000946709 -0.00327705 0.000908352 -132.598 1 0 0 0.000140971 0.000881643 2.22107e-05
11240 118.812 0.0201446 0.00652535 0.000148401 0.00636473 1.22235e-05 8.62582e-10 0.00248125 0.0109935 1.60819 1.45114 1.59658 1.62196 1.07155 -1.44755 -0.000563161 0.00133315 0.021536 0 -0.000936257 -0.00324438 0.000898245 -132.678 1 0 0 0.000139226 0.000873221 2.18261e-05
11245 118.913 0.0201446 0.00650152 0.000147102 0.00634241 1.2016e-05 8.4358e-10 0.00248121 0.0109935 1.60816 1.45114 1.59652 1.62195 1.07156 -1.44842 -0.000563161 0.00133315 0.021536 0 -0.000926011 -0.00321228 0.000888337 -132.758 1 0 0 0.000137514 0.000864937 2.14512e-05
11250 119.014 0.0201446 0.00647797 0.000145824 0.00632033 1.18136e-05 8.25138e-10 0.00248117 0.0109935 1.60812 1.45114 1.59645 1.62193 1.07158 -1.44927 -0.000563161 0.00133315 0.021536 0 -0.000915965 -0.00318072 0.000878623 -132.836 1 0 0 0.000135834 0.000856787 2.10856e-05
11255 119.115 0.0201446 0.00645469 0.000144566 0.0062985 1.16161e-05 8.07235e-10 0.00248114 0.0109935 1.60808 1.45114 1.59639 1.62191 1.0716 -1.45012 -0.000563161 0.00133315 0.021536 0 -0.000906112 -0.00314968 0.000869098 -132.914 1 0 0 0.000134185 0.00084877 2.07292e-05
11260 119.215 0.0201446 0.00643167 0.000143328 0.00627691 1.14234e-05 7.89853e-10 0.0024811 0.0109935 1.60805 1.45114 1.59633 1.62189 1.07162 -1.45096 -0.000563161 0.00133315 0.021536 0 -0.000896448 -0.00311917 0.000859758 -132.991 1 0 0 0.000132566 0.000840881 2.03815e-05
11265 119.316 0.0201446 0.0064089 0.000142109 0.00625556 1.12353e-05 7.72974e-10 0.00248107 0.0109935 1.60802 1.45114 1.59627 1.62187 1.07163 -1.4518 -0.000563161 0.00133315 0.021536 0 -0.000886966 -0.00308916 0.000850597 -133.068 1 0 0 0.000130976 0.000833118 2.00424e-05
11270 119.417 0.0201446 0.00638639 0.000140909 0.00623443 1.10516e-05 7.56578e-10 0.00248103 0.0109935 1.60798 1.45114 1.5962 1.62186 1.07165 -1.45262 -0.000563161 0.00133315 0.021536 0 -0.000877661 -0.00305965 0.000841611 -133.143 1 0 0 0.000129416 0.000825477 1.97115e-05
11275 119.517 0.0201446 0.00636413 0.000139728 0.00621353 1.08723e-05 7.40651e-10 0.002481 0.0109935 1.60795 1.45114 1.59614 1.62184 1.07167 -1.45344 -0.000563161 0.00133315 0.021536 0 -0.000868527 -0.00303062 0.000832796 -133.218 1 0 0 0.000127883 0.000817957 1.93886e-05
11280 119.618 0.0201446 0.00634212 0.000138564 0.00619286 1.06972e-05 7.25175e-10 0.00248097 0.0109935 1.60791 1.45114 1.59608 1.62182 1.07168 -1.45424 -0.000563161 0.00133315 0.021536 0 -0.000859561 -0.00300206 0.000824148 -133.292 1 0 0 0.000126377 0.000810554 1.90734e-05
11285 119.719 0.0201446 0.00632034 0.000137418 0.0061724 1.05262e-05 7.10135e-10 0.00248093 0.0109935 1.60788 1.45114 1.59602 1.6218 1.0717 -1.45504 -0.000563161 0.00133315 0.021536 0 -0.000850758 -0.00297396 0.000815662 -133.365 1 0 0 0.000124897 0.000803266 1.87656e-05
11290 119.82 0.0201446 0.0062988 0.000136289 0.00615215 1.03591e-05 6.95516e-10 0.0024809 0.0109935 1.60785 1.45114 1.59596 1.62179 1.07172 -1.45584 -0.000563161 0.00133315 0.021536 0 -0.000842112 -0.00294632 0.000807335 -133.438 1 0 0 0.000123444 0.00079609 1.84652e-05
11295 119.92 0.0201446 0.00627749 0.000135177 0.00613212 1.01959e-05 6.81303e-10 0.00248087 0.0109935 1.60782 1.45114 1.5959 1.62177 1.07173 -1.45662 -0.000563161 0.00133315 0.021536 0 -0.00083362 -0.00291912 0.000799162 -133.51 1 0 0 0.000122015 0.000789024 1.81717e-05
11300 120.021 0.0201446 0.00625641 0.000134082 0.0061123 1.00363e-05 6.67483e-10 0.00248084 0.0109935 1.60779 1.45114 1.59585 1.62175 1.07175 -1.4574 -0.000563161 0.00133315 0.021536 0 -0.000825277 -0.00289235 0.000791141 -133.581 1 0 0 0.000120612 0.000782065 1.78851e-05
11305 120.122 0.0201446 0.00623556 0.000133002 0.00609268 9.88043e-06 6.54043e-10 0.0024808 0.0109935 1.60775 1.45114 1.59579 1.62174 1.07177 -1.45817 -0.000563161 0.00133315 0.021536 0 -0.000817079 -0.00286601 0.000783267 -133.651 1 0 0 0.000119232 0.000775211 1.76051e-05
11310 120.222 0.0201446 0.00621492 0.000131939 0.00607326 9.72803e-06 6.4097e-10 0.00248077 0.0109935 1.60772 1.45114 1.59573 1.62172 1.07178 -1.45893 -0.000563161 0.00133315 0.021536 0 -0.000809023 -0.00284007 0.000775537 -133.721 1 0 0 0.000117875 0.000768461 1.73315e-05
11315 120.323 0.0201446 0.0061945 0.00013089 0.00605403 9.57903e-06 6.28251e-10 0.00248074 0.0109935 1.60769 1.45114 1.59567 1.6217 1.0718 -1.45968 -0.000563161 0.00133315 0.021536 0 -0.000801105 -0.00281455 0.000767948 -133.79 1 0 0 0.000116542 0.00076181 1.70642e-05
11320 120.424 0.0201446 0.0061743 0.000129857 0.00603501 9.43333e-06 6.15876e-10 0.00248071 0.0109935 1.60766 1.45114 1.59562 1.62169 1.07181 -1.46043 -0.000563161 0.00133315 0.021536 0 -0.000793321 -0.00278942 0.000760495 -133.859 1 0 0 0.00011523 0.000755258 1.68028e-05
11325 120.525 0.0201446 0.0061543 0.000128838 0.00601617 9.29084e-06 6.03832e-10 0.00248068 0.0109935 1.60763 1.45114 1.59556 1.62167 1.07183 -1.46117 -0.000563161 0.00133315 0.021536 0 -0.000785668 -0.00276467 0.000753177 -133.927 1 0 0 0.000113941 0.000748803 1.65473e-05
11330 120.625 0.0201446 0.0061345 0.000127834 0.00599752 9.15147e-06 5.92109e-10 0.00248065 0.0109935 1.6076 1.45114 1.59551 1.62166 1.07184 -1.46191 -0.000563161 0.00133315 0.021536 0 -0.000778142 -0.00274031 0.00074599 -133.994 1 0 0 0.000112672 0.000742442 1.62975e-05
11335 120.726 0.0201446 0.00611491 0.000126844 0.00597906 9.01513e-06 5.80696e-10 0.00248062 0.0109935 1.60757 1.45114 1.59545 1.62164 1.07186 -1.46263 -0.000563161 0.00133315 0.021536 0 -0.000770741 -0.00271632 0.00073893 -134.061 1 0 0 0.000111425 0.000736173 1.60532e-05
11340 120.827 0.0201446 0.00609552 0.000125868 0.00596077 8.88173e-06 5.69584e-10 0.00248059 0.0109935 1.60754 1.45114 1.5954 1.62163 1.07187 -1.46335 -0.000563161 0.00133315 0.021536 0 -0.000763461 -0.00269269 0.000731995 -134.127 1 0 0 0.000110197 0.000729995 1.58143e-05
11345 120.928 0.0201446 0.00607633 0.000124905 0.00594267 8.75119e-06 5.58762e-10 0.00248056 0.0109935 1.60751 1.45114 1.59534 1.62161 1.07189 -1.46407 -0.000563161 0.00133315 0.021536 0 -0.000756299 -0.00266942 0.000725183 -134.192 1 0 0 0.00010899 0.000723906 1.55805e-05
11350 121.028 0.0201446 0.00605732 0.000123956 0.00592474 8.62344e-06 5.48222e-10 0.00248053 0.0109935 1.60748 1.45114 1.59529 1.6216 1.0719 -1.46477 -0.000563161 0.00133315 0.021536 0 -0.000749252 -0.0026465 0.000718489 -134.257 1 0 0 0.000107801 0.000717903 1.53518e-05
11355 121.129 0.0201446 0.00603851 0.000123019 0.00590699 8.49838e-06 5.37954e-10 0.0024805 0.0109935 1.60745 1.45114 1.59524 1.62158 1.07192 -1.46548 -0.000563161 0.00133315 0.021536 0 -0.000742318 -0.00262392 0.000711912 -134.321 1 0 0 0.000106632 0.000711985 1.51281e-05
11360 121.23 0.0201446 0.00601988 0.000122096 0.00588941 8.37596e-06 5.2795e-10 0.00248047 0.0109935 1.60742 1.45114 1.59518 1.62157 1.07193 -1.46617 -0.000563161 0.00133315 0.021536 0 -0.000735494 -0.00260167 0.000705449 -134.385 1 0 0 0.000105481 0.000706151 1.4909e-05
11365 121.33 0.0201446 0.00600143 0.000121185 0.00587199 8.2561e-06 5.18202e-10 0.00248044 0.0109935 1.6074 1.45114 1.59513 1.62155 1.07194 -1.46686 -0.000563161 0.00133315 0.021536 0 -0.000728777 -0.00257976 0.000699097 -134.448 1 0 0 0.000104348 0.000700399 1.46947e-05
11370 121.431 0.0201446 0.00598317 0.000120286 0.00585474 8.13872e-06 5.08701e-10 0.00248041 0.0109935 1.60737 1.45114 1.59508 1.62154 1.07196 -1.46754 -0.000563161 0.00133315 0.021536 0 -0.000722164 -0.00255816 0.000692854 -134.511 1 0 0 0.000103233 0.000694726 1.44848e-05
11375 121.532 0.0201446 0.00596508 0.000119399 0.00583765 8.02377e-06 4.99439e-10 0.00248039 0.0109935 1.60734 1.45114 1.59503 1.62152 1.07197 -1.46822 -0.000563161 0.00133315 0.021536 0 -0.000715654 -0.00253688 0.000686718 -134.573 1 0 0 0.000102135 0.000689132 1.42793e-05
11380 121.633 0.0201446 0.00594716 0.000118524 0.00582073 7.91117e-06 4.9041e-10 0.00248036 0.0109935 1.60731 1.45114 1.59498 1.62151 1.07199 -1.46889 -0.000563161 0.00133315 0.021536 0 -0.000709245 -0.00251591 0.000680685 -134.634 1 0 0 0.000101054 0.000683615 1.4078e-05
11385 121.733 0.0201446 0.00592942 0.00011766 0.00580396 7.80087e-06 4.81607e-10 0.00248033 0.0109935 1.60728 1.45114 1.59493 1.62149 1.072 -1.46955 -0.000563161 0.00133315 0.021536 0 -0.000702932 -0.00249523 0.000674754 -134.695 1 0 0 9.99901e-05 0.000678173 1.38809e-05
11390 121.834 0.0201446 0.00591185 0.000116808 0.00578735 7.6928e-06 4.73021e-10 0.0024803 0.0109935 1.60726 1.45114 1.59488 1.62148 1.07201 -1.47021 -0.000563161 0.00133315 0.021536 0 -0.000696716 -0.00247486 0.000668923 -134.756 1 0 0 9.8942e-05 0.000672805 1.36879e-05
11395 121.935 0.0201446 0.00589444 0.000115967 0.00577089 7.5869e-06 4.64647e-10 0.00248028 0.0109935 1.60723 1.45114 1.59483 1.62147 1.07203 -1.47087 -0.000563161 0.00133315 0.021536 0 -0.000690592 -0.00245478 0.000663188 -134.816 1 0 0 9.79097e-05 0.00066751 1.34987e-05
11400 122.035 0.0201446 0.0058772 0.000115137 0.00575458 7.48311e-06 4.56478e-10 0.00248025 0.0109935 1.6072 1.45114 1.59478 1.62145 1.07204 -1.47152 -0.000563161 0.00133315 0.021536 0 -0.000684561 -0.00243498 0.000657549 -134.875 1 0 0 9.68929e-05 0.000662286 1.33134e-05
11405 122.136 0.0201446 0.00586012 0.000114318 0.00573842 7.38139e-06 4.48508e-10 0.00248022 0.0109935 1.60718 1.45114 1.59473 1.62144 1.07205 -1.47216 -0.000563161 0.00133315 0.021536 0 -0.000678618 -0.00241546 0.000652003 -134.934 1 0 0 9.58914e-05 0.000657132 1.31317e-05
11410 122.237 0.0201446 0.0058432 0.000113509 0.00572241 7.28168e-06 4.40731e-10 0.0024802 0.0109935 1.60715 1.45114 1.59468 1.62142 1.07207 -1.4728 -0.000563161 0.00133315 0.021536 0 -0.000672763 -0.00239621 0.000646548 -134.992 1 0 0 9.49047e-05 0.000652046 1.29537e-05
11415 122.338 0.0201446 0.00582643 0.00011271 0.00570654 7.18392e-06 4.33142e-10 0.00248017 0.0109935 1.60713 1.45114 1.59463 1.62141 1.07208 -1.47343 -0.000563161 0.00133315 0.021536 0 -0.000666993 -0.00237723 0.000641182 -135.05 1 0 0 9.39326e-05 0.000647027 1.27792e-05
11420 122.438 0.0201446 0.00580982 0.000111922 0.00569081 7.08806e-06 4.25733e-10 0.00248014 0.0109935 1.6071 1.45114 1.59459 1.6214 1.07209 -1.47406 -0.000563161 0.00133315 0.021536 0 -0.000661307 -0.00235852 0.000635904 -135.108 1 0 0 9.29748e-05 0.000642074 1.26081e-05
11425 122.539 0.0201446 0.00579336 0.000111143 0.00567523 6.99407e-06 4.18502e-10 0.00248012 0.0109935 1.60707 1.45114 1.59454 1.62138 1.0721 -1.47468 -0.000563161 0.00133315 0.021536 0 -0.000655703 -0.00234006 0.00063071 -135.165 1 0 0 9.2031e-05 0.000637186 1.24404e-05
11430 122.64 0.0201446 0.00577705 0.000110374 0.00565978 6.90188e-06 4.11441e-10 0.00248009 0.0109935 1.60705 1.45114 1.59449 1.62137 1.07212 -1.47529 -0.000563161 0.00133315 0.021536 0 -0.000650179 -0.00232185 0.0006256 -135.221 1 0 0 9.11009e-05 0.000632361 1.22759e-05
11435 122.741 0.0201446 0.00576089 0.000109615 0.00564447 6.81146e-06 4.04546e-10 0.00248007 0.0109935 1.60702 1.45114 1.59445 1.62136 1.07213 -1.47591 -0.000563161 0.00133315 0.021536 0 -0.000644734 -0.0023039 0.000620572 -135.277 1 0 0 9.01843e-05 0.000627599 1.21145e-05
11440 122.841 0.0201446 0.00574488 0.000108865 0.00562929 6.72275e-06 3.97813e-10 0.00248004 0.0109935 1.607 1.45114 1.5944 1.62135 1.07214 -1.47651 -0.000563161 0.00133315 0.021536 0 -0.000639366 -0.00228619 0.000615624 -135.333 1 0 0 8.92808e-05 0.000622897 1.19563e-05
11445 122.942 0.0201446 0.005729 0.000108125 0.00561424 6.63573e-06 3.91236e-10 0.00248002 0.0109935 1.60697 1.45114 1.59435 1.62133 1.07215 -1.47711 -0.000563161 0.00133315 0.021536 0 -0.000634073 -0.00226871 0.000610754 -135.388 1 0 0 8.83902e-05 0.000618256 1.1801e-05
11450 123.043 0.0201446 0.00571327 0.000107393 0.00559933 6.55033e-06 3.84811e-10 0.00247999 0.0109935 1.60695 1.45114 1.59431 1.62132 1.07217 -1.47771 -0.000563161 0.00133315 0.021536 0 -0.000628854 -0.00225148 0.000605961 -135.443 1 0 0 8.75123e-05 0.000613674 1.16487e-05
11455 123.143 0.0201446 0.00569768 0.000106671 0.00558454 6.46654e-06 3.78533e-10 0.00247997 0.0109935 1.60693 1.45114 1.59426 1.62131 1.07218 -1.4783 -0.000563161 0.00133315 0.021536 0 -0.000623707 -0.00223447 0.000601242 -135.497 1 0 0 8.66468e-05 0.00060915 1.14992e-05
11460 123.244 0.0201446 0.00568222 0.000105957 0.00556988 6.3843e-06 3.724e-10 0.00247994 0.0109935 1.6069 1.45114 1.59422 1.6213 1.07219 -1.47889 -0.000563161 0.00133315 0.021536 0 -0.000618631 -0.00221769 0.000596598 -135.551 1 0 0 8.57935e-05 0.000604682 1.13525e-05
11465 123.345 0.0201446 0.0056669 0.000105252 0.00555535 6.30357e-06 3.66405e-10 0.00247992 0.0109935 1.60688 1.45114 1.59418 1.62128 1.0722 -1.47947 -0.000563161 0.00133315 0.021536 0 -0.000613624 -0.00220113 0.000592025 -135.605 1 0 0 8.49522e-05 0.00060027 1.12085e-05
11470 123.446 0.0201446 0.00565171 0.000104555 0.00554094 6.22433e-06 3.60546e-10 0.00247989 0.0109935 1.60685 1.45114 1.59413 1.62127 1.07221 -1.48005 -0.000563161 0.00133315 0.021536 0 -0.000608686 -0.00218478 0.000587522 -135.658 1 0 0 8.41226e-05 0.000595913 1.10672e-05
11475 123.546 0.0201446 0.00563666 0.000103867 0.00552665 6.14653e-06 3.54818e-10 0.00247987 0.0109935 1.60683 1.45114 1.59409 1.62126 1.07223 -1.48063 -0.000563161 0.00133315 0.021536 0 -0.000603814 -0.00216866 0.000583089 -135.71 1 0 0 8.33044e-05 0.00059161 1.09284e-05
11480 123.647 0.0201446 0.00562173 0.000103187 0.00551248 6.07014e-06 3.49219e-10 0.00247985 0.0109935 1.60681 1.45114 1.59404 1.62125 1.07224 -1.4812 -0.000563161 0.00133315 0.021536 0 -0.000599008 -0.00215274 0.000578723 -135.762 1 0 0 8.24976e-05 0.00058736 1.07922e-05
11485 123.748 0.0201446 0.00560693 0.000102514 0.00549842 5.99513e-06 3.43743e-10 0.00247982 0.0109935 1.60678 1.45114 1.594 1.62123 1.07225 -1.48176 -0.000563161 0.00133315 0.021536 0 -0.000594266 -0.00213702 0.000574423 -135.814 1 0 0 8.17018e-05 0.000583162 1.06584e-05
11490 123.848 0.0201446 0.00559226 0.00010185 0.00548449 5.92147e-06 3.38389e-10 0.0024798 0.0109935 1.60676 1.45114 1.59396 1.62122 1.07226 -1.48232 -0.000563161 0.00133315 0.021536 0 -0.000589587 -0.00212151 0.000570189 -135.866 1 0 0 8.09169e-05 0.000579016 1.0527e-05
11495 123.949 0.0201446 0.00557771 0.000101194 0.00547067 5.84911e-06 3.33152e-10 0.00247978 0.0109935 1.60674 1.45114 1.59392 1.62121 1.07227 -1.48288 -0.000563161 0.00133315 0.021536 0 -0.00058497 -0.0021062 0.000566017 -135.917 1 0 0 8.01427e-05 0.000574919 1.0398e-05
11500 124.05 0.0201446 0.00556329 0.000100545 0.00545697 5.77804e-06 3.28029e-10 0.00247975 0.0109935 1.60672 1.45114 1.59387 1.6212 1.07228 -1.48343 -0.000563161 0.00133315 0.021536 0 -0.000580414 -0.00209108 0.000561908 -135.967 1 0 0 7.93789e-05 0.000570872 1.02712e-05
11505 124.151 0.0201446 0.00554898 9.99035e-05 0.00544337 5.70822e-06 3.23018e-10 0.00247973 0.0109935 1.60669 1.45114 1.59383 1.62119 1.0723 -1.48398 -0.000563161 0.00133315 0.021536 0 -0.000575917 -0.00207616 0.00055786 -136.018 1 0 0 7.86254e-05 0.000566873 1.01467e-05
11510 124.251 0.0201446 0.0055348 9.92696e-05 0.00542989 5.63962e-06 3.18115e-10 0.00247971 0.0109935 1.60667 1.45114 1.59379 1.62118 1.07231 -1.48452 -0.000563161 0.00133315 0.021536 0 -0.000571478 -0.00206142 0.000553872 -136.067 1 0 0 7.7882e-05 0.000562922 1.00243e-05
11515 124.352 0.0201446 0.00552073 9.8643e-05 0.00541651 5.57222e-06 3.13317e-10 0.00247969 0.0109935 1.60665 1.45114 1.59375 1.62116 1.07232 -1.48506 -0.000563161 0.00133315 0.021536 0 -0.000567097 -0.00204687 0.000549943 -136.117 1 0 0 7.71486e-05 0.000559017 9.90404e-06
11520 124.453 0.0201446 0.00550678 9.80235e-05 0.00540325 5.50598e-06 3.08621e-10 0.00247966 0.0109935 1.60663 1.45114 1.59371 1.62115 1.07233 -1.4856 -0.000563161 0.00133315 0.021536 0 -0.000562772 -0.0020325 0.00054607 -136.166 1 0 0 7.64249e-05 0.000555159 9.78588e-06
11525 124.554 0.0201446 0.00549294 9.7411e-05 0.00539009 5.44088e-06 3.04025e-10 0.00247964 0.0109935 1.60661 1.45114 1.59367 1.62114 1.07234 -1.48613 -0.000563161 0.00133315 0.021536 0 -0.000558503 -0.00201831 0.000542254 -136.215 1 0 0 7.57107e-05 0.000551347 9.66974e-06
11530 124.654 0.0201446 0.00547922 9.68055e-05 0.00537703 5.3769e-06 2.99526e-10 0.00247962 0.0109935 1.60658 1.45114 1.59363 1.62113 1.07235 -1.48666 -0.000563161 0.00133315 0.021536 0 -0.000554287 -0.00200429 0.000538494 -136.263 1 0 0 7.5006e-05 0.000547579 9.55558e-06
11535 124.755 0.0201446 0.0054656 9.62068e-05 0.00536408 5.314e-06 2.95122e-10 0.0024796 0.0109935 1.60656 1.45114 1.59359 1.62112 1.07236 -1.48719 -0.000563161 0.00133315 0.021536 0 -0.000550125 -0.00199045 0.000534787 -136.311 1 0 0 7.43105e-05 0.000543854 9.44335e-06
11540 124.856 0.0201446 0.0054521 9.56148e-05 0.00535123 5.25217e-06 2.90809e-10 0.00247958 0.0109935 1.60654 1.45114 1.59355 1.62111 1.07237 -1.48771 -0.000563161 0.00133315 0.021536 0 -0.000546015 -0.00197677 0.000531133 -136.359 1 0 0 7.36241e-05 0.000540173 9.33302e-06
11545 124.956 0.0201446 0.0054387 9.50294e-05 0.00533848 5.19138e-06 2.86586e-10 0.00247956 0.0109935 1.60652 1.45114 1.59351 1.6211 1.07238 -1.48822 -0.000563161 0.00133315 0.021536 0 -0.000541957 -0.00196326 0.000527532 -136.406 1 0 0 7.29466e-05 0.000536534 9.22453e-06
11550 125.057 0.0201446 0.00542542 9.44504e-05 0.00532584 5.13161e-06 2.8245e-10 0.00247954 0.0109935 1.6065 1.45114 1.59347 1.62109 1.07239 -1.48874 -0.000563161 0.00133315 0.021536 0 -0.000537949 -0.00194992 0.000523981 -136.453 1 0 0 7.22778e-05 0.000532937 9.11785e-06
11555 125.158 0.0201446 0.00541224 9.38779e-05 0.00531328 5.07283e-06 2.78399e-10 0.00247951 0.0109935 1.60648 1.45114 1.59343 1.62108 1.0724 -1.48925 -0.000563161 0.00133315 0.021536 0 -0.000533991 -0.00193673 0.00052048 -136.5 1 0 0 7.16177e-05 0.000529381 9.01294e-06
11560 125.259 0.0201446 0.00539916 9.33117e-05 0.00530083 5.01503e-06 2.7443e-10 0.00247949 0.0109935 1.60646 1.45114 1.59339 1.62107 1.07241 -1.48975 -0.000563161 0.00133315 0.021536 0 -0.000530081 -0.00192371 0.000517028 -136.547 1 0 0 7.09661e-05 0.000525866 8.90976e-06
11565 125.359 0.0201446 0.00538618 9.27517e-05 0.00528847 4.95818e-06 2.70543e-10 0.00247947 0.0109935 1.60644 1.45114 1.59335 1.62106 1.07242 -1.49025 -0.000563161 0.00133315 0.021536 0 -0.000526219 -0.00191084 0.000513625 -136.593 1 0 0 7.03228e-05 0.00052239 8.80826e-06
11570 125.46 0.0201446 0.00537331 9.21977e-05 0.00527621 4.90225e-06 2.66733e-10 0.00247945 0.0109935 1.60642 1.45114 1.59331 1.62104 1.07243 -1.49075 -0.000563161 0.00133315 0.021536 0 -0.000522405 -0.00189812 0.000510268 -136.638 1 0 0 6.96877e-05 0.000518953 8.70841e-06
11575 125.561 0.0201446 0.00536054 9.16498e-05 0.00526404 4.84724e-06 2.63e-10 0.00247943 0.0109935 1.6064 1.45114 1.59327 1.62103 1.07245 -1.49125 -0.000563161 0.00133315 0.021536 0 -0.000518637 -0.00188555 0.000506958 -136.684 1 0 0 6.90606e-05 0.000515555 8.61018e-06
11580 125.661 0.0201446 0.00534787 9.11078e-05 0.00525197 4.79312e-06 2.59342e-10 0.00247941 0.0109935 1.60638 1.45114 1.59324 1.62102 1.07246 -1.49174 -0.000563161 0.00133315 0.021536 0 -0.000514914 -0.00187313 0.000503693 -136.729 1 0 0 6.84415e-05 0.000512195 8.51353e-06
11585 125.762 0.0201446 0.00533529 9.05716e-05 0.00523998 4.73988e-06 2.55756e-10 0.00247939 0.0109935 1.60636 1.45114 1.5932 1.62101 1.07247 -1.49223 -0.000563161 0.00133315 0.021536 0 -0.000511236 -0.00186086 0.000500472 -136.774 1 0 0 6.78301e-05 0.000508871 8.41843e-06
11590 125.863 0.0201446 0.00532281 9.00411e-05 0.00522808 4.68748e-06 2.52241e-10 0.00247937 0.0109935 1.60634 1.45114 1.59316 1.621 1.07248 -1.49271 -0.000563161 0.00133315 0.021536 0 -0.000507602 -0.00184873 0.000497296 -136.818 1 0 0 6.72264e-05 0.000505585 8.32484e-06
11595 125.964 0.0201446 0.00531043 8.95163e-05 0.00521628 4.63592e-06 2.48795e-10 0.00247935 0.0109935 1.60632 1.45114 1.59313 1.62099 1.07249 -1.4932 -0.000563161 0.00133315 0.021536 0 -0.000504011 -0.00183674 0.000494162 -136.862 1 0 0 6.66303e-05 0.000502335 8.23273e-06
11600 126.064 0.0201446 0.00529814 8.89971e-05 0.00520456 4.58518e-06 2.45417e-10 0.00247933 0.0109935 1.6063 1.45114 1.59309 1.62098 1.0725 -1.49367 -0.000563161 0.00133315 0.021536 0 -0.000500462 -0.00182489 0.00049107 -136.906 1 0 0 6.60416e-05 0.00049912 8.14207e-06
11605 126.165 0.0201446 0.00528595 8.84834e-05 0.00519293 4.53524e-06 2.42104e-10 0.00247931 0.0109935 1.60628 1.45114 1.59305 1.62097 1.07251 -1.49415 -0.000563161 0.00133315 0.021536 0 -0.000496956 -0.00181317 0.000488019 -136.95 1 0 0 6.54601e-05 0.000495941 8.05283e-06
11610 126.266 0.0201446 0.00527384 8.7975e-05 0.00518138 4.48608e-06 2.38855e-10 0.00247929 0.0109935 1.60626 1.45114 1.59302 1.62096 1.07251 -1.49462 -0.000563161 0.00133315 0.021536 0 -0.000493491 -0.00180159 0.000485009 -136.993 1 0 0 6.48859e-05 0.000492795 7.96498e-06
11615 126.367 0.0201446 0.00526183 8.7472e-05 0.00516992 4.43769e-06 2.35668e-10 0.00247927 0.0109935 1.60624 1.45114 1.59298 1.62095 1.07252 -1.49509 -0.000563161 0.00133315 0.021536 0 -0.000490066 -0.00179014 0.000482038 -137.036 1 0 0 6.43187e-05 0.000489684 7.87849e-06
11620 126.467 0.0201446 0.00524991 8.69742e-05 0.00515854 4.39005e-06 2.32543e-10 0.00247925 0.0109935 1.60622 1.45114 1.59294 1.62094 1.07253 -1.49556 -0.000563161 0.00133315 0.021536 0 -0.00048668 -0.00177882 0.000479107 -137.079 1 0 0 6.37584e-05 0.000486606 7.79333e-06
11625 126.568 0.0201446 0.00523807 8.64816e-05 0.00514725 4.34315e-06 2.29477e-10 0.00247923 0.0109935 1.6062 1.45114 1.59291 1.62093 1.07254 -1.49602 -0.000563161 0.00133315 0.021536 0 -0.000483334 -0.00176762 0.000476213 -137.121 1 0 0 6.3205e-05 0.000483562 7.70948e-06
11630 126.669 0.0201446 0.00522633 8.5994e-05 0.00513604 4.29697e-06 2.26468e-10 0.00247922 0.0109935 1.60618 1.45114 1.59287 1.62092 1.07255 -1.49648 -0.000563161 0.00133315 0.021536 0 -0.000480027 -0.00175656 0.000473358 -137.163 1 0 0 6.26584e-05 0.000480549 7.6269e-06
11635 126.769 0.0201446 0.00521467 8.55115e-05 0.00512491 4.2515e-06 2.23517e-10 0.0024792 0.0109935 1.60616 1.45114 1.59284 1.62091 1.07256 -1.49694 -0.000563161 0.00133315 0.021536 0 -0.000476758 -0.00174561 0.000470539 -137.205 1 0 0 6.21183e-05 0.000477569 7.54558e-06
11640 126.87 0.0201446 0.00520309 8.50339e-05 0.00511385 4.20671e-06 2.20621e-10 0.00247918 0.0109935 1.60615 1.45114 1.5928 1.6209 1.07257 -1.49739 -0.000563161 0.00133315 0.021536 0 -0.000473525 -0.00173479 0.000467756 -137.247 1 0 0 6.15848e-05 0.00047462 7.46548e-06
11645 126.971 0.0201446 0.0051916 8.45612e-05 0.00510288 4.16261e-06 2.17778e-10 0.00247916 0.0109935 1.60613 1.45114 1.59277 1.6209 1.07258 -1.49784 -0.000563161 0.00133315 0.021536 0 -0.00047033 -0.00172409 0.000465009 -137.288 1 0 0 6.10577e-05 0.000471702 7.38658e-06
11650 127.072 0.0201446 0.0051802 8.40933e-05 0.00509199 4.11917e-06 2.14988e-10 0.00247914 0.0109935 1.60611 1.45114 1.59273 1.62089 1.07259 -1.49829 -0.000563161 0.00133315 0.021536 0 -0.000467171 -0.0017135 0.000462297 -137.329 1 0 0 6.0537e-05 0.000468814 7.30886e-06
11655 127.172 0.0201446 0.00516887 8.36301e-05 0.00508117 4.07638e-06 2.1225e-10 0.00247912 0.0109935 1.60609 1.45114 1.5927 1.62088 1.0726 -1.49873 -0.000563161 0.00133315 0.021536 0 -0.000464047 -0.00170303 0.000459619 -137.37 1 0 0 6.00224e-05 0.000465957 7.2323e-06
11660 127.273 0.0201446 0.00515763 8.31716e-05 0.00507043 4.03423e-06 2.09562e-10 0.0024791 0.0109935 1.60607 1.45114 1.59266 1.62087 1.07261 -1.49918 -0.000563161 0.00133315 0.021536 0 -0.000460958 -0.00169268 0.000456975 -137.41 1 0 0 5.9514e-05 0.00046313 7.15686e-06
11665 127.374 0.0201446 0.00514647 8.27177e-05 0.00505976 3.99271e-06 2.06922e-10 0.00247909 0.0109935 1.60606 1.45114 1.59263 1.62086 1.07262 -1.49961 -0.000563161 0.00133315 0.021536 0 -0.000457904 -0.00168244 0.000454364 -137.45 1 0 0 5.90117e-05 0.000460331 7.08254e-06
11670 127.475 0.0201446 0.00513539 8.22684e-05 0.00504917 3.95179e-06 2.04331e-10 0.00247907 0.0109935 1.60604 1.45114 1.5926 1.62085 1.07263 -1.50005 -0.000563161 0.00133315 0.021536 0 -0.000454883 -0.0016723 0.000451786 -137.49 1 0 0 5.85153e-05 0.000457562 7.0093e-06
11675 127.575 0.0201446 0.00512439 8.18235e-05 0.00503865 3.91148e-06 2.01786e-10 0.00247905 0.0109935 1.60602 1.45114 1.59256 1.62084 1.07264 -1.50048 -0.000563161 0.00133315 0.021536 0 -0.000451897 -0.00166228 0.000449239 -137.53 1 0 0 5.80247e-05 0.00045482 6.93713e-06
11680 127.676 0.0201446 0.00511346 8.1383e-05 0.00502821 3.87176e-06 1.99287e-10 0.00247903 0.0109935 1.606 1.45114 1.59253 1.62083 1.07265 -1.50092 -0.000563161 0.00133315 0.021536 0 -0.000448943 -0.00165236 0.000446723 -137.57 1 0 0 5.75399e-05 0.000452107 6.86601e-06
11685 127.777 0.0201446 0.00510261 8.09468e-05 0.00501783 3.83262e-06 1.96832e-10 0.00247902 0.0109935 1.60599 1.45114 1.5925 1.62082 1.07266 -1.50134 -0.000563161 0.00133315 0.021536 0 -0.000446021 -0.00164255 0.000444239 -137.609 1 0 0 5.70608e-05 0.000449421 6.79591e-06
11690 127.877 0.0201446 0.00509184 8.0515e-05 0.00500753 3.79405e-06 1.94422e-10 0.002479 0.0109935 1.60597 1.45114 1.59246 1.62081 1.07266 -1.50177 -0.000563161 0.00133315 0.021536 0 -0.000443132 -0.00163285 0.000441784 -137.648 1 0 0 5.65874e-05 0.000446763 6.72682e-06
11695 127.978 0.0201446 0.00508114 8.00874e-05 0.0049973 3.75603e-06 1.92053e-10 0.00247898 0.0109935 1.60595 1.45114 1.59243 1.6208 1.07267 -1.50219 -0.000563161 0.00133315 0.021536 0 -0.000440273 -0.00162325 0.00043936 -137.687 1 0 0 5.61194e-05 0.000444131 6.65871e-06
11700 128.079 0.0201446 0.00507052 7.96639e-05 0.00498714 3.71856e-06 1.89726e-10 0.00247896 0.0109935 1.60593 1.45114 1.5924 1.6208 1.07268 -1.50261 -0.000563161 0.00133315 0.021536 0 -0.000437446 -0.00161374 0.000436964 -137.725 1 0 0 5.56568e-05 0.000441526 6.59157e-06
11705 128.18 0.0201446 0.00505997 7.92446e-05 0.00497705 3.68162e-06 1.8744e-10 0.00247895 0.0109935 1.60592 1.45114 1.59237 1.62079 1.07269 -1.50303 -0.000563161 0.00133315 0.021536 0 -0.00043465 -0.00160434 0.000434597 -137.764 1 0 0 5.51996e-05 0.000438947 6.52538e-06
11710 128.28 0.0201446 0.0050495 7.88293e-05 0.00496702 3.64521e-06 1.85194e-10 0.00247893 0.0109935 1.6059 1.45114 1.59233 1.62078 1.0727 -1.50344 -0.000563161 0.00133315 0.021536 0 -0.000431883 -0.00159503 0.000432259 -137.802 1 0 0 5.47477e-05 0.000436393 6.46013e-06
11715 128.381 0.0201446 0.00503909 7.8418e-05 0.00495706 3.60931e-06 1.82987e-10 0.00247891 0.0109935 1.60588 1.45114 1.5923 1.62077 1.07271 -1.50386 -0.000563161 0.00133315 0.021536 0 -0.000429146 -0.00158583 0.000429948 -137.839 1 0 0 5.4301e-05 0.000433865 6.39578e-06
11720 128.482 0.0201446 0.00502876 7.80107e-05 0.00494717 3.57392e-06 1.80817e-10 0.0024789 0.0109935 1.60587 1.45114 1.59227 1.62076 1.07272 -1.50427 -0.000563161 0.00133315 0.021536 0 -0.000426439 -0.00157671 0.000427664 -137.877 1 0 0 5.38594e-05 0.000431362 6.33234e-06
11725 128.582 0.0201446 0.0050185 7.76072e-05 0.00493735 3.53903e-06 1.78685e-10 0.00247888 0.0109935 1.60585 1.45114 1.59224 1.62075 1.07273 -1.50468 -0.000563161 0.00133315 0.021536 0 -0.00042376 -0.00156769 0.000425407 -137.914 1 0 0 5.34229e-05 0.000428884 6.26978e-06
11730 128.683 0.0201446 0.0050083 7.72076e-05 0.00492759 3.50462e-06 1.76589e-10 0.00247886 0.0109935 1.60583 1.45114 1.59221 1.62074 1.07273 -1.50508 -0.000563161 0.00133315 0.021536 0 -0.000421109 -0.00155877 0.000423176 -137.951 1 0 0 5.29914e-05 0.000426429 6.20808e-06
11735 128.784 0.0201446 0.00499818 7.68118e-05 0.00491789 3.47069e-06 1.74528e-10 0.00247885 0.0109935 1.60582 1.45114 1.59218 1.62074 1.07274 -1.50548 -0.000563161 0.00133315 0.021536 0 -0.000418486 -0.00154993 0.000420971 -137.988 1 0 0 5.25647e-05 0.000423999 6.14723e-06
11740 128.885 0.0201446 0.00498812 7.64197e-05 0.00490826 3.43723e-06 1.72503e-10 0.00247883 0.0109935 1.6058 1.45114 1.59214 1.62073 1.07275 -1.50588 -0.000563161 0.00133315 0.021536 0 -0.000415891 -0.00154118 0.000418792 -138.025 1 0 0 5.21429e-05 0.000421592 6.08721e-06
11745 128.985 0.0201446 0.00497813 7.60313e-05 0.0048987 3.40423e-06 1.70511e-10 0.00247881 0.0109935 1.60578 1.45114 1.59211 1.62072 1.07276 -1.50628 -0.000563161 0.00133315 0.021536 0 -0.000413323 -0.00153253 0.000416638 -138.062 1 0 0 5.17259e-05 0.000419209 6.02801e-06
11750 129.086 0.0201446 0.00496821 7.56466e-05 0.00488919 3.37169e-06 1.68553e-10 0.0024788 0.0109935 1.60577 1.45114 1.59208 1.62071 1.07277 -1.50668 -0.000563161 0.00133315 0.021536 0 -0.000410782 -0.00152395 0.000414508 -138.098 1 0 0 5.13135e-05 0.000416849 5.96962e-06
11755 129.187 0.0201446 0.00495835 7.52655e-05 0.00487975 3.33959e-06 1.66627e-10 0.00247878 0.0109935 1.60575 1.45114 1.59205 1.6207 1.07278 -1.50707 -0.000563161 0.00133315 0.021536 0 -0.000408267 -0.00151547 0.000412402 -138.134 1 0 0 5.09058e-05 0.000414511 5.91202e-06
11760 129.288 0.0201446 0.00494856 7.48879e-05 0.00487036 3.30792e-06 1.64733e-10 0.00247876 0.0109935 1.60574 1.45114 1.59202 1.62069 1.07278 -1.50746 -0.000563161 0.00133315 0.021536 0 -0.000405778 -0.00150707 0.00041032 -138.17 1 0 0 5.05027e-05 0.000412196 5.85519e-06
11765 129.388 0.0201446 0.00493883 7.45138e-05 0.00486104 3.27669e-06 1.6287e-10 0.00247875 0.0109935 1.60572 1.45114 1.59199 1.62069 1.07279 -1.50785 -0.000563161 0.00133315 0.021536 0 -0.000403314 -0.00149875 0.000408262 -138.205 1 0 0 5.0104e-05 0.000409902 5.79912e-06
11770 129.489 0.0201446 0.00492917 7.41431e-05 0.00485178 3.24587e-06 1.61038e-10 0.00247873 0.0109935 1.60571 1.45114 1.59196 1.62068 1.0728 -1.50824 -0.000563161 0.00133315 0.021536 0 -0.000400876 -0.00149052 0.000406226 -138.241 1 0 0 4.97099e-05 0.000407631 5.7438e-06
11775 129.59 0.0201446 0.00491957 7.37759e-05 0.00484258 3.21547e-06 1.59235e-10 0.00247872 0.0109935 1.60569 1.45114 1.59193 1.62067 1.07281 -1.50862 -0.000563161 0.00133315 0.021536 0 -0.000398463 -0.00148236 0.000404213 -138.276 1 0 0 4.932e-05 0.000405381 5.68922e-06
11780 129.69 0.0201446 0.00491003 7.3412e-05 0.00483343 3.18547e-06 1.57462e-10 0.0024787 0.0109935 1.60567 1.45114 1.5919 1.62066 1.07282 -1.509 -0.000563161 0.00133315 0.021536 0 -0.000396075 -0.00147429 0.000402222 -138.311 1 0 0 4.89346e-05 0.000403152 5.63536e-06
11785 129.791 0.0201446 0.00490055 7.30515e-05 0.00482435 3.15588e-06 1.55717e-10 0.00247869 0.0109935 1.60566 1.45114 1.59187 1.62065 1.07282 -1.50938 -0.000563161 0.00133315 0.021536 0 -0.00039371 -0.0014663 0.000400253 -138.346 1 0 0 4.85533e-05 0.000400944 5.58221e-06
11790 129.892 0.0201446 0.00489114 7.26942e-05 0.00481532 3.12667e-06 1.54e-10 0.00247867 0.0109935 1.60564 1.45114 1.59184 1.62065 1.07283 -1.50976 -0.000563161 0.00133315 0.021536 0 -0.00039137 -0.00145838 0.000398306 -138.38 1 0 0 4.81763e-05 0.000398757 5.52976e-06
11795 129.993 0.0201446 0.00488178 7.23402e-05 0.00480635 3.09785e-06 1.52311e-10 0.00247865 0.0109935 1.60563 1.45114 1.59181 1.62064 1.07284 -1.51013 -0.000563161 0.00133315 0.021536 0 -0.000389053 -0.00145054 0.000396379 -138.415 1 0 0 4.78034e-05 0.000396591 5.47799e-06
11800 130.093 0.0201446 0.00487249 7.19893e-05 0.00479743 3.06941e-06 1.50649e-10 0.00247864 0.0109935 1.60561 1.45114 1.59178 1.62063 1.07285 -1.51051 -0.000563161 0.00133315 0.021536 0 -0.000386759 -0.00144277 0.000394474 -138.449 1 0 0 4.74346e-05 0.000394444 5.4269e-06
11805 130.194 0.0201446 0.00486325 7.16417e-05 0.00478857 3.04134e-06 1.49013e-10 0.00247862 0.0109935 1.6056 1.45114 1.59176 1.62062 1.07286 -1.51088 -0.000563161 0.00133315 0.021536 0 -0.000384489 -0.00143508 0.000392589 -138.483 1 0 0 4.70699e-05 0.000392317 5.37647e-06
11810 130.295 0.0201446 0.00485408 7.12971e-05 0.00477976 3.01364e-06 1.47402e-10 0.00247861 0.0109935 1.60558 1.45114 1.59173 1.62061 1.07286 -1.51125 -0.000563161 0.00133315 0.021536 0 -0.00038224 -0.00142747 0.000390724 -138.517 1 0 0 4.67091e-05 0.00039021 5.32669e-06
11815 130.395 0.0201446 0.00484496 7.09556e-05 0.00477101 2.9863e-06 1.45817e-10 0.00247859 0.0109935 1.60557 1.45114 1.5917 1.62061 1.07287 -1.51161 -0.000563161 0.00133315 0.021536 0 -0.000380014 -0.00141992 0.000388879 -138.55 1 0 0 4.63522e-05 0.000388122 5.27755e-06
11820 130.496 0.0201446 0.00483589 7.06172e-05 0.00476232 2.95931e-06 1.44257e-10 0.00247858 0.0109935 1.60555 1.45114 1.59167 1.6206 1.07288 -1.51198 -0.000563161 0.00133315 0.021536 0 -0.000377811 -0.00141245 0.000387054 -138.584 1 0 0 4.59992e-05 0.000386054 5.22905e-06
11825 130.597 0.0201446 0.00482689 7.02817e-05 0.00475368 2.93266e-06 1.42721e-10 0.00247856 0.0109935 1.60554 1.45114 1.59164 1.62059 1.07289 -1.51234 -0.000563161 0.00133315 0.021536 0 -0.000375628 -0.00140505 0.000385247 -138.617 1 0 0 4.56501e-05 0.000384004 5.18116e-06
11830 130.698 0.0201446 0.00481794 6.99493e-05 0.00474509 2.90636e-06 1.41208e-10 0.00247855 0.0109935 1.60552 1.45114 1.59161 1.62058 1.0729 -1.5127 -0.000563161 0.00133315 0.021536 0 -0.000373468 -0.00139772 0.00038346 -138.65 1 0 0 4.53047e-05 0.000381973 5.13388e-06
11835 130.798 0.0201446 0.00480905 6.96197e-05 0.00473655 2.8804e-06 1.39719e-10 0.00247853 0.0109935 1.60551 1.45114 1.59159 1.62058 1.0729 -1.51306 -0.000563161 0.00133315 0.021536 0 -0.000371328 -0.00139045 0.000381691 -138.683 1 0 0 4.4963e-05 0.00037996 5.0872e-06
11840 130.899 0.0201446 0.00480021 6.92931e-05 0.00472806 2.85476e-06 1.38253e-10 0.00247852 0.0109935 1.6055 1.45114 1.59156 1.62057 1.07291 -1.51342 -0.000563161 0.00133315 0.021536 0 -0.000369209 -0.00138326 0.000379941 -138.716 1 0 0 4.4625e-05 0.000377965 5.04111e-06
11845 131 0.0201446 0.00479143 6.89692e-05 0.00471963 2.82945e-06 1.36809e-10 0.00247851 0.0109935 1.60548 1.45114 1.59153 1.62056 1.07292 -1.51377 -0.000563161 0.00133315 0.021536 0 -0.000367111 -0.00137613 0.000378208 -138.748 1 0 0 4.42906e-05 0.000375988 4.99559e-06
11850 131.101 0.0201446 0.0047827 6.86483e-05 0.00471125 2.80446e-06 1.35387e-10 0.00247849 0.0109935 1.60547 1.45114 1.5915 1.62055 1.07293 -1.51413 -0.000563161 0.00133315 0.021536 0 -0.000365033 -0.00136906 0.000376494 -138.78 1 0 0 4.39598e-05 0.000374029 4.95065e-06
11855 131.201 0.0201446 0.00477402 6.83301e-05 0.00470291 2.77978e-06 1.33986e-10 0.00247848 0.0109935 1.60545 1.45114 1.59147 1.62055 1.07293 -1.51448 -0.000563161 0.00133315 0.021536 0 -0.000362975 -0.00136207 0.000374796 -138.813 1 0 0 4.36325e-05 0.000372088 4.90627e-06
11860 131.302 0.0201446 0.0047654 6.80146e-05 0.00469463 2.75542e-06 1.32607e-10 0.00247846 0.0109935 1.60544 1.45114 1.59145 1.62054 1.07294 -1.51483 -0.000563161 0.00133315 0.021536 0 -0.000360937 -0.00135513 0.000373116 -138.845 1 0 0 4.33086e-05 0.000370164 4.86244e-06
11865 131.403 0.0201446 0.00475683 6.77019e-05 0.0046864 2.73135e-06 1.31248e-10 0.00247845 0.0109935 1.60542 1.45114 1.59142 1.62053 1.07295 -1.51517 -0.000563161 0.00133315 0.021536 0 -0.000358919 -0.00134826 0.000371453 -138.876 1 0 0 4.29883e-05 0.000368257 4.81916e-06
11870 131.503 0.0201446 0.00474831 6.73918e-05 0.00467821 2.70759e-06 1.29909e-10 0.00247843 0.0109935 1.60541 1.45114 1.59139 1.62053 1.07296 -1.51552 -0.000563161 0.00133315 0.021536 0 -0.000356919 -0.00134146 0.000369807 -138.908 1 0 0 4.26713e-05 0.000366366 4.7764e-06
11875 131.604 0.0201446 0.00473984 6.70844e-05 0.00467008 2.68412e-06 1.2859e-10 0.00247842 0.0109935 1.6054 1.45114 1.59137 1.62052 1.07296 -1.51586 -0.000563161 0.00133315 0.021536 0 -0.000354939 -0.00133471 0.000368176 -138.94 1 0 0 4.23576e-05 0.000364492 4.73418e-06
11880 131.705 0.0201446 0.00473143 6.67797e-05 0.00466199 2.66094e-06 1.27291e-10 0.00247841 0.0109935 1.60538 1.45114 1.59134 1.62051 1.07297 -1.5162 -0.000563161 0.00133315 0.021536 0 -0.000352977 -0.00132802 0.000366563 -138.971 1 0 0 4.20472e-05 0.000362635 4.69247e-06
11885 131.806 0.0201446 0.00472306 6.64775e-05 0.00465395 2.63804e-06 1.2601e-10 0.00247839 0.0109935 1.60537 1.45114 1.59131 1.6205 1.07298 -1.51654 -0.000563161 0.00133315 0.021536 0 -0.000351034 -0.0013214 0.000364965 -139.002 1 0 0 4.17402e-05 0.000360794 4.65127e-06
11890 131.906 0.0201446 0.00471475 6.61778e-05 0.00464595 2.61542e-06 1.24749e-10 0.00247838 0.0109935 1.60536 1.45114 1.59129 1.6205 1.07299 -1.51688 -0.000563161 0.00133315 0.021536 0 -0.000349109 -0.00131483 0.000363382 -139.033 1 0 0 4.14363e-05 0.000358969 4.61057e-06
11895 132.007 0.0201446 0.00470648 6.58807e-05 0.00463801 2.59308e-06 1.23505e-10 0.00247836 0.0109935 1.60534 1.45114 1.59126 1.62049 1.07299 -1.51722 -0.000563161 0.00133315 0.021536 0 -0.000347203 -0.00130833 0.000361815 -139.064 1 0 0 4.11356e-05 0.00035716 4.57037e-06
11900 132.108 0.0201446 0.00469826 6.55861e-05 0.00463011 2.57101e-06 1.2228e-10 0.00247835 0.0109935 1.60533 1.45114 1.59123 1.62048 1.073 -1.51755 -0.000563161 0.00133315 0.021536 0 -0.000345314 -0.00130188 0.000360264 -139.095 1 0 0 4.0838e-05 0.000355366 4.53065e-06
11905 132.208 0.0201446 0.0046901 6.5294e-05 0.00462225 2.54921e-06 1.21073e-10 0.00247834 0.0109935 1.60532 1.45114 1.59121 1.62048 1.07301 -1.51788 -0.000563161 0.00133315 0.021536 0 -0.000343442 -0.00129549 0.000358727 -139.125 1 0 0 4.05435e-05 0.000353588 4.49141e-06
11910 132.309 0.0201446 0.00468197 6.50043e-05 0.00461444 2.52767e-06 1.19882e-10 0.00247832 0.0109935 1.6053 1.45114 1.59118 1.62047 1.07302 -1.51822 -0.000563161 0.00133315 0.021536 0 -0.000341588 -0.00128915 0.000357205 -139.155 1 0 0 4.02521e-05 0.000351826 4.45264e-06
11915 132.41 0.0201446 0.0046739 6.4717e-05 0.00460668 2.50639e-06 1.18709e-10 0.00247831 0.0109935 1.60529 1.45114 1.59116 1.62046 1.07302 -1.51854 -0.000563161 0.00133315 0.021536 0 -0.000339752 -0.00128287 0.000355698 -139.186 1 0 0 3.99637e-05 0.000350078 4.41433e-06
11920 132.511 0.0201446 0.00466588 6.44321e-05 0.00459896 2.48537e-06 1.17553e-10 0.0024783 0.0109935 1.60528 1.45114 1.59113 1.62046 1.07303 -1.51887 -0.000563161 0.00133315 0.021536 0 -0.000337932 -0.00127665 0.000354205 -139.216 1 0 0 3.96783e-05 0.000348345 4.37649e-06
11925 132.611 0.0201446 0.0046579 6.41496e-05 0.00459128 2.46459e-06 1.16412e-10 0.00247828 0.0109935 1.60526 1.45114 1.5911 1.62045 1.07304 -1.5192 -0.000563161 0.00133315 0.021536 0 -0.000336129 -0.00127048 0.000352726 -139.245 1 0 0 3.93958e-05 0.000346627 4.33909e-06
11930 132.712 0.0201446 0.00464996 6.38694e-05 0.00458365 2.44407e-06 1.15288e-10 0.00247827 0.0109935 1.60525 1.45114 1.59108 1.62044 1.07304 -1.51952 -0.000563161 0.00133315 0.021536 0 -0.000334342 -0.00126436 0.000351261 -139.275 1 0 0 3.91162e-05 0.000344924 4.30213e-06
11935 132.813 0.0201446 0.00464208 6.35914e-05 0.00457606 2.42378e-06 1.1418e-10 0.00247826 0.0109935 1.60524 1.45114 1.59105 1.62044 1.07305 -1.51984 -0.000563161 0.00133315 0.021536 0 -0.000332572 -0.0012583 0.00034981 -139.305 1 0 0 3.88395e-05 0.000343235 4.26561e-06
11940 132.914 0.0201446 0.00463424 6.33158e-05 0.00456852 2.40374e-06 1.13087e-10 0.00247824 0.0109935 1.60522 1.45114 1.59103 1.62043 1.07306 -1.52017 -0.000563161 0.00133315 0.021536 0 -0.000330817 -0.00125229 0.000348372 -139.334 1 0 0 3.85656e-05 0.00034156 4.22952e-06
11945 133.014 0.0201446 0.00462644 6.30424e-05 0.00456101 2.38393e-06 1.1201e-10 0.00247823 0.0109935 1.60521 1.45114 1.591 1.62042 1.07306 -1.52048 -0.000563161 0.00133315 0.021536 0 -0.000329079 -0.00124633 0.000346948 -139.363 1 0 0 3.82946e-05 0.000339899 4.19385e-06
11950 133.115 0.0201446 0.00461869 6.27712e-05 0.00455355 2.36436e-06 1.10947e-10 0.00247822 0.0109935 1.6052 1.45114 1.59098 1.62042 1.07307 -1.5208 -0.000563161 0.00133315 0.021536 0 -0.000327357 -0.00124042 0.000345536 -139.393 1 0 0 3.80262e-05 0.000338252 4.1586e-06
11955 133.216 0.0201446 0.00461098 6.25023e-05 0.00454613 2.34501e-06 1.09899e-10 0.0024782 0.0109935 1.60518 1.45114 1.59095 1.62041 1.07308 -1.52112 -0.000563161 0.00133315 0.021536 0 -0.00032565 -0.00123456 0.000344138 -139.421 1 0 0 3.77606e-05 0.000336619 4.12376e-06
11960 133.316 0.0201446 0.00460332 6.22354e-05 0.00453875 2.32589e-06 1.08866e-10 0.00247819 0.0109935 1.60517 1.45114 1.59093 1.6204 1.07309 -1.52143 -0.000563161 0.00133315 0.021536 0 -0.000323958 -0.00122875 0.000342752 -139.45 1 0 0 3.74977e-05 0.000335 4.08933e-06
11965 133.417 0.0201446 0.00459569 6.19708e-05 0.00453142 2.30699e-06 1.07847e-10 0.00247818 0.0109935 1.60516 1.45114 1.5909 1.6204 1.07309 -1.52175 -0.000563161 0.00133315 0.021536 0 -0.000322281 -0.00122299 0.000341379 -139.479 1 0 0 3.72375e-05 0.000333394 4.05529e-06
11970 133.518 0.0201446 0.00458812 6.17083e-05 0.00452412 2.28831e-06 1.06841e-10 0.00247817 0.0109935 1.60515 1.45114 1.59088 1.62039 1.0731 -1.52206 -0.000563161 0.00133315 0.021536 0 -0.00032062 -0.00121728 0.000340019 -139.508 1 0 0 3.69799e-05 0.000331801 4.02165e-06
11975 133.619 0.0201446 0.00458058 6.14478e-05 0.00451686 2.26984e-06 1.05849e-10 0.00247815 0.0109935 1.60513 1.45114 1.59085 1.62038 1.07311 -1.52237 -0.000563161 0.00133315 0.021536 0 -0.000318973 -0.00121162 0.00033867 -139.536 1 0 0 3.67249e-05 0.000330221 3.9884e-06
11980 133.719 0.0201446 0.00457309 6.11895e-05 0.00450965 2.25159e-06 1.04871e-10 0.00247814 0.0109935 1.60512 1.45114 1.59083 1.62038 1.07311 -1.52268 -0.000563161 0.00133315 0.021536 0 -0.000317341 -0.001206 0.000337334 -139.564 1 0 0 3.64724e-05 0.000328654 3.95552e-06
11985 133.82 0.0201446 0.00456564 6.09331e-05 0.00450247 2.23355e-06 1.03906e-10 0.00247813 0.0109935 1.60511 1.45114 1.59081 1.62037 1.07312 -1.52298 -0.000563161 0.00133315 0.021536 0 -0.000315723 -0.00120043 0.000336009 -139.592 1 0 0 3.62225e-05 0.0003271 3.92302e-06
11990 133.921 0.0201446 0.00455823 6.06789e-05 0.00449533 2.21571e-06 1.02954e-10 0.00247812 0.0109935 1.6051 1.45114 1.59078 1.62036 1.07313 -1.52329 -0.000563161 0.00133315 0.021536 0 -0.000314119 -0.00119491 0.000334696 -139.62 1 0 0 3.5975e-05 0.000325559 3.8909e-06
11995 134.021 0.0201446 0.00455086 6.04266e-05 0.00448823 2.19807e-06 1.02014e-10 0.0024781 0.0109935 1.60508 1.45114 1.59076 1.62036 1.07313 -1.52359 -0.000563161 0.00133315 0.021536 0 -0.00031253 -0.00118943 0.000333395 -139.648 1 0 0 3.57301e-05 0.00032403 3.85914e-06
12000 134.122 0.0201446 0.00454353 6.01763e-05 0.00448117 2.18064e-06 1.01087e-10 0.00247809 0.0109935 1.60507 1.45114 1.59073 1.62035 1.07314 -1.52389 -0.000563161 0.00133315 0.021536 0 -0.000310954 -0.001184 0.000332105 -139.676 1 0 0 3.54876e-05 0.000322514 3.82773e-06
12005 134.223 0.0201446 0.00453624 5.9928e-05 0.00447415 2.1634e-06 1.00172e-10 0.00247808 0.0109935 1.60506 1.45114 1.59071 1.62035 1.07315 -1.52419 -0.000563161 0.00133315 0.021536 0 -0.000309393 -0.00117861 0.000330827 -139.703 1 0 0 3.52475e-05 0.00032101 3.79669e-06
12010 134.324 0.0201446 0.004529 5.96816e-05 0.00446717 2.14636e-06 9.92696e-11 0.00247807 0.0109935 1.60505 1.45114 1.59069 1.62034 1.07315 -1.52449 -0.000563161 0.00133315 0.021536 0 -0.000307844 -0.00117327 0.000329559 -139.731 1 0 0 3.50097e-05 0.000319518 3.76599e-06
12015 134.424 0.0201446 0.00452179 5.94371e-05 0.00446022 2.12951e-06 9.83787e-11 0.00247805 0.0109935 1.60504 1.45114 1.59066 1.62033 1.07316 -1.52479 -0.000563161 0.00133315 0.021536 0 -0.00030631 -0.00116797 0.000328302 -139.758 1 0 0 3.47744e-05 0.000318038 3.73564e-06
12020 134.525 0.0201446 0.00451462 5.91945e-05 0.00445331 2.11284e-06 9.74996e-11 0.00247804 0.0109935 1.60502 1.45114 1.59064 1.62033 1.07317 -1.52509 -0.000563161 0.00133315 0.021536 0 -0.000304788 -0.00116272 0.000327056 -139.785 1 0 0 3.45413e-05 0.00031657 3.70563e-06
12025 134.626 0.0201446 0.00450749 5.89538e-05 0.00444644 2.09637e-06 9.66319e-11 0.00247803 0.0109935 1.60501 1.45114 1.59062 1.62032 1.07317 -1.52538 -0.000563161 0.00133315 0.021536 0 -0.00030328 -0.0011575 0.000325821 -139.812 1 0 0 3.43106e-05 0.000315113 3.67595e-06
12030 134.727 0.0201446 0.0045004 5.8715e-05 0.0044396 2.08007e-06 9.57754e-11 0.00247802 0.0109935 1.605 1.45114 1.59059 1.62032 1.07318 -1.52568 -0.000563161 0.00133315 0.021536 0 -0.000301785 -0.00115233 0.000324596 -139.839 1 0 0 3.40821e-05 0.000313668 3.6466e-06
12035 134.827 0.0201446 0.00449335 5.8478e-05 0.0044328 2.06396e-06 9.49301e-11 0.00247801 0.0109935 1.60499 1.45114 1.59057 1.62031 1.07319 -1.52597 -0.000563161 0.00133315 0.021536 0 -0.000300302 -0.0011472 0.000323382 -139.866 1 0 0 3.38559e-05 0.000312235 3.61758e-06
12040 134.928 0.0201446 0.00448633 5.82428e-05 0.00442604 2.04803e-06 9.40956e-11 0.00247799 0.0109935 1.60498 1.45114 1.59055 1.6203 1.07319 -1.52626 -0.000563161 0.00133315 0.021536 0 -0.000298832 -0.00114211 0.000322178 -139.893 1 0 0 3.36319e-05 0.000310813 3.58889e-06
12045 135.029 0.0201446 0.00447935 5.80094e-05 0.00441931 2.03227e-06 9.32718e-11 0.00247798 0.0109935 1.60497 1.45114 1.59052 1.6203 1.0732 -1.52655 -0.000563161 0.00133315 0.021536 0 -0.000297375 -0.00113706 0.000320984 -139.919 1 0 0 3.341e-05 0.000309402 3.5605e-06
12050 135.129 0.0201446 0.00447241 5.77778e-05 0.00441262 2.01668e-06 9.24586e-11 0.00247797 0.0109935 1.60495 1.45114 1.5905 1.62029 1.07321 -1.52684 -0.000563161 0.00133315 0.021536 0 -0.00029593 -0.00113205 0.000319799 -139.946 1 0 0 3.31904e-05 0.000308002 3.53244e-06
12055 135.23 0.0201446 0.00446551 5.7548e-05 0.00440596 2.00127e-06 9.16557e-11 0.00247796 0.0109935 1.60494 1.45114 1.59048 1.62029 1.07321 -1.52712 -0.000563161 0.00133315 0.021536 0 -0.000294497 -0.00112709 0.000318625 -139.972 1 0 0 3.29729e-05 0.000306613 3.50468e-06
12060 135.331 0.0201446 0.00445864 5.73199e-05 0.00439934 1.98602e-06 9.0863e-11 0.00247795 0.0109935 1.60493 1.45114 1.59046 1.62028 1.07322 -1.52741 -0.000563161 0.00133315 0.021536 0 -0.000293076 -0.00112216 0.00031746 -139.998 1 0 0 3.27574e-05 0.000305235 3.47722e-06
12065 135.432 0.0201446 0.00445181 5.70935e-05 0.00439275 1.97094e-06 9.00803e-11 0.00247794 0.0109935 1.60492 1.45114 1.59043 1.62027 1.07322 -1.52769 -0.000563161 0.00133315 0.021536 0 -0.000291668 -0.00111727 0.000316305 -140.024 1 0 0 3.25441e-05 0.000303868 3.45006e-06
12070 135.532 0.0201446 0.00444502 5.68688e-05 0.00438619 1.95603e-06 8.93074e-11 0.00247792 0.0109935 1.60491 1.45114 1.59041 1.62027 1.07323 -1.52797 -0.000563161 0.00133315 0.021536 0 -0.000290271 -0.00111241 0.000315159 -140.05 1 0 0 3.23329e-05 0.000302511 3.4232e-06
12075 135.633 0.0201446 0.00443826 5.66458e-05 0.00437967 1.94128e-06 8.85442e-11 0.00247791 0.0109935 1.6049 1.45114 1.59039 1.62026 1.07324 -1.52826 -0.000563161 0.00133315 0.021536 0 -0.000288885 -0.0011076 0.000314023 -140.076 1 0 0 3.21236e-05 0.000301165 3.39664e-06
12080 135.734 0.0201446 0.00443154 5.64245e-05 0.00437319 1.92668e-06 8.77906e-11 0.0024779 0.0109935 1.60489 1.45114 1.59037 1.62026 1.07324 -1.52854 -0.000563161 0.00133315 0.021536 0 -0.000287512 -0.00110282 0.000312896 -140.101 1 0 0 3.19164e-05 0.00029983 3.37036e-06
12085 135.834 0.0201446 0.00442485 5.62048e-05 0.00436673 1.91224e-06 8.70463e-11 0.00247789 0.0109935 1.60487 1.45114 1.59034 1.62025 1.07325 -1.52881 -0.000563161 0.00133315 0.021536 0 -0.000286149 -0.00109808 0.000311778 -140.127 1 0 0 3.17112e-05 0.000298504 3.34436e-06
12090 135.935 0.0201446 0.0044182 5.59867e-05 0.00436031 1.89796e-06 8.63113e-11 0.00247788 0.0109935 1.60486 1.45114 1.59032 1.62024 1.07326 -1.52909 -0.000563161 0.00133315 0.021536 0 -0.000284799 -0.00109338 0.000310668 -140.152 1 0 0 3.1508e-05 0.000297189 3.31865e-06
12095 136.036 0.0201446 0.00441158 5.57703e-05 0.00435392 1.88383e-06 8.55853e-11 0.00247787 0.0109935 1.60485 1.45114 1.5903 1.62024 1.07326 -1.52937 -0.000563161 0.00133315 0.021536 0 -0.000283459 -0.00108871 0.000309568 -140.178 1 0 0 3.13067e-05 0.000295884 3.29321e-06
12100 136.137 0.0201446 0.00440499 5.55554e-05 0.00434757 1.86986e-06 8.48683e-11 0.00247786 0.0109935 1.60484 1.45114 1.59028 1.62023 1.07327 -1.52964 -0.000563161 0.00133315 0.021536 0 -0.00028213 -0.00108408 0.000308476 -140.203 1 0 0 3.11073e-05 0.000294588 3.26804e-06
12105 136.237 0.0201446 0.00439844 5.53422e-05 0.00434125 1.85603e-06 8.41601e-11 0.00247785 0.0109935 1.60483 1.45114 1.59026 1.62023 1.07327 -1.52992 -0.000563161 0.00133315 0.021536 0 -0.000280812 -0.00107949 0.000307393 -140.228 1 0 0 3.09099e-05 0.000293303 3.24314e-06
12110 136.338 0.0201446 0.00439193 5.51305e-05 0.00433495 1.84234e-06 8.34605e-11 0.00247783 0.0109935 1.60482 1.45114 1.59024 1.62022 1.07328 -1.53019 -0.000563161 0.00133315 0.021536 0 -0.000279505 -0.00107492 0.000306319 -140.253 1 0 0 3.07143e-05 0.000292027 3.21851e-06
12115 136.439 0.0201446 0.00438544 5.49204e-05 0.0043287 1.82881e-06 8.27694e-11 0.00247782 0.0109935 1.60481 1.45114 1.59021 1.62022 1.07329 -1.53046 -0.000563161 0.00133315 0.021536 0 -0.000278209 -0.0010704 0.000305252 -140.278 1 0 0 3.05205e-05 0.000290761 3.19415e-06
12120 136.54 0.0201446 0.00437899 5.47117e-05 0.00432247 1.81541e-06 8.20866e-11 0.00247781 0.0109935 1.6048 1.45114 1.59019 1.62021 1.07329 -1.53073 -0.000563161 0.00133315 0.021536 0 -0.000276923 -0.00106591 0.000304194 -140.302 1 0 0 3.03286e-05 0.000289505 3.17004e-06
12125 136.64 0.0201446 0.00437258 5.45047e-05 0.00431627 1.80216e-06 8.14122e-11 0.0024778 0.0109935 1.60479 1.45114 1.59017 1.62021 1.0733 -1.531 -0.000563161 0.00133315 0.021536 0 -0.000275648 -0.00106145 0.000303145 -140.327 1 0 0 3.01386e-05 0.000288257 3.14618e-06
12130 136.741 0.0201446 0.00436619 5.42991e-05 0.0043101 1.78905e-06 8.07458e-11 0.00247779 0.0109935 1.60478 1.45114 1.59015 1.6202 1.07331 -1.53127 -0.000563161 0.00133315 0.021536 0 -0.000274383 -0.00105702 0.000302103 -140.352 1 0 0 2.99503e-05 0.00028702 3.12258e-06
12135 136.842 0.0201446 0.00435984 5.4095e-05 0.00430397 1.77607e-06 8.00874e-11 0.00247778 0.0109935 1.60477 1.45114 1.59013 1.62019 1.07331 -1.53153 -0.000563161 0.00133315 0.021536 0 -0.000273128 -0.00105263 0.000301069 -140.376 1 0 0 2.97638e-05 0.000285791 3.09923e-06
12140 136.942 0.0201446 0.00435352 5.38923e-05 0.00429786 1.76323e-06 7.94369e-11 0.00247777 0.0109935 1.60475 1.45114 1.59011 1.62019 1.07332 -1.5318 -0.000563161 0.00133315 0.021536 0 -0.000271883 -0.00104828 0.000300044 -140.4 1 0 0 2.9579e-05 0.000284572 3.07612e-06
12145 137.043 0.0201446 0.00434723 5.36912e-05 0.00429179 1.75052e-06 7.87942e-11 0.00247776 0.0109935 1.60474 1.45114 1.59009 1.62018 1.07332 -1.53206 -0.000563161 0.00133315 0.021536 0 -0.000270648 -0.00104395 0.000299026 -140.425 1 0 0 2.9396e-05 0.000283362 3.05325e-06
12150 137.144 0.0201446 0.00434098 5.34914e-05 0.00428575 1.73795e-06 7.8159e-11 0.00247775 0.0109935 1.60473 1.45114 1.59007 1.62018 1.07333 -1.53233 -0.000563161 0.00133315 0.021536 0 -0.000269424 -0.00103966 0.000298015 -140.449 1 0 0 2.92147e-05 0.00028216 3.03063e-06
12155 137.245 0.0201446 0.00433475 5.32931e-05 0.00427973 1.7255e-06 7.75314e-11 0.00247774 0.0109935 1.60472 1.45114 1.59004 1.62017 1.07334 -1.53259 -0.000563161 0.00133315 0.021536 0 -0.000268208 -0.00103539 0.000297013 -140.473 1 0 0 2.90351e-05 0.000280968 3.00824e-06
12160 137.345 0.0201446 0.00432856 5.30962e-05 0.00427375 1.71319e-06 7.69111e-11 0.00247773 0.0109935 1.60471 1.45114 1.59002 1.62017 1.07334 -1.53285 -0.000563161 0.00133315 0.021536 0 -0.000267003 -0.00103116 0.000296017 -140.497 1 0 0 2.88572e-05 0.000279784 2.98608e-06
12165 137.446 0.0201446 0.00432239 5.29007e-05 0.00426779 1.701e-06 7.62981e-11 0.00247772 0.0109935 1.6047 1.45114 1.59 1.62016 1.07335 -1.53311 -0.000563161 0.00133315 0.021536 0 -0.000265807 -0.00102696 0.00029503 -140.52 1 0 0 2.86809e-05 0.000278609 2.96415e-06
12170 137.547 0.0201446 0.00431626 5.27066e-05 0.00426186 1.68893e-06 7.56923e-11 0.0024777 0.0109935 1.60469 1.45114 1.58998 1.62016 1.07335 -1.53336 -0.000563161 0.00133315 0.021536 0 -0.000264621 -0.0010228 0.000294049 -140.544 1 0 0 2.85063e-05 0.000277443 2.94245e-06
12175 137.648 0.0201446 0.00431016 5.25139e-05 0.00425596 1.67699e-06 7.50936e-11 0.00247769 0.0109935 1.60468 1.45114 1.58996 1.62015 1.07336 -1.53362 -0.000563161 0.00133315 0.021536 0 -0.000263444 -0.00101866 0.000293076 -140.568 1 0 0 2.83333e-05 0.000276285 2.92098e-06
12180 137.748 0.0201446 0.00430408 5.23225e-05 0.0042501 1.66518e-06 7.45018e-11 0.00247768 0.0109935 1.60467 1.45114 1.58994 1.62015 1.07337 -1.53388 -0.000563161 0.00133315 0.021536 0 -0.000262276 -0.00101455 0.00029211 -140.591 1 0 0 2.81619e-05 0.000275136 2.89973e-06
12185 137.849 0.0201446 0.00429804 5.21325e-05 0.00424425 1.65348e-06 7.39168e-11 0.00247767 0.0109935 1.60466 1.45114 1.58992 1.62014 1.07337 -1.53413 -0.000563161 0.00133315 0.021536 0 -0.000261118 -0.00101047 0.000291151 -140.614 1 0 0 2.7992e-05 0.000273995 2.87869e-06
12190 137.95 0.0201446 0.00429203 5.19438e-05 0.00423844 1.6419e-06 7.33386e-11 0.00247766 0.0109935 1.60465 1.45114 1.5899 1.62014 1.07338 -1.53439 -0.000563161 0.00133315 0.021536 0 -0.000259968 -0.00100642 0.000290199 -140.638 1 0 0 2.78238e-05 0.000272862 2.85787e-06
12195 138.05 0.0201446 0.00428604 5.17564e-05 0.00423266 1.63044e-06 7.2767e-11 0.00247765 0.0109935 1.60464 1.45114 1.58988 1.62013 1.07338 -1.53464 -0.000563161 0.00133315 0.021536 0 -0.000258828 -0.0010024 0.000289254 -140.661 1 0 0 2.76571e-05 0.000271737 2.83727e-06
12200 138.151 0.0201446 0.00428009 5.15703e-05 0.0042269 1.6191e-06 7.2202e-11 0.00247764 0.0109935 1.60463 1.45114 1.58986 1.62012 1.07339 -1.53489 -0.000563161 0.00133315 0.021536 0 -0.000257696 -0.000998411 0.000288316 -140.684 1 0 0 2.74919e-05 0.000270621 2.81687e-06
12205 138.252 0.0201446 0.00427416 5.13855e-05 0.00422117 1.60787e-06 7.16434e-11 0.00247763 0.0109935 1.60462 1.45114 1.58984 1.62012 1.07339 -1.53514 -0.000563161 0.00133315 0.021536 0 -0.000256573 -0.000994448 0.000287384 -140.707 1 0 0 2.73282e-05 0.000269512 2.79669e-06
12210 138.353 0.0201446 0.00426827 5.1202e-05 0.00421547 1.59675e-06 7.10912e-11 0.00247762 0.0109935 1.60461 1.45114 1.58982 1.62011 1.0734 -1.53539 -0.000563161 0.00133315 0.021536 0 -0.000255459 -0.000990514 0.000286459 -140.73 1 0 0 2.71661e-05 0.000268412 2.7767e-06
12215 138.453 0.0201446 0.0042624 5.10197e-05 0.00420979 1.58575e-06 7.05453e-11 0.00247761 0.0109935 1.6046 1.45114 1.5898 1.62011 1.07341 -1.53564 -0.000563161 0.00133315 0.021536 0 -0.000254354 -0.000986608 0.000285541 -140.752 1 0 0 2.70054e-05 0.000267319 2.75693e-06
12220 138.554 0.0201446 0.00425656 5.08387e-05 0.00420414 1.57485e-06 7.00055e-11 0.0024776 0.0109935 1.60459 1.45114 1.58978 1.6201 1.07341 -1.53589 -0.000563161 0.00133315 0.021536 0 -0.000253256 -0.00098273 0.000284629 -140.775 1 0 0 2.68462e-05 0.000266234 2.73735e-06
12225 138.655 0.0201446 0.00425075 5.0659e-05 0.00419852 1.56407e-06 6.94718e-11 0.00247759 0.0109935 1.60458 1.45114 1.58976 1.6201 1.07342 -1.53613 -0.000563161 0.00133315 0.021536 0 -0.000252168 -0.000978879 0.000283724 -140.798 1 0 0 2.66884e-05 0.000265157 2.71797e-06
12230 138.755 0.0201446 0.00424496 5.04805e-05 0.00419293 1.55339e-06 6.8944e-11 0.00247758 0.0109935 1.60457 1.45114 1.58974 1.62009 1.07342 -1.53638 -0.000563161 0.00133315 0.021536 0 -0.000251088 -0.000975055 0.000282825 -140.82 1 0 0 2.65321e-05 0.000264087 2.69878e-06
12235 138.856 0.0201446 0.0042392 5.03031e-05 0.00418736 1.54282e-06 6.84222e-11 0.00247757 0.0109935 1.60456 1.45114 1.58972 1.62009 1.07343 -1.53662 -0.000563161 0.00133315 0.021536 0 -0.000250016 -0.000971258 0.000281932 -140.842 1 0 0 2.63772e-05 0.000263025 2.67979e-06
12240 138.957 0.0201446 0.00423347 5.0127e-05 0.00418182 1.53235e-06 6.79062e-11 0.00247756 0.0109935 1.60455 1.45114 1.5897 1.62008 1.07343 -1.53687 -0.000563161 0.00133315 0.021536 0 -0.000248952 -0.000967488 0.000281046 -140.865 1 0 0 2.62237e-05 0.000261971 2.66099e-06
12245 139.058 0.0201446 0.00422777 4.99521e-05 0.0041763 1.52199e-06 6.73959e-11 0.00247755 0.0109935 1.60454 1.45114 1.58968 1.62008 1.07344 -1.53711 -0.000563161 0.00133315 0.021536 0 -0.000247896 -0.000963743 0.000280165 -140.887 1 0 0 2.60716e-05 0.000260924 2.64238e-06
12250 139.158 0.0201446 0.0042221 4.97784e-05 0.00417081 1.51173e-06 6.68913e-11 0.00247754 0.0109935 1.60453 1.45114 1.58966 1.62007 1.07345 -1.53735 -0.000563161 0.00133315 0.021536 0 -0.000246848 -0.000960025 0.000279291 -140.909 1 0 0 2.59209e-05 0.000259884 2.62395e-06
12255 139.259 0.0201446 0.00421645 4.96059e-05 0.00416534 1.50157e-06 6.63923e-11 0.00247753 0.0109935 1.60452 1.45114 1.58964 1.62007 1.07345 -1.53759 -0.000563161 0.00133315 0.021536 0 -0.000245808 -0.000956333 0.000278423 -140.931 1 0 0 2.57715e-05 0.000258852 2.60571e-06
12260 139.36 0.0201446 0.00421083 4.94345e-05 0.0041599 1.49151e-06 6.58987e-11 0.00247752 0.0109935 1.60451 1.45114 1.58962 1.62006 1.07346 -1.53783 -0.000563161 0.00133315 0.021536 0 -0.000244776 -0.000952666 0.000277561 -140.953 1 0 0 2.56234e-05 0.000257826 2.58765e-06
12265 139.461 0.0201446 0.00420523 4.92642e-05 0.00415449 1.48155e-06 6.54105e-11 0.00247751 0.0109935 1.6045 1.45114 1.58961 1.62006 1.07346 -1.53807 -0.000563161 0.00133315 0.021536 0 -0.000243752 -0.000949025 0.000276704 -140.975 1 0 0 2.54767e-05 0.000256808 2.56977e-06
12270 139.561 0.0201446 0.00419966 4.90951e-05 0.0041491 1.47168e-06 6.49277e-11 0.0024775 0.0109935 1.60449 1.45114 1.58959 1.62005 1.07347 -1.5383 -0.000563161 0.00133315 0.021536 0 -0.000242735 -0.000945408 0.000275854 -140.997 1 0 0 2.53313e-05 0.000255797 2.55207e-06
12275 139.662 0.0201446 0.00419412 4.89272e-05 0.00414373 1.46192e-06 6.44502e-11 0.00247749 0.0109935 1.60448 1.45114 1.58957 1.62005 1.07347 -1.53854 -0.000563161 0.00133315 0.021536 0 -0.000241726 -0.000941816 0.000275009 -141.018 1 0 0 2.51872e-05 0.000254793 2.53454e-06
12280 139.763 0.0201446 0.0041886 4.87603e-05 0.00413839 1.45224e-06 6.39778e-11 0.00247749 0.0109935 1.60448 1.45114 1.58955 1.62004 1.07348 -1.53877 -0.000563161 0.00133315 0.021536 0 -0.000240725 -0.000938249 0.00027417 -141.04 1 0 0 2.50444e-05 0.000253796 2.51718e-06
12285 139.863 0.0201446 0.00418311 4.85946e-05 0.00413307 1.44267e-06 6.35106e-11 0.00247748 0.0109935 1.60447 1.45114 1.58953 1.62004 1.07348 -1.53901 -0.000563161 0.00133315 0.021536 0 -0.00023973 -0.000934706 0.000273336 -141.061 1 0 0 2.49029e-05 0.000252805 2.5e-06
12290 139.964 0.0201446 0.00417764 4.84299e-05 0.00412778 1.43318e-06 6.30484e-11 0.00247747 0.0109935 1.60446 1.45114 1.58951 1.62004 1.07349 -1.53924 -0.000563161 0.00133315 0.021536 0 -0.000238744 -0.000931187 0.000272508 -141.083 1 0 0 2.47626e-05 0.000251822 2.48298e-06
12295 140.065 0.0201446 0.0041722 4.82663e-05 0.00412251 1.42379e-06 6.25911e-11 0.00247746 0.0109935 1.60445 1.45114 1.58949 1.62003 1.0735 -1.53947 -0.000563161 0.00133315 0.021536 0 -0.000237764 -0.000927692 0.000271686 -141.104 1 0 0 2.46236e-05 0.000250845 2.46613e-06
12300 140.166 0.0201446 0.00416679 4.81038e-05 0.00411727 1.41449e-06 6.21388e-11 0.00247745 0.0109935 1.60444 1.45114 1.58947 1.62003 1.0735 -1.53971 -0.000563161 0.00133315 0.021536 0 -0.000236792 -0.00092422 0.000270869 -141.125 1 0 0 2.44858e-05 0.000249875 2.44945e-06
12305 140.266 0.0201446 0.0041614 4.79424e-05 0.00411205 1.40527e-06 6.16913e-11 0.00247744 0.0109935 1.60443 1.45114 1.58946 1.62002 1.07351 -1.53994 -0.000563161 0.00133315 0.021536 0 -0.000235827 -0.000920772 0.000270057 -141.146 1 0 0 2.43492e-05 0.000248911 2.43293e-06
12310 140.367 0.0201446 0.00415603 4.7782e-05 0.00410685 1.39615e-06 6.12486e-11 0.00247743 0.0109935 1.60442 1.45114 1.58944 1.62002 1.07351 -1.54017 -0.000563161 0.00133315 0.021536 0 -0.000234869 -0.000917347 0.000269251 -141.167 1 0 0 2.42138e-05 0.000247954 2.41657e-06
12315 140.468 0.0201446 0.00415069 4.76227e-05 0.00410168 1.38711e-06 6.08106e-11 0.00247742 0.0109935 1.60441 1.45114 1.58942 1.62001 1.07352 -1.54039 -0.000563161 0.00133315 0.021536 0 -0.000233918 -0.000913944 0.00026845 -141.188 1 0 0 2.40796e-05 0.000247004 2.40037e-06
12320 140.568 0.0201446 0.00414537 4.74644e-05 0.00409653 1.37816e-06 6.03772e-11 0.00247741 0.0109935 1.6044 1.45114 1.5894 1.62001 1.07352 -1.54062 -0.000563161 0.00133315 0.021536 0 -0.000232974 -0.000910565 0.000267654 -141.209 1 0 0 2.39466e-05 0.00024606 2.38433e-06
12325 140.669 0.0201446 0.00414008 4.73072e-05 0.0040914 1.3693e-06 5.99484e-11 0.0024774 0.0109935 1.60439 1.45114 1.58938 1.62 1.07353 -1.54085 -0.000563161 0.00133315 0.021536 0 -0.000232037 -0.000907207 0.000266864 -141.23 1 0 0 2.38148e-05 0.000245122 2.36844e-06
12330 140.77 0.0201446 0.00413481 4.71509e-05 0.0040863 1.36052e-06 5.95242e-11 0.00247739 0.0109935 1.60438 1.45114 1.58936 1.62 1.07353 -1.54107 -0.000563161 0.00133315 0.021536 0 -0.000231107 -0.000903872 0.000266078 -141.251 1 0 0 2.36841e-05 0.00024419 2.35271e-06
12335 140.871 0.0201446 0.00412956 4.69957e-05 0.00408121 1.35182e-06 5.91043e-11 0.00247738 0.0109935 1.60437 1.45114 1.58935 1.61999 1.07354 -1.5413 -0.000563161 0.00133315 0.021536 0 -0.000230183 -0.000900559 0.000265298 -141.271 1 0 0 2.35546e-05 0.000243265 2.33712e-06
12340 140.971 0.0201446 0.00412434 4.68415e-05 0.00407615 1.34321e-06 5.86889e-11 0.00247737 0.0109935 1.60437 1.45114 1.58933 1.61999 1.07354 -1.54152 -0.000563161 0.00133315 0.021536 0 -0.000229266 -0.000897268 0.000264522 -141.292 1 0 0 2.34262e-05 0.000242346 2.32169e-06
12345 141.072 0.0201446 0.00411914 4.66882e-05 0.00407112 1.33467e-06 5.82778e-11 0.00247736 0.0109935 1.60436 1.45114 1.58931 1.61998 1.07355 -1.54175 -0.000563161 0.00133315 0.021536 0 -0.000228356 -0.000893999 0.000263752 -141.312 1 0 0 2.32989e-05 0.000241433 2.30641e-06
12350 141.173 0.0201446 0.00411397 4.6536e-05 0.0040661 1.32622e-06 5.7871e-11 0.00247736 0.0109935 1.60435 1.45114 1.58929 1.61998 1.07356 -1.54197 -0.000563161 0.00133315 0.021536 0 -0.000227452 -0.000890751 0.000262986 -141.333 1 0 0 2.31727e-05 0.000240526 2.29127e-06
12355 141.274 0.0201446 0.00410881 4.63847e-05 0.00406111 1.31785e-06 5.74684e-11 0.00247735 0.0109935 1.60434 1.45114 1.58927 1.61997 1.07356 -1.54219 -0.000563161 0.00133315 0.021536 0 -0.000226555 -0.000887524 0.000262225 -141.353 1 0 0 2.30476e-05 0.000239626 2.27628e-06
12360 141.374 0.0201446 0.00410368 4.62344e-05 0.00405614 1.30956e-06 5.707e-11 0.00247734 0.0109935 1.60433 1.45114 1.58926 1.61997 1.07357 -1.54241 -0.000563161 0.00133315 0.021536 0 -0.000225664 -0.000884318 0.000261469 -141.373 1 0 0 2.29236e-05 0.000238731 2.26143e-06
12365 141.475 0.0201446 0.00409858 4.6085e-05 0.00405119 1.30134e-06 5.66757e-11 0.00247733 0.0109935 1.60432 1.45114 1.58924 1.61997 1.07357 -1.54263 -0.000563161 0.00133315 0.021536 0 -0.000224779 -0.000881132 0.000260718 -141.393 1 0 0 2.28007e-05 0.000237842 2.24673e-06
12370 141.576 0.0201446 0.0040935 4.59366e-05 0.00404627 1.2932e-06 5.62854e-11 0.00247732 0.0109935 1.60431 1.45114 1.58922 1.61996 1.07358 -1.54285 -0.000563161 0.00133315 0.021536 0 -0.000223901 -0.000877968 0.000259972 -141.413 1 0 0 2.26789e-05 0.000236959 2.23216e-06
12375 141.676 0.0201446 0.00408843 4.57891e-05 0.00404136 1.28514e-06 5.58991e-11 0.00247731 0.0109935 1.6043 1.45114 1.5892 1.61996 1.07358 -1.54307 -0.000563161 0.00133315 0.021536 0 -0.000223029 -0.000874823 0.00025923 -141.433 1 0 0 2.2558e-05 0.000236081 2.21773e-06
12380 141.777 0.0201446 0.0040834 4.56425e-05 0.00403648 1.27715e-06 5.55168e-11 0.0024773 0.0109935 1.60429 1.45114 1.58918 1.61995 1.07359 -1.54328 -0.000563161 0.00133315 0.021536 0 -0.000222163 -0.000871699 0.000258493 -141.453 1 0 0 2.24383e-05 0.00023521 2.20344e-06
12385 141.878 0.0201446 0.00407838 4.54969e-05 0.00403161 1.26924e-06 5.51384e-11 0.00247729 0.0109935 1.60429 1.45114 1.58917 1.61995 1.07359 -1.5435 -0.000563161 0.00133315 0.021536 0 -0.000221303 -0.000868595 0.00025776 -141.473 1 0 0 2.23195e-05 0.000234344 2.18929e-06
12390 141.979 0.0201446 0.00407338 4.53522e-05 0.00402677 1.2614e-06 5.47638e-11 0.00247728 0.0109935 1.60428 1.45114 1.58915 1.61994 1.0736 -1.54372 -0.000563161 0.00133315 0.021536 0 -0.00022045 -0.000865511 0.000257032 -141.493 1 0 0 2.22018e-05 0.000233484 2.17527e-06
12395 142.079 0.0201446 0.00406841 4.52083e-05 0.00402195 1.25363e-06 5.4393e-11 0.00247728 0.0109935 1.60427 1.45114 1.58913 1.61994 1.0736 -1.54393 -0.000563161 0.00133315 0.021536 0 -0.000219602 -0.000862447 0.000256308 -141.512 1 0 0 2.20851e-05 0.000232629 2.16138e-06
12400 142.18 0.0201446 0.00406346 4.50654e-05 0.00401715 1.24593e-06 5.4026e-11 0.00247727 0.0109935 1.60426 1.45114 1.58911 1.61993 1.07361 -1.54414 -0.000563161 0.00133315 0.021536 0 -0.00021876 -0.000859402 0.000255589 -141.532 1 0 0 2.19694e-05 0.00023178 2.14762e-06
12405 142.281 0.0201446 0.00405853 4.49234e-05 0.00401237 1.23831e-06 5.36627e-11 0.00247726 0.0109935 1.60425 1.45114 1.5891 1.61993 1.07361 -1.54436 -0.000563161 0.00133315 0.021536 0 -0.000217924 -0.000856376 0.000254874 -141.552 1 0 0 2.18547e-05 0.000230937 2.13399e-06
12410 142.381 0.0201446 0.00405362 4.47822e-05 0.00400761 1.23075e-06 5.3303e-11 0.00247725 0.0109935 1.60424 1.45114 1.58908 1.61993 1.07362 -1.54457 -0.000563161 0.00133315 0.021536 0 -0.000217094 -0.000853369 0.000254164 -141.571 1 0 0 2.17409e-05 0.000230098 2.12049e-06
12415 142.482 0.0201446 0.00404874 4.46419e-05 0.00400287 1.22327e-06 5.29469e-11 0.00247724 0.0109935 1.60424 1.45114 1.58906 1.61992 1.07362 -1.54478 -0.000563161 0.00133315 0.021536 0 -0.00021627 -0.000850381 0.000253458 -141.59 1 0 0 2.16282e-05 0.000229266 2.10711e-06
12420 142.583 0.0201446 0.00404387 4.45025e-05 0.00399815 1.21585e-06 5.25944e-11 0.00247723 0.0109935 1.60423 1.45114 1.58905 1.61992 1.07363 -1.54499 -0.000563161 0.00133315 0.021536 0 -0.000215451 -0.000847412 0.000252756 -141.61 1 0 0 2.15164e-05 0.000228438 2.09387e-06
12425 142.684 0.0201446 0.00403903 4.4364e-05 0.00399346 1.2085e-06 5.22454e-11 0.00247722 0.0109935 1.60422 1.45114 1.58903 1.61991 1.07363 -1.5452 -0.000563161 0.00133315 0.021536 0 -0.000214639 -0.000844462 0.000252058 -141.629 1 0 0 2.14055e-05 0.000227616 2.08074e-06
12430 142.784 0.0201446 0.0040342 4.42263e-05 0.00398878 1.20122e-06 5.18998e-11 0.00247722 0.0109935 1.60421 1.45114 1.58901 1.61991 1.07364 -1.54541 -0.000563161 0.00133315 0.021536 0 -0.000213831 -0.00084153 0.000251364 -141.648 1 0 0 2.12955e-05 0.000226799 2.06774e-06
12435 142.885 0.0201446 0.0040294 4.40894e-05 0.00398412 1.19401e-06 5.15577e-11 0.00247721 0.0109935 1.6042 1.45114 1.589 1.6199 1.07364 -1.54562 -0.000563161 0.00133315 0.021536 0 -0.00021303 -0.000838616 0.000250675 -141.667 1 0 0 2.11865e-05 0.000225988 2.05485e-06
12440 142.986 0.0201446 0.00402462 4.39534e-05 0.00397948 1.18686e-06 5.1219e-11 0.0024772 0.0109935 1.60419 1.45114 1.58898 1.6199 1.07365 -1.54583 -0.000563161 0.00133315 0.021536 0 -0.000212233 -0.000835721 0.00024999 -141.686 1 0 0 2.10785e-05 0.000225181 2.04209e-06
12445 143.087 0.0201446 0.00401986 4.38182e-05 0.00397486 1.17977e-06 5.08836e-11 0.00247719 0.0109935 1.60419 1.45114 1.58896 1.6199 1.07365 -1.54603 -0.000563161 0.00133315 0.021536 0 -0.000211443 -0.000832843 0.000249309 -141.705 1 0 0 2.09713e-05 0.00022438 2.02945e-06
12450 143.187 0.0201446 0.00401512 4.36838e-05 0.00397026 1.17275e-06 5.05515e-11 0.00247718 0.0109935 1.60418 1.45114 1.58895 1.61989 1.07366 -1.54624 -0.000563161 0.00133315 0.021536 0 -0.000210657 -0.000829983 0.000248631 -141.724 1 0 0 2.0865e-05 0.000223583 2.01692e-06
12455 143.288 0.0201446 0.00401039 4.35503e-05 0.00396568 1.1658e-06 5.02226e-11 0.00247717 0.0109935 1.60417 1.45114 1.58893 1.61989 1.07366 -1.54644 -0.000563161 0.00133315 0.021536 0 -0.000209877 -0.000827141 0.000247958 -141.743 1 0 0 2.07596e-05 0.000222792 2.00451e-06
12460 143.389 0.0201446 0.00400569 4.34175e-05 0.00396112 1.1589e-06 4.9897e-11 0.00247717 0.0109935 1.60416 1.45114 1.58891 1.61988 1.07367 -1.54665 -0.000563161 0.00133315 0.021536 0 -0.000209103 -0.000824316 0.000247289 -141.761 1 0 0 2.06551e-05 0.000222006 1.99221e-06
12465 143.489 0.0201446 0.00400101 4.32856e-05 0.00395657 1.15207e-06 4.95745e-11 0.00247716 0.0109935 1.60415 1.45114 1.5889 1.61988 1.07367 -1.54685 -0.000563161 0.00133315 0.021536 0 -0.000208333 -0.000821509 0.000246624 -141.78 1 0 0 2.05515e-05 0.000221224 1.98002e-06
12470 143.59 0.0201446 0.00399635 4.31544e-05 0.00395205 1.1453e-06 4.92552e-11 0.00247715 0.0109935 1.60414 1.45114 1.58888 1.61987 1.07368 -1.54705 -0.000563161 0.00133315 0.021536 0 -0.000207569 -0.000818718 0.000245962 -141.799 1 0 0 2.04488e-05 0.000220448 1.96795e-06
12475 143.691 0.0201446 0.00399171 4.3024e-05 0.00394755 1.13859e-06 4.8939e-11 0.00247714 0.0109935 1.60414 1.45114 1.58886 1.61987 1.07368 -1.54726 -0.000563161 0.00133315 0.021536 0 -0.00020681 -0.000815945 0.000245305 -141.817 1 0 0 2.03469e-05 0.000219676 1.95599e-06
12480 143.792 0.0201446 0.00398709 4.28944e-05 0.00394306 1.13194e-06 4.86258e-11 0.00247713 0.0109935 1.60413 1.45114 1.58885 1.61987 1.07369 -1.54746 -0.000563161 0.00133315 0.021536 0 -0.000206056 -0.000813188 0.000244651 -141.836 1 0 0 2.02458e-05 0.00021891 1.94414e-06
12485 143.892 0.0201446 0.00398248 4.27656e-05 0.00393859 1.12535e-06 4.83157e-11 0.00247713 0.0109935 1.60412 1.45114 1.58883 1.61986 1.07369 -1.54766 -0.000563161 0.00133315 0.021536 0 -0.000205307 -0.000810448 0.000244001 -141.854 1 0 0 2.01456e-05 0.000218148 1.93239e-06
12490 143.993 0.0201446 0.0039779 4.26376e-05 0.00393414 1.11882e-06 4.80085e-11 0.00247712 0.0109935 1.60411 1.45114 1.58881 1.61986 1.0737 -1.54786 -0.000563161 0.00133315 0.021536 0 -0.000204563 -0.000807725 0.000243354 -141.872 1 0 0 2.00462e-05 0.00021739 1.92075e-06
12495 144.094 0.0201446 0.00397333 4.25103e-05 0.00392971 1.11235e-06 4.77043e-11 0.00247711 0.0109935 1.6041 1.45114 1.5888 1.61985 1.0737 -1.54806 -0.000563161 0.00133315 0.021536 0 -0.000203824 -0.000805018 0.000242712 -141.891 1 0 0 1.99476e-05 0.000216638 1.90922e-06
12500 144.194 0.0201446 0.00396879 4.23838e-05 0.0039253 1.10593e-06 4.74029e-11 0.0024771 0.0109935 1.6041 1.45114 1.58878 1.61985 1.07371 -1.54825 -0.000563161 0.00133315 0.021536 0 -0.00020309 -0.000802327 0.000242073 -141.909 1 0 0 1.98499e-05 0.00021589 1.8978e-06
12505 144.295 0.0201446 0.00396426 4.2258e-05 0.0039209 1.09957e-06 4.71045e-11 0.00247709 0.0109935 1.60409 1.45114 1.58876 1.61985 1.07371 -1.54845 -0.000563161 0.00133315 0.021536 0 -0.000202361 -0.000799653 0.000241438 -141.927 1 0 0 1.9753e-05 0.000215146 1.88647e-06
12510 144.396 0.0201446 0.00395975 4.21329e-05 0.00391653 1.09327e-06 4.68089e-11 0.00247709 0.0109935 1.60408 1.45114 1.58875 1.61984 1.07372 -1.54865 -0.000563161 0.00133315 0.021536 0 -0.000201637 -0.000796994 0.000240806 -141.945 1 0 0 1.96568e-05 0.000214407 1.87525e-06
12515 144.497 0.0201446 0.00395526 4.20086e-05 0.00391217 1.08702e-06 4.65161e-11 0.00247708 0.0109935 1.60407 1.45114 1.58873 1.61984 1.07372 -1.54885 -0.000563161 0.00133315 0.021536 0 -0.000200918 -0.000794352 0.000240178 -141.963 1 0 0 1.95615e-05 0.000213673 1.86413e-06
12520 144.597 0.0201446 0.00395079 4.1885e-05 0.00390783 1.08083e-06 4.62261e-11 0.00247707 0.0109935 1.60407 1.45114 1.58872 1.61983 1.07373 -1.54904 -0.000563161 0.00133315 0.021536 0 -0.000200203 -0.000791725 0.000239553 -141.981 1 0 0 1.94669e-05 0.000212943 1.85312e-06
12525 144.698 0.0201446 0.00394634 4.17622e-05 0.0039035 1.07469e-06 4.59388e-11 0.00247706 0.0109935 1.60406 1.45114 1.5887 1.61983 1.07373 -1.54924 -0.000563161 0.00133315 0.021536 0 -0.000199493 -0.000789113 0.000238932 -141.999 1 0 0 1.93731e-05 0.000212218 1.8422e-06
12530 144.799 0.0201446 0.00394191 4.16401e-05 0.0038992 1.06861e-06 4.56542e-11 0.00247705 0.0109935 1.60405 1.45114 1.58868 1.61983 1.07374 -1.54943 -0.000563161 0.00133315 0.021536 0 -0.000198788 -0.000786517 0.000238315 -142.016 1 0 0 1.92801e-05 0.000211497 1.83137e-06
12535 144.9 0.0201446 0.00393749 4.15186e-05 0.00389491 1.06258e-06 4.53723e-11 0.00247705 0.0109935 1.60404 1.45114 1.58867 1.61982 1.07374 -1.54962 -0.000563161 0.00133315 0.021536 0 -0.000198087 -0.000783936 0.0002377 -142.034 1 0 0 1.91878e-05 0.000210781 1.82065e-06
12540 145 0.0201446 0.00393309 4.13979e-05 0.00389064 1.0566e-06 4.5093e-11 0.00247704 0.0109935 1.60403 1.45114 1.58865 1.61982 1.07375 -1.54982 -0.000563161 0.00133315 0.021536 0 -0.000197391 -0.000781371 0.00023709 -142.052 1 0 0 1.90963e-05 0.000210068 1.81002e-06
12545 145.101 0.0201446 0.00392871 4.12779e-05 0.00388638 1.05068e-06 4.48164e-11 0.00247703 0.0109935 1.60403 1.45114 1.58864 1.61981 1.07375 -1.55001 -0.000563161 0.00133315 0.021536 0 -0.0001967 -0.00077882 0.000236482 -142.069 1 0 0 1.90055e-05 0.000209361 1.79949e-06
12550 145.202 0.0201446 0.00392435 4.11586e-05 0.00388215 1.0448e-06 4.45423e-11 0.00247702 0.0109935 1.60402 1.45114 1.58862 1.61981 1.07376 -1.5502 -0.000563161 0.00133315 0.021536 0 -0.000196013 -0.000776285 0.000235878 -142.087 1 0 0 1.89155e-05 0.000208657 1.78905e-06
12555 145.302 0.0201446 0.00392 4.10399e-05 0.00387793 1.03898e-06 4.42708e-11 0.00247701 0.0109935 1.60401 1.45114 1.58861 1.61981 1.07376 -1.55039 -0.000563161 0.00133315 0.021536 0 -0.00019533 -0.000773764 0.000235278 -142.104 1 0 0 1.88262e-05 0.000207957 1.77871e-06
12560 145.403 0.0201446 0.00391568 4.0922e-05 0.00387372 1.03321e-06 4.40018e-11 0.00247701 0.0109935 1.604 1.45114 1.58859 1.6198 1.07377 -1.55058 -0.000563161 0.00133315 0.021536 0 -0.000194652 -0.000771258 0.00023468 -142.122 1 0 0 1.87376e-05 0.000207262 1.76845e-06
12565 145.504 0.0201446 0.00391137 4.08047e-05 0.00386954 1.02749e-06 4.37352e-11 0.002477 0.0109935 1.604 1.45114 1.58858 1.6198 1.07377 -1.55077 -0.000563161 0.00133315 0.021536 0 -0.000193978 -0.000768766 0.000234086 -142.139 1 0 0 1.86498e-05 0.000206571 1.75829e-06
12570 145.605 0.0201446 0.00390708 4.06881e-05 0.00386537 1.02182e-06 4.34712e-11 0.00247699 0.0109935 1.60399 1.45114 1.58856 1.61979 1.07377 -1.55096 -0.000563161 0.00133315 0.021536 0 -0.000193309 -0.000766289 0.000233495 -142.156 1 0 0 1.85626e-05 0.000205884 1.74822e-06
12575 145.705 0.0201446 0.0039028 4.05721e-05 0.00386121 1.01619e-06 4.32096e-11 0.00247698 0.0109935 1.60398 1.45114 1.58854 1.61979 1.07378 -1.55114 -0.000563161 0.00133315 0.021536 0 -0.000192644 -0.000763826 0.000232908 -142.174 1 0 0 1.84762e-05 0.000205202 1.73824e-06
12580 145.806 0.0201446 0.00389854 4.04568e-05 0.00385707 1.01062e-06 4.29503e-11 0.00247698 0.0109935 1.60397 1.45114 1.58853 1.61979 1.07378 -1.55133 -0.000563161 0.00133315 0.021536 0 -0.000191983 -0.000761378 0.000232323 -142.191 1 0 0 1.83904e-05 0.000204523 1.72834e-06
12585 145.907 0.0201446 0.0038943 4.03422e-05 0.00385295 1.00509e-06 4.26935e-11 0.00247697 0.0109935 1.60397 1.45114 1.58851 1.61978 1.07379 -1.55152 -0.000563161 0.00133315 0.021536 0 -0.000191327 -0.000758943 0.000231742 -142.208 1 0 0 1.83054e-05 0.000203848 1.71854e-06
12590 146.007 0.0201446 0.00389008 4.02282e-05 0.00384885 9.99614e-07 4.2439e-11 0.00247696 0.0109935 1.60396 1.45114 1.5885 1.61978 1.07379 -1.5517 -0.000563161 0.00133315 0.021536 0 -0.000190675 -0.000756522 0.000231164 -142.225 1 0 0 1.8221e-05 0.000203177 1.70882e-06
12595 146.108 0.0201446 0.00388587 4.01149e-05 0.00384476 9.94182e-07 4.21868e-11 0.00247695 0.0109935 1.60395 1.45114 1.58848 1.61977 1.0738 -1.55189 -0.000563161 0.00133315 0.021536 0 -0.000190026 -0.000754115 0.000230589 -142.242 1 0 0 1.81373e-05 0.000202511 1.69918e-06
12600 146.209 0.0201446 0.00388168 4.00022e-05 0.00384069 9.88797e-07 4.19369e-11 0.00247695 0.0109935 1.60394 1.45114 1.58847 1.61977 1.0738 -1.55207 -0.000563161 0.00133315 0.021536 0 -0.000189382 -0.000751722 0.000230017 -142.259 1 0 0 1.80542e-05 0.000201848 1.68963e-06
12605 146.31 0.0201446 0.00387751 3.98902e-05 0.00383663 9.83457e-07 4.16893e-11 0.00247694 0.0109935 1.60394 1.45114 1.58845 1.61977 1.07381 -1.55226 -0.000563161 0.00133315 0.021536 0 -0.000188743 -0.000749343 0.000229448 -142.276 1 0 0 1.79719e-05 0.000201189 1.68016e-06
12610 146.41 0.0201446 0.00387335 3.97787e-05 0.00383259 9.78164e-07 4.14439e-11 0.00247693 0.0109935 1.60393 1.45114 1.58844 1.61976 1.07381 -1.55244 -0.000563161 0.00133315 0.021536 0 -0.000188107 -0.000746977 0.000228882 -142.292 1 0 0 1.78901e-05 0.000200534 1.67078e-06
12615 146.511 0.0201446 0.00386921 3.96679e-05 0.00382857 9.72915e-07 4.12007e-11 0.00247692 0.0109935 1.60392 1.45114 1.58842 1.61976 1.07382 -1.55262 -0.000563161 0.00133315 0.021536 0 -0.000187475 -0.000744624 0.00022832 -142.309 1 0 0 1.78091e-05 0.000199883 1.66148e-06
12620 146.612 0.0201446 0.00386508 3.95578e-05 0.00382456 9.67711e-07 4.09597e-11 0.00247692 0.0109935 1.60392 1.45114 1.58841 1.61976 1.07382 -1.55281 -0.000563161 0.00133315 0.021536 0 -0.000186847 -0.000742285 0.00022776 -142.326 1 0 0 1.77286e-05 0.000199235 1.65226e-06
12625 146.713 0.0201446 0.00386098 3.94482e-05 0.00382056 9.62551e-07 4.07209e-11 0.00247691 0.0109935 1.60391 1.45114 1.58839 1.61975 1.07383 -1.55299 -0.000563161 0.00133315 0.021536 0 -0.000186223 -0.000739958 0.000227203 -142.343 1 0 0 1.76488e-05 0.000198591 1.64312e-06
12630 146.813 0.0201446 0.00385688 3.93392e-05 0.00381659 9.57435e-07 4.04843e-11 0.0024769 0.0109935 1.6039 1.45114 1.58838 1.61975 1.07383 -1.55317 -0.000563161 0.00133315 0.021536 0 -0.000185603 -0.000737645 0.000226649 -142.359 1 0 0 1.75697e-05 0.000197951 1.63406e-06
12635 146.914 0.0201446 0.00385281 3.92309e-05 0.00381262 9.52362e-07 4.02497e-11 0.0024769 0.0109935 1.60389 1.45114 1.58836 1.61974 1.07383 -1.55335 -0.000563161 0.00133315 0.021536 0 -0.000184987 -0.000735345 0.000226098 -142.376 1 0 0 1.74912e-05 0.000197315 1.62508e-06
12640 147.015 0.0201446 0.00384875 3.91231e-05 0.00380868 9.47332e-07 4.00172e-11 0.00247689 0.0109935 1.60389 1.45114 1.58835 1.61974 1.07384 -1.55353 -0.000563161 0.00133315 0.021536 0 -0.000184375 -0.000733058 0.00022555 -142.392 1 0 0 1.74132e-05 0.000196683 1.61617e-06
12645 147.115 0.0201446 0.0038447 3.9016e-05 0.00380474 9.42344e-07 3.97868e-11 0.00247688 0.0109935 1.60388 1.45114 1.58833 1.61974 1.07384 -1.55371 -0.000563161 0.00133315 0.021536 0 -0.000183767 -0.000730783 0.000225005 -142.408 1 0 0 1.73359e-05 0.000196054 1.60735e-06
12650 147.216 0.0201446 0.00384067 3.89094e-05 0.00380083 9.37399e-07 3.95585e-11 0.00247687 0.0109935 1.60387 1.45114 1.58832 1.61973 1.07385 -1.55389 -0.000563161 0.00133315 0.021536 0 -0.000183162 -0.000728521 0.000224462 -142.425 1 0 0 1.72593e-05 0.000195429 1.5986e-06
12655 147.317 0.0201446 0.00383666 3.88034e-05 0.00379692 9.32495e-07 3.93322e-11 0.00247687 0.0109935 1.60387 1.45114 1.5883 1.61973 1.07385 -1.55406 -0.000563161 0.00133315 0.021536 0 -0.000182562 -0.000726272 0.000223923 -142.441 1 0 0 1.71832e-05 0.000194807 1.58992e-06
12660 147.418 0.0201446 0.00383266 3.8698e-05 0.00379304 9.27632e-07 3.91078e-11 0.00247686 0.0109935 1.60386 1.45114 1.58829 1.61973 1.07386 -1.55424 -0.000563161 0.00133315 0.021536 0 -0.000181965 -0.000724034 0.000223386 -142.457 1 0 0 1.71077e-05 0.000194189 1.58132e-06
12665 147.518 0.0201446 0.00382868 3.85932e-05 0.00378917 9.2281e-07 3.88855e-11 0.00247685 0.0109935 1.60385 1.45114 1.58828 1.61972 1.07386 -1.55442 -0.000563161 0.00133315 0.021536 0 -0.000181371 -0.00072181 0.000222852 -142.474 1 0 0 1.70328e-05 0.000193574 1.5728e-06
12670 147.619 0.0201446 0.00382471 3.8489e-05 0.00378531 9.18028e-07 3.86651e-11 0.00247685 0.0109935 1.60384 1.45114 1.58826 1.61972 1.07387 -1.55459 -0.000563161 0.00133315 0.021536 0 -0.000180782 -0.000719597 0.000222321 -142.49 1 0 0 1.69584e-05 0.000192963 1.56435e-06
12675 147.72 0.0201446 0.00382076 3.83853e-05 0.00378146 9.13286e-07 3.84466e-11 0.00247684 0.0109935 1.60384 1.45114 1.58825 1.61972 1.07387 -1.55477 -0.000563161 0.00133315 0.021536 0 -0.000180196 -0.000717397 0.000221792 -142.506 1 0 0 1.68847e-05 0.000192356 1.55597e-06
12680 147.821 0.0201446 0.00381683 3.82822e-05 0.00377764 9.08583e-07 3.82301e-11 0.00247683 0.0109935 1.60383 1.45114 1.58823 1.61971 1.07388 -1.55494 -0.000563161 0.00133315 0.021536 0 -0.000179613 -0.000715209 0.000221266 -142.522 1 0 0 1.68115e-05 0.000191752 1.54766e-06
12685 147.921 0.0201446 0.00381291 3.81796e-05 0.00377382 9.0392e-07 3.80154e-11 0.00247682 0.0109935 1.60382 1.45114 1.58822 1.61971 1.07388 -1.55512 -0.000563161 0.00133315 0.021536 0 -0.000179034 -0.000713032 0.000220743 -142.538 1 0 0 1.67389e-05 0.000191151 1.53942e-06
12690 148.022 0.0201446 0.003809 3.80776e-05 0.00377002 8.99295e-07 3.78027e-11 0.00247682 0.0109935 1.60382 1.45114 1.5882 1.6197 1.07388 -1.55529 -0.000563161 0.00133315 0.021536 0 -0.000178459 -0.000710868 0.000220223 -142.554 1 0 0 1.66669e-05 0.000190554 1.53125e-06
12695 148.123 0.0201446 0.00380511 3.79761e-05 0.00376624 8.94709e-07 3.75917e-11 0.00247681 0.0109935 1.60381 1.45114 1.58819 1.6197 1.07389 -1.55546 -0.000563161 0.00133315 0.021536 0 -0.000177887 -0.000708715 0.000219705 -142.569 1 0 0 1.65954e-05 0.00018996 1.52316e-06
12700 148.223 0.0201446 0.00380123 3.78752e-05 0.00376247 8.9016e-07 3.73826e-11 0.0024768 0.0109935 1.6038 1.45114 1.58817 1.6197 1.07389 -1.55564 -0.000563161 0.00133315 0.021536 0 -0.000177319 -0.000706574 0.00021919 -142.585 1 0 0 1.65245e-05 0.000189369 1.51513e-06
12705 148.324 0.0201446 0.00379737 3.77749e-05 0.00375871 8.85649e-07 3.71753e-11 0.0024768 0.0109935 1.6038 1.45114 1.58816 1.61969 1.0739 -1.55581 -0.000563161 0.00133315 0.021536 0 -0.000176754 -0.000704445 0.000218677 -142.601 1 0 0 1.64541e-05 0.000188782 1.50717e-06
12710 148.425 0.0201446 0.00379352 3.76751e-05 0.00375497 8.81176e-07 3.69698e-11 0.00247679 0.0109935 1.60379 1.45114 1.58815 1.61969 1.0739 -1.55598 -0.000563161 0.00133315 0.021536 0 -0.000176193 -0.000702327 0.000218167 -142.617 1 0 0 1.63843e-05 0.000188198 1.49928e-06
12715 148.526 0.0201446 0.00378969 3.75758e-05 0.00375124 8.76739e-07 3.67661e-11 0.00247678 0.0109935 1.60378 1.45114 1.58813 1.61969 1.07391 -1.55615 -0.000563161 0.00133315 0.021536 0 -0.000175635 -0.00070022 0.00021766 -142.632 1 0 0 1.6315e-05 0.000187617 1.49145e-06
12720 148.626 0.0201446 0.00378587 3.7477e-05 0.00374752 8.72339e-07 3.65641e-11 0.00247678 0.0109935 1.60378 1.45114 1.58812 1.61968 1.07391 -1.55632 -0.000563161 0.00133315 0.021536 0 -0.00017508 -0.000698125 0.000217155 -142.648 1 0 0 1.62462e-05 0.00018704 1.48369e-06
12725 148.727 0.0201446 0.00378207 3.73788e-05 0.00374382 8.67974e-07 3.63639e-11 0.00247677 0.0109935 1.60377 1.45114 1.5881 1.61968 1.07391 -1.55649 -0.000563161 0.00133315 0.021536 0 -0.000174529 -0.000696041 0.000216653 -142.663 1 0 0 1.6178e-05 0.000186465 1.476e-06
12730 148.828 0.0201446 0.00377828 3.72811e-05 0.00374013 8.63646e-07 3.61654e-11 0.00247676 0.0109935 1.60376 1.45114 1.58809 1.61968 1.07392 -1.55666 -0.000563161 0.00133315 0.021536 0 -0.000173981 -0.000693968 0.000216153 -142.679 1 0 0 1.61103e-05 0.000185894 1.46837e-06
12735 148.928 0.0201446 0.0037745 3.71839e-05 0.00373646 8.59353e-07 3.59685e-11 0.00247676 0.0109935 1.60376 1.45114 1.58808 1.61967 1.07392 -1.55683 -0.000563161 0.00133315 0.021536 0 -0.000173437 -0.000691906 0.000215656 -142.694 1 0 0 1.60431e-05 0.000185326 1.46081e-06
12740 149.029 0.0201446 0.00377074 3.70872e-05 0.0037328 8.55095e-07 3.57734e-11 0.00247675 0.0109935 1.60375 1.45114 1.58806 1.61967 1.07393 -1.55699 -0.000563161 0.00133315 0.021536 0 -0.000172895 -0.000689855 0.000215161 -142.71 1 0 0 1.59764e-05 0.000184762 1.45331e-06
12745 149.13 0.0201446 0.003767 3.6991e-05 0.00372915 8.50872e-07 3.55799e-11 0.00247674 0.0109935 1.60374 1.45114 1.58805 1.61967 1.07393 -1.55716 -0.000563161 0.00133315 0.021536 0 -0.000172357 -0.000687815 0.000214669 -142.725 1 0 0 1.59102e-05 0.0001842 1.44587e-06
12750 149.231 0.0201446 0.00376326 3.68954e-05 0.00372552 8.46683e-07 3.5388e-11 0.00247673 0.0109935 1.60374 1.45114 1.58803 1.61966 1.07394 -1.55733 -0.000563161 0.00133315 0.021536 0 -0.000171823 -0.000685786 0.000214179 -142.74 1 0 0 1.58446e-05 0.000183642 1.43849e-06
12755 149.331 0.0201446 0.00375954 3.68002e-05 0.0037219 8.42528e-07 3.51978e-11 0.00247673 0.0109935 1.60373 1.45114 1.58802 1.61966 1.07394 -1.55749 -0.000563161 0.00133315 0.021536 0 -0.000171291 -0.000683767 0.000213692 -142.756 1 0 0 1.57794e-05 0.000183086 1.43118e-06
12760 149.432 0.0201446 0.00375584 3.67055e-05 0.00371829 8.38407e-07 3.50092e-11 0.00247672 0.0109935 1.60372 1.45114 1.58801 1.61966 1.07395 -1.55766 -0.000563161 0.00133315 0.021536 0 -0.000170762 -0.00068176 0.000213207 -142.771 1 0 0 1.57147e-05 0.000182534 1.42393e-06
12765 149.533 0.0201446 0.00375215 3.66114e-05 0.0037147 8.34319e-07 3.48221e-11 0.00247671 0.0109935 1.60372 1.45114 1.58799 1.61965 1.07395 -1.55782 -0.000563161 0.00133315 0.021536 0 -0.000170237 -0.000679762 0.000212724 -142.786 1 0 0 1.56505e-05 0.000181984 1.41674e-06
12770 149.634 0.0201446 0.00374847 3.65177e-05 0.00371112 8.30264e-07 3.46367e-11 0.00247671 0.0109935 1.60371 1.45114 1.58798 1.61965 1.07395 -1.55799 -0.000563161 0.00133315 0.021536 0 -0.000169715 -0.000677775 0.000212244 -142.801 1 0 0 1.55868e-05 0.000181438 1.4096e-06
12775 149.734 0.0201446 0.0037448 3.64245e-05 0.00370755 8.26242e-07 3.44528e-11 0.0024767 0.0109935 1.6037 1.45114 1.58797 1.61965 1.07396 -1.55815 -0.000563161 0.00133315 0.021536 0 -0.000169196 -0.000675799 0.000211766 -142.816 1 0 0 1.55236e-05 0.000180895 1.40253e-06
12780 149.835 0.0201446 0.00374115 3.63318e-05 0.003704 8.22252e-07 3.42704e-11 0.0024767 0.0109935 1.6037 1.45114 1.58795 1.61964 1.07396 -1.55832 -0.000563161 0.00133315 0.021536 0 -0.00016868 -0.000673833 0.00021129 -142.831 1 0 0 1.54608e-05 0.000180354 1.39552e-06
12785 149.936 0.0201446 0.00373752 3.62396e-05 0.00370046 8.18295e-07 3.40896e-11 0.00247669 0.0109935 1.60369 1.45114 1.58794 1.61964 1.07397 -1.55848 -0.000563161 0.00133315 0.021536 0 -0.000168167 -0.000671877 0.000210817 -142.846 1 0 0 1.53986e-05 0.000179817 1.38856e-06
12790 150.036 0.0201446 0.00373389 3.61479e-05 0.00369693 8.14369e-07 3.39103e-11 0.00247668 0.0109935 1.60368 1.45114 1.58793 1.61964 1.07397 -1.55864 -0.000563161 0.00133315 0.021536 0 -0.000167657 -0.000669931 0.000210346 -142.861 1 0 0 1.53368e-05 0.000179282 1.38166e-06
12795 150.137 0.0201446 0.00373028 3.60566e-05 0.00369341 8.10475e-07 3.37324e-11 0.00247668 0.0109935 1.60368 1.45114 1.58791 1.61963 1.07398 -1.5588 -0.000563161 0.00133315 0.021536 0 -0.00016715 -0.000667996 0.000209877 -142.876 1 0 0 1.52754e-05 0.00017875 1.37482e-06
12800 150.238 0.0201446 0.00372668 3.59658e-05 0.00368991 8.06612e-07 3.35561e-11 0.00247667 0.0109935 1.60367 1.45114 1.5879 1.61963 1.07398 -1.55897 -0.000563161 0.00133315 0.021536 0 -0.000166646 -0.00066607 0.000209411 -142.89 1 0 0 1.52145e-05 0.000178221 1.36804e-06
12805 150.339 0.0201446 0.0037231 3.58755e-05 0.00368642 8.0278e-07 3.33812e-11 0.00247666 0.0109935 1.60366 1.45114 1.58789 1.61963 1.07398 -1.55913 -0.000563161 0.00133315 0.021536 0 -0.000166145 -0.000664154 0.000208947 -142.905 1 0 0 1.51541e-05 0.000177695 1.36131e-06
12810 150.439 0.0201446 0.00371953 3.57856e-05 0.00368294 7.98978e-07 3.32078e-11 0.00247666 0.0109935 1.60366 1.45114 1.58787 1.61962 1.07399 -1.55929 -0.000563161 0.00133315 0.021536 0 -0.000165647 -0.000662249 0.000208485 -142.92 1 0 0 1.50941e-05 0.000177172 1.35464e-06
12815 150.54 0.0201446 0.00371597 3.56962e-05 0.00367948 7.95207e-07 3.30357e-11 0.00247665 0.0109935 1.60365 1.45114 1.58786 1.61962 1.07399 -1.55945 -0.000563161 0.00133315 0.021536 0 -0.000165151 -0.000660353 0.000208025 -142.935 1 0 0 1.50346e-05 0.000176652 1.34802e-06
12820 150.641 0.0201446 0.00371242 3.56072e-05 0.00367603 7.91466e-07 3.28651e-11 0.00247664 0.0109935 1.60365 1.45114 1.58785 1.61962 1.074 -1.55961 -0.000563161 0.00133315 0.021536 0 -0.000164659 -0.000658466 0.000207568 -142.949 1 0 0 1.49755e-05 0.000176134 1.34145e-06
12825 150.741 0.0201446 0.00370889 3.55187e-05 0.00367259 7.87755e-07 3.2696e-11 0.00247664 0.0109935 1.60364 1.45114 1.58783 1.61961 1.074 -1.55976 -0.000563161 0.00133315 0.021536 0 -0.00016417 -0.00065659 0.000207112 -142.964 1 0 0 1.49168e-05 0.00017562 1.33494e-06
12830 150.842 0.0201446 0.00370537 3.54307e-05 0.00366916 7.84073e-07 3.25281e-11 0.00247663 0.0109935 1.60363 1.45114 1.58782 1.61961 1.074 -1.55992 -0.000563161 0.00133315 0.021536 0 -0.000163683 -0.000654722 0.000206659 -142.978 1 0 0 1.48586e-05 0.000175107 1.32849e-06
12835 150.943 0.0201446 0.00370187 3.53431e-05 0.00366574 7.8042e-07 3.23617e-11 0.00247662 0.0109935 1.60363 1.45114 1.58781 1.61961 1.07401 -1.56008 -0.000563161 0.00133315 0.021536 0 -0.000163199 -0.000652865 0.000206208 -142.993 1 0 0 1.48008e-05 0.000174598 1.32208e-06
12840 151.044 0.0201446 0.00369837 3.52559e-05 0.00366234 7.76796e-07 3.21966e-11 0.00247662 0.0109935 1.60362 1.45114 1.58779 1.6196 1.07401 -1.56024 -0.000563161 0.00133315 0.021536 0 -0.000162718 -0.000651017 0.00020576 -143.007 1 0 0 1.47435e-05 0.000174091 1.31573e-06
12845 151.144 0.0201446 0.00369489 3.51692e-05 0.00365895 7.732e-07 3.20329e-11 0.00247661 0.0109935 1.60361 1.45114 1.58778 1.6196 1.07402 -1.56039 -0.000563161 0.00133315 0.021536 0 -0.00016224 -0.000649178 0.000205313 -143.021 1 0 0 1.46865e-05 0.000173588 1.30943e-06
12850 151.245 0.0201446 0.00369142 3.50829e-05 0.00365557 7.69633e-07 3.18705e-11 0.00247661 0.0109935 1.60361 1.45114 1.58777 1.6196 1.07402 -1.56055 -0.000563161 0.00133315 0.021536 0 -0.000161765 -0.000647348 0.000204868 -143.036 1 0 0 1.463e-05 0.000173086 1.30318e-06
12855 151.346 0.0201446 0.00368796 3.49971e-05 0.0036522 7.66094e-07 3.17095e-11 0.0024766 0.0109935 1.6036 1.45114 1.58775 1.61959 1.07403 -1.56071 -0.000563161 0.00133315 0.021536 0 -0.000161292 -0.000645528 0.000204426 -143.05 1 0 0 1.45739e-05 0.000172588 1.29699e-06
12860 151.447 0.0201446 0.00368452 3.49117e-05 0.00364884 7.62583e-07 3.15497e-11 0.00247659 0.0109935 1.6036 1.45114 1.58774 1.61959 1.07403 -1.56086 -0.000563161 0.00133315 0.021536 0 -0.000160822 -0.000643717 0.000203986 -143.064 1 0 0 1.45182e-05 0.000172091 1.29084e-06
12865 151.547 0.0201446 0.00368109 3.48267e-05 0.0036455 7.591e-07 3.13912e-11 0.00247659 0.0109935 1.60359 1.45114 1.58773 1.61959 1.07403 -1.56102 -0.000563161 0.00133315 0.021536 0 -0.000160354 -0.000641915 0.000203548 -143.078 1 0 0 1.44629e-05 0.000171598 1.28474e-06
12870 151.648 0.0201446 0.00367766 3.47422e-05 0.00364217 7.55643e-07 3.1234e-11 0.00247658 0.0109935 1.60358 1.45114 1.58771 1.61958 1.07404 -1.56117 -0.000563161 0.00133315 0.021536 0 -0.00015989 -0.000640122 0.000203111 -143.093 1 0 0 1.44081e-05 0.000171107 1.27869e-06
12875 151.749 0.0201446 0.00367426 3.4658e-05 0.00363885 7.52214e-07 3.10781e-11 0.00247657 0.0109935 1.60358 1.45114 1.5877 1.61958 1.07404 -1.56133 -0.000563161 0.00133315 0.021536 0 -0.000159428 -0.000638338 0.000202677 -143.107 1 0 0 1.43536e-05 0.000170619 1.27269e-06
12880 151.849 0.0201446 0.00367086 3.45743e-05 0.00363554 7.48812e-07 3.09234e-11 0.00247657 0.0109935 1.60357 1.45114 1.58769 1.61958 1.07405 -1.56148 -0.000563161 0.00133315 0.021536 0 -0.000158968 -0.000636563 0.000202245 -143.121 1 0 0 1.42995e-05 0.000170133 1.26674e-06
12885 151.95 0.0201446 0.00366748 3.4491e-05 0.00363224 7.45436e-07 3.077e-11 0.00247656 0.0109935 1.60357 1.45114 1.58768 1.61957 1.07405 -1.56163 -0.000563161 0.00133315 0.021536 0 -0.000158512 -0.000634797 0.000201815 -143.135 1 0 0 1.42458e-05 0.00016965 1.26084e-06
12890 152.051 0.0201446 0.0036641 3.44081e-05 0.00362895 7.42086e-07 3.06178e-11 0.00247656 0.0109935 1.60356 1.45114 1.58766 1.61957 1.07405 -1.56178 -0.000563161 0.00133315 0.021536 0 -0.000158057 -0.000633039 0.000201387 -143.149 1 0 0 1.41925e-05 0.000169169 1.25498e-06
12895 152.152 0.0201446 0.00366074 3.43256e-05 0.00362568 7.38763e-07 3.04668e-11 0.00247655 0.0109935 1.60355 1.45114 1.58765 1.61957 1.07406 -1.56194 -0.000563161 0.00133315 0.021536 0 -0.000157606 -0.00063129 0.000200961 -143.163 1 0 0 1.41396e-05 0.000168691 1.24918e-06
12900 152.252 0.0201446 0.0036574 3.42436e-05 0.00362242 7.35465e-07 3.0317e-11 0.00247654 0.0109935 1.60355 1.45114 1.58764 1.61956 1.07406 -1.56209 -0.000563161 0.00133315 0.021536 0 -0.000157157 -0.00062955 0.000200537 -143.177 1 0 0 1.40871e-05 0.000168215 1.24341e-06
12905 152.353 0.0201446 0.00365406 3.41619e-05 0.00361917 7.32193e-07 3.01684e-11 0.00247654 0.0109935 1.60354 1.45114 1.58763 1.61956 1.07407 -1.56224 -0.000563161 0.00133315 0.021536 0 -0.00015671 -0.000627819 0.000200115 -143.19 1 0 0 1.40349e-05 0.000167742 1.2377e-06
12910 152.454 0.0201446 0.00365073 3.40806e-05 0.00361593 7.28946e-07 3.0021e-11 0.00247653 0.0109935 1.60354 1.45114 1.58761 1.61956 1.07407 -1.56239 -0.000563161 0.00133315 0.021536 0 -0.000156266 -0.000626096 0.000199695 -143.204 1 0 0 1.39832e-05 0.000167271 1.23203e-06
12915 152.554 0.0201446 0.00364742 3.39998e-05 0.0036127 7.25724e-07 2.98747e-11 0.00247653 0.0109935 1.60353 1.45114 1.5876 1.61955 1.07407 -1.56254 -0.000563161 0.00133315 0.021536 0 -0.000155825 -0.000624381 0.000199276 -143.218 1 0 0 1.39318e-05 0.000166803 1.2264e-06
12920 152.655 0.0201446 0.00364412 3.39193e-05 0.00360948 7.22527e-07 2.97297e-11 0.00247652 0.0109935 1.60352 1.45114 1.58759 1.61955 1.07408 -1.56269 -0.000563161 0.00133315 0.021536 0 -0.000155386 -0.000622675 0.00019886 -143.232 1 0 0 1.38807e-05 0.000166337 1.22082e-06
12925 152.756 0.0201446 0.00364083 3.38392e-05 0.00360627 7.19355e-07 2.95857e-11 0.00247651 0.0109935 1.60352 1.45114 1.58758 1.61955 1.07408 -1.56284 -0.000563161 0.00133315 0.021536 0 -0.000154949 -0.000620977 0.000198446 -143.245 1 0 0 1.38301e-05 0.000165873 1.21529e-06
12930 152.857 0.0201446 0.00363755 3.37595e-05 0.00360308 7.16207e-07 2.94429e-11 0.00247651 0.0109935 1.60351 1.45114 1.58756 1.61954 1.07409 -1.56299 -0.000563161 0.00133315 0.021536 0 -0.000154515 -0.000619288 0.000198033 -143.259 1 0 0 1.37798e-05 0.000165412 1.2098e-06
12935 152.957 0.0201446 0.00363428 3.36802e-05 0.00359989 7.13083e-07 2.93012e-11 0.0024765 0.0109935 1.60351 1.45114 1.58755 1.61954 1.07409 -1.56313 -0.000563161 0.00133315 0.021536 0 -0.000154083 -0.000617606 0.000197623 -143.273 1 0 0 1.37299e-05 0.000164953 1.20435e-06
12940 153.058 0.0201446 0.00363103 3.36013e-05 0.00359672 7.09983e-07 2.91607e-11 0.0024765 0.0109935 1.6035 1.45114 1.58754 1.61954 1.07409 -1.56328 -0.000563161 0.00133315 0.021536 0 -0.000153654 -0.000615933 0.000197214 -143.286 1 0 0 1.36803e-05 0.000164496 1.19895e-06
12945 153.159 0.0201446 0.00362778 3.35228e-05 0.00359355 7.06908e-07 2.90212e-11 0.00247649 0.0109935 1.60349 1.45114 1.58753 1.61954 1.0741 -1.56343 -0.000563161 0.00133315 0.021536 0 -0.000153227 -0.000614268 0.000196807 -143.3 1 0 0 1.36311e-05 0.000164042 1.19358e-06
12950 153.26 0.0201446 0.00362455 3.34447e-05 0.0035904 7.03855e-07 2.88828e-11 0.00247648 0.0109935 1.60349 1.45114 1.58751 1.61953 1.0741 -1.56358 -0.000563161 0.00133315 0.021536 0 -0.000152803 -0.000612611 0.000196403 -143.313 1 0 0 1.35822e-05 0.00016359 1.18826e-06
12955 153.36 0.0201446 0.00362133 3.33669e-05 0.00358726 7.00826e-07 2.87455e-11 0.00247648 0.0109935 1.60348 1.45114 1.5875 1.61953 1.07411 -1.56372 -0.000563161 0.00133315 0.021536 0 -0.00015238 -0.000610962 0.000195999 -143.327 1 0 0 1.35337e-05 0.000163141 1.18299e-06
12960 153.461 0.0201446 0.00361812 3.32895e-05 0.00358413 6.9782e-07 2.86093e-11 0.00247647 0.0109935 1.60348 1.45114 1.58749 1.61953 1.07411 -1.56387 -0.000563161 0.00133315 0.021536 0 -0.00015196 -0.000609322 0.000195598 -143.34 1 0 0 1.34855e-05 0.000162693 1.17775e-06
12965 153.562 0.0201446 0.00361492 3.32125e-05 0.00358101 6.94837e-07 2.84741e-11 0.00247647 0.0109935 1.60347 1.45114 1.58748 1.61952 1.07411 -1.56401 -0.000563161 0.00133315 0.021536 0 -0.000151543 -0.000607688 0.000195199 -143.353 1 0 0 1.34376e-05 0.000162248 1.17256e-06
12970 153.662 0.0201446 0.00361173 3.31358e-05 0.0035779 6.91876e-07 2.834e-11 0.00247646 0.0109935 1.60347 1.45114 1.58746 1.61952 1.07412 -1.56416 -0.000563161 0.00133315 0.021536 0 -0.000151128 -0.000606063 0.000194801 -143.367 1 0 0 1.33901e-05 0.000161805 1.1674e-06
12975 153.763 0.0201446 0.00360855 3.30595e-05 0.0035748 6.88938e-07 2.82069e-11 0.00247645 0.0109935 1.60346 1.45114 1.58745 1.61952 1.07412 -1.5643 -0.000563161 0.00133315 0.021536 0 -0.000150715 -0.000604446 0.000194405 -143.38 1 0 0 1.3343e-05 0.000161364 1.16229e-06
12980 153.864 0.0201446 0.00360538 3.29836e-05 0.00357171 6.86022e-07 2.80749e-11 0.00247645 0.0109935 1.60345 1.45114 1.58744 1.61951 1.07413 -1.56445 -0.000563161 0.00133315 0.021536 0 -0.000150304 -0.000602836 0.000194011 -143.393 1 0 0 1.32961e-05 0.000160926 1.15722e-06
12985 153.965 0.0201446 0.00360222 3.2908e-05 0.00356863 6.83129e-07 2.79439e-11 0.00247644 0.0109935 1.60345 1.45114 1.58743 1.61951 1.07413 -1.56459 -0.000563161 0.00133315 0.021536 0 -0.000149896 -0.000601234 0.000193619 -143.406 1 0 0 1.32496e-05 0.00016049 1.15218e-06
12990 154.065 0.0201446 0.00359908 3.28328e-05 0.00356557 6.80257e-07 2.78139e-11 0.00247644 0.0109935 1.60344 1.45114 1.58742 1.61951 1.07413 -1.56474 -0.000563161 0.00133315 0.021536 0 -0.00014949 -0.00059964 0.000193229 -143.419 1 0 0 1.32035e-05 0.000160056 1.14719e-06
12995 154.166 0.0201446 0.00359594 3.2758e-05 0.00356251 6.77407e-07 2.76848e-11 0.00247643 0.0109935 1.60344 1.45114 1.5874 1.6195 1.07414 -1.56488 -0.000563161 0.00133315 0.021536 0 -0.000149086 -0.000598053 0.00019284 -143.432 1 0 0 1.31576e-05 0.000159624 1.14223e-06
13000 154.267 0.0201446 0.00359282 3.26835e-05 0.00355946 6.74578e-07 2.75568e-11 0.00247643 0.0109935 1.60343 1.45114 1.58739 1.6195 1.07414 -1.56502 -0.000563161 0.00133315 0.021536 0 -0.000148684 -0.000596474 0.000192453 -143.445 1 0 0 1.31121e-05 0.000159194 1.13732e-06
13005 154.367 0.0201446 0.00358971 3.26094e-05 0.00355642 6.71771e-07 2.74298e-11 0.00247642 0.0109935 1.60343 1.45114 1.58738 1.6195 1.07414 -1.56516 -0.000563161 0.00133315 0.021536 0 -0.000148284 -0.000594902 0.000192068 -143.459 1 0 0 1.30669e-05 0.000158766 1.13244e-06
13010 154.468 0.0201446 0.0035866 3.25356e-05 0.0035534 6.68985e-07 2.73037e-11 0.00247641 0.0109935 1.60342 1.45114 1.58737 1.6195 1.07415 -1.56531 -0.000563161 0.00133315 0.021536 0 -0.000147887 -0.000593337 0.000191684 -143.472 1 0 0 1.3022e-05 0.000158341 1.1276e-06
13015 154.569 0.0201446 0.00358351 3.24621e-05 0.00355038 6.66219e-07 2.71786e-11 0.00247641 0.0109935 1.60341 1.45114 1.58736 1.61949 1.07415 -1.56545 -0.000563161 0.00133315 0.021536 0 -0.000147492 -0.00059178 0.000191303 -143.484 1 0 0 1.29774e-05 0.000157917 1.1228e-06
13020 154.67 0.0201446 0.00358043 3.23891e-05 0.00354737 6.63475e-07 2.70544e-11 0.0024764 0.0109935 1.60341 1.45114 1.58734 1.61949 1.07416 -1.56559 -0.000563161 0.00133315 0.021536 0 -0.000147099 -0.000590231 0.000190922 -143.497 1 0 0 1.29331e-05 0.000157496 1.11803e-06
13025 154.77 0.0201446 0.00357735 3.23163e-05 0.00354438 6.60751e-07 2.69312e-11 0.0024764 0.0109935 1.6034 1.45114 1.58733 1.61949 1.07416 -1.56573 -0.000563161 0.00133315 0.021536 0 -0.000146708 -0.000588688 0.000190544 -143.51 1 0 0 1.28892e-05 0.000157077 1.1133e-06
13030 154.871 0.0201446 0.00357429 3.22439e-05 0.00354139 6.58047e-07 2.6809e-11 0.00247639 0.0109935 1.6034 1.45114 1.58732 1.61948 1.07416 -1.56587 -0.000563161 0.00133315 0.021536 0 -0.000146319 -0.000587153 0.000190167 -143.523 1 0 0 1.28455e-05 0.000156659 1.10861e-06
13035 154.972 0.0201446 0.00357124 3.21718e-05 0.00353841 6.55363e-07 2.66876e-11 0.00247639 0.0109935 1.60339 1.45114 1.58731 1.61948 1.07417 -1.56601 -0.000563161 0.00133315 0.021536 0 -0.000145932 -0.000585625 0.000189792 -143.536 1 0 0 1.28022e-05 0.000156244 1.10396e-06
13040 155.073 0.0201446 0.0035682 3.21001e-05 0.00353545 6.527e-07 2.65672e-11 0.00247638 0.0109935 1.60339 1.45114 1.5873 1.61948 1.07417 -1.56615 -0.000563161 0.00133315 0.021536 0 -0.000145547 -0.000584104 0.000189419 -143.549 1 0 0 1.27591e-05 0.000155831 1.09934e-06
13045 155.173 0.0201446 0.00356517 3.20287e-05 0.00353249 6.50056e-07 2.64477e-11 0.00247637 0.0109935 1.60338 1.45114 1.58728 1.61948 1.07418 -1.56628 -0.000563161 0.00133315 0.021536 0 -0.000145165 -0.00058259 0.000189047 -143.561 1 0 0 1.27164e-05 0.00015542 1.09475e-06
13050 155.274 0.0201446 0.00356215 3.19576e-05 0.00352954 6.47432e-07 2.63291e-11 0.00247637 0.0109935 1.60338 1.45114 1.58727 1.61947 1.07418 -1.56642 -0.000563161 0.00133315 0.021536 0 -0.000144784 -0.000581083 0.000188677 -143.574 1 0 0 1.26739e-05 0.000155011 1.0902e-06
13055 155.375 0.0201446 0.00355914 3.18869e-05 0.00352661 6.44827e-07 2.62113e-11 0.00247636 0.0109935 1.60337 1.45114 1.58726 1.61947 1.07418 -1.56656 -0.000563161 0.00133315 0.021536 0 -0.000144406 -0.000579584 0.000188309 -143.587 1 0 0 1.26318e-05 0.000154604 1.08569e-06
13060 155.475 0.0201446 0.00355614 3.18165e-05 0.00352368 6.42242e-07 2.60945e-11 0.00247636 0.0109935 1.60337 1.45114 1.58725 1.61947 1.07419 -1.5667 -0.000563161 0.00133315 0.021536 0 -0.000144029 -0.000578091 0.000187942 -143.599 1 0 0 1.25899e-05 0.000154199 1.08121e-06
13065 155.576 0.0201446 0.00355314 3.17464e-05 0.00352076 6.39675e-07 2.59785e-11 0.00247635 0.0109935 1.60336 1.45114 1.58724 1.61946 1.07419 -1.56684 -0.000563161 0.00133315 0.021536 0 -0.000143655 -0.000576605 0.000187577 -143.612 1 0 0 1.25483e-05 0.000153795 1.07677e-06
13070 155.677 0.0201446 0.00355016 3.16766e-05 0.00351785 6.37128e-07 2.58634e-11 0.00247635 0.0109935 1.60335 1.45114 1.58723 1.61946 1.07419 -1.56697 -0.000563161 0.00133315 0.021536 0 -0.000143282 -0.000575126 0.000187213 -143.624 1 0 0 1.2507e-05 0.000153394 1.07235e-06
13075 155.778 0.0201446 0.00354719 3.16072e-05 0.00351495 6.346e-07 2.57492e-11 0.00247634 0.0109935 1.60335 1.45114 1.58721 1.61946 1.0742 -1.56711 -0.000563161 0.00133315 0.021536 0 -0.000142912 -0.000573653 0.000186851 -143.637 1 0 0 1.2466e-05 0.000152995 1.06798e-06
13080 155.878 0.0201446 0.00354423 3.15381e-05 0.00351206 6.3209e-07 2.56358e-11 0.00247634 0.0109935 1.60334 1.45114 1.5872 1.61946 1.0742 -1.56724 -0.000563161 0.00133315 0.021536 0 -0.000142543 -0.000572188 0.000186491 -143.649 1 0 0 1.24252e-05 0.000152597 1.06363e-06
13085 155.979 0.0201446 0.00354128 3.14693e-05 0.00350918 6.29598e-07 2.55233e-11 0.00247633 0.0109935 1.60334 1.45114 1.58719 1.61945 1.07421 -1.56738 -0.000563161 0.00133315 0.021536 0 -0.000142177 -0.000570729 0.000186132 -143.662 1 0 0 1.23848e-05 0.000152202 1.05932e-06
13090 156.08 0.0201446 0.00353834 3.14008e-05 0.00350631 6.27125e-07 2.54116e-11 0.00247633 0.0109935 1.60333 1.45114 1.58718 1.61945 1.07421 -1.56752 -0.000563161 0.00133315 0.021536 0 -0.000141812 -0.000569277 0.000185775 -143.674 1 0 0 1.23446e-05 0.000151808 1.05504e-06
13095 156.18 0.0201446 0.00353541 3.13326e-05 0.00350345 6.2467e-07 2.53007e-11 0.00247632 0.0109935 1.60333 1.45114 1.58717 1.61945 1.07421 -1.56765 -0.000563161 0.00133315 0.021536 0 -0.00014145 -0.000567831 0.000185419 -143.686 1 0 0 1.23047e-05 0.000151417 1.0508e-06
13100 156.281 0.0201446 0.00353248 3.12648e-05 0.0035006 6.22233e-07 2.51907e-11 0.00247631 0.0109935 1.60332 1.45114 1.58716 1.61944 1.07422 -1.56778 -0.000563161 0.00133315 0.021536 0 -0.000141089 -0.000566393 0.000185065 -143.699 1 0 0 1.22651e-05 0.000151027 1.04659e-06
13105 156.382 0.0201446 0.00352957 3.11972e-05 0.00349775 6.19814e-07 2.50814e-11 0.00247631 0.0109935 1.60332 1.45114 1.58715 1.61944 1.07422 -1.56792 -0.000563161 0.00133315 0.021536 0 -0.00014073 -0.00056496 0.000184713 -143.711 1 0 0 1.22257e-05 0.000150639 1.0424e-06
13110 156.483 0.0201446 0.00352667 3.113e-05 0.00349492 6.17413e-07 2.4973e-11 0.0024763 0.0109935 1.60331 1.45114 1.58713 1.61944 1.07422 -1.56805 -0.000563161 0.00133315 0.021536 0 -0.000140373 -0.000563534 0.000184361 -143.723 1 0 0 1.21866e-05 0.000150253 1.03825e-06
13115 156.583 0.0201446 0.00352377 3.1063e-05 0.00349209 6.15029e-07 2.48654e-11 0.0024763 0.0109935 1.60331 1.45114 1.58712 1.61944 1.07423 -1.56819 -0.000563161 0.00133315 0.021536 0 -0.000140018 -0.000562115 0.000184012 -143.735 1 0 0 1.21477e-05 0.000149869 1.03414e-06
13120 156.684 0.0201446 0.00352089 3.09964e-05 0.00348928 6.12662e-07 2.47586e-11 0.00247629 0.0109935 1.6033 1.45114 1.58711 1.61943 1.07423 -1.56832 -0.000563161 0.00133315 0.021536 0 -0.000139665 -0.000560702 0.000183664 -143.748 1 0 0 1.21092e-05 0.000149486 1.03005e-06
13125 156.785 0.0201446 0.00351801 3.09301e-05 0.00348647 6.10312e-07 2.46525e-11 0.00247629 0.0109935 1.6033 1.45114 1.5871 1.61943 1.07424 -1.56845 -0.000563161 0.00133315 0.021536 0 -0.000139313 -0.000559295 0.000183317 -143.76 1 0 0 1.20709e-05 0.000149105 1.02599e-06
13130 156.886 0.0201446 0.00351515 3.0864e-05 0.00348367 6.0798e-07 2.45472e-11 0.00247628 0.0109935 1.60329 1.45114 1.58709 1.61943 1.07424 -1.56858 -0.000563161 0.00133315 0.021536 0 -0.000138964 -0.000557895 0.000182972 -143.772 1 0 0 1.20328e-05 0.000148727 1.02197e-06
13135 156.986 0.0201446 0.00351229 3.07983e-05 0.00348089 6.05665e-07 2.44427e-11 0.00247628 0.0109935 1.60329 1.45114 1.58708 1.61942 1.07424 -1.56871 -0.000563161 0.00133315 0.021536 0 -0.000138616 -0.000556501 0.000182629 -143.784 1 0 0 1.1995e-05 0.00014835 1.01797e-06
13140 157.087 0.0201446 0.00350944 3.07328e-05 0.00347811 6.03366e-07 2.4339e-11 0.00247627 0.0109935 1.60328 1.45114 1.58707 1.61942 1.07425 -1.56885 -0.000563161 0.00133315 0.021536 0 -0.00013827 -0.000555113 0.000182287 -143.796 1 0 0 1.19574e-05 0.000147974 1.014e-06
13145 157.188 0.0201446 0.0035066 3.06677e-05 0.00347534 6.01084e-07 2.4236e-11 0.00247627 0.0109935 1.60328 1.45114 1.58706 1.61942 1.07425 -1.56898 -0.000563161 0.00133315 0.021536 0 -0.000137926 -0.000553732 0.000181946 -143.808 1 0 0 1.19201e-05 0.000147601 1.01007e-06
13150 157.288 0.0201446 0.00350378 3.06028e-05 0.00347257 5.98818e-07 2.41338e-11 0.00247626 0.0109935 1.60327 1.45114 1.58704 1.61942 1.07425 -1.56911 -0.000563161 0.00133315 0.021536 0 -0.000137584 -0.000552356 0.000181607 -143.82 1 0 0 1.18831e-05 0.000147229 1.00616e-06
13155 157.389 0.0201446 0.00350096 3.05383e-05 0.00346982 5.96569e-07 2.40323e-11 0.00247626 0.0109935 1.60327 1.45114 1.58703 1.61941 1.07426 -1.56924 -0.000563161 0.00133315 0.021536 0 -0.000137243 -0.000550987 0.00018127 -143.832 1 0 0 1.18463e-05 0.000146859 1.00228e-06
13160 157.49 0.0201446 0.00349814 3.0474e-05 0.00346708 5.94336e-07 2.39315e-11 0.00247625 0.0109935 1.60326 1.45114 1.58702 1.61941 1.07426 -1.56937 -0.000563161 0.00133315 0.021536 0 -0.000136905 -0.000549624 0.000180933 -143.844 1 0 0 1.18097e-05 0.000146491 9.98434e-07
13165 157.591 0.0201446 0.00349534 3.041e-05 0.00346434 5.92119e-07 2.38315e-11 0.00247625 0.0109935 1.60325 1.45114 1.58701 1.61941 1.07426 -1.5695 -0.000563161 0.00133315 0.021536 0 -0.000136568 -0.000548267 0.000180599 -143.856 1 0 0 1.17734e-05 0.000146124 9.94614e-07
13170 157.691 0.0201446 0.00349255 3.03463e-05 0.00346161 5.89918e-07 2.37322e-11 0.00247624 0.0109935 1.60325 1.45114 1.587 1.6194 1.07427 -1.56963 -0.000563161 0.00133315 0.021536 0 -0.000136232 -0.000546916 0.000180265 -143.867 1 0 0 1.17374e-05 0.000145759 9.90823e-07
13175 157.792 0.0201446 0.00348977 3.02828e-05 0.0034589 5.87733e-07 2.36337e-11 0.00247624 0.0109935 1.60324 1.45114 1.58699 1.6194 1.07427 -1.56975 -0.000563161 0.00133315 0.021536 0 -0.000135899 -0.000545571 0.000179933 -143.879 1 0 0 1.17015e-05 0.000145396 9.87059e-07
13180 157.893 0.0201446 0.00348699 3.02197e-05 0.00345619 5.85563e-07 2.35358e-11 0.00247623 0.0109935 1.60324 1.45114 1.58698 1.6194 1.07428 -1.56988 -0.000563161 0.00133315 0.021536 0 -0.000135567 -0.000544231 0.000179603 -143.891 1 0 0 1.16659e-05 0.000145035 9.83324e-07
13185 157.994 0.0201446 0.00348423 3.01568e-05 0.00345348 5.83409e-07 2.34386e-11 0.00247623 0.0109935 1.60323 1.45114 1.58697 1.6194 1.07428 -1.57001 -0.000563161 0.00133315 0.021536 0 -0.000135237 -0.000542898 0.000179274 -143.903 1 0 0 1.16306e-05 0.000144675 9.79616e-07
13190 158.094 0.0201446 0.00348147 3.00942e-05 0.00345079 5.8127e-07 2.33422e-11 0.00247622 0.0109935 1.60323 1.45114 1.58696 1.61939 1.07428 -1.57014 -0.000563161 0.00133315 0.021536 0 -0.000134909 -0.000541571 0.000178946 -143.914 1 0 0 1.15955e-05 0.000144317 9.75935e-07
13195 158.195 0.0201446 0.00347872 3.00319e-05 0.00344811 5.79147e-07 2.32464e-11 0.00247622 0.0109935 1.60322 1.45114 1.58695 1.61939 1.07429 -1.57027 -0.000563161 0.00133315 0.021536 0 -0.000134582 -0.000540249 0.00017862 -143.926 1 0 0 1.15606e-05 0.00014396 9.72282e-07
13200 158.296 0.0201446 0.00347598 2.99699e-05 0.00344543 5.77039e-07 2.31513e-11 0.00247621 0.0109935 1.60322 1.45114 1.58694 1.61939 1.07429 -1.57039 -0.000563161 0.00133315 0.021536 0 -0.000134257 -0.000538934 0.000178295 -143.938 1 0 0 1.15259e-05 0.000143605 9.68656e-07
13205 158.396 0.0201446 0.00347325 2.99081e-05 0.00344277 5.74945e-07 2.30569e-11 0.00247621 0.0109935 1.60321 1.45114 1.58692 1.61939 1.07429 -1.57052 -0.000563161 0.00133315 0.021536 0 -0.000133934 -0.000537624 0.000177972 -143.949 1 0 0 1.14915e-05 0.000143252 9.65056e-07
13210 158.497 0.0201446 0.00347053 2.98466e-05 0.00344011 5.72867e-07 2.29632e-11 0.0024762 0.0109935 1.60321 1.45114 1.58691 1.61938 1.0743 -1.57064 -0.000563161 0.00133315 0.021536 0 -0.000133612 -0.000536319 0.000177649 -143.961 1 0 0 1.14573e-05 0.0001429 9.61483e-07
13215 158.598 0.0201446 0.00346781 2.97854e-05 0.00343746 5.70803e-07 2.28701e-11 0.0024762 0.0109935 1.6032 1.45114 1.5869 1.61938 1.0743 -1.57077 -0.000563161 0.00133315 0.021536 0 -0.000133292 -0.000535021 0.000177329 -143.972 1 0 0 1.14233e-05 0.00014255 9.57937e-07
13220 158.699 0.0201446 0.00346511 2.97244e-05 0.00343481 5.68754e-07 2.27777e-11 0.00247619 0.0109935 1.6032 1.45114 1.58689 1.61938 1.0743 -1.5709 -0.000563161 0.00133315 0.021536 0 -0.000132973 -0.000533728 0.000177009 -143.984 1 0 0 1.13895e-05 0.000142202 9.54416e-07
13225 158.799 0.0201446 0.00346241 2.96637e-05 0.00343218 5.66719e-07 2.2686e-11 0.00247619 0.0109935 1.60319 1.45114 1.58688 1.61938 1.07431 -1.57102 -0.000563161 0.00133315 0.021536 0 -0.000132657 -0.000532441 0.000176691 -143.995 1 0 0 1.1356e-05 0.000141855 9.50921e-07
13230 158.9 0.0201446 0.00345972 2.96033e-05 0.00342955 5.64699e-07 2.25949e-11 0.00247618 0.0109935 1.60319 1.45114 1.58687 1.61937 1.07431 -1.57115 -0.000563161 0.00133315 0.021536 0 -0.000132341 -0.000531159 0.000176374 -144.007 1 0 0 1.13227e-05 0.00014151 9.47451e-07
13235 159.001 0.0201446 0.00345704 2.95432e-05 0.00342694 5.62693e-07 2.25044e-11 0.00247618 0.0109935 1.60319 1.45114 1.58686 1.61937 1.07432 -1.57127 -0.000563161 0.00133315 0.021536 0 -0.000132028 -0.000529883 0.000176059 -144.018 1 0 0 1.12896e-05 0.000141166 9.44007e-07
13240 159.101 0.0201446 0.00345437 2.94832e-05 0.00342433 5.60701e-07 2.24146e-11 0.00247617 0.0109935 1.60318 1.45114 1.58685 1.61937 1.07432 -1.57139 -0.000563161 0.00133315 0.021536 0 -0.000131716 -0.000528612 0.000175745 -144.03 1 0 0 1.12567e-05 0.000140824 9.40589e-07
13245 159.202 0.0201446 0.00345171 2.94236e-05 0.00342173 5.58724e-07 2.23255e-11 0.00247617 0.0109935 1.60318 1.45114 1.58684 1.61936 1.07432 -1.57152 -0.000563161 0.00133315 0.021536 0 -0.000131406 -0.000527347 0.000175432 -144.041 1 0 0 1.1224e-05 0.000140483 9.37195e-07
13250 159.303 0.0201446 0.00344905 2.93642e-05 0.00341913 5.5676e-07 2.22369e-11 0.00247616 0.0109935 1.60317 1.45114 1.58683 1.61936 1.07433 -1.57164 -0.000563161 0.00133315 0.021536 0 -0.000131097 -0.000526087 0.000175121 -144.052 1 0 0 1.11915e-05 0.000140144 9.33825e-07
13255 159.404 0.0201446 0.00344641 2.93051e-05 0.00341655 5.5481e-07 2.2149e-11 0.00247616 0.0109935 1.60317 1.45114 1.58682 1.61936 1.07433 -1.57176 -0.000563161 0.00133315 0.021536 0 -0.000130789 -0.000524833 0.000174811 -144.064 1 0 0 1.11593e-05 0.000139807 9.30481e-07
13260 159.504 0.0201446 0.00344377 2.92462e-05 0.00341397 5.52873e-07 2.20617e-11 0.00247615 0.0109935 1.60316 1.45114 1.58681 1.61936 1.07433 -1.57189 -0.000563161 0.00133315 0.021536 0 -0.000130484 -0.000523584 0.000174502 -144.075 1 0 0 1.11272e-05 0.000139471 9.2716e-07
13265 159.605 0.0201446 0.00344114 2.91876e-05 0.0034114 5.5095e-07 2.1975e-11 0.00247615 0.0109935 1.60316 1.45114 1.5868 1.61935 1.07434 -1.57201 -0.000563161 0.00133315 0.021536 0 -0.000130179 -0.00052234 0.000174194 -144.086 1 0 0 1.10954e-05 0.000139136 9.23864e-07
13270 159.706 0.0201446 0.00343852 2.91292e-05 0.00340884 5.49041e-07 2.18889e-11 0.00247614 0.0109935 1.60315 1.45114 1.58679 1.61935 1.07434 -1.57213 -0.000563161 0.00133315 0.021536 0 -0.000129877 -0.000521102 0.000173888 -144.097 1 0 0 1.10638e-05 0.000138803 9.20591e-07
13275 159.807 0.0201446 0.0034359 2.90711e-05 0.00340628 5.47145e-07 2.18034e-11 0.00247614 0.0109935 1.60315 1.45114 1.58678 1.61935 1.07434 -1.57225 -0.000563161 0.00133315 0.021536 0 -0.000129576 -0.000519869 0.000173583 -144.108 1 0 0 1.10323e-05 0.000138472 9.17342e-07
13280 159.907 0.0201446 0.0034333 2.90132e-05 0.00340374 5.45262e-07 2.17186e-11 0.00247613 0.0109935 1.60314 1.45114 1.58676 1.61935 1.07435 -1.57237 -0.000563161 0.00133315 0.021536 0 -0.000129276 -0.000518641 0.000173279 -144.12 1 0 0 1.10011e-05 0.000138142 9.14117e-07
13285 160.008 0.0201446 0.0034307 2.89556e-05 0.0034012 5.43392e-07 2.16343e-11 0.00247613 0.0109935 1.60314 1.45114 1.58675 1.61934 1.07435 -1.5725 -0.000563161 0.00133315 0.021536 0 -0.000128978 -0.000517419 0.000172977 -144.131 1 0 0 1.09701e-05 0.000137813 9.10915e-07
13290 160.109 0.0201446 0.00342811 2.88982e-05 0.00339867 5.41535e-07 2.15506e-11 0.00247612 0.0109935 1.60313 1.45114 1.58674 1.61934 1.07435 -1.57262 -0.000563161 0.00133315 0.021536 0 -0.000128681 -0.000516202 0.000172676 -144.142 1 0 0 1.09393e-05 0.000137486 9.07736e-07
13295 160.209 0.0201446 0.00342553 2.8841e-05 0.00339615 5.39691e-07 2.14675e-11 0.00247612 0.0109935 1.60313 1.45114 1.58673 1.61934 1.07436 -1.57274 -0.000563161 0.00133315 0.021536 0 -0.000128386 -0.00051499 0.000172376 -144.153 1 0 0 1.09086e-05 0.000137161 9.04579e-07
13300 160.31 0.0201446 0.00342296 2.87842e-05 0.00339363 5.3786e-07 2.13849e-11 0.00247611 0.0109935 1.60312 1.45114 1.58672 1.61934 1.07436 -1.57286 -0.000563161 0.00133315 0.021536 0 -0.000128092 -0.000513783 0.000172077 -144.164 1 0 0 1.08782e-05 0.000136837 9.01446e-07
13305 160.411 0.0201446 0.00342039 2.87275e-05 0.00339113 5.36042e-07 2.13029e-11 0.00247611 0.0109935 1.60312 1.45114 1.58671 1.61933 1.07436 -1.57298 -0.000563161 0.00133315 0.021536 0 -0.0001278 -0.000512581 0.00017178 -144.175 1 0 0 1.0848e-05 0.000136514 8.98335e-07
13310 160.512 0.0201446 0.00341783 2.86711e-05 0.00338863 5.34236e-07 2.12215e-11 0.0024761 0.0109935 1.60311 1.45114 1.5867 1.61933 1.07437 -1.5731 -0.000563161 0.00133315 0.021536 0 -0.000127509 -0.000511384 0.000171483 -144.186 1 0 0 1.08179e-05 0.000136193 8.95246e-07
13315 160.612 0.0201446 0.00341528 2.86149e-05 0.00338613 5.32443e-07 2.11407e-11 0.0024761 0.0109935 1.60311 1.45114 1.58669 1.61933 1.07437 -1.57322 -0.000563161 0.00133315 0.021536 0 -0.00012722 -0.000510192 0.000171189 -144.197 1 0 0 1.07881e-05 0.000135873 8.92179e-07
13320 160.713 0.0201446 0.00341274 2.8559e-05 0.00338365 5.30662e-07 2.10604e-11 0.00247609 0.0109935 1.6031 1.45114 1.58668 1.61933 1.07437 -1.57333 -0.000563161 0.00133315 0.021536 0 -0.000126932 -0.000509005 0.000170895 -144.207 1 0 0 1.07584e-05 0.000135554 8.89135e-07
13325 160.814 0.0201446 0.00341021 2.85033e-05 0.00338117 5.28893e-07 2.09807e-11 0.00247609 0.0109935 1.6031 1.45114 1.58667 1.61932 1.07438 -1.57345 -0.000563161 0.00133315 0.021536 0 -0.000126646 -0.000507823 0.000170602 -144.218 1 0 0 1.07289e-05 0.000135237 8.86111e-07
13330 160.914 0.0201446 0.00340768 2.84478e-05 0.0033787 5.27136e-07 2.09015e-11 0.00247608 0.0109935 1.60309 1.45114 1.58666 1.61932 1.07438 -1.57357 -0.000563161 0.00133315 0.021536 0 -0.000126361 -0.000506646 0.000170311 -144.229 1 0 0 1.06996e-05 0.000134922 8.8311e-07
13335 161.015 0.0201446 0.00340516 2.83926e-05 0.00337624 5.25392e-07 2.08229e-11 0.00247608 0.0109935 1.60309 1.45114 1.58665 1.61932 1.07438 -1.57369 -0.000563161 0.00133315 0.021536 0 -0.000126077 -0.000505474 0.000170021 -144.24 1 0 0 1.06705e-05 0.000134607 8.8013e-07
13340 161.116 0.0201446 0.00340265 2.83376e-05 0.00337379 5.2366e-07 2.07448e-11 0.00247607 0.0109935 1.60309 1.45114 1.58664 1.61932 1.07439 -1.57381 -0.000563161 0.00133315 0.021536 0 -0.000125795 -0.000504307 0.000169732 -144.251 1 0 0 1.06416e-05 0.000134294 8.77171e-07
13345 161.217 0.0201446 0.00340015 2.82828e-05 0.00337134 5.21939e-07 2.06672e-11 0.00247607 0.0109935 1.60308 1.45114 1.58663 1.61931 1.07439 -1.57392 -0.000563161 0.00133315 0.021536 0 -0.000125514 -0.000503145 0.000169444 -144.261 1 0 0 1.06128e-05 0.000133983 8.74233e-07
13350 161.317 0.0201446 0.00339765 2.82282e-05 0.0033689 5.2023e-07 2.05902e-11 0.00247606 0.0109935 1.60308 1.45114 1.58662 1.61931 1.0744 -1.57404 -0.000563161 0.00133315 0.021536 0 -0.000125235 -0.000501988 0.000169157 -144.272 1 0 0 1.05843e-05 0.000133673 8.71316e-07
13355 161.418 0.0201446 0.00339516 2.81739e-05 0.00336647 5.18533e-07 2.05137e-11 0.00247606 0.0109935 1.60307 1.45114 1.58661 1.61931 1.0744 -1.57416 -0.000563161 0.00133315 0.021536 0 -0.000124957 -0.000500835 0.000168872 -144.283 1 0 0 1.05559e-05 0.000133364 8.68419e-07
13360 161.519 0.0201446 0.00339268 2.81198e-05 0.00336404 5.16847e-07 2.04377e-11 0.00247606 0.0109935 1.60307 1.45114 1.5866 1.61931 1.0744 -1.57427 -0.000563161 0.00133315 0.021536 0 -0.00012468 -0.000499687 0.000168588 -144.293 1 0 0 1.05277e-05 0.000133056 8.65543e-07
13365 161.62 0.0201446 0.00339021 2.80659e-05 0.00336163 5.15173e-07 2.03622e-11 0.00247605 0.0109935 1.60306 1.45114 1.58659 1.6193 1.07441 -1.57439 -0.000563161 0.00133315 0.021536 0 -0.000124404 -0.000498544 0.000168305 -144.304 1 0 0 1.04997e-05 0.00013275 8.62687e-07
13370 161.72 0.0201446 0.00338774 2.80123e-05 0.00335922 5.13511e-07 2.02873e-11 0.00247605 0.0109935 1.60306 1.45114 1.58658 1.6193 1.07441 -1.5745 -0.000563161 0.00133315 0.021536 0 -0.000124131 -0.000497406 0.000168023 -144.315 1 0 0 1.04718e-05 0.000132445 8.59851e-07
13375 161.821 0.0201446 0.00338528 2.79589e-05 0.00335681 5.11859e-07 2.02128e-11 0.00247604 0.0109935 1.60305 1.45114 1.58657 1.6193 1.07441 -1.57462 -0.000563161 0.00133315 0.021536 0 -0.000123858 -0.000496272 0.000167742 -144.325 1 0 0 1.04441e-05 0.000132142 8.57036e-07
13380 161.922 0.0201446 0.00338283 2.79057e-05 0.00335442 5.10219e-07 2.01389e-11 0.00247604 0.0109935 1.60305 1.45114 1.58656 1.6193 1.07442 -1.57473 -0.000563161 0.00133315 0.021536 0 -0.000123587 -0.000495143 0.000167463 -144.336 1 0 0 1.04166e-05 0.000131839 8.5424e-07
13385 162.022 0.0201446 0.00338039 2.78527e-05 0.00335203 5.0859e-07 2.00654e-11 0.00247603 0.0109935 1.60304 1.45114 1.58655 1.61929 1.07442 -1.57485 -0.000563161 0.00133315 0.021536 0 -0.000123317 -0.000494019 0.000167184 -144.346 1 0 0 1.03893e-05 0.000131538 8.51464e-07
13390 162.123 0.0201446 0.00337795 2.77999e-05 0.00334964 5.06972e-07 1.99925e-11 0.00247603 0.0109935 1.60304 1.45114 1.58654 1.61929 1.07442 -1.57496 -0.000563161 0.00133315 0.021536 0 -0.000123048 -0.000492899 0.000166907 -144.357 1 0 0 1.03621e-05 0.000131239 8.48707e-07
13395 162.224 0.0201446 0.00337552 2.77474e-05 0.00334727 5.05365e-07 1.992e-11 0.00247602 0.0109935 1.60304 1.45114 1.58653 1.61929 1.07443 -1.57508 -0.000563161 0.00133315 0.021536 0 -0.00012278 -0.000491784 0.000166631 -144.367 1 0 0 1.03351e-05 0.000130941 8.45969e-07
13400 162.325 0.0201446 0.0033731 2.76951e-05 0.0033449 5.03769e-07 1.98481e-11 0.00247602 0.0109935 1.60303 1.45114 1.58652 1.61929 1.07443 -1.57519 -0.000563161 0.00133315 0.021536 0 -0.000122514 -0.000490673 0.000166356 -144.378 1 0 0 1.03083e-05 0.000130643 8.43251e-07
13405 162.425 0.0201446 0.00337069 2.76429e-05 0.00334254 5.02183e-07 1.97766e-11 0.00247601 0.0109935 1.60303 1.45114 1.58651 1.61928 1.07443 -1.5753 -0.000563161 0.00133315 0.021536 0 -0.00012225 -0.000489567 0.000166082 -144.388 1 0 0 1.02816e-05 0.000130348 8.40552e-07
13410 162.526 0.0201446 0.00336828 2.7591e-05 0.00334019 5.00609e-07 1.97056e-11 0.00247601 0.0109935 1.60302 1.45114 1.5865 1.61928 1.07444 -1.57542 -0.000563161 0.00133315 0.021536 0 -0.000121986 -0.000488466 0.000165809 -144.398 1 0 0 1.02551e-05 0.000130053 8.37871e-07
13415 162.627 0.0201446 0.00336588 2.75393e-05 0.00333784 4.99045e-07 1.96351e-11 0.002476 0.0109935 1.60302 1.45114 1.58649 1.61928 1.07444 -1.57553 -0.000563161 0.00133315 0.021536 0 -0.000121724 -0.000487369 0.000165537 -144.409 1 0 0 1.02288e-05 0.00012976 8.35209e-07
13420 162.727 0.0201446 0.00336349 2.74879e-05 0.0033355 4.97491e-07 1.9565e-11 0.002476 0.0109935 1.60301 1.45114 1.58648 1.61928 1.07444 -1.57564 -0.000563161 0.00133315 0.021536 0 -0.000121463 -0.000486276 0.000165266 -144.419 1 0 0 1.02026e-05 0.000129468 8.32566e-07
13425 162.828 0.0201446 0.0033611 2.74366e-05 0.00333317 4.95948e-07 1.94954e-11 0.002476 0.0109935 1.60301 1.45114 1.58647 1.61927 1.07445 -1.57576 -0.000563161 0.00133315 0.021536 0 -0.000121203 -0.000485188 0.000164997 -144.429 1 0 0 1.01766e-05 0.000129177 8.29941e-07
13430 162.929 0.0201446 0.00335872 2.73855e-05 0.00333084 4.94415e-07 1.94263e-11 0.00247599 0.0109935 1.603 1.45114 1.58646 1.61927 1.07445 -1.57587 -0.000563161 0.00133315 0.021536 0 -0.000120945 -0.000484104 0.000164728 -144.44 1 0 0 1.01507e-05 0.000128887 8.27334e-07
13435 163.03 0.0201446 0.00335635 2.73347e-05 0.00332852 4.92892e-07 1.93577e-11 0.00247599 0.0109935 1.603 1.45114 1.58645 1.61927 1.07445 -1.57598 -0.000563161 0.00133315 0.021536 0 -0.000120688 -0.000483025 0.000164461 -144.45 1 0 0 1.0125e-05 0.000128599 8.24745e-07
13440 163.13 0.0201446 0.00335398 2.7284e-05 0.00332621 4.9138e-07 1.92895e-11 0.00247598 0.0109935 1.603 1.45114 1.58644 1.61927 1.07446 -1.57609 -0.000563161 0.00133315 0.021536 0 -0.000120432 -0.00048195 0.000164195 -144.46 1 0 0 1.00995e-05 0.000128312 8.22174e-07
13445 163.231 0.0201446 0.00335163 2.72336e-05 0.0033239 4.89878e-07 1.92217e-11 0.00247598 0.0109935 1.60299 1.45114 1.58643 1.61926 1.07446 -1.5762 -0.000563161 0.00133315 0.021536 0 -0.000120177 -0.000480879 0.00016393 -144.47 1 0 0 1.00741e-05 0.000128026 8.19621e-07
13450 163.332 0.0201446 0.00334928 2.71834e-05 0.0033216 4.88385e-07 1.91544e-11 0.00247597 0.0109935 1.60299 1.45114 1.58642 1.61926 1.07446 -1.57631 -0.000563161 0.00133315 0.021536 0 -0.000119924 -0.000479813 0.000163665 -144.48 1 0 0 1.00489e-05 0.000127741 8.17086e-07
13455 163.433 0.0201446 0.00334693 2.71333e-05 0.00331931 4.86903e-07 1.90876e-11 0.00247597 0.0109935 1.60298 1.45114 1.58641 1.61926 1.07447 -1.57642 -0.000563161 0.00133315 0.021536 0 -0.000119671 -0.00047875 0.000163402 -144.491 1 0 0 1.00238e-05 0.000127458 8.14568e-07
13460 163.533 0.0201446 0.00334459 2.70835e-05 0.00331703 4.85431e-07 1.90212e-11 0.00247596 0.0109935 1.60298 1.45114 1.5864 1.61926 1.07447 -1.57653 -0.000563161 0.00133315 0.021536 0 -0.00011942 -0.000477693 0.00016314 -144.501 1 0 0 9.99889e-06 0.000127176 8.12067e-07
13465 163.634 0.0201446 0.00334226 2.70339e-05 0.00331475 4.83968e-07 1.89552e-11 0.00247596 0.0109935 1.60297 1.45114 1.58639 1.61925 1.07447 -1.57664 -0.000563161 0.00133315 0.021536 0 -0.00011917 -0.000476639 0.000162879 -144.511 1 0 0 9.97412e-06 0.000126894 8.09584e-07
13470 163.735 0.0201446 0.00333994 2.69844e-05 0.00331247 4.82515e-07 1.88897e-11 0.00247596 0.0109935 1.60297 1.45114 1.58639 1.61925 1.07448 -1.57675 -0.000563161 0.00133315 0.021536 0 -0.000118922 -0.000475589 0.00016262 -144.521 1 0 0 9.9495e-06 0.000126614 8.07117e-07
13475 163.835 0.0201446 0.00333762 2.69352e-05 0.00331021 4.81072e-07 1.88246e-11 0.00247595 0.0109935 1.60297 1.45114 1.58638 1.61925 1.07448 -1.57686 -0.000563161 0.00133315 0.021536 0 -0.000118674 -0.000474544 0.000162361 -144.531 1 0 0 9.92503e-06 0.000126336 8.04668e-07
13480 163.936 0.0201446 0.00333531 2.68862e-05 0.00330795 4.79638e-07 1.87599e-11 0.00247595 0.0109935 1.60296 1.45114 1.58637 1.61925 1.07448 -1.57697 -0.000563161 0.00133315 0.021536 0 -0.000118428 -0.000473503 0.000162103 -144.541 1 0 0 9.9007e-06 0.000126058 8.02235e-07
13485 164.037 0.0201446 0.00333301 2.68373e-05 0.0033057 4.78214e-07 1.86957e-11 0.00247594 0.0109935 1.60296 1.45114 1.58636 1.61924 1.07449 -1.57708 -0.000563161 0.00133315 0.021536 0 -0.000118183 -0.000472466 0.000161846 -144.551 1 0 0 9.87652e-06 0.000125782 7.99819e-07
13490 164.138 0.0201446 0.00333072 2.67887e-05 0.00330345 4.76799e-07 1.86318e-11 0.00247594 0.0109935 1.60295 1.45114 1.58635 1.61924 1.07449 -1.57719 -0.000563161 0.00133315 0.021536 0 -0.000117939 -0.000471433 0.00016159 -144.561 1 0 0 9.85249e-06 0.000125506 7.97419e-07
13495 164.238 0.0201446 0.00332843 2.67402e-05 0.00330121 4.75393e-07 1.85684e-11 0.00247593 0.0109935 1.60295 1.45114 1.58634 1.61924 1.07449 -1.5773 -0.000563161 0.00133315 0.021536 0 -0.000117696 -0.000470404 0.000161336 -144.571 1 0 0 9.8286e-06 0.000125232 7.95036e-07
13500 164.339 0.0201446 0.00332614 2.6692e-05 0.00329898 4.73997e-07 1.85054e-11 0.00247593 0.0109935 1.60294 1.45114 1.58633 1.61924 1.07449 -1.5774 -0.000563161 0.00133315 0.021536 0 -0.000117455 -0.00046938 0.000161082 -144.581 1 0 0 9.80486e-06 0.000124959 7.92669e-07
13505 164.44 0.0201446 0.00332387 2.66439e-05 0.00329675 4.7261e-07 1.84428e-11 0.00247593 0.0109935 1.60294 1.45114 1.58632 1.61923 1.0745 -1.57751 -0.000563161 0.00133315 0.021536 0 -0.000117214 -0.000468359 0.000160829 -144.59 1 0 0 9.78126e-06 0.000124687 7.90318e-07
13510 164.54 0.0201446 0.0033216 2.6596e-05 0.00329453 4.71232e-07 1.83807e-11 0.00247592 0.0109935 1.60294 1.45114 1.58631 1.61923 1.0745 -1.57762 -0.000563161 0.00133315 0.021536 0 -0.000116975 -0.000467342 0.000160578 -144.6 1 0 0 9.7578e-06 0.000124416 7.87983e-07
13515 164.641 0.0201446 0.00331933 2.65483e-05 0.00329232 4.69863e-07 1.83189e-11 0.00247592 0.0109935 1.60293 1.45114 1.5863 1.61923 1.0745 -1.57773 -0.000563161 0.00133315 0.021536 0 -0.000116737 -0.00046633 0.000160327 -144.61 1 0 0 9.73448e-06 0.000124147 7.85663e-07
13520 164.742 0.0201446 0.00331708 2.65008e-05 0.00329011 4.68503e-07 1.82575e-11 0.00247591 0.0109935 1.60293 1.45114 1.58629 1.61923 1.07451 -1.57783 -0.000563161 0.00133315 0.021536 0 -0.0001165 -0.000465321 0.000160077 -144.62 1 0 0 9.7113e-06 0.000123878 7.8336e-07
13525 164.843 0.0201446 0.00331483 2.64535e-05 0.00328791 4.67152e-07 1.81966e-11 0.00247591 0.0109935 1.60292 1.45114 1.58628 1.61923 1.07451 -1.57794 -0.000563161 0.00133315 0.021536 0 -0.000116264 -0.000464317 0.000159829 -144.63 1 0 0 9.68825e-06 0.000123611 7.81072e-07
13530 164.943 0.0201446 0.00331258 2.64064e-05 0.00328571 4.6581e-07 1.8136e-11 0.0024759 0.0109935 1.60292 1.45114 1.58627 1.61922 1.07451 -1.57805 -0.000563161 0.00133315 0.021536 0 -0.000116029 -0.000463316 0.000159581 -144.639 1 0 0 9.66535e-06 0.000123344 7.78799e-07
13535 165.044 0.0201446 0.00331035 2.63595e-05 0.00328352 4.64477e-07 1.80758e-11 0.0024759 0.0109935 1.60291 1.45114 1.58626 1.61922 1.07452 -1.57815 -0.000563161 0.00133315 0.021536 0 -0.000115795 -0.000462319 0.000159334 -144.649 1 0 0 9.64258e-06 0.000123079 7.76542e-07
13540 165.145 0.0201446 0.00330812 2.63127e-05 0.00328134 4.63152e-07 1.8016e-11 0.0024759 0.0109935 1.60291 1.45114 1.58625 1.61922 1.07452 -1.57826 -0.000563161 0.00133315 0.021536 0 -0.000115562 -0.000461326 0.000159089 -144.659 1 0 0 9.61994e-06 0.000122815 7.743e-07
13545 165.246 0.0201446 0.00330589 2.62661e-05 0.00327916 4.61836e-07 1.79566e-11 0.00247589 0.0109935 1.60291 1.45114 1.58624 1.61922 1.07452 -1.57836 -0.000563161 0.00133315 0.021536 0 -0.000115331 -0.000460337 0.000158844 -144.668 1 0 0 9.59744e-06 0.000122551 7.72074e-07
13550 165.346 0.0201446 0.00330367 2.62198e-05 0.00327699 4.60528e-07 1.78976e-11 0.00247589 0.0109935 1.6029 1.45114 1.58623 1.61921 1.07453 -1.57847 -0.000563161 0.00133315 0.021536 0 -0.0001151 -0.000459352 0.0001586 -144.678 1 0 0 9.57508e-06 0.000122289 7.69862e-07
13555 165.447 0.0201446 0.00330146 2.61735e-05 0.00327483 4.59229e-07 1.7839e-11 0.00247588 0.0109935 1.6029 1.45114 1.58623 1.61921 1.07453 -1.57857 -0.000563161 0.00133315 0.021536 0 -0.000114871 -0.00045837 0.000158357 -144.688 1 0 0 9.55284e-06 0.000122028 7.67665e-07
13560 165.548 0.0201446 0.00329926 2.61275e-05 0.00327267 4.57939e-07 1.77807e-11 0.00247588 0.0109935 1.60289 1.45114 1.58622 1.61921 1.07453 -1.57868 -0.000563161 0.00133315 0.021536 0 -0.000114643 -0.000457393 0.000158115 -144.697 1 0 0 9.53074e-06 0.000121768 7.65482e-07
13565 165.648 0.0201446 0.00329706 2.60817e-05 0.00327052 4.56656e-07 1.77229e-11 0.00247587 0.0109935 1.60289 1.45114 1.58621 1.61921 1.07454 -1.57878 -0.000563161 0.00133315 0.021536 0 -0.000114416 -0.000456419 0.000157875 -144.707 1 0 0 9.50876e-06 0.00012151 7.63315e-07
13570 165.749 0.0201446 0.00329486 2.6036e-05 0.00326837 4.55382e-07 1.76653e-11 0.00247587 0.0109935 1.60289 1.45114 1.5862 1.6192 1.07454 -1.57889 -0.000563161 0.00133315 0.021536 0 -0.00011419 -0.000455449 0.000157635 -144.716 1 0 0 9.48692e-06 0.000121252 7.61161e-07
13575 165.85 0.0201446 0.00329268 2.59905e-05 0.00326623 4.54117e-07 1.76082e-11 0.00247587 0.0109935 1.60288 1.45114 1.58619 1.6192 1.07454 -1.57899 -0.000563161 0.00133315 0.021536 0 -0.000113964 -0.000454483 0.000157396 -144.726 1 0 0 9.4652e-06 0.000120995 7.59022e-07
13580 165.951 0.0201446 0.0032905 2.59452e-05 0.0032641 4.52859e-07 1.75514e-11 0.00247586 0.0109935 1.60288 1.45114 1.58618 1.6192 1.07455 -1.57909 -0.000563161 0.00133315 0.021536 0 -0.00011374 -0.00045352 0.000157158 -144.735 1 0 0 9.44361e-06 0.000120739 7.56898e-07
13585 166.051 0.0201446 0.00328832 2.59001e-05 0.00326197 4.5161e-07 1.7495e-11 0.00247586 0.0109935 1.60287 1.45114 1.58617 1.6192 1.07455 -1.5792 -0.000563161 0.00133315 0.021536 0 -0.000113517 -0.000452561 0.00015692 -144.745 1 0 0 9.42215e-06 0.000120484 7.54787e-07
13590 166.152 0.0201446 0.00328616 2.58551e-05 0.00325985 4.50368e-07 1.74389e-11 0.00247585 0.0109935 1.60287 1.45114 1.58616 1.6192 1.07455 -1.5793 -0.000563161 0.00133315 0.021536 0 -0.000113295 -0.000451606 0.000156684 -144.754 1 0 0 9.40081e-06 0.000120231 7.52691e-07
13595 166.253 0.0201446 0.003284 2.58103e-05 0.00325774 4.49135e-07 1.73833e-11 0.00247585 0.0109935 1.60287 1.45114 1.58615 1.61919 1.07456 -1.5794 -0.000563161 0.00133315 0.021536 0 -0.000113075 -0.000450655 0.000156449 -144.764 1 0 0 9.3796e-06 0.000119978 7.50608e-07
13600 166.353 0.0201446 0.00328184 2.57657e-05 0.00325563 4.4791e-07 1.73279e-11 0.00247585 0.0109935 1.60286 1.45114 1.58614 1.61919 1.07456 -1.57951 -0.000563161 0.00133315 0.021536 0 -0.000112855 -0.000449707 0.000156215 -144.773 1 0 0 9.35851e-06 0.000119726 7.4854e-07
13605 166.454 0.0201446 0.00327969 2.57213e-05 0.00325352 4.46692e-07 1.72729e-11 0.00247584 0.0109935 1.60286 1.45114 1.58613 1.61919 1.07456 -1.57961 -0.000563161 0.00133315 0.021536 0 -0.000112636 -0.000448763 0.000155981 -144.783 1 0 0 9.33754e-06 0.000119476 7.46484e-07
13610 166.555 0.0201446 0.00327755 2.5677e-05 0.00325142 4.45482e-07 1.72183e-11 0.00247584 0.0109935 1.60285 1.45114 1.58612 1.61919 1.07457 -1.57971 -0.000563161 0.00133315 0.021536 0 -0.000112418 -0.000447822 0.000155749 -144.792 1 0 0 9.3167e-06 0.000119226 7.44443e-07
13615 166.656 0.0201446 0.00327541 2.56329e-05 0.00324933 4.4428e-07 1.7164e-11 0.00247583 0.0109935 1.60285 1.45114 1.58612 1.61918 1.07457 -1.57981 -0.000563161 0.00133315 0.021536 0 -0.000112201 -0.000446885 0.000155517 -144.801 1 0 0 9.29597e-06 0.000118977 7.42415e-07
13620 166.756 0.0201446 0.00327328 2.5589e-05 0.00324725 4.43086e-07 1.711e-11 0.00247583 0.0109935 1.60285 1.45114 1.58611 1.61918 1.07457 -1.57991 -0.000563161 0.00133315 0.021536 0 -0.000111985 -0.000445951 0.000155287 -144.811 1 0 0 9.27537e-06 0.00011873 7.404e-07
13625 166.857 0.0201446 0.00327115 2.55452e-05 0.00324517 4.41899e-07 1.70564e-11 0.00247583 0.0109935 1.60284 1.45114 1.5861 1.61918 1.07457 -1.58002 -0.000563161 0.00133315 0.021536 0 -0.000111771 -0.000445022 0.000155057 -144.82 1 0 0 9.25489e-06 0.000118483 7.38399e-07
13630 166.958 0.0201446 0.00326903 2.55016e-05 0.00324309 4.4072e-07 1.70032e-11 0.00247582 0.0109935 1.60284 1.45114 1.58609 1.61918 1.07458 -1.58012 -0.000563161 0.00133315 0.021536 0 -0.000111557 -0.000444095 0.000154828 -144.829 1 0 0 9.23452e-06 0.000118237 7.36411e-07
13635 167.059 0.0201446 0.00326692 2.54582e-05 0.00324102 4.39549e-07 1.69502e-11 0.00247582 0.0109935 1.60283 1.45114 1.58608 1.61918 1.07458 -1.58022 -0.000563161 0.00133315 0.021536 0 -0.000111344 -0.000443172 0.0001546 -144.838 1 0 0 9.21427e-06 0.000117992 7.34436e-07
13640 167.159 0.0201446 0.00326481 2.54149e-05 0.00323896 4.38384e-07 1.68976e-11 0.00247581 0.0109935 1.60283 1.45114 1.58607 1.61917 1.07458 -1.58032 -0.000563161 0.00133315 0.021536 0 -0.000111132 -0.000442253 0.000154373 -144.848 1 0 0 9.19414e-06 0.000117748 7.32473e-07
13645 167.26 0.0201446 0.00326271 2.53718e-05 0.0032369 4.37228e-07 1.68453e-11 0.00247581 0.0109935 1.60283 1.45114 1.58606 1.61917 1.07459 -1.58042 -0.000563161 0.00133315 0.021536 0 -0.000110921 -0.000441337 0.000154147 -144.857 1 0 0 9.17412e-06 0.000117506 7.30524e-07
13650 167.361 0.0201446 0.00326062 2.53289e-05 0.00323485 4.36078e-07 1.67934e-11 0.00247581 0.0109935 1.60282 1.45114 1.58605 1.61917 1.07459 -1.58052 -0.000563161 0.00133315 0.021536 0 -0.000110711 -0.000440425 0.000153922 -144.866 1 0 0 9.15422e-06 0.000117264 7.28588e-07
13655 167.461 0.0201446 0.00325853 2.52862e-05 0.00323281 4.34936e-07 1.67418e-11 0.0024758 0.0109935 1.60282 1.45114 1.58604 1.61917 1.07459 -1.58062 -0.000563161 0.00133315 0.021536 0 -0.000110502 -0.000439516 0.000153698 -144.875 1 0 0 9.13443e-06 0.000117023 7.26664e-07
13660 167.562 0.0201446 0.00325644 2.52435e-05 0.00323077 4.33801e-07 1.66905e-11 0.0024758 0.0109935 1.60281 1.45114 1.58604 1.61916 1.0746 -1.58072 -0.000563161 0.00133315 0.021536 0 -0.000110294 -0.00043861 0.000153474 -144.884 1 0 0 9.11476e-06 0.000116783 7.24752e-07
13665 167.663 0.0201446 0.00325436 2.52011e-05 0.00322873 4.32674e-07 1.66395e-11 0.00247579 0.0109935 1.60281 1.45114 1.58603 1.61916 1.0746 -1.58082 -0.000563161 0.00133315 0.021536 0 -0.000110087 -0.000437708 0.000153252 -144.893 1 0 0 9.0952e-06 0.000116544 7.22853e-07
13670 167.764 0.0201446 0.00325229 2.51588e-05 0.0032267 4.31553e-07 1.65889e-11 0.00247579 0.0109935 1.60281 1.45114 1.58602 1.61916 1.0746 -1.58092 -0.000563161 0.00133315 0.021536 0 -0.000109881 -0.000436809 0.00015303 -144.902 1 0 0 9.07574e-06 0.000116306 7.20967e-07
13675 167.864 0.0201446 0.00325023 2.51167e-05 0.00322468 4.3044e-07 1.65385e-11 0.00247579 0.0109935 1.6028 1.45114 1.58601 1.61916 1.07461 -1.58102 -0.000563161 0.00133315 0.021536 0 -0.000109676 -0.000435914 0.000152809 -144.911 1 0 0 9.05641e-06 0.000116068 7.19092e-07
13680 167.965 0.0201446 0.00324816 2.50747e-05 0.00322266 4.29333e-07 1.64885e-11 0.00247578 0.0109935 1.6028 1.45114 1.586 1.61916 1.07461 -1.58111 -0.000563161 0.00133315 0.021536 0 -0.000109472 -0.000435022 0.000152589 -144.921 1 0 0 9.03718e-06 0.000115832 7.1723e-07
13685 168.066 0.0201446 0.00324611 2.50329e-05 0.00322065 4.28234e-07 1.64388e-11 0.00247578 0.0109935 1.60279 1.45114 1.58599 1.61915 1.07461 -1.58121 -0.000563161 0.00133315 0.021536 0 -0.000109269 -0.000434133 0.00015237 -144.93 1 0 0 9.01806e-06 0.000115597 7.1538e-07
13690 168.167 0.0201446 0.00324406 2.49913e-05 0.00321864 4.27141e-07 1.63894e-11 0.00247577 0.0109935 1.60279 1.45114 1.58598 1.61915 1.07461 -1.58131 -0.000563161 0.00133315 0.021536 0 -0.000109067 -0.000433248 0.000152151 -144.939 1 0 0 8.99904e-06 0.000115362 7.13542e-07
13695 168.267 0.0201446 0.00324202 2.49498e-05 0.00321664 4.26055e-07 1.63403e-11 0.00247577 0.0109935 1.60279 1.45114 1.58597 1.61915 1.07462 -1.58141 -0.000563161 0.00133315 0.021536 0 -0.000108865 -0.000432366 0.000151934 -144.947 1 0 0 8.98014e-06 0.000115129 7.11716e-07
13700 168.368 0.0201446 0.00323998 2.49085e-05 0.00321464 4.24976e-07 1.62915e-11 0.00247577 0.0109935 1.60278 1.45114 1.58597 1.61915 1.07462 -1.58151 -0.000563161 0.00133315 0.021536 0 -0.000108665 -0.000431487 0.000151717 -144.956 1 0 0 8.96134e-06 0.000114896 7.09901e-07
13705 168.469 0.0201446 0.00323795 2.48673e-05 0.00321265 4.23904e-07 1.6243e-11 0.00247576 0.0109935 1.60278 1.45114 1.58596 1.61914 1.07462 -1.5816 -0.000563161 0.00133315 0.021536 0 -0.000108465 -0.000430611 0.000151502 -144.965 1 0 0 8.94265e-06 0.000114665 7.08098e-07
13710 168.569 0.0201446 0.00323592 2.48263e-05 0.00321067 4.22839e-07 1.61948e-11 0.00247576 0.0109935 1.60278 1.45114 1.58595 1.61914 1.07463 -1.5817 -0.000563161 0.00133315 0.021536 0 -0.000108267 -0.000429739 0.000151287 -144.974 1 0 0 8.92407e-06 0.000114434 7.06307e-07
13715 168.67 0.0201446 0.0032339 2.47854e-05 0.00320869 4.2178e-07 1.61469e-11 0.00247575 0.0109935 1.60277 1.45114 1.58594 1.61914 1.07463 -1.5818 -0.000563161 0.00133315 0.021536 0 -0.000108069 -0.00042887 0.000151073 -144.983 1 0 0 8.90559e-06 0.000114204 7.04528e-07
13720 168.771 0.0201446 0.00323188 2.47447e-05 0.00320672 4.20728e-07 1.60993e-11 0.00247575 0.0109935 1.60277 1.45114 1.58593 1.61914 1.07463 -1.58189 -0.000563161 0.00133315 0.021536 0 -0.000107872 -0.000428004 0.000150859 -144.992 1 0 0 8.88721e-06 0.000113975 7.02759e-07
13725 168.872 0.0201446 0.00322987 2.47041e-05 0.00320475 4.19682e-07 1.6052e-11 0.00247575 0.0109935 1.60276 1.45114 1.58592 1.61914 1.07464 -1.58199 -0.000563161 0.00133315 0.021536 0 -0.000107676 -0.000427142 0.000150647 -145.001 1 0 0 8.86893e-06 0.000113747 7.01002e-07
13730 168.972 0.0201446 0.00322787 2.46637e-05 0.00320278 4.18643e-07 1.6005e-11 0.00247574 0.0109935 1.60276 1.45114 1.58591 1.61913 1.07464 -1.58209 -0.000563161 0.00133315 0.021536 0 -0.000107481 -0.000426282 0.000150435 -145.01 1 0 0 8.85076e-06 0.000113519 6.99257e-07
13735 169.073 0.0201446 0.00322587 2.46234e-05 0.00320083 4.17611e-07 1.59583e-11 0.00247574 0.0109935 1.60276 1.45114 1.58591 1.61913 1.07464 -1.58218 -0.000563161 0.00133315 0.021536 0 -0.000107287 -0.000425426 0.000150224 -145.018 1 0 0 8.83269e-06 0.000113293 6.97522e-07
13740 169.174 0.0201446 0.00322387 2.45833e-05 0.00319887 4.16584e-07 1.59119e-11 0.00247574 0.0109935 1.60275 1.45114 1.5859 1.61913 1.07465 -1.58228 -0.000563161 0.00133315 0.021536 0 -0.000107094 -0.000424573 0.000150014 -145.027 1 0 0 8.81472e-06 0.000113067 6.95799e-07
13745 169.274 0.0201446 0.00322189 2.45434e-05 0.00319693 4.15565e-07 1.58657e-11 0.00247573 0.0109935 1.60275 1.45114 1.58589 1.61913 1.07465 -1.58237 -0.000563161 0.00133315 0.021536 0 -0.000106901 -0.000423723 0.000149805 -145.036 1 0 0 8.79686e-06 0.000112843 6.94086e-07
13750 169.375 0.0201446 0.0032199 2.45036e-05 0.00319498 4.14551e-07 1.58198e-11 0.00247573 0.0109935 1.60275 1.45114 1.58588 1.61912 1.07465 -1.58247 -0.000563161 0.00133315 0.021536 0 -0.00010671 -0.000422876 0.000149597 -145.045 1 0 0 8.77909e-06 0.000112619 6.92385e-07
13755 169.476 0.0201446 0.00321793 2.44639e-05 0.00319305 4.13544e-07 1.57742e-11 0.00247572 0.0109935 1.60274 1.45114 1.58587 1.61912 1.07465 -1.58256 -0.000563161 0.00133315 0.021536 0 -0.000106519 -0.000422032 0.000149389 -145.053 1 0 0 8.76142e-06 0.000112396 6.90694e-07
13760 169.577 0.0201446 0.00321595 2.44244e-05 0.00319112 4.12543e-07 1.57289e-11 0.00247572 0.0109935 1.60274 1.45114 1.58586 1.61912 1.07466 -1.58266 -0.000563161 0.00133315 0.021536 0 -0.000106329 -0.000421191 0.000149183 -145.062 1 0 0 8.74385e-06 0.000112174 6.89014e-07
13765 169.677 0.0201446 0.00321399 2.4385e-05 0.00318919 4.11548e-07 1.56839e-11 0.00247572 0.0109935 1.60273 1.45114 1.58585 1.61912 1.07466 -1.58275 -0.000563161 0.00133315 0.021536 0 -0.00010614 -0.000420354 0.000148977 -145.071 1 0 0 8.72637e-06 0.000111952 6.87345e-07
13770 169.778 0.0201446 0.00321203 2.43458e-05 0.00318727 4.10559e-07 1.56391e-11 0.00247571 0.0109935 1.60273 1.45114 1.58585 1.61912 1.07466 -1.58285 -0.000563161 0.00133315 0.021536 0 -0.000105952 -0.000419519 0.000148772 -145.079 1 0 0 8.709e-06 0.000111732 6.85686e-07
13775 169.879 0.0201446 0.00321007 2.43067e-05 0.00318535 4.09577e-07 1.55946e-11 0.00247571 0.0109935 1.60273 1.45114 1.58584 1.61911 1.07467 -1.58294 -0.000563161 0.00133315 0.021536 0 -0.000105765 -0.000418687 0.000148567 -145.088 1 0 0 8.69171e-06 0.000111512 6.84037e-07
13780 169.98 0.0201446 0.00320812 2.42677e-05 0.00318344 4.086e-07 1.55504e-11 0.00247571 0.0109935 1.60272 1.45114 1.58583 1.61911 1.07467 -1.58304 -0.000563161 0.00133315 0.021536 0 -0.000105579 -0.000417859 0.000148364 -145.097 1 0 0 8.67453e-06 0.000111293 6.824e-07
13785 170.08 0.0201446 0.00320617 2.42289e-05 0.00318154 4.0763e-07 1.55065e-11 0.0024757 0.0109935 1.60272 1.45114 1.58582 1.61911 1.07467 -1.58313 -0.000563161 0.00133315 0.021536 0 -0.000105393 -0.000417033 0.000148161 -145.105 1 0 0 8.65744e-06 0.000111075 6.80772e-07
13790 170.181 0.0201446 0.00320423 2.41903e-05 0.00317964 4.06665e-07 1.54628e-11 0.0024757 0.0109935 1.60272 1.45114 1.58581 1.61911 1.07468 -1.58322 -0.000563161 0.00133315 0.021536 0 -0.000105208 -0.000416211 0.000147959 -145.114 1 0 0 8.64044e-06 0.000110858 6.79155e-07
13795 170.282 0.0201446 0.0032023 2.41518e-05 0.00317774 4.05707e-07 1.54194e-11 0.00247569 0.0109935 1.60271 1.45114 1.5858 1.61911 1.07468 -1.58332 -0.000563161 0.00133315 0.021536 0 -0.000105025 -0.000415391 0.000147758 -145.122 1 0 0 8.62354e-06 0.000110642 6.77548e-07
13800 170.382 0.0201446 0.00320037 2.41134e-05 0.00317585 4.04754e-07 1.53762e-11 0.00247569 0.0109935 1.60271 1.45114 1.5858 1.6191 1.07468 -1.58341 -0.000563161 0.00133315 0.021536 0 -0.000104841 -0.000414575 0.000147557 -145.131 1 0 0 8.60673e-06 0.000110426 6.7595e-07
13805 170.483 0.0201446 0.00319844 2.40752e-05 0.00317396 4.03807e-07 1.53333e-11 0.00247569 0.0109935 1.6027 1.45114 1.58579 1.6191 1.07468 -1.5835 -0.000563161 0.00133315 0.021536 0 -0.000104659 -0.000413761 0.000147358 -145.139 1 0 0 8.59001e-06 0.000110212 6.74363e-07
13810 170.584 0.0201446 0.00319652 2.40371e-05 0.00317208 4.02866e-07 1.52907e-11 0.00247568 0.0109935 1.6027 1.45114 1.58578 1.6191 1.07469 -1.58359 -0.000563161 0.00133315 0.021536 0 -0.000104478 -0.000412951 0.000147159 -145.148 1 0 0 8.57338e-06 0.000109998 6.72786e-07
13815 170.685 0.0201446 0.00319461 2.39991e-05 0.00317021 4.0193e-07 1.52483e-11 0.00247568 0.0109935 1.6027 1.45114 1.58577 1.6191 1.07469 -1.58369 -0.000563161 0.00133315 0.021536 0 -0.000104297 -0.000412143 0.00014696 -145.156 1 0 0 8.55685e-06 0.000109785 6.71219e-07
13820 170.785 0.0201446 0.0031927 2.39613e-05 0.00316834 4.01001e-07 1.52061e-11 0.00247568 0.0109935 1.60269 1.45114 1.58576 1.6191 1.07469 -1.58378 -0.000563161 0.00133315 0.021536 0 -0.000104117 -0.000411338 0.000146763 -145.165 1 0 0 8.5404e-06 0.000109572 6.69662e-07
13825 170.886 0.0201446 0.0031908 2.39236e-05 0.00316647 4.00077e-07 1.51643e-11 0.00247567 0.0109935 1.60269 1.45114 1.58575 1.61909 1.0747 -1.58387 -0.000563161 0.00133315 0.021536 0 -0.000103938 -0.000410536 0.000146566 -145.173 1 0 0 8.52405e-06 0.000109361 6.68114e-07
13830 170.987 0.0201446 0.0031889 2.38861e-05 0.00316461 3.99158e-07 1.51226e-11 0.00247567 0.0109935 1.60269 1.45114 1.58575 1.61909 1.0747 -1.58396 -0.000563161 0.00133315 0.021536 0 -0.00010376 -0.000409737 0.000146371 -145.182 1 0 0 8.50778e-06 0.00010915 6.66576e-07
13835 171.087 0.0201446 0.003187 2.38487e-05 0.00316276 3.98245e-07 1.50813e-11 0.00247567 0.0109935 1.60268 1.45114 1.58574 1.61909 1.0747 -1.58405 -0.000563161 0.00133315 0.021536 0 -0.000103583 -0.000408941 0.000146175 -145.19 1 0 0 8.4916e-06 0.00010894 6.65047e-07
13840 171.188 0.0201446 0.00318511 2.38114e-05 0.00316091 3.97338e-07 1.50401e-11 0.00247566 0.0109935 1.60268 1.45114 1.58573 1.61909 1.0747 -1.58415 -0.000563161 0.00133315 0.021536 0 -0.000103406 -0.000408147 0.000145981 -145.198 1 0 0 8.47551e-06 0.000108731 6.63528e-07
13845 171.289 0.0201446 0.00318323 2.37743e-05 0.00315906 3.96436e-07 1.49992e-11 0.00247566 0.0109935 1.60268 1.45114 1.58572 1.61908 1.07471 -1.58424 -0.000563161 0.00133315 0.021536 0 -0.000103231 -0.000407357 0.000145787 -145.207 1 0 0 8.45951e-06 0.000108522 6.62019e-07
13850 171.39 0.0201446 0.00318135 2.37373e-05 0.00315722 3.9554e-07 1.49586e-11 0.00247565 0.0109935 1.60267 1.45114 1.58571 1.61908 1.07471 -1.58433 -0.000563161 0.00133315 0.021536 0 -0.000103056 -0.000406569 0.000145595 -145.215 1 0 0 8.44359e-06 0.000108315 6.60518e-07
13855 171.49 0.0201446 0.00317948 2.37004e-05 0.00315538 3.94649e-07 1.49182e-11 0.00247565 0.0109935 1.60267 1.45114 1.5857 1.61908 1.07471 -1.58442 -0.000563161 0.00133315 0.021536 0 -0.000102881 -0.000405784 0.000145402 -145.223 1 0 0 8.42776e-06 0.000108108 6.59027e-07
13860 171.591 0.0201446 0.00317761 2.36637e-05 0.00315355 3.93764e-07 1.4878e-11 0.00247565 0.0109935 1.60267 1.45114 1.5857 1.61908 1.07472 -1.58451 -0.000563161 0.00133315 0.021536 0 -0.000102708 -0.000405002 0.000145211 -145.232 1 0 0 8.41202e-06 0.000107902 6.57546e-07
13865 171.692 0.0201446 0.00317575 2.36271e-05 0.00315173 3.92883e-07 1.48381e-11 0.00247564 0.0109935 1.60266 1.45114 1.58569 1.61908 1.07472 -1.5846 -0.000563161 0.00133315 0.021536 0 -0.000102535 -0.000404223 0.00014502 -145.24 1 0 0 8.39636e-06 0.000107696 6.56073e-07
13870 171.793 0.0201446 0.00317389 2.35906e-05 0.0031499 3.92009e-07 1.47984e-11 0.00247564 0.0109935 1.60266 1.45114 1.58568 1.61907 1.07472 -1.58469 -0.000563161 0.00133315 0.021536 0 -0.000102363 -0.000403446 0.00014483 -145.248 1 0 0 8.38078e-06 0.000107492 6.54609e-07
13875 171.893 0.0201446 0.00317203 2.35543e-05 0.00314809 3.91139e-07 1.4759e-11 0.00247564 0.0109935 1.60265 1.45114 1.58567 1.61907 1.07473 -1.58478 -0.000563161 0.00133315 0.021536 0 -0.000102192 -0.000402672 0.000144641 -145.256 1 0 0 8.36529e-06 0.000107288 6.53155e-07
13880 171.994 0.0201446 0.00317018 2.35181e-05 0.00314628 3.90275e-07 1.47198e-11 0.00247563 0.0109935 1.60265 1.45114 1.58566 1.61907 1.07473 -1.58487 -0.000563161 0.00133315 0.021536 0 -0.000102022 -0.000401901 0.000144453 -145.265 1 0 0 8.34988e-06 0.000107085 6.51709e-07
13885 172.095 0.0201446 0.00316834 2.3482e-05 0.00314447 3.89415e-07 1.46808e-11 0.00247563 0.0109935 1.60265 1.45114 1.58566 1.61907 1.07473 -1.58496 -0.000563161 0.00133315 0.021536 0 -0.000101852 -0.000401133 0.000144265 -145.273 1 0 0 8.33456e-06 0.000106882 6.50273e-07
13890 172.195 0.0201446 0.0031665 2.34461e-05 0.00314267 3.88561e-07 1.4642e-11 0.00247563 0.0109935 1.60264 1.45114 1.58565 1.61907 1.07473 -1.58505 -0.000563161 0.00133315 0.021536 0 -0.000101683 -0.000400367 0.000144078 -145.281 1 0 0 8.31931e-06 0.000106681 6.48845e-07
13895 172.296 0.0201446 0.00316467 2.34103e-05 0.00314087 3.87712e-07 1.46035e-11 0.00247562 0.0109935 1.60264 1.45114 1.58564 1.61906 1.07474 -1.58514 -0.000563161 0.00133315 0.021536 0 -0.000101515 -0.000399604 0.000143891 -145.289 1 0 0 8.30415e-06 0.00010648 6.47425e-07
13900 172.397 0.0201446 0.00316284 2.33746e-05 0.00313907 3.86869e-07 1.45652e-11 0.00247562 0.0109935 1.60264 1.45114 1.58563 1.61906 1.07474 -1.58522 -0.000563161 0.00133315 0.021536 0 -0.000101348 -0.000398844 0.000143706 -145.297 1 0 0 8.28907e-06 0.00010628 6.46015e-07
13905 172.498 0.0201446 0.00316101 2.3339e-05 0.00313729 3.8603e-07 1.45271e-11 0.00247562 0.0109935 1.60263 1.45114 1.58562 1.61906 1.07474 -1.58531 -0.000563161 0.00133315 0.021536 0 -0.000101181 -0.000398086 0.000143521 -145.305 1 0 0 8.27407e-06 0.00010608 6.44613e-07
13910 172.598 0.0201446 0.00315919 2.33036e-05 0.0031355 3.85196e-07 1.44893e-11 0.00247561 0.0109935 1.60263 1.45114 1.58562 1.61906 1.07475 -1.5854 -0.000563161 0.00133315 0.021536 0 -0.000101015 -0.000397331 0.000143337 -145.313 1 0 0 8.25914e-06 0.000105881 6.43219e-07
13915 172.699 0.0201446 0.00315738 2.32683e-05 0.00313372 3.84367e-07 1.44516e-11 0.00247561 0.0109935 1.60263 1.45114 1.58561 1.61906 1.07475 -1.58549 -0.000563161 0.00133315 0.021536 0 -0.00010085 -0.000396579 0.000143153 -145.321 1 0 0 8.2443e-06 0.000105683 6.41835e-07
13920 172.8 0.0201446 0.00315557 2.32331e-05 0.00313195 3.83543e-07 1.44142e-11 0.0024756 0.0109935 1.60262 1.45114 1.5856 1.61905 1.07475 -1.58558 -0.000563161 0.00133315 0.021536 0 -0.000100685 -0.000395829 0.00014297 -145.33 1 0 0 8.22954e-06 0.000105486 6.40458e-07
13925 172.9 0.0201446 0.00315376 2.3198e-05 0.00313018 3.82725e-07 1.4377e-11 0.0024756 0.0109935 1.60262 1.45114 1.58559 1.61905 1.07475 -1.58566 -0.000563161 0.00133315 0.021536 0 -0.000100522 -0.000395082 0.000142788 -145.338 1 0 0 8.21485e-06 0.00010529 6.3909e-07
13930 173.001 0.0201446 0.00315196 2.31631e-05 0.00312841 3.8191e-07 1.43401e-11 0.0024756 0.0109935 1.60262 1.45114 1.58558 1.61905 1.07476 -1.58575 -0.000563161 0.00133315 0.021536 0 -0.000100359 -0.000394338 0.000142607 -145.346 1 0 0 8.20025e-06 0.000105094 6.3773e-07
13935 173.102 0.0201446 0.00315016 2.31283e-05 0.00312665 3.81101e-07 1.43033e-11 0.00247559 0.0109935 1.60261 1.45114 1.58558 1.61905 1.07476 -1.58584 -0.000563161 0.00133315 0.021536 0 -0.000100196 -0.000393596 0.000142426 -145.354 1 0 0 8.18571e-06 0.000104899 6.36378e-07
13940 173.203 0.0201446 0.00314837 2.30936e-05 0.0031249 3.80297e-07 1.42668e-11 0.00247559 0.0109935 1.60261 1.45114 1.58557 1.61905 1.07476 -1.58593 -0.000563161 0.00133315 0.021536 0 -0.000100035 -0.000392857 0.000142246 -145.362 1 0 0 8.17126e-06 0.000104704 6.35035e-07
13945 173.303 0.0201446 0.00314658 2.3059e-05 0.00312315 3.79497e-07 1.42304e-11 0.00247559 0.0109935 1.60261 1.45114 1.58556 1.61904 1.07477 -1.58601 -0.000563161 0.00133315 0.021536 0 -9.98739e-05 -0.00039212 0.000142066 -145.37 1 0 0 8.15688e-06 0.00010451 6.33699e-07
13950 173.404 0.0201446 0.0031448 2.30246e-05 0.0031214 3.78702e-07 1.41943e-11 0.00247558 0.0109935 1.6026 1.45114 1.58555 1.61904 1.07477 -1.5861 -0.000563161 0.00133315 0.021536 0 -9.97138e-05 -0.000391386 0.000141888 -145.377 1 0 0 8.14258e-06 0.000104317 6.32372e-07
13955 173.505 0.0201446 0.00314302 2.29903e-05 0.00311966 3.77912e-07 1.41584e-11 0.00247558 0.0109935 1.6026 1.45114 1.58554 1.61904 1.07477 -1.58619 -0.000563161 0.00133315 0.021536 0 -9.95543e-05 -0.000390655 0.00014171 -145.385 1 0 0 8.12835e-06 0.000104125 6.31053e-07
13960 173.606 0.0201446 0.00314125 2.29561e-05 0.00311792 3.77126e-07 1.41227e-11 0.00247558 0.0109935 1.6026 1.45114 1.58554 1.61904 1.07477 -1.58627 -0.000563161 0.00133315 0.021536 0 -9.93956e-05 -0.000389926 0.000141532 -145.393 1 0 0 8.1142e-06 0.000103933 6.29741e-07
13965 173.706 0.0201446 0.00313948 2.2922e-05 0.00311618 3.76345e-07 1.40872e-11 0.00247557 0.0109935 1.60259 1.45114 1.58553 1.61904 1.07478 -1.58636 -0.000563161 0.00133315 0.021536 0 -9.92375e-05 -0.000389199 0.000141356 -145.401 1 0 0 8.10012e-06 0.000103742 6.28438e-07
13970 173.807 0.0201446 0.00313772 2.28881e-05 0.00311446 3.75569e-07 1.40519e-11 0.00247557 0.0109935 1.60259 1.45114 1.58552 1.61903 1.07478 -1.58644 -0.000563161 0.00133315 0.021536 0 -9.90802e-05 -0.000388475 0.00014118 -145.409 1 0 0 8.08612e-06 0.000103552 6.27142e-07
13975 173.908 0.0201446 0.00313596 2.28542e-05 0.00311273 3.74797e-07 1.40168e-11 0.00247557 0.0109935 1.60259 1.45114 1.58551 1.61903 1.07478 -1.58653 -0.000563161 0.00133315 0.021536 0 -9.89235e-05 -0.000387754 0.000141004 -145.417 1 0 0 8.07219e-06 0.000103362 6.25854e-07
13980 174.008 0.0201446 0.0031342 2.28205e-05 0.00311101 3.7403e-07 1.39819e-11 0.00247556 0.0109935 1.60258 1.45114 1.58551 1.61903 1.07479 -1.58662 -0.000563161 0.00133315 0.021536 0 -9.87675e-05 -0.000387035 0.00014083 -145.425 1 0 0 8.05833e-06 0.000103173 6.24574e-07
13985 174.109 0.0201446 0.00313245 2.27869e-05 0.00310929 3.73267e-07 1.39472e-11 0.00247556 0.0109935 1.60258 1.45114 1.5855 1.61903 1.07479 -1.5867 -0.000563161 0.00133315 0.021536 0 -9.86122e-05 -0.000386318 0.000140655 -145.433 1 0 0 8.04454e-06 0.000102985 6.23301e-07
13990 174.21 0.0201446 0.00313071 2.27534e-05 0.00310758 3.72509e-07 1.39127e-11 0.00247556 0.0109935 1.60258 1.45114 1.58549 1.61903 1.07479 -1.58679 -0.000563161 0.00133315 0.021536 0 -9.84576e-05 -0.000385604 0.000140482 -145.44 1 0 0 8.03083e-06 0.000102797 6.22036e-07
13995 174.311 0.0201446 0.00312897 2.27201e-05 0.00310588 3.71755e-07 1.38785e-11 0.00247555 0.0109935 1.60257 1.45114 1.58548 1.61902 1.07479 -1.58687 -0.000563161 0.00133315 0.021536 0 -9.83037e-05 -0.000384893 0.000140309 -145.448 1 0 0 8.01719e-06 0.00010261 6.20778e-07
14000 174.411 0.0201446 0.00312723 2.26868e-05 0.00310417 3.71006e-07 1.38444e-11 0.00247555 0.0109935 1.60257 1.45114 1.58547 1.61902 1.0748 -1.58696 -0.000563161 0.00133315 0.021536 0 -9.81504e-05 -0.000384183 0.000140137 -145.456 1 0 0 8.00361e-06 0.000102424 6.19528e-07
