TS time deltat Energy E1 E2 E3 Dissipation Trd volume area area_n area_gn area_gp Lat_area Epress E_tension1 E_tension2 E_tension3 Ela_small P_tension1 P_tension2 P_tension3 pressure Zmax stress strain Diss1 Diss2 Diss3
5 5.10204e-05 1.05154e-05 4.79799e-05 7.85978e-06 7.91787e-06 3.22022e-05 36.8918 0.00143973 0.000687094 1.45172 1.4517 1.45172 1.45172 1.10329 -0.00419272 7.25845 7.25845 5.51644 0 2.74204 2.75094 -0.645978 -6.10442 1 0 0 3.28748e-05 3.28632e-05 8.05078e-05
10 0.00010467 1.10573e-05 0.000135354 2.73605e-05 2.65452e-05 8.14482e-05 34.9742 0.00143976 0.00137419 1.45176 1.4517 1.45176 1.45176 1.10328 -0.00871231 7.25829 7.25829 5.51644 0 4.31892 4.34664 -1.19028 -6.34538 1 0 0 0.000114783 0.000109861 0.000203642
15 0.000161085 1.16271e-05 0.000245524 5.53775e-05 5.25004e-05 0.000137646 32.7714 0.00143979 0.00206128 1.45182 1.4517 1.45182 1.45182 1.10326 -0.0133604 7.25804 7.25804 5.51643 0 5.55847 5.60343 -1.64582 -6.4902 1 0 0 0.000233036 0.00021666 0.000344198
20 0.000220407 1.22263e-05 0.000373647 9.07248e-05 8.43129e-05 0.000198609 30.5242 0.00143984 0.00274837 1.45189 1.4517 1.45189 1.45189 1.10324 -0.0180836 7.25771 7.25771 5.51643 0 6.60559 6.66796 -2.04253 -6.5916 1 0 0 0.000383018 0.000346928 0.000496734
25 0.000282786 1.28564e-05 0.000517485 0.000132912 0.000121135 0.000263438 28.3164 0.0014399 0.00343547 1.45198 1.4517 1.45198 1.45198 1.10321 -0.0228617 7.25731 7.2573 5.51642 0 7.51892 7.59953 -2.39521 -6.66976 1 0 0 0.000563031 0.000496939 0.000659038
30 0.00034838 1.3519e-05 0.000676037 0.000181828 0.000162458 0.000331752 26.1837 0.00143997 0.00412256 1.45209 1.4517 1.45209 1.45209 1.10317 -0.0276892 7.25682 7.2568 5.51641 0 8.33107 8.43094 -2.71295 -6.73498 1 0 0 0.000772999 0.000664377 0.000830207
35 0.000417354 1.42157e-05 0.000849089 0.000237622 0.00020801 0.000403457 24.1421 0.00144005 0.00480966 1.45221 1.4517 1.45221 1.45221 1.10313 -0.0325688 7.25626 7.25623 5.51641 0 9.0625 9.18261 -3.00172 -6.7934 1 0 0 0.00101396 0.000847917 0.00101007
40 0.000489883 1.49483e-05 0.00103701 0.000300635 0.000257709 0.000478662 22.1991 0.00144014 0.00549675 1.45235 1.4517 1.45235 1.45235 1.10309 -0.0375085 7.25562 7.25558 5.5164 0 9.72613 9.86738 -3.26528 -6.84905 1 0 0 0.00128781 0.00104701 0.00119896
45 0.00056615 1.57187e-05 0.00124061 0.000371355 0.000311623 0.000557634 20.3584 0.00144025 0.00618384 1.45251 1.4517 1.45251 1.45251 1.10304 -0.04252 7.25491 7.25485 5.51639 0 10.3295 10.4926 -3.50573 -6.90473 1 0 0 0.00159711 0.00126173 0.00139764
50 0.000646347 1.65288e-05 0.00146109 0.000450373 0.000369938 0.000640775 18.6227 0.00144036 0.00687094 1.45268 1.4517 1.45269 1.45268 1.10298 -0.0476175 7.25411 7.25403 5.51639 0 10.8762 11.0617 -3.72394 -6.96257 1 0 0 0.00194489 0.00149262 0.0016072
55 0.000730678 1.73806e-05 0.00169987 0.000538347 0.000432926 0.000728593 16.9935 0.00144049 0.00755803 1.45288 1.4517 1.45288 1.45287 1.10291 -0.0528175 7.25322 7.25312 5.51638 0 11.3674 11.5756 -3.92004 -7.02417 1 0 0 0.00233451 0.0017406 0.00182903
60 0.000819354 1.82763e-05 0.00195857 0.000635972 0.000500913 0.000821683 15.4718 0.00144063 0.00824513 1.45309 1.4517 1.45309 1.45308 1.10284 -0.0581381 7.25226 7.25213 5.51637 0 11.803 12.034 -4.09385 -7.09081 1 0 0 0.00276954 0.00200681 0.00206474
65 0.0009126 1.92182e-05 0.00223892 0.000743952 0.000574264 0.000920701 14.0578 0.00144078 0.00893222 1.45332 1.4517 1.45332 1.45331 1.10276 -0.0635984 7.2512 7.25104 5.51636 0 12.1824 12.4361 -4.24518 -7.16351 1 0 0 0.00325362 0.00229257 0.00231611
70 0.00101065 2.02086e-05 0.00254269 0.000862994 0.000653355 0.00102634 12.7503 0.00144094 0.00961931 1.45357 1.4517 1.45357 1.45356 1.10268 -0.0692183 7.25007 7.24987 5.51635 0 12.5055 12.7816 -4.37407 -7.24307 1 0 0 0.0037904 0.00259925 0.00258504
75 0.00111376 2.12501e-05 0.0028717 0.00099379 0.000738571 0.00113933 11.5469 0.00144111 0.0103064 1.45383 1.4517 1.45384 1.45383 1.10259 -0.0750179 7.24884 7.2486 5.51634 0 12.7728 13.0709 -4.48089 -7.33011 1 0 0 0.00438349 0.00292831 0.00287347
80 0.00122218 2.23452e-05 0.00322771 0.00113702 0.000830293 0.0012604 10.444 0.0014413 0.0109935 1.45412 1.4517 1.45413 1.45411 1.10249 -0.0810171 7.24753 7.24724 5.51633 0 12.9857 13.3051 -4.56635 -7.42507 1 0 0 0.00503649 0.00328123 0.00318341
85 0.00133618 2.34968e-05 0.00361252 0.00129336 0.000928894 0.00139026 9.43724 0.0014415 0.0116806 1.45443 1.4517 1.45444 1.45442 1.10239 -0.0872356 7.24613 7.24579 5.51632 0 13.1462 13.4863 -4.63148 -7.52828 1 0 0 0.00575291 0.00365947 0.00351683
90 0.00145606 2.47077e-05 0.00402784 0.00146346 0.00103475 0.00152963 8.52107 0.00144171 0.0123677 1.45475 1.4517 1.45477 1.45474 1.10227 -0.093692 7.24465 7.24425 5.51631 0 13.2573 13.6172 -4.67753 -7.63991 1 0 0 0.00653623 0.00406456 0.00387572
95 0.00158212 2.5981e-05 0.00447541 0.00164798 0.00114822 0.00167922 7.6896 0.00144194 0.0130548 1.4551 1.4517 1.45512 1.45508 1.10216 -0.100404 7.24309 7.24262 5.51629 0 13.3222 13.701 -4.70595 -7.76004 1 0 0 0.00738991 0.00449803 0.00426201
100 0.00171468 2.732e-05 0.00495692 0.00184755 0.00126967 0.0018397 6.93663 0.00144218 0.0137419 1.45546 1.4517 1.45548 1.45545 1.10203 -0.107389 7.24144 7.24089 5.51628 0 13.3445 13.7413 -4.71822 -7.88867 1 0 0 0.00831738 0.00496145 0.0046776
105 0.00185407 2.87279e-05 0.00547406 0.00206283 0.00139948 0.00201174 6.25587 0.00144243 0.014429 1.45585 1.4517 1.45587 1.45583 1.1019 -0.114663 7.23972 7.23908 5.51627 0 13.328 13.7416 -4.71588 -8.02571 1 0 0 0.00932207 0.00545644 0.00512435
110 0.00200064 3.02085e-05 0.00602849 0.00229447 0.00153802 0.002196 5.64116 0.00144269 0.0151161 1.45625 1.4517 1.45628 1.45623 1.10176 -0.122239 7.23791 7.23719 5.51625 0 13.2762 13.7057 -4.70042 -8.17103 1 0 0 0.0104074 0.00598472 0.0056041
115 0.00215476 3.17653e-05 0.00662191 0.00254311 0.00168568 0.00239312 5.08658 0.00144297 0.0158032 1.45667 1.4517 1.4567 1.45664 1.10162 -0.130133 7.23603 7.23521 5.51623 0 13.1929 13.6371 -4.67325 -8.32446 1 0 0 0.0115769 0.00654806 0.00611866
120 0.00231683 3.34023e-05 0.00725601 0.00280941 0.00184287 0.00260373 4.58653 0.00144325 0.0164902 1.45711 1.4517 1.45714 1.45708 1.10147 -0.138357 7.23407 7.23314 5.51621 0 13.0815 13.5393 -4.6357 -8.4858 1 0 0 0.012834 0.00714833 0.00666982
125 0.00248725 3.51237e-05 0.0079325 0.00309402 0.00201 0.00282847 4.1358 0.00144355 0.0171773 1.45757 1.4517 1.45761 1.45754 1.10131 -0.146922 7.23204 7.231 5.51619 0 12.9451 13.4154 -4.58898 -8.65483 1 0 0 0.0141823 0.0077875 0.00725937
130 0.00266645 3.69339e-05 0.0086531 0.00339761 0.00218751 0.00306797 3.72961 0.00144387 0.0178644 1.45805 1.4517 1.45809 1.45801 1.10115 -0.15584 7.22994 7.22877 5.51617 0 12.7868 13.2684 -4.53423 -8.83134 1 0 0 0.0156252 0.00846763 0.00788908
135 0.00285489 3.88373e-05 0.00941956 0.00372085 0.00237585 0.00332286 3.36356 0.00144419 0.0185515 1.45855 1.4517 1.45859 1.4585 1.10098 -0.165122 7.22777 7.22647 5.51614 0 12.6093 13.1011 -4.47245 -9.0151 1 0 0 0.0171663 0.00919091 0.00856072
140 0.00305304 4.08388e-05 0.0102337 0.00406439 0.0025755 0.00359378 3.03369 0.00144453 0.0192386 1.45906 1.4517 1.45911 1.45902 1.1008 -0.174778 7.22553 7.22409 5.51611 0 12.415 12.9159 -4.40457 -9.20589 1 0 0 0.0188091 0.00995961 0.00927609
145 0.0032614 4.29434e-05 0.0110972 0.00442891 0.00278692 0.00388137 2.73639 0.00144487 0.0199257 1.4596 1.4517 1.45965 1.45954 1.10062 -0.184818 7.22323 7.22164 5.51608 0 12.2064 12.7152 -4.33143 -9.40351 1 0 0 0.0205573 0.0107761 0.010037
150 0.0034805 4.51566e-05 0.012012 0.00481508 0.00301065 0.00418627 2.46841 0.00144524 0.0206128 1.46015 1.4517 1.4602 1.46009 1.10044 -0.195249 7.22087 7.21912 5.51604 0 11.9854 12.5011 -4.25379 -9.60774 1 0 0 0.0224145 0.0116429 0.0108451
155 0.00371089 4.74837e-05 0.0129799 0.00522355 0.00324718 0.00450912 2.22684 0.00144561 0.0212999 1.46072 1.4517 1.46078 1.46066 1.10024 -0.206082 7.21845 7.21652 5.51601 0 11.754 12.2755 -4.17232 -9.8184 1 0 0 0.0243842 0.0125626 0.0117024
160 0.00395315 4.99308e-05 0.0140026 0.00565499 0.00349705 0.00485058 2.00904 0.00144599 0.021987 1.46131 1.4517 1.46137 1.46124 1.10005 -0.217325 7.21597 7.21387 5.51596 0 11.5139 12.0401 -4.08766 -10.0353 1 0 0 0.0264699 0.0135377 0.0126105
165 0.0042079 5.25041e-05 0.0150821 0.00611004 0.00376081 0.00521129 1.81266 0.00144639 0.0226741 1.46191 1.4517 1.46199 1.46184 1.09984 -0.228986 7.21344 7.21115 5.51592 0 11.2666 11.7965 -4.00036 -10.2583 1 0 0 0.0286751 0.0145712 0.0135712
170 0.00447578 5.52099e-05 0.0162203 0.00658933 0.00403902 0.0055919 1.63556 0.0014468 0.0233612 1.46254 1.4517 1.46262 1.46246 1.09963 -0.241072 7.21086 7.20836 5.51587 0 11.0135 11.5462 -3.91093 -10.4871 1 0 0 0.0310034 0.0156657 0.0145864
175 0.00475746 5.80552e-05 0.0174188 0.00709349 0.00433224 0.00599307 1.47583 0.00144722 0.0240483 1.46318 1.4517 1.46327 1.46309 1.09942 -0.253592 7.20823 7.20553 5.51581 0 10.7561 11.2905 -3.81985 -10.7217 1 0 0 0.0334581 0.0168243 0.0156577
180 0.00505366 6.10471e-05 0.0186796 0.00762312 0.00464105 0.00641543 1.33176 0.00144765 0.0247354 1.46384 1.4517 1.46394 1.46374 1.0992 -0.266552 7.20556 7.20264 5.51575 0 10.4953 11.0306 -3.72752 -10.9619 1 0 0 0.0360426 0.0180498 0.016787
185 0.00536513 6.41932e-05 0.0200045 0.00817881 0.00496601 0.00685963 1.20181 0.00144809 0.0254225 1.46452 1.4517 1.46462 1.46441 1.09897 -0.279959 7.20285 7.1997 5.51568 0 10.2323 10.7677 -3.63432 -11.2075 1 0 0 0.0387601 0.0193453 0.0179758
190 0.00569264 6.75014e-05 0.0213951 0.00876111 0.00530772 0.00732629 1.08457 0.00144854 0.0261096 1.46521 1.4517 1.46532 1.4651 1.09874 -0.293821 7.2001 7.19671 5.51561 0 9.96807 10.5026 -3.5406 -11.4584 1 0 0 0.0416137 0.0207137 0.0192258
195 0.00603704 7.09802e-05 0.0228533 0.00937055 0.00566676 0.00781604 0.978802 0.00144901 0.0267967 1.46593 1.4517 1.46605 1.46581 1.0985 -0.308143 7.19732 7.19368 5.51553 0 9.70338 10.2363 -3.44667 -11.7144 1 0 0 0.0446065 0.0221583 0.0205387
200 0.00639918 7.46382e-05 0.0243808 0.0100076 0.0060437 0.00832948 0.883373 0.00144949 0.0274838 1.46666 1.4517 1.46679 1.46653 1.09825 -0.322933 7.19451 7.19061 5.51544 0 9.43905 9.96955 -3.3528 -11.9755 1 0 0 0.0477413 0.0236821 0.021916
205 0.00677999 7.84847e-05 0.0259792 0.0106728 0.00643912 0.0088672 0.797268 0.00144998 0.0281708 1.4674 1.4517 1.46754 1.46727 1.09801 -0.338195 7.19168 7.18752 5.51534 0 9.17575 9.70317 -3.25924 -12.2415 1 0 0 0.0510209 0.0252881 0.0233592
210 0.00718042 8.25295e-05 0.0276499 0.0113665 0.00685359 0.00942979 0.719573 0.00145048 0.0288579 1.46817 1.4517 1.46832 1.46802 1.09775 -0.353936 7.18884 7.18439 5.51523 0 8.91412 9.43776 -3.16621 -12.5123 1 0 0 0.0544479 0.0269796 0.0248697
215 0.00760149 8.67827e-05 0.0293946 0.0120892 0.00728766 0.0100178 0.649463 0.00145099 0.029545 1.46895 1.4517 1.46911 1.4688 1.09749 -0.370161 7.18597 7.18124 5.51511 0 8.65469 9.17394 -3.07391 -12.7878 1 0 0 0.0580245 0.0287596 0.026449
220 0.00804426 9.12551e-05 0.0312147 0.012841 0.00774189 0.0106317 0.586194 0.00145151 0.0302321 1.46975 1.4517 1.46993 1.46959 1.09723 -0.386875 7.1831 7.17808 5.51498 0 8.39796 8.91221 -2.98253 -13.0677 1 0 0 0.0617528 0.0306312 0.0280981
225 0.00850984 9.5958e-05 0.0331113 0.0136224 0.00821679 0.0112721 0.529098 0.00145204 0.0309192 1.47057 1.4517 1.47075 1.47039 1.09696 -0.404084 7.18023 7.1749 5.51484 0 8.14437 8.65307 -2.89221 -13.3521 1 0 0 0.0656349 0.0325973 0.0298184
230 0.00899942 0.000100903 0.0350858 0.0144335 0.00871286 0.0119394 0.477569 0.00145259 0.0316063 1.47141 1.4517 1.4716 1.47122 1.09669 -0.421791 7.17736 7.17173 5.51469 0 7.89429 8.39692 -2.80309 -13.6408 1 0 0 0.0696723 0.034661 0.0316109
235 0.00951424 0.000106103 0.0371392 0.0152745 0.0092306 0.0126341 0.431065 0.00145314 0.0322934 1.47226 1.4517 1.47247 1.47206 1.09641 -0.440001 7.17451 7.16855 5.51452 0 7.64805 8.14415 -2.71529 -13.9337 1 0 0 0.0738663 0.0368251 0.0334764
240 0.0100556 0.000111572 0.0392724 0.0161454 0.00977045 0.0133566 0.389093 0.00145371 0.0329805 1.47313 1.4517 1.47335 1.47291 1.09612 -0.458718 7.17166 7.16538 5.51434 0 7.40594 7.89506 -2.62892 -14.2307 1 0 0 0.0782179 0.0390924 0.0354159
245 0.0106248 0.000117321 0.0414862 0.0170463 0.0103328 0.0141071 0.351211 0.00145429 0.0336676 1.47401 1.4517 1.47425 1.47378 1.09583 -0.477947 7.16885 7.16224 5.51415 0 7.16822 7.64995 -2.54407 -14.5317 1 0 0 0.0827278 0.0414655 0.03743
250 0.0112234 0.000123368 0.0437813 0.0179771 0.0109181 0.0148861 0.31702 0.00145488 0.0343547 1.47491 1.4517 1.47516 1.47467 1.09554 -0.49769 7.16606 7.15911 5.51393 0 6.9351 7.40907 -2.46082 -14.8365 1 0 0 0.0873962 0.0439469 0.0395191
255 0.0118528 0.000129726 0.046158 0.0189376 0.0115266 0.0156938 0.28616 0.00145548 0.0350418 1.47583 1.4517 1.4761 1.47558 1.09524 -0.51795 7.16331 7.15603 5.5137 0 6.70674 7.17263 -2.37922 -15.1451 1 0 0 0.0922231 0.0465391 0.0416837
260 0.0125147 0.000136411 0.0486165 0.0199275 0.0121586 0.0165304 0.258306 0.00145609 0.0357289 1.47677 1.4517 1.47705 1.4765 1.09493 -0.53873 7.16061 7.15298 5.51344 0 6.48331 6.9408 -2.29934 -15.4573 1 0 0 0.0972079 0.049244 0.0439238
265 0.0132107 0.000143441 0.051157 0.0209465 0.0128144 0.0173961 0.233164 0.00145671 0.036416 1.47772 1.4517 1.47802 1.47743 1.09463 -0.560033 7.15797 7.14999 5.51317 0 6.26492 6.71375 -2.22122 -15.7729 1 0 0 0.102349 0.0520638 0.0462395
270 0.0139425 0.000150833 0.053779 0.0219941 0.0134941 0.0182909 0.21047 0.00145734 0.0371031 1.47869 1.4517 1.479 1.47839 1.09431 -0.58186 7.15539 7.14706 5.51287 0 6.05165 6.49158 -2.14489 -16.092 1 0 0 0.107646 0.055 0.0486305
275 0.0147121 0.000158607 0.0564823 0.0230696 0.0141977 0.0192149 0.189985 0.00145799 0.0377902 1.47968 1.4517 1.48 1.47936 1.09399 -0.604213 7.15289 7.14421 5.51255 0 5.8436 6.27441 -2.07039 -16.4144 1 0 0 0.113096 0.0580542 0.0510964
280 0.0155213 0.000166781 0.0592659 0.0241724 0.0149255 0.020168 0.171495 0.00145864 0.0384772 1.48068 1.4517 1.48102 1.48034 1.09367 -0.627093 7.15048 7.14144 5.5122 0 5.64079 6.06231 -1.99772 -16.7399 1 0 0 0.118696 0.0612275 0.0536363
285 0.0163722 0.000175376 0.0621288 0.0253015 0.0156772 0.0211501 0.154804 0.00145931 0.0391643 1.48169 1.4517 1.48206 1.48134 1.09335 -0.650501 7.14816 7.13877 5.51182 0 5.44327 5.85534 -1.92691 -17.0684 1 0 0 0.124444 0.0645205 0.0562494
290 0.017267 0.000184414 0.0650697 0.026456 0.0164527 0.022161 0.139738 0.00145998 0.0398514 1.48273 1.4517 1.48311 1.48236 1.09301 -0.674436 7.14594 7.13621 5.51141 0 5.25104 5.65354 -1.85796 -17.3998 1 0 0 0.130334 0.0679339 0.0589344
295 0.0182079 0.000193918 0.0680868 0.0276347 0.0172518 0.0232002 0.126139 0.00146067 0.0405385 1.48378 1.4517 1.48418 1.48339 1.09268 -0.698898 7.14385 7.13378 5.51097 0 5.0641 5.45692 -1.79086 -17.7339 1 0 0 0.136362 0.0714676 0.0616897
300 0.0191972 0.000203911 0.0711779 0.0288362 0.0180742 0.0242675 0.113863 0.00146136 0.0412256 1.48484 1.4517 1.48526 1.48443 1.09234 -0.723887 7.14189 7.13148 5.51049 0 4.88243 5.26549 -1.72563 -18.0706 1 0 0 0.142523 0.0751212 0.0645136
305 0.0202376 0.00021442 0.0743407 0.030059 0.0189193 0.0253623 0.102781 0.00146207 0.0419127 1.48593 1.4517 1.48637 1.4855 1.092 -0.749401 7.14007 7.12933 5.50998 0 4.70601 5.07925 -1.66224 -18.4098 1 0 0 0.148811 0.0788938 0.0674037
310 0.0213316 0.00022547 0.0775721 0.0313014 0.0197867 0.026484 0.0927781 0.00146279 0.0425998 1.48702 1.4517 1.48749 1.48657 1.09165 -0.775437 7.13842 7.12735 5.50943 0 4.5348 4.89818 -1.60068 -18.7513 1 0 0 0.155217 0.082784 0.0703577
315 0.0224819 0.00023709 0.0808688 0.0325616 0.0206755 0.0276317 0.0837485 0.00146351 0.0432869 1.48814 1.4517 1.48862 1.48766 1.09129 -0.801992 7.13693 7.12555 5.50884 0 4.36873 4.72223 -1.54095 -19.0949 1 0 0 0.161734 0.0867899 0.0733725
320 0.0236916 0.000249309 0.0842269 0.0338373 0.0215849 0.0288047 0.0755976 0.00146425 0.043974 1.48927 1.4517 1.48977 1.48877 1.09094 -0.829063 7.13564 7.12395 5.5082 0 4.20776 4.55138 -1.48301 -19.4405 1 0 0 0.168353 0.0909089 0.076445
325 0.0249636 0.000262157 0.0876422 0.0351263 0.022514 0.0300019 0.0682398 0.001465 0.0446611 1.49041 1.4517 1.49094 1.48989 1.09058 -0.856646 7.13455 7.12256 5.50752 0 4.0518 4.38557 -1.42685 -19.7879 1 0 0 0.175064 0.0951377 0.0795714
330 0.0263011 0.000275668 0.0911097 0.036426 0.0234614 0.0312222 0.061598 0.00146575 0.0453482 1.49157 1.4517 1.49212 1.49103 1.09021 -0.884735 7.13367 7.12141 5.50678 0 3.9008 4.22474 -1.37244 -20.1369 1 0 0 0.181855 0.0994724 0.0827476
335 0.0277076 0.000289874 0.094624 0.0377337 0.024426 0.0324642 0.0556026 0.00146652 0.0460353 1.49275 1.4517 1.49332 1.49218 1.08984 -0.913323 7.13304 7.12051 5.506 0 3.75466 4.06883 -1.31975 -20.4874 1 0 0 0.188713 0.103908 0.0859692
340 0.0291865 0.000304813 0.0981791 0.0390463 0.0254062 0.0337266 0.0501905 0.0014673 0.0467224 1.49394 1.4517 1.49454 1.49335 1.08947 -0.942405 7.13265 7.11988 5.50516 0 3.61329 3.91776 -1.26877 -20.839 1 0 0 0.195626 0.10844 0.0892311
345 0.0307417 0.000320522 0.101768 0.0403605 0.0264003 0.0350076 0.0453052 0.00146809 0.0474095 1.49514 1.4517 1.49577 1.49453 1.0891 -0.971971 7.13254 7.11955 5.50426 0 3.47662 3.77145 -1.21945 -21.1917 1 0 0 0.202578 0.113062 0.0925278
350 0.032377 0.00033704 0.105385 0.0416728 0.0274063 0.0363055 0.0408952 0.00146888 0.0480966 1.49636 1.4517 1.49702 1.49572 1.08871 -1.00201 7.13271 7.11952 5.50329 0 3.34453 3.62982 -1.17176 -21.5451 1 0 0 0.209554 0.117765 0.0958535
355 0.0340966 0.00035441 0.10902 0.0429793 0.0284221 0.0376184 0.0369144 0.00146969 0.0487837 1.4976 1.4517 1.49828 1.49693 1.08833 -1.03252 7.1332 7.11983 5.50227 0 3.21694 3.49279 -1.12568 -21.8991 1 0 0 0.216534 0.122543 0.0992016
360 0.0359048 0.000372675 0.112665 0.044276 0.0294455 0.038944 0.033321 0.00147051 0.0494708 1.49885 1.4517 1.49956 1.49816 1.08794 -1.06348 7.13401 7.12049 5.50117 0 3.09373 3.36026 -1.08117 -22.2534 1 0 0 0.223501 0.127386 0.102565
365 0.0378062 0.000391881 0.116312 0.0455583 0.0304738 0.0402801 0.0300774 0.00147133 0.0501578 1.50012 1.4517 1.50086 1.4994 1.08755 -1.09488 7.13517 7.12153 5.50001 0 2.97482 3.23214 -1.03819 -22.6076 1 0 0 0.230434 0.132284 0.105937
370 0.0398056 0.000412077 0.11995 0.0468217 0.0315042 0.0416242 0.0271494 0.00147217 0.0508449 1.5014 1.4517 1.50217 1.50065 1.08716 -1.1267 7.13669 7.12296 5.49876 0 2.86008 3.10834 -0.996713 -22.9616 1 0 0 0.237311 0.137225 0.109309
375 0.041908 0.000433313 0.123568 0.0480612 0.0325337 0.0429734 0.0245064 0.00147301 0.051532 1.50269 1.4517 1.50349 1.50192 1.08676 -1.15894 7.13861 7.12481 5.49744 0 2.74942 2.98875 -0.9567 -23.3151 1 0 0 0.244108 0.142198 0.112672
380 0.0441188 0.000455644 0.127155 0.0492714 0.0335589 0.0443249 0.0221207 0.00147387 0.0522191 1.504 1.4517 1.50483 1.5032 1.08636 -1.19156 7.14093 7.12711 5.49604 0 2.64273 2.87327 -0.918116 -23.6676 1 0 0 0.2508 0.147188 0.116018
385 0.0464435 0.000479126 0.130699 0.0504468 0.0345763 0.0456756 0.0199672 0.00147473 0.0529062 1.50533 1.4517 1.50619 1.50449 1.08595 -1.22456 7.14368 7.12987 5.49456 0 2.53989 2.76181 -0.880925 -24.019 1 0 0 0.25736 0.152181 0.119337
390 0.048888 0.000503818 0.134186 0.0515816 0.0355821 0.0470222 0.0180233 0.00147561 0.0535933 1.50667 1.4517 1.50756 1.5058 1.08554 -1.25791 7.14689 7.13312 5.49298 0 2.44081 2.65426 -0.845091 -24.3688 1 0 0 0.26376 0.157161 0.122619
395 0.0514585 0.000529783 0.137603 0.0526696 0.0365722 0.048361 0.0162687 0.00147649 0.0542804 1.50802 1.4517 1.50894 1.50712 1.08513 -1.29159 7.15056 7.13689 5.49131 0 2.34537 2.55052 -0.81058 -24.7166 1 0 0 0.26997 0.16211 0.125853
400 0.0541615 0.000557086 0.140935 0.0537044 0.0375423 0.0496884 0.0146849 0.00147738 0.0549675 1.50939 1.4517 1.51034 1.50845 1.08471 -1.32557 7.15473 7.14118 5.48955 0 2.25346 2.45049 -0.777354 -25.0621 1 0 0 0.275958 0.16701 0.129028
405 0.0570038 0.000585796 0.144168 0.0546795 0.0384877 0.0510004 0.0132553 0.00147829 0.0556546 1.51077 1.4517 1.51176 1.5098 1.08429 -1.35982 7.1594 7.14603 5.48769 0 2.16498 2.35406 -0.745379 -25.4048 1 0 0 0.28169 0.17184 0.132133
410 0.0599925 0.000615985 0.147284 0.0555878 0.0394036 0.0522928 0.0119649 0.0014792 0.0563417 1.51216 1.4517 1.51319 1.51116 1.08387 -1.39432 7.16461 7.15145 5.48573 0 2.07982 2.26113 -0.714619 -25.7443 1 0 0 0.287132 0.17658 0.135155
415 0.0631353 0.00064773 0.150269 0.0564225 0.0402848 0.0535615 0.0108002 0.00148012 0.0570288 1.51357 1.4517 1.51463 1.51254 1.08344 -1.42903 7.17037 7.15748 5.48366 0 1.99788 2.1716 -0.685039 -26.0801 1 0 0 0.292247 0.181207 0.138084
420 0.06644 0.000681112 0.153104 0.0571763 0.0411261 0.0548018 0.00974882 0.00148105 0.0577159 1.515 1.4517 1.51609 1.51393 1.08302 -1.46392 7.1767 7.16411 5.48149 0 1.91905 2.08536 -0.656604 -26.4118 1 0 0 0.296998 0.185697 0.140905
425 0.0699151 0.000716213 0.155773 0.0578418 0.0419218 0.0560091 0.00879987 0.00148198 0.058403 1.51643 1.4517 1.51756 1.51533 1.08258 -1.49894 7.18362 7.17138 5.47921 0 1.84323 2.00232 -0.62928 -26.7387 1 0 0 0.301347 0.190025 0.143606
430 0.0735692 0.000753124 0.158257 0.0584117 0.0426664 0.0571785 0.00794333 0.00148293 0.0590901 1.51788 1.4517 1.51905 1.51674 1.08215 -1.53406 7.19114 7.1793 5.47681 0 1.77031 1.92238 -0.603032 -27.0604 1 0 0 0.305252 0.194165 0.146173
435 0.0774117 0.000791936 0.160538 0.0588787 0.0433537 0.0583053 0.00717022 0.00148389 0.0597772 1.51935 1.4517 1.52055 1.51817 1.08171 -1.56924 7.19927 7.18789 5.4743 0 1.70021 1.84543 -0.577828 -27.3762 1 0 0 0.308674 0.198088 0.148594
440 0.0814522 0.000832749 0.162597 0.0592354 0.0439779 0.0593842 0.0064724 0.00148485 0.0604642 1.52083 1.4517 1.52207 1.51961 1.08126 -1.60442 7.20803 7.19715 5.47168 0 1.63281 1.77139 -0.553633 -27.6856 1 0 0 0.311571 0.201767 0.150855
445 0.0857009 0.000875666 0.164418 0.0594747 0.0445328 0.0604101 0.00584255 0.00148583 0.0611513 1.52232 1.4517 1.5236 1.52107 1.08082 -1.63956 7.21743 7.20709 5.46895 0 1.56804 1.70015 -0.530415 -27.9879 1 0 0 0.313902 0.205173 0.152942
450 0.0901686 0.000920794 0.16598 0.0595897 0.0450123 0.0613778 0.00527405 0.00148681 0.0618384 1.52382 1.4517 1.52514 1.52253 1.08037 -1.67461 7.22748 7.21774 5.46609 0 1.50578 1.63162 -0.508141 -28.2824 1 0 0 0.315626 0.208275 0.154843
455 0.0948665 0.000968248 0.167266 0.0595739 0.0454102 0.0622822 0.00476092 0.0014878 0.0625255 1.52534 1.4517 1.5267 1.52401 1.07991 -1.7095 7.23818 7.22908 5.46312 0 1.44595 1.56571 -0.486779 -28.5685 1 0 0 0.316703 0.211044 0.156544
460 0.0998066 0.00101815 0.16826 0.0594211 0.0457205 0.063118 0.00429777 0.0014888 0.0632126 1.52687 1.4517 1.52827 1.5255 1.07946 -1.74418 7.24953 7.24112 5.46004 0 1.38846 1.50232 -0.466298 -28.8455 1 0 0 0.317092 0.213447 0.158032
465 0.105001 0.00107062 0.168943 0.059126 0.0459372 0.0638799 0.00387974 0.00148981 0.0638997 1.52841 1.4517 1.52985 1.52701 1.079 -1.77858 7.26154 7.25387 5.45684 0 1.33323 1.44138 -0.446665 -29.1126 1 0 0 0.316758 0.215455 0.159295
470 0.110464 0.00112579 0.169301 0.0586838 0.0460547 0.064563 0.00350243 0.00149083 0.0645868 1.52997 1.4517 1.53145 1.52852 1.07853 -1.81264 7.27419 7.2673 5.45353 0 1.28016 1.38278 -0.427851 -29.3691 1 0 0 0.315664 0.217038 0.160321
475 0.116207 0.00118381 0.16932 0.0580904 0.0460677 0.0651623 0.00316186 0.00149185 0.0652739 1.53154 1.4517 1.53306 1.53005 1.07807 -1.8463 7.28749 7.28142 5.4501 0 1.22918 1.32645 -0.409824 -29.6142 1 0 0 0.31378 0.218164 0.1611
480 0.122247 0.00124482 0.168987 0.0573431 0.0459711 0.0656729 0.00285447 0.00149289 0.065961 1.53312 1.4517 1.53469 1.53159 1.07759 -1.87948 7.30143 7.29621 5.44657 0 1.1802 1.2723 -0.392555 -29.8471 1 0 0 0.311077 0.218807 0.161621
485 0.128598 0.00130897 0.168291 0.0564402 0.0457606 0.0660904 0.00257701 0.00149393 0.0666481 1.53472 1.4517 1.53632 1.53315 1.07712 -1.91211 7.31597 7.31166 5.44293 0 1.13315 1.22026 -0.376014 -30.0671 1 0 0 0.307532 0.218938 0.161874
490 0.135277 0.00137643 0.167224 0.0553811 0.0454324 0.0664105 0.00232657 0.00149498 0.0673352 1.53632 1.4517 1.53797 1.53471 1.07664 -1.94411 7.33111 7.32774 5.4392 0 1.08795 1.17023 -0.360172 -30.2734 1 0 0 0.303128 0.218532 0.161852
495 0.142299 0.00144737 0.16578 0.0541669 0.0449835 0.0666293 0.00210051 0.00149604 0.0680223 1.53794 1.4517 1.53964 1.53629 1.07616 -1.97541 7.34683 7.34442 5.43536 0 1.04453 1.12215 -0.345 -30.4653 1 0 0 0.297856 0.217568 0.161547
500 0.149684 0.00152196 0.163955 0.0528004 0.0444116 0.0667432 0.00189646 0.00149711 0.0687094 1.53957 1.4517 1.54131 1.53788 1.07567 -2.00593 7.36308 7.36167 5.43144 0 1.00281 1.07595 -0.330469 -30.6419 1 0 0 0.291712 0.216025 0.160954
505 0.157449 0.00160039 0.16175 0.0512858 0.0437155 0.0667491 0.00171228 0.00149818 0.0693965 1.54122 1.4517 1.543 1.53948 1.07518 -2.03561 7.37985 7.37946 5.42743 0 0.962736 1.03154 -0.316553 -30.8026 1 0 0 0.284704 0.213887 0.16007
510 0.165614 0.00168287 0.159169 0.0496294 0.0428951 0.0666445 0.00154601 0.00149927 0.0700836 1.54288 1.4517 1.5447 1.5411 1.07469 -2.06436 7.39709 7.39775 5.42335 0 0.924231 0.988857 -0.303224 -30.9467 1 0 0 0.276845 0.211144 0.158891
515 0.1742 0.0017696 0.156218 0.0478392 0.0419515 0.0664273 0.00139593 0.00150036 0.0707707 1.54454 1.4517 1.54641 1.54272 1.07419 -2.09211 7.41476 7.41649 5.41919 0 0.887235 0.947838 -0.290456 -31.0737 1 0 0 0.268164 0.207788 0.157417
520 0.183229 0.0018608 0.152908 0.0459254 0.040887 0.0660961 0.00126044 0.00150146 0.0714577 1.54622 1.4517 1.54813 1.54436 1.07369 -2.11879 7.43283 7.43563 5.41497 0 0.851686 0.908416 -0.278222 -31.183 1 0 0 0.258698 0.203818 0.155649
525 0.192723 0.00195669 0.149255 0.0438999 0.0397055 0.0656501 0.00113812 0.00150257 0.0721448 1.54792 1.4517 1.54987 1.54601 1.07319 -2.14435 7.45123 7.45513 5.4107 0 0.817526 0.870528 -0.266497 -31.2741 1 0 0 0.248496 0.19924 0.153591
530 0.202706 0.00205753 0.145278 0.0417766 0.0384122 0.0650891 0.0010277 0.00150368 0.0728319 1.54962 1.4517 1.55161 1.54767 1.07268 -2.16872 7.46992 7.47493 5.40638 0 0.784698 0.834113 -0.255258 -31.3467 1 0 0 0.237619 0.194065 0.151248
535 0.213203 0.00216357 0.140999 0.0395713 0.0370136 0.0644139 0.000928004 0.00150481 0.073519 1.55134 1.4517 1.55337 1.54935 1.07216 -2.19185 7.48885 7.49497 5.40202 0 0.753147 0.799115 -0.244481 -31.4006 1 0 0 0.226142 0.188312 0.148628
540 0.224242 0.00227507 0.136445 0.0373012 0.0355182 0.0636257 0.000837992 0.00150594 0.0742061 1.55306 1.4517 1.55514 1.55104 1.07165 -2.2137 7.50796 7.51519 5.39764 0 0.722823 0.765477 -0.234142 -31.4357 1 0 0 0.214149 0.182006 0.145739
545 0.23585 0.00239232 0.131647 0.0349851 0.0339354 0.0627268 0.000756721 0.00150708 0.0748932 1.5548 1.4517 1.55692 1.55273 1.07112 -2.23424 7.52719 7.53554 5.39324 0 0.693674 0.733148 -0.224221 -31.452 1 0 0 0.201736 0.175182 0.142594
550 0.248055 0.00251561 0.126639 0.0326426 0.0322766 0.0617198 0.000683337 0.00150823 0.0755803 1.55655 1.4517 1.55871 1.55445 1.0706 -2.25345 7.54649 7.55594 5.38882 0 0.665652 0.702077 -0.214696 -31.4498 1 0 0 0.18901 0.167881 0.139205
555 0.26089 0.00264525 0.121457 0.0302941 0.0305541 0.0606086 0.000617072 0.00150939 0.0762674 1.55831 1.4517 1.56051 1.55617 1.07007 -2.27133 7.56581 7.57635 5.38441 0 0.638713 0.672218 -0.205547 -31.4293 1 0 0 0.176086 0.160152 0.13559
560 0.274386 0.00278158 0.116139 0.0279605 0.0287814 0.0593975 0.000557234 0.00151055 0.0769545 1.56009 1.4517 1.56232 1.5579 1.06953 -2.28787 7.58507 7.5967 5.38 0 0.612811 0.643526 -0.196757 -31.3913 1 0 0 0.163082 0.152052 0.131765
565 0.288578 0.00292493 0.110727 0.0256623 0.0269733 0.0580916 0.000503197 0.00151173 0.0776416 1.56187 1.4517 1.56414 1.55965 1.069 -2.30311 7.60424 7.61694 5.3756 0 0.587903 0.615958 -0.188307 -31.3363 1 0 0 0.150123 0.143644 0.127749
570 0.303501 0.00307567 0.105261 0.0234193 0.0251449 0.0566967 0.000454398 0.00151291 0.0783287 1.56366 1.4517 1.56597 1.56141 1.06846 -2.31707 7.62327 7.63701 5.37123 0 0.563951 0.589476 -0.180181 -31.2655 1 0 0 0.137333 0.134996 0.123564
575 0.319193 0.00323417 0.0997815 0.0212502 0.023312 0.0552193 0.000410328 0.00151409 0.0790158 1.56547 1.4517 1.56781 1.56318 1.06791 -2.32983 7.64209 7.65685 5.36689 0 0.540913 0.564041 -0.172365 -31.1798 1 0 0 0.124833 0.126183 0.119231
580 0.335694 0.00340085 0.0943289 0.019172 0.0214905 0.0536663 0.000370528 0.00151529 0.0797029 1.56729 1.4517 1.56966 1.56496 1.06736 -2.34144 7.66069 7.67644 5.36258 0 0.518753 0.53962 -0.164843 -31.0806 1 0 0 0.112739 0.117282 0.114774
585 0.353045 0.00357611 0.088941 0.0171996 0.0196961 0.0520453 0.000334585 0.0015165 0.08039 1.56911 1.4517 1.57152 1.56676 1.06681 -2.352 7.67901 7.69572 5.35832 0 0.497434 0.516179 -0.157602 -30.9694 1 0 0 0.101155 0.108372 0.110216
590 0.371291 0.00376041 0.0836533 0.0153454 0.0179439 0.0503641 0.000302126 0.00151771 0.0810771 1.57095 1.4517 1.57339 1.56857 1.06626 -2.3616 7.69702 7.71466 5.3541 0 0.476921 0.493688 -0.150632 -30.8478 1 0 0 0.0901758 0.0995352 0.105582
595 0.390476 0.00395421 0.0784979 0.0136188 0.016248 0.0486311 0.000272814 0.00151893 0.0817642 1.5728 1.4517 1.57527 1.57039 1.0657 -2.37038 7.71471 7.73323 5.34993 0 0.457181 0.472118 -0.143921 -30.7176 1 0 0 0.0798779 0.0908488 0.100897
600 0.410651 0.00415799 0.0735026 0.0120266 0.0146213 0.0468547 0.000246345 0.00152016 0.0824513 1.57466 1.4517 1.57715 1.57222 1.06514 -2.37844 7.73204 7.75141 5.34581 0 0.438182 0.451442 -0.13746 -30.5806 1 0 0 0.0703216 0.0823891 0.0961842
605 0.431865 0.00437227 0.0686909 0.0105722 0.0130753 0.0450435 0.000222444 0.00152139 0.0831383 1.57652 1.4517 1.57905 1.57406 1.06458 -2.38595 7.74902 7.76919 5.34175 0 0.419893 0.431633 -0.13124 -30.4389 1 0 0 0.0615481 0.074227 0.0914676
610 0.454173 0.0045976 0.0640818 0.00925622 0.0116194 0.0432061 0.000200864 0.00152263 0.0838254 1.5784 1.4517 1.58095 1.57591 1.06401 -2.39303 7.76562 7.78654 5.33775 0 0.402284 0.412667 -0.125254 -30.2942 1 0 0 0.053579 0.0664266 0.0867701
615 0.47763 0.00483454 0.0596888 0.00807643 0.0102611 0.0413513 0.000181381 0.00152389 0.0845125 1.58029 1.4517 1.58286 1.57778 1.06344 -2.39985 7.78185 7.80348 5.3338 0 0.385328 0.394518 -0.119494 -30.1486 1 0 0 0.0464168 0.0590437 0.0821132
620 0.502296 0.00508369 0.0555212 0.00702814 0.00900559 0.0394875 0.000163793 0.00152514 0.0851996 1.58219 1.4517 1.58479 1.57966 1.06287 -2.40654 7.79772 7.82 5.32991 0 0.368997 0.377162 -0.113956 -30.004 1 0 0 0.0400464 0.0521247 0.077517
625 0.528233 0.00534569 0.0515833 0.00610454 0.00785605 0.0376228 0.000147915 0.00152641 0.0858867 1.5841 1.4517 1.58672 1.58155 1.0623 -2.41327 7.81323 7.83611 5.32608 0 0.353268 0.360574 -0.108633 -29.8622 1 0 0 0.0344367 0.0457051 0.0730003
630 0.555507 0.00562118 0.0478756 0.00529719 0.00681335 0.0357651 0.000133583 0.00152768 0.0865738 1.58601 1.4517 1.58866 1.58344 1.06173 -2.42017 7.82839 7.85183 5.32231 0 0.338118 0.344728 -0.103522 -29.7249 1 0 0 0.0295437 0.0398093 0.0685798
635 0.584186 0.00591087 0.0443947 0.00459649 0.00587631 0.0339219 0.000120647 0.00152896 0.0872609 1.58794 1.4517 1.5906 1.58535 1.06116 -2.42738 7.84322 7.86717 5.31858 0 0.323527 0.329597 -0.0986182 -29.5935 1 0 0 0.0253134 0.0344501 0.0642706
640 0.614344 0.00621549 0.0411344 0.00399216 0.0050419 0.0321003 0.00010897 0.00153024 0.087948 1.58988 1.4517 1.59256 1.58727 1.06058 -2.43501 7.85774 7.88215 5.31491 0 0.309474 0.315154 -0.0939181 -29.4695 1 0 0 0.0216853 0.029629 0.0600858
645 0.646055 0.00653581 0.0380859 0.00347366 0.00430551 0.0303068 9.84313e-05 0.00153153 0.0886351 1.59183 1.4517 1.59453 1.5892 1.06 -2.44316 7.87197 7.89679 5.31129 0 0.295944 0.301369 -0.0894179 -29.3537 1 0 0 0.0185952 0.0253367 0.0560368
650 0.679401 0.00687264 0.0352392 0.00303061 0.00366122 0.0285473 8.89183e-05 0.00153283 0.0893222 1.59378 1.4517 1.59651 1.59114 1.05943 -2.45192 7.88593 7.91113 5.30772 0 0.282922 0.288214 -0.0851139 -29.2471 1 0 0 0.0159783 0.0215544 0.0521331
655 0.714466 0.00722683 0.0325827 0.00265306 0.00310214 0.0268275 8.0331e-05 0.00153414 0.0900093 1.59575 1.4517 1.59849 1.59309 1.05885 -2.46136 7.89963 7.92518 5.3042 0 0.270395 0.275657 -0.0810022 -29.1503 1 0 0 0.0137716 0.0182548 0.0483827
660 0.751337 0.00759926 0.0301048 0.0023318 0.00262078 0.0251522 7.25787e-05 0.00153545 0.0906964 1.59772 1.4517 1.60049 1.59505 1.05827 -2.47152 7.91311 7.93898 5.30071 0 0.258351 0.263668 -0.0770783 -29.0635 1 0 0 0.011916 0.0154043 0.0447918
665 0.790109 0.0079909 0.0277937 0.00205845 0.00220932 0.0235259 6.55794e-05 0.00153676 0.0913835 1.59971 1.4517 1.6025 1.59701 1.0577 -2.48242 7.92638 7.95254 5.29727 0 0.246779 0.252215 -0.0733373 -28.9868 1 0 0 0.0103572 0.0129643 0.0413653
670 0.830879 0.00840271 0.025638 0.00182554 0.00185993 0.0219525 5.9259e-05 0.00153808 0.0920706 1.6017 1.4517 1.60452 1.59898 1.05712 -2.49407 7.93946 7.96591 5.29386 0 0.235669 0.241269 -0.0697737 -28.9201 1 0 0 0.00904704 0.0108933 0.0381067
675 0.87375 0.00883575 0.0236271 0.00162659 0.00156501 0.0204355 5.35505e-05 0.00153941 0.0927577 1.6037 1.4517 1.60655 1.60096 1.05654 -2.50646 7.95237 7.97909 5.29048 0 0.225011 0.230802 -0.0663815 -28.8631 1 0 0 0.00794335 0.00914891 0.0350181
680 0.91883 0.00929111 0.0217512 0.00145604 0.00131735 0.0189778 4.83938e-05 0.00154074 0.0934448 1.60572 1.4517 1.60859 1.60295 1.05596 -2.51957 7.96512 7.99212 5.28714 0 0.214796 0.220786 -0.0631541 -28.8153 1 0 0 0.00701009 0.00768913 0.0321006
685 0.966234 0.00976994 0.0200015 0.00130919 0.0011103 0.017582 4.37345e-05 0.00154207 0.0941318 1.60774 1.4517 1.61064 1.60494 1.05538 -2.53336 7.97773 8.00501 5.28382 0 0.205012 0.211198 -0.0600845 -28.776 1 0 0 0.00621698 0.00647399 0.0293542
690 1.01608 0.0102734 0.0183699 0.0011821 0.000937801 0.01625 3.95238e-05 0.00154341 0.0948189 1.60977 1.4517 1.6127 1.60694 1.0548 -2.54778 7.9902 8.01779 5.28054 0 0.195649 0.202014 -0.0571654 -28.7447 1 0 0 0.00553893 0.00546638 0.0267776
695 1.0685 0.0108029 0.0168494 0.00107155 0.000794473 0.0149834 3.57176e-05 0.00154476 0.095506 1.61181 1.4517 1.61478 1.60894 1.05422 -2.56279 8.00256 8.03047 5.27727 0 0.186692 0.193214 -0.0543893 -28.7206 1 0 0 0.0049554 0.00463284 0.0243688
700 1.12361 0.0113596 0.0154337 0.000974878 0.000675581 0.0137832 3.22764e-05 0.00154611 0.0961931 1.61385 1.4517 1.61686 1.61095 1.05364 -2.57834 8.01481 8.04306 5.27403 0 0.178131 0.18478 -0.051749 -28.703 1 0 0 0.00444979 0.00394381 0.0221245
705 1.18157 0.011945 0.014117 0.000889915 0.000577024 0.0126501 2.91647e-05 0.00154746 0.0968802 1.61591 1.4517 1.61896 1.61297 1.05306 -2.59439 8.02697 8.05558 5.2708 0 0.16995 0.176696 -0.0492371 -28.6913 1 0 0 0.00400873 0.00337377 0.0200407
710 1.24251 0.0125606 0.0128943 0.000814902 0.000495292 0.0115841 2.63507e-05 0.00154882 0.0975673 1.61798 1.4517 1.62106 1.615 1.05248 -2.61088 8.03903 8.06804 5.2676 0 0.162134 0.168948 -0.0468468 -28.685 1 0 0 0.00362153 0.00290108 0.0181127
715 1.3066 0.013208 0.0117607 0.000748402 0.000427413 0.0105848 2.38057e-05 0.00155018 0.0982544 1.62005 1.4517 1.62318 1.61702 1.05189 -2.62779 8.05101 8.08044 5.26441 0 0.154671 0.161523 -0.0445716 -28.6834 1 0 0 0.00327969 0.00250765 0.0163349
720 1.37399 0.0138886 0.0107117 0.000689242 0.000370897 0.00965151 2.15038e-05 0.00155155 0.0989415 1.62213 1.4517 1.62531 1.61906 1.05131 -2.64508 8.06292 8.0928 5.26124 0 0.147544 0.154407 -0.0424053 -28.6862 1 0 0 0.00297637 0.00217863 0.014701
725 1.44485 0.0146044 0.00974298 0.000636455 0.000323677 0.00878285 1.9422e-05 0.00155292 0.0996286 1.62422 1.4517 1.62745 1.6211 1.05073 -2.66273 8.07476 8.10512 5.25808 0 0.140738 0.14759 -0.0403423 -28.693 1 0 0 0.0027061 0.00190191 0.0132044
730 1.51936 0.0153571 0.00885048 0.000589236 0.000284051 0.0079772 1.75393e-05 0.0015543 0.100316 1.62632 1.4517 1.62959 1.62315 1.05015 -2.68072 8.08654 8.1174 5.25494 0 0.134241 0.14106 -0.0383772 -28.7036 1 0 0 0.00246443 0.00166774 0.0118381
735 1.59771 0.0161485 0.00803009 0.000546908 0.000250627 0.00723255 1.58368e-05 0.00155568 0.101003 1.62843 1.4517 1.63175 1.6252 1.04957 -2.69903 8.09826 8.12966 5.2518 0 0.128038 0.134807 -0.0365051 -28.7177 1 0 0 0.00224772 0.00146832 0.0105945
740 1.6801 0.0169807 0.00727779 0.000508892 0.000222275 0.00654662 1.42975e-05 0.00155707 0.10169 1.63054 1.4517 1.63392 1.62726 1.04898 -2.71766 8.10994 8.14189 5.24868 0 0.122116 0.128821 -0.0347216 -28.7352 1 0 0 0.00205293 0.00129741 0.00946611
745 1.76674 0.0178558 0.0065896 0.00047469 0.00019808 0.00591683 1.29059e-05 0.00155846 0.102377 1.63266 1.4517 1.6361 1.62932 1.0484 -2.7366 8.12157 8.15411 5.24557 0 0.116461 0.123091 -0.0330223 -28.7559 1 0 0 0.0018775 0.00115007 0.00844536
750 1.85784 0.018776 0.0059616 0.000443866 0.000177307 0.00534042 1.16482e-05 0.00155986 0.103064 1.63479 1.4517 1.63829 1.63139 1.04782 -2.75585 8.13316 8.16631 5.24247 0 0.111063 0.117607 -0.0314034 -28.7797 1 0 0 0.00171924 0.00102234 0.00752458
755 1.95363 0.0197437 0.00538988 0.000416036 0.000159362 0.00481448 1.05116e-05 0.00156126 0.103751 1.63693 1.4517 1.64049 1.63347 1.04723 -2.77541 8.14471 8.17849 5.23938 0 0.10591 0.112361 -0.0298611 -28.8066 1 0 0 0.00157626 0.000911037 0.00669625
760 2.05437 0.0207612 0.00487061 0.000390858 0.000143768 0.00433598 9.48472e-06 0.00156266 0.104438 1.63908 1.4517 1.64269 1.63555 1.04665 -2.79526 8.15622 8.19066 5.2363 0 0.10099 0.107342 -0.0283918 -28.8366 1 0 0 0.00144688 0.00081362 0.00595301
765 2.16029 0.0218311 0.00440003 0.00036803 0.000130139 0.00390186 8.55712e-06 0.00156407 0.105125 1.64123 1.4517 1.64491 1.63763 1.04607 -2.81542 8.16771 8.20283 5.23323 0 0.0962927 0.102542 -0.0269924 -28.8694 1 0 0 0.00132966 0.000728011 0.00528778
770 2.27167 0.0229562 0.00397446 0.00034728 0.000118164 0.00350901 7.71938e-06 0.00156548 0.105812 1.64339 1.4517 1.64714 1.63973 1.04549 -2.83587 8.17916 8.21499 5.23016 0 0.0918089 0.0979516 -0.0256596 -28.905 1 0 0 0.0012233 0.000652515 0.00469371
775 2.3888 0.0241393 0.00359034 0.000328367 0.000107593 0.00315438 6.96295e-06 0.0015669 0.1065 1.64556 1.4517 1.64938 1.64182 1.0449 -2.85662 8.19059 8.22715 5.22711 0 0.0875289 0.0935619 -0.0243904 -28.9435 1 0 0 0.00112664 0.00058573 0.00416432
780 2.51196 0.0251295 0.00324426 0.000311076 9.82174e-05 0.00283497 6.28006e-06 0.00156832 0.107187 1.64774 1.4517 1.65162 1.64392 1.04432 -2.87767 8.202 8.23931 5.22406 0 0.0834435 0.0893649 -0.0231819 -28.9846 1 0 0 0.00103868 0.000526492 0.0036935
785 2.6376 0.0251295 0.00295255 0.000297153 9.16136e-05 0.00256379 6.2537e-06 0.00156974 0.107874 1.64992 1.4517 1.65388 1.64603 1.04374 -2.89962 8.21311 8.25117 5.22107 0 0.0836706 0.0897258 -0.0231124 -29.0346 1 0 0 0.000981986 0.000493331 0.00330858
790 2.76325 0.0251295 0.00272818 0.000286952 8.81875e-05 0.00235304 6.23037e-06 0.00157117 0.108561 1.65212 1.4517 1.65614 1.64814 1.04316 -2.92295 8.22382 8.26264 5.21814 0 0.0839237 0.0900531 -0.0230402 -29.0978 1 0 0 0.000945008 0.000477478 0.0030086
795 2.8889 0.0251295 0.00255312 0.000278517 8.60849e-05 0.00218852 6.21029e-06 0.00157261 0.109248 1.65431 1.4517 1.65842 1.65026 1.04258 -2.94718 8.23443 8.274 5.21524 0 0.0841813 0.0903688 -0.0229761 -29.1694 1 0 0 0.0009167 0.000468464 0.00277285
800 3.01455 0.0251295 0.00241544 0.000271094 8.45933e-05 0.00205975 6.19239e-06 0.00157405 0.109935 1.65652 1.4517 1.6607 1.65238 1.04201 -2.97206 8.24502 8.28536 5.21235 0 0.0844385 0.090679 -0.0229175 -29.2468 1 0 0 0.000892855 0.000462413 0.00258623
805 3.14019 0.0251295 0.0023067 0.000264353 8.34168e-05 0.00195893 6.17602e-06 0.00157549 0.110622 1.65873 1.4517 1.66298 1.65451 1.04143 -2.99746 8.25564 8.29675 5.20947 0 0.0846938 0.090985 -0.0228627 -29.3285 1 0 0 0.000871717 0.0004578 0.00243761
810 3.26584 0.0251295 0.00222076 0.000258127 8.2422e-05 0.00188021 6.16078e-06 0.00157694 0.111309 1.66095 1.4517 1.66528 1.65665 1.04086 -3.02327 8.26627 8.30817 5.2066 0 0.0849469 0.0912874 -0.0228109 -29.4135 1 0 0 0.000852478 0.00045398 0.0023187
815 3.39149 0.0251295 0.00215298 0.000252324 8.15434e-05 0.00181912 6.1464e-06 0.00157839 0.111996 1.66318 1.4517 1.66758 1.6588 1.04029 -3.04943 8.27694 8.31962 5.20373 0 0.0851977 0.0915861 -0.0227615 -29.5011 1 0 0 0.000834714 0.000450655 0.00222328
820 3.51714 0.0251295 0.00209986 0.000246879 8.07455e-05 0.00177223 6.1327e-06 0.00157985 0.112683 1.66541 1.4517 1.66989 1.66095 1.03972 -3.07586 8.28764 8.33111 5.20087 0 0.0854461 0.0918812 -0.0227142 -29.5906 1 0 0 0.00081817 0.00044767 0.00214659
825 3.64278 0.0251295 0.00205864 0.000241747 8.00075e-05 0.00173689 6.11952e-06 0.00158131 0.11337 1.66765 1.4517 1.67221 1.6631 1.03915 -3.10253 8.29838 8.34264 5.19802 0 0.0856922 0.0921727 -0.0226684 -29.6815 1 0 0 0.000802672 0.000444939 0.00208495
830 3.76843 0.0251295 0.0020272 0.000236893 7.93164e-05 0.001711 6.10677e-06 0.00158277 0.114058 1.6699 1.4517 1.67454 1.66526 1.03858 -3.12941 8.30914 8.35421 5.19517 0 0.0859357 0.0924607 -0.022624 -29.7735 1 0 0 0.00078809 0.000442409 0.00203549
835 3.89408 0.0251295 0.00200385 0.000232288 7.86631e-05 0.0016929 6.09436e-06 0.00158424 0.114745 1.67215 1.4517 1.67687 1.66743 1.03801 -3.15645 8.31993 8.36582 5.19233 0 0.0861768 0.0927454 -0.0225807 -29.8663 1 0 0 0.000774322 0.000440043 0.00199598
840 4.01973 0.0251295 0.00198723 0.000227907 7.80414e-05 0.00168129 6.08223e-06 0.00158572 0.115432 1.67441 1.4517 1.67921 1.66961 1.03745 -3.18363 8.33075 8.37746 5.1895 0 0.0864154 0.0930267 -0.0225383 -29.9596 1 0 0 0.000761282 0.000437814 0.00196462
845 4.14537 0.0251295 0.00197626 0.000223732 7.74464e-05 0.00167509 6.07034e-06 0.0015872 0.116119 1.67668 1.4517 1.68155 1.67179 1.03688 -3.21093 8.34161 8.38913 5.18667 0 0.0866514 0.0933049 -0.0224966 -30.0532 1 0 0 0.0007489 0.000435704 0.00193997
850 4.27102 0.0251295 0.00197006 0.000219743 7.68741e-05 0.00167344 6.05863e-06 0.00158868 0.116806 1.67895 1.4517 1.68391 1.67397 1.03632 -3.23834 8.35249 8.40084 5.18384 0 0.0868848 0.0935799 -0.0224556 -30.1469 1 0 0 0.000737115 0.000433694 0.00192089
855 4.39667 0.0251295 0.0019679 0.000215927 7.63215e-05 0.00167565 6.04708e-06 0.00159017 0.117493 1.68123 1.4517 1.68627 1.67616 1.03575 -3.26583 8.36341 8.41259 5.18102 0 0.0871157 0.0938518 -0.022415 -30.2406 1 0 0 0.000725875 0.000431773 0.00190643
860 4.52232 0.0251295 0.0019692 0.000212269 7.5786e-05 0.00168114 6.03567e-06 0.00159166 0.11818 1.68352 1.4517 1.68864 1.67836 1.03519 -3.29339 8.37435 8.42437 5.17821 0 0.087344 0.0941206 -0.0223749 -30.3341 1 0 0 0.000715135 0.000429929 0.00189583
865 4.64796 0.0251295 0.00197346 0.00020876 7.52653e-05 0.00168944 6.02436e-06 0.00159315 0.118867 1.68581 1.4517 1.69101 1.68057 1.03463 -3.32102 8.38532 8.43619 5.1754 0 0.0875698 0.0943865 -0.022335 -30.4274 1 0 0 0.000704854 0.000428151 0.00188846
870 4.77361 0.0251295 0.00198029 0.000205388 7.47575e-05 0.00170015 6.01315e-06 0.00159465 0.119554 1.68811 1.4517 1.69339 1.68277 1.03407 -3.34869 8.39632 8.44803 5.17259 0 0.0877931 0.0946494 -0.0222954 -30.5204 1 0 0 0.000694998 0.00042643 0.00188382
875 4.89926 0.0251295 0.00198935 0.000202144 7.4261e-05 0.00171295 6.00201e-06 0.00159615 0.120241 1.69041 1.4517 1.69578 1.68499 1.03351 -3.37641 8.40735 8.45992 5.16979 0 0.0880139 0.0949094 -0.0222559 -30.613 1 0 0 0.000685536 0.000424761 0.00188145
880 5.0249 0.0251295 0.00200036 0.00019902 7.37744e-05 0.00172756 5.99094e-06 0.00159766 0.120929 1.69272 1.4517 1.69817 1.68721 1.03295 -3.40416 8.4184 8.47183 5.167 0 0.0882323 0.0951665 -0.0222165 -30.7051 1 0 0 0.000676439 0.000423134 0.00188102
885 5.15055 0.0251295 0.00201307 0.000196009 7.32965e-05 0.00174377 5.97992e-06 0.00159917 0.121616 1.69504 1.4517 1.70057 1.68943 1.0324 -3.43195 8.42949 8.48378 5.16421 0 0.0884482 0.0954208 -0.0221772 -30.7967 1 0 0 0.000667683 0.000421546 0.00188223
890 5.2762 0.0251295 0.0020273 0.000193104 7.28261e-05 0.00176137 5.96896e-06 0.00160068 0.122303 1.69736 1.4517 1.70298 1.69167 1.03184 -3.45975 8.4406 8.49576 5.16142 0 0.0886617 0.0956722 -0.0221379 -30.8878 1 0 0 0.000659244 0.00041999 0.00188482
895 5.40185 0.0251295 0.00204288 0.000190299 7.23624e-05 0.00178022 5.95804e-06 0.0016022 0.12299 1.69968 1.4517 1.70539 1.6939 1.03128 -3.48758 8.45174 8.50777 5.15864 0 0.0888728 0.0959208 -0.0220986 -30.9782 1 0 0 0.000651104 0.000418461 0.00188858
900 5.52749 0.0251295 0.00205966 0.000187589 7.19045e-05 0.00180017 5.94715e-06 0.00160372 0.123677 1.70202 1.4517 1.70781 1.69614 1.03073 -3.51542 8.4629 8.51982 5.15587 0 0.0890815 0.0961667 -0.0220592 -31.0681 1 0 0 0.000643242 0.000416955 0.00189335
905 5.65314 0.0251295 0.00207753 0.000184967 7.14517e-05 0.00182111 5.9363e-06 0.00160525 0.124364 1.70436 1.4517 1.71023 1.69839 1.03018 -3.54327 8.47409 8.53189 5.1531 0 0.089288 0.0964098 -0.0220198 -31.1574 1 0 0 0.000635642 0.00041547 0.00189897
910 5.77879 0.0251295 0.00209637 0.000182431 7.10035e-05 0.00184294 5.92548e-06 0.00160678 0.125051 1.7067 1.4517 1.71266 1.70064 1.02962 -3.57113 8.48531 8.544 5.15033 0 0.0894921 0.0966501 -0.0219802 -31.246 1 0 0 0.000628288 0.000414001 0.00190532
915 5.90444 0.0251295 0.00211612 0.000179975 7.05592e-05 0.00186558 5.91468e-06 0.00160831 0.125738 1.70905 1.4517 1.7151 1.7029 1.02907 -3.59899 8.49655 8.55613 5.14757 0 0.0896939 0.0968878 -0.0219405 -31.3339 1 0 0 0.000621167 0.000412545 0.00191228
920 6.03008 0.0251295 0.00213668 0.000177595 7.01185e-05 0.00188897 5.90391e-06 0.00160985 0.126425 1.71141 1.4517 1.71754 1.70516 1.02852 -3.62686 8.50782 8.5683 5.14482 0 0.0898935 0.0971228 -0.0219006 -31.4212 1 0 0 0.000614264 0.0004111 0.00191978
925 6.15573 0.0251295 0.002158 0.000175288 6.96809e-05 0.00191303 5.89317e-06 0.00161139 0.127112 1.71377 1.4517 1.71999 1.70743 1.02797 -3.65472 8.51912 8.5805 5.14207 0 0.0900908 0.0973552 -0.0218606 -31.5078 1 0 0 0.000607567 0.000409664 0.00192773
930 6.28138 0.0251295 0.00218002 0.00017305 6.92462e-05 0.00193773 5.88245e-06 0.00161293 0.127799 1.71614 1.4517 1.72245 1.7097 1.02743 -3.68258 8.53044 8.59272 5.13932 0 0.0902859 0.0975849 -0.0218203 -31.5937 1 0 0 0.000601065 0.000408235 0.00193607
935 6.40703 0.0251295 0.00220271 0.000170878 6.88139e-05 0.00196301 5.87175e-06 0.00161448 0.128487 1.71851 1.4517 1.72491 1.71198 1.02688 -3.71044 8.54178 8.60498 5.13658 0 0.0904789 0.0978121 -0.0217799 -31.6789 1 0 0 0.000594748 0.000406811 0.00194474
940 6.53267 0.0251295 0.002226 0.000168769 6.8384e-05 0.00198885 5.86108e-06 0.00161603 0.129174 1.72088 1.4517 1.72737 1.71426 1.02633 -3.73829 8.55315 8.61726 5.13385 0 0.0906697 0.0980366 -0.0217393 -31.7634 1 0 0 0.000588605 0.00040539 0.00195369
945 6.65832 0.0251295 0.00224988 0.000166719 6.79561e-05 0.00201521 5.85042e-06 0.00161758 0.129861 1.72327 1.4517 1.72984 1.71654 1.02579 -3.76613 8.56454 8.62958 5.13112 0 0.0908583 0.0982586 -0.0216984 -31.8472 1 0 0 0.000582627 0.000403971 0.00196288
950 6.78397 0.0251295 0.00227431 0.000164728 6.75301e-05 0.00204206 5.83979e-06 0.00161914 0.130548 1.72565 1.4517 1.73232 1.71883 1.02524 -3.79396 8.57596 8.64192 5.12839 0 0.0910449 0.0984781 -0.0216573 -31.9303 1 0 0 0.000576806 0.000402554 0.00197228
955 6.90962 0.0251295 0.00229927 0.000162791 6.71059e-05 0.00206938 5.82917e-06 0.0016207 0.131235 1.72805 1.4517 1.7348 1.72113 1.0247 -3.82178 8.5874 8.65429 5.12567 0 0.0912293 0.0986951 -0.021616 -32.0126 1 0 0 0.000571133 0.000401136 0.00198185
960 7.03526 0.0251295 0.00232474 0.000160908 6.66833e-05 0.00209715 5.81858e-06 0.00162226 0.131922 1.73044 1.4517 1.73729 1.72343 1.02416 -3.84959 8.59886 8.66668 5.12296 0 0.0914117 0.0989095 -0.0215745 -32.0943 1 0 0 0.000565601 0.000399718 0.00199158
965 7.16091 0.0251295 0.00235069 0.000159074 6.62623e-05 0.00212536 5.80801e-06 0.00162383 0.132609 1.73285 1.4517 1.73979 1.72573 1.02362 -3.87739 8.61035 8.67911 5.12025 0 0.091592 0.0991216 -0.0215327 -32.1753 1 0 0 0.000560203 0.000398298 0.00200143
970 7.28656 0.0251295 0.00237712 0.000157289 6.58428e-05 0.00215398 5.79746e-06 0.0016254 0.133296 1.73525 1.4517 1.74228 1.72804 1.02308 -3.90517 8.62186 8.69156 5.11755 0 0.0917702 0.0993311 -0.0214906 -32.2556 1 0 0 0.000554931 0.000396876 0.00201138
975 7.41221 0.0251295 0.00240399 0.000155551 6.54247e-05 0.00218302 5.78693e-06 0.00162697 0.133983 1.73767 1.4517 1.74479 1.73036 1.02254 -3.93293 8.63339 8.70404 5.11485 0 0.0919465 0.0995383 -0.0214484 -32.3352 1 0 0 0.000549781 0.000395451 0.00202142
980 7.53785 0.0251295 0.00243132 0.000153858 6.50079e-05 0.00221245 5.77642e-06 0.00162855 0.13467 1.74008 1.4517 1.7473 1.73268 1.022 -3.96067 8.64495 8.71654 5.11215 0 0.0921208 0.099743 -0.0214059 -32.414 1 0 0 0.000544746 0.000394023 0.00203154
985 7.6635 0.0251295 0.00245907 0.000152208 6.45925e-05 0.00224227 5.76593e-06 0.00163013 0.135357 1.7425 1.4517 1.74981 1.735 1.02146 -3.9884 8.65653 8.72907 5.10947 0 0.0922931 0.0999454 -0.0213631 -32.4922 1 0 0 0.000539819 0.000392591 0.00204172
990 7.78915 0.0251295 0.00248725 0.000150599 6.41784e-05 0.00227248 5.75546e-06 0.00163171 0.136045 1.74493 1.4517 1.75233 1.73732 1.02093 -4.01611 8.66812 8.74163 5.10678 0 0.0924634 0.100145 -0.0213201 -32.5697 1 0 0 0.000534997 0.000391155 0.00205194
995 7.91479 0.0251295 0.00251585 0.00014903 6.37655e-05 0.00230306 5.74502e-06 0.0016333 0.136732 1.74736 1.4517 1.75485 1.73966 1.02039 -4.0438 8.67974 8.75421 5.10411 0 0.0926318 0.100343 -0.0212768 -32.6465 1 0 0 0.000530274 0.000389716 0.00206221
1000 8.04044 0.0251295 0.00254486 0.000147499 6.33539e-05 0.00233401 5.7346e-06 0.00163488 0.137419 1.7498 1.4517 1.75738 1.74199 1.01986 -4.07146 8.69139 8.76681 5.10143 0 0.0927983 0.100539 -0.0212333 -32.7226 1 0 0 0.000525644 0.000388272 0.00207251
1005 8.16609 0.0251295 0.00257427 0.000146006 6.29435e-05 0.00236532 5.7242e-06 0.00163648 0.138106 1.75224 1.4517 1.75992 1.74433 1.01933 -4.09911 8.70305 8.77945 5.09877 0 0.0929629 0.100732 -0.0211895 -32.798 1 0 0 0.000521105 0.000386823 0.00208283
1010 8.29174 0.0251295 0.00260409 0.000144549 6.25345e-05 0.002397 5.71382e-06 0.00163807 0.138793 1.75468 1.4517 1.76246 1.74667 1.01879 -4.12673 8.71473 8.7921 5.09611 0 0.0931257 0.100922 -0.0211456 -32.8728 1 0 0 0.000516651 0.00038537 0.00209316
1015 8.41738 0.0251295 0.00263429 0.000143126 6.21266e-05 0.00242904 5.70347e-06 0.00163967 0.13948 1.75713 1.4517 1.765 1.74902 1.01826 -4.15433 8.72644 8.80478 5.09345 0 0.0932865 0.101111 -0.0211013 -32.9468 1 0 0 0.000512279 0.000383912 0.00210351
1020 8.54303 0.0251295 0.00266489 0.000141737 6.172e-05 0.00246144 5.69314e-06 0.00164127 0.140167 1.75959 1.4517 1.76755 1.75137 1.01774 -4.1819 8.73816 8.81749 5.0908 0 0.0934455 0.101297 -0.0210568 -33.0202 1 0 0 0.000507985 0.00038245 0.00211386
1025 8.66868 0.0251295 0.00269588 0.00014038 6.13147e-05 0.00249419 5.68283e-06 0.00164287 0.140854 1.76204 1.4517 1.7701 1.75373 1.01721 -4.20945 8.74991 8.83021 5.08816 0 0.0936027 0.101481 -0.0210121 -33.093 1 0 0 0.000503765 0.000380982 0.00212421
1030 8.79433 0.0251295 0.00272725 0.000139054 6.09107e-05 0.00252729 5.67255e-06 0.00164448 0.141541 1.76451 1.4517 1.77266 1.75609 1.01668 -4.23697 8.76167 8.84296 5.08552 0 0.0937581 0.101663 -0.0209672 -33.165 1 0 0 0.000499616 0.00037951 0.00213455
1035 8.91997 0.0251295 0.00275901 0.000137759 6.0508e-05 0.00256075 5.66228e-06 0.00164608 0.142228 1.76697 1.4517 1.77522 1.75845 1.01616 -4.26447 8.77346 8.85574 5.08289 0 0.0939117 0.101843 -0.020922 -33.2364 1 0 0 0.000495535 0.000378032 0.00214489
1040 9.04562 0.0251295 0.00279115 0.000136494 6.01065e-05 0.00259455 5.65205e-06 0.0016477 0.142916 1.76944 1.4517 1.77779 1.76082 1.01563 -4.29194 8.78526 8.86854 5.08026 0 0.0940636 0.102021 -0.0208766 -33.3071 1 0 0 0.000491519 0.00037655 0.00215522
1045 9.17127 0.0251295 0.00282368 0.000135257 5.97064e-05 0.00262871 5.64184e-06 0.00164931 0.143603 1.77192 1.4517 1.78036 1.76319 1.01511 -4.31938 8.79709 8.88136 5.07764 0 0.0942137 0.102196 -0.020831 -33.3772 1 0 0 0.000487565 0.000375063 0.00216553
1050 9.29692 0.0251295 0.00285658 0.000134047 5.93076e-05 0.00266322 5.63165e-06 0.00165093 0.14429 1.77439 1.4517 1.78293 1.76556 1.01458 -4.34679 8.80893 8.8942 5.07502 0 0.094362 0.10237 -0.0207851 -33.4467 1 0 0 0.00048367 0.000373571 0.00217583
1055 9.42256 0.0251295 0.00288986 0.000132865 5.89101e-05 0.00269808 5.62148e-06 0.00165255 0.144977 1.77688 1.4517 1.78551 1.76794 1.01406 -4.37417 8.82079 8.90706 5.07241 0 0.0945087 0.102541 -0.0207391 -33.5155 1 0 0 0.000479832 0.000372075 0.0021861
1060 9.54821 0.0251295 0.00292352 0.000131709 5.8514e-05 0.00273329 5.61134e-06 0.00165417 0.145664 1.77936 1.4517 1.7881 1.77032 1.01354 -4.40152 8.83267 8.91995 5.06981 0 0.0946536 0.10271 -0.0206928 -33.5836 1 0 0 0.000476049 0.000370574 0.00219636
1065 9.67386 0.0251295 0.00295755 0.000130578 5.81193e-05 0.00276886 5.60123e-06 0.00165579 0.146351 1.78185 1.4517 1.79069 1.77271 1.01302 -4.42885 8.84457 8.93286 5.06721 0 0.0947968 0.102877 -0.0206463 -33.6511 1 0 0 0.000472318 0.000369068 0.00220659
1070 9.79951 0.0251295 0.00299197 0.000129473 5.77259e-05 0.00280477 5.59114e-06 0.00165742 0.147038 1.78435 1.4517 1.79328 1.7751 1.01251 -4.45614 8.85649 8.94578 5.06461 0 0.0949384 0.103042 -0.0205997 -33.718 1 0 0 0.000468637 0.000367557 0.00221679
1075 9.92515 0.0251295 0.00302676 0.000128391 5.73339e-05 0.00284103 5.58107e-06 0.00165905 0.147725 1.78685 1.4517 1.79588 1.77749 1.01199 -4.48339 8.86842 8.95873 5.06203 0 0.0950783 0.103205 -0.0205528 -33.7843 1 0 0 0.000465004 0.000366042 0.00222697
1080 10.0508 0.0251295 0.00306193 0.000127333 5.69433e-05 0.00287765 5.57103e-06 0.00166068 0.148412 1.78935 1.4517 1.79848 1.77989 1.01148 -4.51062 8.88037 8.97171 5.05945 0 0.0952166 0.103367 -0.0205057 -33.8499 1 0 0 0.000461417 0.000364522 0.00223713
1085 10.1764 0.0251295 0.00309748 0.000126298 5.65541e-05 0.00291462 5.56101e-06 0.00166231 0.149099 1.79186 1.4517 1.80108 1.78228 1.01096 -4.53781 8.89234 8.9847 5.05687 0 0.0953533 0.103526 -0.0204585 -33.9149 1 0 0 0.000457875 0.000362999 0.00224725
1090 10.3021 0.0251295 0.0031334 0.000125286 5.61664e-05 0.00295195 5.55102e-06 0.00166395 0.149786 1.79436 1.4517 1.80369 1.78469 1.01045 -4.56497 8.90433 8.99771 5.0543 0 0.0954884 0.103683 -0.020411 -33.9793 1 0 0 0.000454376 0.00036147 0.00225734
1095 10.4277 0.0251295 0.0031697 0.000124295 5.57801e-05 0.00298963 5.54106e-06 0.00166559 0.150474 1.79688 1.4517 1.8063 1.78709 1.00994 -4.5921 8.91634 9.01074 5.05174 0 0.0956218 0.103838 -0.0203634 -34.0431 1 0 0 0.000450918 0.000359938 0.0022674
1100 10.5534 0.0251295 0.00320639 0.000123326 5.53953e-05 0.00302767 5.53112e-06 0.00166723 0.151161 1.79939 1.4517 1.80892 1.7895 1.00943 -4.61919 8.92836 9.02379 5.04918 0 0.0957537 0.103991 -0.0203156 -34.1063 1 0 0 0.0004475 0.000358401 0.00227742
1105 10.679 0.0251295 0.00324345 0.000122378 5.50119e-05 0.00306606 5.5212e-06 0.00166888 0.151848 1.80191 1.4517 1.81154 1.79192 1.00892 -4.64625 8.94039 9.03686 5.04663 0 0.0958841 0.104143 -0.0202676 -34.1689 1 0 0 0.00044412 0.00035686 0.00228742
1110 10.8047 0.0251295 0.00328089 0.00012145 5.463e-05 0.00310481 5.51131e-06 0.00167052 0.152535 1.80444 1.4517 1.81416 1.79433 1.00841 -4.67327 8.95245 9.04995 5.04408 0 0.0960129 0.104292 -0.0202195 -34.2309 1 0 0 0.000440778 0.000355316 0.00229737
1115 10.9303 0.0251295 0.00331871 0.000120542 5.42496e-05 0.00314392 5.50144e-06 0.00167217 0.153222 1.80697 1.4517 1.81679 1.79675 1.0079 -4.70025 8.96452 9.06306 5.04154 0 0.0961402 0.10444 -0.0201712 -34.2923 1 0 0 0.000437471 0.000353767 0.0023073
1120 11.056 0.0251295 0.00335692 0.000119654 5.38706e-05 0.00318339 5.4916e-06 0.00167382 0.153909 1.8095 1.4517 1.81942 1.79917 1.0074 -4.7272 8.97661 9.07619 5.03901 0 0.096266 0.104586 -0.0201227 -34.3531 1 0 0 0.0004342 0.000352215 0.00231718
1125 11.1816 0.0251295 0.0033955 0.000118785 5.34932e-05 0.00322323 5.48178e-06 0.00167547 0.154596 1.81203 1.4517 1.82206 1.8016 1.00689 -4.75411 8.98871 9.08933 5.03648 0 0.0963902 0.10473 -0.0200741 -34.4134 1 0 0 0.000430963 0.000350658 0.00232703
1130 11.3073 0.0251295 0.00343447 0.000117935 5.31173e-05 0.00326342 5.47199e-06 0.00167713 0.155283 1.81457 1.4517 1.8247 1.80403 1.00639 -4.78098 9.00083 9.1025 5.03396 0 0.096513 0.104872 -0.0200253 -34.473 1 0 0 0.000427758 0.000349099 0.00233684
1135 11.4329 0.0251295 0.00347383 0.000117104 5.2743e-05 0.00330398 5.46222e-06 0.00167879 0.15597 1.81711 1.4517 1.82734 1.80646 1.00589 -4.80782 9.01297 9.11568 5.03145 0 0.0966344 0.105012 -0.0199764 -34.5321 1 0 0 0.000424586 0.000347535 0.00234661
1140 11.5586 0.0251295 0.00351357 0.000116291 5.23702e-05 0.00334491 5.45247e-06 0.00168045 0.156657 1.81965 1.4517 1.82998 1.8089 1.00539 -4.83462 9.02512 9.12888 5.02894 0 0.0967543 0.105151 -0.0199274 -34.5906 1 0 0 0.000421445 0.000345968 0.00235635
1145 11.6842 0.0251295 0.00355369 0.000115495 5.19989e-05 0.0033862 5.44276e-06 0.00168211 0.157344 1.8222 1.4517 1.83263 1.81133 1.00489 -4.86138 9.03728 9.1421 5.02644 0 0.0968727 0.105287 -0.0198782 -34.6485 1 0 0 0.000418334 0.000344398 0.00236604
1150 11.8099 0.0251295 0.0035942 0.000114717 5.16292e-05 0.00342786 5.43306e-06 0.00168377 0.158032 1.82475 1.4517 1.83529 1.81377 1.00439 -4.8881 9.04946 9.15534 5.02394 0 0.0969897 0.105422 -0.0198289 -34.7059 1 0 0 0.000415253 0.000342825 0.0023757
1155 11.9355 0.0251295 0.0036351 0.000113957 5.12611e-05 0.00346988 5.42339e-06 0.00168544 0.158719 1.8273 1.4517 1.83794 1.81622 1.00389 -4.91478 9.06166 9.16859 5.02145 0 0.0971053 0.105556 -0.0197795 -34.7628 1 0 0 0.000412202 0.000341248 0.00238531
1160 12.0612 0.0251295 0.00367639 0.000113213 5.08946e-05 0.00351228 5.41375e-06 0.0016871 0.159406 1.82986 1.4517 1.8406 1.81866 1.00339 -4.94142 9.07387 9.18186 5.01897 0 0.0972196 0.105687 -0.01973 -34.819 1 0 0 0.000409178 0.000339669 0.00239488
1165 12.1868 0.0251295 0.00371807 0.000112486 5.05297e-05 0.00355505 5.40412e-06 0.00168877 0.160093 1.83242 1.4517 1.84326 1.82111 1.0029 -4.96802 9.08609 9.19515 5.01649 0 0.0973324 0.105817 -0.0196803 -34.8748 1 0 0 0.000406183 0.000338086 0.00240441
1170 12.3125 0.0251295 0.00376014 0.000111776 5.01664e-05 0.0035982 5.39453e-06 0.00169044 0.16078 1.83498 1.4517 1.84593 1.82357 1.00241 -4.99458 9.09833 9.20845 5.01402 0 0.0974439 0.105945 -0.0196305 -34.93 1 0 0 0.000403215 0.000336501 0.0024139
1175 12.4381 0.0251295 0.0038026 0.000111082 4.98047e-05 0.00364172 5.38495e-06 0.00169212 0.161467 1.83755 1.4517 1.8486 1.82602 1.00191 -5.02109 9.11058 9.22177 5.01155 0 0.097554 0.106072 -0.0195807 -34.9846 1 0 0 0.000400275 0.000334913 0.00242335
1180 12.5637 0.0251295 0.00384546 0.000110403 4.94447e-05 0.00368561 5.37541e-06 0.00169379 0.162154 1.84012 1.4517 1.85127 1.82848 1.00142 -5.04757 9.12285 9.2351 5.00909 0 0.0976628 0.106197 -0.0195307 -35.0387 1 0 0 0.000397361 0.000333322 0.00243275
1185 12.6894 0.0251295 0.00388871 0.000109741 4.90863e-05 0.00372988 5.36588e-06 0.00169547 0.162841 1.84269 1.4517 1.85395 1.83094 1.00093 -5.07401 9.13513 9.24845 5.00664 0 0.0977702 0.10632 -0.0194806 -35.0923 1 0 0 0.000394473 0.000331729 0.00244212
1190 12.815 0.0251295 0.00393235 0.000109093 4.87296e-05 0.00377453 5.35638e-06 0.00169715 0.163528 1.84526 1.4517 1.85662 1.8334 1.00045 -5.1004 9.14742 9.26182 5.00419 0 0.0978764 0.106441 -0.0194304 -35.1454 1 0 0 0.000391611 0.000330133 0.00245144
1195 12.9407 0.0251295 0.0039764 0.000108462 4.83746e-05 0.00381956 5.3469e-06 0.00169883 0.164215 1.84784 1.4517 1.85931 1.83587 0.999958 -5.12675 9.15973 9.2752 5.00175 0 0.0979812 0.106561 -0.0193802 -35.1979 1 0 0 0.000388774 0.000328536 0.00246071
1200 13.0663 0.0251295 0.00402084 0.000107845 4.80213e-05 0.00386497 5.33745e-06 0.00170051 0.164902 1.85042 1.4517 1.86199 1.83834 0.999473 -5.15306 9.17205 9.2886 4.99932 0 0.0980847 0.10668 -0.0193299 -35.2499 1 0 0 0.000385963 0.000326936 0.00246994
1205 13.192 0.0251295 0.00406568 0.000107243 4.76697e-05 0.00391077 5.32802e-06 0.0017022 0.16559 1.85301 1.4517 1.86468 1.84081 0.998988 -5.17932 9.18439 9.30202 4.99689 0 0.098187 0.106797 -0.0192795 -35.3014 1 0 0 0.000383177 0.000325335 0.00247913
1210 13.3176 0.0251295 0.00411092 0.000106656 4.73198e-05 0.00395694 5.31861e-06 0.00170389 0.166277 1.85559 1.4517 1.86737 1.84328 0.998505 -5.20554 9.19673 9.31544 4.99447 0 0.098288 0.106912 -0.019229 -35.3524 1 0 0 0.000380416 0.000323731 0.00248827
1215 13.4433 0.0251295 0.00415656 0.000106083 4.69717e-05 0.00400351 5.30923e-06 0.00170557 0.166964 1.85818 1.4517 1.87006 1.84576 0.998023 -5.23172 9.20909 9.32889 4.99205 0 0.0983878 0.107026 -0.0191784 -35.4029 1 0 0 0.000377679 0.000322126 0.00249737
1220 13.5689 0.0251295 0.00420261 0.000105524 4.66254e-05 0.00405046 5.29987e-06 0.00170726 0.167651 1.86077 1.4517 1.87276 1.84824 0.997542 -5.25785 9.22147 9.34234 4.98964 0 0.0984864 0.107138 -0.0191278 -35.4529 1 0 0 0.000374967 0.00032052 0.00250643
1225 13.6946 0.0251295 0.00424906 0.00010498 4.62808e-05 0.0040978 5.29053e-06 0.00170895 0.168338 1.86336 1.4517 1.87546 1.85072 0.997062 -5.28394 9.23385 9.35581 4.98724 0 0.0985837 0.107248 -0.0190771 -35.5024 1 0 0 0.000372279 0.000318912 0.00251544
1230 13.8202 0.0251295 0.00429591 0.00010445 4.5938e-05 0.00414553 5.28122e-06 0.00171065 0.169025 1.86596 1.4517 1.87816 1.8532 0.996584 -5.30999 9.24625 9.3693 4.98485 0 0.0986798 0.107357 -0.0190264 -35.5514 1 0 0 0.000369616 0.000317303 0.0025244
1235 13.9459 0.0251295 0.00434317 0.000103933 4.5597e-05 0.00419364 5.27193e-06 0.00171234 0.169712 1.86856 1.4517 1.88086 1.85569 0.996107 -5.33599 9.25866 9.3828 4.98246 0 0.0987747 0.107465 -0.0189756 -35.5999 1 0 0 0.000366976 0.000315693 0.00253332
1240 14.0715 0.0251295 0.00439084 0.000103431 4.52579e-05 0.00424216 5.26266e-06 0.00171404 0.170399 1.87116 1.4517 1.88357 1.85817 0.995632 -5.36194 9.27108 9.39631 4.98007 0 0.0988684 0.107571 -0.0189248 -35.6479 1 0 0 0.00036436 0.000314083 0.00254219
1245 14.1972 0.0251295 0.00443892 0.000102941 4.49206e-05 0.00429106 5.25342e-06 0.00171574 0.171086 1.87377 1.4517 1.88628 1.86067 0.995157 -5.38785 9.28352 9.40984 4.9777 0 0.0989609 0.107676 -0.0188739 -35.6954 1 0 0 0.000361769 0.000312471 0.00255102
1250 14.3228 0.0251295 0.00448741 0.000102465 4.45851e-05 0.00434036 5.2442e-06 0.00171744 0.171773 1.87637 1.4517 1.88899 1.86316 0.994684 -5.41372 9.29596 9.42338 4.97532 0 0.0990523 0.107779 -0.018823 -35.7425 1 0 0 0.000359201 0.000310859 0.0025598
1255 14.4485 0.0251295 0.00453631 0.000102003 4.42516e-05 0.00439006 5.235e-06 0.00171914 0.172461 1.87898 1.4517 1.8917 1.86565 0.994212 -5.43953 9.30842 9.43693 4.97296 0 0.0991425 0.107881 -0.018772 -35.7891 1 0 0 0.000356657 0.000309247 0.00256853
1260 14.5741 0.0251295 0.00458562 0.000101553 4.39199e-05 0.00444015 5.22582e-06 0.00172084 0.173148 1.88159 1.4517 1.89442 1.86815 0.993742 -5.46531 9.32089 9.4505 4.9706 0 0.0992316 0.107982 -0.0187211 -35.8352 1 0 0 0.000354136 0.000307635 0.00257722
1265 14.6998 0.0251295 0.00463535 0.000101116 4.35901e-05 0.00449064 5.21667e-06 0.00172255 0.173835 1.8842 1.4517 1.89714 1.87065 0.993272 -5.49103 9.33337 9.46407 4.96825 0 0.0993195 0.108081 -0.0186701 -35.8808 1 0 0 0.000351639 0.000306023 0.00258586
1270 14.8254 0.0251295 0.00468549 0.000100692 4.32623e-05 0.00454154 5.20754e-06 0.00172425 0.174522 1.88682 1.4517 1.89986 1.87315 0.992804 -5.51671 9.34586 9.47767 4.96591 0 0.0994064 0.108178 -0.018619 -35.926 1 0 0 0.000349166 0.000304411 0.00259446
1275 14.951 0.0251295 0.00473605 0.000100281 4.29365e-05 0.00459283 5.19843e-06 0.00172596 0.175209 1.88944 1.4517 1.90259 1.87566 0.992338 -5.54234 9.35836 9.49127 4.96357 0 0.0994921 0.108274 -0.018568 -35.9708 1 0 0 0.000346717 0.000302799 0.00260301
1280 15.0767 0.0251295 0.00478702 9.98822e-05 4.26126e-05 0.00464453 5.18935e-06 0.00172767 0.175896 1.89206 1.4517 1.90532 1.87816 0.991872 -5.56793 9.37087 9.50489 4.96124 0 0.0995767 0.108369 -0.0185169 -36.015 1 0 0 0.000344291 0.000301188 0.00261151
1285 15.2023 0.0251295 0.00483841 9.94959e-05 4.22906e-05 0.00469663 5.18028e-06 0.00172938 0.176583 1.89468 1.4517 1.90805 1.88067 0.991408 -5.59346 9.3834 9.51851 4.95891 0 0.0996603 0.108463 -0.0184659 -36.0588 1 0 0 0.000341889 0.000299578 0.00261996
1290 15.328 0.0251295 0.00489023 9.91218e-05 4.19707e-05 0.00474913 5.17124e-06 0.00173109 0.17727 1.89731 1.4517 1.91078 1.88318 0.990945 -5.61895 9.39593 9.53215 4.95659 0 0.0997427 0.108555 -0.0184148 -36.1022 1 0 0 0.00033951 0.000297969 0.00262837
1295 15.4536 0.0251295 0.00494246 9.87599e-05 4.16528e-05 0.00480205 5.16223e-06 0.0017328 0.177957 1.89993 1.4517 1.91351 1.88569 0.990484 -5.6444 9.40848 9.54581 4.95428 0 0.0998241 0.108646 -0.0183637 -36.1452 1 0 0 0.000337154 0.000296361 0.00263673
1300 15.5793 0.0251295 0.00499511 9.841e-05 4.13369e-05 0.00485537 5.15323e-06 0.00173452 0.178644 1.90256 1.4517 1.91625 1.88821 0.990023 -5.66979 9.42103 9.55947 4.95197 0 0.0999045 0.108735 -0.0183126 -36.1876 1 0 0 0.000334823 0.000294755 0.00264505
1305 15.7049 0.0251295 0.00504819 9.8072e-05 4.10231e-05 0.0049091 5.14426e-06 0.00173623 0.179331 1.90519 1.4517 1.91899 1.89072 0.989564 -5.69514 9.4336 9.57314 4.94967 0 0.0999838 0.108824 -0.0182616 -36.2297 1 0 0 0.000332514 0.00029315 0.00265331
1310 15.8306 0.0251295 0.0051017 9.77459e-05 4.07114e-05 0.00496324 5.13531e-06 0.00173795 0.180019 1.90783 1.4517 1.92173 1.89324 0.989107 -5.72043 9.44617 9.58683 4.94738 0 0.100062 0.108911 -0.0182105 -36.2713 1 0 0 0.00033023 0.000291547 0.00266153
1315 15.9562 0.0251295 0.00515562 9.74314e-05 4.04017e-05 0.00501779 5.12638e-06 0.00173967 0.180706 1.91046 1.4517 1.92447 1.89576 0.98865 -5.74568 9.45876 9.60053 4.94509 0 0.100139 0.108996 -0.0181594 -36.3125 1 0 0 0.000327968 0.000289947 0.0026697
1320 16.0819 0.0251295 0.00520998 9.71284e-05 4.00941e-05 0.00507276 5.11747e-06 0.00174139 0.181393 1.9131 1.4517 1.92721 1.89828 0.988195 -5.77088 9.47135 9.61423 4.94281 0 0.100216 0.109081 -0.0181084 -36.3533 1 0 0 0.000325731 0.000288348 0.00267783
1325 16.2075 0.0251295 0.00526476 9.68369e-05 3.97886e-05 0.00512813 5.10859e-06 0.00174311 0.18208 1.91574 1.4517 1.92996 1.90081 0.987741 -5.79604 9.48396 9.62795 4.94053 0 0.100291 0.109164 -0.0180574 -36.3936 1 0 0 0.000323516 0.000286752 0.00268591
1330 16.3332 0.0251295 0.00531997 9.65568e-05 3.94853e-05 0.00518393 5.09973e-06 0.00174483 0.182767 1.91838 1.4517 1.93271 1.90333 0.987288 -5.82114 9.49657 9.64168 4.93827 0 0.100365 0.109246 -0.0180064 -36.4336 1 0 0 0.000321326 0.000285158 0.00269394
1335 16.4588 0.0251295 0.00537561 9.62878e-05 3.91841e-05 0.00524014 5.09089e-06 0.00174656 0.183454 1.92102 1.4517 1.93546 1.90586 0.986837 -5.84619 9.5092 9.65542 4.936 0 0.100438 0.109327 -0.0179554 -36.4731 1 0 0 0.000319158 0.000283568 0.00270192
1340 16.5845 0.0251295 0.00543168 9.603e-05 3.8885e-05 0.00529676 5.08208e-06 0.00174828 0.184141 1.92367 1.4517 1.93821 1.90839 0.986387 -5.8712 9.52183 9.66917 4.93375 0 0.100511 0.109406 -0.0179045 -36.5122 1 0 0 0.000317014 0.00028198 0.00270985
1345 16.7101 0.0251295 0.00548818 9.57831e-05 3.85881e-05 0.00535381 5.07328e-06 0.00175001 0.184828 1.92632 1.4517 1.94097 1.91092 0.985938 -5.89615 9.53447 9.68293 4.9315 0 0.100582 0.109485 -0.0178536 -36.5509 1 0 0 0.000314894 0.000280396 0.00271774
1350 16.8358 0.0251295 0.00554512 9.55472e-05 3.82934e-05 0.00541128 5.06451e-06 0.00175174 0.185515 1.92897 1.4517 1.94373 1.91346 0.985491 -5.92106 9.54712 9.6967 4.92926 0 0.100653 0.109562 -0.0178027 -36.5891 1 0 0 0.000312796 0.000278815 0.00272558
1355 16.9614 0.0251295 0.00560249 9.5322e-05 3.80009e-05 0.00546916 5.05576e-06 0.00175346 0.186202 1.93162 1.4517 1.94649 1.91599 0.985045 -5.94591 9.55978 9.71048 4.92702 0 0.100722 0.109638 -0.0177519 -36.627 1 0 0 0.000310722 0.000277238 0.00273337
1360 17.0871 0.0251295 0.00566029 9.51075e-05 3.77105e-05 0.00552747 5.04704e-06 0.00175519 0.186889 1.93427 1.4517 1.94925 1.91853 0.9846 -5.97072 9.57245 9.72427 4.92479 0 0.100791 0.109712 -0.0177011 -36.6645 1 0 0 0.000308672 0.000275664 0.00274111
1365 17.2127 0.0251295 0.00571853 9.49036e-05 3.74224e-05 0.0055862 5.03833e-06 0.00175692 0.187577 1.93692 1.4517 1.95201 1.92106 0.984156 -5.99547 9.58513 9.73807 4.92257 0 0.100858 0.109786 -0.0176503 -36.7016 1 0 0 0.000306644 0.000274095 0.00274881
1370 17.3383 0.0251295 0.0057772 9.47102e-05 3.71365e-05 0.00564536 5.02965e-06 0.00175866 0.188264 1.93958 1.4517 1.95477 1.9236 0.983714 -6.02018 9.59782 9.75188 4.92035 0 0.100925 0.109859 -0.0175997 -36.7383 1 0 0 0.00030464 0.00027253 0.00275646
1375 17.464 0.0251295 0.00583632 9.45271e-05 3.68528e-05 0.00570494 5.02099e-06 0.00176039 0.188951 1.94224 1.4517 1.95754 1.92615 0.983272 -6.04483 9.61051 9.7657 4.91814 0 0.100991 0.10993 -0.017549 -36.7746 1 0 0 0.000302659 0.000270969 0.00276406
1380 17.5896 0.0251295 0.00589587 9.43542e-05 3.65713e-05 0.00576495 5.01236e-06 0.00176212 0.189638 1.9449 1.4517 1.96031 1.92869 0.982833 -6.06944 9.62321 9.77952 4.91594 0 0.101056 0.11 -0.0174984 -36.8106 1 0 0 0.000300701 0.000269413 0.00277161
1385 17.7153 0.0251295 0.00595586 9.41915e-05 3.62921e-05 0.00582538 5.00374e-06 0.00176386 0.190325 1.94756 1.4517 1.96308 1.93123 0.982394 -6.09399 9.63593 9.79336 4.91374 0 0.10112 0.110069 -0.0174479 -36.8461 1 0 0 0.000298766 0.000267862 0.00277912
1390 17.8409 0.0251295 0.00601629 9.40388e-05 3.60151e-05 0.00588624 4.99515e-06 0.00176559 0.191012 1.95022 1.4517 1.96585 1.93378 0.981957 -6.11849 9.64865 9.8072 4.91155 0 0.101183 0.110137 -0.0173974 -36.8813 1 0 0 0.000296854 0.000266316 0.00278658
1395 17.9666 0.0251295 0.00607717 9.38961e-05 3.57404e-05 0.00594753 4.98658e-06 0.00176733 0.191699 1.95289 1.4517 1.96862 1.93633 0.981521 -6.14295 9.66137 9.82106 4.90936 0 0.101245 0.110204 -0.017347 -36.9161 1 0 0 0.000294965 0.000264775 0.00279399
1400 18.0922 0.0251295 0.00613848 9.37632e-05 3.5468e-05 0.00600925 4.97804e-06 0.00176907 0.192386 1.95555 1.4517 1.9714 1.93888 0.981086 -6.16735 9.67411 9.83492 4.90718 0 0.101306 0.11027 -0.0172967 -36.9505 1 0 0 0.000293098 0.000263239 0.00280135
1405 18.2179 0.0251295 0.00620024 9.364e-05 3.51978e-05 0.0060714 4.96952e-06 0.00177081 0.193073 1.95822 1.4517 1.97418 1.94143 0.980652 -6.1917 9.68685 9.84879 4.90501 0 0.101367 0.110335 -0.0172464 -36.9845 1 0 0 0.000291255 0.000261709 0.00280867
1410 18.3435 0.0251295 0.00626244 9.35265e-05 3.49298e-05 0.00613399 4.96102e-06 0.00177255 0.19376 1.96089 1.4517 1.97695 1.94398 0.98022 -6.216 9.6996 9.86267 4.90284 0 0.101427 0.110399 -0.0171962 -37.0182 1 0 0 0.000289434 0.000260184 0.00281594
1415 18.4692 0.0251295 0.00632509 9.34225e-05 3.46642e-05 0.006197 4.95254e-06 0.00177429 0.194448 1.96356 1.4517 1.97973 1.94654 0.979789 -6.24024 9.71236 9.87655 4.90068 0 0.101486 0.110461 -0.0171461 -37.0515 1 0 0 0.000287635 0.000258666 0.00282316
1420 18.5948 0.0251295 0.00638818 9.33279e-05 3.44008e-05 0.00626045 4.94408e-06 0.00177603 0.195135 1.96623 1.4517 1.98252 1.94909 0.979359 -6.26444 9.72513 9.89045 4.89853 0 0.101544 0.110523 -0.0170961 -37.0845 1 0 0 0.000285859 0.000257153 0.00283033
1425 18.7205 0.0251295 0.00645172 9.32426e-05 3.41396e-05 0.00632434 4.93565e-06 0.00177777 0.195822 1.96891 1.4517 1.9853 1.95165 0.978931 -6.28858 9.7379 9.90435 4.89638 0 0.101601 0.110583 -0.0170461 -37.1171 1 0 0 0.000284105 0.000255647 0.00283746
1430 18.8461 0.0251295 0.00651571 9.31666e-05 3.38808e-05 0.00638866 4.92724e-06 0.00177952 0.196509 1.97158 1.4517 1.98808 1.95421 0.978503 -6.31268 9.75068 9.91826 4.89424 0 0.101657 0.110643 -0.0169962 -37.1493 1 0 0 0.000282374 0.000254146 0.00284454
1435 18.9718 0.0251295 0.00658014 9.30996e-05 3.36242e-05 0.00645342 4.91886e-06 0.00178126 0.197196 1.97426 1.4517 1.99087 1.95677 0.978077 -6.33672 9.76347 9.93218 4.8921 0 0.101713 0.110702 -0.0169464 -37.1812 1 0 0 0.000280664 0.000252653 0.00285157
1440 19.0974 0.0251295 0.00664502 9.30417e-05 3.33699e-05 0.00651861 4.9105e-06 0.00178301 0.197883 1.97694 1.4517 1.99366 1.95933 0.977653 -6.36071 9.77626 9.9461 4.88998 0 0.101768 0.110759 -0.0168967 -37.2128 1 0 0 0.000278977 0.000251166 0.00285856
1445 19.2231 0.0251295 0.00671035 9.29928e-05 3.31179e-05 0.00658424 4.90216e-06 0.00178476 0.19857 1.97962 1.4517 1.99644 1.96189 0.977229 -6.38464 9.78907 9.96003 4.88785 0 0.101822 0.110816 -0.0168471 -37.244 1 0 0 0.000277312 0.000249685 0.0028655
1450 19.3487 0.0251295 0.00677613 9.29526e-05 3.28681e-05 0.00665031 4.89384e-06 0.0017865 0.199257 1.9823 1.4517 1.99923 1.96445 0.976807 -6.40853 9.80187 9.97397 4.88574 0 0.101875 0.110872 -0.0167976 -37.2748 1 0 0 0.000275668 0.000248212 0.00287239
1455 19.4744 0.0251295 0.00684236 9.29211e-05 3.26206e-05 0.00671682 4.88555e-06 0.00178825 0.199944 1.98498 1.4517 2.00203 1.96702 0.976386 -6.43236 9.81469 9.98792 4.88363 0 0.101928 0.110926 -0.0167482 -37.3054 1 0 0 0.000274046 0.000246746 0.00287924
1460 19.6 0.0251295 0.00690904 9.28983e-05 3.23754e-05 0.00678377 4.87728e-06 0.00179 0.200631 1.98766 1.4517 2.00482 1.96959 0.975966 -6.45614 9.82751 10.0019 4.88152 0 0.10198 0.11098 -0.0166988 -37.3355 1 0 0 0.000272445 0.000245286 0.00288603
1465 19.7256 0.0251295 0.00697618 9.2884e-05 3.21324e-05 0.00685116 4.86903e-06 0.00179175 0.201318 1.99035 1.4517 2.00761 1.97215 0.975548 -6.47987 9.84034 10.0158 4.87943 0 0.102031 0.111033 -0.0166496 -37.3654 1 0 0 0.000270866 0.000243834 0.00289279
1470 19.8513 0.0251295 0.00704376 9.28781e-05 3.18917e-05 0.00691899 4.86081e-06 0.0017935 0.202006 1.99304 1.4517 2.01041 1.97472 0.97513 -6.50355 9.85318 10.0298 4.87733 0 0.102081 0.111084 -0.0166004 -37.3949 1 0 0 0.000269308 0.00024239 0.00289949
1475 19.9769 0.0251295 0.0071118 9.28805e-05 3.16532e-05 0.00698727 4.85261e-06 0.00179525 0.202693 1.99572 1.4517 2.01321 1.97729 0.974714 -6.52717 9.86602 10.0438 4.87525 0 0.102131 0.111135 -0.0165514 -37.4241 1 0 0 0.000267771 0.000240953 0.00290615
1480 20.1026 0.0251295 0.00718029 9.28912e-05 3.1417e-05 0.00705598 4.84444e-06 0.00179701 0.20338 1.99841 1.4517 2.016 1.97987 0.974299 -6.55074 9.87887 10.0578 4.87317 0 0.10218 0.111185 -0.0165025 -37.4529 1 0 0 0.000266255 0.000239523 0.00291277
1485 20.2282 0.0251295 0.00724924 9.29099e-05 3.1183e-05 0.00712514 4.83629e-06 0.00179876 0.204067 2.0011 1.4517 2.0188 1.98244 0.973886 -6.57426 9.89172 10.0717 4.8711 0 0.102228 0.111234 -0.0164536 -37.4815 1 0 0 0.00026476 0.000238101 0.00291933
1490 20.3539 0.0251295 0.00731863 9.29367e-05 3.09512e-05 0.00719475 4.82816e-06 0.00180051 0.204754 2.00379 1.4517 2.0216 1.98501 0.973473 -6.59773 9.90458 10.0857 4.86903 0 0.102275 0.111282 -0.0164049 -37.5097 1 0 0 0.000263286 0.000236687 0.00292585
1495 20.4795 0.0251295 0.00738849 9.29714e-05 3.07217e-05 0.0072648 4.82005e-06 0.00180227 0.205441 2.00648 1.4517 2.02441 1.98759 0.973062 -6.62114 9.91745 10.0997 4.86697 0 0.102322 0.11133 -0.0163563 -37.5376 1 0 0 0.000261832 0.000235281 0.00293233
1500 20.6052 0.0251295 0.0074588 9.3014e-05 3.04943e-05 0.00733529 4.81197e-06 0.00180402 0.206128 2.00918 1.4517 2.02721 1.99016 0.972652 -6.6445 9.93032 10.1137 4.86491 0 0.102368 0.111376 -0.0163078 -37.5652 1 0 0 0.000260399 0.000233883 0.00293876
1505 20.7308 0.0251295 0.00752956 9.30642e-05 3.02692e-05 0.00740623 4.80392e-06 0.00180578 0.206815 2.01187 1.4517 2.03001 1.99274 0.972243 -6.66781 9.9432 10.1278 4.86287 0 0.102413 0.111422 -0.0162594 -37.5925 1 0 0 0.000258985 0.000232493 0.00294514
1510 20.8565 0.0251295 0.00760078 9.31221e-05 3.00462e-05 0.00747762 4.79588e-06 0.00180753 0.207502 2.01457 1.4517 2.03282 1.99532 0.971836 -6.69107 9.95608 10.1418 4.86082 0 0.102458 0.111466 -0.0162112 -37.6194 1 0 0 0.000257592 0.000231111 0.00295148
1515 20.9821 0.0251295 0.00767246 9.31875e-05 2.98254e-05 0.00754945 4.78787e-06 0.00180929 0.208189 2.01727 1.4517 2.03562 1.9979 0.971429 -6.71427 9.96897 10.1558 4.85879 0 0.102502 0.11151 -0.016163 -37.6461 1 0 0 0.000256219 0.000229737 0.00295777
1520 21.1078 0.0251295 0.0077446 9.32603e-05 2.96068e-05 0.00762173 4.77989e-06 0.00181105 0.208877 2.01996 1.4517 2.03843 2.00048 0.971024 -6.73742 9.98186 10.1698 4.85676 0 0.102545 0.111553 -0.016115 -37.6724 1 0 0 0.000254865 0.000228372 0.00296402
1525 21.2334 0.0251295 0.00781719 9.33405e-05 2.93904e-05 0.00769446 4.77193e-06 0.00181281 0.209564 2.02266 1.4517 2.04124 2.00306 0.97062 -6.76052 9.99476 10.1839 4.85473 0 0.102588 0.111595 -0.0160671 -37.6985 1 0 0 0.000253531 0.000227015 0.00297022
1530 21.3591 0.0251295 0.00789024 9.34279e-05 2.91761e-05 0.00776763 4.76399e-06 0.00181457 0.210251 2.02536 1.4517 2.04405 2.00564 0.970218 -6.78356 10.0077 10.1979 4.85271 0 0.10263 0.111636 -0.0160193 -37.7242 1 0 0 0.000252217 0.000225666 0.00297637
1535 21.4847 0.0251295 0.00796375 9.35224e-05 2.89639e-05 0.00784126 4.75607e-06 0.00181633 0.210938 2.02806 1.4517 2.04686 2.00823 0.969816 -6.80655 10.0206 10.2119 4.8507 0 0.102672 0.111676 -0.0159716 -37.7497 1 0 0 0.000250922 0.000224326 0.00298249
1540 21.6104 0.0251295 0.00803771 9.3624e-05 2.87539e-05 0.00791533 4.74819e-06 0.00181809 0.211625 2.03077 1.4517 2.04967 2.01081 0.969416 -6.82949 10.0335 10.226 4.84869 0 0.102712 0.111716 -0.0159241 -37.7748 1 0 0 0.000249645 0.000222994 0.00298855
1545 21.736 0.0251295 0.00811214 9.37324e-05 2.85459e-05 0.00798986 4.74032e-06 0.00181985 0.212312 2.03347 1.4517 2.05248 2.0134 0.969017 -6.85237 10.0464 10.24 4.84669 0 0.102752 0.111755 -0.0158767 -37.7997 1 0 0 0.000248388 0.00022167 0.00299457
1550 21.8617 0.0251295 0.00818702 9.38478e-05 2.83401e-05 0.00806483 4.73248e-06 0.00182161 0.212999 2.03617 1.4517 2.0553 2.01599 0.968619 -6.8752 10.0593 10.2541 4.8447 0 0.102792 0.111793 -0.0158294 -37.8242 1 0 0 0.00024715 0.000220356 0.00300055
1555 21.9873 0.0251295 0.00826236 9.39698e-05 2.81363e-05 0.00814025 4.72466e-06 0.00182337 0.213686 2.03888 1.4517 2.05811 2.01857 0.968222 -6.89798 10.0723 10.2682 4.84271 0 0.102831 0.11183 -0.0157822 -37.8485 1 0 0 0.00024593 0.00021905 0.00300648
1560 22.1129 0.0251295 0.00833816 9.40986e-05 2.79346e-05 0.00821613 4.71687e-06 0.00182514 0.214373 2.04158 1.4517 2.06093 2.02116 0.967826 -6.92071 10.0852 10.2822 4.84073 0 0.102869 0.111866 -0.0157352 -37.8725 1 0 0 0.000244729 0.000217752 0.00301237
1565 22.2386 0.0251295 0.00841442 9.42338e-05 2.7735e-05 0.00829245 4.7091e-06 0.0018269 0.21506 2.04429 1.4517 2.06374 2.02375 0.967432 -6.94338 10.0982 10.2963 4.83875 0 0.102907 0.111902 -0.0156883 -37.8962 1 0 0 0.000243546 0.000216463 0.00301821
1570 22.3642 0.0251295 0.00849114 9.43755e-05 2.75373e-05 0.00836923 4.70136e-06 0.00182866 0.215747 2.047 1.4517 2.06656 2.02634 0.967039 -6.966 10.1111 10.3104 4.83678 0 0.102944 0.111936 -0.0156415 -37.9197 1 0 0 0.000242381 0.000215183 0.00302401
1575 22.4899 0.0251295 0.00856832 9.45236e-05 2.73417e-05 0.00844646 4.69364e-06 0.00183043 0.216435 2.04971 1.4517 2.06938 2.02893 0.966647 -6.98856 10.1241 10.3245 4.83482 0 0.10298 0.11197 -0.0155949 -37.9428 1 0 0 0.000241234 0.000213912 0.00302977
1580 22.6155 0.0251295 0.00864596 9.46779e-05 2.71482e-05 0.00852414 4.68594e-06 0.00183219 0.217122 2.05242 1.4517 2.0722 2.03153 0.966256 -7.01107 10.137 10.3386 4.83286 0 0.103016 0.112004 -0.0155484 -37.9657 1 0 0 0.000240105 0.000212649 0.00303548
1585 22.7412 0.0251295 0.00872406 9.48383e-05 2.69566e-05 0.00860227 4.67827e-06 0.00183396 0.217809 2.05513 1.4517 2.07502 2.03412 0.965866 -7.03353 10.15 10.3526 4.8309 0 0.103052 0.112036 -0.0155021 -37.9883 1 0 0 0.000238993 0.000211395 0.00304115
1590 22.8668 0.0251295 0.00880262 9.50048e-05 2.67669e-05 0.00868085 4.67062e-06 0.00183573 0.218496 2.05784 1.4517 2.07784 2.03672 0.965478 -7.05594 10.1629 10.3667 4.82896 0 0.103086 0.112068 -0.0154558 -38.0106 1 0 0 0.000237899 0.00021015 0.00304677
1595 22.9925 0.0251295 0.00888164 9.51773e-05 2.65792e-05 0.00875988 4.663e-06 0.00183749 0.219183 2.06055 1.4517 2.08066 2.03931 0.96509 -7.07829 10.1759 10.3808 4.82701 0 0.103121 0.112099 -0.0154097 -38.0327 1 0 0 0.000236822 0.000208914 0.00305235
1600 23.1181 0.0251295 0.00896112 9.53556e-05 2.63935e-05 0.00883937 4.6554e-06 0.00183926 0.21987 2.06326 1.4517 2.08348 2.04191 0.964704 -7.10059 10.1889 10.3949 4.82508 0 0.103154 0.112129 -0.0153638 -38.0545 1 0 0 0.000235762 0.000207686 0.00305789
1605 23.2438 0.0251295 0.00904106 9.55397e-05 2.62097e-05 0.00891931 4.64783e-06 0.00184103 0.220557 2.06598 1.4517 2.0863 2.0445 0.964319 -7.12283 10.2019 10.409 4.82315 0 0.103187 0.112159 -0.015318 -38.076 1 0 0 0.00023472 0.000206468 0.00306338
1610 23.3694 0.0251295 0.00912146 9.57294e-05 2.60278e-05 0.0089997 4.64028e-06 0.0018428 0.221244 2.06869 1.4517 2.08913 2.0471 0.963935 -7.14502 10.2148 10.4232 4.82122 0 0.10322 0.112187 -0.0152723 -38.0973 1 0 0 0.000233694 0.000205258 0.00306883
1615 23.4951 0.0251295 0.00920232 9.59247e-05 2.58478e-05 0.00908055 4.63275e-06 0.00184457 0.221931 2.0714 1.4517 2.09195 2.0497 0.963552 -7.16716 10.2278 10.4373 4.81931 0 0.103252 0.112216 -0.0152268 -38.1183 1 0 0 0.000232685 0.000204056 0.00307424
1620 23.6207 0.0251295 0.00928364 9.61255e-05 2.56696e-05 0.00916184 4.62525e-06 0.00184633 0.222618 2.07412 1.4517 2.09477 2.0523 0.96317 -7.18925 10.2408 10.4514 4.81739 0 0.103284 0.112243 -0.0151814 -38.1391 1 0 0 0.000231692 0.000202864 0.0030796
1625 23.7464 0.0251295 0.00936542 9.63317e-05 2.54933e-05 0.00924359 4.61778e-06 0.0018481 0.223305 2.07684 1.4517 2.0976 2.0549 0.96279 -7.21128 10.2538 10.4655 4.81549 0 0.103315 0.11227 -0.0151362 -38.1596 1 0 0 0.000230716 0.00020168 0.00308492
1630 23.872 0.0251295 0.00944766 9.65431e-05 2.53188e-05 0.0093258 4.61033e-06 0.00184987 0.223993 2.07955 1.4517 2.10043 2.0575 0.962411 -7.23325 10.2668 10.4796 4.81358 0 0.103345 0.112296 -0.0150911 -38.1798 1 0 0 0.000229755 0.000200505 0.0030902
1635 23.9977 0.0251295 0.00953036 9.67597e-05 2.51462e-05 0.00940845 4.6029e-06 0.00185164 0.22468 2.08227 1.4517 2.10325 2.0601 0.962032 -7.25518 10.2798 10.4938 4.81169 0 0.103375 0.112321 -0.0150461 -38.1998 1 0 0 0.000228811 0.000199338 0.00309544
1640 24.1233 0.0251295 0.00961352 9.69814e-05 2.49753e-05 0.00949156 4.5955e-06 0.00185341 0.225367 2.08499 1.4517 2.10608 2.0627 0.961655 -7.27705 10.2928 10.5079 4.8098 0 0.103404 0.112346 -0.0150013 -38.2195 1 0 0 0.000227883 0.000198181 0.00310063
1645 24.249 0.0251295 0.00969714 9.7208e-05 2.48063e-05 0.00957512 4.58812e-06 0.00185519 0.226054 2.08771 1.4517 2.10891 2.06531 0.961279 -7.29887 10.3058 10.522 4.80791 0 0.103433 0.112369 -0.0149567 -38.239 1 0 0 0.00022697 0.000197032 0.00310578
1650 24.3746 0.0251295 0.00978121 9.74396e-05 2.4639e-05 0.00965914 4.58077e-06 0.00185696 0.226741 2.09043 1.4517 2.11174 2.06791 0.960904 -7.32063 10.3188 10.5362 4.80603 0 0.103462 0.112393 -0.0149122 -38.2583 1 0 0 0.000226073 0.000195891 0.00311089
1655 24.5002 0.0251295 0.00986575 9.76759e-05 2.44734e-05 0.0097436 4.57344e-06 0.00185873 0.227428 2.09315 1.4517 2.11456 2.07051 0.96053 -7.34234 10.3318 10.5503 4.80416 0 0.10349 0.112415 -0.0148678 -38.2773 1 0 0 0.000225192 0.000194759 0.00311596
1660 24.6259 0.0251295 0.00995075 9.79169e-05 2.43095e-05 0.00982852 4.56613e-06 0.0018605 0.228115 2.09587 1.4517 2.11739 2.07312 0.960158 -7.364 10.3449 10.5645 4.80229 0 0.103517 0.112437 -0.0148236 -38.296 1 0 0 0.000224325 0.000193636 0.00312099
1665 24.7515 0.0251295 0.0100362 9.81625e-05 2.41474e-05 0.00991389 4.55885e-06 0.00186227 0.228802 2.09859 1.4517 2.12022 2.07573 0.959786 -7.3856 10.3579 10.5786 4.80043 0 0.103544 0.112459 -0.0147795 -38.3145 1 0 0 0.000223474 0.000192521 0.00312597
1670 24.8772 0.0251295 0.0101221 9.84126e-05 2.39869e-05 0.00999972 4.5516e-06 0.00186405 0.229489 2.10132 1.4517 2.12306 2.07833 0.959416 -7.40715 10.3709 10.5928 4.79857 0 0.103571 0.112479 -0.0147356 -38.3328 1 0 0 0.000222638 0.000191415 0.00313092
1675 25.0028 0.0251295 0.0102085 9.86671e-05 2.38282e-05 0.010086 4.54437e-06 0.00186582 0.230176 2.10404 1.4517 2.12589 2.08094 0.959046 -7.42865 10.3839 10.6069 4.79672 0 0.103597 0.112499 -0.0146919 -38.3509 1 0 0 0.000221816 0.000190317 0.00313582
1680 25.1285 0.0251295 0.0102953 9.89259e-05 2.3671e-05 0.0101727 4.53716e-06 0.00186759 0.230863 2.10676 1.4517 2.12872 2.08355 0.958678 -7.45009 10.397 10.6211 4.79488 0 0.103622 0.112519 -0.0146483 -38.3687 1 0 0 0.000221009 0.000189228 0.00314068
1685 25.2541 0.0251295 0.0103826 9.91889e-05 2.35155e-05 0.0102599 4.52998e-06 0.00186937 0.231551 2.10949 1.4517 2.13155 2.08615 0.958311 -7.47148 10.41 10.6352 4.79304 0 0.103647 0.112538 -0.0146048 -38.3863 1 0 0 0.000220217 0.000188147 0.0031455
1690 25.3798 0.0251295 0.0104703 9.94559e-05 2.33616e-05 0.0103475 4.52282e-06 0.00187114 0.232238 2.11221 1.4517 2.13438 2.08876 0.957945 -7.49281 10.4231 10.6494 4.7912 0 0.103672 0.112556 -0.0145615 -38.4036 1 0 0 0.000219439 0.000187074 0.00315028
1695 25.5054 0.0251295 0.0105585 9.9727e-05 2.32093e-05 0.0104356 4.51569e-06 0.00187292 0.232925 2.11493 1.4517 2.13722 2.09137 0.95758 -7.5141 10.4361 10.6635 4.78937 0 0.103696 0.112573 -0.0145183 -38.4207 1 0 0 0.000218675 0.00018601 0.00315502
1700 25.6311 0.0251295 0.0106472 0.000100002 2.30586e-05 0.0105241 4.50858e-06 0.00187469 0.233612 2.11766 1.4517 2.14005 2.09398 0.957216 -7.53533 10.4491 10.6777 4.78755 0 0.10372 0.11259 -0.0144753 -38.4376 1 0 0 0.000217925 0.000184954 0.00315971
1705 25.7567 0.0251295 0.0107363 0.000100281 2.29094e-05 0.0106131 4.50149e-06 0.00187647 0.234299 2.12039 1.4517 2.14288 2.09659 0.956853 -7.5565 10.4622 10.6919 4.78573 0 0.103744 0.112606 -0.0144325 -38.4543 1 0 0 0.000217189 0.000183906 0.00316437
1710 25.8824 0.0251295 0.0108259 0.000100563 2.27618e-05 0.0107026 4.49443e-06 0.00187824 0.234986 2.12311 1.4517 2.14572 2.09921 0.956491 -7.57762 10.4752 10.706 4.78392 0 0.103766 0.112622 -0.0143898 -38.4707 1 0 0 0.000216467 0.000182866 0.00316899
1715 26.008 0.0251295 0.0109159 0.000100849 2.26157e-05 0.0107924 4.4874e-06 0.00188002 0.235673 2.12584 1.4517 2.14855 2.10182 0.956131 -7.59869 10.4883 10.7202 4.78211 0 0.103789 0.112637 -0.0143472 -38.487 1 0 0 0.000215759 0.000181834 0.00317357
1720 26.1337 0.0251295 0.0110064 0.000101139 2.24711e-05 0.0108828 4.48039e-06 0.0018818 0.23636 2.12857 1.4517 2.15139 2.10443 0.955771 -7.61971 10.5014 10.7344 4.78031 0 0.103811 0.112652 -0.0143048 -38.503 1 0 0 0.000215064 0.00018081 0.0031781
1725 26.2593 0.0251295 0.0110973 0.000101432 2.23279e-05 0.0109736 4.4734e-06 0.00188357 0.237047 2.1313 1.4517 2.15422 2.10704 0.955413 -7.64067 10.5144 10.7485 4.77851 0 0.103833 0.112666 -0.0142626 -38.5188 1 0 0 0.000214383 0.000179794 0.0031826
1730 26.385 0.0251295 0.0111887 0.000101728 2.21862e-05 0.0110648 4.46644e-06 0.00188535 0.237734 2.13402 1.4517 2.15706 2.10966 0.955055 -7.66158 10.5275 10.7627 4.77672 0 0.103854 0.112679 -0.0142205 -38.5343 1 0 0 0.000213715 0.000178787 0.00318706
1735 26.5106 0.0251295 0.0112806 0.000102028 2.2046e-05 0.0111565 4.4595e-06 0.00188712 0.238422 2.13675 1.4517 2.15989 2.11227 0.954699 -7.68244 10.5406 10.7769 4.77493 0 0.103875 0.112692 -0.0141786 -38.5497 1 0 0 0.000213059 0.000177787 0.00319147
1740 26.6363 0.0251295 0.0113729 0.000102331 2.19072e-05 0.0112486 4.45258e-06 0.0018889 0.239109 2.13948 1.4517 2.16273 2.11489 0.954343 -7.70324 10.5536 10.7911 4.77315 0 0.103895 0.112704 -0.0141368 -38.5648 1 0 0 0.000212417 0.000176795 0.00319585
1745 26.7619 0.0251295 0.0114656 0.000102636 2.17698e-05 0.0113412 4.44569e-06 0.00189068 0.239796 2.14221 1.4517 2.16557 2.1175 0.953989 -7.72399 10.5667 10.8053 4.77138 0 0.103915 0.112716 -0.0140952 -38.5798 1 0 0 0.000211788 0.00017581 0.00320019
1750 26.8875 0.0251295 0.0115588 0.000102945 2.16338e-05 0.0114342 4.43883e-06 0.00189246 0.240483 2.14494 1.4517 2.1684 2.12012 0.953635 -7.74468 10.5798 10.8194 4.7696 0 0.103935 0.112727 -0.0140537 -38.5945 1 0 0 0.000211171 0.000174833 0.00320449
1755 27.0132 0.0251295 0.0116524 0.000103256 2.14992e-05 0.0115277 4.43199e-06 0.00189423 0.24117 2.14767 1.4517 2.17124 2.12273 0.953283 -7.76533 10.5928 10.8336 4.76784 0 0.103954 0.112737 -0.0140124 -38.609 1 0 0 0.000210567 0.000173864 0.00320875
1760 27.1388 0.0251295 0.0117466 0.000103571 2.13659e-05 0.0116216 4.42517e-06 0.00189601 0.241857 2.1504 1.4517 2.17408 2.12535 0.952932 -7.78592 10.6059 10.8478 4.76608 0 0.103973 0.112747 -0.0139713 -38.6233 1 0 0 0.000209976 0.000172903 0.00321297
1765 27.2645 0.0251295 0.0118411 0.000103887 2.12339e-05 0.011716 4.41838e-06 0.00189779 0.242544 2.15313 1.4517 2.17692 2.12797 0.952582 -7.80645 10.619 10.862 4.76432 0 0.103992 0.112757 -0.0139303 -38.6375 1 0 0 0.000209397 0.000171949 0.00321716
1770 27.3901 0.0251295 0.0119361 0.000104207 2.11033e-05 0.0118108 4.41161e-06 0.00189957 0.243231 2.15586 1.4517 2.17975 2.13058 0.952233 -7.82694 10.6321 10.8762 4.76257 0 0.10401 0.112766 -0.0138894 -38.6514 1 0 0 0.00020883 0.000171002 0.0032213
1775 27.5158 0.0251295 0.0120316 0.000104528 2.0974e-05 0.011906 4.40486e-06 0.00190135 0.243918 2.15859 1.4517 2.18259 2.1332 0.951884 -7.84737 10.6452 10.8904 4.76083 0 0.104028 0.112774 -0.0138488 -38.6651 1 0 0 0.000208275 0.000170063 0.00322541
1780 27.6414 0.0251295 0.0121274 0.000104852 2.08459e-05 0.0120017 4.39814e-06 0.00190313 0.244605 2.16133 1.4517 2.18543 2.13582 0.951537 -7.86775 10.6583 10.9046 4.75909 0 0.104045 0.112782 -0.0138082 -38.6786 1 0 0 0.000207732 0.000169131 0.00322948
1785 27.7671 0.0251295 0.0122238 0.000105179 2.07191e-05 0.0120979 4.39144e-06 0.00190491 0.245292 2.16406 1.4517 2.18827 2.13844 0.951191 -7.88807 10.6713 10.9188 4.75735 0 0.104062 0.112789 -0.0137679 -38.6919 1 0 0 0.000207201 0.000168207 0.00323351
1790 27.8927 0.0251295 0.0123206 0.000105507 2.05936e-05 0.0121945 4.38477e-06 0.00190668 0.24598 2.16679 1.4517 2.19111 2.14106 0.950846 -7.90834 10.6844 10.9329 4.75562 0 0.104079 0.112796 -0.0137277 -38.705 1 0 0 0.000206681 0.000167289 0.0032375
1795 28.0184 0.0251295 0.0124178 0.000105838 2.04693e-05 0.0122915 4.37812e-06 0.00190846 0.246667 2.16952 1.4517 2.19395 2.14368 0.950502 -7.92856 10.6975 10.9471 4.7539 0 0.104095 0.112803 -0.0136876 -38.718 1 0 0 0.000206173 0.000166379 0.00324146
1800 28.144 0.0251295 0.0125155 0.00010617 2.03462e-05 0.012389 4.3715e-06 0.00191024 0.247354 2.17226 1.4517 2.19679 2.1463 0.950159 -7.94873 10.7106 10.9613 4.75218 0 0.104111 0.112808 -0.0136477 -38.7307 1 0 0 0.000205677 0.000165476 0.00324537
1805 28.2697 0.0251295 0.0126136 0.000106504 2.02242e-05 0.0124869 4.3649e-06 0.00191202 0.248041 2.17499 1.4517 2.19962 2.14892 0.949817 -7.96884 10.7237 10.9755 4.75047 0 0.104127 0.112814 -0.013608 -38.7432 1 0 0 0.000205192 0.00016458 0.00324925
1810 28.3953 0.0251295 0.0127122 0.00010684 2.01035e-05 0.0125853 4.35832e-06 0.0019138 0.248728 2.17772 1.4517 2.20246 2.15154 0.949475 -7.9889 10.7368 10.9897 4.74876 0 0.104142 0.112818 -0.0135684 -38.7556 1 0 0 0.000204718 0.000163691 0.0032531
1815 28.521 0.0251295 0.0128112 0.000107178 1.9984e-05 0.0126841 4.35176e-06 0.00191558 0.249415 2.18046 1.4517 2.2053 2.15416 0.949135 -8.00891 10.7499 11.0039 4.74705 0 0.104157 0.112823 -0.0135289 -38.7678 1 0 0 0.000204255 0.000162808 0.0032569
1820 28.6466 0.0251295 0.0129107 0.000107517 1.98655e-05 0.0127833 4.34523e-06 0.00191736 0.250102 2.18319 1.4517 2.20814 2.15678 0.948796 -8.02887 10.763 11.0181 4.74535 0 0.104172 0.112827 -0.0134897 -38.7798 1 0 0 0.000203803 0.000161932 0.00326067
1825 28.7723 0.0251295 0.0130106 0.000107857 1.97482e-05 0.012883 4.33873e-06 0.00191914 0.250789 2.18593 1.4517 2.21098 2.1594 0.948458 -8.04877 10.7761 11.0323 4.74366 0 0.104186 0.11283 -0.0134506 -38.7915 1 0 0 0.000203363 0.000161064 0.0032644
1830 28.8979 0.0251295 0.0131109 0.000108199 1.96321e-05 0.0129831 4.33225e-06 0.00192092 0.251476 2.18866 1.4517 2.21382 2.16202 0.948121 -8.06862 10.7893 11.0465 4.74197 0 0.104201 0.112833 -0.0134116 -38.8032 1 0 0 0.000202932 0.000160201 0.0032681
1835 29.0236 0.0251295 0.0132117 0.000108542 1.9517e-05 0.0130836 4.32579e-06 0.0019227 0.252163 2.19139 1.4517 2.21666 2.16465 0.947785 -8.08841 10.8024 11.0607 4.74028 0 0.104214 0.112835 -0.0133728 -38.8146 1 0 0 0.000202513 0.000159346 0.00327176
1840 29.1492 0.0251295 0.0133129 0.000108886 1.9403e-05 0.0131846 4.31935e-06 0.00192448 0.25285 2.19413 1.4517 2.2195 2.16727 0.947449 -8.10816 10.8155 11.0749 4.7386 0 0.104228 0.112837 -0.0133342 -38.8259 1 0 0 0.000202104 0.000158497 0.00327538
1845 29.2748 0.0251295 0.0134146 0.000109231 1.929e-05 0.013286 4.31294e-06 0.00192626 0.253538 2.19686 1.4517 2.22234 2.16989 0.947115 -8.12785 10.8286 11.0891 4.73693 0 0.104241 0.112838 -0.0132957 -38.8369 1 0 0 0.000201705 0.000157654 0.00327896
1850 29.4005 0.0251295 0.0135167 0.000109578 1.91782e-05 0.0133879 4.30655e-06 0.00192805 0.254225 2.1996 1.4517 2.22518 2.17252 0.946782 -8.14749 10.8417 11.1033 4.73526 0 0.104254 0.112839 -0.0132573 -38.8478 1 0 0 0.000201317 0.000156818 0.00328252
1855 29.5261 0.0251295 0.0136192 0.000109925 1.90673e-05 0.0134902 4.30019e-06 0.00192983 0.254912 2.20233 1.4517 2.22802 2.17514 0.94645 -8.16708 10.8548 11.1175 4.73359 0 0.104266 0.11284 -0.0132192 -38.8586 1 0 0 0.000200939 0.000155988 0.00328603
1860 29.6518 0.0251295 0.0137221 0.000110272 1.89575e-05 0.0135929 4.29384e-06 0.00193161 0.255599 2.20507 1.4517 2.23086 2.17776 0.946118 -8.18661 10.8679 11.1317 4.73193 0 0.104278 0.11284 -0.0131812 -38.8691 1 0 0 0.000200571 0.000155164 0.00328951
1865 29.7774 0.0251295 0.0138255 0.000110621 1.88486e-05 0.0136961 4.28753e-06 0.00193339 0.256286 2.2078 1.4517 2.2337 2.18039 0.945788 -8.2061 10.8811 11.1459 4.73027 0 0.10429 0.112839 -0.0131433 -38.8795 1 0 0 0.000200213 0.000154346 0.00329295
1870 29.9031 0.0251295 0.0139294 0.000110969 1.87408e-05 0.0137997 4.28123e-06 0.00193517 0.256973 2.21054 1.4517 2.23654 2.18301 0.945458 -8.22553 10.8942 11.1601 4.72862 0 0.104302 0.112838 -0.0131056 -38.8897 1 0 0 0.000199865 0.000153535 0.00329636
1875 30.0287 0.0251295 0.0140336 0.000111319 1.86339e-05 0.0139037 4.27496e-06 0.00193695 0.25766 2.21328 1.4517 2.23938 2.18564 0.94513 -8.2449 10.9073 11.1743 4.72698 0 0.104313 0.112837 -0.013068 -38.8997 1 0 0 0.000199526 0.00015273 0.00329973
1880 30.1544 0.0251295 0.0141383 0.000111668 1.8528e-05 0.0140081 4.26871e-06 0.00193873 0.258347 2.21601 1.4517 2.24222 2.18826 0.944802 -8.26423 10.9204 11.1885 4.72534 0 0.104324 0.112835 -0.0130306 -38.9096 1 0 0 0.000199197 0.00015193 0.00330307
1885 30.28 0.0251295 0.0142435 0.000112018 1.84231e-05 0.014113 4.26248e-06 0.00194051 0.259034 2.21875 1.4517 2.24506 2.19089 0.944475 -8.2835 10.9335 11.2027 4.7237 0 0.104335 0.112833 -0.0129934 -38.9193 1 0 0 0.000198878 0.000151137 0.00330637
1890 30.4057 0.0251295 0.014349 0.000112368 1.83191e-05 0.0142183 4.25628e-06 0.00194229 0.259721 2.22148 1.4517 2.2479 2.19351 0.94415 -8.30273 10.9467 11.2169 4.72207 0 0.104346 0.11283 -0.0129563 -38.9288 1 0 0 0.000198568 0.000150349 0.00330964
1895 30.5313 0.0251295 0.014455 0.000112718 1.82159e-05 0.0143241 4.2501e-06 0.00194407 0.260409 2.22422 1.4517 2.25074 2.19614 0.943825 -8.3219 10.9598 11.2311 4.72044 0 0.104356 0.112827 -0.0129194 -38.9382 1 0 0 0.000198267 0.000149567 0.00331287
1900 30.657 0.0251295 0.0145614 0.000113068 1.81137e-05 0.0144302 4.24395e-06 0.00194586 0.261096 2.22696 1.4517 2.25357 2.19877 0.943501 -8.34101 10.9729 11.2453 4.71881 0 0.104366 0.112823 -0.0128826 -38.9474 1 0 0 0.000197975 0.000148791 0.00331607
1905 30.7826 0.0251295 0.0146682 0.000113418 1.80124e-05 0.0145368 4.23781e-06 0.00194764 0.261783 2.22969 1.4517 2.25641 2.20139 0.943178 -8.36008 10.9861 11.2595 4.7172 0 0.104376 0.112819 -0.012846 -38.9565 1 0 0 0.000197693 0.000148021 0.00331924
1910 30.9083 0.0251295 0.0147755 0.000113767 1.7912e-05 0.0146438 4.2317e-06 0.00194942 0.26247 2.23243 1.4517 2.25925 2.20402 0.942856 -8.37909 10.9992 11.2737 4.71558 0 0.104385 0.112815 -0.0128095 -38.9654 1 0 0 0.000197419 0.000147256 0.00332237
1915 31.0339 0.0251295 0.0148832 0.000114116 1.78124e-05 0.0147513 4.22562e-06 0.0019512 0.263157 2.23516 1.4517 2.26209 2.20665 0.942535 -8.39806 11.0123 11.2879 4.71397 0 0.104395 0.11281 -0.0127732 -38.9741 1 0 0 0.000197155 0.000146497 0.00332547
1920 31.1596 0.0251295 0.0149913 0.000114465 1.77137e-05 0.0148591 4.21955e-06 0.00195298 0.263844 2.2379 1.4517 2.26493 2.20927 0.942215 -8.41697 11.0255 11.3021 4.71237 0 0.104404 0.112805 -0.0127371 -38.9827 1 0 0 0.000196899 0.000145743 0.00332853
1925 31.2852 0.0251295 0.0150998 0.000114813 1.76158e-05 0.0149674 4.21351e-06 0.00195476 0.264531 2.24064 1.4517 2.26777 2.2119 0.941895 -8.43583 11.0386 11.3163 4.71077 0 0.104412 0.112799 -0.0127011 -38.9911 1 0 0 0.000196652 0.000144994 0.00333156
1930 31.4109 0.0251295 0.0152088 0.00011516 1.75187e-05 0.0150761 4.20749e-06 0.00195654 0.265218 2.24337 1.4517 2.27061 2.21453 0.941577 -8.45463 11.0517 11.3304 4.70917 0 0.104421 0.112793 -0.0126652 -38.9993 1 0 0 0.000196413 0.000144251 0.00333456
1935 31.5365 0.0251295 0.0153181 0.000115507 1.74225e-05 0.0151852 4.20149e-06 0.00195833 0.265905 2.24611 1.4517 2.27345 2.21716 0.941259 -8.47339 11.0649 11.3446 4.70758 0 0.104429 0.112787 -0.0126295 -39.0074 1 0 0 0.000196182 0.000143513 0.00333752
1940 31.6621 0.0251295 0.0154279 0.000115852 1.7327e-05 0.0152948 4.19552e-06 0.00196011 0.266592 2.24885 1.4517 2.27628 2.21978 0.940943 -8.49209 11.078 11.3588 4.70599 0 0.104437 0.11278 -0.012594 -39.0154 1 0 0 0.00019596 0.00014278 0.00334045
1945 31.7878 0.0251295 0.0155381 0.000116197 1.72324e-05 0.0154047 4.18957e-06 0.00196189 0.267279 2.25158 1.4517 2.27912 2.22241 0.940627 -8.51075 11.0911 11.373 4.70441 0 0.104445 0.112773 -0.0125586 -39.0232 1 0 0 0.000195746 0.000142053 0.00334334
1950 31.9134 0.0251295 0.0156488 0.00011654 1.71385e-05 0.0155151 4.18364e-06 0.00196367 0.267967 2.25432 1.4517 2.28196 2.22504 0.940312 -8.52935 11.1043 11.3872 4.70283 0 0.104453 0.112765 -0.0125234 -39.0308 1 0 0 0.000195541 0.00014133 0.00334621
1955 32.0391 0.0251295 0.0157598 0.000116883 1.70454e-05 0.0156259 4.17773e-06 0.00196545 0.268654 2.25705 1.4517 2.2848 2.22767 0.939998 -8.5479 11.1174 11.4014 4.70126 0 0.10446 0.112757 -0.0124883 -39.0383 1 0 0 0.000195343 0.000140613 0.00334904
1960 32.1647 0.0251295 0.0158712 0.000117224 1.6953e-05 0.0157371 4.17185e-06 0.00196723 0.269341 2.25979 1.4517 2.28763 2.2303 0.939685 -8.56639 11.1306 11.4156 4.69969 0 0.104467 0.112748 -0.0124534 -39.0457 1 0 0 0.000195153 0.0001399 0.00335184
1965 32.2904 0.0251295 0.0159831 0.000117564 1.68614e-05 0.0158487 4.16599e-06 0.00196901 0.270028 2.26253 1.4517 2.29047 2.23293 0.939373 -8.58484 11.1437 11.4298 4.69813 0 0.104474 0.11274 -0.0124186 -39.0529 1 0 0 0.000194971 0.000139193 0.00335461
1970 32.416 0.0251295 0.0160954 0.000117902 1.67705e-05 0.0159607 4.16015e-06 0.0019708 0.270715 2.26526 1.4517 2.29331 2.23556 0.939062 -8.60324 11.1569 11.444 4.69657 0 0.104481 0.11273 -0.012384 -39.06 1 0 0 0.000194796 0.00013849 0.00335734
1975 32.5417 0.0251295 0.0162081 0.000118238 1.66803e-05 0.0160731 4.15433e-06 0.00197258 0.271402 2.268 1.4517 2.29615 2.23819 0.938751 -8.62158 11.17 11.4582 4.69501 0 0.104487 0.112721 -0.0123495 -39.0669 1 0 0 0.000194629 0.000137792 0.00336004
1980 32.6673 0.0251295 0.0163212 0.000118573 1.65909e-05 0.016186 4.14854e-06 0.00197436 0.272089 2.27074 1.4517 2.29898 2.24081 0.938442 -8.63988 11.1831 11.4723 4.69346 0 0.104494 0.112711 -0.0123152 -39.0737 1 0 0 0.000194469 0.000137098 0.00336272
1985 32.793 0.0251295 0.0164347 0.000118906 1.65021e-05 0.0162992 4.14277e-06 0.00197614 0.272776 2.27347 1.4517 2.30182 2.24344 0.938133 -8.65812 11.1963 11.4865 4.69191 0 0.1045 0.1127 -0.012281 -39.0803 1 0 0 0.000194317 0.00013641 0.00336535
1990 32.9186 0.0251295 0.0165486 0.000119237 1.6414e-05 0.0164129 4.13702e-06 0.00197792 0.273463 2.27621 1.4517 2.30465 2.24607 0.937825 -8.67631 11.2094 11.5007 4.69037 0 0.104506 0.11269 -0.012247 -39.0868 1 0 0 0.000194172 0.000135726 0.00336796
1995 33.0443 0.0251295 0.0166629 0.000119567 1.63266e-05 0.016527 4.13129e-06 0.0019797 0.27415 2.27894 1.4517 2.30749 2.2487 0.937518 -8.69445 11.2226 11.5149 4.68883 0 0.104511 0.112679 -0.0122131 -39.0931 1 0 0 0.000194034 0.000135046 0.00337054
2000 33.1699 0.0251295 0.0167776 0.000119894 1.62399e-05 0.0166414 4.12558e-06 0.00198148 0.274837 2.28168 1.4517 2.31032 2.25133 0.937212 -8.71254 11.2357 11.5291 4.6873 0 0.104517 0.112667 -0.0121794 -39.0994 1 0 0 0.000193903 0.000134371 0.00337308
2005 33.2956 0.0251295 0.0159003 9.99419e-05 1.19943e-06 0.0157991 1.51463e-09 0.00198148 0.274837 2.28168 1.4517 2.31032 2.25134 0.937208 -8.68011 11.2481 11.5424 4.68655 0 0.000178954 -5.70487e-05 -0.000235134 -38.9583 1 0 0 7.97535e-05 6.7356e-06 0.00317529
2010 33.4212 0.0251295 0.0151056 9.56054e-05 6.58373e-07 0.0150093 2.52469e-09 0.00198148 0.274838 2.28168 1.4517 2.31032 2.25135 0.937203 -8.67249 11.2539 11.5486 4.6862 0 0.000146648 -5.39823e-05 -0.000171926 -38.9241 1 0 0 7.46409e-05 3.50524e-06 0.00299544
2015 33.5469 0.0251295 0.0143554 9.18726e-05 5.58298e-07 0.014263 2.80685e-09 0.00198148 0.274837 2.28168 1.4517 2.31031 2.25135 0.937199 -8.66522 11.2558 11.5506 4.68607 0 0.000160612 -8.64455e-05 -0.000136657 -38.8915 1 0 0 7.12028e-05 2.9786e-06 0.0028281
2020 33.6725 0.0251295 0.013647 8.84727e-05 5.4825e-07 0.0135579 2.9871e-09 0.00198148 0.274838 2.28168 1.4517 2.31031 2.25136 0.937196 -8.6578 11.2565 11.5513 4.68601 0 0.000165697 -0.000101263 -0.000123215 -38.8582 1 0 0 6.81395e-05 2.88966e-06 0.00267175
2025 33.7982 0.0251295 0.0129778 8.53978e-05 5.66838e-07 0.0128918 3.05588e-09 0.00198149 0.274837 2.28168 1.4517 2.31031 2.25136 0.937193 -8.65046 11.2567 11.5515 4.68598 0 0.000163215 -0.000104959 -0.000118459 -38.8253 1 0 0 6.53649e-05 2.93246e-06 0.00252542
2030 33.9238 0.0251295 0.0123457 8.26275e-05 5.93674e-07 0.0122624 3.00261e-09 0.00198149 0.274838 2.28168 1.4517 2.31031 2.25136 0.93719 -8.64329 11.2568 11.5515 4.68596 0 0.000155618 -0.000102076 -0.000117036 -38.7931 1 0 0 6.28539e-05 3.00978e-06 0.0023883
2035 34.0494 0.0251295 0.0117483 8.01312e-05 6.21224e-07 0.0116675 2.84909e-09 0.00198149 0.274837 2.28168 1.4517 2.3103 2.25137 0.937187 -8.63633 11.2568 11.5515 4.68595 0 0.000144532 -9.50542e-05 -0.000116909 -38.7619 1 0 0 6.05775e-05 3.08776e-06 0.00225969
2040 34.1751 0.0251295 0.0111835 7.78762e-05 6.46727e-07 0.011105 2.62417e-09 0.00198149 0.274838 2.28168 1.4517 2.3103 2.25137 0.937184 -8.62958 11.2568 11.5515 4.68593 0 0.000131084 -8.53373e-05 -0.000117298 -38.7316 1 0 0 5.85055e-05 3.15563e-06 0.00213897
2045 34.3007 0.0251295 0.0106495 7.58322e-05 6.69296e-07 0.010573 2.35494e-09 0.00198149 0.274837 2.28168 1.4517 2.3103 2.25137 0.937181 -8.62304 11.2568 11.5515 4.68592 0 0.000116084 -7.38578e-05 -0.000117896 -38.7022 1 0 0 5.66102e-05 3.21102e-06 0.00202558
2050 34.4264 0.0251295 0.0101443 7.3972e-05 6.88792e-07 0.0100696 2.06431e-09 0.00198149 0.274838 2.28168 1.4517 2.3103 2.25138 0.937178 -8.61669 11.2569 11.5515 4.6859 0 0.000100123 -6.12512e-05 -0.000118574 -38.6737 1 0 0 5.48681e-05 3.25452e-06 0.00191901
2055 34.552 0.0251295 0.00966615 7.22722e-05 7.05382e-07 0.00959318 1.7705e-09 0.00198149 0.274837 2.28168 1.4517 2.3103 2.25138 0.937175 -8.61053 11.2569 11.5515 4.68589 0 8.36272e-05 -4.79631e-05 -0.000119267 -38.646 1 0 0 5.32597e-05 3.28768e-06 0.00181879
2060 34.6777 0.0251295 0.00921355 7.07127e-05 7.19339e-07 0.00914212 1.48717e-09 0.00198149 0.274838 2.28168 1.4517 2.3103 2.25138 0.937172 -8.60455 11.2569 11.5515 4.68587 0 6.69084e-05 -3.43126e-05 -0.000119939 -38.6192 1 0 0 5.17688e-05 3.31216e-06 0.00172449
2065 34.8033 0.0251295 0.00878495 6.9276e-05 7.30968e-07 0.00871494 1.22395e-09 0.00198149 0.274838 2.28168 1.4517 2.31029 2.25138 0.937169 -8.59874 11.2569 11.5515 4.68586 0 5.0192e-05 -2.05304e-05 -0.000120571 -38.5931 1 0 0 5.03816e-05 3.3295e-06 0.00163571
2070 34.929 0.0251295 0.00837895 6.79475e-05 7.40563e-07 0.00831026 9.87114e-10 0.00198148 0.274838 2.28168 1.4517 2.31029 2.25138 0.937166 -8.59309 11.2569 11.5515 4.68584 0 3.36422e-05 -6.78496e-06 -0.000121147 -38.5678 1 0 0 4.90868e-05 3.34104e-06 0.0015521
2075 35.0546 0.0251295 0.00799425 6.67145e-05 7.48392e-07 0.00792679 7.80274e-10 0.00198148 0.274837 2.28168 1.4517 2.31029 2.25138 0.937163 -8.58761 11.2569 11.5515 4.68583 0 1.73782e-05 6.80029e-06 -0.00012166 -38.5432 1 0 0 4.78747e-05 3.34785e-06 0.00147331
2080 35.1803 0.0251295 0.00762962 6.5566e-05 7.54693e-07 0.0075633 6.0507e-10 0.00198148 0.274837 2.28168 1.4517 2.31029 2.25138 0.93716 -8.58229 11.2569 11.5515 4.68581 0 1.48596e-06 2.01352e-05 -0.000122106 -38.5193 1 0 0 4.67369e-05 3.3508e-06 0.00139904
2085 35.3059 0.0251295 0.0072839 6.44929e-05 7.59672e-07 0.00721865 4.61702e-10 0.00198148 0.274838 2.28168 1.4517 2.3103 2.25138 0.937157 -8.57711 11.2569 11.5515 4.6858 0 -1.39733e-05 3.31544e-05 -0.000122484 -38.4961 1 0 0 4.56662e-05 3.3506e-06 0.00132901
2090 35.4316 0.0251295 0.00695603 6.34869e-05 7.63508e-07 0.00689178 3.49374e-10 0.00198148 0.274838 2.28168 1.4517 2.3103 2.25138 0.937154 -8.57207 11.2569 11.5515 4.68578 0 -2.89572e-05 4.58111e-05 -0.000122794 -38.4735 1 0 0 4.46565e-05 3.34778e-06 0.00126293
2095 35.5572 0.0251295 0.00664499 6.25414e-05 7.66351e-07 0.00658168 2.66631e-10 0.00198147 0.274838 2.28168 1.4517 2.3103 2.25138 0.93715 -8.56718 11.2569 11.5515 4.68577 0 -4.34377e-05 5.8073e-05 -0.000123038 -38.4515 1 0 0 4.37023e-05 3.34277e-06 0.00120057
2100 35.6829 0.0251295 0.00634983 6.16501e-05 7.68332e-07 0.00628741 2.1161e-10 0.00198147 0.274838 2.28168 1.4517 2.3103 2.25138 0.937147 -8.56242 11.2569 11.5515 4.68575 0 -5.73975e-05 6.99185e-05 -0.000123219 -38.4301 1 0 0 4.2799e-05 3.33591e-06 0.00114169
2105 35.8085 0.0251295 0.00606968 6.0808e-05 7.69561e-07 0.0060081 1.82225e-10 0.00198147 0.274838 2.28168 1.4517 2.3103 2.25138 0.937144 -8.55779 11.2569 11.5515 4.68573 0 -7.0828e-05 8.13347e-05 -0.00012334 -38.4094 1 0 0 4.19422e-05 3.32746e-06 0.00108609
2110 35.9342 0.0251295 0.00580368 6.00104e-05 7.70132e-07 0.0057429 1.76294e-10 0.00198147 0.274837 2.28168 1.4517 2.3103 2.25138 0.937141 -8.55329 11.2569 11.5515 4.68572 0 -8.37269e-05 9.2315e-05 -0.000123405 -38.3891 1 0 0 4.11284e-05 3.31762e-06 0.00103355
2115 36.0598 0.0251295 0.00555107 5.92533e-05 7.70125e-07 0.00549105 1.9163e-10 0.00198146 0.274837 2.28168 1.4517 2.31031 2.25138 0.937138 -8.54891 11.2569 11.5515 4.6857 0 -9.60968e-05 0.000102858 -0.000123417 -38.3695 1 0 0 4.03542e-05 3.30656e-06 0.000983894
2120 36.1855 0.0251295 0.0053111 5.85334e-05 7.69609e-07 0.0052518 2.261e-10 0.00198146 0.274837 2.28168 1.4517 2.31031 2.25137 0.937135 -8.54464 11.2569 11.5515 4.68569 0 -0.000107944 0.000112966 -0.00012338 -38.3503 1 0 0 3.96168e-05 3.29441e-06 0.000936949
2125 36.3111 0.0251295 0.00508309 5.78474e-05 7.68645e-07 0.00502448 2.77666e-10 0.00198146 0.274837 2.28168 1.4517 2.31031 2.25137 0.937132 -8.54049 11.2569 11.5515 4.68567 0 -0.000119279 0.000122645 -0.000123296 -38.3317 1 0 0 3.89135e-05 3.28129e-06 0.000892552
2130 36.4367 0.0251295 0.00486639 5.71927e-05 7.67284e-07 0.00480843 3.44402e-10 0.00198145 0.274838 2.28168 1.4517 2.31032 2.25137 0.937129 -8.53646 11.2569 11.5516 4.68566 0 -0.000130112 0.000131903 -0.000123169 -38.3136 1 0 0 3.82419e-05 3.26729e-06 0.000850552
2135 36.5624 0.0251295 0.00466037 5.65668e-05 7.6557e-07 0.00460304 4.24513e-10 0.00198145 0.274838 2.28168 1.4517 2.31032 2.25136 0.937126 -8.53253 11.2568 11.5516 4.68564 0 -0.000140457 0.000140748 -0.000123003 -38.296 1 0 0 3.76001e-05 3.25249e-06 0.000810805
2140 36.688 0.0251295 0.00446448 5.59676e-05 7.63543e-07 0.00440775 5.16338e-10 0.00198145 0.274838 2.28168 1.4517 2.31032 2.25136 0.937123 -8.5287 11.2568 11.5516 4.68563 0 -0.000150327 0.000149192 -0.0001228 -38.2788 1 0 0 3.69859e-05 3.23695e-06 0.000773182
2145 36.8137 0.0251295 0.00427816 5.5393e-05 7.61237e-07 0.00422201 6.18346e-10 0.00198144 0.274837 2.28168 1.4517 2.31033 2.25136 0.93712 -8.52497 11.2568 11.5516 4.68561 0 -0.000159739 0.000157247 -0.000122563 -38.2621 1 0 0 3.63977e-05 3.22074e-06 0.000737556
2150 36.9393 0.0251295 0.00410091 5.48415e-05 7.58683e-07 0.00404531 7.29138e-10 0.00198144 0.274838 2.28168 1.4517 2.31033 2.25135 0.937116 -8.52135 11.2568 11.5516 4.68559 0 -0.000168707 0.000164923 -0.000122294 -38.2458 1 0 0 3.58339e-05 3.20391e-06 0.000703813
2155 37.065 0.0251295 0.00393224 5.43113e-05 7.55908e-07 0.00387717 8.47437e-10 0.00198144 0.274838 2.28168 1.4517 2.31033 2.25135 0.937113 -8.51781 11.2568 11.5516 4.68558 0 -0.000177247 0.000172235 -0.000121995 -38.2299 1 0 0 3.5293e-05 3.18652e-06 0.000671844
2160 37.1906 0.0251295 0.00377171 5.38012e-05 7.52936e-07 0.00371715 9.72082e-10 0.00198143 0.274837 2.28168 1.4517 2.31034 2.25134 0.93711 -8.51437 11.2568 11.5517 4.68556 0 -0.000185376 0.000179195 -0.000121669 -38.2145 1 0 0 3.47736e-05 3.1686e-06 0.000641548
2165 37.3163 0.0251295 0.00361888 5.33097e-05 7.49789e-07 0.00356482 1.10202e-09 0.00198143 0.274838 2.28168 1.4517 2.31034 2.25134 0.937107 -8.51102 11.2567 11.5517 4.68555 0 -0.000193108 0.000185816 -0.000121318 -38.1994 1 0 0 3.42747e-05 3.15022e-06 0.000612828
2170 37.4419 0.0251295 0.00347335 5.28358e-05 7.46487e-07 0.00341977 1.2363e-09 0.00198143 0.274837 2.28168 1.4517 2.31035 2.25133 0.937104 -8.50776 11.2567 11.5517 4.68553 0 -0.00020046 0.00019211 -0.000120944 -38.1848 1 0 0 3.37949e-05 3.1314e-06 0.000585597
2175 37.5676 0.0251295 0.00333475 5.23784e-05 7.43047e-07 0.00328162 1.37407e-09 0.00198142 0.274837 2.28168 1.4517 2.31035 2.25133 0.937101 -8.50458 11.2567 11.5517 4.68552 0 -0.000207446 0.00019809 -0.000120548 -38.1705 1 0 0 3.33333e-05 3.1122e-06 0.000559769
2180 37.6932 0.0251295 0.00320271 5.19364e-05 7.39486e-07 0.00315003 1.51455e-09 0.00198142 0.274837 2.28168 1.4517 2.31036 2.25132 0.937098 -8.50148 11.2567 11.5518 4.6855 0 -0.000214082 0.000203769 -0.000120132 -38.1566 1 0 0 3.28888e-05 3.09264e-06 0.000535266
2185 37.8189 0.0251295 0.00307689 5.15091e-05 7.35818e-07 0.00302465 1.65705e-09 0.00198141 0.274838 2.28168 1.4517 2.31036 2.25132 0.937095 -8.49846 11.2566 11.5518 4.68549 0 -0.000220383 0.00020916 -0.000119698 -38.1431 1 0 0 3.24607e-05 3.07278e-06 0.000512014
2190 37.9445 0.0251295 0.00295698 5.10955e-05 7.32058e-07 0.00290515 1.80094e-09 0.00198141 0.274838 2.28168 1.4517 2.31037 2.25131 0.937092 -8.49552 11.2566 11.5518 4.68547 0 -0.000226362 0.000214273 -0.000119246 -38.1299 1 0 0 3.2048e-05 3.05264e-06 0.000489943
2195 38.0702 0.0251295 0.00284268 5.06949e-05 7.28217e-07 0.00279125 1.94567e-09 0.0019814 0.274837 2.28168 1.4517 2.31037 2.25131 0.937089 -8.49265 11.2566 11.5518 4.68546 0 -0.000232033 0.00021912 -0.000118779 -38.117 1 0 0 3.16499e-05 3.03226e-06 0.000468989
2200 38.1958 0.0251295 0.00273369 5.03066e-05 7.24308e-07 0.00268266 2.09074e-09 0.0019814 0.274838 2.28168 1.4517 2.31038 2.2513 0.937086 -8.48986 11.2565 11.5519 4.68544 0 -0.00023741 0.000223713 -0.000118297 -38.1045 1 0 0 3.12658e-05 3.01168e-06 0.00044909
2205 38.3215 0.0251295 0.00262975 4.993e-05 7.20341e-07 0.0025791 2.2357e-09 0.0019814 0.274838 2.28168 1.4517 2.31039 2.25129 0.937083 -8.48714 11.2565 11.5519 4.68543 0 -0.000242505 0.000228063 -0.000117802 -38.0922 1 0 0 3.08948e-05 2.99093e-06 0.000430189
2210 38.4471 0.0251295 0.0025306 4.95644e-05 7.16325e-07 0.00248032 2.38015e-09 0.00198139 0.274838 2.28168 1.4517 2.31039 2.25129 0.93708 -8.48448 11.2565 11.5519 4.68541 0 -0.000247331 0.00023218 -0.000117294 -38.0803 1 0 0 3.05365e-05 2.97004e-06 0.00041223
2215 38.5728 0.0251295 0.00243601 4.92093e-05 7.1227e-07 0.00238609 2.52375e-09 0.00198139 0.274837 2.28168 1.4517 2.3104 2.25128 0.937077 -8.48189 11.2565 11.5519 4.6854 0 -0.000251899 0.000236073 -0.000116774 -38.0687 1 0 0 3.01902e-05 2.94904e-06 0.000395163
2220 38.6984 0.0251295 0.00234574 4.88642e-05 7.08185e-07 0.00229617 2.66618e-09 0.00198138 0.274838 2.28168 1.4517 2.3104 2.25128 0.937074 -8.47937 11.2564 11.552 4.68538 0 -0.000256221 0.000239754 -0.000116245 -38.0574 1 0 0 2.98553e-05 2.92796e-06 0.00037894
2225 38.824 0.0251295 0.00225958 4.85285e-05 7.04076e-07 0.00221034 2.80717e-09 0.00198138 0.274837 2.28168 1.4517 2.31041 2.25127 0.937071 -8.47691 11.2564 11.552 4.68537 0 -0.000260309 0.000243231 -0.000115705 -38.0464 1 0 0 2.95312e-05 2.90683e-06 0.000363515
2230 38.9497 0.0251295 0.00217732 4.82019e-05 6.99951e-07 0.00212842 2.94647e-09 0.00198137 0.274838 2.28168 1.4517 2.31042 2.25126 0.937069 -8.47452 11.2564 11.552 4.68535 0 -0.000264172 0.000246512 -0.000115157 -38.0356 1 0 0 2.92176e-05 2.88567e-06 0.000348846
2235 39.0753 0.0251295 0.00209877 4.78838e-05 6.95817e-07 0.00205019 3.08387e-09 0.00198137 0.274838 2.28168 1.4517 2.31042 2.25126 0.937066 -8.47218 11.2563 11.5521 4.68534 0 -0.00026782 0.000249608 -0.0001146 -38.0251 1 0 0 2.89138e-05 2.86452e-06 0.000334892
2240 39.201 0.0251295 0.00202375 4.75739e-05 6.9168e-07 0.00197549 3.21919e-09 0.00198136 0.274838 2.28168 1.4517 2.31043 2.25125 0.937063 -8.4699 11.2563 11.5521 4.68532 0 -0.000271264 0.000252526 -0.000114036 -38.0149 1 0 0 2.86196e-05 2.84339e-06 0.000321616
2245 39.3266 0.0251295 0.00195209 4.72717e-05 6.87545e-07 0.00190413 3.35226e-09 0.00198136 0.274838 2.28168 1.4517 2.31043 2.25124 0.93706 -8.46767 11.2563 11.5521 4.68531 0 -0.000274512 0.000255274 -0.000113465 -38.0049 1 0 0 2.83343e-05 2.8223e-06 0.000308981
2250 39.4523 0.0251295 0.00188361 4.69771e-05 6.83418e-07 0.00183595 3.48294e-09 0.00198135 0.274838 2.28168 1.4517 2.31044 2.25123 0.937057 -8.46551 11.2562 11.5522 4.6853 0 -0.000277573 0.000257859 -0.000112888 -37.9952 1 0 0 2.80577e-05 2.80128e-06 0.000296955
2255 39.5779 0.0251295 0.00181817 4.66895e-05 6.79304e-07 0.0017708 3.61112e-09 0.00198135 0.274838 2.28168 1.4517 2.31045 2.25123 0.937054 -8.46339 11.2562 11.5522 4.68528 0 -0.000280456 0.000260289 -0.000112305 -37.9857 1 0 0 2.77894e-05 2.78035e-06 0.000285505
2260 39.7036 0.0251295 0.00175561 4.64087e-05 6.75206e-07 0.00170853 3.7367e-09 0.00198134 0.274838 2.28168 1.4517 2.31045 2.25122 0.937051 -8.46133 11.2562 11.5522 4.68527 0 -0.000283169 0.000262571 -0.000111718 -37.9764 1 0 0 2.7529e-05 2.75952e-06 0.0002746
2265 39.8292 0.0251295 0.0016958 4.61345e-05 6.71129e-07 0.001649 3.85958e-09 0.00198134 0.274838 2.28168 1.4517 2.31046 2.25121 0.937049 -8.45932 11.2561 11.5523 4.68525 0 -0.000285719 0.000264711 -0.000111125 -37.9674 1 0 0 2.72761e-05 2.73882e-06 0.000264214
2270 39.9549 0.0251295 0.00163861 4.58664e-05 6.67077e-07 0.00159208 3.97969e-09 0.00198133 0.274837 2.28168 1.4517 2.31047 2.25121 0.937046 -8.45736 11.2561 11.5523 4.68524 0 -0.000288115 0.000266716 -0.000110529 -37.9586 1 0 0 2.70305e-05 2.71826e-06 0.000254318
2275 40.0805 0.0251295 0.0015839 4.56043e-05 6.63053e-07 0.00153764 4.09699e-09 0.00198133 0.274838 2.28168 1.4517 2.31047 2.2512 0.937043 -8.45544 11.2561 11.5523 4.68523 0 -0.000290362 0.000268592 -0.000109929 -37.95 1 0 0 2.67918e-05 2.69785e-06 0.000244889
2280 40.2062 0.0251295 0.00153156 4.53478e-05 6.5906e-07 0.00148556 4.21143e-09 0.00198132 0.274838 2.28168 1.4517 2.31048 2.25119 0.93704 -8.45357 11.256 11.5524 4.68521 0 -0.000292468 0.000270345 -0.000109325 -37.9416 1 0 0 2.65598e-05 2.67761e-06 0.0002359
2285 40.3318 0.0251295 0.00148148 4.50969e-05 6.551e-07 0.00143573 4.32296e-09 0.00198132 0.274837 2.28168 1.4517 2.31049 2.25118 0.937038 -8.45175 11.256 11.5524 4.6852 0 -0.00029444 0.000271981 -0.000108719 -37.9334 1 0 0 2.63341e-05 2.65755e-06 0.000227331
2290 40.4575 0.0251295 0.00143355 4.48511e-05 6.51177e-07 0.00138805 4.43157e-09 0.00198131 0.274838 2.28168 1.4517 2.31049 2.25118 0.937035 -8.44997 11.2559 11.5524 4.68518 0 -0.000296282 0.000273503 -0.00010811 -37.9254 1 0 0 2.61146e-05 2.63768e-06 0.00021916
2295 40.5831 0.0251295 0.00138766 4.46104e-05 6.47292e-07 0.0013424 4.53724e-09 0.00198131 0.274838 2.28168 1.4517 2.3105 2.25117 0.937032 -8.44824 11.2559 11.5525 4.68517 0 -0.000298002 0.000274919 -0.000107499 -37.9177 1 0 0 2.59009e-05 2.61801e-06 0.000211366
2300 40.7088 0.0251295 0.00134372 4.43745e-05 6.43447e-07 0.00129871 4.63997e-09 0.0019813 0.274838 2.28168 1.4517 2.31051 2.25116 0.93703 -8.44655 11.2559 11.5525 4.68516 0 -0.000299605 0.000276232 -0.000106886 -37.9101 1 0 0 2.56928e-05 2.59856e-06 0.00020393
2305 40.8344 0.0251295 0.00130164 4.41433e-05 6.39645e-07 0.00125686 4.73974e-09 0.0019813 0.274837 2.28168 1.4517 2.31052 2.25115 0.937027 -8.4449 11.2558 11.5525 4.68514 0 -0.000301096 0.000277448 -0.000106272 -37.9027 1 0 0 2.54902e-05 2.57932e-06 0.000196835
2310 40.9601 0.0251295 0.00126133 4.39164e-05 6.35886e-07 0.00121678 4.83657e-09 0.00198129 0.274837 2.28168 1.4517 2.31052 2.25115 0.937024 -8.44328 11.2558 11.5526 4.68513 0 -0.00030248 0.00027857 -0.000105656 -37.8954 1 0 0 2.52927e-05 2.56032e-06 0.000190063
2315 41.0857 0.0251295 0.00122271 4.36939e-05 6.32173e-07 0.00117839 4.93046e-09 0.00198129 0.274837 2.28168 1.4517 2.31053 2.25114 0.937022 -8.44171 11.2558 11.5526 4.68512 0 -0.000303763 0.000279603 -0.000105039 -37.8884 1 0 0 2.51002e-05 2.54155e-06 0.000183598
2320 41.2113 0.0251295 0.0011857 4.34754e-05 6.28505e-07 0.0011416 5.02143e-09 0.00198128 0.274838 2.28168 1.4517 2.31054 2.25113 0.937019 -8.44017 11.2557 11.5526 4.6851 0 -0.000304949 0.000280551 -0.000104422 -37.8815 1 0 0 2.49124e-05 2.52302e-06 0.000177425
2325 41.337 0.0251295 0.00115022 4.32609e-05 6.24885e-07 0.00110634 5.10951e-09 0.00198128 0.274838 2.28168 1.4517 2.31054 2.25112 0.937016 -8.43868 11.2557 11.5527 4.68509 0 -0.000306041 0.000281418 -0.000103803 -37.8747 1 0 0 2.47293e-05 2.50473e-06 0.000171529
2330 41.4626 0.0251295 0.00111621 4.30501e-05 6.21313e-07 0.00107254 5.19471e-09 0.00198127 0.274838 2.28168 1.4517 2.31055 2.25112 0.937014 -8.43721 11.2556 11.5527 4.68508 0 -0.000307046 0.000282208 -0.000103185 -37.8682 1 0 0 2.45505e-05 2.4867e-06 0.000165897
2335 41.5883 0.0251295 0.00108359 4.28431e-05 6.1779e-07 0.00104013 5.27707e-09 0.00198127 0.274838 2.28168 1.4517 2.31056 2.25111 0.937011 -8.43579 11.2556 11.5527 4.68506 0 -0.000307966 0.000282924 -0.000102566 -37.8618 1 0 0 2.4376e-05 2.46891e-06 0.000160515
2340 41.7139 0.0251295 0.0010523 4.26395e-05 6.14316e-07 0.00100904 5.35661e-09 0.00198126 0.274838 2.28168 1.4517 2.31056 2.2511 0.937009 -8.43439 11.2556 11.5528 4.68505 0 -0.000308806 0.000283569 -0.000101948 -37.8555 1 0 0 2.42056e-05 2.45139e-06 0.000155371
2345 41.8396 0.0251295 0.00102228 4.24393e-05 6.10891e-07 0.000979229 5.43336e-09 0.00198126 0.274837 2.28168 1.4517 2.31057 2.25109 0.937006 -8.43303 11.2555 11.5528 4.68504 0 -0.000309569 0.000284147 -0.000101329 -37.8494 1 0 0 2.40391e-05 2.43412e-06 0.000150453
2350 41.9652 0.0251295 0.000993473 4.22424e-05 6.07517e-07 0.000950623 5.50737e-09 0.00198125 0.274837 2.28168 1.4517 2.31058 2.25109 0.937003 -8.4317 11.2555 11.5528 4.68503 0 -0.000310259 0.000284661 -0.000100711 -37.8434 1 0 0 2.38764e-05 2.41712e-06 0.000145751
2355 42.0909 0.0251295 0.000965824 4.20487e-05 6.04192e-07 0.000923171 5.57866e-09 0.00198125 0.274838 2.28168 1.4517 2.31059 2.25108 0.937001 -8.43041 11.2555 11.5529 4.68501 0 -0.00031088 0.000285114 -0.000100094 -37.8376 1 0 0 2.37173e-05 2.40037e-06 0.000141254
2360 42.2165 0.0251295 0.000939279 4.18579e-05 6.00918e-07 0.00089682 5.64729e-09 0.00198124 0.274837 2.28168 1.4517 2.31059 2.25107 0.936998 -8.42914 11.2554 11.5529 4.685 0 -0.000311434 0.000285509 -9.94769e-05 -37.8319 1 0 0 2.35617e-05 2.38389e-06 0.000136951
2365 42.3422 0.0251295 0.000913788 4.16701e-05 5.97694e-07 0.00087152 5.71329e-09 0.00198124 0.274838 2.28168 1.4517 2.3106 2.25106 0.936996 -8.4279 11.2554 11.5529 4.68499 0 -0.000311924 0.000285848 -9.88608e-05 -37.8264 1 0 0 2.34095e-05 2.36767e-06 0.000132834
2370 42.4678 0.0251295 0.000889304 4.14852e-05 5.9452e-07 0.000847225 5.7767e-09 0.00198123 0.274837 2.28168 1.4517 2.31061 2.25105 0.936993 -8.4267 11.2553 11.553 4.68498 0 -0.000312354 0.000286134 -9.82457e-05 -37.821 1 0 0 2.32605e-05 2.35171e-06 0.000128894
2375 42.5935 0.0251295 0.000865782 4.13029e-05 5.91396e-07 0.000823888 5.83756e-09 0.00198123 0.274837 2.28168 1.4517 2.31062 2.25105 0.936991 -8.42552 11.2553 11.553 4.68496 0 -0.000312727 0.00028637 -9.76316e-05 -37.8157 1 0 0 2.31147e-05 2.33601e-06 0.000125121
2380 42.7191 0.0251295 0.000843179 4.11233e-05 5.88322e-07 0.000801467 5.89593e-09 0.00198122 0.274838 2.28168 1.4517 2.31062 2.25104 0.936989 -8.42437 11.2553 11.5531 4.68495 0 -0.000313044 0.000286557 -9.70187e-05 -37.8105 1 0 0 2.29718e-05 2.32058e-06 0.000121509
2385 42.8448 0.0251295 0.000821453 4.09463e-05 5.85297e-07 0.000779921 5.95184e-09 0.00198122 0.274837 2.28168 1.4517 2.31063 2.25103 0.936986 -8.42324 11.2552 11.5531 4.68494 0 -0.00031331 0.000286698 -9.6407e-05 -37.8055 1 0 0 2.28319e-05 2.3054e-06 0.000118049
2390 42.9704 0.0251295 0.000800565 4.07717e-05 5.8232e-07 0.000759211 6.00534e-09 0.00198121 0.274837 2.28168 1.4517 2.31064 2.25102 0.936984 -8.42214 11.2552 11.5531 4.68493 0 -0.000313525 0.000286796 -9.57967e-05 -37.8005 1 0 0 2.26947e-05 2.29048e-06 0.000114733
2395 43.0961 0.0251295 0.000780479 4.05995e-05 5.79392e-07 0.0007393 6.05648e-09 0.00198121 0.274837 2.28168 1.4517 2.31064 2.25102 0.936981 -8.42107 11.2551 11.5532 4.68491 0 -0.000313693 0.000286852 -9.51878e-05 -37.7957 1 0 0 2.25603e-05 2.27581e-06 0.000111556
2400 43.2217 0.0251295 0.000761158 4.04295e-05 5.76512e-07 0.000720152 6.10531e-09 0.0019812 0.274838 2.28168 1.4517 2.31065 2.25101 0.936979 -8.42002 11.2551 11.5532 4.6849 0 -0.000313816 0.000286868 -9.45804e-05 -37.791 1 0 0 2.24284e-05 2.2614e-06 0.000108511
2405 43.3474 0.0251295 0.00074257 4.02619e-05 5.7368e-07 0.000701735 6.15186e-09 0.0019812 0.274838 2.28168 1.4517 2.31066 2.251 0.936977 -8.419 11.2551 11.5532 4.68489 0 -0.000313896 0.000286847 -9.39746e-05 -37.7864 1 0 0 2.22991e-05 2.24723e-06 0.000105591
2410 43.473 0.0251295 0.000724682 4.00963e-05 5.70894e-07 0.000684015 6.19619e-09 0.00198119 0.274838 2.28168 1.4517 2.31067 2.25099 0.936974 -8.418 11.255 11.5533 4.68488 0 -0.000313935 0.000286789 -9.33705e-05 -37.7819 1 0 0 2.21721e-05 2.23331e-06 0.00010279
2415 43.5986 0.0251295 0.000707463 3.99329e-05 5.68154e-07 0.000666962 6.23835e-09 0.00198119 0.274837 2.28168 1.4517 2.31067 2.25098 0.936972 -8.41702 11.255 11.5533 4.68487 0 -0.000313934 0.000286697 -9.27682e-05 -37.7776 1 0 0 2.20475e-05 2.21964e-06 0.000100103
2420 43.7243 0.0251295 0.000690885 3.97715e-05 5.6546e-07 0.000650548 6.27837e-09 0.00198118 0.274838 2.28168 1.4517 2.31068 2.25098 0.93697 -8.41607 11.2549 11.5533 4.68486 0 -0.000313897 0.000286573 -9.21676e-05 -37.7733 1 0 0 2.19252e-05 2.20621e-06 9.75254e-05
2425 43.8499 0.0251295 0.000674919 3.9612e-05 5.6281e-07 0.000634744 6.31632e-09 0.00198118 0.274838 2.28168 1.4517 2.31069 2.25097 0.936967 -8.41514 11.2549 11.5534 4.68484 0 -0.000313825 0.000286418 -9.15689e-05 -37.7691 1 0 0 2.1805e-05 2.19301e-06 9.50507e-05
2430 43.9756 0.0251295 0.000659538 3.94545e-05 5.60205e-07 0.000619524 6.35222e-09 0.00198117 0.274838 2.28168 1.4517 2.31069 2.25096 0.936965 -8.41423 11.2549 11.5534 4.68483 0 -0.000313718 0.000286233 -9.09721e-05 -37.765 1 0 0 2.16869e-05 2.18005e-06 9.26748e-05
2435 44.1012 0.0251295 0.000644719 3.92988e-05 5.57642e-07 0.000604863 6.38613e-09 0.00198117 0.274837 2.28168 1.4517 2.3107 2.25095 0.936963 -8.41334 11.2548 11.5535 4.68482 0 -0.00031358 0.00028602 -9.03773e-05 -37.761 1 0 0 2.15709e-05 2.16731e-06 9.0393e-05
2440 44.2269 0.0251295 0.000630436 3.91448e-05 5.55123e-07 0.000590736 6.4181e-09 0.00198116 0.274837 2.28168 1.4517 2.31071 2.25094 0.93696 -8.41247 11.2548 11.5535 4.68481 0 -0.000313412 0.00028578 -8.97845e-05 -37.7571 1 0 0 2.14568e-05 2.1548e-06 8.82009e-05
2445 44.3525 0.0251295 0.000616667 3.89926e-05 5.52645e-07 0.000577122 6.44816e-09 0.00198116 0.274838 2.28168 1.4517 2.31072 2.25094 0.936958 -8.41162 11.2547 11.5535 4.6848 0 -0.000313214 0.000285516 -8.91937e-05 -37.7533 1 0 0 2.13446e-05 2.14252e-06 8.60945e-05
2450 44.4782 0.0251295 0.000603389 3.88422e-05 5.50208e-07 0.000563997 6.47637e-09 0.00198115 0.274838 2.28168 1.4517 2.31072 2.25093 0.936956 -8.41079 11.2547 11.5536 4.68479 0 -0.00031299 0.000285227 -8.8605e-05 -37.7496 1 0 0 2.12342e-05 2.13045e-06 8.40699e-05
2455 44.6038 0.0251295 0.000590583 3.86933e-05 5.47812e-07 0.000551342 6.50277e-09 0.00198115 0.274838 2.28168 1.4517 2.31073 2.25092 0.936954 -8.40998 11.2547 11.5536 4.68478 0 -0.000312739 0.000284915 -8.80185e-05 -37.746 1 0 0 2.11256e-05 2.1186e-06 8.21232e-05
2460 44.7295 0.0251295 0.000578227 3.8546e-05 5.45454e-07 0.000539135 6.5274e-09 0.00198114 0.274837 2.28168 1.4517 2.31074 2.25091 0.936952 -8.40919 11.2546 11.5536 4.68476 0 -0.000312463 0.000284582 -8.74341e-05 -37.7424 1 0 0 2.10187e-05 2.10695e-06 8.02509e-05
2465 44.8551 0.0251295 0.000566303 3.84003e-05 5.43136e-07 0.00052736 6.55031e-09 0.00198114 0.274838 2.28168 1.4517 2.31074 2.25091 0.936949 -8.40842 11.2546 11.5537 4.68475 0 -0.000312165 0.000284228 -8.68519e-05 -37.7389 1 0 0 2.09135e-05 2.09551e-06 7.84497e-05
2470 44.9808 0.0251295 0.000554793 3.82561e-05 5.40855e-07 0.000515996 6.57153e-09 0.00198113 0.274837 2.28168 1.4517 2.31075 2.2509 0.936947 -8.40766 11.2545 11.5537 4.68474 0 -0.000311843 0.000283855 -8.6272e-05 -37.7355 1 0 0 2.08099e-05 2.08428e-06 7.67164e-05
2475 45.1064 0.0251295 0.000543679 3.81133e-05 5.38611e-07 0.000505027 6.59111e-09 0.00198113 0.274837 2.28168 1.4517 2.31076 2.25089 0.936945 -8.40692 11.2545 11.5537 4.68473 0 -0.000311501 0.000283463 -8.56943e-05 -37.7322 1 0 0 2.07078e-05 2.07324e-06 7.50478e-05
2480 45.2321 0.0251295 0.000532945 3.7972e-05 5.36404e-07 0.000494437 6.6091e-09 0.00198112 0.274838 2.28168 1.4517 2.31077 2.25088 0.936943 -8.4062 11.2545 11.5538 4.68472 0 -0.000311139 0.000283054 -8.51189e-05 -37.729 1 0 0 2.06072e-05 2.06239e-06 7.34411e-05
2485 45.3577 0.0251295 0.000522576 3.78321e-05 5.34232e-07 0.000484209 6.62552e-09 0.00198112 0.274838 2.28168 1.4517 2.31077 2.25087 0.936941 -8.40549 11.2544 11.5538 4.68471 0 -0.000310758 0.000282628 -8.45458e-05 -37.7258 1 0 0 2.05081e-05 2.05173e-06 7.18935e-05
2490 45.4834 0.0251295 0.000512555 3.76935e-05 5.32094e-07 0.000474329 6.64043e-09 0.00198111 0.274838 2.28168 1.4517 2.31078 2.25087 0.936939 -8.4048 11.2544 11.5538 4.6847 0 -0.000310359 0.000282186 -8.3975e-05 -37.7227 1 0 0 2.04104e-05 2.04125e-06 7.04024e-05
2495 45.609 0.0251295 0.000502869 3.75562e-05 5.2999e-07 0.000464783 6.65386e-09 0.00198111 0.274838 2.28168 1.4517 2.31079 2.25086 0.936937 -8.40413 11.2544 11.5539 4.68469 0 -0.000309943 0.00028173 -8.34066e-05 -37.7197 1 0 0 2.0314e-05 2.03096e-06 6.89652e-05
2500 45.7347 0.0251295 0.000493504 3.74202e-05 5.27919e-07 0.000455556 6.66585e-09 0.0019811 0.274838 2.28168 1.4517 2.31079 2.25085 0.936934 -8.40347 11.2543 11.5539 4.68468 0 -0.000309511 0.00028126 -8.28406e-05 -37.7167 1 0 0 2.02189e-05 2.02084e-06 6.75796e-05
2505 45.8603 0.0251295 0.000484447 3.72855e-05 5.25881e-07 0.000446635 6.67644e-09 0.0019811 0.274837 2.28168 1.4517 2.3108 2.25084 0.936932 -8.40283 11.2543 11.554 4.68467 0 -0.000309064 0.000280777 -8.22769e-05 -37.7138 1 0 0 2.01252e-05 2.01089e-06 6.62433e-05
2510 45.9859 0.0251295 0.000475685 3.71519e-05 5.23873e-07 0.000438009 6.68567e-09 0.00198109 0.274837 2.28168 1.4517 2.31081 2.25084 0.93693 -8.4022 11.2542 11.554 4.68466 0 -0.000308602 0.000280281 -8.17157e-05 -37.711 1 0 0 2.00326e-05 2.00111e-06 6.49541e-05
2515 46.1116 0.0251295 0.000467206 3.70196e-05 5.21897e-07 0.000429664 6.69357e-09 0.00198109 0.274838 2.28168 1.4517 2.31082 2.25083 0.936928 -8.40158 11.2542 11.554 4.68465 0 -0.000308127 0.000279774 -8.11568e-05 -37.7082 1 0 0 1.99413e-05 1.9915e-06 6.371e-05
2520 46.2372 0.0251295 0.000458999 3.68884e-05 5.1995e-07 0.000421591 6.70018e-09 0.00198108 0.274838 2.28168 1.4517 2.31082 2.25082 0.936926 -8.40098 11.2542 11.5541 4.68464 0 -0.00030764 0.000279255 -8.06004e-05 -37.7055 1 0 0 1.98511e-05 1.98204e-06 6.25089e-05
2525 46.3629 0.0251295 0.000451053 3.67584e-05 5.18032e-07 0.000413777 6.70554e-09 0.00198108 0.274837 2.28168 1.4517 2.31083 2.25081 0.936924 -8.40039 11.2541 11.5541 4.68463 0 -0.00030714 0.000278726 -8.00465e-05 -37.7029 1 0 0 1.97621e-05 1.97273e-06 6.13491e-05
2530 46.4885 0.0251295 0.000443358 3.66295e-05 5.16143e-07 0.000406212 6.70967e-09 0.00198107 0.274838 2.28168 1.4517 2.31084 2.2508 0.936922 -8.39981 11.2541 11.5541 4.68462 0 -0.000306629 0.000278188 -7.9495e-05 -37.7003 1 0 0 1.96741e-05 1.96358e-06 6.02287e-05
2535 46.6142 0.0251295 0.000435903 3.65016e-05 5.14281e-07 0.000398887 6.71262e-09 0.00198107 0.274837 2.28168 1.4517 2.31084 2.2508 0.93692 -8.39925 11.254 11.5542 4.68461 0 -0.000306108 0.00027764 -7.89459e-05 -37.6978 1 0 0 1.95873e-05 1.95458e-06 5.91461e-05
2540 46.7398 0.0251295 0.00042868 3.63748e-05 5.12446e-07 0.000391792 6.71442e-09 0.00198106 0.274838 2.28168 1.4517 2.31085 2.25079 0.936918 -8.3987 11.254 11.5542 4.6846 0 -0.000305576 0.000277084 -7.83994e-05 -37.6953 1 0 0 1.95014e-05 1.94572e-06 5.80995e-05
2545 46.8655 0.0251295 0.000421678 3.6249e-05 5.10638e-07 0.000384918 6.7151e-09 0.00198106 0.274837 2.28168 1.4517 2.31086 2.25078 0.936916 -8.39816 11.254 11.5542 4.68459 0 -0.000305035 0.00027652 -7.78553e-05 -37.6929 1 0 0 1.94165e-05 1.93699e-06 5.70875e-05
2550 46.9911 0.0251295 0.000414889 3.61243e-05 5.08855e-07 0.000378256 6.71469e-09 0.00198105 0.274837 2.28168 1.4517 2.31086 2.25077 0.936914 -8.39763 11.2539 11.5543 4.68458 0 -0.000304486 0.000275948 -7.73137e-05 -37.6905 1 0 0 1.93327e-05 1.92841e-06 5.61087e-05
2555 47.1168 0.0251295 0.000408305 3.60005e-05 5.07096e-07 0.000371797 6.71323e-09 0.00198105 0.274837 2.28168 1.4517 2.31087 2.25077 0.936912 -8.39712 11.2539 11.5543 4.68457 0 -0.000303928 0.000275369 -7.67746e-05 -37.6882 1 0 0 1.92497e-05 1.91995e-06 5.51615e-05
2560 47.2424 0.0251295 0.000401918 3.58777e-05 5.05362e-07 0.000365534 6.71074e-09 0.00198104 0.274837 2.28168 1.4517 2.31088 2.25076 0.93691 -8.39662 11.2539 11.5543 4.68456 0 -0.000303363 0.000274784 -7.6238e-05 -37.686 1 0 0 1.91677e-05 1.91163e-06 5.42446e-05
2565 47.3681 0.0251295 0.000395719 3.57559e-05 5.03652e-07 0.00035946 6.70726e-09 0.00198104 0.274838 2.28168 1.4517 2.31089 2.25075 0.936909 -8.39612 11.2538 11.5544 4.68455 0 -0.00030279 0.000274193 -7.57039e-05 -37.6838 1 0 0 1.90866e-05 1.90342e-06 5.33568e-05
2570 47.4937 0.0251295 0.000389703 3.5635e-05 5.01964e-07 0.000353566 6.70282e-09 0.00198104 0.274838 2.28168 1.4517 2.31089 2.25074 0.936907 -8.39564 11.2538 11.5544 4.68454 0 -0.000302211 0.000273596 -7.51723e-05 -37.6816 1 0 0 1.90063e-05 1.89534e-06 5.24969e-05
2575 47.6194 0.0251295 0.000383862 3.5515e-05 5.00298e-07 0.000347847 6.69744e-09 0.00198103 0.274837 2.28168 1.4517 2.3109 2.25074 0.936905 -8.39517 11.2537 11.5544 4.68453 0 -0.000301626 0.000272994 -7.46433e-05 -37.6795 1 0 0 1.89269e-05 1.88738e-06 5.16637e-05
2580 47.745 0.0251295 0.000378189 3.53958e-05 4.98654e-07 0.000342294 6.69115e-09 0.00198103 0.274838 2.28168 1.4517 2.31091 2.25073 0.936903 -8.39471 11.2537 11.5545 4.68452 0 -0.000301035 0.000272387 -7.41167e-05 -37.6774 1 0 0 1.88483e-05 1.87953e-06 5.08561e-05
2585 47.8707 0.0251295 0.000372678 3.52776e-05 4.97031e-07 0.000336903 6.68398e-09 0.00198102 0.274838 2.28168 1.4517 2.31091 2.25072 0.936901 -8.39426 11.2537 11.5545 4.68451 0 -0.000300439 0.000271776 -7.35927e-05 -37.6754 1 0 0 1.87705e-05 1.87179e-06 5.0073e-05
2590 47.9963 0.0251295 0.000367322 3.51602e-05 4.95429e-07 0.000331666 6.67596e-09 0.00198102 0.274837 2.28168 1.4517 2.31092 2.25071 0.936899 -8.39382 11.2536 11.5545 4.6845 0 -0.000299837 0.00027116 -7.30712e-05 -37.6734 1 0 0 1.86934e-05 1.86416e-06 4.93134e-05
2595 48.122 0.0251295 0.000362116 3.50437e-05 4.93846e-07 0.000326578 6.66712e-09 0.00198101 0.274838 2.28168 1.4517 2.31093 2.25071 0.936897 -8.39339 11.2536 11.5546 4.68449 0 -0.000299232 0.000270541 -7.25523e-05 -37.6715 1 0 0 1.86172e-05 1.85664e-06 4.85763e-05
2600 48.2476 0.0251295 0.000357054 3.49279e-05 4.92283e-07 0.000321634 6.65748e-09 0.00198101 0.274838 2.28168 1.4517 2.31093 2.2507 0.936896 -8.39296 11.2536 11.5546 4.68448 0 -0.000298622 0.000269919 -7.20359e-05 -37.6696 1 0 0 1.85416e-05 1.84921e-06 4.78609e-05
2605 48.3732 0.0251295 0.000352131 3.4813e-05 4.90738e-07 0.000316828 6.64706e-09 0.001981 0.274838 2.28168 1.4517 2.31094 2.25069 0.936894 -8.39255 11.2535 11.5546 4.68447 0 -0.000298008 0.000269294 -7.1522e-05 -37.6677 1 0 0 1.84668e-05 1.84189e-06 4.71663e-05
2610 48.4989 0.0251295 0.000347342 3.46989e-05 4.89212e-07 0.000312154 6.63589e-09 0.001981 0.274838 2.28168 1.4517 2.31095 2.25068 0.936892 -8.39215 11.2535 11.5547 4.68446 0 -0.000297391 0.000268666 -7.10106e-05 -37.6659 1 0 0 1.83927e-05 1.83466e-06 4.64916e-05
2615 48.6245 0.0251295 0.000342682 3.45856e-05 4.87703e-07 0.000307608 6.624e-09 0.00198099 0.274838 2.28168 1.4517 2.31095 2.25068 0.93689 -8.39175 11.2534 11.5547 4.68446 0 -0.000296771 0.000268035 -7.05018e-05 -37.6641 1 0 0 1.83192e-05 1.82752e-06 4.5836e-05
2620 48.7502 0.0251295 0.000338145 3.4473e-05 4.86211e-07 0.000303186 6.61141e-09 0.00198099 0.274837 2.28168 1.4517 2.31096 2.25067 0.936888 -8.39136 11.2534 11.5547 4.68445 0 -0.000296148 0.000267403 -6.99955e-05 -37.6624 1 0 0 1.82465e-05 1.82047e-06 4.51988e-05
2625 48.8758 0.0251295 0.000333728 3.43612e-05 4.84737e-07 0.000298882 6.59813e-09 0.00198098 0.274838 2.28168 1.4517 2.31097 2.25066 0.936887 -8.39099 11.2534 11.5548 4.68444 0 -0.000295523 0.000266768 -6.94917e-05 -37.6607 1 0 0 1.81743e-05 1.81351e-06 4.45792e-05
2630 49.0015 0.0251295 0.000329426 3.42501e-05 4.83278e-07 0.000294693 6.58421e-09 0.00198098 0.274837 2.28168 1.4517 2.31097 2.25065 0.936885 -8.39062 11.2533 11.5548 4.68443 0 -0.000294895 0.000266132 -6.89905e-05 -37.659 1 0 0 1.81028e-05 1.80664e-06 4.39766e-05
2635 49.1271 0.0251295 0.000325235 3.41397e-05 4.81835e-07 0.000290613 6.56965e-09 0.00198097 0.274838 2.28168 1.4517 2.31098 2.25065 0.936883 -8.39025 11.2533 11.5549 4.68442 0 -0.000294265 0.000265494 -6.84918e-05 -37.6574 1 0 0 1.80319e-05 1.79984e-06 4.33902e-05
2640 49.2528 0.0251295 0.000321151 3.40301e-05 4.80407e-07 0.00028664 6.55447e-09 0.00198097 0.274837 2.28168 1.4517 2.31099 2.25064 0.936882 -8.3899 11.2533 11.5549 4.68441 0 -0.000293634 0.000264856 -6.79956e-05 -37.6558 1 0 0 1.79616e-05 1.79313e-06 4.28195e-05
2645 49.3784 0.0251295 0.00031717 3.39212e-05 4.78995e-07 0.00028277 6.53871e-09 0.00198097 0.274837 2.28168 1.4517 2.31099 2.25063 0.93688 -8.38955 11.2532 11.5549 4.6844 0 -0.000293001 0.000264216 -6.75019e-05 -37.6543 1 0 0 1.78919e-05 1.78649e-06 4.22638e-05
2650 49.5041 0.0251295 0.000313288 3.38129e-05 4.77596e-07 0.000278998 6.52238e-09 0.00198096 0.274838 2.28168 1.4517 2.311 2.25062 0.936878 -8.38921 11.2532 11.555 4.6844 0 -0.000292367 0.000263575 -6.70108e-05 -37.6527 1 0 0 1.78228e-05 1.77993e-06 4.17225e-05
2655 49.6297 0.0251295 0.000309503 3.37054e-05 4.76212e-07 0.000275321 6.50549e-09 0.00198096 0.274837 2.28168 1.4517 2.31101 2.25062 0.936876 -8.38888 11.2531 11.555 4.68439 0 -0.000291732 0.000262934 -6.65222e-05 -37.6512 1 0 0 1.77542e-05 1.77344e-06 4.11951e-05
2660 49.7554 0.0251295 0.00030581 3.35985e-05 4.74841e-07 0.000271737 6.48808e-09 0.00198095 0.274837 2.28168 1.4517 2.31101 2.25061 0.936875 -8.38855 11.2531 11.555 4.68438 0 -0.000291096 0.000262293 -6.60361e-05 -37.6498 1 0 0 1.76862e-05 1.76702e-06 4.06811e-05
2665 49.881 0.0251295 0.000302206 3.34923e-05 4.73484e-07 0.000268241 6.47015e-09 0.00198095 0.274838 2.28168 1.4517 2.31102 2.2506 0.936873 -8.38823 11.2531 11.5551 4.68437 0 -0.00029046 0.000261651 -6.55525e-05 -37.6483 1 0 0 1.76187e-05 1.76066e-06 4.018e-05
2670 50.0067 0.0251295 0.000298689 3.33867e-05 4.72139e-07 0.00026483 6.45173e-09 0.00198094 0.274838 2.28168 1.4517 2.31103 2.2506 0.936872 -8.38792 11.253 11.5551 4.68436 0 -0.000289823 0.00026101 -6.50715e-05 -37.6469 1 0 0 1.75517e-05 1.75438e-06 3.96912e-05
2675 50.1323 0.0251295 0.000295255 3.32818e-05 4.70807e-07 0.000261502 6.43284e-09 0.00198094 0.274838 2.28168 1.4517 2.31103 2.25059 0.93687 -8.38761 11.253 11.5551 4.68435 0 -0.000289185 0.000260368 -6.45929e-05 -37.6456 1 0 0 1.74852e-05 1.74815e-06 3.92143e-05
2680 50.258 0.0251295 0.000291901 3.31775e-05 4.69487e-07 0.000258254 6.41349e-09 0.00198093 0.274838 2.28168 1.4517 2.31104 2.25058 0.936868 -8.38731 11.253 11.5551 4.68435 0 -0.000288548 0.000259727 -6.41169e-05 -37.6442 1 0 0 1.74193e-05 1.74199e-06 3.87489e-05
2685 50.3836 0.0251295 0.000288625 3.30738e-05 4.68179e-07 0.000255083 6.3937e-09 0.00198093 0.274838 2.28168 1.4517 2.31105 2.25057 0.936867 -8.38702 11.2529 11.5552 4.68434 0 -0.000287911 0.000259086 -6.36434e-05 -37.6429 1 0 0 1.73538e-05 1.73589e-06 3.82946e-05
2690 50.5093 0.0251295 0.000285424 3.29708e-05 4.66882e-07 0.000251987 6.37348e-09 0.00198093 0.274837 2.28168 1.4517 2.31105 2.25057 0.936865 -8.38673 11.2529 11.5552 4.68433 0 -0.000287274 0.000258446 -6.31724e-05 -37.6416 1 0 0 1.72888e-05 1.72985e-06 3.78509e-05
2695 50.6349 0.0251295 0.000282296 3.28683e-05 4.65596e-07 0.000248962 6.35286e-09 0.00198092 0.274837 2.28168 1.4517 2.31106 2.25056 0.936864 -8.38645 11.2529 11.5552 4.68432 0 -0.000286637 0.000257807 -6.27038e-05 -37.6403 1 0 0 1.72242e-05 1.72386e-06 3.74174e-05
2700 50.7605 0.0251295 0.000279238 3.27665e-05 4.64322e-07 0.000246007 6.33185e-09 0.00198092 0.274838 2.28168 1.4517 2.31107 2.25055 0.936862 -8.38618 11.2528 11.5553 4.68431 0 -0.000286001 0.000257168 -6.22378e-05 -37.6391 1 0 0 1.71602e-05 1.71793e-06 3.69938e-05
2705 50.8862 0.0251295 0.000276247 3.26653e-05 4.63057e-07 0.000243119 6.31046e-09 0.00198091 0.274837 2.28168 1.4517 2.31107 2.25054 0.93686 -8.38591 11.2528 11.5553 4.68431 0 -0.000285366 0.00025653 -6.17742e-05 -37.6379 1 0 0 1.70965e-05 1.71205e-06 3.65798e-05
2710 51.0118 0.0251295 0.000273322 3.25646e-05 4.61803e-07 0.000240296 6.28871e-09 0.00198091 0.274838 2.28168 1.4517 2.31108 2.25054 0.936859 -8.38564 11.2527 11.5553 4.6843 0 -0.000284731 0.000255894 -6.13132e-05 -37.6367 1 0 0 1.70333e-05 1.70622e-06 3.61749e-05
2715 51.1375 0.0251295 0.00027046 3.24645e-05 4.60559e-07 0.000237535 6.26662e-09 0.0019809 0.274838 2.28168 1.4517 2.31109 2.25053 0.936857 -8.38538 11.2527 11.5554 4.68429 0 -0.000284097 0.000255258 -6.08546e-05 -37.6356 1 0 0 1.69706e-05 1.70044e-06 3.57789e-05
2720 51.2631 0.0251295 0.00026766 3.2365e-05 4.59325e-07 0.000234836 6.2442e-09 0.0019809 0.274838 2.28168 1.4517 2.31109 2.25052 0.936856 -8.38513 11.2527 11.5554 4.68428 0 -0.000283465 0.000254624 -6.03985e-05 -37.6344 1 0 0 1.69082e-05 1.69471e-06 3.53914e-05
2725 51.3888 0.0251295 0.000264919 3.2266e-05 4.581e-07 0.000232195 6.22146e-09 0.00198089 0.274838 2.28168 1.4517 2.3111 2.25052 0.936854 -8.38488 11.2526 11.5554 4.68428 0 -0.000282833 0.000253991 -5.99448e-05 -37.6333 1 0 0 1.68463e-05 1.68903e-06 3.50122e-05
2730 51.5144 0.0251295 0.000262235 3.21676e-05 4.56884e-07 0.000229611 6.19842e-09 0.00198089 0.274837 2.28168 1.4517 2.3111 2.25051 0.936853 -8.38464 11.2526 11.5555 4.68427 0 -0.000282202 0.00025336 -5.94937e-05 -37.6322 1 0 0 1.67848e-05 1.68339e-06 3.4641e-05
2735 51.6401 0.0251295 0.000259607 3.20697e-05 4.55677e-07 0.000227081 6.17508e-09 0.00198089 0.274838 2.28168 1.4517 2.31111 2.2505 0.936851 -8.3844 11.2526 11.5555 4.68426 0 -0.000281573 0.00025273 -5.9045e-05 -37.6311 1 0 0 1.67237e-05 1.67779e-06 3.42774e-05
2740 51.7657 0.0251295 0.000257033 3.19724e-05 4.54479e-07 0.000224606 6.15148e-09 0.00198088 0.274838 2.28168 1.4517 2.31112 2.25049 0.93685 -8.38417 11.2525 11.5555 4.68425 0 -0.000280945 0.000252101 -5.85987e-05 -37.6301 1 0 0 1.6663e-05 1.67224e-06 3.39213e-05
2745 51.8914 0.0251295 0.00025451 3.18756e-05 4.53289e-07 0.000222181 6.1276e-09 0.00198088 0.274837 2.28168 1.4517 2.31112 2.25049 0.936848 -8.38394 11.2525 11.5556 4.68425 0 -0.000280319 0.000251475 -5.81549e-05 -37.6291 1 0 0 1.66026e-05 1.66673e-06 3.35723e-05
2750 52.017 0.0251295 0.000252039 3.17794e-05 4.52108e-07 0.000219807 6.10348e-09 0.00198087 0.274838 2.28168 1.4517 2.31113 2.25048 0.936847 -8.38371 11.2525 11.5556 4.68424 0 -0.000279694 0.00025085 -5.77135e-05 -37.6281 1 0 0 1.65427e-05 1.66126e-06 3.32303e-05
2755 52.1427 0.0251295 0.000249616 3.16836e-05 4.50935e-07 0.000217481 6.07911e-09 0.00198087 0.274837 2.28168 1.4517 2.31114 2.25047 0.936845 -8.38349 11.2524 11.5556 4.68423 0 -0.000279071 0.000250227 -5.72746e-05 -37.6271 1 0 0 1.64831e-05 1.65583e-06 3.28949e-05
2760 52.2683 0.0251295 0.00024724 3.15884e-05 4.49769e-07 0.000215202 6.05452e-09 0.00198087 0.274837 2.28168 1.4517 2.31114 2.25047 0.936844 -8.38328 11.2524 11.5557 4.68422 0 -0.000278449 0.000249605 -5.68381e-05 -37.6261 1 0 0 1.64238e-05 1.65044e-06 3.25661e-05
2765 52.394 0.0251295 0.000244911 3.14937e-05 4.48611e-07 0.000212968 6.02971e-09 0.00198086 0.274838 2.28168 1.4517 2.31115 2.25046 0.936843 -8.38307 11.2524 11.5557 4.68422 0 -0.000277829 0.000248986 -5.6404e-05 -37.6252 1 0 0 1.6365e-05 1.64508e-06 3.22435e-05
2770 52.5196 0.0251295 0.000242626 3.13995e-05 4.47461e-07 0.000210779 6.0047e-09 0.00198086 0.274838 2.28168 1.4517 2.31116 2.25045 0.936841 -8.38286 11.2523 11.5557 4.68421 0 -0.000277211 0.000248369 -5.59724e-05 -37.6242 1 0 0 1.63064e-05 1.63976e-06 3.19271e-05
2775 52.6453 0.0251295 0.000240384 3.13058e-05 4.46318e-07 0.000208632 5.97949e-09 0.00198085 0.274838 2.28168 1.4517 2.31116 2.25045 0.93684 -8.38266 11.2523 11.5558 4.6842 0 -0.000276595 0.000247753 -5.55431e-05 -37.6233 1 0 0 1.62483e-05 1.63447e-06 3.16164e-05
2780 52.7709 0.0251295 0.000238184 3.12126e-05 4.45182e-07 0.000206526 5.95409e-09 0.00198085 0.274837 2.28168 1.4517 2.31117 2.25044 0.936838 -8.38246 11.2523 11.5558 4.6842 0 -0.00027598 0.00024714 -5.51163e-05 -37.6224 1 0 0 1.61904e-05 1.62922e-06 3.13115e-05
2785 52.8966 0.0251295 0.000236025 3.11199e-05 4.44052e-07 0.000204461 5.92853e-09 0.00198084 0.274837 2.28168 1.4517 2.31117 2.25043 0.936837 -8.38226 11.2522 11.5558 4.68419 0 -0.000275368 0.000246529 -5.46919e-05 -37.6215 1 0 0 1.6133e-05 1.624e-06 3.10121e-05
2790 53.0222 0.0251295 0.000233905 3.10277e-05 4.4293e-07 0.000202434 5.90279e-09 0.00198084 0.274838 2.28168 1.4517 2.31118 2.25043 0.936836 -8.38207 11.2522 11.5559 4.68418 0 -0.000274758 0.00024592 -5.42699e-05 -37.6207 1 0 0 1.60758e-05 1.61881e-06 3.0718e-05
2795 53.1478 0.0251295 0.000231824 3.09359e-05 4.41815e-07 0.000200446 5.8769e-09 0.00198084 0.274837 2.28168 1.4517 2.31119 2.25042 0.936834 -8.38188 11.2521 11.5559 4.68417 0 -0.000274149 0.000245313 -5.38502e-05 -37.6198 1 0 0 1.6019e-05 1.61365e-06 3.04291e-05
2800 53.2735 0.0251295 0.000229779 3.08447e-05 4.40705e-07 0.000198494 5.85087e-09 0.00198083 0.274838 2.28168 1.4517 2.31119 2.25041 0.936833 -8.3817 11.2521 11.5559 4.68417 0 -0.000273543 0.000244708 -5.34329e-05 -37.619 1 0 0 1.59624e-05 1.60853e-06 3.01451e-05
2805 53.3991 0.0251295 0.000227771 3.07539e-05 4.39603e-07 0.000196577 5.8247e-09 0.00198083 0.274838 2.28168 1.4517 2.3112 2.2504 0.936832 -8.38152 11.2521 11.5559 4.68416 0 -0.000272939 0.000244106 -5.3018e-05 -37.6182 1 0 0 1.59062e-05 1.60343e-06 2.98661e-05
2810 53.5248 0.0251295 0.000225798 3.06635e-05 4.38506e-07 0.000194696 5.7984e-09 0.00198082 0.274838 2.28168 1.4517 2.3112 2.2504 0.93683 -8.38134 11.252 11.556 4.68415 0 -0.000272336 0.000243506 -5.26055e-05 -37.6174 1 0 0 1.58503e-05 1.59836e-06 2.95917e-05
2815 53.6504 0.0251295 0.000223859 3.05736e-05 4.37416e-07 0.000192848 5.77199e-09 0.00198082 0.274837 2.28168 1.4517 2.31121 2.25039 0.936829 -8.38117 11.252 11.556 4.68415 0 -0.000271736 0.000242908 -5.21954e-05 -37.6166 1 0 0 1.57948e-05 1.59332e-06 2.9322e-05
2820 53.7761 0.0251295 0.000221953 3.04842e-05 4.36331e-07 0.000191032 5.74546e-09 0.00198082 0.274837 2.28168 1.4517 2.31122 2.25038 0.936828 -8.381 11.252 11.556 4.68414 0 -0.000271139 0.000242313 -5.17875e-05 -37.6159 1 0 0 1.57395e-05 1.58831e-06 2.90566e-05
2825 53.9017 0.0251295 0.000220079 3.03953e-05 4.35252e-07 0.000189248 5.71883e-09 0.00198081 0.274838 2.28168 1.4517 2.31122 2.25038 0.936826 -8.38083 11.2519 11.5561 4.68413 0 -0.000270543 0.00024172 -5.13821e-05 -37.6151 1 0 0 1.56845e-05 1.58333e-06 2.87956e-05
2830 54.0274 0.0251295 0.000218236 3.03067e-05 4.34179e-07 0.000187495 5.6921e-09 0.00198081 0.274838 2.28168 1.4517 2.31123 2.25037 0.936825 -8.38067 11.2519 11.5561 4.68413 0 -0.00026995 0.000241129 -5.0979e-05 -37.6144 1 0 0 1.56298e-05 1.57837e-06 2.85388e-05
2835 54.153 0.0251295 0.000216424 3.02187e-05 4.33112e-07 0.000185772 5.66529e-09 0.0019808 0.274837 2.28167 1.4517 2.31124 2.25036 0.936824 -8.38051 11.2519 11.5561 4.68412 0 -0.000269359 0.000240541 -5.05782e-05 -37.6137 1 0 0 1.55754e-05 1.57343e-06 2.8286e-05
2840 54.2787 0.0251295 0.000214642 3.01311e-05 4.3205e-07 0.000184079 5.6384e-09 0.0019808 0.274838 2.28167 1.4517 2.31124 2.25036 0.936823 -8.38035 11.2518 11.5562 4.68412 0 -0.00026877 0.000239955 -5.01797e-05 -37.613 1 0 0 1.55213e-05 1.56852e-06 2.80372e-05
2845 54.4043 0.0251295 0.000212888 3.00439e-05 4.30994e-07 0.000182413 5.61144e-09 0.0019808 0.274838 2.28167 1.4517 2.31125 2.25035 0.936821 -8.3802 11.2518 11.5562 4.68411 0 -0.000268183 0.000239371 -4.97835e-05 -37.6123 1 0 0 1.54675e-05 1.56364e-06 2.77922e-05
2850 54.53 0.0251295 0.000211162 2.99571e-05 4.29943e-07 0.000180775 5.58441e-09 0.00198079 0.274838 2.28167 1.4517 2.31125 2.25034 0.93682 -8.38004 11.2518 11.5562 4.6841 0 -0.000267599 0.00023879 -4.93897e-05 -37.6116 1 0 0 1.54139e-05 1.55878e-06 2.75509e-05
2855 54.6556 0.0251295 0.000209464 2.98708e-05 4.28897e-07 0.000179164 5.55732e-09 0.00198079 0.274838 2.28167 1.4517 2.31126 2.25034 0.936819 -8.37989 11.2517 11.5562 4.6841 0 -0.000267017 0.000238211 -4.89981e-05 -37.6109 1 0 0 1.53607e-05 1.55394e-06 2.73133e-05
2860 54.7813 0.0251295 0.000207792 2.97849e-05 4.27857e-07 0.000177579 5.53018e-09 0.00198078 0.274838 2.28167 1.4517 2.31127 2.25033 0.936818 -8.37975 11.2517 11.5563 4.68409 0 -0.000266438 0.000237635 -4.86088e-05 -37.6103 1 0 0 1.53077e-05 1.54913e-06 2.70792e-05
2865 54.9069 0.0251295 0.000206146 2.96994e-05 4.26821e-07 0.000176019 5.50299e-09 0.00198078 0.274838 2.28167 1.4517 2.31127 2.25032 0.936816 -8.37961 11.2517 11.5563 4.68408 0 -0.00026586 0.000237061 -4.82219e-05 -37.6096 1 0 0 1.52549e-05 1.54434e-06 2.68485e-05
2870 55.0326 0.0251295 0.000204525 2.96143e-05 4.25791e-07 0.000174485 5.47577e-09 0.00198078 0.274837 2.28167 1.4517 2.31128 2.25032 0.936815 -8.37946 11.2516 11.5563 4.68408 0 -0.000265285 0.00023649 -4.78371e-05 -37.609 1 0 0 1.52025e-05 1.53957e-06 2.66212e-05
2875 55.1582 0.0251295 0.000202928 2.95297e-05 4.24765e-07 0.000172974 5.44851e-09 0.00198077 0.274837 2.28167 1.4517 2.31128 2.25031 0.936814 -8.37933 11.2516 11.5564 4.68407 0 -0.000264713 0.000235921 -4.74547e-05 -37.6084 1 0 0 1.51503e-05 1.53482e-06 2.63971e-05
2880 55.2839 0.0251295 0.000201356 2.94454e-05 4.23745e-07 0.000171487 5.42122e-09 0.00198077 0.274837 2.28167 1.4517 2.31129 2.2503 0.936813 -8.37919 11.2516 11.5564 4.68407 0 -0.000264143 0.000235354 -4.70745e-05 -37.6078 1 0 0 1.50984e-05 1.53009e-06 2.61762e-05
2885 55.4095 0.0251295 0.000199807 2.93616e-05 4.22729e-07 0.000170022 5.39391e-09 0.00198077 0.274837 2.28167 1.4517 2.3113 2.2503 0.936812 -8.37906 11.2515 11.5564 4.68406 0 -0.000263575 0.00023479 -4.66966e-05 -37.6072 1 0 0 1.50467e-05 1.52539e-06 2.59584e-05
2890 55.5351 0.0251295 0.00019828 2.92782e-05 4.21718e-07 0.00016858 5.36658e-09 0.00198076 0.274838 2.28167 1.4517 2.3113 2.25029 0.93681 -8.37893 11.2515 11.5565 4.68405 0 -0.000263009 0.000234229 -4.63209e-05 -37.6066 1 0 0 1.49953e-05 1.5207e-06 2.57436e-05
2895 55.6608 0.0251295 0.000196776 2.91952e-05 4.20711e-07 0.00016716 5.33925e-09 0.00198076 0.274837 2.28167 1.4517 2.31131 2.25028 0.936809 -8.3788 11.2515 11.5565 4.68405 0 -0.000262446 0.00023367 -4.59474e-05 -37.606 1 0 0 1.49441e-05 1.51604e-06 2.55317e-05
2900 55.7864 0.0251295 0.000195293 2.91126e-05 4.1971e-07 0.00016576 5.3119e-09 0.00198075 0.274838 2.28167 1.4517 2.31131 2.25028 0.936808 -8.37867 11.2514 11.5565 4.68404 0 -0.000261885 0.000233113 -4.55762e-05 -37.6054 1 0 0 1.48932e-05 1.5114e-06 2.53227e-05
2905 55.9121 0.0251295 0.000193831 2.90303e-05 4.18712e-07 0.000164382 5.28456e-09 0.00198075 0.274837 2.28167 1.4517 2.31132 2.25027 0.936807 -8.37855 11.2514 11.5565 4.68404 0 -0.000261326 0.000232559 -4.52072e-05 -37.6049 1 0 0 1.48425e-05 1.50677e-06 2.51165e-05
2910 56.0377 0.0251295 0.00019239 2.89485e-05 4.1772e-07 0.000163023 5.25722e-09 0.00198075 0.274838 2.28167 1.4517 2.31132 2.25026 0.936806 -8.37843 11.2514 11.5566 4.68403 0 -0.00026077 0.000232007 -4.48404e-05 -37.6043 1 0 0 1.47921e-05 1.50217e-06 2.4913e-05
2915 56.1634 0.0251295 0.000190968 2.88671e-05 4.16731e-07 0.000161685 5.22989e-09 0.00198074 0.274837 2.28167 1.4517 2.31133 2.25026 0.936805 -8.37831 11.2513 11.5566 4.68403 0 -0.000260216 0.000231457 -4.44758e-05 -37.6038 1 0 0 1.47419e-05 1.49758e-06 2.47122e-05
2920 56.289 0.0251295 0.000189567 2.8786e-05 4.15748e-07 0.000160365 5.20257e-09 0.00198074 0.274837 2.28167 1.4517 2.31134 2.25025 0.936804 -8.37819 11.2513 11.5566 4.68402 0 -0.000259664 0.00023091 -4.41134e-05 -37.6033 1 0 0 1.46919e-05 1.49301e-06 2.4514e-05
2925 56.4147 0.0251295 0.000188184 2.87053e-05 4.14768e-07 0.000159064 5.17526e-09 0.00198074 0.274837 2.28167 1.4517 2.31134 2.25024 0.936803 -8.37807 11.2513 11.5567 4.68402 0 -0.000259115 0.000230366 -4.37531e-05 -37.6027 1 0 0 1.46422e-05 1.48847e-06 2.43183e-05
2930 56.5403 0.0251295 0.00018682 2.8625e-05 4.13793e-07 0.000157781 5.14798e-09 0.00198073 0.274838 2.28167 1.4517 2.31135 2.25024 0.936801 -8.37796 11.2512 11.5567 4.68401 0 -0.000258568 0.000229823 -4.3395e-05 -37.6022 1 0 0 1.45928e-05 1.48394e-06 2.41251e-05
2935 56.666 0.0251295 0.000185475 2.85451e-05 4.12823e-07 0.000156517 5.12073e-09 0.00198073 0.274838 2.28167 1.4517 2.31135 2.25023 0.9368 -8.37785 11.2512 11.5567 4.684 0 -0.000258023 0.000229284 -4.30391e-05 -37.6017 1 0 0 1.45435e-05 1.47943e-06 2.39343e-05
2940 56.7916 0.0251295 0.000184147 2.84656e-05 4.11856e-07 0.000155269 5.0935e-09 0.00198072 0.274837 2.28167 1.4517 2.31136 2.25023 0.936799 -8.37774 11.2512 11.5568 4.684 0 -0.000257481 0.000228746 -4.26854e-05 -37.6012 1 0 0 1.44945e-05 1.47493e-06 2.37459e-05
2945 56.9173 0.0251295 0.000182836 2.83864e-05 4.10894e-07 0.000154039 5.06631e-09 0.00198072 0.274838 2.28167 1.4517 2.31137 2.25022 0.936798 -8.37763 11.2511 11.5568 4.68399 0 -0.000256941 0.000228211 -4.23338e-05 -37.6008 1 0 0 1.44457e-05 1.47046e-06 2.35597e-05
2950 57.0429 0.0251295 0.000181543 2.83076e-05 4.09936e-07 0.000152825 5.03915e-09 0.00198072 0.274838 2.28167 1.4517 2.31137 2.25021 0.936797 -8.37752 11.2511 11.5568 4.68399 0 -0.000256403 0.000227678 -4.19843e-05 -37.6003 1 0 0 1.43972e-05 1.466e-06 2.33759e-05
2955 57.1686 0.0251295 0.000180266 2.82292e-05 4.08982e-07 0.000151627 5.01204e-09 0.00198071 0.274838 2.28167 1.4517 2.31138 2.25021 0.936796 -8.37742 11.2511 11.5568 4.68398 0 -0.000255867 0.000227148 -4.1637e-05 -37.5998 1 0 0 1.43489e-05 1.46156e-06 2.31942e-05
2960 57.2942 0.0251295 0.000179005 2.81511e-05 4.08033e-07 0.000150446 4.98497e-09 0.00198071 0.274838 2.28167 1.4517 2.31138 2.2502 0.936795 -8.37732 11.251 11.5569 4.68398 0 -0.000255334 0.00022662 -4.12917e-05 -37.5994 1 0 0 1.43007e-05 1.45714e-06 2.30147e-05
2965 57.4199 0.0251295 0.00017776 2.80734e-05 4.07087e-07 0.000149279 4.95795e-09 0.00198071 0.274837 2.28167 1.4517 2.31139 2.25019 0.936794 -8.37722 11.251 11.5569 4.68397 0 -0.000254803 0.000226094 -4.09486e-05 -37.5989 1 0 0 1.42529e-05 1.45274e-06 2.28374e-05
2970 57.5455 0.0251295 0.000176531 2.79961e-05 4.06146e-07 0.000148128 4.93098e-09 0.0019807 0.274837 2.28167 1.4517 2.31139 2.25019 0.936793 -8.37712 11.251 11.5569 4.68397 0 -0.000254274 0.000225571 -4.06076e-05 -37.5985 1 0 0 1.42052e-05 1.44835e-06 2.26621e-05
2975 57.6712 0.0251295 0.000175317 2.79191e-05 4.05209e-07 0.000146992 4.90406e-09 0.0019807 0.274838 2.28167 1.4517 2.3114 2.25018 0.936792 -8.37702 11.251 11.557 4.68396 0 -0.000253747 0.00022505 -4.02686e-05 -37.598 1 0 0 1.41578e-05 1.44398e-06 2.24888e-05
2980 57.7968 0.0251295 0.000174117 2.78425e-05 4.04276e-07 0.00014587 4.8772e-09 0.0019807 0.274837 2.28167 1.4517 2.3114 2.25017 0.936791 -8.37693 11.2509 11.557 4.68396 0 -0.000253223 0.000224531 -3.99318e-05 -37.5976 1 0 0 1.41105e-05 1.43963e-06 2.23175e-05
2985 57.9224 0.0251295 0.000172932 2.77662e-05 4.03347e-07 0.000144763 4.8504e-09 0.00198069 0.274837 2.28167 1.4517 2.31141 2.25017 0.93679 -8.37683 11.2509 11.557 4.68395 0 -0.0002527 0.000224014 -3.9597e-05 -37.5972 1 0 0 1.40635e-05 1.43529e-06 2.21482e-05
2990 58.0481 0.0251295 0.000171762 2.76903e-05 4.02422e-07 0.000143669 4.82366e-09 0.00198069 0.274837 2.28167 1.4517 2.31142 2.25016 0.936789 -8.37674 11.2509 11.557 4.68395 0 -0.00025218 0.0002235 -3.92642e-05 -37.5968 1 0 0 1.40167e-05 1.43097e-06 2.19808e-05
2995 58.1737 0.0251295 0.000170605 2.76147e-05 4.01501e-07 0.000142589 4.79698e-09 0.00198068 0.274837 2.28167 1.4517 2.31142 2.25016 0.936788 -8.37665 11.2508 11.5571 4.68394 0 -0.000251662 0.000222988 -3.89336e-05 -37.5963 1 0 0 1.39702e-05 1.42667e-06 2.18153e-05
3000 58.2994 0.0251295 0.000169462 2.75395e-05 4.00584e-07 0.000141522 4.77038e-09 0.00198068 0.274838 2.28167 1.4517 2.31143 2.25015 0.936787 -8.37656 11.2508 11.5571 4.68394 0 -0.000251146 0.000222478 -3.86049e-05 -37.5959 1 0 0 1.39238e-05 1.42238e-06 2.16515e-05
3005 58.425 0.0251295 0.000168333 2.74646e-05 3.99672e-07 0.000140469 4.74384e-09 0.00198068 0.274838 2.28167 1.4517 2.31143 2.25014 0.936786 -8.37647 11.2508 11.5571 4.68393 0 -0.000250632 0.00022197 -3.82783e-05 -37.5955 1 0 0 1.38776e-05 1.41812e-06 2.14896e-05
3010 58.5507 0.0251295 0.000167216 2.73901e-05 3.98763e-07 0.000139427 4.71738e-09 0.00198067 0.274838 2.28167 1.4517 2.31144 2.25014 0.936785 -8.37638 11.2507 11.5571 4.68393 0 -0.000250121 0.000221464 -3.79537e-05 -37.5952 1 0 0 1.38317e-05 1.41386e-06 2.13295e-05
3015 58.6763 0.0251295 0.000166113 2.73159e-05 3.97858e-07 0.000138399 4.69099e-09 0.00198067 0.274838 2.28167 1.4517 2.31144 2.25013 0.936784 -8.3763 11.2507 11.5572 4.68392 0 -0.000249611 0.000220961 -3.76311e-05 -37.5948 1 0 0 1.37859e-05 1.40963e-06 2.11711e-05
3020 58.802 0.0251295 0.000165022 2.7242e-05 3.96957e-07 0.000137383 4.66468e-09 0.00198067 0.274837 2.28167 1.4517 2.31145 2.25012 0.936783 -8.37621 11.2507 11.5572 4.68392 0 -0.000249103 0.00022046 -3.73106e-05 -37.5944 1 0 0 1.37404e-05 1.40541e-06 2.10143e-05
3025 58.9276 0.0251295 0.000163943 2.71685e-05 3.9606e-07 0.000136378 4.63845e-09 0.00198066 0.274837 2.28167 1.4517 2.31146 2.25012 0.936782 -8.37613 11.2506 11.5572 4.68391 0 -0.000248598 0.00021996 -3.6992e-05 -37.594 1 0 0 1.3695e-05 1.40121e-06 2.08593e-05
3030 59.0533 0.0251295 0.000162876 2.70953e-05 3.95168e-07 0.000135386 4.6123e-09 0.00198066 0.274837 2.28167 1.4517 2.31146 2.25011 0.936781 -8.37605 11.2506 11.5573 4.68391 0 -0.000248094 0.000219463 -3.66754e-05 -37.5937 1 0 0 1.36499e-05 1.39702e-06 2.07059e-05
3035 59.1789 0.0251295 0.000161821 2.70224e-05 3.94279e-07 0.000134404 4.58624e-09 0.00198066 0.274837 2.28167 1.4517 2.31147 2.25011 0.93678 -8.37597 11.2506 11.5573 4.6839 0 -0.000247593 0.000218969 -3.63607e-05 -37.5933 1 0 0 1.36049e-05 1.39285e-06 2.05541e-05
3040 59.3046 0.0251295 0.000160778 2.69499e-05 3.93394e-07 0.000133435 4.56026e-09 0.00198065 0.274837 2.28167 1.4517 2.31147 2.2501 0.93678 -8.37589 11.2505 11.5573 4.6839 0 -0.000247094 0.000218476 -3.60481e-05 -37.5929 1 0 0 1.35602e-05 1.3887e-06 2.04038e-05
3045 59.4302 0.0251295 0.000159746 2.68777e-05 3.92513e-07 0.000132476 4.53437e-09 0.00198065 0.274837 2.28167 1.4517 2.31148 2.25009 0.936779 -8.37581 11.2505 11.5573 4.68389 0 -0.000246596 0.000217985 -3.57373e-05 -37.5926 1 0 0 1.35157e-05 1.38456e-06 2.02551e-05
3050 59.5559 0.0251295 0.000158725 2.68058e-05 3.91636e-07 0.000131528 4.50856e-09 0.00198065 0.274838 2.28167 1.4517 2.31148 2.25009 0.936778 -8.37574 11.2505 11.5574 4.68389 0 -0.000246101 0.000217496 -3.54286e-05 -37.5923 1 0 0 1.34713e-05 1.38044e-06 2.0108e-05
3055 59.6815 0.0251295 0.000157715 2.67342e-05 3.90763e-07 0.00013059 4.48285e-09 0.00198064 0.274838 2.28167 1.4517 2.31149 2.25008 0.936777 -8.37566 11.2505 11.5574 4.68389 0 -0.000245607 0.000217009 -3.51217e-05 -37.5919 1 0 0 1.34272e-05 1.37634e-06 1.99623e-05
3060 59.8072 0.0251295 0.000156716 2.6663e-05 3.89894e-07 0.000129664 4.45723e-09 0.00198064 0.274837 2.28167 1.4517 2.31149 2.25007 0.936776 -8.37559 11.2504 11.5574 4.68388 0 -0.000245115 0.000216525 -3.48168e-05 -37.5916 1 0 0 1.33832e-05 1.37226e-06 1.98181e-05
3065 59.9328 0.0251295 0.000155728 2.6592e-05 3.89029e-07 0.000128747 4.4317e-09 0.00198064 0.274838 2.28167 1.4517 2.3115 2.25007 0.936775 -8.37551 11.2504 11.5575 4.68388 0 -0.000244626 0.000216042 -3.45138e-05 -37.5913 1 0 0 1.33394e-05 1.36818e-06 1.96754e-05
3070 60.0585 0.0251295 0.00015475 2.65214e-05 3.88168e-07 0.00012784 4.40627e-09 0.00198063 0.274837 2.28167 1.4517 2.3115 2.25006 0.936774 -8.37544 11.2504 11.5575 4.68387 0 -0.000244138 0.000215561 -3.42127e-05 -37.5909 1 0 0 1.32959e-05 1.36413e-06 1.9534e-05
3075 60.1841 0.0251295 0.000153782 2.64511e-05 3.87311e-07 0.000126943 4.38094e-09 0.00198063 0.274838 2.28167 1.4517 2.31151 2.25006 0.936773 -8.37537 11.2503 11.5575 4.68387 0 -0.000243652 0.000215082 -3.39134e-05 -37.5906 1 0 0 1.32525e-05 1.36009e-06 1.93941e-05
3080 60.3097 0.0251295 0.000152824 2.63812e-05 3.86458e-07 0.000126056 4.3557e-09 0.00198063 0.274837 2.28167 1.4517 2.31152 2.25005 0.936773 -8.3753 11.2503 11.5575 4.68386 0 -0.000243168 0.000214605 -3.36161e-05 -37.5903 1 0 0 1.32093e-05 1.35607e-06 1.92556e-05
3085 60.4354 0.0251295 0.000151876 2.63115e-05 3.85609e-07 0.000125179 4.33056e-09 0.00198062 0.274837 2.28167 1.4517 2.31152 2.25004 0.936772 -8.37523 11.2503 11.5576 4.68386 0 -0.000242686 0.00021413 -3.33206e-05 -37.59 1 0 0 1.31663e-05 1.35207e-06 1.91184e-05
3090 60.561 0.0251295 0.000150937 2.62421e-05 3.84764e-07 0.00012431 4.30553e-09 0.00198062 0.274837 2.28167 1.4517 2.31153 2.25004 0.936771 -8.37516 11.2502 11.5576 4.68386 0 -0.000242205 0.000213657 -3.3027e-05 -37.5897 1 0 0 1.31235e-05 1.34808e-06 1.89825e-05
3095 60.6867 0.0251295 0.000150008 2.61731e-05 3.83923e-07 0.000123451 4.28059e-09 0.00198062 0.274838 2.28167 1.4517 2.31153 2.25003 0.93677 -8.3751 11.2502 11.5576 4.68385 0 -0.000241727 0.000213186 -3.27353e-05 -37.5894 1 0 0 1.30809e-05 1.34411e-06 1.8848e-05
3100 60.8123 0.0251295 0.000149088 2.61043e-05 3.83086e-07 0.000122601 4.25576e-09 0.00198061 0.274837 2.28167 1.4517 2.31154 2.25003 0.936769 -8.37503 11.2502 11.5576 4.68385 0 -0.00024125 0.000212717 -3.24454e-05 -37.5891 1 0 0 1.30385e-05 1.34015e-06 1.87147e-05
3105 60.938 0.0251295 0.000148178 2.60359e-05 3.82253e-07 0.000121759 4.23103e-09 0.00198061 0.274838 2.28167 1.4517 2.31154 2.25002 0.936768 -8.37497 11.2501 11.5577 4.68384 0 -0.000240775 0.000212249 -3.21573e-05 -37.5888 1 0 0 1.29962e-05 1.33622e-06 1.85827e-05
3110 61.0636 0.0251295 0.000147276 2.59677e-05 3.81424e-07 0.000120927 4.20641e-09 0.00198061 0.274837 2.28167 1.4517 2.31155 2.25001 0.936768 -8.3749 11.2501 11.5577 4.68384 0 -0.000240302 0.000211783 -3.1871e-05 -37.5885 1 0 0 1.29541e-05 1.33229e-06 1.8452e-05
3115 61.1893 0.0251295 0.000146383 2.58999e-05 3.80599e-07 0.000120103 4.18189e-09 0.0019806 0.274838 2.28167 1.4517 2.31155 2.25001 0.936767 -8.37484 11.2501 11.5577 4.68384 0 -0.00023983 0.000211319 -3.15866e-05 -37.5882 1 0 0 1.29122e-05 1.32839e-06 1.83225e-05
3120 61.3149 0.0251295 0.000145499 2.58323e-05 3.79778e-07 0.000119287 4.15748e-09 0.0019806 0.274837 2.28167 1.4517 2.31156 2.25 0.936766 -8.37478 11.2501 11.5577 4.68383 0 -0.000239361 0.000210857 -3.13039e-05 -37.5879 1 0 0 1.28705e-05 1.3245e-06 1.81942e-05
3125 61.4406 0.0251295 0.000144623 2.57651e-05 3.78961e-07 0.000118479 4.13318e-09 0.0019806 0.274837 2.28167 1.4517 2.31156 2.25 0.936765 -8.37472 11.25 11.5578 4.68383 0 -0.000238892 0.000210397 -3.10231e-05 -37.5877 1 0 0 1.2829e-05 1.32063e-06 1.80671e-05
3130 61.5662 0.0251295 0.000143756 2.56981e-05 3.78148e-07 0.00011768 4.10899e-09 0.00198059 0.274837 2.28167 1.4517 2.31157 2.24999 0.936765 -8.37465 11.25 11.5578 4.68382 0 -0.000238426 0.000209938 -3.0744e-05 -37.5874 1 0 0 1.27877e-05 1.31677e-06 1.79412e-05
3135 61.6919 0.0251295 0.000142897 2.56315e-05 3.77339e-07 0.000116888 4.0849e-09 0.00198059 0.274838 2.28167 1.4517 2.31157 2.24998 0.936764 -8.37459 11.25 11.5578 4.68382 0 -0.000237961 0.000209482 -3.04667e-05 -37.5871 1 0 0 1.27465e-05 1.31294e-06 1.78164e-05
3140 61.8175 0.0251295 0.000142046 2.55651e-05 3.76534e-07 0.000116105 4.06093e-09 0.00198059 0.274837 2.28167 1.4517 2.31158 2.24998 0.936763 -8.37454 11.2499 11.5579 4.68382 0 -0.000237498 0.000209026 -3.01911e-05 -37.5869 1 0 0 1.27055e-05 1.30911e-06 1.76928e-05
3145 61.9432 0.0251295 0.000141203 2.5499e-05 3.75733e-07 0.000115329 4.03706e-09 0.00198059 0.274838 2.28167 1.4517 2.31158 2.24997 0.936762 -8.37448 11.2499 11.5579 4.68381 0 -0.000237037 0.000208573 -2.99173e-05 -37.5866 1 0 0 1.26647e-05 1.30531e-06 1.75703e-05
3150 62.0688 0.0251295 0.000140368 2.54332e-05 3.74936e-07 0.00011456 4.01331e-09 0.00198058 0.274838 2.28167 1.4517 2.31159 2.24997 0.936761 -8.37442 11.2499 11.5579 4.68381 0 -0.000236577 0.000208121 -2.96453e-05 -37.5863 1 0 0 1.26241e-05 1.30152e-06 1.74489e-05
3155 62.1945 0.0251295 0.000139541 2.53677e-05 3.74144e-07 0.000113799 3.98967e-09 0.00198058 0.274837 2.28167 1.4517 2.3116 2.24996 0.936761 -8.37436 11.2498 11.5579 4.6838 0 -0.000236119 0.000207671 -2.9375e-05 -37.5861 1 0 0 1.25837e-05 1.29775e-06 1.73286e-05
3160 62.3201 0.0251295 0.000138721 2.53025e-05 3.73355e-07 0.000113045 3.96614e-09 0.00198058 0.274837 2.28167 1.4517 2.3116 2.24995 0.93676 -8.37431 11.2498 11.558 4.6838 0 -0.000235662 0.000207223 -2.91064e-05 -37.5858 1 0 0 1.25434e-05 1.294e-06 1.72094e-05
3165 62.4458 0.0251295 0.000137909 2.52376e-05 3.72571e-07 0.000112299 3.94272e-09 0.00198057 0.274837 2.28167 1.4517 2.31161 2.24995 0.936759 -8.37425 11.2498 11.558 4.6838 0 -0.000235208 0.000206776 -2.88395e-05 -37.5856 1 0 0 1.25033e-05 1.29026e-06 1.70913e-05
3170 62.5714 0.0251295 0.000137104 2.51729e-05 3.7179e-07 0.00011156 3.91942e-09 0.00198057 0.274837 2.28167 1.4517 2.31161 2.24994 0.936759 -8.3742 11.2498 11.558 4.68379 0 -0.000234754 0.00020633 -2.85743e-05 -37.5853 1 0 0 1.24634e-05 1.28654e-06 1.69742e-05
3175 62.697 0.0251295 0.000136307 2.51086e-05 3.71014e-07 0.000110827 3.89623e-09 0.00198057 0.274837 2.28167 1.4517 2.31162 2.24994 0.936758 -8.37414 11.2497 11.558 4.68379 0 -0.000234302 0.000205887 -2.83108e-05 -37.5851 1 0 0 1.24236e-05 1.28283e-06 1.68582e-05
3180 62.8227 0.0251295 0.000135516 2.50445e-05 3.70242e-07 0.000110102 3.87315e-09 0.00198056 0.274838 2.28167 1.4517 2.31162 2.24993 0.936757 -8.37409 11.2497 11.5581 4.68379 0 -0.000233852 0.000205445 -2.80489e-05 -37.5849 1 0 0 1.2384e-05 1.27915e-06 1.67432e-05
3185 62.9483 0.0251295 0.000134733 2.49807e-05 3.69473e-07 0.000109383 3.85019e-09 0.00198056 0.274838 2.28167 1.4517 2.31163 2.24992 0.936756 -8.37404 11.2497 11.5581 4.68378 0 -0.000233403 0.000205004 -2.77888e-05 -37.5846 1 0 0 1.23446e-05 1.27548e-06 1.66292e-05
3190 63.074 0.0251295 0.000133957 2.49171e-05 3.68709e-07 0.000108671 3.82734e-09 0.00198056 0.274838 2.28167 1.4517 2.31163 2.24992 0.936756 -8.37398 11.2496 11.5581 4.68378 0 -0.000232956 0.000204565 -2.75303e-05 -37.5844 1 0 0 1.23054e-05 1.27183e-06 1.65162e-05
3195 63.1996 0.0251295 0.000133187 2.48539e-05 3.6795e-07 0.000107965 3.80461e-09 0.00198055 0.274838 2.28167 1.4517 2.31164 2.24991 0.936755 -8.37393 11.2496 11.5581 4.68378 0 -0.00023251 0.000204128 -2.72734e-05 -37.5842 1 0 0 1.22663e-05 1.26819e-06 1.64041e-05
3200 63.3253 0.0251295 0.000132424 2.47909e-05 3.67194e-07 0.000107266 3.782e-09 0.00198055 0.274838 2.28167 1.4517 2.31164 2.24991 0.936754 -8.37388 11.2496 11.5582 4.68377 0 -0.000232065 0.000203692 -2.70182e-05 -37.5839 1 0 0 1.22274e-05 1.26457e-06 1.62931e-05
3205 63.4509 0.0251295 0.000131668 2.47282e-05 3.66442e-07 0.000106573 3.7595e-09 0.00198055 0.274837 2.28167 1.4517 2.31165 2.2499 0.936754 -8.37383 11.2496 11.5582 4.68377 0 -0.000231623 0.000203258 -2.67646e-05 -37.5837 1 0 0 1.21887e-05 1.26097e-06 1.6183e-05
3210 63.5766 0.0251295 0.000130918 2.46657e-05 3.65695e-07 0.000105887 3.73711e-09 0.00198055 0.274838 2.28167 1.4517 2.31165 2.2499 0.936753 -8.37378 11.2495 11.5582 4.68377 0 -0.000231181 0.000202825 -2.65127e-05 -37.5835 1 0 0 1.21501e-05 1.25739e-06 1.60738e-05
3215 63.7022 0.0251295 0.000130175 2.46035e-05 3.64952e-07 0.000105207 3.71484e-09 0.00198054 0.274838 2.28167 1.4517 2.31166 2.24989 0.936752 -8.37373 11.2495 11.5582 4.68376 0 -0.000230741 0.000202393 -2.62623e-05 -37.5833 1 0 0 1.21117e-05 1.25382e-06 1.59656e-05
3220 63.8279 0.0251295 0.000129438 2.45416e-05 3.64213e-07 0.000104533 3.69269e-09 0.00198054 0.274837 2.28167 1.4517 2.31166 2.24988 0.936752 -8.37369 11.2495 11.5583 4.68376 0 -0.000230302 0.000201963 -2.60136e-05 -37.583 1 0 0 1.20735e-05 1.25028e-06 1.58583e-05
3225 63.9535 0.0251295 0.000128708 2.448e-05 3.63478e-07 0.000103864 3.67065e-09 0.00198054 0.274837 2.28167 1.4517 2.31167 2.24988 0.936751 -8.37364 11.2494 11.5583 4.68376 0 -0.000229865 0.000201535 -2.57664e-05 -37.5828 1 0 0 1.20354e-05 1.24674e-06 1.5752e-05
3230 64.0792 0.0251295 0.000127983 2.44186e-05 3.62747e-07 0.000103202 3.64873e-09 0.00198053 0.274837 2.28167 1.4517 2.31167 2.24987 0.93675 -8.37359 11.2494 11.5583 4.68375 0 -0.000229429 0.000201108 -2.55208e-05 -37.5826 1 0 0 1.19975e-05 1.24323e-06 1.56465e-05
3235 64.2048 0.0251295 0.000127265 2.43575e-05 3.6202e-07 0.000102546 3.62693e-09 0.00198053 0.274837 2.28167 1.4517 2.31168 2.24987 0.93675 -8.37354 11.2494 11.5583 4.68375 0 -0.000228995 0.000200682 -2.52768e-05 -37.5824 1 0 0 1.19598e-05 1.23973e-06 1.55419e-05
3240 64.3305 0.0251295 0.000126553 2.42966e-05 3.61298e-07 0.000101895 3.60524e-09 0.00198053 0.274838 2.28167 1.4517 2.31168 2.24986 0.936749 -8.3735 11.2493 11.5584 4.68375 0 -0.000228562 0.000200257 -2.50344e-05 -37.5822 1 0 0 1.19222e-05 1.23625e-06 1.54382e-05
3245 64.4561 0.0251295 0.000125847 2.4236e-05 3.6058e-07 0.00010125 3.58367e-09 0.00198053 0.274838 2.28167 1.4517 2.31169 2.24985 0.936749 -8.37345 11.2493 11.5584 4.68374 0 -0.00022813 0.000199834 -2.47935e-05 -37.582 1 0 0 1.18848e-05 1.23279e-06 1.53354e-05
3250 64.5818 0.0251295 0.000125146 2.41757e-05 3.59866e-07 0.00010061 3.56222e-09 0.00198052 0.274837 2.28167 1.4517 2.31169 2.24985 0.936748 -8.37341 11.2493 11.5584 4.68374 0 -0.000227699 0.000199413 -2.45541e-05 -37.5818 1 0 0 1.18476e-05 1.22935e-06 1.52334e-05
3255 64.7074 0.0251295 0.000124451 2.41156e-05 3.59157e-07 9.99765e-05 3.54088e-09 0.00198052 0.274837 2.28167 1.4517 2.3117 2.24984 0.936747 -8.37336 11.2493 11.5584 4.68374 0 -0.00022727 0.000198993 -2.43163e-05 -37.5816 1 0 0 1.18105e-05 1.22592e-06 1.51322e-05
3260 64.8331 0.0251295 0.000123762 2.40558e-05 3.58451e-07 9.9348e-05 3.51966e-09 0.00198052 0.274837 2.28167 1.4517 2.3117 2.24984 0.936747 -8.37332 11.2492 11.5585 4.68373 0 -0.000226842 0.000198574 -2.408e-05 -37.5814 1 0 0 1.17736e-05 1.22251e-06 1.5032e-05
3265 64.9587 0.0251295 0.000123079 2.39962e-05 3.5775e-07 9.87248e-05 3.49855e-09 0.00198051 0.274838 2.28167 1.4517 2.31171 2.24983 0.936746 -8.37327 11.2492 11.5585 4.68373 0 -0.000226416 0.000198156 -2.38452e-05 -37.5812 1 0 0 1.17368e-05 1.21912e-06 1.49325e-05
3270 65.0843 0.0251295 0.000122401 2.39369e-05 3.57053e-07 9.8107e-05 3.47756e-09 0.00198051 0.274837 2.28167 1.4517 2.31171 2.24983 0.936745 -8.37323 11.2492 11.5585 4.68373 0 -0.000225991 0.00019774 -2.36119e-05 -37.581 1 0 0 1.17002e-05 1.21575e-06 1.48338e-05
3275 65.21 0.0251295 0.000121728 2.38778e-05 3.56361e-07 9.74943e-05 3.45669e-09 0.00198051 0.274837 2.28167 1.4517 2.31172 2.24982 0.936745 -8.37319 11.2491 11.5585 4.68373 0 -0.000225567 0.000197325 -2.33801e-05 -37.5808 1 0 0 1.16638e-05 1.21239e-06 1.4736e-05
3280 65.3356 0.0251295 0.000121061 2.3819e-05 3.55672e-07 9.68868e-05 3.43593e-09 0.00198051 0.274837 2.28167 1.4517 2.31172 2.24982 0.936744 -8.37315 11.2491 11.5586 4.68372 0 -0.000225144 0.000196911 -2.31498e-05 -37.5806 1 0 0 1.16275e-05 1.20905e-06 1.4639e-05
3285 65.4613 0.0251295 0.0001204 2.37604e-05 3.54988e-07 9.62843e-05 3.41529e-09 0.0019805 0.274838 2.28167 1.4517 2.31173 2.24981 0.936744 -8.3731 11.2491 11.5586 4.68372 0 -0.000224722 0.000196499 -2.29209e-05 -37.5804 1 0 0 1.15914e-05 1.20573e-06 1.45427e-05
3290 65.5869 0.0251295 0.000119743 2.37021e-05 3.54308e-07 9.56869e-05 3.39477e-09 0.0019805 0.274838 2.28167 1.4517 2.31173 2.2498 0.936743 -8.37306 11.2491 11.5586 4.68372 0 -0.000224302 0.000196087 -2.26935e-05 -37.5803 1 0 0 1.15554e-05 1.20243e-06 1.44472e-05
3295 65.7126 0.0251295 0.000119092 2.36441e-05 3.53633e-07 9.50944e-05 3.37436e-09 0.0019805 0.274838 2.28167 1.4517 2.31174 2.2498 0.936743 -8.37302 11.249 11.5586 4.68371 0 -0.000223883 0.000195677 -2.24676e-05 -37.5801 1 0 0 1.15196e-05 1.19914e-06 1.43526e-05
3300 65.8382 0.0251295 0.000118446 2.35862e-05 3.52962e-07 9.45067e-05 3.35406e-09 0.00198049 0.274837 2.28167 1.4517 2.31174 2.24979 0.936742 -8.37298 11.249 11.5587 4.68371 0 -0.000223465 0.000195269 -2.22431e-05 -37.5799 1 0 0 1.14839e-05 1.19588e-06 1.42586e-05
3305 65.9639 0.0251295 0.000117805 2.35286e-05 3.52295e-07 9.39239e-05 3.33388e-09 0.00198049 0.274838 2.28167 1.4517 2.31175 2.24979 0.936741 -8.37294 11.249 11.5587 4.68371 0 -0.000223048 0.000194861 -2.20201e-05 -37.5797 1 0 0 1.14484e-05 1.19263e-06 1.41655e-05
3310 66.0895 0.0251295 0.000117169 2.34713e-05 3.51632e-07 9.33459e-05 3.31382e-09 0.00198049 0.274837 2.28167 1.4517 2.31175 2.24978 0.936741 -8.3729 11.249 11.5587 4.68371 0 -0.000222633 0.000194455 -2.17984e-05 -37.5795 1 0 0 1.14131e-05 1.1894e-06 1.4073e-05
3315 66.2152 0.0251295 0.000116538 2.34142e-05 3.50974e-07 9.27725e-05 3.29387e-09 0.00198049 0.274837 2.28167 1.4517 2.31176 2.24978 0.93674 -8.37286 11.2489 11.5587 4.6837 0 -0.000222219 0.00019405 -2.15782e-05 -37.5794 1 0 0 1.13779e-05 1.18618e-06 1.39814e-05
3320 66.3408 0.0251295 0.000115911 2.33574e-05 3.5032e-07 9.22038e-05 3.27403e-09 0.00198048 0.274837 2.28167 1.4517 2.31176 2.24977 0.93674 -8.37282 11.2489 11.5588 4.6837 0 -0.000221805 0.000193646 -2.13594e-05 -37.5792 1 0 0 1.13428e-05 1.18299e-06 1.38904e-05
3325 66.4665 0.0251295 0.00011529 2.33007e-05 3.4967e-07 9.16396e-05 3.25431e-09 0.00198048 0.274837 2.28167 1.4517 2.31177 2.24976 0.936739 -8.37278 11.2489 11.5588 4.6837 0 -0.000221393 0.000193243 -2.1142e-05 -37.579 1 0 0 1.13079e-05 1.17981e-06 1.38002e-05
3330 66.5921 0.0251295 0.000114673 2.32444e-05 3.49025e-07 9.108e-05 3.2347e-09 0.00198048 0.274837 2.28167 1.4517 2.31177 2.24976 0.936739 -8.37275 11.2488 11.5588 4.68369 0 -0.000220983 0.000192841 -2.0926e-05 -37.5788 1 0 0 1.12732e-05 1.17665e-06 1.37107e-05
3335 66.7178 0.0251295 0.000114061 2.31882e-05 3.48384e-07 9.05248e-05 3.21521e-09 0.00198047 0.274838 2.28167 1.4517 2.31178 2.24975 0.936738 -8.37271 11.2488 11.5588 4.68369 0 -0.000220573 0.000192441 -2.07114e-05 -37.5787 1 0 0 1.12386e-05 1.1735e-06 1.36219e-05
3340 66.8434 0.0251295 0.000113454 2.31323e-05 3.47747e-07 8.99741e-05 3.19583e-09 0.00198047 0.274838 2.28167 1.4517 2.31178 2.24975 0.936738 -8.37267 11.2488 11.5589 4.68369 0 -0.000220164 0.000192042 -2.04981e-05 -37.5785 1 0 0 1.12042e-05 1.17038e-06 1.35338e-05
3345 66.9691 0.0251295 0.000112851 2.30767e-05 3.47115e-07 8.94277e-05 3.17656e-09 0.00198047 0.274838 2.28167 1.4517 2.31179 2.24974 0.936737 -8.37263 11.2488 11.5589 4.68369 0 -0.000219757 0.000191643 -2.02862e-05 -37.5783 1 0 0 1.11699e-05 1.16727e-06 1.34463e-05
3350 67.0947 0.0251295 0.000112253 2.30212e-05 3.46487e-07 8.88856e-05 3.15741e-09 0.00198047 0.274837 2.28167 1.4517 2.31179 2.24974 0.936737 -8.3726 11.2487 11.5589 4.68368 0 -0.00021935 0.000191246 -2.00756e-05 -37.5782 1 0 0 1.11358e-05 1.16418e-06 1.33596e-05
3355 67.2204 0.0251295 0.00011166 2.2966e-05 3.45863e-07 8.83477e-05 3.13837e-09 0.00198046 0.274838 2.28167 1.4517 2.3118 2.24973 0.936736 -8.37256 11.2487 11.5589 4.68368 0 -0.000218945 0.00019085 -1.98664e-05 -37.578 1 0 0 1.11018e-05 1.16111e-06 1.32736e-05
3360 67.346 0.0251295 0.00011107 2.29111e-05 3.45244e-07 8.78141e-05 3.11944e-09 0.00198046 0.274837 2.28167 1.4517 2.3118 2.24973 0.936736 -8.37252 11.2487 11.559 4.68368 0 -0.000218541 0.000190455 -1.96585e-05 -37.5778 1 0 0 1.10679e-05 1.15806e-06 1.31882e-05
3365 67.4716 0.0251295 0.000110486 2.28563e-05 3.44629e-07 8.72846e-05 3.10062e-09 0.00198046 0.274837 2.28167 1.4517 2.31181 2.24972 0.936735 -8.37249 11.2486 11.559 4.68368 0 -0.000218138 0.000190061 -1.94519e-05 -37.5777 1 0 0 1.10342e-05 1.15503e-06 1.31035e-05
3370 67.5973 0.0251295 0.000109905 2.28018e-05 3.44019e-07 8.67592e-05 3.08191e-09 0.00198046 0.274837 2.28167 1.4517 2.31181 2.24972 0.936735 -8.37245 11.2486 11.559 4.68367 0 -0.000217736 0.000189669 -1.92467e-05 -37.5775 1 0 0 1.10007e-05 1.15201e-06 1.30195e-05
3375 67.7229 0.0251295 0.000109329 2.27475e-05 3.43413e-07 8.62378e-05 3.06332e-09 0.00198045 0.274837 2.28167 1.4517 2.31181 2.24971 0.936734 -8.37242 11.2486 11.559 4.68367 0 -0.000217334 0.000189277 -1.90427e-05 -37.5774 1 0 0 1.09673e-05 1.14901e-06 1.29361e-05
3380 67.8486 0.0251295 0.000108757 2.26935e-05 3.42811e-07 8.57205e-05 3.04483e-09 0.00198045 0.274837 2.28167 1.4517 2.31182 2.2497 0.936734 -8.37238 11.2486 11.5591 4.68367 0 -0.000216934 0.000188886 -1.88401e-05 -37.5772 1 0 0 1.09341e-05 1.14603e-06 1.28533e-05
3385 67.9742 0.0251295 0.000108189 2.26396e-05 3.42214e-07 8.52071e-05 3.02646e-09 0.00198045 0.274837 2.28167 1.4517 2.31182 2.2497 0.936733 -8.37235 11.2485 11.5591 4.68367 0 -0.000216536 0.000188497 -1.86387e-05 -37.577 1 0 0 1.0901e-05 1.14307e-06 1.27712e-05
3390 68.0999 0.0251295 0.000107625 2.2586e-05 3.41621e-07 8.46977e-05 3.00819e-09 0.00198045 0.274838 2.28167 1.4517 2.31183 2.24969 0.936733 -8.37231 11.2485 11.5591 4.68366 0 -0.000216138 0.000188108 -1.84386e-05 -37.5769 1 0 0 1.0868e-05 1.14012e-06 1.26897e-05
3395 68.2255 0.0251295 0.000107066 2.25326e-05 3.41032e-07 8.41921e-05 2.99003e-09 0.00198044 0.274837 2.28167 1.4517 2.31183 2.24969 0.936732 -8.37228 11.2485 11.5591 4.68366 0 -0.000215741 0.00018772 -1.82398e-05 -37.5767 1 0 0 1.08352e-05 1.13719e-06 1.26089e-05
3400 68.3512 0.0251295 0.00010651 2.24795e-05 3.40448e-07 8.36903e-05 2.97199e-09 0.00198044 0.274838 2.28167 1.4517 2.31184 2.24968 0.936732 -8.37225 11.2485 11.5592 4.68366 0 -0.000215345 0.000187334 -1.80422e-05 -37.5766 1 0 0 1.08025e-05 1.13429e-06 1.25287e-05
3405 68.4768 0.0251295 0.000105959 2.24265e-05 3.39868e-07 8.31923e-05 2.95405e-09 0.00198044 0.274837 2.28167 1.4517 2.31184 2.24968 0.936732 -8.37221 11.2484 11.5592 4.68366 0 -0.00021495 0.000186948 -1.78459e-05 -37.5764 1 0 0 1.077e-05 1.13139e-06 1.2449e-05
3410 68.6025 0.0251295 0.000105411 2.23738e-05 3.39293e-07 8.26981e-05 2.93622e-09 0.00198043 0.274837 2.28167 1.4517 2.31185 2.24967 0.936731 -8.37218 11.2484 11.5592 4.68366 0 -0.000214556 0.000186564 -1.76509e-05 -37.5763 1 0 0 1.07376e-05 1.12852e-06 1.237e-05
3415 68.7281 0.0251295 0.000104868 2.23213e-05 3.38722e-07 8.22076e-05 2.9185e-09 0.00198043 0.274838 2.28167 1.4517 2.31185 2.24967 0.936731 -8.37215 11.2484 11.5592 4.68365 0 -0.000214163 0.00018618 -1.74571e-05 -37.5761 1 0 0 1.07054e-05 1.12567e-06 1.22916e-05
3420 68.8538 0.0251295 0.000104328 2.2269e-05 3.38155e-07 8.17207e-05 2.90088e-09 0.00198043 0.274837 2.28167 1.4517 2.31186 2.24966 0.93673 -8.37211 11.2483 11.5592 4.68365 0 -0.000213771 0.000185797 -1.72645e-05 -37.576 1 0 0 1.06733e-05 1.12283e-06 1.22138e-05
3425 68.9794 0.0251295 0.000103792 2.2217e-05 3.37593e-07 8.12374e-05 2.88337e-09 0.00198043 0.274838 2.28167 1.4517 2.31186 2.24966 0.93673 -8.37208 11.2483 11.5593 4.68365 0 -0.00021338 0.000185416 -1.70731e-05 -37.5758 1 0 0 1.06413e-05 1.12001e-06 1.21366e-05
3430 69.1051 0.0251295 0.00010326 2.21651e-05 3.37035e-07 8.07578e-05 2.86597e-09 0.00198042 0.274838 2.28167 1.4517 2.31187 2.24965 0.936729 -8.37205 11.2483 11.5593 4.68365 0 -0.00021299 0.000185035 -1.68829e-05 -37.5757 1 0 0 1.06095e-05 1.11721e-06 1.206e-05
3435 69.2307 0.0251295 0.000102732 2.21135e-05 3.36482e-07 8.02816e-05 2.84867e-09 0.00198042 0.274837 2.28167 1.4517 2.31187 2.24965 0.936729 -8.37202 11.2483 11.5593 4.68364 0 -0.000212601 0.000184655 -1.66939e-05 -37.5756 1 0 0 1.05779e-05 1.11443e-06 1.19839e-05
3440 69.3564 0.0251295 0.000102207 2.20621e-05 3.35933e-07 7.9809e-05 2.83148e-09 0.00198042 0.274837 2.28167 1.4517 2.31188 2.24964 0.936728 -8.37199 11.2482 11.5593 4.68364 0 -0.000212213 0.000184277 -1.65061e-05 -37.5754 1 0 0 1.05463e-05 1.11166e-06 1.19084e-05
3445 69.482 0.0251295 0.000101686 2.20109e-05 3.35388e-07 7.93398e-05 2.8144e-09 0.00198042 0.274837 2.28167 1.4517 2.31188 2.24963 0.936728 -8.37195 11.2482 11.5594 4.68364 0 -0.000211826 0.000183899 -1.63195e-05 -37.5753 1 0 0 1.05149e-05 1.10892e-06 1.18335e-05
3450 69.6077 0.0251295 0.000101169 2.19599e-05 3.34848e-07 7.88741e-05 2.79742e-09 0.00198041 0.274837 2.28167 1.4517 2.31188 2.24963 0.936728 -8.37192 11.2482 11.5594 4.68364 0 -0.00021144 0.000183522 -1.61341e-05 -37.5751 1 0 0 1.04837e-05 1.10619e-06 1.17591e-05
3455 69.7333 0.0251295 0.000100655 2.19091e-05 3.34312e-07 7.84117e-05 2.78054e-09 0.00198041 0.274837 2.28167 1.4517 2.31189 2.24962 0.936727 -8.37189 11.2482 11.5594 4.68364 0 -0.000211054 0.000183146 -1.59498e-05 -37.575 1 0 0 1.04526e-05 1.10347e-06 1.16853e-05
3460 69.8589 0.0251295 0.000100145 2.18585e-05 3.33781e-07 7.79527e-05 2.76377e-09 0.00198041 0.274838 2.28167 1.4517 2.31189 2.24962 0.936727 -8.37186 11.2481 11.5594 4.68363 0 -0.00021067 0.00018277 -1.57667e-05 -37.5749 1 0 0 1.04216e-05 1.10078e-06 1.16121e-05
3465 69.9846 0.0251295 9.96385e-05 2.18082e-05 3.33254e-07 7.74971e-05 2.7471e-09 0.00198041 0.274838 2.28167 1.4517 2.3119 2.24961 0.936726 -8.37183 11.2481 11.5595 4.68363 0 -0.000210286 0.000182396 -1.55848e-05 -37.5747 1 0 0 1.03908e-05 1.09811e-06 1.15394e-05
3470 70.1102 0.0251295 9.91354e-05 2.1758e-05 3.32731e-07 7.70447e-05 2.73053e-09 0.0019804 0.274838 2.28167 1.4517 2.3119 2.24961 0.936726 -8.3718 11.2481 11.5595 4.68363 0 -0.000209904 0.000182023 -1.5404e-05 -37.5746 1 0 0 1.03601e-05 1.09545e-06 1.14672e-05
3475 70.2359 0.0251295 9.86358e-05 2.1708e-05 3.32213e-07 7.65956e-05 2.71406e-09 0.0019804 0.274838 2.28167 1.4517 2.31191 2.2496 0.936726 -8.37177 11.2481 11.5595 4.68363 0 -0.000209522 0.00018165 -1.52243e-05 -37.5745 1 0 0 1.03295e-05 1.09281e-06 1.13956e-05
3480 70.3615 0.0251295 9.81397e-05 2.16583e-05 3.317e-07 7.61497e-05 2.6977e-09 0.0019804 0.274837 2.28167 1.4517 2.31191 2.2496 0.936725 -8.37174 11.248 11.5595 4.68363 0 -0.000209142 0.000181279 -1.50458e-05 -37.5743 1 0 0 1.02991e-05 1.09019e-06 1.13245e-05
3485 70.4872 0.0251295 9.76469e-05 2.16088e-05 3.3119e-07 7.5707e-05 2.68144e-09 0.0019804 0.274838 2.28167 1.4517 2.31192 2.24959 0.936725 -8.37171 11.248 11.5595 4.68362 0 -0.000208762 0.000180908 -1.48683e-05 -37.5742 1 0 0 1.02688e-05 1.08758e-06 1.1254e-05
3490 70.6128 0.0251295 9.71575e-05 2.15594e-05 3.30686e-07 7.52674e-05 2.66527e-09 0.00198039 0.274837 2.28167 1.4517 2.31192 2.24959 0.936725 -8.37168 11.248 11.5596 4.68362 0 -0.000208383 0.000180538 -1.4692e-05 -37.5741 1 0 0 1.02386e-05 1.085e-06 1.11839e-05
3495 70.7385 0.0251295 9.66714e-05 2.15103e-05 3.30185e-07 7.4831e-05 2.64921e-09 0.00198039 0.274838 2.28167 1.4517 2.31193 2.24958 0.936724 -8.37165 11.248 11.5596 4.68362 0 -0.000208005 0.000180169 -1.45168e-05 -37.5739 1 0 0 1.02086e-05 1.08243e-06 1.11144e-05
3500 70.8641 0.0251295 9.61887e-05 2.14614e-05 3.29689e-07 7.43976e-05 2.63325e-09 0.00198039 0.274837 2.28167 1.4517 2.31193 2.24958 0.936724 -8.37162 11.2479 11.5596 4.68362 0 -0.000207627 0.000179801 -1.43426e-05 -37.5738 1 0 0 1.01787e-05 1.07988e-06 1.10454e-05
3505 70.9898 0.0251295 9.57092e-05 2.14126e-05 3.29198e-07 7.39673e-05 2.61739e-09 0.00198039 0.274838 2.28167 1.4517 2.31194 2.24957 0.936723 -8.3716 11.2479 11.5596 4.68362 0 -0.000207251 0.000179434 -1.41696e-05 -37.5737 1 0 0 1.0149e-05 1.07735e-06 1.09769e-05
3510 71.1154 0.0251295 9.52329e-05 2.13641e-05 3.28711e-07 7.35401e-05 2.60162e-09 0.00198038 0.274838 2.28167 1.4517 2.31194 2.24957 0.936723 -8.37157 11.2479 11.5597 4.68362 0 -0.000206876 0.000179067 -1.39976e-05 -37.5735 1 0 0 1.01193e-05 1.07483e-06 1.09089e-05
3515 71.2411 0.0251295 9.47598e-05 2.13158e-05 3.28228e-07 7.31158e-05 2.58596e-09 0.00198038 0.274837 2.28167 1.4517 2.31194 2.24956 0.936723 -8.37154 11.2478 11.5597 4.68361 0 -0.000206501 0.000178702 -1.38267e-05 -37.5734 1 0 0 1.00898e-05 1.07234e-06 1.08414e-05
3520 71.3667 0.0251295 9.429e-05 2.12677e-05 3.27749e-07 7.26945e-05 2.57039e-09 0.00198038 0.274838 2.28167 1.4517 2.31195 2.24956 0.936722 -8.37151 11.2478 11.5597 4.68361 0 -0.000206127 0.000178337 -1.36569e-05 -37.5733 1 0 0 1.00605e-05 1.06986e-06 1.07744e-05
3525 71.4924 0.0251295 9.38232e-05 2.12197e-05 3.27276e-07 7.22762e-05 2.55492e-09 0.00198038 0.274838 2.28167 1.4517 2.31195 2.24955 0.936722 -8.37148 11.2478 11.5597 4.68361 0 -0.000205754 0.000177973 -1.34881e-05 -37.5732 1 0 0 1.00312e-05 1.06739e-06 1.07078e-05
3530 71.618 0.0251295 9.33596e-05 2.1172e-05 3.26806e-07 7.18608e-05 2.53954e-09 0.00198038 0.274837 2.28167 1.4517 2.31196 2.24955 0.936722 -8.37146 11.2478 11.5598 4.68361 0 -0.000205382 0.00017761 -1.33203e-05 -37.573 1 0 0 1.00022e-05 1.06495e-06 1.06418e-05
3535 71.7437 0.0251295 9.2899e-05 2.11245e-05 3.26341e-07 7.14482e-05 2.52426e-09 0.00198037 0.274837 2.28167 1.4517 2.31196 2.24954 0.936721 -8.37143 11.2477 11.5598 4.68361 0 -0.000205011 0.000177247 -1.31536e-05 -37.5729 1 0 0 9.97319e-06 1.06253e-06 1.05763e-05
3540 71.8693 0.0251295 9.24416e-05 2.10771e-05 3.2588e-07 7.10386e-05 2.50908e-09 0.00198037 0.274838 2.28167 1.4517 2.31197 2.24954 0.936721 -8.3714 11.2477 11.5598 4.68361 0 -0.000204641 0.000176886 -1.2988e-05 -37.5728 1 0 0 9.94435e-06 1.06012e-06 1.05112e-05
3545 71.995 0.0251295 9.19871e-05 2.103e-05 3.25424e-07 7.06317e-05 2.49399e-09 0.00198037 0.274837 2.28167 1.4517 2.31197 2.24953 0.936721 -8.37137 11.2477 11.5598 4.6836 0 -0.000204271 0.000176525 -1.28233e-05 -37.5727 1 0 0 9.91564e-06 1.05773e-06 1.04466e-05
3550 72.1206 0.0251295 9.15357e-05 2.0983e-05 3.24972e-07 7.02277e-05 2.479e-09 0.00198037 0.274838 2.28167 1.4517 2.31198 2.24952 0.93672 -8.37135 11.2477 11.5598 4.6836 0 -0.000203902 0.000176165 -1.26597e-05 -37.5725 1 0 0 9.88707e-06 1.05535e-06 1.03824e-05
3555 72.2462 0.0251295 9.10872e-05 2.09362e-05 3.24525e-07 6.98264e-05 2.4641e-09 0.00198036 0.274838 2.28167 1.4517 2.31198 2.24952 0.93672 -8.37132 11.2476 11.5599 4.6836 0 -0.000203534 0.000175806 -1.2497e-05 -37.5724 1 0 0 9.85862e-06 1.053e-06 1.03188e-05
3560 72.3719 0.0251295 9.06416e-05 2.08897e-05 3.24082e-07 6.94279e-05 2.4493e-09 0.00198036 0.274838 2.28167 1.4517 2.31198 2.24951 0.93672 -8.37129 11.2476 11.5599 4.6836 0 -0.000203167 0.000175447 -1.23354e-05 -37.5723 1 0 0 9.8303e-06 1.05066e-06 1.02555e-05
3565 72.4975 0.0251295 9.0199e-05 2.08433e-05 3.23643e-07 6.90321e-05 2.43459e-09 0.00198036 0.274837 2.28167 1.4517 2.31199 2.24951 0.93672 -8.37127 11.2476 11.5599 4.6836 0 -0.000202801 0.00017509 -1.21748e-05 -37.5722 1 0 0 9.8021e-06 1.04834e-06 1.01928e-05
3570 72.6232 0.0251295 8.97593e-05 2.07971e-05 3.23209e-07 6.8639e-05 2.41997e-09 0.00198036 0.274838 2.28167 1.4517 2.31199 2.2495 0.936719 -8.37124 11.2476 11.5599 4.6836 0 -0.000202435 0.000174733 -1.20151e-05 -37.5721 1 0 0 9.77404e-06 1.04603e-06 1.01305e-05
3575 72.7488 0.0251295 8.93225e-05 2.07511e-05 3.22779e-07 6.82486e-05 2.40544e-09 0.00198035 0.274838 2.28167 1.4517 2.312 2.2495 0.936719 -8.37121 11.2475 11.56 4.68359 0 -0.000202071 0.000174377 -1.18565e-05 -37.5719 1 0 0 9.7461e-06 1.04375e-06 1.00686e-05
3580 72.8745 0.0251295 8.88885e-05 2.07053e-05 3.22354e-07 6.78608e-05 2.391e-09 0.00198035 0.274838 2.28167 1.4517 2.312 2.24949 0.936719 -8.37119 11.2475 11.56 4.68359 0 -0.000201707 0.000174021 -1.16988e-05 -37.5718 1 0 0 9.71829e-06 1.04148e-06 1.00072e-05
3585 73.0001 0.0251295 8.84573e-05 2.06596e-05 3.21933e-07 6.74757e-05 2.37666e-09 0.00198035 0.274838 2.28167 1.4517 2.31201 2.24949 0.936718 -8.37116 11.2475 11.56 4.68359 0 -0.000201344 0.000173667 -1.1542e-05 -37.5717 1 0 0 9.6906e-06 1.03923e-06 9.94624e-06
3590 73.1258 0.0251295 8.80289e-05 2.06142e-05 3.21516e-07 6.70932e-05 2.3624e-09 0.00198035 0.274838 2.28167 1.4517 2.31201 2.24948 0.936718 -8.37113 11.2475 11.56 4.68359 0 -0.000200981 0.000173313 -1.13862e-05 -37.5716 1 0 0 9.66304e-06 1.037e-06 9.8857e-06
3595 73.2514 0.0251295 8.76033e-05 2.05689e-05 3.21104e-07 6.67132e-05 2.34824e-09 0.00198034 0.274838 2.28167 1.4517 2.31201 2.24948 0.936718 -8.37111 11.2474 11.56 4.68359 0 -0.00020062 0.00017296 -1.12314e-05 -37.5715 1 0 0 9.6356e-06 1.03478e-06 9.8256e-06
3600 73.3771 0.0251295 8.71804e-05 2.05239e-05 3.20696e-07 6.63358e-05 2.33416e-09 0.00198034 0.274838 2.28167 1.4517 2.31202 2.24947 0.936717 -8.37108 11.2474 11.5601 4.68359 0 -0.000200259 0.000172607 -1.10775e-05 -37.5714 1 0 0 9.60829e-06 1.03258e-06 9.76592e-06
3605 73.5027 0.0251295 8.67602e-05 2.0479e-05 3.20293e-07 6.5961e-05 2.32018e-09 0.00198034 0.274838 2.28167 1.4517 2.31202 2.24947 0.936717 -8.37106 11.2474 11.5601 4.68359 0 -0.000199899 0.000172256 -1.09246e-05 -37.5713 1 0 0 9.5811e-06 1.0304e-06 9.70667e-06
3610 73.6284 0.0251295 8.63428e-05 2.04343e-05 3.19894e-07 6.55886e-05 2.30628e-09 0.00198034 0.274837 2.28167 1.4517 2.31203 2.24946 0.936717 -8.37103 11.2474 11.5601 4.68358 0 -0.00019954 0.000171905 -1.07725e-05 -37.5711 1 0 0 9.55403e-06 1.02824e-06 9.64784e-06
3615 73.754 0.0251295 8.5928e-05 2.03898e-05 3.19499e-07 6.52187e-05 2.29247e-09 0.00198034 0.274837 2.28167 1.4517 2.31203 2.24946 0.936717 -8.37101 11.2473 11.5601 4.68358 0 -0.000199182 0.000171555 -1.06214e-05 -37.571 1 0 0 9.52709e-06 1.02609e-06 9.58943e-06
3620 73.8797 0.0251295 8.55158e-05 2.03454e-05 3.19109e-07 6.48513e-05 2.27875e-09 0.00198033 0.274838 2.28167 1.4517 2.31204 2.24945 0.936716 -8.37098 11.2473 11.5601 4.68358 0 -0.000198824 0.000171205 -1.04712e-05 -37.5709 1 0 0 9.50027e-06 1.02396e-06 9.53143e-06
3625 74.0053 0.0251295 8.51063e-05 2.03013e-05 3.18723e-07 6.44864e-05 2.26511e-09 0.00198033 0.274837 2.28167 1.4517 2.31204 2.24945 0.936716 -8.37096 11.2473 11.5602 4.68358 0 -0.000198467 0.000170856 -1.03219e-05 -37.5708 1 0 0 9.47357e-06 1.02185e-06 9.47385e-06
3630 74.131 0.0251295 8.46994e-05 2.02573e-05 3.18341e-07 6.41238e-05 2.25156e-09 0.00198033 0.274838 2.28167 1.4517 2.31205 2.24944 0.936716 -8.37093 11.2473 11.5602 4.68358 0 -0.000198111 0.000170508 -1.01736e-05 -37.5707 1 0 0 9.447e-06 1.01975e-06 9.41667e-06
3635 74.2566 0.0251295 8.42951e-05 2.02135e-05 3.17964e-07 6.37637e-05 2.2381e-09 0.00198033 0.274837 2.28167 1.4517 2.31205 2.24944 0.936716 -8.37091 11.2472 11.5602 4.68358 0 -0.000197756 0.000170161 -1.00261e-05 -37.5706 1 0 0 9.42054e-06 1.01767e-06 9.3599e-06
3640 74.3823 0.0251295 8.38934e-05 2.01699e-05 3.17591e-07 6.34059e-05 2.22472e-09 0.00198032 0.274838 2.28167 1.4517 2.31205 2.24943 0.936715 -8.37088 11.2472 11.5602 4.68358 0 -0.000197401 0.000169814 -9.87946e-06 -37.5705 1 0 0 9.39421e-06 1.01561e-06 9.30352e-06
3645 74.5079 0.0251295 8.34942e-05 2.01264e-05 3.17222e-07 6.30505e-05 2.21143e-09 0.00198032 0.274837 2.28167 1.4517 2.31206 2.24943 0.936715 -8.37086 11.2472 11.5603 4.68358 0 -0.000197047 0.000169468 -9.73373e-06 -37.5704 1 0 0 9.368e-06 1.01357e-06 9.24755e-06
3650 74.6335 0.0251295 8.30975e-05 2.00831e-05 3.16858e-07 6.26975e-05 2.19822e-09 0.00198032 0.274838 2.28167 1.4517 2.31206 2.24942 0.936715 -8.37084 11.2472 11.5603 4.68357 0 -0.000196694 0.000169123 -9.58888e-06 -37.5703 1 0 0 9.3419e-06 1.01154e-06 9.19197e-06
3655 74.7592 0.0251295 8.27033e-05 2.00401e-05 3.16499e-07 6.23467e-05 2.1851e-09 0.00198032 0.274838 2.28167 1.4517 2.31207 2.24942 0.936715 -8.37081 11.2471 11.5603 4.68357 0 -0.000196342 0.000168778 -9.44489e-06 -37.5701 1 0 0 9.31593e-06 1.00953e-06 9.13678e-06
3660 74.8848 0.0251295 8.23116e-05 1.99971e-05 3.16143e-07 6.19983e-05 2.17205e-09 0.00198032 0.274837 2.28167 1.4517 2.31207 2.24941 0.936714 -8.37079 11.2471 11.5603 4.68357 0 -0.00019599 0.000168435 -9.30176e-06 -37.57 1 0 0 9.29007e-06 1.00753e-06 9.08197e-06
3665 75.0105 0.0251295 8.19223e-05 1.99544e-05 3.15792e-07 6.16521e-05 2.1591e-09 0.00198031 0.274837 2.28167 1.4517 2.31207 2.24941 0.936714 -8.37076 11.2471 11.5603 4.68357 0 -0.00019564 0.000168091 -9.15948e-06 -37.5699 1 0 0 9.26433e-06 1.00556e-06 9.02755e-06
3670 75.1361 0.0251295 8.15355e-05 1.99118e-05 3.15445e-07 6.13082e-05 2.14622e-09 0.00198031 0.274838 2.28167 1.4517 2.31208 2.2494 0.936714 -8.37074 11.2471 11.5604 4.68357 0 -0.00019529 0.000167749 -9.01805e-06 -37.5698 1 0 0 9.23872e-06 1.0036e-06 8.97352e-06
3675 75.2618 0.0251295 8.11511e-05 1.98694e-05 3.15103e-07 6.09665e-05 2.13343e-09 0.00198031 0.274838 2.28167 1.4517 2.31208 2.2494 0.936714 -8.37072 11.247 11.5604 4.68357 0 -0.00019494 0.000167407 -8.87746e-06 -37.5697 1 0 0 9.21321e-06 1.00165e-06 8.91986e-06
3680 75.3874 0.0251295 8.07691e-05 1.98272e-05 3.14765e-07 6.06271e-05 2.12071e-09 0.00198031 0.274837 2.28167 1.4517 2.31209 2.24939 0.936714 -8.37069 11.247 11.5604 4.68357 0 -0.000194592 0.000167066 -8.73771e-06 -37.5696 1 0 0 9.18783e-06 9.99728e-07 8.86657e-06
3685 75.5131 0.0251295 8.03894e-05 1.97852e-05 3.14431e-07 6.02898e-05 2.10808e-09 0.0019803 0.274838 2.28167 1.4517 2.31209 2.24939 0.936713 -8.37067 11.247 11.5604 4.68357 0 -0.000194244 0.000166725 -8.59878e-06 -37.5695 1 0 0 9.16256e-06 9.97818e-07 8.81366e-06
3690 75.6387 0.0251295 8.00122e-05 1.97433e-05 3.14102e-07 5.99548e-05 2.09553e-09 0.0019803 0.274838 2.28167 1.4517 2.3121 2.24939 0.936713 -8.37065 11.247 11.5604 4.68357 0 -0.000193897 0.000166386 -8.46067e-06 -37.5694 1 0 0 9.13741e-06 9.95925e-07 8.76111e-06
3695 75.7644 0.0251295 7.96373e-05 1.97016e-05 3.13777e-07 5.96219e-05 2.08306e-09 0.0019803 0.274837 2.28167 1.4517 2.3121 2.24938 0.936713 -8.37062 11.2469 11.5605 4.68356 0 -0.00019355 0.000166046 -8.32337e-06 -37.5693 1 0 0 9.11238e-06 9.94048e-07 8.70893e-06
3700 75.89 0.0251295 7.92647e-05 1.966e-05 3.13456e-07 5.92912e-05 2.07066e-09 0.0019803 0.274838 2.28167 1.4517 2.3121 2.24938 0.936713 -8.3706 11.2469 11.5605 4.68356 0 -0.000193204 0.000165708 -8.18689e-06 -37.5692 1 0 0 9.08746e-06 9.92189e-07 8.65712e-06
3705 76.0157 0.0251295 7.88944e-05 1.96187e-05 3.13139e-07 5.89625e-05 2.05835e-09 0.0019803 0.274838 2.28167 1.4517 2.31211 2.24937 0.936712 -8.37058 11.2469 11.5605 4.68356 0 -0.00019286 0.00016537 -8.0512e-06 -37.5691 1 0 0 9.06265e-06 9.90345e-07 8.60566e-06
3710 76.1413 0.0251295 7.85263e-05 1.95775e-05 3.12827e-07 5.8636e-05 2.04611e-09 0.00198029 0.274838 2.28167 1.4517 2.31211 2.24937 0.936712 -8.37055 11.2469 11.5605 4.68356 0 -0.000192515 0.000165033 -7.91631e-06 -37.569 1 0 0 9.03796e-06 9.88518e-07 8.55456e-06
3715 76.267 0.0251295 7.81606e-05 1.95364e-05 3.12519e-07 5.83116e-05 2.03396e-09 0.00198029 0.274838 2.28167 1.4517 2.31212 2.24936 0.936712 -8.37053 11.2468 11.5606 4.68356 0 -0.000192172 0.000164696 -7.78221e-06 -37.5689 1 0 0 9.01339e-06 9.86708e-07 8.50382e-06
3720 76.3926 0.0251295 7.77971e-05 1.94956e-05 3.12216e-07 5.79893e-05 2.02188e-09 0.00198029 0.274837 2.28167 1.4517 2.31212 2.24936 0.936712 -8.37051 11.2468 11.5606 4.68356 0 -0.000191829 0.000164361 -7.64889e-06 -37.5688 1 0 0 8.98893e-06 9.84914e-07 8.45342e-06
3725 76.5183 0.0251295 7.74358e-05 1.94549e-05 3.11916e-07 5.76691e-05 2.00987e-09 0.00198029 0.274838 2.28167 1.4517 2.31213 2.24935 0.936712 -8.37049 11.2468 11.5606 4.68356 0 -0.000191487 0.000164025 -7.51635e-06 -37.5687 1 0 0 8.96458e-06 9.83137e-07 8.40337e-06
3730 76.6439 0.0251295 7.70768e-05 1.94143e-05 3.11621e-07 5.73508e-05 1.99795e-09 0.00198029 0.274837 2.28167 1.4517 2.31213 2.24935 0.936712 -8.37046 11.2468 11.5606 4.68356 0 -0.000191146 0.000163691 -7.38458e-06 -37.5686 1 0 0 8.94034e-06 9.81375e-07 8.35367e-06
3735 76.7696 0.0251295 7.67199e-05 1.9374e-05 3.11331e-07 5.70346e-05 1.9861e-09 0.00198028 0.274837 2.28167 1.4517 2.31213 2.24934 0.936711 -8.37044 11.2467 11.5606 4.68356 0 -0.000190805 0.000163357 -7.25358e-06 -37.5685 1 0 0 8.91622e-06 9.7963e-07 8.30432e-06
3740 76.8952 0.0251295 7.63653e-05 1.93338e-05 3.11044e-07 5.67205e-05 1.97432e-09 0.00198028 0.274837 2.28167 1.4517 2.31214 2.24934 0.936711 -8.37042 11.2467 11.5607 4.68356 0 -0.000190465 0.000163023 -7.12333e-06 -37.5684 1 0 0 8.89221e-06 9.77902e-07 8.2553e-06
3745 77.0208 0.0251295 7.60128e-05 1.92937e-05 3.10762e-07 5.64083e-05 1.96262e-09 0.00198028 0.274838 2.28167 1.4517 2.31214 2.24933 0.936711 -8.3704 11.2467 11.5607 4.68355 0 -0.000190126 0.000162691 -6.99384e-06 -37.5683 1 0 0 8.86831e-06 9.76189e-07 8.20662e-06
3750 77.1465 0.0251295 7.56624e-05 1.92538e-05 3.10484e-07 5.60981e-05 1.951e-09 0.00198028 0.274838 2.28167 1.4517 2.31215 2.24933 0.936711 -8.37038 11.2467 11.5607 4.68355 0 -0.000189787 0.000162359 -6.86509e-06 -37.5682 1 0 0 8.84452e-06 9.74493e-07 8.15827e-06
3755 77.2721 0.0251295 7.53142e-05 1.92141e-05 3.10211e-07 5.57898e-05 1.93944e-09 0.00198028 0.274837 2.28167 1.4517 2.31215 2.24932 0.936711 -8.37035 11.2467 11.5607 4.68355 0 -0.000189449 0.000162027 -6.73709e-06 -37.5681 1 0 0 8.82085e-06 9.72813e-07 8.11025e-06
3760 77.3978 0.0251295 7.49681e-05 1.91746e-05 3.09941e-07 5.54836e-05 1.92797e-09 0.00198027 0.274838 2.28167 1.4517 2.31215 2.24932 0.93671 -8.37033 11.2466 11.5607 4.68355 0 -0.000189112 0.000161697 -6.60982e-06 -37.568 1 0 0 8.79728e-06 9.71149e-07 8.06257e-06
3765 77.5234 0.0251295 7.46241e-05 1.91352e-05 3.09676e-07 5.51792e-05 1.91656e-09 0.00198027 0.274838 2.28167 1.4517 2.31216 2.24931 0.93671 -8.37031 11.2466 11.5608 4.68355 0 -0.000188776 0.000161366 -6.48328e-06 -37.5679 1 0 0 8.77382e-06 9.69501e-07 8.01521e-06
3770 77.6491 0.0251295 7.42821e-05 1.90959e-05 3.09416e-07 5.48768e-05 1.90523e-09 0.00198027 0.274837 2.28167 1.4517 2.31216 2.24931 0.93671 -8.37029 11.2466 11.5608 4.68355 0 -0.00018844 0.000161037 -6.35746e-06 -37.5678 1 0 0 8.75048e-06 9.67869e-07 7.96817e-06
3775 77.7747 0.0251295 7.39423e-05 1.90569e-05 3.09159e-07 5.45762e-05 1.89397e-09 0.00198027 0.274838 2.28167 1.4517 2.31217 2.2493 0.93671 -8.37027 11.2466 11.5608 4.68355 0 -0.000188105 0.000160708 -6.23236e-06 -37.5677 1 0 0 8.72724e-06 9.66253e-07 7.92146e-06
3780 77.9004 0.0251295 7.36044e-05 1.90179e-05 3.08907e-07 5.42776e-05 1.88278e-09 0.00198027 0.274838 2.28167 1.4517 2.31217 2.2493 0.93671 -8.37025 11.2465 11.5608 4.68355 0 -0.000187771 0.00016038 -6.10797e-06 -37.5676 1 0 0 8.70411e-06 9.64653e-07 7.87506e-06
3785 78.026 0.0251295 7.32687e-05 1.89792e-05 3.08659e-07 5.39808e-05 1.87166e-09 0.00198026 0.274838 2.28167 1.4517 2.31217 2.24929 0.93671 -8.37023 11.2465 11.5608 4.68355 0 -0.000187437 0.000160052 -5.98429e-06 -37.5675 1 0 0 8.68109e-06 9.63069e-07 7.82899e-06
3790 78.1517 0.0251295 7.29349e-05 1.89406e-05 3.08415e-07 5.36859e-05 1.86062e-09 0.00198026 0.274837 2.28167 1.4517 2.31218 2.24929 0.93671 -8.3702 11.2465 11.5609 4.68355 0 -0.000187104 0.000159725 -5.86132e-06 -37.5674 1 0 0 8.65818e-06 9.615e-07 7.78322e-06
3795 78.2773 0.0251295 7.26031e-05 1.89021e-05 3.08175e-07 5.33928e-05 1.84964e-09 0.00198026 0.274838 2.28167 1.4517 2.31218 2.24928 0.936709 -8.37018 11.2465 11.5609 4.68355 0 -0.000186772 0.000159398 -5.73903e-06 -37.5673 1 0 0 8.63538e-06 9.59948e-07 7.73777e-06
3800 78.403 0.0251295 7.22734e-05 1.88639e-05 3.0794e-07 5.31016e-05 1.83874e-09 0.00198026 0.274838 2.28167 1.4517 2.31219 2.24928 0.936709 -8.37016 11.2464 11.5609 4.68355 0 -0.000186441 0.000159072 -5.61744e-06 -37.5672 1 0 0 8.61268e-06 9.58411e-07 7.69262e-06
3805 78.5286 0.0251295 7.19456e-05 1.88257e-05 3.07709e-07 5.28122e-05 1.8279e-09 0.00198026 0.274838 2.28167 1.4517 2.31219 2.24928 0.936709 -8.37014 11.2464 11.5609 4.68354 0 -0.00018611 0.000158747 -5.49653e-06 -37.5671 1 0 0 8.59009e-06 9.5689e-07 7.64779e-06
3810 78.6543 0.0251295 7.16198e-05 1.87877e-05 3.07482e-07 5.25245e-05 1.81713e-09 0.00198025 0.274838 2.28167 1.4517 2.31219 2.24927 0.936709 -8.37012 11.2464 11.5609 4.68354 0 -0.00018578 0.000158422 -5.3763e-06 -37.567 1 0 0 8.56761e-06 9.55385e-07 7.60325e-06
3815 78.7799 0.0251295 7.12959e-05 1.87499e-05 3.07259e-07 5.22387e-05 1.80643e-09 0.00198025 0.274838 2.28167 1.4517 2.3122 2.24927 0.936709 -8.3701 11.2464 11.561 4.68354 0 -0.00018545 0.000158098 -5.25674e-06 -37.567 1 0 0 8.54523e-06 9.53895e-07 7.55902e-06
3820 78.9056 0.0251295 7.09739e-05 1.87123e-05 3.0704e-07 5.19546e-05 1.7958e-09 0.00198025 0.274838 2.28167 1.4517 2.3122 2.24926 0.936709 -8.37008 11.2463 11.561 4.68354 0 -0.000185121 0.000157775 -5.13786e-06 -37.5669 1 0 0 8.52296e-06 9.5242e-07 7.51509e-06
3825 79.0312 0.0251295 7.06539e-05 1.86747e-05 3.06826e-07 5.16723e-05 1.78524e-09 0.00198025 0.274838 2.28167 1.4517 2.31221 2.24926 0.936709 -8.37006 11.2463 11.561 4.68354 0 -0.000184793 0.000157452 -5.01963e-06 -37.5668 1 0 0 8.50079e-06 9.50962e-07 7.47145e-06
3830 79.1569 0.0251295 7.03358e-05 1.86374e-05 3.06616e-07 5.13918e-05 1.77474e-09 0.00198025 0.274838 2.28167 1.4517 2.31221 2.24925 0.936708 -8.37004 11.2463 11.561 4.68354 0 -0.000184466 0.00015713 -4.90206e-06 -37.5667 1 0 0 8.47873e-06 9.49518e-07 7.42811e-06
3835 79.2825 0.0251295 7.00195e-05 1.86002e-05 3.0641e-07 5.1113e-05 1.76431e-09 0.00198024 0.274838 2.28167 1.4517 2.31221 2.24925 0.936708 -8.37002 11.2463 11.561 4.68354 0 -0.000184139 0.000156808 -4.78515e-06 -37.5666 1 0 0 8.45677e-06 9.48091e-07 7.38507e-06
3840 79.4081 0.0251295 6.97052e-05 1.85631e-05 3.06208e-07 5.08359e-05 1.75395e-09 0.00198024 0.274837 2.28167 1.4517 2.31222 2.24924 0.936708 -8.37 11.2463 11.5611 4.68354 0 -0.000183813 0.000156487 -4.66888e-06 -37.5665 1 0 0 8.43492e-06 9.46678e-07 7.34231e-06
3845 79.5338 0.0251295 6.93927e-05 1.85262e-05 3.06011e-07 5.05605e-05 1.74366e-09 0.00198024 0.274837 2.28167 1.4517 2.31222 2.24924 0.936708 -8.36998 11.2462 11.5611 4.68354 0 -0.000183488 0.000156166 -4.55325e-06 -37.5664 1 0 0 8.41317e-06 9.45281e-07 7.29984e-06
3850 79.6594 0.0251295 6.9082e-05 1.84894e-05 3.05817e-07 5.02868e-05 1.73342e-09 0.00198024 0.274838 2.28167 1.4517 2.31223 2.24923 0.936708 -8.36996 11.2462 11.5611 4.68354 0 -0.000183163 0.000155847 -4.43826e-06 -37.5663 1 0 0 8.39152e-06 9.43899e-07 7.25766e-06
3855 79.7851 0.0251295 6.87732e-05 1.84528e-05 3.05628e-07 5.00148e-05 1.72326e-09 0.00198024 0.274837 2.28167 1.4517 2.31223 2.24923 0.936708 -8.36994 11.2462 11.5611 4.68354 0 -0.000182839 0.000155527 -4.3239e-06 -37.5662 1 0 0 8.36998e-06 9.42533e-07 7.21576e-06
3860 79.9107 0.0251295 6.84663e-05 1.84164e-05 3.05443e-07 4.97444e-05 1.71316e-09 0.00198023 0.274838 2.28167 1.4517 2.31223 2.24922 0.936708 -8.36992 11.2462 11.5611 4.68354 0 -0.000182516 0.000155208 -4.21017e-06 -37.5661 1 0 0 8.34854e-06 9.41182e-07 7.17414e-06
3865 80.0364 0.0251295 6.81611e-05 1.83801e-05 3.05262e-07 4.94757e-05 1.70312e-09 0.00198023 0.274837 2.28167 1.4517 2.31224 2.24922 0.936708 -8.3699 11.2461 11.5612 4.68354 0 -0.000182193 0.00015489 -4.09706e-06 -37.566 1 0 0 8.3272e-06 9.39846e-07 7.1328e-06
3870 80.162 0.0251295 6.78577e-05 1.83439e-05 3.05085e-07 4.92087e-05 1.69315e-09 0.00198023 0.274838 2.28167 1.4517 2.31224 2.24922 0.936708 -8.36988 11.2461 11.5612 4.68354 0 -0.000181871 0.000154573 -3.98456e-06 -37.5659 1 0 0 8.30597e-06 9.38525e-07 7.09174e-06
3875 80.2877 0.0251295 6.75561e-05 1.83079e-05 3.04912e-07 4.89433e-05 1.68324e-09 0.00198023 0.274838 2.28167 1.4517 2.31225 2.24921 0.936707 -8.36986 11.2461 11.5612 4.68354 0 -0.00018155 0.000154256 -3.87268e-06 -37.5659 1 0 0 8.28483e-06 9.37219e-07 7.05095e-06
3880 80.4133 0.0251295 6.72563e-05 1.8272e-05 3.04744e-07 4.86795e-05 1.67339e-09 0.00198023 0.274838 2.28167 1.4517 2.31225 2.24921 0.936707 -8.36984 11.2461 11.5612 4.68354 0 -0.000181229 0.000153939 -3.7614e-06 -37.5658 1 0 0 8.2638e-06 9.35928e-07 7.01043e-06
3885 80.539 0.0251295 6.69582e-05 1.82363e-05 3.0458e-07 4.84174e-05 1.6636e-09 0.00198022 0.274838 2.28167 1.4517 2.31225 2.2492 0.936707 -8.36982 11.246 11.5612 4.68354 0 -0.000180909 0.000153623 -3.65072e-06 -37.5657 1 0 0 8.24287e-06 9.34652e-07 6.97019e-06
3890 80.6646 0.0251295 6.66619e-05 1.82007e-05 3.04419e-07 4.81568e-05 1.65388e-09 0.00198022 0.274837 2.28167 1.4517 2.31226 2.2492 0.936707 -8.3698 11.246 11.5613 4.68354 0 -0.00018059 0.000153308 -3.54064e-06 -37.5656 1 0 0 8.22203e-06 9.33391e-07 6.93022e-06
3895 80.7903 0.0251295 6.63674e-05 1.81653e-05 3.04263e-07 4.78978e-05 1.64422e-09 0.00198022 0.274837 2.28167 1.4517 2.31226 2.24919 0.936707 -8.36978 11.246 11.5613 4.68353 0 -0.000180272 0.000152993 -3.43115e-06 -37.5655 1 0 0 8.2013e-06 9.32145e-07 6.89051e-06
3900 80.9159 0.0251295 6.60745e-05 1.813e-05 3.04111e-07 4.76404e-05 1.63462e-09 0.00198022 0.274838 2.28167 1.4517 2.31226 2.24919 0.936707 -8.36976 11.246 11.5613 4.68353 0 -0.000179954 0.000152679 -3.32225e-06 -37.5654 1 0 0 8.18067e-06 9.30914e-07 6.85107e-06
3905 81.0416 0.0251295 6.57834e-05 1.80949e-05 3.03963e-07 4.73845e-05 1.62508e-09 0.00198022 0.274838 2.28167 1.4517 2.31227 2.24918 0.936707 -8.36974 11.246 11.5613 4.68353 0 -0.000179636 0.000152366 -3.21393e-06 -37.5653 1 0 0 8.16013e-06 9.29698e-07 6.81189e-06
3910 81.1672 0.0251295 6.54939e-05 1.80599e-05 3.0382e-07 4.71302e-05 1.6156e-09 0.00198021 0.274838 2.28167 1.4517 2.31227 2.24918 0.936707 -8.36972 11.2459 11.5613 4.68353 0 -0.00017932 0.000152053 -3.10619e-06 -37.5652 1 0 0 8.1397e-06 9.28497e-07 6.77297e-06
3915 81.2929 0.0251295 6.52062e-05 1.8025e-05 3.0368e-07 4.68775e-05 1.60619e-09 0.00198021 0.274837 2.28167 1.4517 2.31228 2.24917 0.936707 -8.3697 11.2459 11.5613 4.68353 0 -0.000179004 0.00015174 -2.99902e-06 -37.5652 1 0 0 8.11936e-06 9.2731e-07 6.73431e-06
3920 81.4185 0.0251295 6.49201e-05 1.79903e-05 3.03545e-07 4.66262e-05 1.59683e-09 0.00198021 0.274837 2.28167 1.4517 2.31228 2.24917 0.936707 -8.36968 11.2459 11.5614 4.68353 0 -0.000178689 0.000151428 -2.89241e-06 -37.5651 1 0 0 8.09913e-06 9.26138e-07 6.6959e-06
3925 81.5442 0.0251295 6.46357e-05 1.79558e-05 3.03413e-07 4.63765e-05 1.58753e-09 0.00198021 0.274837 2.28167 1.4517 2.31228 2.24917 0.936707 -8.36966 11.2459 11.5614 4.68353 0 -0.000178374 0.000151117 -2.78637e-06 -37.565 1 0 0 8.07899e-06 9.2498e-07 6.65776e-06
3930 81.6698 0.0251295 6.43529e-05 1.79213e-05 3.03286e-07 4.61283e-05 1.57829e-09 0.00198021 0.274837 2.28167 1.4517 2.31229 2.24916 0.936707 -8.36964 11.2458 11.5614 4.68353 0 -0.00017806 0.000150806 -2.68089e-06 -37.5649 1 0 0 8.05894e-06 9.23838e-07 6.61986e-06
3935 81.7954 0.0251295 6.40718e-05 1.78871e-05 3.03163e-07 4.58816e-05 1.56911e-09 0.00198021 0.274838 2.28167 1.4517 2.31229 2.24916 0.936706 -8.36962 11.2458 11.5614 4.68353 0 -0.000177747 0.000150496 -2.57596e-06 -37.5648 1 0 0 8.039e-06 9.22709e-07 6.58222e-06
3940 81.9211 0.0251295 6.37923e-05 1.78529e-05 3.03044e-07 4.56364e-05 1.55999e-09 0.0019802 0.274837 2.28167 1.4517 2.31229 2.24915 0.936706 -8.3696 11.2458 11.5614 4.68353 0 -0.000177435 0.000150186 -2.47158e-06 -37.5647 1 0 0 8.01915e-06 9.21596e-07 6.54482e-06
3945 82.0467 0.0251295 6.35145e-05 1.78189e-05 3.02928e-07 4.53926e-05 1.55092e-09 0.0019802 0.274837 2.28167 1.4517 2.3123 2.24915 0.936706 -8.36959 11.2458 11.5615 4.68353 0 -0.000177123 0.000149877 -2.36775e-06 -37.5646 1 0 0 7.9994e-06 9.20496e-07 6.50767e-06
3950 82.1724 0.0251295 6.32382e-05 1.7785e-05 3.02817e-07 4.51503e-05 1.54191e-09 0.0019802 0.274838 2.28167 1.4517 2.3123 2.24914 0.936706 -8.36957 11.2458 11.5615 4.68353 0 -0.000176811 0.000149569 -2.26446e-06 -37.5646 1 0 0 7.97974e-06 9.19411e-07 6.47077e-06
3955 82.298 0.0251295 6.29635e-05 1.77513e-05 3.02711e-07 4.49095e-05 1.53296e-09 0.0019802 0.274837 2.28167 1.4517 2.31231 2.24914 0.936706 -8.36955 11.2457 11.5615 4.68353 0 -0.000176501 0.000149261 -2.1617e-06 -37.5645 1 0 0 7.96018e-06 9.18341e-07 6.43411e-06
3960 82.4237 0.0251295 6.26905e-05 1.77177e-05 3.02608e-07 4.46701e-05 1.52407e-09 0.0019802 0.274837 2.28167 1.4517 2.31231 2.24913 0.936706 -8.36953 11.2457 11.5615 4.68353 0 -0.000176191 0.000148953 -2.05947e-06 -37.5644 1 0 0 7.94072e-06 9.17285e-07 6.3977e-06
3965 82.5493 0.0251295 6.2419e-05 1.76843e-05 3.02509e-07 4.44322e-05 1.51523e-09 0.00198019 0.274838 2.28167 1.4517 2.31231 2.24913 0.936706 -8.36951 11.2457 11.5615 4.68353 0 -0.000175882 0.000148646 -1.95777e-06 -37.5643 1 0 0 7.92135e-06 9.16243e-07 6.36152e-06
3970 82.675 0.0251295 6.2149e-05 1.7651e-05 3.02414e-07 4.41956e-05 1.50645e-09 0.00198019 0.274838 2.28167 1.4517 2.31232 2.24913 0.936706 -8.36949 11.2457 11.5616 4.68353 0 -0.000175573 0.00014834 -1.85659e-06 -37.5642 1 0 0 7.90207e-06 9.15216e-07 6.32558e-06
3975 82.8006 0.0251295 6.18807e-05 1.76178e-05 3.02323e-07 4.39605e-05 1.49772e-09 0.00198019 0.274838 2.28167 1.4517 2.31232 2.24912 0.936706 -8.36947 11.2456 11.5616 4.68353 0 -0.000175265 0.000148034 -1.75593e-06 -37.5641 1 0 0 7.88289e-06 9.14202e-07 6.28988e-06
3980 82.9263 0.0251295 6.16138e-05 1.75848e-05 3.02237e-07 4.37268e-05 1.48905e-09 0.00198019 0.274838 2.28167 1.4517 2.31232 2.24912 0.936706 -8.36946 11.2456 11.5616 4.68353 0 -0.000174958 0.000147729 -1.65578e-06 -37.5641 1 0 0 7.86381e-06 9.13203e-07 6.25441e-06
3985 83.0519 0.0251295 6.13485e-05 1.75519e-05 3.02154e-07 4.34945e-05 1.48043e-09 0.00198019 0.274838 2.28167 1.4517 2.31233 2.24911 0.936706 -8.36944 11.2456 11.5616 4.68353 0 -0.000174651 0.000147424 -1.55615e-06 -37.564 1 0 0 7.84481e-06 9.12218e-07 6.21918e-06
3990 83.1776 0.0251295 6.10847e-05 1.75191e-05 3.02076e-07 4.32636e-05 1.47187e-09 0.00198019 0.274838 2.28167 1.4517 2.31233 2.24911 0.936706 -8.36942 11.2456 11.5616 4.68353 0 -0.000174345 0.00014712 -1.45701e-06 -37.5639 1 0 0 7.82591e-06 9.11247e-07 6.18418e-06
3995 83.3032 0.0251295 6.08225e-05 1.74865e-05 3.02001e-07 4.3034e-05 1.46336e-09 0.00198018 0.274838 2.28167 1.4517 2.31234 2.2491 0.936706 -8.3694 11.2456 11.5617 4.68353 0 -0.00017404 0.000146817 -1.35838e-06 -37.5638 1 0 0 7.80711e-06 9.1029e-07 6.14941e-06
4000 83.4289 0.0251295 6.05617e-05 1.7454e-05 3.01931e-07 4.28058e-05 1.45491e-09 0.00198018 0.274837 2.28167 1.4517 2.31234 2.2491 0.936706 -8.36938 11.2455 11.5617 4.68353 0 -0.000173735 0.000146514 -1.26025e-06 -37.5637 1 0 0 7.78839e-06 9.09347e-07 6.11486e-06
4005 83.5545 0.0251295 6.03025e-05 1.74216e-05 3.01864e-07 4.2579e-05 1.4465e-09 0.00198018 0.274837 2.28167 1.4517 2.31234 2.2491 0.936706 -8.36936 11.2455 11.5617 4.68353 0 -0.000173431 0.000146211 -1.1626e-06 -37.5637 1 0 0 7.76977e-06 9.08418e-07 6.08054e-06
4010 83.6802 0.0251295 6.00447e-05 1.73894e-05 3.01802e-07 4.23535e-05 1.43816e-09 0.00198018 0.274838 2.28167 1.4517 2.31235 2.24909 0.936706 -8.36935 11.2455 11.5617 4.68353 0 -0.000173128 0.000145909 -1.06545e-06 -37.5636 1 0 0 7.75124e-06 9.07503e-07 6.04645e-06
4015 83.8058 0.0251295 5.97884e-05 1.73573e-05 3.01743e-07 4.21293e-05 1.42986e-09 0.00198018 0.274837 2.28167 1.4517 2.31235 2.24909 0.936706 -8.36933 11.2455 11.5617 4.68353 0 -0.000172826 0.000145608 -9.68779e-07 -37.5635 1 0 0 7.7328e-06 9.06602e-07 6.01258e-06
4020 83.9315 0.0251295 5.95335e-05 1.73253e-05 3.01689e-07 4.19065e-05 1.42162e-09 0.00198017 0.274838 2.28167 1.4517 2.31235 2.24908 0.936706 -8.36931 11.2454 11.5617 4.68353 0 -0.000172524 0.000145307 -8.72589e-07 -37.5634 1 0 0 7.71445e-06 9.05714e-07 5.97893e-06
4025 84.0571 0.0251295 5.92801e-05 1.72935e-05 3.01638e-07 4.1685e-05 1.41343e-09 0.00198017 0.274838 2.28167 1.4517 2.31236 2.24908 0.936706 -8.36929 11.2454 11.5618 4.68353 0 -0.000172222 0.000145007 -7.76875e-07 -37.5633 1 0 0 7.6962e-06 9.04841e-07 5.9455e-06
4030 84.1827 0.0251295 5.90282e-05 1.72618e-05 3.01592e-07 4.14648e-05 1.40529e-09 0.00198017 0.274838 2.28167 1.4517 2.31236 2.24907 0.936706 -8.36927 11.2454 11.5618 4.68353 0 -0.000171921 0.000144707 -6.81633e-07 -37.5632 1 0 0 7.67803e-06 9.03981e-07 5.91229e-06
4035 84.3084 0.0251295 5.87777e-05 1.72303e-05 3.01549e-07 4.12459e-05 1.3972e-09 0.00198017 0.274837 2.28167 1.4517 2.31237 2.24907 0.936706 -8.36926 11.2454 11.5618 4.68353 0 -0.000171621 0.000144407 -5.86858e-07 -37.5632 1 0 0 7.65996e-06 9.03135e-07 5.87929e-06
4040 84.434 0.0251295 5.85286e-05 1.71988e-05 3.01511e-07 4.10283e-05 1.38916e-09 0.00198017 0.274838 2.28167 1.4517 2.31237 2.24906 0.936706 -8.36924 11.2454 11.5618 4.68353 0 -0.000171322 0.000144109 -4.92548e-07 -37.5631 1 0 0 7.64197e-06 9.02302e-07 5.84652e-06
4045 84.5597 0.0251295 5.82809e-05 1.71675e-05 3.01477e-07 4.08119e-05 1.38117e-09 0.00198017 0.274837 2.28167 1.4517 2.31237 2.24906 0.936706 -8.36922 11.2453 11.5618 4.68353 0 -0.000171023 0.00014381 -3.98698e-07 -37.563 1 0 0 7.62408e-06 9.01484e-07 5.81395e-06
4050 84.6853 0.0251295 5.80347e-05 1.71364e-05 3.01446e-07 4.05969e-05 1.37323e-09 0.00198016 0.274837 2.28167 1.4517 2.31238 2.24906 0.936706 -8.3692 11.2453 11.5619 4.68353 0 -0.000170725 0.000143513 -3.05303e-07 -37.5629 1 0 0 7.60627e-06 9.00678e-07 5.78159e-06
4055 84.811 0.0251295 5.77898e-05 1.71053e-05 3.0142e-07 4.03831e-05 1.36535e-09 0.00198016 0.274838 2.28167 1.4517 2.31238 2.24905 0.936706 -8.36919 11.2453 11.5619 4.68353 0 -0.000170428 0.000143216 -2.12361e-07 -37.5629 1 0 0 7.58855e-06 8.99886e-07 5.74945e-06
4060 84.9366 0.0251295 5.75464e-05 1.70744e-05 3.01397e-07 4.01706e-05 1.35751e-09 0.00198016 0.274837 2.28167 1.4517 2.31238 2.24905 0.936706 -8.36917 11.2453 11.5619 4.68353 0 -0.000170131 0.000142919 -1.19867e-07 -37.5628 1 0 0 7.57093e-06 8.99108e-07 5.71752e-06
4065 85.0623 0.0251295 5.73043e-05 1.70436e-05 3.01379e-07 3.99593e-05 1.34972e-09 0.00198016 0.274838 2.28167 1.4517 2.31239 2.24904 0.936706 -8.36915 11.2453 11.5619 4.68353 0 -0.000169835 0.000142623 -2.7818e-08 -37.5627 1 0 0 7.55339e-06 8.98343e-07 5.68579e-06
4070 85.1879 0.0251295 5.70636e-05 1.7013e-05 3.01364e-07 3.97492e-05 1.34198e-09 0.00198016 0.274837 2.28167 1.4517 2.31239 2.24904 0.936706 -8.36913 11.2452 11.5619 4.68353 0 -0.00016954 0.000142327 6.37908e-08 -37.5626 1 0 0 7.53593e-06 8.97592e-07 5.65427e-06
4075 85.3136 0.0251295 5.68242e-05 1.69824e-05 3.01353e-07 3.95404e-05 1.33429e-09 0.00198016 0.274837 2.28167 1.4517 2.31239 2.24904 0.936706 -8.36912 11.2452 11.5619 4.68353 0 -0.000169245 0.000142032 1.54963e-07 -37.5625 1 0 0 7.51857e-06 8.96854e-07 5.62295e-06
4080 85.4392 0.0251295 5.65862e-05 1.6952e-05 3.01347e-07 3.93328e-05 1.32665e-09 0.00198015 0.274837 2.28167 1.4517 2.3124 2.24903 0.936706 -8.3691 11.2452 11.562 4.68353 0 -0.000168951 0.000141738 2.45702e-07 -37.5625 1 0 0 7.50129e-06 8.96129e-07 5.59184e-06
4085 85.5649 0.0251295 5.63496e-05 1.69218e-05 3.01344e-07 3.91265e-05 1.31905e-09 0.00198015 0.274837 2.28167 1.4517 2.3124 2.24903 0.936706 -8.36908 11.2452 11.562 4.68353 0 -0.000168657 0.000141444 3.36012e-07 -37.5624 1 0 0 7.4841e-06 8.95418e-07 5.56092e-06
4090 85.6905 0.0251295 5.61143e-05 1.68916e-05 3.01345e-07 3.89213e-05 1.31151e-09 0.00198015 0.274838 2.28167 1.4517 2.3124 2.24902 0.936706 -8.36906 11.2451 11.562 4.68353 0 -0.000168364 0.00014115 4.25896e-07 -37.5623 1 0 0 7.467e-06 8.9472e-07 5.53021e-06
4095 85.8162 0.0251295 5.58803e-05 1.68616e-05 3.01351e-07 3.87173e-05 1.30401e-09 0.00198015 0.274837 2.28167 1.4517 2.31241 2.24902 0.936706 -8.36905 11.2451 11.562 4.68353 0 -0.000168072 0.000140857 5.15358e-07 -37.5622 1 0 0 7.44999e-06 8.94035e-07 5.49969e-06
4100 85.9418 0.0251295 5.56476e-05 1.68317e-05 3.0136e-07 3.85146e-05 1.29655e-09 0.00198015 0.274838 2.28167 1.4517 2.31241 2.24901 0.936706 -8.36903 11.2451 11.562 4.68353 0 -0.00016778 0.000140565 6.04402e-07 -37.5622 1 0 0 7.43306e-06 8.93363e-07 5.46938e-06
4105 86.0675 0.0251295 5.54163e-05 1.68019e-05 3.01373e-07 3.8313e-05 1.28915e-09 0.00198015 0.274838 2.28167 1.4517 2.31242 2.24901 0.936706 -8.36901 11.2451 11.562 4.68353 0 -0.00016749 0.000140273 6.93032e-07 -37.5621 1 0 0 7.41621e-06 8.92705e-07 5.43926e-06
4110 86.1931 0.0251295 5.51862e-05 1.67723e-05 3.0139e-07 3.81125e-05 1.28179e-09 0.00198014 0.274837 2.28167 1.4517 2.31242 2.24901 0.936706 -8.369 11.2451 11.5621 4.68353 0 -0.000167199 0.000139982 7.8125e-07 -37.562 1 0 0 7.39945e-06 8.92059e-07 5.40933e-06
4115 86.3188 0.0251295 5.49575e-05 1.67428e-05 3.01411e-07 3.79133e-05 1.27447e-09 0.00198014 0.274838 2.28167 1.4517 2.31242 2.249 0.936706 -8.36898 11.245 11.5621 4.68353 0 -0.00016691 0.000139691 8.69062e-07 -37.5619 1 0 0 7.38278e-06 8.91427e-07 5.37959e-06
4120 86.4444 0.0251295 5.473e-05 1.67134e-05 3.01436e-07 3.77152e-05 1.2672e-09 0.00198014 0.274838 2.28167 1.4517 2.31243 2.249 0.936706 -8.36896 11.245 11.5621 4.68353 0 -0.000166621 0.0001394 9.56469e-07 -37.5618 1 0 0 7.36619e-06 8.90807e-07 5.35005e-06
4125 86.57 0.0251295 5.45038e-05 1.66841e-05 3.01465e-07 3.75182e-05 1.25998e-09 0.00198014 0.274837 2.28167 1.4517 2.31243 2.24899 0.936706 -8.36895 11.245 11.5621 4.68353 0 -0.000166332 0.000139111 1.04348e-06 -37.5618 1 0 0 7.34969e-06 8.90201e-07 5.3207e-06
4130 86.6957 0.0251295 5.42789e-05 1.6655e-05 3.01497e-07 3.73224e-05 1.2528e-09 0.00198014 0.274837 2.28167 1.4517 2.31243 2.24899 0.936706 -8.36893 11.245 11.5621 4.68353 0 -0.000166045 0.000138821 1.13009e-06 -37.5617 1 0 0 7.33327e-06 8.89607e-07 5.29154e-06
4135 86.8213 0.0251295 5.40553e-05 1.66259e-05 3.01534e-07 3.71278e-05 1.24567e-09 0.00198014 0.274837 2.28167 1.4517 2.31244 2.24898 0.936706 -8.36891 11.245 11.5622 4.68353 0 -0.000165758 0.000138532 1.2163e-06 -37.5616 1 0 0 7.31694e-06 8.89027e-07 5.26256e-06
4140 86.947 0.0251295 5.38329e-05 1.6597e-05 3.01575e-07 3.69342e-05 1.23858e-09 0.00198013 0.274837 2.28167 1.4517 2.31244 2.24898 0.936706 -8.3689 11.2449 11.5622 4.68353 0 -0.000165471 0.000138244 1.30213e-06 -37.5615 1 0 0 7.30068e-06 8.88459e-07 5.23377e-06
4145 87.0726 0.0251295 5.36117e-05 1.65683e-05 3.01619e-07 3.67418e-05 1.23154e-09 0.00198013 0.274838 2.28167 1.4517 2.31244 2.24898 0.936706 -8.36888 11.2449 11.5622 4.68353 0 -0.000165186 0.000137956 1.38757e-06 -37.5615 1 0 0 7.28452e-06 8.87904e-07 5.20516e-06
4150 87.1983 0.0251295 5.33918e-05 1.65396e-05 3.01668e-07 3.65505e-05 1.22454e-09 0.00198013 0.274837 2.28167 1.4517 2.31245 2.24897 0.936706 -8.36886 11.2449 11.5622 4.68353 0 -0.000164901 0.000137669 1.47263e-06 -37.5614 1 0 0 7.26843e-06 8.87362e-07 5.17674e-06
4155 87.3239 0.0251295 5.31731e-05 1.65111e-05 3.0172e-07 3.63603e-05 1.21758e-09 0.00198013 0.274838 2.28167 1.4517 2.31245 2.24897 0.936706 -8.36885 11.2449 11.5622 4.68353 0 -0.000164616 0.000137382 1.55731e-06 -37.5613 1 0 0 7.25243e-06 8.86832e-07 5.1485e-06
4160 87.4496 0.0251295 5.29557e-05 1.64827e-05 3.01776e-07 3.61712e-05 1.21067e-09 0.00198013 0.274838 2.28167 1.4517 2.31245 2.24896 0.936706 -8.36883 11.2449 11.5622 4.68353 0 -0.000164332 0.000137096 1.64161e-06 -37.5612 1 0 0 7.23651e-06 8.86316e-07 5.12045e-06
4165 87.5752 0.0251295 5.27394e-05 1.64544e-05 3.01836e-07 3.59832e-05 1.2038e-09 0.00198013 0.274838 2.28167 1.4517 2.31246 2.24896 0.936706 -8.36881 11.2448 11.5623 4.68353 0 -0.000164049 0.00013681 1.72554e-06 -37.5612 1 0 0 7.22068e-06 8.85812e-07 5.09257e-06
4170 87.7009 0.0251295 5.25244e-05 1.64262e-05 3.019e-07 3.57963e-05 1.19697e-09 0.00198012 0.274838 2.28167 1.4517 2.31246 2.24896 0.936706 -8.3688 11.2448 11.5623 4.68353 0 -0.000163767 0.000136525 1.8091e-06 -37.5611 1 0 0 7.20492e-06 8.8532e-07 5.06487e-06
4175 87.8265 0.0251295 5.23106e-05 1.63981e-05 3.01968e-07 3.56105e-05 1.19018e-09 0.00198012 0.274838 2.28167 1.4517 2.31246 2.24895 0.936706 -8.36878 11.2448 11.5623 4.68353 0 -0.000163485 0.00013624 1.8923e-06 -37.561 1 0 0 7.18925e-06 8.84842e-07 5.03734e-06
4180 87.9522 0.0251295 5.2098e-05 1.63702e-05 3.0204e-07 3.54257e-05 1.18344e-09 0.00198012 0.274838 2.28167 1.4517 2.31247 2.24895 0.936706 -8.36876 11.2448 11.5623 4.68353 0 -0.000163204 0.000135956 1.97513e-06 -37.561 1 0 0 7.17366e-06 8.84375e-07 5.01e-06
4185 88.0778 0.0251295 5.18865e-05 1.63424e-05 3.02116e-07 3.5242e-05 1.17674e-09 0.00198012 0.274837 2.28167 1.4517 2.31247 2.24894 0.936706 -8.36875 11.2447 11.5623 4.68353 0 -0.000162923 0.000135672 2.0576e-06 -37.5609 1 0 0 7.15815e-06 8.83922e-07 4.98282e-06
4190 88.2035 0.0251295 5.16763e-05 1.63147e-05 3.02195e-07 3.50594e-05 1.17008e-09 0.00198012 0.274838 2.28167 1.4517 2.31247 2.24894 0.936706 -8.36873 11.2447 11.5623 4.68353 0 -0.000162643 0.000135389 2.13971e-06 -37.5608 1 0 0 7.14272e-06 8.83481e-07 4.95583e-06
4195 88.3291 0.0251295 5.14672e-05 1.62871e-05 3.02279e-07 3.48778e-05 1.16346e-09 0.00198012 0.274838 2.28167 1.4517 2.31248 2.24894 0.936706 -8.36871 11.2447 11.5624 4.68353 0 -0.000162364 0.000135106 2.22147e-06 -37.5607 1 0 0 7.12737e-06 8.83052e-07 4.929e-06
4200 88.4548 0.0251295 5.12592e-05 1.62597e-05 3.02366e-07 3.46972e-05 1.15688e-09 0.00198011 0.274838 2.28167 1.4517 2.31248 2.24893 0.936706 -8.3687 11.2447 11.5624 4.68353 0 -0.000162085 0.000134824 2.30289e-06 -37.5607 1 0 0 7.1121e-06 8.82636e-07 4.90234e-06
4205 88.5804 0.0251295 5.10525e-05 1.62323e-05 3.02457e-07 3.45177e-05 1.15035e-09 0.00198011 0.274838 2.28167 1.4517 2.31248 2.24893 0.936707 -8.36868 11.2447 11.5624 4.68353 0 -0.000161807 0.000134542 2.38395e-06 -37.5606 1 0 0 7.09692e-06 8.82232e-07 4.87586e-06
4210 88.7061 0.0251295 5.08469e-05 1.62051e-05 3.02553e-07 3.43392e-05 1.14385e-09 0.00198011 0.274838 2.28167 1.4517 2.31249 2.24892 0.936707 -8.36867 11.2446 11.5624 4.68353 0 -0.00016153 0.000134261 2.46467e-06 -37.5605 1 0 0 7.08181e-06 8.8184e-07 4.84954e-06
4215 88.8317 0.0251295 5.06424e-05 1.6178e-05 3.02652e-07 3.41617e-05 1.1374e-09 0.00198011 0.274838 2.28167 1.4517 2.31249 2.24892 0.936707 -8.36865 11.2446 11.5624 4.68353 0 -0.000161253 0.000133981 2.54505e-06 -37.5604 1 0 0 7.06678e-06 8.81461e-07 4.82339e-06
4220 88.9574 0.0251295 5.0439e-05 1.6151e-05 3.02754e-07 3.39853e-05 1.13098e-09 0.00198011 0.274838 2.28167 1.4517 2.31249 2.24891 0.936707 -8.36863 11.2446 11.5624 4.68353 0 -0.000160977 0.0001337 2.6251e-06 -37.5604 1 0 0 7.05183e-06 8.81094e-07 4.79741e-06
4225 89.083 0.0251295 5.02368e-05 1.61242e-05 3.02861e-07 3.38098e-05 1.1246e-09 0.00198011 0.274838 2.28167 1.4517 2.3125 2.24891 0.936707 -8.36862 11.2446 11.5625 4.68353 0 -0.000160701 0.000133421 2.70481e-06 -37.5603 1 0 0 7.03696e-06 8.80739e-07 4.77159e-06
4230 89.2086 0.0251295 5.00358e-05 1.60974e-05 3.02972e-07 3.36354e-05 1.11827e-09 0.0019801 0.274838 2.28167 1.4517 2.3125 2.24891 0.936707 -8.3686 11.2446 11.5625 4.68353 0 -0.000160427 0.000133141 2.78418e-06 -37.5602 1 0 0 7.02217e-06 8.80397e-07 4.74594e-06
4235 89.3343 0.0251295 4.98358e-05 1.60708e-05 3.03086e-07 3.3462e-05 1.11197e-09 0.0019801 0.274838 2.28167 1.4517 2.3125 2.2489 0.936707 -8.36859 11.2445 11.5625 4.68353 0 -0.000160153 0.000132863 2.86323e-06 -37.5602 1 0 0 7.00745e-06 8.80067e-07 4.72045e-06
4240 89.4599 0.0251295 4.96369e-05 1.60442e-05 3.03204e-07 3.32895e-05 1.10571e-09 0.0019801 0.274838 2.28167 1.4517 2.31251 2.2489 0.936707 -8.36857 11.2445 11.5625 4.68353 0 -0.000159879 0.000132585 2.94196e-06 -37.5601 1 0 0 6.99282e-06 8.79748e-07 4.69512e-06
4245 89.5856 0.0251295 4.94392e-05 1.60178e-05 3.03327e-07 3.3118e-05 1.09949e-09 0.0019801 0.274837 2.28167 1.4517 2.31251 2.24889 0.936707 -8.36856 11.2445 11.5625 4.68353 0 -0.000159606 0.000132307 3.02036e-06 -37.56 1 0 0 6.97826e-06 8.79442e-07 4.66995e-06
4250 89.7112 0.0251295 4.92425e-05 1.59915e-05 3.03453e-07 3.29476e-05 1.09331e-09 0.0019801 0.274838 2.28167 1.4517 2.31251 2.24889 0.936707 -8.36854 11.2445 11.5625 4.68353 0 -0.000159334 0.00013203 3.09844e-06 -37.56 1 0 0 6.96378e-06 8.79148e-07 4.64494e-06
4255 89.8369 0.0251295 4.9047e-05 1.59654e-05 3.03583e-07 3.2778e-05 1.08717e-09 0.0019801 0.274838 2.28167 1.4517 2.31252 2.24889 0.936707 -8.36852 11.2445 11.5626 4.68353 0 -0.000159062 0.000131753 3.17621e-06 -37.5599 1 0 0 6.94938e-06 8.78866e-07 4.62009e-06
4260 89.9625 0.0251295 4.88525e-05 1.59393e-05 3.03716e-07 3.26095e-05 1.08106e-09 0.0019801 0.274838 2.28167 1.4517 2.31252 2.24888 0.936707 -8.36851 11.2444 11.5626 4.68354 0 -0.000158791 0.000131477 3.25366e-06 -37.5598 1 0 0 6.93505e-06 8.78596e-07 4.5954e-06
4265 90.0882 0.0251295 4.86591e-05 1.59133e-05 3.03854e-07 3.24419e-05 1.075e-09 0.00198009 0.274838 2.28167 1.4517 2.31252 2.24888 0.936707 -8.36849 11.2444 11.5626 4.68354 0 -0.000158521 0.000131201 3.3308e-06 -37.5597 1 0 0 6.9208e-06 8.78338e-07 4.57086e-06
4270 90.2138 0.0251295 4.84667e-05 1.58875e-05 3.03995e-07 3.22753e-05 1.06897e-09 0.00198009 0.274838 2.28167 1.4517 2.31253 2.24887 0.936707 -8.36848 11.2444 11.5626 4.68354 0 -0.000158251 0.000130926 3.40764e-06 -37.5597 1 0 0 6.90663e-06 8.78092e-07 4.54648e-06
4275 90.3395 0.0251295 4.82755e-05 1.58618e-05 3.04141e-07 3.21096e-05 1.06297e-09 0.00198009 0.274838 2.28167 1.4517 2.31253 2.24887 0.936708 -8.36846 11.2444 11.5626 4.68354 0 -0.000157982 0.000130651 3.48417e-06 -37.5596 1 0 0 6.89254e-06 8.77858e-07 4.52225e-06
4280 90.4651 0.0251295 4.80853e-05 1.58362e-05 3.0429e-07 3.19448e-05 1.05702e-09 0.00198009 0.274838 2.28167 1.4517 2.31253 2.24887 0.936708 -8.36845 11.2444 11.5626 4.68354 0 -0.000157714 0.000130377 3.5604e-06 -37.5595 1 0 0 6.87852e-06 8.77636e-07 4.49818e-06
4285 90.5908 0.0251295 4.78961e-05 1.58107e-05 3.04443e-07 3.1781e-05 1.0511e-09 0.00198009 0.274838 2.28167 1.4517 2.31254 2.24886 0.936708 -8.36843 11.2443 11.5627 4.68354 0 -0.000157446 0.000130103 3.63632e-06 -37.5595 1 0 0 6.86457e-06 8.77426e-07 4.47426e-06
4290 90.7164 0.0251295 4.7708e-05 1.57853e-05 3.04599e-07 3.16181e-05 1.04521e-09 0.00198009 0.274837 2.28167 1.4517 2.31254 2.24886 0.936708 -8.36842 11.2443 11.5627 4.68354 0 -0.000157179 0.000129829 3.71196e-06 -37.5594 1 0 0 6.8507e-06 8.77227e-07 4.45049e-06
4295 90.8421 0.0251295 4.75209e-05 1.576e-05 3.0476e-07 3.14562e-05 1.03937e-09 0.00198008 0.274837 2.28167 1.4517 2.31254 2.24886 0.936708 -8.3684 11.2443 11.5627 4.68354 0 -0.000156912 0.000129557 3.7873e-06 -37.5593 1 0 0 6.83691e-06 8.7704e-07 4.42686e-06
4300 90.9677 0.0251295 4.73349e-05 1.57348e-05 3.04925e-07 3.12951e-05 1.03356e-09 0.00198008 0.274838 2.28167 1.4517 2.31255 2.24885 0.936708 -8.36838 11.2443 11.5627 4.68354 0 -0.000156646 0.000129284 3.86235e-06 -37.5593 1 0 0 6.82319e-06 8.76865e-07 4.40339e-06
4305 91.0934 0.0251295 4.71498e-05 1.57098e-05 3.05093e-07 3.1135e-05 1.02778e-09 0.00198008 0.274838 2.28167 1.4517 2.31255 2.24885 0.936708 -8.36837 11.2443 11.5627 4.68354 0 -0.000156381 0.000129012 3.93711e-06 -37.5592 1 0 0 6.80955e-06 8.76702e-07 4.38007e-06
4310 91.219 0.0251295 4.69659e-05 1.56848e-05 3.05265e-07 3.09758e-05 1.02204e-09 0.00198008 0.274837 2.28167 1.4517 2.31255 2.24884 0.936708 -8.36835 11.2442 11.5627 4.68354 0 -0.000156116 0.000128741 4.01158e-06 -37.5591 1 0 0 6.79598e-06 8.7655e-07 4.35689e-06
4315 91.3447 0.0251295 4.67829e-05 1.566e-05 3.05441e-07 3.08174e-05 1.01634e-09 0.00198008 0.274837 2.28167 1.4517 2.31256 2.24884 0.936708 -8.36834 11.2442 11.5628 4.68354 0 -0.000155852 0.00012847 4.08578e-06 -37.5591 1 0 0 6.78249e-06 8.7641e-07 4.33386e-06
4320 91.4703 0.0251295 4.66009e-05 1.56353e-05 3.05621e-07 3.066e-05 1.01067e-09 0.00198008 0.274837 2.28167 1.4517 2.31256 2.24884 0.936708 -8.36832 11.2442 11.5628 4.68354 0 -0.000155589 0.0001282 4.15969e-06 -37.559 1 0 0 6.76907e-06 8.76282e-07 4.31097e-06
4325 91.5959 0.0251295 4.64199e-05 1.56107e-05 3.05804e-07 3.05035e-05 1.00503e-09 0.00198008 0.274838 2.28167 1.4517 2.31256 2.24883 0.936709 -8.36831 11.2442 11.5628 4.68354 0 -0.000155326 0.00012793 4.23333e-06 -37.5589 1 0 0 6.75572e-06 8.76165e-07 4.28823e-06
4330 91.7216 0.0251295 4.62399e-05 1.55862e-05 3.05992e-07 3.03478e-05 9.99432e-10 0.00198007 0.274838 2.28167 1.4517 2.31257 2.24883 0.936709 -8.36829 11.2442 11.5628 4.68354 0 -0.000155064 0.00012766 4.30669e-06 -37.5588 1 0 0 6.74244e-06 8.7606e-07 4.26563e-06
4335 91.8472 0.0251295 4.6061e-05 1.55618e-05 3.06183e-07 3.0193e-05 9.93866e-10 0.00198007 0.274838 2.28167 1.4517 2.31257 2.24882 0.936709 -8.36828 11.2441 11.5628 4.68354 0 -0.000154803 0.000127391 4.37978e-06 -37.5588 1 0 0 6.72924e-06 8.75966e-07 4.24317e-06
4340 91.9729 0.0251295 4.5883e-05 1.55375e-05 3.06378e-07 3.00391e-05 9.88334e-10 0.00198007 0.274838 2.28167 1.4517 2.31257 2.24882 0.936709 -8.36826 11.2441 11.5628 4.68354 0 -0.000154542 0.000127123 4.4526e-06 -37.5587 1 0 0 6.71612e-06 8.75884e-07 4.22085e-06
4345 92.0985 0.0251295 4.5706e-05 1.55133e-05 3.06577e-07 2.98861e-05 9.82836e-10 0.00198007 0.274837 2.28167 1.4517 2.31258 2.24882 0.936709 -8.36825 11.2441 11.5629 4.68354 0 -0.000154282 0.000126855 4.52516e-06 -37.5586 1 0 0 6.70306e-06 8.75813e-07 4.19868e-06
4350 92.2242 0.0251295 4.55299e-05 1.54892e-05 3.0678e-07 2.97339e-05 9.77371e-10 0.00198007 0.274837 2.28167 1.4517 2.31258 2.24881 0.936709 -8.36823 11.2441 11.5629 4.68354 0 -0.000154022 0.000126587 4.59745e-06 -37.5586 1 0 0 6.69008e-06 8.75754e-07 4.17664e-06
4355 92.3498 0.0251295 4.53548e-05 1.54653e-05 3.06987e-07 2.95826e-05 9.7194e-10 0.00198007 0.274838 2.28167 1.4517 2.31258 2.24881 0.936709 -8.36822 11.2441 11.5629 4.68354 0 -0.000153763 0.00012632 4.66948e-06 -37.5585 1 0 0 6.67717e-06 8.75706e-07 4.15474e-06
4360 92.4755 0.0251295 4.51807e-05 1.54414e-05 3.07197e-07 2.94321e-05 9.66542e-10 0.00198007 0.274838 2.28167 1.4517 2.31259 2.2488 0.936709 -8.3682 11.2441 11.5629 4.68355 0 -0.000153505 0.000126054 4.74125e-06 -37.5584 1 0 0 6.66433e-06 8.75669e-07 4.13298e-06
4365 92.6011 0.0251295 4.50076e-05 1.54177e-05 3.07412e-07 2.92825e-05 9.61177e-10 0.00198006 0.274837 2.28167 1.4517 2.31259 2.2488 0.936709 -8.36819 11.244 11.5629 4.68355 0 -0.000153247 0.000125788 4.81277e-06 -37.5584 1 0 0 6.65157e-06 8.75644e-07 4.11135e-06
4370 92.7268 0.0251295 4.48354e-05 1.5394e-05 3.0763e-07 2.91337e-05 9.55845e-10 0.00198006 0.274838 2.28167 1.4517 2.31259 2.2488 0.93671 -8.36818 11.244 11.5629 4.68355 0 -0.00015299 0.000125522 4.88403e-06 -37.5583 1 0 0 6.63887e-06 8.7563e-07 4.08986e-06
4375 92.8524 0.0251295 4.46641e-05 1.53705e-05 3.07851e-07 2.89857e-05 9.50546e-10 0.00198006 0.274838 2.28167 1.4517 2.3126 2.24879 0.93671 -8.36816 11.244 11.563 4.68355 0 -0.000152733 0.000125257 4.95504e-06 -37.5582 1 0 0 6.62625e-06 8.75628e-07 4.06851e-06
4380 92.9781 0.0251295 4.44938e-05 1.53471e-05 3.08077e-07 2.88386e-05 9.45278e-10 0.00198006 0.274837 2.28167 1.4517 2.3126 2.24879 0.93671 -8.36815 11.244 11.563 4.68355 0 -0.000152478 0.000124992 5.0258e-06 -37.5582 1 0 0 6.6137e-06 8.75637e-07 4.04728e-06
4385 93.1037 0.0251295 4.43244e-05 1.53238e-05 3.08307e-07 2.86923e-05 9.40043e-10 0.00198006 0.274838 2.28167 1.4517 2.3126 2.24879 0.93671 -8.36813 11.244 11.563 4.68355 0 -0.000152222 0.000124728 5.09632e-06 -37.5581 1 0 0 6.60122e-06 8.75657e-07 4.02619e-06
4390 93.2294 0.0251295 4.41559e-05 1.53005e-05 3.0854e-07 2.85469e-05 9.3484e-10 0.00198006 0.274837 2.28167 1.4517 2.3126 2.24878 0.93671 -8.36812 11.2439 11.563 4.68355 0 -0.000151968 0.000124464 5.16659e-06 -37.5581 1 0 0 6.58881e-06 8.75688e-07 4.00524e-06
4395 93.355 0.0251295 4.39884e-05 1.52774e-05 3.08777e-07 2.84022e-05 9.29668e-10 0.00198006 0.274838 2.28167 1.4517 2.31261 2.24878 0.93671 -8.3681 11.2439 11.563 4.68355 0 -0.000151714 0.000124201 5.23662e-06 -37.558 1 0 0 6.57647e-06 8.7573e-07 3.98441e-06
4400 93.4807 0.0251295 4.38218e-05 1.52544e-05 3.09018e-07 2.82583e-05 9.24528e-10 0.00198005 0.274838 2.28167 1.4517 2.31261 2.24877 0.93671 -8.36809 11.2439 11.563 4.68355 0 -0.000151461 0.000123938 5.30641e-06 -37.5579 1 0 0 6.5642e-06 8.75784e-07 3.96371e-06
4405 93.6063 0.0251295 4.36561e-05 1.52315e-05 3.09263e-07 2.81153e-05 9.19419e-10 0.00198005 0.274837 2.28167 1.4517 2.31261 2.24877 0.93671 -8.36807 11.2439 11.563 4.68355 0 -0.000151208 0.000123676 5.37596e-06 -37.5579 1 0 0 6.552e-06 8.75848e-07 3.94314e-06
4410 93.732 0.0251295 4.34913e-05 1.52087e-05 3.09512e-07 2.7973e-05 9.14341e-10 0.00198005 0.274837 2.28167 1.4517 2.31262 2.24877 0.936711 -8.36806 11.2439 11.5631 4.68355 0 -0.000150956 0.000123414 5.44529e-06 -37.5578 1 0 0 6.53986e-06 8.75924e-07 3.9227e-06
4415 93.8576 0.0251295 4.33274e-05 1.51861e-05 3.09764e-07 2.78316e-05 9.09294e-10 0.00198005 0.274838 2.28167 1.4517 2.31262 2.24876 0.936711 -8.36804 11.2438 11.5631 4.68355 0 -0.000150704 0.000123153 5.51437e-06 -37.5577 1 0 0 6.5278e-06 8.76011e-07 3.90239e-06
4420 93.9832 0.0251295 4.31644e-05 1.51635e-05 3.10021e-07 2.76909e-05 9.04274e-10 0.00198005 0.274838 2.28167 1.4517 2.31262 2.24876 0.936711 -8.36803 11.2438 11.5631 4.68355 0 -0.000150455 0.000122893 5.58299e-06 -37.5577 1 0 0 6.51581e-06 8.76109e-07 3.88221e-06
4425 94.1089 0.0251295 4.30023e-05 1.5141e-05 3.10281e-07 2.75511e-05 8.9929e-10 0.00198005 0.274838 2.28167 1.4517 2.31263 2.24875 0.936711 -8.36802 11.2438 11.5631 4.68355 0 -0.000150203 0.000122631 5.65188e-06 -37.5576 1 0 0 6.50389e-06 8.76218e-07 3.86215e-06
4430 94.2345 0.0251295 4.28411e-05 1.51186e-05 3.10545e-07 2.7412e-05 8.94335e-10 0.00198005 0.274838 2.28167 1.4517 2.31263 2.24875 0.936711 -8.368 11.2438 11.5631 4.68355 0 -0.000149954 0.000122371 5.72028e-06 -37.5575 1 0 0 6.49203e-06 8.76338e-07 3.84221e-06
4435 94.3602 0.0251295 4.26808e-05 1.50964e-05 3.10812e-07 2.72736e-05 8.89409e-10 0.00198004 0.274837 2.28167 1.4517 2.31263 2.24875 0.936711 -8.36799 11.2438 11.5631 4.68356 0 -0.000149705 0.000122112 5.78847e-06 -37.5575 1 0 0 6.48025e-06 8.76468e-07 3.8224e-06
4440 94.4858 0.0251295 4.25214e-05 1.50742e-05 3.11084e-07 2.71361e-05 8.84514e-10 0.00198004 0.274838 2.28167 1.4517 2.31264 2.24874 0.936711 -8.36797 11.2437 11.5632 4.68356 0 -0.000149457 0.000121852 5.85643e-06 -37.5574 1 0 0 6.46853e-06 8.7661e-07 3.80271e-06
4445 94.6115 0.0251295 4.23628e-05 1.50521e-05 3.11359e-07 2.69993e-05 8.79648e-10 0.00198004 0.274837 2.28167 1.4517 2.31264 2.24874 0.936712 -8.36796 11.2437 11.5632 4.68356 0 -0.000149209 0.000121594 5.92418e-06 -37.5573 1 0 0 6.45688e-06 8.76763e-07 3.78315e-06
4450 94.7371 0.0251295 4.22051e-05 1.50302e-05 3.11639e-07 2.68633e-05 8.74811e-10 0.00198004 0.274837 2.28167 1.4517 2.31264 2.24874 0.936712 -8.36794 11.2437 11.5632 4.68356 0 -0.000148962 0.000121336 5.99171e-06 -37.5573 1 0 0 6.4453e-06 8.76927e-07 3.7637e-06
4455 94.8628 0.0251295 4.20482e-05 1.50083e-05 3.11922e-07 2.6728e-05 8.70004e-10 0.00198004 0.274838 2.28167 1.4517 2.31265 2.24873 0.936712 -8.36793 11.2437 11.5632 4.68356 0 -0.000148715 0.000121078 6.05903e-06 -37.5572 1 0 0 6.43379e-06 8.77101e-07 3.74438e-06
4460 94.9884 0.0251295 4.18922e-05 1.49865e-05 3.12208e-07 2.65935e-05 8.65225e-10 0.00198004 0.274838 2.28167 1.4517 2.31265 2.24873 0.936712 -8.36792 11.2437 11.5632 4.68356 0 -0.000148469 0.000120821 6.12614e-06 -37.5572 1 0 0 6.42234e-06 8.77286e-07 3.72518e-06
4465 95.1141 0.0251295 4.17371e-05 1.49649e-05 3.12499e-07 2.64597e-05 8.60476e-10 0.00198004 0.274838 2.28167 1.4517 2.31265 2.24872 0.936712 -8.3679 11.2437 11.5632 4.68356 0 -0.000148224 0.000120564 6.19304e-06 -37.5571 1 0 0 6.41096e-06 8.77483e-07 3.70609e-06
4470 95.2397 0.0251295 4.15828e-05 1.49433e-05 3.12794e-07 2.63267e-05 8.55755e-10 0.00198003 0.274838 2.28167 1.4517 2.31265 2.24872 0.936712 -8.36789 11.2436 11.5632 4.68356 0 -0.00014798 0.000120308 6.25973e-06 -37.557 1 0 0 6.39965e-06 8.7769e-07 3.68713e-06
4475 95.3654 0.0251295 4.14294e-05 1.49219e-05 3.13092e-07 2.61944e-05 8.51063e-10 0.00198003 0.274837 2.28167 1.4517 2.31266 2.24872 0.936713 -8.36787 11.2436 11.5633 4.68356 0 -0.000147736 0.000120052 6.32622e-06 -37.557 1 0 0 6.38841e-06 8.77907e-07 3.66828e-06
4480 95.491 0.0251295 4.12768e-05 1.49005e-05 3.13394e-07 2.60629e-05 8.46399e-10 0.00198003 0.274838 2.28167 1.4517 2.31266 2.24871 0.936713 -8.36786 11.2436 11.5633 4.68356 0 -0.000147492 0.000119796 6.3925e-06 -37.5569 1 0 0 6.37723e-06 8.78136e-07 3.64955e-06
4485 95.6167 0.0251295 4.1125e-05 1.48793e-05 3.137e-07 2.5932e-05 8.41763e-10 0.00198003 0.274838 2.28167 1.4517 2.31266 2.24871 0.936713 -8.36785 11.2436 11.5633 4.68356 0 -0.000147249 0.000119541 6.45859e-06 -37.5568 1 0 0 6.36611e-06 8.78375e-07 3.63093e-06
4490 95.7423 0.0251295 4.09741e-05 1.48581e-05 3.1401e-07 2.58019e-05 8.37155e-10 0.00198003 0.274837 2.28167 1.4517 2.31267 2.24871 0.936713 -8.36783 11.2436 11.5633 4.68356 0 -0.000147007 0.000119287 6.52448e-06 -37.5568 1 0 0 6.35507e-06 8.78625e-07 3.61243e-06
4495 95.868 0.0251295 4.0824e-05 1.48371e-05 3.14323e-07 2.56726e-05 8.32575e-10 0.00198003 0.274837 2.28167 1.4517 2.31267 2.2487 0.936713 -8.36782 11.2435 11.5633 4.68356 0 -0.000146766 0.000119033 6.59017e-06 -37.5567 1 0 0 6.34409e-06 8.78885e-07 3.59405e-06
4500 95.9936 0.0251295 4.06747e-05 1.48161e-05 3.14641e-07 2.55439e-05 8.28022e-10 0.00198003 0.274837 2.28167 1.4517 2.31267 2.2487 0.936713 -8.3678 11.2435 11.5633 4.68357 0 -0.000146525 0.000118779 6.65567e-06 -37.5567 1 0 0 6.33317e-06 8.79156e-07 3.57578e-06
4505 96.1193 0.0251295 4.05262e-05 1.47953e-05 3.14962e-07 2.5416e-05 8.23497e-10 0.00198002 0.274837 2.28167 1.4517 2.31268 2.2487 0.936714 -8.36779 11.2435 11.5634 4.68357 0 -0.000146284 0.000118526 6.72098e-06 -37.5566 1 0 0 6.32233e-06 8.79438e-07 3.55762e-06
4510 96.2449 0.0251295 4.03785e-05 1.47745e-05 3.15287e-07 2.52887e-05 8.18999e-10 0.00198002 0.274837 2.28167 1.4517 2.31268 2.24869 0.936714 -8.36778 11.2435 11.5634 4.68357 0 -0.000146045 0.000118273 6.78609e-06 -37.5565 1 0 0 6.31154e-06 8.79731e-07 3.53957e-06
4515 96.3705 0.0251295 4.02317e-05 1.47539e-05 3.15616e-07 2.51622e-05 8.14529e-10 0.00198002 0.274838 2.28167 1.4517 2.31268 2.24869 0.936714 -8.36776 11.2435 11.5634 4.68357 0 -0.000145806 0.000118021 6.85102e-06 -37.5565 1 0 0 6.30082e-06 8.80034e-07 3.52164e-06
4520 96.4962 0.0251295 4.00856e-05 1.47333e-05 3.15949e-07 2.50363e-05 8.10085e-10 0.00198002 0.274837 2.28167 1.4517 2.31268 2.24868 0.936714 -8.36775 11.2435 11.5634 4.68357 0 -0.000145567 0.000117769 6.91577e-06 -37.5564 1 0 0 6.29017e-06 8.80347e-07 3.50382e-06
4525 96.6218 0.0251295 3.99403e-05 1.47129e-05 3.16286e-07 2.49112e-05 8.05667e-10 0.00198002 0.274837 2.28167 1.4517 2.31269 2.24868 0.936714 -8.36774 11.2434 11.5634 4.68357 0 -0.000145329 0.000117518 6.98033e-06 -37.5563 1 0 0 6.27958e-06 8.80671e-07 3.4861e-06
4530 96.7475 0.0251295 3.97959e-05 1.46925e-05 3.16626e-07 2.47867e-05 8.01277e-10 0.00198002 0.274838 2.28167 1.4517 2.31269 2.24868 0.936714 -8.36772 11.2434 11.5634 4.68357 0 -0.000145092 0.000117267 7.04471e-06 -37.5563 1 0 0 6.26906e-06 8.81006e-07 3.4685e-06
4535 96.8731 0.0251295 3.96522e-05 1.46723e-05 3.1697e-07 2.4663e-05 7.96912e-10 0.00198002 0.274837 2.28167 1.4517 2.31269 2.24867 0.936715 -8.36771 11.2434 11.5634 4.68357 0 -0.000144855 0.000117016 7.10891e-06 -37.5562 1 0 0 6.2586e-06 8.81351e-07 3.451e-06
4540 96.9988 0.0251295 3.95093e-05 1.46521e-05 3.17318e-07 2.45399e-05 7.92574e-10 0.00198001 0.274838 2.28167 1.4517 2.3127 2.24867 0.936715 -8.3677 11.2434 11.5635 4.68357 0 -0.000144619 0.000116766 7.17294e-06 -37.5562 1 0 0 6.2482e-06 8.81706e-07 3.43362e-06
4545 97.1244 0.0251295 3.93672e-05 1.4632e-05 3.1767e-07 2.44175e-05 7.88262e-10 0.00198001 0.274838 2.28167 1.4517 2.3127 2.24867 0.936715 -8.36768 11.2434 11.5635 4.68357 0 -0.000144384 0.000116517 7.23678e-06 -37.5561 1 0 0 6.23787e-06 8.82072e-07 3.41634e-06
4550 97.2501 0.0251295 3.92259e-05 1.46121e-05 3.18026e-07 2.42957e-05 7.83975e-10 0.00198001 0.274838 2.28167 1.4517 2.3127 2.24866 0.936715 -8.36767 11.2433 11.5635 4.68357 0 -0.000144149 0.000116268 7.30046e-06 -37.556 1 0 0 6.2276e-06 8.82449e-07 3.39916e-06
4555 97.3757 0.0251295 3.90853e-05 1.45922e-05 3.18386e-07 2.41747e-05 7.79715e-10 0.00198001 0.274838 2.28167 1.4517 2.3127 2.24866 0.936715 -8.36765 11.2433 11.5635 4.68358 0 -0.000143915 0.000116019 7.36396e-06 -37.556 1 0 0 6.21739e-06 8.82836e-07 3.3821e-06
4560 97.5014 0.0251295 3.89455e-05 1.45725e-05 3.18749e-07 2.40543e-05 7.7548e-10 0.00198001 0.274838 2.28167 1.4517 2.31271 2.24866 0.936715 -8.36764 11.2433 11.5635 4.68358 0 -0.000143681 0.000115771 7.4273e-06 -37.5559 1 0 0 6.20725e-06 8.83233e-07 3.36513e-06
4565 97.627 0.0251295 3.88065e-05 1.45528e-05 3.19117e-07 2.39346e-05 7.7127e-10 0.00198001 0.274837 2.28167 1.4517 2.31271 2.24865 0.936716 -8.36763 11.2433 11.5635 4.68358 0 -0.000143448 0.000115523 7.49047e-06 -37.5559 1 0 0 6.19717e-06 8.8364e-07 3.34828e-06
4570 97.7527 0.0251295 3.86682e-05 1.45332e-05 3.19488e-07 2.38155e-05 7.67085e-10 0.00198001 0.274837 2.28167 1.4517 2.31271 2.24865 0.936716 -8.36761 11.2433 11.5635 4.68358 0 -0.000143216 0.000115276 7.55347e-06 -37.5558 1 0 0 6.18716e-06 8.84058e-07 3.33152e-06
4575 97.8783 0.0251295 3.85307e-05 1.45137e-05 3.19863e-07 2.36971e-05 7.62925e-10 0.00198001 0.274837 2.28167 1.4517 2.31272 2.24864 0.936716 -8.3676 11.2433 11.5636 4.68358 0 -0.000142984 0.000115029 7.61631e-06 -37.5557 1 0 0 6.1772e-06 8.84486e-07 3.31487e-06
4580 98.004 0.0251295 3.83939e-05 1.44944e-05 3.20242e-07 2.35793e-05 7.58791e-10 0.00198 0.274837 2.28167 1.4517 2.31272 2.24864 0.936716 -8.36759 11.2432 11.5636 4.68358 0 -0.000142753 0.000114782 7.67898e-06 -37.5557 1 0 0 6.16731e-06 8.84925e-07 3.29832e-06
4585 98.1296 0.0251295 3.82579e-05 1.44751e-05 3.20624e-07 2.34622e-05 7.5468e-10 0.00198 0.274838 2.28167 1.4517 2.31272 2.24864 0.936716 -8.36757 11.2432 11.5636 4.68358 0 -0.000142523 0.000114536 7.7415e-06 -37.5556 1 0 0 6.15749e-06 8.85373e-07 3.28188e-06
4590 98.2553 0.0251295 3.81226e-05 1.44559e-05 3.21011e-07 2.33457e-05 7.50595e-10 0.00198 0.274837 2.28167 1.4517 2.31272 2.24863 0.936717 -8.36756 11.2432 11.5636 4.68358 0 -0.000142293 0.00011429 7.80386e-06 -37.5556 1 0 0 6.14772e-06 8.85832e-07 3.26553e-06
4595 98.3809 0.0251295 3.7988e-05 1.44368e-05 3.21401e-07 2.32298e-05 7.46534e-10 0.00198 0.274837 2.28167 1.4517 2.31273 2.24863 0.936717 -8.36755 11.2432 11.5636 4.68358 0 -0.000142063 0.000114045 7.86606e-06 -37.5555 1 0 0 6.13802e-06 8.86302e-07 3.24929e-06
4600 98.5066 0.0251295 3.78542e-05 1.44178e-05 3.21796e-07 2.31146e-05 7.42497e-10 0.00198 0.274838 2.28167 1.4517 2.31273 2.24863 0.936717 -8.36754 11.2432 11.5636 4.68358 0 -0.000141835 0.0001138 7.92811e-06 -37.5554 1 0 0 6.12837e-06 8.86781e-07 3.23314e-06
4605 98.6322 0.0251295 3.77211e-05 1.43989e-05 3.22194e-07 2.3e-05 7.38484e-10 0.00198 0.274838 2.28167 1.4517 2.31273 2.24862 0.936717 -8.36752 11.2431 11.5636 4.68358 0 -0.000141606 0.000113556 7.99001e-06 -37.5554 1 0 0 6.11879e-06 8.87271e-07 3.2171e-06
4610 98.7578 0.0251295 3.75888e-05 1.43801e-05 3.22596e-07 2.28861e-05 7.34495e-10 0.00198 0.274838 2.28167 1.4517 2.31274 2.24862 0.936717 -8.36751 11.2431 11.5637 4.68359 0 -0.000141379 0.000113312 8.05175e-06 -37.5553 1 0 0 6.10927e-06 8.87771e-07 3.20115e-06
4615 98.8835 0.0251295 3.74572e-05 1.43614e-05 3.23002e-07 2.27728e-05 7.30529e-10 0.00198 0.274838 2.28167 1.4517 2.31274 2.24862 0.936718 -8.3675 11.2431 11.5637 4.68359 0 -0.000141152 0.000113069 8.11335e-06 -37.5553 1 0 0 6.09981e-06 8.88281e-07 3.1853e-06
4620 99.0091 0.0251295 3.73262e-05 1.43428e-05 3.23412e-07 2.26601e-05 7.26588e-10 0.00197999 0.274838 2.28167 1.4517 2.31274 2.24861 0.936718 -8.36748 11.2431 11.5637 4.68359 0 -0.000140926 0.000112826 8.1748e-06 -37.5552 1 0 0 6.09042e-06 8.88801e-07 3.16955e-06
4625 99.1348 0.0251295 3.7196e-05 1.43242e-05 3.23825e-07 2.2548e-05 7.22669e-10 0.00197999 0.274837 2.28167 1.4517 2.31274 2.24861 0.936718 -8.36747 11.2431 11.5637 4.68359 0 -0.0001407 0.000112583 8.23611e-06 -37.5551 1 0 0 6.08108e-06 8.89331e-07 3.15389e-06
4630 99.2604 0.0251295 3.70666e-05 1.43058e-05 3.24243e-07 2.24365e-05 7.18774e-10 0.00197999 0.274837 2.28167 1.4517 2.31275 2.24861 0.936718 -8.36746 11.2431 11.5637 4.68359 0 -0.000140475 0.000112341 8.29727e-06 -37.5551 1 0 0 6.0718e-06 8.89871e-07 3.13833e-06
4635 99.3861 0.0251295 3.69378e-05 1.42875e-05 3.24664e-07 2.23256e-05 7.14903e-10 0.00197999 0.274838 2.28167 1.4517 2.31275 2.2486 0.936718 -8.36744 11.243 11.5637 4.68359 0 -0.00014025 0.000112099 8.35829e-06 -37.555 1 0 0 6.06259e-06 8.90422e-07 3.12287e-06
4640 99.5117 0.0251295 3.68097e-05 1.42692e-05 3.25089e-07 2.22154e-05 7.11054e-10 0.00197999 0.274838 2.28167 1.4517 2.31275 2.2486 0.936719 -8.36743 11.243 11.5637 4.68359 0 -0.000140026 0.000111858 8.41917e-06 -37.555 1 0 0 6.05343e-06 8.90982e-07 3.1075e-06
4645 99.6374 0.0251295 3.66823e-05 1.42511e-05 3.25519e-07 2.21057e-05 7.07228e-10 0.00197999 0.274838 2.28167 1.4517 2.31276 2.24859 0.936719 -8.36742 11.243 11.5638 4.68359 0 -0.000139803 0.000111617 8.47991e-06 -37.5549 1 0 0 6.04434e-06 8.91553e-07 3.09222e-06
4650 99.763 0.0251295 3.65556e-05 1.4233e-05 3.25952e-07 2.19966e-05 7.03424e-10 0.00197999 0.274837 2.28167 1.4517 2.31276 2.24859 0.936719 -8.3674 11.243 11.5638 4.68359 0 -0.00013958 0.000111376 8.54052e-06 -37.5549 1 0 0 6.0353e-06 8.92133e-07 3.07704e-06
4655 99.8887 0.0251295 3.64296e-05 1.42151e-05 3.26389e-07 2.18882e-05 6.99644e-10 0.00197998 0.274838 2.28167 1.4517 2.31276 2.24859 0.936719 -8.36739 11.243 11.5638 4.6836 0 -0.000139358 0.000111136 8.60099e-06 -37.5548 1 0 0 6.02632e-06 8.92724e-07 3.06196e-06
4660 100.014 0.0251295 3.63043e-05 1.41972e-05 3.26829e-07 2.17803e-05 6.95885e-10 0.00197998 0.274838 2.28166 1.4517 2.31276 2.24858 0.93672 -8.36738 11.2429 11.5638 4.6836 0 -0.000139136 0.000110897 8.66133e-06 -37.5547 1 0 0 6.01741e-06 8.93324e-07 3.04696e-06
4665 100.14 0.0251295 3.61797e-05 1.41794e-05 3.27274e-07 2.1673e-05 6.92149e-10 0.00197998 0.274838 2.28166 1.4517 2.31277 2.24858 0.93672 -8.36737 11.2429 11.5638 4.6836 0 -0.000138915 0.000110658 8.72154e-06 -37.5547 1 0 0 6.00855e-06 8.93935e-07 3.03206e-06
4670 100.266 0.0251295 3.60558e-05 1.41618e-05 3.27723e-07 2.15663e-05 6.88435e-10 0.00197998 0.274837 2.28166 1.4517 2.31277 2.24858 0.93672 -8.36735 11.2429 11.5638 4.6836 0 -0.000138695 0.000110419 8.78162e-06 -37.5546 1 0 0 5.99975e-06 8.94556e-07 3.01724e-06
4675 100.391 0.0251295 3.59325e-05 1.41442e-05 3.28175e-07 2.14602e-05 6.84743e-10 0.00197998 0.274838 2.28166 1.4517 2.31277 2.24857 0.93672 -8.36734 11.2429 11.5638 4.6836 0 -0.000138475 0.00011018 8.84157e-06 -37.5546 1 0 0 5.99101e-06 8.95186e-07 3.00252e-06
4680 100.517 0.0251295 3.58099e-05 1.41267e-05 3.28632e-07 2.13546e-05 6.81073e-10 0.00197998 0.274837 2.28166 1.4517 2.31278 2.24857 0.93672 -8.36733 11.2429 11.5639 4.6836 0 -0.000138256 0.000109943 8.90139e-06 -37.5545 1 0 0 5.98233e-06 8.95826e-07 2.98789e-06
4685 100.643 0.0251295 3.5688e-05 1.41093e-05 3.29092e-07 2.12497e-05 6.77425e-10 0.00197998 0.274838 2.28166 1.4517 2.31278 2.24857 0.936721 -8.36732 11.2429 11.5639 4.6836 0 -0.000138038 0.000109705 8.96109e-06 -37.5545 1 0 0 5.97371e-06 8.96477e-07 2.97335e-06
4690 100.768 0.0251295 3.55668e-05 1.40919e-05 3.29556e-07 2.11453e-05 6.73798e-10 0.00197998 0.274838 2.28166 1.4517 2.31278 2.24856 0.936721 -8.3673 11.2428 11.5639 4.6836 0 -0.00013782 0.000109468 9.02067e-06 -37.5544 1 0 0 5.96515e-06 8.97137e-07 2.95889e-06
4695 100.894 0.0251295 3.54462e-05 1.40747e-05 3.30025e-07 2.10414e-05 6.70192e-10 0.00197997 0.274837 2.28166 1.4517 2.31278 2.24856 0.936721 -8.36729 11.2428 11.5639 4.6836 0 -0.000137602 0.000109231 9.08013e-06 -37.5543 1 0 0 5.95665e-06 8.97807e-07 2.94453e-06
4700 101.019 0.0251295 3.53263e-05 1.40576e-05 3.30497e-07 2.09382e-05 6.66608e-10 0.00197997 0.274837 2.28166 1.4517 2.31279 2.24856 0.936721 -8.36728 11.2428 11.5639 4.68361 0 -0.000137385 0.000108995 9.13947e-06 -37.5543 1 0 0 5.9482e-06 8.98487e-07 2.93025e-06
4705 101.145 0.0251295 3.5207e-05 1.40406e-05 3.30973e-07 2.08355e-05 6.63045e-10 0.00197997 0.274837 2.28166 1.4517 2.31279 2.24855 0.936722 -8.36727 11.2428 11.5639 4.68361 0 -0.000137169 0.000108759 9.19869e-06 -37.5542 1 0 0 5.93981e-06 8.99176e-07 2.91606e-06
4710 101.271 0.0251295 3.50884e-05 1.40236e-05 3.31453e-07 2.07333e-05 6.59503e-10 0.00197997 0.274838 2.28166 1.4517 2.31279 2.24855 0.936722 -8.36725 11.2428 11.5639 4.68361 0 -0.000136954 0.000108524 9.25779e-06 -37.5542 1 0 0 5.93148e-06 8.99876e-07 2.90196e-06
4715 101.396 0.0251295 3.49704e-05 1.40067e-05 3.31937e-07 2.06317e-05 6.55982e-10 0.00197997 0.274837 2.28166 1.4517 2.31279 2.24855 0.936722 -8.36724 11.2428 11.564 4.68361 0 -0.000136739 0.000108289 9.31678e-06 -37.5541 1 0 0 5.92321e-06 9.00585e-07 2.88794e-06
4720 101.522 0.0251295 3.48531e-05 1.399e-05 3.32424e-07 2.05307e-05 6.52481e-10 0.00197997 0.274838 2.28166 1.4517 2.3128 2.24854 0.936722 -8.36723 11.2427 11.564 4.68361 0 -0.000136524 0.000108054 9.37565e-06 -37.5541 1 0 0 5.91499e-06 9.01304e-07 2.87401e-06
4725 101.648 0.0251295 3.47364e-05 1.39733e-05 3.32916e-07 2.04302e-05 6.49002e-10 0.00197997 0.274838 2.28166 1.4517 2.3128 2.24854 0.936722 -8.36722 11.2427 11.564 4.68361 0 -0.00013631 0.00010782 9.43442e-06 -37.554 1 0 0 5.90683e-06 9.02033e-07 2.86016e-06
4730 101.773 0.0251295 3.46203e-05 1.39567e-05 3.33412e-07 2.03302e-05 6.45542e-10 0.00197997 0.274837 2.28166 1.4517 2.3128 2.24854 0.936723 -8.3672 11.2427 11.564 4.68361 0 -0.000136097 0.000107586 9.49307e-06 -37.554 1 0 0 5.89873e-06 9.02772e-07 2.8464e-06
4735 101.899 0.0251295 3.45049e-05 1.39402e-05 3.33912e-07 2.02308e-05 6.42103e-10 0.00197997 0.274837 2.28166 1.4517 2.31281 2.24853 0.936723 -8.36719 11.2427 11.564 4.68361 0 -0.000135884 0.000107353 9.55162e-06 -37.5539 1 0 0 5.89069e-06 9.0352e-07 2.83272e-06
4740 102.025 0.0251295 3.43902e-05 1.39238e-05 3.34415e-07 2.01319e-05 6.38685e-10 0.00197996 0.274838 2.28166 1.4517 2.31281 2.24853 0.936723 -8.36718 11.2427 11.564 4.68361 0 -0.000135672 0.00010712 9.61006e-06 -37.5538 1 0 0 5.8827e-06 9.04279e-07 2.81913e-06
4745 102.15 0.0251295 3.4276e-05 1.39075e-05 3.34923e-07 2.00336e-05 6.35286e-10 0.00197996 0.274838 2.28166 1.4517 2.31281 2.24853 0.936723 -8.36717 11.2427 11.564 4.68362 0 -0.000135461 0.000106887 9.66839e-06 -37.5538 1 0 0 5.87477e-06 9.05046e-07 2.80562e-06
4750 102.276 0.0251295 3.41625e-05 1.38913e-05 3.35434e-07 1.99358e-05 6.31907e-10 0.00197996 0.274837 2.28166 1.4517 2.31281 2.24852 0.936724 -8.36715 11.2426 11.564 4.68362 0 -0.00013525 0.000106655 9.72662e-06 -37.5537 1 0 0 5.86689e-06 9.05824e-07 2.79219e-06
4755 102.402 0.0251295 3.40496e-05 1.38751e-05 3.3595e-07 1.98385e-05 6.28548e-10 0.00197996 0.274837 2.28166 1.4517 2.31282 2.24852 0.936724 -8.36714 11.2426 11.5641 4.68362 0 -0.000135039 0.000106423 9.78475e-06 -37.5537 1 0 0 5.85907e-06 9.06611e-07 2.77884e-06
4760 102.527 0.0251295 3.39373e-05 1.38591e-05 3.36469e-07 1.97417e-05 6.25209e-10 0.00197996 0.274837 2.28166 1.4517 2.31282 2.24852 0.936724 -8.36713 11.2426 11.5641 4.68362 0 -0.00013483 0.000106192 9.84277e-06 -37.5536 1 0 0 5.85131e-06 9.07408e-07 2.76557e-06
4765 102.653 0.0251295 3.38256e-05 1.38431e-05 3.36993e-07 1.96455e-05 6.2189e-10 0.00197996 0.274837 2.28166 1.4517 2.31282 2.24851 0.936724 -8.36712 11.2426 11.5641 4.68362 0 -0.000134621 0.000105961 9.9007e-06 -37.5536 1 0 0 5.8436e-06 9.08215e-07 2.75239e-06
4770 102.779 0.0251295 3.37146e-05 1.38273e-05 3.3752e-07 1.95498e-05 6.18589e-10 0.00197996 0.274837 2.28166 1.4517 2.31282 2.24851 0.936725 -8.3671 11.2426 11.5641 4.68362 0 -0.000134412 0.00010573 9.95853e-06 -37.5535 1 0 0 5.83595e-06 9.09031e-07 2.73928e-06
4775 102.904 0.0251295 3.36041e-05 1.38115e-05 3.38051e-07 1.94546e-05 6.15309e-10 0.00197996 0.274837 2.28166 1.4517 2.31283 2.24851 0.936725 -8.36709 11.2426 11.5641 4.68362 0 -0.000134204 0.0001055 1.00163e-05 -37.5535 1 0 0 5.82836e-06 9.09857e-07 2.72626e-06
4780 103.03 0.0251295 3.34943e-05 1.37958e-05 3.38587e-07 1.93599e-05 6.12047e-10 0.00197995 0.274838 2.28166 1.4517 2.31283 2.2485 0.936725 -8.36708 11.2425 11.5641 4.68362 0 -0.000133996 0.000105271 1.00739e-05 -37.5534 1 0 0 5.82082e-06 9.10692e-07 2.71331e-06
4785 103.156 0.0251295 3.33851e-05 1.37802e-05 3.39126e-07 1.92658e-05 6.08805e-10 0.00197995 0.274837 2.28166 1.4517 2.31283 2.2485 0.936725 -8.36707 11.2425 11.5641 4.68363 0 -0.00013379 0.000105041 1.01315e-05 -37.5533 1 0 0 5.81334e-06 9.11537e-07 2.70045e-06
4790 103.281 0.0251295 3.32764e-05 1.37647e-05 3.3967e-07 1.91721e-05 6.05581e-10 0.00197995 0.274837 2.28166 1.4517 2.31284 2.2485 0.936726 -8.36706 11.2425 11.5642 4.68363 0 -0.000133583 0.000104812 1.01889e-05 -37.5533 1 0 0 5.80591e-06 9.12392e-07 2.68766e-06
4795 103.407 0.0251295 3.31684e-05 1.37492e-05 3.40217e-07 1.90789e-05 6.02376e-10 0.00197995 0.274837 2.28166 1.4517 2.31284 2.24849 0.936726 -8.36704 11.2425 11.5642 4.68363 0 -0.000133378 0.000104584 1.02463e-05 -37.5532 1 0 0 5.79853e-06 9.13256e-07 2.67495e-06
4800 103.532 0.0251295 3.30609e-05 1.37339e-05 3.40768e-07 1.89863e-05 5.9919e-10 0.00197995 0.274837 2.28166 1.4517 2.31284 2.24849 0.936726 -8.36703 11.2425 11.5642 4.68363 0 -0.000133173 0.000104356 1.03035e-05 -37.5532 1 0 0 5.79121e-06 9.1413e-07 2.66231e-06
4805 103.658 0.0251295 3.29541e-05 1.37186e-05 3.41324e-07 1.88941e-05 5.96023e-10 0.00197995 0.274838 2.28166 1.4517 2.31284 2.24849 0.936726 -8.36702 11.2425 11.5642 4.68363 0 -0.000132968 0.000104128 1.03607e-05 -37.5531 1 0 0 5.78395e-06 9.15014e-07 2.64976e-06
4810 103.784 0.0251295 3.28478e-05 1.37035e-05 3.41883e-07 1.88025e-05 5.92874e-10 0.00197995 0.274837 2.28166 1.4517 2.31285 2.24848 0.936727 -8.36701 11.2424 11.5642 4.68363 0 -0.000132764 0.000103901 1.04178e-05 -37.5531 1 0 0 5.77674e-06 9.15906e-07 2.63728e-06
4815 103.909 0.0251295 3.27421e-05 1.36884e-05 3.42447e-07 1.87113e-05 5.89744e-10 0.00197995 0.274838 2.28166 1.4517 2.31285 2.24848 0.936727 -8.367 11.2424 11.5642 4.68363 0 -0.000132561 0.000103674 1.04748e-05 -37.553 1 0 0 5.76958e-06 9.16809e-07 2.62487e-06
4820 104.035 0.0251295 3.2637e-05 1.36734e-05 3.43014e-07 1.86206e-05 5.86632e-10 0.00197994 0.274837 2.28166 1.4517 2.31285 2.24848 0.936727 -8.36698 11.2424 11.5642 4.68363 0 -0.000132358 0.000103447 1.05318e-05 -37.553 1 0 0 5.76248e-06 9.17721e-07 2.61254e-06
4825 104.161 0.0251295 3.25325e-05 1.36585e-05 3.43586e-07 1.85304e-05 5.83537e-10 0.00197994 0.274837 2.28166 1.4517 2.31285 2.24847 0.936728 -8.36697 11.2424 11.5642 4.68364 0 -0.000132156 0.000103221 1.05886e-05 -37.5529 1 0 0 5.75543e-06 9.18642e-07 2.60029e-06
4830 104.286 0.0251295 3.24286e-05 1.36437e-05 3.44161e-07 1.84407e-05 5.80461e-10 0.00197994 0.274837 2.28166 1.4517 2.31286 2.24847 0.936728 -8.36696 11.2424 11.5643 4.68364 0 -0.000131954 0.000102995 1.06454e-05 -37.5529 1 0 0 5.74844e-06 9.19573e-07 2.58811e-06
4835 104.412 0.0251295 3.23252e-05 1.36289e-05 3.44741e-07 1.83515e-05 5.77403e-10 0.00197994 0.274838 2.28166 1.4517 2.31286 2.24847 0.936728 -8.36695 11.2424 11.5643 4.68364 0 -0.000131753 0.00010277 1.07021e-05 -37.5528 1 0 0 5.7415e-06 9.20514e-07 2.57601e-06
4840 104.538 0.0251295 3.22224e-05 1.36143e-05 3.45324e-07 1.82628e-05 5.74363e-10 0.00197994 0.274838 2.28166 1.4517 2.31286 2.24846 0.936728 -8.36694 11.2423 11.5643 4.68364 0 -0.000131552 0.000102545 1.07587e-05 -37.5528 1 0 0 5.73461e-06 9.21463e-07 2.56398e-06
4845 104.663 0.0251295 3.21202e-05 1.35997e-05 3.45912e-07 1.81745e-05 5.7134e-10 0.00197994 0.274838 2.28166 1.4517 2.31286 2.24846 0.936729 -8.36692 11.2423 11.5643 4.68364 0 -0.000131352 0.00010232 1.08152e-05 -37.5527 1 0 0 5.72778e-06 9.22423e-07 2.55202e-06
4850 104.789 0.0251295 3.20185e-05 1.35853e-05 3.46504e-07 1.80867e-05 5.68335e-10 0.00197994 0.274837 2.28166 1.4517 2.31287 2.24846 0.936729 -8.36691 11.2423 11.5643 4.68364 0 -0.000131153 0.000102096 1.08717e-05 -37.5526 1 0 0 5.721e-06 9.23392e-07 2.54013e-06
4855 104.915 0.0251295 3.19174e-05 1.35709e-05 3.471e-07 1.79994e-05 5.65348e-10 0.00197994 0.274838 2.28166 1.4517 2.31287 2.24845 0.936729 -8.3669 11.2423 11.5643 4.68364 0 -0.000130954 0.000101872 1.09281e-05 -37.5526 1 0 0 5.71428e-06 9.2437e-07 2.52832e-06
4860 105.04 0.0251295 3.18168e-05 1.35566e-05 3.477e-07 1.79125e-05 5.62378e-10 0.00197994 0.274837 2.28166 1.4517 2.31287 2.24845 0.936729 -8.36689 11.2423 11.5643 4.68365 0 -0.000130756 0.000101649 1.09844e-05 -37.5525 1 0 0 5.7076e-06 9.25357e-07 2.51658e-06
4865 105.166 0.0251295 3.17168e-05 1.35424e-05 3.48304e-07 1.78262e-05 5.59425e-10 0.00197993 0.274838 2.28166 1.4517 2.31287 2.24845 0.93673 -8.36688 11.2423 11.5643 4.68365 0 -0.000130558 0.000101426 1.10407e-05 -37.5525 1 0 0 5.70098e-06 9.26354e-07 2.50491e-06
4870 105.292 0.0251295 3.16174e-05 1.35282e-05 3.48912e-07 1.77402e-05 5.56489e-10 0.00197993 0.274838 2.28166 1.4517 2.31288 2.24844 0.93673 -8.36687 11.2422 11.5644 4.68365 0 -0.000130361 0.000101203 1.10968e-05 -37.5524 1 0 0 5.69441e-06 9.27361e-07 2.49331e-06
4875 105.417 0.0251295 3.15185e-05 1.35142e-05 3.49524e-07 1.76548e-05 5.5357e-10 0.00197993 0.274838 2.28166 1.4517 2.31288 2.24844 0.93673 -8.36685 11.2422 11.5644 4.68365 0 -0.000130165 0.000100981 1.11529e-05 -37.5524 1 0 0 5.6879e-06 9.28377e-07 2.48178e-06
4880 105.543 0.0251295 3.14201e-05 1.35002e-05 3.5014e-07 1.75698e-05 5.50668e-10 0.00197993 0.274837 2.28166 1.4517 2.31288 2.24844 0.936731 -8.36684 11.2422 11.5644 4.68365 0 -0.000129969 0.000100759 1.1209e-05 -37.5523 1 0 0 5.68144e-06 9.29402e-07 2.47032e-06
4885 105.668 0.0251295 3.13223e-05 1.34863e-05 3.5076e-07 1.74852e-05 5.47783e-10 0.00197993 0.274837 2.28166 1.4517 2.31288 2.24843 0.936731 -8.36683 11.2422 11.5644 4.68365 0 -0.000129773 0.000100537 1.12649e-05 -37.5523 1 0 0 5.67503e-06 9.30436e-07 2.45893e-06
4890 105.794 0.0251295 3.12251e-05 1.34726e-05 3.51385e-07 1.74011e-05 5.44915e-10 0.00197993 0.274838 2.28166 1.4517 2.31289 2.24843 0.936731 -8.36682 11.2422 11.5644 4.68365 0 -0.000129579 0.000100316 1.13209e-05 -37.5522 1 0 0 5.66867e-06 9.3148e-07 2.44761e-06
4895 105.92 0.0251295 3.11283e-05 1.34588e-05 3.52013e-07 1.73175e-05 5.42063e-10 0.00197993 0.274838 2.28166 1.4517 2.31289 2.24843 0.936731 -8.36681 11.2422 11.5644 4.68366 0 -0.000129384 0.000100096 1.13767e-05 -37.5522 1 0 0 5.66236e-06 9.32533e-07 2.43636e-06
4900 106.045 0.0251295 3.10321e-05 1.34452e-05 3.52646e-07 1.72343e-05 5.39228e-10 0.00197993 0.274837 2.28166 1.4517 2.31289 2.24842 0.936732 -8.3668 11.2421 11.5644 4.68366 0 -0.000129191 9.98751e-05 1.14325e-05 -37.5521 1 0 0 5.65611e-06 9.33596e-07 2.42518e-06
4905 106.171 0.0251295 3.09365e-05 1.34317e-05 3.53283e-07 1.71515e-05 5.36409e-10 0.00197993 0.274838 2.28166 1.4517 2.31289 2.24842 0.936732 -8.36678 11.2421 11.5645 4.68366 0 -0.000128997 9.96551e-05 1.14882e-05 -37.5521 1 0 0 5.6499e-06 9.34668e-07 2.41406e-06
4910 106.297 0.0251295 3.08414e-05 1.34182e-05 3.53924e-07 1.70692e-05 5.33606e-10 0.00197992 0.274838 2.28166 1.4517 2.3129 2.24842 0.936732 -8.36677 11.2421 11.5645 4.68366 0 -0.000128805 9.94355e-05 1.15439e-05 -37.552 1 0 0 5.64375e-06 9.35749e-07 2.40302e-06
4915 106.422 0.0251295 3.07468e-05 1.34049e-05 3.54569e-07 1.69873e-05 5.3082e-10 0.00197992 0.274838 2.28166 1.4517 2.3129 2.24841 0.936733 -8.36676 11.2421 11.5645 4.68366 0 -0.000128613 9.92163e-05 1.15995e-05 -37.552 1 0 0 5.63765e-06 9.36839e-07 2.39204e-06
4920 106.548 0.0251295 3.06527e-05 1.33916e-05 3.55218e-07 1.69059e-05 5.2805e-10 0.00197992 0.274837 2.28166 1.4517 2.3129 2.24841 0.936733 -8.36675 11.2421 11.5645 4.68366 0 -0.000128421 9.89974e-05 1.1655e-05 -37.5519 1 0 0 5.63161e-06 9.37939e-07 2.38112e-06
4925 106.674 0.0251295 3.05591e-05 1.33784e-05 3.55872e-07 1.68249e-05 5.25296e-10 0.00197992 0.274838 2.28166 1.4517 2.3129 2.24841 0.936733 -8.36674 11.2421 11.5645 4.68366 0 -0.00012823 9.8779e-05 1.17105e-05 -37.5519 1 0 0 5.62561e-06 9.39048e-07 2.37028e-06
4930 106.799 0.0251295 3.04661e-05 1.33653e-05 3.56529e-07 1.67443e-05 5.22557e-10 0.00197992 0.274838 2.28166 1.4517 2.31291 2.2484 0.936733 -8.36673 11.242 11.5645 4.68367 0 -0.00012804 9.85609e-05 1.17659e-05 -37.5518 1 0 0 5.61966e-06 9.40166e-07 2.35949e-06
4935 106.925 0.0251295 3.03736e-05 1.33522e-05 3.57191e-07 1.66642e-05 5.19835e-10 0.00197992 0.274838 2.28166 1.4517 2.31291 2.2484 0.936734 -8.36672 11.242 11.5645 4.68367 0 -0.00012785 9.83431e-05 1.18213e-05 -37.5518 1 0 0 5.61377e-06 9.41294e-07 2.34878e-06
4940 107.051 0.0251295 3.02816e-05 1.33393e-05 3.57857e-07 1.65844e-05 5.17128e-10 0.00197992 0.274837 2.28166 1.4517 2.31291 2.2484 0.936734 -8.3667 11.242 11.5645 4.68367 0 -0.000127661 9.81258e-05 1.18767e-05 -37.5517 1 0 0 5.60792e-06 9.42431e-07 2.33813e-06
4945 107.176 0.0251295 3.01901e-05 1.33264e-05 3.58527e-07 1.65051e-05 5.14437e-10 0.00197992 0.274838 2.28166 1.4517 2.31291 2.24839 0.936734 -8.36669 11.242 11.5646 4.68367 0 -0.000127473 9.79088e-05 1.19319e-05 -37.5517 1 0 0 5.60213e-06 9.43577e-07 2.32754e-06
4950 107.302 0.0251295 3.00991e-05 1.33136e-05 3.59201e-07 1.64263e-05 5.11761e-10 0.00197991 0.274838 2.28166 1.4517 2.31292 2.24839 0.936735 -8.36668 11.242 11.5646 4.68367 0 -0.000127284 9.76921e-05 1.19872e-05 -37.5516 1 0 0 5.59639e-06 9.44732e-07 2.31702e-06
4955 107.428 0.0251295 3.00087e-05 1.33009e-05 3.59879e-07 1.63478e-05 5.09101e-10 0.00197991 0.274838 2.28166 1.4517 2.31292 2.24839 0.936735 -8.36667 11.242 11.5646 4.68367 0 -0.000127097 9.74759e-05 1.20424e-05 -37.5516 1 0 0 5.59069e-06 9.45896e-07 2.30656e-06
4960 107.553 0.0251295 2.99187e-05 1.32883e-05 3.60562e-07 1.62698e-05 5.06456e-10 0.00197991 0.274838 2.28166 1.4517 2.31292 2.24838 0.936735 -8.36666 11.2419 11.5646 4.68367 0 -0.00012691 9.726e-05 1.20975e-05 -37.5515 1 0 0 5.58505e-06 9.4707e-07 2.29617e-06
4965 107.679 0.0251295 2.98292e-05 1.32758e-05 3.61249e-07 1.61922e-05 5.03826e-10 0.00197991 0.274838 2.28166 1.4517 2.31292 2.24838 0.936736 -8.36665 11.2419 11.5646 4.68368 0 -0.000126723 9.70445e-05 1.21526e-05 -37.5515 1 0 0 5.57946e-06 9.48253e-07 2.28583e-06
4970 107.804 0.0251295 2.97403e-05 1.32633e-05 3.6194e-07 1.6115e-05 5.01211e-10 0.00197991 0.274837 2.28166 1.4517 2.31293 2.24838 0.936736 -8.36664 11.2419 11.5646 4.68368 0 -0.000126538 9.68294e-05 1.22076e-05 -37.5514 1 0 0 5.57392e-06 9.49445e-07 2.27556e-06
4975 107.93 0.0251295 2.96518e-05 1.3251e-05 3.62635e-07 1.60382e-05 4.98611e-10 0.00197991 0.274838 2.28166 1.4517 2.31293 2.24837 0.936736 -8.36663 11.2419 11.5646 4.68368 0 -0.000126352 9.66146e-05 1.22626e-05 -37.5514 1 0 0 5.56842e-06 9.50647e-07 2.26536e-06
4980 108.056 0.0251295 2.95638e-05 1.32387e-05 3.63335e-07 1.59618e-05 4.96027e-10 0.00197991 0.274837 2.28166 1.4517 2.31293 2.24837 0.936736 -8.36661 11.2419 11.5646 4.68368 0 -0.000126167 9.64002e-05 1.23176e-05 -37.5513 1 0 0 5.56298e-06 9.51857e-07 2.25521e-06
4985 108.181 0.0251295 2.94763e-05 1.32265e-05 3.64039e-07 1.58858e-05 4.93457e-10 0.00197991 0.274838 2.28166 1.4517 2.31293 2.24837 0.936737 -8.3666 11.2419 11.5646 4.68368 0 -0.000125983 9.61861e-05 1.23725e-05 -37.5513 1 0 0 5.55759e-06 9.53077e-07 2.24513e-06
4990 108.307 0.0251295 2.93894e-05 1.32143e-05 3.64747e-07 1.58103e-05 4.90902e-10 0.00197991 0.274838 2.28166 1.4517 2.31294 2.24837 0.936737 -8.36659 11.2419 11.5647 4.68368 0 -0.0001258 9.59724e-05 1.24274e-05 -37.5512 1 0 0 5.55224e-06 9.54305e-07 2.23511e-06
4995 108.433 0.0251295 2.93029e-05 1.32023e-05 3.65459e-07 1.57351e-05 4.88361e-10 0.00197991 0.274838 2.28166 1.4517 2.31294 2.24836 0.936737 -8.36658 11.2418 11.5647 4.68369 0 -0.000125616 9.57591e-05 1.24822e-05 -37.5512 1 0 0 5.54695e-06 9.55543e-07 2.22515e-06
5000 108.558 0.0251295 2.92168e-05 1.31903e-05 3.66175e-07 1.56603e-05 4.85835e-10 0.0019799 0.274837 2.28166 1.4517 2.31294 2.24836 0.936738 -8.36657 11.2418 11.5647 4.68369 0 -0.000125434 9.55461e-05 1.2537e-05 -37.5511 1 0 0 5.5417e-06 9.56791e-07 2.21525e-06
5005 108.684 0.0251295 2.91313e-05 1.31785e-05 3.66896e-07 1.55859e-05 4.83324e-10 0.0019799 0.274837 2.28166 1.4517 2.31294 2.24836 0.936738 -8.36656 11.2418 11.5647 4.68369 0 -0.000125252 9.53335e-05 1.25917e-05 -37.5511 1 0 0 5.5365e-06 9.58047e-07 2.2054e-06
5010 108.81 0.0251295 2.90463e-05 1.31667e-05 3.67621e-07 1.5512e-05 4.80827e-10 0.0019799 0.274838 2.28166 1.4517 2.31295 2.24835 0.936738 -8.36655 11.2418 11.5647 4.68369 0 -0.00012507 9.51213e-05 1.26465e-05 -37.551 1 0 0 5.53136e-06 9.59312e-07 2.19562e-06
5015 108.935 0.0251295 2.89617e-05 1.3155e-05 3.6835e-07 1.54384e-05 4.78344e-10 0.0019799 0.274838 2.28166 1.4517 2.31295 2.24835 0.936739 -8.36654 11.2418 11.5647 4.68369 0 -0.000124889 9.49094e-05 1.27012e-05 -37.551 1 0 0 5.52626e-06 9.60587e-07 2.1859e-06
5020 109.061 0.0251295 2.88776e-05 1.31433e-05 3.69084e-07 1.53652e-05 4.75875e-10 0.0019799 0.274837 2.28166 1.4517 2.31295 2.24835 0.936739 -8.36653 11.2418 11.5647 4.68369 0 -0.000124709 9.46978e-05 1.27558e-05 -37.5509 1 0 0 5.52121e-06 9.6187e-07 2.17624e-06
5025 109.187 0.0251295 2.8794e-05 1.31318e-05 3.69822e-07 1.52924e-05 4.73421e-10 0.0019799 0.274838 2.28166 1.4517 2.31295 2.24834 0.936739 -8.36652 11.2417 11.5647 4.68369 0 -0.000124529 9.44867e-05 1.28104e-05 -37.5509 1 0 0 5.51621e-06 9.63163e-07 2.16664e-06
5030 109.312 0.0251295 2.87108e-05 1.31203e-05 3.70564e-07 1.52199e-05 4.70981e-10 0.0019799 0.274838 2.28166 1.4517 2.31296 2.24834 0.93674 -8.3665 11.2417 11.5648 4.6837 0 -0.00012435 9.42758e-05 1.2865e-05 -37.5508 1 0 0 5.51125e-06 9.64465e-07 2.15709e-06
5035 109.438 0.0251295 2.86281e-05 1.31089e-05 3.71311e-07 1.51479e-05 4.68554e-10 0.0019799 0.274837 2.28166 1.4517 2.31296 2.24834 0.93674 -8.36649 11.2417 11.5648 4.6837 0 -0.000124171 9.40654e-05 1.29196e-05 -37.5508 1 0 0 5.50635e-06 9.65776e-07 2.1476e-06
5040 109.564 0.0251295 2.85459e-05 1.30976e-05 3.72062e-07 1.50762e-05 4.66142e-10 0.0019799 0.274837 2.28166 1.4517 2.31296 2.24833 0.93674 -8.36648 11.2417 11.5648 4.6837 0 -0.000123993 9.38553e-05 1.29741e-05 -37.5507 1 0 0 5.50149e-06 9.67096e-07 2.13817e-06
5045 109.689 0.0251295 2.84641e-05 1.30864e-05 3.72817e-07 1.5005e-05 4.63743e-10 0.00197989 0.274838 2.28166 1.4517 2.31296 2.24833 0.936741 -8.36647 11.2417 11.5648 4.6837 0 -0.000123815 9.36455e-05 1.30286e-05 -37.5507 1 0 0 5.49668e-06 9.68425e-07 2.1288e-06
5050 109.815 0.0251295 2.83828e-05 1.30752e-05 3.73576e-07 1.49341e-05 4.61358e-10 0.00197989 0.274837 2.28166 1.4517 2.31296 2.24833 0.936741 -8.36646 11.2417 11.5648 4.6837 0 -0.000123638 9.34361e-05 1.30831e-05 -37.5506 1 0 0 5.49192e-06 9.69763e-07 2.11948e-06
5055 109.94 0.0251295 2.8302e-05 1.30641e-05 3.7434e-07 1.48635e-05 4.58986e-10 0.00197989 0.274838 2.28166 1.4517 2.31297 2.24832 0.936741 -8.36645 11.2416 11.5648 4.6837 0 -0.000123462 9.32271e-05 1.31375e-05 -37.5506 1 0 0 5.48721e-06 9.7111e-07 2.11022e-06
5060 110.066 0.0251295 2.82216e-05 1.30531e-05 3.75108e-07 1.47934e-05 4.56628e-10 0.00197989 0.274838 2.28166 1.4517 2.31297 2.24832 0.936742 -8.36644 11.2416 11.5648 4.68371 0 -0.000123286 9.30184e-05 1.31919e-05 -37.5505 1 0 0 5.48254e-06 9.72467e-07 2.10102e-06
5065 110.192 0.0251295 2.81417e-05 1.30422e-05 3.75881e-07 1.47236e-05 4.54284e-10 0.00197989 0.274838 2.28166 1.4517 2.31297 2.24832 0.936742 -8.36643 11.2416 11.5648 4.68371 0 -0.00012311 9.281e-05 1.32463e-05 -37.5505 1 0 0 5.47792e-06 9.73832e-07 2.09187e-06
5070 110.317 0.0251295 2.80622e-05 1.30314e-05 3.76658e-07 1.46542e-05 4.51952e-10 0.00197989 0.274837 2.28166 1.4517 2.31297 2.24832 0.936742 -8.36642 11.2416 11.5649 4.68371 0 -0.000122935 9.2602e-05 1.33007e-05 -37.5504 1 0 0 5.47335e-06 9.75207e-07 2.08278e-06
5075 110.443 0.0251295 2.79832e-05 1.30207e-05 3.77439e-07 1.45851e-05 4.49634e-10 0.00197989 0.274837 2.28166 1.4517 2.31298 2.24831 0.936743 -8.36641 11.2416 11.5649 4.68371 0 -0.000122761 9.23943e-05 1.33551e-05 -37.5504 1 0 0 5.46883e-06 9.7659e-07 2.07374e-06
5080 110.569 0.0251295 2.79047e-05 1.301e-05 3.78225e-07 1.45164e-05 4.4733e-10 0.00197989 0.274837 2.28166 1.4517 2.31298 2.24831 0.936743 -8.3664 11.2416 11.5649 4.68371 0 -0.000122587 9.2187e-05 1.34094e-05 -37.5503 1 0 0 5.46436e-06 9.77983e-07 2.06476e-06
5085 110.694 0.0251295 2.78265e-05 1.29994e-05 3.79015e-07 1.44481e-05 4.45038e-10 0.00197989 0.274838 2.28166 1.4517 2.31298 2.24831 0.936743 -8.36639 11.2416 11.5649 4.68371 0 -0.000122414 9.19801e-05 1.34637e-05 -37.5503 1 0 0 5.45993e-06 9.79384e-07 2.05583e-06
5090 110.82 0.0251295 2.77489e-05 1.29889e-05 3.7981e-07 1.43802e-05 4.4276e-10 0.00197988 0.274837 2.28166 1.4517 2.31298 2.2483 0.936744 -8.36637 11.2415 11.5649 4.68372 0 -0.000122241 9.17735e-05 1.3518e-05 -37.5502 1 0 0 5.45554e-06 9.80795e-07 2.04696e-06
5095 110.946 0.0251295 2.76716e-05 1.29785e-05 3.80609e-07 1.43126e-05 4.40494e-10 0.00197988 0.274838 2.28166 1.4517 2.31299 2.2483 0.936744 -8.36636 11.2415 11.5649 4.68372 0 -0.000122069 9.15672e-05 1.35723e-05 -37.5502 1 0 0 5.45121e-06 9.82214e-07 2.03814e-06
5100 111.071 0.0251295 2.75948e-05 1.29681e-05 3.81412e-07 1.42453e-05 4.38241e-10 0.00197988 0.274838 2.28166 1.4517 2.31299 2.2483 0.936744 -8.36635 11.2415 11.5649 4.68372 0 -0.000121897 9.13613e-05 1.36265e-05 -37.5501 1 0 0 5.44692e-06 9.83643e-07 2.02938e-06
5105 111.197 0.0251295 2.75185e-05 1.29578e-05 3.8222e-07 1.41784e-05 4.36001e-10 0.00197988 0.274837 2.28166 1.4517 2.31299 2.24829 0.936745 -8.36634 11.2415 11.5649 4.68372 0 -0.000121726 9.11557e-05 1.36807e-05 -37.5501 1 0 0 5.44268e-06 9.8508e-07 2.02066e-06
5110 111.323 0.0251295 2.74426e-05 1.29476e-05 3.83032e-07 1.41119e-05 4.33774e-10 0.00197988 0.274837 2.28166 1.4517 2.31299 2.24829 0.936745 -8.36633 11.2415 11.5649 4.68372 0 -0.000121555 9.09504e-05 1.3735e-05 -37.55 1 0 0 5.43848e-06 9.86527e-07 2.012e-06
5115 111.448 0.0251295 2.73671e-05 1.29375e-05 3.83849e-07 1.40457e-05 4.31559e-10 0.00197988 0.274838 2.28166 1.4517 2.31299 2.24829 0.936745 -8.36632 11.2415 11.565 4.68372 0 -0.000121385 9.07455e-05 1.37892e-05 -37.55 1 0 0 5.43434e-06 9.87982e-07 2.0034e-06
5120 111.574 0.0251295 2.7292e-05 1.29275e-05 3.8467e-07 1.39799e-05 4.29357e-10 0.00197988 0.274838 2.28166 1.4517 2.313 2.24828 0.936746 -8.36631 11.2414 11.565 4.68373 0 -0.000121215 9.05409e-05 1.38434e-05 -37.5499 1 0 0 5.43023e-06 9.89447e-07 1.99484e-06
5125 111.7 0.0251295 2.72174e-05 1.29175e-05 3.85496e-07 1.39144e-05 4.27168e-10 0.00197988 0.274838 2.28166 1.4517 2.313 2.24828 0.936746 -8.3663 11.2414 11.565 4.68373 0 -0.000121046 9.03367e-05 1.38976e-05 -37.5499 1 0 0 5.42618e-06 9.90921e-07 1.98634e-06
5130 111.825 0.0251295 2.71432e-05 1.29076e-05 3.86326e-07 1.38492e-05 4.2499e-10 0.00197988 0.274837 2.28166 1.4517 2.313 2.24828 0.936746 -8.36629 11.2414 11.565 4.68373 0 -0.000120878 9.01328e-05 1.39517e-05 -37.5499 1 0 0 5.42217e-06 9.92403e-07 1.97789e-06
5135 111.951 0.0251295 2.70694e-05 1.28978e-05 3.87161e-07 1.37844e-05 4.22825e-10 0.00197988 0.274838 2.28166 1.4517 2.313 2.24828 0.936747 -8.36628 11.2414 11.565 4.68373 0 -0.00012071 8.99293e-05 1.40059e-05 -37.5498 1 0 0 5.4182e-06 9.93895e-07 1.96949e-06
5140 112.076 0.0251295 2.69961e-05 1.28881e-05 3.88e-07 1.372e-05 4.20673e-10 0.00197987 0.274837 2.28166 1.4517 2.31301 2.24827 0.936747 -8.36627 11.2414 11.565 4.68373 0 -0.000120542 8.97261e-05 1.406e-05 -37.5498 1 0 0 5.41428e-06 9.95395e-07 1.96114e-06
5145 112.202 0.0251295 2.69232e-05 1.28785e-05 3.88843e-07 1.36558e-05 4.18532e-10 0.00197987 0.274837 2.28166 1.4517 2.31301 2.24827 0.936747 -8.36626 11.2414 11.565 4.68374 0 -0.000120375 8.95232e-05 1.41142e-05 -37.5497 1 0 0 5.41041e-06 9.96905e-07 1.95284e-06
5150 112.328 0.0251295 2.68507e-05 1.28689e-05 3.89691e-07 1.35921e-05 4.16404e-10 0.00197987 0.274838 2.28166 1.4517 2.31301 2.24827 0.936748 -8.36625 11.2414 11.565 4.68374 0 -0.000120209 8.93206e-05 1.41683e-05 -37.5497 1 0 0 5.40658e-06 9.98423e-07 1.9446e-06
5155 112.453 0.0251295 2.67786e-05 1.28594e-05 3.90544e-07 1.35286e-05 4.14288e-10 0.00197987 0.274838 2.28166 1.4517 2.31301 2.24826 0.936748 -8.36624 11.2413 11.565 4.68374 0 -0.000120043 8.91184e-05 1.42224e-05 -37.5496 1 0 0 5.4028e-06 9.9995e-07 1.9364e-06
5160 112.579 0.0251295 2.67069e-05 1.285e-05 3.91401e-07 1.34655e-05 4.12183e-10 0.00197987 0.274837 2.28166 1.4517 2.31301 2.24826 0.936749 -8.36623 11.2413 11.5651 4.68374 0 -0.000119878 8.89165e-05 1.42766e-05 -37.5496 1 0 0 5.39906e-06 1.00149e-06 1.92825e-06
5165 112.705 0.0251295 2.66356e-05 1.28407e-05 3.92263e-07 1.34027e-05 4.10091e-10 0.00197987 0.274838 2.28166 1.4517 2.31302 2.24826 0.936749 -8.36622 11.2413 11.5651 4.68374 0 -0.000119713 8.8715e-05 1.43307e-05 -37.5495 1 0 0 5.39537e-06 1.00303e-06 1.92016e-06
5170 112.83 0.0251295 2.65648e-05 1.28314e-05 3.93129e-07 1.33403e-05 4.0801e-10 0.00197987 0.274837 2.28166 1.4517 2.31302 2.24825 0.936749 -8.36621 11.2413 11.5651 4.68374 0 -0.000119548 8.85138e-05 1.43848e-05 -37.5495 1 0 0 5.39173e-06 1.00459e-06 1.91211e-06
5175 112.956 0.0251295 2.64944e-05 1.28222e-05 3.94e-07 1.32781e-05 4.05942e-10 0.00197987 0.274837 2.28166 1.4517 2.31302 2.24825 0.93675 -8.3662 11.2413 11.5651 4.68375 0 -0.000119385 8.83129e-05 1.44389e-05 -37.5494 1 0 0 5.38813e-06 1.00615e-06 1.90411e-06
5180 113.082 0.0251295 2.64243e-05 1.28131e-05 3.94876e-07 1.32163e-05 4.03884e-10 0.00197987 0.274837 2.28166 1.4517 2.31302 2.24825 0.93675 -8.36619 11.2413 11.5651 4.68375 0 -0.000119221 8.81123e-05 1.4493e-05 -37.5494 1 0 0 5.38457e-06 1.00772e-06 1.89616e-06
5185 113.207 0.0251295 2.63547e-05 1.28041e-05 3.95756e-07 1.31548e-05 4.01839e-10 0.00197987 0.274837 2.28166 1.4517 2.31303 2.24825 0.93675 -8.36618 11.2413 11.5651 4.68375 0 -0.000119059 8.79121e-05 1.45471e-05 -37.5493 1 0 0 5.38106e-06 1.0093e-06 1.88826e-06
5190 113.333 0.0251295 2.62855e-05 1.27952e-05 3.9664e-07 1.30937e-05 3.99805e-10 0.00197986 0.274838 2.28166 1.4517 2.31303 2.24824 0.936751 -8.36616 11.2412 11.5651 4.68375 0 -0.000118897 8.77122e-05 1.46012e-05 -37.5493 1 0 0 5.37759e-06 1.01089e-06 1.8804e-06
5195 113.459 0.0251295 2.62167e-05 1.27863e-05 3.9753e-07 1.30329e-05 3.97782e-10 0.00197986 0.274837 2.28166 1.4517 2.31303 2.24824 0.936751 -8.36615 11.2412 11.5651 4.68375 0 -0.000118735 8.75126e-05 1.46553e-05 -37.5492 1 0 0 5.37417e-06 1.01249e-06 1.87259e-06
5200 113.584 0.0251295 2.61483e-05 1.27775e-05 3.98423e-07 1.29723e-05 3.95771e-10 0.00197986 0.274838 2.28166 1.4517 2.31303 2.24824 0.936751 -8.36614 11.2412 11.5651 4.68376 0 -0.000118574 8.73133e-05 1.47094e-05 -37.5492 1 0 0 5.37079e-06 1.0141e-06 1.86484e-06
5205 113.71 0.0251295 2.60803e-05 1.27688e-05 3.99322e-07 1.29122e-05 3.93771e-10 0.00197986 0.274838 2.28166 1.4517 2.31303 2.24823 0.936752 -8.36613 11.2412 11.5652 4.68376 0 -0.000118413 8.71144e-05 1.47635e-05 -37.5492 1 0 0 5.36746e-06 1.01572e-06 1.85713e-06
5210 113.836 0.0251295 2.60127e-05 1.27602e-05 4.00225e-07 1.28523e-05 3.91782e-10 0.00197986 0.274837 2.28166 1.4517 2.31304 2.24823 0.936752 -8.36612 11.2412 11.5652 4.68376 0 -0.000118253 8.69158e-05 1.48177e-05 -37.5491 1 0 0 5.36417e-06 1.01734e-06 1.84946e-06
5215 113.961 0.0251295 2.59454e-05 1.27516e-05 4.01133e-07 1.27927e-05 3.89805e-10 0.00197986 0.274838 2.28166 1.4517 2.31304 2.24823 0.936753 -8.36611 11.2412 11.5652 4.68376 0 -0.000118093 8.67175e-05 1.48718e-05 -37.5491 1 0 0 5.36093e-06 1.01898e-06 1.84184e-06
5220 114.087 0.0251295 2.58786e-05 1.27431e-05 4.02045e-07 1.27335e-05 3.87838e-10 0.00197986 0.274837 2.28166 1.4517 2.31304 2.24822 0.936753 -8.3661 11.2411 11.5652 4.68376 0 -0.000117934 8.65195e-05 1.49259e-05 -37.549 1 0 0 5.35772e-06 1.02062e-06 1.83427e-06
5225 114.212 0.0251295 2.58122e-05 1.27347e-05 4.02962e-07 1.26745e-05 3.85883e-10 0.00197986 0.274838 2.28166 1.4517 2.31304 2.24822 0.936753 -8.36609 11.2411 11.5652 4.68376 0 -0.000117776 8.63219e-05 1.498e-05 -37.549 1 0 0 5.35457e-06 1.02227e-06 1.82675e-06
5230 114.338 0.0251295 2.57461e-05 1.27264e-05 4.03884e-07 1.26159e-05 3.83939e-10 0.00197986 0.274837 2.28166 1.4517 2.31305 2.24822 0.936754 -8.36608 11.2411 11.5652 4.68377 0 -0.000117618 8.61246e-05 1.50341e-05 -37.5489 1 0 0 5.35146e-06 1.02393e-06 1.81927e-06
5235 114.464 0.0251295 2.56805e-05 1.27181e-05 4.0481e-07 1.25575e-05 3.82005e-10 0.00197986 0.274838 2.28166 1.4517 2.31305 2.24822 0.936754 -8.36607 11.2411 11.5652 4.68377 0 -0.00011746 8.59276e-05 1.50883e-05 -37.5489 1 0 0 5.34839e-06 1.0256e-06 1.81183e-06
5240 114.589 0.0251295 2.56152e-05 1.27099e-05 4.05742e-07 1.24995e-05 3.80083e-10 0.00197985 0.274837 2.28166 1.4517 2.31305 2.24821 0.936754 -8.36606 11.2411 11.5652 4.68377 0 -0.000117303 8.57309e-05 1.51424e-05 -37.5488 1 0 0 5.34536e-06 1.02728e-06 1.80445e-06
5245 114.715 0.0251295 2.55503e-05 1.27018e-05 4.06677e-07 1.24418e-05 3.78171e-10 0.00197985 0.274837 2.28166 1.4517 2.31305 2.24821 0.936755 -8.36605 11.2411 11.5652 4.68377 0 -0.000117146 8.55345e-05 1.51966e-05 -37.5488 1 0 0 5.34238e-06 1.02897e-06 1.7971e-06
5250 114.841 0.0251295 2.54858e-05 1.26938e-05 4.07618e-07 1.23844e-05 3.7627e-10 0.00197985 0.274837 2.28166 1.4517 2.31305 2.24821 0.936755 -8.36604 11.2411 11.5653 4.68377 0 -0.00011699 8.53385e-05 1.52508e-05 -37.5487 1 0 0 5.33944e-06 1.03067e-06 1.78981e-06
5255 114.966 0.0251295 2.54217e-05 1.26859e-05 4.08563e-07 1.23273e-05 3.74379e-10 0.00197985 0.274838 2.28166 1.4517 2.31306 2.2482 0.936756 -8.36603 11.241 11.5653 4.68378 0 -0.000116835 8.51428e-05 1.53049e-05 -37.5487 1 0 0 5.33655e-06 1.03237e-06 1.78255e-06
5260 115.092 0.0251295 2.53579e-05 1.2678e-05 4.09513e-07 1.22704e-05 3.72499e-10 0.00197985 0.274838 2.28166 1.4517 2.31306 2.2482 0.936756 -8.36602 11.241 11.5653 4.68378 0 -0.00011668 8.49474e-05 1.53591e-05 -37.5487 1 0 0 5.33369e-06 1.03409e-06 1.77534e-06
5265 115.218 0.0251295 2.52946e-05 1.26702e-05 4.10468e-07 1.22139e-05 3.7063e-10 0.00197985 0.274838 2.28166 1.4517 2.31306 2.2482 0.936756 -8.36601 11.241 11.5653 4.68378 0 -0.000116526 8.47523e-05 1.54133e-05 -37.5486 1 0 0 5.33088e-06 1.03581e-06 1.76818e-06
5270 115.343 0.0251295 2.52316e-05 1.26625e-05 4.11428e-07 1.21577e-05 3.68771e-10 0.00197985 0.274838 2.28166 1.4517 2.31306 2.2482 0.936757 -8.366 11.241 11.5653 4.68378 0 -0.000116372 8.45575e-05 1.54675e-05 -37.5486 1 0 0 5.32812e-06 1.03754e-06 1.76106e-06
5275 115.469 0.0251295 2.5169e-05 1.26548e-05 4.12392e-07 1.21018e-05 3.66923e-10 0.00197985 0.274838 2.28166 1.4517 2.31307 2.24819 0.936757 -8.36599 11.241 11.5653 4.68378 0 -0.000116218 8.4363e-05 1.55218e-05 -37.5485 1 0 0 5.3254e-06 1.03928e-06 1.75398e-06
5280 115.595 0.0251295 2.51067e-05 1.26472e-05 4.13361e-07 1.20461e-05 3.65085e-10 0.00197985 0.274838 2.28166 1.4517 2.31307 2.24819 0.936758 -8.36598 11.241 11.5653 4.68379 0 -0.000116065 8.41688e-05 1.5576e-05 -37.5485 1 0 0 5.32272e-06 1.04103e-06 1.74694e-06
5285 115.72 0.0251295 2.50448e-05 1.26397e-05 4.14335e-07 1.19908e-05 3.63257e-10 0.00197985 0.274838 2.28166 1.4517 2.31307 2.24819 0.936758 -8.36597 11.241 11.5653 4.68379 0 -0.000115913 8.3975e-05 1.56303e-05 -37.5484 1 0 0 5.32008e-06 1.04279e-06 1.73995e-06
5290 115.846 0.0251295 2.49833e-05 1.26323e-05 4.15314e-07 1.19357e-05 3.61439e-10 0.00197984 0.274838 2.28166 1.4517 2.31307 2.24818 0.936758 -8.36596 11.2409 11.5653 4.68379 0 -0.000115761 8.37814e-05 1.56846e-05 -37.5484 1 0 0 5.31749e-06 1.04456e-06 1.733e-06
5295 115.972 0.0251295 2.49222e-05 1.2625e-05 4.16297e-07 1.18809e-05 3.59632e-10 0.00197984 0.274837 2.28166 1.4517 2.31307 2.24818 0.936759 -8.36595 11.2409 11.5654 4.68379 0 -0.000115609 8.35882e-05 1.57389e-05 -37.5483 1 0 0 5.31493e-06 1.04634e-06 1.7261e-06
5300 116.097 0.0251295 2.48614e-05 1.26177e-05 4.17286e-07 1.18265e-05 3.57834e-10 0.00197984 0.274837 2.28166 1.4517 2.31308 2.24818 0.936759 -8.36594 11.2409 11.5654 4.68379 0 -0.000115459 8.33953e-05 1.57932e-05 -37.5483 1 0 0 5.31242e-06 1.04812e-06 1.71924e-06
5305 116.223 0.0251295 2.4801e-05 1.26105e-05 4.18279e-07 1.17723e-05 3.56047e-10 0.00197984 0.274838 2.28166 1.4517 2.31308 2.24817 0.936759 -8.36593 11.2409 11.5654 4.6838 0 -0.000115308 8.32027e-05 1.58475e-05 -37.5483 1 0 0 5.30996e-06 1.04992e-06 1.71241e-06
5310 116.348 0.0251295 2.4741e-05 1.26034e-05 4.19277e-07 1.17183e-05 3.5427e-10 0.00197984 0.274838 2.28166 1.4517 2.31308 2.24817 0.93676 -8.36592 11.2409 11.5654 4.6838 0 -0.000115158 8.30103e-05 1.59018e-05 -37.5482 1 0 0 5.30753e-06 1.05172e-06 1.70563e-06
5315 116.474 0.0251295 2.46813e-05 1.25963e-05 4.2028e-07 1.16647e-05 3.52502e-10 0.00197984 0.274837 2.28166 1.4517 2.31308 2.24817 0.93676 -8.36591 11.2409 11.5654 4.6838 0 -0.000115009 8.28183e-05 1.59562e-05 -37.5482 1 0 0 5.30515e-06 1.05353e-06 1.6989e-06
5320 116.6 0.0251295 2.4622e-05 1.25893e-05 4.21288e-07 1.16113e-05 3.50744e-10 0.00197984 0.274838 2.28166 1.4517 2.31308 2.24817 0.936761 -8.3659 11.2409 11.5654 4.6838 0 -0.00011486 8.26266e-05 1.60106e-05 -37.5481 1 0 0 5.30281e-06 1.05535e-06 1.6922e-06
5325 116.725 0.0251295 2.4563e-05 1.25825e-05 4.22301e-07 1.15582e-05 3.48997e-10 0.00197984 0.274837 2.28166 1.4517 2.31309 2.24816 0.936761 -8.36589 11.2408 11.5654 4.6838 0 -0.000114712 8.24352e-05 1.6065e-05 -37.5481 1 0 0 5.30051e-06 1.05718e-06 1.68554e-06
5330 116.851 0.0251295 2.45044e-05 1.25756e-05 4.23318e-07 1.15054e-05 3.47258e-10 0.00197984 0.274837 2.28166 1.4517 2.31309 2.24816 0.936761 -8.36588 11.2408 11.5654 4.68381 0 -0.000114564 8.22441e-05 1.61194e-05 -37.548 1 0 0 5.29825e-06 1.05902e-06 1.67893e-06
5335 116.977 0.0251295 2.44461e-05 1.25689e-05 4.24341e-07 1.14529e-05 3.4553e-10 0.00197984 0.274838 2.28166 1.4517 2.31309 2.24816 0.936762 -8.36587 11.2408 11.5654 4.68381 0 -0.000114416 8.20534e-05 1.61739e-05 -37.548 1 0 0 5.29604e-06 1.06087e-06 1.67235e-06
5340 117.102 0.0251295 2.43882e-05 1.25622e-05 4.25368e-07 1.14007e-05 3.43811e-10 0.00197984 0.274837 2.28166 1.4517 2.31309 2.24815 0.936762 -8.36586 11.2408 11.5654 4.68381 0 -0.00011427 8.18629e-05 1.62284e-05 -37.5479 1 0 0 5.29387e-06 1.06272e-06 1.66582e-06
5345 117.228 0.0251295 2.43307e-05 1.25556e-05 4.26401e-07 1.13487e-05 3.42102e-10 0.00197983 0.274838 2.28166 1.4517 2.31309 2.24815 0.936763 -8.36585 11.2408 11.5655 4.68381 0 -0.000114123 8.16727e-05 1.62829e-05 -37.5479 1 0 0 5.29173e-06 1.06459e-06 1.65933e-06
5350 117.354 0.0251295 2.42735e-05 1.25491e-05 4.27438e-07 1.1297e-05 3.40402e-10 0.00197983 0.274838 2.28166 1.4517 2.3131 2.24815 0.936763 -8.36585 11.2408 11.5655 4.68381 0 -0.000113977 8.14828e-05 1.63374e-05 -37.5479 1 0 0 5.28964e-06 1.06646e-06 1.65287e-06
5355 117.479 0.0251295 2.42166e-05 1.25426e-05 4.2848e-07 1.12455e-05 3.38712e-10 0.00197983 0.274838 2.28166 1.4517 2.3131 2.24815 0.936764 -8.36584 11.2408 11.5655 4.68382 0 -0.000113832 8.12932e-05 1.6392e-05 -37.5478 1 0 0 5.28759e-06 1.06834e-06 1.64646e-06
5360 117.605 0.0251295 2.41601e-05 1.25362e-05 4.29528e-07 1.11943e-05 3.37031e-10 0.00197983 0.274837 2.28166 1.4517 2.3131 2.24814 0.936764 -8.36583 11.2407 11.5655 4.68382 0 -0.000113687 8.11039e-05 1.64466e-05 -37.5478 1 0 0 5.28559e-06 1.07024e-06 1.64008e-06
5365 117.731 0.0251295 2.41039e-05 1.25299e-05 4.3058e-07 1.11434e-05 3.35359e-10 0.00197983 0.274838 2.28166 1.4517 2.3131 2.24814 0.936764 -8.36582 11.2407 11.5655 4.68382 0 -0.000113543 8.09149e-05 1.65012e-05 -37.5477 1 0 0 5.28362e-06 1.07214e-06 1.63375e-06
5370 117.856 0.0251295 2.40481e-05 1.25237e-05 4.31637e-07 1.10928e-05 3.33697e-10 0.00197983 0.274837 2.28166 1.4517 2.3131 2.24814 0.936765 -8.36581 11.2407 11.5655 4.68382 0 -0.000113399 8.07262e-05 1.65558e-05 -37.5477 1 0 0 5.2817e-06 1.07404e-06 1.62745e-06
5375 117.982 0.0251295 2.39926e-05 1.25175e-05 4.327e-07 1.10424e-05 3.32044e-10 0.00197983 0.274838 2.28166 1.4517 2.31311 2.24813 0.936765 -8.3658 11.2407 11.5655 4.68382 0 -0.000113255 8.05378e-05 1.66105e-05 -37.5476 1 0 0 5.27981e-06 1.07596e-06 1.62119e-06
5380 118.108 0.0251295 2.39375e-05 1.25115e-05 4.33767e-07 1.09923e-05 3.304e-10 0.00197983 0.274838 2.28166 1.4517 2.31311 2.24813 0.936766 -8.36579 11.2407 11.5655 4.68383 0 -0.000113113 8.03497e-05 1.66652e-05 -37.5476 1 0 0 5.27797e-06 1.07789e-06 1.61497e-06
5385 118.233 0.0251295 2.38827e-05 1.25055e-05 4.34839e-07 1.09424e-05 3.28765e-10 0.00197983 0.274838 2.28166 1.4517 2.31311 2.24813 0.936766 -8.36578 11.2407 11.5655 4.68383 0 -0.00011297 8.01619e-05 1.67199e-05 -37.5476 1 0 0 5.27617e-06 1.07982e-06 1.60879e-06
5390 118.359 0.0251295 2.38282e-05 1.24995e-05 4.35917e-07 1.08928e-05 3.2714e-10 0.00197983 0.274837 2.28166 1.4517 2.31311 2.24813 0.936766 -8.36577 11.2407 11.5655 4.68383 0 -0.000112828 7.99744e-05 1.67747e-05 -37.5475 1 0 0 5.2744e-06 1.08177e-06 1.60265e-06
5395 118.484 0.0251295 2.37741e-05 1.24937e-05 4.36999e-07 1.08435e-05 3.25523e-10 0.00197982 0.274838 2.28166 1.4517 2.31311 2.24812 0.936767 -8.36576 11.2406 11.5656 4.68383 0 -0.000112687 7.97872e-05 1.68295e-05 -37.5475 1 0 0 5.27268e-06 1.08372e-06 1.59654e-06
5400 118.61 0.0251295 2.37203e-05 1.24879e-05 4.38087e-07 1.07944e-05 3.23915e-10 0.00197982 0.274837 2.28166 1.4517 2.31312 2.24812 0.936767 -8.36575 11.2406 11.5656 4.68383 0 -0.000112546 7.96002e-05 1.68843e-05 -37.5474 1 0 0 5.271e-06 1.08568e-06 1.59048e-06
5405 118.736 0.0251295 2.36669e-05 1.24821e-05 4.39179e-07 1.07456e-05 3.22316e-10 0.00197982 0.274838 2.28166 1.4517 2.31312 2.24812 0.936768 -8.36574 11.2406 11.5656 4.68384 0 -0.000112406 7.94136e-05 1.69391e-05 -37.5474 1 0 0 5.26936e-06 1.08766e-06 1.58445e-06
5410 118.861 0.0251295 2.36138e-05 1.24765e-05 4.40277e-07 1.0697e-05 3.20726e-10 0.00197982 0.274837 2.28166 1.4517 2.31312 2.24811 0.936768 -8.36573 11.2406 11.5656 4.68384 0 -0.000112266 7.92272e-05 1.6994e-05 -37.5473 1 0 0 5.26776e-06 1.08963e-06 1.57846e-06
5415 118.987 0.0251295 2.3561e-05 1.24709e-05 4.4138e-07 1.06486e-05 3.19145e-10 0.00197982 0.274838 2.28166 1.4517 2.31312 2.24811 0.936769 -8.36572 11.2406 11.5656 4.68384 0 -0.000112126 7.90412e-05 1.7049e-05 -37.5473 1 0 0 5.2662e-06 1.09162e-06 1.5725e-06
5420 119.113 0.0251295 2.35085e-05 1.24654e-05 4.42488e-07 1.06006e-05 3.17572e-10 0.00197982 0.274838 2.28166 1.4517 2.31312 2.24811 0.936769 -8.36571 11.2406 11.5656 4.68384 0 -0.000111987 7.88554e-05 1.71039e-05 -37.5473 1 0 0 5.26469e-06 1.09362e-06 1.56658e-06
5425 119.238 0.0251295 2.34564e-05 1.246e-05 4.43601e-07 1.05527e-05 3.16009e-10 0.00197982 0.274837 2.28166 1.4517 2.31313 2.24811 0.936769 -8.3657 11.2406 11.5656 4.68385 0 -0.000111849 7.86699e-05 1.71589e-05 -37.5472 1 0 0 5.26321e-06 1.09563e-06 1.5607e-06
5430 119.364 0.0251295 2.34045e-05 1.24547e-05 4.44719e-07 1.05052e-05 3.14453e-10 0.00197982 0.274837 2.28166 1.4517 2.31313 2.2481 0.93677 -8.36569 11.2405 11.5656 4.68385 0 -0.000111711 7.84847e-05 1.7214e-05 -37.5472 1 0 0 5.26177e-06 1.09764e-06 1.55485e-06
5435 119.49 0.0251295 2.33531e-05 1.24494e-05 4.45843e-07 1.04578e-05 3.12907e-10 0.00197982 0.274838 2.28166 1.4517 2.31313 2.2481 0.93677 -8.36568 11.2405 11.5656 4.68385 0 -0.000111573 7.82998e-05 1.7269e-05 -37.5471 1 0 0 5.26037e-06 1.09967e-06 1.54904e-06
5440 119.615 0.0251295 2.33019e-05 1.24442e-05 4.46971e-07 1.04107e-05 3.11369e-10 0.00197982 0.274837 2.28166 1.4517 2.31313 2.2481 0.936771 -8.36567 11.2405 11.5656 4.68385 0 -0.000111436 7.81152e-05 1.73241e-05 -37.5471 1 0 0 5.25901e-06 1.1017e-06 1.54327e-06
5445 119.741 0.0251295 2.32511e-05 1.2439e-05 4.48105e-07 1.03639e-05 3.09839e-10 0.00197982 0.274837 2.28166 1.4517 2.31313 2.2481 0.936771 -8.36566 11.2405 11.5657 4.68385 0 -0.0001113 7.79308e-05 1.73793e-05 -37.547 1 0 0 5.25769e-06 1.10374e-06 1.53753e-06
5450 119.867 0.0251295 2.32005e-05 1.2434e-05 4.49244e-07 1.03173e-05 3.08318e-10 0.00197981 0.274838 2.28166 1.4517 2.31314 2.24809 0.936772 -8.36565 11.2405 11.5657 4.68386 0 -0.000111164 7.77468e-05 1.74345e-05 -37.547 1 0 0 5.25641e-06 1.10579e-06 1.53183e-06
5455 119.992 0.0251295 2.31503e-05 1.2429e-05 4.50388e-07 1.0271e-05 3.06805e-10 0.00197981 0.274837 2.28166 1.4517 2.31314 2.24809 0.936772 -8.36564 11.2405 11.5657 4.68386 0 -0.000111028 7.7563e-05 1.74897e-05 -37.547 1 0 0 5.25517e-06 1.10785e-06 1.52616e-06
5460 120.118 0.0251295 2.31004e-05 1.24241e-05 4.51538e-07 1.02248e-05 3.05301e-10 0.00197981 0.274838 2.28166 1.4517 2.31314 2.24809 0.936772 -8.36564 11.2405 11.5657 4.68386 0 -0.000110893 7.73795e-05 1.7545e-05 -37.5469 1 0 0 5.25397e-06 1.10992e-06 1.52053e-06
5465 120.244 0.0251295 2.30509e-05 1.24192e-05 4.52693e-07 1.0179e-05 3.03805e-10 0.00197981 0.274837 2.28166 1.4517 2.31314 2.24808 0.936773 -8.36563 11.2404 11.5657 4.68386 0 -0.000110759 7.71963e-05 1.76003e-05 -37.5469 1 0 0 5.25281e-06 1.11199e-06 1.51494e-06
5470 120.369 0.0251295 2.30016e-05 1.24145e-05 4.53853e-07 1.01333e-05 3.02317e-10 0.00197981 0.274837 2.28166 1.4517 2.31314 2.24808 0.936773 -8.36562 11.2404 11.5657 4.68386 0 -0.000110625 7.70133e-05 1.76556e-05 -37.5468 1 0 0 5.25169e-06 1.11408e-06 1.50937e-06
5475 120.495 0.0251295 2.29527e-05 1.24098e-05 4.55018e-07 1.00879e-05 3.00837e-10 0.00197981 0.274837 2.28166 1.4517 2.31315 2.24808 0.936774 -8.36561 11.2404 11.5657 4.68387 0 -0.000110491 7.68307e-05 1.7711e-05 -37.5468 1 0 0 5.25061e-06 1.11617e-06 1.50385e-06
5480 120.62 0.0251295 2.29041e-05 1.24051e-05 4.56188e-07 1.00427e-05 2.99366e-10 0.00197981 0.274838 2.28166 1.4517 2.31315 2.24808 0.936774 -8.3656 11.2404 11.5657 4.68387 0 -0.000110358 7.66483e-05 1.77665e-05 -37.5467 1 0 0 5.24956e-06 1.11828e-06 1.49835e-06
5485 120.746 0.0251295 2.28557e-05 1.24006e-05 4.57364e-07 9.9978e-06 2.97902e-10 0.00197981 0.274837 2.28166 1.4517 2.31315 2.24807 0.936775 -8.36559 11.2404 11.5657 4.68387 0 -0.000110225 7.64662e-05 1.78219e-05 -37.5467 1 0 0 5.24856e-06 1.12039e-06 1.4929e-06
5490 120.872 0.0251295 2.28077e-05 1.23961e-05 4.58545e-07 9.9531e-06 2.96447e-10 0.00197981 0.274837 2.28166 1.4517 2.31315 2.24807 0.936775 -8.36558 11.2404 11.5657 4.68387 0 -0.000110093 7.62844e-05 1.78775e-05 -37.5467 1 0 0 5.24759e-06 1.12251e-06 1.48747e-06
5495 120.997 0.0251295 2.276e-05 1.23917e-05 4.59732e-07 9.90863e-06 2.94999e-10 0.00197981 0.274838 2.28166 1.4517 2.31315 2.24807 0.936776 -8.36557 11.2404 11.5658 4.68388 0 -0.000109961 7.61029e-05 1.7933e-05 -37.5466 1 0 0 5.24667e-06 1.12464e-06 1.48208e-06
5500 121.123 0.0251295 2.27127e-05 1.23873e-05 4.60924e-07 9.86438e-06 2.9356e-10 0.00197981 0.274838 2.28166 1.4517 2.31316 2.24806 0.936776 -8.36556 11.2403 11.5658 4.68388 0 -0.00010983 7.59216e-05 1.79886e-05 -37.5466 1 0 0 5.24578e-06 1.12678e-06 1.47672e-06
5505 121.249 0.0251295 2.26656e-05 1.23831e-05 4.62121e-07 9.82037e-06 2.92128e-10 0.00197981 0.274837 2.28166 1.4517 2.31316 2.24806 0.936777 -8.36555 11.2403 11.5658 4.68388 0 -0.0001097 7.57406e-05 1.80443e-05 -37.5465 1 0 0 5.24493e-06 1.12892e-06 1.4714e-06
5510 121.374 0.0251295 2.26188e-05 1.23789e-05 4.63323e-07 9.77659e-06 2.90705e-10 0.0019798 0.274838 2.28166 1.4517 2.31316 2.24806 0.936777 -8.36554 11.2403 11.5658 4.68388 0 -0.000109569 7.55599e-05 1.81e-05 -37.5465 1 0 0 5.24412e-06 1.13108e-06 1.46611e-06
5515 121.5 0.0251295 2.25723e-05 1.23748e-05 4.64531e-07 9.73303e-06 2.89289e-10 0.0019798 0.274838 2.28166 1.4517 2.31316 2.24806 0.936777 -8.36553 11.2403 11.5658 4.68389 0 -0.00010944 7.53795e-05 1.81558e-05 -37.5465 1 0 0 5.24335e-06 1.13324e-06 1.46085e-06
5520 121.626 0.0251295 2.25261e-05 1.23707e-05 4.65745e-07 9.68969e-06 2.87881e-10 0.0019798 0.274838 2.28166 1.4517 2.31316 2.24805 0.936778 -8.36552 11.2403 11.5658 4.68389 0 -0.00010931 7.51993e-05 1.82116e-05 -37.5464 1 0 0 5.24262e-06 1.13542e-06 1.45563e-06
5525 121.751 0.0251295 2.24803e-05 1.23667e-05 4.66963e-07 9.64658e-06 2.8648e-10 0.0019798 0.274837 2.28166 1.4517 2.31317 2.24805 0.936778 -8.36552 11.2403 11.5658 4.68389 0 -0.000109181 7.50194e-05 1.82674e-05 -37.5464 1 0 0 5.24192e-06 1.1376e-06 1.45044e-06
5530 121.877 0.0251295 2.24347e-05 1.23628e-05 4.68188e-07 9.6037e-06 2.85087e-10 0.0019798 0.274837 2.28166 1.4517 2.31317 2.24805 0.936779 -8.36551 11.2403 11.5658 4.68389 0 -0.000109053 7.48398e-05 1.83233e-05 -37.5463 1 0 0 5.24127e-06 1.13979e-06 1.44528e-06
5535 122.003 0.0251295 2.23894e-05 1.2359e-05 4.69417e-07 9.56103e-06 2.83702e-10 0.0019798 0.274837 2.28166 1.4517 2.31317 2.24805 0.936779 -8.3655 11.2402 11.5658 4.68389 0 -0.000108925 7.46604e-05 1.83793e-05 -37.5463 1 0 0 5.24065e-06 1.14199e-06 1.44015e-06
5540 122.128 0.0251295 2.23444e-05 1.23552e-05 4.70652e-07 9.51858e-06 2.82325e-10 0.0019798 0.274838 2.28166 1.4517 2.31317 2.24804 0.93678 -8.36549 11.2402 11.5658 4.6839 0 -0.000108798 7.44814e-05 1.84353e-05 -37.5463 1 0 0 5.24007e-06 1.1442e-06 1.43505e-06
5545 122.254 0.0251295 2.22998e-05 1.23515e-05 4.71893e-07 9.47636e-06 2.80955e-10 0.0019798 0.274838 2.28166 1.4517 2.31317 2.24804 0.93678 -8.36548 11.2402 11.5658 4.6839 0 -0.000108671 7.43025e-05 1.84913e-05 -37.5462 1 0 0 5.23953e-06 1.14642e-06 1.42999e-06
5550 122.38 0.0251295 2.22554e-05 1.23479e-05 4.73139e-07 9.43435e-06 2.79592e-10 0.0019798 0.274837 2.28166 1.4517 2.31317 2.24804 0.936781 -8.36547 11.2402 11.5659 4.6839 0 -0.000108545 7.4124e-05 1.85474e-05 -37.5462 1 0 0 5.23902e-06 1.14864e-06 1.42496e-06
5555 122.505 0.0251295 2.22113e-05 1.23443e-05 4.7439e-07 9.39256e-06 2.78237e-10 0.0019798 0.274837 2.28166 1.4517 2.31318 2.24803 0.936781 -8.36546 11.2402 11.5659 4.6839 0 -0.000108419 7.39457e-05 1.86036e-05 -37.5461 1 0 0 5.23856e-06 1.15088e-06 1.41996e-06
5560 122.631 0.0251295 2.21675e-05 1.23408e-05 4.75648e-07 9.35098e-06 2.7689e-10 0.0019798 0.274837 2.28166 1.4517 2.31318 2.24803 0.936782 -8.36545 11.2402 11.5659 4.68391 0 -0.000108293 7.37677e-05 1.86598e-05 -37.5461 1 0 0 5.23813e-06 1.15312e-06 1.41499e-06
5565 122.756 0.0251295 2.2124e-05 1.23374e-05 4.7691e-07 9.30962e-06 2.75549e-10 0.00197979 0.274838 2.28166 1.4517 2.31318 2.24803 0.936782 -8.36544 11.2402 11.5659 4.68391 0 -0.000108168 7.359e-05 1.8716e-05 -37.546 1 0 0 5.23774e-06 1.15537e-06 1.41005e-06
5570 122.882 0.0251295 2.20807e-05 1.23341e-05 4.78178e-07 9.26847e-06 2.74216e-10 0.00197979 0.274837 2.28166 1.4517 2.31318 2.24803 0.936783 -8.36543 11.2402 11.5659 4.68391 0 -0.000108044 7.34125e-05 1.87723e-05 -37.546 1 0 0 5.23739e-06 1.15764e-06 1.40515e-06
5575 123.008 0.0251295 2.20378e-05 1.23308e-05 4.79452e-07 9.22754e-06 2.72891e-10 0.00197979 0.274837 2.28166 1.4517 2.31318 2.24802 0.936783 -8.36542 11.2401 11.5659 4.68391 0 -0.000107919 7.32353e-05 1.88287e-05 -37.546 1 0 0 5.23707e-06 1.15991e-06 1.40027e-06
5580 123.133 0.0251295 2.19952e-05 1.23276e-05 4.80731e-07 9.18681e-06 2.71572e-10 0.00197979 0.274837 2.28166 1.4517 2.31319 2.24802 0.936783 -8.36542 11.2401 11.5659 4.68392 0 -0.000107796 7.30583e-05 1.88851e-05 -37.5459 1 0 0 5.23679e-06 1.16219e-06 1.39543e-06
5585 123.259 0.0251295 2.19528e-05 1.23245e-05 4.82016e-07 9.1463e-06 2.70261e-10 0.00197979 0.274838 2.28166 1.4517 2.31319 2.24802 0.936784 -8.36541 11.2401 11.5659 4.68392 0 -0.000107673 7.28817e-05 1.89416e-05 -37.5459 1 0 0 5.23655e-06 1.16447e-06 1.39061e-06
5590 123.385 0.0251295 2.19107e-05 1.23214e-05 4.83307e-07 9.106e-06 2.68957e-10 0.00197979 0.274838 2.28166 1.4517 2.31319 2.24802 0.936784 -8.3654 11.2401 11.5659 4.68392 0 -0.00010755 7.27052e-05 1.89981e-05 -37.5458 1 0 0 5.23635e-06 1.16677e-06 1.38583e-06
5595 123.51 0.0251295 2.18689e-05 1.23184e-05 4.84603e-07 9.0659e-06 2.6766e-10 0.00197979 0.274838 2.28166 1.4517 2.31319 2.24801 0.936785 -8.36539 11.2401 11.5659 4.68392 0 -0.000107428 7.25291e-05 1.90547e-05 -37.5458 1 0 0 5.23619e-06 1.16908e-06 1.38108e-06
5600 123.636 0.0251295 2.18274e-05 1.23155e-05 4.85904e-07 9.02601e-06 2.6637e-10 0.00197979 0.274838 2.28166 1.4517 2.31319 2.24801 0.936785 -8.36538 11.2401 11.566 4.68392 0 -0.000107306 7.23532e-05 1.91114e-05 -37.5458 1 0 0 5.23606e-06 1.17139e-06 1.37635e-06
5605 123.762 0.0251295 2.17862e-05 1.23127e-05 4.87212e-07 8.98632e-06 2.65088e-10 0.00197979 0.274838 2.28166 1.4517 2.31319 2.24801 0.936786 -8.36537 11.2401 11.566 4.68393 0 -0.000107185 7.21775e-05 1.91681e-05 -37.5457 1 0 0 5.23597e-06 1.17371e-06 1.37166e-06
5610 123.887 0.0251295 2.17453e-05 1.23099e-05 4.88525e-07 8.94684e-06 2.63812e-10 0.00197979 0.274837 2.28166 1.4517 2.3132 2.248 0.936786 -8.36536 11.24 11.566 4.68393 0 -0.000107064 7.20022e-05 1.92248e-05 -37.5457 1 0 0 5.23591e-06 1.17605e-06 1.367e-06
5615 124.013 0.0251295 2.17046e-05 1.23072e-05 4.89844e-07 8.90756e-06 2.62543e-10 0.00197979 0.274838 2.28166 1.4517 2.3132 2.248 0.936787 -8.36535 11.24 11.566 4.68393 0 -0.000106944 7.1827e-05 1.92816e-05 -37.5456 1 0 0 5.2359e-06 1.17839e-06 1.36236e-06
5620 124.139 0.0251295 2.16642e-05 1.23045e-05 4.91168e-07 8.86849e-06 2.61281e-10 0.00197979 0.274838 2.28166 1.4517 2.3132 2.248 0.936787 -8.36534 11.24 11.566 4.68393 0 -0.000106824 7.16522e-05 1.93385e-05 -37.5456 1 0 0 5.23592e-06 1.18074e-06 1.35776e-06
5625 124.264 0.0251295 2.16241e-05 1.2302e-05 4.92498e-07 8.82962e-06 2.60026e-10 0.00197978 0.274837 2.28166 1.4517 2.3132 2.248 0.936788 -8.36533 11.24 11.566 4.68394 0 -0.000106704 7.14776e-05 1.93955e-05 -37.5456 1 0 0 5.23597e-06 1.18309e-06 1.35318e-06
5630 124.39 0.0251295 2.15843e-05 1.22995e-05 4.93834e-07 8.79094e-06 2.58777e-10 0.00197978 0.274838 2.28166 1.4517 2.3132 2.24799 0.936788 -8.36533 11.24 11.566 4.68394 0 -0.000106585 7.13032e-05 1.94525e-05 -37.5455 1 0 0 5.23607e-06 1.18546e-06 1.34864e-06
5635 124.516 0.0251295 2.15447e-05 1.22971e-05 4.95176e-07 8.75247e-06 2.57536e-10 0.00197978 0.274838 2.28166 1.4517 2.31321 2.24799 0.936789 -8.36532 11.24 11.566 4.68394 0 -0.000106467 7.11291e-05 1.95095e-05 -37.5455 1 0 0 5.2362e-06 1.18784e-06 1.34412e-06
5640 124.641 0.0251295 2.15054e-05 1.22947e-05 4.96523e-07 8.71419e-06 2.56301e-10 0.00197978 0.274838 2.28166 1.4517 2.31321 2.24799 0.936789 -8.36531 11.24 11.566 4.68394 0 -0.000106349 7.09553e-05 1.95666e-05 -37.5454 1 0 0 5.23636e-06 1.19022e-06 1.33963e-06
5645 124.767 0.0251295 2.14664e-05 1.22924e-05 4.97876e-07 8.67611e-06 2.55073e-10 0.00197978 0.274838 2.28166 1.4517 2.31321 2.24799 0.93679 -8.3653 11.24 11.566 4.68395 0 -0.000106231 7.07817e-05 1.96238e-05 -37.5454 1 0 0 5.23657e-06 1.19262e-06 1.33517e-06
5650 124.892 0.0251295 2.14277e-05 1.22902e-05 4.99235e-07 8.63823e-06 2.53852e-10 0.00197978 0.274837 2.28166 1.4517 2.31321 2.24798 0.93679 -8.36529 11.2399 11.566 4.68395 0 -0.000106114 7.06084e-05 1.96811e-05 -37.5454 1 0 0 5.23681e-06 1.19502e-06 1.33074e-06
5655 125.018 0.0251295 2.13892e-05 1.22881e-05 5.006e-07 8.60054e-06 2.52637e-10 0.00197978 0.274838 2.28166 1.4517 2.31321 2.24798 0.936791 -8.36528 11.2399 11.566 4.68395 0 -0.000105997 7.04353e-05 1.97384e-05 -37.5453 1 0 0 5.23708e-06 1.19743e-06 1.32633e-06
5660 125.144 0.0251295 2.1351e-05 1.2286e-05 5.0197e-07 8.56305e-06 2.51429e-10 0.00197978 0.274837 2.28166 1.4517 2.31321 2.24798 0.936791 -8.36527 11.2399 11.5661 4.68395 0 -0.000105881 7.02625e-05 1.97957e-05 -37.5453 1 0 0 5.2374e-06 1.19985e-06 1.32196e-06
5665 125.269 0.0251295 2.13131e-05 1.2284e-05 5.03347e-07 8.52575e-06 2.50227e-10 0.00197978 0.274838 2.28166 1.4517 2.31322 2.24798 0.936792 -8.36526 11.2399 11.5661 4.68396 0 -0.000105766 7.00899e-05 1.98532e-05 -37.5452 1 0 0 5.23775e-06 1.20228e-06 1.31761e-06
5670 125.395 0.0251295 2.12754e-05 1.2282e-05 5.04729e-07 8.48864e-06 2.49032e-10 0.00197978 0.274838 2.28166 1.4517 2.31322 2.24797 0.936792 -8.36526 11.2399 11.5661 4.68396 0 -0.00010565 6.99176e-05 1.99107e-05 -37.5452 1 0 0 5.23813e-06 1.20472e-06 1.31329e-06
5675 125.521 0.0251295 2.1238e-05 1.22802e-05 5.06117e-07 8.45172e-06 2.47844e-10 0.00197978 0.274837 2.28166 1.4517 2.31322 2.24797 0.936793 -8.36525 11.2399 11.5661 4.68396 0 -0.000105535 6.97456e-05 1.99682e-05 -37.5452 1 0 0 5.23855e-06 1.20716e-06 1.309e-06
5680 125.646 0.0251295 2.12009e-05 1.22784e-05 5.07511e-07 8.41499e-06 2.46661e-10 0.00197978 0.274837 2.28166 1.4517 2.31322 2.24797 0.936793 -8.36524 11.2399 11.5661 4.68396 0 -0.000105421 6.95738e-05 2.00258e-05 -37.5451 1 0 0 5.23901e-06 1.20962e-06 1.30473e-06
5685 125.772 0.0251295 2.1164e-05 1.22766e-05 5.08911e-07 8.37845e-06 2.45486e-10 0.00197977 0.274837 2.28166 1.4517 2.31322 2.24796 0.936794 -8.36523 11.2398 11.5661 4.68397 0 -0.000105307 6.94022e-05 2.00835e-05 -37.5451 1 0 0 5.2395e-06 1.21208e-06 1.3005e-06
5690 125.898 0.0251295 2.11274e-05 1.2275e-05 5.10317e-07 8.3421e-06 2.44316e-10 0.00197977 0.274837 2.28166 1.4517 2.31323 2.24796 0.936794 -8.36522 11.2398 11.5661 4.68397 0 -0.000105194 6.92309e-05 2.01413e-05 -37.5451 1 0 0 5.24003e-06 1.21456e-06 1.29628e-06
5695 126.023 0.0251295 2.1091e-05 1.22734e-05 5.11729e-07 8.30593e-06 2.43153e-10 0.00197977 0.274837 2.28166 1.4517 2.31323 2.24796 0.936795 -8.36521 11.2398 11.5661 4.68397 0 -0.000105081 6.90598e-05 2.01991e-05 -37.545 1 0 0 5.24059e-06 1.21704e-06 1.2921e-06
5700 126.149 0.0251295 2.1055e-05 1.22719e-05 5.13147e-07 8.26995e-06 2.41997e-10 0.00197977 0.274838 2.28166 1.4517 2.31323 2.24796 0.936795 -8.3652 11.2398 11.5661 4.68397 0 -0.000104968 6.8889e-05 2.0257e-05 -37.545 1 0 0 5.24119e-06 1.21953e-06 1.28794e-06
5705 126.275 0.0251295 2.10191e-05 1.22704e-05 5.1457e-07 8.23416e-06 2.40846e-10 0.00197977 0.274838 2.28166 1.4517 2.31323 2.24795 0.936796 -8.36519 11.2398 11.5661 4.68398 0 -0.000104856 6.87184e-05 2.0315e-05 -37.5449 1 0 0 5.24183e-06 1.22203e-06 1.28381e-06
5710 126.4 0.0251295 2.09836e-05 1.2269e-05 5.16e-07 8.19855e-06 2.39702e-10 0.00197977 0.274837 2.28166 1.4517 2.31323 2.24795 0.936796 -8.36519 11.2398 11.5661 4.68398 0 -0.000104744 6.85481e-05 2.0373e-05 -37.5449 1 0 0 5.2425e-06 1.22454e-06 1.27971e-06
5715 126.526 0.0251295 2.09483e-05 1.22677e-05 5.17436e-07 8.16312e-06 2.38564e-10 0.00197977 0.274837 2.28166 1.4517 2.31323 2.24795 0.936797 -8.36518 11.2398 11.5662 4.68398 0 -0.000104633 6.8378e-05 2.04311e-05 -37.5449 1 0 0 5.24321e-06 1.22705e-06 1.27563e-06
5720 126.652 0.0251295 2.09132e-05 1.22665e-05 5.18878e-07 8.12788e-06 2.37432e-10 0.00197977 0.274838 2.28166 1.4517 2.31324 2.24795 0.936797 -8.36517 11.2398 11.5662 4.68398 0 -0.000104522 6.82082e-05 2.04892e-05 -37.5448 1 0 0 5.24395e-06 1.22958e-06 1.27158e-06
5725 126.777 0.0251295 2.08784e-05 1.22653e-05 5.20326e-07 8.09281e-06 2.36306e-10 0.00197977 0.274837 2.28166 1.4517 2.31324 2.24794 0.936798 -8.36516 11.2397 11.5662 4.68399 0 -0.000104412 6.80386e-05 2.05475e-05 -37.5448 1 0 0 5.24473e-06 1.23211e-06 1.26756e-06
5730 126.903 0.0251295 2.08439e-05 1.22642e-05 5.21779e-07 8.05793e-06 2.35186e-10 0.00197977 0.274838 2.28166 1.4517 2.31324 2.24794 0.936798 -8.36515 11.2397 11.5662 4.68399 0 -0.000104302 6.78692e-05 2.06058e-05 -37.5447 1 0 0 5.24554e-06 1.23466e-06 1.26356e-06
5735 127.029 0.0251295 2.08096e-05 1.22631e-05 5.23239e-07 8.02322e-06 2.34073e-10 0.00197977 0.274837 2.28166 1.4517 2.31324 2.24794 0.936799 -8.36514 11.2397 11.5662 4.68399 0 -0.000104193 6.77001e-05 2.06641e-05 -37.5447 1 0 0 5.24639e-06 1.23721e-06 1.25959e-06
5740 127.154 0.0251295 2.07756e-05 1.22622e-05 5.24705e-07 7.9887e-06 2.32965e-10 0.00197977 0.274837 2.28166 1.4517 2.31324 2.24794 0.936799 -8.36513 11.2397 11.5662 4.68399 0 -0.000104084 6.75313e-05 2.07226e-05 -37.5447 1 0 0 5.24727e-06 1.23977e-06 1.25564e-06
5745 127.28 0.0251295 2.07418e-05 1.22613e-05 5.26177e-07 7.95435e-06 2.31863e-10 0.00197976 0.274838 2.28166 1.4517 2.31324 2.24793 0.9368 -8.36513 11.2397 11.5662 4.684 0 -0.000103976 6.73626e-05 2.07811e-05 -37.5446 1 0 0 5.24819e-06 1.24234e-06 1.25172e-06
5750 127.405 0.0251295 2.07083e-05 1.22604e-05 5.27656e-07 7.92018e-06 2.30768e-10 0.00197976 0.274838 2.28166 1.4517 2.31325 2.24793 0.9368 -8.36512 11.2397 11.5662 4.684 0 -0.000103867 6.71942e-05 2.08397e-05 -37.5446 1 0 0 5.24914e-06 1.24492e-06 1.24782e-06
5755 127.531 0.0251295 2.0675e-05 1.22597e-05 5.2914e-07 7.88618e-06 2.29678e-10 0.00197976 0.274838 2.28166 1.4517 2.31325 2.24793 0.936801 -8.36511 11.2397 11.5662 4.684 0 -0.00010376 6.70261e-05 2.08983e-05 -37.5445 1 0 0 5.25013e-06 1.24751e-06 1.24395e-06
5760 127.657 0.0251295 2.0642e-05 1.2259e-05 5.30631e-07 7.85236e-06 2.28594e-10 0.00197976 0.274837 2.28166 1.4517 2.31325 2.24793 0.936802 -8.3651 11.2396 11.5662 4.68401 0 -0.000103653 6.68582e-05 2.09571e-05 -37.5445 1 0 0 5.25115e-06 1.25011e-06 1.24011e-06
5765 127.782 0.0251295 2.06092e-05 1.22583e-05 5.32127e-07 7.81871e-06 2.27516e-10 0.00197976 0.274837 2.28166 1.4517 2.31325 2.24792 0.936802 -8.36509 11.2396 11.5662 4.68401 0 -0.000103546 6.66905e-05 2.10158e-05 -37.5445 1 0 0 5.25221e-06 1.25271e-06 1.23629e-06
5770 127.908 0.0251295 2.05766e-05 1.22578e-05 5.3363e-07 7.78523e-06 2.26443e-10 0.00197976 0.274838 2.28166 1.4517 2.31325 2.24792 0.936803 -8.36508 11.2396 11.5662 4.68401 0 -0.00010344 6.65231e-05 2.10747e-05 -37.5444 1 0 0 5.2533e-06 1.25533e-06 1.23249e-06
5775 128.034 0.0251295 2.05444e-05 1.22573e-05 5.35139e-07 7.75192e-06 2.25377e-10 0.00197976 0.274838 2.28166 1.4517 2.31325 2.24792 0.936803 -8.36507 11.2396 11.5663 4.68401 0 -0.000103334 6.63559e-05 2.11337e-05 -37.5444 1 0 0 5.25443e-06 1.25795e-06 1.22872e-06
5780 128.159 0.0251295 2.05123e-05 1.22569e-05 5.36655e-07 7.71879e-06 2.24316e-10 0.00197976 0.274838 2.28166 1.4517 2.31326 2.24791 0.936804 -8.36507 11.2396 11.5663 4.68402 0 -0.000103229 6.6189e-05 2.11927e-05 -37.5444 1 0 0 5.25559e-06 1.26058e-06 1.22497e-06
5785 128.285 0.0251295 2.04805e-05 1.22565e-05 5.38176e-07 7.68583e-06 2.23261e-10 0.00197976 0.274837 2.28166 1.4517 2.31326 2.24791 0.936804 -8.36506 11.2396 11.5663 4.68402 0 -0.000103124 6.60223e-05 2.12518e-05 -37.5443 1 0 0 5.25678e-06 1.26322e-06 1.22125e-06
5790 128.411 0.0251295 2.0449e-05 1.22562e-05 5.39704e-07 7.65303e-06 2.22212e-10 0.00197976 0.274837 2.28166 1.4517 2.31326 2.24791 0.936805 -8.36505 11.2396 11.5663 4.68402 0 -0.000103019 6.58558e-05 2.1311e-05 -37.5443 1 0 0 5.25801e-06 1.26587e-06 1.21755e-06
5795 128.536 0.0251295 2.04177e-05 1.2256e-05 5.41238e-07 7.6204e-06 2.21168e-10 0.00197976 0.274838 2.28166 1.4517 2.31326 2.24791 0.936805 -8.36504 11.2396 11.5663 4.68402 0 -0.000102915 6.56895e-05 2.13702e-05 -37.5442 1 0 0 5.25928e-06 1.26853e-06 1.21388e-06
5800 128.662 0.0251295 2.03866e-05 1.22559e-05 5.42779e-07 7.58794e-06 2.2013e-10 0.00197976 0.274837 2.28166 1.4517 2.31326 2.2479 0.936806 -8.36503 11.2395 11.5663 4.68403 0 -0.000102811 6.55235e-05 2.14295e-05 -37.5442 1 0 0 5.26057e-06 1.2712e-06 1.21023e-06
5805 128.788 0.0251295 2.03558e-05 1.22558e-05 5.44326e-07 7.55565e-06 2.19097e-10 0.00197975 0.274837 2.28166 1.4517 2.31326 2.2479 0.936806 -8.36502 11.2395 11.5663 4.68403 0 -0.000102708 6.53577e-05 2.14889e-05 -37.5442 1 0 0 5.26191e-06 1.27387e-06 1.20661e-06
5810 128.913 0.0251295 2.03252e-05 1.22558e-05 5.45879e-07 7.52352e-06 2.1807e-10 0.00197975 0.274838 2.28166 1.4517 2.31327 2.2479 0.936807 -8.36501 11.2395 11.5663 4.68403 0 -0.000102606 6.51922e-05 2.15484e-05 -37.5441 1 0 0 5.26327e-06 1.27656e-06 1.203e-06
5815 129.039 0.0251295 2.02948e-05 1.22558e-05 5.47438e-07 7.49156e-06 2.17049e-10 0.00197975 0.274838 2.28166 1.4517 2.31327 2.2479 0.936807 -8.36501 11.2395 11.5663 4.68403 0 -0.000102503 6.50269e-05 2.16079e-05 -37.5441 1 0 0 5.26467e-06 1.27925e-06 1.19943e-06
5820 129.165 0.0251295 2.02647e-05 1.22559e-05 5.49004e-07 7.45976e-06 2.16033e-10 0.00197975 0.274838 2.28166 1.4517 2.31327 2.24789 0.936808 -8.365 11.2395 11.5663 4.68404 0 -0.000102401 6.48618e-05 2.16676e-05 -37.5441 1 0 0 5.26611e-06 1.28196e-06 1.19587e-06
5825 129.29 0.0251295 2.02348e-05 1.22561e-05 5.50576e-07 7.42813e-06 2.15022e-10 0.00197975 0.274838 2.28166 1.4517 2.31327 2.24789 0.936808 -8.36499 11.2395 11.5663 4.68404 0 -0.0001023 6.4697e-05 2.17273e-05 -37.544 1 0 0 5.26758e-06 1.28467e-06 1.19234e-06
5830 129.416 0.0251295 2.02052e-05 1.22564e-05 5.52155e-07 7.39665e-06 2.14017e-10 0.00197975 0.274838 2.28166 1.4517 2.31327 2.24789 0.936809 -8.36498 11.2395 11.5663 4.68404 0 -0.000102199 6.45324e-05 2.1787e-05 -37.544 1 0 0 5.26908e-06 1.28739e-06 1.18883e-06
5835 129.541 0.0251295 2.01758e-05 1.22567e-05 5.5374e-07 7.36534e-06 2.13017e-10 0.00197975 0.274837 2.28166 1.4517 2.31327 2.24789 0.93681 -8.36497 11.2395 11.5664 4.68405 0 -0.000102099 6.4368e-05 2.18469e-05 -37.5439 1 0 0 5.27062e-06 1.29012e-06 1.18535e-06
5840 129.667 0.0251295 2.01466e-05 1.22571e-05 5.55331e-07 7.33419e-06 2.12023e-10 0.00197975 0.274838 2.28166 1.4517 2.31328 2.24788 0.93681 -8.36496 11.2394 11.5664 4.68405 0 -0.000101998 6.42038e-05 2.19068e-05 -37.5439 1 0 0 5.27219e-06 1.29286e-06 1.18189e-06
5845 129.793 0.0251295 2.01177e-05 1.22576e-05 5.56929e-07 7.3032e-06 2.11034e-10 0.00197975 0.274838 2.28166 1.4517 2.31328 2.24788 0.936811 -8.36496 11.2394 11.5664 4.68405 0 -0.000101899 6.40399e-05 2.19669e-05 -37.5439 1 0 0 5.27379e-06 1.2956e-06 1.17845e-06
5850 129.918 0.0251295 2.0089e-05 1.22581e-05 5.58534e-07 7.27236e-06 2.1005e-10 0.00197975 0.274837 2.28166 1.4517 2.31328 2.24788 0.936811 -8.36495 11.2394 11.5664 4.68405 0 -0.0001018 6.38762e-05 2.2027e-05 -37.5438 1 0 0 5.27543e-06 1.29836e-06 1.17503e-06
5855 130.044 0.0251295 2.00605e-05 1.22587e-05 5.60145e-07 7.24169e-06 2.09072e-10 0.00197975 0.274838 2.28166 1.4517 2.31328 2.24788 0.936812 -8.36494 11.2394 11.5664 4.68406 0 -0.000101701 6.37127e-05 2.20871e-05 -37.5438 1 0 0 5.2771e-06 1.30112e-06 1.17164e-06
5860 130.17 0.0251295 2.00323e-05 1.22594e-05 5.61762e-07 7.21117e-06 2.08099e-10 0.00197975 0.274837 2.28166 1.4517 2.31328 2.24787 0.936812 -8.36493 11.2394 11.5664 4.68406 0 -0.000101602 6.35495e-05 2.21474e-05 -37.5438 1 0 0 5.2788e-06 1.3039e-06 1.16827e-06
5865 130.295 0.0251295 2.00043e-05 1.22601e-05 5.63386e-07 7.18081e-06 2.07131e-10 0.00197975 0.274838 2.28166 1.4517 2.31328 2.24787 0.936813 -8.36492 11.2394 11.5664 4.68406 0 -0.000101505 6.33865e-05 2.22077e-05 -37.5437 1 0 0 5.28054e-06 1.30668e-06 1.16492e-06
5870 130.421 0.0251295 1.99765e-05 1.22609e-05 5.65017e-07 7.1506e-06 2.06168e-10 0.00197974 0.274837 2.28166 1.4517 2.31328 2.24787 0.936813 -8.36491 11.2394 11.5664 4.68406 0 -0.000101407 6.32237e-05 2.22681e-05 -37.5437 1 0 0 5.28231e-06 1.30947e-06 1.16159e-06
5875 130.547 0.0251295 1.9949e-05 1.22618e-05 5.66654e-07 7.12055e-06 2.0521e-10 0.00197974 0.274838 2.28166 1.4517 2.31329 2.24787 0.936814 -8.36491 11.2394 11.5664 4.68407 0 -0.00010131 6.30611e-05 2.23286e-05 -37.5436 1 0 0 5.28411e-06 1.31227e-06 1.15829e-06
5880 130.672 0.0251295 1.99217e-05 1.22627e-05 5.68297e-07 7.09065e-06 2.04258e-10 0.00197974 0.274837 2.28166 1.4517 2.31329 2.24786 0.936815 -8.3649 11.2393 11.5664 4.68407 0 -0.000101213 6.28988e-05 2.23892e-05 -37.5436 1 0 0 5.28595e-06 1.31508e-06 1.15501e-06
5885 130.798 0.0251295 1.98946e-05 1.22637e-05 5.69948e-07 7.06091e-06 2.0331e-10 0.00197974 0.274838 2.28166 1.4517 2.31329 2.24786 0.936815 -8.36489 11.2393 11.5664 4.68407 0 -0.000101117 6.27366e-05 2.24499e-05 -37.5436 1 0 0 5.28782e-06 1.3179e-06 1.15175e-06
5890 130.924 0.0251295 1.98677e-05 1.22648e-05 5.71605e-07 7.03132e-06 2.02368e-10 0.00197974 0.274837 2.28166 1.4517 2.31329 2.24786 0.936816 -8.36488 11.2393 11.5664 4.68408 0 -0.000101021 6.25748e-05 2.25106e-05 -37.5435 1 0 0 5.28972e-06 1.32073e-06 1.14851e-06
5895 131.049 0.0251295 1.98411e-05 1.22659e-05 5.73268e-07 7.00188e-06 2.0143e-10 0.00197974 0.274838 2.28166 1.4517 2.31329 2.24786 0.936816 -8.36487 11.2393 11.5665 4.68408 0 -0.000100926 6.24131e-05 2.25714e-05 -37.5435 1 0 0 5.29165e-06 1.32356e-06 1.14529e-06
5900 131.175 0.0251295 1.98146e-05 1.22671e-05 5.74938e-07 6.97259e-06 2.00498e-10 0.00197974 0.274838 2.28166 1.4517 2.31329 2.24785 0.936817 -8.36486 11.2393 11.5665 4.68408 0 -0.000100831 6.22516e-05 2.26324e-05 -37.5435 1 0 0 5.29362e-06 1.32641e-06 1.1421e-06
5905 131.301 0.0251295 1.97884e-05 1.22684e-05 5.76615e-07 6.94345e-06 1.99571e-10 0.00197974 0.274837 2.28166 1.4517 2.3133 2.24785 0.936817 -8.36486 11.2393 11.5665 4.68408 0 -0.000100737 6.20904e-05 2.26934e-05 -37.5434 1 0 0 5.29562e-06 1.32926e-06 1.13892e-06
5910 131.426 0.0251295 1.97625e-05 1.22697e-05 5.78299e-07 6.91446e-06 1.98648e-10 0.00197974 0.274837 2.28166 1.4517 2.3133 2.24785 0.936818 -8.36485 11.2393 11.5665 4.68409 0 -0.000100643 6.19294e-05 2.27544e-05 -37.5434 1 0 0 5.29766e-06 1.33212e-06 1.13577e-06
5915 131.552 0.0251295 1.97367e-05 1.22711e-05 5.79989e-07 6.88561e-06 1.97731e-10 0.00197974 0.274838 2.28166 1.4517 2.3133 2.24785 0.936819 -8.36484 11.2392 11.5665 4.68409 0 -0.000100549 6.17686e-05 2.28156e-05 -37.5433 1 0 0 5.29972e-06 1.33499e-06 1.13264e-06
5920 131.677 0.0251295 1.97112e-05 1.22726e-05 5.81686e-07 6.85692e-06 1.96818e-10 0.00197974 0.274838 2.28166 1.4517 2.3133 2.24784 0.936819 -8.36483 11.2392 11.5665 4.68409 0 -0.000100456 6.16081e-05 2.28768e-05 -37.5433 1 0 0 5.30182e-06 1.33787e-06 1.12953e-06
5925 131.803 0.0251295 1.96859e-05 1.22741e-05 5.8339e-07 6.82837e-06 1.95911e-10 0.00197974 0.274837 2.28166 1.4517 2.3133 2.24784 0.93682 -8.36482 11.2392 11.5665 4.6841 0 -0.000100363 6.14477e-05 2.29382e-05 -37.5433 1 0 0 5.30395e-06 1.34076e-06 1.12644e-06
5930 131.929 0.0251295 1.96608e-05 1.22757e-05 5.85101e-07 6.79997e-06 1.95008e-10 0.00197974 0.274838 2.28166 1.4517 2.3133 2.24784 0.93682 -8.36482 11.2392 11.5665 4.6841 0 -0.000100271 6.12876e-05 2.29996e-05 -37.5432 1 0 0 5.30612e-06 1.34366e-06 1.12337e-06
5935 132.054 0.0251295 1.96359e-05 1.22774e-05 5.86818e-07 6.77171e-06 1.9411e-10 0.00197973 0.274837 2.28166 1.4517 2.31331 2.24784 0.936821 -8.36481 11.2392 11.5665 4.6841 0 -0.000100179 6.11277e-05 2.30611e-05 -37.5432 1 0 0 5.30832e-06 1.34657e-06 1.12033e-06
5940 132.18 0.0251295 1.96113e-05 1.22792e-05 5.88543e-07 6.7436e-06 1.93216e-10 0.00197973 0.274838 2.28166 1.4517 2.31331 2.24783 0.936821 -8.3648 11.2392 11.5665 4.6841 0 -0.000100087 6.0968e-05 2.31227e-05 -37.5432 1 0 0 5.31054e-06 1.34948e-06 1.1173e-06
5945 132.306 0.0251295 1.95869e-05 1.2281e-05 5.90274e-07 6.71563e-06 1.92328e-10 0.00197973 0.274838 2.28166 1.4517 2.31331 2.24783 0.936822 -8.36479 11.2392 11.5665 4.68411 0 -9.99964e-05 6.08085e-05 2.31843e-05 -37.5431 1 0 0 5.3128e-06 1.35241e-06 1.11429e-06
5950 132.431 0.0251295 1.95627e-05 1.22828e-05 5.92012e-07 6.68781e-06 1.91444e-10 0.00197973 0.274837 2.28166 1.4517 2.31331 2.24783 0.936823 -8.36478 11.2392 11.5665 4.68411 0 -9.99057e-05 6.06493e-05 2.32461e-05 -37.5431 1 0 0 5.3151e-06 1.35534e-06 1.11131e-06
5955 132.557 0.0251295 1.95387e-05 1.22848e-05 5.93757e-07 6.66013e-06 1.90565e-10 0.00197973 0.274837 2.28166 1.4517 2.31331 2.24783 0.936823 -8.36477 11.2391 11.5665 4.68411 0 -9.98155e-05 6.04903e-05 2.33079e-05 -37.5431 1 0 0 5.31742e-06 1.35828e-06 1.10834e-06
5960 132.683 0.0251295 1.95149e-05 1.22868e-05 5.95508e-07 6.63259e-06 1.89691e-10 0.00197973 0.274837 2.28166 1.4517 2.31331 2.24782 0.936824 -8.36477 11.2391 11.5666 4.68412 0 -9.97258e-05 6.03314e-05 2.33699e-05 -37.543 1 0 0 5.31978e-06 1.36123e-06 1.1054e-06
5965 132.808 0.0251295 1.94913e-05 1.22888e-05 5.97267e-07 6.60519e-06 1.88821e-10 0.00197973 0.274837 2.28166 1.4517 2.31331 2.24782 0.936824 -8.36476 11.2391 11.5666 4.68412 0 -9.96364e-05 6.01728e-05 2.34319e-05 -37.543 1 0 0 5.32217e-06 1.36419e-06 1.10247e-06
5970 132.934 0.0251295 1.94679e-05 1.2291e-05 5.99033e-07 6.57793e-06 1.87956e-10 0.00197973 0.274837 2.28166 1.4517 2.31332 2.24782 0.936825 -8.36475 11.2391 11.5666 4.68412 0 -9.95475e-05 6.00144e-05 2.3494e-05 -37.5429 1 0 0 5.32459e-06 1.36716e-06 1.09957e-06
5975 133.06 0.0251295 1.94448e-05 1.22932e-05 6.00805e-07 6.55081e-06 1.87095e-10 0.00197973 0.274838 2.28166 1.4517 2.31332 2.24782 0.936826 -8.36474 11.2391 11.5666 4.68413 0 -9.94589e-05 5.98563e-05 2.35562e-05 -37.5429 1 0 0 5.32704e-06 1.37014e-06 1.09668e-06
5980 133.185 0.0251295 1.94219e-05 1.22955e-05 6.02585e-07 6.52383e-06 1.8624e-10 0.00197973 0.274837 2.28166 1.4517 2.31332 2.24781 0.936826 -8.36473 11.2391 11.5666 4.68413 0 -9.93708e-05 5.96983e-05 2.36185e-05 -37.5429 1 0 0 5.32953e-06 1.37313e-06 1.09382e-06
5985 133.311 0.0251295 1.93992e-05 1.22978e-05 6.04371e-07 6.49698e-06 1.85388e-10 0.00197973 0.274838 2.28166 1.4517 2.31332 2.24781 0.936827 -8.36473 11.2391 11.5666 4.68413 0 -9.92832e-05 5.95406e-05 2.36808e-05 -37.5428 1 0 0 5.33204e-06 1.37612e-06 1.09097e-06
5990 133.437 0.0251295 1.93767e-05 1.23002e-05 6.06165e-07 6.47028e-06 1.84541e-10 0.00197973 0.274838 2.28166 1.4517 2.31332 2.24781 0.936827 -8.36472 11.2391 11.5666 4.68413 0 -9.91959e-05 5.9383e-05 2.37433e-05 -37.5428 1 0 0 5.33459e-06 1.37913e-06 1.08815e-06
5995 133.562 0.0251295 1.93544e-05 1.23027e-05 6.07965e-07 6.44371e-06 1.83699e-10 0.00197973 0.274838 2.28166 1.4517 2.31332 2.24781 0.936828 -8.36471 11.239 11.5666 4.68414 0 -9.91091e-05 5.92257e-05 2.38058e-05 -37.5428 1 0 0 5.33717e-06 1.38214e-06 1.08534e-06
6000 133.688 0.0251295 1.93323e-05 1.23052e-05 6.09773e-07 6.41728e-06 1.82861e-10 0.00197972 0.274838 2.28166 1.4517 2.31332 2.2478 0.936829 -8.3647 11.239 11.5666 4.68414 0 -9.90226e-05 5.90686e-05 2.38685e-05 -37.5427 1 0 0 5.33978e-06 1.38516e-06 1.08255e-06
6005 133.813 0.0251295 1.93104e-05 1.23078e-05 6.11588e-07 6.39098e-06 1.82028e-10 0.00197972 0.274837 2.28166 1.4517 2.31333 2.2478 0.936829 -8.36469 11.239 11.5666 4.68414 0 -9.89366e-05 5.89117e-05 2.39312e-05 -37.5427 1 0 0 5.34242e-06 1.38819e-06 1.07978e-06
6010 133.939 0.0251295 1.92887e-05 1.23105e-05 6.1341e-07 6.36482e-06 1.81199e-10 0.00197972 0.274837 2.28166 1.4517 2.31333 2.2478 0.93683 -8.36469 11.239 11.5666 4.68415 0 -9.88511e-05 5.8755e-05 2.3994e-05 -37.5427 1 0 0 5.3451e-06 1.39123e-06 1.07703e-06
6015 134.065 0.0251295 1.92673e-05 1.23132e-05 6.15239e-07 6.33879e-06 1.80374e-10 0.00197972 0.274837 2.28166 1.4517 2.31333 2.2478 0.93683 -8.36468 11.239 11.5666 4.68415 0 -9.87659e-05 5.85985e-05 2.40569e-05 -37.5426 1 0 0 5.3478e-06 1.39428e-06 1.0743e-06
6020 134.19 0.0251295 1.9246e-05 1.2316e-05 6.17075e-07 6.31289e-06 1.79554e-10 0.00197972 0.274838 2.28166 1.4517 2.31333 2.24779 0.936831 -8.36467 11.239 11.5666 4.68415 0 -9.86811e-05 5.84423e-05 2.41199e-05 -37.5426 1 0 0 5.35054e-06 1.39734e-06 1.07159e-06
6025 134.316 0.0251295 1.92249e-05 1.23189e-05 6.18918e-07 6.28713e-06 1.78738e-10 0.00197972 0.274838 2.28166 1.4517 2.31333 2.24779 0.936832 -8.36466 11.239 11.5666 4.68416 0 -9.85968e-05 5.82862e-05 2.4183e-05 -37.5425 1 0 0 5.35331e-06 1.40041e-06 1.0689e-06
6030 134.442 0.0251295 1.92041e-05 1.23218e-05 6.20768e-07 6.26149e-06 1.77927e-10 0.00197972 0.274837 2.28166 1.4517 2.31333 2.24779 0.936832 -8.36465 11.239 11.5667 4.68416 0 -9.85129e-05 5.81304e-05 2.42462e-05 -37.5425 1 0 0 5.35611e-06 1.40348e-06 1.06623e-06
6035 134.567 0.0251295 1.91834e-05 1.23248e-05 6.22626e-07 6.23599e-06 1.77119e-10 0.00197972 0.274838 2.28166 1.4517 2.31334 2.24779 0.936833 -8.36465 11.2389 11.5667 4.68416 0 -9.84294e-05 5.79747e-05 2.43094e-05 -37.5425 1 0 0 5.35893e-06 1.40657e-06 1.06357e-06
6040 134.693 0.0251295 1.9163e-05 1.23279e-05 6.24491e-07 6.21062e-06 1.76317e-10 0.00197972 0.274837 2.28166 1.4517 2.31334 2.24778 0.936833 -8.36464 11.2389 11.5667 4.68416 0 -9.83463e-05 5.78193e-05 2.43728e-05 -37.5424 1 0 0 5.3618e-06 1.40966e-06 1.06094e-06
6045 134.819 0.0251295 1.91428e-05 1.2331e-05 6.26363e-07 6.18538e-06 1.75518e-10 0.00197972 0.274838 2.28166 1.4517 2.31334 2.24778 0.936834 -8.36463 11.2389 11.5667 4.68417 0 -9.82636e-05 5.7664e-05 2.44362e-05 -37.5424 1 0 0 5.36469e-06 1.41276e-06 1.05832e-06
6050 134.944 0.0251295 1.91227e-05 1.23342e-05 6.28242e-07 6.16027e-06 1.74723e-10 0.00197972 0.274837 2.28166 1.4517 2.31334 2.24778 0.936835 -8.36462 11.2389 11.5667 4.68417 0 -9.81813e-05 5.7509e-05 2.44998e-05 -37.5424 1 0 0 5.36761e-06 1.41587e-06 1.05572e-06
6055 135.07 0.0251295 1.91029e-05 1.23375e-05 6.30129e-07 6.13529e-06 1.73933e-10 0.00197972 0.274837 2.28166 1.4517 2.31334 2.24778 0.936835 -8.36461 11.2389 11.5667 4.68417 0 -9.80995e-05 5.73542e-05 2.45634e-05 -37.5423 1 0 0 5.37056e-06 1.41899e-06 1.05314e-06
6060 135.196 0.0251295 1.90833e-05 1.23408e-05 6.32023e-07 6.11043e-06 1.73147e-10 0.00197972 0.274838 2.28166 1.4517 2.31334 2.24777 0.936836 -8.36461 11.2389 11.5667 4.68418 0 -9.8018e-05 5.71996e-05 2.46271e-05 -37.5423 1 0 0 5.37355e-06 1.42212e-06 1.05057e-06
6065 135.321 0.0251295 1.90638e-05 1.23442e-05 6.33924e-07 6.0857e-06 1.72365e-10 0.00197972 0.274838 2.28166 1.4517 2.31334 2.24777 0.936836 -8.3646 11.2389 11.5667 4.68418 0 -9.7937e-05 5.70452e-05 2.4691e-05 -37.5423 1 0 0 5.37656e-06 1.42526e-06 1.04803e-06
6070 135.447 0.0251295 1.90446e-05 1.23477e-05 6.35833e-07 6.0611e-06 1.71587e-10 0.00197971 0.274837 2.28166 1.4517 2.31335 2.24777 0.936837 -8.36459 11.2389 11.5667 4.68418 0 -9.78564e-05 5.6891e-05 2.47549e-05 -37.5422 1 0 0 5.37961e-06 1.42841e-06 1.0455e-06
6075 135.573 0.0251295 1.90256e-05 1.23512e-05 6.37749e-07 6.03663e-06 1.70814e-10 0.00197971 0.274837 2.28166 1.4517 2.31335 2.24777 0.936838 -8.36458 11.2389 11.5667 4.68419 0 -9.77762e-05 5.6737e-05 2.48189e-05 -37.5422 1 0 0 5.38268e-06 1.43156e-06 1.04299e-06
6080 135.698 0.0251295 1.90067e-05 1.23548e-05 6.39672e-07 6.01227e-06 1.70044e-10 0.00197971 0.274838 2.28166 1.4517 2.31335 2.24776 0.936838 -8.36457 11.2388 11.5667 4.68419 0 -9.76964e-05 5.65832e-05 2.4883e-05 -37.5422 1 0 0 5.38579e-06 1.43473e-06 1.0405e-06
6085 135.824 0.0251295 1.89881e-05 1.23584e-05 6.41603e-07 5.98805e-06 1.69279e-10 0.00197971 0.274838 2.28166 1.4517 2.31335 2.24776 0.936839 -8.36457 11.2388 11.5667 4.68419 0 -9.7617e-05 5.64296e-05 2.49472e-05 -37.5421 1 0 0 5.38892e-06 1.4379e-06 1.03803e-06
6090 135.949 0.0251295 1.89697e-05 1.23622e-05 6.43541e-07 5.96395e-06 1.68517e-10 0.00197971 0.274837 2.28166 1.4517 2.31335 2.24776 0.93684 -8.36456 11.2388 11.5667 4.6842 0 -9.7538e-05 5.62763e-05 2.50115e-05 -37.5421 1 0 0 5.39209e-06 1.44108e-06 1.03557e-06
6095 136.075 0.0251295 1.89514e-05 1.2366e-05 6.45487e-07 5.93997e-06 1.6776e-10 0.00197971 0.274838 2.28166 1.4517 2.31335 2.24776 0.93684 -8.36455 11.2388 11.5668 4.6842 0 -9.74594e-05 5.61231e-05 2.50758e-05 -37.542 1 0 0 5.39529e-06 1.44427e-06 1.03313e-06
6100 136.201 0.0251295 1.89334e-05 1.23698e-05 6.4744e-07 5.91611e-06 1.67007e-10 0.00197971 0.274837 2.28166 1.4517 2.31335 2.24775 0.936841 -8.36454 11.2388 11.5668 4.6842 0 -9.73813e-05 5.59701e-05 2.51403e-05 -37.542 1 0 0 5.39851e-06 1.44747e-06 1.03071e-06
6105 136.326 0.0251295 1.89155e-05 1.23737e-05 6.49401e-07 5.89238e-06 1.66257e-10 0.00197971 0.274837 2.28166 1.4517 2.31336 2.24775 0.936841 -8.36453 11.2388 11.5668 4.6842 0 -9.73035e-05 5.58173e-05 2.52049e-05 -37.542 1 0 0 5.40177e-06 1.45068e-06 1.02831e-06
6110 136.452 0.0251295 1.88978e-05 1.23777e-05 6.51369e-07 5.86876e-06 1.65512e-10 0.00197971 0.274838 2.28166 1.4517 2.31336 2.24775 0.936842 -8.36453 11.2388 11.5668 4.68421 0 -9.72262e-05 5.56647e-05 2.52695e-05 -37.5419 1 0 0 5.40506e-06 1.4539e-06 1.02592e-06
6115 136.578 0.0251295 1.88804e-05 1.23818e-05 6.53344e-07 5.84527e-06 1.6477e-10 0.00197971 0.274838 2.28166 1.4517 2.31336 2.24775 0.936843 -8.36452 11.2388 11.5668 4.68421 0 -9.71492e-05 5.55124e-05 2.53343e-05 -37.5419 1 0 0 5.40837e-06 1.45713e-06 1.02355e-06
6120 136.703 0.0251295 1.88631e-05 1.23859e-05 6.55328e-07 5.8219e-06 1.64033e-10 0.00197971 0.274838 2.28166 1.4517 2.31336 2.24774 0.936843 -8.36451 11.2387 11.5668 4.68421 0 -9.70727e-05 5.53602e-05 2.53991e-05 -37.5419 1 0 0 5.41172e-06 1.46036e-06 1.02119e-06
6125 136.829 0.0251295 1.8846e-05 1.23901e-05 6.57318e-07 5.79865e-06 1.63299e-10 0.00197971 0.274837 2.28166 1.4517 2.31336 2.24774 0.936844 -8.3645 11.2387 11.5668 4.68422 0 -9.69965e-05 5.52082e-05 2.54641e-05 -37.5418 1 0 0 5.4151e-06 1.46361e-06 1.01886e-06
6130 136.955 0.0251295 1.88291e-05 1.23943e-05 6.59317e-07 5.77551e-06 1.62569e-10 0.00197971 0.274837 2.28166 1.4517 2.31336 2.24774 0.936845 -8.3645 11.2387 11.5668 4.68422 0 -9.69208e-05 5.50564e-05 2.55291e-05 -37.5418 1 0 0 5.4185e-06 1.46686e-06 1.01654e-06
6135 137.08 0.0251295 1.88124e-05 1.23986e-05 6.61323e-07 5.7525e-06 1.61843e-10 0.00197971 0.274838 2.28166 1.4517 2.31336 2.24774 0.936845 -8.36449 11.2387 11.5668 4.68422 0 -9.68455e-05 5.49049e-05 2.55943e-05 -37.5418 1 0 0 5.42194e-06 1.47012e-06 1.01424e-06
6140 137.206 0.0251295 1.87959e-05 1.2403e-05 6.63337e-07 5.7296e-06 1.61121e-10 0.0019797 0.274838 2.28166 1.4517 2.31336 2.24773 0.936846 -8.36448 11.2387 11.5668 4.68423 0 -9.67706e-05 5.47535e-05 2.56595e-05 -37.5417 1 0 0 5.42541e-06 1.4734e-06 1.01195e-06
6145 137.332 0.0251295 1.87796e-05 1.24074e-05 6.65358e-07 5.70682e-06 1.60403e-10 0.0019797 0.274838 2.28166 1.4517 2.31337 2.24773 0.936847 -8.36447 11.2387 11.5668 4.68423 0 -9.6696e-05 5.46023e-05 2.57248e-05 -37.5417 1 0 0 5.4289e-06 1.47668e-06 1.00968e-06
6150 137.457 0.0251295 1.87635e-05 1.24119e-05 6.67387e-07 5.68416e-06 1.59688e-10 0.0019797 0.274838 2.28166 1.4517 2.31337 2.24773 0.936847 -8.36446 11.2387 11.5668 4.68423 0 -9.66219e-05 5.44513e-05 2.57903e-05 -37.5417 1 0 0 5.43243e-06 1.47997e-06 1.00743e-06
6155 137.583 0.0251295 1.87475e-05 1.24165e-05 6.69424e-07 5.66161e-06 1.58977e-10 0.0019797 0.274838 2.28166 1.4517 2.31337 2.24773 0.936848 -8.36446 11.2387 11.5668 4.68424 0 -9.65482e-05 5.43005e-05 2.58558e-05 -37.5416 1 0 0 5.43598e-06 1.48326e-06 1.00519e-06
6160 137.709 0.0251295 1.87318e-05 1.24211e-05 6.71468e-07 5.63918e-06 1.5827e-10 0.0019797 0.274838 2.28166 1.4517 2.31337 2.24772 0.936849 -8.36445 11.2386 11.5668 4.68424 0 -9.64749e-05 5.41499e-05 2.59214e-05 -37.5416 1 0 0 5.43957e-06 1.48657e-06 1.00297e-06
6165 137.834 0.0251295 1.87162e-05 1.24258e-05 6.7352e-07 5.61686e-06 1.57567e-10 0.0019797 0.274838 2.28166 1.4517 2.31337 2.24772 0.936849 -8.36444 11.2386 11.5668 4.68424 0 -9.6402e-05 5.39995e-05 2.59871e-05 -37.5416 1 0 0 5.44318e-06 1.48989e-06 1.00077e-06
6170 137.96 0.0251295 1.87009e-05 1.24306e-05 6.7558e-07 5.59466e-06 1.56867e-10 0.0019797 0.274837 2.28166 1.4517 2.31337 2.24772 0.93685 -8.36443 11.2386 11.5669 4.68425 0 -9.63294e-05 5.38493e-05 2.60529e-05 -37.5415 1 0 0 5.44682e-06 1.49321e-06 9.98579e-07
6175 138.085 0.0251295 1.86857e-05 1.24354e-05 6.77648e-07 5.57257e-06 1.56171e-10 0.0019797 0.274838 2.28166 1.4517 2.31337 2.24772 0.936851 -8.36443 11.2386 11.5669 4.68425 0 -9.62573e-05 5.36993e-05 2.61189e-05 -37.5415 1 0 0 5.45049e-06 1.49654e-06 9.96407e-07
6180 138.211 0.0251295 1.86707e-05 1.24403e-05 6.79724e-07 5.55059e-06 1.55479e-10 0.0019797 0.274838 2.28166 1.4517 2.31338 2.24771 0.936851 -8.36442 11.2386 11.5669 4.68425 0 -9.61856e-05 5.35495e-05 2.61849e-05 -37.5414 1 0 0 5.45419e-06 1.49989e-06 9.94251e-07
6185 138.337 0.0251295 1.86558e-05 1.24453e-05 6.81807e-07 5.52873e-06 1.5479e-10 0.0019797 0.274837 2.28166 1.4517 2.31338 2.24771 0.936852 -8.36441 11.2386 11.5669 4.68426 0 -9.61143e-05 5.33999e-05 2.6251e-05 -37.5414 1 0 0 5.45792e-06 1.50324e-06 9.92111e-07
6190 138.462 0.0251295 1.86412e-05 1.24503e-05 6.83899e-07 5.50697e-06 1.54105e-10 0.0019797 0.274837 2.28166 1.4517 2.31338 2.24771 0.936852 -8.3644 11.2386 11.5669 4.68426 0 -9.60434e-05 5.32505e-05 2.63172e-05 -37.5414 1 0 0 5.46168e-06 1.5066e-06 9.89986e-07
6195 138.588 0.0251295 1.86267e-05 1.24554e-05 6.85998e-07 5.48533e-06 1.53424e-10 0.0019797 0.274838 2.28166 1.4517 2.31338 2.24771 0.936853 -8.36439 11.2386 11.5669 4.68426 0 -9.59728e-05 5.31013e-05 2.63835e-05 -37.5413 1 0 0 5.46547e-06 1.50997e-06 9.87877e-07
6200 138.714 0.0251295 1.86125e-05 1.24606e-05 6.88105e-07 5.4638e-06 1.52746e-10 0.0019797 0.274838 2.28166 1.4517 2.31338 2.24771 0.936854 -8.36439 11.2385 11.5669 4.68427 0 -9.59027e-05 5.29522e-05 2.64499e-05 -37.5413 1 0 0 5.46929e-06 1.51335e-06 9.85784e-07
6205 138.839 0.0251295 1.85984e-05 1.24658e-05 6.9022e-07 5.44238e-06 1.52072e-10 0.0019797 0.274837 2.28166 1.4517 2.31338 2.2477 0.936854 -8.36438 11.2385 11.5669 4.68427 0 -9.5833e-05 5.28034e-05 2.65164e-05 -37.5413 1 0 0 5.47313e-06 1.51673e-06 9.83707e-07
6210 138.965 0.0251295 1.85845e-05 1.24711e-05 6.92343e-07 5.42107e-06 1.51401e-10 0.00197969 0.274837 2.28166 1.4517 2.31338 2.2477 0.936855 -8.36437 11.2385 11.5669 4.68427 0 -9.57637e-05 5.26548e-05 2.6583e-05 -37.5412 1 0 0 5.47701e-06 1.52013e-06 9.81644e-07
6215 139.091 0.0251295 1.85708e-05 1.24764e-05 6.94474e-07 5.39987e-06 1.50734e-10 0.00197969 0.274837 2.28166 1.4517 2.31339 2.2477 0.936856 -8.36436 11.2385 11.5669 4.68428 0 -9.56947e-05 5.25063e-05 2.66497e-05 -37.5412 1 0 0 5.48091e-06 1.52353e-06 9.79597e-07
6220 139.216 0.0251295 1.85572e-05 1.24818e-05 6.96613e-07 5.37878e-06 1.5007e-10 0.00197969 0.274838 2.28166 1.4517 2.31339 2.2477 0.936856 -8.36436 11.2385 11.5669 4.68428 0 -9.56262e-05 5.2358e-05 2.67165e-05 -37.5412 1 0 0 5.48484e-06 1.52695e-06 9.77566e-07
6225 139.342 0.0251295 1.85439e-05 1.24873e-05 6.9876e-07 5.35779e-06 1.4941e-10 0.00197969 0.274838 2.28166 1.4517 2.31339 2.24769 0.936857 -8.36435 11.2385 11.5669 4.68428 0 -9.5558e-05 5.221e-05 2.67834e-05 -37.5411 1 0 0 5.4888e-06 1.53037e-06 9.75549e-07
6230 139.468 0.0251295 1.85307e-05 1.24928e-05 7.00915e-07 5.33691e-06 1.48753e-10 0.00197969 0.274837 2.28166 1.4517 2.31339 2.24769 0.936858 -8.36434 11.2385 11.5669 4.68429 0 -9.54903e-05 5.20621e-05 2.68503e-05 -37.5411 1 0 0 5.49279e-06 1.5338e-06 9.73548e-07
6235 139.593 0.0251295 1.85177e-05 1.24985e-05 7.03078e-07 5.31614e-06 1.481e-10 0.00197969 0.274838 2.28166 1.4517 2.31339 2.24769 0.936859 -8.36433 11.2385 11.5669 4.68429 0 -9.54229e-05 5.19144e-05 2.69174e-05 -37.5411 1 0 0 5.49681e-06 1.53724e-06 9.71562e-07
6240 139.719 0.0251295 1.85049e-05 1.25041e-05 7.0525e-07 5.29548e-06 1.4745e-10 0.00197969 0.274837 2.28166 1.4517 2.31339 2.24769 0.936859 -8.36432 11.2384 11.5669 4.68429 0 -9.53559e-05 5.17669e-05 2.69846e-05 -37.541 1 0 0 5.50085e-06 1.54069e-06 9.6959e-07
6245 139.845 0.0251295 1.84922e-05 1.25099e-05 7.07429e-07 5.27492e-06 1.46804e-10 0.00197969 0.274837 2.28166 1.4517 2.31339 2.24768 0.93686 -8.36432 11.2384 11.567 4.6843 0 -9.52893e-05 5.16196e-05 2.70519e-05 -37.541 1 0 0 5.50492e-06 1.54415e-06 9.67634e-07
6250 139.97 0.0251295 1.84797e-05 1.25157e-05 7.09616e-07 5.25447e-06 1.46161e-10 0.00197969 0.274838 2.28166 1.4517 2.31339 2.24768 0.936861 -8.36431 11.2384 11.567 4.6843 0 -9.52232e-05 5.14725e-05 2.71193e-05 -37.541 1 0 0 5.50903e-06 1.54762e-06 9.65692e-07
6255 140.096 0.0251295 1.84674e-05 1.25215e-05 7.11812e-07 5.23412e-06 1.45521e-10 0.00197969 0.274838 2.28166 1.4517 2.3134 2.24768 0.936861 -8.3643 11.2384 11.567 4.6843 0 -9.51574e-05 5.13255e-05 2.71868e-05 -37.5409 1 0 0 5.51316e-06 1.55109e-06 9.63765e-07
6260 140.221 0.0251295 1.84553e-05 1.25274e-05 7.14016e-07 5.21387e-06 1.44885e-10 0.00197969 0.274837 2.28166 1.4517 2.3134 2.24768 0.936862 -8.36429 11.2384 11.567 4.68431 0 -9.5092e-05 5.11788e-05 2.72544e-05 -37.5409 1 0 0 5.51731e-06 1.55458e-06 9.61852e-07
6265 140.347 0.0251295 1.84434e-05 1.25334e-05 7.16228e-07 5.19373e-06 1.44252e-10 0.00197969 0.274838 2.28166 1.4517 2.3134 2.24767 0.936863 -8.36429 11.2384 11.567 4.68431 0 -9.50269e-05 5.10322e-05 2.73221e-05 -37.5409 1 0 0 5.5215e-06 1.55807e-06 9.59954e-07
6270 140.473 0.0251295 1.84316e-05 1.25395e-05 7.18448e-07 5.17369e-06 1.43622e-10 0.00197969 0.274837 2.28166 1.4517 2.3134 2.24767 0.936863 -8.36428 11.2384 11.567 4.68431 0 -9.49623e-05 5.08859e-05 2.73899e-05 -37.5408 1 0 0 5.52571e-06 1.56157e-06 9.58071e-07
6275 140.598 0.0251295 1.842e-05 1.25456e-05 7.20676e-07 5.15376e-06 1.42996e-10 0.00197969 0.274837 2.28166 1.4517 2.3134 2.24767 0.936864 -8.36427 11.2384 11.567 4.68432 0 -9.48981e-05 5.07397e-05 2.74578e-05 -37.5408 1 0 0 5.52996e-06 1.56509e-06 9.56202e-07
6280 140.724 0.0251295 1.84086e-05 1.25518e-05 7.22913e-07 5.13393e-06 1.42373e-10 0.00197969 0.274837 2.28166 1.4517 2.3134 2.24767 0.936865 -8.36426 11.2384 11.567 4.68432 0 -9.48342e-05 5.05937e-05 2.75258e-05 -37.5408 1 0 0 5.53423e-06 1.56861e-06 9.54347e-07
6285 140.85 0.0251295 1.83974e-05 1.2558e-05 7.25158e-07 5.11419e-06 1.41753e-10 0.00197968 0.274838 2.28166 1.4517 2.3134 2.24766 0.936865 -8.36426 11.2383 11.567 4.68432 0 -9.47708e-05 5.04479e-05 2.75939e-05 -37.5407 1 0 0 5.53852e-06 1.57214e-06 9.52507e-07
6290 140.975 0.0251295 1.83863e-05 1.25644e-05 7.27412e-07 5.09456e-06 1.41136e-10 0.00197968 0.274837 2.28166 1.4517 2.3134 2.24766 0.936866 -8.36425 11.2383 11.567 4.68433 0 -9.47077e-05 5.03023e-05 2.7662e-05 -37.5407 1 0 0 5.54285e-06 1.57567e-06 9.5068e-07
6295 141.101 0.0251295 1.83754e-05 1.25707e-05 7.29673e-07 5.07503e-06 1.40523e-10 0.00197968 0.274838 2.28166 1.4517 2.31341 2.24766 0.936867 -8.36424 11.2383 11.567 4.68433 0 -9.4645e-05 5.01568e-05 2.77303e-05 -37.5407 1 0 0 5.5472e-06 1.57922e-06 9.48868e-07
6300 141.227 0.0251295 1.83647e-05 1.25772e-05 7.31943e-07 5.0556e-06 1.39913e-10 0.00197968 0.274837 2.28166 1.4517 2.31341 2.24766 0.936867 -8.36423 11.2383 11.567 4.68433 0 -9.45827e-05 5.00116e-05 2.77987e-05 -37.5406 1 0 0 5.55158e-06 1.58278e-06 9.4707e-07
6305 141.352 0.0251295 1.83542e-05 1.25837e-05 7.34222e-07 5.03627e-06 1.39306e-10 0.00197968 0.274838 2.28166 1.4517 2.31341 2.24766 0.936868 -8.36423 11.2383 11.567 4.68434 0 -9.45208e-05 4.98665e-05 2.78672e-05 -37.5406 1 0 0 5.55599e-06 1.58634e-06 9.45285e-07
6310 141.478 0.0251295 1.83438e-05 1.25902e-05 7.36509e-07 5.01704e-06 1.38702e-10 0.00197968 0.274837 2.28166 1.4517 2.31341 2.24765 0.936869 -8.36422 11.2383 11.567 4.68434 0 -9.44593e-05 4.97216e-05 2.79358e-05 -37.5406 1 0 0 5.56042e-06 1.58991e-06 9.43515e-07
6315 141.604 0.0251295 1.83336e-05 1.25969e-05 7.38804e-07 4.99791e-06 1.38102e-10 0.00197968 0.274837 2.28166 1.4517 2.31341 2.24765 0.93687 -8.36421 11.2383 11.567 4.68434 0 -9.43981e-05 4.95769e-05 2.80045e-05 -37.5405 1 0 0 5.56489e-06 1.5935e-06 9.41758e-07
6320 141.729 0.0251295 1.83235e-05 1.26036e-05 7.41108e-07 4.97888e-06 1.37504e-10 0.00197968 0.274837 2.28166 1.4517 2.31341 2.24765 0.93687 -8.3642 11.2383 11.5671 4.68435 0 -9.43374e-05 4.94324e-05 2.80733e-05 -37.5405 1 0 0 5.56938e-06 1.59709e-06 9.40015e-07
6325 141.855 0.0251295 1.83137e-05 1.26103e-05 7.4342e-07 4.95994e-06 1.3691e-10 0.00197968 0.274838 2.28166 1.4517 2.31341 2.24765 0.936871 -8.3642 11.2382 11.5671 4.68435 0 -9.4277e-05 4.92881e-05 2.81422e-05 -37.5405 1 0 0 5.57389e-06 1.60069e-06 9.38286e-07
6330 141.981 0.0251295 1.8304e-05 1.26171e-05 7.45741e-07 4.9411e-06 1.36319e-10 0.00197968 0.274838 2.28166 1.4517 2.31341 2.24764 0.936872 -8.36419 11.2382 11.5671 4.68436 0 -9.4217e-05 4.9144e-05 2.82112e-05 -37.5404 1 0 0 5.57844e-06 1.6043e-06 9.3657e-07
6335 142.106 0.0251295 1.82945e-05 1.2624e-05 7.4807e-07 4.92236e-06 1.35731e-10 0.00197968 0.274837 2.28166 1.4517 2.31342 2.24764 0.936872 -8.36418 11.2382 11.5671 4.68436 0 -9.41574e-05 4.9e-05 2.82803e-05 -37.5404 1 0 0 5.58301e-06 1.60792e-06 9.34868e-07
6340 142.232 0.0251295 1.82851e-05 1.2631e-05 7.50408e-07 4.90371e-06 1.35146e-10 0.00197968 0.274838 2.28166 1.4517 2.31342 2.24764 0.936873 -8.36417 11.2382 11.5671 4.68436 0 -9.40982e-05 4.88562e-05 2.83496e-05 -37.5404 1 0 0 5.58761e-06 1.61154e-06 9.33179e-07
6345 142.357 0.0251295 1.82759e-05 1.2638e-05 7.52754e-07 4.88516e-06 1.34564e-10 0.00197968 0.274838 2.28166 1.4517 2.31342 2.24764 0.936874 -8.36417 11.2382 11.5671 4.68437 0 -9.40393e-05 4.87126e-05 2.84189e-05 -37.5403 1 0 0 5.59223e-06 1.61518e-06 9.31503e-07
6350 142.483 0.0251295 1.82669e-05 1.26451e-05 7.55109e-07 4.8667e-06 1.33985e-10 0.00197968 0.274837 2.28166 1.4517 2.31342 2.24763 0.936875 -8.36416 11.2382 11.5671 4.68437 0 -9.39808e-05 4.85692e-05 2.84883e-05 -37.5403 1 0 0 5.59688e-06 1.61882e-06 9.29841e-07
6355 142.609 0.0251295 1.8258e-05 1.26522e-05 7.57473e-07 4.84834e-06 1.33409e-10 0.00197968 0.274838 2.28166 1.4517 2.31342 2.24763 0.936875 -8.36415 11.2382 11.5671 4.68437 0 -9.39228e-05 4.8426e-05 2.85578e-05 -37.5403 1 0 0 5.60156e-06 1.62248e-06 9.28192e-07
6360 142.734 0.0251295 1.82493e-05 1.26594e-05 7.59845e-07 4.83007e-06 1.32836e-10 0.00197967 0.274837 2.28166 1.4517 2.31342 2.24763 0.936876 -8.36414 11.2382 11.5671 4.68438 0 -9.38651e-05 4.8283e-05 2.86274e-05 -37.5402 1 0 0 5.60627e-06 1.62614e-06 9.26556e-07
6365 142.86 0.0251295 1.82408e-05 1.26667e-05 7.62226e-07 4.8119e-06 1.32266e-10 0.00197967 0.274838 2.28166 1.4517 2.31342 2.24763 0.936877 -8.36414 11.2382 11.5671 4.68438 0 -9.38077e-05 4.81401e-05 2.86971e-05 -37.5402 1 0 0 5.611e-06 1.62981e-06 9.24933e-07
6370 142.986 0.0251295 1.82324e-05 1.2674e-05 7.64616e-07 4.79382e-06 1.31699e-10 0.00197967 0.274837 2.28166 1.4517 2.31342 2.24762 0.936877 -8.36413 11.2381 11.5671 4.68438 0 -9.37508e-05 4.79974e-05 2.87669e-05 -37.5401 1 0 0 5.61576e-06 1.63349e-06 9.23323e-07
6375 143.111 0.0251295 1.82242e-05 1.26814e-05 7.67014e-07 4.77583e-06 1.31135e-10 0.00197967 0.274837 2.28166 1.4517 2.31343 2.24762 0.936878 -8.36412 11.2381 11.5671 4.68439 0 -9.36942e-05 4.78549e-05 2.88369e-05 -37.5401 1 0 0 5.62055e-06 1.63718e-06 9.21726e-07
6380 143.237 0.0251295 1.82162e-05 1.26889e-05 7.69421e-07 4.75793e-06 1.30574e-10 0.00197967 0.274837 2.28166 1.4517 2.31343 2.24762 0.936879 -8.36411 11.2381 11.5671 4.68439 0 -9.3638e-05 4.77126e-05 2.89069e-05 -37.5401 1 0 0 5.62536e-06 1.64088e-06 9.20142e-07
6385 143.363 0.0251295 1.82083e-05 1.26964e-05 7.71837e-07 4.74013e-06 1.30016e-10 0.00197967 0.274838 2.28166 1.4517 2.31343 2.24762 0.93688 -8.36411 11.2381 11.5671 4.6844 0 -9.35822e-05 4.75704e-05 2.8977e-05 -37.54 1 0 0 5.6302e-06 1.64458e-06 9.1857e-07
6390 143.488 0.0251295 1.82006e-05 1.2704e-05 7.74262e-07 4.72242e-06 1.29461e-10 0.00197967 0.274838 2.28166 1.4517 2.31343 2.24761 0.93688 -8.3641 11.2381 11.5671 4.6844 0 -9.35268e-05 4.74285e-05 2.90472e-05 -37.54 1 0 0 5.63506e-06 1.6483e-06 9.17012e-07
6395 143.614 0.0251295 1.81931e-05 1.27116e-05 7.76695e-07 4.70479e-06 1.28908e-10 0.00197967 0.274838 2.28166 1.4517 2.31343 2.24761 0.936881 -8.36409 11.2381 11.5671 4.6844 0 -9.34717e-05 4.72867e-05 2.91176e-05 -37.54 1 0 0 5.63995e-06 1.65202e-06 9.15466e-07
6400 143.74 0.0251295 1.81857e-05 1.27193e-05 7.79138e-07 4.68726e-06 1.28359e-10 0.00197967 0.274837 2.28166 1.4517 2.31343 2.24761 0.936882 -8.36408 11.2381 11.5671 4.68441 0 -9.34171e-05 4.71451e-05 2.9188e-05 -37.5399 1 0 0 5.64487e-06 1.65576e-06 9.13932e-07
6405 143.865 0.0251295 1.81785e-05 1.27271e-05 7.81589e-07 4.66982e-06 1.27812e-10 0.00197967 0.274838 2.28166 1.4517 2.31343 2.24761 0.936883 -8.36408 11.2381 11.5672 4.68441 0 -9.33628e-05 4.70036e-05 2.92586e-05 -37.5399 1 0 0 5.64982e-06 1.6595e-06 9.12411e-07
6410 143.991 0.0251295 1.81714e-05 1.27349e-05 7.84049e-07 4.65247e-06 1.27269e-10 0.00197967 0.274838 2.28166 1.4517 2.31343 2.24761 0.936883 -8.36407 11.238 11.5672 4.68441 0 -9.33088e-05 4.68624e-05 2.93292e-05 -37.5399 1 0 0 5.65479e-06 1.66325e-06 9.10903e-07
6415 144.117 0.0251295 1.81645e-05 1.27428e-05 7.86518e-07 4.63521e-06 1.26728e-10 0.00197967 0.274837 2.28166 1.4517 2.31344 2.2476 0.936884 -8.36406 11.238 11.5672 4.68442 0 -9.32553e-05 4.67213e-05 2.93999e-05 -37.5398 1 0 0 5.65978e-06 1.66701e-06 9.09407e-07
6420 144.242 0.0251295 1.81578e-05 1.27508e-05 7.88996e-07 4.61803e-06 1.2619e-10 0.00197967 0.274838 2.28166 1.4517 2.31344 2.2476 0.936885 -8.36405 11.238 11.5672 4.68442 0 -9.32021e-05 4.65804e-05 2.94708e-05 -37.5398 1 0 0 5.6648e-06 1.67078e-06 9.07923e-07
6425 144.368 0.0251295 1.81512e-05 1.27588e-05 7.91483e-07 4.60095e-06 1.25655e-10 0.00197967 0.274838 2.28166 1.4517 2.31344 2.2476 0.936885 -8.36405 11.238 11.5672 4.68442 0 -9.31493e-05 4.64397e-05 2.95417e-05 -37.5398 1 0 0 5.66985e-06 1.67456e-06 9.06451e-07
6430 144.493 0.0251295 1.81448e-05 1.27669e-05 7.93979e-07 4.58395e-06 1.25122e-10 0.00197967 0.274837 2.28166 1.4517 2.31344 2.2476 0.936886 -8.36404 11.238 11.5672 4.68443 0 -9.30969e-05 4.62992e-05 2.96128e-05 -37.5397 1 0 0 5.67493e-06 1.67834e-06 9.04992e-07
6435 144.619 0.0251295 1.81386e-05 1.2775e-05 7.96484e-07 4.56704e-06 1.24592e-10 0.00197966 0.274837 2.28166 1.4517 2.31344 2.24759 0.936887 -8.36403 11.238 11.5672 4.68443 0 -9.30448e-05 4.61588e-05 2.9684e-05 -37.5397 1 0 0 5.68002e-06 1.68214e-06 9.03545e-07
6440 144.745 0.0251295 1.81325e-05 1.27832e-05 7.98998e-07 4.55022e-06 1.24066e-10 0.00197966 0.274837 2.28166 1.4517 2.31344 2.24759 0.936888 -8.36402 11.238 11.5672 4.68444 0 -9.29931e-05 4.60186e-05 2.97552e-05 -37.5397 1 0 0 5.68515e-06 1.68594e-06 9.0211e-07
6445 144.87 0.0251295 1.81265e-05 1.27915e-05 8.01521e-07 4.53348e-06 1.23541e-10 0.00197966 0.274837 2.28166 1.4517 2.31344 2.24759 0.936888 -8.36402 11.238 11.5672 4.68444 0 -9.29418e-05 4.58786e-05 2.98266e-05 -37.5396 1 0 0 5.6903e-06 1.68975e-06 9.00686e-07
6450 144.996 0.0251295 1.81207e-05 1.27999e-05 8.04053e-07 4.51683e-06 1.2302e-10 0.00197966 0.274838 2.28166 1.4517 2.31344 2.24759 0.936889 -8.36401 11.238 11.5672 4.68444 0 -9.28908e-05 4.57388e-05 2.9898e-05 -37.5396 1 0 0 5.69548e-06 1.69357e-06 8.99275e-07
6455 145.122 0.0251295 1.81151e-05 1.28083e-05 8.06594e-07 4.50026e-06 1.22501e-10 0.00197966 0.274837 2.28166 1.4517 2.31344 2.24758 0.93689 -8.364 11.2379 11.5672 4.68445 0 -9.28403e-05 4.55991e-05 2.99696e-05 -37.5396 1 0 0 5.70068e-06 1.6974e-06 8.97875e-07
6460 145.247 0.0251295 1.81097e-05 1.28167e-05 8.09144e-07 4.48378e-06 1.21985e-10 0.00197966 0.274837 2.28166 1.4517 2.31345 2.24758 0.936891 -8.36399 11.2379 11.5672 4.68445 0 -9.27901e-05 4.54596e-05 3.00413e-05 -37.5395 1 0 0 5.70591e-06 1.70124e-06 8.96488e-07
6465 145.373 0.0251295 1.81043e-05 1.28253e-05 8.11704e-07 4.46739e-06 1.21472e-10 0.00197966 0.274838 2.28166 1.4517 2.31345 2.24758 0.936891 -8.36399 11.2379 11.5672 4.68445 0 -9.27402e-05 4.53203e-05 3.01131e-05 -37.5395 1 0 0 5.71116e-06 1.70509e-06 8.95112e-07
6470 145.499 0.0251295 1.80992e-05 1.28338e-05 8.14273e-07 4.45107e-06 1.20961e-10 0.00197966 0.274838 2.28166 1.4517 2.31345 2.24758 0.936892 -8.36398 11.2379 11.5672 4.68446 0 -9.26908e-05 4.51812e-05 3.01849e-05 -37.5395 1 0 0 5.71644e-06 1.70895e-06 8.93747e-07
6475 145.624 0.0251295 1.80942e-05 1.28425e-05 8.1685e-07 4.43485e-06 1.20453e-10 0.00197966 0.274838 2.28166 1.4517 2.31345 2.24758 0.936893 -8.36397 11.2379 11.5672 4.68446 0 -9.26417e-05 4.50422e-05 3.02569e-05 -37.5394 1 0 0 5.72174e-06 1.71281e-06 8.92395e-07
6480 145.75 0.0251295 1.80893e-05 1.28512e-05 8.19438e-07 4.4187e-06 1.19948e-10 0.00197966 0.274837 2.28166 1.4517 2.31345 2.24757 0.936894 -8.36396 11.2379 11.5672 4.68447 0 -9.25929e-05 4.49035e-05 3.0329e-05 -37.5394 1 0 0 5.72707e-06 1.71669e-06 8.91053e-07
6485 145.876 0.0251295 1.80847e-05 1.286e-05 8.22034e-07 4.40264e-06 1.19445e-10 0.00197966 0.274837 2.28166 1.4517 2.31345 2.24757 0.936895 -8.36396 11.2379 11.5672 4.68447 0 -9.25446e-05 4.47649e-05 3.04012e-05 -37.5394 1 0 0 5.73242e-06 1.72057e-06 8.89724e-07
6490 146.001 0.0251295 1.80801e-05 1.28688e-05 8.2464e-07 4.38666e-06 1.18945e-10 0.00197966 0.274837 2.28166 1.4517 2.31345 2.24757 0.936895 -8.36395 11.2379 11.5673 4.68447 0 -9.24966e-05 4.46264e-05 3.04735e-05 -37.5393 1 0 0 5.7378e-06 1.72446e-06 8.88405e-07
6495 146.127 0.0251295 1.80757e-05 1.28777e-05 8.27255e-07 4.37077e-06 1.18447e-10 0.00197966 0.274838 2.28166 1.4517 2.31345 2.24757 0.936896 -8.36394 11.2378 11.5673 4.68448 0 -9.24489e-05 4.44882e-05 3.05459e-05 -37.5393 1 0 0 5.74321e-06 1.72836e-06 8.87098e-07
6500 146.253 0.0251295 1.80715e-05 1.28867e-05 8.29879e-07 4.35495e-06 1.17952e-10 0.00197966 0.274837 2.28166 1.4517 2.31345 2.24756 0.936897 -8.36393 11.2378 11.5673 4.68448 0 -9.24017e-05 4.43501e-05 3.06184e-05 -37.5393 1 0 0 5.74863e-06 1.73227e-06 8.85802e-07
6505 146.378 0.0251295 1.80674e-05 1.28957e-05 8.32513e-07 4.33922e-06 1.1746e-10 0.00197966 0.274837 2.28166 1.4517 2.31346 2.24756 0.936898 -8.36393 11.2378 11.5673 4.68448 0 -9.23548e-05 4.42122e-05 3.0691e-05 -37.5393 1 0 0 5.75409e-06 1.73619e-06 8.84518e-07
6510 146.504 0.0251295 1.80635e-05 1.29048e-05 8.35156e-07 4.32357e-06 1.1697e-10 0.00197966 0.274837 2.28166 1.4517 2.31346 2.24756 0.936898 -8.36392 11.2378 11.5673 4.68449 0 -9.23082e-05 4.40744e-05 3.07637e-05 -37.5392 1 0 0 5.75957e-06 1.74012e-06 8.83245e-07
6515 146.629 0.0251295 1.80598e-05 1.2914e-05 8.37808e-07 4.308e-06 1.16483e-10 0.00197965 0.274838 2.28166 1.4517 2.31346 2.24756 0.936899 -8.36391 11.2378 11.5673 4.68449 0 -9.22621e-05 4.39368e-05 3.08365e-05 -37.5392 1 0 0 5.76507e-06 1.74405e-06 8.81982e-07
6520 146.755 0.0251295 1.80561e-05 1.29232e-05 8.4047e-07 4.2925e-06 1.15998e-10 0.00197965 0.274838 2.28166 1.4517 2.31346 2.24755 0.9369 -8.36391 11.2378 11.5673 4.6845 0 -9.22163e-05 4.37994e-05 3.09094e-05 -37.5392 1 0 0 5.7706e-06 1.748e-06 8.80731e-07
6525 146.881 0.0251295 1.80527e-05 1.29324e-05 8.43141e-07 4.27709e-06 1.15516e-10 0.00197965 0.274837 2.28166 1.4517 2.31346 2.24755 0.936901 -8.3639 11.2378 11.5673 4.6845 0 -9.21708e-05 4.36622e-05 3.09825e-05 -37.5391 1 0 0 5.77615e-06 1.75195e-06 8.79491e-07
6530 147.006 0.0251295 1.80494e-05 1.29418e-05 8.45822e-07 4.26176e-06 1.15036e-10 0.00197965 0.274837 2.28166 1.4517 2.31346 2.24755 0.936901 -8.36389 11.2378 11.5673 4.6845 0 -9.21257e-05 4.35252e-05 3.10556e-05 -37.5391 1 0 0 5.78172e-06 1.75591e-06 8.78262e-07
6535 147.132 0.0251295 1.80462e-05 1.29512e-05 8.48512e-07 4.24651e-06 1.14559e-10 0.00197965 0.274838 2.28166 1.4517 2.31346 2.24755 0.936902 -8.36388 11.2378 11.5673 4.68451 0 -9.2081e-05 4.33883e-05 3.11288e-05 -37.5391 1 0 0 5.78733e-06 1.75988e-06 8.77043e-07
6540 147.258 0.0251295 1.80432e-05 1.29606e-05 8.51212e-07 4.23133e-06 1.14084e-10 0.00197965 0.274837 2.28166 1.4517 2.31346 2.24755 0.936903 -8.36388 11.2377 11.5673 4.68451 0 -9.20367e-05 4.32516e-05 3.12021e-05 -37.539 1 0 0 5.79295e-06 1.76386e-06 8.75835e-07
6545 147.383 0.0251295 1.80403e-05 1.29702e-05 8.53922e-07 4.21624e-06 1.13612e-10 0.00197965 0.274838 2.28166 1.4517 2.31346 2.24754 0.936904 -8.36387 11.2377 11.5673 4.68452 0 -9.19927e-05 4.3115e-05 3.12756e-05 -37.539 1 0 0 5.7986e-06 1.76785e-06 8.74639e-07
6550 147.509 0.0251295 1.80376e-05 1.29798e-05 8.56641e-07 4.20122e-06 1.13142e-10 0.00197965 0.274837 2.28166 1.4517 2.31347 2.24754 0.936905 -8.36386 11.2377 11.5673 4.68452 0 -9.1949e-05 4.29787e-05 3.13491e-05 -37.539 1 0 0 5.80427e-06 1.77185e-06 8.73452e-07
6555 147.635 0.0251295 1.8035e-05 1.29894e-05 8.59369e-07 4.18628e-06 1.12675e-10 0.00197965 0.274838 2.28166 1.4517 2.31347 2.24754 0.936905 -8.36385 11.2377 11.5673 4.68452 0 -9.19058e-05 4.28425e-05 3.14228e-05 -37.5389 1 0 0 5.80997e-06 1.77585e-06 8.72277e-07
6560 147.76 0.0251295 1.80326e-05 1.29991e-05 8.62108e-07 4.17141e-06 1.1221e-10 0.00197965 0.274838 2.28166 1.4517 2.31347 2.24754 0.936906 -8.36385 11.2377 11.5673 4.68453 0 -9.18629e-05 4.27064e-05 3.14965e-05 -37.5389 1 0 0 5.81569e-06 1.77987e-06 8.71112e-07
6565 147.886 0.0251295 1.80304e-05 1.30089e-05 8.64856e-07 4.15663e-06 1.11747e-10 0.00197965 0.274838 2.28166 1.4517 2.31347 2.24753 0.936907 -8.36384 11.2377 11.5673 4.68453 0 -9.18203e-05 4.25706e-05 3.15703e-05 -37.5389 1 0 0 5.82144e-06 1.78389e-06 8.69957e-07
6570 148.012 0.0251295 1.80282e-05 1.30187e-05 8.67613e-07 4.14191e-06 1.11287e-10 0.00197965 0.274838 2.28166 1.4517 2.31347 2.24753 0.936908 -8.36383 11.2377 11.5673 4.68454 0 -9.17781e-05 4.24349e-05 3.16443e-05 -37.5388 1 0 0 5.82721e-06 1.78792e-06 8.68813e-07
6575 148.137 0.0251295 1.80263e-05 1.30286e-05 8.7038e-07 4.12728e-06 1.1083e-10 0.00197965 0.274837 2.28166 1.4517 2.31347 2.24753 0.936909 -8.36382 11.2377 11.5673 4.68454 0 -9.17363e-05 4.22994e-05 3.17183e-05 -37.5388 1 0 0 5.83301e-06 1.79196e-06 8.67679e-07
6580 148.263 0.0251295 1.80244e-05 1.30386e-05 8.73158e-07 4.11272e-06 1.10374e-10 0.00197965 0.274838 2.28166 1.4517 2.31347 2.24753 0.936909 -8.36382 11.2377 11.5674 4.68454 0 -9.16948e-05 4.2164e-05 3.17925e-05 -37.5388 1 0 0 5.83882e-06 1.79601e-06 8.66556e-07
6585 148.389 0.0251295 1.80228e-05 1.30486e-05 8.75944e-07 4.09823e-06 1.09921e-10 0.00197965 0.274838 2.28166 1.4517 2.31347 2.24752 0.93691 -8.36381 11.2376 11.5674 4.68455 0 -9.16537e-05 4.20289e-05 3.18668e-05 -37.5387 1 0 0 5.84467e-06 1.80007e-06 8.65443e-07
6590 148.514 0.0251295 1.80212e-05 1.30587e-05 8.78741e-07 4.08382e-06 1.09471e-10 0.00197965 0.274837 2.28166 1.4517 2.31347 2.24752 0.936911 -8.3638 11.2376 11.5674 4.68455 0 -9.16129e-05 4.18939e-05 3.19411e-05 -37.5387 1 0 0 5.85053e-06 1.80413e-06 8.6434e-07
6595 148.64 0.0251295 1.80198e-05 1.30688e-05 8.81547e-07 4.06949e-06 1.09022e-10 0.00197964 0.274838 2.28166 1.4517 2.31348 2.24752 0.936912 -8.3638 11.2376 11.5674 4.68456 0 -9.15725e-05 4.1759e-05 3.20156e-05 -37.5387 1 0 0 5.85642e-06 1.80821e-06 8.63247e-07
6600 148.765 0.0251295 1.80186e-05 1.3079e-05 8.84364e-07 4.05523e-06 1.08576e-10 0.00197964 0.274838 2.28166 1.4517 2.31348 2.24752 0.936913 -8.36379 11.2376 11.5674 4.68456 0 -9.15325e-05 4.16244e-05 3.20902e-05 -37.5386 1 0 0 5.86233e-06 1.81229e-06 8.62165e-07
6605 148.891 0.0251295 1.80175e-05 1.30893e-05 8.8719e-07 4.04104e-06 1.08133e-10 0.00197964 0.274838 2.28166 1.4517 2.31348 2.24752 0.936913 -8.36378 11.2376 11.5674 4.68456 0 -9.14928e-05 4.14898e-05 3.21648e-05 -37.5386 1 0 0 5.86827e-06 1.81638e-06 8.61092e-07
6610 149.017 0.0251295 1.80166e-05 1.30996e-05 8.90026e-07 4.02692e-06 1.07691e-10 0.00197964 0.274837 2.28166 1.4517 2.31348 2.24751 0.936914 -8.36377 11.2376 11.5674 4.68457 0 -9.14534e-05 4.13555e-05 3.22396e-05 -37.5386 1 0 0 5.87423e-06 1.82049e-06 8.6003e-07
6615 149.142 0.0251295 1.80158e-05 1.311e-05 8.92872e-07 4.01288e-06 1.07252e-10 0.00197964 0.274838 2.28166 1.4517 2.31348 2.24751 0.936915 -8.36377 11.2376 11.5674 4.68457 0 -9.14144e-05 4.12213e-05 3.23145e-05 -37.5385 1 0 0 5.88021e-06 1.8246e-06 8.58977e-07
6620 149.268 0.0251295 1.80151e-05 1.31204e-05 8.95728e-07 3.99891e-06 1.06815e-10 0.00197964 0.274838 2.28166 1.4517 2.31348 2.24751 0.936916 -8.36376 11.2376 11.5674 4.68458 0 -9.13758e-05 4.10874e-05 3.23895e-05 -37.5385 1 0 0 5.88622e-06 1.82871e-06 8.57935e-07
6625 149.394 0.0251295 1.80146e-05 1.3131e-05 8.98593e-07 3.98502e-06 1.06381e-10 0.00197964 0.274837 2.28166 1.4517 2.31348 2.24751 0.936917 -8.36375 11.2375 11.5674 4.68458 0 -9.13375e-05 4.09535e-05 3.24646e-05 -37.5385 1 0 0 5.89225e-06 1.83284e-06 8.56902e-07
6630 149.519 0.0251295 1.80142e-05 1.31415e-05 9.01469e-07 3.97119e-06 1.05948e-10 0.00197964 0.274837 2.28166 1.4517 2.31348 2.2475 0.936917 -8.36374 11.2375 11.5674 4.68458 0 -9.12996e-05 4.08199e-05 3.25398e-05 -37.5384 1 0 0 5.8983e-06 1.83698e-06 8.55879e-07
6635 149.645 0.0251295 1.8014e-05 1.31522e-05 9.04355e-07 3.95744e-06 1.05518e-10 0.00197964 0.274837 2.28166 1.4517 2.31348 2.2475 0.936918 -8.36374 11.2375 11.5674 4.68459 0 -9.1262e-05 4.06864e-05 3.2615e-05 -37.5384 1 0 0 5.90437e-06 1.84112e-06 8.54865e-07
6640 149.771 0.0251295 1.80139e-05 1.31629e-05 9.07251e-07 3.94376e-06 1.0509e-10 0.00197964 0.274837 2.28166 1.4517 2.31348 2.2475 0.936919 -8.36373 11.2375 11.5674 4.68459 0 -9.12248e-05 4.0553e-05 3.26904e-05 -37.5384 1 0 0 5.91047e-06 1.84527e-06 8.53862e-07
6645 149.896 0.0251295 1.80139e-05 1.31736e-05 9.10157e-07 3.93014e-06 1.04665e-10 0.00197964 0.274838 2.28166 1.4517 2.31349 2.2475 0.93692 -8.36372 11.2375 11.5674 4.6846 0 -9.11879e-05 4.04199e-05 3.27659e-05 -37.5383 1 0 0 5.91659e-06 1.84944e-06 8.52868e-07
6650 150.022 0.0251295 1.80141e-05 1.31844e-05 9.13073e-07 3.9166e-06 1.04241e-10 0.00197964 0.274837 2.28166 1.4517 2.31349 2.24749 0.936921 -8.36372 11.2375 11.5674 4.6846 0 -9.11514e-05 4.02869e-05 3.28415e-05 -37.5383 1 0 0 5.92274e-06 1.85361e-06 8.51883e-07
6655 150.148 0.0251295 1.80144e-05 1.31953e-05 9.15999e-07 3.90313e-06 1.0382e-10 0.00197964 0.274838 2.28166 1.4517 2.31349 2.24749 0.936922 -8.36371 11.2375 11.5674 4.6846 0 -9.11152e-05 4.01541e-05 3.29172e-05 -37.5383 1 0 0 5.92891e-06 1.85778e-06 8.50908e-07
6660 150.273 0.0251295 1.80149e-05 1.32063e-05 9.18936e-07 3.88973e-06 1.03401e-10 0.00197964 0.274837 2.28166 1.4517 2.31349 2.24749 0.936922 -8.3637 11.2375 11.5674 4.68461 0 -9.10794e-05 4.00214e-05 3.2993e-05 -37.5382 1 0 0 5.9351e-06 1.86197e-06 8.49943e-07
6665 150.399 0.0251295 1.80155e-05 1.32173e-05 9.21882e-07 3.8764e-06 1.02984e-10 0.00197964 0.274838 2.28166 1.4517 2.31349 2.24749 0.936923 -8.36369 11.2375 11.5674 4.68461 0 -9.10439e-05 3.98889e-05 3.3069e-05 -37.5382 1 0 0 5.94131e-06 1.86617e-06 8.48987e-07
6670 150.525 0.0251295 1.80163e-05 1.32283e-05 9.24839e-07 3.86313e-06 1.02569e-10 0.00197964 0.274837 2.28166 1.4517 2.31349 2.24749 0.936924 -8.36369 11.2374 11.5674 4.68462 0 -9.10088e-05 3.97566e-05 3.3145e-05 -37.5382 1 0 0 5.94754e-06 1.87037e-06 8.4804e-07
6675 150.65 0.0251295 1.80172e-05 1.32394e-05 9.27806e-07 3.84994e-06 1.02157e-10 0.00197964 0.274838 2.28166 1.4517 2.31349 2.24748 0.936925 -8.36368 11.2374 11.5674 4.68462 0 -9.0974e-05 3.96244e-05 3.32211e-05 -37.5381 1 0 0 5.9538e-06 1.87459e-06 8.47102e-07
6680 150.776 0.0251295 1.80182e-05 1.32506e-05 9.30783e-07 3.83681e-06 1.01746e-10 0.00197963 0.274838 2.28166 1.4517 2.31349 2.24748 0.936926 -8.36367 11.2374 11.5675 4.68463 0 -9.09396e-05 3.94924e-05 3.32973e-05 -37.5381 1 0 0 5.96008e-06 1.87881e-06 8.46174e-07
6685 150.902 0.0251295 1.80194e-05 1.32619e-05 9.33771e-07 3.82376e-06 1.01338e-10 0.00197963 0.274838 2.28166 1.4517 2.31349 2.24748 0.936927 -8.36367 11.2374 11.5675 4.68463 0 -9.09055e-05 3.93606e-05 3.33736e-05 -37.5381 1 0 0 5.96638e-06 1.88304e-06 8.45255e-07
6690 151.027 0.0251295 1.80207e-05 1.32732e-05 9.36768e-07 3.81077e-06 1.00932e-10 0.00197963 0.274837 2.28166 1.4517 2.31349 2.24748 0.936927 -8.36366 11.2374 11.5675 4.68463 0 -9.08718e-05 3.92289e-05 3.345e-05 -37.538 1 0 0 5.97271e-06 1.88728e-06 8.44345e-07
6695 151.153 0.0251295 1.80222e-05 1.32846e-05 9.39777e-07 3.79784e-06 1.00528e-10 0.00197963 0.274838 2.28166 1.4517 2.3135 2.24747 0.936928 -8.36365 11.2374 11.5675 4.68464 0 -9.08384e-05 3.90974e-05 3.35265e-05 -37.538 1 0 0 5.97905e-06 1.89152e-06 8.43445e-07
6700 151.278 0.0251295 1.80238e-05 1.3296e-05 9.42795e-07 3.78499e-06 1.00126e-10 0.00197963 0.274838 2.28166 1.4517 2.3135 2.24747 0.936929 -8.36364 11.2374 11.5675 4.68464 0 -9.08053e-05 3.89661e-05 3.36032e-05 -37.538 1 0 0 5.98542e-06 1.89578e-06 8.42553e-07
6705 151.404 0.0251295 1.80255e-05 1.33075e-05 9.45824e-07 3.7722e-06 9.97258e-11 0.00197963 0.274837 2.28166 1.4517 2.3135 2.24747 0.93693 -8.36364 11.2374 11.5675 4.68465 0 -9.07726e-05 3.88349e-05 3.36799e-05 -37.5379 1 0 0 5.99181e-06 1.90005e-06 8.4167e-07
6710 151.53 0.0251295 1.80274e-05 1.3319e-05 9.48863e-07 3.75947e-06 9.9328e-11 0.00197963 0.274837 2.28166 1.4517 2.3135 2.24747 0.936931 -8.36363 11.2374 11.5675 4.68465 0 -9.07403e-05 3.87039e-05 3.37567e-05 -37.5379 1 0 0 5.99823e-06 1.90432e-06 8.40797e-07
6715 151.655 0.0251295 1.80294e-05 1.33306e-05 9.51913e-07 3.74682e-06 9.89322e-11 0.00197963 0.274838 2.28166 1.4517 2.3135 2.24746 0.936932 -8.36362 11.2373 11.5675 4.68465 0 -9.07083e-05 3.8573e-05 3.38336e-05 -37.5379 1 0 0 6.00466e-06 1.9086e-06 8.39932e-07
6720 151.781 0.0251295 1.80315e-05 1.33423e-05 9.54973e-07 3.73422e-06 9.85384e-11 0.00197963 0.274837 2.28166 1.4517 2.3135 2.24746 0.936932 -8.36362 11.2373 11.5675 4.68466 0 -9.06766e-05 3.84424e-05 3.39107e-05 -37.5378 1 0 0 6.01112e-06 1.91289e-06 8.39076e-07
6725 151.907 0.0251295 1.80338e-05 1.3354e-05 9.58044e-07 3.7217e-06 9.81467e-11 0.00197963 0.274837 2.28166 1.4517 2.3135 2.24746 0.936933 -8.36361 11.2373 11.5675 4.68466 0 -9.06453e-05 3.83119e-05 3.39878e-05 -37.5378 1 0 0 6.0176e-06 1.91719e-06 8.38229e-07
6730 152.032 0.0251295 1.80362e-05 1.33658e-05 9.61125e-07 3.70924e-06 9.7757e-11 0.00197963 0.274838 2.28166 1.4517 2.3135 2.24746 0.936934 -8.3636 11.2373 11.5675 4.68467 0 -9.06143e-05 3.81815e-05 3.4065e-05 -37.5378 1 0 0 6.0241e-06 1.9215e-06 8.3739e-07
6735 152.158 0.0251295 1.80387e-05 1.33777e-05 9.64217e-07 3.69684e-06 9.73693e-11 0.00197963 0.274837 2.28166 1.4517 2.3135 2.24746 0.936935 -8.36359 11.2373 11.5675 4.68467 0 -9.05837e-05 3.80513e-05 3.41424e-05 -37.5378 1 0 0 6.03062e-06 1.92581e-06 8.3656e-07
6740 152.284 0.0251295 1.80414e-05 1.33896e-05 9.67319e-07 3.68451e-06 9.69836e-11 0.00197963 0.274838 2.28166 1.4517 2.3135 2.24745 0.936936 -8.36359 11.2373 11.5675 4.68468 0 -9.05534e-05 3.79213e-05 3.42198e-05 -37.5377 1 0 0 6.03717e-06 1.93014e-06 8.35739e-07
6745 152.409 0.0251295 1.80442e-05 1.34016e-05 9.70432e-07 3.67224e-06 9.65999e-11 0.00197963 0.274837 2.28166 1.4517 2.31351 2.24745 0.936937 -8.36358 11.2373 11.5675 4.68468 0 -9.05234e-05 3.77914e-05 3.42973e-05 -37.5377 1 0 0 6.04373e-06 1.93447e-06 8.34927e-07
6750 152.535 0.0251295 1.80472e-05 1.34136e-05 9.73556e-07 3.66004e-06 9.62182e-11 0.00197963 0.274837 2.28166 1.4517 2.31351 2.24745 0.936938 -8.36357 11.2373 11.5675 4.68468 0 -9.04938e-05 3.76617e-05 3.4375e-05 -37.5377 1 0 0 6.05032e-06 1.93881e-06 8.34123e-07
6755 152.661 0.0251295 1.80503e-05 1.34257e-05 9.7669e-07 3.6479e-06 9.58384e-11 0.00197963 0.274837 2.28166 1.4517 2.31351 2.24745 0.936938 -8.36356 11.2373 11.5675 4.68469 0 -9.04645e-05 3.75322e-05 3.44527e-05 -37.5376 1 0 0 6.05693e-06 1.94316e-06 8.33327e-07
6760 152.786 0.0251295 1.80535e-05 1.34379e-05 9.79835e-07 3.63582e-06 9.54607e-11 0.00197963 0.274837 2.28166 1.4517 2.31351 2.24744 0.936939 -8.36356 11.2372 11.5675 4.68469 0 -9.04356e-05 3.74028e-05 3.45305e-05 -37.5376 1 0 0 6.06356e-06 1.94752e-06 8.3254e-07
6765 152.912 0.0251295 1.80569e-05 1.34501e-05 9.8299e-07 3.6238e-06 9.50848e-11 0.00197962 0.274838 2.28166 1.4517 2.31351 2.24744 0.93694 -8.36355 11.2372 11.5675 4.6847 0 -9.0407e-05 3.72736e-05 3.46085e-05 -37.5376 1 0 0 6.07021e-06 1.95188e-06 8.31762e-07
6770 153.038 0.0251295 1.80604e-05 1.34623e-05 9.86156e-07 3.61185e-06 9.4711e-11 0.00197962 0.274837 2.28166 1.4517 2.31351 2.24744 0.936941 -8.36354 11.2372 11.5675 4.6847 0 -9.03787e-05 3.71446e-05 3.46865e-05 -37.5375 1 0 0 6.07688e-06 1.95626e-06 8.30992e-07
6775 153.163 0.0251295 1.8064e-05 1.34747e-05 9.89333e-07 3.59996e-06 9.4339e-11 0.00197962 0.274838 2.28166 1.4517 2.31351 2.24744 0.936942 -8.36354 11.2372 11.5675 4.68471 0 -9.03508e-05 3.70157e-05 3.47647e-05 -37.5375 1 0 0 6.08357e-06 1.96064e-06 8.3023e-07
6780 153.289 0.0251295 1.80677e-05 1.34871e-05 9.92521e-07 3.58813e-06 9.3969e-11 0.00197962 0.274838 2.28166 1.4517 2.31351 2.24744 0.936943 -8.36353 11.2372 11.5676 4.68471 0 -9.03232e-05 3.6887e-05 3.48429e-05 -37.5375 1 0 0 6.09029e-06 1.96503e-06 8.29476e-07
6785 153.414 0.0251295 1.80716e-05 1.34995e-05 9.9572e-07 3.57636e-06 9.36009e-11 0.00197962 0.274838 2.28166 1.4517 2.31351 2.24743 0.936944 -8.36352 11.2372 11.5676 4.68472 0 -9.02959e-05 3.67584e-05 3.49212e-05 -37.5374 1 0 0 6.09702e-06 1.96943e-06 8.28731e-07
6790 153.54 0.0251295 1.80756e-05 1.35121e-05 9.98929e-07 3.56466e-06 9.32346e-11 0.00197962 0.274838 2.28166 1.4517 2.31351 2.24743 0.936945 -8.36351 11.2372 11.5676 4.68472 0 -9.0269e-05 3.663e-05 3.49997e-05 -37.5374 1 0 0 6.10378e-06 1.97384e-06 8.27993e-07
6795 153.666 0.0251295 1.80798e-05 1.35246e-05 1.00215e-06 3.55301e-06 9.28703e-11 0.00197962 0.274838 2.28166 1.4517 2.31351 2.24743 0.936945 -8.36351 11.2372 11.5676 4.68472 0 -9.02424e-05 3.65018e-05 3.50782e-05 -37.5374 1 0 0 6.11055e-06 1.97826e-06 8.27264e-07
6800 153.791 0.0251295 1.80841e-05 1.35373e-05 1.00538e-06 3.54143e-06 9.25079e-11 0.00197962 0.274838 2.28166 1.4517 2.31352 2.24743 0.936946 -8.3635 11.2371 11.5676 4.68473 0 -9.02162e-05 3.63737e-05 3.51569e-05 -37.5373 1 0 0 6.11735e-06 1.98268e-06 8.26543e-07
6805 153.917 0.0251295 1.80885e-05 1.355e-05 1.00862e-06 3.52991e-06 9.21473e-11 0.00197962 0.274837 2.28166 1.4517 2.31352 2.24742 0.936947 -8.36349 11.2371 11.5676 4.68473 0 -9.01903e-05 3.62458e-05 3.52356e-05 -37.5373 1 0 0 6.12417e-06 1.98712e-06 8.2583e-07
6810 154.043 0.0251295 1.8093e-05 1.35627e-05 1.01188e-06 3.51844e-06 9.17886e-11 0.00197962 0.274837 2.28166 1.4517 2.31352 2.24742 0.936948 -8.36349 11.2371 11.5676 4.68474 0 -9.01647e-05 3.61181e-05 3.53144e-05 -37.5373 1 0 0 6.13101e-06 1.99156e-06 8.25125e-07
6815 154.168 0.0251295 1.80977e-05 1.35755e-05 1.01514e-06 3.50704e-06 9.14317e-11 0.00197962 0.274837 2.28166 1.4517 2.31352 2.24742 0.936949 -8.36348 11.2371 11.5676 4.68474 0 -9.01395e-05 3.59905e-05 3.53934e-05 -37.5372 1 0 0 6.13787e-06 1.99601e-06 8.24428e-07
6820 154.294 0.0251295 1.81025e-05 1.35884e-05 1.01842e-06 3.49569e-06 9.10767e-11 0.00197962 0.274837 2.28166 1.4517 2.31352 2.24742 0.93695 -8.36347 11.2371 11.5676 4.68475 0 -9.01146e-05 3.58631e-05 3.54724e-05 -37.5372 1 0 0 6.14475e-06 2.00047e-06 8.23739e-07
6825 154.42 0.0251295 1.81075e-05 1.36013e-05 1.0217e-06 3.48441e-06 9.07235e-11 0.00197962 0.274838 2.28166 1.4517 2.31352 2.24741 0.936951 -8.36347 11.2371 11.5676 4.68475 0 -9.009e-05 3.57358e-05 3.55515e-05 -37.5372 1 0 0 6.15165e-06 2.00494e-06 8.23058e-07
6830 154.545 0.0251295 1.81125e-05 1.36143e-05 1.025e-06 3.47318e-06 9.03722e-11 0.00197962 0.274837 2.28166 1.4517 2.31352 2.24741 0.936952 -8.36346 11.2371 11.5676 4.68476 0 -9.00657e-05 3.56087e-05 3.56308e-05 -37.5371 1 0 0 6.15857e-06 2.00941e-06 8.22384e-07
6835 154.671 0.0251295 1.81177e-05 1.36274e-05 1.02831e-06 3.46201e-06 9.00226e-11 0.00197962 0.274838 2.28166 1.4517 2.31352 2.24741 0.936953 -8.36345 11.2371 11.5676 4.68476 0 -9.00418e-05 3.54818e-05 3.57101e-05 -37.5371 1 0 0 6.16551e-06 2.0139e-06 8.21718e-07
6840 154.797 0.0251295 1.8123e-05 1.36405e-05 1.03163e-06 3.4509e-06 8.96749e-11 0.00197962 0.274838 2.28166 1.4517 2.31352 2.24741 0.936954 -8.36344 11.2371 11.5676 4.68476 0 -9.00183e-05 3.5355e-05 3.57895e-05 -37.5371 1 0 0 6.17247e-06 2.01839e-06 8.2106e-07
6845 154.922 0.0251295 1.81285e-05 1.36537e-05 1.03496e-06 3.43985e-06 8.93289e-11 0.00197962 0.274838 2.28166 1.4517 2.31352 2.24741 0.936954 -8.36344 11.237 11.5676 4.68477 0 -8.9995e-05 3.52284e-05 3.5869e-05 -37.537 1 0 0 6.17945e-06 2.02289e-06 8.2041e-07
6850 155.048 0.0251295 1.81341e-05 1.36669e-05 1.0383e-06 3.42886e-06 8.89847e-11 0.00197961 0.274837 2.28166 1.4517 2.31352 2.2474 0.936955 -8.36343 11.237 11.5676 4.68477 0 -8.99721e-05 3.51019e-05 3.59487e-05 -37.537 1 0 0 6.18645e-06 2.0274e-06 8.19767e-07
6855 155.174 0.0251295 1.81398e-05 1.36802e-05 1.04165e-06 3.41792e-06 8.86424e-11 0.00197961 0.274838 2.28166 1.4517 2.31353 2.2474 0.936956 -8.36342 11.237 11.5676 4.68478 0 -8.99495e-05 3.49756e-05 3.60284e-05 -37.537 1 0 0 6.19347e-06 2.03191e-06 8.19132e-07
6860 155.299 0.0251295 1.81456e-05 1.36936e-05 1.04501e-06 3.40704e-06 8.83017e-11 0.00197961 0.274838 2.28166 1.4517 2.31353 2.2474 0.936957 -8.36342 11.237 11.5676 4.68478 0 -8.99272e-05 3.48495e-05 3.61082e-05 -37.537 1 0 0 6.20051e-06 2.03644e-06 8.18504e-07
6865 155.425 0.0251295 1.81516e-05 1.3707e-05 1.04839e-06 3.39622e-06 8.79629e-11 0.00197961 0.274837 2.28166 1.4517 2.31353 2.2474 0.936958 -8.36341 11.237 11.5676 4.68479 0 -8.99053e-05 3.47235e-05 3.61881e-05 -37.5369 1 0 0 6.20757e-06 2.04097e-06 8.17884e-07
6870 155.55 0.0251295 1.81577e-05 1.37205e-05 1.05178e-06 3.38545e-06 8.76257e-11 0.00197961 0.274838 2.28166 1.4517 2.31353 2.24739 0.936959 -8.3634 11.237 11.5676 4.68479 0 -8.98837e-05 3.45977e-05 3.62681e-05 -37.5369 1 0 0 6.21465e-06 2.04551e-06 8.17271e-07
6875 155.676 0.0251295 1.81639e-05 1.3734e-05 1.05517e-06 3.37474e-06 8.72904e-11 0.00197961 0.274838 2.28166 1.4517 2.31353 2.24739 0.93696 -8.36339 11.237 11.5676 4.6848 0 -8.98624e-05 3.44721e-05 3.63483e-05 -37.5369 1 0 0 6.22175e-06 2.05006e-06 8.16666e-07
6880 155.802 0.0251295 1.81703e-05 1.37476e-05 1.05858e-06 3.36409e-06 8.69567e-11 0.00197961 0.274838 2.28166 1.4517 2.31353 2.24739 0.936961 -8.36339 11.237 11.5676 4.6848 0 -8.98415e-05 3.43466e-05 3.64285e-05 -37.5368 1 0 0 6.22887e-06 2.05462e-06 8.16068e-07
6885 155.927 0.0251295 1.81767e-05 1.37612e-05 1.062e-06 3.35349e-06 8.66248e-11 0.00197961 0.274838 2.28166 1.4517 2.31353 2.24739 0.936962 -8.36338 11.237 11.5676 4.6848 0 -8.98208e-05 3.42213e-05 3.65088e-05 -37.5368 1 0 0 6.23601e-06 2.05919e-06 8.15477e-07
6890 156.053 0.0251295 1.81833e-05 1.37749e-05 1.06543e-06 3.34295e-06 8.62946e-11 0.00197961 0.274837 2.28166 1.4517 2.31353 2.24739 0.936963 -8.36337 11.2369 11.5677 4.68481 0 -8.98005e-05 3.40961e-05 3.65892e-05 -37.5368 1 0 0 6.24317e-06 2.06376e-06 8.14894e-07
6895 156.179 0.0251295 1.81901e-05 1.37887e-05 1.06888e-06 3.33246e-06 8.5966e-11 0.00197961 0.274838 2.28166 1.4517 2.31353 2.24738 0.936964 -8.36337 11.2369 11.5677 4.68481 0 -8.97805e-05 3.39711e-05 3.66697e-05 -37.5367 1 0 0 6.25035e-06 2.06834e-06 8.14318e-07
6900 156.304 0.0251295 1.81969e-05 1.38025e-05 1.07233e-06 3.32203e-06 8.56392e-11 0.00197961 0.274838 2.28166 1.4517 2.31353 2.24738 0.936964 -8.36336 11.2369 11.5677 4.68482 0 -8.97609e-05 3.38462e-05 3.67503e-05 -37.5367 1 0 0 6.25755e-06 2.07294e-06 8.13749e-07
6905 156.43 0.0251295 1.82039e-05 1.38164e-05 1.0758e-06 3.31165e-06 8.53141e-11 0.00197961 0.274838 2.28166 1.4517 2.31353 2.24738 0.936965 -8.36335 11.2369 11.5677 4.68482 0 -8.97416e-05 3.37215e-05 3.6831e-05 -37.5367 1 0 0 6.26476e-06 2.07753e-06 8.13187e-07
6910 156.556 0.0251295 1.8211e-05 1.38304e-05 1.07928e-06 3.30133e-06 8.49906e-11 0.00197961 0.274837 2.28166 1.4517 2.31353 2.24738 0.936966 -8.36334 11.2369 11.5677 4.68483 0 -8.97226e-05 3.3597e-05 3.69118e-05 -37.5366 1 0 0 6.272e-06 2.08214e-06 8.12633e-07
6915 156.681 0.0251295 1.82182e-05 1.38444e-05 1.08276e-06 3.29106e-06 8.46688e-11 0.00197961 0.274837 2.28166 1.4517 2.31354 2.24737 0.936967 -8.36334 11.2369 11.5677 4.68483 0 -8.97039e-05 3.34726e-05 3.69926e-05 -37.5366 1 0 0 6.27925e-06 2.08676e-06 8.12085e-07
6920 156.807 0.0251295 1.82256e-05 1.38584e-05 1.08627e-06 3.28084e-06 8.43487e-11 0.00197961 0.274838 2.28166 1.4517 2.31354 2.24737 0.936968 -8.36333 11.2369 11.5677 4.68484 0 -8.96855e-05 3.33484e-05 3.70736e-05 -37.5366 1 0 0 6.28653e-06 2.09138e-06 8.11544e-07
6925 156.933 0.0251295 1.8233e-05 1.38726e-05 1.08978e-06 3.27068e-06 8.40302e-11 0.00197961 0.274838 2.28166 1.4517 2.31354 2.24737 0.936969 -8.36332 11.2369 11.5677 4.68484 0 -8.96675e-05 3.32244e-05 3.71547e-05 -37.5365 1 0 0 6.29382e-06 2.09601e-06 8.11011e-07
6930 157.058 0.0251295 1.82406e-05 1.38868e-05 1.0933e-06 3.26057e-06 8.37134e-11 0.00197961 0.274838 2.28166 1.4517 2.31354 2.24737 0.93697 -8.36332 11.2369 11.5677 4.68485 0 -8.96498e-05 3.31005e-05 3.72359e-05 -37.5365 1 0 0 6.30113e-06 2.10065e-06 8.10484e-07
6935 157.184 0.0251295 1.82483e-05 1.3901e-05 1.09684e-06 3.25052e-06 8.33982e-11 0.00197961 0.274837 2.28166 1.4517 2.31354 2.24737 0.936971 -8.36331 11.2368 11.5677 4.68485 0 -8.96324e-05 3.29767e-05 3.73171e-05 -37.5365 1 0 0 6.30846e-06 2.1053e-06 8.09964e-07
6940 157.31 0.0251295 1.82562e-05 1.39153e-05 1.10038e-06 3.24051e-06 8.30846e-11 0.0019796 0.274838 2.28166 1.4517 2.31354 2.24736 0.936972 -8.3633 11.2368 11.5677 4.68486 0 -8.96153e-05 3.28532e-05 3.73985e-05 -37.5364 1 0 0 6.31581e-06 2.10996e-06 8.09451e-07
6945 157.435 0.0251295 1.82642e-05 1.39297e-05 1.10394e-06 3.23056e-06 8.27726e-11 0.0019796 0.274838 2.28166 1.4517 2.31354 2.24736 0.936973 -8.3633 11.2368 11.5677 4.68486 0 -8.95985e-05 3.27298e-05 3.74799e-05 -37.5364 1 0 0 6.32317e-06 2.11462e-06 8.08945e-07
6950 157.561 0.0251295 1.82722e-05 1.39441e-05 1.10751e-06 3.22067e-06 8.24622e-11 0.0019796 0.274837 2.28166 1.4517 2.31354 2.24736 0.936974 -8.36329 11.2368 11.5677 4.68487 0 -8.95821e-05 3.26065e-05 3.75615e-05 -37.5364 1 0 0 6.33056e-06 2.11929e-06 8.08446e-07
6955 157.686 0.0251295 1.82805e-05 1.39585e-05 1.11109e-06 3.21082e-06 8.21535e-11 0.0019796 0.274837 2.28166 1.4517 2.31354 2.24736 0.936975 -8.36328 11.2368 11.5677 4.68487 0 -8.9566e-05 3.24834e-05 3.76431e-05 -37.5363 1 0 0 6.33796e-06 2.12397e-06 8.07953e-07
6960 157.812 0.0251295 1.82888e-05 1.39731e-05 1.11469e-06 3.20103e-06 8.18463e-11 0.0019796 0.274837 2.28166 1.4517 2.31354 2.24735 0.936976 -8.36327 11.2368 11.5677 4.68487 0 -8.95502e-05 3.23605e-05 3.77249e-05 -37.5363 1 0 0 6.34539e-06 2.12866e-06 8.07468e-07
6965 157.938 0.0251295 1.82972e-05 1.39877e-05 1.11829e-06 3.19128e-06 8.15407e-11 0.0019796 0.274838 2.28166 1.4517 2.31354 2.24735 0.936977 -8.36327 11.2368 11.5677 4.68488 0 -8.95347e-05 3.22377e-05 3.78067e-05 -37.5363 1 0 0 6.35283e-06 2.13336e-06 8.06988e-07
6970 158.063 0.0251295 1.83058e-05 1.40023e-05 1.12191e-06 3.18159e-06 8.12367e-11 0.0019796 0.274837 2.28166 1.4517 2.31354 2.24735 0.936978 -8.36326 11.2368 11.5677 4.68488 0 -8.95195e-05 3.21151e-05 3.78886e-05 -37.5363 1 0 0 6.36029e-06 2.13806e-06 8.06516e-07
6975 158.189 0.0251295 1.83145e-05 1.4017e-05 1.12554e-06 3.17195e-06 8.09343e-11 0.0019796 0.274837 2.28166 1.4517 2.31355 2.24735 0.936979 -8.36325 11.2368 11.5677 4.68489 0 -8.95047e-05 3.19926e-05 3.79706e-05 -37.5362 1 0 0 6.36776e-06 2.14277e-06 8.0605e-07
6980 158.315 0.0251295 1.83233e-05 1.40318e-05 1.12918e-06 3.16236e-06 8.06334e-11 0.0019796 0.274837 2.28166 1.4517 2.31355 2.24734 0.936979 -8.36325 11.2367 11.5677 4.68489 0 -8.94902e-05 3.18703e-05 3.80527e-05 -37.5362 1 0 0 6.37526e-06 2.14749e-06 8.0559e-07
6985 158.44 0.0251295 1.83323e-05 1.40466e-05 1.13283e-06 3.15282e-06 8.03341e-11 0.0019796 0.274838 2.28166 1.4517 2.31355 2.24734 0.93698 -8.36324 11.2367 11.5677 4.6849 0 -8.94759e-05 3.17482e-05 3.81349e-05 -37.5362 1 0 0 6.38277e-06 2.15222e-06 8.05137e-07
6990 158.566 0.0251295 1.83413e-05 1.40615e-05 1.1365e-06 3.14333e-06 8.00363e-11 0.0019796 0.274837 2.28166 1.4517 2.31355 2.24734 0.936981 -8.36323 11.2367 11.5677 4.6849 0 -8.9462e-05 3.16262e-05 3.82172e-05 -37.5361 1 0 0 6.3903e-06 2.15696e-06 8.04691e-07
6995 158.692 0.0251295 1.83505e-05 1.40765e-05 1.14017e-06 3.13389e-06 7.974e-11 0.0019796 0.274838 2.28166 1.4517 2.31355 2.24734 0.936982 -8.36322 11.2367 11.5677 4.68491 0 -8.94485e-05 3.15044e-05 3.82996e-05 -37.5361 1 0 0 6.39785e-06 2.1617e-06 8.0425e-07
7000 158.817 0.0251295 1.83598e-05 1.40915e-05 1.14386e-06 3.1245e-06 7.94453e-11 0.0019796 0.274838 2.28166 1.4517 2.31355 2.24734 0.936983 -8.36322 11.2367 11.5677 4.68491 0 -8.94352e-05 3.13827e-05 3.83821e-05 -37.5361 1 0 0 6.40542e-06 2.16645e-06 8.03817e-07
7005 158.943 0.0251295 1.83692e-05 1.41065e-05 1.14756e-06 3.11516e-06 7.91521e-11 0.0019796 0.274837 2.28166 1.4517 2.31355 2.24733 0.936984 -8.36321 11.2367 11.5677 4.68492 0 -8.94222e-05 3.12612e-05 3.84647e-05 -37.536 1 0 0 6.413e-06 2.17121e-06 8.03389e-07
7010 159.069 0.0251295 1.83788e-05 1.41216e-05 1.15128e-06 3.10587e-06 7.88603e-11 0.0019796 0.274837 2.28166 1.4517 2.31355 2.24733 0.936985 -8.3632 11.2367 11.5677 4.68492 0 -8.94096e-05 3.11398e-05 3.85473e-05 -37.536 1 0 0 6.42061e-06 2.17598e-06 8.02968e-07
7015 159.194 0.0251295 1.83884e-05 1.41368e-05 1.155e-06 3.09663e-06 7.85701e-11 0.0019796 0.274838 2.28166 1.4517 2.31355 2.24733 0.936986 -8.3632 11.2367 11.5678 4.68493 0 -8.93972e-05 3.10187e-05 3.86301e-05 -37.536 1 0 0 6.42823e-06 2.18075e-06 8.02553e-07
7020 159.32 0.0251295 1.83982e-05 1.4152e-05 1.15874e-06 3.08743e-06 7.82814e-11 0.0019796 0.274837 2.28166 1.4517 2.31355 2.24733 0.936987 -8.36319 11.2367 11.5678 4.68493 0 -8.93852e-05 3.08976e-05 3.87129e-05 -37.5359 1 0 0 6.43586e-06 2.18554e-06 8.02145e-07
7025 159.446 0.0251295 1.84081e-05 1.41673e-05 1.16249e-06 3.07829e-06 7.79942e-11 0.0019796 0.274838 2.28166 1.4517 2.31355 2.24732 0.936988 -8.36318 11.2366 11.5678 4.68494 0 -8.93735e-05 3.07768e-05 3.87959e-05 -37.5359 1 0 0 6.44352e-06 2.19033e-06 8.01742e-07
7030 159.571 0.0251295 1.84181e-05 1.41827e-05 1.16625e-06 3.06919e-06 7.77085e-11 0.0019796 0.274837 2.28166 1.4517 2.31355 2.24732 0.936989 -8.36318 11.2366 11.5678 4.68494 0 -8.93621e-05 3.0656e-05 3.88789e-05 -37.5359 1 0 0 6.45119e-06 2.19513e-06 8.01346e-07
7035 159.697 0.0251295 1.84283e-05 1.41981e-05 1.17002e-06 3.06014e-06 7.74242e-11 0.00197959 0.274837 2.28166 1.4517 2.31356 2.24732 0.93699 -8.36317 11.2366 11.5678 4.68495 0 -8.9351e-05 3.05355e-05 3.8962e-05 -37.5358 1 0 0 6.45888e-06 2.19994e-06 8.00956e-07
7040 159.822 0.0251295 1.84385e-05 1.42136e-05 1.17381e-06 3.05114e-06 7.71414e-11 0.00197959 0.274837 2.28166 1.4517 2.31356 2.24732 0.936991 -8.36316 11.2366 11.5678 4.68495 0 -8.93402e-05 3.04151e-05 3.90452e-05 -37.5358 1 0 0 6.46659e-06 2.20475e-06 8.00572e-07
7045 159.948 0.0251295 1.84489e-05 1.42291e-05 1.1776e-06 3.04219e-06 7.68601e-11 0.00197959 0.274838 2.28166 1.4517 2.31356 2.24732 0.936992 -8.36315 11.2366 11.5678 4.68496 0 -8.93297e-05 3.02949e-05 3.91285e-05 -37.5358 1 0 0 6.47431e-06 2.20957e-06 8.00194e-07
7050 160.074 0.0251295 1.84594e-05 1.42447e-05 1.18141e-06 3.03328e-06 7.65802e-11 0.00197959 0.274837 2.28166 1.4517 2.31356 2.24731 0.936993 -8.36315 11.2366 11.5678 4.68496 0 -8.93196e-05 3.01748e-05 3.92119e-05 -37.5357 1 0 0 6.48205e-06 2.2144e-06 7.99821e-07
7055 160.199 0.0251295 1.847e-05 1.42603e-05 1.18523e-06 3.02443e-06 7.63017e-11 0.00197959 0.274838 2.28166 1.4517 2.31356 2.24731 0.936994 -8.36314 11.2366 11.5678 4.68497 0 -8.93097e-05 3.00548e-05 3.92953e-05 -37.5357 1 0 0 6.48981e-06 2.21924e-06 7.99455e-07
7060 160.325 0.0251295 1.84807e-05 1.4276e-05 1.18907e-06 3.01561e-06 7.60247e-11 0.00197959 0.274837 2.28166 1.4517 2.31356 2.24731 0.936995 -8.36313 11.2366 11.5678 4.68497 0 -8.93002e-05 2.99351e-05 3.93789e-05 -37.5357 1 0 0 6.49758e-06 2.22409e-06 7.99095e-07
7065 160.451 0.0251295 1.84915e-05 1.42918e-05 1.19292e-06 3.00685e-06 7.57491e-11 0.00197959 0.274838 2.28166 1.4517 2.31356 2.24731 0.936996 -8.36313 11.2366 11.5678 4.68498 0 -8.92909e-05 2.98155e-05 3.94626e-05 -37.5357 1 0 0 6.50537e-06 2.22894e-06 7.98741e-07
7070 160.576 0.0251295 1.85025e-05 1.43076e-05 1.19677e-06 2.99813e-06 7.54749e-11 0.00197959 0.274838 2.28166 1.4517 2.31356 2.2473 0.936997 -8.36312 11.2365 11.5678 4.68498 0 -8.9282e-05 2.9696e-05 3.95463e-05 -37.5356 1 0 0 6.51318e-06 2.2338e-06 7.98392e-07
7075 160.702 0.0251295 1.85135e-05 1.43234e-05 1.20065e-06 2.98946e-06 7.52021e-11 0.00197959 0.274837 2.28166 1.4517 2.31356 2.2473 0.936998 -8.36311 11.2365 11.5678 4.68499 0 -8.92733e-05 2.95767e-05 3.96301e-05 -37.5356 1 0 0 6.52101e-06 2.23867e-06 7.9805e-07
7080 160.828 0.0251295 1.85247e-05 1.43394e-05 1.20453e-06 2.98083e-06 7.49308e-11 0.00197959 0.274838 2.28166 1.4517 2.31356 2.2473 0.936999 -8.36311 11.2365 11.5678 4.68499 0 -8.9265e-05 2.94576e-05 3.9714e-05 -37.5356 1 0 0 6.52885e-06 2.24355e-06 7.97713e-07
7085 160.953 0.0251295 1.8536e-05 1.43553e-05 1.20842e-06 2.97225e-06 7.46608e-11 0.00197959 0.274837 2.28166 1.4517 2.31356 2.2473 0.937 -8.3631 11.2365 11.5678 4.685 0 -8.9257e-05 2.93386e-05 3.97981e-05 -37.5355 1 0 0 6.5367e-06 2.24843e-06 7.97382e-07
7090 161.079 0.0251295 1.85474e-05 1.43714e-05 1.21233e-06 2.96371e-06 7.43923e-11 0.00197959 0.274838 2.28166 1.4517 2.31356 2.2473 0.937001 -8.36309 11.2365 11.5678 4.685 0 -8.92493e-05 2.92198e-05 3.98821e-05 -37.5355 1 0 0 6.54458e-06 2.25333e-06 7.97056e-07
7095 161.205 0.0251295 1.8559e-05 1.43875e-05 1.21625e-06 2.95522e-06 7.41251e-11 0.00197959 0.274837 2.28166 1.4517 2.31356 2.24729 0.937002 -8.36308 11.2365 11.5678 4.68501 0 -8.92419e-05 2.91012e-05 3.99663e-05 -37.5355 1 0 0 6.55247e-06 2.25823e-06 7.96736e-07
7100 161.33 0.0251295 1.85706e-05 1.44036e-05 1.22019e-06 2.94677e-06 7.38592e-11 0.00197959 0.274837 2.28166 1.4517 2.31356 2.24729 0.937003 -8.36308 11.2365 11.5678 4.68501 0 -8.92347e-05 2.89827e-05 4.00506e-05 -37.5354 1 0 0 6.56037e-06 2.26313e-06 7.96422e-07
7105 161.456 0.0251295 1.85824e-05 1.44199e-05 1.22413e-06 2.93837e-06 7.35948e-11 0.00197959 0.274837 2.28166 1.4517 2.31357 2.24729 0.937004 -8.36307 11.2365 11.5678 4.68502 0 -8.92279e-05 2.88643e-05 4.01349e-05 -37.5354 1 0 0 6.5683e-06 2.26805e-06 7.96114e-07
7110 161.582 0.0251295 1.85942e-05 1.44361e-05 1.22809e-06 2.93002e-06 7.33317e-11 0.00197959 0.274838 2.28166 1.4517 2.31357 2.24729 0.937005 -8.36306 11.2365 11.5678 4.68502 0 -8.92214e-05 2.87461e-05 4.02194e-05 -37.5354 1 0 0 6.57624e-06 2.27297e-06 7.95811e-07
7115 161.707 0.0251295 1.86062e-05 1.44525e-05 1.23206e-06 2.9217e-06 7.307e-11 0.00197959 0.274838 2.28166 1.4517 2.31357 2.24728 0.937006 -8.36306 11.2364 11.5678 4.68503 0 -8.92152e-05 2.86281e-05 4.03039e-05 -37.5353 1 0 0 6.58419e-06 2.2779e-06 7.95513e-07
7120 161.833 0.0251295 1.86183e-05 1.44688e-05 1.23605e-06 2.91344e-06 7.28096e-11 0.00197959 0.274838 2.28166 1.4517 2.31357 2.24728 0.937007 -8.36305 11.2364 11.5678 4.68503 0 -8.92093e-05 2.85103e-05 4.03885e-05 -37.5353 1 0 0 6.59216e-06 2.28284e-06 7.95221e-07
7125 161.958 0.0251295 1.86305e-05 1.44853e-05 1.24004e-06 2.90521e-06 7.25506e-11 0.00197959 0.274837 2.28166 1.4517 2.31357 2.24728 0.937008 -8.36304 11.2364 11.5678 4.68504 0 -8.92037e-05 2.83925e-05 4.04732e-05 -37.5353 1 0 0 6.60015e-06 2.28778e-06 7.94935e-07
7130 162.084 0.0251295 1.86429e-05 1.45018e-05 1.24405e-06 2.89703e-06 7.22929e-11 0.00197958 0.274838 2.28166 1.4517 2.31357 2.24728 0.937009 -8.36304 11.2364 11.5678 4.68504 0 -8.91984e-05 2.8275e-05 4.0558e-05 -37.5352 1 0 0 6.60815e-06 2.29274e-06 7.94654e-07
7135 162.21 0.0251295 1.86553e-05 1.45183e-05 1.24807e-06 2.88889e-06 7.20365e-11 0.00197958 0.274837 2.28166 1.4517 2.31357 2.24728 0.93701 -8.36303 11.2364 11.5678 4.68505 0 -8.91934e-05 2.81576e-05 4.06429e-05 -37.5352 1 0 0 6.61617e-06 2.2977e-06 7.94378e-07
7140 162.335 0.0251295 1.86679e-05 1.45349e-05 1.25211e-06 2.8808e-06 7.17814e-11 0.00197958 0.274837 2.28166 1.4517 2.31357 2.24727 0.937011 -8.36302 11.2364 11.5678 4.68505 0 -8.91886e-05 2.80404e-05 4.07278e-05 -37.5352 1 0 0 6.6242e-06 2.30267e-06 7.94108e-07
7145 162.461 0.0251295 1.86805e-05 1.45516e-05 1.25615e-06 2.87275e-06 7.15277e-11 0.00197958 0.274837 2.28166 1.4517 2.31357 2.24727 0.937012 -8.36301 11.2364 11.5679 4.68506 0 -8.91842e-05 2.79233e-05 4.08128e-05 -37.5352 1 0 0 6.63225e-06 2.30764e-06 7.93843e-07
7150 162.587 0.0251295 1.86933e-05 1.45683e-05 1.26021e-06 2.86474e-06 7.12753e-11 0.00197958 0.274838 2.28166 1.4517 2.31357 2.24727 0.937013 -8.36301 11.2364 11.5679 4.68506 0 -8.91801e-05 2.78064e-05 4.0898e-05 -37.5351 1 0 0 6.64031e-06 2.31262e-06 7.93583e-07
7155 162.712 0.0251295 1.87062e-05 1.45851e-05 1.26429e-06 2.85678e-06 7.10241e-11 0.00197958 0.274838 2.28166 1.4517 2.31357 2.24727 0.937014 -8.363 11.2363 11.5679 4.68507 0 -8.91763e-05 2.76896e-05 4.09832e-05 -37.5351 1 0 0 6.64839e-06 2.31761e-06 7.93328e-07
7160 162.838 0.0251295 1.87192e-05 1.4602e-05 1.26837e-06 2.84885e-06 7.07743e-11 0.00197958 0.274838 2.28166 1.4517 2.31357 2.24726 0.937015 -8.36299 11.2363 11.5679 4.68507 0 -8.91728e-05 2.7573e-05 4.10684e-05 -37.5351 1 0 0 6.65649e-06 2.32261e-06 7.93079e-07
7165 162.964 0.0251295 1.87323e-05 1.46189e-05 1.27247e-06 2.84097e-06 7.05257e-11 0.00197958 0.274837 2.28166 1.4517 2.31357 2.24726 0.937016 -8.36299 11.2363 11.5679 4.68508 0 -8.91695e-05 2.74566e-05 4.11538e-05 -37.535 1 0 0 6.6646e-06 2.32762e-06 7.92835e-07
7170 163.089 0.0251295 1.87455e-05 1.46358e-05 1.27658e-06 2.83313e-06 7.02784e-11 0.00197958 0.274837 2.28166 1.4517 2.31357 2.24726 0.937017 -8.36298 11.2363 11.5679 4.68508 0 -8.91666e-05 2.73403e-05 4.12393e-05 -37.535 1 0 0 6.67272e-06 2.33263e-06 7.92596e-07
7175 163.215 0.0251295 1.87589e-05 1.46528e-05 1.28071e-06 2.82534e-06 7.00324e-11 0.00197958 0.274837 2.28166 1.4517 2.31358 2.24726 0.937018 -8.36297 11.2363 11.5679 4.68509 0 -8.91639e-05 2.72241e-05 4.13248e-05 -37.535 1 0 0 6.68087e-06 2.33765e-06 7.92362e-07
7180 163.341 0.0251295 1.87723e-05 1.46699e-05 1.28484e-06 2.81758e-06 6.97877e-11 0.00197958 0.274838 2.28166 1.4517 2.31358 2.24726 0.937019 -8.36297 11.2363 11.5679 4.68509 0 -8.91616e-05 2.71082e-05 4.14104e-05 -37.5349 1 0 0 6.68902e-06 2.34268e-06 7.92133e-07
7185 163.466 0.0251295 1.87859e-05 1.4687e-05 1.28899e-06 2.80987e-06 6.95442e-11 0.00197958 0.274838 2.28166 1.4517 2.31358 2.24725 0.93702 -8.36296 11.2363 11.5679 4.6851 0 -8.91595e-05 2.69924e-05 4.14961e-05 -37.5349 1 0 0 6.69719e-06 2.34771e-06 7.91909e-07
7190 163.592 0.0251295 1.87995e-05 1.47042e-05 1.29315e-06 2.8022e-06 6.9302e-11 0.00197958 0.274838 2.28166 1.4517 2.31358 2.24725 0.937022 -8.36295 11.2363 11.5679 4.6851 0 -8.91578e-05 2.68767e-05 4.15819e-05 -37.5349 1 0 0 6.70538e-06 2.35276e-06 7.91691e-07
7195 163.718 0.0251295 1.88133e-05 1.47214e-05 1.29733e-06 2.79456e-06 6.9061e-11 0.00197958 0.274837 2.28166 1.4517 2.31358 2.24725 0.937023 -8.36294 11.2363 11.5679 4.68511 0 -8.91563e-05 2.67612e-05 4.16677e-05 -37.5348 1 0 0 6.71358e-06 2.3578e-06 7.91477e-07
7200 163.843 0.0251295 1.88272e-05 1.47387e-05 1.30152e-06 2.78697e-06 6.88213e-11 0.00197958 0.274837 2.28166 1.4517 2.31358 2.24725 0.937024 -8.36294 11.2362 11.5679 4.68511 0 -8.91551e-05 2.66459e-05 4.17537e-05 -37.5348 1 0 0 6.72179e-06 2.36286e-06 7.91268e-07
7205 163.969 0.0251295 1.88412e-05 1.4756e-05 1.30572e-06 2.77942e-06 6.85828e-11 0.00197958 0.274837 2.28166 1.4517 2.31358 2.24724 0.937025 -8.36293 11.2362 11.5679 4.68512 0 -8.91542e-05 2.65307e-05 4.18397e-05 -37.5348 1 0 0 6.73002e-06 2.36793e-06 7.91064e-07
7210 164.094 0.0251295 1.88553e-05 1.47734e-05 1.30994e-06 2.77191e-06 6.83455e-11 0.00197958 0.274837 2.28166 1.4517 2.31358 2.24724 0.937026 -8.36292 11.2362 11.5679 4.68512 0 -8.91536e-05 2.64157e-05 4.19258e-05 -37.5347 1 0 0 6.73826e-06 2.373e-06 7.90865e-07
7215 164.22 0.0251295 1.88695e-05 1.47909e-05 1.31416e-06 2.76444e-06 6.81095e-11 0.00197958 0.274838 2.28166 1.4517 2.31358 2.24724 0.937027 -8.36292 11.2362 11.5679 4.68513 0 -8.91533e-05 2.63008e-05 4.2012e-05 -37.5347 1 0 0 6.74652e-06 2.37808e-06 7.90671e-07
7220 164.346 0.0251295 1.88838e-05 1.48084e-05 1.31841e-06 2.75701e-06 6.78746e-11 0.00197958 0.274838 2.28166 1.4517 2.31358 2.24724 0.937028 -8.36291 11.2362 11.5679 4.68514 0 -8.91533e-05 2.61861e-05 4.20982e-05 -37.5347 1 0 0 6.75479e-06 2.38316e-06 7.90481e-07
7225 164.471 0.0251295 1.88983e-05 1.4826e-05 1.32266e-06 2.74962e-06 6.7641e-11 0.00197957 0.274838 2.28166 1.4517 2.31358 2.24724 0.937029 -8.3629 11.2362 11.5679 4.68514 0 -8.91535e-05 2.60715e-05 4.21846e-05 -37.5347 1 0 0 6.76308e-06 2.38825e-06 7.90297e-07
7230 164.597 0.0251295 1.89128e-05 1.48436e-05 1.32693e-06 2.74227e-06 6.74086e-11 0.00197957 0.274838 2.28166 1.4517 2.31358 2.24723 0.93703 -8.3629 11.2362 11.5679 4.68515 0 -8.91541e-05 2.59572e-05 4.2271e-05 -37.5346 1 0 0 6.77138e-06 2.39335e-06 7.90117e-07
7235 164.723 0.0251295 1.89274e-05 1.48613e-05 1.33121e-06 2.73496e-06 6.71774e-11 0.00197957 0.274837 2.28166 1.4517 2.31358 2.24723 0.937031 -8.36289 11.2362 11.5679 4.68515 0 -8.91549e-05 2.58429e-05 4.23575e-05 -37.5346 1 0 0 6.7797e-06 2.39846e-06 7.89941e-07
7240 164.848 0.0251295 1.89422e-05 1.4879e-05 1.3355e-06 2.72768e-06 6.69473e-11 0.00197957 0.274838 2.28166 1.4517 2.31358 2.24723 0.937032 -8.36288 11.2362 11.5679 4.68516 0 -8.91561e-05 2.57288e-05 4.24441e-05 -37.5346 1 0 0 6.78803e-06 2.40358e-06 7.89771e-07
7245 164.974 0.0251295 1.89571e-05 1.48968e-05 1.33981e-06 2.72045e-06 6.67185e-11 0.00197957 0.274838 2.28166 1.4517 2.31358 2.24723 0.937033 -8.36287 11.2361 11.5679 4.68516 0 -8.91575e-05 2.56149e-05 4.25307e-05 -37.5345 1 0 0 6.79637e-06 2.4087e-06 7.89605e-07
7250 165.1 0.0251295 1.8972e-05 1.49147e-05 1.34413e-06 2.71325e-06 6.64908e-11 0.00197957 0.274838 2.28166 1.4517 2.31359 2.24722 0.937034 -8.36287 11.2361 11.5679 4.68517 0 -8.91592e-05 2.55012e-05 4.26175e-05 -37.5345 1 0 0 6.80473e-06 2.41383e-06 7.89444e-07
7255 165.225 0.0251295 1.89871e-05 1.49326e-05 1.34846e-06 2.7061e-06 6.62643e-11 0.00197957 0.274838 2.28166 1.4517 2.31359 2.24722 0.937035 -8.36286 11.2361 11.5679 4.68517 0 -8.91612e-05 2.53876e-05 4.27043e-05 -37.5345 1 0 0 6.8131e-06 2.41896e-06 7.89287e-07
7260 165.351 0.0251295 1.90023e-05 1.49505e-05 1.35281e-06 2.69898e-06 6.6039e-11 0.00197957 0.274837 2.28166 1.4517 2.31359 2.24722 0.937036 -8.36285 11.2361 11.5679 4.68518 0 -8.91634e-05 2.52741e-05 4.27911e-05 -37.5344 1 0 0 6.82148e-06 2.42411e-06 7.89135e-07
7265 165.477 0.0251295 1.90176e-05 1.49685e-05 1.35717e-06 2.6919e-06 6.58148e-11 0.00197957 0.274838 2.28166 1.4517 2.31359 2.24722 0.937037 -8.36285 11.2361 11.5679 4.68518 0 -8.9166e-05 2.51609e-05 4.28781e-05 -37.5344 1 0 0 6.82988e-06 2.42926e-06 7.88987e-07
7270 165.602 0.0251295 1.9033e-05 1.49866e-05 1.36154e-06 2.68486e-06 6.55918e-11 0.00197957 0.274837 2.28166 1.4517 2.31359 2.24721 0.937039 -8.36284 11.2361 11.5679 4.68519 0 -8.91688e-05 2.50477e-05 4.29651e-05 -37.5344 1 0 0 6.83829e-06 2.43441e-06 7.88844e-07
7275 165.728 0.0251295 1.90485e-05 1.50047e-05 1.36593e-06 2.67785e-06 6.53699e-11 0.00197957 0.274837 2.28166 1.4517 2.31359 2.24721 0.93704 -8.36283 11.2361 11.5679 4.68519 0 -8.91719e-05 2.49348e-05 4.30523e-05 -37.5343 1 0 0 6.84672e-06 2.43958e-06 7.88706e-07
7280 165.854 0.0251295 1.90641e-05 1.50229e-05 1.37033e-06 2.67089e-06 6.51492e-11 0.00197957 0.274838 2.28166 1.4517 2.31359 2.24721 0.937041 -8.36283 11.2361 11.5679 4.6852 0 -8.91753e-05 2.4822e-05 4.31394e-05 -37.5343 1 0 0 6.85515e-06 2.44475e-06 7.88572e-07
7285 165.979 0.0251295 1.90799e-05 1.50411e-05 1.37475e-06 2.66396e-06 6.49296e-11 0.00197957 0.274837 2.28166 1.4517 2.31359 2.24721 0.937042 -8.36282 11.2361 11.5679 4.6852 0 -8.9179e-05 2.47093e-05 4.32267e-05 -37.5343 1 0 0 6.86361e-06 2.44993e-06 7.88442e-07
7290 166.105 0.0251295 1.90957e-05 1.50594e-05 1.37917e-06 2.65707e-06 6.47112e-11 0.00197957 0.274837 2.28166 1.4517 2.31359 2.24721 0.937043 -8.36281 11.236 11.5679 4.68521 0 -8.9183e-05 2.45968e-05 4.3314e-05 -37.5342 1 0 0 6.87207e-06 2.45511e-06 7.88316e-07
7295 166.23 0.0251295 1.91116e-05 1.50778e-05 1.38361e-06 2.65021e-06 6.44938e-11 0.00197957 0.274837 2.28166 1.4517 2.31359 2.2472 0.937044 -8.3628 11.236 11.568 4.68522 0 -8.91872e-05 2.44845e-05 4.34015e-05 -37.5342 1 0 0 6.88055e-06 2.4603e-06 7.88195e-07
7300 166.356 0.0251295 1.91276e-05 1.50962e-05 1.38807e-06 2.64339e-06 6.42776e-11 0.00197957 0.274837 2.28166 1.4517 2.31359 2.2472 0.937045 -8.3628 11.236 11.568 4.68522 0 -8.91917e-05 2.43723e-05 4.34889e-05 -37.5342 1 0 0 6.88904e-06 2.4655e-06 7.88078e-07
7305 166.482 0.0251295 1.91438e-05 1.51146e-05 1.39254e-06 2.63661e-06 6.40625e-11 0.00197957 0.274838 2.28166 1.4517 2.31359 2.2472 0.937046 -8.36279 11.236 11.568 4.68523 0 -8.91965e-05 2.42603e-05 4.35765e-05 -37.5341 1 0 0 6.89754e-06 2.47071e-06 7.87966e-07
7310 166.607 0.0251295 1.916e-05 1.51331e-05 1.39702e-06 2.62987e-06 6.38486e-11 0.00197957 0.274837 2.28166 1.4517 2.31359 2.2472 0.937047 -8.36278 11.236 11.568 4.68523 0 -8.92016e-05 2.41484e-05 4.36641e-05 -37.5341 1 0 0 6.90606e-06 2.47592e-06 7.87858e-07
7315 166.733 0.0251295 1.91764e-05 1.51517e-05 1.40152e-06 2.62316e-06 6.36357e-11 0.00197957 0.274838 2.28166 1.4517 2.31359 2.24719 0.937048 -8.36278 11.236 11.568 4.68524 0 -8.92069e-05 2.40367e-05 4.37518e-05 -37.5341 1 0 0 6.91459e-06 2.48114e-06 7.87753e-07
7320 166.859 0.0251295 1.91928e-05 1.51703e-05 1.40602e-06 2.61648e-06 6.34239e-11 0.00197957 0.274838 2.28166 1.4517 2.31359 2.24719 0.937049 -8.36277 11.236 11.568 4.68524 0 -8.92126e-05 2.39252e-05 4.38396e-05 -37.5341 1 0 0 6.92313e-06 2.48637e-06 7.87654e-07
7325 166.984 0.0251295 1.92094e-05 1.5189e-05 1.41055e-06 2.60985e-06 6.32132e-11 0.00197956 0.274838 2.28166 1.4517 2.31359 2.24719 0.937051 -8.36276 11.236 11.568 4.68525 0 -8.92185e-05 2.38138e-05 4.39275e-05 -37.534 1 0 0 6.93169e-06 2.4916e-06 7.87558e-07
7330 167.11 0.0251295 1.92261e-05 1.52077e-05 1.41508e-06 2.60325e-06 6.30036e-11 0.00197956 0.274837 2.28166 1.4517 2.3136 2.24719 0.937052 -8.36276 11.236 11.568 4.68525 0 -8.92247e-05 2.37026e-05 4.40154e-05 -37.534 1 0 0 6.94026e-06 2.49684e-06 7.87466e-07
7335 167.236 0.0251295 1.92428e-05 1.52265e-05 1.41963e-06 2.59668e-06 6.2795e-11 0.00197956 0.274837 2.28166 1.4517 2.3136 2.24719 0.937053 -8.36275 11.2359 11.568 4.68526 0 -8.92311e-05 2.35915e-05 4.41034e-05 -37.534 1 0 0 6.94884e-06 2.50209e-06 7.87379e-07
7340 167.361 0.0251295 1.92597e-05 1.52454e-05 1.4242e-06 2.59015e-06 6.25876e-11 0.00197956 0.274838 2.28166 1.4517 2.3136 2.24718 0.937054 -8.36274 11.2359 11.568 4.68527 0 -8.92378e-05 2.34806e-05 4.41915e-05 -37.5339 1 0 0 6.95743e-06 2.50734e-06 7.87295e-07
7345 167.487 0.0251295 1.92767e-05 1.52643e-05 1.42878e-06 2.58366e-06 6.23812e-11 0.00197956 0.274838 2.28166 1.4517 2.3136 2.24718 0.937055 -8.36274 11.2359 11.568 4.68527 0 -8.92448e-05 2.33699e-05 4.42796e-05 -37.5339 1 0 0 6.96603e-06 2.5126e-06 7.87216e-07
7350 167.613 0.0251295 1.92938e-05 1.52832e-05 1.43337e-06 2.5772e-06 6.21759e-11 0.00197956 0.274838 2.28166 1.4517 2.3136 2.24718 0.937056 -8.36273 11.2359 11.568 4.68528 0 -8.92521e-05 2.32593e-05 4.43678e-05 -37.5339 1 0 0 6.97465e-06 2.51787e-06 7.8714e-07
7355 167.738 0.0251295 1.93109e-05 1.53022e-05 1.43797e-06 2.57077e-06 6.19716e-11 0.00197956 0.274838 2.28166 1.4517 2.3136 2.24718 0.937057 -8.36272 11.2359 11.568 4.68528 0 -8.92597e-05 2.31489e-05 4.44561e-05 -37.5338 1 0 0 6.98328e-06 2.52314e-06 7.87069e-07
7360 167.864 0.0251295 1.93282e-05 1.53213e-05 1.44259e-06 2.56438e-06 6.17684e-11 0.00197956 0.274838 2.28166 1.4517 2.3136 2.24717 0.937058 -8.36271 11.2359 11.568 4.68529 0 -8.92675e-05 2.30386e-05 4.45444e-05 -37.5338 1 0 0 6.99192e-06 2.52842e-06 7.87001e-07
7365 167.99 0.0251295 1.93456e-05 1.53404e-05 1.44722e-06 2.55803e-06 6.15663e-11 0.00197956 0.274837 2.28166 1.4517 2.3136 2.24717 0.937059 -8.36271 11.2359 11.568 4.68529 0 -8.92756e-05 2.29285e-05 4.46328e-05 -37.5338 1 0 0 7.00057e-06 2.53371e-06 7.86938e-07
7370 168.115 0.0251295 1.93631e-05 1.53595e-05 1.45187e-06 2.55171e-06 6.13651e-11 0.00197956 0.274838 2.28166 1.4517 2.3136 2.24717 0.937061 -8.3627 11.2359 11.568 4.6853 0 -8.9284e-05 2.28185e-05 4.47213e-05 -37.5337 1 0 0 7.00924e-06 2.539e-06 7.86878e-07
7375 168.241 0.0251295 1.93807e-05 1.53787e-05 1.45653e-06 2.54542e-06 6.1165e-11 0.00197956 0.274837 2.28166 1.4517 2.3136 2.24717 0.937062 -8.36269 11.2359 11.568 4.6853 0 -8.92926e-05 2.27088e-05 4.48099e-05 -37.5337 1 0 0 7.01792e-06 2.5443e-06 7.86822e-07
7380 168.366 0.0251295 1.93984e-05 1.5398e-05 1.46121e-06 2.53916e-06 6.0966e-11 0.00197956 0.274837 2.28166 1.4517 2.3136 2.24717 0.937063 -8.36269 11.2358 11.568 4.68531 0 -8.93015e-05 2.25991e-05 4.48985e-05 -37.5337 1 0 0 7.0266e-06 2.54961e-06 7.8677e-07
7385 168.492 0.0251295 1.94162e-05 1.54173e-05 1.4659e-06 2.53295e-06 6.0768e-11 0.00197956 0.274837 2.28166 1.4517 2.3136 2.24716 0.937064 -8.36268 11.2358 11.568 4.68532 0 -8.93107e-05 2.24897e-05 4.49872e-05 -37.5336 1 0 0 7.03531e-06 2.55492e-06 7.86722e-07
7390 168.618 0.0251295 1.94341e-05 1.54367e-05 1.4706e-06 2.52676e-06 6.0571e-11 0.00197956 0.274838 2.28166 1.4517 2.3136 2.24716 0.937065 -8.36267 11.2358 11.568 4.68532 0 -8.93201e-05 2.23803e-05 4.50759e-05 -37.5336 1 0 0 7.04402e-06 2.56024e-06 7.86678e-07
7395 168.743 0.0251295 1.94521e-05 1.54562e-05 1.47532e-06 2.52061e-06 6.0375e-11 0.00197956 0.274837 2.28166 1.4517 2.3136 2.24716 0.937066 -8.36267 11.2358 11.568 4.68533 0 -8.93298e-05 2.22712e-05 4.51647e-05 -37.5336 1 0 0 7.05274e-06 2.56557e-06 7.86637e-07
7400 168.869 0.0251295 1.94702e-05 1.54757e-05 1.48005e-06 2.51449e-06 6.018e-11 0.00197956 0.274838 2.28166 1.4517 2.3136 2.24716 0.937067 -8.36266 11.2358 11.568 4.68533 0 -8.93398e-05 2.21622e-05 4.52536e-05 -37.5336 1 0 0 7.06148e-06 2.5709e-06 7.866e-07
7405 168.995 0.0251295 1.94884e-05 1.54952e-05 1.48479e-06 2.5084e-06 5.9986e-11 0.00197956 0.274838 2.28166 1.4517 2.3136 2.24715 0.937068 -8.36265 11.2358 11.568 4.68534 0 -8.93501e-05 2.20534e-05 4.53426e-05 -37.5335 1 0 0 7.07022e-06 2.57624e-06 7.86567e-07
7410 169.12 0.0251295 1.95067e-05 1.55148e-05 1.48955e-06 2.50235e-06 5.9793e-11 0.00197956 0.274838 2.28166 1.4517 2.3136 2.24715 0.93707 -8.36264 11.2358 11.568 4.68534 0 -8.93606e-05 2.19447e-05 4.54316e-05 -37.5335 1 0 0 7.07898e-06 2.58158e-06 7.86537e-07
7415 169.246 0.0251295 1.95251e-05 1.55344e-05 1.49432e-06 2.49633e-06 5.96011e-11 0.00197956 0.274838 2.28166 1.4517 2.31361 2.24715 0.937071 -8.36264 11.2358 11.568 4.68535 0 -8.93714e-05 2.18362e-05 4.55207e-05 -37.5335 1 0 0 7.08775e-06 2.58694e-06 7.86511e-07
7420 169.372 0.0251295 1.95436e-05 1.55541e-05 1.49911e-06 2.49034e-06 5.94101e-11 0.00197956 0.274837 2.28166 1.4517 2.31361 2.24715 0.937072 -8.36263 11.2358 11.568 4.68536 0 -8.93824e-05 2.17278e-05 4.56098e-05 -37.5334 1 0 0 7.09653e-06 2.59229e-06 7.86488e-07
7425 169.497 0.0251295 1.95622e-05 1.55739e-05 1.50391e-06 2.48439e-06 5.92201e-11 0.00197955 0.274838 2.28166 1.4517 2.31361 2.24715 0.937073 -8.36262 11.2357 11.568 4.68536 0 -8.93937e-05 2.16196e-05 4.5699e-05 -37.5334 1 0 0 7.10532e-06 2.59766e-06 7.8647e-07
7430 169.623 0.0251295 1.95809e-05 1.55937e-05 1.50873e-06 2.47847e-06 5.9031e-11 0.00197955 0.274838 2.28166 1.4517 2.31361 2.24714 0.937074 -8.36262 11.2357 11.568 4.68537 0 -8.94053e-05 2.15116e-05 4.57883e-05 -37.5334 1 0 0 7.11412e-06 2.60303e-06 7.86454e-07
7435 169.749 0.0251295 1.95997e-05 1.56136e-05 1.51356e-06 2.47258e-06 5.8843e-11 0.00197955 0.274837 2.28166 1.4517 2.31361 2.24714 0.937075 -8.36261 11.2357 11.568 4.68537 0 -8.94171e-05 2.14037e-05 4.58777e-05 -37.5333 1 0 0 7.12293e-06 2.60841e-06 7.86443e-07
7440 169.874 0.0251295 1.96186e-05 1.56335e-05 1.5184e-06 2.46672e-06 5.86559e-11 0.00197955 0.274837 2.28166 1.4517 2.31361 2.24714 0.937077 -8.3626 11.2357 11.568 4.68538 0 -8.94292e-05 2.1296e-05 4.59671e-05 -37.5333 1 0 0 7.13176e-06 2.61379e-06 7.86434e-07
7445 170 0.0251295 1.96376e-05 1.56535e-05 1.52326e-06 2.46089e-06 5.84698e-11 0.00197955 0.274837 2.28166 1.4517 2.31361 2.24714 0.937078 -8.3626 11.2357 11.568 4.68538 0 -8.94416e-05 2.11884e-05 4.60565e-05 -37.5333 1 0 0 7.14059e-06 2.61918e-06 7.86429e-07
7450 170.126 0.0251295 1.96567e-05 1.56735e-05 1.52813e-06 2.4551e-06 5.82847e-11 0.00197955 0.274838 2.28166 1.4517 2.31361 2.24713 0.937079 -8.36259 11.2357 11.568 4.68539 0 -8.94542e-05 2.1081e-05 4.61461e-05 -37.5332 1 0 0 7.14943e-06 2.62458e-06 7.86428e-07
7455 170.251 0.0251295 1.96759e-05 1.56936e-05 1.53302e-06 2.44933e-06 5.81005e-11 0.00197955 0.274837 2.28166 1.4517 2.31361 2.24713 0.93708 -8.36258 11.2357 11.568 4.6854 0 -8.9467e-05 2.09738e-05 4.62356e-05 -37.5332 1 0 0 7.15829e-06 2.62998e-06 7.8643e-07
7460 170.377 0.0251295 1.96952e-05 1.57137e-05 1.53792e-06 2.4436e-06 5.79172e-11 0.00197955 0.274838 2.28166 1.4517 2.31361 2.24713 0.937081 -8.36257 11.2357 11.568 4.6854 0 -8.94802e-05 2.08667e-05 4.63253e-05 -37.5332 1 0 0 7.16716e-06 2.63539e-06 7.86435e-07
7465 170.502 0.0251295 1.97146e-05 1.57339e-05 1.54284e-06 2.4379e-06 5.77349e-11 0.00197955 0.274838 2.28166 1.4517 2.31361 2.24713 0.937082 -8.36257 11.2357 11.568 4.68541 0 -8.94936e-05 2.07598e-05 4.6415e-05 -37.5331 1 0 0 7.17603e-06 2.6408e-06 7.86444e-07
7470 170.628 0.0251295 1.97341e-05 1.57541e-05 1.54777e-06 2.43223e-06 5.75535e-11 0.00197955 0.274837 2.28166 1.4517 2.31361 2.24713 0.937083 -8.36256 11.2356 11.5681 4.68541 0 -8.95072e-05 2.06531e-05 4.65048e-05 -37.5331 1 0 0 7.18492e-06 2.64622e-06 7.86456e-07
7475 170.754 0.0251295 1.97537e-05 1.57744e-05 1.55271e-06 2.42659e-06 5.73731e-11 0.00197955 0.274838 2.28166 1.4517 2.31361 2.24712 0.937085 -8.36255 11.2356 11.5681 4.68542 0 -8.95211e-05 2.05465e-05 4.65946e-05 -37.5331 1 0 0 7.19381e-06 2.65165e-06 7.86472e-07
7480 170.879 0.0251295 1.97734e-05 1.57947e-05 1.55767e-06 2.42098e-06 5.71936e-11 0.00197955 0.274838 2.28166 1.4517 2.31361 2.24712 0.937086 -8.36255 11.2356 11.5681 4.68542 0 -8.95353e-05 2.044e-05 4.66845e-05 -37.5331 1 0 0 7.20272e-06 2.65708e-06 7.8649e-07
7485 171.005 0.0251295 1.97932e-05 1.58151e-05 1.56264e-06 2.4154e-06 5.70151e-11 0.00197955 0.274837 2.28166 1.4517 2.31361 2.24712 0.937087 -8.36254 11.2356 11.5681 4.68543 0 -8.95497e-05 2.03338e-05 4.67745e-05 -37.533 1 0 0 7.21164e-06 2.66252e-06 7.86512e-07
7490 171.131 0.0251295 1.9813e-05 1.58356e-05 1.56763e-06 2.40986e-06 5.68374e-11 0.00197955 0.274837 2.28166 1.4517 2.31361 2.24712 0.937088 -8.36253 11.2356 11.5681 4.68544 0 -8.95644e-05 2.02277e-05 4.68645e-05 -37.533 1 0 0 7.22056e-06 2.66797e-06 7.86537e-07
7495 171.256 0.0251295 1.9833e-05 1.58561e-05 1.57263e-06 2.40434e-06 5.66607e-11 0.00197955 0.274837 2.28166 1.4517 2.31361 2.24711 0.937089 -8.36253 11.2356 11.5681 4.68544 0 -8.95794e-05 2.01217e-05 4.69545e-05 -37.533 1 0 0 7.2295e-06 2.67342e-06 7.86566e-07
7500 171.382 0.0251295 1.98531e-05 1.58766e-05 1.57765e-06 2.39885e-06 5.64849e-11 0.00197955 0.274837 2.28166 1.4517 2.31361 2.24711 0.937091 -8.36252 11.2356 11.5681 4.68545 0 -8.95946e-05 2.00159e-05 4.70447e-05 -37.5329 1 0 0 7.23844e-06 2.67888e-06 7.86597e-07
7505 171.508 0.0251295 1.98733e-05 1.58972e-05 1.58268e-06 2.3934e-06 5.631e-11 0.00197955 0.274838 2.28166 1.4517 2.31361 2.24711 0.937092 -8.36251 11.2356 11.5681 4.68545 0 -8.961e-05 1.99103e-05 4.71349e-05 -37.5329 1 0 0 7.2474e-06 2.68434e-06 7.86632e-07
7510 171.633 0.0251295 1.98936e-05 1.59179e-05 1.58773e-06 2.38797e-06 5.6136e-11 0.00197955 0.274838 2.28166 1.4517 2.31362 2.24711 0.937093 -8.3625 11.2356 11.5681 4.68546 0 -8.96257e-05 1.98048e-05 4.72251e-05 -37.5329 1 0 0 7.25636e-06 2.68981e-06 7.86669e-07
7515 171.759 0.0251295 1.99139e-05 1.59386e-05 1.59279e-06 2.38257e-06 5.59628e-11 0.00197955 0.274837 2.28166 1.4517 2.31362 2.2471 0.937094 -8.3625 11.2355 11.5681 4.68547 0 -8.96417e-05 1.96995e-05 4.73154e-05 -37.5328 1 0 0 7.26534e-06 2.69529e-06 7.8671e-07
7520 171.885 0.0251295 1.99344e-05 1.59593e-05 1.59786e-06 2.3772e-06 5.57906e-11 0.00197955 0.274837 2.28166 1.4517 2.31362 2.2471 0.937095 -8.36249 11.2355 11.5681 4.68547 0 -8.96579e-05 1.95944e-05 4.74058e-05 -37.5328 1 0 0 7.27432e-06 2.70077e-06 7.86754e-07
7525 172.01 0.0251295 1.9955e-05 1.59801e-05 1.60295e-06 2.37186e-06 5.56193e-11 0.00197955 0.274837 2.28166 1.4517 2.31362 2.2471 0.937096 -8.36248 11.2355 11.5681 4.68548 0 -8.96743e-05 1.94894e-05 4.74962e-05 -37.5328 1 0 0 7.28332e-06 2.70625e-06 7.86801e-07
7530 172.136 0.0251295 1.99756e-05 1.6001e-05 1.60806e-06 2.36656e-06 5.54489e-11 0.00197954 0.274837 2.28166 1.4517 2.31362 2.2471 0.937098 -8.36248 11.2355 11.5681 4.68548 0 -8.9691e-05 1.93846e-05 4.75866e-05 -37.5327 1 0 0 7.29232e-06 2.71175e-06 7.86851e-07
7535 172.262 0.0251295 1.99964e-05 1.60219e-05 1.61318e-06 2.36127e-06 5.52793e-11 0.00197954 0.274837 2.28166 1.4517 2.31362 2.2471 0.937099 -8.36247 11.2355 11.5681 4.68549 0 -8.9708e-05 1.92799e-05 4.76771e-05 -37.5327 1 0 0 7.30133e-06 2.71725e-06 7.86904e-07
7540 172.387 0.0251295 2.00172e-05 1.60429e-05 1.61831e-06 2.35602e-06 5.51106e-11 0.00197954 0.274837 2.28166 1.4517 2.31362 2.24709 0.9371 -8.36246 11.2355 11.5681 4.6855 0 -8.97252e-05 1.91754e-05 4.77677e-05 -37.5327 1 0 0 7.31035e-06 2.72275e-06 7.8696e-07
7545 172.513 0.0251295 2.00382e-05 1.60639e-05 1.62346e-06 2.3508e-06 5.49428e-11 0.00197954 0.274838 2.28166 1.4517 2.31362 2.24709 0.937101 -8.36246 11.2355 11.5681 4.6855 0 -8.97426e-05 1.90711e-05 4.78584e-05 -37.5326 1 0 0 7.31938e-06 2.72826e-06 7.87019e-07
7550 172.639 0.0251295 2.00592e-05 1.6085e-05 1.62862e-06 2.34561e-06 5.47759e-11 0.00197954 0.274837 2.28166 1.4517 2.31362 2.24709 0.937102 -8.36245 11.2355 11.5681 4.68551 0 -8.97604e-05 1.89669e-05 4.7949e-05 -37.5326 1 0 0 7.32842e-06 2.73378e-06 7.8708e-07
7555 172.764 0.0251295 2.00804e-05 1.61061e-05 1.6338e-06 2.34044e-06 5.46098e-11 0.00197954 0.274838 2.28166 1.4517 2.31362 2.24709 0.937104 -8.36244 11.2355 11.5681 4.68551 0 -8.97783e-05 1.88629e-05 4.80398e-05 -37.5326 1 0 0 7.33747e-06 2.7393e-06 7.87145e-07
7560 172.89 0.0251295 2.01016e-05 1.61273e-05 1.63899e-06 2.3353e-06 5.44446e-11 0.00197954 0.274838 2.28166 1.4517 2.31362 2.24708 0.937105 -8.36244 11.2354 11.5681 4.68552 0 -8.97965e-05 1.8759e-05 4.81306e-05 -37.5326 1 0 0 7.34652e-06 2.74483e-06 7.87212e-07
7565 173.015 0.0251295 2.01229e-05 1.61485e-05 1.6442e-06 2.33019e-06 5.42802e-11 0.00197954 0.274838 2.28166 1.4517 2.31362 2.24708 0.937106 -8.36243 11.2354 11.5681 4.68553 0 -8.98149e-05 1.86553e-05 4.82214e-05 -37.5325 1 0 0 7.35559e-06 2.75036e-06 7.87283e-07
7570 173.141 0.0251295 2.01443e-05 1.61698e-05 1.64943e-06 2.32511e-06 5.41167e-11 0.00197954 0.274837 2.28166 1.4517 2.31362 2.24708 0.937107 -8.36242 11.2354 11.5681 4.68553 0 -8.98336e-05 1.85518e-05 4.83123e-05 -37.5325 1 0 0 7.36466e-06 2.7559e-06 7.87356e-07
7575 173.267 0.0251295 2.01658e-05 1.61911e-05 1.65466e-06 2.32006e-06 5.3954e-11 0.00197954 0.274838 2.28166 1.4517 2.31362 2.24708 0.937109 -8.36241 11.2354 11.5681 4.68554 0 -8.98526e-05 1.84485e-05 4.84032e-05 -37.5325 1 0 0 7.37374e-06 2.76144e-06 7.87432e-07
7580 173.392 0.0251295 2.01874e-05 1.62125e-05 1.65992e-06 2.31503e-06 5.37922e-11 0.00197954 0.274837 2.28166 1.4517 2.31362 2.24708 0.93711 -8.36241 11.2354 11.5681 4.68554 0 -8.98718e-05 1.83452e-05 4.84942e-05 -37.5324 1 0 0 7.38283e-06 2.76699e-06 7.8751e-07
7585 173.518 0.0251295 2.02092e-05 1.62339e-05 1.66518e-06 2.31003e-06 5.36312e-11 0.00197954 0.274838 2.28166 1.4517 2.31362 2.24707 0.937111 -8.3624 11.2354 11.5681 4.68555 0 -8.98912e-05 1.82422e-05 4.85853e-05 -37.5324 1 0 0 7.39193e-06 2.77255e-06 7.87592e-07
7590 173.644 0.0251295 2.02309e-05 1.62554e-05 1.67047e-06 2.30506e-06 5.3471e-11 0.00197954 0.274837 2.28166 1.4517 2.31362 2.24707 0.937112 -8.36239 11.2354 11.5681 4.68556 0 -8.99108e-05 1.81393e-05 4.86764e-05 -37.5324 1 0 0 7.40104e-06 2.77811e-06 7.87676e-07
7595 173.769 0.0251295 2.02528e-05 1.6277e-05 1.67576e-06 2.30012e-06 5.33117e-11 0.00197954 0.274838 2.28166 1.4517 2.31362 2.24707 0.937113 -8.36239 11.2354 11.5681 4.68556 0 -8.99308e-05 1.80366e-05 4.87675e-05 -37.5323 1 0 0 7.41015e-06 2.78368e-06 7.87762e-07
7600 173.895 0.0251295 2.02748e-05 1.62985e-05 1.68108e-06 2.2952e-06 5.31532e-11 0.00197954 0.274838 2.28166 1.4517 2.31362 2.24707 0.937115 -8.36238 11.2354 11.5681 4.68557 0 -8.99509e-05 1.79341e-05 4.88587e-05 -37.5323 1 0 0 7.41928e-06 2.78925e-06 7.87852e-07
7605 174.018 0.0241393 2.02984e-05 1.63212e-05 1.68666e-06 2.29056e-06 5.46298e-11 0.00197954 0.274838 2.28166 1.4517 2.31362 2.24706 0.937116 -8.36237 11.2353 11.5681 4.68557 0 -9.10458e-05 1.79816e-05 4.95797e-05 -37.9114 1 0 0 7.43927e-06 2.80773e-06 7.8952e-07
7610 174.135 0.0229562 2.03272e-05 1.63473e-05 1.69276e-06 2.28717e-06 5.55766e-11 0.00197954 0.274838 2.28166 1.4517 2.31362 2.24706 0.937117 -8.36237 11.2353 11.5681 4.68558 0 -9.12301e-05 1.77555e-05 4.98706e-05 -37.9114 1 0 0 7.46741e-06 2.83368e-06 7.92607e-07
7615 174.247 0.0218311 2.03578e-05 1.63745e-05 1.69866e-06 2.28464e-06 5.63172e-11 0.00197954 0.274837 2.28166 1.4517 2.31362 2.24706 0.937118 -8.36236 11.2353 11.5681 4.68559 0 -9.13749e-05 1.75412e-05 5.01307e-05 -37.9113 1 0 0 7.49548e-06 2.85773e-06 7.95851e-07
7620 174.353 0.0207612 2.03888e-05 1.64019e-05 1.70427e-06 2.28268e-06 5.6882e-11 0.00197954 0.274837 2.28166 1.4517 2.31363 2.24706 0.937119 -8.36235 11.2353 11.5681 4.68559 0 -9.15063e-05 1.73417e-05 5.03725e-05 -37.9113 1 0 0 7.52306e-06 2.88025e-06 7.99135e-07
7625 174.453 0.0197437 2.04198e-05 1.6429e-05 1.70958e-06 2.28115e-06 5.73139e-11 0.00197954 0.274837 2.28166 1.4517 2.31363 2.24706 0.93712 -8.36235 11.2353 11.5681 4.6856 0 -9.16282e-05 1.71543e-05 5.05997e-05 -37.9113 1 0 0 7.54997e-06 2.90145e-06 8.02395e-07
7630 174.549 0.018776 2.04503e-05 1.64557e-05 1.71461e-06 2.27992e-06 5.76489e-11 0.00197954 0.274837 2.28166 1.4517 2.31363 2.24705 0.937121 -8.36234 11.2353 11.5681 4.6856 0 -9.17415e-05 1.69762e-05 5.08144e-05 -37.9112 1 0 0 7.5761e-06 2.92151e-06 8.05599e-07
7635 174.64 0.0178558 2.04801e-05 1.64819e-05 1.71936e-06 2.27893e-06 5.79134e-11 0.00197954 0.274837 2.28166 1.4517 2.31363 2.24705 0.937122 -8.36233 11.2353 11.5681 4.68561 0 -9.18467e-05 1.68058e-05 5.10179e-05 -37.9112 1 0 0 7.60139e-06 2.94053e-06 8.08724e-07
7640 174.727 0.0169807 2.05092e-05 1.65072e-05 1.72387e-06 2.27813e-06 5.81262e-11 0.00197954 0.274838 2.28166 1.4517 2.31363 2.24705 0.937123 -8.36233 11.2353 11.5681 4.68561 0 -9.19444e-05 1.6642e-05 5.12112e-05 -37.9112 1 0 0 7.62582e-06 2.95861e-06 8.11761e-07
7645 174.809 0.0161485 2.05375e-05 1.65319e-05 1.72815e-06 2.27748e-06 5.83004e-11 0.00197953 0.274837 2.28166 1.4517 2.31363 2.24705 0.937124 -8.36232 11.2353 11.5681 4.68561 0 -9.20352e-05 1.64843e-05 5.13952e-05 -37.9112 1 0 0 7.64936e-06 2.97582e-06 8.14702e-07
7650 174.888 0.0153571 2.05648e-05 1.65557e-05 1.7322e-06 2.27695e-06 5.84456e-11 0.00197953 0.274838 2.28166 1.4517 2.31363 2.24705 0.937125 -8.36232 11.2353 11.5681 4.68562 0 -9.21197e-05 1.63325e-05 5.15703e-05 -37.9111 1 0 0 7.67203e-06 2.99221e-06 8.17544e-07
7655 174.962 0.0146044 2.05912e-05 1.65787e-05 1.73606e-06 2.27652e-06 5.85682e-11 0.00197953 0.274838 2.28166 1.4517 2.31363 2.24705 0.937126 -8.36231 11.2353 11.5681 4.68562 0 -9.21985e-05 1.61863e-05 5.17372e-05 -37.9111 1 0 0 7.69381e-06 3.00784e-06 8.20286e-07
7660 175.033 0.0138886 2.06167e-05 1.66008e-05 1.73973e-06 2.27618e-06 5.86734e-11 0.00197953 0.274838 2.28166 1.4517 2.31363 2.24705 0.937126 -8.36231 11.2352 11.5681 4.68563 0 -9.2272e-05 1.60455e-05 5.18963e-05 -37.9111 1 0 0 7.71474e-06 3.02275e-06 8.22927e-07
7665 175.1 0.013208 2.06412e-05 1.66221e-05 1.74322e-06 2.27591e-06 5.87645e-11 0.00197953 0.274837 2.28166 1.4517 2.31363 2.24704 0.937127 -8.36231 11.2352 11.5681 4.68563 0 -9.23408e-05 1.591e-05 5.20479e-05 -37.9111 1 0 0 7.73482e-06 3.03698e-06 8.25468e-07
7670 175.164 0.0125606 2.06648e-05 1.66426e-05 1.74654e-06 2.2757e-06 5.88444e-11 0.00197953 0.274838 2.28166 1.4517 2.31363 2.24704 0.937128 -8.3623 11.2352 11.5681 4.68563 0 -9.24051e-05 1.57797e-05 5.21925e-05 -37.9111 1 0 0 7.75408e-06 3.05056e-06 8.27911e-07
7675 175.225 0.011945 2.06875e-05 1.66623e-05 1.7497e-06 2.27553e-06 5.89151e-11 0.00197953 0.274837 2.28166 1.4517 2.31363 2.24704 0.937128 -8.3623 11.2352 11.5681 4.68564 0 -9.24653e-05 1.56544e-05 5.23303e-05 -37.9111 1 0 0 7.77254e-06 3.06352e-06 8.30258e-07
7680 175.283 0.0113596 2.07093e-05 1.66811e-05 1.75272e-06 2.27541e-06 5.89779e-11 0.00197953 0.274838 2.28166 1.4517 2.31363 2.24704 0.937129 -8.3623 11.2352 11.5681 4.68564 0 -9.25217e-05 1.55341e-05 5.24616e-05 -37.911 1 0 0 7.79022e-06 3.07589e-06 8.32511e-07
7685 175.338 0.0108029 2.07301e-05 1.66992e-05 1.75559e-06 2.27533e-06 5.90346e-11 0.00197953 0.274838 2.28166 1.4517 2.31363 2.24704 0.93713 -8.36229 11.2352 11.5681 4.68564 0 -9.25746e-05 1.54186e-05 5.25868e-05 -37.911 1 0 0 7.80715e-06 3.0877e-06 8.34671e-07
7690 175.391 0.0102734 2.07501e-05 1.67165e-05 1.75833e-06 2.27527e-06 5.9086e-11 0.00197953 0.274837 2.28166 1.4517 2.31363 2.24704 0.93713 -8.36229 11.2352 11.5681 4.68565 0 -9.26241e-05 1.53076e-05 5.27061e-05 -37.911 1 0 0 7.82335e-06 3.09897e-06 8.36743e-07
7695 175.441 0.00976994 2.07693e-05 1.67331e-05 1.76094e-06 2.27524e-06 5.91328e-11 0.00197953 0.274838 2.28166 1.4517 2.31363 2.24704 0.937131 -8.36229 11.2352 11.5681 4.68565 0 -9.26706e-05 1.52011e-05 5.28197e-05 -37.911 1 0 0 7.83884e-06 3.10974e-06 8.38728e-07
7700 175.488 0.00929111 2.07877e-05 1.6749e-05 1.76342e-06 2.27524e-06 5.91757e-11 0.00197953 0.274838 2.28166 1.4517 2.31363 2.24704 0.937131 -8.36228 11.2352 11.5681 4.68565 0 -9.27141e-05 1.50989e-05 5.2928e-05 -37.911 1 0 0 7.85366e-06 3.12001e-06 8.40629e-07
7705 175.533 0.00883575 2.08053e-05 1.67642e-05 1.7658e-06 2.27525e-06 5.92153e-11 0.00197953 0.274837 2.28166 1.4517 2.31363 2.24704 0.937132 -8.36228 11.2352 11.5681 4.68565 0 -9.27548e-05 1.50009e-05 5.30312e-05 -37.911 1 0 0 7.86783e-06 3.12982e-06 8.4245e-07
7710 175.576 0.00840271 2.08221e-05 1.67787e-05 1.76806e-06 2.27527e-06 5.92519e-11 0.00197953 0.274837 2.28166 1.4517 2.31363 2.24704 0.937132 -8.36228 11.2352 11.5681 4.68566 0 -9.27929e-05 1.49069e-05 5.31294e-05 -37.911 1 0 0 7.88136e-06 3.13918e-06 8.44192e-07
7715 175.617 0.0079909 2.08382e-05 1.67926e-05 1.77021e-06 2.27531e-06 5.92859e-11 0.00197953 0.274837 2.28166 1.4517 2.31363 2.24703 0.937132 -8.36228 11.2352 11.5681 4.68566 0 -9.28285e-05 1.48167e-05 5.32228e-05 -37.9109 1 0 0 7.89429e-06 3.14811e-06 8.45859e-07
7720 175.656 0.00759926 2.08535e-05 1.68059e-05 1.77227e-06 2.27536e-06 5.93178e-11 0.00197953 0.274837 2.28166 1.4517 2.31363 2.24703 0.937133 -8.36227 11.2352 11.5681 4.68566 0 -9.28617e-05 1.47301e-05 5.33118e-05 -37.9109 1 0 0 7.90665e-06 3.15663e-06 8.47453e-07
7725 175.692 0.00722683 2.08682e-05 1.68186e-05 1.77423e-06 2.27542e-06 5.93475e-11 0.00197953 0.274837 2.28166 1.4517 2.31363 2.24703 0.937133 -8.36227 11.2352 11.5681 4.68566 0 -9.28927e-05 1.46472e-05 5.33964e-05 -37.9109 1 0 0 7.91844e-06 3.16476e-06 8.48977e-07
7730 175.728 0.00687264 2.08823e-05 1.68307e-05 1.7761e-06 2.27548e-06 5.93755e-11 0.00197953 0.274837 2.28166 1.4517 2.31363 2.24703 0.937134 -8.36227 11.2352 11.5681 4.68566 0 -9.29215e-05 1.45675e-05 5.34768e-05 -37.9109 1 0 0 7.9297e-06 3.17252e-06 8.50434e-07
7735 175.761 0.00653581 2.08957e-05 1.68423e-05 1.77788e-06 2.27556e-06 5.94018e-11 0.00197953 0.274837 2.28166 1.4517 2.31363 2.24703 0.937134 -8.36227 11.2352 11.5681 4.68567 0 -9.29482e-05 1.44911e-05 5.35533e-05 -37.9109 1 0 0 7.94045e-06 3.17992e-06 8.51827e-07
7740 175.793 0.00621549 2.09085e-05 1.68533e-05 1.77958e-06 2.27563e-06 5.94266e-11 0.00197953 0.274837 2.28166 1.4517 2.31363 2.24703 0.937134 -8.36226 11.2352 11.5681 4.68567 0 -9.29728e-05 1.44178e-05 5.36259e-05 -37.9109 1 0 0 7.95071e-06 3.18698e-06 8.53157e-07
7745 175.823 0.00591087 2.09207e-05 1.68638e-05 1.78119e-06 2.27571e-06 5.945e-11 0.00197953 0.274837 2.28166 1.4517 2.31363 2.24703 0.937135 -8.36226 11.2352 11.5681 4.68567 0 -9.29955e-05 1.43473e-05 5.36949e-05 -37.9109 1 0 0 7.96049e-06 3.19371e-06 8.54427e-07
7750 175.851 0.00562118 2.09324e-05 1.68739e-05 1.78274e-06 2.27579e-06 5.94722e-11 0.00197953 0.274837 2.28166 1.4517 2.31363 2.24703 0.937135 -8.36226 11.2352 11.5681 4.68567 0 -9.30163e-05 1.42796e-05 5.37604e-05 -37.9109 1 0 0 7.96983e-06 3.20013e-06 8.5564e-07
7755 175.879 0.00534569 2.09435e-05 1.68835e-05 1.78421e-06 2.27588e-06 5.94934e-11 0.00197953 0.274838 2.28166 1.4517 2.31363 2.24703 0.937135 -8.36226 11.2352 11.5681 4.68567 0 -9.30351e-05 1.42145e-05 5.38224e-05 -37.9109 1 0 0 7.97873e-06 3.20625e-06 8.56799e-07
7760 175.905 0.00508369 2.09542e-05 1.68926e-05 1.78561e-06 2.27596e-06 5.95135e-11 0.00197953 0.274838 2.28166 1.4517 2.31363 2.24703 0.937136 -8.36226 11.2352 11.5681 4.68567 0 -9.30521e-05 1.41519e-05 5.38812e-05 -37.9109 1 0 0 7.98722e-06 3.21208e-06 8.57904e-07
7765 175.929 0.00483454 2.09643e-05 1.69013e-05 1.78694e-06 2.27605e-06 5.95327e-11 0.00197953 0.274838 2.28166 1.4517 2.31363 2.24703 0.937136 -8.36226 11.2352 11.5681 4.68567 0 -9.30673e-05 1.40916e-05 5.39368e-05 -37.9109 1 0 0 7.99532e-06 3.21765e-06 8.58959e-07
7770 175.953 0.0045976 2.0974e-05 1.69096e-05 1.78822e-06 2.27613e-06 5.95509e-11 0.00197953 0.274838 2.28166 1.4517 2.31363 2.24703 0.937136 -8.36225 11.2352 11.5681 4.68568 0 -9.30806e-05 1.40334e-05 5.39894e-05 -37.9109 1 0 0 8.00304e-06 3.22295e-06 8.59966e-07
7775 175.975 0.00437227 2.09832e-05 1.69176e-05 1.78943e-06 2.27622e-06 5.95685e-11 0.00197953 0.274838 2.28166 1.4517 2.31363 2.24703 0.937136 -8.36225 11.2352 11.5681 4.68568 0 -9.30921e-05 1.39772e-05 5.4039e-05 -37.9108 1 0 0 8.0104e-06 3.228e-06 8.60927e-07
7780 175.996 0.00415799 2.0992e-05 1.69251e-05 1.79058e-06 2.2763e-06 5.95853e-11 0.00197953 0.274838 2.28166 1.4517 2.31363 2.24703 0.937137 -8.36225 11.2352 11.5681 4.68568 0 -9.31018e-05 1.39229e-05 5.40858e-05 -37.9108 1 0 0 8.01741e-06 3.23282e-06 8.61843e-07
7785 176.016 0.00395421 2.10004e-05 1.69323e-05 1.79168e-06 2.27639e-06 5.96016e-11 0.00197953 0.274838 2.28166 1.4517 2.31363 2.24703 0.937137 -8.36225 11.2352 11.5682 4.68568 0 -9.31095e-05 1.38703e-05 5.41298e-05 -37.9108 1 0 0 8.0241e-06 3.23741e-06 8.62717e-07
7790 176.036 0.00376041 2.10084e-05 1.69392e-05 1.79273e-06 2.27647e-06 5.96173e-11 0.00197953 0.274838 2.28166 1.4517 2.31363 2.24703 0.937137 -8.36225 11.2352 11.5682 4.68568 0 -9.31154e-05 1.38193e-05 5.41711e-05 -37.9108 1 0 0 8.03047e-06 3.24178e-06 8.6355e-07
7795 176.054 0.00357611 2.1016e-05 1.69457e-05 1.79373e-06 2.27655e-06 5.96325e-11 0.00197953 0.274838 2.28166 1.4517 2.31363 2.24703 0.937137 -8.36225 11.2352 11.5682 4.68568 0 -9.31193e-05 1.37697e-05 5.42098e-05 -37.9108 1 0 0 8.03654e-06 3.24594e-06 8.64345e-07
7800 176.071 0.00340085 2.10233e-05 1.69519e-05 1.79468e-06 2.27664e-06 5.96463e-11 0.00197953 0.274837 2.28166 1.4517 2.31363 2.24703 0.937137 -8.36225 11.2351 11.5682 4.68568 0 -9.31209e-05 1.37211e-05 5.4246e-05 -37.9108 1 0 0 8.04232e-06 3.24991e-06 8.65103e-07
7805 176.088 0.00323417 2.10302e-05 1.69579e-05 1.79559e-06 2.27671e-06 5.96609e-11 0.00197953 0.274837 2.28166 1.4517 2.31363 2.24703 0.937138 -8.36225 11.2351 11.5682 4.68568 0 -9.31207e-05 1.36739e-05 5.42796e-05 -37.9108 1 0 0 8.04783e-06 3.25369e-06 8.65825e-07
7810 176.103 0.00307567 2.10368e-05 1.69635e-05 1.79645e-06 2.27679e-06 5.96751e-11 0.00197953 0.274838 2.28166 1.4517 2.31363 2.24703 0.937138 -8.36225 11.2351 11.5682 4.68568 0 -9.31183e-05 1.36275e-05 5.43107e-05 -37.9108 1 0 0 8.05308e-06 3.25729e-06 8.66514e-07
7815 176.118 0.00292493 2.10431e-05 1.69689e-05 1.79727e-06 2.27687e-06 5.9689e-11 0.00197953 0.274838 2.28166 1.4517 2.31363 2.24703 0.937138 -8.36224 11.2351 11.5682 4.68568 0 -9.31136e-05 1.3582e-05 5.43394e-05 -37.9108 1 0 0 8.05808e-06 3.26072e-06 8.6717e-07
7820 176.133 0.00278158 2.10491e-05 1.69741e-05 1.79805e-06 2.27694e-06 5.97027e-11 0.00197953 0.274837 2.28166 1.4517 2.31363 2.24702 0.937138 -8.36224 11.2351 11.5682 4.68569 0 -9.31065e-05 1.3537e-05 5.43656e-05 -37.9108 1 0 0 8.06284e-06 3.26399e-06 8.67795e-07
7825 176.146 0.00264525 2.10548e-05 1.6979e-05 1.7988e-06 2.27701e-06 5.97163e-11 0.00197953 0.274837 2.28166 1.4517 2.31363 2.24702 0.937138 -8.36224 11.2351 11.5682 4.68569 0 -9.30968e-05 1.34924e-05 5.43894e-05 -37.9108 1 0 0 8.06737e-06 3.2671e-06 8.68391e-07
7830 176.159 0.00251561 2.10602e-05 1.69836e-05 1.79951e-06 2.27708e-06 5.97298e-11 0.00197953 0.274837 2.28166 1.4517 2.31363 2.24702 0.937138 -8.36224 11.2351 11.5682 4.68569 0 -9.30844e-05 1.3448e-05 5.44108e-05 -37.9108 1 0 0 8.07169e-06 3.27006e-06 8.68959e-07
7835 176.171 0.00239232 2.10654e-05 1.6988e-05 1.80018e-06 2.27715e-06 5.97433e-11 0.00197953 0.274838 2.28166 1.4517 2.31363 2.24702 0.937139 -8.36224 11.2351 11.5682 4.68569 0 -9.3069e-05 1.34037e-05 5.44297e-05 -37.9108 1 0 0 8.0758e-06 3.27288e-06 8.695e-07
7840 176.183 0.00227507 2.10703e-05 1.69923e-05 1.80082e-06 2.27721e-06 5.97568e-11 0.00197953 0.274838 2.28166 1.4517 2.31363 2.24702 0.937139 -8.36224 11.2351 11.5682 4.68569 0 -9.30506e-05 1.33591e-05 5.44462e-05 -37.9108 1 0 0 8.07972e-06 3.27557e-06 8.70016e-07
7845 176.194 0.00216357 2.1075e-05 1.69963e-05 1.80144e-06 2.27728e-06 5.97705e-11 0.00197953 0.274837 2.28166 1.4517 2.31363 2.24702 0.937139 -8.36224 11.2351 11.5682 4.68569 0 -9.30288e-05 1.33142e-05 5.44602e-05 -37.9108 1 0 0 8.08344e-06 3.27813e-06 8.70507e-07
7850 176.204 0.00205753 2.10795e-05 1.70001e-05 1.80202e-06 2.27734e-06 5.97844e-11 0.00197953 0.274838 2.28166 1.4517 2.31363 2.24702 0.937139 -8.36224 11.2351 11.5682 4.68569 0 -9.30033e-05 1.32687e-05 5.44716e-05 -37.9108 1 0 0 8.08699e-06 3.28056e-06 8.70974e-07
7855 176.214 0.00195669 2.10837e-05 1.70038e-05 1.80257e-06 2.2774e-06 5.97987e-11 0.00197953 0.274838 2.28166 1.4517 2.31363 2.24702 0.937139 -8.36224 11.2351 11.5682 4.68569 0 -9.2974e-05 1.32223e-05 5.44803e-05 -37.9108 1 0 0 8.09037e-06 3.28288e-06 8.7142e-07
7860 176.224 0.0018608 2.10878e-05 1.70072e-05 1.8031e-06 2.27746e-06 5.98133e-11 0.00197953 0.274837 2.28166 1.4517 2.31363 2.24702 0.937139 -8.36224 11.2351 11.5682 4.68569 0 -9.29404e-05 1.31747e-05 5.44864e-05 -37.9108 1 0 0 8.09359e-06 3.28509e-06 8.71845e-07
7865 176.233 0.0017696 2.10917e-05 1.70105e-05 1.80361e-06 2.27751e-06 5.98284e-11 0.00197953 0.274838 2.28166 1.4517 2.31363 2.24702 0.937139 -8.36224 11.2351 11.5682 4.68569 0 -9.29022e-05 1.31256e-05 5.44896e-05 -37.9108 1 0 0 8.09665e-06 3.28719e-06 8.72249e-07
7870 176.241 0.00168287 2.10953e-05 1.70137e-05 1.80408e-06 2.27757e-06 5.9844e-11 0.00197953 0.274838 2.28166 1.4517 2.31363 2.24702 0.937139 -8.36224 11.2351 11.5682 4.68569 0 -9.28589e-05 1.30749e-05 5.44899e-05 -37.9108 1 0 0 8.09956e-06 3.28919e-06 8.72634e-07
7875 176.249 0.00160039 2.10989e-05 1.70167e-05 1.80454e-06 2.27762e-06 5.98603e-11 0.00197953 0.274837 2.28166 1.4517 2.31363 2.24702 0.937139 -8.36224 11.2351 11.5682 4.68569 0 -9.28102e-05 1.3022e-05 5.4487e-05 -37.9108 1 0 0 8.10234e-06 3.29109e-06 8.73001e-07
7880 176.257 0.00152196 2.11022e-05 1.70195e-05 1.80497e-06 2.27767e-06 5.98773e-11 0.00197953 0.274837 2.28166 1.4517 2.31363 2.24702 0.937139 -8.36224 11.2351 11.5682 4.68569 0 -9.27555e-05 1.29668e-05 5.4481e-05 -37.9108 1 0 0 8.10498e-06 3.2929e-06 8.7335e-07
7885 176.265 0.00144737 2.11054e-05 1.70223e-05 1.80539e-06 2.27773e-06 5.98952e-11 0.00197953 0.274837 2.28166 1.4517 2.31363 2.24702 0.93714 -8.36224 11.2351 11.5682 4.68569 0 -9.26942e-05 1.29087e-05 5.44714e-05 -37.9108 1 0 0 8.10749e-06 3.29463e-06 8.73683e-07
7890 176.272 0.00137643 2.11084e-05 1.70249e-05 1.80578e-06 2.27777e-06 5.99141e-11 0.00197953 0.274838 2.28166 1.4517 2.31363 2.24702 0.93714 -8.36224 11.2351 11.5682 4.68569 0 -9.26257e-05 1.28473e-05 5.44582e-05 -37.9108 1 0 0 8.10988e-06 3.29627e-06 8.74e-07
7895 176.278 0.00130897 2.11113e-05 1.70273e-05 1.80615e-06 2.27782e-06 5.99342e-11 0.00197953 0.274837 2.28166 1.4517 2.31363 2.24702 0.93714 -8.36224 11.2351 11.5682 4.68569 0 -9.25493e-05 1.27822e-05 5.44412e-05 -37.9108 1 0 0 8.11215e-06 3.29783e-06 8.74302e-07
7900 176.285 0.00124482 2.1114e-05 1.70297e-05 1.80651e-06 2.27787e-06 5.99555e-11 0.00197953 0.274838 2.28166 1.4517 2.31363 2.24702 0.93714 -8.36224 11.2351 11.5682 4.68569 0 -9.24643e-05 1.27128e-05 5.44199e-05 -37.9108 1 0 0 8.11432e-06 3.29932e-06 8.74589e-07
7905 176.291 0.00118381 2.11167e-05 1.70319e-05 1.80685e-06 2.27791e-06 5.99782e-11 0.00197953 0.274837 2.28166 1.4517 2.31363 2.24702 0.93714 -8.36223 11.2351 11.5682 4.68569 0 -9.23697e-05 1.26387e-05 5.43941e-05 -37.9108 1 0 0 8.11638e-06 3.30073e-06 8.74863e-07
7910 176.296 0.00112579 2.11192e-05 1.7034e-05 1.80717e-06 2.27796e-06 6.00025e-11 0.00197953 0.274837 2.28166 1.4517 2.31363 2.24702 0.93714 -8.36223 11.2351 11.5682 4.68569 0 -9.22647e-05 1.25591e-05 5.43635e-05 -37.9108 1 0 0 8.11834e-06 3.30208e-06 8.75124e-07
7915 176.302 0.00107062 2.11215e-05 1.7036e-05 1.80748e-06 2.278e-06 6.00286e-11 0.00197953 0.274838 2.28166 1.4517 2.31363 2.24702 0.93714 -8.36223 11.2351 11.5682 4.68569 0 -9.21482e-05 1.24734e-05 5.43276e-05 -37.9108 1 0 0 8.12021e-06 3.30336e-06 8.75372e-07
7920 176.307 0.00101815 2.11238e-05 1.7038e-05 1.80777e-06 2.27804e-06 6.00567e-11 0.00197953 0.274837 2.28166 1.4517 2.31363 2.24702 0.93714 -8.36223 11.2351 11.5682 4.68569 0 -9.2019e-05 1.23809e-05 5.42861e-05 -37.9108 1 0 0 8.12198e-06 3.30458e-06 8.75609e-07
7925 176.312 0.000968248 2.1126e-05 1.70398e-05 1.80805e-06 2.27809e-06 6.00838e-11 0.00197953 0.274837 2.28166 1.4517 2.31363 2.24702 0.93714 -8.36223 11.2351 11.5682 4.6857 0 -9.18732e-05 1.22787e-05 5.42397e-05 -37.9108 1 0 0 8.12367e-06 3.30574e-06 8.75835e-07
7930 176.317 0.000920794 2.1128e-05 1.70416e-05 1.80831e-06 2.27813e-06 6.01186e-11 0.00197953 0.274838 2.28166 1.4517 2.31363 2.24702 0.93714 -8.36223 11.2351 11.5682 4.6857 0 -9.17149e-05 1.21703e-05 5.41853e-05 -37.9108 1 0 0 8.12528e-06 3.30684e-06 8.76049e-07
7935 176.321 0.000875666 2.113e-05 1.70432e-05 1.80857e-06 2.27817e-06 6.01543e-11 0.00197953 0.274837 2.28166 1.4517 2.31363 2.24702 0.93714 -8.36223 11.2351 11.5682 4.6857 0 -9.15395e-05 1.20521e-05 5.41236e-05 -37.9108 1 0 0 8.12681e-06 3.3079e-06 8.76254e-07
7940 176.325 0.000832749 2.11318e-05 1.70448e-05 1.80881e-06 2.27821e-06 6.01929e-11 0.00197953 0.274838 2.28166 1.4517 2.31363 2.24702 0.93714 -8.36223 11.2351 11.5682 4.6857 0 -9.13453e-05 1.19233e-05 5.4054e-05 -37.9108 1 0 0 8.12826e-06 3.3089e-06 8.76448e-07
7945 176.33 0.000791936 2.11336e-05 1.70463e-05 1.80903e-06 2.27825e-06 6.02348e-11 0.00197953 0.274838 2.28166 1.4517 2.31363 2.24702 0.93714 -8.36223 11.2351 11.5682 4.6857 0 -9.11304e-05 1.17826e-05 5.39756e-05 -37.9108 1 0 0 8.12964e-06 3.30985e-06 8.76634e-07
7950 176.333 0.000753124 2.11353e-05 1.70478e-05 1.80925e-06 2.27828e-06 6.02803e-11 0.00197953 0.274837 2.28166 1.4517 2.31363 2.24702 0.93714 -8.36223 11.2351 11.5682 4.6857 0 -9.08928e-05 1.16288e-05 5.38877e-05 -37.9108 1 0 0 8.13096e-06 3.31076e-06 8.76811e-07
7955 176.337 0.000716213 2.11369e-05 1.70491e-05 1.80946e-06 2.27832e-06 6.03297e-11 0.00197953 0.274837 2.28166 1.4517 2.31363 2.24702 0.93714 -8.36223 11.2351 11.5682 4.6857 0 -9.063e-05 1.14603e-05 5.37893e-05 -37.9107 1 0 0 8.13221e-06 3.31162e-06 8.76979e-07
7960 176.34 0.000681112 2.11385e-05 1.70505e-05 1.80966e-06 2.27836e-06 6.03836e-11 0.00197953 0.274838 2.28166 1.4517 2.31363 2.24702 0.93714 -8.36223 11.2351 11.5682 4.6857 0 -9.03394e-05 1.12756e-05 5.36795e-05 -37.9107 1 0 0 8.1334e-06 3.31244e-06 8.77139e-07
7965 176.344 0.00064773 2.11399e-05 1.70517e-05 1.80984e-06 2.2784e-06 6.04423e-11 0.00197953 0.274838 2.28166 1.4517 2.31363 2.24702 0.93714 -8.36223 11.2351 11.5682 4.6857 0 -9.00182e-05 1.10728e-05 5.35572e-05 -37.9107 1 0 0 8.13454e-06 3.31323e-06 8.77292e-07
7970 176.347 0.000615985 2.11413e-05 1.70529e-05 1.81002e-06 2.27843e-06 6.05063e-11 0.00197953 0.274838 2.28166 1.4517 2.31363 2.24702 0.93714 -8.36223 11.2351 11.5682 4.6857 0 -8.96632e-05 1.085e-05 5.3421e-05 -37.9107 1 0 0 8.13561e-06 3.31397e-06 8.77438e-07
7975 176.35 0.000585796 2.11427e-05 1.7054e-05 1.81019e-06 2.27847e-06 6.05761e-11 0.00197953 0.274837 2.28166 1.4517 2.31363 2.24702 0.93714 -8.36223 11.2351 11.5682 4.6857 0 -8.92708e-05 1.06049e-05 5.32697e-05 -37.9107 1 0 0 8.13664e-06 3.31468e-06 8.77576e-07
7980 176.353 0.000557086 2.1144e-05 1.70551e-05 1.81036e-06 2.2785e-06 6.06524e-11 0.00197953 0.274838 2.28166 1.4517 2.31363 2.24702 0.937141 -8.36223 11.2351 11.5682 4.6857 0 -8.88372e-05 1.03353e-05 5.31017e-05 -37.9107 1 0 0 8.13761e-06 3.31536e-06 8.77709e-07
7985 176.355 0.000529783 2.11452e-05 1.70561e-05 1.81051e-06 2.27854e-06 6.07357e-11 0.00197953 0.274837 2.28166 1.4517 2.31363 2.24702 0.937141 -8.36223 11.2351 11.5682 4.6857 0 -8.83579e-05 1.00383e-05 5.29154e-05 -37.9107 1 0 0 8.13854e-06 3.316e-06 8.77835e-07
7990 176.358 0.000503818 2.11464e-05 1.70571e-05 1.81066e-06 2.27858e-06 6.08267e-11 0.00197953 0.274837 2.28166 1.4517 2.31363 2.24702 0.937141 -8.36223 11.2351 11.5682 4.6857 0 -8.78282e-05 9.71113e-06 5.27089e-05 -37.9107 1 0 0 8.13942e-06 3.31662e-06 8.77955e-07
7995 176.36 0.000479126 2.11475e-05 1.70581e-05 1.8108e-06 2.27861e-06 6.09263e-11 0.00197953 0.274838 2.28166 1.4517 2.31363 2.24702 0.937141 -8.36223 11.2351 11.5682 4.6857 0 -8.72429e-05 9.35038e-06 5.24802e-05 -37.9107 1 0 0 8.14026e-06 3.3172e-06 8.7807e-07
8000 176.363 0.000455644 2.11485e-05 1.7059e-05 1.81093e-06 2.27865e-06 6.10352e-11 0.00197953 0.274837 2.28166 1.4517 2.31363 2.24702 0.937141 -8.36223 11.2351 11.5682 4.6857 0 -8.6596e-05 8.95245e-06 5.2227e-05 -37.9107 1 0 0 8.14106e-06 3.31776e-06 8.78179e-07
8005 176.365 0.000433313 3.72723e-05 2.39039e-05 9.73962e-06 3.62885e-06 0.00290138 0.00197882 0.274563 2.28057 1.4517 2.31248 2.24599 0.937264 -8.32162 11.2376 11.571 4.68585 0 -2.97667 -3.26917 0.352109 -37.7578 1 0 0 0.000199229 0.000272064 4.61939e-06
8010 176.367 0.000412077 0.000102906 5.08277e-05 3.92858e-05 1.27921e-05 0.00332896 0.00197793 0.274219 2.2792 1.4517 2.31105 2.24468 0.937418 -8.28498 11.2438 11.5778 4.68586 0 -3.14097 -3.42993 0.368241 -37.6277 1 0 0 0.000934447 0.00123521 1.97367e-05
8015 176.369 0.000391881 0.000212218 9.4853e-05 8.70774e-05 3.02879e-05 0.00371225 0.00197703 0.273876 2.27783 1.4517 2.30963 2.24338 0.937571 -8.24999 11.2498 11.5843 4.68589 0 -3.3078 -3.6063 0.386558 -37.5048 1 0 0 0.00214164 0.00274279 4.60574e-05
8020 176.371 0.000372675 0.000360026 0.000153539 0.000150357 5.61299e-05 0.00412412 0.00197614 0.273532 2.27646 1.4517 2.3082 2.24207 0.937724 -8.21625 11.2556 11.5906 4.68593 0 -3.48246 -3.79303 0.406185 -37.3874 1 0 0 0.00375342 0.00468429 8.29251e-05
8025 176.373 0.00035441 0.000542645 0.000225113 0.000227192 9.03396e-05 0.00457761 0.00197525 0.273188 2.27509 1.4517 2.30678 2.24076 0.937877 -8.18354 11.2612 11.5967 4.68598 0 -3.66591 -3.98997 0.427033 -37.2745 1 0 0 0.00572015 0.00698792 0.000129751
8030 176.375 0.00033704 0.000757465 0.000308284 0.00031624 0.000132941 0.00507835 0.00197436 0.272845 2.27372 1.4517 2.30536 2.23945 0.93803 -8.15165 11.2666 11.6026 4.68604 0 -3.85871 -4.19752 0.449118 -37.1652 1 0 0 0.0080055 0.00960729 0.000186026
8035 176.376 0.000320522 0.00100266 0.00040213 0.000416575 0.000183957 0.00563146 0.00197346 0.272501 2.27235 1.4517 2.30394 2.23815 0.938184 -8.12044 11.272 11.6084 4.6861 0 -4.06139 -4.41618 0.472478 -37.0588 1 0 0 0.0105832 0.0125129 0.00025132
8040 176.378 0.000304813 0.00127699 0.000506003 0.000527579 0.000243412 0.00624239 0.00197257 0.272158 2.27099 1.4517 2.30251 2.23684 0.938337 -8.08977 11.2772 11.6141 4.68618 0 -4.27448 -4.64649 0.497157 -36.9546 1 0 0 0.0134347 0.015687 0.000325277
8045 176.379 0.000289874 0.00157966 0.000619473 0.000648862 0.000311327 0.00691721 0.00197168 0.271814 2.26962 1.4517 2.30109 2.23553 0.938491 -8.05952 11.2823 11.6196 4.68626 0 -4.49856 -4.88903 0.523209 -36.8523 1 0 0 0.0165472 0.0191194 0.000407609
8050 176.381 0.000275668 0.0019102 0.000742274 0.000780203 0.000387724 0.00766258 0.00197078 0.271471 2.26825 1.4517 2.29967 2.23422 0.938645 -8.02962 11.2873 11.6251 4.68635 0 -4.73421 -5.14442 0.550695 -36.7513 1 0 0 0.0199129 0.0228061 0.000498096
8055 176.382 0.000262157 0.00226841 0.000874271 0.000921511 0.000472627 0.00848587 0.00196989 0.271127 2.26688 1.4517 2.29825 2.23291 0.938799 -7.99996 11.2923 11.6305 4.68644 0 -4.98205 -5.41331 0.579678 -36.6513 1 0 0 0.0235271 0.0267466 0.00059657
8060 176.383 0.000249309 0.00265429 0.00101543 0.0010728 0.000566057 0.00939525 0.00196899 0.270784 2.26551 1.4517 2.29683 2.2316 0.938953 -7.97049 11.2972 11.6358 4.68653 0 -5.24272 -5.69638 0.610231 -36.5519 1 0 0 0.0273885 0.0309436 0.000702916
8065 176.384 0.00023709 0.00306799 0.00116581 0.00123415 0.000668039 0.0103997 0.0019681 0.27044 2.26415 1.4517 2.29541 2.23029 0.939107 -7.94114 11.302 11.641 4.68663 0 -5.5169 -5.99439 0.642429 -36.453 1 0 0 0.0314977 0.0354022 0.000817059
8070 176.386 0.00022547 0.00350982 0.00132551 0.00140571 0.000778598 0.0115092 0.00196721 0.270097 2.26278 1.4517 2.29399 2.22899 0.939262 -7.91187 11.3068 11.6463 4.68673 0 -5.80531 -6.30809 0.676354 -36.3543 1 0 0 0.0358571 0.0401288 0.000938963
8075 176.387 0.00021442 0.00398016 0.0014947 0.0015877 0.000897759 0.0127348 0.00196631 0.269753 2.26141 1.4517 2.29256 2.22768 0.939417 -7.88262 11.3116 11.6515 4.68684 0 -6.1087 -6.6383 0.712094 -36.2555 1 0 0 0.0404709 0.0451313 0.00106862
8080 176.388 0.000203911 0.00447948 0.0016736 0.00178033 0.00102555 0.0140885 0.00196542 0.269409 2.26004 1.4517 2.29114 2.22637 0.939572 -7.85336 11.3164 11.6567 4.68694 0 -6.42784 -6.98589 0.749741 -36.1564 1 0 0 0.0453439 0.0504185 0.00120605
8085 176.389 0.000193918 0.00500832 0.00186243 0.00198389 0.001162 0.0155839 0.00196453 0.269066 2.25867 1.4517 2.28972 2.22506 0.939728 -7.82406 11.3212 11.6618 4.68705 0 -6.76357 -7.35176 0.789393 -36.057 1 0 0 0.0504824 0.0560001 0.00135129
8090 176.39 0.000184414 0.00556729 0.00206148 0.00219868 0.00130713 0.0172356 0.00196363 0.268722 2.2573 1.4517 2.2883 2.22375 0.939884 -7.79467 11.3259 11.667 4.68715 0 -7.11675 -7.73686 0.831153 -35.9571 1 0 0 0.055893 0.0618864 0.00150441
8095 176.391 0.000175376 0.00615701 0.00227103 0.002425 0.00146098 0.0190601 0.00196274 0.268379 2.25594 1.4517 2.28688 2.22244 0.94004 -7.76519 11.3307 11.6722 4.68726 0 -7.48831 -8.14221 0.875131 -35.8565 1 0 0 0.0615832 0.0680882 0.00166548
8100 176.391 0.000166781 0.00677818 0.00249139 0.00266321 0.00162358 0.0210753 0.00196185 0.268035 2.25457 1.4517 2.28546 2.22114 0.940196 -7.73557 11.3354 11.6773 4.68737 0 -7.87919 -8.56887 0.921442 -35.7552 1 0 0 0.0675609 0.0746169 0.00183457
8105 176.392 0.000158607 0.00743148 0.00272289 0.00291364 0.00179496 0.0233013 0.00196095 0.267692 2.2532 1.4517 2.28404 2.21983 0.940352 -7.70581 11.3402 11.6825 4.68748 0 -8.2904 -9.01795 0.970209 -35.653 1 0 0 0.0738343 0.081484 0.00201179
8110 176.393 0.000150833 0.00811767 0.00296586 0.00317667 0.00197514 0.0257601 0.00196006 0.267348 2.25183 1.4517 2.28261 2.21852 0.940509 -7.67588 11.345 11.6877 4.68758 0 -8.72301 -9.49062 1.02156 -35.5498 1 0 0 0.0804121 0.0887016 0.00219724
8115 176.394 0.000143441 0.00883748 0.00322064 0.00345266 0.00216418 0.028476 0.00195917 0.267005 2.25046 1.4517 2.28119 2.21721 0.940666 -7.64576 11.3498 11.693 4.68769 0 -9.17814 -9.98814 1.07563 -35.4456 1 0 0 0.0873031 0.0962819 0.00239102
8120 176.394 0.000136411 0.00959168 0.0034876 0.003742 0.00236208 0.0314758 0.00195827 0.266661 2.2491 1.4517 2.27977 2.21591 0.940824 -7.61544 11.3546 11.6982 4.6878 0 -9.65695 -10.5118 1.13256 -35.3403 1 0 0 0.0945163 0.104237 0.00259326
8125 176.395 0.000129726 0.0103811 0.00376709 0.00404507 0.0025689 0.0347891 0.00195738 0.266318 2.24773 1.4517 2.27835 2.2146 0.940981 -7.58491 11.3595 11.7035 4.6879 0 -10.1607 -11.063 1.19251 -35.2338 1 0 0 0.102061 0.11258 0.00280405
8130 176.396 0.000123368 0.0112064 0.00405947 0.00436227 0.00278467 0.0384487 0.00195649 0.265974 2.24636 1.4517 2.27692 2.21329 0.941139 -7.55415 11.3643 11.7088 4.68801 0 -10.6906 -11.6431 1.25563 -35.126 1 0 0 0.109946 0.121324 0.00302353
8135 176.396 0.000117321 0.0120685 0.00436511 0.004694 0.00300941 0.0424908 0.00195559 0.26563 2.24499 1.4517 2.2755 2.21199 0.941297 -7.52315 11.3693 11.7142 4.68811 0 -11.2482 -12.2537 1.32209 -35.017 1 0 0 0.118182 0.130482 0.00325181
8140 176.397 0.000111572 0.0129682 0.00468438 0.00504065 0.00324317 0.0469552 0.0019547 0.265287 2.24362 1.4517 2.27408 2.21068 0.941456 -7.4919 11.3742 11.7196 4.68821 0 -11.8348 -12.8965 1.39206 -34.9066 1 0 0 0.126776 0.140066 0.00348901
8145 176.397 0.000106103 0.0139063 0.00501765 0.00540263 0.00348598 0.0518859 0.00195381 0.264943 2.24226 1.4517 2.27266 2.20937 0.941614 -7.46039 11.3792 11.725 4.68831 0 -12.4519 -13.5729 1.46573 -34.7948 1 0 0 0.13574 0.15009 0.00373524
8150 176.398 0.000100903 0.0148835 0.00536529 0.00578033 0.00373787 0.0573316 0.00195292 0.2646 2.24089 1.4517 2.27123 2.20807 0.941773 -7.42862 11.3842 11.7305 4.68841 0 -13.1011 -14.285 1.54329 -34.6815 1 0 0 0.145082 0.160567 0.00399062
8155 176.398 9.5958e-05 0.0159007 0.00572767 0.00617416 0.00399888 0.063346 0.00195202 0.264256 2.23952 1.4517 2.26981 2.20676 0.941933 -7.39656 11.3893 11.736 4.6885 0 -13.7841 -15.0345 1.62495 -34.5668 1 0 0 0.154811 0.17151 0.00425528
8160 176.399 9.12551e-05 0.0169587 0.00610515 0.00658453 0.00426905 0.0699884 0.00195113 0.263913 2.23815 1.4517 2.26839 2.20545 0.942092 -7.36423 11.3944 11.7416 4.6886 0 -14.5026 -15.8233 1.71093 -34.4505 1 0 0 0.164938 0.182934 0.00452932
8165 176.399 8.67827e-05 0.0180584 0.00649811 0.00701184 0.00454841 0.0773241 0.00195024 0.263569 2.23678 1.4517 2.26696 2.20415 0.942252 -7.3316 11.3995 11.7472 4.68869 0 -15.2586 -16.6537 1.80145 -34.3326 1 0 0 0.17547 0.19485 0.00481285
8170 176.4 8.25295e-05 0.0192004 0.00690691 0.00745648 0.00483699 0.0854254 0.00194935 0.263226 2.23542 1.4517 2.26554 2.20284 0.942412 -7.29867 11.4047 11.7529 4.68878 0 -16.0539 -17.5277 1.89674 -34.2131 1 0 0 0.186418 0.207273 0.00510599
8175 176.4 7.84847e-05 0.0203856 0.00733191 0.00791885 0.00513484 0.0943719 0.00194845 0.262882 2.23405 1.4517 2.26412 2.20154 0.942572 -7.26544 11.4099 11.7586 4.68887 0 -16.8906 -18.4476 1.99708 -34.092 1 0 0 0.197789 0.220215 0.00540884
8180 176.401 7.46382e-05 0.0216148 0.00777347 0.00839936 0.00544199 0.104252 0.00194756 0.262539 2.23268 1.4517 2.26269 2.20023 0.942733 -7.2319 11.4152 11.7643 4.68896 0 -17.7708 -19.4159 2.1027 -33.9692 1 0 0 0.209594 0.233691 0.0057215
8185 176.401 7.09802e-05 0.0228888 0.00823193 0.00889839 0.00575848 0.115162 0.00194667 0.262195 2.23131 1.4517 2.26127 2.19893 0.942893 -7.19804 11.4205 11.7701 4.68904 0 -18.6968 -20.4351 2.21391 -33.8447 1 0 0 0.221841 0.247713 0.00604407
8190 176.401 6.75014e-05 0.0242083 0.00870766 0.00941633 0.00608433 0.12721 0.00194578 0.261851 2.22995 1.4517 2.25984 2.19763 0.943055 -7.16385 11.4258 11.776 4.68913 0 -19.6709 -21.5079 2.33098 -33.7184 1 0 0 0.234539 0.262294 0.00637665
8195 176.402 6.41932e-05 0.0255742 0.009201 0.00995356 0.0064196 0.140514 0.00194488 0.261508 2.22858 1.4517 2.25842 2.19632 0.943216 -7.12934 11.4312 11.7819 4.68921 0 -20.6957 -22.6371 2.45423 -33.5903 1 0 0 0.247696 0.277449 0.00671934
8200 176.402 6.10471e-05 0.0269871 0.00971229 0.0105105 0.0067643 0.155205 0.00194399 0.261164 2.22721 1.4517 2.25699 2.19502 0.943378 -7.09449 11.4366 11.7879 4.68929 0 -21.7738 -23.8257 2.58398 -33.4605 1 0 0 0.26132 0.293189 0.00707221
8205 176.402 5.80552e-05 0.0284478 0.0102419 0.0110874 0.00711849 0.171427 0.0019431 0.260821 2.22584 1.4517 2.25557 2.19372 0.943539 -7.0593 11.4421 11.7939 4.68937 0 -22.908 -25.0768 2.72058 -33.3287 1 0 0 0.27542 0.309528 0.00743537
8210 176.402 5.52099e-05 0.029957 0.01079 0.0116848 0.0074822 0.189338 0.00194221 0.260477 2.22448 1.4517 2.25414 2.19241 0.943702 -7.02376 11.4476 11.7999 4.68944 0 -24.1011 -26.3937 2.86438 -33.1951 1 0 0 0.290004 0.326479 0.00780888
8215 176.403 5.25041e-05 0.0315156 0.0113571 0.012303 0.00785547 0.209116 0.00194132 0.260134 2.22311 1.4517 2.25272 2.19111 0.943864 -6.98787 11.4532 11.806 4.68951 0 -25.3562 -27.7799 3.01576 -33.0595 1 0 0 0.305079 0.344054 0.00819283
8220 176.403 4.99308e-05 0.0331241 0.0119435 0.0129423 0.00823832 0.230952 0.00194043 0.25979 2.22174 1.4517 2.25129 2.18981 0.944027 -6.95162 11.4588 11.8122 4.68959 0 -26.6765 -29.239 3.17511 -32.922 1 0 0 0.320653 0.362266 0.00858729
8225 176.403 4.74837e-05 0.0347833 0.0125494 0.0136031 0.0086308 0.255063 0.00193954 0.259447 2.22038 1.4517 2.24987 2.18851 0.94419 -6.915 11.4645 11.8184 4.68966 0 -28.0654 -30.7748 3.34287 -32.7825 1 0 0 0.336734 0.381128 0.00899232
8230 176.403 4.51566e-05 0.0364939 0.0131752 0.0142858 0.00903295 0.281683 0.00193864 0.259103 2.21901 1.4517 2.24844 2.18721 0.944353 -6.87801 11.4702 11.8247 4.68972 0 -29.5264 -32.3914 3.51946 -32.641 1 0 0 0.353329 0.400651 0.00940801
8235 176.404 4.29434e-05 0.0382566 0.0138212 0.0149906 0.0094448 0.311074 0.00193775 0.25876 2.21764 1.4517 2.24701 2.18591 0.944517 -6.84063 11.4759 11.831 4.68979 0 -31.0633 -34.093 3.70536 -32.4974 1 0 0 0.370445 0.420849 0.00983441
8240 176.404 4.08388e-05 0.040072 0.0144876 0.0157179 0.00986639 0.343523 0.00193686 0.258416 2.21628 1.4517 2.24559 2.18461 0.94468 -6.80288 11.4817 11.8374 4.68985 0 -32.6799 -35.8841 3.90104 -32.3516 1 0 0 0.388088 0.441733 0.0102716
8245 176.404 3.88373e-05 0.0419407 0.0151748 0.0164682 0.0102978 0.379347 0.00193597 0.258072 2.21491 1.4517 2.24416 2.18331 0.944844 -6.76472 11.4875 11.8438 4.68991 0 -34.3804 -37.7695 4.10702 -32.2038 1 0 0 0.406266 0.463314 0.0107196
8250 176.404 3.69339e-05 0.0438634 0.015883 0.0172415 0.0107389 0.418898 0.00193508 0.257729 2.21354 1.4517 2.24273 2.18201 0.945009 -6.72617 11.4934 11.8502 4.68997 0 -36.1692 -39.754 4.32385 -32.0537 1 0 0 0.424984 0.485605 0.0111784
8255 176.404 3.51237e-05 0.0458408 0.0166124 0.0180384 0.01119 0.462562 0.00193419 0.257385 2.21218 1.4517 2.24131 2.18071 0.945173 -6.6872 11.4993 11.8567 4.69003 0 -38.0507 -41.8429 4.55208 -31.9013 1 0 0 0.44425 0.508618 0.0116482
8260 176.405 3.34023e-05 0.0478733 0.0173635 0.018859 0.0116509 0.510766 0.0019333 0.257042 2.21081 1.4517 2.23988 2.17941 0.945338 -6.64782 11.5053 11.8633 4.69009 0 -40.0298 -44.0418 4.79231 -31.7467 1 0 0 0.464068 0.532362 0.012129
8265 176.405 3.17653e-05 0.0499617 0.0181363 0.0197037 0.0121218 0.563982 0.00193241 0.256698 2.20944 1.4517 2.23845 2.17811 0.945503 -6.60801 11.5113 11.8699 4.69014 0 -42.1115 -46.3563 5.04517 -31.5897 1 0 0 0.484445 0.55685 0.0126208
8270 176.405 3.02085e-05 0.0521065 0.0189311 0.0205728 0.0126026 0.622728 0.00193152 0.256355 2.20808 1.4517 2.23703 2.17681 0.945668 -6.56776 11.5173 11.8766 4.6902 0 -44.301 -48.7926 5.31132 -31.4304 1 0 0 0.505387 0.582091 0.0131236
8275 176.405 3.02085e-05 0.0543049 0.0197469 0.0214646 0.0130934 0.641146 0.00193063 0.256011 2.20671 1.4517 2.2356 2.17552 0.945834 -6.53135 11.5233 11.8832 4.69025 0 -44.8816 -49.2476 5.38216 -31.2891 1 0 0 0.526834 0.607931 0.0136366
8280 176.405 3.02085e-05 0.0565454 0.0205781 0.0223729 0.0135943 0.646445 0.00192974 0.255668 2.20535 1.4517 2.23417 2.17421 0.946001 -6.49627 11.5294 11.8899 4.6903 0 -44.9574 -49.252 5.38675 -31.1539 1 0 0 0.548675 0.634169 0.0141604
8285 176.405 3.02085e-05 0.0588265 0.0214241 0.023297 0.0141055 0.650617 0.00192885 0.255324 2.20398 1.4517 2.23275 2.17291 0.946167 -6.46139 11.5355 11.8966 4.69035 0 -45.0159 -49.2698 5.39017 -31.0194 1 0 0 0.570893 0.660812 0.0146953
8290 176.406 3.02085e-05 0.0611478 0.0222844 0.0242365 0.0146269 0.654061 0.00192796 0.25498 2.20261 1.4517 2.23133 2.17161 0.946333 -6.42667 11.5415 11.9032 4.69041 0 -45.0671 -49.2933 5.39359 -30.8854 1 0 0 0.593479 0.687851 0.0152409
8295 176.406 3.02085e-05 0.0635089 0.023159 0.0251914 0.0151585 0.656971 0.00192707 0.254637 2.20125 1.4517 2.2299 2.17031 0.9465 -6.39209 11.5476 11.9098 4.69046 0 -45.1141 -49.32 5.39721 -30.7519 1 0 0 0.616422 0.715277 0.015797
8300 176.406 3.02085e-05 0.0659093 0.0240477 0.0261613 0.0157003 0.659469 0.00192618 0.254293 2.19988 1.4517 2.22848 2.169 0.946667 -6.35764 11.5536 11.9164 4.69052 0 -45.1584 -49.3489 5.40107 -30.6186 1 0 0 0.639716 0.743079 0.0163632
8305 176.406 3.02085e-05 0.0683488 0.0249502 0.0271462 0.0162524 0.661639 0.00192529 0.25395 2.19852 1.4517 2.22706 2.1677 0.946834 -6.3233 11.5597 11.9231 4.69058 0 -45.2006 -49.3793 5.40515 -30.4857 1 0 0 0.663352 0.771248 0.0169395
8310 176.406 3.02085e-05 0.0708271 0.0258664 0.0281458 0.0168149 0.663544 0.0019244 0.253606 2.19715 1.4517 2.22564 2.1664 0.947001 -6.28906 11.5657 11.9297 4.69064 0 -45.2414 -49.4109 5.40944 -30.353 1 0 0 0.687325 0.799774 0.0175255
8315 176.406 3.02085e-05 0.0733438 0.0267962 0.02916 0.0173877 0.665231 0.00192351 0.253263 2.19578 1.4517 2.22422 2.1651 0.947169 -6.25493 11.5717 11.9362 4.6907 0 -45.2809 -49.4432 5.41391 -30.2205 1 0 0 0.711626 0.828649 0.0181211
8320 176.406 3.02085e-05 0.0758987 0.0277393 0.0301885 0.0179708 0.666739 0.00192262 0.252919 2.19442 1.4517 2.2228 2.16379 0.947336 -6.22089 11.5777 11.9428 4.69076 0 -45.3196 -49.4763 5.41854 -30.0883 1 0 0 0.736251 0.857864 0.0187262
8325 176.407 3.02085e-05 0.0784914 0.0286957 0.0312313 0.0185643 0.668097 0.00192173 0.252576 2.19305 1.4517 2.22138 2.16249 0.947504 -6.18694 11.5837 11.9494 4.69082 0 -45.3574 -49.5098 5.4233 -29.9562 1 0 0 0.761192 0.887409 0.0193406
8330 176.407 3.02085e-05 0.0811216 0.0296651 0.0322882 0.0191683 0.669332 0.00192084 0.252232 2.19169 1.4517 2.21995 2.16118 0.947673 -6.15308 11.5897 11.9559 4.69089 0 -45.3947 -49.5437 5.42818 -29.8243 1 0 0 0.786444 0.917278 0.0199642
8335 176.407 3.02085e-05 0.0837892 0.0306474 0.033359 0.0197828 0.670464 0.00191995 0.251889 2.19032 1.4517 2.21853 2.15988 0.947841 -6.11931 11.5957 11.9625 4.69095 0 -45.4314 -49.5779 5.43317 -29.6926 1 0 0 0.812001 0.947461 0.020597
8340 176.407 3.02085e-05 0.0864938 0.0316426 0.0344435 0.0204077 0.671509 0.00191906 0.251545 2.18896 1.4517 2.21711 2.15858 0.948009 -6.08563 11.6017 11.969 4.69102 0 -45.4676 -49.6124 5.43825 -29.561 1 0 0 0.837859 0.977952 0.0212388
8345 176.407 3.02085e-05 0.0892352 0.0326503 0.0355417 0.0210432 0.672482 0.00191816 0.251201 2.18759 1.4517 2.21569 2.15727 0.948178 -6.05203 11.6077 11.9756 4.69108 0 -45.5035 -49.6471 5.44341 -29.4296 1 0 0 0.86401 1.00874 0.0218895
8350 176.407 3.02085e-05 0.0920131 0.0336706 0.0366533 0.0216892 0.673395 0.00191727 0.250858 2.18623 1.4517 2.21427 2.15597 0.948347 -6.0185 11.6136 11.9821 4.69115 0 -45.539 -49.6819 5.44864 -29.2982 1 0 0 0.890451 1.03983 0.022549
8355 176.407 3.02085e-05 0.0948273 0.0347032 0.0377782 0.0223459 0.674258 0.00191638 0.250514 2.18486 1.4517 2.21285 2.15467 0.948516 -5.98506 11.6196 11.9886 4.69122 0 -45.5743 -49.7169 5.45393 -29.167 1 0 0 0.917175 1.07119 0.0232172
8360 176.408 3.02085e-05 0.0976775 0.0357481 0.0389163 0.0230131 0.675078 0.00191549 0.250171 2.1835 1.4517 2.21143 2.15336 0.948686 -5.9517 11.6255 11.9951 4.69129 0 -45.6093 -49.7519 5.45927 -29.036 1 0 0 0.944179 1.10284 0.0238941
8365 176.408 3.02085e-05 0.100564 0.0368051 0.0400674 0.0236911 0.675863 0.0019146 0.249827 2.18213 1.4517 2.21002 2.15206 0.948856 -5.91841 11.6315 12.0016 4.69136 0 -45.644 -49.787 5.46467 -28.905 1 0 0 0.971457 1.13476 0.0245796
8370 176.408 3.02085e-05 0.103485 0.037874 0.0412315 0.0243798 0.676619 0.00191371 0.249484 2.18077 1.4517 2.2086 2.15076 0.949026 -5.88519 11.6374 12.0081 4.69144 0 -45.6786 -49.8222 5.47011 -28.7742 1 0 0 0.999005 1.16695 0.0252735
8375 176.408 3.02085e-05 0.106442 0.0389548 0.0424082 0.0250792 0.677349 0.00191282 0.24914 2.1794 1.4517 2.20718 2.14945 0.949196 -5.85206 11.6433 12.0145 4.69151 0 -45.713 -49.8574 5.47559 -28.6434 1 0 0 1.02682 1.19939 0.0259759
8380 176.408 3.02085e-05 0.109434 0.0400473 0.0435977 0.0257894 0.678058 0.00191193 0.248797 2.17804 1.4517 2.20576 2.14815 0.949366 -5.81899 11.6493 12.021 4.69159 0 -45.7473 -49.8926 5.48112 -28.5127 1 0 0 1.05489 1.23209 0.0266867
8385 176.408 3.02085e-05 0.112461 0.0411514 0.0447996 0.0265104 0.67875 0.00191104 0.248453 2.17667 1.4517 2.20434 2.14685 0.949537 -5.786 11.6552 12.0274 4.69166 0 -45.7813 -49.9279 5.48667 -28.3822 1 0 0 1.08322 1.26503 0.0274057
8390 176.409 3.02085e-05 0.115523 0.042267 0.0460139 0.0272423 0.679427 0.00191015 0.24811 2.17531 1.4517 2.20292 2.14554 0.949708 -5.75308 11.6611 12.0339 4.69174 0 -45.8153 -49.9631 5.49226 -28.2517 1 0 0 1.1118 1.29822 0.0281329
8395 176.409 3.02085e-05 0.118619 0.0433939 0.0472404 0.027985 0.680091 0.00190926 0.247766 2.17395 1.4517 2.2015 2.14424 0.949879 -5.72023 11.6669 12.0403 4.69182 0 -45.8491 -49.9983 5.49788 -28.1213 1 0 0 1.14062 1.33164 0.0288682
8400 176.409 3.02085e-05 0.12175 0.0445321 0.0484791 0.0287387 0.680745 0.00190837 0.247422 2.17258 1.4517 2.20008 2.14294 0.95005 -5.68745 11.6728 12.0467 4.6919 0 -45.8828 -50.0336 5.50353 -27.991 1 0 0 1.16969 1.36529 0.0296116
8405 176.409 3.02085e-05 0.124915 0.0456814 0.0497298 0.0295034 0.68139 0.00190748 0.247079 2.17122 1.4517 2.19867 2.14163 0.950222 -5.65474 11.6787 12.0532 4.69198 0 -45.9164 -50.0688 5.50921 -27.8608 1 0 0 1.199 1.39917 0.030363
8410 176.409 3.02085e-05 0.128113 0.0468417 0.0509924 0.030279 0.682026 0.00190659 0.246735 2.16985 1.4517 2.19725 2.14033 0.950394 -5.62209 11.6846 12.0596 4.69206 0 -45.9499 -50.104 5.51491 -27.7306 1 0 0 1.22854 1.43326 0.0311224
8415 176.409 3.02085e-05 0.131345 0.0480129 0.0522668 0.0310657 0.682657 0.0019057 0.246392 2.16849 1.4517 2.19583 2.13903 0.950566 -5.58952 11.6904 12.066 4.69214 0 -45.9833 -50.1391 5.52064 -27.6005 1 0 0 1.25831 1.46757 0.0318896
8420 176.409 3.02085e-05 0.134611 0.0491949 0.0535529 0.0318635 0.683281 0.00190481 0.246048 2.16713 1.4517 2.19441 2.13773 0.950738 -5.55701 11.6963 12.0723 4.69223 0 -46.0166 -50.1743 5.52639 -27.4705 1 0 0 1.2883 1.50209 0.0326646
8425 176.41 3.02085e-05 0.137911 0.0503876 0.0548505 0.0326724 0.683901 0.00190392 0.245705 2.16576 1.4517 2.193 2.13642 0.950911 -5.52457 11.7021 12.0787 4.69232 0 -46.0498 -50.2094 5.53216 -27.3405 1 0 0 1.31852 1.53681 0.0334474
8430 176.41 3.02085e-05 0.141243 0.0515909 0.0561595 0.0334925 0.684516 0.00190303 0.245361 2.1644 1.4517 2.19158 2.13512 0.951084 -5.4922 11.7079 12.0851 4.6924 0 -46.0829 -50.2445 5.53796 -27.2106 1 0 0 1.34895 1.57173 0.0342379
8435 176.41 3.02085e-05 0.144608 0.0528046 0.0574799 0.0343237 0.685128 0.00190214 0.245018 2.16304 1.4517 2.19016 2.13382 0.951257 -5.45989 11.7137 12.0915 4.69249 0 -46.1159 -50.2795 5.54378 -27.0807 1 0 0 1.3796 1.60684 0.0350359
8440 176.41 3.02085e-05 0.148006 0.0540287 0.0588116 0.0351662 0.685737 0.00190125 0.244674 2.16167 1.4517 2.18875 2.13252 0.95143 -5.42765 11.7196 12.0978 4.69258 0 -46.1488 -50.3145 5.54962 -26.9509 1 0 0 1.41046 1.64215 0.0358416
8445 176.41 3.02085e-05 0.151437 0.0552631 0.0601543 0.0360199 0.686342 0.00190036 0.244331 2.16031 1.4517 2.18733 2.13121 0.951604 -5.39547 11.7254 12.1041 4.69267 0 -46.1817 -50.3495 5.55548 -26.8212 1 0 0 1.44152 1.67764 0.0366547
8450 176.41 3.02085e-05 0.154901 0.0565076 0.0615081 0.0368849 0.686945 0.00189947 0.243987 2.15895 1.4517 2.18591 2.12991 0.951778 -5.36336 11.7312 12.1105 4.69276 0 -46.2144 -50.3844 5.56136 -26.6915 1 0 0 1.47279 1.71331 0.0374753
8455 176.41 3.02085e-05 0.158396 0.0577622 0.0628729 0.0377613 0.687545 0.00189858 0.243643 2.15759 1.4517 2.1845 2.12861 0.951952 -5.33131 11.7369 12.1168 4.69285 0 -46.2471 -50.4193 5.56726 -26.5618 1 0 0 1.50425 1.74916 0.0383032
8460 176.411 3.02085e-05 0.161924 0.0590268 0.0642484 0.0386491 0.688144 0.00189769 0.2433 2.15622 1.4517 2.18308 2.12731 0.952126 -5.29932 11.7427 12.1231 4.69295 0 -46.2796 -50.4542 5.57317 -26.4322 1 0 0 1.53591 1.78519 0.0391385
8465 176.411 3.02085e-05 0.165484 0.0603012 0.0656348 0.0395483 0.68874 0.0018968 0.242956 2.15486 1.4517 2.18167 2.12601 0.952301 -5.26739 11.7485 12.1294 4.69304 0 -46.3121 -50.489 5.57911 -26.3026 1 0 0 1.56776 1.82138 0.039981
8470 176.411 3.02085e-05 0.169076 0.0615854 0.0670317 0.040459 0.689335 0.00189591 0.242613 2.1535 1.4517 2.18025 2.12471 0.952476 -5.23552 11.7542 12.1357 4.69314 0 -46.3445 -50.5237 5.58507 -26.1731 1 0 0 1.5998 1.85773 0.0408308
8475 176.411 3.02085e-05 0.1727 0.0628792 0.0684392 0.0413811 0.689927 0.00189502 0.242269 2.15214 1.4517 2.17883 2.1234 0.952651 -5.20372 11.76 12.142 4.69324 0 -46.3769 -50.5584 5.59104 -26.0436 1 0 0 1.63202 1.89425 0.0416876
8480 176.411 3.02085e-05 0.176355 0.0641827 0.0698572 0.0423148 0.690518 0.00189413 0.241926 2.15078 1.4517 2.17742 2.1221 0.952826 -5.17198 11.7657 12.1483 4.69334 0 -46.4091 -50.5931 5.59703 -25.9141 1 0 0 1.66442 1.93092 0.0425516
8485 176.411 3.02085e-05 0.180041 0.0654956 0.0712855 0.0432601 0.691108 0.00189324 0.241582 2.14941 1.4517 2.176 2.1208 0.953002 -5.14029 11.7715 12.1545 4.69344 0 -46.4413 -50.6277 5.60304 -25.7847 1 0 0 1.697 1.96775 0.0434226
8490 176.412 3.02085e-05 0.183759 0.066818 0.0727242 0.044217 0.691696 0.00189235 0.241239 2.14805 1.4517 2.17459 2.1195 0.953178 -5.10867 11.7772 12.1608 4.69354 0 -46.4733 -50.6623 5.60906 -25.6553 1 0 0 1.72976 2.00472 0.0443006
8495 176.412 3.02085e-05 0.187508 0.0681497 0.074173 0.0451856 0.692282 0.00189147 0.240895 2.14669 1.4517 2.17317 2.1182 0.953354 -5.07711 11.7829 12.167 4.69364 0 -46.5053 -50.6968 5.6151 -25.5259 1 0 0 1.76268 2.04185 0.0451854
8500 176.412 3.02085e-05 0.191288 0.0694906 0.0756319 0.0461658 0.692868 0.00189058 0.240552 2.14533 1.4517 2.17176 2.1169 0.95353 -5.0456 11.7886 12.1733 4.69374 0 -46.5372 -50.7313 5.62116 -25.3965 1 0 0 1.79577 2.07911 0.0460772
8505 176.412 3.02085e-05 0.195099 0.0708406 0.0771009 0.0471578 0.693451 0.00188969 0.240208 2.14397 1.4517 2.17035 2.1156 0.953707 -5.01415 11.7943 12.1795 4.69385 0 -46.569 -50.7657 5.62723 -25.2671 1 0 0 1.82902 2.11651 0.0469758
8510 176.412 3.02085e-05 0.198941 0.0721997 0.0785798 0.0481616 0.694033 0.0018888 0.239864 2.14261 1.4517 2.16893 2.1143 0.953884 -4.98276 11.8 12.1857 4.69395 0 -46.6007 -50.8 5.63332 -25.1378 1 0 0 1.86244 2.15405 0.0478811
8515 176.412 3.02085e-05 0.202813 0.0735677 0.0800686 0.0491771 0.694614 0.00188791 0.239521 2.14125 1.4517 2.16752 2.113 0.954061 -4.95143 11.8057 12.1919 4.69406 0 -46.6324 -50.8343 5.63943 -25.0085 1 0 0 1.89601 2.19173 0.0487931
8520 176.412 3.02085e-05 0.206716 0.0749447 0.0815671 0.0502046 0.695194 0.00188702 0.239177 2.13989 1.4517 2.1661 2.1117 0.954238 -4.92015 11.8113 12.1981 4.69417 0 -46.6639 -50.8686 5.64554 -24.8791 1 0 0 1.92973 2.22953 0.0497118
8525 176.413 3.02085e-05 0.21065 0.0763304 0.0830754 0.0512439 0.695772 0.00188613 0.238834 2.13853 1.4517 2.16469 2.1104 0.954416 -4.88894 11.817 12.2043 4.69428 0 -46.6954 -50.9028 5.65168 -24.7498 1 0 0 1.96361 2.26746 0.0506371
8530 176.413 3.02085e-05 0.214613 0.0777249 0.0845933 0.0522952 0.696349 0.00188524 0.23849 2.13717 1.4517 2.16328 2.1091 0.954594 -4.85777 11.8227 12.2105 4.69439 0 -46.7268 -50.9369 5.65783 -24.6205 1 0 0 1.99763 2.30551 0.0515689
8535 176.413 3.02085e-05 0.218607 0.079128 0.0861207 0.0533584 0.696924 0.00188435 0.238147 2.1358 1.4517 2.16187 2.1078 0.954772 -4.82666 11.8283 12.2167 4.6945 0 -46.758 -50.971 5.66399 -24.4912 1 0 0 2.03179 2.34368 0.0525072
8540 176.413 3.02085e-05 0.222631 0.0805397 0.0876577 0.0544337 0.697499 0.00188347 0.237803 2.13444 1.4517 2.16045 2.1065 0.954951 -4.79561 11.8339 12.2229 4.69461 0 -46.7892 -51.005 5.67017 -24.3619 1 0 0 2.0661 2.38197 0.0534519
8545 176.413 3.02085e-05 0.226685 0.0819599 0.089204 0.055521 0.698071 0.00188258 0.23746 2.13309 1.4517 2.15904 2.1052 0.95513 -4.76461 11.8396 12.229 4.69473 0 -46.8203 -51.039 5.67636 -24.2326 1 0 0 2.10055 2.42037 0.0544031
8550 176.413 3.02085e-05 0.230769 0.0833885 0.0907597 0.0566204 0.698643 0.00188169 0.237116 2.13173 1.4517 2.15763 2.1039 0.955309 -4.73367 11.8452 12.2352 4.69484 0 -46.8514 -51.0729 5.68256 -24.1033 1 0 0 2.13513 2.45889 0.0553606
8555 176.413 3.02085e-05 0.234882 0.0848255 0.0923246 0.057732 0.699212 0.0018808 0.236773 2.13037 1.4517 2.15622 2.1026 0.955488 -4.70278 11.8508 12.2413 4.69496 0 -46.8823 -51.1067 5.68878 -23.9739 1 0 0 2.16985 2.49751 0.0563243
8560 176.414 3.02085e-05 0.239025 0.0862707 0.0938987 0.0588557 0.699781 0.00187991 0.236429 2.12901 1.4517 2.1548 2.1013 0.955667 -4.67194 11.8564 12.2474 4.69508 0 -46.9131 -51.1405 5.69501 -23.8446 1 0 0 2.20469 2.53624 0.0572943
8565 176.414 3.02085e-05 0.243198 0.0877241 0.095482 0.0599917 0.700348 0.00187902 0.236085 2.12765 1.4517 2.15339 2.1 0.955847 -4.64116 11.862 12.2536 4.6952 0 -46.9439 -51.1742 5.70125 -23.7152 1 0 0 2.23966 2.57508 0.0582706
8570 176.414 3.02085e-05 0.2474 0.0891856 0.0970743 0.0611399 0.700914 0.00187814 0.235742 2.12629 1.4517 2.15198 2.0987 0.956027 -4.61042 11.8676 12.2597 4.69532 0 -46.9745 -51.2078 5.7075 -23.5859 1 0 0 2.27476 2.61402 0.0592529
8575 176.414 3.02085e-05 0.251631 0.0906552 0.0986756 0.0623004 0.701478 0.00187725 0.235398 2.12493 1.4517 2.15057 2.0974 0.956208 -4.57974 11.8732 12.2658 4.69544 0 -47.005 -51.2414 5.71377 -23.4565 1 0 0 2.30998 2.65305 0.0602414
8580 176.414 3.02085e-05 0.255892 0.0921328 0.100286 0.0634733 0.702041 0.00187636 0.235055 2.12357 1.4517 2.14916 2.0961 0.956388 -4.54912 11.8787 12.2719 4.69556 0 -47.0355 -51.2749 5.72005 -23.3271 1 0 0 2.34531 2.69218 0.0612359
8585 176.414 3.02085e-05 0.260182 0.0936182 0.101905 0.0646586 0.702602 0.00187547 0.234711 2.12221 1.4517 2.14775 2.0948 0.956569 -4.51854 11.8843 12.2779 4.69568 0 -47.0659 -51.3083 5.72634 -23.1977 1 0 0 2.38076 2.7314 0.0622364
8590 176.415 3.02085e-05 0.264501 0.0951116 0.103533 0.0658563 0.703162 0.00187459 0.234368 2.12086 1.4517 2.14634 2.09351 0.95675 -4.48802 11.8898 12.284 4.69581 0 -47.0961 -51.3417 5.73264 -23.0682 1 0 0 2.41633 2.77072 0.0632429
8595 176.415 3.02085e-05 0.268848 0.0966127 0.105169 0.0670664 0.70372 0.0018737 0.234024 2.1195 1.4517 2.14493 2.09221 0.956932 -4.45754 11.8954 12.2901 4.69594 0 -47.1263 -51.375 5.73896 -22.9387 1 0 0 2.452 2.81012 0.0642554
8600 176.415 3.02085e-05 0.273225 0.0981215 0.106815 0.0682891 0.704276 0.00187281 0.233681 2.11814 1.4517 2.14352 2.09091 0.957113 -4.42712 11.9009 12.2961 4.69606 0 -47.1563 -51.4082 5.74528 -22.8092 1 0 0 2.48778 2.84961 0.0652736
8605 176.415 3.02085e-05 0.277631 0.0996379 0.108468 0.0695243 0.704831 0.00187192 0.233337 2.11678 1.4517 2.14211 2.08961 0.957295 -4.39674 11.9064 12.3022 4.69619 0 -47.1863 -51.4413 5.75162 -22.6797 1 0 0 2.52367 2.88919 0.0662978
8610 176.415 3.02085e-05 0.282065 0.101162 0.110131 0.0707721 0.705385 0.00187104 0.232993 2.11542 1.4517 2.1407 2.08831 0.957478 -4.36642 11.9119 12.3082 4.69632 0 -47.2162 -51.4744 5.75796 -22.5501 1 0 0 2.55966 2.92885 0.0673277
8615 176.415 3.02085e-05 0.286528 0.102694 0.111802 0.0720326 0.705937 0.00187015 0.23265 2.11407 1.4517 2.13929 2.08702 0.95766 -4.33614 11.9174 12.3142 4.69645 0 -47.2459 -51.5074 5.76432 -22.4205 1 0 0 2.59575 2.96859 0.0683633
8620 176.415 3.02085e-05 0.29102 0.104233 0.113481 0.0733057 0.706487 0.00186926 0.232306 2.11271 1.4517 2.13788 2.08572 0.957843 -4.30592 11.9229 12.3203 4.69658 0 -47.2756 -51.5403 5.77069 -22.2909 1 0 0 2.63194 3.0084 0.0694047
8625 176.416 3.02085e-05 0.29554 0.105779 0.115169 0.0745915 0.707036 0.00186838 0.231963 2.11135 1.4517 2.13647 2.08442 0.958026 -4.27574 11.9284 12.3263 4.69672 0 -47.3051 -51.5731 5.77706 -22.1612 1 0 0 2.66823 3.04829 0.0704517
8630 176.416 3.02085e-05 0.300088 0.107333 0.116865 0.0758902 0.707583 0.00186749 0.231619 2.11 1.4517 2.13506 2.08313 0.958209 -4.24561 11.9339 12.3323 4.69685 0 -47.3346 -51.6059 5.78345 -22.0314 1 0 0 2.7046 3.08826 0.0715043
8635 176.416 3.02085e-05 0.304665 0.108894 0.118569 0.0772016 0.708128 0.0018666 0.231276 2.10864 1.4517 2.13365 2.08183 0.958393 -4.21553 11.9394 12.3382 4.69699 0 -47.3639 -51.6386 5.78985 -21.9017 1 0 0 2.74107 3.1283 0.0725625
8640 176.416 3.02085e-05 0.30927 0.110462 0.120282 0.0785258 0.708672 0.00186572 0.230932 2.10729 1.4517 2.13225 2.08053 0.958577 -4.18549 11.9448 12.3442 4.69712 0 -47.3932 -51.6711 5.79625 -21.7719 1 0 0 2.77763 3.1684 0.0736263
8645 176.416 3.02085e-05 0.313903 0.112038 0.122003 0.079863 0.709213 0.00186483 0.230589 2.10593 1.4517 2.13084 2.07924 0.958761 -4.15551 11.9503 12.3502 4.69726 0 -47.4223 -51.7036 5.80266 -21.642 1 0 0 2.81427 3.20858 0.0746955
8650 176.416 3.02085e-05 0.318565 0.11362 0.123731 0.0812131 0.709753 0.00186395 0.230245 2.10457 1.4517 2.12943 2.07794 0.958945 -4.12557 11.9557 12.3562 4.6974 0 -47.4513 -51.736 5.80909 -21.5121 1 0 0 2.85099 3.24882 0.0757703
8655 176.416 3.02085e-05 0.323254 0.11521 0.125468 0.0825761 0.710292 0.00186306 0.229902 2.10322 1.4517 2.12802 2.07665 0.95913 -4.09567 11.9612 12.3621 4.69754 0 -47.4802 -51.7684 5.81552 -21.3821 1 0 0 2.8878 3.28912 0.0768504
8660 176.417 3.02085e-05 0.327972 0.116806 0.127213 0.0839522 0.710828 0.00186217 0.229558 2.10186 1.4517 2.12662 2.07535 0.959315 -4.06583 11.9666 12.3681 4.69768 0 -47.509 -51.8006 5.82196 -21.2521 1 0 0 2.92468 3.32949 0.077936
8665 176.417 3.02085e-05 0.332717 0.11841 0.128966 0.0853414 0.711363 0.00186129 0.229214 2.10051 1.4517 2.12521 2.07406 0.9595 -4.03603 11.972 12.374 4.69782 0 -47.5377 -51.8327 5.8284 -21.122 1 0 0 2.96165 3.36992 0.0790268
8670 176.417 3.02085e-05 0.33749 0.12002 0.130727 0.0867436 0.711896 0.0018604 0.228871 2.09915 1.4517 2.1238 2.07276 0.959685 -4.00627 11.9774 12.3799 4.69797 0 -47.5663 -51.8648 5.83486 -20.9918 1 0 0 2.99868 3.41041 0.0801231
8675 176.417 3.02085e-05 0.342291 0.121637 0.132495 0.088159 0.712427 0.00185952 0.228527 2.0978 1.4517 2.1224 2.07147 0.959871 -3.97656 11.9828 12.3858 4.69811 0 -47.5947 -51.8967 5.84132 -20.8616 1 0 0 3.03579 3.45095 0.0812245
8680 176.417 3.02085e-05 0.34712 0.123261 0.134272 0.0895876 0.712956 0.00185863 0.228184 2.09645 1.4517 2.12099 2.07017 0.960057 -3.9469 11.9882 12.3917 4.69826 0 -47.623 -51.9286 5.84779 -20.7314 1 0 0 3.07297 3.49155 0.0823313
8685 176.417 3.02085e-05 0.351977 0.124892 0.136056 0.0910294 0.713483 0.00185775 0.22784 2.09509 1.4517 2.11958 2.06888 0.960243 -3.91728 11.9936 12.3976 4.69841 0 -47.6513 -51.9603 5.85427 -20.601 1 0 0 3.11022 3.5322 0.0834432
8690 176.417 3.02085e-05 0.356861 0.126529 0.137847 0.0924845 0.714008 0.00185686 0.227497 2.09374 1.4517 2.11818 2.06758 0.96043 -3.88771 11.999 12.4035 4.69856 0 -47.6794 -51.992 5.86076 -20.4706 1 0 0 3.14753 3.5729 0.0845603
8695 176.418 3.02085e-05 0.361773 0.128173 0.139647 0.093953 0.714531 0.00185598 0.227153 2.09238 1.4517 2.11677 2.06629 0.960617 -3.85818 12.0043 12.4094 4.69871 0 -47.7073 -52.0236 5.86725 -20.3401 1 0 0 3.18491 3.61366 0.0856826
8700 176.418 3.02085e-05 0.366713 0.129824 0.141454 0.0954347 0.715052 0.00185509 0.22681 2.09103 1.4517 2.11537 2.065 0.960804 -3.82869 12.0097 12.4153 4.69886 0 -47.7352 -52.055 5.87374 -20.2096 1 0 0 3.22235 3.65446 0.08681
8705 176.418 3.02085e-05 0.37168 0.131481 0.143269 0.0969299 0.715571 0.00185421 0.226466 2.08968 1.4517 2.11396 2.0637 0.960991 -3.79925 12.015 12.4211 4.69901 0 -47.7629 -52.0864 5.88025 -20.079 1 0 0 3.25985 3.69531 0.0879424
8710 176.418 3.02085e-05 0.376674 0.133145 0.145091 0.0984386 0.716089 0.00185333 0.226123 2.08833 1.4517 2.11256 2.06241 0.961179 -3.76985 12.0204 12.427 4.69916 0 -47.7905 -52.1176 5.88676 -19.9483 1 0 0 3.2974 3.7362 0.08908
8715 176.418 3.02085e-05 0.381696 0.134815 0.14692 0.0999607 0.716604 0.00185244 0.225779 2.08697 1.4517 2.11116 2.06112 0.961367 -3.7405 12.0257 12.4328 4.69932 0 -47.818 -52.1487 5.89328 -19.8175 1 0 0 3.33501 3.77714 0.0902225
8720 176.418 3.02085e-05 0.386745 0.136491 0.148757 0.101496 0.717117 0.00185156 0.225435 2.08562 1.4517 2.10975 2.05982 0.961555 -3.71119 12.031 12.4387 4.69947 0 -47.8454 -52.1798 5.8998 -19.6867 1 0 0 3.37268 3.81812 0.09137
8725 176.419 3.02085e-05 0.391821 0.138174 0.150602 0.103046 0.717627 0.00185068 0.225092 2.08427 1.4517 2.10835 2.05853 0.961744 -3.68192 12.0363 12.4445 4.69963 0 -47.8726 -52.2107 5.90633 -19.5558 1 0 0 3.4104 3.85915 0.0925225
8730 176.419 3.02085e-05 0.396925 0.139863 0.152454 0.104609 0.718136 0.00184979 0.224748 2.08292 1.4517 2.10695 2.05724 0.961933 -3.6527 12.0416 12.4503 4.69979 0 -47.8997 -52.2415 5.91286 -19.4248 1 0 0 3.44817 3.90021 0.0936799
8735 176.419 3.02085e-05 0.402056 0.141558 0.154313 0.106185 0.718643 0.00184891 0.224405 2.08157 1.4517 2.10554 2.05595 0.962122 -3.62352 12.0469 12.4561 4.69995 0 -47.9267 -52.2722 5.9194 -19.2937 1 0 0 3.48599 3.94131 0.0948422
8740 176.419 3.02085e-05 0.407214 0.14326 0.156179 0.107775 0.719147 0.00184803 0.224061 2.08022 1.4517 2.10414 2.05466 0.962311 -3.59438 12.0522 12.4619 4.70011 0 -47.9535 -52.3027 5.92594 -19.1625 1 0 0 3.52385 3.98244 0.0960093
8745 176.419 3.02085e-05 0.412399 0.144967 0.158053 0.109379 0.719649 0.00184714 0.223718 2.07886 1.4517 2.10274 2.05336 0.962501 -3.56528 12.0575 12.4677 4.70027 0 -47.9802 -52.3332 5.93249 -19.0312 1 0 0 3.56176 4.02361 0.0971813
8750 176.419 3.02085e-05 0.417612 0.146681 0.159933 0.110997 0.720149 0.00184626 0.223374 2.07751 1.4517 2.10134 2.05207 0.962691 -3.53622 12.0627 12.4735 4.70043 0 -48.0067 -52.3635 5.93904 -18.8999 1 0 0 3.59971 4.06482 0.0983582
8755 176.419 3.02085e-05 0.422851 0.148401 0.161821 0.112629 0.720646 0.00184538 0.223031 2.07616 1.4517 2.09993 2.05078 0.962881 -3.50721 12.068 12.4792 4.7006 0 -48.0332 -52.3937 5.9456 -18.7684 1 0 0 3.6377 4.10605 0.0995398
8760 176.42 3.02085e-05 0.428118 0.150127 0.163716 0.114275 0.721141 0.00184449 0.222687 2.07481 1.4517 2.09853 2.04949 0.963071 -3.47824 12.0732 12.485 4.70076 0 -48.0594 -52.4238 5.95216 -18.6369 1 0 0 3.67574 4.14732 0.100726
8765 176.42 3.02085e-05 0.433411 0.151859 0.165618 0.115934 0.721634 0.00184361 0.222344 2.07346 1.4517 2.09713 2.0482 0.963262 -3.44931 12.0785 12.4907 4.70093 0 -48.0856 -52.4538 5.95872 -18.5053 1 0 0 3.71381 4.18862 0.101917
8770 176.42 3.02085e-05 0.438731 0.153596 0.167527 0.117608 0.722125 0.00184273 0.222 2.07212 1.4517 2.09573 2.04691 0.963453 -3.42042 12.0837 12.4965 4.7011 0 -48.1116 -52.4836 5.96529 -18.3736 1 0 0 3.75191 4.22994 0.103113
8775 176.42 3.02085e-05 0.444078 0.15534 0.169443 0.119295 0.722613 0.00184185 0.221656 2.07077 1.4517 2.09433 2.04562 0.963644 -3.39157 12.0889 12.5022 4.70127 0 -48.1374 -52.5133 5.97186 -18.2417 1 0 0 3.79005 4.27129 0.104314
8780 176.42 3.02085e-05 0.449453 0.15709 0.171366 0.120997 0.723098 0.00184097 0.221313 2.06942 1.4517 2.09293 2.04433 0.963836 -3.36277 12.0941 12.5079 4.70144 0 -48.1631 -52.5428 5.97843 -18.1098 1 0 0 3.82822 4.31267 0.105519
8785 176.42 3.02085e-05 0.454853 0.158845 0.173296 0.122712 0.723581 0.00184009 0.220969 2.06807 1.4517 2.09153 2.04304 0.964028 -3.334 12.0993 12.5136 4.70161 0 -48.1886 -52.5723 5.98501 -17.9778 1 0 0 3.86643 4.35407 0.106729
8790 176.42 3.02085e-05 0.460281 0.160606 0.175233 0.124442 0.724062 0.0018392 0.220626 2.06672 1.4517 2.09013 2.04176 0.96422 -3.30527 12.1045 12.5194 4.70178 0 -48.214 -52.6015 5.99159 -17.8457 1 0 0 3.90466 4.39549 0.107943
8795 176.421 3.02085e-05 0.465736 0.162373 0.177176 0.126186 0.72454 0.00183832 0.220282 2.06537 1.4517 2.08873 2.04047 0.964412 -3.27659 12.1097 12.525 4.70196 0 -48.2392 -52.6307 5.99817 -17.7135 1 0 0 3.94292 4.43694 0.109162
8800 176.421 3.02085e-05 0.471217 0.164146 0.179126 0.127945 0.725016 0.00183744 0.219939 2.06403 1.4517 2.08733 2.03918 0.964605 -3.24795 12.1149 12.5307 4.70213 0 -48.2643 -52.6597 6.00475 -17.5811 1 0 0 3.9812 4.4784 0.110386
8805 176.421 3.02085e-05 0.476725 0.165924 0.181083 0.129717 0.725489 0.00183656 0.219595 2.06268 1.4517 2.08594 2.03789 0.964798 -3.21934 12.12 12.5364 4.70231 0 -48.2892 -52.6885 6.01134 -17.4487 1 0 0 4.01951 4.51989 0.111614
8810 176.421 3.02085e-05 0.482259 0.167708 0.183047 0.131504 0.725959 0.00183568 0.219252 2.06133 1.4517 2.08454 2.0366 0.964991 -3.19078 12.1252 12.5421 4.70249 0 -48.314 -52.7172 6.01793 -17.3161 1 0 0 4.05785 4.56139 0.112847
8815 176.421 3.02085e-05 0.487821 0.169498 0.185017 0.133306 0.726427 0.0018348 0.218908 2.05999 1.4517 2.08314 2.03532 0.965185 -3.16225 12.1303 12.5477 4.70266 0 -48.3386 -52.7458 6.02451 -17.1835 1 0 0 4.0962 4.60291 0.114084
8820 176.421 3.02085e-05 0.493408 0.171293 0.186994 0.135121 0.726891 0.00183392 0.218565 2.05864 1.4517 2.08174 2.03403 0.965379 -3.13377 12.1355 12.5534 4.70284 0 -48.363 -52.7742 6.0311 -17.0507 1 0 0 4.13457 4.64444 0.115326
8825 176.422 3.02085e-05 0.499023 0.173093 0.188978 0.136952 0.727354 0.00183304 0.218221 2.0573 1.4517 2.08035 2.03274 0.965573 -3.10533 12.1406 12.559 4.70303 0 -48.3873 -52.8025 6.0377 -16.9178 1 0 0 4.17297 4.68599 0.116572
8830 176.422 3.02085e-05 0.504664 0.174899 0.190968 0.138796 0.727813 0.00183216 0.217877 2.05595 1.4517 2.07895 2.03146 0.965767 -3.07692 12.1457 12.5646 4.70321 0 -48.4114 -52.8305 6.04429 -16.7849 1 0 0 4.21137 4.72755 0.117823
8835 176.422 3.02085e-05 0.510332 0.176711 0.192965 0.140656 0.72827 0.00183128 0.217534 2.05461 1.4517 2.07755 2.03017 0.965962 -3.04856 12.1508 12.5702 4.70339 0 -48.4353 -52.8585 6.05088 -16.6518 1 0 0 4.2498 4.76912 0.119078
8840 176.422 3.02085e-05 0.516026 0.178528 0.194968 0.14253 0.728724 0.0018304 0.21719 2.05326 1.4517 2.07616 2.02889 0.966157 -3.02023 12.1559 12.5759 4.70358 0 -48.459 -52.8862 6.05747 -16.5185 1 0 0 4.28823 4.81071 0.120337
8845 176.422 3.02085e-05 0.521746 0.18035 0.196978 0.144418 0.729175 0.00182953 0.216847 2.05192 1.4517 2.07476 2.0276 0.966352 -2.99195 12.161 12.5815 4.70376 0 -48.4826 -52.9138 6.06406 -16.3852 1 0 0 4.32668 4.8523 0.121601
8850 176.422 3.02085e-05 0.527493 0.182178 0.198994 0.146322 0.729623 0.00182865 0.216503 2.05057 1.4517 2.07337 2.02632 0.966548 -2.9637 12.1661 12.587 4.70395 0 -48.506 -52.9413 6.07066 -16.2517 1 0 0 4.36514 4.8939 0.12287
8855 176.422 3.02085e-05 0.533267 0.184011 0.201016 0.14824 0.730068 0.00182777 0.21616 2.04923 1.4517 2.07197 2.02503 0.966743 -2.93549 12.1712 12.5926 4.70414 0 -48.5292 -52.9685 6.07725 -16.1182 1 0 0 4.40361 4.93551 0.124142
8860 176.423 3.02085e-05 0.539066 0.185849 0.203045 0.150172 0.730511 0.00182689 0.215816 2.04789 1.4517 2.07058 2.02375 0.96694 -2.90733 12.1763 12.5982 4.70433 0 -48.5522 -52.9956 6.08384 -15.9845 1 0 0 4.44209 4.97712 0.125419
8865 176.423 3.02085e-05 0.544893 0.187692 0.20508 0.15212 0.73095 0.00182601 0.215473 2.04654 1.4517 2.06918 2.02247 0.967136 -2.8792 12.1813 12.6037 4.70452 0 -48.575 -53.0225 6.09043 -15.8506 1 0 0 4.48058 5.01874 0.126701
8870 176.423 3.02085e-05 0.550745 0.189541 0.207121 0.154083 0.731386 0.00182514 0.215129 2.0452 1.4517 2.06779 2.02118 0.967333 -2.85111 12.1864 12.6093 4.70471 0 -48.5977 -53.0492 6.09701 -15.7167 1 0 0 4.51906 5.06036 0.127987
8875 176.423 3.02085e-05 0.556624 0.191395 0.209169 0.15606 0.731819 0.00182426 0.214786 2.04386 1.4517 2.0664 2.0199 0.96753 -2.82306 12.1914 12.6148 4.7049 0 -48.6201 -53.0758 6.1036 -15.5826 1 0 0 4.55756 5.10199 0.129277
8880 176.423 3.02085e-05 0.562529 0.193254 0.211223 0.158052 0.73225 0.00182338 0.214442 2.04252 1.4517 2.065 2.01862 0.967727 -2.79504 12.1964 12.6204 4.7051 0 -48.6424 -53.1021 6.11018 -15.4484 1 0 0 4.59605 5.14361 0.130571
8885 176.423 3.02085e-05 0.568461 0.195118 0.213283 0.16006 0.732677 0.0018225 0.214098 2.04118 1.4517 2.06361 2.01734 0.967924 -2.76707 12.2014 12.6259 4.70529 0 -48.6644 -53.1283 6.11676 -15.3141 1 0 0 4.63455 5.18524 0.131869
8890 176.423 3.02085e-05 0.574419 0.196987 0.215349 0.162082 0.7331 0.00182163 0.213755 2.03984 1.4517 2.06222 2.01605 0.968122 -2.73914 12.2064 12.6314 4.70549 0 -48.6862 -53.1543 6.12334 -15.1797 1 0 0 4.67305 5.22686 0.133172
8895 176.424 3.02085e-05 0.580403 0.198862 0.217421 0.16412 0.733521 0.00182075 0.213411 2.0385 1.4517 2.06083 2.01477 0.96832 -2.71124 12.2114 12.6369 4.70569 0 -48.7079 -53.18 6.12992 -15.0451 1 0 0 4.71154 5.26849 0.13448
8900 176.424 3.02085e-05 0.586413 0.200741 0.219499 0.166173 0.733939 0.00181988 0.213068 2.03716 1.4517 2.05944 2.01349 0.968519 -2.68339 12.2164 12.6424 4.70589 0 -48.7293 -53.2056 6.13649 -14.9104 1 0 0 4.75003 5.31011 0.135791
8905 176.424 3.02085e-05 0.592449 0.202625 0.221584 0.168241 0.734353 0.001819 0.212724 2.03582 1.4517 2.05805 2.01221 0.968717 -2.65557 12.2214 12.6479 4.70609 0 -48.7505 -53.231 6.14306 -14.7756 1 0 0 4.78852 5.35172 0.137106
8910 176.424 3.02085e-05 0.598512 0.204514 0.223674 0.170324 0.734764 0.00181812 0.212381 2.03448 1.4517 2.05665 2.01093 0.968916 -2.62779 12.2264 12.6534 4.70629 0 -48.7715 -53.2561 6.14963 -14.6406 1 0 0 4.827 5.39333 0.138426
8915 176.424 3.02085e-05 0.604601 0.206409 0.22577 0.172422 0.735171 0.00181725 0.212037 2.03314 1.4517 2.05527 2.00965 0.969115 -2.60005 12.2313 12.6588 4.70649 0 -48.7923 -53.2811 6.15619 -14.5055 1 0 0 4.86547 5.43494 0.13975
8920 176.424 3.02085e-05 0.610716 0.208308 0.227872 0.174536 0.735575 0.00181637 0.211694 2.0318 1.4517 2.05388 2.00837 0.969315 -2.57235 12.2363 12.6643 4.7067 0 -48.8129 -53.3058 6.16275 -14.3702 1 0 0 4.90394 5.47653 0.141079
8925 176.425 3.02085e-05 0.616857 0.210211 0.229981 0.176665 0.735976 0.0018155 0.21135 2.03046 1.4517 2.05249 2.00709 0.969515 -2.54469 12.2412 12.6697 4.7069 0 -48.8332 -53.3303 6.1693 -14.2349 1 0 0 4.9424 5.51812 0.142411
8930 176.425 3.02085e-05 0.623024 0.21212 0.232094 0.178809 0.736373 0.00181463 0.211006 2.02913 1.4517 2.0511 2.00582 0.969715 -2.51706 12.2462 12.6751 4.70711 0 -48.8533 -53.3546 6.17585 -14.0994 1 0 0 4.98085 5.5597 0.143748
8935 176.425 3.02085e-05 0.629217 0.214034 0.234214 0.180969 0.736767 0.00181375 0.210663 2.02779 1.4517 2.04971 2.00454 0.969915 -2.48948 12.2511 12.6806 4.70732 0 -48.8732 -53.3787 6.18239 -13.9637 1 0 0 5.01928 5.60126 0.145088
8940 176.425 3.02085e-05 0.635437 0.215952 0.23634 0.183145 0.737157 0.00181288 0.210319 2.02645 1.4517 2.04832 2.00326 0.970116 -2.46193 12.256 12.686 4.70753 0 -48.8928 -53.4025 6.18893 -13.828 1 0 0 5.0577 5.64282 0.146433
8945 176.425 3.02085e-05 0.641682 0.217875 0.238471 0.185336 0.737544 0.00181201 0.209976 2.02512 1.4517 2.04694 2.00199 0.970317 -2.43443 12.2609 12.6914 4.70774 0 -48.9122 -53.4261 6.19545 -13.692 1 0 0 5.09611 5.68436 0.147782
8950 176.425 3.02085e-05 0.647953 0.219803 0.240608 0.187542 0.737927 0.00181113 0.209632 2.02378 1.4517 2.04555 2.00071 0.970518 -2.40696 12.2658 12.6968 4.70795 0 -48.9313 -53.4495 6.20198 -13.556 1 0 0 5.1345 5.72589 0.149136
8955 176.425 3.02085e-05 0.654251 0.221735 0.242751 0.189765 0.738307 0.00181026 0.209289 2.02245 1.4517 2.04416 1.99943 0.970719 -2.37953 12.2707 12.7022 4.70816 0 -48.9502 -53.4726 6.20849 -13.4198 1 0 0 5.17288 5.7674 0.150493
8960 176.426 3.02085e-05 0.660574 0.223672 0.244899 0.192003 0.738683 0.00180939 0.208945 2.02111 1.4517 2.04278 1.99816 0.970921 -2.35214 12.2755 12.7075 4.70838 0 -48.9689 -53.4955 6.215 -13.2835 1 0 0 5.21123 5.8089 0.151854
8965 176.426 3.02085e-05 0.666923 0.225614 0.247053 0.194256 0.739055 0.00180851 0.208602 2.01978 1.4517 2.04139 1.99688 0.971123 -2.32479 12.2804 12.7129 4.70859 0 -48.9872 -53.5181 6.2215 -13.147 1 0 0 5.24957 5.85038 0.15322
8970 176.426 3.02085e-05 0.673298 0.22756 0.249212 0.196525 0.739423 0.00180764 0.208258 2.01844 1.4517 2.04001 1.99561 0.971325 -2.29748 12.2853 12.7182 4.70881 0 -49.0054 -53.5404 6.228 -13.0104 1 0 0 5.28789 5.89184 0.154589
8975 176.426 3.02085e-05 0.679699 0.229511 0.251378 0.198811 0.739788 0.00180677 0.207915 2.01711 1.4517 2.03862 1.99433 0.971528 -2.27021 12.2901 12.7236 4.70903 0 -49.0232 -53.5625 6.23448 -12.8736 1 0 0 5.32618 5.93328 0.155963
8980 176.426 3.02085e-05 0.686126 0.231466 0.253548 0.201112 0.740149 0.0018059 0.207571 2.01578 1.4517 2.03724 1.99306 0.971731 -2.24297 12.2949 12.7289 4.70925 0 -49.0408 -53.5843 6.24096 -12.7367 1 0 0 5.36446 5.9747 0.157341
8985 176.426 3.02085e-05 0.692578 0.233426 0.255724 0.203428 0.740506 0.00180503 0.207227 2.01445 1.4517 2.03585 1.99179 0.971934 -2.21578 12.2998 12.7342 4.70947 0 -49.0581 -53.6059 6.24742 -12.5997 1 0 0 5.40271 6.01609 0.158723
8990 176.426 3.02085e-05 0.699057 0.23539 0.257906 0.205761 0.740859 0.00180416 0.206884 2.01312 1.4517 2.03447 1.99052 0.972137 -2.18862 12.3046 12.7396 4.70969 0 -49.0752 -53.6272 6.25388 -12.4625 1 0 0 5.44093 6.05747 0.160109
8995 176.427 3.02085e-05 0.705561 0.237359 0.260092 0.20811 0.741208 0.00180329 0.20654 2.01179 1.4517 2.03309 1.98924 0.972341 -2.16151 12.3094 12.7449 4.70991 0 -49.0919 -53.6482 6.26033 -12.3252 1 0 0 5.47913 6.09882 0.161499
9000 176.427 3.02085e-05 0.712091 0.239332 0.262284 0.210475 0.741554 0.00180242 0.206197 2.01046 1.4517 2.03171 1.98797 0.972545 -2.13444 12.3142 12.7501 4.71013 0 -49.1084 -53.6689 6.26676 -12.1877 1 0 0 5.5173 6.14014 0.162893
9005 176.427 3.02085e-05 0.718647 0.24131 0.264482 0.212856 0.741895 0.00180155 0.205853 2.00913 1.4517 2.03033 1.9867 0.972749 -2.1074 12.319 12.7554 4.71036 0 -49.1245 -53.6893 6.27319 -12.0501 1 0 0 5.55544 6.18144 0.164291
9010 176.427 3.02085e-05 0.725229 0.243291 0.266685 0.215252 0.742232 0.00180068 0.20551 2.0078 1.4517 2.02895 1.98543 0.972954 -2.08041 12.3237 12.7607 4.71058 0 -49.1404 -53.7094 6.2796 -11.9123 1 0 0 5.59355 6.22271 0.165694
9015 176.427 3.02085e-05 0.731836 0.245277 0.268893 0.217665 0.742565 0.00179981 0.205166 2.00647 1.4517 2.02757 1.98416 0.973159 -2.05345 12.3285 12.766 4.71081 0 -49.1559 -53.7292 6.286 -11.7744 1 0 0 5.63163 6.26396 0.1671
9020 176.427 3.02085e-05 0.738468 0.247268 0.271106 0.220095 0.742895 0.00179894 0.204823 2.00514 1.4517 2.02619 1.98289 0.973364 -2.02654 12.3333 12.7712 4.71104 0 -49.1712 -53.7487 6.29239 -11.6364 1 0 0 5.66968 6.30517 0.16851
9025 176.428 3.02085e-05 0.745127 0.249263 0.273324 0.22254 0.74322 0.00179808 0.204479 2.00381 1.4517 2.02481 1.98163 0.973569 -1.99966 12.338 12.7764 4.71127 0 -49.1861 -53.7679 6.29876 -11.4982 1 0 0 5.7077 6.34635 0.169925
9030 176.428 3.02085e-05 0.751811 0.251261 0.275548 0.225002 0.743541 0.00179721 0.204136 2.00249 1.4517 2.02343 1.98036 0.973775 -1.97283 12.3427 12.7817 4.7115 0 -49.2007 -53.7868 6.30512 -11.3599 1 0 0 5.74568 6.3875 0.171343
9035 176.428 3.02085e-05 0.75852 0.253264 0.277776 0.22748 0.743857 0.00179634 0.203792 2.00116 1.4517 2.02205 1.97909 0.973981 -1.94604 12.3475 12.7869 4.71173 0 -49.215 -53.8053 6.31147 -11.2214 1 0 0 5.78362 6.42862 0.172765
9040 176.428 3.02085e-05 0.765255 0.255272 0.28001 0.229974 0.74417 0.00179548 0.203448 1.99983 1.4517 2.02067 1.97782 0.974187 -1.91928 12.3522 12.7921 4.71197 0 -49.2289 -53.8235 6.3178 -11.0828 1 0 0 5.82153 6.4697 0.174192
9045 176.428 3.02085e-05 0.772016 0.257283 0.282248 0.232485 0.744478 0.00179461 0.203105 1.99851 1.4517 2.0193 1.97656 0.974394 -1.89257 12.3569 12.7973 4.7122 0 -49.2425 -53.8413 6.32412 -10.944 1 0 0 5.8594 6.51075 0.175622
9050 176.428 3.02085e-05 0.778802 0.259298 0.284492 0.235012 0.744782 0.00179374 0.202761 1.99718 1.4517 2.01792 1.97529 0.974601 -1.8659 12.3616 12.8025 4.71244 0 -49.2558 -53.8589 6.33042 -10.8051 1 0 0 5.89724 6.55176 0.177057
9055 176.428 3.02085e-05 0.785613 0.261318 0.28674 0.237555 0.745082 0.00179288 0.202418 1.99586 1.4517 2.01655 1.97403 0.974808 -1.83927 12.3663 12.8077 4.71268 0 -49.2687 -53.876 6.3367 -10.666 1 0 0 5.93503 6.59273 0.178495
9060 176.429 3.02085e-05 0.79245 0.263341 0.288994 0.240115 0.745378 0.00179201 0.202074 1.99454 1.4517 2.01517 1.97276 0.975015 -1.81269 12.3709 12.8128 4.71292 0 -49.2812 -53.8928 6.34297 -10.5268 1 0 0 5.97278 6.63367 0.179938
9065 176.429 3.02085e-05 0.799312 0.265369 0.291252 0.242692 0.745669 0.00179115 0.201731 1.99321 1.4517 2.0138 1.9715 0.975223 -1.78614 12.3756 12.818 4.71316 0 -49.2934 -53.9092 6.34922 -10.3875 1 0 0 6.01049 6.67456 0.181384
9070 176.429 3.02085e-05 0.8062 0.2674 0.293515 0.245285 0.745955 0.00179028 0.201387 1.99189 1.4517 2.01242 1.97024 0.975431 -1.75964 12.3802 12.8231 4.7134 0 -49.3052 -53.9253 6.35545 -10.248 1 0 0 6.04815 6.71541 0.182834
9075 176.429 3.02085e-05 0.813112 0.269436 0.295782 0.247894 0.746238 0.00178942 0.201044 1.99057 1.4517 2.01105 1.96897 0.975639 -1.73318 12.3849 12.8283 4.71364 0 -49.3166 -53.9409 6.36166 -10.1084 1 0 0 6.08577 6.75622 0.184289
9080 176.429 3.02085e-05 0.82005 0.271475 0.298055 0.25052 0.746516 0.00178856 0.2007 1.98925 1.4517 2.00968 1.96771 0.975847 -1.70676 12.3895 12.8334 4.71388 0 -49.3277 -53.9562 6.36785 -9.96858 1 0 0 6.12335 6.79699 0.185747
9085 176.429 3.02085e-05 0.827013 0.273518 0.300332 0.253163 0.746789 0.00178769 0.200357 1.98793 1.4517 2.00831 1.96645 0.976056 -1.68038 12.3941 12.8385 4.71413 0 -49.3383 -53.9711 6.37402 -9.82865 1 0 0 6.16088 6.83771 0.18721
9090 176.429 3.02085e-05 0.834001 0.275565 0.302613 0.255823 0.747058 0.00178683 0.200013 1.98661 1.4517 2.00694 1.96519 0.976265 -1.65405 12.3987 12.8436 4.71437 0 -49.3485 -53.9855 6.38017 -9.68859 1 0 0 6.19836 6.87838 0.188676
9095 176.43 3.02085e-05 0.841015 0.277616 0.304899 0.258499 0.747323 0.00178597 0.199669 1.98529 1.4517 2.00556 1.96393 0.976474 -1.62776 12.4033 12.8487 4.71462 0 -49.3584 -53.9996 6.3863 -9.54839 1 0 0 6.23579 6.91901 0.190146
9100 176.43 3.02085e-05 0.848053 0.279671 0.30719 0.261192 0.747583 0.00178511 0.199326 1.98397 1.4517 2.0042 1.96267 0.976684 -1.60152 12.4079 12.8537 4.71487 0 -49.3678 -54.0132 6.3924 -9.40804 1 0 0 6.27317 6.95958 0.191621
9105 176.43 3.02085e-05 0.855116 0.281729 0.309485 0.263902 0.747839 0.00178425 0.198982 1.98266 1.4517 2.00283 1.96142 0.976893 -1.57531 12.4125 12.8588 4.71512 0 -49.3768 -54.0264 6.39848 -9.26755 1 0 0 6.31049 7.00011 0.193099
9110 176.43 3.02085e-05 0.862204 0.283791 0.311785 0.266629 0.74809 0.00178339 0.198639 1.98134 1.4517 2.00146 1.96016 0.977104 -1.54916 12.4171 12.8639 4.71537 0 -49.3853 -54.0391 6.40454 -9.12692 1 0 0 6.34777 7.04058 0.194581
9115 176.43 3.02085e-05 0.869317 0.285856 0.314088 0.269372 0.748336 0.00178253 0.198295 1.98002 1.4517 2.00009 1.9589 0.977314 -1.52304 12.4216 12.8689 4.71562 0 -49.3934 -54.0514 6.41057 -8.98616 1 0 0 6.38499 7.081 0.196067
9120 176.43 3.02085e-05 0.876455 0.287926 0.316397 0.272133 0.748578 0.00178167 0.197952 1.97871 1.4517 1.99872 1.95765 0.977525 -1.49697 12.4261 12.8739 4.71588 0 -49.4011 -54.0632 6.41658 -8.84525 1 0 0 6.42215 7.12137 0.197558
9125 176.431 3.02085e-05 0.883617 0.289998 0.318709 0.27491 0.748816 0.00178081 0.197608 1.9774 1.4517 1.99736 1.95639 0.977735 -1.47095 12.4307 12.8789 4.71613 0 -49.4082 -54.0746 6.42255 -8.70421 1 0 0 6.45926 7.16168 0.199052
9130 176.431 3.02085e-05 0.890805 0.292075 0.321026 0.277704 0.749049 0.00177995 0.197265 1.97608 1.4517 1.99599 1.95514 0.977947 -1.44497 12.4352 12.8839 4.71639 0 -49.415 -54.0855 6.4285 -8.56303 1 0 0 6.49632 7.20194 0.20055
9135 176.431 3.02085e-05 0.898016 0.294154 0.323346 0.280516 0.749277 0.00177909 0.196921 1.97477 1.4517 1.99463 1.95388 0.978158 -1.41904 12.4397 12.8889 4.71664 0 -49.4212 -54.0959 6.43443 -8.42171 1 0 0 6.53331 7.24213 0.202052
9140 176.431 3.02085e-05 0.905253 0.296238 0.325671 0.283344 0.749501 0.00177823 0.196578 1.97346 1.4517 1.99326 1.95263 0.97837 -1.39315 12.4442 12.8939 4.7169 0 -49.4269 -54.1058 6.44032 -8.28026 1 0 0 6.57024 7.28227 0.203558
9145 176.431 3.02085e-05 0.912513 0.298324 0.328 0.286189 0.74972 0.00177737 0.196234 1.97215 1.4517 1.9919 1.95138 0.978582 -1.36731 12.4487 12.8989 4.71716 0 -49.4322 -54.1151 6.44618 -8.13868 1 0 0 6.60711 7.32234 0.205067
9150 176.431 3.02085e-05 0.919799 0.300414 0.330333 0.289051 0.749935 0.00177652 0.19589 1.97084 1.4517 1.99054 1.95013 0.978794 -1.34152 12.4532 12.9039 4.71742 0 -49.4369 -54.124 6.45201 -7.99696 1 0 0 6.64392 7.36235 0.206581
9155 176.431 3.02085e-05 0.927108 0.302508 0.332669 0.291931 0.750145 0.00177566 0.195547 1.96953 1.4517 1.98918 1.94888 0.979006 -1.31577 12.4576 12.9088 4.71769 0 -49.4411 -54.1323 6.45781 -7.85512 1 0 0 6.68067 7.4023 0.208099
9160 176.432 3.02085e-05 0.934442 0.304605 0.33501 0.294827 0.750351 0.00177481 0.195203 1.96822 1.4517 1.98782 1.94763 0.979219 -1.29007 12.4621 12.9137 4.71795 0 -49.4448 -54.1401 6.46357 -7.71314 1 0 0 6.71735 7.44218 0.20962
9165 176.432 3.02085e-05 0.9418 0.306704 0.337354 0.297741 0.750552 0.00177395 0.19486 1.96691 1.4517 1.98646 1.94638 0.979432 -1.26442 12.4665 12.9187 4.71821 0 -49.448 -54.1473 6.4693 -7.57104 1 0 0 6.75396 7.48199 0.211146
9170 176.432 3.02085e-05 0.949182 0.308808 0.339703 0.300672 0.750749 0.0017731 0.194516 1.9656 1.4517 1.9851 1.94513 0.979645 -1.23882 12.4709 12.9236 4.71848 0 -49.4506 -54.1539 6.47499 -7.4288 1 0 0 6.79051 7.52174 0.212675
9175 176.432 3.02085e-05 0.956588 0.310914 0.342054 0.30362 0.750941 0.00177224 0.194173 1.9643 1.4517 1.98374 1.94389 0.979859 -1.21327 12.4754 12.9285 4.71875 0 -49.4526 -54.16 6.48065 -7.28645 1 0 0 6.82698 7.56141 0.214209
9180 176.432 3.02085e-05 0.964018 0.313023 0.34441 0.306585 0.751129 0.00177139 0.193829 1.96299 1.4517 1.98238 1.94264 0.980073 -1.18776 12.4798 12.9333 4.71901 0 -49.454 -54.1654 6.48626 -7.14397 1 0 0 6.86339 7.60102 0.215746
9185 176.432 3.02085e-05 0.971472 0.315136 0.346769 0.309567 0.751312 0.00177054 0.193486 1.96169 1.4517 1.98102 1.94139 0.980287 -1.16231 12.4842 12.9382 4.71928 0 -49.4549 -54.1703 6.49184 -7.00136 1 0 0 6.89973 7.64055 0.217287
9190 176.432 3.02085e-05 0.978949 0.317251 0.349131 0.312567 0.751491 0.00176969 0.193142 1.96039 1.4517 1.97967 1.94015 0.980501 -1.1369 12.4885 12.9431 4.71956 0 -49.4551 -54.1745 6.49738 -6.85864 1 0 0 6.93599 7.68 0.218832
9195 176.433 3.02085e-05 0.98645 0.31937 0.351497 0.315584 0.751666 0.00176883 0.192799 1.95908 1.4517 1.97831 1.93891 0.980715 -1.11155 12.4929 12.9479 4.71983 0 -49.4548 -54.1781 6.50287 -6.7158 1 0 0 6.97218 7.71938 0.220381
9200 176.433 3.02085e-05 0.993975 0.321491 0.353866 0.318618 0.751837 0.00176798 0.192455 1.95778 1.4517 1.97696 1.93767 0.98093 -1.08624 12.4973 12.9528 4.7201 0 -49.4538 -54.181 6.50832 -6.57284 1 0 0 7.00829 7.75867 0.221933
9205 176.433 3.02085e-05 1.00152 0.323615 0.356239 0.321669 0.752003 0.00176713 0.192111 1.95648 1.4517 1.97561 1.93642 0.981145 -1.06099 12.5016 12.9576 4.72038 0 -49.4521 -54.1833 6.51373 -6.42977 1 0 0 7.04433 7.79789 0.22349
9210 176.433 3.02085e-05 1.00909 0.325743 0.358614 0.324738 0.752165 0.00176628 0.191768 1.95518 1.4517 1.97426 1.93518 0.98136 -1.03579 12.5059 12.9624 4.72065 0 -49.4498 -54.1849 6.51909 -6.28659 1 0 0 7.08028 7.83703 0.225051
9215 176.433 3.02085e-05 1.01669 0.327872 0.360993 0.327823 0.752323 0.00176544 0.191424 1.95388 1.4517 1.97291 1.93395 0.981576 -1.01064 12.5103 12.9672 4.72093 0 -49.4469 -54.1858 6.5244 -6.14329 1 0 0 7.11616 7.87608 0.226615
9220 176.433 3.02085e-05 1.02431 0.330005 0.363375 0.330927 0.752477 0.00176459 0.191081 1.95259 1.4517 1.97156 1.93271 0.981792 -0.985551 12.5146 12.972 4.72121 0 -49.4432 -54.1859 6.52966 -5.99989 1 0 0 7.15196 7.91505 0.228183
9225 176.433 3.02085e-05 1.03195 0.33214 0.36576 0.334047 0.752627 0.00176374 0.190737 1.95129 1.4517 1.97021 1.93147 0.982008 -0.960511 12.5188 12.9767 4.72149 0 -49.4389 -54.1854 6.53488 -5.85639 1 0 0 7.18767 7.95393 0.229755
9230 176.434 3.02085e-05 1.03961 0.334278 0.368147 0.337185 0.752773 0.00176289 0.190394 1.94999 1.4517 1.96886 1.93023 0.982224 -0.935525 12.5231 12.9815 4.72177 0 -49.4338 -54.1841 6.54004 -5.71278 1 0 0 7.2233 7.99272 0.231331
9235 176.434 3.02085e-05 1.0473 0.336419 0.370538 0.34034 0.752915 0.00176205 0.19005 1.9487 1.4517 1.96751 1.929 0.982441 -0.910593 12.5274 12.9862 4.72205 0 -49.428 -54.182 6.54514 -5.56907 1 0 0 7.25884 8.03141 0.23291
9240 176.434 3.02085e-05 1.055 0.338562 0.372931 0.343513 0.753054 0.0017612 0.189707 1.94741 1.4517 1.96617 1.92777 0.982657 -0.885718 12.5316 12.9909 4.72233 0 -49.4214 -54.1792 6.55019 -5.42527 1 0 0 7.2943 8.07002 0.234494
9245 176.434 3.02085e-05 1.06274 0.340707 0.375327 0.346702 0.753189 0.00176036 0.189363 1.94611 1.4517 1.96482 1.92653 0.982874 -0.860898 12.5359 12.9957 4.72262 0 -49.4141 -54.1755 6.55518 -5.28137 1 0 0 7.32967 8.10853 0.236081
9250 176.434 3.02085e-05 1.07049 0.342855 0.377725 0.34991 0.75332 0.00175951 0.189019 1.94482 1.4517 1.96348 1.9253 0.983091 -0.836135 12.5401 13.0003 4.7229 0 -49.406 -54.1711 6.56012 -5.13738 1 0 0 7.36495 8.14694 0.237672
9255 176.434 3.02085e-05 1.07826 0.345005 0.380126 0.353134 0.753448 0.00175867 0.188676 1.94353 1.4517 1.96213 1.92407 0.983309 -0.811429 12.5443 13.005 4.72319 0 -49.3971 -54.1658 6.56499 -4.9933 1 0 0 7.40013 8.18526 0.239266
9260 176.435 3.02085e-05 1.08606 0.347157 0.382529 0.356376 0.753573 0.00175783 0.188332 1.94224 1.4517 1.96079 1.92284 0.983527 -0.786781 12.5485 13.0097 4.72348 0 -49.3874 -54.1596 6.5698 -4.84914 1 0 0 7.43522 8.22347 0.240865
9265 176.435 3.02085e-05 1.09388 0.349311 0.384934 0.359635 0.753695 0.00175699 0.187989 1.94096 1.4517 1.95945 1.92162 0.983744 -0.762192 12.5527 13.0144 4.72377 0 -49.3768 -54.1526 6.57454 -4.70489 1 0 0 7.47022 8.26158 0.242467
9270 176.435 3.02085e-05 1.10172 0.351468 0.387342 0.362912 0.753814 0.00175614 0.187645 1.93967 1.4517 1.95811 1.92039 0.983963 -0.737662 12.5569 13.019 4.72406 0 -49.3654 -54.1447 6.57922 -4.56057 1 0 0 7.50512 8.29959 0.244073
9275 176.435 3.02085e-05 1.10958 0.353626 0.389752 0.366205 0.753929 0.0017553 0.187302 1.93839 1.4517 1.95677 1.91916 0.984181 -0.713192 12.561 13.0236 4.72435 0 -49.3531 -54.1358 6.58382 -4.41617 1 0 0 7.53992 8.33748 0.245683
9280 176.435 3.02085e-05 1.11747 0.355787 0.392164 0.369516 0.754043 0.00175446 0.186958 1.9371 1.4517 1.95544 1.91794 0.984399 -0.688782 12.5652 13.0282 4.72465 0 -49.3399 -54.126 6.58836 -4.2717 1 0 0 7.57462 8.37527 0.247296
9285 176.435 3.02085e-05 1.12537 0.35795 0.394577 0.372845 0.754153 0.00175363 0.186615 1.93582 1.4517 1.9541 1.91672 0.984618 -0.664435 12.5693 13.0328 4.72494 0 -49.3258 -54.1153 6.59282 -4.12717 1 0 0 7.60922 8.41294 0.248913
9290 176.435 3.02085e-05 1.1333 0.360114 0.396993 0.37619 0.754262 0.00175279 0.186271 1.93454 1.4517 1.95277 1.91549 0.984837 -0.640149 12.5734 13.0374 4.72524 0 -49.3108 -54.1035 6.59721 -3.98257 1 0 0 7.64372 8.4505 0.250534
9295 176.436 3.02085e-05 1.14124 0.36228 0.39941 0.379553 0.754368 0.00175195 0.185928 1.93326 1.4517 1.95143 1.91427 0.985056 -0.615926 12.5775 13.042 4.72553 0 -49.2948 -54.0908 6.60151 -3.83791 1 0 0 7.67811 8.48795 0.252158
9300 176.436 3.02085e-05 1.14921 0.364448 0.401828 0.382933 0.754472 0.00175112 0.185584 1.93198 1.4517 1.9501 1.91305 0.985276 -0.591767 12.5816 13.0465 4.72583 0 -49.2778 -54.077 6.60574 -3.69319 1 0 0 7.71239 8.52527 0.253786
9305 176.436 3.02085e-05 1.1572 0.366617 0.404249 0.38633 0.754575 0.00175028 0.18524 1.9307 1.4517 1.94877 1.91184 0.985496 -0.567673 12.5857 13.051 4.72613 0 -49.2598 -54.0621 6.60989 -3.54843 1 0 0 7.74656 8.56247 0.255417
9310 176.436 3.02085e-05 1.1652 0.368788 0.40667 0.389745 0.754676 0.00174945 0.184897 1.92943 1.4517 1.94744 1.91062 0.985715 -0.543644 12.5897 13.0556 4.72643 0 -49.2407 -54.0462 6.61394 -3.40362 1 0 0 7.78062 8.59955 0.257052
9315 176.436 3.02085e-05 1.17323 0.37096 0.409093 0.393177 0.754776 0.00174861 0.184553 1.92815 1.4517 1.94611 1.90941 0.985935 -0.519681 12.5938 13.0601 4.72674 0 -49.2207 -54.0291 6.61791 -3.25877 1 0 0 7.81457 8.6365 0.258691
9320 176.436 3.02085e-05 1.18128 0.373134 0.411517 0.396625 0.754875 0.00174778 0.18421 1.92688 1.4517 1.94479 1.90819 0.986156 -0.495785 12.5978 13.0645 4.72704 0 -49.1995 -54.0109 6.62179 -3.11388 1 0 0 7.8484 8.67333 0.260333
9325 176.436 3.02085e-05 1.18934 0.375309 0.413941 0.400091 0.754973 0.00174695 0.183866 1.92561 1.4517 1.94346 1.90698 0.986376 -0.471957 12.6018 13.069 4.72734 0 -49.1772 -53.9916 6.62558 -2.96896 1 0 0 7.88212 8.71002 0.261979
9330 176.437 3.02085e-05 1.19743 0.377485 0.416367 0.403574 0.755071 0.00174612 0.183523 1.92434 1.4517 1.94214 1.90577 0.986597 -0.448198 12.6058 13.0735 4.72765 0 -49.1538 -53.971 6.62926 -2.82401 1 0 0 7.91571 8.74657 0.263628
9335 176.437 3.02085e-05 1.20553 0.379662 0.418793 0.407074 0.755169 0.00174529 0.183179 1.92307 1.4517 1.94081 1.90456 0.986818 -0.424509 12.6098 13.0779 4.72796 0 -49.1293 -53.9492 6.63285 -2.67904 1 0 0 7.94919 8.78299 0.265281
9340 176.437 3.02085e-05 1.21365 0.38184 0.42122 0.410591 0.755267 0.00174446 0.182836 1.9218 1.4517 1.93949 1.90335 0.987039 -0.400891 12.6138 13.0823 4.72827 0 -49.1035 -53.9262 6.63634 -2.53405 1 0 0 7.98254 8.81927 0.266937
9345 176.437 3.02085e-05 1.22179 0.384019 0.423648 0.414125 0.755365 0.00174363 0.182492 1.92053 1.4517 1.93817 1.90215 0.98726 -0.377344 12.6177 13.0867 4.72858 0 -49.0766 -53.9018 6.63971 -2.38905 1 0 0 8.01576 8.8554 0.268597
9350 176.437 3.02085e-05 1.22995 0.386198 0.426076 0.417675 0.755465 0.00174281 0.182149 1.91927 1.4517 1.93685 1.90094 0.987481 -0.35387 12.6216 13.0911 4.72889 0 -49.0483 -53.8762 6.64298 -2.24405 1 0 0 8.04886 8.89139 0.27026
9355 176.437 3.02085e-05 1.23813 0.388379 0.428504 0.421243 0.755565 0.00174198 0.181805 1.91801 1.4517 1.93554 1.89974 0.987703 -0.330469 12.6256 13.0954 4.7292 0 -49.0189 -53.8492 6.64614 -2.09905 1 0 0 8.08182 8.92723 0.271926
9360 176.438 3.02085e-05 1.24632 0.39056 0.430932 0.424827 0.755667 0.00174116 0.181461 1.91675 1.4517 1.93422 1.89854 0.987924 -0.307144 12.6295 13.0998 4.72951 0 -48.9881 -53.8208 6.64918 -1.95406 1 0 0 8.11466 8.96292 0.273596
9365 176.438 3.02085e-05 1.25453 0.392741 0.43336 0.428428 0.755772 0.00174034 0.181118 1.91549 1.4517 1.93291 1.89734 0.988146 -0.283894 12.6333 13.1041 4.72983 0 -48.956 -53.7909 6.6521 -1.80908 1 0 0 8.14736 8.99845 0.275269
9370 176.438 3.02085e-05 1.26276 0.394923 0.435787 0.432046 0.755878 0.00173951 0.180774 1.91423 1.4517 1.9316 1.89614 0.988368 -0.260721 12.6372 13.1084 4.73014 0 -48.9225 -53.7597 6.65489 -1.66412 1 0 0 8.17992 9.03382 0.276945
9375 176.438 3.02085e-05 1.271 0.397105 0.438215 0.43568 0.755988 0.00173869 0.180431 1.91297 1.4517 1.93029 1.89495 0.98859 -0.237625 12.641 13.1127 4.73046 0 -48.8876 -53.7269 6.65756 -1.51918 1 0 0 8.21234 9.06903 0.278624
9380 176.438 3.02085e-05 1.27926 0.399287 0.440642 0.439331 0.756101 0.00173787 0.180087 1.91172 1.4517 1.92898 1.89376 0.988813 -0.214609 12.6449 13.117 4.73078 0 -48.8513 -53.6926 6.6601 -1.37428 1 0 0 8.24462 9.10408 0.280307
9385 176.438 3.02085e-05 1.28753 0.40147 0.443068 0.442998 0.756218 0.00173705 0.179744 1.91047 1.4517 1.92767 1.89256 0.989035 -0.191673 12.6487 13.1212 4.7311 0 -48.8135 -53.6567 6.6625 -1.22942 1 0 0 8.27675 9.13896 0.281993
9390 176.438 3.02085e-05 1.29583 0.403652 0.445493 0.446681 0.756339 0.00173624 0.1794 1.90922 1.4517 1.92637 1.89137 0.989258 -0.168819 12.6525 13.1255 4.73142 0 -48.7742 -53.6192 6.66476 -1.08461 1 0 0 8.30873 9.17366 0.283682
9395 176.439 3.02085e-05 1.30413 0.405833 0.447917 0.450381 0.756465 0.00173542 0.179057 1.90797 1.4517 1.92507 1.89019 0.989481 -0.146047 12.6562 13.1297 4.73174 0 -48.7334 -53.5801 6.66688 -0.939853 1 0 0 8.34057 9.20819 0.285374
9400 176.439 3.02085e-05 1.31245 0.408015 0.45034 0.454097 0.756596 0.00173461 0.178713 1.90672 1.4517 1.92376 1.889 0.989704 -0.123358 12.66 13.1338 4.73207 0 -48.691 -53.5393 6.66884 -0.795158 1 0 0 8.37225 9.24254 0.287069
9405 176.439 3.02085e-05 1.32079 0.410196 0.452761 0.457829 0.756734 0.00173379 0.17837 1.90548 1.4517 1.92246 1.88781 0.989927 -0.100755 12.6637 13.138 4.73239 0 -48.647 -53.4967 6.67066 -0.650535 1 0 0 8.40378 9.27671 0.288767
9410 176.439 3.02085e-05 1.32913 0.412376 0.455181 0.461577 0.756877 0.00173298 0.178026 1.90424 1.4517 1.92117 1.88663 0.99015 -0.0782381 12.6674 13.1422 4.73272 0 -48.6013 -53.4524 6.67232 -0.50599 1 0 0 8.43514 9.31069 0.290468
9415 176.439 3.02085e-05 1.3375 0.414556 0.457599 0.465341 0.757029 0.00173217 0.177682 1.903 1.4517 1.91987 1.88545 0.990373 -0.0558087 12.6711 13.1463 4.73304 0 -48.5539 -53.4063 6.67382 -0.361532 1 0 0 8.46635 9.34447 0.292172
9420 176.439 3.02085e-05 1.34587 0.416734 0.460015 0.469121 0.757188 0.00173136 0.177339 1.90176 1.4517 1.91858 1.88427 0.990596 -0.0334681 12.6748 13.1504 4.73337 0 -48.5048 -53.3583 6.67515 -0.21717 1 0 0 8.49739 9.37807 0.293879
9425 176.439 3.02085e-05 1.35426 0.418912 0.462429 0.472917 0.757355 0.00173055 0.176995 1.90052 1.4517 1.91729 1.8831 0.99082 -0.0112179 12.6785 13.1545 4.7337 0 -48.4539 -53.3084 6.6763 -0.072913 1 0 0 8.52826 9.41146 0.295588
9430 176.44 3.02085e-05 1.36266 0.421088 0.464841 0.476728 0.757532 0.00172974 0.176652 1.89929 1.4517 1.916 1.88193 0.991044 0.0109408 12.6821 13.1585 4.73403 0 -48.4013 -53.2565 6.67728 0.0712308 1 0 0 8.55896 9.44466 0.297301
9435 176.44 3.02085e-05 1.37107 0.423263 0.46725 0.480554 0.757718 0.00172894 0.176308 1.89805 1.4517 1.91471 1.88075 0.991267 0.0330064 12.6857 13.1626 4.73437 0 -48.3467 -53.2026 6.67808 0.215252 1 0 0 8.58949 9.47764 0.299016
9440 176.44 3.02085e-05 1.37949 0.425436 0.469656 0.484396 0.757916 0.00172813 0.175965 1.89682 1.4517 1.91342 1.87958 0.991491 0.0549775 12.6893 13.1666 4.7347 0 -48.2903 -53.1467 6.67869 0.35914 1 0 0 8.61984 9.51042 0.300733
9445 176.44 3.02085e-05 1.38792 0.427608 0.472059 0.488253 0.758124 0.00172733 0.175621 1.8956 1.4517 1.91214 1.87842 0.991715 0.0768527 12.6929 13.1706 4.73504 0 -48.2319 -53.0887 6.67911 0.502887 1 0 0 8.65001 9.54298 0.302454
9450 176.44 3.02085e-05 1.39636 0.429778 0.47446 0.492125 0.758345 0.00172653 0.175278 1.89437 1.4517 1.91086 1.87725 0.991939 0.0986305 12.6965 13.1745 4.73537 0 -48.1715 -53.0285 6.67932 0.646481 1 0 0 8.68 9.57532 0.304176
9455 176.44 3.02085e-05 1.40481 0.431946 0.476856 0.496012 0.758579 0.00172573 0.174934 1.89315 1.4517 1.90958 1.87609 0.992163 0.120309 12.7 13.1785 4.73571 0 -48.109 -52.9661 6.67933 0.789913 1 0 0 8.7098 9.60743 0.305902
9460 176.441 3.02085e-05 1.41327 0.434111 0.479249 0.499913 0.758827 0.00172493 0.174591 1.89193 1.4517 1.90831 1.87493 0.992387 0.141888 12.7035 13.1824 4.73605 0 -48.0445 -52.9014 6.67913 0.933172 1 0 0 8.7394 9.63932 0.30763
9465 176.441 3.02085e-05 1.42174 0.436274 0.481638 0.50383 0.75909 0.00172414 0.174247 1.89071 1.4517 1.90703 1.87377 0.992611 0.163364 12.707 13.1863 4.73639 0 -47.9778 -52.8345 6.67871 1.07625 1 0 0 8.76882 9.67097 0.30936
9470 176.441 3.02085e-05 1.43022 0.438435 0.484023 0.50776 0.759369 0.00172334 0.173903 1.8895 1.4517 1.90576 1.87262 0.992835 0.184737 12.7104 13.1902 4.73673 0 -47.909 -52.7651 6.67807 1.21913 1 0 0 8.79803 9.70238 0.311092
9475 176.441 3.02085e-05 1.4387 0.440593 0.486404 0.511705 0.759664 0.00172255 0.17356 1.88828 1.4517 1.90449 1.87147 0.993059 0.206004 12.7139 13.194 4.73707 0 -47.8379 -52.6934 6.6772 1.3618 1 0 0 8.82705 9.73355 0.312826
9480 176.441 3.02085e-05 1.44719 0.442747 0.48878 0.515664 0.759977 0.00172176 0.173216 1.88707 1.4517 1.90323 1.87032 0.993284 0.227165 12.7173 13.1978 4.73742 0 -47.7646 -52.6191 6.67609 1.50426 1 0 0 8.85585 9.76447 0.314563
9485 176.441 3.02085e-05 1.45569 0.444899 0.491151 0.519637 0.760308 0.00172097 0.172873 1.88587 1.4517 1.90196 1.86917 0.993508 0.248217 12.7207 13.2016 4.73776 0 -47.6889 -52.5424 6.67474 1.64649 1 0 0 8.88445 9.79513 0.316302
9490 176.441 3.02085e-05 1.46419 0.447047 0.493517 0.523624 0.760659 0.00172018 0.172529 1.88466 1.4517 1.9007 1.86803 0.993732 0.269158 12.7241 13.2054 4.73811 0 -47.6108 -52.463 6.67313 1.78847 1 0 0 8.91284 9.82554 0.318043
9495 176.442 3.02085e-05 1.47269 0.449192 0.495878 0.527624 0.761031 0.0017194 0.172186 1.88346 1.4517 1.89944 1.86689 0.993956 0.289988 12.7274 13.2091 4.73846 0 -47.5303 -52.381 6.67127 1.9302 1 0 0 8.941 9.85568 0.319786
9500 176.442 3.02085e-05 1.4812 0.451333 0.498233 0.531637 0.761425 0.00171861 0.171842 1.88226 1.4517 1.89819 1.86575 0.994181 0.310704 12.7307 13.2128 4.7388 0 -47.4472 -52.2962 6.66915 2.07167 1 0 0 8.96895 9.88555 0.32153
9505 176.442 3.02085e-05 1.48972 0.45347 0.500582 0.535664 0.761841 0.00171783 0.171499 1.88106 1.4517 1.89694 1.86461 0.994405 0.331304 12.734 13.2165 4.73915 0 -47.3617 -52.2087 6.66675 2.21285 1 0 0 8.99667 9.91515 0.323276
9510 176.442 3.02085e-05 1.49823 0.455603 0.502925 0.539703 0.762282 0.00171705 0.171155 1.87987 1.4517 1.89569 1.86348 0.994629 0.351786 12.7373 13.2202 4.73951 0 -47.2735 -52.1183 6.66407 2.35374 1 0 0 9.02416 9.94446 0.325024
9515 176.442 3.02085e-05 1.50675 0.457731 0.505262 0.543755 0.762748 0.00171627 0.170812 1.87868 1.4517 1.89444 1.86235 0.994853 0.372149 12.7405 13.2238 4.73986 0 -47.1827 -52.0251 6.66111 2.49433 1 0 0 9.05142 9.97349 0.326774
9520 176.442 3.02085e-05 1.51527 0.459854 0.507591 0.54782 0.76324 0.0017155 0.170468 1.87749 1.4517 1.8932 1.86123 0.995077 0.392391 12.7437 13.2274 4.74021 0 -47.0892 -51.9288 6.65785 2.63459 1 0 0 9.07844 10.0022 0.328525
9525 176.442 3.02085e-05 1.52378 0.461973 0.509914 0.551896 0.76376 0.00171472 0.170124 1.87631 1.4517 1.89196 1.8601 0.995302 0.41251 12.7469 13.2309 4.74057 0 -46.9929 -51.8296 6.65429 2.77452 1 0 0 9.10521 10.0307 0.330278
9530 176.443 3.02085e-05 1.5323 0.464087 0.512229 0.555985 0.764308 0.00171395 0.169781 1.87513 1.4517 1.89072 1.85898 0.995526 0.432503 12.7501 13.2344 4.74092 0 -46.8938 -51.7272 6.65042 2.9141 1 0 0 9.13174 10.0588 0.332032
9535 176.443 3.02085e-05 1.54082 0.466195 0.514537 0.560085 0.764887 0.00171318 0.169437 1.87395 1.4517 1.88948 1.85787 0.99575 0.45237 12.7532 13.2379 4.74128 0 -46.7918 -51.6217 6.64623 3.05332 1 0 0 9.15802 10.0866 0.333787
9540 176.443 3.02085e-05 1.54933 0.468297 0.516836 0.564197 0.765497 0.00171242 0.169094 1.87278 1.4517 1.88825 1.85676 0.995973 0.472107 12.7563 13.2414 4.74164 0 -46.6869 -51.513 6.64171 3.19216 1 0 0 9.18404 10.1141 0.335543
9545 176.443 3.02085e-05 1.55784 0.470393 0.519127 0.568319 0.76614 0.00171165 0.16875 1.87161 1.4517 1.88703 1.85565 0.996197 0.491714 12.7594 13.2448 4.742 0 -46.579 -51.401 6.63686 3.33061 1 0 0 9.20979 10.1413 0.337301
9550 176.443 3.02085e-05 1.56635 0.472484 0.52141 0.572453 0.766817 0.00171089 0.168407 1.87044 1.4517 1.8858 1.85454 0.996421 0.511187 12.7624 13.2482 4.74236 0 -46.4681 -51.2857 6.63166 3.46864 1 0 0 9.23529 10.1682 0.339059
9555 176.443 3.02085e-05 1.57485 0.474568 0.523684 0.576597 0.767529 0.00171013 0.168063 1.86928 1.4517 1.88458 1.85344 0.996644 0.530525 12.7654 13.2516 4.74272 0 -46.3541 -51.1669 6.62612 3.60625 1 0 0 9.26051 10.1947 0.340818
9560 176.444 3.02085e-05 1.58334 0.476645 0.525948 0.580751 0.768278 0.00170937 0.16772 1.86812 1.4517 1.88336 1.85234 0.996868 0.549726 12.7684 13.2549 4.74309 0 -46.2369 -51.0447 6.62021 3.74342 1 0 0 9.28545 10.2209 0.342578
9565 176.444 3.02085e-05 1.59183 0.478715 0.528203 0.584915 0.769065 0.00170861 0.167376 1.86696 1.4517 1.88215 1.85125 0.997091 0.568787 12.7714 13.2582 4.74345 0 -46.1165 -50.9189 6.61394 3.88014 1 0 0 9.31012 10.2467 0.344339
9570 176.444 3.02085e-05 1.60031 0.480777 0.530448 0.589089 0.769892 0.00170786 0.167032 1.86581 1.4517 1.88094 1.85016 0.997314 0.587707 12.7743 13.2615 4.74382 0 -45.9929 -50.7896 6.60729 4.01638 1 0 0 9.33449 10.2722 0.3461
9575 176.444 3.02085e-05 1.60879 0.482832 0.532682 0.593272 0.770759 0.00170711 0.166689 1.86466 1.4517 1.87973 1.84907 0.997537 0.606484 12.7772 13.2647 4.74419 0 -45.866 -50.6566 6.60025 4.15213 1 0 0 9.35858 10.2973 0.347862
9580 176.444 3.02085e-05 1.61725 0.48488 0.534906 0.597464 0.771669 0.00170636 0.166345 1.86352 1.4517 1.87853 1.84799 0.99776 0.625114 12.78 13.2679 4.74456 0 -45.7357 -50.5199 6.59282 4.28737 1 0 0 9.38237 10.322 0.349624
9585 176.444 3.02085e-05 1.6257 0.486919 0.537119 0.601665 0.772622 0.00170562 0.166002 1.86238 1.4517 1.87733 1.84691 0.997982 0.643597 12.7828 13.271 4.74493 0 -45.602 -50.3794 6.58498 4.42208 1 0 0 9.40586 10.3464 0.351387
9590 176.444 3.02085e-05 1.63414 0.488949 0.539321 0.605874 0.77362 0.00170487 0.165658 1.86124 1.4517 1.87614 1.84583 0.998204 0.661929 12.7856 13.2741 4.7453 0 -45.4649 -50.2351 6.57674 4.55626 1 0 0 9.42904 10.3704 0.353149
9595 176.445 3.02085e-05 1.64257 0.490971 0.54151 0.61009 0.774665 0.00170413 0.165315 1.86011 1.4517 1.87495 1.84476 0.998426 0.680109 12.7883 13.2772 4.74567 0 -45.3243 -50.0869 6.56808 4.68987 1 0 0 9.45192 10.394 0.354912
9600 176.445 3.02085e-05 1.65099 0.492984 0.543688 0.614315 0.775758 0.0017034 0.164971 1.85898 1.4517 1.87376 1.84369 0.998648 0.698134 12.7911 13.2802 4.74604 0 -45.1801 -49.9347 6.55898 4.82291 1 0 0 9.47447 10.4172 0.356674
9605 176.445 3.02085e-05 1.65939 0.494987 0.545854 0.618546 0.7769 0.00170266 0.164628 1.85786 1.4517 1.87258 1.84263 0.99887 0.716003 12.7937 13.2832 4.74642 0 -45.0324 -49.7786 6.54946 4.95535 1 0 0 9.4967 10.44 0.358436
9610 176.445 3.02085e-05 1.66777 0.496981 0.548006 0.622784 0.778093 0.00170193 0.164284 1.85674 1.4517 1.87141 1.84158 0.999091 0.733712 12.7964 13.2861 4.74679 0 -44.881 -49.6184 6.53948 5.08717 1 0 0 9.51861 10.4623 0.360198
9615 176.445 3.02085e-05 1.67614 0.498964 0.550146 0.627028 0.779338 0.0017012 0.163941 1.85562 1.4517 1.87023 1.84052 0.999312 0.751261 12.799 13.289 4.74717 0 -44.7259 -49.4542 6.52906 5.21837 1 0 0 9.54018 10.4843 0.36196
9620 176.445 3.02085e-05 1.68449 0.500937 0.552271 0.631279 0.780637 0.00170048 0.163597 1.85451 1.4517 1.86906 1.83947 0.999533 0.768646 12.8015 13.2919 4.74755 0 -44.5672 -49.2857 6.51817 5.34891 1 0 0 9.56141 10.5059 0.363721
9625 176.445 3.02085e-05 1.69282 0.5029 0.554383 0.635535 0.781991 0.00169975 0.163253 1.85341 1.4517 1.8679 1.83843 0.999753 0.785865 12.8041 13.2947 4.74793 0 -44.4047 -49.1132 6.50682 5.47878 1 0 0 9.5823 10.527 0.365481
9630 176.446 3.02085e-05 1.70113 0.504851 0.556481 0.639796 0.783402 0.00169903 0.16291 1.85231 1.4517 1.86674 1.83739 0.999973 0.802916 12.8066 13.2975 4.74831 0 -44.2384 -48.9364 6.49499 5.60796 1 0 0 9.60284 10.5476 0.367241
9635 176.446 3.02085e-05 1.70942 0.506791 0.558564 0.644061 0.78487 0.00169832 0.162566 1.85121 1.4517 1.86559 1.83636 1.00019 0.819797 12.809 13.3002 4.74869 0 -44.0684 -48.7553 6.48268 5.73644 1 0 0 9.62302 10.5679 0.368999
9640 176.446 3.02085e-05 1.71768 0.508719 0.560632 0.648331 0.786398 0.00169761 0.162223 1.85012 1.4517 1.86444 1.83533 1.00041 0.836506 12.8114 13.3029 4.74908 0 -43.8945 -48.5699 6.46987 5.86419 1 0 0 9.64285 10.5876 0.370757
9645 176.446 3.02085e-05 1.72592 0.510635 0.562684 0.652605 0.787987 0.0016969 0.161879 1.84904 1.4517 1.8633 1.83431 1.00063 0.85304 12.8138 13.3055 4.74946 0 -43.7168 -48.3803 6.45657 5.9912 1 0 0 9.6623 10.607 0.372514
9650 176.446 3.02085e-05 1.73414 0.512539 0.564721 0.656881 0.789638 0.00169619 0.161536 1.84796 1.4517 1.86216 1.83329 1.00085 0.869397 12.8161 13.3081 4.74985 0 -43.5353 -48.1862 6.44276 6.11744 1 0 0 9.68139 10.6258 0.374269
9655 176.446 3.02085e-05 1.74233 0.51443 0.566742 0.661161 0.791353 0.00169549 0.161192 1.84688 1.4517 1.86102 1.83227 1.00107 0.885576 12.8184 13.3106 4.75023 0 -43.3499 -47.9879 6.42845 6.24289 1 0 0 9.70011 10.6442 0.376023
9660 176.447 3.02085e-05 1.7505 0.516307 0.568746 0.665443 0.793133 0.00169479 0.160849 1.84581 1.4517 1.85989 1.83127 1.00128 0.901573 12.8206 13.3131 4.75062 0 -43.1606 -47.7851 6.41361 6.36755 1 0 0 9.71844 10.6621 0.377776
9665 176.447 3.02085e-05 1.75863 0.518172 0.570733 0.669727 0.794981 0.00169409 0.160505 1.84475 1.4517 1.85877 1.83026 1.0015 0.917388 12.8228 13.3155 4.75101 0 -42.9674 -47.5779 6.39825 6.49138 1 0 0 9.73638 10.6795 0.379527
9670 176.447 3.02085e-05 1.76674 0.520022 0.572702 0.674013 0.796897 0.0016934 0.160162 1.84369 1.4517 1.85765 1.82927 1.00172 0.933017 12.825 13.3179 4.7514 0 -42.7703 -47.3663 6.38236 6.61438 1 0 0 9.75393 10.6964 0.381276
9675 176.447 3.02085e-05 1.77481 0.521859 0.574655 0.678299 0.798883 0.00169271 0.159818 1.84264 1.4517 1.85654 1.82827 1.00193 0.948459 12.8271 13.3202 4.75179 0 -42.5693 -47.1502 6.36593 6.73651 1 0 0 9.77109 10.7128 0.383024
9680 176.447 3.02085e-05 1.78286 0.523681 0.576589 0.682586 0.800942 0.00169203 0.159474 1.84159 1.4517 1.85544 1.82729 1.00215 0.963712 12.8291 13.3225 4.75219 0 -42.3644 -46.9298 6.34897 6.85777 1 0 0 9.78785 10.7287 0.384769
9685 176.447 3.02085e-05 1.79087 0.525488 0.578505 0.686873 0.803075 0.00169135 0.159131 1.84055 1.4517 1.85433 1.82631 1.00237 0.978773 12.8311 13.3247 4.75258 0 -42.1556 -46.7048 6.33145 6.97812 1 0 0 9.8042 10.7441 0.386513
9690 176.447 3.02085e-05 1.79884 0.527279 0.580402 0.691159 0.805283 0.00169067 0.158787 1.83951 1.4517 1.85324 1.82533 1.00258 0.993642 12.8331 13.3269 4.75298 0 -41.9429 -46.4755 6.31339 7.09757 1 0 0 9.82013 10.759 0.388255
9695 176.448 3.02085e-05 1.80678 0.529056 0.582279 0.695445 0.807571 0.00169 0.158444 1.83848 1.4517 1.85215 1.82437 1.00279 1.00831 12.835 13.329 4.75337 0 -41.7264 -46.2417 6.29476 7.21608 1 0 0 9.83566 10.7733 0.389994
9700 176.448 3.02085e-05 1.81468 0.530816 0.584138 0.699728 0.809939 0.00168933 0.1581 1.83746 1.4517 1.85107 1.8234 1.00301 1.02279 12.8369 13.3311 4.75377 0 -41.506 -46.0034 6.27558 7.33363 1 0 0 9.85076 10.7871 0.391731
9705 176.448 3.02085e-05 1.82255 0.53256 0.585977 0.70401 0.81239 0.00168866 0.157757 1.83644 1.4517 1.84999 1.82245 1.00322 1.03707 12.8387 13.3331 4.75417 0 -41.2817 -45.7608 6.25582 7.45022 1 0 0 9.86543 10.8004 0.393466
9710 176.448 3.02085e-05 1.83037 0.534288 0.587795 0.708289 0.814929 0.001688 0.157413 1.83543 1.4517 1.84892 1.8215 1.00343 1.05114 12.8405 13.335 4.75457 0 -41.0536 -45.5137 6.23549 7.56582 1 0 0 9.87968 10.8131 0.395198
9715 176.448 3.02085e-05 1.83816 0.535998 0.589593 0.712564 0.817557 0.00168734 0.15707 1.83442 1.4517 1.84786 1.82055 1.00364 1.06502 12.8422 13.3369 4.75497 0 -40.8217 -45.2621 6.21459 7.68041 1 0 0 9.89349 10.8253 0.396928
9720 176.448 3.02085e-05 1.8459 0.537692 0.591371 0.716837 0.82028 0.00168669 0.156726 1.83343 1.4517 1.8468 1.81962 1.00385 1.07869 12.8439 13.3387 4.75537 0 -40.5859 -45.0062 6.19309 7.79397 1 0 0 9.90687 10.8369 0.398654
9725 176.448 3.02085e-05 1.8536 0.539368 0.593127 0.721104 0.823102 0.00168604 0.156383 1.83243 1.4517 1.84575 1.81869 1.00406 1.09215 12.8455 13.3405 4.75578 0 -40.3464 -44.7458 6.17101 7.9065 1 0 0 9.9198 10.848 0.400378
9730 176.449 3.02085e-05 1.86125 0.541025 0.594862 0.725367 0.826027 0.0016854 0.156039 1.83145 1.4517 1.8447 1.81776 1.00427 1.10541 12.8471 13.3422 4.75618 0 -40.103 -44.481 6.14832 8.01797 1 0 0 9.93229 10.8585 0.4021
9735 176.449 3.02085e-05 1.86886 0.542665 0.596574 0.729625 0.829064 0.00168476 0.155695 1.83047 1.4517 1.84366 1.81684 1.00448 1.11846 12.8486 13.3439 4.75659 0 -39.8557 -44.2117 6.12502 8.12835 1 0 0 9.94432 10.8684 0.403818
9740 176.449 3.02085e-05 1.87643 0.544286 0.598265 0.733877 0.832217 0.00168412 0.155352 1.8295 1.4517 1.84263 1.81593 1.00469 1.1313 12.85 13.3455 4.75699 0 -39.6047 -43.9379 6.10109 8.23765 1 0 0 9.95591 10.8778 0.405533
9745 176.449 3.02085e-05 1.88394 0.545888 0.599934 0.738122 0.835497 0.00168349 0.155008 1.82853 1.4517 1.84161 1.81503 1.0049 1.14392 12.8514 13.347 4.7574 0 -39.3498 -43.6595 6.07653 8.34583 1 0 0 9.96703 10.8866 0.407244
9750 176.449 3.02085e-05 1.89141 0.54747 0.601579 0.74236 0.838914 0.00168286 0.154665 1.82757 1.4517 1.84059 1.81413 1.0051 1.15633 12.8528 13.3484 4.75781 0 -39.0909 -43.3766 6.05132 8.45289 1 0 0 9.9777 10.8947 0.408953
9755 176.449 3.02085e-05 1.89883 0.549033 0.603202 0.746591 0.842479 0.00168224 0.154321 1.82662 1.4517 1.83958 1.81324 1.00531 1.16853 12.8541 13.3498 4.75822 0 -38.8281 -43.0889 6.02543 8.5588 1 0 0 9.98789 10.9023 0.410658
9760 176.449 3.02085e-05 1.90619 0.550576 0.604801 0.750813 0.846207 0.00168162 0.153978 1.82568 1.4517 1.83858 1.81236 1.00551 1.18051 12.8553 13.3512 4.75863 0 -38.5611 -42.7965 5.99885 8.66354 1 0 0 9.99762 10.9093 0.412359
9765 176.45 3.02085e-05 1.9135 0.552098 0.606376 0.755026 0.850117 0.00168101 0.153634 1.82474 1.4517 1.83758 1.81148 1.00572 1.19227 12.8565 13.3524 4.75904 0 -38.2899 -42.499 5.97154 8.76711 1 0 0 10.0069 10.9157 0.414057
9770 176.45 3.02085e-05 1.92076 0.553599 0.607927 0.75923 0.854229 0.0016804 0.153291 1.82381 1.4517 1.83659 1.81061 1.00592 1.20382 12.8576 13.3536 4.75946 0 -38.0143 -42.1963 5.94347 8.86947 1 0 0 10.0157 10.9215 0.41575
9775 176.45 3.02085e-05 1.92796 0.555079 0.609454 0.763424 0.858569 0.0016798 0.152947 1.82289 1.4517 1.83561 1.80975 1.00612 1.21514 12.8587 13.3548 4.75987 0 -37.7341 -41.8882 5.91459 8.97062 1 0 0 10.024 10.9267 0.41744
9780 176.45 3.02085e-05 1.9351 0.556537 0.610956 0.767606 0.863169 0.0016792 0.152604 1.82197 1.4517 1.83464 1.80889 1.00632 1.22623 12.8597 13.3558 4.76029 0 -37.4489 -41.5742 5.88485 9.07052 1 0 0 10.0318 10.9313 0.419126
9785 176.45 3.02085e-05 1.94218 0.557974 0.612432 0.771777 0.86807 0.00167861 0.15226 1.82107 1.4517 1.83367 1.80805 1.00652 1.23711 12.8607 13.3568 4.7607 0 -37.1583 -41.2539 5.85417 9.16916 1 0 0 10.0391 10.9352 0.420807
9790 176.45 3.02085e-05 1.9492 0.559387 0.613882 0.775935 0.873318 0.00167802 0.151916 1.82017 1.4517 1.83272 1.80721 1.00672 1.24775 12.8615 13.3577 4.76112 0 -36.8618 -40.9267 5.82247 9.26652 1 0 0 10.0459 10.9385 0.422484
9795 176.451 3.02085e-05 1.95616 0.560777 0.615306 0.78008 0.878975 0.00167744 0.151573 1.81928 1.4517 1.83177 1.80638 1.00692 1.25816 12.8624 13.3586 4.76154 0 -36.5588 -40.5918 5.78964 9.36256 1 0 0 10.0522 10.9412 0.424156
9800 176.451 3.02085e-05 1.96305 0.562142 0.616702 0.78421 0.885117 0.00167686 0.151229 1.81839 1.4517 1.83083 1.80555 1.00711 1.26834 12.8631 13.3593 4.76196 0 -36.2484 -40.2483 5.75555 9.45726 1 0 0 10.058 10.9432 0.425823
9805 176.451 3.02085e-05 1.96988 0.563483 0.618071 0.788324 0.891841 0.00167629 0.150886 1.81752 1.4517 1.82989 1.80474 1.00731 1.27829 12.8638 13.36 4.76238 0 -35.9295 -39.8951 5.72001 9.55059 1 0 0 10.0633 10.9445 0.427484
9810 176.451 3.02085e-05 1.97663 0.564798 0.61941 0.792422 0.899268 0.00167572 0.150542 1.81665 1.4517 1.82897 1.80393 1.0075 1.28799 12.8645 13.3607 4.7628 0 -35.6008 -39.5304 5.68282 9.6425 1 0 0 10.068 10.9452 0.42914
9815 176.451 3.02085e-05 1.98331 0.566086 0.62072 0.796502 0.907554 0.00167516 0.150199 1.81579 1.4517 1.82805 1.80313 1.0077 1.29745 12.865 13.3612 4.76322 0 -35.2604 -39.1525 5.6437 9.73296 1 0 0 10.0722 10.9452 0.430789
9820 176.451 3.02085e-05 1.98991 0.567346 0.621998 0.800562 0.916901 0.00167461 0.149855 1.81495 1.4517 1.82715 1.80234 1.00789 1.30666 12.8655 13.3617 4.76365 0 -34.9061 -38.7586 5.6023 9.8219 1 0 0 10.0758 10.9445 0.432431
9825 176.451 3.02085e-05 1.99642 0.568576 0.623243 0.804601 0.927569 0.00167406 0.149512 1.81411 1.4517 1.82625 1.80156 1.00808 1.31561 12.8659 13.362 4.76407 0 -34.535 -38.3456 5.55815 9.90927 1 0 0 10.0789 10.943 0.434066
9830 176.452 3.02085e-05 2.00284 0.569775 0.624453 0.808615 0.939896 0.00167352 0.149168 1.81328 1.4517 1.82537 1.80079 1.00827 1.32429 12.8663 13.3623 4.76449 0 -34.1431 -37.9092 5.51068 9.99498 1 0 0 10.0813 10.9407 0.435691
9835 176.452 3.02085e-05 2.00917 0.570939 0.625626 0.812603 0.954328 0.00167298 0.148825 1.81246 1.4517 1.82449 1.80003 1.00845 1.33269 12.8666 13.3625 4.76492 0 -33.7256 -37.444 5.45912 10.0789 1 0 0 10.0831 10.9377 0.437307
9840 176.452 3.02085e-05 2.01538 0.572066 0.626758 0.816561 0.97145 0.00167245 0.148481 1.81165 1.4517 1.82363 1.79928 1.00864 1.34079 12.8667 13.3626 4.76535 0 -33.2759 -36.9428 5.40248 10.161 1 0 0 10.0841 10.9337 0.438912
9845 176.452 3.02085e-05 2.02148 0.573153 0.627844 0.820485 0.992036 0.00167193 0.148137 1.81086 1.4517 1.82278 1.79854 1.00882 1.34859 12.8668 13.3626 4.76577 0 -32.7856 -36.3962 5.33948 10.2411 1 0 0 10.0844 10.9289 0.440503
9850 176.452 3.02085e-05 2.02744 0.574193 0.628881 0.82437 1.01712 0.00167142 0.147794 1.81008 1.4517 1.82194 1.79782 1.009 1.35604 12.8668 13.3625 4.7662 0 -32.2434 -35.7921 5.2684 10.319 1 0 0 10.0839 10.923 0.442079
9855 176.452 3.02085e-05 2.03325 0.575181 0.62986 0.828209 1.04806 0.00167092 0.14745 1.80931 1.4517 1.82112 1.79711 1.00918 1.36313 12.8667 13.3622 4.76663 0 -31.6345 -35.1143 5.187 10.3943 1 0 0 10.0825 10.916 0.443637
9860 176.452 3.02085e-05 2.03888 0.576109 0.630773 0.831995 1.08668 0.00167043 0.147107 1.80856 1.4517 1.82031 1.79641 1.00936 1.36982 12.8665 13.3618 4.76706 0 -30.9395 -34.3417 5.09233 10.467 1 0 0 10.08 10.9077 0.445172
9865 176.453 3.02085e-05 2.04429 0.576966 0.631608 0.835717 1.13542 0.00166995 0.146763 1.80783 1.4517 1.81953 1.79574 1.00953 1.37605 12.8661 13.3613 4.76748 0 -30.1327 -33.4463 4.98046 10.5364 1 0 0 10.0763 10.898 0.446681
9870 176.453 3.02085e-05 2.04945 0.577739 0.632351 0.839361 1.19746 0.00166949 0.14642 1.80712 1.4517 1.81877 1.79508 1.0097 1.38175 12.8655 13.3605 4.76791 0 -29.1803 -32.3915 4.84624 10.6021 1 0 0 10.0712 10.8866 0.448156
9875 176.453 3.02085e-05 2.0543 0.57841 0.632981 0.842909 1.277 0.00166904 0.146076 1.80644 1.4517 1.81804 1.79445 1.00986 1.38685 12.8648 13.3596 4.76834 0 -28.0378 -31.1294 4.68294 10.6634 1 0 0 10.0644 10.8733 0.449589
9880 176.453 3.02085e-05 2.05877 0.578954 0.633473 0.84634 1.37944 0.00166862 0.145733 1.80579 1.4517 1.81734 1.79385 1.01002 1.39122 12.8638 13.3584 4.76877 0 -26.6482 -29.5983 4.48181 10.7194 1 0 0 10.0556 10.8576 0.450971
9885 176.453 3.02085e-05 2.06276 0.579343 0.633794 0.849624 1.51151 0.00166822 0.145389 1.80518 1.4517 1.81668 1.79329 1.01016 1.39473 12.8626 13.3569 4.76919 0 -24.9388 -27.7203 4.23176 10.769 1 0 0 10.0442 10.8391 0.452287
9890 176.453 3.02085e-05 2.06616 0.579537 0.633899 0.852723 1.6813 0.00166785 0.145045 1.80462 1.4517 1.81607 1.79278 1.0103 1.39718 12.861 13.355 4.76961 0 -22.8203 -25.3992 3.91909 10.8107 1 0 0 10.0298 10.817 0.453519
9895 176.454 3.02085e-05 2.06881 0.579488 0.633735 0.855591 1.89778 0.00166752 0.144702 1.80412 1.4517 1.81553 1.79232 1.01043 1.39836 12.859 13.3526 4.77003 0 -20.1882 -22.5232 3.52766 10.8426 1 0 0 10.0114 10.7907 0.454647
9900 176.454 3.02085e-05 2.07054 0.579133 0.633235 0.858169 2.16962 0.00166723 0.144358 1.80369 1.4517 1.81506 1.79193 1.01054 1.39797 12.8564 13.3497 4.77044 0 -16.9301 -18.9715 3.03995 10.8625 1 0 0 9.9883 10.7592 0.455644
9905 176.454 3.02085e-05 2.07111 0.578404 0.632321 0.860387 2.50278 0.00166701 0.144015 1.80335 1.4517 1.81469 1.79163 1.01063 1.39567 12.8532 13.346 4.77085 0 -12.9426 -14.6333 2.43957 10.8677 1 0 0 9.95929 10.7213 0.456476
9910 176.454 3.02085e-05 2.07029 0.577219 0.630905 0.86217 2.89663 0.00166685 0.143671 1.80312 1.4517 1.81443 1.79143 1.0107 1.39112 12.8492 13.3415 4.77125 0 -8.16339 -9.44048 1.71594 10.8553 1 0 0 9.92319 10.6758 0.457109
9915 176.454 3.02085e-05 2.06783 0.5755 0.628899 0.863435 3.33873 0.00166678 0.143328 1.80302 1.4517 1.81431 1.79135 1.01074 1.38392 12.8442 13.336 4.77164 0 -2.61855 -3.41817 0.871511 10.8221 1 0 0 9.87878 10.6215 0.457504
9920 176.454 3.02085e-05 2.06353 0.57318 0.626231 0.864115 3.80005 0.00166681 0.142984 1.80307 1.4517 1.81435 1.79141 1.01075 1.37377 12.8381 13.3293 4.77202 0 3.52062 3.25578 -0.0695228 10.7658 1 0 0 9.82503 10.5574 0.457628
9925 176.454 3.02085e-05 2.05725 0.570223 0.622864 0.864166 4.23375 0.00166693 0.142641 1.80328 1.4517 1.81455 1.79162 1.01073 1.36049 12.8308 13.3213 4.7724 0 9.89385 10.2041 -1.05413 10.6846 1 0 0 9.76141 10.483 0.45746
9930 176.455 3.02085e-05 2.04905 0.566646 0.618816 0.863589 4.58134 0.00166716 0.142297 1.80363 1.4517 1.81491 1.79198 1.01067 1.34416 12.8223 13.312 4.77277 0 15.9555 16.8521 -2.00022 10.579 1 0 0 9.68814 10.3986 0.456994
9935 176.455 3.02085e-05 2.03915 0.562528 0.614176 0.862449 4.78748 0.00166747 0.141954 1.80413 1.4517 1.81543 1.79246 1.01059 1.32511 12.8127 13.3015 4.77315 0 21.0556 22.5096 -2.8081 10.4516 1 0 0 9.60647 10.3057 0.456255
9940 176.455 3.02085e-05 2.02799 0.558011 0.609106 0.860871 4.81844 0.00166785 0.14161 1.80473 1.4517 1.81606 1.79303 1.01048 1.30402 12.8021 13.29 4.77353 0 24.5928 26.5292 -3.38338 10.3075 1 0 0 9.51862 10.2065 0.455293
9945 176.455 3.02085e-05 2.01613 0.553287 0.603815 0.859031 4.67485 0.00166828 0.141266 1.80539 1.4517 1.81675 1.79367 1.01036 1.28177 12.7909 13.2779 4.77392 0 26.1836 28.4831 -3.66338 10.1536 1 0 0 9.42757 10.1041 0.45418
9950 176.455 3.02085e-05 2.00421 0.548559 0.59853 0.857125 4.39078 0.00166871 0.140923 1.80607 1.4517 1.81747 1.79431 1.01023 1.25934 12.7795 13.2656 4.77432 0 25.7689 28.2802 -3.63473 9.99761 1 0 0 9.33652 10.002 0.453002
9955 176.455 3.02085e-05 1.99281 0.544016 0.593456 0.85534 4.02017 0.00166912 0.140579 1.80671 1.4517 1.81816 1.79491 1.01012 1.23767 12.7683 13.2533 4.77473 0 23.6079 26.1664 -3.33383 9.84701 1 0 0 9.24844 9.90326 0.451843
9960 176.455 3.02085e-05 1.98238 0.5398 0.58875 0.853827 3.61881 0.00166949 0.140236 1.80729 1.4517 1.81877 1.79544 1.01001 1.2175 12.7576 13.2417 4.77515 0 20.1729 22.6234 -2.83152 9.70776 1 0 0 9.16561 9.8103 0.450775
9965 176.456 3.02085e-05 1.9732 0.536002 0.584509 0.852686 3.23092 0.00166979 0.139892 1.80776 1.4517 1.81929 1.79588 1.00993 1.19934 12.7476 13.2307 4.77558 0 16.0066 18.2211 -2.21104 9.58392 1 0 0 9.08949 9.72468 0.449852
9970 176.456 3.02085e-05 1.9654 0.53266 0.580772 0.851964 2.884 0.00167003 0.139549 1.80813 1.4517 1.8197 1.79622 1.00987 1.18343 12.7384 13.2207 4.77601 0 11.6017 13.4891 -1.5488 9.47757 1 0 0 9.02069 9.64712 0.449103
9975 176.456 3.02085e-05 1.95897 0.52977 0.577533 0.851669 2.59024 0.00167019 0.139205 1.8084 1.4517 1.81999 1.79645 1.00983 1.1698 12.7301 13.2115 4.77644 0 7.33211 8.84041 -0.903345 9.38906 1 0 0 8.95917 9.57762 0.448544
9980 176.456 3.02085e-05 1.95383 0.527303 0.574753 0.851775 2.35111 0.00167029 0.138862 1.80856 1.4517 1.82018 1.79659 1.00981 1.15832 12.7226 13.2033 4.77687 0 3.43659 4.54756 -0.312312 9.31753 1 0 0 8.90443 9.51567 0.448172
9985 176.456 3.02085e-05 1.94983 0.525211 0.572381 0.852242 2.16194 0.00167033 0.138518 1.80863 1.4517 1.82027 1.79664 1.00981 1.1488 12.7159 13.1959 4.77729 0 0.0354318 0.756536 0.20506 9.26139 1 0 0 8.85574 9.46048 0.447976
9990 176.456 3.02085e-05 1.94682 0.523441 0.570357 0.85302 2.01552 0.00167033 0.138175 1.80863 1.4517 1.82028 1.79663 1.00983 1.14096 12.7098 13.1892 4.77772 0 -2.83861 -2.48291 0.643183 9.21868 1 0 0 8.81225 9.41115 0.44794
9995 176.457 3.02085e-05 1.94462 0.521942 0.568622 0.85406 1.90419 0.00167028 0.137831 1.80855 1.4517 1.82021 1.79655 1.00986 1.13456 12.7043 13.1831 4.77814 0 -5.20865 -5.18438 1.00519 9.1874 1 0 0 8.77311 9.36678 0.448043
10000 176.457 3.02085e-05 1.94311 0.520667 0.567124 0.855314 1.82092 0.00167019 0.137487 1.80843 1.4517 1.82009 1.79642 1.0099 1.12935 12.6992 13.1775 4.77856 0 -7.12787 -7.39713 1.29891 9.16564 1 0 0 8.73756 9.32651 0.448265
10005 176.457 3.02085e-05 1.94214 0.519574 0.565818 0.856743 1.75976 0.00167008 0.137144 1.80826 1.4517 1.81992 1.79625 1.00995 1.12511 12.6945 13.1723 4.77898 0 -8.66138 -9.18615 1.53407 9.15173 1 0 0 8.70494 9.28961 0.44859
10010 176.457 3.02085e-05 1.94161 0.518629 0.564665 0.858312 1.71589 0.00166994 0.1368 1.80806 1.4517 1.81972 1.79606 1.01 1.12166 12.6901 13.1674 4.7794 0 -9.87495 -10.6194 1.72054 9.14423 1 0 0 8.67467 9.25545 0.448999
10015 176.457 3.02085e-05 1.94143 0.517803 0.563635 0.859991 1.68548 0.00166979 0.136457 1.80783 1.4517 1.81948 1.79583 1.01006 1.11886 12.6859 13.1628 4.77981 0 -10.8289 -11.7604 1.86737 9.14193 1 0 0 8.6463 9.22351 0.449478
10020 176.457 3.02085e-05 1.94153 0.517072 0.562703 0.861758 1.66561 0.00166962 0.136113 1.80757 1.4517 1.81922 1.79559 1.01013 1.11657 12.6818 13.1584 4.78023 0 -11.5755 -12.6652 1.98243 9.14386 1 0 0 8.61946 9.19337 0.450016
10025 176.457 3.02085e-05 1.94186 0.516419 0.561849 0.863595 1.65399 0.00166944 0.13577 1.8073 1.4517 1.81894 1.79534 1.0102 1.11469 12.678 13.1542 4.78064 0 -12.158 -13.3809 2.07224 9.14921 1 0 0 8.59384 9.1647 0.450602
10030 176.458 3.02085e-05 1.94237 0.515829 0.561057 0.865485 1.6489 0.00166926 0.135426 1.80702 1.4517 1.81864 1.79507 1.01027 1.11315 12.6742 13.1501 4.78106 0 -12.6118 -13.9463 2.14212 9.15735 1 0 0 8.56922 9.13721 0.451227
10035 176.458 3.02085e-05 1.94302 0.51529 0.560316 0.867419 1.64905 0.00166906 0.135083 1.80673 1.4517 1.81834 1.79479 1.01035 1.11188 12.6706 13.1461 4.78147 0 -12.9648 -14.3927 2.19629 9.16776 1 0 0 8.54541 9.1107 0.451886
10040 176.458 3.02085e-05 1.94379 0.514792 0.559614 0.869386 1.65344 0.00166886 0.134739 1.80643 1.4517 1.81802 1.79451 1.01042 1.11083 12.667 13.1422 4.78189 0 -13.2391 -14.7447 2.23808 9.18003 1 0 0 8.52226 9.08499 0.452571
10045 176.458 3.02085e-05 1.94466 0.51433 0.558946 0.871379 1.66134 0.00166866 0.134396 1.80612 1.4517 1.81769 1.79422 1.0105 1.10995 12.6634 13.1384 4.7823 0 -13.4517 -15.0219 2.27007 9.19383 1 0 0 8.49967 9.05996 0.453279
10050 176.458 3.02085e-05 1.9456 0.513897 0.558305 0.873393 1.67217 0.00166845 0.134052 1.80581 1.4517 1.81736 1.79393 1.01058 1.10922 12.6599 13.1346 4.78272 0 -13.6159 -15.2395 2.29428 9.2089 1 0 0 8.47754 9.0355 0.454006
10055 176.458 3.02085e-05 1.9466 0.513488 0.557686 0.875423 1.68551 0.00166824 0.133708 1.80549 1.4517 1.81703 1.79363 1.01066 1.1086 12.6565 13.1309 4.78313 0 -13.7418 -15.4094 2.31223 9.22502 1 0 0 8.45581 9.01152 0.454749
10060 176.458 3.02085e-05 1.94765 0.5131 0.557086 0.877464 1.70105 0.00166803 0.133365 1.80517 1.4517 1.81669 1.79333 1.01074 1.10808 12.653 13.1272 4.78355 0 -13.837 -15.5408 2.32512 9.24202 1 0 0 8.43442 8.98795 0.455505
10065 176.459 3.02085e-05 1.94875 0.51273 0.556501 0.879515 1.71855 0.00166782 0.133021 1.80485 1.4517 1.81635 1.79303 1.01081 1.10763 12.6496 13.1235 4.78396 0 -13.9077 -15.6408 2.33385 9.25974 1 0 0 8.41332 8.96475 0.456273
10070 176.459 3.02085e-05 1.94988 0.512376 0.555929 0.881572 1.73783 0.0016676 0.132678 1.80452 1.4517 1.816 1.79273 1.01089 1.10725 12.6462 13.1199 4.78438 0 -13.9582 -15.7148 2.3391 9.27808 1 0 0 8.39248 8.94187 0.45705
10075 176.459 3.02085e-05 1.95104 0.512034 0.555368 0.883633 1.75876 0.00166739 0.132334 1.8042 1.4517 1.81566 1.79242 1.01097 1.10691 12.6428 13.1162 4.7848 0 -13.9919 -15.7671 2.3414 9.29693 1 0 0 8.37187 8.91926 0.457835
10080 176.459 3.02085e-05 1.95222 0.511704 0.554817 0.885697 1.78124 0.00166717 0.131991 1.80387 1.4517 1.81531 1.79212 1.01105 1.10661 12.6394 13.1126 4.78522 0 -14.0115 -15.8009 2.34112 9.31619 1 0 0 8.35147 8.8969 0.458627
10085 176.459 3.02085e-05 1.95342 0.511384 0.554273 0.887762 1.80521 0.00166696 0.131647 1.80354 1.4517 1.81496 1.79182 1.01113 1.10634 12.636 13.109 4.78563 0 -14.0187 -15.8187 2.33856 9.3358 1 0 0 8.33125 8.87476 0.459425
10090 176.459 3.02085e-05 1.95463 0.511073 0.553736 0.889826 1.83062 0.00166674 0.131304 1.80322 1.4517 1.81462 1.79151 1.01121 1.10609 12.6327 13.1054 4.78605 0 -14.0151 -15.8222 2.33391 9.35569 1 0 0 8.3112 8.85283 0.460228
10095 176.46 3.02085e-05 1.95586 0.510769 0.553204 0.891888 1.85744 0.00166653 0.13096 1.80289 1.4517 1.81427 1.79121 1.01129 1.10586 12.6293 13.1018 4.78647 0 -14.0014 -15.8127 2.32733 9.37579 1 0 0 8.29129 8.83107 0.461035
10100 176.46 3.02085e-05 1.95709 0.510472 0.552676 0.893946 1.88565 0.00166631 0.130617 1.80256 1.4517 1.81392 1.79091 1.01137 1.10563 12.6259 13.0982 4.78689 0 -13.9785 -15.7912 2.31888 9.39606 1 0 0 8.27152 8.80948 0.461846
10105 176.46 3.02085e-05 1.95833 0.51018 0.552151 0.896 1.91523 0.0016661 0.130273 1.80224 1.4517 1.81358 1.7906 1.01145 1.1054 12.6226 13.0946 4.78731 0 -13.9467 -15.7583 2.30863 9.41643 1 0 0 8.25187 8.78802 0.462659
10110 176.46 3.02085e-05 1.95957 0.509892 0.551629 0.898049 1.94617 0.00166588 0.129929 1.80191 1.4517 1.81323 1.7903 1.01153 1.10516 12.6192 13.091 4.78773 0 -13.9062 -15.7142 2.29657 9.43685 1 0 0 8.23233 8.7667 0.463475
10115 176.46 3.02085e-05 1.96081 0.509607 0.551108 0.90009 1.97845 0.00166567 0.129586 1.80159 1.4517 1.81289 1.79 1.01161 1.10491 12.6158 13.0873 4.78815 0 -13.857 -15.6591 2.2827 9.45727 1 0 0 8.21289 8.74549 0.464292
10120 176.46 3.02085e-05 1.96204 0.509324 0.550588 0.902124 2.01205 0.00166546 0.129242 1.80127 1.4517 1.81255 1.7897 1.01169 1.10465 12.6124 13.0837 4.78857 0 -13.7988 -15.5927 2.26697 9.47765 1 0 0 8.19353 8.72438 0.465109
10125 176.46 3.02085e-05 1.96326 0.509043 0.550067 0.904147 2.04694 0.00166524 0.128899 1.80095 1.4517 1.81221 1.7894 1.01176 1.10435 12.609 13.0801 4.789 0 -13.7316 -15.5148 2.24932 9.49792 1 0 0 8.17424 8.70335 0.465928
10130 176.461 3.02085e-05 1.96447 0.508762 0.549545 0.90616 2.08308 0.00166503 0.128555 1.80063 1.4517 1.81187 1.7891 1.01184 1.10403 12.6056 13.0764 4.78942 0 -13.6547 -15.4249 2.22968 9.51804 1 0 0 8.15501 8.6824 0.466745
10135 176.461 3.02085e-05 1.96566 0.508479 0.54902 0.908161 2.12039 0.00166483 0.128212 1.80031 1.4517 1.81153 1.78881 1.01192 1.10367 12.6022 13.0728 4.78984 0 -13.5679 -15.3225 2.20798 9.53794 1 0 0 8.13583 8.66149 0.467562
10140 176.461 3.02085e-05 1.96683 0.508195 0.548491 0.910148 2.15878 0.00166462 0.127868 1.8 1.4517 1.8112 1.78852 1.01199 1.10326 12.5987 13.0691 4.79027 0 -13.4707 -15.207 2.18412 9.55757 1 0 0 8.11668 8.64062 0.468377
10145 176.461 3.02085e-05 1.96799 0.507907 0.547958 0.91212 2.19812 0.00166441 0.127525 1.79969 1.4517 1.81087 1.78823 1.01206 1.1028 12.5953 13.0654 4.79069 0 -13.3625 -15.0776 2.15803 9.57686 1 0 0 8.09755 8.61977 0.46919
10150 176.461 3.02085e-05 1.96911 0.507615 0.547419 0.914076 2.23824 0.00166421 0.127181 1.79938 1.4517 1.81054 1.78794 1.01214 1.10229 12.5918 13.0617 4.79112 0 -13.2428 -14.9338 2.12966 9.59574 1 0 0 8.07842 8.59892 0.47
10155 176.461 3.02085e-05 1.9702 0.507317 0.546872 0.916013 2.27892 0.00166401 0.126838 1.79907 1.4517 1.81022 1.78765 1.01221 1.1017 12.5883 13.0579 4.79155 0 -13.1114 -14.775 2.09897 9.61415 1 0 0 8.05929 8.57806 0.470807
10160 176.461 3.02085e-05 1.97126 0.507012 0.546318 0.91793 2.31989 0.00166381 0.126494 1.79877 1.4517 1.8099 1.78737 1.01228 1.10105 12.5848 13.0542 4.79197 0 -12.968 -14.6007 2.06598 9.63201 1 0 0 8.04013 8.55716 0.471609
10165 176.462 3.02085e-05 1.97228 0.506699 0.545754 0.919826 2.36084 0.00166361 0.12615 1.79847 1.4517 1.80958 1.78709 1.01235 1.10031 12.5812 13.0504 4.7924 0 -12.8127 -14.4109 2.03075 9.64924 1 0 0 8.02093 8.53621 0.472407
10170 176.462 3.02085e-05 1.97326 0.506376 0.54518 0.9217 2.40139 0.00166342 0.125807 1.79818 1.4517 1.80928 1.78682 1.01242 1.09947 12.5776 13.0465 4.79283 0 -12.646 -14.2058 1.99342 9.66576 1 0 0 8.00168 8.5152 0.473199
10175 176.462 3.02085e-05 1.97418 0.506042 0.544593 0.923549 2.4411 0.00166323 0.125463 1.79789 1.4517 1.80897 1.78655 1.01249 1.09854 12.574 13.0427 4.79325 0 -12.4688 -13.9864 1.95426 9.6815 1 0 0 7.98237 8.49409 0.473985
10180 176.462 3.02085e-05 1.97506 0.505697 0.543994 0.925372 2.47953 0.00166304 0.12512 1.79761 1.4517 1.80867 1.78628 1.01255 1.0975 12.5704 13.0387 4.79368 0 -12.2827 -13.7541 1.91361 9.69639 1 0 0 7.96299 8.47288 0.474764
10185 176.462 3.02085e-05 1.97589 0.505339 0.543381 0.92717 2.5162 0.00166286 0.124776 1.79733 1.4517 1.80838 1.78602 1.01262 1.09635 12.5667 13.0348 4.79411 0 -12.0898 -13.5116 1.87196 9.71035 1 0 0 7.94352 8.45155 0.475537
10190 176.462 3.02085e-05 1.97666 0.504968 0.542754 0.92894 2.55066 0.00166268 0.124433 1.79705 1.4517 1.80809 1.78576 1.01268 1.09507 12.563 13.0308 4.79453 0 -11.8931 -13.262 1.82995 9.72332 1 0 0 7.92396 8.4301 0.476302
10195 176.463 3.02085e-05 1.97738 0.504584 0.542113 0.930684 2.58252 0.0016625 0.124089 1.79678 1.4517 1.80781 1.7855 1.01274 1.09368 12.5593 13.0268 4.79496 0 -11.6964 -13.0098 1.78832 9.73528 1 0 0 7.90431 8.40852 0.477061
10200 176.463 3.02085e-05 1.97804 0.504187 0.541457 0.9324 2.6115 0.00166232 0.123746 1.79652 1.4517 1.80753 1.78526 1.01281 1.09215 12.5555 13.0227 4.79539 0 -11.5038 -12.7601 1.74793 9.74618 1 0 0 7.88458 8.3868 0.477812
10205 176.463 3.02085e-05 1.97866 0.503777 0.540788 0.934092 2.63748 0.00166215 0.123402 1.79626 1.4517 1.80726 1.78501 1.01286 1.0905 12.5517 13.0186 4.79581 0 -11.3203 -12.5191 1.70969 9.75604 1 0 0 7.86478 8.36496 0.478556
10210 176.463 3.02085e-05 1.97922 0.503356 0.540106 0.935759 2.66054 0.00166199 0.123058 1.79601 1.4517 1.807 1.78477 1.01292 1.08874 12.5479 13.0144 4.79623 0 -11.1505 -12.2928 1.67451 9.76488 1 0 0 7.84491 8.34301 0.479294
10215 176.463 3.02085e-05 1.97974 0.502924 0.539414 0.937404 2.68101 0.00166182 0.122715 1.79576 1.4517 1.80674 1.78453 1.01298 1.08685 12.544 13.0102 4.79666 0 -10.9992 -12.0874 1.64322 9.77276 1 0 0 7.825 8.32098 0.480026
10220 176.463 3.02085e-05 1.98023 0.502485 0.538712 0.93903 2.69945 0.00166166 0.122371 1.79552 1.4517 1.80649 1.7843 1.01304 1.08487 12.5401 13.006 4.79708 0 -10.8702 -11.9085 1.61651 9.77975 1 0 0 7.80507 8.2989 0.480754
10225 176.463 3.02085e-05 1.98068 0.502039 0.538005 0.940639 2.71667 0.0016615 0.122028 1.79527 1.4517 1.80624 1.78407 1.01309 1.08279 12.5362 13.0017 4.79749 0 -10.7663 -11.7601 1.5948 9.78596 1 0 0 7.78515 8.27679 0.481478
10230 176.464 3.02085e-05 1.98112 0.501589 0.537293 0.942235 2.73368 0.00166134 0.121684 1.79503 1.4517 1.80599 1.78384 1.01315 1.08063 12.5323 12.9975 4.79791 0 -10.6888 -11.6449 1.57825 9.79153 1 0 0 7.76526 8.2547 0.4822
10235 176.464 3.02085e-05 1.98154 0.501138 0.53658 0.943821 2.75163 0.00166119 0.121341 1.7948 1.4517 1.80575 1.78361 1.0132 1.07841 12.5283 12.9932 4.79832 0 -10.6374 -11.5633 1.56669 9.79657 1 0 0 7.74544 8.23267 0.482921
10240 176.464 3.02085e-05 1.98195 0.500688 0.535867 0.9454 2.77175 0.00166103 0.120997 1.79456 1.4517 1.8055 1.78338 1.01325 1.07615 12.5244 12.9889 4.79873 0 -10.6102 -11.5137 1.55961 9.80123 1 0 0 7.72571 8.21073 0.48364
10245 176.464 3.02085e-05 1.98237 0.50024 0.535158 0.946973 2.79528 0.00166088 0.120654 1.79433 1.4517 1.80526 1.78316 1.01331 1.07386 12.5204 12.9845 4.79913 0 -10.6038 -11.4926 1.55627 9.80565 1 0 0 7.70609 8.18892 0.48436
10250 176.464 3.02085e-05 1.98279 0.499795 0.534453 0.948544 2.82342 0.00166072 0.12031 1.79409 1.4517 1.80502 1.78293 1.01336 1.07154 12.5165 12.9802 4.79954 0 -10.6135 -11.4947 1.55565 9.80992 1 0 0 7.6866 8.16726 0.48508
10255 176.464 3.02085e-05 1.98322 0.499355 0.533753 0.950114 2.85726 0.00166057 0.119967 1.79385 1.4517 1.80478 1.7827 1.01341 1.06922 12.5126 12.9759 4.79993 0 -10.6341 -11.5137 1.55665 9.81415 1 0 0 7.66724 8.14578 0.485801
10260 176.464 3.02085e-05 1.98366 0.498919 0.533059 0.951681 2.89778 0.00166041 0.119623 1.79362 1.4517 1.80453 1.78247 1.01347 1.06689 12.5086 12.9716 4.80033 0 -10.6596 -11.5425 1.55806 9.81838 1 0 0 7.64801 8.12448 0.486521
10265 176.465 3.02085e-05 1.98411 0.498488 0.532371 0.953247 2.94584 0.00166025 0.119279 1.79338 1.4517 1.80429 1.78224 1.01352 1.06456 12.5047 12.9674 4.80072 0 -10.6843 -11.5739 1.55872 9.82266 1 0 0 7.62891 8.10337 0.487241
10270 176.465 3.02085e-05 1.98456 0.49806 0.531688 0.954809 3.00216 0.0016601 0.118936 1.79314 1.4517 1.80404 1.78201 1.01358 1.06224 12.5008 12.9631 4.80111 0 -10.7028 -11.6009 1.5575 9.82697 1 0 0 7.60993 8.08242 0.48796
10275 176.465 3.02085e-05 1.98501 0.497633 0.531009 0.956365 3.06738 0.00165994 0.118592 1.7929 1.4517 1.8038 1.78178 1.01363 1.05991 12.4969 12.9588 4.8015 0 -10.7101 -11.617 1.5534 9.83127 1 0 0 7.59104 8.06163 0.488675
10280 176.465 3.02085e-05 1.98545 0.497207 0.530331 0.957914 3.14207 0.00165978 0.118249 1.79266 1.4517 1.80355 1.78155 1.01368 1.05756 12.493 12.9546 4.80189 0 -10.7018 -11.6165 1.54556 9.8355 1 0 0 7.57222 8.04098 0.489386
10285 176.465 3.02085e-05 1.98588 0.496778 0.529653 0.95945 3.2267 0.00165962 0.117905 1.79242 1.4517 1.80331 1.78132 1.01374 1.0552 12.4891 12.9503 4.80227 0 -10.6744 -11.5945 1.53321 9.83955 1 0 0 7.55344 8.02042 0.49009
10290 176.465 3.02085e-05 1.98629 0.496343 0.528973 0.960971 3.32177 0.00165947 0.117562 1.79219 1.4517 1.80306 1.78109 1.01379 1.05279 12.4852 12.9461 4.80265 0 -10.6246 -11.5468 1.51573 9.8433 1 0 0 7.53466 7.99993 0.490785
10295 176.465 3.02085e-05 1.98666 0.4959 0.528286 0.962473 3.42769 0.00165931 0.117218 1.79195 1.4517 1.80282 1.78086 1.01384 1.05034 12.4813 12.9418 4.80302 0 -10.55 -11.4697 1.49262 9.84661 1 0 0 7.51585 7.97946 0.491469
10300 176.466 3.02085e-05 1.98699 0.495445 0.527591 0.963949 3.54492 0.00165916 0.116875 1.79171 1.4517 1.80258 1.78064 1.01389 1.04782 12.4774 12.9375 4.8034 0 -10.4484 -11.3603 1.46344 9.8493 1 0 0 7.49696 7.95896 0.492138
10305 176.466 3.02085e-05 1.98726 0.494975 0.526884 0.965396 3.67385 0.00165901 0.116531 1.79148 1.4517 1.80234 1.78041 1.01394 1.04521 12.4734 12.9332 4.80377 0 -10.318 -11.2162 1.42787 9.85119 1 0 0 7.47796 7.9384 0.492791
10310 176.466 3.02085e-05 1.98746 0.494485 0.526162 0.966808 3.81489 0.00165886 0.116188 1.79125 1.4517 1.8021 1.78019 1.01399 1.04249 12.4695 12.9289 4.80414 0 -10.1574 -11.0351 1.38564 9.85207 1 0 0 7.4588 7.91771 0.493423
10315 176.466 3.02085e-05 1.98757 0.493972 0.52542 0.96818 3.9684 0.00165871 0.115844 1.79103 1.4517 1.80187 1.77997 1.01404 1.03964 12.4655 12.9245 4.80451 0 -9.96545 -10.8154 1.33656 9.85173 1 0 0 7.43943 7.89684 0.494031
10320 176.466 3.02085e-05 1.98759 0.493432 0.524655 0.969504 4.13469 0.00165856 0.1155 1.79081 1.4517 1.80165 1.77976 1.01408 1.03663 12.4614 12.9201 4.80488 0 -9.74122 -10.5558 1.28052 9.84992 1 0 0 7.41981 7.87574 0.494613
10325 176.466 3.02085e-05 1.9875 0.49286 0.523863 0.970776 4.314 0.00165842 0.115157 1.7906 1.4517 1.80143 1.77956 1.01413 1.03344 12.4574 12.9157 4.80524 0 -9.48422 -10.2556 1.21753 9.84641 1 0 0 7.39988 7.85434 0.495163
10330 176.467 3.02085e-05 1.98728 0.492252 0.52304 0.97199 4.50646 0.00165829 0.114813 1.79039 1.4517 1.80122 1.77935 1.01417 1.03005 12.4532 12.9112 4.8056 0 -9.19442 -9.91443 1.14769 9.84093 1 0 0 7.37959 7.83259 0.495678
10335 176.467 3.02085e-05 1.98692 0.491605 0.522182 0.973138 4.7121 0.00165816 0.11447 1.79019 1.4517 1.80102 1.77916 1.01421 1.02643 12.449 12.9066 4.80597 0 -8.87235 -9.53307 1.07126 9.83323 1 0 0 7.3589 7.81042 0.496155
10340 176.467 3.02085e-05 1.98641 0.490913 0.521285 0.974215 4.93082 0.00165803 0.114126 1.79 1.4517 1.80082 1.77897 1.01424 1.02255 12.4448 12.902 4.80633 0 -8.51915 -9.113 0.988626 9.82304 1 0 0 7.33775 7.78778 0.496588
10345 176.467 3.02085e-05 1.98573 0.490174 0.520345 0.975216 5.16238 0.00165791 0.113783 1.78982 1.4517 1.80064 1.7788 1.01427 1.01839 12.4405 12.8973 4.80669 0 -8.13656 -8.65666 0.900358 9.81012 1 0 0 7.3161 7.76461 0.496974
10350 176.467 3.02085e-05 1.98488 0.489383 0.519359 0.976133 5.40639 0.0016578 0.113439 1.78965 1.4517 1.80047 1.77863 1.0143 1.01393 12.4361 12.8925 4.80704 0 -7.72676 -8.1673 0.807138 9.79419 1 0 0 7.29389 7.74086 0.497308
10355 176.467 3.02085e-05 1.98382 0.488538 0.518322 0.976963 5.66233 0.00165769 0.113096 1.78949 1.4517 1.80031 1.77847 1.01433 1.00914 12.4317 12.8876 4.8074 0 -7.29194 -7.64855 0.709722 9.77505 1 0 0 7.27107 7.71646 0.497587
10360 176.467 3.02085e-05 1.98257 0.487636 0.517232 0.9777 5.9295 0.0016576 0.112752 1.78934 1.4517 1.80016 1.77832 1.01435 1.00401 12.4271 12.8826 4.80776 0 -6.83366 -7.10365 0.608841 9.75245 1 0 0 7.24761 7.69138 0.497805
10365 176.468 3.02085e-05 1.9811 0.486674 0.516085 0.978339 6.20696 0.0016575 0.112409 1.7892 1.4517 1.80002 1.77818 1.01437 0.998512 12.4225 12.8775 4.80812 0 -6.35175 -6.53419 0.505047 9.72619 1 0 0 7.22344 7.66558 0.497958
10370 176.468 3.02085e-05 1.9794 0.485649 0.514878 0.978875 6.49335 0.00165742 0.112065 1.78908 1.4517 1.7999 1.77805 1.01439 0.992631 12.4178 12.8723 4.80848 0 -5.84279 -5.93829 0.398524 9.69606 1 0 0 7.19852 7.63899 0.498041
10375 176.468 3.02085e-05 1.97747 0.48456 0.513607 0.979303 6.78648 0.00165735 0.111721 1.78897 1.4517 1.79979 1.77794 1.0144 0.986348 12.413 12.867 4.80884 0 -5.29817 -5.30816 0.288871 9.66184 1 0 0 7.17277 7.61156 0.49805
10380 176.468 3.02085e-05 1.97528 0.483403 0.512266 0.979616 7.08271 0.00165728 0.111378 1.78887 1.4517 1.7997 1.77783 1.01441 0.979637 12.4081 12.8616 4.80921 0 -4.70158 -4.62701 0.174867 9.62324 1 0 0 7.14611 7.58322 0.497978
10385 176.468 3.02085e-05 1.97283 0.482172 0.510849 0.979807 7.37567 0.00165723 0.111034 1.78878 1.4517 1.79962 1.77774 1.01441 0.972463 12.403 12.856 4.80958 0 -4.02632 -3.86552 0.0543087 9.57987 1 0 0 7.11842 7.55382 0.497818
10390 176.468 3.02085e-05 1.97007 0.480862 0.509344 0.979865 7.65426 0.00165718 0.110691 1.78872 1.4517 1.79956 1.77767 1.01441 0.964774 12.3979 12.8503 4.80995 0 -3.23292 -2.97859 -0.0760027 9.53117 1 0 0 7.08955 7.52318 0.497561
10395 176.468 3.02085e-05 1.96697 0.479462 0.507736 0.979776 7.89957 0.00165716 0.110347 1.78868 1.4517 1.79953 1.77762 1.01441 0.956496 12.3925 12.8444 4.81032 0 -2.26923 -1.90453 -0.219838 9.47639 1 0 0 7.05928 7.491 0.497195
10400 176.469 3.02085e-05 1.96349 0.477959 0.506005 0.979525 8.08091 0.00165714 0.110004 1.78866 1.4517 1.79952 1.7776 1.0144 0.947532 12.387 12.8383 4.81069 0 -1.07753 -0.572235 -0.380223 9.41448 1 0 0 7.02735 7.45686 0.496708
10405 176.469 3.02085e-05 1.95956 0.476338 0.504125 0.979096 8.15271 0.00165715 0.10966 1.78868 1.4517 1.79955 1.7776 1.01438 0.937776 12.3813 12.832 4.81107 0 0.38245 1.07283 -0.556491 9.34434 1 0 0 6.99348 7.42018 0.496085
10410 176.469 3.02085e-05 1.95514 0.474586 0.502074 0.978481 8.0575 0.00165719 0.109317 1.78874 1.4517 1.79962 1.77765 1.01436 0.92715 12.3753 12.8253 4.81145 0 2.08607 3.01178 -0.73931 9.26513 1 0 0 6.95745 7.38037 0.495316
10415 176.469 3.02085e-05 1.95024 0.472703 0.499842 0.977691 7.74346 0.00165726 0.108973 1.78884 1.4517 1.79974 1.77774 1.01433 0.915696 12.369 12.8182 4.81184 0 3.88168 5.07351 -0.905484 9.17716 1 0 0 6.91926 7.337 0.494402
10420 176.469 3.02085e-05 1.94493 0.47071 0.497454 0.976766 7.19784 0.00165735 0.10863 1.78898 1.4517 1.7999 1.77787 1.01429 0.903666 12.3623 12.8107 4.81222 0 5.46998 6.90145 -1.01853 9.08292 1 0 0 6.87928 7.29016 0.493361
10425 176.469 3.02085e-05 1.93941 0.468655 0.494974 0.975782 6.47324 0.00165747 0.108286 1.78916 1.4517 1.80009 1.77803 1.01426 0.891555 12.3555 12.8029 4.81261 0 6.49518 8.06084 -1.04106 8.98732 1 0 0 6.83831 7.24075 0.492235
10430 176.47 3.02085e-05 1.93394 0.466609 0.492496 0.974839 5.6722 0.00165759 0.107942 1.78936 1.4517 1.8003 1.77821 1.01422 0.879976 12.3484 12.795 4.813 0 6.71589 8.25628 -0.953699 8.89655 1 0 0 6.79744 7.19038 0.491085
10435 176.47 3.02085e-05 1.9288 0.464644 0.490115 0.974039 4.89719 0.00165771 0.107599 1.78955 1.4517 1.8005 1.77839 1.01419 0.869458 12.3415 12.787 4.8134 0 6.11016 7.47061 -0.764389 8.81602 1 0 0 6.75777 7.14087 0.489978
10440 176.47 3.02085e-05 1.92418 0.46282 0.487902 0.97346 4.2129 0.00165782 0.107255 1.78971 1.4517 1.80067 1.77855 1.01417 0.860304 12.3347 12.7792 4.81379 0 4.84242 5.91987 -0.501846 8.74892 1 0 0 6.72018 7.09378 0.488971
10445 176.47 3.02085e-05 1.92023 0.461181 0.485898 0.973147 3.64302 0.0016579 0.106912 1.78983 1.4517 1.80079 1.77867 1.01416 0.852585 12.3281 12.7719 4.81418 0 3.16008 3.9139 -0.201743 8.69605 1 0 0 6.68524 7.05013 0.48811
10450 176.47 3.02085e-05 1.91698 0.459744 0.484117 0.973117 3.18516 0.00165794 0.106568 1.7899 1.4517 1.80087 1.77874 1.01416 0.846205 12.322 12.7649 4.81457 0 1.30317 1.74025 0.1043 8.65659 1 0 0 6.65322 7.01038 0.487419
10455 176.47 3.02085e-05 1.91443 0.458512 0.482553 0.973361 2.82536 0.00165796 0.106225 1.78993 1.4517 1.8009 1.77877 1.01417 0.840991 12.3162 12.7584 4.81496 0 -0.543255 -0.390016 0.393798 8.62887 1 0 0 6.62412 6.97453 0.486907
10460 176.47 3.02085e-05 1.91251 0.457472 0.481185 0.973855 2.5466 0.00165795 0.105881 1.78992 1.4517 1.80088 1.77876 1.01419 0.836746 12.3107 12.7523 4.81535 0 -2.26041 -2.34909 0.653828 8.61098 1 0 0 6.59777 6.94234 0.486571
10465 176.471 3.02085e-05 1.91117 0.456605 0.479991 0.97457 2.33259 0.00165791 0.105538 1.78986 1.4517 1.80082 1.77872 1.01421 0.833287 12.3056 12.7466 4.81573 0 -3.78656 -4.07616 0.879074 8.60109 1 0 0 6.57387 6.91342 0.4864
10470 176.471 3.02085e-05 1.91031 0.45589 0.478945 0.975473 2.16923 0.00165785 0.105194 1.78977 1.4517 1.80073 1.77863 1.01425 0.830455 12.3007 12.7412 4.81612 0 -5.1007 -5.55548 1.06929 8.59766 1 0 0 6.55212 6.88732 0.486378
10475 176.471 3.02085e-05 1.90986 0.455304 0.478024 0.976534 2.04496 0.00165777 0.104851 1.78965 1.4517 1.8006 1.77852 1.01429 0.828121 12.2962 12.7361 4.8165 0 -6.20707 -6.79764 1.2271 8.59939 1 0 0 6.53219 6.86361 0.486486
10480 176.471 3.02085e-05 1.90976 0.454827 0.477206 0.977725 1.95056 0.00165768 0.104507 1.7895 1.4517 1.80044 1.77839 1.01433 0.82618 12.2918 12.7313 4.81688 0 -7.12336 -7.8262 1.35643 8.60526 1 0 0 6.51379 6.8419 0.486709
10485 176.471 3.02085e-05 1.90994 0.454442 0.476472 0.979024 1.87885 0.00165757 0.104163 1.78934 1.4517 1.80027 1.77823 1.01438 0.824553 12.2876 12.7266 4.81727 0 -7.87302 -8.66945 1.46154 8.61443 1 0 0 6.49665 6.82184 0.487029
10490 176.471 3.02085e-05 1.91035 0.454133 0.475808 0.98041 1.82434 0.00165745 0.10382 1.78915 1.4517 1.80008 1.77806 1.01443 0.823174 12.2835 12.7222 4.81765 0 -8.48057 -9.35571 1.5465 8.62629 1 0 0 6.48056 6.80314 0.487432
10495 176.471 3.02085e-05 1.91095 0.453886 0.475201 0.981867 1.78288 0.00165732 0.103476 1.78896 1.4517 1.79987 1.77788 1.01448 0.821995 12.2795 12.7178 4.81803 0 -8.9692 -9.91105 1.61492 8.64032 1 0 0 6.46533 6.78556 0.487906
10500 176.472 3.02085e-05 1.91171 0.45369 0.474639 0.983381 1.75134 0.00165718 0.103133 1.78875 1.4517 1.79965 1.77768 1.01454 0.820975 12.2757 12.7136 4.81841 0 -9.35959 -10.3584 1.66992 8.65615 1 0 0 6.4508 6.76888 0.488439
10505 176.472 3.02085e-05 1.9126 0.453538 0.474116 0.984942 1.72737 0.00165704 0.102789 1.78853 1.4517 1.79942 1.77748 1.0146 0.820084 12.2719 12.7095 4.81879 0 -9.66955 -10.7171 1.71407 8.67344 1 0 0 6.43685 6.75295 0.489022
10510 176.472 3.02085e-05 1.91358 0.453422 0.473623 0.98654 1.70922 0.00165689 0.102446 1.78831 1.4517 1.79919 1.77727 1.01466 0.819298 12.2682 12.7054 4.81917 0 -9.91411 -11.0036 1.7495 8.69197 1 0 0 6.42337 6.73763 0.489647
10515 176.472 3.02085e-05 1.91466 0.453335 0.473155 0.988168 1.6956 0.00165674 0.102102 1.78808 1.4517 1.79895 1.77706 1.01472 0.818595 12.2645 12.7014 4.81955 0 -10.1057 -11.2313 1.77791 8.71152 1 0 0 6.41027 6.72281 0.490307
10520 176.472 3.02085e-05 1.9158 0.453273 0.472708 0.98982 1.68552 0.00165659 0.101759 1.78785 1.4517 1.7987 1.77684 1.01478 0.817962 12.2609 12.6975 4.81993 0 -10.2545 -11.4113 1.8007 8.73194 1 0 0 6.39751 6.70839 0.490996
10525 176.472 3.02085e-05 1.917 0.453232 0.472278 0.991493 1.67824 0.00165643 0.101415 1.78761 1.4517 1.79845 1.77662 1.01484 0.817383 12.2573 12.6935 4.82031 0 -10.369 -11.5524 1.81898 8.7531 1 0 0 6.38501 6.69432 0.491711
10530 176.473 3.02085e-05 1.91825 0.453208 0.471861 0.993181 1.67323 0.00165628 0.101071 1.78737 1.4517 1.7982 1.7764 1.0149 0.816849 12.2537 12.6896 4.82069 0 -10.4557 -11.662 1.83361 8.77488 1 0 0 6.37274 6.68053 0.492447
10535 176.473 3.02085e-05 1.91954 0.4532 0.471457 0.994883 1.67004 0.00165612 0.100728 1.78713 1.4517 1.79794 1.77617 1.01496 0.81635 12.2501 12.6858 4.82107 0 -10.5201 -11.7459 1.84532 8.79719 1 0 0 6.36066 6.66697 0.493201
10540 176.473 3.02085e-05 1.92086 0.453205 0.471062 0.996595 1.66836 0.00165596 0.100384 1.78689 1.4517 1.79769 1.77595 1.01503 0.815879 12.2466 12.6819 4.82145 0 -10.5666 -11.809 1.85465 8.81996 1 0 0 6.34875 6.65361 0.49397
10545 176.473 3.02085e-05 1.92221 0.453222 0.470675 0.998316 1.66794 0.0016558 0.100041 1.78665 1.4517 1.79743 1.77572 1.01509 0.81543 12.243 12.6781 4.82183 0 -10.5987 -11.8551 1.86207 8.84313 1 0 0 6.33699 6.64042 0.494753
10550 176.473 3.02085e-05 1.92359 0.453248 0.470295 1.00004 1.66859 0.00165564 0.0996973 1.7864 1.4517 1.79717 1.77549 1.01515 0.814997 12.2395 12.6743 4.82221 0 -10.6192 -11.8873 1.86792 8.86664 1 0 0 6.32535 6.62737 0.495547
10555 176.473 3.02085e-05 1.92498 0.453283 0.469921 1.00178 1.67013 0.00165548 0.0993538 1.78616 1.4517 1.79691 1.77526 1.01522 0.814576 12.236 12.6705 4.82259 0 -10.6303 -11.9081 1.87249 8.89044 1 0 0 6.31383 6.61445 0.496351
10560 176.473 3.02085e-05 1.92639 0.453326 0.469552 1.00352 1.67246 0.00165532 0.0990102 1.78591 1.4517 1.79665 1.77504 1.01528 0.814162 12.2325 12.6667 4.82297 0 -10.6338 -11.9195 1.87601 8.91449 1 0 0 6.3024 6.60163 0.497163
10565 176.474 3.02085e-05 1.92782 0.453376 0.469188 1.00526 1.67547 0.00165516 0.0986667 1.78567 1.4517 1.79639 1.77481 1.01534 0.813753 12.229 12.6629 4.82335 0 -10.6312 -11.9231 1.87867 8.93876 1 0 0 6.29107 6.5889 0.497983
10570 176.474 3.02085e-05 1.92926 0.453433 0.468827 1.007 1.67909 0.00165499 0.0983231 1.78542 1.4517 1.79613 1.77458 1.01541 0.813345 12.2255 12.6591 4.82373 0 -10.6236 -11.9204 1.8806 8.96322 1 0 0 6.27983 6.57626 0.49881
10575 176.474 3.02085e-05 1.93071 0.453496 0.46847 1.00875 1.68324 0.00165483 0.0979796 1.78518 1.4517 1.79587 1.77435 1.01547 0.812936 12.222 12.6553 4.82411 0 -10.6119 -11.9124 1.88193 8.98785 1 0 0 6.26867 6.5637 0.499642
10580 176.474 3.02085e-05 1.93218 0.453564 0.468115 1.0105 1.68787 0.00165467 0.097636 1.78494 1.4517 1.79562 1.77413 1.01553 0.812524 12.2185 12.6515 4.82449 0 -10.5969 -11.8999 1.88275 9.01261 1 0 0 6.25758 6.5512 0.500481
10585 176.474 3.02085e-05 1.93365 0.453637 0.467764 1.01225 1.69294 0.00165451 0.0972925 1.78469 1.4517 1.79536 1.7739 1.0156 0.812106 12.215 12.6478 4.82487 0 -10.5791 -11.8838 1.88315 9.03749 1 0 0 6.24656 6.53877 0.501323
10590 176.474 3.02085e-05 1.93513 0.453714 0.467414 1.014 1.6984 0.00165435 0.0969489 1.78445 1.4517 1.7951 1.77367 1.01566 0.811681 12.2115 12.644 4.82525 0 -10.5591 -11.8645 1.88317 9.06247 1 0 0 6.23562 6.52639 0.502171
10595 176.474 3.02085e-05 1.93662 0.453797 0.467067 1.01575 1.70423 0.00165419 0.0966054 1.78421 1.4517 1.79484 1.77345 1.01573 0.811248 12.208 12.6402 4.82563 0 -10.5371 -11.8425 1.88288 9.08754 1 0 0 6.22473 6.51407 0.503022
10600 176.475 3.02085e-05 1.93811 0.453883 0.466722 1.01751 1.71041 0.00165403 0.0962618 1.78396 1.4517 1.79458 1.77322 1.01579 0.810804 12.2045 12.6364 4.82601 0 -10.5135 -11.8183 1.8823 9.11268 1 0 0 6.21392 6.5018 0.503877
10605 176.475 3.02085e-05 1.93961 0.453974 0.466379 1.01926 1.7169 0.00165387 0.0959183 1.78372 1.4517 1.79433 1.773 1.01585 0.81035 12.201 12.6326 4.82638 0 -10.4885 -11.7921 1.88149 9.13788 1 0 0 6.20316 6.48957 0.504736
10610 176.475 3.02085e-05 1.94112 0.454068 0.466037 1.02102 1.72369 0.00165372 0.0955747 1.78348 1.4517 1.79407 1.77277 1.01592 0.809884 12.1974 12.6289 4.82676 0 -10.4624 -11.7642 1.88046 9.16313 1 0 0 6.19246 6.47739 0.505597
10615 176.475 3.02085e-05 1.94263 0.454166 0.465697 1.02277 1.73076 0.00165356 0.0952312 1.78324 1.4517 1.79382 1.77255 1.01598 0.809405 12.1939 12.6251 4.82714 0 -10.4353 -11.7348 1.87923 9.18841 1 0 0 6.18182 6.46525 0.506462
10620 176.475 3.02085e-05 1.94415 0.454268 0.465359 1.02452 1.73811 0.0016534 0.0948876 1.783 1.4517 1.79356 1.77233 1.01605 0.808911 12.1904 12.6213 4.82752 0 -10.4073 -11.7041 1.87782 9.21372 1 0 0 6.17124 6.45316 0.507329
10625 176.475 3.02085e-05 1.94567 0.454373 0.465022 1.02628 1.74572 0.00165324 0.0945441 1.78276 1.4517 1.79331 1.77211 1.01611 0.808403 12.1869 12.6175 4.8279 0 -10.3784 -11.6723 1.87626 9.23906 1 0 0 6.16071 6.4411 0.508199
10630 176.476 3.02085e-05 1.9472 0.454481 0.464686 1.02803 1.75358 0.00165309 0.0942006 1.78252 1.4517 1.79305 1.77188 1.01617 0.80788 12.1834 12.6137 4.82827 0 -10.3489 -11.6394 1.87454 9.2644 1 0 0 6.15024 6.42908 0.509072
10635 176.476 3.02085e-05 1.94872 0.454592 0.464352 1.02978 1.76168 0.00165293 0.093857 1.78228 1.4517 1.7928 1.77166 1.01624 0.80734 12.1799 12.6099 4.82865 0 -10.3187 -11.6056 1.87268 9.28975 1 0 0 6.13983 6.41709 0.509947
10640 176.476 3.02085e-05 1.95026 0.454707 0.464019 1.03153 1.77002 0.00165277 0.0935135 1.78205 1.4517 1.79255 1.77144 1.0163 0.806784 12.1764 12.6061 4.82903 0 -10.2879 -11.5709 1.87069 9.31509 1 0 0 6.12947 6.40514 0.510824
10645 176.476 3.02085e-05 1.95179 0.454824 0.463687 1.03328 1.77859 0.00165262 0.0931699 1.78181 1.4517 1.7923 1.77123 1.01636 0.80621 12.1729 12.6023 4.82941 0 -10.2566 -11.5354 1.86858 9.34043 1 0 0 6.11916 6.39322 0.511703
10650 176.476 3.02085e-05 1.95333 0.454944 0.463356 1.03503 1.7874 0.00165246 0.0928264 1.78158 1.4517 1.79205 1.77101 1.01643 0.805618 12.1694 12.5986 4.82978 0 -10.2247 -11.4991 1.86634 9.36575 1 0 0 6.1089 6.38134 0.512584
10655 176.476 3.02085e-05 1.95487 0.455066 0.463026 1.03678 1.79643 0.00165231 0.0924828 1.78134 1.4517 1.7918 1.77079 1.01649 0.805008 12.1659 12.5948 4.83016 0 -10.1923 -11.4622 1.86398 9.39105 1 0 0 6.09869 6.36949 0.513467
10660 176.476 3.02085e-05 1.95641 0.455192 0.462698 1.03852 1.80569 0.00165215 0.0921393 1.78111 1.4517 1.79155 1.77057 1.01655 0.80438 12.1624 12.591 4.83054 0 -10.1595 -11.4246 1.86151 9.41632 1 0 0 6.08853 6.35767 0.514351
10665 176.477 3.02085e-05 1.95796 0.455319 0.46237 1.04027 1.81517 0.001652 0.0917957 1.78088 1.4517 1.7913 1.77036 1.01662 0.803731 12.1588 12.5871 4.83092 0 -10.1262 -11.3864 1.85893 9.44156 1 0 0 6.07842 6.34588 0.515238
10670 176.477 3.02085e-05 1.9595 0.455449 0.462043 1.04201 1.82487 0.00165185 0.0914522 1.78064 1.4517 1.79106 1.77014 1.01668 0.803063 12.1553 12.5833 4.83129 0 -10.0924 -11.3476 1.85624 9.46676 1 0 0 6.06837 6.33411 0.516125
10675 176.477 3.02085e-05 1.96105 0.455582 0.461717 1.04375 1.8348 0.0016517 0.0911086 1.78041 1.4517 1.79081 1.76993 1.01674 0.802375 12.1518 12.5795 4.83167 0 -10.0582 -11.3082 1.85345 9.49192 1 0 0 6.05836 6.32238 0.517015
10680 176.477 3.02085e-05 1.9626 0.455716 0.461392 1.04549 1.84495 0.00165155 0.0907651 1.78018 1.4517 1.79057 1.76971 1.01681 0.801667 12.1483 12.5757 4.83205 0 -10.0236 -11.2682 1.85054 9.51703 1 0 0 6.04839 6.31067 0.517905
10685 176.477 3.02085e-05 1.96415 0.455853 0.461068 1.04723 1.85532 0.00165139 0.0904215 1.77995 1.4517 1.79033 1.7695 1.01687 0.800937 12.1447 12.5719 4.83242 0 -9.98859 -11.2278 1.84753 9.54208 1 0 0 6.03848 6.299 0.518797
10690 176.477 3.02085e-05 1.9657 0.455992 0.460744 1.04897 1.86592 0.00165124 0.090078 1.77973 1.4517 1.79008 1.76929 1.01693 0.800186 12.1412 12.5681 4.8328 0 -9.95314 -11.1867 1.84441 9.56708 1 0 0 6.02861 6.28734 0.51969
10695 176.477 3.02085e-05 1.96726 0.456133 0.460421 1.0507 1.87674 0.00165109 0.0897344 1.7795 1.4517 1.78984 1.76908 1.01699 0.799414 12.1377 12.5642 4.83317 0 -9.91728 -11.1452 1.84119 9.59202 1 0 0 6.01878 6.27572 0.520583
10700 176.478 3.02085e-05 1.96881 0.456275 0.460099 1.05243 1.88779 0.00165095 0.0893909 1.77927 1.4517 1.7896 1.76887 1.01706 0.798619 12.1341 12.5604 4.83355 0 -9.88101 -11.1032 1.83786 9.61688 1 0 0 6.00901 6.26412 0.521478
10705 176.478 3.02085e-05 1.97036 0.45642 0.459778 1.05416 1.89907 0.0016508 0.0890473 1.77905 1.4517 1.78936 1.76866 1.01712 0.797802 12.1306 12.5566 4.83393 0 -9.84434 -11.0607 1.83442 9.64168 1 0 0 5.99927 6.25254 0.522374
10710 176.478 3.02085e-05 1.97191 0.456566 0.459457 1.05589 1.91057 0.00165065 0.0887038 1.77882 1.4517 1.78912 1.76845 1.01718 0.796962 12.127 12.5528 4.8343 0 -9.80726 -11.0177 1.83088 9.6664 1 0 0 5.98958 6.24099 0.52327
10715 176.478 3.02085e-05 1.97347 0.456713 0.459137 1.05762 1.92232 0.0016505 0.0883603 1.7786 1.4517 1.78889 1.76824 1.01724 0.7961 12.1235 12.5489 4.83468 0 -9.76979 -10.9742 1.82723 9.69103 1 0 0 5.97993 6.22946 0.524167
10720 176.478 3.02085e-05 1.97502 0.456863 0.458817 1.05934 1.93429 0.00165036 0.0880167 1.77838 1.4517 1.78865 1.76804 1.01731 0.795214 12.1199 12.5451 4.83506 0 -9.73191 -10.9302 1.82347 9.71558 1 0 0 5.97033 6.21795 0.525065
10725 176.478 3.02085e-05 1.97657 0.457013 0.458499 1.06106 1.9465 0.00165021 0.0876732 1.77815 1.4517 1.78841 1.76783 1.01737 0.794304 12.1164 12.5412 4.83543 0 -9.69363 -10.8858 1.8196 9.74004 1 0 0 5.96077 6.20647 0.525963
10730 176.479 3.02085e-05 1.97812 0.457165 0.45818 1.06277 1.95895 0.00165006 0.0873296 1.77793 1.4517 1.78818 1.76763 1.01743 0.793371 12.1128 12.5374 4.83581 0 -9.65496 -10.8409 1.81563 9.76441 1 0 0 5.95125 6.195 0.526861
10735 176.479 3.02085e-05 1.97967 0.457318 0.457862 1.06449 1.97163 0.00164992 0.0869861 1.77771 1.4517 1.78795 1.76742 1.01749 0.792413 12.1093 12.5335 4.83619 0 -9.61589 -10.7955 1.81154 9.78868 1 0 0 5.94177 6.18356 0.52776
10740 176.479 3.02085e-05 1.98122 0.457473 0.457545 1.0662 1.98456 0.00164978 0.0866425 1.7775 1.4517 1.78771 1.76722 1.01755 0.791431 12.1057 12.5297 4.83656 0 -9.57643 -10.7497 1.80734 9.81284 1 0 0 5.93233 6.17214 0.528659
10745 176.479 3.02085e-05 1.98276 0.457628 0.457228 1.06791 1.99773 0.00164963 0.086299 1.77728 1.4517 1.78748 1.76702 1.01761 0.790424 12.1022 12.5258 4.83694 0 -9.53657 -10.7035 1.80303 9.83689 1 0 0 5.92293 6.16074 0.529557
10750 176.479 3.02085e-05 1.98431 0.457785 0.456911 1.06961 2.01114 0.00164949 0.0859554 1.77706 1.4517 1.78725 1.76682 1.01767 0.789393 12.0986 12.5219 4.83731 0 -9.49633 -10.6568 1.79861 9.86084 1 0 0 5.91357 6.14935 0.530456
10755 176.479 3.02085e-05 1.98585 0.457942 0.456595 1.07131 2.0248 0.00164935 0.0856119 1.77685 1.4517 1.78702 1.76662 1.01774 0.788335 12.095 12.5181 4.83769 0 -9.45569 -10.6096 1.79408 9.88466 1 0 0 5.90424 6.13799 0.531355
10760 176.479 3.02085e-05 1.98739 0.4581 0.456279 1.07301 2.0387 0.00164921 0.0852683 1.77663 1.4517 1.7868 1.76642 1.0178 0.787253 12.0914 12.5142 4.83807 0 -9.41467 -10.5621 1.78943 9.90837 1 0 0 5.89496 6.12665 0.532253
10765 176.48 3.02085e-05 1.98892 0.458259 0.455964 1.0747 2.05285 0.00164907 0.0849248 1.77642 1.4517 1.78657 1.76622 1.01786 0.786145 12.0879 12.5103 4.83844 0 -9.37327 -10.5141 1.78467 9.93195 1 0 0 5.88571 6.11532 0.533151
10770 176.48 3.02085e-05 1.99046 0.458419 0.455648 1.07639 2.06724 0.00164893 0.0845812 1.7762 1.4517 1.78634 1.76603 1.01792 0.785011 12.0843 12.5064 4.83882 0 -9.33148 -10.4656 1.77979 9.9554 1 0 0 5.87651 6.10401 0.534048
10775 176.48 3.02085e-05 1.99199 0.458579 0.455333 1.07808 2.08188 0.00164879 0.0842377 1.77599 1.4517 1.78612 1.76583 1.01798 0.78385 12.0807 12.5025 4.8392 0 -9.28933 -10.4168 1.7748 9.97872 1 0 0 5.86733 6.09272 0.534945
10780 176.48 3.02085e-05 1.99352 0.45874 0.455018 1.07976 2.09676 0.00164865 0.0838941 1.77578 1.4517 1.7859 1.76564 1.01804 0.782664 12.0771 12.4986 4.83958 0 -9.2468 -10.3675 1.7697 10.0019 1 0 0 5.8582 6.08144 0.535841
10785 176.48 3.02085e-05 1.99504 0.458901 0.454704 1.08144 2.11189 0.00164851 0.0835506 1.77557 1.4517 1.78568 1.76544 1.0181 0.781451 12.0735 12.4947 4.83995 0 -9.20391 -10.3178 1.76448 10.0249 1 0 0 5.8491 6.07018 0.536737
10790 176.48 3.02085e-05 1.99656 0.459063 0.454389 1.08311 2.12726 0.00164837 0.0832071 1.77537 1.4517 1.78545 1.76525 1.01816 0.780211 12.0699 12.4908 4.84033 0 -9.16067 -10.2677 1.75916 10.0478 1 0 0 5.84003 6.05894 0.537631
10795 176.48 3.02085e-05 1.99808 0.459224 0.454075 1.08478 2.14287 0.00164824 0.0828635 1.77516 1.4517 1.78523 1.76506 1.01822 0.778944 12.0663 12.4869 4.84071 0 -9.11707 -10.2173 1.75371 10.0706 1 0 0 5.831 6.04771 0.538525
10800 176.481 3.02085e-05 1.99959 0.459386 0.45376 1.08644 2.15871 0.0016481 0.08252 1.77495 1.4517 1.78502 1.76487 1.01828 0.777651 12.0627 12.483 4.84109 0 -9.07314 -10.1664 1.74816 10.0932 1 0 0 5.82201 6.0365 0.539417
10805 176.481 3.02085e-05 2.0011 0.459549 0.453446 1.0881 2.1748 0.00164797 0.0821764 1.77475 1.4517 1.7848 1.76468 1.01834 0.77633 12.0591 12.4791 4.84147 0 -9.02887 -10.1152 1.7425 10.1156 1 0 0 5.81304 6.0253 0.540308
10810 176.481 3.02085e-05 2.0026 0.459711 0.453132 1.08976 2.19111 0.00164783 0.0818329 1.77455 1.4517 1.78458 1.76449 1.01839 0.774982 12.0555 12.4751 4.84185 0 -8.98429 -10.0636 1.73673 10.1379 1 0 0 5.80412 6.01412 0.541198
10815 176.481 3.02085e-05 2.0041 0.459873 0.452817 1.09141 2.20764 0.0016477 0.0814893 1.77434 1.4517 1.78437 1.7643 1.01845 0.773606 12.0519 12.4712 4.84223 0 -8.93938 -10.0116 1.73085 10.16 1 0 0 5.79522 6.00295 0.542087
10820 176.481 3.02085e-05 2.0056 0.460035 0.452503 1.09306 2.2244 0.00164757 0.0811458 1.77414 1.4517 1.78416 1.76412 1.01851 0.772203 12.0483 12.4673 4.84261 0 -8.89418 -9.9593 1.72486 10.182 1 0 0 5.78636 5.99179 0.542974
10825 176.481 3.02085e-05 2.00708 0.460197 0.452188 1.0947 2.24138 0.00164744 0.0808022 1.77394 1.4517 1.78394 1.76393 1.01857 0.770772 12.0446 12.4633 4.84299 0 -8.84867 -9.90665 1.71877 10.2038 1 0 0 5.77753 5.98065 0.54386
10830 176.481 3.02085e-05 2.00857 0.460359 0.451874 1.09633 2.25857 0.00164731 0.0804587 1.77374 1.4517 1.78373 1.76375 1.01863 0.769314 12.041 12.4594 4.84337 0 -8.80288 -9.85367 1.71259 10.2254 1 0 0 5.76873 5.96952 0.544744
10835 176.482 3.02085e-05 2.01005 0.46052 0.451559 1.09797 2.27596 0.00164718 0.0801151 1.77355 1.4517 1.78352 1.76356 1.01869 0.767828 12.0374 12.4554 4.84375 0 -8.75681 -9.80037 1.7063 10.2468 1 0 0 5.75997 5.9584 0.545626
10840 176.482 3.02085e-05 2.01152 0.460682 0.451244 1.09959 2.29356 0.00164705 0.0797716 1.77335 1.4517 1.78331 1.76338 1.01874 0.766314 12.0337 12.4515 4.84414 0 -8.71047 -9.74674 1.69991 10.2681 1 0 0 5.75123 5.94729 0.546507
10845 176.482 3.02085e-05 2.01298 0.460842 0.450928 1.10121 2.31136 0.00164692 0.079428 1.77315 1.4517 1.78311 1.7632 1.0188 0.764772 12.0301 12.4475 4.84452 0 -8.66386 -9.69279 1.69343 10.2892 1 0 0 5.74253 5.9362 0.547385
10850 176.482 3.02085e-05 2.01444 0.461003 0.450612 1.10283 2.32935 0.00164679 0.0790845 1.77296 1.4517 1.7829 1.76302 1.01886 0.763202 12.0265 12.4436 4.8449 0 -8.61699 -9.63851 1.68686 10.3101 1 0 0 5.73386 5.92512 0.548262
10855 176.482 3.02085e-05 2.0159 0.461163 0.450296 1.10444 2.34752 0.00164666 0.0787409 1.77277 1.4517 1.7827 1.76284 1.01892 0.761604 12.0228 12.4396 4.84529 0 -8.56985 -9.58391 1.6802 10.3308 1 0 0 5.72522 5.91404 0.549136
10860 176.482 3.02085e-05 2.01734 0.461322 0.44998 1.10604 2.36589 0.00164654 0.0783974 1.77258 1.4517 1.78249 1.76266 1.01897 0.759979 12.0192 12.4356 4.84567 0 -8.52245 -9.52898 1.67345 10.3514 1 0 0 5.71661 5.90298 0.550009
10865 176.483 3.02085e-05 2.01878 0.461481 0.449662 1.10764 2.38443 0.00164641 0.0780538 1.77239 1.4517 1.78229 1.76249 1.01903 0.758325 12.0155 12.4316 4.84606 0 -8.47478 -9.4737 1.66661 10.3717 1 0 0 5.70803 5.89193 0.550879
10870 176.483 3.02085e-05 2.02022 0.461639 0.449345 1.10924 2.40315 0.00164629 0.0777103 1.7722 1.4517 1.78209 1.76231 1.01909 0.756644 12.0118 12.4276 4.84645 0 -8.42684 -9.41807 1.65969 10.3918 1 0 0 5.69948 5.88089 0.551747
10875 176.483 3.02085e-05 2.02165 0.461796 0.449026 1.11082 2.42205 0.00164616 0.0773668 1.77201 1.4517 1.78189 1.76214 1.01914 0.754934 12.0082 12.4236 4.84684 0 -8.37862 -9.36207 1.65269 10.4118 1 0 0 5.69097 5.86985 0.552613
10880 176.483 3.02085e-05 2.02306 0.461952 0.448707 1.11241 2.44113 0.00164604 0.0770232 1.77182 1.4517 1.78169 1.76197 1.0192 0.753196 12.0045 12.4196 4.84723 0 -8.33011 -9.30568 1.64561 10.4316 1 0 0 5.68248 5.85883 0.553476
10885 176.483 3.02085e-05 2.02448 0.462108 0.448388 1.11398 2.46038 0.00164592 0.0766797 1.77164 1.4517 1.7815 1.7618 1.01925 0.751431 12.0008 12.4156 4.84762 0 -8.28128 -9.24888 1.63845 10.4511 1 0 0 5.67402 5.84781 0.554337
10890 176.483 3.02085e-05 2.02588 0.462262 0.448067 1.11555 2.47982 0.0016458 0.0763361 1.77145 1.4517 1.7813 1.76163 1.01931 0.749637 11.9972 12.4116 4.84801 0 -8.23213 -9.19163 1.63121 10.4705 1 0 0 5.66559 5.8368 0.555196
10895 176.483 3.02085e-05 2.02728 0.462415 0.447745 1.11712 2.49944 0.00164568 0.0759926 1.77127 1.4517 1.78111 1.76146 1.01937 0.747816 11.9935 12.4076 4.8484 0 -8.18262 -9.13392 1.62389 10.4896 1 0 0 5.65719 5.82579 0.556052
10900 176.484 3.02085e-05 2.02867 0.462568 0.447423 1.11868 2.51926 0.00164556 0.075649 1.77109 1.4517 1.78091 1.76129 1.01942 0.745966 11.9898 12.4036 4.8488 0 -8.13273 -9.07569 1.61648 10.5086 1 0 0 5.64881 5.81479 0.556905
10905 176.484 3.02085e-05 2.03005 0.462719 0.447099 1.12023 2.53927 0.00164544 0.0753055 1.77091 1.4517 1.78072 1.76112 1.01947 0.744089 11.9861 12.3995 4.84919 0 -8.08242 -9.01692 1.609 10.5273 1 0 0 5.64047 5.80379 0.557755
10910 176.484 3.02085e-05 2.03142 0.462868 0.446774 1.12178 2.5595 0.00164532 0.0749619 1.77073 1.4517 1.78053 1.76096 1.01953 0.742183 11.9824 12.3955 4.84959 0 -8.03166 -8.95755 1.60143 10.5459 1 0 0 5.63215 5.79279 0.558603
10915 176.484 3.02085e-05 2.03278 0.463016 0.446448 1.12332 2.57996 0.0016452 0.0746184 1.77055 1.4517 1.78034 1.76079 1.01958 0.74025 11.9787 12.3914 4.84999 0 -7.9804 -8.89753 1.59377 10.5642 1 0 0 5.62385 5.78179 0.559447
10920 176.484 3.02085e-05 2.03413 0.463163 0.44612 1.12485 2.60065 0.00164509 0.0742748 1.77037 1.4517 1.78016 1.76063 1.01964 0.738288 11.975 12.3874 4.85038 0 -7.92858 -8.83682 1.58603 10.5823 1 0 0 5.61559 5.77079 0.560289
10925 176.484 3.02085e-05 2.03548 0.463308 0.445791 1.12638 2.62162 0.00164497 0.0739313 1.7702 1.4517 1.77997 1.76047 1.01969 0.736298 11.9713 12.3833 4.85078 0 -7.87616 -8.77533 1.57818 10.6002 1 0 0 5.60734 5.75979 0.561127
10930 176.484 3.02085e-05 2.03681 0.463451 0.44546 1.1279 2.64287 0.00164486 0.0735877 1.77003 1.4517 1.77979 1.76031 1.01974 0.73428 11.9676 12.3793 4.85119 0 -7.82306 -8.71301 1.57023 10.6178 1 0 0 5.59913 5.74879 0.561962
10935 176.485 3.02085e-05 2.03814 0.463592 0.445127 1.12942 2.66444 0.00164474 0.0732442 1.76985 1.4517 1.7796 1.76015 1.0198 0.732233 11.9638 12.3752 4.85159 0 -7.76922 -8.64978 1.56217 10.6352 1 0 0 5.59093 5.73777 0.562794
10940 176.485 3.02085e-05 2.03945 0.463731 0.444792 1.13092 2.68635 0.00164463 0.0729006 1.76968 1.4517 1.77942 1.75999 1.01985 0.730158 11.9601 12.3711 4.85199 0 -7.71455 -8.58555 1.55399 10.6524 1 0 0 5.58276 5.72675 0.563623
10945 176.485 3.02085e-05 2.04075 0.463867 0.444456 1.13243 2.70865 0.00164452 0.0725571 1.76951 1.4517 1.77924 1.75984 1.0199 0.728054 11.9564 12.367 4.8524 0 -7.65897 -8.52023 1.54567 10.6693 1 0 0 5.57461 5.71572 0.564447
10950 176.485 3.02085e-05 2.04204 0.464001 0.444117 1.13392 2.73137 0.00164441 0.0722136 1.76935 1.4517 1.77906 1.75968 1.01996 0.725922 11.9527 12.3629 4.85281 0 -7.60238 -8.45372 1.53722 10.686 1 0 0 5.56648 5.70468 0.565268
10955 176.485 3.02085e-05 2.04332 0.464131 0.443775 1.13541 2.75455 0.0016443 0.07187 1.76918 1.4517 1.77889 1.75953 1.02001 0.72376 11.9489 12.3588 4.85322 0 -7.5447 -8.38593 1.52862 10.7025 1 0 0 5.55836 5.69362 0.566085
10960 176.485 3.02085e-05 2.04458 0.464259 0.443431 1.13689 2.77825 0.00164419 0.0715265 1.76901 1.4517 1.77871 1.75938 1.02006 0.721569 11.9452 12.3547 4.85363 0 -7.48581 -8.31673 1.51985 10.7187 1 0 0 5.55027 5.68254 0.566898
10965 176.486 3.02085e-05 2.04584 0.464383 0.443085 1.13837 2.80251 0.00164408 0.0711829 1.76885 1.4517 1.77854 1.75923 1.02011 0.719348 11.9414 12.3506 4.85404 0 -7.42561 -8.24602 1.5109 10.7346 1 0 0 5.54218 5.67144 0.567707
10970 176.486 3.02085e-05 2.04707 0.464504 0.442735 1.13983 2.82739 0.00164397 0.0708394 1.76869 1.4517 1.77837 1.75908 1.02016 0.717098 11.9377 12.3465 4.85445 0 -7.36399 -8.17368 1.50175 10.7502 1 0 0 5.53411 5.66031 0.568511
10975 176.486 3.02085e-05 2.0483 0.46462 0.442382 1.14129 2.85295 0.00164387 0.0704958 1.76853 1.4517 1.7782 1.75893 1.02021 0.714817 11.9339 12.3423 4.85486 0 -7.30082 -8.09959 1.4924 10.7656 1 0 0 5.52605 5.64916 0.56931
10980 176.486 3.02085e-05 2.04952 0.464735 0.44203 1.14275 2.8799 0.00164376 0.0701523 1.76837 1.4517 1.77803 1.75878 1.02026 0.712652 11.9301 12.3382 4.85528 0 -7.39849 -8.20239 1.51317 10.7828 1 0 0 5.51804 5.63802 0.570107
10985 176.486 3.02085e-05 2.0508 0.464862 0.441697 1.14424 2.91155 0.00164365 0.0698087 1.7682 1.4517 1.77785 1.75863 1.02031 0.710862 11.9264 12.3341 4.8557 0 -7.57142 -8.33999 1.54926 10.806 1 0 0 5.51032 5.62708 0.570908
10990 176.486 3.02085e-05 2.05211 0.464991 0.441369 1.14575 2.93975 0.00164354 0.0694652 1.76804 1.4517 1.77767 1.75848 1.02037 0.70918 11.9227 12.33 4.85612 0 -7.75805 -8.50538 1.58969 10.8311 1 0 0 5.50272 5.61614 0.571697
10995 176.486 3.02085e-05 2.05352 0.465141 0.441076 1.14731 2.96564 0.00164343 0.0691216 1.76786 1.4517 1.77749 1.75831 1.02042 0.708132 11.9191 12.3259 4.85654 0 -8.07022 -8.75055 1.65591 10.8661 1 0 0 5.49558 5.60551 0.572488
11000 176.487 3.02085e-05 2.05495 0.465291 0.440786 1.14888 2.98979 0.00164331 0.0687781 1.76768 1.4517 1.7773 1.75815 1.02048 0.706967 11.9155 12.3219 4.85696 0 -8.06377 -8.65039 1.66391 10.8997 1 0 0 5.4886 5.59481 0.573252
11005 176.487 3.02085e-05 2.05636 0.465435 0.440491 1.15044 3.01076 0.0016432 0.0684345 1.76751 1.4517 1.77712 1.75799 1.02054 0.705697 11.9119 12.3179 4.85738 0 -7.98441 -8.50278 1.65884 10.932 1 0 0 5.48164 5.58395 0.573991
11010 176.487 3.02085e-05 2.05775 0.46557 0.44019 1.15199 3.03018 0.00164308 0.068091 1.76733 1.4517 1.77694 1.75783 1.02059 0.704382 11.9083 12.3138 4.85781 0 -7.91435 -8.38804 1.6548 10.964 1 0 0 5.4747 5.57298 0.574715
11015 176.487 3.02085e-05 2.05913 0.465699 0.439886 1.15354 3.04895 0.00164297 0.0677474 1.76716 1.4517 1.77676 1.75767 1.02065 0.703052 11.9047 12.3097 4.85824 0 -7.84214 -8.28178 1.64959 10.996 1 0 0 5.46777 5.56193 0.575428
11020 176.487 3.02085e-05 2.06049 0.465822 0.439578 1.15509 3.0677 0.00164286 0.0674039 1.767 1.4517 1.77658 1.75751 1.0207 0.701691 11.9011 12.3056 4.85867 0 -7.76085 -8.17355 1.6422 11.028 1 0 0 5.46085 5.55082 0.576132
11025 176.487 3.02085e-05 2.06184 0.465939 0.439266 1.15663 3.0864 0.00164275 0.0670603 1.76683 1.4517 1.77641 1.75735 1.02076 0.700322 11.8974 12.3015 4.8591 0 -7.71742 -8.10865 1.64089 11.0601 1 0 0 5.45394 5.53965 0.576829
11030 176.487 3.02085e-05 2.06319 0.466057 0.438956 1.15818 3.10422 0.00164264 0.0667168 1.76666 1.4517 1.77624 1.7572 1.02081 0.698987 11.8938 12.2974 4.85954 0 -7.69954 -8.0695 1.64425 11.0931 1 0 0 5.44712 5.5285 0.577523
11035 176.488 3.02085e-05 2.06454 0.46617 0.438644 1.15972 3.1216 0.00164254 0.0663733 1.7665 1.4517 1.77607 1.75705 1.02087 0.697622 11.8902 12.2933 4.85997 0 -7.63144 -7.98323 1.63926 11.126 1 0 0 5.44034 5.51732 0.578213
11040 176.488 3.02085e-05 2.06587 0.466278 0.438329 1.16126 3.13932 0.00164243 0.0660297 1.76634 1.4517 1.7759 1.7569 1.02092 0.696225 11.8866 12.2892 4.8604 0 -7.55117 -7.88831 1.63214 11.1587 1 0 0 5.43357 5.5061 0.578898
11045 176.488 3.02085e-05 2.06719 0.466381 0.438011 1.1628 3.15717 0.00164233 0.0656862 1.76618 1.4517 1.77573 1.75675 1.02098 0.6948 11.8829 12.285 4.86084 0 -7.48223 -7.8069 1.62683 11.1913 1 0 0 5.4268 5.49485 0.579578
11050 176.488 3.02085e-05 2.06851 0.466482 0.437693 1.16433 3.17418 0.00164222 0.0653426 1.76602 1.4517 1.77557 1.7566 1.02103 0.693389 11.8793 12.2809 4.86128 0 -7.46169 -7.77349 1.62985 11.2245 1 0 0 5.42009 5.48361 0.580257
11055 176.488 3.02085e-05 2.06983 0.466582 0.437377 1.16587 3.18947 0.00164212 0.0649991 1.76586 1.4517 1.7754 1.75645 1.02109 0.691993 11.8757 12.2767 4.86171 0 -7.4477 -7.74508 1.63424 11.2584 1 0 0 5.41347 5.47238 0.580935
11060 176.488 3.02085e-05 2.07116 0.466681 0.437061 1.16742 3.20327 0.00164201 0.0646555 1.7657 1.4517 1.77524 1.7563 1.02114 0.690609 11.872 12.2726 4.86215 0 -7.42778 -7.71283 1.63816 11.2927 1 0 0 5.40694 5.46116 0.581614
11065 176.489 3.02085e-05 2.0725 0.46678 0.436748 1.16897 3.21647 0.00164191 0.064312 1.76554 1.4517 1.77507 1.75616 1.0212 0.689273 11.8684 12.2684 4.86259 0 -7.41201 -7.68982 1.64357 11.3283 1 0 0 5.4005 5.44997 0.582293
11070 176.489 3.02085e-05 2.07384 0.466877 0.436436 1.17052 3.22906 0.00164181 0.0639684 1.76539 1.4517 1.77491 1.75601 1.02125 0.687957 11.8648 12.2643 4.86303 0 -7.38057 -7.64976 1.64661 11.3646 1 0 0 5.39413 5.43879 0.582971
11075 176.489 3.02085e-05 2.07518 0.466972 0.436126 1.17208 3.24133 0.0016417 0.0636249 1.76523 1.4517 1.77474 1.75587 1.02131 0.686668 11.8611 12.2601 4.86347 0 -7.34664 -7.60683 1.64957 11.4017 1 0 0 5.38783 5.42761 0.583648
11080 176.489 3.02085e-05 2.07652 0.467064 0.435816 1.17364 3.25353 0.0016416 0.0632813 1.76507 1.4517 1.77458 1.75573 1.02137 0.685384 11.8575 12.256 4.86391 0 -7.30587 -7.5588 1.65137 11.4393 1 0 0 5.38157 5.41644 0.584322
11085 176.489 3.02085e-05 2.07787 0.467155 0.435507 1.1752 3.26537 0.0016415 0.0629378 1.76492 1.4517 1.77442 1.75558 1.02142 0.684108 11.8539 12.2518 4.86435 0 -7.25103 -7.49727 1.65097 11.4775 1 0 0 5.37537 5.40527 0.584994
11090 176.489 3.02085e-05 2.0792 0.46724 0.435197 1.17676 3.27725 0.0016414 0.0625942 1.76477 1.4517 1.77426 1.75544 1.02148 0.682803 11.8503 12.2476 4.86479 0 -7.16348 -7.40651 1.64495 11.5157 1 0 0 5.36918 5.39409 0.585665
11095 176.489 3.02085e-05 2.08053 0.46732 0.434886 1.17832 3.28956 0.0016413 0.0622507 1.76462 1.4517 1.77411 1.75531 1.02153 0.681479 11.8466 12.2434 4.86523 0 -7.08613 -7.32901 1.64026 11.5539 1 0 0 5.36298 5.3829 0.586333
11100 176.49 3.02085e-05 2.08185 0.467396 0.434576 1.17988 3.30164 0.00164121 0.0619071 1.76447 1.4517 1.77395 1.75517 1.02159 0.680158 11.843 12.2392 4.86567 0 -7.03715 -7.27818 1.63984 11.5926 1 0 0 5.3568 5.37174 0.587
11105 176.49 3.02085e-05 2.08317 0.46747 0.434268 1.18144 3.31325 0.00164111 0.0615636 1.76432 1.4517 1.7738 1.75504 1.02164 0.678838 11.8393 12.235 4.86611 0 -7.00276 -7.2431 1.64219 11.6318 1 0 0 5.35067 5.3606 0.587668
11110 176.49 3.02085e-05 2.08451 0.467544 0.433964 1.183 3.32405 0.00164101 0.0612201 1.76417 1.4517 1.77364 1.7549 1.0217 0.677543 11.8357 12.2308 4.86655 0 -6.98602 -7.22262 1.6473 11.6719 1 0 0 5.3446 5.34952 0.588338
11115 176.49 3.02085e-05 2.08585 0.46762 0.433665 1.18457 3.3329 0.00164092 0.0608765 1.76403 1.4517 1.77349 1.75477 1.02175 0.676298 11.832 12.2266 4.867 0 -7.01212 -7.24131 1.65897 11.7133 1 0 0 5.33863 5.33851 0.58901
11120 176.49 3.02085e-05 2.08722 0.4677 0.433372 1.18615 3.33827 0.00164082 0.060533 1.76388 1.4517 1.77333 1.75464 1.02181 0.675083 11.8284 12.2224 4.86744 0 -7.02028 -7.24009 1.66808 11.7557 1 0 0 5.33281 5.32756 0.589686
11125 176.49 3.02085e-05 2.08861 0.467782 0.433083 1.18774 3.34037 0.00164072 0.0601894 1.76373 1.4517 1.77318 1.7545 1.02186 0.673874 11.8248 12.2182 4.86788 0 -6.99882 -7.21327 1.67341 11.7987 1 0 0 5.3271 5.31667 0.590365
11130 176.49 3.02085e-05 2.08999 0.467863 0.432796 1.18933 3.34172 0.00164063 0.0598459 1.76359 1.4517 1.77302 1.75437 1.02192 0.67264 11.8211 12.214 4.86832 0 -6.92907 -7.14613 1.67156 11.8418 1 0 0 5.32144 5.3058 0.591046
11135 176.491 3.02085e-05 2.09137 0.46794 0.432511 1.19092 3.34342 0.00164053 0.0595023 1.76344 1.4517 1.77287 1.75424 1.02198 0.671384 11.8175 12.2098 4.86876 0 -6.86486 -7.08918 1.67038 11.885 1 0 0 5.31579 5.29497 0.591729
11140 176.491 3.02085e-05 2.09276 0.468017 0.43223 1.19252 3.34579 0.00164044 0.0591588 1.7633 1.4517 1.77272 1.75411 1.02203 0.670148 11.8139 12.2056 4.8692 0 -6.83768 -7.06939 1.67517 11.9291 1 0 0 5.31019 5.28421 0.592416
11145 176.491 3.02085e-05 2.09417 0.468097 0.431954 1.19412 3.34706 0.00164034 0.0588152 1.76316 1.4517 1.77257 1.75398 1.02209 0.668941 11.8102 12.2014 4.86964 0 -6.82715 -7.0632 1.68233 11.9742 1 0 0 5.30466 5.27353 0.593109
11150 176.491 3.02085e-05 2.09558 0.468176 0.431683 1.19573 3.3478 0.00164025 0.0584717 1.76301 1.4517 1.77242 1.75386 1.02215 0.667704 11.8066 12.1972 4.87008 0 -6.75982 -7.00345 1.68075 12.0193 1 0 0 5.29918 5.26292 0.593805
11155 176.491 3.02085e-05 2.097 0.468251 0.431414 1.19733 3.34898 0.00164016 0.0581281 1.76287 1.4517 1.77227 1.75373 1.0222 0.666439 11.803 12.193 4.87051 0 -6.69147 -6.94281 1.67852 12.0645 1 0 0 5.29369 5.25236 0.594504
11160 176.491 3.02085e-05 2.09842 0.468328 0.431149 1.19894 3.34909 0.00164007 0.0577846 1.76273 1.4517 1.77212 1.75361 1.02226 0.665163 11.7993 12.1888 4.87095 0 -6.65525 -6.91065 1.68077 12.11 1 0 0 5.28824 5.24188 0.595208
11165 176.492 3.02085e-05 2.09985 0.468405 0.430889 1.20056 3.34854 0.00163998 0.057441 1.76259 1.4517 1.77198 1.75349 1.02231 0.663893 11.7957 12.1846 4.87139 0 -6.64399 -6.90536 1.68757 12.1561 1 0 0 5.28286 5.23149 0.59592
11170 176.492 3.02085e-05 2.10131 0.468487 0.430637 1.20218 3.34691 0.00163988 0.0570975 1.76246 1.4517 1.77183 1.75336 1.02237 0.662644 11.792 12.1804 4.87183 0 -6.65447 -6.91819 1.69728 12.2033 1 0 0 5.27758 5.22121 0.596639
11175 176.492 3.02085e-05 2.10278 0.468574 0.430391 1.20382 3.34299 0.00163979 0.0567539 1.76232 1.4517 1.77168 1.75324 1.02243 0.661408 11.7884 12.1762 4.87227 0 -6.66017 -6.92689 1.70637 12.2512 1 0 0 5.27241 5.21104 0.597368
11180 176.492 3.02085e-05 2.1043 0.468674 0.430156 1.20547 3.33374 0.0016397 0.0564104 1.76217 1.4517 1.77153 1.75312 1.02249 0.660255 11.7848 12.172 4.87271 0 -6.78024 -7.03609 1.73176 12.3013 1 0 0 5.26747 5.20102 0.598109
11185 176.492 3.02085e-05 2.10587 0.468787 0.429931 1.20715 3.31915 0.00163961 0.0560668 1.76203 1.4517 1.77138 1.75299 1.02254 0.659128 11.7812 12.1679 4.87315 0 -6.79024 -7.04764 1.74178 12.3525 1 0 0 5.26276 5.19113 0.598864
11190 176.492 3.02085e-05 2.10744 0.468904 0.429712 1.20883 3.30472 0.00163951 0.0557233 1.76189 1.4517 1.77123 1.75287 1.0226 0.65798 11.7776 12.1637 4.87359 0 -6.71974 -6.99539 1.74071 12.404 1 0 0 5.25812 5.18132 0.599627
11195 176.492 3.02085e-05 2.10904 0.469026 0.4295 1.21051 3.2906 0.00163942 0.0553798 1.76175 1.4517 1.77108 1.75274 1.02266 0.656873 11.774 12.1595 4.87402 0 -6.752 -7.03992 1.75488 12.4569 1 0 0 5.25356 5.17163 0.600401
11200 176.493 3.02085e-05 2.11067 0.469158 0.429297 1.21221 3.27453 0.00163933 0.0550362 1.76161 1.4517 1.77093 1.75262 1.02272 0.65579 11.7704 12.1554 4.87446 0 -6.74385 -7.04807 1.76394 12.5109 1 0 0 5.24915 5.16207 0.601188
11205 176.493 3.02085e-05 2.11237 0.469302 0.429117 1.21395 3.26266 0.00163923 0.0546927 1.76146 1.4517 1.77077 1.75249 1.02278 0.655061 11.7669 12.1513 4.8749 0 -7.02125 -7.35487 1.83157 12.5724 1 0 0 5.24494 5.15278 0.601997
11210 176.493 3.02085e-05 2.11415 0.46946 0.428958 1.21573 3.25441 0.00163913 0.0543491 1.76131 1.4517 1.77061 1.75236 1.02284 0.65449 11.7634 12.1472 4.87534 0 -7.10919 -7.41542 1.86415 12.6377 1 0 0 5.24099 5.14371 0.602817
11215 176.493 3.02085e-05 2.11595 0.469621 0.428808 1.21752 3.24641 0.00163903 0.0540056 1.76116 1.4517 1.77045 1.75223 1.02291 0.653889 11.7599 12.1431 4.87578 0 -7.07866 -7.37078 1.87495 12.7033 1 0 0 5.23712 5.1347 0.603636
11220 176.493 3.02085e-05 2.11777 0.469783 0.428663 1.21932 3.23947 0.00163894 0.053662 1.76101 1.4517 1.7703 1.7521 1.02297 0.653291 11.7564 12.1391 4.87622 0 -7.05544 -7.35084 1.88531 12.7698 1 0 0 5.23328 5.12577 0.60446
11225 176.493 3.02085e-05 2.11961 0.469949 0.428526 1.22113 3.23298 0.00163884 0.0533185 1.76086 1.4517 1.77014 1.75197 1.02303 0.652721 11.7529 12.135 4.87666 0 -7.03033 -7.33297 1.89508 12.8377 1 0 0 5.22952 5.11694 0.605291
11230 176.493 3.02085e-05 2.12146 0.470115 0.428395 1.22295 3.22727 0.00163874 0.0529749 1.76071 1.4517 1.76998 1.75184 1.0231 0.65212 11.7494 12.131 4.8771 0 -6.95866 -7.2732 1.8967 12.9059 1 0 0 5.22577 5.1082 0.606129
11235 176.494 3.02085e-05 2.12332 0.470283 0.42827 1.22477 3.22155 0.00163864 0.0526314 1.76057 1.4517 1.76982 1.75171 1.02316 0.651505 11.7459 12.1269 4.87754 0 -6.91667 -7.24048 1.90177 12.9747 1 0 0 5.22205 5.09955 0.606976
11240 176.494 3.02085e-05 2.12521 0.470456 0.428152 1.2266 3.21489 0.00163855 0.0522878 1.76042 1.4517 1.76967 1.75158 1.02322 0.650898 11.7424 12.1228 4.87798 0 -6.9202 -7.25187 1.91367 13.0446 1 0 0 5.2184 5.09102 0.607834
11245 176.494 3.02085e-05 2.12713 0.470637 0.428045 1.22845 3.20771 0.00163845 0.0519443 1.76027 1.4517 1.76951 1.75146 1.02329 0.650321 11.7389 12.1188 4.87843 0 -6.9232 -7.26506 1.92616 13.116 1 0 0 5.21488 5.08264 0.608707
11250 176.494 3.02085e-05 2.12909 0.470825 0.427946 1.23032 3.19998 0.00163836 0.0516007 1.76013 1.4517 1.76936 1.75133 1.02335 0.64975 11.7354 12.1147 4.87887 0 -6.90981 -7.26305 1.93528 13.1885 1 0 0 5.21145 5.07436 0.609594
11255 176.494 3.02085e-05 2.13107 0.471023 0.427856 1.23219 3.19053 0.00163826 0.0512572 1.75998 1.4517 1.7692 1.7512 1.02342 0.649215 11.7319 12.1107 4.87931 0 -6.95915 -7.31788 1.95375 13.2627 1 0 0 5.20817 5.06622 0.610497
11260 176.494 3.02085e-05 2.13313 0.471246 0.42778 1.2341 3.17321 0.00163816 0.0509136 1.75983 1.4517 1.76904 1.75107 1.02348 0.648779 11.7285 12.1067 4.87976 0 -7.13893 -7.47519 1.98899 13.3399 1 0 0 5.20524 5.05826 0.611421
11265 176.495 3.02085e-05 2.13524 0.471488 0.427716 1.23603 3.15101 0.00163806 0.0505701 1.75968 1.4517 1.76888 1.75094 1.02355 0.648363 11.725 12.1027 4.8802 0 -7.13458 -7.48138 2.00072 13.4187 1 0 0 5.2026 5.05042 0.612366
11270 176.495 3.02085e-05 2.13738 0.471738 0.427661 1.23798 3.12981 0.00163796 0.0502266 1.75953 1.4517 1.76872 1.75081 1.02362 0.647962 11.7216 12.0987 4.88064 0 -7.10684 -7.47822 2.01009 13.4988 1 0 0 5.20007 5.04269 0.613329
11275 176.495 3.02085e-05 2.13955 0.471996 0.427615 1.23994 3.11005 0.00163786 0.049883 1.75937 1.4517 1.76856 1.75068 1.02369 0.647596 11.7182 12.0947 4.88109 0 -7.1093 -7.5107 2.02572 13.5807 1 0 0 5.19767 5.0351 0.614309
11280 176.495 3.02085e-05 2.14178 0.472272 0.427585 1.24192 3.09035 0.00163776 0.0495395 1.75922 1.4517 1.76839 1.75055 1.02375 0.647337 11.7148 12.0908 4.88153 0 -7.20761 -7.62813 2.05624 13.6661 1 0 0 5.19548 5.0277 0.615313
11285 176.495 3.02085e-05 2.14407 0.472565 0.427571 1.24393 3.07017 0.00163766 0.0491959 1.75907 1.4517 1.76823 1.75042 1.02382 0.647144 11.7114 12.0869 4.88197 0 -7.2424 -7.68926 2.07886 13.7541 1 0 0 5.1935 5.02048 0.616338
11290 176.495 3.02085e-05 2.1464 0.47287 0.427567 1.24597 3.05146 0.00163756 0.0488524 1.75891 1.4517 1.76806 1.75029 1.02389 0.646989 11.708 12.0829 4.88242 0 -7.23408 -7.70967 2.09584 13.8441 1 0 0 5.19167 5.0134 0.617382
11295 176.495 3.02085e-05 2.14876 0.47318 0.427572 1.24801 3.0353 0.00163745 0.0485088 1.75876 1.4517 1.76789 1.75016 1.02396 0.646824 11.7046 12.079 4.88286 0 -7.15794 -7.66912 2.10215 13.9351 1 0 0 5.18988 5.0064 0.618442
11300 176.496 3.02085e-05 2.15114 0.473494 0.427583 1.25006 3.02206 0.00163735 0.0481653 1.7586 1.4517 1.76773 1.75003 1.02403 0.646637 11.7013 12.0751 4.88331 0 -7.07558 -7.62216 2.10687 14.027 1 0 0 5.18809 4.99951 0.619518
11305 176.496 3.02085e-05 2.15353 0.473812 0.427602 1.25212 3.01104 0.00163725 0.0478217 1.75845 1.4517 1.76756 1.7499 1.0241 0.646434 11.6979 12.0712 4.88375 0 -7.04049 -7.61727 2.11779 14.1199 1 0 0 5.18633 4.99273 0.62061
11310 176.496 3.02085e-05 2.15596 0.474137 0.427631 1.25419 3.00085 0.00163715 0.0474782 1.7583 1.4517 1.7674 1.74978 1.02418 0.646215 11.6945 12.0673 4.8842 0 -6.98922 -7.59687 2.12683 14.2138 1 0 0 5.18464 4.98608 0.62172
11315 176.496 3.02085e-05 2.15841 0.474467 0.427668 1.25628 2.99244 0.00163705 0.0471346 1.75815 1.4517 1.76724 1.74965 1.02425 0.645962 11.6911 12.0634 4.88464 0 -6.94497 -7.58021 2.13661 14.3083 1 0 0 5.18297 4.97956 0.622846
11320 176.496 3.02085e-05 2.16089 0.474802 0.427716 1.25838 2.98609 0.00163696 0.0467911 1.758 1.4517 1.76708 1.74953 1.02432 0.645704 11.6877 12.0595 4.88509 0 -6.91355 -7.57681 2.14849 14.4041 1 0 0 5.18136 4.97317 0.62399
11325 176.496 3.02085e-05 2.16341 0.475144 0.427774 1.26049 2.98117 0.00163686 0.0464475 1.75785 1.4517 1.76691 1.74941 1.02439 0.64545 11.6843 12.0556 4.88554 0 -6.90179 -7.58834 2.16277 14.5014 1 0 0 5.17983 4.96692 0.625154
11330 176.496 3.02085e-05 2.16596 0.475496 0.427843 1.26262 2.97624 0.00163676 0.046104 1.7577 1.4517 1.76675 1.74929 1.02446 0.645202 11.6809 12.0517 4.88599 0 -6.89457 -7.60053 2.1775 14.6002 1 0 0 5.17841 4.96081 0.626336
11335 176.497 3.02085e-05 2.16855 0.475858 0.427924 1.26477 2.97244 0.00163666 0.0457604 1.75755 1.4517 1.76659 1.74917 1.02454 0.644973 11.6775 12.0478 4.88644 0 -6.90654 -7.63465 2.19633 14.701 1 0 0 5.1771 4.95483 0.627537
11340 176.497 3.02085e-05 2.17118 0.47623 0.428016 1.26694 2.96953 0.00163656 0.0454169 1.7574 1.4517 1.76642 1.74904 1.02461 0.644769 11.6741 12.044 4.88689 0 -6.91229 -7.65897 2.21376 14.8039 1 0 0 5.17591 4.94899 0.628759
11345 176.497 3.02085e-05 2.17386 0.476616 0.428119 1.26913 2.96429 0.00163646 0.0450734 1.75725 1.4517 1.76626 1.74892 1.02469 0.644578 11.6707 12.0401 4.88734 0 -6.92881 -7.68485 2.23055 14.9087 1 0 0 5.1749 4.94326 0.630002
11350 176.497 3.02085e-05 2.17658 0.477016 0.428231 1.27133 2.95647 0.00163636 0.0447298 1.7571 1.4517 1.76609 1.7488 1.02476 0.64439 11.6673 12.0363 4.88779 0 -6.95544 -7.7156 2.24785 15.0152 1 0 0 5.17409 4.93763 0.631264
11355 176.497 3.02085e-05 2.17937 0.477444 0.428355 1.27357 2.9414 0.00163626 0.0443863 1.75695 1.4517 1.76593 1.74868 1.02484 0.644262 11.664 12.0325 4.88825 0 -7.1019 -7.83329 2.27801 15.1247 1 0 0 5.17366 4.9321 0.632553
11360 176.497 3.02085e-05 2.18223 0.477902 0.428493 1.27583 2.92233 0.00163616 0.0440427 1.75679 1.4517 1.76576 1.74855 1.02491 0.644208 11.6607 12.0286 4.8887 0 -7.17411 -7.91368 2.30407 15.2376 1 0 0 5.1736 4.92666 0.633869
11365 176.497 3.02085e-05 2.18514 0.478377 0.428641 1.27812 2.90516 0.00163606 0.0436992 1.75663 1.4517 1.76558 1.74843 1.02499 0.644199 11.6574 12.0249 4.88916 0 -7.14459 -7.91997 2.3202 15.3535 1 0 0 5.17376 4.92131 0.635213
11370 176.498 3.02085e-05 2.1881 0.478868 0.428801 1.28043 2.88973 0.00163595 0.0433556 1.75648 1.4517 1.76541 1.7483 1.02507 0.644261 11.6541 12.0211 4.88962 0 -7.20585 -8.00724 2.34923 15.4729 1 0 0 5.1741 4.91605 0.636583
11375 176.498 3.02085e-05 2.19112 0.479379 0.428975 1.28276 2.87434 0.00163585 0.0430121 1.75632 1.4517 1.76524 1.74818 1.02515 0.644376 11.6508 12.0173 4.89007 0 -7.23311 -8.06022 2.37458 15.5954 1 0 0 5.17469 4.91091 0.63798
11380 176.498 3.02085e-05 2.19419 0.479908 0.429162 1.28512 2.86091 0.00163575 0.0426685 1.75616 1.4517 1.76506 1.74805 1.02523 0.644539 11.6476 12.0136 4.89053 0 -7.24462 -8.09881 2.39874 15.7211 1 0 0 5.17548 4.90587 0.639402
11385 176.498 3.02085e-05 2.19731 0.48045 0.429357 1.2875 2.84949 0.00163564 0.042325 1.756 1.4517 1.76489 1.74793 1.02531 0.644696 11.6443 12.0098 4.89099 0 -7.17964 -8.06175 2.40997 15.8487 1 0 0 5.17641 4.90088 0.640848
11390 176.498 3.02085e-05 2.20045 0.481001 0.429558 1.28989 2.8423 0.00163554 0.0419814 1.75585 1.4517 1.76471 1.74781 1.02539 0.644813 11.6411 12.0061 4.89145 0 -7.08611 -8.00708 2.41793 15.9774 1 0 0 5.17738 4.89595 0.642314
11395 176.498 3.02085e-05 2.20361 0.481558 0.429768 1.29229 2.83929 0.00163544 0.0416379 1.75569 1.4517 1.76454 1.74769 1.02547 0.644879 11.6378 12.0024 4.89191 0 -6.99475 -7.95443 2.42613 16.107 1 0 0 5.17836 4.89109 0.643801
11400 176.499 3.02085e-05 2.20681 0.482123 0.429987 1.2947 2.83825 0.00163534 0.0412943 1.75554 1.4517 1.76437 1.74757 1.02555 0.644894 11.6345 11.9986 4.89237 0 -6.94202 -7.92993 2.43906 16.2374 1 0 0 5.1794 4.88632 0.64531
11405 176.499 3.02085e-05 2.21003 0.482693 0.430216 1.29712 2.83987 0.00163524 0.0409508 1.75539 1.4517 1.7642 1.74746 1.02563 0.64483 11.6312 11.9949 4.89284 0 -6.8506 -7.87238 2.44771 16.368 1 0 0 5.18047 4.88164 0.64684
11410 176.499 3.02085e-05 2.21327 0.483266 0.430455 1.29955 2.84498 0.00163514 0.0406072 1.75524 1.4517 1.76403 1.74735 1.02571 0.644698 11.6279 11.9911 4.8933 0 -6.78069 -7.83207 2.45994 16.4991 1 0 0 5.18153 4.87706 0.64839
11415 176.499 3.02085e-05 2.21654 0.483843 0.430705 1.30199 2.85288 0.00163504 0.0402637 1.75509 1.4517 1.76386 1.74724 1.0258 0.644486 11.6246 11.9874 4.89377 0 -6.7242 -7.79695 2.47295 16.6304 1 0 0 5.18262 4.87257 0.649962
11420 176.499 3.02085e-05 2.21984 0.484426 0.430966 1.30445 2.86294 0.00163494 0.0399201 1.75494 1.4517 1.76369 1.74713 1.02588 0.644214 11.6213 11.9836 4.89424 0 -6.69179 -7.78438 2.48958 16.7623 1 0 0 5.18378 4.86819 0.651556
11425 176.499 3.02085e-05 2.22318 0.485017 0.431243 1.30692 2.87598 0.00163485 0.0395766 1.7548 1.4517 1.76353 1.74702 1.02596 0.643926 11.618 11.9799 4.89471 0 -6.70708 -7.82002 2.51533 16.8961 1 0 0 5.18501 4.86393 0.653173
11430 176.499 3.02085e-05 2.22658 0.48562 0.431534 1.30942 2.8907 0.00163475 0.0392331 1.75465 1.4517 1.76336 1.74691 1.02605 0.643621 11.6148 11.9761 4.89518 0 -6.74371 -7.86674 2.54412 17.0319 1 0 0 5.18637 4.85978 0.654814
11435 176.5 3.02085e-05 2.23003 0.486236 0.431841 1.31195 2.9057 0.00163465 0.0388895 1.7545 1.4517 1.76319 1.7468 1.02613 0.643322 11.6115 11.9724 4.89566 0 -6.81854 -7.9502 2.58034 17.1702 1 0 0 5.18791 4.85574 0.656479
11440 176.5 3.02085e-05 2.23355 0.486871 0.432166 1.31452 2.92027 0.00163455 0.038546 1.75435 1.4517 1.76301 1.74669 1.02622 0.643066 11.6082 11.9687 4.89613 0 -6.93753 -8.07696 2.62463 17.3121 1 0 0 5.1897 4.85182 0.658173
11445 176.5 3.02085e-05 2.23713 0.487516 0.432504 1.31711 2.93638 0.00163445 0.0382024 1.75419 1.4517 1.76284 1.74658 1.02631 0.642781 11.605 11.965 4.89661 0 -6.89181 -8.05072 2.64314 17.4558 1 0 0 5.19166 4.84796 0.659891
11450 176.5 3.02085e-05 2.24072 0.488161 0.432851 1.31971 2.9564 0.00163435 0.0378589 1.75404 1.4517 1.76266 1.74647 1.0264 0.642424 11.6018 11.9613 4.89708 0 -6.80549 -7.9886 2.65516 17.6002 1 0 0 5.19364 4.84411 0.661627
11455 176.5 3.02085e-05 2.24435 0.488812 0.433212 1.32232 2.98144 0.00163425 0.0375153 1.75389 1.4517 1.76249 1.74637 1.02649 0.642031 11.5986 11.9577 4.89756 0 -6.77885 -7.9782 2.67648 17.7462 1 0 0 5.19569 4.8403 0.663385
11460 176.5 3.02085e-05 2.248 0.489466 0.433586 1.32495 3.01201 0.00163415 0.0371718 1.75374 1.4517 1.76232 1.74626 1.02658 0.641584 11.5953 11.954 4.89804 0 -6.74792 -7.95745 2.69797 17.8933 1 0 0 5.1978 4.83651 0.665163
11465 176.5 3.02085e-05 2.25168 0.49012 0.433973 1.32759 3.04875 0.00163406 0.0368282 1.7536 1.4517 1.76214 1.74616 1.02667 0.641047 11.5921 11.9503 4.89853 0 -6.68505 -7.90222 2.71515 18.0408 1 0 0 5.19996 4.83273 0.666959
11470 176.501 3.02085e-05 2.25539 0.490773 0.434374 1.33024 3.0908 0.00163396 0.0364847 1.75345 1.4517 1.76197 1.74606 1.02676 0.640415 11.5889 11.9466 4.89902 0 -6.65198 -7.86012 2.7355 18.1883 1 0 0 5.20215 4.82893 0.668775
11475 176.501 3.02085e-05 2.25914 0.491432 0.434793 1.33291 3.13842 0.00163386 0.0361411 1.7533 1.4517 1.7618 1.74596 1.02685 0.639724 11.5857 11.9429 4.89951 0 -6.7323 -7.91813 2.77348 18.3369 1 0 0 5.20444 4.82513 0.670611
11480 176.501 3.02085e-05 2.26294 0.492107 0.435232 1.3356 3.18997 0.00163377 0.0357976 1.75315 1.4517 1.76162 1.74586 1.02694 0.63898 11.5825 11.9392 4.9 0 -6.87803 -7.99133 2.81397 18.4869 1 0 0 5.207 4.82129 0.672471
11485 176.501 3.02085e-05 2.26681 0.492804 0.435688 1.33832 3.24654 0.00163367 0.035454 1.753 1.4517 1.76145 1.74575 1.02703 0.638167 11.5793 11.9355 4.9005 0 -7.00836 -8.05364 2.85237 18.6377 1 0 0 5.20991 4.81736 0.674356
11490 176.501 3.02085e-05 2.27077 0.493529 0.43617 1.34107 3.30626 0.00163356 0.0351105 1.75284 1.4517 1.76126 1.74564 1.02713 0.637398 11.5762 11.9318 4.901 0 -7.3377 -8.2991 2.92447 18.7929 1 0 0 5.21321 4.81337 0.676272
11495 176.501 3.02085e-05 2.2748 0.494274 0.436673 1.34385 3.38005 0.00163346 0.0347669 1.75268 1.4517 1.76108 1.74553 1.02723 0.636577 11.5732 11.9282 4.90149 0 -7.37959 -8.30614 2.95959 18.9495 1 0 0 5.21683 4.80927 0.678217
11500 176.502 3.02085e-05 2.27885 0.495013 0.437198 1.34664 3.48 0.00163335 0.0344234 1.75252 1.4517 1.76089 1.74542 1.02733 0.635679 11.5702 11.9246 4.902 0 -7.43827 -8.33914 3.00217 19.107 1 0 0 5.22052 4.80503 0.680182
11505 176.502 3.02085e-05 2.28291 0.495733 0.437747 1.34943 3.61454 0.00163325 0.0340799 1.75236 1.4517 1.7607 1.74531 1.02743 0.634662 11.5672 11.9209 4.9025 0 -7.35468 -8.22034 3.02416 19.264 1 0 0 5.22423 4.80061 0.682164
11510 176.502 3.02085e-05 2.28692 0.496403 0.438309 1.3522 3.79974 0.00163315 0.0337363 1.75221 1.4517 1.76051 1.74521 1.02753 0.633375 11.5642 11.9173 4.90302 0 -7.05149 -7.89836 3.01561 19.4161 1 0 0 5.22767 4.79585 0.684147
11515 176.502 3.02085e-05 2.29082 0.496999 0.438884 1.35494 4.04467 0.00163305 0.0333928 1.75206 1.4517 1.76033 1.74512 1.02763 0.631799 11.5612 11.9135 4.90354 0 -6.79873 -7.62034 3.01179 19.5623 1 0 0 5.23065 4.79067 0.686126
11520 176.502 3.02085e-05 2.2946 0.49751 0.439471 1.35762 4.36094 0.00163296 0.0330492 1.75192 1.4517 1.76016 1.74504 1.02772 0.62993 11.5582 11.9097 4.90407 0 -6.42262 -7.25277 2.98553 19.7024 1 0 0 5.23311 4.78502 0.688095
11525 176.502 3.02085e-05 2.29836 0.497988 0.440085 1.36029 4.69196 0.00163287 0.0327057 1.75178 1.4517 1.75998 1.74496 1.02782 0.628054 11.5551 11.9058 4.90461 0 -6.96999 -7.6805 3.04846 19.8452 1 0 0 5.23556 4.77905 0.690065
11530 176.502 3.02085e-05 2.30216 0.498487 0.440747 1.36293 5.03494 0.00163277 0.0323621 1.75163 1.4517 1.75979 1.74487 1.02792 0.626196 11.5521 11.9021 4.90513 0 -6.88702 -7.65118 2.99976 19.9917 1 0 0 5.23836 4.77312 0.692035
11535 176.503 3.02085e-05 2.30568 0.498859 0.44142 1.3654 5.46507 0.00163269 0.0320186 1.7515 1.4517 1.75962 1.7448 1.02802 0.623934 11.5491 11.8982 4.90565 0 -5.74887 -6.70199 2.78696 20.1284 1 0 0 5.24003 4.76705 0.69395
11540 176.503 3.02085e-05 2.3088 0.499047 0.442083 1.36767 5.96786 0.00163262 0.031675 1.7514 1.4517 1.75947 1.74477 1.0281 0.621252 11.5459 11.8942 4.90617 0 -4.41575 -5.61101 2.52166 20.2543 1 0 0 5.24003 4.76079 0.695791
11545 176.503 3.02085e-05 2.31174 0.499187 0.442785 1.36977 6.31622 0.00163255 0.0313315 1.75131 1.4517 1.75933 1.74474 1.02818 0.618744 11.5424 11.89 4.90669 0 -5.40433 -6.59534 2.45917 20.3888 1 0 0 5.23946 4.75512 0.697579
11550 176.503 3.02085e-05 2.31503 0.499606 0.443597 1.37183 6.44477 0.00163248 0.0309879 1.75119 1.4517 1.75917 1.74468 1.02826 0.616646 11.5393 11.8861 4.90717 0 -5.53662 -6.70328 2.28929 20.54 1 0 0 5.24076 4.7512 0.699368
11555 176.503 3.02085e-05 2.31864 0.500267 0.444526 1.37385 6.34869 0.00163238 0.0306444 1.75105 1.4517 1.759 1.7446 1.02833 0.615399 11.5361 11.8822 4.90764 0 -7.40036 -8.1774 2.28131 20.7232 1 0 0 5.2438 4.74903 0.701156
11560 176.503 3.02085e-05 2.32307 0.501341 0.445665 1.37606 5.95495 0.00163226 0.0303008 1.75085 1.4517 1.75877 1.74444 1.02842 0.616173 11.5334 11.8788 4.90808 0 -9.98558 -9.93491 2.46703 20.9795 1 0 0 5.25052 4.74941 0.703019
11565 176.503 3.02085e-05 2.32758 0.502417 0.446738 1.37842 5.70939 0.00163214 0.0299573 1.75066 1.4517 1.75857 1.74428 1.0285 0.617045 11.5309 11.8755 4.90854 0 -9.22446 -8.60034 2.48216 21.245 1 0 0 5.25776 4.74939 0.70491
11570 176.504 3.02085e-05 2.33198 0.503429 0.447673 1.38088 5.52358 0.00163203 0.0296137 1.75049 1.4517 1.7584 1.74413 1.02858 0.617664 11.5282 11.872 4.90898 0 -8.36868 -7.71038 2.5024 21.5078 1 0 0 5.26477 4.74854 0.706831
11575 176.504 3.02085e-05 2.33647 0.504473 0.44855 1.38345 5.28444 0.00163192 0.0292702 1.75032 1.4517 1.75823 1.74398 1.02867 0.61846 11.5255 11.8684 4.90941 0 -8.59981 -7.91508 2.5921 21.783 1 0 0 5.27226 4.74766 0.708798
11580 176.504 3.02085e-05 2.34107 0.50563 0.449344 1.38609 5.03558 0.00163181 0.0289266 1.75016 1.4517 1.75806 1.74383 1.02876 0.619012 11.5227 11.8649 4.90981 0 -8.28308 -7.68992 2.62395 22.0561 1 0 0 5.28068 4.74685 0.710839
11585 176.504 3.02085e-05 2.3458 0.506845 0.450128 1.38883 4.84812 0.0016317 0.0285831 1.74999 1.4517 1.7579 1.74369 1.02885 0.619496 11.5199 11.8613 4.91021 0 -8.36974 -7.9188 2.71144 22.3332 1 0 0 5.28972 4.74623 0.712986
11590 176.504 3.02085e-05 2.35065 0.50807 0.450954 1.39163 4.7474 0.00163159 0.0282396 1.74983 1.4517 1.75773 1.74355 1.02894 0.619889 11.5171 11.8578 4.91061 0 -8.28261 -7.95591 2.76524 22.6138 1 0 0 5.29915 4.74579 0.715229
11595 176.504 3.02085e-05 2.3557 0.509357 0.451871 1.39447 4.702 0.00163148 0.027896 1.74965 1.4517 1.75755 1.74341 1.02903 0.620312 11.5143 11.8542 4.91101 0 -8.55585 -8.2488 2.83065 22.9024 1 0 0 5.30948 4.74569 0.717546
11600 176.505 3.02085e-05 2.36074 0.510543 0.452886 1.39732 4.83084 0.00163137 0.0275525 1.74949 1.4517 1.75737 1.74328 1.02913 0.620526 11.5116 11.8507 4.91143 0 -7.98011 -7.74506 2.82771 23.1904 1 0 0 5.31947 4.74577 0.719922
11605 176.505 3.02085e-05 2.36568 0.511527 0.453987 1.40017 5.08957 0.00163127 0.0272089 1.74933 1.4517 1.75721 1.74317 1.02922 0.620724 11.5088 11.8471 4.91188 0 -7.53111 -7.28515 2.8392 23.485 1 0 0 5.32851 4.74586 0.722354
11610 176.505 3.02085e-05 2.37045 0.512342 0.455066 1.40304 5.25601 0.00163118 0.0268654 1.7492 1.4517 1.75706 1.74307 1.02932 0.620984 11.5059 11.8433 4.91234 0 -6.54011 -6.48994 2.77049 23.7895 1 0 0 5.33665 4.74575 0.724822
11615 176.505 3.02085e-05 2.37541 0.513376 0.456053 1.40598 5.10969 0.00163108 0.0265218 1.74905 1.4517 1.7569 1.74297 1.02941 0.621633 11.5029 11.8395 4.91278 0 -7.31874 -7.3032 2.82062 24.1171 1 0 0 5.34659 4.74572 0.727324
11620 176.505 3.02085e-05 2.38048 0.514537 0.45698 1.40896 5.02091 0.00163099 0.0261783 1.74891 1.4517 1.75675 1.74288 1.02951 0.622345 11.5 11.8359 4.9132 0 -6.77962 -6.96876 2.78055 24.4556 1 0 0 5.35767 4.74569 0.729894
11625 176.505 3.02085e-05 2.38546 0.515644 0.457901 1.41192 5.05578 0.0016309 0.0258347 1.74878 1.4517 1.75661 1.7428 1.0296 0.622886 11.4969 11.8321 4.91363 0 -5.94001 -6.24951 2.71557 24.7964 1 0 0 5.36849 4.74571 0.732516
11630 176.505 3.02085e-05 2.39042 0.516677 0.458897 1.41485 5.21745 0.00163083 0.0254912 1.74867 1.4517 1.75648 1.74273 1.02969 0.62331 11.4938 11.8283 4.91407 0 -5.69592 -5.98279 2.7025 25.1417 1 0 0 5.37901 4.74597 0.735186
11635 176.506 3.02085e-05 2.39528 0.517569 0.459983 1.41773 5.54713 0.00163076 0.0251476 1.74857 1.4517 1.75636 1.74268 1.02978 0.623523 11.4906 11.8243 4.91453 0 -5.32589 -5.49603 2.65249 25.4877 1 0 0 5.38897 4.74634 0.737892
11640 176.506 3.02085e-05 2.39994 0.518295 0.461082 1.42056 5.94335 0.0016307 0.0248041 1.74848 1.4517 1.75626 1.74265 1.02987 0.62364 11.4873 11.8203 4.91499 0 -3.99965 -4.09497 2.52551 25.8393 1 0 0 5.39825 4.74636 0.740628
11645 176.506 3.02085e-05 2.40425 0.518817 0.46208 1.42335 6.24961 0.00163066 0.0244605 1.74842 1.4517 1.75619 1.74264 1.02995 0.623799 11.4838 11.8159 4.91546 0 -3.29603 -3.26495 2.4254 26.2026 1 0 0 5.40623 4.74587 0.743385
11650 176.506 3.02085e-05 2.40886 0.519677 0.462975 1.42621 6.15758 0.00163061 0.024117 1.74835 1.4517 1.75611 1.74262 1.03003 0.624617 11.4803 11.8116 4.91592 0 -5.02494 -4.57305 2.49167 26.6043 1 0 0 5.41761 4.74524 0.746159
11655 176.506 3.02085e-05 2.41368 0.520797 0.463844 1.42904 6.16894 0.00163055 0.0237734 1.74827 1.4517 1.75603 1.7426 1.03012 0.625416 11.4771 11.8074 4.91636 0 -4.31257 -3.83808 2.39161 27.0168 1 0 0 5.43185 4.74452 0.748972
11660 176.506 3.02085e-05 2.41821 0.521731 0.464741 1.43174 6.52182 0.00163052 0.0234299 1.74823 1.4517 1.75598 1.74261 1.03019 0.625731 11.4737 11.8031 4.91682 0 -2.48848 -2.13266 2.19636 27.4201 1 0 0 5.44529 4.74372 0.751825
11665 176.506 3.02085e-05 2.42222 0.522311 0.465603 1.43431 7.11359 0.00163052 0.0230863 1.74823 1.4517 1.75597 1.74266 1.03026 0.62561 11.47 11.7984 4.9173 0 -0.417069 -0.0323734 1.95411 27.8161 1 0 0 5.45635 4.74249 0.754675
11670 176.507 3.02085e-05 2.4255 0.522495 0.466309 1.43669 7.74348 0.00163055 0.0227428 1.74828 1.4517 1.75601 1.74278 1.03032 0.625077 11.4658 11.7933 4.9178 0 1.96866 2.15975 1.67343 28.2054 1 0 0 5.46405 4.74052 0.757466
11675 176.507 3.02085e-05 2.42823 0.52249 0.466776 1.43897 8.11427 0.00163061 0.0223993 1.74838 1.4517 1.75611 1.74293 1.03038 0.624396 11.4612 11.7878 4.91829 0 3.04076 3.29087 1.50465 28.5999 1 0 0 5.46991 4.73754 0.760188
11680 176.507 3.02085e-05 2.4309 0.522623 0.467011 1.44127 8.10744 0.00163068 0.0220557 1.74849 1.4517 1.75622 1.7431 1.03043 0.623914 11.4565 11.7822 4.91875 0 3.39414 3.75797 1.47897 29.016 1 0 0 5.47692 4.73346 0.762903
11685 176.507 3.02085e-05 2.43375 0.523006 0.467078 1.44367 7.84372 0.00163075 0.0217122 1.7486 1.4517 1.75634 1.74327 1.03048 0.623704 11.4518 11.7766 4.9192 0 3.5174 3.98301 1.50615 29.4581 1 0 0 5.48621 4.7285 0.765676
11690 176.507 3.02085e-05 2.43643 0.523323 0.467037 1.44607 7.6563 0.00163084 0.0213686 1.74874 1.4517 1.75648 1.74347 1.03053 0.623211 11.4469 11.771 4.91963 0 5.3987 5.24229 1.4369 29.9009 1 0 0 5.49415 4.72346 0.768531
11695 176.507 3.02085e-05 2.43898 0.52353 0.466929 1.44852 7.48192 0.00163094 0.0210251 1.74891 1.4517 1.75665 1.7437 1.03058 0.622467 11.4417 11.7651 4.92006 0 6.27001 5.56234 1.48339 30.346 1 0 0 5.50002 4.71897 0.771471
11700 176.508 3.02085e-05 2.44169 0.523767 0.466813 1.45112 7.24509 0.00163104 0.0206815 1.74908 1.4517 1.75682 1.74394 1.03064 0.621672 11.4363 11.7593 4.92046 0 6.3511 5.18992 1.62357 30.8032 1 0 0 5.50542 4.71526 0.774517
11705 176.508 3.02085e-05 2.44471 0.524087 0.466741 1.45388 6.98096 0.00163114 0.020338 1.74923 1.4517 1.75697 1.74417 1.0307 0.620877 11.431 11.7535 4.92085 0 6.0614 4.47737 1.81672 31.276 1 0 0 5.51105 4.71249 0.777688
11710 176.508 3.02085e-05 2.4482 0.524574 0.466747 1.45688 6.65996 0.00163122 0.0199944 1.74936 1.4517 1.7571 1.74438 1.03076 0.620277 11.4257 11.748 4.92122 0 5.22161 3.37166 2.07874 31.775 1 0 0 5.51806 4.71057 0.781015
11715 176.508 3.02085e-05 2.45211 0.525197 0.466845 1.46007 6.33137 0.00163129 0.0196509 1.74948 1.4517 1.75721 1.74459 1.03084 0.619741 11.4206 11.7427 4.92157 0 4.67226 2.46344 2.32021 32.2948 1 0 0 5.52615 4.70944 0.784496
11720 176.508 3.02085e-05 2.45658 0.526033 0.467037 1.46351 5.92374 0.00163134 0.0193073 1.74957 1.4517 1.75729 1.74477 1.03093 0.61936 11.4156 11.7375 4.9219 0 3.78865 1.41711 2.59457 32.8414 1 0 0 5.5363 4.70879 0.788147
11725 176.508 3.02085e-05 2.46154 0.527052 0.467325 1.46716 5.51124 0.00163139 0.0189638 1.74964 1.4517 1.75735 1.74494 1.03102 0.619046 11.4108 11.7326 4.92223 0 2.94471 0.403133 2.87748 33.4113 1 0 0 5.5482 4.70857 0.791976
11730 176.508 3.02085e-05 2.46712 0.528328 0.467705 1.47109 5.06986 0.00163141 0.0186202 1.74969 1.4517 1.75738 1.74509 1.03113 0.619007 11.4063 11.7278 4.92256 0 2.02406 -0.638372 3.17609 34.0175 1 0 0 5.56282 4.70856 0.796023
11735 176.509 3.02085e-05 2.47314 0.529731 0.468198 1.47521 4.73214 0.00163143 0.0182767 1.74972 1.4517 1.75739 1.74523 1.03124 0.619012 11.4019 11.7232 4.92291 0 1.91771 -1.16173 3.36784 34.6489 1 0 0 5.5787 4.70922 0.800288
11740 176.509 3.02085e-05 2.47947 0.531203 0.468801 1.47947 4.4867 0.00163144 0.0179331 1.74975 1.4517 1.75739 1.74538 1.03136 0.618846 11.3975 11.7187 4.92326 0 2.11657 -1.37823 3.50352 35.2948 1 0 0 5.59505 4.71069 0.804735
11745 176.509 3.02085e-05 2.48609 0.532728 0.469508 1.48386 4.31246 0.00163145 0.0175896 1.74978 1.4517 1.75738 1.74553 1.03148 0.618465 11.3931 11.7143 4.92363 0 2.13493 -1.7103 3.6578 35.9533 1 0 0 5.61161 4.71296 0.809347
11750 176.509 3.02085e-05 2.49307 0.534337 0.47032 1.48842 4.17416 0.00163146 0.0172461 1.74979 1.4517 1.75736 1.74568 1.03161 0.61811 11.3888 11.7099 4.92401 0 1.61954 -2.46457 3.88565 36.6397 1 0 0 5.62883 4.71603 0.814146
11755 176.509 3.02085e-05 2.50044 0.536056 0.471224 1.49316 4.04753 0.00163146 0.0169025 1.7498 1.4517 1.75733 1.74582 1.03175 0.617849 11.3845 11.7057 4.92439 0 1.58389 -2.78232 4.04006 37.3597 1 0 0 5.64714 4.71962 0.819127
11760 176.509 3.02085e-05 2.50808 0.537838 0.472214 1.49803 3.95971 0.00163145 0.016559 1.7498 1.4517 1.75729 1.74596 1.03189 0.617619 11.3803 11.7015 4.92477 0 1.60103 -3.01553 4.19003 38.1114 1 0 0 5.66599 4.72372 0.824268
11765 176.509 3.02085e-05 2.51606 0.539709 0.473284 1.50306 3.88983 0.00163144 0.0162154 1.74979 1.4517 1.75724 1.7461 1.03203 0.617519 11.3761 11.6973 4.92516 0 1.22269 -3.57087 4.39734 38.9033 1 0 0 5.6857 4.72835 0.829583
11770 176.51 3.02085e-05 2.52436 0.541681 0.474421 1.50826 3.82575 0.00163143 0.0158719 1.74977 1.4517 1.75717 1.74625 1.03219 0.617493 11.3719 11.6933 4.92555 0 1.22463 -3.69374 4.53343 39.7341 1 0 0 5.70652 4.7333 0.835075
11775 176.51 3.02085e-05 2.53291 0.543724 0.475617 1.51357 3.77338 0.00163141 0.0155283 1.74976 1.4517 1.75711 1.74639 1.03234 0.617335 11.3678 11.6892 4.92594 0 1.58227 -3.55762 4.6316 40.5931 1 0 0 5.72818 4.73838 0.840721
11780 176.51 3.02085e-05 2.54166 0.545808 0.476873 1.51898 3.74685 0.00163141 0.0151848 1.74975 1.4517 1.75705 1.74655 1.0325 0.616955 11.3637 11.6852 4.92634 0 1.92972 -3.41754 4.7354 41.4761 1 0 0 5.75027 4.74378 0.846519
11785 176.51 3.02085e-05 2.55063 0.547938 0.478194 1.5245 3.7375 0.0016314 0.0148412 1.74975 1.4517 1.757 1.74672 1.03267 0.616328 11.3595 11.6811 4.92673 0 2.08224 -3.40549 4.86593 42.3829 1 0 0 5.77286 4.74961 0.852473
11790 176.51 3.02085e-05 2.55989 0.550154 0.479566 1.53017 3.72208 0.00163139 0.0144977 1.74974 1.4517 1.75694 1.7469 1.03284 0.615522 11.3553 11.677 4.92713 0 2.18948 -3.40562 5.00671 43.3202 1 0 0 5.79646 4.75561 0.858597
11795 176.51 3.02085e-05 2.56944 0.552454 0.480993 1.53599 3.70972 0.00163138 0.0141541 1.74974 1.4517 1.75688 1.74707 1.03301 0.614642 11.3511 11.673 4.92753 0 2.1225 -3.58127 5.18908 44.2975 1 0 0 5.82103 4.76186 0.864913
11800 176.511 3.02085e-05 2.57927 0.554843 0.482459 1.54197 3.69948 0.00163137 0.0138106 1.74973 1.4517 1.75682 1.74726 1.03319 0.613554 11.3469 11.6689 4.92794 0 2.36014 -3.4066 5.32175 45.3083 1 0 0 5.84663 4.76814 0.871422
11805 176.511 3.02085e-05 2.5894 0.557331 0.483957 1.54811 3.69076 0.00163137 0.013467 1.74973 1.4517 1.75676 1.74744 1.03338 0.612302 11.3427 11.6648 4.92836 0 2.42606 -3.4312 5.48947 46.3582 1 0 0 5.87342 4.77434 0.878145
11810 176.511 3.02085e-05 2.59982 0.559923 0.485487 1.55441 3.69025 0.00163136 0.0131235 1.74972 1.4517 1.7567 1.74764 1.03357 0.610838 11.3385 11.6608 4.92879 0 2.76469 -3.25795 5.61172 47.4467 1 0 0 5.90141 4.78045 0.8851
11815 176.511 3.02085e-05 2.61054 0.562623 0.487061 1.56086 3.69148 0.00163135 0.0127799 1.74972 1.4517 1.75664 1.74785 1.03376 0.609256 11.3343 11.6567 4.92923 0 2.72211 -3.46066 5.79676 48.5844 1 0 0 5.93064 4.78657 0.892296
11820 176.511 3.02085e-05 2.62167 0.565483 0.488682 1.5675 3.67731 0.00163134 0.0124364 1.74971 1.4517 1.75658 1.74806 1.03397 0.607797 11.3302 11.6526 4.92967 0 2.86306 -3.54519 5.95789 49.795 1 0 0 5.96173 4.79272 0.899772
11825 176.511 3.02085e-05 2.63311 0.56845 0.490368 1.57429 3.69735 0.00163134 0.0120929 1.74971 1.4517 1.75651 1.74828 1.03417 0.606294 11.326 11.6485 4.93012 0 3.29919 -3.42488 6.08417 51.0708 1 0 0 5.99405 4.79913 0.907486
11830 176.511 3.02085e-05 2.64482 0.571522 0.492098 1.5812 3.72493 0.00163134 0.0117493 1.74971 1.4517 1.75645 1.74852 1.03438 0.604548 11.3218 11.6444 4.93058 0 3.85609 -3.04718 6.20236 52.4002 1 0 0 6.02762 4.8056 0.915425
11835 176.512 3.02085e-05 2.65683 0.574685 0.493883 1.58826 3.76038 0.00163134 0.0114058 1.74972 1.4517 1.75639 1.74878 1.0346 0.602486 11.3175 11.6402 4.93105 0 4.33061 -2.82554 6.35198 53.7816 1 0 0 6.06226 4.81227 0.923621
11840 176.512 3.02085e-05 2.66914 0.577946 0.495728 1.59546 3.80672 0.00163135 0.0110622 1.74974 1.4517 1.75634 1.74905 1.03482 0.599944 11.3131 11.636 4.93153 0 4.95883 -2.40535 6.47493 55.2048 1 0 0 6.09797 4.81917 0.932083
11845 176.512 3.02085e-05 2.68173 0.581291 0.49764 1.6028 3.8691 0.00163137 0.0107187 1.74977 1.4517 1.7563 1.74935 1.03504 0.596685 11.3087 11.6317 4.93203 0 5.39992 -2.1796 6.63962 56.6511 1 0 0 6.13448 4.82636 0.940816
11850 176.512 3.02085e-05 2.69475 0.584762 0.499639 1.61035 3.92992 0.00163139 0.0103751 1.7498 1.4517 1.75626 1.74964 1.03528 0.592946 11.3042 11.6274 4.93255 0 5.52488 -2.2855 6.85801 58.1464 1 0 0 6.17225 4.834 0.949866
11855 176.512 3.02085e-05 2.70822 0.588363 0.501739 1.61812 4.00105 0.0016314 0.0100316 1.74983 1.4517 1.75622 1.74995 1.03552 0.588869 11.2997 11.6231 4.93308 0 5.69738 -2.39851 7.07176 59.7099 1 0 0 6.21152 4.8422 0.95925
11860 176.512 3.02085e-05 2.72217 0.592123 0.503936 1.62611 4.04135 0.00163142 0.00968802 1.74986 1.4517 1.75616 1.75026 1.03576 0.584512 11.2952 11.6189 4.93362 0 5.4529 -2.84297 7.33396 61.3553 1 0 0 6.25264 4.85089 0.968981
11865 176.512 3.02085e-05 2.73666 0.596079 0.506261 1.63432 4.0905 0.00163143 0.00934448 1.74988 1.4517 1.7561 1.75058 1.03602 0.580103 11.2908 11.6147 4.93418 0 6.02084 -2.7366 7.46877 63.1162 1 0 0 6.2961 4.86024 0.979078
11870 176.513 3.02085e-05 2.75152 0.600162 0.508711 1.64265 4.19583 0.00163144 0.00900093 1.74991 1.4517 1.75605 1.75093 1.03628 0.575273 11.2863 11.6104 4.93474 0 6.78782 -2.32645 7.59984 64.9641 1 0 0 6.34103 4.8702 0.98946
11875 176.513 3.02085e-05 2.76684 0.604412 0.51129 1.65114 4.32559 0.00163146 0.00865738 1.74995 1.4517 1.756 1.75129 1.03654 0.570205 11.2817 11.6061 4.93531 0 7.16773 -2.2308 7.7803 66.931 1 0 0 6.38796 4.88084 1.00015
11880 176.513 3.02085e-05 2.7826 0.608851 0.513982 1.65977 4.47638 0.00163149 0.00831383 1.74999 1.4517 1.75596 1.75167 1.03682 0.564789 11.2771 11.6018 4.93588 0 7.7338 -1.9398 7.94111 69.0183 1 0 0 6.43727 4.89195 1.01115
11885 176.513 3.02085e-05 2.79882 0.613445 0.51683 1.66854 4.64998 0.00163152 0.00797029 1.75004 1.4517 1.75593 1.75207 1.03709 0.55895 11.2723 11.5974 4.93646 0 8.56568 -1.38389 8.08093 71.232 1 0 0 6.48863 4.90398 1.02246
11890 176.513 3.02085e-05 2.81553 0.618222 0.519822 1.67749 4.82591 0.00163156 0.00762674 1.7501 1.4517 1.75591 1.75249 1.03738 0.552189 11.2675 11.593 4.93706 0 8.73235 -1.26293 8.33203 73.5228 1 0 0 6.5421 4.91687 1.03411
11895 176.513 3.02085e-05 2.83301 0.623272 0.523021 1.68672 4.97244 0.00163159 0.00728319 1.75015 1.4517 1.75588 1.75291 1.03767 0.544617 11.2627 11.5885 4.93766 0 8.49066 -1.77815 8.63544 75.917 1 0 0 6.5986 4.93113 1.04623
11900 176.513 3.02085e-05 2.85126 0.628563 0.526487 1.69621 5.19221 0.00163161 0.00693965 1.75018 1.4517 1.75584 1.75333 1.03798 0.53573 11.258 11.5842 4.9383 0 8.15437 -2.38149 9.00165 78.3565 1 0 0 6.65746 4.94716 1.05879
11905 176.514 3.02085e-05 2.86885 0.631364 0.530045 1.70744 4.59723 0.0016317 0.0065961 1.75034 1.4517 1.75596 1.7539 1.0383 0.533872 11.2527 11.5799 4.93884 0 20.1696 8.11521 8.88961 82.1322 1 0 0 6.70965 4.97197 1.0735
11910 176.514 3.02085e-05 2.88549 0.633555 0.532923 1.71901 5.0153 0.00163189 0.00625255 1.75065 1.4517 1.75631 1.75464 1.03861 0.532893 11.2454 11.5739 4.93931 0 23.5314 12.9996 8.77309 86.4654 1 0 0 6.76535 4.99254 1.089
11915 176.514 3.02085e-05 2.90262 0.635929 0.535811 1.73088 5.37585 0.00163212 0.00590901 1.75103 1.4517 1.75676 1.75545 1.03892 0.530177 11.2376 11.5672 4.93983 0 26.3202 15.7377 8.90656 91.0045 1 0 0 6.82575 5.01399 1.10518
11920 176.514 3.02085e-05 2.92032 0.638452 0.538785 1.74308 5.72122 0.00163239 0.00556546 1.75147 1.4517 1.75729 1.75634 1.03924 0.525321 11.2293 11.5601 4.94039 0 28.1028 18.4381 9.18326 95.7144 1 0 0 6.89016 5.03593 1.1221
11925 176.514 3.14476e-05 2.92103 0.639804 0.536141 1.74508 0.843194 0.00163246 0.00549675 1.75155 1.4517 1.75756 1.7563 1.03932 0.502258 11.2245 11.5527 4.94055 0 -5.08847 5.76478 -0.35683 91.7209 1 0 0 6.91011 5.00546 1.12294
11930 176.514 3.30683e-05 2.91647 0.638688 0.533764 1.74402 0.386982 0.0016325 0.00549675 1.75161 1.4517 1.75768 1.75629 1.03929 0.498016 11.2211 11.5466 4.94092 0 -1.10446 2.52279 -0.814709 90.9463 1 0 0 6.89474 4.97732 1.12072
11935 176.515 3.47725e-05 2.91226 0.63727 0.532175 1.74282 0.157985 0.00163251 0.00549675 1.75163 1.4517 1.7577 1.7563 1.03926 0.496018 11.2168 11.5411 4.94134 0 -0.905255 -0.269289 -0.7595 90.5815 1 0 0 6.87631 4.95684 1.11874
11940 176.515 3.65645e-05 2.90817 0.635665 0.530808 1.7417 0.0728797 0.00163251 0.00549675 1.75163 1.4517 1.75769 1.7563 1.03923 0.49481 11.2122 11.5359 4.94178 0 -1.15444 -1.24837 -0.643099 90.3607 1 0 0 6.85567 4.93781 1.11684
11945 176.515 3.84489e-05 2.90403 0.63391 0.529462 1.74066 0.0391214 0.0016325 0.00549675 1.75162 1.4517 1.75766 1.75629 1.03921 0.493961 11.2074 11.5306 4.94225 0 -1.35957 -1.63711 -0.560628 90.2058 1 0 0 6.83312 4.91852 1.11499
11950 176.515 4.04304e-05 2.89977 0.632029 0.528071 1.73967 0.0243293 0.00163249 0.00549675 1.7516 1.4517 1.75762 1.75627 1.03918 0.493293 11.2025 11.5251 4.94274 0 -1.49103 -1.79656 -0.50893 90.0837 1 0 0 6.80891 4.89847 1.11313
11955 176.515 4.2514e-05 2.89535 0.630034 0.526612 1.7387 0.017007 0.00163247 0.00549675 1.75158 1.4517 1.75757 1.75624 1.03916 0.492715 11.1973 11.5194 4.94326 0 -1.56915 -1.85964 -0.477126 89.9781 1 0 0 6.78318 4.87748 1.11126
11960 176.516 4.4705e-05 2.89073 0.62793 0.525075 1.73773 0.0128364 0.00163245 0.00549675 1.75155 1.4517 1.75752 1.75621 1.03914 0.49218 11.1918 11.5135 4.94381 0 -1.61347 -1.88038 -0.457335 89.8804 1 0 0 6.75601 4.8555 1.10933
11965 176.516 4.70089e-05 2.88591 0.625719 0.523458 1.73674 0.0101168 0.00163243 0.00549675 1.75152 1.4517 1.75747 1.75618 1.03911 0.49166 11.1861 11.5072 4.94438 0 -1.63643 -1.88144 -0.444772 89.7856 1 0 0 6.72742 4.83248 1.10734
11970 176.516 4.94315e-05 2.88087 0.623398 0.521757 1.73571 0.00815018 0.0016324 0.00549675 1.75148 1.4517 1.75742 1.75614 1.03909 0.491141 11.1801 11.5006 4.94498 0 -1.64559 -1.87274 -0.436601 89.6908 1 0 0 6.69743 4.8084 1.10528
11975 176.516 5.1979e-05 2.87559 0.620966 0.519972 1.73465 0.00663351 0.00163238 0.00549675 1.75144 1.4517 1.75736 1.7561 1.03906 0.490612 11.1739 11.4937 4.94562 0 -1.64558 -1.85884 -0.431124 89.5942 1 0 0 6.66598 4.78323 1.10313
11980 176.517 5.46578e-05 2.87007 0.618418 0.5181 1.73355 0.00542331 0.00163235 0.00549675 1.7514 1.4517 1.7573 1.75606 1.03904 0.490066 11.1673 11.4865 4.94628 0 -1.63942 -1.84203 -0.427294 89.4945 1 0 0 6.63306 4.75695 1.1009
11985 176.517 5.74746e-05 2.86429 0.61575 0.516139 1.7324 0.004443 0.00163232 0.00549675 1.75136 1.4517 1.75724 1.75602 1.03901 0.489499 11.1604 11.4789 4.94698 0 -1.62789 -1.82354 -0.423971 89.391 1 0 0 6.59861 4.72952 1.09856
11990 176.517 6.04366e-05 2.85824 0.612958 0.514086 1.73119 0.00364591 0.00163229 0.00549675 1.75132 1.4517 1.75718 1.75597 1.03898 0.488908 11.1532 11.471 4.9477 0 -1.61591 -1.80376 -0.422206 89.2829 1 0 0 6.56257 4.70092 1.09613
11995 176.517 6.35513e-05 2.8519 0.610036 0.51194 1.72993 0.00299841 0.00163226 0.00549675 1.75128 1.4517 1.75711 1.75592 1.03895 0.488289 11.1456 11.4626 4.94847 0 -1.60077 -1.78313 -0.420284 89.1699 1 0 0 6.52489 4.67111 1.09359
12000 176.518 6.68264e-05 2.84528 0.606979 0.509695 1.7286 0.00247547 0.00163223 0.00549675 1.75123 1.4517 1.75704 1.75588 1.03892 0.48764 11.1376 11.4539 4.94927 0 -1.58427 -1.76187 -0.418526 89.0514 1 0 0 6.48551 4.64006 1.09095
12005 176.518 7.02704e-05 2.83834 0.603783 0.507349 1.72721 0.00205645 0.0016322 0.00549675 1.75119 1.4517 1.75697 1.75582 1.03888 0.486959 11.1293 11.4447 4.9501 0 -1.56677 -1.74015 -0.416837 88.9271 1 0 0 6.44436 4.60773 1.08818
12010 176.518 7.38918e-05 2.8311 0.600442 0.504899 1.72576 0.00172371 0.00163217 0.00549675 1.75114 1.4517 1.7569 1.75577 1.03885 0.486245 11.1206 11.4351 4.95098 0 -1.5485 -1.71803 -0.415157 88.7966 1 0 0 6.40139 4.57409 1.0853
12015 176.519 7.76999e-05 2.82352 0.596951 0.50234 1.72423 0.00146198 0.00163213 0.00549675 1.75109 1.4517 1.75682 1.75572 1.03881 0.485494 11.1114 11.425 4.9519 0 -1.52959 -1.69554 -0.413448 88.6595 1 0 0 6.35652 4.53911 1.0823
12020 176.519 8.17042e-05 2.8156 0.593305 0.499668 1.72263 0.00125803 0.0016321 0.00549675 1.75104 1.4517 1.75675 1.75566 1.03878 0.484705 11.1018 11.4144 4.95286 0 -1.51012 -1.67269 -0.411686 88.5155 1 0 0 6.3097 4.50274 1.07917
12025 176.52 8.59149e-05 2.80733 0.589498 0.496881 1.72095 0.00110033 0.00163206 0.00549675 1.75098 1.4517 1.75666 1.75561 1.03874 0.483876 11.0917 11.4033 4.95386 0 -1.49008 -1.64942 -0.409858 88.3641 1 0 0 6.26085 4.46496 1.07591
12030 176.52 9.03426e-05 2.79869 0.585525 0.493974 1.71919 0.00097883 0.00163202 0.00549675 1.75093 1.4517 1.75658 1.75555 1.03869 0.483004 11.0812 11.3917 4.95492 0 -1.46941 -1.62564 -0.407954 88.2048 1 0 0 6.20991 4.42573 1.07251
12035 176.521 9.49984e-05 2.78967 0.58138 0.490942 1.71734 0.000885573 0.00163198 0.00549675 1.75087 1.4517 1.75649 1.75549 1.03865 0.482086 11.0702 11.3795 4.95602 0 -1.4482 -1.6014 -0.405957 88.0372 1 0 0 6.15681 4.38501 1.06898
12040 176.521 9.98942e-05 2.78025 0.577059 0.487782 1.71541 0.000813933 0.00163194 0.00549675 1.75081 1.4517 1.7564 1.75542 1.0386 0.48112 11.0586 11.3668 4.95717 0 -1.42644 -1.57665 -0.403859 87.8608 1 0 0 6.10148 4.34279 1.0653
12045 176.522 0.000105042 2.77043 0.572555 0.48449 1.71339 0.000758561 0.0016319 0.00549675 1.75076 1.4517 1.75631 1.75536 1.03856 0.480103 11.0466 11.3534 4.95837 0 -1.4041 -1.55134 -0.401653 87.675 1 0 0 6.04384 4.29903 1.06148
12050 176.522 0.000110456 2.76019 0.567863 0.481062 1.71127 0.000715229 0.00163186 0.00549675 1.75069 1.4517 1.75622 1.75529 1.03851 0.479032 11.0339 11.3395 4.95963 0 -1.38114 -1.52537 -0.39933 87.4795 1 0 0 5.98384 4.2537 1.05751
12055 176.523 0.000116148 2.74952 0.562979 0.477493 1.70905 0.000680644 0.00163181 0.00549675 1.75063 1.4517 1.75612 1.75523 1.03846 0.477904 11.0207 11.3249 4.96094 0 -1.35755 -1.49862 -0.396882 87.2735 1 0 0 5.92139 4.20677 1.05339
12060 176.523 0.000122134 2.7384 0.557896 0.47378 1.70672 0.000652223 0.00163177 0.00549675 1.75057 1.4517 1.75602 1.75516 1.0384 0.476716 11.0068 11.3096 4.96231 0 -1.33328 -1.47092 -0.394298 87.0564 1 0 0 5.85642 4.15822 1.0491
12065 176.524 0.000128428 2.72682 0.55261 0.469918 1.70429 0.000627872 0.00163172 0.00549675 1.7505 1.4517 1.75591 1.75509 1.03835 0.475463 10.9924 11.2936 4.96374 0 -1.30833 -1.44203 -0.391563 86.8277 1 0 0 5.78886 4.10803 1.04466
12070 176.524 0.000135047 2.71477 0.547116 0.465901 1.70175 0.000605768 0.00163168 0.00549675 1.75044 1.4517 1.7558 1.75502 1.03829 0.474143 10.9773 11.2769 4.96524 0 -1.28269 -1.41164 -0.388664 86.5867 1 0 0 5.71863 4.05617 1.04006
12075 176.525 0.000142007 2.70223 0.541409 0.461727 1.69909 0.000584258 0.00163163 0.00549675 1.75037 1.4517 1.7557 1.75494 1.03823 0.472751 10.9615 11.2594 4.96679 0 -1.25635 -1.37939 -0.385587 86.3325 1 0 0 5.64566 4.00262 1.03529
12080 176.526 0.000149325 2.68918 0.535484 0.457388 1.69631 0.000561952 0.00163158 0.00549675 1.7503 1.4517 1.75558 1.75487 1.03816 0.471284 10.945 11.2411 4.96842 0 -1.22934 -1.34503 -0.382326 86.0645 1 0 0 5.56987 3.94735 1.03036
12085 176.527 0.000157021 2.67563 0.529339 0.45288 1.69341 0.000538289 0.00163153 0.00549675 1.75023 1.4517 1.75547 1.7548 1.0381 0.469735 10.9277 11.222 4.97011 0 -1.20166 -1.30859 -0.378888 85.7817 1 0 0 5.49118 3.89032 1.02526
12090 176.527 0.000165113 2.66154 0.522968 0.448198 1.69038 0.000513841 0.00163148 0.00549675 1.75016 1.4517 1.75535 1.75472 1.03803 0.468102 10.9098 11.2021 4.97188 0 -1.17327 -1.27055 -0.37529 85.4835 1 0 0 5.40951 3.83153 1.01999
12095 176.528 0.000173622 2.64692 0.516368 0.443336 1.68722 0.000490031 0.00163143 0.00549675 1.75009 1.4517 1.75524 1.75465 1.03795 0.46638 10.891 11.1812 4.97371 0 -1.14414 -1.23165 -0.371553 85.169 1 0 0 5.32479 3.77095 1.01454
12100 176.529 0.00018257 2.63175 0.509537 0.438291 1.68392 0.000468128 0.00163138 0.00549675 1.75002 1.4517 1.75512 1.75457 1.03788 0.464566 10.8714 11.1595 4.97563 0 -1.11419 -1.19257 -0.367684 84.8377 1 0 0 5.23694 3.70859 1.00893
12105 176.53 0.000191979 2.61602 0.502473 0.433062 1.68048 0.000448579 0.00163133 0.00549675 1.74995 1.4517 1.755 1.75449 1.0378 0.462655 10.8511 11.1369 4.97762 0 -1.08339 -1.15368 -0.363677 84.4888 1 0 0 5.14588 3.64447 1.00315
12110 176.531 0.000201872 2.59972 0.495174 0.427647 1.6769 0.000431115 0.00163128 0.00549675 1.74988 1.4517 1.75488 1.75442 1.03772 0.460645 10.8298 11.1132 4.97968 0 -1.05171 -1.11507 -0.359515 84.1216 1 0 0 5.05154 3.5786 0.997187
12115 176.532 0.000212276 2.58284 0.48764 0.422043 1.67316 0.000415229 0.00163123 0.00549675 1.74981 1.4517 1.75475 1.75435 1.03764 0.45853 10.8077 11.0886 4.98183 0 -1.01917 -1.07669 -0.355178 83.7354 1 0 0 4.95384 3.51102 0.991058
12120 176.533 0.000223216 2.56539 0.479869 0.416251 1.66927 0.000400442 0.00163118 0.00549675 1.74974 1.4517 1.75463 1.75427 1.03755 0.456306 10.7847 11.063 4.98407 0 -0.985834 -1.03844 -0.350645 83.3294 1 0 0 4.85271 3.44175 0.984757
12125 176.534 0.000234719 2.54735 0.471864 0.41027 1.66522 0.000386413 0.00163113 0.00549675 1.74967 1.4517 1.75451 1.7542 1.03747 0.453971 10.7608 11.0363 4.98638 0 -0.951758 -1.00025 -0.345896 82.9029 1 0 0 4.74808 3.37084 0.978288
12130 176.536 0.000246816 2.52873 0.463625 0.404099 1.66101 0.000372902 0.00163108 0.00549675 1.7496 1.4517 1.75438 1.75413 1.03737 0.451518 10.7359 11.0085 4.98878 0 -0.917028 -0.962095 -0.340907 82.455 1 0 0 4.63989 3.29833 0.971652
12135 176.537 0.000259536 2.50952 0.455157 0.397739 1.65662 0.000359792 0.00163104 0.00549675 1.74954 1.4517 1.75426 1.75406 1.03728 0.448945 10.7101 10.9796 4.99127 0 -0.88174 -0.923996 -0.335658 81.985 1 0 0 4.52807 3.22428 0.964852
12140 176.538 0.000272911 2.48973 0.446465 0.391192 1.65207 0.00034695 0.00163099 0.00549675 1.74947 1.4517 1.75413 1.754 1.03718 0.446246 10.6832 10.9497 4.99385 0 -0.845916 -0.886015 -0.330085 81.4921 1 0 0 4.41259 3.14873 0.957894
12145 176.54 0.000286976 2.46935 0.437553 0.384457 1.64734 0.000334438 0.00163095 0.00549675 1.74941 1.4517 1.75401 1.75394 1.03708 0.443418 10.6554 10.9186 4.99652 0 -0.809912 -0.848234 -0.324286 80.9757 1 0 0 4.2934 3.07174 0.95078
12150 176.541 0.000301765 2.44841 0.428431 0.377538 1.64244 0.000322188 0.0016309 0.00549675 1.74935 1.4517 1.75389 1.75388 1.03698 0.440457 10.6266 10.8863 4.99928 0 -0.77361 -0.810761 -0.318119 80.4351 1 0 0 4.17051 2.99339 0.943518
12155 176.543 0.000317317 2.4269 0.419107 0.370437 1.63736 0.000310202 0.00163086 0.00549675 1.7493 1.4517 1.75377 1.75383 1.03687 0.437361 10.5967 10.8529 5.00213 0 -0.737242 -0.773753 -0.311597 79.8696 1 0 0 4.04391 2.91376 0.936114
12160 176.544 0.00033367 2.40485 0.409594 0.363159 1.63209 0.000298465 0.00163082 0.00549675 1.74925 1.4517 1.75365 1.75378 1.03676 0.434126 10.5658 10.8182 5.00507 0 -0.700976 -0.737388 -0.304694 79.2788 1 0 0 3.91366 2.83291 0.928574
12165 176.546 0.000350866 2.38226 0.399904 0.355708 1.62665 0.000286949 0.00163078 0.00549675 1.7492 1.4517 1.75353 1.75373 1.03665 0.43075 10.5338 10.7824 5.00811 0 -0.665003 -0.701869 -0.297383 78.6623 1 0 0 3.77985 2.75095 0.920906
12170 176.548 0.000368948 2.35917 0.390053 0.34809 1.62103 0.000275609 0.00163075 0.00549675 1.74915 1.4517 1.75341 1.7537 1.03653 0.427232 10.5008 10.7454 5.01123 0 -0.629546 -0.667419 -0.289633 78.0198 1 0 0 3.64262 2.66796 0.91312
12175 176.55 0.000387962 2.3356 0.38006 0.340313 1.61523 0.000264412 0.00163071 0.00549675 1.7491 1.4517 1.7533 1.75366 1.03642 0.423572 10.4667 10.7072 5.01445 0 -0.594846 -0.634291 -0.281417 77.3514 1 0 0 3.5022 2.58407 0.905225
12180 176.552 0.000407956 2.31158 0.369944 0.332384 1.60925 0.000253306 0.00163068 0.00549675 1.74906 1.4517 1.75318 1.75364 1.0363 0.41977 10.4316 10.6678 5.01776 0 -0.561172 -0.602745 -0.272708 76.6573 1 0 0 3.35887 2.49937 0.89723
12185 176.554 0.00042898 2.28715 0.359727 0.324315 1.60311 0.000242243 0.00163065 0.00549675 1.74903 1.4517 1.75307 1.75362 1.03618 0.41583 10.3954 10.6272 5.02116 0 -0.528817 -0.573069 -0.263481 75.9378 1 0 0 3.21303 2.41399 0.889146
12190 176.556 0.000451088 2.26235 0.349432 0.316116 1.5968 0.00023117 0.00163062 0.00549675 1.74899 1.4517 1.75296 1.7536 1.03606 0.411755 10.3582 10.5854 5.02464 0 -0.4981 -0.545547 -0.253714 75.1936 1 0 0 3.06519 2.32807 0.880983
12195 176.558 0.000474335 2.23723 0.339085 0.307799 1.59034 0.000220029 0.00163059 0.00549675 1.74896 1.4517 1.75285 1.75359 1.03594 0.407552 10.32 10.5425 5.02821 0 -0.469353 -0.520454 -0.243392 74.4259 1 0 0 2.91596 2.24173 0.872753
12200 176.561 0.00049878 2.21183 0.328713 0.29938 1.58373 0.000208753 0.00163057 0.00549675 1.74892 1.4517 1.75274 1.75358 1.03581 0.403226 10.2808 10.4984 5.03187 0 -0.442915 -0.498052 -0.232508 73.636 1 0 0 2.76609 2.15514 0.864468
12205 176.563 0.000524485 2.18621 0.318341 0.290875 1.57699 0.000197339 0.00163054 0.00549675 1.74889 1.4517 1.75263 1.75358 1.03569 0.398789 10.2406 10.4533 5.0356 0 -0.419109 -0.478554 -0.221068 72.8258 1 0 0 2.61642 2.06844 0.856138
12210 176.566 0.000551515 2.16042 0.307997 0.2823 1.57012 0.00018579 0.00163051 0.00549675 1.74885 1.4517 1.75252 1.75357 1.03557 0.394252 10.1996 10.4071 5.03941 0 -0.398232 -0.462128 -0.209091 71.9972 1 0 0 2.4679 1.9818 0.847775
12215 176.569 0.000579938 2.13453 0.297708 0.273674 1.56315 0.000174143 0.00163048 0.00549675 1.74881 1.4517 1.7524 1.75357 1.03545 0.389629 10.1576 10.36 5.04329 0 -0.380531 -0.448879 -0.196613 71.1529 1 0 0 2.32153 1.8954 0.839391
12220 176.572 0.000609825 2.1086 0.287496 0.265017 1.55608 0.00016247 0.00163044 0.00549675 1.74877 1.4517 1.75228 1.75356 1.03533 0.384933 10.1149 10.3119 5.04724 0 -0.36618 -0.438823 -0.183685 70.2955 1 0 0 2.17831 1.80942 0.830998
12225 176.575 0.000641253 2.08267 0.277386 0.25635 1.54894 0.000150835 0.0016304 0.00549675 1.74871 1.4517 1.75215 1.75354 1.03522 0.380184 10.0714 10.263 5.05125 0 -0.35527 -0.431896 -0.170378 69.4281 1 0 0 2.03921 1.72404 0.822608
12230 176.578 0.0006743 2.05682 0.267397 0.247695 1.54173 0.000139246 0.00163035 0.00549675 1.74865 1.4517 1.75201 1.75352 1.03511 0.375399 10.0272 10.2133 5.05531 0 -0.347777 -0.427931 -0.156775 68.5542 1 0 0 1.9051 1.63946 0.814234
12235 176.581 0.000709051 2.03109 0.257546 0.239074 1.53448 0.000128059 0.00163029 0.00549675 1.74857 1.4517 1.75186 1.75348 1.035 0.370597 9.98243 10.1628 5.05943 0 -0.343554 -0.426655 -0.142982 67.6773 1 0 0 1.77669 1.5559 0.805889
12240 176.585 0.000745592 2.00554 0.247846 0.230509 1.52718 0.000116713 0.00163022 0.00549675 1.74847 1.4517 1.7517 1.75343 1.0349 0.365801 9.93713 10.1118 5.06358 0 -0.341159 -0.426982 -0.129278 66.8015 1 0 0 1.65451 1.47356 0.797587
12245 176.589 0.000784017 1.9802 0.238312 0.222023 1.51987 0.00010679 0.00163014 0.00549675 1.74836 1.4517 1.75152 1.75335 1.03481 0.361026 9.8914 10.0603 5.06777 0 -0.342698 -0.430013 -0.115433 65.9296 1 0 0 1.53891 1.39266 0.789342
12250 176.593 0.000824422 1.95513 0.228952 0.213636 1.51255 9.75898e-05 0.00163005 0.00549675 1.74822 1.4517 1.75132 1.75325 1.03472 0.35629 9.84535 10.0083 5.07199 0 -0.346573 -0.434572 -0.10173 65.0646 1 0 0 1.43005 1.31346 0.781169
12255 176.597 0.000866909 1.93037 0.219777 0.205369 1.50522 8.92636e-05 0.00162994 0.00549675 1.74805 1.4517 1.7511 1.75313 1.03464 0.351607 9.79907 9.95605 5.07622 0 -0.352376 -0.440224 -0.088276 64.2094 1 0 0 1.32791 1.23619 0.773083
12260 176.601 0.000911586 1.90593 0.210792 0.197242 1.4979 8.18243e-05 0.00162981 0.00549675 1.74786 1.4517 1.75085 1.75297 1.03457 0.346992 9.75268 9.9036 5.08047 0 -0.35969 -0.44655 -0.0751653 63.3666 1 0 0 1.23235 1.16109 0.765097
12265 176.606 0.000958565 1.88185 0.202002 0.189275 1.49057 7.41635e-05 0.00162966 0.00549675 1.74764 1.4517 1.75058 1.75278 1.0345 0.342471 9.70629 9.85107 5.08471 0 -0.366873 -0.452449 -0.062657 62.541 1 0 0 1.14307 1.08838 0.757224
12270 176.611 0.00100797 1.85815 0.193415 0.18148 1.48326 6.86378e-05 0.00162949 0.00549675 1.74739 1.4517 1.75028 1.75256 1.03445 0.33804 9.66001 9.79857 5.08895 0 -0.376054 -0.458978 -0.0504656 61.732 1 0 0 1.05979 1.01833 0.749477
12275 176.616 0.00105991 1.83486 0.185037 0.173872 1.47595 6.38887e-05 0.00162929 0.00549675 1.74711 1.4517 1.74995 1.7523 1.0344 0.33371 9.61397 9.74624 5.09317 0 -0.385651 -0.465197 -0.03882 60.9412 1 0 0 0.982145 0.951167 0.741865
12280 176.621 0.00111454 1.81198 0.176874 0.166463 1.46864 5.98632e-05 0.00162908 0.00549675 1.74679 1.4517 1.74958 1.752 1.03437 0.329487 9.56829 9.6942 5.09737 0 -0.395365 -0.470879 -0.0277622 60.17 1 0 0 0.909778 0.887065 0.734396
12285 176.627 0.00117197 1.78952 0.168932 0.15926 1.46133 5.65084e-05 0.00162884 0.00549675 1.74643 1.4517 1.74918 1.75166 1.03434 0.325378 9.52308 9.64256 5.10152 0 -0.404932 -0.475852 -0.017324 59.4197 1 0 0 0.842348 0.826167 0.727076
12290 176.633 0.00123237 1.76748 0.161214 0.15227 1.454 5.3769e-05 0.00162858 0.00549675 1.74603 1.4517 1.74875 1.75128 1.03433 0.321388 9.47847 9.59146 5.10564 0 -0.414117 -0.479981 -0.00752911 58.691 1 0 0 0.779535 0.768568 0.719906
12295 176.639 0.00129588 1.74587 0.153726 0.145498 1.44665 5.15896e-05 0.00162829 0.00549675 1.74559 1.4517 1.74828 1.75085 1.03433 0.317521 9.43456 9.54102 5.10971 0 -0.422704 -0.483162 0.00160463 57.9848 1 0 0 0.721047 0.714304 0.712887
12300 176.646 0.00136267 1.72468 0.146472 0.138946 1.43926 4.99073e-05 0.00162797 0.00549675 1.74512 1.4517 1.74777 1.75038 1.03434 0.313778 9.39146 9.49136 5.11371 0 -0.430499 -0.485315 0.0100646 57.3012 1 0 0 0.666614 0.663354 0.706016
12305 176.653 0.00143289 1.70389 0.139453 0.132614 1.43182 4.86541e-05 0.00162763 0.00549675 1.7446 1.4517 1.74723 1.74987 1.03436 0.310158 9.34929 9.4426 5.11764 0 -0.437327 -0.486378 0.0178435 56.6403 1 0 0 0.61598 0.615646 0.69929
12310 176.66 0.00150674 1.68349 0.132671 0.126501 1.42432 4.77526e-05 0.00162726 0.00549675 1.74404 1.4517 1.74664 1.74931 1.0344 0.306662 9.30813 9.39486 5.1215 0 -0.443035 -0.486305 0.0249399 56.0017 1 0 0 0.568904 0.571063 0.6927
12315 176.668 0.00158439 1.66346 0.126128 0.120605 1.41672 4.71193e-05 0.00162686 0.00549675 1.74343 1.4517 1.74601 1.74871 1.03444 0.303284 9.26807 9.34824 5.12528 0 -0.447505 -0.485078 0.0313591 55.3848 1 0 0 0.525154 0.529458 0.68624
12320 176.676 0.00166604 1.64377 0.119823 0.114922 1.40902 4.6668e-05 0.00162643 0.00549675 1.74279 1.4517 1.74535 1.74806 1.0345 0.300019 9.22919 9.30286 5.12897 0 -0.45065 -0.482697 0.037114 54.7885 1 0 0 0.48451 0.490661 0.679899
12325 176.685 0.0017519 1.6244 0.113755 0.109451 1.40119 4.63152e-05 0.00162598 0.00549675 1.7421 1.4517 1.74464 1.74736 1.03457 0.296859 9.19156 9.2588 5.13257 0 -0.452428 -0.479194 0.0422251 54.2116 1 0 0 0.446767 0.454497 0.673666
12330 176.694 0.00184219 1.60532 0.107923 0.104187 1.39321 4.59848e-05 0.0016255 0.00549675 1.74137 1.4517 1.7439 1.74663 1.03465 0.293797 9.15523 9.21616 5.13606 0 -0.452836 -0.474622 0.0467197 53.6524 1 0 0 0.411731 0.420791 0.667529
12335 176.703 0.00193713 1.5865 0.102325 0.0991271 1.38505 4.56123e-05 0.001625 0.00549675 1.7406 1.4517 1.74311 1.74585 1.03475 0.290821 9.12026 9.17502 5.13945 0 -0.451912 -0.46906 0.050631 53.1089 1 0 0 0.379222 0.389376 0.661474
12340 176.713 0.00203696 1.5679 0.0969573 0.0942671 1.37668 4.51471e-05 0.00162446 0.00549675 1.73979 1.4517 1.74229 1.74502 1.03485 0.28792 9.08668 9.13543 5.14274 0 -0.449722 -0.462602 0.0539962 52.5791 1 0 0 0.349077 0.360098 0.655487
12345 176.723 0.00214193 1.5495 0.0918169 0.0896037 1.36808 4.45538e-05 0.00162391 0.00549675 1.73894 1.4517 1.74143 1.74415 1.03497 0.28508 9.05451 9.09747 5.14592 0 -0.446363 -0.455355 0.0568554 52.0605 1 0 0 0.321143 0.332815 0.649553
12350 176.734 0.00225232 1.53126 0.0869 0.0851331 1.35923 4.38114e-05 0.00162332 0.00549675 1.73806 1.4517 1.74053 1.74325 1.0351 0.282288 9.02378 9.06117 5.14898 0 -0.441943 -0.44743 0.0592495 51.5507 1 0 0 0.295277 0.307398 0.643656
12355 176.746 0.0023684 1.51315 0.0822023 0.0808519 1.35009 4.2912e-05 0.00162272 0.00549675 1.73713 1.4517 1.7396 1.7423 1.03524 0.27953 8.99448 9.02656 5.15194 0 -0.436585 -0.43894 0.0612197 51.047 1 0 0 0.271348 0.283732 0.637782
12360 176.758 0.00249045 1.49513 0.0777192 0.0767562 1.34065 4.18595e-05 0.00162208 0.00549675 1.73617 1.4517 1.73863 1.74131 1.0354 0.276791 8.96661 8.99367 5.15479 0 -0.430415 -0.429997 0.0628061 50.5469 1 0 0 0.249231 0.261712 0.631916
12365 176.77 0.0026188 1.47716 0.0734457 0.0728424 1.33087 4.06663e-05 0.00162143 0.00549675 1.73517 1.4517 1.73763 1.74028 1.03556 0.274057 8.94014 8.96249 5.15753 0 -0.42356 -0.420705 0.0640478 50.0476 1 0 0 0.228808 0.241241 0.626041
12370 176.784 0.00275376 1.45922 0.0693765 0.0691065 1.32073 3.93494e-05 0.00162075 0.00549675 1.73413 1.4517 1.73659 1.73922 1.03573 0.271314 8.91507 8.93301 5.16017 0 -0.416138 -0.411164 0.0649811 49.5466 1 0 0 0.20997 0.222231 0.620144
12375 176.798 0.00289568 1.44126 0.0655062 0.0655445 1.31021 3.7932e-05 0.00162005 0.00549675 1.73306 1.4517 1.73552 1.73811 1.03592 0.268547 8.89133 8.90523 5.16271 0 -0.408267 -0.401461 0.0656408 49.0413 1 0 0 0.192612 0.204599 0.61421
12380 176.813 0.00304491 1.42325 0.0618291 0.0621522 1.29927 3.64377e-05 0.00161932 0.00549675 1.73196 1.4517 1.73441 1.73697 1.03612 0.265744 8.8689 8.87908 5.16515 0 -0.400051 -0.391675 0.0660589 48.5293 1 0 0 0.176633 0.188268 0.608223
12385 176.828 0.00320183 1.40516 0.0583391 0.0589254 1.2879 3.48894e-05 0.00161858 0.00549675 1.73082 1.4517 1.73327 1.73579 1.03632 0.26289 8.84773 8.85454 5.1675 0 -0.391586 -0.381877 0.0662648 48.0083 1 0 0 0.161941 0.173162 0.602171
12390 176.844 0.00336684 1.38696 0.0550302 0.0558594 1.27607 3.33103e-05 0.00161781 0.00549675 1.72964 1.4517 1.7321 1.73458 1.03654 0.259976 8.82773 8.83153 5.16977 0 -0.382959 -0.372124 0.0662859 47.4761 1 0 0 0.148446 0.159211 0.596037
12395 176.862 0.00354035 1.3686 0.0518961 0.0529498 1.26375 3.17239e-05 0.00161702 0.00549675 1.72843 1.4517 1.73089 1.73332 1.03677 0.25699 8.80887 8.80999 5.17197 0 -0.374248 -0.362474 0.0661484 46.9308 1 0 0 0.136065 0.146346 0.589809
12400 176.88 0.00372281 1.35006 0.0489305 0.0501915 1.25094 3.01498e-05 0.0016162 0.00549675 1.72719 1.4517 1.72965 1.73203 1.03701 0.253923 8.79105 8.78983 5.1741 0 -0.365524 -0.352971 0.065876 46.3706 1 0 0 0.124716 0.1345 0.583471
12405 176.899 0.00391466 1.3313 0.0461256 0.0475787 1.23759 2.85663e-05 0.00161536 0.00549675 1.72591 1.4517 1.72838 1.73071 1.03727 0.250769 8.7742 8.77096 5.17618 0 -0.356713 -0.343523 0.0654398 45.7948 1 0 0 0.114323 0.123605 0.577007
12410 176.919 0.00411641 1.31229 0.0434763 0.0451073 1.2237 2.70639e-05 0.0016145 0.00549675 1.7246 1.4517 1.72707 1.72934 1.03753 0.247518 8.75824 8.75329 5.1782 0 -0.348126 -0.334416 0.0649583 45.201 1 0 0 0.104818 0.113602 0.570403
12415 176.94 0.00432855 1.293 0.0409764 0.0427722 1.20925 2.56143e-05 0.00161362 0.00549675 1.72325 1.4517 1.72573 1.72794 1.0378 0.24416 8.74308 8.73671 5.18019 0 -0.33968 -0.325548 0.064401 44.5878 1 0 0 0.0961357 0.104434 0.563644
12420 176.962 0.00455163 1.2734 0.0386195 0.0405685 1.19421 2.42258e-05 0.00161272 0.00549675 1.72186 1.4517 1.72435 1.7265 1.03809 0.240689 8.72865 8.72112 5.18215 0 -0.331408 -0.316937 0.0637836 43.954 1 0 0 0.088214 0.0960433 0.556714
12425 176.985 0.0047862 1.25346 0.0363993 0.0384908 1.17857 2.29041e-05 0.00161179 0.00549675 1.72044 1.4517 1.72294 1.72502 1.03838 0.237102 8.71485 8.70641 5.18409 0 -0.323336 -0.308591 0.0631202 43.2989 1 0 0 0.0809943 0.0883744 0.549596
12430 177.009 0.00503286 1.23316 0.0343096 0.036534 1.16232 2.16492e-05 0.00161083 0.00549675 1.71898 1.4517 1.72149 1.7235 1.03869 0.233393 8.7016 8.69247 5.18603 0 -0.315479 -0.300514 0.0624216 42.6216 1 0 0 0.0744218 0.081375 0.542271
12435 177.035 0.00529223 1.21247 0.0323438 0.0346921 1.14543 2.04545e-05 0.00160985 0.00549675 1.71749 1.4517 1.72001 1.72194 1.03901 0.229565 8.68882 8.6792 5.18796 0 -0.307837 -0.292659 0.0616771 41.9225 1 0 0 0.0684443 0.0749919 0.53472
12440 177.062 0.00556497 1.19137 0.0304947 0.0329591 1.12791 1.92662e-05 0.00160885 0.00549675 1.71595 1.4517 1.71848 1.72034 1.03934 0.225622 8.67642 8.6665 5.18991 0 -0.300095 -0.284815 0.0608199 41.2025 1 0 0 0.0630088 0.0691721 0.526919
12445 177.09 0.00585176 1.16982 0.0287558 0.0313301 1.10974 1.82268e-05 0.00160782 0.00549675 1.71437 1.4517 1.71692 1.71869 1.03969 0.221563 8.66432 8.65425 5.19188 0 -0.292952 -0.277522 0.0600755 40.4611 1 0 0 0.0580689 0.063872 0.518847
12450 177.12 0.00615334 1.14783 0.0271251 0.0298021 1.09091 1.72291e-05 0.00160676 0.00549675 1.71276 1.4517 1.71532 1.717 1.04005 0.217372 8.65245 8.64238 5.19388 0 -0.28604 -0.2704 0.059292 39.6959 1 0 0 0.053593 0.0590597 0.510487
12455 177.152 0.00647045 1.12538 0.0255944 0.0283673 1.07141 1.62531e-05 0.00160567 0.00549675 1.71109 1.4517 1.71368 1.71526 1.04042 0.213076 8.64076 8.63079 5.19591 0 -0.279175 -0.263432 0.0584731 38.9113 1 0 0 0.0495336 0.0546812 0.50181
12460 177.185 0.00680391 1.10245 0.0241612 0.0270237 1.05126 1.53721e-05 0.00160456 0.00549675 1.70939 1.4517 1.71199 1.71348 1.0408 0.208654 8.62916 8.61941 5.19798 0 -0.272631 -0.256745 0.0577044 38.1037 1 0 0 0.0458611 0.0507112 0.492799
12465 177.219 0.00715456 1.07904 0.0228209 0.0257662 1.03046 1.45842e-05 0.00160341 0.00549675 1.70764 1.4517 1.71027 1.71164 1.0412 0.204105 8.6176 8.60816 5.20011 0 -0.266492 -0.250439 0.0570101 37.273 1 0 0 0.0425417 0.0471131 0.483435
12470 177.256 0.00752327 1.05517 0.021572 0.0245924 1.00901 1.38419e-05 0.00160224 0.00549675 1.70584 1.4517 1.70849 1.70975 1.04162 0.199421 8.60603 8.59699 5.2023 0 -0.260602 -0.244309 0.0563197 36.4177 1 0 0 0.0395511 0.0438607 0.473699
12475 177.294 0.00791099 1.03084 0.0204106 0.0234983 0.986926 1.3146e-05 0.00160103 0.00549675 1.70399 1.4517 1.70667 1.70781 1.04205 0.194607 8.59441 8.58584 5.20455 0 -0.254908 -0.2384 0.0556724 35.5385 1 0 0 0.0368602 0.0409233 0.463578
12480 177.335 0.00831869 1.00605 0.0193331 0.0224799 0.964236 1.24857e-05 0.00159979 0.00549675 1.70209 1.4517 1.7048 1.70581 1.0425 0.189664 8.58269 8.57464 5.20688 0 -0.249409 -0.232659 0.0550477 34.6359 1 0 0 0.0344422 0.0382727 0.453061
12485 177.377 0.0087474 0.98083 0.0183363 0.0215334 0.940961 1.18534e-05 0.00159852 0.00549675 1.70013 1.4517 1.70288 1.70375 1.04297 0.184601 8.57082 8.56337 5.20928 0 -0.244085 -0.22706 0.0544428 33.7112 1 0 0 0.0322721 0.0358812 0.442149
12490 177.422 0.0091982 0.955201 0.0174169 0.0206545 0.91713 1.12321e-05 0.00159721 0.00549675 1.69813 1.4517 1.70091 1.70163 1.04345 0.179428 8.55878 8.55198 5.21177 0 -0.23892 -0.221543 0.0538236 32.7667 1 0 0 0.0303259 0.0337223 0.430849
12495 177.469 0.00967224 0.929192 0.0165705 0.0198371 0.892784 1.06243e-05 0.00159586 0.00549675 1.69606 1.4517 1.69889 1.69945 1.04396 0.174179 8.54652 8.54044 5.21435 0 -0.233888 -0.216107 0.0531997 31.8081 1 0 0 0.0285762 0.0317637 0.419182
12500 177.518 0.0101707 0.90282 0.0157889 0.0190717 0.867959 9.89921e-06 0.00159448 0.00549675 1.69394 1.4517 1.69682 1.69721 1.04448 0.16889 8.53402 8.52871 5.21702 0 -0.228562 -0.210482 0.0523883 30.8422 1 0 0 0.026991 0.0299708 0.40718
12505 177.57 0.0106949 0.87614 0.0150752 0.0183612 0.842703 9.35424e-06 0.00159307 0.00549675 1.69176 1.4517 1.69469 1.6949 1.04503 0.16355 8.52125 8.51679 5.21979 0 -0.223788 -0.205389 0.0518692 29.867 1 0 0 0.0255708 0.0283459 0.394921
12510 177.624 0.011246 0.849201 0.0144311 0.0177092 0.817061 8.819e-06 0.00159161 0.00549675 1.68952 1.4517 1.69251 1.69252 1.04559 0.158141 8.50821 8.50465 5.22266 0 -0.219175 -0.200474 0.0513712 28.8793 1 0 0 0.0243099 0.0268896 0.382492
12515 177.682 0.0118256 0.822043 0.0138523 0.0171106 0.79108 8.26025e-06 0.00159012 0.00549675 1.68721 1.4517 1.69027 1.69007 1.04618 0.152695 8.49487 8.4923 5.22565 0 -0.214606 -0.195633 0.0508068 27.8848 1 0 0 0.0231859 0.0255802 0.369978
12520 177.742 0.012435 0.794704 0.0133341 0.0165601 0.764809 7.7416e-06 0.00158858 0.00549675 1.68484 1.4517 1.68798 1.68755 1.0468 0.147246 8.48121 8.47969 5.22875 0 -0.210238 -0.191068 0.0503358 26.8897 1 0 0 0.0221786 0.0243972 0.357471
12525 177.806 0.0130759 0.767224 0.0128768 0.0160601 0.738287 7.23341e-06 0.00158701 0.00549675 1.6824 1.4517 1.68561 1.68495 1.04744 0.141798 8.46721 8.46683 5.23197 0 -0.206002 -0.186716 0.0498794 25.8948 1 0 0 0.021281 0.0233406 0.34506
12530 177.872 0.0137498 0.739633 0.0124729 0.0156042 0.711556 6.70413e-06 0.00158539 0.00549675 1.67989 1.4517 1.68319 1.68227 1.0481 0.136398 8.45285 8.4537 5.23532 0 -0.201752 -0.182482 0.0493519 24.9087 1 0 0 0.0204668 0.0223853 0.332811
12535 177.943 0.0144584 0.711936 0.0121115 0.0151831 0.684641 6.12584e-06 0.00158373 0.00549675 1.67731 1.4517 1.6807 1.67951 1.04879 0.131066 8.43813 8.44028 5.23881 0 -0.19686 -0.177767 0.0485421 23.9349 1 0 0 0.019708 0.0214997 0.320755
12540 178.016 0.0152035 0.684171 0.0117918 0.0147981 0.657581 5.6812e-06 0.00158202 0.00549675 1.67466 1.4517 1.67814 1.67667 1.04951 0.125825 8.42299 8.42653 5.24244 0 -0.19321 -0.174268 0.0482224 22.9778 1 0 0 0.0190034 0.020688 0.308929
12545 178.094 0.015987 0.656434 0.0115297 0.0144702 0.630435 5.25314e-06 0.00158027 0.00549675 1.67193 1.4517 1.6755 1.67375 1.05026 0.120666 8.40749 8.41249 5.24621 0 -0.189698 -0.171056 0.0479398 22.0357 1 0 0 0.0183856 0.0200012 0.29741
12550 178.175 0.0168109 0.628754 0.0113193 0.0141973 0.603238 4.86557e-06 0.00157846 0.00549675 1.6691 1.4517 1.67277 1.67072 1.05105 0.1156 8.39157 8.3981 5.25015 0 -0.186455 -0.168185 0.0477794 21.1106 1 0 0 0.0178355 0.0194208 0.286214
12555 178.261 0.0176773 0.601163 0.0111568 0.0139799 0.576026 4.50596e-06 0.00157658 0.00549675 1.66618 1.4517 1.66995 1.66759 1.05187 0.110627 8.3752 8.38333 5.25428 0 -0.183416 -0.165595 0.0477142 20.2023 1 0 0 0.017342 0.0189386 0.275364
12560 178.351 0.0185883 0.573684 0.0110364 0.013817 0.54883 4.17426e-06 0.00157465 0.00549675 1.66314 1.4517 1.66702 1.66435 1.05274 0.105751 8.35833 8.36811 5.25861 0 -0.180567 -0.163281 0.0477537 19.312 1 0 0 0.0168925 0.0185426 0.264892
12565 178.446 0.0195462 0.546338 0.010952 0.0137081 0.521678 3.86978e-06 0.00157264 0.00549675 1.66 1.4517 1.66399 1.661 1.05365 0.100974 8.34094 8.35242 5.26316 0 -0.177905 -0.161231 0.0479057 18.4396 1 0 0 0.0164766 0.0182232 0.254834
12570 178.546 0.0205536 0.519137 0.0108972 0.0136539 0.494586 3.59226e-06 0.00157055 0.00549675 1.65673 1.4517 1.66084 1.65752 1.05462 0.0962929 8.32297 8.33619 5.26797 0 -0.175423 -0.159446 0.0481821 17.5847 1 0 0 0.0160842 0.0179735 0.245213
12575 178.651 0.0216128 0.492093 0.0108672 0.0136559 0.46757 3.34171e-06 0.00156837 0.00549675 1.65332 1.4517 1.65755 1.65391 1.05564 0.0916968 8.30439 8.31938 5.27304 0 -0.173124 -0.157948 0.0485794 16.7454 1 0 0 0.0157112 0.0177879 0.236037
12580 178.761 0.0227266 0.46521 0.0108576 0.0137172 0.440635 3.11783e-06 0.00156611 0.00549675 1.64977 1.4517 1.65413 1.65016 1.05673 0.0871677 8.28517 8.30194 5.27842 0 -0.171004 -0.15673 0.0491168 15.9183 1 0 0 0.015354 0.0176634 0.227291
12585 178.877 0.0238979 0.438495 0.010865 0.0138422 0.413788 2.9201e-06 0.00156374 0.00549675 1.64607 1.4517 1.65056 1.64627 1.05789 0.0826799 8.26524 8.2838 5.28415 0 -0.169064 -0.155789 0.0497932 15.0988 1 0 0 0.0150099 0.0175992 0.218943
12590 178.999 0.0251295 0.411956 0.0108865 0.0140362 0.387033 2.74775e-06 0.00156127 0.00549675 1.64219 1.4517 1.64682 1.64222 1.05912 0.0781983 8.24457 8.2649 5.29025 0 -0.16729 -0.155114 0.050623 14.2803 1 0 0 0.014677 0.017596 0.210946
12595 179.125 0.0251295 0.385956 0.0109206 0.014305 0.36073 2.67315e-06 0.00155871 0.00549675 1.63817 1.4517 1.64295 1.63804 1.06043 0.0737475 8.22353 8.24555 5.29667 0 -0.168008 -0.156898 0.0523442 13.4676 1 0 0 0.0144417 0.0177709 0.203615
12600 179.25 0.0251295 0.361389 0.0109597 0.0146365 0.335793 2.56697e-06 0.00155613 0.00549675 1.63415 1.4517 1.63906 1.63388 1.06178 0.0694478 8.20261 8.22621 5.30325 0 -0.16707 -0.157182 0.0536381 12.6824 1 0 0 0.0142282 0.0180118 0.196961
12605 179.376 0.0251295 0.338122 0.0109997 0.0150242 0.312098 2.48023e-06 0.00155356 0.00549675 1.63011 1.4517 1.63517 1.62974 1.06316 0.0652109 8.18175 8.20679 5.31001 0 -0.166117 -0.157503 0.0549876 11.9086 1 0 0 0.0140194 0.0182874 0.190782
12610 179.502 0.0251295 0.316032 0.0110375 0.0154666 0.289528 2.41198e-06 0.00155098 0.00549675 1.62608 1.4517 1.63126 1.62563 1.06457 0.0609607 8.161 8.18734 5.31694 0 -0.165181 -0.157897 0.0564054 11.1325 1 0 0 0.0138167 0.0186015 0.184967
12615 179.627 0.0251295 0.295021 0.0110695 0.0159615 0.26799 2.36031e-06 0.0015484 0.00549675 1.62204 1.4517 1.62735 1.62154 1.06603 0.0566277 8.14036 8.16785 5.32405 0 -0.164233 -0.158342 0.0578828 10.3412 1 0 0 0.0136189 0.0189542 0.179428
12620 179.753 0.0251295 0.275003 0.0110914 0.0165062 0.247405 2.32348e-06 0.00154581 0.00549675 1.618 1.4517 1.62343 1.61747 1.06752 0.052142 8.11984 8.14832 5.33134 0 -0.163231 -0.158799 0.0594046 9.52203 1 0 0 0.0134234 0.019344 0.174088
12625 179.878 0.0251295 0.255906 0.0110991 0.0170977 0.227709 2.30014e-06 0.00154322 0.00549675 1.61395 1.4517 1.6195 1.61343 1.06905 0.0474306 8.09943 8.12875 5.33883 0 -0.16213 -0.159226 0.0609534 8.66164 1 0 0 0.0132273 0.0197682 0.168872
12630 180.004 0.0251295 0.237669 0.011088 0.0177327 0.208848 2.28937e-06 0.00154063 0.00549675 1.60991 1.4517 1.61557 1.60942 1.07061 0.0424144 8.07915 8.10913 5.34652 0 -0.16088 -0.159576 0.0625092 7.7456 1 0 0 0.0130272 0.0202243 0.163704
12635 180.13 0.0251295 0.220241 0.0110534 0.0184079 0.19078 2.29051e-06 0.00153805 0.00549675 1.60587 1.4517 1.61163 1.60544 1.07222 0.0370069 8.05902 8.08947 5.3544 0 -0.159426 -0.159794 0.0640478 6.75809 1 0 0 0.0128195 0.0207094 0.158509
12640 180.255 0.0251295 0.203582 0.0109905 0.0191195 0.173472 2.30317e-06 0.00153546 0.00549675 1.60184 1.4517 1.60769 1.60151 1.07387 0.0311115 8.03904 8.06979 5.36248 0 -0.157703 -0.159821 0.0655397 5.68149 1 0 0 0.0126 0.0212202 0.153212
12645 180.381 0.0251295 0.187657 0.0108942 0.0198637 0.156899 2.3272e-06 0.00153289 0.00549675 1.59782 1.4517 1.60375 1.59762 1.07556 0.0246202 8.01925 8.05009 5.37075 0 -0.155639 -0.159585 0.0669506 4.49608 1 0 0 0.0123645 0.0217525 0.147733
12650 180.507 0.0251295 0.172442 0.0107592 0.020636 0.141047 2.36248e-06 0.00153034 0.00549675 1.59384 1.4517 1.59983 1.59379 1.07727 0.0174111 7.99968 8.0304 5.37919 0 -0.15315 -0.159 0.0682401 3.17956 1 0 0 0.0121086 0.022301 0.141976
12655 180.632 0.0251295 0.157924 0.0105806 0.0214313 0.125912 2.4083e-06 0.00152781 0.00549675 1.58989 1.4517 1.59593 1.59003 1.07902 0.00934726 7.98037 8.01076 5.38781 0 -0.150132 -0.157958 0.0693578 1.70697 1 0 0 0.0118278 0.0228575 0.135822
12660 180.758 0.0251295 0.144103 0.0103535 0.022243 0.111507 2.46251e-06 0.00152531 0.00549675 1.58599 1.4517 1.59206 1.58635 1.0808 0.000278622 7.96138 7.99121 5.39657 0 -0.146463 -0.156318 0.0702375 0.0508812 1 0 0 0.0115173 0.0234091 0.129132
12665 180.884 0.0251295 0.130996 0.0100736 0.0230621 0.0978599 2.52049e-06 0.00152286 0.00549675 1.58217 1.4517 1.58826 1.58278 1.08259 -0.00995188 7.94277 7.97182 5.40544 0 -0.142 -0.153906 0.0707921 -1.81738 1 0 0 0.0111717 0.0239354 0.12176
12670 181.009 0.0251295 0.118636 0.0097383 0.0238754 0.0850222 2.57407e-06 0.00152047 0.00549675 1.57844 1.4517 1.58452 1.57933 1.08439 -0.0214937 7.92464 7.95265 5.41439 0 -0.136601 -0.15052 0.0709134 -3.92511 1 0 0 0.0107858 0.0244073 0.113577
12675 181.135 0.0251295 0.107075 0.00934757 0.0246651 0.0730621 2.61077e-06 0.00151816 0.00549675 1.57484 1.4517 1.58089 1.57603 1.08619 -0.0344635 7.90706 7.9338 5.42336 0 -0.130152 -0.14595 0.0704782 -6.29363 1 0 0 0.0103553 0.0247863 0.104503
12680 181.261 0.0251295 0.0963761 0.00890588 0.0254076 0.0620626 2.61401e-06 0.00151596 0.00549675 1.5714 1.4517 1.5774 1.57291 1.08796 -0.0489081 7.89017 7.91539 5.43228 0 -0.122608 -0.140025 0.0693639 -8.93146 1 0 0 0.00987898 0.0250266 0.0945493
12685 181.386 0.0251295 0.0866103 0.00842315 0.0260748 0.0521124 2.5654e-06 0.00151387 0.00549675 1.56815 1.4517 1.57407 1.56999 1.0897 -0.0647607 7.87408 7.89756 5.44107 0 -0.11403 -0.13266 0.0674712 -11.8264 1 0 0 0.0093598 0.0250803 0.0838609
12690 181.512 0.0251295 0.0778407 0.00791449 0.0266367 0.0432895 2.45025e-06 0.00151193 0.00549675 1.56512 1.4517 1.57094 1.5673 1.09137 -0.0818017 7.85893 7.88048 5.44964 0 -0.104624 -0.123919 0.064755 -14.9384 1 0 0 0.00880594 0.0249054 0.0727555
12695 181.638 0.0251295 0.0701047 0.00739805 0.0270662 0.0356404 2.26469e-06 0.00151015 0.00549675 1.56234 1.4517 1.56805 1.56485 1.09296 -0.0996487 7.84484 7.86431 5.45789 0 -0.0947312 -0.114059 0.0612547 -18.1976 1 0 0 0.00823017 0.0244764 0.0617038
12700 181.763 0.0251295 0.0633967 0.00689171 0.0273446 0.0291604 2.02047e-06 0.00150854 0.00549675 1.55982 1.4517 1.5654 1.56264 1.09446 -0.117793 7.8319 7.8492 5.46573 0 -0.0847863 -0.103513 0.0571115 -21.5111 1 0 0 0.00764819 0.0237937 0.0512368
12705 181.889 0.0251295 0.0576619 0.00640986 0.027466 0.0237861 1.74256e-06 0.0015071 0.00549675 1.55757 1.4517 1.56302 1.56068 1.09584 -0.135684 7.82016 7.83527 5.47306 0 -0.0752222 -0.0928231 0.0525546 -24.7783 1 0 0 0.00707615 0.0228872 0.0418083
12710 182.014 0.0251295 0.0528049 0.00596164 0.0274379 0.0194054 1.46015e-06 0.00150583 0.00549675 1.55558 1.4517 1.56089 1.55895 1.0971 -0.152826 7.80963 7.8226 5.47985 0 -0.0663804 -0.0825164 0.0478521 -27.9087 1 0 0 0.00652803 0.02181 0.0336939
12715 182.14 0.0251295 0.048707 0.00555097 0.0272783 0.0158777 1.19754e-06 0.00150472 0.00549675 1.55384 1.4517 1.55901 1.55742 1.09824 -0.168853 7.80026 7.8112 5.48605 0 -0.0584621 -0.072999 0.0432509 -30.8354 1 0 0 0.00601381 0.0206258 0.0269742
12720 182.266 0.0251295 0.0452434 0.0051777 0.0270109 0.0130548 9.69767e-07 0.00150374 0.00549675 1.55231 1.4517 1.55734 1.55607 1.09927 -0.183555 7.79197 7.80104 5.49168 0 -0.0515349 -0.0645096 0.0389378 -33.5203 1 0 0 0.00553913 0.0193963 0.021571
12725 182.391 0.0251295 0.0422977 0.00483942 0.0266597 0.0107986 7.82297e-07 0.00150289 0.00549675 1.55097 1.4517 1.55586 1.55488 1.1002 -0.19687 7.78465 7.79201 5.49676 0 -0.0455676 -0.0571257 0.0350259 -35.9519 1 0 0 0.00510612 0.0181719 0.0173054
12730 182.517 0.0251295 0.0397707 0.0045329 0.0262467 0.00899113 6.33231e-07 0.00150214 0.00549675 1.54979 1.4517 1.55455 1.55382 1.10103 -0.208842 7.77819 7.78401 5.50134 0 -0.0404703 -0.0508029 0.0315589 -38.1381 1 0 0 0.00471454 0.016989 0.0139634
12735 182.643 0.0251295 0.0375828 0.00425495 0.0257902 0.00753763 5.16725e-07 0.00150148 0.00549675 1.54875 1.4517 1.55337 1.55288 1.10178 -0.219579 7.77248 7.77691 5.50547 0 -0.0361281 -0.045428 0.0285274 -40.0989 1 0 0 0.00436252 0.0158699 0.011345
12740 182.768 0.0251295 0.035671 0.00400267 0.0253047 0.00636362 4.26e-07 0.00150089 0.00549675 1.54783 1.4517 1.55232 1.55204 1.10247 -0.229216 7.7674 7.77059 5.5092 0 -0.0324231 -0.0408643 0.0258909 -41.8588 1 0 0 0.00404724 0.0148258 0.00928591
12745 182.894 0.0251295 0.0339862 0.00377347 0.0248018 0.00541093 3.55002e-07 0.00150037 0.00549675 1.547 1.4517 1.55137 1.55128 1.10308 -0.237892 7.76286 7.76493 5.51258 0 -0.029248 -0.0369796 0.0235973 -43.4432 1 0 0 0.00376531 0.0138603 0.00765835
12750 183.02 0.0251295 0.032489 0.00356504 0.0242901 0.00463387 2.98929e-07 0.0014999 0.00549675 1.54626 1.4517 1.5505 1.55059 1.10365 -0.245738 7.75879 7.75984 5.51565 0 -0.0265112 -0.0336587 0.0215952 -44.8759 1 0 0 0.0035132 0.0129724 0.00636486
12755 183.145 0.0251295 0.0311484 0.00337527 0.0237766 0.00399646 2.54167e-07 0.00149948 0.00549675 1.54559 1.4517 1.54971 1.54997 1.10417 -0.252867 7.75513 7.75523 5.51846 0 -0.0241369 -0.0308058 0.019839 -46.1779 1 0 0 0.0032875 0.0121585 0.00533112
12760 183.271 0.0251295 0.0299392 0.00320225 0.0232666 0.00347036 2.18048e-07 0.00149909 0.00549675 1.54498 1.4517 1.54898 1.5494 1.10464 -0.259381 7.7518 7.75103 5.52104 0 -0.0220639 -0.0283425 0.0182908 -47.3674 1 0 0 0.00308506 0.0114135 0.00450016
12765 183.397 0.0251295 0.0288415 0.00304425 0.022764 0.00303321 1.88602e-07 0.00149874 0.00549675 1.54442 1.4517 1.54831 1.54888 1.10508 -0.265363 7.74878 7.74719 5.52341 0 -0.0202427 -0.0262051 0.0169192 -48.4598 1 0 0 0.00290305 0.0107319 0.00382807
12770 183.522 0.0251295 0.0278391 0.00289972 0.0222719 0.00266743 1.64366e-07 0.00149842 0.00549675 1.54391 1.4517 1.54769 1.5484 1.10549 -0.270885 7.74601 7.74365 5.5256 0 -0.0186337 -0.0243417 0.0156987 -49.4683 1 0 0 0.00273896 0.0101083 0.0032809
12775 183.648 0.0251295 0.026919 0.00276725 0.0217925 0.0023592 1.44236e-07 0.00149812 0.00549675 1.54344 1.4517 1.54711 1.54795 1.10587 -0.276007 7.74348 7.74038 5.52763 0 -0.0172043 -0.0227096 0.0146082 -50.4036 1 0 0 0.00259062 0.00953744 0.00283237
12780 183.774 0.0251295 0.0260706 0.00264558 0.0213273 0.00209765 1.27377e-07 0.00149785 0.00549675 1.543 1.4517 1.54657 1.54754 1.10622 -0.280779 7.74114 7.73734 5.52952 0 -0.0159282 -0.0212736 0.01363 -51.2751 1 0 0 0.00245612 0.00901427 0.00246205
12785 183.899 0.0251295 0.0252852 0.00253361 0.0208774 0.00187422 1.13145e-07 0.00149759 0.00549675 1.5426 1.4517 1.54606 1.54716 1.10655 -0.285244 7.73899 7.73451 5.53127 0 -0.0147835 -0.0200045 0.0127493 -52.0904 1 0 0 0.00233381 0.00853425 0.00215409
12790 184.025 0.0251295 0.0245557 0.00243033 0.0204432 0.00168214 1.01042e-07 0.00149735 0.00549675 1.54222 1.4517 1.54558 1.54681 1.10686 -0.289435 7.737 7.73185 5.53292 0 -0.0137521 -0.0188781 0.0119536 -52.8559 1 0 0 0.00222226 0.00809321 0.00189614
12795 184.15 0.0251295 0.023876 0.00233487 0.0200251 0.00151604 9.06767e-08 0.00149713 0.00549675 1.54186 1.4517 1.54512 1.54648 1.10715 -0.293385 7.73515 7.72936 5.53446 0 -0.0128192 -0.0178739 0.0112324 -53.5771 1 0 0 0.00212024 0.00768736 0.00167857
12800 184.276 0.0251295 0.0232411 0.00224644 0.019623 0.00137162 8.17415e-08 0.00149693 0.00549675 1.54153 1.4517 1.54469 1.54618 1.10743 -0.297117 7.73343 7.727 5.5359 0 -0.0119719 -0.0169749 0.0105765 -54.2586 1 0 0 0.00202665 0.0073133 0.00149384
12805 184.402 0.0251295 0.0226467 0.00216435 0.0192369 0.00124542 7.39916e-08 0.00149673 0.00549675 1.54122 1.4517 1.54428 1.54589 1.10768 -0.300653 7.73182 7.72477 5.53726 0 -0.0111998 -0.0161667 0.00997819 -54.9044 1 0 0 0.00194057 0.00696797 0.00133599
12810 184.527 0.0251295 0.0220889 0.00208799 0.0188662 0.00113465 6.72311e-08 0.00149655 0.00549675 1.54093 1.4517 1.54389 1.54562 1.10793 -0.304011 7.73033 7.72265 5.53854 0 -0.0104939 -0.0154373 0.00943081 -55.5177 1 0 0 0.00186116 0.00664862 0.00120032
12815 184.653 0.0251295 0.0215645 0.00201681 0.0185107 0.001037 6.13019e-08 0.00149638 0.00549675 1.54065 1.4517 1.54351 1.54537 1.10816 -0.307208 7.72893 7.72063 5.53975 0 -0.00984646 -0.0147764 0.00892861 -56.1015 1 0 0 0.00178771 0.00635279 0.00108307
12820 184.779 0.0251295 0.0210706 0.00195033 0.0181697 0.000950588 5.60759e-08 0.00149622 0.00549675 1.54039 1.4517 1.54315 1.54513 1.10837 -0.310257 7.72762 7.7187 5.54089 0 -0.00925102 -0.0141752 0.00846663 -56.6582 1 0 0 0.0017196 0.00607828 0.000981234
12825 184.904 0.0251295 0.0206047 0.00188812 0.0178428 0.00087385 5.1448e-08 0.00149606 0.00549675 1.54014 1.4517 1.54281 1.54491 1.10858 -0.313169 7.72639 7.71686 5.54198 0 -0.00870199 -0.0136263 0.00804059 -57.19 1 0 0 0.00165628 0.00582313 0.000892367
12830 185.03 0.0251295 0.0201645 0.00182979 0.0175292 0.000805472 4.73321e-08 0.00149592 0.00549675 1.53991 1.4517 1.54248 1.5447 1.10878 -0.315955 7.72523 7.71509 5.543 0 -0.00819454 -0.0131234 0.00764675 -57.6988 1 0 0 0.00159726 0.00558558 0.00081448
12835 185.156 0.0251295 0.0197479 0.001775 0.0172285 0.000744351 4.36568e-08 0.00149578 0.00549675 1.53968 1.4517 1.54215 1.5445 1.10897 -0.318625 7.72414 7.71338 5.54398 0 -0.0077245 -0.0126611 0.00728187 -58.1863 1 0 0 0.00154213 0.00536405 0.000745937
12840 185.281 0.0251295 0.0193531 0.00172346 0.01694 0.000689554 4.03626e-08 0.00149564 0.00549675 1.53947 1.4517 1.54185 1.54432 1.10914 -0.321185 7.72312 7.71174 5.54491 0 -0.00728824 -0.0122347 0.00694312 -58.654 1 0 0 0.0014905 0.00515714 0.000685389
12845 185.407 0.0251295 0.0189784 0.00167489 0.0166632 0.000640288 3.73996e-08 0.00149552 0.00549675 1.53926 1.4517 1.54155 1.54414 1.10931 -0.323645 7.72216 7.71016 5.5458 0 -0.00688257 -0.0118401 0.006628 -59.1031 1 0 0 0.00144205 0.00496359 0.00063171
12850 185.533 0.0251295 0.0186223 0.00162905 0.0163974 0.000595874 3.47259e-08 0.0014954 0.00549675 1.53907 1.4517 1.54126 1.54398 1.10948 -0.32601 7.72125 7.70863 5.54665 0 -0.00650471 -0.0114739 0.00633434 -59.535 1 0 0 0.00139649 0.00478225 0.000583958
12855 185.658 0.0251295 0.0182836 0.00158571 0.0161421 0.000555731 3.23059e-08 0.00149528 0.00549675 1.53888 1.4517 1.54097 1.54382 1.10963 -0.328286 7.72039 7.70715 5.54745 0 -0.00615218 -0.011133 0.00606019 -59.9506 1 0 0 0.00135356 0.00461212 0.00054134
12860 185.784 0.0251295 0.0179608 0.00154469 0.0158968 0.000519358 3.01093e-08 0.00149517 0.00549675 1.5387 1.4517 1.5407 1.54367 1.10978 -0.330478 7.71958 7.70572 5.54823 0 -0.00582281 -0.0108149 0.00580384 -60.3509 1 0 0 0.00131302 0.00445226 0.000503187
12865 185.91 0.0251295 0.017653 0.0015058 0.0156609 0.000486323 2.81103e-08 0.00149507 0.00549675 1.53853 1.4517 1.54044 1.54353 1.10992 -0.332592 7.71881 7.70433 5.54897 0 -0.00551465 -0.0105172 0.00556376 -60.7369 1 0 0 0.00127469 0.00430185 0.000468928
12870 186.035 0.0251295 0.0173591 0.0014689 0.015434 0.000456249 2.62864e-08 0.00149496 0.00549675 1.53837 1.4517 1.54018 1.5434 1.11006 -0.334631 7.71808 7.70297 5.54968 0 -0.00522596 -0.010238 0.0053386 -61.1093 1 0 0 0.00123836 0.00416015 0.000438078
12875 186.161 0.0251295 0.0170782 0.00143382 0.0152156 0.000428811 2.46185e-08 0.00149487 0.00549675 1.53821 1.4517 1.53992 1.54327 1.11019 -0.3366 7.7174 7.70166 5.55036 0 -0.0049552 -0.00997544 0.00512714 -61.4689 1 0 0 0.00120389 0.00402648 0.00041022
12880 186.286 0.0251295 0.0168094 0.00140045 0.0150052 0.000403724 2.30899e-08 0.00149477 0.00549675 1.53806 1.4517 1.53968 1.54315 1.11032 -0.338502 7.71674 7.70038 5.55101 0 -0.00470095 -0.009728 0.00492828 -61.8163 1 0 0 0.00117112 0.00390022 0.000384995
12885 186.412 0.0251295 0.0165519 0.00136867 0.0148025 0.00038074 2.16859e-08 0.00149468 0.00549675 1.53791 1.4517 1.53944 1.54304 1.11044 -0.340342 7.71613 7.69913 5.55164 0 -0.00446196 -0.00949431 0.00474104 -62.1523 1 0 0 0.00113993 0.00378082 0.000362097
12890 186.538 0.0251295 0.016305 0.00133837 0.014607 0.00035964 2.0394e-08 0.0014946 0.00549675 1.53777 1.4517 1.53921 1.54293 1.11055 -0.342122 7.71554 7.69792 5.55224 0 -0.00423708 -0.00927318 0.00456452 -62.4773 1 0 0 0.00111019 0.00366777 0.000341257
12895 186.663 0.0251295 0.016068 0.00130946 0.0144183 0.000340233 1.92029e-08 0.00149451 0.00549675 1.53763 1.4517 1.53898 1.54283 1.11067 -0.343845 7.71498 7.69673 5.55282 0 -0.00402528 -0.00906351 0.00439794 -62.792 1 0 0 0.00108181 0.00356062 0.000322244
12900 186.789 0.0251295 0.0158404 0.00128184 0.0142362 0.00032235 1.81029e-08 0.00149443 0.00549675 1.5375 1.4517 1.53875 1.54273 1.11077 -0.345514 7.71446 7.69557 5.55338 0 -0.00382563 -0.00886435 0.00424054 -63.0968 1 0 0 0.00105469 0.00345894 0.000304856
12905 186.915 0.0251295 0.0156215 0.00125543 0.0140603 0.000305844 1.70852e-08 0.00149435 0.00549675 1.53737 1.4517 1.53853 1.54264 1.11088 -0.347132 7.71396 7.69444 5.55392 0 -0.00363725 -0.00867486 0.00409168 -63.3922 1 0 0 0.00102874 0.00336236 0.000288919
12910 187.04 0.0251295 0.015411 0.00123016 0.0138902 0.000290581 1.61423e-08 0.00149428 0.00549675 1.53725 1.4517 1.53832 1.54255 1.11098 -0.3487 7.71348 7.69333 5.55444 0 -0.00345937 -0.00849427 0.00395075 -63.6787 1 0 0 0.00100388 0.00327051 0.000274279
12915 187.166 0.0251295 0.0152082 0.00120596 0.0137257 0.000276445 1.52672e-08 0.00149421 0.00549675 1.53713 1.4517 1.53811 1.54247 1.11108 -0.350222 7.71303 7.69224 5.55495 0 -0.00329127 -0.00832189 0.00381719 -63.9566 1 0 0 0.000980045 0.00318309 0.0002608
12920 187.292 0.0251295 0.0150127 0.00118278 0.0135666 0.000263333 1.4454e-08 0.00149414 0.00549675 1.53702 1.4517 1.5379 1.54239 1.11117 -0.351699 7.7126 7.69118 5.55543 0 -0.0031323 -0.00815712 0.0036905 -64.2264 1 0 0 0.000957172 0.0030998 0.000248365
12925 187.417 0.0251295 0.0148242 0.00116055 0.0134125 0.000251152 1.36971e-08 0.00149407 0.00549675 1.5369 1.4517 1.5377 1.54231 1.11126 -0.353134 7.71219 7.69014 5.5559 0 -0.00298186 -0.00799939 0.00357022 -64.4883 1 0 0 0.000935201 0.00302036 0.00023687
12930 187.543 0.0251295 0.0146422 0.00113922 0.0132632 0.00023982 1.29918e-08 0.001494 0.00549675 1.5368 1.4517 1.5375 1.54224 1.11135 -0.354528 7.7118 7.68912 5.55635 0 -0.00283938 -0.0078482 0.00345593 -64.7429 1 0 0 0.000914079 0.00294453 0.000226223
12935 187.669 0.0251295 0.0144664 0.00111874 0.0131184 0.000229263 1.23338e-08 0.00149394 0.00549675 1.53669 1.4517 1.53731 1.54217 1.11144 -0.355883 7.71143 7.68812 5.55679 0 -0.00270436 -0.00770311 0.00334723 -64.9903 1 0 0 0.000893757 0.00287209 0.000216342
12940 187.794 0.0251295 0.0142965 0.00109907 0.012978 0.000219416 1.17189e-08 0.00149388 0.00549675 1.53659 1.4517 1.53712 1.54211 1.11152 -0.3572 7.71107 7.68713 5.55722 0 -0.00257634 -0.00756371 0.00324376 -65.2309 1 0 0 0.00087419 0.00280281 0.000207156
12945 187.92 0.0251295 0.0141322 0.00108016 0.0128418 0.000210219 1.11439e-08 0.00149382 0.00549675 1.53649 1.4517 1.53693 1.54205 1.1116 -0.358482 7.71074 7.68617 5.55763 0 -0.00245488 -0.00742961 0.00314521 -65.465 1 0 0 0.000855337 0.00273652 0.000198602
12950 188.046 0.0251295 0.0139732 0.00106198 0.0127096 0.000201619 1.06054e-08 0.00149376 0.00549675 1.5364 1.4517 1.53675 1.54199 1.11168 -0.35973 7.71042 7.68522 5.55803 0 -0.00233957 -0.00730048 0.00305125 -65.6928 1 0 0 0.000837162 0.00267302 0.000190621
12955 188.171 0.0251295 0.0138191 0.00104449 0.0125811 0.000193568 1.01007e-08 0.0014937 0.00549675 1.5363 1.4517 1.53657 1.54193 1.11175 -0.360944 7.71011 7.68429 5.55842 0 -0.00223004 -0.007176 0.00296162 -65.9146 1 0 0 0.000819629 0.00261215 0.000183163
12960 188.297 0.0251295 0.0136699 0.00102767 0.0124562 0.000186022 9.62702e-09 0.00149365 0.00549675 1.53621 1.4517 1.53639 1.54188 1.11182 -0.362127 7.70982 7.68338 5.55879 0 -0.00212596 -0.00705591 0.00287604 -66.1307 1 0 0 0.000802705 0.00255376 0.000176184
12965 188.422 0.0251295 0.0135252 0.00101147 0.0123348 0.000178943 9.18209e-09 0.00149359 0.00549675 1.53612 1.4517 1.53622 1.54182 1.1119 -0.36328 7.70954 7.68248 5.55916 0 -0.00202701 -0.00693992 0.00279429 -66.3412 1 0 0 0.000786363 0.0024977 0.000169642
12970 188.548 0.0251295 0.0133848 0.000995863 0.0122167 0.000172295 8.76373e-09 0.00149354 0.00549675 1.53604 1.4517 1.53604 1.54178 1.11196 -0.364404 7.70928 7.6816 5.55951 0 -0.00193288 -0.00682781 0.00271613 -66.5464 1 0 0 0.000770573 0.00244385 0.000163501
12975 188.674 0.0251295 0.0132486 0.000980832 0.0121017 0.000166045 8.36999e-09 0.00149349 0.00549675 1.53595 1.4517 1.53587 1.54173 1.11203 -0.365499 7.70903 7.68073 5.55986 0 -0.0018433 -0.00671936 0.00264135 -66.7464 1 0 0 0.000755311 0.00239207 0.000157729
12980 188.799 0.0251295 0.0131162 0.000966347 0.0119897 0.000160164 7.99908e-09 0.00149344 0.00549675 1.53587 1.4517 1.53571 1.54168 1.1121 -0.366568 7.70879 7.67987 5.56019 0 -0.00175802 -0.00661436 0.00256978 -66.9416 1 0 0 0.000740552 0.00234226 0.000152296
12985 188.925 0.0251295 0.0129877 0.000952386 0.0118807 0.000154626 7.64937e-09 0.00149339 0.00549675 1.53579 1.4517 1.53554 1.54164 1.11216 -0.367611 7.70856 7.67903 5.56052 0 -0.0016768 -0.00651262 0.00250121 -67.132 1 0 0 0.000726275 0.00229431 0.000147175
12990 189.051 0.0251295 0.0128627 0.000938925 0.0117744 0.000149407 7.31936e-09 0.00149335 0.00549675 1.53572 1.4517 1.53538 1.5416 1.11222 -0.368629 7.70834 7.6782 5.56084 0 -0.00159941 -0.00641398 0.0024355 -67.3179 1 0 0 0.000712458 0.00224812 0.000142343
12995 189.176 0.0251295 0.0127411 0.000925944 0.0116707 0.000144482 7.00768e-09 0.0014933 0.00549675 1.53564 1.4517 1.53522 1.54156 1.11228 -0.369622 7.70813 7.67739 5.56115 0 -0.00152565 -0.00631826 0.00237248 -67.4994 1 0 0 0.000699082 0.00220359 0.000137777
13000 189.302 0.0251295 0.0126228 0.000913423 0.0115696 0.000139833 6.71308e-09 0.00149326 0.00549675 1.53557 1.4517 1.53507 1.54153 1.11234 -0.370593 7.70794 7.67659 5.56145 0 -0.00145533 -0.00622533 0.00231202 -67.6766 1 0 0 0.000686128 0.00216065 0.000133459
13005 189.428 0.0251295 0.0125077 0.000901343 0.0114709 0.00013544 6.43441e-09 0.00149321 0.00549675 1.5355 1.4517 1.53491 1.54149 1.1124 -0.371541 7.70775 7.6758 5.56174 0 -0.00138825 -0.00613505 0.00225396 -67.8498 1 0 0 0.00067358 0.0021192 0.000129369
13010 189.553 0.0251295 0.0123956 0.000889688 0.0113746 0.000131287 6.1706e-09 0.00149317 0.00549675 1.53543 1.4517 1.53476 1.54146 1.11246 -0.372468 7.70757 7.67502 5.56203 0 -0.00132426 -0.00604728 0.00219819 -68.019 1 0 0 0.000661422 0.00207918 0.000125492
13015 189.679 0.0251295 0.0122863 0.000878441 0.0112805 0.000127356 5.92068e-09 0.00149313 0.00549675 1.53536 1.4517 1.53461 1.54143 1.11251 -0.373374 7.70739 7.67425 5.5623 0 -0.00126319 -0.00596191 0.0021446 -68.1845 1 0 0 0.000649637 0.00204051 0.000121813
13020 189.805 0.0251295 0.0121798 0.000867585 0.0111886 0.000123634 5.68376e-09 0.00149309 0.00549675 1.53529 1.4517 1.53446 1.5414 1.11256 -0.37426 7.70723 7.67349 5.56258 0 -0.0012049 -0.00587883 0.00209306 -68.3463 1 0 0 0.000638212 0.00200312 0.000118318
13025 189.93 0.0251295 0.012076 0.000857107 0.0110988 0.000120107 5.45899e-09 0.00149305 0.00549675 1.53523 1.4517 1.53431 1.54137 1.11261 -0.375126 7.70707 7.67274 5.56284 0 -0.00114924 -0.00579793 0.00204348 -68.5045 1 0 0 0.000627133 0.00196696 0.000114995
13030 190.056 0.0251295 0.0119747 0.000846993 0.0110109 0.000116763 5.24562e-09 0.00149301 0.00549675 1.53517 1.4517 1.53417 1.54134 1.11267 -0.375974 7.70693 7.67201 5.5631 0 -0.00109609 -0.00571911 0.00199575 -68.6593 1 0 0 0.000616387 0.00193196 0.000111832
13035 190.182 0.0251295 0.0118758 0.000837228 0.010925 0.000113589 5.04293e-09 0.00149297 0.00549675 1.5351 1.4517 1.53403 1.54131 1.11271 -0.376804 7.70678 7.67128 5.56335 0 -0.00104532 -0.00564228 0.0019498 -68.8109 1 0 0 0.000605962 0.00189808 0.000108819
13040 190.307 0.0251295 0.0117793 0.000827801 0.0108409 0.000110576 4.85027e-09 0.00149293 0.00549675 1.53504 1.4517 1.53389 1.54129 1.11276 -0.377616 7.70665 7.67056 5.5636 0 -0.000996806 -0.00556736 0.00190552 -68.9592 1 0 0 0.000595846 0.00186525 0.000105946
13045 190.433 0.0251295 0.0116851 0.000818699 0.0107587 0.000107713 4.66703e-09 0.0014929 0.00549675 1.53498 1.4517 1.53375 1.54126 1.11281 -0.378412 7.70652 7.66986 5.56384 0 -0.000950451 -0.00549426 0.00186285 -69.1045 1 0 0 0.000586027 0.00183343 0.000103204
13050 190.559 0.0251295 0.011593 0.000809911 0.0106781 0.000104991 4.49264e-09 0.00149286 0.00549675 1.53493 1.4517 1.53361 1.54124 1.11286 -0.379191 7.7064 7.66916 5.56408 0 -0.000906147 -0.00542292 0.0018217 -69.2467 1 0 0 0.000576495 0.00180258 0.000100585
13055 190.684 0.0251295 0.011503 0.000801425 0.0105992 0.000102402 4.32658e-09 0.00149283 0.00549675 1.53487 1.4517 1.53348 1.54122 1.1129 -0.379954 7.70628 7.66847 5.56431 0 -0.000863797 -0.00535325 0.00178201 -69.3861 1 0 0 0.000567241 0.00177265 9.80821e-05
13060 190.81 0.0251295 0.0114151 0.000793233 0.0105219 9.99372e-05 4.16837e-09 0.0014928 0.00549675 1.53481 1.4517 1.53335 1.5412 1.11295 -0.380702 7.70617 7.66779 5.56453 0 -0.000823311 -0.00528519 0.00174371 -69.5227 1 0 0 0.000558254 0.0017436 9.56873e-05
13065 190.935 0.0251295 0.0113291 0.000785322 0.0104462 9.75894e-05 4.01755e-09 0.00149276 0.00549675 1.53476 1.4517 1.53321 1.54118 1.11299 -0.381435 7.70606 7.66712 5.56476 0 -0.0007846 -0.00521868 0.00170673 -69.6566 1 0 0 0.000549524 0.0017154 9.33945e-05
13070 191.061 0.0251295 0.011245 0.000777685 0.0103719 9.53518e-05 3.87369e-09 0.00149273 0.00549675 1.5347 1.4517 1.53308 1.54116 1.11303 -0.382154 7.70596 7.66646 5.56497 0 -0.000747584 -0.00515366 0.00167102 -69.7879 1 0 0 0.000541044 0.001688 9.11977e-05
13075 191.187 0.0251295 0.0111626 0.000770311 0.0102991 9.32178e-05 3.73642e-09 0.0014927 0.00549675 1.53465 1.4517 1.53296 1.54114 1.11307 -0.382859 7.70586 7.66581 5.56518 0 -0.000712185 -0.00509007 0.00163651 -69.9166 1 0 0 0.000532805 0.00166137 8.90912e-05
13080 191.312 0.0251295 0.011082 0.000763192 0.0102277 9.11815e-05 3.60535e-09 0.00149267 0.00549675 1.5346 1.4517 1.53283 1.54113 1.11311 -0.38355 7.70577 7.66516 5.56539 0 -0.00067833 -0.00502786 0.00160316 -70.0429 1 0 0 0.000524798 0.00163548 8.70701e-05
13085 191.438 0.0251295 0.0110031 0.00075632 0.0101576 8.92372e-05 3.48014e-09 0.00149264 0.00549675 1.53455 1.4517 1.5327 1.54111 1.11315 -0.384229 7.70568 7.66452 5.56559 0 -0.00064595 -0.00496698 0.00157092 -70.1668 1 0 0 0.000517016 0.00161031 8.51293e-05
13090 191.564 0.0251295 0.0109259 0.000749686 0.0100888 8.73796e-05 3.36049e-09 0.00149261 0.00549675 1.5345 1.4517 1.53258 1.54109 1.11319 -0.384895 7.7056 7.66389 5.56579 0 -0.000614979 -0.00490738 0.00153974 -70.2883 1 0 0 0.00050945 0.00158581 8.32645e-05
13095 191.689 0.0251295 0.0108502 0.000743283 0.0100213 8.56038e-05 3.24608e-09 0.00149258 0.00549675 1.53445 1.4517 1.53246 1.54108 1.11323 -0.385548 7.70552 7.66327 5.56599 0 -0.000585354 -0.00484901 0.00150957 -70.4077 1 0 0 0.000502095 0.00156197 8.14714e-05
13100 191.815 0.0251295 0.010776 0.000737103 0.00995499 8.39052e-05 3.13663e-09 0.00149255 0.00549675 1.53441 1.4517 1.53234 1.54107 1.11327 -0.38619 7.70544 7.66266 5.56618 0 -0.000557017 -0.00479184 0.00148037 -70.5248 1 0 0 0.000494942 0.00153875 7.97462e-05
13105 191.941 0.0251295 0.0107033 0.000731139 0.00988987 8.22794e-05 3.0319e-09 0.00149252 0.00549675 1.53436 1.4517 1.53222 1.54105 1.11331 -0.38682 7.70537 7.66205 5.56637 0 -0.000529911 -0.00473581 0.0014521 -70.6399 1 0 0 0.000487985 0.00151614 7.80852e-05
13110 192.066 0.0251295 0.010632 0.000725384 0.00982589 8.07224e-05 2.93162e-09 0.00149249 0.00549675 1.53432 1.4517 1.5321 1.54104 1.11334 -0.387438 7.7053 7.66145 5.56655 0 -0.000503984 -0.0046809 0.00142472 -70.7529 1 0 0 0.000481218 0.00149411 7.64851e-05
13115 192.192 0.0251295 0.0105621 0.000719832 0.00976302 7.92304e-05 2.83558e-09 0.00149247 0.00549675 1.53427 1.4517 1.53198 1.54103 1.11338 -0.388046 7.70524 7.66086 5.56673 0 -0.000479184 -0.00462706 0.0013982 -70.8639 1 0 0 0.000474634 0.00147263 7.49426e-05
13120 192.318 0.0251295 0.0104935 0.000714476 0.00970123 7.77997e-05 2.74355e-09 0.00149244 0.00549675 1.53423 1.4517 1.53187 1.54102 1.11341 -0.388644 7.70518 7.66027 5.56691 0 -0.000455464 -0.00457426 0.0013725 -70.973 1 0 0 0.000468228 0.00145169 7.34547e-05
13125 192.443 0.0251295 0.0104262 0.000709309 0.00964048 7.64271e-05 2.65533e-09 0.00149241 0.00549675 1.53418 1.4517 1.53176 1.54101 1.11345 -0.389231 7.70512 7.65969 5.56708 0 -0.000432777 -0.00452247 0.00134758 -71.0802 1 0 0 0.000461993 0.00143127 7.20187e-05
13130 192.569 0.0251295 0.0103602 0.000704327 0.00958074 7.51094e-05 2.57073e-09 0.00149239 0.00549675 1.53414 1.4517 1.53164 1.541 1.11348 -0.389808 7.70506 7.65912 5.56725 0 -0.00041108 -0.00447165 0.00132343 -71.1856 1 0 0 0.000455923 0.00141135 7.0632e-05
13135 192.695 0.0251295 0.0102954 0.000699523 0.00952199 7.38435e-05 2.48957e-09 0.00149236 0.00549675 1.5341 1.4517 1.53153 1.54099 1.11351 -0.390375 7.70501 7.65855 5.56742 0 -0.000390331 -0.00442177 0.0013 -71.2893 1 0 0 0.000450014 0.0013919 6.9292e-05
13140 192.82 0.0251295 0.0102317 0.000694891 0.00946418 7.26268e-05 2.41168e-09 0.00149234 0.00549675 1.53406 1.4517 1.53142 1.54098 1.11354 -0.390934 7.70496 7.65799 5.56758 0 -0.00037049 -0.00437281 0.00127727 -71.3912 1 0 0 0.000444261 0.00137292 6.79966e-05
13145 192.946 0.0251295 0.0101692 0.000690426 0.00940731 7.14565e-05 2.3369e-09 0.00149231 0.00549675 1.53402 1.4517 1.53131 1.54097 1.11358 -0.391482 7.70491 7.65743 5.56774 0 -0.000351521 -0.00432474 0.00125521 -71.4914 1 0 0 0.000438657 0.00135438 6.67435e-05
13150 193.071 0.0251295 0.0101078 0.000686123 0.00935133 7.03302e-05 2.26509e-09 0.00149229 0.00549675 1.53398 1.4517 1.5312 1.54096 1.11361 -0.392022 7.70487 7.65689 5.5679 0 -0.000333386 -0.00427752 0.0012338 -71.59 1 0 0 0.000433199 0.00133628 6.55307e-05
13155 193.197 0.0251295 0.0100475 0.000681978 0.00929623 6.92456e-05 2.1961e-09 0.00149227 0.00549675 1.53394 1.4517 1.5311 1.54095 1.11364 -0.392554 7.70482 7.65634 5.56806 0 -0.000316051 -0.00423115 0.00121302 -71.687 1 0 0 0.000427881 0.00131859 6.43562e-05
13160 193.323 0.0251295 0.00998816 0.000677984 0.00924198 6.82006e-05 2.12979e-09 0.00149224 0.00549675 1.5339 1.4517 1.53099 1.54094 1.11367 -0.393077 7.70478 7.65581 5.56821 0 -0.000299483 -0.00418558 0.00119283 -71.7825 1 0 0 0.000422699 0.0013013 6.32184e-05
13165 193.448 0.0251295 0.00992988 0.000674137 0.00918855 6.71929e-05 2.06605e-09 0.00149222 0.00549675 1.53387 1.4517 1.53089 1.54094 1.1137 -0.393591 7.70474 7.65528 5.56836 0 -0.000283652 -0.0041408 0.00117322 -71.8766 1 0 0 0.000417648 0.0012844 6.21154e-05
13170 193.574 0.0251295 0.00987259 0.000670434 0.00913593 6.62207e-05 2.00475e-09 0.0014922 0.00549675 1.53383 1.4517 1.53079 1.54093 1.11373 -0.394098 7.70471 7.65475 5.56851 0 -0.000268526 -0.00409678 0.00115416 -71.9691 1 0 0 0.000412725 0.00126787 6.10457e-05
13175 193.7 0.0251295 0.00981625 0.000666869 0.0090841 6.52821e-05 1.94578e-09 0.00149218 0.00549675 1.53379 1.4517 1.53068 1.54092 1.11376 -0.394597 7.70467 7.65423 5.56866 0 -0.000254078 -0.00405351 0.00113564 -72.0602 1 0 0 0.000407925 0.00125171 6.00078e-05
13180 193.825 0.0251295 0.00976084 0.000663437 0.00903302 6.43754e-05 1.88904e-09 0.00149215 0.00549675 1.53376 1.4517 1.53058 1.54092 1.11378 -0.395089 7.70464 7.65372 5.5688 0 -0.000240279 -0.00401097 0.00111763 -72.15 1 0 0 0.000403244 0.0012359 5.90002e-05
13185 193.951 0.0251295 0.00970633 0.000660136 0.00898269 6.3499e-05 1.83442e-09 0.00149213 0.00549675 1.53372 1.4517 1.53048 1.54091 1.11381 -0.395573 7.70461 7.65321 5.56894 0 -0.000227103 -0.00396913 0.00110013 -72.2384 1 0 0 0.000398678 0.00122042 5.80217e-05
13190 194.077 0.0251295 0.0096527 0.000656961 0.00893309 6.26513e-05 1.78183e-09 0.00149211 0.00549675 1.53369 1.4517 1.53038 1.54091 1.11384 -0.39605 7.70458 7.65271 5.56908 0 -0.000214526 -0.00392797 0.0010831 -72.3255 1 0 0 0.000394225 0.00120528 5.70709e-05
13195 194.202 0.0251295 0.00959992 0.000653907 0.00888418 6.18308e-05 1.73117e-09 0.00149209 0.00549675 1.53366 1.4517 1.53029 1.5409 1.11387 -0.39652 7.70455 7.65221 5.56922 0 -0.000202523 -0.00388748 0.00106653 -72.4114 1 0 0 0.000389879 0.00119046 5.61466e-05
13200 194.328 0.0251295 0.00954798 0.000650972 0.00883597 6.10362e-05 1.68237e-09 0.00149207 0.00549675 1.53362 1.4517 1.53019 1.5409 1.11389 -0.396983 7.70453 7.65172 5.56935 0 -0.000191071 -0.00384765 0.00105041 -72.496 1 0 0 0.000385637 0.00117594 5.52478e-05
13205 194.454 0.0251295 0.00949684 0.000648151 0.00878843 6.02662e-05 1.63534e-09 0.00149205 0.00549675 1.53359 1.4517 1.53009 1.54089 1.11392 -0.39744 7.7045 7.65123 5.56949 0 -0.000180149 -0.00380845 0.00103472 -72.5794 1 0 0 0.000381497 0.00116172 5.43733e-05
13210 194.579 0.0251295 0.0094465 0.000645442 0.00874154 5.95196e-05 1.59e-09 0.00149203 0.00549675 1.53356 1.4517 1.53 1.54089 1.11395 -0.39789 7.70448 7.65075 5.56962 0 -0.000169733 -0.00376986 0.00101945 -72.6616 1 0 0 0.000377455 0.0011478 5.35221e-05
13215 194.705 0.0251295 0.00939692 0.00064284 0.00869529 5.87951e-05 1.54629e-09 0.00149201 0.00549675 1.53353 1.4517 1.5299 1.54089 1.11397 -0.398334 7.70446 7.65027 5.56975 0 -0.000159806 -0.00373188 0.00100458 -72.7426 1 0 0 0.000373507 0.00113415 5.26933e-05
13220 194.831 0.0251295 0.00934809 0.000640342 0.00864966 5.80918e-05 1.50413e-09 0.00149199 0.00549675 1.53349 1.4517 1.52981 1.54088 1.114 -0.398772 7.70444 7.6498 5.56987 0 -0.000150346 -0.00369449 0.000990096 -72.8226 1 0 0 0.000369652 0.00112078 5.1886e-05
13225 194.956 0.0251295 0.00929999 0.000637945 0.00860463 5.74085e-05 1.46345e-09 0.00149198 0.00549675 1.53346 1.4517 1.52972 1.54088 1.11402 -0.399204 7.70442 7.64933 5.57 0 -0.000141336 -0.00365767 0.000975988 -72.9015 1 0 0 0.000365885 0.00110767 5.10993e-05
13230 195.082 0.0251295 0.0092526 0.000635646 0.00856021 5.67442e-05 1.4242e-09 0.00149196 0.00549675 1.53343 1.4517 1.52963 1.54087 1.11405 -0.39963 7.7044 7.64887 5.57012 0 -0.000132757 -0.00362141 0.000962241 -72.9793 1 0 0 0.000362205 0.00109482 5.03324e-05
13235 195.207 0.0251295 0.0092059 0.000633442 0.00851636 5.60982e-05 1.38631e-09 0.00149194 0.00549675 1.5334 1.4517 1.52954 1.54087 1.11407 -0.40005 7.70438 7.64841 5.57024 0 -0.000124593 -0.0035857 0.000948845 -73.056 1 0 0 0.000358607 0.00108222 4.95845e-05
13240 195.333 0.0251295 0.00915987 0.000631329 0.00847308 5.54694e-05 1.34972e-09 0.00149192 0.00549675 1.53337 1.4517 1.52945 1.54087 1.11409 -0.400465 7.70437 7.64796 5.57036 0 -0.000116826 -0.00355052 0.000935787 -73.1318 1 0 0 0.000355091 0.00106987 4.88548e-05
13245 195.459 0.0251295 0.00911451 0.000629306 0.00843035 5.4857e-05 1.31439e-09 0.0014919 0.00549675 1.53335 1.4517 1.52936 1.54087 1.11412 -0.400875 7.70435 7.64751 5.57048 0 -0.000109441 -0.00351587 0.000923057 -73.2066 1 0 0 0.000351653 0.00105775 4.81428e-05
13250 195.584 0.0251295 0.00906979 0.000627368 0.00838816 5.42603e-05 1.28026e-09 0.00149189 0.00549675 1.53332 1.4517 1.52927 1.54086 1.11414 -0.401279 7.70434 7.64706 5.5706 0 -0.000102422 -0.00348173 0.000910643 -73.2804 1 0 0 0.00034829 0.00104586 4.74477e-05
13255 195.71 0.0251295 0.00902569 0.000625514 0.0083465 5.36785e-05 1.24729e-09 0.00149187 0.00549675 1.53329 1.4517 1.52919 1.54086 1.11416 -0.401678 7.70433 7.64662 5.57071 0 -9.57557e-05 -0.00344808 0.000898535 -73.3533 1 0 0 0.000345001 0.00103419 4.67689e-05
13260 195.836 0.0251295 0.00898221 0.00062374 0.00830536 5.31109e-05 1.21542e-09 0.00149185 0.00549675 1.53326 1.4517 1.5291 1.54086 1.11418 -0.402072 7.70431 7.64619 5.57083 0 -8.94273e-05 -0.00341493 0.000886723 -73.4252 1 0 0 0.000341783 0.00102274 4.61059e-05
13265 195.961 0.0251295 0.00893933 0.000622045 0.00826472 5.25568e-05 1.18461e-09 0.00149184 0.00549675 1.53323 1.4517 1.52901 1.54086 1.11421 -0.402461 7.7043 7.64575 5.57094 0 -8.34234e-05 -0.00338225 0.000875198 -73.4963 1 0 0 0.000338634 0.00101151 4.54579e-05
13270 196.087 0.0251295 0.00889703 0.000620426 0.00822458 5.20157e-05 1.15483e-09 0.00149182 0.00549675 1.53321 1.4517 1.52893 1.54086 1.11423 -0.402845 7.70429 7.64533 5.57105 0 -7.7731e-05 -0.00335005 0.000863951 -73.5665 1 0 0 0.000335552 0.00100048 4.48246e-05
13275 196.213 0.0251295 0.00885529 0.000618879 0.00818493 5.14869e-05 1.12602e-09 0.0014918 0.00549675 1.53318 1.4517 1.52885 1.54085 1.11425 -0.403225 7.70428 7.6449 5.57116 0 -7.23378e-05 -0.0033183 0.000852973 -73.6358 1 0 0 0.000332534 0.000989644 4.42053e-05
13280 196.338 0.0251295 0.00881412 0.000617404 0.00814575 5.09699e-05 1.09815e-09 0.00149179 0.00549675 1.53315 1.4517 1.52876 1.54085 1.11427 -0.4036 7.70427 7.64448 5.57127 0 -6.72316e-05 -0.00328699 0.000842255 -73.7043 1 0 0 0.000329579 0.000979009 4.35997e-05
13285 196.464 0.0251295 0.00877349 0.000615997 0.00810703 5.04641e-05 1.07119e-09 0.00149177 0.00549675 1.53313 1.4517 1.52868 1.54085 1.11429 -0.403971 7.70427 7.64407 5.57137 0 -6.24011e-05 -0.00325613 0.000831789 -73.772 1 0 0 0.000326685 0.000968563 4.30072e-05
13290 196.59 0.0251295 0.00873339 0.000614657 0.00806877 4.9969e-05 1.04509e-09 0.00149176 0.00549675 1.5331 1.4517 1.5286 1.54085 1.11431 -0.404337 7.70426 7.64365 5.57148 0 -5.78351e-05 -0.0032257 0.000821567 -73.8389 1 0 0 0.00032385 0.000958303 4.24274e-05
13295 196.715 0.0251295 0.00869381 0.000613381 0.00803095 4.94841e-05 1.01983e-09 0.00149174 0.00549675 1.53308 1.4517 1.52852 1.54085 1.11433 -0.404699 7.70425 7.64325 5.57158 0 -5.35231e-05 -0.00319569 0.000811582 -73.905 1 0 0 0.000321072 0.000948223 4.18598e-05
13300 196.841 0.0251295 0.00865474 0.000612167 0.00799357 4.90091e-05 9.95374e-10 0.00149173 0.00549675 1.53305 1.4517 1.52844 1.54085 1.11435 -0.405057 7.70425 7.64284 5.57168 0 -4.94547e-05 -0.00316609 0.000801826 -73.9704 1 0 0 0.00031835 0.00093832 4.13041e-05
13305 196.967 0.0251295 0.00861617 0.000611013 0.00795661 4.85434e-05 9.7169e-10 0.00149171 0.00549675 1.53303 1.4517 1.52836 1.54085 1.11437 -0.405411 7.70424 7.64244 5.57178 0 -4.56202e-05 -0.0031369 0.000792292 -74.035 1 0 0 0.000315681 0.000928589 4.076e-05
13310 197.092 0.0251295 0.00857808 0.000609917 0.00792008 4.80866e-05 9.48749e-10 0.0014917 0.00549675 1.533 1.4517 1.52828 1.54085 1.11439 -0.405761 7.70423 7.64204 5.57188 0 -4.20101e-05 -0.00310811 0.000782974 -74.0989 1 0 0 0.000313065 0.000919024 4.02269e-05
13315 197.218 0.0251295 0.00854047 0.000608877 0.00788395 4.76385e-05 9.26524e-10 0.00149168 0.00549675 1.53298 1.4517 1.52821 1.54084 1.11441 -0.406107 7.70423 7.64165 5.57198 0 -3.86154e-05 -0.0030797 0.000773865 -74.1621 1 0 0 0.000310499 0.000909624 3.97046e-05
13320 197.343 0.0251295 0.00850332 0.000607892 0.00784823 4.71985e-05 9.04987e-10 0.00149167 0.00549675 1.53296 1.4517 1.52813 1.54084 1.11443 -0.406449 7.70422 7.64126 5.57208 0 -3.54271e-05 -0.00305168 0.000764958 -74.2246 1 0 0 0.000307983 0.000900383 3.91927e-05
13325 197.469 0.0251295 0.00846663 0.000606959 0.00781291 4.67664e-05 8.84113e-10 0.00149165 0.00549675 1.53293 1.4517 1.52805 1.54084 1.11445 -0.406788 7.70422 7.64087 5.57218 0 -3.2437e-05 -0.00302403 0.000756247 -74.2864 1 0 0 0.000305514 0.000891297 3.86909e-05
13330 197.595 0.0251295 0.00843039 0.000606077 0.00777797 4.63419e-05 8.63878e-10 0.00149164 0.00549675 1.53291 1.4517 1.52798 1.54084 1.11447 -0.407122 7.70422 7.64049 5.57227 0 -2.96369e-05 -0.00299675 0.000747727 -74.3475 1 0 0 0.000303091 0.000882364 3.8199e-05
13335 197.72 0.0251295 0.00839458 0.000605244 0.00774341 4.59246e-05 8.44259e-10 0.00149162 0.00549675 1.53289 1.4517 1.5279 1.54084 1.11449 -0.407454 7.70421 7.64011 5.57237 0 -2.7019e-05 -0.00296983 0.000739392 -74.408 1 0 0 0.000300714 0.000873579 3.77165e-05
13340 197.846 0.0251295 0.0083592 0.000604458 0.00770923 4.55142e-05 8.25232e-10 0.00149161 0.00549675 1.53287 1.4517 1.52783 1.54084 1.11451 -0.407781 7.70421 7.63974 5.57246 0 -2.45757e-05 -0.00294327 0.000731235 -74.4679 1 0 0 0.00029838 0.000864938 3.72433e-05
13345 197.972 0.0251295 0.00832424 0.000603718 0.00767541 4.51104e-05 8.06776e-10 0.0014916 0.00549675 1.53284 1.4517 1.52776 1.54084 1.11453 -0.408106 7.70421 7.63936 5.57255 0 -2.22998e-05 -0.00291705 0.000723252 -74.5271 1 0 0 0.000296088 0.00085644 3.6779e-05
13350 198.097 0.0251295 0.00828968 0.000603021 0.00764195 4.47131e-05 7.88872e-10 0.00149158 0.00549675 1.53282 1.4517 1.52768 1.54084 1.11454 -0.408427 7.7042 7.639 5.57264 0 -2.01842e-05 -0.00289117 0.000715438 -74.5858 1 0 0 0.000293837 0.000848079 3.63233e-05
13355 198.223 0.0251295 0.00825553 0.000602366 0.00760884 4.43218e-05 7.71499e-10 0.00149157 0.00549675 1.5328 1.4517 1.52761 1.54084 1.11456 -0.408745 7.7042 7.63863 5.57273 0 -1.82221e-05 -0.00286563 0.000707786 -74.6438 1 0 0 0.000291626 0.000839854 3.58761e-05
13360 198.349 0.0251295 0.00822177 0.000601752 0.00757608 4.39365e-05 7.54638e-10 0.00149156 0.00549675 1.53278 1.4517 1.52754 1.54084 1.11458 -0.409059 7.7042 7.63827 5.57282 0 -1.64067e-05 -0.00284041 0.000700292 -74.7012 1 0 0 0.000289454 0.00083176 3.54371e-05
13365 198.474 0.0251295 0.00818839 0.000601177 0.00754366 4.35568e-05 7.38273e-10 0.00149155 0.00549675 1.53276 1.4517 1.52747 1.54084 1.1146 -0.409371 7.7042 7.63791 5.57291 0 -1.47316e-05 -0.00281551 0.000692951 -74.7581 1 0 0 0.000287319 0.000823796 3.50061e-05
13370 198.6 0.0251295 0.0081554 0.000600639 0.00751158 4.31825e-05 7.22385e-10 0.00149153 0.00549675 1.53274 1.4517 1.5274 1.54084 1.11461 -0.409679 7.7042 7.63755 5.573 0 -1.31901e-05 -0.00279092 0.000685757 -74.8144 1 0 0 0.000285221 0.000815957 3.45827e-05
13375 198.726 0.0251295 0.00812277 0.000600136 0.00747982 4.28134e-05 7.0696e-10 0.00149152 0.00549675 1.53272 1.4517 1.52733 1.54084 1.11463 -0.409984 7.7042 7.6372 5.57309 0 -1.17756e-05 -0.00276664 0.000678705 -74.8702 1 0 0 0.000283157 0.000808242 3.41667e-05
13380 198.851 0.0251295 0.0080905 0.000599666 0.00744838 4.24493e-05 6.91981e-10 0.00149151 0.00549675 1.5327 1.4517 1.52726 1.54084 1.11465 -0.410287 7.70419 7.63685 5.57317 0 -1.04808e-05 -0.00274266 0.000671789 -74.9254 1 0 0 0.000281126 0.000800647 3.3758e-05
13385 198.977 0.0251295 0.00805858 0.000599227 0.00741727 4.20898e-05 6.77437e-10 0.0014915 0.00549675 1.53268 1.4517 1.52719 1.54084 1.11467 -0.410586 7.70419 7.6365 5.57326 0 -9.29764e-06 -0.00271896 0.000665002 -74.9801 1 0 0 0.000279128 0.000793169 3.33561e-05
13390 199.103 0.0251295 0.00802701 0.000598815 0.00738646 4.17347e-05 6.63314e-10 0.00149148 0.00549675 1.53266 1.4517 1.52712 1.54084 1.11468 -0.410883 7.70419 7.63616 5.57334 0 -8.216e-06 -0.00269554 0.000658336 -75.0343 1 0 0 0.00027716 0.000785806 3.29609e-05
13395 199.228 0.0251295 0.00799577 0.000598427 0.00735596 4.13837e-05 6.49605e-10 0.00149147 0.00549675 1.53264 1.4517 1.52706 1.54084 1.1147 -0.411177 7.70419 7.63582 5.57342 0 -7.22193e-06 -0.00267237 0.000651781 -75.088 1 0 0 0.00027522 0.000778555 3.25719e-05
13400 199.354 0.0251295 0.00796486 0.000598058 0.00732576 4.10363e-05 6.36303e-10 0.00149146 0.00549675 1.53262 1.4517 1.52699 1.54084 1.11471 -0.411468 7.70419 7.63548 5.57351 0 -6.29373e-06 -0.00264944 0.000645319 -75.1411 1 0 0 0.000273305 0.000771412 3.21886e-05
13405 199.479 0.0251295 0.00793425 0.000597697 0.00729586 4.06917e-05 6.23414e-10 0.00149145 0.00549675 1.5326 1.4517 1.52692 1.54084 1.11473 -0.411757 7.70419 7.63514 5.57359 0 -5.39389e-06 -0.00262669 0.000638926 -75.1938 1 0 0 0.00027141 0.000764374 3.18103e-05
13410 199.605 0.0251295 0.00790394 0.00059733 0.00726626 4.03488e-05 6.10956e-10 0.00149144 0.00549675 1.53258 1.4517 1.52686 1.54084 1.11475 -0.412043 7.70419 7.63481 5.57367 0 -4.45325e-06 -0.00260407 0.000632556 -75.2461 1 0 0 0.000269528 0.000757435 3.14357e-05
13415 199.731 0.0251295 0.00787388 0.00059693 0.00723695 4.00055e-05 5.98977e-10 0.00149143 0.00549675 1.53256 1.4517 1.52679 1.54084 1.11476 -0.412326 7.70419 7.63448 5.57375 0 -3.3424e-06 -0.00258145 0.000626129 -75.2979 1 0 0 0.000267645 0.000750593 3.10628e-05
13420 199.856 0.0251295 0.00784405 0.000596447 0.00720794 3.9658e-05 5.87577e-10 0.00149141 0.00549675 1.53254 1.4517 1.52673 1.54084 1.11478 -0.412608 7.70419 7.63416 5.57383 0 -1.84114e-06 -0.0025586 0.0006195 -75.3493 1 0 0 0.000265739 0.000743843 3.06878e-05
13425 199.982 0.0251295 0.00781438 0.000595803 0.00717928 3.93006e-05 5.76902e-10 0.0014914 0.00549675 1.53253 1.4517 1.52666 1.54084 1.11479 -0.412887 7.70419 7.63383 5.5739 0 2.89976e-07 -0.00253512 0.000612448 -75.4003 1 0 0 0.000263772 0.0007372 3.03054e-05
13430 200.108 0.0251295 0.00778489 0.000594903 0.00715106 3.89265e-05 5.67003e-10 0.00149139 0.00549675 1.53251 1.4517 1.5266 1.54084 1.11481 -0.413165 7.70419 7.63351 5.57398 0 2.77751e-06 -0.00251045 0.000604794 -75.451 1 0 0 0.000261703 0.000730695 2.99099e-05
13435 200.233 0.0251295 0.00775574 0.000593736 0.00712347 3.85364e-05 5.5745e-10 0.00149138 0.00549675 1.53249 1.4517 1.52654 1.54084 1.11482 -0.413441 7.70419 7.63319 5.57406 0 3.65064e-06 -0.00248394 0.000596687 -75.5014 1 0 0 0.000259534 0.000724324 2.95034e-05
13440 200.359 0.0251295 0.00772739 0.000592486 0.00709676 3.81501e-05 5.4758e-10 0.00149137 0.00549675 1.53247 1.4517 1.52648 1.54084 1.11484 -0.413714 7.70419 7.63288 5.57413 0 -1.60811e-06 -0.00245322 0.000588145 -75.5513 1 0 0 0.00025735 0.000718295 2.91012e-05
13445 200.485 0.0251295 0.00770247 0.000591669 0.00707296 3.7844e-05 5.42042e-10 0.00149136 0.00549675 1.53245 1.4517 1.52642 1.54084 1.11485 -0.413981 7.70419 7.63257 5.57421 0 -3.82803e-05 -0.00239007 0.000573972 -75.6 1 0 0 0.000255414 0.000726132 2.87488e-05
13450 200.61 0.0251295 0.00849414 0.000657223 0.00779085 4.60633e-05 5.48483e-09 0.00149135 0.00549675 1.53243 1.4517 1.52637 1.54082 1.11487 -0.414089 7.70417 7.63228 5.57428 0 -0.00149182 -0.000842862 0.000372133 -75.6197 1 0 0 0.000321493 0.00389539 4.18304e-05
