# vtk DataFile Version 4.0
vtk output
ASCII
DATASET UNSTRUCTURED_GRID

POINTS 1102 float
1.789497339555959e-02 -2.582573947584362e-01 0.000000000000000e+00 
-1.588982043613666e-02 -2.529049646365490e-01 0.000000000000000e+00 
5.615763538541122e-03 -2.263255045133770e-01 0.000000000000000e+00 
-6.650121512379888e-03 -1.944110225976159e-01 0.000000000000000e+00 
-2.815617178347266e-02 -2.209908482848764e-01 0.000000000000000e+00 
3.455611224046924e-01 -1.978901354747473e-01 0.000000000000000e+00 
3.072105756781886e-01 -1.859277148802892e-01 0.000000000000000e+00 
3.137759310004164e-01 -2.190152775987240e-01 0.000000000000000e+00 
2.831108765982312e-01 -2.103734234579132e-01 0.000000000000000e+00 
2.904332882449574e-01 -2.396188776969916e-01 0.000000000000000e+00 
-1.714737734363024e-01 -3.500470407761290e-01 0.000000000000000e+00 
-1.479794706358268e-01 -3.739040828906162e-01 0.000000000000000e+00 
-1.743758879495856e-01 -3.930560388822356e-01 0.000000000000000e+00 
-1.425962897773875e-01 -4.056677188805184e-01 0.000000000000000e+00 
-1.709907040492967e-01 -4.307332387487302e-01 0.000000000000000e+00 
-2.045348514899436e-01 -4.149787183913924e-01 0.000000000000000e+00 
1.294885896855122e-01 -3.736047304974192e-01 0.000000000000000e+00 
1.148197073009292e-01 -3.386193131547024e-01 0.000000000000000e+00 
8.693007554040703e-02 -3.580891118452630e-01 0.000000000000000e+00 
1.014020149289707e-01 -3.878278953806382e-01 0.000000000000000e+00 
1.530199946998290e-01 -3.474581255130756e-01 0.000000000000000e+00 
7.686224462237724e-02 -3.283630829599708e-01 0.000000000000000e+00 
1.263556179653071e-01 -4.110161284044768e-01 0.000000000000000e+00 
-2.821375518687942e-01 2.775552674877990e-01 0.000000000000000e+00 
-2.556314725111622e-01 3.031462229188028e-01 0.000000000000000e+00 
-2.673491350655138e-01 2.393211479346938e-01 0.000000000000000e+00 
-2.456187619987152e-01 2.655375537327070e-01 0.000000000000000e+00 
-2.244085029865228e-01 2.896443831164656e-01 0.000000000000000e+00 
-2.336817344501816e-01 2.315119053313502e-01 0.000000000000000e+00 
-2.121428592829170e-01 2.577296323431532e-01 0.000000000000000e+00 
-3.328596101671882e-01 -1.687662251315762e-01 0.000000000000000e+00 
-3.682605425838832e-01 -1.582729149960578e-01 0.000000000000000e+00 
-3.785160430739592e-01 -1.281669263060422e-01 0.000000000000000e+00 
-3.562652602421824e-01 -1.889510342969846e-01 0.000000000000000e+00 
-3.895113692761740e-01 -1.821562329556692e-01 0.000000000000000e+00 
-4.027524042555524e-01 -1.506336644524461e-01 0.000000000000000e+00 
3.853175501220352e-01 1.084054208364484e-01 0.000000000000000e+00 
3.650037489621146e-01 7.662756824244758e-02 0.000000000000000e+00 
3.781671306245102e-01 4.718818428907056e-02 0.000000000000000e+00 
3.960365331216446e-01 7.643562849302422e-02 0.000000000000000e+00 
4.057715303249744e-01 4.863992281044872e-02 0.000000000000000e+00 
4.245713970326234e-01 6.811115049510254e-02 0.000000000000000e+00 
3.925091757612502e-01 -7.924337771340814e-02 0.000000000000000e+00 
3.575272682894160e-01 -7.310408242526494e-02 0.000000000000000e+00 
3.684441303722560e-01 -1.047003554918478e-01 0.000000000000000e+00 
3.803221257427210e-01 -1.361350582242769e-01 0.000000000000000e+00 
3.635857072679242e-01 -1.658921529070257e-01 0.000000000000000e+00 
3.964453175331288e-01 -1.665266050997756e-01 0.000000000000000e+00 
3.939275508564320e-01 -1.117017505852071e-01 0.000000000000000e+00 
-1.139007656433601e-01 -3.258135883587118e-01 0.000000000000000e+00 
-9.261416170978638e-02 -3.004718384237554e-01 0.000000000000000e+00 
-1.264456679446914e-01 -2.954009563854610e-01 0.000000000000000e+00 
-8.034314922605970e-02 -3.326018863168366e-01 0.000000000000000e+00 
-1.049299417870538e-01 -2.687733166241350e-01 0.000000000000000e+00 
-1.387119229269020e-01 -2.634806980359226e-01 0.000000000000000e+00 
-1.602179813607238e-01 -2.900605794491156e-01 0.000000000000000e+00 
-1.108273468921474e-01 2.417249816645138e-01 0.000000000000000e+00 
-7.705572825167850e-02 2.363888379140766e-01 0.000000000000000e+00 
-8.932227281328935e-02 2.682990803225502e-01 0.000000000000000e+00 
-1.323334212721462e-01 2.151451876366290e-01 0.000000000000000e+00 
-1.876113009464176e-01 1.939002349228038e-01 0.000000000000000e+00 
-1.998770984592873e-01 2.258150130159956e-01 0.000000000000000e+00 
-2.213831303676814e-01 1.992351079209771e-01 0.000000000000000e+00 
-1.661052506934057e-01 2.204800606348042e-01 0.000000000000000e+00 
-1.753455217781681e-01 1.619855362126295e-01 0.000000000000000e+00 
-1.538394715251577e-01 1.885653619246302e-01 0.000000000000000e+00 
-9.512184748708963e-03 2.257205266568594e-01 0.000000000000000e+00 
2.753652707639706e-03 1.938057655292226e-01 0.000000000000000e+00 
-3.101800954187080e-02 1.991403393243266e-01 0.000000000000000e+00 
-4.328377914141416e-02 2.310550727760572e-01 0.000000000000000e+00 
5.181711134630970e-02 6.614701027123000e-02 0.000000000000000e+00 
3.031101382575108e-02 3.956707594095792e-02 0.000000000000000e+00 
6.408283564907678e-02 3.423221133537504e-02 0.000000000000000e+00 
8.558889678038742e-02 6.081204264223584e-02 0.000000000000000e+00 
1.804525866605061e-02 7.148175133754039e-02 0.000000000000000e+00 
9.785465951978276e-02 2.889733333491936e-02 0.000000000000000e+00 
-3.043818879460282e-01 2.506596769291154e-03 0.000000000000000e+00 
-2.706099938749832e-01 -2.828291057550960e-03 0.000000000000000e+00 
-3.166476024644938e-01 3.442128065079772e-02 0.000000000000000e+00 
-3.380482754014452e-01 7.756152532452580e-03 0.000000000000000e+00 
-3.258704654355302e-01 -2.408742200112464e-02 0.000000000000000e+00 
-3.289133816327420e-01 6.633597936097260e-02 0.000000000000000e+00 
-2.828757730432318e-01 2.908640765262360e-02 0.000000000000000e+00 
-2.951415793869372e-01 6.100111006802988e-02 0.000000000000000e+00 
-1.877750477807188e-01 -1.358219588964183e-01 0.000000000000000e+00 
-1.662690814545380e-01 -1.092420899334495e-01 0.000000000000000e+00 
-6.495345529541430e-02 -1.252465794592816e-01 0.000000000000000e+00 
-4.344744979582382e-02 -9.866682929461627e-02 0.000000000000000e+00 
-1.845857928629314e-01 1.034910117904543e-01 0.000000000000000e+00 
-2.183576428055158e-01 1.088258646121501e-01 0.000000000000000e+00 
-2.060918431159442e-01 7.691118607845319e-02 0.000000000000000e+00 
-2.091173511994306e-01 1.673204092108029e-01 0.000000000000000e+00 
-2.306234014524434e-01 1.407405834988012e-01 0.000000000000000e+00 
-1.968515720311808e-01 1.354057105006287e-01 0.000000000000000e+00 
-3.221277880495916e-01 -1.142073710964758e-01 0.000000000000000e+00 
-3.012838230290448e-01 -8.788016620122641e-02 0.000000000000000e+00 
-3.100812155819546e-01 -1.461806880161664e-01 0.000000000000000e+00 
-2.890905968346588e-01 -1.198172739807399e-01 0.000000000000000e+00 
-2.675724999914668e-01 -9.323362578876802e-02 0.000000000000000e+00 
-2.553187066232390e-01 -1.251522129000731e-01 0.000000000000000e+00 
-3.436667259127136e-01 -1.377454010572389e-01 0.000000000000000e+00 
-2.613697301759244e-01 5.566622747234742e-02 0.000000000000000e+00 
-2.275978686362538e-01 5.033134035492998e-02 0.000000000000000e+00 
-2.398637166138448e-01 8.224603795436786e-02 0.000000000000000e+00 
-2.153321142007078e-01 1.841666165627743e-02 0.000000000000000e+00 
-2.491039436219700e-01 2.375153465445030e-02 0.000000000000000e+00 
3.333651302847594e-02 -5.084211254829792e-02 0.000000000000000e+00 
2.107069174813110e-02 -1.892744933093222e-02 0.000000000000000e+00 
5.484255051862210e-02 -2.426231137977622e-02 0.000000000000000e+00 
6.710831546403660e-02 -5.617700873002346e-02 0.000000000000000e+00 
7.634857142240484e-02 2.317503382898552e-03 0.000000000000000e+00 
4.257674200114238e-02 7.652376381069894e-03 0.000000000000000e+00 
4.560233369134200e-02 -8.275679712113768e-02 0.000000000000000e+00 
1.183042066336860e-02 -7.742197375310816e-02 0.000000000000000e+00 
-2.798165235871688e-01 -6.132006306025304e-02 0.000000000000000e+00 
-3.135030121887496e-01 -5.599817209534134e-02 0.000000000000000e+00 
-2.920878361204328e-01 -2.941164355691666e-02 0.000000000000000e+00 
-2.583443142291482e-01 -3.474293695773356e-02 0.000000000000000e+00 
-2.460784355384836e-01 -6.665768847789912e-02 0.000000000000000e+00 
-3.466958749965810e-01 -5.070056551190644e-02 0.000000000000000e+00 
-9.251057568390784e-02 2.899186837375774e-02 0.000000000000000e+00 
-8.024476236251377e-02 -2.922825589654094e-03 0.000000000000000e+00 
-4.647296709439350e-02 -8.257703334588277e-03 0.000000000000000e+00 
-1.140166005989020e-01 2.412056995725696e-03 0.000000000000000e+00 
-1.017508585269688e-01 -2.950263186952244e-02 0.000000000000000e+00 
1.070948915815396e-01 8.739184605579801e-02 0.000000000000000e+00 
5.779404496390768e-03 1.033964725115911e-01 0.000000000000000e+00 
3.955123391765848e-02 9.806159951341954e-02 0.000000000000000e+00 
7.332310166944050e-02 9.272696916195568e-02 0.000000000000000e+00 
2.728545474940214e-02 1.299762982235934e-01 0.000000000000000e+00 
6.105728417069944e-02 1.246414252254097e-01 0.000000000000000e+00 
2.590149578579836e-03 -1.359164981752850e-01 0.000000000000000e+00 
2.409620833631456e-02 -1.093366785012320e-01 0.000000000000000e+00 
-9.675629589641604e-03 -1.040017994651094e-01 0.000000000000000e+00 
5.786803013557560e-02 -1.146715036326148e-01 0.000000000000000e+00 
7.013380506926414e-02 -1.465862199635867e-01 0.000000000000000e+00 
1.485590025330802e-02 -1.678311347116591e-01 0.000000000000000e+00 
3.636195324849046e-02 -1.412513258806253e-01 0.000000000000000e+00 
1.438922439175662e-01 -8.352246017477957e-03 0.000000000000000e+00 
1.316264452243494e-01 2.356246084811264e-02 0.000000000000000e+00 
1.193607031779036e-01 5.547714816985112e-02 0.000000000000000e+00 
1.531325483234457e-01 5.014228855584768e-02 0.000000000000000e+00 
1.408667756992694e-01 8.205698210156027e-02 0.000000000000000e+00 
1.653982805182048e-01 1.822758309871808e-02 0.000000000000000e+00 
1.869043620851024e-01 4.480741891500722e-02 0.000000000000000e+00 
1.131459089271581e-01 -9.342659274762256e-02 0.000000000000000e+00 
7.937408681041036e-02 -8.809169035966746e-02 0.000000000000000e+00 
9.163981820618808e-02 -1.200063424233218e-01 0.000000000000000e+00 
-2.185213691184862e-01 -2.208963090305962e-01 0.000000000000000e+00 
-2.092811448681844e-01 -1.624017507570436e-01 0.000000000000000e+00 
-2.307871937739916e-01 -1.889815819129221e-01 0.000000000000000e+00 
-1.970153188654749e-01 -1.943164833185935e-01 0.000000000000000e+00 
-1.847495619987861e-01 -2.262311556036498e-01 0.000000000000000e+00 
2.482098004861466e-01 -1.147474882409743e-01 0.000000000000000e+00 
2.697174356188760e-01 -8.816904450080180e-02 0.000000000000000e+00 
2.359634337008966e-01 -8.284842165385611e-02 0.000000000000000e+00 
2.574734976973678e-01 -5.627156031779868e-02 0.000000000000000e+00 
2.267170301851246e-01 -1.413379400967047e-01 0.000000000000000e+00 
2.144613971914454e-01 -1.094312117418873e-01 0.000000000000000e+00 
-2.430530263362012e-01 -1.570668495702168e-01 0.000000000000000e+00 
-2.518241641302086e-01 -2.153597395755494e-01 0.000000000000000e+00 
-2.768247568762592e-01 -1.517320386120698e-01 0.000000000000000e+00 
-2.983125329320450e-01 -1.781951725241707e-01 0.000000000000000e+00 
-2.645590364311602e-01 -1.836467077012028e-01 0.000000000000000e+00 
1.161714170112784e-01 -1.838358158799042e-01 0.000000000000000e+00 
1.284371961795888e-01 -2.157505145900560e-01 0.000000000000000e+00 
1.039056005785608e-01 -1.519210254889451e-01 0.000000000000000e+00 
8.239959248013207e-02 -1.785007902417988e-01 0.000000000000000e+00 
9.466544503068403e-02 -2.104155384514354e-01 0.000000000000000e+00 
9.869709268283128e-02 -3.021198214119380e-01 0.000000000000000e+00 
1.314627042632410e-01 -3.061597377224002e-01 0.000000000000000e+00 
1.191971031982399e-01 -2.742449728380304e-01 0.000000000000000e+00 
1.652345369027227e-01 -3.114946094836936e-01 0.000000000000000e+00 
1.529689325857641e-01 -2.795799172012932e-01 0.000000000000000e+00 
1.591835175172097e-01 -1.306761644558215e-01 0.000000000000000e+00 
1.376774472532432e-01 -1.572559764811393e-01 0.000000000000000e+00 
1.714492904392593e-01 -1.625908859879329e-01 0.000000000000000e+00 
1.929553469384828e-01 -1.360110374539303e-01 0.000000000000000e+00 
1.254116598738128e-01 -1.253412617677756e-01 0.000000000000000e+00 
1.837150703860906e-01 -1.945055910271920e-01 0.000000000000000e+00 
2.052211261067904e-01 -1.679257361640826e-01 0.000000000000000e+00 
1.499432464325538e-01 -1.891706888780146e-01 0.000000000000000e+00 
-1.906368511109049e-01 2.843093925596772e-01 0.000000000000000e+00 
-1.783710298616542e-01 2.523947593449780e-01 0.000000000000000e+00 
-1.568649796086386e-01 2.789745850569790e-01 0.000000000000000e+00 
-1.693797136479692e-01 3.093136075493874e-01 0.000000000000000e+00 
-2.010968265759594e-01 3.153548337488800e-01 0.000000000000000e+00 
-1.445992004403925e-01 2.470598863468038e-01 0.000000000000000e+00 
-1.230931501873772e-01 2.736397120588018e-01 0.000000000000000e+00 
1.806895677701727e-01 -1.040963387437795e-01 0.000000000000000e+00 
2.021956180231344e-01 -7.751651303173628e-02 0.000000000000000e+00 
1.899298053969671e-01 -4.560186680393934e-02 0.000000000000000e+00 
2.237016682760956e-01 -5.093668731969372e-02 0.000000000000000e+00 
1.684237719573709e-01 -7.218165956634837e-02 0.000000000000000e+00 
1.469177269305156e-01 -9.876147277221096e-02 0.000000000000000e+00 
-1.630797426099183e-01 1.300708375024553e-01 0.000000000000000e+00 
-1.415736923569051e-01 1.566506632144571e-01 0.000000000000000e+00 
-1.293079131886572e-01 1.247359645042818e-01 0.000000000000000e+00 
-1.508139634416691e-01 9.815613879228086e-02 0.000000000000000e+00 
3.280411054346812e-01 1.726046882296118e-01 0.000000000000000e+00 
2.817329564156616e-01 2.075855339008856e-01 0.000000000000000e+00 
2.944256796867220e-01 1.777029290142479e-01 0.000000000000000e+00 
3.148959815654242e-01 2.019759423329296e-01 0.000000000000000e+00 
3.066579139845852e-01 1.457747258048462e-01 0.000000000000000e+00 
-1.509777291127244e-01 -2.315660225744370e-01 0.000000000000000e+00 
-1.172042106733226e-01 -2.368937090372358e-01 0.000000000000000e+00 
-1.294716600229503e-01 -2.049862293149326e-01 0.000000000000000e+00 
-9.569980699485157e-02 -2.103210582238518e-01 0.000000000000000e+00 
-1.632435378728105e-01 -1.996513132791917e-01 0.000000000000000e+00 
-1.016005422719489e-01 3.001354668414056e-01 0.000000000000000e+00 
-1.354006321359666e-01 3.052916876318000e-01 0.000000000000000e+00 
-1.138528791026811e-01 3.321342364809236e-01 0.000000000000000e+00 
-8.011299737758522e-02 3.265983381204340e-01 0.000000000000000e+00 
-1.266309584147753e-01 3.567467418948526e-01 0.000000000000000e+00 
-2.885723241943868e-01 3.187883525304048e-01 0.000000000000000e+00 
-2.623323127845266e-01 3.407077305684760e-01 0.000000000000000e+00 
-2.322192374933484e-01 3.278674807471572e-01 0.000000000000000e+00 
-3.237292569216566e-01 3.309744293149972e-01 0.000000000000000e+00 
-2.970728785167278e-01 3.559000813417094e-01 0.000000000000000e+00 
9.330088748571774e-02 -4.197558152001916e-01 0.000000000000000e+00 
6.697526073444587e-02 -3.898784097546284e-01 0.000000000000000e+00 
5.965627875530060e-02 -4.258416705831756e-01 0.000000000000000e+00 
1.181871519648516e-01 -4.470005099340526e-01 0.000000000000000e+00 
8.220169698315742e-02 -4.558071269564538e-01 0.000000000000000e+00 
4.593854826469322e-02 -4.612934419791890e-01 0.000000000000000e+00 
-2.062555960728296e-01 -2.528109869012396e-01 0.000000000000000e+00 
-1.939898107819862e-01 -2.847257064509436e-01 0.000000000000000e+00 
-1.724837605289732e-01 -2.581458807389412e-01 0.000000000000000e+00 
-2.072287220075634e-01 -3.411338149012678e-01 0.000000000000000e+00 
-1.827812840180472e-01 -3.158458997923416e-01 0.000000000000000e+00 
-2.156541645110994e-01 -3.098909641305476e-01 0.000000000000000e+00 
-2.265335334483730e-01 -2.789187656318976e-01 0.000000000000000e+00 
-3.112940337866614e-01 1.827204055702704e-01 0.000000000000000e+00 
-3.325776015162326e-01 1.562676953646811e-01 0.000000000000000e+00 
-3.332921178868296e-01 2.083408129571070e-01 0.000000000000000e+00 
-3.534368487502456e-01 1.833777099760739e-01 0.000000000000000e+00 
-3.701243920332590e-01 1.554143201288491e-01 0.000000000000000e+00 
-3.523851127067484e-01 1.282068648950270e-01 0.000000000000000e+00 
3.986809209478946e-01 1.606332343158318e-02 0.000000000000000e+00 
4.300000000000000e-01 0.000000000000000e+00 0.000000000000000e+00 
4.286407007763192e-01 3.416357179783724e-02 0.000000000000000e+00 
4.054104412375476e-01 -1.561664081860253e-02 0.000000000000000e+00 
4.286407007763192e-01 -3.416357179783778e-02 0.000000000000000e+00 
1.561579996682519e-01 -4.026698786701362e-02 0.000000000000000e+00 
1.346519459261694e-01 -6.684678438975145e-02 0.000000000000000e+00 
1.223861800122773e-01 -3.493206832537112e-02 0.000000000000000e+00 
1.101203904155248e-01 -3.017333418618616e-03 0.000000000000000e+00 
8.861437305743912e-02 -2.959718112888422e-02 0.000000000000000e+00 
1.008801349705287e-01 -6.151188720740990e-02 0.000000000000000e+00 
-1.815602847794456e-01 1.308178865810428e-02 0.000000000000000e+00 
-1.600542311775495e-01 3.966160612903810e-02 0.000000000000000e+00 
-1.385481842734200e-01 6.624144008210624e-02 0.000000000000000e+00 
-1.262824088348767e-01 3.432671776125646e-02 0.000000000000000e+00 
-1.047763548521574e-01 6.090656708393230e-02 0.000000000000000e+00 
-1.723200136946821e-01 7.157631308027985e-02 0.000000000000000e+00 
-1.938260639476950e-01 4.499648736827860e-02 0.000000000000000e+00 
-3.217669304543796e-01 2.377101870340022e-01 0.000000000000000e+00 
-3.354246425196422e-01 2.690544725340396e-01 0.000000000000000e+00 
-2.945157637954072e-01 2.502810380161514e-01 0.000000000000000e+00 
-3.129878884588834e-01 2.948534918871568e-01 0.000000000000000e+00 
-3.101063826489018e-01 2.685413678684232e-01 0.000000000000000e+00 
-2.050530256142560e-01 -3.779593320536474e-01 0.000000000000000e+00 
-2.344337520299452e-01 -3.604730446360200e-01 0.000000000000000e+00 
-2.345742328828840e-01 -3.315833130998870e-01 0.000000000000000e+00 
-2.623323127845240e-01 -3.407077305684782e-01 0.000000000000000e+00 
-2.680659284561868e-01 -3.774723336197748e-01 0.000000000000000e+00 
-2.972711307246094e-01 -3.556775761506350e-01 0.000000000000000e+00 
-2.371864490643194e-01 -3.982542878628652e-01 0.000000000000000e+00 
-2.496691684138192e-02 1.832212237741342e-02 0.000000000000000e+00 
-1.270113767313116e-02 -1.359257633276035e-02 0.000000000000000e+00 
8.804912579880466e-03 1.298724937924165e-02 0.000000000000000e+00 
-3.460788867304226e-03 4.490193280246244e-02 0.000000000000000e+00 
2.511166517051128e-01 -2.050590568389700e-01 0.000000000000000e+00 
2.174565036668018e-01 -1.998156312433813e-01 0.000000000000000e+00 
2.297527266242048e-01 -2.317551401228588e-01 0.000000000000000e+00 
2.629023723607552e-01 -2.365787173691456e-01 0.000000000000000e+00 
3.438125665988012e-01 5.006479613151646e-02 0.000000000000000e+00 
3.097783698887820e-01 5.538557915208808e-02 0.000000000000000e+00 
3.311000555704270e-01 8.189176710566412e-02 0.000000000000000e+00 
3.187489495548612e-01 1.137895790721425e-01 0.000000000000000e+00 
2.974469342977218e-01 8.728625212132939e-02 0.000000000000000e+00 
3.525919717786564e-01 1.098719129846950e-01 0.000000000000000e+00 
-2.368381644537204e-01 -8.163164055724096e-03 0.000000000000000e+00 
-2.245723852854694e-01 -4.007786276589750e-02 0.000000000000000e+00 
-2.030663350324578e-01 -1.349803705389658e-02 0.000000000000000e+00 
-1.908005558642076e-01 -4.541273576407030e-02 0.000000000000000e+00 
1.407029753478966e-01 -2.476652133002080e-01 0.000000000000000e+00 
1.622090256008600e-01 -2.210853875881674e-01 0.000000000000000e+00 
1.744749280105583e-01 -2.530000800235466e-01 0.000000000000000e+00 
1.959808907774875e-01 -2.264202607327230e-01 0.000000000000000e+00 
1.867405839374761e-01 -2.849147850084706e-01 0.000000000000000e+00 
2.082467150493016e-01 -2.583349423191964e-01 0.000000000000000e+00 
4.879150500241108e-02 1.565561239355976e-01 0.000000000000000e+00 
3.652572583415546e-02 1.884708226457702e-01 0.000000000000000e+00 
2.425994666589536e-02 2.203855213559390e-01 0.000000000000000e+00 
1.040694247294837e-01 1.778010330416152e-01 0.000000000000000e+00 
9.180350731835150e-02 2.097158548063512e-01 0.000000000000000e+00 
7.029755525540388e-02 1.831359496476019e-01 0.000000000000000e+00 
8.256333442368465e-02 1.512212509374379e-01 0.000000000000000e+00 
5.803179458677004e-02 2.150505907635306e-01 0.000000000000000e+00 
-1.692945056111958e-01 -1.883291005206984e-02 0.000000000000000e+00 
-1.570287640260253e-01 -5.074756989992606e-02 0.000000000000000e+00 
-1.355226761899338e-01 -2.416778305024298e-02 0.000000000000000e+00 
-1.477884553581835e-01 7.746915659931100e-03 0.000000000000000e+00 
-1.447629826116166e-01 -8.266227468113854e-02 0.000000000000000e+00 
-1.232569163605091e-01 -5.608245488385380e-02 0.000000000000000e+00 
-2.941993332986024e-01 2.139455008263990e-01 0.000000000000000e+00 
-2.768046609521948e-01 1.778892809717836e-01 0.000000000000000e+00 
-2.429172070248958e-01 1.726355066897083e-01 0.000000000000000e+00 
-2.644192538125862e-01 1.460585487470923e-01 0.000000000000000e+00 
-2.560624127308864e-01 2.052231735703358e-01 0.000000000000000e+00 
-2.981670602949640e-01 1.514103294951482e-01 0.000000000000000e+00 
-4.353490360185698e-04 -4.550725650719306e-02 0.000000000000000e+00 
-2.194141543734254e-02 -7.208702376616873e-02 0.000000000000000e+00 
-3.420718792614294e-02 -4.017240204476216e-02 0.000000000000000e+00 
-6.797900784510449e-02 -3.483747039259292e-02 0.000000000000000e+00 
-5.571324579734840e-02 -6.675218883288660e-02 0.000000000000000e+00 
1.501967558114809e-02 1.618909969337667e-01 0.000000000000000e+00 
-1.875215384011403e-02 1.672258699319369e-01 0.000000000000000e+00 
-4.025820409312252e-02 1.406460442199362e-01 0.000000000000000e+00 
-6.486374671860312e-03 1.353111712217648e-01 0.000000000000000e+00 
-2.799242492487152e-02 1.087313455097625e-01 0.000000000000000e+00 
-1.109911438406814e-01 -8.799714954602378e-02 0.000000000000000e+00 
-7.721932628247750e-02 -9.333196072741640e-02 0.000000000000000e+00 
-8.948506760042602e-02 -6.141735475858258e-02 0.000000000000000e+00 
-9.872537289298126e-02 -1.199117676787023e-01 0.000000000000000e+00 
-8.645962950832135e-02 -1.518264567289080e-01 0.000000000000000e+00 
-1.324971681064442e-01 -1.145770061825887e-01 0.000000000000000e+00 
-7.403003351438323e-02 1.459809172181093e-01 0.000000000000000e+00 
-8.629581268263171e-02 1.778956159282835e-01 0.000000000000000e+00 
-1.078018629356429e-01 1.513157902162824e-01 0.000000000000000e+00 
-5.252392291355632e-02 1.725604575036057e-01 0.000000000000000e+00 
-6.478990097108650e-02 2.044755284702204e-01 0.000000000000000e+00 
-1.200676421038981e-01 1.832304889264552e-01 0.000000000000000e+00 
-9.856156107095682e-02 2.098101884996100e-01 0.000000000000000e+00 
2.452077185290528e-01 -2.435686160765000e-02 0.000000000000000e+00 
2.667137687820150e-01 2.222964104390316e-03 0.000000000000000e+00 
2.329419393607446e-01 7.557837102500120e-03 0.000000000000000e+00 
2.912453271186408e-01 -6.160643331590062e-02 0.000000000000000e+00 
2.789795479503206e-01 -2.969173460575440e-02 0.000000000000000e+00 
4.576599691890134e-02 2.469653470679452e-01 0.000000000000000e+00 
6.727203827708562e-02 2.735451132890104e-01 0.000000000000000e+00 
3.350020376448856e-02 2.788799753790840e-01 0.000000000000000e+00 
1.199412025425431e-02 2.523000569793308e-01 0.000000000000000e+00 
5.500624636614138e-02 3.054598163185708e-01 0.000000000000000e+00 
8.877809742488511e-02 3.001249984919636e-01 0.000000000000000e+00 
7.651228819572845e-02 3.320396648265704e-01 0.000000000000000e+00 
1.163352200081169e-01 1.458863548622051e-01 0.000000000000000e+00 
1.501069932662288e-01 1.405515049411939e-01 0.000000000000000e+00 
9.482917519160045e-02 1.193065408525744e-01 0.000000000000000e+00 
1.286009430132444e-01 1.139716792291459e-01 0.000000000000000e+00 
-1.079656169385958e-01 -1.784063681900480e-01 0.000000000000000e+00 
-1.202314957520231e-01 -1.464916266904593e-01 0.000000000000000e+00 
-1.417374391912057e-01 -1.730715306047610e-01 0.000000000000000e+00 
-7.419385023112025e-02 -1.837411404214958e-01 0.000000000000000e+00 
-1.755093545418182e-01 -1.677366169290914e-01 0.000000000000000e+00 
-1.540033001566305e-01 -1.411569812651630e-01 0.000000000000000e+00 
6.424653908836885e-02 3.639543959123012e-01 0.000000000000000e+00 
4.268462746116704e-02 3.370212831098730e-01 0.000000000000000e+00 
2.122502976389396e-02 3.107356124578842e-01 0.000000000000000e+00 
8.834993035313602e-03 3.418637266325598e-01 0.000000000000000e+00 
3.014001907446744e-02 3.671705747895236e-01 0.000000000000000e+00 
-6.423755000244824e-03 3.723952744010178e-01 0.000000000000000e+00 
2.391418704258006e-01 1.564040875707713e-01 0.000000000000000e+00 
2.729152510441620e-01 1.511214108350129e-01 0.000000000000000e+00 
2.176506521087726e-01 1.298817589450019e-01 0.000000000000000e+00 
2.514224815299528e-01 1.245468859468635e-01 0.000000000000000e+00 
2.636798073763848e-01 9.262773998746777e-02 0.000000000000000e+00 
2.851560536601554e-01 1.191958196643893e-01 0.000000000000000e+00 
-1.891590067449536e-02 -1.624963238871903e-01 0.000000000000000e+00 
-3.118167984264300e-02 -1.305816251771058e-01 0.000000000000000e+00 
-5.268769651294640e-02 -1.571613241407077e-01 0.000000000000000e+00 
-4.042195092549788e-02 -1.890761495982889e-01 0.000000000000000e+00 
6.408693371449942e-02 -2.957056734554652e-01 0.000000000000000e+00 
5.167199705907624e-02 -2.635993784757844e-01 0.000000000000000e+00 
3.019881054661966e-02 -2.902235866883020e-01 0.000000000000000e+00 
-3.614880347112318e-03 -2.848311542111742e-01 0.000000000000000e+00 
8.641165746459584e-03 -3.167349444401104e-01 0.000000000000000e+00 
4.255407494790562e-02 -3.222653578623310e-01 0.000000000000000e+00 
-6.176426341478334e-02 1.140662150225784e-01 0.000000000000000e+00 
-8.327030459914359e-02 8.748639279593293e-02 0.000000000000000e+00 
-9.553608376739270e-02 1.194010915061078e-01 0.000000000000000e+00 
-1.170421340204063e-01 9.282126579410679e-02 0.000000000000000e+00 
1.993968496057197e-01 -3.182455997132298e-01 0.000000000000000e+00 
1.893043530225877e-01 -3.520366316279054e-01 0.000000000000000e+00 
1.898645642328426e-01 -3.858127100662610e-01 0.000000000000000e+00 
2.199172560144722e-01 -3.695083226492538e-01 0.000000000000000e+00 
1.640578409720864e-01 -3.717172338399994e-01 0.000000000000000e+00 
1.735727184776741e-01 -3.343825783152470e-01 0.000000000000000e+00 
2.194528248922046e-01 -3.413955468457710e-01 0.000000000000000e+00 
2.483971487768734e-01 2.149562650033906e-01 0.000000000000000e+00 
2.605866213550736e-01 1.827009294127058e-01 0.000000000000000e+00 
2.268909231933982e-01 1.883762833671766e-01 0.000000000000000e+00 
1.931191432403721e-01 1.937111479414516e-01 0.000000000000000e+00 
2.146251440250856e-01 2.202909820773266e-01 0.000000000000000e+00 
1.808533676827627e-01 2.256258290662620e-01 0.000000000000000e+00 
-2.521294761023390e-01 1.141607799236920e-01 0.000000000000000e+00 
-2.859012811267160e-01 1.194956307849733e-01 0.000000000000000e+00 
-3.196731105479780e-01 1.248305037831473e-01 0.000000000000000e+00 
-3.394742720461950e-01 9.851162783859238e-02 0.000000000000000e+00 
-3.074073533694074e-01 9.291580642265246e-02 0.000000000000000e+00 
-2.736355019584670e-01 8.758093207479886e-02 0.000000000000000e+00 
2.544479896137008e-01 3.413766281453734e-02 0.000000000000000e+00 
2.421819869010012e-01 6.605131811665493e-02 0.000000000000000e+00 
2.882285158093766e-01 2.880333946148870e-02 0.000000000000000e+00 
2.759606790353224e-01 6.071560070529008e-02 0.000000000000000e+00 
3.219916484562210e-01 2.346791681834232e-02 0.000000000000000e+00 
3.004855380138604e-01 -3.111960352682204e-03 0.000000000000000e+00 
-4.966170161378114e-02 -2.475701184847668e-01 0.000000000000000e+00 
-8.343395180634001e-02 -2.422355964429366e-01 0.000000000000000e+00 
-7.116824823463667e-02 -2.741505081765714e-01 0.000000000000000e+00 
-6.192800108656940e-02 -2.156559753442580e-01 0.000000000000000e+00 
2.114358719618608e-01 -1.902201782096935e-02 0.000000000000000e+00 
1.776640713855102e-01 -1.368715114355750e-02 0.000000000000000e+00 
1.991701369329876e-01 1.289270444717905e-02 0.000000000000000e+00 
2.206761779212414e-01 3.947254615744632e-02 0.000000000000000e+00 
-1.572664575662093e-02 7.681664679958922e-02 0.000000000000000e+00 
-7.100452543089462e-02 5.557169408575876e-02 0.000000000000000e+00 
-5.873871742162874e-02 2.365699396918342e-02 0.000000000000000e+00 
-4.949847517788132e-02 8.215151979775961e-02 0.000000000000000e+00 
-3.723269600963174e-02 5.023682108758686e-02 0.000000000000000e+00 
6.089357143186156e-02 -2.050805820123258e-01 0.000000000000000e+00 
4.862772248941518e-02 -1.731659221933909e-01 0.000000000000000e+00 
2.712171082967330e-02 -1.997457595149253e-01 0.000000000000000e+00 
7.315935299058859e-02 -2.369954113301044e-01 0.000000000000000e+00 
3.938750703947970e-02 -2.316605367441486e-01 0.000000000000000e+00 
1.069311459266218e-01 -2.423303403020964e-01 0.000000000000000e+00 
8.542514267347670e-02 -2.689101304954630e-01 0.000000000000000e+00 
1.255751660300369e-01 2.043809267340114e-01 0.000000000000000e+00 
1.470815206892399e-01 2.309606129406304e-01 0.000000000000000e+00 
1.562934500543202e-01 2.894818891967562e-01 0.000000000000000e+00 
1.685633940665715e-01 2.575633651115386e-01 0.000000000000000e+00 
1.348069732993400e-01 2.628835051173146e-01 0.000000000000000e+00 
2.604618373565992e-01 -1.466510161404783e-01 0.000000000000000e+00 
2.389521537716348e-01 -1.732276329652523e-01 0.000000000000000e+00 
2.727093617472506e-01 -1.785508714592519e-01 0.000000000000000e+00 
3.282264633017460e-01 -1.579291901158837e-01 0.000000000000000e+00 
2.941509599006444e-01 -1.519190583746380e-01 0.000000000000000e+00 
2.819022769910084e-01 -1.200181602812466e-01 0.000000000000000e+00 
1.010438702732392e-01 2.682102548596336e-01 0.000000000000000e+00 
1.133082009241792e-01 2.362967771895868e-01 0.000000000000000e+00 
1.225498314695134e-01 2.947900384751598e-01 0.000000000000000e+00 
7.953782634016500e-02 2.416304740697800e-01 0.000000000000000e+00 
2.084103810241340e-01 7.138723452280124e-02 0.000000000000000e+00 
2.299151603726820e-01 9.796626709632705e-02 0.000000000000000e+00 
1.961447756525176e-01 1.033019182584103e-01 0.000000000000000e+00 
1.623727724345490e-01 1.086368062310490e-01 0.000000000000000e+00 
1.746386503586579e-01 7.672212708289626e-02 0.000000000000000e+00 
-2.177766192362738e-02 2.576350930642710e-01 0.000000000000000e+00 
-3.404344109188530e-02 2.895497917744412e-01 0.000000000000000e+00 
-6.782068883430428e-02 2.948511169983086e-01 0.000000000000000e+00 
-5.554937735443594e-02 2.629699496182734e-01 0.000000000000000e+00 
-2.716298860603066e-04 2.842148419075760e-01 0.000000000000000e+00 
-1.253741499738709e-02 3.161295598561152e-01 0.000000000000000e+00 
-4.630922026014906e-02 3.214644904846084e-01 0.000000000000000e+00 
2.053826004845650e-01 1.617869594203010e-01 0.000000000000000e+00 
1.838788226875062e-01 1.352166319431026e-01 0.000000000000000e+00 
1.716130435191685e-01 1.671313306532426e-01 0.000000000000000e+00 
1.593473009058178e-01 1.990460137574860e-01 0.000000000000000e+00 
1.378412140979096e-01 1.724662036513407e-01 0.000000000000000e+00 
-2.123066643914400e-01 -7.199242764223422e-02 0.000000000000000e+00 
-2.338108550835810e-01 -9.857159012786355e-02 0.000000000000000e+00 
-2.000408269489694e-01 -1.039072601862445e-01 0.000000000000000e+00 
-2.215469670770200e-01 -1.304869448728944e-01 0.000000000000000e+00 
-1.785348279391356e-01 -7.732738752888406e-02 0.000000000000000e+00 
-4.661356020797422e-02 -3.379221993472476e-01 0.000000000000000e+00 
-2.512804622466618e-02 -3.114009694049758e-01 0.000000000000000e+00 
-5.888770475114026e-02 -3.060491472296550e-01 0.000000000000000e+00 
-6.780580959868041e-02 -3.643076571502858e-01 0.000000000000000e+00 
-3.413107576827864e-02 -3.687632804607470e-01 0.000000000000000e+00 
-1.266113351585239e-02 -3.422049987101160e-01 0.000000000000000e+00 
-3.739350237329466e-02 -2.794827936808806e-01 0.000000000000000e+00 
-1.343547068413999e-01 -3.482115398600590e-01 0.000000000000000e+00 
-1.481063933546555e-01 -3.207871156942406e-01 0.000000000000000e+00 
-1.012535249699781e-01 -3.585518577662180e-01 0.000000000000000e+00 
-8.812368836507216e-02 -3.908511330160168e-01 0.000000000000000e+00 
-1.195375663600425e-01 -3.841471642901490e-01 0.000000000000000e+00 
-7.653909514134757e-02 4.231332732307206e-01 0.000000000000000e+00 
-7.033072989698010e-02 3.851177462440442e-01 0.000000000000000e+00 
-9.487459447569963e-02 3.947228008715464e-01 0.000000000000000e+00 
-9.474912706407088e-02 3.613889228410806e-01 0.000000000000000e+00 
-1.175548345881212e-01 3.823884823301210e-01 0.000000000000000e+00 
-4.267913353046736e-02 4.278767247246438e-01 0.000000000000000e+00 
-1.099151519494051e-01 4.157146369469558e-01 0.000000000000000e+00 
5.467877433604110e-02 -3.539845161483708e-01 0.000000000000000e+00 
3.237540628011928e-02 -3.777874671535398e-01 0.000000000000000e+00 
2.109363886927958e-02 -3.476980830433818e-01 0.000000000000000e+00 
-4.035561518286558e-04 -3.724444701206810e-01 0.000000000000000e+00 
3.367549606879376e-01 -9.842913643744040e-02 0.000000000000000e+00 
3.475894953909868e-01 -1.298047937370684e-01 0.000000000000000e+00 
3.151609185031326e-01 -1.249378311523780e-01 0.000000000000000e+00 
3.250171565399154e-01 -6.694130631399862e-02 0.000000000000000e+00 
3.035111062869626e-01 -9.352113202604696e-02 0.000000000000000e+00 
5.965627875529852e-02 4.258416705831760e-01 0.000000000000000e+00 
7.197076391820184e-02 3.953948365535400e-01 0.000000000000000e+00 
9.330088748571598e-02 4.197558152001920e-01 0.000000000000000e+00 
3.970649317639186e-02 3.980747228265152e-01 0.000000000000000e+00 
4.589108190120302e-02 4.600778927233986e-01 0.000000000000000e+00 
-2.542875378513010e-01 -2.717864304620940e-01 0.000000000000000e+00 
-2.520131918271376e-01 -3.049737089319400e-01 0.000000000000000e+00 
-2.733129652122424e-01 -2.450398085029090e-01 0.000000000000000e+00 
-2.389748657903866e-01 -2.470715347616682e-01 0.000000000000000e+00 
-2.806035590042184e-01 -2.829286813473768e-01 0.000000000000000e+00 
-2.885723241943842e-01 -3.187883525304074e-01 0.000000000000000e+00 
-4.007391148399406e-01 3.193674817354560e-02 0.000000000000000e+00 
-4.269435916918488e-01 5.117782247481700e-02 0.000000000000000e+00 
-4.269435916918484e-01 -5.117782247482106e-02 0.000000000000000e+00 
-3.987339527209396e-01 -3.208508056838116e-02 0.000000000000000e+00 
-3.994123395334008e-01 -2.032467100470670e-04 0.000000000000000e+00 
-4.296600408077396e-01 -1.709530149168012e-02 0.000000000000000e+00 
-4.296600408077398e-01 1.709530149167622e-02 0.000000000000000e+00 
-4.215278677259932e-01 -8.493678078652156e-02 0.000000000000000e+00 
-3.961098279327076e-01 -6.450409614189014e-02 0.000000000000000e+00 
-3.894972119010936e-01 -9.630384851992110e-02 0.000000000000000e+00 
-3.558492842208586e-01 -1.057529774392811e-01 0.000000000000000e+00 
-3.343098064116122e-01 -8.231514301092326e-02 0.000000000000000e+00 
-3.662708245495806e-01 -7.440658832725235e-02 0.000000000000000e+00 
-3.751620625276528e-01 -4.686293877705804e-02 0.000000000000000e+00 
-4.267913353046480e-02 -4.278767247246440e-01 0.000000000000000e+00 
-2.166634591500406e-02 -3.995894945835332e-01 0.000000000000000e+00 
-5.565466737841500e-02 -3.963637485306586e-01 0.000000000000000e+00 
-7.653909514134506e-02 -4.231332732307212e-01 0.000000000000000e+00 
-6.414589397242890e-02 -4.578896843753348e-01 0.000000000000000e+00 
3.619556802125414e-01 1.693351059673389e-01 0.000000000000000e+00 
3.750520534811518e-01 1.391494220454778e-01 0.000000000000000e+00 
3.964453175331288e-01 1.665266050997759e-01 0.000000000000000e+00 
4.084226566429464e-01 1.345025410195579e-01 0.000000000000000e+00 
3.407086072133372e-01 1.417349789180786e-01 0.000000000000000e+00 
-4.134471088607902e-01 -1.181587414229429e-01 0.000000000000000e+00 
-4.402007509306912e-01 -1.449310754534031e-01 0.000000000000000e+00 
-4.683167491343636e-01 -1.751554237819128e-01 0.000000000000000e+00 
-4.807524521637100e-01 -1.373938853755137e-01 0.000000000000000e+00 
-4.492619703754382e-01 -1.092764418584571e-01 0.000000000000000e+00 
-5.110752188450028e-01 -1.676711402525712e-01 0.000000000000000e+00 
3.713580749029696e-01 -1.647081806206424e-02 0.000000000000000e+00 
3.465231994544926e-01 -4.036147466438688e-02 0.000000000000000e+00 
3.575989287044030e-01 1.862803436423640e-02 0.000000000000000e+00 
3.342573888566462e-01 -8.446803439331518e-03 0.000000000000000e+00 
3.127513773715934e-01 -3.502660760385240e-02 0.000000000000000e+00 
2.400766355264470e-01 -3.163325174709480e-01 0.000000000000000e+00 
2.485795600966852e-01 -3.508677846456390e-01 0.000000000000000e+00 
2.756702641646550e-01 -3.300089475383800e-01 0.000000000000000e+00 
2.709553345337958e-01 -2.963962127249250e-01 0.000000000000000e+00 
3.010180920648534e-01 -3.070636876116020e-01 0.000000000000000e+00 
2.820875766768978e-01 -3.667516862234508e-01 0.000000000000000e+00 
-1.099151519494027e-01 -4.157146369469564e-01 0.000000000000000e+00 
-1.278083162202361e-01 -4.833891127290190e-01 0.000000000000000e+00 
-1.005453834197536e-01 -4.523484236785650e-01 0.000000000000000e+00 
-1.358648953963349e-01 -4.419484008001486e-01 0.000000000000000e+00 
-1.658096392760328e-01 -4.717066498610676e-01 0.000000000000000e+00 
-2.344337520299482e-01 3.604730446360182e-01 0.000000000000000e+00 
-2.050530256142586e-01 3.779593320536460e-01 0.000000000000000e+00 
-2.672165900150150e-01 3.780740650562842e-01 0.000000000000000e+00 
-2.369351827648568e-01 3.985039648168260e-01 0.000000000000000e+00 
-2.725973860813350e-01 4.191547030651376e-01 0.000000000000000e+00 
-3.050375730052632e-01 3.961717797307864e-01 0.000000000000000e+00 
-3.111042254925852e-01 4.394686238958586e-01 0.000000000000000e+00 
3.954289524791732e-02 -4.053221524436506e-01 0.000000000000000e+00 
1.119033527742360e-02 -4.027832987428736e-01 0.000000000000000e+00 
2.563450382302370e-02 -4.292352178162312e-01 0.000000000000000e+00 
-8.549340695978753e-03 -4.299150018011282e-01 0.000000000000000e+00 
8.963481447232099e-03 -4.626011848920562e-01 0.000000000000000e+00 
-3.197268367132202e-01 -2.041924955312838e-01 0.000000000000000e+00 
-3.463579411719192e-01 -2.170098759086358e-01 0.000000000000000e+00 
-3.262518602720854e-01 -2.378266141263116e-01 0.000000000000000e+00 
-3.042826027913012e-01 -2.604143581972110e-01 0.000000000000000e+00 
-2.843027165044376e-01 -2.094214122724564e-01 0.000000000000000e+00 
-3.003036074782554e-01 -2.317823458115312e-01 0.000000000000000e+00 
3.352933601304112e-01 4.732635234755138e-01 0.000000000000000e+00 
3.718343098034870e-01 4.451283478424672e-01 0.000000000000000e+00 
3.821283946228450e-01 4.957731842219866e-01 0.000000000000000e+00 
4.212089822778562e-01 4.652431794902788e-01 0.000000000000000e+00 
4.359436735627092e-01 5.218746147118578e-01 0.000000000000000e+00 
3.422898129158502e-01 5.261007880129264e-01 0.000000000000000e+00 
3.477761257903264e-01 5.843387427941700e-01 0.000000000000000e+00 
3.931025601528964e-01 5.548606826954298e-01 0.000000000000000e+00 
-5.019157138315414e-02 4.029178534509054e-01 0.000000000000000e+00 
-3.889511661539418e-02 3.767590431675890e-01 0.000000000000000e+00 
-2.499626572656074e-02 3.468219608434470e-01 0.000000000000000e+00 
-5.876561383181104e-02 3.521731019733834e-01 0.000000000000000e+00 
-2.251379593435764e-02 4.017060823174058e-01 0.000000000000000e+00 
-3.765514749206274e-01 4.616342204760046e-02 0.000000000000000e+00 
-3.491838431457716e-01 4.023327107513146e-02 0.000000000000000e+00 
-3.655854035510158e-01 -1.903821506078435e-02 0.000000000000000e+00 
-3.720986430933536e-01 1.796690699993400e-02 0.000000000000000e+00 
-3.657815916135980e-01 1.071095642412099e-01 0.000000000000000e+00 
-3.637619774748220e-01 7.330837217158381e-02 0.000000000000000e+00 
-3.908080410574094e-01 9.534554378132749e-02 0.000000000000000e+00 
-3.975121551832104e-01 6.377128630170902e-02 0.000000000000000e+00 
-4.215278677259940e-01 8.493678078651774e-02 0.000000000000000e+00 
-4.575729446613930e-01 7.345709052328764e-02 0.000000000000000e+00 
2.420184636117130e-01 -2.636698322945402e-01 0.000000000000000e+00 
2.679089037475546e-01 -2.653555349135702e-01 0.000000000000000e+00 
2.462237169602442e-01 -2.890627044956840e-01 0.000000000000000e+00 
2.204793750242102e-01 -2.897136610089814e-01 0.000000000000000e+00 
2.947717344286028e-01 -2.732330759785718e-01 0.000000000000000e+00 
-1.485033471815680e-01 3.742053477720702e-01 0.000000000000000e+00 
-1.828897336029565e-01 3.333514708494574e-01 0.000000000000000e+00 
-1.774948053124189e-01 3.605071516159036e-01 0.000000000000000e+00 
-2.058142445399014e-01 3.462280417256556e-01 0.000000000000000e+00 
-1.498074516447603e-01 3.383803686799800e-01 0.000000000000000e+00 
-4.267459787249996e-01 1.800155287074521e-01 0.000000000000000e+00 
-4.111498533926270e-01 2.135810445075990e-01 0.000000000000000e+00 
-4.529201968327620e-01 2.118095732042632e-01 0.000000000000000e+00 
-3.895113692761756e-01 1.821562329556654e-01 0.000000000000000e+00 
-3.738077180090212e-01 2.125271511051894e-01 0.000000000000000e+00 
-4.996046986136510e-01 1.987825754846206e-02 0.000000000000000e+00 
-4.633880345148198e-01 -1.449330695430376e-15 0.000000000000000e+00 
-4.608993641230690e-01 3.673465559681438e-02 0.000000000000000e+00 
-4.964460368509868e-01 5.950909590095154e-02 0.000000000000000e+00 
-4.608993641230686e-01 -3.673465559681774e-02 0.000000000000000e+00 
4.455955298106834e-01 -1.273826580220434e-01 0.000000000000000e+00 
4.749100658638914e-01 -1.563983035111134e-01 0.000000000000000e+00 
4.330627648849646e-01 -1.619700603230605e-01 0.000000000000000e+00 
4.084226566429466e-01 -1.345025410195579e-01 0.000000000000000e+00 
4.178178162173762e-01 -1.016281085691492e-01 0.000000000000000e+00 
-4.964460368509866e-01 -5.950909590095318e-02 0.000000000000000e+00 
-4.575379190282754e-01 -7.339974920109130e-02 0.000000000000000e+00 
-4.901486834023178e-01 -9.876369858897727e-02 0.000000000000000e+00 
-5.232339196660007e-01 -1.270620943445136e-01 0.000000000000000e+00 
1.469251371689613e-01 -4.779257307028802e-01 0.000000000000000e+00 
1.537093499364467e-01 -4.372419042355930e-01 0.000000000000000e+00 
1.877447427122313e-01 -4.230894872135794e-01 0.000000000000000e+00 
1.844319622620048e-01 -4.647417038486932e-01 0.000000000000000e+00 
1.586114875453242e-01 -3.996778653098762e-01 0.000000000000000e+00 
2.557177395517118e-01 -4.296608402898300e-01 0.000000000000000e+00 
2.204849164952284e-01 -4.064038144124118e-01 0.000000000000000e+00 
2.207727491079566e-01 -4.486194303096058e-01 0.000000000000000e+00 
2.526388414912366e-01 -3.885297073866942e-01 0.000000000000000e+00 
2.890460001124246e-01 -4.079857960995802e-01 0.000000000000000e+00 
2.934637526003212e-01 -4.513339049896810e-01 0.000000000000000e+00 
3.205468187961106e-01 -3.837313343469536e-01 0.000000000000000e+00 
3.110531600063724e-01 -3.437400172826428e-01 0.000000000000000e+00 
3.500210372847132e-01 -3.570507995483744e-01 0.000000000000000e+00 
3.605419860467982e-01 -3.987024502098636e-01 0.000000000000000e+00 
3.280692472697018e-01 -4.260829817464342e-01 0.000000000000000e+00 
-3.720679814806168e-01 2.755179155778720e-01 0.000000000000000e+00 
-3.900286540926068e-01 3.128540378302790e-01 0.000000000000000e+00 
-3.557407339935154e-01 2.415544041779302e-01 0.000000000000000e+00 
-3.496963047763590e-01 3.043512074479250e-01 0.000000000000000e+00 
-3.932364920242894e-01 2.453695301281992e-01 0.000000000000000e+00 
-3.639394051847478e-01 3.428528975432058e-01 0.000000000000000e+00 
6.936776599453306e-02 4.951647332362510e-01 0.000000000000000e+00 
8.268131796078643e-02 4.557203699983962e-01 0.000000000000000e+00 
1.084894040531580e-01 4.880881572095256e-01 0.000000000000000e+00 
1.186290480753446e-01 4.481848234055968e-01 0.000000000000000e+00 
2.980756258490864e-02 4.991107183909666e-01 0.000000000000000e+00 
1.469251371689595e-01 4.779257307028806e-01 0.000000000000000e+00 
1.540219238181426e-01 4.366027389181088e-01 0.000000000000000e+00 
4.197735202287178e-01 -1.963648022152519e-01 0.000000000000000e+00 
3.650628456992866e-01 -2.272204187346262e-01 0.000000000000000e+00 
3.819615234821268e-01 -1.974978343658802e-01 0.000000000000000e+00 
4.020472817334168e-01 -2.289100815659864e-01 0.000000000000000e+00 
-2.384337507142542e-01 4.394875954112162e-01 0.000000000000000e+00 
-2.038765921343306e-01 4.158750486786546e-01 0.000000000000000e+00 
-2.027626604064982e-01 4.570419056770168e-01 0.000000000000000e+00 
-2.745690875638588e-01 4.625184393571948e-01 0.000000000000000e+00 
-2.368511110533346e-01 4.828564374874154e-01 0.000000000000000e+00 
-4.346601372197918e-01 2.471245943083606e-01 0.000000000000000e+00 
-4.136520162715292e-01 2.808772141603844e-01 0.000000000000000e+00 
-4.562214452860856e-01 2.842818326361954e-01 0.000000000000000e+00 
-4.329216953498938e-01 3.199516609085806e-01 0.000000000000000e+00 
-4.781773941438216e-01 2.474069404378940e-01 0.000000000000000e+00 
-2.384337507142518e-01 -4.394875954112176e-01 0.000000000000000e+00 
-2.725973860813328e-01 -4.191547030651390e-01 0.000000000000000e+00 
-3.050375730052610e-01 -3.961717797307880e-01 0.000000000000000e+00 
-2.027626604064956e-01 -4.570419056770180e-01 0.000000000000000e+00 
-2.756038305844278e-01 -4.617791195655714e-01 0.000000000000000e+00 
-3.117333432512990e-01 -4.385972456421292e-01 0.000000000000000e+00 
6.936776599453470e-02 -4.951647332362508e-01 0.000000000000000e+00 
2.980756258491084e-02 -4.991107183909664e-01 0.000000000000000e+00 
1.084894040531602e-01 -4.880881572095252e-01 0.000000000000000e+00 
9.514537849627326e-02 -5.293947936482432e-01 0.000000000000000e+00 
5.324219990149194e-02 -5.358019957576778e-01 0.000000000000000e+00 
8.046660855366178e-02 -5.743910905540506e-01 0.000000000000000e+00 
-1.700860357356531e-01 4.309610649504484e-01 0.000000000000000e+00 
-1.658096392760351e-01 4.717066498610668e-01 0.000000000000000e+00 
-1.743758879495885e-01 3.930560388822344e-01 0.000000000000000e+00 
-1.425962897773902e-01 4.056677188805176e-01 0.000000000000000e+00 
-1.357405239321365e-01 4.431423327568524e-01 0.000000000000000e+00 
4.342759637610620e-01 1.622391763682581e-01 0.000000000000000e+00 
4.196005411102690e-01 1.956529850204321e-01 0.000000000000000e+00 
4.609829273641032e-01 1.936355873253208e-01 0.000000000000000e+00 
-4.119042067226190e-01 -2.124512683011466e-01 0.000000000000000e+00 
-3.738077180090194e-01 -2.125271511051926e-01 0.000000000000000e+00 
-3.557407339935136e-01 -2.415544041779330e-01 0.000000000000000e+00 
-3.937560429395734e-01 -2.440795206994408e-01 0.000000000000000e+00 
-4.529201968327612e-01 -2.118095732042650e-01 0.000000000000000e+00 
-4.266738207942932e-01 -1.789682958291460e-01 0.000000000000000e+00 
4.544388497630396e-01 9.144394547876949e-02 0.000000000000000e+00 
4.178178162173762e-01 1.016281085691493e-01 0.000000000000000e+00 
4.452942740520332e-01 1.267190362333483e-01 0.000000000000000e+00 
4.858346700202050e-01 1.181722192664526e-01 0.000000000000000e+00 
4.749100658638912e-01 1.563983035111138e-01 0.000000000000000e+00 
3.837485110908946e-01 2.595382029030648e-01 0.000000000000000e+00 
3.650628456992864e-01 2.272204187346268e-01 0.000000000000000e+00 
3.478187793688346e-01 1.993518910225287e-01 0.000000000000000e+00 
3.819615234821266e-01 1.974978343658808e-01 0.000000000000000e+00 
3.312467746406718e-01 2.269775478311870e-01 0.000000000000000e+00 
3.458561230664286e-01 2.555064424578358e-01 0.000000000000000e+00 
4.622693898059140e-01 -1.867761869842657e-02 0.000000000000000e+00 
4.631261300629022e-01 1.834086378170411e-02 0.000000000000000e+00 
4.594272702878330e-01 5.483414610495676e-02 0.000000000000000e+00 
5.000000000000000e-01 0.000000000000000e+00 0.000000000000000e+00 
4.984194195073480e-01 3.972508348585724e-02 0.000000000000000e+00 
4.936876709681666e-01 7.919901220360757e-02 0.000000000000000e+00 
5.378526109071390e-01 2.040606054182086e-02 0.000000000000000e+00 
5.339556757410394e-01 6.345971485100813e-02 0.000000000000000e+00 
-3.129878884588810e-01 -2.948534918871590e-01 0.000000000000000e+00 
-3.498318624617968e-01 -3.040828569086394e-01 0.000000000000000e+00 
-3.354246425196400e-01 -2.690544725340424e-01 0.000000000000000e+00 
-3.725411527871246e-01 -2.746411120520948e-01 0.000000000000000e+00 
-8.549340695981129e-03 4.299150018011282e-01 0.000000000000000e+00 
9.213167863970570e-03 4.632964364954884e-01 0.000000000000000e+00 
9.665593383471399e-03 3.997472642785954e-01 0.000000000000000e+00 
2.563450382302172e-02 4.292352178162312e-01 0.000000000000000e+00 
1.924086285211048e-01 3.470494806511586e-01 0.000000000000000e+00 
1.898645642328414e-01 3.858127100662616e-01 0.000000000000000e+00 
1.632631793629030e-01 3.680071788037432e-01 0.000000000000000e+00 
1.586114875453228e-01 3.996778653098768e-01 0.000000000000000e+00 
1.880918018501095e-01 4.236722051485768e-01 0.000000000000000e+00 
1.844319622620031e-01 4.647417038486938e-01 0.000000000000000e+00 
2.207727491079552e-01 4.486194303096064e-01 0.000000000000000e+00 
-4.134471088607912e-01 1.181587414229391e-01 0.000000000000000e+00 
-4.494721241741414e-01 1.096204897916496e-01 0.000000000000000e+00 
-3.834071761181566e-01 1.262021912281238e-01 0.000000000000000e+00 
-4.027524042555536e-01 1.506336644524428e-01 0.000000000000000e+00 
-4.394583699696756e-01 1.453227901093141e-01 0.000000000000000e+00 
-4.807524521637104e-01 1.373938853755119e-01 0.000000000000000e+00 
3.369751710510052e-01 -3.178336484270964e-01 0.000000000000000e+00 
3.244627866680392e-01 -2.821770721862612e-01 0.000000000000000e+00 
3.458561230664292e-01 -2.555064424578352e-01 0.000000000000000e+00 
3.170909247143072e-01 -2.502975125112814e-01 0.000000000000000e+00 
3.391006714619212e-01 -2.305625685602768e-01 0.000000000000000e+00 
3.607755708247172e-01 -2.896915389846388e-01 0.000000000000000e+00 
3.010180920648526e-01 3.070636876116028e-01 0.000000000000000e+00 
2.756702641646542e-01 3.300089475383808e-01 0.000000000000000e+00 
2.734826861619142e-01 3.003160888789606e-01 0.000000000000000e+00 
2.901601038028176e-01 2.766143648516808e-01 0.000000000000000e+00 
3.102897146347150e-01 3.427797423459752e-01 0.000000000000000e+00 
2.827525561582266e-01 3.672428544445466e-01 0.000000000000000e+00 
2.206147621512640e-01 3.392245114694866e-01 0.000000000000000e+00 
2.199172560144710e-01 3.695083226492546e-01 0.000000000000000e+00 
2.485795600966842e-01 3.508677846456396e-01 0.000000000000000e+00 
2.208481241343918e-01 4.065787824389136e-01 0.000000000000000e+00 
2.523829791447730e-01 3.880835216907498e-01 0.000000000000000e+00 
2.557177395517106e-01 4.296608402898308e-01 0.000000000000000e+00 
2.890460001124238e-01 4.079857960995808e-01 0.000000000000000e+00 
4.535252052347166e-01 -9.162471544292748e-02 0.000000000000000e+00 
4.601856305541814e-01 -5.525019202062650e-02 0.000000000000000e+00 
4.245713970326234e-01 -6.811115049510276e-02 0.000000000000000e+00 
3.711155295842400e-01 -4.922418279237836e-02 0.000000000000000e+00 
3.982712524662616e-01 -4.347352074542730e-02 0.000000000000000e+00 
4.936876709681668e-01 -7.919901220360744e-02 0.000000000000000e+00 
-3.453683735686366e-01 -4.128763327300092e-01 0.000000000000000e+00 
-3.538435846861008e-01 -4.595592644877158e-01 0.000000000000000e+00 
-3.162129678543440e-01 -4.862194555555626e-01 0.000000000000000e+00 
-3.627595073499998e-01 -5.120317400736164e-01 0.000000000000000e+00 
-4.010096243022072e-01 -4.800545480294942e-01 0.000000000000000e+00 
-4.148510992871536e-01 -5.387936204338730e-01 0.000000000000000e+00 
-3.707324450706112e-01 -5.700503961685900e-01 0.000000000000000e+00 
4.677127826582198e-01 2.652933319990274e-01 0.000000000000000e+00 
4.876732660285298e-01 2.277038113545364e-01 0.000000000000000e+00 
5.152039153944962e-01 2.663924277493276e-01 0.000000000000000e+00 
4.244916810456818e-01 2.642097892263100e-01 0.000000000000000e+00 
4.031954329885790e-01 2.286363658564724e-01 0.000000000000000e+00 
4.441413063745658e-01 2.296486446114892e-01 0.000000000000000e+00 
4.924103500129908e-01 3.064833555025198e-01 0.000000000000000e+00 
4.454606320889068e-01 3.023092718123960e-01 0.000000000000000e+00 
-5.113589906091186e-01 1.686134432110451e-01 0.000000000000000e+00 
-5.576728445099048e-01 1.593769070355913e-01 0.000000000000000e+00 
-5.432474289958634e-01 2.031802915870150e-01 0.000000000000000e+00 
-4.956693980233256e-01 2.088620081639048e-01 0.000000000000000e+00 
-4.683167491343642e-01 1.751554237819113e-01 0.000000000000000e+00 
-4.330896865492982e-01 -3.197802276086190e-01 0.000000000000000e+00 
-4.567958692766900e-01 -2.836782206599484e-01 0.000000000000000e+00 
-3.900286540926056e-01 -3.128540378302806e-01 0.000000000000000e+00 
-4.136520162715280e-01 -2.808772141603862e-01 0.000000000000000e+00 
-4.346601372197908e-01 -2.471245943083624e-01 0.000000000000000e+00 
-4.785642228498648e-01 -2.463292978404476e-01 0.000000000000000e+00 
2.966325778799866e-01 -4.984065747362024e-01 0.000000000000000e+00 
2.560235906576900e-01 -4.726037135905268e-01 0.000000000000000e+00 
2.560963889652304e-01 -5.203985391591422e-01 0.000000000000000e+00 
2.981309423357042e-01 -5.503281804144494e-01 0.000000000000000e+00 
2.544206225975288e-01 -5.737721690452366e-01 0.000000000000000e+00 
3.002509387868214e-01 -6.101224252210637e-01 0.000000000000000e+00 
-1.482576468154719e-01 -5.607313707656624e-01 0.000000000000000e+00 
-1.578458700164375e-01 -5.134492587152472e-01 0.000000000000000e+00 
-7.484807311339570e-02 -5.323081189096502e-01 0.000000000000000e+00 
-1.032387794929760e-01 -5.707379034274846e-01 0.000000000000000e+00 
-1.168329389162152e-01 -5.254385330893790e-01 0.000000000000000e+00 
-8.899894783877420e-02 -4.920154339892104e-01 0.000000000000000e+00 
-5.685724727466880e-01 -1.145658903632166e-01 0.000000000000000e+00 
-5.311818463283832e-01 -8.460104445120405e-02 0.000000000000000e+00 
-5.758774027471441e-01 -6.903055124510928e-02 0.000000000000000e+00 
-6.180977067559404e-01 -9.883514088464609e-02 0.000000000000000e+00 
-6.751666101173416e-01 -8.093237042529844e-02 0.000000000000000e+00 
-6.666022094271518e-01 -1.343186300810114e-01 0.000000000000000e+00 
8.046660855365846e-02 5.743910905540512e-01 0.000000000000000e+00 
9.561411085159648e-02 5.285862292592778e-01 0.000000000000000e+00 
1.258477087016634e-01 5.661822623630496e-01 0.000000000000000e+00 
1.704331591159931e-01 5.543938476153416e-01 0.000000000000000e+00 
1.785563643037074e-01 5.069713737869770e-01 0.000000000000000e+00 
1.376443140325130e-01 5.203579334895087e-01 0.000000000000000e+00 
3.457677259849428e-02 5.789684333335212e-01 0.000000000000000e+00 
5.341880358928258e-02 5.355465499826882e-01 0.000000000000000e+00 
-1.153166884574186e-02 5.798853512666380e-01 0.000000000000000e+00 
1.068000095250460e-02 5.370580951220618e-01 0.000000000000000e+00 
1.276326165419201e-02 6.258196699709808e-01 0.000000000000000e+00 
6.215855034179272e-02 6.234969450183296e-01 0.000000000000000e+00 
4.053828511547636e-02 6.787905770117146e-01 0.000000000000000e+00 
-4.966391515733922e-01 -2.079628156074716e-01 0.000000000000000e+00 
-5.253874283260016e-01 -2.456991049169500e-01 0.000000000000000e+00 
-5.042057591749560e-01 -2.866645293977028e-01 0.000000000000000e+00 
-5.576747836111497e-01 -2.881674567638898e-01 0.000000000000000e+00 
-5.911377866189146e-01 -3.360894482593744e-01 0.000000000000000e+00 
-6.159714676925542e-01 -2.880610195578024e-01 0.000000000000000e+00 
-5.756720336667294e-02 -5.771360473030082e-01 0.000000000000000e+00 
-1.361283223035742e-01 -6.109682807130454e-01 0.000000000000000e+00 
-1.738193100595200e-01 -6.574091933114660e-01 0.000000000000000e+00 
-3.803977822126162e-02 -6.251790115330262e-01 0.000000000000000e+00 
-8.725087261711587e-02 -6.216340825928570e-01 0.000000000000000e+00 
-6.749258325747921e-02 -6.766422623552510e-01 0.000000000000000e+00 
-1.210385690607311e-01 -6.691409902253266e-01 0.000000000000000e+00 
5.347401957423598e-01 2.246172812973722e-01 0.000000000000000e+00 
5.032584686374344e-01 1.866355951446810e-01 0.000000000000000e+00 
5.508956764021138e-01 1.814220320728920e-01 0.000000000000000e+00 
5.726776983230734e-01 9.187085415618484e-02 0.000000000000000e+00 
5.277751592141828e-01 1.062047639290893e-01 0.000000000000000e+00 
5.169270230091744e-01 1.474470087481976e-01 0.000000000000000e+00 
5.635682172234378e-01 1.370797743490851e-01 0.000000000000000e+00 
2.181775095480958e-01 -4.921840481308190e-01 0.000000000000000e+00 
2.139410762239266e-01 -5.391003764644836e-01 0.000000000000000e+00 
1.777992900717666e-01 -5.076405254124622e-01 0.000000000000000e+00 
1.374400129346375e-01 -5.206042194919168e-01 0.000000000000000e+00 
1.704331591159965e-01 -5.543938476153404e-01 0.000000000000000e+00 
-3.162129678543488e-01 4.862194555555594e-01 0.000000000000000e+00 
-2.765831508285350e-01 5.098056106770106e-01 0.000000000000000e+00 
-3.208846371643476e-01 5.393759018947958e-01 0.000000000000000e+00 
-3.242699009713856e-01 5.977031297592542e-01 0.000000000000000e+00 
-3.616015543266628e-01 5.103972999295165e-01 0.000000000000000e+00 
-3.707324450706158e-01 5.700503961685868e-01 0.000000000000000e+00 
4.060244032502662e-01 4.141789274761154e-01 0.000000000000000e+00 
3.615098485302364e-01 3.988192685987880e-01 0.000000000000000e+00 
3.205468187961096e-01 3.837313343469544e-01 0.000000000000000e+00 
3.500210372847122e-01 3.570507995483752e-01 0.000000000000000e+00 
3.289239840236246e-01 4.258570580764404e-01 0.000000000000000e+00 
-5.380934447976974e-01 8.159934079628638e-04 0.000000000000000e+00 
-4.996046986136510e-01 -1.987825754846349e-02 0.000000000000000e+00 
-5.795414503918350e-01 -2.305877875622074e-02 0.000000000000000e+00 
-5.361728772954278e-01 -4.204085730547678e-02 0.000000000000000e+00 
-9.941093832534323e-03 -4.999011648850328e-01 0.000000000000000e+00 
-3.223763790521626e-02 -5.374239938347630e-01 0.000000000000000e+00 
1.008911118107290e-02 -5.377822053830352e-01 0.000000000000000e+00 
-4.962689945402974e-02 -4.975310752612138e-01 0.000000000000000e+00 
-2.766314667303406e-02 -4.626191393232350e-01 0.000000000000000e+00 
-3.443647537646002e-01 4.131881011787624e-01 0.000000000000000e+00 
-3.767697750696934e-01 3.845661185036748e-01 0.000000000000000e+00 
-4.053584788267416e-01 3.529686285154576e-01 0.000000000000000e+00 
-3.355492141795192e-01 3.706841308493082e-01 0.000000000000000e+00 
-4.901486834023182e-01 9.876369858897562e-02 0.000000000000000e+00 
-5.315300000061010e-01 8.587688073306116e-02 0.000000000000000e+00 
-5.224950708275437e-01 1.277121433223364e-01 0.000000000000000e+00 
-5.954015588488574e-01 1.964484474448915e-01 0.000000000000000e+00 
-6.369107788227359e-01 2.382113763433980e-01 0.000000000000000e+00 
3.772823100791154e-01 -3.281128746351874e-01 0.000000000000000e+00 
4.021582826353828e-01 -2.971005144858548e-01 0.000000000000000e+00 
4.453087628232538e-01 -3.025668003265938e-01 0.000000000000000e+00 
4.244916810456820e-01 -2.642097892263094e-01 0.000000000000000e+00 
3.833986308341524e-01 -2.604397975758750e-01 0.000000000000000e+00 
4.191958315065052e-01 -3.370257340896012e-01 0.000000000000000e+00 
-5.365035516328608e-01 4.378587256410190e-02 0.000000000000000e+00 
-5.758774027471451e-01 6.903055124510098e-02 0.000000000000000e+00 
-5.795414503918352e-01 2.305877875621290e-02 0.000000000000000e+00 
-6.250187281108714e-01 -4.946310032566178e-02 0.000000000000000e+00 
-6.278875878947342e-01 1.665141659066020e-04 0.000000000000000e+00 
-6.794623901145652e-01 -2.703443026591276e-02 0.000000000000000e+00 
-6.242991182447336e-01 5.046218532111570e-02 0.000000000000000e+00 
-6.794623901145654e-01 2.703443026590628e-02 0.000000000000000e+00 
-1.985980087267235e-01 -5.002770902817090e-01 0.000000000000000e+00 
-1.923391815601962e-01 -5.471797138388392e-01 0.000000000000000e+00 
-1.844621917539639e-01 -5.998682543918248e-01 0.000000000000000e+00 
-2.307275803696172e-01 -5.813999239108836e-01 0.000000000000000e+00 
-2.255011094154036e-01 -6.415210438110523e-01 0.000000000000000e+00 
4.670928238819170e-01 -2.659448118516874e-01 0.000000000000000e+00 
4.876395151505904e-01 -2.281029836437786e-01 0.000000000000000e+00 
4.441413063745662e-01 -2.296486446114886e-01 0.000000000000000e+00 
4.609829273641034e-01 -1.936355873253204e-01 0.000000000000000e+00 
5.036759221461000e-01 -1.883791490274775e-01 0.000000000000000e+00 
5.152039153944966e-01 -2.663924277493268e-01 0.000000000000000e+00 
5.347401957423600e-01 -2.246172812973712e-01 0.000000000000000e+00 
-4.057920020325742e-01 -3.525436406919204e-01 0.000000000000000e+00 
-3.639394051847462e-01 -3.428528975432074e-01 0.000000000000000e+00 
-3.240694317277832e-01 -3.302411296050524e-01 0.000000000000000e+00 
-3.355492141795174e-01 -3.706841308493100e-01 0.000000000000000e+00 
-3.768094378414038e-01 -3.822519838849108e-01 0.000000000000000e+00 
-9.941093832536420e-03 4.999011648850328e-01 0.000000000000000e+00 
-4.962689945403214e-02 4.975310752612136e-01 0.000000000000000e+00 
-6.426184463411738e-02 4.589685534720708e-01 0.000000000000000e+00 
-2.756370659679240e-02 4.615386233561736e-01 0.000000000000000e+00 
-3.204863941939160e-02 5.373159893231210e-01 0.000000000000000e+00 
4.021582826353822e-01 2.971005144858556e-01 0.000000000000000e+00 
4.194870883241230e-01 3.361320428570714e-01 0.000000000000000e+00 
3.772823100791148e-01 3.281128746351882e-01 0.000000000000000e+00 
3.613278472012520e-01 2.892349179924160e-01 0.000000000000000e+00 
3.374002979887808e-01 3.177365157199698e-01 0.000000000000000e+00 
3.917085380232186e-01 3.669691443023754e-01 0.000000000000000e+00 
2.756518437435782e-01 2.427615607675134e-01 0.000000000000000e+00 
3.117341459466602e-01 2.515109082782216e-01 0.000000000000000e+00 
3.021116164524732e-01 2.262981189584104e-01 0.000000000000000e+00 
3.244627866680386e-01 2.821770721862618e-01 0.000000000000000e+00 
5.339812827423894e-01 -6.461795626493742e-02 0.000000000000000e+00 
5.379728350033040e-01 -2.200473470491546e-02 0.000000000000000e+00 
4.984194195073480e-01 -3.972508348585700e-02 0.000000000000000e+00 
5.277543112390506e-01 -1.064856864353636e-01 0.000000000000000e+00 
5.781665266285236e-01 -4.608109684359462e-02 0.000000000000000e+00 
2.937949438826544e-01 4.504812082420590e-01 0.000000000000000e+00 
2.570277497622958e-01 4.724915093874130e-01 0.000000000000000e+00 
2.966325778799840e-01 4.984065747362038e-01 0.000000000000000e+00 
-5.772274549243332e-01 -2.421190315778940e-01 0.000000000000000e+00 
-5.956212063818214e-01 -1.957814784177026e-01 0.000000000000000e+00 
-6.369107788227338e-01 -2.382113763434038e-01 0.000000000000000e+00 
-5.576728445099028e-01 -1.593769070355986e-01 0.000000000000000e+00 
-5.432474289958606e-01 -2.031802915870220e-01 0.000000000000000e+00 
-6.100649624606916e-01 -1.482889551488126e-01 0.000000000000000e+00 
-6.538233349426450e-01 -1.868556841107004e-01 0.000000000000000e+00 
-4.022937733919878e-01 4.815918218841200e-01 0.000000000000000e+00 
-4.148510992871584e-01 5.387936204338692e-01 0.000000000000000e+00 
-4.378823823196108e-01 4.466767367133662e-01 0.000000000000000e+00 
-4.563469312841464e-01 5.041304179550590e-01 0.000000000000000e+00 
-4.949575910512574e-01 4.662799406587594e-01 0.000000000000000e+00 
-3.538435846861060e-01 4.595592644877116e-01 0.000000000000000e+00 
-4.221697100143084e-01 3.977093611501178e-01 0.000000000000000e+00 
-3.892370884482432e-01 4.299935917851968e-01 0.000000000000000e+00 
-5.031069796147810e-01 3.716778913652142e-01 0.000000000000000e+00 
-5.625667421292804e-01 3.819930112581222e-01 0.000000000000000e+00 
-4.524332387474248e-01 3.629106838831226e-01 0.000000000000000e+00 
-4.798363388749748e-01 3.258175684260448e-01 0.000000000000000e+00 
-4.734981452188878e-01 4.117893508699598e-01 0.000000000000000e+00 
-5.304389695659458e-01 4.254814914491790e-01 0.000000000000000e+00 
5.863969062321736e-01 2.189790595741426e-01 0.000000000000000e+00 
6.035185825593318e-01 1.723585978507988e-01 0.000000000000000e+00 
6.458776895748922e-01 2.127016927751146e-01 0.000000000000000e+00 
6.136378546958948e-01 1.232548101311830e-01 0.000000000000000e+00 
6.607351512274788e-01 1.607142182023755e-01 0.000000000000000e+00 
6.714152325167068e-01 1.077106565969063e-01 0.000000000000000e+00 
-6.197764658175012e-01 9.959307120617804e-02 0.000000000000000e+00 
-6.751666101173424e-01 8.093237042529200e-02 0.000000000000000e+00 
-5.685724727466896e-01 1.145658903632090e-01 0.000000000000000e+00 
-6.081409816219436e-01 1.482487998013457e-01 0.000000000000000e+00 
-6.538233349426468e-01 1.868556841106944e-01 0.000000000000000e+00 
-6.666022094271534e-01 1.343186300810048e-01 0.000000000000000e+00 
5.193503624120628e-01 -3.527663159993462e-01 0.000000000000000e+00 
5.773086862221281e-01 -3.593253133477804e-01 0.000000000000000e+00 
4.665036078570442e-01 -3.446365968035912e-01 0.000000000000000e+00 
4.924103500129914e-01 -3.064833555025186e-01 0.000000000000000e+00 
4.880776361686228e-01 -3.919099147032260e-01 0.000000000000000e+00 
5.469352643841208e-01 -4.040566997007620e-01 0.000000000000000e+00 
-5.321188049301390e-01 -3.303716068736158e-01 0.000000000000000e+00 
-5.625667421292770e-01 -3.819930112581270e-01 0.000000000000000e+00 
-4.725292383503040e-01 -4.104379171571938e-01 0.000000000000000e+00 
-5.304389695659422e-01 -4.254814914491832e-01 0.000000000000000e+00 
-4.524332387474206e-01 -3.629106838831276e-01 0.000000000000000e+00 
-4.798363388749710e-01 -3.258175684260504e-01 0.000000000000000e+00 
-5.049872220996756e-01 -3.728353798412162e-01 0.000000000000000e+00 
4.552945017206214e-01 4.289149153034558e-01 0.000000000000000e+00 
5.131039417075962e-01 4.462335095038558e-01 0.000000000000000e+00 
4.760286107072090e-01 4.855890873857902e-01 0.000000000000000e+00 
4.376474796917730e-01 3.806109345768184e-01 0.000000000000000e+00 
4.665036078570432e-01 3.446365968035926e-01 0.000000000000000e+00 
4.896417483074838e-01 3.926121142136478e-01 0.000000000000000e+00 
5.469352643841198e-01 4.040566997007636e-01 0.000000000000000e+00 
-5.558741669118948e-01 2.877795523150446e-01 0.000000000000000e+00 
-5.911377866189174e-01 3.360894482593692e-01 0.000000000000000e+00 
-6.159714676925570e-01 2.880610195577966e-01 0.000000000000000e+00 
-5.253874283260048e-01 2.456991049169434e-01 0.000000000000000e+00 
-5.042057591749594e-01 2.866645293976966e-01 0.000000000000000e+00 
-5.327879622208012e-01 3.316703335035818e-01 0.000000000000000e+00 
-5.787988049329854e-01 2.432299653608482e-01 0.000000000000000e+00 
2.076875512400438e-01 5.910845200227826e-01 0.000000000000000e+00 
1.998181865497853e-01 6.499789937559176e-01 0.000000000000000e+00 
1.598904180757919e-01 6.047281555164667e-01 0.000000000000000e+00 
1.117081728229612e-01 6.176703974096922e-01 0.000000000000000e+00 
1.475455895122952e-01 6.637998938049549e-01 0.000000000000000e+00 
9.434016175256540e-02 6.734240372013016e-01 0.000000000000000e+00 
-1.836261393693049e-01 5.999325689733174e-01 0.000000000000000e+00 
-1.350319896365051e-01 6.118642805901136e-01 0.000000000000000e+00 
-1.738193100595242e-01 6.574091933114650e-01 0.000000000000000e+00 
-1.923391815602007e-01 5.471797138388376e-01 0.000000000000000e+00 
-1.482576468154766e-01 5.607313707656612e-01 0.000000000000000e+00 
-1.210385690607357e-01 6.691409902253258e-01 0.000000000000000e+00 
-2.255011094154076e-01 6.415210438110510e-01 0.000000000000000e+00 
6.020311175913760e-01 -1.727841272808737e-01 0.000000000000000e+00 
6.607351512274789e-01 -1.607142182023749e-01 0.000000000000000e+00 
5.167763281570310e-01 -1.479743023719158e-01 0.000000000000000e+00 
5.508956764021140e-01 -1.814220320728915e-01 0.000000000000000e+00 
5.635682172234378e-01 -1.370797743490844e-01 0.000000000000000e+00 
4.858346700202050e-01 -1.181722192664521e-01 0.000000000000000e+00 
6.272806410554080e-01 -2.519166818522504e-02 0.000000000000000e+00 
6.778504105299932e-01 -5.402611354076552e-02 0.000000000000000e+00 
6.153711269800642e-01 -1.242336462804010e-01 0.000000000000000e+00 
6.714152325167068e-01 -1.077106565969061e-01 0.000000000000000e+00 
5.726776983230734e-01 -9.187085415618462e-02 0.000000000000000e+00 
6.217993449983128e-01 -7.524224709698218e-02 0.000000000000000e+00 
1.778276234799679e-01 3.160350193502282e-01 0.000000000000000e+00 
1.439201693878984e-01 3.205232461653652e-01 0.000000000000000e+00 
1.101417805036022e-01 3.258043136539746e-01 0.000000000000000e+00 
1.620941093504110e-01 3.399777312978852e-01 0.000000000000000e+00 
1.330509949204975e-01 3.482739681498366e-01 0.000000000000000e+00 
5.459733593390592e-01 3.101477590364554e-01 0.000000000000000e+00 
5.685193332515822e-01 2.651432715540770e-01 0.000000000000000e+00 
6.040321766694096e-01 3.123221566716252e-01 0.000000000000000e+00 
5.773086862221272e-01 3.593253133477816e-01 0.000000000000000e+00 
5.183656944837494e-01 3.512200293934008e-01 0.000000000000000e+00 
6.269367812151804e-01 2.633443987624362e-01 0.000000000000000e+00 
-2.313893564173044e-01 5.837430747013562e-01 0.000000000000000e+00 
-2.352046860715380e-01 5.301686105853394e-01 0.000000000000000e+00 
-1.977248074752290e-01 5.004499192610365e-01 0.000000000000000e+00 
-2.759078039345384e-01 5.620795192788486e-01 0.000000000000000e+00 
-2.757572181528374e-01 6.215769917207428e-01 0.000000000000000e+00 
5.800000000000000e-01 0.000000000000000e+00 0.000000000000000e+00 
6.258675641756188e-01 2.419944836999216e-02 0.000000000000000e+00 
5.781665266285236e-01 4.608109684359442e-02 0.000000000000000e+00 
6.800000000000000e-01 0.000000000000000e+00 0.000000000000000e+00 
6.778504105299932e-01 5.402611354076584e-02 0.000000000000000e+00 
6.232692144783016e-01 7.452382993977108e-02 0.000000000000000e+00 
5.878928773160640e-01 -2.200536575804872e-01 0.000000000000000e+00 
5.668758033704614e-01 -2.654524132942372e-01 0.000000000000000e+00 
5.448666298274700e-01 -3.101860159381986e-01 0.000000000000000e+00 
6.040321766694100e-01 -3.123221566716244e-01 0.000000000000000e+00 
6.458776895748924e-01 -2.127016927751142e-01 0.000000000000000e+00 
6.269367812151810e-01 -2.633443987624352e-01 0.000000000000000e+00 
1.115988142881065e-01 -6.178904072800642e-01 0.000000000000000e+00 
1.258477087016668e-01 -5.661822623630490e-01 0.000000000000000e+00 
1.599252359091572e-01 -6.062333937540541e-01 0.000000000000000e+00 
2.072769205971630e-01 -5.906347757780588e-01 0.000000000000000e+00 
1.998181865497885e-01 -6.499789937559168e-01 0.000000000000000e+00 
1.475455895122984e-01 -6.637998938049542e-01 0.000000000000000e+00 
2.508274686763272e-01 -6.320487172342226e-01 0.000000000000000e+00 
-3.199073228995824e-01 -5.375131557664627e-01 0.000000000000000e+00 
-2.770749765489128e-01 -5.630279037366170e-01 0.000000000000000e+00 
-2.765831508285298e-01 -5.098056106770134e-01 0.000000000000000e+00 
-2.352046860715330e-01 -5.301686105853416e-01 0.000000000000000e+00 
-2.376260150296456e-01 -4.821164030127410e-01 0.000000000000000e+00 
-3.242699009713816e-01 -5.977031297592564e-01 0.000000000000000e+00 
-2.757572181528330e-01 -6.215769917207448e-01 0.000000000000000e+00 
3.352933601304134e-01 -4.732635234755124e-01 0.000000000000000e+00 
3.420904758974346e-01 -5.261359108118528e-01 0.000000000000000e+00 
3.816072890952776e-01 -4.956177607553554e-01 0.000000000000000e+00 
3.718343098034886e-01 -4.451283478424658e-01 0.000000000000000e+00 
3.477761257903286e-01 -5.843387427941686e-01 0.000000000000000e+00 
3.931025601528980e-01 -5.548606826954288e-01 0.000000000000000e+00 
4.359436735627108e-01 -5.218746147118564e-01 0.000000000000000e+00 
2.988058589186382e-01 5.499620201542545e-01 0.000000000000000e+00 
2.546015471351628e-01 5.737860997093256e-01 0.000000000000000e+00 
2.560963889652280e-01 5.203985391591434e-01 0.000000000000000e+00 
2.184710484375188e-01 4.920538221593864e-01 0.000000000000000e+00 
2.139410762239236e-01 5.391003764644848e-01 0.000000000000000e+00 
3.002509387868192e-01 6.101224252210647e-01 0.000000000000000e+00 
2.508274686763246e-01 6.320487172342236e-01 0.000000000000000e+00 
2.441529393628372e-01 3.118486196254386e-01 0.000000000000000e+00 
2.235672626411200e-01 2.798295525957626e-01 0.000000000000000e+00 
2.564126047441588e-01 2.760461844214874e-01 0.000000000000000e+00 
2.089273203571962e-01 3.123095760069524e-01 0.000000000000000e+00 
1.899487701868022e-01 2.842578286013064e-01 0.000000000000000e+00 
2.023593648567722e-01 2.522056807874774e-01 0.000000000000000e+00 
2.361312136873140e-01 2.468708562024410e-01 0.000000000000000e+00 
9.801836850962475e-02 3.586195229141416e-01 0.000000000000000e+00 
1.040865075643238e-01 3.926869855689116e-01 0.000000000000000e+00 
1.307894693123577e-01 3.786601374786424e-01 0.000000000000000e+00 
1.263556179653052e-01 4.110161284044774e-01 0.000000000000000e+00 
-1.001632852432885e-01 4.517161902704628e-01 0.000000000000000e+00 
-8.899894783877638e-02 4.920154339892102e-01 0.000000000000000e+00 
-1.278083162202387e-01 4.833891127290182e-01 0.000000000000000e+00 
-1.032387794929806e-01 5.707379034274837e-01 0.000000000000000e+00 
-1.150108979899926e-01 5.242846793239720e-01 0.000000000000000e+00 
-7.430497196986686e-02 5.323842021007720e-01 0.000000000000000e+00 
-1.578250815561955e-01 5.146235742965986e-01 0.000000000000000e+00 
4.060244032502678e-01 -4.141789274761138e-01 0.000000000000000e+00 
4.561024020536690e-01 -4.296309167979606e-01 0.000000000000000e+00 
4.376474796917742e-01 -3.806109345768170e-01 0.000000000000000e+00 
3.917855079765290e-01 -3.692802867559930e-01 0.000000000000000e+00 
5.131039417075974e-01 -4.462335095038546e-01 0.000000000000000e+00 
4.212567814121040e-01 -4.653366091615902e-01 0.000000000000000e+00 
4.760286107072100e-01 -4.855890873857890e-01 0.000000000000000e+00 
-4.221697100143038e-01 -3.977093611501226e-01 0.000000000000000e+00 
-4.393750305750748e-01 -4.481009627893064e-01 0.000000000000000e+00 
-3.892370884482380e-01 -4.299935917852014e-01 0.000000000000000e+00 
-4.949575910512534e-01 -4.662799406587638e-01 0.000000000000000e+00 
-4.563469312841424e-01 -5.041304179550627e-01 0.000000000000000e+00 
-3.673999914116738e-02 6.262310749190986e-01 0.000000000000000e+00 
-5.756720336667702e-02 5.771360473030078e-01 0.000000000000000e+00 
-1.351988761224893e-02 6.798655842436446e-01 0.000000000000000e+00 
-6.749258325748328e-02 6.766422623552506e-01 0.000000000000000e+00 
-8.685152065925818e-02 6.219587598033800e-01 0.000000000000000e+00 
1.224855072233663e-02 -6.276667872319202e-01 0.000000000000000e+00 
-1.153166884573775e-02 -5.798853512666380e-01 0.000000000000000e+00 
6.146758129928600e-02 -6.233117660029770e-01 0.000000000000000e+00 
3.457677259849812e-02 -5.789684333335210e-01 0.000000000000000e+00 
4.053828511547996e-02 -6.787905770117144e-01 0.000000000000000e+00 
9.434016175256900e-02 -6.734240372013010e-01 0.000000000000000e+00 
-1.351988761224487e-02 -6.798655842436448e-01 0.000000000000000e+00 

CELLS 2123 8492
3 376 0 1 
3 471 376 1 
3 425 0 374 
3 2 423 3 
3 2 0 425 
3 4 2 3 
3 2 425 423 
3 4 3 372 
3 1 0 2 
3 1 2 4 
3 423 136 3 
3 5 46 436 
3 5 6 7 
3 5 436 6 
3 6 8 7 
3 435 8 6 
3 272 8 435 
3 732 9 595 
3 733 5 7 
3 8 9 7 
3 7 9 732 
3 733 7 732 
3 275 9 8 
3 10 228 261 
3 11 10 12 
3 10 261 12 
3 11 12 13 
3 10 229 228 
3 11 13 476 
3 666 14 15 
3 549 14 666 
3 15 14 12 
3 13 14 548 
3 261 15 12 
3 12 14 13 
3 16 17 18 
3 19 16 18 
3 20 170 17 
3 21 17 169 
3 16 22 624 
3 21 18 17 
3 16 19 22 
3 387 16 624 
3 16 20 17 
3 19 18 220 
3 16 387 20 
3 23 24 214 
3 23 258 25 
3 23 26 24 
3 24 26 27 
3 23 25 26 
3 258 306 25 
3 25 28 26 
3 26 28 29 
3 182 27 29 
3 27 26 29 
3 30 100 31 
3 31 100 32 
3 562 30 33 
3 31 33 30 
3 34 31 35 
3 31 32 35 
3 35 32 528 
3 34 33 31 
3 684 33 34 
3 35 529 688 
3 35 688 34 
3 36 281 37 
3 38 39 37 
3 276 38 37 
3 536 38 276 
3 238 38 536 
3 37 39 36 
3 40 39 38 
3 36 39 690 
3 238 40 38 
3 690 39 41 
3 40 41 39 
3 42 43 44 
3 42 751 43 
3 45 489 46 
3 614 45 47 
3 44 489 45 
3 45 46 47 
3 42 615 750 
3 48 44 45 
3 48 45 614 
3 48 42 44 
3 42 48 615 
3 49 50 51 
3 473 49 51 
3 52 50 49 
3 410 53 50 
3 50 53 51 
3 51 53 54 
3 55 473 51 
3 55 51 54 
3 55 54 227 
3 467 50 52 
3 56 57 58 
3 56 58 188 
3 334 57 56 
3 450 209 58 
3 450 58 451 
3 56 188 187 
3 59 56 187 
3 59 187 63 
3 65 59 63 
3 59 334 56 
3 58 57 451 
3 60 61 62 
3 63 61 60 
3 61 28 62 
3 62 308 91 
3 60 62 91 
3 64 60 91 
3 64 196 65 
3 65 63 60 
3 64 65 60 
3 183 61 63 
3 29 28 61 
3 29 61 183 
3 66 67 294 
3 66 68 67 
3 69 68 66 
3 451 69 448 
3 67 68 318 
3 332 331 68 
3 69 332 68 
3 68 331 318 
3 69 66 448 
3 451 57 69 
3 69 57 332 
3 70 71 72 
3 128 70 73 
3 73 70 72 
3 70 74 71 
3 110 72 111 
3 72 71 111 
3 75 73 72 
3 110 75 72 
3 71 74 271 
3 140 125 73 
3 75 140 73 
3 76 116 77 
3 78 582 79 
3 80 116 76 
3 81 582 78 
3 82 76 77 
3 83 81 78 
3 82 78 76 
3 82 83 78 
3 78 79 76 
3 83 400 81 
3 79 80 76 
3 327 356 352 
3 84 356 85 
3 85 356 327 
3 86 326 371 
3 87 316 323 
3 462 84 85 
3 85 327 304 
3 462 463 84 
3 463 149 84 
3 324 315 124 
3 87 323 86 
3 87 86 370 
3 88 89 90 
3 103 89 396 
3 90 89 103 
3 91 92 93 
3 195 93 88 
3 64 91 93 
3 195 64 93 
3 91 308 92 
3 396 89 92 
3 93 89 88 
3 92 89 93 
3 94 95 515 
3 96 30 162 
3 97 98 95 
3 99 97 161 
3 99 98 97 
3 97 95 94 
3 97 94 96 
3 97 96 161 
3 514 100 94 
3 96 100 30 
3 94 100 96 
3 83 101 401 
3 82 101 83 
3 102 90 103 
3 101 103 401 
3 102 103 101 
3 104 105 282 
3 105 82 77 
3 105 101 82 
3 255 90 102 
3 104 102 105 
3 255 102 104 
3 102 101 105 
3 312 106 107 
3 108 106 109 
3 107 106 108 
3 108 109 247 
3 108 247 110 
3 108 110 111 
3 107 108 111 
3 112 106 113 
3 113 106 312 
3 109 106 112 
3 95 114 115 
3 77 116 117 
3 98 114 95 
3 118 114 98 
3 117 114 118 
3 515 95 115 
3 119 515 115 
3 119 115 80 
3 117 116 114 
3 115 116 80 
3 114 116 115 
3 253 252 120 
3 121 418 120 
3 122 418 121 
3 120 123 121 
3 123 252 303 
3 324 124 305 
3 120 252 123 
3 122 121 315 
3 123 302 124 
3 121 123 124 
3 315 121 124 
3 142 125 140 
3 126 74 127 
3 125 128 73 
3 129 130 292 
3 127 130 129 
3 126 127 129 
3 127 74 70 
3 127 70 128 
3 349 128 125 
3 127 128 130 
3 130 128 349 
3 131 132 133 
3 132 112 113 
3 134 112 132 
3 135 147 134 
3 133 132 113 
3 136 137 131 
3 137 132 131 
3 137 134 132 
3 137 135 134 
3 137 422 135 
3 136 422 137 
3 246 138 139 
3 140 141 142 
3 139 141 140 
3 139 138 143 
3 143 141 139 
3 142 141 447 
3 447 141 144 
3 144 415 443 
3 144 141 143 
3 75 139 140 
3 75 246 139 
3 145 194 244 
3 248 145 244 
3 178 194 145 
3 383 389 539 
3 109 146 248 
3 146 145 248 
3 147 166 178 
3 146 112 134 
3 145 147 178 
3 134 147 146 
3 146 147 145 
3 109 112 146 
3 148 160 501 
3 149 150 151 
3 150 160 148 
3 151 150 148 
3 227 204 152 
3 148 225 152 
3 151 148 152 
3 148 501 225 
3 149 151 355 
3 225 227 152 
3 151 152 208 
3 153 154 155 
3 155 154 156 
3 153 157 433 
3 153 155 158 
3 156 154 338 
3 192 155 156 
3 438 154 153 
3 158 157 153 
3 180 157 177 
3 177 157 158 
3 180 434 157 
3 463 159 149 
3 500 160 566 
3 159 150 149 
3 161 162 163 
3 162 566 163 
3 161 163 159 
3 99 161 159 
3 566 160 163 
3 163 160 150 
3 163 150 159 
3 463 99 159 
3 161 96 162 
3 164 165 181 
3 165 426 286 
3 175 166 164 
3 135 422 167 
3 167 421 168 
3 164 168 165 
3 135 166 147 
3 165 168 426 
3 164 167 168 
3 166 167 164 
3 135 167 166 
3 169 170 171 
3 20 172 170 
3 169 17 170 
3 171 173 286 
3 426 171 286 
3 426 427 171 
3 427 169 171 
3 170 173 171 
3 290 173 172 
3 172 173 170 
3 20 388 172 
3 174 175 176 
3 174 176 177 
3 178 166 175 
3 176 179 180 
3 175 164 181 
3 175 181 176 
3 174 178 175 
3 176 180 177 
3 174 194 178 
3 181 179 176 
3 182 29 183 
3 184 185 182 
3 184 182 183 
3 184 210 185 
3 185 186 182 
3 187 184 183 
3 188 210 184 
3 188 184 187 
3 187 183 63 
3 186 27 182 
3 189 174 177 
3 189 177 158 
3 189 158 190 
3 191 190 192 
3 193 189 190 
3 189 194 174 
3 191 193 190 
3 191 243 193 
3 193 194 189 
3 158 155 190 
3 190 155 192 
3 195 196 64 
3 330 196 197 
3 382 197 198 
3 382 198 251 
3 198 195 88 
3 198 254 251 
3 198 88 254 
3 197 196 195 
3 88 90 254 
3 198 197 195 
3 65 196 333 
3 523 199 527 
3 200 391 201 
3 199 202 201 
3 202 200 201 
3 203 201 364 
3 201 391 364 
3 203 199 201 
3 527 199 203 
3 523 696 199 
3 199 696 202 
3 909 200 202 
3 204 205 206 
3 206 207 351 
3 206 205 207 
3 409 205 53 
3 54 205 204 
3 54 204 227 
3 152 204 208 
3 208 204 206 
3 208 206 353 
3 53 205 54 
3 207 205 409 
3 58 209 188 
3 600 185 210 
3 480 211 212 
3 600 210 211 
3 212 209 450 
3 188 209 210 
3 211 209 212 
3 210 209 211 
3 480 213 211 
3 213 600 211 
3 214 24 215 
3 27 216 24 
3 186 216 27 
3 215 216 550 
3 24 216 215 
3 186 599 216 
3 216 599 550 
3 217 218 859 
3 214 218 217 
3 215 218 214 
3 552 218 215 
3 19 219 22 
3 220 221 219 
3 19 220 219 
3 220 557 221 
3 222 223 671 
3 223 224 669 
3 221 224 223 
3 559 224 221 
3 219 223 222 
3 219 222 22 
3 221 223 219 
3 225 226 227 
3 228 229 230 
3 55 229 473 
3 226 55 227 
3 501 231 225 
3 231 230 226 
3 225 231 226 
3 226 229 55 
3 230 229 226 
3 263 228 230 
3 311 232 233 
3 306 256 234 
3 233 232 235 
3 605 234 638 
3 232 234 235 
3 306 234 232 
3 235 234 605 
3 235 236 233 
3 233 236 237 
3 233 237 398 
3 311 233 398 
3 238 239 240 
3 241 534 752 
3 534 241 238 
3 241 752 242 
3 238 241 239 
3 241 242 239 
3 40 238 240 
3 40 240 41 
3 242 700 239 
3 240 702 41 
3 239 701 240 
3 243 244 193 
3 243 245 244 
3 245 138 246 
3 245 246 247 
3 244 245 248 
3 248 245 247 
3 109 248 247 
3 243 138 245 
3 244 194 193 
3 247 246 110 
3 110 246 75 
3 249 303 250 
3 251 252 253 
3 250 252 251 
3 382 251 253 
3 254 90 255 
3 254 255 250 
3 255 104 249 
3 254 250 251 
3 255 249 250 
3 303 252 250 
3 638 256 257 
3 306 258 256 
3 23 214 259 
3 260 23 259 
3 260 257 256 
3 258 260 256 
3 260 259 257 
3 23 260 258 
3 259 639 257 
3 214 217 259 
3 217 639 259 
3 261 228 262 
3 263 262 228 
3 263 264 262 
3 265 266 665 
3 664 267 265 
3 264 266 265 
3 261 267 15 
3 503 266 264 
3 262 267 261 
3 264 265 262 
3 265 267 262 
3 268 418 122 
3 268 122 269 
3 270 271 268 
3 270 268 269 
3 107 270 269 
3 312 107 269 
3 111 71 270 
3 107 111 270 
3 270 71 271 
3 271 420 268 
3 271 74 416 
3 272 273 274 
3 434 273 272 
3 180 273 434 
3 179 273 180 
3 289 273 179 
3 591 275 274 
3 291 591 274 
3 275 272 274 
3 291 274 289 
3 274 273 289 
3 291 594 591 
3 275 8 272 
3 276 277 406 
3 278 279 280 
3 278 280 277 
3 276 278 277 
3 276 37 278 
3 279 368 280 
3 280 405 277 
3 367 405 280 
3 37 281 278 
3 279 281 527 
3 278 281 279 
3 282 283 284 
3 283 117 118 
3 283 118 460 
3 105 77 282 
3 104 282 284 
3 104 284 249 
3 285 300 284 
3 283 285 284 
3 283 460 285 
3 282 117 283 
3 77 117 282 
3 165 286 287 
3 286 288 287 
3 288 289 287 
3 286 173 288 
3 288 173 290 
3 165 287 181 
3 288 290 291 
3 288 291 289 
3 289 179 287 
3 290 594 291 
3 287 179 181 
3 292 293 317 
3 293 67 317 
3 294 67 293 
3 295 296 297 
3 292 130 298 
3 292 298 297 
3 299 294 293 
3 297 299 293 
3 298 295 297 
3 292 297 293 
3 297 296 299 
3 300 301 302 
3 285 301 300 
3 303 302 123 
3 249 300 303 
3 284 300 249 
3 300 302 303 
3 304 301 464 
3 305 301 304 
3 302 301 305 
3 124 302 305 
3 306 232 307 
3 92 308 309 
3 310 28 25 
3 306 310 25 
3 306 307 310 
3 62 310 308 
3 311 307 232 
3 308 310 307 
3 62 28 310 
3 309 308 307 
3 397 309 311 
3 311 309 307 
3 113 312 313 
3 314 122 315 
3 315 316 314 
3 314 316 313 
3 313 316 87 
3 312 269 314 
3 269 122 314 
3 312 314 313 
3 133 313 87 
3 133 113 313 
3 324 316 315 
3 317 67 318 
3 328 379 319 
3 129 292 317 
3 126 129 320 
3 126 320 321 
3 320 319 321 
3 129 317 320 
3 319 331 328 
3 317 318 320 
3 318 319 320 
3 318 331 319 
3 322 323 324 
3 325 326 86 
3 86 323 325 
3 327 352 325 
3 323 316 324 
3 325 323 322 
3 327 325 322 
3 322 324 305 
3 352 326 325 
3 322 305 304 
3 327 322 304 
3 328 329 330 
3 329 331 332 
3 330 329 333 
3 328 331 329 
3 333 196 330 
3 65 333 59 
3 329 334 333 
3 333 334 59 
3 332 57 334 
3 332 334 329 
3 335 336 337 
3 156 338 339 
3 192 156 335 
3 338 538 339 
3 412 335 337 
3 412 192 335 
3 156 339 335 
3 337 336 402 
3 339 336 335 
3 337 402 415 
3 407 336 339 
3 340 341 342 
3 343 66 294 
3 340 342 343 
3 340 343 294 
3 342 359 452 
3 342 452 343 
3 341 344 342 
3 344 359 342 
3 345 346 344 
3 341 345 344 
3 345 1006 346 
3 347 348 459 
3 298 347 295 
3 349 125 350 
3 350 125 142 
3 348 350 446 
3 446 350 142 
3 347 350 348 
3 298 130 349 
3 349 350 347 
3 298 349 347 
3 347 459 295 
3 351 326 352 
3 351 352 353 
3 351 207 354 
3 354 326 351 
3 149 355 84 
3 151 208 355 
3 206 351 353 
3 208 353 355 
3 352 356 353 
3 355 356 84 
3 353 356 355 
3 346 357 358 
3 346 358 344 
3 358 359 344 
3 358 360 359 
3 452 359 453 
3 359 360 453 
3 453 360 578 
3 357 361 358 
3 360 362 578 
3 360 361 362 
3 358 361 360 
3 391 363 364 
3 365 366 363 
3 444 366 365 
3 363 455 365 
3 367 366 444 
3 363 366 364 
3 368 367 280 
3 368 366 367 
3 279 203 368 
3 364 366 368 
3 203 364 368 
3 369 131 370 
3 369 370 371 
3 369 371 372 
3 3 369 372 
3 369 136 131 
3 133 87 370 
3 131 133 370 
3 3 136 369 
3 370 86 371 
3 371 326 354 
3 371 354 372 
3 373 374 375 
3 427 374 373 
3 375 0 376 
3 374 0 375 
3 375 377 378 
3 373 21 169 
3 427 373 169 
3 373 375 378 
3 373 378 21 
3 376 377 375 
3 466 377 376 
3 419 379 380 
3 381 379 328 
3 319 379 321 
3 321 379 419 
3 381 197 382 
3 381 330 197 
3 380 381 382 
3 380 382 253 
3 380 253 417 
3 381 328 330 
3 380 379 381 
3 383 290 172 
3 384 385 386 
3 20 387 384 
3 384 388 20 
3 384 389 383 
3 389 384 386 
3 384 387 385 
3 383 388 384 
3 388 383 172 
3 387 624 385 
3 390 391 200 
3 392 455 363 
3 393 455 392 
3 392 391 390 
3 394 392 390 
3 393 392 394 
3 394 390 1066 
3 394 1065 395 
3 393 394 395 
3 392 363 391 
3 1065 431 395 
3 396 309 397 
3 398 399 400 
3 400 399 81 
3 92 309 396 
3 103 396 401 
3 397 311 398 
3 83 401 400 
3 397 398 400 
3 401 397 400 
3 401 396 397 
3 237 399 398 
3 402 403 415 
3 404 405 402 
3 277 405 404 
3 336 404 402 
3 405 403 402 
3 536 276 406 
3 537 406 407 
3 367 403 405 
3 277 404 406 
3 407 404 336 
3 406 404 407 
3 408 409 410 
3 354 207 411 
3 409 53 410 
3 4 372 411 
3 4 411 408 
3 1 4 408 
3 471 1 408 
3 471 408 410 
3 411 409 408 
3 411 207 409 
3 372 354 411 
3 412 413 191 
3 243 413 138 
3 143 413 414 
3 138 413 143 
3 414 413 412 
3 412 191 192 
3 144 143 414 
3 414 337 415 
3 414 412 337 
3 144 414 415 
3 191 413 243 
3 416 74 126 
3 253 120 417 
3 120 418 417 
3 419 380 417 
3 417 418 420 
3 420 418 268 
3 419 417 420 
3 416 126 321 
3 271 416 420 
3 416 321 419 
3 416 419 420 
3 421 422 423 
3 424 421 425 
3 425 421 423 
3 168 421 424 
3 167 422 421 
3 425 374 424 
3 426 424 427 
3 424 374 427 
3 426 168 424 
3 423 422 136 
3 295 428 296 
3 429 428 458 
3 1064 430 431 
3 430 1005 441 
3 431 432 429 
3 430 432 431 
3 299 340 294 
3 432 440 429 
3 440 428 429 
3 296 428 440 
3 441 432 430 
3 395 431 429 
3 433 434 435 
3 46 489 436 
3 435 434 272 
3 433 435 437 
3 438 153 433 
3 438 433 437 
3 437 436 490 
3 438 437 490 
3 437 6 436 
3 435 6 437 
3 157 434 433 
3 439 440 432 
3 439 432 441 
3 442 440 439 
3 441 1006 345 
3 442 296 440 
3 341 442 439 
3 340 442 341 
3 299 442 340 
3 341 439 345 
3 439 441 345 
3 299 296 442 
3 443 444 445 
3 445 444 365 
3 415 403 443 
3 446 142 447 
3 446 445 456 
3 446 447 445 
3 447 443 445 
3 447 144 443 
3 445 365 456 
3 367 444 403 
3 403 444 443 
3 448 66 343 
3 449 450 451 
3 452 448 343 
3 449 451 448 
3 452 449 448 
3 452 453 449 
3 453 578 454 
3 453 454 449 
3 454 450 449 
3 212 450 454 
3 365 455 456 
3 457 455 393 
3 458 428 459 
3 348 446 456 
3 395 429 458 
3 348 456 457 
3 393 395 458 
3 457 393 458 
3 457 458 459 
3 348 457 459 
3 459 428 295 
3 456 455 457 
3 460 461 462 
3 99 461 98 
3 463 461 99 
3 98 461 118 
3 462 85 464 
3 464 301 285 
3 460 464 285 
3 85 304 464 
3 460 462 464 
3 462 461 463 
3 118 461 460 
3 465 466 467 
3 465 467 52 
3 465 52 468 
3 469 470 465 
3 465 470 466 
3 410 50 467 
3 471 410 467 
3 466 376 471 
3 466 471 467 
3 469 465 468 
3 469 487 470 
3 10 472 473 
3 474 475 468 
3 474 472 476 
3 11 476 472 
3 10 473 229 
3 52 49 474 
3 52 474 468 
3 11 472 10 
3 49 472 474 
3 474 476 475 
3 473 472 49 
3 576 477 478 
3 477 479 478 
3 480 479 481 
3 213 480 481 
3 479 480 478 
3 477 576 482 
3 479 477 483 
3 479 483 481 
3 477 898 1071 
3 477 1071 483 
3 477 482 898 
3 220 18 484 
3 220 484 485 
3 470 377 466 
3 486 377 470 
3 378 377 486 
3 378 486 484 
3 378 484 21 
3 486 485 484 
3 484 18 21 
3 486 487 485 
3 470 487 486 
3 488 489 44 
3 436 489 490 
3 488 43 491 
3 492 154 438 
3 488 44 43 
3 338 492 491 
3 492 438 490 
3 338 154 492 
3 492 488 491 
3 492 490 488 
3 490 489 488 
3 493 494 495 
3 496 494 493 
3 496 361 357 
3 357 494 496 
3 715 496 493 
3 1068 495 494 
3 646 713 497 
3 495 645 643 
3 1070 645 495 
3 493 643 497 
3 493 497 715 
3 495 643 493 
3 498 499 231 
3 500 498 501 
3 498 500 502 
3 499 503 264 
3 499 502 503 
3 500 501 160 
3 499 230 231 
3 499 498 502 
3 263 499 264 
3 499 263 230 
3 498 231 501 
3 504 588 505 
3 506 512 507 
3 507 508 509 
3 583 508 507 
3 510 504 505 
3 506 507 509 
3 504 508 584 
3 509 508 510 
3 510 508 504 
3 517 507 512 
3 581 588 504 
3 511 512 506 
3 513 512 511 
3 32 100 514 
3 515 514 94 
3 514 516 513 
3 515 516 514 
3 513 32 514 
3 513 516 512 
3 119 516 515 
3 517 512 516 
3 517 516 119 
3 518 519 520 
3 560 519 518 
3 519 487 469 
3 518 520 521 
3 469 468 520 
3 520 475 521 
3 468 475 520 
3 519 469 520 
3 522 855 518 
3 521 547 522 
3 521 522 518 
3 518 855 560 
3 523 524 525 
3 526 524 36 
3 525 524 526 
3 281 524 527 
3 36 524 281 
3 527 524 523 
3 697 523 525 
3 526 36 690 
3 279 527 203 
3 526 680 525 
3 525 681 697 
3 528 32 513 
3 528 513 511 
3 688 529 530 
3 531 529 532 
3 530 529 531 
3 532 529 528 
3 511 532 528 
3 528 529 35 
3 530 811 687 
3 531 533 530 
3 533 811 530 
3 751 534 535 
3 534 238 536 
3 43 535 491 
3 537 536 406 
3 534 536 537 
3 338 491 538 
3 538 407 339 
3 538 537 407 
3 534 537 535 
3 491 535 538 
3 538 535 537 
3 751 535 43 
3 539 389 540 
3 539 540 541 
3 539 541 542 
3 543 542 541 
3 595 542 543 
3 389 386 540 
3 541 632 543 
3 540 628 544 
3 540 544 541 
3 386 628 540 
3 544 632 541 
3 545 476 13 
3 521 475 545 
3 475 476 545 
3 546 547 548 
3 522 547 791 
3 548 14 549 
3 546 548 549 
3 791 547 546 
3 548 547 545 
3 13 548 545 
3 545 547 521 
3 550 599 551 
3 552 553 554 
3 555 552 554 
3 555 218 552 
3 554 553 653 
3 859 218 555 
3 550 553 552 
3 551 553 550 
3 550 552 215 
3 554 556 555 
3 656 556 554 
3 557 558 559 
3 557 220 485 
3 558 487 519 
3 559 558 560 
3 558 519 560 
3 485 487 558 
3 557 485 558 
3 557 559 221 
3 560 855 561 
3 560 561 559 
3 561 224 559 
3 562 563 564 
3 500 565 502 
3 563 562 33 
3 562 566 162 
3 562 162 30 
3 562 567 566 
3 500 567 565 
3 567 562 564 
3 563 685 564 
3 567 564 565 
3 567 500 566 
3 568 846 569 
3 570 571 572 
3 1053 573 574 
3 570 572 575 
3 571 967 572 
3 573 570 575 
3 573 575 574 
3 568 573 918 
3 569 571 570 
3 569 570 568 
3 570 573 568 
3 576 478 577 
3 578 577 579 
3 579 212 454 
3 480 212 579 
3 480 579 478 
3 578 579 454 
3 579 577 478 
3 362 577 578 
3 580 577 362 
3 576 580 482 
3 576 577 580 
3 586 581 582 
3 583 584 508 
3 517 583 507 
3 586 582 81 
3 583 119 80 
3 583 80 79 
3 582 584 79 
3 583 79 584 
3 581 584 582 
3 581 504 584 
3 583 517 119 
3 585 399 237 
3 586 587 588 
3 586 81 399 
3 589 587 723 
3 505 588 589 
3 589 588 587 
3 586 585 587 
3 585 586 399 
3 581 586 588 
3 724 590 589 
3 589 590 505 
3 591 592 275 
3 593 592 591 
3 593 591 594 
3 383 539 594 
3 383 594 290 
3 9 592 595 
3 593 542 592 
3 595 592 542 
3 539 593 594 
3 275 592 9 
3 593 539 542 
3 213 481 596 
3 597 598 599 
3 597 599 186 
3 600 596 598 
3 551 598 677 
3 597 600 598 
3 598 596 677 
3 600 597 185 
3 551 599 598 
3 600 213 596 
3 597 186 185 
3 601 602 603 
3 604 235 605 
3 726 236 604 
3 604 236 235 
3 773 601 603 
3 773 727 601 
3 603 602 658 
3 604 602 601 
3 605 602 604 
3 640 602 605 
3 604 601 726 
3 601 727 726 
3 606 607 608 
3 608 590 609 
3 610 607 848 
3 606 608 609 
3 848 607 606 
3 608 607 510 
3 505 590 608 
3 509 607 610 
3 505 608 510 
3 509 610 506 
3 510 607 509 
3 748 611 997 
3 612 611 613 
3 613 649 887 
3 48 614 615 
3 612 613 887 
3 997 611 612 
3 615 611 748 
3 613 611 614 
3 47 649 613 
3 615 748 750 
3 47 613 614 
3 614 611 615 
3 616 617 610 
3 532 617 618 
3 531 532 618 
3 618 617 616 
3 610 617 506 
3 511 617 532 
3 506 617 511 
3 531 619 533 
3 618 619 531 
3 616 793 618 
3 793 619 618 
3 620 621 222 
3 622 621 623 
3 620 222 671 
3 627 622 623 
3 623 621 620 
3 222 621 22 
3 624 621 622 
3 624 622 385 
3 22 621 624 
3 623 831 627 
3 620 833 623 
3 625 626 627 
3 626 622 627 
3 625 628 626 
3 629 628 625 
3 385 622 626 
3 626 628 386 
3 385 626 386 
3 781 630 625 
3 629 630 635 
3 627 781 625 
3 625 630 629 
3 631 544 629 
3 544 628 629 
3 729 632 633 
3 865 729 633 
3 631 632 544 
3 633 632 631 
3 543 632 729 
3 634 635 1049 
3 631 635 634 
3 631 634 633 
3 629 635 631 
3 634 1081 633 
3 659 636 637 
3 638 234 256 
3 636 639 637 
3 659 640 636 
3 641 639 217 
3 637 639 641 
3 257 639 636 
3 638 640 605 
3 257 636 638 
3 636 640 638 
3 641 858 637 
3 642 643 644 
3 497 643 642 
3 643 645 644 
3 646 497 642 
3 647 648 721 
3 647 645 648 
3 644 645 647 
3 648 645 1070 
3 799 805 642 
3 644 799 642 
3 642 805 646 
3 887 649 886 
3 5 650 651 
3 5 651 46 
3 47 46 651 
3 5 733 650 
3 886 649 652 
3 886 652 868 
3 650 869 652 
3 652 649 651 
3 650 652 651 
3 651 649 47 
3 653 553 654 
3 654 675 655 
3 653 654 655 
3 677 654 551 
3 654 553 551 
3 656 657 837 
3 837 657 1016 
3 653 657 656 
3 655 657 653 
3 653 656 554 
3 1017 657 655 
3 658 640 659 
3 658 602 640 
3 660 661 937 
3 976 660 937 
3 976 662 660 
3 658 662 603 
3 858 661 637 
3 659 661 660 
3 659 660 658 
3 637 661 659 
3 660 662 658 
3 663 267 664 
3 15 267 663 
3 664 265 665 
3 666 15 663 
3 756 667 668 
3 1041 667 756 
3 663 667 1043 
3 664 667 663 
3 663 1043 666 
3 665 668 664 
3 668 667 664 
3 669 224 670 
3 671 223 669 
3 670 224 561 
3 672 673 674 
3 1033 672 674 
3 1098 673 853 
3 674 673 1098 
3 669 673 672 
3 670 673 669 
3 669 672 671 
3 853 673 670 
3 655 675 676 
3 677 675 654 
3 678 675 677 
3 678 481 483 
3 678 596 481 
3 677 596 678 
3 1073 679 1071 
3 676 679 1073 
3 676 675 679 
3 483 679 678 
3 679 675 678 
3 1071 679 483 
3 525 680 681 
3 681 680 682 
3 766 681 682 
3 766 765 681 
3 682 680 693 
3 681 765 697 
3 969 768 767 
3 824 762 825 
3 682 762 766 
3 693 825 682 
3 825 762 682 
3 767 1013 969 
3 34 683 684 
3 563 684 685 
3 563 33 684 
3 711 686 777 
3 687 688 530 
3 687 683 688 
3 778 683 687 
3 778 686 683 
3 685 686 711 
3 684 686 685 
3 683 686 684 
3 688 683 34 
3 41 689 690 
3 691 689 692 
3 693 691 692 
3 693 680 691 
3 705 689 702 
3 692 689 705 
3 690 689 691 
3 690 691 526 
3 702 689 41 
3 691 680 526 
3 692 829 693 
3 765 694 695 
3 695 696 697 
3 697 696 523 
3 908 698 699 
3 695 698 696 
3 699 698 695 
3 696 698 202 
3 909 698 908 
3 909 202 698 
3 699 694 904 
3 695 694 699 
3 697 765 695 
3 700 701 239 
3 240 701 702 
3 703 701 700 
3 702 701 704 
3 703 700 913 
3 705 702 704 
3 704 701 703 
3 704 706 707 
3 703 706 704 
3 704 707 705 
3 708 709 893 
3 503 502 708 
3 710 564 685 
3 710 565 564 
3 708 565 710 
3 502 565 708 
3 776 709 711 
3 711 709 710 
3 685 711 710 
3 708 893 503 
3 710 709 708 
3 712 713 899 
3 361 714 362 
3 496 714 361 
3 482 580 712 
3 715 714 496 
3 580 714 712 
3 712 714 715 
3 362 714 580 
3 497 713 715 
3 712 899 482 
3 715 713 712 
3 716 742 717 
3 716 717 718 
3 1069 718 719 
3 719 718 717 
3 1007 716 718 
3 648 720 721 
3 722 720 744 
3 721 720 722 
3 719 720 648 
3 717 720 719 
3 744 720 717 
3 723 724 589 
3 587 725 723 
3 723 725 726 
3 726 725 236 
3 236 725 237 
3 585 725 587 
3 585 237 725 
3 724 727 728 
3 728 727 773 
3 723 727 724 
3 726 727 723 
3 543 729 730 
3 730 595 543 
3 731 732 730 
3 730 732 595 
3 733 732 731 
3 733 731 650 
3 734 729 865 
3 731 869 650 
3 730 729 734 
3 730 734 731 
3 734 869 731 
3 910 905 735 
3 1060 736 743 
3 737 1062 738 
3 735 738 910 
3 1060 737 736 
3 737 735 736 
3 737 738 735 
3 735 905 739 
3 739 740 736 
3 735 739 736 
3 736 740 743 
3 741 716 1063 
3 716 741 742 
3 741 743 742 
3 744 745 746 
3 745 740 747 
3 722 744 746 
3 746 745 747 
3 742 745 744 
3 743 740 745 
3 742 744 717 
3 743 745 742 
3 748 749 750 
3 534 751 752 
3 242 752 750 
3 751 42 752 
3 42 750 752 
3 700 749 913 
3 753 748 997 
3 753 749 748 
3 913 749 753 
3 242 749 700 
3 750 749 242 
3 668 754 755 
3 756 668 755 
3 755 754 1087 
3 665 754 668 
3 757 758 759 
3 1039 757 760 
3 757 759 760 
3 758 757 755 
3 756 757 1039 
3 1087 758 755 
3 755 757 756 
3 761 762 763 
3 764 765 766 
3 764 694 765 
3 901 694 764 
3 767 768 761 
3 767 761 763 
3 763 762 824 
3 766 762 761 
3 761 768 764 
3 766 761 764 
3 764 768 901 
3 862 769 770 
3 771 772 975 
3 771 769 772 
3 770 769 771 
3 603 662 772 
3 728 769 862 
3 773 769 728 
3 603 772 773 
3 772 769 773 
3 771 978 863 
3 975 978 771 
3 771 863 770 
3 963 774 775 
3 891 774 962 
3 776 711 777 
3 777 686 778 
3 775 779 813 
3 963 775 813 
3 778 779 775 
3 687 779 778 
3 775 774 777 
3 776 774 891 
3 778 775 777 
3 777 774 776 
3 780 630 781 
3 780 781 782 
3 781 831 782 
3 1046 630 780 
3 627 831 781 
3 783 784 785 
3 783 785 1050 
3 784 1038 785 
3 782 784 783 
3 832 784 782 
3 783 1047 780 
3 782 783 780 
3 786 787 880 
3 817 788 789 
3 786 790 787 
3 788 790 789 
3 789 790 786 
3 787 790 546 
3 791 790 788 
3 791 788 854 
3 549 787 546 
3 546 790 791 
3 786 881 818 
3 786 818 789 
3 792 793 794 
3 793 850 794 
3 792 619 793 
3 922 619 792 
3 616 850 793 
3 795 874 796 
3 795 796 797 
3 924 795 797 
3 794 874 795 
3 794 795 792 
3 795 924 792 
3 798 799 800 
3 801 802 1057 
3 798 805 799 
3 801 803 802 
3 799 803 800 
3 800 803 801 
3 802 803 647 
3 644 803 799 
3 721 802 647 
3 647 803 644 
3 1057 979 801 
3 804 805 798 
3 806 900 807 
3 807 805 804 
3 806 807 804 
3 646 805 807 
3 808 809 810 
3 808 810 1092 
3 809 984 810 
3 804 809 808 
3 804 808 806 
3 798 809 804 
3 923 811 533 
3 812 811 923 
3 812 779 811 
3 813 779 812 
3 811 779 687 
3 958 814 815 
3 814 919 816 
3 814 816 815 
3 813 814 958 
3 812 814 813 
3 923 919 812 
3 919 814 812 
3 817 852 788 
3 818 881 819 
3 820 821 822 
3 820 822 1101 
3 818 819 823 
3 821 818 823 
3 821 823 822 
3 817 821 820 
3 789 821 817 
3 817 820 1096 
3 818 821 789 
3 824 825 826 
3 827 828 707 
3 829 828 830 
3 826 829 830 
3 830 828 827 
3 826 825 829 
3 707 828 705 
3 692 828 829 
3 705 828 692 
3 829 825 693 
3 826 940 824 
3 782 831 832 
3 833 834 835 
3 832 833 835 
3 832 831 833 
3 1033 834 672 
3 835 834 1033 
3 620 834 833 
3 671 834 620 
3 672 834 671 
3 833 831 623 
3 835 1035 832 
3 931 556 836 
3 836 656 837 
3 836 556 656 
3 838 1018 839 
3 840 838 841 
3 840 841 927 
3 838 839 841 
3 1018 838 837 
3 836 838 840 
3 836 840 931 
3 837 838 836 
3 842 843 906 
3 569 843 842 
3 844 740 739 
3 844 739 845 
3 747 740 844 
3 846 843 569 
3 844 843 846 
3 845 843 844 
3 906 843 845 
3 844 846 747 
3 842 571 569 
3 606 871 847 
3 609 871 606 
3 616 610 848 
3 847 871 873 
3 849 847 873 
3 849 850 847 
3 794 850 849 
3 848 850 616 
3 606 847 848 
3 847 850 848 
3 877 947 878 
3 849 874 794 
3 851 852 853 
3 854 855 522 
3 561 855 851 
3 670 561 851 
3 854 522 791 
3 851 855 854 
3 853 852 1096 
3 1096 852 817 
3 854 852 851 
3 851 853 670 
3 788 852 854 
3 555 556 856 
3 641 857 858 
3 641 217 859 
3 856 556 931 
3 858 857 932 
3 933 856 931 
3 933 857 856 
3 932 857 933 
3 859 857 641 
3 555 856 859 
3 856 857 859 
3 860 861 609 
3 860 590 724 
3 860 724 728 
3 609 590 860 
3 948 862 770 
3 948 861 862 
3 728 862 860 
3 862 861 860 
3 863 978 864 
3 863 864 950 
3 978 974 864 
3 633 1081 865 
3 866 867 868 
3 652 869 868 
3 866 734 865 
3 866 869 734 
3 868 869 866 
3 884 867 955 
3 868 867 884 
3 865 1081 870 
3 865 870 866 
3 870 867 866 
3 861 871 609 
3 872 871 861 
3 873 871 872 
3 874 875 876 
3 874 876 796 
3 875 877 878 
3 875 878 876 
3 849 875 874 
3 873 875 849 
3 872 877 873 
3 877 875 873 
3 549 879 787 
3 1043 879 666 
3 787 879 880 
3 880 879 1042 
3 666 879 549 
3 881 882 883 
3 882 1045 883 
3 881 883 819 
3 882 881 880 
3 1042 882 880 
3 880 881 786 
3 884 885 886 
3 887 885 888 
3 889 885 884 
3 888 885 890 
3 889 884 955 
3 995 888 890 
3 890 885 889 
3 868 884 886 
3 887 888 612 
3 886 885 887 
3 776 891 892 
3 893 709 892 
3 894 893 892 
3 892 709 776 
3 894 266 893 
3 665 266 894 
3 893 266 503 
3 894 754 665 
3 892 895 894 
3 895 754 894 
3 891 895 892 
3 646 807 896 
3 897 1076 1072 
3 897 898 899 
3 899 713 896 
3 897 899 896 
3 1072 898 897 
3 896 713 646 
3 899 898 482 
3 807 900 896 
3 897 900 1076 
3 896 900 897 
3 901 902 903 
3 904 694 901 
3 903 905 904 
3 739 905 845 
3 903 904 901 
3 845 905 903 
3 902 768 969 
3 968 906 902 
3 842 906 968 
3 903 906 845 
3 901 768 902 
3 902 906 903 
3 907 908 738 
3 907 738 1062 
3 907 909 908 
3 907 390 200 
3 910 908 699 
3 907 1062 1066 
3 907 1066 390 
3 910 738 908 
3 909 907 200 
3 904 905 910 
3 699 904 910 
3 911 912 913 
3 911 914 1002 
3 915 911 1002 
3 915 912 911 
3 1020 912 915 
3 1020 706 912 
3 753 914 911 
3 913 912 703 
3 997 914 753 
3 912 706 703 
3 753 911 913 
3 846 916 747 
3 917 1056 722 
3 917 916 918 
3 1055 917 918 
3 568 916 846 
3 1055 1056 917 
3 918 916 568 
3 746 916 917 
3 747 916 746 
3 746 917 722 
3 918 573 1053 
3 918 1053 1055 
3 919 920 921 
3 533 619 922 
3 923 533 922 
3 920 924 925 
3 919 921 816 
3 920 925 921 
3 924 797 925 
3 922 924 920 
3 792 924 922 
3 923 920 919 
3 922 920 923 
3 926 840 927 
3 928 926 929 
3 938 928 930 
3 928 929 930 
3 926 927 929 
3 840 926 931 
3 928 938 932 
3 933 926 928 
3 933 928 932 
3 931 926 933 
3 977 934 935 
3 936 661 858 
3 936 858 932 
3 937 661 936 
3 934 938 939 
3 934 939 935 
3 938 930 939 
3 934 977 937 
3 936 938 934 
3 936 934 937 
3 932 938 936 
3 940 941 942 
3 941 943 944 
3 943 1025 945 
3 940 942 1014 
3 943 945 944 
3 941 944 942 
3 827 1025 943 
3 943 941 830 
3 826 941 940 
3 827 943 830 
3 830 941 826 
3 877 946 947 
3 872 861 948 
3 949 863 950 
3 949 950 951 
3 946 949 951 
3 946 951 947 
3 872 946 877 
3 948 946 872 
3 770 863 949 
3 770 949 948 
3 949 946 948 
3 1028 952 953 
3 954 870 1080 
3 954 867 870 
3 955 867 954 
3 956 1082 957 
3 952 956 957 
3 952 957 953 
3 955 952 1028 
3 954 952 955 
3 1080 956 954 
3 956 952 954 
3 958 815 959 
3 960 961 1088 
3 962 774 963 
3 960 964 961 
3 964 958 959 
3 964 959 961 
3 962 964 960 
3 963 964 962 
3 962 960 1085 
3 813 958 963 
3 958 964 963 
3 965 966 967 
3 968 902 969 
3 571 965 967 
3 970 1013 971 
3 965 970 966 
3 970 971 966 
3 965 571 842 
3 1013 970 969 
3 968 970 965 
3 968 965 842 
3 969 970 968 
3 972 973 974 
3 772 662 975 
3 975 662 976 
3 972 977 973 
3 977 935 973 
3 978 972 974 
3 976 977 972 
3 976 972 975 
3 937 977 976 
3 972 978 975 
3 979 1059 980 
3 981 979 980 
3 982 981 983 
3 809 982 984 
3 981 980 983 
3 982 983 984 
3 801 979 981 
3 981 982 800 
3 798 982 809 
3 801 981 800 
3 800 982 798 
3 985 986 987 
3 988 1077 989 
3 986 1094 990 
3 986 990 987 
3 985 987 991 
3 1015 985 991 
3 1074 1094 986 
3 989 985 988 
3 985 1015 988 
3 1074 986 989 
3 986 985 989 
3 1000 992 993 
3 994 888 995 
3 996 994 995 
3 996 914 994 
3 612 888 994 
3 612 994 997 
3 994 914 997 
3 992 1030 993 
3 995 1026 992 
3 995 992 996 
3 992 1000 996 
3 998 999 1023 
3 1000 993 1001 
3 1002 914 996 
3 1003 1000 1001 
3 1003 1001 999 
3 998 1003 999 
3 1002 1000 1003 
3 915 998 1020 
3 996 1000 1002 
3 1002 1003 915 
3 1003 998 915 
3 716 1004 1063 
3 441 1005 1006 
3 1004 1005 430 
3 1064 1004 430 
3 1007 718 1008 
3 1069 1008 718 
3 1064 1063 1004 
3 716 1007 1004 
3 1005 1008 1006 
3 1007 1008 1005 
3 1007 1005 1004 
3 1009 1010 1011 
3 1009 1011 1012 
3 767 1009 1013 
3 763 1009 767 
3 1013 1009 1012 
3 1013 1012 971 
3 1010 940 1014 
3 1010 1014 1011 
3 824 1010 763 
3 1010 1009 763 
3 940 1010 824 
3 988 1015 1016 
3 1017 1077 988 
3 1016 1017 988 
3 1016 657 1017 
3 676 1077 1017 
3 676 1017 655 
3 1018 1015 1019 
3 1018 1019 839 
3 1015 991 1019 
3 1016 1015 1018 
3 1016 1018 837 
3 1020 998 1021 
3 707 706 1022 
3 827 707 1022 
3 1022 706 1020 
3 1021 998 1023 
3 1021 1023 1024 
3 1025 1021 1024 
3 1025 1024 945 
3 1022 1025 827 
3 1020 1021 1022 
3 1021 1025 1022 
3 890 1026 995 
3 1027 1028 1029 
3 992 1026 1030 
3 1027 1029 1031 
3 1028 953 1029 
3 1026 1027 1031 
3 1026 1031 1030 
3 889 1028 1027 
3 889 1027 890 
3 955 1028 889 
3 1027 1026 890 
3 674 1032 1033 
3 835 1034 1035 
3 1035 1034 1036 
3 1034 1032 1037 
3 1035 1036 1038 
3 1034 1037 1036 
3 784 1035 1038 
3 1032 1100 1037 
3 1033 1032 1034 
3 1033 1034 835 
3 1035 784 832 
3 1039 1040 1041 
3 1042 1040 882 
3 1043 667 1041 
3 1042 879 1043 
3 1042 1043 1041 
3 1040 1039 1044 
3 882 1040 1045 
3 1039 760 1044 
3 1040 1044 1045 
3 756 1039 1041 
3 1041 1040 1042 
3 1046 1047 1048 
3 635 630 1046 
3 1049 635 1046 
3 1047 783 1050 
3 1048 1047 1051 
3 1083 1048 1052 
3 1048 1051 1052 
3 1047 1050 1051 
3 1048 1083 1049 
3 1046 1048 1049 
3 780 1047 1046 
3 1053 1054 1055 
3 802 1056 1057 
3 1057 1056 1055 
3 721 1056 802 
3 722 1056 721 
3 1054 1053 1058 
3 979 1054 1059 
3 1053 574 1058 
3 1054 1058 1059 
3 1057 1054 979 
3 1055 1054 1057 
3 1060 1061 1062 
3 737 1060 1062 
3 1060 1063 1061 
3 1064 431 1065 
3 1061 1064 1065 
3 394 1066 1065 
3 1066 1061 1065 
3 1066 1062 1061 
3 1061 1063 1064 
3 741 1060 743 
3 1060 741 1063 
3 1067 494 357 
3 1067 1068 494 
3 1067 1008 1069 
3 1068 1067 1069 
3 1070 1069 719 
3 1067 357 346 
3 1067 346 1006 
3 1067 1006 1008 
3 1068 1069 1070 
3 1068 1070 495 
3 719 648 1070 
3 1071 898 1072 
3 1073 1071 1072 
3 1074 1075 1076 
3 989 1075 1074 
3 989 1077 1075 
3 1073 1077 676 
3 1072 1075 1073 
3 1075 1077 1073 
3 1076 1075 1072 
3 1078 1079 1080 
3 870 1081 1080 
3 1078 634 1049 
3 1078 1081 634 
3 1080 1081 1078 
3 956 1079 1082 
3 1079 1083 1084 
3 1079 1084 1082 
3 1083 1052 1084 
3 1080 1079 956 
3 1078 1083 1079 
3 1049 1083 1078 
3 1085 1086 1087 
3 1085 891 962 
3 1085 895 891 
3 1087 895 1085 
3 1087 754 895 
3 1086 960 1088 
3 758 1086 1089 
3 758 1089 759 
3 1086 1088 1089 
3 960 1086 1085 
3 1087 1086 758 
3 808 1090 806 
3 1076 900 1091 
3 1074 1076 1091 
3 1091 900 806 
3 1090 808 1092 
3 1090 1092 1093 
3 1094 1090 1093 
3 1094 1093 990 
3 1091 1094 1074 
3 806 1090 1091 
3 1090 1094 1091 
3 820 1095 1096 
3 1097 1032 674 
3 1098 853 1096 
3 1097 1095 1099 
3 1097 1099 1100 
3 1095 820 1101 
3 1032 1097 1100 
3 1095 1101 1099 
3 1098 1095 1097 
3 1096 1095 1098 
3 1098 1097 674 

CELL_TYPES 2123
5
5
5
5
5
5
5
5
5
5
5
5
5
5
5
5
5
5
5
5
5
5
5
5
5
5
5
5
5
5
5
5
5
5
5
5
5
5
5
5
5
5
5
5
5
5
5
5
5
5
5
5
5
5
5
5
5
5
5
5
5
5
5
5
5
5
5
5
5
5
5
5
5
5
5
5
5
5
5
5
5
5
5
5
5
5
5
5
5
5
5
5
5
5
5
5
5
5
5
5
5
5
5
5
5
5
5
5
5
5
5
5
5
5
5
5
5
5
5
5
5
5
5
5
5
5
5
5
5
5
5
5
5
5
5
5
5
5
5
5
5
5
5
5
5
5
5
5
5
5
5
5
5
5
5
5
5
5
5
5
5
5
5
5
5
5
5
5
5
5
5
5
5
5
5
5
5
5
5
5
5
5
5
5
5
5
5
5
5
5
5
5
5
5
5
5
5
5
5
5
5
5
5
5
5
5
5
5
5
5
5
5
5
5
5
5
5
5
5
5
5
5
5
5
5
5
5
5
5
5
5
5
5
5
5
5
5
5
5
5
5
5
5
5
5
5
5
5
5
5
5
5
5
5
5
5
5
5
5
5
5
5
5
5
5
5
5
5
5
5
5
5
5
5
5
5
5
5
5
5
5
5
5
5
5
5
5
5
5
5
5
5
5
5
5
5
5
5
5
5
5
5
5
5
5
5
5
5
5
5
5
5
5
5
5
5
5
5
5
5
5
5
5
5
5
5
5
5
5
5
5
5
5
5
5
5
5
5
5
5
5
5
5
5
5
5
5
5
5
5
5
5
5
5
5
5
5
5
5
5
5
5
5
5
5
5
5
5
5
5
5
5
5
5
5
5
5
5
5
5
5
5
5
5
5
5
5
5
5
5
5
5
5
5
5
5
5
5
5
5
5
5
5
5
5
5
5
5
5
5
5
5
5
5
5
5
5
5
5
5
5
5
5
5
5
5
5
5
5
5
5
5
5
5
5
5
5
5
5
5
5
5
5
5
5
5
5
5
5
5
5
5
5
5
5
5
5
5
5
5
5
5
5
5
5
5
5
5
5
5
5
5
5
5
5
5
5
5
5
5
5
5
5
5
5
5
5
5
5
5
5
5
5
5
5
5
5
5
5
5
5
5
5
5
5
5
5
5
5
5
5
5
5
5
5
5
5
5
5
5
5
5
5
5
5
5
5
5
5
5
5
5
5
5
5
5
5
5
5
5
5
5
5
5
5
5
5
5
5
5
5
5
5
5
5
5
5
5
5
5
5
5
5
5
5
5
5
5
5
5
5
5
5
5
5
5
5
5
5
5
5
5
5
5
5
5
5
5
5
5
5
5
5
5
5
5
5
5
5
5
5
5
5
5
5
5
5
5
5
5
5
5
5
5
5
5
5
5
5
5
5
5
5
5
5
5
5
5
5
5
5
5
5
5
5
5
5
5
5
5
5
5
5
5
5
5
5
5
5
5
5
5
5
5
5
5
5
5
5
5
5
5
5
5
5
5
5
5
5
5
5
5
5
5
5
5
5
5
5
5
5
5
5
5
5
5
5
5
5
5
5
5
5
5
5
5
5
5
5
5
5
5
5
5
5
5
5
5
5
5
5
5
5
5
5
5
5
5
5
5
5
5
5
5
5
5
5
5
5
5
5
5
5
5
5
5
5
5
5
5
5
5
5
5
5
5
5
5
5
5
5
5
5
5
5
5
5
5
5
5
5
5
5
5
5
5
5
5
5
5
5
5
5
5
5
5
5
5
5
5
5
5
5
5
5
5
5
5
5
5
5
5
5
5
5
5
5
5
5
5
5
5
5
5
5
5
5
5
5
5
5
5
5
5
5
5
5
5
5
5
5
5
5
5
5
5
5
5
5
5
5
5
5
5
5
5
5
5
5
5
5
5
5
5
5
5
5
5
5
5
5
5
5
5
5
5
5
5
5
5
5
5
5
5
5
5
5
5
5
5
5
5
5
5
5
5
5
5
5
5
5
5
5
5
5
5
5
5
5
5
5
5
5
5
5
5
5
5
5
5
5
5
5
5
5
5
5
5
5
5
5
5
5
5
5
5
5
5
5
5
5
5
5
5
5
5
5
5
5
5
5
5
5
5
5
5
5
5
5
5
5
5
5
5
5
5
5
5
5
5
5
5
5
5
5
5
5
5
5
5
5
5
5
5
5
5
5
5
5
5
5
5
5
5
5
5
5
5
5
5
5
5
5
5
5
5
5
5
5
5
5
5
5
5
5
5
5
5
5
5
5
5
5
5
5
5
5
5
5
5
5
5
5
5
5
5
5
5
5
5
5
5
5
5
5
5
5
5
5
5
5
5
5
5
5
5
5
5
5
5
5
5
5
5
5
5
5
5
5
5
5
5
5
5
5
5
5
5
5
5
5
5
5
5
5
5
5
5
5
5
5
5
5
5
5
5
5
5
5
5
5
5
5
5
5
5
5
5
5
5
5
5
5
5
5
5
5
5
5
5
5
5
5
5
5
5
5
5
5
5
5
5
5
5
5
5
5
5
5
5
5
5
5
5
5
5
5
5
5
5
5
5
5
5
5
5
5
5
5
5
5
5
5
5
5
5
5
5
5
5
5
5
5
5
5
5
5
5
5
5
5
5
5
5
5
5
5
5
5
5
5
5
5
5
5
5
5
5
5
5
5
5
5
5
5
5
5
5
5
5
5
5
5
5
5
5
5
5
5
5
5
5
5
5
5
5
5
5
5
5
5
5
5
5
5
5
5
5
5
5
5
5
5
5
5
5
5
5
5
5
5
5
5
5
5
5
5
5
5
5
5
5
5
5
5
5
5
5
5
5
5
5
5
5
5
5
5
5
5
5
5
5
5
5
5
5
5
5
5
5
5
5
5
5
5
5
5
5
5
5
5
5
5
5
5
5
5
5
5
5
5
5
5
5
5
5
5
5
5
5
5
5
5
5
5
5
5
5
5
5
5
5
5
5
5
5
5
5
5
5
5
5
5
5
5
5
5
5
5
5
5
5
5
5
5
5
5
5
5
5
5
5
5
5
5
5
5
5
5
5
5
5
5
5
5
5
5
5
5
5
5
5
5
5
5
5
5
5
5
5
5
5
5
5
5
5
5
5
5
5
5
5
5
5
5
5
5
5
5
5
5
5
5
5
5
5
5
5
5
5
5
5
5
5
5
5
5
5
5
5
5
5
5
5
5
5
5
5
5
5
5
5
5
5
5
5
5
5
5
5
5
5
5
5
5
5
5
5
5
5
5
5
5
5
5
5
5
5
5
5
5
5
5
5
5
5
5
5
5
5
5
5
5
5
5
5
5
5
5
5
5
5
5
5
5
5
5
5
5
5
5
5
5
5
5
5
5
5
5
5
5
5
5
5
5
5
5
5
5
5
5
5
5
5
5
5
5
5
5
5
5
5
5
5
5
5
5
5
5
5
5
5
5
5
5
5
5
5
5
5
5
5
5
5
5
5
5
5
5
5
5
5
5
5
5
5
5
5
5
5
5
5
5
5
5
5
5
5
5
5
5
5
5
5
5
5
5
5
5
5
5
5
5
5
5
5
5
5
5
5
5
5
5
5
5
5
5
5
5
5
5
5
5
5
5
5
5
5
5
5
5
5
5
5
5
5
5
5
5
5
5
5
5
5
5
5
5
5
5
5
5
5
5
5
5
5
5
5
5
5
5
5
5
5
5
5
5
5
5
5
5
5
5
5
5
5
5
5
5
5
5
5
5
5
5
5
5
5
5
5
5
5
5
5
5
5
5
5
5
5
5
5
5
5
5
5
5
5
5
5
5
5
5
5
5
5
5
5
5
5
5
5
5
5
5
5
5
5
5
5
5
5
5
5
5
5
5
5
5
5
5
5
5
5
5
5
5
5
5
5
5
5
5
5
5
5
5
5
5
5
5
5
5
5
5
5
5
5
5
5
5
5
5
5
5
5
5
5
5
5
5
5
5
5
5
5
5
5
5
5
5
5
5
5
5
5
5
5
5
5
5
5
5
5
5
5
5
5
5
5
5
5
5
5
5
5
5
5
5
5
5
5
5
5
5
5
5
5
5
5
5
5
5
5
5
5
5
5
5
5
5
5
5
5
5
5
5
5
5
5
5
5
5
5
5
5
5
5
5
5
5
5
5
5
5
5
5
5
5
5
5
5
5
5
5
5
5
5
5
5
5
5
5
5
5
5
5
5
5
5
5
5
5
5
5
5
5
5
5
5
5
5
5
5
5
5
5
5
5
5
5
5
5
5
5
5
5
5
5
5
5
5
5
5
5
5
5
5
5
5
5
5
5
5
5
5
5
5
5
5
5
5
5
5
5
5
5
5
5
5
5
5
5
5
5
5
5
5
5
5
5
5
5
5
5
5
5
5
5
5
5
5
5
5
5
5
5
5
5
5
5
5
5
5
5
5
5
5
5
5
5
5
5
5
5
5
5
5
5
5
5
5
5
5
5
5
5
5
5
5
5
5
5
5
5
5
5
5
5
5
5
5
5
5
5
5
5
5
5
5
5
5
5
5
5
5
5
5
5
5
5
5
5
5
5
5
5
5
5
5
5
5
5
5
5
5
5
5
5
5
5
5
5
5
5
5
5
5
5
5
5
5
5
5
5
5
5
5
5
5
5
5
5
5
5
5
5
5
5
5
5
5
5
5
5
5
5
5
5
5
5
5
5
5
5
5
5
5
5
5
5
5
5
5
5
5
5
5
5
5
5
5
5
5
5
5
5
5
5
5
5
5
5
5
5
5
5
5
5
5
5
5
5
5
5
5
5
5
5
5
5
5
5

CELL_DATA 2123
SCALARS Partition int
LOOKUP_TABLE default
0
0
0
0
0
0
0
0
0
0
0
1
1
1
1
1
1
1
1
1
1
1
1
2
2
2
2
2
2
2
2
2
2
2
2
3
3
3
3
3
3
3
3
3
3
3
4
4
4
4
4
4
4
4
4
4
5
5
5
5
5
5
5
5
5
5
5
6
6
6
6
6
6
6
6
6
6
6
7
7
7
7
7
7
7
7
7
7
7
8
8
8
8
8
8
8
8
8
8
9
9
9
9
9
9
9
9
9
9
9
10
10
10
10
10
10
10
10
10
10
10
10
11
11
11
11
11
11
11
11
11
11
11
12
12
12
12
12
12
12
12
12
12
12
13
13
13
13
13
13
13
13
13
13
13
14
14
14
14
14
14
14
14
14
14
14
14
15
15
15
15
15
15
15
15
15
15
15
16
16
16
16
16
16
16
16
16
16
16
17
17
17
17
17
17
17
17
17
17
17
17
18
18
18
18
18
18
18
18
18
18
19
19
19
19
19
19
19
19
19
19
19
20
20
20
20
20
20
20
20
20
20
20
21
21
21
21
21
21
21
21
21
21
21
22
22
22
22
22
22
22
22
22
22
22
23
23
23
23
23
23
23
23
23
23
23
24
24
24
24
24
24
24
24
24
24
24
24
25
25
25
25
25
25
25
25
25
25
25
26
26
26
26
26
26
26
26
26
26
26
27
27
27
27
27
27
27
27
27
27
27
27
28
28
28
28
28
28
28
28
28
28
28
29
29
29
29
29
29
29
29
29
29
29
30
30
30
30
30
30
30
30
30
30
31
31
31
31
31
31
31
31
31
31
32
32
32
32
32
32
32
32
32
32
32
33
33
33
33
33
33
33
33
33
33
33
34
34
34
34
34
34
34
34
34
34
34
35
35
35
35
35
35
35
35
35
35
35
36
36
36
36
36
36
36
36
36
36
37
37
37
37
37
37
37
37
37
37
37
38
38
38
38
38
38
38
38
38
38
38
39
39
39
39
39
39
39
39
39
39
40
40
40
40
40
40
40
40
40
40
40
41
41
41
41
41
41
41
41
41
41
41
42
42
42
42
42
42
42
42
42
42
42
43
43
43
43
43
43
43
43
43
43
44
44
44
44
44
44
44
44
44
44
44
45
45
45
45
45
45
45
45
45
45
45
46
46
46
46
46
46
46
46
46
46
46
47
47
47
47
47
47
47
47
47
47
47
47
48
48
48
48
48
48
48
48
48
48
48
49
49
49
49
49
49
49
49
49
49
49
50
50
50
50
50
50
50
50
50
50
50
51
51
51
51
51
51
51
51
51
51
51
52
52
52
52
52
52
52
52
52
52
53
53
53
53
53
53
53
53
53
53
53
53
54
54
54
54
54
54
54
54
54
54
54
55
55
55
55
55
55
55
55
55
55
55
56
56
56
56
56
56
56
56
56
56
56
57
57
57
57
57
57
57
57
57
57
58
58
58
58
58
58
58
58
58
58
58
59
59
59
59
59
59
59
59
59
59
59
60
60
60
60
60
60
60
60
60
60
60
61
61
61
61
61
61
61
61
61
61
61
62
62
62
62
62
62
62
62
62
62
62
63
63
63
63
63
63
63
63
63
63
63
64
64
64
64
64
64
64
64
64
64
64
65
65
65
65
65
65
65
65
65
65
65
66
66
66
66
66
66
66
66
66
66
66
67
67
67
67
67
67
67
67
67
67
68
68
68
68
68
68
68
68
68
68
68
69
69
69
69
69
69
69
69
69
69
69
70
70
70
70
70
70
70
70
70
70
70
71
71
71
71
71
71
71
71
71
71
71
72
72
72
72
72
72
72
72
72
72
72
73
73
73
73
73
73
73
73
73
73
73
74
74
74
74
74
74
74
74
74
74
75
75
75
75
75
75
75
75
75
75
75
75
76
76
76
76
76
76
76
76
76
76
76
77
77
77
77
77
77
77
77
77
77
77
78
78
78
78
78
78
78
78
78
78
78
79
79
79
79
79
79
79
79
79
79
80
80
80
80
80
80
80
80
80
80
80
80
81
81
81
81
81
81
81
81
81
81
81
82
82
82
82
82
82
82
82
82
82
82
83
83
83
83
83
83
83
83
83
83
83
84
84
84
84
84
84
84
84
84
84
84
85
85
85
85
85
85
85
85
85
85
85
86
86
86
86
86
86
86
86
86
86
86
87
87
87
87
87
87
87
87
87
87
87
87
88
88
88
88
88
88
88
88
88
88
88
89
89
89
89
89
89
89
89
89
89
89
90
90
90
90
90
90
90
90
90
90
90
91
91
91
91
91
91
91
91
91
91
91
91
92
92
92
92
92
92
92
92
92
92
92
93
93
93
93
93
93
93
93
93
93
93
94
94
94
94
94
94
94
94
94
94
94
94
95
95
95
95
95
95
95
95
95
95
95
96
96
96
96
96
96
96
96
96
96
96
97
97
97
97
97
97
97
97
97
97
97
98
98
98
98
98
98
98
98
98
98
98
99
99
99
99
99
99
99
99
99
99
99
100
100
100
100
100
100
100
100
100
100
100
101
101
101
101
101
101
101
101
101
101
101
102
102
102
102
102
102
102
102
102
102
102
103
103
103
103
103
103
103
103
103
103
103
104
104
104
104
104
104
104
104
104
104
104
105
105
105
105
105
105
105
105
105
105
105
106
106
106
106
106
106
106
106
106
106
106
106
107
107
107
107
107
107
107
107
107
107
107
108
108
108
108
108
108
108
108
108
108
108
108
109
109
109
109
109
109
109
109
109
109
109
110
110
110
110
110
110
110
110
110
110
110
111
111
111
111
111
111
111
111
111
111
111
112
112
112
112
112
112
112
112
112
112
112
112
113
113
113
113
113
113
113
113
113
113
113
114
114
114
114
114
114
114
114
114
114
114
115
115
115
115
115
115
115
115
115
115
115
116
116
116
116
116
116
116
116
116
116
116
117
117
117
117
117
117
117
117
117
117
117
118
118
118
118
118
118
118
118
118
118
118
119
119
119
119
119
119
119
119
119
119
119
120
120
120
120
120
120
120
120
120
120
120
120
121
121
121
121
121
121
121
121
121
121
121
121
122
122
122
122
122
122
122
122
122
122
122
122
123
123
123
123
123
123
123
123
123
123
123
124
124
124
124
124
124
124
124
124
124
124
124
125
125
125
125
125
125
125
125
125
125
126
126
126
126
126
126
126
126
126
126
126
127
127
127
127
127
127
127
127
127
127
127
128
128
128
128
128
128
128
128
128
128
128
129
129
129
129
129
129
129
129
129
129
129
130
130
130
130
130
130
130
130
130
130
130
131
131
131
131
131
131
131
131
131
131
131
132
132
132
132
132
132
132
132
132
132
132
133
133
133
133
133
133
133
133
133
133
133
134
134
134
134
134
134
134
134
134
134
134
135
135
135
135
135
135
135
135
135
135
135
136
136
136
136
136
136
136
136
136
136
136
136
137
137
137
137
137
137
137
137
137
137
137
137
138
138
138
138
138
138
138
138
138
138
138
138
139
139
139
139
139
139
139
139
139
139
139
139
140
140
140
140
140
140
140
140
140
140
140
141
141
141
141
141
141
141
141
141
141
141
142
142
142
142
142
142
142
142
142
142
142
143
143
143
143
143
143
143
143
143
143
143
143
144
144
144
144
144
144
144
144
144
144
144
145
145
145
145
145
145
145
145
145
145
145
146
146
146
146
146
146
146
146
146
146
146
147
147
147
147
147
147
147
147
147
147
147
148
148
148
148
148
148
148
148
148
148
148
149
149
149
149
149
149
149
149
149
149
149
149
150
150
150
150
150
150
150
150
150
150
150
151
151
151
151
151
151
151
151
151
151
151
152
152
152
152
152
152
152
152
152
152
152
153
153
153
153
153
153
153
153
153
153
153
154
154
154
154
154
154
154
154
154
154
154
155
155
155
155
155
155
155
155
155
155
155
156
156
156
156
156
156
156
156
156
156
157
157
157
157
157
157
157
157
157
157
157
158
158
158
158
158
158
158
158
158
158
158
159
159
159
159
159
159
159
159
159
159
159
159
160
160
160
160
160
160
160
160
160
160
160
161
161
161
161
161
161
161
161
161
161
161
162
162
162
162
162
162
162
162
162
162
162
162
163
163
163
163
163
163
163
163
163
163
163
164
164
164
164
164
164
164
164
164
164
165
165
165
165
165
165
165
165
165
165
165
166
166
166
166
166
166
166
166
166
166
166
167
167
167
167
167
167
167
167
167
167
167
168
168
168
168
168
168
168
168
168
168
168
169
169
169
169
169
169
169
169
169
169
169
170
170
170
170
170
170
170
170
170
170
170
171
171
171
171
171
171
171
171
171
171
172
172
172
172
172
172
172
172
172
172
172
173
173
173
173
173
173
173
173
173
173
173
174
174
174
174
174
174
174
174
174
174
174
175
175
175
175
175
175
175
175
175
175
175
176
176
176
176
176
176
176
176
176
176
176
177
177
177
177
177
177
177
177
177
177
177
178
178
178
178
178
178
178
178
178
178
178
179
179
179
179
179
179
179
179
179
179
179
180
180
180
180
180
180
180
180
180
180
180
181
181
181
181
181
181
181
181
181
181
181
182
182
182
182
182
182
182
182
182
182
182
183
183
183
183
183
183
183
183
183
183
183
184
184
184
184
184
184
184
184
184
184
184
185
185
185
185
185
185
185
185
185
185
185
186
186
186
186
186
186
186
186
186
186
186
187
187
187
187
187
187
187
187
187
188
188
188
188
188
188
188
188
188
188
188
188
189
189
189
189
189
189
189
189
189
189
189
190
190
190
190
190
190
190
190
190
190
190
191
191
191
191
191
191
191
191
191
191
191

POINT_DATA 1102
SCALARS PartitionPts int
LOOKUP_TABLE default
0
0
0
0
0
1
1
1
1
1
2
2
2
2
2
2
3
3
3
3
3
3
3
4
4
4
4
4
4
4
5
5
5
5
5
5
6
6
6
6
6
6
7
7
7
7
7
7
7
8
8
8
8
8
8
8
9
9
9
9
10
10
10
10
10
10
11
11
11
11
12
12
12
12
12
12
13
13
13
13
13
13
13
13
14
14
14
14
15
15
15
15
15
15
16
16
16
16
16
16
16
17
17
17
17
17
18
18
18
18
18
18
18
18
19
19
19
19
19
19
20
20
20
20
20
21
21
21
21
21
21
22
22
22
22
22
22
22
23
23
23
23
23
23
23
24
24
24
25
25
25
25
25
26
26
26
26
26
26
27
27
27
27
27
28
28
28
28
28
29
29
29
29
29
30
30
30
30
30
30
30
30
31
31
31
31
31
31
31
32
32
32
32
32
32
33
33
33
33
34
34
34
34
34
35
35
35
35
35
36
36
36
36
36
37
37
37
37
37
38
38
38
38
38
38
39
39
39
39
39
39
39
40
40
40
40
40
40
41
41
41
41
41
42
42
42
42
42
42
43
43
43
43
43
43
43
44
44
44
44
44
45
45
45
45
45
45
45
46
46
46
46
47
47
47
47
48
48
48
48
48
48
49
49
49
49
50
50
50
50
50
50
51
51
51
51
51
51
51
51
52
52
52
52
52
52
53
53
53
53
53
53
54
54
54
54
54
55
55
55
55
55
56
56
56
56
56
56
57
57
57
57
57
57
57
58
58
58
58
58
59
59
59
59
59
59
59
60
60
60
60
61
61
61
61
61
61
62
62
62
62
62
62
63
63
63
63
63
63
64
64
64
64
65
65
65
65
65
65
66
66
66
66
67
67
67
67
67
67
67
68
68
68
68
68
68
69
69
69
69
69
69
70
70
70
70
70
70
71
71
71
71
72
72
72
72
73
73
73
73
73
74
74
74
74
74
74
74
75
75
75
75
75
76
76
76
76
76
76
77
77
77
77
78
78
78
78
78
79
79
79
79
79
79
79
80
80
80
80
80
81
81
81
81
81
82
82
82
82
82
82
82
83
83
83
83
83
84
84
84
84
84
84
84
85
85
85
85
86
86
86
86
86
87
87
87
87
87
88
88
88
88
88
88
89
89
89
89
89
89
89
90
90
90
90
90
90
90
91
91
91
91
91
92
92
92
92
92
93
93
93
93
93
93
94
94
94
94
94
95
95
95
95
95
95
96
96
96
96
96
97
97
97
97
97
97
97
98
98
98
98
98
99
99
99
99
99
99
100
100
100
100
100
100
100
100
101
101
101
101
101
102
102
102
102
103
103
103
103
103
103
104
104
104
104
104
105
105
105
105
105
106
106
106
106
106
107
107
107
107
107
108
108
108
108
108
109
109
109
109
110
110
110
110
110
111
111
111
111
111
111
112
112
112
112
112
113
113
113
113
113
113
114
114
114
114
114
114
114
115
115
115
115
116
116
116
116
116
117
117
117
117
117
118
118
118
118
118
118
119
119
119
119
119
119
120
120
120
120
120
121
121
121
122
122
122
122
122
122
123
123
123
123
123
124
124
124
124
124
124
125
125
125
125
125
125
125
125
126
126
126
126
127
127
127
127
128
128
128
128
128
128
128
129
129
129
129
129
129
130
130
130
130
130
130
131
131
131
131
131
131
132
132
132
132
132
132
132
133
133
133
133
133
133
134
134
134
134
134
134
134
135
135
135
135
135
135
135
135
136
136
136
136
136
137
137
137
137
137
137
138
138
138
138
138
138
139
139
139
139
139
139
140
140
140
140
140
140
141
141
141
141
141
141
142
142
142
142
142
142
142
143
143
143
143
143
143
144
144
144
144
144
144
144
145
145
145
145
145
145
145
146
146
146
146
146
147
147
147
147
147
147
148
148
148
148
148
149
149
149
149
150
150
150
150
150
151
151
151
151
152
152
152
152
152
153
153
153
153
153
153
154
154
154
154
154
154
154
154
155
155
155
155
155
156
156
156
156
156
156
156
157
157
157
157
157
158
158
158
158
158
159
159
159
159
159
159
160
160
160
160
161
161
161
161
161
162
162
162
163
163
163
163
163
163
163
164
164
164
164
164
164
164
164
165
165
165
165
165
165
166
166
166
166
166
166
167
167
167
167
167
167
168
168
168
168
168
168
169
169
169
169
169
169
169
170
170
170
170
170
170
170
171
171
171
171
171
171
171
172
172
172
172
172
172
173
173
173
173
173
173
173
174
174
174
174
174
174
175
175
175
175
175
175
176
176
176
176
176
177
177
177
177
177
177
178
178
178
178
178
179
179
179
179
179
179
180
180
180
180
180
180
181
181
181
181
181
181
181
182
182
182
182
182
182
182
183
183
183
183
183
183
183
184
184
184
184
184
184
184
185
185
185
185
185
185
185
186
186
186
186
187
187
187
187
187
187
187
188
188
188
188
188
188
188
189
189
189
189
189
190
190
190
190
190
191
191
191
191
191
191
191

FIELD FieldData 1
CreasesId  1  1102  double
0
0
0
0
0
0
0
0
0
0
0
0
0
0
0
0
0
0
0
0
0
0
0
0
0
0
0
0
0
0
0
0
0
0
0
0
0
0
0
0
0
0
0
0
0
0
0
0
0
0
0
0
0
0
0
0
0
0
0
0
0
0
0
0
0
0
0
0
0
0
0
0
0
0
0
0
0
0
0
0
0
0
0
0
0
0
0
0
0
0
0
0
0
0
0
0
0
0
0
0
0
0
0
0
0
0
0
0
0
0
0
0
0
0
0
0
0
0
0
0
0
0
0
0
0
0
0
0
0
0
0
0
0
0
0
0
0
0
0
0
0
0
0
0
0
0
0
0
0
0
0
0
0
0
0
0
0
0
0
0
0
0
0
0
0
0
0
0
0
0
0
0
0
0
0
0
0
0
0
0
0
0
0
0
0
0
0
0
0
0
0
0
0
0
0
0
0
0
0
0
0
0
0
0
0
0
0
0
0
0
0
0
0
0
0
0
0
0
0
0
0
0
0
0
0
0
0
0
0
0
0
0
0
0
0
0
0
0
0
0
0
0
0
0
0
0
0
0
0
0
0
0
0
0
0
0
0
0
0
0
0
0
0
0
0
0
0
0
0
0
0
0
0
0
0
0
0
0
0
0
0
0
0
0
0
0
0
0
0
0
0
0
0
0
0
0
0
0
0
0
0
0
0
0
0
0
0
0
0
0
0
0
0
0
0
0
0
0
0
0
0
0
0
0
0
0
0
0
0
0
0
0
0
0
0
0
0
0
0
0
0
0
0
0
0
0
0
0
0
0
0
0
0
0
0
0
0
0
0
0
0
0
0
0
0
0
0
0
0
0
0
0
0
0
0
0
0
0
0
0
0
0
0
0
0
0
0
0
0
0
0
0
0
0
0
0
0
0
0
0
0
0
0
0
0
0
0
0
0
0
0
0
0
0
0
0
0
0
0
0
0
0
0
0
0
0
0
0
0
0
0
0
0
0
0
0
0
0
0
0
0
0
0
0
0
0
0
0
0
0
0
0
0
0
0
0
0
0
0
0
0
0
0
0
0
0
0
0
0
0
0
0
0
0
0
0
0
0
0
0
0
0
0
0
0
0
0
0
0
0
0
0
0
0
0
0
0
0
0
0
0
0
0
0
0
0
0
0
0
0
0
0
0
0
0
0
0
0
0
0
0
0
0
0
0
0
0
0
0
0
0
0
0
0
0
0
0
0
0
0
0
0
0
0
0
0
0
0
0
0
0
0
0
0
0
0
0
0
0
0
0
0
0
0
0
0
0
0
0
0
0
0
1
0
1
1
0
0
0
0
0
0
0
0
0
0
0
0
0
0
0
0
0
0
0
0
0
0
0
0
0
0
0
0
0
0
0
0
0
0
0
0
0
0
0
0
0
0
0
0
0
0
0
0
0
0
0
0
0
0
0
0
0
0
0
0
0
0
0
0
0
0
0
0
0
0
0
0
0
0
0
0
0
0
0
0
0
0
0
0
0
0
0
0
0
0
0
0
0
0
0
0
0
0
0
0
0
0
0
0
0
0
0
0
0
0
0
0
0
0
0
0
0
0
0
0
0
0
0
0
0
0
0
0
0
0
0
0
0
0
0
0
0
0
0
0
0
0
0
0
0
0
0
0
0
0
0
0
0
0
0
0
0
0
0
0
0
0
0
0
0
0
0
0
0
0
0
0
0
0
0
0
0
0
0
0
0
0
0
1
1
0
0
0
0
0
0
0
0
0
0
0
0
0
0
0
0
0
0
0
0
0
0
0
0
1
0
0
0
0
0
0
0
0
0
0
1
1
0
0
0
0
0
0
0
0
0
0
0
0
1
0
0
0
0
1
1
0
0
1
0
0
1
1
0
0
0
0
0
0
0
0
0
0
0
0
0
0
0
1
0
1
0
0
0
0
0
0
0
0
0
0
0
0
0
0
0
0
0
0
0
0
0
0
1
0
0
0
0
0
0
0
0
0
0
0
1
0
1
0
0
0
0
1
0
0
0
0
0
0
0
0
0
0
0
0
0
0
0
0
0
0
0
0
0
0
0
0
0
0
0
0
0
0
0
0
0
0
0
0
0
1
0
0
0
1
0
1
0
1
1
0
0
0
0
1
0
0
0
1
0
0
1
0
1
1
0
1
0
0
1
1
0
1
0
0
0
1
0
1
0
1
0
0
0
0
1
1
0
0
0
1
0
1
1
0
0
0
0
0
1
0
0
1
1
0
0
1
0
0
1
1
0
1
0
0
0
0
0
1
0
1
0
0
0
0
0
0
0
0
0
1
1
0
1
0
0
0
0
1
0
0
0
1
1
0
0
0
0
1
1
1
0
0
0
0
1
1
1
0
0
0
0
0
1
1
0
0
0
0
1
1
1
0
0
0
0
0
1
1
0
0
0
0
0
0
0
0
0
0
0
0
0
0
0
0
0
0
0
0
0
0
1
0
1
0
0
0
1
1
0
0
1
1
0
0
0
0
0
1
1
1

FIELD FieldData 7
X  1  1102  double
2.494534484233948e-02
-2.246549622411522e-02
8.056390066605034e-03
-9.965595613918490e-03
-4.058473777948048e-02
4.143353903714627e-01
3.887707559972728e-01
3.853444017502300e-01
3.607033031324901e-01
3.591641854901898e-01
-2.082581369946178e-01
-1.757786130246725e-01
-1.984496420149424e-01
-1.624510273876531e-01
-1.834619384869280e-01
-2.197544172686577e-01
1.558424907511497e-01
1.451511505048875e-01
1.086270476942490e-01
1.208245103110520e-01
1.884263404242675e-01
9.976197314696811e-02
1.436048568846324e-01
-3.394986948595370e-01
-3.069461753974654e-01
-3.381309635203946e-01
-3.107057010067783e-01
-2.818391358156326e-01
-3.069811233603357e-01
-2.761741527419982e-01
-4.141701435413255e-01
-4.393139596206781e-01
-4.525058227348073e-01
-4.235576331506118e-01
-4.443513385524415e-01
-4.594255273554646e-01
4.601374420481049e-01
4.536689788288650e-01
4.651042682832974e-01
4.706908977822159e-01
4.780488972331405e-01
4.841487031119851e-01
4.688142887826927e-01
4.488159147821954e-01
4.519662325072994e-01
4.515825032450213e-01
4.347386175019539e-01
4.522182261018044e-01
4.634931495801174e-01
-1.461468160949446e-01
-1.238984535406071e-01
-1.672569511185877e-01
-1.039789975270217e-01
-1.437845688311154e-01
-1.878657439032458e-01
-2.103278893606248e-01
-1.550788974839803e-01
-1.091761053587726e-01
-1.230970547630617e-01
-1.875783309266894e-01
-2.615606159621992e-01
-2.706543964781766e-01
-3.006846445738844e-01
-2.298309225258033e-01
-2.508261135933145e-01
-2.196540272813787e-01
-1.381290641838848e-02
4.136698001647870e-03
-4.548101903459045e-02
-6.206226460005098e-02
8.032309565468579e-02
4.690595871932040e-02
9.959067386266796e-02
1.313931804720727e-01
2.792854064310629e-02
1.503261469958629e-01
-4.102917229244640e-01
-3.769906358686710e-01
-4.207613883755733e-01
-4.387383707787674e-01
-4.289385607146179e-01
-4.286292435606517e-01
-3.888298047917217e-01
-3.984973304679395e-01
-2.696130415593033e-01
-2.448274725164798e-01
-9.840725856391018e-02
-6.683377091179021e-02
-2.690403158620683e-01
-3.112856862465430e-01
-2.988791283372830e-01
-2.922087956427182e-01
-3.212427874694445e-01
-2.817338580961326e-01
-4.161488627112241e-01
-4.023525723207421e-01
-4.000718895927525e-01
-3.868169118127598e-01
-3.680737901172715e-01
-3.506965150730069e-01
-4.290279786676788e-01
-3.656358294101689e-01
-3.264759748772447e-01
-3.391010292064406e-01
-3.133915780888620e-01
-3.528417372918500e-01
5.189553365675705e-02
3.312201404583346e-02
8.493576001378979e-02
1.036653851344491e-01
1.184336136158545e-01
6.628995002538497e-02
7.048107134718765e-02
1.802702979889366e-02
-3.835566050501263e-01
-4.168423380110356e-01
-3.978642544896341e-01
-3.631843181283749e-01
-3.478208173666308e-01
-4.428145129690970e-01
-1.426296132059753e-01
-1.245363957491736e-01
-7.216843899173285e-02
-1.744275015440230e-01
-1.562481422769299e-01
1.627563996211683e-01
8.686986756392167e-03
6.093829548307511e-02
1.120047829486718e-01
4.155604019840929e-02
9.260906810486139e-02
3.849256717642430e-03
3.698640016299928e-02
-1.479628373904595e-02
8.808438161984121e-02
1.052870804877200e-01
2.225837240874386e-02
5.497474295292852e-02
2.181624468799912e-01
2.003875420072118e-01
1.820754996434020e-01
2.297366988143761e-01
2.112358522471843e-01
2.477175300983233e-01
2.764078804852266e-01
1.712789459246732e-01
1.212370665697401e-01
1.384921067763366e-01
-2.929898616181486e-01
-2.933436849913355e-01
-3.129157531902036e-01
-2.730107911206891e-01
-2.520237985534159e-01
3.449545464518159e-01
3.710469694175902e-01
3.343385929406100e-01
3.612934907671742e-01
3.168853804345215e-01
3.061768091325906e-01
-3.323476536349423e-01
-3.298556955339872e-01
-3.693181592100758e-01
-3.827343652601746e-01
-3.505765702601963e-01
1.686726808785937e-01
1.817678052744787e-01
1.540405673779576e-01
1.213411202766758e-01
1.362153898776066e-01
1.312503609731966e-01
1.716810480283490e-01
1.613713467445741e-01
2.108217271940286e-01
2.032761960891081e-01
2.333136369771351e-01
2.013416474701103e-01
2.452895883485110e-01
2.763069153167829e-01
1.865311603555957e-01
2.566964280698309e-01
2.877142888158361e-01
2.139783638571589e-01
-2.460846373002166e-01
-2.401015765145207e-01
-2.078578097557047e-01
-2.159356591348089e-01
-2.497355109703772e-01
-1.982085991684903e-01
-1.666235653824252e-01
2.641687227250852e-01
2.940955567566252e-01
2.799336627564765e-01
3.219801741689697e-01
2.498857662918965e-01
2.187367667432445e-01
-2.384393645390686e-01
-2.065549475477169e-01
-1.923670728195943e-01
-2.245413622581159e-01
4.094015525640592e-01
3.604821293783148e-01
3.793055069150504e-01
3.913134630139433e-01
3.973000016738855e-01
-2.094148455447307e-01
-1.644071204522572e-01
-1.844238879439537e-01
-1.375972354939471e-01
-2.299817457814010e-01
-1.350251691230029e-01
-1.768024782637466e-01
-1.450839177576979e-01
-1.046147687832678e-01
-1.560970329708198e-01
-3.291788567366032e-01
-2.994702173323136e-01
-2.764968031442404e-01
-3.476970116914700e-01
-3.187412550008261e-01
1.063715698485839e-01
8.040308234372108e-02
6.748900738955266e-02
1.270207680436285e-01
8.810323296426988e-02
4.941324327902970e-02
-2.717863670463286e-01
-2.498026036015517e-01
-2.310186878372244e-01
-2.481481530698686e-01
-2.288509594369319e-01
-2.667574967313219e-01
-2.866334813024787e-01
-3.935053048189328e-01
-4.166832728106120e-01
-4.022657319087193e-01
-4.235199892862726e-01
-4.411514924377686e-01
-4.369332378111347e-01
4.772429991511238e-01
4.904195011003318e-01
4.887759663014962e-01
4.797581035237543e-01
4.888141972239279e-01
2.347475425138955e-01
2.034295253847243e-01
1.863819684942364e-01
1.688472031870326e-01
1.369512142716471e-01
1.543404283327369e-01
-2.693608419094778e-01
-2.399107864777688e-01
-2.088459305039985e-01
-1.923312111159272e-01
-1.603017457733553e-01
-2.553921062481557e-01
-2.852769661396567e-01
-3.846178635121874e-01
-3.825529442880188e-01
-3.593044605730851e-01
-3.573901210813175e-01
-3.648080743242770e-01
-2.340024418456578e-01
-2.674688098506063e-01
-2.774632197280292e-01
-2.993324790178969e-01
-2.879378376099533e-01
-3.188920408215060e-01
-2.543526457202130e-01
-3.904290870695322e-02
-2.015126695276832e-02
1.388153833828509e-02
-5.181220583269862e-03
3.320234612585730e-01
2.955778335548378e-01
3.026958974593950e-01
3.348210863544643e-01
4.410242951435294e-01
4.135583282589778e-01
4.283016687329911e-01
4.133362420597548e-01
3.990053493207397e-01
4.407018167063345e-01
-3.390414714188171e-01
-3.234425274076324e-01
-2.978634232961220e-01
-2.814192201593510e-01
1.932454289508095e-01
2.252072884813643e-01
2.344974640554763e-01
2.654884135546244e-01
2.415189735878835e-01
2.725280624327698e-01
7.325547784496507e-02
5.402059367688428e-02
3.510638129111444e-02
1.525024770675070e-01
1.323541868083375e-01
1.035259616197420e-01
1.232776648224098e-01
8.390143289959275e-02
-2.530425407699879e-01
-2.350884512163889e-01
-2.059110496537002e-01
-2.237650423993651e-01
-2.166442732226545e-01
-1.877199272255165e-01
-3.708171800800305e-01
-3.634133238491076e-01
-3.298511646554652e-01
-3.577456824838580e-01
-3.368026649050038e-01
-3.888369647798412e-01
-7.453664257321262e-04
-3.380192251634128e-02
-5.312167510075549e-02
-1.053983026951754e-01
-8.642323539983508e-02
2.243866204073219e-02
-2.813252181861361e-02
-6.109944946545966e-02
-9.681278523392792e-03
-4.284248666219140e-02
-1.684267904614961e-01
-1.178432749720651e-01
-1.371486536106051e-01
-1.490704378024627e-01
-1.289509458440847e-01
-1.973679055414482e-01
-1.108731237563655e-01
-1.272295688196227e-01
-1.600802097631317e-01
-7.797946369083018e-02
-9.443123485365594e-02
-1.739265849823427e-01
-1.415976955007655e-01
3.482945434306042e-01
3.729734726098188e-01
3.344809018810460e-01
3.947226163998723e-01
3.851052378500290e-01
6.491396425658982e-02
9.260160325343203e-02
4.613119690190944e-02
1.696686225035875e-02
7.379453735876727e-02
1.184359458845479e-01
9.867894211845744e-02
1.722234293116665e-01
2.200370942081535e-01
1.433722470097882e-01
1.919285605544359e-01
-1.580279691950209e-01
-1.776014476840002e-01
-2.050976278358795e-01
-1.091541486112550e-01
-2.501323580928908e-01
-2.253648324542327e-01
7.957038624259029e-02
5.552651833898091e-02
2.827487323530944e-02
1.105914320343731e-02
3.754351354739534e-02
-7.512219688596878e-03
3.282265421613210e-01
3.654832397260626e-01
3.080864491893486e-01
3.465954926521841e-01
3.640135237577579e-01
3.831378225593812e-01
-2.830688052934225e-02
-4.754498730042981e-02
-7.900382096920122e-02
-5.971756640854059e-02
8.633905723284842e-02
7.228339904340113e-02
4.095753624619697e-02
-4.618230330939084e-03
1.141751432716142e-02
5.624011819649877e-02
-9.420743721866158e-02
-1.274012364780550e-01
-1.440941651564770e-01
-1.767628798245129e-01
2.471016770768571e-01
2.262105212790981e-01
2.161853208542023e-01
2.509754266492973e-01
1.938792143998009e-01
2.145537499758687e-01
2.598253733380061e-01
3.264775729323126e-01
3.466523113426745e-01
3.086356557699403e-01
2.684399913806882e-01
2.887522474490087e-01
2.473358974476712e-01
-3.491005894938657e-01
-3.833461320416970e-01
-4.123837491109312e-01
-4.319107471098667e-01
-4.074784090826040e-01
-3.749467729733513e-01
3.590954377904356e-01
3.433436403790394e-01
3.939980810853179e-01
3.799204222251865e-01
4.260527733808994e-01
4.066570608536317e-01
-7.042623131637012e-02
-1.175691819288095e-01
-9.779368163691195e-02
-8.960480670938660e-02
3.086328057818480e-01
2.641950343662325e-01
2.929226020747225e-01
3.187603762845092e-01
-2.429605467015216e-02
-1.094824740254407e-01
-9.114095832830689e-02
-7.626298485273941e-02
-5.811548847522136e-02
8.862575032017334e-02
7.223596862146212e-02
3.980669139072956e-02
1.035946527368690e-01
5.655380157769857e-02
1.498037440704672e-01
1.176712845616225e-01
1.791757684895361e-01
2.046188510177611e-01
2.055203594544805e-01
2.262374939613414e-01
1.830477505291321e-01
3.531594928063089e-01
3.247486455787422e-01
3.596332883377706e-01
4.126467067041039e-01
3.851810373382321e-01
3.791364391466631e-01
1.386951862175780e-01
1.589975066891761e-01
1.623720566532964e-01
1.122678871015864e-01
3.019365710368945e-01
3.263871398606088e-01
2.838064746217787e-01
2.397034501621775e-01
2.584070459544641e-01
-3.048535811351744e-02
-4.664927267493860e-02
-9.115736101244171e-02
-7.757154339935927e-02
-3.721844705171493e-04
-1.637903648612428e-02
-6.115342831807449e-02
2.887201303396183e-01
2.648367488010055e-01
2.451949224188900e-01
2.250380192537126e-01
1.999389662753528e-01
-3.066204217729899e-01
-3.306959592233749e-01
-2.887238367516937e-01
-3.127351530331893e-01
-2.635728661998430e-01
-6.025186986591414e-02
-3.401828915855509e-02
-7.836315722455495e-02
-8.441394419938954e-02
-4.256580235764932e-02
-1.598084304425846e-02
-5.166554500622491e-02
-1.672644685236164e-01
-1.887817521961611e-01
-1.254923448336832e-01
-1.051681018235291e-01
-1.420976432490718e-01
-8.690009940563788e-02
-8.509806086617379e-02
-1.126342666403961e-01
-1.172484460354977e-01
-1.401503227669882e-01
-4.868076024559609e-02
-1.248905407774265e-01
6.881864350972670e-02
4.043101638067245e-02
2.675193604917981e-02
-1.008766258218321e-03
4.299603004149870e-01
4.331845828187187e-01
4.089765083330044e-01
4.255374327299109e-01
4.037999304212457e-01
6.774921119819542e-02
8.569345219061374e-02
1.063374001317293e-01
4.774909197526015e-02
4.934615986738099e-02
-3.162250230028306e-01
-3.033866056667930e-01
-3.428726245832647e-01
-3.080390635078267e-01
-3.363445895686444e-01
-3.294628200564351e-01
-4.772246521926279e-01
-4.868966899591304e-01
-4.868994307795597e-01
-4.762781617038941e-01
-4.775049253856531e-01
-4.900594251825637e-01
-4.900147361694145e-01
-4.807917244256359e-01
-4.721638210920915e-01
-4.643635397115830e-01
-4.435338519927929e-01
-4.306200629938131e-01
-4.548740638321033e-01
-4.630795072860403e-01
-4.871277415991890e-02
-2.563218023860656e-02
-6.640499761871904e-02
-8.697499770716385e-02
-6.885211608760071e-02
4.327239644408798e-01
4.480283563618572e-01
4.522715901322576e-01
4.658824717221607e-01
4.260300987497957e-01
-4.715449247947575e-01
-4.722340157403024e-01
-4.683167491343636e-01
-4.807524521637100e-01
-4.829298173205966e-01
-5.110752188450028e-01
4.627083314420340e-01
4.436243856744774e-01
4.529626621522060e-01
4.359288112395212e-01
4.172071507488154e-01
2.882715353828128e-01
2.833795666452247e-01
3.148202485501183e-01
3.230653908608077e-01
3.435628693050655e-01
3.031045124589302e-01
-1.250232207909545e-01
-1.278083162202361e-01
-1.078917537421709e-01
-1.459226827413834e-01
-1.658096392760328e-01
-2.673411518102968e-01
-2.339317264837257e-01
-2.869179775862332e-01
-2.540622619759564e-01
-2.725973860813350e-01
-3.050375730052632e-01
-3.111042254925852e-01
4.648044401862169e-02
1.321528867287981e-02
2.908621409646218e-02
-9.772175621985362e-03
9.615598466297849e-03
-3.945319016765512e-01
-4.079896192904535e-01
-3.878379532568851e-01
-3.632206281063810e-01
-3.625007093996520e-01
-3.699256790403190e-01
3.352933601304112e-01
3.718343098034870e-01
3.821283946228450e-01
4.212089822778562e-01
4.359436735627092e-01
3.422898129158502e-01
3.477761257903264e-01
3.931025601528964e-01
-5.869960172476905e-02
-4.810284995376546e-02
-3.209514648150073e-02
-7.396660225321641e-02
-2.657684161064547e-02
-4.639292932629658e-01
-4.454722416190239e-01
-4.587916336329044e-01
-4.627479058360540e-01
-4.496157958579156e-01
-4.532925140686706e-01
-4.653156671624193e-01
-4.728751780721489e-01
-4.807527604179487e-01
-4.908478386740955e-01
3.064067429609738e-01
3.315826801694495e-01
3.029042734453132e-01
2.776501150468952e-01
3.512074549656353e-01
-1.767009944580559e-01
-2.249285541377193e-01
-2.111776111164945e-01
-2.447609687169044e-01
-1.868209717045481e-01
-4.580897543709037e-01
-4.412296754738879e-01
-4.529201968327620e-01
-4.443049234082522e-01
-4.267070453662850e-01
-4.996046986136510e-01
-4.971354337343085e-01
-4.954352776671946e-01
-4.964460368509868e-01
-4.954422066956192e-01
4.780225911929141e-01
4.749100658638914e-01
4.655439887835943e-01
4.658471838527365e-01
4.763665142657101e-01
-4.964460368509866e-01
-4.908743389677144e-01
-4.901486834023178e-01
-5.232339196660007e-01
1.469251371689613e-01
1.648560007108762e-01
2.015230425493368e-01
1.844319622620048e-01
1.809913145625683e-01
2.557177395517118e-01
2.369651525992433e-01
2.207727491079566e-01
2.709823157745602e-01
2.890460001124246e-01
2.934637526003212e-01
3.205468187961106e-01
3.335376724022289e-01
3.500210372847132e-01
3.605419860467982e-01
3.280692472697018e-01
-3.995624631124541e-01
-3.900286540926068e-01
-4.060609731529064e-01
-3.751017567156809e-01
-4.217547856339770e-01
-3.639394051847478e-01
6.936776599453306e-02
8.865117260945163e-02
1.084894040531580e-01
1.271690541863280e-01
2.980756258490864e-02
1.469251371689595e-01
1.653852001057647e-01
4.503131961831292e-01
4.164197392474921e-01
4.359290757153443e-01
4.319268499707432e-01
-2.384337507142542e-01
-2.188271054870306e-01
-2.027626604064982e-01
-2.745690875638588e-01
-2.368511110533346e-01
-4.346601372197918e-01
-4.136520162715292e-01
-4.562214452860856e-01
-4.329216953498938e-01
-4.781773941438216e-01
-2.384337507142518e-01
-2.725973860813328e-01
-3.050375730052610e-01
-2.027626604064956e-01
-2.756038305844278e-01
-3.117333432512990e-01
6.936776599453470e-02
2.980756258491084e-02
1.084894040531602e-01
9.514537849627326e-02
5.324219990149194e-02
8.046660855366178e-02
-1.823439597197050e-01
-1.658096392760351e-01
-1.986177273078370e-01
-1.625586985977416e-01
-1.454694186791275e-01
4.657759136825008e-01
4.504924705485531e-01
4.609829273641032e-01
-4.418198005480372e-01
-4.263749462144442e-01
-4.059335747801147e-01
-4.225604709684173e-01
-4.529201968327612e-01
-4.583422676257969e-01
4.874133452420770e-01
4.765569704176669e-01
4.781148941999097e-01
4.858346700202050e-01
4.749100658638912e-01
4.118175912719985e-01
4.164817976022575e-01
4.149065974842329e-01
4.358698145601654e-01
3.949753172138204e-01
3.947695808793811e-01
4.966318722396201e-01
4.967381679277952e-01
4.935715493838225e-01
5.000000000000000e-01
4.984194195073480e-01
4.936876709681666e-01
5.378526109071390e-01
5.339556757410394e-01
-3.572903024977580e-01
-3.753097530975691e-01
-3.828436875481429e-01
-4.000900617139121e-01
-9.441272270775333e-03
9.691137842292296e-03
1.140394954863969e-02
2.926334443261997e-02
2.311094421190877e-01
2.162386580088781e-01
1.941044125524279e-01
1.807855995036226e-01
2.018124106199324e-01
1.844319622620031e-01
2.207727491079552e-01
-4.714496102928208e-01
-4.829194877470050e-01
-4.554100563276089e-01
-4.594657201176297e-01
-4.719436879651224e-01
-4.807524521637104e-01
3.617669978235472e-01
3.703767426059476e-01
3.946903248791329e-01
3.767336193741279e-01
3.987356842479954e-01
3.876322054838311e-01
3.434634078903193e-01
3.148641891915508e-01
3.237438127618423e-01
3.464960296938371e-01
3.335297945028892e-01
3.033386418467288e-01
2.616508020586666e-01
2.509801270060228e-01
2.834456392275172e-01
2.372836035415543e-01
2.711128057337989e-01
2.557177395517106e-01
2.890460001124238e-01
4.872170517907793e-01
4.935935869683731e-01
4.842608235957762e-01
4.601165007161370e-01
4.753629841146280e-01
4.936876709681668e-01
-3.453683735686366e-01
-3.538435846861008e-01
-3.162129678543440e-01
-3.627595073499998e-01
-4.010096243022072e-01
-4.148510992871536e-01
-3.707324450706112e-01
4.677127826582198e-01
4.876732660285298e-01
5.152039153944962e-01
4.244916810456818e-01
4.324976541899727e-01
4.441413063745658e-01
4.924103500129908e-01
4.454606320889068e-01
-5.113589906091186e-01
-5.576728445099048e-01
-5.432474289958634e-01
-4.956693980233256e-01
-4.683167491343642e-01
-4.330896865492982e-01
-4.567958692766900e-01
-3.900286540926056e-01
-4.136520162715280e-01
-4.346601372197908e-01
-4.785642228498648e-01
2.966325778799866e-01
2.560235906576900e-01
2.560963889652304e-01
2.981309423357042e-01
2.544206225975288e-01
3.002509387868214e-01
-1.482576468154719e-01
-1.578458700164375e-01
-7.484807311339570e-02
-1.032387794929760e-01
-1.168329389162152e-01
-8.899894783877420e-02
-5.685724727466880e-01
-5.311818463283832e-01
-5.758774027471441e-01
-6.180977067559404e-01
-6.751666101173416e-01
-6.666022094271518e-01
8.046660855365846e-02
9.561411085159648e-02
1.258477087016634e-01
1.704331591159931e-01
1.785563643037074e-01
1.376443140325130e-01
3.457677259849428e-02
5.341880358928258e-02
-1.153166884574186e-02
1.068000095250460e-02
1.276326165419201e-02
6.215855034179272e-02
4.053828511547636e-02
-4.966391515733922e-01
-5.253874283260016e-01
-5.042057591749560e-01
-5.576747836111497e-01
-5.911377866189146e-01
-6.159714676925542e-01
-5.756720336667294e-02
-1.361283223035742e-01
-1.738193100595200e-01
-3.803977822126162e-02
-8.725087261711587e-02
-6.749258325747921e-02
-1.210385690607311e-01
5.347401957423598e-01
5.032584686374344e-01
5.508956764021138e-01
5.726776983230734e-01
5.277751592141828e-01
5.169270230091744e-01
5.635682172234378e-01
2.181775095480958e-01
2.139410762239266e-01
1.777992900717666e-01
1.374400129346375e-01
1.704331591159965e-01
-3.162129678543488e-01
-2.765831508285350e-01
-3.208846371643476e-01
-3.242699009713856e-01
-3.616015543266628e-01
-3.707324450706158e-01
4.060244032502662e-01
3.615098485302364e-01
3.205468187961096e-01
3.500210372847122e-01
3.289239840236246e-01
-5.380934447976974e-01
-4.996046986136510e-01
-5.795414503918350e-01
-5.361728772954278e-01
-9.941093832534323e-03
-3.223763790521626e-02
1.008911118107290e-02
-4.962689945402974e-02
-2.957787075149603e-02
-3.443647537646002e-01
-3.767697750696934e-01
-4.053584788267416e-01
-3.355492141795192e-01
-4.901486834023182e-01
-5.315300000061010e-01
-5.224950708275437e-01
-5.954015588488574e-01
-6.369107788227359e-01
3.772823100791154e-01
4.021582826353828e-01
4.453087628232538e-01
4.244916810456820e-01
4.113842132971701e-01
4.191958315065052e-01
-5.365035516328608e-01
-5.758774027471451e-01
-5.795414503918352e-01
-6.250187281108714e-01
-6.278875878947342e-01
-6.794623901145652e-01
-6.242991182447336e-01
-6.794623901145654e-01
-1.985980087267235e-01
-1.923391815601962e-01
-1.844621917539639e-01
-2.307275803696172e-01
-2.255011094154036e-01
4.670928238819170e-01
4.876395151505904e-01
4.441413063745662e-01
4.609829273641034e-01
5.036759221461000e-01
5.152039153944966e-01
5.347401957423600e-01
-4.057920020325742e-01
-3.639394051847462e-01
-3.481697357161762e-01
-3.355492141795174e-01
-3.768094378414038e-01
-9.941093832536420e-03
-4.962689945403214e-02
-6.903510171761679e-02
-2.965422806896866e-02
-3.204863941939160e-02
4.021582826353822e-01
4.194870883241230e-01
3.772823100791148e-01
3.880594078695490e-01
3.620323974800061e-01
3.917085380232186e-01
3.457769426406822e-01
3.720514870045343e-01
3.733330548297294e-01
3.703634658838570e-01
5.339812827423894e-01
5.379728350033040e-01
4.984194195073480e-01
5.277543112390506e-01
5.781665266285236e-01
2.937949438826544e-01
2.570277497622958e-01
2.966325778799840e-01
-5.772274549243332e-01
-5.956212063818214e-01
-6.369107788227338e-01
-5.576728445099028e-01
-5.432474289958606e-01
-6.100649624606916e-01
-6.538233349426450e-01
-4.022937733919878e-01
-4.148510992871584e-01
-4.378823823196108e-01
-4.563469312841464e-01
-4.949575910512574e-01
-3.538435846861060e-01
-4.221697100143084e-01
-3.892370884482432e-01
-5.031069796147810e-01
-5.625667421292804e-01
-4.524332387474248e-01
-4.798363388749748e-01
-4.734981452188878e-01
-5.304389695659458e-01
5.863969062321736e-01
6.035185825593318e-01
6.458776895748922e-01
6.136378546958948e-01
6.607351512274788e-01
6.714152325167068e-01
-6.197764658175012e-01
-6.751666101173424e-01
-5.685724727466896e-01
-6.081409816219436e-01
-6.538233349426468e-01
-6.666022094271534e-01
5.193503624120628e-01
5.773086862221281e-01
4.665036078570442e-01
4.924103500129914e-01
4.880776361686228e-01
5.469352643841208e-01
-5.321188049301390e-01
-5.625667421292770e-01
-4.725292383503040e-01
-5.304389695659422e-01
-4.524332387474206e-01
-4.798363388749710e-01
-5.049872220996756e-01
4.552945017206214e-01
5.131039417075962e-01
4.760286107072090e-01
4.376474796917730e-01
4.665036078570432e-01
4.896417483074838e-01
5.469352643841198e-01
-5.558741669118948e-01
-5.911377866189174e-01
-6.159714676925570e-01
-5.253874283260048e-01
-5.042057591749594e-01
-5.327879622208012e-01
-5.787988049329854e-01
2.076875512400438e-01
1.998181865497853e-01
1.598904180757919e-01
1.117081728229612e-01
1.475455895122952e-01
9.434016175256540e-02
-1.836261393693049e-01
-1.350319896365051e-01
-1.738193100595242e-01
-1.923391815602007e-01
-1.482576468154766e-01
-1.210385690607357e-01
-2.255011094154076e-01
6.020311175913760e-01
6.607351512274789e-01
5.167763281570310e-01
5.508956764021140e-01
5.635682172234378e-01
4.858346700202050e-01
6.272806410554080e-01
6.778504105299932e-01
6.153711269800642e-01
6.714152325167068e-01
5.726776983230734e-01
6.217993449983128e-01
2.235829918413511e-01
1.832194377965102e-01
1.420640245528493e-01
2.007078121328736e-01
1.653863560149222e-01
5.459733593390592e-01
5.685193332515822e-01
6.040321766694096e-01
5.773086862221272e-01
5.183656944837494e-01
6.269367812151804e-01
-2.313893564173044e-01
-2.352046860715380e-01
-1.977248074752290e-01
-2.759078039345384e-01
-2.757572181528374e-01
5.800000000000000e-01
6.258675641756188e-01
5.781665266285236e-01
6.800000000000000e-01
6.778504105299932e-01
6.232692144783016e-01
5.878928773160640e-01
5.668758033704614e-01
5.448666298274700e-01
6.040321766694100e-01
6.458776895748924e-01
6.269367812151810e-01
1.115988142881065e-01
1.258477087016668e-01
1.599252359091572e-01
2.072769205971630e-01
1.998181865497885e-01
1.475455895122984e-01
2.508274686763272e-01
-3.199073228995824e-01
-2.770749765489128e-01
-2.765831508285298e-01
-2.352046860715330e-01
-2.376260150296456e-01
-3.242699009713816e-01
-2.757572181528330e-01
3.352933601304134e-01
3.420904758974346e-01
3.816072890952776e-01
3.718343098034886e-01
3.477761257903286e-01
3.931025601528980e-01
4.359436735627108e-01
2.988058589186382e-01
2.546015471351628e-01
2.560963889652280e-01
2.184710484375188e-01
2.139410762239236e-01
3.002509387868192e-01
2.508274686763246e-01
2.937565711798478e-01
2.832047527588856e-01
3.170275748819497e-01
2.587152783248042e-01
2.453022271326324e-01
2.677408022860335e-01
3.051444953218131e-01
1.219942884123895e-01
1.228598041613790e-01
1.560487188338878e-01
1.435725401819389e-01
-1.073984381520755e-01
-8.899894783877638e-02
-1.278083162202387e-01
-1.032387794929806e-01
-1.150108979899926e-01
-7.430497196986686e-02
-1.578250815561955e-01
4.060244032502678e-01
4.561024020536690e-01
4.376474796917742e-01
3.917855079765290e-01
5.131039417075974e-01
4.212567814121040e-01
4.760286107072100e-01
-4.221697100143038e-01
-4.393750305750748e-01
-3.892370884482380e-01
-4.949575910512534e-01
-4.563469312841424e-01
-3.673999914116738e-02
-5.756720336667702e-02
-1.351988761224893e-02
-6.749258325748328e-02
-8.685152065925818e-02
1.224855072233663e-02
-1.153166884573775e-02
6.146758129928600e-02
3.457677259849812e-02
4.053828511547996e-02
9.434016175256900e-02
-1.351988761224487e-02

Y  1  1102  double
-3.639154337279983e-01
-3.578951597123328e-01
-3.264944307507293e-01
-2.870456015694429e-01
-3.195998528476818e-01
-2.371543813652336e-01
-2.352893825433792e-01
-2.686920194598983e-01
-2.682502147793455e-01
-2.968226673027305e-01
-4.248239768159144e-01
-4.451186467735965e-01
-4.485060210859489e-01
-4.627408592909364e-01
-4.620843338648552e-01
-4.458208641074237e-01
-4.497178318460681e-01
-4.292417233752525e-01
-4.480955953037685e-01
-4.627047999603971e-01
-4.281501856979770e-01
-4.267181949316652e-01
-4.689880218933108e-01
3.338203554923698e-01
3.641595172174105e-01
3.032552533483877e-01
3.346795626066241e-01
3.631446954496553e-01
3.038000865554228e-01
3.365199891782729e-01
-2.094419815739566e-01
-1.890581861095962e-01
-1.532786983385283e-01
-2.247133841293056e-01
-2.079906444565101e-01
-1.720736599135041e-01
1.295062862143826e-01
9.610394263602119e-02
5.797902461650075e-02
9.087156033135277e-02
5.761029095138073e-02
7.785190645068651e-02
-9.470061943702707e-02
-9.151359374424513e-02
-1.285192200064005e-01
-1.617579873862354e-01
-1.982431506882471e-01
-1.902682865733144e-01
-1.317217868669703e-01
-4.192206955934552e-01
-4.012313942347007e-01
-3.915663008308283e-01
-4.296137327943853e-01
-3.679186148160332e-01
-3.576099341010756e-01
-3.794471495763138e-01
3.384348991850494e-01
3.352383341111044e-01
3.695711963586901e-01
3.043526867676339e-01
2.702022533670569e-01
3.055558725759367e-01
2.703713492173007e-01
3.055623254978831e-01
2.318894732138416e-01
2.687792409746813e-01
3.257066136292818e-01
2.862821374553509e-01
2.926005259739151e-01
3.311401894082148e-01
1.025977355799560e-01
6.138904425870800e-02
5.298255832762983e-02
9.362715314441833e-02
1.109724827099257e-01
4.423806169600024e-02
2.945090865143822e-03
-3.642327943702717e-03
4.561524699993522e-02
1.087061847604450e-02
-3.183846425311563e-02
8.675845471089767e-02
4.026074204184865e-02
8.265371823337590e-02
-1.953714722958690e-01
-1.606635946975711e-01
-1.900905428435730e-01
-1.514498143517172e-01
1.509368300221874e-01
1.555747364539030e-01
1.112698234784212e-01
2.337808782020769e-01
1.960991529447943e-01
1.937306544820404e-01
-1.473576685442054e-01
-1.178349637745208e-01
-1.889332106285385e-01
-1.602229823864136e-01
-1.279680814693696e-01
-1.722778207704024e-01
-1.721955367375812e-01
7.793439254480740e-02
7.234948068461373e-02
1.167362966743151e-01
2.705883484175670e-02
3.350890122663253e-02
-7.867480825317123e-02
-2.973724574948132e-02
-3.790433608068070e-02
-8.675832072282796e-02
3.843904264206163e-03
1.203342019273407e-02
-1.279185105595916e-01
-1.200670315960812e-01
-8.421533039876129e-02
-7.416985721204775e-02
-3.996664322787781e-02
-4.897620512220198e-02
-9.418827199679305e-02
-6.508323727677806e-02
4.464608035852845e-02
-4.558003615078987e-03
-1.304742263922702e-02
3.655879556722275e-03
-4.507345349921186e-02
1.326627062427011e-01
1.588162495419643e-01
1.505325892349127e-01
1.416322518998194e-01
1.981633015923274e-01
1.893846785398465e-01
-2.068545948759742e-01
-1.675914321513468e-01
-1.595867063801971e-01
-1.745049247004102e-01
-2.203902194412985e-01
-2.510013091037815e-01
-2.139670453531932e-01
-1.266608541954755e-02
3.601242645530386e-02
8.459345196145164e-02
7.529284037761520e-02
1.230676252908277e-01
2.713829369567058e-02
6.628505620774502e-02
-1.414763684994945e-01
-1.348168257309860e-01
-1.812373960563928e-01
-2.955958765513861e-01
-2.275169026044148e-01
-2.560633466454741e-01
-2.694662804880228e-01
-3.083806783376940e-01
-1.590808499349541e-01
-1.210558571077340e-01
-1.178843539976047e-01
-7.895547258666145e-02
-1.977499511899754e-01
-1.563225615873983e-01
-2.146918605954077e-01
-2.820905179034761e-01
-2.020763858148672e-01
-2.287830885168919e-01
-2.433706009192399e-01
-2.673300212746931e-01
-3.054859101866795e-01
-2.252855936425774e-01
-2.627687802543500e-01
-3.027423595249567e-01
-4.019507079558761e-01
-3.999431321901863e-01
-3.717032665385601e-01
-3.967416277216697e-01
-3.715006293298188e-01
-1.914174435711126e-01
-2.299176867320719e-01
-2.329329747344851e-01
-1.946965875504590e-01
-1.865979723687659e-01
-2.717836542849782e-01
-2.350440547695851e-01
-2.696339057457198e-01
3.671492063901476e-01
3.383530051832453e-01
3.702898264977623e-01
3.938748717143503e-01
3.913930620265217e-01
3.389855874109290e-01
3.700410022714511e-01
-1.522901253446373e-01
-1.124557860358804e-01
-6.735947774917195e-02
-7.321553757007801e-02
-1.072129522228769e-01
-1.469970302885972e-01
1.901931913634348e-01
2.284707737959646e-01
1.857351108635070e-01
1.460815851929596e-01
2.153787549398120e-01
2.651158819402457e-01
2.292608963311133e-01
2.505579178586671e-01
1.888166480991666e-01
-3.207848904446313e-01
-3.319989981927837e-01
-2.922424470293827e-01
-3.024418004039517e-01
-2.813885194843659e-01
3.996129683747914e-01
3.985894427735203e-01
4.241066865150316e-01
4.251360284726565e-01
4.400220362895203e-01
3.636714001231205e-01
3.884943322272601e-01
3.905055796593107e-01
3.552811423282664e-01
3.815393524950468e-01
-4.788325062976092e-01
-4.692960112871719e-01
-4.858381735643030e-01
-4.805067089347917e-01
-4.892637040822340e-01
-4.947536841207421e-01
-3.331158496069950e-01
-3.665617028599468e-01
-3.461387104563003e-01
-4.079357035551147e-01
-3.972805621211548e-01
-3.827852515564704e-01
-3.524950721325208e-01
2.312515035986069e-01
1.961675279838910e-01
2.519867674883738e-01
2.195785701577808e-01
1.853109093260903e-01
1.592144936359627e-01
1.915984621319398e-02
-9.088078735460500e-05
3.922408156758298e-02
-1.885935180697705e-02
-3.898930198004491e-02
-6.040464999412751e-02
-1.009765065892485e-01
-5.332998990775346e-02
-4.588830545149544e-03
-4.574674620968477e-02
-9.397614015919184e-02
1.937011583182506e-02
5.933728323033882e-02
9.983667960153615e-02
5.246371041289798e-02
9.322734353886539e-02
1.064626876697122e-01
6.640624503164828e-02
2.837918722732797e-01
3.068478794616650e-01
3.056569304413259e-01
3.358400698678556e-01
3.154323268237041e-01
-4.310746792017716e-01
-4.109999789920827e-01
-3.920238561323907e-01
-3.884751654340307e-01
-4.052374643069184e-01
-3.814372967525072e-01
-4.271896990368558e-01
2.868155012732662e-02
-2.138993209203787e-02
2.061209285965022e-02
6.981969989936231e-02
-2.705796023510108e-01
-2.717504081971414e-01
-3.052401899413034e-01
-3.011169119717114e-01
6.450341055319725e-02
7.405489040786231e-02
1.056733283532730e-01
1.478666492207312e-01
1.173926110807887e-01
1.376010842952613e-01
-1.170966965550325e-02
-5.754538786543519e-02
-1.984965057144131e-02
-6.696812367054270e-02
-3.402637086273363e-01
-3.072601670394539e-01
-3.397310643611690e-01
-3.062425924836302e-01
-3.686374520691740e-01
-3.382350128321328e-01
2.346006826189617e-01
2.787574469637146e-01
3.188883895807469e-01
2.605639415112855e-01
3.019220124492513e-01
2.701164087209414e-01
2.257027402247942e-01
3.109255034601709e-01
-2.801434078242628e-02
-7.590171438391610e-02
-3.691259041087649e-02
1.194745436014305e-02
-1.238535367774790e-01
-8.523793665958060e-02
2.689373992050858e-01
2.335328558728004e-01
2.346000180063535e-01
1.979654278139479e-01
2.699124124247325e-01
1.969828445550493e-01
-7.087353719461667e-02
-1.119420154735744e-01
-6.216592444194249e-02
-5.398007016833541e-02
-1.033286691142439e-01
2.427171325551579e-01
2.501983086558560e-01
2.131180200069502e-01
2.058788777933218e-01
1.665213210466109e-01
-1.334597760398530e-01
-1.423943615101417e-01
-9.440149536546708e-02
-1.809143877016146e-01
-2.263478002789618e-01
-1.706770081518351e-01
2.191559909658815e-01
2.618633614920303e-01
2.243802499801321e-01
2.562634522172815e-01
2.980737345188963e-01
2.659817225269325e-01
3.014232723793721e-01
-3.443190778120783e-02
3.199154931120641e-03
1.079416461009287e-02
-8.368109603499801e-02
-4.133034837435878e-02
3.502368699436386e-01
3.767730767335088e-01
3.844955353749134e-01
3.573037518910556e-01
4.097815456924230e-01
4.016599710521586e-01
4.296515665788556e-01
2.158799281671205e-01
2.059772521850075e-01
1.803289533072194e-01
1.702918894422166e-01
-2.608731351687196e-01
-2.165680063263160e-01
-2.504018138014698e-01
-2.706660627344187e-01
-2.386685419887491e-01
-2.065111917672968e-01
4.548734462846075e-01
4.365481898222283e-01
4.163642791326053e-01
4.415868602971931e-01
4.596142115318172e-01
4.634993673057256e-01
2.146493566584001e-01
2.021783570838094e-01
1.836412621927774e-01
1.720039240521881e-01
1.276737410602543e-01
1.601356916418191e-01
-2.435722134269946e-01
-1.988960462052514e-01
-2.353237603951643e-01
-2.794034274393436e-01
-3.993693503037889e-01
-3.682119891658723e-01
-3.959588570069964e-01
-3.912799783370142e-01
-4.218955726725925e-01
-4.255298911535606e-01
1.737148681691803e-01
1.339332187709573e-01
1.800408662200498e-01
1.402619078440251e-01
-3.943811299639958e-01
-4.208362280227075e-01
-4.401036802471041e-01
-4.212743681723873e-01
-4.396907662444035e-01
-4.129449342250463e-01
-4.039733092504312e-01
2.827295147166782e-01
2.429832705136767e-01
2.561951123246198e-01
2.693367245599442e-01
2.958431023421061e-01
3.087437503523848e-01
1.578197137142457e-01
1.610612830084410e-01
1.609287863517169e-01
1.257559972030608e-01
1.230904057948480e-01
1.200315071738317e-01
4.821609189443515e-02
9.379607977687973e-02
3.932210800428537e-02
8.364957781890973e-02
3.108147733597903e-02
-4.008973566685363e-03
-3.507216575499292e-01
-3.420129425977231e-01
-3.770932017158078e-01
-3.114399741578512e-01
-2.790502719087289e-02
-2.023616176695364e-02
1.914508165961909e-02
5.699698667463568e-02
1.192660686530521e-01
8.567490946833349e-02
3.707668707067110e-02
1.268013807910148e-01
7.790720003671539e-02
-2.990182762985950e-01
-2.573604270178538e-01
-2.936142598710016e-01
-3.364525341738687e-01
-3.320134614549995e-01
-3.394900792053488e-01
-3.706434751962346e-01
2.918086115460026e-01
3.209156000746744e-01
3.800533692667614e-01
3.459434284957017e-01
3.574267050459732e-01
-1.988279094054746e-01
-2.355309891799730e-01
-2.355182442908284e-01
-1.995489446742488e-01
-1.987322690440371e-01
-1.623225735649884e-01
3.677054097676796e-01
3.319461097175107e-01
3.916384716847350e-01
3.417367922415880e-01
1.033827264671749e-01
1.390884593847994e-01
1.495587959911134e-01
1.601999856961632e-01
1.135694625482140e-01
3.630331847325086e-01
3.951495006767405e-01
3.980998511074825e-01
3.671823659315868e-01
3.905847225629331e-01
4.213256664123088e-01
4.243994330306126e-01
2.274185583945007e-01
1.949111545091926e-01
2.386248301113437e-01
2.810064807100345e-01
2.502110151457817e-01
-1.040778655431792e-01
-1.395058956779920e-01
-1.498624841612100e-01
-1.839107442341230e-01
-1.141525735113479e-01
-4.368133199839797e-01
-4.168542252365333e-01
-4.100215121095559e-01
-4.546853660584482e-01
-4.604114223469417e-01
-4.419761879077612e-01
-3.849083953893968e-01
-4.329893419400790e-01
-4.089921401865544e-01
-4.462032368481831e-01
-4.664401347996559e-01
-4.573224035655711e-01
4.827774062219223e-01
4.664286404241543e-01
4.670387598896739e-01
4.491756222167346e-01
4.568776385730960e-01
4.881067036598194e-01
4.742762777492084e-01
-4.484771559822670e-01
-4.659745573942721e-01
-4.456325586154832e-01
-4.636316172095897e-01
-1.263612696207245e-01
-1.623610836743176e-01
-1.614412176003863e-01
-8.789498771826547e-02
-1.246320802099433e-01
4.859371068611154e-01
4.709999061609154e-01
4.788425432567487e-01
4.755897106776355e-01
4.945829921864058e-01
-3.382038799568226e-01
-3.668435101826407e-01
-3.069265817354804e-01
-3.184973913851394e-01
-3.385393361895749e-01
-3.633998670888628e-01
3.811360137218629e-02
5.839630053620970e-02
-5.866423280709693e-02
-3.819036486974758e-02
-3.584571119365947e-04
-1.967875458266436e-02
1.969683807897461e-02
-9.707540147334374e-02
-7.716241825826654e-02
-1.148999779645219e-01
-1.320955393341266e-01
-1.060211108486737e-01
-9.276119401736180e-02
-5.786792805656545e-02
-4.881986094289091e-01
-4.772784253114905e-01
-4.734134191653639e-01
-4.828130912002222e-01
-4.922424530040139e-01
2.025278335087081e-01
1.664253585999086e-01
1.901872327128186e-01
1.537728490227349e-01
1.774072492222516e-01
-1.352552686055221e-01
-1.554814861114525e-01
-1.751554237819128e-01
-1.373938853755137e-01
-1.175235064474615e-01
-1.676711402525712e-01
-2.010467954008090e-02
-5.212319798105425e-02
2.377398710893620e-02
-1.141619083684491e-02
-4.638423084952806e-02
-3.796802102191211e-01
-4.002154625244499e-01
-3.760947271360259e-01
-3.532025890623794e-01
-3.500914328192725e-01
-3.939686435215942e-01
-4.743631154731709e-01
-4.833891127290190e-01
-4.853121603155567e-01
-4.751287455795033e-01
-4.717066498610676e-01
4.111490966972522e-01
4.309983583942579e-01
4.059356429786943e-01
4.273673266713744e-01
4.191547030651376e-01
3.961717797307864e-01
4.394686238958586e-01
-4.787883034459150e-01
-4.791295932271520e-01
-4.896239502905980e-01
-4.905325185239953e-01
-4.969963250104973e-01
-2.519147026632330e-01
-2.557970270604353e-01
-2.823386779998577e-01
-3.109600323482668e-01
-2.662711110383394e-01
-2.858755526180705e-01
4.732635234755138e-01
4.451283478424672e-01
4.957731842219866e-01
4.652431794902788e-01
5.218746147118578e-01
5.261007880129264e-01
5.843387427941700e-01
5.548606826954298e-01
4.769000930709098e-01
4.648765960642839e-01
4.448745862939334e-01
4.466996773335913e-01
4.782431464786170e-01
5.703354294226812e-02
5.122267011576658e-02
-2.411498364360990e-02
2.216648396325227e-02
1.318021351374702e-01
9.156286699825698e-02
1.134068842230625e-01
7.615595726628822e-02
9.716374201762606e-02
7.891703637885986e-02
-3.336007507995841e-01
-3.279177400697997e-01
-3.560854107566835e-01
-3.636555347153420e-01
-3.252985731802249e-01
4.452309706670058e-01
4.101871834993311e-01
4.295340245347745e-01
4.118375821296271e-01
4.224096188207488e-01
1.931468732405775e-01
2.291079484256547e-01
2.118095732042632e-01
2.081525044977624e-01
2.422229090559596e-01
1.987825754846206e-02
-1.518206427066610e-05
3.952205178390624e-02
5.950909590095154e-02
-3.947534492674986e-02
-1.367173995993198e-01
-1.563983035111134e-01
-1.741154627315214e-01
-1.534482129632158e-01
-1.164497367002309e-01
-5.950909590095318e-02
-7.882342467863780e-02
-9.876369858897727e-02
-1.270620943445136e-01
-4.779257307028802e-01
-4.690437740660591e-01
-4.544072769891538e-01
-4.647417038486932e-01
-4.557648248273291e-01
-4.296608402898300e-01
-4.368825797790463e-01
-4.486194303096058e-01
-4.168142204770009e-01
-4.079857960995802e-01
-4.513339049896810e-01
-3.837313343469536e-01
-3.687230675802499e-01
-3.570507995483744e-01
-3.987024502098636e-01
-4.260829817464342e-01
2.957985571493880e-01
3.128540378302790e-01
2.754131997104642e-01
3.264048549611456e-01
2.632813283394591e-01
3.428528975432058e-01
4.951647332362510e-01
4.891704857205840e-01
4.880881572095256e-01
4.806457095733593e-01
4.991107183909666e-01
4.779257307028806e-01
4.687735477618748e-01
-2.106991483192646e-01
-2.593001506155315e-01
-2.252379255775980e-01
-2.460208059627398e-01
4.394875954112162e-01
4.463866862257633e-01
4.570419056770168e-01
4.625184393571948e-01
4.828564374874154e-01
2.471245943083606e-01
2.808772141603844e-01
2.842818326361954e-01
3.199516609085806e-01
2.474069404378940e-01
-4.394875954112176e-01
-4.191547030651390e-01
-3.961717797307880e-01
-4.570419056770180e-01
-4.617791195655714e-01
-4.385972456421292e-01
-4.951647332362508e-01
-4.991107183909664e-01
-4.880881572095252e-01
-5.293947936482432e-01
-5.358019957576778e-01
-5.743910905540506e-01
4.624844655120571e-01
4.717066498610668e-01
4.483968841096270e-01
4.627219082131654e-01
4.754314593840134e-01
1.740357097808660e-01
2.102372656573169e-01
1.936355873253208e-01
-2.279681915149379e-01
-2.425272821800977e-01
-2.753035358511498e-01
-2.619419309427852e-01
-2.118095732042650e-01
-1.923503291307571e-01
9.810125511305506e-02
1.162631313930446e-01
1.361072513807736e-01
1.181722192664526e-01
1.563983035111138e-01
2.785579003075757e-01
2.593115040506800e-01
2.379872286414225e-01
2.253207023237486e-01
2.704297123160331e-01
2.912163748995322e-01
-2.000186223176201e-02
1.969866872192357e-02
5.889307286141602e-02
0.000000000000000e+00
3.972508348585724e-02
7.919901220360757e-02
2.040606054182086e-02
6.345971485100813e-02
-3.361045589374220e-01
-3.260926164376695e-01
-3.067305675461943e-01
-2.950058243607559e-01
4.905644931339002e-01
4.970808238986157e-01
4.777742755635162e-01
4.897778520048365e-01
4.167290727997313e-01
4.401863048160979e-01
4.379630804771099e-01
4.559397109492413e-01
4.543677393661256e-01
4.647417038486938e-01
4.486194303096064e-01
1.352122997469155e-01
1.177220669855668e-01
1.501488886984085e-01
1.718815981638377e-01
1.561302668921226e-01
1.373938853755119e-01
-3.409664890136451e-01
-3.216805248682952e-01
-2.911492720504793e-01
-2.971120852746179e-01
-2.711561419521034e-01
-3.111733857229501e-01
3.500803509888610e-01
3.759702733556016e-01
3.550520099499649e-01
3.297995226878981e-01
3.685006955993150e-01
3.938948770864902e-01
4.021744069111390e-01
4.212848856468456e-01
4.001666611835864e-01
4.367720114107958e-01
4.166498960890820e-01
4.296608402898308e-01
4.079857960995808e-01
-9.842057907504186e-02
-5.946758687583767e-02
-7.789306024146798e-02
-6.200165308074134e-02
-5.184233929865215e-02
-7.919901220360744e-02
-4.128763327300092e-01
-4.595592644877158e-01
-4.862194555555626e-01
-5.120317400736164e-01
-4.800545480294942e-01
-5.387936204338730e-01
-5.700503961685900e-01
2.652933319990274e-01
2.277038113545364e-01
2.663924277493276e-01
2.642097892263100e-01
2.452728077963215e-01
2.296486446114892e-01
3.064833555025198e-01
3.023092718123960e-01
1.686134432110451e-01
1.593769070355913e-01
2.031802915870150e-01
2.088620081639048e-01
1.751554237819113e-01
-3.197802276086190e-01
-2.836782206599484e-01
-3.128540378302806e-01
-2.808772141603862e-01
-2.471245943083624e-01
-2.463292978404476e-01
-4.984065747362024e-01
-4.726037135905268e-01
-5.203985391591422e-01
-5.503281804144494e-01
-5.737721690452366e-01
-6.101224252210637e-01
-5.607313707656624e-01
-5.134492587152472e-01
-5.323081189096502e-01
-5.707379034274846e-01
-5.254385330893790e-01
-4.920154339892104e-01
-1.145658903632166e-01
-8.460104445120405e-02
-6.903055124510928e-02
-9.883514088464609e-02
-8.093237042529844e-02
-1.343186300810114e-01
5.743910905540512e-01
5.285862292592778e-01
5.661822623630496e-01
5.543938476153416e-01
5.069713737869770e-01
5.203579334895087e-01
5.789684333335212e-01
5.355465499826882e-01
5.798853512666380e-01
5.370580951220618e-01
6.258196699709808e-01
6.234969450183296e-01
6.787905770117146e-01
-2.079628156074716e-01
-2.456991049169500e-01
-2.866645293977028e-01
-2.881674567638898e-01
-3.360894482593744e-01
-2.880610195578024e-01
-5.771360473030082e-01
-6.109682807130454e-01
-6.574091933114660e-01
-6.251790115330262e-01
-6.216340825928570e-01
-6.766422623552510e-01
-6.691409902253266e-01
2.246172812973722e-01
1.866355951446810e-01
1.814220320728920e-01
9.187085415618484e-02
1.062047639290893e-01
1.474470087481976e-01
1.370797743490851e-01
-4.921840481308190e-01
-5.391003764644836e-01
-5.076405254124622e-01
-5.206042194919168e-01
-5.543938476153404e-01
4.862194555555594e-01
5.098056106770106e-01
5.393759018947958e-01
5.977031297592542e-01
5.103972999295165e-01
5.700503961685868e-01
4.141789274761154e-01
3.988192685987880e-01
3.837313343469544e-01
3.570507995483752e-01
4.258570580764404e-01
8.159934079628638e-04
-1.987825754846349e-02
-2.305877875622074e-02
-4.204085730547678e-02
-4.999011648850328e-01
-5.374239938347630e-01
-5.377822053830352e-01
-4.975310752612138e-01
-4.962815263659051e-01
4.131881011787624e-01
3.845661185036748e-01
3.529686285154576e-01
3.706841308493082e-01
9.876369858897562e-02
8.587688073306116e-02
1.277121433223364e-01
1.964484474448915e-01
2.382113763433980e-01
-3.281128746351874e-01
-2.971005144858548e-01
-3.025668003265938e-01
-2.642097892263094e-01
-2.792627616611432e-01
-3.370257340896012e-01
4.378587256410190e-02
6.903055124510098e-02
2.305877875621290e-02
-4.946310032566178e-02
1.665141659066020e-04
-2.703443026591276e-02
5.046218532111570e-02
2.703443026590628e-02
-5.002770902817090e-01
-5.471797138388392e-01
-5.998682543918248e-01
-5.813999239108836e-01
-6.415210438110523e-01
-2.659448118516874e-01
-2.281029836437786e-01
-2.296486446114886e-01
-1.936355873253204e-01
-1.883791490274775e-01
-2.663924277493268e-01
-2.246172812973712e-01
-3.525436406919204e-01
-3.428528975432074e-01
-3.547916460115482e-01
-3.706841308493100e-01
-3.822519838849108e-01
4.999011648850328e-01
4.975310752612136e-01
4.924064735004741e-01
4.961748579534451e-01
5.373159893231210e-01
2.971005144858556e-01
3.361320428570714e-01
3.281128746351882e-01
3.106808682764038e-01
3.407760806951327e-01
3.669691443023754e-01
3.037545943952674e-01
3.004694481159702e-01
2.797453208115220e-01
3.217172298723565e-01
-6.461795626493742e-02
-2.200473470491546e-02
-3.972508348585700e-02
-1.064856864353636e-01
-4.608109684359462e-02
4.504812082420590e-01
4.724915093874130e-01
4.984065747362038e-01
-2.421190315778940e-01
-1.957814784177026e-01
-2.382113763434038e-01
-1.593769070355986e-01
-2.031802915870220e-01
-1.482889551488126e-01
-1.868556841107004e-01
4.815918218841200e-01
5.387936204338692e-01
4.466767367133662e-01
5.041304179550590e-01
4.662799406587594e-01
4.595592644877116e-01
3.977093611501178e-01
4.299935917851968e-01
3.716778913652142e-01
3.819930112581222e-01
3.629106838831226e-01
3.258175684260448e-01
4.117893508699598e-01
4.254814914491790e-01
2.189790595741426e-01
1.723585978507988e-01
2.127016927751146e-01
1.232548101311830e-01
1.607142182023755e-01
1.077106565969063e-01
9.959307120617804e-02
8.093237042529200e-02
1.145658903632090e-01
1.482487998013457e-01
1.868556841106944e-01
1.343186300810048e-01
-3.527663159993462e-01
-3.593253133477804e-01
-3.446365968035912e-01
-3.064833555025186e-01
-3.919099147032260e-01
-4.040566997007620e-01
-3.303716068736158e-01
-3.819930112581270e-01
-4.104379171571938e-01
-4.254814914491832e-01
-3.629106838831276e-01
-3.258175684260504e-01
-3.728353798412162e-01
4.289149153034558e-01
4.462335095038558e-01
4.855890873857902e-01
3.806109345768184e-01
3.446365968035926e-01
3.926121142136478e-01
4.040566997007636e-01
2.877795523150446e-01
3.360894482593692e-01
2.880610195577966e-01
2.456991049169434e-01
2.866645293976966e-01
3.316703335035818e-01
2.432299653608482e-01
5.910845200227826e-01
6.499789937559176e-01
6.047281555164667e-01
6.176703974096922e-01
6.637998938049549e-01
6.734240372013016e-01
5.999325689733174e-01
6.118642805901136e-01
6.574091933114650e-01
5.471797138388376e-01
5.607313707656612e-01
6.691409902253258e-01
6.415210438110510e-01
-1.727841272808737e-01
-1.607142182023749e-01
-1.479743023719158e-01
-1.814220320728915e-01
-1.370797743490844e-01
-1.181722192664521e-01
-2.519166818522504e-02
-5.402611354076552e-02
-1.242336462804010e-01
-1.077106565969061e-01
-9.187085415618462e-02
-7.524224709698218e-02
3.980037115617929e-01
4.093639786039835e-01
4.198525396412962e-01
4.202645666750463e-01
4.331881477965824e-01
3.101477590364554e-01
2.651432715540770e-01
3.123221566716252e-01
3.593253133477816e-01
3.512200293934008e-01
2.633443987624362e-01
5.837430747013562e-01
5.301686105853394e-01
5.004499192610365e-01
5.620795192788486e-01
6.215769917207428e-01
0.000000000000000e+00
2.419944836999216e-02
4.608109684359442e-02
0.000000000000000e+00
5.402611354076584e-02
7.452382993977108e-02
-2.200536575804872e-01
-2.654524132942372e-01
-3.101860159381986e-01
-3.123221566716244e-01
-2.127016927751142e-01
-2.633443987624352e-01
-6.178904072800642e-01
-5.661822623630490e-01
-6.062333937540541e-01
-5.906347757780588e-01
-6.499789937559168e-01
-6.637998938049542e-01
-6.320487172342226e-01
-5.375131557664627e-01
-5.630279037366170e-01
-5.098056106770134e-01
-5.301686105853416e-01
-4.821164030127410e-01
-5.977031297592564e-01
-6.215769917207448e-01
-4.732635234755124e-01
-5.261359108118528e-01
-4.956177607553554e-01
-4.451283478424658e-01
-5.843387427941686e-01
-5.548606826954288e-01
-5.218746147118564e-01
5.499620201542545e-01
5.737860997093256e-01
5.203985391591434e-01
4.920538221593864e-01
5.391003764644848e-01
6.101224252210647e-01
6.320487172342236e-01
3.749117862891241e-01
3.542248512369479e-01
3.417698963441692e-01
3.868935536976170e-01
3.674006953386726e-01
3.333544045430262e-01
3.191905955664000e-01
4.472902796694104e-01
4.644485539049292e-01
4.518991928387086e-01
4.689919611546126e-01
4.853728258077791e-01
4.920154339892102e-01
4.833891127290182e-01
5.707379034274837e-01
5.242846793239720e-01
5.323842021007720e-01
5.146235742965986e-01
-4.141789274761138e-01
-4.296309167979606e-01
-3.806109345768170e-01
-3.692802867559930e-01
-4.462335095038546e-01
-4.653366091615902e-01
-4.855890873857890e-01
-3.977093611501226e-01
-4.481009627893064e-01
-4.299935917852014e-01
-4.662799406587638e-01
-5.041304179550627e-01
6.262310749190986e-01
5.771360473030078e-01
6.798655842436446e-01
6.766422623552506e-01
6.219587598033800e-01
-6.276667872319202e-01
-5.798853512666380e-01
-6.233117660029770e-01
-5.789684333335210e-01
-6.787905770117144e-01
-6.734240372013010e-01
-6.798655842436448e-01

Z  1  1102  double
3.602323248892284e-01
3.666303574154573e-01
3.965019235111596e-01
4.268770653302477e-01
4.002389928131075e-01
1.688441926174105e-01
2.280229448638850e-01
1.904502313147160e-01
2.381417972253688e-01
2.005809872838653e-01
1.820366146611306e-01
1.630670757941510e-01
1.163125573446752e-01
1.160598061780509e-01
6.384852169135131e-02
6.561788249705273e-02
1.735900110858022e-01
2.306888563392317e-01
2.127943204883151e-01
1.646977755820023e-01
1.967728827662721e-01
2.598838803418080e-01
1.161451056270920e-01
1.726627789342752e-01
1.717318803392908e-01
2.284930247597411e-01
2.231093212860317e-01
2.160921878662519e-01
2.710644459482455e-01
2.650376515041608e-01
2.055064447635325e-01
1.651961223723236e-01
1.668900743083154e-01
1.609951100181134e-01
1.151377355932963e-01
1.154573358461531e-01
1.660151824556163e-01
2.063232721623970e-01
1.934379862072825e-01
1.612094161850940e-01
1.532205681191984e-01
1.162855150970586e-01
1.655722540822793e-01
2.198174157960536e-01
1.901825781797878e-01
1.602577464345976e-01
1.668459453645961e-01
1.153740950994514e-01
1.519514482043731e-01
2.492269827310219e-01
2.903171878604848e-01
2.811465489493093e-01
2.528877692476314e-01
3.251398137284865e-01
3.133832054185010e-01
2.677445557276233e-01
3.521049702751841e-01
3.726568596827438e-01
3.319937920501648e-01
3.677227500953389e-01
3.479035744534207e-01
3.075313239298669e-01
3.128544249398705e-01
3.406386238615412e-01
3.831623118151268e-01
3.779604640296449e-01
3.970008374102477e-01
4.275028248837324e-01
4.205440760958181e-01
3.874359438968069e-01
4.996267861756422e-01
5.107937478043395e-01
5.039705699131686e-01
4.902466034144495e-01
5.035942674536417e-01
4.917876380117862e-01
3.045271396235883e-01
3.468082459482666e-01
2.851224512719020e-01
2.587317254841451e-01
2.740859797941699e-01
2.615030068339875e-01
3.302925936976773e-01
3.091633639005961e-01
3.909718900653508e-01
4.229142845414005e-01
4.690569634077969e-01
4.888052020889228e-01
4.112495632733615e-01
3.771226113118826e-01
4.029230182210624e-01
3.499866988333692e-01
3.475699594578766e-01
3.828664372608766e-01
2.539148042825289e-01
2.913155798544655e-01
2.521202677626378e-01
2.922068410980757e-01
3.318065434572732e-01
3.305258607464215e-01
2.099294779880916e-01
3.503610485851990e-01
3.896905326013353e-01
3.665906960032557e-01
4.064561942332646e-01
3.708155118714212e-01
5.078617310057644e-01
5.147755688591334e-01
5.080959673712017e-01
4.982932241631766e-01
5.026302573605481e-01
5.122246941897006e-01
4.951371351306327e-01
5.019153795536282e-01
3.280634149166215e-01
2.848978436921145e-01
3.188297023605272e-01
3.584148252839896e-01
3.648314732046445e-01
2.419419689543439e-01
4.940947978922037e-01
5.011090514828479e-01
5.113845952404485e-01
4.856082734785754e-01
4.898101276793073e-01
4.709505001509240e-01
4.910108791782455e-01
4.898865039312201e-01
4.833147455149287e-01
4.743127020621574e-01
4.705629391325692e-01
4.723488365326636e-01
4.866461732138357e-01
4.906040321804041e-01
4.773172272583557e-01
4.536220240859599e-01
4.492436335967239e-01
4.657710725940140e-01
4.669291609242123e-01
4.738187465163810e-01
4.750591373228724e-01
4.549977682241194e-01
4.535036745359680e-01
4.508440256683517e-01
4.289319114447930e-01
4.651637236272818e-01
4.830247801103866e-01
4.621956297797665e-01
2.959437545807257e-01
3.532693792793639e-01
3.128555802081930e-01
3.391834029241738e-01
3.209493194290445e-01
3.435235501854710e-01
3.310656929717535e-01
3.707379548447519e-01
3.548101852788638e-01
3.507154516727266e-01
3.811115378770429e-01
3.243168094355234e-01
2.674285802080225e-01
2.886915831057821e-01
2.455558171451860e-01
2.795410858100015e-01
4.052143232838434e-01
3.697728318010312e-01
4.364519105188759e-01
4.253241232526033e-01
3.918374921558795e-01
2.859494142395964e-01
2.654204594477642e-01
3.116546448759793e-01
2.381789494025575e-01
2.847409470390148e-01
4.163479056697569e-01
4.134484970778508e-01
3.861911619257754e-01
3.864238071704797e-01
4.421664357810807e-01
3.503414464395080e-01
3.529274723352091e-01
3.806847292961303e-01
2.528788722705326e-01
2.978640013912701e-01
2.828638196633287e-01
2.386751638923967e-01
2.047550815244647e-01
3.280703997037636e-01
3.107650120519593e-01
4.139804250362611e-01
4.062092245259982e-01
4.263816486830287e-01
3.933925411036002e-01
4.370960699282639e-01
4.423518325942712e-01
4.139316106172286e-01
4.116258138824788e-01
4.399635730197166e-01
4.396640156871611e-01
2.091820406004502e-01
2.421959512002255e-01
2.505857998303930e-01
2.039397098267205e-01
2.568448544881606e-01
3.397889646742474e-01
3.541033262130712e-01
3.794348992006217e-01
3.915794011868124e-01
3.616512012087391e-01
2.873687189914717e-01
2.637913568849122e-01
2.406808115395518e-01
2.606929130866334e-01
1.977919078343992e-01
1.161039415798941e-01
1.161315509692273e-01
1.644450294609632e-01
6.456992453599257e-02
6.413339622765317e-02
1.159907025673693e-01
1.726709678350081e-01
1.156749831317281e-01
6.562220019114935e-02
6.408135313027401e-02
6.300322022112420e-02
2.743327255743184e-01
2.500004700156569e-01
2.960326515751592e-01
1.676480760097659e-01
2.189997083347575e-01
1.990683301168908e-01
2.281256727604075e-01
2.237436645500447e-01
2.139848291617467e-01
1.766836699466319e-01
1.692070722093783e-01
1.644256305204644e-01
2.028713460124319e-01
1.681349299008689e-01
1.163085481049993e-01
1.166325885809733e-01
1.583144316348828e-01
1.164074116618693e-01
4.546460557416068e-01
4.626938703827956e-01
4.779937829388445e-01
4.876213050953950e-01
4.956370194500455e-01
4.832604390009971e-01
4.382841218898064e-01
4.520080352591734e-01
4.604628266161154e-01
4.756651827798966e-01
4.814143856132666e-01
4.339943089220251e-01
4.228627247082484e-01
1.656407435771795e-01
1.159623265911775e-01
1.843052838388096e-01
1.159766935035666e-01
1.498405469690980e-01
1.163308568785204e-01
1.165006103009040e-01
1.574988509125371e-01
1.163339213189919e-01
6.463188906958488e-02
6.395308058773166e-02
6.395545278144706e-02
5.144115940010510e-01
5.158864096709879e-01
5.161307345956822e-01
5.118622801325275e-01
2.769004084751158e-01
3.165926300276786e-01
2.742634463475509e-01
2.364319003032065e-01
2.458908350765673e-01
2.900363861989170e-01
2.545741683072530e-01
2.585213025863729e-01
2.963907823075498e-01
2.113797930560181e-01
3.853124307080798e-01
3.948385979727206e-01
4.187796705656273e-01
4.254353376129236e-01
3.297935980045435e-01
3.422432922387971e-01
3.008677840420316e-01
3.114602582142681e-01
2.552443994746375e-01
2.666148281450956e-01
4.527765523579458e-01
4.291325726752739e-01
4.013592208666444e-01
4.162684001926829e-01
3.938638487518735e-01
4.254408872559354e-01
4.462061398595772e-01
4.003372776911240e-01
4.477275626101468e-01
4.520645758109592e-01
4.713040683339410e-01
4.642126626352776e-01
4.506425208398416e-01
4.726745449853118e-01
2.204738376166507e-01
2.710215295395310e-01
3.123161763871879e-01
3.066128330266911e-01
2.716432566859437e-01
2.641331977592308e-01
5.117395388708934e-01
5.030045947624642e-01
5.100728742314506e-01
5.026485075219679e-01
4.984259823238333e-01
4.538983936484229e-01
4.493637801804293e-01
4.653865772242053e-01
4.727005246605771e-01
4.865307206594720e-01
4.686608098544806e-01
4.816547553408330e-01
4.884716494876908e-01
4.589331464962274e-01
4.442107876845927e-01
4.439515911361112e-01
4.528674224102496e-01
4.241212873799573e-01
4.346911275713795e-01
4.396687512789451e-01
4.079562111034220e-01
4.038355583521060e-01
3.909046503245688e-01
3.751928245670554e-01
3.513482654893075e-01
3.894705941124939e-01
3.139808658727093e-01
3.347309753991770e-01
3.690552595914429e-01
3.339010123671369e-01
3.347885091011473e-01
3.675325967352235e-01
2.957012144408205e-01
2.921222869462074e-01
2.552103757467302e-01
4.343476859559610e-01
4.166524394098076e-01
4.610359302437618e-01
4.465575471328862e-01
4.139280792573800e-01
4.317473553561886e-01
3.989785895944348e-01
4.236221975970287e-01
3.792819810398612e-01
4.134163457772465e-01
2.112395771561578e-01
2.565597514204391e-01
2.942627853577194e-01
2.534340597914158e-01
2.125701872772917e-01
2.066365222807418e-01
3.287184199367554e-01
2.937229279966641e-01
3.665680235667069e-01
3.351846192706640e-01
3.366069370269137e-01
2.973503728715968e-01
4.530891733078753e-01
4.734181481757269e-01
4.513922345971608e-01
4.279190602924157e-01
3.069623063613625e-01
3.488355127699496e-01
3.211993652234492e-01
3.298051530432470e-01
2.870125795082785e-01
2.754845084581510e-01
4.764118604993466e-01
4.816476688987142e-01
4.609160296926345e-01
4.634319960437444e-01
2.024743498772026e-01
1.670557153588824e-01
1.167614879367424e-01
1.165265174339939e-01
1.569063600735084e-01
2.013151304065360e-01
1.574990049494817e-01
2.711482622129139e-01
2.849977315748767e-01
3.172102357500989e-01
3.431021354199290e-01
3.001167169237133e-01
3.244205289253924e-01
3.397457182400640e-01
2.965242176955902e-01
2.515942600082515e-01
2.373136934741613e-01
2.812199526158066e-01
3.268025627911905e-01
3.628138629462670e-01
3.693438634347619e-01
3.239590660605129e-01
3.326544139906579e-01
2.789408704634883e-01
3.096606479829235e-01
3.675213222536280e-01
3.634910762523062e-01
3.319631811783886e-01
3.986389296147155e-01
4.101557521971413e-01
4.414791065892203e-01
4.224081217743858e-01
3.988617136428778e-01
5.018407021278682e-01
4.972092449471089e-01
5.070557576062872e-01
4.945533280219658e-01
5.072926268836110e-01
4.085951282683192e-01
4.400220185759310e-01
4.204147082721481e-01
3.731979796982388e-01
3.875486287904866e-01
3.534491265668810e-01
3.328636870248123e-01
3.823888543721524e-01
3.427045926196912e-01
2.706982850144192e-01
3.001477266216643e-01
3.165759755334449e-01
3.115300730578385e-01
3.170712456682433e-01
2.743671801774211e-01
2.192814977185956e-01
2.684002253910531e-01
3.014809102549945e-01
3.276984866526203e-01
3.567206924770693e-01
2.840064725343913e-01
3.655021483872649e-01
4.027444265994903e-01
3.704802402838526e-01
4.013771043856441e-01
4.261222913560138e-01
4.302805829714013e-01
3.607029031390668e-01
3.214065619210841e-01
3.071994077425232e-01
3.487494070941251e-01
3.306919561476016e-01
2.876390544126911e-01
2.761950160031376e-01
3.572990857324196e-01
3.945862717837810e-01
3.826548803734571e-01
3.651937297456542e-01
4.018102676318601e-01
3.988636929897952e-01
3.663019268816127e-01
3.975990109180979e-01
3.622938700420552e-01
4.268662242129005e-01
2.548779801057692e-01
2.928765817599061e-01
2.940773981713456e-01
2.094905919891837e-01
2.096919984182181e-01
2.524168220538632e-01
3.334350370174593e-01
2.051834761647651e-01
2.364857756201686e-01
2.068304921734568e-01
1.655120737170927e-01
1.628300555484448e-01
1.165817223625647e-01
1.782670702350765e-01
1.570067548788510e-01
2.054628906624138e-01
1.661908087085018e-01
1.156780657769280e-01
1.160687477490412e-01
2.295252340753336e-01
1.959549396114065e-01
2.444026913373455e-01
2.065285820381982e-01
2.410100388394499e-01
2.091106028390563e-01
2.572607828865922e-01
2.664632400415522e-01
2.861559912058377e-01
1.151393841247987e-01
1.634978102904419e-01
1.155539017944713e-01
1.662329239146884e-01
6.525328627349693e-02
2.076283016511247e-01
1.729607430393954e-01
2.153939632808439e-01
2.508305973515553e-01
1.686700563096847e-01
1.161833812465781e-01
1.634421645028427e-01
1.164765818539887e-01
1.163921054029830e-01
1.666675325131337e-01
1.678456315523313e-01
1.162254150747691e-01
1.164357729398493e-01
1.159936304465873e-01
1.644466555553767e-01
1.647826113121113e-01
2.086828687997938e-01
2.500464394717710e-01
2.049549199500821e-01
1.983638105781017e-01
1.153303594306251e-01
1.660633975129489e-01
1.658531298106022e-01
1.155261474009844e-01
6.533784595710924e-02
1.668709175766116e-01
1.663530481159737e-01
1.154373291220405e-01
1.155329944198345e-01
2.118605443714849e-01
1.157285919712149e-01
6.383177640678049e-02
0.000000000000000e+00
0.000000000000000e+00
6.569763140035932e-02
0.000000000000000e+00
2.083064181075989e-01
2.438286200742959e-01
2.299462641235731e-01
2.638786193067545e-01
2.905430589043601e-01
1.707476981942363e-01
1.165070499255967e-01
1.162714573179124e-01
1.635516426877006e-01
1.158441191664204e-01
6.510059836340602e-02
1.155018018735152e-01
0.000000000000000e+00
6.390151691070296e-02
6.546601569423503e-02
0.000000000000000e+00
1.163805169535351e-01
1.164283939417223e-01
6.492508330864646e-02
6.388472896349344e-02
0.000000000000000e+00
0.000000000000000e+00
0.000000000000000e+00
1.547255826931952e-01
1.613942623384347e-01
1.155652255869866e-01
1.150669387639316e-01
6.446897836570276e-02
1.955355071012489e-01
1.529156618381773e-01
1.599579351225201e-01
1.654655934719690e-01
2.376655760839410e-01
1.961797543031733e-01
0.000000000000000e+00
0.000000000000000e+00
0.000000000000000e+00
0.000000000000000e+00
0.000000000000000e+00
0.000000000000000e+00
0.000000000000000e+00
0.000000000000000e+00
1.565723621800080e-01
1.968296053907493e-01
2.451260408193797e-01
2.313546866129397e-01
1.625738654357493e-01
1.963551889816265e-01
2.402804793210234e-01
2.172536406894829e-01
2.074468985259899e-01
1.933413299527546e-01
2.097994825113981e-01
1.627904354487077e-01
1.626837076066482e-01
1.159531515260156e-01
6.404770048628976e-02
2.307953214956201e-01
1.994942388100714e-01
1.961127312090433e-01
2.209018567313745e-01
1.634804173430744e-01
1.624746007413512e-01
1.952688403603207e-01
1.637823769606732e-01
1.621907570719961e-01
2.112288794097345e-01
6.415981239005063e-02
6.387528816921346e-02
0.000000000000000e+00
1.153242445743532e-01
1.152596410304281e-01
0.000000000000000e+00
6.437599813547350e-02
6.577539301421977e-02
0.000000000000000e+00
6.586341544256180e-02
6.349857066719330e-02
0.000000000000000e+00
6.528469415507417e-02
1.157184907454024e-01
1.163692514203843e-01
0.000000000000000e+00
6.405345007846061e-02
0.000000000000000e+00
0.000000000000000e+00
0.000000000000000e+00
6.390330684295263e-02
6.491971240796367e-02
0.000000000000000e+00
1.167183031662729e-01
0.000000000000000e+00
6.577358512874271e-02
0.000000000000000e+00
6.406816579147950e-02
0.000000000000000e+00
0.000000000000000e+00
0.000000000000000e+00
6.358424427496209e-02
0.000000000000000e+00
0.000000000000000e+00
0.000000000000000e+00
6.405698452156686e-02
0.000000000000000e+00
1.150293249764514e-01
6.289733216666607e-02
6.356739317409565e-02
0.000000000000000e+00
0.000000000000000e+00
6.405262376560607e-02
0.000000000000000e+00
6.346600446646418e-02
0.000000000000000e+00
0.000000000000000e+00
6.468624093530469e-02
6.377757977430065e-02
1.156550240033037e-01
1.153896498495594e-01
6.490947913922396e-02
0.000000000000000e+00
6.428082728430549e-02
0.000000000000000e+00
0.000000000000000e+00
0.000000000000000e+00
0.000000000000000e+00
0.000000000000000e+00
0.000000000000000e+00
0.000000000000000e+00
0.000000000000000e+00
0.000000000000000e+00
0.000000000000000e+00
0.000000000000000e+00
0.000000000000000e+00
0.000000000000000e+00
0.000000000000000e+00
0.000000000000000e+00
0.000000000000000e+00
0.000000000000000e+00
0.000000000000000e+00
0.000000000000000e+00
0.000000000000000e+00
6.432498595127041e-02
0.000000000000000e+00
1.162629229578466e-01
1.160726801532316e-01
6.372413422256192e-02
6.331290011381542e-02
6.443584926034358e-02
0.000000000000000e+00
6.357671329368512e-02
1.152812255601313e-01
1.154795665757932e-01
6.345763735420268e-02
0.000000000000000e+00
6.491554292230242e-02
6.363938314795384e-02
1.156972883495329e-01
6.467097426611659e-02
0.000000000000000e+00
0.000000000000000e+00
6.365720150541743e-02
1.153612289651972e-01
1.649771722642340e-01
1.152298265073390e-01
1.635899473223131e-01
1.156087071215718e-01
6.538758928223121e-02
6.431694003200678e-02
6.497238538934087e-02
0.000000000000000e+00
0.000000000000000e+00
0.000000000000000e+00
0.000000000000000e+00
0.000000000000000e+00
1.158237814906427e-01
6.350297219768673e-02
1.153681045535193e-01
6.435249653126369e-02
1.150896554404451e-01
6.368095717418903e-02
1.664656889721197e-01
1.151539230513472e-01
1.713982937776504e-01
1.164898012375216e-01
1.623303349484109e-01
1.160207110339215e-01
6.397741791777337e-02
0.000000000000000e+00
0.000000000000000e+00
1.160787821451523e-01
6.504550848946342e-02
1.606621748346308e-01
1.155808702173819e-01
6.459696873341558e-02
0.000000000000000e+00
6.422955604134147e-02
1.153221915611504e-01
1.157838586980661e-01
1.596896490085777e-01
1.506266684825440e-01
6.467092552189853e-02
1.160587422763997e-01
1.163556494922423e-01
1.568971769083747e-01
1.649008903628448e-01
6.540970620841577e-02
6.397648199510081e-02
1.593266768822383e-01
1.165110238928165e-01
1.166322445313645e-01
6.522418939605334e-02
6.489666127331774e-02
0.000000000000000e+00
0.000000000000000e+00
6.516586536513511e-02
6.392087541398062e-02
1.160975820051878e-01
2.045132534512865e-01
1.654211059646781e-01
0.000000000000000e+00
0.000000000000000e+00
0.000000000000000e+00
0.000000000000000e+00
0.000000000000000e+00
0.000000000000000e+00
0.000000000000000e+00
0.000000000000000e+00
0.000000000000000e+00
0.000000000000000e+00
0.000000000000000e+00
0.000000000000000e+00
6.351753730794012e-02
0.000000000000000e+00
0.000000000000000e+00
0.000000000000000e+00
0.000000000000000e+00
0.000000000000000e+00
0.000000000000000e+00
0.000000000000000e+00
0.000000000000000e+00
0.000000000000000e+00
0.000000000000000e+00
0.000000000000000e+00
0.000000000000000e+00
0.000000000000000e+00
0.000000000000000e+00
0.000000000000000e+00
0.000000000000000e+00
0.000000000000000e+00
0.000000000000000e+00
0.000000000000000e+00
0.000000000000000e+00
0.000000000000000e+00
0.000000000000000e+00
0.000000000000000e+00
0.000000000000000e+00
0.000000000000000e+00
0.000000000000000e+00
0.000000000000000e+00
0.000000000000000e+00
0.000000000000000e+00
0.000000000000000e+00
0.000000000000000e+00
0.000000000000000e+00
0.000000000000000e+00
0.000000000000000e+00
0.000000000000000e+00
0.000000000000000e+00
0.000000000000000e+00
0.000000000000000e+00
0.000000000000000e+00
0.000000000000000e+00
0.000000000000000e+00
0.000000000000000e+00
0.000000000000000e+00
0.000000000000000e+00
0.000000000000000e+00
0.000000000000000e+00
0.000000000000000e+00
0.000000000000000e+00
0.000000000000000e+00
0.000000000000000e+00
0.000000000000000e+00
0.000000000000000e+00
0.000000000000000e+00
0.000000000000000e+00
0.000000000000000e+00
0.000000000000000e+00
0.000000000000000e+00
0.000000000000000e+00
0.000000000000000e+00
0.000000000000000e+00
0.000000000000000e+00
0.000000000000000e+00
0.000000000000000e+00
0.000000000000000e+00
0.000000000000000e+00
0.000000000000000e+00
0.000000000000000e+00
0.000000000000000e+00
0.000000000000000e+00
0.000000000000000e+00
0.000000000000000e+00
0.000000000000000e+00
0.000000000000000e+00
0.000000000000000e+00
0.000000000000000e+00
0.000000000000000e+00
0.000000000000000e+00
0.000000000000000e+00
0.000000000000000e+00
0.000000000000000e+00
0.000000000000000e+00
0.000000000000000e+00
0.000000000000000e+00
0.000000000000000e+00
0.000000000000000e+00
0.000000000000000e+00
0.000000000000000e+00
0.000000000000000e+00
0.000000000000000e+00
6.374261458392547e-02
0.000000000000000e+00
0.000000000000000e+00
0.000000000000000e+00
0.000000000000000e+00
0.000000000000000e+00
0.000000000000000e+00
0.000000000000000e+00
0.000000000000000e+00
0.000000000000000e+00
0.000000000000000e+00
0.000000000000000e+00
0.000000000000000e+00
0.000000000000000e+00
6.312239998428058e-02
0.000000000000000e+00
0.000000000000000e+00
0.000000000000000e+00
0.000000000000000e+00
0.000000000000000e+00
0.000000000000000e+00
0.000000000000000e+00
0.000000000000000e+00
0.000000000000000e+00
0.000000000000000e+00
0.000000000000000e+00
0.000000000000000e+00
0.000000000000000e+00
0.000000000000000e+00
0.000000000000000e+00
0.000000000000000e+00
0.000000000000000e+00
0.000000000000000e+00
0.000000000000000e+00
0.000000000000000e+00
0.000000000000000e+00
0.000000000000000e+00
0.000000000000000e+00
6.489044589082590e-02
0.000000000000000e+00
0.000000000000000e+00
0.000000000000000e+00
0.000000000000000e+00
6.348570720916075e-02
6.516805050068473e-02
0.000000000000000e+00
0.000000000000000e+00
0.000000000000000e+00
0.000000000000000e+00
6.451659456742043e-02
6.347746298424758e-02
0.000000000000000e+00
2.153321960124624e-01
1.652726644350403e-01
1.987648180799351e-01
1.154517926767853e-01
0.000000000000000e+00
0.000000000000000e+00
0.000000000000000e+00
0.000000000000000e+00
0.000000000000000e+00
0.000000000000000e+00
0.000000000000000e+00
0.000000000000000e+00
0.000000000000000e+00
0.000000000000000e+00
0.000000000000000e+00
0.000000000000000e+00
0.000000000000000e+00
0.000000000000000e+00
0.000000000000000e+00
0.000000000000000e+00
0.000000000000000e+00
0.000000000000000e+00
0.000000000000000e+00
0.000000000000000e+00
0.000000000000000e+00
0.000000000000000e+00
0.000000000000000e+00
0.000000000000000e+00
0.000000000000000e+00
0.000000000000000e+00
0.000000000000000e+00
0.000000000000000e+00
0.000000000000000e+00
0.000000000000000e+00
0.000000000000000e+00
0.000000000000000e+00
0.000000000000000e+00
0.000000000000000e+00
0.000000000000000e+00
0.000000000000000e+00
0.000000000000000e+00
0.000000000000000e+00
0.000000000000000e+00
0.000000000000000e+00
0.000000000000000e+00
0.000000000000000e+00
0.000000000000000e+00
0.000000000000000e+00
0.000000000000000e+00
0.000000000000000e+00
0.000000000000000e+00
0.000000000000000e+00
0.000000000000000e+00
0.000000000000000e+00
0.000000000000000e+00
0.000000000000000e+00
0.000000000000000e+00
0.000000000000000e+00
0.000000000000000e+00
0.000000000000000e+00
0.000000000000000e+00
0.000000000000000e+00
0.000000000000000e+00
0.000000000000000e+00
0.000000000000000e+00
0.000000000000000e+00
0.000000000000000e+00
0.000000000000000e+00
0.000000000000000e+00
0.000000000000000e+00
0.000000000000000e+00
0.000000000000000e+00
0.000000000000000e+00
0.000000000000000e+00
0.000000000000000e+00
0.000000000000000e+00
0.000000000000000e+00
0.000000000000000e+00
0.000000000000000e+00
0.000000000000000e+00
0.000000000000000e+00
0.000000000000000e+00
0.000000000000000e+00
0.000000000000000e+00
0.000000000000000e+00
0.000000000000000e+00
0.000000000000000e+00
0.000000000000000e+00
0.000000000000000e+00
0.000000000000000e+00
0.000000000000000e+00
0.000000000000000e+00
0.000000000000000e+00
0.000000000000000e+00
0.000000000000000e+00
0.000000000000000e+00
0.000000000000000e+00
2.232845443910763e-01
2.401573712596874e-01
2.506627578807704e-01
2.007068169398397e-01
2.064488566348300e-01
0.000000000000000e+00
0.000000000000000e+00
0.000000000000000e+00
0.000000000000000e+00
0.000000000000000e+00
0.000000000000000e+00
0.000000000000000e+00
0.000000000000000e+00
0.000000000000000e+00
0.000000000000000e+00
0.000000000000000e+00
0.000000000000000e+00
0.000000000000000e+00
0.000000000000000e+00
0.000000000000000e+00
0.000000000000000e+00
0.000000000000000e+00
0.000000000000000e+00
0.000000000000000e+00
0.000000000000000e+00
0.000000000000000e+00
0.000000000000000e+00
0.000000000000000e+00
0.000000000000000e+00
0.000000000000000e+00
0.000000000000000e+00
0.000000000000000e+00
0.000000000000000e+00
0.000000000000000e+00
0.000000000000000e+00
0.000000000000000e+00
0.000000000000000e+00
0.000000000000000e+00
0.000000000000000e+00
0.000000000000000e+00
0.000000000000000e+00
0.000000000000000e+00
0.000000000000000e+00
0.000000000000000e+00
0.000000000000000e+00
0.000000000000000e+00
0.000000000000000e+00
0.000000000000000e+00
0.000000000000000e+00
0.000000000000000e+00
0.000000000000000e+00
0.000000000000000e+00
0.000000000000000e+00
0.000000000000000e+00
0.000000000000000e+00
0.000000000000000e+00
1.723183598671009e-01
2.299854942614619e-01
2.002439165560627e-01
2.021132587852912e-01
2.534277604753170e-01
2.782924349555178e-01
2.538738504242777e-01
2.072512800613952e-01
1.568255327574545e-01
1.655743434473909e-01
1.156938723671771e-01
6.486736605328669e-02
0.000000000000000e+00
0.000000000000000e+00
0.000000000000000e+00
0.000000000000000e+00
0.000000000000000e+00
0.000000000000000e+00
0.000000000000000e+00
0.000000000000000e+00
0.000000000000000e+00
0.000000000000000e+00
0.000000000000000e+00
0.000000000000000e+00
0.000000000000000e+00
0.000000000000000e+00
0.000000000000000e+00
0.000000000000000e+00
0.000000000000000e+00
0.000000000000000e+00
0.000000000000000e+00
0.000000000000000e+00
0.000000000000000e+00
0.000000000000000e+00
0.000000000000000e+00
0.000000000000000e+00
0.000000000000000e+00
0.000000000000000e+00
0.000000000000000e+00
0.000000000000000e+00
0.000000000000000e+00
0.000000000000000e+00

H1  1  1102  double
9.011681496772214e-04
-7.721310505451762e-04
2.698410955863511e-04
-3.115549607019325e-04
-1.376900502996091e-03
1.615699702520322e-02
1.469752151624468e-02
1.497525997968727e-02
1.329946870320605e-02
1.385181385841295e-02
-8.087160355247990e-03
-6.970984794000509e-03
-8.156597341382946e-03
-6.653234998922222e-03
-8.033390550974349e-03
-9.635799791396376e-03
5.889367929613784e-03
5.505002434778071e-03
4.224038911802092e-03
4.680683609109440e-03
7.220926852090886e-03
3.727506563534368e-03
5.988857743401559e-03
-1.315625762707415e-02
-1.199292932548207e-02
-1.268618123559832e-02
-1.183598775618212e-02
-1.061458668903284e-02
-1.114084189675027e-02
-1.005617382349995e-02
-1.577760482756559e-02
-1.722028003735698e-02
-1.767161697101895e-02
-1.670466488298376e-02
-1.811350448887157e-02
-1.878298328389215e-02
1.805869940631511e-02
1.734698209862520e-02
1.803872680341321e-02
1.848022472939865e-02
1.886862659058635e-02
1.975537518155059e-02
1.834620966521390e-02
1.699588987426243e-02
1.750236369104860e-02
1.772750694010346e-02
1.695522375965014e-02
1.848046961395994e-02
1.832735457166994e-02
-5.318710446871540e-03
-4.403182911861415e-03
-6.091766826196872e-03
-3.798592249145677e-03
-5.027784640781152e-03
-6.628662646107646e-03
-7.606155056923971e-03
-5.372746248242175e-03
-3.721162034461516e-03
-4.271776954013873e-03
-6.366148491510846e-03
-8.994577302560893e-03
-9.632345229659738e-03
-1.062531544325258e-02
-8.024910139451818e-03
-8.501593691536304e-03
-7.440792514875529e-03
-4.504176489140761e-04
1.285996696762918e-04
-1.522731697954164e-03
-2.072172605739508e-03
2.521617317021354e-03
1.518116062410580e-03
3.110637345840210e-03
4.199444051154033e-03
8.910690477224682e-04
4.809106871501830e-03
-1.456053825541853e-02
-1.306249418193270e-02
-1.523399852244456e-02
-1.611122769714574e-02
-1.559800766641911e-02
-1.571050365053299e-02
-1.358679461073273e-02
-1.409858234651803e-02
-9.106480336952693e-03
-8.054262222498403e-03
-3.185981631304683e-03
-2.108770545107001e-03
-8.960093695603412e-03
-1.059586365271441e-02
-9.960391791214860e-03
-1.010170474830983e-02
-1.106506119890153e-02
-9.516794955189646e-03
-1.518906703377294e-02
-1.449446138044309e-02
-1.470500343381811e-02
-1.394508077639039e-02
-1.281550404881431e-02
-1.225845714852642e-02
-1.645414601779431e-02
-1.265665235862728e-02
-1.100201942563442e-02
-1.160823847227315e-02
-1.043991057501825e-02
-1.202020366876889e-02
1.617550542187726e-03
1.002909428941800e-03
2.721903983423112e-03
3.284281598194460e-03
3.722284012901361e-03
2.095098762415760e-03
2.210812891642457e-03
6.161533620403840e-04
-1.340546735309313e-02
-1.507724044425483e-02
-1.401272712812464e-02
-1.246132907808152e-02
-1.193243721789421e-02
-1.635802937181239e-02
-4.520970553442673e-03
-3.894009869141441e-03
-2.306225459614974e-03
-5.591958439679858e-03
-4.989075268360938e-03
5.205107635808039e-03
3.079600475126926e-04
1.909032963138035e-03
3.604672052268385e-03
1.336145035315119e-03
2.990623901376352e-03
1.338248255933185e-04
1.165046624193911e-03
-4.850385532495080e-04
2.829818007643219e-03
3.419864725558242e-03
7.138943059129954e-04
1.781672653895387e-03
7.010735321561996e-03
6.407182751717410e-03
5.815922519701896e-03
7.465152962675517e-03
6.876020187302698e-03
8.074057073493606e-03
9.081416678225346e-03
5.509154635919023e-03
3.900265026380217e-03
4.449587241356717e-03
-1.046239970761672e-02
-1.009889161927565e-02
-1.102381159845990e-02
-9.536147027522097e-03
-8.814507481611633e-03
1.193886458277756e-02
1.291678787776061e-02
1.142425599044301e-02
1.247794967328535e-02
1.096324171163989e-02
1.037238678281340e-02
-1.165188149323829e-02
-1.202986432189423e-02
-1.325357734366954e-02
-1.412561214854896e-02
-1.276331472259302e-02
5.652294985404603e-03
6.217461834406892e-03
5.060009638520276e-03
3.991497489390003e-03
4.561972438780516e-03
4.676154713102733e-03
6.341225068245040e-03
5.697056913057683e-03
7.667763734956004e-03
7.433736878752188e-03
7.718798985517017e-03
6.671228231613712e-03
8.320880890721472e-03
9.319859905452737e-03
6.116953848014824e-03
8.875488592448043e-03
9.901843299401749e-03
7.222031841240576e-03
-9.102368388931128e-03
-8.516823600881280e-03
-7.568441610851140e-03
-7.925862482990582e-03
-9.678060084637001e-03
-6.945736776323219e-03
-5.880839233009244e-03
8.779785704534571e-03
9.793107670566447e-03
9.248535211132483e-03
1.080226597093820e-02
8.191673763828629e-03
7.153287430963895e-03
-7.907560911079158e-03
-6.860114889810289e-03
-6.304732862029935e-03
-7.330165769285090e-03
1.563424517666304e-02
1.327998497193917e-02
1.400728337049815e-02
1.495437539103727e-02
1.452343507262211e-02
-7.252606863029760e-03
-5.659730478609124e-03
-6.268747406359038e-03
-4.620571377498036e-03
-7.901842784831041e-03
-4.904596154578406e-03
-6.466244741926527e-03
-5.343604588976650e-03
-3.817941916620818e-03
-5.997629542801508e-03
-1.348262688208566e-02
-1.224947000809637e-02
-1.088872529831803e-02
-1.540603299248222e-02
-1.412007058058472e-02
4.265237453592263e-03
3.181238945083354e-03
2.850599535845683e-03
5.609819405330617e-03
3.804057184018200e-03
2.187822934482081e-03
-9.899506924587711e-03
-9.128060059220636e-03
-8.350772124288112e-03
-9.560681802401586e-03
-8.796684169015967e-03
-1.021016372861663e-02
-1.079697737467965e-02
-1.508153470065247e-02
-1.590543403287160e-02
-1.566772445796038e-02
-1.639691487130520e-02
-1.730859448089861e-02
-1.675834710296657e-02
1.865731627590390e-02
1.990742827954674e-02
1.988826002682361e-02
1.885348110644051e-02
1.999961991707348e-02
7.595514726177596e-03
6.564674482208587e-03
5.998066848181396e-03
5.393297679300911e-03
4.309321572319472e-03
4.924715160460473e-03
-8.831461864462554e-03
-7.791535038965820e-03
-6.758763355515928e-03
-6.174769831051782e-03
-5.103030290141971e-03
-8.385142276843296e-03
-9.433916701637081e-03
-1.507572905662370e-02
-1.572546865499911e-02
-1.406861828716138e-02
-1.458975459992021e-02
-1.454182268399098e-02
-9.479712707574323e-03
-1.092972808729189e-02
-1.096983602783121e-02
-1.223592380956934e-02
-1.261577218866967e-02
-1.402178803650847e-02
-1.122369392392751e-02
-1.215431167365067e-03
-5.853168390640035e-04
4.146899592721711e-04
-1.958627311968676e-04
1.206598305891476e-02
1.043283934005766e-02
1.101442917285189e-02
1.241540019715397e-02
1.621367488479564e-02
1.490168937582898e-02
1.573787938667757e-02
1.506101728225508e-02
1.428452923832829e-02
1.686580681852303e-02
-1.146634299002667e-02
-1.086421189279048e-02
-9.860963068452976e-03
-9.264232569624099e-03
6.761253334292212e-03
7.849627385600589e-03
8.322440900054835e-03
9.380247083770285e-03
8.876346058800996e-03
1.009055181795610e-02
2.366402909291985e-03
1.771818506372665e-03
1.173245149122318e-03
5.060831419259571e-03
4.416268622397042e-03
3.430266112424217e-03
4.013929065554504e-03
2.810230111554264e-03
-8.256785545926246e-03
-7.651203916127801e-03
-6.608888785147363e-03
-7.190349289252849e-03
-7.070521025371704e-03
-5.994011192760847e-03
-1.392963521782670e-02
-1.314341980827060e-02
-1.165579059094483e-02
-1.276659504492622e-02
-1.227983000462168e-02
-1.412360122347176e-02
-1.583808943604943e-05
-1.104836347553245e-03
-1.688776766467411e-03
-3.320173187004988e-03
-2.695295736108899e-03
7.412586496872051e-04
-9.019434786250922e-04
-1.950822417980399e-03
-3.412350913254062e-04
-1.373491452684038e-03
-5.402351083613682e-03
-3.791271917816392e-03
-4.396938544401529e-03
-4.794406867824369e-03
-4.202572494838385e-03
-6.458371873958351e-03
-3.635482064812236e-03
-4.172575528774450e-03
-5.231722396647983e-03
-2.553903167426539e-03
-3.150221344019606e-03
-5.845392146687719e-03
-4.773352815523301e-03
1.182681604251751e-02
1.288060884641598e-02
1.127503237057631e-02
1.390562549697134e-02
1.341444509343233e-02
2.205618400645994e-03
3.229793766947861e-03
1.597491254443051e-03
5.864752200664745e-04
2.643276984932291e-03
4.267578305722716e-03
3.597388696906809e-03
5.653476009218669e-03
7.283913621489418e-03
4.612334730316239e-03
6.281305206474027e-03
-5.234978355410210e-03
-5.856807814041159e-03
-6.859943502674394e-03
-3.621823541196244e-03
-8.456888677824679e-03
-7.481303629897095e-03
3.025942710642770e-03
1.997993705594302e-03
1.032623668998695e-03
4.396867356101834e-04
1.416679351858079e-03
-3.059762457336406e-04
1.149734589686096e-02
1.308705918515292e-02
1.052117709810619e-02
1.206389295621734e-02
1.262775794544134e-02
1.379190854840767e-02
-9.322001808611322e-04
-1.516788995009488e-03
-2.557532538270246e-03
-1.964611036085119e-03
3.060692049707284e-03
2.471138268637968e-03
1.449310293635425e-03
-2.305828319327040e-04
4.409370491191526e-04
2.039055530171280e-03
-3.004836166558241e-03
-4.071118789582129e-03
-4.650102704278879e-03
-5.716007148927293e-03
9.580715078197945e-03
8.898630543839903e-03
8.911184386696048e-03
1.015856242499618e-02
7.646078245198269e-03
8.264874957855864e-03
1.020243493450937e-02
1.193506776254079e-02
1.255535698872192e-02
1.084356621873630e-02
9.332547415879563e-03
1.027004869682444e-02
8.662628124511225e-03
-1.210247346256968e-02
-1.377426084172840e-02
-1.518172685956320e-02
-1.598485279024467e-02
-1.480680940166225e-02
-1.310535169729210e-02
1.229228869902909e-02
1.172817824374978e-02
1.378771717300517e-02
1.325221501910063e-02
1.544416701825131e-02
1.439690456459939e-02
-2.402319258609171e-03
-4.047597003373288e-03
-3.406758347111012e-03
-2.983406101442506e-03
1.026869693201251e-02
8.639270878020636e-03
9.665905612081098e-03
1.068329842302127e-02
-7.824045388840208e-04
-3.488822216231846e-03
-2.892899832610247e-03
-2.427143639339785e-03
-1.791300018044902e-03
2.974416629506764e-03
2.357199452486592e-03
1.320448028793081e-03
3.548716178183055e-03
1.871866091334308e-03
5.158275851235085e-03
4.118396646974576e-03
6.065118196374572e-03
7.083872787231390e-03
7.445265864209949e-03
8.100045076918532e-03
6.436500461490497e-03
1.248781881438914e-02
1.143027190225374e-02
1.310075573243077e-02
1.571025325237785e-02
1.399262469301834e-02
1.356497373919389e-02
4.810218747734301e-03
5.497453505386636e-03
5.935981246070959e-03
3.860457709100439e-03
1.008863555066259e-02
1.113575966249961e-02
9.501898869489574e-03
7.873566667280285e-03
8.493429153573403e-03
-1.080534676791519e-03
-1.587559717416026e-03
-3.263441285682124e-03
-2.697027578782103e-03
-8.628030742913685e-06
-6.574428021575413e-04
-2.202471392700049e-03
9.918890732788895e-03
8.915922160915088e-03
8.287510569717212e-03
7.693288519248803e-03
6.686554107154766e-03
-1.027574678130231e-02
-1.130382813156180e-02
-9.683700581465267e-03
-1.071685732888498e-02
-8.684773081797072e-03
-2.187620742081816e-03
-1.171951656002998e-03
-2.890191816882852e-03
-3.218380088660397e-03
-1.658658269447370e-03
-6.623079242075126e-04
-1.764952344501567e-03
-6.267261935340570e-03
-7.044649738922911e-03
-4.873460231319599e-03
-4.097815112350605e-03
-5.652650865847505e-03
-3.521321723277168e-03
-3.268284697286405e-03
-4.315697513139975e-03
-4.470881230535467e-03
-5.518352889711467e-03
-1.883086492559781e-03
-5.302134507279926e-03
2.591189632348165e-03
1.477146408945557e-03
9.712190874920255e-04
6.363856083633923e-05
1.585187948769388e-02
1.657483357775431e-02
1.494438211926330e-02
1.557746998387437e-02
1.462050545943052e-02
2.781011696474046e-03
3.439607625353883e-03
4.307387622542186e-03
1.877264031387335e-03
2.238635919476272e-03
-1.205094090937160e-02
-1.179160846792794e-02
-1.302729163708789e-02
-1.134076531950391e-02
-1.307754289808530e-02
-1.344940035439134e-02
-1.858986700367206e-02
-1.985297369378425e-02
-1.984545503769128e-02
-1.861465371408726e-02
-1.863747631804996e-02
-1.993431359484719e-02
-1.998000575085241e-02
-1.959593092876685e-02
-1.846844362759967e-02
-1.822587876052468e-02
-1.696235879618969e-02
-1.588503184713499e-02
-1.738127474818283e-02
-1.779588556373116e-02
-1.942383481183561e-03
-1.041813402505303e-03
-2.559780681435525e-03
-3.592933654935785e-03
-3.067269629946361e-03
1.691148642897360e-02
1.747947665310582e-02
1.852683643688909e-02
1.898429484069152e-02
1.631106301860063e-02
-1.918959298060095e-02
-2.097937241142092e-02
-2.067138792050083e-02
-2.121183806102478e-02
-2.136311794781081e-02
4.209159612499578e-03
1.774747266382891e-02
1.637482599722127e-02
1.700401901138291e-02
1.590438312295455e-02
1.503435065416415e-02
1.120958974875029e-02
1.164922453126423e-02
1.284086205273373e-02
1.262493505580502e-02
1.409951879030365e-02
1.323994769252826e-02
-5.056836495879800e-03
-5.512393887820860e-03
-4.846645105714388e-03
-6.487817211873826e-03
-7.329179852203857e-03
-1.087955603116099e-02
-9.501202279844020e-03
-1.251547665731091e-02
-1.115325787177924e-02
-1.225200447837339e-02
-1.345518010188956e-02
2.670761196047545e-03
1.865327780423316e-03
4.640760899762226e-04
1.168252732838524e-03
-3.996272826928769e-04
5.352554949809583e-04
-1.532758666168658e-02
-1.610946534632433e-02
-1.521739692867496e-02
-1.416861719956442e-02
-1.331049639377037e-02
-1.433843223806339e-02
5.430600587483421e-04
6.071781704253657e-04
-1.088722951777390e-04
-1.250260484727359e-04
-0.000000000000000e+00
-1.006069289568063e-04
-0.000000000000000e+00
0.000000000000000e+00
-2.500303438233450e-03
-1.795937763797218e-03
-1.161595264881823e-03
-2.828586165779878e-03
-1.024896977683143e-03
-1.785110403153008e-02
-1.647801334430927e-02
-1.739169158976734e-02
-1.773127652652654e-02
-1.736528379640379e-02
-1.730112148161291e-02
-1.822175203549442e-02
-1.852388950335234e-02
-1.959681067089271e-02
-2.160307460846876e-02
1.137903419346694e-02
1.264424495429491e-02
1.173314803679403e-02
1.029785727781349e-02
1.384045336850001e-02
-6.921096942931702e-03
-8.627178678941298e-03
-8.221077385135193e-03
-9.590764667170638e-03
-7.188926452514270e-03
-2.035712465842743e-02
-1.970269536642992e-02
-1.995499647125644e-02
-1.818694080294359e-02
-1.741591234916418e-02
-2.198570590785247e-02
-2.182034832707671e-02
-2.175011227220093e-02
-2.189405158957676e-02
-2.180061317212298e-02
2.114371922123828e-02
2.105850099879077e-02
2.064500510991939e-02
1.898440198260571e-02
1.942397040449797e-02
-2.185961282981432e-02
-2.160827956700168e-02
-2.162329547506770e-02
4.423025607769255e-03
6.236448090979152e-03
7.231890949560014e-03
8.863135143892109e-03
8.162357010557876e-03
7.282061470286691e-03
1.127163005919138e-02
1.030616788905728e-02
9.761413716579039e-03
1.193355532078204e-02
1.264422467891678e-02
-2.462422638905168e-03
1.430273006466639e-02
1.467865845033101e-02
1.553966770540540e-02
-2.969854563540970e-03
-2.703897359330826e-03
-1.762206393832280e-02
-1.752845019052969e-02
-1.670401614305224e-02
-1.661691064527509e-02
-1.872258556512983e-02
-1.594496039362613e-02
2.882920440607901e-03
3.966340549827485e-03
4.847644143189762e-03
5.649714516900995e-03
1.327934934297903e-03
6.511581327248564e-03
7.281820515856938e-03
2.005997616448638e-02
1.699354846558741e-02
1.784972640923554e-02
1.911258158576110e-02
-1.050816985942806e-02
-9.591947030363996e-03
-8.807252704225504e-03
2.301869477390344e-03
1.935385487139488e-03
-1.927324332506603e-02
-1.865268350679292e-02
3.741895016571305e-03
3.722642278618434e-03
4.038902684389477e-03
-1.039482719413938e-02
-1.190912524282565e-02
-1.351370160647559e-02
-9.050626784681711e-03
2.229432125895465e-03
2.600068914516010e-03
3.312660909507544e-03
1.074014101206568e-03
5.076026115936749e-03
-8.468362108088292e-04
-4.516075075055459e-04
1.343556368498109e-04
-8.070200010090301e-03
-7.388310114286606e-03
-8.161685743923763e-03
-6.517972636242877e-03
-6.350875127810390e-03
2.066123211195356e-02
2.009522375201428e-02
2.036452131217619e-02
-1.968955641728826e-02
-1.738861214253477e-02
-1.663197806602593e-02
-1.877966016274541e-02
-2.013848569618353e-02
-2.038059144008070e-02
2.148704713065636e-02
1.939214941773760e-02
2.127597300303325e-02
2.137506433150387e-02
2.097371932409304e-02
1.827191773172209e-02
1.708924620787346e-02
1.632041247355239e-02
1.771190972700314e-02
1.538931959515737e-02
1.614381843959225e-02
2.181075068272006e-02
2.181255839366298e-02
2.169298498462713e-02
2.198198511308689e-02
2.197708839200390e-02
2.183964549006768e-02
-4.503019121784560e-03
-4.363453832337119e-03
-1.467970016029110e-02
-1.668282386397652e-02
-1.561143624489225e-02
-1.780306060828411e-02
-3.927174853571587e-04
3.960061616492029e-04
4.514582283848317e-04
1.179600992840989e-03
8.939469158084133e-03
8.922024543900153e-03
7.578851529811623e-03
7.284246406559971e-03
8.936936473536496e-03
8.052401622471943e-03
9.671132382055445e-03
-1.927469943429215e-02
-2.129127146648703e-02
-1.782796351685660e-02
-1.871221129380298e-02
-2.093438393078386e-02
-2.125161926629999e-02
1.602775897614728e-02
1.507651397629368e-02
1.616199335089988e-02
1.475951272579032e-02
1.578545789141065e-02
1.723454079401547e-02
1.409785834434602e-02
1.279637070572113e-02
1.269179549752997e-02
1.357599011519312e-02
1.471567784493231e-02
1.327009440484895e-02
1.033219555736711e-02
1.017830989187735e-02
1.166401137980949e-02
1.036277294433664e-02
1.192607835013044e-02
1.132879140824440e-02
1.266788881496706e-02
2.143028185993849e-02
2.168537300444202e-02
1.975652553251545e-02
1.756066744728600e-02
1.852527875008068e-02
2.184554252638070e-02
2.910736251960830e-03
-5.794939794355608e-04
-5.116492944390086e-04
1.083854940938639e-04
1.126891490859313e-04
0.000000000000000e+00
0.000000000000000e+00
-3.843876490539965e-03
-4.070304757586037e-03
8.190614594748928e-04
1.890735256454578e-02
1.924843441803012e-02
1.972276134991556e-02
8.016719939685019e-04
-3.769522968677924e-03
4.333223549351758e-03
-9.038209836787344e-04
-8.829465043114184e-04
4.087400470555745e-03
-2.077454644403706e-02
3.655381324323659e-03
3.750932592729634e-03
-1.725959390999027e-02
-1.840117935927562e-02
-1.945375614438667e-02
4.040652786401876e-03
4.804054740877262e-04
-2.080067769779786e-03
4.095934212803979e-04
-8.314137071199838e-05
-7.490762063332046e-05
0.000000000000000e+00
-2.257182692944880e-04
1.236665350001054e-03
5.947210399477132e-04
-1.608607429788878e-04
9.426346218830783e-04
-3.783303113048462e-03
-9.273158615283919e-04
4.366259768346818e-03
-9.238562746387783e-04
1.743160154925132e-04
0.000000000000000e+00
0.000000000000000e+00
1.193643863623699e-04
-7.419729771286795e-04
2.007021309314095e-04
2.734589244574077e-04
-1.428347434870908e-03
-1.161983445390071e-03
5.865629147387403e-05
-4.253371721248415e-04
-1.552204811306027e-05
-1.059078921733172e-04
-4.247544094138290e-06
-1.708872436487963e-05
-0.000000000000000e+00
4.202496838522959e-03
-8.574450151679603e-04
-8.195693557949496e-04
1.665400391627721e-04
0.000000000000000e+00
0.000000000000000e+00
-9.290059515987487e-05
3.590435854149682e-05
0.000000000000000e+00
1.203074740717572e-05
2.486514823846105e-05
0.000000000000000e+00
0.000000000000000e+00
8.573967069813781e-04
-3.923055709250802e-03
8.402192214139410e-04
9.297759516487264e-04
-4.442765410575412e-03
-4.217872944534348e-03
9.143611936421053e-04
-1.847824580968629e-03
3.488267363482196e-04
-1.442330952245733e-03
-1.160823597069117e-03
2.692076121714276e-04
-5.294124200421950e-04
-4.447843883165477e-04
9.690919082187398e-05
0.000000000000000e+00
1.026653566972128e-04
0.000000000000000e+00
6.518395201945274e-04
-3.036083678298955e-03
1.420009437032915e-02
1.550573331740151e-02
-2.745850360627368e-03
4.466272244389344e-03
-2.196408887369203e-02
-9.277492877817762e-04
4.398756455573414e-03
-6.733256574842565e-04
3.048180421333543e-04
-2.965563072991438e-05
-2.292960013707972e-03
-1.266635200927269e-03
2.805820492440259e-03
3.124948811070633e-03
3.303298293757535e-03
-1.446657937408697e-02
-2.169206500307566e-02
4.510795721676925e-03
4.319851969583683e-03
1.735604666703508e-04
0.000000000000000e+00
1.659032215064206e-02
1.780505250472410e-02
-3.799936898559125e-03
1.912899874411884e-02
1.822834598767234e-02
-3.444923484158619e-03
4.505942958458754e-03
-9.408842888666622e-04
-9.407493653918941e-04
1.793896904974544e-04
1.860511746685655e-04
0.000000000000000e+00
1.798318841348571e-04
0.000000000000000e+00
1.683123013300386e-03
-3.089141298602900e-04
5.224834836507739e-05
6.454948474253484e-05
0.000000000000000e+00
-3.827082747703996e-03
-4.095126480152325e-03
1.975016145054076e-02
2.029820603008124e-02
-4.128999396025200e-03
8.345470571507037e-04
8.631833176381215e-04
3.322431512006487e-03
-1.604109394148174e-02
-1.535079445781427e-02
-1.489695024879669e-02
2.939385342057754e-03
-2.517589754539686e-04
-2.087977271477160e-03
-3.049572350178333e-03
-1.384285063857289e-03
2.359800810594203e-04
1.786355478087726e-02
-3.457107809373420e-03
1.679190078482622e-02
1.723733142710852e-02
1.596889208557318e-02
-3.066327579712060e-03
1.299800828857878e-02
1.452912199882300e-02
1.449155007515689e-02
1.512541367648871e-02
-4.415016079904680e-03
-4.543357206646901e-03
2.192399705208544e-02
-4.475872546287922e-03
9.370403420441829e-04
-2.409255909592236e-03
-2.109337604545632e-03
4.750725401385867e-04
1.639281599202576e-04
1.723120543234405e-04
0.000000000000000e+00
-8.943321085363069e-04
-8.835481173942233e-04
1.815684431492697e-04
0.000000000000000e+00
1.186288284803662e-04
0.000000000000000e+00
1.203927815447534e-04
0.000000000000000e+00
0.000000000000000e+00
-5.718930732951389e-04
-6.720770299023271e-04
-6.278404284651809e-04
1.416254427540522e-04
0.000000000000000e+00
-7.439457461321982e-04
-7.821343467426589e-04
1.392746517275139e-04
0.000000000000000e+00
-1.578807826927654e-04
-1.724935023987188e-04
-0.000000000000000e+00
-1.744302143816812e-04
-0.000000000000000e+00
-0.000000000000000e+00
1.860942294844265e-04
0.000000000000000e+00
-9.257496102280331e-04
1.717793719337211e-04
0.000000000000000e+00
0.000000000000000e+00
-1.547950579296961e-04
0.000000000000000e+00
7.648894861268691e-04
7.919508841841632e-04
-1.388060769308229e-04
0.000000000000000e+00
1.507633583373291e-04
0.000000000000000e+00
1.296920956538972e-04
0.000000000000000e+00
-7.381765565271849e-04
-7.744190023412651e-04
1.501136426909189e-04
-1.210596264758791e-04
0.000000000000000e+00
0.000000000000000e+00
6.760946768216252e-04
7.607583831645711e-04
-1.412725596460615e-04
0.000000000000000e+00
1.559507351905308e-04
0.000000000000000e+00
0.000000000000000e+00
-8.439761164248822e-04
-8.173670914420685e-04
1.576503892593564e-04
1.716448623916461e-04
-5.825291091339832e-05
0.000000000000000e+00
-4.393494389489373e-05
-3.108378377097436e-05
0.000000000000000e+00
-0.000000000000000e+00
5.420555226942176e-05
3.794216854534459e-05
0.000000000000000e+00
-3.078550962234302e-04
-2.437679525041449e-04
0.000000000000000e+00
0.000000000000000e+00
-1.687277214790453e-04
0.000000000000000e+00
-4.211441250169277e-03
8.696177902557354e-04
9.127348507530713e-04
2.151093979704277e-02
-1.877421422099461e-04
-0.000000000000000e+00
-1.831932035762496e-04
-0.000000000000000e+00
9.274190870013499e-04
-1.774596313066436e-04
8.456586770209456e-03
6.841277243055503e-03
5.175977031296825e-03
7.614805964376092e-03
6.338368712155352e-03
-1.607256261881372e-04
-1.640934666331563e-04
-0.000000000000000e+00
0.000000000000000e+00
-1.485528452365761e-04
-0.000000000000000e+00
6.762780911275350e-05
-3.743980417557283e-04
1.640041543014159e-03
7.699314452502675e-05
0.000000000000000e+00
9.450280612946113e-04
-1.788210897437663e-04
9.312993625296443e-04
-0.000000000000000e+00
-0.000000000000000e+00
-1.839137682668287e-04
-1.712311765577363e-04
-1.597513057850259e-04
-1.566915570783276e-04
0.000000000000000e+00
0.000000000000000e+00
0.000000000000000e+00
-3.448694481775716e-05
2.107449714773958e-04
-4.600972907710640e-05
-5.825500994230642e-05
0.000000000000000e+00
0.000000000000000e+00
0.000000000000000e+00
8.775077470429677e-05
7.987363700885972e-05
-4.359094440494672e-04
-3.810192254196796e-04
1.912708909749949e-03
0.000000000000000e+00
0.000000000000000e+00
5.456679269806345e-04
-1.019860006346874e-04
-1.055312821229063e-04
5.957728594699587e-04
0.000000000000000e+00
0.000000000000000e+00
0.000000000000000e+00
-8.322356626605835e-05
-7.496864549379363e-05
4.146240070302130e-04
-1.823400688384634e-03
3.393472545327520e-04
-0.000000000000000e+00
-0.000000000000000e+00
1.136460806533229e-02
1.059753758264659e-02
1.230936036702313e-02
9.961891782013949e-03
9.014941877707194e-03
9.683009656512630e-03
1.125553112224448e-02
4.672527863383001e-03
4.783412163924881e-03
6.148592663802358e-03
5.901469995333065e-03
-4.762563559706872e-03
-3.914950451235545e-03
-5.706344673683596e-03
-1.516286549456798e-04
9.155924122228659e-04
5.838956233295448e-04
1.346706846423594e-03
6.617223879071581e-04
-1.313630373281356e-04
7.066354901402998e-04
-3.316867211586191e-03
0.000000000000000e+00
-1.246513702151615e-04
0.000000000000000e+00
-6.461906814741402e-04
1.234251619116894e-04
-6.266162298533601e-04
0.000000000000000e+00
0.000000000000000e+00
1.035807430669651e-05
-8.398730749757271e-05
-0.000000000000000e+00
0.000000000000000e+00
2.205605522709458e-05
-1.851304985455187e-06
-3.111973468034702e-05
-1.730818371389971e-05
5.041818687977524e-05
0.000000000000000e+00
0.000000000000000e+00
0.000000000000000e+00

H2  1  1102  double
-1.249741578307946e-02
-1.222613046962506e-02
-1.097421917337867e-02
-9.451351864930830e-03
-1.068210550504579e-02
-9.210357842267867e-03
-8.841014407922902e-03
-1.042194698882453e-02
-9.847112177450277e-03
-1.132611698677842e-02
-1.649424605644910e-02
-1.743852074676776e-02
-1.827023558923748e-02
-1.892428693335215e-02
-2.035466484271795e-02
-1.959109293638395e-02
-1.743784114548199e-02
-1.604744634978672e-02
-1.716600713995324e-02
-1.807279963985482e-02
-1.643362179449789e-02
-1.559496131665631e-02
-1.919978751339575e-02
1.306289899630799e-02
1.413615209271869e-02
1.137375147903080e-02
1.276871835052818e-02
1.383029223421560e-02
1.109316236894499e-02
1.213526783572175e-02
-8.111013538872726e-03
-7.391573040794198e-03
-5.967671104744864e-03
-8.822982679918174e-03
-8.490551101233807e-03
-7.043276261920708e-03
5.061286242897541e-03
3.618969284574079e-03
2.232613308287242e-03
3.670816034189742e-03
2.275706381408925e-03
3.227467018741578e-03
-3.654981780987238e-03
-3.569547948069288e-03
-4.961474319821445e-03
-6.478476565784199e-03
-7.735917322460558e-03
-7.740215167696331e-03
-5.183624956287678e-03
-1.539947651898890e-02
-1.445351403683462e-02
-1.411647100063828e-02
-1.584162456905239e-02
-1.294964239433866e-02
-1.257184742666894e-02
-1.388533744463463e-02
1.170987172049150e-02
1.139474710495311e-02
1.288649336362748e-02
1.042348830498539e-02
9.318074986689575e-03
1.087401972563911e-02
9.574698462724511e-03
1.059006432276155e-02
7.828972718349404e-03
9.147796005734217e-03
1.093126268526572e-02
9.420853686683330e-03
9.666312479457132e-03
1.118118320028697e-02
3.212326755006648e-03
1.965717634074552e-03
1.693335186897279e-03
2.949960247412452e-03
3.483926093731611e-03
1.441501774125310e-03
1.732384868747985e-04
-1.442314600314971e-04
1.710845990052978e-03
2.678125559938923e-04
-1.127187509819267e-03
3.152542960670978e-03
1.368059459897607e-03
2.904312466218266e-03
-6.528546470226338e-03
-5.315678003088919e-03
-6.087890133806259e-03
-4.832036116605372e-03
5.014769786438046e-03
5.257507655234965e-03
3.769780788213072e-03
8.078878357402990e-03
6.751971358513823e-03
6.568034213043989e-03
-5.394467309975542e-03
-4.177136824869121e-03
-6.894273988757251e-03
-5.790967829756916e-03
-4.509340207285215e-03
-5.954192121247062e-03
-6.556171744710152e-03
2.705716982376647e-03
2.436939131571076e-03
3.939050647011129e-03
8.762654710733503e-04
1.176945058655237e-03
-2.531483339402014e-03
-9.030488622506882e-04
-1.163000840469651e-03
-2.752686854419110e-03
7.885192978882767e-05
3.655858415198355e-04
-4.021500580803236e-03
-3.772483205313653e-03
-2.924346273563388e-03
-2.745230377433186e-03
-1.439186430487766e-03
-1.655655979190998e-03
-3.232666309698072e-03
-2.369594918589603e-03
1.429928655114563e-03
-1.306464809828540e-04
-3.791114416328556e-04
1.250785638290224e-04
-1.473147801842126e-03
4.269401668778774e-03
5.077736856879899e-03
4.808941631392745e-03
4.561564130808609e-03
6.338175658270883e-03
6.056383871173557e-03
-6.609823157521022e-03
-5.355844029458831e-03
-5.115994801080086e-03
-5.621008433418007e-03
-7.122268279662975e-03
-8.187956823194283e-03
-6.885787460120515e-03
-4.097264065913276e-04
1.131116465265404e-03
2.708941865732702e-03
2.436893998037267e-03
4.006874942461988e-03
9.149641788319356e-04
2.180525419679983e-03
-4.545123955502901e-03
-4.298071949558881e-03
-5.860145131513756e-03
-1.063189022853635e-02
-7.853148241416801e-03
-9.003438584153825e-03
-9.372448374505219e-03
-1.079845248000664e-02
-5.557730473639146e-03
-4.274042443309692e-03
-3.960002616582007e-03
-2.736622368606331e-03
-6.794610001102925e-03
-5.307503269485916e-03
-7.518868920412720e-03
-1.028086967211267e-02
-7.314110638032540e-03
-8.366238185906144e-03
-8.836136934764970e-03
-8.910851132582821e-03
-1.042306923092045e-02
-7.395098357198975e-03
-8.679113290342206e-03
-1.017477766184457e-02
-1.462039137792198e-02
-1.463729561765440e-02
-1.306246357467478e-02
-1.482405881211224e-02
-1.347269794705878e-02
-6.353020853371651e-03
-7.639191363031791e-03
-7.845052913397592e-03
-6.586694288324563e-03
-6.092026334995152e-03
-9.393590951917597e-03
-8.144710382301634e-03
-9.147872130836697e-03
1.355084728946276e-02
1.220930779093880e-02
1.337700257458809e-02
1.452846093057485e-02
1.499226554559027e-02
1.180786068567110e-02
1.311660716828944e-02
-5.032077509450586e-03
-3.785527207502828e-03
-2.202244132792776e-03
-2.477442763529470e-03
-3.508652610718263e-03
-4.824518422401057e-03
6.309686882867722e-03
7.610019454886758e-03
6.055872491806990e-03
4.797227640081056e-03
8.220522131725822e-03
9.779920634281195e-03
8.373300811995825e-03
9.652851447651099e-03
6.941367241485669e-03
-1.116607460282390e-02
-1.143540339341347e-02
-9.908595449059516e-03
-1.017688752684852e-02
-9.641201109541643e-03
1.438635643916308e-02
1.464232474374270e-02
1.563285318392215e-02
1.563511678616085e-02
1.690352745893843e-02
1.480903271248620e-02
1.586524832778894e-02
1.529058100247777e-02
1.549912931405657e-02
1.684872936983133e-02
-1.967059312026490e-02
-1.820552834158129e-02
-1.990549231385763e-02
-2.124403373518776e-02
-2.154564096981706e-02
-2.198508327248402e-02
-1.211390262780129e-02
-1.340892131772208e-02
-1.242100383365761e-02
-1.599209551129281e-02
-1.497642497224518e-02
-1.469851489600003e-02
-1.333321159582415e-02
8.692071057590529e-03
7.454321043712866e-03
9.766094273877587e-03
8.614738172186779e-03
7.289787064265073e-03
6.181644734274258e-03
7.592819236480438e-04
2.274961804331730e-05
1.537251699567023e-03
-7.538222325447666e-04
-1.645966544625614e-03
-1.972727099542161e-03
-3.251788737231621e-03
-1.698515878054914e-03
-1.453783571714752e-04
-1.435994226995732e-03
-3.026903907358141e-03
6.472144386062869e-04
1.960320979676466e-03
3.236373129080712e-03
1.664665812168812e-03
2.972618080599948e-03
3.452860090364269e-03
2.178013075952620e-03
1.113706613163049e-02
1.252543237806637e-02
1.178907994370584e-02
1.384567186364605e-02
1.247471560005583e-02
-1.762173715208585e-02
-1.681239419682149e-02
-1.543959349539381e-02
-1.581072385595383e-02
-1.778341863118274e-02
-1.681911150372897e-02
-1.871652159981855e-02
8.917864190984402e-04
-6.434693294192031e-04
5.975479708946984e-04
2.221288382084468e-03
-9.899197448560673e-03
-9.560025224545014e-03
-1.111750220958422e-02
-1.124613900335232e-02
2.391292536314221e-03
2.649187572300239e-03
3.951099928421365e-03
5.365621855733443e-03
4.184465751859650e-03
5.280401568106827e-03
-4.021028009795050e-04
-1.955702250863522e-03
-6.300504115820952e-04
-2.205750279181793e-03
-1.190079656079687e-02
-1.066432303668058e-02
-1.209489190151986e-02
-1.085342878508972e-02
-1.351197209447304e-02
-1.242859326523721e-02
7.644261155210771e-03
9.163720909657485e-03
1.066624244904706e-02
8.629567906379138e-03
1.016624742033346e-02
8.886890732749789e-03
7.375215152784070e-03
1.041119901806274e-02
-9.342253785674866e-04
-2.476498402450713e-03
-1.144598635498637e-03
3.604468769511313e-04
-4.019148045915716e-03
-2.746392453041868e-03
1.024514653057236e-02
8.526436753625372e-03
8.289552269418594e-03
7.023361626767181e-03
9.769803740951223e-03
7.169174804112326e-03
-2.234413360093297e-03
-3.501121268860984e-03
-2.009555067915355e-03
-1.703617368740529e-03
-3.252391349592535e-03
7.890689519945931e-03
8.162062191444689e-03
6.857323068590052e-03
6.583528312542800e-03
5.334522119532868e-03
-4.293191043554754e-03
-4.587644172623452e-03
-2.978140317226158e-03
-5.838697830878328e-03
-7.406706697294318e-03
-5.573479432244341e-03
7.097374329479758e-03
8.662251861615105e-03
7.372390364987091e-03
8.391808631680459e-03
9.930807304013757e-03
8.850118807120498e-03
1.014594169869579e-02
-1.189144334024575e-03
7.920964849554382e-05
3.874931864816362e-04
-2.937264476878502e-03
-1.392002854987851e-03
1.197094035978646e-02
1.310062434594859e-02
1.335510280662672e-02
1.221970985386656e-02
1.476914166639465e-02
1.440979429999647e-02
1.563326663058306e-02
7.098085521340880e-03
6.834963563458420e-03
5.810544419639766e-03
5.532635669213908e-03
-8.666520382155684e-03
-7.111823848547629e-03
-8.374453365368085e-03
-8.909414897007558e-03
-8.109476407199648e-03
-6.871582141507846e-03
1.740575535214277e-02
1.598718631040653e-02
1.492433256040087e-02
1.617540223669461e-02
1.762359488977441e-02
1.770316271315254e-02
7.504041840949382e-03
7.270370517812818e-03
6.304870896688396e-03
5.946776724833207e-03
4.460791137716050e-03
5.778305276415136e-03
-7.923931740820232e-03
-6.365625441453688e-03
-7.669870757087553e-03
-9.188088578302982e-03
-1.414669095739652e-02
-1.273227007332671e-02
-1.391075479483178e-02
-1.365144475386080e-02
-1.519798532168738e-02
-1.552379807922828e-02
5.578970159628914e-03
4.267845139937969e-03
5.831510251576841e-03
4.527587122138710e-03
-1.514655949152861e-02
-1.644684439982455e-02
-1.790787609672058e-02
-1.721670079962945e-02
-1.727130681649617e-02
-1.572510068099461e-02
-1.585851324118334e-02
1.027462901491324e-02
8.814372099467780e-03
8.968605177031803e-03
9.356285632088941e-03
1.059657719883333e-02
1.077165364427363e-02
5.525402835028046e-03
5.675288917181196e-03
5.958238985538609e-03
4.635682200915085e-03
4.499429648176363e-03
4.230632318276640e-03
1.650264961113459e-03
3.184092325449840e-03
1.400148977385503e-03
2.923192121405798e-03
1.134740321698250e-03
-1.508659444752515e-04
-1.200538721872291e-02
-1.169232677099991e-02
-1.310483697052458e-02
-1.045886582474454e-02
-9.124460011663541e-04
-6.720507547745562e-04
5.998966977163090e-04
1.915014879510025e-03
3.733593456019971e-03
2.735667471748212e-03
1.122161463807682e-03
4.005426195017227e-03
2.483911572644271e-03
-9.961050474266346e-03
-8.431177000927079e-03
-9.688013472636229e-03
-1.144085266208832e-02
-1.119093725774304e-02
-1.170967493313020e-02
-1.293362405208888e-02
9.865143782260164e-03
1.117825453620610e-02
1.392723420492805e-02
1.234725848324216e-02
1.255210798530236e-02
-7.071760766380684e-03
-8.281420267158232e-03
-8.564750082381582e-03
-7.594409629796984e-03
-7.254396047956788e-03
-5.700393644930674e-03
1.289523866632282e-02
1.140614075132136e-02
1.416350610634566e-02
1.168256194118200e-02
3.466758039280102e-03
4.748111148251044e-03
4.992101918677571e-03
5.292169195750626e-03
3.724779139208959e-03
1.244292722982623e-02
1.385486598389147e-02
1.412653298344578e-02
1.273104866943000e-02
1.365973471633558e-02
1.522954894845675e-02
1.538970636732451e-02
7.822249031761727e-03
6.528824758493563e-03
8.070612484957385e-03
9.613564445138018e-03
8.360151222672705e-03
-3.473855580856556e-03
-4.753237868338614e-03
-5.040689856149846e-03
-6.346555543091945e-03
-3.754773135944955e-03
-1.589508205396151e-02
-1.500100178688458e-02
-1.474772999169565e-02
-1.742586814956310e-02
-1.764100797489238e-02
-1.629350443049134e-02
-1.342606473256159e-02
-1.671042674510557e-02
-1.520226290115333e-02
-1.698407877470772e-02
-1.829400429108799e-02
-1.794510059729843e-02
1.962911543471714e-02
1.810318514311944e-02
1.853042597256075e-02
1.719244836231604e-02
1.786359210067796e-02
2.000040267635718e-02
1.938239103525875e-02
-1.677992902590555e-02
-1.809696297580324e-02
-1.638168704059456e-02
-1.768227623572871e-02
-4.603192141879217e-03
-6.206596029377237e-03
-6.021909208303031e-03
-3.186291995510735e-03
-4.489697515452269e-03
1.979778805517496e-02
1.851883057226490e-02
1.952212095428233e-02
1.854714477858803e-02
2.207168088593980e-02
-1.285853948063063e-02
-1.422791580017856e-02
-1.173459943322607e-02
-1.166212379725853e-02
-1.315831397587713e-02
-1.487969727210775e-02
1.471144670928273e-03
2.412175364286989e-03
-2.406590249735001e-03
-1.458662806889677e-03
-5.569515211211507e-05
-7.643863090368637e-04
7.549566936575380e-04
-3.938530841396847e-03
-3.010755804963497e-03
-4.530348916891328e-03
-5.060049751869114e-03
-3.909705708489965e-03
-3.537825968467851e-03
-2.347046096003582e-03
-1.993014156455919e-02
-1.874923586802208e-02
-1.846522556020658e-02
-1.974551844469591e-02
-2.187778398677015e-02
7.939510547801990e-03
6.490418551049473e-03
7.765637547335346e-03
6.282767549850756e-03
6.753773525133620e-03
-5.535872022776172e-03
-6.875298758726524e-03
-7.792829080606696e-03
-6.149320658854410e-03
-5.164145757095662e-03
1.407161274430064e-03
-7.247740439731735e-04
-1.856031631539298e-03
8.464083145310824e-04
-4.137787851401430e-04
-1.761872683516804e-03
-1.478627879338701e-02
-1.631927449907850e-02
-1.540370728434495e-02
-1.383293526583869e-02
-1.431018159252714e-02
-1.723707630593255e-02
-1.927506978604515e-02
-2.143487502983499e-02
-2.155277688546119e-02
-2.100579601390786e-02
-2.081567401603087e-02
1.672595479908551e-02
1.759089706123238e-02
1.782984729658532e-02
1.887558727739314e-02
1.827066067092006e-02
1.727422477987957e-02
-3.674935562616739e-03
-1.885969875297258e-02
-1.877541554672978e-02
-2.010045148401536e-02
-2.004105552492338e-02
-2.206504165053244e-02
-9.755066393461987e-03
-1.005566744932275e-02
-1.116945393601722e-02
-1.219920133630729e-02
-9.842100651173467e-03
-1.090256764870800e-02
7.657851191207408e-04
7.242453728661026e-04
-1.402824507280901e-04
-1.383968787696972e-04
0.000000000000000e+00
-1.542237031445542e-04
0.000000000000000e+00
-0.000000000000000e+00
1.888812409927886e-02
1.792742395693994e-02
1.646383305287958e-02
1.663601554494074e-02
1.878057344153485e-02
2.172746750872222e-03
1.926976772132613e-03
-8.209877049920353e-04
8.440551248594838e-04
5.042405533123168e-03
3.523771879520370e-03
4.403193758724913e-03
3.030787528451026e-03
3.952159609174574e-03
3.485337904477529e-03
-1.237583061926057e-02
-1.256272817624502e-02
-1.352417318712502e-02
-1.378845534541886e-02
-1.282035846640192e-02
1.739541659238818e-02
1.580099500475718e-02
1.682787627208097e-02
1.610200897779885e-02
1.614139032357472e-02
8.527246561110197e-03
1.018470198972966e-02
9.580679544679099e-03
8.488797152881030e-03
1.004545438483625e-02
8.584909346183191e-04
8.187544775494870e-06
1.764631988292080e-03
2.506860772651938e-03
-1.745124268653237e-03
-6.047320488196619e-03
-7.074463731403946e-03
-7.624586020433240e-03
-6.284999994709902e-03
-4.740333699120526e-03
-2.526081685397149e-03
-3.468191872950405e-03
-4.449255848766507e-03
1.102635731534821e-03
-2.121401064944854e-02
-2.045611653119114e-02
-1.996947714081821e-02
-2.054530366607751e-02
-1.868744605785246e-02
-1.896028217390648e-02
-1.902448745976149e-02
-1.977891612607761e-02
-1.831845620862234e-02
-1.806054614030126e-02
3.809404146044751e-03
-1.690395710265616e-02
-1.630727341201644e-02
-1.559426309824369e-02
3.209773970494881e-03
3.513724966346372e-03
1.321208621958029e-02
1.381161883425585e-02
1.123259095756705e-02
1.443245692057528e-02
1.182278085791272e-02
1.552454946413830e-02
2.200335210636677e-02
2.173578670162015e-02
2.154513325251326e-02
2.140398459029701e-02
2.204961919653716e-02
2.106936893398329e-02
2.064478221235207e-02
-9.362387283710158e-03
-1.055594216733128e-02
-9.210767467606672e-03
-1.101640289549204e-02
1.937427377285046e-02
1.952291073903630e-02
2.018049019073227e-02
-3.786735321669461e-03
-3.976889635416777e-03
1.077774110877091e-02
1.212383733251914e-02
-2.249161598831258e-03
-2.649029736027585e-03
-2.097126798443301e-03
-1.935460872195891e-02
-1.851472420326610e-02
-1.746054403840028e-02
-2.006864828884143e-02
3.792921198355606e-03
3.669946602825480e-03
-2.208432403453221e-02
-2.224566796843452e-02
-2.152856671649132e-02
4.376578131359448e-03
4.577290249915425e-03
-9.280569493487786e-04
2.039989163433597e-02
2.081783856549124e-02
1.830929698656638e-02
1.889714292884444e-02
2.089293240807505e-02
7.709416339185631e-03
9.391979058924726e-03
8.608939843901448e-03
-1.024266811024944e-02
-9.896769145246969e-03
-1.127621698772225e-02
-1.170082426392942e-02
-9.219166662388126e-03
-8.579932761500405e-03
4.238054660915278e-03
4.691898611967046e-03
6.026475041680370e-03
5.489469379904779e-03
6.830680885466991e-03
1.240489604096734e-02
1.064032689628829e-02
9.298252835010712e-03
9.191492051253705e-03
1.054227362868200e-02
1.190547602271289e-02
-9.050265433050430e-04
9.193714474700918e-04
2.628369083409581e-03
-7.024253839279744e-05
1.487946695707473e-03
3.553586214033189e-03
-1.353286408572036e-04
-5.048795844972868e-04
-1.376536803616647e-02
-1.444352655735102e-02
-1.250890864566484e-02
-1.307846212542138e-02
1.998384744952583e-02
2.219638886291922e-02
1.870332195667402e-02
2.003123468212849e-02
1.620226386624770e-02
1.792548154302047e-02
1.715221100777574e-02
1.864042392012459e-02
2.005543688984936e-02
2.046751582211370e-02
1.982016486547978e-02
5.493479193216163e-03
5.177254196378804e-03
5.899849411044721e-03
7.042378392634870e-03
6.898954230397828e-03
6.121896173849921e-03
-1.508616634808328e-02
-1.309634069171783e-02
-1.198115454891102e-02
-1.174721379602507e-02
-1.072800902848840e-02
-1.372637240427501e-02
1.425741574424057e-02
1.545004281897159e-02
1.395158734858246e-02
1.282048944392178e-02
1.625409547368938e-02
1.719801102626001e-02
1.576786322376687e-02
1.728018175887654e-02
1.627422889957336e-02
1.904653188196724e-02
1.832923843369352e-02
1.889138838907572e-02
1.804646617078883e-02
-4.355245937805447e-03
-2.634502382422910e-03
-3.109975867680656e-03
-2.351482270125934e-03
-2.081519868059765e-03
-3.471107810723970e-03
3.457809807085649e-03
-7.473150188254502e-04
-7.895361377377025e-04
1.521462311223933e-04
1.340470868407538e-04
0.000000000000000e+00
0.000000000000000e+00
-2.158568196358508e-03
-1.914369893426533e-03
4.197669691203039e-04
1.164414031448800e-02
1.094820127414152e-02
1.011411444593974e-02
4.953224924121587e-04
-2.546157611700568e-03
-1.438638145795139e-03
2.638206175404445e-04
3.349768291211597e-04
-1.751643719178064e-03
7.799318330205231e-03
2.721258834450740e-03
2.307113299267976e-03
-1.401348915985774e-02
-1.253515328411122e-02
-1.078531903917765e-02
2.032800237414745e-03
-8.033806826225897e-04
3.829330629542733e-03
-8.382156763984071e-04
1.534247802200607e-04
1.712580457618199e-04
0.000000000000000e+00
-8.995194249105455e-04
4.101888773279307e-03
4.314608110355185e-03
-9.151900911442784e-04
4.435916921706085e-03
-2.176379395974128e-02
-1.944286293109894e-04
7.099514067101171e-04
-1.104425236295328e-04
2.939480571421024e-05
0.000000000000000e+00
0.000000000000000e+00
9.129494475540254e-04
-4.220544183812125e-03
9.029613849940411e-04
9.013644878113822e-04
-4.100792555996360e-03
-4.358834310353694e-03
9.262450070242400e-04
-4.492381548348952e-03
9.258621629405317e-04
-4.278133613673893e-03
-1.734779849950866e-04
-1.762638403951176e-04
0.000000000000000e+00
1.763166822946605e-03
-3.953879946445654e-04
-4.533921257081686e-04
8.387959747955814e-05
0.000000000000000e+00
0.000000000000000e+00
-9.312679548556407e-04
1.706515889998513e-04
0.000000000000000e+00
1.768578908909230e-04
1.831042567474284e-04
0.000000000000000e+00
0.000000000000000e+00
3.676485868463322e-04
-1.475192538082923e-03
2.773150629169018e-04
1.550373613400058e-04
-9.432996254266316e-04
-1.225103355891124e-03
2.307780101831240e-04
4.159902376916388e-03
-8.855458266042011e-04
4.213159683839014e-03
4.409208454781089e-03
-9.018365862218674e-04
7.911835575177874e-04
8.134506236184096e-04
-1.583733874495548e-04
-0.000000000000000e+00
-1.426418770008152e-04
-0.000000000000000e+00
6.688828243126413e-04
-3.357545072123893e-03
1.699487127033159e-02
1.580138150702400e-02
-3.570816486484144e-03
6.487508234830677e-06
-9.020145817555580e-04
-3.591270758007599e-05
3.422309701095117e-04
-2.222404314047220e-02
4.555936596048119e-03
4.452909854143859e-03
-2.201138580650923e-02
-2.215416879326783e-02
-3.405360207699526e-03
-3.316068033223540e-03
-2.891385955763262e-03
1.662357131429861e-02
4.401848345806108e-03
-7.144578268399154e-04
-1.064506362650437e-03
-5.876130402861382e-05
-0.000000000000000e+00
-1.474903346817091e-02
-1.335272077053448e-02
2.547683717049836e-03
-1.148682009944164e-02
-1.243622078382112e-02
2.823043151599724e-03
-3.453741300963421e-04
1.116654465869053e-04
3.452216959922941e-05
1.381555980313824e-05
3.291039665354430e-07
0.000000000000000e+00
-1.407266180522571e-05
-0.000000000000000e+00
4.190619794558082e-03
-8.742844860028951e-04
1.749378565496484e-04
1.610969245326978e-04
0.000000000000000e+00
2.096283265824286e-03
1.926820270034728e-03
-9.941307799000451e-03
-8.878282254542201e-03
1.614457393042014e-03
-4.216311328753012e-04
-3.739685049109387e-04
2.898560670133697e-03
-1.517545778182981e-02
-1.564771198804363e-02
-1.629132739693933e-02
2.989019208463488e-03
2.223710472207768e-02
2.212072927348529e-02
2.178014490986434e-02
2.201381306310104e-02
-4.542543528090350e-03
1.320451300949265e-02
-2.746295403733056e-03
1.449287760846264e-02
1.381734692049384e-02
1.507575560935009e-02
-2.874319648884130e-03
1.162793101235359e-02
1.178971139231873e-02
1.068675072924055e-02
1.319154699813249e-02
5.104351467880617e-04
1.614220460502435e-04
-1.562547072374472e-03
8.908237439461574e-04
-6.883746295531768e-05
-3.706569539679159e-03
-3.896746295056851e-03
7.984538658345453e-04
6.929374257467115e-05
5.777564406227462e-05
0.000000000000000e+00
-2.596329049784803e-04
-3.350779605678794e-04
4.547826529927376e-05
0.000000000000000e+00
-1.427395781250138e-04
-0.000000000000000e+00
-1.269648059312654e-04
-0.000000000000000e+00
-0.000000000000000e+00
7.382366514357085e-04
6.518932861973291e-04
7.116087223253290e-04
-1.009739932792513e-04
-0.000000000000000e+00
5.826895451569795e-04
5.114631997961451e-04
-1.210358470040684e-04
-0.000000000000000e+00
-6.108488789845096e-05
-4.931941171470131e-05
0.000000000000000e+00
-3.722999119727097e-05
0.000000000000000e+00
0.000000000000000e+00
-2.949450578567561e-05
-0.000000000000000e+00
1.854874886492808e-04
-4.227579021518091e-05
-0.000000000000000e+00
-0.000000000000000e+00
1.038347108326108e-04
0.000000000000000e+00
-5.644412339802702e-04
-4.820674191800116e-04
1.114942152874556e-04
0.000000000000000e+00
9.264877411795527e-05
0.000000000000000e+00
1.107040065635321e-04
0.000000000000000e+00
-5.928028642179044e-04
-5.277566097068841e-04
1.117594594194787e-04
-1.141927898207412e-04
-0.000000000000000e+00
-0.000000000000000e+00
5.777329214620671e-04
5.570032668884888e-04
-1.101115700373984e-04
-0.000000000000000e+00
-8.057519954094604e-05
0.000000000000000e+00
0.000000000000000e+00
4.016704727225607e-04
4.549852552016004e-04
-9.477481009492076e-05
-7.327361630177170e-05
-1.682924647460966e-04
-0.000000000000000e+00
-1.679664797288001e-04
-1.789592297854492e-04
-0.000000000000000e+00
0.000000000000000e+00
-1.746225141307859e-04
-1.678982279235239e-04
-0.000000000000000e+00
8.801503607568607e-04
8.993969282763615e-04
-0.000000000000000e+00
-0.000000000000000e+00
4.866856126390511e-05
0.000000000000000e+00
1.206897328542045e-03
-2.974191330541187e-04
-2.183990206792092e-04
-5.147565675880717e-03
6.945804640175118e-06
0.000000000000000e+00
3.655229470172478e-05
0.000000000000000e+00
-1.483808315502042e-04
2.089719726305804e-05
1.495309332917392e-02
1.511972291734675e-02
1.539967581687169e-02
1.617170951504734e-02
1.651453731123430e-02
-9.052562766754797e-05
-7.715800959647494e-05
0.000000000000000e+00
-0.000000000000000e+00
-1.003851629687795e-04
0.000000000000000e+00
-1.740148992119135e-04
8.608695437940298e-04
-4.181674801877526e-03
-1.582339945921919e-04
-0.000000000000000e+00
-3.780799280673989e-06
-5.455191867316704e-06
6.607267997359039e-05
0.000000000000000e+00
0.000000000000000e+00
-2.210464961127295e-05
6.738711340311887e-05
7.460459538707083e-05
8.693151862575000e-05
0.000000000000000e+00
0.000000000000000e+00
0.000000000000000e+00
1.830035111046363e-04
-9.194029320430831e-04
1.767392541195706e-04
1.683160694970031e-04
0.000000000000000e+00
0.000000000000000e+00
0.000000000000000e+00
1.482212072301640e-04
1.645037080449924e-04
-8.118410665895489e-04
-8.575073792216419e-04
3.890835410951172e-03
0.000000000000000e+00
0.000000000000000e+00
-7.756067940531712e-04
1.561354383107341e-04
1.374555251913315e-04
-7.038927135321163e-04
0.000000000000000e+00
0.000000000000000e+00
0.000000000000000e+00
-1.557838737972671e-04
-1.700685888001687e-04
8.541974949975561e-04
-4.156220621532521e-03
8.595217240173498e-04
0.000000000000000e+00
0.000000000000000e+00
1.460055915994606e-02
1.331719920520667e-02
1.313842791588993e-02
1.482056833087964e-02
1.349603073074025e-02
1.212352462460026e-02
1.164097549650306e-02
1.725813759126488e-02
1.826438947471068e-02
1.780777909088478e-02
1.905297378915262e-02
2.139986668226044e-02
2.189248804106186e-02
2.138201318311889e-02
8.751500833004427e-04
-4.112080189022728e-03
-4.384880027724742e-03
-4.316189404043744e-03
-6.621183178971815e-04
1.235631054568873e-04
-6.230248446954309e-04
3.118893304194383e-03
0.000000000000000e+00
1.341617182857860e-04
0.000000000000000e+00
-6.053597040071482e-04
1.263864627695192e-04
-6.909710016501589e-04
0.000000000000000e+00
0.000000000000000e+00
-1.827244508536442e-04
9.355991756435891e-04
0.000000000000000e+00
-0.000000000000000e+00
-1.798443946559512e-04
1.867148621397170e-04
-9.325149714907258e-04
1.787761723421971e-04
-9.509292470555805e-04
0.000000000000000e+00
0.000000000000000e+00
0.000000000000000e+00

H3  1  1102  double
1.196952804511576e-02
1.207377301124679e-02
1.271807533534183e-02
1.367875606212940e-02
1.275641573075321e-02
5.286159448571125e-03
7.679573101884860e-03
7.228091252095071e-03
7.741865230503536e-03
7.130257787759065e-03
5.513751640896969e-03
4.548631150229496e-03
6.152836272819319e-03
6.256038044962093e-03
-6.762613773469871e-03
-6.812231363636396e-03
5.323029606448058e-03
7.789881796108541e-03
7.844707635814071e-03
4.668034711274127e-03
7.705894249727574e-03
8.750192542096353e-03
6.090063675387772e-03
5.318273297127547e-03
5.111303943863260e-03
7.598918400036877e-03
8.047916588153649e-03
7.700436077402541e-03
9.179480643782816e-03
8.682612092323740e-03
7.354421568641897e-03
4.782930737160880e-03
4.884214094303903e-03
4.729370318304105e-03
6.101733199029388e-03
6.098530826792689e-03
4.900976090581067e-03
7.354229340823798e-03
7.326022198802220e-03
4.708947299020072e-03
4.184061483524474e-03
6.286689559344223e-03
5.042692314595951e-03
7.415758771415219e-03
7.230955196584396e-03
4.697486124460369e-03
5.007637534763896e-03
6.099924123752932e-03
4.111338383427323e-03
8.124723383527857e-03
1.000253624458344e-02
9.647317961104487e-03
8.457470983688422e-03
1.073651815521609e-02
1.031563384116199e-02
9.141254539620593e-03
1.177849494327927e-02
1.203145819730716e-02
1.099619759572352e-02
1.208467980042731e-02
1.137322681509364e-02
1.044636800553266e-02
1.040677049358714e-02
1.116223262004915e-02
1.243704962695351e-02
1.238617711593801e-02
1.271927067075317e-02
1.369446329021838e-02
1.347600846533294e-02
1.245370176153311e-02
1.547070239627191e-02
1.563353560723371e-02
1.549774889002912e-02
1.512441149691548e-02
1.548301148976761e-02
1.517918835467701e-02
1.020384411512569e-02
1.149522003862265e-02
9.862865792575030e-03
8.620467676255251e-03
9.242430369061387e-03
9.017330190589505e-03
1.089056948611030e-02
1.008821501527677e-02
1.253608077656291e-02
1.352864965617285e-02
1.465504547887489e-02
1.511282699673759e-02
1.310402456247283e-02
1.240992799012421e-02
1.290205010248205e-02
1.158124270484280e-02
1.130633721006754e-02
1.245003779467629e-02
8.316735229392433e-03
9.982980499534617e-03
8.377129438899887e-03
1.010158651212428e-02
1.084940202363600e-02
1.080555777934665e-02
7.631397148854243e-03
1.178043380373823e-02
1.245118124389216e-02
1.205116896804536e-02
1.314642000769666e-02
1.204260397078598e-02
1.555791355903164e-02
1.577067764746696e-02
1.557638665999061e-02
1.536342612855419e-02
1.549303244482377e-02
1.568844695395948e-02
1.533783587625166e-02
1.547157935573001e-02
1.068596834569982e-02
9.875995906771835e-03
1.056422738496535e-02
1.183730925567574e-02
1.212916200047347e-02
7.930835899988768e-03
1.527089090934920e-02
1.547093979955340e-02
1.565506897255489e-02
1.497557635719107e-02
1.515357493363116e-02
1.469739197367879e-02
1.516058915336386e-02
1.511499706972944e-02
1.495136336697598e-02
1.487969859810366e-02
1.469218548152136e-02
1.476639956930639e-02
1.505707825064406e-02
1.513274334690281e-02
1.478078819130805e-02
1.432290028649309e-02
1.410546124275996e-02
1.462943036304598e-02
1.467146685060492e-02
1.477844962896220e-02
1.489593222318825e-02
1.419258480442306e-02
1.421243556414894e-02
1.419329424735565e-02
1.374702703843860e-02
1.459129838719184e-02
1.497567386225682e-02
1.453065770341780e-02
9.993081014667744e-03
1.174623898595117e-02
1.026130011886071e-02
1.135709563386077e-02
1.043487122432901e-02
1.132059649014557e-02
1.087945060497054e-02
1.211011920825353e-02
1.188641361635801e-02
1.163398489061972e-02
1.236439091867274e-02
1.058523657063994e-02
9.124291058537787e-03
9.879134950262911e-03
8.060205060892212e-03
9.824077989493819e-03
1.309360297858472e-02
1.205093952202502e-02
1.377971574388395e-02
1.351686065988217e-02
1.261304206007064e-02
9.809204598147443e-03
8.693423464523408e-03
1.034614217290259e-02
7.857570494443022e-03
9.882941887757804e-03
1.339970557287602e-02
1.332167833493704e-02
1.242388923020156e-02
1.241468487429330e-02
1.390545934458526e-02
1.162992154722252e-02
1.176903648100593e-02
1.225835685254964e-02
8.483260449387478e-03
1.015992756106002e-02
9.775851379764769e-03
7.767015988212003e-03
7.428320303140649e-03
1.073431663327866e-02
1.020903283840839e-02
1.329523791590238e-02
1.307763089001518e-02
1.361542572971524e-02
1.258899387304401e-02
1.380529572603533e-02
1.395164641199730e-02
1.324509457939697e-02
1.315163837641561e-02
1.393330251241985e-02
1.396476415043587e-02
7.602798106166235e-03
7.926482540425134e-03
8.324626412372967e-03
7.434757002433327e-03
8.467852444616062e-03
1.127074635445897e-02
1.173313292371071e-02
1.226048452588796e-02
1.258584705496800e-02
1.194442784801011e-02
9.834836269887889e-03
9.080793885717827e-03
7.874215343257324e-03
8.859673857365221e-03
7.211581531886673e-03
5.967824976128620e-03
6.154745400240359e-03
4.879388300377281e-03
-6.755897926318768e-03
-6.693022455092477e-03
6.090916187182923e-03
5.321705229478320e-03
6.078955104312949e-03
-6.894668269356917e-03
-6.742981376305541e-03
-6.768343214948791e-03
9.573849583135036e-03
8.148598766656075e-03
1.009781311483746e-02
4.909558885004348e-03
7.722812136652719e-03
7.497845902547440e-03
7.678434454411938e-03
8.042666251021026e-03
7.713517400862478e-03
5.199352471566129e-03
5.015510947937518e-03
4.835969162106436e-03
7.388186263392068e-03
5.329156109828921e-03
6.111109280547438e-03
6.104944681118826e-03
4.438261527135956e-03
6.237883369977738e-03
1.431549209849715e-02
1.452334229641322e-02
1.483190710349415e-02
1.506458592419530e-02
1.533717148223516e-02
1.497644817760386e-02
1.376525330220608e-02
1.417726953508703e-02
1.441206931489596e-02
1.484090464860942e-02
1.496174809582864e-02
1.380021429560137e-02
1.359896366185099e-02
4.859173845972301e-03
6.238994472433863e-03
6.981745024824761e-03
6.194957288431275e-03
4.018271946156290e-03
6.025972126568678e-03
6.285208500684069e-03
4.257252339826279e-03
6.158624148147826e-03
-6.816750682722528e-03
-6.736433112150428e-03
-6.720272244325266e-03
1.575630858912129e-02
1.578488620662877e-02
1.579682938853732e-02
1.566870115802674e-02
9.619749607833336e-03
1.043047607834867e-02
9.388942432682210e-03
8.012139528502719e-03
8.025015767811656e-03
9.980096939758556e-03
8.474882421504419e-03
8.459997939888832e-03
1.011348781108504e-02
7.678574560519294e-03
1.245525247499614e-02
1.263948426663424e-02
1.342076939347280e-02
1.364141577074347e-02
1.085141826983760e-02
1.144153612664317e-02
9.999873228199768e-03
1.026220741481027e-02
8.498177091159584e-03
9.297017391291818e-03
1.418604376327244e-02
1.376442107225379e-02
1.278943706241514e-02
1.341150087085084e-02
1.265001888932724e-02
1.361011520836045e-02
1.402949475339306e-02
1.277024285397697e-02
1.411208378275048e-02
1.411626008467934e-02
1.473204657161284e-02
1.461673398349811e-02
1.415703947597823e-02
1.480738280146509e-02
7.722290295441650e-03
8.997773009961201e-03
1.046270225458249e-02
1.049688881559208e-02
9.227601088495187e-03
8.662142878428784e-03
1.568632314403460e-02
1.547493717508927e-02
1.561735085655443e-02
1.546665439971989e-02
1.543253549718837e-02
1.416760319303374e-02
1.414452306129611e-02
1.466117281674251e-02
1.475165427268342e-02
1.501810785396951e-02
1.468012957992855e-02
1.490346435763069e-02
1.507303575584742e-02
1.449026109237744e-02
1.399657181074297e-02
1.393164156691273e-02
1.423696444399448e-02
1.357101524418828e-02
1.383113588552250e-02
1.378347609607171e-02
1.323818521280101e-02
1.292580244912613e-02
1.253768579682471e-02
1.209182646370588e-02
1.164875720469655e-02
1.255570995545656e-02
1.019858569855267e-02
1.111620847394931e-02
1.221767618250274e-02
1.086226673447108e-02
1.090663960300662e-02
1.214941934341080e-02
1.019464120973081e-02
1.005678134308886e-02
8.393002857065767e-03
1.367310006060874e-02
1.340843925197807e-02
1.456208853156230e-02
1.403775193335130e-02
1.332471550684321e-02
1.363262241630551e-02
1.285733996206902e-02
1.355911931387325e-02
1.216773052816074e-02
1.340009251450057e-02
7.520117405427593e-03
8.518070655817543e-03
1.007683441975021e-02
8.330229481955328e-03
7.690427330007034e-03
7.450363621370067e-03
1.078380715361713e-02
1.000367008431427e-02
1.210789640667843e-02
1.092360416592846e-02
1.095302037645358e-02
1.028978792885325e-02
1.417283814185756e-02
1.483273962214510e-02
1.415127818056438e-02
1.371005945152496e-02
1.015647846798999e-02
1.162228400580033e-02
1.049895186150276e-02
1.077672059664492e-02
9.856737619010387e-03
9.646434269870425e-03
1.481367465763386e-02
1.500208321295805e-02
1.442311589789728e-02
1.448340953512857e-02
7.630067368582994e-03
4.816567021879472e-03
6.278874924572932e-03
6.233186091333342e-03
4.131315668146326e-03
7.062320730744752e-03
4.415122758374196e-03
9.285968316544286e-03
9.882527136523345e-03
1.037713635037137e-02
1.144442500208117e-02
1.012507844517929e-02
1.061382228685152e-02
1.109917190831729e-02
1.011514881475106e-02
8.369883368215848e-03
7.725669242889617e-03
9.779749528087302e-03
1.070353812596133e-02
1.200180623516236e-02
1.218663274512578e-02
1.058602444574999e-02
1.090366024443897e-02
9.656451349437128e-03
1.031709682363399e-02
1.219255008197308e-02
1.198729605739960e-02
1.078499474548934e-02
1.275196252851008e-02
1.329273857515376e-02
1.384237434298280e-02
1.349603869692106e-02
1.274049028505128e-02
1.550040676195783e-02
1.530468306624710e-02
1.557519038816677e-02
1.528047205634178e-02
1.556633711707441e-02
1.322839875596936e-02
1.384214170842325e-02
1.348558211023092e-02
1.211106502169151e-02
1.241113360751385e-02
1.172580699846030e-02
1.099319943474066e-02
1.226935784421341e-02
1.147683084854030e-02
9.363711155796399e-03
1.002688960902976e-02
1.037538782620774e-02
1.040345054716435e-02
1.034651999424577e-02
9.533732617740801e-03
7.865671428444651e-03
8.968429747976656e-03
1.019516107585906e-02
1.075321582356489e-02
1.181964818369439e-02
9.766160168493507e-03
1.208344556452815e-02
1.284981605839572e-02
1.223782187109963e-02
1.280622707025860e-02
1.364230095031782e-02
1.376426219573048e-02
1.192497269617721e-02
1.051738782619377e-02
1.017137582769682e-02
1.165307612902514e-02
1.083123094023617e-02
9.946844511393544e-03
9.563520635571660e-03
1.185003871658057e-02
1.265236801500991e-02
1.230229004902889e-02
1.196009391060606e-02
1.300551927483467e-02
1.273449419052344e-02
1.206496325468962e-02
1.272191453795150e-02
1.204225637554822e-02
1.370117656316833e-02
8.304395831274080e-03
1.009054326372121e-02
1.008699306301270e-02
7.613190905679999e-03
7.621359448755095e-03
8.428941799028023e-03
1.091192102620022e-02
7.554855429145154e-03
8.045627043982430e-03
7.401161568210228e-03
4.818149707825729e-03
4.765601380778943e-03
6.063954226302188e-03
6.055287950122998e-03
4.227488882399993e-03
7.519813559489249e-03
4.749789153800128e-03
6.296994771432728e-03
6.306766276834935e-03
7.619185062551701e-03
7.385489077886493e-03
7.977592579424996e-03
7.353663381615421e-03
7.833851566488708e-03
7.379839282582360e-03
8.624903236694301e-03
9.323126767325308e-03
9.886849194177309e-03
6.088943024639630e-03
4.854842062239306e-03
6.145208668247884e-03
4.909030503258867e-03
-6.903406496777677e-03
7.558653868621581e-03
5.251800876558174e-03
7.691503099139464e-03
8.316766871195818e-03
4.883508400995623e-03
6.023518448365937e-03
4.649874473508999e-03
6.179061379945287e-03
6.176482853924160e-03
4.789596651567298e-03
4.947823249218012e-03
6.145054811438715e-03
6.152453403354676e-03
6.183746323753929e-03
4.681023016616857e-03
4.785093004215626e-03
7.556499270936317e-03
8.340080358682162e-03
7.426612092422846e-03
7.305377837693676e-03
6.101925357471834e-03
4.842616322450781e-03
4.847546368829813e-03
6.113967552695667e-03
-6.896337966449134e-03
4.885866843853489e-03
4.881435064855417e-03
6.060452756823312e-03
6.084611683756752e-03
7.685686971213636e-03
6.119735961382252e-03
-6.753290585550118e-03
3.439081283006962e-02
3.440185021133865e-02
-6.900374868403354e-03
3.950354546619296e-02
7.676378784298294e-03
8.111476278768239e-03
7.630066365740555e-03
8.835071963089598e-03
9.891262832241197e-03
5.082634427089512e-03
6.157798942300556e-03
6.088901934947761e-03
4.633189684457859e-03
6.171154645278887e-03
-6.818819411258997e-03
6.136171542539871e-03
3.448730322379034e-02
-6.766351949557842e-03
-6.912350017597903e-03
3.449464359092975e-02
6.159708627023537e-03
6.164724254385392e-03
-6.759646927214208e-03
-6.742939274950172e-03
3.449113604653369e-02
3.429367051206798e-02
3.951969252173718e-02
4.207702184106052e-03
4.708155073231089e-03
6.217995241114995e-03
6.104931296230583e-03
-6.853316953806541e-03
7.290346945353193e-03
4.243058640139913e-03
4.570846948902147e-03
4.780086113252776e-03
7.687144909653469e-03
7.102829612461605e-03
3.826353994117412e-02
3.826645912141402e-02
3.855174301691486e-02
3.855388433028797e-02
3.849999999999999e-02
3.855409655512337e-02
3.850000000000000e-02
3.850000000000001e-02
4.225390447958312e-03
7.297113162928328e-03
8.083947108492444e-03
7.616524078500341e-03
4.697100433719416e-03
7.259956898116949e-03
7.862855825651376e-03
7.795272519708380e-03
7.529446295470464e-03
7.174155246685887e-03
7.445505806949753e-03
4.733771530169938e-03
4.695110897362686e-03
6.156220081809925e-03
-6.739821807980420e-03
7.711736288519342e-03
7.161889130419729e-03
7.127552705783917e-03
7.543252499320805e-03
4.715385347432299e-03
4.699540630676247e-03
7.189782224632359e-03
4.762113541031877e-03
4.624513272495806e-03
7.537954631890120e-03
-6.770408728850741e-03
-6.757835452325943e-03
3.440975133644949e-02
6.074166331748367e-03
6.024832758406146e-03
3.443968797753606e-02
-6.731909381799008e-03
-6.895543822161573e-03
3.442942503559863e-02
-6.892478055789173e-03
-6.813697894417664e-03
3.458927013353812e-02
-6.913059822141784e-03
6.288502653850271e-03
6.174493143410138e-03
3.444220126324985e-02
-6.772194877757659e-03
3.447301019002819e-02
3.950339696705123e-02
3.447694003288089e-02
-6.697477967246330e-03
-6.886654229576262e-03
3.459128348619865e-02
6.116926874858174e-03
3.452161191436926e-02
-6.884700442160671e-03
3.447759872543921e-02
-6.784215741574329e-03
3.449518507171660e-02
3.948585138141432e-02
3.463145383150436e-02
-6.735649910479973e-03
3.437716901786678e-02
3.946647246382758e-02
3.945436489491063e-02
-6.832823472859708e-03
3.470544070583710e-02
6.089436302101021e-03
-6.792232584013188e-03
-6.711629943419489e-03
3.467870293374330e-02
3.448246362652252e-02
-6.776433597778269e-03
3.446984734071439e-02
-6.727653613782453e-03
3.430717096876813e-02
3.445602648242019e-02
-6.766358464742243e-03
-6.721837142578309e-03
6.096834926236092e-03
5.948856505187676e-03
-6.842577673673705e-03
3.456520759165336e-02
-6.725336451893760e-03
3.447149242287335e-02
3.946145587740437e-02
3.946904357280644e-02
3.433852202256414e-02
3.454957514526845e-02
3.948659538845078e-02
3.945043705320820e-02
3.952610761972094e-02
3.444834593622039e-02
3.451179578317344e-02
3.454305568345089e-02
3.446357808047659e-02
3.947771230926603e-02
3.947456488176873e-02
3.471616881221136e-02
3.455979422204675e-02
3.438318112330781e-02
3.946235569158441e-02
3.944667421645397e-02
3.827336296056837e-02
-6.763615380275663e-03
3.450619516180044e-02
6.163655103743504e-03
6.120974869201496e-03
-6.736324463882940e-03
-6.707949254914193e-03
-6.839654930606114e-03
3.448965852292898e-02
-6.763712840817292e-03
6.171170175902813e-03
6.225887302901978e-03
-6.797063654381777e-03
3.438114640754489e-02
-6.838085976743412e-03
-6.744426703240404e-03
6.100773220414761e-03
-6.805428635314959e-03
3.444373804389912e-02
3.442869306248450e-02
-6.785037401232667e-03
6.108000794723127e-03
4.764185983334406e-03
6.093351494660749e-03
4.649418219464765e-03
6.113147896277821e-03
-6.830494341705655e-03
-6.699498870220387e-03
-6.875143542462618e-03
3.439175495925759e-02
3.449690074854315e-02
3.460865530926048e-02
3.950072119860687e-02
3.945126818130466e-02
6.115077561549217e-03
-6.735593922825567e-03
6.121442331267456e-03
-6.825034056747690e-03
6.086739203648173e-03
-6.760928305860151e-03
4.905462777231495e-03
6.067464507660509e-03
5.135814878185688e-03
6.082367797511241e-03
4.697448493559553e-03
6.153700983049218e-03
-6.751615196206439e-03
3.443429028038622e-02
3.453111660737677e-02
6.173654283879137e-03
-6.841126598723396e-03
4.536883398355216e-03
6.151349190655269e-03
-6.854758283177702e-03
3.441179428683050e-02
-6.759669031262870e-03
6.165655572702912e-03
6.255863104271030e-03
4.611914687630284e-03
4.108123545704235e-03
-6.863099217357539e-03
6.212752094494072e-03
6.124845306145359e-03
4.261087678190667e-03
4.892056707935482e-03
-6.934844528296794e-03
-6.697455285717358e-03
4.352177691692543e-03
6.211781166092187e-03
6.105806813361246e-03
-6.817833620844775e-03
-6.849028542769184e-03
3.448590027168651e-02
3.451900648441263e-02
-6.834283007658612e-03
-6.722871653763508e-03
6.047700282904315e-03
7.306081995529671e-03
4.816900266884121e-03
3.454936081951093e-02
3.947385816512446e-02
3.826576035103271e-02
3.826210781790382e-02
3.855368626092285e-02
3.855176598862844e-02
3.849999999999999e-02
3.849999999999999e-02
3.947619460348694e-02
3.949157420112290e-02
3.826540246465018e-02
3.453940607916919e-02
-6.743178381802307e-03
3.442687465942034e-02
3.826180840012041e-02
3.948130189178981e-02
3.949958254199876e-02
3.825996768931957e-02
3.826136753982630e-02
3.948146160536918e-02
3.450964691552194e-02
3.947332817494719e-02
3.944987602503173e-02
3.453332876560875e-02
3.456056987885663e-02
3.456680187026750e-02
3.949071812856005e-02
3.826184871589177e-02
3.946905466192396e-02
3.826447676827133e-02
3.855223016371013e-02
3.855364137863009e-02
3.850000000000000e-02
3.826195573385841e-02
3.945926962017859e-02
3.950351523426974e-02
3.825705768392312e-02
3.950258823936598e-02
3.437515304464758e-02
3.825917124697528e-02
3.948318642879538e-02
3.825918597832608e-02
3.855314340249608e-02
3.850000000000000e-02
3.849999999999999e-02
3.826168217495077e-02
3.946095482450512e-02
3.826292512759146e-02
3.825626329196072e-02
3.948310118982219e-02
3.949314686363424e-02
3.825381751746364e-02
3.951280100165816e-02
3.826011377063769e-02
3.948650478598485e-02
3.855397306533014e-02
3.855435192061121e-02
3.849999999999999e-02
3.952212001548665e-02
3.825792377023592e-02
3.826455961125584e-02
3.855472873769954e-02
3.849999999999999e-02
3.850000000000000e-02
3.825512747315424e-02
3.855301246170883e-02
3.850000000000000e-02
3.855371618187117e-02
3.855614961037058e-02
3.850000000000000e-02
3.850000000000000e-02
3.825778434252305e-02
3.945822142580552e-02
3.826522235707192e-02
3.826673092843116e-02
3.947703785105429e-02
3.949330191845353e-02
3.826021736788122e-02
3.947691544433395e-02
3.826531208838586e-02
3.946282018090733e-02
3.951595345951386e-02
3.826030704611196e-02
3.825885853945230e-02
3.826791020639234e-02
3.855368837633520e-02
3.850000000000000e-02
3.855359016663196e-02
3.850000000000000e-02
3.826292556937333e-02
3.947255755320602e-02
3.455770448529220e-02
3.452680860874655e-02
3.947174151066589e-02
3.949652408944167e-02
3.441825701816315e-02
3.826045439828939e-02
3.949253794696220e-02
3.448044552917903e-02
3.950769744647664e-02
3.947323372891132e-02
3.437218795682094e-02
-6.760870204274235e-03
3.951935073288368e-02
3.947148995840208e-02
3.941395680838695e-02
3.442588607779816e-02
3.454264777651765e-02
3.949060868326825e-02
3.948313945727010e-02
3.855400945084147e-02
3.849999999999999e-02
3.447863935416667e-02
3.458200159756986e-02
3.945095578907790e-02
3.463809987583054e-02
-6.800032084025335e-03
3.946852086253019e-02
3.950457322923998e-02
3.826054140962167e-02
3.825818951009842e-02
3.855412516916118e-02
3.855526240041698e-02
3.850000000000001e-02
3.855359553295765e-02
3.850000000000000e-02
3.948865954440919e-02
3.826313632953174e-02
3.855413286534913e-02
3.855212111167702e-02
3.850000000000000e-02
3.947094829698516e-02
3.952911245382096e-02
3.433204396884466e-02
3.439986351491291e-02
3.947124380681442e-02
3.825373069668397e-02
3.825692670755552e-02
3.947480964735255e-02
3.446278904391656e-02
-6.834164027222968e-03
3.451839841942213e-02
3.945420613019351e-02
3.450308091403596e-02
3.450527914384537e-02
-6.834024728433953e-03
-6.914407147380390e-03
3.948210306260674e-02
3.448490469718490e-02
3.947016943246794e-02
3.454557529302500e-02
-6.816428332026473e-03
-6.733112357197609e-03
3.944114637469993e-02
7.570493887461223e-03
4.786220811643824e-03
7.322335197234169e-03
6.072529466520082e-03
3.947919768272330e-02
3.951760528137187e-02
3.441951880601531e-02
3.948171096278787e-02
3.825908530142469e-02
3.947538050707235e-02
3.947110390888289e-02
3.826365885889148e-02
3.855417451105217e-02
3.855495896231623e-02
3.849999999999999e-02
3.826053225544372e-02
3.825272529674589e-02
3.855496273461428e-02
3.850000000000000e-02
3.855644610337718e-02
3.850000000000000e-02
3.855138160193155e-02
3.850000000000000e-02
3.850000000000000e-02
3.825238593714239e-02
3.827311602681637e-02
3.825598124836035e-02
3.855008793148026e-02
3.850000000000000e-02
3.827410845105331e-02
3.826529998593941e-02
3.855118779890860e-02
3.850000000000000e-02
3.855274046909329e-02
3.855418948786621e-02
3.850000000000000e-02
3.855219797064324e-02
3.850000000000000e-02
3.849999999999999e-02
3.855466862108398e-02
3.850000000000000e-02
3.826192288560062e-02
3.855268015425267e-02
3.850000000000000e-02
3.850000000000001e-02
3.855237884679124e-02
3.849999999999999e-02
3.826809533559674e-02
3.827098749126542e-02
3.855232863494414e-02
3.850000000000000e-02
3.855171669260221e-02
3.849999999999999e-02
3.855161798407000e-02
3.849999999999999e-02
3.826282711500674e-02
3.826819936921804e-02
3.855370412980759e-02
3.855098957720123e-02
3.850000000000000e-02
3.850000000000000e-02
3.826984771563551e-02
3.826375450673834e-02
3.855297833962350e-02
3.850000000000000e-02
3.855402073877261e-02
3.850000000000001e-02
3.850000000000001e-02
3.825883204570604e-02
3.825357657621924e-02
3.855524133253443e-02
3.855489797984305e-02
3.855376007096890e-02
3.849999999999999e-02
3.855265437575679e-02
3.855407176111943e-02
3.850000000000000e-02
3.850000000000000e-02
3.855303611301426e-02
3.855121446002437e-02
3.850000000000000e-02
3.826678119903260e-02
3.826643157674084e-02
3.850000000000001e-02
3.849999999999999e-02
3.855160968242584e-02
3.849999999999999e-02
3.945502411406517e-02
3.826818423967483e-02
3.826581660651941e-02
3.450400979678832e-02
3.855579005448270e-02
3.850000000000000e-02
3.855382320127092e-02
3.850000000000000e-02
3.826466570455745e-02
3.855288940484730e-02
7.560134505709223e-03
8.023128089487434e-03
8.293220637202101e-03
7.318100313673605e-03
7.319292447439340e-03
3.855419061640310e-02
3.855418691424675e-02
3.850000000000000e-02
3.849999999999999e-02
3.855277781648561e-02
3.849999999999999e-02
3.855435038999967e-02
3.826151565035556e-02
3.948815041938628e-02
3.855205437573295e-02
3.850000000000000e-02
3.825639684558085e-02
3.855344730134587e-02
3.826393525709392e-02
3.850000000000000e-02
3.850000000000000e-02
3.855337876314719e-02
3.855430094547340e-02
3.855446900646261e-02
3.855361135421350e-02
3.850000000000000e-02
3.850000000000000e-02
3.849999999999999e-02
3.855348980289434e-02
3.825961394048310e-02
3.855453753166594e-02
3.855218734563086e-02
3.849999999999999e-02
3.849999999999999e-02
3.850000000000000e-02
3.855217547307770e-02
3.855475751495052e-02
3.826067701832171e-02
3.825967123780291e-02
3.947825555420204e-02
3.850000000000000e-02
3.849999999999999e-02
3.826438347213892e-02
3.855414971840429e-02
3.855085738029199e-02
3.826797627081361e-02
3.850000000000000e-02
3.850000000000000e-02
3.850000000000001e-02
3.855229353378191e-02
3.855425033127944e-02
3.826179976932551e-02
3.948997009129986e-02
3.826291681934087e-02
3.850000000000000e-02
3.849999999999999e-02
5.329712311251730e-03
7.640742414718595e-03
7.557601008999453e-03
7.592424167753099e-03
8.468467367358864e-03
9.680558974893491e-03
8.316319040842155e-03
7.544428728465434e-03
4.559760304708579e-03
4.857649101270961e-03
6.207098026102054e-03
-6.930753646499464e-03
3.462803391867837e-02
3.457280925796014e-02
3.827541904286375e-02
3.942268947759504e-02
3.945596952968823e-02
3.947307569087193e-02
3.825969895012726e-02
3.855426194597470e-02
3.825843538498939e-02
3.951409562422283e-02
3.849999999999999e-02
3.855392503105123e-02
3.850000000000000e-02
3.826808569761406e-02
3.855366180472770e-02
3.826104148826142e-02
3.850000000000001e-02
3.850000000000000e-02
3.855363128547499e-02
3.826758496255489e-02
3.849999999999999e-02
3.849999999999999e-02
3.855236968945115e-02
3.855392709850147e-02
3.826255699860627e-02
3.855073507261343e-02
3.826727717798394e-02
3.850000000000001e-02
3.850000000000000e-02
3.849999999999999e-02

LAM  1  1102  double
-1.356790583887508e+00
-1.326264607578021e+00
-1.284799253331747e+00
-1.294795310851344e+00
-1.251181358982083e+00
-1.390375555290583e+00
-1.398525711557769e+00
-1.623587387507063e+00
-1.249935263540914e+00
-1.486451784356611e+00
-1.413199400360655e+00
-1.285595958336769e+00
-1.611799865161154e+00
-1.660925383774448e+00
-1.394440568602112e+00
-1.428485590057029e+00
-1.371466239711512e+00
-1.334881414841788e+00
-1.616233978637732e+00
-1.297631753769161e+00
-1.623299649512069e+00
-1.327223028031506e+00
-1.632400276417509e+00
-1.381017427151754e+00
-1.362976724366308e+00
-1.312040986605670e+00
-1.556896062115926e+00
-1.439028361709158e+00
-1.385772086074967e+00
-1.268502441180319e+00
-1.449921258196211e+00
-1.370639862727368e+00
-1.350248277004653e+00
-1.402044090819292e+00
-1.586228990703897e+00
-1.625651791989007e+00
-1.406166487575737e+00
-1.447005779047887e+00
-1.614142164095323e+00
-1.367684874791541e+00
-1.256629063484833e+00
-1.677250169993189e+00
-1.391718021842467e+00
-1.420795289419434e+00
-1.596854595588583e+00
-1.380140877446175e+00
-1.369129798924589e+00
-1.603173030000050e+00
-1.265414448180350e+00
-1.297902084718895e+00
-1.405125629730288e+00
-1.411663787116734e+00
-1.389837253300960e+00
-1.342601325620488e+00
-1.282295531600655e+00
-1.408780024774816e+00
-1.391083821529262e+00
-1.270180115407350e+00
-1.316497890270371e+00
-1.324595557708154e+00
-1.291768418692499e+00
-1.401993969364905e+00
-1.326558067856082e+00
-1.311485907966088e+00
-1.297461109320560e+00
-1.333259648147049e+00
-1.277914918213347e+00
-1.293169819029570e+00
-1.287498458714600e+00
-1.270470805493129e+00
-1.250896628923694e+00
-1.215561354498210e+00
-1.224369232761024e+00
-1.219588412069093e+00
-1.222680480276967e+00
-1.229864330833948e+00
-1.338006654716639e+00
-1.351353329796263e+00
-1.457296698545899e+00
-1.351949008036913e+00
-1.392179844109779e+00
-1.421176204068829e+00
-1.310034594919303e+00
-1.270950013385341e+00
-1.267625889471123e+00
-1.278224911586344e+00
-1.244952987569593e+00
-1.228649006915436e+00
-1.263565020189862e+00
-1.347277694550026e+00
-1.273114577928986e+00
-1.358065462964133e+00
-1.274886979774529e+00
-1.303434604844885e+00
-1.288679021193362e+00
-1.399822359056258e+00
-1.356711116506646e+00
-1.439209525710747e+00
-1.296249693723613e+00
-1.301306288055371e+00
-1.531924119064814e+00
-1.400831697081597e+00
-1.252021828309962e+00
-1.322727410630894e+00
-1.309635996078998e+00
-1.291465522234801e+00
-1.214284203918989e+00
-1.224102932226467e+00
-1.218561507108288e+00
-1.229944480297559e+00
-1.233340649617137e+00
-1.220234294107545e+00
-1.245216933803903e+00
-1.232933776081973e+00
-1.285502203025358e+00
-1.434467158422681e+00
-1.329417861983605e+00
-1.328519434591090e+00
-1.370097828466400e+00
-1.292775089480081e+00
-1.236306103261161e+00
-1.237691594867243e+00
-1.217500034677396e+00
-1.213582983784161e+00
-1.237536815721689e+00
-1.241438106210708e+00
-1.229148059734391e+00
-1.220495294672633e+00
-1.229967151928375e+00
-1.274077566793942e+00
-1.241942149340633e+00
-1.249627432155348e+00
-1.230396556003645e+00
-1.225268916845465e+00
-1.221137910468237e+00
-1.270594925995369e+00
-1.251247973300792e+00
-1.267400107047649e+00
-1.269618622207489e+00
-1.241600491206987e+00
-1.272629310849993e+00
-1.223630002005261e+00
-1.246992222465608e+00
-1.265373415303271e+00
-1.297648907174930e+00
-1.255580968738157e+00
-1.234625207720889e+00
-1.267065248213075e+00
-1.396226827816430e+00
-1.358220060295435e+00
-1.272619446403986e+00
-1.379306786782098e+00
-1.241394641139970e+00
-1.323663011135777e+00
-1.303227732026321e+00
-1.310469644983444e+00
-1.398392367497508e+00
-1.347034713243291e+00
-1.299856733936475e+00
-1.298258068935445e+00
-1.410595218386339e+00
-1.374954541673897e+00
-1.338821377337025e+00
-1.486543538808966e+00
-1.311840786370900e+00
-1.304169570265664e+00
-1.250839155257196e+00
-1.268015299064334e+00
-1.268360568190572e+00
-1.467861273442387e+00
-1.326623154282617e+00
-1.291470349252845e+00
-1.310886652533388e+00
-1.492100384168191e+00
-1.300236352771230e+00
-1.301251563853635e+00
-1.281065337317066e+00
-1.269253070776664e+00
-1.245144458770623e+00
-1.341298475725222e+00
-1.364031937462157e+00
-1.269834472183357e+00
-1.406308903022838e+00
-1.399146154765681e+00
-1.426663203003997e+00
-1.239115452477843e+00
-1.531682325567841e+00
-1.287650225860109e+00
-1.297881794562110e+00
-1.291547256371757e+00
-1.297238694326748e+00
-1.288940344357425e+00
-1.252943936174073e+00
-1.250722078175467e+00
-1.258510337026012e+00
-1.282875001375130e+00
-1.273712837688364e+00
-1.265957593803451e+00
-1.278369426124751e+00
-1.478879037281799e+00
-1.273200023552215e+00
-1.366227399332160e+00
-1.504407008910015e+00
-1.332423886294217e+00
-1.349618552411823e+00
-1.347090709499069e+00
-1.278386889615784e+00
-1.279117386145544e+00
-1.352378406592746e+00
-1.416120472397325e+00
-1.444725315867697e+00
-1.251125382487221e+00
-1.417007944083510e+00
-1.540770989796378e+00
-1.575285175908574e+00
-1.625768937643089e+00
-1.391720534852750e+00
-1.383195287657409e+00
-1.458759382722836e+00
-1.628872441559659e+00
-1.377374049480240e+00
-1.635410466406925e+00
-1.454213276109213e+00
-1.366538967552074e+00
-1.420027499231111e+00
-1.463040724913438e+00
-1.245858048412861e+00
-1.426557143703172e+00
-1.340113264952610e+00
-1.485838735808862e+00
-1.577868772203707e+00
-1.418108738411135e+00
-1.530753502109894e+00
-1.477320763359273e+00
-1.400749133114188e+00
-1.334191767400931e+00
-1.404133069930006e+00
-1.513235198979481e+00
-1.415781880396475e+00
-1.588082801221462e+00
-1.625537271670406e+00
-1.322649000846451e+00
-1.675033550508522e+00
-1.262184810822254e+00
-1.260571506515807e+00
-1.230761503000061e+00
-1.225311876606945e+00
-1.241152068942461e+00
-1.232948488634309e+00
-1.232597165945115e+00
-1.243251486766026e+00
-1.248359510159223e+00
-1.251625932153182e+00
-1.238139833270496e+00
-1.273108059551462e+00
-1.311232600777694e+00
-1.357558815676175e+00
-1.666254788383971e+00
-1.679228471271107e+00
-1.673998903118818e+00
-1.216771839984048e+00
-1.581505250963865e+00
-1.670672273504405e+00
-1.303934290306120e+00
-1.617519827652607e+00
-1.394165486080341e+00
-1.420680115103446e+00
-1.406613824124600e+00
-1.223572829754527e+00
-1.218604595719768e+00
-1.220884407245561e+00
-1.217587896715217e+00
-1.445190707065434e+00
-1.323944271517788e+00
-1.379626932607413e+00
-1.413125759625059e+00
-1.296749344417044e+00
-1.411784767382093e+00
-1.382948825119801e+00
-1.291726418010342e+00
-1.380920257484991e+00
-1.508528971526160e+00
-1.291858279775355e+00
-1.267172895209534e+00
-1.288834895257594e+00
-1.295809195124887e+00
-1.305725359408481e+00
-1.376041058878352e+00
-1.308258539534848e+00
-1.311616706423053e+00
-1.317843550695709e+00
-1.495001781777117e+00
-1.244116609865339e+00
-1.306023426186471e+00
-1.252451549464346e+00
-1.309113126473288e+00
-1.283015815761702e+00
-1.282285292248918e+00
-1.250633393141253e+00
-1.259640175113677e+00
-1.262530765226910e+00
-1.225860571791293e+00
-1.250981522895873e+00
-1.273381266375166e+00
-1.254658315427100e+00
-1.261629080986571e+00
-1.410889294559474e+00
-1.327600196956247e+00
-1.345870354682964e+00
-1.426106775158155e+00
-1.413245295638713e+00
-1.299274758319007e+00
-1.223844485122518e+00
-1.224290108440295e+00
-1.216403867428888e+00
-1.225165773722771e+00
-1.248765610556232e+00
-1.225696401285310e+00
-1.261805968355067e+00
-1.278588714150511e+00
-1.242498230431653e+00
-1.221013822846055e+00
-1.256002083870824e+00
-1.226867247293174e+00
-1.219589664395680e+00
-1.278921561739909e+00
-1.255021290634743e+00
-1.237168235307037e+00
-1.254586909243174e+00
-1.291859390246931e+00
-1.278202925128998e+00
-1.224648919631406e+00
-1.329190467318489e+00
-1.272329970966380e+00
-1.263758171675131e+00
-1.267562749689871e+00
-1.357907576643537e+00
-1.283648641462275e+00
-1.257374786855155e+00
-1.330430437370286e+00
-1.358148948135787e+00
-1.280074817390650e+00
-1.282553150073300e+00
-1.344408248850560e+00
-1.440184507024597e+00
-1.403913091155380e+00
-1.299159745466431e+00
-1.235948766615579e+00
-1.306440719197661e+00
-1.283354398563738e+00
-1.248745802424580e+00
-1.307026622559239e+00
-1.245389026975201e+00
-1.285684365429032e+00
-1.283022979887404e+00
-1.253098213711088e+00
-1.334184996241355e+00
-1.469703348084566e+00
-1.345978879515362e+00
-1.387747599680532e+00
-1.318229974320067e+00
-1.527982031127201e+00
-1.467754715074716e+00
-1.322333539675777e+00
-1.365307162016745e+00
-1.337418855677125e+00
-1.287427211761087e+00
-1.279645876584449e+00
-1.456510166613610e+00
-1.234655382420632e+00
-1.265764524012930e+00
-1.245257999470973e+00
-1.299210449441066e+00
-1.305110130405761e+00
-1.367847525357274e+00
-1.292662199782895e+00
-1.301652786442037e+00
-1.390003538111305e+00
-1.490398193547382e+00
-1.235673028744297e+00
-1.251767530853114e+00
-1.246914378592320e+00
-1.243430608631910e+00
-1.613527963890260e+00
-1.387636718760700e+00
-1.647967727736532e+00
-1.633620803158118e+00
-1.252936513667614e+00
-1.347158310764131e+00
-1.283743407840813e+00
-1.437446991823789e+00
-1.447902150497077e+00
-1.266317548714662e+00
-1.375625575898620e+00
-1.378772848093116e+00
-1.263583664443340e+00
-1.302871797816490e+00
-1.381396127397199e+00
-1.369460716945848e+00
-1.266695137269562e+00
-1.460042175679588e+00
-1.298661323492385e+00
-1.338653391603781e+00
-1.340962665040247e+00
-1.285123382113588e+00
-1.317851495025754e+00
-1.444019288093306e+00
-1.329842751448306e+00
-1.365920535391925e+00
-1.328567529215374e+00
-1.269976109519889e+00
-1.270741589341291e+00
-1.327935947065949e+00
-1.226289686873744e+00
-1.277760598934878e+00
-1.267360574652786e+00
-1.241796657715611e+00
-1.223027510324962e+00
-1.224474992851420e+00
-1.233921849692792e+00
-1.219902057377828e+00
-1.325337841232779e+00
-1.239252359910310e+00
-1.289341547006546e+00
-1.292886548590152e+00
-1.253750048514349e+00
-1.367191876630263e+00
-1.318285142116860e+00
-1.254333358188864e+00
-1.386445042806949e+00
-1.449668773857470e+00
-1.354514466992199e+00
-1.277754854969663e+00
-1.352179619134406e+00
-1.276562525632557e+00
-1.449605896872323e+00
-1.505664243418336e+00
-1.329191793885483e+00
-1.374785498761211e+00
-1.321465765780975e+00
-1.345318850700955e+00
-1.417208776478101e+00
-1.338621468649307e+00
-1.259386140378164e+00
-1.350651818029518e+00
-1.261767535255103e+00
-1.286554500393237e+00
-1.296289767030861e+00
-1.333003705276429e+00
-1.285903985748527e+00
-1.319275350599236e+00
-1.384656413687623e+00
-1.316593510170026e+00
-1.430716131912921e+00
-1.422850598884767e+00
-1.349735315365070e+00
-1.276741004483002e+00
-1.260858209137715e+00
-1.322654403569257e+00
-1.310432635240433e+00
-1.257992645553272e+00
-1.327501594935963e+00
-1.273677223668206e+00
-1.357460739580121e+00
-1.303703345397593e+00
-1.260000151251738e+00
-1.417845619115575e+00
-1.419335288954874e+00
-1.524167409070658e+00
-1.521516608950483e+00
-1.398529121167430e+00
-1.303703976962592e+00
-1.586061338482113e+00
-1.358505589357982e+00
-1.442403071025719e+00
-1.392207384269115e+00
-1.383534595282672e+00
-1.592706416872937e+00
-1.475552565030114e+00
-1.291450046439726e+00
-1.536305095844570e+00
-1.355782512019724e+00
-1.676078608799308e+00
-1.681287911929176e+00
-1.319063794922275e+00
-1.656622193196999e+00
-1.283424748170037e+00
-1.433278221863369e+00
-1.269632954696932e+00
-1.471215762607557e+00
-1.362619928084972e+00
-1.452570269158502e+00
-1.443045836806055e+00
-1.588976473452704e+00
-1.414180830136027e+00
-1.617976852003555e+00
-1.347606665641964e+00
-1.448029850583189e+00
-1.536470427476164e+00
-1.377794060206749e+00
-1.503239892424167e+00
-1.280383401798824e+00
-1.332597760215273e+00
-1.606302108410571e+00
-1.295710181759303e+00
-1.637147673115730e+00
-1.631239271774649e+00
-1.355042703942262e+00
-1.394043156705355e+00
-1.594849337450507e+00
-1.631879131207566e+00
-1.619896646656082e+00
-1.324958104840319e+00
-1.394496290262000e+00
-1.498254648731808e+00
-1.374985845412306e+00
-1.486730698606372e+00
-1.580511873722706e+00
-1.595720440094142e+00
-1.414225740899071e+00
-1.326173810708769e+00
-1.635128843429287e+00
-1.422540597474577e+00
-1.375288853897971e+00
-1.341988714940183e+00
-1.635665400024786e+00
-1.594614487600396e+00
-1.514989305962846e+00
-1.590135572574568e+00
-1.426080914089549e+00
-1.637981591415932e+00
-1.629765299954008e+00
-1.434336465927156e+00
-2.486721519702781e+00
-1.552148118907131e+00
-1.297771427142865e+00
-1.351011252907208e+00
-1.352144119858304e+00
-1.421575928486555e+00
-1.370889374631921e+00
-1.644725123253583e+00
-1.622423952411947e+00
-1.305268478071363e+00
-1.639055036865815e+00
-1.372552555035712e+00
-1.563649917157019e+00
-1.635885487506822e+00
-1.433630465734034e+00
-1.430626755639197e+00
-1.629663767385798e+00
-1.609865314299877e+00
-1.629010792067217e+00
-1.382611176681104e+00
-1.448812565205336e+00
-1.641908707300691e+00
-1.633504656046395e+00
-2.482115280989675e+00
-1.257712574004645e+00
-1.344000017518123e+00
-1.672055554115825e+00
-1.592379377992691e+00
-1.402891952961357e+00
-1.578438032901094e+00
-1.283896625954421e+00
-1.354495263109003e+00
-1.365803193662320e+00
-1.249513852012115e+00
-1.529268654772125e+00
-1.645366156064424e+00
-1.648583359590495e+00
-2.633009038173801e+00
-2.619055440253711e+00
1.000000000000000e-03
-2.618269643941359e+00
1.000000000000000e-03
1.000000000000000e-03
-1.281565520590018e+00
-1.574531314224362e+00
-1.350130620483807e+00
-1.305858246205685e+00
-1.363171184861469e+00
-1.567602323958425e+00
-1.276879642596400e+00
-1.450911073416078e+00
-1.524984204450802e+00
-1.588469717671131e+00
-1.479927055673521e+00
-1.349923981909029e+00
-1.367992708848010e+00
-1.611776465365208e+00
-1.407873224197208e+00
-1.305916528573157e+00
-1.487053196443662e+00
-1.598591195956400e+00
-1.360980408355247e+00
-1.411048712680373e+00
-1.341644914879157e+00
-1.559215315870975e+00
-1.354915784173465e+00
-1.318162159067370e+00
-1.509280055190395e+00
-1.414016685827699e+00
-1.447111663805752e+00
-1.636810381547939e+00
-1.612102657457920e+00
-1.596692766190523e+00
-1.650691588378282e+00
-1.402300311951197e+00
-1.410838650922419e+00
-1.635504907226978e+00
-1.433406455528747e+00
-1.410645598260334e+00
-1.650498684155193e+00
-1.408044420365547e+00
-1.646256947316705e+00
-1.642911770490899e+00
-1.631555910762138e+00
-1.396435292588642e+00
-1.644484617639779e+00
-2.473372391403072e+00
-1.667107189981872e+00
-1.340175190438570e+00
-1.440059957868219e+00
-1.659508506076116e+00
-1.649189802718574e+00
-1.669393727089956e+00
-1.352823720108744e+00
-1.646654325433807e+00
-1.434744763907319e+00
-1.630482229911852e+00
-2.467931953200798e+00
-1.674111679983055e+00
-1.419604632127635e+00
-1.613697822898818e+00
-2.473736414660725e+00
-2.461539989064265e+00
-1.400854146394114e+00
-1.644908214153790e+00
-1.599577893058498e+00
-1.402267266095169e+00
-1.433456650964528e+00
-1.661180676852346e+00
-1.654981261479739e+00
-1.414386076893915e+00
-1.606945165961666e+00
-1.459624339666711e+00
-1.601182325641423e+00
-1.645310671197387e+00
-1.393789572693351e+00
-1.442865979550964e+00
-1.616426482673053e+00
-1.601600389454727e+00
-1.420341496626761e+00
-1.638143183880183e+00
-1.368793213004739e+00
-1.640117357567281e+00
-2.465819380768421e+00
-2.472396609610914e+00
-1.624651808271787e+00
-1.660308279329263e+00
-2.486074964561324e+00
-2.449810939461628e+00
-2.488183383551098e+00
-1.637230535386047e+00
-1.644112515668133e+00
-1.647805412477570e+00
-1.648527269141152e+00
-2.475996818325792e+00
-2.467493454173315e+00
-1.683325010664495e+00
-1.631104114374417e+00
-1.641366302019222e+00
-2.462762228827926e+00
-2.444418533165079e+00
-1.653583227636904e+00
-1.447338169169397e+00
-1.658117280816861e+00
-1.644252953026887e+00
-1.594618955822908e+00
-1.375703377508078e+00
-1.397832815347987e+00
-1.459447006280114e+00
-1.632629770870580e+00
-1.444505201038031e+00
-1.616632212492821e+00
-1.670853510171667e+00
-1.405835752487806e+00
-1.634618559865259e+00
-1.429461920660537e+00
-1.387519394369375e+00
-1.577848744556033e+00
-1.476419895754740e+00
-1.629778187412504e+00
-1.621885486894944e+00
-1.403103529728428e+00
-1.652284760634244e+00
-1.398461602235572e+00
-1.553770488179641e+00
-1.288071131750777e+00
-1.617266883821592e+00
-1.413883496192413e+00
-1.415271799364636e+00
-1.406196931392912e+00
-1.657035778918284e+00
-1.634483710586398e+00
-1.657075313558009e+00
-2.476698935328529e+00
-2.465174995182892e+00
-1.646468970341201e+00
-1.427424206246162e+00
-1.583045582292168e+00
-1.418427059445513e+00
-1.574113312743546e+00
-1.443187961109419e+00
-1.389122399794789e+00
-1.615962821963480e+00
-1.363918993758054e+00
-1.620143362262332e+00
-1.322354703548707e+00
-1.616513899163258e+00
-1.451107203183163e+00
-1.624423150827275e+00
-1.658413256650621e+00
-1.646264953444018e+00
-1.404203184158228e+00
-1.305797352376391e+00
-1.604883818910613e+00
-1.428455302015992e+00
-1.629803793443940e+00
-1.426179547456504e+00
-1.573049379860909e+00
-1.693694762155840e+00
-1.340120793706883e+00
-1.265867988689609e+00
-1.412742962967261e+00
-1.648537660597905e+00
-1.647695406669569e+00
-1.258091112807062e+00
-1.373066357704173e+00
-1.427724907089755e+00
-1.356936930676224e+00
-1.286985718865826e+00
-1.653015472581181e+00
-1.620806461526466e+00
-1.354198031971901e+00
-1.444611524438303e+00
-1.645713873930759e+00
-1.650418589356818e+00
-1.412329587346722e+00
-1.397114092917743e+00
-1.594651024530922e+00
-1.508531576151389e+00
-1.338985350088802e+00
-1.667993940567511e+00
-2.461998295396980e+00
-1.646670803377706e+00
-1.643847164591632e+00
-2.619166476292674e+00
-2.637587451215119e+00
1.000000000000000e-03
1.000000000000000e-03
-2.477873112490420e+00
-2.475140814785127e+00
-1.647175130969369e+00
-1.649870347056126e+00
-1.428705904801814e+00
-1.628245987544510e+00
-1.645134309960583e+00
-2.464699642533145e+00
-2.473361918897722e+00
-1.640598488090132e+00
-1.646640261381560e+00
-2.472746941749215e+00
-1.650663128811566e+00
-2.461064605790584e+00
-2.465828128680271e+00
-1.656168138750021e+00
-1.643582692659719e+00
-1.644391025245418e+00
-2.473643223135510e+00
-1.643795848275219e+00
-2.474624496877428e+00
-1.646530310174204e+00
-2.634220632146002e+00
-2.617608142242738e+00
1.000000000000000e-03
-1.644531749125745e+00
-2.481482410241906e+00
-2.495525426643260e+00
-1.639227862365426e+00
-2.474805108919198e+00
-1.631291944865500e+00
-1.642413492295372e+00
-2.477252170622817e+00
-1.640469510665463e+00
-2.634127562815734e+00
1.000000000000000e-03
1.000000000000000e-03
-1.644954692352846e+00
-2.480426077479559e+00
-1.644333234528705e+00
-1.637036435858389e+00
-2.486622850424454e+00
-2.476181210380927e+00
-1.635425657399465e+00
-2.483183607365024e+00
-1.642608768610363e+00
-2.496389348664665e+00
-2.636986606022818e+00
-2.629874666511981e+00
1.000000000000000e-03
-2.484412271182893e+00
-1.640147502728881e+00
-1.647570202830946e+00
-2.618760496686688e+00
1.000000000000000e-03
1.000000000000000e-03
-1.640386446750715e+00
-2.634490084969433e+00
1.000000000000000e-03
-2.631207366013958e+00
-2.620143597281547e+00
1.000000000000000e-03
1.000000000000000e-03
-1.640896583888868e+00
-2.487374615895945e+00
-1.645101213893995e+00
-1.649228408040795e+00
-2.462736677255152e+00
-2.488549349574861e+00
-1.641609565537732e+00
-2.461765474768749e+00
-1.648423538146482e+00
-2.461335739621818e+00
-2.480788031846679e+00
-1.641669138357265e+00
-1.642135901194852e+00
-1.648481493992898e+00
-2.616804523112137e+00
1.000000000000000e-03
-2.639612303925582e+00
1.000000000000000e-03
-1.644888861191212e+00
-2.461294137097915e+00
-1.671066125857702e+00
-1.637798202702020e+00
-2.461686547792822e+00
-2.475469352551946e+00
-1.637286565769827e+00
-1.645372118110937e+00
-2.483000955106792e+00
-1.655533935992990e+00
-2.472890598004900e+00
-2.475721006982253e+00
-1.633844182953616e+00
-1.447912769590600e+00
-2.496203480073914e+00
-2.457450491922104e+00
-2.452427748684822e+00
-1.648854347731558e+00
-1.663209667750243e+00
-2.464892138319624e+00
-2.476353195709943e+00
-2.625444366727140e+00
1.000000000000000e-03
-1.673437873093877e+00
-1.630932670809029e+00
-2.448483858088951e+00
-1.669269942015494e+00
-1.398382849844511e+00
-2.469690383217927e+00
-2.478994492770460e+00
-1.644264426439726e+00
-1.641048913148356e+00
-2.625522264132564e+00
-2.615931212285319e+00
1.000000000000000e-03
-2.631074247066232e+00
1.000000000000000e-03
-2.469961702577412e+00
-1.644275328719968e+00
-2.619387497414369e+00
-2.638060604978901e+00
1.000000000000000e-03
-2.476536905299594e+00
-2.491672190932722e+00
-1.629925840183876e+00
-1.647119501629807e+00
-2.467518986933151e+00
-1.635692680686463e+00
-1.640103855427510e+00
-2.474934235637582e+00
-1.628475630203420e+00
-1.406288931373572e+00
-1.649107564775216e+00
-2.485605965879940e+00
-1.660035685067775e+00
-1.639060048681299e+00
-1.403733251551673e+00
-1.412565464468827e+00
-2.462095301881578e+00
-1.641691227206084e+00
-2.473102573147391e+00
-1.644726576157305e+00
-1.442410605377836e+00
-1.393156939732563e+00
-2.478814632991374e+00
-1.424370983746751e+00
-1.372540478969608e+00
-1.613853805829172e+00
-1.606651980003481e+00
-2.471526939927998e+00
-2.480624692034831e+00
-1.631278708012622e+00
-2.462873120411585e+00
-1.641731266559493e+00
-2.474021192531505e+00
-2.468682211054397e+00
-1.645971560461422e+00
-2.635318778341611e+00
-2.626443910841505e+00
1.000000000000000e-03
-1.644741355628310e+00
-1.635468056625854e+00
-2.616950101653302e+00
1.000000000000000e-03
-2.622158477992388e+00
1.000000000000000e-03
-2.637173745917558e+00
1.000000000000000e-03
1.000000000000000e-03
-1.634921292164596e+00
-1.652666864835387e+00
-1.639448723994533e+00
-2.635934502200547e+00
1.000000000000000e-03
-1.653446640159897e+00
-1.646130957567981e+00
-2.616591405329586e+00
1.000000000000000e-03
-2.635450916288229e+00
-2.618322584193485e+00
1.000000000000000e-03
-2.634168922971085e+00
1.000000000000000e-03
1.000000000000000e-03
-2.618478007474830e+00
1.000000000000000e-03
-1.644749470713745e+00
-2.633669505304601e+00
1.000000000000000e-03
1.000000000000000e-03
-2.614010767344603e+00
1.000000000000000e-03
-1.649667478181394e+00
-1.653885698874300e+00
-2.634061119002416e+00
1.000000000000000e-03
-2.629038897989437e+00
1.000000000000000e-03
-2.633738469488649e+00
1.000000000000000e-03
-1.645506131893938e+00
-1.648832396954417e+00
-2.616564327442929e+00
-2.637018339598329e+00
1.000000000000000e-03
1.000000000000000e-03
-1.648631155441172e+00
-1.645328783365107e+00
-2.616449854354236e+00
1.000000000000000e-03
-2.635716548021394e+00
1.000000000000000e-03
1.000000000000000e-03
-1.640930800724420e+00
-1.636920267882688e+00
-2.620716338581115e+00
-2.616770409738880e+00
-2.629676469664268e+00
1.000000000000000e-03
-2.639028753042777e+00
-2.617323821965120e+00
1.000000000000000e-03
1.000000000000000e-03
-2.617963691043961e+00
-2.627241698804521e+00
1.000000000000000e-03
-1.648962967478872e+00
-1.648312861181068e+00
1.000000000000000e-03
1.000000000000000e-03
-2.629008033312942e+00
1.000000000000000e-03
-2.470734998503648e+00
-1.650789304845125e+00
-1.646332257500906e+00
-1.631178534965704e+00
-2.618520406460017e+00
1.000000000000000e-03
-2.616500951651842e+00
1.000000000000000e-03
-1.648025703470784e+00
-2.630165315606332e+00
-1.360456629038934e+00
-1.331129359087110e+00
-1.342508831572820e+00
-1.600117858392699e+00
-1.449688272753515e+00
-2.615495334167869e+00
-2.621372333261782e+00
1.000000000000000e-03
1.000000000000000e-03
-2.632141802108762e+00
1.000000000000000e-03
-2.615600256729586e+00
-1.644220040956779e+00
-2.472802612358124e+00
-2.631460146396907e+00
1.000000000000000e-03
-1.640593386596522e+00
-2.630944631650659e+00
-1.645729001191044e+00
1.000000000000000e-03
1.000000000000000e-03
-2.615980663943123e+00
-2.618102183135348e+00
-2.635721687554616e+00
-2.625090816692434e+00
1.000000000000000e-03
1.000000000000000e-03
1.000000000000000e-03
-2.614142530611228e+00
-1.644274855181502e+00
-2.626150163923038e+00
-2.632870589628504e+00
1.000000000000000e-03
1.000000000000000e-03
1.000000000000000e-03
-2.638110986091482e+00
-2.620226890975334e+00
-1.642709663134714e+00
-1.642164510890803e+00
-2.481912665437187e+00
1.000000000000000e-03
1.000000000000000e-03
-1.646069038477343e+00
-2.618321413573220e+00
-2.636616805113604e+00
-1.648841790039706e+00
1.000000000000000e-03
1.000000000000000e-03
1.000000000000000e-03
-2.634162226493366e+00
-2.616375563078287e+00
-1.644346171658925e+00
-2.468554535052272e+00
-1.645574317320585e+00
1.000000000000000e-03
1.000000000000000e-03
-1.383645732117070e+00
-1.345227837984235e+00
-1.619275351279990e+00
-1.609262215266044e+00
-1.322810582516603e+00
-1.465953913166626e+00
-1.289044808799759e+00
-1.536028596008007e+00
-1.312711161655737e+00
-1.424653790158518e+00
-1.601797681055713e+00
-1.417157022949461e+00
-1.656212924822740e+00
-1.647295107224307e+00
-1.655240134392677e+00
-2.466596672449434e+00
-2.465711435227296e+00
-2.461424405645966e+00
-1.643081091075461e+00
-2.630053111848767e+00
-1.639360280127370e+00
-2.480829543979830e+00
1.000000000000000e-03
-2.617276174386431e+00
1.000000000000000e-03
-1.646962194148148e+00
-2.617985855183796e+00
-1.643689012961402e+00
1.000000000000000e-03
1.000000000000000e-03
-2.620581363245773e+00
-1.650380029363213e+00
1.000000000000000e-03
1.000000000000000e-03
-2.613258581454421e+00
-2.616706167914348e+00
-1.643426107643669e+00
-2.627948546549517e+00
-1.649792595831883e+00
1.000000000000000e-03
1.000000000000000e-03
1.000000000000000e-03

FIELD FieldData 25
Ux  1  1102  double
1.162048022147755e-07
-9.681759025742531e-08
3.898746759115057e-08
-4.628142789148137e-08
-2.016519352610047e-07
4.717782739471765e-07
7.596905071682869e-07
5.455306393842285e-07
7.634199113426554e-07
5.630344625529027e-07
-2.775923004794123e-07
-2.000587034922674e-07
-1.220405049795481e-07
-9.355548602485442e-08
-2.726791253904182e-08
-3.539478729552847e-08
1.901034879514540e-07
3.018295742507338e-07
1.916501354837230e-07
1.347061484441303e-07
2.869966684859726e-07
2.546447097490079e-07
9.296658678992209e-08
-4.009478546396217e-07
-3.682463095011634e-07
-6.730096752116665e-07
-5.783469345099768e-07
-4.926271414129602e-07
-7.986325759601343e-07
-7.166562234206530e-07
-6.630984713540400e-07
-4.887062315384050e-07
-5.105354584644672e-07
-4.497458135355181e-07
-2.387786127155955e-07
-2.507666914675077e-07
5.155009654145282e-07
7.474885592162472e-07
6.832977051951517e-07
5.015785798923034e-07
4.659899910941512e-07
2.711812095435029e-07
5.209429569386081e-07
8.272294469979791e-07
6.419430202964094e-07
4.760299694428483e-07
4.868480118491725e-07
2.458259510396132e-07
4.467635112415103e-07
-3.404242609750252e-07
-3.547402360332130e-07
-4.763175388000640e-07
-2.360590390937389e-07
-5.025799239000150e-07
-6.303082012160122e-07
-5.292760967001708e-07
-6.223635513613601e-07
-4.821265378457396e-07
-4.441876255700805e-07
-7.890762641071802e-07
-1.026020098660041e-06
-8.714457502834172e-07
-1.001123113630875e-06
-8.890968917207864e-07
-1.147536480672340e-06
-9.707535387204480e-07
-6.548926275232181e-08
1.892869705942546e-08
-2.421940040672754e-07
-2.857620007082340e-07
5.224502893919070e-07
3.473537404097282e-07
6.548979859660742e-07
8.674668453279022e-07
1.918405368381282e-07
1.001244356368947e-06
-1.305912124327513e-06
-1.473629526238529e-06
-1.197678246633860e-06
-1.070620084531182e-06
-1.151179251923651e-06
-1.061481970876521e-06
-1.414992907011747e-06
-1.311542356607909e-06
-1.285701186015675e-06
-1.277223457663013e-06
-6.110215435978228e-07
-4.260607042450015e-07
-1.375063140296451e-06
-1.378653257166906e-06
-1.467866327209411e-06
-1.158348397145570e-06
-1.269403041570527e-06
-1.276275241268721e-06
-9.858298970488732e-07
-1.186472689207463e-06
-9.420584284325351e-07
-1.139245227821384e-06
-1.348883620633234e-06
-1.288922166109430e-06
-7.212485723107065e-07
-1.436154215495034e-06
-1.544594870062088e-06
-1.443480833918098e-06
-1.549677213386058e-06
-1.536040392213778e-06
3.455363322413252e-07
2.113820568167002e-07
6.058770868760943e-07
6.917898308089754e-07
7.872945014808508e-07
4.623725841368387e-07
4.524468641686763e-07
1.427892204718118e-07
-1.390229012798727e-06
-1.179042257437590e-06
-1.366294575533278e-06
-1.488926311021821e-06
-1.454911051579355e-06
-9.710263592643820e-07
-9.327843045192630e-07
-8.118001909168671e-07
-5.157998094196259e-07
-1.143152275673298e-06
-1.024721134168516e-06
9.910042935434848e-07
7.199161810786392e-08
3.832056871128087e-07
7.305569068860596e-07
2.560523972433559e-07
5.743631827509477e-07
2.846421125841589e-08
2.356883904500173e-07
-1.039225263066434e-07
5.593236882539543e-07
6.184882710424944e-07
1.303611269418137e-07
3.337187083687909e-07
1.312148980137096e-06
1.232274116247378e-06
1.113441172845286e-06
1.366800724267314e-06
1.244609295708576e-06
1.441664111562213e-06
1.469373229312509e-06
1.029269173946634e-06
7.870109918484136e-07
8.179025156596076e-07
-8.863114729917854e-07
-1.170259857075084e-06
-1.044170234110187e-06
-1.028796270508003e-06
-8.755281131200832e-07
1.325297018128779e-06
1.351024280726865e-06
1.455186257215413e-06
1.451167052912705e-06
1.259656987662172e-06
1.386130246194828e-06
-1.179497239989225e-06
-8.432660034696227e-07
-1.060816783693408e-06
-8.622380927580942e-07
-9.604146954389492e-07
8.402162216814002e-07
7.924327416752863e-07
8.556456311814564e-07
6.454192179594642e-07
6.402271575389751e-07
3.732850131499266e-07
4.386529386390947e-07
5.393967122957477e-07
4.409702457908171e-07
5.811555079393571e-07
1.188671426538557e-06
1.020152972430743e-06
1.148451707427833e-06
1.282964189719404e-06
1.065571912234331e-06
1.014918184383262e-06
1.138181451920683e-06
9.630129868820614e-07
-5.813845581348343e-07
-7.176588462387556e-07
-5.918691670658838e-07
-4.643582517116496e-07
-4.050165389180016e-07
-7.187020091281582e-07
-5.512568709009624e-07
1.350127584787142e-06
1.453971206821780e-06
1.496770019149274e-06
1.535831512022856e-06
1.391854190263553e-06
1.237622539590477e-06
-1.218287225629444e-06
-1.049131602121056e-06
-1.080295680577770e-06
-1.241991164108169e-06
6.807691194654630e-07
7.851125133351289e-07
8.870887855394471e-07
6.179749517665201e-07
9.628695308849800e-07
-7.874072632807483e-07
-6.614229736690014e-07
-8.327473870195501e-07
-6.482336102897612e-07
-9.586942256445408e-07
-4.032485621252579e-07
-4.389882000688239e-07
-3.207920330761116e-07
-2.487709307857910e-07
-2.397922267138863e-07
-1.875374125992479e-07
-1.635143297984420e-07
-3.065854456418826e-07
-5.918051848574635e-08
-4.578018819589857e-08
5.411660697340892e-08
1.044809743722119e-07
4.719334555092214e-08
2.598989962132592e-08
1.337515699584291e-08
5.551249716850837e-09
-7.226502647950106e-07
-5.762167716027999e-07
-7.065585890531079e-07
-2.773295954272559e-07
-4.298223473531149e-07
-4.105524569752994e-07
-5.569972928998190e-07
-7.417067774961872e-07
-7.280210330140591e-07
-5.064470434690271e-07
-4.871082415758288e-07
-4.845819383536565e-07
-6.926421825537155e-07
5.446217676841059e-07
2.745867812015135e-07
2.775779140984369e-07
4.936274217715031e-07
2.741436472275538e-07
1.364992292640643e-06
1.215380622227036e-06
1.190884507978884e-06
1.100070287252120e-06
8.845053713346651e-07
9.854929731711870e-07
-1.515902644078082e-06
-1.398827505882938e-06
-1.250049841944323e-06
-1.201850149012973e-06
-1.010144508650779e-06
-1.399723079886783e-06
-1.493308827316131e-06
-4.189980321034348e-07
-2.100687356842990e-07
-4.857869893015732e-07
-1.946188366575008e-07
-3.366896809686715e-07
-1.259672505471432e-07
-1.482739611091688e-07
-2.794790774918177e-07
-1.668539899579713e-07
-4.401156133981843e-08
-5.077018028210034e-08
-4.634933942204711e-08
-2.655438473969651e-07
-1.171173326201813e-07
8.588738743299518e-08
-5.502067176171854e-08
8.866252879657921e-07
1.009403081952964e-06
8.029553140720402e-07
7.015784411201764e-07
9.910611214469789e-07
1.207663414881655e-06
1.020309301658084e-06
1.013946715144876e-06
1.208217306369885e-06
7.529414647322596e-07
-1.561902244762159e-06
-1.556883518882834e-06
-1.545173325068205e-06
-1.480364349992769e-06
6.998512878386709e-07
8.646892648289661e-07
7.304291364806925e-07
8.743295702995368e-07
5.761727267794559e-07
6.943869242936884e-07
4.218390233512448e-07
2.845116535768466e-07
1.723732209607531e-07
7.810725259627116e-07
6.214659156178470e-07
5.529206124899044e-07
7.060063273583994e-07
4.134612425626960e-07
-1.455013137585670e-06
-1.388236011645727e-06
-1.261549002734563e-06
-1.329671434097124e-06
-1.264109184023754e-06
-1.139101370617457e-06
-6.729020344820036e-07
-9.576763642105135e-07
-1.088354374179090e-06
-1.147487656838475e-06
-8.893199689996578e-07
-9.796797056371709e-07
3.112076590351676e-10
-2.444833015202708e-07
-3.762759117134640e-07
-7.046930145110375e-07
-5.517024185969222e-07
1.391652647286801e-07
-1.611230275866404e-07
-3.570005691830302e-07
-7.410322381586065e-08
-2.827973177854659e-07
-1.020616242047856e-06
-7.619233426542360e-07
-9.067772499538052e-07
-8.644972597504630e-07
-7.327779236732113e-07
-1.133568811761965e-06
-6.621346707452735e-07
-6.636243402025066e-07
-8.678620997681907e-07
-4.408626928797954e-07
-4.710287650061540e-07
-8.736285941612909e-07
-6.708390312415435e-07
1.548136091211738e-06
1.487020771961944e-06
1.566809975039885e-06
1.333109404866306e-06
1.424281573791930e-06
2.719641499088210e-07
3.432166772038281e-07
1.752931492876586e-07
7.249202078549177e-08
2.180188672790129e-07
3.557409860854843e-07
2.457656439053268e-07
9.511917672677672e-07
1.125862527429078e-06
8.380110211592129e-07
1.111465233738507e-06
-7.996639597995792e-07
-9.766162157587299e-07
-9.931554986741808e-07
-5.790712524766928e-07
-1.126170131648951e-06
-1.134061666047126e-06
1.450625545240669e-07
1.224951239470196e-07
8.856920546973512e-08
3.470052286833059e-08
6.997435138267338e-08
-3.362919914155077e-08
1.192126996452103e-06
1.084486287827868e-06
1.297694565360885e-06
1.300720849917170e-06
1.369850592347621e-06
1.162573662616406e-06
-1.736486651068847e-07
-2.861862782657654e-07
-4.539437793854573e-07
-3.167397214579037e-07
2.854130693313861e-07
2.799945679476945e-07
1.484297874540519e-07
-2.891312977666011e-08
3.962212384925334e-08
1.532785383825952e-07
-5.857653445767719e-07
-8.052036851169397e-07
-8.596355796641753e-07
-1.071622732023991e-06
3.961952674547131e-07
2.564260028203869e-07
1.281774662520441e-07
1.413470963051999e-07
2.012610387791547e-07
3.298679125962600e-07
2.607081083794149e-07
8.581977611887837e-07
9.803235757055440e-07
1.055396698035338e-06
1.030443365246381e-06
8.927682405013293e-07
8.784559882846210e-07
-1.324757617937600e-06
-1.165655260149112e-06
-9.616260517320008e-07
-9.154166696334620e-07
-1.129952060419104e-06
-1.346103258748066e-06
1.493129453467024e-06
1.469543543186624e-06
1.394963834944196e-06
1.402789416182770e-06
1.172488166500951e-06
1.330120963261017e-06
-2.949900887866397e-07
-4.956195641669936e-07
-3.621325044417256e-07
-4.318013288179268e-07
1.542891562067439e-06
1.499577290342557e-06
1.536801591317527e-06
1.560239113407302e-06
-1.696873037915214e-07
-7.393057033372452e-07
-6.335198882989612e-07
-5.063465872701123e-07
-3.757680567539889e-07
4.512296920972103e-07
4.031246941815780e-07
2.084090431897501e-07
4.612611232412966e-07
2.586188707909276e-07
6.012163841218054e-07
4.388355322459958e-07
8.231220296472941e-07
7.770110060367763e-07
5.323803846102315e-07
7.069150402272406e-07
6.232314775367342e-07
1.161651143888331e-06
1.112146798876168e-06
9.615925322670194e-07
7.598938752129136e-07
9.942258393236258e-07
1.193170069524463e-06
4.921743294306058e-07
6.509153461509154e-07
4.681457460575800e-07
4.780568957640785e-07
1.493853350797991e-06
1.399652019340447e-06
1.403954496437265e-06
1.259679237392008e-06
1.386699826133597e-06
-1.323547090745225e-07
-1.519875686556427e-07
-3.044677368557736e-07
-3.118749718200586e-07
-6.271790630731858e-09
-5.798309082177822e-08
-1.712766378933472e-07
1.171835832092238e-06
1.274706406151349e-06
1.122045430179686e-06
9.494221798744817e-07
9.743299410336359e-07
-1.499968658447148e-06
-1.399578303362681e-06
-1.402635495528770e-06
-1.288242820751684e-06
-1.396012265397761e-06
-1.424971837263311e-07
-8.917529329549589e-08
-2.479022416096432e-07
-1.514426096194121e-07
-6.920212270583592e-08
-4.980890278352690e-08
-1.825338338534710e-07
-2.628431275963905e-07
-3.921308826815295e-07
-2.195503609192517e-07
-1.147712521687438e-07
-1.676111557880056e-07
-5.778520895116657e-08
-1.145831140664244e-07
-1.051860134132498e-07
-1.992665620148548e-07
-1.634051432775063e-07
-3.229004496424492e-08
-7.627200113158317e-08
1.464518957633443e-07
5.223458773156997e-08
6.747274854113083e-08
1.316664992225686e-08
9.366403967980830e-07
7.285756200015037e-07
9.806135352063983e-07
1.082747377423310e-06
1.154550864357340e-06
5.113338766293829e-08
9.447476947976874e-08
5.873706869496953e-08
4.776023992958400e-08
1.200965722703007e-08
-5.259561919324085e-07
-3.603996279188948e-07
-5.990186788817908e-07
-7.130771793595336e-07
-3.832078268595218e-07
-1.754518444974096e-07
-5.176202382273232e-07
-2.731951640466690e-07
-2.734587410957445e-07
-5.364678549724111e-07
-5.439229009973623e-07
-2.742067833905182e-07
-2.763311678366520e-07
-2.664716228228947e-07
-5.223610334836870e-07
-5.140753158161537e-07
-7.416903868850966e-07
-9.940305067956956e-07
-7.345223544952262e-07
-7.080875672471620e-07
-2.108865387179248e-08
-3.865691148435824e-08
-7.540634108793576e-08
-6.640030156268573e-08
-1.622996011196864e-08
4.910627977583459e-07
5.060147726387854e-07
2.469977721797356e-07
2.577647346124756e-07
7.295810511287470e-07
-2.612927237910512e-07
-7.841783478124142e-08
0.000000000000000e+00
0.000000000000000e+00
-8.584111749199153e-08
0.000000000000000e+00
7.762545605749516e-07
9.833510568602044e-07
9.038086878909724e-07
1.098831867274441e-06
1.231369826881767e-06
3.347596773117800e-07
1.633486551022578e-07
1.660621324339751e-07
3.492588053211065e-07
1.856672033895279e-07
5.243416956179914e-08
-7.634690965541147e-08
0.000000000000000e+00
-1.965380809487716e-08
-3.137134654829232e-08
0.000000000000000e+00
-1.477255249793252e-07
-1.310960041633891e-07
-4.520501467597526e-08
-4.365314693055566e-08
0.000000000000000e+00
0.000000000000000e+00
0.000000000000000e+00
4.887194059166600e-08
2.351156169755342e-08
1.904571159117019e-08
-4.631488522560678e-09
3.048082824336218e-09
-5.791614045569382e-07
-3.973496804365872e-07
-4.008473801220269e-07
-4.011834892070354e-07
-7.616885966399423e-07
-5.611384052972568e-07
0.000000000000000e+00
0.000000000000000e+00
0.000000000000000e+00
0.000000000000000e+00
0.000000000000000e+00
0.000000000000000e+00
0.000000000000000e+00
0.000000000000000e+00
-7.850376795154324e-08
-6.895775138404669e-08
-7.011498753817236e-08
-1.616431088147241e-07
-3.440023155915073e-08
-6.970985866883161e-07
-9.611679335219669e-07
-8.237290016199772e-07
-7.686601488643419e-07
-6.551240456231788e-07
-7.687319907301315e-07
-4.997053817956676e-07
-5.124859834837459e-07
-2.684389408535992e-07
-8.343978691316423e-08
6.135143154062384e-07
4.953440164157108e-07
4.615448051525917e-07
5.004907780437051e-07
3.805542672097317e-07
-1.899398946181297e-07
-3.346303445173060e-07
-2.327984610639433e-07
-2.687201273443574e-07
-3.303845644564429e-07
-7.618433772726974e-08
-7.252466560636606e-08
0.000000000000000e+00
-2.418581998564484e-07
-2.198308214906852e-07
0.000000000000000e+00
-8.359378561584307e-08
-8.602473189345261e-08
0.000000000000000e+00
-8.667895362579614e-08
8.105239085454130e-08
0.000000000000000e+00
8.321761912899461e-08
2.559041727412392e-07
2.719296357533985e-07
0.000000000000000e+00
-8.331733081234916e-08
0.000000000000000e+00
0.000000000000000e+00
0.000000000000000e+00
3.115183977442371e-08
3.829196407179047e-08
0.000000000000000e+00
1.021046904525758e-07
0.000000000000000e+00
4.247220319886225e-08
0.000000000000000e+00
4.576274459378027e-08
0.000000000000000e+00
0.000000000000000e+00
0.000000000000000e+00
5.358994303872322e-08
0.000000000000000e+00
0.000000000000000e+00
0.000000000000000e+00
-6.493666365736672e-08
0.000000000000000e+00
-2.129520292326603e-07
-6.192128398918584e-08
-6.666994517567915e-08
0.000000000000000e+00
0.000000000000000e+00
2.037121263342989e-08
0.000000000000000e+00
2.346224048377366e-08
0.000000000000000e+00
0.000000000000000e+00
2.650965252870563e-08
7.455235256914605e-08
2.254735946838338e-07
2.339592968803039e-07
7.305665261636562e-08
0.000000000000000e+00
-4.036818487818117e-08
0.000000000000000e+00
0.000000000000000e+00
0.000000000000000e+00
0.000000000000000e+00
0.000000000000000e+00
0.000000000000000e+00
0.000000000000000e+00
0.000000000000000e+00
0.000000000000000e+00
0.000000000000000e+00
0.000000000000000e+00
0.000000000000000e+00
0.000000000000000e+00
0.000000000000000e+00
0.000000000000000e+00
0.000000000000000e+00
0.000000000000000e+00
0.000000000000000e+00
0.000000000000000e+00
0.000000000000000e+00
-3.570307166578246e-08
0.000000000000000e+00
-1.191704128711280e-07
-9.163591785377179e-08
-2.813634913945151e-08
7.739387652971885e-08
8.067036227910052e-08
0.000000000000000e+00
-7.392241180292913e-08
-2.309093014019048e-07
-2.179024533033314e-07
-7.282699537869419e-08
0.000000000000000e+00
-7.868213580675132e-08
8.377420301908245e-08
2.646557739627298e-07
8.247764315960637e-08
0.000000000000000e+00
0.000000000000000e+00
7.083243508398951e-08
2.295509602401324e-07
4.618863400640549e-07
2.339841526644015e-07
4.274475208232431e-07
2.074190205147985e-07
8.390542050040750e-08
8.266374423859801e-08
8.604649553989319e-08
0.000000000000000e+00
0.000000000000000e+00
0.000000000000000e+00
0.000000000000000e+00
0.000000000000000e+00
-1.940841057312959e-07
-6.008405978308318e-08
-2.062426797677652e-07
-7.172050298098753e-08
-8.636196924260986e-09
5.907011546568697e-09
1.469286003454029e-08
1.604179752923152e-08
2.744144674826643e-07
1.253999832029340e-07
2.112623911365574e-07
1.024302659080600e-07
3.393759040459798e-08
0.000000000000000e+00
0.000000000000000e+00
-2.634737726325831e-07
-8.334823808908709e-08
-4.824780112655525e-07
-2.489842089725691e-07
-8.128158979214817e-08
0.000000000000000e+00
5.594930879704307e-08
1.980851354055346e-07
2.142438675356573e-07
3.858328833650226e-07
3.760132604724298e-07
6.695023557767854e-08
1.900124493858790e-07
1.676843178199938e-07
3.230904936923906e-07
3.722951115725515e-07
5.779813183615090e-08
4.885055115977366e-08
2.706868913460170e-07
1.374159714351286e-07
1.621155471531743e-07
3.924788893883147e-08
4.209646248254373e-08
0.000000000000000e+00
0.000000000000000e+00
8.551652386223907e-08
8.330556888758167e-08
2.708611653301496e-07
7.466789562760034e-07
5.260668057283091e-07
0.000000000000000e+00
0.000000000000000e+00
0.000000000000000e+00
0.000000000000000e+00
0.000000000000000e+00
0.000000000000000e+00
0.000000000000000e+00
0.000000000000000e+00
0.000000000000000e+00
0.000000000000000e+00
0.000000000000000e+00
0.000000000000000e+00
7.084853198557894e-08
0.000000000000000e+00
0.000000000000000e+00
0.000000000000000e+00
0.000000000000000e+00
0.000000000000000e+00
0.000000000000000e+00
0.000000000000000e+00
0.000000000000000e+00
0.000000000000000e+00
0.000000000000000e+00
0.000000000000000e+00
0.000000000000000e+00
0.000000000000000e+00
0.000000000000000e+00
0.000000000000000e+00
0.000000000000000e+00
0.000000000000000e+00
0.000000000000000e+00
0.000000000000000e+00
0.000000000000000e+00
0.000000000000000e+00
0.000000000000000e+00
0.000000000000000e+00
0.000000000000000e+00
0.000000000000000e+00
0.000000000000000e+00
0.000000000000000e+00
0.000000000000000e+00
0.000000000000000e+00
0.000000000000000e+00
0.000000000000000e+00
0.000000000000000e+00
0.000000000000000e+00
0.000000000000000e+00
0.000000000000000e+00
0.000000000000000e+00
0.000000000000000e+00
0.000000000000000e+00
0.000000000000000e+00
0.000000000000000e+00
0.000000000000000e+00
0.000000000000000e+00
0.000000000000000e+00
0.000000000000000e+00
0.000000000000000e+00
0.000000000000000e+00
0.000000000000000e+00
0.000000000000000e+00
0.000000000000000e+00
0.000000000000000e+00
0.000000000000000e+00
0.000000000000000e+00
0.000000000000000e+00
0.000000000000000e+00
0.000000000000000e+00
0.000000000000000e+00
0.000000000000000e+00
0.000000000000000e+00
0.000000000000000e+00
0.000000000000000e+00
0.000000000000000e+00
0.000000000000000e+00
0.000000000000000e+00
0.000000000000000e+00
0.000000000000000e+00
0.000000000000000e+00
0.000000000000000e+00
0.000000000000000e+00
0.000000000000000e+00
0.000000000000000e+00
0.000000000000000e+00
0.000000000000000e+00
0.000000000000000e+00
0.000000000000000e+00
0.000000000000000e+00
0.000000000000000e+00
0.000000000000000e+00
0.000000000000000e+00
0.000000000000000e+00
0.000000000000000e+00
0.000000000000000e+00
0.000000000000000e+00
0.000000000000000e+00
0.000000000000000e+00
0.000000000000000e+00
0.000000000000000e+00
0.000000000000000e+00
0.000000000000000e+00
0.000000000000000e+00
-9.304168886725694e-09
0.000000000000000e+00
0.000000000000000e+00
0.000000000000000e+00
0.000000000000000e+00
0.000000000000000e+00
0.000000000000000e+00
0.000000000000000e+00
0.000000000000000e+00
0.000000000000000e+00
0.000000000000000e+00
0.000000000000000e+00
0.000000000000000e+00
0.000000000000000e+00
6.692750759151878e-08
0.000000000000000e+00
0.000000000000000e+00
0.000000000000000e+00
0.000000000000000e+00
0.000000000000000e+00
0.000000000000000e+00
0.000000000000000e+00
0.000000000000000e+00
0.000000000000000e+00
0.000000000000000e+00
0.000000000000000e+00
0.000000000000000e+00
0.000000000000000e+00
0.000000000000000e+00
0.000000000000000e+00
0.000000000000000e+00
0.000000000000000e+00
0.000000000000000e+00
0.000000000000000e+00
0.000000000000000e+00
0.000000000000000e+00
0.000000000000000e+00
0.000000000000000e+00
-5.911819500603599e-08
0.000000000000000e+00
0.000000000000000e+00
0.000000000000000e+00
0.000000000000000e+00
-8.154259670267727e-09
-4.231051231595728e-09
0.000000000000000e+00
0.000000000000000e+00
0.000000000000000e+00
0.000000000000000e+00
6.616866138342559e-08
5.770409389205255e-08
0.000000000000000e+00
6.025066636716758e-07
4.185970575720788e-07
5.716443509662383e-07
1.994262554538828e-07
0.000000000000000e+00
0.000000000000000e+00
0.000000000000000e+00
0.000000000000000e+00
0.000000000000000e+00
0.000000000000000e+00
0.000000000000000e+00
0.000000000000000e+00
0.000000000000000e+00
0.000000000000000e+00
0.000000000000000e+00
0.000000000000000e+00
0.000000000000000e+00
0.000000000000000e+00
0.000000000000000e+00
0.000000000000000e+00
0.000000000000000e+00
0.000000000000000e+00
0.000000000000000e+00
0.000000000000000e+00
0.000000000000000e+00
0.000000000000000e+00
0.000000000000000e+00
0.000000000000000e+00
0.000000000000000e+00
0.000000000000000e+00
0.000000000000000e+00
0.000000000000000e+00
0.000000000000000e+00
0.000000000000000e+00
0.000000000000000e+00
0.000000000000000e+00
0.000000000000000e+00
0.000000000000000e+00
0.000000000000000e+00
0.000000000000000e+00
0.000000000000000e+00
0.000000000000000e+00
0.000000000000000e+00
0.000000000000000e+00
0.000000000000000e+00
0.000000000000000e+00
0.000000000000000e+00
0.000000000000000e+00
0.000000000000000e+00
0.000000000000000e+00
0.000000000000000e+00
0.000000000000000e+00
0.000000000000000e+00
0.000000000000000e+00
0.000000000000000e+00
0.000000000000000e+00
0.000000000000000e+00
0.000000000000000e+00
0.000000000000000e+00
0.000000000000000e+00
0.000000000000000e+00
0.000000000000000e+00
0.000000000000000e+00
0.000000000000000e+00
0.000000000000000e+00
0.000000000000000e+00
0.000000000000000e+00
0.000000000000000e+00
0.000000000000000e+00
0.000000000000000e+00
0.000000000000000e+00
0.000000000000000e+00
0.000000000000000e+00
0.000000000000000e+00
0.000000000000000e+00
0.000000000000000e+00
0.000000000000000e+00
0.000000000000000e+00
0.000000000000000e+00
0.000000000000000e+00
0.000000000000000e+00
0.000000000000000e+00
0.000000000000000e+00
0.000000000000000e+00
0.000000000000000e+00
0.000000000000000e+00
0.000000000000000e+00
0.000000000000000e+00
0.000000000000000e+00
0.000000000000000e+00
0.000000000000000e+00
0.000000000000000e+00
0.000000000000000e+00
0.000000000000000e+00
0.000000000000000e+00
0.000000000000000e+00
0.000000000000000e+00
4.273544322586087e-07
4.043180707180571e-07
3.193024956660295e-07
3.099145479412702e-07
2.801445723454865e-07
0.000000000000000e+00
0.000000000000000e+00
0.000000000000000e+00
0.000000000000000e+00
0.000000000000000e+00
0.000000000000000e+00
0.000000000000000e+00
0.000000000000000e+00
0.000000000000000e+00
0.000000000000000e+00
0.000000000000000e+00
0.000000000000000e+00
0.000000000000000e+00
0.000000000000000e+00
0.000000000000000e+00
0.000000000000000e+00
0.000000000000000e+00
0.000000000000000e+00
0.000000000000000e+00
0.000000000000000e+00
0.000000000000000e+00
0.000000000000000e+00
0.000000000000000e+00
0.000000000000000e+00
0.000000000000000e+00
0.000000000000000e+00
0.000000000000000e+00
0.000000000000000e+00
0.000000000000000e+00
0.000000000000000e+00
0.000000000000000e+00
0.000000000000000e+00
0.000000000000000e+00
0.000000000000000e+00
0.000000000000000e+00
0.000000000000000e+00
0.000000000000000e+00
0.000000000000000e+00
0.000000000000000e+00
0.000000000000000e+00
0.000000000000000e+00
0.000000000000000e+00
0.000000000000000e+00
0.000000000000000e+00
0.000000000000000e+00
0.000000000000000e+00
0.000000000000000e+00
0.000000000000000e+00
0.000000000000000e+00
0.000000000000000e+00
0.000000000000000e+00
3.442889208171707e-07
5.615323409036144e-07
4.969577923619184e-07
4.123782628151496e-07
5.819065067858009e-07
7.261831891924864e-07
7.238544570964400e-07
2.017431471185160e-07
1.349366080954928e-07
1.779746218733003e-07
8.981868873658705e-08
-2.610907783029415e-08
0.000000000000000e+00
0.000000000000000e+00
0.000000000000000e+00
0.000000000000000e+00
0.000000000000000e+00
0.000000000000000e+00
0.000000000000000e+00
0.000000000000000e+00
0.000000000000000e+00
0.000000000000000e+00
0.000000000000000e+00
0.000000000000000e+00
0.000000000000000e+00
0.000000000000000e+00
0.000000000000000e+00
0.000000000000000e+00
0.000000000000000e+00
0.000000000000000e+00
0.000000000000000e+00
0.000000000000000e+00
0.000000000000000e+00
0.000000000000000e+00
0.000000000000000e+00
0.000000000000000e+00
0.000000000000000e+00
0.000000000000000e+00
0.000000000000000e+00
0.000000000000000e+00
0.000000000000000e+00
0.000000000000000e+00

Uy  1  1102  double
-1.494429107240514e-06
-1.513594313773403e-06
-1.579535617468597e-06
-1.519983394648872e-06
-1.568460369139046e-06
-2.749706459193035e-07
-4.639920197779812e-07
-3.776543490152662e-07
-5.739688683781274e-07
-4.524943772454826e-07
-5.587193496747744e-07
-4.845958730959055e-07
-2.490825802281549e-07
-2.565134398224700e-07
-7.945821850485757e-08
-7.857450340376104e-08
-5.396007717872742e-07
-8.565956341466396e-07
-7.797409375953634e-07
-5.068069416358512e-07
-6.497413483907977e-07
-1.044471524214163e-06
-2.587024148237305e-07
4.057795251477536e-07
4.277920784834244e-07
5.912533446728041e-07
6.394675938214966e-07
6.558555462055082e-07
8.117621246306328e-07
8.487745600804786e-07
-3.490157865215782e-07
-2.053705966398311e-07
-1.712698470268670e-07
-2.371506122034184e-07
-1.104742667623615e-07
-8.826167782749472e-08
1.467816827527280e-07
1.385899285333281e-07
8.206897673251889e-08
9.533267902872566e-08
5.197069530976650e-08
4.404725517659358e-08
-1.029517625733556e-07
-1.772638336533516e-07
-1.731352497202909e-07
-1.662389910450646e-07
-2.236163071100972e-07
-9.832427061429172e-08
-1.206971187439621e-07
-9.670290730956488e-07
-1.174353667143802e-06
-1.086520341753161e-06
-1.014797806009327e-06
-1.309140104432949e-06
-1.194290048855962e-06
-9.870577889481424e-07
1.348311582383133e-06
1.472980483308017e-06
1.355744144726501e-06
1.307952674112212e-06
1.072047643047025e-06
9.890478706586769e-07
9.006905827835254e-07
1.164009217569095e-06
1.053648858689860e-06
1.203226828838666e-06
1.581501630154580e-06
1.520821643785641e-06
1.523740068343216e-06
1.549177567172766e-06
6.661398030405330e-07
4.441199525015427e-07
3.705319533003903e-07
6.027280677334268e-07
7.424183151999442e-07
3.080018966886144e-07
2.116514189864221e-08
-1.285746123761908e-08
1.400297234277481e-07
9.319056552478666e-09
-7.383816435363455e-08
2.067054871573992e-07
1.358833762871159e-07
2.718406964946629e-07
-9.110612528007156e-07
-8.455014832153829e-07
-1.150879328171150e-06
-9.869336428103281e-07
7.697134683237739e-07
6.804665807491617e-07
5.658800768248984e-07
9.306934569408565e-07
7.720076844741630e-07
8.874614121634483e-07
-3.531589332916862e-07
-3.340586491040742e-07
-4.362630499354925e-07
-4.688636073835184e-07
-4.828916666532734e-07
-6.173795895347833e-07
-2.852201504977003e-07
3.114500136958132e-07
3.434953413927744e-07
4.806695075715295e-07
1.278662849213408e-07
1.516759646769117e-07
-5.634798701248389e-07
-1.884973660250255e-07
-2.410173879710542e-07
-5.780569442559447e-07
8.583326575103273e-09
7.751430848579322e-08
-8.209141347803595e-07
-7.924783929219581e-07
-2.943991011944425e-07
-2.130129815453019e-07
-1.454910648554519e-07
-1.943691881958753e-07
-3.932399562367461e-07
-1.367844259664297e-07
3.008448329136493e-07
-2.231017748755698e-08
-7.025955949847840e-08
3.129614790453941e-08
-3.092462812839814e-07
8.227380129399720e-07
1.053763801134311e-06
9.950550267090463e-07
9.257450736266382e-07
1.213367528091203e-06
1.156298679805268e-06
-1.259060600888873e-06
-1.086238544278917e-06
-1.061425691478712e-06
-1.113169722372076e-06
-1.268817472754868e-06
-1.457028875773148e-06
-1.283764360399120e-06
-7.563276264999086e-08
2.168339783281681e-07
5.212730204290361e-07
4.478299078652936e-07
7.266827274921006e-07
1.696316698808487e-07
3.528862401735999e-07
-8.441629225641734e-07
-8.556515091462380e-07
-1.083355339215331e-06
-9.029877202637593e-07
-9.106757106747132e-07
-8.582024154102363e-07
-1.011506194137368e-06
-1.078129365783553e-06
-6.220318155281124e-07
-4.503609164763223e-07
-4.951506997752375e-07
-3.189527532365677e-07
-7.735138231046434e-07
-7.086255368604633e-07
-7.616040494928811e-07
-7.276056904204076e-07
-5.950882579208727e-07
-5.050314910159948e-07
-6.659008042753101e-07
-1.318296147245768e-06
-1.317294768043986e-06
-1.250061635843513e-06
-1.404392043546920e-06
-1.428412509496546e-06
-1.155733472479881e-06
-1.017330892472135e-06
-1.226474573734482e-06
-8.489337803285757e-07
-1.055914391312474e-06
-9.838131417583273e-07
-1.164963111865980e-06
-1.072778746058489e-06
-9.108468735641306e-07
-1.055679139078114e-06
-1.077559688200669e-06
-9.427299870745642e-07
-1.230826167597510e-06
8.615092010333392e-07
1.050070930486147e-06
1.041614121954915e-06
8.444958135567227e-07
6.363509153506364e-07
1.220691711378841e-06
1.227505716572264e-06
-7.663020097359308e-07
-5.686191439924215e-07
-3.493207680477228e-07
-3.528499667587726e-07
-5.943849015338509e-07
-8.344387389114249e-07
9.749998296226803e-07
1.170062193883714e-06
1.032236573272893e-06
8.205420634066485e-07
3.623533354202291e-07
5.896150224726782e-07
5.254251624065009e-07
4.079295066738986e-07
4.598102048281039e-07
-1.217926743013464e-06
-1.336412939478837e-06
-1.317363053310316e-06
-1.430279721492678e-06
-1.167107747390705e-06
1.153670382891825e-06
1.003683178346648e-06
9.185703642167198e-07
1.051310814903506e-06
6.712985946566441e-07
1.988824331333738e-07
2.184375243463599e-07
4.306149011257254e-07
6.047391676311520e-08
6.571081473394358e-08
-2.664396451801387e-07
-5.572076470228282e-07
-2.674838330274376e-07
-8.037034987529168e-08
-8.258314349030016e-08
-8.419805835879757e-08
-8.957517245167246e-07
-8.459001603067229e-07
-1.045562511459153e-06
-4.708459435676104e-07
-7.224922107251786e-07
-5.971284542938271e-07
-7.044664263600176e-07
4.309027825666334e-07
3.324322089270915e-07
3.034901531751011e-07
2.614483479712604e-07
2.097170081760691e-07
2.479078161088388e-07
2.488067462128041e-08
5.519792073638502e-09
1.796218961763740e-08
-1.200361613232226e-08
-2.261382014284719e-08
-3.559793302909675e-07
-6.012460416898735e-07
-3.294771796572005e-07
-2.893298102577685e-08
-2.925223280825229e-07
-6.105226256908347e-07
1.144413020529034e-07
3.610694847833162e-07
6.013803513088556e-07
3.214664973313908e-07
5.904655383526247e-07
5.694656038945922e-07
3.422646858847189e-07
3.325335613535430e-07
1.734328305413868e-07
4.051511518499140e-07
1.943927658287770e-07
3.051082028138197e-07
-2.474372483574072e-07
-2.358348156206169e-07
-4.103154937484810e-07
-2.202637904291649e-07
-7.351964981250347e-08
-6.729044166320364e-08
-6.904642024796459e-08
1.965134173997907e-07
-1.334594570169545e-07
1.223915091150274e-07
4.972774331896135e-07
-7.397155644128794e-07
-9.213073173808262e-07
-8.170435377707896e-07
-6.284007750267939e-07
1.502917224838196e-07
2.150909455267414e-07
2.579197183882886e-07
3.615498456455146e-07
3.516870734909805e-07
2.301824741091085e-07
-5.286505309724798e-08
-2.815452745663638e-07
-9.521629880382410e-08
-3.510025574637865e-07
-1.238103872480689e-06
-1.168819559027590e-06
-1.065908280917238e-06
-1.020127691153672e-06
-8.796901234675580e-07
-8.639639518248643e-07
1.383623636053155e-06
1.488065286048279e-06
1.576343379883216e-06
1.334257081209156e-06
1.449422072641315e-06
1.426244279678635e-06
1.302107627387805e-06
1.531910081509213e-06
-1.647691537549900e-07
-4.490782633398416e-07
-2.092359239619368e-07
6.171634920303093e-08
-7.138187092109449e-07
-5.248134506558033e-07
5.126457889303992e-07
6.178589515293265e-07
7.826714871206342e-07
6.266878554983535e-07
7.124161066629497e-07
5.112498294435053e-07
-4.888371322453455e-07
-7.352831515594627e-07
-4.533642900886314e-07
-3.608249744685432e-07
-6.719200607852027e-07
1.441147966074752e-06
1.452438860183314e-06
1.275072050305193e-06
1.264754242780164e-06
1.092380714412533e-06
-8.115342699233086e-07
-9.227386227883549e-07
-6.001166798913493e-07
-1.057842816926113e-06
-1.290839932915899e-06
-9.738065533115847e-07
1.273087878450596e-06
1.389466318779675e-06
1.235929185439133e-06
1.452051537620402e-06
1.479678106708349e-06
1.309402926363834e-06
1.429268430330755e-06
-1.536822561432061e-07
4.787964143215806e-09
5.730892433698787e-08
-2.746029464928412e-07
-1.428507984194138e-07
1.495451444954998e-06
1.405010284782904e-06
1.436993434300593e-06
1.517681747498223e-06
1.234052825427323e-06
1.186115574980384e-06
1.030482968011892e-06
1.200492165231992e-06
1.060393964580353e-06
1.061182596573396e-06
9.755272851741381e-07
-1.328770634967391e-06
-1.182253189097038e-06
-1.209035012217363e-06
-1.416461538894520e-06
-1.087171601299453e-06
-1.044490938656439e-06
7.732763985801583e-07
1.058368125528286e-06
1.244284706269916e-06
1.046640733193271e-06
7.893016985005552e-07
7.581927736755034e-07
7.786875219906175e-07
6.106521336646242e-07
7.837531686982757e-07
6.381832358404171e-07
4.914664979704941e-07
4.852325856119499e-07
-1.435646262343271e-06
-1.213962000756741e-06
-1.378503390048191e-06
-1.481321638907573e-06
-1.290696414801840e-06
-1.446549725114821e-06
-1.381532959698895e-06
-1.426750412314437e-06
-1.208026571053455e-06
-1.142651953334184e-06
1.097667600313823e-06
8.441057205710312e-07
1.083675479573998e-06
8.499423355401436e-07
-6.271454086603789e-07
-4.740791698099045e-07
-2.480867881682336e-07
-2.393560331048761e-07
-4.438059040823283e-07
-6.506559113161892e-07
-4.139133404912343e-07
7.435562409674468e-07
6.912365352607086e-07
8.766673117444057e-07
1.036444462754194e-06
9.246261524764599e-07
1.092250302092701e-06
6.171350334926995e-07
4.727616959299130e-07
3.808038991914842e-07
2.658743494532434e-07
3.430095953244061e-07
4.318955332954788e-07
2.031362728097119e-07
3.973477004787229e-07
1.456451389422742e-07
3.089503716607878e-07
7.802303892898155e-08
-9.065501981909974e-09
-1.484472130608427e-06
-1.426137126614435e-06
-1.391520172311367e-06
-1.524116992557278e-06
-1.357940372023747e-07
-1.180597963591767e-07
9.568595184944462e-08
2.812182838263233e-07
7.833152441821811e-07
5.833276002648047e-07
2.313787404381595e-07
8.274635344140968e-07
5.495004686273397e-07
-1.487661859478351e-06
-1.451134059859971e-06
-1.520357051199017e-06
-1.476630064722873e-06
-1.552326335196863e-06
-1.367204601032679e-06
-1.358647903182408e-06
1.337538376333658e-06
1.233856957383317e-06
1.003902320884098e-06
1.077258747872456e-06
1.218340539232976e-06
-6.641036149057644e-07
-8.072255695823483e-07
-6.163677691573000e-07
-3.512123865623273e-07
-5.205805449215450e-07
-4.864514084046423e-07
1.329956277607014e-06
1.349162462582765e-06
1.104540938712262e-06
1.438158625577390e-06
5.185533693552458e-07
5.982936734372224e-07
7.364231403572674e-07
8.541685004026522e-07
6.101789658125023e-07
1.496996377747806e-06
1.383349885253349e-06
1.287203900302014e-06
1.443291361646892e-06
1.432353647135010e-06
1.211014378277309e-06
1.145425845450188e-06
9.276859132822945e-07
9.338073049258711e-07
1.095348899748938e-06
1.192774091218762e-06
1.221640632098620e-06
-5.033221986139313e-07
-5.825483404831022e-07
-7.322579570756549e-07
-7.699503734859281e-07
-6.010136102269081e-07
-1.046753558109348e-06
-1.234548055228935e-06
-1.221313012611525e-06
-7.619194156149867e-07
-7.718079677587752e-07
-1.037167994988319e-06
-1.428205112674608e-06
-7.070239508299991e-07
-8.531311441739575e-07
-7.299333624199988e-07
-5.223767904349863e-07
-4.955953079033293e-07
2.707874139362687e-07
5.915578714654757e-07
4.777665152944088e-07
7.303068466635310e-07
5.102400112977357e-07
2.668482084189350e-07
2.636598979699478e-07
-8.877913964533413e-07
-6.960274370748643e-07
-9.889824120201673e-07
-7.558991670930659e-07
-2.649137208210472e-07
-2.628596496301316e-07
-4.027490588531801e-07
-2.153336138843720e-07
-3.561061417550748e-07
2.596365465401540e-07
5.163439260602587e-07
2.603161085579231e-07
5.341597431041123e-07
8.534920376002120e-08
-5.638525122919624e-07
-4.469077097279950e-07
-5.570550178912725e-07
-7.395235228080388e-07
-3.949106808232017e-07
-2.140434721686901e-07
3.883166208723532e-08
3.642172095169594e-08
-2.705901879646033e-08
-4.797679567514201e-08
4.988844457009568e-09
-4.775226537107047e-09
2.205505486574388e-09
-5.016610793440179e-08
-7.701376404656290e-08
-1.270961274835170e-07
-2.089302580388086e-07
-2.459531428800066e-07
-1.402866162958372e-07
-8.710705381997919e-08
-2.630839059380996e-07
-5.346546702589272e-07
-5.292870393081017e-07
-2.594059059224385e-07
-8.347437596700757e-08
2.270622626865393e-07
1.825645225828065e-07
9.934741110328993e-08
7.310012531402954e-08
2.988072342613446e-07
-6.087970338963800e-08
-2.402105422905088e-08
0.000000000000000e+00
0.000000000000000e+00
-1.662958325210351e-08
0.000000000000000e+00
-3.789171542506464e-08
-1.023716522732809e-07
4.869951979527554e-08
-2.006628941654542e-08
-1.507250792856518e-07
-4.479489638109513e-07
-2.240153621491103e-07
-2.200406383212616e-07
-3.854956859283831e-07
-1.967484143383658e-07
-6.888223785805891e-08
-2.566650583180063e-07
0.000000000000000e+00
-8.187576472362679e-08
-8.280912033864496e-08
0.000000000000000e+00
2.309990971838261e-07
2.437621711148807e-07
6.961867887733675e-08
7.268551682759750e-08
0.000000000000000e+00
0.000000000000000e+00
0.000000000000000e+00
-4.732585701661129e-07
-5.091142353252920e-07
-2.673221423665773e-07
-2.636983021941930e-07
-8.530760581271224e-08
-3.791490549298615e-07
-2.464138960656115e-07
-3.037191020904828e-07
-3.509616937069637e-07
-5.765850303873776e-07
-4.181627170085633e-07
0.000000000000000e+00
0.000000000000000e+00
0.000000000000000e+00
0.000000000000000e+00
0.000000000000000e+00
0.000000000000000e+00
0.000000000000000e+00
0.000000000000000e+00
4.821738450733193e-07
7.006873569692651e-07
9.960543660980647e-07
8.992692009379688e-07
5.157811914791033e-07
8.339130030260433e-08
1.149496894822799e-07
-3.978467400661545e-08
4.258046999369713e-08
1.909245478937116e-07
1.530863792259529e-07
1.270893205257417e-07
7.745438244943781e-08
4.673028891621911e-08
1.041969768800222e-08
-6.741793565634424e-07
-5.165475818191823e-07
-5.282629312874931e-07
-6.842300818710179e-07
-3.571915171973750e-07
4.806920385069802e-07
6.133321769907774e-07
4.690904886195391e-07
4.413960200122524e-07
7.227802147902196e-07
3.479800575467706e-08
3.571519838208026e-08
0.000000000000000e+00
1.063346541652077e-07
1.480659088393121e-07
0.000000000000000e+00
4.296511640288988e-10
6.750769609986662e-09
0.000000000000000e+00
-8.193731151906469e-09
-2.392678813412097e-08
0.000000000000000e+00
-2.447870114941075e-08
-8.005828339152643e-08
-5.009265734157164e-08
0.000000000000000e+00
-1.083844784754984e-08
0.000000000000000e+00
0.000000000000000e+00
0.000000000000000e+00
-7.643857435901680e-08
-7.730606621514369e-08
0.000000000000000e+00
-2.590909041755296e-07
0.000000000000000e+00
-7.465595697198069e-08
0.000000000000000e+00
-7.017572484224743e-08
0.000000000000000e+00
0.000000000000000e+00
0.000000000000000e+00
-6.229406368518653e-08
0.000000000000000e+00
0.000000000000000e+00
0.000000000000000e+00
5.685897702667475e-08
0.000000000000000e+00
1.592137010564265e-07
5.920457457619932e-08
4.539132936187684e-08
0.000000000000000e+00
0.000000000000000e+00
8.314788380037186e-08
0.000000000000000e+00
8.070546331229167e-08
0.000000000000000e+00
0.000000000000000e+00
8.006402790750045e-08
-3.169336948438684e-08
-1.450979454920009e-07
-1.263241491689104e-07
-4.430870159666256e-08
0.000000000000000e+00
7.386685979549057e-08
0.000000000000000e+00
0.000000000000000e+00
0.000000000000000e+00
0.000000000000000e+00
0.000000000000000e+00
0.000000000000000e+00
0.000000000000000e+00
0.000000000000000e+00
0.000000000000000e+00
0.000000000000000e+00
0.000000000000000e+00
0.000000000000000e+00
0.000000000000000e+00
0.000000000000000e+00
0.000000000000000e+00
0.000000000000000e+00
0.000000000000000e+00
0.000000000000000e+00
0.000000000000000e+00
0.000000000000000e+00
7.530500889529890e-08
0.000000000000000e+00
2.489136001204706e-07
2.580337388202736e-07
7.759144821095632e-08
2.728159145815034e-08
2.789402592240364e-08
0.000000000000000e+00
-3.819248425851463e-08
-1.309057284515358e-07
-1.562281441991331e-07
-4.349257548552643e-08
0.000000000000000e+00
-2.853131381153062e-08
9.545859172566118e-09
5.530647846641035e-08
2.037029633861209e-08
0.000000000000000e+00
0.000000000000000e+00
4.446970752747248e-08
1.358718288435590e-07
2.624273099660623e-07
1.218011981829470e-07
3.008402325033188e-07
1.712662580644064e-07
-6.766916235689813e-09
5.090813645636239e-09
1.165717100626296e-08
0.000000000000000e+00
0.000000000000000e+00
0.000000000000000e+00
0.000000000000000e+00
0.000000000000000e+00
-1.909841100267151e-07
-5.760704641089021e-08
-1.721177575464417e-07
-4.750543158849041e-08
2.629895188288600e-07
8.254036071297932e-08
5.387488914432303e-07
2.626297622154716e-07
4.937208704092200e-07
2.478740981914918e-07
4.723253007044015e-07
2.537691560222655e-07
7.614987052040334e-08
0.000000000000000e+00
0.000000000000000e+00
6.688316514513737e-08
2.101997420567159e-08
1.565834596428672e-07
9.371230363930394e-08
2.585018499257075e-08
0.000000000000000e+00
-6.058102519634900e-08
-1.783931098953140e-07
-1.636374929447904e-07
-3.159736468028029e-07
-2.564020278317258e-07
-5.403525465963455e-08
1.967659175594605e-07
2.221523373591161e-07
3.668843748805273e-07
3.768143538307456e-07
6.587466899743433e-08
6.747255998362789e-08
4.227713526483434e-07
2.420149995407961e-07
2.278424015567104e-07
7.594916195952095e-08
7.432491738734726e-08
0.000000000000000e+00
0.000000000000000e+00
-1.636527238724206e-08
-2.036240565050917e-09
-4.278096886467520e-08
-8.574697411833920e-08
-5.637093469790244e-08
0.000000000000000e+00
0.000000000000000e+00
0.000000000000000e+00
0.000000000000000e+00
0.000000000000000e+00
0.000000000000000e+00
0.000000000000000e+00
0.000000000000000e+00
0.000000000000000e+00
0.000000000000000e+00
0.000000000000000e+00
0.000000000000000e+00
4.328369346273675e-08
0.000000000000000e+00
0.000000000000000e+00
0.000000000000000e+00
0.000000000000000e+00
0.000000000000000e+00
0.000000000000000e+00
0.000000000000000e+00
0.000000000000000e+00
0.000000000000000e+00
0.000000000000000e+00
0.000000000000000e+00
0.000000000000000e+00
0.000000000000000e+00
0.000000000000000e+00
0.000000000000000e+00
0.000000000000000e+00
0.000000000000000e+00
0.000000000000000e+00
0.000000000000000e+00
0.000000000000000e+00
0.000000000000000e+00
0.000000000000000e+00
0.000000000000000e+00
0.000000000000000e+00
0.000000000000000e+00
0.000000000000000e+00
0.000000000000000e+00
0.000000000000000e+00
0.000000000000000e+00
0.000000000000000e+00
0.000000000000000e+00
0.000000000000000e+00
0.000000000000000e+00
0.000000000000000e+00
0.000000000000000e+00
0.000000000000000e+00
0.000000000000000e+00
0.000000000000000e+00
0.000000000000000e+00
0.000000000000000e+00
0.000000000000000e+00
0.000000000000000e+00
0.000000000000000e+00
0.000000000000000e+00
0.000000000000000e+00
0.000000000000000e+00
0.000000000000000e+00
0.000000000000000e+00
0.000000000000000e+00
0.000000000000000e+00
0.000000000000000e+00
0.000000000000000e+00
0.000000000000000e+00
0.000000000000000e+00
0.000000000000000e+00
0.000000000000000e+00
0.000000000000000e+00
0.000000000000000e+00
0.000000000000000e+00
0.000000000000000e+00
0.000000000000000e+00
0.000000000000000e+00
0.000000000000000e+00
0.000000000000000e+00
0.000000000000000e+00
0.000000000000000e+00
0.000000000000000e+00
0.000000000000000e+00
0.000000000000000e+00
0.000000000000000e+00
0.000000000000000e+00
0.000000000000000e+00
0.000000000000000e+00
0.000000000000000e+00
0.000000000000000e+00
0.000000000000000e+00
0.000000000000000e+00
0.000000000000000e+00
0.000000000000000e+00
0.000000000000000e+00
0.000000000000000e+00
0.000000000000000e+00
0.000000000000000e+00
0.000000000000000e+00
0.000000000000000e+00
0.000000000000000e+00
0.000000000000000e+00
0.000000000000000e+00
0.000000000000000e+00
-8.164684733857897e-08
0.000000000000000e+00
0.000000000000000e+00
0.000000000000000e+00
0.000000000000000e+00
0.000000000000000e+00
0.000000000000000e+00
0.000000000000000e+00
0.000000000000000e+00
0.000000000000000e+00
0.000000000000000e+00
0.000000000000000e+00
0.000000000000000e+00
0.000000000000000e+00
-5.322444762700940e-08
0.000000000000000e+00
0.000000000000000e+00
0.000000000000000e+00
0.000000000000000e+00
0.000000000000000e+00
0.000000000000000e+00
0.000000000000000e+00
0.000000000000000e+00
0.000000000000000e+00
0.000000000000000e+00
0.000000000000000e+00
0.000000000000000e+00
0.000000000000000e+00
0.000000000000000e+00
0.000000000000000e+00
0.000000000000000e+00
0.000000000000000e+00
0.000000000000000e+00
0.000000000000000e+00
0.000000000000000e+00
0.000000000000000e+00
0.000000000000000e+00
0.000000000000000e+00
-6.147125197752956e-08
0.000000000000000e+00
0.000000000000000e+00
0.000000000000000e+00
0.000000000000000e+00
8.378295501820787e-08
8.661171824186908e-08
0.000000000000000e+00
0.000000000000000e+00
0.000000000000000e+00
0.000000000000000e+00
5.507740402643790e-08
6.124511514604691e-08
0.000000000000000e+00
5.527334419053176e-07
3.272406267074146e-07
4.269794850464415e-07
1.819303644956527e-07
0.000000000000000e+00
0.000000000000000e+00
0.000000000000000e+00
0.000000000000000e+00
0.000000000000000e+00
0.000000000000000e+00
0.000000000000000e+00
0.000000000000000e+00
0.000000000000000e+00
0.000000000000000e+00
0.000000000000000e+00
0.000000000000000e+00
0.000000000000000e+00
0.000000000000000e+00
0.000000000000000e+00
0.000000000000000e+00
0.000000000000000e+00
0.000000000000000e+00
0.000000000000000e+00
0.000000000000000e+00
0.000000000000000e+00
0.000000000000000e+00
0.000000000000000e+00
0.000000000000000e+00
0.000000000000000e+00
0.000000000000000e+00
0.000000000000000e+00
0.000000000000000e+00
0.000000000000000e+00
0.000000000000000e+00
0.000000000000000e+00
0.000000000000000e+00
0.000000000000000e+00
0.000000000000000e+00
0.000000000000000e+00
0.000000000000000e+00
0.000000000000000e+00
0.000000000000000e+00
0.000000000000000e+00
0.000000000000000e+00
0.000000000000000e+00
0.000000000000000e+00
0.000000000000000e+00
0.000000000000000e+00
0.000000000000000e+00
0.000000000000000e+00
0.000000000000000e+00
0.000000000000000e+00
0.000000000000000e+00
0.000000000000000e+00
0.000000000000000e+00
0.000000000000000e+00
0.000000000000000e+00
0.000000000000000e+00
0.000000000000000e+00
0.000000000000000e+00
0.000000000000000e+00
0.000000000000000e+00
0.000000000000000e+00
0.000000000000000e+00
0.000000000000000e+00
0.000000000000000e+00
0.000000000000000e+00
0.000000000000000e+00
0.000000000000000e+00
0.000000000000000e+00
0.000000000000000e+00
0.000000000000000e+00
0.000000000000000e+00
0.000000000000000e+00
0.000000000000000e+00
0.000000000000000e+00
0.000000000000000e+00
0.000000000000000e+00
0.000000000000000e+00
0.000000000000000e+00
0.000000000000000e+00
0.000000000000000e+00
0.000000000000000e+00
0.000000000000000e+00
0.000000000000000e+00
0.000000000000000e+00
0.000000000000000e+00
0.000000000000000e+00
0.000000000000000e+00
0.000000000000000e+00
0.000000000000000e+00
0.000000000000000e+00
0.000000000000000e+00
0.000000000000000e+00
0.000000000000000e+00
0.000000000000000e+00
0.000000000000000e+00
7.542217386191652e-07
8.788584440200253e-07
9.811820783078851e-07
6.632864736344501e-07
7.091613177800937e-07
0.000000000000000e+00
0.000000000000000e+00
0.000000000000000e+00
0.000000000000000e+00
0.000000000000000e+00
0.000000000000000e+00
0.000000000000000e+00
0.000000000000000e+00
0.000000000000000e+00
0.000000000000000e+00
0.000000000000000e+00
0.000000000000000e+00
0.000000000000000e+00
0.000000000000000e+00
0.000000000000000e+00
0.000000000000000e+00
0.000000000000000e+00
0.000000000000000e+00
0.000000000000000e+00
0.000000000000000e+00
0.000000000000000e+00
0.000000000000000e+00
0.000000000000000e+00
0.000000000000000e+00
0.000000000000000e+00
0.000000000000000e+00
0.000000000000000e+00
0.000000000000000e+00
0.000000000000000e+00
0.000000000000000e+00
0.000000000000000e+00
0.000000000000000e+00
0.000000000000000e+00
0.000000000000000e+00
0.000000000000000e+00
0.000000000000000e+00
0.000000000000000e+00
0.000000000000000e+00
0.000000000000000e+00
0.000000000000000e+00
0.000000000000000e+00
0.000000000000000e+00
0.000000000000000e+00
0.000000000000000e+00
0.000000000000000e+00
0.000000000000000e+00
0.000000000000000e+00
0.000000000000000e+00
0.000000000000000e+00
0.000000000000000e+00
0.000000000000000e+00
4.527024557998693e-07
7.149001743367300e-07
5.333322736222890e-07
6.175816651410315e-07
8.624860907691101e-07
9.213380237627078e-07
7.533852558472276e-07
7.358695390258241e-07
4.719540623310259e-07
5.049300520476585e-07
2.555605231879809e-07
8.342442914255344e-08
0.000000000000000e+00
0.000000000000000e+00
0.000000000000000e+00
0.000000000000000e+00
0.000000000000000e+00
0.000000000000000e+00
0.000000000000000e+00
0.000000000000000e+00
0.000000000000000e+00
0.000000000000000e+00
0.000000000000000e+00
0.000000000000000e+00
0.000000000000000e+00
0.000000000000000e+00
0.000000000000000e+00
0.000000000000000e+00
0.000000000000000e+00
0.000000000000000e+00
0.000000000000000e+00
0.000000000000000e+00
0.000000000000000e+00
0.000000000000000e+00
0.000000000000000e+00
0.000000000000000e+00
0.000000000000000e+00
0.000000000000000e+00
0.000000000000000e+00
0.000000000000000e+00
0.000000000000000e+00
0.000000000000000e+00

Uz  1  1102  double
-1.592497771762957e-06
-1.553123808062384e-06
-1.348448639859612e-06
-1.046417318628645e-06
-1.317048301585633e-06
-1.798588198015372e-06
-1.966765865862863e-06
-1.856757752716209e-06
-1.985550517502599e-06
-1.889115990832968e-06
-1.869998788622818e-06
-1.785117452746121e-06
-1.475823838040236e-06
-1.452870621088120e-06
-9.524199740124084e-07
-9.640815398503921e-07
-1.824031598290921e-06
-1.970796484729309e-06
-1.943547747990104e-06
-1.777501438399165e-06
-1.915328688401052e-06
-1.973491352724732e-06
-1.464633560863127e-06
-1.823955610241734e-06
-1.814692367513304e-06
-1.974623827977195e-06
-1.963691442230520e-06
-1.948311990795926e-06
-1.968007500241509e-06
-1.983372342639900e-06
-1.902969711309321e-06
-1.789297763343800e-06
-1.795456306102894e-06
-1.771560707491959e-06
-1.411944334325788e-06
-1.425096456703079e-06
-1.797008872123085e-06
-1.917501676079736e-06
-1.888421288759323e-06
-1.775096533707110e-06
-1.733420197796987e-06
-1.456444984268557e-06
-1.792564119279527e-06
-1.962629610829936e-06
-1.865458894856342e-06
-1.768538381463625e-06
-1.787837152683602e-06
-1.420703202581475e-06
-1.727849374161261e-06
-2.000341429692076e-06
-1.908400845795910e-06
-1.940193480931551e-06
-1.990565420884050e-06
-1.808591130580961e-06
-1.855758514579531e-06
-1.971566446934414e-06
-1.651696275084547e-06
-1.531703892720948e-06
-1.772953618861539e-06
-1.554126947134193e-06
-1.689970316187672e-06
-1.869796515396871e-06
-1.856438596459231e-06
-1.736192122014923e-06
-1.445985729930932e-06
-1.480925617747264e-06
-1.346347553776717e-06
-1.041409851576525e-06
-1.114426613768593e-06
-1.423875950978815e-06
-1.934791313273898e-07
-5.098560496019644e-08
-1.382882611755676e-07
-3.266955859726473e-07
-1.444266235495206e-07
-3.119752806646225e-07
-1.882036833933398e-06
-1.688411530198497e-06
-1.928239338200299e-06
-1.979675594621089e-06
-1.961560651131400e-06
-1.969989475991696e-06
-1.783214712003378e-06
-1.881898907873936e-06
-1.393117543047051e-06
-1.086801068139742e-06
-5.879629823013488e-07
-3.441091125933049e-07
-1.217825542687567e-06
-1.480304279377620e-06
-1.287090511614686e-06
-1.672986214285022e-06
-1.695308438798282e-06
-1.445455137361051e-06
-1.989262059520769e-06
-1.906763414938339e-06
-1.991980902615875e-06
-1.897290173746846e-06
-1.782135814476504e-06
-1.789925361594946e-06
-1.915950366471186e-06
-1.650929662144751e-06
-1.410540388602222e-06
-1.558227797959777e-06
-1.242192932904285e-06
-1.542191421066708e-06
-9.017748647810464e-08
1.255588233384231e-08
-8.666712703053747e-08
-2.182683320195444e-07
-1.563779525870501e-07
-2.627972683910684e-08
-2.521189835236193e-07
-1.660076557330470e-07
-1.804097933266746e-06
-1.919600045308112e-06
-1.833413211582702e-06
-1.611968025561072e-06
-1.559464893552409e-06
-1.991320105088068e-06
-2.729838607939961e-07
-1.737411764457519e-07
-3.986322416604793e-08
-3.933528529564967e-07
-3.348750597376160e-07
-5.662579833920489e-07
-3.208439079416259e-07
-3.328258789681016e-07
-4.245878175157536e-07
-5.190110554664784e-07
-5.706969472552004e-07
-5.425851367646395e-07
-3.735461943654705e-07
-3.274604085112820e-07
-4.982321907265330e-07
-7.640912118578314e-07
-8.281603430804196e-07
-6.247011702376071e-07
-6.097952908179494e-07
-5.276104758089595e-07
-5.086282152677590e-07
-7.678097120877858e-07
-7.814427192553985e-07
-8.086585004951630e-07
-1.022980637144233e-06
-6.317201293182251e-07
-4.203477480535511e-07
-6.679507689733022e-07
-1.908558082186484e-06
-1.638508524137716e-06
-1.861865058072620e-06
-1.724199192754128e-06
-1.832236484644589e-06
-1.707599704636742e-06
-1.778702692467604e-06
-1.536212133557147e-06
-1.627493261935342e-06
-1.656827642970704e-06
-1.462782684147346e-06
-1.818829934996380e-06
-1.963697388362995e-06
-1.908421460472542e-06
-1.990992259004454e-06
-1.927003240920211e-06
-1.259283028631764e-06
-1.545407978809088e-06
-9.639975536157586e-07
-1.076603870775461e-06
-1.376492777094285e-06
-1.936965463855689e-06
-1.977200054459338e-06
-1.858579275926253e-06
-1.979972228255411e-06
-1.932384346703397e-06
-1.149493177587946e-06
-1.177878810654232e-06
-1.431472120616561e-06
-1.430943936786555e-06
-9.077642109112105e-07
-1.662447843664427e-06
-1.636189398801502e-06
-1.472332360530348e-06
-1.985660185555016e-06
-1.899260542115311e-06
-1.939034598552603e-06
-1.994245371950143e-06
-1.921961253453786e-06
-1.798246669737491e-06
-1.874354811359780e-06
-1.176356124621414e-06
-1.248934531572488e-06
-1.061598194629365e-06
-1.371973310904107e-06
-9.577316288367221e-07
-9.016969168551547e-07
-1.183227614165450e-06
-1.211202536710587e-06
-9.222189505386780e-07
-9.211580191959001e-07
-1.912905722822877e-06
-1.990551015490505e-06
-1.993990085713548e-06
-1.897530445132967e-06
-1.993028499180927e-06
-1.727522544570093e-06
-1.640145721071296e-06
-1.479436126550215e-06
-1.383027624257682e-06
-1.591354965468916e-06
-1.930537191496828e-06
-1.969672593360450e-06
-1.989810085978316e-06
-1.977214531267979e-06
-1.901315312274887e-06
-1.456670476948640e-06
-1.457790511361079e-06
-1.794730815990464e-06
-9.491951568074697e-07
-9.227057860689003e-07
-1.452400534396325e-06
-1.816576894603239e-06
-1.448208303292398e-06
-9.380849900347821e-07
-9.386018648832595e-07
-9.450927071913418e-07
-1.952967324025945e-06
-1.989517037059851e-06
-1.903350804355330e-06
-1.806236303941722e-06
-1.961490354029927e-06
-1.914730640900641e-06
-1.981314889015762e-06
-1.948940300561253e-06
-1.925758117138354e-06
-1.832624102388047e-06
-1.809176784439703e-06
-1.793126225224650e-06
-1.898531565680539e-06
-1.809932550445037e-06
-1.461118731699296e-06
-1.472537092234161e-06
-1.759688912611468e-06
-1.461771388641675e-06
-7.554534240394872e-07
-6.632741607059955e-07
-4.886063869058432e-07
-3.620708591278721e-07
-2.467005076889350e-07
-4.172794577650407e-07
-9.524342153288679e-07
-7.955763188238762e-07
-6.969793299171911e-07
-5.103912832371549e-07
-4.357157983858606e-07
-9.818028013364177e-07
-1.087508398611714e-06
-1.794005661803766e-06
-1.444957282575876e-06
-1.844597052935715e-06
-1.460070699454974e-06
-1.708133277655843e-06
-1.477753808362681e-06
-1.478163349249995e-06
-1.768250430050911e-06
-1.467018773029793e-06
-9.635430463089678e-07
-9.571925066453879e-07
-9.518680986059236e-07
5.673326697319681e-09
2.760584405514521e-08
3.067339982010253e-08
-3.333772180535988e-08
-1.931055803150450e-06
-1.845400082078896e-06
-1.942848686264931e-06
-1.976087031979601e-06
-1.993925304366595e-06
-1.911563186185461e-06
-1.992172834863748e-06
-1.992757863722439e-06
-1.894547492775622e-06
-1.925372041799989e-06
-1.431423203801518e-06
-1.364773490886151e-06
-1.133098013583744e-06
-1.058824283917126e-06
-1.788869463170695e-06
-1.708266514133250e-06
-1.898031544655954e-06
-1.864815718899404e-06
-1.981661858219130e-06
-1.960815493140533e-06
-7.902371803591990e-07
-1.023985555792528e-06
-1.310839063017877e-06
-1.152424720207712e-06
-1.368751060215612e-06
-1.064429829222835e-06
-8.634734997570170e-07
-1.320480349953357e-06
-8.412895712850421e-07
-8.031815112441443e-07
-5.593978026907642e-07
-6.391869538657780e-07
-8.104612213566398e-07
-5.378243407294647e-07
-1.960796175454194e-06
-1.971034573278185e-06
-1.853524022210618e-06
-1.864191415457128e-06
-1.964439236668003e-06
-1.984383598330197e-06
-3.263806036546413e-08
-1.506427542707911e-07
-6.063747526319219e-08
-1.573533822130102e-07
-2.084568361815364e-07
-7.819733269243123e-07
-8.262768753652949e-07
-6.265814899153455e-07
-5.432114057457582e-07
-3.805921777733090e-07
-5.914886988533929e-07
-4.443558315747609e-07
-3.509738926155137e-07
-6.980247486687574e-07
-8.816362372932041e-07
-8.898774830901068e-07
-7.831513839651194e-07
-1.082494485438179e-06
-9.754659980321101e-07
-9.392399100693893e-07
-1.227680483883997e-06
-1.279887949623415e-06
-1.396564515310228e-06
-1.514590226681101e-06
-1.660964500604933e-06
-1.399165252435886e-06
-1.863641656940640e-06
-1.752601851923163e-06
-1.534486349707986e-06
-1.778390448514688e-06
-1.771631857439004e-06
-1.547575093130416e-06
-1.893336347813523e-06
-1.907386972199721e-06
-1.997660891150943e-06
-9.921498623222114e-07
-1.149629359764592e-06
-6.743619972437997e-07
-8.592098683646299e-07
-1.175733348679486e-06
-1.014916216790507e-06
-1.313993238549749e-06
-1.079925626923384e-06
-1.487206805650398e-06
-1.173104399510017e-06
-1.926731749618549e-06
-1.994097287350005e-06
-1.899506383629124e-06
-1.994720283782225e-06
-1.923002385828543e-06
-1.909398021499031e-06
-1.801023052472317e-06
-1.900312563696271e-06
-1.552784157199394e-06
-1.769143207208668e-06
-1.763440089119772e-06
-1.886830702513276e-06
-7.875888490826988e-07
-5.290113595513013e-07
-8.041704759875756e-07
-1.033858734400539e-06
-1.879996465947720e-06
-1.669508188695268e-06
-1.830691797100048e-06
-1.794520306130920e-06
-1.913624218974341e-06
-1.943631774470322e-06
-5.046081950066394e-07
-4.325464257326495e-07
-6.913104387828994e-07
-6.636038927809729e-07
-1.922885909666494e-06
-1.794942212307582e-06
-1.476154376081618e-06
-1.473963334219786e-06
-1.744201346604024e-06
-1.901575730739458e-06
-1.747459233453208e-06
-1.962128171439925e-06
-1.919678010497972e-06
-1.846532849847371e-06
-1.709256247373059e-06
-1.896275796053892e-06
-1.814952260481562e-06
-1.741059201865180e-06
-1.892609919673660e-06
-1.990627989056915e-06
-1.988694528637369e-06
-1.929042373782774e-06
-1.807315370527807e-06
-1.577419153186987e-06
-1.534277558890018e-06
-1.820347980407977e-06
-1.778668778928960e-06
-1.945376058520853e-06
-1.864527104822322e-06
-1.541856902820271e-06
-1.574415767868764e-06
-1.787192410562799e-06
-1.333209055653928e-06
-1.205853743857510e-06
-9.159973439198943e-07
-1.096663596267256e-06
-1.332258424857624e-06
-1.657028207979749e-07
-2.379349751668869e-07
-9.885670415599179e-08
-2.664370282734474e-07
-9.532976008586047e-08
-1.223685148432629e-06
-9.291797196109286e-07
-1.109592427994688e-06
-1.524341048109168e-06
-1.421638372745004e-06
-1.649030471784219e-06
-1.766804726910376e-06
-1.464333722833722e-06
-1.708995200244701e-06
-1.966651543561238e-06
-1.900468692084267e-06
-1.848220166411618e-06
-1.856664092081406e-06
-1.850613902620868e-06
-1.937849171795847e-06
-1.948956198316587e-06
-1.966754575255525e-06
-1.886585480670444e-06
-1.803500761343724e-06
-1.623258629623869e-06
-1.930370696012762e-06
-1.561975492503365e-06
-1.295117556032732e-06
-1.524049732859467e-06
-1.310328048453879e-06
-1.053422185481878e-06
-1.014556312906034e-06
-1.592206096023840e-06
-1.831094948612222e-06
-1.878313952874411e-06
-1.673376463007248e-06
-1.792324423710578e-06
-1.913352781102162e-06
-1.944893625871469e-06
-1.614423211393490e-06
-1.365183739054920e-06
-1.459594113240037e-06
-1.573741388927186e-06
-1.287869428046040e-06
-1.329697618457359e-06
-1.555275521647470e-06
-1.340699196994422e-06
-1.575695714628456e-06
-1.045973681335077e-06
-1.995285229761112e-06
-1.899100027402678e-06
-1.899466663679572e-06
-1.922293140027564e-06
-1.915781679268092e-06
-1.989064912111260e-06
-1.775095045175590e-06
-1.918220121577274e-06
-1.974407142085743e-06
-1.916985100797186e-06
-1.798279049697316e-06
-1.791922040084160e-06
-1.474344045584997e-06
-1.849020372646226e-06
-1.747302842608489e-06
-1.924055780838652e-06
-1.792307007947302e-06
-1.435363245344545e-06
-1.459977207643459e-06
-1.969167850640607e-06
-1.882978626355225e-06
-1.988045595813226e-06
-1.904758895970859e-06
-1.990525044570646e-06
-1.919477055495333e-06
-1.976396885483567e-06
-1.955483532212199e-06
-1.921162453566438e-06
-1.415666185389242e-06
-1.791796842842697e-06
-1.424585067313910e-06
-1.795356003975179e-06
-9.422463375652335e-07
-1.926991361034247e-06
-1.834568819969462e-06
-1.952707453456437e-06
-1.985018781514025e-06
-1.808527385793735e-06
-1.469734903031261e-06
-1.778330774554471e-06
-1.464381749097243e-06
-1.462302856483633e-06
-1.801445235094512e-06
-1.804609305988691e-06
-1.460389317378685e-06
-1.468838784463022e-06
-1.447448999311596e-06
-1.792422431701191e-06
-1.793508709380109e-06
-1.917948164231742e-06
-1.987798856128986e-06
-1.905411107616661e-06
-1.897392567173917e-06
-1.416004783469371e-06
-1.794491396950315e-06
-1.792204227385463e-06
-1.429066262825796e-06
-9.357627614586805e-07
-1.801589124744707e-06
-1.798422230081531e-06
-1.425374385993772e-06
-1.431502613419289e-06
-1.922417337624216e-06
-1.434180442544397e-06
-9.321127878714197e-07
0.000000000000000e+00
0.000000000000000e+00
-9.658737131768014e-07
0.000000000000000e+00
-1.938807298790257e-06
-1.985726096193074e-06
-1.977093720656464e-06
-1.975873237136661e-06
-1.926321717471424e-06
-1.814801030675106e-06
-1.469633724562880e-06
-1.463445830143795e-06
-1.772177022463239e-06
-1.442897072587157e-06
-9.649728881233610e-07
-1.429529145155484e-06
0.000000000000000e+00
-9.457789345301837e-07
-9.724548329093086e-07
0.000000000000000e+00
-1.458053257838432e-06
-1.468216925412658e-06
-9.432477501986058e-07
-9.688350252612388e-07
0.000000000000000e+00
0.000000000000000e+00
0.000000000000000e+00
-1.732210995586403e-06
-1.766873963304771e-06
-1.427670770340339e-06
-1.414641296992869e-06
-9.419952359118744e-07
-1.877136793448919e-06
-1.732391816305912e-06
-1.764481537241958e-06
-1.794944376243279e-06
-1.989521843687170e-06
-1.885112462490790e-06
0.000000000000000e+00
0.000000000000000e+00
0.000000000000000e+00
0.000000000000000e+00
0.000000000000000e+00
0.000000000000000e+00
0.000000000000000e+00
0.000000000000000e+00
-1.745898594307516e-06
-1.888187359383453e-06
-1.993377660380879e-06
-1.975058427972076e-06
-1.775889261479424e-06
-1.891819274041362e-06
-1.985307180096818e-06
-1.948963430142836e-06
-1.931997833937160e-06
-1.874842692706213e-06
-1.938291862069175e-06
-1.775619635713266e-06
-1.785964324652056e-06
-1.452659630946096e-06
-9.546117094999529e-07
-1.976182621071798e-06
-1.885509034293964e-06
-1.888169018082753e-06
-1.952963961687759e-06
-1.780689842745264e-06
-1.779781524463564e-06
-1.893733198365943e-06
-1.787990089485714e-06
-1.783855051645800e-06
-1.947598345597434e-06
-9.379223666755587e-07
-9.156837796342465e-07
0.000000000000000e+00
-1.419795228538301e-06
-1.420651385239391e-06
0.000000000000000e+00
-9.539846477779612e-07
-9.617593723781903e-07
0.000000000000000e+00
-9.690669267731211e-07
-9.512798602728800e-07
0.000000000000000e+00
-9.495894484207179e-07
-1.429693823454259e-06
-1.464303643838871e-06
0.000000000000000e+00
-9.547684236554943e-07
0.000000000000000e+00
0.000000000000000e+00
0.000000000000000e+00
-9.387551556522267e-07
-9.652978843893711e-07
0.000000000000000e+00
-1.474007138568822e-06
0.000000000000000e+00
-9.557365733964263e-07
0.000000000000000e+00
-9.555552023393643e-07
0.000000000000000e+00
0.000000000000000e+00
0.000000000000000e+00
-9.372973180099553e-07
0.000000000000000e+00
0.000000000000000e+00
0.000000000000000e+00
-9.538451791885061e-07
0.000000000000000e+00
-1.425582537878389e-06
-9.615380183597422e-07
-9.156654390413133e-07
0.000000000000000e+00
0.000000000000000e+00
-9.519128452428749e-07
0.000000000000000e+00
-9.518606044339739e-07
0.000000000000000e+00
0.000000000000000e+00
-9.511341440004983e-07
-9.135132301579807e-07
-1.429968397914649e-06
-1.426025310849455e-06
-9.387132546279098e-07
0.000000000000000e+00
-9.546233576684937e-07
0.000000000000000e+00
0.000000000000000e+00
0.000000000000000e+00
0.000000000000000e+00
0.000000000000000e+00
0.000000000000000e+00
0.000000000000000e+00
0.000000000000000e+00
0.000000000000000e+00
0.000000000000000e+00
0.000000000000000e+00
0.000000000000000e+00
0.000000000000000e+00
0.000000000000000e+00
0.000000000000000e+00
0.000000000000000e+00
0.000000000000000e+00
0.000000000000000e+00
0.000000000000000e+00
0.000000000000000e+00
-9.484687878563713e-07
0.000000000000000e+00
-1.465054325994197e-06
-1.456606510463754e-06
-9.412900186384077e-07
-9.299618182606606e-07
-9.450755249079679e-07
0.000000000000000e+00
-9.362444457483576e-07
-1.417999350022958e-06
-1.428319378618537e-06
-9.432228718492253e-07
0.000000000000000e+00
-9.326929848313403e-07
-9.538862870972498e-07
-1.441289635029097e-06
-9.510169174664629e-07
0.000000000000000e+00
0.000000000000000e+00
-9.334038585107063e-07
-1.427198263209695e-06
-1.793495112561994e-06
-1.414607186070449e-06
-1.782409329659229e-06
-1.433116819576918e-06
-9.486812182213367e-07
-9.492281017320359e-07
-9.686920843937630e-07
0.000000000000000e+00
0.000000000000000e+00
0.000000000000000e+00
0.000000000000000e+00
0.000000000000000e+00
-1.451513636285817e-06
-9.374140847451251e-07
-1.435636316507449e-06
-9.471222681273206e-07
-1.411741707715852e-06
-9.260911315867038e-07
-1.801650356902940e-06
-1.410474090052238e-06
-1.824449524512328e-06
-1.473654975797656e-06
-1.779587308403663e-06
-1.457134337315424e-06
-9.541464741913419e-07
0.000000000000000e+00
0.000000000000000e+00
-1.448321878358416e-06
-9.567435173968297e-07
-1.771631923414008e-06
-1.424522239779069e-06
-9.508532311380824e-07
0.000000000000000e+00
-9.300405523493538e-07
-1.426082656616479e-06
-1.432599420689296e-06
-1.750977384390451e-06
-1.712491394578741e-06
-9.487610541369929e-07
-1.452883290800622e-06
-1.475279242227345e-06
-1.753973431189992e-06
-1.792025128011243e-06
-9.643692409355697e-07
-9.487265700963698e-07
-1.766177892159604e-06
-1.475620695384761e-06
-1.482024938784243e-06
-9.596347168017161e-07
-9.628624003249486e-07
0.000000000000000e+00
0.000000000000000e+00
-9.677206837532815e-07
-9.477174011396361e-07
-1.459644992249376e-06
-1.916019371023259e-06
-1.785253482849969e-06
0.000000000000000e+00
0.000000000000000e+00
0.000000000000000e+00
0.000000000000000e+00
0.000000000000000e+00
0.000000000000000e+00
0.000000000000000e+00
0.000000000000000e+00
0.000000000000000e+00
0.000000000000000e+00
0.000000000000000e+00
0.000000000000000e+00
-9.340972645238699e-07
0.000000000000000e+00
0.000000000000000e+00
0.000000000000000e+00
0.000000000000000e+00
0.000000000000000e+00
0.000000000000000e+00
0.000000000000000e+00
0.000000000000000e+00
0.000000000000000e+00
0.000000000000000e+00
0.000000000000000e+00
0.000000000000000e+00
0.000000000000000e+00
0.000000000000000e+00
0.000000000000000e+00
0.000000000000000e+00
0.000000000000000e+00
0.000000000000000e+00
0.000000000000000e+00
0.000000000000000e+00
0.000000000000000e+00
0.000000000000000e+00
0.000000000000000e+00
0.000000000000000e+00
0.000000000000000e+00
0.000000000000000e+00
0.000000000000000e+00
0.000000000000000e+00
0.000000000000000e+00
0.000000000000000e+00
0.000000000000000e+00
0.000000000000000e+00
0.000000000000000e+00
0.000000000000000e+00
0.000000000000000e+00
0.000000000000000e+00
0.000000000000000e+00
0.000000000000000e+00
0.000000000000000e+00
0.000000000000000e+00
0.000000000000000e+00
0.000000000000000e+00
0.000000000000000e+00
0.000000000000000e+00
0.000000000000000e+00
0.000000000000000e+00
0.000000000000000e+00
0.000000000000000e+00
0.000000000000000e+00
0.000000000000000e+00
0.000000000000000e+00
0.000000000000000e+00
0.000000000000000e+00
0.000000000000000e+00
0.000000000000000e+00
0.000000000000000e+00
0.000000000000000e+00
0.000000000000000e+00
0.000000000000000e+00
0.000000000000000e+00
0.000000000000000e+00
0.000000000000000e+00
0.000000000000000e+00
0.000000000000000e+00
0.000000000000000e+00
0.000000000000000e+00
0.000000000000000e+00
0.000000000000000e+00
0.000000000000000e+00
0.000000000000000e+00
0.000000000000000e+00
0.000000000000000e+00
0.000000000000000e+00
0.000000000000000e+00
0.000000000000000e+00
0.000000000000000e+00
0.000000000000000e+00
0.000000000000000e+00
0.000000000000000e+00
0.000000000000000e+00
0.000000000000000e+00
0.000000000000000e+00
0.000000000000000e+00
0.000000000000000e+00
0.000000000000000e+00
0.000000000000000e+00
0.000000000000000e+00
0.000000000000000e+00
0.000000000000000e+00
-9.234566304971992e-07
0.000000000000000e+00
0.000000000000000e+00
0.000000000000000e+00
0.000000000000000e+00
0.000000000000000e+00
0.000000000000000e+00
0.000000000000000e+00
0.000000000000000e+00
0.000000000000000e+00
0.000000000000000e+00
0.000000000000000e+00
0.000000000000000e+00
0.000000000000000e+00
-9.490835793934949e-07
0.000000000000000e+00
0.000000000000000e+00
0.000000000000000e+00
0.000000000000000e+00
0.000000000000000e+00
0.000000000000000e+00
0.000000000000000e+00
0.000000000000000e+00
0.000000000000000e+00
0.000000000000000e+00
0.000000000000000e+00
0.000000000000000e+00
0.000000000000000e+00
0.000000000000000e+00
0.000000000000000e+00
0.000000000000000e+00
0.000000000000000e+00
0.000000000000000e+00
0.000000000000000e+00
0.000000000000000e+00
0.000000000000000e+00
0.000000000000000e+00
0.000000000000000e+00
-9.480498256303482e-07
0.000000000000000e+00
0.000000000000000e+00
0.000000000000000e+00
0.000000000000000e+00
-9.449309353454227e-07
-9.485662970237785e-07
0.000000000000000e+00
0.000000000000000e+00
0.000000000000000e+00
0.000000000000000e+00
-9.494163989431925e-07
-9.434926771384466e-07
0.000000000000000e+00
-1.951912838332737e-06
-1.792019834689906e-06
-1.889858730202976e-06
-1.440137757893756e-06
0.000000000000000e+00
0.000000000000000e+00
0.000000000000000e+00
0.000000000000000e+00
0.000000000000000e+00
0.000000000000000e+00
0.000000000000000e+00
0.000000000000000e+00
0.000000000000000e+00
0.000000000000000e+00
0.000000000000000e+00
0.000000000000000e+00
0.000000000000000e+00
0.000000000000000e+00
0.000000000000000e+00
0.000000000000000e+00
0.000000000000000e+00
0.000000000000000e+00
0.000000000000000e+00
0.000000000000000e+00
0.000000000000000e+00
0.000000000000000e+00
0.000000000000000e+00
0.000000000000000e+00
0.000000000000000e+00
0.000000000000000e+00
0.000000000000000e+00
0.000000000000000e+00
0.000000000000000e+00
0.000000000000000e+00
0.000000000000000e+00
0.000000000000000e+00
0.000000000000000e+00
0.000000000000000e+00
0.000000000000000e+00
0.000000000000000e+00
0.000000000000000e+00
0.000000000000000e+00
0.000000000000000e+00
0.000000000000000e+00
0.000000000000000e+00
0.000000000000000e+00
0.000000000000000e+00
0.000000000000000e+00
0.000000000000000e+00
0.000000000000000e+00
0.000000000000000e+00
0.000000000000000e+00
0.000000000000000e+00
0.000000000000000e+00
0.000000000000000e+00
0.000000000000000e+00
0.000000000000000e+00
0.000000000000000e+00
0.000000000000000e+00
0.000000000000000e+00
0.000000000000000e+00
0.000000000000000e+00
0.000000000000000e+00
0.000000000000000e+00
0.000000000000000e+00
0.000000000000000e+00
0.000000000000000e+00
0.000000000000000e+00
0.000000000000000e+00
0.000000000000000e+00
0.000000000000000e+00
0.000000000000000e+00
0.000000000000000e+00
0.000000000000000e+00
0.000000000000000e+00
0.000000000000000e+00
0.000000000000000e+00
0.000000000000000e+00
0.000000000000000e+00
0.000000000000000e+00
0.000000000000000e+00
0.000000000000000e+00
0.000000000000000e+00
0.000000000000000e+00
0.000000000000000e+00
0.000000000000000e+00
0.000000000000000e+00
0.000000000000000e+00
0.000000000000000e+00
0.000000000000000e+00
0.000000000000000e+00
0.000000000000000e+00
0.000000000000000e+00
0.000000000000000e+00
0.000000000000000e+00
0.000000000000000e+00
0.000000000000000e+00
-1.968789786643832e-06
-1.985900022372089e-06
-1.995798796616821e-06
-1.912339038567801e-06
-1.923805616699248e-06
0.000000000000000e+00
0.000000000000000e+00
0.000000000000000e+00
0.000000000000000e+00
0.000000000000000e+00
0.000000000000000e+00
0.000000000000000e+00
0.000000000000000e+00
0.000000000000000e+00
0.000000000000000e+00
0.000000000000000e+00
0.000000000000000e+00
0.000000000000000e+00
0.000000000000000e+00
0.000000000000000e+00
0.000000000000000e+00
0.000000000000000e+00
0.000000000000000e+00
0.000000000000000e+00
0.000000000000000e+00
0.000000000000000e+00
0.000000000000000e+00
0.000000000000000e+00
0.000000000000000e+00
0.000000000000000e+00
0.000000000000000e+00
0.000000000000000e+00
0.000000000000000e+00
0.000000000000000e+00
0.000000000000000e+00
0.000000000000000e+00
0.000000000000000e+00
0.000000000000000e+00
0.000000000000000e+00
0.000000000000000e+00
0.000000000000000e+00
0.000000000000000e+00
0.000000000000000e+00
0.000000000000000e+00
0.000000000000000e+00
0.000000000000000e+00
0.000000000000000e+00
0.000000000000000e+00
0.000000000000000e+00
0.000000000000000e+00
0.000000000000000e+00
0.000000000000000e+00
0.000000000000000e+00
0.000000000000000e+00
0.000000000000000e+00
0.000000000000000e+00
-1.828396762659779e-06
-1.983310357556167e-06
-1.913466601694003e-06
-1.924841402989319e-06
-1.982991638005416e-06
-1.948210146041074e-06
-1.986328593051034e-06
-1.919220922186327e-06
-1.761320755827578e-06
-1.798331083269211e-06
-1.445289478860246e-06
-9.658470337958747e-07
0.000000000000000e+00
0.000000000000000e+00
0.000000000000000e+00
0.000000000000000e+00
0.000000000000000e+00
0.000000000000000e+00
0.000000000000000e+00
0.000000000000000e+00
0.000000000000000e+00
0.000000000000000e+00
0.000000000000000e+00
0.000000000000000e+00
0.000000000000000e+00
0.000000000000000e+00
0.000000000000000e+00
0.000000000000000e+00
0.000000000000000e+00
0.000000000000000e+00
0.000000000000000e+00
0.000000000000000e+00
0.000000000000000e+00
0.000000000000000e+00
0.000000000000000e+00
0.000000000000000e+00
0.000000000000000e+00
0.000000000000000e+00
0.000000000000000e+00
0.000000000000000e+00
0.000000000000000e+00
0.000000000000000e+00

nx  1  1102  double
5.031851182773768e-02
-4.478410810895604e-02
1.602631500410202e-02
-1.951401391520633e-02
-8.123567115256190e-02
8.372183971115503e-01
7.791763803065819e-01
7.671692647769329e-01
7.235120507189187e-01
7.173554667854480e-01
-4.230451713691967e-01
-3.592010030252517e-01
-3.826261479425844e-01
-3.108894498550665e-01
-4.232043388093447e-01
-5.083852629313359e-01
3.073631009485755e-01
2.939400369514999e-01
2.192866316172029e-01
2.440360452646650e-01
3.708508981640976e-01
2.038382135550587e-01
2.790392170515267e-01
-6.831279038833714e-01
-6.234406222551148e-01
-6.764981065071837e-01
-6.213501255459556e-01
-5.585371831229369e-01
-6.118782079665575e-01
-5.533109948501008e-01
-8.246195143843681e-01
-8.913011872332430e-01
-9.181725579859761e-01
-8.589278095436694e-01
-8.496943229891165e-01
-8.797887552727279e-01
9.328429526020344e-01
9.043335838196199e-01
9.242167479755811e-01
9.541814332594311e-01
9.724886058049563e-01
9.214055424811193e-01
9.485527301414218e-01
8.976028071973018e-01
8.981428503612437e-01
9.134570652671606e-01
8.799449929519405e-01
8.660078335453096e-01
9.436705765331579e-01
-2.899128126736702e-01
-2.456414632476633e-01
-3.342635610663349e-01
-2.074966510161263e-01
-2.865356161174392e-01
-3.749363807625443e-01
-4.197548368331458e-01
-3.085435853986280e-01
-2.177345542202999e-01
-2.453726469154309e-01
-3.726437569552128e-01
-5.209875867102152e-01
-5.395322793520191e-01
-5.997710327557845e-01
-4.589943678552300e-01
-4.995286417223703e-01
-4.367344390323153e-01
-2.732477005788871e-02
8.066048689817510e-03
-9.080463539670004e-02
-1.232092418740672e-01
1.588376495922393e-01
9.376114691047231e-02
1.970202802699604e-01
2.613214187616029e-01
5.558433032303738e-02
2.988800588964741e-01
-8.179308309108004e-01
-7.512486426680961e-01
-8.385976990667802e-01
-8.793497126029060e-01
-8.589039962897814e-01
-8.567617245978751e-01
-7.762480399471857e-01
-7.965521576168443e-01
-5.379481493520593e-01
-4.861613385439917e-01
-1.957924471730832e-01
-1.323588838324790e-01
-5.358782564406885e-01
-6.193105147364083e-01
-5.948226991311252e-01
-5.821409553670559e-01
-6.410156724065686e-01
-5.603886896822202e-01
-8.335812864231263e-01
-8.024482080711727e-01
-8.010777363557726e-01
-7.706757051147158e-01
-7.346963825153486e-01
-7.008034350184044e-01
-8.550036265854581e-01
-7.273912738360108e-01
-6.511202981056166e-01
-6.752521505243595e-01
-6.229348707660952e-01
-7.029044116657812e-01
1.026955735005042e-01
6.503916871414386e-02
1.692918415398333e-01
2.056840941471821e-01
2.345066150542559e-01
1.317043258733716e-01
1.393710858346703e-01
3.655954360192785e-02
-7.664088118617337e-01
-8.308155699020349e-01
-7.935094339727188e-01
-7.230608901047947e-01
-6.917345929981310e-01
-8.868197830699851e-01
-2.829350865768884e-01
-2.462152443120828e-01
-1.438278036949457e-01
-3.471144619650409e-01
-3.103563931356308e-01
3.226990895737425e-01
1.777163981067981e-02
1.204977782947348e-01
2.229038086267267e-01
8.244334629367851e-02
1.841368326693429e-01
7.787696474697466e-03
7.318379569078363e-02
-2.959940396587172e-02
1.751724704581770e-01
2.091509902189135e-01
4.407039840106419e-02
1.093485401536981e-01
4.325436578045828e-01
3.974888799752556e-01
3.606842207982079e-01
4.573056806876415e-01
4.202290556590699e-01
4.924906820462430e-01
5.486407102514185e-01
3.398635721461997e-01
2.412382831257860e-01
2.744886842377690e-01
-5.834377653718771e-01
-5.835209304043587e-01
-6.251838322290348e-01
-5.441569409056602e-01
-5.035187506375917e-01
6.875457884913730e-01
7.403535901454386e-01
6.659948694569472e-01
7.185947156090973e-01
6.314904427956944e-01
6.096142490158839e-01
-6.640650475215492e-01
-6.586475547975669e-01
-7.357403387352403e-01
-7.673947335744435e-01
-6.984651273305065e-01
3.356866685232964e-01
3.625551852533385e-01
3.066997655295937e-01
2.411845680463751e-01
2.711122316997144e-01
2.577883279082708e-01
3.484988107212023e-01
3.220409614299555e-01
4.149494611562992e-01
4.081743580840640e-01
4.634163336204312e-01
3.998702311723195e-01
4.894931661182971e-01
5.505396822790625e-01
3.714530527605540e-01
5.111916052394986e-01
5.720879022115722e-01
4.263435187200317e-01
-4.925611184738948e-01
-4.769291194364079e-01
-4.153839539017146e-01
-4.316552480557386e-01
-5.025371068863269e-01
-3.963630778991394e-01
-3.327896059740227e-01
5.254310616490944e-01
5.848291841179123e-01
5.564395330197262e-01
6.415987795304774e-01
4.970118649679461e-01
4.349742968927737e-01
-4.742930783936473e-01
-4.108604146900123e-01
-3.824562221040447e-01
-4.457182991674284e-01
8.153387521382589e-01
7.220140438127902e-01
7.601693021140490e-01
7.786251001924837e-01
7.954394098852190e-01
-4.172178311770463e-01
-3.273972717157238e-01
-3.674965775693091e-01
-2.738996662475269e-01
-4.579284694511113e-01
-2.702945084557499e-01
-3.527867186287025e-01
-2.897583531514228e-01
-2.106800096085838e-01
-3.125449076359696e-01
-6.347161423466253e-01
-5.748880051801222e-01
-5.611821016029500e-01
-8.074024231381577e-01
-7.361909584236039e-01
1.999053720402478e-01
1.660084001307279e-01
1.316063286972597e-01
2.942697019314235e-01
2.042157679284090e-01
1.131354975429746e-01
-5.420653130847575e-01
-5.003775894345880e-01
-4.614395766547016e-01
-4.994056385048387e-01
-4.586646655502083e-01
-5.299675165332866e-01
-5.724460523828543e-01
-7.869507904341205e-01
-8.314132992987091e-01
-8.178557709177325e-01
-8.558999657973609e-01
-8.932893915164689e-01
-8.684135615870365e-01
9.631864156683647e-01
9.386886939290255e-01
9.347841195261068e-01
9.739411419151238e-01
9.326587226576316e-01
4.660932982415520e-01
4.038783142505952e-01
3.706156547920783e-01
3.356116035053244e-01
2.711130804584461e-01
3.063976376815264e-01
-5.363230686873557e-01
-4.770186141878801e-01
-4.151025165422912e-01
-3.817984272650171e-01
-3.178673158381333e-01
-5.075970052596415e-01
-5.665802891334486e-01
-7.804271365800420e-01
-7.297537770966023e-01
-7.172291719476653e-01
-6.801900779779175e-01
-7.468725049069044e-01
-4.468444011572553e-01
-5.094826906261100e-01
-5.651980780176484e-01
-5.745651698158680e-01
-6.665985357350723e-01
-7.376614255817888e-01
-5.900923191617605e-01
-7.724473905578223e-02
-3.914718783883634e-02
2.715831926622207e-02
-1.083126250269790e-02
6.608823003898214e-01
5.907427519174815e-01
6.045255316232674e-01
6.672747029084559e-01
8.841021592484499e-01
8.242141818033561e-01
8.575134702171883e-01
8.281037411804317e-01
7.953581013771323e-01
8.780646710421696e-01
-6.754003270991629e-01
-6.445005578950970e-01
-5.920772356957195e-01
-5.588160299464081e-01
3.858385019218798e-01
4.489878989406936e-01
4.682176867002183e-01
5.301892906004413e-01
4.829965814890395e-01
5.458159622581358e-01
1.454514977577040e-01
1.071311587181935e-01
6.996899410164947e-02
3.031078282849138e-01
2.630736130618594e-01
2.059849755888218e-01
2.449646549349185e-01
1.671511877681278e-01
-5.031120462537686e-01
-4.679834875329043e-01
-4.086254013636248e-01
-4.435402289230889e-01
-4.311015616468836e-01
-3.719200106573256e-01
-7.367671010453909e-01
-7.258453146472017e-01
-6.569886715344871e-01
-7.130629409949293e-01
-6.749691685810583e-01
-7.791013349509344e-01
-1.355408424887838e-03
-6.771602910206423e-02
-1.056664793960787e-01
-2.089240858158132e-01
-1.706281443309178e-01
4.480765545365042e-02
-5.562495941170709e-02
-1.209277075199012e-01
-1.974663243536558e-02
-8.522163539541062e-02
-3.339272694061400e-01
-2.344708428895374e-01
-2.729810993524972e-01
-2.954206424143125e-01
-2.561551257294390e-01
-3.930274114532232e-01
-2.209390110457837e-01
-2.522703369578282e-01
-3.177999235804931e-01
-1.552766819250138e-01
-1.876880754100363e-01
-3.468548022157942e-01
-2.824282910495315e-01
6.942011832337120e-01
7.427703275848569e-01
6.661901247856522e-01
7.890123742798781e-01
7.678371161372981e-01
1.288611543523564e-01
1.850307646660694e-01
9.204530410570723e-02
3.373078957241391e-02
1.466599233342956e-01
2.362086728568488e-01
1.969688136982024e-01
3.427684712259716e-01
4.368970276505352e-01
2.840876293371730e-01
3.821561626761728e-01
-3.140120151410035e-01
-3.536913834618054e-01
-4.081566886048561e-01
-2.172685778967007e-01
-4.985840525575110e-01
-4.472478284590115e-01
1.558478995458552e-01
1.112885970240702e-01
5.642464114066333e-02
2.216876841834766e-02
7.342174022795946e-02
-1.345556308978620e-02
6.555936863340465e-01
7.287228641316782e-01
6.126579200614362e-01
6.923553637660478e-01
7.266106794746958e-01
7.631664155696822e-01
-5.648210494239198e-02
-9.414711835576091e-02
-1.569334951358552e-01
-1.185823232737866e-01
1.718163213719683e-01
1.434390731405660e-01
8.174092042072058e-02
-1.046342466521689e-02
2.348645802747916e-02
1.126738479926584e-01
-1.868233847239974e-01
-2.527775346869241e-01
-2.861541076136890e-01
-3.514187803800096e-01
4.926695815147807e-01
4.619506685390070e-01
4.155397709413416e-01
4.774898601983591e-01
3.972489705260297e-01
4.328541802745235e-01
5.281659483634256e-01
6.534310129376315e-01
6.911837044786501e-01
6.168228919227563e-01
5.347096782347134e-01
5.745713062651269e-01
4.941669997600873e-01
-6.964789560357871e-01
-7.653533941890728e-01
-8.257691097721997e-01
-8.657340690933113e-01
-8.121487805063730e-01
-7.488426637520367e-01
7.143652334648437e-01
6.830335313959001e-01
7.866596112581921e-01
7.583832818351532e-01
8.495874444121693e-01
8.108815174104044e-01
-1.399451947246531e-01
-2.343828125880572e-01
-1.952434813315581e-01
-1.781053050868765e-01
6.130374171983290e-01
5.259723995994227e-01
5.821569099576891e-01
6.351958882889769e-01
-4.843175411332373e-02
-2.176409993111905e-01
-1.810957848424222e-01
-1.514573280285360e-01
-1.146230644986714e-01
1.766124481115812e-01
1.435552306495925e-01
7.921546027978033e-02
2.065357081347507e-01
1.120632495520617e-01
2.984041996079365e-01
2.355556555295669e-01
3.571393940629031e-01
4.070707397043308e-01
4.090751919640514e-01
4.515707192186372e-01
3.654104250270097e-01
7.039785726416423e-01
6.489124596132545e-01
7.176850239018199e-01
8.218701461699037e-01
7.700482068499127e-01
7.564691939883217e-01
2.761252904932377e-01
3.169871004921532e-01
3.253502726671161e-01
2.236881664555682e-01
6.015105800120062e-01
6.491438685914478e-01
5.656439960228300e-01
4.757776009807345e-01
5.130763633606537e-01
-6.126593942347262e-02
-9.242913356035676e-02
-1.817814559623007e-01
-1.548397775234084e-01
-7.075597298644370e-04
-3.385513990433654e-02
-1.213018654144484e-01
5.744418756748083e-01
5.280102105655631e-01
4.887479368729475e-01
4.479631121020640e-01
3.976399173857479e-01
-6.111909880894418e-01
-6.581619278142421e-01
-5.752694753891759e-01
-6.217231839166070e-01
-5.232924992175654e-01
-1.208301219948224e-01
-6.714795553614100e-02
-1.573860299487744e-01
-1.679846905560016e-01
-8.533943456895612e-02
-3.361016699830311e-02
-1.024953713882396e-01
-3.266493247400316e-01
-3.784782670492693e-01
-2.528933601669798e-01
-2.120742548674918e-01
-2.925476932728465e-01
-1.653076819088296e-01
-1.703328405951964e-01
-2.249494735541922e-01
-2.305486032558277e-01
-2.855397354160258e-01
-9.004071447046627e-02
-2.450800497980405e-01
1.360182384134649e-01
7.947439888800305e-02
5.290179658626819e-02
-2.954481927700717e-04
8.618729415961865e-01
8.644943310808469e-01
8.174941801461567e-01
8.491902204448780e-01
8.050307997295476e-01
1.300920597857669e-01
1.777935450471888e-01
2.031572177407008e-01
9.885941321812372e-02
1.145586285072146e-01
-6.286839774590166e-01
-6.148894766226572e-01
-6.819768509423487e-01
-6.176958424208921e-01
-6.840104816177829e-01
-6.307825323928262e-01
-9.697544340011810e-01
-9.303215782199973e-01
-9.312461102959116e-01
-9.676288330585131e-01
-9.678531487847480e-01
-9.386059196137302e-01
-9.377549699222572e-01
-9.197027574350216e-01
-9.595688698496156e-01
-9.416432517638346e-01
-8.835651133978363e-01
-8.622350037743756e-01
-9.057055615390169e-01
-9.215393444481959e-01
-9.123802628760380e-02
-5.279537102829812e-02
-1.335067399420405e-01
-1.684456591766638e-01
-1.598756016394703e-01
8.775267768424958e-01
9.077902137056142e-01
8.667998937025265e-01
8.924386711949430e-01
8.490203322760508e-01
-9.022419775660233e-01
-1.092651201733748e+00
-4.434893724008663e-01
-4.578609381852009e-01
-1.121533365160547e+00
1.103398589972788e-01
9.204424055475654e-01
8.869487745776343e-01
9.074753953046983e-01
8.727974169061731e-01
8.323841972908070e-01
5.835663768435406e-01
5.438297988135593e-01
6.027211388559556e-01
6.564169594906268e-01
6.577586719142769e-01
7.022520877607327e-01
-2.379931347753141e-01
-1.229253923522865e-01
-2.492551666564359e-01
-3.394649922030886e-01
-1.576285019446340e-01
-5.095114463699995e-01
-4.468293297494071e-01
-6.656301690236636e-01
-5.875654747654341e-01
-2.571387040319189e-01
-2.894633891827901e-01
6.770889888853290e-02
9.466130094198691e-02
2.485857735456458e-02
5.506205251079936e-02
-1.896702251163114e-02
2.378331597132728e-02
-7.855931879464039e-01
-8.298389243541190e-01
-7.874847582073898e-01
-7.344782992030979e-01
-7.265018603821478e-01
-7.392815492348219e-01
1.648323371602793e-02
1.817022899057429e-02
-4.439778127477626e-03
-5.074394462526310e-03
2.342009234340163e-03
-4.093551771122751e-03
1.867155592699167e-03
2.101863734989047e-03
-1.253151818079665e-01
-9.470962039424931e-02
-6.395849694908494e-02
-1.498889980180759e-01
-5.362481754256327e-02
-9.238039473172249e-01
-8.922681694624790e-01
-9.128268727691511e-01
-9.211428037833528e-01
-8.957840602090231e-01
-9.028666123341976e-01
-9.447634537406483e-01
-9.590672116289878e-01
-9.194299387275987e-01
-1.136163915208042e+00
6.118285335111513e-01
6.609878167647458e-01
6.067249966759565e-01
5.500982988226232e-01
7.128462319078896e-01
-3.602327297924335e-01
-4.459166399076395e-01
-4.254132981948618e-01
-4.986781456480944e-01
-3.739920253800031e-01
-1.061232461920593e+00
-1.022189875427298e+00
-4.298319001911192e-01
-8.512742490014559e-01
-8.162785582401814e-01
-4.741407317234292e-01
-1.150353117977494e+00
-1.150734504877424e+00
-4.713049785451889e-01
-1.149760717433449e+00
1.106685443305431e+00
4.547412174337644e-01
1.081072027141179e+00
8.869369523803398e-01
9.090914305951946e-01
-4.740415332601823e-01
-1.136045592953740e+00
-4.645576052108518e-01
1.141438432673900e-01
1.392001154536936e-01
3.814077688763121e-01
4.676189214560943e-01
1.743236290396294e-01
3.428674132150865e-01
2.426109959688587e-01
5.500010637830165e-01
2.119432574522596e-01
6.273643002891094e-01
2.743562184242638e-01
-6.367654950511656e-02
3.063556727133050e-01
7.718745364312998e-01
3.303526995841668e-01
-7.715196132316826e-02
-7.094105472455520e-02
-9.255623475333546e-01
-3.693178747043877e-01
-7.804885375358623e-01
-8.684968415162950e-01
-9.756407762571979e-01
-3.454685497227614e-01
6.607821735827182e-02
2.057651227223185e-01
1.024779229341548e-01
2.942433880447847e-01
2.907808523187803e-02
1.401324851245179e-01
3.822679174490502e-01
1.041547136375894e+00
7.955007906906076e-01
8.374849403300564e-01
1.001387975505939e+00
-2.264305447409053e-01
-5.066043841476408e-01
-1.924177053124438e-01
5.895386324151709e-02
5.112735959798981e-02
-4.103672679703590e-01
-3.931641795351006e-01
9.744057646271102e-02
9.415990974911750e-02
1.039841478466256e-01
-2.265002938454039e-01
-2.590914732386608e-01
-2.878247303865450e-01
-1.939237949378512e-01
5.909545108393797e-02
6.725115593936611e-02
6.601776846574675e-02
2.748818226610879e-02
1.038171818474320e-01
-2.079327294026538e-02
-1.152473577566545e-02
3.901374217395656e-03
-4.236495917438142e-01
-1.564717234843110e-01
-3.808605846609837e-01
-3.073395567472115e-01
-3.367467684998475e-01
1.076007012463805e+00
1.044268023174577e+00
4.364856867280548e-01
-1.023234947200645e+00
-8.131165356299950e-01
-7.730315340111494e-01
-9.790395290916336e-01
-4.289319608621635e-01
-1.063625075159391e+00
1.129132783989889e+00
9.128872099606546e-01
1.106676030396610e+00
4.590201180327507e-01
4.592040795491357e-01
9.536029576248680e-01
7.965016972252620e-01
8.424413026799816e-01
8.339449081197765e-01
8.032991620861527e-01
7.552101437485236e-01
1.152932724274497e+00
1.149384381120872e+00
1.145664482226785e+00
4.738481634837487e-01
4.727270101261599e-01
4.680769125412858e-01
-1.166286230361310e-01
-1.142580535792493e-01
-6.858628082949718e-01
-8.675789667141212e-01
-7.324854492490134e-01
-9.283207822617957e-01
-1.731846278623731e-02
2.300769190032853e-02
2.250910402544895e-02
5.491637571122089e-02
4.675706622950419e-01
4.173282650099412e-01
3.919400916801237e-01
3.429367419118630e-01
4.668954623682450e-01
1.743858126319712e-01
2.093019772703328e-01
-9.007204017908128e-01
-1.119855995679215e+00
-9.252577630049806e-01
-8.780421620409119e-01
-1.094331780838848e+00
-4.592876362424715e-01
8.381760646656896e-01
7.081030598204201e-01
7.501298502785065e-01
7.633413983839334e-01
8.101174034779339e-01
9.003050758590423e-01
6.573775044180988e-01
5.993561662224309e-01
6.587267340902662e-01
7.048599354645306e-01
7.752453527055737e-01
7.020375992461424e-01
5.348959589371870e-01
4.766618036034054e-01
5.461716044213831e-01
5.504000445061865e-01
6.284092273495601e-01
2.442191968369069e-01
2.735617927628202e-01
1.130123321310707e+00
1.142220798527902e+00
9.290209072992550e-01
9.174836544150758e-01
9.646894120357031e-01
4.691741623156043e-01
7.466181867470142e-02
-1.726858841563391e-02
-1.556484337675043e-02
4.308626328619052e-03
4.675171920431155e-03
-2.211638047771518e-03
-1.976223375416575e-03
-9.999292298579308e-02
-1.052204536741512e-01
2.470177697257831e-02
3.997705217932603e-01
1.001010858116484e+00
4.220224102414921e-01
2.414183560431567e-02
-9.631719280891299e-02
1.117932576444519e-01
-2.752296440448762e-02
-2.667710603042997e-02
1.066813845908273e-01
-4.435574692737184e-01
9.413340165612888e-02
9.741646712656943e-02
-3.703471958614909e-01
-3.928784738795014e-01
-4.099154427714610e-01
1.033016855160067e-01
1.457838020913642e-02
-5.512165408478970e-02
1.260657800224600e-02
-3.483151784587755e-03
-3.057497999871210e-03
1.605469209675115e-03
-7.279476908028357e-03
3.373261832458158e-02
1.600188748207628e-02
-5.087470663004053e-03
2.555348099443810e-02
-8.408122597996225e-02
-2.806604229715163e-02
1.145119332315975e-01
-2.842677423141294e-02
7.252077038778623e-03
-3.598372048184838e-03
-3.590245717469999e-03
3.902044784047276e-03
-2.020624308523133e-02
6.162721769635227e-03
8.468820646324522e-03
-3.811474687578591e-02
-2.989757246824792e-02
1.745419316358867e-03
-1.176272828274349e-02
-5.751714363798583e-04
-2.251702898073453e-03
-1.521130912852138e-04
-7.329160307541695e-04
2.171382937153579e-04
1.081290827372361e-01
-2.564101958716950e-02
-2.467912000321490e-02
6.648413563173829e-03
-3.152085330913068e-03
-3.308696683653316e-03
-2.820028618549330e-03
1.586994850212489e-03
-9.360590824691458e-04
4.401303622530445e-04
1.045735714107890e-03
-3.668195042647890e-04
-6.475869150357751e-04
2.664190078678185e-02
-1.067245804199149e-01
2.661061183504565e-02
2.807060307188126e-02
-1.141984484642880e-01
-1.119702466186985e-01
2.774985630250115e-02
-4.774206200545099e-02
1.055742940267818e-02
-3.823668280301514e-02
-3.011336344239281e-02
8.338866452858900e-03
-1.562351799748556e-02
-1.344014437620378e-02
3.822510839695893e-03
-1.745982397824945e-03
4.187217583092110e-03
-1.969602794282582e-03
2.026194268682509e-02
-7.848067255954218e-02
3.051592566099100e-01
3.331525199120509e-01
-7.115368186715412e-02
1.164403709180658e-01
-4.759092320369484e-01
-2.829949616640764e-02
1.159738909157143e-01
-8.963321707785774e-03
7.061279991521097e-03
-2.283054208313270e-03
-4.798484302402413e-02
-6.851716438450214e-02
7.408253168800473e-02
8.175161055993013e-02
8.659888139061359e-02
-3.165793088883901e-01
-4.648499377453912e-01
1.159299457002631e-01
1.131859661334900e-01
7.084451075530795e-03
-3.460280048065834e-03
3.595633168804855e-01
3.799084063224608e-01
-9.671483202655630e-02
4.042091743372278e-01
9.522028323410993e-01
-9.043783755184297e-02
1.167239689069906e-01
-2.823077429421312e-02
-2.845156839821389e-02
7.403279904066131e-03
7.510511387448441e-03
-3.681975144011545e-03
7.324958659618875e-03
-3.665637484908296e-03
4.328864944200821e-02
-9.499287968591811e-03
2.210964617255753e-03
2.690344274483691e-03
-1.205212645897473e-03
-1.001787533877039e-01
-1.061346577886191e-01
4.223210539333139e-01
4.384184703103375e-01
-1.090001059654376e-01
2.550837861867973e-02
2.633582511077470e-02
8.794051370313176e-02
-3.512383326605926e-01
-8.065780192905193e-01
-3.197799261662062e-01
7.998873290459078e-02
-1.011195923529994e-02
-4.628792463463835e-02
-1.582375346815882e-01
-6.969394993117441e-02
6.903285674452917e-03
3.826541854239735e-01
-9.128076945727727e-02
3.652098707757245e-01
8.980938954693366e-01
8.357858429830106e-01
-8.318142090297072e-02
6.854218594147669e-01
7.530589848924862e-01
7.456840537600189e-01
7.089323603166799e-01
-1.152232808306653e-01
-1.171846646872692e-01
4.722266713176382e-01
-1.150152829389307e-01
2.832776583626544e-02
-6.312375355105909e-02
-5.540643993193907e-02
1.455072393242580e-02
6.741321013424752e-03
7.050343512467718e-03
-3.385054013496655e-03
-2.709746644885026e-02
-2.690255013463545e-02
7.295596091083672e-03
-3.542125307681126e-03
4.801536824445296e-03
-2.216200825457602e-03
5.074371685733253e-03
-2.431422744299327e-03
-2.640123494316228e-03
-1.726978901492364e-02
-2.060401368442606e-02
-1.924491005584528e-02
5.833105572869843e-03
-3.004099140492009e-03
-2.231457708246792e-02
-2.347567419208667e-02
5.640354714151560e-03
-2.824353789953479e-03
-6.851387300583356e-03
-7.150358771035733e-03
3.446873778942270e-03
-7.168467398378798e-03
3.533075233940868e-03
3.589935134904238e-03
7.434314091567498e-03
-3.621688453789483e-03
-2.800141578285930e-02
7.118692325606216e-03
-3.485889992185523e-03
-3.595644234629879e-03
-6.195855833710791e-03
3.117928208761875e-03
2.298996397259206e-02
2.386994722400681e-02
-5.724199453293633e-03
2.944653054358466e-03
6.210604781360557e-03
-3.036970431347528e-03
5.480860679579904e-03
-2.834238090465157e-03
-2.238355773077706e-02
-2.341550104896638e-02
6.049282065147059e-03
-5.292581358919242e-03
2.727815096461154e-03
2.556275410265691e-03
2.128992107415498e-02
2.295937337814807e-02
-5.808552721827926e-03
2.947137862859110e-03
6.457295375365902e-03
-3.151829488905113e-03
-3.290217359398086e-03
-2.556955616701977e-02
-2.476757476864689e-02
6.359425377455642e-03
6.910296432593632e-03
-2.433890564873714e-03
1.054004348889808e-03
-1.867019263695322e-03
-1.324730429939207e-03
7.873478800545588e-04
5.081426243807938e-04
2.170328536890609e-03
1.607138563794349e-03
-9.293044017409652e-04
-9.212678198196088e-03
-7.340341422118317e-03
-6.478681289776630e-04
-1.222565001214885e-03
-7.054021628387381e-03
3.567809270628527e-03
-1.110366159160484e-01
2.693318983185972e-02
2.765298873428331e-02
4.607415506413020e-01
-7.501014918111311e-03
3.657541674164450e-03
-7.356758718610719e-03
3.587662805712656e-03
2.798282607262085e-02
-7.275165373679820e-03
4.477318178428441e-01
3.679889731683551e-01
2.843234932904183e-01
3.975775874803412e-01
3.317908325246304e-01
-6.454417407893025e-03
-6.743839744960701e-03
3.276211362325381e-03
3.070322125504060e-03
-6.083206330798068e-03
3.333473045652681e-03
2.753947867890764e-03
-1.157231541548460e-02
4.290057987112622e-02
3.221759118437659e-03
-1.463088153467851e-03
2.838933266656345e-02
-7.324864973448353e-03
2.830154338837067e-02
3.637245968957689e-03
3.651750205498882e-03
-7.431473957047446e-03
-7.038612584932970e-03
-6.657771452039252e-03
-6.442574788046071e-03
3.215775499427122e-03
3.454398454933142e-03
3.387308646628767e-03
-1.342520714301832e-03
6.232263943064324e-03
-1.903780514351548e-03
-2.419808613189144e-03
1.059274158513100e-03
8.034455033374664e-04
1.355388476245871e-03
3.715577562885612e-03
3.312981304411463e-03
-1.359503357078457e-02
-1.161145209388776e-02
5.086427168712094e-02
-1.730318446567013e-03
-1.480793289480084e-03
1.656001125731269e-02
-4.097606713296037e-03
-4.422696318878505e-03
1.817621994697996e-02
1.874622640726063e-03
2.098148974447691e-03
2.318540366992799e-03
-3.488723201092527e-03
-3.031795007590171e-03
1.263706856066607e-02
-4.730615537604602e-02
1.036041093499937e-02
1.607240903208977e-03
1.351936455171299e-03
5.926400351580170e-01
5.661189053361331e-01
6.309041755338669e-01
5.149073561708107e-01
4.908902308869039e-01
5.326548620510415e-01
6.147181711596638e-01
2.418069861487661e-01
2.459400825903884e-01
3.165674154446683e-01
2.755365696867185e-01
-2.499994749656375e-01
-8.674848703912016e-02
-1.210802970954927e-01
-4.987032211722877e-03
2.480766118301247e-02
1.622694192681405e-02
3.402644600829203e-02
1.985440622719335e-02
-5.374433549458940e-03
2.156710537914832e-02
-8.540530573225096e-02
2.716088813721358e-03
-5.013206427349984e-03
2.571569534031556e-03
-2.041981705169152e-02
5.230238653693283e-03
-1.937804420789962e-02
-2.641284113796486e-03
-2.443002145127141e-03
4.466359508450583e-04
-2.810971355219530e-03
-7.149686023759723e-05
-3.668270806194596e-04
1.032704151885860e-03
-1.476883097406041e-04
-5.873951076707303e-04
-7.222456927440292e-04
1.701826688514033e-03
2.115219662855307e-04
5.104084054982894e-04
-7.033208448681485e-05

ny  1  1102  double
-7.238222402334874e-01
-7.121965573248581e-01
-6.505675246093134e-01
-5.699625518588463e-01
-6.368740317630782e-01
-4.767101397029173e-01
-4.692986126851076e-01
-5.317078912710179e-01
-5.365829987309879e-01
-5.912430982402449e-01
-8.611687185688547e-01
-9.060703645723909e-01
-8.586455843667885e-01
-8.832459403347958e-01
-1.069324417423260e+00
-1.033625795534683e+00
-9.127271006058406e-01
-8.562096737220237e-01
-8.903308999676882e-01
-9.404798955039007e-01
-8.458886531605014e-01
-8.520755229999086e-01
-8.979172446062746e-01
6.792556927804203e-01
7.368922767029895e-01
6.077689907898678e-01
6.648417167394395e-01
7.274220164321022e-01
6.087720144486400e-01
6.731088512103857e-01
-4.200212283520169e-01
-3.830750628478404e-01
-3.102305073408404e-01
-4.551720095200635e-01
-3.989785099913309e-01
-3.289198333252357e-01
2.611419270419644e-01
1.921971088381168e-01
1.125870480068937e-01
1.877581299549032e-01
1.192981849196824e-01
1.501897260349889e-01
-1.886972192240079e-01
-1.852478880410635e-01
-2.544080540550167e-01
-3.327977469409915e-01
-4.001219982976635e-01
-3.636209380870012e-01
-2.678622268238807e-01
-8.412073131550165e-01
-7.999067662853707e-01
-7.800697278034746e-01
-8.601185129795174e-01
-7.346897341167268e-01
-7.139457128738755e-01
-7.579571807313354e-01
6.736190874800309e-01
6.681861630891135e-01
7.372741750861943e-01
6.062474341835934e-01
5.392364683084209e-01
6.090091488068412e-01
5.397484910027610e-01
6.094170821728516e-01
4.613577906703923e-01
5.350318353652358e-01
6.489814624976756e-01
5.684886322928930e-01
5.813093697113279e-01
6.601344297454776e-01
2.027368666566076e-01
1.223676834896528e-01
1.054842655122326e-01
1.854697560583234e-01
2.198519553602344e-01
8.838701489237563e-02
7.488820481965940e-03
-7.269646726244047e-03
9.235809227440191e-02
1.890299342606107e-02
-6.318002743357676e-02
1.728126464139493e-01
7.971050625684256e-02
1.650499145737020e-01
-3.885743469713789e-01
-3.195073407801732e-01
-3.769534171614533e-01
-3.008993641233880e-01
3.002966133806536e-01
3.089181014380371e-01
2.223820227364723e-01
4.655206417209642e-01
3.909347349465686e-01
3.858414063669925e-01
-2.949670827596600e-01
-2.335998638264133e-01
-3.772957916413647e-01
-3.194673928102842e-01
-2.563215309789671e-01
-3.429250270969724e-01
-3.418009798409909e-01
1.550052134783006e-01
1.443571835291472e-01
2.313549160388187e-01
5.338573479774384e-02
6.736691977731329e-02
-1.570336050411249e-01
-5.844054790610682e-02
-7.469070275135534e-02
-1.721974636294749e-01
6.846946479799017e-03
2.367557277728002e-02
-2.531059684830341e-01
-2.377188284060936e-01
-1.680435145500899e-01
-1.493321068793050e-01
-8.061434974571119e-02
-9.696491395424869e-02
-1.872910006732815e-01
-1.292131908983343e-01
8.881277293290486e-02
-8.781246600434571e-03
-2.537395563517310e-02
7.374866656902852e-03
-9.011713196188943e-02
2.635378756171283e-01
3.157249871630122e-01
2.993246190999526e-01
2.819382051644206e-01
3.926626674982358e-01
3.754854132017496e-01
-4.100539028873769e-01
-3.330468871175822e-01
-3.175295108328663e-01
-3.472529797395102e-01
-4.372283435530718e-01
-4.994206268536117e-01
-4.243656484651180e-01
-2.527316888234879e-02
7.109192545750602e-02
1.676635222105160e-01
1.496783475012242e-01
2.448791344002147e-01
5.449304499784832e-02
1.316121165781454e-01
-2.806133656385708e-01
-2.675497527237482e-01
-3.598866277928416e-01
-5.904880676585489e-01
-4.531307554739903e-01
-5.105781281543640e-01
-5.367278283457915e-01
-6.161778230269407e-01
-3.176375574317321e-01
-2.425116867364521e-01
-2.339657199616309e-01
-1.571377872982100e-01
-3.931991852860875e-01
-3.117525830850821e-01
-4.290388721758843e-01
-5.646463566133743e-01
-4.035643879739471e-01
-4.576485692299274e-01
-4.837614841601854e-01
-5.314248809170783e-01
-6.082013358601459e-01
-4.481856145307672e-01
-5.227536384828533e-01
-6.029317491074581e-01
-8.046579550539318e-01
-8.044930946726508e-01
-7.395601399133518e-01
-7.986942192799101e-01
-7.396009348170989e-01
-3.805070479260959e-01
-4.569946890736254e-01
-4.638984613142050e-01
-3.883840417047507e-01
-3.711722580428352e-01
-5.412554322726919e-01
-4.683885518355976e-01
-5.377579549279686e-01
7.347712604377534e-01
6.763118318112857e-01
7.377032518574788e-01
7.895884402477934e-01
7.766664249878076e-01
6.767635596404602e-01
7.391205211952186e-01
-3.023631859832032e-01
-2.241378851904051e-01
-1.335853853257467e-01
-1.463377096150185e-01
-2.133355826468649e-01
-2.926490133283970e-01
3.783443050162895e-01
4.549483281163705e-01
3.687795661274226e-01
2.904782753965611e-01
4.286463980971680e-01
5.311045771207058e-01
4.575938545262258e-01
4.994206664018154e-01
3.787983763175130e-01
-6.396121272889589e-01
-6.608275053688087e-01
-5.822733833035203e-01
-6.026256265888726e-01
-5.597776107894712e-01
7.966283373679993e-01
7.974159317128582e-01
8.493704874181784e-01
8.509371322883837e-01
8.761281757666551e-01
6.976896352662849e-01
7.430620478754307e-01
7.889152105840080e-01
8.218891686796835e-01
8.830934673333199e-01
-9.187015480967211e-01
-9.493779245989400e-01
-9.292129778671533e-01
-1.114940528585976e+00
-1.133124644743921e+00
-1.145801460971378e+00
-6.638651465227954e-01
-7.345736040527020e-01
-6.896140955472737e-01
-8.303719532751825e-01
-7.901254033848096e-01
-7.603548529980064e-01
-7.059830190768204e-01
4.562065253112841e-01
3.908768466393455e-01
5.109627699754153e-01
4.475681806666372e-01
3.759375300073182e-01
3.212374761177044e-01
3.805249183638221e-02
2.313948089440267e-03
7.247575473037811e-02
-4.122230372532456e-02
-7.682171243358235e-02
-1.202211989699980e-01
-2.002941396222900e-01
-1.057873672858894e-01
-9.060497247166342e-03
-9.048801077827964e-02
-1.871231614008417e-01
3.872370772458741e-02
1.185540705618947e-01
1.984574980685662e-01
1.037928541169771e-01
1.849996113162132e-01
2.109492693730108e-01
1.314938409201469e-01
5.763740434954101e-01
5.836677746293865e-01
6.039695934884636e-01
6.427503416307343e-01
6.387027757764132e-01
-8.306715750459905e-01
-7.842380002863072e-01
-7.977649884451702e-01
-7.413087755029778e-01
-9.410111779638998e-01
-8.826818993192813e-01
-9.863973545749731e-01
5.673020937365946e-02
-4.192575368433045e-02
3.999733176062539e-02
1.389763576916045e-01
-5.409515822825228e-01
-5.425806864866042e-01
-6.101661440541037e-01
-6.030419288542780e-01
1.301687884243218e-01
1.473607112640240e-01
2.128772897753428e-01
2.966057347915316e-01
2.336608764318415e-01
2.738613181890022e-01
-2.363449645249981e-02
-1.150856411407770e-01
-3.883994240950821e-02
-1.330044391027281e-01
-6.795371406650500e-01
-6.118362550317380e-01
-6.782042293893645e-01
-6.121280283619231e-01
-7.393100789037899e-01
-6.743072547741523e-01
4.668762994052811e-01
5.532741972423287e-01
6.355718519994735e-01
5.174013717801010e-01
6.018015652093971e-01
5.364201070979157e-01
4.491707107166636e-01
6.196721267988694e-01
-5.612538330542115e-02
-1.511582957300989e-01
-7.255024402945272e-02
2.334288974981731e-02
-2.461003299880726e-01
-1.692791086495092e-01
5.393527505063704e-01
4.700547761084321e-01
4.680725964416396e-01
3.930597922712258e-01
5.374248359588367e-01
3.929546337179361e-01
-1.406821890377780e-01
-2.215139490445954e-01
-1.242372155416921e-01
-1.070665838797708e-01
-2.044913209103726e-01
4.831161480333964e-01
4.976225501610147e-01
4.224837263408541e-01
4.083187999218829e-01
3.312843593983713e-01
-2.648472396357692e-01
-2.834585250686699e-01
-1.870420350021454e-01
-3.588324168874152e-01
-4.503867681062772e-01
-3.395768891769009e-01
4.352585667654624e-01
5.206134435094675e-01
4.459730075144972e-01
5.103500385917492e-01
5.921666387767006e-01
5.292499375560386e-01
6.006875205031569e-01
-6.897069921722065e-02
5.519363426475782e-03
2.201891691416846e-02
-1.674627780671123e-01
-8.175149079628068e-02
6.965754438205237e-01
7.523776134075064e-01
7.677052975661869e-01
7.107716796027257e-01
8.166849421899592e-01
8.001526517905591e-01
8.594447607583657e-01
4.298574823916895e-01
4.094351241966424e-01
3.574824784410433e-01
3.382807725438471e-01
-5.184602348580946e-01
-4.307711484774420e-01
-4.983362489374101e-01
-5.374834799479860e-01
-4.761303514126191e-01
-4.102534109936596e-01
9.082582740950405e-01
8.736171237586150e-01
8.297665661983648e-01
8.848180531499140e-01
9.165472385372010e-01
9.234347140621364e-01
4.284623276995147e-01
4.038711923096578e-01
3.657242388538020e-01
3.428166895321389e-01
2.555316997752639e-01
3.194259733171871e-01
-4.846686340838781e-01
-3.942668842580488e-01
-4.682683187313921e-01
-5.547211689698663e-01
-7.974569059692821e-01
-7.331289826164515e-01
-7.912703676977314e-01
-7.814966159073874e-01
-8.406654734261443e-01
-8.480773754607142e-01
3.451463518556946e-01
2.654979178647647e-01
3.579914732376595e-01
2.786943355289052e-01
-7.809915754856558e-01
-8.542933620358698e-01
-8.384942726815596e-01
-8.059681651467239e-01
-8.962978268765960e-01
-8.206515956656448e-01
-8.203955780137674e-01
5.648450296844383e-01
4.839115795609090e-01
5.106778325110526e-01
5.366559255144427e-01
5.902607288519679e-01
6.161951520276929e-01
3.154946675964066e-01
3.191682088563002e-01
3.223856385048772e-01
2.516755243016784e-01
2.456590616644328e-01
2.402801001432127e-01
9.593068033276016e-02
1.862012222268634e-01
7.897563687423347e-02
1.672516808013638e-01
6.242552787964534e-02
-7.788190003322895e-03
-6.975251367350749e-01
-6.804798014853057e-01
-7.531092851080672e-01
-6.207262917541893e-01
-5.527296701861041e-02
-4.040214076585563e-02
3.739937875008601e-02
1.136647348090523e-01
2.357977759754947e-01
1.703925656876625e-01
7.274389778909697e-02
2.513317063306433e-01
1.550527862306409e-01
-5.940709018079049e-01
-5.122394791508036e-01
-5.831350757817619e-01
-6.699507359998973e-01
-6.619610234061946e-01
-6.759995106224608e-01
-7.394350624546039e-01
5.818391568120260e-01
6.393615776130442e-01
7.595590793132767e-01
6.904151077942401e-01
7.139949940983289e-01
-3.976040906226662e-01
-4.708305915198320e-01
-4.693231450552730e-01
-4.007269286060873e-01
-3.979180190755761e-01
-3.225484074094058e-01
7.345727447635623e-01
6.604177326845139e-01
7.805457086389662e-01
6.797345052236995e-01
2.062115565411820e-01
2.767464495497027e-01
2.977854137228276e-01
3.184705656910703e-01
2.253541883921252e-01
7.224001333867593e-01
7.895983286636158e-01
7.947015384224154e-01
7.308990117192451e-01
7.800436429554912e-01
8.393982431759446e-01
8.457905355429396e-01
4.526822245162359e-01
3.879931047211609e-01
4.754723541099973e-01
5.595596786139043e-01
4.975234989090334e-01
-2.071919027739869e-01
-2.774044409280167e-01
-2.988337050001548e-01
-3.662163828341857e-01
-2.264997473841896e-01
-8.748134384398348e-01
-8.307498707857730e-01
-8.174397915509983e-01
-9.058585231549972e-01
-9.172286392921274e-01
-8.849189359942171e-01
-7.685518562433473e-01
-8.638890263312780e-01
-8.163682364625111e-01
-8.889839720406970e-01
-9.463381317193601e-01
-9.254653874565426e-01
9.256908993939338e-01
9.371456642542161e-01
9.518575679094700e-01
8.932067661590226e-01
9.300030136259204e-01
9.300099678598280e-01
9.019619827019044e-01
-8.980015761353103e-01
-9.260134431396726e-01
-8.932097455459156e-01
-9.245726448384477e-01
-2.526584881061847e-01
-3.249815620359966e-01
-3.242459679801828e-01
-1.739343259506145e-01
-2.475961344991439e-01
9.305414154920577e-01
9.531273159950940e-01
9.148638058936157e-01
9.631038355323340e-01
1.146924592535282e+00
-6.741309918861168e-01
-7.427390829444250e-01
-6.125167273849182e-01
-6.361956838070182e-01
-6.855698669417316e-01
-6.995400426690247e-01
7.682517285985956e-02
1.125964964585857e-01
-1.132463416781978e-01
-7.503316274409147e-02
-2.914044956969766e-03
-3.650192129894199e-02
3.619604156343795e-02
-1.840423626073489e-01
-1.574040430150486e-01
-2.335517786805534e-01
-2.630769440587205e-01
-2.118305413787284e-01
-1.853159200800382e-01
-1.194625333300289e-01
-9.350496039302887e-01
-9.679703181930565e-01
-9.601171541040417e-01
-9.240012628483362e-01
-1.142554219205127e+00
4.110436017486190e-01
3.376711245267440e-01
3.640343803485697e-01
2.946164922295276e-01
3.519934814434232e-01
-2.606218901484097e-01
-3.599789627452803e-01
-1.665576153725684e-01
-1.300329702190550e-01
-2.727392069587426e-01
3.629697667729785e-02
-3.449976283663971e-02
-1.024706573402402e-01
4.626255836288034e-02
-2.473650258198556e-02
-9.485953348269727e-02
-7.710484792792487e-01
-7.641476353197171e-01
-7.214397998700148e-01
-7.183915374772105e-01
-6.686656248252890e-01
-9.136380472973284e-01
-9.082737291883510e-01
-4.618619086630096e-01
-1.122481890005531e+00
-1.102405368825938e+00
-4.511339988688375e-01
7.872548101843743e-01
8.239412597251377e-01
9.410505048710346e-01
9.892338228670979e-01
3.945606771193250e-01
3.762676326387588e-01
-9.547570149187232e-02
-9.745260504408787e-01
-9.721480262601899e-01
-9.327297975421814e-01
-9.389670455210154e-01
-1.153598921018445e+00
-4.996772642058301e-01
-5.188998557158129e-01
-5.748669048953386e-01
-6.343378983970045e-01
-5.341659192675738e-01
-5.671235004569173e-01
2.327020726424707e-02
2.174999484245094e-02
-5.769753694239701e-03
-5.601427107644748e-03
2.795108353867448e-03
-6.296902357506842e-03
3.132227429856856e-03
2.976335701594177e-03
9.715402129434670e-01
9.242806474620191e-01
8.919769885842591e-01
8.948958087251020e-01
9.708772658696669e-01
1.133851302794494e-01
1.029301825797510e-01
-4.389514090736892e-02
4.243820603158271e-02
2.595940721024836e-01
1.840773186935713e-01
2.272603227121464e-01
1.574390040764193e-01
1.854104114099375e-01
1.825172775626939e-01
-6.665417962607283e-01
-6.542328866660141e-01
-7.057571060034705e-01
-7.290974502047589e-01
-6.600078705651521e-01
9.022449343947534e-01
8.176617269033959e-01
8.730988488327187e-01
8.363502654384689e-01
8.407524450633734e-01
4.470594666913462e-01
5.294003733549312e-01
2.010837376219201e-01
3.983646158786492e-01
4.696740912259069e-01
1.959413725125573e-02
3.101739919956298e-04
9.221836281081894e-02
5.563131310623872e-02
-9.182784486323312e-02
-3.166686093019758e-01
-1.507388791650929e-01
-4.037507672725100e-01
-2.918295001108619e-01
-2.228739222715003e-01
-5.592313578558221e-02
-1.823689361661590e-01
-9.449369641483887e-02
2.779534334430141e-02
-4.552215691631668e-01
-1.085459029469328e+00
-1.053522670976070e+00
-4.385004580610847e-01
-8.734693062071138e-01
-4.091909531824089e-01
-1.014081138917534e+00
-4.297474523533084e-01
-9.652173102940785e-01
-3.860086321863618e-01
9.795045918033782e-02
-3.677384336190314e-01
-8.522289825830294e-01
-3.365385403517077e-01
8.542543462211526e-02
9.201341644038113e-02
6.871664976053377e-01
2.952831901973612e-01
5.256133234635083e-01
7.553893221119219e-01
6.088724142717870e-01
3.267264890157717e-01
4.752678996936333e-01
1.132368869882050e+00
4.626088028581357e-01
1.112137679798236e+00
4.769473387701878e-01
4.535490739627908e-01
1.087053371754732e+00
-4.868706815867999e-01
-4.954500610076860e-01
-4.324308629004785e-01
-5.707253872544905e-01
4.176880380104185e-01
1.033348475579440e+00
4.341088894970347e-01
-9.901350213195335e-02
-1.040223589841820e-01
2.334312531238001e-01
2.669611640803794e-01
-6.071487378217352e-02
-6.937163125337896e-02
-5.377426043926561e-02
-4.197490090370340e-01
-3.977436953618870e-01
-3.741426239857191e-01
-4.342131102062044e-01
9.957405764739874e-02
9.489444077262882e-02
-4.673873815943865e-01
-4.724342431675005e-01
-4.648086704926653e-01
1.138399311581558e-01
1.162412216709901e-01
-2.780365184902317e-02
1.070936600177177e+00
4.442649728026730e-01
8.570283480667937e-01
8.866860358820254e-01
1.101605828509509e+00
4.016016101411089e-01
4.875630822134716e-01
1.840020214104523e-01
-5.289880666742075e-01
-4.623584138090843e-01
-5.243129039956463e-01
-6.080487583703564e-01
-1.999478172735014e-01
-4.466851637561020e-01
2.258949891636666e-01
2.213122234420189e-01
3.154849809415362e-01
1.122848014002778e-01
1.505846223479436e-01
6.463235402782441e-01
4.962816744943007e-01
4.819098612391349e-01
4.318929626805602e-01
5.489753096500180e-01
5.565217361823677e-01
-4.671628990248619e-02
4.554031917195722e-02
1.374928507547594e-01
-5.183548020948953e-04
3.806979978873854e-02
7.450526579567510e-02
-4.638055495276830e-03
-1.367477744399360e-02
-6.424794707935785e-01
-7.530969449198021e-01
-5.864632668850335e-01
-6.834995080368457e-01
9.392077812205579e-01
1.149387123049333e+00
9.680776091933195e-01
9.383641483736600e-01
8.454156434249898e-01
8.421610008015207e-01
8.888946799184479e-01
8.736965376944585e-01
1.051640610916951e+00
4.407140726914403e-01
4.240742987114024e-01
2.577002728670283e-01
2.733144564157494e-01
3.068074128329555e-01
3.286911618963730e-01
3.612790257676154e-01
1.310019619598882e-01
-7.900711588426127e-01
-6.148906363233734e-01
-5.553078378563147e-01
-6.056392760909305e-01
-5.525082750333625e-01
-7.212428282379344e-01
6.662469489650849e-01
7.219493652247672e-01
7.227049561586939e-01
6.656808095793590e-01
8.553583112587475e-01
9.111496236860531e-01
8.169728698244568e-01
8.071536681446280e-01
7.641174710671558e-01
1.012857773787980e+00
9.656597102186925e-01
4.107415261279879e-01
3.867824784606228e-01
-2.291072674471914e-01
-1.365858204445837e-01
-1.474229840187555e-01
-1.280879632604483e-01
-1.059830885400022e-01
-7.593362577820173e-02
8.925730762747153e-02
-2.239197225196084e-02
-2.397929508966739e-02
6.087521990022268e-03
5.583892889155980e-03
-2.875480478528552e-03
-3.035265276884593e-03
-5.673398444999017e-02
-4.928075937836414e-02
1.276269766598592e-02
2.487898697540887e-01
5.681901776917673e-01
2.178152975012412e-01
1.502119037230978e-02
-6.547357715562661e-02
-3.673201628763085e-02
7.872629797193652e-03
9.956073748915583e-03
-4.484196469634864e-02
1.658582626931983e-01
6.944817720063415e-02
6.073253927911321e-02
-2.964877400901234e-01
-2.671717774773073e-01
-2.329698971485076e-01
5.328438342532375e-02
-2.455080637001440e-02
1.018146668565866e-01
-2.558632942097468e-02
6.426222361217573e-03
6.877346609056739e-03
-3.269392769399867e-03
-2.764196101695955e-02
1.097910677989363e-01
1.143894581869620e-01
-2.801232330535853e-02
1.149396898291461e-01
-4.695294016650809e-01
-5.664677714930598e-03
1.833941551551126e-02
-3.396616062245037e-03
1.163498634264776e-03
-4.311673123973370e-04
-7.236099014233746e-04
2.812604895252889e-02
-1.126897194290046e-01
2.772028835396460e-02
2.751776917228820e-02
-1.083983478978639e-01
-1.127298740033696e-01
2.878749778042148e-02
-1.173175157581256e-01
2.854792486561474e-02
-1.148276171089421e-01
-7.370873821423533e-03
-7.390434195022542e-03
3.620802239114790e-03
4.545423248006332e-02
-1.196797856071181e-02
-1.402544313888036e-02
3.433946858707155e-03
-1.786274619963339e-03
-1.547951968907570e-03
-2.845549891657306e-02
7.141511975151027e-03
-3.524861817749293e-03
7.317159052310923e-03
7.470832848131012e-03
-3.628933370846969e-03
-3.607248235309600e-03
1.120301378690225e-02
-3.985802171660791e-02
8.752233359644267e-03
4.505356900665404e-03
-2.297832858181936e-02
-3.208452046067742e-02
6.762707535619430e-03
1.071677752436039e-01
-2.654971131457283e-02
1.091031784877944e-01
1.140908675623310e-01
-2.727534317644589e-02
2.396643153612952e-02
2.481779059737452e-02
-6.413373362433338e-03
3.213885623624338e-03
-5.909392813155197e-03
3.032302529519793e-03
2.068713308635394e-02
-8.673518609826346e-02
3.643428213019159e-01
3.410553453057067e-01
-9.229848675766279e-02
1.854699803279213e-05
-1.972979654094148e-02
-1.132136157779530e-03
9.240240104628608e-03
-4.744316039878113e-01
1.173300626236982e-01
1.157313795420777e-01
-4.735666819037188e-01
-1.148301094501231e+00
-8.867907887549642e-02
-8.348581011078662e-02
-7.539017196053174e-02
3.492586597085393e-01
9.423310600900701e-02
-1.853637029829286e-02
-2.762302257991672e-02
-2.329524964949563e-03
1.293207121917289e-03
-3.124366635483731e-01
-2.816718594372952e-01
6.559167127296443e-02
-2.503581356660893e-01
-6.477728219285038e-01
7.273402993865297e-02
-9.287765949167434e-03
3.366167175775031e-03
1.136710479402038e-03
5.913935256027520e-04
-1.574460769481942e-06
-1.455391761993359e-04
-5.807994333186863e-04
1.432529326397346e-04
1.089966488084533e-01
-2.695487984927054e-02
7.196339919049869e-03
6.768645640006875e-03
-3.440008533502048e-03
5.689363385234956e-02
4.966146546785203e-02
-2.191261586429727e-01
-1.834313370800086e-01
4.076890450957540e-02
-1.317776398479441e-02
-1.107157788805532e-02
7.662125465253061e-02
-3.318994245645941e-01
-8.210252014692718e-01
-3.525491250322738e-01
8.161409346105378e-02
4.778990819146436e-01
4.733524186627431e-01
1.138725931065288e+00
1.152284399196020e+00
-1.171451824837813e-01
2.830293977752043e-01
-7.319787265917295e-02
3.168616987568806e-01
7.187721857406332e-01
7.879411715591087e-01
-7.839560716868700e-02
6.090634834527500e-01
6.123159345563496e-01
5.541850457753621e-01
6.177554148366502e-01
1.383596173751980e-02
4.641479047794518e-03
-3.700528480746534e-02
2.311707562628480e-02
-2.259662466700825e-03
-9.733301372192145e-02
-1.019018666114943e-01
2.447308751578435e-02
2.826880333079879e-03
2.327337853927202e-03
-1.264995583082976e-03
-7.735747165913302e-03
-1.007224040129672e-02
1.771019964425417e-03
-1.012652380022820e-03
-5.743458400451706e-03
2.869428379006673e-03
-5.187421332839844e-03
2.694835079480871e-03
2.483957935525872e-03
2.244598396697132e-02
1.946621021902728e-02
2.124615637527847e-02
-4.305125382231410e-03
2.032642405235333e-03
1.785079010102242e-02
1.594874545779865e-02
-4.903051618592747e-03
2.268945905183215e-03
-2.569879492016868e-03
-2.038429095954488e-03
1.133926701159167e-03
-1.449555972115932e-03
8.616981536587865e-04
5.739764367843071e-04
-1.191828578217033e-03
4.360829798875366e-04
5.648583545113069e-03
-1.734445997053299e-03
9.980283901181021e-04
7.222100640168718e-04
4.211410926894883e-03
-1.939318949363781e-03
-1.699911930890674e-02
-1.484036704795792e-02
4.595240260885625e-03
-2.177125483187881e-03
3.864066590980304e-03
-2.069110537383248e-03
4.762258749324566e-03
-2.268549334881212e-03
-1.797354201194986e-02
-1.590343905559805e-02
4.476689224976930e-03
-4.991978809878990e-03
2.368522992430540e-03
2.614949454678581e-03
1.849568498940360e-02
1.697995142556941e-02
-4.654740062095552e-03
2.178851412933174e-03
-3.343236443714304e-03
1.797657364202226e-03
1.536925550266848e-03
1.198198369070945e-02
1.406900900356815e-02
-3.956353689736910e-03
-2.902132059483370e-03
-6.936759375208499e-03
3.425304810635240e-03
-7.038909646626368e-03
-7.356050143740669e-03
3.546065065228780e-03
3.647332274603435e-03
-7.086254879737097e-03
-7.200103948390891e-03
3.518286288807777e-03
2.621035485132389e-02
2.776947163420087e-02
3.577256060332058e-03
3.474902307994118e-03
2.014078741619601e-03
-8.635763445195568e-04
3.177679477711656e-02
-8.875731288142003e-03
-6.719746259129392e-03
-1.111338223328642e-01
2.979609173187752e-04
-2.876232589995371e-04
1.482078411756666e-03
-5.788040345711943e-04
-4.485295886395291e-03
8.710731284068911e-04
7.946417489465736e-01
8.178303208031192e-01
8.400959593551338e-01
8.383052792719243e-01
8.635538703889480e-01
-3.671944149528617e-03
-3.145844400946580e-03
1.691318638302662e-03
1.912405231008455e-03
-4.134147590520941e-03
1.401699508478949e-03
-6.920394383041372e-03
2.607375902402297e-02
-1.079241963803021e-01
-6.561045990140577e-03
3.302293563957530e-03
7.967803982888179e-06
-2.905371911189891e-04
2.237571625879502e-03
-3.267877200555111e-06
2.925589857836828e-04
-8.874582795915294e-04
2.636657701760542e-03
3.115071566224628e-03
3.653144922890222e-03
-1.661310813527516e-03
-1.141585761615681e-03
-1.422232387830106e-03
7.361625496979394e-03
-2.786147587043323e-02
7.209105961774345e-03
6.896118187516557e-03
-3.462345245511990e-03
-3.601042017004661e-03
-3.403227579920684e-03
6.248020459208495e-03
6.736098273521672e-03
-2.505929332459716e-02
-2.618667668753659e-02
1.032418551246573e-01
-3.200851047853768e-03
-3.324813433725618e-03
-2.333353439310304e-02
6.300031134582767e-03
5.745769425587975e-03
-2.179717455006172e-02
-3.143670218476288e-03
-2.968385306185046e-03
-2.772048728783572e-03
-6.433614699166953e-03
-6.817904925425855e-03
2.564421437371233e-02
-1.066674791905380e-01
2.610206982567008e-02
3.267528487877162e-03
3.403094253691614e-03
7.602042232185003e-01
7.095306606185593e-01
6.774838872666992e-01
7.670347266336567e-01
7.357846467860396e-01
6.654282776436864e-01
6.380130268781237e-01
8.921971149363424e-01
9.424055245429916e-01
9.171338446882559e-01
8.949970569336581e-01
1.124641362660425e+00
4.751323245176992e-01
4.597559043885260e-01
2.756118773387172e-02
-1.114397262400675e-01
-1.155419151854399e-01
-1.109576725346659e-01
-2.022775294009169e-02
5.058110225617180e-03
-1.876483017595551e-02
8.024917970206200e-02
-2.361792012199805e-03
5.540740088334886e-03
-2.624330334969718e-03
-1.923400156691336e-02
5.344645234124213e-03
-2.141154892665253e-02
-2.495366644641365e-03
-2.692497078120136e-03
-7.457181888761435e-03
2.823947456595595e-02
3.640313664544932e-03
3.685814747535782e-03
-7.401283219852580e-03
7.501830984315352e-03
-2.820029094163885e-02
7.274602395134069e-03
-2.851780615856905e-02
-3.626055360006286e-03
-3.612789203655581e-03
-3.666562101398211e-03

nz  1  1102  double
6.894843245659842e-01
7.018192386221337e-01
7.604382125653623e-01
8.225539411898896e-01
7.678216716019340e-01
2.949758823160057e-01
4.164904306898417e-01
3.505065725706573e-01
4.380054584221029e-01
3.649836370343498e-01
3.076670421063908e-01
2.703705463002318e-01
2.321218072332494e-01
2.292877179719102e-01
-7.410010927852567e-02
-7.666239883653161e-02
2.975772319849508e-01
4.269867330205538e-01
3.929134727120854e-01
2.776705737525902e-01
3.769028600889223e-01
4.849090856589262e-01
2.270582254762890e-01
2.969692866839004e-01
2.927935867324185e-01
4.180162467773038e-01
4.118871017692626e-01
3.960250992462930e-01
5.071675552280992e-01
4.936028078338673e-01
3.764341279256788e-01
2.787183625454682e-01
2.820042106992260e-01
2.722296119072539e-01
2.250210158437016e-01
2.260090069710278e-01
2.822789095636420e-01
3.784071052773686e-01
3.574474989046447e-01
2.722583407844736e-01
2.533991038776108e-01
2.283722202761889e-01
2.850291814849013e-01
4.005921176634824e-01
3.504619786686676e-01
2.728150896510839e-01
2.873349099212209e-01
2.249745300061827e-01
2.504443221607214e-01
4.597012234335843e-01
5.488727667694978e-01
5.303415994442777e-01
4.684979988680109e-01
6.163213768892406e-01
5.927919400539619e-01
5.011089017596654e-01
6.729277236011978e-01
7.126819486028311e-01
6.307492143008044e-01
7.038543344273943e-01
6.629962051189290e-01
5.826532233615830e-01
5.922338992609358e-01
6.478852923868411e-01
7.344299525175138e-01
7.244029606401370e-01
7.614671056548046e-01
8.237643225188062e-01
8.097343112345292e-01
7.421294123096079e-01
9.672429824874983e-01
9.889873720021312e-01
9.756620955645761e-01
9.482337913319869e-01
9.749017731584394e-01
9.511646408827442e-01
5.769016588006396e-01
6.612218671531861e-01
5.381550351519253e-01
4.784145348213099e-01
5.099903447229727e-01
4.876428338268733e-01
6.266301266556082e-01
5.831692321407672e-01
7.492299188480988e-01
8.144830283097602e-01
9.063206342902113e-01
9.454011048083111e-01
7.902154384888899e-01
7.230647711509998e-01
7.736279214211684e-01
6.679670442942404e-01
6.618100517736167e-01
7.340791269470489e-01
4.697452999179796e-01
5.505158178359643e-01
4.673410302763347e-01
5.527124787964691e-01
6.294823697971763e-01
6.269264510765657e-01
3.871242192692276e-01
6.698500235164170e-01
7.462456894018427e-01
7.016572588516662e-01
7.815931189730779e-01
7.093933683308528e-01
9.831815786525233e-01
9.971135264100222e-01
9.836762666871696e-01
9.643177874018868e-01
9.730525749777236e-01
9.919500575750994e-01
9.583269435998468e-01
9.716085337467000e-01
6.213409675815964e-01
5.372999426155717e-01
6.048359614636298e-01
6.851995822131228e-01
6.987705019723071e-01
4.473591139449257e-01
9.559935410829313e-01
9.701420371586851e-01
9.902200711266875e-01
9.387633612879530e-01
9.473216668119149e-01
9.100854399322612e-01
9.496604771438604e-01
9.474818948913496e-01
9.341630751612405e-01
9.170013137909679e-01
9.093662179075899e-01
9.130410865439867e-01
9.410435253966477e-01
9.487609051583890e-01
9.222537280673540e-01
8.757374159414827e-01
8.662816472364883e-01
8.999021432861187e-01
9.022968392971563e-01
9.158533459385207e-01
9.185151533449277e-01
8.776449575103132e-01
8.747923274350385e-01
8.696632817612207e-01
8.267489459099220e-01
8.986625745652034e-01
9.338408181124296e-01
8.927502294513774e-01
5.589763041050440e-01
6.752398841168865e-01
5.918572075465184e-01
6.461603596432102e-01
6.069728307636820e-01
6.543453940609890e-01
6.282852492918077e-01
7.095839671028830e-01
6.787988944442991e-01
6.696190929540782e-01
7.300209923508321e-01
6.136700560048854e-01
4.991532138956319e-01
5.452900457804969e-01
4.522331045016162e-01
5.285784775113337e-01
7.788911675449092e-01
7.075162704551708e-01
8.407469390821329e-01
8.187781572500271e-01
7.514772818263061e-01
5.362363999495696e-01
4.826032633792958e-01
5.933872978730731e-01
4.393262708816812e-01
5.364890806193002e-01
8.014268829246175e-01
7.956823204470906e-01
7.395540056811393e-01
7.401469922193653e-01
8.520797291638168e-01
6.689334960650044e-01
6.746105158415313e-01
7.285366623501817e-01
4.688019151764869e-01
5.627223085570088e-01
5.334358685618400e-01
4.399987405202558e-01
3.758358444803839e-01
6.217296017721599e-01
5.872215485700625e-01
7.964390060628248e-01
7.807302920299500e-01
8.212098238506437e-01
7.540733720660849e-01
8.421730444363724e-01
8.526229471441790e-01
7.960537291154489e-01
7.912145295916930e-01
8.482595203512564e-01
8.478134273484247e-01
3.862551716018534e-01
4.470963595340988e-01
4.637759641526966e-01
3.759418163520750e-01
4.757107770577296e-01
6.469658500159671e-01
6.766895024325665e-01
7.263931014088425e-01
7.507110387429715e-01
6.919718153747804e-01
5.419379360143155e-01
4.913773187352070e-01
4.451713035607280e-01
4.829733519209787e-01
3.628014745104094e-01
2.268238819803386e-01
2.273046660009653e-01
2.836456761675266e-01
-7.555212856213318e-02
-7.469241668399854e-02
2.282488517061798e-01
2.955564433726323e-01
2.257170119488841e-01
-7.661893607949966e-02
-7.520154674748793e-02
-7.424169219768791e-02
5.166560246708500e-01
4.614327262686861e-01
5.595882673278038e-01
2.830314496158146e-01
4.044611204704944e-01
3.683145460463530e-01
4.179937811749425e-01
4.134816857036327e-01
3.920436007758208e-01
2.962229706994449e-01
2.906617864030246e-01
2.813490678592555e-01
3.737152807631809e-01
2.933550577214861e-01
2.248819483474646e-01
2.259284589116406e-01
2.672500493473550e-01
2.284430362118341e-01
8.775693479085085e-01
8.936551580644241e-01
9.237351182725844e-01
9.429304845259575e-01
9.592612623993153e-01
9.343144186491823e-01
8.441784104862382e-01
8.718903334058877e-01
8.889004860436286e-01
9.194090688652674e-01
9.309012286201711e-01
8.364540652437155e-01
8.146019978886186e-01
2.796547185201480e-01
2.288671656720234e-01
3.378774616060063e-01
2.277688452048086e-01
2.453717060544094e-01
2.296886937058316e-01
2.293752130920881e-01
2.609200527511098e-01
2.283709415213791e-01
-7.530035210611356e-02
-7.467902424584404e-02
-7.359831034626985e-02
9.963405812759463e-01
9.992897973933473e-01
9.997672231945897e-01
9.911792183960590e-01
5.214264183054743e-01
5.987399763956976e-01
5.131322947539281e-01
4.397871107803942e-01
4.522420215671985e-01
5.481312401627122e-01
4.709582382447046e-01
4.783381823173160e-01
5.607495626792761e-01
3.897397205892168e-01
7.382833560357414e-01
7.570496607746566e-01
8.060764575625994e-01
8.196762427501457e-01
6.251526952977865e-01
6.525336321068547e-01
5.679865311749359e-01
5.882759404245053e-01
4.718152899068875e-01
4.987252709900036e-01
8.733198702196788e-01
8.271973199712240e-01
7.700033316736383e-01
8.014221327418733e-01
7.552440431535706e-01
8.195353901140495e-01
8.602516250266036e-01
7.680066840157049e-01
8.634508097367419e-01
8.717423388866821e-01
9.108291454125320e-01
8.969931062980133e-01
8.691409629040839e-01
9.137169516304945e-01
4.066066819351312e-01
5.050308673173831e-01
5.923492151787961e-01
5.820046397165158e-01
5.076773535712074e-01
4.910816111443607e-01
9.910001721994643e-01
9.737586550192928e-01
9.875523645630160e-01
9.730099709922307e-01
9.648608890037748e-01
8.754354232977463e-01
8.666587935154821e-01
8.993119263521663e-01
9.136334802858338e-01
9.406475223841777e-01
9.056529459097700e-01
9.308627495993769e-01
9.446309605653874e-01
8.864675418543582e-01
8.563470663742543e-01
8.555654433799883e-01
8.738137705234149e-01
8.168064106504473e-01
8.378082576616257e-01
8.468749538361769e-01
7.848194880136393e-01
7.754765917744982e-01
7.490759258624419e-01
7.176954243475244e-01
6.708073742322965e-01
7.466385618990784e-01
5.926258210786051e-01
6.367935131505458e-01
7.070884078113587e-01
6.336418428867907e-01
6.355326880820815e-01
7.038863729461228e-01
5.593570017068407e-01
5.524372764515745e-01
4.752273085493973e-01
8.363759878403334e-01
8.020784587334331e-01
8.907133164325550e-01
8.609975600071523e-01
7.965181002500541e-01
8.313514496188430e-01
7.660250496775299e-01
8.159214476670681e-01
7.255753810173751e-01
7.959455163988304e-01
3.859421858450252e-01
4.762841556179516e-01
5.566854012039688e-01
4.680570567162746e-01
3.904374918107142e-01
3.805491368517944e-01
6.231589651993805e-01
5.544159426590296e-01
7.019249183067430e-01
6.363000533893657e-01
6.390951527540276e-01
5.631547325572220e-01
8.739041918539677e-01
9.151793129746397e-01
8.705817767681013e-01
8.246567166259319e-01
5.797637806990733e-01
6.661792462154514e-01
6.073475108857559e-01
6.251948401628037e-01
5.424178563114410e-01
5.192796294859325e-01
9.207643132622209e-01
9.313816716415180e-01
8.898301490261695e-01
8.947959573829207e-01
3.767723330748411e-01
2.764278821711427e-01
2.314070591934390e-01
2.288888311850638e-01
2.519464255238820e-01
3.741696374582511e-01
2.643943342316392e-01
5.057147010994071e-01
5.379879558333166e-01
6.004940406554291e-01
6.540210501384399e-01
5.685846556708205e-01
6.145358399993134e-01
6.458513606192815e-01
5.602270183687289e-01
4.653498186191677e-01
4.364048414037203e-01
5.304773347661574e-01
6.190181485922185e-01
6.944790436566672e-01
7.075337122271267e-01
6.136609878450873e-01
6.313613047534598e-01
5.254901118337143e-01
5.867244332987483e-01
7.040396720371347e-01
6.955630635523855e-01
6.296257903842024e-01
7.646820965710498e-01
7.892848145701110e-01
8.505796142855311e-01
8.133344825505840e-01
7.650810340732477e-01
9.715624218115760e-01
9.620060181907256e-01
9.817210324258288e-01
9.569513189107050e-01
9.821802652244913e-01
7.859293062386157e-01
8.478124349988073e-01
8.096459068763068e-01
7.144188008334283e-01
7.422494651084697e-01
6.748888728956562e-01
6.320373161080119e-01
7.318671363828901e-01
6.536485666204137e-01
5.070170580481421e-01
5.667199837990071e-01
5.987270859251275e-01
5.898658556359835e-01
5.991429808119823e-01
5.160679517981752e-01
4.021970451575098e-01
5.011889990743876e-01
5.702737996995124e-01
6.212901940447876e-01
6.820134706059081e-01
5.349017030317390e-01
6.997709394913282e-01
7.729328874127611e-01
7.097986083245457e-01
7.701504711725529e-01
8.209991653377631e-01
8.293399244314069e-01
6.900974516532588e-01
6.078993294112992e-01
5.808372665470973e-01
6.660196172763120e-01
6.270985131978530e-01
5.438742025802276e-01
5.209961882520433e-01
6.832780236507857e-01
7.565804207890333e-01
7.326705071875270e-01
6.986464847173572e-01
7.720804641796546e-01
7.650239325827347e-01
7.011611246768065e-01
7.625790455361237e-01
6.936797332825322e-01
8.226214726166543e-01
4.718252420173141e-01
5.539429039070966e-01
5.555054985808171e-01
3.859978687944310e-01
3.861223641900760e-01
4.672161448473972e-01
6.329149733689717e-01
3.763764910443300e-01
4.383179117533005e-01
3.790490173173694e-01
2.798999496846437e-01
2.772463740888994e-01
2.284740824968544e-01
3.122796267124053e-01
2.619765189350198e-01
3.814072073418172e-01
2.746777176971760e-01
2.283237399961487e-01
2.293676484247871e-01
4.202963560924344e-01
3.611686010664776e-01
4.497976823818685e-01
3.781432634907440e-01
4.432616578033433e-01
3.807590295996544e-01
4.788648374471738e-01
4.999694132727645e-01
5.404153590371203e-01
2.247274352835220e-01
2.788971974881372e-01
2.251118717167568e-01
2.842511530155818e-01
-7.596642048812992e-02
3.838021124871699e-01
2.949297880069842e-01
3.969105975184579e-01
4.653012101605936e-01
2.841370790592164e-01
2.273735121062688e-01
2.734350580586107e-01
2.284704511688165e-01
2.293476593260959e-01
2.792498271759022e-01
2.848436924214970e-01
2.279326880105147e-01
2.282397902030765e-01
2.280340586432818e-01
2.744634950373132e-01
2.787228712219805e-01
3.842998046720714e-01
4.626511897575463e-01
3.773588224425232e-01
3.647143114435704e-01
2.264460151161753e-01
2.804447525444651e-01
2.809170370061717e-01
2.262944445149515e-01
-7.717505636077002e-02
2.822530348670244e-01
2.831925836601374e-01
2.251120982435713e-01
2.250728558541026e-01
3.913077094924090e-01
2.270362599376257e-01
-7.469855088045030e-02
5.390119108163420e-01
5.368440117892538e-01
-7.701200123135858e-02
1.113040836085389e+00
3.837599075306263e-01
4.540773167247403e-01
4.190207411790630e-01
4.900797181841662e-01
5.470972760305082e-01
2.876627408450942e-01
2.282372236529144e-01
2.284042838802168e-01
2.724789670185778e-01
2.269173385279583e-01
-7.549485061062489e-02
2.257322253877219e-01
5.348083370321250e-01
-7.375005381818114e-02
-7.560625081145883e-02
5.348302585799589e-01
2.269741386272597e-01
2.278325708034850e-01
-7.557101589945230e-02
-7.347231361168187e-02
5.411798073839539e-01
5.380028588919408e-01
1.113966459003658e+00
2.559933515117340e-01
2.727294045461920e-01
2.265967718631051e-01
2.251371516781658e-01
-7.626831167000939e-02
3.579082802098856e-01
2.553871809699309e-01
2.661252387339913e-01
2.785152882636711e-01
4.365464034170978e-01
3.590813768533359e-01
9.722341247873098e-01
9.724134708055343e-01
1.007087465836731e+00
1.007357213982770e+00
9.964501592455137e-01
1.007311513086637e+00
9.964504693668932e-01
9.964528496204571e-01
2.592745024547488e-01
3.636644590159951e-01
4.503835061790352e-01
4.237290351043653e-01
2.732693827391821e-01
3.606059968181864e-01
4.433383913536241e-01
4.038453355989078e-01
3.837666071148910e-01
3.556212889045470e-01
3.852932916314599e-01
2.750431075098749e-01
2.742261333653358e-01
2.263453221067708e-01
-7.362840729523962e-02
4.288919952424781e-01
3.629827296362960e-01
3.602203894745782e-01
4.085351772485070e-01
2.753228430612277e-01
2.745753561525806e-01
3.591218106861683e-01
2.768463564585268e-01
2.710625478971374e-01
3.881085526352420e-01
-7.510542767865608e-02
-7.605169012774589e-02
5.381084600408134e-01
2.243187996283967e-01
2.269197376251175e-01
5.381841232808137e-01
-7.376999466704927e-02
-7.656770506727993e-02
5.380826560235511e-01
-7.604631454126103e-02
-7.320178306903120e-02
5.333448301402587e-01
-7.590446622716199e-02
2.266538837008594e-01
2.263648300480365e-01
5.354429044325794e-01
-7.427955941752665e-02
5.385949903220686e-01
1.114316326374228e+00
5.368955141711410e-01
-7.434763286499831e-02
-7.549689992409851e-02
5.404762414510792e-01
2.281173672626356e-01
5.368641435756180e-01
-7.556593523799734e-02
5.337733984620482e-01
-7.404157944645937e-02
5.388778347102519e-01
1.113770323783288e+00
5.340952297185924e-01
-7.410292858110495e-02
5.408112179490652e-01
1.112073980976557e+00
1.113100997340445e+00
-7.621407975131222e-02
5.392227049794163e-01
2.281242890397454e-01
-7.362911672693166e-02
-7.581771579573582e-02
5.367871655735302e-01
5.332292731678312e-01
-7.396901401516669e-02
5.383933676326680e-01
-7.298660346613807e-02
5.351952135244320e-01
5.377326180754612e-01
-7.476760311311707e-02
-7.462659201206646e-02
2.242580954912402e-01
2.223707333544807e-01
-7.604615724243709e-02
5.370909369805518e-01
-7.345668897576997e-02
5.376018738354300e-01
1.112288521774963e+00
1.112895034114156e+00
5.406619684517021e-01
5.376162918224285e-01
1.111685197578765e+00
1.113878541526093e+00
1.113922906033741e+00
5.360247702244697e-01
5.376042181421542e-01
5.401412915926886e-01
5.374634998015734e-01
1.112727408681117e+00
1.113315603829930e+00
5.402034330059695e-01
5.391492447879471e-01
5.369960636706446e-01
1.112606760127262e+00
1.113801913989139e+00
9.726583976785746e-01
-7.455110431909334e-02
5.410699607977660e-01
2.268080109905167e-01
2.279192137629796e-01
-7.485656805124639e-02
-7.324133998270800e-02
-7.669548185530008e-02
5.387332024019564e-01
-7.468804033950957e-02
2.245221593177412e-01
2.263560753713438e-01
-7.429230968412455e-02
5.394298207290312e-01
-7.687096134120217e-02
-7.420065472756125e-02
2.258104889973294e-01
-7.425340348072752e-02
5.397293690968272e-01
5.294707190870078e-01
-7.598842138505449e-02
2.257446966225347e-01
2.779581324038442e-01
2.260523167026369e-01
2.730264770261366e-01
2.268060378168119e-01
-7.536538803862540e-02
-7.259071926772974e-02
-7.508141428396793e-02
5.386735208562863e-01
5.380525369776172e-01
5.382105779536215e-01
1.113669529431209e+00
1.112098722703586e+00
2.267729848978046e-01
-7.291743017952529e-02
2.255752944668426e-01
-7.500777887506674e-02
2.250575560902780e-01
-7.400451691681662e-02
2.838359512126877e-01
2.240249971978448e-01
2.908453991260451e-01
2.274629488154959e-01
2.747591585979126e-01
2.273172277119630e-01
-7.442713461594473e-02
5.384775842438451e-01
5.396240515629264e-01
2.277923629120122e-01
-7.513238214289314e-02
2.674941245946360e-01
2.260279128519466e-01
-7.535732178592214e-02
5.352917211623515e-01
-7.500772765874829e-02
2.262284806175924e-01
2.267976001608999e-01
2.675508002546618e-01
2.498680826621252e-01
-7.555756980873304e-02
2.272848979844180e-01
2.276092708817403e-01
2.596623681587777e-01
2.801334047916905e-01
-7.624025155558960e-02
-7.369603875048142e-02
2.634776031133774e-01
2.294065193799961e-01
2.282527424894109e-01
-7.559632046082436e-02
-7.498204118643846e-02
5.349276353459135e-01
5.386991000937191e-01
-7.549835384379579e-02
-7.359683496721950e-02
2.256116351115435e-01
3.722340579623066e-01
2.791507146895275e-01
5.373295825069863e-01
1.113305834577567e+00
9.724557950867293e-01
9.721527424920609e-01
1.007266295361870e+00
1.007090587075887e+00
9.964662933932940e-01
9.964724933457062e-01
1.111964503966941e+00
1.113122781278283e+00
9.729277472626432e-01
5.413615699701182e-01
-7.540323793813448e-02
5.376257838788328e-01
9.723098504200363e-01
1.113390121905197e+00
1.114523179681868e+00
9.721422908153288e-01
9.722828458044426e-01
1.112652383667239e+00
5.390068833341816e-01
1.113867594045523e+00
1.111824386917915e+00
5.382126569444204e-01
5.374231836547194e-01
5.405916428222292e-01
1.113200414807070e+00
9.722037361357716e-01
1.112666156359018e+00
9.722424703232833e-01
1.007113588678072e+00
1.007326638975601e+00
9.964552421902252e-01
9.721782152606517e-01
1.111791895570611e+00
1.112323851498103e+00
9.723035316024530e-01
1.114591331305052e+00
5.359824619315386e-01
9.721327925042018e-01
1.112887600576963e+00
9.721369301049305e-01
1.007148746535560e+00
9.964729625540643e-01
9.964355862661392e-01
9.723750726076866e-01
1.111454524141657e+00
9.723403952834260e-01
9.719584276514329e-01
1.111877925707985e+00
1.113616908129898e+00
9.719441938666795e-01
1.114670039542588e+00
9.722104266485387e-01
1.111760795898011e+00
1.007173536242304e+00
1.007223645540443e+00
9.964717609086250e-01
1.114126229729461e+00
9.724574523232452e-01
9.723466222912389e-01
1.007287263588274e+00
9.964712846630152e-01
9.964438725283435e-01
9.721879493799176e-01
1.007118222538709e+00
9.964504152628356e-01
1.007130722097529e+00
1.007337847285617e+00
9.964524443744720e-01
9.964347001088315e-01
9.718568527284019e-01
1.110938311376144e+00
9.727251258553422e-01
9.723017825292452e-01
1.113491916806499e+00
1.113414739745731e+00
9.721791221929693e-01
1.114205762010117e+00
9.721803536398790e-01
1.112546295217328e+00
1.114723065802558e+00
9.722540247323742e-01
9.721303696995529e-01
9.725027047398580e-01
1.007274771205677e+00
9.964363813975637e-01
1.007051581149810e+00
9.964780984076752e-01
9.718115209275672e-01
1.113843444299609e+00
5.374231049289256e-01
5.358893798203842e-01
1.113466266124280e+00
1.113327415930614e+00
5.364718931627895e-01
9.724383234772297e-01
1.113208609074775e+00
5.381957547401065e-01
1.114364033084717e+00
1.112678984980490e+00
5.370560529798407e-01
-7.468208357572841e-02
1.112437359474122e+00
1.113756623730374e+00
1.111900899428085e+00
5.412760688986702e-01
5.382041652089229e-01
1.114308202525322e+00
1.113388737876676e+00
1.007257928891717e+00
9.964041547382033e-01
5.364052464380079e-01
5.392829720529496e-01
1.113865858113757e+00
5.368991400658998e-01
-7.425928622465637e-02
1.112991398713957e+00
1.113944507809846e+00
9.723262041531877e-01
9.722894938337543e-01
1.007227620710451e+00
1.007309030392286e+00
9.964139608453118e-01
1.007151193681737e+00
9.964301128586007e-01
1.114133890560980e+00
9.721824634023302e-01
1.007328680259502e+00
1.007086831266117e+00
9.964522628865167e-01
1.112119133438643e+00
1.113986122372719e+00
5.371984447902360e-01
5.376177321657567e-01
1.113281744749401e+00
9.720688216220512e-01
9.722028073192839e-01
1.113533639158897e+00
5.297133318647507e-01
-7.514932103426411e-02
5.368302171384264e-01
1.111186034549737e+00
5.347362284979140e-01
5.369331997818010e-01
-7.461337056256812e-02
-7.686022996051704e-02
1.114229920194669e+00
5.368363474450516e-01
1.113868573310498e+00
5.293101877927437e-01
-7.388901570011835e-02
-7.212081284680097e-02
1.111284867149445e+00
3.970514684429911e-01
2.780912257406533e-01
3.651397871390166e-01
2.244141146333809e-01
1.112990109619893e+00
1.114171425003435e+00
5.388039275332505e-01
1.114221972008887e+00
9.723331983811656e-01
1.112934537043916e+00
1.112888918067435e+00
9.722894993225351e-01
1.007113461051911e+00
1.007224594639377e+00
9.964840877417948e-01
9.725785064294765e-01
9.720472949543280e-01
1.007306136131398e+00
9.964148222171046e-01
1.007285111325443e+00
9.964710864939905e-01
1.007064780639254e+00
9.964677641233933e-01
9.964686998494564e-01
9.724365447098848e-01
9.723872190966736e-01
9.721022947042887e-01
1.007058886690364e+00
9.964700581410169e-01
9.721570478681281e-01
9.723828696874346e-01
1.007283002554022e+00
9.964705792292978e-01
1.007125050981256e+00
1.007240535760529e+00
9.964665388103686e-01
1.007124890663885e+00
9.964581118292050e-01
9.964579172092075e-01
1.007329958116226e+00
9.964492267443005e-01
9.721909910800153e-01
1.007131313077859e+00
9.964714333657220e-01
9.964298289573627e-01
1.007298218714834e+00
9.964241066604095e-01
9.721468673454012e-01
9.726273969565473e-01
1.007147680232006e+00
9.964329564391380e-01
1.007124284417667e+00
9.964212444570881e-01
1.007066186908545e+00
9.964665741568950e-01
9.720555327218342e-01
9.724391583742972e-01
1.007326854492992e+00
1.007082228117612e+00
9.964837081726107e-01
9.964403719163087e-01
9.725484907193976e-01
9.722054445600903e-01
1.007244702060171e+00
9.964322934928540e-01
1.007075539791765e+00
9.964699079131780e-01
9.964655290679905e-01
9.725149838219121e-01
9.722867881693511e-01
1.007286997991131e+00
1.007296224045900e+00
1.007158671558039e+00
9.965097444934210e-01
1.007093612646284e+00
1.007276344664798e+00
9.964622961044356e-01
9.964168498162352e-01
1.007219794846336e+00
1.007184502866806e+00
9.964558531423470e-01
9.729338486174597e-01
9.720224495533415e-01
9.964597115543924e-01
9.964111552653120e-01
1.007146079848878e+00
9.964244635873876e-01
1.112529163455616e+00
9.723803919274748e-01
9.722800422248388e-01
5.383407377378021e-01
1.007308984311997e+00
9.964282815550896e-01
1.007308156758326e+00
9.964618989746986e-01
9.724096033518222e-01
1.007132896277086e+00
4.111471101558932e-01
4.452121207087245e-01
4.655320400136989e-01
3.675908457163831e-01
3.767409432128099e-01
1.007231220936027e+00
1.007245833073664e+00
9.964095045630967e-01
9.964779293402419e-01
1.007161030888454e+00
9.964792823093015e-01
1.007255144563173e+00
9.722170405836239e-01
1.113120871908396e+00
1.007119621572202e+00
9.964823875955408e-01
9.723584708920513e-01
1.007138452598951e+00
9.723477733973909e-01
9.964585242236977e-01
9.964318571958747e-01
1.007291252463639e+00
1.007317120773849e+00
1.007150230285898e+00
1.007208468687290e+00
9.964788372378214e-01
9.964568824123607e-01
9.964251728858649e-01
1.007282042704241e+00
9.722373326336023e-01
1.007250277772537e+00
1.007113700495913e+00
9.964778930822594e-01
9.964115634464827e-01
9.964335798596194e-01
1.007076017503597e+00
1.007301496977241e+00
9.722659040437098e-01
9.721359097658585e-01
1.111913283091484e+00
9.964598972386661e-01
9.964597822875340e-01
9.721395546756337e-01
1.007317977806090e+00
1.007058677069143e+00
9.723719843468555e-01
9.964368686823866e-01
9.964607630663521e-01
9.964818971106342e-01
1.007123413080419e+00
1.007264844958255e+00
9.721674897576410e-01
1.113621069563659e+00
9.726567438353138e-01
9.964554670341113e-01
9.964342480837305e-01
2.949665278405615e-01
4.213451427093409e-01
3.718317841747592e-01
3.756545458535316e-01
4.692205970100016e-01
5.245323026654780e-01
4.671474775529278e-01
3.752109935841336e-01
2.686058339307741e-01
2.789626459908797e-01
2.270984837416087e-01
-7.599641099679214e-02
5.296864004582935e-01
5.369347300852175e-01
9.727267319185665e-01
1.111171108777571e+00
1.113621036242094e+00
1.113074450360429e+00
9.724037451537701e-01
1.007184102202076e+00
9.721742656526665e-01
1.114079527003734e+00
9.964962559904281e-01
1.007274928851930e+00
9.964229273486110e-01
9.727031850840575e-01
1.007277015557002e+00
9.718937194675943e-01
9.964639589052408e-01
9.964616971262811e-01
1.007272499629257e+00
9.723673474994076e-01
9.964562249452804e-01
9.963937246492238e-01
1.007276741323655e+00
1.007305538026930e+00
9.725501720094646e-01
1.007120437583252e+00
9.721761406380371e-01
9.964624794200680e-01
9.964473298301000e-01
9.964310997613322e-01

height  1  1102  double
1.729632455325921e-02
1.716914248240966e-02
1.677057312548306e-02
1.659881382207025e-02
1.666567974574535e-02
1.922630266687712e-02
1.875638676096534e-02
1.961223688123559e-02
1.823647902356075e-02
1.924373980574265e-02
1.907086955240980e-02
1.921148370759822e-02
2.111947395782849e-02
2.120579533531263e-02
1.953576863222606e-02
1.946375226903754e-02
1.904690831229017e-02
1.863096590288079e-02
1.931495675129135e-02
1.913075260102238e-02
1.950729405468579e-02
1.823358007083116e-02
2.121016893156075e-02
1.917669778626780e-02
1.911869006133580e-02
1.861987665796198e-02
1.914891095406741e-02
1.902986896530740e-02
1.817220516190888e-02
1.796209234491734e-02
1.917941173342506e-02
1.922767550755149e-02
1.917064967062212e-02
1.936368109653750e-02
2.111115072354616e-02
2.116184373583763e-02
1.927503890283450e-02
1.916166447181104e-02
1.958222777285474e-02
1.930864295920721e-02
1.933723810417793e-02
2.118920369497867e-02
1.926812886324673e-02
1.885376274423613e-02
1.956217661403344e-02
1.933856225511237e-02
1.919018417091188e-02
2.113756811029170e-02
1.936214269616575e-02
1.817438737563741e-02
1.808758323142092e-02
1.811907074276391e-02
1.832257797723954e-02
1.752637721529860e-02
1.753113014069803e-02
1.824967967580710e-02
1.742370877872892e-02
1.695414244922002e-02
1.743963497839080e-02
1.715084700484212e-02
1.720568864415072e-02
1.786045315803279e-02
1.765674403633556e-02
1.732318260672204e-02
1.694775636418707e-02
1.707055016838430e-02
1.674748933209974e-02
1.659196686464736e-02
1.662383656472494e-02
1.683467915126958e-02
1.597058318527225e-02
1.580026030339848e-02
1.586786029476063e-02
1.594216573358705e-02
1.586578497989747e-02
1.595843704425297e-02
1.774891326770145e-02
1.736994192170389e-02
1.819535815975406e-02
1.824077058775376e-02
1.813029123380949e-02
1.835287327157519e-02
1.743602168092085e-02
1.754786131031668e-02
1.678403755776970e-02
1.658761875847256e-02
1.615626413243968e-02
1.597665567328586e-02
1.661812081595649e-02
1.711242112545334e-02
1.669979590457053e-02
1.733063498723433e-02
1.717078878255428e-02
1.696117576333742e-02
1.810642246523234e-02
1.805669005738127e-02
1.824265069177453e-02
1.813396390674879e-02
1.735602695318673e-02
1.736174116453962e-02
1.925975895569577e-02
1.746785013348071e-02
1.676399632859062e-02
1.715916510402852e-02
1.677943768129823e-02
1.702556775853383e-02
1.581603285520977e-02
1.579874608919803e-02
1.582578207740331e-02
1.592037632444356e-02
1.590445110324641e-02
1.580254815186220e-02
1.597977325995733e-02
1.590714082598579e-02
1.736104365548535e-02
1.819862112683597e-02
1.757682983579982e-02
1.723576309114493e-02
1.728692862034898e-02
1.830237663701900e-02
1.596050829170865e-02
1.592425834999709e-02
1.579919201446688e-02
1.595696167801405e-02
1.599201125412157e-02
1.613628414053569e-02
1.596185004322189e-02
1.594678100935728e-02
1.601257971127567e-02
1.619812804646614e-02
1.614089728699905e-02
1.614902263311808e-02
1.599427727240350e-02
1.595214561981292e-02
1.603554351373799e-02
1.632735355321539e-02
1.629574247409312e-02
1.623671193878527e-02
1.623542905166065e-02
1.611765891132367e-02
1.618857132958961e-02
1.619114790645356e-02
1.625936124170127e-02
1.632486480769709e-02
1.658879785113141e-02
1.621553655008700e-02
1.603158387681524e-02
1.625735203064423e-02
1.792359196674988e-02
1.733600624856805e-02
1.751649641678332e-02
1.751066974825766e-02
1.738314952123148e-02
1.733555226449041e-02
1.738965463563390e-02
1.708246281480766e-02
1.741645033992327e-02
1.733812784135131e-02
1.695887124885303e-02
1.741542878885507e-02
1.823332490217616e-02
1.804403725249212e-02
1.825461379615038e-02
1.833728294370238e-02
1.678586261477483e-02
1.707263985070575e-02
1.640735468702585e-02
1.652209786570600e-02
1.680533858297805e-02
1.817576182501620e-02
1.812740811620530e-02
1.757878331441477e-02
1.841859074096829e-02
1.825148154263068e-02
1.668729938812530e-02
1.671242471097179e-02
1.685600593538356e-02
1.683376668446406e-02
1.633805155752766e-02
1.735492756793042e-02
1.737178318314778e-02
1.688504192564524e-02
1.836465705210340e-02
1.798993452118954e-02
1.818298996192446e-02
1.825061944219686e-02
1.930905044167770e-02
1.737365253074520e-02
1.760092819547519e-02
1.667804458343598e-02
1.674036301285097e-02
1.657601391031395e-02
1.674272575605937e-02
1.640215463521250e-02
1.637445183198921e-02
1.663630462612588e-02
1.664163800378206e-02
1.641892637299147e-02
1.645501223509383e-02
1.920446255186155e-02
1.826735717357765e-02
1.828821613158810e-02
1.926947138290290e-02
1.815602717300325e-02
1.741271145875855e-02
1.730267159289278e-02
1.693493035712161e-02
1.680229068781322e-02
1.723307557081436e-02
1.807143941344603e-02
1.836822154128871e-02
1.826871797445037e-02
1.833692799001759e-02
1.932103505489103e-02
2.109109232426097e-02
2.116361443653289e-02
1.928177736168440e-02
1.949467016786801e-02
1.965408303800778e-02
2.122054101034488e-02
1.912458600323735e-02
2.121180892504923e-02
1.961493282172316e-02
1.954365330312934e-02
1.975195225616651e-02
1.830684186000783e-02
1.811940048929058e-02
1.802241060385715e-02
1.915569956356290e-02
1.898111304598818e-02
1.938546169277508e-02
1.876546989726423e-02
1.914032028229971e-02
1.915681782154441e-02
1.907002000243770e-02
1.907399260994593e-02
1.928039516422897e-02
1.930954441620833e-02
1.931130950635341e-02
2.102589122866988e-02
2.106727924211984e-02
1.926306900227040e-02
2.121702247577016e-02
1.629539526696566e-02
1.623652366378790e-02
1.605938759782670e-02
1.597228510742779e-02
1.596587302414114e-02
1.602390087242335e-02
1.633842278574937e-02
1.626608364815969e-02
1.621423106236364e-02
1.613043776241825e-02
1.605559100863145e-02
1.648295292696946e-02
1.666270627166766e-02
1.925302127888586e-02
2.125140025407475e-02
1.963748884732631e-02
2.125366121263035e-02
1.945234289405214e-02
2.108469427216935e-02
2.121623947958807e-02
1.928730796870609e-02
2.111964063454436e-02
1.941596469523923e-02
1.954730043388620e-02
1.947775387487540e-02
1.579876752570303e-02
1.577939677873818e-02
1.578409576152531e-02
1.579720227369428e-02
1.830219765710419e-02
1.754789757466305e-02
1.821965064214159e-02
1.853967411416393e-02
1.821216637560432e-02
1.809679290712239e-02
1.827295767409481e-02
1.805628682163440e-02
1.796284923100571e-02
1.924084401441297e-02
1.690410473980080e-02
1.675182300810367e-02
1.663564340988517e-02
1.660606689476649e-02
1.743740979651802e-02
1.746787812862814e-02
1.773322594903867e-02
1.760684148114960e-02
1.823124121681712e-02
1.847927942048956e-02
1.625789326633973e-02
1.659970338844856e-02
1.666524242749880e-02
1.670092258080967e-02
1.678903149804910e-02
1.658233548096461e-02
1.632074868487524e-02
1.668485028144212e-02
1.634693847517291e-02
1.621721780146046e-02
1.615729606416736e-02
1.626320532732805e-02
1.629724091959551e-02
1.617882693616563e-02
1.889666923272667e-02
1.803288606158335e-02
1.768998936323657e-02
1.792408971665194e-02
1.816759504563943e-02
1.802100955500261e-02
1.581521776665784e-02
1.587501546489517e-02
1.580707155331456e-02
1.588107293394974e-02
1.597018004718218e-02
1.620458604976120e-02
1.632562364105504e-02
1.627228460011212e-02
1.612808649145369e-02
1.596725451605928e-02
1.619123728113788e-02
1.601852749640197e-02
1.595198139372340e-02
1.631104818651246e-02
1.635406595578175e-02
1.630670405213689e-02
1.628837211895674e-02
1.660150384682309e-02
1.649327846320641e-02
1.630898621007530e-02
1.681475941081845e-02
1.669045697372116e-02
1.679060203496695e-02
1.692647436666046e-02
1.733542974406693e-02
1.684964990453694e-02
1.746332093294499e-02
1.744547791542291e-02
1.721475443988830e-02
1.729189582927855e-02
1.728646530366676e-02
1.721019348954391e-02
1.810696177161281e-02
1.805049947650339e-02
1.807216143766266e-02
1.638112733783193e-02
1.668932831904304e-02
1.631234557661443e-02
1.631439706906396e-02
1.670433256995315e-02
1.642451934392291e-02
1.677747387127632e-02
1.659333364356474e-02
1.686253903741640e-02
1.678383855091991e-02
1.917227186151695e-02
1.819306798371361e-02
1.800482446888403e-02
1.816778668854341e-02
1.925301261255420e-02
1.918623669411436e-02
1.742788668169806e-02
1.797299375080342e-02
1.720363666307749e-02
1.729714120370780e-02
1.727141297948309e-02
1.811766709049151e-02
1.623500635229528e-02
1.618195380520552e-02
1.626858098681803e-02
1.659000432210058e-02
1.765226340090053e-02
1.738266985225300e-02
1.745791758807420e-02
1.736356572805806e-02
1.808856340618424e-02
1.835469755580618e-02
1.608265721908950e-02
1.609008338575942e-02
1.620788595536340e-02
1.618587981156005e-02
1.945297298923667e-02
1.919635299389097e-02
2.115574315361847e-02
2.113478465557968e-02
1.920690375215108e-02
1.910619079250624e-02
1.925171822365376e-02
1.824594381208539e-02
1.821590199631075e-02
1.745430793263415e-02
1.744980894331777e-02
1.786460044605047e-02
1.739850744654675e-02
1.729612201169881e-02
1.797448949643208e-02
1.829893439297596e-02
1.831778450699748e-02
1.827386273925425e-02
1.741114483304489e-02
1.722707267046226e-02
1.717919236595522e-02
1.741000842776269e-02
1.737796876454105e-02
1.821293120860306e-02
1.768187339534376e-02
1.724697271417954e-02
1.719615248840944e-02
1.728085484566068e-02
1.673051488602144e-02
1.679052713279387e-02
1.630189909527673e-02
1.658113579978132e-02
1.670727166046370e-02
1.593308229928170e-02
1.590453341595958e-02
1.585180243905417e-02
1.595251499189630e-02
1.583535905462808e-02
1.679337689348395e-02
1.634892151059092e-02
1.662670769363936e-02
1.700406514644484e-02
1.678665665096572e-02
1.732467245046089e-02
1.743561081257862e-02
1.684202786780635e-02
1.748452686363211e-02
1.832640505268837e-02
1.781865881185024e-02
1.748048400483568e-02
1.769451311336187e-02
1.747121404167173e-02
1.829193863590158e-02
1.910856034171951e-02
1.810172066011955e-02
1.786921765486304e-02
1.743507013245927e-02
1.729001994689791e-02
1.816805408657909e-02
1.721363298769157e-02
1.667118049928343e-02
1.718209745097217e-02
1.667995892695780e-02
1.658619199448746e-02
1.656672290426226e-02
1.723681904829126e-02
1.743717843029103e-02
1.767993642204118e-02
1.743631226787404e-02
1.740250883111817e-02
1.816957470463379e-02
1.821936640700641e-02
1.728884499120052e-02
1.676903382717827e-02
1.685726544071522e-02
1.713467307803659e-02
1.681393620584499e-02
1.669840016852876e-02
1.717169847433071e-02
1.673427475075773e-02
1.729259764558555e-02
1.662001074827382e-02
1.803529501426567e-02
1.808390762856648e-02
1.806637185845839e-02
1.926012305045090e-02
1.926157705492876e-02
1.832457869675560e-02
1.736086741016299e-02
1.935923452656765e-02
1.855284190266409e-02
1.913285598154766e-02
1.924538540408596e-02
1.929465460569466e-02
2.102982028050936e-02
1.931603941618166e-02
1.934893851060896e-02
1.926319898342391e-02
1.917678502571403e-02
2.124564425561870e-02
2.126017040202405e-02
1.857617530795124e-02
1.958689589661962e-02
1.821387770612065e-02
1.912726678540240e-02
1.823699541536092e-02
1.914998697979512e-02
1.824287526659524e-02
1.839735969114641e-02
1.817944546718974e-02
2.109278682394363e-02
1.934029309848571e-02
2.111619096163871e-02
1.916523740196248e-02
1.984358534392671e-02
1.916241291521117e-02
1.910208393191821e-02
1.911207345977793e-02
1.823968944964210e-02
1.907245354765287e-02
2.113703583400742e-02
1.910502698879596e-02
2.113054035261132e-02
2.111661027274385e-02
1.916246077874314e-02
1.917110961809396e-02
2.106793938416830e-02
2.111682269035088e-02
2.111615772518099e-02
1.917751494768813e-02
1.926787536882572e-02
1.922194221875819e-02
1.833089744587084e-02
1.920907684813245e-02
1.936664303673578e-02
2.112369354216065e-02
1.928375856043331e-02
1.915240454979401e-02
2.117273811847000e-02
1.973682407826222e-02
1.919944796511009e-02
1.916161915329115e-02
2.118029444432548e-02
2.109758664904446e-02
1.922714516283207e-02
2.108173062630361e-02
1.975024470676736e-02
2.930734148634163e-02
2.928868162221694e-02
1.959897285169928e-02
4.075095844480310e-02
1.931895072018138e-02
1.833661275158436e-02
1.861964342177059e-02
1.816367515295202e-02
1.805074654278052e-02
1.912836257564690e-02
2.117538445352369e-02
2.115474261766399e-02
1.918218552642681e-02
2.121016326072117e-02
1.936028006567259e-02
2.104279943250251e-02
2.933681496616761e-02
1.976813976032845e-02
1.960489228320655e-02
2.931089690408693e-02
2.108445009213507e-02
2.112671432318824e-02
1.941244603843341e-02
1.955912689440238e-02
2.934267165217811e-02
2.915215008929770e-02
4.079295994194102e-02
1.929003231941822e-02
1.925045858819909e-02
2.127948184551839e-02
2.114648488493024e-02
1.971825704347249e-02
1.955316511562027e-02
1.934201255165854e-02
1.930884456645870e-02
1.918854334284287e-02
1.821943988001556e-02
1.935084248019562e-02
3.795318567946634e-02
3.795941617140571e-02
3.863080475082534e-02
3.863566855225430e-02
3.846047495907252e-02
3.863587160301113e-02
3.846028194097483e-02
3.846036933418519e-02
1.938157563752101e-02
1.942324132810654e-02
1.834509990440283e-02
1.848195696926635e-02
1.927431977555712e-02
1.938135304220419e-02
1.832760004173789e-02
1.903921726191507e-02
1.925905754205966e-02
1.944355793834393e-02
1.913272064621752e-02
1.922457003460954e-02
1.923657046691786e-02
2.111572060775887e-02
1.953550330794373e-02
1.846618282760470e-02
1.919190372124335e-02
1.926537931318416e-02
1.876130453918028e-02
1.933708464326391e-02
1.919062506300108e-02
1.937612382723067e-02
1.921236633628044e-02
1.918907785327860e-02
1.917984327522099e-02
1.973645658990409e-02
1.985752687499892e-02
2.932547292685591e-02
2.116823977060487e-02
2.117916721716370e-02
2.928971293611847e-02
1.946997141992118e-02
1.942822363065652e-02
2.929959782952250e-02
1.948352176319033e-02
1.964114958758346e-02
2.941753428213689e-02
1.963861982048748e-02
2.116125928292072e-02
2.112736000531689e-02
2.925896850580724e-02
1.953386772206143e-02
2.934355836269263e-02
4.076946781383523e-02
2.934295184200328e-02
1.935121000865257e-02
1.946558435316481e-02
2.944007578089381e-02
2.117128511266788e-02
2.934703243620535e-02
1.924789209453493e-02
2.929035609445339e-02
1.949793743306055e-02
2.934422849313779e-02
4.075689022701954e-02
2.940700782090324e-02
1.960192945777913e-02
2.928110749805683e-02
4.071828028952540e-02
4.072100607287277e-02
1.966647008441404e-02
2.958473025893806e-02
2.122077027018874e-02
1.965752350516747e-02
1.983103054736279e-02
2.951585502039477e-02
2.934578959647819e-02
1.975798866819363e-02
2.933988284451034e-02
1.979734216783711e-02
2.921968743790329e-02
2.931639635881409e-02
1.952807948857000e-02
1.983950252399923e-02
2.111776466356999e-02
2.114418719296879e-02
1.971972047776815e-02
2.935819275311033e-02
1.939493012766096e-02
2.930530341935158e-02
4.072450588097549e-02
4.073512843519596e-02
2.928420437279016e-02
2.944585231698761e-02
4.071680513448355e-02
4.071168417104084e-02
4.077930336391125e-02
2.924627914714671e-02
2.932329326221934e-02
2.939678147748842e-02
2.929346705395889e-02
4.074264903486682e-02
4.074452492728246e-02
2.960730621283046e-02
2.948841817031318e-02
2.929958461633809e-02
4.070620127104690e-02
4.070669689432894e-02
3.797065484017598e-02
1.957701207265674e-02
2.939358115174628e-02
2.117378356214151e-02
2.110595969920112e-02
1.947367088630948e-02
1.973996745259738e-02
1.983287441695953e-02
2.935897896103368e-02
1.985840262605314e-02
2.114184310441880e-02
2.124177936824621e-02
1.977828922710239e-02
2.933726985127008e-02
1.976042990036803e-02
1.954188010186549e-02
2.105845688257845e-02
1.977489305960071e-02
2.933276008200026e-02
2.920339887240127e-02
1.974622439708420e-02
2.123711326962709e-02
1.926459168447213e-02
2.105965019104927e-02
1.911269386651688e-02
2.116623762968488e-02
1.944324263377783e-02
1.948596280993520e-02
1.945214714126088e-02
2.926354584917941e-02
2.933144079856732e-02
2.943971461406966e-02
4.076744023788947e-02
4.070686560642567e-02
2.122452348993219e-02
1.975588695838512e-02
2.111433503912125e-02
1.974497904422477e-02
2.108706674787778e-02
1.989539884934618e-02
1.922907627648019e-02
2.115522549634862e-02
1.909291057938704e-02
2.112760757399748e-02
1.922058444401888e-02
2.113392414293700e-02
1.960016644385320e-02
2.928060516676234e-02
2.937472388873062e-02
2.116726784249410e-02
1.955201245137799e-02
1.920580580857655e-02
2.111438633526944e-02
1.969257469706867e-02
2.929661444240848e-02
1.967181027100480e-02
2.109245486817241e-02
2.127506202872702e-02
1.930713857113395e-02
1.940153168332619e-02
1.967343900582171e-02
2.118967715858983e-02
2.117714129506612e-02
1.921212587818598e-02
1.919409561489955e-02
1.953524454068190e-02
1.937789681704495e-02
1.922685469684876e-02
2.119163233426739e-02
2.113124432753535e-02
1.930269971083411e-02
1.948988346682783e-02
2.929033955309628e-02
2.935565426743234e-02
1.949645556469570e-02
1.949617888977546e-02
2.109433223757460e-02
1.915221637438256e-02
1.914051652390016e-02
2.939248920321669e-02
4.074101324912421e-02
3.795737737197722e-02
3.794972859193422e-02
3.863513043135600e-02
3.863107826551702e-02
3.846042783313862e-02
3.846043495855801e-02
4.071140462538319e-02
4.074203105421748e-02
3.796662313598653e-02
2.946054545948479e-02
1.981808396966164e-02
2.934236900062967e-02
3.795630313678295e-02
4.073245288262851e-02
4.076126594525882e-02
3.795257044569584e-02
3.795587161453289e-02
4.072386658988443e-02
2.942013732881545e-02
4.072572393469494e-02
4.068328799038140e-02
2.944481340508021e-02
2.947168840815003e-02
2.949358479141904e-02
4.073530775272263e-02
3.795185698387931e-02
4.072439287292014e-02
3.795486820337505e-02
3.863152531087585e-02
3.863553135264767e-02
3.846043378283145e-02
3.795386061152806e-02
4.070128676915977e-02
4.073710293018613e-02
3.795219022088678e-02
4.076750653164803e-02
2.926681110928007e-02
3.794953832309574e-02
4.074121138534225e-02
3.794835888009968e-02
3.863275788511052e-02
3.846065957521009e-02
3.846039400566348e-02
3.795755024686102e-02
4.069410341587269e-02
3.795590699320869e-02
3.794420195023463e-02
4.072926018858518e-02
4.075660607275067e-02
3.794653651122210e-02
4.077000711268564e-02
3.795519172128298e-02
4.071139776792702e-02
3.863256080786313e-02
3.863361532764156e-02
3.846134912187460e-02
4.077537767283065e-02
3.795549026194393e-02
3.795990357856974e-02
3.863487179354091e-02
3.846114898015129e-02
3.846092784133524e-02
3.795008506605658e-02
3.863158948660893e-02
3.846068940390738e-02
3.863184139800824e-02
3.863675061180481e-02
3.846110221377054e-02
3.846075292628393e-02
3.794553276300989e-02
4.069262018917816e-02
3.796213144450816e-02
3.795694356269622e-02
4.074241538918168e-02
4.075157236613909e-02
3.795102169676195e-02
4.075288423040439e-02
3.795415235216307e-02
4.071948804414528e-02
4.077907305247802e-02
3.795277355991829e-02
3.794626443497272e-02
3.795876948492300e-02
3.863545586313270e-02
3.845995671322928e-02
3.863239806928059e-02
3.846050373804958e-02
3.794990031683057e-02
4.073673148454580e-02
2.941338075668444e-02
2.937493261222855e-02
4.073811286434736e-02
4.076074797724206e-02
2.924869113267494e-02
3.795289397011932e-02
4.075559976764116e-02
2.941544313660490e-02
4.076133415898196e-02
4.071004215056270e-02
2.929611484538839e-02
1.987629255073138e-02
4.076952146626737e-02
4.073861102410387e-02
4.066018333813072e-02
2.932178775913489e-02
2.940597791001687e-02
4.076177291161764e-02
4.073767518372845e-02
3.863402162240991e-02
3.846037302996459e-02
2.938405152267655e-02
2.949442615674297e-02
4.071018884104079e-02
2.952138751547221e-02
1.972262049543854e-02
4.071220955199641e-02
4.077229818692000e-02
3.795267369271456e-02
3.794948694659377e-02
3.863479684232866e-02
3.863676131771825e-02
3.845998479751148e-02
3.863320885536679e-02
3.846022634176796e-02
4.076275898521465e-02
3.795324790618785e-02
3.863554564877286e-02
3.863122905407603e-02
3.846048765337122e-02
4.070432657084905e-02
4.077652635431647e-02
2.926302340238043e-02
2.932847328707125e-02
4.072036842492222e-02
3.794758413957885e-02
3.795183557546991e-02
4.073088351320359e-02
2.923682262112543e-02
1.957148755550663e-02
2.934331374390245e-02
4.069380527842667e-02
2.939250739501120e-02
2.940548350655145e-02
1.967012027927923e-02
1.969167927675806e-02
4.073789373687346e-02
2.939281401899890e-02
4.072650938049610e-02
2.932625891235445e-02
1.977032764985820e-02
1.964523040380650e-02
4.067666917346849e-02
1.897663387253514e-02
1.920245496853309e-02
1.942429063831442e-02
2.116124535853261e-02
4.074005356829802e-02
4.078855132727725e-02
2.927399069493565e-02
4.075219420924397e-02
3.795066016288810e-02
4.073857814676074e-02
4.073383358393701e-02
3.795369207641857e-02
3.863232671275437e-02
3.863462680935018e-02
3.846131785046758e-02
3.795740900321409e-02
3.794510678208122e-02
3.863593765559521e-02
3.846036734541052e-02
3.863748457057702e-02
3.846067989217050e-02
3.863005850285878e-02
3.846069979812292e-02
3.846065995052526e-02
3.794538984271408e-02
3.796538514159074e-02
3.794562024859192e-02
3.862827718086807e-02
3.846102407474573e-02
3.796477619589922e-02
3.796034587635715e-02
3.863227248512714e-02
3.846078751375945e-02
3.863188950617965e-02
3.863462140481166e-02
3.846074679271631e-02
3.863163382093751e-02
3.846060095602782e-02
3.846041294381634e-02
3.863613370233039e-02
3.846049602934104e-02
3.795335015815465e-02
3.863158188280175e-02
3.846104571362317e-02
3.846040178555388e-02
3.863300724114108e-02
3.846055291160944e-02
3.796069280608175e-02
3.796879828143579e-02
3.863103911272196e-02
3.846064710285105e-02
3.863020907134308e-02
3.846058896732277e-02
3.862977477491355e-02
3.846103641302970e-02
3.795481924125218e-02
3.796468775129928e-02
3.863437841134620e-02
3.862951755913843e-02
3.846109080256146e-02
3.846047739851684e-02
3.796602072915194e-02
3.795722632386697e-02
3.863299507828066e-02
3.846063657901854e-02
3.863188600174714e-02
3.846115313630102e-02
3.846107841040045e-02
3.795607686818059e-02
3.794870786780741e-02
3.863551153303524e-02
3.863529865911698e-02
3.863355334337026e-02
3.846114131959714e-02
3.863152351588865e-02
3.863452776752413e-02
3.846075829670063e-02
3.846054229454400e-02
3.863357403584197e-02
3.863132452556270e-02
3.846044980777477e-02
3.796513773695248e-02
3.795408939225083e-02
3.846064337850928e-02
3.845998647118486e-02
3.863089359877924e-02
3.846025341265932e-02
4.070385861422712e-02
3.796248877607892e-02
3.795779267861411e-02
2.937861006244578e-02
3.863717996104016e-02
3.846019880430233e-02
3.863516583637958e-02
3.846057291400685e-02
3.795718265565423e-02
3.863242269643530e-02
1.873857542010785e-02
1.840350430363384e-02
1.820818109708917e-02
1.930638828124322e-02
1.912106664570667e-02
3.863395626811229e-02
3.863436370975799e-02
3.846034486704582e-02
3.846116592921492e-02
3.863175002667461e-02
3.846095491877653e-02
3.863527550779536e-02
3.795097663295533e-02
4.074917377324862e-02
3.863189344911920e-02
3.846067128446747e-02
3.794873966169934e-02
3.863304889099580e-02
3.795486795824315e-02
3.846055646550537e-02
3.846012628804051e-02
3.863496561943258e-02
3.863493737601460e-02
3.863279996641013e-02
3.863290016860225e-02
3.846138195048560e-02
3.846081271767851e-02
3.846075194496873e-02
3.863388230935038e-02
3.795387793502559e-02
3.863454565036854e-02
3.863145606799093e-02
3.846095757193425e-02
3.846043383034983e-02
3.846015413990591e-02
3.863155682591466e-02
3.863652034126069e-02
3.794972876232103e-02
3.794813357016410e-02
4.073122714925141e-02
3.846031242477672e-02
3.846041080247779e-02
3.795264584033139e-02
3.863588773297737e-02
3.862993928523630e-02
3.795861032815473e-02
3.846026372056946e-02
3.846039229321265e-02
3.846062726237611e-02
3.863201047902080e-02
3.863548564164289e-02
3.795030698720012e-02
4.076141390191734e-02
3.795760376295918e-02
3.846033939299657e-02
3.846018838914840e-02
1.914674088830006e-02
1.862145333857510e-02
1.950497286823154e-02
1.938567226004197e-02
1.827362261354706e-02
1.825142058482913e-02
1.816768919268337e-02
1.937378914526714e-02
1.931447125562397e-02
1.934525175077106e-02
2.108878343081914e-02
1.955605972504533e-02
2.939531794392760e-02
2.940145867005240e-02
3.797217501820370e-02
4.066316674497977e-02
4.071354330446140e-02
4.073436590407242e-02
3.795341881403882e-02
3.863357514619296e-02
3.795228140751373e-02
4.077232449646776e-02
3.846141500125339e-02
3.863508400980454e-02
3.846030575226016e-02
3.796485787234564e-02
3.863476435581459e-02
3.794707204402232e-02
3.846073240066632e-02
3.846047950774578e-02
3.863359002423991e-02
3.796289813149442e-02
3.846112913565881e-02
3.846022210091072e-02
3.863293985303388e-02
3.863421238471777e-02
3.796171475193044e-02
3.862948603244251e-02
3.796045257057070e-02
3.846098549379119e-02
3.846071740755583e-02
3.846086718557813e-02

nxx  1  1102  double
0.000000000000000e+00
0.000000000000000e+00
0.000000000000000e+00
0.000000000000000e+00
0.000000000000000e+00
0.000000000000000e+00
0.000000000000000e+00
0.000000000000000e+00
-0.000000000000000e+00
-0.000000000000000e+00
0.000000000000000e+00
0.000000000000000e+00
0.000000000000000e+00
-0.000000000000000e+00
0.000000000000000e+00
0.000000000000000e+00
0.000000000000000e+00
0.000000000000000e+00
0.000000000000000e+00
0.000000000000000e+00
0.000000000000000e+00
-0.000000000000000e+00
0.000000000000000e+00
0.000000000000000e+00
0.000000000000000e+00
0.000000000000000e+00
-0.000000000000000e+00
0.000000000000000e+00
-0.000000000000000e+00
0.000000000000000e+00
0.000000000000000e+00
0.000000000000000e+00
0.000000000000000e+00
0.000000000000000e+00
0.000000000000000e+00
0.000000000000000e+00
0.000000000000000e+00
0.000000000000000e+00
0.000000000000000e+00
0.000000000000000e+00
0.000000000000000e+00
0.000000000000000e+00
0.000000000000000e+00
0.000000000000000e+00
0.000000000000000e+00
0.000000000000000e+00
0.000000000000000e+00
0.000000000000000e+00
0.000000000000000e+00
0.000000000000000e+00
0.000000000000000e+00
0.000000000000000e+00
0.000000000000000e+00
0.000000000000000e+00
-0.000000000000000e+00
-0.000000000000000e+00
-0.000000000000000e+00
-0.000000000000000e+00
-0.000000000000000e+00
0.000000000000000e+00
0.000000000000000e+00
0.000000000000000e+00
0.000000000000000e+00
0.000000000000000e+00
0.000000000000000e+00
0.000000000000000e+00
-0.000000000000000e+00
-0.000000000000000e+00
0.000000000000000e+00
-0.000000000000000e+00
0.000000000000000e+00
0.000000000000000e+00
0.000000000000000e+00
0.000000000000000e+00
0.000000000000000e+00
0.000000000000000e+00
-0.000000000000000e+00
-0.000000000000000e+00
0.000000000000000e+00
0.000000000000000e+00
-0.000000000000000e+00
0.000000000000000e+00
0.000000000000000e+00
0.000000000000000e+00
-0.000000000000000e+00
-0.000000000000000e+00
0.000000000000000e+00
0.000000000000000e+00
0.000000000000000e+00
0.000000000000000e+00
0.000000000000000e+00
0.000000000000000e+00
0.000000000000000e+00
0.000000000000000e+00
0.000000000000000e+00
0.000000000000000e+00
0.000000000000000e+00
0.000000000000000e+00
0.000000000000000e+00
0.000000000000000e+00
-0.000000000000000e+00
-0.000000000000000e+00
0.000000000000000e+00
0.000000000000000e+00
0.000000000000000e+00
0.000000000000000e+00
0.000000000000000e+00
-0.000000000000000e+00
0.000000000000000e+00
0.000000000000000e+00
-0.000000000000000e+00
0.000000000000000e+00
0.000000000000000e+00
0.000000000000000e+00
0.000000000000000e+00
0.000000000000000e+00
0.000000000000000e+00
0.000000000000000e+00
0.000000000000000e+00
-0.000000000000000e+00
0.000000000000000e+00
0.000000000000000e+00
0.000000000000000e+00
0.000000000000000e+00
0.000000000000000e+00
0.000000000000000e+00
-0.000000000000000e+00
-0.000000000000000e+00
0.000000000000000e+00
-0.000000000000000e+00
-0.000000000000000e+00
0.000000000000000e+00
-0.000000000000000e+00
-0.000000000000000e+00
0.000000000000000e+00
0.000000000000000e+00
-0.000000000000000e+00
-0.000000000000000e+00
-0.000000000000000e+00
-0.000000000000000e+00
0.000000000000000e+00
0.000000000000000e+00
-0.000000000000000e+00
0.000000000000000e+00
0.000000000000000e+00
-0.000000000000000e+00
-0.000000000000000e+00
-0.000000000000000e+00
0.000000000000000e+00
0.000000000000000e+00
0.000000000000000e+00
0.000000000000000e+00
0.000000000000000e+00
0.000000000000000e+00
0.000000000000000e+00
0.000000000000000e+00
-0.000000000000000e+00
0.000000000000000e+00
0.000000000000000e+00
0.000000000000000e+00
0.000000000000000e+00
0.000000000000000e+00
0.000000000000000e+00
0.000000000000000e+00
-0.000000000000000e+00
-0.000000000000000e+00
0.000000000000000e+00
0.000000000000000e+00
0.000000000000000e+00
-0.000000000000000e+00
-0.000000000000000e+00
-0.000000000000000e+00
0.000000000000000e+00
-0.000000000000000e+00
0.000000000000000e+00
0.000000000000000e+00
0.000000000000000e+00
-0.000000000000000e+00
0.000000000000000e+00
-0.000000000000000e+00
-0.000000000000000e+00
0.000000000000000e+00
0.000000000000000e+00
0.000000000000000e+00
0.000000000000000e+00
0.000000000000000e+00
0.000000000000000e+00
0.000000000000000e+00
0.000000000000000e+00
-0.000000000000000e+00
-0.000000000000000e+00
0.000000000000000e+00
-0.000000000000000e+00
0.000000000000000e+00
0.000000000000000e+00
0.000000000000000e+00
0.000000000000000e+00
0.000000000000000e+00
0.000000000000000e+00
0.000000000000000e+00
0.000000000000000e+00
0.000000000000000e+00
0.000000000000000e+00
0.000000000000000e+00
-0.000000000000000e+00
-0.000000000000000e+00
-0.000000000000000e+00
-0.000000000000000e+00
-0.000000000000000e+00
0.000000000000000e+00
0.000000000000000e+00
-0.000000000000000e+00
0.000000000000000e+00
0.000000000000000e+00
-0.000000000000000e+00
-0.000000000000000e+00
-0.000000000000000e+00
0.000000000000000e+00
0.000000000000000e+00
0.000000000000000e+00
0.000000000000000e+00
0.000000000000000e+00
0.000000000000000e+00
0.000000000000000e+00
0.000000000000000e+00
-0.000000000000000e+00
-0.000000000000000e+00
-0.000000000000000e+00
0.000000000000000e+00
0.000000000000000e+00
0.000000000000000e+00
0.000000000000000e+00
0.000000000000000e+00
0.000000000000000e+00
0.000000000000000e+00
0.000000000000000e+00
0.000000000000000e+00
0.000000000000000e+00
-0.000000000000000e+00
-0.000000000000000e+00
-0.000000000000000e+00
0.000000000000000e+00
0.000000000000000e+00
0.000000000000000e+00
0.000000000000000e+00
0.000000000000000e+00
0.000000000000000e+00
0.000000000000000e+00
0.000000000000000e+00
-0.000000000000000e+00
-0.000000000000000e+00
0.000000000000000e+00
-0.000000000000000e+00
0.000000000000000e+00
0.000000000000000e+00
0.000000000000000e+00
-0.000000000000000e+00
-0.000000000000000e+00
0.000000000000000e+00
0.000000000000000e+00
0.000000000000000e+00
0.000000000000000e+00
0.000000000000000e+00
-0.000000000000000e+00
0.000000000000000e+00
0.000000000000000e+00
0.000000000000000e+00
0.000000000000000e+00
0.000000000000000e+00
0.000000000000000e+00
0.000000000000000e+00
0.000000000000000e+00
0.000000000000000e+00
0.000000000000000e+00
0.000000000000000e+00
0.000000000000000e+00
0.000000000000000e+00
0.000000000000000e+00
0.000000000000000e+00
0.000000000000000e+00
0.000000000000000e+00
0.000000000000000e+00
-0.000000000000000e+00
-0.000000000000000e+00
-0.000000000000000e+00
-0.000000000000000e+00
-0.000000000000000e+00
-0.000000000000000e+00
0.000000000000000e+00
0.000000000000000e+00
-0.000000000000000e+00
-0.000000000000000e+00
0.000000000000000e+00
0.000000000000000e+00
0.000000000000000e+00
0.000000000000000e+00
0.000000000000000e+00
-0.000000000000000e+00
-0.000000000000000e+00
0.000000000000000e+00
-0.000000000000000e+00
-0.000000000000000e+00
-0.000000000000000e+00
-0.000000000000000e+00
0.000000000000000e+00
0.000000000000000e+00
0.000000000000000e+00
0.000000000000000e+00
0.000000000000000e+00
0.000000000000000e+00
0.000000000000000e+00
0.000000000000000e+00
0.000000000000000e+00
0.000000000000000e+00
0.000000000000000e+00
0.000000000000000e+00
0.000000000000000e+00
0.000000000000000e+00
0.000000000000000e+00
-0.000000000000000e+00
0.000000000000000e+00
0.000000000000000e+00
-0.000000000000000e+00
0.000000000000000e+00
-0.000000000000000e+00
-0.000000000000000e+00
-0.000000000000000e+00
-0.000000000000000e+00
0.000000000000000e+00
-0.000000000000000e+00
0.000000000000000e+00
-0.000000000000000e+00
-0.000000000000000e+00
0.000000000000000e+00
0.000000000000000e+00
0.000000000000000e+00
0.000000000000000e+00
0.000000000000000e+00
-0.000000000000000e+00
-0.000000000000000e+00
0.000000000000000e+00
0.000000000000000e+00
0.000000000000000e+00
0.000000000000000e+00
0.000000000000000e+00
0.000000000000000e+00
0.000000000000000e+00
-0.000000000000000e+00
-0.000000000000000e+00
-0.000000000000000e+00
-0.000000000000000e+00
0.000000000000000e+00
0.000000000000000e+00
0.000000000000000e+00
0.000000000000000e+00
-0.000000000000000e+00
0.000000000000000e+00
0.000000000000000e+00
0.000000000000000e+00
0.000000000000000e+00
0.000000000000000e+00
0.000000000000000e+00
0.000000000000000e+00
0.000000000000000e+00
0.000000000000000e+00
-0.000000000000000e+00
-0.000000000000000e+00
0.000000000000000e+00
0.000000000000000e+00
0.000000000000000e+00
0.000000000000000e+00
0.000000000000000e+00
0.000000000000000e+00
0.000000000000000e+00
0.000000000000000e+00
0.000000000000000e+00
0.000000000000000e+00
0.000000000000000e+00
0.000000000000000e+00
0.000000000000000e+00
0.000000000000000e+00
-0.000000000000000e+00
0.000000000000000e+00
0.000000000000000e+00
0.000000000000000e+00
-0.000000000000000e+00
-0.000000000000000e+00
-0.000000000000000e+00
0.000000000000000e+00
0.000000000000000e+00
-0.000000000000000e+00
-0.000000000000000e+00
0.000000000000000e+00
-0.000000000000000e+00
-0.000000000000000e+00
0.000000000000000e+00
0.000000000000000e+00
0.000000000000000e+00
0.000000000000000e+00
0.000000000000000e+00
0.000000000000000e+00
0.000000000000000e+00
0.000000000000000e+00
0.000000000000000e+00
0.000000000000000e+00
0.000000000000000e+00
0.000000000000000e+00
0.000000000000000e+00
0.000000000000000e+00
0.000000000000000e+00
0.000000000000000e+00
0.000000000000000e+00
0.000000000000000e+00
0.000000000000000e+00
0.000000000000000e+00
-0.000000000000000e+00
-0.000000000000000e+00
-0.000000000000000e+00
-0.000000000000000e+00
0.000000000000000e+00
-0.000000000000000e+00
0.000000000000000e+00
0.000000000000000e+00
0.000000000000000e+00
0.000000000000000e+00
0.000000000000000e+00
0.000000000000000e+00
0.000000000000000e+00
0.000000000000000e+00
0.000000000000000e+00
0.000000000000000e+00
0.000000000000000e+00
0.000000000000000e+00
0.000000000000000e+00
0.000000000000000e+00
0.000000000000000e+00
0.000000000000000e+00
-0.000000000000000e+00
0.000000000000000e+00
-0.000000000000000e+00
-0.000000000000000e+00
-0.000000000000000e+00
-0.000000000000000e+00
0.000000000000000e+00
0.000000000000000e+00
0.000000000000000e+00
0.000000000000000e+00
0.000000000000000e+00
0.000000000000000e+00
0.000000000000000e+00
0.000000000000000e+00
0.000000000000000e+00
0.000000000000000e+00
0.000000000000000e+00
-0.000000000000000e+00
0.000000000000000e+00
0.000000000000000e+00
-0.000000000000000e+00
0.000000000000000e+00
0.000000000000000e+00
0.000000000000000e+00
0.000000000000000e+00
0.000000000000000e+00
0.000000000000000e+00
0.000000000000000e+00
0.000000000000000e+00
0.000000000000000e+00
0.000000000000000e+00
0.000000000000000e+00
0.000000000000000e+00
0.000000000000000e+00
0.000000000000000e+00
0.000000000000000e+00
0.000000000000000e+00
-0.000000000000000e+00
-0.000000000000000e+00
-0.000000000000000e+00
0.000000000000000e+00
0.000000000000000e+00
0.000000000000000e+00
0.000000000000000e+00
0.000000000000000e+00
0.000000000000000e+00
0.000000000000000e+00
0.000000000000000e+00
0.000000000000000e+00
0.000000000000000e+00
-0.000000000000000e+00
-0.000000000000000e+00
0.000000000000000e+00
0.000000000000000e+00
-0.000000000000000e+00
0.000000000000000e+00
-0.000000000000000e+00
-0.000000000000000e+00
-0.000000000000000e+00
-0.000000000000000e+00
0.000000000000000e+00
0.000000000000000e+00
0.000000000000000e+00
0.000000000000000e+00
-0.000000000000000e+00
0.000000000000000e+00
0.000000000000000e+00
0.000000000000000e+00
0.000000000000000e+00
-0.000000000000000e+00
0.000000000000000e+00
-0.000000000000000e+00
0.000000000000000e+00
0.000000000000000e+00
0.000000000000000e+00
0.000000000000000e+00
0.000000000000000e+00
-0.000000000000000e+00
0.000000000000000e+00
0.000000000000000e+00
0.000000000000000e+00
0.000000000000000e+00
0.000000000000000e+00
0.000000000000000e+00
0.000000000000000e+00
-0.000000000000000e+00
-0.000000000000000e+00
-0.000000000000000e+00
-0.000000000000000e+00
0.000000000000000e+00
-0.000000000000000e+00
0.000000000000000e+00
0.000000000000000e+00
0.000000000000000e+00
-0.000000000000000e+00
-0.000000000000000e+00
0.000000000000000e+00
0.000000000000000e+00
0.000000000000000e+00
0.000000000000000e+00
0.000000000000000e+00
0.000000000000000e+00
0.000000000000000e+00
0.000000000000000e+00
-0.000000000000000e+00
-0.000000000000000e+00
0.000000000000000e+00
-0.000000000000000e+00
0.000000000000000e+00
0.000000000000000e+00
0.000000000000000e+00
-0.000000000000000e+00
0.000000000000000e+00
-0.000000000000000e+00
-0.000000000000000e+00
-0.000000000000000e+00
0.000000000000000e+00
-0.000000000000000e+00
-0.000000000000000e+00
0.000000000000000e+00
0.000000000000000e+00
0.000000000000000e+00
0.000000000000000e+00
0.000000000000000e+00
-0.000000000000000e+00
0.000000000000000e+00
0.000000000000000e+00
0.000000000000000e+00
0.000000000000000e+00
-0.000000000000000e+00
0.000000000000000e+00
0.000000000000000e+00
0.000000000000000e+00
0.000000000000000e+00
0.000000000000000e+00
-0.000000000000000e+00
0.000000000000000e+00
-0.000000000000000e+00
0.000000000000000e+00
-0.000000000000000e+00
-0.000000000000000e+00
0.000000000000000e+00
0.000000000000000e+00
-0.000000000000000e+00
0.000000000000000e+00
-0.000000000000000e+00
0.000000000000000e+00
0.000000000000000e+00
-0.000000000000000e+00
0.000000000000000e+00
0.000000000000000e+00
0.000000000000000e+00
0.000000000000000e+00
0.000000000000000e+00
0.000000000000000e+00
0.000000000000000e+00
0.000000000000000e+00
0.000000000000000e+00
0.000000000000000e+00
0.000000000000000e+00
0.000000000000000e+00
0.000000000000000e+00
0.000000000000000e+00
0.000000000000000e+00
-0.000000000000000e+00
0.000000000000000e+00
0.000000000000000e+00
0.000000000000000e+00
0.000000000000000e+00
-0.000000000000000e+00
-0.000000000000000e+00
-0.000000000000000e+00
0.000000000000000e+00
0.000000000000000e+00
0.000000000000000e+00
0.000000000000000e+00
0.000000000000000e+00
0.000000000000000e+00
-0.000000000000000e+00
-0.000000000000000e+00
-0.000000000000000e+00
0.000000000000000e+00
0.000000000000000e+00
0.000000000000000e+00
0.000000000000000e+00
0.000000000000000e+00
0.000000000000000e+00
-0.000000000000000e+00
0.000000000000000e+00
0.000000000000000e+00
0.000000000000000e+00
0.000000000000000e+00
-0.000000000000000e+00
-0.000000000000000e+00
0.000000000000000e+00
0.000000000000000e+00
-0.000000000000000e+00
-0.000000000000000e+00
-0.000000000000000e+00
-0.000000000000000e+00
0.000000000000000e+00
0.000000000000000e+00
0.000000000000000e+00
-0.000000000000000e+00
-0.000000000000000e+00
0.000000000000000e+00
-0.000000000000000e+00
0.000000000000000e+00
-0.000000000000000e+00
0.000000000000000e+00
-0.000000000000000e+00
0.000000000000000e+00
0.000000000000000e+00
-0.000000000000000e+00
0.000000000000000e+00
0.000000000000000e+00
-0.000000000000000e+00
-0.000000000000000e+00
-0.000000000000000e+00
0.000000000000000e+00
0.000000000000000e+00
-0.000000000000000e+00
-0.000000000000000e+00
0.000000000000000e+00
0.000000000000000e+00
0.000000000000000e+00
0.000000000000000e+00
0.000000000000000e+00
0.000000000000000e+00
0.000000000000000e+00
-0.000000000000000e+00
0.000000000000000e+00
0.000000000000000e+00
0.000000000000000e+00
0.000000000000000e+00
0.000000000000000e+00
-0.000000000000000e+00
0.000000000000000e+00
-0.000000000000000e+00
-0.000000000000000e+00
0.000000000000000e+00
0.000000000000000e+00
0.000000000000000e+00
-0.000000000000000e+00
-0.000000000000000e+00
-0.000000000000000e+00
0.000000000000000e+00
0.000000000000000e+00
0.000000000000000e+00
0.000000000000000e+00
0.000000000000000e+00
-0.000000000000000e+00
-0.000000000000000e+00
0.000000000000000e+00
-0.000000000000000e+00
-0.000000000000000e+00
0.000000000000000e+00
0.000000000000000e+00
0.000000000000000e+00
0.000000000000000e+00
0.000000000000000e+00
0.000000000000000e+00
0.000000000000000e+00
0.000000000000000e+00
0.000000000000000e+00
-0.000000000000000e+00
0.000000000000000e+00
-0.000000000000000e+00
0.000000000000000e+00
0.000000000000000e+00
-0.000000000000000e+00
0.000000000000000e+00
0.000000000000000e+00
0.000000000000000e+00
0.000000000000000e+00
-0.000000000000000e+00
0.000000000000000e+00
-0.000000000000000e+00
0.000000000000000e+00
0.000000000000000e+00
0.000000000000000e+00
0.000000000000000e+00
-0.000000000000000e+00
0.000000000000000e+00
-0.000000000000000e+00
0.000000000000000e+00
0.000000000000000e+00
0.000000000000000e+00
0.000000000000000e+00
0.000000000000000e+00
0.000000000000000e+00
0.000000000000000e+00
-0.000000000000000e+00
-0.000000000000000e+00
-0.000000000000000e+00
0.000000000000000e+00
0.000000000000000e+00
-0.000000000000000e+00
0.000000000000000e+00
0.000000000000000e+00
0.000000000000000e+00
0.000000000000000e+00
0.000000000000000e+00
0.000000000000000e+00
0.000000000000000e+00
-0.000000000000000e+00
0.000000000000000e+00
0.000000000000000e+00
0.000000000000000e+00
-0.000000000000000e+00
-0.000000000000000e+00
0.000000000000000e+00
0.000000000000000e+00
0.000000000000000e+00
0.000000000000000e+00
0.000000000000000e+00
0.000000000000000e+00
0.000000000000000e+00
0.000000000000000e+00
0.000000000000000e+00
-0.000000000000000e+00
-0.000000000000000e+00
0.000000000000000e+00
0.000000000000000e+00
-0.000000000000000e+00
-0.000000000000000e+00
-0.000000000000000e+00
0.000000000000000e+00
0.000000000000000e+00
-0.000000000000000e+00
0.000000000000000e+00
0.000000000000000e+00
0.000000000000000e+00
0.000000000000000e+00
-0.000000000000000e+00
-0.000000000000000e+00
0.000000000000000e+00
0.000000000000000e+00
0.000000000000000e+00
0.000000000000000e+00
-0.000000000000000e+00
0.000000000000000e+00
0.000000000000000e+00
0.000000000000000e+00
0.000000000000000e+00
0.000000000000000e+00
0.000000000000000e+00
0.000000000000000e+00
0.000000000000000e+00
0.000000000000000e+00
0.000000000000000e+00
0.000000000000000e+00
0.000000000000000e+00
0.000000000000000e+00
0.000000000000000e+00
0.000000000000000e+00
0.000000000000000e+00
0.000000000000000e+00
0.000000000000000e+00
0.000000000000000e+00
0.000000000000000e+00
-0.000000000000000e+00
-0.000000000000000e+00
-0.000000000000000e+00
-0.000000000000000e+00
-0.000000000000000e+00
-0.000000000000000e+00
-0.000000000000000e+00
-0.000000000000000e+00
-0.000000000000000e+00
-0.000000000000000e+00
0.000000000000000e+00
0.000000000000000e+00
-0.000000000000000e+00
-0.000000000000000e+00
0.000000000000000e+00
0.000000000000000e+00
0.000000000000000e+00
0.000000000000000e+00
0.000000000000000e+00
0.000000000000000e+00
0.000000000000000e+00
0.000000000000000e+00
0.000000000000000e+00
0.000000000000000e+00
0.000000000000000e+00
0.000000000000000e+00
0.000000000000000e+00
0.000000000000000e+00
0.000000000000000e+00
0.000000000000000e+00
0.000000000000000e+00
0.000000000000000e+00
0.000000000000000e+00
0.000000000000000e+00
0.000000000000000e+00
0.000000000000000e+00
0.000000000000000e+00
0.000000000000000e+00
-0.000000000000000e+00
-0.000000000000000e+00
0.000000000000000e+00
0.000000000000000e+00
0.000000000000000e+00
0.000000000000000e+00
0.000000000000000e+00
0.000000000000000e+00
0.000000000000000e+00
0.000000000000000e+00
-0.000000000000000e+00
0.000000000000000e+00
0.000000000000000e+00
0.000000000000000e+00
-0.000000000000000e+00
0.000000000000000e+00
-0.000000000000000e+00
-0.000000000000000e+00
0.000000000000000e+00
0.000000000000000e+00
0.000000000000000e+00
0.000000000000000e+00
0.000000000000000e+00
0.000000000000000e+00
0.000000000000000e+00
0.000000000000000e+00
0.000000000000000e+00
0.000000000000000e+00
0.000000000000000e+00
-0.000000000000000e+00
0.000000000000000e+00
-0.000000000000000e+00
-0.000000000000000e+00
0.000000000000000e+00
-0.000000000000000e+00
0.000000000000000e+00
-0.000000000000000e+00
0.000000000000000e+00
0.000000000000000e+00
0.000000000000000e+00
0.000000000000000e+00
0.000000000000000e+00
0.000000000000000e+00
0.000000000000000e+00
0.000000000000000e+00
-0.000000000000000e+00
-0.000000000000000e+00
0.000000000000000e+00
0.000000000000000e+00
0.000000000000000e+00
0.000000000000000e+00
-0.000000000000000e+00
-0.000000000000000e+00
0.000000000000000e+00
0.000000000000000e+00
0.000000000000000e+00
0.000000000000000e+00
0.000000000000000e+00
0.000000000000000e+00
-0.000000000000000e+00
0.000000000000000e+00
0.000000000000000e+00
0.000000000000000e+00
0.000000000000000e+00
0.000000000000000e+00
0.000000000000000e+00
0.000000000000000e+00
0.000000000000000e+00
-0.000000000000000e+00
0.000000000000000e+00
0.000000000000000e+00
0.000000000000000e+00
0.000000000000000e+00
-0.000000000000000e+00
0.000000000000000e+00
0.000000000000000e+00
0.000000000000000e+00
0.000000000000000e+00
0.000000000000000e+00
0.000000000000000e+00
0.000000000000000e+00
-0.000000000000000e+00
-0.000000000000000e+00
0.000000000000000e+00
0.000000000000000e+00
0.000000000000000e+00
0.000000000000000e+00
0.000000000000000e+00
0.000000000000000e+00
0.000000000000000e+00
0.000000000000000e+00
0.000000000000000e+00
0.000000000000000e+00
0.000000000000000e+00
0.000000000000000e+00
0.000000000000000e+00
0.000000000000000e+00
0.000000000000000e+00
0.000000000000000e+00
0.000000000000000e+00
0.000000000000000e+00
0.000000000000000e+00
0.000000000000000e+00
0.000000000000000e+00
-0.000000000000000e+00
-0.000000000000000e+00
-0.000000000000000e+00
-0.000000000000000e+00
-0.000000000000000e+00
-0.000000000000000e+00
0.000000000000000e+00
0.000000000000000e+00
0.000000000000000e+00
0.000000000000000e+00
0.000000000000000e+00
0.000000000000000e+00
0.000000000000000e+00
0.000000000000000e+00
-0.000000000000000e+00
-0.000000000000000e+00
0.000000000000000e+00
0.000000000000000e+00
0.000000000000000e+00
0.000000000000000e+00
0.000000000000000e+00
0.000000000000000e+00
0.000000000000000e+00
0.000000000000000e+00
0.000000000000000e+00
0.000000000000000e+00
0.000000000000000e+00
0.000000000000000e+00
0.000000000000000e+00
0.000000000000000e+00
-0.000000000000000e+00
0.000000000000000e+00
0.000000000000000e+00
0.000000000000000e+00
0.000000000000000e+00
0.000000000000000e+00
0.000000000000000e+00
0.000000000000000e+00
0.000000000000000e+00
0.000000000000000e+00
0.000000000000000e+00
-0.000000000000000e+00
-0.000000000000000e+00
0.000000000000000e+00
-0.000000000000000e+00
0.000000000000000e+00
0.000000000000000e+00
0.000000000000000e+00
0.000000000000000e+00
0.000000000000000e+00
0.000000000000000e+00
0.000000000000000e+00
0.000000000000000e+00
0.000000000000000e+00
0.000000000000000e+00
-0.000000000000000e+00
0.000000000000000e+00
0.000000000000000e+00
-0.000000000000000e+00
-0.000000000000000e+00
-0.000000000000000e+00
-0.000000000000000e+00
-0.000000000000000e+00
0.000000000000000e+00
0.000000000000000e+00
0.000000000000000e+00
0.000000000000000e+00
0.000000000000000e+00
0.000000000000000e+00
-0.000000000000000e+00
-0.000000000000000e+00
-0.000000000000000e+00
0.000000000000000e+00
0.000000000000000e+00
-0.000000000000000e+00
0.000000000000000e+00
0.000000000000000e+00
-0.000000000000000e+00
0.000000000000000e+00
0.000000000000000e+00
-0.000000000000000e+00
-0.000000000000000e+00
0.000000000000000e+00
-0.000000000000000e+00
-0.000000000000000e+00
-0.000000000000000e+00
0.000000000000000e+00
0.000000000000000e+00
0.000000000000000e+00
0.000000000000000e+00
0.000000000000000e+00
0.000000000000000e+00
-0.000000000000000e+00
-0.000000000000000e+00
0.000000000000000e+00
0.000000000000000e+00
0.000000000000000e+00
0.000000000000000e+00
0.000000000000000e+00
-0.000000000000000e+00
-0.000000000000000e+00
-0.000000000000000e+00
0.000000000000000e+00
0.000000000000000e+00
0.000000000000000e+00
0.000000000000000e+00
-0.000000000000000e+00
-0.000000000000000e+00
-0.000000000000000e+00
0.000000000000000e+00
0.000000000000000e+00
0.000000000000000e+00
0.000000000000000e+00
0.000000000000000e+00
0.000000000000000e+00
0.000000000000000e+00
-0.000000000000000e+00
0.000000000000000e+00
-0.000000000000000e+00
-0.000000000000000e+00
0.000000000000000e+00
0.000000000000000e+00
0.000000000000000e+00
0.000000000000000e+00
0.000000000000000e+00
0.000000000000000e+00
0.000000000000000e+00
0.000000000000000e+00
0.000000000000000e+00
-0.000000000000000e+00
-0.000000000000000e+00
0.000000000000000e+00
0.000000000000000e+00
-0.000000000000000e+00
0.000000000000000e+00
0.000000000000000e+00
0.000000000000000e+00
0.000000000000000e+00
-0.000000000000000e+00
-0.000000000000000e+00
-0.000000000000000e+00
0.000000000000000e+00
0.000000000000000e+00
-0.000000000000000e+00
0.000000000000000e+00
0.000000000000000e+00
0.000000000000000e+00
0.000000000000000e+00
0.000000000000000e+00
0.000000000000000e+00
0.000000000000000e+00
0.000000000000000e+00
-0.000000000000000e+00
0.000000000000000e+00
0.000000000000000e+00
-0.000000000000000e+00
-0.000000000000000e+00
0.000000000000000e+00
0.000000000000000e+00
0.000000000000000e+00
0.000000000000000e+00
0.000000000000000e+00

nyy  1  1102  double
-0.000000000000000e+00
-0.000000000000000e+00
-0.000000000000000e+00
-0.000000000000000e+00
-0.000000000000000e+00
-0.000000000000000e+00
0.000000000000000e+00
0.000000000000000e+00
0.000000000000000e+00
0.000000000000000e+00
0.000000000000000e+00
0.000000000000000e+00
0.000000000000000e+00
0.000000000000000e+00
-0.000000000000000e+00
-0.000000000000000e+00
0.000000000000000e+00
0.000000000000000e+00
0.000000000000000e+00
-0.000000000000000e+00
0.000000000000000e+00
0.000000000000000e+00
0.000000000000000e+00
-0.000000000000000e+00
-0.000000000000000e+00
0.000000000000000e+00
0.000000000000000e+00
0.000000000000000e+00
0.000000000000000e+00
0.000000000000000e+00
0.000000000000000e+00
0.000000000000000e+00
-0.000000000000000e+00
0.000000000000000e+00
-0.000000000000000e+00
-0.000000000000000e+00
0.000000000000000e+00
0.000000000000000e+00
-0.000000000000000e+00
-0.000000000000000e+00
-0.000000000000000e+00
0.000000000000000e+00
0.000000000000000e+00
0.000000000000000e+00
0.000000000000000e+00
0.000000000000000e+00
0.000000000000000e+00
0.000000000000000e+00
0.000000000000000e+00
-0.000000000000000e+00
-0.000000000000000e+00
-0.000000000000000e+00
0.000000000000000e+00
0.000000000000000e+00
0.000000000000000e+00
0.000000000000000e+00
0.000000000000000e+00
0.000000000000000e+00
0.000000000000000e+00
-0.000000000000000e+00
0.000000000000000e+00
0.000000000000000e+00
0.000000000000000e+00
0.000000000000000e+00
0.000000000000000e+00
0.000000000000000e+00
0.000000000000000e+00
0.000000000000000e+00
0.000000000000000e+00
0.000000000000000e+00
0.000000000000000e+00
0.000000000000000e+00
0.000000000000000e+00
0.000000000000000e+00
0.000000000000000e+00
-0.000000000000000e+00
0.000000000000000e+00
0.000000000000000e+00
0.000000000000000e+00
0.000000000000000e+00
0.000000000000000e+00
0.000000000000000e+00
0.000000000000000e+00
0.000000000000000e+00
0.000000000000000e+00
0.000000000000000e+00
0.000000000000000e+00
0.000000000000000e+00
0.000000000000000e+00
-0.000000000000000e+00
0.000000000000000e+00
0.000000000000000e+00
0.000000000000000e+00
0.000000000000000e+00
-0.000000000000000e+00
-0.000000000000000e+00
0.000000000000000e+00
-0.000000000000000e+00
-0.000000000000000e+00
0.000000000000000e+00
0.000000000000000e+00
0.000000000000000e+00
0.000000000000000e+00
0.000000000000000e+00
0.000000000000000e+00
0.000000000000000e+00
0.000000000000000e+00
0.000000000000000e+00
0.000000000000000e+00
0.000000000000000e+00
0.000000000000000e+00
-0.000000000000000e+00
0.000000000000000e+00
0.000000000000000e+00
0.000000000000000e+00
-0.000000000000000e+00
0.000000000000000e+00
0.000000000000000e+00
0.000000000000000e+00
0.000000000000000e+00
-0.000000000000000e+00
-0.000000000000000e+00
0.000000000000000e+00
0.000000000000000e+00
0.000000000000000e+00
0.000000000000000e+00
0.000000000000000e+00
0.000000000000000e+00
0.000000000000000e+00
0.000000000000000e+00
0.000000000000000e+00
-0.000000000000000e+00
0.000000000000000e+00
0.000000000000000e+00
-0.000000000000000e+00
-0.000000000000000e+00
0.000000000000000e+00
0.000000000000000e+00
0.000000000000000e+00
0.000000000000000e+00
-0.000000000000000e+00
0.000000000000000e+00
0.000000000000000e+00
0.000000000000000e+00
0.000000000000000e+00
0.000000000000000e+00
0.000000000000000e+00
0.000000000000000e+00
0.000000000000000e+00
0.000000000000000e+00
0.000000000000000e+00
0.000000000000000e+00
0.000000000000000e+00
-0.000000000000000e+00
-0.000000000000000e+00
-0.000000000000000e+00
0.000000000000000e+00
0.000000000000000e+00
0.000000000000000e+00
0.000000000000000e+00
-0.000000000000000e+00
0.000000000000000e+00
0.000000000000000e+00
0.000000000000000e+00
0.000000000000000e+00
0.000000000000000e+00
0.000000000000000e+00
0.000000000000000e+00
0.000000000000000e+00
0.000000000000000e+00
0.000000000000000e+00
0.000000000000000e+00
-0.000000000000000e+00
0.000000000000000e+00
0.000000000000000e+00
0.000000000000000e+00
0.000000000000000e+00
0.000000000000000e+00
0.000000000000000e+00
0.000000000000000e+00
0.000000000000000e+00
0.000000000000000e+00
0.000000000000000e+00
0.000000000000000e+00
0.000000000000000e+00
0.000000000000000e+00
0.000000000000000e+00
0.000000000000000e+00
0.000000000000000e+00
0.000000000000000e+00
0.000000000000000e+00
0.000000000000000e+00
0.000000000000000e+00
0.000000000000000e+00
0.000000000000000e+00
-0.000000000000000e+00
0.000000000000000e+00
0.000000000000000e+00
0.000000000000000e+00
0.000000000000000e+00
0.000000000000000e+00
0.000000000000000e+00
0.000000000000000e+00
0.000000000000000e+00
0.000000000000000e+00
0.000000000000000e+00
0.000000000000000e+00
0.000000000000000e+00
0.000000000000000e+00
0.000000000000000e+00
0.000000000000000e+00
0.000000000000000e+00
0.000000000000000e+00
0.000000000000000e+00
0.000000000000000e+00
0.000000000000000e+00
0.000000000000000e+00
-0.000000000000000e+00
-0.000000000000000e+00
0.000000000000000e+00
0.000000000000000e+00
0.000000000000000e+00
0.000000000000000e+00
0.000000000000000e+00
0.000000000000000e+00
0.000000000000000e+00
0.000000000000000e+00
0.000000000000000e+00
-0.000000000000000e+00
-0.000000000000000e+00
-0.000000000000000e+00
0.000000000000000e+00
0.000000000000000e+00
0.000000000000000e+00
0.000000000000000e+00
-0.000000000000000e+00
0.000000000000000e+00
0.000000000000000e+00
0.000000000000000e+00
0.000000000000000e+00
0.000000000000000e+00
-0.000000000000000e+00
0.000000000000000e+00
0.000000000000000e+00
0.000000000000000e+00
-0.000000000000000e+00
-0.000000000000000e+00
-0.000000000000000e+00
-0.000000000000000e+00
0.000000000000000e+00
0.000000000000000e+00
0.000000000000000e+00
0.000000000000000e+00
0.000000000000000e+00
0.000000000000000e+00
0.000000000000000e+00
0.000000000000000e+00
0.000000000000000e+00
0.000000000000000e+00
-0.000000000000000e+00
-0.000000000000000e+00
0.000000000000000e+00
0.000000000000000e+00
0.000000000000000e+00
0.000000000000000e+00
0.000000000000000e+00
0.000000000000000e+00
0.000000000000000e+00
0.000000000000000e+00
0.000000000000000e+00
0.000000000000000e+00
0.000000000000000e+00
0.000000000000000e+00
0.000000000000000e+00
0.000000000000000e+00
-0.000000000000000e+00
0.000000000000000e+00
0.000000000000000e+00
-0.000000000000000e+00
0.000000000000000e+00
0.000000000000000e+00
-0.000000000000000e+00
0.000000000000000e+00
0.000000000000000e+00
0.000000000000000e+00
0.000000000000000e+00
0.000000000000000e+00
0.000000000000000e+00
-0.000000000000000e+00
-0.000000000000000e+00
0.000000000000000e+00
0.000000000000000e+00
0.000000000000000e+00
0.000000000000000e+00
0.000000000000000e+00
0.000000000000000e+00
0.000000000000000e+00
0.000000000000000e+00
0.000000000000000e+00
0.000000000000000e+00
0.000000000000000e+00
0.000000000000000e+00
0.000000000000000e+00
0.000000000000000e+00
0.000000000000000e+00
0.000000000000000e+00
0.000000000000000e+00
0.000000000000000e+00
0.000000000000000e+00
0.000000000000000e+00
-0.000000000000000e+00
-0.000000000000000e+00
0.000000000000000e+00
0.000000000000000e+00
0.000000000000000e+00
0.000000000000000e+00
0.000000000000000e+00
0.000000000000000e+00
0.000000000000000e+00
0.000000000000000e+00
-0.000000000000000e+00
0.000000000000000e+00
0.000000000000000e+00
0.000000000000000e+00
0.000000000000000e+00
0.000000000000000e+00
0.000000000000000e+00
0.000000000000000e+00
-0.000000000000000e+00
0.000000000000000e+00
0.000000000000000e+00
0.000000000000000e+00
0.000000000000000e+00
-0.000000000000000e+00
0.000000000000000e+00
-0.000000000000000e+00
-0.000000000000000e+00
-0.000000000000000e+00
0.000000000000000e+00
0.000000000000000e+00
-0.000000000000000e+00
-0.000000000000000e+00
-0.000000000000000e+00
0.000000000000000e+00
0.000000000000000e+00
0.000000000000000e+00
0.000000000000000e+00
0.000000000000000e+00
0.000000000000000e+00
0.000000000000000e+00
0.000000000000000e+00
0.000000000000000e+00
0.000000000000000e+00
0.000000000000000e+00
0.000000000000000e+00
0.000000000000000e+00
0.000000000000000e+00
0.000000000000000e+00
0.000000000000000e+00
0.000000000000000e+00
0.000000000000000e+00
0.000000000000000e+00
0.000000000000000e+00
0.000000000000000e+00
0.000000000000000e+00
0.000000000000000e+00
0.000000000000000e+00
0.000000000000000e+00
0.000000000000000e+00
0.000000000000000e+00
-0.000000000000000e+00
0.000000000000000e+00
0.000000000000000e+00
0.000000000000000e+00
0.000000000000000e+00
0.000000000000000e+00
0.000000000000000e+00
0.000000000000000e+00
0.000000000000000e+00
0.000000000000000e+00
0.000000000000000e+00
0.000000000000000e+00
0.000000000000000e+00
-0.000000000000000e+00
-0.000000000000000e+00
0.000000000000000e+00
0.000000000000000e+00
0.000000000000000e+00
0.000000000000000e+00
-0.000000000000000e+00
0.000000000000000e+00
0.000000000000000e+00
0.000000000000000e+00
0.000000000000000e+00
0.000000000000000e+00
0.000000000000000e+00
0.000000000000000e+00
0.000000000000000e+00
0.000000000000000e+00
0.000000000000000e+00
0.000000000000000e+00
-0.000000000000000e+00
0.000000000000000e+00
0.000000000000000e+00
0.000000000000000e+00
0.000000000000000e+00
0.000000000000000e+00
0.000000000000000e+00
0.000000000000000e+00
0.000000000000000e+00
0.000000000000000e+00
0.000000000000000e+00
0.000000000000000e+00
0.000000000000000e+00
0.000000000000000e+00
0.000000000000000e+00
0.000000000000000e+00
0.000000000000000e+00
0.000000000000000e+00
0.000000000000000e+00
0.000000000000000e+00
0.000000000000000e+00
0.000000000000000e+00
0.000000000000000e+00
0.000000000000000e+00
0.000000000000000e+00
0.000000000000000e+00
0.000000000000000e+00
-0.000000000000000e+00
0.000000000000000e+00
0.000000000000000e+00
0.000000000000000e+00
0.000000000000000e+00
0.000000000000000e+00
0.000000000000000e+00
0.000000000000000e+00
0.000000000000000e+00
0.000000000000000e+00
0.000000000000000e+00
0.000000000000000e+00
0.000000000000000e+00
0.000000000000000e+00
0.000000000000000e+00
-0.000000000000000e+00
-0.000000000000000e+00
-0.000000000000000e+00
0.000000000000000e+00
0.000000000000000e+00
0.000000000000000e+00
0.000000000000000e+00
0.000000000000000e+00
0.000000000000000e+00
0.000000000000000e+00
0.000000000000000e+00
0.000000000000000e+00
0.000000000000000e+00
0.000000000000000e+00
0.000000000000000e+00
0.000000000000000e+00
0.000000000000000e+00
0.000000000000000e+00
0.000000000000000e+00
0.000000000000000e+00
0.000000000000000e+00
-0.000000000000000e+00
-0.000000000000000e+00
-0.000000000000000e+00
-0.000000000000000e+00
0.000000000000000e+00
-0.000000000000000e+00
-0.000000000000000e+00
0.000000000000000e+00
-0.000000000000000e+00
-0.000000000000000e+00
0.000000000000000e+00
0.000000000000000e+00
0.000000000000000e+00
0.000000000000000e+00
0.000000000000000e+00
0.000000000000000e+00
-0.000000000000000e+00
-0.000000000000000e+00
-0.000000000000000e+00
-0.000000000000000e+00
-0.000000000000000e+00
0.000000000000000e+00
0.000000000000000e+00
0.000000000000000e+00
0.000000000000000e+00
-0.000000000000000e+00
-0.000000000000000e+00
0.000000000000000e+00
0.000000000000000e+00
0.000000000000000e+00
0.000000000000000e+00
0.000000000000000e+00
0.000000000000000e+00
-0.000000000000000e+00
0.000000000000000e+00
0.000000000000000e+00
0.000000000000000e+00
0.000000000000000e+00
0.000000000000000e+00
0.000000000000000e+00
-0.000000000000000e+00
-0.000000000000000e+00
0.000000000000000e+00
0.000000000000000e+00
0.000000000000000e+00
0.000000000000000e+00
-0.000000000000000e+00
-0.000000000000000e+00
-0.000000000000000e+00
0.000000000000000e+00
0.000000000000000e+00
0.000000000000000e+00
-0.000000000000000e+00
0.000000000000000e+00
-0.000000000000000e+00
-0.000000000000000e+00
-0.000000000000000e+00
0.000000000000000e+00
0.000000000000000e+00
0.000000000000000e+00
0.000000000000000e+00
0.000000000000000e+00
0.000000000000000e+00
0.000000000000000e+00
-0.000000000000000e+00
0.000000000000000e+00
0.000000000000000e+00
0.000000000000000e+00
0.000000000000000e+00
0.000000000000000e+00
0.000000000000000e+00
-0.000000000000000e+00
0.000000000000000e+00
0.000000000000000e+00
-0.000000000000000e+00
0.000000000000000e+00
0.000000000000000e+00
0.000000000000000e+00
0.000000000000000e+00
0.000000000000000e+00
0.000000000000000e+00
0.000000000000000e+00
-0.000000000000000e+00
-0.000000000000000e+00
0.000000000000000e+00
0.000000000000000e+00
0.000000000000000e+00
0.000000000000000e+00
0.000000000000000e+00
-0.000000000000000e+00
0.000000000000000e+00
0.000000000000000e+00
0.000000000000000e+00
-0.000000000000000e+00
0.000000000000000e+00
0.000000000000000e+00
0.000000000000000e+00
0.000000000000000e+00
0.000000000000000e+00
0.000000000000000e+00
0.000000000000000e+00
0.000000000000000e+00
0.000000000000000e+00
0.000000000000000e+00
0.000000000000000e+00
0.000000000000000e+00
-0.000000000000000e+00
-0.000000000000000e+00
0.000000000000000e+00
-0.000000000000000e+00
0.000000000000000e+00
-0.000000000000000e+00
0.000000000000000e+00
0.000000000000000e+00
0.000000000000000e+00
0.000000000000000e+00
0.000000000000000e+00
0.000000000000000e+00
0.000000000000000e+00
0.000000000000000e+00
0.000000000000000e+00
0.000000000000000e+00
0.000000000000000e+00
0.000000000000000e+00
0.000000000000000e+00
-0.000000000000000e+00
0.000000000000000e+00
-0.000000000000000e+00
-0.000000000000000e+00
-0.000000000000000e+00
0.000000000000000e+00
0.000000000000000e+00
-0.000000000000000e+00
0.000000000000000e+00
-0.000000000000000e+00
0.000000000000000e+00
-0.000000000000000e+00
0.000000000000000e+00
-0.000000000000000e+00
-0.000000000000000e+00
0.000000000000000e+00
-0.000000000000000e+00
0.000000000000000e+00
0.000000000000000e+00
0.000000000000000e+00
-0.000000000000000e+00
0.000000000000000e+00
0.000000000000000e+00
0.000000000000000e+00
0.000000000000000e+00
-0.000000000000000e+00
0.000000000000000e+00
0.000000000000000e+00
0.000000000000000e+00
-0.000000000000000e+00
0.000000000000000e+00
0.000000000000000e+00
0.000000000000000e+00
0.000000000000000e+00
0.000000000000000e+00
0.000000000000000e+00
0.000000000000000e+00
0.000000000000000e+00
0.000000000000000e+00
0.000000000000000e+00
0.000000000000000e+00
0.000000000000000e+00
0.000000000000000e+00
0.000000000000000e+00
0.000000000000000e+00
0.000000000000000e+00
0.000000000000000e+00
0.000000000000000e+00
-0.000000000000000e+00
0.000000000000000e+00
-0.000000000000000e+00
0.000000000000000e+00
0.000000000000000e+00
0.000000000000000e+00
0.000000000000000e+00
0.000000000000000e+00
0.000000000000000e+00
0.000000000000000e+00
0.000000000000000e+00
0.000000000000000e+00
0.000000000000000e+00
0.000000000000000e+00
-0.000000000000000e+00
0.000000000000000e+00
0.000000000000000e+00
0.000000000000000e+00
0.000000000000000e+00
-0.000000000000000e+00
-0.000000000000000e+00
0.000000000000000e+00
0.000000000000000e+00
0.000000000000000e+00
0.000000000000000e+00
0.000000000000000e+00
0.000000000000000e+00
-0.000000000000000e+00
-0.000000000000000e+00
0.000000000000000e+00
0.000000000000000e+00
0.000000000000000e+00
0.000000000000000e+00
0.000000000000000e+00
0.000000000000000e+00
0.000000000000000e+00
0.000000000000000e+00
0.000000000000000e+00
0.000000000000000e+00
0.000000000000000e+00
-0.000000000000000e+00
0.000000000000000e+00
0.000000000000000e+00
0.000000000000000e+00
0.000000000000000e+00
0.000000000000000e+00
-0.000000000000000e+00
0.000000000000000e+00
0.000000000000000e+00
-0.000000000000000e+00
-0.000000000000000e+00
0.000000000000000e+00
0.000000000000000e+00
-0.000000000000000e+00
0.000000000000000e+00
0.000000000000000e+00
0.000000000000000e+00
-0.000000000000000e+00
-0.000000000000000e+00
0.000000000000000e+00
0.000000000000000e+00
0.000000000000000e+00
-0.000000000000000e+00
0.000000000000000e+00
0.000000000000000e+00
0.000000000000000e+00
0.000000000000000e+00
0.000000000000000e+00
0.000000000000000e+00
-0.000000000000000e+00
0.000000000000000e+00
0.000000000000000e+00
0.000000000000000e+00
-0.000000000000000e+00
-0.000000000000000e+00
0.000000000000000e+00
-0.000000000000000e+00
0.000000000000000e+00
0.000000000000000e+00
-0.000000000000000e+00
-0.000000000000000e+00
0.000000000000000e+00
0.000000000000000e+00
0.000000000000000e+00
0.000000000000000e+00
0.000000000000000e+00
0.000000000000000e+00
0.000000000000000e+00
-0.000000000000000e+00
-0.000000000000000e+00
0.000000000000000e+00
-0.000000000000000e+00
0.000000000000000e+00
0.000000000000000e+00
0.000000000000000e+00
0.000000000000000e+00
0.000000000000000e+00
0.000000000000000e+00
-0.000000000000000e+00
-0.000000000000000e+00
-0.000000000000000e+00
0.000000000000000e+00
-0.000000000000000e+00
0.000000000000000e+00
0.000000000000000e+00
0.000000000000000e+00
-0.000000000000000e+00
-0.000000000000000e+00
-0.000000000000000e+00
0.000000000000000e+00
0.000000000000000e+00
0.000000000000000e+00
0.000000000000000e+00
-0.000000000000000e+00
0.000000000000000e+00
0.000000000000000e+00
0.000000000000000e+00
0.000000000000000e+00
0.000000000000000e+00
-0.000000000000000e+00
0.000000000000000e+00
0.000000000000000e+00
0.000000000000000e+00
0.000000000000000e+00
0.000000000000000e+00
0.000000000000000e+00
0.000000000000000e+00
0.000000000000000e+00
0.000000000000000e+00
0.000000000000000e+00
0.000000000000000e+00
0.000000000000000e+00
-0.000000000000000e+00
-0.000000000000000e+00
0.000000000000000e+00
0.000000000000000e+00
0.000000000000000e+00
-0.000000000000000e+00
-0.000000000000000e+00
0.000000000000000e+00
0.000000000000000e+00
0.000000000000000e+00
0.000000000000000e+00
0.000000000000000e+00
0.000000000000000e+00
0.000000000000000e+00
-0.000000000000000e+00
0.000000000000000e+00
0.000000000000000e+00
0.000000000000000e+00
0.000000000000000e+00
0.000000000000000e+00
0.000000000000000e+00
-0.000000000000000e+00
0.000000000000000e+00
-0.000000000000000e+00
-0.000000000000000e+00
-0.000000000000000e+00
0.000000000000000e+00
0.000000000000000e+00
0.000000000000000e+00
0.000000000000000e+00
0.000000000000000e+00
0.000000000000000e+00
0.000000000000000e+00
0.000000000000000e+00
0.000000000000000e+00
0.000000000000000e+00
0.000000000000000e+00
0.000000000000000e+00
0.000000000000000e+00
-0.000000000000000e+00
-0.000000000000000e+00
0.000000000000000e+00
0.000000000000000e+00
-0.000000000000000e+00
-0.000000000000000e+00
0.000000000000000e+00
0.000000000000000e+00
0.000000000000000e+00
-0.000000000000000e+00
0.000000000000000e+00
0.000000000000000e+00
0.000000000000000e+00
0.000000000000000e+00
0.000000000000000e+00
0.000000000000000e+00
0.000000000000000e+00
0.000000000000000e+00
0.000000000000000e+00
0.000000000000000e+00
0.000000000000000e+00
0.000000000000000e+00
0.000000000000000e+00
0.000000000000000e+00
0.000000000000000e+00
-0.000000000000000e+00
0.000000000000000e+00
0.000000000000000e+00
0.000000000000000e+00
0.000000000000000e+00
0.000000000000000e+00
-0.000000000000000e+00
0.000000000000000e+00
-0.000000000000000e+00
0.000000000000000e+00
0.000000000000000e+00
-0.000000000000000e+00
-0.000000000000000e+00
0.000000000000000e+00
0.000000000000000e+00
0.000000000000000e+00
-0.000000000000000e+00
0.000000000000000e+00
0.000000000000000e+00
0.000000000000000e+00
0.000000000000000e+00
0.000000000000000e+00
0.000000000000000e+00
0.000000000000000e+00
0.000000000000000e+00
0.000000000000000e+00
0.000000000000000e+00
0.000000000000000e+00
0.000000000000000e+00
0.000000000000000e+00
-0.000000000000000e+00
-0.000000000000000e+00
0.000000000000000e+00
0.000000000000000e+00
0.000000000000000e+00
0.000000000000000e+00
0.000000000000000e+00
0.000000000000000e+00
0.000000000000000e+00
0.000000000000000e+00
-0.000000000000000e+00
0.000000000000000e+00
0.000000000000000e+00
0.000000000000000e+00
0.000000000000000e+00
-0.000000000000000e+00
0.000000000000000e+00
0.000000000000000e+00
0.000000000000000e+00
0.000000000000000e+00
0.000000000000000e+00
-0.000000000000000e+00
-0.000000000000000e+00
-0.000000000000000e+00
0.000000000000000e+00
0.000000000000000e+00
0.000000000000000e+00
0.000000000000000e+00
0.000000000000000e+00
0.000000000000000e+00
0.000000000000000e+00
-0.000000000000000e+00
0.000000000000000e+00
0.000000000000000e+00
0.000000000000000e+00
0.000000000000000e+00
0.000000000000000e+00
0.000000000000000e+00
-0.000000000000000e+00
-0.000000000000000e+00
-0.000000000000000e+00
0.000000000000000e+00
0.000000000000000e+00
0.000000000000000e+00
-0.000000000000000e+00
-0.000000000000000e+00
0.000000000000000e+00
0.000000000000000e+00
-0.000000000000000e+00
-0.000000000000000e+00
-0.000000000000000e+00
0.000000000000000e+00
0.000000000000000e+00
0.000000000000000e+00
0.000000000000000e+00
0.000000000000000e+00
0.000000000000000e+00
0.000000000000000e+00
0.000000000000000e+00
0.000000000000000e+00
0.000000000000000e+00
0.000000000000000e+00
0.000000000000000e+00
-0.000000000000000e+00
-0.000000000000000e+00
-0.000000000000000e+00
-0.000000000000000e+00
-0.000000000000000e+00
0.000000000000000e+00
0.000000000000000e+00
0.000000000000000e+00
-0.000000000000000e+00
-0.000000000000000e+00
0.000000000000000e+00
0.000000000000000e+00
-0.000000000000000e+00
-0.000000000000000e+00
0.000000000000000e+00
0.000000000000000e+00
0.000000000000000e+00
0.000000000000000e+00
0.000000000000000e+00
0.000000000000000e+00
-0.000000000000000e+00
-0.000000000000000e+00
0.000000000000000e+00
-0.000000000000000e+00
-0.000000000000000e+00
-0.000000000000000e+00
0.000000000000000e+00
0.000000000000000e+00
0.000000000000000e+00
0.000000000000000e+00
0.000000000000000e+00
0.000000000000000e+00
0.000000000000000e+00
0.000000000000000e+00
0.000000000000000e+00
0.000000000000000e+00
0.000000000000000e+00
0.000000000000000e+00
0.000000000000000e+00
-0.000000000000000e+00
-0.000000000000000e+00
-0.000000000000000e+00
-0.000000000000000e+00
0.000000000000000e+00
0.000000000000000e+00
-0.000000000000000e+00
0.000000000000000e+00
0.000000000000000e+00
0.000000000000000e+00
0.000000000000000e+00
0.000000000000000e+00
-0.000000000000000e+00
-0.000000000000000e+00
-0.000000000000000e+00
-0.000000000000000e+00
0.000000000000000e+00
0.000000000000000e+00
-0.000000000000000e+00
0.000000000000000e+00
-0.000000000000000e+00
-0.000000000000000e+00
-0.000000000000000e+00
0.000000000000000e+00
0.000000000000000e+00
-0.000000000000000e+00
-0.000000000000000e+00
0.000000000000000e+00
0.000000000000000e+00
0.000000000000000e+00
0.000000000000000e+00
-0.000000000000000e+00
-0.000000000000000e+00
0.000000000000000e+00
0.000000000000000e+00
0.000000000000000e+00
0.000000000000000e+00
0.000000000000000e+00
0.000000000000000e+00
-0.000000000000000e+00
0.000000000000000e+00
-0.000000000000000e+00
0.000000000000000e+00
0.000000000000000e+00
0.000000000000000e+00
0.000000000000000e+00
0.000000000000000e+00
-0.000000000000000e+00
-0.000000000000000e+00
0.000000000000000e+00
0.000000000000000e+00
0.000000000000000e+00
0.000000000000000e+00
-0.000000000000000e+00
-0.000000000000000e+00
0.000000000000000e+00
0.000000000000000e+00
0.000000000000000e+00
0.000000000000000e+00
0.000000000000000e+00
0.000000000000000e+00
-0.000000000000000e+00
0.000000000000000e+00
0.000000000000000e+00
0.000000000000000e+00
0.000000000000000e+00
0.000000000000000e+00
0.000000000000000e+00
0.000000000000000e+00
0.000000000000000e+00
0.000000000000000e+00
0.000000000000000e+00
0.000000000000000e+00
0.000000000000000e+00
0.000000000000000e+00
0.000000000000000e+00
0.000000000000000e+00
0.000000000000000e+00
0.000000000000000e+00
0.000000000000000e+00
0.000000000000000e+00
0.000000000000000e+00
0.000000000000000e+00
0.000000000000000e+00
0.000000000000000e+00
0.000000000000000e+00
0.000000000000000e+00
0.000000000000000e+00
0.000000000000000e+00
0.000000000000000e+00
0.000000000000000e+00
0.000000000000000e+00
-0.000000000000000e+00
0.000000000000000e+00
0.000000000000000e+00
0.000000000000000e+00
0.000000000000000e+00
0.000000000000000e+00
0.000000000000000e+00
0.000000000000000e+00
0.000000000000000e+00
0.000000000000000e+00
0.000000000000000e+00
-0.000000000000000e+00
0.000000000000000e+00
0.000000000000000e+00
-0.000000000000000e+00
-0.000000000000000e+00
0.000000000000000e+00
0.000000000000000e+00
0.000000000000000e+00
0.000000000000000e+00
0.000000000000000e+00
0.000000000000000e+00
0.000000000000000e+00
0.000000000000000e+00
0.000000000000000e+00
0.000000000000000e+00
0.000000000000000e+00
0.000000000000000e+00
0.000000000000000e+00
0.000000000000000e+00
0.000000000000000e+00
0.000000000000000e+00
0.000000000000000e+00
0.000000000000000e+00
0.000000000000000e+00
0.000000000000000e+00
-0.000000000000000e+00
-0.000000000000000e+00
0.000000000000000e+00
0.000000000000000e+00
-0.000000000000000e+00
0.000000000000000e+00
0.000000000000000e+00
0.000000000000000e+00
0.000000000000000e+00

nzz  1  1102  double
9.999999999999999e-01
9.999999999999999e-01
1.000000000000000e+00
1.000000000000000e+00
1.000000000000000e+00
1.000000000000000e+00
1.000000000000000e+00
1.000000000000000e+00
1.000000000000000e+00
9.999999999999999e-01
1.000000000000000e+00
1.000000000000000e+00
1.000000000000000e+00
1.000000000000000e+00
1.000000000000000e+00
1.000000000000000e+00
9.999999999999998e-01
9.999999999999998e-01
9.999999999999998e-01
1.000000000000000e+00
9.999999999999999e-01
9.999999999999999e-01
9.999999999999999e-01
1.000000000000000e+00
1.000000000000000e+00
1.000000000000000e+00
9.999999999999999e-01
1.000000000000000e+00
1.000000000000000e+00
1.000000000000000e+00
1.000000000000000e+00
1.000000000000000e+00
1.000000000000000e+00
1.000000000000000e+00
1.000000000000000e+00
1.000000000000000e+00
1.000000000000000e+00
1.000000000000000e+00
9.999999999999999e-01
9.999999999999999e-01
1.000000000000000e+00
1.000000000000000e+00
1.000000000000000e+00
1.000000000000000e+00
1.000000000000000e+00
1.000000000000000e+00
1.000000000000000e+00
1.000000000000000e+00
1.000000000000000e+00
9.999999999999999e-01
9.999999999999999e-01
9.999999999999999e-01
9.999999999999998e-01
1.000000000000000e+00
1.000000000000000e+00
1.000000000000000e+00
9.999999999999999e-01
9.999999999999999e-01
9.999999999999999e-01
9.999999999999999e-01
1.000000000000000e+00
1.000000000000000e+00
1.000000000000000e+00
1.000000000000000e+00
1.000000000000000e+00
1.000000000000000e+00
1.000000000000000e+00
1.000000000000000e+00
1.000000000000000e+00
1.000000000000000e+00
1.000000000000000e+00
1.000000000000000e+00
1.000000000000000e+00
1.000000000000000e+00
1.000000000000000e+00
9.999999999999999e-01
9.999999999999998e-01
9.999999999999998e-01
9.999999999999999e-01
9.999999999999999e-01
9.999999999999999e-01
9.999999999999999e-01
1.000000000000000e+00
1.000000000000000e+00
1.000000000000000e+00
1.000000000000000e+00
1.000000000000000e+00
9.999999999999999e-01
9.999999999999999e-01
1.000000000000000e+00
9.999999999999999e-01
1.000000000000000e+00
1.000000000000000e+00
1.000000000000000e+00
9.999999999999999e-01
9.999999999999999e-01
1.000000000000000e+00
1.000000000000000e+00
1.000000000000000e+00
1.000000000000000e+00
1.000000000000000e+00
1.000000000000000e+00
1.000000000000000e+00
1.000000000000000e+00
1.000000000000000e+00
1.000000000000000e+00
1.000000000000000e+00
1.000000000000000e+00
1.000000000000000e+00
1.000000000000000e+00
9.999999999999999e-01
1.000000000000000e+00
9.999999999999998e-01
9.999999999999998e-01
1.000000000000000e+00
1.000000000000000e+00
1.000000000000000e+00
1.000000000000000e+00
9.999999999999999e-01
1.000000000000000e+00
1.000000000000000e+00
1.000000000000000e+00
1.000000000000000e+00
1.000000000000000e+00
9.999999999999999e-01
1.000000000000000e+00
1.000000000000000e+00
1.000000000000000e+00
1.000000000000000e+00
1.000000000000000e+00
1.000000000000000e+00
1.000000000000000e+00
9.999999999999999e-01
9.999999999999999e-01
1.000000000000000e+00
1.000000000000000e+00
1.000000000000000e+00
9.999999999999999e-01
1.000000000000000e+00
1.000000000000000e+00
9.999999999999997e-01
1.000000000000000e+00
1.000000000000000e+00
1.000000000000000e+00
1.000000000000000e+00
1.000000000000000e+00
1.000000000000000e+00
9.999999999999999e-01
1.000000000000000e+00
1.000000000000000e+00
1.000000000000000e+00
1.000000000000000e+00
9.999999999999998e-01
1.000000000000000e+00
1.000000000000000e+00
1.000000000000000e+00
9.999999999999999e-01
1.000000000000000e+00
1.000000000000000e+00
9.999999999999999e-01
9.999999999999999e-01
9.999999999999999e-01
9.999999999999999e-01
9.999999999999999e-01
1.000000000000000e+00
1.000000000000000e+00
9.999999999999999e-01
1.000000000000000e+00
1.000000000000000e+00
1.000000000000000e+00
1.000000000000000e+00
1.000000000000000e+00
1.000000000000000e+00
1.000000000000000e+00
1.000000000000000e+00
1.000000000000000e+00
1.000000000000000e+00
1.000000000000000e+00
1.000000000000000e+00
1.000000000000000e+00
1.000000000000000e+00
1.000000000000000e+00
1.000000000000000e+00
1.000000000000000e+00
1.000000000000000e+00
1.000000000000000e+00
9.999999999999999e-01
9.999999999999999e-01
9.999999999999998e-01
1.000000000000000e+00
1.000000000000000e+00
9.999999999999999e-01
1.000000000000000e+00
9.999999999999999e-01
1.000000000000000e+00
1.000000000000000e+00
1.000000000000000e+00
1.000000000000000e+00
1.000000000000000e+00
9.999999999999998e-01
1.000000000000000e+00
1.000000000000000e+00
1.000000000000000e+00
1.000000000000000e+00
9.999999999999999e-01
1.000000000000000e+00
1.000000000000000e+00
1.000000000000000e+00
9.999999999999999e-01
9.999999999999998e-01
1.000000000000000e+00
9.999999999999999e-01
1.000000000000000e+00
1.000000000000000e+00
1.000000000000000e+00
1.000000000000000e+00
1.000000000000000e+00
9.999999999999999e-01
9.999999999999999e-01
9.999999999999999e-01
1.000000000000000e+00
1.000000000000000e+00
1.000000000000000e+00
1.000000000000000e+00
9.999999999999999e-01
1.000000000000000e+00
1.000000000000000e+00
1.000000000000000e+00
1.000000000000000e+00
1.000000000000000e+00
1.000000000000000e+00
1.000000000000000e+00
1.000000000000000e+00
1.000000000000000e+00
1.000000000000000e+00
1.000000000000000e+00
1.000000000000000e+00
9.999999999999999e-01
1.000000000000000e+00
1.000000000000000e+00
1.000000000000000e+00
1.000000000000000e+00
9.999999999999998e-01
1.000000000000000e+00
1.000000000000000e+00
1.000000000000000e+00
1.000000000000000e+00
9.999999999999999e-01
9.999999999999999e-01
1.000000000000000e+00
1.000000000000000e+00
1.000000000000000e+00
1.000000000000000e+00
1.000000000000000e+00
1.000000000000000e+00
1.000000000000000e+00
9.999999999999999e-01
9.999999999999999e-01
1.000000000000000e+00
1.000000000000000e+00
1.000000000000000e+00
1.000000000000000e+00
1.000000000000000e+00
1.000000000000000e+00
9.999999999999998e-01
1.000000000000000e+00
1.000000000000000e+00
1.000000000000000e+00
1.000000000000000e+00
1.000000000000000e+00
9.999999999999999e-01
9.999999999999999e-01
9.999999999999998e-01
9.999999999999998e-01
1.000000000000000e+00
1.000000000000000e+00
9.999999999999998e-01
9.999999999999998e-01
1.000000000000000e+00
1.000000000000000e+00
1.000000000000000e+00
1.000000000000000e+00
1.000000000000000e+00
1.000000000000000e+00
1.000000000000000e+00
1.000000000000000e+00
1.000000000000000e+00
9.999999999999999e-01
1.000000000000000e+00
1.000000000000000e+00
1.000000000000000e+00
1.000000000000000e+00
9.999999999999998e-01
9.999999999999998e-01
1.000000000000000e+00
1.000000000000000e+00
1.000000000000000e+00
1.000000000000000e+00
1.000000000000000e+00
1.000000000000000e+00
1.000000000000000e+00
1.000000000000000e+00
1.000000000000000e+00
1.000000000000000e+00
1.000000000000000e+00
1.000000000000000e+00
1.000000000000000e+00
1.000000000000000e+00
9.999999999999999e-01
9.999999999999999e-01
1.000000000000000e+00
1.000000000000000e+00
1.000000000000000e+00
1.000000000000000e+00
1.000000000000000e+00
1.000000000000000e+00
1.000000000000000e+00
9.999999999999999e-01
9.999999999999999e-01
1.000000000000000e+00
1.000000000000000e+00
9.999999999999999e-01
9.999999999999999e-01
1.000000000000000e+00
9.999999999999999e-01
9.999999999999999e-01
1.000000000000000e+00
9.999999999999999e-01
1.000000000000000e+00
1.000000000000000e+00
1.000000000000000e+00
1.000000000000000e+00
1.000000000000000e+00
1.000000000000000e+00
1.000000000000000e+00
1.000000000000000e+00
1.000000000000000e+00
1.000000000000000e+00
9.999999999999999e-01
9.999999999999999e-01
1.000000000000000e+00
1.000000000000000e+00
1.000000000000000e+00
9.999999999999999e-01
1.000000000000000e+00
9.999999999999999e-01
9.999999999999999e-01
1.000000000000000e+00
1.000000000000000e+00
1.000000000000000e+00
1.000000000000000e+00
1.000000000000000e+00
1.000000000000000e+00
1.000000000000000e+00
1.000000000000000e+00
1.000000000000000e+00
9.999999999999999e-01
9.999999999999999e-01
9.999999999999999e-01
1.000000000000000e+00
1.000000000000000e+00
9.999999999999999e-01
1.000000000000000e+00
1.000000000000000e+00
1.000000000000000e+00
1.000000000000000e+00
1.000000000000000e+00
1.000000000000000e+00
1.000000000000000e+00
9.999999999999999e-01
9.999999999999999e-01
1.000000000000000e+00
9.999999999999999e-01
1.000000000000000e+00
1.000000000000000e+00
1.000000000000000e+00
1.000000000000000e+00
1.000000000000000e+00
1.000000000000000e+00
1.000000000000000e+00
1.000000000000000e+00
1.000000000000000e+00
1.000000000000000e+00
9.999999999999999e-01
9.999999999999999e-01
1.000000000000000e+00
1.000000000000000e+00
1.000000000000000e+00
1.000000000000000e+00
9.999999999999999e-01
1.000000000000000e+00
1.000000000000000e+00
1.000000000000000e+00
1.000000000000000e+00
1.000000000000000e+00
1.000000000000000e+00
1.000000000000000e+00
9.999999999999998e-01
1.000000000000000e+00
1.000000000000000e+00
1.000000000000000e+00
1.000000000000000e+00
9.999999999999999e-01
9.999999999999999e-01
1.000000000000000e+00
1.000000000000000e+00
1.000000000000000e+00
1.000000000000000e+00
1.000000000000000e+00
1.000000000000000e+00
1.000000000000000e+00
1.000000000000000e+00
1.000000000000000e+00
1.000000000000000e+00
1.000000000000000e+00
1.000000000000000e+00
1.000000000000000e+00
1.000000000000000e+00
9.999999999999999e-01
1.000000000000000e+00
9.999999999999999e-01
9.999999999999999e-01
9.999999999999999e-01
9.999999999999999e-01
1.000000000000000e+00
1.000000000000000e+00
9.999999999999999e-01
1.000000000000000e+00
1.000000000000000e+00
9.999999999999997e-01
1.000000000000000e+00
1.000000000000000e+00
1.000000000000000e+00
9.999999999999998e-01
9.999999999999998e-01
9.999999999999998e-01
9.999999999999999e-01
9.999999999999998e-01
9.999999999999999e-01
1.000000000000000e+00
9.999999999999998e-01
1.000000000000000e+00
1.000000000000000e+00
1.000000000000000e+00
1.000000000000000e+00
1.000000000000000e+00
1.000000000000000e+00
1.000000000000000e+00
9.999999999999999e-01
1.000000000000000e+00
9.999999999999999e-01
1.000000000000000e+00
9.999999999999999e-01
1.000000000000000e+00
1.000000000000000e+00
1.000000000000000e+00
1.000000000000000e+00
1.000000000000000e+00
1.000000000000000e+00
1.000000000000000e+00
1.000000000000000e+00
1.000000000000000e+00
1.000000000000000e+00
1.000000000000000e+00
1.000000000000000e+00
1.000000000000000e+00
1.000000000000000e+00
1.000000000000000e+00
1.000000000000000e+00
1.000000000000000e+00
1.000000000000000e+00
1.000000000000000e+00
1.000000000000000e+00
1.000000000000000e+00
1.000000000000000e+00
1.000000000000000e+00
9.999999999999999e-01
1.000000000000000e+00
1.000000000000000e+00
1.000000000000000e+00
1.000000000000000e+00
1.000000000000000e+00
1.000000000000000e+00
1.000000000000000e+00
1.000000000000000e+00
1.000000000000000e+00
9.999999999999998e-01
1.000000000000000e+00
9.999999999999999e-01
1.000000000000000e+00
1.000000000000000e+00
1.000000000000000e+00
9.999999999999999e-01
1.000000000000000e+00
1.000000000000000e+00
1.000000000000000e+00
1.000000000000000e+00
1.000000000000000e+00
1.000000000000000e+00
1.000000000000000e+00
1.000000000000000e+00
1.000000000000000e+00
1.000000000000000e+00
1.000000000000000e+00
1.000000000000000e+00
1.000000000000000e+00
1.000000000000000e+00
9.999999999999999e-01
9.999999999999999e-01
9.999999999999999e-01
1.000000000000000e+00
9.999999999999999e-01
9.999999999999999e-01
1.000000000000000e+00
1.000000000000000e+00
1.000000000000000e+00
1.000000000000000e+00
9.999999999999999e-01
1.000000000000000e+00
1.000000000000000e+00
1.000000000000000e+00
1.000000000000000e+00
9.999999999999999e-01
1.000000000000000e+00
1.000000000000000e+00
1.000000000000000e+00
1.000000000000000e+00
9.999999999999998e-01
1.000000000000000e+00
9.999999999999999e-01
9.999999999999999e-01
9.999999999999998e-01
1.000000000000000e+00
9.999999999999999e-01
1.000000000000000e+00
1.000000000000000e+00
1.000000000000000e+00
1.000000000000000e+00
1.000000000000000e+00
1.000000000000000e+00
1.000000000000000e+00
9.999999999999999e-01
1.000000000000000e+00
1.000000000000000e+00
1.000000000000000e+00
1.000000000000000e+00
1.000000000000000e+00
1.000000000000000e+00
1.000000000000000e+00
9.999999999999998e-01
9.999999999999999e-01
9.999999999999999e-01
1.000000000000000e+00
1.000000000000000e+00
1.000000000000000e+00
1.000000000000000e+00
1.000000000000000e+00
1.000000000000000e+00
1.000000000000000e+00
1.000000000000000e+00
9.999999999999999e-01
1.000000000000000e+00
1.000000000000000e+00
1.000000000000000e+00
1.000000000000000e+00
1.000000000000000e+00
1.000000000000000e+00
1.000000000000000e+00
1.000000000000000e+00
1.000000000000000e+00
9.999999999999999e-01
1.000000000000000e+00
9.999999999999999e-01
9.999999999999998e-01
1.000000000000000e+00
1.000000000000000e+00
1.000000000000000e+00
1.000000000000000e+00
9.999999999999999e-01
9.999999999999997e-01
1.000000000000000e+00
1.000000000000000e+00
9.999999999999999e-01
1.000000000000000e+00
1.000000000000000e+00
1.000000000000000e+00
1.000000000000000e+00
1.000000000000000e+00
1.000000000000000e+00
1.000000000000000e+00
1.000000000000000e+00
9.999999999999998e-01
9.999999999999998e-01
9.999999999999998e-01
1.000000000000000e+00
9.999999999999999e-01
9.999999999999999e-01
9.999999999999999e-01
9.999999999999999e-01
1.000000000000000e+00
9.999999999999999e-01
1.000000000000000e+00
9.999999999999999e-01
1.000000000000000e+00
9.999999999999999e-01
9.999999999999999e-01
1.000000000000000e+00
1.000000000000000e+00
1.000000000000000e+00
1.000000000000000e+00
9.999999999999998e-01
1.000000000000000e+00
1.000000000000000e+00
1.000000000000000e+00
1.000000000000000e+00
9.999999999999998e-01
9.999999999999999e-01
9.999999999999999e-01
9.999999999999999e-01
9.999999999999999e-01
1.000000000000000e+00
1.000000000000000e+00
9.999999999999999e-01
1.000000000000000e+00
9.999999999999998e-01
9.999999999999999e-01
9.999999999999999e-01
9.999999999999999e-01
9.999999999999999e-01
1.000000000000000e+00
1.000000000000000e+00
1.000000000000000e+00
1.000000000000000e+00
9.999999999999999e-01
9.999999999999999e-01
1.000000000000000e+00
1.000000000000000e+00
1.000000000000000e+00
1.000000000000000e+00
1.000000000000000e+00
1.000000000000000e+00
9.999999999999999e-01
1.000000000000000e+00
9.999999999999999e-01
1.000000000000000e+00
9.999999999999999e-01
1.000000000000000e+00
9.999999999999999e-01
1.000000000000000e+00
1.000000000000000e+00
1.000000000000000e+00
9.999999999999999e-01
9.999999999999998e-01
9.999999999999999e-01
9.999999999999999e-01
1.000000000000000e+00
1.000000000000000e+00
1.000000000000000e+00
9.999999999999999e-01
9.999999999999999e-01
1.000000000000000e+00
1.000000000000000e+00
1.000000000000000e+00
1.000000000000000e+00
1.000000000000000e+00
1.000000000000000e+00
1.000000000000000e+00
9.999999999999999e-01
9.999999999999999e-01
1.000000000000000e+00
1.000000000000000e+00
1.000000000000000e+00
9.999999999999999e-01
9.999999999999999e-01
1.000000000000000e+00
1.000000000000000e+00
1.000000000000000e+00
9.999999999999998e-01
9.999999999999999e-01
1.000000000000000e+00
9.999999999999999e-01
9.999999999999999e-01
1.000000000000000e+00
9.999999999999998e-01
1.000000000000000e+00
1.000000000000000e+00
9.999999999999998e-01
1.000000000000000e+00
1.000000000000000e+00
1.000000000000000e+00
9.999999999999998e-01
1.000000000000000e+00
1.000000000000000e+00
9.999999999999999e-01
1.000000000000000e+00
1.000000000000000e+00
1.000000000000000e+00
1.000000000000000e+00
9.999999999999999e-01
1.000000000000000e+00
1.000000000000000e+00
1.000000000000000e+00
1.000000000000000e+00
1.000000000000000e+00
1.000000000000000e+00
1.000000000000000e+00
1.000000000000000e+00
1.000000000000000e+00
9.999999999999999e-01
9.999999999999999e-01
1.000000000000000e+00
1.000000000000000e+00
1.000000000000000e+00
1.000000000000000e+00
1.000000000000000e+00
9.999999999999999e-01
1.000000000000000e+00
1.000000000000000e+00
9.999999999999999e-01
1.000000000000000e+00
1.000000000000000e+00
1.000000000000000e+00
1.000000000000000e+00
1.000000000000000e+00
1.000000000000000e+00
1.000000000000000e+00
1.000000000000000e+00
1.000000000000000e+00
1.000000000000000e+00
1.000000000000000e+00
1.000000000000000e+00
1.000000000000000e+00
9.999999999999999e-01
1.000000000000000e+00
1.000000000000000e+00
1.000000000000000e+00
1.000000000000000e+00
1.000000000000000e+00
1.000000000000000e+00
1.000000000000000e+00
9.999999999999999e-01
9.999999999999999e-01
1.000000000000000e+00
9.999999999999999e-01
1.000000000000000e+00
1.000000000000000e+00
1.000000000000000e+00
1.000000000000000e+00
1.000000000000000e+00
1.000000000000000e+00
1.000000000000000e+00
1.000000000000000e+00
1.000000000000000e+00
1.000000000000000e+00
9.999999999999999e-01
9.999999999999999e-01
1.000000000000000e+00
1.000000000000000e+00
1.000000000000000e+00
9.999999999999999e-01
9.999999999999999e-01
1.000000000000000e+00
1.000000000000000e+00
1.000000000000000e+00
1.000000000000000e+00
1.000000000000000e+00
1.000000000000000e+00
1.000000000000000e+00
1.000000000000000e+00
9.999999999999998e-01
9.999999999999998e-01
1.000000000000000e+00
1.000000000000000e+00
1.000000000000000e+00
1.000000000000000e+00
1.000000000000000e+00
9.999999999999999e-01
1.000000000000000e+00
1.000000000000000e+00
1.000000000000000e+00
1.000000000000000e+00
1.000000000000000e+00
1.000000000000000e+00
1.000000000000000e+00
1.000000000000000e+00
1.000000000000000e+00
1.000000000000000e+00
1.000000000000000e+00
1.000000000000000e+00
1.000000000000000e+00
1.000000000000000e+00
9.999999999999999e-01
9.999999999999997e-01
9.999999999999997e-01
9.999999999999997e-01
9.999999999999999e-01
1.000000000000000e+00
9.999999999999999e-01
1.000000000000000e+00
1.000000000000000e+00
1.000000000000000e+00
1.000000000000000e+00
1.000000000000000e+00
1.000000000000000e+00
9.999999999999999e-01
9.999999999999999e-01
1.000000000000000e+00
1.000000000000000e+00
9.999999999999999e-01
9.999999999999999e-01
9.999999999999998e-01
1.000000000000000e+00
1.000000000000000e+00
9.999999999999999e-01
1.000000000000000e+00
9.999999999999999e-01
1.000000000000000e+00
9.999999999999998e-01
1.000000000000000e+00
1.000000000000000e+00
1.000000000000000e+00
1.000000000000000e+00
1.000000000000000e+00
1.000000000000000e+00
1.000000000000000e+00
1.000000000000000e+00
1.000000000000000e+00
9.999999999999999e-01
9.999999999999999e-01
1.000000000000000e+00
1.000000000000000e+00
9.999999999999998e-01
9.999999999999998e-01
1.000000000000000e+00
9.999999999999998e-01
1.000000000000000e+00
9.999999999999999e-01
1.000000000000000e+00
1.000000000000000e+00
1.000000000000000e+00
1.000000000000000e+00
1.000000000000000e+00
1.000000000000000e+00
1.000000000000000e+00
9.999999999999999e-01
9.999999999999999e-01
1.000000000000000e+00
1.000000000000000e+00
1.000000000000000e+00
9.999999999999999e-01
9.999999999999999e-01
1.000000000000000e+00
1.000000000000000e+00
9.999999999999999e-01
1.000000000000000e+00
1.000000000000000e+00
1.000000000000000e+00
1.000000000000000e+00
1.000000000000000e+00
1.000000000000000e+00
1.000000000000000e+00
1.000000000000000e+00
1.000000000000000e+00
9.999999999999999e-01
9.999999999999999e-01
1.000000000000000e+00
9.999999999999999e-01
1.000000000000000e+00
1.000000000000000e+00
1.000000000000000e+00
1.000000000000000e+00
9.999999999999999e-01
9.999999999999999e-01
1.000000000000000e+00
1.000000000000000e+00
9.999999999999999e-01
1.000000000000000e+00
1.000000000000000e+00
1.000000000000000e+00
1.000000000000000e+00
1.000000000000000e+00
1.000000000000000e+00
1.000000000000000e+00
1.000000000000000e+00
1.000000000000000e+00
1.000000000000000e+00
1.000000000000000e+00
1.000000000000000e+00
1.000000000000000e+00
9.999999999999999e-01
9.999999999999999e-01
1.000000000000000e+00
1.000000000000000e+00
1.000000000000000e+00
1.000000000000000e+00
9.999999999999999e-01
1.000000000000000e+00
9.999999999999999e-01
1.000000000000000e+00
1.000000000000000e+00
1.000000000000000e+00
9.999999999999999e-01
9.999999999999999e-01
9.999999999999999e-01
1.000000000000000e+00
1.000000000000000e+00
1.000000000000000e+00
1.000000000000000e+00
1.000000000000000e+00
9.999999999999998e-01
9.999999999999999e-01
9.999999999999999e-01
9.999999999999999e-01
9.999999999999999e-01
9.999999999999999e-01
1.000000000000000e+00
9.999999999999999e-01
1.000000000000000e+00
1.000000000000000e+00
9.999999999999999e-01
9.999999999999999e-01
9.999999999999999e-01
9.999999999999999e-01
9.999999999999999e-01
1.000000000000000e+00
1.000000000000000e+00
1.000000000000000e+00
1.000000000000000e+00
1.000000000000000e+00
1.000000000000000e+00
1.000000000000000e+00
1.000000000000000e+00
1.000000000000000e+00
9.999999999999999e-01
1.000000000000000e+00
1.000000000000000e+00
9.999999999999999e-01
1.000000000000000e+00
1.000000000000000e+00
1.000000000000000e+00
1.000000000000000e+00
1.000000000000000e+00
1.000000000000000e+00
1.000000000000000e+00
1.000000000000000e+00
9.999999999999999e-01
1.000000000000000e+00
1.000000000000000e+00
1.000000000000000e+00
1.000000000000000e+00
1.000000000000000e+00
1.000000000000000e+00
9.999999999999999e-01
9.999999999999999e-01
1.000000000000000e+00
1.000000000000000e+00
1.000000000000000e+00
1.000000000000000e+00
9.999999999999999e-01
9.999999999999999e-01
1.000000000000000e+00
9.999999999999999e-01
1.000000000000000e+00
1.000000000000000e+00
1.000000000000000e+00
1.000000000000000e+00
1.000000000000000e+00
1.000000000000000e+00
1.000000000000000e+00
1.000000000000000e+00
9.999999999999997e-01
1.000000000000000e+00
1.000000000000000e+00
1.000000000000000e+00
1.000000000000000e+00
1.000000000000000e+00
1.000000000000000e+00
1.000000000000000e+00
1.000000000000000e+00
9.999999999999999e-01
9.999999999999999e-01
1.000000000000000e+00
1.000000000000000e+00
1.000000000000000e+00
1.000000000000000e+00
1.000000000000000e+00
1.000000000000000e+00
1.000000000000000e+00
1.000000000000000e+00
1.000000000000000e+00
1.000000000000000e+00
9.999999999999999e-01
9.999999999999999e-01
9.999999999999999e-01
1.000000000000000e+00
1.000000000000000e+00
1.000000000000000e+00
9.999999999999999e-01
1.000000000000000e+00
1.000000000000000e+00
1.000000000000000e+00
1.000000000000000e+00
1.000000000000000e+00
1.000000000000000e+00
1.000000000000000e+00
1.000000000000000e+00
1.000000000000000e+00
1.000000000000000e+00
1.000000000000000e+00
1.000000000000000e+00
1.000000000000000e+00
1.000000000000000e+00
9.999999999999999e-01
9.999999999999999e-01
9.999999999999999e-01
1.000000000000000e+00
1.000000000000000e+00
1.000000000000000e+00
1.000000000000000e+00
1.000000000000000e+00
9.999999999999999e-01
9.999999999999999e-01
1.000000000000000e+00
1.000000000000000e+00
1.000000000000000e+00
1.000000000000000e+00
1.000000000000000e+00
9.999999999999999e-01
1.000000000000000e+00
1.000000000000000e+00
1.000000000000000e+00
9.999999999999999e-01
9.999999999999999e-01
9.999999999999999e-01
9.999999999999999e-01
1.000000000000000e+00
9.999999999999998e-01
9.999999999999999e-01
1.000000000000000e+00
1.000000000000000e+00
1.000000000000000e+00
1.000000000000000e+00
9.999999999999999e-01
1.000000000000000e+00
1.000000000000000e+00
9.999999999999999e-01
1.000000000000000e+00
1.000000000000000e+00
1.000000000000000e+00
9.999999999999999e-01
1.000000000000000e+00
1.000000000000000e+00
1.000000000000000e+00
1.000000000000000e+00
1.000000000000000e+00
1.000000000000000e+00
1.000000000000000e+00
1.000000000000000e+00
1.000000000000000e+00
9.999999999999999e-01
9.999999999999999e-01
9.999999999999999e-01
9.999999999999998e-01
9.999999999999999e-01
1.000000000000000e+00
1.000000000000000e+00
1.000000000000000e+00
1.000000000000000e+00
9.999999999999999e-01
1.000000000000000e+00
1.000000000000000e+00
1.000000000000000e+00
1.000000000000000e+00
1.000000000000000e+00
1.000000000000000e+00
1.000000000000000e+00
1.000000000000000e+00
1.000000000000000e+00
1.000000000000000e+00
1.000000000000000e+00
1.000000000000000e+00
9.999999999999999e-01
9.999999999999999e-01
1.000000000000000e+00
1.000000000000000e+00
9.999999999999999e-01
9.999999999999999e-01
9.999999999999999e-01
1.000000000000000e+00
1.000000000000000e+00
1.000000000000000e+00
9.999999999999999e-01
9.999999999999999e-01
9.999999999999999e-01
1.000000000000000e+00
9.999999999999999e-01
9.999999999999999e-01
1.000000000000000e+00
1.000000000000000e+00
1.000000000000000e+00
1.000000000000000e+00
9.999999999999999e-01

rho_api  1  1102  double
9.999694160277611e-01
9.999679021373157e-01
9.999603820280525e-01
9.999526357473529e-01
9.999598461038536e-01
1.000025383040435e+00
1.000005264675090e+00
1.000013292553267e+00
1.000003916322121e+00
1.000011269647365e+00
1.000021318882781e+00
1.000029186556390e+00
1.000029445090195e+00
1.000028750625627e+00
1.000072131066934e+00
1.000071918258017e+00
1.000023998691834e+00
1.000004617704664e+00
1.000008227182782e+00
1.000028509679427e+00
1.000012185064830e+00
9.999974394344098e-01
1.000029049982464e+00
1.000024283666050e+00
1.000025262356324e+00
1.000005887487941e+00
1.000006244558182e+00
1.000008444504036e+00
9.999936714868009e-01
9.999958629846376e-01
1.000010488882049e+00
1.000027279562989e+00
1.000027225520824e+00
1.000028954116200e+00
1.000030522702027e+00
1.000029980894677e+00
1.000026903538216e+00
1.000010412376943e+00
1.000013090004590e+00
1.000028885606220e+00
1.000032678615542e+00
1.000027952227200e+00
1.000026212344376e+00
1.000007395001446e+00
1.000013541346033e+00
1.000029018843797e+00
1.000026733668886e+00
1.000030118270916e+00
1.000033513898633e+00
9.999998945337089e-01
9.999881544028985e-01
9.999908472397753e-01
9.999990836954912e-01
9.999783733201499e-01
9.999819789441221e-01
9.999946606460121e-01
9.999718035429968e-01
9.999665194639688e-01
9.999775819881619e-01
9.999677130677870e-01
9.999729055779993e-01
9.999838986268453e-01
9.999818817103816e-01
9.999745598430654e-01
9.999635683491183e-01
9.999651893114694e-01
9.999606445863877e-01
9.999525389493857e-01
9.999544446556153e-01
9.999627280567961e-01
9.999357020010777e-01
9.999339683567342e-01
9.999354012715461e-01
9.999388344443867e-01
9.999355597574309e-01
9.999378829035246e-01
9.999844368566746e-01
9.999734031266567e-01
9.999899235665762e-01
9.999977564772169e-01
9.999934634067014e-01
9.999970740497145e-01
9.999776951295090e-01
9.999831050395148e-01
9.999621068586294e-01
9.999539560431172e-01
9.999431909795025e-01
9.999388540201761e-01
9.999566625116914e-01
9.999651887532333e-01
9.999591377515652e-01
9.999722216581197e-01
9.999729367695490e-01
9.999637256780748e-01
9.999990517680478e-01
9.999878274392826e-01
9.999991969667634e-01
9.999875647034275e-01
9.999773872631411e-01
9.999777213802171e-01
1.000009023168478e+00
9.999722961486799e-01
9.999622954385318e-01
9.999677948825689e-01
9.999581292816205e-01
9.999669978702117e-01
9.999346799663581e-01
9.999328849945825e-01
9.999345224591834e-01
9.999364667516047e-01
9.999354475582285e-01
9.999335692650321e-01
9.999371198884002e-01
9.999355633549403e-01
9.999783867999820e-01
9.999900259470453e-01
9.999803061177305e-01
9.999704572598188e-01
9.999681272960974e-01
1.000001951553821e+00
9.999374084058043e-01
9.999358122610059e-01
9.999338189420381e-01
9.999398175595218e-01
9.999382111423976e-01
9.999427585943238e-01
9.999381978642464e-01
9.999387937090406e-01
9.999397776674275e-01
9.999412842295189e-01
9.999429797965587e-01
9.999423771632233e-01
9.999392874471800e-01
9.999383001616753e-01
9.999413872093085e-01
9.999467725013605e-01
9.999477937071946e-01
9.999434772932130e-01
9.999433023014306e-01
9.999421497300062e-01
9.999411555470367e-01
9.999468897665923e-01
9.999466339629449e-01
9.999469871999546e-01
9.999521858596847e-01
9.999438952235875e-01
9.999399645023259e-01
9.999445349875626e-01
9.999863517636386e-01
9.999715455668967e-01
9.999822077237539e-01
9.999751829471644e-01
9.999799616198275e-01
9.999739598635711e-01
9.999778592558384e-01
9.999668218607106e-01
9.999708617043819e-01
9.999723252852936e-01
9.999643206389782e-01
9.999792179953115e-01
9.999946934889234e-01
9.999884811938883e-01
1.000001245269678e+00
9.999905429643214e-01
9.999585258456639e-01
9.999667954901930e-01
9.999505127215107e-01
9.999533384718291e-01
9.999615801103441e-01
9.999901721166756e-01
9.999967998517776e-01
9.999824665210431e-01
1.000003274794932e+00
9.999900585502288e-01
9.999555697908922e-01
9.999561475116022e-01
9.999631014951689e-01
9.999631172679682e-01
9.999496647586807e-01
9.999723303683682e-01
9.999716399341179e-01
9.999645282158344e-01
9.999988933207191e-01
9.999862019963688e-01
9.999906656632510e-01
1.000003086565342e+00
1.000010901950349e+00
9.999786295611164e-01
9.999822646338872e-01
9.999560368026829e-01
9.999582006298755e-01
9.999526796082040e-01
9.999614364021208e-01
9.999507587617762e-01
9.999492158213541e-01
9.999563162516958e-01
9.999565853018478e-01
9.999498248607390e-01
9.999497218372534e-01
1.000009471170688e+00
1.000002360191848e+00
9.999999288940480e-01
1.000009978589468e+00
9.999983198903625e-01
9.999750902394769e-01
9.999714341707912e-01
9.999642751207769e-01
9.999617729064199e-01
9.999693963723378e-01
9.999893786990706e-01
9.999962098726919e-01
1.000002309765684e+00
9.999970507942897e-01
1.000012627488763e+00
1.000030806624026e+00
1.000029876161359e+00
1.000026975794804e+00
1.000071616740906e+00
1.000070446157277e+00
1.000029419561375e+00
1.000024590277011e+00
1.000028495091809e+00
1.000069990681486e+00
1.000071610030888e+00
1.000070973558217e+00
9.999931693865912e-01
9.999999110856844e-01
9.999863229113273e-01
1.000026624986244e+00
1.000006612479424e+00
1.000011570146777e+00
1.000004684373573e+00
1.000005703601367e+00
1.000008222429226e+00
1.000023906500111e+00
1.000026703662115e+00
1.000027716751943e+00
1.000010719736128e+00
1.000024996745596e+00
1.000030270372894e+00
1.000029008378771e+00
1.000029782838120e+00
1.000028400726196e+00
9.999464764528245e-01
9.999445034638123e-01
9.999410371734575e-01
9.999391878136004e-01
9.999370283691726e-01
9.999400651566066e-01
9.999505424472296e-01
9.999473193243812e-01
9.999450564467450e-01
9.999413047650275e-01
9.999404824784498e-01
9.999513383311600e-01
9.999534291839562e-01
1.000028149173175e+00
1.000027350229204e+00
1.000015675052207e+00
1.000027690743225e+00
1.000034730713135e+00
1.000030207212311e+00
1.000028167558491e+00
1.000030887745018e+00
1.000028958309694e+00
1.000072820774071e+00
1.000072232368896e+00
1.000072614318114e+00
9.999329725686340e-01
9.999327822755530e-01
9.999326436137720e-01
9.999336846223689e-01
9.999918160060369e-01
9.999817568649394e-01
9.999931395942921e-01
1.000003213158379e+00
1.000001348725409e+00
9.999880246954679e-01
9.999987846629116e-01
9.999979721586705e-01
9.999865305612282e-01
1.000008925125369e+00
9.999629888341661e-01
9.999610502984528e-01
9.999549808621084e-01
9.999532261266363e-01
9.999776290458939e-01
9.999749659946712e-01
9.999857226920936e-01
9.999824808432738e-01
9.999991469960496e-01
9.999953655816289e-01
9.999469198261900e-01
9.999522916565213e-01
9.999593861039605e-01
9.999555923411921e-01
9.999611187602258e-01
9.999531449335675e-01
9.999485224390655e-01
9.999596936203600e-01
9.999478588750484e-01
9.999474790202155e-01
9.999425757134208e-01
9.999439792959813e-01
9.999473903489238e-01
9.999419958580004e-01
1.000006980680546e+00
9.999939564999994e-01
9.999818591417479e-01
9.999837597331018e-01
9.999940800561972e-01
9.999961087156992e-01
9.999335855986889e-01
9.999356643721875e-01
9.999340790393987e-01
9.999356418006075e-01
9.999360906862715e-01
9.999470222600779e-01
9.999476303306096e-01
9.999434665478293e-01
9.999424384221420e-01
9.999394109801977e-01
9.999430010938625e-01
9.999402273636738e-01
9.999392192415394e-01
9.999452893295867e-01
9.999487579240524e-01
9.999491832560718e-01
9.999468902844626e-01
9.999534736601767e-01
9.999510756781315e-01
9.999503221607398e-01
9.999575278936550e-01
9.999587465613499e-01
9.999619409138346e-01
9.999658863293113e-01
9.999720815502532e-01
9.999618458475985e-01
9.999816394794722e-01
9.999765122522125e-01
9.999672283527143e-01
9.999766963622292e-01
9.999767166843238e-01
9.999675682851613e-01
9.999861282293843e-01
9.999878078163449e-01
9.999985479972034e-01
9.999511420429104e-01
9.999552929608184e-01
9.999445435388730e-01
9.999486353555974e-01
9.999561147322304e-01
9.999518311489831e-01
9.999600832797370e-01
9.999536935224973e-01
9.999645971624430e-01
9.999558721606444e-01
1.000008652511305e+00
9.999983365040356e-01
9.999872865884177e-01
9.999991170915300e-01
1.000008448799148e+00
1.000010147438190e+00
9.999781939616483e-01
9.999873762708188e-01
9.999676875505511e-01
9.999764309610056e-01
9.999760814290802e-01
9.999860302834445e-01
9.999469669223777e-01
9.999416939587779e-01
9.999473099869634e-01
9.999525585081476e-01
9.999840031317618e-01
9.999728361489866e-01
9.999796683296823e-01
9.999781189349290e-01
9.999888559188119e-01
9.999925633375525e-01
9.999415936806269e-01
9.999399514764389e-01
9.999450153058980e-01
9.999444991622864e-01
1.000010638577749e+00
1.000026464387223e+00
1.000028057714051e+00
1.000028539373594e+00
1.000031032675778e+00
1.000012115722233e+00
1.000030317567409e+00
9.999941452529058e-01
9.999893406493553e-01
9.999809265855634e-01
9.999741413399774e-01
9.999851317037149e-01
9.999790744812286e-01
9.999749602519417e-01
9.999864099386978e-01
9.999997678826552e-01
1.000003671762106e+00
9.999905746637069e-01
9.999789849370594e-01
9.999689291431850e-01
9.999670169901045e-01
9.999790816174960e-01
9.999769377560088e-01
9.999917557268951e-01
9.999826138459972e-01
9.999675509508815e-01
9.999687577166290e-01
9.999775539826672e-01
9.999597899758875e-01
9.999569540941330e-01
9.999499258592681e-01
9.999541088861482e-01
9.999601857425853e-01
9.999354274091865e-01
9.999368755689177e-01
9.999346036403799e-01
9.999374038849534e-01
9.999347520490076e-01
9.999572483546028e-01
9.999498922380324e-01
9.999545245744574e-01
9.999660303652971e-01
9.999627164713814e-01
9.999717813045070e-01
9.999764647106154e-01
9.999637897522053e-01
9.999744956526661e-01
9.999943699691587e-01
9.999852135780430e-01
9.999811795453049e-01
9.999827135638486e-01
9.999809606395186e-01
9.999929608216533e-01
1.000006942065246e+00
9.999947841211401e-01
9.999850664685683e-01
9.999781756402970e-01
9.999706937689335e-01
9.999898164669561e-01
9.999682115907135e-01
9.999588509085727e-01
9.999669551953214e-01
9.999595411747295e-01
9.999529138712249e-01
9.999519752354948e-01
9.999694818670285e-01
9.999803814669249e-01
9.999831877726540e-01
9.999726436391950e-01
9.999774966046372e-01
9.999884857093018e-01
9.999922980332328e-01
9.999704051854008e-01
9.999610051417243e-01
9.999638682936021e-01
9.999682436093987e-01
9.999592083329091e-01
9.999601087237127e-01
9.999682180443312e-01
9.999602743880375e-01
9.999687907492866e-01
9.999526635713533e-01
9.999989618632770e-01
9.999874695792694e-01
9.999869938719431e-01
1.000009019647520e+00
1.000009252004774e+00
9.999990095199177e-01
9.999765998334614e-01
1.000010242176925e+00
1.000003056120258e+00
1.000010265087999e+00
1.000027379096697e+00
1.000028269273475e+00
1.000029445700971e+00
1.000020809533703e+00
1.000030581666430e+00
1.000010029257725e+00
1.000027882590325e+00
1.000028149810195e+00
1.000027791629817e+00
1.000004699476824e+00
1.000011655226610e+00
1.000002030946956e+00
1.000009973709089e+00
1.000002530212283e+00
1.000009431954905e+00
9.999979756156177e-01
9.999954896598944e-01
9.999890821501657e-01
1.000030087331922e+00
1.000028140947129e+00
1.000029512237437e+00
1.000027750283950e+00
1.000067227871294e+00
1.000009326284531e+00
1.000024498433594e+00
1.000007638941334e+00
9.999995239366358e-01
1.000026651997163e+00
1.000029246038883e+00
1.000028677685096e+00
1.000028588284443e+00
1.000029007697606e+00
1.000026745911043e+00
1.000025655167636e+00
1.000029421356979e+00
1.000028959504962e+00
1.000029131609451e+00
1.000028171002230e+00
1.000027223609893e+00
1.000009444794575e+00
1.000000013815325e+00
1.000010442986753e+00
1.000012503196793e+00
1.000030553510721e+00
1.000026903628368e+00
1.000027785821409e+00
1.000029710167847e+00
1.000067871121337e+00
1.000027064333629e+00
1.000027462489703e+00
1.000029640370226e+00
1.000029907932588e+00
1.000008369632823e+00
1.000029998489361e+00
1.000069427357956e+00
1.000131743237312e+00
1.000130724779953e+00
1.000070255356126e+00
9.999920737412292e-01
1.000009833978942e+00
1.000001010601755e+00
1.000005121433647e+00
9.999961173558287e-01
9.999884182990734e-01
1.000025194638103e+00
1.000028374713238e+00
1.000028913646287e+00
1.000028183164860e+00
1.000029250889447e+00
1.000072674166961e+00
1.000029956092125e+00
1.000133036364338e+00
1.000069983630832e+00
1.000070239480653e+00
1.000134055084587e+00
1.000029541484599e+00
1.000028206521617e+00
1.000071638078423e+00
1.000072229461669e+00
1.000130773142569e+00
1.000130024575419e+00
9.999912511138438e-01
1.000032672878595e+00
1.000029509595571e+00
1.000027632866602e+00
1.000029981174728e+00
1.000069325297295e+00
1.000011687217679e+00
1.000033624843176e+00
1.000030194542070e+00
1.000027319246903e+00
1.000003413009891e+00
1.000012443492748e+00
9.999838983860245e-01
9.999839985082831e-01
1.000012542221320e+00
1.000012783563000e+00
9.999899868952163e-01
1.000012578369832e+00
9.999900119444154e-01
9.999900063535576e-01
1.000031524939487e+00
1.000011842729770e+00
1.000001492881443e+00
1.000004945324203e+00
1.000029124336026e+00
1.000012790513242e+00
1.000002461744205e+00
1.000007910749290e+00
1.000009745578286e+00
1.000013267509872e+00
1.000009229130726e+00
1.000028368225360e+00
1.000027899747643e+00
1.000029078424378e+00
1.000072057353056e+00
1.000004959638066e+00
1.000012247656143e+00
1.000012629580368e+00
1.000006871670042e+00
1.000027298715009e+00
1.000027900626887e+00
1.000013213876170e+00
1.000028159954135e+00
1.000028807368799e+00
1.000009162931940e+00
1.000069798340037e+00
1.000067794543510e+00
1.000131284151649e+00
1.000030035364577e+00
1.000030492230739e+00
1.000130334106588e+00
1.000072309951292e+00
1.000071340718642e+00
1.000130456326387e+00
1.000070880036725e+00
1.000070918961083e+00
1.000134209992146e+00
1.000069088173550e+00
1.000028378199561e+00
1.000028128275655e+00
1.000132504166540e+00
1.000071658263657e+00
1.000131337823994e+00
9.999918489837424e-01
1.000129617919086e+00
1.000073307159232e+00
1.000072140070351e+00
1.000130965644349e+00
1.000028305801356e+00
1.000131513069039e+00
1.000072751295823e+00
1.000130146834558e+00
1.000072194704353e+00
1.000131606680920e+00
9.999915685615398e-01
1.000132773482711e+00
1.000071165825210e+00
1.000133112439643e+00
9.999920830129257e-01
9.999922802899214e-01
1.000070418085115e+00
1.000136091033266e+00
1.000029661402884e+00
1.000072428894020e+00
1.000069274062440e+00
1.000134872737144e+00
1.000132980953676e+00
1.000069544166424e+00
1.000135703889567e+00
1.000069679401321e+00
1.000133474655886e+00
1.000134086660838e+00
1.000071345379008e+00
1.000068343133960e+00
1.000028864126744e+00
1.000030179646354e+00
1.000068637400755e+00
1.000133786814800e+00
1.000072793294301e+00
1.000132464324698e+00
9.999922378440979e-01
9.999920591360210e-01
1.000132171164084e+00
1.000133383461776e+00
9.999921396602679e-01
9.999916102491722e-01
9.999911265126995e-01
1.000132123315041e+00
1.000133271157615e+00
1.000131551788569e+00
1.000131952823714e+00
9.999919376567684e-01
9.999919054923037e-01
1.000133306086462e+00
1.000133964223132e+00
1.000129995649200e+00
9.999921850810121e-01
9.999915377505504e-01
9.999837438468717e-01
1.000071127975285e+00
1.000131851603172e+00
1.000028826512827e+00
1.000029283419726e+00
1.000072041857149e+00
1.000069414435752e+00
1.000068091064816e+00
1.000135278321139e+00
1.000068674325560e+00
1.000028995870480e+00
1.000028038968355e+00
1.000069626293952e+00
1.000130989744336e+00
1.000068397680640e+00
1.000071848616401e+00
1.000029784738139e+00
1.000069000189338e+00
1.000133117106618e+00
1.000135606547990e+00
1.000069269201825e+00
1.000028945173669e+00
1.000027527725141e+00
1.000030330145512e+00
1.000029444891541e+00
1.000029089737584e+00
1.000071220662371e+00
1.000071838190990e+00
1.000071830133670e+00
1.000129362168348e+00
1.000132280594834e+00
1.000133294804617e+00
9.999918613088106e-01
9.999923317829470e-01
1.000029168621108e+00
1.000070060355148e+00
1.000029670277180e+00
1.000069685610872e+00
1.000030290518874e+00
1.000068122659279e+00
1.000027133456216e+00
1.000030012157856e+00
1.000025004094483e+00
1.000029271450516e+00
1.000028107255744e+00
1.000029634460520e+00
1.000071506401431e+00
1.000132592669722e+00
1.000131374478779e+00
1.000028611715635e+00
1.000070812336954e+00
1.000029785469201e+00
1.000029534907807e+00
1.000069645339713e+00
1.000131880284650e+00
1.000069612739346e+00
1.000030164161193e+00
1.000027214690382e+00
1.000029661203137e+00
1.000034175584755e+00
1.000069838712697e+00
1.000028427695659e+00
1.000028724844173e+00
1.000031469291314e+00
1.000027528971958e+00
1.000071096274822e+00
1.000073392366009e+00
1.000030119751230e+00
1.000028642288340e+00
1.000029148834321e+00
1.000073096068422e+00
1.000071921193237e+00
1.000131333259788e+00
1.000132563477280e+00
1.000071574182573e+00
1.000072137139865e+00
1.000029247762176e+00
1.000010768726213e+00
1.000027757703396e+00
1.000131470687616e+00
9.999918278389972e-01
9.999840982440777e-01
9.999839903583895e-01
1.000012491389093e+00
1.000012664881812e+00
9.999900588797576e-01
9.999901105423895e-01
9.999923145741119e-01
9.999917446596641e-01
9.999835881372655e-01
1.000134327846693e+00
1.000069357336448e+00
1.000132324779553e+00
9.999832355940445e-01
9.999916378075752e-01
9.999918044480132e-01
9.999836031196949e-01
9.999835847249123e-01
9.999921195985836e-01
1.000131376143633e+00
9.999918663354632e-01
9.999922993819337e-01
1.000133397952201e+00
1.000134177349063e+00
1.000135228953745e+00
9.999917500312827e-01
9.999839795835186e-01
9.999925350414323e-01
9.999838988794695e-01
1.000012581651137e+00
1.000012526934607e+00
9.999900331260656e-01
9.999834543742864e-01
9.999929466494470e-01
9.999924328660103e-01
9.999836195962551e-01
9.999916634433447e-01
1.000132125936877e+00
9.999838802437928e-01
9.999922317106252e-01
9.999837523533077e-01
1.000012581148935e+00
9.999900979938524e-01
9.999900566682998e-01
9.999833502572438e-01
9.999929882113500e-01
9.999833793495705e-01
9.999835823690549e-01
9.999924383761180e-01
9.999914204323743e-01
9.999830368828841e-01
9.999916896913391e-01
9.999831612102508e-01
9.999925313972488e-01
1.000013036422059e+00
1.000012800916124e+00
9.999898879104222e-01
9.999914811720548e-01
9.999837059824473e-01
9.999830399632487e-01
1.000012847723820e+00
9.999898146231344e-01
9.999898965041490e-01
9.999834173340828e-01
1.000012618518998e+00
9.999899991659982e-01
1.000012700138786e+00
1.000012786697248e+00
9.999899362856342e-01
9.999899481208929e-01
9.999830734588646e-01
9.999925740935658e-01
9.999834806951481e-01
9.999837755057264e-01
9.999918928134250e-01
9.999921430786348e-01
9.999837243956925e-01
9.999917032632984e-01
9.999840409510363e-01
9.999919200354392e-01
9.999914243065494e-01
9.999840171495199e-01
9.999842533254504e-01
9.999840449941299e-01
1.000012409204830e+00
9.999900593025142e-01
1.000012310006321e+00
9.999902150638705e-01
9.999830485004142e-01
9.999917893906988e-01
1.000130771259006e+00
1.000134653620531e+00
9.999920440842389e-01
9.999920153239994e-01
1.000130929979988e+00
9.999841367863207e-01
9.999922031289892e-01
1.000131956261769e+00
9.999913206819683e-01
9.999923438786067e-01
1.000131481783687e+00
1.000068460019413e+00
9.999918524403216e-01
9.999914283195781e-01
9.999926431295364e-01
1.000130506501694e+00
1.000131851968438e+00
9.999916631101177e-01
9.999921744181922e-01
1.000012707914923e+00
9.999899026481412e-01
1.000131320160234e+00
1.000134200616969e+00
9.999918443918361e-01
1.000133150981070e+00
1.000070591799366e+00
9.999922656905957e-01
9.999920486872821e-01
9.999840958319232e-01
9.999841773165340e-01
1.000012466640673e+00
1.000012351064411e+00
9.999900982685851e-01
1.000012416266771e+00
9.999900989735302e-01
9.999916743657414e-01
9.999835439390810e-01
1.000012777824264e+00
1.000012551294568e+00
9.999900107480426e-01
9.999923820558644e-01
9.999913972295551e-01
1.000132198510869e+00
1.000130843040947e+00
9.999920917744036e-01
9.999830795576340e-01
9.999836183066925e-01
9.999920028153140e-01
1.000135391056975e+00
1.000070558191367e+00
1.000133720801098e+00
9.999925872532512e-01
1.000132907949711e+00
1.000133068104588e+00
1.000070715587374e+00
1.000068705736323e+00
9.999917383149139e-01
1.000132730602235e+00
9.999922205418795e-01
1.000136342055455e+00
1.000069610326499e+00
1.000070717392834e+00
9.999926843150970e-01
1.000007826882957e+00
1.000027493696801e+00
1.000011584301464e+00
1.000029258536937e+00
9.999921972698328e-01
9.999914028723584e-01
1.000131186758517e+00
9.999918084169470e-01
9.999842471362148e-01
9.999918655245209e-01
9.999922138639934e-01
9.999839003568890e-01
1.000012670686394e+00
1.000012629482346e+00
9.999900256143008e-01
9.999839038190952e-01
9.999835841839554e-01
1.000012496311938e+00
9.999900033095617e-01
1.000012509140882e+00
9.999901104109128e-01
1.000012698724451e+00
9.999900107791846e-01
9.999898370366318e-01
9.999843507270472e-01
9.999833857382013e-01
9.999838453080773e-01
1.000012980927552e+00
9.999897690365056e-01
9.999829282310674e-01
9.999832776946654e-01
1.000013068013980e+00
9.999897711421490e-01
1.000012836586440e+00
1.000012607510910e+00
9.999899465351157e-01
1.000012624544327e+00
9.999900303419476e-01
9.999900240101565e-01
1.000012490371271e+00
9.999901285895177e-01
9.999839163105071e-01
1.000012657488652e+00
9.999899932057713e-01
9.999899919999315e-01
1.000012859764156e+00
9.999897820859078e-01
9.999831806740913e-01
9.999832909473282e-01
1.000012940506595e+00
9.999898137563451e-01
1.000013002226368e+00
9.999897110108288e-01
1.000012729054532e+00
9.999899320229638e-01
9.999833430268652e-01
9.999831731361675e-01
1.000012918715085e+00
1.000012962330894e+00
9.999898691188037e-01
9.999898341035743e-01
9.999832012467468e-01
9.999834907609878e-01
1.000012760883772e+00
9.999898767630059e-01
1.000012669381432e+00
9.999898612175715e-01
9.999899729473085e-01
9.999838499847280e-01
9.999833640716256e-01
1.000012960379550e+00
1.000012674555135e+00
1.000012631659905e+00
9.999900652243816e-01
1.000012695822757e+00
1.000012786747835e+00
9.999899689158996e-01
9.999899076583335e-01
1.000012593559701e+00
1.000012985534006e+00
9.999898536950753e-01
9.999843108437040e-01
9.999832404889525e-01
9.999897943597235e-01
9.999899430539165e-01
1.000012801202986e+00
9.999898859181462e-01
9.999924527393067e-01
9.999833205499922e-01
9.999835369973579e-01
1.000133532894298e+00
1.000012325200926e+00
9.999900843732114e-01
1.000012633263531e+00
9.999900636393960e-01
9.999839437046733e-01
1.000012443338796e+00
1.000005984744935e+00
1.000002424953882e+00
9.999993711761338e-01
1.000011754341524e+00
1.000010299451408e+00
1.000012833197726e+00
1.000012788794052e+00
9.999897747129411e-01
9.999898545666968e-01
1.000012857374071e+00
9.999899553747880e-01
1.000012457229295e+00
9.999838588772854e-01
9.999920014642811e-01
1.000012504305914e+00
9.999900932661770e-01
9.999843688994620e-01
1.000012422706547e+00
9.999838852172560e-01
9.999901637611033e-01
9.999900033914270e-01
1.000012589350045e+00
1.000012751056215e+00
1.000012856375341e+00
1.000012988243646e+00
9.999897973597563e-01
9.999899268764392e-01
9.999898730823443e-01
1.000012786207580e+00
9.999835060155946e-01
1.000012697429304e+00
1.000012562918928e+00
9.999899834538296e-01
9.999898042545835e-01
9.999900190918029e-01
1.000012528462821e+00
1.000012605386891e+00
9.999837512738418e-01
9.999838847731889e-01
9.999924729392300e-01
9.999900153918562e-01
9.999900736597732e-01
9.999839462152643e-01
1.000012538198773e+00
1.000012582520330e+00
9.999837450026552e-01
9.999899716191956e-01
9.999900635406508e-01
9.999900340717658e-01
1.000012523909930e+00
1.000012396363453e+00
9.999841105306490e-01
9.999916147162131e-01
9.999839749332339e-01
9.999901146849489e-01
9.999900177020997e-01
1.000024403267897e+00
1.000004497642006e+00
1.000011117033906e+00
1.000010744008417e+00
9.999991959782446e-01
9.999920554353949e-01
9.999990806758758e-01
1.000009794168317e+00
1.000031185371231e+00
1.000027160225457e+00
1.000029615727269e+00
1.000070800276671e+00
1.000136042746026e+00
1.000134600828880e+00
9.999830766537541e-01
9.999927862266066e-01
9.999924522079807e-01
9.999916237020976e-01
9.999838314289399e-01
1.000012685191877e+00
9.999835203904527e-01
9.999912684210432e-01
9.999899036697142e-01
1.000012606761109e+00
9.999899318310894e-01
9.999834959685165e-01
1.000012808869986e+00
9.999832794689035e-01
9.999898827759204e-01
9.999899270313851e-01
1.000012793427223e+00
9.999835620059164e-01
9.999898154553197e-01
9.999898465616864e-01
1.000012808271576e+00
1.000012986561849e+00
9.999835836979155e-01
1.000012846099299e+00
9.999830226598880e-01
9.999898062691555e-01
9.999898129553390e-01
9.999897861736528e-01

rho_bas  1  1102  double
9.999673326853289e-01
9.999657418433944e-01
9.999577029498987e-01
9.999494808790010e-01
9.999572596995013e-01
1.000022806559284e+00
1.000005980263003e+00
1.000018555543565e+00
1.000003386942154e+00
1.000014744719441e+00
1.000018514059189e+00
1.000023742418168e+00
1.000046754938805e+00
1.000047850893435e+00
1.000072620229681e+00
1.000073264668841e+00
1.000021324983104e+00
1.000005178236533e+00
1.000012624085669e+00
1.000023303247186e+00
1.000016663683631e+00
9.999968995675426e-01
1.000046527403219e+00
1.000021415544503e+00
1.000022159012281e+00
1.000006447988977e+00
1.000008840571966e+00
1.000010763071771e+00
9.999928544009941e-01
9.999952184783374e-01
1.000013277856234e+00
1.000023378264909e+00
1.000023475779383e+00
1.000024805766368e+00
1.000048720762717e+00
1.000047898033890e+00
1.000023072501368e+00
1.000013302078211e+00
1.000017965310543e+00
1.000024694436612e+00
1.000026129718398e+00
1.000048004394018e+00
1.000022771796667e+00
1.000008730756382e+00
1.000018874166148e+00
1.000024497908991e+00
1.000023683632720e+00
1.000048091858191e+00
1.000026337251690e+00
9.999992764679932e-01
9.999876238673568e-01
9.999902716695674e-01
9.999985138594226e-01
9.999768228655475e-01
9.999809504238708e-01
9.999940787136034e-01
9.999697470224830e-01
9.999644331472907e-01
9.999759490869362e-01
9.999655835580565e-01
9.999710681028964e-01
9.999829636076275e-01
9.999807999479472e-01
9.999727624028061e-01
9.999611960772884e-01
9.999628228907690e-01
9.999580579644841e-01
9.999493434344557e-01
9.999514550470102e-01
9.999602818027757e-01
9.999314726008438e-01
9.999298630885639e-01
9.999313498760666e-01
9.999350740143081e-01
9.999315303747047e-01
9.999339152315495e-01
9.999836078269655e-01
9.999715501024675e-01
9.999895247577878e-01
9.999970178227731e-01
9.999926993153266e-01
9.999965007299956e-01
9.999760714401185e-01
9.999822115987181e-01
9.999596364666709e-01
9.999509517827490e-01
9.999395925059348e-01
9.999350207110080e-01
9.999538324524427e-01
9.999627371993204e-01
9.999564390366550e-01
9.999701426358950e-01
9.999711399200367e-01
9.999613723325558e-01
9.999985175902334e-01
9.999872273482702e-01
9.999987330556654e-01
9.999868203898787e-01
9.999758060067565e-01
9.999761997492215e-01
1.000011881343588e+00
9.999702329452467e-01
9.999598960501709e-01
9.999656914115972e-01
9.999552550273964e-01
9.999649021683032e-01
9.999306570240712e-01
9.999286178487770e-01
9.999304592506675e-01
9.999323939155488e-01
9.999313443152028e-01
9.999293648312517e-01
9.999330596164524e-01
9.999314546643112e-01
9.999769293721991e-01
9.999895747064539e-01
9.999789682388924e-01
9.999684762487610e-01
9.999658750366454e-01
1.000001621898576e+00
9.999333724825232e-01
9.999317166974604e-01
9.999296701959624e-01
9.999361333858202e-01
9.999342163666728e-01
9.999391452102301e-01
9.999342736965064e-01
9.999350095771713e-01
9.999359254369632e-01
9.999373119682639e-01
9.999394107538833e-01
9.999387053905741e-01
9.999354511819998e-01
9.999344007792252e-01
9.999377334623643e-01
9.999432997872056e-01
9.999443902400632e-01
9.999397290040868e-01
9.999395510055750e-01
9.999384976892973e-01
9.999372016299016e-01
9.999436373081950e-01
9.999431555862283e-01
9.999434350594143e-01
9.999489560055022e-01
9.999402356916677e-01
9.999361668063494e-01
9.999408722465826e-01
9.999856253166299e-01
9.999696311475164e-01
9.999811652405949e-01
9.999732301296704e-01
9.999788965016269e-01
9.999721743088530e-01
9.999762709634478e-01
9.999646619882704e-01
9.999687273034886e-01
9.999703628649607e-01
9.999619024538264e-01
9.999776976344141e-01
9.999940729140283e-01
9.999879513371739e-01
1.000000687625134e+00
9.999903056725989e-01
9.999557403930961e-01
9.999645313066386e-01
9.999472914230315e-01
9.999502801465450e-01
9.999590594018670e-01
9.999892782545478e-01
9.999959752928005e-01
9.999813199861179e-01
1.000002848037000e+00
9.999896118269418e-01
9.999525521442294e-01
9.999532049277654e-01
9.999606302504059e-01
9.999607752083456e-01
9.999464932469050e-01
9.999705391249440e-01
9.999696312761928e-01
9.999622089840340e-01
9.999983425321136e-01
9.999853708138070e-01
9.999904329799220e-01
1.000002765063302e+00
1.000014237003793e+00
9.999771621107194e-01
9.999811468166013e-01
9.999530977373381e-01
9.999553796692330e-01
9.999494994114722e-01
9.999589460545411e-01
9.999476322358986e-01
9.999459064736186e-01
9.999533473211486e-01
9.999537120603234e-01
9.999465969264011e-01
9.999464164751428e-01
1.000012309838435e+00
1.000001768940436e+00
9.999994681691626e-01
1.000013617567763e+00
9.999976885246238e-01
9.999731735179748e-01
9.999695314291859e-01
9.999619558956586e-01
9.999592397256953e-01
9.999673147455480e-01
9.999891507752268e-01
9.999954910761499e-01
1.000001784334217e+00
9.999964029168640e-01
1.000016405386219e+00
1.000046837250055e+00
1.000047173579458e+00
1.000023697952770e+00
1.000072732090918e+00
1.000071797247965e+00
1.000047027571405e+00
1.000021653426591e+00
1.000047153939823e+00
1.000071367365549e+00
1.000072014431915e+00
1.000070911350352e+00
9.999925724581348e-01
9.999991822707406e-01
9.999855195098103e-01
1.000023048894910e+00
1.000009112622256e+00
1.000016409116605e+00
1.000005497107181e+00
1.000007784504149e+00
1.000010929001660e+00
1.000020735007405e+00
1.000023468817742e+00
1.000023760930866e+00
1.000014334667840e+00
1.000022669974184e+00
1.000048308205957e+00
1.000047972055789e+00
1.000024877774494e+00
1.000047169988275e+00
9.999429647484381e-01
9.999408712218195e-01
9.999373134414188e-01
9.999353754610834e-01
9.999329680434175e-01
9.999363001032053e-01
9.999474778497978e-01
9.999439689421676e-01
9.999414770220760e-01
9.999374908932089e-01
9.999367520761548e-01
9.999481765178532e-01
9.999502159076091e-01
1.000023539683456e+00
1.000047951738633e+00
1.000021323714214e+00
1.000047798391244e+00
1.000027197700309e+00
1.000046309151863e+00
1.000047338207077e+00
1.000024553645594e+00
1.000047734744805e+00
1.000072800488916e+00
1.000072110679507e+00
1.000073095717446e+00
9.999286937678445e-01
9.999286001358716e-01
9.999284438091608e-01
9.999295150111567e-01
9.999914857375817e-01
9.999803954672167e-01
9.999929824441507e-01
1.000002946516258e+00
1.000000799414306e+00
9.999874299954412e-01
9.999981641193615e-01
9.999973931747547e-01
9.999858405220780e-01
1.000011597490303e+00
9.999604601960186e-01
9.999585429844045e-01
9.999520173630118e-01
9.999500669749994e-01
9.999761158075409e-01
9.999731484827855e-01
9.999850329105119e-01
9.999812761570672e-01
9.999985676503131e-01
9.999948325756728e-01
9.999434921134794e-01
9.999490766793893e-01
9.999567353960548e-01
9.999526086408961e-01
9.999584933152804e-01
9.999500526969491e-01
9.999451958256673e-01
9.999570825041816e-01
9.999443948602459e-01
9.999442492376173e-01
9.999388941336893e-01
9.999402522026685e-01
9.999439398976746e-01
9.999381686088261e-01
1.000009009359033e+00
9.999929362357358e-01
9.999809567148366e-01
9.999826493970064e-01
9.999934282296273e-01
9.999954499434865e-01
9.999293602648837e-01
9.999316425109711e-01
9.999299770684398e-01
9.999315844159479e-01
9.999319045529053e-01
9.999437488544688e-01
9.999441571867517e-01
9.999396592915660e-01
9.999388202008490e-01
9.999356256762495e-01
9.999393190859280e-01
9.999364323670296e-01
9.999354896070461e-01
9.999416293032772e-01
9.999454235593892e-01
9.999459782038662e-01
9.999434412599892e-01
9.999503755517571e-01
9.999478552323849e-01
9.999472775759527e-01
9.999545186172926e-01
9.999560027059825e-01
9.999594747230670e-01
9.999638020316806e-01
9.999701275366965e-01
9.999592609530000e-01
9.999805854809225e-01
9.999747231970333e-01
9.999649602551992e-01
9.999751371155157e-01
9.999751063503319e-01
9.999653943472054e-01
9.999853134041725e-01
9.999872578077602e-01
9.999979483466951e-01
9.999480578387815e-01
9.999522532800352e-01
9.999407919000534e-01
9.999453717131589e-01
9.999531176346297e-01
9.999487869741233e-01
9.999574224456358e-01
9.999506626522313e-01
9.999623569625762e-01
9.999527713107893e-01
1.000011407107445e+00
9.999978327983172e-01
9.999866399138848e-01
9.999985381220217e-01
1.000010966547895e+00
1.000013329300846e+00
9.999766309951794e-01
9.999867328872369e-01
9.999654904465155e-01
9.999748269127602e-01
9.999744753073969e-01
9.999851829251938e-01
9.999436324952659e-01
9.999378137361054e-01
9.999439270986253e-01
9.999493414984143e-01
9.999833162777291e-01
9.999708352360950e-01
9.999782740755730e-01
9.999766106849717e-01
9.999884895042027e-01
9.999919701489701e-01
9.999379256751345e-01
9.999360548983122e-01
9.999414507500115e-01
9.999409258361048e-01
1.000015028940330e+00
1.000022648849788e+00
1.000046941713820e+00
1.000047284838238e+00
1.000025563292491e+00
1.000014133827014e+00
1.000025226982455e+00
9.999935347741564e-01
9.999889159011718e-01
9.999797323371253e-01
9.999721833529408e-01
9.999843776135056e-01
9.999778253109600e-01
9.999732558127766e-01
9.999857633365544e-01
9.999991978409724e-01
1.000003245953005e+00
9.999902202750297e-01
9.999774610662843e-01
9.999667788645499e-01
9.999648031749586e-01
9.999778426519267e-01
9.999752486145403e-01
9.999911109583801e-01
9.999815087862304e-01
9.999653274837561e-01
9.999665892370375e-01
9.999760858114839e-01
9.999571510175820e-01
9.999539350788261e-01
9.999468570388562e-01
9.999511243658695e-01
9.999576238308363e-01
9.999312603977042e-01
9.999328803073066e-01
9.999305077272558e-01
9.999334019660876e-01
9.999307099661323e-01
9.999542781858168e-01
9.999467302694406e-01
9.999515156968694e-01
9.999637907838127e-01
9.999603568979729e-01
9.999699111558472e-01
9.999747856605096e-01
9.999614733520439e-01
9.999725784738693e-01
9.999938986529873e-01
9.999843640911836e-01
9.999799966794265e-01
9.999816681173870e-01
9.999798317916531e-01
9.999923322442980e-01
1.000009644442617e+00
9.999941971982337e-01
9.999841806234726e-01
9.999765531300223e-01
9.999687522937002e-01
9.999893674745542e-01
9.999660545580870e-01
9.999561241567373e-01
9.999646758467472e-01
9.999569327486957e-01
9.999497847862677e-01
9.999487670184249e-01
9.999673549481047e-01
9.999792042026759e-01
9.999820176895614e-01
9.999707003641083e-01
9.999758887732799e-01
9.999878544744782e-01
9.999919887693214e-01
9.999683999940161e-01
9.999584030829836e-01
9.999615846648094e-01
9.999661020542647e-01
9.999564061021511e-01
9.999575051373092e-01
9.999661238018043e-01
9.999576316660167e-01
9.999666148395996e-01
9.999494721965501e-01
9.999985988328040e-01
9.999867763509060e-01
9.999862277348106e-01
1.000011815315818e+00
1.000012089443633e+00
9.999982722832491e-01
9.999749408790470e-01
1.000014521521591e+00
1.000003323947438e+00
1.000013388637709e+00
1.000023450627437e+00
1.000023987602655e+00
1.000047325886919e+00
1.000021341204575e+00
1.000024566448093e+00
1.000013619260130e+00
1.000022907951339e+00
1.000048245004199e+00
1.000047406513193e+00
1.000005162568479e+00
1.000016748786183e+00
1.000001354133011e+00
1.000013101882771e+00
1.000001889172753e+00
1.000012084039383e+00
9.999972834092650e-01
9.999949349655438e-01
9.999886793417826e-01
1.000048235462347e+00
1.000024404319862e+00
1.000048628494157e+00
1.000024024178091e+00
1.000069534450846e+00
1.000013008044987e+00
1.000021232393249e+00
1.000010083698984e+00
9.999990209560226e-01
1.000022884742423e+00
1.000046017813071e+00
1.000023500597908e+00
1.000047194419908e+00
1.000047357468930e+00
1.000022356232375e+00
1.000022951585967e+00
1.000047027093340e+00
1.000047056169642e+00
1.000047751065500e+00
1.000023351727268e+00
1.000023113556830e+00
1.000012274469660e+00
9.999995305950168e-01
1.000013897232026e+00
1.000016205384363e+00
1.000048162493001e+00
1.000023090835716e+00
1.000024025801045e+00
1.000047740736076e+00
1.000070073129245e+00
1.000023161978665e+00
1.000024029777995e+00
1.000046998546428e+00
1.000047784360925e+00
1.000011153641815e+00
1.000047988601980e+00
1.000070457459191e+00
1.000005552317044e+00
1.000007580045306e+00
1.000071181827636e+00
9.999865099401377e-01
1.000013733224461e+00
1.000000596062405e+00
1.000005516929222e+00
9.999953920431806e-01
9.999880309897781e-01
1.000021698685313e+00
1.000046861502053e+00
1.000046313402156e+00
1.000023261681053e+00
1.000047593773445e+00
1.000073116127897e+00
1.000048606140356e+00
1.000008327741134e+00
1.000070787686642e+00
1.000070803936362e+00
1.000009166604037e+00
1.000047865875482e+00
1.000046936923594e+00
1.000072951582978e+00
1.000071702392014e+00
1.000008774931323e+00
1.000004294282759e+00
9.999869063839154e-01
1.000026074745741e+00
1.000024758302279e+00
1.000048189365468e+00
1.000048289290076e+00
1.000069356624431e+00
1.000016393043032e+00
1.000026839703765e+00
1.000024739815923e+00
1.000023222487699e+00
1.000002650317257e+00
1.000016304450261e+00
1.000022476864684e+00
1.000022407915583e+00
9.999858583189354e-01
9.999855514905832e-01
1.000010831440892e+00
9.999857860995649e-01
1.000010796901042e+00
1.000010804013089e+00
1.000024693249976e+00
1.000016330814171e+00
1.000000955529121e+00
1.000004921043458e+00
1.000024254408832e+00
1.000016839005894e+00
1.000002122394517e+00
1.000010128776437e+00
1.000012654568148e+00
1.000017555039062e+00
1.000011870634207e+00
1.000023781074904e+00
1.000023802013295e+00
1.000047883599076e+00
1.000072103067264e+00
1.000005295846428e+00
1.000015601867606e+00
1.000017023631069e+00
1.000007804766190e+00
1.000022973189372e+00
1.000023922209443e+00
1.000017092965675e+00
1.000023818272196e+00
1.000023804684189e+00
1.000011873930277e+00
1.000070848879808e+00
1.000069980897749e+00
1.000006852051193e+00
1.000047458854526e+00
1.000047458268521e+00
1.000006933231826e+00
1.000072839966686e+00
1.000071832551561e+00
1.000008042717878e+00
1.000071973391254e+00
1.000070584314854e+00
1.000008926755737e+00
1.000071115411942e+00
1.000048645200357e+00
1.000048254477244e+00
1.000008027448226e+00
1.000071544673205e+00
1.000008545264066e+00
9.999861184247844e-01
1.000005287293176e+00
1.000073833469457e+00
1.000072281452605e+00
1.000008103576118e+00
1.000046364503856e+00
1.000006267254720e+00
1.000073259716467e+00
1.000007429891336e+00
1.000072129090273e+00
1.000008358539344e+00
9.999863688233076e-01
1.000007587346475e+00
1.000072090985180e+00
1.000005300204950e+00
9.999865661508583e-01
9.999861282498802e-01
1.000071040605431e+00
1.000010705559343e+00
1.000046754071193e+00
1.000070731732453e+00
1.000070917202981e+00
1.000009703470834e+00
1.000007169239534e+00
1.000070361729810e+00
1.000009093682270e+00
1.000070324223651e+00
1.000005708001786e+00
1.000007531027426e+00
1.000071840215278e+00
1.000069932442208e+00
1.000048381120600e+00
1.000047059916233e+00
1.000070271959596e+00
1.000009507616241e+00
1.000072640285976e+00
1.000006709443241e+00
9.999857836632666e-01
9.999859746211117e-01
1.000003120979156e+00
1.000005697808492e+00
9.999868873940994e-01
9.999860760116906e-01
9.999871543897888e-01
1.000005377613667e+00
1.000008530797126e+00
1.000008379777077e+00
1.000006543041699e+00
9.999864001186214e-01
9.999859445264722e-01
1.000008375893835e+00
1.000009226129853e+00
1.000004474110146e+00
9.999865685511453e-01
9.999862029537564e-01
1.000022663314256e+00
1.000071627908919e+00
1.000006136896784e+00
1.000047508139814e+00
1.000047117793986e+00
1.000072658658049e+00
1.000071509105307e+00
1.000069584924081e+00
1.000006785235794e+00
1.000069335282125e+00
1.000048998958006e+00
1.000048570636854e+00
1.000070207126909e+00
1.000006142984440e+00
1.000070361707895e+00
1.000071523818581e+00
1.000048066720785e+00
1.000070140112735e+00
1.000007228759839e+00
1.000006161174772e+00
1.000070325045963e+00
1.000047205185986e+00
1.000023337346628e+00
1.000048630010840e+00
1.000024247771844e+00
1.000047827855934e+00
1.000072600260965e+00
1.000071664149360e+00
1.000072438492680e+00
1.000005461654321e+00
1.000007617828561e+00
1.000009685518539e+00
9.999863264757403e-01
9.999859782601158e-01
1.000046856181763e+00
1.000071191222233e+00
1.000048425815875e+00
1.000070054223068e+00
1.000048292855487e+00
1.000069609877103e+00
1.000023295964269e+00
1.000048294947196e+00
1.000021537809500e+00
1.000046726919163e+00
1.000024047111863e+00
1.000047864740897e+00
1.000072183985480e+00
1.000006575118269e+00
1.000007365393363e+00
1.000047781675467e+00
1.000071149101530e+00
1.000024254502871e+00
1.000048687950962e+00
1.000069710104530e+00
1.000008110822314e+00
1.000070860822458e+00
1.000048921397894e+00
1.000047886513167e+00
1.000024567771706e+00
1.000027335002691e+00
1.000070162181338e+00
1.000047801036323e+00
1.000047220244048e+00
1.000025260789841e+00
1.000024188948357e+00
1.000072007138054e+00
1.000073200316291e+00
1.000024540775444e+00
1.000047354197577e+00
1.000047002463677e+00
1.000073551629001e+00
1.000072552795529e+00
1.000007365468309e+00
1.000006626506698e+00
1.000071426790983e+00
1.000072481367023e+00
1.000046914757960e+00
1.000014306108442e+00
1.000023571525261e+00
1.000007329903456e+00
9.999861944529501e-01
1.000022384293133e+00
1.000022491549428e+00
9.999858409340440e-01
9.999857249455727e-01
1.000010765515904e+00
1.000010704512723e+00
9.999861817115461e-01
9.999862882362164e-01
1.000022710386041e+00
1.000007146385000e+00
1.000070004048747e+00
1.000006785732426e+00
1.000023240026347e+00
9.999863617272599e-01
9.999859894932748e-01
1.000022875710544e+00
1.000022832449509e+00
9.999866122372658e-01
1.000007820033834e+00
9.999859969764149e-01
9.999859369913011e-01
1.000006308129893e+00
1.000008424389750e+00
1.000008131190414e+00
9.999862597484352e-01
1.000022365228401e+00
9.999863378382527e-01
1.000022419252172e+00
9.999858379331591e-01
9.999858343343520e-01
1.000010770288180e+00
1.000022982475922e+00
9.999855257919267e-01
9.999863910445745e-01
1.000022726007070e+00
9.999863298254452e-01
1.000006743518231e+00
1.000022604966173e+00
9.999859467022826e-01
1.000022681840296e+00
9.999857970467432e-01
1.000010711524155e+00
1.000010766788878e+00
1.000023001442824e+00
9.999856760232010e-01
1.000023129418497e+00
1.000023027244682e+00
9.999859565575061e-01
9.999859535248857e-01
1.000023359710144e+00
9.999863810569464e-01
1.000023190969499e+00
9.999864999463978e-01
9.999853650938432e-01
9.999855842568254e-01
1.000010910868101e+00
9.999867320629228e-01
1.000022709081851e+00
1.000023478531600e+00
9.999854807399636e-01
1.000011012823415e+00
1.000010926793629e+00
1.000022890535636e+00
9.999857787199756e-01
1.000010818179394e+00
9.999857111183295e-01
9.999855800062254e-01
1.000010865307055e+00
1.000010863511447e+00
1.000023420426141e+00
9.999864742312095e-01
1.000022711286904e+00
1.000022758303969e+00
9.999857849833720e-01
9.999859628198712e-01
1.000022786356485e+00
9.999863697323550e-01
1.000022358904855e+00
9.999869886570897e-01
9.999870294708024e-01
1.000022262037377e+00
1.000022249809941e+00
1.000022392576375e+00
9.999859250518743e-01
1.000010769440524e+00
9.999861079706180e-01
1.000010598857514e+00
1.000023440302534e+00
9.999862541059247e-01
1.000007294766734e+00
1.000007338457920e+00
9.999862575533229e-01
9.999864750188719e-01
1.000007175494571e+00
1.000022153475504e+00
9.999860502097704e-01
1.000005886602917e+00
9.999871925971050e-01
9.999858054078457e-01
1.000005096009246e+00
1.000070484025375e+00
9.999870459054280e-01
9.999867009393272e-01
9.999851822706564e-01
1.000003625101779e+00
1.000007592585618e+00
9.999863353553556e-01
9.999860652722280e-01
9.999856447205393e-01
1.000010926643025e+00
1.000005474311173e+00
1.000009951602580e+00
9.999859313529840e-01
1.000008305105657e+00
1.000070473602892e+00
9.999859966810277e-01
9.999859904692101e-01
1.000022327404264e+00
1.000022170852474e+00
9.999859121582421e-01
9.999860178641989e-01
1.000010717174024e+00
9.999859715177478e-01
1.000010715331390e+00
9.999861417844960e-01
1.000022925865676e+00
9.999855579898207e-01
9.999858447807460e-01
1.000010808897027e+00
9.999865347793694e-01
9.999870274302289e-01
1.000003800227987e+00
1.000005013323841e+00
9.999866294742535e-01
1.000023258678913e+00
1.000022713642336e+00
9.999864420880845e-01
1.000006144224293e+00
1.000072721122835e+00
1.000006035012500e+00
9.999865208031451e-01
1.000006118113098e+00
1.000008073421698e+00
1.000070550029297e+00
1.000070614531465e+00
9.999864764750147e-01
1.000006831611204e+00
9.999860921265901e-01
1.000006881288816e+00
1.000070628111489e+00
1.000071598380969e+00
9.999862077528712e-01
1.000010110073556e+00
1.000023068389854e+00
1.000015567862059e+00
1.000047241613943e+00
9.999862911080897e-01
9.999867715766944e-01
1.000007235766909e+00
9.999858693174909e-01
1.000022078709922e+00
9.999864862585608e-01
9.999862938137638e-01
1.000022440705631e+00
9.999857254215870e-01
9.999857527713238e-01
1.000010775958329e+00
1.000022403597266e+00
1.000022820724204e+00
9.999858496538936e-01
1.000010818242138e+00
9.999858818782195e-01
1.000010685905043e+00
9.999857002554128e-01
1.000010789887734e+00
1.000010993076848e+00
1.000021882493475e+00
1.000023154466890e+00
1.000022508525058e+00
9.999853890365792e-01
1.000011046697174e+00
1.000023755271731e+00
1.000023130096213e+00
9.999852284379536e-01
1.000011067476059e+00
9.999855731323071e-01
9.999857612958524e-01
1.000010856637086e+00
9.999857335352721e-01
1.000010791844973e+00
1.000010804479983e+00
9.999858487946796e-01
1.000010689196609e+00
1.000022520382525e+00
9.999857265315586e-01
1.000010820995928e+00
1.000010831352876e+00
9.999854637103659e-01
1.000011046016704e+00
1.000023397658834e+00
1.000023084519763e+00
9.999854242658457e-01
1.000011021042572e+00
9.999853539892664e-01
1.000011128780275e+00
9.999856940965201e-01
1.000010881968958e+00
1.000023151358437e+00
1.000023329058018e+00
9.999854011509730e-01
9.999854582229132e-01
1.000010928765256e+00
1.000010979245510e+00
1.000023037012580e+00
1.000022971593122e+00
9.999856127897772e-01
1.000010945388538e+00
9.999857522579938e-01
1.000010939275537e+00
1.000010833209808e+00
1.000022464848065e+00
1.000022941737317e+00
9.999854076011001e-01
9.999856807414165e-01
9.999857350266029e-01
1.000010750568799e+00
9.999856657605029e-01
9.999855575532230e-01
1.000010857766483e+00
1.000010913994084e+00
9.999857738778242e-01
9.999854080834453e-01
1.000010956460144e+00
1.000021973863401e+00
1.000023199508337e+00
1.000011013042217e+00
1.000010885374665e+00
9.999855720393382e-01
1.000010946763179e+00
9.999857028797998e-01
1.000023048225035e+00
1.000022968117742e+00
1.000008590927792e+00
9.999860401566792e-01
1.000010729319568e+00
9.999856944373559e-01
1.000010753829868e+00
1.000022465183968e+00
9.999859532791830e-01
1.000006887451580e+00
1.000002405983748e+00
9.999986385593866e-01
1.000015809303465e+00
1.000013079068370e+00
9.999855159306213e-01
9.999855679328992e-01
1.000011058322442e+00
1.000010965107354e+00
9.999855083834928e-01
1.000010849235016e+00
9.999858982426224e-01
1.000022571344497e+00
9.999861825345500e-01
9.999858769947999e-01
1.000010718570099e+00
1.000021973426211e+00
9.999859745095294e-01
1.000022489713030e+00
1.000010642959364e+00
1.000010817390025e+00
9.999857490945437e-01
9.999856119512772e-01
9.999855583275918e-01
9.999853939715888e-01
1.000010999442228e+00
1.000010887045079e+00
1.000010935571531e+00
9.999855791246667e-01
1.000022767314849e+00
9.999857063014749e-01
9.999858521038802e-01
1.000010808937526e+00
1.000011005700720e+00
1.000010793163393e+00
9.999858853250562e-01
9.999857673131739e-01
1.000022544189015e+00
1.000022524607372e+00
9.999863586355989e-01
1.000010786715199e+00
1.000010734538250e+00
1.000022523847270e+00
9.999858134886233e-01
9.999858261314604e-01
1.000022587806149e+00
1.000010838998313e+00
1.000010749476953e+00
1.000010769431906e+00
9.999858767075170e-01
9.999859654830743e-01
1.000022319775621e+00
9.999863925757075e-01
1.000022337423432e+00
1.000010696531099e+00
1.000010804840400e+00
1.000021477690886e+00
1.000005192726652e+00
1.000015607379808e+00
1.000015571576790e+00
9.999984749560272e-01
9.999915369863838e-01
9.999980237903937e-01
1.000013521099071e+00
1.000025985581074e+00
1.000023258807269e+00
1.000048733160871e+00
1.000072022835434e+00
1.000007296211726e+00
1.000007148339848e+00
1.000023147490397e+00
9.999861945834225e-01
9.999857280227500e-01
9.999864847474604e-01
1.000022502131986e+00
9.999856966613928e-01
1.000022925910445e+00
9.999868322443006e-01
1.000010905233912e+00
9.999857653444687e-01
1.000010884212094e+00
1.000022647667622e+00
9.999855828719876e-01
1.000023151410193e+00
1.000010912349977e+00
1.000010877703583e+00
9.999855685804699e-01
1.000022842425141e+00
1.000010992310676e+00
1.000010981518067e+00
9.999855541503160e-01
9.999853394960605e-01
1.000022746348885e+00
9.999855077961066e-01
1.000023581604821e+00
1.000011026417278e+00
1.000011012775339e+00
1.000011034122892e+00

rho_lat1  1  1102  double
1.000010863324767e+00
1.000012308802721e+00
1.000016695963286e+00
1.000022040973006e+00
1.000017613360877e+00
1.000001174621517e+00
1.000006284968665e+00
9.999983171008551e-01
1.000004538990672e+00
1.000000590976868e+00
9.999835839692200e-01
9.999770845838190e-01
9.999726365537748e-01
9.999673792135496e-01
9.999467851357187e-01
9.999535784360383e-01
9.999767217633485e-01
9.999888407613510e-01
9.999843086192733e-01
9.999723059103655e-01
9.999860101776162e-01
9.999924940511513e-01
9.999662929403189e-01
9.999944893219925e-01
9.999913277899218e-01
1.000002080427104e+00
9.999979291226953e-01
9.999948595694625e-01
1.000005689659279e+00
1.000002471007947e+00
1.000004869615361e+00
1.000003004937190e+00
1.000003706793483e+00
1.000000833909623e+00
9.999984266200641e-01
9.999997686305747e-01
1.000004704938299e+00
1.000007100091752e+00
1.000004810306211e+00
1.000004854931795e+00
1.000005345089782e+00
1.000001231990943e+00
1.000004888483784e+00
1.000009640565274e+00
1.000003211896819e+00
1.000003330357316e+00
1.000002763407011e+00
9.999991126929716e-01
1.000004427697951e+00
9.999928804661716e-01
9.999994732552587e-01
9.999992684779793e-01
9.999912142310006e-01
1.000006554979303e+00
1.000006680313278e+00
9.999985861937356e-01
1.000011663733016e+00
1.000013734664640e+00
1.000007111702272e+00
1.000014653430918e+00
1.000014671040464e+00
1.000008476371402e+00
1.000011543858066e+00
1.000012706866948e+00
1.000019739491427e+00
1.000017364265058e+00
1.000016424188593e+00
1.000022406641246e+00
1.000021324922619e+00
1.000015587144607e+00
1.000033202292702e+00
1.000034062029716e+00
1.000033210449546e+00
1.000031658459742e+00
1.000032985877089e+00
1.000032843673188e+00
1.000015734751499e+00
1.000019183685809e+00
1.000014114946071e+00
1.000011973509741e+00
1.000012567060335e+00
1.000010565184377e+00
1.000017409906397e+00
1.000016462843239e+00
1.000021189729448e+00
1.000024340540114e+00
1.000028673599568e+00
1.000031373798571e+00
1.000024068233519e+00
1.000021104346342e+00
1.000023241153521e+00
1.000016206646400e+00
1.000016752497449e+00
1.000020753597810e+00
1.000010056363039e+00
1.000014195791880e+00
1.000008961971711e+00
1.000012945637371e+00
1.000016940419364e+00
1.000016481420382e+00
1.000006667311066e+00
1.000018631841906e+00
1.000023232655945e+00
1.000020565018253e+00
1.000023721498683e+00
1.000022021207468e+00
1.000033394895919e+00
1.000034463697212e+00
1.000034212288323e+00
1.000032824472409e+00
1.000033604110616e+00
1.000034211155504e+00
1.000032114516742e+00
1.000033101210276e+00
1.000017443533506e+00
1.000012641951349e+00
1.000017948249557e+00
1.000019373120824e+00
1.000020850160611e+00
1.000011807528289e+00
1.000032528812177e+00
1.000033095318942e+00
1.000034141644103e+00
1.000031658471716e+00
1.000032594572093e+00
1.000029764815145e+00
1.000031003846381e+00
1.000031077412580e+00
1.000030943543594e+00
1.000029963318678e+00
1.000028572955052e+00
1.000028810833338e+00
1.000031065500612e+00
1.000030661601995e+00
1.000029166330590e+00
1.000027105184106e+00
1.000025067588374e+00
1.000028159759770e+00
1.000030316789451e+00
1.000030616766465e+00
1.000030770359741e+00
1.000028607478707e+00
1.000028561706279e+00
1.000029236199466e+00
1.000026387095504e+00
1.000028908032085e+00
1.000031338730536e+00
1.000028408220431e+00
1.000008358603815e+00
1.000017046488484e+00
1.000011904384570e+00
1.000014016831428e+00
1.000010386631860e+00
1.000017392763498e+00
1.000016301460346e+00
1.000021424324150e+00
1.000019953814060e+00
1.000016683084212e+00
1.000021395869332e+00
1.000014621323937e+00
1.000006898304883e+00
1.000011480971534e+00
1.000007837135009e+00
1.000009460837011e+00
1.000020625014738e+00
1.000015199229276e+00
1.000024477785776e+00
1.000022492311903e+00
1.000017852628351e+00
9.999984345391566e-01
9.999959786377091e-01
1.000004654525229e+00
9.999940196772236e-01
1.000001464907419e+00
1.000023142822029e+00
1.000022909030097e+00
1.000019817516890e+00
1.000021259041585e+00
1.000026269656948e+00
1.000015047556688e+00
1.000016134864052e+00
1.000017506916069e+00
9.999995610336874e-01
1.000005160248017e+00
1.000001521680523e+00
9.999943038377677e-01
9.999911375247656e-01
1.000009084433205e+00
1.000004659429308e+00
1.000024111791368e+00
1.000023376507071e+00
1.000027312201861e+00
1.000022840355388e+00
1.000027047446041e+00
1.000027364103639e+00
1.000023104983067e+00
1.000022516258442e+00
1.000026405163858e+00
1.000026837108082e+00
1.000004402139729e+00
1.000005903715290e+00
1.000007661363760e+00
1.000003131331548e+00
1.000009353652869e+00
1.000010629799676e+00
1.000011764236399e+00
1.000017580808113e+00
1.000017589359901e+00
1.000015444903608e+00
9.999990483331402e-01
9.999965617156726e-01
9.999907432442445e-01
9.999924107136456e-01
9.999828839513071e-01
9.999851421691160e-01
9.999837355809549e-01
9.999877783325807e-01
9.999779549563440e-01
9.999738220517502e-01
9.999630890688509e-01
9.999725569759810e-01
9.999630853319524e-01
9.999371958960310e-01
9.999326944554101e-01
9.999291444494305e-01
1.000003225679871e+00
9.999986544111895e-01
1.000005348775540e+00
9.999839843740173e-01
9.999922297547025e-01
9.999907249239579e-01
9.999984646143499e-01
1.000005499833832e+00
1.000005463660250e+00
1.000001863990443e+00
1.000000821151726e+00
1.000003006314431e+00
1.000005157586229e+00
1.000005278862094e+00
1.000002309089956e+00
1.000001837139151e+00
1.000005895415261e+00
1.000002788653416e+00
1.000028251000610e+00
1.000029274881587e+00
1.000031821560192e+00
1.000031749780421e+00
1.000032432328890e+00
1.000031091056558e+00
1.000028022908448e+00
1.000028161188226e+00
1.000029169962814e+00
1.000031615190581e+00
1.000030836241571e+00
1.000026927972912e+00
1.000026457269699e+00
9.999987697687017e-01
9.999933265320980e-01
9.999959078358834e-01
9.999876927360006e-01
9.999942493035070e-01
9.999746217381555e-01
9.999787582592333e-01
9.999869561588329e-01
9.999836245583353e-01
9.999672220379093e-01
9.999738670900840e-01
9.999605949295967e-01
1.000034468469184e+00
1.000034698094493e+00
1.000034824813644e+00
1.000033987337153e+00
1.000007829122861e+00
1.000011331905757e+00
1.000005559973637e+00
1.000002652774120e+00
1.000011011710231e+00
1.000014250832230e+00
1.000010980327149e+00
1.000010235878527e+00
1.000014108802484e+00
1.000007096658918e+00
1.000023097984351e+00
1.000023890183450e+00
1.000025852690440e+00
1.000025753065536e+00
1.000009356155573e+00
1.000012506911178e+00
1.000005509910550e+00
1.000009490052951e+00
9.999993635729227e-01
1.000002859054854e+00
1.000025881366945e+00
1.000022569528042e+00
1.000017855068554e+00
1.000021362846825e+00
1.000017764571107e+00
1.000022786669217e+00
1.000025918215075e+00
1.000017867688507e+00
1.000028504658128e+00
1.000028660252458e+00
1.000030823058482e+00
1.000029614866642e+00
1.000028128137620e+00
1.000029875612553e+00
1.000002857434358e+00
1.000009090740006e+00
1.000013235638102e+00
1.000013684335731e+00
1.000006867342071e+00
1.000009818797585e+00
1.000034144013097e+00
1.000033111585714e+00
1.000033911724121e+00
1.000033454730809e+00
1.000032665971447e+00
1.000025617162909e+00
1.000025425062911e+00
1.000028383157287e+00
1.000028673221466e+00
1.000030717186742e+00
1.000030090761005e+00
1.000030545619647e+00
1.000031677647448e+00
1.000027724355852e+00
1.000026132216254e+00
1.000026582112366e+00
1.000027123134695e+00
1.000022510869114e+00
1.000024280245493e+00
1.000023614075042e+00
1.000019884150363e+00
1.000020703597257e+00
1.000017628165091e+00
1.000022243254318e+00
1.000019656089144e+00
1.000023602492496e+00
1.000016693057416e+00
1.000017490451760e+00
1.000012592121170e+00
1.000006684504329e+00
1.000006068774466e+00
1.000012173558956e+00
9.999991825941197e-01
9.999996929236979e-01
9.999913722558430e-01
1.000024775699980e+00
1.000023868516048e+00
1.000028459675295e+00
1.000026723210975e+00
1.000021050456614e+00
1.000024489880230e+00
1.000020265309383e+00
1.000022387860458e+00
1.000018622775135e+00
1.000023736907909e+00
9.999824479524100e-01
9.999905663731702e-01
9.999985227859947e-01
9.999891260079473e-01
9.999811020949799e-01
9.999801585349604e-01
1.000014781972494e+00
1.000011722580825e+00
1.000019239872758e+00
1.000016603617930e+00
1.000017526663546e+00
1.000013592436376e+00
1.000025963368950e+00
1.000029527313611e+00
1.000025404465973e+00
1.000022657318658e+00
1.000001369452363e+00
1.000009138390389e+00
1.000003482844425e+00
1.000004601393218e+00
9.999966798988428e-01
9.999946210706160e-01
1.000029196266198e+00
1.000031401465111e+00
1.000028022752082e+00
1.000028840472609e+00
9.999900517600161e-01
9.999827179797862e-01
9.999753722774207e-01
9.999765790522488e-01
9.999768583604254e-01
9.999884189329105e-01
9.999848745579091e-01
1.000006729233537e+00
1.000009814093174e+00
1.000012303227917e+00
1.000014539769662e+00
1.000008586084812e+00
1.000010601812765e+00
1.000017458279611e+00
1.000013460007695e+00
1.000009918666269e+00
1.000010578693603e+00
1.000012180424017e+00
1.000016611424906e+00
1.000020261329696e+00
1.000021220391927e+00
1.000017791705658e+00
1.000017913090844e+00
1.000012796770339e+00
1.000016786233523e+00
1.000012338477545e+00
1.000012786494129e+00
1.000006665992971e+00
1.000017890802206e+00
1.000024652863731e+00
1.000027725231089e+00
1.000026085159925e+00
1.000023975042711e+00
1.000033300977683e+00
1.000032522266206e+00
1.000034272404628e+00
1.000032093452778e+00
1.000033336733313e+00
1.000019527348800e+00
1.000024020104379e+00
1.000021478291971e+00
1.000014019425452e+00
1.000015623536740e+00
1.000011280644910e+00
1.000007456575619e+00
1.000017768876930e+00
1.000010975411083e+00
9.999985315863387e-01
1.000005896351551e+00
1.000006911495003e+00
1.000014135366236e+00
1.000013737725024e+00
1.000008387074539e+00
1.000005777804002e+00
1.000009092931761e+00
1.000014394300349e+00
1.000006751641934e+00
1.000011995487360e+00
9.999991541486118e-01
1.000013045263725e+00
1.000023915030993e+00
1.000020141745350e+00
1.000023083204980e+00
1.000024921280026e+00
1.000026460154468e+00
1.000011311839893e+00
1.000003146494792e+00
1.000001712267166e+00
1.000008991503994e+00
1.000004798417659e+00
9.999970854101120e-01
9.999954000625785e-01
1.000017060544145e+00
1.000021539419225e+00
1.000018968718426e+00
1.000015799808901e+00
1.000020647947721e+00
1.000023232390036e+00
1.000019826277005e+00
1.000023004114536e+00
1.000018613282064e+00
1.000026281058924e+00
9.999905129779312e-01
9.999981034319068e-01
9.999988914959096e-01
9.999819209675503e-01
9.999807287199037e-01
9.999889383658666e-01
1.000005939402768e+00
9.999852445950000e-01
9.999926528066678e-01
9.999831986023737e-01
9.999713375712372e-01
9.999739987304166e-01
9.999629416302223e-01
9.999754809512096e-01
9.999706227668583e-01
9.999831327343827e-01
9.999745848962418e-01
9.999598919690161e-01
9.999670783551415e-01
9.999850389391428e-01
9.999796195919944e-01
9.999871044043629e-01
9.999801169172536e-01
1.000009997013122e+00
1.000006249014223e+00
1.000010162333939e+00
1.000010880184386e+00
1.000013643467782e+00
9.999603159749061e-01
9.999696002572632e-01
9.999623976594133e-01
9.999685387138060e-01
9.999307474283581e-01
9.999972458596675e-01
9.999918596152064e-01
9.999995403627047e-01
1.000003257784169e+00
9.999935342988178e-01
9.999863615272910e-01
1.000005087179671e+00
1.000002351624744e+00
1.000001872392389e+00
1.000006020219736e+00
1.000005728439656e+00
1.000001923773925e+00
1.000002120854059e+00
1.000001200977264e+00
1.000004929473151e+00
1.000004827715215e+00
1.000006960988299e+00
1.000010766734294e+00
1.000006826656969e+00
1.000005493570022e+00
9.999589870902311e-01
9.999683538308355e-01
9.999693996940220e-01
9.999612242069912e-01
9.999316646325338e-01
1.000002660303843e+00
1.000003005470688e+00
9.999993239335622e-01
1.000000102734796e+00
1.000006317794312e+00
1.000000071520399e+00
9.999980653321259e-01
9.999967607004249e-01
9.999983428707699e-01
9.999990726086274e-01
1.000000268153556e+00
1.000006875725437e+00
1.000011105330986e+00
1.000010624063597e+00
1.000012138583138e+00
1.000014526260902e+00
9.999898957585194e-01
9.999818179089300e-01
9.999850300514772e-01
9.999915666224864e-01
9.999892023675502e-01
9.999704764222712e-01
9.999641261580966e-01
9.999773027628195e-01
9.999360669595592e-01
9.999413252039715e-01
9.999778830044586e-01
9.999799400491931e-01
9.999756048939301e-01
9.999682842639501e-01
9.999616993394979e-01
9.999832614838262e-01
9.999855531909669e-01
1.000002004725714e+00
9.999653408190096e-01
9.999670181552297e-01
9.999603713570220e-01
9.999589150063047e-01
9.999287389398299e-01
1.000001051469803e+00
9.999996459999756e-01
9.999972728621336e-01
9.999967184388364e-01
1.000005513715623e+00
1.000000966717209e+00
9.999991114031263e-01
9.999992367668099e-01
1.000000150801746e+00
1.000000137143292e+00
9.999999929395277e-01
1.000000186517308e+00
9.999999643543945e-01
9.999999774501163e-01
9.999670702771987e-01
9.999790511557591e-01
9.999874277435102e-01
9.999858939005836e-01
9.999671271110967e-01
1.000006062588447e+00
1.000010884079791e+00
1.000008391785096e+00
1.000008348788024e+00
1.000004308288932e+00
1.000007962033053e+00
1.000004680735179e+00
1.000005347260631e+00
1.000000892740628e+00
1.000000050128964e+00
9.999997587594018e-01
9.999975927584109e-01
9.999953388483956e-01
9.999958505344704e-01
9.999944717208071e-01
9.999768446878042e-01
9.999880142524209e-01
9.999806790928387e-01
9.999832538717034e-01
9.999875729518930e-01
9.999952739745667e-01
9.999942679266929e-01
9.999957165791651e-01
9.999988931089518e-01
9.999962658107707e-01
9.999997253240674e-01
1.000000795004633e+00
1.000001369340802e+00
9.999993169301832e-01
1.000001114944619e+00
9.999986285134380e-01
9.999972813572066e-01
9.999961964572617e-01
9.999999027785577e-01
1.000000782014657e+00
9.999992967093666e-01
1.000000159447231e+00
9.999988394594063e-01
1.000000135665913e+00
9.999796044879974e-01
9.999424066150524e-01
9.999510029241599e-01
9.999796302104361e-01
9.999694691411531e-01
9.999827605701425e-01
9.999569704849466e-01
9.999813778409167e-01
9.999640918634297e-01
9.999844703461359e-01
1.000001873681111e+00
9.999859741884519e-01
9.999768661750292e-01
9.999881949590905e-01
1.000001590333934e+00
1.000001733020397e+00
9.999883912715095e-01
9.999898092027663e-01
9.999953252718012e-01
9.999837273843285e-01
9.999913930473830e-01
9.999886659585585e-01
9.999764777389926e-01
9.999339263213050e-01
9.999761307014606e-01
9.999388943073422e-01
9.999767136148230e-01
9.999778595074283e-01
9.999440072406209e-01
9.999957841335744e-01
9.999964495292001e-01
9.999978274428408e-01
9.999935669961248e-01
9.999807949144126e-01
9.999529241476433e-01
9.999808076321455e-01
1.000002308050360e+00
1.000002307435233e+00
9.999945926282534e-01
9.999920181895294e-01
1.000000888316383e+00
1.000001292947270e+00
1.000000461987187e+00
9.999825255607917e-01
9.999833849894099e-01
9.999846492562501e-01
9.999802647643410e-01
1.000001914558215e+00
1.000001933064824e+00
9.999760019090910e-01
9.999753952653638e-01
9.999785812281683e-01
1.000002874345135e+00
1.000003142417354e+00
9.999985833009669e-01
9.999473134343498e-01
9.999790911736182e-01
9.999714394295274e-01
9.999673593897932e-01
9.999403491473695e-01
9.999967361043985e-01
9.999955632825406e-01
9.999959572638801e-01
9.999945156906761e-01
9.999973855028215e-01
9.999946251284777e-01
9.999908855713154e-01
9.999957842469362e-01
9.999962621137595e-01
9.999993814811864e-01
1.000000134334371e+00
9.999992220042609e-01
9.999987652928046e-01
9.999975992725939e-01
9.999898100849560e-01
9.999966799271686e-01
1.000000617743411e+00
9.999971266939847e-01
9.999980792761175e-01
9.999936454504849e-01
1.000000876314874e+00
1.000001384915755e+00
1.000000465036812e+00
1.000000117217718e+00
9.999995234161740e-01
9.999989858980946e-01
1.000000015200226e+00
1.000000166648156e+00
9.999902862099653e-01
9.999838319182557e-01
9.999918075847335e-01
9.999881020729259e-01
9.999587010237435e-01
9.999295915648082e-01
9.999678566453114e-01
9.999589645624782e-01
9.999835074045600e-01
9.999739621974862e-01
9.999791213887924e-01
9.999681245158699e-01
9.999506990817579e-01
9.999793600720632e-01
9.999813059422701e-01
1.000000597320850e+00
9.999995507997831e-01
1.000004173483545e+00
9.999992207237146e-01
9.999984339821377e-01
9.999977532751219e-01
9.999817957388678e-01
9.999903631130720e-01
9.999922404938922e-01
9.999969425535092e-01
9.999985453072779e-01
9.999852738962597e-01
9.999893921247708e-01
9.999842951805259e-01
9.999911140232312e-01
9.999944614859113e-01
9.999767774492381e-01
9.999705498902881e-01
9.999851802331639e-01
9.999762790634423e-01
9.999816549117042e-01
9.999572801331859e-01
9.999640194168355e-01
9.999824623772244e-01
9.999845074018793e-01
1.000000429936023e+00
1.000000471149333e+00
1.000001054615389e+00
1.000008084709503e+00
1.000005252119569e+00
9.999995199355095e-01
1.000001611153044e+00
9.999991423210385e-01
9.999990484398071e-01
1.000000175102812e+00
1.000000147137582e+00
9.999999843071985e-01
9.999999738363409e-01
1.000000677790126e+00
1.000000487734520e+00
9.999997283577471e-01
9.999929300555028e-01
9.999926548637140e-01
9.999954170813660e-01
9.999996153337988e-01
1.000000891982882e+00
1.000000313474083e+00
9.999998891519515e-01
9.999998396830471e-01
1.000000341680432e+00
9.999971862533786e-01
1.000000760248400e+00
1.000000868526952e+00
9.999914426005164e-01
9.999923552415209e-01
9.999937160816361e-01
1.000000715013189e+00
9.999990081784812e-01
1.000002160247882e+00
9.999989034258713e-01
1.000000200427257e+00
1.000000229517873e+00
9.999999539003248e-01
9.999986578519143e-01
1.000002876339902e+00
1.000002766004645e+00
9.999986613235889e-01
1.000002798958361e+00
9.999771206451350e-01
9.999999440672037e-01
1.000000163943469e+00
9.999999669864422e-01
9.999999875435028e-01
1.000000075020852e+00
1.000000075048795e+00
9.999986105775323e-01
1.000003029393211e+00
9.999986028714239e-01
9.999986669805332e-01
1.000002704509242e+00
1.000002953964496e+00
9.999986003826125e-01
1.000002837751957e+00
9.999985811723205e-01
1.000002908542888e+00
1.000000279312017e+00
1.000000279071161e+00
9.999999213461773e-01
1.000000480980102e+00
9.999997430929193e-01
9.999996377890140e-01
1.000000047194604e+00
1.000000045186450e+00
1.000000049174110e+00
9.999986407636640e-01
1.000000264954968e+00
9.999999314085610e-01
1.000000272361160e+00
1.000000274167847e+00
9.999999230124346e-01
9.999999265126183e-01
9.999997837490285e-01
1.000000441355085e+00
9.999998677832450e-01
9.999999518185058e-01
1.000000116338374e+00
1.000000163217260e+00
9.999999382806621e-01
1.000002388075238e+00
9.999988111780099e-01
1.000002435525447e+00
1.000002432441660e+00
9.999987920602603e-01
9.999989924330445e-01
9.999989185336612e-01
1.000000209768457e+00
9.999999599928020e-01
1.000000174286353e+00
9.999999664698587e-01
9.999992935232742e-01
1.000001445027777e+00
9.999865764578064e-01
9.999875576638275e-01
1.000001590788155e+00
1.000000023566312e+00
9.999999067995191e-01
9.999999976052959e-01
1.000000070106670e+00
9.999764637011277e-01
1.000002772226910e+00
1.000003054314604e+00
9.999774827986455e-01
9.999299714757246e-01
1.000001277766460e+00
1.000000867711869e+00
1.000001243841492e+00
9.999888929247254e-01
9.999990554651944e-01
1.000000116864856e+00
1.000000212823300e+00
1.000000006627916e+00
1.000000065460718e+00
9.999907889659437e-01
9.999909984615277e-01
1.000001011689911e+00
9.999930286720308e-01
9.999897402974390e-01
1.000000847883593e+00
1.000000105092410e+00
9.999999710743175e-01
9.999999904725088e-01
9.999999824836301e-01
9.999999801976146e-01
1.000000075546269e+00
9.999999828957391e-01
1.000000074969505e+00
1.000002672889046e+00
9.999987049381734e-01
1.000000270639407e+00
1.000000241611199e+00
9.999999365912881e-01
1.000000887140925e+00
1.000000415700808e+00
9.999947789388228e-01
9.999969550447656e-01
1.000000214439864e+00
9.999997016642133e-01
9.999998310531040e-01
1.000001031337825e+00
9.999886925955800e-01
9.999794519562972e-01
9.999876696277938e-01
1.000001335909357e+00
9.999764009105343e-01
9.999760388611993e-01
9.999299627891488e-01
9.999293920702700e-01
1.000002943073493e+00
9.999918179294632e-01
1.000000982247362e+00
9.999899073000028e-01
9.999862696800499e-01
9.999811869695144e-01
1.000001328829571e+00
1.000000049113486e+00
9.999978332811332e-01
1.000000539562462e+00
9.999908777636320e-01
1.000000135884109e+00
1.000000085401629e+00
9.999991402382346e-01
1.000000132862888e+00
9.999999735764503e-01
1.000001975919960e+00
1.000002179060149e+00
9.999989923138599e-01
1.000000023849597e+00
1.000000005730496e+00
1.000000056593513e+00
9.999999101260543e-01
9.999998308461344e-01
9.999999928935875e-01
1.000000068836528e+00
1.000000132107326e+00
9.999999781654634e-01
1.000000097862160e+00
1.000000001193246e+00
1.000000021951690e+00
9.999991870691166e-01
9.999994088883543e-01
9.999993651879624e-01
1.000000095032598e+00
1.000000024628855e+00
9.999994010844222e-01
9.999995223210878e-01
1.000000104976765e+00
1.000000025218154e+00
1.000000016446402e+00
9.999999983980179e-01
1.000000061815489e+00
9.999999876621956e-01
1.000000072714786e+00
1.000000078972541e+00
9.999999877006376e-01
1.000000075065813e+00
9.999999418338421e-01
9.999999951741063e-01
1.000000069215833e+00
1.000000074093200e+00
1.000000077308306e+00
1.000000036771406e+00
9.999995191331008e-01
9.999995780611460e-01
1.000000078288877e+00
1.000000035294309e+00
1.000000060114606e+00
1.000000039945376e+00
1.000000091199384e+00
1.000000026473796e+00
9.999995095003912e-01
9.999995836183297e-01
1.000000072649894e+00
1.000000112901899e+00
1.000000015572118e+00
1.000000003562880e+00
9.999994321418723e-01
9.999995316892688e-01
1.000000089330398e+00
1.000000028703528e+00
1.000000032996208e+00
1.000000035563574e+00
1.000000053653766e+00
9.999997874376018e-01
9.999996798782078e-01
1.000000067833088e+00
1.000000016904262e+00
1.000000250920802e+00
9.999999333165017e-01
1.000000270338637e+00
1.000000286659425e+00
9.999999269831106e-01
9.999999223657434e-01
1.000000256339875e+00
1.000000275161234e+00
9.999999295397997e-01
9.999988085613902e-01
9.999986543077032e-01
9.999999250071593e-01
9.999999384419234e-01
1.000000000180317e+00
1.000000074947186e+00
1.000000317860955e+00
9.999998705288113e-01
9.999999125783741e-01
9.999983712258483e-01
9.999999833559777e-01
1.000000072793922e+00
9.999999914058129e-01
1.000000074086113e+00
9.999999618603986e-01
9.999999857513133e-01
9.999930369125810e-01
9.999932195920206e-01
9.999928580811513e-01
9.999860908434066e-01
9.999841967734471e-01
1.000000049297233e+00
1.000000030632536e+00
1.000000049737511e+00
1.000000039307139e+00
1.000000067995407e+00
1.000000054855170e+00
1.000000232840917e+00
9.999988646591392e-01
1.000002384292770e+00
1.000000215182896e+00
9.999999507727797e-01
9.999999982729950e-01
9.999999804611283e-01
9.999999819563660e-01
1.000000072034544e+00
1.000000076800405e+00
9.999999858506329e-01
1.000000008243827e+00
1.000000026731825e+00
1.000000059512608e+00
1.000000039976473e+00
1.000000069469994e+00
1.000000056312935e+00
1.000000277202111e+00
9.999987044998553e-01
1.000000246894581e+00
1.000000231430988e+00
9.999999386503745e-01
9.999999277238526e-01
9.999999466872551e-01
1.000000184548636e+00
1.000000216112918e+00
9.999989831542169e-01
9.999988358202252e-01
1.000002219995191e+00
9.999999583849196e-01
9.999999451202456e-01
9.999991061458959e-01
1.000000181840435e+00
1.000000157743173e+00
9.999991908701796e-01
9.999999660114897e-01
9.999999795651935e-01
9.999999886193849e-01
1.000000202669687e+00
1.000000228455782e+00
9.999989018013150e-01
1.000002360822630e+00
9.999988127016353e-01
9.999999534352682e-01
9.999999410834857e-01
9.999899142467581e-01
9.999982396736019e-01
9.999960850294421e-01
9.999915091368548e-01
9.999984299796190e-01
1.000003719593436e+00
1.000003375266010e+00
9.999837601354982e-01
9.999701943206994e-01
9.999767474368444e-01
9.999664538734477e-01
9.999345803431755e-01
9.999764997526331e-01
9.999778079031768e-01
9.999986329608194e-01
1.000002873897427e+00
1.000002979087764e+00
1.000002672460963e+00
9.999993368468846e-01
1.000000101624018e+00
9.999994776423992e-01
1.000001031641176e+00
1.000000020824178e+00
1.000000141398199e+00
1.000000000753091e+00
9.999993995156928e-01
1.000000125433677e+00
9.999992565071399e-01
1.000000007861571e+00
9.999999940628339e-01
1.000000287386800e+00
9.999985937785925e-01
9.999999208069489e-01
9.999999215809465e-01
1.000000286335452e+00
1.000000295062548e+00
9.999986073149407e-01
1.000000292535554e+00
9.999985158037812e-01
9.999999223025456e-01
9.999999234052385e-01
9.999999207023405e-01

rho_lat2  1  1102  double
1.000019077551554e+00
1.000018565171542e+00
1.000022720777502e+00
1.000025479663906e+00
1.000022064730917e+00
1.000000480773407e+00
1.000006732536977e+00
1.000002862304472e+00
1.000007838041055e+00
1.000006295086376e+00
9.999889906788414e-01
9.999886443268675e-01
9.999807216451564e-01
9.999862944865463e-01
9.999715460164287e-01
9.999652539460788e-01
1.000005281523395e+00
1.000009698140707e+00
1.000006517897967e+00
1.000004503340046e+00
1.000005437095390e+00
1.000010294473027e+00
1.000001623525169e+00
1.000004744314395e+00
1.000005241368744e+00
1.000009520447972e+00
1.000008537552617e+00
1.000008442731176e+00
1.000011846311475e+00
1.000011853770737e+00
9.999797810599702e-01
9.999692128253048e-01
9.999713008720228e-01
9.999674430501069e-01
9.999590444280795e-01
9.999608960435870e-01
9.999730259034090e-01
9.999838807670138e-01
9.999840521372908e-01
9.999750264209731e-01
9.999762185805821e-01
9.999682649990486e-01
9.999910179355718e-01
9.999984132549281e-01
9.999958984102630e-01
9.999962876368763e-01
9.999988370831319e-01
9.999936121321295e-01
9.999933706304563e-01
1.000000983598367e+00
1.000007015584083e+00
1.000004161049211e+00
1.000004255644461e+00
1.000010716345748e+00
1.000006721422554e+00
1.000000547133917e+00
1.000019669733123e+00
1.000022094418051e+00
1.000016546378149e+00
1.000021388974586e+00
1.000018589167945e+00
1.000015436820564e+00
1.000016050648839e+00
1.000019032785622e+00
1.000022451727793e+00
1.000021926290423e+00
1.000022848855576e+00
1.000025337043810e+00
1.000025410738721e+00
1.000022540803713e+00
1.000032727432997e+00
1.000033740739878e+00
1.000033237171120e+00
1.000031565731881e+00
1.000033201292563e+00
1.000030655785044e+00
1.000005984463066e+00
1.000010755182248e+00
1.000003412921484e+00
9.999982833005223e-01
9.999985823194373e-01
1.000002465761445e+00
1.000010233203468e+00
1.000009495045111e+00
1.000015857565973e+00
1.000021908448472e+00
1.000028821996746e+00
1.000031725446834e+00
1.000024263102461e+00
1.000019499432935e+00
1.000022492823816e+00
1.000018526826483e+00
1.000017676139853e+00
1.000021597209989e+00
9.999909242224293e-01
9.999986667027833e-01
9.999897479166696e-01
9.999979948691755e-01
1.000005856598032e+00
1.000004903079135e+00
9.999809694633307e-01
1.000014526918669e+00
1.000019470259756e+00
1.000017641516739e+00
1.000020328913506e+00
1.000016469373158e+00
1.000033979595281e+00
1.000034437685411e+00
1.000033666611700e+00
1.000033310415649e+00
1.000033285384301e+00
1.000034228331914e+00
1.000032219520925e+00
1.000033633994744e+00
1.000006278561784e+00
9.999987819149870e-01
1.000006130170439e+00
1.000012234498222e+00
1.000012037519242e+00
9.999922766208665e-01
1.000031874373086e+00
1.000033245933575e+00
1.000034096403401e+00
1.000031269297324e+00
1.000030558806180e+00
1.000028738519050e+00
1.000031545193634e+00
1.000032162824491e+00
1.000029657957039e+00
1.000030152063249e+00
1.000029092680196e+00
1.000030258752421e+00
1.000032066969037e+00
1.000031739739477e+00
1.000031406785462e+00
1.000028335285216e+00
1.000028094582718e+00
1.000029902263237e+00
1.000028390457282e+00
1.000029496027711e+00
1.000029461988874e+00
1.000026296996325e+00
1.000025448227756e+00
1.000025784009414e+00
1.000022818431145e+00
1.000029178659291e+00
1.000031650138123e+00
1.000029994265404e+00
1.000000045301187e+00
1.000009793010044e+00
1.000002070868392e+00
1.000008040612153e+00
1.000005797564723e+00
1.000016880803886e+00
1.000013378336522e+00
1.000017764489995e+00
1.000015207966688e+00
1.000017598468257e+00
1.000020066398870e+00
1.000003626965065e+00
9.999937935324876e-01
9.999971525970996e-01
9.999869808286050e-01
9.999959615294259e-01
1.000024086040720e+00
1.000021798368418e+00
1.000027505771436e+00
1.000026810385311e+00
1.000023269883764e+00
1.000013534889860e+00
1.000011708085955e+00
1.000016327090737e+00
1.000011183090110e+00
1.000013639528012e+00
1.000024756885583e+00
1.000025091315601e+00
1.000022334092994e+00
1.000022194669906e+00
1.000027739985694e+00
1.000019091820421e+00
1.000018764519911e+00
1.000022457386492e+00
1.000011718018932e+00
1.000015634712867e+00
1.000013105827444e+00
1.000011068041168e+00
1.000006983765157e+00
1.000016926670422e+00
1.000017305515660e+00
1.000024055859161e+00
1.000023249916868e+00
1.000024174787372e+00
1.000020105542617e+00
1.000025554749746e+00
1.000027719831281e+00
1.000024267620475e+00
1.000025040110220e+00
1.000027750755775e+00
1.000027386334560e+00
9.999807812903379e-01
9.999863984809189e-01
9.999881899210783e-01
9.999798641110401e-01
9.999900745154225e-01
1.000010678443760e+00
1.000013694217558e+00
1.000015682202375e+00
1.000018855644722e+00
1.000012154429832e+00
1.000013378702614e+00
1.000011596900181e+00
1.000010810090326e+00
1.000010951676950e+00
1.000006452365208e+00
1.000001041873209e+00
1.000002957430358e+00
1.000005184997233e+00
9.999994418968318e-01
1.000000878399073e+00
1.000000277614327e+00
1.000003762405057e+00
9.999988663225807e-01
9.999999577596451e-01
9.999977621141971e-01
9.999954078048525e-01
9.999976476722182e-01
9.999955806430174e-01
1.000002535172748e+00
9.999837697257730e-01
9.999921860106905e-01
9.999869636213311e-01
9.999896562054743e-01
1.000005101275452e+00
1.000002452284469e+00
1.000002708582920e+00
9.999997297255931e-01
9.999974061564522e-01
9.999995976242032e-01
9.999824855322725e-01
9.999755161906888e-01
9.999740699244652e-01
9.999853829893207e-01
9.999811163685819e-01
1.000027840936783e+00
1.000029465793643e+00
1.000030135660466e+00
1.000031622462662e+00
1.000032139951767e+00
1.000031504567428e+00
1.000025205746055e+00
1.000027275137121e+00
1.000029443073369e+00
1.000030068257603e+00
1.000031142502381e+00
1.000025008346951e+00
1.000024298348187e+00
1.000003029367898e+00
9.999981177239488e-01
1.000001114092268e+00
9.999999284531391e-01
1.000003208455967e+00
9.999781456588986e-01
9.999754182484504e-01
9.999780291480629e-01
9.999695474794340e-01
9.999515215636177e-01
9.999446659151050e-01
9.999584099509411e-01
1.000034422700619e+00
1.000034746025197e+00
1.000034759834061e+00
1.000034331355742e+00
1.000012252448092e+00
1.000015853601815e+00
1.000011538001770e+00
1.000009905011068e+00
9.999926360473149e-01
1.000000053298452e+00
9.999920856488107e-01
9.999916152510192e-01
9.999999513007853e-01
9.999827693568224e-01
1.000017546344858e+00
1.000017254644382e+00
1.000021744943867e+00
1.000022406792238e+00
1.000018169703777e+00
1.000017977320191e+00
1.000015179291899e+00
1.000016490756889e+00
1.000011140632260e+00
1.000012167535876e+00
1.000027153815828e+00
1.000025161233469e+00
1.000022340620203e+00
1.000021938381856e+00
1.000019470628352e+00
1.000023734230278e+00
1.000025940891430e+00
1.000021073631423e+00
1.000025707274915e+00
1.000025606398556e+00
1.000028945456580e+00
1.000028161260546e+00
1.000025231823144e+00
1.000029395538016e+00
1.000005786905353e+00
1.000010775975292e+00
1.000014786482070e+00
1.000012590150327e+00
1.000010547627536e+00
1.000008317310060e+00
1.000034300699548e+00
1.000032974643385e+00
1.000033681724710e+00
1.000032891946711e+00
1.000032825157852e+00
1.000028232538244e+00
1.000028054681956e+00
1.000029666929669e+00
1.000030438034003e+00
1.000032339420285e+00
1.000028110286187e+00
1.000029564705178e+00
1.000031162413501e+00
1.000028083007267e+00
1.000025333087349e+00
1.000024448481160e+00
1.000028476480586e+00
1.000026799198925e+00
1.000027008066007e+00
1.000027983267168e+00
1.000023747568670e+00
1.000024385336499e+00
1.000023010574097e+00
1.000017239514907e+00
1.000011954759479e+00
1.000017772849636e+00
1.000010581304806e+00
1.000010662423758e+00
1.000018195394968e+00
1.000013474751823e+00
1.000014775569269e+00
1.000018889791608e+00
1.000009821825624e+00
1.000007417257152e+00
1.000004462056616e+00
1.000023171731132e+00
1.000020638926829e+00
1.000028141161549e+00
1.000024967706196e+00
1.000021702475016e+00
1.000022757446169e+00
1.000018952444369e+00
1.000023549076655e+00
1.000014458309827e+00
1.000020022934756e+00
1.000001020382036e+00
1.000006373573479e+00
1.000010602946702e+00
1.000007867260638e+00
1.000003168813073e+00
1.000003367632505e+00
1.000004470095137e+00
9.999983270747741e-01
1.000011994699350e+00
1.000005985708432e+00
1.000006799534936e+00
9.999989490243486e-01
1.000027946239915e+00
1.000030118242045e+00
1.000027098468295e+00
1.000024788171121e+00
1.000014859347858e+00
1.000017808158786e+00
1.000016315310546e+00
1.000015282618771e+00
1.000011165723990e+00
1.000010921227010e+00
1.000031239397135e+00
1.000031619521887e+00
1.000029956527233e+00
1.000028893515245e+00
1.000006949421059e+00
1.000004966249254e+00
1.000002503188341e+00
1.000002404998511e+00
1.000005938615441e+00
1.000008644408665e+00
1.000005404866176e+00
9.999943629400968e-01
9.999969309859289e-01
1.000002999515052e+00
1.000008651289482e+00
1.000000976715923e+00
1.000006426603713e+00
1.000016183751512e+00
1.000010060463270e+00
1.000005682498061e+00
1.000002269288610e+00
1.000007150388908e+00
1.000012677322768e+00
1.000013021505590e+00
1.000012994663549e+00
1.000006898941908e+00
1.000007180179610e+00
9.999995286251768e-01
1.000006859449088e+00
1.000017860098127e+00
1.000016008923182e+00
1.000012565747345e+00
1.000020791858913e+00
1.000020904920299e+00
1.000025749543506e+00
1.000022529593940e+00
1.000018129163315e+00
1.000033631875963e+00
1.000033354734597e+00
1.000033507334504e+00
1.000032053236223e+00
1.000033921846750e+00
1.000024132554783e+00
1.000027948910644e+00
1.000025173927422e+00
1.000022084080268e+00
1.000022572324737e+00
1.000019215407861e+00
1.000018046678939e+00
1.000016306605606e+00
1.000010929693281e+00
1.000000639572962e+00
1.000003353727739e+00
1.000007693991841e+00
1.000013313452618e+00
1.000015592627576e+00
1.000010537126471e+00
1.000003172900755e+00
1.000008838344214e+00
1.000010737483653e+00
1.000010983253315e+00
1.000014140391877e+00
1.000004894445525e+00
1.000016328344761e+00
1.000018247343248e+00
1.000013009397525e+00
1.000017420548518e+00
1.000022368627945e+00
1.000022720515656e+00
1.000018891320308e+00
1.000015880274054e+00
1.000016354685609e+00
1.000018366594136e+00
1.000015990542159e+00
1.000011746501809e+00
1.000010273392150e+00
1.000010777803521e+00
1.000016474160772e+00
1.000015006789469e+00
1.000012970377069e+00
1.000019405273328e+00
1.000017749424968e+00
1.000012131998537e+00
1.000016625146252e+00
1.000011183696445e+00
1.000022029035942e+00
1.000005645590327e+00
1.000010811306301e+00
1.000009168995369e+00
1.000000453273123e+00
1.000002484383066e+00
1.000008411488328e+00
1.000014928940330e+00
9.999948463007310e-01
9.999968537555708e-01
9.999976642490773e-01
9.999953139621602e-01
9.999919933225039e-01
9.999987541787827e-01
1.000002780426533e+00
1.000004017397038e+00
1.000006551637453e+00
1.000004935361541e+00
9.999976712780592e-01
1.000001355528642e+00
1.000009011827383e+00
1.000002599791694e+00
1.000008523775724e+00
1.000003255464546e+00
1.000003324638082e+00
1.000000656868786e+00
1.000006114634813e+00
1.000002984399252e+00
1.000007803696020e+00
9.999932705213649e-01
9.999962311041226e-01
9.999906988277133e-01
9.999983455133100e-01
9.999891246388818e-01
9.999836611914957e-01
9.999774742422977e-01
9.999844118868095e-01
9.999914810121818e-01
9.999741560940291e-01
9.999673178112319e-01
9.999868813661045e-01
9.999820614495061e-01
9.999710658977443e-01
9.999808763738942e-01
9.999841987921075e-01
9.999745816830243e-01
9.999786405306909e-01
9.999669611001821e-01
9.999768928594978e-01
9.999740727446000e-01
9.999828951266718e-01
9.999912842389606e-01
9.999837396729957e-01
9.999847094452420e-01
9.999939975525389e-01
1.000000217684262e+00
9.999973549858104e-01
9.999922166998413e-01
9.999873880677684e-01
9.999687281049080e-01
9.999706280011884e-01
9.999605450115183e-01
9.999624087698230e-01
9.999816844707755e-01
9.999631164300954e-01
9.999350659464384e-01
9.999775519373513e-01
9.999778136105167e-01
9.999402446446073e-01
1.000002717324527e+00
9.999910074129393e-01
9.999999337298405e-01
9.999926325166301e-01
9.999989871854497e-01
1.000004793718209e+00
1.000005626818784e+00
1.000001372492679e+00
1.000001262152439e+00
1.000004639581022e+00
1.000001244566169e+00
9.999999335778599e-01
9.999884120042322e-01
9.999879825737790e-01
9.999825476062895e-01
9.999775190215181e-01
9.999860913544726e-01
1.000001989286875e+00
1.000001852420501e+00
9.999999640142661e-01
1.000000940496790e+00
9.999997627505957e-01
9.999993688144939e-01
1.000000037595566e+00
1.000002569578693e+00
1.000000832682156e+00
9.999968026672751e-01
9.999957455624352e-01
9.999927724802173e-01
9.999798015255765e-01
9.999631733137243e-01
9.999680329589820e-01
9.999701889954767e-01
9.999859208299376e-01
9.999783846477562e-01
9.999988695176040e-01
9.999987742836861e-01
1.000000228899626e+00
1.000000260818313e+00
9.999999400637043e-01
1.000000214798565e+00
9.999999611262277e-01
9.999999501405011e-01
1.000002854265240e+00
1.000002911440416e+00
1.000009105426660e+00
1.000008980030119e+00
1.000002213012716e+00
9.999917026768130e-01
9.999991991531949e-01
9.999904607493757e-01
9.999911300403488e-01
9.999970956777873e-01
9.999963727734353e-01
9.999930731810341e-01
9.999898380302580e-01
9.999863233681107e-01
9.999726793902667e-01
1.000009646499195e+00
1.000006023829207e+00
1.000006314255262e+00
1.000009444140066e+00
1.000004336458461e+00
1.000005484695605e+00
1.000006639277697e+00
1.000005211292631e+00
1.000006013931994e+00
1.000008076037834e+00
9.999869819382050e-01
9.999916798644707e-01
9.999920217514270e-01
9.999956517471469e-01
9.999965346986872e-01
9.999838401093492e-01
9.999597915397608e-01
9.999667492625648e-01
9.999846196582050e-01
9.999534455810065e-01
9.999816075178918e-01
9.999890357521766e-01
9.999854316563080e-01
9.999924072573694e-01
9.999871229399098e-01
9.999797856694167e-01
9.999462234386428e-01
9.999781791173822e-01
1.000002734196837e+00
9.999986648104443e-01
9.999990702351952e-01
1.000001225317837e+00
9.999994464550933e-01
1.000001217863850e+00
9.999997850607930e-01
1.000000581434999e+00
9.999996617121673e-01
1.000001474088681e+00
9.999995571776116e-01
1.000000071326540e+00
9.999993065676060e-01
9.999995238537913e-01
9.999981866678104e-01
1.000000131185778e+00
1.000000068826416e+00
9.999951908059661e-01
9.999964791807954e-01
9.999964406621878e-01
9.999977369047213e-01
9.999933690572966e-01
9.999973516444801e-01
9.999910281351554e-01
9.999847263943444e-01
9.999887289860143e-01
9.999801290556910e-01
9.999924594191596e-01
9.999873447149978e-01
9.999741732712885e-01
9.999896044119219e-01
9.999955541951338e-01
9.999952681953541e-01
9.999920972993922e-01
9.999998018052867e-01
1.000000319589684e+00
9.999995250823591e-01
1.000000036279753e+00
1.000000052885664e+00
9.999943051394982e-01
9.999961772023814e-01
1.000000322897761e+00
1.000000233397196e+00
1.000000839586462e+00
9.999835958613001e-01
9.999804882832757e-01
9.999798377134663e-01
9.999852750230815e-01
1.000002233760935e+00
1.000002493453709e+00
9.999962506550006e-01
9.999947260498764e-01
9.999976759746020e-01
1.000000494127422e+00
1.000000602906821e+00
9.999997751990494e-01
1.000000884863851e+00
9.999990625109791e-01
1.000002308044740e+00
1.000001433321630e+00
9.999991354036852e-01
9.999330515687203e-01
9.999302814428220e-01
9.999766228925082e-01
9.999298669133060e-01
9.999594109465475e-01
9.999604794350175e-01
9.999287873570437e-01
9.999767012797747e-01
9.999315544553536e-01
9.999433039102041e-01
9.999649226660142e-01
9.999374909081746e-01
9.999779194183247e-01
9.999772844336254e-01
9.999290946833730e-01
9.999593021460739e-01
9.999681127495893e-01
9.999592750791746e-01
9.999681014204519e-01
9.999606118786670e-01
9.999633018273446e-01
9.999574040471881e-01
9.999492266509975e-01
9.999834105386844e-01
9.999799484600517e-01
9.999786371403683e-01
1.000002268865128e+00
1.000002717211999e+00
9.999635390023282e-01
9.999337623368645e-01
9.999611918663902e-01
9.999301867727033e-01
9.999963854407056e-01
9.999916968379385e-01
1.000000898077132e+00
9.999950994927964e-01
9.999854981185847e-01
9.999793387770819e-01
9.999873941681529e-01
9.999845396560348e-01
9.999690839482127e-01
9.999861745193073e-01
9.999835968467192e-01
9.999892710030410e-01
9.999784822235376e-01
9.999948292997901e-01
9.999925587822971e-01
9.999838921483681e-01
9.999882241991245e-01
9.999984994886308e-01
9.999997085074641e-01
9.999996771348821e-01
1.000002404747884e+00
1.000001223493766e+00
9.999972023152017e-01
9.999645170639971e-01
9.999693088593868e-01
9.999730348679403e-01
9.999715522206860e-01
9.999412403241471e-01
9.999473284650435e-01
9.999802948623657e-01
9.999772960896878e-01
9.999715793247110e-01
9.999612542873069e-01
9.999556166942917e-01
9.999824175915702e-01
9.999806956761874e-01
9.999754769100863e-01
9.999691017014167e-01
9.999831833652461e-01
9.999929946790219e-01
9.999883856782362e-01
9.999863346886461e-01
1.000002494213793e+00
9.999988169510809e-01
9.999988757599857e-01
1.000000231190333e+00
1.000000237036346e+00
9.999999468770817e-01
9.999999538794923e-01
1.000003000737961e+00
1.000002932599694e+00
9.999986050107104e-01
9.999761647081910e-01
9.999290120548681e-01
9.999760603106925e-01
9.999985666249902e-01
1.000002929355023e+00
1.000001215027342e+00
9.999993508002532e-01
9.999994485948986e-01
1.000001053618014e+00
9.999906338953732e-01
1.000003036602594e+00
1.000003149258685e+00
9.999764917715389e-01
9.999756123176284e-01
9.999753524804540e-01
1.000003030435722e+00
9.999999908195983e-01
1.000000056494552e+00
9.999999890247818e-01
9.999999807794354e-01
9.999999820502926e-01
1.000000075982618e+00
9.999993104463218e-01
1.000001558396604e+00
1.000001051857100e+00
9.999994311216256e-01
1.000001306459935e+00
9.999902224600300e-01
9.999987226537811e-01
1.000002652694455e+00
9.999988033370920e-01
1.000000244129255e+00
9.999999452046627e-01
9.999999374872478e-01
9.999994731643900e-01
1.000001216375853e+00
9.999993709003535e-01
9.999992887628855e-01
1.000001429416849e+00
1.000001336263204e+00
9.999995903796357e-01
1.000001007886641e+00
9.999997047607518e-01
1.000000643370667e+00
1.000000051347626e+00
1.000000079576201e+00
1.000000031393177e+00
1.000002793006624e+00
9.999986114431618e-01
9.999985259251527e-01
1.000000293607108e+00
9.999999199237939e-01
9.999999213980935e-01
9.999995591966775e-01
1.000000112678004e+00
1.000000004739738e+00
1.000000055449115e+00
1.000000089574068e+00
1.000000026276305e+00
1.000000013813986e+00
9.999985821787717e-01
1.000002870305867e+00
9.999986841481729e-01
9.999987349727815e-01
1.000002661317083e+00
1.000002741807562e+00
9.999987106413752e-01
1.000000069175094e+00
9.999999750522613e-01
1.000000083422917e+00
1.000000240334936e+00
9.999999354581157e-01
9.999999961063509e-01
9.999999958065655e-01
9.999999781775734e-01
1.000000082920006e+00
9.999999812364024e-01
1.000000078504971e+00
9.999986545092397e-01
1.000002681604686e+00
9.999790042262034e-01
9.999778171432955e-01
1.000002499690631e+00
1.000002049991490e+00
9.999813367267842e-01
9.999989382575909e-01
1.000002421932712e+00
9.999943297710547e-01
1.000000634868434e+00
1.000000482575183e+00
9.999919390085477e-01
9.999899418586481e-01
1.000000149423216e+00
1.000000401735039e+00
1.000000491039618e+00
9.999987352125097e-01
9.999871860129019e-01
1.000001593376790e+00
1.000001411912095e+00
1.000000106276672e+00
1.000000020505862e+00
9.999973942505721e-01
9.999955682246112e-01
1.000000537184905e+00
9.999949441678616e-01
9.999945207006878e-01
1.000000561754186e+00
1.000001814599391e+00
9.999991543906870e-01
9.999990531748616e-01
1.000000225350419e+00
1.000000199159782e+00
9.999999546926196e-01
1.000000168753227e+00
9.999999690817672e-01
1.000001555925929e+00
9.999992215750138e-01
1.000000138954354e+00
1.000000145382703e+00
9.999999964389796e-01
1.000000391033556e+00
1.000000814711943e+00
9.999938034219001e-01
9.999912644822965e-01
1.000001291812538e+00
9.999996563009336e-01
9.999994939500099e-01
1.000002804405647e+00
9.999779935967303e-01
9.999376520433153e-01
9.999786497314797e-01
1.000002651619740e+00
9.999950010217584e-01
9.999953283919918e-01
9.999969284319770e-01
9.999940317765209e-01
1.000000487606100e+00
9.999764279141752e-01
1.000002922602823e+00
9.999767025794785e-01
9.999317615200942e-01
9.999360892067588e-01
1.000002857216260e+00
9.999841725779124e-01
9.999690763557574e-01
9.999801151485710e-01
9.999630241108279e-01
1.000001655969138e+00
1.000001822580799e+00
9.999840378009436e-01
1.000001410377733e+00
9.999991196561101e-01
1.000002190258418e+00
1.000002038447564e+00
9.999989714516052e-01
1.000000268152327e+00
1.000000264238555e+00
9.999999265812187e-01
9.999987070108524e-01
9.999986538500406e-01
1.000000261877690e+00
9.999999307566685e-01
9.999999934664447e-01
1.000000065225332e+00
1.000000006986182e+00
1.000000060071524e+00
1.000000068175793e+00
9.999999756616210e-01
9.999998386010559e-01
9.999999147325020e-01
1.000000010532601e+00
1.000000057721618e+00
9.999998194871772e-01
9.999998076888187e-01
1.000000014855223e+00
1.000000072196465e+00
1.000000273313034e+00
1.000000263829567e+00
9.999999265556704e-01
1.000000250565178e+00
9.999999350562417e-01
9.999999417836497e-01
1.000000151530912e+00
9.999999840972087e-01
9.999992496042450e-01
1.000000124863505e+00
1.000000009841491e+00
9.999999968657289e-01
1.000000031070864e+00
1.000000055901465e+00
9.999997546229895e-01
9.999997374584940e-01
1.000000023534895e+00
1.000000061256922e+00
1.000000296404179e+00
9.999999199216796e-01
1.000000265333065e+00
9.999999240201194e-01
9.999986016992879e-01
9.999985369488703e-01
1.000000293007810e+00
1.000000267119835e+00
9.999999260701582e-01
9.999999315913305e-01
9.999986427886136e-01
9.999985978551195e-01
1.000000280818597e+00
9.999999227718547e-01
1.000000061452613e+00
1.000000037369785e+00
1.000000026190305e+00
9.999995486478029e-01
9.999996811773657e-01
1.000000030190217e+00
1.000000088932803e+00
1.000000136162010e+00
1.000000002987252e+00
1.000000117234225e+00
1.000000105040705e+00
1.000000014119933e+00
1.000000021232181e+00
9.999999970388417e-01
1.000000006818741e+00
1.000000067234092e+00
9.999999440903438e-01
9.999998919675396e-01
1.000000063470560e+00
1.000000070827253e+00
1.000000120964304e+00
1.000000005240584e+00
1.000001402300431e+00
9.999993633968581e-01
9.999992994430177e-01
9.999873710586792e-01
1.000000180896061e+00
9.999999769164130e-01
1.000000137097979e+00
9.999999923835472e-01
9.999992200332276e-01
1.000000154031322e+00
9.999929364918905e-01
9.999978420882625e-01
1.000001647180153e+00
9.999922398412276e-01
9.999959104437524e-01
1.000000290636384e+00
1.000000286986070e+00
9.999999187741059e-01
9.999999215205927e-01
1.000000282044170e+00
9.999999221798624e-01
9.999999869101821e-01
9.999999837332394e-01
1.000000090065630e+00
9.999999791877426e-01
1.000000075174966e+00
9.999990157825207e-01
1.000000209843722e+00
9.999988386320499e-01
9.999999615324423e-01
9.999999472308343e-01
1.000000248432026e+00
1.000000106698432e+00
1.000000067503104e+00
1.000000037953577e+00
1.000000035777001e+00
1.000000011926663e+00
1.000000018545558e+00
1.000000020687033e+00
9.999998597436990e-01
1.000000001786649e+00
9.999999868969841e-01
1.000000065572195e+00
1.000000058323536e+00
1.000000076314130e+00
1.000000202122412e+00
1.000000172523309e+00
9.999990315208614e-01
9.999991655249453e-01
1.000001705911938e+00
9.999999646333450e-01
9.999999819007794e-01
9.999999850993938e-01
9.999999814597634e-01
9.999999823178656e-01
9.999999637604816e-01
1.000000075550733e+00
1.000000077694517e+00
1.000000074294423e+00
1.000000187341139e+00
1.000000166350375e+00
9.999990652653722e-01
1.000001745985276e+00
9.999992118372550e-01
9.999999730491717e-01
9.999999870825668e-01
9.999792019954864e-01
9.999898949099845e-01
9.999828606460653e-01
9.999875320735204e-01
9.999962324046187e-01
9.999982347973640e-01
9.999920012558005e-01
9.999970066873316e-01
9.999935741711836e-01
9.999901560826565e-01
9.999860806647248e-01
9.999990132378543e-01
9.999974060887145e-01
9.999979062747126e-01
9.999998404741116e-01
1.000000293894749e+00
1.000000441971383e+00
1.000000250924302e+00
9.999999137147678e-01
1.000000006728757e+00
9.999998306492035e-01
1.000000303540445e+00
1.000000058374574e+00
9.999999913918947e-01
1.000000065576302e+00
9.999987106037941e-01
1.000000259534665e+00
9.999987309614486e-01
9.999999282923518e-01
9.999999361425698e-01
1.000000032500133e+00
9.999997733336892e-01
1.000000046231309e+00
1.000000058286084e+00
1.000000019998533e+00
1.000000037864793e+00
9.999996864952634e-01
1.000000030605484e+00
9.999997246368849e-01
1.000000057966404e+00
1.000000059287260e+00
1.000000045011370e+00

rho_lat3  1  1102  double
1.000019077551554e+00
1.000018565171542e+00
1.000022720777502e+00
1.000025479663906e+00
1.000022064730917e+00
1.000000480773407e+00
1.000006732536977e+00
1.000002862304472e+00
1.000007838041055e+00
1.000006295086376e+00
9.999889906788414e-01
9.999886443268675e-01
9.999807216451564e-01
9.999862944865463e-01
9.999715460164287e-01
9.999652539460788e-01
1.000005281523395e+00
1.000009698140707e+00
1.000006517897967e+00
1.000004503340046e+00
1.000005437095390e+00
1.000010294473027e+00
1.000001623525169e+00
1.000004744314395e+00
1.000005241368744e+00
1.000009520447972e+00
1.000008537552617e+00
1.000008442731176e+00
1.000011846311475e+00
1.000011853770737e+00
9.999797810599702e-01
9.999692128253048e-01
9.999713008720228e-01
9.999674430501069e-01
9.999590444280795e-01
9.999608960435870e-01
9.999730259034090e-01
9.999838807670138e-01
9.999840521372908e-01
9.999750264209731e-01
9.999762185805821e-01
9.999682649990486e-01
9.999910179355718e-01
9.999984132549281e-01
9.999958984102630e-01
9.999962876368763e-01
9.999988370831319e-01
9.999936121321295e-01
9.999933706304563e-01
1.000000983598367e+00
1.000007015584083e+00
1.000004161049211e+00
1.000004255644461e+00
1.000010716345748e+00
1.000006721422554e+00
1.000000547133917e+00
1.000019669733123e+00
1.000022094418051e+00
1.000016546378149e+00
1.000021388974586e+00
1.000018589167945e+00
1.000015436820564e+00
1.000016050648839e+00
1.000019032785622e+00
1.000022451727793e+00
1.000021926290423e+00
1.000022848855576e+00
1.000025337043810e+00
1.000025410738721e+00
1.000022540803713e+00
1.000032727432997e+00
1.000033740739878e+00
1.000033237171120e+00
1.000031565731881e+00
1.000033201292563e+00
1.000030655785044e+00
1.000005984463066e+00
1.000010755182248e+00
1.000003412921484e+00
9.999982833005223e-01
9.999985823194373e-01
1.000002465761445e+00
1.000010233203468e+00
1.000009495045111e+00
1.000015857565973e+00
1.000021908448472e+00
1.000028821996746e+00
1.000031725446834e+00
1.000024263102461e+00
1.000019499432935e+00
1.000022492823816e+00
1.000018526826483e+00
1.000017676139853e+00
1.000021597209989e+00
9.999909242224293e-01
9.999986667027833e-01
9.999897479166696e-01
9.999979948691755e-01
1.000005856598032e+00
1.000004903079135e+00
9.999809694633307e-01
1.000014526918669e+00
1.000019470259756e+00
1.000017641516739e+00
1.000020328913506e+00
1.000016469373158e+00
1.000033979595281e+00
1.000034437685411e+00
1.000033666611700e+00
1.000033310415649e+00
1.000033285384301e+00
1.000034228331914e+00
1.000032219520925e+00
1.000033633994744e+00
1.000006278561784e+00
9.999987819149870e-01
1.000006130170439e+00
1.000012234498222e+00
1.000012037519242e+00
9.999922766208665e-01
1.000031874373086e+00
1.000033245933575e+00
1.000034096403401e+00
1.000031269297324e+00
1.000030558806180e+00
1.000028738519050e+00
1.000031545193634e+00
1.000032162824491e+00
1.000029657957039e+00
1.000030152063249e+00
1.000029092680196e+00
1.000030258752421e+00
1.000032066969037e+00
1.000031739739477e+00
1.000031406785462e+00
1.000028335285216e+00
1.000028094582718e+00
1.000029902263237e+00
1.000028390457282e+00
1.000029496027711e+00
1.000029461988874e+00
1.000026296996325e+00
1.000025448227756e+00
1.000025784009414e+00
1.000022818431145e+00
1.000029178659291e+00
1.000031650138123e+00
1.000029994265404e+00
1.000000045301187e+00
1.000009793010044e+00
1.000002070868392e+00
1.000008040612153e+00
1.000005797564723e+00
1.000016880803886e+00
1.000013378336522e+00
1.000017764489995e+00
1.000015207966688e+00
1.000017598468257e+00
1.000020066398870e+00
1.000003626965065e+00
9.999937935324876e-01
9.999971525970996e-01
9.999869808286050e-01
9.999959615294259e-01
1.000024086040720e+00
1.000021798368418e+00
1.000027505771436e+00
1.000026810385311e+00
1.000023269883764e+00
1.000013534889860e+00
1.000011708085955e+00
1.000016327090737e+00
1.000011183090110e+00
1.000013639528012e+00
1.000024756885583e+00
1.000025091315601e+00
1.000022334092994e+00
1.000022194669906e+00
1.000027739985694e+00
1.000019091820421e+00
1.000018764519911e+00
1.000022457386492e+00
1.000011718018932e+00
1.000015634712867e+00
1.000013105827444e+00
1.000011068041168e+00
1.000006983765157e+00
1.000016926670422e+00
1.000017305515660e+00
1.000024055859161e+00
1.000023249916868e+00
1.000024174787372e+00
1.000020105542617e+00
1.000025554749746e+00
1.000027719831281e+00
1.000024267620475e+00
1.000025040110220e+00
1.000027750755775e+00
1.000027386334560e+00
9.999807812903379e-01
9.999863984809189e-01
9.999881899210783e-01
9.999798641110401e-01
9.999900745154225e-01
1.000010678443760e+00
1.000013694217558e+00
1.000015682202375e+00
1.000018855644722e+00
1.000012154429832e+00
1.000013378702614e+00
1.000011596900181e+00
1.000010810090326e+00
1.000010951676950e+00
1.000006452365208e+00
1.000001041873209e+00
1.000002957430358e+00
1.000005184997233e+00
9.999994418968318e-01
1.000000878399073e+00
1.000000277614327e+00
1.000003762405057e+00
9.999988663225807e-01
9.999999577596451e-01
9.999977621141971e-01
9.999954078048525e-01
9.999976476722182e-01
9.999955806430174e-01
1.000002535172748e+00
9.999837697257730e-01
9.999921860106905e-01
9.999869636213311e-01
9.999896562054743e-01
1.000005101275452e+00
1.000002452284469e+00
1.000002708582920e+00
9.999997297255931e-01
9.999974061564522e-01
9.999995976242032e-01
9.999824855322725e-01
9.999755161906888e-01
9.999740699244652e-01
9.999853829893207e-01
9.999811163685819e-01
1.000027840936783e+00
1.000029465793643e+00
1.000030135660466e+00
1.000031622462662e+00
1.000032139951767e+00
1.000031504567428e+00
1.000025205746055e+00
1.000027275137121e+00
1.000029443073369e+00
1.000030068257603e+00
1.000031142502381e+00
1.000025008346951e+00
1.000024298348187e+00
1.000003029367898e+00
9.999981177239488e-01
1.000001114092268e+00
9.999999284531391e-01
1.000003208455967e+00
9.999781456588986e-01
9.999754182484504e-01
9.999780291480629e-01
9.999695474794340e-01
9.999515215636177e-01
9.999446659151050e-01
9.999584099509411e-01
1.000034422700619e+00
1.000034746025197e+00
1.000034759834061e+00
1.000034331355742e+00
1.000012252448092e+00
1.000015853601815e+00
1.000011538001770e+00
1.000009905011068e+00
9.999926360473149e-01
1.000000053298452e+00
9.999920856488107e-01
9.999916152510192e-01
9.999999513007853e-01
9.999827693568224e-01
1.000017546344858e+00
1.000017254644382e+00
1.000021744943867e+00
1.000022406792238e+00
1.000018169703777e+00
1.000017977320191e+00
1.000015179291899e+00
1.000016490756889e+00
1.000011140632260e+00
1.000012167535876e+00
1.000027153815828e+00
1.000025161233469e+00
1.000022340620203e+00
1.000021938381856e+00
1.000019470628352e+00
1.000023734230278e+00
1.000025940891430e+00
1.000021073631423e+00
1.000025707274915e+00
1.000025606398556e+00
1.000028945456580e+00
1.000028161260546e+00
1.000025231823144e+00
1.000029395538016e+00
1.000005786905353e+00
1.000010775975292e+00
1.000014786482070e+00
1.000012590150327e+00
1.000010547627536e+00
1.000008317310060e+00
1.000034300699548e+00
1.000032974643385e+00
1.000033681724710e+00
1.000032891946711e+00
1.000032825157852e+00
1.000028232538244e+00
1.000028054681956e+00
1.000029666929669e+00
1.000030438034003e+00
1.000032339420285e+00
1.000028110286187e+00
1.000029564705178e+00
1.000031162413501e+00
1.000028083007267e+00
1.000025333087349e+00
1.000024448481160e+00
1.000028476480586e+00
1.000026799198925e+00
1.000027008066007e+00
1.000027983267168e+00
1.000023747568670e+00
1.000024385336499e+00
1.000023010574097e+00
1.000017239514907e+00
1.000011954759479e+00
1.000017772849636e+00
1.000010581304806e+00
1.000010662423758e+00
1.000018195394968e+00
1.000013474751823e+00
1.000014775569269e+00
1.000018889791608e+00
1.000009821825624e+00
1.000007417257152e+00
1.000004462056616e+00
1.000023171731132e+00
1.000020638926829e+00
1.000028141161549e+00
1.000024967706196e+00
1.000021702475016e+00
1.000022757446169e+00
1.000018952444369e+00
1.000023549076655e+00
1.000014458309827e+00
1.000020022934756e+00
1.000001020382036e+00
1.000006373573479e+00
1.000010602946702e+00
1.000007867260638e+00
1.000003168813073e+00
1.000003367632505e+00
1.000004470095137e+00
9.999983270747741e-01
1.000011994699350e+00
1.000005985708432e+00
1.000006799534936e+00
9.999989490243486e-01
1.000027946239915e+00
1.000030118242045e+00
1.000027098468295e+00
1.000024788171121e+00
1.000014859347858e+00
1.000017808158786e+00
1.000016315310546e+00
1.000015282618771e+00
1.000011165723990e+00
1.000010921227010e+00
1.000031239397135e+00
1.000031619521887e+00
1.000029956527233e+00
1.000028893515245e+00
1.000006949421059e+00
1.000004966249254e+00
1.000002503188341e+00
1.000002404998511e+00
1.000005938615441e+00
1.000008644408665e+00
1.000005404866176e+00
9.999943629400968e-01
9.999969309859289e-01
1.000002999515052e+00
1.000008651289482e+00
1.000000976715923e+00
1.000006426603713e+00
1.000016183751512e+00
1.000010060463270e+00
1.000005682498061e+00
1.000002269288610e+00
1.000007150388908e+00
1.000012677322768e+00
1.000013021505590e+00
1.000012994663549e+00
1.000006898941908e+00
1.000007180179610e+00
9.999995286251768e-01
1.000006859449088e+00
1.000017860098127e+00
1.000016008923182e+00
1.000012565747345e+00
1.000020791858913e+00
1.000020904920299e+00
1.000025749543506e+00
1.000022529593940e+00
1.000018129163315e+00
1.000033631875963e+00
1.000033354734597e+00
1.000033507334504e+00
1.000032053236223e+00
1.000033921846750e+00
1.000024132554783e+00
1.000027948910644e+00
1.000025173927422e+00
1.000022084080268e+00
1.000022572324737e+00
1.000019215407861e+00
1.000018046678939e+00
1.000016306605606e+00
1.000010929693281e+00
1.000000639572962e+00
1.000003353727739e+00
1.000007693991841e+00
1.000013313452618e+00
1.000015592627576e+00
1.000010537126471e+00
1.000003172900755e+00
1.000008838344214e+00
1.000010737483653e+00
1.000010983253315e+00
1.000014140391877e+00
1.000004894445525e+00
1.000016328344761e+00
1.000018247343248e+00
1.000013009397525e+00
1.000017420548518e+00
1.000022368627945e+00
1.000022720515656e+00
1.000018891320308e+00
1.000015880274054e+00
1.000016354685609e+00
1.000018366594136e+00
1.000015990542159e+00
1.000011746501809e+00
1.000010273392150e+00
1.000010777803521e+00
1.000016474160772e+00
1.000015006789469e+00
1.000012970377069e+00
1.000019405273328e+00
1.000017749424968e+00
1.000012131998537e+00
1.000016625146252e+00
1.000011183696445e+00
1.000022029035942e+00
1.000005645590327e+00
1.000010811306301e+00
1.000009168995369e+00
1.000000453273123e+00
1.000002484383066e+00
1.000008411488328e+00
1.000014928940330e+00
9.999948463007310e-01
9.999968537555708e-01
9.999976642490773e-01
9.999953139621602e-01
9.999919933225039e-01
9.999987541787827e-01
1.000002780426533e+00
1.000004017397038e+00
1.000006551637453e+00
1.000004935361541e+00
9.999976712780592e-01
1.000001355528642e+00
1.000009011827383e+00
1.000002599791694e+00
1.000008523775724e+00
1.000003255464546e+00
1.000003324638082e+00
1.000000656868786e+00
1.000006114634813e+00
1.000002984399252e+00
1.000007803696020e+00
9.999932705213649e-01
9.999962311041226e-01
9.999906988277133e-01
9.999983455133100e-01
9.999891246388818e-01
9.999836611914957e-01
9.999774742422977e-01
9.999844118868095e-01
9.999914810121818e-01
9.999741560940291e-01
9.999673178112319e-01
9.999868813661045e-01
9.999820614495061e-01
9.999710658977443e-01
9.999808763738942e-01
9.999841987921075e-01
9.999745816830243e-01
9.999786405306909e-01
9.999669611001821e-01
9.999768928594978e-01
9.999740727446000e-01
9.999828951266718e-01
9.999912842389606e-01
9.999837396729957e-01
9.999847094452420e-01
9.999939975525389e-01
1.000000217684262e+00
9.999973549858104e-01
9.999922166998413e-01
9.999873880677684e-01
9.999687281049080e-01
9.999706280011884e-01
9.999605450115183e-01
9.999624087698230e-01
9.999816844707755e-01
9.999631164300954e-01
9.999350659464384e-01
9.999775519373513e-01
9.999778136105167e-01
9.999402446446073e-01
1.000002717324527e+00
9.999910074129393e-01
9.999999337298405e-01
9.999926325166301e-01
9.999989871854497e-01
1.000004793718209e+00
1.000005626818784e+00
1.000001372492679e+00
1.000001262152439e+00
1.000004639581022e+00
1.000001244566169e+00
9.999999335778599e-01
9.999884120042322e-01
9.999879825737790e-01
9.999825476062895e-01
9.999775190215181e-01
9.999860913544726e-01
1.000001989286875e+00
1.000001852420501e+00
9.999999640142661e-01
1.000000940496790e+00
9.999997627505957e-01
9.999993688144939e-01
1.000000037595566e+00
1.000002569578693e+00
1.000000832682156e+00
9.999968026672751e-01
9.999957455624352e-01
9.999927724802173e-01
9.999798015255765e-01
9.999631733137243e-01
9.999680329589820e-01
9.999701889954767e-01
9.999859208299376e-01
9.999783846477562e-01
9.999988695176040e-01
9.999987742836861e-01
1.000000228899626e+00
1.000000260818313e+00
9.999999400637043e-01
1.000000214798565e+00
9.999999611262277e-01
9.999999501405011e-01
1.000002854265240e+00
1.000002911440416e+00
1.000009105426660e+00
1.000008980030119e+00
1.000002213012716e+00
9.999917026768130e-01
9.999991991531949e-01
9.999904607493757e-01
9.999911300403488e-01
9.999970956777873e-01
9.999963727734353e-01
9.999930731810341e-01
9.999898380302580e-01
9.999863233681107e-01
9.999726793902667e-01
1.000009646499195e+00
1.000006023829207e+00
1.000006314255262e+00
1.000009444140066e+00
1.000004336458461e+00
1.000005484695605e+00
1.000006639277697e+00
1.000005211292631e+00
1.000006013931994e+00
1.000008076037834e+00
9.999869819382050e-01
9.999916798644707e-01
9.999920217514270e-01
9.999956517471469e-01
9.999965346986872e-01
9.999838401093492e-01
9.999597915397608e-01
9.999667492625648e-01
9.999846196582050e-01
9.999534455810065e-01
9.999816075178918e-01
9.999890357521766e-01
9.999854316563080e-01
9.999924072573694e-01
9.999871229399098e-01
9.999797856694167e-01
9.999462234386428e-01
9.999781791173822e-01
1.000002734196837e+00
9.999986648104443e-01
9.999990702351952e-01
1.000001225317837e+00
9.999994464550933e-01
1.000001217863850e+00
9.999997850607930e-01
1.000000581434999e+00
9.999996617121673e-01
1.000001474088681e+00
9.999995571776116e-01
1.000000071326540e+00
9.999993065676060e-01
9.999995238537913e-01
9.999981866678104e-01
1.000000131185778e+00
1.000000068826416e+00
9.999951908059661e-01
9.999964791807954e-01
9.999964406621878e-01
9.999977369047213e-01
9.999933690572966e-01
9.999973516444801e-01
9.999910281351554e-01
9.999847263943444e-01
9.999887289860143e-01
9.999801290556910e-01
9.999924594191596e-01
9.999873447149978e-01
9.999741732712885e-01
9.999896044119219e-01
9.999955541951338e-01
9.999952681953541e-01
9.999920972993922e-01
9.999998018052867e-01
1.000000319589684e+00
9.999995250823591e-01
1.000000036279753e+00
1.000000052885664e+00
9.999943051394982e-01
9.999961772023814e-01
1.000000322897761e+00
1.000000233397196e+00
1.000000839586462e+00
9.999835958613001e-01
9.999804882832757e-01
9.999798377134663e-01
9.999852750230815e-01
1.000002233760935e+00
1.000002493453709e+00
9.999962506550006e-01
9.999947260498764e-01
9.999976759746020e-01
1.000000494127422e+00
1.000000602906821e+00
9.999997751990494e-01
1.000000884863851e+00
9.999990625109791e-01
1.000002308044740e+00
1.000001433321630e+00
9.999991354036852e-01
9.999330515687203e-01
9.999302814428220e-01
9.999766228925082e-01
9.999298669133060e-01
9.999594109465475e-01
9.999604794350175e-01
9.999287873570437e-01
9.999767012797747e-01
9.999315544553536e-01
9.999433039102041e-01
9.999649226660142e-01
9.999374909081746e-01
9.999779194183247e-01
9.999772844336254e-01
9.999290946833730e-01
9.999593021460739e-01
9.999681127495893e-01
9.999592750791746e-01
9.999681014204519e-01
9.999606118786670e-01
9.999633018273446e-01
9.999574040471881e-01
9.999492266509975e-01
9.999834105386844e-01
9.999799484600517e-01
9.999786371403683e-01
1.000002268865128e+00
1.000002717211999e+00
9.999635390023282e-01
9.999337623368645e-01
9.999611918663902e-01
9.999301867727033e-01
9.999963854407056e-01
9.999916968379385e-01
1.000000898077132e+00
9.999950994927964e-01
9.999854981185847e-01
9.999793387770819e-01
9.999873941681529e-01
9.999845396560348e-01
9.999690839482127e-01
9.999861745193073e-01
9.999835968467192e-01
9.999892710030410e-01
9.999784822235376e-01
9.999948292997901e-01
9.999925587822971e-01
9.999838921483681e-01
9.999882241991245e-01
9.999984994886308e-01
9.999997085074641e-01
9.999996771348821e-01
1.000002404747884e+00
1.000001223493766e+00
9.999972023152017e-01
9.999645170639971e-01
9.999693088593868e-01
9.999730348679403e-01
9.999715522206860e-01
9.999412403241471e-01
9.999473284650435e-01
9.999802948623657e-01
9.999772960896878e-01
9.999715793247110e-01
9.999612542873069e-01
9.999556166942917e-01
9.999824175915702e-01
9.999806956761874e-01
9.999754769100863e-01
9.999691017014167e-01
9.999831833652461e-01
9.999929946790219e-01
9.999883856782362e-01
9.999863346886461e-01
1.000002494213793e+00
9.999988169510809e-01
9.999988757599857e-01
1.000000231190333e+00
1.000000237036346e+00
9.999999468770817e-01
9.999999538794923e-01
1.000003000737961e+00
1.000002932599694e+00
9.999986050107104e-01
9.999761647081910e-01
9.999290120548681e-01
9.999760603106925e-01
9.999985666249902e-01
1.000002929355023e+00
1.000001215027342e+00
9.999993508002532e-01
9.999994485948986e-01
1.000001053618014e+00
9.999906338953732e-01
1.000003036602594e+00
1.000003149258685e+00
9.999764917715389e-01
9.999756123176284e-01
9.999753524804540e-01
1.000003030435722e+00
9.999999908195983e-01
1.000000056494552e+00
9.999999890247818e-01
9.999999807794354e-01
9.999999820502926e-01
1.000000075982618e+00
9.999993104463218e-01
1.000001558396604e+00
1.000001051857100e+00
9.999994311216256e-01
1.000001306459935e+00
9.999902224600300e-01
9.999987226537811e-01
1.000002652694455e+00
9.999988033370920e-01
1.000000244129255e+00
9.999999452046627e-01
9.999999374872478e-01
9.999994731643900e-01
1.000001216375853e+00
9.999993709003535e-01
9.999992887628855e-01
1.000001429416849e+00
1.000001336263204e+00
9.999995903796357e-01
1.000001007886641e+00
9.999997047607518e-01
1.000000643370667e+00
1.000000051347626e+00
1.000000079576201e+00
1.000000031393177e+00
1.000002793006624e+00
9.999986114431618e-01
9.999985259251527e-01
1.000000293607108e+00
9.999999199237939e-01
9.999999213980935e-01
9.999995591966775e-01
1.000000112678004e+00
1.000000004739738e+00
1.000000055449115e+00
1.000000089574068e+00
1.000000026276305e+00
1.000000013813986e+00
9.999985821787717e-01
1.000002870305867e+00
9.999986841481729e-01
9.999987349727815e-01
1.000002661317083e+00
1.000002741807562e+00
9.999987106413752e-01
1.000000069175094e+00
9.999999750522613e-01
1.000000083422917e+00
1.000000240334936e+00
9.999999354581157e-01
9.999999961063509e-01
9.999999958065655e-01
9.999999781775734e-01
1.000000082920006e+00
9.999999812364024e-01
1.000000078504971e+00
9.999986545092397e-01
1.000002681604686e+00
9.999790042262034e-01
9.999778171432955e-01
1.000002499690631e+00
1.000002049991490e+00
9.999813367267842e-01
9.999989382575909e-01
1.000002421932712e+00
9.999943297710547e-01
1.000000634868434e+00
1.000000482575183e+00
9.999919390085477e-01
9.999899418586481e-01
1.000000149423216e+00
1.000000401735039e+00
1.000000491039618e+00
9.999987352125097e-01
9.999871860129019e-01
1.000001593376790e+00
1.000001411912095e+00
1.000000106276672e+00
1.000000020505862e+00
9.999973942505721e-01
9.999955682246112e-01
1.000000537184905e+00
9.999949441678616e-01
9.999945207006878e-01
1.000000561754186e+00
1.000001814599391e+00
9.999991543906870e-01
9.999990531748616e-01
1.000000225350419e+00
1.000000199159782e+00
9.999999546926196e-01
1.000000168753227e+00
9.999999690817672e-01
1.000001555925929e+00
9.999992215750138e-01
1.000000138954354e+00
1.000000145382703e+00
9.999999964389796e-01
1.000000391033556e+00
1.000000814711943e+00
9.999938034219001e-01
9.999912644822965e-01
1.000001291812538e+00
9.999996563009336e-01
9.999994939500099e-01
1.000002804405647e+00
9.999779935967303e-01
9.999376520433153e-01
9.999786497314797e-01
1.000002651619740e+00
9.999950010217584e-01
9.999953283919918e-01
9.999969284319770e-01
9.999940317765209e-01
1.000000487606100e+00
9.999764279141752e-01
1.000002922602823e+00
9.999767025794785e-01
9.999317615200942e-01
9.999360892067588e-01
1.000002857216260e+00
9.999841725779124e-01
9.999690763557574e-01
9.999801151485710e-01
9.999630241108279e-01
1.000001655969138e+00
1.000001822580799e+00
9.999840378009436e-01
1.000001410377733e+00
9.999991196561101e-01
1.000002190258418e+00
1.000002038447564e+00
9.999989714516052e-01
1.000000268152327e+00
1.000000264238555e+00
9.999999265812187e-01
9.999987070108524e-01
9.999986538500406e-01
1.000000261877690e+00
9.999999307566685e-01
9.999999934664447e-01
1.000000065225332e+00
1.000000006986182e+00
1.000000060071524e+00
1.000000068175793e+00
9.999999756616210e-01
9.999998386010559e-01
9.999999147325020e-01
1.000000010532601e+00
1.000000057721618e+00
9.999998194871772e-01
9.999998076888187e-01
1.000000014855223e+00
1.000000072196465e+00
1.000000273313034e+00
1.000000263829567e+00
9.999999265556704e-01
1.000000250565178e+00
9.999999350562417e-01
9.999999417836497e-01
1.000000151530912e+00
9.999999840972087e-01
9.999992496042450e-01
1.000000124863505e+00
1.000000009841491e+00
9.999999968657289e-01
1.000000031070864e+00
1.000000055901465e+00
9.999997546229895e-01
9.999997374584940e-01
1.000000023534895e+00
1.000000061256922e+00
1.000000296404179e+00
9.999999199216796e-01
1.000000265333065e+00
9.999999240201194e-01
9.999986016992879e-01
9.999985369488703e-01
1.000000293007810e+00
1.000000267119835e+00
9.999999260701582e-01
9.999999315913305e-01
9.999986427886136e-01
9.999985978551195e-01
1.000000280818597e+00
9.999999227718547e-01
1.000000061452613e+00
1.000000037369785e+00
1.000000026190305e+00
9.999995486478029e-01
9.999996811773657e-01
1.000000030190217e+00
1.000000088932803e+00
1.000000136162010e+00
1.000000002987252e+00
1.000000117234225e+00
1.000000105040705e+00
1.000000014119933e+00
1.000000021232181e+00
9.999999970388417e-01
1.000000006818741e+00
1.000000067234092e+00
9.999999440903438e-01
9.999998919675396e-01
1.000000063470560e+00
1.000000070827253e+00
1.000000120964304e+00
1.000000005240584e+00
1.000001402300431e+00
9.999993633968581e-01
9.999992994430177e-01
9.999873710586792e-01
1.000000180896061e+00
9.999999769164130e-01
1.000000137097979e+00
9.999999923835472e-01
9.999992200332276e-01
1.000000154031322e+00
9.999929364918905e-01
9.999978420882625e-01
1.000001647180153e+00
9.999922398412276e-01
9.999959104437524e-01
1.000000290636384e+00
1.000000286986070e+00
9.999999187741059e-01
9.999999215205927e-01
1.000000282044170e+00
9.999999221798624e-01
9.999999869101821e-01
9.999999837332394e-01
1.000000090065630e+00
9.999999791877426e-01
1.000000075174966e+00
9.999990157825207e-01
1.000000209843722e+00
9.999988386320499e-01
9.999999615324423e-01
9.999999472308343e-01
1.000000248432026e+00
1.000000106698432e+00
1.000000067503104e+00
1.000000037953577e+00
1.000000035777001e+00
1.000000011926663e+00
1.000000018545558e+00
1.000000020687033e+00
9.999998597436990e-01
1.000000001786649e+00
9.999999868969841e-01
1.000000065572195e+00
1.000000058323536e+00
1.000000076314130e+00
1.000000202122412e+00
1.000000172523309e+00
9.999990315208614e-01
9.999991655249453e-01
1.000001705911938e+00
9.999999646333450e-01
9.999999819007794e-01
9.999999850993938e-01
9.999999814597634e-01
9.999999823178656e-01
9.999999637604816e-01
1.000000075550733e+00
1.000000077694517e+00
1.000000074294423e+00
1.000000187341139e+00
1.000000166350375e+00
9.999990652653722e-01
1.000001745985276e+00
9.999992118372550e-01
9.999999730491717e-01
9.999999870825668e-01
9.999792019954864e-01
9.999898949099845e-01
9.999828606460653e-01
9.999875320735204e-01
9.999962324046187e-01
9.999982347973640e-01
9.999920012558005e-01
9.999970066873316e-01
9.999935741711836e-01
9.999901560826565e-01
9.999860806647248e-01
9.999990132378543e-01
9.999974060887145e-01
9.999979062747126e-01
9.999998404741116e-01
1.000000293894749e+00
1.000000441971383e+00
1.000000250924302e+00
9.999999137147678e-01
1.000000006728757e+00
9.999998306492035e-01
1.000000303540445e+00
1.000000058374574e+00
9.999999913918947e-01
1.000000065576302e+00
9.999987106037941e-01
1.000000259534665e+00
9.999987309614486e-01
9.999999282923518e-01
9.999999361425698e-01
1.000000032500133e+00
9.999997733336892e-01
1.000000046231309e+00
1.000000058286084e+00
1.000000019998533e+00
1.000000037864793e+00
9.999996864952634e-01
1.000000030605484e+00
9.999997246368849e-01
1.000000057966404e+00
1.000000059287260e+00
1.000000045011370e+00

EA  1  1102  double
1.080016974030978e-10
9.871680013414264e-11
1.267479632855203e-10
1.450473550979788e-10
1.259001752706557e-10
-5.781771580078896e-09
4.738370043373727e-10
3.488271790130348e-09
-8.109052048318395e-10
1.931681707536001e-09
-5.785385642964729e-09
-8.267915238998027e-09
2.347278204773698e-08
2.814996865970800e-08
-8.549574673397692e-08
-8.577781684479332e-08
-5.548554868165049e-09
1.848491142914864e-10
3.380806874871353e-09
-7.198622622239093e-09
2.818075768581098e-09
-5.685995024202750e-10
2.293936040363566e-08
-6.096556893508225e-09
-5.491801502902843e-09
5.416617120320206e-12
2.144844892433923e-09
1.555702620977863e-09
-1.790755144715358e-10
-4.446202286218822e-10
1.659476646558914e-09
-6.276789214063997e-09
-6.435301044770760e-09
-6.785254979135656e-09
2.470133219992754e-08
2.392270109115592e-08
-7.051558346203994e-09
1.825057679932444e-09
3.060104509544247e-09
-6.955491671235098e-09
-8.151833983448380e-09
2.833251479151364e-08
-6.087926267951837e-09
4.919189052143198e-10
3.434104409196372e-09
-7.420653423599700e-09
-6.011607742522694e-09
2.564468083952785e-08
-9.334076287197286e-09
-7.707899525326916e-10
2.498066187515546e-10
1.647710704516498e-10
-3.472040792667246e-10
4.803443476632534e-11
8.195294669816504e-11
-1.976816969153632e-10
1.032208433934754e-10
1.102796164390144e-10
3.508146757185503e-11
1.059476736923483e-10
6.577267153338594e-11
1.824079359923377e-10
1.151448865367402e-10
6.219995234202981e-11
1.168229746008965e-10
1.085927830375244e-10
1.261296373990940e-10
1.430600543759543e-10
1.363538209740049e-10
1.156081695414238e-10
2.301985185604018e-10
2.457080513196791e-10
2.304675897398785e-10
2.113583957589237e-10
2.283157100966734e-10
2.245446167992599e-10
1.400127861708199e-10
8.014164865802011e-11
2.922350008424825e-10
-3.953264495577234e-10
-2.527471217046576e-11
-1.860754001207330e-11
3.314667299331711e-11
3.822580906704273e-11
1.217498355023021e-10
1.360528182422284e-10
1.876812544595045e-10
2.110191821321928e-10
1.383520926181842e-10
1.100652971580656e-10
1.254540555116468e-10
7.475967848303843e-11
5.966745902756493e-11
1.168538651672487e-10
-4.089919991664820e-10
1.818275031065670e-10
-3.308250487888125e-10
1.867533525870978e-10
6.161125362975475e-11
6.660117901074130e-11
1.850149256558292e-09
9.670732027067929e-11
1.226009899308217e-10
1.080488328438806e-10
1.153570335854316e-10
1.134677693719309e-10
2.405847129861060e-10
2.472216635897321e-10
2.416206040231910e-10
2.247663451189632e-10
2.311596923910557e-10
2.414385905541130e-10
2.194564730054360e-10
2.317847186032066e-10
4.213095048912714e-11
2.683141553846224e-10
6.313556734264032e-11
9.197568183780792e-11
1.053918879828238e-10
-7.204877189595433e-10
2.174894668378806e-10
2.275789792243317e-10
2.433576738585939e-10
2.117806592320562e-10
2.204602532290518e-10
1.889484273745662e-10
2.201630932121474e-10
2.124445228887240e-10
2.172724182112802e-10
1.970437054807553e-10
1.883874934859792e-10
1.893767287110642e-10
2.101023517977327e-10
2.222855792630576e-10
2.050325997804181e-10
1.659730793372670e-10
1.728399875105219e-10
1.849708757083644e-10
1.852556141800846e-10
1.906171465187020e-10
1.983456894268076e-10
1.778302303289878e-10
1.792124415211543e-10
1.771915853005572e-10
1.442919172223974e-10
1.793010857613269e-10
2.070422467874028e-10
1.812174786916402e-10
2.210475303579699e-10
9.964193163338747e-11
3.441590110974130e-11
6.728842274977826e-11
-1.613581344135085e-12
7.102353340607314e-11
3.962799093064098e-11
1.122453449616113e-10
1.115462505996553e-10
8.527652289380507e-11
1.121735947137997e-10
3.457370696071793e-11
-2.752132875516153e-11
1.802330227434256e-10
-4.988972968110227e-10
3.450426138888896e-10
1.194753907077994e-10
1.116627610587739e-10
1.577083043787354e-10
1.485339287798648e-10
1.093454804209294e-10
2.335314644275187e-10
-4.243226933339765e-10
8.869266674741067e-11
-7.692131833963863e-10
3.764930916243243e-10
1.285996681731709e-10
1.307274029105300e-10
1.167786835934070e-10
1.218573847225925e-10
1.652168269930500e-10
9.725218365544541e-11
9.662338083292358e-11
1.092730817063712e-10
-2.979600142060318e-10
1.886314006048200e-10
2.630927459379045e-10
-7.685146136306319e-10
1.897783512765873e-09
3.314343578351403e-11
3.226508766100117e-11
1.304180082514816e-10
1.230169664199072e-10
1.517283727089164e-10
1.145930272857742e-10
1.551811106282527e-10
1.665939696250172e-10
1.264048557466965e-10
1.341455486124068e-10
1.593610784753369e-10
1.588462372011576e-10
1.945681383933841e-09
-8.249998942097041e-10
-3.548889176817298e-10
2.069997659663117e-09
-4.493951739607007e-10
5.719178571036714e-11
9.112741978219424e-11
1.156195113366170e-10
1.157147590430063e-10
1.115607698435377e-10
3.030176176392431e-10
1.881153578580806e-11
-8.947743700293193e-10
-2.261204689998669e-10
2.195375357675820e-09
2.096518262179960e-08
2.164319859969920e-08
-5.598524525306956e-09
-8.743928791238104e-08
-7.473834066404919e-08
2.360121456276694e-08
-6.072359137922202e-09
2.662317670208664e-08
-8.222524268036613e-08
-8.640546683495483e-08
-9.045816207450350e-08
2.283313254291406e-10
-8.366797037635544e-10
2.587944458248121e-10
-6.830550537075142e-09
1.970902131372344e-09
3.196802349460737e-09
5.161422656931581e-10
1.897944302404630e-09
1.791218723777521e-09
-6.439088293183303e-09
-6.155602605120048e-09
-6.443183736404018e-09
2.034433540817573e-09
-5.136413623209908e-09
2.275587757343236e-08
2.577384305097619e-08
-6.593312744093303e-09
2.477870404260233e-08
1.676802524598676e-10
1.798813316516900e-10
2.059194346605014e-10
2.100848054100378e-10
2.190032279135474e-10
2.052977431799581e-10
1.660524748257475e-10
1.711302893686019e-10
1.813963049149159e-10
1.990681418304517e-10
1.981954447551460e-10
1.500718759066501e-10
1.446300224072872e-10
-7.726881711135700e-09
3.164263734742389e-08
4.109788396056394e-09
2.953076829803440e-08
-1.001847448148064e-08
2.234691967531536e-08
2.674006922996634e-08
-7.772720992789394e-09
2.405184956237159e-08
-8.086593912565954e-08
-8.438020596422589e-08
-8.633131768946901e-08
2.445195097507343e-10
2.482246839019478e-10
2.491976368859360e-10
2.433179024724801e-10
2.506081257379362e-10
3.930866150692834e-11
2.001486363538742e-10
-2.910076195265222e-10
-7.086325672587344e-10
2.440344954413859e-10
-3.882501046247320e-10
-4.913447013789580e-10
1.933917301983955e-10
2.080309148632569e-09
1.122459048277619e-10
1.259550871442060e-10
1.364854380429632e-10
1.379440106653760e-10
1.914810869171906e-11
8.271084735759772e-11
9.936894393213625e-11
3.627865226858891e-11
-4.579192649536877e-10
1.922596692409146e-10
1.778211936995375e-10
1.447578051299203e-10
1.285695386474758e-10
1.323836941347932e-10
1.206311448500511e-10
1.409622842888268e-10
1.673996513814838e-10
1.302606109827151e-10
1.699610257833605e-10
1.788127399905818e-10
1.924092987835702e-10
1.817387770691726e-10
1.737403430654427e-10
1.923202886347429e-10
1.399591972174277e-09
-4.127866068773748e-10
1.600508416917469e-10
2.106857419506387e-10
-5.790625182668707e-11
-3.952505503530538e-10
2.415444741970492e-10
2.300365032440386e-10
2.452180468261672e-10
2.283495530770057e-10
2.280313490288980e-10
1.791422493378175e-10
1.715180903696088e-10
1.850850869627075e-10
1.913245470381698e-10
2.125981813804156e-10
1.886880296982866e-10
2.143850084097795e-10
2.108885216422049e-10
1.735688010116693e-10
1.659503249704507e-10
1.689883946096609e-10
1.712678266821955e-10
1.454050044672796e-10
1.500453983404205e-10
1.667506493964247e-10
1.199962062358269e-10
1.257001538323984e-10
1.152098399959416e-10
1.136714940136208e-10
9.373963239660517e-11
1.166378629082796e-10
6.682653129032635e-12
4.382043162488350e-11
1.065375680917660e-10
4.668462195992481e-11
5.067542585522365e-11
1.023918340511944e-10
2.272767234041172e-10
2.288687698741716e-10
-5.697480242560256e-10
1.637994626541852e-10
1.330213710131721e-10
1.787861136027637e-10
1.685070729792241e-10
1.301424908392350e-10
1.591683865481154e-10
1.091509323838236e-10
1.384777743135762e-10
1.191008199970556e-10
1.321726809549314e-10
1.911846584660415e-09
-4.089626401978174e-10
1.854529755094731e-10
-4.133401708871319e-10
2.057267746039235e-09
1.932374831696800e-09
4.447985796967443e-11
1.744414091050431e-10
1.046292661363501e-10
5.805037511773419e-11
5.379659010687873e-11
2.230371324477493e-10
1.780000559870298e-10
1.941321035751357e-10
1.764789388387809e-10
1.424074796727223e-10
1.393557184757132e-10
8.351009064364315e-11
2.318333653193113e-11
5.517461989335479e-11
2.439102742759574e-10
2.476752297296806e-10
1.973992294116665e-10
2.033911665376369e-10
1.805842271511729e-10
1.807650244392777e-10
3.183743405988148e-09
-6.824271679673456e-09
2.638768409026866e-08
2.554557844976569e-08
-7.797861516498273e-09
5.570234441116735e-10
-7.316973274666845e-09
8.778957407701546e-12
2.881989476521827e-10
3.755423742636929e-11
6.983801914973816e-11
2.315426396424190e-10
1.171133237860518e-12
6.563626556393784e-11
1.768952127793078e-10
-3.619709640706804e-10
-7.561603775225875e-10
2.809654826196820e-10
3.955482304647616e-11
9.923361233507614e-11
1.080781673843486e-10
3.357369649460984e-11
4.864533741885709e-11
2.003566139823673e-10
1.038981073262115e-10
1.038176778178829e-10
1.011692236388792e-10
4.263888522953632e-11
1.318546701481836e-10
1.233135652896348e-10
1.643538519005717e-10
1.393656447964921e-10
1.274899658285296e-10
2.303277116476225e-10
2.252847903818347e-10
2.386654370678625e-10
2.165425219401853e-10
2.367440744680262e-10
1.248494147056613e-10
1.647383246413655e-10
1.335983390707688e-10
1.160034075749998e-10
1.182609692894633e-10
9.616756759141865e-11
3.643085981924017e-11
1.131570366637056e-10
8.235905906345061e-11
1.896441444391300e-10
1.587267337221380e-10
1.622348211886971e-11
1.170567799322078e-10
4.072840802000770e-11
1.829371228179194e-10
2.077719849128289e-09
-3.019195540538842e-10
1.907524576666066e-10
4.746841780213836e-11
1.021060965043035e-10
2.332325172449572e-10
1.004050105346033e-10
1.300930144237496e-10
1.019321003393558e-10
1.300759565082432e-10
1.411132161463909e-10
1.469998899624402e-10
9.776306405677296e-11
2.705524353910665e-11
7.245142190676165e-11
1.007844347200010e-10
6.033569328220607e-11
2.220145785621153e-10
2.830593007566038e-10
9.871560334333620e-11
1.236259797988482e-10
1.155169494879508e-10
1.137896847931945e-10
1.128086785752136e-10
1.254719131978511e-10
9.826216052707808e-11
1.302255406625668e-10
1.035519955414365e-10
1.446600195951810e-10
-4.396600076000743e-10
1.824950232824211e-10
1.931077649817120e-10
1.953684312075549e-09
1.911064189758537e-09
-3.275411171153465e-10
6.449346295783875e-11
3.431433648402258e-09
4.336553061414704e-10
1.817410742599684e-09
-6.979464718336760e-09
-7.342109534979891e-09
2.987036762119519e-08
-2.222041098922942e-09
-1.076028208361334e-08
2.726636656367171e-09
-8.076957553680579e-09
3.097414369335877e-08
3.204042124966168e-08
3.025203662796860e-10
3.451460493591681e-09
-7.708760396158630e-10
1.825226232934497e-09
-7.838962761623055e-10
1.817174094916191e-09
-3.928329468286393e-10
2.117169456353746e-10
2.716983902509985e-10
2.763570061063605e-08
-6.859858521390449e-09
2.879903548397593e-08
-7.169798176873284e-09
-9.418315844537808e-08
2.716250657315315e-09
-6.350624515759131e-09
2.041696877428167e-09
-7.589006964716083e-10
-7.792355104906493e-09
2.582122539307456e-08
-6.747453340383645e-09
2.391471041329709e-08
2.528509505955652e-08
-6.953659608629355e-09
-5.882222820453602e-09
2.403908857408238e-08
2.300478617673977e-08
2.473522806062276e-08
-7.350897517923227e-09
-6.380454704610674e-09
1.827120256559103e-09
-3.521188989473253e-10
1.971969172423508e-09
2.384970062751094e-09
2.510051260720445e-08
-6.561474821891543e-09
-6.602284501888282e-09
2.563690687185298e-08
-8.809000909551616e-08
-7.156343031159987e-09
-7.624078261283055e-09
2.812708202768461e-08
2.926320179336665e-08
2.122949260254835e-09
2.412025682412269e-08
-8.264451178632159e-08
3.183357347911503e-07
3.131873832890969e-07
-8.308985533558891e-08
2.942317240118956e-07
2.577221678111835e-09
-7.063777715473765e-10
2.831629021171318e-10
-3.424788054394753e-10
2.603125789736440e-10
-6.625612168121471e-09
2.534737472856073e-08
2.552006395378317e-08
-7.804379567461059e-09
2.584265356711190e-08
-8.924467524769145e-08
2.749541759907017e-08
3.512424777128475e-07
-8.856421665785514e-08
-9.574226956194874e-08
3.475584732299321e-07
2.409672890053743e-08
2.634354677139701e-08
-7.661387249036484e-08
-8.275842694514349e-08
3.025185326744386e-07
2.858377184479187e-07
2.587748300902419e-07
-8.702414225429010e-09
-7.382678619375694e-09
2.966557160837354e-08
2.574629811074288e-08
-9.000920600923605e-08
2.912580535239312e-09
-8.560303042047113e-09
-7.961595130075343e-09
-7.852062732681707e-09
-9.661574598670073e-10
2.382751583760217e-09
-6.994068712148421e-08
-6.747970327568902e-08
1.770875479547509e-08
1.983609854914867e-08
-9.023858024297340e-09
1.903724023062083e-08
-9.121453877761603e-09
-9.007482048247565e-09
-1.109985190578782e-08
3.153021514701870e-09
-6.153582199506600e-10
-3.618435732032220e-10
-7.685818551535910e-09
2.206155626433286e-09
-6.954670996263164e-10
1.539375942649206e-09
1.781564963446419e-09
2.373982999490823e-09
1.721755973737916e-09
-6.967818466608601e-09
-6.562819236418427e-09
2.508455754201278e-08
-7.998757911249620e-08
-5.927813376205107e-10
2.145297784807202e-09
2.793432707564873e-09
4.275838126929151e-10
-6.869387792527318e-09
-6.245692096638436e-09
2.408359522520762e-09
-7.097913577567960e-09
-7.443770811960972e-09
1.726922685603385e-09
-8.474759583849127e-08
-8.361752871784623e-08
3.192560033808669e-07
2.456661484510757e-08
2.311013806072662e-08
2.993163139411117e-07
-7.938940922671072e-08
-7.845638016709599e-08
2.935697861401127e-07
-8.659100098593584e-08
-9.489589589989477e-08
3.739920013357306e-07
-9.420584808460000e-08
3.195183627949220e-08
2.865667234078579e-08
3.268876050801355e-07
-8.344737673365926e-08
3.115032551706157e-07
2.790372299027665e-07
3.070170535743434e-07
-8.055175367130908e-08
-8.407728566802327e-08
3.165153790694954e-07
2.430340740615833e-08
3.213035086024266e-07
-8.706258564093327e-08
3.184300142824041e-07
-8.130001530824321e-08
3.112687107842612e-07
2.768381260517865e-07
3.556454433951307e-07
-8.850211517400773e-08
3.185787342919392e-07
3.095163104597491e-07
3.069507064882156e-07
-9.620599034110574e-08
3.772361041630859e-07
2.522362739264562e-08
-9.682602786058632e-08
-8.721723060622666e-08
3.610746200572239e-07
3.551511314287792e-07
-9.465251783639658e-08
3.574501220432308e-07
-8.930864601050187e-08
3.471641320662582e-07
3.303342212556019e-07
-8.599409311208370e-08
-8.268099299500256e-08
2.943580254314102e-08
2.403013701873519e-08
-9.387294338289574e-08
3.340326353866507e-07
-8.683845487590060e-08
3.198651730451047e-07
2.930153864048332e-07
2.950424116664905e-07
3.268139535312538e-07
3.493017778848564e-07
3.161609452980986e-07
3.171558851503078e-07
2.787191323898947e-07
3.330782235677150e-07
3.226700712865745e-07
3.033876077244773e-07
3.151945959130381e-07
2.927427750800639e-07
2.894593453066219e-07
3.481236800114230e-07
3.482411609099245e-07
3.133404561249881e-07
3.100540639751765e-07
3.095240449399898e-07
-7.360574097871433e-08
-7.910729591834422e-08
3.009704868119208e-07
2.516537562809669e-08
2.347998874041115e-08
-8.637385859382411e-08
-1.013607967518089e-07
-9.181741881227216e-08
3.690232321005390e-07
-8.710138758831691e-08
2.982405706567650e-08
3.038440507096508e-08
-9.531275640346120e-08
3.064596037723014e-07
-8.180557700673467e-08
-8.282941003677200e-08
2.552239740954236e-08
-9.424178525008255e-08
3.210791199252276e-07
3.867496769165689e-07
-8.715260675575306e-08
2.579553916672535e-08
-6.787852260940136e-09
2.599901973054883e-08
-7.793902873128039e-09
2.770086428063207e-08
-7.694219904884068e-08
-7.797003931217395e-08
-8.894356417986788e-08
2.797253703061151e-07
3.249291791708530e-07
3.308188984639430e-07
2.712377146863684e-07
3.057446741014187e-07
2.944324943104266e-08
-9.558373814038295e-08
2.743057564534576e-08
-8.914987894968872e-08
2.712836716410725e-08
-9.379927457368662e-08
-7.171603613749739e-09
2.746923214364665e-08
-6.423785062200842e-09
2.320420887096858e-08
-6.431754536893777e-09
2.447778104218862e-08
-8.040794738710692e-08
3.206496204311600e-07
3.057577400228755e-07
2.630433851223747e-08
-8.564839409084017e-08
-7.602401496446649e-09
2.592396696187501e-08
-8.527276628687341e-08
3.180434011057247e-07
-8.298200241346501e-08
2.559639156397956e-08
3.065257596952399e-08
-7.656500544573572e-09
-8.855254437803877e-09
-8.916973680362296e-08
3.116821958590672e-08
2.452154768716960e-08
-8.477957424159336e-09
-7.944853863634385e-09
-8.964768960576048e-08
-7.990878958309886e-08
-7.840700130655243e-09
2.593383781092476e-08
2.422613446354962e-08
-8.360196938543642e-08
-8.740193534466299e-08
3.254728429628577e-07
3.244101710379491e-07
-8.557901416712861e-08
-8.102575380123197e-08
2.342896594347567e-08
2.485189530520396e-09
-6.689244484376626e-09
3.159173105810007e-07
2.867888383407496e-07
-6.680152951504638e-08
-6.995566677962678e-08
1.807218131819662e-08
1.866822821967054e-08
-8.848181094782089e-09
-8.981039308821466e-09
3.180022433806108e-07
2.996818760050556e-07
-7.172455960601411e-08
3.455534253238678e-07
-8.754891899414717e-08
3.320545091818184e-07
-7.416295891112712e-08
3.002235344164550e-07
2.863554167290961e-07
-6.995148453553118e-08
-7.074272198605878e-08
3.056177136747464e-07
3.281438030927335e-07
3.068339975810772e-07
3.321095282385308e-07
3.382324082817443e-07
3.515213581594462e-07
3.631108699866097e-07
3.010551532917799e-07
-6.943648940268823e-08
3.028376039553877e-07
-6.964028201284147e-08
1.822688379719805e-08
1.863062511166775e-08
-9.057819045206412e-09
-7.603652301893204e-08
3.349262345679697e-07
3.109952935839730e-07
-7.151923860700856e-08
2.935621970744442e-07
3.274807855201213e-07
-6.821841028588286e-08
2.943493120985731e-07
-7.097825258279114e-08
1.827982783129410e-08
-9.052336639015913e-09
-8.955004164420366e-09
-7.663152312785576e-08
3.411698378426846e-07
-7.702495199907486e-08
-7.245467144440887e-08
3.060375689085711e-07
2.945488176194283e-07
-7.689707024788526e-08
3.000920919557856e-07
-7.811726194710377e-08
3.381122821380661e-07
2.036677647421954e-08
2.024046227393051e-08
-9.932200183787490e-09
2.796562067086162e-07
-6.737299393286729e-08
-7.712487379629251e-08
1.944973249316109e-08
-9.850330768595064e-09
-9.050644527065539e-09
-7.176315873891796e-08
1.929924753894943e-08
-9.830461494600485e-09
1.877784666881298e-08
1.922347697579611e-08
-9.245287461509476e-09
-9.435259285846397e-09
-8.039737616509415e-08
3.526774212619914e-07
-8.139255772528168e-08
-7.161498108250346e-08
2.894115268317729e-07
3.162332241966580e-07
-7.096890773195137e-08
2.789482269993502e-07
-6.854841270277547e-08
2.938187311186667e-07
2.712517884610957e-07
-6.679328442391052e-08
-6.587401164747572e-08
-7.110245992882600e-08
1.847190668670146e-08
-9.288075486914522e-09
1.646941800932083e-08
-8.540492683135517e-09
-8.138270361264074e-08
2.947074735529027e-07
3.052572938825368e-07
3.715052227256064e-07
2.902097092621989e-07
2.764306118484743e-07
3.111093150709532e-07
-6.723805128308034e-08
2.903731596841368e-07
3.311693153553514e-07
2.893274608495832e-07
3.186474742003884e-07
3.303203579943394e-07
-8.598546702857798e-08
2.721840747672242e-07
2.895947112124335e-07
3.505907717831843e-07
3.035943224888762e-07
3.236170751770198e-07
2.773712649446229e-07
3.011549630697772e-07
1.878173440016268e-08
-9.266918282564927e-09
3.237737692840998e-07
3.483351340868454e-07
3.140586847115806e-07
3.625551510409775e-07
-9.315741953782408e-08
3.174024385154202e-07
2.719709534644212e-07
-6.423686537629631e-08
-6.488621958085567e-08
1.849601705065995e-08
1.777767527158303e-08
-8.942734145741528e-09
1.688917439350574e-08
-8.466955264548028e-09
2.869256587115987e-07
-7.543090657915806e-08
2.052960011512942e-08
1.875628434882496e-08
-9.685189165860229e-09
3.288125826364671e-07
2.817755237398526e-07
3.336119901165216e-07
3.181127932904261e-07
3.193732144555965e-07
-7.326066406132051e-08
-7.028275740348715e-08
3.287324668832459e-07
3.914262499843024e-07
-1.033395126108298e-07
3.583471588227319e-07
3.485496543305810e-07
3.626028515651154e-07
3.380152411217632e-07
-9.880334106457890e-08
-9.306608876133421e-08
3.081823810522972e-07
3.347959884711291e-07
3.354295560264981e-07
4.074875774522942e-07
-9.886091850122956e-08
-1.057926787449936e-07
3.639653935529272e-07
1.824142222636553e-09
-7.954909001640564e-09
2.643363426900866e-09
3.040914315204468e-08
2.907259389959644e-07
2.612713593350582e-07
3.061085823637384e-07
2.869817427505470e-07
-6.568529822042254e-08
2.933860103381829e-07
2.914664327651147e-07
-7.057114004164850e-08
1.765408258099124e-08
1.819149840570524e-08
-8.725790643104699e-09
-6.742864409596513e-08
-6.886417880161001e-08
1.822116334658951e-08
-8.956286060736389e-09
1.699672154312542e-08
-8.073893229694476e-09
1.872838331113036e-08
-8.672400249965818e-09
-9.999946206949404e-09
-6.209683337910155e-08
-7.749719228254515e-08
-6.657184928290067e-08
2.055732100912149e-08
-9.858315387678727e-09
-8.149102851624615e-08
-7.568137388659087e-08
2.159141225846627e-08
-1.048394655579396e-08
2.154406654751645e-08
2.041509485688080e-08
-1.043594530165649e-08
1.845318028623622e-08
-9.456389014825828e-09
-9.224698199181791e-09
1.801394114479342e-08
-8.481715311802456e-09
-6.942136711983298e-08
1.830947813339262e-08
-9.099008662710616e-09
-8.963638989255451e-09
2.079761121216635e-08
-1.015288417878341e-08
-7.601825276740281e-08
-7.693460695765809e-08
1.921378599337389e-08
-9.908649928256050e-09
2.046680436436353e-08
-1.003820639450742e-08
2.055551119884936e-08
-9.864358366193423e-09
-7.487198570760641e-08
-7.642493072392589e-08
2.013441017136088e-08
2.215552837990394e-08
-1.089008303858578e-08
-1.042506210995432e-08
-8.568794184246050e-08
-7.449328482418193e-08
2.147928908009146e-08
-1.001203543365906e-08
1.814751429661238e-08
-9.184186734088867e-09
-9.027731569864720e-09
-6.874637646952352e-08
-7.081329809755109e-08
1.959888890169639e-08
1.880731030838934e-08
1.857765811037800e-08
-9.287466765980689e-09
1.946710365558783e-08
2.071881902757119e-08
-9.921679929465320e-09
-1.010033714917947e-08
1.924531576461233e-08
2.270101781675367e-08
-1.040632913116901e-08
-6.483636707823775e-08
-8.085334802552357e-08
-1.109909195273344e-08
-8.937167642964351e-09
2.037795140931444e-08
-9.748426738662415e-09
3.285699396116199e-07
-7.927889720898745e-08
-7.336332789146839e-08
3.358670660953851e-07
1.695550210802437e-08
-8.493978126629082e-09
1.896781840163060e-08
-8.914332928463109e-09
-6.812612613186918e-08
1.765289594807785e-08
4.355653189917490e-10
-5.184920999659047e-10
-5.215544207912900e-10
2.562786744116480e-09
1.740962612625802e-09
1.954261016676072e-08
2.023230088685327e-08
-9.767288908974541e-09
-9.401923722178136e-09
1.934587697129846e-08
-1.028484506787743e-08
1.779082980807224e-08
-6.946328067298152e-08
2.838517939349239e-07
1.868044763216753e-08
-8.875717503262978e-09
-6.144730052793489e-08
1.717656897077932e-08
-6.967893685742125e-08
-8.218020258418260e-09
-9.024778942840735e-09
1.919696057619280e-08
2.019237321880907e-08
1.849559593733394e-08
2.006699476692338e-08
-9.352558328872360e-09
-1.005035090997162e-08
-9.432029612038457e-09
1.919980621718875e-08
-6.874582409255530e-08
1.793372202719220e-08
1.765741851622913e-08
-8.639285167632458e-09
-9.087903634665595e-09
-8.933507416190551e-09
1.859333437127071e-08
1.889727559921806e-08
-7.205222782239835e-08
-6.959398194632152e-08
3.002688942316211e-07
-9.243851611458752e-09
-9.162191439069533e-09
-6.908167503027949e-08
1.843024048536075e-08
1.887310490683174e-08
-7.536476267981125e-08
-8.980909090155368e-09
-9.127558642775244e-09
-9.504478250717938e-09
1.796039003244508e-08
1.810531618930602e-08
-6.690661852992485e-08
2.738530022393547e-07
-6.870993427532299e-08
-8.798641736472420e-09
-8.997619987700989e-09
-5.763691287728449e-09
2.552859697655968e-10
3.287417598861453e-09
3.374953749203828e-09
-6.324702124114878e-10
2.804496948673561e-10
-8.833502905192887e-10
2.874074727829049e-09
-7.596420044242376e-09
-6.738219269654012e-09
2.742103641468181e-08
-1.097249436771806e-07
4.153063954909331e-07
3.716146810935337e-07
-8.663030984957624e-08
3.679724630450797e-07
3.407929282889676e-07
2.888461086770374e-07
-6.929080344669517e-08
1.829761521487128e-08
-7.075356728734693e-08
2.792423469046718e-07
-9.046829621567011e-09
1.955167109692177e-08
-9.294784352442949e-09
-8.237130724170597e-08
2.184803889856183e-08
-7.815001786851969e-08
-1.058789838217068e-08
-1.002184718269870e-08
2.025747489895097e-08
-7.515170379368359e-08
-9.895910338211581e-09
-1.032030596961714e-08
2.187307770446983e-08
1.985262943986388e-08
-7.134021430465496e-08
1.987463035641856e-08
-7.584961190485447e-08
-9.776167227607487e-09
-9.678541651240583e-09
-9.500096789042238e-09

EB  1  1102  double
1.260404894759186e-10
1.249741658421272e-10
1.794880886830430e-10
1.960472912811973e-10
1.751877748764942e-10
4.015165906960242e-12
1.314679509121090e-10
1.887987366762352e-10
6.678030347149205e-11
2.081914482235831e-10
-2.075816829240202e-11
-6.195910404862977e-11
7.539103571679650e-10
7.810882648151567e-10
9.020800595192312e-10
9.840457479560262e-10
-8.764570615261806e-12
1.013057943486588e-10
2.027474946809311e-10
-8.068720584804568e-11
1.780278199365248e-10
6.419872224190638e-11
8.319495983212323e-10
-1.820057925132390e-12
-5.644091594359030e-11
1.329864459957581e-10
1.813969585736937e-10
1.681509613634288e-10
8.442207119590178e-11
7.871003905826777e-11
1.714769558300336e-10
-4.057178086393165e-11
-5.293424077055073e-11
-3.070724962946420e-11
8.289474402371329e-10
8.287327709434661e-10
-2.262096387664227e-11
1.684293695826860e-10
1.853789606328794e-10
-2.758345827546168e-11
-2.748223546439992e-11
7.685428632811420e-10
-7.413359694479336e-12
1.503530105761071e-10
1.744918261945480e-10
-3.125557606718814e-11
-3.319583180248619e-11
8.394361936676155e-10
-3.912506172564979e-11
9.454313093534845e-11
8.388163180861107e-11
8.693897399942340e-11
7.602765315633819e-11
1.321760904003289e-10
1.014079278332224e-10
8.849962530852383e-11
1.100505061202647e-10
1.528912565375529e-10
9.139879253894250e-11
1.348264569661148e-10
1.146625071863783e-10
9.977913579977912e-11
1.115375865930065e-10
1.256033412134636e-10
1.554110660748301e-10
1.394601828272812e-10
1.772089363691011e-10
1.930548985276831e-10
1.830928217624881e-10
1.664412027460077e-10
3.096806444882476e-10
3.285167544392052e-10
3.071738705234153e-10
2.815493487769236e-10
3.035644953470140e-10
3.020744941420933e-10
9.939966918881361e-11
1.114132595167929e-10
1.015003694239843e-10
8.629084363823073e-11
8.887907819781664e-11
6.815239141486187e-11
1.048061968404785e-10
1.243413632705592e-10
1.760722695801923e-10
1.828966129439231e-10
2.512790093598005e-10
2.815423902860782e-10
1.926138987378287e-10
1.391880112470592e-10
1.747502308682894e-10
1.176310142930269e-10
1.247171236310241e-10
1.518296148604650e-10
6.938450914009910e-11
1.068973055086624e-10
7.873810441885241e-11
9.617194169895715e-11
1.239911942111234e-10
1.298310443840973e-10
1.936931047173672e-10
1.015380031901156e-10
1.798963000672134e-10
1.376937873399229e-10
1.550253261142789e-10
1.504806270567050e-10
3.215429556224025e-10
3.301723595334857e-10
3.231727965868540e-10
3.001574673610475e-10
3.090222445461375e-10
3.214034464995178e-10
2.941617631618231e-10
3.106070082730983e-10
1.257768631202267e-10
7.431384851528282e-11
1.243142995450274e-10
1.067953351968769e-10
1.310061625030233e-10
9.420093209897307e-11
2.902398442348463e-10
3.043428680081648e-10
3.249016236255207e-10
2.836172542282358e-10
2.965895172672345e-10
2.526288794886019e-10
2.954241892323409e-10
2.833506837691624e-10
2.939379417144995e-10
2.662727440838926e-10
2.518617325387523e-10
2.533181813552708e-10
2.808400717120426e-10
2.987637248747975e-10
2.759446381131749e-10
2.226880371925809e-10
2.343856963160477e-10
2.485750271411615e-10
2.489260273318211e-10
2.544966171826958e-10
2.678873660957035e-10
2.401352817827749e-10
2.430202013410128e-10
2.412638898717190e-10
1.948811312605792e-10
2.397295135118331e-10
2.769075440977018e-10
2.441669773585363e-10
1.086490858969902e-10
1.089684301521272e-10
1.142150175214828e-10
1.011453251475832e-10
1.098889876090624e-10
1.243542967311891e-10
1.065999677146037e-10
1.475801722526589e-10
1.195697558331396e-10
1.102766186832648e-10
1.512566955468492e-10
1.282685871946784e-10
7.585873768220273e-11
9.607514276390726e-11
9.476066653415695e-11
8.702836834833006e-11
1.609526627769949e-10
1.428802396049372e-10
2.143257928123386e-10
2.008765303606597e-10
1.558127108785993e-10
9.659335180016667e-11
6.777967496342057e-11
1.010498659780818e-10
7.976918105449740e-11
8.871190619758830e-11
1.730507763687065e-10
1.757016073855327e-10
1.667053921459460e-10
1.732823376377476e-10
2.241009648331864e-10
1.161488855441359e-10
1.140366595291441e-10
1.585864844176577e-10
8.331948430800502e-11
1.186330355598897e-10
8.156771299844774e-11
7.659879198812025e-11
1.592109497286893e-10
1.026076453164400e-10
1.271108029511494e-10
1.765754061951784e-10
1.676993843188291e-10
2.063169809108766e-10
1.646216819532911e-10
2.090269348598993e-10
2.261830352919990e-10
1.716601925952486e-10
1.846133629768509e-10
2.146360443415850e-10
2.142643557459001e-10
1.629854385910960e-10
9.940092185374921e-11
9.570248027257566e-11
1.806672683635201e-10
8.188025611209322e-11
1.077636884291869e-10
1.102155846352854e-10
1.601802521607639e-10
1.636245840772127e-10
1.255337955100315e-10
9.021079191979270e-11
7.703623857932236e-11
7.723731674627320e-11
9.290217100662779e-11
1.868434112622681e-10
7.532534051605660e-10
8.609485835322697e-10
-3.655626743848964e-11
9.224053548924588e-10
1.020557626384459e-09
8.234164080744635e-10
-1.364100835244853e-11
7.239031683745799e-10
1.045359971411837e-09
9.263391249928954e-10
9.119121127186502e-10
6.970326530187474e-11
5.772125267710701e-11
1.118552066800395e-10
-5.535256745953900e-11
1.663180109972408e-10
1.802303018543360e-10
1.281688274802542e-10
1.849865779493600e-10
1.618712832069247e-10
-2.948535616306569e-12
-5.447740529300232e-11
-2.859876996753707e-11
1.641986462833717e-10
-9.543731153293943e-12
8.241856302876420e-10
7.573808313990484e-10
-4.433295150830444e-11
8.295914802331728e-10
2.246407663260883e-10
2.412464041686580e-10
2.768104922870650e-10
2.802839671042891e-10
2.928209991644920e-10
2.738642258052554e-10
2.271835920158102e-10
2.308340949072682e-10
2.440725916872417e-10
2.670516874673651e-10
2.629841089478567e-10
2.022624909829320e-10
1.965319361135911e-10
1.162371875434579e-11
6.914237633258036e-10
1.807237110194673e-10
7.266766213011143e-10
-2.295760231065451e-11
7.255096747890976e-10
8.061128793107148e-10
-3.790749627731804e-11
7.417969616186702e-10
8.989069381919238e-10
9.122317167924789e-10
9.156113682741323e-10
3.256398141364571e-10
3.306994313846985e-10
3.320263011820098e-10
3.245124527912193e-10
1.055352938783257e-10
1.082723925935625e-10
8.138139563827527e-11
8.585185884788978e-11
7.429832024617424e-11
9.025044724300186e-11
7.961572994707531e-11
7.115826155913793e-11
9.191387306348242e-11
1.724387809346946e-10
1.572584036965610e-10
1.791801111259204e-10
1.836723289795902e-10
1.858463789381667e-10
1.161763423658344e-10
9.599750301512887e-11
9.254777117373561e-11
1.121546589443289e-10
7.183177100286053e-11
9.474747319672105e-11
2.412350306276289e-10
1.959751979468682e-10
1.804328078594875e-10
1.771801939375040e-10
1.714641775579301e-10
1.896217395994135e-10
2.269635768494198e-10
1.841254616746691e-10
2.309456827955669e-10
2.426152417957335e-10
2.590253309567111e-10
2.454918791592757e-10
2.353631309375614e-10
2.591264290711550e-10
1.513209233946089e-10
8.214100690134812e-11
1.099480600818557e-10
1.035082099006672e-10
7.512435820913979e-11
8.441500767319560e-11
3.218260684543562e-10
3.071674468030594e-10
3.280329207875060e-10
3.040364717370862e-10
3.068636690340241e-10
2.426939843616425e-10
2.325602454611066e-10
2.503294720527789e-10
2.562937617823869e-10
2.845966170808984e-10
2.532728646760782e-10
2.899020094109588e-10
2.812567113294767e-10
2.343674330071222e-10
2.250605283057847e-10
2.300996256636308e-10
2.311579395593249e-10
1.971193003656605e-10
2.019265241124205e-10
2.280925316443215e-10
1.607962226705302e-10
1.741951393430513e-10
1.660488329306930e-10
1.580985189657600e-10
1.171211183659437e-10
1.655671145317693e-10
1.276547383129869e-10
9.402502684018024e-11
1.315001024785462e-10
1.253645203413765e-10
1.179607146215114e-10
1.279315031792716e-10
1.048450038515420e-10
8.199159378606537e-11
8.426954321512071e-11
2.245799169849857e-10
1.783919426655608e-10
2.421778413717805e-10
2.285671485132088e-10
1.745318430831585e-10
2.174393113281674e-10
1.508671173889931e-10
1.857685638490645e-10
1.738749633848909e-10
1.783389870435650e-10
1.703136815574832e-10
7.862289766936922e-11
9.005395423383466e-11
8.766829211309685e-11
1.880224827649799e-10
1.798580398973169e-10
1.259086107365642e-10
8.706539259398120e-11
1.295886824394639e-10
1.257983060854124e-10
1.263772606652206e-10
9.855309165902796e-11
2.409550977788319e-10
2.613706667380536e-10
2.393923863524818e-10
1.927307414261577e-10
1.000649774276009e-10
1.058976398611871e-10
1.265371735765572e-10
1.270379526909221e-10
9.551136261137922e-11
8.996242220846376e-11
2.636649581039377e-10
2.716901586268172e-10
2.426809426341342e-10
2.418863943789606e-10
2.009611706766486e-10
-4.677757005122428e-11
8.031921156695713e-10
8.095201891786872e-10
-2.375464623328518e-11
1.464090488079466e-10
-4.623479311969075e-11
7.598156872382444e-11
8.446851532272591e-11
1.189316334580592e-10
1.058581136365725e-10
1.116559347227192e-10
1.067560529548404e-10
1.334284600463948e-10
9.910260054294847e-11
9.085225081288323e-11
9.201565286592297e-11
8.502836478315802e-11
1.180676516938541e-10
1.155245766315671e-10
1.344485770441521e-10
1.211899395123683e-10
1.212293589209713e-10
8.104734044311213e-11
1.101726932015443e-10
1.301237734369303e-10
1.199125586845740e-10
1.158658502645872e-10
1.870411375319554e-10
1.654592394449392e-10
2.233001317127689e-10
1.874464961468732e-10
1.802259606152806e-10
3.082131060301694e-10
3.009773693654312e-10
3.188251220964970e-10
2.884653172142638e-10
3.155637274654009e-10
1.688785100675307e-10
2.242726967157532e-10
1.787552521037074e-10
1.529807954963632e-10
1.702318177921775e-10
1.086434019708565e-10
1.128921487922059e-10
1.648365000993392e-10
1.035655174571191e-10
8.609512227228702e-11
1.129937394149200e-10
9.998559159408705e-11
1.165198878031812e-10
1.261716860295723e-10
8.995114631892115e-11
1.734191870570557e-10
7.992959844348593e-11
1.150013055415275e-10
1.255490177147998e-10
1.181735798924941e-10
9.708919872350371e-11
1.210257195377663e-10
1.825727910545287e-10
1.266631984596494e-10
1.822940177945055e-10
1.901362746767944e-10
1.986733968314720e-10
1.160193236293330e-10
1.195398466734245e-10
1.216933014424959e-10
1.138399743326969e-10
1.299455233014907e-10
9.538841887382140e-11
8.110039192769293e-11
1.100841930399327e-10
1.763862743157148e-10
1.642971776888381e-10
1.360092654237685e-10
1.538203721372570e-10
1.752204954207380e-10
1.261696937228425e-10
1.827580339252386e-10
1.278315116449001e-10
1.962654586341466e-10
6.942600282093690e-11
9.620782519661652e-11
1.126037560801399e-10
1.805869561805757e-10
1.815171005867449e-10
9.555209077937358e-11
1.282791051696761e-10
1.785610546786914e-10
1.169673774429460e-10
1.564026879130595e-10
-2.375194503637420e-11
-2.336793769016396e-11
6.762264252242086e-10
9.118865071597376e-11
-4.630835074108812e-11
1.746644633846014e-10
-5.000261858830935e-11
8.398928314731903e-10
8.171253772068376e-10
1.233012424500841e-10
2.059061786067986e-10
8.100546446861669e-11
1.815654842174199e-10
9.224434277718314e-11
1.746040947524518e-10
8.750909590585918e-11
6.656651709442006e-11
1.073099767980225e-10
8.093344699964844e-10
-6.529892332240460e-12
7.460170902282239e-10
-4.397373189992169e-11
9.750205641156059e-10
1.784615148211201e-10
-1.749017338010523e-11
1.669032977487350e-10
6.937781603260529e-11
-5.131082694975339e-11
7.393599714632319e-10
-6.531150244748490e-11
7.899453772127184e-10
7.629797988847994e-10
-4.241624984379143e-11
-3.063838227577827e-11
7.758092907658231e-10
7.941686476545146e-10
7.732919960203673e-10
-5.888886293753972e-11
-3.065524155831264e-11
1.702733224766596e-10
7.994225625501116e-11
1.633365298805115e-10
1.625154344851063e-10
8.532952195978810e-10
-2.787106979888609e-11
-5.233586368596581e-11
8.314215257725436e-10
9.973117982422376e-10
-2.717324557995242e-11
-4.314076705481997e-11
7.705836931453249e-10
7.813095082422182e-10
1.751178603523333e-10
7.859565719245968e-10
9.410709174828670e-10
-1.154910007503110e-09
-1.093854893356619e-09
9.350166162730918e-10
4.952616688833179e-09
1.815685373592350e-10
8.258893567164306e-11
1.108131425034351e-10
7.165346234482508e-11
1.051169944699110e-10
-6.927856060495063e-12
7.340241125470762e-10
7.227479517226464e-10
-6.982839024465195e-11
8.203915934391585e-10
8.940501401065013e-10
7.604082436752834e-10
-1.051248651868067e-09
9.009259798750691e-10
8.986688934005462e-10
-1.032893611827184e-09
7.614974644637806e-10
7.156392632229912e-10
9.254850678567637e-10
8.645208525814186e-10
-1.038624209474427e-09
-1.081267963355171e-09
4.782309270027529e-09
-2.611078989407986e-11
-3.288420537023648e-11
7.717649848220794e-10
8.144350440658889e-10
9.267709971824241e-10
1.831692923117003e-10
-9.406824362997428e-12
-5.251580149742901e-11
-2.636859932598036e-11
9.326488681551824e-11
2.021509813872111e-10
4.025731769829113e-09
4.178300168560743e-09
-7.527005949449924e-10
-7.967023099838720e-10
4.143311659449642e-10
-7.533072982219052e-10
3.928246658320656e-10
3.995445865422175e-10
-5.490006024426443e-11
1.941133220298986e-10
9.276554565588473e-11
9.041144947035726e-11
-3.506530092523612e-11
1.715102685011298e-10
8.435776729799433e-11
1.417391793248162e-10
1.794338551504347e-10
1.720338710757866e-10
1.654001743526180e-10
-3.618177368429118e-11
-3.242022702177717e-11
7.729395698666908e-10
8.916362933779264e-10
8.308825090392004e-11
2.004446521233688e-10
2.161113292938341e-10
1.244740128704230e-10
-4.926012411039271e-11
-3.729279247015753e-11
1.771751788029432e-10
-3.581780810707649e-11
-3.461609359364166e-11
1.624009466087908e-10
9.152639415834792e-10
1.005043040396948e-09
-1.125098754256486e-09
8.436692465419722e-10
8.133190348282636e-10
-1.081944513490008e-09
9.075415972757668e-10
9.465687649543532e-10
-1.089876466640950e-09
9.297552012694847e-10
8.592020349179949e-10
-1.037291748282951e-09
9.189787232875833e-10
8.273965980532719e-10
7.605190933715355e-10
-1.045191745594212e-09
8.840111472686879e-10
-1.079236999226515e-09
5.002106891996966e-09
-1.120608983360191e-09
9.076513775917282e-10
9.007143511270664e-10
-1.076302330024883e-09
7.061200145175800e-10
-1.082092705420533e-09
9.257457370164375e-10
-1.055983772025092e-09
9.057466384407008e-10
-1.069204483327184e-09
4.895601925357491e-09
-1.031051239079807e-09
9.081271859876368e-10
-1.126467322681294e-09
4.849613001784337e-09
4.925824602240246e-09
9.161314663195801e-10
-1.041511245175210e-09
7.640930751738541e-10
8.572601442430730e-10
1.005552048011276e-09
-1.041991863238680e-09
-1.086510973280700e-09
8.722491006046092e-10
-1.043534653250699e-09
8.885446490068669e-10
-1.144854980878705e-09
-1.083758632974519e-09
9.279345950244766e-10
1.003275666163022e-09
7.502522352940635e-10
8.024655773923568e-10
9.541364187449087e-10
-9.900376067861284e-10
8.657340723495116e-10
-1.071188443643910e-09
4.833062429307492e-09
4.793702978540229e-09
-1.192466768901928e-09
-1.149510021196545e-09
5.060190198735632e-09
5.371974866296844e-09
5.078737422478067e-09
-1.065354523149663e-09
-1.042448215652678e-09
-1.078129185701067e-09
-1.082998965753515e-09
4.765465669683051e-09
4.903635628200094e-09
-1.086156451452841e-09
-1.109909257544045e-09
-1.173150101122405e-09
5.101223202160157e-09
5.395775474938031e-09
4.326640176882589e-09
9.417520187180194e-10
-1.115023373540646e-09
7.942174759601417e-10
7.763342556675603e-10
9.102314579701939e-10
8.902628338226048e-10
9.454567054484846e-10
-1.099839273223235e-09
9.237484622519697e-10
7.858274166010224e-10
8.127343448397268e-10
8.891424738222616e-10
-1.180521871565937e-09
9.912576926990692e-10
8.737131573178620e-10
7.594774031498968e-10
9.334500788959851e-10
-1.099000078720543e-09
-1.025120473640956e-09
9.449947725667667e-10
7.974964282374150e-10
-2.704305466777354e-11
7.710721536825547e-10
-6.361371313810859e-11
7.884822038887565e-10
9.488717647080186e-10
9.044019143452301e-10
8.778863551003707e-10
-1.103031272009325e-09
-1.039374803025701e-09
-1.034413453152592e-09
4.791606349113790e-09
4.901104952128273e-09
7.915588448902340e-10
9.260721975788626e-10
7.958744812706119e-10
9.339406841009292e-10
8.080976315497498e-10
9.334084677747299e-10
-2.521881839681479e-11
8.264585776290499e-10
-2.897025832086882e-11
7.366077554585282e-10
-4.425115897707186e-11
7.916528830792541e-10
9.182683233928242e-10
-1.074323793225288e-09
-1.083743999352718e-09
7.931845758073199e-10
9.268760079143549e-10
-4.735953236677978e-11
7.867864732125368e-10
9.127744366915424e-10
-1.111536219418682e-09
9.727554789091469e-10
8.433380634650101e-10
7.606025875194194e-10
-4.873617015804371e-11
-9.010222935738489e-12
9.178815897936663e-10
7.985321618387886e-10
7.895347152799919e-10
-5.809386386076467e-11
-1.059516827234439e-11
9.421208080555944e-10
9.088119445600938e-10
-5.700201251851001e-11
8.003078790907083e-10
7.412762304227652e-10
9.128728605901881e-10
9.263771512386227e-10
-1.054358083914880e-09
-1.085712738575610e-09
9.164962357012286e-10
9.035253391434326e-10
7.223106510542456e-10
2.132666548912167e-10
-5.141389811829904e-11
-1.088971446304993e-09
4.990801564713668e-09
4.138714207622102e-09
4.013188043221965e-09
-7.771962617273039e-10
-7.413401373157987e-10
4.068750842781040e-10
3.923815453662669e-10
5.089849600888567e-09
5.113039407808528e-09
4.131785170972690e-09
-1.149480485511228e-09
9.241080713478821e-10
-1.125836520921167e-09
4.302860094329885e-09
5.236438262899355e-09
5.099257284132638e-09
4.214709306017847e-09
4.192873971437479e-09
5.080020820595387e-09
-1.110230372595270e-09
5.277942588054202e-09
5.248720933936214e-09
-1.157373826096109e-09
-1.123244100613496e-09
-1.110716023261815e-09
5.217778143801904e-09
3.989831469017444e-09
4.750623980203081e-09
4.007551292116549e-09
-7.212793681561033e-10
-7.709543117073197e-10
3.943376612750392e-10
4.104828895138731e-09
4.901314194619623e-09
4.961131238114573e-09
4.121911170982628e-09
5.046167944839708e-09
-1.113071856602473e-09
4.117348633864447e-09
4.874471317227519e-09
3.998126482803916e-09
-7.404530300443364e-10
3.879161907646660e-10
4.078700748873652e-10
4.108793282467612e-09
4.974281423949340e-09
4.136884412378150e-09
4.171247786079962e-09
4.813444295936247e-09
5.067283868041397e-09
4.237633821078526e-09
5.099151747298404e-09
4.259261977693626e-09
5.039177582806837e-09
-7.764685543772276e-10
-7.736784529929585e-10
4.068017822197113e-10
5.117082950567082e-09
4.300741254340321e-09
4.327763370465480e-09
-8.361955550710153e-10
4.333277430505824e-10
4.322195789859330e-10
4.193274037248385e-09
-7.514006361148562e-10
4.039485095960502e-10
-7.868967135508116e-10
-7.989335003312789e-10
4.179826113158131e-10
4.113398283322200e-10
4.177729079524993e-09
4.858442408426313e-09
3.875041672277893e-09
4.139241324810347e-09
5.042937329347313e-09
4.863706764253228e-09
4.124304680039094e-09
4.942049175339822e-09
4.114473499744142e-09
4.929224761053393e-09
4.987034537326105e-09
4.149915606379946e-09
4.039954197618016e-09
3.928774503500164e-09
-7.549960265568576e-10
3.937196515818996e-10
-7.163275740237335e-10
3.907260834209754e-10
4.173464963820920e-09
5.077568982757670e-09
-1.113963704563773e-09
-1.090313079574755e-09
4.927657940824487e-09
4.767200656875279e-09
-1.053218714140851e-09
3.888854199043330e-09
4.768373665742697e-09
-1.171296477397198e-09
5.159293611304213e-09
5.205051230974000e-09
-1.159806601541001e-09
9.594580459466658e-10
4.732395263564287e-09
5.102169630833104e-09
5.278127362275062e-09
-1.132097338791508e-09
-1.092263788344065e-09
4.981251868153899e-09
4.990224281821828e-09
-7.958563259928544e-10
4.309262905531040e-10
-1.158166690747720e-09
-1.078306798157158e-09
5.372427755216723e-09
-1.068976714069779e-09
8.687211036119624e-10
5.203883616585910e-09
4.845335095118445e-09
4.081409944559611e-09
3.969157016694534e-09
-7.341799413661300e-10
-7.524999697509192e-10
3.958664768547144e-10
-7.491015085460735e-10
3.991008614877882e-10
4.925866467870792e-09
4.051075264874713e-09
-7.740576359052010e-10
-7.259293294624006e-10
3.981512678095552e-10
5.119977740804090e-09
5.114865495350024e-09
-1.188809898845027e-09
-1.153951650114500e-09
5.084086036212403e-09
4.289168143052836e-09
4.246199961751707e-09
5.011401466522062e-09
-1.042049075082481e-09
9.468523601718694e-10
-1.094076705877903e-09
4.809488605854243e-09
-1.127587108795265e-09
-1.124938132693555e-09
8.785349263460396e-10
9.534030899431271e-10
5.225618770567448e-09
-1.149605159273449e-09
5.061971519549135e-09
-1.036315830195298e-09
9.194234011705760e-10
8.770699127230104e-10
4.936327922154599e-09
1.523497737101509e-10
-3.872115422519120e-12
1.768000058337855e-10
7.533094239966566e-10
4.862207097959849e-09
4.802957218140168e-09
-1.076471195383731e-09
5.037911835282932e-09
3.972379656478575e-09
4.812781552812654e-09
4.831094480912763e-09
3.976307865806426e-09
-7.866494175385005e-10
-7.807763702020573e-10
4.108913467032459e-10
4.057524323663572e-09
4.217852088721603e-09
-7.910248616798942e-10
4.188601275057703e-10
-7.603296763334504e-10
3.904527885846518e-10
-7.601559401981840e-10
4.021504059751285e-10
4.240860993696434e-10
3.932229504422656e-09
4.300499127657546e-09
4.128519164181810e-09
-7.973171289086922e-10
4.272274947997079e-10
4.431676770406925e-09
4.346843513121625e-09
-8.341111509697869e-10
4.342968933609779e-10
-7.223093706567969e-10
-7.539937801308526e-10
3.887675799629208e-10
-7.614977538312184e-10
4.042365544341927e-10
4.083945477693650e-10
-7.915107690737585e-10
4.081687561243876e-10
4.129277594272695e-09
-7.647146666430524e-10
4.101366645046581e-10
4.141505765650410e-10
-8.411009610516805e-10
4.391142556213642e-10
4.398736243225433e-09
4.274040053136859e-09
-8.064370449513482e-10
4.397206992673944e-10
-8.082942239557499e-10
4.407842752652036e-10
-7.439876258687898e-10
4.203014916128664e-10
4.309711728170098e-09
4.346640453924727e-09
-8.384892764961435e-10
-7.227248620224841e-10
3.952202121509227e-10
4.031846843124221e-10
4.022481001239451e-09
4.276682916434988e-09
-7.834221366028566e-10
4.239145294765801e-10
-7.692895906077102e-10
4.180291770968478e-10
4.183804640717388e-10
4.204873596541288e-09
4.199900850459819e-09
-8.152148237308016e-10
-8.148110811885494e-10
-7.474680562661462e-10
3.926039213330367e-10
-7.471698945159429e-10
-7.877659756892791e-10
4.077353125335262e-10
4.165878698790684e-10
-7.731625451082145e-10
-7.442801387327484e-10
4.018109390321509e-10
4.007102563920825e-09
4.138258476668882e-09
4.038143410108647e-10
4.176618473372127e-10
-7.643665509003063e-10
4.159970421340704e-10
5.035790077916677e-09
4.132211539990299e-09
4.148650583805711e-09
-1.082915189420279e-09
-7.645278508681366e-10
4.022760058800993e-10
-7.944470121867301e-10
4.080993632115377e-10
4.097153993980669e-09
-7.470210816822199e-10
1.252244503669069e-10
7.637372707378401e-11
9.425594842393421e-11
1.795043156813792e-10
1.829806995729272e-10
-8.196835225050754e-10
-7.877606458971683e-10
4.327646241249963e-10
4.280759174409690e-10
-7.993147945641814e-10
3.967285258056508e-10
-7.727966215680817e-10
3.991755321038546e-09
4.841623101648726e-09
-7.197951173480435e-10
3.928612777518815e-10
3.993755940482685e-09
-7.351805642260932e-10
3.975541934385930e-09
3.961280178788308e-10
4.012726858078267e-10
-7.723016331828585e-10
-8.039000155550001e-10
-7.820548471148046e-10
-8.068259002492255e-10
4.171314643847263e-10
4.134063121944516e-10
4.224686760166105e-10
-8.205976023231849e-10
4.155842847423004e-09
-7.784768669320233e-10
-7.544222850586557e-10
4.033137028956191e-10
4.259972843167559e-10
4.083505408601605e-10
-7.026617209394689e-10
-7.463076543353313e-10
3.920916935628161e-09
4.039584069352541e-09
4.749261945077152e-09
3.831012111149765e-10
3.915342901116077e-10
4.112851965243840e-09
-7.667928076283912e-10
-7.284333279674797e-10
4.015026978098082e-09
3.962140267703479e-10
3.986914084964451e-10
3.929368561182753e-10
-7.305405931063294e-10
-7.611912733325002e-10
4.058206639437375e-09
4.865361943979503e-09
3.932588169030231e-09
3.968590938781794e-10
4.033252338682599e-10
-1.686899871071356e-11
1.173578298620413e-10
1.947598363661452e-10
1.864379009936298e-10
6.331066947919727e-11
7.856144311917253e-11
7.225391854837032e-11
1.666750640863289e-10
-1.936750062412207e-11
-4.811587037602310e-11
8.167089372285434e-10
9.019602345379670e-10
-1.024412916310835e-09
-1.084818161745407e-09
3.999163111913591e-09
4.965308233462132e-09
5.062688765527310e-09
4.997083008630030e-09
4.049706234721060e-09
-7.791735511223286e-10
4.312439682498241e-09
5.027227410688001e-09
4.166241383604665e-10
-7.615725026772217e-10
4.109008224954174e-10
3.916770692520460e-09
-7.402594480259054e-10
4.086403516787479e-09
3.909866034778006e-10
3.924970305550185e-10
-8.100714413146293e-10
4.210544333970276e-09
4.197838375494262e-10
4.310810626559311e-10
-7.909280645718743e-10
-8.428709426904916e-10
4.270414243007223e-09
-8.181587372796610e-10
4.410647941523453e-09
4.404410604785833e-10
4.362854517279050e-10
4.336223025264409e-10

EL  1  1102  double
6.510030130852142e-06
7.603757749722967e-06
1.366864542507915e-05
2.113980180522015e-05
1.458738178316472e-05
1.138737365778965e-06
-2.993318185468728e-08
4.108550070705158e-07
-2.047966224928580e-08
2.943414056954625e-07
7.984261503111848e-07
1.443282399440339e-06
2.008317298675369e-06
1.979178027080234e-06
4.699681812732670e-06
4.805809453362589e-06
1.075685148542771e-06
-5.013424923963336e-08
1.097341693060935e-07
1.411053169462014e-06
2.996455008021231e-07
3.267706197750210e-09
1.908900315816893e-06
1.056487187142667e-06
1.167883384712356e-06
-4.860172927688394e-09
-2.275791479901684e-08
1.009425256166015e-07
1.669333589990115e-07
7.983466635795134e-08
2.238008839907015e-07
1.295468505087425e-06
1.322249997739434e-06
1.377395721848101e-06
2.217286638711638e-06
2.080896582734695e-06
1.224142488611528e-06
2.264458508419675e-07
3.912092498233935e-07
1.406979696977376e-06
1.679339532063431e-06
1.995236149018518e-06
1.162154417852877e-06
7.028306557530402e-08
4.424651659514615e-07
1.378543614385042e-06
1.297383914550756e-06
2.130033170184596e-06
1.728635761285732e-06
-4.248895539064604e-08
6.578236525737478e-07
3.769044891006760e-07
-4.283608752784527e-08
2.974043986170193e-06
2.029473884627710e-06
1.031663649795880e-07
5.266574168168945e-06
8.929613706572805e-06
3.374417660688181e-06
7.707516973134604e-06
5.315462354638870e-06
1.405719871367184e-06
1.954253281182086e-06
4.436279221656849e-06
1.071470983055073e-05
9.358385704306960e-06
1.360337368968586e-05
2.133284609002649e-05
1.928901250013799e-05
1.173539879697932e-05
5.145452841676574e-05
5.848061963639617e-05
5.456173817441392e-05
4.727291255271994e-05
5.439731162677753e-05
4.794798545953573e-05
1.357724383720155e-06
4.809582125352327e-06
4.222926449530728e-07
-2.183678018559171e-08
1.601306197747964e-07
-1.831726323990542e-08
3.325031301315321e-06
1.729758731275416e-06
1.243253071237489e-05
2.007460187006976e-05
3.700130247252668e-05
4.640877623939857e-05
1.735057365711949e-05
9.209445904595357e-06
1.504422613998039e-05
5.341118608893995e-06
5.379321539208158e-06
1.057195029057124e-05
-2.843323999281928e-08
6.973964893373594e-07
-4.038667565695597e-08
7.370361166680963e-07
3.465828919154167e-06
3.361940301438249e-06
1.164518511161079e-07
5.030146705504531e-06
1.234248803111688e-05
7.606954456078979e-06
1.538798666251410e-05
8.409492942207783e-06
5.694752240749439e-05
6.063144488110744e-05
5.690849939666927e-05
5.128614063690580e-05
5.345551567945594e-05
5.929582104455212e-05
4.920626672178113e-05
5.312116191213278e-05
3.156445639234566e-06
4.206726836528201e-07
2.415891522490447e-06
6.261654759228189e-06
7.171807144205757e-06
-5.111604851211994e-08
4.905319191383771e-05
5.254576739014876e-05
5.893134492995773e-05
4.520657186386681e-05
4.679761272392475e-05
3.780020953113276e-05
4.755064184479701e-05
4.709267760580465e-05
4.404513333538656e-05
3.888594908852242e-05
3.751971565296576e-05
3.829349463513834e-05
4.543045963259133e-05
4.749485874564385e-05
4.125289166013207e-05
3.027144680173568e-05
2.919681390535759e-05
3.526145837318279e-05
3.555554707506350e-05
3.912055028145204e-05
3.923810683145512e-05
3.161459183167037e-05
3.093448000118939e-05
2.970612349630177e-05
2.171281712942716e-05
3.516082963252646e-05
4.357946769623933e-05
3.370219115652324e-05
9.515789072438899e-07
5.555393264482591e-06
2.007380967797681e-06
4.002391103965455e-06
2.674171669731034e-06
4.660653747063520e-06
3.352833925868753e-06
8.324240779868207e-06
5.637111480802152e-06
5.293038794752675e-06
1.022330859078612e-05
2.896432834064752e-06
9.622614290948936e-08
6.170297286441541e-07
-5.724627878565761e-08
3.290356627435890e-07
1.498798087844381e-05
8.370176745427241e-06
2.493842360489253e-05
2.102040511396387e-05
1.274205249717118e-05
3.885172057164126e-07
-2.456583645143139e-08
1.918647014655922e-06
-4.080067010211532e-08
3.898560354228542e-07
1.793105850064287e-05
1.726646646866841e-05
1.141679753741723e-05
1.142300453835935e-05
2.661249993701472e-05
5.157155672119822e-06
5.476583022241354e-06
1.037006285304619e-05
-3.897687098765522e-08
9.480628596169427e-07
3.420817243196670e-07
-3.153945747590515e-08
2.404034617327183e-07
3.127791747942182e-06
1.893737067495166e-06
1.761414685825120e-05
1.552178617076818e-05
2.114982691973150e-05
1.313254364902712e-05
2.474774681985904e-05
2.669595984378633e-05
1.772339453030051e-05
1.727455418973633e-05
2.564141274335858e-05
2.536503281632688e-05
1.604928094622767e-07
-3.818862216359014e-08
-5.519174404985357e-08
2.013086951829811e-07
-2.093938031656718e-08
4.191105500445060e-06
5.713583336920060e-06
1.023231465735393e-05
1.256572044667502e-05
6.693586249730964e-06
4.933482475187410e-07
1.742851480177503e-08
-4.759747493532496e-08
-1.741860791553739e-08
3.791571435410964e-07
2.104454451683189e-06
2.027836740250727e-06
1.263030188169697e-06
4.665669881111070e-06
4.379456212266134e-06
1.954478005046939e-06
1.081116587155893e-06
1.957835626269738e-06
4.322686473723872e-06
4.554043058859761e-06
4.158115555695817e-06
1.597008130328458e-07
-3.861830134734349e-08
9.146120346845499e-07
1.266661463370223e-06
3.038811162131303e-08
3.129403377881454e-07
-3.386978776967182e-08
-5.540289267834381e-08
8.413794799165546e-08
1.055770302683566e-06
1.329702354786416e-06
1.304473394056644e-06
2.404914580223810e-07
1.068600949942656e-06
2.247500572092893e-06
2.121019167276617e-06
1.482565826947234e-06
1.919701204320948e-06
3.103457097549720e-05
3.403141737275944e-05
4.127200602700037e-05
4.603935482935629e-05
4.963385404037535e-05
4.365903102416592e-05
2.561942879997262e-05
3.024937058207265e-05
3.355875895204176e-05
3.979178564142772e-05
4.256261896308453e-05
2.351098310883560e-05
1.980383194982938e-05
1.341757748947269e-06
1.930128754690401e-06
6.106754067416276e-07
1.914531745042740e-06
1.818617720633058e-06
2.029323461999795e-06
1.929323953775155e-06
1.529330483626380e-06
2.069396264261904e-06
4.865021154379524e-06
4.627064420711270e-06
4.845286008603388e-06
6.044740538860526e-05
6.140817906361018e-05
6.153001120804388e-05
5.911968140632453e-05
2.389734339219066e-07
2.131243112161204e-06
1.516483206205443e-07
-3.952383936523833e-08
-6.346958666901397e-08
6.595219456244314e-07
-4.234488440030920e-08
-3.231249550060261e-09
9.171783153698558e-07
1.124873698503712e-07
1.125105185422650e-05
1.322579961979885e-05
1.876755220897783e-05
2.068286949667208e-05
3.288157640968431e-06
4.139543770004737e-06
1.140494665267438e-06
1.871565429366429e-06
-4.717827273102469e-08
2.054018238266828e-08
3.065448041099318e-05
2.155550783791564e-05
1.493865327686755e-05
1.780450902486928e-05
1.307867462017410e-05
2.084510105008562e-05
2.811356479687031e-05
1.457517925653564e-05
2.846443598240831e-05
3.047196981775416e-05
3.786085555926414e-05
3.439842394145278e-05
2.965542346511426e-05
3.828342762849053e-05
2.176740816931599e-08
1.743705020300039e-07
1.912262035265393e-06
1.400607967782534e-06
1.027009790600589e-07
7.395825822418632e-08
5.891437025698580e-05
5.399510552285802e-05
5.806366154595989e-05
5.372935798033641e-05
5.091637888970638e-05
3.120940955308227e-05
2.908975372717278e-05
3.478651032003612e-05
3.849267241981630e-05
4.567851236351183e-05
3.657128891096892e-05
4.321423719144681e-05
4.645678822983019e-05
3.221347218627321e-05
2.743952943691821e-05
2.754413634959039e-05
3.044529924054924e-05
2.029183930080309e-05
2.366953119293587e-05
2.619925332336023e-05
1.559061177106642e-05
1.535201415249823e-05
1.247323439526443e-05
9.374829272656699e-06
5.365644406558567e-06
1.222467428543603e-05
2.152176518526785e-06
3.684875050071725e-06
7.814194641613088e-06
3.799468623569171e-06
3.786940214561932e-06
7.617768957797039e-06
9.090017446422853e-07
7.055676894772083e-07
-1.985898697505817e-08
2.443666352028202e-05
1.807172796523539e-05
3.303102289954858e-05
2.814834763071576e-05
1.735998554765545e-05
2.332292428394106e-05
1.400626704470637e-05
2.029004275537036e-05
1.034177481535006e-05
1.697112404696212e-05
1.067921474799477e-07
-1.662801309565492e-08
7.968421664471974e-07
-3.231855669116355e-08
8.294689916691660e-08
2.105658552129673e-07
3.145857172160302e-06
7.871062425057081e-07
7.555996473714291e-06
3.875756875666765e-06
3.988091197221459e-06
9.238120518530190e-07
3.090649653433838e-05
3.861615015061588e-05
3.000938438848436e-05
2.144437792787282e-05
1.464100178331168e-06
5.049929826220164e-06
2.695432513993222e-06
3.270737698232814e-06
5.503908409682834e-07
1.870021217802714e-07
4.034945355560609e-05
4.257156740818288e-05
3.370396663367920e-05
3.473195343757428e-05
2.332051055445385e-07
1.208609300193672e-06
1.929441455200317e-06
2.001384684044743e-06
1.634339011152004e-06
3.440969163586652e-07
1.542977931118496e-06
9.768231771492424e-08
4.769027167682583e-07
2.377499369913313e-06
4.422928846812657e-06
1.167138983527633e-06
2.938993849680326e-06
4.355644764943466e-06
9.093794839949566e-07
-5.478756576441598e-08
-2.429145679802242e-08
3.462617850229363e-07
2.981629143537724e-06
6.984226414212350e-06
7.975886441858738e-06
2.878531841390917e-06
3.623211756409072e-06
2.720357223986903e-07
1.792635207508244e-06
7.583269243675120e-06
7.112962322790733e-06
3.528605896715237e-06
1.419692897977994e-05
1.614998199573051e-05
2.672640432727510e-05
2.001724145463738e-05
1.411157519779980e-05
5.277144178221666e-05
5.091816926533243e-05
5.606672127610333e-05
4.919007625706973e-05
5.650292277982154e-05
1.588040138265710e-05
2.624312386974806e-05
1.930888866706927e-05
9.029697824133309e-06
1.192401639616423e-05
5.490187863636766e-06
3.659046919114693e-06
1.091763997811379e-05
4.245142808045322e-06
7.662827653138838e-08
1.180116577057220e-06
2.285019399198691e-06
1.752303444036568e-06
2.314940077115261e-06
1.798720095057218e-07
2.520015321723297e-08
1.085947855163960e-07
1.190017868477316e-06
3.142926560578258e-06
6.025517706259968e-06
4.462788361038566e-07
7.302970323324427e-06
1.532169625446539e-05
8.081353584884111e-06
1.471642594469814e-05
2.105168168097870e-05
2.211812091839407e-05
6.683309104135604e-06
2.542112937994439e-06
1.671536824784708e-06
4.918012621382796e-06
3.382314691508253e-06
5.943787539528367e-07
2.194627028740190e-07
6.156558647954544e-06
1.327012819331575e-05
1.084099325095844e-05
7.499363626412988e-06
1.443789434713648e-05
1.419124652837232e-05
7.463839277599563e-06
1.389286597623506e-05
6.814084424548372e-06
2.098090848439969e-05
-2.908822023605059e-08
7.577600391718063e-07
8.068376482743762e-07
1.172531454498192e-07
1.294703078079506e-07
-3.495653907275697e-08
3.683910116331946e-06
2.235499076606947e-07
-6.350883976825967e-08
2.194591201371500e-07
1.293679255413614e-06
1.343701617245883e-06
2.130620463211573e-06
8.675774056161437e-07
1.441730184185755e-06
2.013485136925249e-07
1.319780354963407e-06
1.973144957671798e-06
1.889933648205207e-06
-2.395433520281686e-08
2.896344416650523e-07
-4.291296616656949e-08
2.100369289665084e-07
-4.525980463894651e-08
1.582903424537419e-07
-1.151138960672375e-08
3.249597375151419e-08
5.011805003580448e-07
2.166273520700339e-06
1.333561006367473e-06
2.155617077340777e-06
1.386286732371038e-06
3.820420174819234e-06
1.839759580547990e-07
1.071099862103636e-06
4.894228582261834e-08
-3.150523333952483e-08
1.305887658167699e-06
1.941894474580537e-06
1.423283712972702e-06
1.997162901460637e-06
2.025182150772470e-06
1.227170115207112e-06
1.194124402453611e-06
2.072450684207563e-06
2.012132932108749e-06
2.070262145485184e-06
1.366283996852737e-06
1.245315937937051e-06
1.546669182153574e-07
-4.722335665747083e-08
2.359751889755340e-07
3.579748954263772e-07
2.162921300572166e-06
1.230306137649494e-06
1.395462301861772e-06
2.040281508127840e-06
4.001084444323262e-06
1.279359345163739e-06
1.377490752570713e-06
1.989046123574359e-06
2.124332238336927e-06
8.117925331736439e-08
2.158137043339123e-06
4.116819776115309e-06
2.632201018912440e-07
2.436886964763674e-07
4.360868984084753e-06
-5.765384884456471e-08
1.770140618911064e-07
-4.725559132982537e-08
-2.719394792912199e-08
2.813166918959811e-08
6.049800088489235e-07
1.132593047218994e-06
1.928375839464497e-06
1.933015906149712e-06
1.373069357661730e-06
1.994399854225640e-06
4.970943279055312e-06
2.237092430887996e-06
2.434497205606654e-07
4.153320391384215e-06
4.358453230673527e-06
2.354243390507875e-07
2.130777912224004e-06
1.969344423108984e-06
4.818981752067574e-06
4.605275587532124e-06
2.054095781824557e-07
2.202063757089369e-07
-4.873015793245300e-08
1.717256924408828e-06
1.477055422929136e-06
1.924466537206620e-06
2.136254933683170e-06
4.041909907009914e-06
2.894959671456198e-07
1.779730126433893e-06
1.468291381273526e-06
1.295537625800822e-06
-2.604392460906007e-08
3.670921368912509e-07
9.435638579024418e-09
9.390351864422765e-09
-2.186132944961865e-09
-2.667494353227977e-09
1.198924101493550e-09
-2.312993733475551e-09
1.167457757272943e-09
1.128987521206600e-09
1.491510527700471e-06
3.296356151738008e-07
-5.796632479982183e-08
-1.998418711931435e-08
1.418827958733047e-06
3.819605354150564e-07
-3.691698933266831e-08
6.312396437628723e-08
1.690292910571947e-07
4.144387356916585e-07
1.505272969692764e-07
1.356706727025234e-06
1.328715557080913e-06
2.090084736405532e-06
4.640965291232849e-06
6.466849691618599e-09
3.586699711651248e-07
4.101096413354126e-07
4.971451222713254e-08
1.214765803780569e-06
1.362989903819967e-06
4.125718172890852e-07
1.363148813907017e-06
1.406622068986891e-06
1.322553877487347e-07
4.135155765066616e-06
3.838149033722280e-06
2.665429507597901e-07
2.065972269753719e-06
2.067029523588539e-06
1.804679552796752e-07
4.810541311450263e-06
4.703793840589215e-06
1.943270923039490e-07
4.632598440789561e-06
4.342413498828857e-06
2.272371603886023e-07
4.205153964968514e-06
2.089122717145684e-06
2.058770301182680e-06
2.216486604083881e-07
4.612889316182014e-06
2.187409783514078e-07
-5.204138231481646e-08
1.481374479853034e-07
5.056056600324021e-06
4.722942401386331e-06
1.417143837631321e-07
1.905908696942036e-06
1.386519301578372e-07
5.157628410241243e-06
1.348937797046687e-07
4.696228292581171e-06
1.769290890704531e-07
-3.505817448884049e-08
1.586794872525266e-07
4.491286482380283e-06
2.511804579529004e-07
-4.533202100677615e-08
-3.493712377071746e-08
4.240443782188478e-06
2.196236683168743e-07
1.956402578303453e-06
4.390398078913108e-06
4.003935543701779e-06
1.922051336267526e-07
2.587349253884564e-07
4.112652575595252e-06
3.056863530731604e-07
4.085610230613762e-06
3.090079111154885e-07
2.545404809755153e-07
4.602449642380638e-06
3.916316844567245e-06
2.132001525287092e-06
2.049067373080146e-06
4.051086987845619e-06
2.003533605319644e-07
4.938852131558523e-06
1.946876585492396e-07
-4.454016229399863e-08
-4.337996150815789e-08
2.761162218459677e-07
2.241909257205153e-07
-5.572744018862595e-08
-4.929401039140113e-08
-6.421945881226843e-08
1.873024844795563e-07
1.951256555117712e-07
1.859176466065397e-07
1.902572577797946e-07
-4.211150298043160e-08
-4.207130349872170e-08
1.780213830920568e-07
2.378573981253535e-07
1.832868619661657e-07
-3.863601245573307e-08
-4.639108441224031e-08
1.128717973564523e-08
4.484183053470500e-06
1.959359362420258e-07
1.989389797278516e-06
2.061873480747784e-06
4.711134422771701e-06
4.210309470647007e-06
3.862241710010239e-06
2.927736693600656e-07
3.849789288663467e-06
2.166671638157010e-06
2.001104265617913e-06
4.031865435314503e-06
2.671810643713214e-07
3.996764171128397e-06
4.579761940653284e-06
2.170829413117981e-06
4.064109240565473e-06
2.532888413223350e-07
2.898174641939612e-07
4.056807437290378e-06
1.944923621691241e-06
1.274948546208097e-06
2.251826671592295e-06
1.523369841284934e-06
2.046571578427542e-06
4.713518833967580e-06
4.710712624301310e-06
4.725256746065894e-06
1.756105028708079e-07
1.951331152204910e-07
1.930891546004976e-07
-4.062769540535663e-08
-4.161863096379994e-08
1.923939096653822e-06
4.192763601846918e-06
2.166888816787695e-06
4.071825492535125e-06
2.197307030872961e-06
3.830627446200127e-06
1.278062056084126e-06
2.096126928675443e-06
1.125779419940004e-06
1.997042249361027e-06
1.384958026965387e-06
2.082302728186374e-06
4.517381936100426e-06
2.323733047057076e-07
1.677155641745691e-07
2.003032363552937e-06
4.475360409617917e-06
1.484651326176865e-06
2.166409911451331e-06
4.145562679379354e-06
2.320487351427305e-07
4.229345186379136e-06
2.238606332600762e-06
1.896807129552435e-06
1.436296572600231e-06
1.814346366342794e-06
4.166320045233757e-06
1.998957507560288e-06
1.965902921936295e-06
1.639292231072047e-06
1.350867631032029e-06
4.516084157128393e-06
5.022433586291739e-06
1.516247508122405e-06
1.949839165061155e-06
2.013491775290192e-06
5.113048392274596e-06
4.708854842327997e-06
1.596646121996718e-07
1.665925006981871e-07
4.604231179290571e-06
4.720572161520444e-06
2.036243954227677e-06
2.779188525852659e-07
1.366955173671508e-06
1.722573967032403e-07
-4.241063981257943e-08
1.117201099103107e-08
1.152883500743909e-08
-2.792070660466934e-09
-2.823241282085135e-09
1.398482628505502e-09
1.388520500656101e-09
-6.139617453189209e-08
-6.522524517367444e-08
1.639652212922722e-08
2.663940493675128e-07
3.972279517793970e-06
2.775077698838015e-07
1.574823628729991e-08
-5.716433077386226e-08
-5.269215016689330e-08
1.324071366259100e-08
1.420158349535082e-08
-5.520211507491974e-08
2.299560653917471e-07
-5.173729088822570e-08
-5.746924771661921e-08
2.270445841983237e-07
2.415344554634546e-07
2.711702442708288e-07
-6.195582811093066e-08
8.729743837681838e-09
-2.736602614188649e-08
7.893215021942311e-09
-1.936706435201026e-09
-1.935470381782476e-09
9.684982848582798e-10
1.483484340134058e-08
-5.286327738031256e-08
-6.023691768155502e-08
1.573738325230221e-08
-5.837458566707052e-08
2.676515462696457e-07
1.337918914024555e-08
-4.891467205819372e-08
1.301538127516299e-08
-3.215776464786393e-09
1.582123623433888e-09
1.674600594754081e-09
1.664962252416956e-08
-6.243879471766661e-08
1.702395801705243e-08
1.622976606177050e-08
-5.421279637889255e-08
-6.552662987354621e-08
1.723643116977875e-08
-6.520482514305735e-08
1.549315800333413e-08
-6.267654243978712e-08
-4.069382540305341e-09
-4.239253499611178e-09
2.090252397695048e-09
-6.114285696712802e-08
1.612096659028927e-08
1.600676992290955e-08
-4.100793434956378e-09
1.973606952636694e-09
2.037484440378435e-09
1.556554717760705e-08
-3.774789360670122e-09
1.850932352230338e-09
-3.728265429313363e-09
-3.991879272303003e-09
1.937896011160513e-09
1.965226207281057e-09
1.762548834280958e-08
-6.495862507236430e-08
1.684720385861343e-08
1.209618774247334e-08
-4.954195913897324e-08
-6.234658445609410e-08
1.488216306881653e-08
-2.955440156265952e-08
8.351241823313221e-09
-3.008968688324136e-08
-3.678451813181672e-08
9.235628727180882e-09
1.259069980857697e-08
1.174595960289418e-08
-3.019458733429235e-09
1.475278557744633e-09
-3.107406783525547e-09
1.547162589415162e-09
1.245943614642142e-08
-3.865796594724772e-08
1.457614214311431e-07
2.146787810486716e-07
-3.254940513153329e-08
-4.114147579737265e-08
1.991433473653341e-07
1.175577592501135e-08
-4.713486056564384e-08
2.386236115169776e-07
-5.684079845864706e-08
-5.394154976632802e-08
2.621846283583916e-07
3.879928162175876e-06
-4.710513740040399e-08
-4.250572075346569e-08
-4.460564376076709e-08
1.990349455759895e-07
1.853407963355323e-07
-4.176273272544165e-08
-4.614084852074168e-08
-3.404065292465515e-09
1.809841439303560e-09
2.085850304271579e-07
2.401792517686940e-07
-5.138109231015392e-08
2.180354663394302e-07
4.162489034324155e-06
-4.929044724570431e-08
-4.166840668994389e-08
1.111624896760344e-08
1.104696574997243e-08
-3.072655742317459e-09
-2.824880537202757e-09
1.485921965834471e-09
-2.673210067714800e-09
1.378537132301536e-09
-4.773292909337444e-08
1.356838638613706e-08
-3.581279247145582e-09
-3.038761641070838e-09
1.667429762712952e-09
-5.306695897297192e-08
-5.793772575092472e-08
2.630138326038876e-07
2.359679832179172e-07
-5.074239785649132e-08
1.505389771478130e-08
1.446394943192843e-08
-5.353650613417981e-08
2.492393148320651e-07
4.536145318242338e-06
2.058095808081330e-07
-4.981528578027035e-08
2.449728093460490e-07
2.360479311079807e-07
4.300548673867968e-06
4.083362556014014e-06
-5.348603375792465e-08
2.386072737228932e-07
-5.307791854382213e-08
2.407761625358538e-07
4.110860437215154e-06
4.415815416496876e-06
-5.046275467595485e-08
7.581267959463795e-08
1.289163290736142e-06
2.878745056093330e-07
2.009224336480920e-06
-4.091994848984143e-08
-4.288049300796488e-08
2.039638365023631e-07
-4.332605807640934e-08
1.129058503222544e-08
-3.565625207412968e-08
-3.376296366094222e-08
9.496266735500463e-09
-3.943980772714578e-09
-3.769559165070811e-09
1.934824689627921e-09
1.429759682567521e-08
1.581934480406537e-08
-3.467017751686674e-09
1.816755700632428e-09
-3.120136593707423e-09
1.583418331642275e-09
-2.808433644928984e-09
1.486177913231777e-09
1.445521514557011e-09
1.288506340570404e-08
1.165647115200890e-08
1.207340047781260e-08
-3.185378122915124e-09
1.753217588848861e-09
1.272439886947269e-08
1.391581929463034e-08
-2.992035096660179e-09
1.541218791281888e-09
-4.309606859473815e-09
-4.043085668204633e-09
2.116434657770002e-09
-3.267880210170348e-09
1.844598524467982e-09
1.503653037881914e-09
-2.819065278095116e-09
1.368582113513738e-09
1.171742362809723e-08
-3.018510643843233e-09
1.607582346828125e-09
1.467066057434864e-09
-3.377789829344342e-09
1.751280374651525e-09
1.340166803549773e-08
1.375014568070526e-08
-3.302753366439126e-09
1.667932922123440e-09
-3.750729830089287e-09
1.823447375773267e-09
-3.420444893358797e-09
1.732242780833277e-09
1.399014670523736e-08
1.438052160504221e-08
-3.523264329950280e-09
-3.237724652068690e-09
1.725369704086781e-09
1.497112556677167e-09
1.395188238918915e-08
1.452174922055866e-08
-3.565228339280754e-09
1.830716182922919e-09
-3.996461733145706e-09
1.983189978959097e-09
1.974299931219452e-09
1.577254636583469e-08
1.616631598508470e-08
-3.805990297749330e-09
-3.794782635903875e-09
-3.649818986062368e-09
1.966001654942224e-09
-4.118338320379942e-09
-4.262751268859219e-09
2.113084655732993e-09
2.136353692475183e-09
-2.890134380227741e-09
-2.958603752965240e-09
1.467059844505824e-09
1.148648915661288e-08
1.194082061823058e-08
1.537579796517775e-09
1.467280306542272e-09
-3.222551746844315e-09
1.560456614400681e-09
-5.048608428290000e-08
1.353066463646434e-08
1.265477273604308e-08
2.224052819280668e-07
-2.812900880578054e-09
1.394244712094544e-09
-2.946280734669772e-09
1.401031195558147e-09
1.111644434416397e-08
-2.697976628742043e-09
1.363539738753203e-08
-4.088367046637477e-08
-3.287685284566912e-08
3.232942107211247e-07
2.225434803319635e-07
-4.081624866797089e-09
-4.306419011738070e-09
2.123136325024468e-09
1.941135310059346e-09
-3.713663411293854e-09
2.162057596663884e-09
-2.893183921171996e-09
1.168806337875870e-08
-4.317386434202671e-08
-2.834851739528947e-09
1.431182909883088e-09
1.118663097430468e-08
-2.678302817238376e-09
1.099654978934039e-08
1.382052093633813e-09
1.371750417240531e-09
-2.814089082878240e-09
-3.522299406778757e-09
-3.644601979802035e-09
-3.597317072706282e-09
1.829668962166332e-09
1.691530859268795e-09
1.813974047053183e-09
-2.655972514936781e-09
1.031467119318175e-08
-2.376775869912308e-09
-2.069587223569646e-09
1.124890026723951e-09
1.271943090169087e-09
1.013273785029594e-09
-2.708909506187581e-09
-2.777614805494620e-09
1.107952085607343e-08
1.172572647235700e-08
-3.977303353941196e-08
1.373082839742391e-09
1.447024116904451e-09
9.648611449309316e-09
-2.239667827330590e-09
-2.390648212699173e-09
1.078315271724522e-08
1.063484130255680e-09
1.162393510005941e-09
1.355503938001179e-09
-2.344822025946892e-09
-2.894996905526226e-09
1.049141455005198e-08
-4.469076103219853e-08
1.306506888698683e-08
1.297736463098118e-09
1.651432190559396e-09
1.057278637862481e-06
-3.363500396026456e-08
2.504514344096283e-07
2.592829012964723e-07
-4.288783009905489e-08
2.327733998843441e-07
-3.553687337848264e-08
1.644573303351355e-07
1.612564423778273e-06
1.209484119503396e-06
2.200912112420129e-06
4.509646238389676e-06
2.094179607416078e-07
2.005629894292957e-07
1.230572923666426e-08
-4.303019425564840e-08
-4.933307990271279e-08
-4.396233295119788e-08
1.343476816531742e-08
-3.417306488719844e-09
1.380256581655980e-08
-5.341397551863371e-08
1.693741592259716e-09
-3.033735754199804e-09
1.656422277971656e-09
1.391067232738508e-08
-3.342359194788428e-09
1.265052887056471e-08
1.721757424048357e-09
1.549517009767660e-09
-3.611741858512535e-09
1.349203563348001e-08
1.928721508365787e-09
1.717090018460336e-09
-3.222240481348004e-09
-3.565483535934722e-09
1.456895250269096e-08
-3.033685127566192e-09
1.360334702819314e-08
1.662323642997291e-09
1.430968693563736e-09
1.846497640968435e-09

DA  1  1102  double
4.281718565172731e-08
4.446622961113437e-08
6.748850243151922e-08
7.962764635239978e-08
6.784367340772421e-08
-5.416123849040522e-09
3.556332489362601e-08
5.501128859518877e-08
2.041067532499584e-08
5.208035215314894e-08
-1.606996528380468e-08
-1.879368823669427e-08
3.105514447965148e-07
3.547217606973090e-07
-7.020987717629640e-07
-9.113508917347072e-07
-3.739215318162265e-10
2.619858172010180e-08
5.796749292371079e-08
-1.789716664146127e-08
5.130430611975699e-08
1.619899304551825e-08
3.060472982097868e-07
-4.522858056650681e-09
-7.797895276149413e-09
3.345755353230930e-08
4.867586841132682e-08
4.393750133573438e-08
2.063451804910837e-08
1.968805505790212e-08
4.471282323961259e-08
-2.871286036252406e-09
-6.882424277634368e-09
-3.893727619753044e-10
3.194686885889674e-07
3.142817218090953e-07
-1.885421656916041e-08
4.587750564130432e-08
5.187411574669408e-08
2.141074303337188e-10
-2.329995488855892e-09
3.144506598156896e-07
-2.363956166497438e-09
3.756894142703842e-08
5.438002486486095e-08
-1.344316708702615e-08
-1.071557162423308e-08
3.550085443466365e-07
-1.484304798728759e-08
2.358446319783331e-08
2.166962845181742e-08
2.263565117304832e-08
2.086630516418238e-08
3.823136050202994e-08
2.999685658025750e-08
2.144413628130339e-08
3.764814652209337e-08
5.332930278634855e-08
3.048055717625778e-08
4.712455362939589e-08
3.947960251603300e-08
2.758121082950272e-08
3.100516880746848e-08
4.024136194462731e-08
5.669656523388565e-08
5.101230784958239e-08
6.685217503116132e-08
7.908187539924698e-08
7.419300876499252e-08
6.165252468118504e-08
1.340449808352691e-07
1.428009852741738e-07
1.342168783622389e-07
1.224268551574423e-07
1.328291984666512e-07
1.294237166570234e-07
2.758000515600418e-08
3.735978842569271e-08
2.507237416138625e-08
2.089927799255778e-08
2.293266037472718e-08
1.872968486459702e-08
3.349785847906848e-08
3.452261643783797e-08
6.472323477979348e-08
7.485728867490876e-08
1.076055377242319e-07
1.221092365691887e-07
7.492449626989378e-08
5.055117561677284e-08
6.739397430654821e-08
3.999396634920493e-08
4.202557544030186e-08
5.558451748243684e-08
2.062080767841672e-08
2.650826214785649e-08
2.308454864194366e-08
2.394853844922461e-08
3.875018064365998e-08
4.061186618384205e-08
4.876314686415957e-08
3.470546121137764e-08
6.605269049512484e-08
4.720984028241017e-08
6.301372934999090e-08
5.207324790942391e-08
1.398223780133630e-07
1.442597527867561e-07
1.403727635039207e-07
1.303351074396257e-07
1.346979221045391e-07
1.405595030991024e-07
1.278238827729925e-07
1.348197318942847e-07
3.939970336538374e-08
1.938057915198000e-08
3.463044446987366e-08
3.887427081819840e-08
4.495103168006120e-08
2.381873054484091e-08
1.263746290566834e-07
1.327757751126454e-07
1.417174491891140e-07
1.221395190134955e-07
1.270890758617065e-07
1.084622359633514e-07
1.270774699713182e-07
1.230998277218318e-07
1.245703954490112e-07
1.137970421028813e-07
1.079618757332558e-07
1.092198316725368e-07
1.213835162663862e-07
1.281120396834498e-07
1.174271596521614e-07
9.504696203667150e-08
9.739360910896605e-08
1.060935470317928e-07
1.064824655099055e-07
1.099053703398898e-07
1.144536560000635e-07
1.006445782757987e-07
1.010973680108873e-07
9.963529874163288e-08
7.990737198032057e-08
1.035234535064468e-07
1.194760027756824e-07
1.034096827640566e-07
2.901940996812931e-08
3.780226638978089e-08
3.274007936961931e-08
3.320156123096189e-08
3.312095646619567e-08
3.961904258422899e-08
3.416675984845151e-08
5.110402145186611e-08
4.003032320880458e-08
3.771615095998373e-08
5.543115993924571e-08
3.929246694038669e-08
1.958676924585953e-08
2.389912011790374e-08
2.629893894452252e-08
2.207162610404617e-08
6.441975481475603e-08
5.027326893475193e-08
8.794086675255750e-08
8.069752847225371e-08
5.937664154139191e-08
2.569358422165897e-08
1.836476922061236e-08
2.792671850352019e-08
2.048350412559734e-08
2.393548750687439e-08
7.029796516138888e-08
7.005567674371940e-08
6.138085329876604e-08
6.271359258796929e-08
9.243195323733710e-08
3.886574686315111e-08
3.810114041646421e-08
5.727605426500763e-08
2.200428885586477e-08
2.921356846704325e-08
2.100922891078535e-08
2.109148271620670e-08
4.313952645091645e-08
3.282729155958907e-08
3.471117447871000e-08
7.085439008096033e-08
6.609525162981656e-08
8.208888902594178e-08
6.285942083704818e-08
8.673652832662831e-08
9.274143595187254e-08
6.995413866390234e-08
7.277675444658459e-08
8.859819084599119e-08
8.843584529593215e-08
4.472329137061021e-08
2.450415980641674e-08
2.673724377637423e-08
4.689821618285866e-08
2.244888343396024e-08
3.555490064815124e-08
3.865459680855724e-08
5.756249217137052e-08
6.164996607114340e-08
4.345113173494247e-08
2.420388783262396e-08
2.001763006051577e-08
1.926658720457564e-08
2.256596365830217e-08
4.987121374146285e-08
2.943405746288845e-07
2.980676108732313e-07
1.500394034487466e-09
-8.050853983371058e-07
-6.734871790113226e-07
3.265877217387586e-07
-3.914229712578969e-09
2.852767479593724e-07
-8.327983934381058e-07
-7.391802423532878e-07
-6.035155621307814e-07
1.955077827710897e-08
1.469161356827162e-08
2.838705841162119e-08
-1.751328787192879e-08
4.759998974922821e-08
5.166835521697302e-08
3.294481672531761e-08
4.696375312238111e-08
4.369357414202992e-08
-8.964317158261772e-09
-8.839347327821213e-09
-1.611530131696051e-09
4.439876258129341e-08
4.246270907446933e-10
2.971028667681542e-07
3.213527488890898e-07
-5.347085430058702e-10
3.048253842370669e-07
9.604772750625442e-08
1.029208196153349e-07
1.179344838371194e-07
1.215890732083075e-07
1.276486555013467e-07
1.187370325123793e-07
9.187669476009605e-08
9.715225720470211e-08
1.031687770420671e-07
1.143185941529735e-07
1.150135965219652e-07
8.340122185343969e-08
7.812664353579826e-08
-1.989414031671847e-09
3.270907401041144e-07
5.484296172862074e-08
3.184542366811931e-07
1.118267833495462e-09
3.195488608689595e-07
3.157372960394789e-07
3.626931265065277e-09
2.720565973764380e-07
-6.152783889910180e-07
-6.994121889303827e-07
-7.789586764440807e-07
1.424851427536230e-07
1.449964180434159e-07
1.455919019238522e-07
1.417390835921575e-07
2.542937182606606e-08
3.263593313140476e-08
2.174013973995113e-08
2.335292043792206e-08
2.097143043053547e-08
2.337116217081610e-08
2.079321131599236e-08
1.950657922766449e-08
2.447050774736741e-08
5.173820430596632e-08
5.827548791386049e-08
6.667619787314333e-08
7.395944026566037e-08
7.640607590250047e-08
3.576939458627508e-08
3.240228678493502e-08
2.595734643197030e-08
3.190842950401170e-08
1.802138859956396e-08
2.413602485274416e-08
1.001889894169887e-07
7.989407598419750e-08
6.957715014738482e-08
7.114483534509089e-08
6.443523433047514e-08
7.765454238595798e-08
9.436411336591925e-08
6.982405114364622e-08
9.560704380869364e-08
1.005699868684084e-07
1.102181326936631e-07
1.044289454337027e-07
9.788675472325968e-08
1.110570118252994e-07
4.018738594098915e-08
2.110537821899334e-08
3.130665614528044e-08
2.731381211179786e-08
2.082309290059905e-08
2.330135853694056e-08
1.405253915582069e-07
1.338894152160810e-07
1.424795832994571e-07
1.326777376488485e-07
1.326913279141901e-07
1.010437833019195e-07
9.665224010312387e-08
1.063259082037043e-07
1.098761515668877e-07
1.227789688991663e-07
1.079753801212673e-07
1.227782265360381e-07
1.221765133608439e-07
9.975122196234260e-08
9.325110585989763e-08
9.461284010438093e-08
9.732938570101607e-08
7.870173909262228e-08
8.377772773220258e-08
9.259323001071653e-08
6.482980192087273e-08
6.759634253514900e-08
6.242867050418660e-08
5.571951590309585e-08
3.983049814719788e-08
6.152165848649420e-08
3.621098912325544e-08
3.103463462397695e-08
4.628823093146919e-08
4.025660375327679e-08
3.888938186180002e-08
4.533358591327250e-08
2.643560226956582e-08
2.202204457069252e-08
2.250199518414727e-08
8.994525785004712e-08
7.186760522658106e-08
1.026787029132987e-07
9.466698603044722e-08
7.017010527157759e-08
8.698163159366587e-08
6.038602908353109e-08
7.605325085272173e-08
6.091183173389798e-08
7.067406245590490e-08
4.926516017474131e-08
2.080902998181187e-08
2.345878943828638e-08
2.325783816871764e-08
5.278470431734372e-08
4.943633409724922e-08
3.931773520789059e-08
2.272096116202684e-08
4.544952508661315e-08
4.048330017970381e-08
4.087000326976069e-08
2.530122845586401e-08
1.004182240783260e-07
1.120550103984949e-07
9.928819541328629e-08
7.877576605294227e-08
2.883571326942256e-08
3.606497802938521e-08
3.734157426174618e-08
3.984027818683783e-08
2.398500506911689e-08
2.306334350514309e-08
1.134327234971722e-07
1.177488238135381e-07
1.029039390504699e-07
1.039174101571728e-07
5.818884349709648e-08
-1.853636303202668e-08
3.502181042274031e-07
3.275600441222987e-07
-6.424496254941713e-09
4.061955356631930e-08
-6.901605542843766e-09
2.000321513561553e-08
2.176361284854470e-08
3.449241868254471e-08
3.569061795315402e-08
2.952021323145081e-08
3.287746208478039e-08
4.270302706172012e-08
2.553893278745536e-08
2.507616308958242e-08
2.505719894573472e-08
2.097270280467790e-08
3.667444841913944e-08
4.145828282299762e-08
4.733812226560948e-08
3.678160302779239e-08
3.869946758387702e-08
2.107757722218708e-08
3.018489758774344e-08
4.554724340811393e-08
4.277618484194481e-08
3.840517654990737e-08
7.022916635786415e-08
6.662464638781905e-08
9.189761450389140e-08
7.591403303281636e-08
6.860571167870835e-08
1.343345180860545e-07
1.306105015305460e-07
1.388564108731429e-07
1.259828887759218e-07
1.378765747670663e-07
6.734730179049407e-08
9.166229987219148e-08
7.302814575269422e-08
5.367113622775528e-08
6.273454918010592e-08
3.877524095731915e-08
3.504743712391497e-08
5.991447323627044e-08
3.455644471517932e-08
2.273991332744312e-08
2.963149534203713e-08
3.020622460621957e-08
3.169036994868617e-08
3.742918338530830e-08
2.231749087329656e-08
5.004679310619755e-08
1.998108180101223e-08
3.036848939320764e-08
3.835647319405149e-08
4.050822111918860e-08
2.409618376904082e-08
4.337858726324347e-08
7.027059606717020e-08
4.570919098759708e-08
6.972995920887645e-08
7.788968989993816e-08
8.111347506175635e-08
4.097046826092302e-08
3.579470540791759e-08
3.263461128201112e-08
3.804413546994719e-08
4.038372672736286e-08
2.372012857140803e-08
2.165789404669314e-08
3.896893977217722e-08
6.622911038510463e-08
5.938322769197269e-08
4.707029216604315e-08
6.182051131958046e-08
6.755155999989580e-08
4.448135002469659e-08
6.873065868361308e-08
4.358599168809699e-08
7.944777868598829e-08
2.065097591764223e-08
2.399337879049770e-08
2.740128028312017e-08
4.932598115320602e-08
4.863566147628059e-08
2.534698461822257e-08
3.992615738998589e-08
5.429471516854315e-08
2.932773850683001e-08
4.524245712500776e-08
-1.297170000464930e-08
-1.346988008469204e-08
4.026895020575975e-07
1.890683811391304e-08
-5.386984200355200e-08
5.592722211970041e-08
-1.876783372447445e-08
3.873274367491847e-07
4.222109798962495e-07
3.178709685340996e-08
5.369954507249406e-08
2.305618646475231e-08
4.726831606821975e-08
2.327793763040929e-08
4.859124831550904e-08
2.070777380919422e-08
1.831008492802346e-08
2.626662553498536e-08
3.814859403407048e-07
-7.325828175979146e-09
3.446692011020606e-07
-2.321199764900017e-08
-1.031803331753934e-06
5.520448935888667e-08
-9.639993598800390e-09
4.952443069024590e-08
1.603622217145326e-08
-3.769375467612044e-08
3.628789977263476e-07
-6.228402224701160e-09
2.895036129744121e-07
3.295888992951188e-07
-1.636891418205465e-08
-6.285729179781573e-09
3.243867593411899e-07
2.926605148871850e-07
3.076623179070127e-07
-1.286401127332404e-08
-3.406897899329286e-09
4.530268353904268e-08
2.262692013053978e-08
4.489401174890490e-08
4.797687031629803e-08
3.527748106371320e-07
-7.960160540061832e-09
-1.264424162038946e-08
3.489300294081930e-07
-9.336993361331219e-07
-1.527210538522437e-08
-3.147032814376526e-08
3.850338243834416e-07
4.133573891468383e-07
5.115384088525068e-08
3.128450741765346e-07
-7.123520472007616e-07
1.086378256636198e-05
1.073733147181689e-05
-7.795116441595849e-07
8.472242973919963e-06
4.998171977950685e-08
1.974776673576246e-08
2.984248729116452e-08
1.899233726939811e-08
2.758124006259616e-08
-1.002086815895748e-08
3.054708597758070e-07
3.304126561850456e-07
-1.991111496981051e-08
3.325366919038623e-07
-8.439738671848812e-07
3.614615504923774e-07
1.170937521628202e-05
-8.012257550275003e-07
-9.925691860704798e-07
1.166552734512053e-05
2.876369116599539e-07
3.028307242712317e-07
-6.808773594480383e-07
-6.149895951438162e-07
1.051407292713314e-05
9.979214892983130e-06
7.617145780444229e-06
5.853510810805957e-09
-2.124956206998663e-09
3.181044528346180e-07
3.306576365607970e-07
-7.879862509000456e-07
4.957409425088034e-08
1.690287226837756e-09
-7.964982038964170e-09
-2.341267769549311e-08
2.356809100652120e-08
5.404688527991288e-08
-1.755139790969024e-06
-1.692085133821699e-06
4.874908293874073e-07
5.371535627943911e-07
-2.436295461177009e-07
5.196446903946836e-07
-2.466330687703702e-07
-2.436352426373011e-07
-4.387055076310592e-08
5.941754864151307e-08
2.428530128826401e-08
2.275505755228503e-08
-1.493917286424306e-08
4.650744136457647e-08
2.160479923115293e-08
3.934498525670756e-08
4.763163277555857e-08
4.891066436096004e-08
4.366832442364229e-08
-5.818808530908430e-09
1.662570841456151e-09
3.001682315913091e-07
-6.005834897832575e-07
2.257417748344265e-08
5.315363081422710e-08
5.777219955388720e-08
3.128538883318353e-08
-1.084177433772951e-08
2.809831518596818e-09
4.973867844794270e-08
-8.227546658066600e-09
-2.432728277739739e-09
4.358882132290851e-08
-7.326864730145436e-07
-7.804419297313865e-07
1.090681301799703e-05
3.227758465222984e-07
3.195074499415304e-07
1.036044521732115e-05
-6.753219727002904e-07
-7.019264738161027e-07
1.026456473932994e-05
-9.012983585041441e-07
-8.070239004032986e-07
1.229001862273563e-05
-9.837615702867081e-07
3.985291737596811e-07
3.414972037208954e-07
1.109866572973395e-05
-6.853990893267165e-07
1.073890043263743e-05
8.105733575818278e-06
1.049414167912867e-05
-6.363446795770828e-07
-7.219115280884131e-07
1.085358845040782e-05
2.825585463021658e-07
1.089058062008081e-05
-9.041892914844315e-07
1.078182394399888e-05
-6.358423424939111e-07
1.074677914751037e-05
8.023456295407203e-06
1.177411863963776e-05
-7.908552958175999e-07
1.093060628029763e-05
8.776591956575758e-06
8.708171391112240e-06
-8.412849703353069e-07
1.258409873110834e-05
3.304702656982472e-07
-6.503571899873489e-07
-8.310954471364996e-07
1.211080742362305e-05
1.176757087935797e-05
-8.959550384586492e-07
1.201997635160909e-05
-7.434093925556292e-07
1.159692101926951e-05
1.127363546111384e-05
-8.137907303531185e-07
-7.755277206905013e-07
3.536982490585181e-07
3.462471052286805e-07
-1.001382945860690e-06
1.137556513857622e-05
-7.556925687726963e-07
1.092422778238414e-05
8.410180569190597e-06
8.447895106062058e-06
1.107025926552668e-05
1.169325968524170e-05
8.969099103950644e-06
8.946066555191915e-06
8.089902817400249e-06
1.118665923247155e-05
1.106103923522627e-05
1.058871769896477e-05
1.081148567427276e-05
8.409347237826119e-06
8.330653412714667e-06
1.175324999460569e-05
1.178558715303131e-05
1.065482049726617e-05
8.790835121114774e-06
8.754045374440516e-06
-1.816157666020369e-06
-6.410527300567331e-07
1.049927762535434e-05
3.123525109359853e-07
2.779794667598092e-07
-7.237605648053931e-07
-1.065264067972580e-06
-9.073663010175711e-07
1.219046079638860e-05
-7.239358375339347e-07
3.400367421315280e-07
3.481930756865921e-07
-7.883967238746893e-07
1.060778251847585e-05
-7.709147758319331e-07
-5.908484596276686e-07
3.195784645686634e-07
-1.003823141231691e-06
1.102378687936577e-05
1.254564879989573e-05
-7.032427613627660e-07
3.055681851914551e-07
-1.839872733253301e-09
3.340921459194859e-07
-1.017124938913264e-08
3.511986884280886e-07
-6.941760507351537e-07
-6.570622781138429e-07
-7.958966999609341e-07
9.840252412212384e-06
1.105195969404857e-05
1.130938013064238e-05
7.914505194173168e-06
8.719659709282491e-06
4.192639289364387e-07
-9.151452362728795e-07
3.376393126767665e-07
-7.510849246228959e-07
3.696488630102083e-07
-9.487412500154826e-07
-1.758309214945181e-08
3.896984331472058e-07
-1.100477706583534e-08
2.875587510676593e-07
-1.902128219149915e-09
3.094496080442636e-07
-6.338167222226205e-07
1.096091210807863e-05
1.058208547824353e-05
3.299581502922710e-07
-7.760604856548649e-07
-6.286793248133909e-09
3.166582954381763e-07
-7.316928883080439e-07
1.088738488165770e-05
-7.623544332563321e-07
3.334758222890537e-07
3.284320816654316e-07
-6.397023552807610e-09
1.420508450073447e-09
-7.890352960542179e-07
4.081960125162942e-07
2.995921939721874e-07
-1.877610148293114e-08
-2.740855227336902e-08
-8.508853727890813e-07
-6.102201779105127e-07
-1.588169964383076e-08
3.436652190670220e-07
3.014939692824645e-07
-7.717498484505772e-07
-8.355096374529746e-07
1.100297623454150e-05
1.104199252490845e-05
-7.712716527232433e-07
-6.408568111664100e-07
2.893074901929843e-07
5.576284204765227e-08
-5.355926323208122e-09
1.082888505506975e-05
8.260829016458042e-06
-1.680179930575868e-06
-1.760364695673869e-06
4.970141817040834e-07
5.109361665009345e-07
-2.401832388645871e-07
-2.435191523873717e-07
9.009211428896251e-06
8.580488706184323e-06
-1.790455596086078e-06
1.166777851417510e-05
-7.428074043010875e-07
1.127657633398714e-05
-1.844829649062919e-06
8.580368013633269e-06
8.268865847128690e-06
-1.752583816207025e-06
-1.771647956296379e-06
8.715859161728907e-06
1.114348196419669e-05
8.729517606552187e-06
9.331397423160646e-06
1.144466641029320e-05
1.183945551841678e-05
1.215155060829348e-05
8.623954628007198e-06
-1.746593360362964e-06
8.636877045072491e-06
-1.746916939587071e-06
5.005100237842847e-07
5.089437789133606e-07
-2.446182629480990e-07
-1.894177481162094e-06
9.407021756718406e-06
8.874613838223508e-06
-1.792578434041883e-06
8.430400674892630e-06
1.110731936882233e-05
-1.722119613972644e-06
8.472673491100394e-06
-1.789066307081715e-06
5.037530077208394e-07
-2.459312257815599e-07
-2.432233509829845e-07
-1.906812767985945e-06
9.549069490397040e-06
-1.916781942598046e-06
-1.819394102358019e-06
8.751686290484989e-06
8.474634756521054e-06
-1.910855643038731e-06
8.598011342238065e-06
-1.933427270268695e-06
9.488341651342826e-06
5.501567980625192e-07
5.467815148949936e-07
-2.652655573445354e-07
8.135953091584986e-06
-1.691928292443165e-06
-1.911372578117457e-06
5.280430122101567e-07
-2.623098267952764e-07
-2.447696950396773e-07
-1.796183833986950e-06
5.249739083273768e-07
-2.626268918607433e-07
5.119035218752191e-07
5.241508871548837e-07
-2.489398985537228e-07
-2.538740670741555e-07
-1.991512648652404e-06
9.785020478833498e-06
-2.011436674508424e-06
-1.794692910427944e-06
8.333266407259788e-06
8.951571525106613e-06
-1.777780779097518e-06
8.059181448646004e-06
-1.716878740546001e-06
8.401003583239540e-06
7.903370989514466e-06
-1.674994195916690e-06
-1.667710263643717e-06
-1.784910983041238e-06
5.065458601222904e-07
-2.504648497754505e-07
4.611339140598115e-07
-2.334327619351923e-07
-2.008209082063281e-06
8.446439070935770e-06
1.056315935447141e-05
1.221754495180838e-05
8.332163853720786e-06
8.038790040457820e-06
1.065614897907791e-05
-1.704394336457680e-06
8.375676787578576e-06
1.120673031270292e-05
8.325431481250063e-06
9.020458330610708e-06
1.111583504456154e-05
-7.900263223745998e-07
7.956285224895289e-06
8.319619188117023e-06
9.717479819476047e-06
1.045221149801477e-05
1.102746552461070e-05
8.046854301113110e-06
8.620148345041927e-06
5.131418142385693e-07
-2.491485397759666e-07
1.096780278758040e-05
1.181626552137576e-05
8.879114923628190e-06
1.204912615071544e-05
-6.706988351808892e-07
8.999237332721951e-06
7.945534817637028e-06
-1.627831304813081e-06
-1.649837428082036e-06
5.083305530068979e-07
4.914115513638234e-07
-2.428586927592437e-07
4.703588597213929e-07
-2.320288273285490e-07
8.276510517553391e-06
-1.883775112129914e-06
5.539215518514241e-07
5.135826214747067e-07
-2.597248906755971e-07
9.259817350377481e-06
8.185929725154633e-06
1.120491466309485e-05
1.083135542208988e-05
9.015927751089119e-06
-1.827029195947570e-06
-1.757223382264922e-06
9.212543673610086e-06
1.263987785880571e-05
-1.208919983256230e-06
1.184922395258154e-05
9.682759240903391e-06
1.193305506811044e-05
1.143730729347959e-05
-9.052517399040875e-07
-9.304998673339397e-07
8.751850512839943e-06
1.134127783672265e-05
9.358811216841149e-06
1.306327480526995e-05
-1.021349470377656e-06
-1.102091352043836e-06
1.001697107115325e-05
4.623424863450629e-08
-2.104810931856972e-08
5.084784260088842e-08
4.157415194760775e-07
8.369375078285633e-06
7.680559799788077e-06
1.055939847325643e-05
8.269934467072053e-06
-1.664910082331202e-06
8.418303985871531e-06
8.377768937786429e-06
-1.773222324418429e-06
4.878758700576806e-07
5.002907601062021e-07
-2.377504973483505e-07
-1.700965437505458e-06
-1.733538662460683e-06
5.007006872824909e-07
-2.425759228828359e-07
4.740886400921700e-07
-2.232057452232720e-07
5.111540703285763e-07
-2.364636682432216e-07
-2.651966524736104e-07
-1.584480201963502e-06
-1.909250748702646e-06
-1.681005346813801e-06
5.510347632946469e-07
-2.623785799366229e-07
-1.994884897988712e-06
-1.870578754731341e-06
5.740960455168903e-07
-2.756856193131538e-07
5.758354507980406e-07
5.489520624982335e-07
-2.758161114296788e-07
5.060874953236108e-07
-2.537772236692937e-07
-2.490554125367459e-07
4.957075177382425e-07
-2.316380154471262e-07
-1.743621855312148e-06
5.023560660996138e-07
-2.459447853005150e-07
-2.427803046529158e-07
5.563898262310400e-07
-2.684779494187805e-07
-1.880343067554720e-06
-1.899294982530722e-06
5.226054316190212e-07
-2.634041966179203e-07
5.505317695207764e-07
-2.666691591270246e-07
5.502893205920815e-07
-2.617872358012320e-07
-1.853586510556160e-06
-1.890333743003778e-06
5.423641412684139e-07
5.876982274173018e-07
-2.848397395869209e-07
-2.755799178436378e-07
-2.093993098535453e-06
-1.844602591853431e-06
5.703894727930905e-07
-2.653890519888549e-07
4.978747320528232e-07
-2.474539957670192e-07
-2.437617885970927e-07
-1.720993423717903e-06
-1.771507835235234e-06
5.314562550437691e-07
5.126769254498843e-07
5.102628721992232e-07
-2.513696876533230e-07
5.308345638494771e-07
5.571413282881682e-07
-2.650764689391348e-07
-2.685426457758985e-07
5.222413035797925e-07
5.989244864678384e-07
-2.744773287923131e-07
-1.636671219351468e-06
-1.993059987644708e-06
-2.885781626277741e-07
-2.415594241560529e-07
5.480885566493019e-07
-2.602915431181097e-07
9.236140870456302e-06
-1.959532787363361e-06
-1.828830018819426e-06
1.141466258645938e-05
4.719588278843048e-07
-2.323374499543241e-07
5.169488178821559e-07
-2.412567801905792e-07
-1.713157759276868e-06
4.872438962662348e-07
3.248894912354858e-08
2.044675090604771e-08
2.358808978466246e-08
5.075821074049903e-08
4.807945624947425e-08
5.293129222597013e-07
5.461360611834648e-07
-2.606919135482087e-07
-2.520695762883426e-07
5.250487918013804e-07
-2.728088609829349e-07
4.895985623003288e-07
-1.747002815872887e-06
8.194169730282282e-06
5.108236722302775e-07
-2.403667993629051e-07
-1.566851540575135e-06
4.768606748000161e-07
-1.755896047744006e-06
-2.257525067356714e-07
-2.446750234778941e-07
5.237142537511061e-07
5.440774890266809e-07
5.073094336512557e-07
5.414839832122160e-07
-2.517348580229998e-07
-2.664979012001229e-07
-2.533532388329275e-07
5.196804276658631e-07
-1.722281603788140e-06
4.929976669609413e-07
4.859430273739685e-07
-2.348504443354026e-07
-2.444151635055124e-07
-2.413820465101931e-07
5.102825972897763e-07
5.177904231226625e-07
-1.811327174372996e-06
-1.752656726367525e-06
8.598700600347671e-06
-2.501350691860432e-07
-2.480666064964307e-07
-1.730546236227868e-06
5.053520353466098e-07
5.137932307465809e-07
-1.872405493089908e-06
-2.433734169368846e-07
-2.461626268354705e-07
-2.543724012570626e-07
4.949361233121992e-07
4.977811404675479e-07
-1.688436408324662e-06
7.960355364811123e-06
-1.733500220172577e-06
-2.391706068123793e-07
-2.439100341428650e-07
-2.174062298707483e-09
2.912862857281713e-08
5.827297555146219e-08
5.576440664868158e-08
1.590307299890179e-08
2.177557166887548e-08
1.657397001932549e-08
4.782762488973649e-08
-1.813120102106775e-09
-1.047338778069303e-08
3.409174072896995e-07
-1.243672609926944e-06
1.323432378477191e-05
1.221174845211489e-05
-2.110934789359318e-06
1.008725618326726e-05
9.463842933169280e-06
8.303173419067072e-06
-1.738843893484542e-06
5.019419155701002e-07
-1.767025838548872e-06
8.101458578780800e-06
-2.445602824685978e-07
5.295546765196900e-07
-2.499155883717056e-07
-2.026961505987121e-06
5.821424688952438e-07
-1.941195907181368e-06
-2.787532990684902e-07
-2.668721887151118e-07
5.446375927599479e-07
-1.857297611089368e-06
-2.637163080856327e-07
-2.714417296591444e-07
5.777502868652068e-07
5.355837691124525e-07
-1.775374398920685e-06
5.344695626982870e-07
-1.873504815806589e-06
-2.594969198740785e-07
-2.572865700425158e-07
-2.542585439203078e-07

DB  1  1102  double
5.529020698915178e-08
5.720417547954629e-08
8.856804746264049e-08
1.034569422611492e-07
8.880726662058784e-08
3.437702283776452e-09
4.043644070661711e-08
7.062269082210884e-08
2.294428755999307e-08
6.818724870771575e-08
-9.571548327160890e-09
-2.294975315195124e-08
3.156835101552483e-07
3.258448668603540e-07
2.585640749648736e-07
2.866936068915716e-07
-4.120493938289863e-09
3.131174002581046e-08
7.387984453431083e-08
-2.783277713321717e-08
6.803875996725755e-08
1.711567157845183e-08
3.387879363074820e-07
-3.011454124745707e-09
-1.723570339368048e-08
3.932323801394217e-08
5.943272434047144e-08
5.719584411176012e-08
2.461366204056731e-08
2.422191732861762e-08
5.574077523296970e-08
-1.138558888740314e-08
-1.415322397704379e-08
-5.358144816051971e-09
3.309123801807021e-07
3.332719295287663e-07
-5.947407651695419e-09
5.592433921795529e-08
7.038566390171702e-08
-8.202021088298865e-09
-1.287046308147944e-08
3.294872699082991e-07
-2.925568517030486e-09
4.665345046741392e-08
6.746248126038000e-08
-8.622914768335124e-09
-7.907531014540918e-09
3.361698620389640e-07
-1.645068596255010e-08
3.011950424735494e-08
2.477335105922082e-08
2.746722423666531e-08
2.413519450238845e-08
5.019375849421391e-08
3.787940503712216e-08
2.590075889644345e-08
4.765747375957990e-08
6.998670617761457e-08
3.829587323434768e-08
6.103445389820346e-08
5.060088701349008e-08
3.390409067960756e-08
3.948590158815457e-08
5.262973760951332e-08
7.348340260766510e-08
6.583791811107678e-08
8.752659204590205e-08
1.027662978558771e-07
9.603579829755581e-08
8.085287088239129e-08
1.741403697006601e-07
1.843634052954684e-07
1.727933236286188e-07
1.573061926378467e-07
1.705464848914233e-07
1.677627320592408e-07
3.451918144202070e-08
4.736773120601352e-08
3.044365063010613e-08
2.422608896035938e-08
2.803134983908476e-08
1.991414451136981e-08
4.312029432109780e-08
4.621952979136259e-08
8.560541980057784e-08
9.690726126575145e-08
1.388053405084965e-07
1.570939231353755e-07
9.793179704703156e-08
6.549769021894867e-08
8.803379473642997e-08
5.103720768857790e-08
5.453516357463614e-08
7.178400829403016e-08
2.326251364965214e-08
3.265030694610238e-08
2.679899462957968e-08
2.878846614615118e-08
5.090112730754948e-08
5.339898636929779e-08
6.193539745472784e-08
4.424158750841724e-08
8.772723984353283e-08
6.136801265606279e-08
8.143103968698752e-08
6.796821179190455e-08
1.804100293118462e-07
1.862044779437249e-07
1.812300374834812e-07
1.679330417005600e-07
1.739908157177482e-07
1.807186815236523e-07
1.654761729360897e-07
1.744170354964156e-07
5.244048109534583e-08
2.149728161698046e-08
4.519827897658295e-08
4.901236012810900e-08
5.832062156841197e-08
2.887796508726326e-08
1.628555183599695e-07
1.716085186438505e-07
1.827774341427260e-07
1.576496388087409e-07
1.647138332545218e-07
1.396931885351083e-07
1.643605216437399e-07
1.584163002320521e-07
1.621226291086659e-07
1.482663208023951e-07
1.389979295409154e-07
1.409303485779299e-07
1.564193651990118e-07
1.659273145698045e-07
1.520467196626039e-07
1.228719319673623e-07
1.266362701651864e-07
1.374436139982546e-07
1.380207446183603e-07
1.415018766346268e-07
1.490383731337246e-07
1.303897356402462e-07
1.314910382798821e-07
1.299381090643802e-07
1.040841985977242e-07
1.336699900331386e-07
1.540786861807297e-07
1.341211562634956e-07
3.592743623603099e-08
4.772866315910065e-08
4.246532336959491e-08
4.189339124226175e-08
4.371757171522696e-08
5.083793151147541e-08
4.402643583459575e-08
6.670071263487863e-08
5.142426393600910e-08
4.803019508427004e-08
7.216360061219105e-08
5.193449277433916e-08
2.257190155983234e-08
2.899879496343594e-08
2.967703377893945e-08
2.498636935452749e-08
8.302544501754785e-08
6.545397628892282e-08
1.142743887913498e-07
1.048895074530235e-07
7.700712449539762e-08
3.097273749544596e-08
2.043618284087596e-08
3.604928163912004e-08
2.243059315206941e-08
2.748929256230815e-08
9.128681560109179e-08
9.086772061628715e-08
8.088625519159237e-08
8.236202389008137e-08
1.199943841339291e-07
4.920798408260015e-08
4.895740786091598e-08
7.534684600405474e-08
2.418649746323654e-08
3.716450536911922e-08
2.451461086049451e-08
2.317634916714247e-08
5.687671027706694e-08
4.234807556399287e-08
4.626404542938999e-08
9.187446688245933e-08
8.554620669759557e-08
1.070394643478538e-07
8.217218936311940e-08
1.121363858516835e-07
1.204850779705683e-07
9.043260072983416e-08
9.466132811536682e-08
1.145775352742037e-07
1.146933923954538e-07
5.340998774227175e-08
2.998486588443787e-08
3.075283548033167e-08
5.999895139610587e-08
2.768494096693297e-08
4.529064893278360e-08
4.872185874698912e-08
7.527234989990735e-08
8.050465891577172e-08
5.568520549302245e-08
2.820855533143754e-08
2.230123764836676e-08
2.142640773958096e-08
2.776506774584823e-08
6.836239266184274e-08
3.109333321378453e-07
3.469506177713513e-07
-1.103015402763057e-08
2.668689573120986e-07
2.909630559101699e-07
3.339372946938919e-07
-5.660932920731550e-09
3.114163195165920e-07
2.918040408068941e-07
2.668877167576517e-07
2.466462748752558e-07
2.068934836530589e-08
1.668731477870911e-08
3.565977401365577e-08
-1.825188230593109e-08
5.609461008835639e-08
6.784170351399954e-08
3.986297789862997e-08
5.819472262348000e-08
5.298236797085754e-08
-4.179356322446957e-09
-1.361254541588702e-08
-6.691132348013055e-09
5.614360479562235e-08
-1.100537140486088e-09
3.382144890279713e-07
3.234983604755964e-07
-1.748852872633852e-08
3.445407462224474e-07
1.240043263675636e-07
1.329943476975340e-07
1.525650257623073e-07
1.565008417636342e-07
1.649200341349708e-07
1.528932779583192e-07
1.198679257010334e-07
1.258166907714539e-07
1.334595407148846e-07
1.477439260102241e-07
1.475574949257381e-07
1.080338524527838e-07
1.022010710964096e-07
-1.351395600330798e-10
3.050006528198277e-07
7.339110499630149e-08
3.170993645730364e-07
-1.085951580904607e-08
3.024683827648981e-07
3.398418633910464e-07
-1.789433566578892e-08
3.152712255330880e-07
2.561202226233434e-07
2.610416365308532e-07
2.669530729600424e-07
1.833191350032442e-07
1.867995924286832e-07
1.875992425419765e-07
1.826551203183266e-07
3.023455160401155e-08
4.202189156462956e-08
2.422652264623250e-08
2.628851806431993e-08
2.332240857393535e-08
2.745000575047931e-08
2.531064366170218e-08
2.441987390861019e-08
2.906977582668544e-08
5.636626182915297e-08
7.606654207573197e-08
8.768473892163388e-08
9.575373639987813e-08
9.932015012601326e-08
4.636656274960693e-08
4.051557670855391e-08
3.244329032222336e-08
4.116725915228011e-08
2.068845033804499e-08
2.781402192821075e-08
1.302725972319041e-07
1.041591047359336e-07
9.137220444800768e-08
9.226527969182518e-08
8.458568279649475e-08
1.006334845350664e-07
1.225303911671462e-07
9.181319313805844e-08
1.244043331656943e-07
1.307450514601591e-07
1.427236155346302e-07
1.359498237544191e-07
1.271870556429063e-07
1.442649693619191e-07
4.799747461885671e-08
2.517477086841982e-08
3.870038867446014e-08
3.410145835953463e-08
2.390673834083269e-08
2.793843462556809e-08
1.807737688268405e-07
1.726349486735030e-07
1.840157732548394e-07
1.705084536180866e-07
1.723784431690586e-07
1.312167590077575e-07
1.256336490007914e-07
1.385852969598660e-07
1.417226713796893e-07
1.585071299957869e-07
1.395245802224436e-07
1.596568722123199e-07
1.572460821463309e-07
1.298315214388522e-07
1.210886120317313e-07
1.231277586947072e-07
1.261934527984542e-07
1.024311135117084e-07
1.084546939022556e-07
1.207247927468564e-07
8.428518004068386e-08
8.815224653848431e-08
8.183940596381905e-08
7.322459618985644e-08
5.078722742808189e-08
8.046554709582780e-08
4.897390236558748e-08
3.909143634476888e-08
5.989933117725257e-08
5.312363396582854e-08
5.080087898449432e-08
5.817246531396246e-08
3.166647955565018e-08
2.552823244236921e-08
2.801416977909517e-08
1.175478835510557e-07
9.321495555033947e-08
1.340303209504945e-07
1.228927409338001e-07
9.077981711369887e-08
1.134084607042186e-07
7.782832576548365e-08
9.841997701397541e-08
8.099120307153684e-08
9.244673753464965e-08
5.529625418812761e-08
2.597809419078710e-08
2.805030333798893e-08
2.872054302769999e-08
5.893400949747047e-08
5.879210308586146e-08
5.148790419496135e-08
2.711126009559416e-08
5.856426685544072e-08
5.321746477083701e-08
5.393521494986219e-08
3.005142834954790e-08
1.303460224428198e-07
1.454986216670756e-07
1.290687017559978e-07
1.026383558440068e-07
3.623191572102753e-08
4.563863689921928e-08
4.903018642291620e-08
5.263005230630728e-08
2.839783762314332e-08
2.679089469074816e-08
1.459921568539831e-07
1.519132414987485e-07
1.330444753272995e-07
1.340901229956722e-07
7.423810736355946e-08
-1.601380360336984e-08
3.364866397803530e-07
3.384517697169403e-07
-1.151198485354754e-08
4.893966213281727e-08
-1.672464315702061e-08
2.319217415951837e-08
2.476046450663771e-08
4.505670237402372e-08
4.497760854415266e-08
3.685650272854793e-08
4.261107469257396e-08
5.606030274533734e-08
3.088038694745586e-08
2.895555173220596e-08
2.829206420501559e-08
2.436887810577341e-08
4.801872615295269e-08
5.299068283565305e-08
6.100172731260665e-08
4.803706033264603e-08
5.059426382176804e-08
2.469669716234637e-08
3.873769053322303e-08
5.889437234600787e-08
5.472592358817303e-08
5.075360365927227e-08
9.252517391714808e-08
8.656674594156877e-08
1.192853712661349e-07
9.824470839152472e-08
9.006756269139089e-08
1.737404404874529e-07
1.684480170289981e-07
1.791464710637816e-07
1.621392224952803e-07
1.775630262086671e-07
8.738765234334070e-08
1.191635049184254e-07
9.451233436580101e-08
7.014592816720969e-08
8.267660174926540e-08
4.856749570258241e-08
4.505419909498909e-08
7.893380310374386e-08
4.335241636445893e-08
2.607946987432703e-08
3.822542264577803e-08
3.878301928336509e-08
4.073811573954873e-08
4.921161474701613e-08
2.583910996388862e-08
5.748201176188555e-08
2.425492871122403e-08
3.824890170919302e-08
5.030910507364911e-08
5.179046575380396e-08
2.913780202505338e-08
5.556611557337447e-08
9.223228883622273e-08
5.898411333255012e-08
9.140990439283094e-08
1.011821633265563e-07
1.054078686345880e-07
5.256119381438894e-08
4.683171881318546e-08
4.234632322575555e-08
4.808476192183337e-08
5.312525217553242e-08
2.799069216613658e-08
2.439248019066650e-08
4.943038451973796e-08
8.706613047897388e-08
7.776866163170610e-08
6.088743370284236e-08
7.975271365499858e-08
8.857020222305998e-08
5.724448452107866e-08
9.029617499110736e-08
5.653499051245012e-08
1.035180210360738e-07
2.433052069985212e-08
2.897335460009335e-08
3.431245402157346e-08
5.908941455292804e-08
5.863257703350132e-08
3.026969825718251e-08
5.230741949810600e-08
6.527984529496623e-08
3.412336628793803e-08
5.201650314982932e-08
-6.362468415700397e-09
-6.467849934810206e-09
2.934931976665571e-07
3.834614135891517e-08
-2.225439810463521e-08
6.197199472837649e-08
-2.100342553005272e-08
3.469506601453944e-07
3.441273806484820e-07
3.770380060534206e-08
7.400641063588416e-08
2.512658756486756e-08
5.902652380688476e-08
2.788052113519744e-08
5.826914000794915e-08
2.505123011138624e-08
1.939098468741276e-08
3.149654158761676e-08
3.230154960797963e-07
1.049532150017958e-09
3.120060803742073e-07
-1.014611045736980e-08
2.626765970824220e-07
6.253423696703781e-08
-7.069880890607180e-09
5.556136361339653e-08
2.023878222217794e-08
-1.652509027974840e-08
3.089942563362153e-07
-2.214845260481465e-08
3.289589993703449e-07
3.183905701306897e-07
-1.552922930878498e-08
-9.993120622142326e-09
3.209090203609482e-07
3.284468933271580e-07
3.207832713854597e-07
-1.938976802444476e-08
-9.363465322971818e-09
5.706486874691547e-08
2.549361492151081e-08
5.582088085826937e-08
6.016567978410712e-08
3.352553755201628e-07
-7.600566429518819e-09
-1.240886381937297e-08
3.312394937063621e-07
2.716214735670253e-07
-6.110792011283821e-09
-1.062945818491603e-08
3.150296576105809e-07
3.187678375565750e-07
5.642094120875001e-08
3.200482145900881e-07
2.619387181445789e-07
-7.685548085309164e-08
-6.983495988833006e-08
2.593080271688266e-07
6.330606367562156e-07
6.640167377872164e-08
2.250149885431360e-08
3.427501869863519e-08
2.109930537489049e-08
3.396388112406272e-08
-5.113631196996752e-09
3.142282981145548e-07
3.070076543030393e-07
-2.302898118790150e-08
3.361707330354324e-07
2.593736444986764e-07
3.140927771307065e-07
-6.071736215511225e-08
2.521424613326822e-07
2.476094051656850e-07
-5.892794139576133e-08
3.184208839102225e-07
3.090013154126774e-07
2.699469302197691e-07
2.431454209691842e-07
-6.328979568100807e-08
-7.462998818640754e-08
6.083907218739006e-07
-1.163398991109122e-08
-9.332541088988626e-09
3.257296551181171e-07
3.295148702029177e-07
2.521163759991011e-07
6.542214491927955e-08
-7.040553638588059e-09
-1.600154316187028e-08
-1.020947429113959e-08
2.818003714520530e-08
6.913837311013589e-08
4.529752302764973e-07
4.666303610822411e-07
-7.271684242319118e-08
-7.799695232422272e-08
4.158726399034998e-08
-7.392310378310164e-08
3.958902861640493e-08
4.023179333543714e-08
-2.403259130147602e-08
6.863446878552526e-08
2.957162363176682e-08
2.546532927618696e-08
-1.155089802351742e-08
6.357749960091687e-08
2.394407231175361e-08
4.740553366741542e-08
6.272166095208059e-08
6.373236861022774e-08
5.683066290244367e-08
-1.245617009210258e-08
-1.194386224581185e-08
3.239284921743474e-07
2.537972439941817e-07
2.603235992477517e-08
6.777382663968480e-08
7.461955597598615e-08
3.771094226578890e-08
-1.645152174403024e-08
-1.217893092966921e-08
6.489872013920708e-08
-1.312584603502578e-08
-1.267520153937219e-08
5.681565122187001e-08
2.546080354835321e-07
2.751795306437635e-07
-7.363404999278297e-08
3.322893457143477e-07
3.220436963430158e-07
-7.081613254020466e-08
2.637354259884725e-07
2.668514778091649e-07
-7.035170846294584e-08
2.631845954436330e-07
2.371879150564710e-07
-5.711555636867321e-08
2.533047093879717e-07
3.399571026139188e-07
3.251345882592941e-07
-6.321373906579447e-08
2.506862036686335e-07
-6.672803366046056e-08
6.323257382706945e-07
-7.835271739265282e-08
2.687425924702162e-07
2.553480671184327e-07
-6.889534035671364e-08
3.064761287785728e-07
-7.027607719957391e-08
2.711903238605538e-07
-6.759638403692258e-08
2.573497583686010e-07
-6.688083453028721e-08
6.222642594028477e-07
-6.233251928154624e-08
2.599915429579688e-07
-7.363645162890369e-08
6.246653803951081e-07
6.283660224853569e-07
2.513940926255849e-07
-5.354291089806434e-08
3.152052484962307e-07
2.328532851143338e-07
2.828743018661418e-07
-5.777170245382648e-08
-6.499291678343994e-08
2.413339211507439e-07
-5.617886356829081e-08
2.424837701154245e-07
-7.255522763153164e-08
-6.570577724976374e-08
2.649674045449478e-07
2.768277048400482e-07
3.162812826614248e-07
3.240259880385384e-07
2.644856297731911e-07
-5.537793118945366e-08
2.535294214081998e-07
-6.768859784615856e-08
6.163718066253784e-07
6.147283468904671e-07
-8.292358010350680e-08
-7.385025901675985e-08
6.516569438256010e-07
6.747770746105009e-07
6.448472663835084e-07
-6.960879518250604e-08
-6.378959528570262e-08
-6.755637724607431e-08
-7.113229245362741e-08
6.140914446962222e-07
6.235085415845911e-07
-6.496119768490622e-08
-6.516936658645910e-08
-8.279468222787574e-08
6.489868118855642e-07
6.736711258119892e-07
4.833082394957041e-07
2.657198364502016e-07
-7.305574950621833e-08
3.312083944049129e-07
3.228197484460693e-07
2.602768878591056e-07
2.528088393643025e-07
2.550710560076126e-07
-6.497253542164471e-08
2.492586635368444e-07
3.262662096703918e-07
3.386778742609795e-07
2.399354410863732e-07
-7.846252731759721e-08
2.712176537674732e-07
2.457152521045296e-07
3.151505853040357e-07
2.595007097067707e-07
-6.757930469169436e-08
-5.921873938954016e-08
2.571786535039616e-07
3.260250704577663e-07
-7.454297294492369e-09
3.123996791774119e-07
-1.956177171319316e-08
3.220922718187450e-07
2.701048296603478e-07
2.616754734620580e-07
2.467545146120221e-07
-7.523242869713767e-08
-6.175692951114718e-08
-5.856470398263908e-08
6.126329052149238e-07
6.263919748634243e-07
3.261066649552240e-07
2.610921013867857e-07
3.274231290164834e-07
2.548137554275496e-07
3.246356044039186e-07
2.561263787302989e-07
-5.218231099290974e-09
3.281774554591561e-07
-1.170684339842597e-08
3.131052054019223e-07
-1.390260862503944e-08
3.275128839141313e-07
2.609679293583670e-07
-6.754726957839496e-08
-7.029709406639830e-08
3.290491648442464e-07
2.591951763589376e-07
-1.550828622209651e-08
3.229658873694837e-07
2.494622817192754e-07
-7.019950003026002e-08
2.707699802361153e-07
3.394688110587638e-07
3.261703533855224e-07
-1.501783503585025e-08
-5.686963814288024e-09
2.511372888558453e-07
3.328546868312902e-07
3.307206904743175e-07
-2.108741652731478e-08
-3.843824385397735e-09
2.615959598694537e-07
2.672512523246000e-07
-2.126109905169377e-08
3.343713627288544e-07
3.168345564736340e-07
2.669976493097793e-07
2.643773030797539e-07
-6.677831220683099e-08
-7.017099072926980e-08
2.586824062556449e-07
2.586410434338466e-07
3.057635646365194e-07
7.171725374124738e-08
-1.672327456011688e-08
-6.937956643945942e-08
6.338454552409505e-07
4.625909846556039e-07
4.511983556263535e-07
-7.571903284840607e-08
-7.159538829233083e-08
4.072010535361385e-08
3.942490472801401e-08
6.500403288170011e-07
6.499408245947333e-07
4.645261582764320e-07
-7.153421045682389e-08
2.545700438664443e-07
-7.073008209859922e-08
4.832775561847364e-07
6.604267272219730e-07
6.438677782240070e-07
4.734571709417702e-07
4.693577214519218e-07
6.448986769316749e-07
-6.881947625509237e-08
6.654072784868271e-07
6.665795360597054e-07
-7.448004930855247e-08
-6.656362882771868e-08
-6.341284861634626e-08
6.595563917101610e-07
4.491118579451298e-07
6.134825782362569e-07
4.511399535858715e-07
-6.985478212575786e-08
-7.537153196315919e-08
3.971589407058883e-08
4.627765702966420e-07
6.329217823479527e-07
6.388516972636132e-07
4.639149533413144e-07
6.401422368103803e-07
-7.103752442379274e-08
4.608422361135803e-07
6.234631116983552e-07
4.513253566204205e-07
-7.180844491472189e-08
3.900859856086563e-08
4.105030149271864e-08
4.631293480028230e-07
6.410499461273285e-07
4.668956023245640e-07
4.697996646322685e-07
6.219343944380329e-07
6.431831055661765e-07
4.798026618458962e-07
6.494601441056068e-07
4.806741662678939e-07
6.514363810304916e-07
-7.595617311041842e-08
-7.616416192453348e-08
4.115923450627471e-08
6.476541984480406e-07
4.807152556334855e-07
4.870425816094192e-07
-8.227433250442543e-08
4.391376030130268e-08
4.356613153912759e-08
4.716166473035075e-07
-7.339558401006092e-08
4.091200534647896e-08
-7.693917538621131e-08
-7.858212954377116e-08
4.230844920609761e-08
4.160313840870527e-08
4.725728032624840e-07
6.341336793015213e-07
4.419966539220765e-07
4.638595508856478e-07
6.372050264842839e-07
6.286635418484414e-07
4.630058918708754e-07
6.256315790859862e-07
4.604428985014003e-07
6.272139381466234e-07
6.349750236682545e-07
4.655659972284471e-07
4.519470195374263e-07
4.424448449870621e-07
-7.371678361671605e-08
3.970925246164169e-08
-6.896052591898648e-08
3.913630463357483e-08
4.725994690206856e-07
6.435928501779037e-07
-7.353872695645750e-08
-6.480474009665126e-08
6.271497067375893e-07
6.100343907659229e-07
-6.690914460617871e-08
4.367750009648932e-07
6.133357662121058e-07
-7.670843608721285e-08
6.524490251377585e-07
6.611055618852588e-07
-7.748524636030687e-08
2.650194571292101e-07
6.122268640271614e-07
6.449598908248391e-07
6.697186152057594e-07
-7.717672930104906e-08
-6.864203291986718e-08
6.293921925992278e-07
6.359457379214555e-07
-7.786837226786576e-08
4.363045158188535e-08
-7.637310328616232e-08
-5.974836712419175e-08
6.723456521079809e-07
-6.067572743599471e-08
2.336894305763909e-07
6.598886574573191e-07
6.166985745091836e-07
4.558664279982989e-07
4.447640315579993e-07
-7.186459910094657e-08
-7.370866840693154e-08
4.015231206531776e-08
-7.254731467457464e-08
4.013360254940690e-08
6.270207124176952e-07
4.573535759611343e-07
-7.618495361486481e-08
-7.037991788347486e-08
4.017428678313467e-08
6.567498452362855e-07
6.512778621414070e-07
-8.088714440393900e-08
-7.648273791585669e-08
6.479272723777380e-07
4.847739097731439e-07
4.762103775047583e-07
6.444921025779805e-07
-6.244316985375068e-08
2.721984970604924e-07
-6.909862249886370e-08
6.298552790117300e-07
-6.986744823060961e-08
-7.004453030068282e-08
2.477432935966438e-07
2.581844846860128e-07
6.597541631219694e-07
-7.390078422580754e-08
6.496669825419769e-07
-5.867538104495303e-08
2.572030713325082e-07
2.495167786316262e-07
6.427972453118507e-07
5.002232015823689e-08
-3.832218240187257e-09
6.305674859186295e-08
3.156355435114266e-07
6.209160677412605e-07
6.115659418930672e-07
-6.892776012994270e-08
6.377385059440462e-07
4.453213796661190e-07
6.187174920356761e-07
6.182262676674009e-07
4.483578856037595e-07
-7.635736897424185e-08
-7.637164796315650e-08
4.124360244974699e-08
4.546408356136148e-07
4.737423152997847e-07
-7.756478931109744e-08
4.242088874901297e-08
-7.415589824801129e-08
3.913910455544653e-08
-7.357382996004254e-08
4.037811449029336e-08
4.270096734712408e-08
4.420519477239079e-07
4.833087549098381e-07
4.633091535910363e-07
-7.755379258040637e-08
4.310145292855066e-08
4.983762396805449e-07
4.886516318654692e-07
-8.191618810854551e-08
4.379197485039357e-08
-7.093255941547455e-08
-7.459594001274320e-08
3.966464553170025e-08
-7.366039078043458e-08
4.079884884916275e-08
4.105009012674536e-08
-7.734476599053420e-08
4.101749350683388e-08
4.623931413421810e-07
-7.414029910994842e-08
4.118777315613851e-08
4.164483570024184e-08
-8.290763732456387e-08
4.466675197805666e-08
4.927193373887500e-07
4.797669850359895e-07
-7.826900781920405e-08
4.434166087430766e-08
-7.919801467709943e-08
4.457612627432938e-08
-7.280937122201285e-08
4.245984482894505e-08
4.833412669415725e-07
4.881465027578627e-07
-8.231610873505458e-08
-7.082817857056699e-08
4.025378726894211e-08
4.081207486535562e-08
4.587008192669787e-07
4.794984662750142e-07
-7.749754542644563e-08
4.286610902151274e-08
-7.500982360342950e-08
4.228089740889109e-08
4.218574322815208e-08
4.713191178862270e-07
4.736577528576219e-07
-8.014005647031713e-08
-7.993099419363637e-08
-7.283096170625086e-08
3.938428169866522e-08
-7.264410734572612e-08
-7.777743890945905e-08
4.123504203405330e-08
4.243149370495063e-08
-7.564607231401503e-08
-7.341475580352658e-08
4.075490453887970e-08
4.477050262538896e-07
4.679099211978439e-07
4.131893446033943e-08
4.223694852656317e-08
-7.486421091871071e-08
4.209093556547234e-08
6.441795847214884e-07
4.666827268503338e-07
4.664878210753366e-07
-6.420259377185671e-08
-7.461325585286897e-08
4.043904403077411e-08
-7.789600225662510e-08
4.110412942185824e-08
4.585708284170384e-07
-7.244624795130204e-08
3.926418717827580e-08
2.236312793747573e-08
2.836029638145733e-08
6.547533600593890e-08
6.237471990873136e-08
-8.085203072856099e-08
-7.758352033570188e-08
4.408096332868055e-08
4.319492915137507e-08
-7.772166715570620e-08
4.022497418610566e-08
-7.563343531379937e-08
4.491931812511442e-07
6.192114099489784e-07
-7.003359231772541e-08
3.962429469774855e-08
4.463892389312351e-07
-7.134126224159818e-08
4.476610421931229e-07
3.984221049564984e-08
4.049699644044673e-08
-7.573128839062944e-08
-7.922511703569193e-08
-7.617458829173063e-08
-7.931327549460609e-08
4.206516621942368e-08
4.195377933264146e-08
4.271000373218213e-08
-8.047429904024494e-08
4.670823168201259e-07
-7.599533173111668e-08
-7.273045810085962e-08
4.037700354040172e-08
4.315280343130254e-08
4.098748126525037e-08
-6.810102563000322e-08
-7.305191391781084e-08
4.439374455787666e-07
4.539907207461063e-07
6.158372243437696e-07
3.863689029389716e-08
3.940923531720081e-08
4.611093889116621e-07
-7.484186276224600e-08
-7.043358790271863e-08
4.533758124310104e-07
3.986060153093843e-08
4.001777373754141e-08
3.959985696942431e-08
-7.057684640729466e-08
-7.454475918155271e-08
4.541107231705145e-07
6.189904887335669e-07
4.426643476234975e-07
3.985464842332420e-08
4.079081517097437e-08
-7.244900949672604e-09
3.622510663577033e-08
7.163701076733515e-08
7.101218523975328e-08
1.743308471087233e-08
2.396135130517745e-08
2.045285908456794e-08
5.820036784428171e-08
-6.029121633393463e-09
-1.418398311732283e-08
3.350192868746792e-07
2.547893447994395e-07
-5.668293910431605e-08
-6.498588833209986e-08
4.558977586805418e-07
6.455917228438545e-07
6.489020064219684e-07
6.347350507487495e-07
4.554335693325135e-07
-7.600842724533370e-08
4.842801228931581e-07
6.394574412370620e-07
4.175569643001969e-08
-7.489677554991617e-08
4.166558034300207e-08
4.466367438308927e-07
-7.331631341113217e-08
4.625201904835863e-07
3.984721604022878e-08
3.969572108563158e-08
-7.951510921203492e-08
4.714065271620048e-07
4.239869640076765e-08
4.388910357902402e-08
-7.844306378703951e-08
-8.284606505373664e-08
4.789982340867319e-07
-7.970856853012657e-08
4.946592298219620e-07
4.445519644218359e-08
4.396821099976704e-08
4.385970673952556e-08

DL  1  1102  double
4.456008824665599e-05
5.049659224909740e-05
8.249317587972894e-05
1.226211168107718e-04
8.589481800065303e-05
1.190984256300302e-05
-3.732534486654643e-07
4.254012198407596e-06
-2.607090661502696e-07
2.853383648558198e-06
8.029132327855793e-06
1.546941579706483e-05
2.493034076511873e-05
2.484087313470363e-05
7.552500907588813e-05
7.649392625346878e-05
1.094904593565629e-05
-5.804164349395132e-07
1.000281433917139e-06
1.478983368512695e-05
2.987261237776980e-06
8.983896661655159e-08
2.414805084010786e-05
1.096847634153790e-05
1.199453941671422e-05
-1.339567492626076e-07
-2.530670783373691e-07
8.718277536190877e-07
1.472354722078502e-06
5.653120294676772e-07
2.136102415164605e-06
1.366865433336548e-05
1.384555990940424e-05
1.500100747469853e-05
2.797058194370989e-05
2.640248812567536e-05
1.304082125755901e-05
2.102057234435331e-06
3.968268424799808e-06
1.526632893505617e-05
1.858277911824199e-05
2.457764252987365e-05
1.237130121237602e-05
5.410703015338211e-07
4.521430410388824e-06
1.498656265430635e-05
1.352926381430901e-05
2.694176400420845e-05
1.920425259443024e-05
-4.080183941961432e-07
5.674329060694712e-06
3.315899805240156e-06
-4.124874674313259e-07
2.140530228216988e-05
1.463827592837805e-05
1.028518191105131e-06
3.716325605305214e-05
5.634649113335105e-05
2.382032394729191e-05
5.095590120441454e-05
3.550672771102825e-05
1.118432623719314e-05
1.461492433917774e-05
3.045223587835642e-05
6.746126746613420e-05
6.064138604225042e-05
8.165659041245613e-05
1.235180634296481e-04
1.125598060982782e-04
7.190604253708604e-05
2.573558229380529e-04
2.808108373479435e-04
2.662327585993446e-04
2.347355936725624e-04
2.652949096851813e-04
2.391025563321236e-04
1.038428388505118e-05
3.344739841723535e-05
3.853772446719724e-06
-1.623799813688123e-07
1.448772233888399e-06
-1.675960919813647e-08
2.342522944132704e-05
1.252838071326633e-05
7.526754216092826e-05
1.161208365018504e-04
1.933579563268245e-04
2.323666068251281e-04
1.010989389162238e-04
6.026507097498240e-05
8.928290253931820e-05
3.674659637352729e-05
3.563280921714537e-05
6.678926523172141e-05
-3.240713465897097e-07
5.977537000800014e-06
-3.966057256586228e-07
6.412460708934118e-06
2.392809691199701e-05
2.324989054662560e-05
1.135340550935380e-06
3.587697908249275e-05
7.440993172166357e-05
5.041380578275758e-05
9.303709349142819e-05
5.398405574573297e-05
2.744713668444574e-04
2.910411754034302e-04
2.749302742024354e-04
2.534327709873588e-04
2.631584504673678e-04
2.848686823308530e-04
2.465767477401194e-04
2.616805753702240e-04
2.181122539127020e-05
3.845678519140332e-06
1.763920330606113e-05
4.220489804166369e-05
4.896819145061373e-05
-4.896116480290348e-07
2.446865109245234e-04
2.598829802520921e-04
2.828918711891056e-04
2.253097797533633e-04
2.352299833328976e-04
1.966124330438280e-04
2.372944264791084e-04
2.341144434109898e-04
2.224885251032809e-04
2.052203099968137e-04
1.953569265844749e-04
1.997431620788950e-04
2.284274066276227e-04
2.364789012306183e-04
2.095350921232493e-04
1.646280660811679e-04
1.576466096574050e-04
1.878099105803040e-04
1.893121235883712e-04
2.025456406769332e-04
2.066176175361834e-04
1.665687091549977e-04
1.656190782423134e-04
1.615231951942039e-04
1.256119667747918e-04
1.863035484583232e-04
2.210921224450299e-04
1.803683506911634e-04
7.649381262763743e-06
3.841248632702332e-05
1.440964758734859e-05
2.878161179586148e-05
1.860868157278465e-05
3.213142248266641e-05
2.332869493117703e-05
5.413927159525538e-05
3.974162282228373e-05
3.655483719612497e-05
6.448299715339815e-05
2.025051414836598e-05
9.592876540287798e-07
5.294736089394934e-06
-5.651589288610817e-07
3.223418495301736e-06
9.077987671241810e-05
5.429171624527487e-05
1.382907619005209e-04
1.197729734069833e-04
7.754216380767066e-05
3.594242128639953e-06
-1.933501518932436e-07
1.405789047580352e-05
-4.487239284928446e-07
3.647525326100115e-06
1.061582242558493e-04
1.028660031152191e-04
7.028474934506111e-05
7.001498394531090e-05
1.451500879970114e-04
3.584645311777137e-05
3.816783547124528e-05
6.429939585467824e-05
-3.662471704917819e-07
7.843616856041994e-06
3.177675939699173e-06
-3.436035961710102e-07
2.305036147841517e-06
2.168537691010012e-05
1.388618414752951e-05
1.040619691418115e-04
9.300573530237274e-05
1.220652146137759e-04
7.873938574535925e-05
1.370358987118161e-04
1.468794163884646e-04
1.036013202387097e-04
1.011954119239281e-04
1.425730889737200e-04
1.422158315093487e-04
1.530544400864316e-06
-3.764135866091334e-07
-4.976353228507819e-07
1.941733151175093e-06
-2.412878860553575e-07
2.938499792993420e-05
3.914494267802055e-05
6.424756125008845e-05
7.639593685706393e-05
4.513245881761524e-05
4.282764665294380e-06
2.876594043246586e-07
-4.649445140813860e-07
-4.312199169089786e-08
3.774511643039491e-06
2.639453386985889e-05
2.550974410699041e-05
1.348406896178870e-05
7.499249383471248e-05
7.133507473511161e-05
2.494000481603352e-05
1.114376341130139e-05
2.468481105165268e-05
7.062384407806523e-05
7.372947364087112e-05
6.968850952956223e-05
1.668628189979988e-06
-4.093211624398405e-07
7.623453089879304e-06
1.326359013008608e-05
1.655891885922937e-07
3.036791144510261e-06
-4.165851054579991e-07
-4.830206189418365e-07
7.689793653936197e-07
1.066901914543469e-05
1.358021576720350e-05
1.393675850730463e-05
2.327952235469222e-06
1.139077400216183e-05
2.741769849474822e-05
2.587143806471007e-05
1.598174857131176e-05
2.399064363030457e-05
1.675126885914687e-04
1.812261168786624e-04
2.108247512570674e-04
2.302780455709279e-04
2.478935766711748e-04
2.210788852210205e-04
1.398269891781047e-04
1.621726582726125e-04
1.777764216560927e-04
2.067029579032759e-04
2.171427774153789e-04
1.326819039070216e-04
1.166274981693330e-04
1.433662781783847e-05
2.429699788531653e-05
6.337754875006226e-06
2.403208375090950e-05
2.063568837073935e-05
2.522192984186952e-05
2.397276084389998e-05
1.668825077087716e-05
2.551130672466258e-05
7.725317879093670e-05
7.457782430270666e-05
7.702425033509666e-05
2.901577573931873e-04
2.934035272027281e-04
2.943312806480841e-04
2.836581557070039e-04
2.383156765581317e-06
1.537084135595794e-05
1.521213379256855e-06
-4.053149970326886e-07
-6.209205029735170e-07
5.700274837418072e-06
-3.853191515304492e-07
-1.177063247617551e-07
7.571705325053033e-06
1.069709670524796e-06
7.005493431503298e-05
7.952110677263309e-05
1.097956183532629e-04
1.201304661146875e-04
2.318742692750262e-05
2.951910455713720e-05
8.683221712915345e-06
1.370483560347139e-05
-3.988889872488562e-07
4.730706846844581e-07
1.640664866591312e-04
1.250640650794198e-04
8.797203374288311e-05
1.057761456798372e-04
7.926791822968573e-05
1.204209280499549e-04
1.527122792462883e-04
8.623837205465699e-05
1.555589182358362e-04
1.615690356599911e-04
1.978920474047956e-04
1.843280212777949e-04
1.601680327101027e-04
2.011015053785254e-04
1.063869467864814e-07
1.424246631306118e-06
1.442970243370216e-05
1.136703216466219e-05
1.030552016978817e-06
5.343072113945886e-07
2.839052902763848e-04
2.639145201522604e-04
2.792651608408254e-04
2.630126030371538e-04
2.546154233378921e-04
1.649728749394369e-04
1.581713851546392e-04
1.868374679007738e-04
1.998031244869438e-04
2.282199468413559e-04
1.927308227668143e-04
2.186032572113199e-04
2.312313421865369e-04
1.745209107039534e-04
1.502475637210105e-04
1.491513106427673e-04
1.640954293394844e-04
1.177974455440004e-04
1.338858715645279e-04
1.419854299986810e-04
9.507126386646275e-05
9.092640833627188e-05
7.565153215472454e-05
5.876480689354817e-05
3.703458975141669e-05
7.516665204836061e-05
1.525521022025044e-05
2.605165577829148e-05
5.246321546968164e-05
2.584983700190951e-05
2.569954728782975e-05
5.108738677708515e-05
7.831363559788411e-06
6.027364270086659e-06
-2.550468218106046e-07
1.347380076462893e-04
1.070662821813451e-04
1.790346330717256e-04
1.526656436253214e-04
1.031757799785215e-04
1.299049845945136e-04
8.462948749538688e-05
1.175110485380122e-04
6.384513351667429e-05
1.028074522995801e-04
9.755730369725830e-07
-1.937903241117082e-07
6.690931577833977e-06
-3.237168274976624e-07
8.062770431717091e-07
2.006973893210409e-06
2.209688960292335e-05
6.539698285508110e-06
5.058109223807216e-05
2.641213990677889e-05
2.700837248761315e-05
7.986346907892335e-06
1.645485451197190e-04
2.030143749302097e-04
1.610120647909814e-04
1.241053627055835e-04
1.093859696661332e-05
3.528159874062832e-05
1.905559995526550e-05
2.263031517015415e-05
4.810858829771569e-06
1.965096081730454e-06
2.072183255692459e-04
2.190108772007501e-04
1.782639686702608e-04
1.827365061858902e-04
2.260247311077552e-06
1.285069132965248e-05
2.375327406366550e-05
2.460279405746359e-05
1.759021007688173e-05
3.376195190446639e-06
1.667301367726058e-05
1.049986639784364e-06
4.327986307496835e-06
1.683397171951908e-05
3.134298628048208e-05
9.223284908273129e-06
2.052713700536704e-05
2.969727339349574e-05
7.505084756180559e-06
-4.862120545883518e-07
-2.752557372687892e-07
3.276234186434966e-06
2.086403054637501e-05
4.697235446281518e-05
5.309582658605835e-05
2.016585147888369e-05
2.514604337229404e-05
2.576212960812257e-06
1.343164978178153e-05
5.129036659392089e-05
4.750151624497553e-05
2.393095359361597e-05
8.492456980268656e-05
9.793883290573627e-05
1.445707715492050e-04
1.156163545356254e-04
8.393227675178011e-05
2.615836955864523e-04
2.506537414560565e-04
2.725597981394651e-04
2.448917858209966e-04
2.735875521884753e-04
9.636358500192871e-05
1.435504214073864e-04
1.127143581130762e-04
5.760895252549029e-05
7.227752037203226e-05
3.780333934168535e-05
2.582385708756469e-05
6.705895977507540e-05
3.038228281334885e-05
9.328644608482907e-07
9.185421659535875e-06
1.624424422241766e-05
1.319017153083980e-05
1.643817682862979e-05
1.821619879129959e-06
1.725674744221346e-07
9.577292117653490e-07
9.445513444692816e-06
2.211679997540496e-05
4.119095448127860e-05
4.001455209264554e-06
4.899284758081909e-05
9.034692892686740e-05
5.380718880454943e-05
8.696688662203102e-05
1.217131251409488e-04
1.273427431365176e-04
4.507111422794971e-05
1.789124866855003e-05
1.248482682807059e-05
3.482208117598028e-05
2.363501514687156e-05
5.243962769362708e-06
2.131034437204875e-06
4.204801938173119e-05
8.005882233288503e-05
6.681963485816979e-05
4.936807201809443e-05
8.798639867275042e-05
8.419513878562072e-05
4.960180616231751e-05
8.314850276542837e-05
4.658847258656620e-05
1.223205929176679e-04
-3.363578085322548e-07
6.492327507349988e-06
6.905974399705671e-06
1.126973337389865e-06
1.269126475663582e-06
-3.317109703529034e-07
2.547466869457148e-05
2.132054095900894e-06
-6.406571859731140e-07
2.038889650437378e-06
1.372753866188084e-05
1.445650201772478e-05
2.624535480399367e-05
8.924713130547571e-06
1.595624962433863e-05
1.856998416240400e-06
1.402240093096094e-05
2.497394168550477e-05
2.371434968954248e-05
-3.535775371078145e-07
2.982587040807298e-06
-4.237883287075610e-07
1.958232461482478e-06
-4.684737423330610e-07
1.446272361366891e-06
-8.835437993279692e-08
5.271154942042659e-07
4.518778945110355e-06
2.717588069799449e-05
1.441420156565298e-05
2.688452770907317e-05
1.447095547281102e-05
6.476630244794213e-05
1.724853658274691e-06
1.101939934940558e-05
3.846741111204668e-07
-2.750404751690744e-07
1.343530601497159e-05
2.430403025825580e-05
1.489333738729968e-05
2.463918964326696e-05
2.504877803769953e-05
1.287930974658578e-05
1.249406966833537e-05
2.541875954341381e-05
2.483440689205261e-05
2.566075954761239e-05
1.447215133362622e-05
1.329879878557060e-05
1.470552537472142e-06
-4.615127680927748e-07
2.225027581130411e-06
3.570407907430605e-06
2.739732994151656e-05
1.309272229158400e-05
1.455761721598531e-05
2.591750837370938e-05
6.679149031217537e-05
1.344430082378459e-05
1.441276835658349e-05
2.530303176907333e-05
2.656049215403466e-05
7.703593844649289e-07
2.686980622508003e-05
6.840389831804601e-05
9.791326127367756e-06
9.839038096471953e-06
7.125718233022797e-05
-1.860254546003457e-06
1.624716225101336e-06
-4.460952075826939e-07
-4.140050646838923e-07
2.775600697182891e-07
5.166812323252509e-06
1.178900180162602e-05
2.393101382835988e-05
2.410051050647303e-05
1.453293290992341e-05
2.528656992151638e-05
7.828945050456887e-05
2.760753548026629e-05
1.004588781886949e-05
6.913638822975310e-05
7.134668157786583e-05
1.020803776379525e-05
2.613916088410717e-05
2.415283684712391e-05
7.618222441578683e-05
7.434729866103348e-05
9.738578305062016e-06
9.458786625876563e-06
-1.884134244954187e-06
1.880354830084318e-05
1.581924954449719e-05
2.448838075313125e-05
2.710408309922536e-05
6.756057315896186e-05
2.940017731213569e-06
1.960212368455923e-05
1.597754459310263e-05
1.363164111171640e-05
-2.918847848163965e-07
3.688278353712686e-06
5.402731847361023e-07
5.321550897487250e-07
-1.176601625438888e-07
-1.250797853122521e-07
6.328915640027106e-08
-1.231588234467813e-07
6.393312383406227e-08
6.306815851288439e-08
1.669341348315728e-05
3.277727152730719e-06
-5.505161050715735e-07
-2.675096260191430e-07
1.525057068026342e-05
3.838744265442053e-06
-3.929320826332375e-07
4.861692678064839e-07
1.601099365022192e-06
4.245783929590047e-06
1.313036913230539e-06
1.444828907705396e-05
1.418501309916963e-05
2.585146251697789e-05
7.463848063610120e-05
1.279732546543145e-09
3.471547186441161e-06
4.011849620624658e-06
3.328148893891258e-07
1.314156713281828e-05
1.438756049102915e-05
4.117343656460640e-06
1.452696694833001e-05
1.500571859948260e-05
1.157028659054188e-06
6.884556759928297e-05
6.499689046134022e-05
9.842633551883278e-06
2.629335447572777e-05
2.656805940623737e-05
9.329264328409248e-06
7.640789092522020e-05
7.481335783467707e-05
9.546296115493231e-06
7.416070955893373e-05
7.126027504450545e-05
9.880550744982052e-06
6.934049558231447e-05
2.588349441914431e-05
2.536127959644828e-05
9.983468389498083e-06
7.417177843130427e-05
9.790640322765901e-06
-1.898531370303493e-06
8.505637496599372e-06
7.925616217287107e-05
7.540050833053427e-05
8.844699101405486e-06
2.360911188209287e-05
8.851881226965811e-06
7.980896315488796e-05
8.842435385807594e-06
7.511839811984089e-05
9.410737646488597e-06
-1.747351411833871e-06
9.081921584964793e-06
7.294137888340183e-05
9.825806506780642e-06
-1.752534494108284e-06
-1.709325830899466e-06
7.031553982194635e-05
9.889122637940052e-06
2.512362119508289e-05
7.252542898313558e-05
6.744460362100153e-05
9.579186364315128e-06
9.976077034148329e-06
6.866931738135440e-05
1.090614547046570e-05
6.843740437245170e-05
1.040408515200396e-05
1.020579937046542e-05
7.413882073836883e-05
6.586316951299047e-05
2.652553353049695e-05
2.611967460263317e-05
6.749005558103654e-05
9.944725211784801e-06
7.785845622575327e-05
9.523599223897304e-06
-1.883725653217451e-06
-1.853277374533297e-06
9.604243744469947e-06
9.391852848484517e-06
-1.716400260035989e-06
-1.813959014196944e-06
-1.885624713687622e-06
9.387311284811758e-06
9.776488185300405e-06
9.503685392031030e-06
9.446050446629278e-06
-1.810993111023597e-06
-1.855598921167278e-06
8.991231837577833e-06
9.772842742793804e-06
8.750174744583540e-06
-1.593670406823032e-06
-1.772947649247182e-06
5.344697087610467e-07
7.265314557260474e-05
9.318446284425733e-06
2.479475668694543e-05
2.551089587126176e-05
7.539912752608500e-05
6.979759752989229e-05
6.542063325088091e-05
1.040758304706077e-05
6.540467719380530e-05
2.713277250474424e-05
2.531231651330417e-05
6.793132850119136e-05
9.798120755675750e-06
6.693714367159205e-05
7.398912442246253e-05
2.686383945538086e-05
6.779154368766981e-05
1.011081957003816e-05
1.050039957438538e-05
6.785768224849407e-05
2.492732513301700e-05
1.359534728858376e-05
2.814185853471697e-05
1.595332630140368e-05
2.583923157837835e-05
7.497643762378753e-05
7.493524519995374e-05
7.560408857034183e-05
9.099587810188421e-06
9.617899642173088e-06
9.716951874226101e-06
-1.781806948160600e-06
-1.805333521257119e-06
2.450538582692426e-05
6.967790252757616e-05
2.712496594991377e-05
6.815942046425830e-05
2.759015757807371e-05
6.509412961167188e-05
1.349042101740153e-05
2.672466419080873e-05
1.161925277034719e-05
2.474157833951589e-05
1.470152481218395e-05
2.596698482425947e-05
7.332569534880439e-05
9.883959927830327e-06
9.227896720784878e-06
2.508507587259732e-05
7.247910388114547e-05
1.582932654193388e-05
2.707077692179919e-05
6.860865514667544e-05
9.838792773469338e-06
6.957147245372370e-05
2.792086314580206e-05
2.395199360352260e-05
1.562155740621335e-05
2.025880821951335e-05
6.903614727338283e-05
2.495650443620714e-05
2.449075835814936e-05
1.764356131252612e-05
1.424366977649084e-05
7.325424862985434e-05
7.889775236370965e-05
1.630160013128018e-05
2.427346296741983e-05
2.494242813916010e-05
7.977888046323927e-05
7.534971909317433e-05
9.188107333620813e-06
9.221623870042673e-06
7.399466516319909e-05
7.545676923401087e-05
2.517491876823971e-05
2.593897520491968e-06
1.434200342921647e-05
9.223273535434091e-06
-1.793283949419551e-06
5.652132239822310e-07
5.773543586330140e-07
-1.309362488604321e-07
-1.252676942557504e-07
6.699835159657546e-08
6.708292502239102e-08
-1.865710325042310e-06
-1.953725536564801e-06
5.847883249335101e-07
9.991018847072371e-06
6.696687915811718e-05
1.002384512746161e-05
5.877400723604553e-07
-1.859901630290760e-06
-1.867261353112510e-06
5.744596508997044e-07
5.734464359404438e-07
-1.806576034557846e-06
9.543661428085389e-06
-1.802482615602457e-06
-1.849486889441653e-06
9.481855835979194e-06
9.814453307714642e-06
1.014229999533026e-05
-1.903082736946570e-06
5.315216168583037e-07
-1.593105075330242e-06
5.205340414246068e-07
-1.153443812885628e-07
-1.181852392652180e-07
6.105975602310724e-08
5.973122815376585e-07
-1.876061443436394e-06
-1.833857529461665e-06
5.875535470000044e-07
-1.940832591127275e-06
1.002992008177777e-05
5.872011997997946e-07
-1.883362841944417e-06
5.881736719701337e-07
-1.320558944945063e-07
6.867179901376667e-08
6.959181292377637e-08
6.005594591726171e-07
-1.927668442215417e-06
6.248967565031801e-07
6.238812543752561e-07
-1.883504786992277e-06
-2.084512191759355e-06
6.008949042218502e-07
-1.956076322096293e-06
5.777814862139450e-07
-1.826933404062356e-06
-1.313802851008291e-07
-1.360713667456496e-07
6.933339504487699e-08
-1.882836336440727e-06
5.843264374855075e-07
5.958758666362044e-07
-1.361681638348999e-07
6.980017358984940e-08
6.979394614497251e-08
5.722505226621526e-07
-1.331975344915746e-07
7.065650813034545e-08
-1.261345469291514e-07
-1.334893140719058e-07
6.732416154940144e-08
6.972107585973675e-08
6.199615869059064e-07
-1.916666997494428e-06
5.993153324092161e-07
5.808208252283326e-07
-1.909082468683321e-06
-1.966551116590042e-06
6.009756551243177e-07
-1.674710355143404e-06
5.245680948797616e-07
-1.582591590371794e-06
-1.605747866065040e-06
5.110509323616734e-07
5.879352303447852e-07
5.793309873832172e-07
-1.349385377523638e-07
6.943060146726148e-08
-1.273822182493673e-07
6.867135710237597e-08
5.721042503805118e-07
-1.725687087605219e-06
8.829424174401634e-06
9.682050229336664e-06
-1.676731954832378e-06
-1.795820926965084e-06
9.632686407484461e-06
5.650691847859312e-07
-1.874491519484491e-06
9.422733042641201e-06
-1.803335655904315e-06
-1.782395334803926e-06
9.672742463558628e-06
6.579092242057051e-05
-1.724188845653940e-06
-1.740788273605941e-06
-1.786233367555107e-06
9.005623150380937e-06
9.316993494210817e-06
-1.809147811667221e-06
-1.799618366625851e-06
-1.303615719654023e-07
6.886269569792020e-08
9.173329146537283e-06
9.951570181378268e-06
-1.843765405848634e-06
9.466183670456699e-06
6.948490506987763e-05
-1.762508259296585e-06
-1.816620028825570e-06
5.594590084279210e-07
5.580951219958879e-07
-1.317286840136122e-07
-1.293444181228434e-07
6.813661256018270e-08
-1.254513953096522e-07
6.654709465607967e-08
-1.901840571503234e-06
5.936060254561945e-07
-1.377577712931106e-07
-1.288967940384892e-07
6.972576902183310e-08
-1.720706386517110e-06
-1.798810772951247e-06
9.617339360768409e-06
9.372828926069513e-06
-1.774197068668633e-06
5.643879640895617e-07
5.630842065720264e-07
-1.816650614202120e-06
1.004429970239613e-05
7.353942447091247e-05
9.500522519436514e-06
-1.756661691096996e-06
9.601784217738096e-06
9.751948908917969e-06
7.072704754795818e-05
6.799786996544134e-05
-1.814397178269588e-06
9.615245213401310e-06
-1.811093263828129e-06
9.992499548962279e-06
6.866781517964376e-05
7.220970445479882e-05
-1.772073063389367e-06
5.662531651998177e-07
1.359044707598876e-05
2.945665303680548e-06
2.533775535498936e-05
-1.769091892488040e-06
-1.812206416411735e-06
9.599502901175695e-06
-1.822262786797538e-06
5.557767871956047e-07
-1.724827331627113e-06
-1.704856671131927e-06
5.424812296618839e-07
-1.303855399956250e-07
-1.319245625196621e-07
6.798146272759848e-08
5.744030508216993e-07
5.857786091987963e-07
-1.342789365787831e-07
6.945458220851394e-08
-1.247237611728893e-07
6.571147512242661e-08
-1.210054543961152e-07
6.386496563795015e-08
6.591637406431178e-08
5.565759848493035e-07
5.621122067890937e-07
5.471730864130341e-07
-1.253215373168528e-07
6.610606190483235e-08
5.818791608578403e-07
5.603994944096953e-07
-1.302816213369717e-07
6.723627465725332e-08
-1.377247775209069e-07
-1.387524657880024e-07
7.194728888564397e-08
-1.325412179490349e-07
7.086456476520231e-08
6.849545387256275e-08
-1.287515053047789e-07
6.606974104970295e-08
5.630363266699076e-07
-1.264113440612146e-07
6.681746177198981e-08
6.681502613605831e-08
-1.304930597966024e-07
6.747102020228002e-08
5.753405486955264e-07
5.619930578544891e-07
-1.264581715915080e-07
6.753406956367213e-08
-1.316689428143115e-07
6.894608336742705e-08
-1.259548753753492e-07
6.676460652710333e-08
5.729670617027614e-07
5.759599043800147e-07
-1.307926714823316e-07
-1.261041306445504e-07
6.693476253075957e-08
6.595196913755239e-08
5.681859974859862e-07
5.764764297671547e-07
-1.302328478420273e-07
6.831715334284856e-08
-1.278401306508118e-07
6.671022205792582e-08
6.804635946252912e-08
5.748720698451164e-07
5.705634488267668e-07
-1.280165565429106e-07
-1.323301563269289e-07
-1.355064604440843e-07
7.185204196292270e-08
-1.406691525293769e-07
-1.420134971973477e-07
7.383652215830362e-08
7.255319241448036e-08
-1.258358320642698e-07
-1.251752273191790e-07
6.561318434619985e-08
5.446522129203381e-07
5.645269714109263e-07
6.587202394939655e-08
6.666583203300242e-08
-1.299054651381235e-07
6.847572637260637e-08
-1.850526570124700e-06
5.733186164591577e-07
5.776937780132048e-07
9.878329144837856e-06
-1.274392261622494e-07
6.603131749463724e-08
-1.302176432694272e-07
6.609489110060520e-08
5.562241128708006e-07
-1.244350891588365e-07
-3.102610517142261e-09
-4.073465210608200e-07
-3.372933458921284e-07
3.158678930172303e-06
2.050055997238408e-06
-1.351281336362498e-07
-1.384778185861549e-07
7.187215072887329e-08
6.877522108612390e-08
-1.301551093054054e-07
7.164463158370692e-08
-1.277029997268914e-07
5.677216274833791e-07
-1.779413731411197e-06
-1.289852136191288e-07
6.649348398677977e-08
5.528864306877102e-07
-1.245192870443737e-07
5.596171505953027e-07
6.542868751818017e-08
6.673086619243932e-08
-1.305307551957968e-07
-1.301263369615539e-07
-1.243806903868025e-07
-1.266698348786815e-07
6.528065523312900e-08
6.776047344032382e-08
6.664500706966203e-08
-1.179742035915338e-07
5.131711888311446e-07
-1.133062743817857e-07
-1.133159033482936e-07
5.929040230287528e-08
6.066488643467334e-08
6.123779519330788e-08
-1.253090856811465e-07
-1.269124304283303e-07
5.552698161842669e-07
5.672175767678947e-07
-1.716148649895369e-06
6.560254467891200e-08
6.649614014761464e-08
5.494513253739281e-07
-1.226319896751820e-07
-1.205204009152720e-07
5.484526618086277e-07
6.259102345702580e-08
6.381280600862690e-08
6.457083819172424e-08
-1.214273210977863e-07
-1.287591424688287e-07
5.557292135248371e-07
-1.842442517926748e-06
5.709882150462926e-07
6.519956173760654e-08
6.906128912061909e-08
1.097185109048305e-05
-4.540057686166863e-07
2.515286809165305e-06
2.487715026214555e-06
-3.571717291930550e-07
2.292947734374130e-06
-3.244380443374028e-07
1.534238085974207e-06
1.752208456972576e-05
1.312823686568879e-05
2.717468067012182e-05
7.320766739303991e-05
9.655729155604532e-06
9.558942036940947e-06
5.518528650192439e-07
-1.689811845286946e-06
-1.795019618682664e-06
-1.785340309151921e-06
5.617898270777498e-07
-1.267327720673197e-07
5.661627090956912e-07
-1.822171885477539e-06
6.578252167644797e-08
-1.268766914376973e-07
6.671521003150136e-08
5.624082343178544e-07
-1.293232816686088e-07
5.728643860956857e-07
6.682677665325730e-08
6.644599601057921e-08
-1.298476193880255e-07
5.650889244957585e-07
6.793929329689856e-08
6.786642118783803e-08
-1.282810407906898e-07
-1.296675592750993e-07
5.595414114770778e-07
-1.235292292971394e-07
5.723146165048882e-07
6.646088558296293e-08
6.364726453998544e-08
6.712238748536375e-08

PA  1  1102  double
3.586432605825795e-06
3.775058077362297e-06
4.728424859006534e-06
5.746621171230462e-06
4.816353219058322e-06
-2.991791239234800e-06
-7.232048173199674e-07
-1.369266329854294e-06
-3.293556118276347e-07
-9.395187294230901e-07
-2.883046210231801e-06
-2.449680466528002e-06
-3.539371177470465e-06
-2.825109087877807e-06
-8.433928261899435e-06
-8.347714567759513e-06
-2.731871428800771e-06
-7.309487424577891e-07
-9.717872938446021e-07
-2.771404160910580e-06
-1.258993248974154e-06
3.412756338843609e-07
-3.234847324146166e-06
-2.813108801106084e-06
-3.047450712584446e-06
-6.670411287202322e-07
-7.605995825186564e-07
-9.143428424866366e-07
7.244647721051731e-07
4.355472473285872e-07
-1.205043329999822e-06
-2.593116791323790e-06
-2.718115899520658e-06
-2.565291172223201e-06
-3.175167781195155e-06
-3.200873936374722e-06
-2.697479645693133e-06
-1.137832373560809e-06
-1.407927235477569e-06
-2.430591629400494e-06
-2.048765430260813e-06
-2.658668215188598e-06
-2.649140647916089e-06
-7.870576739348381e-07
-1.368275256243870e-06
-2.454094381097215e-06
-3.076778899858839e-06
-3.099837951667673e-06
-1.911165367988241e-06
-2.122804524240820e-08
1.323498005869306e-06
9.914418785906560e-07
8.244062699740388e-08
2.462494136695384e-06
2.051811189393032e-06
5.686881077543020e-07
3.283269344743215e-06
3.950754691762691e-06
2.573145424859277e-06
3.797002706834386e-06
3.147239019931171e-06
1.823494276113783e-06
2.085974123082571e-06
2.930767857995682e-06
4.320756370285620e-06
4.112226452003760e-06
4.703498428824429e-06
5.760349851814885e-06
5.514728032523698e-06
4.427874682438849e-06
8.088490918105933e-06
8.380590760548383e-06
8.170070166466897e-06
7.695746883210969e-06
8.150582026096958e-06
7.805363026708733e-06
1.774904222122963e-06
3.081900371158005e-06
1.135739367242220e-06
1.517306143307180e-07
6.970652797918034e-07
2.796827083816474e-07
2.550420015333899e-06
1.905717816745761e-06
4.514265847777134e-06
5.585826500867657e-06
7.061447728231920e-06
7.678532393833436e-06
5.223035577884244e-06
4.110411803923116e-06
4.904497199968964e-06
3.219613471509435e-06
3.141392047684802e-06
4.303211876657489e-06
5.058554889093868e-08
1.360552238648250e-06
8.681841608931919e-08
1.386189875735299e-06
2.592661610346127e-06
2.549789315364606e-06
-8.858343753179725e-07
3.227006188114906e-06
4.486037427889985e-06
3.787046145028412e-06
5.028358196023027e-06
3.888835770897420e-06
8.282015011944249e-06
8.525585654220489e-06
8.298114036697319e-06
8.008211921634941e-06
8.147878786832715e-06
8.433707181138153e-06
7.905125224288631e-06
8.131335935478732e-06
2.458399587151182e-06
1.110063559825432e-06
2.240635411562977e-06
3.458190750051186e-06
3.735400704756131e-06
-1.749845216076156e-07
7.871041458791754e-06
8.095052023606529e-06
8.401793939416993e-06
7.558183743722206e-06
7.751002859204222e-06
7.123494425711479e-06
7.765138203898669e-06
7.697803504374113e-06
7.537636535642298e-06
7.288960495096836e-06
7.095258275989334e-06
7.170603899373159e-06
7.614398914883940e-06
7.754106542420269e-06
7.325170069873289e-06
6.555469024730540e-06
6.422001011475793e-06
6.996871606596024e-06
7.021628840927905e-06
7.209163427038638e-06
7.309378016843480e-06
6.569600391396842e-06
6.579177668796880e-06
6.515628751604636e-06
5.807344965618138e-06
6.953277272818532e-06
7.512332987422331e-06
6.856890043638392e-06
1.519433258347568e-06
3.322103269181755e-06
2.014297860957477e-06
2.867392419877933e-06
2.279520602053254e-06
3.011725336414824e-06
2.538645659023483e-06
3.903305520060322e-06
3.397447199766969e-06
3.219953697536110e-06
4.220693128272440e-06
2.357627379697601e-06
5.300214281272945e-07
1.305047047158775e-06
-2.147237085645848e-07
1.062094260936722e-06
4.972854777564619e-06
3.906517482523940e-06
6.046361964545349e-06
5.667160459702331e-06
4.586304628261944e-06
1.225487803720183e-06
1.957020782812842e-07
2.005536479915929e-06
-3.095314360767141e-07
1.137808566569594e-06
5.363297060264543e-06
5.286550624942419e-06
4.377711124748154e-06
4.381939425946982e-06
6.173167856404540e-06
3.219789140566225e-06
3.304685740668617e-06
4.200373783160634e-06
8.014871969107776e-08
1.569251865006097e-06
1.038136326332391e-06
-2.889779880909267e-07
-1.047544926176975e-06
2.443339681404661e-06
1.993966172822027e-06
5.302574489506499e-06
5.020193882745132e-06
5.738848965067808e-06
4.605425586929056e-06
6.021477564773613e-06
6.219983191526139e-06
5.273228123702518e-06
5.232047052745924e-06
6.138833033257435e-06
6.143122459596475e-06
-9.561641202768992e-07
-2.129564566237506e-07
-4.098426951868458e-08
-8.357578401711566e-07
1.417699164208907e-07
2.873097672775379e-06
3.331750158917571e-06
4.224927969081611e-06
4.556063062508509e-06
3.587165983684676e-06
1.205077757030332e-06
3.751840567902490e-07
-2.441639679623783e-07
2.801602713851175e-07
-8.859948315786379e-07
-3.800334564259254e-06
-3.284442087246602e-06
-2.635987119930660e-06
-8.329744098749100e-06
-8.097343011748444e-06
-3.338823511252027e-06
-2.780669895207508e-06
-3.125627313127930e-06
-8.235674569767863e-06
-8.290408903927406e-06
-8.229358615112522e-06
7.548986797839503e-07
-1.558367041945221e-08
1.548488748403324e-06
-2.762344215495925e-06
-6.838401250250768e-07
-1.123346350463159e-06
-5.014035912036591e-07
-6.068644599059204e-07
-9.422547072864122e-07
-2.846725929228491e-06
-2.837422081430732e-06
-2.668023488664863e-06
-9.596445714405913e-07
-2.788729662470581e-06
-3.161304897755143e-06
-2.992978844416492e-06
-2.299456458582540e-06
-2.813975941024954e-06
6.598798651863623e-06
6.866726683281578e-06
7.362456171379304e-06
7.635385913554238e-06
7.921663869245464e-06
7.503237142658327e-06
6.059611852639005e-06
6.494180951359954e-06
6.798620510959364e-06
7.306656385163076e-06
7.443177280950932e-06
5.934993926538151e-06
5.632239715585790e-06
-2.630372407597518e-06
-2.675284012214686e-06
-1.347468613892854e-06
-2.882250803929634e-06
-1.805659147500839e-06
-3.883552651863109e-06
-2.809447296486635e-06
-2.069859429285184e-06
-3.123272044391181e-06
-8.627506871375642e-06
-8.283850258512279e-06
-8.448160035070278e-06
8.513210886836708e-06
8.547459150955241e-06
8.562559719608381e-06
8.420316414914197e-06
8.693235446533597e-07
2.070291607136330e-06
7.337544510856692e-07
-2.749797351590649e-07
-1.246616276115532e-07
1.352416918633274e-06
8.730713103073667e-08
1.756710301851096e-07
1.528977490717149e-06
-9.909514639250641e-07
4.389339484546237e-06
4.650812284227164e-06
5.443101785217441e-06
5.673456866411916e-06
2.552766352667572e-06
2.900748103203242e-06
1.609552170144900e-06
1.974559759925859e-06
4.809121071949421e-08
5.064173282879246e-07
6.543723114096056e-06
5.792132889324549e-06
4.871147727194878e-06
5.358605070985542e-06
4.636844480484831e-06
5.686462781194568e-06
6.323216994807202e-06
4.829356417496928e-06
6.400403695900897e-06
6.484972891284084e-06
7.139046931004936e-06
6.929584784633470e-06
6.473174420457993e-06
7.207363660477785e-06
-8.382594408790698e-07
6.647536077485255e-07
2.086815910694078e-06
1.845208998303673e-06
6.697359454584535e-07
3.944852253826862e-07
8.425621067480540e-06
8.133502189074035e-06
8.362881028521136e-06
8.132481727167130e-06
8.039584273717993e-06
6.547604393168072e-06
6.435285613331597e-06
6.989161606116811e-06
7.168799367506586e-06
7.606415289601205e-06
7.073905560860403e-06
7.478282358023013e-06
7.640697124422695e-06
6.748799331869017e-06
6.283891820598504e-06
6.241374758151440e-06
6.544395700250316e-06
5.637929168429642e-06
5.963379917435787e-06
6.095472377296701e-06
5.096538397760871e-06
4.954752919678781e-06
4.531972140196159e-06
4.027735567513682e-06
3.251579568657502e-06
4.537603236487760e-06
2.071424571802113e-06
2.710453007203284e-06
3.854219673671955e-06
2.672250811300753e-06
2.674372760320969e-06
3.810908114019401e-06
1.563682855233571e-06
1.380248228828374e-06
1.508400105650538e-07
5.971676751607172e-06
5.395487300946284e-06
6.841850404523986e-06
6.312552446169134e-06
5.289197269817647e-06
5.876949684133876e-06
4.779068848300072e-06
5.616562657442735e-06
4.188511427071970e-06
5.306930848491168e-06
-9.957605075011668e-07
1.780227264587626e-07
1.425661572843819e-06
5.280262874999552e-08
-9.228870412909275e-07
-1.056560260136760e-06
2.478260523832012e-06
1.439281967860099e-06
3.796156498691181e-06
2.700089210580189e-06
2.746668963480281e-06
1.589107750195057e-06
6.544995797720856e-06
7.243153789643044e-06
6.491809663425668e-06
5.760154113784400e-06
1.832405393533734e-06
3.163803404300202e-06
2.317247825962033e-06
2.506168633350911e-06
1.231122135071537e-06
8.333246965517404e-07
7.287325301323842e-06
7.495532520848757e-06
6.806909774674218e-06
6.879037494585318e-06
-1.183659530731549e-06
-2.333033603766616e-06
-2.867209917255982e-06
-2.979520108181400e-06
-2.310326122711026e-06
-4.354783027331078e-07
-2.400188303547581e-06
6.614306684402582e-07
1.168649730009480e-06
2.169682396264578e-06
2.991443107840432e-06
1.678218751445041e-06
2.383428318064031e-06
2.881052407166367e-06
1.551313056576795e-06
-1.446089968100647e-08
-3.460513317913734e-07
1.043882414596855e-06
2.394191107820999e-06
3.649848064316392e-06
3.881223498947620e-06
2.374165772015467e-06
2.641980499312375e-06
9.774512504258163e-07
1.958416042165643e-06
3.813687144412218e-06
3.667807751971824e-06
2.563879121222622e-06
4.807301145325454e-06
5.172600700993353e-06
6.149197526829245e-06
5.565192788555090e-06
4.764554029228192e-06
8.138905931961095e-06
7.959782588350310e-06
8.277698515635266e-06
7.876409802002580e-06
8.266523036697842e-06
5.130874749168298e-06
6.140443196767565e-06
5.507387247361481e-06
3.999582346385964e-06
4.438964060234320e-06
3.281940825390471e-06
2.739927445361427e-06
4.292787643995882e-06
2.954316417812101e-06
6.066248789790176e-07
1.657546027671705e-06
2.139654608312216e-06
1.949502269724802e-06
2.151826179079370e-06
7.888556887447665e-07
-9.273339402647109e-07
6.089684948285546e-07
1.666903857256753e-06
2.490766372989988e-06
3.425328027764567e-06
1.117560739711071e-06
3.734753610716271e-06
4.937561631837993e-06
3.891458057850611e-06
4.851107103626818e-06
5.716059161574324e-06
5.836986202050611e-06
3.577799938362640e-06
2.233531828237822e-06
1.888613126645082e-06
3.176617216488756e-06
2.573819673428994e-06
1.266460753424616e-06
8.718103468359982e-07
3.463463606047759e-06
4.652203572670806e-06
4.285355856290677e-06
3.730042991790535e-06
4.884042192799498e-06
4.776449006867807e-06
3.735710601110697e-06
4.747925777820509e-06
3.658958703139302e-06
5.738916162493492e-06
6.984589275592898e-08
1.411484881445157e-06
1.477704463370756e-06
-9.322640207244137e-07
-9.412914659031426e-07
6.228708696867081e-08
2.680936627088070e-06
-9.451515047831303e-07
-2.597548622956826e-07
-1.132832601213731e-06
-2.632817640501005e-06
-2.549048832228904e-06
-2.929402246736599e-06
-1.990534812380198e-06
-2.068485729755304e-06
-1.048662555079248e-06
-2.268936217907258e-06
-2.720776583398262e-06
-2.858726604485414e-06
-5.532365658172132e-07
-1.151937520764671e-06
-2.162721528094537e-07
-1.013877677819926e-06
-2.542704520368804e-07
-1.044578800552103e-06
2.105198494613600e-07
4.898397062542594e-07
1.214312978139674e-06
-3.104236853290401e-06
-2.750335186275811e-06
-2.868570747138071e-06
-2.691661641667882e-06
-8.001041490654318e-06
-6.646731268934461e-07
-2.751408683820229e-06
-7.642889720194478e-07
2.489719926425486e-08
-2.886853294700584e-06
-3.555917951186844e-06
-2.412175529963010e-06
-2.967563590191222e-06
-3.116621697562250e-06
-2.512985886647405e-06
-2.646139028606103e-06
-3.187046908377541e-06
-3.113803649397832e-06
-3.028177867292773e-06
-2.496471435230368e-06
-2.630788679279049e-06
-9.586875176260628e-07
-2.920270608518241e-08
-9.083142491942653e-07
-7.696774853532340e-07
-3.270357240147043e-06
-2.744211800788662e-06
-2.823518398989815e-06
-3.132700596808244e-06
-8.047839236771756e-06
-2.741284536236356e-06
-2.734552922894661e-06
-3.213070418561940e-06
-3.221004877426898e-06
-9.086034709584952e-07
-3.207007056379412e-06
-8.036606316937706e-06
-8.913470398902665e-06
-8.900423404759862e-06
-8.330844502940187e-06
1.429036412920121e-06
-1.233908738412681e-06
-4.945195192407075e-08
-8.393711508220633e-07
4.386307086680828e-07
1.287911643488955e-06
-2.742288022723708e-06
-3.009824766861994e-06
-3.379518332624703e-06
-2.607494054895276e-06
-3.100300006830111e-06
-8.545975834623920e-06
-3.089524052363280e-06
-9.007503448341623e-06
-8.137400941115756e-06
-8.409084336603604e-06
-9.078373091564313e-06
-3.052701776826342e-06
-3.031606840404744e-06
-8.463024733232998e-06
-8.446344264569306e-06
-8.814047491733005e-06
-8.852543581665637e-06
1.409074142842563e-06
-2.092423928408530e-06
-2.490193996709743e-06
-2.582389038119498e-06
-3.158625866662664e-06
-8.192638110249533e-06
-1.359848885900909e-06
-2.084278466390571e-06
-2.339803561435528e-06
-2.578556623820689e-06
-3.420692825766987e-07
-9.238914003595697e-07
1.274379550347733e-06
1.242502421524669e-06
-1.237520656150577e-06
-1.285289798521478e-06
1.148381829272418e-06
-1.266178284931798e-06
1.147557172731836e-06
1.149128853996152e-06
-2.099381453671195e-06
-1.041029947031875e-06
-1.594547872869956e-07
-6.424968223515868e-07
-2.416836055247901e-06
-8.239402323533604e-07
-2.275412719589341e-07
-9.511368835429720e-07
-9.918010807448707e-07
-8.712520944818367e-07
-9.973817623741407e-07
-2.521045436319383e-06
-2.436601441650641e-06
-3.021671965665368e-06
-8.435759246313779e-06
-3.806048227570694e-07
-8.842458732187962e-07
-5.668390355215523e-07
-7.602997503994163e-07
-2.475559443980726e-06
-2.446243159717773e-06
-8.755092846413222e-07
-2.530722340198521e-06
-2.294645038019961e-06
-9.849409255954576e-07
-8.186648305502390e-06
-7.822655452394482e-06
-8.834666861628542e-06
-3.216601151548840e-06
-3.640048878073897e-06
-8.929976100242031e-06
-8.425197358363875e-06
-8.491434401714944e-06
-8.909848738865227e-06
-8.431959511063340e-06
-8.326266927117983e-06
-8.998337774491912e-06
-8.274079993279261e-06
-2.549445934037245e-06
-2.782747814034916e-06
-9.031304460175916e-06
-8.374511416888140e-06
-8.977125463413642e-06
1.394946600100367e-06
-8.802633944436034e-06
-8.495915306400925e-06
-8.476335174719359e-06
-8.827517190548269e-06
-3.177178319257331e-06
-8.935085960142470e-06
-8.672754144304585e-06
-8.946774056334900e-06
-8.406417204656514e-06
-8.912310299339436e-06
1.410336572505137e-06
-8.938542711263660e-06
-8.239168172196992e-06
-8.894417108016524e-06
1.451714060407473e-06
1.424459844248482e-06
-8.183263846145200e-06
-8.984593305504423e-06
-3.501716491727772e-06
-8.444832270730548e-06
-7.855695497666061e-06
-9.005372698731405e-06
-9.067551644310455e-06
-8.186743242042973e-06
-8.983943971569423e-06
-8.209383748915785e-06
-9.036015755378110e-06
-9.042074361954980e-06
-8.434441228711178e-06
-7.904299216893713e-06
-2.813113332786309e-06
-3.444652441817669e-06
-8.076767271615609e-06
-8.976481386613187e-06
-8.643967393931224e-06
-8.954164729407116e-06
1.379845840348120e-06
1.425510324293591e-06
-8.835060273783490e-06
-8.949152084451949e-06
1.456824451187661e-06
1.400371601871985e-06
1.431964820604806e-06
-8.973966702955122e-06
-9.006369408993473e-06
-8.807997095135869e-06
-9.008863126035233e-06
1.451087868013623e-06
1.395301945770369e-06
-8.768957361949431e-06
-9.000423347974447e-06
-8.963190062567332e-06
1.413663732964269e-06
1.368301178763767e-06
1.269040470177200e-06
-8.294147388444953e-06
-8.787620724204398e-06
-3.006018312864643e-06
-3.245765143911665e-06
-8.301921236995260e-06
-8.077897762109774e-06
-7.928013151001641e-06
-9.059580683528172e-06
-7.951681978759620e-06
-2.705404699237008e-06
-2.597988214851287e-06
-8.202288128684395e-06
-8.864384702440895e-06
-8.000724272536273e-06
-8.372422408157157e-06
-3.176342994207002e-06
-8.115087937002597e-06
-8.916454843116644e-06
-9.032769574451968e-06
-8.067846882931261e-06
-3.086716619195792e-06
-2.648308136696650e-06
-3.264118118037361e-06
-2.532585117267019e-06
-3.039569942368410e-06
-8.475338314156952e-06
-8.405038811179991e-06
-8.552413685103853e-06
-8.825838680291683e-06
-8.945990310178583e-06
-9.004951053117421e-06
1.402709509312082e-06
1.409640887187238e-06
-3.141475600831773e-06
-8.157676858932836e-06
-3.117552780048486e-06
-8.285968376161834e-06
-3.199341023609910e-06
-7.906916139416667e-06
-2.619839615227478e-06
-3.127598223317222e-06
-2.549297250326560e-06
-3.389602803867631e-06
-2.632419168514354e-06
-3.141809740526885e-06
-8.250318951178845e-06
-8.891877898120056e-06
-8.948615270257124e-06
-2.870817555435085e-06
-8.437812549474932e-06
-2.348150309246658e-06
-2.983288053173671e-06
-8.250756202414088e-06
-9.009220077795819e-06
-8.133389062985169e-06
-3.073623252072320e-06
-2.503312839321071e-06
-2.317311322114351e-06
-2.059753415376032e-06
-8.298143152738747e-06
-2.752426370444804e-06
-3.111948117748269e-06
-2.135751321570380e-06
-2.643620501725118e-06
-8.456248357938319e-06
-8.504886902818207e-06
-2.408548222197779e-06
-2.957864819787865e-06
-3.347261597178470e-06
-8.603170954169458e-06
-8.423746738558309e-06
-8.971845038288038e-06
-8.924517197521203e-06
-8.432803310491258e-06
-8.390171483580553e-06
-3.335569178343577e-06
-8.372244452927740e-07
-2.629247437188995e-06
-8.900331407496390e-06
1.394403290799232e-06
1.240430591373658e-06
1.276871202396865e-06
-1.250930104750699e-06
-1.249175159422516e-06
1.141750533518354e-06
1.135750087872646e-06
1.410501468498051e-06
1.415125077739851e-06
1.269908106340439e-06
-8.910146921673984e-06
-7.991774761511526e-06
-8.896471536157030e-06
1.353764391526598e-06
1.394194510926742e-06
1.398161457649172e-06
1.290297338175561e-06
1.298837173820130e-06
1.409491232896828e-06
-8.883087873254047e-06
1.394848773441790e-06
1.402129458893069e-06
-8.935591460035283e-06
-9.035690943187058e-06
-8.918498961729820e-06
1.390454887030518e-06
1.265742040475912e-06
1.455249788776894e-06
1.267429191679859e-06
-1.242561152439473e-06
-1.260428603960995e-06
1.143934995329139e-06
1.320298749057032e-06
1.454727674719644e-06
1.457832571559107e-06
1.284842486403144e-06
1.435085095096702e-06
-8.971220295587141e-06
1.272123893111783e-06
1.420041908149418e-06
1.296640960401462e-06
-1.246393439191101e-06
1.138635906331567e-06
1.143646729323385e-06
1.315196031569530e-06
1.441064747716136e-06
1.335708184971976e-06
1.331817642400334e-06
1.433790201232994e-06
1.415570423903870e-06
1.366154748979968e-06
1.463575886240138e-06
1.352965607467097e-06
1.489555849285296e-06
-1.283842624597884e-06
-1.271792689962822e-06
1.157210850283916e-06
1.416162049095065e-06
1.266601338965405e-06
1.376522348835161e-06
-1.292703394759142e-06
1.167921156214496e-06
1.159704119592573e-06
1.323944787260343e-06
-1.246896636835178e-06
1.145935372058353e-06
-1.261216784719043e-06
-1.285745458211206e-06
1.152204201918962e-06
1.154257663530513e-06
1.403595434012766e-06
1.518121119386824e-06
1.306760579549764e-06
1.299947927820964e-06
1.371158843241264e-06
1.479559369800966e-06
1.282579996783777e-06
1.404454086330739e-06
1.267111139645723e-06
1.410492139774861e-06
1.449505039753194e-06
1.252878496084669e-06
1.256696309016653e-06
1.261762134425961e-06
-1.255156537177047e-06
1.147664296116792e-06
-1.208725667488572e-06
1.126375736233127e-06
1.394629682035055e-06
1.417191427376781e-06
-8.876640009562709e-06
-9.123223914435578e-06
1.400885095042061e-06
1.417728464614937e-06
-8.962693821627479e-06
1.239698354727962e-06
1.442062025571886e-06
-8.833452350182040e-06
1.433384538533195e-06
1.403812963273986e-06
-8.943531867764575e-06
-7.880031717233712e-06
1.440251797964560e-06
1.407981582440798e-06
1.402620161815131e-06
-8.819087853618618e-06
-8.905170745927050e-06
1.392201974168836e-06
1.428615079834039e-06
-1.268327301241523e-06
1.157394773738480e-06
-8.877799507788012e-06
-9.004814721708381e-06
1.370234787168014e-06
-8.870488101609283e-06
-8.250962623832651e-06
1.412016591455673e-06
1.394830232006549e-06
1.237588289784834e-06
1.233002637339737e-06
-1.244632413491803e-06
-1.250742794155359e-06
1.136354552857315e-06
-1.231639032766836e-06
1.141771879603153e-06
1.430121848499687e-06
1.314391647047772e-06
-1.283521430701640e-06
-1.234421119766892e-06
1.146420981401665e-06
1.451757506012677e-06
1.448651616143543e-06
-8.970989236953038e-06
-8.889206187095442e-06
1.448644591869104e-06
1.361258266284874e-06
1.286478152045187e-06
1.485104479159612e-06
-9.000570726267668e-06
-8.274546690439553e-06
-9.097455360399448e-06
1.540626800821493e-06
-8.959787205029713e-06
-8.989029792547049e-06
-8.270393261137582e-06
-8.156531368638133e-06
1.429250199433166e-06
-8.984974779968892e-06
1.486170350846239e-06
-9.011742406524378e-06
-8.248951764855037e-06
-8.313273728102674e-06
1.521370663747118e-06
-1.026208247027558e-06
-2.583139983501389e-06
-6.856183751965792e-07
-3.187813456490484e-06
1.410743921881359e-06
1.415043523064922e-06
-8.897062757696934e-06
1.395674539261918e-06
1.230193245888002e-06
1.454262218229780e-06
1.422914495272881e-06
1.278630255872076e-06
-1.251241608736751e-06
-1.259554472699129e-06
1.145548736962488e-06
1.246973307577330e-06
1.309525890253897e-06
-1.259865912961885e-06
1.144931171306877e-06
-1.252676174005828e-06
1.135928855593488e-06
-1.250612769979064e-06
1.147616195073101e-06
1.167945297171802e-06
1.219892362425254e-06
1.326843729880304e-06
1.289101725525689e-06
-1.280041734105412e-06
1.174765099387440e-06
1.381559735166566e-06
1.331417642152765e-06
-1.315737585233836e-06
1.174788784892627e-06
-1.271417528196063e-06
-1.266151610385918e-06
1.152356083067657e-06
-1.250377753631045e-06
1.145657951574706e-06
1.147572174598824e-06
-1.253144995150077e-06
1.129851216840628e-06
1.266063938347729e-06
-1.250626811535589e-06
1.149598915174960e-06
1.149245958391334e-06
-1.302536302240852e-06
1.171666868726249e-06
1.344919560555099e-06
1.319473906337263e-06
-1.278800410253949e-06
1.171310242384373e-06
-1.300108742544566e-06
1.186835016273577e-06
-1.256033216899435e-06
1.154063793974636e-06
1.325241838993900e-06
1.337266368424045e-06
-1.305810825943641e-06
-1.280821599468585e-06
1.164154580419198e-06
1.168305052337831e-06
1.334340793723120e-06
1.297602016576593e-06
-1.284377664302677e-06
1.165135766112901e-06
-1.253118583789362e-06
1.162550467707918e-06
1.153940358190494e-06
1.263823813884815e-06
1.332506733939263e-06
-1.301556697151721e-06
-1.280979908195997e-06
-1.255940566164360e-06
1.141388042720139e-06
-1.249646303117004e-06
-1.290845549968630e-06
1.152361033302607e-06
1.157344254596342e-06
-1.277733522865810e-06
-1.298724031383796e-06
1.171359970277724e-06
1.193992703608588e-06
1.374462643668216e-06
1.168623956727920e-06
1.160425900361598e-06
-1.276243583253052e-06
1.164689459459730e-06
1.436483396709982e-06
1.336040931817967e-06
1.298392060977465e-06
-8.985616587440622e-06
-1.240161916309285e-06
1.142125625667241e-06
-1.273607794781845e-06
1.139222824023722e-06
1.258547815173008e-06
-1.236196220487974e-06
-6.039225741825470e-07
-1.942879193522771e-07
1.887132576947714e-08
-7.791955774934276e-07
-9.684703523238751e-07
-1.300035966105675e-06
-1.291777937190331e-06
1.177779163251370e-06
1.165251732145434e-06
-1.279704252952869e-06
1.154568666913938e-06
-1.258837845151902e-06
1.289034631107296e-06
1.395515885468235e-06
-1.243755645971895e-06
1.137341640702333e-06
1.211978226599703e-06
-1.233737487942754e-06
1.275825758443417e-06
1.127588244773739e-06
1.152992717520997e-06
-1.274762898854406e-06
-1.282289194900252e-06
-1.272201389233500e-06
-1.299344879054663e-06
1.173080103358404e-06
1.154255572481055e-06
1.162785254316820e-06
-1.296315944884453e-06
1.298761149705269e-06
-1.265970980614931e-06
-1.243466323571717e-06
1.152235400071287e-06
1.169926031714693e-06
1.148591152143948e-06
-1.234427464884523e-06
-1.265597235420486e-06
1.302539227461761e-06
1.278481465763890e-06
1.454831737360217e-06
1.148275196061929e-06
1.139835225498161e-06
1.270303416516775e-06
-1.262175768425013e-06
-1.238815034332593e-06
1.299094935697121e-06
1.154705603336435e-06
1.142445370886191e-06
1.146581508839231e-06
-1.239597069918158e-06
-1.252695536078430e-06
1.255118852858216e-06
1.396569808756642e-06
1.254312327553558e-06
1.139190103562231e-06
1.147389015457977e-06
-2.734168547163208e-06
-5.678551287256986e-07
-1.312439636713667e-06
-1.142447228693853e-06
7.982812952937367e-08
9.228872400697006e-07
3.691045188207218e-08
-1.247923440209008e-06
-2.441219036758767e-06
-2.597254357851524e-06
-2.958157355280184e-06
-8.379446072825308e-06
-8.968215723603251e-06
-9.098064158276199e-06
1.343773094945223e-06
1.513593403696792e-06
1.461775359750480e-06
1.404446734708319e-06
1.275064892104773e-06
-1.258025455981732e-06
1.307462232736314e-06
1.428552928899987e-06
1.157697298221831e-06
-1.272591652859315e-06
1.155722677491975e-06
1.298540385663022e-06
-1.293776055376048e-06
1.372935314883753e-06
1.163623078510138e-06
1.159851005955772e-06
-1.287757177300287e-06
1.273751209136614e-06
1.168080502767650e-06
1.166963314124499e-06
-1.294379824192836e-06
-1.311792849258294e-06
1.273307152613746e-06
-1.281763325596649e-06
1.371309332373554e-06
1.169462639643075e-06
1.175803960460791e-06
1.175578008412907e-06

PB  1  1102  double
3.575365475213332e-06
3.761378746501104e-06
4.718509798355495e-06
5.734679871590478e-06
4.795187794492345e-06
-2.877933061929857e-06
-7.514848837760025e-07
-1.526711992628307e-06
-3.113412653625549e-07
-1.034362761331871e-06
-2.795211591128255e-06
-2.259413656406659e-06
-3.883908796694651e-06
-3.193583122879929e-06
-9.603303651664193e-06
-9.464309231606143e-06
-2.644160065257208e-06
-7.624256916621396e-07
-1.105986226369346e-06
-2.540657175718277e-06
-1.400080686376993e-06
3.340474162093788e-07
-3.569149772262214e-06
-2.710094770771417e-06
-2.933301899178501e-06
-6.908390203167020e-07
-8.244291977608697e-07
-9.543083463511239e-07
7.421013311953794e-07
4.218566374476281e-07
-1.279887305874331e-06
-2.433086294878497e-06
-2.574107931583660e-06
-2.379998256039493e-06
-3.543940221895417e-06
-3.566557383123346e-06
-2.525178456520989e-06
-1.214425708770181e-06
-1.546776534242375e-06
-2.279754088336306e-06
-1.784848966077477e-06
-3.051487547562691e-06
-2.502309959944497e-06
-8.359363137363445e-07
-1.533493832672999e-06
-2.277123540462784e-06
-2.949926134131205e-06
-3.455587667422671e-06
-1.621489604379781e-06
-3.190773510821739e-08
1.302712250206311e-06
9.856567375097976e-07
9.649600911773805e-08
2.454060482080289e-06
2.019855283657736e-06
5.687813568373071e-07
3.285919844820637e-06
3.921273199938916e-06
2.569672223738500e-06
3.778809312645793e-06
3.133652519445024e-06
1.805123321013241e-06
2.057873801542674e-06
2.921582811617446e-06
4.299908592948717e-06
4.100972017699631e-06
4.686538457647592e-06
5.752090111067681e-06
5.498348658231819e-06
4.409551838074060e-06
8.086074083971700e-06
8.359951844442113e-06
8.151515402609435e-06
7.668169303521435e-06
8.130967158581851e-06
7.792101704385420e-06
1.747218846807954e-06
3.074230156595246e-06
1.117333516534193e-06
1.552176832043644e-07
7.118158538535527e-07
3.052246385606017e-07
2.545476799130721e-06
1.862871176459833e-06
4.494655379181412e-06
5.568298330663858e-06
7.040518473843148e-06
7.657439816345015e-06
5.205929617388329e-06
4.107078924559338e-06
4.889488871682735e-06
3.225802035074387e-06
3.123424704971440e-06
4.281672393299576e-06
5.036996736267393e-08
1.339897053288864e-06
9.231361417659851e-08
1.376363341251685e-06
2.582060205440593e-06
2.534679182979742e-06
-9.563876552313612e-07
3.233763927287682e-06
4.460950407251988e-06
3.767331210025377e-06
5.022937068444957e-06
3.862869071204027e-06
8.257300655420825e-06
8.514285418132207e-06
8.276042915891991e-06
7.997364523630737e-06
8.133202512126524e-06
8.420660385006777e-06
7.894845657835869e-06
8.118164077467674e-06
2.439740045050536e-06
1.096551934083519e-06
2.224303490482926e-06
3.445003906870719e-06
3.731217106217933e-06
-1.785430097595384e-07
7.861330263830549e-06
8.081429150342346e-06
8.384779480878535e-06
7.529443010924947e-06
7.741589075646382e-06
7.101875270115038e-06
7.749284372290491e-06
7.672363022442097e-06
7.524165974712293e-06
7.291562892671459e-06
7.070284274907118e-06
7.151645938495036e-06
7.596151442522928e-06
7.736992061409084e-06
7.301742455562689e-06
6.541427829839485e-06
6.409245299931164e-06
6.990707741792247e-06
7.014224160430487e-06
7.187859811278761e-06
7.309448427215735e-06
6.538103885374789e-06
6.567157429293825e-06
6.511665469639021e-06
5.799968703107778e-06
6.941762542163603e-06
7.493622074262020e-06
6.848532970212174e-06
1.496841556009927e-06
3.309879931838224e-06
1.981095066959106e-06
2.881403631820188e-06
2.231118820483969e-06
3.000304801622678e-06
2.531336957973193e-06
3.882280156849676e-06
3.401555573404395e-06
3.216406134685281e-06
4.208939604352030e-06
2.349793715624504e-06
5.450391457614953e-07
1.284462761562121e-06
-2.149871397231380e-07
1.036825044819975e-06
4.960847366590582e-06
3.895330836424494e-06
6.031252482754366e-06
5.652252588171222e-06
4.568033804074936e-06
1.264526062531155e-06
1.909122049821720e-07
1.985847374311350e-06
-3.212314643516386e-07
1.138168082487687e-06
5.355714980772159e-06
5.275506442520244e-06
4.364220392924346e-06
4.356150668231907e-06
6.148775121218508e-06
3.199465837976402e-06
3.301178768158155e-06
4.180873653137266e-06
8.414349696308250e-08
1.560546688156848e-06
1.006885456930876e-06
-2.902984328379309e-07
-1.128131965029828e-06
2.428648195191037e-06
1.966951921035173e-06
5.291280691186767e-06
5.010397219778568e-06
5.730298889285735e-06
4.584489567999522e-06
5.998198346210101e-06
6.205491522849160e-06
5.267074911452304e-06
5.218223367635080e-06
6.119219614310098e-06
6.129412380236989e-06
-1.029306291109450e-06
-1.888596574174593e-07
-4.089496876761161e-08
-9.493589433093962e-07
1.494931564206189e-07
2.880329524705635e-06
3.316289809691281e-06
4.203856080939255e-06
4.540452550976775e-06
3.576296714997658e-06
1.165576593365865e-06
4.125778636997779e-07
-2.428439712769871e-07
3.004035847653018e-07
-9.682052669532779e-07
-4.099056813766613e-06
-3.581010443890757e-06
-2.534360863738361e-06
-9.523349924433630e-06
-9.239988153492858e-06
-3.695352907325619e-06
-2.671308614102146e-06
-3.529346165305381e-06
-9.341594893154519e-06
-9.410887880891898e-06
-9.384247162458396e-06
7.754791265327040e-07
-1.744540891822760e-08
1.540033810581724e-06
-2.646242679597460e-06
-7.505406249911952e-07
-1.270745282205356e-06
-5.238397753027119e-07
-6.382357355175550e-07
-1.025534879305315e-06
-2.733221685075741e-06
-2.702890997149125e-06
-2.506185748907357e-06
-1.056859456288776e-06
-2.713189759704897e-06
-3.483580123326294e-06
-3.374729437756236e-06
-2.123310284184513e-06
-3.143319618260925e-06
6.587959965004109e-06
6.855897999705191e-06
7.342840078587088e-06
7.614857238349723e-06
7.911494667888182e-06
7.481874820087320e-06
6.030660462984614e-06
6.473530281750690e-06
6.787212936781053e-06
7.295561420408266e-06
7.420050817189311e-06
5.917477467562285e-06
5.630137785581533e-06
-2.428100093217655e-06
-3.158470133514828e-06
-1.505906725588259e-06
-3.325311615804805e-06
-1.503231872553263e-06
-4.198888395135114e-06
-3.147095494022556e-06
-1.822717299138980e-06
-3.512604964959593e-06
-9.750925460161736e-06
-9.372695912052527e-06
-9.600206587246428e-06
8.503828096197272e-06
8.527253169752689e-06
8.542968029388937e-06
8.404659868835696e-06
8.526418686149595e-07
2.066659402446004e-06
7.056117928435225e-07
-2.560689685614700e-07
-1.299412963274968e-07
1.336632694356908e-06
1.028638439235996e-07
1.721427859678705e-07
1.506223162371573e-06
-1.058436731314914e-06
4.379906922448100e-06
4.628786503174714e-06
5.427308140514158e-06
5.666003464981446e-06
2.533767777293094e-06
2.901398763196957e-06
1.571970931892518e-06
1.958327526494622e-06
5.433667574978160e-08
5.348942490291851e-07
6.528485560911607e-06
5.783636536234987e-06
4.853447654020033e-06
5.347556827610372e-06
4.626303198106654e-06
5.672339763865495e-06
6.307119651243785e-06
4.809304443745072e-06
6.392769565319605e-06
6.454716930332086e-06
7.122347263798439e-06
6.923732830022935e-06
6.462283219462046e-06
7.200778645836280e-06
-9.009287209115168e-07
6.835333894358619e-07
2.044661773174636e-06
1.844146982095957e-06
6.831410782622843e-07
3.883774260954225e-07
8.414271182277457e-06
8.113277461896110e-06
8.342487841460392e-06
8.115694943522779e-06
8.035570869080698e-06
6.518933805017053e-06
6.427459586825089e-06
6.987472646127836e-06
7.145730504396441e-06
7.585030139899853e-06
7.059175905494180e-06
7.461838574382839e-06
7.612296783717255e-06
6.743759440031386e-06
6.269483014575123e-06
6.217884071009222e-06
6.530373243399831e-06
5.625835160638543e-06
5.949389339164490e-06
6.063797540188843e-06
5.099443152484949e-06
4.942111045535112e-06
4.511065180559298e-06
3.993575139239210e-06
3.246349410528019e-06
4.526946560117815e-06
2.030592457338989e-06
2.715502095721049e-06
3.846780407758463e-06
2.652533241076236e-06
2.661299092509137e-06
3.795797078391428e-06
1.553736900369537e-06
1.360177785016737e-06
1.436718608492215e-07
5.947835432268568e-06
5.388714313933836e-06
6.840904208626139e-06
6.290712914147098e-06
5.283142469838365e-06
5.852532329232853e-06
4.765408829133772e-06
5.599682325725372e-06
4.161449955951315e-06
5.308356578991483e-06
-1.079193004882991e-06
1.804273365626523e-07
1.404184032564007e-06
5.982157649514044e-08
-9.738966766411636e-07
-1.153524683866303e-06
2.470116728441571e-06
1.420943634380873e-06
3.784516579979516e-06
2.683837858598116e-06
2.729341588695075e-06
1.581016118603267e-06
6.521337147776861e-06
7.239818950685145e-06
6.474247438273714e-06
5.754129600442128e-06
1.781203872488714e-06
3.168039713857751e-06
2.299204594316358e-06
2.492389255544639e-06
1.196993525027335e-06
8.531444536765900e-07
7.264781988041862e-06
7.484661803458328e-06
6.793849008762289e-06
6.863838401755807e-06
-1.301271956732172e-06
-2.196484430795798e-06
-3.234874821528518e-06
-3.347984030906734e-06
-2.079476682475202e-06
-4.540727127126676e-07
-2.204092655298017e-06
6.840308827432922e-07
1.143937645328127e-06
2.140475316541184e-06
2.999575242997808e-06
1.649230590404410e-06
2.346872898327872e-06
2.865538290656247e-06
1.526179779041162e-06
-5.585892546431484e-09
-3.328600744744312e-07
1.024362226896300e-06
2.386482093367977e-06
3.642728314069095e-06
3.866574954080464e-06
2.335916072179167e-06
2.637863782726222e-06
1.001870287976292e-06
1.938402691012332e-06
3.803479406413859e-06
3.661001320770677e-06
2.541451937851988e-06
4.790143654634515e-06
5.172974061435893e-06
6.117227480638362e-06
5.546871069236582e-06
4.742598986641843e-06
8.129581481147657e-06
7.944434435656109e-06
8.258505994678321e-06
7.863412178593215e-06
8.243438327176109e-06
5.128738213195929e-06
6.116361424818821e-06
5.493301731982147e-06
3.980964645330034e-06
4.412546181137481e-06
3.268364562755738e-06
2.727617896454284e-06
4.268613099690751e-06
2.960551361964553e-06
6.209764404599751e-07
1.635054142778307e-06
2.112316748878235e-06
1.924953125336868e-06
2.116813941656825e-06
8.131508945451600e-07
-1.015015943171245e-06
6.040667435129037e-07
1.650443253679423e-06
2.487386779877668e-06
3.409249245801161e-06
1.097711217717311e-06
3.722919006813297e-06
4.923800967596497e-06
3.883169057191957e-06
4.829950470925503e-06
5.703809337821924e-06
5.826564426887470e-06
3.571524507293925e-06
2.201156838689136e-06
1.875899505992834e-06
3.173434435604420e-06
2.566028592004645e-06
1.253748249836711e-06
8.624070243852027e-07
3.452228345001529e-06
4.638760727479310e-06
4.257723657466368e-06
3.717385731905535e-06
4.878013233383963e-06
4.758252585164043e-06
3.717814744630046e-06
4.734607729345466e-06
3.652041325041686e-06
5.730183342031253e-06
5.148276226242854e-08
1.397055821380873e-06
1.467459469434502e-06
-1.001004547859672e-06
-1.012240282473404e-06
9.068474817408382e-08
2.672255869501408e-06
-1.041160349404558e-06
-2.362554490495796e-07
-1.237414492746817e-06
-2.469940224699261e-06
-2.376023745266171e-06
-3.330772230983597e-06
-1.969619392082780e-06
-1.842856412401978e-06
-1.154806305152946e-06
-2.095649076578339e-06
-3.162139209695041e-06
-3.250307506716586e-06
-5.619955797966504e-07
-1.310929970949366e-06
-2.042066876543418e-07
-1.112462492411030e-06
-2.453760337626945e-07
-1.105266999044363e-06
2.260111439865847e-07
5.243206130354333e-07
1.188656852629962e-06
-3.480432157551858e-06
-2.591918661805390e-06
-3.280032716313148e-06
-2.531279737392529e-06
-9.162463472173673e-06
-7.653777596534287e-07
-2.627104952447796e-06
-8.250610931874553e-07
2.228483210856274e-08
-2.732437852055748e-06
-3.885728828077265e-06
-2.193226067826197e-06
-3.321703160097122e-06
-3.481367061218590e-06
-2.351033200567372e-06
-2.590981922037584e-06
-3.508404018559259e-06
-3.460269913711644e-06
-3.404796975229680e-06
-2.322342212354767e-06
-2.465699108616702e-06
-1.027811477901334e-06
-2.243020401875247e-08
-1.003476313965116e-06
-8.370081534771613e-07
-3.606253305555232e-06
-2.590746184370963e-06
-2.663968408555891e-06
-3.501935697967939e-06
-9.204371413500877e-06
-2.568846649831770e-06
-2.599052132285852e-06
-3.540193601132227e-06
-3.598586348704163e-06
-9.900295128306280e-07
-3.562516422053739e-06
-9.175487734014515e-06
-9.355157706318413e-07
-1.267233530880563e-06
-9.435958587758789e-06
9.636072381395148e-07
-1.342486639766662e-06
-5.438539860850369e-08
-8.503829098612500e-07
4.419032384356652e-07
1.253885422048327e-06
-2.618994445177806e-06
-3.368600754036960e-06
-3.720776482401679e-06
-2.412562240997526e-06
-3.461513461228092e-06
-9.663844969005433e-06
-3.487183002483211e-06
-1.340740411984281e-06
-9.267656498767102e-06
-9.458780394391983e-06
-1.455235440710399e-06
-3.364894869192691e-06
-3.419162273392723e-06
-9.677048093034354e-06
-9.527396687999020e-06
-1.271042112125063e-06
-8.734061607776773e-07
9.892775068055863e-07
-1.805026518250244e-06
-2.280179828801534e-06
-3.071501045160466e-06
-3.559808273689082e-06
-9.208915795720566e-06
-1.513040512642638e-06
-1.804841454906680e-06
-2.091176612352278e-06
-2.433598975561329e-06
-3.173864872102085e-07
-1.026997813431563e-06
-1.873461659883465e-06
-1.842153915191822e-06
1.390157321786415e-06
1.444773343626699e-06
-1.225198425082806e-06
1.424042426372499e-06
-1.224618903072012e-06
-1.225625611939052e-06
-1.849055837177898e-06
-1.178893639746531e-06
-1.481812692919702e-07
-6.496088851996745e-07
-2.212139997365440e-06
-9.195289596660795e-07
-2.276909309764170e-07
-1.005431042938388e-06
-1.052031715515039e-06
-9.800076022935041e-07
-1.059475691017582e-06
-2.341084515340598e-06
-2.308398759196241e-06
-3.418670072159984e-06
-9.554194114079020e-06
-3.952581454701040e-07
-9.396392577763878e-07
-6.632937630938308e-07
-7.928177984075833e-07
-2.321267341581072e-06
-2.298115477886034e-06
-9.558840366207307e-07
-2.377447484132543e-06
-2.110728071376976e-06
-1.051243356956967e-06
-9.354979710677633e-06
-9.033531258508895e-06
-1.133199208803913e-06
-3.521189441498689e-06
-4.010657874393602e-06
-1.158668609142901e-06
-9.576899563853431e-06
-9.567226673174300e-06
-1.308603572518247e-06
-9.539977596030755e-06
-9.417834677995049e-06
-1.405911718149599e-06
-9.482416165905610e-06
-2.958086703169341e-06
-3.246941066018311e-06
-1.327652502881883e-06
-9.457214343767071e-06
-1.335238691463551e-06
1.073311965370930e-06
-9.835464559775411e-07
-9.696968495183133e-06
-9.590135313235619e-06
-1.234442219152896e-06
-3.525316360361741e-06
-1.065926174947400e-06
-9.757102022798001e-06
-1.319432842888369e-06
-9.524632992433913e-06
-1.308183928333384e-06
1.025397376954840e-06
-1.289112353369862e-06
-9.416949194962040e-06
-8.451100332863940e-07
9.076345426015319e-07
1.000185472357009e-06
-9.324672557859224e-06
-1.485441829012694e-06
-3.865129641986586e-06
-9.458586153817776e-06
-9.017706784821672e-06
-1.479958989026433e-06
-1.235275141272026e-06
-9.294282006466709e-06
-1.304469109799555e-06
-9.358746010035855e-06
-1.009182944967832e-06
-1.186335948904064e-06
-9.514876630870997e-06
-9.064986238756684e-06
-3.235435099781614e-06
-3.790304503393397e-06
-9.210024432031549e-06
-1.445367043573940e-06
-9.735985185891350e-06
-1.099596111026690e-06
1.038215391004120e-06
1.014247541055095e-06
-5.932859833205045e-07
-1.000992345659470e-06
8.606974982176678e-07
1.035212681816207e-06
9.280757839050456e-07
-9.931645113760799e-07
-1.350018077325572e-06
-1.264175656956697e-06
-1.146577904011272e-06
9.688674570933644e-07
1.041923212174296e-06
-1.216569366217088e-06
-1.360588786988770e-06
-8.982575039352865e-07
9.467872975914899e-07
1.041366978842239e-06
-1.857350215880158e-06
-9.386394176945319e-06
-9.638616070531981e-07
-3.384872576529641e-06
-3.589946299529364e-06
-9.523464381398144e-06
-9.332261780878614e-06
-9.078957158191829e-06
-1.010928843941667e-06
-9.066452604704515e-06
-3.162038042181532e-06
-3.082419556822471e-06
-9.368798567650524e-06
-1.021688518723936e-06
-9.173960006403336e-06
-9.475316256812901e-06
-3.573418077622383e-06
-9.168826464338992e-06
-1.085725276415456e-06
-1.170876764665002e-06
-9.250332143810110e-06
-3.476382713477914e-06
-2.471184821224908e-06
-3.669531367078038e-06
-2.299472399354502e-06
-3.452298977835983e-06
-9.671117298282286e-06
-9.454671593161454e-06
-9.733426359350294e-06
-9.700912498447830e-07
-1.180309250322626e-06
-1.458644352319948e-06
1.012067231005190e-06
1.011623179118153e-06
-3.485668401238146e-06
-9.297775288117887e-06
-3.537636524091764e-06
-9.357970048035024e-06
-3.567041756717903e-06
-9.043821031343526e-06
-2.456426099759813e-06
-3.527916847380432e-06
-2.438117501129629e-06
-3.709905377473347e-06
-2.477314922792012e-06
-3.499153617412979e-06
-9.411883745453303e-06
-1.057880772073014e-06
-1.188011778912486e-06
-3.285593240745544e-06
-9.495938607824963e-06
-2.112929597953620e-06
-3.406383370727377e-06
-9.282603107390205e-06
-1.351667513646463e-06
-9.275540138511084e-06
-3.467761013156092e-06
-2.980305946515876e-06
-2.114977530189151e-06
-1.766174232215781e-06
-9.364267107835628e-06
-3.137286335409264e-06
-3.483289071512348e-06
-1.864460873193664e-06
-2.530930860374469e-06
-9.609256046090308e-06
-9.599466417922367e-06
-2.175281054689850e-06
-3.304976850296362e-06
-3.707416565315198e-06
-9.746180910003982e-06
-9.553878400518870e-06
-1.269839584729494e-06
-1.079714389781836e-06
-9.445288565389018e-06
-9.542271258371443e-06
-3.705701393840636e-06
-9.002450510543827e-07
-2.476181638042830e-06
-1.215416271901543e-06
1.029181263644689e-06
-1.841362324178887e-06
-1.885614877438438e-06
1.408933978847338e-06
1.402835347072150e-06
-1.218662181809936e-06
-1.212467142332697e-06
9.534493518747313e-07
9.948083168378904e-07
-1.852514479011330e-06
-1.024134523646514e-06
-9.098331425728428e-06
-1.125817498369383e-06
-1.949176868984401e-06
1.007063683437997e-06
1.077806124245543e-06
-1.901929486602392e-06
-1.901127894374068e-06
9.533811659012283e-07
-1.184580950058571e-06
1.046120229134880e-06
9.852912804232565e-07
-1.004142327763101e-06
-1.284806532096337e-06
-1.127077527821920e-06
9.984127007789168e-07
-1.868287559030940e-06
9.555963025585599e-07
-1.872352111454953e-06
1.396735973729670e-06
1.418339319949860e-06
-1.220767556930698e-06
-1.932971717012274e-06
9.886422487616072e-07
9.338703399532095e-07
-1.885228000049183e-06
1.018824497704446e-06
-1.153766859121466e-06
-1.887651717012852e-06
1.035585481526619e-06
-1.912159276074756e-06
1.403915933948718e-06
-1.216245157467492e-06
-1.222052534063758e-06
-1.919627979729316e-06
9.547963869906514e-07
-1.942964273508574e-06
-1.944851100029365e-06
9.645292588933577e-07
1.037910045595910e-06
-1.970772145388617e-06
1.000197128482194e-06
-1.950225812839933e-06
8.714993587453377e-07
1.437361068373592e-06
1.427906537053340e-06
-1.233093880068364e-06
9.874517455701650e-07
-1.854501945484627e-06
-1.974843163777315e-06
1.448371267466928e-06
-1.244038161217136e-06
-1.235405107391823e-06
-1.914008294926447e-06
1.401818388673042e-06
-1.223974827723605e-06
1.411851142715444e-06
1.442232267669415e-06
-1.227358192455510e-06
-1.231144801954651e-06
-2.011608270638791e-06
8.263995148687782e-07
-1.893407318769555e-06
-1.911993239913419e-06
1.076078292097868e-06
9.452957955793114e-07
-1.888136644793088e-06
1.046706095659859e-06
-1.865260698733895e-06
9.250067710206344e-07
9.781848487610677e-07
-1.841168745298622e-06
-1.861260610461566e-06
-1.868351471953605e-06
1.413919637001546e-06
-1.225799902143674e-06
1.358635859955831e-06
-1.202493990074179e-06
-2.009490498038099e-06
1.033574389053411e-06
-1.222620253026512e-06
-1.166870416587328e-06
1.007600578976457e-06
1.002995229543667e-06
-1.222066008842127e-06
-1.841034560040583e-06
1.014929674818756e-06
-9.720115272469132e-07
9.323482356888930e-07
1.017069205575145e-06
-9.251240739859381e-07
-9.104194883983843e-06
8.967515781361799e-07
9.860475045581813e-07
1.047081146465178e-06
-6.556690573467683e-07
-1.189214393374091e-06
1.045455286452745e-06
1.015706627347467e-06
1.426455520213748e-06
-1.235178548801460e-06
-9.705473419597323e-07
-1.430431207684782e-06
1.061944839291391e-06
-1.258550870347012e-06
-9.404009124664683e-06
1.011615836189792e-06
1.071091738666325e-06
-1.841151281756824e-06
-1.837565846081342e-06
1.402600545806497e-06
1.409350544366448e-06
-1.214477639782386e-06
1.387014132184806e-06
-1.219378602054945e-06
1.049798758096338e-06
-1.932744025074433e-06
1.445204819168295e-06
1.390072712837529e-06
-1.224813689801531e-06
8.994701068108690e-07
9.423281197943780e-07
-7.548231639633657e-07
-8.951085212362877e-07
9.315644272395056e-07
-1.951583753430808e-06
-1.876791318569049e-06
9.014182655682379e-07
-1.160901619891831e-06
-9.488354624313331e-06
-1.038905606828331e-06
8.314627517931759e-07
-1.056400283648433e-06
-1.273162062407087e-06
-9.294252772543224e-06
-9.361436762948676e-06
9.948172944958379e-07
-1.135900274020762e-06
9.425663862190035e-07
-1.220803341646662e-06
-9.312573800223419e-06
-9.464105123238107e-06
8.536489231761724e-07
-1.107209663243608e-06
-2.394722217726611e-06
-7.785329724893319e-07
-3.593454901257698e-06
9.914158790178460e-07
9.966456506919748e-07
-1.156465152916515e-06
1.071188805804047e-06
-1.824917974581694e-06
9.634870816002975e-07
1.006299797215159e-06
-1.883218623103240e-06
1.402279015333437e-06
1.414347252372408e-06
-1.220506046469819e-06
-1.842204494840199e-06
-1.907296909231832e-06
1.419204202635397e-06
-1.222535209927033e-06
1.404792175758361e-06
-1.210058316023752e-06
1.401738734182881e-06
-1.222025909365155e-06
-1.245117262823690e-06
-1.799920950243385e-06
-1.933757031108597e-06
-1.876775235611256e-06
1.433459609943426e-06
-1.250115123607023e-06
-2.000497466342447e-06
-1.921772720686699e-06
1.476613464247095e-06
-1.252692202763356e-06
1.424260867944873e-06
1.421946807437116e-06
-1.228255189007342e-06
1.406142165953621e-06
-1.222581209617989e-06
-1.225349478701112e-06
1.411978121111098e-06
-1.206989412419968e-06
-1.872123502033570e-06
1.406040276388894e-06
-1.226752133709784e-06
-1.226899778644962e-06
1.460925676530340e-06
-1.248659640492342e-06
-1.956577875049285e-06
-1.910874436768753e-06
1.433549158046887e-06
-1.249062623069388e-06
1.454613247048481e-06
-1.264604603477188e-06
1.406841959000022e-06
-1.229984504991800e-06
-1.927037779823722e-06
-1.939976098518618e-06
1.464092373937552e-06
1.434178639636923e-06
-1.240155998848203e-06
-1.245617630011059e-06
-1.928721387036193e-06
-1.898063940884095e-06
1.440262759987610e-06
-1.241852279496605e-06
1.400587747534470e-06
-1.236084555540507e-06
-1.228443994642276e-06
-1.844859776249245e-06
-1.910899611955162e-06
1.454301952222480e-06
1.436615594815370e-06
1.410818159166737e-06
-1.217335447340565e-06
1.404412671092164e-06
1.449726553992419e-06
-1.229800612784453e-06
-1.235364257801862e-06
1.432012466355096e-06
1.453857960904218e-06
-1.247594831921307e-06
-1.772583999341302e-06
-1.979426131099285e-06
-1.245348980527015e-06
-1.237064587725122e-06
1.432331416867797e-06
-1.243078350093147e-06
9.979422381751966e-07
-1.937450157279819e-06
-1.908506237628200e-06
-1.291174286537880e-06
1.395789780833076e-06
-1.218599165738805e-06
1.433116694656603e-06
-1.216111470023488e-06
-1.859809356832557e-06
1.389824536782585e-06
-6.219126889444739e-07
-2.064927530867224e-07
2.681948291163489e-08
-8.683069305949575e-07
-1.018098896142879e-06
1.454807266614786e-06
1.447302149031352e-06
-1.254849192838477e-06
-1.240766109634821e-06
1.433213776996143e-06
-1.230233026512555e-06
1.413971154458596e-06
-1.890727927709436e-06
9.939721762305118e-07
1.398979787542523e-06
-1.213371019189879e-06
-1.802571175294477e-06
1.386888541230040e-06
-1.877735205147384e-06
-1.203182184607775e-06
-1.230426854162316e-06
1.434129781841413e-06
1.438713195685465e-06
1.422651592776703e-06
1.452498712846267e-06
-1.247385450559913e-06
-1.231033091130013e-06
-1.238532706778503e-06
1.451260417863165e-06
-1.889456565744467e-06
1.419163721695345e-06
1.394430798162884e-06
-1.226780380789003e-06
-1.246003834731673e-06
-1.224996068706527e-06
1.387729279734452e-06
1.423524391077860e-06
-1.903531591778917e-06
-1.887442511190248e-06
9.394977582557241e-07
-1.224878889668149e-06
-1.217041535758050e-06
-1.877576400493721e-06
1.420411364849643e-06
1.391868026432047e-06
-1.898148081977377e-06
-1.231920574045491e-06
-1.219291540800595e-06
-1.222353341162413e-06
1.394349249540884e-06
1.409193034445704e-06
-1.860634736337222e-06
1.019618868893933e-06
-1.845046394659035e-06
-1.215999011432770e-06
-1.224359538779108e-06
-2.632113169243256e-06
-6.029313609518045e-07
-1.454154590767700e-06
-1.290009521450300e-06
8.977218921853973e-08
9.385819036510623e-07
5.570199388924645e-08
-1.335087726102065e-06
-2.226250961060610e-06
-2.454443917038409e-06
-3.352183166389969e-06
-9.508716053981045e-06
-1.255624421379409e-06
-1.137968982551747e-06
-1.936187298417833e-06
8.564231704949759e-07
9.709471212083043e-07
9.879932627820806e-07
-1.858494130922517e-06
1.409844152380462e-06
-1.904066970494231e-06
9.568190317009414e-07
-1.232670215002148e-06
1.427395389318344e-06
-1.231397207643688e-06
-1.883300137275972e-06
1.449961854718439e-06
-1.982975525607290e-06
-1.239264047992946e-06
-1.236275680511375e-06
1.443925356838678e-06
-1.873311984179235e-06
-1.244049028905271e-06
-1.244833772158850e-06
1.451748382994018e-06
1.469084926791252e-06
-1.859779539944912e-06
1.435451205378073e-06
-1.978646769721516e-06
-1.246072852206359e-06
-1.252108722108667e-06
-1.251736270791206e-06

PL  1  1102  double
-4.180803948531181e-07
-4.354598276826355e-07
-5.273346831038152e-07
-6.196637056245567e-07
-5.289929159705577e-07
2.691442382584207e-07
4.983485495728151e-09
1.361914082234917e-07
2.538202531711281e-09
7.839176966791254e-08
2.023036626991081e-07
1.808940863722930e-07
4.507886970062020e-07
3.846044661135277e-07
8.677143142990386e-07
8.472846651900124e-07
2.313098202992121e-07
5.027277602596192e-09
8.564416359101742e-08
2.148582603965636e-07
1.442142391091890e-07
-8.861310683575453e-08
3.994381958058329e-07
2.201025322033818e-07
2.444055950841515e-07
1.400027707630766e-08
4.335573527474866e-08
6.752017929218752e-08
-1.309510783378232e-07
-1.031906104470461e-07
9.246892474905194e-08
2.027442694316662e-07
2.169926499379315e-07
2.323260728419099e-07
4.192578958463835e-07
4.127479088004453e-07
2.174614303269511e-07
9.278174870509379e-08
1.436983123938425e-07
1.964176822136244e-07
1.479969642931084e-07
3.809374156414157e-07
2.047580456705386e-07
3.067595616756570e-08
1.448430725991381e-07
2.060511141738139e-07
2.617501235834780e-07
3.999587653661894e-07
1.365036919971172e-07
-5.993754497946612e-08
-1.852824309719263e-07
-1.502423191073614e-07
-6.981304252334241e-08
-3.185991179652286e-07
-2.658217659983442e-07
-1.152872840642910e-07
-3.894667465468254e-07
-4.531944499513932e-07
-3.150574528064991e-07
-4.383575236219436e-07
-3.721598114255479e-07
-2.415521812702056e-07
-2.738030186847554e-07
-3.584412799483821e-07
-4.891665934601917e-07
-4.687500374933674e-07
-5.227576762324971e-07
-6.203157532231990e-07
-5.966185199854985e-07
-4.975493991074305e-07
-8.199087028834370e-07
-8.365950550854581e-07
-8.208146010363503e-07
-7.788148595399938e-07
-8.193966771848006e-07
-7.923910246302149e-07
-2.306074803590564e-07
-3.697491726241971e-07
-1.653053565209953e-07
-9.899800012544613e-08
-1.441969209775287e-07
-8.640316972714483e-08
-3.177481846490472e-07
-2.575541808796511e-07
-5.041384624028138e-07
-6.016716256090229e-07
-7.292660074406966e-07
-7.802563163864103e-07
-5.701463503120758e-07
-4.694394104687678e-07
-5.392952162765436e-07
-3.844406058999873e-07
-3.742538114161713e-07
-4.866792973294899e-07
-6.230336236196685e-08
-1.960617887232240e-07
-6.052372309733483e-08
-1.981957611721863e-07
-3.227420109774390e-07
-3.186923831123178e-07
6.582309567940511e-08
-3.812160659926040e-07
-5.015828812620127e-07
-4.379207659505421e-07
-5.510313476720030e-07
-4.484701465360632e-07
-8.276218772674634e-07
-8.509591762005625e-07
-8.301987035739196e-07
-8.101492755378298e-07
-8.207521766902623e-07
-8.435342210438785e-07
-8.016696634354615e-07
-8.196494591324810e-07
-3.087916822680435e-07
-1.593746444633013e-07
-2.920206625399392e-07
-4.015679090883222e-07
-4.351845941533002e-07
-2.871170283424948e-08
-7.985402529847521e-07
-8.164828063111602e-07
-8.387827838344785e-07
-7.663363601278562e-07
-7.895365026243541e-07
-7.346180820613860e-07
-7.882796874620773e-07
-7.792640100425598e-07
-7.697475711384867e-07
-7.550271088028520e-07
-7.317975569545592e-07
-7.390512755253656e-07
-7.753277939715150e-07
-7.865463257638462e-07
-7.493926230576769e-07
-6.869240208846721e-07
-6.748624721210832e-07
-7.281500587579649e-07
-7.298571755684460e-07
-7.414554597401697e-07
-7.563844393116674e-07
-6.826750545198883e-07
-6.891932345651197e-07
-6.869688673777244e-07
-6.243223516055792e-07
-7.211023799739263e-07
-7.673062731066153e-07
-7.153685848435971e-07
-2.123412452247175e-07
-3.903927556107204e-07
-2.647575845676077e-07
-3.489145185181397e-07
-2.889764847289148e-07
-3.646309855195131e-07
-3.131390332061179e-07
-4.500335921818273e-07
-4.020068617367862e-07
-3.805025380962791e-07
-4.783568621438183e-07
-3.037025126086955e-07
-1.168933167053897e-07
-1.861362238298280e-07
-5.634180802561950e-08
-1.534557624044969e-07
-5.472332469218049e-07
-4.503384235714871e-07
-6.429517134787685e-07
-6.100130539014389e-07
-5.105079019254978e-07
-1.852321640340976e-07
-1.089961194315812e-07
-2.569745351105399e-07
-1.443676076001820e-08
-1.635329388802936e-07
-5.828956742315686e-07
-5.769153595336550e-07
-4.926117566669920e-07
-4.944554004015626e-07
-6.516114886943904e-07
-3.824355814156113e-07
-3.904222032042669e-07
-4.758306031364047e-07
-7.217677390348989e-08
-2.175037198892949e-07
-1.523881284649990e-07
-1.473638996028196e-08
9.776708797477934e-08
-3.034890569971854e-07
-2.683928134377776e-07
-5.772266797640835e-07
-5.516127494034599e-07
-6.207633658134293e-07
-5.101929803675831e-07
-6.386306841947154e-07
-6.594976248642238e-07
-5.725116450339963e-07
-5.708653445322994e-07
-6.519324670310666e-07
-6.537257198589563e-07
7.900310899762437e-08
-2.460097223278377e-08
-5.669190978816020e-08
7.593338612489758e-08
-7.793902680881924e-08
-3.491390398110082e-07
-3.907706944383672e-07
-4.812019352993513e-07
-5.085014476046960e-07
-4.184233289585199e-07
-1.702164587705465e-07
-1.012519201261448e-07
-3.107585694116494e-08
-9.334534889118917e-08
8.926011879148331e-08
4.666005760611226e-07
3.983231941941959e-07
2.254214776731215e-07
8.762821792149506e-07
8.490531867303208e-07
4.212530808449534e-07
2.252268499480221e-07
4.187114925753071e-07
8.577507551713944e-07
8.877047336677098e-07
8.804511067879366e-07
-1.241721166624805e-07
-5.059692909079682e-08
-2.192453357644557e-07
2.165859458986555e-07
4.048046122079462e-08
1.215417889373317e-07
-2.386285532193819e-09
3.245358402397001e-08
7.445890740410875e-08
2.101035295289653e-07
2.396383270385040e-07
2.221527526558718e-07
9.173996363334461e-08
2.619918589610524e-07
4.006566252313479e-07
3.926853311703703e-07
1.775897419310561e-07
3.619452668574820e-07
-6.904061577609322e-07
-7.149982865095267e-07
-7.550638020004681e-07
-7.755170401703034e-07
-8.026388679585386e-07
-7.651896105913122e-07
-6.413333548525346e-07
-6.789039159353387e-07
-7.079822987771391e-07
-7.538067465778338e-07
-7.604388679590068e-07
-6.331784861134713e-07
-6.119275616665355e-07
2.098533706818889e-07
3.982252530815160e-07
1.474185825309207e-07
4.103454876796525e-07
1.175222920575239e-07
4.851907925637271e-07
3.672838911186662e-07
1.468722449010940e-07
4.158880736552141e-07
8.733357615256462e-07
8.478474720991277e-07
8.613091758920660e-07
-8.512243234918287e-07
-8.506988674452085e-07
-8.525865368722667e-07
-8.407141711820903e-07
-1.489877496555719e-07
-2.688923244021937e-07
-1.297588897520645e-07
-1.103265984209515e-08
-4.237680689310443e-08
-1.914860624329097e-07
-7.651381238630989e-08
-8.129241793086146e-08
-2.079145882852326e-07
7.404982646277915e-08
-4.952275613367232e-07
-5.183536420017809e-07
-5.902636136116359e-07
-6.112153682806304e-07
-3.214540490496960e-07
-3.481331769819270e-07
-2.188672708796913e-07
-2.639217545631626e-07
-6.783834566235898e-08
-1.082306680817036e-07
-6.854131454116381e-07
-6.236342235542929e-07
-5.357042681430733e-07
-5.836102216865164e-07
-5.171224602922420e-07
-6.121451849660464e-07
-6.658992982276096e-07
-5.335377415882473e-07
-6.759283483814648e-07
-6.763558277848933e-07
-7.376086439845406e-07
-7.214205491844725e-07
-6.803615368420501e-07
-7.448172769743642e-07
6.107071791964515e-08
-1.448540980885479e-07
-2.683788869407448e-07
-2.429016490464136e-07
-1.365905512208059e-07
-1.028312372858097e-07
-8.440052941006191e-07
-8.172138718614140e-07
-8.354002104508816e-07
-8.192513711082404e-07
-8.148665803485041e-07
-6.818340124818685e-07
-6.781280808990392e-07
-7.285938600722888e-07
-7.381881274210662e-07
-7.722251132965888e-07
-7.335152968326383e-07
-7.642059493150051e-07
-7.734104098042794e-07
-7.055374882956826e-07
-6.639683538067622e-07
-6.572547812052069e-07
-6.852793610079862e-07
-6.100614259299892e-07
-6.365591095380630e-07
-6.430061444526129e-07
-5.599392428592335e-07
-5.442199581998483e-07
-5.055090524781444e-07
-4.601794102984611e-07
-3.852604679209312e-07
-5.097989247229048e-07
-2.740346883120126e-07
-3.303483304257126e-07
-4.456120479565764e-07
-3.311840026204293e-07
-3.282999391341441e-07
-4.403204792432735e-07
-2.187319248721009e-07
-1.893982655968343e-07
-7.875680231969651e-08
-6.355462290121796e-07
-5.873604207633558e-07
-7.154108660466125e-07
-6.642270779156234e-07
-5.774290380583226e-07
-6.277872761795278e-07
-5.264650777688611e-07
-6.048431678087422e-07
-4.764542406984391e-07
-5.817746085522721e-07
6.798685098934348e-08
-7.147795758733283e-08
-1.975753107195097e-07
-7.012326825715596e-08
6.693300216319120e-08
9.513413085146394e-08
-3.128592686880020e-07
-1.980452139187252e-07
-4.390084623391332e-07
-3.329554086623934e-07
-3.375461553810752e-07
-2.176224777666971e-07
-6.836180948656165e-07
-7.492485544010459e-07
-6.806412269225956e-07
-6.200909754445164e-07
-2.450646377031648e-07
-3.747529136077089e-07
-3.004350052782953e-07
-3.125113685752311e-07
-1.795379844259896e-07
-1.365897280941841e-07
-7.482308269753168e-07
-7.690260183111342e-07
-7.078902976743480e-07
-7.128995618390888e-07
1.120620211567200e-07
1.747831924386493e-07
3.709910990728905e-07
3.826421933150305e-07
1.617339134950033e-07
2.799082623618516e-08
1.948462101731382e-07
-1.307158321739321e-07
-1.697991523318148e-07
-2.813202900555854e-07
-3.611331455276833e-07
-2.273872565735623e-07
-3.003181127811534e-07
-3.531911281032526e-07
-2.111043334298383e-07
-6.177822752900703e-08
-9.854742746750280e-09
-1.573292248508385e-07
-3.022125301300222e-07
-4.218879594298811e-07
-4.478506214248958e-07
-3.043144869132461e-07
-3.289401641868186e-07
-1.456726096784149e-07
-2.592431157871678e-07
-4.416696517631797e-07
-4.247104161392105e-07
-3.136110190176454e-07
-5.339342224144818e-07
-5.671563491445962e-07
-6.470733269710236e-07
-6.003420364769765e-07
-5.269342728744802e-07
-8.220206648365519e-07
-8.033950066095145e-07
-8.301276808593035e-07
-7.980130208530227e-07
-8.274084735266120e-07
-5.641234133155033e-07
-6.497549541807493e-07
-5.949463565448953e-07
-4.589272592148915e-07
-4.968350451010069e-07
-3.861324768608691e-07
-3.411945577470089e-07
-4.847585637856184e-07
-3.561071601560337e-07
-1.142115192485228e-07
-2.321429660291399e-07
-2.747747210618292e-07
-2.578264955150218e-07
-2.814511544566843e-07
-1.352980395374831e-07
6.053934045699701e-08
-1.193368696256278e-07
-2.263415363961874e-07
-3.171802452243322e-07
-4.014492228601277e-07
-1.678052429736479e-07
-4.309728522716152e-07
-5.433278128400793e-07
-4.472305651260977e-07
-5.346788063058033e-07
-6.147180437351046e-07
-6.276506968575954e-07
-4.155100643549170e-07
-2.865427627304201e-07
-2.580185546524977e-07
-3.789129371150126e-07
-3.238400608778819e-07
-1.856124832973095e-07
-1.322835159717831e-07
-4.037681351309431e-07
-5.182219123851191e-07
-4.845755519630547e-07
-4.330643984949238e-07
-5.385386875101890e-07
-5.267207652299854e-07
-4.317803914983861e-07
-5.276028305870783e-07
-4.258122031486734e-07
-6.198022130277349e-07
-6.194924122984036e-08
-1.966715487115866e-07
-2.081023602890318e-07
7.101935906566436e-08
7.388854400179830e-08
-7.222084139645232e-08
-3.351979949433968e-07
1.063813164710527e-07
-2.436963905155118e-08
9.450684840374498e-08
2.017912139639567e-07
2.029024088380938e-07
3.939648383335858e-07
1.934047955460543e-07
1.499666343629006e-07
9.220935939232407e-08
1.532666855656850e-07
3.865514883787971e-07
3.814303700903197e-07
-3.749937995620622e-09
1.194798273321915e-07
-3.098947846212335e-08
8.608051162323231e-08
-2.767403360851339e-08
7.995800523913938e-08
-8.270827481568146e-08
-9.619220093222623e-08
-1.806279737249310e-07
4.076312944422268e-07
2.495190758509011e-07
4.062643728112630e-07
2.232540856931274e-07
8.609131051421859e-07
6.265395813010088e-08
1.985166550387117e-07
5.917893119273506e-08
-5.161282988496262e-08
2.227539003664363e-07
4.423252166340409e-07
1.692333610540291e-07
3.899863933259621e-07
4.107925465192656e-07
1.777816416706827e-07
2.205879620394464e-07
4.063269494444009e-07
3.972087434481858e-07
4.066712516473353e-07
1.699006894186855e-07
2.010257653825516e-07
7.675023101354571e-08
-5.300244943778529e-08
8.316283828803781e-08
8.390232673760107e-08
4.159986999104660e-07
2.134114098573515e-07
2.328082245686986e-07
4.044000302228066e-07
8.609354153713775e-07
2.143574127019673e-07
2.301207803418139e-07
4.065597358856394e-07
4.179241189537731e-07
6.394826658612865e-08
4.208785145371602e-07
8.563267471816846e-07
7.197912684580679e-07
7.321118044775123e-07
8.576149165405551e-07
-9.817437488053390e-08
1.223339588684851e-07
-4.338114777098113e-08
4.278589834095887e-09
-1.133077685710085e-07
-1.863449601508905e-07
1.982460973998294e-07
3.968595129927896e-07
4.333690791699786e-07
1.812499149651656e-07
4.031500625597678e-07
8.731441021937848e-07
4.215241464471139e-07
7.407383688121892e-07
8.671790814956669e-07
8.614730993396947e-07
7.680353169022680e-07
4.032060058403166e-07
4.087920695172493e-07
8.768575996827225e-07
8.442146247587184e-07
7.354676076047126e-07
6.857411199338157e-07
-9.276633164883442e-08
1.554233626741574e-07
2.049612280817705e-07
3.871424682121386e-07
4.152651305152723e-07
8.765034202987779e-07
1.320953942407267e-07
1.640130448956815e-07
1.764979288950692e-07
1.837819679421907e-07
-2.180799852570134e-08
8.532932699946494e-08
5.253446365211852e-08
5.290447014462330e-08
-1.043308224133989e-08
-1.070628974763997e-08
-1.484512756209610e-09
-1.039135876442873e-08
-1.353526091088404e-09
-1.402495111985613e-09
1.433726138678322e-07
9.670454004834368e-08
-3.429176180879586e-08
-1.808680938270712e-09
1.781093541140408e-07
8.797838387768319e-08
-2.201693996741763e-08
6.938968693544901e-08
8.533251627046019e-08
8.925840294298837e-08
7.904072384032671e-08
1.943096504101063e-07
1.793589584924025e-07
4.061491837645834e-07
8.650027278481016e-07
2.490260106306077e-08
9.198925212126492e-08
6.032770006971286e-08
2.545443811124978e-08
1.824965106153344e-07
1.811353254478634e-07
8.422629266948786e-08
1.948538367585209e-07
1.435256341205046e-07
8.266000996973378e-08
8.897468694332804e-07
8.603217025346508e-07
7.304415999018715e-07
4.031837661901096e-07
4.509091411162410e-07
7.232369406439374e-07
8.599409819806817e-07
8.437107546305279e-07
7.443563180739459e-07
8.450058004025771e-07
8.603025521423269e-07
7.624827157239316e-07
8.829215256602244e-07
3.795409042165895e-07
3.888108072336695e-07
7.434995527709731e-07
8.526423735547071e-07
7.512372396571359e-07
-1.002721777662327e-07
7.016716057904127e-07
8.916803489901284e-07
8.439636216353850e-07
7.313796255474290e-07
4.045523310710752e-07
7.172922744690001e-07
8.772627459362286e-07
7.298041319120537e-07
8.434145262974141e-07
7.423051385537024e-07
-9.705743568248932e-08
7.246616570605928e-07
8.648758885952591e-07
7.141108551540475e-07
-9.701864652046101e-08
-1.009177591714874e-07
8.773490634047922e-07
7.935410949734577e-07
4.465332414426402e-07
8.775434473354159e-07
8.799780804193195e-07
7.775278302428807e-07
7.418393965973565e-07
8.777202683051221e-07
7.585111032941148e-07
8.601340577317021e-07
7.297074539424708e-07
7.447648380309610e-07
8.784459194145093e-07
8.690197106976270e-07
4.028967557451447e-07
4.206558219491920e-07
8.725146553462105e-07
7.520977723178331e-07
8.841058482420356e-07
7.234278223777629e-07
-1.041403800989779e-07
-1.013504841180150e-07
6.813503686395822e-07
7.230697751974920e-07
-9.036604782048582e-08
-1.038612741699320e-07
-9.041071590685131e-08
6.895174857512630e-07
7.548215867942604e-07
7.335579104969920e-07
7.211875741172619e-07
-9.634644866046169e-08
-1.037219660869261e-07
7.468695358093323e-07
7.846467428626557e-07
7.064610983727932e-07
-9.759482289355209e-08
-1.076457783688755e-07
5.551602995328840e-08
8.473803252621319e-07
7.134817918481150e-07
3.882238286916212e-07
4.200240377827271e-07
8.755532604309669e-07
8.886986882091878e-07
8.528512138168671e-07
7.422454935193859e-07
8.585725633898774e-07
4.044403934879541e-07
3.852049348841616e-07
8.833038074167193e-07
7.259051704286067e-07
8.671259168829519e-07
8.643537117822583e-07
4.220775316647723e-07
8.525853825529165e-07
7.310591081209930e-07
7.112079206690161e-07
8.689091626835929e-07
4.048363380795044e-07
2.018373904048556e-07
4.405862572198075e-07
1.766583843916062e-07
4.156950604308791e-07
8.635870226576030e-07
8.475388056212163e-07
8.604408905173310e-07
6.950975873957682e-07
7.310830830262930e-07
7.719563701749520e-07
-9.177438838907719e-08
-1.062101864827916e-07
3.974141572561784e-07
8.764416650254575e-07
4.269986641090364e-07
8.816405972638150e-07
4.202301938491715e-07
8.691095045093336e-07
2.121634974794776e-07
4.114444647270131e-07
1.874249702859102e-07
4.312023151048971e-07
1.949870366655318e-07
4.080368582758266e-07
8.390900795827269e-07
7.135350207373302e-07
7.321337315795095e-07
3.938983505929877e-07
8.661276265520224e-07
1.502867452917824e-07
4.128191996460690e-07
8.521163929284555e-07
7.607686575717121e-07
8.687554141041765e-07
4.163198824226907e-07
3.823174006924606e-07
1.768275477780126e-07
1.637906926699163e-07
8.747596790816046e-07
3.732491261732749e-07
3.987934264307398e-07
1.583417592776235e-07
2.290953071072110e-07
8.626301399806102e-07
8.721234320566668e-07
1.810635936846259e-07
3.844889013390858e-07
4.237869246101839e-07
8.734920928516152e-07
8.431866235091241e-07
7.287640327081089e-07
7.181717031063716e-07
8.519827809368866e-07
8.623988226070444e-07
4.347527404523904e-07
7.012659834904390e-08
2.042173058155319e-07
7.236520157928888e-07
-9.475488064788758e-08
5.317506803536085e-08
5.379546860451336e-08
-1.062229824901883e-08
-1.059940561029727e-08
-1.634398184989149e-09
-1.510311353312610e-09
-1.006220474349242e-07
-9.685793117413608e-08
5.373027785925149e-08
7.493242040336122e-07
8.730945677725484e-07
7.229569448878029e-07
5.503612276527089e-08
-1.012359487277824e-07
-1.026502102921446e-07
5.456211221786129e-08
5.541869356227446e-08
-1.013680339305433e-07
7.384882659334748e-07
-1.016547910390696e-07
-1.091969020414660e-07
7.289753055043159e-07
7.719547019278753e-07
7.577819915704384e-07
-1.000843876255682e-07
5.267315177335908e-08
-9.839434022496579e-08
5.276583730511004e-08
-1.049907687301711e-08
-1.052864751457923e-08
-1.365754230782530e-09
5.486793347469418e-08
-1.084110516561607e-07
-9.958125610780710e-08
5.340457990683354e-08
-9.860703051158152e-08
7.366735020206674e-07
5.468406196021758e-08
-1.041534202968439e-07
5.369913500448514e-08
-1.091910366637596e-08
-1.458501941019685e-09
-1.582072600149687e-09
5.472660505984153e-08
-1.066714765279993e-07
5.553606852342833e-08
5.387484631278488e-08
-9.927356078797451e-08
-1.028356976626544e-07
5.314119403382156e-08
-9.758780091396978e-08
5.414022747777504e-08
-9.944060111707192e-08
-1.066240717700509e-08
-1.073549679087343e-08
-1.301081366001955e-09
-9.471675150602175e-08
5.308792126775736e-08
5.644921379352855e-08
-1.081570323256435e-08
-1.707918621743961e-09
-1.525648033512511e-09
5.259656811697455e-08
-1.087029740374258e-08
-1.594826559584229e-09
-1.045867741625873e-08
-1.042920781219294e-08
-1.168805505973935e-09
-1.403085813632140e-09
5.428650842836058e-08
-1.013637442345188e-07
5.213977490969172e-08
5.572294856868496e-08
-1.031319695650181e-07
-9.545455768442986e-08
5.348147308171693e-08
-9.835013909379481e-08
5.354738162461347e-08
-9.646650061848628e-08
-8.937945127863759e-08
5.099414498327370e-08
5.334413252749565e-08
5.454713627998193e-08
-1.080862214719079e-08
-1.767985773916414e-09
-1.012499176976869e-08
-1.551671262929679e-09
5.526886029630870e-08
-1.000116254942304e-07
7.324989138376705e-07
7.501424304217159e-07
-9.641233158505529e-08
-9.496981947761897e-08
7.194913793980602e-07
5.220421174510044e-08
-9.908228812099504e-08
7.192383168508229e-07
-9.152279569413141e-08
-1.056239971635373e-07
7.147861458592134e-07
8.711486718915662e-07
-8.421920518383947e-08
-9.462077908978172e-08
-1.174585921014818e-07
6.764608493959204e-07
7.312107431339692e-07
-9.901849956914856e-08
-1.037665053499449e-07
-1.100228071557832e-08
-1.620291617564016e-09
7.135463807682565e-07
7.916355515805766e-07
-1.090329999213133e-07
7.491605375007861e-07
8.770130151645310e-07
-1.055175211771001e-07
-9.969983998546072e-08
5.314389390450351e-08
5.257412938994642e-08
-1.053114417197075e-08
-1.030790856276663e-08
-1.266011361258848e-09
-1.052427662958045e-08
-1.327731653726459e-09
-1.015307345606757e-07
5.538492191568513e-08
-1.108377277853845e-08
-1.083104451501288e-08
-1.618535982104340e-09
-9.763289020768670e-08
-8.829203225118907e-08
6.999994213436569e-07
7.092952231174809e-07
-1.007996204729989e-07
5.161232564778624e-08
5.225033768337706e-08
-9.644307545596181e-08
7.164958564885647e-07
8.765512446028135e-07
7.195541389403987e-07
-9.843232675156276e-08
7.239509275719578e-07
7.647008803984346e-07
8.671319904183550e-07
8.782314942172841e-07
-1.008406794052719e-07
7.415281393336439e-07
-9.890283654307767e-08
7.223310403429881e-07
8.830672745073966e-07
8.895130445519483e-07
-1.035819797958879e-07
6.931110917685803e-08
1.879776277990624e-07
7.762664412377592e-08
4.120678397556585e-07
-9.925436799705707e-08
-9.346158595971308e-08
7.331891851503983e-07
-9.871692380182162e-08
5.252627764690579e-08
-9.679800834977991e-08
-9.961185484439470e-08
5.281848911708148e-08
-1.041449953604168e-08
-1.050496433948835e-08
-1.276442186816711e-09
5.341771859330748e-08
5.264597097878910e-08
-1.073348682234283e-08
-1.409856838680734e-09
-9.385277401591448e-09
-1.030033580022630e-09
-1.059831558263353e-08
-1.113261162471913e-09
-1.886070896865735e-09
4.882109067164247e-08
5.653025100412431e-08
5.003924849025437e-08
-1.134826595604448e-08
-1.507607127149595e-09
5.892100604404278e-08
5.318434056191595e-08
-1.174491697784523e-08
-2.114205161935763e-09
-1.071410943046224e-08
-1.037336985989093e-08
-1.346587061546202e-09
-1.100642712055840e-08
-1.592061010589327e-09
-1.696345101839578e-09
-1.061743175404632e-08
-1.404670485055419e-09
5.432749848361690e-08
-1.089495241067957e-08
-1.602716222661452e-09
-1.595697384857360e-09
-1.150293186955915e-08
-1.697447595655341e-09
5.783537443344547e-08
5.595194800898313e-08
-1.110997087821019e-08
-1.937792943597440e-09
-1.149705033559226e-08
-1.879892057760235e-09
-1.057794825867252e-08
-1.510070369674918e-09
5.400724360707513e-08
5.678543221589752e-08
-1.096049364073643e-08
-1.102394861058144e-08
-1.477353417536422e-09
-1.547279690259410e-09
5.346919683095218e-08
5.448388109370996e-08
-1.065718522855100e-08
-1.633366468997060e-09
-1.018769591861834e-08
-1.130990640379413e-09
-1.399563154545711e-09
5.266729241651932e-08
5.087050660107717e-08
-1.001737165482866e-08
-1.073194689682968e-08
-1.050369693857734e-08
-1.613868000006797e-09
-1.105819368570588e-08
-1.105587401533659e-08
-1.758574864194828e-09
-1.510262832865010e-09
-1.049820834174131e-08
-1.095359010256038e-08
-1.478632482526105e-09
5.187861563949471e-08
5.446314946593830e-08
-1.499404747408317e-09
-1.417706667540617e-09
-1.135102970624623e-08
-1.788790940350195e-09
-1.092658243285779e-07
5.590574549156512e-08
5.558155416696491e-08
7.578262104083110e-07
-1.003903248147588e-08
-1.332895012670513e-09
-1.071113042742500e-08
-1.447121277680521e-09
5.307124419217013e-08
-1.053408809144648e-08
1.501465612947562e-08
-1.240620828783890e-08
-7.593902206687992e-08
8.236053725017209e-08
7.830237076284509e-08
-1.074683191053349e-08
-1.073122552706389e-08
-1.612139487133360e-09
-1.525777630598564e-09
-1.097689164639346e-08
-1.401359198971379e-09
-1.019602879180226e-08
5.269500933184916e-08
-9.404668776260617e-08
-1.078132070662500e-08
-1.369854435321109e-09
5.037194460118374e-08
-1.021049472714041e-08
5.343067369274929e-08
-1.160934204171584e-09
-1.518028388774823e-09
-1.093482122260828e-08
-1.074599683215063e-08
-1.009628051629509e-08
-1.061877628583042e-08
-1.196661024629138e-09
-1.572491423049878e-09
-1.305818013429601e-09
-1.056400981059035e-08
5.217021202877190e-08
-1.002203238939383e-08
-1.036167696825166e-08
-1.217586248700592e-09
-1.201196850361238e-09
-1.558696826985332e-09
-1.047267033007315e-08
-9.954275518289757e-09
5.079704999706983e-08
5.196053763333721e-08
-9.067245263138264e-08
-1.186779432296146e-09
-1.294752453813420e-09
5.340267554518291e-08
-1.042905879454549e-08
-1.074922591031791e-08
5.331289387630698e-08
-1.390134093121934e-09
-1.565225483082175e-09
-1.474635429705757e-09
-1.056179836772860e-08
-1.030122881595842e-08
5.275197198521070e-08
-9.417199995698156e-08
5.214740143427786e-08
-1.385282456349550e-09
-1.400296522913466e-09
2.243449583592332e-07
-5.274199262771507e-09
1.254274412736337e-07
1.142130670599905e-07
-6.244201496575583e-08
-1.378438391143230e-07
-8.428400387301237e-08
1.188614177393589e-07
2.139715865853845e-07
2.230220701771860e-07
4.052904657508364e-07
8.683336604505486e-07
7.240059970347336e-07
7.430628707047104e-07
5.430670186824547e-08
-1.023079920352351e-07
-1.033219661671630e-07
-9.608573346075198e-08
5.183770371243381e-08
-1.021017161696796e-08
5.287653118834987e-08
-9.091021422700032e-08
-1.446186077959695e-09
-1.036737867780364e-08
-1.321016177399147e-09
5.209449890279680e-08
-1.040580408230610e-08
5.308356892983616e-08
-1.280169623187000e-09
-1.339087864558012e-09
-1.093550565088465e-08
5.551533411029406e-08
-1.418300548474291e-09
-1.649028324514756e-09
-1.095600417566694e-08
-1.103915165820922e-08
5.356358503265466e-08
-1.148621986359488e-08
5.764656755886676e-08
-1.873609974109042e-09
-1.807151255438621e-09
-1.552128456245276e-09

jacC  1  1102  double
2.227051705716457e+00
2.243114272272396e+00
2.294788171489457e+00
2.319958921212221e+00
2.308980493822762e+00
1.991975521863381e+00
2.052239781216345e+00
1.969999960830088e+00
2.105057414882869e+00
2.005307116400908e+00
2.007442735040451e+00
1.989286919735886e+00
1.846615121203957e+00
1.842030109172524e+00
1.878523157472627e+00
1.883995117563567e+00
2.010166806609194e+00
2.065605655182449e+00
2.000018218950364e+00
1.998576139592341e+00
1.978325474369462e+00
2.108716769392101e+00
1.838817456025563e+00
1.996182931750274e+00
2.001971104569751e+00
2.065878715814252e+00
2.015162530872933e+00
2.027555257737125e+00
2.117801660498811e+00
2.138819692911518e+00
2.011593635836747e+00
1.988689258811732e+00
1.995344948079876e+00
1.975601175579682e+00
1.850053044614826e+00
1.844714042109271e+00
1.984897037289507e+00
2.013078052033911e+00
1.972386336601879e+00
1.981170792481832e+00
1.976403311287371e+00
1.845705680147195e+00
1.987051951133147e+00
2.041984727435081e+00
1.975165372408367e+00
1.977438641347445e+00
1.994456043977400e+00
1.847003416876196e+00
1.973120875095132e+00
2.112791124945395e+00
2.130634426482013e+00
2.125684514450523e+00
2.098618334852346e+00
2.195498257922163e+00
2.194764437266483e+00
2.109106864284124e+00
2.210789898141872e+00
2.269910117720476e+00
2.207214357192856e+00
2.245290222702110e+00
2.236789285632524e+00
2.156814108543735e+00
2.180023296217785e+00
2.221249121286331e+00
2.271603260466467e+00
2.255864314736863e+00
2.297985004744369e+00
2.320911301514097e+00
2.316322507860109e+00
2.285906181991022e+00
2.410952776802607e+00
2.436503848056350e+00
2.426371633392731e+00
2.414850527431676e+00
2.426679503792057e+00
2.412256469541619e+00
2.169133644611389e+00
2.216742781097163e+00
2.117925941718794e+00
2.108003211804241e+00
2.122892856953500e+00
2.098112223606875e+00
2.207012769393203e+00
2.191362087677756e+00
2.292737683912764e+00
2.321396917187450e+00
2.383089617440220e+00
2.409699197100847e+00
2.316033786769015e+00
2.250625756253261e+00
2.304857586725135e+00
2.221634623890345e+00
2.240753601284164e+00
2.270019135018583e+00
2.121818403314336e+00
2.133581477299091e+00
2.107264242726894e+00
2.124889386707137e+00
2.216547109209146e+00
2.215646660164686e+00
2.003847856220339e+00
2.205585276236879e+00
2.294961889878470e+00
2.244254478061331e+00
2.295037675317323e+00
2.260871549787833e+00
2.434085588020461e+00
2.437003824202450e+00
2.432623965491435e+00
2.418300973831096e+00
2.420836743222318e+00
2.436331506182440e+00
2.409580146858612e+00
2.420400422280573e+00
2.215082787435161e+00
2.117863021619050e+00
2.189435813780796e+00
2.234403500117214e+00
2.228271697661080e+00
2.098437745210805e+00
2.412240181684551e+00
2.417931323670784e+00
2.436754060017964e+00
2.412303924403703e+00
2.407308763141357e+00
2.386034417810484e+00
2.411790361595850e+00
2.414115523130500e+00
2.403917422881995e+00
2.377175346166344e+00
2.385399678416869e+00
2.384346164634271e+00
2.406976863393763e+00
2.413141368150241e+00
2.400452561899879e+00
2.358358386938302e+00
2.362101847708594e+00
2.371430328194529e+00
2.371701041800565e+00
2.388865558245743e+00
2.378591082498894e+00
2.377140815725278e+00
2.367407133652315e+00
2.358115890196693e+00
2.321456752056724e+00
2.374524569412106e+00
2.401371303878886e+00
2.368398022913888e+00
2.148441440311127e+00
2.221799147294216e+00
2.195997802001206e+00
2.199253636727495e+00
2.212142399831501e+00
2.220514253417639e+00
2.212576585102754e+00
2.253814960944091e+00
2.211943733448301e+00
2.221109195023636e+00
2.269882287832598e+00
2.208082154533924e+00
2.111350988805146e+00
2.135289634506111e+00
2.104105795023707e+00
2.102198803999124e+00
2.293921109605298e+00
2.254819891085655e+00
2.346022798503275e+00
2.329960377778541e+00
2.290468240363249e+00
2.119383468694109e+00
2.121292035878271e+00
2.189201046440634e+00
2.086429340081575e+00
2.111486264562355e+00
2.307681393875587e+00
2.304224161456949e+00
2.282949373272915e+00
2.286052569154855e+00
2.355881353155936e+00
2.219174320183015e+00
2.217407077193305e+00
2.279051867499746e+00
2.093593934110042e+00
2.141296405920604e+00
2.119412549881882e+00
2.104108064254730e+00
1.998490975086658e+00
2.214134817725112e+00
2.185300133467594e+00
2.308657789872945e+00
2.299934058501071e+00
2.322762222942020e+00
2.298363134950405e+00
2.346929288361723e+00
2.350866708529943e+00
2.314118100800736e+00
2.313072457348849e+00
2.344909675806414e+00
2.339937044976397e+00
2.009644842385507e+00
2.102433117371083e+00
2.101726548932028e+00
2.002848027993940e+00
2.116599768641538e+00
2.210842810710605e+00
2.225776369366541e+00
2.272701978380762e+00
2.290601184318246e+00
2.234802278249448e+00
2.132145095352110e+00
2.096118111116508e+00
2.102198084524489e+00
2.098653994448942e+00
1.997234713741655e+00
1.847792127854947e+00
1.844046710856116e+00
1.983632560089434e+00
1.880945042198409e+00
1.869003580971464e+00
1.837670305754063e+00
2.001812317386924e+00
1.840390132312938e+00
1.870976120356483e+00
1.877379833114687e+00
1.859114631930980e+00
2.104766556876548e+00
2.119492041134979e+00
2.137461364865520e+00
1.997699579417100e+00
2.031694175149799e+00
1.992978888758009e+00
2.051450606119394e+00
2.015905273247717e+00
2.014542765412420e+00
2.005842796147185e+00
2.005554582516103e+00
1.983241760403183e+00
1.998715992265655e+00
1.983659748180471e+00
1.857853593483470e+00
1.854407264424735e+00
1.984275843641959e+00
1.841235730759524e+00
2.362760210566740e+00
2.371351269255145e+00
2.397068493218320e+00
2.410227103864585e+00
2.411627647475738e+00
2.402525425518375e+00
2.355556614352373e+00
2.366515353097591e+00
2.374264598248487e+00
2.386867587408981e+00
2.398049378126687e+00
2.335955471594040e+00
2.311117796681313e+00
1.986890583220409e+00
1.839232388415251e+00
1.967636244686519e+00
1.838252335349395e+00
1.964231824406877e+00
1.847673002886173e+00
1.841866473097885e+00
1.980167611719979e+00
1.848999927521290e+00
1.886749164226971e+00
1.876939461231870e+00
1.883701382061473e+00
2.436974083094938e+00
2.439953619953850e+00
2.439226972475488e+00
2.437078055844285e+00
2.105583586445457e+00
2.192212137926700e+00
2.114481213143427e+00
2.074042178720088e+00
2.108520438131910e+00
2.129416323748738e+00
2.104104123071087e+00
2.127783985298249e+00
2.144662711634263e+00
2.005535549522869e+00
2.276992928777801e+00
2.297214574882198e+00
2.314554668848997e+00
2.318999899497537e+00
2.206582627047046e+00
2.204924477738661e+00
2.170372089434317e+00
2.184620361532228e+00
2.108793650704230e+00
2.084819357509387e+00
2.367585067681034e+00
2.319980428166371e+00
2.308985939839064e+00
2.305858169304448e+00
2.292352047941749e+00
2.322144277200889e+00
2.358511458646672e+00
2.306333823342471e+00
2.354955962617255e+00
2.373250404951475e+00
2.382987569061928e+00
2.367765793983831e+00
2.361985752452458e+00
2.379998000152205e+00
2.039496906676661e+00
2.132373077690596e+00
2.176588876954036e+00
2.149670588736647e+00
2.118882983345932e+00
2.131808758070822e+00
2.434399865878321e+00
2.425281201266447e+00
2.435452532322187e+00
2.424334736697361e+00
2.411017787361412e+00
2.375162466424355e+00
2.357969568562832e+00
2.366415704486876e+00
2.387317529777850e+00
2.410839284298971e+00
2.378071878778227e+00
2.403014448279348e+00
2.413277438703310e+00
2.360834193989673e+00
2.353800297993490e+00
2.360272145408282e+00
2.363533348288463e+00
2.319331588924471e+00
2.334479832420557e+00
2.359716834402604e+00
2.290399670919938e+00
2.306182137757460e+00
2.291854188095062e+00
2.273471328380372e+00
2.221359425917028e+00
2.284320699097699e+00
2.201378644927469e+00
2.206788590857325e+00
2.237499617211792e+00
2.224215930199816e+00
2.225131791631714e+00
2.237986801276626e+00
2.128074812946535e+00
2.135037611487997e+00
2.125214489130202e+00
2.349476522279452e+00
2.307346429242414e+00
2.360673843092697e+00
2.359467434471062e+00
2.305178544415449e+00
2.343480545910558e+00
2.294661764667913e+00
2.320611483993051e+00
2.281663474554216e+00
2.294672483432055e+00
2.012035172079544e+00
2.112868021717767e+00
2.139905407811411e+00
2.115142086270223e+00
2.004410684770797e+00
2.011248975550634e+00
2.207251737662142e+00
2.143521474601267e+00
2.238817820382908e+00
2.223820582917941e+00
2.227082246638999e+00
2.126988425405421e+00
2.370838747909226e+00
2.379516197079302e+00
2.366048065274179e+00
2.321244523675044e+00
2.180322752798320e+00
2.215697462452277e+00
2.202858231844807e+00
2.215297037295248e+00
2.130195605690086e+00
2.099466064192618e+00
2.393806415342445e+00
2.392936652831762e+00
2.375220762477244e+00
2.378406339014132e+00
1.985208739262231e+00
1.993164842561655e+00
1.846188617696255e+00
1.848135573672690e+00
1.990730655060573e+00
2.015793405556265e+00
1.986384304883989e+00
2.110587618056129e+00
2.115699052070346e+00
2.203599738291062e+00
2.206768428076360e+00
2.155664375814669e+00
2.210909205544262e+00
2.224371117031334e+00
2.143370896297731e+00
2.100551253665466e+00
2.096412136947922e+00
2.109032967194454e+00
2.209209327603357e+00
2.235817125912050e+00
2.241956584323272e+00
2.209171161567021e+00
2.213807958742425e+00
2.115536624221202e+00
2.176954180489691e+00
2.233398004851508e+00
2.239579278337780e+00
2.225396493682850e+00
2.300173426064653e+00
2.293693486918107e+00
2.360854134546448e+00
2.322122246860931e+00
2.303276252362232e+00
2.416565731719451e+00
2.420517326987166e+00
2.428756792756746e+00
2.413490500008947e+00
2.431261600996720e+00
2.293091395512708e+00
2.354277925469043e+00
2.316070437168641e+00
2.263670214856564e+00
2.292193072133424e+00
2.222972737415822e+00
2.207341565721575e+00
2.284584035341890e+00
2.202761580986125e+00
2.102031940456320e+00
2.160336523480678e+00
2.200387143806170e+00
2.175556913421454e+00
2.201016579525434e+00
2.106449339975542e+00
2.019374093155888e+00
2.124689771375338e+00
2.155199905876633e+00
2.206431421682567e+00
2.227546079009839e+00
2.120635376197198e+00
2.237557112414082e+00
2.308383649188095e+00
2.241663975220845e+00
2.307098635667122e+00
2.321701657264561e+00
2.324442425290191e+00
2.234417428384352e+00
2.205896537270082e+00
2.176275933962699e+00
2.208945974959927e+00
2.210537097448092e+00
2.120749343545556e+00
2.114816770655612e+00
2.227824021623928e+00
2.294937581878829e+00
2.282810967861165e+00
2.247066951319216e+00
2.290106042962532e+00
2.304470064397683e+00
2.242770350077355e+00
2.299646843430479e+00
2.227572405475943e+00
2.317093257967974e+00
2.129652418840497e+00
2.130752239381844e+00
2.132477582390824e+00
2.003496881022357e+00
2.003628872523072e+00
2.098146799150657e+00
2.216041519055456e+00
1.995879142863182e+00
2.075463219742064e+00
2.016317770300841e+00
1.987363018341342e+00
1.982326205795919e+00
1.855127183820531e+00
1.989906438566683e+00
1.974716123943871e+00
2.003336209503788e+00
1.993100525858202e+00
1.839811236010710e+00
1.837940047462539e+00
2.071564483424378e+00
1.972084955832778e+00
2.108210138568503e+00
2.017152103094939e+00
2.105239490517195e+00
2.014319767190935e+00
2.107618803237391e+00
2.094574562542818e+00
2.119746028416185e+00
1.851030472485057e+00
1.978258303318370e+00
1.850667200297699e+00
1.995763527085290e+00
1.851827325025403e+00
2.013892269333800e+00
2.004181968588481e+00
2.018386838587182e+00
2.107230054960905e+00
2.005869767716784e+00
1.844304153287635e+00
2.001607976265093e+00
1.848420029201625e+00
1.848944659158381e+00
1.995878764979378e+00
1.995932124299519e+00
1.852622973833998e+00
1.848709933511180e+00
1.849387049757663e+00
1.993712782462865e+00
1.984982588502557e+00
2.007390214363926e+00
2.097278924736031e+00
2.009208074649107e+00
1.992695094936079e+00
1.848040234518618e+00
1.983235358153575e+00
1.997303749994401e+00
1.843543349683286e+00
1.860527952823281e+00
1.992381483063701e+00
1.996297395875586e+00
1.842392228492390e+00
1.850418162384484e+00
2.006668864817394e+00
1.851941574763510e+00
1.860364655400240e+00
1.390846721986332e+00
1.391529394817010e+00
1.871131863069982e+00
9.042571403186279e-01
1.998786251714841e+00
2.095484265571787e+00
2.066813432505580e+00
2.117219251165444e+00
2.134040679604973e+00
2.000871845039746e+00
1.843534075151863e+00
1.843837835720916e+00
1.993290379695658e+00
1.841091866670207e+00
1.892188126229271e+00
1.856045833612033e+00
1.388515942018880e+00
1.858907751253073e+00
1.870757679444274e+00
1.390510530973893e+00
1.852762942308258e+00
1.848885603346364e+00
1.887884983248235e+00
1.875244171503853e+00
1.390723669245291e+00
1.400683540007345e+00
9.018477897823123e-01
1.980717968033716e+00
1.986481064227340e+00
1.837211975918927e+00
1.846382424423721e+00
1.861463203601123e+00
1.975401246876507e+00
1.975281482445258e+00
1.980269594787434e+00
1.992944374620069e+00
2.106941844259342e+00
1.993830272222620e+00
1.023347661328518e+00
1.023005959431075e+00
9.940633663251646e-01
9.938813214654479e-01
1.002962231876213e+00
9.938430943496687e-01
1.002990742413744e+00
1.002980851205791e+00
1.970940833215783e+00
1.987709298112572e+00
2.094544566452342e+00
2.080494351122948e+00
1.983629472627677e+00
1.991328485363774e+00
2.095626143635969e+00
2.025851099737773e+00
2.002713395690599e+00
1.984819344541824e+00
2.016100083606255e+00
1.989469064562694e+00
1.988091525569238e+00
1.849586132238295e+00
1.877817173304414e+00
2.081229992734961e+00
2.011504032164263e+00
2.003560857435123e+00
2.051912623421180e+00
1.976845736274965e+00
1.993589272679653e+00
1.991707957606485e+00
1.990520852443666e+00
1.992778835450449e+00
2.011154829229220e+00
1.860827346159611e+00
1.851552299230949e+00
1.389450696593722e+00
1.844145342280995e+00
1.841135834561255e+00
1.392426706508159e+00
1.883738337015560e+00
1.885551743888417e+00
1.391487933021015e+00
1.881304794428666e+00
1.868464291457485e+00
1.383528183388264e+00
1.867729686663096e+00
1.848681501881343e+00
1.849928798302960e+00
1.393837019034053e+00
1.878165371579679e+00
1.389114295227541e+00
9.035410703783542e-01
1.388197739193502e+00
1.893920240905111e+00
1.882896519707437e+00
1.384230701863689e+00
1.843377057016060e+00
1.388781599332460e+00
1.901242348155900e+00
1.390979916552438e+00
1.880682266371459e+00
1.389441710117767e+00
9.039876095084652e-01
1.384814478738467e+00
1.872931750591086e+00
1.393414898184665e+00
9.056605195322367e-01
9.058006702359122e-01
1.866102094377464e+00
1.374950877779020e+00
1.837211867378116e+00
1.866997000745131e+00
1.854318948671046e+00
1.378602600355937e+00
1.387070203669267e+00
1.859190754730753e+00
1.389757649933636e+00
1.855774539074597e+00
1.394768086004809e+00
1.390845573946376e+00
1.877960332747268e+00
1.853756041024998e+00
1.850408999559101e+00
1.844346467242733e+00
1.861944788451294e+00
1.389057554855665e+00
1.890010097561789e+00
1.391645866040844e+00
9.052279112614907e-01
9.048043565009771e-01
1.392370019760757e+00
1.382064400184295e+00
9.059564015694207e-01
9.068731963383100e-01
9.029766061575275e-01
1.394926438186128e+00
1.390966911322358e+00
1.386876272547594e+00
1.392083953613817e+00
9.043070088437606e-01
9.044732763854065e-01
1.373633136113720e+00
1.379880367649840e+00
1.389966981316775e+00
9.068823552926483e-01
9.071776488537959e-01
1.022391026927206e+00
1.873738146601578e+00
1.386991180998736e+00
1.844153517644850e+00
1.850022244256235e+00
1.882593422756792e+00
1.862215144975093e+00
1.852354168835094e+00
1.388563695723454e+00
1.850159398454155e+00
1.849775198587196e+00
1.840842437065053e+00
1.856563512047907e+00
1.388617161924752e+00
1.858299676194824e+00
1.876655602210398e+00
1.854172241320717e+00
1.857942088456542e+00
1.390205697021613e+00
1.395820133628633e+00
1.859960481206520e+00
1.838316122302509e+00
1.984750812222355e+00
1.854394719987189e+00
2.000042631176024e+00
1.844884485917032e+00
1.884471348563858e+00
1.882010414481373e+00
1.883152688188706e+00
1.394007889241259e+00
1.390348331745705e+00
1.383938938452726e+00
9.033085765793250e-01
9.062794896723925e-01
1.837848718425216e+00
1.860599192516447e+00
1.849885062831954e+00
1.859380779835072e+00
1.851666761520198e+00
1.848673761212282e+00
1.988951308620827e+00
1.845344522121390e+00
2.004194459622072e+00
1.846748570815844e+00
1.990573291894071e+00
1.847460411112501e+00
1.872390530132059e+00
1.393435781915385e+00
1.387951144222930e+00
1.845355303439920e+00
1.875855256909012e+00
1.990639963000837e+00
1.850294642914510e+00
1.864119188996094e+00
1.390348731526839e+00
1.866179150890011e+00
1.852214054903992e+00
1.838241220395385e+00
1.980540992595393e+00
1.969608918327421e+00
1.864964338698354e+00
1.844031083285683e+00
1.843211142610056e+00
1.989221848681598e+00
1.993563153325123e+00
1.876152335514954e+00
1.891685592620092e+00
1.988300514598696e+00
1.842248710773677e+00
1.846603713069062e+00
1.896985874721375e+00
1.881211659377357e+00
1.391701529028184e+00
1.388867694363032e+00
1.880027339886672e+00
1.881522914237460e+00
1.849690987576674e+00
2.014937228448833e+00
1.998445049696926e+00
1.385976999670785e+00
9.047679312464892e-01
1.023174313514619e+00
1.023557596320325e+00
9.938717847122394e-01
9.940398815984827e-01
1.002974182888039e+00
1.002984449778744e+00
9.062786319623987e-01
9.047786858449139e-01
1.022735320508110e+00
1.382631952259880e+00
1.854319199412487e+00
1.388349540005119e+00
1.023122664457695e+00
9.055661250389981e-01
9.041876274839816e-01
1.023308460044271e+00
1.023149783641287e+00
9.057764574172035e-01
1.384159929031668e+00
9.061439313947559e-01
9.078834037606131e-01
1.382329514935086e+00
1.380495649000046e+00
1.380467965021871e+00
9.053516767390146e-01
1.023413046639913e+00
9.055210169311072e-01
1.023248295276627e+00
9.940216912149026e-01
9.938746493739277e-01
1.002970144929027e+00
1.023283517385478e+00
9.065622935323773e-01
9.049101867223788e-01
1.023388846978185e+00
9.037172109463703e-01
1.392437680443052e+00
1.023514980298458e+00
9.045969306250851e-01
1.023618079230411e+00
9.939563973950741e-01
1.002988850702024e+00
1.003008759799906e+00
1.023107641167252e+00
9.069560311761460e-01
1.023222111850435e+00
1.023797265519725e+00
9.049400256778467e-01
9.039117162185246e-01
1.023596656336308e+00
9.036843739576712e-01
1.023162756678762e+00
9.061999760714029e-01
9.939858352346951e-01
9.939385406624781e-01
1.002963006030562e+00
9.033149692593569e-01
1.023209140410690e+00
1.022927428181257e+00
9.939080124698841e-01
1.002926931721997e+00
1.002994646622248e+00
1.023444488640270e+00
9.940163030325979e-01
1.002973534705667e+00
9.940186093533242e-01
9.937998781690738e-01
1.002991419841569e+00
1.003007687465908e+00
1.023679044681521e+00
9.066757110881207e-01
1.023019559815729e+00
1.023151680908268e+00
9.047704207009422e-01
9.040675815965578e-01
1.023460095718559e+00
9.043742719833865e-01
1.023259765494663e+00
9.058751173215424e-01
9.032933100793817e-01
1.023327448270348e+00
1.023753425541877e+00
1.023150459332680e+00
9.938475758500080e-01
1.003003104489517e+00
9.939281590601085e-01
1.003004944531722e+00
1.023394804312857e+00
9.053115558351960e-01
1.384430126634579e+00
1.386527025832195e+00
9.050487595704233e-01
9.035844280994816e-01
1.394589012290023e+00
1.023448633019106e+00
9.037710237300387e-01
1.383719576979525e+00
9.042392577042108e-01
9.067124614226584e-01
1.390532120560730e+00
1.849817058415114e+00
9.028737721395454e-01
9.051532885432794e-01
9.091210619217491e-01
1.390972535761258e+00
1.385301430542065e+00
9.039540156576762e-01
9.051216009008878e-01
9.939377872667824e-01
1.003006821592218e+00
1.385285310567167e+00
1.379902886955687e+00
9.069367012832040e-01
1.377756107605149e+00
1.861440704998515e+00
9.066125660630890e-01
9.031899781569748e-01
1.023387963993930e+00
1.023579336256748e+00
9.938604923423933e-01
9.937768127359321e-01
1.003051376266976e+00
9.939315178017616e-01
1.003037133750521e+00
9.037041389069120e-01
1.023338196174204e+00
9.938680500485314e-01
9.940232970223325e-01
1.002976883462997e+00
9.067710479380419e-01
9.032578521601518e-01
1.392425920422404e+00
1.388718579491839e+00
9.061020544235597e-01
1.023545030174159e+00
1.023352069820432e+00
9.054623263783558e-01
1.393567436025618e+00
1.875633437704054e+00
1.389028907707465e+00
9.067173367891407e-01
1.384540008797907e+00
1.384302154098188e+00
1.867295414505447e+00
1.863378743551051e+00
9.054912140535188e-01
1.384872211884309e+00
9.058585469100573e-01
1.388027487429055e+00
1.858816829426406e+00
1.869904551197845e+00
9.078112985328186e-01
2.031811089215462e+00
1.991671161278642e+00
1.986842216529654e+00
1.843821579794629e+00
9.047177245017850e-01
9.022622492027228e-01
1.393697607811091e+00
9.044830077861119e-01
1.023529220616046e+00
9.047172102794120e-01
9.050179387936493e-01
1.023346568309017e+00
9.939775111615685e-01
9.938800450376862e-01
1.002981320995143e+00
1.023176618810981e+00
1.023706193558014e+00
9.938338041231561e-01
1.003030794269126e+00
9.937246984296405e-01
1.003050536215687e+00
9.941008692659116e-01
1.003003350510973e+00
1.002899818949489e+00
1.023874620462233e+00
1.022653955039438e+00
1.023725030267086e+00
9.942228731549960e-01
1.002930267566008e+00
1.022601629175489e+00
1.022906976264665e+00
9.940808425447265e-01
1.002866241380961e+00
9.939954437963338e-01
9.938859138094626e-01
1.002982743011823e+00
9.940217830300172e-01
1.002982892743497e+00
1.002964396874706e+00
9.938351742931008e-01
1.002999757119278e+00
1.023296650800654e+00
9.940320009887537e-01
1.002948472221937e+00
1.002993848678617e+00
9.940318723731917e-01
1.002945519546498e+00
1.022819557848990e+00
1.022505824621635e+00
9.940835711714856e-01
1.002925215192885e+00
9.941268516689880e-01
1.002945104421241e+00
9.941179124343640e-01
1.002925435864231e+00
1.023143160165852e+00
1.022668762314463e+00
9.939598335901663e-01
9.941358028658775e-01
1.002908694716377e+00
1.002952848382228e+00
1.022699123631102e+00
1.023052388483247e+00
9.940047009822089e-01
1.002958865419455e+00
9.939888330960304e-01
1.002994129135843e+00
1.002986904235699e+00
1.023213392917861e+00
1.023557361142234e+00
9.938678903742896e-01
9.938770090230360e-01
9.939132384296440e-01
1.002960433111051e+00
9.940109102386493e-01
9.939102108182735e-01
1.002971104849539e+00
1.003000608292019e+00
9.939510277283722e-01
9.940751408245668e-01
1.002944538358866e+00
1.022852602847795e+00
1.023232071782004e+00
1.002908634978239e+00
1.003026856715532e+00
9.940817708570155e-01
1.002971716704785e+00
9.066941885224924e-01
1.022833421437493e+00
1.023078305184973e+00
1.386992673932414e+00
9.937530777974661e-01
1.003038593964999e+00
9.938932164489717e-01
1.002971669375501e+00
1.023154459755395e+00
9.939738666617804e-01
2.054433487412363e+00
2.088797420478468e+00
2.110049555331196e+00
1.999346405799872e+00
2.017614049359536e+00
9.939423065514210e-01
9.939081942548513e-01
1.003014238652832e+00
1.002941149138810e+00
9.940415244783116e-01
1.002963384196407e+00
9.938605261912733e-01
1.023486583303189e+00
9.042512143933280e-01
9.939989014714157e-01
1.002972672708542e+00
1.023647746075575e+00
9.939323888106147e-01
1.023301920923446e+00
1.003025199518770e+00
1.003008642666992e+00
9.938921287682428e-01
9.939073277115740e-01
9.939636980485633e-01
9.939939678655962e-01
1.002961725715937e+00
1.002936388204575e+00
1.003001275955421e+00
9.939744011347423e-01
1.023225772518071e+00
9.939068651793089e-01
9.940349841856296e-01
1.002961151653978e+00
1.002996390914967e+00
1.002983596726328e+00
9.939940563606376e-01
9.937926438443352e-01
1.023590444159857e+00
1.023622694908374e+00
9.048208598164401e-01
1.003010445565869e+00
1.003000328107198e+00
1.023351785320017e+00
9.938466117259498e-01
9.941016695623756e-01
1.023088647861514e+00
1.002998639349466e+00
1.002965170215083e+00
1.002947068588683e+00
9.939942193328689e-01
9.938454040496311e-01
1.023501378968420e+00
9.036266059590491e-01
1.023234523852542e+00
1.002994644884952e+00
1.003028921234380e+00
2.000022730518758e+00
2.066434641488941e+00
1.979542144559135e+00
1.992558434976542e+00
2.103836457525284e+00
2.111323978119569e+00
2.114394636090222e+00
1.994165584874184e+00
1.979783767956849e+00
1.976924516663777e+00
1.853374749192023e+00
1.875606334781719e+00
1.384144105153984e+00
1.385622167833403e+00
1.022398334325149e+00
9.085248677534490e-01
9.065204820335260e-01
9.051282216267901e-01
1.023367617120358e+00
9.939315110598511e-01
1.023316588259104e+00
9.033805233617247e-01
1.002934459730742e+00
9.938773596660965e-01
1.003022670117245e+00
1.022829722669554e+00
9.938965212941628e-01
1.023609866102401e+00
1.002956868395475e+00
1.002971723591015e+00
9.939743017565538e-01
1.022776478908262e+00
1.002955446432688e+00
1.002972019090802e+00
9.940220322331045e-01
9.939647169683524e-01
1.022865197716680e+00
9.941800251521443e-01
1.022825877441723e+00
1.002901148239923e+00
1.002915693311476e+00
1.002971608547288e+00
