# vtk DataFile Version 4.0
vtk output
ASCII
DATASET UNSTRUCTURED_GRID

POINTS 1102 float
1.789497339555959e-02 -2.582573947584362e-01 0.000000000000000e+00 
-1.588982043613666e-02 -2.529049646365490e-01 0.000000000000000e+00 
5.615763538541122e-03 -2.263255045133770e-01 0.000000000000000e+00 
-6.650121512379888e-03 -1.944110225976159e-01 0.000000000000000e+00 
-2.815617178347266e-02 -2.209908482848764e-01 0.000000000000000e+00 
3.455611224046924e-01 -1.978901354747473e-01 0.000000000000000e+00 
3.072105756781886e-01 -1.859277148802892e-01 0.000000000000000e+00 
3.137759310004164e-01 -2.190152775987240e-01 0.000000000000000e+00 
2.831108765982312e-01 -2.103734234579132e-01 0.000000000000000e+00 
2.904332882449574e-01 -2.396188776969916e-01 0.000000000000000e+00 
-1.714737734363024e-01 -3.500470407761290e-01 0.000000000000000e+00 
-1.479794706358268e-01 -3.739040828906162e-01 0.000000000000000e+00 
-1.743758879495856e-01 -3.930560388822356e-01 0.000000000000000e+00 
-1.425962897773875e-01 -4.056677188805184e-01 0.000000000000000e+00 
-1.709907040492967e-01 -4.307332387487302e-01 0.000000000000000e+00 
-2.045348514899436e-01 -4.149787183913924e-01 0.000000000000000e+00 
1.294885896855122e-01 -3.736047304974192e-01 0.000000000000000e+00 
1.148197073009292e-01 -3.386193131547024e-01 0.000000000000000e+00 
8.693007554040703e-02 -3.580891118452630e-01 0.000000000000000e+00 
1.014020149289707e-01 -3.878278953806382e-01 0.000000000000000e+00 
1.530199946998290e-01 -3.474581255130756e-01 0.000000000000000e+00 
7.686224462237724e-02 -3.283630829599708e-01 0.000000000000000e+00 
1.263556179653071e-01 -4.110161284044768e-01 0.000000000000000e+00 
-2.821375518687942e-01 2.775552674877990e-01 0.000000000000000e+00 
-2.556314725111622e-01 3.031462229188028e-01 0.000000000000000e+00 
-2.673491350655138e-01 2.393211479346938e-01 0.000000000000000e+00 
-2.456187619987152e-01 2.655375537327070e-01 0.000000000000000e+00 
-2.244085029865228e-01 2.896443831164656e-01 0.000000000000000e+00 
-2.336817344501816e-01 2.315119053313502e-01 0.000000000000000e+00 
-2.121428592829170e-01 2.577296323431532e-01 0.000000000000000e+00 
-3.328596101671882e-01 -1.687662251315762e-01 0.000000000000000e+00 
-3.682605425838832e-01 -1.582729149960578e-01 0.000000000000000e+00 
-3.785160430739592e-01 -1.281669263060422e-01 0.000000000000000e+00 
-3.562652602421824e-01 -1.889510342969846e-01 0.000000000000000e+00 
-3.895113692761740e-01 -1.821562329556692e-01 0.000000000000000e+00 
-4.027524042555524e-01 -1.506336644524461e-01 0.000000000000000e+00 
3.853175501220352e-01 1.084054208364484e-01 0.000000000000000e+00 
3.650037489621146e-01 7.662756824244758e-02 0.000000000000000e+00 
3.781671306245102e-01 4.718818428907056e-02 0.000000000000000e+00 
3.960365331216446e-01 7.643562849302422e-02 0.000000000000000e+00 
4.057715303249744e-01 4.863992281044872e-02 0.000000000000000e+00 
4.245713970326234e-01 6.811115049510254e-02 0.000000000000000e+00 
3.925091757612502e-01 -7.924337771340814e-02 0.000000000000000e+00 
3.575272682894160e-01 -7.310408242526494e-02 0.000000000000000e+00 
3.684441303722560e-01 -1.047003554918478e-01 0.000000000000000e+00 
3.803221257427210e-01 -1.361350582242769e-01 0.000000000000000e+00 
3.635857072679242e-01 -1.658921529070257e-01 0.000000000000000e+00 
3.964453175331288e-01 -1.665266050997756e-01 0.000000000000000e+00 
3.939275508564320e-01 -1.117017505852071e-01 0.000000000000000e+00 
-1.139007656433601e-01 -3.258135883587118e-01 0.000000000000000e+00 
-9.261416170978638e-02 -3.004718384237554e-01 0.000000000000000e+00 
-1.264456679446914e-01 -2.954009563854610e-01 0.000000000000000e+00 
-8.034314922605970e-02 -3.326018863168366e-01 0.000000000000000e+00 
-1.049299417870538e-01 -2.687733166241350e-01 0.000000000000000e+00 
-1.387119229269020e-01 -2.634806980359226e-01 0.000000000000000e+00 
-1.602179813607238e-01 -2.900605794491156e-01 0.000000000000000e+00 
-1.108273468921474e-01 2.417249816645138e-01 0.000000000000000e+00 
-7.705572825167850e-02 2.363888379140766e-01 0.000000000000000e+00 
-8.932227281328935e-02 2.682990803225502e-01 0.000000000000000e+00 
-1.323334212721462e-01 2.151451876366290e-01 0.000000000000000e+00 
-1.876113009464176e-01 1.939002349228038e-01 0.000000000000000e+00 
-1.998770984592873e-01 2.258150130159956e-01 0.000000000000000e+00 
-2.213831303676814e-01 1.992351079209771e-01 0.000000000000000e+00 
-1.661052506934057e-01 2.204800606348042e-01 0.000000000000000e+00 
-1.753455217781681e-01 1.619855362126295e-01 0.000000000000000e+00 
-1.538394715251577e-01 1.885653619246302e-01 0.000000000000000e+00 
-9.512184748708963e-03 2.257205266568594e-01 0.000000000000000e+00 
2.753652707639706e-03 1.938057655292226e-01 0.000000000000000e+00 
-3.101800954187080e-02 1.991403393243266e-01 0.000000000000000e+00 
-4.328377914141416e-02 2.310550727760572e-01 0.000000000000000e+00 
5.181711134630970e-02 6.614701027123000e-02 0.000000000000000e+00 
3.031101382575108e-02 3.956707594095792e-02 0.000000000000000e+00 
6.408283564907678e-02 3.423221133537504e-02 0.000000000000000e+00 
8.558889678038742e-02 6.081204264223584e-02 0.000000000000000e+00 
1.804525866605061e-02 7.148175133754039e-02 0.000000000000000e+00 
9.785465951978276e-02 2.889733333491936e-02 0.000000000000000e+00 
-3.043818879460282e-01 2.506596769291154e-03 0.000000000000000e+00 
-2.706099938749832e-01 -2.828291057550960e-03 0.000000000000000e+00 
-3.166476024644938e-01 3.442128065079772e-02 0.000000000000000e+00 
-3.380482754014452e-01 7.756152532452580e-03 0.000000000000000e+00 
-3.258704654355302e-01 -2.408742200112464e-02 0.000000000000000e+00 
-3.289133816327420e-01 6.633597936097260e-02 0.000000000000000e+00 
-2.828757730432318e-01 2.908640765262360e-02 0.000000000000000e+00 
-2.951415793869372e-01 6.100111006802988e-02 0.000000000000000e+00 
-1.877750477807188e-01 -1.358219588964183e-01 0.000000000000000e+00 
-1.662690814545380e-01 -1.092420899334495e-01 0.000000000000000e+00 
-6.495345529541430e-02 -1.252465794592816e-01 0.000000000000000e+00 
-4.344744979582382e-02 -9.866682929461627e-02 0.000000000000000e+00 
-1.845857928629314e-01 1.034910117904543e-01 0.000000000000000e+00 
-2.183576428055158e-01 1.088258646121501e-01 0.000000000000000e+00 
-2.060918431159442e-01 7.691118607845319e-02 0.000000000000000e+00 
-2.091173511994306e-01 1.673204092108029e-01 0.000000000000000e+00 
-2.306234014524434e-01 1.407405834988012e-01 0.000000000000000e+00 
-1.968515720311808e-01 1.354057105006287e-01 0.000000000000000e+00 
-3.221277880495916e-01 -1.142073710964758e-01 0.000000000000000e+00 
-3.012838230290448e-01 -8.788016620122641e-02 0.000000000000000e+00 
-3.100812155819546e-01 -1.461806880161664e-01 0.000000000000000e+00 
-2.890905968346588e-01 -1.198172739807399e-01 0.000000000000000e+00 
-2.675724999914668e-01 -9.323362578876802e-02 0.000000000000000e+00 
-2.553187066232390e-01 -1.251522129000731e-01 0.000000000000000e+00 
-3.436667259127136e-01 -1.377454010572389e-01 0.000000000000000e+00 
-2.613697301759244e-01 5.566622747234742e-02 0.000000000000000e+00 
-2.275978686362538e-01 5.033134035492998e-02 0.000000000000000e+00 
-2.398637166138448e-01 8.224603795436786e-02 0.000000000000000e+00 
-2.153321142007078e-01 1.841666165627743e-02 0.000000000000000e+00 
-2.491039436219700e-01 2.375153465445030e-02 0.000000000000000e+00 
3.333651302847594e-02 -5.084211254829792e-02 0.000000000000000e+00 
2.107069174813110e-02 -1.892744933093222e-02 0.000000000000000e+00 
5.484255051862210e-02 -2.426231137977622e-02 0.000000000000000e+00 
6.710831546403660e-02 -5.617700873002346e-02 0.000000000000000e+00 
7.634857142240484e-02 2.317503382898552e-03 0.000000000000000e+00 
4.257674200114238e-02 7.652376381069894e-03 0.000000000000000e+00 
4.560233369134200e-02 -8.275679712113768e-02 0.000000000000000e+00 
1.183042066336860e-02 -7.742197375310816e-02 0.000000000000000e+00 
-2.798165235871688e-01 -6.132006306025304e-02 0.000000000000000e+00 
-3.135030121887496e-01 -5.599817209534134e-02 0.000000000000000e+00 
-2.920878361204328e-01 -2.941164355691666e-02 0.000000000000000e+00 
-2.583443142291482e-01 -3.474293695773356e-02 0.000000000000000e+00 
-2.460784355384836e-01 -6.665768847789912e-02 0.000000000000000e+00 
-3.466958749965810e-01 -5.070056551190644e-02 0.000000000000000e+00 
-9.251057568390784e-02 2.899186837375774e-02 0.000000000000000e+00 
-8.024476236251377e-02 -2.922825589654094e-03 0.000000000000000e+00 
-4.647296709439350e-02 -8.257703334588277e-03 0.000000000000000e+00 
-1.140166005989020e-01 2.412056995725696e-03 0.000000000000000e+00 
-1.017508585269688e-01 -2.950263186952244e-02 0.000000000000000e+00 
1.070948915815396e-01 8.739184605579801e-02 0.000000000000000e+00 
5.779404496390768e-03 1.033964725115911e-01 0.000000000000000e+00 
3.955123391765848e-02 9.806159951341954e-02 0.000000000000000e+00 
7.332310166944050e-02 9.272696916195568e-02 0.000000000000000e+00 
2.728545474940214e-02 1.299762982235934e-01 0.000000000000000e+00 
6.105728417069944e-02 1.246414252254097e-01 0.000000000000000e+00 
2.590149578579836e-03 -1.359164981752850e-01 0.000000000000000e+00 
2.409620833631456e-02 -1.093366785012320e-01 0.000000000000000e+00 
-9.675629589641604e-03 -1.040017994651094e-01 0.000000000000000e+00 
5.786803013557560e-02 -1.146715036326148e-01 0.000000000000000e+00 
7.013380506926414e-02 -1.465862199635867e-01 0.000000000000000e+00 
1.485590025330802e-02 -1.678311347116591e-01 0.000000000000000e+00 
3.636195324849046e-02 -1.412513258806253e-01 0.000000000000000e+00 
1.438922439175662e-01 -8.352246017477957e-03 0.000000000000000e+00 
1.316264452243494e-01 2.356246084811264e-02 0.000000000000000e+00 
1.193607031779036e-01 5.547714816985112e-02 0.000000000000000e+00 
1.531325483234457e-01 5.014228855584768e-02 0.000000000000000e+00 
1.408667756992694e-01 8.205698210156027e-02 0.000000000000000e+00 
1.653982805182048e-01 1.822758309871808e-02 0.000000000000000e+00 
1.869043620851024e-01 4.480741891500722e-02 0.000000000000000e+00 
1.131459089271581e-01 -9.342659274762256e-02 0.000000000000000e+00 
7.937408681041036e-02 -8.809169035966746e-02 0.000000000000000e+00 
9.163981820618808e-02 -1.200063424233218e-01 0.000000000000000e+00 
-2.185213691184862e-01 -2.208963090305962e-01 0.000000000000000e+00 
-2.092811448681844e-01 -1.624017507570436e-01 0.000000000000000e+00 
-2.307871937739916e-01 -1.889815819129221e-01 0.000000000000000e+00 
-1.970153188654749e-01 -1.943164833185935e-01 0.000000000000000e+00 
-1.847495619987861e-01 -2.262311556036498e-01 0.000000000000000e+00 
2.482098004861466e-01 -1.147474882409743e-01 0.000000000000000e+00 
2.697174356188760e-01 -8.816904450080180e-02 0.000000000000000e+00 
2.359634337008966e-01 -8.284842165385611e-02 0.000000000000000e+00 
2.574734976973678e-01 -5.627156031779868e-02 0.000000000000000e+00 
2.267170301851246e-01 -1.413379400967047e-01 0.000000000000000e+00 
2.144613971914454e-01 -1.094312117418873e-01 0.000000000000000e+00 
-2.430530263362012e-01 -1.570668495702168e-01 0.000000000000000e+00 
-2.518241641302086e-01 -2.153597395755494e-01 0.000000000000000e+00 
-2.768247568762592e-01 -1.517320386120698e-01 0.000000000000000e+00 
-2.983125329320450e-01 -1.781951725241707e-01 0.000000000000000e+00 
-2.645590364311602e-01 -1.836467077012028e-01 0.000000000000000e+00 
1.161714170112784e-01 -1.838358158799042e-01 0.000000000000000e+00 
1.284371961795888e-01 -2.157505145900560e-01 0.000000000000000e+00 
1.039056005785608e-01 -1.519210254889451e-01 0.000000000000000e+00 
8.239959248013207e-02 -1.785007902417988e-01 0.000000000000000e+00 
9.466544503068403e-02 -2.104155384514354e-01 0.000000000000000e+00 
9.869709268283128e-02 -3.021198214119380e-01 0.000000000000000e+00 
1.314627042632410e-01 -3.061597377224002e-01 0.000000000000000e+00 
1.191971031982399e-01 -2.742449728380304e-01 0.000000000000000e+00 
1.652345369027227e-01 -3.114946094836936e-01 0.000000000000000e+00 
1.529689325857641e-01 -2.795799172012932e-01 0.000000000000000e+00 
1.591835175172097e-01 -1.306761644558215e-01 0.000000000000000e+00 
1.376774472532432e-01 -1.572559764811393e-01 0.000000000000000e+00 
1.714492904392593e-01 -1.625908859879329e-01 0.000000000000000e+00 
1.929553469384828e-01 -1.360110374539303e-01 0.000000000000000e+00 
1.254116598738128e-01 -1.253412617677756e-01 0.000000000000000e+00 
1.837150703860906e-01 -1.945055910271920e-01 0.000000000000000e+00 
2.052211261067904e-01 -1.679257361640826e-01 0.000000000000000e+00 
1.499432464325538e-01 -1.891706888780146e-01 0.000000000000000e+00 
-1.906368511109049e-01 2.843093925596772e-01 0.000000000000000e+00 
-1.783710298616542e-01 2.523947593449780e-01 0.000000000000000e+00 
-1.568649796086386e-01 2.789745850569790e-01 0.000000000000000e+00 
-1.693797136479692e-01 3.093136075493874e-01 0.000000000000000e+00 
-2.010968265759594e-01 3.153548337488800e-01 0.000000000000000e+00 
-1.445992004403925e-01 2.470598863468038e-01 0.000000000000000e+00 
-1.230931501873772e-01 2.736397120588018e-01 0.000000000000000e+00 
1.806895677701727e-01 -1.040963387437795e-01 0.000000000000000e+00 
2.021956180231344e-01 -7.751651303173628e-02 0.000000000000000e+00 
1.899298053969671e-01 -4.560186680393934e-02 0.000000000000000e+00 
2.237016682760956e-01 -5.093668731969372e-02 0.000000000000000e+00 
1.684237719573709e-01 -7.218165956634837e-02 0.000000000000000e+00 
1.469177269305156e-01 -9.876147277221096e-02 0.000000000000000e+00 
-1.630797426099183e-01 1.300708375024553e-01 0.000000000000000e+00 
-1.415736923569051e-01 1.566506632144571e-01 0.000000000000000e+00 
-1.293079131886572e-01 1.247359645042818e-01 0.000000000000000e+00 
-1.508139634416691e-01 9.815613879228086e-02 0.000000000000000e+00 
3.280411054346812e-01 1.726046882296118e-01 0.000000000000000e+00 
2.817329564156616e-01 2.075855339008856e-01 0.000000000000000e+00 
2.944256796867220e-01 1.777029290142479e-01 0.000000000000000e+00 
3.148959815654242e-01 2.019759423329296e-01 0.000000000000000e+00 
3.066579139845852e-01 1.457747258048462e-01 0.000000000000000e+00 
-1.509777291127244e-01 -2.315660225744370e-01 0.000000000000000e+00 
-1.172042106733226e-01 -2.368937090372358e-01 0.000000000000000e+00 
-1.294716600229503e-01 -2.049862293149326e-01 0.000000000000000e+00 
-9.569980699485157e-02 -2.103210582238518e-01 0.000000000000000e+00 
-1.632435378728105e-01 -1.996513132791917e-01 0.000000000000000e+00 
-1.016005422719489e-01 3.001354668414056e-01 0.000000000000000e+00 
-1.354006321359666e-01 3.052916876318000e-01 0.000000000000000e+00 
-1.138528791026811e-01 3.321342364809236e-01 0.000000000000000e+00 
-8.011299737758522e-02 3.265983381204340e-01 0.000000000000000e+00 
-1.266309584147753e-01 3.567467418948526e-01 0.000000000000000e+00 
-2.885723241943868e-01 3.187883525304048e-01 0.000000000000000e+00 
-2.623323127845266e-01 3.407077305684760e-01 0.000000000000000e+00 
-2.322192374933484e-01 3.278674807471572e-01 0.000000000000000e+00 
-3.237292569216566e-01 3.309744293149972e-01 0.000000000000000e+00 
-2.970728785167278e-01 3.559000813417094e-01 0.000000000000000e+00 
9.330088748571774e-02 -4.197558152001916e-01 0.000000000000000e+00 
6.697526073444587e-02 -3.898784097546284e-01 0.000000000000000e+00 
5.965627875530060e-02 -4.258416705831756e-01 0.000000000000000e+00 
1.181871519648516e-01 -4.470005099340526e-01 0.000000000000000e+00 
8.220169698315742e-02 -4.558071269564538e-01 0.000000000000000e+00 
4.593854826469322e-02 -4.612934419791890e-01 0.000000000000000e+00 
-2.062555960728296e-01 -2.528109869012396e-01 0.000000000000000e+00 
-1.939898107819862e-01 -2.847257064509436e-01 0.000000000000000e+00 
-1.724837605289732e-01 -2.581458807389412e-01 0.000000000000000e+00 
-2.072287220075634e-01 -3.411338149012678e-01 0.000000000000000e+00 
-1.827812840180472e-01 -3.158458997923416e-01 0.000000000000000e+00 
-2.156541645110994e-01 -3.098909641305476e-01 0.000000000000000e+00 
-2.265335334483730e-01 -2.789187656318976e-01 0.000000000000000e+00 
-3.112940337866614e-01 1.827204055702704e-01 0.000000000000000e+00 
-3.325776015162326e-01 1.562676953646811e-01 0.000000000000000e+00 
-3.332921178868296e-01 2.083408129571070e-01 0.000000000000000e+00 
-3.534368487502456e-01 1.833777099760739e-01 0.000000000000000e+00 
-3.701243920332590e-01 1.554143201288491e-01 0.000000000000000e+00 
-3.523851127067484e-01 1.282068648950270e-01 0.000000000000000e+00 
3.986809209478946e-01 1.606332343158318e-02 0.000000000000000e+00 
4.300000000000000e-01 0.000000000000000e+00 0.000000000000000e+00 
4.286407007763192e-01 3.416357179783724e-02 0.000000000000000e+00 
4.054104412375476e-01 -1.561664081860253e-02 0.000000000000000e+00 
4.286407007763192e-01 -3.416357179783778e-02 0.000000000000000e+00 
1.561579996682519e-01 -4.026698786701362e-02 0.000000000000000e+00 
1.346519459261694e-01 -6.684678438975145e-02 0.000000000000000e+00 
1.223861800122773e-01 -3.493206832537112e-02 0.000000000000000e+00 
1.101203904155248e-01 -3.017333418618616e-03 0.000000000000000e+00 
8.861437305743912e-02 -2.959718112888422e-02 0.000000000000000e+00 
1.008801349705287e-01 -6.151188720740990e-02 0.000000000000000e+00 
-1.815602847794456e-01 1.308178865810428e-02 0.000000000000000e+00 
-1.600542311775495e-01 3.966160612903810e-02 0.000000000000000e+00 
-1.385481842734200e-01 6.624144008210624e-02 0.000000000000000e+00 
-1.262824088348767e-01 3.432671776125646e-02 0.000000000000000e+00 
-1.047763548521574e-01 6.090656708393230e-02 0.000000000000000e+00 
-1.723200136946821e-01 7.157631308027985e-02 0.000000000000000e+00 
-1.938260639476950e-01 4.499648736827860e-02 0.000000000000000e+00 
-3.217669304543796e-01 2.377101870340022e-01 0.000000000000000e+00 
-3.354246425196422e-01 2.690544725340396e-01 0.000000000000000e+00 
-2.945157637954072e-01 2.502810380161514e-01 0.000000000000000e+00 
-3.129878884588834e-01 2.948534918871568e-01 0.000000000000000e+00 
-3.101063826489018e-01 2.685413678684232e-01 0.000000000000000e+00 
-2.050530256142560e-01 -3.779593320536474e-01 0.000000000000000e+00 
-2.344337520299452e-01 -3.604730446360200e-01 0.000000000000000e+00 
-2.345742328828840e-01 -3.315833130998870e-01 0.000000000000000e+00 
-2.623323127845240e-01 -3.407077305684782e-01 0.000000000000000e+00 
-2.680659284561868e-01 -3.774723336197748e-01 0.000000000000000e+00 
-2.972711307246094e-01 -3.556775761506350e-01 0.000000000000000e+00 
-2.371864490643194e-01 -3.982542878628652e-01 0.000000000000000e+00 
-2.496691684138192e-02 1.832212237741342e-02 0.000000000000000e+00 
-1.270113767313116e-02 -1.359257633276035e-02 0.000000000000000e+00 
8.804912579880466e-03 1.298724937924165e-02 0.000000000000000e+00 
-3.460788867304226e-03 4.490193280246244e-02 0.000000000000000e+00 
2.511166517051128e-01 -2.050590568389700e-01 0.000000000000000e+00 
2.174565036668018e-01 -1.998156312433813e-01 0.000000000000000e+00 
2.297527266242048e-01 -2.317551401228588e-01 0.000000000000000e+00 
2.629023723607552e-01 -2.365787173691456e-01 0.000000000000000e+00 
3.438125665988012e-01 5.006479613151646e-02 0.000000000000000e+00 
3.097783698887820e-01 5.538557915208808e-02 0.000000000000000e+00 
3.311000555704270e-01 8.189176710566412e-02 0.000000000000000e+00 
3.187489495548612e-01 1.137895790721425e-01 0.000000000000000e+00 
2.974469342977218e-01 8.728625212132939e-02 0.000000000000000e+00 
3.525919717786564e-01 1.098719129846950e-01 0.000000000000000e+00 
-2.368381644537204e-01 -8.163164055724096e-03 0.000000000000000e+00 
-2.245723852854694e-01 -4.007786276589750e-02 0.000000000000000e+00 
-2.030663350324578e-01 -1.349803705389658e-02 0.000000000000000e+00 
-1.908005558642076e-01 -4.541273576407030e-02 0.000000000000000e+00 
1.407029753478966e-01 -2.476652133002080e-01 0.000000000000000e+00 
1.622090256008600e-01 -2.210853875881674e-01 0.000000000000000e+00 
1.744749280105583e-01 -2.530000800235466e-01 0.000000000000000e+00 
1.959808907774875e-01 -2.264202607327230e-01 0.000000000000000e+00 
1.867405839374761e-01 -2.849147850084706e-01 0.000000000000000e+00 
2.082467150493016e-01 -2.583349423191964e-01 0.000000000000000e+00 
4.879150500241108e-02 1.565561239355976e-01 0.000000000000000e+00 
3.652572583415546e-02 1.884708226457702e-01 0.000000000000000e+00 
2.425994666589536e-02 2.203855213559390e-01 0.000000000000000e+00 
1.040694247294837e-01 1.778010330416152e-01 0.000000000000000e+00 
9.180350731835150e-02 2.097158548063512e-01 0.000000000000000e+00 
7.029755525540388e-02 1.831359496476019e-01 0.000000000000000e+00 
8.256333442368465e-02 1.512212509374379e-01 0.000000000000000e+00 
5.803179458677004e-02 2.150505907635306e-01 0.000000000000000e+00 
-1.692945056111958e-01 -1.883291005206984e-02 0.000000000000000e+00 
-1.570287640260253e-01 -5.074756989992606e-02 0.000000000000000e+00 
-1.355226761899338e-01 -2.416778305024298e-02 0.000000000000000e+00 
-1.477884553581835e-01 7.746915659931100e-03 0.000000000000000e+00 
-1.447629826116166e-01 -8.266227468113854e-02 0.000000000000000e+00 
-1.232569163605091e-01 -5.608245488385380e-02 0.000000000000000e+00 
-2.941993332986024e-01 2.139455008263990e-01 0.000000000000000e+00 
-2.768046609521948e-01 1.778892809717836e-01 0.000000000000000e+00 
-2.429172070248958e-01 1.726355066897083e-01 0.000000000000000e+00 
-2.644192538125862e-01 1.460585487470923e-01 0.000000000000000e+00 
-2.560624127308864e-01 2.052231735703358e-01 0.000000000000000e+00 
-2.981670602949640e-01 1.514103294951482e-01 0.000000000000000e+00 
-4.353490360185698e-04 -4.550725650719306e-02 0.000000000000000e+00 
-2.194141543734254e-02 -7.208702376616873e-02 0.000000000000000e+00 
-3.420718792614294e-02 -4.017240204476216e-02 0.000000000000000e+00 
-6.797900784510449e-02 -3.483747039259292e-02 0.000000000000000e+00 
-5.571324579734840e-02 -6.675218883288660e-02 0.000000000000000e+00 
1.501967558114809e-02 1.618909969337667e-01 0.000000000000000e+00 
-1.875215384011403e-02 1.672258699319369e-01 0.000000000000000e+00 
-4.025820409312252e-02 1.406460442199362e-01 0.000000000000000e+00 
-6.486374671860312e-03 1.353111712217648e-01 0.000000000000000e+00 
-2.799242492487152e-02 1.087313455097625e-01 0.000000000000000e+00 
-1.109911438406814e-01 -8.799714954602378e-02 0.000000000000000e+00 
-7.721932628247750e-02 -9.333196072741640e-02 0.000000000000000e+00 
-8.948506760042602e-02 -6.141735475858258e-02 0.000000000000000e+00 
-9.872537289298126e-02 -1.199117676787023e-01 0.000000000000000e+00 
-8.645962950832135e-02 -1.518264567289080e-01 0.000000000000000e+00 
-1.324971681064442e-01 -1.145770061825887e-01 0.000000000000000e+00 
-7.403003351438323e-02 1.459809172181093e-01 0.000000000000000e+00 
-8.629581268263171e-02 1.778956159282835e-01 0.000000000000000e+00 
-1.078018629356429e-01 1.513157902162824e-01 0.000000000000000e+00 
-5.252392291355632e-02 1.725604575036057e-01 0.000000000000000e+00 
-6.478990097108650e-02 2.044755284702204e-01 0.000000000000000e+00 
-1.200676421038981e-01 1.832304889264552e-01 0.000000000000000e+00 
-9.856156107095682e-02 2.098101884996100e-01 0.000000000000000e+00 
2.452077185290528e-01 -2.435686160765000e-02 0.000000000000000e+00 
2.667137687820150e-01 2.222964104390316e-03 0.000000000000000e+00 
2.329419393607446e-01 7.557837102500120e-03 0.000000000000000e+00 
2.912453271186408e-01 -6.160643331590062e-02 0.000000000000000e+00 
2.789795479503206e-01 -2.969173460575440e-02 0.000000000000000e+00 
4.576599691890134e-02 2.469653470679452e-01 0.000000000000000e+00 
6.727203827708562e-02 2.735451132890104e-01 0.000000000000000e+00 
3.350020376448856e-02 2.788799753790840e-01 0.000000000000000e+00 
1.199412025425431e-02 2.523000569793308e-01 0.000000000000000e+00 
5.500624636614138e-02 3.054598163185708e-01 0.000000000000000e+00 
8.877809742488511e-02 3.001249984919636e-01 0.000000000000000e+00 
7.651228819572845e-02 3.320396648265704e-01 0.000000000000000e+00 
1.163352200081169e-01 1.458863548622051e-01 0.000000000000000e+00 
1.501069932662288e-01 1.405515049411939e-01 0.000000000000000e+00 
9.482917519160045e-02 1.193065408525744e-01 0.000000000000000e+00 
1.286009430132444e-01 1.139716792291459e-01 0.000000000000000e+00 
-1.079656169385958e-01 -1.784063681900480e-01 0.000000000000000e+00 
-1.202314957520231e-01 -1.464916266904593e-01 0.000000000000000e+00 
-1.417374391912057e-01 -1.730715306047610e-01 0.000000000000000e+00 
-7.419385023112025e-02 -1.837411404214958e-01 0.000000000000000e+00 
-1.755093545418182e-01 -1.677366169290914e-01 0.000000000000000e+00 
-1.540033001566305e-01 -1.411569812651630e-01 0.000000000000000e+00 
6.424653908836885e-02 3.639543959123012e-01 0.000000000000000e+00 
4.268462746116704e-02 3.370212831098730e-01 0.000000000000000e+00 
2.122502976389396e-02 3.107356124578842e-01 0.000000000000000e+00 
8.834993035313602e-03 3.418637266325598e-01 0.000000000000000e+00 
3.014001907446744e-02 3.671705747895236e-01 0.000000000000000e+00 
-6.423755000244824e-03 3.723952744010178e-01 0.000000000000000e+00 
2.391418704258006e-01 1.564040875707713e-01 0.000000000000000e+00 
2.729152510441620e-01 1.511214108350129e-01 0.000000000000000e+00 
2.176506521087726e-01 1.298817589450019e-01 0.000000000000000e+00 
2.514224815299528e-01 1.245468859468635e-01 0.000000000000000e+00 
2.636798073763848e-01 9.262773998746777e-02 0.000000000000000e+00 
2.851560536601554e-01 1.191958196643893e-01 0.000000000000000e+00 
-1.891590067449536e-02 -1.624963238871903e-01 0.000000000000000e+00 
-3.118167984264300e-02 -1.305816251771058e-01 0.000000000000000e+00 
-5.268769651294640e-02 -1.571613241407077e-01 0.000000000000000e+00 
-4.042195092549788e-02 -1.890761495982889e-01 0.000000000000000e+00 
6.408693371449942e-02 -2.957056734554652e-01 0.000000000000000e+00 
5.167199705907624e-02 -2.635993784757844e-01 0.000000000000000e+00 
3.019881054661966e-02 -2.902235866883020e-01 0.000000000000000e+00 
-3.614880347112318e-03 -2.848311542111742e-01 0.000000000000000e+00 
8.641165746459584e-03 -3.167349444401104e-01 0.000000000000000e+00 
4.255407494790562e-02 -3.222653578623310e-01 0.000000000000000e+00 
-6.176426341478334e-02 1.140662150225784e-01 0.000000000000000e+00 
-8.327030459914359e-02 8.748639279593293e-02 0.000000000000000e+00 
-9.553608376739270e-02 1.194010915061078e-01 0.000000000000000e+00 
-1.170421340204063e-01 9.282126579410679e-02 0.000000000000000e+00 
1.993968496057197e-01 -3.182455997132298e-01 0.000000000000000e+00 
1.893043530225877e-01 -3.520366316279054e-01 0.000000000000000e+00 
1.898645642328426e-01 -3.858127100662610e-01 0.000000000000000e+00 
2.199172560144722e-01 -3.695083226492538e-01 0.000000000000000e+00 
1.640578409720864e-01 -3.717172338399994e-01 0.000000000000000e+00 
1.735727184776741e-01 -3.343825783152470e-01 0.000000000000000e+00 
2.194528248922046e-01 -3.413955468457710e-01 0.000000000000000e+00 
2.483971487768734e-01 2.149562650033906e-01 0.000000000000000e+00 
2.605866213550736e-01 1.827009294127058e-01 0.000000000000000e+00 
2.268909231933982e-01 1.883762833671766e-01 0.000000000000000e+00 
1.931191432403721e-01 1.937111479414516e-01 0.000000000000000e+00 
2.146251440250856e-01 2.202909820773266e-01 0.000000000000000e+00 
1.808533676827627e-01 2.256258290662620e-01 0.000000000000000e+00 
-2.521294761023390e-01 1.141607799236920e-01 0.000000000000000e+00 
-2.859012811267160e-01 1.194956307849733e-01 0.000000000000000e+00 
-3.196731105479780e-01 1.248305037831473e-01 0.000000000000000e+00 
-3.394742720461950e-01 9.851162783859238e-02 0.000000000000000e+00 
-3.074073533694074e-01 9.291580642265246e-02 0.000000000000000e+00 
-2.736355019584670e-01 8.758093207479886e-02 0.000000000000000e+00 
2.544479896137008e-01 3.413766281453734e-02 0.000000000000000e+00 
2.421819869010012e-01 6.605131811665493e-02 0.000000000000000e+00 
2.882285158093766e-01 2.880333946148870e-02 0.000000000000000e+00 
2.759606790353224e-01 6.071560070529008e-02 0.000000000000000e+00 
3.219916484562210e-01 2.346791681834232e-02 0.000000000000000e+00 
3.004855380138604e-01 -3.111960352682204e-03 0.000000000000000e+00 
-4.966170161378114e-02 -2.475701184847668e-01 0.000000000000000e+00 
-8.343395180634001e-02 -2.422355964429366e-01 0.000000000000000e+00 
-7.116824823463667e-02 -2.741505081765714e-01 0.000000000000000e+00 
-6.192800108656940e-02 -2.156559753442580e-01 0.000000000000000e+00 
2.114358719618608e-01 -1.902201782096935e-02 0.000000000000000e+00 
1.776640713855102e-01 -1.368715114355750e-02 0.000000000000000e+00 
1.991701369329876e-01 1.289270444717905e-02 0.000000000000000e+00 
2.206761779212414e-01 3.947254615744632e-02 0.000000000000000e+00 
-1.572664575662093e-02 7.681664679958922e-02 0.000000000000000e+00 
-7.100452543089462e-02 5.557169408575876e-02 0.000000000000000e+00 
-5.873871742162874e-02 2.365699396918342e-02 0.000000000000000e+00 
-4.949847517788132e-02 8.215151979775961e-02 0.000000000000000e+00 
-3.723269600963174e-02 5.023682108758686e-02 0.000000000000000e+00 
6.089357143186156e-02 -2.050805820123258e-01 0.000000000000000e+00 
4.862772248941518e-02 -1.731659221933909e-01 0.000000000000000e+00 
2.712171082967330e-02 -1.997457595149253e-01 0.000000000000000e+00 
7.315935299058859e-02 -2.369954113301044e-01 0.000000000000000e+00 
3.938750703947970e-02 -2.316605367441486e-01 0.000000000000000e+00 
1.069311459266218e-01 -2.423303403020964e-01 0.000000000000000e+00 
8.542514267347670e-02 -2.689101304954630e-01 0.000000000000000e+00 
1.255751660300369e-01 2.043809267340114e-01 0.000000000000000e+00 
1.470815206892399e-01 2.309606129406304e-01 0.000000000000000e+00 
1.562934500543202e-01 2.894818891967562e-01 0.000000000000000e+00 
1.685633940665715e-01 2.575633651115386e-01 0.000000000000000e+00 
1.348069732993400e-01 2.628835051173146e-01 0.000000000000000e+00 
2.604618373565992e-01 -1.466510161404783e-01 0.000000000000000e+00 
2.389521537716348e-01 -1.732276329652523e-01 0.000000000000000e+00 
2.727093617472506e-01 -1.785508714592519e-01 0.000000000000000e+00 
3.282264633017460e-01 -1.579291901158837e-01 0.000000000000000e+00 
2.941509599006444e-01 -1.519190583746380e-01 0.000000000000000e+00 
2.819022769910084e-01 -1.200181602812466e-01 0.000000000000000e+00 
1.010438702732392e-01 2.682102548596336e-01 0.000000000000000e+00 
1.133082009241792e-01 2.362967771895868e-01 0.000000000000000e+00 
1.225498314695134e-01 2.947900384751598e-01 0.000000000000000e+00 
7.953782634016500e-02 2.416304740697800e-01 0.000000000000000e+00 
2.084103810241340e-01 7.138723452280124e-02 0.000000000000000e+00 
2.299151603726820e-01 9.796626709632705e-02 0.000000000000000e+00 
1.961447756525176e-01 1.033019182584103e-01 0.000000000000000e+00 
1.623727724345490e-01 1.086368062310490e-01 0.000000000000000e+00 
1.746386503586579e-01 7.672212708289626e-02 0.000000000000000e+00 
-2.177766192362738e-02 2.576350930642710e-01 0.000000000000000e+00 
-3.404344109188530e-02 2.895497917744412e-01 0.000000000000000e+00 
-6.782068883430428e-02 2.948511169983086e-01 0.000000000000000e+00 
-5.554937735443594e-02 2.629699496182734e-01 0.000000000000000e+00 
-2.716298860603066e-04 2.842148419075760e-01 0.000000000000000e+00 
-1.253741499738709e-02 3.161295598561152e-01 0.000000000000000e+00 
-4.630922026014906e-02 3.214644904846084e-01 0.000000000000000e+00 
2.053826004845650e-01 1.617869594203010e-01 0.000000000000000e+00 
1.838788226875062e-01 1.352166319431026e-01 0.000000000000000e+00 
1.716130435191685e-01 1.671313306532426e-01 0.000000000000000e+00 
1.593473009058178e-01 1.990460137574860e-01 0.000000000000000e+00 
1.378412140979096e-01 1.724662036513407e-01 0.000000000000000e+00 
-2.123066643914400e-01 -7.199242764223422e-02 0.000000000000000e+00 
-2.338108550835810e-01 -9.857159012786355e-02 0.000000000000000e+00 
-2.000408269489694e-01 -1.039072601862445e-01 0.000000000000000e+00 
-2.215469670770200e-01 -1.304869448728944e-01 0.000000000000000e+00 
-1.785348279391356e-01 -7.732738752888406e-02 0.000000000000000e+00 
-4.661356020797422e-02 -3.379221993472476e-01 0.000000000000000e+00 
-2.512804622466618e-02 -3.114009694049758e-01 0.000000000000000e+00 
-5.888770475114026e-02 -3.060491472296550e-01 0.000000000000000e+00 
-6.780580959868041e-02 -3.643076571502858e-01 0.000000000000000e+00 
-3.413107576827864e-02 -3.687632804607470e-01 0.000000000000000e+00 
-1.266113351585239e-02 -3.422049987101160e-01 0.000000000000000e+00 
-3.739350237329466e-02 -2.794827936808806e-01 0.000000000000000e+00 
-1.343547068413999e-01 -3.482115398600590e-01 0.000000000000000e+00 
-1.481063933546555e-01 -3.207871156942406e-01 0.000000000000000e+00 
-1.012535249699781e-01 -3.585518577662180e-01 0.000000000000000e+00 
-8.812368836507216e-02 -3.908511330160168e-01 0.000000000000000e+00 
-1.195375663600425e-01 -3.841471642901490e-01 0.000000000000000e+00 
-7.653909514134757e-02 4.231332732307206e-01 0.000000000000000e+00 
-7.033072989698010e-02 3.851177462440442e-01 0.000000000000000e+00 
-9.487459447569963e-02 3.947228008715464e-01 0.000000000000000e+00 
-9.474912706407088e-02 3.613889228410806e-01 0.000000000000000e+00 
-1.175548345881212e-01 3.823884823301210e-01 0.000000000000000e+00 
-4.267913353046736e-02 4.278767247246438e-01 0.000000000000000e+00 
-1.099151519494051e-01 4.157146369469558e-01 0.000000000000000e+00 
5.467877433604110e-02 -3.539845161483708e-01 0.000000000000000e+00 
3.237540628011928e-02 -3.777874671535398e-01 0.000000000000000e+00 
2.109363886927958e-02 -3.476980830433818e-01 0.000000000000000e+00 
-4.035561518286558e-04 -3.724444701206810e-01 0.000000000000000e+00 
3.367549606879376e-01 -9.842913643744040e-02 0.000000000000000e+00 
3.475894953909868e-01 -1.298047937370684e-01 0.000000000000000e+00 
3.151609185031326e-01 -1.249378311523780e-01 0.000000000000000e+00 
3.250171565399154e-01 -6.694130631399862e-02 0.000000000000000e+00 
3.035111062869626e-01 -9.352113202604696e-02 0.000000000000000e+00 
5.965627875529852e-02 4.258416705831760e-01 0.000000000000000e+00 
7.197076391820184e-02 3.953948365535400e-01 0.000000000000000e+00 
9.330088748571598e-02 4.197558152001920e-01 0.000000000000000e+00 
3.970649317639186e-02 3.980747228265152e-01 0.000000000000000e+00 
4.589108190120302e-02 4.600778927233986e-01 0.000000000000000e+00 
-2.542875378513010e-01 -2.717864304620940e-01 0.000000000000000e+00 
-2.520131918271376e-01 -3.049737089319400e-01 0.000000000000000e+00 
-2.733129652122424e-01 -2.450398085029090e-01 0.000000000000000e+00 
-2.389748657903866e-01 -2.470715347616682e-01 0.000000000000000e+00 
-2.806035590042184e-01 -2.829286813473768e-01 0.000000000000000e+00 
-2.885723241943842e-01 -3.187883525304074e-01 0.000000000000000e+00 
-4.007391148399406e-01 3.193674817354560e-02 0.000000000000000e+00 
-4.269435916918488e-01 5.117782247481700e-02 0.000000000000000e+00 
-4.269435916918484e-01 -5.117782247482106e-02 0.000000000000000e+00 
-3.987339527209396e-01 -3.208508056838116e-02 0.000000000000000e+00 
-3.994123395334008e-01 -2.032467100470670e-04 0.000000000000000e+00 
-4.296600408077396e-01 -1.709530149168012e-02 0.000000000000000e+00 
-4.296600408077398e-01 1.709530149167622e-02 0.000000000000000e+00 
-4.215278677259932e-01 -8.493678078652156e-02 0.000000000000000e+00 
-3.961098279327076e-01 -6.450409614189014e-02 0.000000000000000e+00 
-3.894972119010936e-01 -9.630384851992110e-02 0.000000000000000e+00 
-3.558492842208586e-01 -1.057529774392811e-01 0.000000000000000e+00 
-3.343098064116122e-01 -8.231514301092326e-02 0.000000000000000e+00 
-3.662708245495806e-01 -7.440658832725235e-02 0.000000000000000e+00 
-3.751620625276528e-01 -4.686293877705804e-02 0.000000000000000e+00 
-4.267913353046480e-02 -4.278767247246440e-01 0.000000000000000e+00 
-2.166634591500406e-02 -3.995894945835332e-01 0.000000000000000e+00 
-5.565466737841500e-02 -3.963637485306586e-01 0.000000000000000e+00 
-7.653909514134506e-02 -4.231332732307212e-01 0.000000000000000e+00 
-6.414589397242890e-02 -4.578896843753348e-01 0.000000000000000e+00 
3.619556802125414e-01 1.693351059673389e-01 0.000000000000000e+00 
3.750520534811518e-01 1.391494220454778e-01 0.000000000000000e+00 
3.964453175331288e-01 1.665266050997759e-01 0.000000000000000e+00 
4.084226566429464e-01 1.345025410195579e-01 0.000000000000000e+00 
3.407086072133372e-01 1.417349789180786e-01 0.000000000000000e+00 
-4.134471088607902e-01 -1.181587414229429e-01 0.000000000000000e+00 
-4.402007509306912e-01 -1.449310754534031e-01 0.000000000000000e+00 
-4.683167491343636e-01 -1.751554237819128e-01 0.000000000000000e+00 
-4.807524521637100e-01 -1.373938853755137e-01 0.000000000000000e+00 
-4.492619703754382e-01 -1.092764418584571e-01 0.000000000000000e+00 
-5.110752188450028e-01 -1.676711402525712e-01 0.000000000000000e+00 
3.713580749029696e-01 -1.647081806206424e-02 0.000000000000000e+00 
3.465231994544926e-01 -4.036147466438688e-02 0.000000000000000e+00 
3.575989287044030e-01 1.862803436423640e-02 0.000000000000000e+00 
3.342573888566462e-01 -8.446803439331518e-03 0.000000000000000e+00 
3.127513773715934e-01 -3.502660760385240e-02 0.000000000000000e+00 
2.400766355264470e-01 -3.163325174709480e-01 0.000000000000000e+00 
2.485795600966852e-01 -3.508677846456390e-01 0.000000000000000e+00 
2.756702641646550e-01 -3.300089475383800e-01 0.000000000000000e+00 
2.709553345337958e-01 -2.963962127249250e-01 0.000000000000000e+00 
3.010180920648534e-01 -3.070636876116020e-01 0.000000000000000e+00 
2.820875766768978e-01 -3.667516862234508e-01 0.000000000000000e+00 
-1.099151519494027e-01 -4.157146369469564e-01 0.000000000000000e+00 
-1.278083162202361e-01 -4.833891127290190e-01 0.000000000000000e+00 
-1.005453834197536e-01 -4.523484236785650e-01 0.000000000000000e+00 
-1.358648953963349e-01 -4.419484008001486e-01 0.000000000000000e+00 
-1.658096392760328e-01 -4.717066498610676e-01 0.000000000000000e+00 
-2.344337520299482e-01 3.604730446360182e-01 0.000000000000000e+00 
-2.050530256142586e-01 3.779593320536460e-01 0.000000000000000e+00 
-2.672165900150150e-01 3.780740650562842e-01 0.000000000000000e+00 
-2.369351827648568e-01 3.985039648168260e-01 0.000000000000000e+00 
-2.725973860813350e-01 4.191547030651376e-01 0.000000000000000e+00 
-3.050375730052632e-01 3.961717797307864e-01 0.000000000000000e+00 
-3.111042254925852e-01 4.394686238958586e-01 0.000000000000000e+00 
3.954289524791732e-02 -4.053221524436506e-01 0.000000000000000e+00 
1.119033527742360e-02 -4.027832987428736e-01 0.000000000000000e+00 
2.563450382302370e-02 -4.292352178162312e-01 0.000000000000000e+00 
-8.549340695978753e-03 -4.299150018011282e-01 0.000000000000000e+00 
8.963481447232099e-03 -4.626011848920562e-01 0.000000000000000e+00 
-3.197268367132202e-01 -2.041924955312838e-01 0.000000000000000e+00 
-3.463579411719192e-01 -2.170098759086358e-01 0.000000000000000e+00 
-3.262518602720854e-01 -2.378266141263116e-01 0.000000000000000e+00 
-3.042826027913012e-01 -2.604143581972110e-01 0.000000000000000e+00 
-2.843027165044376e-01 -2.094214122724564e-01 0.000000000000000e+00 
-3.003036074782554e-01 -2.317823458115312e-01 0.000000000000000e+00 
3.352933601304112e-01 4.732635234755138e-01 0.000000000000000e+00 
3.718343098034870e-01 4.451283478424672e-01 0.000000000000000e+00 
3.821283946228450e-01 4.957731842219866e-01 0.000000000000000e+00 
4.212089822778562e-01 4.652431794902788e-01 0.000000000000000e+00 
4.359436735627092e-01 5.218746147118578e-01 0.000000000000000e+00 
3.422898129158502e-01 5.261007880129264e-01 0.000000000000000e+00 
3.477761257903264e-01 5.843387427941700e-01 0.000000000000000e+00 
3.931025601528964e-01 5.548606826954298e-01 0.000000000000000e+00 
-5.019157138315414e-02 4.029178534509054e-01 0.000000000000000e+00 
-3.889511661539418e-02 3.767590431675890e-01 0.000000000000000e+00 
-2.499626572656074e-02 3.468219608434470e-01 0.000000000000000e+00 
-5.876561383181104e-02 3.521731019733834e-01 0.000000000000000e+00 
-2.251379593435764e-02 4.017060823174058e-01 0.000000000000000e+00 
-3.765514749206274e-01 4.616342204760046e-02 0.000000000000000e+00 
-3.491838431457716e-01 4.023327107513146e-02 0.000000000000000e+00 
-3.655854035510158e-01 -1.903821506078435e-02 0.000000000000000e+00 
-3.720986430933536e-01 1.796690699993400e-02 0.000000000000000e+00 
-3.657815916135980e-01 1.071095642412099e-01 0.000000000000000e+00 
-3.637619774748220e-01 7.330837217158381e-02 0.000000000000000e+00 
-3.908080410574094e-01 9.534554378132749e-02 0.000000000000000e+00 
-3.975121551832104e-01 6.377128630170902e-02 0.000000000000000e+00 
-4.215278677259940e-01 8.493678078651774e-02 0.000000000000000e+00 
-4.575729446613930e-01 7.345709052328764e-02 0.000000000000000e+00 
2.420184636117130e-01 -2.636698322945402e-01 0.000000000000000e+00 
2.679089037475546e-01 -2.653555349135702e-01 0.000000000000000e+00 
2.462237169602442e-01 -2.890627044956840e-01 0.000000000000000e+00 
2.204793750242102e-01 -2.897136610089814e-01 0.000000000000000e+00 
2.947717344286028e-01 -2.732330759785718e-01 0.000000000000000e+00 
-1.485033471815680e-01 3.742053477720702e-01 0.000000000000000e+00 
-1.828897336029565e-01 3.333514708494574e-01 0.000000000000000e+00 
-1.774948053124189e-01 3.605071516159036e-01 0.000000000000000e+00 
-2.058142445399014e-01 3.462280417256556e-01 0.000000000000000e+00 
-1.498074516447603e-01 3.383803686799800e-01 0.000000000000000e+00 
-4.267459787249996e-01 1.800155287074521e-01 0.000000000000000e+00 
-4.111498533926270e-01 2.135810445075990e-01 0.000000000000000e+00 
-4.529201968327620e-01 2.118095732042632e-01 0.000000000000000e+00 
-3.895113692761756e-01 1.821562329556654e-01 0.000000000000000e+00 
-3.738077180090212e-01 2.125271511051894e-01 0.000000000000000e+00 
-4.996046986136510e-01 1.987825754846206e-02 0.000000000000000e+00 
-4.633880345148198e-01 -1.449330695430376e-15 0.000000000000000e+00 
-4.608993641230690e-01 3.673465559681438e-02 0.000000000000000e+00 
-4.964460368509868e-01 5.950909590095154e-02 0.000000000000000e+00 
-4.608993641230686e-01 -3.673465559681774e-02 0.000000000000000e+00 
4.455955298106834e-01 -1.273826580220434e-01 0.000000000000000e+00 
4.749100658638914e-01 -1.563983035111134e-01 0.000000000000000e+00 
4.330627648849646e-01 -1.619700603230605e-01 0.000000000000000e+00 
4.084226566429466e-01 -1.345025410195579e-01 0.000000000000000e+00 
4.178178162173762e-01 -1.016281085691492e-01 0.000000000000000e+00 
-4.964460368509866e-01 -5.950909590095318e-02 0.000000000000000e+00 
-4.575379190282754e-01 -7.339974920109130e-02 0.000000000000000e+00 
-4.901486834023178e-01 -9.876369858897727e-02 0.000000000000000e+00 
-5.232339196660007e-01 -1.270620943445136e-01 0.000000000000000e+00 
1.469251371689613e-01 -4.779257307028802e-01 0.000000000000000e+00 
1.537093499364467e-01 -4.372419042355930e-01 0.000000000000000e+00 
1.877447427122313e-01 -4.230894872135794e-01 0.000000000000000e+00 
1.844319622620048e-01 -4.647417038486932e-01 0.000000000000000e+00 
1.586114875453242e-01 -3.996778653098762e-01 0.000000000000000e+00 
2.557177395517118e-01 -4.296608402898300e-01 0.000000000000000e+00 
2.204849164952284e-01 -4.064038144124118e-01 0.000000000000000e+00 
2.207727491079566e-01 -4.486194303096058e-01 0.000000000000000e+00 
2.526388414912366e-01 -3.885297073866942e-01 0.000000000000000e+00 
2.890460001124246e-01 -4.079857960995802e-01 0.000000000000000e+00 
2.934637526003212e-01 -4.513339049896810e-01 0.000000000000000e+00 
3.205468187961106e-01 -3.837313343469536e-01 0.000000000000000e+00 
3.110531600063724e-01 -3.437400172826428e-01 0.000000000000000e+00 
3.500210372847132e-01 -3.570507995483744e-01 0.000000000000000e+00 
3.605419860467982e-01 -3.987024502098636e-01 0.000000000000000e+00 
3.280692472697018e-01 -4.260829817464342e-01 0.000000000000000e+00 
-3.720679814806168e-01 2.755179155778720e-01 0.000000000000000e+00 
-3.900286540926068e-01 3.128540378302790e-01 0.000000000000000e+00 
-3.557407339935154e-01 2.415544041779302e-01 0.000000000000000e+00 
-3.496963047763590e-01 3.043512074479250e-01 0.000000000000000e+00 
-3.932364920242894e-01 2.453695301281992e-01 0.000000000000000e+00 
-3.639394051847478e-01 3.428528975432058e-01 0.000000000000000e+00 
6.936776599453306e-02 4.951647332362510e-01 0.000000000000000e+00 
8.268131796078643e-02 4.557203699983962e-01 0.000000000000000e+00 
1.084894040531580e-01 4.880881572095256e-01 0.000000000000000e+00 
1.186290480753446e-01 4.481848234055968e-01 0.000000000000000e+00 
2.980756258490864e-02 4.991107183909666e-01 0.000000000000000e+00 
1.469251371689595e-01 4.779257307028806e-01 0.000000000000000e+00 
1.540219238181426e-01 4.366027389181088e-01 0.000000000000000e+00 
4.197735202287178e-01 -1.963648022152519e-01 0.000000000000000e+00 
3.650628456992866e-01 -2.272204187346262e-01 0.000000000000000e+00 
3.819615234821268e-01 -1.974978343658802e-01 0.000000000000000e+00 
4.020472817334168e-01 -2.289100815659864e-01 0.000000000000000e+00 
-2.384337507142542e-01 4.394875954112162e-01 0.000000000000000e+00 
-2.038765921343306e-01 4.158750486786546e-01 0.000000000000000e+00 
-2.027626604064982e-01 4.570419056770168e-01 0.000000000000000e+00 
-2.745690875638588e-01 4.625184393571948e-01 0.000000000000000e+00 
-2.368511110533346e-01 4.828564374874154e-01 0.000000000000000e+00 
-4.346601372197918e-01 2.471245943083606e-01 0.000000000000000e+00 
-4.136520162715292e-01 2.808772141603844e-01 0.000000000000000e+00 
-4.562214452860856e-01 2.842818326361954e-01 0.000000000000000e+00 
-4.329216953498938e-01 3.199516609085806e-01 0.000000000000000e+00 
-4.781773941438216e-01 2.474069404378940e-01 0.000000000000000e+00 
-2.384337507142518e-01 -4.394875954112176e-01 0.000000000000000e+00 
-2.725973860813328e-01 -4.191547030651390e-01 0.000000000000000e+00 
-3.050375730052610e-01 -3.961717797307880e-01 0.000000000000000e+00 
-2.027626604064956e-01 -4.570419056770180e-01 0.000000000000000e+00 
-2.756038305844278e-01 -4.617791195655714e-01 0.000000000000000e+00 
-3.117333432512990e-01 -4.385972456421292e-01 0.000000000000000e+00 
6.936776599453470e-02 -4.951647332362508e-01 0.000000000000000e+00 
2.980756258491084e-02 -4.991107183909664e-01 0.000000000000000e+00 
1.084894040531602e-01 -4.880881572095252e-01 0.000000000000000e+00 
9.514537849627326e-02 -5.293947936482432e-01 0.000000000000000e+00 
5.324219990149194e-02 -5.358019957576778e-01 0.000000000000000e+00 
8.046660855366178e-02 -5.743910905540506e-01 0.000000000000000e+00 
-1.700860357356531e-01 4.309610649504484e-01 0.000000000000000e+00 
-1.658096392760351e-01 4.717066498610668e-01 0.000000000000000e+00 
-1.743758879495885e-01 3.930560388822344e-01 0.000000000000000e+00 
-1.425962897773902e-01 4.056677188805176e-01 0.000000000000000e+00 
-1.357405239321365e-01 4.431423327568524e-01 0.000000000000000e+00 
4.342759637610620e-01 1.622391763682581e-01 0.000000000000000e+00 
4.196005411102690e-01 1.956529850204321e-01 0.000000000000000e+00 
4.609829273641032e-01 1.936355873253208e-01 0.000000000000000e+00 
-4.119042067226190e-01 -2.124512683011466e-01 0.000000000000000e+00 
-3.738077180090194e-01 -2.125271511051926e-01 0.000000000000000e+00 
-3.557407339935136e-01 -2.415544041779330e-01 0.000000000000000e+00 
-3.937560429395734e-01 -2.440795206994408e-01 0.000000000000000e+00 
-4.529201968327612e-01 -2.118095732042650e-01 0.000000000000000e+00 
-4.266738207942932e-01 -1.789682958291460e-01 0.000000000000000e+00 
4.544388497630396e-01 9.144394547876949e-02 0.000000000000000e+00 
4.178178162173762e-01 1.016281085691493e-01 0.000000000000000e+00 
4.452942740520332e-01 1.267190362333483e-01 0.000000000000000e+00 
4.858346700202050e-01 1.181722192664526e-01 0.000000000000000e+00 
4.749100658638912e-01 1.563983035111138e-01 0.000000000000000e+00 
3.837485110908946e-01 2.595382029030648e-01 0.000000000000000e+00 
3.650628456992864e-01 2.272204187346268e-01 0.000000000000000e+00 
3.478187793688346e-01 1.993518910225287e-01 0.000000000000000e+00 
3.819615234821266e-01 1.974978343658808e-01 0.000000000000000e+00 
3.312467746406718e-01 2.269775478311870e-01 0.000000000000000e+00 
3.458561230664286e-01 2.555064424578358e-01 0.000000000000000e+00 
4.622693898059140e-01 -1.867761869842657e-02 0.000000000000000e+00 
4.631261300629022e-01 1.834086378170411e-02 0.000000000000000e+00 
4.594272702878330e-01 5.483414610495676e-02 0.000000000000000e+00 
5.000000000000000e-01 0.000000000000000e+00 0.000000000000000e+00 
4.984194195073480e-01 3.972508348585724e-02 0.000000000000000e+00 
4.936876709681666e-01 7.919901220360757e-02 0.000000000000000e+00 
5.378526109071390e-01 2.040606054182086e-02 0.000000000000000e+00 
5.339556757410394e-01 6.345971485100813e-02 0.000000000000000e+00 
-3.129878884588810e-01 -2.948534918871590e-01 0.000000000000000e+00 
-3.498318624617968e-01 -3.040828569086394e-01 0.000000000000000e+00 
-3.354246425196400e-01 -2.690544725340424e-01 0.000000000000000e+00 
-3.725411527871246e-01 -2.746411120520948e-01 0.000000000000000e+00 
-8.549340695981129e-03 4.299150018011282e-01 0.000000000000000e+00 
9.213167863970570e-03 4.632964364954884e-01 0.000000000000000e+00 
9.665593383471399e-03 3.997472642785954e-01 0.000000000000000e+00 
2.563450382302172e-02 4.292352178162312e-01 0.000000000000000e+00 
1.924086285211048e-01 3.470494806511586e-01 0.000000000000000e+00 
1.898645642328414e-01 3.858127100662616e-01 0.000000000000000e+00 
1.632631793629030e-01 3.680071788037432e-01 0.000000000000000e+00 
1.586114875453228e-01 3.996778653098768e-01 0.000000000000000e+00 
1.880918018501095e-01 4.236722051485768e-01 0.000000000000000e+00 
1.844319622620031e-01 4.647417038486938e-01 0.000000000000000e+00 
2.207727491079552e-01 4.486194303096064e-01 0.000000000000000e+00 
-4.134471088607912e-01 1.181587414229391e-01 0.000000000000000e+00 
-4.494721241741414e-01 1.096204897916496e-01 0.000000000000000e+00 
-3.834071761181566e-01 1.262021912281238e-01 0.000000000000000e+00 
-4.027524042555536e-01 1.506336644524428e-01 0.000000000000000e+00 
-4.394583699696756e-01 1.453227901093141e-01 0.000000000000000e+00 
-4.807524521637104e-01 1.373938853755119e-01 0.000000000000000e+00 
3.369751710510052e-01 -3.178336484270964e-01 0.000000000000000e+00 
3.244627866680392e-01 -2.821770721862612e-01 0.000000000000000e+00 
3.458561230664292e-01 -2.555064424578352e-01 0.000000000000000e+00 
3.170909247143072e-01 -2.502975125112814e-01 0.000000000000000e+00 
3.391006714619212e-01 -2.305625685602768e-01 0.000000000000000e+00 
3.607755708247172e-01 -2.896915389846388e-01 0.000000000000000e+00 
3.010180920648526e-01 3.070636876116028e-01 0.000000000000000e+00 
2.756702641646542e-01 3.300089475383808e-01 0.000000000000000e+00 
2.734826861619142e-01 3.003160888789606e-01 0.000000000000000e+00 
2.901601038028176e-01 2.766143648516808e-01 0.000000000000000e+00 
3.102897146347150e-01 3.427797423459752e-01 0.000000000000000e+00 
2.827525561582266e-01 3.672428544445466e-01 0.000000000000000e+00 
2.206147621512640e-01 3.392245114694866e-01 0.000000000000000e+00 
2.199172560144710e-01 3.695083226492546e-01 0.000000000000000e+00 
2.485795600966842e-01 3.508677846456396e-01 0.000000000000000e+00 
2.208481241343918e-01 4.065787824389136e-01 0.000000000000000e+00 
2.523829791447730e-01 3.880835216907498e-01 0.000000000000000e+00 
2.557177395517106e-01 4.296608402898308e-01 0.000000000000000e+00 
2.890460001124238e-01 4.079857960995808e-01 0.000000000000000e+00 
4.535252052347166e-01 -9.162471544292748e-02 0.000000000000000e+00 
4.601856305541814e-01 -5.525019202062650e-02 0.000000000000000e+00 
4.245713970326234e-01 -6.811115049510276e-02 0.000000000000000e+00 
3.711155295842400e-01 -4.922418279237836e-02 0.000000000000000e+00 
3.982712524662616e-01 -4.347352074542730e-02 0.000000000000000e+00 
4.936876709681668e-01 -7.919901220360744e-02 0.000000000000000e+00 
-3.453683735686366e-01 -4.128763327300092e-01 0.000000000000000e+00 
-3.538435846861008e-01 -4.595592644877158e-01 0.000000000000000e+00 
-3.162129678543440e-01 -4.862194555555626e-01 0.000000000000000e+00 
-3.627595073499998e-01 -5.120317400736164e-01 0.000000000000000e+00 
-4.010096243022072e-01 -4.800545480294942e-01 0.000000000000000e+00 
-4.148510992871536e-01 -5.387936204338730e-01 0.000000000000000e+00 
-3.707324450706112e-01 -5.700503961685900e-01 0.000000000000000e+00 
4.677127826582198e-01 2.652933319990274e-01 0.000000000000000e+00 
4.876732660285298e-01 2.277038113545364e-01 0.000000000000000e+00 
5.152039153944962e-01 2.663924277493276e-01 0.000000000000000e+00 
4.244916810456818e-01 2.642097892263100e-01 0.000000000000000e+00 
4.031954329885790e-01 2.286363658564724e-01 0.000000000000000e+00 
4.441413063745658e-01 2.296486446114892e-01 0.000000000000000e+00 
4.924103500129908e-01 3.064833555025198e-01 0.000000000000000e+00 
4.454606320889068e-01 3.023092718123960e-01 0.000000000000000e+00 
-5.113589906091186e-01 1.686134432110451e-01 0.000000000000000e+00 
-5.576728445099048e-01 1.593769070355913e-01 0.000000000000000e+00 
-5.432474289958634e-01 2.031802915870150e-01 0.000000000000000e+00 
-4.956693980233256e-01 2.088620081639048e-01 0.000000000000000e+00 
-4.683167491343642e-01 1.751554237819113e-01 0.000000000000000e+00 
-4.330896865492982e-01 -3.197802276086190e-01 0.000000000000000e+00 
-4.567958692766900e-01 -2.836782206599484e-01 0.000000000000000e+00 
-3.900286540926056e-01 -3.128540378302806e-01 0.000000000000000e+00 
-4.136520162715280e-01 -2.808772141603862e-01 0.000000000000000e+00 
-4.346601372197908e-01 -2.471245943083624e-01 0.000000000000000e+00 
-4.785642228498648e-01 -2.463292978404476e-01 0.000000000000000e+00 
2.966325778799866e-01 -4.984065747362024e-01 0.000000000000000e+00 
2.560235906576900e-01 -4.726037135905268e-01 0.000000000000000e+00 
2.560963889652304e-01 -5.203985391591422e-01 0.000000000000000e+00 
2.981309423357042e-01 -5.503281804144494e-01 0.000000000000000e+00 
2.544206225975288e-01 -5.737721690452366e-01 0.000000000000000e+00 
3.002509387868214e-01 -6.101224252210637e-01 0.000000000000000e+00 
-1.482576468154719e-01 -5.607313707656624e-01 0.000000000000000e+00 
-1.578458700164375e-01 -5.134492587152472e-01 0.000000000000000e+00 
-7.484807311339570e-02 -5.323081189096502e-01 0.000000000000000e+00 
-1.032387794929760e-01 -5.707379034274846e-01 0.000000000000000e+00 
-1.168329389162152e-01 -5.254385330893790e-01 0.000000000000000e+00 
-8.899894783877420e-02 -4.920154339892104e-01 0.000000000000000e+00 
-5.685724727466880e-01 -1.145658903632166e-01 0.000000000000000e+00 
-5.311818463283832e-01 -8.460104445120405e-02 0.000000000000000e+00 
-5.758774027471441e-01 -6.903055124510928e-02 0.000000000000000e+00 
-6.180977067559404e-01 -9.883514088464609e-02 0.000000000000000e+00 
-6.751666101173416e-01 -8.093237042529844e-02 0.000000000000000e+00 
-6.666022094271518e-01 -1.343186300810114e-01 0.000000000000000e+00 
8.046660855365846e-02 5.743910905540512e-01 0.000000000000000e+00 
9.561411085159648e-02 5.285862292592778e-01 0.000000000000000e+00 
1.258477087016634e-01 5.661822623630496e-01 0.000000000000000e+00 
1.704331591159931e-01 5.543938476153416e-01 0.000000000000000e+00 
1.785563643037074e-01 5.069713737869770e-01 0.000000000000000e+00 
1.376443140325130e-01 5.203579334895087e-01 0.000000000000000e+00 
3.457677259849428e-02 5.789684333335212e-01 0.000000000000000e+00 
5.341880358928258e-02 5.355465499826882e-01 0.000000000000000e+00 
-1.153166884574186e-02 5.798853512666380e-01 0.000000000000000e+00 
1.068000095250460e-02 5.370580951220618e-01 0.000000000000000e+00 
1.276326165419201e-02 6.258196699709808e-01 0.000000000000000e+00 
6.215855034179272e-02 6.234969450183296e-01 0.000000000000000e+00 
4.053828511547636e-02 6.787905770117146e-01 0.000000000000000e+00 
-4.966391515733922e-01 -2.079628156074716e-01 0.000000000000000e+00 
-5.253874283260016e-01 -2.456991049169500e-01 0.000000000000000e+00 
-5.042057591749560e-01 -2.866645293977028e-01 0.000000000000000e+00 
-5.576747836111497e-01 -2.881674567638898e-01 0.000000000000000e+00 
-5.911377866189146e-01 -3.360894482593744e-01 0.000000000000000e+00 
-6.159714676925542e-01 -2.880610195578024e-01 0.000000000000000e+00 
-5.756720336667294e-02 -5.771360473030082e-01 0.000000000000000e+00 
-1.361283223035742e-01 -6.109682807130454e-01 0.000000000000000e+00 
-1.738193100595200e-01 -6.574091933114660e-01 0.000000000000000e+00 
-3.803977822126162e-02 -6.251790115330262e-01 0.000000000000000e+00 
-8.725087261711587e-02 -6.216340825928570e-01 0.000000000000000e+00 
-6.749258325747921e-02 -6.766422623552510e-01 0.000000000000000e+00 
-1.210385690607311e-01 -6.691409902253266e-01 0.000000000000000e+00 
5.347401957423598e-01 2.246172812973722e-01 0.000000000000000e+00 
5.032584686374344e-01 1.866355951446810e-01 0.000000000000000e+00 
5.508956764021138e-01 1.814220320728920e-01 0.000000000000000e+00 
5.726776983230734e-01 9.187085415618484e-02 0.000000000000000e+00 
5.277751592141828e-01 1.062047639290893e-01 0.000000000000000e+00 
5.169270230091744e-01 1.474470087481976e-01 0.000000000000000e+00 
5.635682172234378e-01 1.370797743490851e-01 0.000000000000000e+00 
2.181775095480958e-01 -4.921840481308190e-01 0.000000000000000e+00 
2.139410762239266e-01 -5.391003764644836e-01 0.000000000000000e+00 
1.777992900717666e-01 -5.076405254124622e-01 0.000000000000000e+00 
1.374400129346375e-01 -5.206042194919168e-01 0.000000000000000e+00 
1.704331591159965e-01 -5.543938476153404e-01 0.000000000000000e+00 
-3.162129678543488e-01 4.862194555555594e-01 0.000000000000000e+00 
-2.765831508285350e-01 5.098056106770106e-01 0.000000000000000e+00 
-3.208846371643476e-01 5.393759018947958e-01 0.000000000000000e+00 
-3.242699009713856e-01 5.977031297592542e-01 0.000000000000000e+00 
-3.616015543266628e-01 5.103972999295165e-01 0.000000000000000e+00 
-3.707324450706158e-01 5.700503961685868e-01 0.000000000000000e+00 
4.060244032502662e-01 4.141789274761154e-01 0.000000000000000e+00 
3.615098485302364e-01 3.988192685987880e-01 0.000000000000000e+00 
3.205468187961096e-01 3.837313343469544e-01 0.000000000000000e+00 
3.500210372847122e-01 3.570507995483752e-01 0.000000000000000e+00 
3.289239840236246e-01 4.258570580764404e-01 0.000000000000000e+00 
-5.380934447976974e-01 8.159934079628638e-04 0.000000000000000e+00 
-4.996046986136510e-01 -1.987825754846349e-02 0.000000000000000e+00 
-5.795414503918350e-01 -2.305877875622074e-02 0.000000000000000e+00 
-5.361728772954278e-01 -4.204085730547678e-02 0.000000000000000e+00 
-9.941093832534323e-03 -4.999011648850328e-01 0.000000000000000e+00 
-3.223763790521626e-02 -5.374239938347630e-01 0.000000000000000e+00 
1.008911118107290e-02 -5.377822053830352e-01 0.000000000000000e+00 
-4.962689945402974e-02 -4.975310752612138e-01 0.000000000000000e+00 
-2.766314667303406e-02 -4.626191393232350e-01 0.000000000000000e+00 
-3.443647537646002e-01 4.131881011787624e-01 0.000000000000000e+00 
-3.767697750696934e-01 3.845661185036748e-01 0.000000000000000e+00 
-4.053584788267416e-01 3.529686285154576e-01 0.000000000000000e+00 
-3.355492141795192e-01 3.706841308493082e-01 0.000000000000000e+00 
-4.901486834023182e-01 9.876369858897562e-02 0.000000000000000e+00 
-5.315300000061010e-01 8.587688073306116e-02 0.000000000000000e+00 
-5.224950708275437e-01 1.277121433223364e-01 0.000000000000000e+00 
-5.954015588488574e-01 1.964484474448915e-01 0.000000000000000e+00 
-6.369107788227359e-01 2.382113763433980e-01 0.000000000000000e+00 
3.772823100791154e-01 -3.281128746351874e-01 0.000000000000000e+00 
4.021582826353828e-01 -2.971005144858548e-01 0.000000000000000e+00 
4.453087628232538e-01 -3.025668003265938e-01 0.000000000000000e+00 
4.244916810456820e-01 -2.642097892263094e-01 0.000000000000000e+00 
3.833986308341524e-01 -2.604397975758750e-01 0.000000000000000e+00 
4.191958315065052e-01 -3.370257340896012e-01 0.000000000000000e+00 
-5.365035516328608e-01 4.378587256410190e-02 0.000000000000000e+00 
-5.758774027471451e-01 6.903055124510098e-02 0.000000000000000e+00 
-5.795414503918352e-01 2.305877875621290e-02 0.000000000000000e+00 
-6.250187281108714e-01 -4.946310032566178e-02 0.000000000000000e+00 
-6.278875878947342e-01 1.665141659066020e-04 0.000000000000000e+00 
-6.794623901145652e-01 -2.703443026591276e-02 0.000000000000000e+00 
-6.242991182447336e-01 5.046218532111570e-02 0.000000000000000e+00 
-6.794623901145654e-01 2.703443026590628e-02 0.000000000000000e+00 
-1.985980087267235e-01 -5.002770902817090e-01 0.000000000000000e+00 
-1.923391815601962e-01 -5.471797138388392e-01 0.000000000000000e+00 
-1.844621917539639e-01 -5.998682543918248e-01 0.000000000000000e+00 
-2.307275803696172e-01 -5.813999239108836e-01 0.000000000000000e+00 
-2.255011094154036e-01 -6.415210438110523e-01 0.000000000000000e+00 
4.670928238819170e-01 -2.659448118516874e-01 0.000000000000000e+00 
4.876395151505904e-01 -2.281029836437786e-01 0.000000000000000e+00 
4.441413063745662e-01 -2.296486446114886e-01 0.000000000000000e+00 
4.609829273641034e-01 -1.936355873253204e-01 0.000000000000000e+00 
5.036759221461000e-01 -1.883791490274775e-01 0.000000000000000e+00 
5.152039153944966e-01 -2.663924277493268e-01 0.000000000000000e+00 
5.347401957423600e-01 -2.246172812973712e-01 0.000000000000000e+00 
-4.057920020325742e-01 -3.525436406919204e-01 0.000000000000000e+00 
-3.639394051847462e-01 -3.428528975432074e-01 0.000000000000000e+00 
-3.240694317277832e-01 -3.302411296050524e-01 0.000000000000000e+00 
-3.355492141795174e-01 -3.706841308493100e-01 0.000000000000000e+00 
-3.768094378414038e-01 -3.822519838849108e-01 0.000000000000000e+00 
-9.941093832536420e-03 4.999011648850328e-01 0.000000000000000e+00 
-4.962689945403214e-02 4.975310752612136e-01 0.000000000000000e+00 
-6.426184463411738e-02 4.589685534720708e-01 0.000000000000000e+00 
-2.756370659679240e-02 4.615386233561736e-01 0.000000000000000e+00 
-3.204863941939160e-02 5.373159893231210e-01 0.000000000000000e+00 
4.021582826353822e-01 2.971005144858556e-01 0.000000000000000e+00 
4.194870883241230e-01 3.361320428570714e-01 0.000000000000000e+00 
3.772823100791148e-01 3.281128746351882e-01 0.000000000000000e+00 
3.613278472012520e-01 2.892349179924160e-01 0.000000000000000e+00 
3.374002979887808e-01 3.177365157199698e-01 0.000000000000000e+00 
3.917085380232186e-01 3.669691443023754e-01 0.000000000000000e+00 
2.756518437435782e-01 2.427615607675134e-01 0.000000000000000e+00 
3.117341459466602e-01 2.515109082782216e-01 0.000000000000000e+00 
3.021116164524732e-01 2.262981189584104e-01 0.000000000000000e+00 
3.244627866680386e-01 2.821770721862618e-01 0.000000000000000e+00 
5.339812827423894e-01 -6.461795626493742e-02 0.000000000000000e+00 
5.379728350033040e-01 -2.200473470491546e-02 0.000000000000000e+00 
4.984194195073480e-01 -3.972508348585700e-02 0.000000000000000e+00 
5.277543112390506e-01 -1.064856864353636e-01 0.000000000000000e+00 
5.781665266285236e-01 -4.608109684359462e-02 0.000000000000000e+00 
2.937949438826544e-01 4.504812082420590e-01 0.000000000000000e+00 
2.570277497622958e-01 4.724915093874130e-01 0.000000000000000e+00 
2.966325778799840e-01 4.984065747362038e-01 0.000000000000000e+00 
-5.772274549243332e-01 -2.421190315778940e-01 0.000000000000000e+00 
-5.956212063818214e-01 -1.957814784177026e-01 0.000000000000000e+00 
-6.369107788227338e-01 -2.382113763434038e-01 0.000000000000000e+00 
-5.576728445099028e-01 -1.593769070355986e-01 0.000000000000000e+00 
-5.432474289958606e-01 -2.031802915870220e-01 0.000000000000000e+00 
-6.100649624606916e-01 -1.482889551488126e-01 0.000000000000000e+00 
-6.538233349426450e-01 -1.868556841107004e-01 0.000000000000000e+00 
-4.022937733919878e-01 4.815918218841200e-01 0.000000000000000e+00 
-4.148510992871584e-01 5.387936204338692e-01 0.000000000000000e+00 
-4.378823823196108e-01 4.466767367133662e-01 0.000000000000000e+00 
-4.563469312841464e-01 5.041304179550590e-01 0.000000000000000e+00 
-4.949575910512574e-01 4.662799406587594e-01 0.000000000000000e+00 
-3.538435846861060e-01 4.595592644877116e-01 0.000000000000000e+00 
-4.221697100143084e-01 3.977093611501178e-01 0.000000000000000e+00 
-3.892370884482432e-01 4.299935917851968e-01 0.000000000000000e+00 
-5.031069796147810e-01 3.716778913652142e-01 0.000000000000000e+00 
-5.625667421292804e-01 3.819930112581222e-01 0.000000000000000e+00 
-4.524332387474248e-01 3.629106838831226e-01 0.000000000000000e+00 
-4.798363388749748e-01 3.258175684260448e-01 0.000000000000000e+00 
-4.734981452188878e-01 4.117893508699598e-01 0.000000000000000e+00 
-5.304389695659458e-01 4.254814914491790e-01 0.000000000000000e+00 
5.863969062321736e-01 2.189790595741426e-01 0.000000000000000e+00 
6.035185825593318e-01 1.723585978507988e-01 0.000000000000000e+00 
6.458776895748922e-01 2.127016927751146e-01 0.000000000000000e+00 
6.136378546958948e-01 1.232548101311830e-01 0.000000000000000e+00 
6.607351512274788e-01 1.607142182023755e-01 0.000000000000000e+00 
6.714152325167068e-01 1.077106565969063e-01 0.000000000000000e+00 
-6.197764658175012e-01 9.959307120617804e-02 0.000000000000000e+00 
-6.751666101173424e-01 8.093237042529200e-02 0.000000000000000e+00 
-5.685724727466896e-01 1.145658903632090e-01 0.000000000000000e+00 
-6.081409816219436e-01 1.482487998013457e-01 0.000000000000000e+00 
-6.538233349426468e-01 1.868556841106944e-01 0.000000000000000e+00 
-6.666022094271534e-01 1.343186300810048e-01 0.000000000000000e+00 
5.193503624120628e-01 -3.527663159993462e-01 0.000000000000000e+00 
5.773086862221281e-01 -3.593253133477804e-01 0.000000000000000e+00 
4.665036078570442e-01 -3.446365968035912e-01 0.000000000000000e+00 
4.924103500129914e-01 -3.064833555025186e-01 0.000000000000000e+00 
4.880776361686228e-01 -3.919099147032260e-01 0.000000000000000e+00 
5.469352643841208e-01 -4.040566997007620e-01 0.000000000000000e+00 
-5.321188049301390e-01 -3.303716068736158e-01 0.000000000000000e+00 
-5.625667421292770e-01 -3.819930112581270e-01 0.000000000000000e+00 
-4.725292383503040e-01 -4.104379171571938e-01 0.000000000000000e+00 
-5.304389695659422e-01 -4.254814914491832e-01 0.000000000000000e+00 
-4.524332387474206e-01 -3.629106838831276e-01 0.000000000000000e+00 
-4.798363388749710e-01 -3.258175684260504e-01 0.000000000000000e+00 
-5.049872220996756e-01 -3.728353798412162e-01 0.000000000000000e+00 
4.552945017206214e-01 4.289149153034558e-01 0.000000000000000e+00 
5.131039417075962e-01 4.462335095038558e-01 0.000000000000000e+00 
4.760286107072090e-01 4.855890873857902e-01 0.000000000000000e+00 
4.376474796917730e-01 3.806109345768184e-01 0.000000000000000e+00 
4.665036078570432e-01 3.446365968035926e-01 0.000000000000000e+00 
4.896417483074838e-01 3.926121142136478e-01 0.000000000000000e+00 
5.469352643841198e-01 4.040566997007636e-01 0.000000000000000e+00 
-5.558741669118948e-01 2.877795523150446e-01 0.000000000000000e+00 
-5.911377866189174e-01 3.360894482593692e-01 0.000000000000000e+00 
-6.159714676925570e-01 2.880610195577966e-01 0.000000000000000e+00 
-5.253874283260048e-01 2.456991049169434e-01 0.000000000000000e+00 
-5.042057591749594e-01 2.866645293976966e-01 0.000000000000000e+00 
-5.327879622208012e-01 3.316703335035818e-01 0.000000000000000e+00 
-5.787988049329854e-01 2.432299653608482e-01 0.000000000000000e+00 
2.076875512400438e-01 5.910845200227826e-01 0.000000000000000e+00 
1.998181865497853e-01 6.499789937559176e-01 0.000000000000000e+00 
1.598904180757919e-01 6.047281555164667e-01 0.000000000000000e+00 
1.117081728229612e-01 6.176703974096922e-01 0.000000000000000e+00 
1.475455895122952e-01 6.637998938049549e-01 0.000000000000000e+00 
9.434016175256540e-02 6.734240372013016e-01 0.000000000000000e+00 
-1.836261393693049e-01 5.999325689733174e-01 0.000000000000000e+00 
-1.350319896365051e-01 6.118642805901136e-01 0.000000000000000e+00 
-1.738193100595242e-01 6.574091933114650e-01 0.000000000000000e+00 
-1.923391815602007e-01 5.471797138388376e-01 0.000000000000000e+00 
-1.482576468154766e-01 5.607313707656612e-01 0.000000000000000e+00 
-1.210385690607357e-01 6.691409902253258e-01 0.000000000000000e+00 
-2.255011094154076e-01 6.415210438110510e-01 0.000000000000000e+00 
6.020311175913760e-01 -1.727841272808737e-01 0.000000000000000e+00 
6.607351512274789e-01 -1.607142182023749e-01 0.000000000000000e+00 
5.167763281570310e-01 -1.479743023719158e-01 0.000000000000000e+00 
5.508956764021140e-01 -1.814220320728915e-01 0.000000000000000e+00 
5.635682172234378e-01 -1.370797743490844e-01 0.000000000000000e+00 
4.858346700202050e-01 -1.181722192664521e-01 0.000000000000000e+00 
6.272806410554080e-01 -2.519166818522504e-02 0.000000000000000e+00 
6.778504105299932e-01 -5.402611354076552e-02 0.000000000000000e+00 
6.153711269800642e-01 -1.242336462804010e-01 0.000000000000000e+00 
6.714152325167068e-01 -1.077106565969061e-01 0.000000000000000e+00 
5.726776983230734e-01 -9.187085415618462e-02 0.000000000000000e+00 
6.217993449983128e-01 -7.524224709698218e-02 0.000000000000000e+00 
1.778276234799679e-01 3.160350193502282e-01 0.000000000000000e+00 
1.439201693878984e-01 3.205232461653652e-01 0.000000000000000e+00 
1.101417805036022e-01 3.258043136539746e-01 0.000000000000000e+00 
1.620941093504110e-01 3.399777312978852e-01 0.000000000000000e+00 
1.330509949204975e-01 3.482739681498366e-01 0.000000000000000e+00 
5.459733593390592e-01 3.101477590364554e-01 0.000000000000000e+00 
5.685193332515822e-01 2.651432715540770e-01 0.000000000000000e+00 
6.040321766694096e-01 3.123221566716252e-01 0.000000000000000e+00 
5.773086862221272e-01 3.593253133477816e-01 0.000000000000000e+00 
5.183656944837494e-01 3.512200293934008e-01 0.000000000000000e+00 
6.269367812151804e-01 2.633443987624362e-01 0.000000000000000e+00 
-2.313893564173044e-01 5.837430747013562e-01 0.000000000000000e+00 
-2.352046860715380e-01 5.301686105853394e-01 0.000000000000000e+00 
-1.977248074752290e-01 5.004499192610365e-01 0.000000000000000e+00 
-2.759078039345384e-01 5.620795192788486e-01 0.000000000000000e+00 
-2.757572181528374e-01 6.215769917207428e-01 0.000000000000000e+00 
5.800000000000000e-01 0.000000000000000e+00 0.000000000000000e+00 
6.258675641756188e-01 2.419944836999216e-02 0.000000000000000e+00 
5.781665266285236e-01 4.608109684359442e-02 0.000000000000000e+00 
6.800000000000000e-01 0.000000000000000e+00 0.000000000000000e+00 
6.778504105299932e-01 5.402611354076584e-02 0.000000000000000e+00 
6.232692144783016e-01 7.452382993977108e-02 0.000000000000000e+00 
5.878928773160640e-01 -2.200536575804872e-01 0.000000000000000e+00 
5.668758033704614e-01 -2.654524132942372e-01 0.000000000000000e+00 
5.448666298274700e-01 -3.101860159381986e-01 0.000000000000000e+00 
6.040321766694100e-01 -3.123221566716244e-01 0.000000000000000e+00 
6.458776895748924e-01 -2.127016927751142e-01 0.000000000000000e+00 
6.269367812151810e-01 -2.633443987624352e-01 0.000000000000000e+00 
1.115988142881065e-01 -6.178904072800642e-01 0.000000000000000e+00 
1.258477087016668e-01 -5.661822623630490e-01 0.000000000000000e+00 
1.599252359091572e-01 -6.062333937540541e-01 0.000000000000000e+00 
2.072769205971630e-01 -5.906347757780588e-01 0.000000000000000e+00 
1.998181865497885e-01 -6.499789937559168e-01 0.000000000000000e+00 
1.475455895122984e-01 -6.637998938049542e-01 0.000000000000000e+00 
2.508274686763272e-01 -6.320487172342226e-01 0.000000000000000e+00 
-3.199073228995824e-01 -5.375131557664627e-01 0.000000000000000e+00 
-2.770749765489128e-01 -5.630279037366170e-01 0.000000000000000e+00 
-2.765831508285298e-01 -5.098056106770134e-01 0.000000000000000e+00 
-2.352046860715330e-01 -5.301686105853416e-01 0.000000000000000e+00 
-2.376260150296456e-01 -4.821164030127410e-01 0.000000000000000e+00 
-3.242699009713816e-01 -5.977031297592564e-01 0.000000000000000e+00 
-2.757572181528330e-01 -6.215769917207448e-01 0.000000000000000e+00 
3.352933601304134e-01 -4.732635234755124e-01 0.000000000000000e+00 
3.420904758974346e-01 -5.261359108118528e-01 0.000000000000000e+00 
3.816072890952776e-01 -4.956177607553554e-01 0.000000000000000e+00 
3.718343098034886e-01 -4.451283478424658e-01 0.000000000000000e+00 
3.477761257903286e-01 -5.843387427941686e-01 0.000000000000000e+00 
3.931025601528980e-01 -5.548606826954288e-01 0.000000000000000e+00 
4.359436735627108e-01 -5.218746147118564e-01 0.000000000000000e+00 
2.988058589186382e-01 5.499620201542545e-01 0.000000000000000e+00 
2.546015471351628e-01 5.737860997093256e-01 0.000000000000000e+00 
2.560963889652280e-01 5.203985391591434e-01 0.000000000000000e+00 
2.184710484375188e-01 4.920538221593864e-01 0.000000000000000e+00 
2.139410762239236e-01 5.391003764644848e-01 0.000000000000000e+00 
3.002509387868192e-01 6.101224252210647e-01 0.000000000000000e+00 
2.508274686763246e-01 6.320487172342236e-01 0.000000000000000e+00 
2.441529393628372e-01 3.118486196254386e-01 0.000000000000000e+00 
2.235672626411200e-01 2.798295525957626e-01 0.000000000000000e+00 
2.564126047441588e-01 2.760461844214874e-01 0.000000000000000e+00 
2.089273203571962e-01 3.123095760069524e-01 0.000000000000000e+00 
1.899487701868022e-01 2.842578286013064e-01 0.000000000000000e+00 
2.023593648567722e-01 2.522056807874774e-01 0.000000000000000e+00 
2.361312136873140e-01 2.468708562024410e-01 0.000000000000000e+00 
9.801836850962475e-02 3.586195229141416e-01 0.000000000000000e+00 
1.040865075643238e-01 3.926869855689116e-01 0.000000000000000e+00 
1.307894693123577e-01 3.786601374786424e-01 0.000000000000000e+00 
1.263556179653052e-01 4.110161284044774e-01 0.000000000000000e+00 
-1.001632852432885e-01 4.517161902704628e-01 0.000000000000000e+00 
-8.899894783877638e-02 4.920154339892102e-01 0.000000000000000e+00 
-1.278083162202387e-01 4.833891127290182e-01 0.000000000000000e+00 
-1.032387794929806e-01 5.707379034274837e-01 0.000000000000000e+00 
-1.150108979899926e-01 5.242846793239720e-01 0.000000000000000e+00 
-7.430497196986686e-02 5.323842021007720e-01 0.000000000000000e+00 
-1.578250815561955e-01 5.146235742965986e-01 0.000000000000000e+00 
4.060244032502678e-01 -4.141789274761138e-01 0.000000000000000e+00 
4.561024020536690e-01 -4.296309167979606e-01 0.000000000000000e+00 
4.376474796917742e-01 -3.806109345768170e-01 0.000000000000000e+00 
3.917855079765290e-01 -3.692802867559930e-01 0.000000000000000e+00 
5.131039417075974e-01 -4.462335095038546e-01 0.000000000000000e+00 
4.212567814121040e-01 -4.653366091615902e-01 0.000000000000000e+00 
4.760286107072100e-01 -4.855890873857890e-01 0.000000000000000e+00 
-4.221697100143038e-01 -3.977093611501226e-01 0.000000000000000e+00 
-4.393750305750748e-01 -4.481009627893064e-01 0.000000000000000e+00 
-3.892370884482380e-01 -4.299935917852014e-01 0.000000000000000e+00 
-4.949575910512534e-01 -4.662799406587638e-01 0.000000000000000e+00 
-4.563469312841424e-01 -5.041304179550627e-01 0.000000000000000e+00 
-3.673999914116738e-02 6.262310749190986e-01 0.000000000000000e+00 
-5.756720336667702e-02 5.771360473030078e-01 0.000000000000000e+00 
-1.351988761224893e-02 6.798655842436446e-01 0.000000000000000e+00 
-6.749258325748328e-02 6.766422623552506e-01 0.000000000000000e+00 
-8.685152065925818e-02 6.219587598033800e-01 0.000000000000000e+00 
1.224855072233663e-02 -6.276667872319202e-01 0.000000000000000e+00 
-1.153166884573775e-02 -5.798853512666380e-01 0.000000000000000e+00 
6.146758129928600e-02 -6.233117660029770e-01 0.000000000000000e+00 
3.457677259849812e-02 -5.789684333335210e-01 0.000000000000000e+00 
4.053828511547996e-02 -6.787905770117144e-01 0.000000000000000e+00 
9.434016175256900e-02 -6.734240372013010e-01 0.000000000000000e+00 
-1.351988761224487e-02 -6.798655842436448e-01 0.000000000000000e+00 

CELLS 2123 8492
3 376 0 1 
3 471 376 1 
3 425 0 374 
3 2 423 3 
3 2 0 425 
3 4 2 3 
3 2 425 423 
3 4 3 372 
3 1 0 2 
3 1 2 4 
3 423 136 3 
3 5 46 436 
3 5 6 7 
3 5 436 6 
3 6 8 7 
3 435 8 6 
3 272 8 435 
3 732 9 595 
3 733 5 7 
3 8 9 7 
3 7 9 732 
3 733 7 732 
3 275 9 8 
3 10 228 261 
3 11 10 12 
3 10 261 12 
3 11 12 13 
3 10 229 228 
3 11 13 476 
3 666 14 15 
3 549 14 666 
3 15 14 12 
3 13 14 548 
3 261 15 12 
3 12 14 13 
3 16 17 18 
3 19 16 18 
3 20 170 17 
3 21 17 169 
3 16 22 624 
3 21 18 17 
3 16 19 22 
3 387 16 624 
3 16 20 17 
3 19 18 220 
3 16 387 20 
3 23 24 214 
3 23 258 25 
3 23 26 24 
3 24 26 27 
3 23 25 26 
3 258 306 25 
3 25 28 26 
3 26 28 29 
3 182 27 29 
3 27 26 29 
3 30 100 31 
3 31 100 32 
3 562 30 33 
3 31 33 30 
3 34 31 35 
3 31 32 35 
3 35 32 528 
3 34 33 31 
3 684 33 34 
3 35 529 688 
3 35 688 34 
3 36 281 37 
3 38 39 37 
3 276 38 37 
3 536 38 276 
3 238 38 536 
3 37 39 36 
3 40 39 38 
3 36 39 690 
3 238 40 38 
3 690 39 41 
3 40 41 39 
3 42 43 44 
3 42 751 43 
3 45 489 46 
3 614 45 47 
3 44 489 45 
3 45 46 47 
3 42 615 750 
3 48 44 45 
3 48 45 614 
3 48 42 44 
3 42 48 615 
3 49 50 51 
3 473 49 51 
3 52 50 49 
3 410 53 50 
3 50 53 51 
3 51 53 54 
3 55 473 51 
3 55 51 54 
3 55 54 227 
3 467 50 52 
3 56 57 58 
3 56 58 188 
3 334 57 56 
3 450 209 58 
3 450 58 451 
3 56 188 187 
3 59 56 187 
3 59 187 63 
3 65 59 63 
3 59 334 56 
3 58 57 451 
3 60 61 62 
3 63 61 60 
3 61 28 62 
3 62 308 91 
3 60 62 91 
3 64 60 91 
3 64 196 65 
3 65 63 60 
3 64 65 60 
3 183 61 63 
3 29 28 61 
3 29 61 183 
3 66 67 294 
3 66 68 67 
3 69 68 66 
3 451 69 448 
3 67 68 318 
3 332 331 68 
3 69 332 68 
3 68 331 318 
3 69 66 448 
3 451 57 69 
3 69 57 332 
3 70 71 72 
3 128 70 73 
3 73 70 72 
3 70 74 71 
3 110 72 111 
3 72 71 111 
3 75 73 72 
3 110 75 72 
3 71 74 271 
3 140 125 73 
3 75 140 73 
3 76 116 77 
3 78 582 79 
3 80 116 76 
3 81 582 78 
3 82 76 77 
3 83 81 78 
3 82 78 76 
3 82 83 78 
3 78 79 76 
3 83 400 81 
3 79 80 76 
3 327 356 352 
3 84 356 85 
3 85 356 327 
3 86 326 371 
3 87 316 323 
3 462 84 85 
3 85 327 304 
3 462 463 84 
3 463 149 84 
3 324 315 124 
3 87 323 86 
3 87 86 370 
3 88 89 90 
3 103 89 396 
3 90 89 103 
3 91 92 93 
3 195 93 88 
3 64 91 93 
3 195 64 93 
3 91 308 92 
3 396 89 92 
3 93 89 88 
3 92 89 93 
3 94 95 515 
3 96 30 162 
3 97 98 95 
3 99 97 161 
3 99 98 97 
3 97 95 94 
3 97 94 96 
3 97 96 161 
3 514 100 94 
3 96 100 30 
3 94 100 96 
3 83 101 401 
3 82 101 83 
3 102 90 103 
3 101 103 401 
3 102 103 101 
3 104 105 282 
3 105 82 77 
3 105 101 82 
3 255 90 102 
3 104 102 105 
3 255 102 104 
3 102 101 105 
3 312 106 107 
3 108 106 109 
3 107 106 108 
3 108 109 247 
3 108 247 110 
3 108 110 111 
3 107 108 111 
3 112 106 113 
3 113 106 312 
3 109 106 112 
3 95 114 115 
3 77 116 117 
3 98 114 95 
3 118 114 98 
3 117 114 118 
3 515 95 115 
3 119 515 115 
3 119 115 80 
3 117 116 114 
3 115 116 80 
3 114 116 115 
3 253 252 120 
3 121 418 120 
3 122 418 121 
3 120 123 121 
3 123 252 303 
3 324 124 305 
3 120 252 123 
3 122 121 315 
3 123 302 124 
3 121 123 124 
3 315 121 124 
3 142 125 140 
3 126 74 127 
3 125 128 73 
3 129 130 292 
3 127 130 129 
3 126 127 129 
3 127 74 70 
3 127 70 128 
3 349 128 125 
3 127 128 130 
3 130 128 349 
3 131 132 133 
3 132 112 113 
3 134 112 132 
3 135 147 134 
3 133 132 113 
3 136 137 131 
3 137 132 131 
3 137 134 132 
3 137 135 134 
3 137 422 135 
3 136 422 137 
3 246 138 139 
3 140 141 142 
3 139 141 140 
3 139 138 143 
3 143 141 139 
3 142 141 447 
3 447 141 144 
3 144 415 443 
3 144 141 143 
3 75 139 140 
3 75 246 139 
3 145 194 244 
3 248 145 244 
3 178 194 145 
3 383 389 539 
3 109 146 248 
3 146 145 248 
3 147 166 178 
3 146 112 134 
3 145 147 178 
3 134 147 146 
3 146 147 145 
3 109 112 146 
3 148 160 501 
3 149 150 151 
3 150 160 148 
3 151 150 148 
3 227 204 152 
3 148 225 152 
3 151 148 152 
3 148 501 225 
3 149 151 355 
3 225 227 152 
3 151 152 208 
3 153 154 155 
3 155 154 156 
3 153 157 433 
3 153 155 158 
3 156 154 338 
3 192 155 156 
3 438 154 153 
3 158 157 153 
3 180 157 177 
3 177 157 158 
3 180 434 157 
3 463 159 149 
3 500 160 566 
3 159 150 149 
3 161 162 163 
3 162 566 163 
3 161 163 159 
3 99 161 159 
3 566 160 163 
3 163 160 150 
3 163 150 159 
3 463 99 159 
3 161 96 162 
3 164 165 181 
3 165 426 286 
3 175 166 164 
3 135 422 167 
3 167 421 168 
3 164 168 165 
3 135 166 147 
3 165 168 426 
3 164 167 168 
3 166 167 164 
3 135 167 166 
3 169 170 171 
3 20 172 170 
3 169 17 170 
3 171 173 286 
3 426 171 286 
3 426 427 171 
3 427 169 171 
3 170 173 171 
3 290 173 172 
3 172 173 170 
3 20 388 172 
3 174 175 176 
3 174 176 177 
3 178 166 175 
3 176 179 180 
3 175 164 181 
3 175 181 176 
3 174 178 175 
3 176 180 177 
3 174 194 178 
3 181 179 176 
3 182 29 183 
3 184 185 182 
3 184 182 183 
3 184 210 185 
3 185 186 182 
3 187 184 183 
3 188 210 184 
3 188 184 187 
3 187 183 63 
3 186 27 182 
3 189 174 177 
3 189 177 158 
3 189 158 190 
3 191 190 192 
3 193 189 190 
3 189 194 174 
3 191 193 190 
3 191 243 193 
3 193 194 189 
3 158 155 190 
3 190 155 192 
3 195 196 64 
3 330 196 197 
3 382 197 198 
3 382 198 251 
3 198 195 88 
3 198 254 251 
3 198 88 254 
3 197 196 195 
3 88 90 254 
3 198 197 195 
3 65 196 333 
3 523 199 527 
3 200 391 201 
3 199 202 201 
3 202 200 201 
3 203 201 364 
3 201 391 364 
3 203 199 201 
3 527 199 203 
3 523 696 199 
3 199 696 202 
3 909 200 202 
3 204 205 206 
3 206 207 351 
3 206 205 207 
3 409 205 53 
3 54 205 204 
3 54 204 227 
3 152 204 208 
3 208 204 206 
3 208 206 353 
3 53 205 54 
3 207 205 409 
3 58 209 188 
3 600 185 210 
3 480 211 212 
3 600 210 211 
3 212 209 450 
3 188 209 210 
3 211 209 212 
3 210 209 211 
3 480 213 211 
3 213 600 211 
3 214 24 215 
3 27 216 24 
3 186 216 27 
3 215 216 550 
3 24 216 215 
3 186 599 216 
3 216 599 550 
3 217 218 859 
3 214 218 217 
3 215 218 214 
3 552 218 215 
3 19 219 22 
3 220 221 219 
3 19 220 219 
3 220 557 221 
3 222 223 671 
3 223 224 669 
3 221 224 223 
3 559 224 221 
3 219 223 222 
3 219 222 22 
3 221 223 219 
3 225 226 227 
3 228 229 230 
3 55 229 473 
3 226 55 227 
3 501 231 225 
3 231 230 226 
3 225 231 226 
3 226 229 55 
3 230 229 226 
3 263 228 230 
3 311 232 233 
3 306 256 234 
3 233 232 235 
3 605 234 638 
3 232 234 235 
3 306 234 232 
3 235 234 605 
3 235 236 233 
3 233 236 237 
3 233 237 398 
3 311 233 398 
3 238 239 240 
3 241 534 752 
3 534 241 238 
3 241 752 242 
3 238 241 239 
3 241 242 239 
3 40 238 240 
3 40 240 41 
3 242 700 239 
3 240 702 41 
3 239 701 240 
3 243 244 193 
3 243 245 244 
3 245 138 246 
3 245 246 247 
3 244 245 248 
3 248 245 247 
3 109 248 247 
3 243 138 245 
3 244 194 193 
3 247 246 110 
3 110 246 75 
3 249 303 250 
3 251 252 253 
3 250 252 251 
3 382 251 253 
3 254 90 255 
3 254 255 250 
3 255 104 249 
3 254 250 251 
3 255 249 250 
3 303 252 250 
3 638 256 257 
3 306 258 256 
3 23 214 259 
3 260 23 259 
3 260 257 256 
3 258 260 256 
3 260 259 257 
3 23 260 258 
3 259 639 257 
3 214 217 259 
3 217 639 259 
3 261 228 262 
3 263 262 228 
3 263 264 262 
3 265 266 665 
3 664 267 265 
3 264 266 265 
3 261 267 15 
3 503 266 264 
3 262 267 261 
3 264 265 262 
3 265 267 262 
3 268 418 122 
3 268 122 269 
3 270 271 268 
3 270 268 269 
3 107 270 269 
3 312 107 269 
3 111 71 270 
3 107 111 270 
3 270 71 271 
3 271 420 268 
3 271 74 416 
3 272 273 274 
3 434 273 272 
3 180 273 434 
3 179 273 180 
3 289 273 179 
3 591 275 274 
3 291 591 274 
3 275 272 274 
3 291 274 289 
3 274 273 289 
3 291 594 591 
3 275 8 272 
3 276 277 406 
3 278 279 280 
3 278 280 277 
3 276 278 277 
3 276 37 278 
3 279 368 280 
3 280 405 277 
3 367 405 280 
3 37 281 278 
3 279 281 527 
3 278 281 279 
3 282 283 284 
3 283 117 118 
3 283 118 460 
3 105 77 282 
3 104 282 284 
3 104 284 249 
3 285 300 284 
3 283 285 284 
3 283 460 285 
3 282 117 283 
3 77 117 282 
3 165 286 287 
3 286 288 287 
3 288 289 287 
3 286 173 288 
3 288 173 290 
3 165 287 181 
3 288 290 291 
3 288 291 289 
3 289 179 287 
3 290 594 291 
3 287 179 181 
3 292 293 317 
3 293 67 317 
3 294 67 293 
3 295 296 297 
3 292 130 298 
3 292 298 297 
3 299 294 293 
3 297 299 293 
3 298 295 297 
3 292 297 293 
3 297 296 299 
3 300 301 302 
3 285 301 300 
3 303 302 123 
3 249 300 303 
3 284 300 249 
3 300 302 303 
3 304 301 464 
3 305 301 304 
3 302 301 305 
3 124 302 305 
3 306 232 307 
3 92 308 309 
3 310 28 25 
3 306 310 25 
3 306 307 310 
3 62 310 308 
3 311 307 232 
3 308 310 307 
3 62 28 310 
3 309 308 307 
3 397 309 311 
3 311 309 307 
3 113 312 313 
3 314 122 315 
3 315 316 314 
3 314 316 313 
3 313 316 87 
3 312 269 314 
3 269 122 314 
3 312 314 313 
3 133 313 87 
3 133 113 313 
3 324 316 315 
3 317 67 318 
3 328 379 319 
3 129 292 317 
3 126 129 320 
3 126 320 321 
3 320 319 321 
3 129 317 320 
3 319 331 328 
3 317 318 320 
3 318 319 320 
3 318 331 319 
3 322 323 324 
3 325 326 86 
3 86 323 325 
3 327 352 325 
3 323 316 324 
3 325 323 322 
3 327 325 322 
3 322 324 305 
3 352 326 325 
3 322 305 304 
3 327 322 304 
3 328 329 330 
3 329 331 332 
3 330 329 333 
3 328 331 329 
3 333 196 330 
3 65 333 59 
3 329 334 333 
3 333 334 59 
3 332 57 334 
3 332 334 329 
3 335 336 337 
3 156 338 339 
3 192 156 335 
3 338 538 339 
3 412 335 337 
3 412 192 335 
3 156 339 335 
3 337 336 402 
3 339 336 335 
3 337 402 415 
3 407 336 339 
3 340 341 342 
3 343 66 294 
3 340 342 343 
3 340 343 294 
3 342 359 452 
3 342 452 343 
3 341 344 342 
3 344 359 342 
3 345 346 344 
3 341 345 344 
3 345 1006 346 
3 347 348 459 
3 298 347 295 
3 349 125 350 
3 350 125 142 
3 348 350 446 
3 446 350 142 
3 347 350 348 
3 298 130 349 
3 349 350 347 
3 298 349 347 
3 347 459 295 
3 351 326 352 
3 351 352 353 
3 351 207 354 
3 354 326 351 
3 149 355 84 
3 151 208 355 
3 206 351 353 
3 208 353 355 
3 352 356 353 
3 355 356 84 
3 353 356 355 
3 346 357 358 
3 346 358 344 
3 358 359 344 
3 358 360 359 
3 452 359 453 
3 359 360 453 
3 453 360 578 
3 357 361 358 
3 360 362 578 
3 360 361 362 
3 358 361 360 
3 391 363 364 
3 365 366 363 
3 444 366 365 
3 363 455 365 
3 367 366 444 
3 363 366 364 
3 368 367 280 
3 368 366 367 
3 279 203 368 
3 364 366 368 
3 203 364 368 
3 369 131 370 
3 369 370 371 
3 369 371 372 
3 3 369 372 
3 369 136 131 
3 133 87 370 
3 131 133 370 
3 3 136 369 
3 370 86 371 
3 371 326 354 
3 371 354 372 
3 373 374 375 
3 427 374 373 
3 375 0 376 
3 374 0 375 
3 375 377 378 
3 373 21 169 
3 427 373 169 
3 373 375 378 
3 373 378 21 
3 376 377 375 
3 466 377 376 
3 419 379 380 
3 381 379 328 
3 319 379 321 
3 321 379 419 
3 381 197 382 
3 381 330 197 
3 380 381 382 
3 380 382 253 
3 380 253 417 
3 381 328 330 
3 380 379 381 
3 383 290 172 
3 384 385 386 
3 20 387 384 
3 384 388 20 
3 384 389 383 
3 389 384 386 
3 384 387 385 
3 383 388 384 
3 388 383 172 
3 387 624 385 
3 390 391 200 
3 392 455 363 
3 393 455 392 
3 392 391 390 
3 394 392 390 
3 393 392 394 
3 394 390 1066 
3 394 1065 395 
3 393 394 395 
3 392 363 391 
3 1065 431 395 
3 396 309 397 
3 398 399 400 
3 400 399 81 
3 92 309 396 
3 103 396 401 
3 397 311 398 
3 83 401 400 
3 397 398 400 
3 401 397 400 
3 401 396 397 
3 237 399 398 
3 402 403 415 
3 404 405 402 
3 277 405 404 
3 336 404 402 
3 405 403 402 
3 536 276 406 
3 537 406 407 
3 367 403 405 
3 277 404 406 
3 407 404 336 
3 406 404 407 
3 408 409 410 
3 354 207 411 
3 409 53 410 
3 4 372 411 
3 4 411 408 
3 1 4 408 
3 471 1 408 
3 471 408 410 
3 411 409 408 
3 411 207 409 
3 372 354 411 
3 412 413 191 
3 243 413 138 
3 143 413 414 
3 138 413 143 
3 414 413 412 
3 412 191 192 
3 144 143 414 
3 414 337 415 
3 414 412 337 
3 144 414 415 
3 191 413 243 
3 416 74 126 
3 253 120 417 
3 120 418 417 
3 419 380 417 
3 417 418 420 
3 420 418 268 
3 419 417 420 
3 416 126 321 
3 271 416 420 
3 416 321 419 
3 416 419 420 
3 421 422 423 
3 424 421 425 
3 425 421 423 
3 168 421 424 
3 167 422 421 
3 425 374 424 
3 426 424 427 
3 424 374 427 
3 426 168 424 
3 423 422 136 
3 295 428 296 
3 429 428 458 
3 1064 430 431 
3 430 1005 441 
3 431 432 429 
3 430 432 431 
3 299 340 294 
3 432 440 429 
3 440 428 429 
3 296 428 440 
3 441 432 430 
3 395 431 429 
3 433 434 435 
3 46 489 436 
3 435 434 272 
3 433 435 437 
3 438 153 433 
3 438 433 437 
3 437 436 490 
3 438 437 490 
3 437 6 436 
3 435 6 437 
3 157 434 433 
3 439 440 432 
3 439 432 441 
3 442 440 439 
3 441 1006 345 
3 442 296 440 
3 341 442 439 
3 340 442 341 
3 299 442 340 
3 341 439 345 
3 439 441 345 
3 299 296 442 
3 443 444 445 
3 445 444 365 
3 415 403 443 
3 446 142 447 
3 446 445 456 
3 446 447 445 
3 447 443 445 
3 447 144 443 
3 445 365 456 
3 367 444 403 
3 403 444 443 
3 448 66 343 
3 449 450 451 
3 452 448 343 
3 449 451 448 
3 452 449 448 
3 452 453 449 
3 453 578 454 
3 453 454 449 
3 454 450 449 
3 212 450 454 
3 365 455 456 
3 457 455 393 
3 458 428 459 
3 348 446 456 
3 395 429 458 
3 348 456 457 
3 393 395 458 
3 457 393 458 
3 457 458 459 
3 348 457 459 
3 459 428 295 
3 456 455 457 
3 460 461 462 
3 99 461 98 
3 463 461 99 
3 98 461 118 
3 462 85 464 
3 464 301 285 
3 460 464 285 
3 85 304 464 
3 460 462 464 
3 462 461 463 
3 118 461 460 
3 465 466 467 
3 465 467 52 
3 465 52 468 
3 469 470 465 
3 465 470 466 
3 410 50 467 
3 471 410 467 
3 466 376 471 
3 466 471 467 
3 469 465 468 
3 469 487 470 
3 10 472 473 
3 474 475 468 
3 474 472 476 
3 11 476 472 
3 10 473 229 
3 52 49 474 
3 52 474 468 
3 11 472 10 
3 49 472 474 
3 474 476 475 
3 473 472 49 
3 576 477 478 
3 477 479 478 
3 480 479 481 
3 213 480 481 
3 479 480 478 
3 477 576 482 
3 479 477 483 
3 479 483 481 
3 477 898 1071 
3 477 1071 483 
3 477 482 898 
3 220 18 484 
3 220 484 485 
3 470 377 466 
3 486 377 470 
3 378 377 486 
3 378 486 484 
3 378 484 21 
3 486 485 484 
3 484 18 21 
3 486 487 485 
3 470 487 486 
3 488 489 44 
3 436 489 490 
3 488 43 491 
3 492 154 438 
3 488 44 43 
3 338 492 491 
3 492 438 490 
3 338 154 492 
3 492 488 491 
3 492 490 488 
3 490 489 488 
3 493 494 495 
3 496 494 493 
3 496 361 357 
3 357 494 496 
3 715 496 493 
3 1068 495 494 
3 646 713 497 
3 495 645 643 
3 1070 645 495 
3 493 643 497 
3 493 497 715 
3 495 643 493 
3 498 499 231 
3 500 498 501 
3 498 500 502 
3 499 503 264 
3 499 502 503 
3 500 501 160 
3 499 230 231 
3 499 498 502 
3 263 499 264 
3 499 263 230 
3 498 231 501 
3 504 588 505 
3 506 512 507 
3 507 508 509 
3 583 508 507 
3 510 504 505 
3 506 507 509 
3 504 508 584 
3 509 508 510 
3 510 508 504 
3 517 507 512 
3 581 588 504 
3 511 512 506 
3 513 512 511 
3 32 100 514 
3 515 514 94 
3 514 516 513 
3 515 516 514 
3 513 32 514 
3 513 516 512 
3 119 516 515 
3 517 512 516 
3 517 516 119 
3 518 519 520 
3 560 519 518 
3 519 487 469 
3 518 520 521 
3 469 468 520 
3 520 475 521 
3 468 475 520 
3 519 469 520 
3 522 855 518 
3 521 547 522 
3 521 522 518 
3 518 855 560 
3 523 524 525 
3 526 524 36 
3 525 524 526 
3 281 524 527 
3 36 524 281 
3 527 524 523 
3 697 523 525 
3 526 36 690 
3 279 527 203 
3 526 680 525 
3 525 681 697 
3 528 32 513 
3 528 513 511 
3 688 529 530 
3 531 529 532 
3 530 529 531 
3 532 529 528 
3 511 532 528 
3 528 529 35 
3 530 811 687 
3 531 533 530 
3 533 811 530 
3 751 534 535 
3 534 238 536 
3 43 535 491 
3 537 536 406 
3 534 536 537 
3 338 491 538 
3 538 407 339 
3 538 537 407 
3 534 537 535 
3 491 535 538 
3 538 535 537 
3 751 535 43 
3 539 389 540 
3 539 540 541 
3 539 541 542 
3 543 542 541 
3 595 542 543 
3 389 386 540 
3 541 632 543 
3 540 628 544 
3 540 544 541 
3 386 628 540 
3 544 632 541 
3 545 476 13 
3 521 475 545 
3 475 476 545 
3 546 547 548 
3 522 547 791 
3 548 14 549 
3 546 548 549 
3 791 547 546 
3 548 547 545 
3 13 548 545 
3 545 547 521 
3 550 599 551 
3 552 553 554 
3 555 552 554 
3 555 218 552 
3 554 553 653 
3 859 218 555 
3 550 553 552 
3 551 553 550 
3 550 552 215 
3 554 556 555 
3 656 556 554 
3 557 558 559 
3 557 220 485 
3 558 487 519 
3 559 558 560 
3 558 519 560 
3 485 487 558 
3 557 485 558 
3 557 559 221 
3 560 855 561 
3 560 561 559 
3 561 224 559 
3 562 563 564 
3 500 565 502 
3 563 562 33 
3 562 566 162 
3 562 162 30 
3 562 567 566 
3 500 567 565 
3 567 562 564 
3 563 685 564 
3 567 564 565 
3 567 500 566 
3 568 846 569 
3 570 571 572 
3 1053 573 574 
3 570 572 575 
3 571 967 572 
3 573 570 575 
3 573 575 574 
3 568 573 918 
3 569 571 570 
3 569 570 568 
3 570 573 568 
3 576 478 577 
3 578 577 579 
3 579 212 454 
3 480 212 579 
3 480 579 478 
3 578 579 454 
3 579 577 478 
3 362 577 578 
3 580 577 362 
3 576 580 482 
3 576 577 580 
3 586 581 582 
3 583 584 508 
3 517 583 507 
3 586 582 81 
3 583 119 80 
3 583 80 79 
3 582 584 79 
3 583 79 584 
3 581 584 582 
3 581 504 584 
3 583 517 119 
3 585 399 237 
3 586 587 588 
3 586 81 399 
3 589 587 723 
3 505 588 589 
3 589 588 587 
3 586 585 587 
3 585 586 399 
3 581 586 588 
3 724 590 589 
3 589 590 505 
3 591 592 275 
3 593 592 591 
3 593 591 594 
3 383 539 594 
3 383 594 290 
3 9 592 595 
3 593 542 592 
3 595 592 542 
3 539 593 594 
3 275 592 9 
3 593 539 542 
3 213 481 596 
3 597 598 599 
3 597 599 186 
3 600 596 598 
3 551 598 677 
3 597 600 598 
3 598 596 677 
3 600 597 185 
3 551 599 598 
3 600 213 596 
3 597 186 185 
3 601 602 603 
3 604 235 605 
3 726 236 604 
3 604 236 235 
3 773 601 603 
3 773 727 601 
3 603 602 658 
3 604 602 601 
3 605 602 604 
3 640 602 605 
3 604 601 726 
3 601 727 726 
3 606 607 608 
3 608 590 609 
3 610 607 848 
3 606 608 609 
3 848 607 606 
3 608 607 510 
3 505 590 608 
3 509 607 610 
3 505 608 510 
3 509 610 506 
3 510 607 509 
3 748 611 997 
3 612 611 613 
3 613 649 887 
3 48 614 615 
3 612 613 887 
3 997 611 612 
3 615 611 748 
3 613 611 614 
3 47 649 613 
3 615 748 750 
3 47 613 614 
3 614 611 615 
3 616 617 610 
3 532 617 618 
3 531 532 618 
3 618 617 616 
3 610 617 506 
3 511 617 532 
3 506 617 511 
3 531 619 533 
3 618 619 531 
3 616 793 618 
3 793 619 618 
3 620 621 222 
3 622 621 623 
3 620 222 671 
3 627 622 623 
3 623 621 620 
3 222 621 22 
3 624 621 622 
3 624 622 385 
3 22 621 624 
3 623 831 627 
3 620 833 623 
3 625 626 627 
3 626 622 627 
3 625 628 626 
3 629 628 625 
3 385 622 626 
3 626 628 386 
3 385 626 386 
3 781 630 625 
3 629 630 635 
3 627 781 625 
3 625 630 629 
3 631 544 629 
3 544 628 629 
3 729 632 633 
3 865 729 633 
3 631 632 544 
3 633 632 631 
3 543 632 729 
3 634 635 1049 
3 631 635 634 
3 631 634 633 
3 629 635 631 
3 634 1081 633 
3 659 636 637 
3 638 234 256 
3 636 639 637 
3 659 640 636 
3 641 639 217 
3 637 639 641 
3 257 639 636 
3 638 640 605 
3 257 636 638 
3 636 640 638 
3 641 858 637 
3 642 643 644 
3 497 643 642 
3 643 645 644 
3 646 497 642 
3 647 648 721 
3 647 645 648 
3 644 645 647 
3 648 645 1070 
3 799 805 642 
3 644 799 642 
3 642 805 646 
3 887 649 886 
3 5 650 651 
3 5 651 46 
3 47 46 651 
3 5 733 650 
3 886 649 652 
3 886 652 868 
3 650 869 652 
3 652 649 651 
3 650 652 651 
3 651 649 47 
3 653 553 654 
3 654 675 655 
3 653 654 655 
3 677 654 551 
3 654 553 551 
3 656 657 837 
3 837 657 1016 
3 653 657 656 
3 655 657 653 
3 653 656 554 
3 1017 657 655 
3 658 640 659 
3 658 602 640 
3 660 661 937 
3 976 660 937 
3 976 662 660 
3 658 662 603 
3 858 661 637 
3 659 661 660 
3 659 660 658 
3 637 661 659 
3 660 662 658 
3 663 267 664 
3 15 267 663 
3 664 265 665 
3 666 15 663 
3 756 667 668 
3 1041 667 756 
3 663 667 1043 
3 664 667 663 
3 663 1043 666 
3 665 668 664 
3 668 667 664 
3 669 224 670 
3 671 223 669 
3 670 224 561 
3 672 673 674 
3 1033 672 674 
3 1098 673 853 
3 674 673 1098 
3 669 673 672 
3 670 673 669 
3 669 672 671 
3 853 673 670 
3 655 675 676 
3 677 675 654 
3 678 675 677 
3 678 481 483 
3 678 596 481 
3 677 596 678 
3 1073 679 1071 
3 676 679 1073 
3 676 675 679 
3 483 679 678 
3 679 675 678 
3 1071 679 483 
3 525 680 681 
3 681 680 682 
3 766 681 682 
3 766 765 681 
3 682 680 693 
3 681 765 697 
3 969 768 767 
3 824 762 825 
3 682 762 766 
3 693 825 682 
3 825 762 682 
3 767 1013 969 
3 34 683 684 
3 563 684 685 
3 563 33 684 
3 711 686 777 
3 687 688 530 
3 687 683 688 
3 778 683 687 
3 778 686 683 
3 685 686 711 
3 684 686 685 
3 683 686 684 
3 688 683 34 
3 41 689 690 
3 691 689 692 
3 693 691 692 
3 693 680 691 
3 705 689 702 
3 692 689 705 
3 690 689 691 
3 690 691 526 
3 702 689 41 
3 691 680 526 
3 692 829 693 
3 765 694 695 
3 695 696 697 
3 697 696 523 
3 908 698 699 
3 695 698 696 
3 699 698 695 
3 696 698 202 
3 909 698 908 
3 909 202 698 
3 699 694 904 
3 695 694 699 
3 697 765 695 
3 700 701 239 
3 240 701 702 
3 703 701 700 
3 702 701 704 
3 703 700 913 
3 705 702 704 
3 704 701 703 
3 704 706 707 
3 703 706 704 
3 704 707 705 
3 708 709 893 
3 503 502 708 
3 710 564 685 
3 710 565 564 
3 708 565 710 
3 502 565 708 
3 776 709 711 
3 711 709 710 
3 685 711 710 
3 708 893 503 
3 710 709 708 
3 712 713 899 
3 361 714 362 
3 496 714 361 
3 482 580 712 
3 715 714 496 
3 580 714 712 
3 712 714 715 
3 362 714 580 
3 497 713 715 
3 712 899 482 
3 715 713 712 
3 716 742 717 
3 716 717 718 
3 1069 718 719 
3 719 718 717 
3 1007 716 718 
3 648 720 721 
3 722 720 744 
3 721 720 722 
3 719 720 648 
3 717 720 719 
3 744 720 717 
3 723 724 589 
3 587 725 723 
3 723 725 726 
3 726 725 236 
3 236 725 237 
3 585 725 587 
3 585 237 725 
3 724 727 728 
3 728 727 773 
3 723 727 724 
3 726 727 723 
3 543 729 730 
3 730 595 543 
3 731 732 730 
3 730 732 595 
3 733 732 731 
3 733 731 650 
3 734 729 865 
3 731 869 650 
3 730 729 734 
3 730 734 731 
3 734 869 731 
3 910 905 735 
3 1060 736 743 
3 737 1062 738 
3 735 738 910 
3 1060 737 736 
3 737 735 736 
3 737 738 735 
3 735 905 739 
3 739 740 736 
3 735 739 736 
3 736 740 743 
3 741 716 1063 
3 716 741 742 
3 741 743 742 
3 744 745 746 
3 745 740 747 
3 722 744 746 
3 746 745 747 
3 742 745 744 
3 743 740 745 
3 742 744 717 
3 743 745 742 
3 748 749 750 
3 534 751 752 
3 242 752 750 
3 751 42 752 
3 42 750 752 
3 700 749 913 
3 753 748 997 
3 753 749 748 
3 913 749 753 
3 242 749 700 
3 750 749 242 
3 668 754 755 
3 756 668 755 
3 755 754 1087 
3 665 754 668 
3 757 758 759 
3 1039 757 760 
3 757 759 760 
3 758 757 755 
3 756 757 1039 
3 1087 758 755 
3 755 757 756 
3 761 762 763 
3 764 765 766 
3 764 694 765 
3 901 694 764 
3 767 768 761 
3 767 761 763 
3 763 762 824 
3 766 762 761 
3 761 768 764 
3 766 761 764 
3 764 768 901 
3 862 769 770 
3 771 772 975 
3 771 769 772 
3 770 769 771 
3 603 662 772 
3 728 769 862 
3 773 769 728 
3 603 772 773 
3 772 769 773 
3 771 978 863 
3 975 978 771 
3 771 863 770 
3 963 774 775 
3 891 774 962 
3 776 711 777 
3 777 686 778 
3 775 779 813 
3 963 775 813 
3 778 779 775 
3 687 779 778 
3 775 774 777 
3 776 774 891 
3 778 775 777 
3 777 774 776 
3 780 630 781 
3 780 781 782 
3 781 831 782 
3 1046 630 780 
3 627 831 781 
3 783 784 785 
3 783 785 1050 
3 784 1038 785 
3 782 784 783 
3 832 784 782 
3 783 1047 780 
3 782 783 780 
3 786 787 880 
3 817 788 789 
3 786 790 787 
3 788 790 789 
3 789 790 786 
3 787 790 546 
3 791 790 788 
3 791 788 854 
3 549 787 546 
3 546 790 791 
3 786 881 818 
3 786 818 789 
3 792 793 794 
3 793 850 794 
3 792 619 793 
3 922 619 792 
3 616 850 793 
3 795 874 796 
3 795 796 797 
3 924 795 797 
3 794 874 795 
3 794 795 792 
3 795 924 792 
3 798 799 800 
3 801 802 1057 
3 798 805 799 
3 801 803 802 
3 799 803 800 
3 800 803 801 
3 802 803 647 
3 644 803 799 
3 721 802 647 
3 647 803 644 
3 1057 979 801 
3 804 805 798 
3 806 900 807 
3 807 805 804 
3 806 807 804 
3 646 805 807 
3 808 809 810 
3 808 810 1092 
3 809 984 810 
3 804 809 808 
3 804 808 806 
3 798 809 804 
3 923 811 533 
3 812 811 923 
3 812 779 811 
3 813 779 812 
3 811 779 687 
3 958 814 815 
3 814 919 816 
3 814 816 815 
3 813 814 958 
3 812 814 813 
3 923 919 812 
3 919 814 812 
3 817 852 788 
3 818 881 819 
3 820 821 822 
3 820 822 1101 
3 818 819 823 
3 821 818 823 
3 821 823 822 
3 817 821 820 
3 789 821 817 
3 817 820 1096 
3 818 821 789 
3 824 825 826 
3 827 828 707 
3 829 828 830 
3 826 829 830 
3 830 828 827 
3 826 825 829 
3 707 828 705 
3 692 828 829 
3 705 828 692 
3 829 825 693 
3 826 940 824 
3 782 831 832 
3 833 834 835 
3 832 833 835 
3 832 831 833 
3 1033 834 672 
3 835 834 1033 
3 620 834 833 
3 671 834 620 
3 672 834 671 
3 833 831 623 
3 835 1035 832 
3 931 556 836 
3 836 656 837 
3 836 556 656 
3 838 1018 839 
3 840 838 841 
3 840 841 927 
3 838 839 841 
3 1018 838 837 
3 836 838 840 
3 836 840 931 
3 837 838 836 
3 842 843 906 
3 569 843 842 
3 844 740 739 
3 844 739 845 
3 747 740 844 
3 846 843 569 
3 844 843 846 
3 845 843 844 
3 906 843 845 
3 844 846 747 
3 842 571 569 
3 606 871 847 
3 609 871 606 
3 616 610 848 
3 847 871 873 
3 849 847 873 
3 849 850 847 
3 794 850 849 
3 848 850 616 
3 606 847 848 
3 847 850 848 
3 877 947 878 
3 849 874 794 
3 851 852 853 
3 854 855 522 
3 561 855 851 
3 670 561 851 
3 854 522 791 
3 851 855 854 
3 853 852 1096 
3 1096 852 817 
3 854 852 851 
3 851 853 670 
3 788 852 854 
3 555 556 856 
3 641 857 858 
3 641 217 859 
3 856 556 931 
3 858 857 932 
3 933 856 931 
3 933 857 856 
3 932 857 933 
3 859 857 641 
3 555 856 859 
3 856 857 859 
3 860 861 609 
3 860 590 724 
3 860 724 728 
3 609 590 860 
3 948 862 770 
3 948 861 862 
3 728 862 860 
3 862 861 860 
3 863 978 864 
3 863 864 950 
3 978 974 864 
3 633 1081 865 
3 866 867 868 
3 652 869 868 
3 866 734 865 
3 866 869 734 
3 868 869 866 
3 884 867 955 
3 868 867 884 
3 865 1081 870 
3 865 870 866 
3 870 867 866 
3 861 871 609 
3 872 871 861 
3 873 871 872 
3 874 875 876 
3 874 876 796 
3 875 877 878 
3 875 878 876 
3 849 875 874 
3 873 875 849 
3 872 877 873 
3 877 875 873 
3 549 879 787 
3 1043 879 666 
3 787 879 880 
3 880 879 1042 
3 666 879 549 
3 881 882 883 
3 882 1045 883 
3 881 883 819 
3 882 881 880 
3 1042 882 880 
3 880 881 786 
3 884 885 886 
3 887 885 888 
3 889 885 884 
3 888 885 890 
3 889 884 955 
3 995 888 890 
3 890 885 889 
3 868 884 886 
3 887 888 612 
3 886 885 887 
3 776 891 892 
3 893 709 892 
3 894 893 892 
3 892 709 776 
3 894 266 893 
3 665 266 894 
3 893 266 503 
3 894 754 665 
3 892 895 894 
3 895 754 894 
3 891 895 892 
3 646 807 896 
3 897 1076 1072 
3 897 898 899 
3 899 713 896 
3 897 899 896 
3 1072 898 897 
3 896 713 646 
3 899 898 482 
3 807 900 896 
3 897 900 1076 
3 896 900 897 
3 901 902 903 
3 904 694 901 
3 903 905 904 
3 739 905 845 
3 903 904 901 
3 845 905 903 
3 902 768 969 
3 968 906 902 
3 842 906 968 
3 903 906 845 
3 901 768 902 
3 902 906 903 
3 907 908 738 
3 907 738 1062 
3 907 909 908 
3 907 390 200 
3 910 908 699 
3 907 1062 1066 
3 907 1066 390 
3 910 738 908 
3 909 907 200 
3 904 905 910 
3 699 904 910 
3 911 912 913 
3 911 914 1002 
3 915 911 1002 
3 915 912 911 
3 1020 912 915 
3 1020 706 912 
3 753 914 911 
3 913 912 703 
3 997 914 753 
3 912 706 703 
3 753 911 913 
3 846 916 747 
3 917 1056 722 
3 917 916 918 
3 1055 917 918 
3 568 916 846 
3 1055 1056 917 
3 918 916 568 
3 746 916 917 
3 747 916 746 
3 746 917 722 
3 918 573 1053 
3 918 1053 1055 
3 919 920 921 
3 533 619 922 
3 923 533 922 
3 920 924 925 
3 919 921 816 
3 920 925 921 
3 924 797 925 
3 922 924 920 
3 792 924 922 
3 923 920 919 
3 922 920 923 
3 926 840 927 
3 928 926 929 
3 938 928 930 
3 928 929 930 
3 926 927 929 
3 840 926 931 
3 928 938 932 
3 933 926 928 
3 933 928 932 
3 931 926 933 
3 977 934 935 
3 936 661 858 
3 936 858 932 
3 937 661 936 
3 934 938 939 
3 934 939 935 
3 938 930 939 
3 934 977 937 
3 936 938 934 
3 936 934 937 
3 932 938 936 
3 940 941 942 
3 941 943 944 
3 943 1025 945 
3 940 942 1014 
3 943 945 944 
3 941 944 942 
3 827 1025 943 
3 943 941 830 
3 826 941 940 
3 827 943 830 
3 830 941 826 
3 877 946 947 
3 872 861 948 
3 949 863 950 
3 949 950 951 
3 946 949 951 
3 946 951 947 
3 872 946 877 
3 948 946 872 
3 770 863 949 
3 770 949 948 
3 949 946 948 
3 1028 952 953 
3 954 870 1080 
3 954 867 870 
3 955 867 954 
3 956 1082 957 
3 952 956 957 
3 952 957 953 
3 955 952 1028 
3 954 952 955 
3 1080 956 954 
3 956 952 954 
3 958 815 959 
3 960 961 1088 
3 962 774 963 
3 960 964 961 
3 964 958 959 
3 964 959 961 
3 962 964 960 
3 963 964 962 
3 962 960 1085 
3 813 958 963 
3 958 964 963 
3 965 966 967 
3 968 902 969 
3 571 965 967 
3 970 1013 971 
3 965 970 966 
3 970 971 966 
3 965 571 842 
3 1013 970 969 
3 968 970 965 
3 968 965 842 
3 969 970 968 
3 972 973 974 
3 772 662 975 
3 975 662 976 
3 972 977 973 
3 977 935 973 
3 978 972 974 
3 976 977 972 
3 976 972 975 
3 937 977 976 
3 972 978 975 
3 979 1059 980 
3 981 979 980 
3 982 981 983 
3 809 982 984 
3 981 980 983 
3 982 983 984 
3 801 979 981 
3 981 982 800 
3 798 982 809 
3 801 981 800 
3 800 982 798 
3 985 986 987 
3 988 1077 989 
3 986 1094 990 
3 986 990 987 
3 985 987 991 
3 1015 985 991 
3 1074 1094 986 
3 989 985 988 
3 985 1015 988 
3 1074 986 989 
3 986 985 989 
3 1000 992 993 
3 994 888 995 
3 996 994 995 
3 996 914 994 
3 612 888 994 
3 612 994 997 
3 994 914 997 
3 992 1030 993 
3 995 1026 992 
3 995 992 996 
3 992 1000 996 
3 998 999 1023 
3 1000 993 1001 
3 1002 914 996 
3 1003 1000 1001 
3 1003 1001 999 
3 998 1003 999 
3 1002 1000 1003 
3 915 998 1020 
3 996 1000 1002 
3 1002 1003 915 
3 1003 998 915 
3 716 1004 1063 
3 441 1005 1006 
3 1004 1005 430 
3 1064 1004 430 
3 1007 718 1008 
3 1069 1008 718 
3 1064 1063 1004 
3 716 1007 1004 
3 1005 1008 1006 
3 1007 1008 1005 
3 1007 1005 1004 
3 1009 1010 1011 
3 1009 1011 1012 
3 767 1009 1013 
3 763 1009 767 
3 1013 1009 1012 
3 1013 1012 971 
3 1010 940 1014 
3 1010 1014 1011 
3 824 1010 763 
3 1010 1009 763 
3 940 1010 824 
3 988 1015 1016 
3 1017 1077 988 
3 1016 1017 988 
3 1016 657 1017 
3 676 1077 1017 
3 676 1017 655 
3 1018 1015 1019 
3 1018 1019 839 
3 1015 991 1019 
3 1016 1015 1018 
3 1016 1018 837 
3 1020 998 1021 
3 707 706 1022 
3 827 707 1022 
3 1022 706 1020 
3 1021 998 1023 
3 1021 1023 1024 
3 1025 1021 1024 
3 1025 1024 945 
3 1022 1025 827 
3 1020 1021 1022 
3 1021 1025 1022 
3 890 1026 995 
3 1027 1028 1029 
3 992 1026 1030 
3 1027 1029 1031 
3 1028 953 1029 
3 1026 1027 1031 
3 1026 1031 1030 
3 889 1028 1027 
3 889 1027 890 
3 955 1028 889 
3 1027 1026 890 
3 674 1032 1033 
3 835 1034 1035 
3 1035 1034 1036 
3 1034 1032 1037 
3 1035 1036 1038 
3 1034 1037 1036 
3 784 1035 1038 
3 1032 1100 1037 
3 1033 1032 1034 
3 1033 1034 835 
3 1035 784 832 
3 1039 1040 1041 
3 1042 1040 882 
3 1043 667 1041 
3 1042 879 1043 
3 1042 1043 1041 
3 1040 1039 1044 
3 882 1040 1045 
3 1039 760 1044 
3 1040 1044 1045 
3 756 1039 1041 
3 1041 1040 1042 
3 1046 1047 1048 
3 635 630 1046 
3 1049 635 1046 
3 1047 783 1050 
3 1048 1047 1051 
3 1083 1048 1052 
3 1048 1051 1052 
3 1047 1050 1051 
3 1048 1083 1049 
3 1046 1048 1049 
3 780 1047 1046 
3 1053 1054 1055 
3 802 1056 1057 
3 1057 1056 1055 
3 721 1056 802 
3 722 1056 721 
3 1054 1053 1058 
3 979 1054 1059 
3 1053 574 1058 
3 1054 1058 1059 
3 1057 1054 979 
3 1055 1054 1057 
3 1060 1061 1062 
3 737 1060 1062 
3 1060 1063 1061 
3 1064 431 1065 
3 1061 1064 1065 
3 394 1066 1065 
3 1066 1061 1065 
3 1066 1062 1061 
3 1061 1063 1064 
3 741 1060 743 
3 1060 741 1063 
3 1067 494 357 
3 1067 1068 494 
3 1067 1008 1069 
3 1068 1067 1069 
3 1070 1069 719 
3 1067 357 346 
3 1067 346 1006 
3 1067 1006 1008 
3 1068 1069 1070 
3 1068 1070 495 
3 719 648 1070 
3 1071 898 1072 
3 1073 1071 1072 
3 1074 1075 1076 
3 989 1075 1074 
3 989 1077 1075 
3 1073 1077 676 
3 1072 1075 1073 
3 1075 1077 1073 
3 1076 1075 1072 
3 1078 1079 1080 
3 870 1081 1080 
3 1078 634 1049 
3 1078 1081 634 
3 1080 1081 1078 
3 956 1079 1082 
3 1079 1083 1084 
3 1079 1084 1082 
3 1083 1052 1084 
3 1080 1079 956 
3 1078 1083 1079 
3 1049 1083 1078 
3 1085 1086 1087 
3 1085 891 962 
3 1085 895 891 
3 1087 895 1085 
3 1087 754 895 
3 1086 960 1088 
3 758 1086 1089 
3 758 1089 759 
3 1086 1088 1089 
3 960 1086 1085 
3 1087 1086 758 
3 808 1090 806 
3 1076 900 1091 
3 1074 1076 1091 
3 1091 900 806 
3 1090 808 1092 
3 1090 1092 1093 
3 1094 1090 1093 
3 1094 1093 990 
3 1091 1094 1074 
3 806 1090 1091 
3 1090 1094 1091 
3 820 1095 1096 
3 1097 1032 674 
3 1098 853 1096 
3 1097 1095 1099 
3 1097 1099 1100 
3 1095 820 1101 
3 1032 1097 1100 
3 1095 1101 1099 
3 1098 1095 1097 
3 1096 1095 1098 
3 1098 1097 674 

CELL_TYPES 2123
5
5
5
5
5
5
5
5
5
5
5
5
5
5
5
5
5
5
5
5
5
5
5
5
5
5
5
5
5
5
5
5
5
5
5
5
5
5
5
5
5
5
5
5
5
5
5
5
5
5
5
5
5
5
5
5
5
5
5
5
5
5
5
5
5
5
5
5
5
5
5
5
5
5
5
5
5
5
5
5
5
5
5
5
5
5
5
5
5
5
5
5
5
5
5
5
5
5
5
5
5
5
5
5
5
5
5
5
5
5
5
5
5
5
5
5
5
5
5
5
5
5
5
5
5
5
5
5
5
5
5
5
5
5
5
5
5
5
5
5
5
5
5
5
5
5
5
5
5
5
5
5
5
5
5
5
5
5
5
5
5
5
5
5
5
5
5
5
5
5
5
5
5
5
5
5
5
5
5
5
5
5
5
5
5
5
5
5
5
5
5
5
5
5
5
5
5
5
5
5
5
5
5
5
5
5
5
5
5
5
5
5
5
5
5
5
5
5
5
5
5
5
5
5
5
5
5
5
5
5
5
5
5
5
5
5
5
5
5
5
5
5
5
5
5
5
5
5
5
5
5
5
5
5
5
5
5
5
5
5
5
5
5
5
5
5
5
5
5
5
5
5
5
5
5
5
5
5
5
5
5
5
5
5
5
5
5
5
5
5
5
5
5
5
5
5
5
5
5
5
5
5
5
5
5
5
5
5
5
5
5
5
5
5
5
5
5
5
5
5
5
5
5
5
5
5
5
5
5
5
5
5
5
5
5
5
5
5
5
5
5
5
5
5
5
5
5
5
5
5
5
5
5
5
5
5
5
5
5
5
5
5
5
5
5
5
5
5
5
5
5
5
5
5
5
5
5
5
5
5
5
5
5
5
5
5
5
5
5
5
5
5
5
5
5
5
5
5
5
5
5
5
5
5
5
5
5
5
5
5
5
5
5
5
5
5
5
5
5
5
5
5
5
5
5
5
5
5
5
5
5
5
5
5
5
5
5
5
5
5
5
5
5
5
5
5
5
5
5
5
5
5
5
5
5
5
5
5
5
5
5
5
5
5
5
5
5
5
5
5
5
5
5
5
5
5
5
5
5
5
5
5
5
5
5
5
5
5
5
5
5
5
5
5
5
5
5
5
5
5
5
5
5
5
5
5
5
5
5
5
5
5
5
5
5
5
5
5
5
5
5
5
5
5
5
5
5
5
5
5
5
5
5
5
5
5
5
5
5
5
5
5
5
5
5
5
5
5
5
5
5
5
5
5
5
5
5
5
5
5
5
5
5
5
5
5
5
5
5
5
5
5
5
5
5
5
5
5
5
5
5
5
5
5
5
5
5
5
5
5
5
5
5
5
5
5
5
5
5
5
5
5
5
5
5
5
5
5
5
5
5
5
5
5
5
5
5
5
5
5
5
5
5
5
5
5
5
5
5
5
5
5
5
5
5
5
5
5
5
5
5
5
5
5
5
5
5
5
5
5
5
5
5
5
5
5
5
5
5
5
5
5
5
5
5
5
5
5
5
5
5
5
5
5
5
5
5
5
5
5
5
5
5
5
5
5
5
5
5
5
5
5
5
5
5
5
5
5
5
5
5
5
5
5
5
5
5
5
5
5
5
5
5
5
5
5
5
5
5
5
5
5
5
5
5
5
5
5
5
5
5
5
5
5
5
5
5
5
5
5
5
5
5
5
5
5
5
5
5
5
5
5
5
5
5
5
5
5
5
5
5
5
5
5
5
5
5
5
5
5
5
5
5
5
5
5
5
5
5
5
5
5
5
5
5
5
5
5
5
5
5
5
5
5
5
5
5
5
5
5
5
5
5
5
5
5
5
5
5
5
5
5
5
5
5
5
5
5
5
5
5
5
5
5
5
5
5
5
5
5
5
5
5
5
5
5
5
5
5
5
5
5
5
5
5
5
5
5
5
5
5
5
5
5
5
5
5
5
5
5
5
5
5
5
5
5
5
5
5
5
5
5
5
5
5
5
5
5
5
5
5
5
5
5
5
5
5
5
5
5
5
5
5
5
5
5
5
5
5
5
5
5
5
5
5
5
5
5
5
5
5
5
5
5
5
5
5
5
5
5
5
5
5
5
5
5
5
5
5
5
5
5
5
5
5
5
5
5
5
5
5
5
5
5
5
5
5
5
5
5
5
5
5
5
5
5
5
5
5
5
5
5
5
5
5
5
5
5
5
5
5
5
5
5
5
5
5
5
5
5
5
5
5
5
5
5
5
5
5
5
5
5
5
5
5
5
5
5
5
5
5
5
5
5
5
5
5
5
5
5
5
5
5
5
5
5
5
5
5
5
5
5
5
5
5
5
5
5
5
5
5
5
5
5
5
5
5
5
5
5
5
5
5
5
5
5
5
5
5
5
5
5
5
5
5
5
5
5
5
5
5
5
5
5
5
5
5
5
5
5
5
5
5
5
5
5
5
5
5
5
5
5
5
5
5
5
5
5
5
5
5
5
5
5
5
5
5
5
5
5
5
5
5
5
5
5
5
5
5
5
5
5
5
5
5
5
5
5
5
5
5
5
5
5
5
5
5
5
5
5
5
5
5
5
5
5
5
5
5
5
5
5
5
5
5
5
5
5
5
5
5
5
5
5
5
5
5
5
5
5
5
5
5
5
5
5
5
5
5
5
5
5
5
5
5
5
5
5
5
5
5
5
5
5
5
5
5
5
5
5
5
5
5
5
5
5
5
5
5
5
5
5
5
5
5
5
5
5
5
5
5
5
5
5
5
5
5
5
5
5
5
5
5
5
5
5
5
5
5
5
5
5
5
5
5
5
5
5
5
5
5
5
5
5
5
5
5
5
5
5
5
5
5
5
5
5
5
5
5
5
5
5
5
5
5
5
5
5
5
5
5
5
5
5
5
5
5
5
5
5
5
5
5
5
5
5
5
5
5
5
5
5
5
5
5
5
5
5
5
5
5
5
5
5
5
5
5
5
5
5
5
5
5
5
5
5
5
5
5
5
5
5
5
5
5
5
5
5
5
5
5
5
5
5
5
5
5
5
5
5
5
5
5
5
5
5
5
5
5
5
5
5
5
5
5
5
5
5
5
5
5
5
5
5
5
5
5
5
5
5
5
5
5
5
5
5
5
5
5
5
5
5
5
5
5
5
5
5
5
5
5
5
5
5
5
5
5
5
5
5
5
5
5
5
5
5
5
5
5
5
5
5
5
5
5
5
5
5
5
5
5
5
5
5
5
5
5
5
5
5
5
5
5
5
5
5
5
5
5
5
5
5
5
5
5
5
5
5
5
5
5
5
5
5
5
5
5
5
5
5
5
5
5
5
5
5
5
5
5
5
5
5
5
5
5
5
5
5
5
5
5
5
5
5
5
5
5
5
5
5
5
5
5
5
5
5
5
5
5
5
5
5
5
5
5
5
5
5
5
5
5
5
5
5
5
5
5
5
5
5
5
5
5
5
5
5
5
5
5
5
5
5
5
5
5
5
5
5
5
5
5
5
5
5
5
5
5
5
5
5
5
5
5
5
5
5
5
5
5
5
5
5
5
5
5
5
5
5
5
5
5
5
5
5
5
5
5
5
5
5
5
5
5
5
5
5
5
5
5
5
5
5
5
5
5
5
5
5
5
5
5
5
5
5
5
5
5
5
5
5
5
5
5
5
5
5
5
5
5
5
5
5
5
5
5
5
5
5
5
5
5
5
5
5
5
5
5
5
5
5
5
5
5
5
5
5
5
5
5
5
5
5
5
5
5
5
5
5
5
5
5
5
5
5
5
5
5
5
5
5
5
5
5
5
5
5
5
5
5
5
5
5
5
5
5
5
5
5
5
5
5
5
5
5
5
5
5
5
5
5
5
5
5
5
5
5
5
5
5
5
5
5
5
5
5
5
5
5
5
5
5
5
5
5
5
5
5
5
5
5
5
5
5
5
5
5
5
5
5
5
5
5
5
5
5
5
5
5
5
5
5
5
5
5
5
5
5
5
5
5
5
5
5
5
5
5
5
5
5
5
5
5
5
5
5
5
5
5
5
5
5
5
5
5
5
5
5
5
5
5
5
5
5
5
5
5
5
5
5
5
5
5
5
5
5
5
5
5
5
5
5
5
5
5
5
5
5
5
5
5
5
5
5
5
5
5
5
5
5
5
5
5
5
5
5
5
5
5
5
5
5
5
5
5
5
5
5
5
5
5
5
5
5
5
5
5
5
5
5
5
5
5
5
5
5
5
5
5
5
5
5
5
5
5
5
5
5
5
5
5
5
5
5
5
5
5
5
5
5
5
5
5
5
5
5
5
5
5
5
5
5
5
5
5
5
5
5
5
5
5
5
5
5
5
5
5
5
5
5
5
5
5
5
5
5
5
5
5
5
5
5
5
5
5
5
5
5
5
5
5
5
5
5
5
5
5
5
5
5
5
5
5
5
5
5
5
5
5
5
5
5
5
5
5
5
5
5
5
5
5
5
5
5
5
5
5
5
5
5
5
5
5
5
5
5
5
5
5
5
5
5
5
5
5
5
5
5
5
5
5
5
5
5
5
5
5
5
5
5
5
5
5
5
5
5
5
5
5
5
5
5
5
5
5
5
5
5
5
5
5
5
5
5
5
5
5
5
5
5
5
5
5
5
5
5
5
5
5
5
5
5
5
5
5
5
5
5
5
5
5
5
5
5
5
5
5
5
5
5
5
5
5
5
5
5
5
5
5
5
5
5
5
5
5
5
5
5
5
5
5
5
5
5
5
5
5
5
5
5
5
5
5
5
5
5
5
5
5
5
5
5
5
5
5
5
5
5
5
5
5
5
5
5

CELL_DATA 2123
SCALARS Partition int
LOOKUP_TABLE default
0
0
0
0
0
0
0
0
0
0
0
1
1
1
1
1
1
1
1
1
1
1
1
2
2
2
2
2
2
2
2
2
2
2
2
3
3
3
3
3
3
3
3
3
3
3
4
4
4
4
4
4
4
4
4
4
5
5
5
5
5
5
5
5
5
5
5
6
6
6
6
6
6
6
6
6
6
6
7
7
7
7
7
7
7
7
7
7
7
8
8
8
8
8
8
8
8
8
8
9
9
9
9
9
9
9
9
9
9
9
10
10
10
10
10
10
10
10
10
10
10
10
11
11
11
11
11
11
11
11
11
11
11
12
12
12
12
12
12
12
12
12
12
12
13
13
13
13
13
13
13
13
13
13
13
14
14
14
14
14
14
14
14
14
14
14
14
15
15
15
15
15
15
15
15
15
15
15
16
16
16
16
16
16
16
16
16
16
16
17
17
17
17
17
17
17
17
17
17
17
17
18
18
18
18
18
18
18
18
18
18
19
19
19
19
19
19
19
19
19
19
19
20
20
20
20
20
20
20
20
20
20
20
21
21
21
21
21
21
21
21
21
21
21
22
22
22
22
22
22
22
22
22
22
22
23
23
23
23
23
23
23
23
23
23
23
24
24
24
24
24
24
24
24
24
24
24
24
25
25
25
25
25
25
25
25
25
25
25
26
26
26
26
26
26
26
26
26
26
26
27
27
27
27
27
27
27
27
27
27
27
27
28
28
28
28
28
28
28
28
28
28
28
29
29
29
29
29
29
29
29
29
29
29
30
30
30
30
30
30
30
30
30
30
31
31
31
31
31
31
31
31
31
31
32
32
32
32
32
32
32
32
32
32
32
33
33
33
33
33
33
33
33
33
33
33
34
34
34
34
34
34
34
34
34
34
34
35
35
35
35
35
35
35
35
35
35
35
36
36
36
36
36
36
36
36
36
36
37
37
37
37
37
37
37
37
37
37
37
38
38
38
38
38
38
38
38
38
38
38
39
39
39
39
39
39
39
39
39
39
40
40
40
40
40
40
40
40
40
40
40
41
41
41
41
41
41
41
41
41
41
41
42
42
42
42
42
42
42
42
42
42
42
43
43
43
43
43
43
43
43
43
43
44
44
44
44
44
44
44
44
44
44
44
45
45
45
45
45
45
45
45
45
45
45
46
46
46
46
46
46
46
46
46
46
46
47
47
47
47
47
47
47
47
47
47
47
47
48
48
48
48
48
48
48
48
48
48
48
49
49
49
49
49
49
49
49
49
49
49
50
50
50
50
50
50
50
50
50
50
50
51
51
51
51
51
51
51
51
51
51
51
52
52
52
52
52
52
52
52
52
52
53
53
53
53
53
53
53
53
53
53
53
53
54
54
54
54
54
54
54
54
54
54
54
55
55
55
55
55
55
55
55
55
55
55
56
56
56
56
56
56
56
56
56
56
56
57
57
57
57
57
57
57
57
57
57
58
58
58
58
58
58
58
58
58
58
58
59
59
59
59
59
59
59
59
59
59
59
60
60
60
60
60
60
60
60
60
60
60
61
61
61
61
61
61
61
61
61
61
61
62
62
62
62
62
62
62
62
62
62
62
63
63
63
63
63
63
63
63
63
63
63
64
64
64
64
64
64
64
64
64
64
64
65
65
65
65
65
65
65
65
65
65
65
66
66
66
66
66
66
66
66
66
66
66
67
67
67
67
67
67
67
67
67
67
68
68
68
68
68
68
68
68
68
68
68
69
69
69
69
69
69
69
69
69
69
69
70
70
70
70
70
70
70
70
70
70
70
71
71
71
71
71
71
71
71
71
71
71
72
72
72
72
72
72
72
72
72
72
72
73
73
73
73
73
73
73
73
73
73
73
74
74
74
74
74
74
74
74
74
74
75
75
75
75
75
75
75
75
75
75
75
75
76
76
76
76
76
76
76
76
76
76
76
77
77
77
77
77
77
77
77
77
77
77
78
78
78
78
78
78
78
78
78
78
78
79
79
79
79
79
79
79
79
79
79
80
80
80
80
80
80
80
80
80
80
80
80
81
81
81
81
81
81
81
81
81
81
81
82
82
82
82
82
82
82
82
82
82
82
83
83
83
83
83
83
83
83
83
83
83
84
84
84
84
84
84
84
84
84
84
84
85
85
85
85
85
85
85
85
85
85
85
86
86
86
86
86
86
86
86
86
86
86
87
87
87
87
87
87
87
87
87
87
87
87
88
88
88
88
88
88
88
88
88
88
88
89
89
89
89
89
89
89
89
89
89
89
90
90
90
90
90
90
90
90
90
90
90
91
91
91
91
91
91
91
91
91
91
91
91
92
92
92
92
92
92
92
92
92
92
92
93
93
93
93
93
93
93
93
93
93
93
94
94
94
94
94
94
94
94
94
94
94
94
95
95
95
95
95
95
95
95
95
95
95
96
96
96
96
96
96
96
96
96
96
96
97
97
97
97
97
97
97
97
97
97
97
98
98
98
98
98
98
98
98
98
98
98
99
99
99
99
99
99
99
99
99
99
99
100
100
100
100
100
100
100
100
100
100
100
101
101
101
101
101
101
101
101
101
101
101
102
102
102
102
102
102
102
102
102
102
102
103
103
103
103
103
103
103
103
103
103
103
104
104
104
104
104
104
104
104
104
104
104
105
105
105
105
105
105
105
105
105
105
105
106
106
106
106
106
106
106
106
106
106
106
106
107
107
107
107
107
107
107
107
107
107
107
108
108
108
108
108
108
108
108
108
108
108
108
109
109
109
109
109
109
109
109
109
109
109
110
110
110
110
110
110
110
110
110
110
110
111
111
111
111
111
111
111
111
111
111
111
112
112
112
112
112
112
112
112
112
112
112
112
113
113
113
113
113
113
113
113
113
113
113
114
114
114
114
114
114
114
114
114
114
114
115
115
115
115
115
115
115
115
115
115
115
116
116
116
116
116
116
116
116
116
116
116
117
117
117
117
117
117
117
117
117
117
117
118
118
118
118
118
118
118
118
118
118
118
119
119
119
119
119
119
119
119
119
119
119
120
120
120
120
120
120
120
120
120
120
120
120
121
121
121
121
121
121
121
121
121
121
121
121
122
122
122
122
122
122
122
122
122
122
122
122
123
123
123
123
123
123
123
123
123
123
123
124
124
124
124
124
124
124
124
124
124
124
124
125
125
125
125
125
125
125
125
125
125
126
126
126
126
126
126
126
126
126
126
126
127
127
127
127
127
127
127
127
127
127
127
128
128
128
128
128
128
128
128
128
128
128
129
129
129
129
129
129
129
129
129
129
129
130
130
130
130
130
130
130
130
130
130
130
131
131
131
131
131
131
131
131
131
131
131
132
132
132
132
132
132
132
132
132
132
132
133
133
133
133
133
133
133
133
133
133
133
134
134
134
134
134
134
134
134
134
134
134
135
135
135
135
135
135
135
135
135
135
135
136
136
136
136
136
136
136
136
136
136
136
136
137
137
137
137
137
137
137
137
137
137
137
137
138
138
138
138
138
138
138
138
138
138
138
138
139
139
139
139
139
139
139
139
139
139
139
139
140
140
140
140
140
140
140
140
140
140
140
141
141
141
141
141
141
141
141
141
141
141
142
142
142
142
142
142
142
142
142
142
142
143
143
143
143
143
143
143
143
143
143
143
143
144
144
144
144
144
144
144
144
144
144
144
145
145
145
145
145
145
145
145
145
145
145
146
146
146
146
146
146
146
146
146
146
146
147
147
147
147
147
147
147
147
147
147
147
148
148
148
148
148
148
148
148
148
148
148
149
149
149
149
149
149
149
149
149
149
149
149
150
150
150
150
150
150
150
150
150
150
150
151
151
151
151
151
151
151
151
151
151
151
152
152
152
152
152
152
152
152
152
152
152
153
153
153
153
153
153
153
153
153
153
153
154
154
154
154
154
154
154
154
154
154
154
155
155
155
155
155
155
155
155
155
155
155
156
156
156
156
156
156
156
156
156
156
157
157
157
157
157
157
157
157
157
157
157
158
158
158
158
158
158
158
158
158
158
158
159
159
159
159
159
159
159
159
159
159
159
159
160
160
160
160
160
160
160
160
160
160
160
161
161
161
161
161
161
161
161
161
161
161
162
162
162
162
162
162
162
162
162
162
162
162
163
163
163
163
163
163
163
163
163
163
163
164
164
164
164
164
164
164
164
164
164
165
165
165
165
165
165
165
165
165
165
165
166
166
166
166
166
166
166
166
166
166
166
167
167
167
167
167
167
167
167
167
167
167
168
168
168
168
168
168
168
168
168
168
168
169
169
169
169
169
169
169
169
169
169
169
170
170
170
170
170
170
170
170
170
170
170
171
171
171
171
171
171
171
171
171
171
172
172
172
172
172
172
172
172
172
172
172
173
173
173
173
173
173
173
173
173
173
173
174
174
174
174
174
174
174
174
174
174
174
175
175
175
175
175
175
175
175
175
175
175
176
176
176
176
176
176
176
176
176
176
176
177
177
177
177
177
177
177
177
177
177
177
178
178
178
178
178
178
178
178
178
178
178
179
179
179
179
179
179
179
179
179
179
179
180
180
180
180
180
180
180
180
180
180
180
181
181
181
181
181
181
181
181
181
181
181
182
182
182
182
182
182
182
182
182
182
182
183
183
183
183
183
183
183
183
183
183
183
184
184
184
184
184
184
184
184
184
184
184
185
185
185
185
185
185
185
185
185
185
185
186
186
186
186
186
186
186
186
186
186
186
187
187
187
187
187
187
187
187
187
188
188
188
188
188
188
188
188
188
188
188
188
189
189
189
189
189
189
189
189
189
189
189
190
190
190
190
190
190
190
190
190
190
190
191
191
191
191
191
191
191
191
191
191
191

POINT_DATA 1102
SCALARS PartitionPts int
LOOKUP_TABLE default
0
0
0
0
0
1
1
1
1
1
2
2
2
2
2
2
3
3
3
3
3
3
3
4
4
4
4
4
4
4
5
5
5
5
5
5
6
6
6
6
6
6
7
7
7
7
7
7
7
8
8
8
8
8
8
8
9
9
9
9
10
10
10
10
10
10
11
11
11
11
12
12
12
12
12
12
13
13
13
13
13
13
13
13
14
14
14
14
15
15
15
15
15
15
16
16
16
16
16
16
16
17
17
17
17
17
18
18
18
18
18
18
18
18
19
19
19
19
19
19
20
20
20
20
20
21
21
21
21
21
21
22
22
22
22
22
22
22
23
23
23
23
23
23
23
24
24
24
25
25
25
25
25
26
26
26
26
26
26
27
27
27
27
27
28
28
28
28
28
29
29
29
29
29
30
30
30
30
30
30
30
30
31
31
31
31
31
31
31
32
32
32
32
32
32
33
33
33
33
34
34
34
34
34
35
35
35
35
35
36
36
36
36
36
37
37
37
37
37
38
38
38
38
38
38
39
39
39
39
39
39
39
40
40
40
40
40
40
41
41
41
41
41
42
42
42
42
42
42
43
43
43
43
43
43
43
44
44
44
44
44
45
45
45
45
45
45
45
46
46
46
46
47
47
47
47
48
48
48
48
48
48
49
49
49
49
50
50
50
50
50
50
51
51
51
51
51
51
51
51
52
52
52
52
52
52
53
53
53
53
53
53
54
54
54
54
54
55
55
55
55
55
56
56
56
56
56
56
57
57
57
57
57
57
57
58
58
58
58
58
59
59
59
59
59
59
59
60
60
60
60
61
61
61
61
61
61
62
62
62
62
62
62
63
63
63
63
63
63
64
64
64
64
65
65
65
65
65
65
66
66
66
66
67
67
67
67
67
67
67
68
68
68
68
68
68
69
69
69
69
69
69
70
70
70
70
70
70
71
71
71
71
72
72
72
72
73
73
73
73
73
74
74
74
74
74
74
74
75
75
75
75
75
76
76
76
76
76
76
77
77
77
77
78
78
78
78
78
79
79
79
79
79
79
79
80
80
80
80
80
81
81
81
81
81
82
82
82
82
82
82
82
83
83
83
83
83
84
84
84
84
84
84
84
85
85
85
85
86
86
86
86
86
87
87
87
87
87
88
88
88
88
88
88
89
89
89
89
89
89
89
90
90
90
90
90
90
90
91
91
91
91
91
92
92
92
92
92
93
93
93
93
93
93
94
94
94
94
94
95
95
95
95
95
95
96
96
96
96
96
97
97
97
97
97
97
97
98
98
98
98
98
99
99
99
99
99
99
100
100
100
100
100
100
100
100
101
101
101
101
101
102
102
102
102
103
103
103
103
103
103
104
104
104
104
104
105
105
105
105
105
106
106
106
106
106
107
107
107
107
107
108
108
108
108
108
109
109
109
109
110
110
110
110
110
111
111
111
111
111
111
112
112
112
112
112
113
113
113
113
113
113
114
114
114
114
114
114
114
115
115
115
115
116
116
116
116
116
117
117
117
117
117
118
118
118
118
118
118
119
119
119
119
119
119
120
120
120
120
120
121
121
121
122
122
122
122
122
122
123
123
123
123
123
124
124
124
124
124
124
125
125
125
125
125
125
125
125
126
126
126
126
127
127
127
127
128
128
128
128
128
128
128
129
129
129
129
129
129
130
130
130
130
130
130
131
131
131
131
131
131
132
132
132
132
132
132
132
133
133
133
133
133
133
134
134
134
134
134
134
134
135
135
135
135
135
135
135
135
136
136
136
136
136
137
137
137
137
137
137
138
138
138
138
138
138
139
139
139
139
139
139
140
140
140
140
140
140
141
141
141
141
141
141
142
142
142
142
142
142
142
143
143
143
143
143
143
144
144
144
144
144
144
144
145
145
145
145
145
145
145
146
146
146
146
146
147
147
147
147
147
147
148
148
148
148
148
149
149
149
149
150
150
150
150
150
151
151
151
151
152
152
152
152
152
153
153
153
153
153
153
154
154
154
154
154
154
154
154
155
155
155
155
155
156
156
156
156
156
156
156
157
157
157
157
157
158
158
158
158
158
159
159
159
159
159
159
160
160
160
160
161
161
161
161
161
162
162
162
163
163
163
163
163
163
163
164
164
164
164
164
164
164
164
165
165
165
165
165
165
166
166
166
166
166
166
167
167
167
167
167
167
168
168
168
168
168
168
169
169
169
169
169
169
169
170
170
170
170
170
170
170
171
171
171
171
171
171
171
172
172
172
172
172
172
173
173
173
173
173
173
173
174
174
174
174
174
174
175
175
175
175
175
175
176
176
176
176
176
177
177
177
177
177
177
178
178
178
178
178
179
179
179
179
179
179
180
180
180
180
180
180
181
181
181
181
181
181
181
182
182
182
182
182
182
182
183
183
183
183
183
183
183
184
184
184
184
184
184
184
185
185
185
185
185
185
185
186
186
186
186
187
187
187
187
187
187
187
188
188
188
188
188
188
188
189
189
189
189
189
190
190
190
190
190
191
191
191
191
191
191
191

FIELD FieldData 1
CreasesId  1  1102  double
0
0
0
0
0
0
0
0
0
0
0
0
0
0
0
0
0
0
0
0
0
0
0
0
0
0
0
0
0
0
0
0
0
0
0
0
0
0
0
0
0
0
0
0
0
0
0
0
0
0
0
0
0
0
0
0
0
0
0
0
0
0
0
0
0
0
0
0
0
0
0
0
0
0
0
0
0
0
0
0
0
0
0
0
0
0
0
0
0
0
0
0
0
0
0
0
0
0
0
0
0
0
0
0
0
0
0
0
0
0
0
0
0
0
0
0
0
0
0
0
0
0
0
0
0
0
0
0
0
0
0
0
0
0
0
0
0
0
0
0
0
0
0
0
0
0
0
0
0
0
0
0
0
0
0
0
0
0
0
0
0
0
0
0
0
0
0
0
0
0
0
0
0
0
0
0
0
0
0
0
0
0
0
0
0
0
0
0
0
0
0
0
0
0
0
0
0
0
0
0
0
0
0
0
0
0
0
0
0
0
0
0
0
0
0
0
0
0
0
0
0
0
0
0
0
0
0
0
0
0
0
0
0
0
0
0
0
0
0
0
0
0
0
0
0
0
0
0
0
0
0
0
0
0
0
0
0
0
0
0
0
0
0
0
0
0
0
0
0
0
0
0
0
0
0
0
0
0
0
0
0
0
0
0
0
0
0
0
0
0
0
0
0
0
0
0
0
0
0
0
0
0
0
0
0
0
0
0
0
0
0
0
0
0
0
0
0
0
0
0
0
0
0
0
0
0
0
0
0
0
0
0
0
0
0
0
0
0
0
0
0
0
0
0
0
0
0
0
0
0
0
0
0
0
0
0
0
0
0
0
0
0
0
0
0
0
0
0
0
0
0
0
0
0
0
0
0
0
0
0
0
0
0
0
0
0
0
0
0
0
0
0
0
0
0
0
0
0
0
0
0
0
0
0
0
0
0
0
0
0
0
0
0
0
0
0
0
0
0
0
0
0
0
0
0
0
0
0
0
0
0
0
0
0
0
0
0
0
0
0
0
0
0
0
0
0
0
0
0
0
0
0
0
0
0
0
0
0
0
0
0
0
0
0
0
0
0
0
0
0
0
0
0
0
0
0
0
0
0
0
0
0
0
0
0
0
0
0
0
0
0
0
0
0
0
0
0
0
0
0
0
0
0
0
0
0
0
0
0
0
0
0
0
0
0
0
0
0
0
0
0
0
0
0
0
0
0
0
0
0
0
0
0
0
0
0
0
0
0
0
0
0
0
0
0
0
0
0
0
0
0
0
0
0
0
0
0
0
0
0
0
0
0
0
0
0
0
0
0
0
0
0
1
0
1
1
0
0
0
0
0
0
0
0
0
0
0
0
0
0
0
0
0
0
0
0
0
0
0
0
0
0
0
0
0
0
0
0
0
0
0
0
0
0
0
0
0
0
0
0
0
0
0
0
0
0
0
0
0
0
0
0
0
0
0
0
0
0
0
0
0
0
0
0
0
0
0
0
0
0
0
0
0
0
0
0
0
0
0
0
0
0
0
0
0
0
0
0
0
0
0
0
0
0
0
0
0
0
0
0
0
0
0
0
0
0
0
0
0
0
0
0
0
0
0
0
0
0
0
0
0
0
0
0
0
0
0
0
0
0
0
0
0
0
0
0
0
0
0
0
0
0
0
0
0
0
0
0
0
0
0
0
0
0
0
0
0
0
0
0
0
0
0
0
0
0
0
0
0
0
0
0
0
0
0
0
0
0
0
1
1
0
0
0
0
0
0
0
0
0
0
0
0
0
0
0
0
0
0
0
0
0
0
0
0
1
0
0
0
0
0
0
0
0
0
0
1
1
0
0
0
0
0
0
0
0
0
0
0
0
1
0
0
0
0
1
1
0
0
1
0
0
1
1
0
0
0
0
0
0
0
0
0
0
0
0
0
0
0
1
0
1
0
0
0
0
0
0
0
0
0
0
0
0
0
0
0
0
0
0
0
0
0
0
1
0
0
0
0
0
0
0
0
0
0
0
1
0
1
0
0
0
0
1
0
0
0
0
0
0
0
0
0
0
0
0
0
0
0
0
0
0
0
0
0
0
0
0
0
0
0
0
0
0
0
0
0
0
0
0
0
1
0
0
0
1
0
1
0
1
1
0
0
0
0
1
0
0
0
1
0
0
1
0
1
1
0
1
0
0
1
1
0
1
0
0
0
1
0
1
0
1
0
0
0
0
1
1
0
0
0
1
0
1
1
0
0
0
0
0
1
0
0
1
1
0
0
1
0
0
1
1
0
1
0
0
0
0
0
1
0
1
0
0
0
0
0
0
0
0
0
1
1
0
1
0
0
0
0
1
0
0
0
1
1
0
0
0
0
1
1
1
0
0
0
0
1
1
1
0
0
0
0
0
1
1
0
0
0
0
1
1
1
0
0
0
0
0
1
1
0
0
0
0
0
0
0
0
0
0
0
0
0
0
0
0
0
0
0
0
0
0
1
0
1
0
0
0
1
1
0
0
1
1
0
0
0
0
0
1
1
1

FIELD FieldData 7
X  1  1102  double
2.318052486824623e-02
-2.076293724888669e-02
7.510827032273819e-03
-9.067889686772038e-03
-3.728663246833454e-02
3.970499314129993e-01
3.678448101679112e-01
3.675670696636269e-01
3.407067453203819e-01
3.418363845908864e-01
-1.991256203877247e-01
-1.689298906316676e-01
-1.925227514621400e-01
-1.576819041224622e-01
-1.803005250642141e-01
-2.158749314132264e-01
1.492753990477831e-01
1.375137559478038e-01
1.032885244205305e-01
1.160724530606025e-01
1.796936121408204e-01
9.407934669599344e-02
1.395214883068624e-01
-3.248519876944885e-01
-2.939008163253759e-01
-3.199858582748048e-01
-2.943200689489534e-01
-2.674297319483949e-01
-2.880702711011198e-01
-2.595449765524177e-01
-3.937030116871159e-01
-4.213294375846341e-01
-4.338495226850150e-01
-4.065621103401534e-01
-4.310188415519823e-01
-4.456356422902951e-01
4.412313659801857e-01
4.314224873847722e-01
4.435534338300349e-01
4.518210657666402e-01
4.598271669320652e-01
4.696069626959452e-01
4.496704612599913e-01
4.255532054092343e-01
4.313110709441999e-01
4.335275158853659e-01
4.167584656164434e-01
4.387108455662018e-01
4.458883453214615e-01
-1.377926166652584e-01
-1.158796625988888e-01
-1.569196646445586e-01
-9.797187384437618e-02
-1.335896937705471e-01
-1.749305770466292e-01
-1.976459563391719e-01
-1.435369726210177e-01
-1.007257233210457e-01
-1.144419501682430e-01
-1.731693135757942e-01
-2.422398593995541e-01
-2.524464602311030e-01
-2.800301010696700e-01
-2.130851791493004e-01
-2.309410199573491e-01
-2.024529211313250e-01
-1.270922229681470e-02
3.734903642805592e-03
-4.169386414948928e-02
-5.712461745456317e-02
7.261180249444353e-02
4.251147573090617e-02
9.000803817109079e-02
1.191662598030215e-01
2.528117155551697e-02
1.362919778310286e-01
-3.829528460358884e-01
-3.493328408224459e-01
-3.941162871408574e-01
-4.129266378890737e-01
-4.026195227588436e-01
-4.033385796803833e-01
-3.613149247157114e-01
-3.715776693059298e-01
-2.480385604070280e-01
-2.240011299921552e-01
-8.946647342005709e-02
-6.055333176100298e-02
-2.466998993591420e-01
-2.869185805467933e-01
-2.744496095207506e-01
-2.705528391212318e-01
-2.975564488886486e-01
-2.594048955888991e-01
-3.919733397841566e-01
-3.763369839619977e-01
-3.769296061717315e-01
-3.617246610519186e-01
-3.418604306409083e-01
-3.258153120503254e-01
-4.075425423364656e-01
-3.386130967080920e-01
-3.004089642392376e-01
-3.130678399797710e-01
-2.876110628179012e-01
-3.255767683821869e-01
4.690301099850800e-02
2.981783021196291e-02
7.693675115337628e-02
9.386571997892615e-02
1.070923513165827e-01
5.994587779625420e-02
6.381217676375110e-02
1.644071976302639e-02
-3.565295205144872e-01
-3.904541257985659e-01
-3.703026952236936e-01
-3.358781211050672e-01
-3.212033134841080e-01
-4.180690901712871e-01
-1.292025543502732e-01
-1.125813940462765e-01
-6.532725309860576e-02
-1.583079247521688e-01
-1.416456984365561e-01
1.478291205643204e-01
7.909276465726908e-03
5.518387997708180e-02
1.016594093843971e-01
3.770820851260909e-02
8.417124510585694e-02
3.514825676405120e-03
3.354327089823649e-02
-1.339404383260807e-02
8.003428509043072e-02
9.597111540699511e-02
2.034218673807958e-02
5.008342212914853e-02
1.983219075259408e-01
1.819843368275275e-01
1.652828235790068e-01
2.093550440589363e-01
1.924828112684036e-01
2.258231734366427e-01
2.526700558730666e-01
1.557968743354180e-01
1.100947252033047e-01
1.259958968204659e-01
-2.737801852812679e-01
-2.713711978467843e-01
-2.915250236728829e-01
-2.531947226546201e-01
-2.344227367617107e-01
3.197715088830361e-01
3.447715274918723e-01
3.084804315677919e-01
3.342752778459046e-01
2.934447496863369e-01
2.820766008623136e-01
-3.090497782354426e-01
-3.097518414282872e-01
-3.454685410159318e-01
-3.610313949306295e-01
-3.285205242009612e-01
1.548640890442307e-01
1.678728919374463e-01
1.408057944743616e-01
1.110393918390198e-01
1.252721965250929e-01
1.230120553836161e-01
1.613966170684574e-01
1.504878139789895e-01
1.991672498453519e-01
1.904369182175435e-01
2.137748658764908e-01
1.845032355538105e-01
2.258927226844615e-01
2.543131821438223e-01
1.703102037251161e-01
2.376546526303168e-01
2.662177592961475e-01
1.971741045730489e-01
-2.318861893355206e-01
-2.242557236974686e-01
-1.947521956635483e-01
-2.041460486576054e-01
-2.374906893551429e-01
-1.843034556297336e-01
-1.553773388531503e-01
2.421301924998303e-01
2.699185070269675e-01
2.560425564422512e-01
2.961262548044620e-01
2.282581102595719e-01
1.996643006860660e-01
-2.185719832828490e-01
-1.893824635712144e-01
-1.755932526609223e-01
-2.049592793525388e-01
3.889520548095984e-01
3.402383396123027e-01
3.574824675596893e-01
3.720506731050716e-01
3.739664251412555e-01
-1.942803901231008e-01
-1.521700041933427e-01
-1.698223902095306e-01
-1.264990408020365e-01
-2.125022293816075e-01
-1.265234845984355e-01
-1.662833409753728e-01
-1.371223732434834e-01
-9.853819899579634e-02
-1.488428040310438e-01
-3.192261235149231e-01
-2.903490526646596e-01
-2.652730212493125e-01
-3.415822304544271e-01
-3.132048940804169e-01
1.033082328163037e-01
7.721372384832029e-02
6.557398800972672e-02
1.248155388238192e-01
8.662981253263737e-02
4.854548681228716e-02
-2.550030669194216e-01
-2.353970020094663e-01
-2.158670418425638e-01
-2.377503614511740e-01
-2.171179017949305e-01
-2.540398967639730e-01
-2.711740338636730e-01
-3.726614490153016e-01
-3.955384931880283e-01
-3.847314653100911e-01
-4.057556751106066e-01
-4.231309338224818e-01
-4.157782199378539e-01
4.575175918770681e-01
4.757693763973512e-01
4.741095283652963e-01
4.609448472414513e-01
4.741806948639369e-01
2.138797351367681e-01
1.851048194794865e-01
1.692824281357134e-01
1.531744675748206e-01
1.239699659132428e-01
1.400551814791588e-01
-2.460112486713605e-01
-2.187043052306662e-01
-1.901147778022247e-01
-1.746559545796968e-01
-1.454399133295877e-01
-2.333450263810098e-01
-2.610397559901644e-01
-3.687968491855317e-01
-3.708958646878779e-01
-3.431166591191988e-01
-3.465037976861749e-01
-3.508902760005520e-01
-2.270452182049331e-01
-2.594614178922777e-01
-2.665626790203114e-01
-2.901679237881346e-01
-2.829053571948931e-01
-3.133577060863125e-01
-2.499685199799799e-01
-3.524425699965493e-02
-1.804783378341296e-02
1.247353042986068e-02
-4.778633159560754e-03
3.112934326695605e-01
2.752725230757124e-01
2.839619008890769e-01
3.163923318062598e-01
4.160704526652430e-01
3.869130019909993e-01
4.033703393329989e-01
3.890216965365005e-01
3.728629524586025e-01
4.185559925012501e-01
-3.121404617147933e-01
-2.973447922853949e-01
-2.727916979755071e-01
-2.574258453917526e-01
1.795711404968995e-01
2.087932936110858e-01
2.190556220487748e-01
2.474842260503339e-01
2.274050420608254e-01
2.559937551626571e-01
6.672900900413553e-02
4.936693029997007e-02
3.222913357237854e-02
1.397349460295260e-01
1.216574455746788e-01
9.468261957782562e-02
1.124227000887280e-01
7.706530668831531e-02
-2.307703878137640e-01
-2.143137886787228e-01
-1.870881169226063e-01
-2.034853264317190e-01
-1.975198704823158e-01
-1.704568874312155e-01
-3.513183977321072e-01
-3.411172800335455e-01
-3.072928572179668e-01
-3.336021191869640e-01
-3.161233158065074e-01
-3.654981602419530e-01
-6.315383931072696e-04
-3.065149348925495e-02
-4.806473247026085e-02
-9.531691786398118e-02
-7.809210999603385e-02
2.044802214002330e-02
-2.565559222923262e-02
-5.557745328704423e-02
-8.856579503331227e-03
-3.887656758400845e-02
-1.530138304992159e-01
-1.069545736860128e-01
-1.244488989738346e-01
-1.356576892561007e-01
-1.175777614067486e-01
-1.801276644382712e-01
-1.010951258123542e-01
-1.163944147172500e-01
-1.462728549328119e-01
-7.121636768924239e-02
-8.668833278652704e-02
-1.596694013655241e-01
-1.303200460927473e-01
3.211669740394070e-01
3.453308245283957e-01
3.077182796975745e-01
3.677578307310875e-01
3.575703200555238e-01
5.989192534457780e-02
8.601816601440902e-02
4.285149340886399e-02
1.563790145134673e-02
6.898304906972057e-02
1.108552376489744e-01
9.303628573623623e-02
1.573132426104693e-01
2.014904930312413e-01
1.304131446780733e-01
1.751208364278433e-01
-1.448444599427549e-01
-1.623079448543233e-01
-1.884208227769644e-01
-9.987353271668455e-02
-2.304541555176570e-01
-2.064519071462194e-01
7.573318374871985e-02
5.229722551672582e-02
2.643966340894906e-02
1.042488884533530e-02
3.565792991432022e-02
-7.308397339992991e-03
3.049832415911238e-01
3.416492961709499e-01
2.843608036635843e-01
3.217451507319037e-01
3.377955464770170e-01
3.579130454649039e-01
-2.577317125206345e-02
-4.311064289134314e-02
-7.199215255853711e-02
-5.455741256281472e-02
8.055797652951993e-02
6.706985823020578e-02
3.814622285434943e-02
-4.290384159282587e-03
1.079427375644702e-02
5.296350555387670e-02
-8.554539265764458e-02
-1.155942538609451e-01
-1.311551633921264e-01
-1.608839669648724e-01
2.351745218153951e-01
2.169473427769631e-01
2.098176671278734e-01
2.434409604778874e-01
1.864128633218636e-01
2.042332330391612e-01
2.496396078687059e-01
3.064074166208261e-01
3.245030773300843e-01
2.873368828800969e-01
2.487525447286392e-01
2.696344551244624e-01
2.299770262976837e-01
-3.238308490185454e-01
-3.582306324939915e-01
-3.886200662221515e-01
-4.081412263163908e-01
-3.819355486356191e-01
-3.485881939667818e-01
3.317779994660830e-01
3.168264672020668e-01
3.664042111900672e-01
3.528567629492633e-01
3.995420519601213e-01
3.791327174726216e-01
-6.493497469565218e-02
-1.086295465557861e-01
-9.086975492824195e-02
-8.227625434171465e-02
2.830433778012174e-01
2.412004518038364e-01
2.681022669036325e-01
2.928937836933404e-01
-2.202928892855814e-02
-9.920077602800070e-02
-8.246014209153993e-02
-6.912356084997076e-02
-5.245289943105154e-02
8.145779972851309e-02
6.595138712925358e-02
3.648629877460997e-02
9.562262704522029e-02
5.197715516680058e-02
1.386980107496585e-01
1.093344546101578e-01
1.649344978973366e-01
1.897413284660488e-01
1.931100646137178e-01
2.112176267921036e-01
1.703930982229071e-01
3.290560768023099e-01
3.023508835340790e-01
3.374600251991852e-01
3.912703121036673e-01
3.618389886374391e-01
3.539925895373340e-01
1.288925718664250e-01
1.471168300178363e-01
1.522370072992598e-01
1.036898890165834e-01
2.772297167798279e-01
3.011451399816997e-01
2.606490724812699e-01
2.191856874095471e-01
2.361806422341928e-01
-2.824466400246141e-02
-4.339280353135014e-02
-8.502529654266024e-02
-7.197426660946991e-02
-3.858030486453931e-04
-1.542616202648560e-02
-5.755566678696732e-02
2.669483668269361e-01
2.434781198438902e-01
2.258010749051411e-01
2.078087746324924e-01
1.835997495538781e-01
-2.817495346388219e-01
-3.053375822995058e-01
-2.653017633563531e-01
-2.888564402843940e-01
-2.410016939198637e-01
-5.675117197550956e-02
-3.174687198155862e-02
-7.332184882726518e-02
-8.026726682670575e-02
-4.047565387067219e-02
-1.504667548679861e-02
-4.788502989134973e-02
-1.592372160472001e-01
-1.782474068571938e-01
-1.194994320464324e-01
-1.009537902060035e-01
-1.364331723635650e-01
-8.447797938975028e-02
-8.157713688484051e-02
-1.084289488287773e-01
-1.115683561009534e-01
-1.345922316481784e-01
-4.730223991138102e-02
-1.213310205045173e-01
6.522296297223666e-02
3.871828127831431e-02
2.525734592552738e-02
-7.613983442282948e-04
4.060684892188277e-01
4.116295844654546e-01
3.850007953032097e-01
4.000172840206870e-01
3.780580202330570e-01
6.589059977045075e-02
8.219696597147950e-02
1.032806327501807e-01
4.568135194164015e-02
4.849713014773517e-02
-3.004414793599666e-01
-2.904402508848061e-01
-3.252714514291634e-01
-2.902236169059580e-01
-3.221577395074153e-01
-3.194788942092298e-01
-4.579820332019451e-01
-4.722963210716073e-01
-4.723068851284422e-01
-4.567390916069955e-01
-4.577627473585887e-01
-4.754217019017167e-01
-4.753529111491549e-01
-4.663868958911121e-01
-4.530156899253603e-01
-4.454348333430421e-01
-4.215165197889885e-01
-4.059639249943358e-01
-4.327036166970203e-01
-4.411812090561104e-01
-4.730103578460155e-02
-2.460414954548355e-02
-6.372949494381773e-02
-8.448917867106631e-02
-6.766510649156400e-02
4.148166975098995e-01
4.295977353679155e-01
4.386999239360616e-01
4.519312053131446e-01
4.045385095059127e-01
-4.574451741736119e-01
-4.640949415776791e-01
-4.683167491343636e-01
-4.807524521637100e-01
-4.743827283449365e-01
-5.110752188450028e-01
4.399153647473059e-01
4.187846822270235e-01
4.286218027896188e-01
4.098715508838923e-01
3.903837025671598e-01
2.760682011660081e-01
2.748148847558723e-01
3.052493353537702e-01
3.099052232288222e-01
3.331547744076893e-01
2.977550640712270e-01
-1.214387938487586e-01
-1.278083162202361e-01
-1.060474756900947e-01
-1.433802066873078e-01
-1.658096392760328e-01
-2.593179250659372e-01
-2.269131785055352e-01
-2.818895617219574e-01
-2.496592089550028e-01
-2.725973860813350e-01
-3.050375730052632e-01
-3.111042254925852e-01
4.483759923152286e-02
1.266885122629825e-02
2.830075773347082e-02
-9.467949731775680e-03
9.466593732850602e-03
-3.757726337267154e-01
-3.922337217171532e-01
-3.722009244875520e-01
-3.481444387661067e-01
-3.423976368850543e-01
-3.522853212921931e-01
3.352933601304112e-01
3.718343098034870e-01
3.821283946228450e-01
4.212089822778562e-01
4.359436735627092e-01
3.422898129158502e-01
3.477761257903264e-01
3.931025601528964e-01
-5.653953808253849e-02
-4.602574868799741e-02
-3.026372043179999e-02
-7.003562739685401e-02
-2.552522862520138e-02
-4.422083659739680e-01
-4.207925069469792e-01
-4.353530885890025e-01
-4.400277035258223e-01
-4.287634274560248e-01
-4.307427622391268e-01
-4.465578444866902e-01
-4.538540906544060e-01
-4.663860776242261e-01
-4.823940870315012e-01
2.899519726357714e-01
3.155189024712672e-01
2.885213532612642e-01
2.631504420259884e-01
3.368117322201584e-01
-1.696957416333527e-01
-2.144676250540555e-01
-2.026675399129990e-01
-2.349578735092415e-01
-1.775568850050181e-01
-4.501420303576531e-01
-4.335831930081789e-01
-4.529201968327620e-01
-4.310169626637976e-01
-4.138560418401582e-01
-4.996046986136510e-01
-4.885525171729581e-01
-4.866808152862599e-01
-4.964460368509868e-01
-4.866744489454746e-01
4.698068349165089e-01
4.749100658638914e-01
4.573232127918823e-01
4.518625271652063e-01
4.620488607554611e-01
-4.964460368509866e-01
-4.824144576149819e-01
-4.901486834023178e-01
-5.232339196660007e-01
1.469251371689613e-01
1.620706583243198e-01
1.980736354965831e-01
1.844319622620048e-01
1.756932536442113e-01
2.557177395517118e-01
2.328101093817262e-01
2.207727491079566e-01
2.663154667040994e-01
2.890460001124246e-01
2.934637526003212e-01
3.205468187961106e-01
3.277865689459836e-01
3.500210372847132e-01
3.605419860467982e-01
3.280692472697018e-01
-3.925218690513861e-01
-3.900286540926068e-01
-3.937860855934828e-01
-3.686382821483866e-01
-4.144701720388743e-01
-3.639394051847478e-01
6.936776599453306e-02
8.715888371249692e-02
1.084894040531580e-01
1.250315295239361e-01
2.980756258490864e-02
1.469251371689595e-01
1.625092412832069e-01
4.425407680736298e-01
4.038057283650976e-01
4.228067693408293e-01
4.243119232907299e-01
-2.384337507142542e-01
-2.150521432693781e-01
-2.027626604064982e-01
-2.745690875638588e-01
-2.368511110533346e-01
-4.346601372197918e-01
-4.136520162715292e-01
-4.562214452860856e-01
-4.329216953498938e-01
-4.781773941438216e-01
-2.384337507142518e-01
-2.725973860813328e-01
-3.050375730052610e-01
-2.027626604064956e-01
-2.756038305844278e-01
-3.117333432512990e-01
6.936776599453470e-02
2.980756258491084e-02
1.084894040531602e-01
9.514537849627326e-02
5.324219990149194e-02
8.046660855366178e-02
-1.792362589129116e-01
-1.658096392760351e-01
-1.927659213776194e-01
-1.577875202351920e-01
-1.430478079524124e-01
4.577950142636156e-01
4.426249575422303e-01
4.609829273641032e-01
-4.341804446500050e-01
-4.134835361895607e-01
-3.936431912810104e-01
-4.152432107525607e-01
-4.529201968327612e-01
-4.502997494070998e-01
4.790392974780377e-01
4.623175011493481e-01
4.697799886110516e-01
4.858346700202050e-01
4.749100658638912e-01
4.046776996496010e-01
4.039033988962634e-01
3.978813852344502e-01
4.227494950060410e-01
3.788495131846975e-01
3.827755907745700e-01
4.879240373147142e-01
4.881689074495471e-01
4.849228051776855e-01
5.000000000000000e-01
4.984194195073480e-01
4.936876709681666e-01
5.378526109071390e-01
5.339556757410394e-01
-3.464283968637959e-01
-3.688491634002249e-01
-3.712584127474095e-01
-3.930905875875250e-01
-9.291478458782518e-03
9.548294879803172e-03
1.098996887395131e-02
2.840569034595498e-02
2.214121005500149e-01
2.098143828557898e-01
1.864121048532020e-01
1.754242927953965e-01
1.983502139994807e-01
1.844319622620031e-01
2.207727491079552e-01
-4.573106706723140e-01
-4.744382409364608e-01
-4.372580430210726e-01
-4.456677284263168e-01
-4.637185034809398e-01
-4.807524521637104e-01
3.554438359394509e-01
3.591880054427215e-01
3.826868379674968e-01
3.615418807982002e-01
3.835685063587727e-01
3.807910671497898e-01
3.329941396281892e-01
3.053037453471203e-01
3.109555900799623e-01
3.322320484457549e-01
3.276064236590501e-01
2.980791788696602e-01
2.512836077162479e-01
2.434413175581078e-01
2.748667365132713e-01
2.331092469426258e-01
2.663582352127320e-01
2.557177395517106e-01
2.890460001124238e-01
4.786471712807557e-01
4.851074293402004e-01
4.698046848637549e-01
4.378014088856671e-01
4.559203142630947e-01
4.936876709681668e-01
-3.453683735686366e-01
-3.538435846861008e-01
-3.162129678543440e-01
-3.627595073499998e-01
-4.010096243022072e-01
-4.148510992871536e-01
-3.707324450706112e-01
4.677127826582198e-01
4.876732660285298e-01
5.152039153944962e-01
4.244916810456818e-01
4.250329627923418e-01
4.441413063745658e-01
4.924103500129908e-01
4.454606320889068e-01
-5.113589906091186e-01
-5.576728445099048e-01
-5.432474289958634e-01
-4.956693980233256e-01
-4.683167491343642e-01
-4.330896865492982e-01
-4.567958692766900e-01
-3.900286540926056e-01
-4.136520162715280e-01
-4.346601372197908e-01
-4.785642228498648e-01
2.966325778799866e-01
2.560235906576900e-01
2.560963889652304e-01
2.981309423357042e-01
2.544206225975288e-01
3.002509387868214e-01
-1.482576468154719e-01
-1.578458700164375e-01
-7.484807311339570e-02
-1.032387794929760e-01
-1.168329389162152e-01
-8.899894783877420e-02
-5.685724727466880e-01
-5.311818463283832e-01
-5.758774027471441e-01
-6.180977067559404e-01
-6.751666101173416e-01
-6.666022094271518e-01
8.046660855365846e-02
9.561411085159648e-02
1.258477087016634e-01
1.704331591159931e-01
1.785563643037074e-01
1.376443140325130e-01
3.457677259849428e-02
5.341880358928258e-02
-1.153166884574186e-02
1.068000095250460e-02
1.276326165419201e-02
6.215855034179272e-02
4.053828511547636e-02
-4.966391515733922e-01
-5.253874283260016e-01
-5.042057591749560e-01
-5.576747836111497e-01
-5.911377866189146e-01
-6.159714676925542e-01
-5.756720336667294e-02
-1.361283223035742e-01
-1.738193100595200e-01
-3.803977822126162e-02
-8.725087261711587e-02
-6.749258325747921e-02
-1.210385690607311e-01
5.347401957423598e-01
5.032584686374344e-01
5.508956764021138e-01
5.726776983230734e-01
5.277751592141828e-01
5.169270230091744e-01
5.635682172234378e-01
2.181775095480958e-01
2.139410762239266e-01
1.777992900717666e-01
1.374400129346375e-01
1.704331591159965e-01
-3.162129678543488e-01
-2.765831508285350e-01
-3.208846371643476e-01
-3.242699009713856e-01
-3.616015543266628e-01
-3.707324450706158e-01
4.060244032502662e-01
3.615098485302364e-01
3.205468187961096e-01
3.500210372847122e-01
3.289239840236246e-01
-5.380934447976974e-01
-4.996046986136510e-01
-5.795414503918350e-01
-5.361728772954278e-01
-9.941093832534323e-03
-3.223763790521626e-02
1.008911118107290e-02
-4.962689945402974e-02
-2.906275903266646e-02
-3.443647537646002e-01
-3.767697750696934e-01
-4.053584788267416e-01
-3.355492141795192e-01
-4.901486834023182e-01
-5.315300000061010e-01
-5.224950708275437e-01
-5.954015588488574e-01
-6.369107788227359e-01
3.772823100791154e-01
4.021582826353828e-01
4.453087628232538e-01
4.244916810456820e-01
4.042542433616170e-01
4.191958315065052e-01
-5.365035516328608e-01
-5.758774027471451e-01
-5.795414503918352e-01
-6.250187281108714e-01
-6.278875878947342e-01
-6.794623901145652e-01
-6.242991182447336e-01
-6.794623901145654e-01
-1.985980087267235e-01
-1.923391815601962e-01
-1.844621917539639e-01
-2.307275803696172e-01
-2.255011094154036e-01
4.670928238819170e-01
4.876395151505904e-01
4.441413063745662e-01
4.609829273641034e-01
5.036759221461000e-01
5.152039153944966e-01
5.347401957423600e-01
-4.057920020325742e-01
-3.639394051847462e-01
-3.420341583919974e-01
-3.355492141795174e-01
-3.768094378414038e-01
-9.941093832536420e-03
-4.962689945403214e-02
-6.787464935928178e-02
-2.916483205157398e-02
-3.204863941939160e-02
4.021582826353822e-01
4.194870883241230e-01
3.772823100791148e-01
3.812557676218089e-01
3.557554258712952e-01
3.917085380232186e-01
3.280208796260412e-01
3.566542383395326e-01
3.554211892428105e-01
3.591341605997013e-01
5.339812827423894e-01
5.379728350033040e-01
4.984194195073480e-01
5.277543112390506e-01
5.781665266285236e-01
2.937949438826544e-01
2.570277497622958e-01
2.966325778799840e-01
-5.772274549243332e-01
-5.956212063818214e-01
-6.369107788227338e-01
-5.576728445099028e-01
-5.432474289958606e-01
-6.100649624606916e-01
-6.538233349426450e-01
-4.022937733919878e-01
-4.148510992871584e-01
-4.378823823196108e-01
-4.563469312841464e-01
-4.949575910512574e-01
-3.538435846861060e-01
-4.221697100143084e-01
-3.892370884482432e-01
-5.031069796147810e-01
-5.625667421292804e-01
-4.524332387474248e-01
-4.798363388749748e-01
-4.734981452188878e-01
-5.304389695659458e-01
5.863969062321736e-01
6.035185825593318e-01
6.458776895748922e-01
6.136378546958948e-01
6.607351512274788e-01
6.714152325167068e-01
-6.197764658175012e-01
-6.751666101173424e-01
-5.685724727466896e-01
-6.081409816219436e-01
-6.538233349426468e-01
-6.666022094271534e-01
5.193503624120628e-01
5.773086862221281e-01
4.665036078570442e-01
4.924103500129914e-01
4.880776361686228e-01
5.469352643841208e-01
-5.321188049301390e-01
-5.625667421292770e-01
-4.725292383503040e-01
-5.304389695659422e-01
-4.524332387474206e-01
-4.798363388749710e-01
-5.049872220996756e-01
4.552945017206214e-01
5.131039417075962e-01
4.760286107072090e-01
4.376474796917730e-01
4.665036078570432e-01
4.896417483074838e-01
5.469352643841198e-01
-5.558741669118948e-01
-5.911377866189174e-01
-6.159714676925570e-01
-5.253874283260048e-01
-5.042057591749594e-01
-5.327879622208012e-01
-5.787988049329854e-01
2.076875512400438e-01
1.998181865497853e-01
1.598904180757919e-01
1.117081728229612e-01
1.475455895122952e-01
9.434016175256540e-02
-1.836261393693049e-01
-1.350319896365051e-01
-1.738193100595242e-01
-1.923391815602007e-01
-1.482576468154766e-01
-1.210385690607357e-01
-2.255011094154076e-01
6.020311175913760e-01
6.607351512274789e-01
5.167763281570310e-01
5.508956764021140e-01
5.635682172234378e-01
4.858346700202050e-01
6.272806410554080e-01
6.778504105299932e-01
6.153711269800642e-01
6.714152325167068e-01
5.726776983230734e-01
6.217993449983128e-01
2.119368504740121e-01
1.730221222004532e-01
1.339440002589859e-01
1.912946462307885e-01
1.574908289943318e-01
5.459733593390592e-01
5.685193332515822e-01
6.040321766694096e-01
5.773086862221272e-01
5.183656944837494e-01
6.269367812151804e-01
-2.313893564173044e-01
-2.352046860715380e-01
-1.977248074752290e-01
-2.759078039345384e-01
-2.757572181528374e-01
5.800000000000000e-01
6.258675641756188e-01
5.781665266285236e-01
6.800000000000000e-01
6.778504105299932e-01
6.232692144783016e-01
5.878928773160640e-01
5.668758033704614e-01
5.448666298274700e-01
6.040321766694100e-01
6.458776895748924e-01
6.269367812151810e-01
1.115988142881065e-01
1.258477087016668e-01
1.599252359091572e-01
2.072769205971630e-01
1.998181865497885e-01
1.475455895122984e-01
2.508274686763272e-01
-3.199073228995824e-01
-2.770749765489128e-01
-2.765831508285298e-01
-2.352046860715330e-01
-2.376260150296456e-01
-3.242699009713816e-01
-2.757572181528330e-01
3.352933601304134e-01
3.420904758974346e-01
3.816072890952776e-01
3.718343098034886e-01
3.477761257903286e-01
3.931025601528980e-01
4.359436735627108e-01
2.988058589186382e-01
2.546015471351628e-01
2.560963889652280e-01
2.184710484375188e-01
2.139410762239236e-01
3.002509387868192e-01
2.508274686763246e-01
2.812249530119986e-01
2.679369633356724e-01
3.017160856355023e-01
2.462766464580046e-01
2.310914752822187e-01
2.510053688793566e-01
2.873077131748105e-01
1.161110947897955e-01
1.181925378616098e-01
1.498254555093268e-01
1.393988385653316e-01
-1.055625850656987e-01
-8.899894783877638e-02
-1.278083162202387e-01
-1.032387794929806e-01
-1.150108979899926e-01
-7.430497196986686e-02
-1.578250815561955e-01
4.060244032502678e-01
4.561024020536690e-01
4.376474796917742e-01
3.917855079765290e-01
5.131039417075974e-01
4.212567814121040e-01
4.760286107072100e-01
-4.221697100143038e-01
-4.393750305750748e-01
-3.892370884482380e-01
-4.949575910512534e-01
-4.563469312841424e-01
-3.673999914116738e-02
-5.756720336667702e-02
-1.351988761224893e-02
-6.749258325748328e-02
-8.685152065925818e-02
1.224855072233663e-02
-1.153166884573775e-02
6.146758129928600e-02
3.457677259849812e-02
4.053828511547996e-02
9.434016175256900e-02
-1.351988761224487e-02

Y  1  1102  double
-3.362608494975091e-01
-3.303860150960654e-01
-3.000772071278452e-01
-2.624376600475216e-01
-2.935603195716123e-01
-2.271184075841449e-01
-2.227544603261498e-01
-2.562931199529812e-01
-2.534645946938187e-01
-2.824980242948007e-01
-4.058590761145209e-01
-4.270477019944272e-01
-4.350442167731400e-01
-4.487859726813829e-01
-4.541294911707025e-01
-4.379656809166591e-01
-4.305449222344083e-01
-4.061404635546764e-01
-4.254917222197285e-01
-4.437888469395815e-01
-4.080691578458835e-01
-4.014044469362096e-01
-4.548663369197330e-01
3.197706092983471e-01
3.488675531030200e-01
2.868805780762848e-01
3.172144453317617e-01
3.446654825713723e-01
2.852660611532278e-01
3.163812112417057e-01
-1.991573865340810e-01
-1.811479103141776e-01
-1.468428544465417e-01
-2.155606075486069e-01
-2.016686478222393e-01
-1.667932483485849e-01
1.240655737526815e-01
9.107639166564618e-02
5.506716845086414e-02
8.727103070811364e-02
5.525397315439897e-02
7.532417217826136e-02
-9.060354628371146e-02
-8.674826595297962e-02
-1.223971660683900e-01
-1.552941301308104e-01
-1.899544388615417e-01
-1.843666252792984e-01
-1.265182361819041e-01
-3.951713813709732e-01
-3.753510131129285e-01
-3.669357193786550e-01
-4.047307574332155e-01
-3.420616034600271e-01
-3.332276858414068e-01
-3.564450766342197e-01
3.133273136759532e-01
3.091784510743515e-01
3.433038938162228e-01
2.809642935831528e-01
2.502863599089205e-01
2.849909450074197e-01
2.518911159930100e-01
2.834262858705217e-01
2.135032466114847e-01
2.477266859097599e-01
2.993241591479149e-01
2.617591092572291e-01
2.678001706240365e-01
3.047806755351721e-01
9.274833706413826e-02
5.558441954323433e-02
4.798247037669660e-02
8.482889683611142e-02
1.003352606882676e-01
4.015511245016097e-02
2.585434212962693e-03
-3.329587005541986e-03
4.276872043774901e-02
1.019557186638237e-02
-2.970372532953702e-02
8.146561725535531e-02
3.737302534532998e-02
7.694250203747932e-02
-1.796796647921077e-01
-1.470266397602373e-01
-1.727280090189243e-01
-1.373286297695551e-01
1.383400941641095e-01
1.433434865630242e-01
1.021160040478094e-01
2.164462954579545e-01
1.815579047842508e-01
1.783483293320263e-01
-1.387666636686435e-01
-1.101114353023835e-01
-1.780123357275538e-01
-1.498289910382765e-01
-1.188769938389769e-01
-1.600525385638417e-01
-1.634204842579395e-01
7.200154552907710e-02
6.656394678601403e-02
1.076345174192664e-01
2.477033941885208e-02
3.086041358664911e-02
-7.128184883997392e-02
-2.676263864113233e-02
-3.418849198280687e-02
-7.852949206046342e-02
3.380984685430732e-03
1.083777752618248e-02
-1.157530681168897e-01
-1.085557877406313e-01
-7.827794252224247e-02
-6.943244233803535e-02
-3.726646769112132e-02
-4.524076703746046e-02
-8.700535618523328e-02
-6.143703937634787e-02
4.046452011349931e-02
-4.112498823477841e-03
-1.171224428495446e-02
3.312564063822879e-03
-4.095157658969231e-02
1.205594086316766e-01
1.439915223007410e-01
1.365143416823495e-01
1.285824063511369e-01
1.799314944372845e-01
1.720262108828457e-01
-1.878306852309797e-01
-1.520213884107565e-01
-1.447385997174345e-01
-1.585005490296248e-01
-2.007575459725587e-01
-2.288957523877493e-01
-1.945195847901420e-01
-1.155395579246330e-02
3.269773211190820e-02
7.679713277002646e-02
6.857784762883087e-02
1.121870366336130e-01
2.479337626586972e-02
6.060682350422411e-02
-1.286156563999228e-01
-1.222979606386162e-01
-1.648944852299778e-01
-2.763324397982450e-01
-2.106357702853034e-01
-2.385528674611014e-01
-2.500512807172039e-01
-2.870024218906568e-01
-1.473761555158752e-01
-1.123992136051228e-01
-1.087589626792619e-01
-7.296500969803349e-02
-1.830157528877379e-01
-1.440316307154880e-01
-1.996903051038363e-01
-2.651870661026739e-01
-1.890878819371707e-01
-2.158240465036787e-01
-2.282452683264497e-01
-2.453718035913494e-01
-2.818961589591724e-01
-2.057309650484398e-01
-2.404069369270575e-01
-2.783796574669525e-01
-3.763519547905338e-01
-3.758340442914177e-01
-3.463781208640211e-01
-3.749802562337496e-01
-3.480711900323749e-01
-1.753074068526121e-01
-2.107198384022374e-01
-2.144651665765457e-01
-1.792180083504322e-01
-1.703450334115796e-01
-2.516344043504933e-01
-2.175313343382913e-01
-2.483903303907070e-01
3.459551770276064e-01
3.161747384883380e-01
3.470427858165053e-01
3.720757993469050e-01
3.724515025305358e-01
3.150795677611419e-01
3.448770191640697e-01
-1.395594848899183e-01
-1.031198314183064e-01
-6.159408243622511e-02
-6.735072953740237e-02
-9.793552026144471e-02
-1.341573150985337e-01
1.743114189422265e-01
2.094680827850008e-01
1.695048797648504e-01
1.333184620160963e-01
2.045922642287377e-01
2.502166065016553e-01
2.160420943820335e-01
2.384620194346092e-01
1.777449316080030e-01
-2.975586465313289e-01
-3.071894693129326e-01
-2.693073699191705e-01
-2.781606785313027e-01
-2.600469179213485e-01
3.740789237135318e-01
3.748764312508800e-01
4.004863476497654e-01
3.998947968806288e-01
4.191542342535601e-01
3.528252164711765e-01
3.770118763449402e-01
3.746879985534622e-01
3.491203098747656e-01
3.750157368117201e-01
-4.644023621316655e-01
-4.492306557707819e-01
-4.711889108662216e-01
-4.720041473640217e-01
-4.807563548225472e-01
-4.862517706004716e-01
-3.126674449119848e-01
-3.456539123989735e-01
-3.235261922807673e-01
-3.911974653692289e-01
-3.768012948339350e-01
-3.646742683669841e-01
-3.338055833266156e-01
2.189018768424636e-01
1.860827802816888e-01
2.408815689135518e-01
2.104483184459741e-01
1.777126160114064e-01
1.512990195408282e-01
1.826328131760054e-02
-1.792903222651784e-04
3.802982527184150e-02
-1.804452012985274e-02
-3.772083639592794e-02
-5.502875988110933e-02
-9.184323935038145e-02
-4.837927626711384e-02
-4.148806808270651e-03
-4.139280448825806e-02
-8.532538102638502e-02
1.764911289034478e-02
5.411336474517729e-02
9.083658564530400e-02
4.757263401593637e-02
8.456405095059580e-02
9.720944536476292e-02
6.065304636845251e-02
2.719660331463384e-01
2.976526339663038e-01
2.920806549406964e-01
3.258624422321724e-01
3.036379147711447e-01
-4.181893860019599e-01
-3.986726451744652e-01
-3.767152049392427e-01
-3.769699630073783e-01
-3.982022348195500e-01
-3.748893272065573e-01
-4.198566608460100e-01
2.587691918957232e-02
-1.923796681356435e-02
1.846630301916809e-02
6.316853333046840e-02
-2.537816037748012e-01
-2.531202979959272e-01
-2.865295665394292e-01
-2.846670534556159e-01
6.080585922578532e-02
6.918571411779664e-02
9.949586290266736e-02
1.390298336773175e-01
1.095978582997778e-01
1.305506763457472e-01
-1.088653269813053e-02
-5.294900411800516e-02
-1.813789272204069e-02
-6.130001674256918e-02
-3.161213024984964e-01
-2.850051906837223e-01
-3.172447415102477e-01
-2.854655008474333e-01
-3.472657017701882e-01
-3.180244461132018e-01
2.138316752986850e-01
2.548039013879986e-01
2.928837284967674e-01
2.386656264614782e-01
2.776240929789002e-01
2.470735891785207e-01
2.059273814509594e-01
2.855999945052387e-01
-2.561692103010704e-02
-6.920827261377882e-02
-3.349312120323100e-02
1.080350491060165e-02
-1.129332541075485e-01
-7.745955758040034e-02
2.550616409361169e-01
2.190742441182059e-01
2.185285281243082e-01
1.846134939052504e-01
2.533877447115714e-01
1.850946314090940e-01
-6.406467918174834e-02
-1.011848253440026e-01
-5.634383175963816e-02
-4.883556103728879e-02
-9.347728832212357e-02
2.211853696366395e-01
2.281619892056345e-01
1.937458881022898e-01
1.869624941520559e-01
1.510931102508559e-01
-1.213034080635139e-01
-1.293040937600148e-01
-8.556089593022174e-02
-1.646832264781560e-01
-2.065653304946410e-01
-1.557617640803389e-01
1.996888298541796e-01
2.395855819445773e-01
2.049844506471649e-01
2.339836541529441e-01
2.734507569278461e-01
2.441749842686844e-01
2.772637184822492e-01
-3.171073630955180e-02
2.866218801050285e-03
9.986392161429752e-03
-7.793470422794511e-02
-3.835457105918275e-02
3.231973237283580e-01
3.498165329106553e-01
3.569339141315104e-01
3.297730536856651e-01
3.828899316101529e-01
3.756242066924642e-01
4.045532424010038e-01
1.972507661664730e-01
1.887384290934281e-01
1.640842843163098e-01
1.552968560550669e-01
-2.390905711560617e-01
-1.979200017164052e-01
-2.300661503423741e-01
-2.476302555367998e-01
-2.199298433046512e-01
-1.893322755138116e-01
4.318763645923860e-01
4.109439731377450e-01
3.891363053653565e-01
4.159087647520406e-01
4.362870566104385e-01
4.405346593173460e-01
1.994848825548135e-01
1.889877444813977e-01
1.695539399331731e-01
1.596259026479249e-01
1.184980677085581e-01
1.495876313231912e-01
-2.219888372112144e-01
-1.806235458903206e-01
-2.145097156403431e-01
-2.554628471505877e-01
-3.724390231659499e-01
-3.409864343964490e-01
-3.683626366599131e-01
-3.635353102357516e-01
-3.948225992319190e-01
-3.991483086150688e-01
1.577562812418455e-01
1.214751217268278e-01
1.638587179756457e-01
1.276222627516991e-01
-3.754230213607302e-01
-4.035166639259234e-01
-4.268619483197421e-01
-4.086683629165019e-01
-4.225741994555549e-01
-3.931841128989741e-01
-3.882198685911967e-01
2.655815215322167e-01
2.276301724374404e-01
2.384451485291878e-01
2.498005149494292e-01
2.762731034618120e-01
2.871207658153700e-01
1.462510357704881e-01
1.502647168129160e-01
1.515670260789166e-01
1.188128465030461e-01
1.151798331338300e-01
1.115901898205132e-01
4.451911033739955e-02
8.651261170634360e-02
3.660177592372827e-02
7.766003992488396e-02
2.902743474386806e-02
-3.641210847183951e-03
-3.237097682904951e-01
-3.159350202596938e-01
-3.502459574443297e-01
-2.861480895226596e-01
-2.557738963823380e-02
-1.844245157301112e-02
1.745426252452213e-02
5.237691892799014e-02
1.077950839432958e-01
7.761229053410645e-02
3.339284752144202e-02
1.148054778805576e-01
7.051363014906285e-02
-2.742399925275268e-01
-2.349361282508367e-01
-2.687438512834894e-01
-3.102834853670798e-01
-3.055150048108227e-01
-3.141982356629057e-01
-3.440827807416408e-01
2.688060143033849e-01
2.975499880701292e-01
3.569003244842517e-01
3.231096935000412e-01
3.328853691078452e-01
-1.853409454538473e-01
-2.193368475590035e-01
-2.209320682882319e-01
-1.891589416756285e-01
-1.864997533235304e-01
-1.515018843087293e-01
3.417832019275125e-01
3.069762328853116e-01
3.667873829245872e-01
3.155653790780537e-01
9.492626858116766e-02
1.283195759033158e-01
1.373595409529602e-01
1.465207901239825e-01
1.037966230486203e-01
3.354648632219811e-01
3.676271566594799e-01
3.712637654882435e-01
3.400260352986917e-01
3.628311578326722e-01
3.942532574359354e-01
3.980570100657300e-01
2.103444917091187e-01
1.791806828885801e-01
2.197236400725149e-01
2.595224226478920e-01
2.297918116079783e-01
-9.561037173805337e-02
-1.287898859929924e-01
-1.377941598137768e-01
-1.699278159805217e-01
-1.043905521769823e-01
-4.113349005058439e-01
-3.897218306987034e-01
-3.832409252759995e-01
-4.319391941665370e-01
-4.373167075164269e-01
-4.163677200167214e-01
-3.573819841127612e-01
-4.117764553272661e-01
-3.865325958999000e-01
-4.241410343742288e-01
-4.472501106843161e-01
-4.388126683348173e-01
4.681418314800666e-01
4.460299560626282e-01
4.486750774993823e-01
4.271540494374969e-01
4.380229409113566e-01
4.733565530611828e-01
4.599796706473147e-01
-4.242972151584942e-01
-4.439144185345549e-01
-4.204198803889969e-01
-4.406612156774051e-01
-1.192084841489740e-01
-1.540802698525411e-01
-1.519004328969547e-01
-8.250389866356392e-02
-1.165341468913520e-01
4.713053463087573e-01
4.518311176447782e-01
4.643664350023237e-01
4.559573749519532e-01
4.858241658486561e-01
-3.217321665358402e-01
-3.512920113457021e-01
-2.913647608354580e-01
-3.002579506593250e-01
-3.245903369860164e-01
-3.525954050874329e-01
3.644430207580840e-02
5.656604013333612e-02
-5.674407630951083e-02
-3.648169196315165e-02
-3.405183941575433e-04
-1.902191568501284e-02
1.906688328375183e-02
-9.402103409707177e-02
-7.393107122597954e-02
-1.100919350461314e-01
-1.254018936408521e-01
-9.987967983535220e-02
-8.799783531310930e-02
-5.504645841199626e-02
-4.734839883909202e-01
-4.575400584468103e-01
-4.539374223261594e-01
-4.682546619581013e-01
-4.835347695319440e-01
1.940819410489914e-01
1.594633977795398e-01
1.843222213807288e-01
1.489987297580912e-01
1.683525682481166e-01
-1.309781675151500e-01
-1.527551629767548e-01
-1.751554237819128e-01
-1.373938853755137e-01
-1.153909514159304e-01
-1.676711402525712e-01
-1.905527145467639e-02
-4.899829985024908e-02
2.257080316659586e-02
-1.083249810120008e-02
-4.336129093158041e-02
-3.637980297828645e-01
-3.882518681793828e-01
-3.648985414612027e-01
-3.389857932713187e-01
-3.396575967402772e-01
-3.870768218572893e-01
-4.600932397948265e-01
-4.833891127290190e-01
-4.769109747393271e-01
-4.667107725690209e-01
-4.717066498610676e-01
3.988451895124019e-01
4.180837543507810e-01
3.988963238500187e-01
4.200414540195530e-01
4.191547030651376e-01
3.961717797307864e-01
4.394686238958586e-01
-4.601540745415889e-01
-4.598062918220078e-01
-4.748103896194124e-01
-4.757706235540701e-01
-4.882766518519011e-01
-2.400965144451071e-01
-2.459353164391993e-01
-2.712548532033877e-01
-2.983118334791788e-01
-2.515821591339039e-01
-2.724796101568323e-01
4.732635234755138e-01
4.451283478424672e-01
4.957731842219866e-01
4.652431794902788e-01
5.218746147118578e-01
5.261007880129264e-01
5.843387427941700e-01
5.548606826954298e-01
4.582078617437095e-01
4.428144125029956e-01
4.196830164749475e-01
4.225057757035341e-01
4.588460467803001e-01
5.428895939692299e-02
4.821698761081729e-02
-2.293335357446011e-02
2.114164645126454e-02
1.255049706474081e-01
8.690893947035758e-02
1.086789790574136e-01
7.299337564531887e-02
9.407058965147186e-02
7.749881505457588e-02
-3.156763846113682e-01
-3.124082474135229e-01
-3.394566263490307e-01
-3.448934393404260e-01
-3.121827330653230e-01
4.272728908569127e-01
3.910396745157530e-01
4.121645370821514e-01
3.953333435149198e-01
4.012373840683083e-01
1.897527786455255e-01
2.251467778220047e-01
2.118095732042632e-01
2.017424422967541e-01
2.349536882064991e-01
1.987825754846206e-02
5.196745549457700e-06
3.881440076165976e-02
5.950909590095154e-02
-3.878662440863602e-02
-1.342990439516053e-01
-1.563983035111134e-01
-1.709921676876842e-01
-1.487103494804197e-01
-1.128190408937298e-01
-5.950909590095318e-02
-7.740698994586233e-02
-9.876369858897727e-02
-1.270620943445136e-01
-4.779257307028802e-01
-4.609552977070190e-01
-4.464435872086259e-01
-4.647417038486932e-01
-4.420268416897161e-01
-4.296608402898300e-01
-4.291584712897172e-01
-4.486194303096058e-01
-4.096368009376783e-01
-4.079857960995802e-01
-4.513339049896810e-01
-3.837313343469536e-01
-3.624159068066973e-01
-3.570507995483744e-01
-3.987024502098636e-01
-4.260829817464342e-01
2.907081218943203e-01
3.128540378302790e-01
2.672591758593203e-01
3.208244856956463e-01
2.587466811303589e-01
3.428528975432058e-01
4.951647332362510e-01
4.806514168924639e-01
4.880881572095256e-01
4.723649449183929e-01
4.991107183909666e-01
4.779257307028806e-01
4.605965942522886e-01
-2.070420071739444e-01
-2.515379127037213e-01
-2.184816460123261e-01
-2.416831027350389e-01
4.394875954112162e-01
4.386532771333211e-01
4.570419056770168e-01
4.625184393571948e-01
4.828564374874154e-01
2.471245943083606e-01
2.808772141603844e-01
2.842818326361954e-01
3.199516609085806e-01
2.474069404378940e-01
-4.394875954112176e-01
-4.191547030651390e-01
-3.961717797307880e-01
-4.570419056770180e-01
-4.617791195655714e-01
-4.385972456421292e-01
-4.951647332362508e-01
-4.991107183909664e-01
-4.880881572095252e-01
-5.293947936482432e-01
-5.358019957576778e-01
-5.743910905540506e-01
4.544591171947851e-01
4.717066498610668e-01
4.349133052371784e-01
4.488205931753423e-01
4.672171030193047e-01
1.710033397478004e-01
2.065216178928961e-01
1.936355873253208e-01
-2.240214699730269e-01
-2.352329630552064e-01
-2.669962036119211e-01
-2.574065866367267e-01
-2.118095732042650e-01
-1.889408962903682e-01
9.636145265763794e-02
1.125795221214501e-01
1.336335488854155e-01
1.181722192664526e-01
1.563983035111138e-01
2.737503115113729e-01
2.514957287227245e-01
2.281710551598454e-01
2.185270726054144e-01
2.594839055961464e-01
2.825333827190196e-01
-1.962218008492013e-02
1.936261302313723e-02
5.782622336810686e-02
0.000000000000000e+00
3.972508348585724e-02
7.919901220360757e-02
2.040606054182086e-02
6.345971485100813e-02
-3.261237729016179e-01
-3.204793312014687e-01
-2.976016960385452e-01
-2.898334398236920e-01
4.758194644980717e-01
4.884831039726631e-01
4.580126954661521e-01
4.750328077441569e-01
3.991631612817292e-01
4.269560892196638e-01
4.203620569134059e-01
4.422571685639216e-01
4.465429319166990e-01
4.647417038486938e-01
4.486194303096064e-01
1.309441592344746e-01
1.156510217200821e-01
1.440570728787194e-01
1.666007525020741e-01
1.533172055148242e-01
1.373938853755119e-01
-3.351091081912178e-01
-3.121281398408284e-01
-2.824480233780354e-01
-2.854284414991513e-01
-2.608676728184410e-01
-3.057467852577374e-01
3.396765220375923e-01
3.647774300888104e-01
3.412659353295742e-01
3.163651685079586e-01
3.620158030233211e-01
3.871382238464286e-01
3.863196038079443e-01
4.086858988453224e-01
3.882164573870430e-01
4.291246986011128e-01
4.094019625110863e-01
4.296608402898308e-01
4.079857960995808e-01
-9.667841782579432e-02
-5.841000281873460e-02
-7.541130798353224e-02
-5.885643449445157e-02
-4.971494348209605e-02
-7.919901220360744e-02
-4.128763327300092e-01
-4.595592644877158e-01
-4.862194555555626e-01
-5.120317400736164e-01
-4.800545480294942e-01
-5.387936204338730e-01
-5.700503961685900e-01
2.652933319990274e-01
2.277038113545364e-01
2.663924277493276e-01
2.642097892263100e-01
2.410295279924444e-01
2.296486446114892e-01
3.064833555025198e-01
3.023092718123960e-01
1.686134432110451e-01
1.593769070355913e-01
2.031802915870150e-01
2.088620081639048e-01
1.751554237819113e-01
-3.197802276086190e-01
-2.836782206599484e-01
-3.128540378302806e-01
-2.808772141603862e-01
-2.471245943083624e-01
-2.463292978404476e-01
-4.984065747362024e-01
-4.726037135905268e-01
-5.203985391591422e-01
-5.503281804144494e-01
-5.737721690452366e-01
-6.101224252210637e-01
-5.607313707656624e-01
-5.134492587152472e-01
-5.323081189096502e-01
-5.707379034274846e-01
-5.254385330893790e-01
-4.920154339892104e-01
-1.145658903632166e-01
-8.460104445120405e-02
-6.903055124510928e-02
-9.883514088464609e-02
-8.093237042529844e-02
-1.343186300810114e-01
5.743910905540512e-01
5.285862292592778e-01
5.661822623630496e-01
5.543938476153416e-01
5.069713737869770e-01
5.203579334895087e-01
5.789684333335212e-01
5.355465499826882e-01
5.798853512666380e-01
5.370580951220618e-01
6.258196699709808e-01
6.234969450183296e-01
6.787905770117146e-01
-2.079628156074716e-01
-2.456991049169500e-01
-2.866645293977028e-01
-2.881674567638898e-01
-3.360894482593744e-01
-2.880610195578024e-01
-5.771360473030082e-01
-6.109682807130454e-01
-6.574091933114660e-01
-6.251790115330262e-01
-6.216340825928570e-01
-6.766422623552510e-01
-6.691409902253266e-01
2.246172812973722e-01
1.866355951446810e-01
1.814220320728920e-01
9.187085415618484e-02
1.062047639290893e-01
1.474470087481976e-01
1.370797743490851e-01
-4.921840481308190e-01
-5.391003764644836e-01
-5.076405254124622e-01
-5.206042194919168e-01
-5.543938476153404e-01
4.862194555555594e-01
5.098056106770106e-01
5.393759018947958e-01
5.977031297592542e-01
5.103972999295165e-01
5.700503961685868e-01
4.141789274761154e-01
3.988192685987880e-01
3.837313343469544e-01
3.570507995483752e-01
4.258570580764404e-01
8.159934079628638e-04
-1.987825754846349e-02
-2.305877875622074e-02
-4.204085730547678e-02
-4.999011648850328e-01
-5.374239938347630e-01
-5.377822053830352e-01
-4.975310752612138e-01
-4.876965718220038e-01
4.131881011787624e-01
3.845661185036748e-01
3.529686285154576e-01
3.706841308493082e-01
9.876369858897562e-02
8.587688073306116e-02
1.277121433223364e-01
1.964484474448915e-01
2.382113763433980e-01
-3.281128746351874e-01
-2.971005144858548e-01
-3.025668003265938e-01
-2.642097892263094e-01
-2.745154494889833e-01
-3.370257340896012e-01
4.378587256410190e-02
6.903055124510098e-02
2.305877875621290e-02
-4.946310032566178e-02
1.665141659066020e-04
-2.703443026591276e-02
5.046218532111570e-02
2.703443026590628e-02
-5.002770902817090e-01
-5.471797138388392e-01
-5.998682543918248e-01
-5.813999239108836e-01
-6.415210438110523e-01
-2.659448118516874e-01
-2.281029836437786e-01
-2.296486446114886e-01
-1.936355873253204e-01
-1.883791490274775e-01
-2.663924277493268e-01
-2.246172812973712e-01
-3.525436406919204e-01
-3.428528975432074e-01
-3.486005476395478e-01
-3.706841308493100e-01
-3.822519838849108e-01
4.999011648850328e-01
4.975310752612136e-01
4.838998761955132e-01
4.873888546190837e-01
5.373159893231210e-01
2.971005144858556e-01
3.361320428570714e-01
3.281128746351882e-01
3.052422144435594e-01
3.349646761233011e-01
3.669691443023754e-01
2.883635411482796e-01
2.882379558428089e-01
2.664387629214823e-01
3.121948932629693e-01
-6.461795626493742e-02
-2.200473470491546e-02
-3.972508348585700e-02
-1.064856864353636e-01
-4.608109684359462e-02
4.504812082420590e-01
4.724915093874130e-01
4.984065747362038e-01
-2.421190315778940e-01
-1.957814784177026e-01
-2.382113763434038e-01
-1.593769070355986e-01
-2.031802915870220e-01
-1.482889551488126e-01
-1.868556841107004e-01
4.815918218841200e-01
5.387936204338692e-01
4.466767367133662e-01
5.041304179550590e-01
4.662799406587594e-01
4.595592644877116e-01
3.977093611501178e-01
4.299935917851968e-01
3.716778913652142e-01
3.819930112581222e-01
3.629106838831226e-01
3.258175684260448e-01
4.117893508699598e-01
4.254814914491790e-01
2.189790595741426e-01
1.723585978507988e-01
2.127016927751146e-01
1.232548101311830e-01
1.607142182023755e-01
1.077106565969063e-01
9.959307120617804e-02
8.093237042529200e-02
1.145658903632090e-01
1.482487998013457e-01
1.868556841106944e-01
1.343186300810048e-01
-3.527663159993462e-01
-3.593253133477804e-01
-3.446365968035912e-01
-3.064833555025186e-01
-3.919099147032260e-01
-4.040566997007620e-01
-3.303716068736158e-01
-3.819930112581270e-01
-4.104379171571938e-01
-4.254814914491832e-01
-3.629106838831276e-01
-3.258175684260504e-01
-3.728353798412162e-01
4.289149153034558e-01
4.462335095038558e-01
4.855890873857902e-01
3.806109345768184e-01
3.446365968035926e-01
3.926121142136478e-01
4.040566997007636e-01
2.877795523150446e-01
3.360894482593692e-01
2.880610195577966e-01
2.456991049169434e-01
2.866645293976966e-01
3.316703335035818e-01
2.432299653608482e-01
5.910845200227826e-01
6.499789937559176e-01
6.047281555164667e-01
6.176703974096922e-01
6.637998938049549e-01
6.734240372013016e-01
5.999325689733174e-01
6.118642805901136e-01
6.574091933114650e-01
5.471797138388376e-01
5.607313707656612e-01
6.691409902253258e-01
6.415210438110510e-01
-1.727841272808737e-01
-1.607142182023749e-01
-1.479743023719158e-01
-1.814220320728915e-01
-1.370797743490844e-01
-1.181722192664521e-01
-2.519166818522504e-02
-5.402611354076552e-02
-1.242336462804010e-01
-1.077106565969061e-01
-9.187085415618462e-02
-7.524224709698218e-02
3.771554103842454e-01
3.866795885095940e-01
3.956966587583003e-01
4.000768418983449e-01
4.117724256362287e-01
3.101477590364554e-01
2.651432715540770e-01
3.123221566716252e-01
3.593253133477816e-01
3.512200293934008e-01
2.633443987624362e-01
5.837430747013562e-01
5.301686105853394e-01
5.004499192610365e-01
5.620795192788486e-01
6.215769917207428e-01
0.000000000000000e+00
2.419944836999216e-02
4.608109684359442e-02
0.000000000000000e+00
5.402611354076584e-02
7.452382993977108e-02
-2.200536575804872e-01
-2.654524132942372e-01
-3.101860159381986e-01
-3.123221566716244e-01
-2.127016927751142e-01
-2.633443987624352e-01
-6.178904072800642e-01
-5.661822623630490e-01
-6.062333937540541e-01
-5.906347757780588e-01
-6.499789937559168e-01
-6.637998938049542e-01
-6.320487172342226e-01
-5.375131557664627e-01
-5.630279037366170e-01
-5.098056106770134e-01
-5.301686105853416e-01
-4.821164030127410e-01
-5.977031297592564e-01
-6.215769917207448e-01
-4.732635234755124e-01
-5.261359108118528e-01
-4.956177607553554e-01
-4.451283478424658e-01
-5.843387427941686e-01
-5.548606826954288e-01
-5.218746147118564e-01
5.499620201542545e-01
5.737860997093256e-01
5.203985391591434e-01
4.920538221593864e-01
5.391003764644848e-01
6.101224252210647e-01
6.320487172342236e-01
3.591145788218933e-01
3.352395129175708e-01
3.255536662432370e-01
3.683201473020338e-01
3.461245812724926e-01
3.126673569478944e-01
3.006784923427718e-01
4.251286006142832e-01
4.461888235790460e-01
4.333030477857958e-01
4.548744400923876e-01
4.768276055788638e-01
4.920154339892102e-01
4.833891127290182e-01
5.707379034274837e-01
5.242846793239720e-01
5.323842021007720e-01
5.146235742965986e-01
-4.141789274761138e-01
-4.296309167979606e-01
-3.806109345768170e-01
-3.692802867559930e-01
-4.462335095038546e-01
-4.653366091615902e-01
-4.855890873857890e-01
-3.977093611501226e-01
-4.481009627893064e-01
-4.299935917852014e-01
-4.662799406587638e-01
-5.041304179550627e-01
6.262310749190986e-01
5.771360473030078e-01
6.798655842436446e-01
6.766422623552506e-01
6.219587598033800e-01
-6.276667872319202e-01
-5.798853512666380e-01
-6.233117660029770e-01
-5.789684333335210e-01
-6.787905770117144e-01
-6.734240372013010e-01
-6.798655842436448e-01

Z  1  1102  double
3.155825262363492e-01
3.208790297162957e-01
3.455417294749273e-01
3.706836037111749e-01
3.486384512070734e-01
1.526828755087530e-01
2.040035580789835e-01
1.714065763345517e-01
2.125184455779196e-01
1.802776581842369e-01
1.640809917092560e-01
1.474388235334857e-01
1.061155458805982e-01
1.061144907295383e-01
5.872554744940875e-02
6.025315824335306e-02
1.565212067721773e-01
2.059418380046897e-01
1.906037042994346e-01
1.488706006254965e-01
1.763027605665282e-01
2.310429213872758e-01
1.059777295558419e-01
1.559971041761044e-01
1.549673468235359e-01
2.044502271857303e-01
1.995442276844613e-01
1.934086599949362e-01
2.406164620356041e-01
2.353456994797039e-01
1.846350478946013e-01
1.495236341547198e-01
1.508655554849828e-01
1.459289052232072e-01
1.056123218984961e-01
1.058142416736630e-01
1.501325406643821e-01
1.850609680874518e-01
1.736868237530348e-01
1.458618208389864e-01
1.386371538770569e-01
1.062830854288305e-01
1.495683611850986e-01
1.967421645067520e-01
1.709470254728614e-01
1.451316748561859e-01
1.509584121682246e-01
1.056692951592318e-01
1.377654143913246e-01
2.219881860947368e-01
2.568714429248375e-01
2.489846467959945e-01
2.250463897303701e-01
2.862329950692245e-01
2.763026807447213e-01
2.376856638022000e-01
3.086428722147045e-01
3.258661816846923e-01
2.917898625670337e-01
3.217287806403106e-01
3.052101587724727e-01
2.713410150031537e-01
2.759930016328103e-01
2.991190827189903e-01
3.345844731309356e-01
3.302168222620321e-01
3.459594904235651e-01
3.711697070624329e-01
3.654553925576176e-01
3.380417189089049e-01
4.300663821389531e-01
4.390673401349552e-01
4.335657830981569e-01
4.223944870817015e-01
4.332615526094916e-01
4.236350978019398e-01
2.687375209543174e-01
3.042070659806266e-01
2.523070620932291e-01
2.299558191485763e-01
2.429198635175409e-01
2.321559862292385e-01
2.903843159255610e-01
2.727496470247273e-01
3.409730052753708e-01
3.673975529278625e-01
4.051760625640792e-01
4.212311500057314e-01
3.577482347773597e-01
3.295658548527609e-01
3.508438133176055e-01
3.069551913444476e-01
3.049737529813464e-01
3.343566941607640e-01
2.259404455334079e-01
2.577374433663541e-01
2.244368471225655e-01
2.584839446923924e-01
2.917281789435734e-01
2.906368357428706e-01
1.884359325202548e-01
3.072040668301338e-01
3.398899956989161e-01
3.208609625687876e-01
3.537555098948354e-01
3.242967742621469e-01
4.366922827090098e-01
4.423260383693295e-01
4.368848604549004e-01
4.289471945113405e-01
4.324828223168997e-01
4.402436699357917e-01
4.264118036888306e-01
4.319036743440983e-01
2.885344988688291e-01
2.521378564901069e-01
2.809017634143707e-01
3.139109501468440e-01
3.193592852375974e-01
2.156905160808192e-01
4.255353006163849e-01
4.312616598257503e-01
4.395555759409736e-01
4.185989323972205e-01
4.220396361856328e-01
4.067227214908592e-01
4.230104324335519e-01
4.221010290734086e-01
4.167350598491643e-01
4.094674690758424e-01
4.064137156703324e-01
4.078839521738880e-01
4.194644014186897e-01
4.226686000558076e-01
4.118581246855416e-01
3.925443547036318e-01
3.889194185311314e-01
4.024916612464597e-01
4.034372594081166e-01
4.090557316920522e-01
4.100823865935545e-01
3.936247104297391e-01
3.924157910990339e-01
3.902418058278692e-01
3.723443379734269e-01
4.019867694220464e-01
4.165136190405274e-01
3.995620314878516e-01
2.615716048856185e-01
3.096968452851945e-01
2.759215531690189e-01
2.978849045665387e-01
2.826518909642678e-01
3.015518594272962e-01
2.910232798089959e-01
3.242521723423858e-01
3.109638301246507e-01
3.075208098482892e-01
3.328047037743598e-01
2.854621526668767e-01
2.374318415178092e-01
2.556379423965468e-01
2.188567243202261e-01
2.477433234583038e-01
3.527189739026990e-01
3.233918964089283e-01
3.784562851158745e-01
3.693267822736346e-01
3.417379355203088e-01
2.530654296431445e-01
2.357632544509486e-01
2.748379154068871e-01
2.123012601391004e-01
2.518892353433716e-01
3.619582217220053e-01
3.595802976148859e-01
3.369441195986766e-01
3.372324068767109e-01
3.831066223978603e-01
3.072416589608574e-01
3.094244674556468e-01
3.324662811509368e-01
2.249146515568282e-01
2.631971962753511e-01
2.503441325095239e-01
2.128084855611448e-01
1.834561023065761e-01
2.885222804621055e-01
2.741113943546794e-01
3.599858992823183e-01
3.535645564658663e-01
3.702224647303169e-01
3.429279984583418e-01
3.789761879502083e-01
3.832850053841397e-01
3.599328564793595e-01
3.580507472342122e-01
3.813815281161879e-01
3.811376616662285e-01
1.877212745313852e-01
2.160698365459706e-01
2.231338761444467e-01
1.832005269406397e-01
2.284801811551408e-01
2.983713332274754e-01
3.103580449398530e-01
3.314809033977518e-01
3.415093139869322e-01
3.166749561933357e-01
2.542585337527007e-01
2.341078423279759e-01
2.145739580620271e-01
2.316838681520319e-01
1.775165755290782e-01
1.060228956974629e-01
1.058681946969995e-01
1.484414894699332e-01
5.950149944006068e-02
5.883614114633854e-02
1.060448738087467e-01
1.560290395279384e-01
1.059564245794700e-01
6.035981721384448e-02
5.912940360852597e-02
5.833360159478638e-02
2.431888339501205e-01
2.224788821949759e-01
2.616586617361616e-01
1.513132402396273e-01
1.958742749662966e-01
1.785022591572049e-01
2.038629785645898e-01
2.004895574456604e-01
1.918358458921943e-01
1.597916675777239e-01
1.529644668390371e-01
1.487901884888517e-01
1.821350664754742e-01
1.516618282621587e-01
1.059481819247858e-01
1.063280588690011e-01
1.430555028074891e-01
1.061329037989033e-01
3.933578382286418e-01
3.999579563511131e-01
4.124163831120179e-01
4.202465645881365e-01
4.268084676339060e-01
4.167029462665058e-01
3.799510085383423e-01
3.911783073158474e-01
3.981274849425646e-01
4.105537832469662e-01
4.152374767469936e-01
3.764767661423671e-01
3.673626514907391e-01
1.500770425841126e-01
1.063618759172153e-01
1.659845155784510e-01
1.061205726033994e-01
1.361974305629199e-01
1.059195903253869e-01
1.062159332888071e-01
1.424618300282843e-01
1.061326811957101e-01
5.938207686707159e-02
5.880977104287276e-02
5.868953162153741e-02
4.420236489866220e-01
4.432231079225135e-01
4.434193549222069e-01
4.399442790791683e-01
2.455503333687065e-01
2.789019152081843e-01
2.431744438961635e-01
2.109451982461815e-01
2.190406331435096e-01
2.566286846388571e-01
2.264884306845986e-01
2.298553563936100e-01
2.620215472412660e-01
1.895682007774019e-01
3.362950046344180e-01
3.441676866925911e-01
3.639487616974879e-01
3.694452997983541e-01
2.900491928864981e-01
3.003619497084674e-01
2.656730118995714e-01
2.746023947980915e-01
2.269175152243895e-01
2.365888575166187e-01
3.918196350611008e-01
3.725162696370559e-01
3.495454711691995e-01
3.619049133615058e-01
3.433618704159339e-01
3.694661216626676e-01
3.864394662486290e-01
3.487119936886297e-01
3.876961218298621e-01
3.912217302711681e-01
4.070015849944619e-01
4.012281566815554e-01
3.900674454697980e-01
4.081359236623219e-01
1.975039013306038e-01
2.407076411446114e-01
2.755314236808385e-01
2.707288336620646e-01
2.410531800937412e-01
2.347318011961425e-01
4.398530552154136e-01
4.327871018225514e-01
4.384826416458840e-01
4.324929799248338e-01
4.290918409216310e-01
3.927361612035866e-01
3.890183126868147e-01
4.021911973193715e-01
4.081584350109983e-01
4.193562997168777e-01
4.048679157162208e-01
4.153895522961211e-01
4.209400685022633e-01
3.969041686047072e-01
3.848249339636955e-01
3.845861085780614e-01
3.919068484900605e-01
3.683728406316712e-01
3.770271677279525e-01
3.810919660152343e-01
3.550045453405858e-01
3.516076727637539e-01
3.409024209090660e-01
3.279176179971468e-01
3.080134483640899e-01
3.397548167288064e-01
2.767649181375760e-01
2.941128296491545e-01
3.228881461347683e-01
2.934769396799777e-01
2.942243439928255e-01
3.216461908116038e-01
2.615110739990610e-01
2.583597092870685e-01
2.270450385000741e-01
3.767571293965727e-01
3.622202885485830e-01
3.986316548228468e-01
3.867302485302850e-01
3.599477795129191e-01
3.746335828909546e-01
3.475882642633601e-01
3.679766930520413e-01
3.313383670182086e-01
3.595626123239454e-01
1.895873057160322e-01
2.282232494134937e-01
2.603083677639210e-01
2.256005776563577e-01
1.907464563465448e-01
1.855922947679123e-01
2.891607827742519e-01
2.598115490540107e-01
3.208514885276856e-01
2.945608508101554e-01
2.957642767945344e-01
2.628775113473106e-01
3.920763424989436e-01
4.087418957830664e-01
3.906972740530438e-01
3.715110735183550e-01
2.709639734978266e-01
3.059659993764204e-01
2.829088728595405e-01
2.900599021276172e-01
2.541866618837851e-01
2.442848440275633e-01
4.111464714760417e-01
4.154308972312618e-01
3.984989281523281e-01
4.005308394978148e-01
1.814460286953967e-01
1.507421245966899e-01
1.063322155503269e-01
1.061783076441801e-01
1.417786383332047e-01
1.804754046288936e-01
1.423690060026463e-01
2.405601707196057e-01
2.523955103320198e-01
2.795953529764361e-01
3.011601447303868e-01
2.651470758416675e-01
2.855639181896943e-01
2.984068294808304e-01
2.622039213692435e-01
2.239586523816826e-01
2.117352673996721e-01
2.490921500837801e-01
2.874917861915750e-01
3.176408645563644e-01
3.231304620706008e-01
2.851808229309041e-01
2.924019885021522e-01
2.470489160591254e-01
2.731562777981888e-01
3.216378458604479e-01
3.182183250904989e-01
2.918364282674352e-01
3.473195591493323e-01
3.568303407919221e-01
3.825588440773958e-01
3.669448308236783e-01
3.474692213256171e-01
4.318532201157445e-01
4.280478821938025e-01
4.360598026741781e-01
4.259153122882758e-01
4.362508250897824e-01
3.555452089681470e-01
3.814038141254421e-01
3.653441945233393e-01
3.262912847995998e-01
3.381942411569824e-01
3.097653978146513e-01
2.926964176514384e-01
3.338990281253704e-01
3.007930246558301e-01
2.400413302593999e-01
2.651428947158164e-01
2.789478516222507e-01
2.748005149345292e-01
2.793891419824503e-01
2.433295466825027e-01
1.963640227912327e-01
2.383311776795234e-01
2.662839245724833e-01
2.882725364645830e-01
3.125587761492058e-01
2.514532096076513e-01
3.199021037787523e-01
3.507062987761335e-01
3.240491169420490e-01
3.495677417395321e-01
3.700460674626287e-01
3.734460017573950e-01
3.159358915977316e-01
2.830540774347116e-01
2.711420718783031e-01
3.059022825033502e-01
2.908056239216542e-01
2.546997083154015e-01
2.448551924687130e-01
3.130611206539817e-01
3.439670720569431e-01
3.341480778629338e-01
3.196372696522789e-01
3.499251657182973e-01
3.474709170404419e-01
3.205737688242885e-01
3.464348166556509e-01
3.172965869977354e-01
3.706553844676275e-01
2.267827132689280e-01
2.591090134821695e-01
2.601121960169015e-01
1.879599615202428e-01
1.882298789508451e-01
2.247212424143143e-01
2.931253065553402e-01
1.840018878573462e-01
2.111215413883780e-01
1.855380237521458e-01
1.497449388318207e-01
1.472985045198671e-01
1.065585969297748e-01
1.607455890570904e-01
1.422389379114420e-01
1.842717017735521e-01
1.502235878079408e-01
1.060712921307747e-01
1.060480910528136e-01
2.052385519486512e-01
1.762446925855680e-01
2.179413256321275e-01
1.855180348911820e-01
2.148289292098069e-01
1.876259006307585e-01
2.287682353662830e-01
2.364229011537784e-01
2.533736456758485e-01
1.055838058170660e-01
1.480263470161397e-01
1.059725023122604e-01
1.504299087630065e-01
6.030862566936147e-02
1.860609050577372e-01
1.560545870933836e-01
1.929637117983238e-01
2.232991426047355e-01
1.524182661579400e-01
1.060307705696400e-01
1.475817156866955e-01
1.062381610783313e-01
1.061936271808841e-01
1.504313342099903e-01
1.515118858134775e-01
1.059094788921361e-01
1.060951173325970e-01
1.059910713124323e-01
1.485095929665818e-01
1.489812487155044e-01
1.871673340233757e-01
2.225608606368811e-01
1.838223686654795e-01
1.779137765342545e-01
1.057864937514925e-01
1.503844654302049e-01
1.500015576743200e-01
1.058603389931467e-01
6.029386726458814e-02
1.509862926117669e-01
1.504178027780647e-01
1.058328235833316e-01
1.057794921696705e-01
1.900628134074812e-01
1.058609380200861e-01
5.884575691474715e-02
0.000000000000000e+00
0.000000000000000e+00
6.048779688636904e-02
0.000000000000000e+00
1.865034203334433e-01
2.171714530964903e-01
2.054248457456309e-01
2.343439044100079e-01
2.569282047954175e-01
1.540929582462695e-01
1.062392530335075e-01
1.061391160665929e-01
1.478079530518853e-01
1.059428250366655e-01
5.986727689540759e-02
1.056894147312463e-01
0.000000000000000e+00
5.894423098225122e-02
6.032978179109272e-02
0.000000000000000e+00
1.061008831526001e-01
1.061581798358603e-01
5.952073096111085e-02
5.865277735181465e-02
0.000000000000000e+00
0.000000000000000e+00
0.000000000000000e+00
1.404351813505566e-01
1.462694192238121e-01
1.060988575433697e-01
1.055978702646122e-01
5.966018654713369e-02
1.759898249248752e-01
1.389620649819347e-01
1.449258462004611e-01
1.497711522834911e-01
2.122044176332421e-01
1.764699169707193e-01
0.000000000000000e+00
0.000000000000000e+00
0.000000000000000e+00
0.000000000000000e+00
0.000000000000000e+00
0.000000000000000e+00
0.000000000000000e+00
0.000000000000000e+00
1.419245842737597e-01
1.769385020964387e-01
2.185059886796243e-01
2.067550989872408e-01
1.472657184604984e-01
1.761006596761767e-01
2.141711323409224e-01
1.942976642798432e-01
1.857647675996267e-01
1.737139169385574e-01
1.879908960632807e-01
1.472100260099438e-01
1.470014962081820e-01
1.058865462563196e-01
5.884923517584535e-02
2.060480809826994e-01
1.791967913086480e-01
1.761142448068895e-01
1.975031155544880e-01
1.479907521787746e-01
1.468521177981930e-01
1.751759405935948e-01
1.478766750864775e-01
1.464820358309057e-01
1.891930823544460e-01
5.920517389213667e-02
5.899309099394862e-02
0.000000000000000e+00
1.056830887426247e-01
1.056806976130970e-01
0.000000000000000e+00
5.902664788691901e-02
6.041047781419427e-02
0.000000000000000e+00
6.048802294707494e-02
5.860647935830347e-02
0.000000000000000e+00
6.026649433807901e-02
1.059772501127781e-01
1.063371308045854e-01
0.000000000000000e+00
5.887874187037417e-02
0.000000000000000e+00
0.000000000000000e+00
0.000000000000000e+00
5.870500300359202e-02
5.960502102442282e-02
0.000000000000000e+00
1.063847233132650e-01
0.000000000000000e+00
6.033454432362739e-02
0.000000000000000e+00
5.878875550265217e-02
0.000000000000000e+00
0.000000000000000e+00
0.000000000000000e+00
5.851342333311253e-02
0.000000000000000e+00
0.000000000000000e+00
0.000000000000000e+00
5.933675592817760e-02
0.000000000000000e+00
1.054799127914469e-01
5.825516133681193e-02
5.873800273517243e-02
0.000000000000000e+00
0.000000000000000e+00
5.919408974046948e-02
0.000000000000000e+00
5.856082965971177e-02
0.000000000000000e+00
0.000000000000000e+00
5.951407329787965e-02
5.887135865591315e-02
1.060472640461428e-01
1.057174552112142e-01
6.001058924968885e-02
0.000000000000000e+00
5.906087178658318e-02
0.000000000000000e+00
0.000000000000000e+00
0.000000000000000e+00
0.000000000000000e+00
0.000000000000000e+00
0.000000000000000e+00
0.000000000000000e+00
0.000000000000000e+00
0.000000000000000e+00
0.000000000000000e+00
0.000000000000000e+00
0.000000000000000e+00
0.000000000000000e+00
0.000000000000000e+00
0.000000000000000e+00
0.000000000000000e+00
0.000000000000000e+00
0.000000000000000e+00
0.000000000000000e+00
0.000000000000000e+00
5.908295703448593e-02
0.000000000000000e+00
1.060628510225671e-01
1.059528590340882e-01
5.866606236180850e-02
5.843170341326007e-02
5.954804574236217e-02
0.000000000000000e+00
5.881933507121199e-02
1.058845016100058e-01
1.060615307746522e-01
5.880541892031875e-02
0.000000000000000e+00
5.990902035968888e-02
5.860350794186413e-02
1.057700182002232e-01
5.961019012797784e-02
0.000000000000000e+00
0.000000000000000e+00
5.886310249307426e-02
1.058749493853700e-01
1.493824094132522e-01
1.056908219070953e-01
1.480863179235034e-01
1.060077439292501e-01
5.998118905673087e-02
5.897398137639081e-02
5.978390139969988e-02
0.000000000000000e+00
0.000000000000000e+00
0.000000000000000e+00
0.000000000000000e+00
0.000000000000000e+00
1.059650852605454e-01
5.860674761874428e-02
1.057180481581094e-01
5.954121167653128e-02
1.055394343020424e-01
5.885989683656551e-02
1.506378820959795e-01
1.056489957509049e-01
1.546216158903333e-01
1.062086665573298e-01
1.466175990920663e-01
1.059251501064607e-01
5.874985523324971e-02
0.000000000000000e+00
0.000000000000000e+00
1.061657236577812e-01
5.991029895835314e-02
1.453482623771379e-01
1.059038284889981e-01
5.958337564743552e-02
0.000000000000000e+00
5.914116598883460e-02
1.055876094497007e-01
1.061924683715447e-01
1.447506104369194e-01
1.368480964192396e-01
5.977588040809339e-02
1.061386150898974e-01
1.061755584637084e-01
1.420686693437830e-01
1.491901379965497e-01
6.025504062615245e-02
5.877241446074497e-02
1.440137451655452e-01
1.061608887118926e-01
1.063005875000838e-01
5.988319928870066e-02
5.956779372055357e-02
0.000000000000000e+00
0.000000000000000e+00
6.000618604343157e-02
5.871608684615567e-02
1.058640686214444e-01
1.832620501986630e-01
1.494668271366151e-01
0.000000000000000e+00
0.000000000000000e+00
0.000000000000000e+00
0.000000000000000e+00
0.000000000000000e+00
0.000000000000000e+00
0.000000000000000e+00
0.000000000000000e+00
0.000000000000000e+00
0.000000000000000e+00
0.000000000000000e+00
0.000000000000000e+00
5.872055718399945e-02
0.000000000000000e+00
0.000000000000000e+00
0.000000000000000e+00
0.000000000000000e+00
0.000000000000000e+00
0.000000000000000e+00
0.000000000000000e+00
0.000000000000000e+00
0.000000000000000e+00
0.000000000000000e+00
0.000000000000000e+00
0.000000000000000e+00
0.000000000000000e+00
0.000000000000000e+00
0.000000000000000e+00
0.000000000000000e+00
0.000000000000000e+00
0.000000000000000e+00
0.000000000000000e+00
0.000000000000000e+00
0.000000000000000e+00
0.000000000000000e+00
0.000000000000000e+00
0.000000000000000e+00
0.000000000000000e+00
0.000000000000000e+00
0.000000000000000e+00
0.000000000000000e+00
0.000000000000000e+00
0.000000000000000e+00
0.000000000000000e+00
0.000000000000000e+00
0.000000000000000e+00
0.000000000000000e+00
0.000000000000000e+00
0.000000000000000e+00
0.000000000000000e+00
0.000000000000000e+00
0.000000000000000e+00
0.000000000000000e+00
0.000000000000000e+00
0.000000000000000e+00
0.000000000000000e+00
0.000000000000000e+00
0.000000000000000e+00
0.000000000000000e+00
0.000000000000000e+00
0.000000000000000e+00
0.000000000000000e+00
0.000000000000000e+00
0.000000000000000e+00
0.000000000000000e+00
0.000000000000000e+00
0.000000000000000e+00
0.000000000000000e+00
0.000000000000000e+00
0.000000000000000e+00
0.000000000000000e+00
0.000000000000000e+00
0.000000000000000e+00
0.000000000000000e+00
0.000000000000000e+00
0.000000000000000e+00
0.000000000000000e+00
0.000000000000000e+00
0.000000000000000e+00
0.000000000000000e+00
0.000000000000000e+00
0.000000000000000e+00
0.000000000000000e+00
0.000000000000000e+00
0.000000000000000e+00
0.000000000000000e+00
0.000000000000000e+00
0.000000000000000e+00
0.000000000000000e+00
0.000000000000000e+00
0.000000000000000e+00
0.000000000000000e+00
0.000000000000000e+00
0.000000000000000e+00
0.000000000000000e+00
0.000000000000000e+00
0.000000000000000e+00
0.000000000000000e+00
0.000000000000000e+00
0.000000000000000e+00
0.000000000000000e+00
0.000000000000000e+00
5.889163766618348e-02
0.000000000000000e+00
0.000000000000000e+00
0.000000000000000e+00
0.000000000000000e+00
0.000000000000000e+00
0.000000000000000e+00
0.000000000000000e+00
0.000000000000000e+00
0.000000000000000e+00
0.000000000000000e+00
0.000000000000000e+00
0.000000000000000e+00
0.000000000000000e+00
5.846780284181335e-02
0.000000000000000e+00
0.000000000000000e+00
0.000000000000000e+00
0.000000000000000e+00
0.000000000000000e+00
0.000000000000000e+00
0.000000000000000e+00
0.000000000000000e+00
0.000000000000000e+00
0.000000000000000e+00
0.000000000000000e+00
0.000000000000000e+00
0.000000000000000e+00
0.000000000000000e+00
0.000000000000000e+00
0.000000000000000e+00
0.000000000000000e+00
0.000000000000000e+00
0.000000000000000e+00
0.000000000000000e+00
0.000000000000000e+00
0.000000000000000e+00
0.000000000000000e+00
5.979203005891080e-02
0.000000000000000e+00
0.000000000000000e+00
0.000000000000000e+00
0.000000000000000e+00
5.866903750012958e-02
6.023478763424540e-02
0.000000000000000e+00
0.000000000000000e+00
0.000000000000000e+00
0.000000000000000e+00
5.962503790256691e-02
5.856619082385752e-02
0.000000000000000e+00
1.929166278970633e-01
1.495973778064291e-01
1.786502554241143e-01
1.056747248580121e-01
0.000000000000000e+00
0.000000000000000e+00
0.000000000000000e+00
0.000000000000000e+00
0.000000000000000e+00
0.000000000000000e+00
0.000000000000000e+00
0.000000000000000e+00
0.000000000000000e+00
0.000000000000000e+00
0.000000000000000e+00
0.000000000000000e+00
0.000000000000000e+00
0.000000000000000e+00
0.000000000000000e+00
0.000000000000000e+00
0.000000000000000e+00
0.000000000000000e+00
0.000000000000000e+00
0.000000000000000e+00
0.000000000000000e+00
0.000000000000000e+00
0.000000000000000e+00
0.000000000000000e+00
0.000000000000000e+00
0.000000000000000e+00
0.000000000000000e+00
0.000000000000000e+00
0.000000000000000e+00
0.000000000000000e+00
0.000000000000000e+00
0.000000000000000e+00
0.000000000000000e+00
0.000000000000000e+00
0.000000000000000e+00
0.000000000000000e+00
0.000000000000000e+00
0.000000000000000e+00
0.000000000000000e+00
0.000000000000000e+00
0.000000000000000e+00
0.000000000000000e+00
0.000000000000000e+00
0.000000000000000e+00
0.000000000000000e+00
0.000000000000000e+00
0.000000000000000e+00
0.000000000000000e+00
0.000000000000000e+00
0.000000000000000e+00
0.000000000000000e+00
0.000000000000000e+00
0.000000000000000e+00
0.000000000000000e+00
0.000000000000000e+00
0.000000000000000e+00
0.000000000000000e+00
0.000000000000000e+00
0.000000000000000e+00
0.000000000000000e+00
0.000000000000000e+00
0.000000000000000e+00
0.000000000000000e+00
0.000000000000000e+00
0.000000000000000e+00
0.000000000000000e+00
0.000000000000000e+00
0.000000000000000e+00
0.000000000000000e+00
0.000000000000000e+00
0.000000000000000e+00
0.000000000000000e+00
0.000000000000000e+00
0.000000000000000e+00
0.000000000000000e+00
0.000000000000000e+00
0.000000000000000e+00
0.000000000000000e+00
0.000000000000000e+00
0.000000000000000e+00
0.000000000000000e+00
0.000000000000000e+00
0.000000000000000e+00
0.000000000000000e+00
0.000000000000000e+00
0.000000000000000e+00
0.000000000000000e+00
0.000000000000000e+00
0.000000000000000e+00
0.000000000000000e+00
0.000000000000000e+00
0.000000000000000e+00
0.000000000000000e+00
1.995798255227626e-01
2.140778451729640e-01
2.231405710722388e-01
1.800000665901950e-01
1.851832497677059e-01
0.000000000000000e+00
0.000000000000000e+00
0.000000000000000e+00
0.000000000000000e+00
0.000000000000000e+00
0.000000000000000e+00
0.000000000000000e+00
0.000000000000000e+00
0.000000000000000e+00
0.000000000000000e+00
0.000000000000000e+00
0.000000000000000e+00
0.000000000000000e+00
0.000000000000000e+00
0.000000000000000e+00
0.000000000000000e+00
0.000000000000000e+00
0.000000000000000e+00
0.000000000000000e+00
0.000000000000000e+00
0.000000000000000e+00
0.000000000000000e+00
0.000000000000000e+00
0.000000000000000e+00
0.000000000000000e+00
0.000000000000000e+00
0.000000000000000e+00
0.000000000000000e+00
0.000000000000000e+00
0.000000000000000e+00
0.000000000000000e+00
0.000000000000000e+00
0.000000000000000e+00
0.000000000000000e+00
0.000000000000000e+00
0.000000000000000e+00
0.000000000000000e+00
0.000000000000000e+00
0.000000000000000e+00
0.000000000000000e+00
0.000000000000000e+00
0.000000000000000e+00
0.000000000000000e+00
0.000000000000000e+00
0.000000000000000e+00
0.000000000000000e+00
0.000000000000000e+00
0.000000000000000e+00
0.000000000000000e+00
0.000000000000000e+00
0.000000000000000e+00
1.554459830221771e-01
2.054510492488061e-01
1.796677964656145e-01
1.811338298099605e-01
2.254446370217008e-01
2.465567994829804e-01
2.259684460740917e-01
1.859214608305334e-01
1.421543050281486e-01
1.497150197778220e-01
1.058330035718844e-01
5.983014062185611e-02
0.000000000000000e+00
0.000000000000000e+00
0.000000000000000e+00
0.000000000000000e+00
0.000000000000000e+00
0.000000000000000e+00
0.000000000000000e+00
0.000000000000000e+00
0.000000000000000e+00
0.000000000000000e+00
0.000000000000000e+00
0.000000000000000e+00
0.000000000000000e+00
0.000000000000000e+00
0.000000000000000e+00
0.000000000000000e+00
0.000000000000000e+00
0.000000000000000e+00
0.000000000000000e+00
0.000000000000000e+00
0.000000000000000e+00
0.000000000000000e+00
0.000000000000000e+00
0.000000000000000e+00
0.000000000000000e+00
0.000000000000000e+00
0.000000000000000e+00
0.000000000000000e+00
0.000000000000000e+00
0.000000000000000e+00

H1  1  1102  double
9.657997346535264e-04
-8.380402469805407e-04
2.913602887694362e-04
-3.459671239711991e-04
-1.495735140081969e-03
1.756029518944617e-02
1.600474621334706e-02
1.641077901751287e-02
1.447003067785116e-02
1.508095594582183e-02
-8.825148105356421e-03
-7.495244221190013e-03
-8.634445121906120e-03
-7.066081485611299e-03
-9.177364641595675e-03
-1.102769645409977e-02
6.478840275381392e-03
5.983650312880337e-03
4.648609583092924e-03
5.074715237639240e-03
7.880037702398434e-03
4.058321353529935e-03
6.264360547576396e-03
-1.432744901019290e-02
-1.303133391824153e-02
-1.375918970296557e-02
-1.293777681160199e-02
-1.161321104511431e-02
-1.217950519253103e-02
-1.092678154660971e-02
-1.724405558462203e-02
-1.868942162476759e-02
-1.920822700091438e-02
-1.809780129830335e-02
-1.913195527191385e-02
-1.983567770224741e-02
1.962522664674064e-02
1.891138883406599e-02
1.975854959284480e-02
2.006230476964126e-02
2.034901306546667e-02
2.094198697319912e-02
1.996580214182378e-02
1.852225051117395e-02
1.918566018363407e-02
1.924844958088762e-02
1.844617834976918e-02
1.950565813659506e-02
1.974059917415233e-02
-5.787448220494955e-03
-4.842103448521600e-03
-6.615213146025064e-03
-4.156005221043134e-03
-5.517941059828645e-03
-7.259577463788902e-03
-8.331169281132735e-03
-5.894686908319095e-03
-4.077798066275175e-03
-4.687172528226180e-03
-6.996561367621413e-03
-9.855616164360287e-03
-1.052715582180100e-02
-1.162957388696592e-02
-8.772692281577026e-03
-9.317708240290266e-03
-8.167125013432391e-03
-4.994953803253059e-04
1.437044922399460e-04
-1.664995779090592e-03
-2.288059274616552e-03
2.790342469033195e-03
1.643287591275514e-03
3.441433481620395e-03
4.601392297250081e-03
9.732969005992747e-04
5.267162882126967e-03
-1.591601998698280e-02
-1.431415187828898e-02
-1.666932872378584e-02
-1.757114890363515e-02
-1.703818546257333e-02
-1.714600902971972e-02
-1.486862673168311e-02
-1.539815739383139e-02
-9.958932923426173e-03
-8.860008788067215e-03
-3.490303485287376e-03
-2.325012295711523e-03
-9.814074018537917e-03
-1.163145533497286e-02
-1.093221583578974e-02
-1.106214624412473e-02
-1.210310503001327e-02
-1.045243701741946e-02
-1.654444668230483e-02
-1.584196037299426e-02
-1.600903358872062e-02
-1.525625089589347e-02
-1.402031690238816e-02
-1.339557004412364e-02
-1.797037156642308e-02
-1.388614595550970e-02
-1.204811247269978e-02
-1.272542123691073e-02
-1.147553034227812e-02
-1.317375650184550e-02
1.789798200821978e-03
1.127701104760049e-03
2.965961398743239e-03
3.612180132573535e-03
4.110013317504018e-03
2.296573482112792e-03
2.449459216463879e-03
6.518543467189798e-04
-1.465257060328991e-02
-1.649532012621420e-02
-1.533338245729334e-02
-1.366258220235286e-02
-1.310100417038866e-02
-1.776814307952975e-02
-4.975563774515382e-03
-4.313453753278458e-03
-2.512505969690933e-03
-6.121594372444483e-03
-5.475474667946135e-03
5.735570943159342e-03
3.216755848130852e-04
2.111403427484181e-03
3.944141975196715e-03
1.470650958687100e-03
3.279638772604669e-03
1.468624883084128e-04
1.291031853767848e-03
-5.256086117361578e-04
3.103828281575136e-03
3.763477444699198e-03
7.875852942329104e-04
1.954168618160793e-03
7.725435399283038e-03
7.059261005693435e-03
6.417880359590371e-03
8.178815259400802e-03
7.538237275038615e-03
8.859431162807288e-03
9.997226344198688e-03
6.065506267351141e-03
4.272898835534200e-03
4.910396490814127e-03
-1.144170912117005e-02
-1.108564506471772e-02
-1.203384886166808e-02
-1.044362634643424e-02
-9.643407513351106e-03
1.307920607214171e-02
1.414379255710150e-02
1.251831252461958e-02
1.368702921301824e-02
1.200090790960639e-02
1.137552500480634e-02
-1.273146239264536e-02
-1.314491826250316e-02
-1.449554997740063e-02
-1.537811759321082e-02
-1.395612057475241e-02
6.203883966701608e-03
6.802299562595034e-03
5.545627271949148e-03
4.388970714097367e-03
5.021175865997635e-03
5.133910348308678e-03
6.884766782575934e-03
6.234889031343172e-03
8.370358587946158e-03
8.136354706398265e-03
8.485574963735705e-03
7.346241038979608e-03
9.104864428304013e-03
1.021735291484590e-02
6.704656208184868e-03
9.721497638595675e-03
1.087251322703124e-02
7.919541645700308e-03
-9.909453675878555e-03
-9.345154446687508e-03
-8.267266961883919e-03
-8.614020766790284e-03
-1.058529869193661e-02
-7.584812546897145e-03
-6.432137260526863e-03
9.641616856230344e-03
1.075551051773326e-02
1.015543602309343e-02
1.184390670662186e-02
8.990802666646810e-03
7.855438912103952e-03
-8.678710197183187e-03
-7.530036553545718e-03
-6.923224938554720e-03
-8.068523354089743e-03
1.706857722364929e-02
1.441515766991497e-02
1.524020158372652e-02
1.636378606729312e-02
1.581877631849221e-02
-7.943344333768027e-03
-6.197725578518005e-03
-6.869700323476286e-03
-5.071254267991314e-03
-8.660182628919056e-03
-5.352182337168247e-03
-7.080462998463887e-03
-5.811856436628166e-03
-4.180136075173271e-03
-6.589143840938256e-03
-1.421339811729046e-02
-1.295143408910175e-02
-1.181004927829357e-02
-1.744948624324980e-02
-1.603671587202889e-02
4.582780895269508e-03
3.447506995207417e-03
3.004463160013894e-03
6.408359038207282e-03
4.372139579056539e-03
2.494044555139468e-03
-1.081415678838543e-02
-9.937352728570638e-03
-9.120196584693884e-03
-1.046742188659429e-02
-9.532027972129554e-03
-1.120564975997883e-02
-1.177520710064953e-02
-1.642670071062536e-02
-1.732856169677645e-02
-1.705667337977460e-02
-1.787499911607255e-02
-1.878816772974997e-02
-1.830125366980383e-02
2.030477003167652e-02
2.109277814031011e-02
2.108481776600548e-02
2.043403038737555e-02
2.116465663272390e-02
8.359790044686960e-03
7.220468327821247e-03
6.575066285539834e-03
5.917015265787219e-03
4.762413216930851e-03
5.417309677857873e-03
-9.681302858221854e-03
-8.553959181945840e-03
-7.419446096780534e-03
-6.789543200321447e-03
-5.624207265147423e-03
-9.216419059748574e-03
-1.037062606094556e-02
-1.634548301416110e-02
-1.659051201637523e-02
-1.540432855887269e-02
-1.544116215608622e-02
-1.560937570972416e-02
-1.001021656295012e-02
-1.156539734971933e-02
-1.182937804561404e-02
-1.295300361515049e-02
-1.441742857472289e-02
-1.596800229123745e-02
-1.277773689950148e-02
-1.343767091853328e-03
-6.739531609358650e-04
4.700764506650048e-04
-1.958442704172368e-04
1.317772199385668e-02
1.140769898771790e-02
1.203855630453110e-02
1.351727102167016e-02
1.765142762618365e-02
1.629535949640866e-02
1.715903127932731e-02
1.640076930185263e-02
1.562616833775811e-02
1.841353967286948e-02
-1.256861200489614e-02
-1.190570354684695e-02
-1.083249082105055e-02
-1.019659784919630e-02
7.397452310157663e-03
8.614134713908676e-03
9.099046125881189e-03
1.024537663313752e-02
9.648582952320220e-03
1.102298427462419e-02
2.601410577131243e-03
1.952283662776870e-03
1.283339401469538e-03
5.555818297853520e-03
4.856195305882524e-03
3.763273269993220e-03
4.408599039718804e-03
3.074178569977737e-03
-9.061534386713159e-03
-8.382290836575721e-03
-7.274722102587343e-03
-7.929379038842424e-03
-7.750124470046676e-03
-6.615048323477683e-03
-1.523274383264079e-02
-1.432063399449952e-02
-1.276185057938581e-02
-1.398646165173615e-02
-1.338059274971018e-02
-1.541238188342474e-02
-2.154424993776164e-05
-1.191819205752964e-03
-1.845489991006451e-03
-3.657778664549661e-03
-2.993150121061521e-03
8.046669987473916e-04
-9.979590086854233e-04
-2.156007962215993e-03
-3.614468072264711e-04
-1.507471546348866e-03
-5.953158323083783e-03
-4.150965264195639e-03
-4.810602538491560e-03
-5.287943231285481e-03
-4.621531865194010e-03
-7.074462937374073e-03
-3.978817180518903e-03
-4.599014091817196e-03
-5.755476933288612e-03
-2.802361736690756e-03
-3.459957492452291e-03
-6.398787856605881e-03
-5.226051856434927e-03
1.295459445625581e-02
1.412169357533279e-02
1.235932701772062e-02
1.519895289638546e-02
1.469482731476386e-02
2.430135090024333e-03
3.524993137634041e-03
1.747730455496387e-03
6.377144073391880e-04
2.902407455295647e-03
4.665956015182813e-03
3.900730919731896e-03
6.197585497348579e-03
8.011540600647292e-03
5.088184106788208e-03
6.880084900502329e-03
-5.750952403213026e-03
-6.413305935088815e-03
-7.528591458412258e-03
-3.968494249430947e-03
-9.257022595514598e-03
-8.237117326956105e-03
3.288271705144077e-03
2.193122889172677e-03
1.117631152780135e-03
4.532855671092870e-04
1.546840372415435e-03
-2.687263068139093e-04
1.256703133587860e-02
1.431005810342613e-02
1.154739847957126e-02
1.318810759140112e-02
1.380661571068956e-02
1.509496595280799e-02
-1.014820950360270e-03
-1.675794463327017e-03
-2.807820515357847e-03
-2.163800734780547e-03
3.355712813245743e-03
2.718732715586108e-03
1.586876230391051e-03
-2.173577348709487e-04
4.691227380629202e-04
2.233127166220558e-03
-3.309550195536255e-03
-4.481182903954000e-03
-5.113531874341487e-03
-6.271716378777693e-03
1.046725662019858e-02
9.710861875602174e-03
9.407115152794262e-03
1.079509559586385e-02
8.277767186650532e-03
8.979499897562948e-03
1.105344161090568e-02
1.304265141503957e-02
1.373910785652856e-02
1.183844856207919e-02
1.023218299322614e-02
1.123358004851911e-02
9.463450316083881e-03
-1.324799316368364e-02
-1.504473240626436e-02
-1.654832554448575e-02
-1.737391045411628e-02
-1.619262437076503e-02
-1.434394211589291e-02
1.349025163186091e-02
1.287081999138000e-02
1.507635227546856e-02
1.450240922535321e-02
1.689037917075814e-02
1.574906677625200e-02
-2.643372010819918e-03
-4.426717919063479e-03
-3.716619642106463e-03
-3.276090434142994e-03
1.129189481241082e-02
9.470305770404232e-03
1.062417403106965e-02
1.170299740020866e-02
-8.527461967653175e-04
-3.823090476090315e-03
-3.171103567365034e-03
-2.665715313994004e-03
-1.995085394472667e-03
3.252148877582454e-03
2.596588605150276e-03
1.452388071092211e-03
3.883559298333793e-03
2.077697797275146e-03
5.666670266148919e-03
4.500075409022882e-03
6.642960102227894e-03
7.773530380613486e-03
8.154783697442297e-03
8.847256697710783e-03
7.044666245048081e-03
1.367674594994495e-02
1.248991088958076e-02
1.431082826644109e-02
1.714004014532134e-02
1.524678460926596e-02
1.482307938659185e-02
5.285203699125570e-03
6.011013755780698e-03
6.465186295763734e-03
4.228578016331750e-03
1.105211091966210e-02
1.222914258763491e-02
1.040426846569351e-02
8.667077710332777e-03
9.344963408507250e-03
-1.171603435865448e-03
-1.766710001351918e-03
-3.570898011836877e-03
-2.944532859818758e-03
-1.277097366153983e-05
-6.873620231755152e-04
-2.400211326225667e-03
1.088568127403128e-02
9.762568180317295e-03
9.070622662234693e-03
8.432423388228201e-03
7.344389750141346e-03
-1.124805146640858e-02
-1.240106163381687e-02
-1.061208044111023e-02
-1.176420306577038e-02
-9.556240287796548e-03
-2.391594246364221e-03
-1.306587338742424e-03
-3.126663969542726e-03
-3.530698945867708e-03
-1.792233616394975e-03
-6.872441261143315e-04
-1.949052824179387e-03
-6.934257563098506e-03
-7.713697758825802e-03
-5.270742949788019e-03
-4.469268857151830e-03
-6.135474202578838e-03
-3.761307742207980e-03
-3.584480562993636e-03
-4.703627018984202e-03
-4.888422511181443e-03
-5.963722167816114e-03
-2.030408311261988e-03
-5.551749469056727e-03
2.823230816938433e-03
1.671470153851324e-03
1.075286524575121e-03
-8.262494784182225e-06
1.724867904486984e-02
1.807058632591875e-02
1.630708733964373e-02
1.702422681016945e-02
1.598167777617814e-02
2.922034436083693e-03
3.744172207278663e-03
4.584225010687921e-03
2.058607285244616e-03
2.507836216129022e-03
-1.317826457791755e-02
-1.283505160739779e-02
-1.421672549762032e-02
-1.231861503442889e-02
-1.425169291073031e-02
-1.420755637494238e-02
-2.022163061063963e-02
-2.102638491380497e-02
-2.100713101028781e-02
-2.025516008762328e-02
-2.031604671907097e-02
-2.111215842560117e-02
-2.114671320909580e-02
-2.074906668542950e-02
-2.005692056254485e-02
-1.979737381785646e-02
-1.852179759306597e-02
-1.731198373162032e-02
-1.899317976376783e-02
-1.952634678793098e-02
-2.086468733731761e-03
-1.106567848813348e-03
-2.785896057276326e-03
-3.775000317578385e-03
-3.471962011878730e-03
1.837769913266183e-02
1.898698566646587e-02
1.956540653178500e-02
2.007094767152777e-02
1.779436896539033e-02
-2.029551390181572e-02
-2.375625659331038e-02
-1.718562731450581e-02
-1.766570137299063e-02
-2.430374171624138e-02
7.764398177546747e-04
1.941245990067125e-02
1.779588180950171e-02
1.851095074027692e-02
1.735006735968719e-02
1.643862778916913e-02
1.222041995561267e-02
1.231477822532706e-02
1.357594615731281e-02
1.371219994204963e-02
1.485828408469367e-02
1.512214658832999e-02
-5.390427045942997e-03
-4.564681517296371e-03
-5.478580939640976e-03
-7.347318528979650e-03
-6.049768518685156e-03
-1.151490692350059e-02
-1.008168257479634e-02
-1.434018556698243e-02
-1.272931152177949e-02
-1.013385593552691e-02
-1.124025627415981e-02
5.481469124750214e-04
1.998154987316629e-03
5.364799323325171e-04
1.255746575224661e-03
-4.143289309867526e-04
5.241604112996523e-04
-1.676629548595354e-02
-1.737246456861917e-02
-1.653410647856311e-02
-1.542060551450080e-02
-1.446661738122337e-02
-1.563614092456335e-02
-1.424982417756885e-04
-1.599392911906592e-04
6.313845107689837e-05
7.354198479387353e-05
-0.000000000000000e+00
5.763599452982072e-05
-0.000000000000000e+00
0.000000000000000e+00
-2.643088931200595e-03
-1.986382160798787e-03
-1.297423914756845e-03
-3.076899335677390e-03
-1.174499396234253e-03
-1.956683580360854e-02
-1.791405558992460e-02
-1.895946050850679e-02
-1.935154291764897e-02
-1.902858027995127e-02
-1.889204563699586e-02
-1.980413141436566e-02
-2.013149008071519e-02
-2.074839426504873e-02
-2.460569356265724e-02
1.232363670142337e-02
1.391318387394695e-02
1.280546390479203e-02
1.125201924972610e-02
1.501165702067957e-02
-7.529229204771517e-03
-9.457598859087693e-03
-8.956672768693502e-03
-1.039847939518366e-02
-7.837212303436309e-03
-2.304287822234873e-02
-2.227137336949038e-02
-1.660722417837944e-02
-1.918156133417422e-02
-1.834946674373467e-02
-1.835480323676770e-02
-2.490898598974681e-02
-2.486402722215831e-02
-1.826016356106231e-02
-2.490350379169456e-02
2.400799717194438e-02
1.748651337146312e-02
2.341118919171913e-02
2.009616353916552e-02
2.057107598375207e-02
-1.823856816702182e-02
-2.460213589440508e-02
-1.800671668690235e-02
9.040289594690199e-04
5.242529244124531e-03
8.235875942568029e-03
1.012844974325038e-02
6.749415177663446e-03
7.779559802821001e-03
9.433478421693647e-03
1.182838795457758e-02
8.095192448327793e-03
1.358846044818734e-02
1.063296333591096e-02
-4.986303739737255e-04
1.188719642237037e-02
1.672049560283177e-02
1.293879590810673e-02
-5.004772917467255e-04
-4.784888871144156e-04
-2.002310425155517e-02
-1.450928017456243e-02
-1.758264489824536e-02
-1.881604603884576e-02
-2.120033090218000e-02
-1.335701069309683e-02
2.434570416195330e-03
4.480628339153580e-03
3.940532439854744e-03
6.430147525181221e-03
1.111480763060696e-03
5.310199795428809e-03
8.292489980201271e-03
2.269521549515986e-02
1.797408027015338e-02
1.881297383445121e-02
2.169031278346484e-02
-8.744659675057741e-03
-1.095159087254119e-02
-7.360640586850014e-03
4.225463285188821e-04
3.540263736030595e-04
-1.597582452779915e-02
-1.535906337150261e-02
6.146202423442538e-04
7.194883685791231e-04
8.204158656824690e-04
-8.668488757505019e-03
-9.976486048089610e-03
-1.128305685908540e-02
-7.465173486068379e-03
4.051482937357215e-04
5.085277044131448e-04
2.578569876139512e-03
9.933372265276390e-04
4.027892064650424e-03
-1.383667880091336e-04
-9.445036936084675e-05
-3.856039282982680e-05
-9.179639656860921e-03
-6.051960874119680e-03
-8.620645729005108e-03
-6.973531582454721e-03
-7.292428166635362e-03
2.339099465670447e-02
2.271593840459362e-02
1.690772317247469e-02
-2.224384292701769e-02
-1.835746281156966e-02
-1.754262132682398e-02
-2.123601687679357e-02
-1.668888219000687e-02
-2.307891117130180e-02
2.441783481988739e-02
2.050707005614141e-02
2.414193393929484e-02
1.780427995635407e-02
1.741835498763816e-02
2.066806399208538e-02
1.803014672672524e-02
1.770335422062917e-02
1.871364409390683e-02
1.672272912538997e-02
1.702356747968769e-02
2.493827362163597e-02
2.487911894992997e-02
2.475962121660864e-02
1.836157782269908e-02
1.831115849330765e-02
1.816113832637354e-02
-8.920595624528514e-04
-7.524887366848909e-04
-1.546031135551495e-02
-1.889432056949659e-02
-1.647908221048906e-02
-2.011083932928672e-02
-4.042597386479965e-04
4.548023686156817e-04
4.515348584610667e-04
1.269019087564915e-03
9.750323597643520e-03
9.413379771154468e-03
8.216150581670809e-03
7.773692011008442e-03
1.016542593458439e-02
6.668752601505642e-03
8.054093251250833e-03
-2.037852062099384e-02
-2.424014973057380e-02
-1.933491198501526e-02
-1.981085275821189e-02
-2.374773163433523e-02
-1.769653112571640e-02
1.819066202739110e-02
1.591267655785606e-02
1.706253267449657e-02
1.603914329154926e-02
1.697287248384676e-02
1.948641744457752e-02
1.485221313823366e-02
1.357539272179886e-02
1.373432941112526e-02
1.475666341574907e-02
1.675779659999491e-02
1.512117632997654e-02
1.119244017518628e-02
1.081904703703732e-02
1.228571389657741e-02
1.184406455601948e-02
1.363414236320029e-02
9.421916785144910e-03
1.061658349570480e-02
2.444592739517295e-02
2.472152599937827e-02
2.089234157813207e-02
1.924247706256308e-02
2.017038370784418e-02
1.817222541730194e-02
5.542549958351167e-04
1.508812316788703e-04
1.345008678251608e-04
-6.105730446296208e-05
-6.837076067453062e-05
0.000000000000000e+00
0.000000000000000e+00
-6.589088110600330e-04
-7.697936732755750e-04
-2.200648110332829e-04
1.567068773065309e-02
2.176419940909242e-02
1.637054979649676e-02
-2.152905712020963e-04
-7.391063872067234e-04
8.774166918642907e-04
2.414814433188795e-04
2.302717340047186e-04
7.407222051930756e-04
-1.724928317374866e-02
7.171496808815560e-04
6.264985918984973e-04
-1.440591521995025e-02
-1.528746200026887e-02
-1.607254677373159e-02
7.781849102097071e-04
-1.242660892944078e-04
-3.479598226665101e-04
-1.169632038413128e-04
4.935571767756023e-05
4.364951105554650e-05
0.000000000000000e+00
7.481741967963819e-05
1.907597670595696e-04
9.641226088733158e-05
3.840179268128313e-05
1.876257014572195e-04
-3.157124078289992e-03
2.452752623874441e-04
8.001844835061598e-04
2.538443017760065e-04
-1.029639946364615e-04
0.000000000000000e+00
0.000000000000000e+00
-4.451752684879921e-05
-1.097552270420859e-04
-4.664823561272943e-05
-8.026652616380021e-05
-2.392922271202800e-04
-2.277768424066241e-04
-7.271191663764294e-06
-9.117586411288251e-05
-3.843274886475152e-06
-7.781541355608205e-06
2.247044775421816e-06
1.060471441145895e-05
-0.000000000000000e+00
8.509250111925016e-04
2.217952094874735e-04
2.171934771888266e-04
-9.374407796523845e-05
0.000000000000000e+00
0.000000000000000e+00
3.294069367198329e-05
-2.301446774259181e-05
0.000000000000000e+00
-6.749133876524308e-06
-1.482202626189966e-05
0.000000000000000e+00
0.000000000000000e+00
-2.457083642659491e-04
-5.357804036036094e-04
-2.466741536407171e-04
-2.487008312990243e-04
-8.903956482231625e-04
-7.470815546157739e-04
-2.399528804104238e-04
-3.630695092154396e-04
-8.803752872776906e-05
-2.642273010963905e-04
-2.351257003224501e-04
-7.684052044156318e-05
1.302928325146307e-04
1.196289004346536e-04
-5.342217501218163e-05
0.000000000000000e+00
-5.990370600507293e-05
0.000000000000000e+00
-1.926498895634204e-04
-5.736001442942289e-04
1.187652208402981e-02
1.293687174882001e-02
-5.321717776481254e-04
8.626232694380039e-04
-1.833171458937756e-02
2.513039323189572e-04
8.052270998689021e-04
-4.653748953398229e-04
4.764952309428302e-05
-1.718157787694432e-05
-1.825964635500261e-03
-1.451689262140083e-03
5.258195255654155e-04
6.315735720093281e-04
5.402820113314736e-04
-1.226667516492689e-02
-1.804585733272840e-02
9.268784216276227e-04
7.914948346503053e-04
-1.001827907744719e-04
0.000000000000000e+00
1.390974124652387e-02
1.484809474796530e-02
-7.466844823805750e-04
1.577756836573565e-02
2.062506106407097e-02
-6.230882331488831e-04
9.054578882120733e-04
2.439669636767770e-04
2.475216990827040e-04
-1.050588729548504e-04
-1.063455661787993e-04
0.000000000000000e+00
-1.040437832324847e-04
0.000000000000000e+00
3.349951062673501e-04
7.629254626547255e-05
-3.121005965240138e-05
-3.813986301608769e-05
0.000000000000000e+00
-6.171785062307377e-04
-8.129939288829972e-04
1.635564091031743e-02
1.690962265641340e-02
-7.317332972836543e-04
-2.227298446407837e-04
-2.327088973147247e-04
5.948369763882410e-04
-1.338720262942374e-02
-1.747447730145503e-02
-1.242377307752843e-02
3.914472597360930e-04
-2.899106567665008e-04
-1.723701902002952e-03
-3.463222635074280e-03
-1.513232496624310e-03
5.471590701408270e-05
1.486033351999593e-02
-6.092690142442984e-04
1.397763516299441e-02
1.951677807241015e-02
1.813442721703278e-02
-4.076819235778966e-04
1.418576196486857e-02
1.581192656199566e-02
1.581222031132264e-02
1.598830593352258e-02
-8.192370465468839e-04
-9.408332294933141e-04
1.828197780822585e-02
-9.056910636889842e-04
-2.455300665591827e-04
-4.324006755117417e-04
-3.735226080056354e-04
-1.317960680075234e-04
-9.571889390985364e-05
-9.960985054070182e-05
0.000000000000000e+00
2.373137884050778e-04
2.357467420290493e-04
-1.034460550887635e-04
0.000000000000000e+00
-6.781777245709443e-05
0.000000000000000e+00
-7.276986979931898e-05
0.000000000000000e+00
0.000000000000000e+00
1.559259280419870e-04
1.877047217076280e-04
1.638993694050937e-04
-8.332597784279239e-05
0.000000000000000e+00
1.912909187200818e-04
2.124465787826800e-04
-7.974571400311938e-05
0.000000000000000e+00
9.737031398089806e-05
1.008305995476323e-04
-0.000000000000000e+00
1.021890778080197e-04
-0.000000000000000e+00
-0.000000000000000e+00
-1.050349779365040e-04
0.000000000000000e+00
2.430867912141869e-04
-1.006373657776273e-04
0.000000000000000e+00
0.000000000000000e+00
8.847846558906845e-05
0.000000000000000e+00
-1.978411308692934e-04
-2.172651958347841e-04
8.094275629160901e-05
0.000000000000000e+00
-8.840546431324800e-05
0.000000000000000e+00
-7.656138768762655e-05
0.000000000000000e+00
1.913345816280591e-04
2.102124157714186e-04
-8.575662267450627e-05
7.588393440217863e-05
0.000000000000000e+00
0.000000000000000e+00
-1.946550849290522e-04
-1.965351501335417e-04
8.108365580013046e-05
0.000000000000000e+00
-9.168102927882400e-05
0.000000000000000e+00
0.000000000000000e+00
2.257020183151112e-04
2.140369781753703e-04
-8.955799075353239e-05
-9.748284456334141e-05
3.452526139753195e-05
0.000000000000000e+00
2.597652506910678e-05
1.868451195399715e-05
0.000000000000000e+00
-0.000000000000000e+00
-2.923076746242905e-05
-2.140645553814054e-05
0.000000000000000e+00
8.011473471497739e-05
5.287239752329764e-05
0.000000000000000e+00
0.000000000000000e+00
9.976060767339327e-05
0.000000000000000e+00
-7.133041530629305e-04
-2.436811049748830e-04
-2.408500072995905e-04
1.787234501321460e-02
1.061142109358143e-04
-0.000000000000000e+00
1.041915649591089e-04
-0.000000000000000e+00
-2.455645586877726e-04
1.031014948628454e-04
9.195932003701468e-03
7.453985280160145e-03
5.685767752422213e-03
8.404700987621683e-03
6.893128719048327e-03
9.197810180789125e-05
9.664573191589261e-05
-0.000000000000000e+00
0.000000000000000e+00
8.641800518092306e-05
-0.000000000000000e+00
-3.912332909076755e-05
1.025465746223096e-04
3.106653316528736e-04
-4.600292102827748e-05
0.000000000000000e+00
-2.457722990830359e-04
1.040962110847020e-04
-2.495556805918586e-04
-0.000000000000000e+00
-0.000000000000000e+00
1.053022963515409e-04
9.987287586848727e-05
9.420290753374016e-05
9.101114602852799e-05
0.000000000000000e+00
0.000000000000000e+00
0.000000000000000e+00
1.867572902407632e-05
-4.817777640527137e-05
2.668522155046382e-05
3.417700274173495e-05
0.000000000000000e+00
0.000000000000000e+00
0.000000000000000e+00
-5.218248738896809e-05
-4.759403329685635e-05
1.206755035163944e-04
1.102157502392645e-04
3.109757755896469e-04
0.000000000000000e+00
0.000000000000000e+00
-1.478410422077542e-04
5.789048150856273e-05
6.382070246866186e-05
-1.665708684922893e-04
0.000000000000000e+00
0.000000000000000e+00
0.000000000000000e+00
5.033518944399386e-05
4.249411038320671e-05
-1.130478604309334e-04
-3.746392230245524e-04
-8.575750796541760e-05
-0.000000000000000e+00
-0.000000000000000e+00
1.239484337854879e-02
1.155491956918796e-02
1.344255682223341e-02
1.091293589492210e-02
9.798842036056934e-03
1.059823907186572e-02
1.223229124890294e-02
5.128272193501294e-03
5.179626703241430e-03
6.670819791229027e-03
6.229782637675094e-03
-5.421397485528779e-03
-3.224641896456255e-03
-4.646942653562281e-03
5.318098798524426e-05
1.297878559594670e-04
9.078351741047032e-05
2.752945760398512e-04
-1.686058440751944e-04
7.601655097344180e-05
-1.915357856083482e-04
-6.794000778929329e-04
0.000000000000000e+00
7.042497697070444e-05
0.000000000000000e+00
1.852259747302540e-04
-7.488101082301964e-05
1.861339433833330e-04
0.000000000000000e+00
0.000000000000000e+00
-5.504557006861001e-06
2.996357051024164e-05
-0.000000000000000e+00
0.000000000000000e+00
-1.662624844233244e-05
1.817999704124741e-06
8.212699511038460e-07
1.019792142466009e-05
-9.212968132646678e-06
0.000000000000000e+00
0.000000000000000e+00
0.000000000000000e+00

H2  1  1102  double
-1.371123794333837e-02
-1.341269261538859e-02
-1.202593637026940e-02
-1.039671164259221e-02
-1.169849152300122e-02
-1.003972533543459e-02
-9.586242735005761e-03
-1.138672699526525e-02
-1.071144842318956e-02
-1.243530774575949e-02
-1.801576765925511e-02
-1.887380124277078e-02
-1.930343783040081e-02
-2.001257820052883e-02
-2.317211449308440e-02
-2.237944432333983e-02
-1.902524272460820e-02
-1.743719605674294e-02
-1.879462453524398e-02
-1.961245620647173e-02
-1.796513825276658e-02
-1.696959902213147e-02
-2.031397044526456e-02
1.416535460870020e-02
1.542391376820777e-02
1.242452529058211e-02
1.394726710356904e-02
1.507274171973891e-02
1.206116582938016e-02
1.324739400334857e-02
-8.801107229055369e-03
-8.040073091609378e-03
-6.476349941635312e-03
-9.610780357472771e-03
-8.934657936790751e-03
-7.425763723614587e-03
5.487536755679659e-03
4.006658925093000e-03
2.428704710647391e-03
3.918846564871186e-03
2.473194462180738e-03
3.380075086235830e-03
-4.008712090496472e-03
-3.816417784108252e-03
-5.443997463051636e-03
-6.962182620915734e-03
-8.400292442789723e-03
-8.172544603314210e-03
-5.600018361921453e-03
-1.674921963851708e-02
-1.580961253152905e-02
-1.544802241360471e-02
-1.725331193275014e-02
-1.415834490726482e-02
-1.374414283952399e-02
-1.514577003054433e-02
1.283741087523868e-02
1.248260468041281e-02
1.411210265679169e-02
1.142373038566770e-02
1.019197631098953e-02
1.192587454225343e-02
1.047927491195656e-02
1.159451814463745e-02
8.596602963170181e-03
1.004022722161494e-02
1.197809153682596e-02
1.036345720347502e-02
1.062708539075235e-02
1.224437778373730e-02
3.559479179740023e-03
2.139932905624147e-03
1.849878033601025e-03
3.255639842548528e-03
3.843853905006432e-03
1.565458219883057e-03
1.925802371565134e-04
-1.688092101912083e-04
1.831943654499704e-03
3.376106294164869e-04
-1.276434555173855e-03
3.461494573406934e-03
1.509063356899619e-03
3.177057404924750e-03
-7.177625530142335e-03
-5.838248856602606e-03
-6.710097905412761e-03
-5.304680278380305e-03
5.501807164917182e-03
5.773244123524282e-03
4.111959502977020e-03
8.853109582473026e-03
7.394465095110587e-03
7.195666348647242e-03
-5.854836360989503e-03
-4.594333745356089e-03
-7.523231924810853e-03
-6.328060748795017e-03
-4.906802315111282e-03
-6.534042609302830e-03
-7.174509576173604e-03
2.967149614432272e-03
2.659162018895237e-03
4.338583553121964e-03
9.689538372282730e-04
1.275957605600175e-03
-2.750479580089708e-03
-1.013412463108634e-03
-1.297073921170632e-03
-3.025358320359234e-03
1.128733744812273e-04
4.092243309650935e-04
-4.447261123886100e-03
-4.165766402414495e-03
-3.203568795373170e-03
-2.983381552152033e-03
-1.552603236165412e-03
-1.830565329157549e-03
-3.546335335382044e-03
-2.559378027752784e-03
1.564514357443731e-03
-1.528632880916595e-04
-4.357104682303242e-04
1.333118818710410e-04
-1.598044068308546e-03
4.691280362152294e-03
5.564689789291974e-03
5.271262656899207e-03
4.989031161500193e-03
6.989326781142799e-03
6.677912125462320e-03
-7.290742198055120e-03
-5.876678176324075e-03
-5.596417574502662e-03
-6.155429595980453e-03
-7.847419537031681e-03
-8.975125215117428e-03
-7.581617203174453e-03
-4.453304162918415e-04
1.254232129727485e-03
2.986830769309355e-03
2.677140710739931e-03
4.388392955327562e-03
9.884954797884154e-04
2.396508167134778e-03
-5.008646743373341e-03
-4.728440813078692e-03
-6.440536953307362e-03
-1.161656113581117e-02
-8.606061813028369e-03
-9.859049778587177e-03
-1.027347928632727e-02
-1.180690317334565e-02
-6.083975740577756e-03
-4.657739018484352e-03
-4.357794602320205e-03
-2.999436571629616e-03
-7.475841977730593e-03
-5.801209978034872e-03
-8.221881351707021e-03
-1.123016390809453e-02
-7.977104854019540e-03
-9.147135412018123e-03
-9.658046475974505e-03
-9.789807574783673e-03
-1.143027665869897e-02
-8.115891589480314e-03
-9.516708897903093e-03
-1.116093985438550e-02
-1.598073880651025e-02
-1.594688659003181e-02
-1.430579540256585e-02
-1.608572050341446e-02
-1.473694057565573e-02
-6.980125084220004e-03
-8.392324342687590e-03
-8.610522253196390e-03
-7.206754554490215e-03
-6.685141476216677e-03
-1.029196908930008e-02
-8.916750316919037e-03
-1.001357690421625e-02
1.477974758226797e-02
1.332252373988401e-02
1.463738306266680e-02
1.579463828054829e-02
1.637182231797661e-02
1.293473716291591e-02
1.432179176912850e-02
-5.542280099250061e-03
-4.152301066508187e-03
-2.425571510819055e-03
-2.704462461909846e-03
-3.846050214876021e-03
-5.286668584474021e-03
6.925134938085155e-03
8.337628783116609e-03
6.665158336080319e-03
5.262357739646978e-03
8.966101176049764e-03
1.063567769687484e-02
9.155139872404390e-03
1.048110419269260e-02
7.539552703044769e-03
-1.222695030664412e-02
-1.255271367259886e-02
-1.084882249191456e-02
-1.115388115533374e-02
-1.058188916359327e-02
1.574390234262981e-02
1.598350973647142e-02
1.699352585630632e-02
1.705042007396806e-02
1.850884091796444e-02
1.565267724735328e-02
1.676352357112344e-02
1.662219302720132e-02
1.773133997733151e-02
1.919752397341110e-02
-2.073077686629018e-02
-1.985640009821956e-02
-2.103027186161440e-02
-2.418652411159447e-02
-2.445993238767563e-02
-2.486426798255923e-02
-1.325102300635371e-02
-1.457951028510989e-02
-1.360527107415838e-02
-1.737330033329500e-02
-1.638936986625423e-02
-1.610517576230914e-02
-1.451370685230207e-02
9.525735883600461e-03
8.147628057701337e-03
1.067476655227355e-02
9.317148548033503e-03
7.893127433762078e-03
6.775369447453130e-03
8.258932769702283e-04
1.511478466667417e-06
1.652496291033640e-03
-8.241689395650858e-04
-1.720229040908269e-03
-2.165062170805266e-03
-3.582685938239383e-03
-1.870434533545096e-03
-1.622454743524658e-04
-1.589565121369687e-03
-3.310101215201237e-03
7.053510387874722e-04
2.132519760257969e-03
3.553420982495563e-03
1.838702106179918e-03
3.271147080587667e-03
3.807241718911822e-03
2.403490827222540e-03
1.211054687622166e-02
1.323066843893488e-02
1.293907253299343e-02
1.463870749509342e-02
1.341292863508930e-02
-1.861685412448968e-02
-1.781305938178258e-02
-1.670611148508495e-02
-1.674869609314762e-02
-2.031773793428559e-02
-1.914994255130196e-02
-2.138496819715221e-02
9.863559175617550e-04
-7.262637509444148e-04
6.894929071448638e-04
2.425468681334711e-03
-1.080362825887143e-02
-1.047442351728521e-02
-1.214426527428229e-02
-1.224261104066082e-02
2.583796091124968e-03
2.909149665042563e-03
4.272938210257899e-03
5.860483823122781e-03
4.581772402241278e-03
5.741969442042200e-03
-4.276909493670073e-04
-2.133618930771312e-03
-7.123897569896308e-04
-2.424486917041343e-03
-1.300358539535069e-02
-1.169875440559715e-02
-1.322347997714960e-02
-1.185672418964759e-02
-1.473687233587322e-02
-1.357401673196685e-02
8.377256941926283e-03
1.009014802986812e-02
1.167896803005770e-02
9.495371201286107e-03
1.113756708073652e-02
9.774269916390577e-03
8.086228430451280e-03
1.140238727318632e-02
-1.014922277573277e-03
-2.712751585487831e-03
-1.282153849656913e-03
4.071707631220669e-04
-4.413934411879818e-03
-3.018741764259250e-03
1.110103808531476e-02
9.296472067123992e-03
9.065902263779249e-03
7.682913140678327e-03
1.069208043042681e-02
7.784626352291947e-03
-2.453535890090999e-03
-3.872288047924546e-03
-2.176712756337081e-03
-1.875373721562537e-03
-3.593916478646509e-03
8.646240562239360e-03
8.953510978173193e-03
7.556393803693048e-03
7.255754669519283e-03
5.842077869157058e-03
-4.724679212780353e-03
-5.017274776779576e-03
-3.287165297738738e-03
-6.433005274889827e-03
-8.121232273686085e-03
-6.115562746287355e-03
7.804239748699665e-03
9.511304346325073e-03
8.100697454904169e-03
9.196270023156716e-03
1.091894460718261e-02
9.715008907489095e-03
1.112059275101153e-02
-1.301619478714759e-03
1.148881988331614e-04
4.079231331109008e-04
-3.211097711398448e-03
-1.538175078273381e-03
1.314403178973873e-02
1.433121142690350e-02
1.459987955562979e-02
1.340915179179683e-02
1.615586718495210e-02
1.576171703591846e-02
1.702540201745698e-02
7.776620174454102e-03
7.503860946086772e-03
6.404037580433760e-03
6.086063357473250e-03
-9.523195178013096e-03
-7.804218245810439e-03
-9.198499588273897e-03
-9.803393730070314e-03
-8.871603082810051e-03
-7.548699728017210e-03
1.901037579335876e-02
1.740565297694938e-02
1.632920292228339e-02
1.763185344584928e-02
1.922927887306560e-02
1.931569790040243e-02
8.206744733569702e-03
7.943828389651943e-03
6.905402526961592e-03
6.519401829191052e-03
4.861662620050290e-03
6.318008742833365e-03
-8.686032298080045e-03
-7.016448148243679e-03
-8.405760425727892e-03
-1.011326756653310e-02
-1.546434796923991e-02
-1.397305154681798e-02
-1.519469995048872e-02
-1.493594726909199e-02
-1.661607474487569e-02
-1.696821353942605e-02
6.127416703255380e-03
4.702997237433841e-03
6.397170265503076e-03
4.970778469564861e-03
-1.659665447254945e-02
-1.793480264992118e-02
-1.899748154370007e-02
-1.821623469694514e-02
-1.872598893225756e-02
-1.714597795316096e-02
-1.717502045059845e-02
1.122771748525151e-02
9.620206117271313e-03
9.825337418140243e-03
1.024205202647286e-02
1.158208880941440e-02
1.179321365443656e-02
6.028706788414561e-03
6.233758873596222e-03
6.468580490317167e-03
5.018377839469711e-03
4.911746698904165e-03
4.599114796514982e-03
1.808819152191119e-03
3.503812140181133e-03
1.515574069874262e-03
3.196993235514006e-03
1.254168413075207e-03
-1.867237441017377e-04
-1.318727364138425e-02
-1.282436251491369e-02
-1.433193169289445e-02
-1.145139111729936e-02
-1.006897945044157e-03
-7.369762296251559e-04
6.774172682161323e-04
2.096802580585530e-03
4.133256274054879e-03
2.994709036451864e-03
1.262023869588190e-03
4.414299524624687e-03
2.714732361436729e-03
-1.095159577912971e-02
-9.243515481725311e-03
-1.065708370267884e-02
-1.253631543576950e-02
-1.224788027198271e-02
-1.283250853709995e-02
-1.415247348979325e-02
1.079515609538890e-02
1.224903316266150e-02
1.521633538764940e-02
1.350237790388083e-02
1.372057006384059e-02
-7.699783099510196e-03
-9.049826036566668e-03
-9.382271523794200e-03
-8.294678984015888e-03
-7.932748381308375e-03
-6.253937449773881e-03
1.409396873296356e-02
1.252200534088183e-02
1.549956669394558e-02
1.281703102938637e-02
3.791588564681374e-03
5.213874364025976e-03
5.472568763283663e-03
5.813407370500171e-03
4.103576605407783e-03
1.365065426698430e-02
1.514782838514990e-02
1.543019939353213e-02
1.395690644298887e-02
1.493833162604900e-02
1.663927319763061e-02
1.683078422382141e-02
8.577618348625558e-03
7.165100222239613e-03
8.844960416760781e-03
1.054320731554566e-02
9.187128090085109e-03
-3.811603860624215e-03
-5.224136904798880e-03
-5.512022381754803e-03
-6.950012160242964e-03
-4.136734515249834e-03
-1.730836442138579e-02
-1.640316744680923e-02
-1.613573187463301e-02
-1.902080380648561e-02
-1.925474081522277e-02
-1.774973123368200e-02
-1.467253488569870e-02
-1.830072012310039e-02
-1.656171667538841e-02
-1.855284826510566e-02
-1.985425965921174e-02
-1.946858416284971e-02
2.075245064980838e-02
1.977738434026758e-02
2.000629121809544e-02
1.878556376407020e-02
1.945449694050002e-02
2.114195606644012e-02
2.051574550401656e-02
-1.826315101612610e-02
-1.980264910790517e-02
-1.781655252796159e-02
-1.930299744127700e-02
-5.012847649050053e-03
-6.805783189806580e-03
-6.516686125217867e-03
-3.483789770765459e-03
-4.909512825793135e-03
2.091854092978882e-02
2.007354716518869e-02
2.063492867665135e-02
2.013708822499735e-02
2.496277505578867e-02
-1.408485507798271e-02
-1.552860367347460e-02
-1.279818630774325e-02
-1.271452410184111e-02
-1.434344187073731e-02
-1.571425652056253e-02
1.621816015290070e-03
2.513143188534385e-03
-2.507691845548983e-03
-1.618448483308983e-03
-3.620887567680422e-05
-8.378727823239412e-04
8.260820576589450e-04
-4.171547062662823e-03
-3.270709386360528e-03
-4.896362478817425e-03
-5.519668893799233e-03
-4.247116393103972e-03
-3.908492402948772e-03
-2.497882153733315e-03
-2.102733758366200e-02
-2.035105579553581e-02
-2.006615984604894e-02
-2.084902203745548e-02
-2.477408953394521e-02
8.619720367101843e-03
7.048707536332204e-03
8.217825499842932e-03
6.603207201193065e-03
7.374431638167674e-03
-5.816572427144290e-03
-7.795614891595034e-03
-6.534374739838829e-03
-5.144751701348584e-03
-5.883007985724495e-03
2.618840740204350e-04
-7.634462407245681e-04
-2.062251405198087e-03
8.985849599909282e-04
-4.343790883398993e-04
-1.897623741004292e-03
-1.611193775373668e-02
-1.729982640429805e-02
-1.630065364420618e-02
-1.500474643224146e-02
-1.514782307581905e-02
-1.968305122227283e-02
-2.038192563264317e-02
-1.784332761361952e-02
-2.442682349463071e-02
-2.389070586532956e-02
-1.735972942127347e-02
1.774574428578115e-02
1.863608635967083e-02
2.034867430932124e-02
2.149278287067080e-02
1.530166900744201e-02
1.444180227835866e-02
-7.654860164140933e-04
-2.035163416073410e-02
-2.037720029085326e-02
-2.122542362200522e-02
-2.114319790595496e-02
-2.496492985514199e-02
-1.065009138455179e-02
-1.087126877186597e-02
-1.205895952794193e-02
-1.324445468453361e-02
-1.069686445590520e-02
-1.201203721064716e-02
-2.056470736107754e-04
-1.893213466572476e-04
8.221990001745025e-05
7.823627514201205e-05
0.000000000000000e+00
8.912141014162279e-05
0.000000000000000e+00
-0.000000000000000e+00
2.034580444272103e-02
1.961771730239312e-02
1.790723271116972e-02
1.809737360353176e-02
2.037484747103003e-02
2.401268529223591e-03
2.084194621728010e-03
-8.933662147816305e-04
8.692152197377667e-04
5.516951859597258e-03
3.831159978282547e-03
4.798779845565449e-03
3.277756941903668e-03
4.180931522767691e-03
3.971936453868240e-03
-1.347660147154840e-02
-1.371590110093243e-02
-1.492155058557912e-02
-1.497702163982992e-02
-1.392688815393653e-02
1.892361123383413e-02
1.732622743244943e-02
1.828154097540072e-02
1.748347764979385e-02
1.762039413921004e-02
9.661403650230592e-03
1.152746517808920e-02
7.932642876845232e-03
8.993325717157490e-03
1.054698043867509e-02
7.226565519043787e-04
6.189520774236787e-06
1.995983328482007e-03
2.184889387186670e-03
-1.977951893646024e-03
-6.864507213431032e-03
-5.897645823756684e-03
-8.697767264287753e-03
-6.639532461379480e-03
-4.965877503555059e-03
-2.172149411638031e-03
-3.940973892444435e-03
-3.763902305225114e-03
2.275922230843939e-04
-1.766267055227016e-02
-2.334682154915708e-02
-2.280805809546054e-02
-1.713108590780292e-02
-1.977070346260034e-02
-1.580035403987665e-02
-2.178449825852711e-02
-1.653537731159488e-02
-2.092667531220605e-02
-1.498767951675241e-02
7.556609470177110e-04
-1.407572736114025e-02
-1.851829674109269e-02
-1.299643280781527e-02
5.484691983558653e-04
6.283813094817630e-04
1.490664806561407e-02
1.143213628164052e-02
1.186706113386169e-02
1.638649528404194e-02
1.330652166044713e-02
1.271104162815390e-02
1.828179213278690e-02
2.459030317794639e-02
1.791964791989345e-02
2.423267728954464e-02
1.834127746122545e-02
1.757411016323706e-02
2.350067595694047e-02
-1.059698150891974e-02
-1.115730256769039e-02
-9.706363107881111e-03
-1.240976071158769e-02
1.616097628018667e-02
2.229998274894015e-02
1.681291290694871e-02
-6.895271056247111e-04
-7.189653245543118e-04
9.036271487059960e-03
1.017968183336444e-02
-3.833349710031298e-04
-5.215652327513177e-04
-4.205614175562440e-04
-1.614718481028462e-02
-1.540199894907534e-02
-1.452399201287356e-02
-1.676018171912239e-02
6.808829996511451e-04
7.067633790385603e-04
-1.831318108586004e-02
-1.844026778633668e-02
-1.797084966098833e-02
7.780172685473141e-04
9.059292098057630e-04
2.439081687703380e-04
2.325006225009539e-02
1.737654862871361e-02
1.939647913824550e-02
1.994434483642532e-02
2.377711632274766e-02
8.707158903122148e-03
1.062310567840657e-02
7.182485870211638e-03
-1.152522529054045e-02
-1.043952050455910e-02
-1.193445207849923e-02
-1.319218971020807e-02
-7.766249347863267e-03
-9.697658525417017e-03
4.866830037754239e-03
4.981590025847259e-03
6.835695772384652e-03
4.537721951588614e-03
5.767058124404289e-03
1.401193491427742e-02
1.124203298452637e-02
1.013373061873135e-02
9.675413067447555e-03
1.143606987272325e-02
1.258622607735064e-02
-9.902090149044300e-04
9.982916665741814e-04
2.957295993329488e-03
-4.933160149854323e-05
1.407999044954837e-03
2.991666513262110e-03
-3.199165258907664e-05
-9.879386828797939e-05
-1.455999868866583e-02
-1.636739573651635e-02
-1.323108822785550e-02
-1.482687959543357e-02
2.109331544799395e-02
2.506488536496018e-02
2.031348884750585e-02
2.113899568091989e-02
1.766172664501072e-02
1.898330089316381e-02
1.861400408627110e-02
1.970220101703296e-02
2.284184379864563e-02
1.707439541065700e-02
1.653354620113156e-02
5.798324901539902e-03
5.878997104805449e-03
6.374682427378493e-03
7.413621007196692e-03
7.830108531841634e-03
5.142469394898552e-03
-1.713333951468703e-02
-1.384591209610358e-02
-1.266225407898260e-02
-1.269135478694639e-02
-1.158294070137231e-02
-1.563757231796122e-02
1.512119927427871e-02
1.632761393653366e-02
1.509469419285316e-02
1.398724543392619e-02
1.853471784543062e-02
1.964244749577698e-02
1.708617036104672e-02
1.827221718622848e-02
1.725319489691372e-02
2.179125898523736e-02
2.093236090663774e-02
1.577013446777360e-02
1.500039391156978e-02
-4.934627111415544e-03
-2.990776620464620e-03
-3.309584871312549e-03
-2.599699798902606e-03
-2.234782596573817e-03
-2.974336677358488e-03
6.885807464826693e-04
1.952901053306005e-04
2.112141778950676e-04
-8.664059402422976e-05
-7.865835773912185e-05
0.000000000000000e+00
0.000000000000000e+00
-3.768962849089141e-04
-3.788403897888415e-04
-1.162454255024392e-04
9.679903060457561e-03
1.235836064929186e-02
8.428412572566274e-03
-1.269779871214586e-04
-5.013463157194620e-04
-2.920084375160553e-04
-6.571921547771222e-05
-9.267414130388530e-05
-3.122372216350865e-04
6.542697982536701e-03
5.292136370860607e-04
3.959026128978699e-04
-1.154324725014665e-02
-1.034040573756711e-02
-9.022323498404487e-03
3.971368334924580e-04
2.201266644566122e-04
6.414515498823755e-04
2.246213765908970e-04
-9.116273305871130e-05
-9.736939024862422e-05
0.000000000000000e+00
2.453623172761256e-04
6.345515637243696e-04
7.304795467288408e-04
2.496534294596266e-04
8.886962755877510e-04
-1.811772687963166e-02
4.457250494551442e-05
1.426901076361810e-04
2.889501944400899e-05
-1.567494000647662e-05
0.000000000000000e+00
0.000000000000000e+00
-2.522200375156982e-04
-6.495386059654940e-04
-2.512438044278113e-04
-2.412432101243297e-04
-6.935446050190073e-04
-8.628600442625905e-04
-2.584727058117695e-04
-8.797559510104452e-04
-2.573259194685070e-04
-6.530267904373563e-04
1.040173580685706e-04
1.050057280801972e-04
0.000000000000000e+00
3.699472806289943e-04
1.059185370762719e-04
1.275598417976557e-04
-4.938689654873119e-05
0.000000000000000e+00
0.000000000000000e+00
2.504587304330371e-04
-1.017211173663875e-04
0.000000000000000e+00
-1.040011299345685e-04
-1.051051384201707e-04
0.000000000000000e+00
0.000000000000000e+00
-8.957051794639215e-05
-2.181707937445249e-04
-8.834606502138427e-05
-3.383721588533666e-05
-1.830534814746946e-04
-2.008068807147280e-04
-6.599139627947022e-05
8.331161540900313e-04
2.325216312341581e-04
7.608703537026694e-04
8.871343629402852e-04
2.377256431165812e-04
-2.112730293450539e-04
-2.216574490035635e-04
9.157120428228362e-05
-0.000000000000000e+00
8.431879563098776e-05
-0.000000000000000e+00
-1.767059508485265e-04
-6.636633235017065e-04
1.409528348301314e-02
1.310257743356500e-02
-6.804357725825575e-04
-3.482579142156789e-07
-7.607756200737644e-04
1.125418288838481e-05
6.708142371426757e-05
-1.845353002873506e-02
9.173020513628188e-04
7.900005251183298e-04
-1.831752716638120e-02
-2.502757735439089e-02
-6.170601986907104e-04
-6.453302698643733e-04
-4.649077905414208e-04
1.365596699761765e-02
3.706661096126862e-03
-1.420739250349916e-04
-1.928875597590701e-04
3.342271129418373e-05
-0.000000000000000e+00
-1.212645155770022e-02
-1.096050948178585e-02
5.006904773206779e-04
-9.624278951118023e-03
-1.404959310493399e-02
4.949498612098128e-04
-7.120538012009597e-05
-2.979789319212520e-05
-7.915187356059242e-06
-8.401146724056154e-06
-6.502158754906363e-07
0.000000000000000e+00
8.154258263806674e-06
-0.000000000000000e+00
8.363359244359237e-04
2.447114963761295e-04
-1.016614586492433e-04
-9.686679383137908e-05
0.000000000000000e+00
3.531210442039417e-04
3.783705540518902e-04
-8.383238885688024e-03
-7.312408956387194e-03
2.895574249468005e-04
1.234495980784109e-04
9.304249453823843e-05
4.890022981610857e-04
-1.256177547419294e-02
-1.782098118407474e-02
-1.353240854762872e-02
4.172214265556114e-04
1.846702885749495e-02
1.836834318329979e-02
2.469909222823138e-02
2.494288850213891e-02
-8.867870652465546e-04
1.093682372737175e-02
-4.608811202292744e-04
1.198856359403201e-02
1.567385863626234e-02
1.709087336315933e-02
-3.989322901674688e-04
1.264565990211923e-02
1.280332135144481e-02
1.179280887984982e-02
1.391614777967970e-02
1.010129396508594e-04
2.800668557576443e-05
-1.416885243954925e-03
1.750901236761916e-04
2.432728723013367e-05
-6.672823005478058e-04
-7.143082280324271e-04
-2.172844156178095e-04
-3.984913988435609e-05
-3.263849291466734e-05
0.000000000000000e+00
7.219490299309865e-05
8.306661046323169e-05
-2.531142111970091e-05
0.000000000000000e+00
8.104165833887423e-05
-0.000000000000000e+00
7.359128138539092e-05
-0.000000000000000e+00
-0.000000000000000e+00
-1.933660186969446e-04
-1.667858882734290e-04
-1.880236959463837e-04
6.133407387190087e-05
-0.000000000000000e+00
-1.625421870642134e-04
-1.352577646658156e-04
6.933008978474592e-05
-0.000000000000000e+00
3.544135925250625e-05
3.122254986095234e-05
0.000000000000000e+00
2.067133133382818e-05
0.000000000000000e+00
0.000000000000000e+00
1.758277244637755e-05
-0.000000000000000e+00
-5.402135917867203e-05
2.481027871247424e-05
-0.000000000000000e+00
-0.000000000000000e+00
-5.915528957650070e-05
0.000000000000000e+00
1.502143802286796e-04
1.267892378004673e-04
-6.500998727856119e-05
0.000000000000000e+00
-5.457699792538064e-05
0.000000000000000e+00
-6.921149469730493e-05
0.000000000000000e+00
1.605678694887050e-04
1.358437466231340e-04
-6.321199520836556e-05
6.978135235533747e-05
-0.000000000000000e+00
-0.000000000000000e+00
-1.769978808543631e-04
-1.528512646654636e-04
6.748543011171699e-05
-0.000000000000000e+00
4.819700533604279e-05
0.000000000000000e+00
0.000000000000000e+00
-1.020378492113240e-04
-1.314803904512989e-04
5.593162831818435e-05
4.133568823729099e-05
9.845392320023086e-05
-0.000000000000000e+00
1.006218819209890e-04
1.042445756009187e-04
-0.000000000000000e+00
0.000000000000000e+00
1.017555401810609e-04
1.021157784718553e-04
-0.000000000000000e+00
-2.304278657305056e-04
-2.542454349513758e-04
-0.000000000000000e+00
-0.000000000000000e+00
-2.967919708511201e-05
0.000000000000000e+00
2.001567140415172e-04
7.914397858792898e-05
6.587607038286064e-05
-4.353003820166903e-03
-4.682166063681478e-06
0.000000000000000e+00
-2.151836423264222e-05
0.000000000000000e+00
3.678178483596369e-05
-1.278020686775029e-05
1.628092564763234e-02
1.643406693904890e-02
1.676246399694620e-02
1.771873585307234e-02
1.806821737883497e-02
5.158894693788505e-05
4.381688360354031e-05
0.000000000000000e+00
-0.000000000000000e+00
5.852567434846486e-05
0.000000000000000e+00
9.828104109322934e-05
-2.280031874630954e-04
-8.043482491631599e-04
9.312218609843372e-05
-0.000000000000000e+00
-4.682788401362498e-07
4.904443149638152e-06
-2.463191721811765e-05
0.000000000000000e+00
0.000000000000000e+00
1.252055717612974e-05
-3.654677185284529e-05
-4.457396733481684e-05
-5.185575785608016e-05
0.000000000000000e+00
0.000000000000000e+00
0.000000000000000e+00
-1.039211981097293e-04
2.431927663892174e-04
-1.019563529426579e-04
-9.782839147836101e-05
0.000000000000000e+00
0.000000000000000e+00
0.000000000000000e+00
-8.937614275541255e-05
-9.505179376666241e-05
2.278571393403725e-04
2.286730555480524e-04
6.544539616179337e-04
0.000000000000000e+00
0.000000000000000e+00
2.013107794148752e-04
-8.948689958217027e-05
-8.109023031101692e-05
1.944585782678038e-04
0.000000000000000e+00
0.000000000000000e+00
0.000000000000000e+00
9.095917729677652e-05
9.736947816217137e-05
-2.216164435584133e-04
-8.372896366801432e-04
-2.352587648095337e-04
0.000000000000000e+00
0.000000000000000e+00
1.591581967882787e-02
1.449195524402802e-02
1.438279511520657e-02
1.624662955820688e-02
1.470537816396637e-02
1.325433410024901e-02
1.269306757797838e-02
1.888777137707168e-02
1.973113203960653e-02
1.933845978981204e-02
2.014461270339161e-02
2.435938708251944e-02
1.818045629917154e-02
1.778524309360416e-02
-2.563912489168063e-04
-5.437964805513799e-04
-7.584832894307659e-04
-8.342807485010661e-04
1.832398191828902e-04
-7.225089088560832e-05
1.623135989367176e-04
6.220901520204024e-04
0.000000000000000e+00
-7.893939258451584e-05
0.000000000000000e+00
1.849800616862860e-04
-7.470023994844637e-05
1.830844762913020e-04
0.000000000000000e+00
0.000000000000000e+00
1.058553028057637e-04
-2.450492411665330e-04
0.000000000000000e+00
-0.000000000000000e+00
1.045886585528542e-04
-1.057859181949496e-04
2.480763508477753e-04
-1.036102983618886e-04
2.479435464993938e-04
0.000000000000000e+00
0.000000000000000e+00
0.000000000000000e+00

H3  1  1102  double
1.540913326509182e-02
1.553417818372871e-02
1.621057563450942e-02
1.717171332736059e-02
1.622984979268219e-02
8.805013588860967e-03
1.109728773602288e-02
1.024041940347147e-02
1.129542361660625e-02
1.031469595812899e-02
8.928946319302224e-03
8.387425971253568e-03
9.834993227329482e-03
9.853063418849447e-03
-4.501334817432632e-03
-4.648205884651467e-03
8.749986512756559e-03
1.121049520430153e-02
1.095036287421901e-02
8.443400882957546e-03
1.084054970780403e-02
1.224631859828430e-02
9.799359771703660e-03
8.819227533657766e-03
8.659777170416074e-03
1.107735738782176e-02
1.131540843722756e-02
1.093290562430154e-02
1.261375157539844e-02
1.216193430807146e-02
1.058852427028300e-02
8.443363767097587e-03
8.509810569939774e-03
8.434822759062372e-03
9.777589489372364e-03
9.789399121875427e-03
8.535321104604190e-03
1.059489807007756e-02
1.037246086344636e-02
8.409081597453896e-03
8.252320851250950e-03
9.814527397306089e-03
8.636098977871957e-03
1.082348238199373e-02
1.020762346034502e-02
8.436229506355995e-03
8.592579343788757e-03
9.788881913598512e-03
8.240763139607570e-03
1.165015885581490e-02
1.339427542561786e-02
1.307484080543329e-02
1.192409311759562e-02
1.417126396992580e-02
1.372903461624452e-02
1.259501945731249e-02
1.522501712785321e-02
1.546539484369723e-02
1.446509024332928e-02
1.553337869883859e-02
1.481460889331590e-02
1.387813212380080e-02
1.383803807531833e-02
1.460452998156960e-02
1.590770039910156e-02
1.586238116504982e-02
1.620027365470603e-02
1.719523498800191e-02
1.695746791067363e-02
1.593231721692206e-02
1.901801929589934e-02
1.919185494555530e-02
1.905657664386080e-02
1.867375240185711e-02
1.904271944860161e-02
1.871600976078786e-02
1.360817394879559e-02
1.495201414911754e-02
1.324227314796112e-02
1.207275412294072e-02
1.268024949971503e-02
1.244319876075944e-02
1.434860446036281e-02
1.350188323046289e-02
1.601705746217483e-02
1.701902959688154e-02
1.818177850067656e-02
1.865750152701058e-02
1.658293296940964e-02
1.588385264440954e-02
1.638997988385071e-02
1.503816330970970e-02
1.475470950597520e-02
1.592024110867685e-02
1.179306750092897e-02
1.338140070901512e-02
1.186016829724264e-02
1.352063253537917e-02
1.428021231844086e-02
1.425261396745370e-02
1.086200500288960e-02
1.522562245606487e-02
1.593456938553494e-02
1.549086429239761e-02
1.664403058395795e-02
1.547939071213619e-02
1.911926636590595e-02
1.933113077709509e-02
1.913572270586579e-02
1.890630660215441e-02
1.904469159799760e-02
1.924884631872446e-02
1.888907690940467e-02
1.902048512376473e-02
1.413592561040843e-02
1.326177884267256e-02
1.398210184815053e-02
1.529216185488644e-02
1.558268907155744e-02
1.144010646518826e-02
1.882066169424787e-02
1.902611964111561e-02
1.921748328734088e-02
1.851645735771384e-02
1.869091746840136e-02
1.821885881973579e-02
1.870209037927699e-02
1.865897222036075e-02
1.849106183048238e-02
1.842074376674109e-02
1.821578817790847e-02
1.829575867162534e-02
1.860507980587550e-02
1.867375010482473e-02
1.830766017293041e-02
1.785537110824595e-02
1.762526599706256e-02
1.815373329454369e-02
1.819465778279358e-02
1.831271542765162e-02
1.843535471198163e-02
1.770772726747298e-02
1.772499802718135e-02
1.770805530746903e-02
1.724619879600345e-02
1.811478010691872e-02
1.851851951597219e-02
1.804995505593547e-02
1.339446416368072e-02
1.520078775281480e-02
1.368075243504300e-02
1.481455597784766e-02
1.388205624341647e-02
1.476705990856313e-02
1.433941398703107e-02
1.555623066038097e-02
1.532033081666125e-02
1.509244173917506e-02
1.583058542346408e-02
1.404043706276348e-02
1.256059844895945e-02
1.326539298850801e-02
1.157151276555836e-02
1.321355630888964e-02
1.659089856983727e-02
1.549805626763632e-02
1.728010395030878e-02
1.700026417246029e-02
1.608923459444826e-02
1.321727571829638e-02
1.213328741136648e-02
1.377901849556189e-02
1.133302463413055e-02
1.327315959999644e-02
1.688125294070563e-02
1.680530644445849e-02
1.591495744333799e-02
1.587471601821659e-02
1.741924865458906e-02
1.506001985269557e-02
1.520676970937340e-02
1.570950945885536e-02
1.195877489536732e-02
1.355228724112990e-02
1.316075575293742e-02
1.126921053347658e-02
1.062839570879734e-02
1.418335170278973e-02
1.362415082948674e-02
1.679051163955761e-02
1.656346774433440e-02
1.709682772715084e-02
1.608150051028492e-02
1.730559839287494e-02
1.746128409643627e-02
1.673937220193478e-02
1.663053239044510e-02
1.744074065760054e-02
1.747336260740277e-02
1.083688145657635e-02
1.145057614424626e-02
1.180941115005968e-02
1.063050975760308e-02
1.193922343279955e-02
1.472675626385849e-02
1.519972133833207e-02
1.571128659668392e-02
1.605811643385763e-02
1.538693746669102e-02
1.320538098971744e-02
1.251682678062616e-02
1.140047209985003e-02
1.231770939447554e-02
1.030488715440443e-02
9.758955298487970e-03
9.806171658409980e-03
8.522091176739688e-03
-4.577968346316064e-03
-4.452750752239468e-03
9.831983845045035e-03
8.793034409095154e-03
9.759403787504187e-03
-4.637446106557645e-03
-4.545247117888685e-03
-4.449283975937167e-03
1.295146772925811e-02
1.167043867377009e-02
1.349735578250134e-02
8.513290898077643e-03
1.100691365621790e-02
1.052335320082334e-02
1.113250888375136e-02
1.133619191523456e-02
1.095472512685011e-02
8.681150399560359e-03
8.580689677536146e-03
8.497540128950919e-03
1.058269296081177e-02
8.831874855656275e-03
9.732200196780080e-03
9.726607963669148e-03
8.298532116002904e-03
9.819030798927847e-03
1.784916367733238e-02
1.804340725326355e-02
1.835677213088923e-02
1.861336226671115e-02
1.888846424266425e-02
1.852082103099381e-02
1.726669877303202e-02
1.770274841713364e-02
1.792668083243659e-02
1.836921133212923e-02
1.850350052657570e-02
1.730947742282104e-02
1.707772072028548e-02
8.485396930315962e-03
9.825386646529599e-03
9.912959700069671e-03
9.785947386118798e-03
8.243527561961138e-03
9.801433603762651e-03
9.835973539185607e-03
8.233705877920300e-03
9.772407052658168e-03
-4.583446930079144e-03
-4.509593316957006e-03
-4.487752595919233e-03
1.931653235534723e-02
1.934947011999791e-02
1.936346130886441e-02
1.922667362670965e-02
1.299214632123872e-02
1.388105330062269e-02
1.277321498934888e-02
1.151286735844523e-02
1.153890509384888e-02
1.337258608857985e-02
1.194019924137206e-02
1.193505849360366e-02
1.352833196422564e-02
1.092109981435542e-02
1.591962846865945e-02
1.611070787987248e-02
1.691065700295242e-02
1.714538565209351e-02
1.428640100162122e-02
1.490939855740006e-02
1.340008187757835e-02
1.368662947535275e-02
1.196371046993259e-02
1.268945344236582e-02
1.770027022101561e-02
1.726964471582523e-02
1.626825121975543e-02
1.690206721721105e-02
1.613126728319421e-02
1.710602891624991e-02
1.754716733188212e-02
1.624424407857966e-02
1.762204784671110e-02
1.762700396194714e-02
1.826567248393243e-02
1.814256579879589e-02
1.767443336092503e-02
1.834165750918577e-02
1.109124349228278e-02
1.245787966609296e-02
1.389770767151980e-02
1.392279925022866e-02
1.266372377728699e-02
1.216055083165284e-02
1.924684974985531e-02
1.903341285140684e-02
1.917499884520707e-02
1.901907955804987e-02
1.898183562660582e-02
1.767691119133922e-02
1.766889912146086e-02
1.818415541598309e-02
1.827999489166259e-02
1.856305365887348e-02
1.819898129323815e-02
1.843712519783067e-02
1.862418454455065e-02
1.802322320221264e-02
1.751096908374924e-02
1.744809053656071e-02
1.775946721201493e-02
1.705531591710928e-02
1.734466432542480e-02
1.728473634608968e-02
1.673930731236601e-02
1.640431939506721e-02
1.601974464492954e-02
1.554241424316327e-02
1.511036675452479e-02
1.602112680115829e-02
1.364325981389260e-02
1.456822843100732e-02
1.568453205375332e-02
1.430719838828268e-02
1.434589521396915e-02
1.560368487233300e-02
1.360769392589737e-02
1.345337026292059e-02
1.189308338473141e-02
1.715716846010683e-02
1.689616010721654e-02
1.809282549147861e-02
1.756078560963238e-02
1.681903784217990e-02
1.711394862199667e-02
1.635995109690982e-02
1.705605370323999e-02
1.561786562420699e-02
1.689019537301105e-02
1.077624438025056e-02
1.199572274468833e-02
1.348452525127611e-02
1.182169910303364e-02
1.093855988363149e-02
1.066300868465278e-02
1.423585174080007e-02
1.340332531124194e-02
1.555111591751724e-02
1.437242725833359e-02
1.438488013180590e-02
1.370307040530147e-02
1.768992640000247e-02
1.837079646057706e-02
1.766006869306823e-02
1.721854950744780e-02
1.355784859161733e-02
1.510066002960865e-02
1.393988926900881e-02
1.423506603801066e-02
1.324564269678690e-02
1.305833944688166e-02
1.834832902608996e-02
1.854257391751936e-02
1.793629300504410e-02
1.801062197107272e-02
1.073914254801518e-02
8.393949436830054e-03
9.866104174497944e-03
9.836975178397956e-03
8.119373897696673e-03
1.039074694918121e-02
8.302886343619687e-03
1.271778829553988e-02
1.327428249757645e-02
1.380190279827173e-02
1.490609153871827e-02
1.353145485536176e-02
1.406330879341428e-02
1.455167796307755e-02
1.350624726394717e-02
1.184656827504260e-02
1.125316626950113e-02
1.316443408151041e-02
1.416305407564152e-02
1.545481803176818e-02
1.564215681186872e-02
1.401785696285440e-02
1.436112297148161e-02
1.307240654468924e-02
1.373278191242729e-02
1.565722988225187e-02
1.543998248913087e-02
1.423640581890048e-02
1.623038404182443e-02
1.678589475676634e-02
1.734696161177465e-02
1.699310787161074e-02
1.622387671594819e-02
1.905060264321171e-02
1.884941000252285e-02
1.912913096668294e-02
1.882636231106559e-02
1.913006260672142e-02
1.673148835242928e-02
1.734291168339061e-02
1.698019838781242e-02
1.556121988070260e-02
1.587304695311883e-02
1.518855604036271e-02
1.443676492205884e-02
1.572098995061518e-02
1.493738108398202e-02
1.276260567406569e-02
1.343133038529652e-02
1.379862194000269e-02
1.381995430624982e-02
1.378903943372986e-02
1.294241260554827e-02
1.111523687619086e-02
1.243642638455841e-02
1.360912482328751e-02
1.419342613727892e-02
1.527429489889416e-02
1.316789784282872e-02
1.553646399220590e-02
1.632473269073816e-02
1.571273454443917e-02
1.628404136565846e-02
1.713625994567839e-02
1.727244266395377e-02
1.537299509377548e-02
1.395988386526636e-02
1.358942050644696e-02
1.510118587782472e-02
1.428721952353761e-02
1.333748494823220e-02
1.296558382298289e-02
1.530788643130038e-02
1.613884231835640e-02
1.575547401553376e-02
1.540172827353779e-02
1.651361846190949e-02
1.620836862497271e-02
1.552970810882387e-02
1.620231603160632e-02
1.548133791246589e-02
1.719819472064641e-02
1.178289333228704e-02
1.349797191938481e-02
1.350042432866853e-02
1.085438029901315e-02
1.084667448822940e-02
1.191831499644563e-02
1.434525327308894e-02
1.063489768402158e-02
1.147170001486079e-02
1.064016461727655e-02
8.467385817216488e-03
8.439496380800831e-03
9.777936630576552e-03
9.309675007350571e-03
8.216012772186566e-03
1.071145171674020e-02
8.429957562440098e-03
9.855374302417147e-03
9.866784585175658e-03
1.106860145265063e-02
1.044064632025130e-02
1.150265164034786e-02
1.058887853393655e-02
1.137960578604997e-02
1.062242415846860e-02
1.210614385461506e-02
1.271310587443529e-02
1.325683725052800e-02
9.769836488270778e-03
8.507915414738731e-03
9.771984368969516e-03
8.528188987591903e-03
-4.567562515201439e-03
1.067677130245277e-02
8.749704034568928e-03
1.098428096183649e-02
1.182626373051848e-02
8.483486454484681e-03
9.799441091499298e-03
8.383968475854105e-03
9.807604609500673e-03
9.822735695731636e-03
8.452366120150443e-03
8.504912870160020e-03
9.798873578178017e-03
9.804218105520632e-03
9.810187996755430e-03
8.413878624545915e-03
8.452617172164122e-03
1.078983651252455e-02
1.182494217814910e-02
1.060047481007038e-02
1.040235106013374e-02
9.799030058448704e-03
8.493819564543719e-03
8.482432399670801e-03
9.805701881301527e-03
-4.616761708681171e-03
8.504860672512488e-03
8.494054392343315e-03
9.781883192344213e-03
9.765472526588263e-03
1.094610622153330e-02
9.791618367906619e-03
-4.460311368869068e-03
3.504693528072212e-02
3.505555467785523e-02
-4.636739351235031e-03
3.934312458483943e-02
1.082576286745552e-02
1.163548931119760e-02
1.103316870308604e-02
1.230576589658245e-02
1.327462737453907e-02
8.606607330996208e-03
9.798834507738973e-03
9.811861386762325e-03
8.397054581632979e-03
9.800945037078346e-03
-4.661404440455168e-03
9.769516153822263e-03
3.511165429370416e-02
-4.450550434224368e-03
-4.631265940247327e-03
3.515221856813799e-02
9.762456054395201e-03
9.786096807209333e-03
-4.557810416091946e-03
-4.468945188490997e-03
3.517138913686910e-02
3.502428746224395e-02
3.934467476068461e-02
8.222097411232700e-03
8.407435204427520e-03
9.820186183666299e-03
9.793764362074832e-03
-4.558497941499247e-03
1.039172706770428e-02
8.229366489384961e-03
8.361050450895829e-03
8.436072448999882e-03
1.122346733121412e-02
1.023087954777608e-02
3.830446716913878e-02
3.830625754752000e-02
3.854282070801576e-02
3.854492360764804e-02
3.849999999999999e-02
3.854472262619928e-02
3.850000000000000e-02
3.850000000000001e-02
8.294693024957412e-03
1.039159018167138e-02
1.160172279937804e-02
1.108550047630077e-02
8.395086265301954e-03
1.031207349181393e-02
1.138486003224949e-02
1.108082906806857e-02
1.076420295797172e-02
1.022810968965214e-02
1.070580540754485e-02
8.441300960917881e-03
8.411795750555749e-03
9.786985393405789e-03
-4.481522057279878e-03
1.122987232489984e-02
1.026876225916909e-02
1.017571265761071e-02
1.096470017618716e-02
8.446352828903471e-03
8.379576806963433e-03
1.025995627309992e-02
8.454912574825892e-03
8.396156858749540e-03
1.080600686394549e-02
-4.494906541510992e-03
-4.464679262956943e-03
3.504358569117345e-02
9.775948561044398e-03
9.786651138249962e-03
3.513450123817560e-02
-4.495068599382076e-03
-4.668987149136324e-03
3.512195835216843e-02
-4.657003448427718e-03
-4.483884823582244e-03
3.520016849404849e-02
-4.618026590902791e-03
9.812075843521194e-03
9.771786325402076e-03
3.513139670759869e-02
-4.513277644735790e-03
3.512833520945538e-02
3.934245897516137e-02
3.517591875395061e-02
-4.541521219632035e-03
-4.623999954482835e-03
3.526833091001119e-02
9.778262886352293e-03
3.523264215947237e-02
-4.701415643412811e-03
3.518698770498272e-02
-4.507528234701737e-03
3.517963026307924e-02
3.931339030891957e-02
3.529093901952268e-02
-4.484158810026653e-03
3.506405905490822e-02
3.930328245675914e-02
3.929184026227529e-02
-4.565722642489807e-03
3.527568766947155e-02
9.856028832595507e-03
-4.471739137354097e-03
-4.441166883788919e-03
3.526223577987396e-02
3.509801044029345e-02
-4.478302295130201e-03
3.506739128856431e-02
-4.384327053222498e-03
3.493767349391201e-02
3.510759585255321e-02
-4.526603171582650e-03
-4.416017275508660e-03
9.724064730270213e-03
9.733683822500484e-03
-4.589344857241717e-03
3.524105552060028e-02
-4.521145008207942e-03
3.515369646669458e-02
3.929744553287384e-02
3.930390885839946e-02
3.498644964033149e-02
3.513119129052131e-02
3.933719622144914e-02
3.930977298714108e-02
3.936622290165585e-02
3.513250032840474e-02
3.518130645188561e-02
3.520861013719066e-02
3.512616031610116e-02
3.931276343328759e-02
3.931075327941839e-02
3.530337881788453e-02
3.516930442517779e-02
3.507956531490683e-02
3.930628990516229e-02
3.930118225135302e-02
3.830892370064453e-02
-4.499024544523302e-03
3.519184104151067e-02
9.801092135961842e-03
9.790973556687128e-03
-4.496378082630649e-03
-4.438884445854453e-03
-4.531187053675470e-03
3.511422777507560e-02
-4.422123708006782e-03
9.777073951254461e-03
9.830595314112399e-03
-4.462404978449384e-03
3.501426374629687e-02
-4.549277261414038e-03
-4.465869506714962e-03
9.764420805367095e-03
-4.504632834716997e-03
3.510050598106559e-02
3.505027034615668e-02
-4.501252506631896e-03
9.802363684152882e-03
8.441099800928598e-03
9.771158515070712e-03
8.374096796253110e-03
9.800241341547134e-03
-4.582735590178759e-03
-4.463572456538982e-03
-4.621984579422833e-03
3.511240481333547e-02
3.518192476358745e-02
3.524387294794698e-02
3.932599537721201e-02
3.929262980315158e-02
9.816961181882435e-03
-4.440631273737801e-03
9.783877666357684e-03
-4.513088459751630e-03
9.773966091594795e-03
-4.423777847380498e-03
8.544934226898221e-03
9.762556968784529e-03
8.653945868956332e-03
9.785342171231370e-03
8.423191629465776e-03
9.784944608973070e-03
-4.485929248947475e-03
3.510312187618778e-02
3.522867731363904e-02
9.823522403484041e-03
-4.586373460777910e-03
8.348710186107300e-03
9.780042143167285e-03
-4.550750489129879e-03
3.508778184361895e-02
-4.478482962411770e-03
9.802848165182830e-03
9.826586064888822e-03
8.376417998185304e-03
8.231798631386341e-03
-4.554073245664195e-03
9.809552294870232e-03
9.791097204063856e-03
8.216748377545307e-03
8.478577699563301e-03
-4.659673503835765e-03
-4.525312670190687e-03
8.268368215262577e-03
9.819107595115338e-03
9.786160903854582e-03
-4.654167394629875e-03
-4.596080847892817e-03
3.517097501207413e-02
3.521568355362806e-02
-4.610414110899839e-03
-4.476463962077394e-03
9.769244047757629e-03
1.041084249341621e-02
8.458971367302129e-03
3.520376632517757e-02
3.931100228342568e-02
3.830517271966673e-02
3.830220140549830e-02
3.854462487748971e-02
3.854316720094489e-02
3.849999999999999e-02
3.849999999999999e-02
3.932771590353180e-02
3.933945418588355e-02
3.830113865482660e-02
3.515213366131923e-02
-4.448830044593749e-03
3.504169992406036e-02
3.829861669589652e-02
3.932749063129791e-02
3.933706646756994e-02
3.829928500711511e-02
3.829935209801436e-02
3.932837570145043e-02
3.514240158452668e-02
3.932120898957622e-02
3.930914790876058e-02
3.516939553125516e-02
3.515406291251289e-02
3.514982030311366e-02
3.934166538278162e-02
3.830408776973207e-02
3.929612312430126e-02
3.830611085725555e-02
3.854294546956108e-02
3.854425425919238e-02
3.850000000000000e-02
3.829943756831622e-02
3.930606591265503e-02
3.934507331562086e-02
3.829520539538174e-02
3.934584719438566e-02
3.502769996916046e-02
3.829860354319531e-02
3.931889126324070e-02
3.829957305431277e-02
3.854431027851834e-02
3.850000000000000e-02
3.849999999999999e-02
3.829762891646443e-02
3.931685853876766e-02
3.829878154244438e-02
3.829484556691072e-02
3.932289327226235e-02
3.934006831399878e-02
3.829119088488820e-02
3.935881338618978e-02
3.829676608324543e-02
3.933695386164215e-02
3.854576632816645e-02
3.854612574633472e-02
3.849999999999999e-02
3.936148610835324e-02
3.829518008167895e-02
3.829943538579370e-02
3.854649831503536e-02
3.849999999999999e-02
3.850000000000000e-02
3.829364662050053e-02
3.854469903657096e-02
3.850000000000000e-02
3.854529265524347e-02
3.854731881382864e-02
3.850000000000000e-02
3.850000000000000e-02
3.829499520512392e-02
3.931074401164692e-02
3.830162600092987e-02
3.830510045575970e-02
3.931799467674562e-02
3.933735375101578e-02
3.829855504468346e-02
3.930649157886694e-02
3.830605124991528e-02
3.929577139795024e-02
3.934069088596556e-02
3.830194138169403e-02
3.830006198893973e-02
3.830743397226189e-02
3.854455062208801e-02
3.850000000000000e-02
3.854434163662985e-02
3.850000000000000e-02
3.830123644352893e-02
3.931069073617550e-02
3.522425881365896e-02
3.517508785029451e-02
3.930377325856602e-02
3.932985091419702e-02
3.508944293305379e-02
3.830037845271019e-02
3.932666670163101e-02
3.510709379186583e-02
3.935018115475097e-02
3.932203767792170e-02
3.501961756320591e-02
-4.437472425578113e-03
3.934233992128516e-02
3.931455919872846e-02
3.927654264059471e-02
3.511952187785496e-02
3.518777870440980e-02
3.932596528187970e-02
3.932176573494271e-02
3.854527155229231e-02
3.849999999999999e-02
3.512778400424045e-02
3.517476107746807e-02
3.930971655166079e-02
3.521085165818059e-02
-4.476071265463043e-03
3.931715257681645e-02
3.933195070196319e-02
3.830114985595157e-02
3.829929904155215e-02
3.854507663501039e-02
3.854596831265065e-02
3.850000000000001e-02
3.854445560270625e-02
3.850000000000000e-02
3.932604665798957e-02
3.830158049193796e-02
3.854548920939621e-02
3.854356193527574e-02
3.850000000000000e-02
3.932417516056454e-02
3.936846756481679e-02
3.497573448937696e-02
3.504244905411628e-02
3.931927753022732e-02
3.829164313171834e-02
3.829500574283275e-02
3.932110056599857e-02
3.508826469293107e-02
-4.623243243966580e-03
3.517336381045632e-02
3.930261881080924e-02
3.511753820146134e-02
3.512696636159381e-02
-4.555595851267588e-03
-4.615979978770317e-03
3.933020556511747e-02
3.511573361558934e-02
3.932043385548090e-02
3.514953188942715e-02
-4.527329863596163e-03
-4.453300481806896e-03
3.929319265268860e-02
1.087639737768633e-02
8.456990982173590e-03
1.042063517505358e-02
9.791835181481951e-03
3.931669122747452e-02
3.934322673530398e-02
3.509994121515825e-02
3.932224722130895e-02
3.829969682168552e-02
3.930692370951782e-02
3.930241105871859e-02
3.830461927050977e-02
3.854566858525683e-02
3.854619735552551e-02
3.849999999999999e-02
3.829878258281786e-02
3.829204635355775e-02
3.854609182467854e-02
3.850000000000000e-02
3.854672359459581e-02
3.850000000000000e-02
3.854304337060351e-02
3.850000000000000e-02
3.850000000000000e-02
3.829536618381341e-02
3.830833651856935e-02
3.829713552464219e-02
3.854268326999877e-02
3.850000000000000e-02
3.830756589955015e-02
3.830033373976771e-02
3.854348200149641e-02
3.850000000000000e-02
3.854461388487260e-02
3.854566405859403e-02
3.850000000000000e-02
3.854374146317717e-02
3.850000000000000e-02
3.849999999999999e-02
3.854553502808206e-02
3.850000000000000e-02
3.830113415028755e-02
3.854403105827523e-02
3.850000000000000e-02
3.850000000000001e-02
3.854456742346735e-02
3.849999999999999e-02
3.830325848787292e-02
3.830507839235216e-02
3.854416240679454e-02
3.850000000000000e-02
3.854400573912024e-02
3.849999999999999e-02
3.854348257416283e-02
3.849999999999999e-02
3.830022038171733e-02
3.830343995993258e-02
3.854536069325041e-02
3.854296393920290e-02
3.850000000000000e-02
3.850000000000000e-02
3.830547111849775e-02
3.830056337439029e-02
3.854477044455274e-02
3.850000000000000e-02
3.854564897760244e-02
3.850000000000001e-02
3.850000000000001e-02
3.829637669278046e-02
3.829152772083139e-02
3.854685849916380e-02
3.854627296830324e-02
3.854500790674698e-02
3.849999999999999e-02
3.854453559287123e-02
3.854593520950663e-02
3.850000000000000e-02
3.850000000000000e-02
3.854429280946921e-02
3.854308814194903e-02
3.850000000000000e-02
3.830615521173526e-02
3.830401022802962e-02
3.850000000000001e-02
3.849999999999999e-02
3.854348320842878e-02
3.849999999999999e-02
3.930515881476828e-02
3.830440444765457e-02
3.830317193076301e-02
3.513875998319251e-02
3.854621155406805e-02
3.850000000000000e-02
3.854511144711888e-02
3.850000000000000e-02
3.830331355873676e-02
3.854409537684338e-02
1.099185216032830e-02
1.151229811557388e-02
1.179962849335234e-02
1.041070526204975e-02
1.051988630869433e-02
3.854588845410366e-02
3.854590886861868e-02
3.850000000000000e-02
3.849999999999999e-02
3.854456859648407e-02
3.849999999999999e-02
3.854506663485145e-02
3.830237785250409e-02
3.931878895335958e-02
3.854315656773204e-02
3.850000000000000e-02
3.829876968454803e-02
3.854417058708199e-02
3.830436570379341e-02
3.850000000000000e-02
3.850000000000000e-02
3.854441541757156e-02
3.854580769726436e-02
3.854598319936525e-02
3.854550862504461e-02
3.850000000000000e-02
3.850000000000000e-02
3.849999999999999e-02
3.854480111497618e-02
3.830001761241575e-02
3.854516863974294e-02
3.854312062280837e-02
3.849999999999999e-02
3.849999999999999e-02
3.850000000000000e-02
3.854339549318148e-02
3.854562180422216e-02
3.830082994555859e-02
3.829947496779306e-02
3.931537909435871e-02
3.850000000000000e-02
3.849999999999999e-02
3.830499861659820e-02
3.854466879516157e-02
3.854217837913644e-02
3.830731042616893e-02
3.850000000000000e-02
3.850000000000000e-02
3.850000000000001e-02
3.854322448847026e-02
3.854499124438616e-02
3.830296026346140e-02
3.932101971952466e-02
3.830256921656554e-02
3.850000000000000e-02
3.849999999999999e-02
8.791715870102294e-03
1.108883693541586e-02
1.065767190198980e-02
1.064645360851956e-02
1.196459589239681e-02
1.306990659176373e-02
1.182005548285231e-02
1.069252894139551e-02
8.385546609329468e-03
8.522681364236047e-03
9.806899967171512e-03
-4.684769331668022e-03
3.524599912803631e-02
3.519343324159739e-02
3.831082112560772e-02
3.927701385132914e-02
3.930495535662560e-02
3.931259724179408e-02
3.829985969422939e-02
3.854533778394820e-02
3.829727403228352e-02
3.934727236640089e-02
3.849999999999999e-02
3.854483459709442e-02
3.850000000000000e-02
3.830462821251597e-02
3.854508134493318e-02
3.830001762798148e-02
3.850000000000001e-02
3.850000000000000e-02
3.854533287327302e-02
3.830399499642696e-02
3.849999999999999e-02
3.849999999999999e-02
3.854413180290846e-02
3.854558407691797e-02
3.829957480732515e-02
3.854290785181828e-02
3.830309748627741e-02
3.850000000000001e-02
3.850000000000000e-02
3.849999999999999e-02

LAM  1  1102  double
-1.103853536842959e+00
-1.067483464416633e+00
-1.006735642944071e+00
-1.026897099604591e+00
-9.457763434775557e-01
-1.131522826251422e+00
-1.137186234250866e+00
-1.438458847841714e+00
-9.550363202147285e-01
-1.251442586580731e+00
-1.159106697412013e+00
-9.973407153431191e-01
-1.414676452853040e+00
-1.475126639450769e+00
-1.160513941965246e+00
-1.195395163597563e+00
-1.101623369166193e+00
-1.059727163319647e+00
-1.427608127708597e+00
-1.023930981149229e+00
-1.447862186591574e+00
-1.057578578188714e+00
-1.441682194313155e+00
-1.106059113124944e+00
-1.104749715516185e+00
-1.039256920784178e+00
-1.363031653466842e+00
-1.194455076966624e+00
-1.124793978244193e+00
-9.716211956855592e-01
-1.214086173919749e+00
-1.102037271185657e+00
-1.079501540460209e+00
-1.151546516601756e+00
-1.386743875421249e+00
-1.433088084083483e+00
-1.154613963857950e+00
-1.208540198866236e+00
-1.434520679725355e+00
-1.102786080970877e+00
-9.731811323934846e-01
-1.489533812013569e+00
-1.142222757420647e+00
-1.166992478969116e+00
-1.404284012887564e+00
-1.122835055070285e+00
-1.108092974369772e+00
-1.402715143186568e+00
-9.830165605337162e-01
-1.005716362146260e+00
-1.168917218650517e+00
-1.175554314254412e+00
-1.130435109632473e+00
-1.073114372158561e+00
-9.849247871173913e-01
-1.171154843770605e+00
-1.155096703662139e+00
-9.678463983685416e-01
-1.058634522666445e+00
-1.058157428890265e+00
-1.002792345699641e+00
-1.171449556224217e+00
-1.056956166857435e+00
-1.030751577453905e+00
-1.023318412903399e+00
-1.081774226786193e+00
-9.915621107909267e-01
-1.028761372170976e+00
-1.011079695983646e+00
-9.823609939427932e-01
-9.723192956244080e-01
-9.172756526715711e-01
-9.363440901417140e-01
-9.245333823329767e-01
-9.341895973067106e-01
-9.304837509081517e-01
-1.062708853620261e+00
-1.100426976129668e+00
-1.235657993235175e+00
-1.088547185028162e+00
-1.149931714242574e+00
-1.188569601134506e+00
-1.040979095549568e+00
-9.620355725556848e-01
-9.788296545604623e-01
-1.001485895577100e+00
-9.582086162162518e-01
-9.362858950244558e-01
-9.667412548276607e-01
-1.102193480174944e+00
-9.895588375584847e-01
-1.104465581251327e+00
-9.770967827231583e-01
-1.033674332520023e+00
-9.876069494271259e-01
-1.159816173075915e+00
-1.084907563336180e+00
-1.223895601415781e+00
-1.001548305181964e+00
-1.016018787949663e+00
-1.332548723716530e+00
-1.174296283847422e+00
-9.548303996454809e-01
-1.052957913782321e+00
-1.054121222619218e+00
-1.000994738425656e+00
-9.185520312369965e-01
-9.334298802391607e-01
-9.242172542277388e-01
-9.355970121251145e-01
-9.463629674765858e-01
-9.266759805519054e-01
-9.670659783037481e-01
-9.439266124164793e-01
-9.943847061337336e-01
-1.207195183012282e+00
-1.055022608131303e+00
-1.067689482043626e+00
-1.132589977859944e+00
-9.930591958753342e-01
-9.498496434438373e-01
-9.566761530844262e-01
-9.231232000018030e-01
-9.098504683963035e-01
-9.438594704675949e-01
-9.500746960080657e-01
-9.324496038134356e-01
-9.229578508122174e-01
-9.335447536908035e-01
-1.009952152492347e+00
-9.527053999893639e-01
-9.684304649644434e-01
-9.407712931444459e-01
-9.252262526571875e-01
-9.155371280576865e-01
-1.004749744379555e+00
-9.619428853364732e-01
-9.908921269446807e-01
-9.950502080018427e-01
-9.575389538541980e-01
-1.007603299603832e+00
-9.169973317928551e-01
-9.513688355873064e-01
-9.821585505648914e-01
-1.035224892181353e+00
-9.746691313645101e-01
-9.455075087170405e-01
-9.890670872712753e-01
-1.143699015642458e+00
-1.114511546668238e+00
-9.700979860781632e-01
-1.142282344114250e+00
-9.360554299802575e-01
-1.054756504691062e+00
-1.028413805994456e+00
-1.035406249191334e+00
-1.162706906827624e+00
-1.097493928338072e+00
-1.022605860945034e+00
-1.012473789648225e+00
-1.175297870446588e+00
-1.119552214434333e+00
-1.069313065309277e+00
-1.279816218906816e+00
-1.054842824299553e+00
-1.024009735173009e+00
-9.568194671886060e-01
-9.756876122262215e-01
-9.832434034555378e-01
-1.251926188731661e+00
-1.043484111127137e+00
-1.013664473017526e+00
-1.023702129608362e+00
-1.287279168579579e+00
-1.030550620432458e+00
-1.035056950490042e+00
-1.003806320871621e+00
-9.725827890575649e-01
-9.529071537735361e-01
-1.077021326262974e+00
-1.115568656552162e+00
-9.708746666426364e-01
-1.163132980368755e+00
-1.148939702020717e+00
-1.196534933942441e+00
-9.241563037296364e-01
-1.322326183024897e+00
-1.007121431835122e+00
-1.000191901745958e+00
-1.024583989539172e+00
-1.027048756995607e+00
-1.009657002401423e+00
-9.630269064677636e-01
-9.572330761307628e-01
-9.716851413612808e-01
-1.006752913853619e+00
-9.841020678013821e-01
-9.857809158885276e-01
-1.005461319482189e+00
-1.258915262377636e+00
-9.694699061166479e-01
-1.105647316533847e+00
-1.284054944579725e+00
-1.047204544918645e+00
-1.093997255676100e+00
-1.101438847868623e+00
-9.831559429999094e-01
-9.939786168311576e-01
-1.097976844539394e+00
-1.173943054619407e+00
-1.223315637871982e+00
-9.492291605925780e-01
-1.179624479958622e+00
-1.328155611696886e+00
-1.374679564799924e+00
-1.418720930494022e+00
-1.136332364922608e+00
-1.142629749811112e+00
-1.229954037210397e+00
-1.431586444637121e+00
-1.116051660087256e+00
-1.448488603232918e+00
-1.224801097541285e+00
-1.123989885617422e+00
-1.182051263664519e+00
-1.240078112826416e+00
-9.422192306438431e-01
-1.193425105355006e+00
-1.077819741757116e+00
-1.256325826289680e+00
-1.377367722374621e+00
-1.179667626770730e+00
-1.327193327108671e+00
-1.245998458567618e+00
-1.132266305376338e+00
-1.068388214098424e+00
-1.139608059542643e+00
-1.307128941864279e+00
-1.166199740792346e+00
-1.379760861894488e+00
-1.429888591190444e+00
-1.057946284422316e+00
-1.477604658792099e+00
-9.905708966267571e-01
-9.796471686495040e-01
-9.303017646414664e-01
-9.329354577017924e-01
-9.604593343806519e-01
-9.436062225989613e-01
-9.292694645438844e-01
-9.542849373582123e-01
-9.554907429781380e-01
-9.672788334979915e-01
-9.535024546174660e-01
-1.000071639078716e+00
-1.044276285792835e+00
-1.086554545682911e+00
-1.467399177516756e+00
-1.494447485619089e+00
-1.491014958987673e+00
-9.484810837568244e-01
-1.377328399290798e+00
-1.478087254046207e+00
-1.030889250501181e+00
-1.422239555880486e+00
-1.161889858282817e+00
-1.181321653386300e+00
-1.173443036159402e+00
-9.318722809853642e-01
-9.274134874599990e-01
-9.320967851479851e-01
-9.207535483242701e-01
-1.207397630892956e+00
-1.058028643314023e+00
-1.131132412583418e+00
-1.169000012143997e+00
-1.011407953591934e+00
-1.172851358183742e+00
-1.122132633763626e+00
-9.957813446591659e-01
-1.138437224873171e+00
-1.298239321675575e+00
-1.011422205131221e+00
-9.736406287943437e-01
-1.014744899872107e+00
-1.035694802786502e+00
-1.016860617586034e+00
-1.148507402519612e+00
-1.024380797532747e+00
-1.021984731907488e+00
-1.040876577773511e+00
-1.287906380702237e+00
-9.483942050850389e-01
-1.051108524836329e+00
-9.502373557559310e-01
-1.047933129516356e+00
-1.002560154052987e+00
-1.009221359795458e+00
-9.624702153080894e-01
-9.597058912872416e-01
-9.770695840224859e-01
-9.182107723147590e-01
-9.715113190370595e-01
-1.003662351934491e+00
-9.665600853685734e-01
-9.888852865260674e-01
-1.172480543638526e+00
-1.043424801458970e+00
-1.085801704100631e+00
-1.203704511607013e+00
-1.169510023755233e+00
-1.017493850974376e+00
-9.324941690443299e-01
-9.362862946643951e-01
-9.183706186174907e-01
-9.337960268747975e-01
-9.704786178983283e-01
-9.174059785099358e-01
-9.810132302969344e-01
-1.008801225450210e+00
-9.567663489212624e-01
-9.235789010807534e-01
-9.719760885089376e-01
-9.262141103332077e-01
-9.251636314747219e-01
-1.016158685105370e+00
-9.688205778027715e-01
-9.411606289471339e-01
-9.718517690805000e-01
-1.015744919533669e+00
-1.008392209253440e+00
-9.171002837652016e-01
-1.083296234406358e+00
-9.851700432823394e-01
-9.754377664577252e-01
-9.685917426072156e-01
-1.110580904874781e+00
-9.983425930556398e-01
-9.554871281072859e-01
-1.071795644160825e+00
-1.119992802634292e+00
-9.855042769010125e-01
-9.822417553191881e-01
-1.093347440463773e+00
-1.222083856397985e+00
-1.163961010831299e+00
-1.006326713018508e+00
-9.260769206692989e-01
-1.041139681853111e+00
-1.021662801679594e+00
-9.626768323470311e-01
-1.044442871011468e+00
-9.400528577176692e-01
-1.019653552079888e+00
-1.010903542475100e+00
-9.428835567339677e-01
-1.086320054802300e+00
-1.251221097844696e+00
-1.065613432066489e+00
-1.148580576239158e+00
-1.041729822075120e+00
-1.320895076659142e+00
-1.234907408266701e+00
-1.046090754663130e+00
-1.110868639891694e+00
-1.076838135271107e+00
-9.974262341018915e-01
-9.746737366318037e-01
-1.246874508271658e+00
-9.347916718878743e-01
-9.959696114456742e-01
-9.472612117452820e-01
-1.041948959684974e+00
-1.014994622537414e+00
-1.138379888802799e+00
-9.970346712938057e-01
-1.023030900617359e+00
-1.143043027329237e+00
-1.287584838101463e+00
-9.451672707379486e-01
-9.730272412649604e-01
-9.531013200606776e-01
-9.538418226669789e-01
-1.430942421015423e+00
-1.126758416028748e+00
-1.456347959698769e+00
-1.435058094240635e+00
-9.732639464325593e-01
-1.082545434724790e+00
-1.010636687078686e+00
-1.212950280280229e+00
-1.225546311822698e+00
-9.632717833499166e-01
-1.135673545317913e+00
-1.121219490652316e+00
-9.690330400289285e-01
-1.019757963093487e+00
-1.125831654476095e+00
-1.106481963117362e+00
-9.622087844302274e-01
-1.243921220891569e+00
-1.020169885726634e+00
-1.084160140119956e+00
-1.088203007882535e+00
-9.886055559068646e-01
-1.045458066428876e+00
-1.223234068744743e+00
-1.056473870642361e+00
-1.132224786040370e+00
-1.064781703204385e+00
-9.720616087832062e-01
-9.778527225065530e-01
-1.078272005326296e+00
-9.202164070298727e-01
-1.002409339155851e+00
-9.756096115430518e-01
-9.593781982940028e-01
-9.246604203295612e-01
-9.318697405577745e-01
-9.447418450211882e-01
-9.302602556806245e-01
-1.077292444113328e+00
-9.385443595812247e-01
-1.020250981916285e+00
-1.004785615519377e+00
-9.480637439856993e-01
-1.124862922986225e+00
-1.040905870889331e+00
-9.459959902672497e-01
-1.154078251945964e+00
-1.228324462914524e+00
-1.085323973407668e+00
-9.799518366077652e-01
-1.084023587195415e+00
-9.782609885126297e-01
-1.231572280154245e+00
-1.288567441010412e+00
-1.059031680456116e+00
-1.121738048004504e+00
-1.043699696862480e+00
-1.094844467947531e+00
-1.184998597463991e+00
-1.082050162026764e+00
-9.598952770199476e-01
-1.112089288716557e+00
-9.638231698918698e-01
-1.015876424486084e+00
-1.036460213964440e+00
-1.073744004752105e+00
-9.966927791088753e-01
-1.032712313283399e+00
-1.145920429188580e+00
-1.040042177227986e+00
-1.193973259747842e+00
-1.196201239352506e+00
-1.102736084612665e+00
-9.941499475775872e-01
-9.575991915662574e-01
-1.051874159762735e+00
-1.059364609172781e+00
-9.566047662067935e-01
-1.073936202329303e+00
-9.838635874883118e-01
-1.106144533045567e+00
-1.044165146324112e+00
-9.525127841611791e-01
-1.187673792018961e+00
-1.191396324984652e+00
-1.319723737904498e+00
-1.310593807458012e+00
-1.144862301566122e+00
-1.010350490276619e+00
-1.397605857288810e+00
-1.097170067748607e+00
-1.207721398037382e+00
-1.126207751481361e+00
-1.123351310149731e+00
-1.393565967844637e+00
-1.243856138529931e+00
-1.016941492721148e+00
-1.325728943883639e+00
-1.093854617420210e+00
-1.495209823594607e+00
-1.494204572066390e+00
-1.040276821274381e+00
-1.479060481320155e+00
-9.883118761693368e-01
-1.197898299056999e+00
-9.797459893526399e-01
-1.236068279575012e+00
-1.102671177792233e+00
-1.232704333340120e+00
-1.207760892994377e+00
-1.394786568109045e+00
-1.152333880338648e+00
-1.424635383237652e+00
-1.072882850776764e+00
-1.214694393539683e+00
-1.313827302537263e+00
-1.113410856363951e+00
-1.284372715092933e+00
-9.950337361601840e-01
-1.069196519599383e+00
-1.409627296346661e+00
-1.025271056140041e+00
-1.441412641415930e+00
-1.433330110290992e+00
-1.088617625735528e+00
-1.136397781505295e+00
-1.395945518953686e+00
-1.430362152735319e+00
-1.428916909039910e+00
-1.050162924183794e+00
-1.134834783943694e+00
-1.281798801445198e+00
-1.119312761013120e+00
-1.262153687783140e+00
-1.396749177853111e+00
-1.398928999758402e+00
-1.153275632104491e+00
-1.054241848924559e+00
-1.441735917297075e+00
-1.181223344921906e+00
-1.107673231573713e+00
-1.064134922493503e+00
-1.452341867747742e+00
-1.392566049515936e+00
-1.309018772293275e+00
-1.389807844964888e+00
-1.190858314055679e+00
-1.604183208734420e+00
-1.599783355105783e+00
-1.200205551677324e+00
-2.417020755394138e+00
-1.349258160129091e+00
-1.017856743363056e+00
-1.073508556177645e+00
-1.092915687219143e+00
-1.175538465343285e+00
-1.099455912574749e+00
-1.453813815018547e+00
-1.435681533062456e+00
-1.030275963168288e+00
-1.436752724063579e+00
-1.122115580394003e+00
-1.362564913028960e+00
-1.605137941479429e+00
-1.207239370705177e+00
-1.188388108453464e+00
-1.610139005952189e+00
-1.414063734971218e+00
-1.435463595675615e+00
-1.154568505158786e+00
-1.206446405011655e+00
-1.612963689607493e+00
-1.585757723361530e+00
-2.412471210140675e+00
-9.697514123098048e-01
-1.078435127338555e+00
-1.486916530798622e+00
-1.393305914426468e+00
-1.162317062506657e+00
-1.383510162453393e+00
-1.003948024347727e+00
-1.088559154713292e+00
-1.097283208601646e+00
-9.363335256474011e-01
-1.324543115824534e+00
-1.674781559004530e+00
-1.677404417444749e+00
-2.624741917485766e+00
-2.610818580821858e+00
1.000000000000000e-03
-2.609758796538048e+00
1.000000000000000e-03
1.000000000000000e-03
-9.957862180908588e-01
-1.380482815221445e+00
-1.078765561182550e+00
-1.015991643242906e+00
-1.098524074430405e+00
-1.364873125641379e+00
-9.825110335993771e-01
-1.214581880538430e+00
-1.310727783144626e+00
-1.390917900753617e+00
-1.253300825956064e+00
-1.088379602931753e+00
-1.102030360812417e+00
-1.415029214662373e+00
-1.171392755813332e+00
-1.015443090910444e+00
-1.260604664226272e+00
-1.405682089167829e+00
-1.095692278523907e+00
-1.163896538944371e+00
-1.079144114100514e+00
-1.363484101733059e+00
-1.086267149584643e+00
-1.042526538989289e+00
-1.289130379899853e+00
-1.174848404464141e+00
-1.221767892210666e+00
-1.602237338933731e+00
-1.416619179824731e+00
-1.389582866638696e+00
-1.617922411095405e+00
-1.169167313831492e+00
-1.175892389547118e+00
-1.608640021339428e+00
-1.200240286207322e+00
-1.176611809387478e+00
-1.629499250467963e+00
-1.167478017049790e+00
-1.454896821111897e+00
-1.442840348152228e+00
-1.606993788262036e+00
-1.157106109753247e+00
-1.615387099125786e+00
-2.406689275211503e+00
-1.633857408955234e+00
-1.092231745094294e+00
-1.201259551169507e+00
-1.641285449896851e+00
-1.460461569177503e+00
-1.635908899524080e+00
-1.109289067340287e+00
-1.620579525373818e+00
-1.203077521582299e+00
-1.608154013914040e+00
-2.396164593919770e+00
-1.655425272003527e+00
-1.184671832836934e+00
-1.577063366937810e+00
-2.401256943483344e+00
-2.389202305129807e+00
-1.164468516220236e+00
-1.633429572752043e+00
-1.414750771074880e+00
-1.164953093653680e+00
-1.202130478002571e+00
-1.638456548485186e+00
-1.629846458972043e+00
-1.174641292598041e+00
-1.578829400255878e+00
-1.232673069064167e+00
-1.561396562371224e+00
-1.611063346447057e+00
-1.160733750817659e+00
-1.220268679706101e+00
-1.426217528473875e+00
-1.395755020636347e+00
-1.185111634257130e+00
-1.623653781216268e+00
-1.131050139810378e+00
-1.605235671658773e+00
-2.393217192867342e+00
-2.400059902295946e+00
-1.581855186343526e+00
-1.622105480779714e+00
-2.421509763267637e+00
-2.389022258609096e+00
-2.422371826878070e+00
-1.601896150523731e+00
-1.612924218309998e+00
-1.621835107556133e+00
-1.611118400653684e+00
-2.405264814887546e+00
-2.398030125373971e+00
-1.662881588192119e+00
-1.617293576708437e+00
-1.604671341094108e+00
-2.395100878957706e+00
-2.380618590588280e+00
-1.679523445797917e+00
-1.216774864136557e+00
-1.625800815105447e+00
-1.450455407850831e+00
-1.386473175513123e+00
-1.141172982954226e+00
-1.160495564334562e+00
-1.224050137964110e+00
-1.609636032927336e+00
-1.213491257371563e+00
-1.414357073251129e+00
-1.483954233117401e+00
-1.174162680551719e+00
-1.597409838782994e+00
-1.197252715354082e+00
-1.147267288360045e+00
-1.374476519581374e+00
-1.252655810448850e+00
-1.597198588318429e+00
-1.582539718784499e+00
-1.161511477593228e+00
-1.466083888822822e+00
-1.141253536147840e+00
-1.346530482939441e+00
-1.005008178550498e+00
-1.421995160513047e+00
-1.189691999640540e+00
-1.176082756745412e+00
-1.168896595082410e+00
-1.615065232252584e+00
-1.609966029271299e+00
-1.637706260192855e+00
-2.403910760081148e+00
-2.393913605555322e+00
-1.448811308535704e+00
-1.196863247444547e+00
-1.387972243775142e+00
-1.176611386872903e+00
-1.370209689024991e+00
-1.215715540758246e+00
-1.130223363894520e+00
-1.419894629023716e+00
-1.094007258690799e+00
-1.427350039925111e+00
-1.049265752645667e+00
-1.419967808572559e+00
-1.217628670846004e+00
-1.588072007726353e+00
-1.637563527117253e+00
-1.450030150433427e+00
-1.168904193029006e+00
-1.027316947850798e+00
-1.414948524284954e+00
-1.190703279595836e+00
-1.604914878389886e+00
-1.198688038495385e+00
-1.368325725262286e+00
-1.503221101414794e+00
-1.075580950087440e+00
-9.870020566135413e-01
-1.179119046455491e+00
-1.448914687569712e+00
-1.462460394630855e+00
-9.793788881129863e-01
-1.112793935381077e+00
-1.193685807925086e+00
-1.112418663890686e+00
-1.022138298102900e+00
-1.460523318246692e+00
-1.419131841721643e+00
-1.109279734898543e+00
-1.216435274751023e+00
-1.612368795867540e+00
-1.621482200381119e+00
-1.179093524097332e+00
-1.159089779876807e+00
-1.394632989750027e+00
-1.281276044519381e+00
-1.071332939296354e+00
-1.638409207382118e+00
-2.392736634227580e+00
-1.675152855370575e+00
-1.672752595776707e+00
-2.610946808851252e+00
-2.629506862179549e+00
1.000000000000000e-03
1.000000000000000e-03
-2.413212055800994e+00
-2.409438667720739e+00
-1.672984647202573e+00
-1.620607509621957e+00
-1.201541440958098e+00
-1.591730542662739e+00
-1.672133411314236e+00
-2.397798264299601e+00
-2.403665358530579e+00
-1.669513790546187e+00
-1.674221970813514e+00
-2.406358862909259e+00
-1.624916030531496e+00
-2.394381149626611e+00
-2.401965636461915e+00
-1.630185568934787e+00
-1.622060054485443e+00
-1.615922254655070e+00
-2.410580295367614e+00
-1.674261546417690e+00
-2.398650991860827e+00
-1.676820898779880e+00
-2.625552996710313e+00
-2.609060925201411e+00
1.000000000000000e-03
-1.671957247464475e+00
-2.410120380756498e+00
-2.424776723221723e+00
-1.666946131545964e+00
-2.409604942898360e+00
-1.599031695292925e+00
-1.670927926507978e+00
-2.404866735474596e+00
-1.670127621477331e+00
-2.625835258474699e+00
1.000000000000000e-03
1.000000000000000e-03
-1.671489739756403e+00
-2.413095509416062e+00
-1.670712080403028e+00
-1.665001433283458e+00
-2.416731462057876e+00
-2.411693979606383e+00
-1.662885353424055e+00
-2.417528904248969e+00
-1.669426317088856e+00
-2.428842335052913e+00
-2.629300124634018e+00
-2.622175775863490e+00
1.000000000000000e-03
-2.417812005588197e+00
-1.666877245739276e+00
-1.673061864399595e+00
-2.611300142694987e+00
1.000000000000000e-03
1.000000000000000e-03
-1.668253817011315e+00
-2.626728663285181e+00
1.000000000000000e-03
-2.623406579169204e+00
-2.612082682767309e+00
1.000000000000000e-03
1.000000000000000e-03
-1.668636895512148e+00
-2.417996973314652e+00
-1.671899686685317e+00
-1.677335348696383e+00
-2.395077661665821e+00
-2.421606961447215e+00
-1.669280718505867e+00
-2.389423799086158e+00
-1.677826541491065e+00
-2.388869990236981e+00
-2.408632684950573e+00
-1.671772090928265e+00
-1.671566489041845e+00
-1.677478947521784e+00
-2.608492874217688e+00
1.000000000000000e-03
-2.631100709169709e+00
1.000000000000000e-03
-1.673169728056038e+00
-2.391951379270692e+00
-1.642745866593101e+00
-1.613592668622576e+00
-2.390480931559277e+00
-2.406865291382878e+00
-1.598949094510606e+00
-1.673636978027472e+00
-2.411639909248456e+00
-1.619615271704551e+00
-2.408604148463970e+00
-2.407545491509240e+00
-1.598220447888726e+00
-1.222095320478933e+00
-2.422121554793464e+00
-2.392225607166361e+00
-2.387378944299845e+00
-1.611468974045263e+00
-1.630703396937394e+00
-2.397283104431517e+00
-2.406228951603582e+00
-2.617327783089551e+00
1.000000000000000e-03
-1.629120134978656e+00
-1.617358304599247e+00
-2.385832940558680e+00
-1.646019990006464e+00
-1.156273450922422e+00
-2.402962716949237e+00
-2.405776557741269e+00
-1.673465377592647e+00
-1.670458574477676e+00
-2.617233943427461e+00
-2.607603133918603e+00
1.000000000000000e-03
-2.622628662346916e+00
1.000000000000000e-03
-2.401162920798259e+00
-1.672708419167428e+00
-2.611410742194147e+00
-2.630009335733527e+00
1.000000000000000e-03
-2.411735586710385e+00
-2.426266536145526e+00
-1.582769783504647e+00
-1.608267530054907e+00
-2.400703762459240e+00
-1.663064043080322e+00
-1.667485762548884e+00
-2.408150358523653e+00
-1.587993464835117e+00
-1.176722072911367e+00
-1.618297504690739e+00
-2.416441134702671e+00
-1.626894323321938e+00
-1.615202452536916e+00
-1.163779420857024e+00
-1.173483188891633e+00
-2.397386238794327e+00
-1.618901454487315e+00
-2.407102736919818e+00
-1.607920537062755e+00
-1.211566670857015e+00
-1.158032350644091e+00
-2.409859191667066e+00
-1.178146776531307e+00
-1.108108631654521e+00
-1.435733251914080e+00
-1.413104417694483e+00
-2.402224595377462e+00
-2.410810972913396e+00
-1.596483191519259e+00
-2.396504073685297e+00
-1.670494246660935e+00
-2.402117930181457e+00
-2.395315478365993e+00
-1.675623291805635e+00
-2.627402682680562e+00
-2.618393149886135e+00
1.000000000000000e-03
-1.672193796933673e+00
-1.664096039097968e+00
-2.608937948248252e+00
1.000000000000000e-03
-2.613404384363962e+00
1.000000000000000e-03
-2.629377523168443e+00
1.000000000000000e-03
1.000000000000000e-03
-1.665304173406374e+00
-1.678659135684420e+00
-1.668862018888554e+00
-2.628922091506775e+00
1.000000000000000e-03
-1.678571431745844e+00
-1.671576577468344e+00
-2.609428297309504e+00
1.000000000000000e-03
-2.627736276334069e+00
-2.610540084684623e+00
1.000000000000000e-03
-2.626270907356223e+00
1.000000000000000e-03
1.000000000000000e-03
-2.610247824849346e+00
1.000000000000000e-03
-1.672804488074014e+00
-2.625617909771770e+00
1.000000000000000e-03
1.000000000000000e-03
-2.606812798055229e+00
1.000000000000000e-03
-1.675703203450561e+00
-1.678922451232848e+00
-2.626421479593533e+00
1.000000000000000e-03
-2.621802730172965e+00
1.000000000000000e-03
-2.626104740583262e+00
1.000000000000000e-03
-1.673007328567167e+00
-1.675019938050304e+00
-2.608812434149398e+00
-2.629398791037267e+00
1.000000000000000e-03
1.000000000000000e-03
-1.674991645298888e+00
-1.672381839115405e+00
-2.608880666364912e+00
1.000000000000000e-03
-2.627953270181498e+00
1.000000000000000e-03
1.000000000000000e-03
-1.667942301379456e+00
-1.664253318841017e+00
-2.613093694379379e+00
-2.608952148475205e+00
-2.621623326811764e+00
1.000000000000000e-03
-2.631412261066791e+00
-2.609822293314672e+00
1.000000000000000e-03
1.000000000000000e-03
-2.609994838308290e+00
-2.619576391794110e+00
1.000000000000000e-03
-1.676932217387954e+00
-1.675820556099067e+00
1.000000000000000e-03
1.000000000000000e-03
-2.621392344889409e+00
1.000000000000000e-03
-2.403069703568736e+00
-1.677551184523480e+00
-1.673544786195044e+00
-1.601094763093195e+00
-2.609948930452308e+00
1.000000000000000e-03
-2.608571752528041e+00
1.000000000000000e-03
-1.675805295871660e+00
-2.622117946341305e+00
-1.096041801300140e+00
-1.048537399398063e+00
-1.072819813355991e+00
-1.415081492445146e+00
-1.212151619821794e+00
-2.607935385194681e+00
-2.613703105284424e+00
1.000000000000000e-03
1.000000000000000e-03
-2.624404082694029e+00
1.000000000000000e-03
-2.607207654901698e+00
-1.673813235477204e+00
-2.402063857483197e+00
-2.623122996192221e+00
1.000000000000000e-03
-1.670604335572246e+00
-2.622386959697978e+00
-1.675103218409452e+00
1.000000000000000e-03
1.000000000000000e-03
-2.607763302288639e+00
-2.610337232355264e+00
-2.627850751912833e+00
-2.617625411457277e+00
1.000000000000000e-03
1.000000000000000e-03
1.000000000000000e-03
-2.606253330188637e+00
-1.673330368128042e+00
-2.617530630209060e+00
-2.624468964267089e+00
1.000000000000000e-03
1.000000000000000e-03
1.000000000000000e-03
-2.629925509627126e+00
-2.611949504444000e+00
-1.671663502735220e+00
-1.670804224243872e+00
-2.411513171616427e+00
1.000000000000000e-03
1.000000000000000e-03
-1.675485189474728e+00
-2.609702298654651e+00
-2.628434836857613e+00
-1.677925416563051e+00
1.000000000000000e-03
1.000000000000000e-03
1.000000000000000e-03
-2.625707835475934e+00
-2.607959014174589e+00
-1.674119892584252e+00
-2.397926625162793e+00
-1.674100416075065e+00
1.000000000000000e-03
1.000000000000000e-03
-1.119147463245929e+00
-1.079526184102438e+00
-1.432640725566303e+00
-1.416390429832349e+00
-1.051145744692580e+00
-1.248019584230649e+00
-1.001164581791490e+00
-1.336079309652030e+00
-1.033878078327517e+00
-1.177466872522901e+00
-1.395703766711416e+00
-1.178898783304237e+00
-1.632784306449657e+00
-1.616697383036679e+00
-1.681862635372258e+00
-2.398045249388901e+00
-2.397264814545454e+00
-2.394518543863053e+00
-1.671766988612438e+00
-2.621894775333451e+00
-1.667324600317154e+00
-2.414022923059139e+00
1.000000000000000e-03
-2.608962515945509e+00
1.000000000000000e-03
-1.673637760301744e+00
-2.610114869845833e+00
-1.672227441903759e+00
1.000000000000000e-03
1.000000000000000e-03
-2.612919796107524e+00
-1.677072343675985e+00
1.000000000000000e-03
1.000000000000000e-03
-2.605602069402690e+00
-2.609000477750550e+00
-1.670286080355699e+00
-2.620594783569791e+00
-1.676514221149153e+00
1.000000000000000e-03
1.000000000000000e-03
1.000000000000000e-03

FIELD FieldData 25
Ux  1  1102  double
3.814481468522590e-06
-3.677619457447684e-06
1.343261762376535e-06
-1.905157530505963e-06
-6.824631456930907e-06
3.995327933731252e-05
4.652668158966478e-05
4.100678451163242e-05
4.408783624965107e-05
3.938685801402331e-05
-2.127092308287781e-05
-1.622071023635319e-05
-1.412187768831674e-05
-1.162619891567629e-05
-7.915563077054433e-06
-9.648339603790523e-06
1.532547658361638e-05
1.720620315048826e-05
1.238578834641957e-05
1.134310066676358e-05
2.026501593557772e-05
1.289325661973928e-05
1.007383289455821e-05
-3.335090143713471e-05
-2.979402850389334e-05
-4.033820670945598e-05
-3.710336570006412e-05
-3.284002103404182e-05
-4.139261339430877e-05
-3.600354383076487e-05
-4.662895946960788e-05
-4.142447406751959e-05
-4.305995267034346e-05
-3.923714030218406e-05
-3.216989450954832e-05
-3.326852315088669e-05
4.362566896304321e-05
5.072487527912894e-05
4.977545959755636e-05
4.360113520573972e-05
4.235385300555006e-05
3.506149622062305e-05
4.437857080585861e-05
5.221223640017314e-05
4.786636164721969e-05
4.163618879998721e-05
4.144177240750224e-05
3.271488099065856e-05
4.082259020821155e-05
-1.831303780727711e-05
-1.765018491405035e-05
-2.291023337633313e-05
-1.348016260717400e-05
-2.174709800550900e-05
-2.746607112336097e-05
-2.839657059780509e-05
-2.456164893510637e-05
-1.769975245928535e-05
-1.885793796388424e-05
-3.074069806527358e-05
-4.110447583469123e-05
-3.965813886630531e-05
-4.433565558292774e-05
-3.530593362577328e-05
-4.165739190561957e-05
-3.651000842830321e-05
-2.365456487180354e-06
7.860107030903396e-07
-7.908739486937877e-06
-1.036693865214683e-05
1.558175695234865e-05
8.883466340314783e-06
1.941884636567914e-05
2.489440185290959e-05
5.368882584413925e-06
2.844968704554529e-05
-5.929741393745358e-05
-5.911281389103795e-05
-5.854170132096881e-05
-5.692841424631556e-05
-5.800249527704304e-05
-5.622231697993696e-05
-5.897169033070027e-05
-5.772402753295713e-05
-4.500998183820659e-05
-4.328418772298059e-05
-1.822252023384041e-05
-1.281007954323510e-05
-4.636215423745038e-05
-5.144302608822704e-05
-5.112275121826881e-05
-4.618673005579721e-05
-5.029546355617143e-05
-4.694459595155909e-05
-5.323533761919519e-05
-5.676191393455543e-05
-5.092071308787638e-05
-5.493075898127531e-05
-5.594646520451496e-05
-5.301648879185716e-05
-4.884376652125599e-05
-5.803680236232678e-05
-5.439268082202409e-05
-5.496420485961995e-05
-5.409511562487479e-05
-5.734710421290146e-05
1.012496991942280e-05
6.633957445798672e-06
1.621592226573598e-05
1.986600089862178e-05
2.293574072605165e-05
1.286856749838083e-05
1.362969189490360e-05
3.228708080300208e-06
-5.771850672015022e-05
-5.813171726587463e-05
-5.904313458954258e-05
-5.819853247895912e-05
-5.650071927931766e-05
-5.460653149497174e-05
-2.732855161591274e-05
-2.424219551198925e-05
-1.387395994581486e-05
-3.278181431248806e-05
-2.961522011590834e-05
3.044208149333150e-05
1.472786771820195e-06
1.174614425199921e-05
2.098437200691305e-05
7.811796113872671e-06
1.719738315104913e-05
6.247303467642532e-07
7.015974253482549e-06
-2.732481124650618e-06
1.641537032617824e-05
1.921261683210385e-05
4.053399362349136e-06
1.016438149768067e-05
4.066539161362570e-05
3.759261923502732e-05
3.438470207331457e-05
4.176494768506900e-05
3.840719804557025e-05
4.499646024472281e-05
4.929005410853060e-05
3.182195232118157e-05
2.271213606000466e-05
2.565803600468319e-05
-4.182677385844435e-05
-4.675395126696458e-05
-4.588929660892527e-05
-4.228715266363370e-05
-3.754261540211967e-05
5.381285297256788e-05
5.642706954844812e-05
5.436972199285295e-05
5.772800661579813e-05
5.007487863845084e-05
5.064005518068404e-05
-4.974287075204531e-05
-4.401734981246408e-05
-5.207225029496554e-05
-4.783073663078286e-05
-4.844738224218936e-05
2.885018406065254e-05
2.947650526236023e-05
2.744559451747786e-05
2.135786225139491e-05
2.290400532159453e-05
1.830569326274900e-05
2.272082936755071e-05
2.355488395833216e-05
2.598071176834749e-05
2.825463389066751e-05
4.087220585521911e-05
3.506350519863477e-05
4.060221857751789e-05
4.591188812608227e-05
3.333122114390630e-05
4.055656614723735e-05
4.593366572230861e-05
3.536965561284910e-05
-3.131138922490839e-05
-3.478902990547428e-05
-2.863985703807637e-05
-2.643052618828134e-05
-2.787224875427929e-05
-2.979634219149596e-05
-2.433420273717513e-05
4.591400906356347e-05
5.067122166552140e-05
4.936863587984286e-05
5.412078757505157e-05
4.457366005436447e-05
3.927264553063581e-05
-4.148510392601445e-05
-3.574313794812989e-05
-3.450697193435603e-05
-4.049382868312468e-05
4.656799975533144e-05
4.476404502939957e-05
4.802109051538217e-05
4.384818797864565e-05
5.126603969246579e-05
-3.259544248587765e-05
-2.627712896796641e-05
-3.030692507080546e-05
-2.311406661281712e-05
-3.702357806142920e-05
-1.868572118293721e-05
-2.337176900055193e-05
-1.774226506909282e-05
-1.392222020868417e-05
-1.690743525323279e-05
-2.387233249190324e-05
-2.180074602126103e-05
-2.581165270570951e-05
-1.515823899606028e-05
-1.375982886675509e-05
7.618201205081276e-06
7.792241026260971e-06
4.569601595685868e-06
5.575107510827348e-06
3.778953705207977e-06
2.226974406521753e-06
-3.695631343569872e-05
-3.168874872450100e-05
-3.282521648895198e-05
-2.387653357771580e-05
-2.622305576394091e-05
-2.922548045219964e-05
-3.436186864780311e-05
-4.692292624602912e-05
-4.803699165650821e-05
-4.003462303003857e-05
-4.076692821092243e-05
-4.145695755863876e-05
-4.842411217609310e-05
4.566089472535229e-05
3.543562975483194e-05
3.535925962755426e-05
4.355377761255941e-05
3.534200321309022e-05
4.308825978729947e-05
3.761145965255897e-05
3.474743768594468e-05
3.195449445697607e-05
2.644202490306724e-05
2.912730563678356e-05
-4.794977821814816e-05
-4.367464602833548e-05
-3.838119102150817e-05
-3.601555143473156e-05
-3.033580609484998e-05
-4.556622311394087e-05
-5.030887633428183e-05
-3.660929741655661e-05
-2.784998153754215e-05
-3.718929870244470e-05
-2.611110278988305e-05
-3.208671319193668e-05
-1.699981743924495e-05
-1.943990426983566e-05
-2.518043730637132e-05
-2.182325750138547e-05
-1.252942893964493e-05
-1.371127917754178e-05
-1.086262966762397e-05
-7.684860892975820e-06
-4.165878546326385e-06
2.804759935861115e-06
-8.353629349956704e-07
4.565190265753971e-05
4.352923262868069e-05
4.115221584538586e-05
4.085314615914770e-05
5.516951347139809e-05
5.833480477418496e-05
5.502035170801278e-05
5.346350081913975e-05
5.701885417841446e-05
5.035747702686333e-05
-5.639515535205142e-05
-5.438529421269989e-05
-5.212720043873409e-05
-4.990879145749805e-05
2.922852549194777e-05
3.498896041448374e-05
3.364792144605611e-05
3.885553083354809e-05
3.099743426573931e-05
3.624290650783291e-05
1.342001317454489e-05
9.667449917705184e-06
5.982043485314170e-06
2.670375032864936e-05
2.243396073468851e-05
1.823848256561622e-05
2.228784693344976e-05
1.422943503566476e-05
-4.581022761870890e-05
-4.254171736309265e-05
-3.846174847987882e-05
-4.166297254046269e-05
-3.925683580130457e-05
-3.535234799675879e-05
-4.379158132028493e-05
-4.885623557920882e-05
-4.863345717481815e-05
-5.227017156833602e-05
-4.549214827320736e-05
-5.123609721191524e-05
-1.966328663967083e-07
-6.365322271432994e-06
-1.023351288063912e-05
-2.037467475378418e-05
-1.684895307818568e-05
4.021831350484867e-06
-5.138134442202180e-06
-1.149214231038753e-05
-1.644372216247705e-06
-8.015683477947955e-06
-3.139766855594917e-05
-2.204183144992322e-05
-2.588277072128331e-05
-2.771164251794134e-05
-2.324158774560936e-05
-3.542889434909879e-05
-2.003456885429911e-05
-2.256560597119206e-05
-2.879869288083259e-05
-1.387865398211341e-05
-1.634917588073936e-05
-2.949942621024992e-05
-2.370555729608315e-05
5.690901494953549e-05
5.902140761765429e-05
5.599790898891399e-05
5.772513153956549e-05
5.908782382607614e-05
1.066940369256336e-05
1.408766326105315e-05
7.029814881258367e-06
2.757647366978533e-06
1.057322763495239e-05
1.660306368329867e-05
1.250515554790388e-05
3.057675997122922e-05
3.852791326366956e-05
2.668790018384160e-05
3.460081681594396e-05
-2.764561391396803e-05
-3.137077656409359e-05
-3.495923306839899e-05
-1.921484470809864e-05
-4.122336785142289e-05
-3.936595697559553e-05
8.678714526089149e-06
7.328517472857121e-06
3.923235203942554e-06
1.181979873655578e-06
4.200024934078450e-06
-5.224376909774078e-07
4.958517342651403e-05
5.204331449604194e-05
5.023032873641142e-05
5.289265376828833e-05
5.578849679871434e-05
5.502526471151681e-05
-5.102724001126296e-06
-8.986724673948343e-06
-1.444421916406424e-05
-1.062416281946005e-05
1.241013365110843e-05
1.150539511979298e-05
5.935295494655102e-06
-4.620868076388868e-07
1.496279907512235e-06
7.694219296014437e-06
-1.774117695656219e-05
-2.407857986426454e-05
-2.653524175208477e-05
-3.261059263506838e-05
2.730169739492694e-05
2.145375555856477e-05
1.545778607986437e-05
1.824298759783849e-05
1.739524580959828e-05
2.359129036769159e-05
2.361828836724977e-05
4.398558770490890e-05
4.846176690609383e-05
4.563164092435956e-05
4.190134767881326e-05
4.160274679126941e-05
3.704611052343654e-05
-5.393378077900302e-05
-5.464852124759112e-05
-5.251897510949455e-05
-5.257310600570442e-05
-5.630815966872760e-05
-5.640596999179071e-05
5.811981017000978e-05
5.610819630985642e-05
5.895317758658480e-05
5.784703706274152e-05
5.853050807302917e-05
5.939704863588968e-05
-1.156116160155873e-05
-1.892058411596953e-05
-1.484441501078959e-05
-1.529830959343115e-05
5.362422941418421e-05
4.726929785317524e-05
5.154702801113409e-05
5.392883666877069e-05
-4.634219979929993e-06
-2.086988224254960e-05
-1.755013647525283e-05
-1.456842401685587e-05
-1.146527617361393e-05
1.525751306616363e-05
1.287694839165188e-05
6.948881511363580e-06
1.674388891606537e-05
9.462469463886181e-06
2.381451380586985e-05
1.792850424002512e-05
2.952718987142555e-05
3.210252448526685e-05
2.779048557519093e-05
3.232616549947442e-05
2.694255857393912e-05
5.183337256592369e-05
4.782813528164676e-05
4.894273831856921e-05
4.810365463298050e-05
5.135494759567205e-05
5.440334177031492e-05
2.106372529911416e-05
2.534861015363044e-05
2.231399470531414e-05
1.812816270789497e-05
5.143481666192162e-05
5.354560886666748e-05
4.817963882047804e-05
4.262685642617003e-05
4.607179972887510e-05
-4.756205365618466e-06
-7.106935799437719e-06
-1.296927755084498e-05
-1.221571006654321e-05
-3.555770220945538e-08
-2.063805182712236e-06
-8.332033773567060e-06
4.634593117347485e-05
4.455403466369079e-05
4.061789029691232e-05
3.643501796668502e-05
3.428607095001812e-05
-5.185716205735602e-05
-5.374224947002348e-05
-4.878363455651513e-05
-5.071336538431392e-05
-4.678796306786803e-05
-7.760244933256721e-06
-5.108875203586882e-06
-1.084869397870170e-05
-9.462543347882324e-06
-4.840313447364297e-06
-1.810899251214818e-06
-8.019237467370155e-06
-1.881860822469661e-05
-2.321301529720210e-05
-1.378883806131548e-05
-9.971793060600809e-06
-1.316514388371992e-05
-6.046493042907719e-06
-8.519599376810572e-06
-1.034557262732938e-05
-1.286730326779950e-05
-1.312278031898040e-05
-3.489768270810434e-06
-8.761439038079688e-06
7.993637405806497e-06
4.610347174444085e-06
3.179787494689973e-06
-4.728355932452633e-07
5.290175511635242e-05
4.895786761810461e-05
5.307018330341640e-05
5.668742108716485e-05
5.638299410826164e-05
4.697651788412860e-06
8.101734449331155e-06
7.644530219175216e-06
4.759976239152031e-06
2.161360905431065e-06
-3.548100679851007e-05
-2.978539177961315e-05
-3.978217331862544e-05
-3.913505736719003e-05
-3.242169180567300e-05
-2.405262897492433e-05
-4.456825785342788e-05
-3.524763831019850e-05
-3.524218496736564e-05
-4.515071359945111e-05
-4.551472432606785e-05
-3.541325989359079e-05
-3.543572651809601e-05
-3.480876037198488e-05
-4.427037366139253e-05
-4.366078085132896e-05
-5.014351409743378e-05
-5.455865202202981e-05
-5.073761188206793e-05
-5.035479840070911e-05
-3.509023321683624e-06
-2.289083696288552e-06
-6.262961285113944e-06
-6.045934202753012e-06
-2.955154973699470e-06
4.121766143883043e-05
4.251125644672005e-05
3.279153723129147e-05
3.371088154341395e-05
4.878898047888658e-05
-3.409095556461406e-05
-2.027759703560061e-05
0.000000000000000e+00
0.000000000000000e+00
-2.122702194751191e-05
0.000000000000000e+00
5.216622430170847e-05
5.506092453660960e-05
5.435237470069465e-05
5.740480415267202e-05
5.864811726169483e-05
2.795455153725701e-05
2.050200359077214e-05
2.307762538611424e-05
3.026172774550639e-05
2.504398709607392e-05
1.321760582906339e-05
-8.792598698820209e-06
0.000000000000000e+00
-4.650198486971791e-06
-6.352646065910239e-06
0.000000000000000e+00
-1.933682343474574e-05
-1.696431830333633e-05
-1.245802370519744e-05
-1.085217986290798e-05
0.000000000000000e+00
0.000000000000000e+00
0.000000000000000e+00
4.092703763197703e-06
1.227952747913028e-06
2.006106909344801e-06
-6.990735260687525e-07
4.520158267892760e-07
-4.292847961590018e-05
-3.621435657658045e-05
-3.590970440287000e-05
-3.435339409246785e-05
-4.450878995215790e-05
-3.993366721494196e-05
0.000000000000000e+00
0.000000000000000e+00
0.000000000000000e+00
0.000000000000000e+00
0.000000000000000e+00
0.000000000000000e+00
0.000000000000000e+00
0.000000000000000e+00
-4.981989446116442e-06
-5.224124515028350e-06
-4.093037171380709e-06
-8.626840800357582e-06
-2.419984161554367e-06
-5.007483797198065e-05
-5.471256637340494e-05
-5.320403048253430e-05
-5.186965886411210e-05
-4.809333172201002e-05
-5.122692759690350e-05
-4.343619505953189e-05
-4.396073593504468e-05
-3.474133716624417e-05
-2.104645120876159e-05
3.667341988322637e-05
3.659589876586766e-05
3.252533141639979e-05
3.277829755754524e-05
3.289620757607192e-05
-1.643745977403244e-05
-2.411538290400528e-05
-1.964014968741656e-05
-2.264278343236392e-05
-2.110948359290710e-05
-1.981474915196957e-05
-1.902365296502229e-05
0.000000000000000e+00
-3.216063014033210e-05
-3.108903525955720e-05
0.000000000000000e+00
-2.135429301902692e-05
-2.175497700390716e-05
0.000000000000000e+00
-2.177269960779160e-05
2.048746037575100e-05
0.000000000000000e+00
2.044311829946244e-05
3.375631799262813e-05
3.444263890145516e-05
0.000000000000000e+00
-2.107163451531280e-05
0.000000000000000e+00
0.000000000000000e+00
0.000000000000000e+00
7.047418945443917e-06
8.676745594404789e-06
0.000000000000000e+00
1.309674201241395e-05
0.000000000000000e+00
1.035362889068026e-05
0.000000000000000e+00
1.158569156189948e-05
0.000000000000000e+00
0.000000000000000e+00
0.000000000000000e+00
1.420792370909751e-05
0.000000000000000e+00
0.000000000000000e+00
0.000000000000000e+00
-1.737567756221470e-05
0.000000000000000e+00
-2.952214165335976e-05
-1.605096340684398e-05
-1.809469150415577e-05
0.000000000000000e+00
0.000000000000000e+00
3.766219803413851e-06
0.000000000000000e+00
5.422923900932908e-06
0.000000000000000e+00
0.000000000000000e+00
7.218615352300173e-06
1.934156086763616e-05
3.022926906570689e-05
3.165412660871558e-05
1.888245328524052e-05
0.000000000000000e+00
-9.409427336182219e-06
0.000000000000000e+00
0.000000000000000e+00
0.000000000000000e+00
0.000000000000000e+00
0.000000000000000e+00
0.000000000000000e+00
0.000000000000000e+00
0.000000000000000e+00
0.000000000000000e+00
0.000000000000000e+00
0.000000000000000e+00
0.000000000000000e+00
0.000000000000000e+00
0.000000000000000e+00
0.000000000000000e+00
0.000000000000000e+00
0.000000000000000e+00
0.000000000000000e+00
0.000000000000000e+00
0.000000000000000e+00
-7.750250773680412e-06
0.000000000000000e+00
-1.420553868219931e-05
-1.168601449791362e-05
-6.127705489050728e-06
1.991508522219965e-05
1.953368464663319e-05
0.000000000000000e+00
-1.896488120972650e-05
-3.093837672268895e-05
-2.957479690757214e-05
-1.817834505452032e-05
0.000000000000000e+00
-1.998795104740658e-05
2.086621192687321e-05
3.445328356260768e-05
2.075781272126154e-05
0.000000000000000e+00
0.000000000000000e+00
1.771199080558006e-05
3.024636836890249e-05
3.912435281927529e-05
3.165593881931938e-05
3.710868288908653e-05
2.881886419386914e-05
2.166389136570857e-05
2.131886446393727e-05
2.151389589410968e-05
0.000000000000000e+00
0.000000000000000e+00
0.000000000000000e+00
0.000000000000000e+00
0.000000000000000e+00
-2.608177133184286e-05
-1.609671716307215e-05
-2.786370529889171e-05
-1.737075297031376e-05
-4.975902602958465e-07
2.946993237426532e-07
1.021374686974511e-06
2.103201114243142e-06
2.250932788078197e-05
1.547718776029328e-05
1.801459971453867e-05
1.298854423775753e-05
8.710077203294420e-06
0.000000000000000e+00
0.000000000000000e+00
-3.410649792512377e-05
-2.108990659999144e-05
-4.200552356276033e-05
-3.332249579052204e-05
-2.050444383416838e-05
0.000000000000000e+00
1.566134035246858e-05
2.696831644316555e-05
2.878163552388902e-05
3.485647449735785e-05
3.501917350895445e-05
1.695039054616654e-05
2.503774210976806e-05
2.305236810906663e-05
2.941270173500987e-05
3.281940158017527e-05
1.462245439531884e-05
1.303066139540787e-05
2.400644915806494e-05
1.823479244747461e-05
2.054698459275084e-05
1.040287622827707e-05
1.182671052568640e-05
0.000000000000000e+00
0.000000000000000e+00
2.128133324402759e-05
2.112899566270032e-05
3.499271195528397e-05
5.095246968372935e-05
4.492081981816165e-05
0.000000000000000e+00
0.000000000000000e+00
0.000000000000000e+00
0.000000000000000e+00
0.000000000000000e+00
0.000000000000000e+00
0.000000000000000e+00
0.000000000000000e+00
0.000000000000000e+00
0.000000000000000e+00
0.000000000000000e+00
0.000000000000000e+00
1.856103370501128e-05
0.000000000000000e+00
0.000000000000000e+00
0.000000000000000e+00
0.000000000000000e+00
0.000000000000000e+00
0.000000000000000e+00
0.000000000000000e+00
0.000000000000000e+00
0.000000000000000e+00
0.000000000000000e+00
0.000000000000000e+00
0.000000000000000e+00
0.000000000000000e+00
0.000000000000000e+00
0.000000000000000e+00
0.000000000000000e+00
0.000000000000000e+00
0.000000000000000e+00
0.000000000000000e+00
0.000000000000000e+00
0.000000000000000e+00
0.000000000000000e+00
0.000000000000000e+00
0.000000000000000e+00
0.000000000000000e+00
0.000000000000000e+00
0.000000000000000e+00
0.000000000000000e+00
0.000000000000000e+00
0.000000000000000e+00
0.000000000000000e+00
0.000000000000000e+00
0.000000000000000e+00
0.000000000000000e+00
0.000000000000000e+00
0.000000000000000e+00
0.000000000000000e+00
0.000000000000000e+00
0.000000000000000e+00
0.000000000000000e+00
0.000000000000000e+00
0.000000000000000e+00
0.000000000000000e+00
0.000000000000000e+00
0.000000000000000e+00
0.000000000000000e+00
0.000000000000000e+00
0.000000000000000e+00
0.000000000000000e+00
0.000000000000000e+00
0.000000000000000e+00
0.000000000000000e+00
0.000000000000000e+00
0.000000000000000e+00
0.000000000000000e+00
0.000000000000000e+00
0.000000000000000e+00
0.000000000000000e+00
0.000000000000000e+00
0.000000000000000e+00
0.000000000000000e+00
0.000000000000000e+00
0.000000000000000e+00
0.000000000000000e+00
0.000000000000000e+00
0.000000000000000e+00
0.000000000000000e+00
0.000000000000000e+00
0.000000000000000e+00
0.000000000000000e+00
0.000000000000000e+00
0.000000000000000e+00
0.000000000000000e+00
0.000000000000000e+00
0.000000000000000e+00
0.000000000000000e+00
0.000000000000000e+00
0.000000000000000e+00
0.000000000000000e+00
0.000000000000000e+00
0.000000000000000e+00
0.000000000000000e+00
0.000000000000000e+00
0.000000000000000e+00
0.000000000000000e+00
0.000000000000000e+00
0.000000000000000e+00
0.000000000000000e+00
0.000000000000000e+00
-1.199605722524560e-06
0.000000000000000e+00
0.000000000000000e+00
0.000000000000000e+00
0.000000000000000e+00
0.000000000000000e+00
0.000000000000000e+00
0.000000000000000e+00
0.000000000000000e+00
0.000000000000000e+00
0.000000000000000e+00
0.000000000000000e+00
0.000000000000000e+00
0.000000000000000e+00
1.769065183082619e-05
0.000000000000000e+00
0.000000000000000e+00
0.000000000000000e+00
0.000000000000000e+00
0.000000000000000e+00
0.000000000000000e+00
0.000000000000000e+00
0.000000000000000e+00
0.000000000000000e+00
0.000000000000000e+00
0.000000000000000e+00
0.000000000000000e+00
0.000000000000000e+00
0.000000000000000e+00
0.000000000000000e+00
0.000000000000000e+00
0.000000000000000e+00
0.000000000000000e+00
0.000000000000000e+00
0.000000000000000e+00
0.000000000000000e+00
0.000000000000000e+00
0.000000000000000e+00
-1.518642044823215e-05
0.000000000000000e+00
0.000000000000000e+00
0.000000000000000e+00
0.000000000000000e+00
-3.029769476692312e-06
-1.341122123011546e-06
0.000000000000000e+00
0.000000000000000e+00
0.000000000000000e+00
0.000000000000000e+00
1.686824593044589e-05
1.553694267791839e-05
0.000000000000000e+00
4.014112658590197e-05
3.512709118547175e-05
4.085909470102900e-05
2.695532878366214e-05
0.000000000000000e+00
0.000000000000000e+00
0.000000000000000e+00
0.000000000000000e+00
0.000000000000000e+00
0.000000000000000e+00
0.000000000000000e+00
0.000000000000000e+00
0.000000000000000e+00
0.000000000000000e+00
0.000000000000000e+00
0.000000000000000e+00
0.000000000000000e+00
0.000000000000000e+00
0.000000000000000e+00
0.000000000000000e+00
0.000000000000000e+00
0.000000000000000e+00
0.000000000000000e+00
0.000000000000000e+00
0.000000000000000e+00
0.000000000000000e+00
0.000000000000000e+00
0.000000000000000e+00
0.000000000000000e+00
0.000000000000000e+00
0.000000000000000e+00
0.000000000000000e+00
0.000000000000000e+00
0.000000000000000e+00
0.000000000000000e+00
0.000000000000000e+00
0.000000000000000e+00
0.000000000000000e+00
0.000000000000000e+00
0.000000000000000e+00
0.000000000000000e+00
0.000000000000000e+00
0.000000000000000e+00
0.000000000000000e+00
0.000000000000000e+00
0.000000000000000e+00
0.000000000000000e+00
0.000000000000000e+00
0.000000000000000e+00
0.000000000000000e+00
0.000000000000000e+00
0.000000000000000e+00
0.000000000000000e+00
0.000000000000000e+00
0.000000000000000e+00
0.000000000000000e+00
0.000000000000000e+00
0.000000000000000e+00
0.000000000000000e+00
0.000000000000000e+00
0.000000000000000e+00
0.000000000000000e+00
0.000000000000000e+00
0.000000000000000e+00
0.000000000000000e+00
0.000000000000000e+00
0.000000000000000e+00
0.000000000000000e+00
0.000000000000000e+00
0.000000000000000e+00
0.000000000000000e+00
0.000000000000000e+00
0.000000000000000e+00
0.000000000000000e+00
0.000000000000000e+00
0.000000000000000e+00
0.000000000000000e+00
0.000000000000000e+00
0.000000000000000e+00
0.000000000000000e+00
0.000000000000000e+00
0.000000000000000e+00
0.000000000000000e+00
0.000000000000000e+00
0.000000000000000e+00
0.000000000000000e+00
0.000000000000000e+00
0.000000000000000e+00
0.000000000000000e+00
0.000000000000000e+00
0.000000000000000e+00
0.000000000000000e+00
0.000000000000000e+00
0.000000000000000e+00
0.000000000000000e+00
0.000000000000000e+00
0.000000000000000e+00
2.607504628235335e-05
2.231329415311456e-05
1.816732602138993e-05
2.209795654958824e-05
1.845308693934622e-05
0.000000000000000e+00
0.000000000000000e+00
0.000000000000000e+00
0.000000000000000e+00
0.000000000000000e+00
0.000000000000000e+00
0.000000000000000e+00
0.000000000000000e+00
0.000000000000000e+00
0.000000000000000e+00
0.000000000000000e+00
0.000000000000000e+00
0.000000000000000e+00
0.000000000000000e+00
0.000000000000000e+00
0.000000000000000e+00
0.000000000000000e+00
0.000000000000000e+00
0.000000000000000e+00
0.000000000000000e+00
0.000000000000000e+00
0.000000000000000e+00
0.000000000000000e+00
0.000000000000000e+00
0.000000000000000e+00
0.000000000000000e+00
0.000000000000000e+00
0.000000000000000e+00
0.000000000000000e+00
0.000000000000000e+00
0.000000000000000e+00
0.000000000000000e+00
0.000000000000000e+00
0.000000000000000e+00
0.000000000000000e+00
0.000000000000000e+00
0.000000000000000e+00
0.000000000000000e+00
0.000000000000000e+00
0.000000000000000e+00
0.000000000000000e+00
0.000000000000000e+00
0.000000000000000e+00
0.000000000000000e+00
0.000000000000000e+00
0.000000000000000e+00
0.000000000000000e+00
0.000000000000000e+00
0.000000000000000e+00
0.000000000000000e+00
0.000000000000000e+00
2.879506805691934e-05
3.400534943598377e-05
3.471734030824347e-05
2.846239155043784e-05
3.132011270076673e-05
3.687839316568464e-05
3.909121315515129e-05
1.367102139006315e-05
1.099128193826626e-05
1.473359805145846e-05
1.006943884285239e-05
-4.566861415908341e-06
0.000000000000000e+00
0.000000000000000e+00
0.000000000000000e+00
0.000000000000000e+00
0.000000000000000e+00
0.000000000000000e+00
0.000000000000000e+00
0.000000000000000e+00
0.000000000000000e+00
0.000000000000000e+00
0.000000000000000e+00
0.000000000000000e+00
0.000000000000000e+00
0.000000000000000e+00
0.000000000000000e+00
0.000000000000000e+00
0.000000000000000e+00
0.000000000000000e+00
0.000000000000000e+00
0.000000000000000e+00
0.000000000000000e+00
0.000000000000000e+00
0.000000000000000e+00
0.000000000000000e+00
0.000000000000000e+00
0.000000000000000e+00
0.000000000000000e+00
0.000000000000000e+00
0.000000000000000e+00
0.000000000000000e+00

Uy  1  1102  double
-5.873246719872993e-05
-5.827605808006453e-05
-5.514854544891312e-05
-5.099056031421245e-05
-5.423851970959293e-05
-2.283935450969610e-05
-2.814374909845818e-05
-2.856825074259994e-05
-3.291486423501189e-05
-3.290399480482264e-05
-4.331263559248510e-05
-4.154252816102044e-05
-3.258546087492320e-05
-3.359652844237004e-05
-1.979262184514941e-05
-1.949518749000401e-05
-4.418271076611635e-05
-5.162121383994744e-05
-5.137031685092941e-05
-4.361360455740204e-05
-4.621438360491448e-05
-5.563321823615075e-05
-3.403609444319056e-05
3.268698018044081e-05
3.547183715690849e-05
3.654138141223617e-05
3.939004275432811e-05
4.193366011606692e-05
4.076834827171361e-05
4.458405196849924e-05
-2.323022195560576e-05
-1.796594720482325e-05
-1.460174705583683e-05
-2.091953108387945e-05
-1.522062794989676e-05
-1.265923792204138e-05
1.224420138019877e-05
1.134956165668721e-05
6.269261286932781e-06
8.330381816218368e-06
5.215502362411473e-06
5.798712772869807e-06
-9.023977575392528e-06
-1.047813044424695e-05
-1.373922171635233e-05
-1.493606249619583e-05
-1.886300867776081e-05
-1.396740890266535e-05
-1.172596533641213e-05
-5.293873014028394e-05
-5.664126106297296e-05
-5.413551711530573e-05
-5.487940791387702e-05
-5.526036017156066e-05
-5.263736296751143e-05
-5.038054871248088e-05
5.378033993963527e-05
5.462176518827855e-05
5.638213773440093e-05
4.939671118797673e-05
4.236565128939995e-05
4.465429175631863e-05
3.981103540184883e-05
4.737648529046234e-05
3.869856709212693e-05
4.436585532519022e-05
5.500749530940041e-05
5.090267295898565e-05
5.141325517221684e-05
5.515239054976195e-05
1.994785792799880e-05
1.175293261389265e-05
1.014416740671709e-05
1.794062946675057e-05
2.153145467673201e-05
8.220689582928709e-06
1.616464513670875e-07
-3.815855313411137e-07
6.210156585313709e-06
1.926444598811944e-06
-4.416286112265966e-06
1.158284350312455e-05
6.344080582004752e-06
1.213787582286796e-05
-3.289132395636885e-05
-2.823804706064692e-05
-3.546723967159937e-05
-2.873436093464576e-05
2.610866014063351e-05
2.604435218153678e-05
1.878453435474881e-05
3.696742741182701e-05
3.078065183781398e-05
3.222285811910197e-05
-1.869656437694656e-05
-1.692588811876006e-05
-2.421909677061129e-05
-2.268212593459218e-05
-1.920681286696202e-05
-2.631446444611996e-05
-1.974843080232436e-05
1.238872027019278e-05
1.218059547479500e-05
1.929067038311527e-05
4.862005474816355e-06
5.348190996509045e-06
-1.499718463779387e-05
-5.954249264219363e-06
-7.509384949158648e-06
-1.661694295135296e-05
9.326887205275865e-07
2.416585451419859e-06
-2.473316944941184e-05
-2.326760401058503e-05
-1.276855335198557e-05
-1.017439107835194e-05
-5.806952063071302e-06
-7.931357408653972e-06
-1.527872056693302e-05
-8.146795006228058e-06
8.523680113052545e-06
-9.176515070909164e-07
-2.692911636754253e-06
6.304863263157517e-07
-8.359297880587702e-06
2.466905229826788e-05
3.007838012530906e-05
2.849928548534497e-05
2.652438509145871e-05
3.738753924129035e-05
3.537983654247623e-05
-3.884462199540972e-05
-3.173422068059040e-05
-3.013381034536189e-05
-3.249260374302287e-05
-4.056022319726127e-05
-4.546388158904735e-05
-3.981586428430939e-05
-2.404726384091019e-06
6.868662976854123e-06
1.594168240208471e-05
1.371619979245731e-05
2.239680590432336e-05
4.802004436674917e-06
1.183405577705882e-05
-2.633197697224365e-05
-2.550844443795219e-05
-3.349274559710791e-05
-4.184122851025318e-05
-3.618682817077556e-05
-3.746132055545970e-05
-4.188837850882532e-05
-4.580257100694762e-05
-2.454161427858925e-05
-1.820884357867092e-05
-1.957460897379637e-05
-1.258794774386396e-05
-3.144556925757658e-05
-2.591940225710188e-05
-3.208263626899854e-05
-3.761385854589294e-05
-2.822720113332400e-05
-2.871871860682385e-05
-3.362454343225352e-05
-4.609611855585505e-05
-4.968238049457563e-05
-4.015787597533294e-05
-4.622024621220300e-05
-5.094464229682405e-05
-5.611275547118266e-05
-5.299727626617567e-05
-5.453167577224027e-05
-4.838110659100003e-05
-5.168727238963333e-05
-3.343101412872640e-05
-4.004703567656032e-05
-3.886178514700411e-05
-3.230503286749675e-05
-3.354604662331173e-05
-4.296438920603496e-05
-3.728630727362070e-05
-4.435301020988547e-05
4.697163470385179e-05
4.813662175900957e-05
5.136723869125781e-05
4.812160833128631e-05
4.350563518756845e-05
5.123421763686409e-05
5.386278300689717e-05
-2.661534890943673e-05
-1.910648883024502e-05
-1.204002428832618e-05
-1.222949253391892e-05
-1.923229221466316e-05
-2.636115981205500e-05
3.310797728658943e-05
3.946779905988906e-05
3.350321961081981e-05
2.627137762856169e-05
2.447075890435468e-05
3.266150506642251e-05
2.927799293575561e-05
2.775694466011780e-05
2.431635974561863e-05
-4.960578212059863e-05
-5.284269235134031e-05
-4.821216311207133e-05
-5.078276325048980e-05
-4.538074240628687e-05
5.592036505580600e-05
5.261525424393731e-05
5.224907129869338e-05
5.564908759497778e-05
4.778374067521129e-05
2.634210545326976e-05
2.801892980547338e-05
3.660028730317899e-05
1.536018006437212e-05
1.626101710916483e-05
-3.474172310169443e-05
-4.609648492454044e-05
-3.526590577340727e-05
-2.111025300144398e-05
-2.113808412368412e-05
-2.114629617372410e-05
-4.523475734502513e-05
-4.636467442586945e-05
-4.943491861159055e-05
-3.881112919390528e-05
-4.652350951744877e-05
-4.171915994044539e-05
-4.191045261919824e-05
2.772280114982095e-05
2.284631625554256e-05
2.542525880538937e-05
2.107124140718342e-05
1.740213151363301e-05
1.785960964342803e-05
1.809069486349152e-06
-3.191495738524711e-08
2.987904270397579e-06
-1.889270306924123e-06
-2.872622683877668e-06
-1.097768283490203e-05
-1.867715439517192e-05
-1.006309187553261e-05
-8.256390606276379e-07
-8.861182138553136e-06
-1.763551978679889e-05
3.402972842698332e-06
1.069912236273396e-05
1.832898476475386e-05
9.968538343119171e-06
1.765912047670126e-05
1.931586044984224e-05
1.184555942287252e-05
2.690128600091324e-05
2.225347294254609e-05
3.180134297686710e-05
2.408973134099268e-05
2.746580750823124e-05
-3.112216884210151e-05
-2.968565506916709e-05
-3.537255946017837e-05
-2.801540957547699e-05
-1.750661781357854e-05
-1.633104480741610e-05
-1.830396813395918e-05
5.658308866469258e-06
-4.306612205517979e-06
4.255036294156800e-06
1.347191855714802e-05
-3.690058380872996e-05
-4.018656232068762e-05
-4.138977386392018e-05
-3.672199392984465e-05
8.141125166116758e-06
1.054659159226146e-05
1.337666290555928e-05
1.929115911383783e-05
1.694850952459193e-05
1.592485045850967e-05
-1.963050869526264e-06
-9.544643005614251e-06
-3.501122718466837e-06
-1.186679920315431e-05
-5.159316403885450e-05
-4.802440500006888e-05
-4.857703358218668e-05
-4.456892064746976e-05
-4.735279689627170e-05
-4.507209599263762e-05
4.258067516801911e-05
4.968120090054207e-05
5.414131086250995e-05
4.558351736155819e-05
5.074051332448759e-05
4.788685103587764e-05
4.070086753815705e-05
5.269060916140988e-05
-4.984707122044491e-06
-1.367536626199761e-05
-7.053643608728732e-06
2.406483612105159e-06
-2.256471881430244e-05
-1.592475785164305e-05
3.131932904348877e-05
3.141810982584814e-05
3.467789943153998e-05
2.920880066942244e-05
3.650093182772096e-05
2.567690349822294e-05
-1.378558008036102e-05
-2.179117158070121e-05
-1.180551383023198e-05
-1.042114434874480e-05
-1.998768516611737e-05
4.405120667050344e-05
4.537544410451733e-05
3.972774114069377e-05
3.856612679450921e-05
3.139229636639485e-05
-2.483725205996989e-05
-2.662781559195637e-05
-1.803488089759109e-05
-3.349236736410743e-05
-4.078352979586253e-05
-3.065014620826090e-05
4.010410691951405e-05
4.611475795313069e-05
4.009374843430558e-05
4.570069033363322e-05
5.168330070071114e-05
4.562657034376527e-05
5.045497795130860e-05
-5.518457988455683e-06
6.057591645774324e-07
1.752837998466455e-06
-1.236955436823006e-05
-6.589512810135922e-06
5.730200910913918e-05
5.738511769365351e-05
5.872013199720305e-05
5.826088779414818e-05
5.858426755506185e-05
5.704829658997879e-05
5.518973880203060e-05
3.823881139361496e-05
3.602801556026880e-05
3.351951440996870e-05
3.082160048697991e-05
-4.540165607108682e-05
-3.837449509033752e-05
-4.266079027503977e-05
-4.787401323674834e-05
-3.903839580041146e-05
-3.606074625361888e-05
5.206329283224953e-05
5.627577717914889e-05
5.934846586491682e-05
5.645047440339113e-05
5.287289233230075e-05
5.219372086368024e-05
3.243817498493895e-05
2.863424858348673e-05
2.978306590523117e-05
2.644256081993368e-05
1.940928529882424e-05
2.299816036452351e-05
-4.425345308756157e-05
-3.744506705860573e-05
-4.266423566709476e-05
-4.975251362426825e-05
-5.803424006867175e-05
-5.820162934749851e-05
-5.898511514096372e-05
-5.924231270221236e-05
-5.917585726489261e-05
-5.816271675640472e-05
3.248207212488974e-05
2.540355754139523e-05
3.309860843753176e-05
2.594650234113982e-05
-4.355694077345929e-05
-4.006191937139247e-05
-3.190710136080632e-05
-3.040990499741936e-05
-3.973248655847472e-05
-4.508917819839864e-05
-3.658206378148732e-05
3.819055735948540e-05
3.389147502474987e-05
3.786966701957439e-05
4.208886326204087e-05
4.230197191462670e-05
4.636787319178826e-05
2.417602352725035e-05
2.352498556226768e-05
2.037656640480057e-05
1.547752113403855e-05
1.701581181244582e-05
1.808753090294657e-05
7.813475473697484e-06
1.543046927023062e-05
5.815068579224925e-06
1.276259231487720e-05
4.335367732390821e-06
-5.031043188888189e-07
-5.728104287971991e-05
-5.541734916009178e-05
-5.725011709928340e-05
-5.266703490924840e-05
-4.943541557601155e-06
-3.503808284843757e-06
3.479848691999299e-06
9.639150491055903e-06
2.320936756475267e-05
1.630888954744225e-05
7.424854141693804e-06
2.438041666488755e-05
1.496695472835707e-05
-5.184698044635727e-05
-4.604484844769607e-05
-5.172165994954403e-05
-5.502210221985937e-05
-5.530952485260920e-05
-5.399384948112651e-05
-5.670327486689830e-05
4.822308161356315e-05
5.001393989695346e-05
5.099699153604531e-05
4.953914189237407e-05
5.278480910148042e-05
-2.914806057169317e-05
-3.475827912566287e-05
-3.217236085395481e-05
-2.381505446896748e-05
-2.640804500153582e-05
-2.390054154910448e-05
5.535653206656388e-05
5.314944944800892e-05
5.450657483013766e-05
5.558050665371850e-05
1.755433778875826e-05
2.281864299027991e-05
2.545072552009864e-05
2.832566075550158e-05
2.027774041517272e-05
5.855429230022802e-05
5.886792862652701e-05
5.778394247230034e-05
5.794833219030515e-05
5.918203963312108e-05
5.919020201156089e-05
5.796996305817981e-05
3.645744286290276e-05
3.289873708911539e-05
3.939855168430539e-05
4.538962714961681e-05
4.290769775378012e-05
-1.766609905450023e-05
-2.273420418627548e-05
-2.524396056829969e-05
-2.960436990839810e-05
-2.027169737750523e-05
-5.594475146797340e-05
-5.926204636008681e-05
-5.842769370817402e-05
-5.169711994840176e-05
-5.244838326812218e-05
-5.646940260384259e-05
-5.864256796600520e-05
-4.844536828557677e-05
-5.019135687484022e-05
-5.024012380205889e-05
-4.405994518646983e-05
-4.264396134484594e-05
3.514640992796636e-05
4.693596812765932e-05
4.234513591178102e-05
5.026403275637525e-05
4.340451162437864e-05
3.544488370849086e-05
3.440986217889686e-05
-5.390178946029778e-05
-5.054335755555472e-05
-5.560392163783678e-05
-5.223630937689627e-05
-1.590516203922587e-05
-1.874781720609398e-05
-2.050446887111312e-05
-1.187197110967542e-05
-1.754361337380494e-05
3.526061170350259e-05
4.409201452892919e-05
3.479103844078457e-05
4.514491030549461e-05
2.173745158734475e-05
-3.797957401335816e-05
-3.590845386292063e-05
-3.529340842589601e-05
-4.047662879147484e-05
-3.237330305139174e-05
-2.614355087549036e-05
3.631100277082244e-06
4.285085081413842e-06
-4.475381847723892e-06
-3.553515749557534e-06
-9.904890117877442e-08
-1.553846323526509e-06
1.555421472822227e-06
-7.188888051359865e-06
-7.352678663613554e-06
-1.080954303507575e-05
-1.512767196240605e-05
-1.333712243863083e-05
-1.062267640920822e-05
-6.312530584452747e-06
-3.545370772106704e-05
-4.529609130976553e-05
-4.483932737575635e-05
-3.508186577022565e-05
-2.163105215530203e-05
1.932751063482563e-05
1.586753225701898e-05
1.394235690022061e-05
1.138790432916870e-05
2.045414850432303e-05
-1.014451722164411e-05
-6.682067879987263e-06
0.000000000000000e+00
0.000000000000000e+00
-5.203353796362498e-06
0.000000000000000e+00
-2.070138964062329e-06
-6.812681417112110e-06
2.902798783847166e-06
-1.722905542022451e-06
-6.243578867491661e-06
-3.681549885042879e-05
-2.897818517177964e-05
-2.703170754164708e-05
-3.308920653799508e-05
-2.524848818569181e-05
-1.719105119007969e-05
-3.442612515319743e-05
0.000000000000000e+00
-2.086433571529822e-05
-2.088268355859846e-05
0.000000000000000e+00
2.977916049401452e-05
3.118058168427584e-05
1.757159329890401e-05
1.828512200713339e-05
0.000000000000000e+00
0.000000000000000e+00
0.000000000000000e+00
-4.301427659564316e-05
-4.453411754179459e-05
-3.557959670491551e-05
-3.558853508955906e-05
-2.167035130318240e-05
-2.733335722496233e-05
-2.281481879029545e-05
-2.590394052348621e-05
-2.948054349799500e-05
-3.227269143973865e-05
-3.110328697991660e-05
0.000000000000000e+00
0.000000000000000e+00
0.000000000000000e+00
0.000000000000000e+00
0.000000000000000e+00
0.000000000000000e+00
0.000000000000000e+00
0.000000000000000e+00
4.323998558175557e-05
5.053266991567051e-05
5.562522818269855e-05
5.384233430649754e-05
4.465062499081629e-05
6.235002652850430e-06
6.288725755705660e-06
-2.889780909044737e-06
2.341720590878088e-06
1.419284078951755e-05
1.047694894534823e-05
1.052119248987071e-05
7.202099033667975e-06
7.235220345250259e-06
3.444642769301343e-06
-3.986353024026945e-05
-3.581165301425049e-05
-3.846749860209053e-05
-4.215991586570267e-05
-3.041797256075895e-05
4.145684942014061e-05
4.406539974927126e-05
4.022912950873980e-05
3.828209605466482e-05
4.810336255761660e-05
8.301075495986687e-06
9.848959241498534e-06
0.000000000000000e+00
1.527295499165193e-05
1.739280297774481e-05
0.000000000000000e+00
-1.160319368141266e-08
1.737696320072701e-06
0.000000000000000e+00
-1.712494884911764e-06
-5.876472747301520e-06
0.000000000000000e+00
-7.661153397731102e-06
-1.119424821349746e-05
-8.779641216843936e-06
0.000000000000000e+00
-3.421318356011671e-06
0.000000000000000e+00
0.000000000000000e+00
0.000000000000000e+00
-2.010775680727495e-05
-1.975846250878988e-05
0.000000000000000e+00
-3.299957359775840e-05
0.000000000000000e+00
-1.920005243521983e-05
0.000000000000000e+00
-1.788963412757694e-05
0.000000000000000e+00
0.000000000000000e+00
0.000000000000000e+00
-1.580884618929135e-05
0.000000000000000e+00
0.000000000000000e+00
0.000000000000000e+00
1.280648873908108e-05
0.000000000000000e+00
1.981333217571102e-05
1.392431371122216e-05
1.133550093235236e-05
0.000000000000000e+00
0.000000000000000e+00
2.115131629820688e-05
0.000000000000000e+00
2.056386965776369e-05
0.000000000000000e+00
0.000000000000000e+00
2.030895206989181e-05
-9.079931464706092e-06
-1.883993802620498e-05
-1.628165488876121e-05
-1.078506200610785e-05
0.000000000000000e+00
1.926306825061896e-05
0.000000000000000e+00
0.000000000000000e+00
0.000000000000000e+00
0.000000000000000e+00
0.000000000000000e+00
0.000000000000000e+00
0.000000000000000e+00
0.000000000000000e+00
0.000000000000000e+00
0.000000000000000e+00
0.000000000000000e+00
0.000000000000000e+00
0.000000000000000e+00
0.000000000000000e+00
0.000000000000000e+00
0.000000000000000e+00
0.000000000000000e+00
0.000000000000000e+00
0.000000000000000e+00
0.000000000000000e+00
1.995679074745516e-05
0.000000000000000e+00
3.252015648391726e-05
3.352574020670795e-05
2.042904663129841e-05
7.457061660137709e-06
9.232123121372116e-06
0.000000000000000e+00
-9.832993535713319e-06
-1.765485412616452e-05
-1.986014658866830e-05
-1.130864744280924e-05
0.000000000000000e+00
-8.451923163343977e-06
4.206472742684930e-06
8.655446219182905e-06
5.945694657338851e-06
0.000000000000000e+00
0.000000000000000e+00
1.203881080824587e-05
1.886868072575876e-05
2.254229943871033e-05
1.636229462212424e-05
2.533209090305188e-05
2.094740740488099e-05
-8.371361136863542e-07
8.458225502980254e-07
2.542541519733044e-06
0.000000000000000e+00
0.000000000000000e+00
0.000000000000000e+00
0.000000000000000e+00
0.000000000000000e+00
-2.417108790542244e-05
-1.394568047613509e-05
-2.207191323927438e-05
-1.287325529664152e-05
3.557944098470101e-05
2.137659828993499e-05
4.542535500923206e-05
3.553655124138855e-05
4.045495753807193e-05
3.195533583449928e-05
4.071140594352762e-05
3.303926093561893e-05
1.942924176417948e-05
0.000000000000000e+00
0.000000000000000e+00
1.009340136701176e-05
5.090259287368615e-06
1.392327505331248e-05
1.254590153187962e-05
6.808863412144373e-06
0.000000000000000e+00
-1.464211016177774e-05
-2.314288905891360e-05
-2.098290463364849e-05
-2.726599508423577e-05
-2.379342825231667e-05
-1.352961523187757e-05
2.523974716073241e-05
2.698530599143378e-05
3.204858195682281e-05
3.101704682412221e-05
1.619132036762005e-05
1.687389665661065e-05
3.675085114068777e-05
3.040480818022884e-05
2.894690228832930e-05
1.901519962321796e-05
1.802586765309311e-05
0.000000000000000e+00
0.000000000000000e+00
-4.281019946372755e-06
-2.647149372154989e-06
-5.781872801050025e-06
-7.378862639850770e-06
-4.856675128922516e-06
0.000000000000000e+00
0.000000000000000e+00
0.000000000000000e+00
0.000000000000000e+00
0.000000000000000e+00
0.000000000000000e+00
0.000000000000000e+00
0.000000000000000e+00
0.000000000000000e+00
0.000000000000000e+00
0.000000000000000e+00
0.000000000000000e+00
1.054347417545065e-05
0.000000000000000e+00
0.000000000000000e+00
0.000000000000000e+00
0.000000000000000e+00
0.000000000000000e+00
0.000000000000000e+00
0.000000000000000e+00
0.000000000000000e+00
0.000000000000000e+00
0.000000000000000e+00
0.000000000000000e+00
0.000000000000000e+00
0.000000000000000e+00
0.000000000000000e+00
0.000000000000000e+00
0.000000000000000e+00
0.000000000000000e+00
0.000000000000000e+00
0.000000000000000e+00
0.000000000000000e+00
0.000000000000000e+00
0.000000000000000e+00
0.000000000000000e+00
0.000000000000000e+00
0.000000000000000e+00
0.000000000000000e+00
0.000000000000000e+00
0.000000000000000e+00
0.000000000000000e+00
0.000000000000000e+00
0.000000000000000e+00
0.000000000000000e+00
0.000000000000000e+00
0.000000000000000e+00
0.000000000000000e+00
0.000000000000000e+00
0.000000000000000e+00
0.000000000000000e+00
0.000000000000000e+00
0.000000000000000e+00
0.000000000000000e+00
0.000000000000000e+00
0.000000000000000e+00
0.000000000000000e+00
0.000000000000000e+00
0.000000000000000e+00
0.000000000000000e+00
0.000000000000000e+00
0.000000000000000e+00
0.000000000000000e+00
0.000000000000000e+00
0.000000000000000e+00
0.000000000000000e+00
0.000000000000000e+00
0.000000000000000e+00
0.000000000000000e+00
0.000000000000000e+00
0.000000000000000e+00
0.000000000000000e+00
0.000000000000000e+00
0.000000000000000e+00
0.000000000000000e+00
0.000000000000000e+00
0.000000000000000e+00
0.000000000000000e+00
0.000000000000000e+00
0.000000000000000e+00
0.000000000000000e+00
0.000000000000000e+00
0.000000000000000e+00
0.000000000000000e+00
0.000000000000000e+00
0.000000000000000e+00
0.000000000000000e+00
0.000000000000000e+00
0.000000000000000e+00
0.000000000000000e+00
0.000000000000000e+00
0.000000000000000e+00
0.000000000000000e+00
0.000000000000000e+00
0.000000000000000e+00
0.000000000000000e+00
0.000000000000000e+00
0.000000000000000e+00
0.000000000000000e+00
0.000000000000000e+00
0.000000000000000e+00
0.000000000000000e+00
-2.133801624110143e-05
0.000000000000000e+00
0.000000000000000e+00
0.000000000000000e+00
0.000000000000000e+00
0.000000000000000e+00
0.000000000000000e+00
0.000000000000000e+00
0.000000000000000e+00
0.000000000000000e+00
0.000000000000000e+00
0.000000000000000e+00
0.000000000000000e+00
0.000000000000000e+00
-1.186352407056557e-05
0.000000000000000e+00
0.000000000000000e+00
0.000000000000000e+00
0.000000000000000e+00
0.000000000000000e+00
0.000000000000000e+00
0.000000000000000e+00
0.000000000000000e+00
0.000000000000000e+00
0.000000000000000e+00
0.000000000000000e+00
0.000000000000000e+00
0.000000000000000e+00
0.000000000000000e+00
0.000000000000000e+00
0.000000000000000e+00
0.000000000000000e+00
0.000000000000000e+00
0.000000000000000e+00
0.000000000000000e+00
0.000000000000000e+00
0.000000000000000e+00
0.000000000000000e+00
-1.547203004348408e-05
0.000000000000000e+00
0.000000000000000e+00
0.000000000000000e+00
0.000000000000000e+00
2.114435280753391e-05
2.180325975870145e-05
0.000000000000000e+00
0.000000000000000e+00
0.000000000000000e+00
0.000000000000000e+00
1.354850655099771e-05
1.456753620104889e-05
0.000000000000000e+00
3.476679855241027e-05
2.855457819878060e-05
3.063928410895755e-05
2.313720965119170e-05
0.000000000000000e+00
0.000000000000000e+00
0.000000000000000e+00
0.000000000000000e+00
0.000000000000000e+00
0.000000000000000e+00
0.000000000000000e+00
0.000000000000000e+00
0.000000000000000e+00
0.000000000000000e+00
0.000000000000000e+00
0.000000000000000e+00
0.000000000000000e+00
0.000000000000000e+00
0.000000000000000e+00
0.000000000000000e+00
0.000000000000000e+00
0.000000000000000e+00
0.000000000000000e+00
0.000000000000000e+00
0.000000000000000e+00
0.000000000000000e+00
0.000000000000000e+00
0.000000000000000e+00
0.000000000000000e+00
0.000000000000000e+00
0.000000000000000e+00
0.000000000000000e+00
0.000000000000000e+00
0.000000000000000e+00
0.000000000000000e+00
0.000000000000000e+00
0.000000000000000e+00
0.000000000000000e+00
0.000000000000000e+00
0.000000000000000e+00
0.000000000000000e+00
0.000000000000000e+00
0.000000000000000e+00
0.000000000000000e+00
0.000000000000000e+00
0.000000000000000e+00
0.000000000000000e+00
0.000000000000000e+00
0.000000000000000e+00
0.000000000000000e+00
0.000000000000000e+00
0.000000000000000e+00
0.000000000000000e+00
0.000000000000000e+00
0.000000000000000e+00
0.000000000000000e+00
0.000000000000000e+00
0.000000000000000e+00
0.000000000000000e+00
0.000000000000000e+00
0.000000000000000e+00
0.000000000000000e+00
0.000000000000000e+00
0.000000000000000e+00
0.000000000000000e+00
0.000000000000000e+00
0.000000000000000e+00
0.000000000000000e+00
0.000000000000000e+00
0.000000000000000e+00
0.000000000000000e+00
0.000000000000000e+00
0.000000000000000e+00
0.000000000000000e+00
0.000000000000000e+00
0.000000000000000e+00
0.000000000000000e+00
0.000000000000000e+00
0.000000000000000e+00
0.000000000000000e+00
0.000000000000000e+00
0.000000000000000e+00
0.000000000000000e+00
0.000000000000000e+00
0.000000000000000e+00
0.000000000000000e+00
0.000000000000000e+00
0.000000000000000e+00
0.000000000000000e+00
0.000000000000000e+00
0.000000000000000e+00
0.000000000000000e+00
0.000000000000000e+00
0.000000000000000e+00
0.000000000000000e+00
0.000000000000000e+00
0.000000000000000e+00
4.683566058633071e-05
5.050534551470642e-05
5.320225725946592e-05
4.599819461742483e-05
4.864735602994052e-05
0.000000000000000e+00
0.000000000000000e+00
0.000000000000000e+00
0.000000000000000e+00
0.000000000000000e+00
0.000000000000000e+00
0.000000000000000e+00
0.000000000000000e+00
0.000000000000000e+00
0.000000000000000e+00
0.000000000000000e+00
0.000000000000000e+00
0.000000000000000e+00
0.000000000000000e+00
0.000000000000000e+00
0.000000000000000e+00
0.000000000000000e+00
0.000000000000000e+00
0.000000000000000e+00
0.000000000000000e+00
0.000000000000000e+00
0.000000000000000e+00
0.000000000000000e+00
0.000000000000000e+00
0.000000000000000e+00
0.000000000000000e+00
0.000000000000000e+00
0.000000000000000e+00
0.000000000000000e+00
0.000000000000000e+00
0.000000000000000e+00
0.000000000000000e+00
0.000000000000000e+00
0.000000000000000e+00
0.000000000000000e+00
0.000000000000000e+00
0.000000000000000e+00
0.000000000000000e+00
0.000000000000000e+00
0.000000000000000e+00
0.000000000000000e+00
0.000000000000000e+00
0.000000000000000e+00
0.000000000000000e+00
0.000000000000000e+00
0.000000000000000e+00
0.000000000000000e+00
0.000000000000000e+00
0.000000000000000e+00
0.000000000000000e+00
0.000000000000000e+00
3.659134848144063e-05
4.237918620236814e-05
3.760151547754775e-05
4.267290220566489e-05
4.711817951941200e-05
4.564186139671689e-05
4.098086458970140e-05
5.065469697285163e-05
4.205495440939844e-05
4.269135291096182e-05
3.406462706645463e-05
2.122354885275568e-05
0.000000000000000e+00
0.000000000000000e+00
0.000000000000000e+00
0.000000000000000e+00
0.000000000000000e+00
0.000000000000000e+00
0.000000000000000e+00
0.000000000000000e+00
0.000000000000000e+00
0.000000000000000e+00
0.000000000000000e+00
0.000000000000000e+00
0.000000000000000e+00
0.000000000000000e+00
0.000000000000000e+00
0.000000000000000e+00
0.000000000000000e+00
0.000000000000000e+00
0.000000000000000e+00
0.000000000000000e+00
0.000000000000000e+00
0.000000000000000e+00
0.000000000000000e+00
0.000000000000000e+00
0.000000000000000e+00
0.000000000000000e+00
0.000000000000000e+00
0.000000000000000e+00
0.000000000000000e+00
0.000000000000000e+00

Uz  1  1102  double
1.343003555804301e-04
1.368338824621063e-04
1.487566660377526e-04
1.602712470838430e-04
1.502331999929662e-04
6.198771667328962e-05
8.418226331474710e-05
6.888629274665048e-05
8.846132130110873e-05
7.300221445641353e-05
6.684476099416692e-05
6.007608623043170e-05
4.158766122497326e-05
4.136297110603204e-05
2.386419659720918e-05
2.480382814140647e-05
6.373548219376635e-05
8.527868886273882e-05
7.768463731244735e-05
6.052433097353260e-05
7.198177702302799e-05
9.630147375438991e-05
4.145305570658897e-05
6.329036275642963e-05
6.313322588230585e-05
8.437501795954816e-05
8.169650715827981e-05
7.896044695424043e-05
1.003154388768968e-04
9.847381061967031e-05
7.487664744870726e-05
6.095968910946326e-05
6.145051390823997e-05
5.927422015558625e-05
4.063148163245545e-05
4.090905713355353e-05
6.113466030513437e-05
7.534280877596888e-05
7.029106164976873e-05
5.935508256135757e-05
5.658291038279639e-05
4.153331132904226e-05
6.081808348193385e-05
8.121302205640890e-05
6.890308672483081e-05
5.909533820924739e-05
6.142384068544282e-05
4.081951425990993e-05
5.623431468604334e-05
9.267262493972694e-05
1.072898624602248e-04
1.039044956327728e-04
9.373546476970640e-05
1.212815592658845e-04
1.167387733013170e-04
9.908833004473871e-05
1.312057946382117e-04
1.396133031674185e-04
1.236883531295918e-04
1.373488614577201e-04
1.298688297059480e-04
1.139913317922403e-04
1.163616808966261e-04
1.272337270905033e-04
1.434101792952558e-04
1.412675326195600e-04
1.489835189998345e-04
1.605047808949656e-04
1.578871344230515e-04
1.452852539192695e-04
1.887705781800086e-04
1.932381815253903e-04
1.905036422005235e-04
1.851510581290516e-04
1.903605028110156e-04
1.858202734530967e-04
1.132176892846837e-04
1.293652254120703e-04
1.054940257249060e-04
9.593633639323751e-05
1.015041707394804e-04
9.657091642856219e-05
1.232137501537833e-04
1.154849703431382e-04
1.466545011510889e-04
1.587596310320127e-04
1.768369659652658e-04
1.845820388997055e-04
1.544602657411187e-04
1.408536006813343e-04
1.511655845786164e-04
1.304787666622786e-04
1.298308867051512e-04
1.432599874914842e-04
9.438126405789116e-05
1.078459370700835e-04
9.355975083447099e-05
1.079928568846755e-04
1.239641101223321e-04
1.234467972446862e-04
7.652909925073836e-05
1.304052795002564e-04
1.462625514089821e-04
1.369461261097049e-04
1.523072547852666e-04
1.388538431940645e-04
1.920782973408586e-04
1.947522372534038e-04
1.921687507042691e-04
1.883129513774451e-04
1.899826717143283e-04
1.937671043058531e-04
1.869924692852187e-04
1.897044205868559e-04
1.225964868875051e-04
1.052430382477709e-04
1.189147894951059e-04
1.337290583853790e-04
1.361076479987622e-04
9.003656581485497e-05
1.866373899753748e-04
1.893517998352023e-04
1.934504341502552e-04
1.834050329193038e-04
1.850236111812231e-04
1.775849248744632e-04
1.854963387131203e-04
1.850252472621605e-04
1.825241676089995e-04
1.787985268741354e-04
1.774289866580681e-04
1.780669356762354e-04
1.837471502906252e-04
1.853569911152708e-04
1.801864447060764e-04
1.707053367301925e-04
1.691857980523070e-04
1.755110919666736e-04
1.759504290394509e-04
1.786672961112679e-04
1.790959432267369e-04
1.714868633845845e-04
1.708688387340729e-04
1.697987164812620e-04
1.610298412829669e-04
1.752665631121197e-04
1.823464398437169e-04
1.741351156429038e-04
1.098535348056928e-04
1.316451067351898e-04
1.166997074649179e-04
1.262812279776426e-04
1.198356552031266e-04
1.282105688057422e-04
1.235170919621220e-04
1.386783246724588e-04
1.322031112112598e-04
1.307369355967869e-04
1.427134247624084e-04
1.211419825530857e-04
9.885342854432100e-05
1.067760861944711e-04
9.116893269550674e-05
1.029866359134046e-04
1.518930486364423e-04
1.383570115340849e-04
1.642342932624552e-04
1.598812946536632e-04
1.468552643050791e-04
1.057825472309259e-04
9.830797375609546e-05
1.160142125140040e-04
8.829741879851083e-05
1.052561690518816e-04
1.561869465999677e-04
1.550833231723781e-04
1.448130536508829e-04
1.449668385911651e-04
1.664797359802739e-04
1.306575135994748e-04
1.314963578979422e-04
1.427143785499574e-04
9.373572771229077e-05
1.103926348379747e-04
1.045406418126449e-04
8.874946583461996e-05
7.472690525281434e-05
1.224271518037723e-04
1.159927507982106e-04
1.553288279700360e-04
1.523480042847636e-04
1.602417833111436e-04
1.475694842154041e-04
1.644558461663115e-04
1.665305273303996e-04
1.553078156192877e-04
1.545384936020300e-04
1.654846791265263e-04
1.653107373718044e-04
7.616544723776375e-05
8.996687851151042e-05
9.298709028837671e-05
7.416215727662490e-05
9.538595826480423e-05
1.266571117785609e-04
1.320200400642957e-04
1.421618055527651e-04
1.468145526904441e-04
1.349933821683247e-04
1.063955086328394e-04
9.742731476650168e-05
8.941263986453341e-05
9.637853475799596e-05
7.215973924737384e-05
4.134607850474203e-05
4.131701366956453e-05
6.081478299982401e-05
2.413078879610897e-05
2.412941753432429e-05
4.132813391816148e-05
6.326604886816578e-05
4.114418142767140e-05
2.457076094277560e-05
2.387606082947247e-05
2.332644096637859e-05
1.012943191633364e-04
9.278145025329310e-05
1.096938682086379e-04
6.156984212776773e-05
8.039821086827659e-05
7.244206275658360e-05
8.433226466475485e-05
8.170375372035243e-05
7.798343084886028e-05
6.485752798143785e-05
6.233357260543304e-05
6.074120280388784e-05
7.388835128849247e-05
6.186061374463536e-05
4.151686298176083e-05
4.180080156288013e-05
5.862819285118448e-05
4.165149297083448e-05
1.711609292756600e-04
1.743442120747951e-04
1.804342719872176e-04
1.841424114717993e-04
1.871995745949540e-04
1.824366438306080e-04
1.650368799708812e-04
1.702345444193898e-04
1.735408552114848e-04
1.794379100027998e-04
1.816458845105839e-04
1.631025732883873e-04
1.587450797448375e-04
6.071389658812709e-05
4.130398879635677e-05
6.654894450316973e-05
4.139777301902237e-05
5.505915490111590e-05
4.154212631246601e-05
4.170565773758961e-05
5.834505200164042e-05
4.153907638840271e-05
2.419276411974591e-05
2.400911549155227e-05
2.396663905680774e-05
1.946170741329856e-04
1.951926123704983e-04
1.952905822979467e-04
1.936366858073524e-04
1.021571703691271e-04
1.180887363633754e-04
1.013069085894491e-04
8.758440304545978e-05
9.131774238071988e-05
1.072371285616436e-04
9.442788311889161e-05
9.604692805026405e-05
1.097082769503377e-04
7.707769457090952e-05
1.443920159793222e-04
1.482179556709373e-04
1.572295675958402e-04
1.596879358765069e-04
1.230806858615319e-04
1.274415119169037e-04
1.119531276395636e-04
1.162083735934960e-04
9.468390242922675e-05
9.842106047378008e-05
1.705921403798438e-04
1.611329705434872e-04
1.506968792084895e-04
1.561505975868904e-04
1.477312940951214e-04
1.597296579914365e-04
1.680113779351511e-04
1.503217664401979e-04
1.685761223712001e-04
1.703858632324806e-04
1.777008658148116e-04
1.748487119456188e-04
1.697293616916840e-04
1.781730514599511e-04
8.091195349280156e-05
1.003993500223455e-04
1.159837611058867e-04
1.135254429243115e-04
1.002794067487545e-04
9.815082418324073e-05
1.935753006306884e-04
1.901215293519387e-04
1.929539634685229e-04
1.899998035657102e-04
1.882942264258003e-04
1.710778699536841e-04
1.692053389901749e-04
1.753057901234256e-04
1.782472587216755e-04
1.837484223648489e-04
1.766776701504491e-04
1.818777704237218e-04
1.844723085325795e-04
1.727345216686604e-04
1.672148747414171e-04
1.671888762160845e-04
1.705292822253845e-04
1.592992532616910e-04
1.633554748182720e-04
1.655752384262521e-04
1.528211378237221e-04
1.515294261273392e-04
1.466281989802587e-04
1.406100005332256e-04
1.310431537459023e-04
1.459923576637157e-04
1.173259878129440e-04
1.247104020942191e-04
1.377196345558884e-04
1.247930274982934e-04
1.250701535709386e-04
1.371941787380870e-04
1.093887858045206e-04
1.079423614416264e-04
9.479053163999329e-05
1.634972975653182e-04
1.563123137898748e-04
1.735551774417199e-04
1.681381557136485e-04
1.552593943177638e-04
1.624503557540735e-04
1.495053224213616e-04
1.590151598255263e-04
1.422472975970979e-04
1.549734572759975e-04
7.718922846411402e-05
9.523670475367063e-05
1.088527189993527e-04
9.414088825984712e-05
7.748858392242486e-05
7.530976665318101e-05
1.227295354048197e-04
1.086897425110478e-04
1.368193842044008e-04
1.252215589235828e-04
1.258110637336607e-04
1.099482621032544e-04
1.707207546740031e-04
1.784591120741474e-04
1.700450637400763e-04
1.606411820613274e-04
1.142308866088348e-04
1.299100939553544e-04
1.198882802759260e-04
1.231366141845602e-04
1.060647519923186e-04
1.015281151251490e-04
1.797487266252951e-04
1.817374830375140e-04
1.737049121605660e-04
1.746613913507500e-04
7.387867434388573e-05
6.142936693132039e-05
4.190367456759214e-05
4.169850548495224e-05
5.785407520689234e-05
7.390533794451870e-05
5.802146340525005e-05
1.001171858907302e-04
1.052110101926740e-04
1.183501039417889e-04
1.278178332060897e-04
1.114324035868530e-04
1.210249454102197e-04
1.269136980812657e-04
1.097806122743461e-04
9.335358202508526e-05
8.825094803760480e-05
1.038726980726601e-04
1.220072383509851e-04
1.353229584593607e-04
1.378982026531972e-04
1.209650232690818e-04
1.241795941593904e-04
1.030158894832767e-04
1.152211530081049e-04
1.370982094075490e-04
1.356272814410087e-04
1.240239184167602e-04
1.496311194695288e-04
1.537075184397940e-04
1.662448576193465e-04
1.586169612869393e-04
1.497299168689570e-04
1.896506946541532e-04
1.879136401888859e-04
1.917382635548970e-04
1.868069676806972e-04
1.918264030330574e-04
1.531251804101075e-04
1.656491639108748e-04
1.577448947315818e-04
1.397047926723349e-04
1.453483174478909e-04
1.317831855706664e-04
1.240860885290962e-04
1.434020497368405e-04
1.276206702082172e-04
1.000284618931369e-04
1.116367422150377e-04
1.180916868617210e-04
1.159209117206350e-04
1.184409630821115e-04
1.011598832278970e-04
8.028737502335792e-05
9.953181228383734e-05
1.118804142613006e-04
1.223574662074234e-04
1.330408197600663e-04
1.050315725849571e-04
1.363840918301440e-04
1.511990435413280e-04
1.382503703349358e-04
1.506929606176488e-04
1.599639751234117e-04
1.616071401072672e-04
1.345395357872925e-04
1.199384377008061e-04
1.144588231745680e-04
1.299723784726758e-04
1.235276747214575e-04
1.063060637821467e-04
1.019767512327185e-04
1.331746636132336e-04
1.480233680997145e-04
1.434620730194069e-04
1.364990716566927e-04
1.505138584768639e-04
1.497292529048511e-04
1.367456079677254e-04
1.492504251816018e-04
1.351109663862426e-04
1.602828240833687e-04
9.478015347663682e-05
1.082411804913530e-04
1.088143916243567e-04
7.640226648442106e-05
7.638864395792533e-05
9.355919150105807e-05
1.245371516294669e-04
7.457876439934119e-05
8.721483974571953e-05
7.547701800308948e-05
6.106856393939264e-05
6.005888410237636e-05
4.178328513758378e-05
6.516673557865893e-05
5.776461742226791e-05
7.504555946438729e-05
6.111236148517718e-05
4.112871110886762e-05
4.141587480820108e-05
8.474286408524656e-05
7.108563544200308e-05
9.073729497044436e-05
7.518955931065663e-05
8.955857214157370e-05
7.636646031214389e-05
9.534745548453460e-05
9.823926118585069e-05
1.058275370954820e-04
4.066460049423348e-05
6.030115093752508e-05
4.094924695602353e-05
6.122669658251145e-05
2.443520434150526e-05
7.596900410966612e-05
6.349087509707751e-05
7.887669626627236e-05
9.299793709108273e-05
6.203965643841736e-05
4.145020299811675e-05
6.021531040614758e-05
4.167805671659308e-05
4.160887849925798e-05
6.148402916161810e-05
6.197119070622259e-05
4.149068805101019e-05
4.164034781024839e-05
4.129754380431672e-05
6.065081139897122e-05
6.086524726120479e-05
7.617615574392889e-05
9.276716943673602e-05
7.471958053939520e-05
7.236359033854778e-05
4.078446537572611e-05
6.122732617039328e-05
6.106732721256058e-05
4.095178778676378e-05
2.446389624572581e-05
6.142397466132876e-05
6.125113741622945e-05
4.085592667860127e-05
4.092178816089698e-05
7.728291385886155e-05
4.108037825363564e-05
2.394259986973624e-05
0.000000000000000e+00
0.000000000000000e+00
2.480394858122431e-05
0.000000000000000e+00
7.605642865013418e-05
9.052947885929141e-05
8.500200875377617e-05
9.778273806201887e-05
1.077408820193693e-04
6.269000693467919e-05
4.169694119066092e-05
4.148504559428612e-05
6.003374505941794e-05
4.113749841405667e-05
2.438437925134096e-05
4.090818318447376e-05
0.000000000000000e+00
2.398200248457383e-05
2.460359712916360e-05
0.000000000000000e+00
4.151281381127581e-05
4.158022914810267e-05
2.439273832186700e-05
2.401769695660472e-05
0.000000000000000e+00
0.000000000000000e+00
0.000000000000000e+00
5.693994783789735e-05
5.933197953769676e-05
4.101393117753038e-05
4.059125200903124e-05
2.397504449638127e-05
7.077990227633002e-05
5.656989740787655e-05
5.875614371769755e-05
6.090485430304549e-05
8.829951613506526e-05
7.149110544699133e-05
0.000000000000000e+00
0.000000000000000e+00
0.000000000000000e+00
0.000000000000000e+00
0.000000000000000e+00
0.000000000000000e+00
0.000000000000000e+00
0.000000000000000e+00
5.756440065537993e-05
7.152714860714227e-05
9.094762118089239e-05
8.560728462436717e-05
5.988421117683607e-05
7.153527976111462e-05
8.933515466141850e-05
7.966230077957603e-05
7.599680163747347e-05
7.031547973093688e-05
7.696209588234360e-05
5.994373181528179e-05
6.008118232175841e-05
4.129602241835506e-05
2.407709625444621e-05
8.569622986800973e-05
7.243448380245265e-05
7.162361862919631e-05
8.145058047906439e-05
6.031346564100426e-05
5.978976895407162e-05
7.123643850120986e-05
6.034694858988998e-05
5.971206404031815e-05
7.738609697036103e-05
2.401258703393222e-05
2.385803988699808e-05
0.000000000000000e+00
4.077277092122411e-05
4.073062068538080e-05
0.000000000000000e+00
2.429915490237411e-05
2.479187339427674e-05
0.000000000000000e+00
2.488333097293988e-05
2.365803239278569e-05
0.000000000000000e+00
2.445391296743149e-05
4.109584432523961e-05
4.164855003063739e-05
0.000000000000000e+00
2.405561968597814e-05
0.000000000000000e+00
0.000000000000000e+00
0.000000000000000e+00
2.384658266939288e-05
2.433343749196071e-05
0.000000000000000e+00
4.187162089838714e-05
0.000000000000000e+00
2.467122226528645e-05
0.000000000000000e+00
2.400788828788025e-05
0.000000000000000e+00
0.000000000000000e+00
0.000000000000000e+00
2.373311495189323e-05
0.000000000000000e+00
0.000000000000000e+00
0.000000000000000e+00
2.379516264320453e-05
0.000000000000000e+00
4.062698890630601e-05
2.326199248101068e-05
2.368649005429768e-05
0.000000000000000e+00
0.000000000000000e+00
2.398227124039004e-05
0.000000000000000e+00
2.377099047425058e-05
0.000000000000000e+00
0.000000000000000e+00
2.430600165384544e-05
2.385264265588466e-05
4.107850236202693e-05
4.085947380202959e-05
2.431844317189041e-05
0.000000000000000e+00
2.399629971265582e-05
0.000000000000000e+00
0.000000000000000e+00
0.000000000000000e+00
0.000000000000000e+00
0.000000000000000e+00
0.000000000000000e+00
0.000000000000000e+00
0.000000000000000e+00
0.000000000000000e+00
0.000000000000000e+00
0.000000000000000e+00
0.000000000000000e+00
0.000000000000000e+00
0.000000000000000e+00
0.000000000000000e+00
0.000000000000000e+00
0.000000000000000e+00
0.000000000000000e+00
0.000000000000000e+00
0.000000000000000e+00
2.416247950434020e-05
0.000000000000000e+00
4.149535556607908e-05
4.130420792404499e-05
2.374994969273764e-05
2.354362332813303e-05
2.413055447509499e-05
0.000000000000000e+00
2.381291347840903e-05
4.077347742820203e-05
4.097328510914433e-05
2.356367324801711e-05
0.000000000000000e+00
2.435944722374572e-05
2.380706543673311e-05
4.103454729942335e-05
2.430988955255675e-05
0.000000000000000e+00
0.000000000000000e+00
2.365040666463952e-05
4.081395846847191e-05
6.081341510733029e-05
4.066701867304345e-05
6.012742450178798e-05
4.103632569117666e-05
2.461744054432780e-05
2.427202935393474e-05
2.434404903862292e-05
0.000000000000000e+00
0.000000000000000e+00
0.000000000000000e+00
0.000000000000000e+00
0.000000000000000e+00
4.121128351165793e-05
2.367820644540164e-05
4.087605671494743e-05
2.398909971485647e-05
4.059274276993485e-05
2.379566333412381e-05
6.133282284145891e-05
4.068609040955296e-05
6.300230798356177e-05
4.167146107743325e-05
5.970350428669002e-05
4.129912728569052e-05
2.404662009067304e-05
0.000000000000000e+00
0.000000000000000e+00
4.140043200080712e-05
2.440765826777769e-05
5.920232138317827e-05
4.097583388630588e-05
2.418016930649802e-05
0.000000000000000e+00
2.406719844139787e-05
4.072444657965413e-05
4.116758061777082e-05
5.861736614770630e-05
5.563583181614207e-05
2.415141860823838e-05
4.137134059926939e-05
4.164308208777501e-05
5.786564920598480e-05
6.067880048782337e-05
2.447922294235988e-05
2.394216196584253e-05
5.871646300481537e-05
4.173176535834933e-05
4.180028563001426e-05
2.446666991927360e-05
2.438056316101528e-05
0.000000000000000e+00
0.000000000000000e+00
2.453889612254179e-05
2.396871006236229e-05
4.135455448170400e-05
7.485244510813116e-05
6.085380035378285e-05
0.000000000000000e+00
0.000000000000000e+00
0.000000000000000e+00
0.000000000000000e+00
0.000000000000000e+00
0.000000000000000e+00
0.000000000000000e+00
0.000000000000000e+00
0.000000000000000e+00
0.000000000000000e+00
0.000000000000000e+00
0.000000000000000e+00
2.372121119557230e-05
0.000000000000000e+00
0.000000000000000e+00
0.000000000000000e+00
0.000000000000000e+00
0.000000000000000e+00
0.000000000000000e+00
0.000000000000000e+00
0.000000000000000e+00
0.000000000000000e+00
0.000000000000000e+00
0.000000000000000e+00
0.000000000000000e+00
0.000000000000000e+00
0.000000000000000e+00
0.000000000000000e+00
0.000000000000000e+00
0.000000000000000e+00
0.000000000000000e+00
0.000000000000000e+00
0.000000000000000e+00
0.000000000000000e+00
0.000000000000000e+00
0.000000000000000e+00
0.000000000000000e+00
0.000000000000000e+00
0.000000000000000e+00
0.000000000000000e+00
0.000000000000000e+00
0.000000000000000e+00
0.000000000000000e+00
0.000000000000000e+00
0.000000000000000e+00
0.000000000000000e+00
0.000000000000000e+00
0.000000000000000e+00
0.000000000000000e+00
0.000000000000000e+00
0.000000000000000e+00
0.000000000000000e+00
0.000000000000000e+00
0.000000000000000e+00
0.000000000000000e+00
0.000000000000000e+00
0.000000000000000e+00
0.000000000000000e+00
0.000000000000000e+00
0.000000000000000e+00
0.000000000000000e+00
0.000000000000000e+00
0.000000000000000e+00
0.000000000000000e+00
0.000000000000000e+00
0.000000000000000e+00
0.000000000000000e+00
0.000000000000000e+00
0.000000000000000e+00
0.000000000000000e+00
0.000000000000000e+00
0.000000000000000e+00
0.000000000000000e+00
0.000000000000000e+00
0.000000000000000e+00
0.000000000000000e+00
0.000000000000000e+00
0.000000000000000e+00
0.000000000000000e+00
0.000000000000000e+00
0.000000000000000e+00
0.000000000000000e+00
0.000000000000000e+00
0.000000000000000e+00
0.000000000000000e+00
0.000000000000000e+00
0.000000000000000e+00
0.000000000000000e+00
0.000000000000000e+00
0.000000000000000e+00
0.000000000000000e+00
0.000000000000000e+00
0.000000000000000e+00
0.000000000000000e+00
0.000000000000000e+00
0.000000000000000e+00
0.000000000000000e+00
0.000000000000000e+00
0.000000000000000e+00
0.000000000000000e+00
0.000000000000000e+00
0.000000000000000e+00
2.387818057521252e-05
0.000000000000000e+00
0.000000000000000e+00
0.000000000000000e+00
0.000000000000000e+00
0.000000000000000e+00
0.000000000000000e+00
0.000000000000000e+00
0.000000000000000e+00
0.000000000000000e+00
0.000000000000000e+00
0.000000000000000e+00
0.000000000000000e+00
0.000000000000000e+00
2.342526259890843e-05
0.000000000000000e+00
0.000000000000000e+00
0.000000000000000e+00
0.000000000000000e+00
0.000000000000000e+00
0.000000000000000e+00
0.000000000000000e+00
0.000000000000000e+00
0.000000000000000e+00
0.000000000000000e+00
0.000000000000000e+00
0.000000000000000e+00
0.000000000000000e+00
0.000000000000000e+00
0.000000000000000e+00
0.000000000000000e+00
0.000000000000000e+00
0.000000000000000e+00
0.000000000000000e+00
0.000000000000000e+00
0.000000000000000e+00
0.000000000000000e+00
0.000000000000000e+00
2.422501647424830e-05
0.000000000000000e+00
0.000000000000000e+00
0.000000000000000e+00
0.000000000000000e+00
2.357596059171518e-05
2.434454801997915e-05
0.000000000000000e+00
0.000000000000000e+00
0.000000000000000e+00
0.000000000000000e+00
2.408331956828269e-05
2.360311062754583e-05
0.000000000000000e+00
7.899080136072878e-05
6.076932494500364e-05
7.226813876812233e-05
4.092803371728848e-05
0.000000000000000e+00
0.000000000000000e+00
0.000000000000000e+00
0.000000000000000e+00
0.000000000000000e+00
0.000000000000000e+00
0.000000000000000e+00
0.000000000000000e+00
0.000000000000000e+00
0.000000000000000e+00
0.000000000000000e+00
0.000000000000000e+00
0.000000000000000e+00
0.000000000000000e+00
0.000000000000000e+00
0.000000000000000e+00
0.000000000000000e+00
0.000000000000000e+00
0.000000000000000e+00
0.000000000000000e+00
0.000000000000000e+00
0.000000000000000e+00
0.000000000000000e+00
0.000000000000000e+00
0.000000000000000e+00
0.000000000000000e+00
0.000000000000000e+00
0.000000000000000e+00
0.000000000000000e+00
0.000000000000000e+00
0.000000000000000e+00
0.000000000000000e+00
0.000000000000000e+00
0.000000000000000e+00
0.000000000000000e+00
0.000000000000000e+00
0.000000000000000e+00
0.000000000000000e+00
0.000000000000000e+00
0.000000000000000e+00
0.000000000000000e+00
0.000000000000000e+00
0.000000000000000e+00
0.000000000000000e+00
0.000000000000000e+00
0.000000000000000e+00
0.000000000000000e+00
0.000000000000000e+00
0.000000000000000e+00
0.000000000000000e+00
0.000000000000000e+00
0.000000000000000e+00
0.000000000000000e+00
0.000000000000000e+00
0.000000000000000e+00
0.000000000000000e+00
0.000000000000000e+00
0.000000000000000e+00
0.000000000000000e+00
0.000000000000000e+00
0.000000000000000e+00
0.000000000000000e+00
0.000000000000000e+00
0.000000000000000e+00
0.000000000000000e+00
0.000000000000000e+00
0.000000000000000e+00
0.000000000000000e+00
0.000000000000000e+00
0.000000000000000e+00
0.000000000000000e+00
0.000000000000000e+00
0.000000000000000e+00
0.000000000000000e+00
0.000000000000000e+00
0.000000000000000e+00
0.000000000000000e+00
0.000000000000000e+00
0.000000000000000e+00
0.000000000000000e+00
0.000000000000000e+00
0.000000000000000e+00
0.000000000000000e+00
0.000000000000000e+00
0.000000000000000e+00
0.000000000000000e+00
0.000000000000000e+00
0.000000000000000e+00
0.000000000000000e+00
0.000000000000000e+00
0.000000000000000e+00
0.000000000000000e+00
0.000000000000000e+00
8.249830545642434e-05
8.907506021427203e-05
9.304355917691409e-05
7.328854818972053e-05
7.535463680571897e-05
0.000000000000000e+00
0.000000000000000e+00
0.000000000000000e+00
0.000000000000000e+00
0.000000000000000e+00
0.000000000000000e+00
0.000000000000000e+00
0.000000000000000e+00
0.000000000000000e+00
0.000000000000000e+00
0.000000000000000e+00
0.000000000000000e+00
0.000000000000000e+00
0.000000000000000e+00
0.000000000000000e+00
0.000000000000000e+00
0.000000000000000e+00
0.000000000000000e+00
0.000000000000000e+00
0.000000000000000e+00
0.000000000000000e+00
0.000000000000000e+00
0.000000000000000e+00
0.000000000000000e+00
0.000000000000000e+00
0.000000000000000e+00
0.000000000000000e+00
0.000000000000000e+00
0.000000000000000e+00
0.000000000000000e+00
0.000000000000000e+00
0.000000000000000e+00
0.000000000000000e+00
0.000000000000000e+00
0.000000000000000e+00
0.000000000000000e+00
0.000000000000000e+00
0.000000000000000e+00
0.000000000000000e+00
0.000000000000000e+00
0.000000000000000e+00
0.000000000000000e+00
0.000000000000000e+00
0.000000000000000e+00
0.000000000000000e+00
0.000000000000000e+00
0.000000000000000e+00
0.000000000000000e+00
0.000000000000000e+00
0.000000000000000e+00
0.000000000000000e+00
6.321715215024115e-05
8.513325576858799e-05
7.290614802485385e-05
7.374609088220407e-05
9.390311889892478e-05
1.027593154690198e-04
9.413646659506281e-05
7.522862151504439e-05
5.795270347938586e-05
6.104364086578773e-05
4.108219671966618e-05
2.422511502148811e-05
0.000000000000000e+00
0.000000000000000e+00
0.000000000000000e+00
0.000000000000000e+00
0.000000000000000e+00
0.000000000000000e+00
0.000000000000000e+00
0.000000000000000e+00
0.000000000000000e+00
0.000000000000000e+00
0.000000000000000e+00
0.000000000000000e+00
0.000000000000000e+00
0.000000000000000e+00
0.000000000000000e+00
0.000000000000000e+00
0.000000000000000e+00
0.000000000000000e+00
0.000000000000000e+00
0.000000000000000e+00
0.000000000000000e+00
0.000000000000000e+00
0.000000000000000e+00
0.000000000000000e+00
0.000000000000000e+00
0.000000000000000e+00
0.000000000000000e+00
0.000000000000000e+00
0.000000000000000e+00
0.000000000000000e+00

nx  1  1102  double
4.633773349386260e-02
-4.096784857435422e-02
1.465585967584868e-02
-1.764781963693431e-02
-7.396811306853397e-02
7.971787700183951e-01
7.331526728343304e-01
7.276024183733207e-01
6.791664145870735e-01
6.786838815119520e-01
-4.026885638834888e-01
-3.432833500645681e-01
-3.687460536996584e-01
-3.001459955312405e-01
-4.147342251272969e-01
-4.981966661125869e-01
2.932680801056511e-01
2.768058878064812e-01
2.074373278250278e-01
2.332417970885378e-01
3.510507605629590e-01
1.908928729440807e-01
2.690186843466846e-01
-6.499919009082955e-01
-5.936368304041806e-01
-6.365617332294286e-01
-5.850884984117984e-01
-5.270013972408576e-01
-5.706374573455953e-01
-5.167294666897329e-01
-7.794453904295946e-01
-8.499918695571878e-01
-8.754503757785158e-01
-8.195260722278107e-01
-8.200052685813024e-01
-8.488901991263512e-01
8.894248550594881e-01
8.549083349457419e-01
8.761257064954282e-01
9.107177049352880e-01
9.299281963647559e-01
8.896096847306284e-01
9.044231864924942e-01
8.464139583323338e-01
8.520422986753260e-01
8.717449104245977e-01
8.385559979359909e-01
8.357752993004212e-01
9.025079633459888e-01
-2.717806545381250e-01
-2.284525162742315e-01
-3.113652120918627e-01
-1.943267497224873e-01
-2.645872218628050e-01
-3.469323228632077e-01
-3.919004215212932e-01
-2.836613487247250e-01
-1.995933144049546e-01
-2.265320512997746e-01
-3.416776653077415e-01
-4.792169799833217e-01
-4.997971902046320e-01
-5.551324166805069e-01
-4.228390767002312e-01
-4.568636576475201e-01
-3.997975429004116e-01
-2.501314337145905e-02
7.290782850374431e-03
-8.266980167296323e-02
-1.126361557631625e-01
1.427721098868647e-01
8.405969996602490e-02
1.769982862931341e-01
2.351056685459638e-01
4.988054760426317e-02
2.688444431103237e-01
-7.583525019279785e-01
-6.914254364505716e-01
-7.802345609523565e-01
-8.228067895801123e-01
-8.012679084021390e-01
-8.010426376162140e-01
-7.166692756670274e-01
-7.381530303943292e-01
-4.913541103154933e-01
-4.418260041425460e-01
-1.766681415709739e-01
-1.190728652595540e-01
-4.879546622647916e-01
-5.669553316867726e-01
-5.423268647065247e-01
-5.352808413536084e-01
-5.897831555317790e-01
-5.125140255204738e-01
-7.803776608610662e-01
-7.456771698986886e-01
-7.499881634831479e-01
-7.159927701378671e-01
-6.778976025247753e-01
-6.467233538316011e-01
-8.073804095796068e-01
-6.689593529791967e-01
-5.950373586322775e-01
-6.193206567301557e-01
-5.677101743148988e-01
-6.442567160300050e-01
9.224838142449046e-02
5.842651598010522e-02
1.519179682531001e-01
1.849342376608177e-01
2.107268460297262e-01
1.181309574970059e-01
1.254295297275942e-01
3.283680638779924e-02
-7.077662275425798e-01
-7.730921106277806e-01
-7.338581797593831e-01
-6.640969224175894e-01
-6.345837917524868e-01
-8.321340546760417e-01
-2.544713165458719e-01
-2.213038857097715e-01
-1.289539460202242e-01
-3.125192567227958e-01
-2.792556217480857e-01
2.911707222242741e-01
1.594385883244440e-02
1.084186486093668e-01
2.007263314241202e-01
7.431941962049647e-02
1.661327681770503e-01
7.110506221810917e-03
6.598013612499830e-02
-2.656781255471799e-02
1.579963252814084e-01
1.893365501926463e-01
3.998643474682807e-02
9.882439757114996e-02
3.905937801779796e-01
3.585652363370741e-01
3.253244676924666e-01
4.135961854454345e-01
3.801051316144644e-01
4.457039097868369e-01
4.982144398142279e-01
3.070405287745429e-01
2.173521023789132e-01
2.480851255481055e-01
-5.416382810785559e-01
-5.361617544207925e-01
-5.786701429990466e-01
-5.012501986100401e-01
-4.654719338181910e-01
6.331554649778075e-01
6.833009375845408e-01
6.104363360687765e-01
6.603136519986763e-01
5.807214775672483e-01
5.577753054340624e-01
-6.134959656342055e-01
-6.147237755404499e-01
-6.838012310557673e-01
-7.195690427805276e-01
-6.500908330731272e-01
3.060066699192286e-01
3.324693933547580e-01
2.782830046481805e-01
2.192499320394077e-01
2.478138500042061e-01
2.401603369921085e-01
3.257776916017684e-01
2.982176111065602e-01
3.898629649805307e-01
3.799126814772211e-01
4.216691021358316e-01
3.640595130126993e-01
4.475811238581113e-01
5.033385528865160e-01
3.367125702856551e-01
4.700731925384156e-01
5.258873484638000e-01
3.902698674053960e-01
-4.614091682099623e-01
-4.426577805003069e-01
-3.865263186884999e-01
-4.055280131162174e-01
-4.752365947349609e-01
-3.661024982565543e-01
-3.084410552421039e-01
4.783250695578342e-01
5.329870719313285e-01
5.055010729479373e-01
5.860023947828897e-01
4.508100902323439e-01
3.942130764402673e-01
-4.316636324956836e-01
-3.740609385972376e-01
-3.467287981387234e-01
-4.040799573317305e-01
7.699361518443970e-01
6.771782556598499e-01
7.120589516055875e-01
7.360683198600159e-01
7.441893794995817e-01
-3.843980587529262e-01
-3.009791670905995e-01
-3.362131391496518e-01
-2.500528170215132e-01
-4.201923574456793e-01
-2.515641560529892e-01
-3.297790763432157e-01
-2.722114508421405e-01
-1.971198697109817e-01
-2.958990411706394e-01
-6.118262241756787e-01
-5.543015795666678e-01
-5.348672461403914e-01
-7.911956335304015e-01
-7.216192114640256e-01
1.936008543357659e-01
1.584323502854001e-01
1.268696486852376e-01
2.884295032543912e-01
1.999696610674742e-01
1.109061478066938e-01
-5.051457090225588e-01
-4.687745905564280e-01
-4.283686465040558e-01
-4.760726558925243e-01
-4.322379586845544e-01
-5.018150991403508e-01
-5.384416164734397e-01
-7.407112126144092e-01
-7.847637414705695e-01
-7.783869738600229e-01
-8.153669052996741e-01
-8.517457969416564e-01
-8.214241978675549e-01
9.176862475614617e-01
9.062077661951917e-01
9.024065206821642e-01
9.302157197687628e-01
9.002367882159416e-01
4.216577622588135e-01
3.649584904114122e-01
3.341082916865868e-01
3.021154705008756e-01
2.438653244120232e-01
2.760452777176186e-01
-4.863351718991909e-01
-4.316643736127715e-01
-3.751413284330628e-01
-3.443201020959587e-01
-2.864422900280963e-01
-4.606025524222480e-01
-5.149717109213537e-01
-7.440107467951808e-01
-7.039303104200723e-01
-6.807295495182889e-01
-6.564742922150719e-01
-7.142765963099998e-01
-4.311568542426337e-01
-4.918714823526643e-01
-5.399482389208315e-01
-5.538761557046509e-01
-6.531662480765614e-01
-7.228334821883308e-01
-5.782796058254143e-01
-6.929716933085721e-02
-3.517812602154929e-02
2.439656655636747e-02
-9.675437585455877e-03
6.156801091803975e-01
5.465497986445274e-01
5.635751648455276e-01
6.265096107046465e-01
8.291082246700682e-01
7.660966617430532e-01
8.027644112124908e-01
7.746104006711236e-01
7.383680836361665e-01
8.290462712028106e-01
-6.176390380840319e-01
-5.884313545317782e-01
-5.384861461064401e-01
-5.077282872020986e-01
3.563026480054884e-01
4.135552395262234e-01
4.344163272529613e-01
4.911092110666614e-01
4.522472915181357e-01
5.095482616133623e-01
1.315786494357465e-01
9.721895563885478e-02
6.378417589324430e-02
2.757811363912379e-01
2.401463178525525e-01
1.871231334890930e-01
2.217854650664249e-01
1.524504083916361e-01
-4.555655509527155e-01
-4.234300872593810e-01
-3.687097356179432e-01
-4.006723661112082e-01
-3.900929517449848e-01
-3.355833468880960e-01
-6.941058227047550e-01
-6.771032244817442e-01
-6.080022128908170e-01
-6.605640676980178e-01
-6.293461269765023e-01
-7.278348761307656e-01
-1.191138887650856e-03
-6.071959955789629e-02
-9.476745229174509e-02
-1.876711940096102e-01
-1.534078024740381e-01
4.047651527388876e-02
-5.039261811534272e-02
-1.092597392014500e-01
-1.785279575515190e-02
-7.676238962834935e-02
-3.013870673496007e-01
-2.111783279504386e-01
-2.456253802418898e-01
-2.670221417193959e-01
-2.319900730349549e-01
-3.560667823173345e-01
-1.999569877281207e-01
-2.292402264843568e-01
-2.883941651707593e-01
-1.408221947329050e-01
-1.710665058849104e-01
-3.162090498800465e-01
-2.581495434313314e-01
6.358596924814994e-01
6.829987072113002e-01
6.087567284465770e-01
7.305544814719210e-01
7.082028776971534e-01
1.181168765512768e-01
1.707390780850278e-01
8.487595313735317e-02
3.087894916274005e-02
1.362390722673570e-01
2.196664990603849e-01
1.844455967783236e-01
3.109447527913865e-01
3.973468922007299e-01
2.567084165528611e-01
3.460705653329267e-01
-2.858161823595482e-01
-3.209187277808974e-01
-3.723370496490688e-01
-1.973904148427170e-01
-4.563233564242392e-01
-4.069777411456053e-01
1.475234189545727e-01
1.041153701706281e-01
5.237451397038486e-02
2.079530686669068e-02
6.938195486147276e-02
-1.284768201151337e-02
6.052440619894791e-01
6.767879610778641e-01
5.617819939764777e-01
6.383821250959727e-01
6.698694194563142e-01
7.083266750658904e-01
-5.102014940504516e-02
-8.487915414550025e-02
-1.419354535270970e-01
-1.076445606484753e-01
1.594780716635832e-01
1.321416013251951e-01
7.566380679251365e-02
-9.569068011628922e-03
2.205219449563141e-02
1.052418633769289e-01
-1.684984989009650e-01
-2.277976719108199e-01
-2.585870905940907e-01
-3.174817297630143e-01
4.659132046915267e-01
4.406919759027479e-01
4.008937874697809e-01
4.611028838832189e-01
3.798388772546535e-01
4.090430829058249e-01
5.045199976611896e-01
6.094867708711880e-01
6.427051305322636e-01
5.705222504790660e-01
4.921986791100922e-01
5.329928515803529e-01
4.565703140388027e-01
-6.417386993004434e-01
-7.105718597724751e-01
-7.733933296790262e-01
-8.132382246422746e-01
-7.562495485715512e-01
-6.916732559701294e-01
6.555724341813676e-01
6.261061858185786e-01
7.269241304859275e-01
6.996669279295713e-01
7.913752143234841e-01
7.511093719825399e-01
-1.283095590692503e-01
-2.150309828524959e-01
-1.800823635516859e-01
-1.624558619954832e-01
5.583048801745782e-01
4.767453031625840e-01
5.291711615918487e-01
5.795225437353638e-01
-4.352687598984604e-02
-1.956430607535795e-01
-1.625695885567609e-01
-1.362257970434096e-01
-1.029732450289833e-01
1.609962102316178e-01
1.302205315179848e-01
7.216324560613183e-02
1.892809235250089e-01
1.025581530812096e-01
2.744194070195207e-01
2.174816744342977e-01
3.266378999675306e-01
3.748933004184421e-01
3.819084492711470e-01
4.189032562200529e-01
3.380626035679001e-01
6.517522172496489e-01
6.003102993534527e-01
6.689703235433569e-01
7.749814858604962e-01
7.187682165308483e-01
7.016639623099563e-01
2.549623352459305e-01
2.912777586710052e-01
3.030380646962024e-01
2.052226421592044e-01
5.484103162135751e-01
5.949155300531307e-01
5.158220139724052e-01
4.321974890086172e-01
4.657732080731207e-01
-5.636497637079213e-02
-8.550105549776134e-02
-1.685532851136801e-01
-1.426716316386339e-01
-6.776170979899332e-04
-3.166518555713330e-02
-1.133446691680409e-01
5.274812898702533e-01
4.819953270868916e-01
4.471113416600945e-01
4.108147229954099e-01
3.625764772904120e-01
-5.576049297355976e-01
-6.036144498064805e-01
-5.249156303009889e-01
-5.704956289561212e-01
-4.753293644101392e-01
-1.131187470620554e-01
-6.232297705235880e-02
-1.461902715670204e-01
-1.588090312659445e-01
-8.062649208199257e-02
-3.141544451775764e-02
-9.449571721072342e-02
-3.096355543457284e-01
-3.552914178010706e-01
-2.392508940171686e-01
-2.024820089339244e-01
-2.789674411136230e-01
-1.599867664539411e-01
-1.624729395434905e-01
-2.153230645637768e-01
-2.180289775420543e-01
-2.733126126122217e-01
-8.749372866963986e-02
-2.360314803324331e-01
1.280737652867901e-01
7.590524607844069e-02
4.978016317646614e-02
-1.266765550681384e-04
8.090563375168420e-01
8.170119397438788e-01
7.647175477243129e-01
7.929972215828641e-01
7.488447232144831e-01
1.257629522808278e-01
1.693115178798119e-01
1.965381664781675e-01
9.419981501249151e-02
1.123453536413084e-01
-5.938961512556190e-01
-5.854992453827388e-01
-6.431602008188054e-01
-5.782578990292295e-01
-6.514109701329147e-01
-6.083167152558430e-01
-9.255899474749870e-01
-8.977773777626576e-01
-8.984318446108587e-01
-9.230508147985401e-01
-9.227143056375682e-01
-9.056316086370274e-01
-9.048630282399351e-01
-8.874263084916577e-01
-9.157465475205834e-01
-8.981861267346769e-01
-8.347493190793681e-01
-8.078501986597891e-01
-8.564641208501951e-01
-8.727828077751457e-01
-8.821536106204168e-02
-5.033397005184863e-02
-1.274467179063130e-01
-1.626228955607157e-01
-1.566812653649315e-01
8.365565887267461e-01
8.654129949430512e-01
8.363543245756777e-01
8.612701038325880e-01
8.013530714177989e-01
-8.706212331680299e-01
-1.070768474237583e+00
-4.368071370371869e-01
-4.508935364253011e-01
-1.098948182113737e+00
1.086693674368962e-01
8.700790254348567e-01
8.318409729046489e-01
8.541117225094972e-01
8.156267636017240e-01
7.738364463676065e-01
5.560157032598020e-01
5.244113933430876e-01
5.812716895811456e-01
6.260628762714188e-01
6.344979283717291e-01
6.881366492504957e-01
-2.301095945378927e-01
-1.209820275961460e-01
-2.443531826534174e-01
-3.326379137131318e-01
-1.553232793362382e-01
-4.917671296688425e-01
-4.312869461668402e-01
-6.520411147198103e-01
-5.755935084826201e-01
-2.531848718447177e-01
-2.851051285982937e-01
6.667756570187264e-02
9.093931017348951e-02
2.378847372496181e-02
5.346826689507164e-02
-1.819783794302690e-02
2.343289257845137e-02
-7.440825657963498e-01
-7.929546946091022e-01
-7.514669876741771e-01
-7.004321786133733e-01
-6.819404550372392e-01
-6.998905127634413e-01
1.623523472841757e-02
1.789504095004534e-02
-4.372729938905281e-03
-4.997781235728891e-03
2.306633611645088e-03
-4.031904056907737e-03
1.838922044212220e-03
2.070185625187236e-03
-1.197289758697535e-01
-9.040844497975913e-02
-5.997748270272199e-02
-1.412034856834352e-01
-5.106489524158579e-02
-8.753170016475643e-01
-8.377731059143458e-01
-8.608081493477778e-01
-8.705420760910337e-01
-8.491683799071462e-01
-8.530310511951407e-01
-9.014159274526441e-01
-9.153714586528321e-01
-8.874201054795239e-01
-1.113289667953601e+00
5.749973163016937e-01
6.255813245134590e-01
5.744975981095486e-01
5.181428091272274e-01
6.797889377556910e-01
-3.437650846239724e-01
-4.222098208444689e-01
-4.063335236455563e-01
-4.759403412464806e-01
-3.535470693392889e-01
-1.039911463527766e+00
-1.001726695413885e+00
-4.233382411540413e-01
-8.215908085558853e-01
-7.873072322482897e-01
-4.669615271663313e-01
-1.127304931026536e+00
-1.127498694786209e+00
-4.641566543541311e-01
-1.126609343860979e+00
1.084213870711433e+00
4.479287712367708e-01
1.059171079184718e+00
8.563960735127411e-01
8.776181930120596e-01
-4.668488808454618e-01
-1.113259949877796e+00
-4.575445352547229e-01
1.124130553201805e-01
1.372036200122827e-01
3.739937819263280e-01
4.582174349381642e-01
1.716460310052047e-01
3.315181853090428e-01
2.390412903518832e-01
5.389581918298602e-01
2.086555489853716e-01
6.148108352640440e-01
2.701540339441168e-01
-6.272058465399313e-02
3.017759852407514e-01
7.562389702130393e-01
3.253240517541500e-01
-7.598953861408261e-02
-6.986643705811144e-02
-9.067636875490346e-01
-3.636911143024381e-01
-7.522433008396604e-01
-8.508248960318343e-01
-9.560834698421278e-01
-3.403841680506640e-01
6.516066099351978e-02
2.017420324189746e-01
1.009601481845641e-01
2.882555067478817e-01
2.855108061772501e-02
1.379199331964516e-01
3.745872354153588e-01
1.020722473075200e+00
7.677304764613319e-01
8.080797574522905e-01
9.810786539024726e-01
-2.230595019282157e-01
-4.964658792362905e-01
-1.895332185427875e-01
5.805934160799430e-02
5.036825735168440e-02
-4.041531193876437e-01
-3.871592034800787e-01
9.595870441130314e-02
9.271855672199318e-02
1.024124558011745e-01
-2.231779896071980e-01
-2.551680663929060e-01
-2.835189471248049e-01
-1.908311152755057e-01
5.821819974226346e-02
6.623879778053630e-02
6.490108783809982e-02
2.720100379657862e-02
1.021257712615373e-01
-2.043903727365914e-02
-1.135630165596279e-02
3.837337002119817e-03
-4.151415036637622e-01
-1.540513812752187e-01
-3.676002846529322e-01
-2.970695170815174e-01
-3.300625310248110e-01
1.054460276225518e+00
1.023318455946983e+00
4.299329978497016e-01
-1.002457718819860e+00
-7.848728097228979e-01
-7.462231135573303e-01
-9.590226660973734e-01
-4.223984462847217e-01
-1.042178435933747e+00
1.106349967994728e+00
8.809794434421138e-01
1.084433209057482e+00
4.521382913268046e-01
4.522421363677906e-01
9.344189956579145e-01
7.684869240112577e-01
8.033141026679949e-01
8.045856972444119e-01
7.662090033119793e-01
7.284478795825720e-01
1.129585408008623e+00
1.126177308333815e+00
1.122351921491913e+00
4.666987087770656e-01
4.656100672866004e-01
4.610225322336677e-01
-1.148714050366473e-01
-1.125363040268268e-01
-6.614000812136814e-01
-8.501735184363695e-01
-7.066909002531426e-01
-9.094585329249003e-01
-1.710751132991939e-02
2.244883090460164e-02
2.124339836052258e-02
5.312993805761303e-02
4.455376923536947e-01
4.024721945296874e-01
3.745360679726359e-01
3.312729830972980e-01
4.576143830934860e-01
1.718106826876959e-01
2.060710127501552e-01
-8.692368220724650e-01
-1.097217662251386e+00
-8.835625143999120e-01
-8.474263484994821e-01
-1.072229338320234e+00
-4.523076785142849e-01
8.211977849835095e-01
6.831732834364964e-01
7.242247106858474e-01
7.285138228589352e-01
7.746356623554729e-01
8.819949046418192e-01
6.339807552045571e-01
5.785754449787667e-01
6.290407015266201e-01
6.717873885333985e-01
7.594173923380796e-01
6.879021693782481e-01
5.110639549019127e-01
4.602772870270275e-01
5.263974898268254e-01
5.392338024539488e-01
6.157708314394235e-01
2.405397021780706e-01
2.694663412617026e-01
1.107285565783833e+00
1.119268537504897e+00
8.964705382739078e-01
8.682577455988167e-01
9.201104628377551e-01
4.620841913628336e-01
7.352979350987038e-02
-1.700734179514487e-02
-1.533272714987973e-02
4.243935827166992e-03
4.604246823807480e-03
-2.178226843786374e-03
-1.946705814173928e-03
-9.848171998248513e-02
-1.036343955064025e-01
2.432881399477939e-02
3.937543199382169e-01
9.808970417448423e-01
4.156285865574465e-01
2.377802375534644e-02
-9.486801448301690e-02
1.100970146700355e-01
-2.710559653662874e-02
-2.627312849796944e-02
1.050697374667281e-01
-4.368487114661044e-01
9.271028616608221e-02
9.595535410336344e-02
-3.647223694457110e-01
-3.869793360233028e-01
-4.037462825497942e-01
1.017353227019035e-01
1.436024889947433e-02
-5.429316970360281e-02
1.241295189795693e-02
-3.430414251349546e-03
-3.010437868762597e-03
1.580887234456216e-03
-7.170068903998720e-03
3.322299023073380e-02
1.576021025006271e-02
-5.011116297990914e-03
2.516985952504219e-02
-8.291189690869318e-02
-2.764106985845159e-02
1.127799408101259e-01
-2.799618153271170e-02
7.142260750309304e-03
-3.543867212702260e-03
-3.535868510254696e-03
3.845742734719262e-03
-1.992114681676896e-02
6.070851071390268e-03
8.337925202387169e-03
-3.753496767352699e-02
-2.943293169730011e-02
1.717869730028681e-03
-1.158120341801037e-02
-5.675161944413242e-04
-2.215691529327169e-03
-1.494700715070987e-04
-7.220522562077468e-04
2.138005972993720e-04
1.064911519695475e-01
-2.525203859671528e-02
-2.430710607150350e-02
6.547837814819617e-03
-3.104538305055475e-03
-3.258563943629539e-03
-2.776272002739550e-03
1.563225243023416e-03
-9.219889082885144e-04
4.329496021772511e-04
1.029880294214228e-03
-3.611486988326501e-04
-6.378626527245856e-04
2.624019015525989e-02
-1.051140796868368e-01
2.620894704842666e-02
2.764843446432842e-02
-1.124833206850076e-01
-1.102814537427524e-01
2.733234245502803e-02
-4.699712524024386e-02
1.039627513052783e-02
-3.767252415094621e-02
-2.965979169288232e-02
8.216463326174692e-03
-1.538544980745736e-02
-1.323879789936006e-02
3.764727740414188e-03
-1.719756221974883e-03
4.123365792974580e-03
-1.939644875543922e-03
1.995681412355944e-02
-7.729695570954354e-02
3.004957955525933e-01
3.281823765001801e-01
-7.007440832422702e-02
1.146774401229688e-01
-4.686988661225302e-01
-2.787055002724764e-02
1.142144883310085e-01
-8.863696109296854e-03
6.944990155942436e-03
-2.261353410582014e-03
-4.715284003638053e-02
-6.704873676820310e-02
7.296364022088817e-02
8.053580817623793e-02
8.530446771389781e-02
-3.117945867196352e-01
-4.578361129163772e-01
1.141770081677387e-01
1.114721885599878e-01
6.977044644698804e-03
-3.407882901576976e-03
3.541426819559974e-01
3.742665807205026e-01
-9.525660021063172e-02
3.980262704626396e-01
9.327929705130837e-01
-8.908987737776977e-02
1.149542689500089e-01
-2.780330357308501e-02
-2.802049194749002e-02
7.291095833081292e-03
7.396685153208648e-03
-3.626171748993738e-03
7.214001773114344e-03
-3.610090081853938e-03
4.262218548041466e-02
-9.354226938962101e-03
2.177481671953988e-03
2.648907546726744e-03
-1.186768964683854e-03
-9.865164587595211e-02
-1.045243576976059e-01
4.159279766447609e-01
4.317550868565158e-01
-1.073560934336615e-01
2.512001935575081e-02
2.593749747619723e-02
8.661509927141263e-02
-3.459786731721463e-01
-7.903464786872819e-01
-3.148822083965541e-01
7.877704655850018e-02
-9.894181965619154e-03
-4.570360455573917e-02
-1.551968451741598e-01
-6.842293042161154e-02
6.806116438654021e-03
3.768771328979563e-01
-8.989207534597327e-02
3.596349871946546e-01
8.799881125723626e-01
8.189086277897694e-01
-8.192706245812381e-02
6.464239512062860e-01
7.182316115229503e-01
7.055275551071896e-01
6.839554588019786e-01
-1.134819407344362e-01
-1.154144652158476e-01
4.650882081381337e-01
-1.132746174622826e-01
2.789973515796257e-02
-6.218004252449340e-02
-5.455830976057989e-02
1.433081292697092e-02
6.639125340147275e-03
6.943567993630585e-03
-3.333760048910860e-03
-2.668680600088811e-02
-2.649528998459216e-02
7.185072238830351e-03
-3.488475124634480e-03
4.729113130174917e-03
-2.182533993896036e-03
4.998886014109684e-03
-2.395053647138956e-03
-2.600795317049777e-03
-1.700747126977925e-02
-2.029782972460978e-02
-1.895677689101979e-02
5.744127027717313e-03
-2.958215305008727e-03
-2.197654285101372e-02
-2.311670626404255e-02
5.555805784459754e-03
-2.781610105974660e-03
-6.748011378934634e-03
-7.042593024638432e-03
3.394885103640720e-03
-7.060678689767222e-03
3.479897548789046e-03
3.535941260401900e-03
7.321838508399965e-03
-3.566867641896129e-03
-2.757792006615811e-02
7.010887235431116e-03
-3.433052845379126e-03
-3.541231554746292e-03
-6.102542428910909e-03
3.070667857446128e-03
2.264613708834888e-02
2.350752466388352e-02
-5.638498498748552e-03
2.900511431519011e-03
6.117144475399263e-03
-2.991257040017651e-03
5.398091666592618e-03
-2.791473330540802e-03
-2.204551203001771e-02
-2.306316083885014e-02
5.958097319546320e-03
-5.212616927746227e-03
2.686507260212145e-03
2.517685806734565e-03
2.096704689414575e-02
2.261195360726247e-02
-5.720486286499581e-03
2.902539268995504e-03
6.359728831946852e-03
-3.104029550040071e-03
-3.240536900605836e-03
-2.518347884099235e-02
-2.439233485157228e-02
6.262559631076497e-03
6.805834596209872e-03
-2.396723523861782e-03
1.037846585900700e-03
-1.838492734646022e-03
-1.305394227990633e-03
7.755606935761958e-04
5.007490777631096e-04
2.137208635722108e-03
1.582573617652100e-03
-9.150889077644486e-04
-9.072347464030310e-03
-7.228381816022027e-03
-6.380392852928428e-04
-1.203973657785222e-03
-6.947803367558708e-03
3.513989110586835e-03
-1.093666738965894e-01
2.652793854850585e-02
2.723579960147737e-02
4.537704854153572e-01
-7.387774368493027e-03
3.602267584353682e-03
-7.245568402388324e-03
3.533392277460105e-03
2.755940515902403e-02
-7.165124059170915e-03
4.218098197774610e-01
3.454678957613468e-01
2.664456824416317e-01
3.769393724733296e-01
3.138592829103849e-01
-6.357072600708715e-03
-6.642081830644484e-03
3.226788389238884e-03
3.024017822897076e-03
-5.991381833951898e-03
3.283170135087792e-03
2.712279900533564e-03
-1.139836208924408e-02
4.224501470010206e-02
3.173537082783381e-03
-1.441108026151753e-03
2.796106754518247e-02
-7.214420017083964e-03
2.787505434845683e-02
3.582371252417912e-03
3.596731763943716e-03
-7.319604721632277e-03
-6.932504378310688e-03
-6.556689631156777e-03
-6.344458615047624e-03
3.166805772428873e-03
3.402397288091928e-03
3.336078879745315e-03
-1.320401510404889e-03
6.132139605167741e-03
-1.874805710708811e-03
-2.383732281255119e-03
1.043480742791638e-03
7.907018705143811e-04
1.334806068514350e-03
3.660107815032626e-03
3.262483483805695e-03
-1.339054508174311e-02
-1.143238625097059e-02
5.008521543190982e-02
-1.704257817226106e-03
-1.458039769149375e-03
1.631000442182790e-02
-4.036110093022884e-03
-4.355898083661124e-03
1.790177171687516e-02
1.846432271059652e-03
2.066577081876199e-03
2.283464005076652e-03
-3.435721160656637e-03
-2.985834566886575e-03
1.244447609333344e-02
-4.659216071954285e-02
1.020406152743161e-02
1.582834003081560e-03
1.331389882702901e-03
5.643054866448537e-01
5.325438571330936e-01
5.967430947235260e-01
4.870949558687488e-01
4.596456286021243e-01
4.960017104686472e-01
5.754047099764324e-01
2.291307010762574e-01
2.350629085977004e-01
3.024429446942983e-01
2.659007138118438e-01
-2.450088127047399e-01
-8.534547204484512e-02
-1.192925959055686e-01
-4.910917045836026e-03
2.442464859259780e-02
1.598587728251221e-02
3.351239951488134e-02
1.955352267525539e-02
-5.293219098517659e-03
2.124264154250843e-02
-8.410750688981955e-02
2.675260272860532e-03
-4.937327193194808e-03
2.532639235907175e-03
-2.011146285948872e-02
5.151081566273335e-03
-1.908411891208363e-02
-2.601360015625062e-03
-2.405953338490289e-03
4.402924709093060e-04
-2.770240475994645e-03
-7.062758394010436e-05
-3.614393561097237e-04
1.017251978950563e-03
-1.464751929273837e-04
-5.756195489240574e-04
-7.111414335935100e-04
1.679419607846202e-03
2.086284840876631e-04
5.020797027559592e-04
-6.883131240380293e-05

ny  1  1102  double
-6.643940672854104e-01
-6.530744866482563e-01
-5.937022934131589e-01
-5.176851937812390e-01
-5.808501247903004e-01
-4.539073736021901e-01
-4.418660767866529e-01
-5.039778855389817e-01
-5.039409364706626e-01
-5.598557525517488e-01
-8.189342742082804e-01
-8.645567135478617e-01
-8.279103098680785e-01
-8.521627147837612e-01
-1.047895106966811e+00
-1.013111939218461e+00
-8.688670088947984e-01
-8.051741024055389e-01
-8.406409500852079e-01
-8.968758475119057e-01
-8.002471935131081e-01
-7.963634205762498e-01
-8.663407052670924e-01
6.469430953415447e-01
7.021419898043461e-01
5.717451628087841e-01
6.265160827645703e-01
6.865215203670408e-01
5.679153483546349e-01
6.288898244438611e-01
-3.970748901123570e-01
-3.651375405337325e-01
-2.954463111741161e-01
-4.342076360112316e-01
-3.848261351644872e-01
-3.172191633896342e-01
2.486974619594743e-01
1.813012591627783e-01
1.062475645884454e-01
1.790245541364854e-01
1.134552861530572e-01
1.444948545494223e-01
-1.795899822584102e-01
-1.744952843676316e-01
-2.408136873430655e-01
-3.172653215890577e-01
-3.811092069217364e-01
-3.505479451429954e-01
-2.556457864094805e-01
-7.881925657757266e-01
-7.433260770320048e-01
-7.261279416602541e-01
-8.053425167966097e-01
-6.787196802324460e-01
-6.609948506480258e-01
-7.075386173897021e-01
6.193075707196788e-01
6.122209194897761e-01
6.803411826225261e-01
5.559548461179844e-01
4.961914724845746e-01
5.643593359358052e-01
4.995979731940363e-01
5.614878302629426e-01
4.219469312570463e-01
4.897615145533513e-01
5.922083227782398e-01
5.163272511151503e-01
5.285028999352908e-01
6.034105247718968e-01
1.822622204691194e-01
1.097287558213023e-01
9.471552710180847e-02
1.669076850733602e-01
1.974848233036100e-01
7.947546014141965e-02
6.702330643937734e-03
-6.533852324089363e-03
8.594623067990424e-02
1.767196926996187e-02
-5.883890678242601e-02
1.613580942923122e-01
7.335467179379318e-02
1.528170267069667e-01
-3.550150793461315e-01
-2.904396010376011e-01
-3.402472712316759e-01
-2.708063837145388e-01
2.732914683858203e-01
2.827089434100548e-01
2.026201310094172e-01
4.280138647943595e-01
3.595265971778572e-01
3.528497999202477e-01
-2.760300770454606e-01
-2.169290000734384e-01
-3.533212423790351e-01
-2.967234012537636e-01
-2.365252225739086e-01
-3.164724613975959e-01
-3.224743595127615e-01
1.423564441936705e-01
1.318080403845024e-01
2.119428605299556e-01
4.860984091746406e-02
6.159439935453354e-02
-1.408642532972808e-01
-5.246131888201613e-02
-6.707851530298223e-02
-1.547561880051960e-01
6.219446612710744e-03
2.125013331480437e-02
-2.276280897603564e-01
-2.136031864778109e-01
-1.552147778568452e-01
-1.386407429205122e-01
-7.469176940403369e-02
-8.903911481118895e-02
-1.717480886688171e-01
-1.211292662348763e-01
7.982745369603139e-02
-7.935847381714248e-03
-2.281433586588676e-02
6.592454319005266e-03
-8.108111598281723e-02
2.378308909049565e-01
2.840113234522917e-01
2.693252468582668e-01
2.539013220352420e-01
3.541917444797270e-01
3.388619441106879e-01
-3.699697000453093e-01
-2.998011770459716e-01
-2.856196647643615e-01
-3.130057408065384e-01
-3.955479899396638e-01
-4.520168775196718e-01
-3.831779260583332e-01
-2.282073679364689e-02
6.414284758218688e-02
1.512223917976414e-01
1.354003348747536e-01
2.215011790513492e-01
4.930076873781598e-02
1.194817516471838e-01
-2.534566853238767e-01
-2.409898970882679e-01
-3.251192874127514e-01
-5.483891029881399e-01
-4.165921102125046e-01
-4.727594563498181e-01
-4.947163101630075e-01
-5.698423234532100e-01
-2.922737355482602e-01
-2.236889989736141e-01
-2.144199686370441e-01
-1.443123958087208e-01
-3.615136568139811e-01
-2.852975440969893e-01
-3.964344575751735e-01
-5.273226179571733e-01
-3.752275294936124e-01
-4.289993813479422e-01
-4.506449459311594e-01
-4.843838193293781e-01
-5.574794396962780e-01
-4.065108719367524e-01
-4.748438260729069e-01
-5.507071427044633e-01
-7.486051264858767e-01
-7.524584882880350e-01
-6.844630125106894e-01
-7.502872527428208e-01
-6.882573836414629e-01
-3.462061667108129e-01
-4.159454180901457e-01
-4.241480125118679e-01
-3.550821510041798e-01
-3.363398843192274e-01
-4.978842018553400e-01
-4.305304514490676e-01
-4.920922291320007e-01
6.880545068460229e-01
6.278729327786554e-01
6.868389897903089e-01
7.414833158629783e-01
7.346808922433989e-01
6.249935491424757e-01
6.845970405870023e-01
-2.751230929534698e-01
-2.041611586674653e-01
-1.213003959347504e-01
-1.336083315103769e-01
-1.935371265919787e-01
-2.651777893178847e-01
3.442823283700466e-01
4.142189744809909e-01
3.342727714602555e-01
2.632898898601764e-01
4.047784059882467e-01
4.983258663074906e-01
4.284834587765098e-01
4.722755989486213e-01
3.543305355908043e-01
-5.893526874697351e-01
-6.072555401748172e-01
-5.329916212955159e-01
-5.504835081876105e-01
-5.138129202710924e-01
7.408381420209983e-01
7.451843097138894e-01
7.971597418401698e-01
7.956274052790964e-01
8.297197728949970e-01
6.730441094094349e-01
7.173272180059718e-01
7.524145478331853e-01
8.053115492931900e-01
8.654926616098974e-01
-8.858286739036768e-01
-9.039147536060189e-01
-8.967059738420126e-01
-1.092530778076624e+00
-1.110365351059153e+00
-1.122554100084237e+00
-6.190173701574664e-01
-6.884487145333175e-01
-6.403805521305604e-01
-7.919163260776262e-01
-7.450708075881497e-01
-7.198993994907142e-01
-6.647762246634997e-01
4.296635955362171e-01
3.687262604282907e-01
4.862071452572885e-01
4.260287526522514e-01
3.582019231781263e-01
3.035477397206131e-01
3.605012958717707e-02
1.797238462150624e-03
7.022910737133536e-02
-3.885377616468809e-02
-7.372781083251079e-02
-1.087386465047350e-01
-1.808980297563769e-01
-9.537115629987340e-02
-8.141777887028037e-03
-8.137885931195313e-02
-1.685149360689273e-01
3.499328914796231e-02
1.072224979710112e-01
1.792461756560312e-01
9.354359006018857e-02
1.666817471764370e-01
1.913613203172672e-01
1.193506579740853e-01
5.496027667837082e-01
5.634915220921183e-01
5.737804569323326e-01
6.204476937344285e-01
6.109560900912752e-01
-8.006844776106466e-01
-7.568695423300309e-01
-7.622121019146589e-01
-7.157289909897830e-01
-9.219580668965585e-01
-8.651263049687350e-01
-9.667269739214607e-01
5.087855208674289e-02
-3.766473553758846e-02
3.597127338732610e-02
1.246126708263499e-01
-5.040171284445615e-01
-5.021278956443586e-01
-5.692259209506795e-01
-5.662732551066588e-01
1.220254714060154e-01
1.367018159654271e-01
1.991088461857396e-01
2.772524058356658e-01
2.167816174304150e-01
2.582089758299138e-01
-2.181420314307600e-02
-1.051021692545882e-01
-3.533411171407775e-02
-1.208750755488076e-01
-6.273982210389764e-01
-5.635633666200965e-01
-6.293751581986733e-01
-5.669460898385787e-01
-6.921877559429449e-01
-6.299620082562294e-01
4.223607433587435e-01
5.023733175550017e-01
5.795886100837486e-01
4.706917531043828e-01
5.495113966594128e-01
4.873650686892595e-01
4.068318392367395e-01
5.652070550066761e-01
-5.089109970008888e-02
-1.368043041309936e-01
-6.553786415241460e-02
2.106475242827675e-02
-2.227596204586030e-01
-1.527437248806649e-01
5.082077933552729e-01
4.382497444805040e-01
4.332971225066247e-01
3.639688162532657e-01
5.013664938252643e-01
3.668125261956919e-01
-1.261809643093225e-01
-1.990255650737406e-01
-1.113983563328587e-01
-9.620535722521290e-02
-1.838404526054430e-01
4.369973764843542e-01
4.504139168582691e-01
3.815448323488478e-01
3.683802942517992e-01
2.981963060618120e-01
-2.391119662471886e-01
-2.553531741283981e-01
-1.683823351552839e-01
-3.243801278817761e-01
-4.080579335074472e-01
-3.076559464622529e-01
3.937861513807152e-01
4.730755867771282e-01
4.045970982664612e-01
4.626573504692331e-01
5.394371229925624e-01
4.824798450853545e-01
5.487859970458606e-01
-6.305537128291548e-02
4.944703550324820e-03
2.019394440715790e-02
-1.548721199243392e-01
-7.538184548002948e-02
6.385179311579962e-01
6.939312040994998e-01
7.079075873357814e-01
6.516907137249690e-01
7.581732798216738e-01
7.433499705623371e-01
8.039792570510644e-01
3.899960517428281e-01
3.725289954997682e-01
3.230599424007742e-01
3.063625383501666e-01
-4.718190420644246e-01
-3.910181041352646e-01
-4.547257018931508e-01
-4.884389632537737e-01
-4.358071233358036e-01
-3.734567079530660e-01
8.576541716198040e-01
8.172217422764021e-01
7.704881224119474e-01
8.283495358610912e-01
8.650116822637327e-01
8.724624674100991e-01
3.954700539325668e-01
3.751586505439824e-01
3.354090714534900e-01
3.161360039761916e-01
2.355091563456461e-01
2.963327593776567e-01
-4.384368075228802e-01
-3.556655655398546e-01
-4.237133846080264e-01
-5.037649639195613e-01
-7.389070438662183e-01
-6.742361098243528e-01
-7.314255304748043e-01
-7.212535554187608e-01
-7.815727101258613e-01
-7.901995264524584e-01
3.111811582058087e-01
2.391849658438136e-01
3.234732611481087e-01
2.517154657244359e-01
-7.389502463527924e-01
-8.151646576459155e-01
-8.091209862848810e-01
-7.776777553035864e-01
-8.573009188621730e-01
-7.762673361851108e-01
-7.836739630989455e-01
5.271826387193773e-01
4.503827309822040e-01
4.724276413695233e-01
4.942688308194599e-01
5.475244460176452e-01
5.694529539379111e-01
2.904663688325002e-01
2.960977733062007e-01
3.018903708567535e-01
2.362072429667464e-01
2.282326399506922e-01
2.217415631764254e-01
8.795146934476725e-02
1.706267501205004e-01
7.300799240555499e-02
1.543158293649710e-01
5.793805301174707e-02
-7.033435125799547e-03
-6.395429043493981e-01
-6.243328787633668e-01
-6.948655924817508e-01
-5.663158832250296e-01
-5.041558669795278e-02
-3.656688459780376e-02
3.399972509708168e-02
1.036988808679545e-01
2.119060060015665e-01
1.531132571371048e-01
6.535781588540233e-02
2.260242556982769e-01
1.391355996158345e-01
-5.410879702898949e-01
-4.643332989196816e-01
-5.301141463472316e-01
-6.136717467250936e-01
-6.049717996028092e-01
-6.212862658043560e-01
-6.821138519566355e-01
5.323593369368662e-01
5.887546242020375e-01
7.087622240163166e-01
6.407262712452055e-01
6.607226155666979e-01
-3.682153528503884e-01
-4.356775289007871e-01
-4.373929102849139e-01
-3.776537459232369e-01
-3.711648684430951e-01
-2.991144040070057e-01
6.783233753177377e-01
6.066524038984485e-01
7.263031889636697e-01
6.234627024647017e-01
1.880235779660649e-01
2.536099594346014e-01
2.715542356504851e-01
2.893221564753697e-01
2.046040269505336e-01
6.630920293912487e-01
7.299102467176131e-01
7.364165168585679e-01
6.722319452380574e-01
7.198110696811097e-01
7.803373330384697e-01
7.879503285623038e-01
4.158783528903245e-01
3.542220087227764e-01
4.349075046474593e-01
5.133105264916499e-01
4.537616471334798e-01
-1.891073579718510e-01
-2.544425670699490e-01
-2.726836207260036e-01
-3.361295286517543e-01
-2.057694061187069e-01
-8.187053823964502e-01
-7.716270871333583e-01
-7.591494077192019e-01
-8.554435046992843e-01
-8.661219906870549e-01
-8.285180244613998e-01
-7.088681117412525e-01
-8.168352367041093e-01
-7.667115145825507e-01
-8.401169798345987e-01
-9.023154826276898e-01
-8.828368633352820e-01
8.926807022484470e-01
8.913413631075701e-01
9.090790600028755e-01
8.441203943806334e-01
8.869603036649494e-01
8.974930033213597e-01
8.706610434562891e-01
-8.447631696701209e-01
-8.769579129405097e-01
-8.375975658392784e-01
-8.737263442836396e-01
-2.369239106933019e-01
-3.067931770766082e-01
-3.030397213036060e-01
-1.622382935340250e-01
-2.300741870762385e-01
8.978859388981049e-01
9.088962685590855e-01
8.828858440983205e-01
9.178328184947238e-01
1.123737588306633e+00
-6.372246375215871e-01
-7.074844928098407e-01
-5.780563213461724e-01
-5.962087369386360e-01
-6.540879226055110e-01
-6.747436210172788e-01
7.328256967745145e-02
1.084180939361881e-01
-1.088914252764833e-01
-7.170793795852587e-02
-2.460775349082393e-03
-3.518064513598657e-02
3.500099109840325e-02
-1.774412467904607e-01
-1.497372915267834e-01
-2.224893174998480e-01
-2.482846849973686e-01
-1.985376363864600e-01
-1.748488770172039e-01
-1.126734140556872e-01
-9.019770995041545e-01
-9.228105165433632e-01
-9.153752292905120e-01
-8.914383628421136e-01
-1.119526612057042e+00
3.916967357876790e-01
3.216926131928024e-01
3.510839929030228e-01
2.839728060481170e-01
3.321188833432698e-01
-2.508763111923453e-01
-3.526748779652227e-01
-1.639572691425511e-01
-1.281651046489625e-01
-2.671126769751704e-01
3.575117649073484e-02
-3.251745580648134e-02
-9.601278026482848e-02
4.350362928375711e-02
-2.298214209836823e-02
-8.814651118432384e-02
-7.349809956084846e-01
-7.376694773113662e-01
-6.959684630581243e-01
-6.859511936320204e-01
-6.454777215834758e-01
-8.952590101331426e-01
-8.763595521724047e-01
-4.548920428843563e-01
-1.099898085036346e+00
-1.080046449308922e+00
-4.442772003110895e-01
7.598604695054044e-01
7.951836193970147e-01
9.222970199511011e-01
9.694148952988072e-01
3.886924013435301e-01
3.705607617356952e-01
-9.404336525862877e-02
-9.311139187140139e-01
-9.275102278115375e-01
-9.003199007009042e-01
-9.059575209157403e-01
-1.130151882586553e+00
-4.735284984864520e-01
-4.958537886470165e-01
-5.493098828079002e-01
-6.050057720506485e-01
-5.019273921124560e-01
-5.374278674850529e-01
2.291775776358056e-02
2.142033216902194e-02
-5.682380424768802e-03
-5.516305281454225e-03
2.752709490484880e-03
-6.201419220919407e-03
3.084760350330826e-03
2.931240635937810e-03
9.279802316935496e-01
8.750107705025333e-01
8.364660691509347e-01
8.416244272992526e-01
9.263084237339716e-01
1.074432106251908e-01
9.634748525251427e-02
-4.140163128577853e-02
3.988608104502665e-02
2.454523780069367e-01
1.737151961028311e-01
2.169116638980926e-01
1.496318933733863e-01
1.787114978569581e-01
1.788260079387807e-01
-6.267169453738461e-01
-6.197305285804665e-01
-6.689459734649666e-01
-6.871379070689129e-01
-6.298615447326112e-01
8.610573560725538e-01
7.750019809236216e-01
8.327984641457240e-01
7.985327680105581e-01
7.939852227846093e-01
4.379160468113389e-01
5.188309476017521e-01
1.980342783506358e-01
3.841132825921934e-01
4.526513841973473e-01
1.922188455911208e-02
2.912616303472355e-04
9.038303262851462e-02
5.489578396305569e-02
-9.002306023351538e-02
-3.101616669918457e-01
-1.483556804147265e-01
-3.953503950101165e-01
-2.815380803760472e-01
-2.150033449340323e-01
-5.519426511810496e-02
-1.786738407919928e-01
-9.296252093134515e-02
2.737353573808806e-02
-4.482640918789915e-01
-1.063644027731432e+00
-1.032325381431050e+00
-4.318914557625654e-01
-8.426349384525081e-01
-4.029493620269468e-01
-9.935408020208185e-01
-4.232500162029840e-01
-9.457368152105532e-01
-3.802122854417394e-01
9.646919343747196e-02
-3.621093357341331e-01
-8.353364484550365e-01
-3.315127236712038e-01
8.413231713593863e-02
9.061791290216402e-02
6.734436392238435e-01
2.909243515494810e-01
5.072642644242203e-01
7.400638136309359e-01
5.969462697692101e-01
3.216670381511021e-01
4.680316418916755e-01
1.109434031240002e+00
4.556502730693983e-01
1.089601693488339e+00
4.697120358340388e-01
4.467452474555764e-01
1.065059258366365e+00
-4.771017288927668e-01
-4.785484574036449e-01
-4.171852644328251e-01
-5.593816845506090e-01
4.113825250762271e-01
1.012455979314492e+00
4.275474038302379e-01
-9.753225479905911e-02
-1.024474052669500e-01
2.298908342379656e-01
2.629389975650594e-01
-5.979480288756524e-02
-6.834281360226920e-02
-5.295818227397356e-02
-4.133020510569927e-01
-3.917669894931456e-01
-3.684986148071484e-01
-4.276628088213337e-01
9.805889438255587e-02
9.346848040775306e-02
-4.603547120914913e-01
-4.652883258462394e-01
-4.577253369476200e-01
1.121174413533422e-01
1.144893230271984e-01
-2.738434998331585e-02
1.049356508136043e+00
4.376176658205701e-01
8.271848506958323e-01
8.553670894536235e-01
1.079353653247490e+00
3.935298946264669e-01
4.776972722663287e-01
1.811707785106371e-01
-5.183173703362436e-01
-4.465179882118334e-01
-5.060942034828168e-01
-5.956655590278046e-01
-1.970199718201659e-01
-4.376341108116839e-01
2.211853157694487e-01
2.132577420038314e-01
3.090000520245118e-01
1.105015762268894e-01
1.484032638321368e-01
6.332824736714816e-01
4.788626795754152e-01
4.596123153434069e-01
4.165886924057000e-01
5.240243618322286e-01
5.371243086620718e-01
-4.573348385940160e-02
4.475686611569813e-02
1.347397956161336e-01
-4.586761464580201e-04
3.751668587555576e-02
7.344236316414260e-02
-4.579549526981688e-03
-1.348089931332388e-02
-6.200622184445426e-01
-7.379242828649930e-01
-5.660900140051156e-01
-6.695546275919790e-01
9.062042002754458e-01
1.126291819884979e+00
9.226261584308501e-01
9.054914330842492e-01
8.054886970152971e-01
8.126248203925932e-01
8.480919778869480e-01
8.429527390421840e-01
1.030556938553922e+00
4.340488603826449e-01
4.176897554653694e-01
2.483444068581408e-01
2.677166184757722e-01
2.924917364017984e-01
3.169375828771546e-01
3.539409532049662e-01
1.290455107937182e-01
-7.742325487091704e-01
-5.935446603630099e-01
-5.360667817992943e-01
-5.784106578718756e-01
-5.281290459702241e-01
-7.065687406997124e-01
6.435368870417190e-01
6.964698406103028e-01
6.908560046116325e-01
6.351466709058143e-01
8.380896968650625e-01
8.928961180307198e-01
7.803705580307585e-01
7.786745184105043e-01
7.375874691210339e-01
9.925355180167268e-01
9.462391014285921e-01
4.045024456182575e-01
3.809152009886936e-01
-2.244445403465875e-01
-1.339379383453020e-01
-1.421156071911550e-01
-1.207150778982002e-01
-1.013260580164407e-01
-7.470455078970621e-02
8.791298186179489e-02
-2.205577865780999e-02
-2.361673583243828e-02
5.995916594662140e-03
5.499756592914867e-03
-2.832254176729985e-03
-2.989369572032594e-03
-5.588919432836909e-02
-4.853209419901027e-02
1.257106247651065e-02
2.450530967569677e-01
5.567827590883971e-01
2.145685938412393e-01
1.479501915696494e-02
-6.447656987467422e-02
-3.618350982746012e-02
7.753381221622999e-03
9.806734894929661e-03
-4.416387246316997e-02
1.633624154150989e-01
6.839261927068131e-02
5.981001028876173e-02
-2.920254977750055e-01
-2.630672597093066e-01
-2.295047633302256e-01
5.250434371591306e-02
-2.417813885751364e-02
1.002657119024434e-01
-2.519902817377117e-02
6.328761071399572e-03
6.773494136170078e-03
-3.219932889914984e-03
-2.722335941938927e-02
1.081282638156562e-01
1.126487122636697e-01
-2.758685546392894e-02
1.131983833645780e-01
-4.623821342915218e-01
-5.578852583415952e-03
1.806377758137626e-02
-3.346252633878488e-03
1.146009920984948e-03
-4.247375884327826e-04
-7.126981353714137e-04
2.769856296667383e-02
-1.109831786958754e-01
2.730289719577894e-02
2.710449921760899e-02
-1.067650724581487e-01
-1.110394193337886e-01
2.835046001706602e-02
-1.155325060585765e-01
2.811585550383692e-02
-1.130891605960680e-01
-7.259154720079362e-03
-7.278068425448885e-03
3.565810382558630e-03
4.476476816379705e-02
-1.179033284216240e-02
-1.381657926687940e-02
3.383063225938358e-03
-1.759613257934758e-03
-1.524939259398448e-03
-2.802317645192817e-02
7.033196377646563e-03
-3.471477233592687e-03
7.206126786105841e-03
7.357298894246894e-03
-3.573804527663870e-03
-3.552465295627671e-03
1.103382566013596e-02
-3.926263506478253e-02
8.621360028573935e-03
4.437980247100835e-03
-2.262525325398721e-02
-3.160040300439684e-02
6.659367346811538e-03
1.055533723574081e-01
-2.614886982573255e-02
1.074471624430480e-01
1.123459088733081e-01
-2.685909856082374e-02
2.360803482719886e-02
2.444402317762633e-02
-6.317186381670959e-03
3.165506092966678e-03
-5.820840050960594e-03
2.986916096737265e-03
2.037225598931641e-02
-8.541372825664728e-02
3.588507265815608e-01
3.358183974838453e-01
-9.090531288941411e-02
1.624335390387398e-05
-1.934391934421601e-02
-1.115394726983053e-03
9.105226017101174e-03
-4.672486246009045e-01
1.155517241932037e-01
1.139793654385108e-01
-4.663767429748548e-01
-1.125242400107637e+00
-8.733424140483935e-02
-8.220245004522073e-02
-7.424834576247087e-02
3.439612703448837e-01
9.275671592595756e-02
-1.826538613752180e-02
-2.719846821073220e-02
-2.294461400089091e-03
1.273763499759717e-03
-3.076796817711903e-01
-2.773180633810032e-01
6.461154601725483e-02
-2.467340468632244e-01
-6.346996717311900e-01
7.161053977914913e-02
-9.150382176508598e-03
3.317125850684483e-03
1.120114799934202e-03
5.826715167571258e-04
-1.564647097186349e-06
-1.434093697144772e-04
-5.723866491303375e-04
1.411928930399731e-04
1.073476179936902e-01
-2.654706455064697e-02
7.087458150692286e-03
6.666119848965410e-03
-3.387965221303133e-03
5.605000076279477e-02
4.890519407732620e-02
-2.157612736020486e-01
-1.806795936096875e-01
4.013893862366064e-02
-1.298012439528262e-02
-1.090099675822713e-02
7.545557598312948e-02
-3.268000604599612e-01
-8.046710299433067e-01
-3.472370954188909e-01
8.037076084644508e-02
4.706699856486905e-01
4.661847918450436e-01
1.115894289512597e+00
1.128898357223104e+00
-1.153718247401870e-01
2.786934989473376e-01
-7.209133790603485e-02
3.121197240574874e-01
7.042734069126947e-01
7.720886678472134e-01
-7.720658006636685e-02
5.747132798463176e-01
5.839466545289407e-01
5.250089890037025e-01
5.962289363869131e-01
1.362795051504765e-02
4.581877839654904e-03
-3.655283879815983e-02
2.277730565444891e-02
-2.227187636795298e-03
-9.585327196693492e-02
-1.003616576296088e-01
2.410184061269277e-02
2.784484763585223e-03
2.292071311240945e-03
-1.245896189721867e-03
-7.619093391419404e-03
-9.919525266645362e-03
1.744258199407150e-03
-9.973111596495682e-04
-5.656232133999763e-03
2.826180754010606e-03
-5.107829444003550e-03
2.653619058423697e-03
2.446028156471176e-03
2.210773188996584e-02
1.916826763026462e-02
2.092122686454407e-02
-4.240970921276797e-03
2.002238360021316e-03
1.758397908231935e-02
1.571020803884758e-02
-4.828862340789094e-03
2.234939261015591e-03
-2.531268295887691e-03
-2.007653639603263e-03
1.116874591538609e-03
-1.427468382620409e-03
8.485900317491686e-04
5.654250731653145e-04
-1.174100898403994e-03
4.296831465770458e-04
5.563293906149460e-03
-1.708138482041059e-03
9.829382985953000e-04
7.113261352499581e-04
4.148098440763794e-03
-1.910459750691438e-03
-1.673976814950736e-02
-1.462061010459495e-02
4.524925104522315e-03
-2.144016430915598e-03
3.805795804581963e-03
-2.037694185429466e-03
4.689765921526802e-03
-2.233988815918327e-03
-1.770037304194386e-02
-1.566114537749620e-02
4.408494492644617e-03
-4.916229579768084e-03
2.332611755322642e-03
2.575221494356253e-03
1.821597192310949e-02
1.672199886040735e-02
-4.584192544505201e-03
2.145829604419518e-03
-3.292359711234373e-03
1.770375739092424e-03
1.513623634694036e-03
1.180030705144156e-02
1.385512930162045e-02
-3.896692256158493e-03
-2.858392990947032e-03
-6.832368078706850e-03
3.373846913132007e-03
-6.933177029859823e-03
-7.244731992681262e-03
3.492629494254414e-03
3.591958760440468e-03
-6.979737223535321e-03
-7.091448883706705e-03
3.465305925472770e-03
2.581691073275504e-02
2.735100540092918e-02
3.523212413502124e-03
3.422670490185594e-03
1.983979684384573e-03
-8.508033017983254e-04
3.130436317288243e-02
-8.740702993579907e-03
-6.620958249549018e-03
-1.096030416886747e-01
2.938029574268115e-04
-2.834696042069107e-04
1.460233774274128e-03
-5.702666894078737e-04
-4.418533663532597e-03
8.582374338301033e-04
7.484937327763569e-01
7.675598392542324e-01
7.867461538864423e-01
7.933782470542823e-01
8.164189488117072e-01
-3.616798295276969e-03
-3.098455251272423e-03
1.665896281449714e-03
1.883575818195285e-03
-4.071566370207932e-03
1.380603476890733e-03
-6.816239660307096e-03
2.568016841773890e-02
-1.063027830858321e-01
-6.462011259780963e-03
3.252487258367413e-03
7.694487000191951e-06
-2.867157306313283e-04
2.207588330123890e-03
-3.178788481808527e-06
2.885357011967911e-04
-8.747653485587644e-04
2.596095455164512e-03
3.067653257805592e-03
3.598966742902125e-03
-1.636416423231982e-03
-1.124225453259809e-03
-1.400372285643608e-03
7.250106371526284e-03
-2.743725374634612e-02
7.099042957612663e-03
6.791443088362018e-03
-3.409575161656230e-03
-3.546231942783515e-03
-3.351756093882610e-03
6.153050575804502e-03
6.633529676921790e-03
-2.467713720183065e-02
-2.578917897427093e-02
1.016688950448323e-01
-3.152091742550735e-03
-3.274311946814063e-03
-2.298038777900540e-02
6.204539877340308e-03
5.658667715053679e-03
-2.146648703586210e-02
-3.095987275259709e-03
-2.923380693377792e-03
-2.730111300986970e-03
-6.336251067603251e-03
-6.715020090998169e-03
2.525711395876147e-02
-1.050578879635195e-01
2.570831023885588e-02
3.218151028390149e-03
3.351807440177738e-03
7.242240630466070e-01
6.677145251504218e-01
6.412744463723292e-01
7.257780834248588e-01
6.889836756564097e-01
6.199120877785910e-01
5.976720886574020e-01
8.437083564610282e-01
8.995319878336877e-01
8.744725247202652e-01
8.638021727059464e-01
1.102038133166158e+00
4.679710780535390e-01
4.528068854977286e-01
2.714487493066606e-02
-1.097568353916814e-01
-1.137967920385828e-01
-1.092897028223149e-01
-1.992357868620471e-02
4.981616252361022e-03
-1.847875023853442e-02
7.904444831726982e-02
-2.325818293363764e-03
5.457101268432072e-03
-2.584739692705766e-03
-1.894085378474075e-02
5.263354726180904e-03
-2.108712948187492e-02
-2.457371972300349e-03
-2.651727903700788e-03
-7.344388013214219e-03
2.781245906553634e-02
3.585210616535274e-03
3.630087011735280e-03
-7.289413663512067e-03
7.388374937458055e-03
-2.777310804070667e-02
7.164926734496983e-03
-2.808715148305381e-02
-3.571330526073966e-03
-3.558242955139074e-03
-3.611009988651867e-03

nz  1  1102  double
7.469647569096626e-01
7.571553620834810e-01
8.054513478016304e-01
8.562611723610286e-01
8.115308530605475e-01
4.139214147340763e-01
5.176278188829605e-01
4.600324529143600e-01
5.362272793884165e-01
4.730024506902312e-01
4.243795928944183e-01
3.926766831925276e-01
3.548929888758766e-01
3.523987855112327e-01
9.008344117163718e-02
8.759353285205264e-02
4.155699933294833e-01
5.259347385165247e-01
4.960849637397456e-01
3.988947982701996e-01
4.818988133429107e-01
5.759364414217522e-01
3.504773959599277e-01
4.155909881326674e-01
4.115007521564761e-01
5.190436424390589e-01
5.130381383706486e-01
4.991914347602235e-01
5.947504458335260e-01
5.830369845947927e-01
4.828982178192007e-01
4.001136505329152e-01
4.027003060850008e-01
3.948145077417368e-01
3.494654617433665e-01
3.501721654327513e-01
4.029075261136146e-01
4.842636926032135e-01
4.653435134801552e-01
3.940820795395735e-01
3.778442256102374e-01
3.512331745634964e-01
4.047351639658026e-01
5.035403045006761e-01
4.594799025285870e-01
3.948980525305915e-01
4.073112651439372e-01
3.493329881125158e-01
3.757295028769511e-01
5.544896087615886e-01
6.296733193461921e-01
6.140464198333895e-01
5.618493693811605e-01
6.861245045990213e-01
6.664333082779764e-01
5.893651706442203e-01
7.331447988871618e-01
7.660398563282466e-01
6.979838207698498e-01
7.587241781636553e-01
7.249919270635258e-01
6.579778316059585e-01
6.661143118490632e-01
7.123533490598971e-01
7.840185247687645e-01
7.757240846266553e-01
8.062933645305049e-01
8.572325189968126e-01
8.457834607641179e-01
7.903233567472355e-01
9.736116183576004e-01
9.911556204795419e-01
9.804086415219333e-01
9.583065028506822e-01
9.798013064045263e-01
9.606766725296069e-01
6.530104543363271e-01
7.233675240381046e-01
6.205058231060824e-01
5.699162604501253e-01
5.967050986850538e-01
5.777332641526199e-01
6.944953301067405e-01
6.582296648238749e-01
7.962106336260597e-01
8.496587400109734e-01
9.244003599463683e-01
9.560198425582674e-01
8.298594184436091e-01
7.746789269218504e-01
8.162617748541191e-01
7.292234162878893e-01
7.241038296975736e-01
7.837646539685029e-01
5.629893819563551e-01
6.310390461635871e-01
5.610702908061590e-01
6.329062844450407e-01
6.970966166438415e-01
6.950249314168689e-01
4.921672851129136e-01
7.305933461936104e-01
7.936799007552660e-01
7.569758325207350e-01
8.226896513784299e-01
7.633205472750437e-01
9.864781661794411e-01
9.976701425679320e-01
9.868721682249412e-01
9.712626093413121e-01
9.782956133663649e-01
9.935284907244438e-01
9.664218271699626e-01
9.771386631765704e-01
6.901987187204819e-01
6.198069885399616e-01
6.763931343616435e-01
7.432900136040144e-01
7.545506098172177e-01
5.437556755982493e-01
9.645611401428524e-01
9.759478818186588e-01
9.921456961517698e-01
9.506610467586688e-01
9.575706789114197e-01
9.274401940676904e-01
9.594672395703771e-01
9.577019197585811e-01
9.469552896516603e-01
9.330295552567058e-01
9.268565142756852e-01
9.298220205216484e-01
9.524983207470653e-01
9.587521118346748e-01
9.373007590878443e-01
8.995478638326402e-01
8.919374551809984e-01
9.191971651147414e-01
9.211048624458373e-01
9.320978533957578e-01
9.342461949676406e-01
9.011427499798901e-01
8.988515956566523e-01
8.946539252060709e-01
8.596582450781567e-01
9.181403827686712e-01
9.466610957165974e-01
9.133821695193177e-01
6.381037854849155e-01
7.351616534183842e-01
6.656981173622417e-01
7.109433470790465e-01
6.781994117975311e-01
7.177546696703794e-01
6.960405082111289e-01
7.634557943019362e-01
7.380368116556636e-01
7.304475106511928e-01
7.803413132647392e-01
6.839884800140476e-01
5.878739872433507e-01
6.268009015398139e-01
5.483043340609219e-01
6.126767947590707e-01
8.204822969779237e-01
7.617582763722722e-01
8.710689301926828e-01
8.532014555173257e-01
7.979586653676267e-01
6.190254353333886e-01
5.736296666060864e-01
6.669773930320283e-01
5.363871749850594e-01
6.190386244574528e-01
8.389472556898482e-01
8.342470674252874e-01
7.881677354085356e-01
7.886689506664234e-01
8.803138065472357e-01
7.297847750110755e-01
7.345500175037090e-01
7.790633498584641e-01
5.618221673905375e-01
6.411648005694659e-01
6.164008784423838e-01
5.372381091617684e-01
4.814979376752035e-01
6.904646016999608e-01
6.616114072549159e-01
8.348665853620177e-01
8.220280188832426e-01
8.551398738168799e-01
8.000859079079571e-01
8.722183002156476e-01
8.807679178879861e-01
8.346363827138464e-01
8.306471544846237e-01
8.772216063014068e-01
8.768627107803465e-01
4.913285928041711e-01
5.439583177552895e-01
5.580152244582242e-01
4.822993144769355e-01
5.681277388045147e-01
7.115900579892194e-01
7.363037120895466e-01
7.773681569933099e-01
7.974188077374089e-01
7.489954998948209e-01
6.237306183582633e-01
5.809418849343030e-01
5.417173066097927e-01
5.741528925691650e-01
4.705311985725064e-01
3.507493290450733e-01
3.504111921616204e-01
4.035165397634159e-01
8.900641990302312e-02
8.925310611074599e-02
3.521096478616036e-01
4.142207716285112e-01
3.497134115991046e-01
8.796809098142597e-02
8.944338440422947e-02
9.061959980518557e-02
6.024192585685840e-01
5.556793993647871e-01
6.385719277809568e-01
4.029240093085354e-01
5.064969117575038e-01
4.747323763124670e-01
5.185177746332145e-01
5.151443103541428e-01
4.962290072424956e-01
4.155198704348848e-01
4.102954544282242e-01
4.022583007954641e-01
4.801821509515957e-01
4.116435035256100e-01
3.480698791507975e-01
3.489620494620005e-01
3.892979024342744e-01
3.511898969948003e-01
9.010394393950226e-01
9.141043202846665e-01
9.384837419281667e-01
9.540151009208810e-01
9.671714801789094e-01
9.470427076371740e-01
8.738966774528947e-01
8.964542869565428e-01
9.102925511357212e-01
9.349820492103041e-01
9.442766473542714e-01
8.675836028050664e-01
8.497624818189594e-01
4.010625864776891e-01
3.525770041771488e-01
4.492099658411369e-01
3.509163548229106e-01
3.719530243278151e-01
3.527799519528451e-01
3.518206397029237e-01
3.843499311746377e-01
3.513301219981074e-01
8.902719003365504e-02
8.948196115698166e-02
9.019629555584691e-02
9.970554585950226e-01
9.994237491806479e-01
9.998083892955940e-01
9.929149328355855e-01
6.066129603328911e-01
6.713496017833209e-01
5.993832767217957e-01
5.374153436253181e-01
5.480518003674585e-01
6.290081469597872e-01
5.639314967934759e-01
5.703291968937707e-01
6.396711334815188e-01
4.941787538770723e-01
7.870911509397830e-01
8.025775778155463e-01
8.427794436523657e-01
8.538773964455154e-01
6.932687602038350e-01
7.161217389080572e-01
6.454898740943390e-01
6.625233659120738e-01
5.643343823435072e-01
5.870662072262522e-01
8.976489711384898e-01
8.600475050769237e-01
8.132913541043925e-01
8.389994960961943e-01
8.011371976995263e-01
8.537796333793104e-01
8.869950122238602e-01
8.116313055516984e-01
8.895773166605659e-01
8.963501633986058e-01
9.280390707554744e-01
9.168091806604197e-01
8.942525906056393e-01
9.303545508663152e-01
5.090293449179072e-01
5.932100503700799e-01
6.662608380988367e-01
6.577197032567215e-01
5.953126441045816e-01
5.812853873217776e-01
9.927664143576729e-01
9.788779624614442e-01
9.900024063452804e-01
9.782748850971733e-01
9.716950477889458e-01
8.993608606713599e-01
8.922289518638147e-01
9.187001075786191e-01
9.303042781952108e-01
9.521901850153666e-01
9.238475116480623e-01
9.442846171042872e-01
9.554047107834736e-01
9.082922266265325e-01
8.838140507396347e-01
8.831800770819769e-01
8.980135825297751e-01
8.515626209916071e-01
8.686814174905908e-01
8.760973579627136e-01
8.253844389507264e-01
8.177327967017042e-01
7.959822182136479e-01
7.701589280819300e-01
7.313868940528732e-01
7.940095098604044e-01
6.661683254724525e-01
7.030231714721372e-01
7.614676503451930e-01
7.005790821512247e-01
7.022208809711986e-01
7.588298792910441e-01
6.385533115555870e-01
6.326145055231356e-01
5.678019792302192e-01
8.675626424510764e-01
8.395559446225312e-01
9.117332380120068e-01
8.876025097539763e-01
8.349941495659589e-01
8.634687498548551e-01
8.099463757026494e-01
8.508545966601591e-01
7.766990282545247e-01
8.345291406072588e-01
4.910417701370593e-01
5.686692501163668e-01
6.363485298837754e-01
5.617081104017236e-01
4.951250573199185e-01
4.865209155430575e-01
6.918892093780343e-01
6.344201328368905e-01
7.572231579844415e-01
7.028414842041580e-01
7.051365859432960e-01
6.417183866199007e-01
8.981275709533048e-01
9.315623242729909e-01
8.954293559953218e-01
8.579857419082539e-01
6.556612720173738e-01
7.276639623339938e-01
6.787291404551329e-01
6.936395519223132e-01
6.244145312332384e-01
6.048563719795059e-01
9.360862389763833e-01
9.446700725657873e-01
9.110378084212494e-01
9.150548628757534e-01
4.819592350232847e-01
3.973282914295315e-01
3.534704361657901e-01
3.514319685122547e-01
3.761768176977823e-01
4.804633396308910e-01
3.870843960736997e-01
5.934133527370014e-01
6.206503233102090e-01
6.729327463607543e-01
7.175190499675020e-01
6.462606253360361e-01
6.845069888168210e-01
7.108074812114008e-01
6.392580372005510e-01
5.592594366439945e-01
5.344584653060710e-01
6.141091130048731e-01
6.883528690400259e-01
7.510010616436281e-01
7.618204417078288e-01
6.838237531535317e-01
6.986441660441821e-01
6.098489388680862e-01
6.612903439473773e-01
7.589559424427575e-01
7.519697254140263e-01
6.972542517723348e-01
8.089079518405973e-01
8.290198607091537e-01
8.790945347059607e-01
8.487105073360600e-01
8.092145929703723e-01
9.770947399606782e-01
9.694198405655430e-01
9.852906460149338e-01
9.653285651261251e-01
9.856654035183696e-01
8.263089280639692e-01
8.768590792809650e-01
8.457466682867953e-01
7.675485296801644e-01
7.904838835529319e-01
7.348180935036478e-01
6.991745889509032e-01
7.818541968230938e-01
7.171411526480119e-01
5.940892090738534e-01
6.445550053008646e-01
6.712998883343749e-01
6.640648696903229e-01
6.717478770156587e-01
6.021499263050546e-01
5.048870057159723e-01
5.896887249331310e-01
6.476424564811643e-01
6.902223002967731e-01
7.406796439493204e-01
6.178044337156660e-01
7.553998980682621e-01
8.156814128675078e-01
7.637047120795560e-01
8.134048141827498e-01
8.549793335723572e-01
8.617973303539708e-01
7.474380559147323e-01
6.791261831152128e-01
6.564247481285669e-01
7.274861785543256e-01
6.952030618689243e-01
6.255783655436754e-01
6.062826226872242e-01
7.418160646612192e-01
8.022739013921101e-01
7.825435769584932e-01
7.545229787237164e-01
8.149176339524472e-01
8.091625237832715e-01
7.565458150603586e-01
8.071899095931692e-01
7.503846521057171e-01
8.562863198081468e-01
5.648537386281510e-01
6.340139709722815e-01
6.353200540472153e-01
4.910397975200654e-01
4.912901594820738e-01
5.609924431337555e-01
7.000237681167566e-01
4.820297347078034e-01
5.361657597312450e-01
4.849702893352265e-01
4.009563644552668e-01
3.984578810286649e-01
3.520932692644361e-01
4.280770755796066e-01
3.853903036199886e-01
4.867411894652895e-01
3.963127917976465e-01
3.519269777599436e-01
3.521695212641816e-01
5.208866936825036e-01
4.693674687971306e-01
5.463206392476709e-01
4.845231692972275e-01
5.403560316873276e-01
4.864336978990876e-01
5.707247392018104e-01
5.882073077596184e-01
6.224890419335006e-01
3.491329346521266e-01
4.003463967137677e-01
3.493501050648088e-01
4.049724433594898e-01
8.899215738281344e-02
4.885180227245202e-01
4.133215914176991e-01
5.003221801565668e-01
5.590583733040885e-01
4.044242896447303e-01
3.510085613318554e-01
3.946492178375910e-01
3.514500619858815e-01
3.523692979756236e-01
3.996146098445170e-01
4.046007349389361e-01
3.509019327634751e-01
3.511398077705001e-01
3.513446121383717e-01
3.957507089657373e-01
3.996894113105773e-01
4.893676154875264e-01
5.567749163030248e-01
4.830951799019076e-01
4.717996868522027e-01
3.508136296236123e-01
4.017449736080206e-01
4.018778218595326e-01
3.504385428533133e-01
8.782609006457867e-02
4.031167173337538e-01
4.037769685256011e-01
3.495125365030179e-01
3.491529447965156e-01
4.956882798051293e-01
3.508241991552882e-01
8.977094348079627e-02
6.090978985471296e-01
6.072881348661612e-01
8.771700941648503e-02
1.095852080283231e+00
4.880580503182150e-01
5.492718819844192e-01
5.192915481376781e-01
5.800286257814951e-01
6.280130658885914e-01
4.070868175212394e-01
3.510883554771589e-01
3.517449474150741e-01
3.942698132381282e-01
3.504906660459930e-01
8.888839212894452e-02
3.496071265817925e-01
6.055975484020162e-01
9.060187040448869e-02
8.904099239349290e-02
6.056225578374411e-01
3.499324399434995e-01
3.506693564213503e-01
8.856533868618574e-02
9.049363272077383e-02
6.109661238891072e-01
6.082228268536132e-01
1.096640388965091e+00
3.809759516632689e-01
3.950838052854901e-01
3.505723031840042e-01
3.497113703908706e-01
8.890460563362561e-02
4.667027115995864e-01
3.805510219970458e-01
3.893739161232762e-01
3.997041208930626e-01
5.349638475301234e-01
4.678485090981824e-01
9.764600517919377e-01
9.766134675123451e-01
1.006008589439634e+00
1.006236994639482e+00
9.969906011662488e-01
1.006198812166095e+00
9.969906289704470e-01
9.969927303125337e-01
3.835000364744007e-01
4.715983636889414e-01
5.467519841335512e-01
5.235409557870396e-01
3.954159231072748e-01
4.681331031859924e-01
5.400530665756507e-01
5.057877160157565e-01
4.883673758041878e-01
4.642438792514147e-01
4.899153102912924e-01
3.964673562566113e-01
3.955198478239081e-01
3.497581978059679e-01
9.041092046332649e-02
5.280127357221841e-01
4.708916912835713e-01
4.679936482488372e-01
5.101969616025308e-01
3.970820538252621e-01
3.957742285868319e-01
4.669356448081682e-01
3.977139991127402e-01
3.925962016403289e-01
4.922854312318568e-01
8.954776406959179e-02
8.874102987151410e-02
6.083668446931952e-01
3.487491793705913e-01
3.513445091652241e-01
6.084155532113918e-01
9.004321170157441e-02
8.788102925026077e-02
6.083532853751279e-01
8.826999314032344e-02
9.125802240824304e-02
6.043961407548254e-01
8.898961054662367e-02
3.501530561062083e-01
3.497855745605068e-01
6.061001826083470e-01
8.988808589668959e-02
6.087876775710249e-01
1.096926492395623e+00
6.073732492971692e-01
8.974336825010294e-02
8.875329304696940e-02
6.104520142184172e-01
3.509183434574827e-01
6.073388019934404e-01
8.870863485211289e-02
6.047431167019134e-01
9.000921131116443e-02
6.090875647926626e-01
1.096453987848726e+00
6.050518413281684e-01
9.010757493788839e-02
6.106577195146622e-01
1.095015961974282e+00
1.095875468168810e+00
8.885813009513072e-02
6.094748719844588e-01
3.524213845375895e-01
9.115146311416869e-02
8.892246879117653e-02
6.073922230088060e-01
6.042649745604101e-01
9.066208906602957e-02
6.086471830783118e-01
9.140046838243662e-02
6.058867708166923e-01
6.080657677134489e-01
8.962034327607428e-02
8.988579158667374e-02
3.485249593753356e-01
3.473659511585135e-01
8.889115902249978e-02
6.075816549452472e-01
9.058915261830677e-02
6.079915096583831e-01
1.095197995935016e+00
1.095704470404190e+00
6.105025293592632e-01
6.080556678910887e-01
1.094689135314021e+00
1.096520558288405e+00
1.096600742040458e+00
6.066050453047961e-01
6.079842557078429e-01
6.101179902919122e-01
6.078463832263489e-01
1.095574346777644e+00
1.096069890514098e+00
6.102716974213762e-01
6.093765501212105e-01
6.074757574895124e-01
1.095455870487539e+00
1.096456465138162e+00
9.768248046634243e-01
8.965239406002139e-02
6.109153361478240e-01
3.499013150906138e-01
3.510981813686510e-01
8.958411798916056e-02
9.109189276068085e-02
8.831228540591766e-02
6.089123088298858e-01
9.016816680970899e-02
3.489729007203645e-01
3.504859204440531e-01
9.070931620902513e-02
6.094818620382900e-01
8.809467516886561e-02
9.016922042245316e-02
3.496063448692744e-01
9.013144458750227e-02
6.097549124232746e-01
6.010762098277248e-01
8.900653007907346e-02
3.501857755269340e-01
3.995501835631701e-01
3.504281503266864e-01
3.952251847926230e-01
3.510119721057557e-01
8.884341044867150e-02
9.118546298634989e-02
8.940053591380638e-02
6.088153542546972e-01
6.083374887847482e-01
6.085378077439254e-01
1.096382823077491e+00
1.095032410428408e+00
3.507155638493214e-01
9.136220073111581e-02
3.497668296917352e-01
8.995911992498302e-02
3.495144510852798e-01
9.058991607912961e-02
4.046027422994049e-01
3.486087463555231e-01
4.097347851829847e-01
3.506237691095040e-01
3.959002945820633e-01
3.505502607071147e-01
8.963124786529389e-02
6.086751246008852e-01
6.096827405098032e-01
3.513588133223239e-01
8.937707111508446e-02
3.900550568918809e-01
3.500598619465290e-01
8.934808590412133e-02
6.060063699364964e-01
8.947995923671741e-02
3.501456274240580e-01
3.505428567716136e-01
3.904914719965119e-01
3.757639845417713e-01
8.936981865104091e-02
3.506994256251388e-01
3.507698002564506e-01
3.833976623888516e-01
4.010643971287554e-01
8.849991852511176e-02
9.031634055665497e-02
3.863311862742037e-01
3.519462050407905e-01
3.513061718788527e-01
8.865712802417504e-02
8.915065951237630e-02
6.056972952427796e-01
6.089069121054331e-01
8.899974725908917e-02
9.035395532284662e-02
3.491778392644296e-01
4.782921027345099e-01
3.998243159723965e-01
6.077637950552819e-01
1.096061366252284e+00
9.766478547395626e-01
9.763905590761445e-01
1.006160440300487e+00
1.006011410945663e+00
9.970041112311548e-01
9.970092971195739e-01
1.094926190580657e+00
1.095909471412346e+00
9.770472594970327e-01
6.111539141115025e-01
8.943558019079256e-02
6.079935628867301e-01
9.765241131702924e-01
1.096129679615454e+00
1.097096507810296e+00
9.763816688643183e-01
9.765003737157855e-01
1.095512856284255e+00
6.091533863343188e-01
1.096525008452634e+00
1.094794848654338e+00
6.085190392012179e-01
6.078890084761766e-01
6.105194771206947e-01
1.095976869329535e+00
9.764337089127528e-01
1.095520337088717e+00
9.764678266994069e-01
1.006030968459638e+00
1.006211145114356e+00
9.969948311123910e-01
9.764115971446097e-01
1.094778548011583e+00
1.095243178672547e+00
9.765158726989663e-01
1.097159134957537e+00
6.065496102390080e-01
9.763720162493602e-01
1.095715946628904e+00
9.763750771400599e-01
1.006061298907818e+00
9.970094589365290e-01
9.969778039305404e-01
9.765787185294945e-01
1.094490921510252e+00
9.765501744065416e-01
9.762246894674594e-01
1.094859740971016e+00
1.096327215773895e+00
9.762117686986916e-01
1.097225367044821e+00
9.764394671710787e-01
1.094759505179194e+00
1.006082206769441e+00
1.006124698923175e+00
9.970084719219250e-01
1.096772880546860e+00
9.766464420974031e-01
9.765561527179771e-01
1.006178470021704e+00
9.970084445613916e-01
9.969847416267346e-01
9.764173169533679e-01
1.006035364685977e+00
9.969905230686166e-01
1.006046066365151e+00
1.006222000415651e+00
9.969919232640049e-01
9.969769425669815e-01
9.761392736819159e-01
1.094057529506278e+00
9.768750224447759e-01
9.765189166325905e-01
1.096215776317697e+00
1.096158717608549e+00
9.764129599937406e-01
1.096816448024010e+00
9.764162034891123e-01
1.095412817238170e+00
1.097264178632804e+00
9.764768722413404e-01
9.763696811658485e-01
9.766893725975695e-01
1.006167571883924e+00
9.969789218926121e-01
1.005979546008555e+00
9.970138207739107e-01
9.761038169376077e-01
1.096509374940117e+00
6.078533330713102e-01
6.065569107676317e-01
1.096193544674932e+00
1.096091613914607e+00
6.069767880604797e-01
9.766302879622639e-01
1.095989539888047e+00
6.084661944413373e-01
1.096968671967021e+00
1.095520142982166e+00
6.074598789433825e-01
8.998490818463879e-02
1.095346931617182e+00
1.096436573144107e+00
1.094838361056560e+00
6.110375613798538e-01
6.084889439561694e-01
1.096913886218767e+00
1.096132155345362e+00
1.006153446050670e+00
9.969512857572850e-01
6.069512928423799e-01
6.094746844060217e-01
1.096518579680421e+00
6.074223259530657e-01
9.064035771718509e-02
1.095785839606324e+00
1.096614248546894e+00
9.765362394999096e-01
9.765038322115360e-01
1.006128301375498e+00
1.006197434287558e+00
9.969593631371478e-01
1.006063480550348e+00
9.969730486833130e-01
1.096764835063315e+00
9.764160991612671e-01
1.006213366509902e+00
1.006008376604475e+00
9.969921876211192e-01
1.095056861084793e+00
1.096650904509471e+00
6.075870290410678e-01
6.079566515311745e-01
1.096040523066921e+00
9.763173674131190e-01
9.764315826874633e-01
1.096253048255536e+00
6.012853713575577e-01
8.922102003378013e-02
6.073336872347348e-01
1.094262987155279e+00
6.055440816899258e-01
6.074575840973389e-01
9.007782836874278e-02
8.829380711474215e-02
1.096838503158771e+00
6.073657855951911e-01
1.096526641146230e+00
6.009941610346988e-01
9.065329345399308e-02
9.202022881525647e-02
1.094338379276919e+00
5.004824690527325e-01
3.993873795412831e-01
4.728954023527861e-01
3.487186621372834e-01
1.095794802796416e+00
1.096810078165692e+00
6.089595906793943e-01
1.096833793472263e+00
9.765418985219115e-01
1.095748656720473e+00
1.095709648451554e+00
9.765063794144005e-01
1.006031825762167e+00
1.006126005150013e+00
9.970186721655103e-01
9.767490670632945e-01
9.762973546989746e-01
1.006194786594916e+00
9.969600862461687e-01
1.006177646541239e+00
9.970074528327182e-01
1.005989164251708e+00
9.970050654636224e-01
9.970068107685847e-01
9.766256859550478e-01
9.765950946357749e-01
9.763458179118684e-01
1.005982967562286e+00
9.970076817988497e-01
9.764026918674429e-01
9.765891915952780e-01
1.006172570241062e+00
9.970087441399794e-01
1.006040927450578e+00
1.006138820050998e+00
9.970041610236040e-01
1.006040297269583e+00
9.969971562466083e-01
9.969971662878676e-01
1.006214606455760e+00
9.969894157307461e-01
9.764231820221224e-01
1.006046008669204e+00
9.970084349773590e-01
9.969731420501347e-01
1.006186458239535e+00
9.969686149044282e-01
9.763899339865976e-01
9.767956465818159e-01
1.006059338715185e+00
9.969762988859114e-01
1.006039368465181e+00
9.969663076957603e-01
1.005990558734244e+00
9.970045759849516e-01
9.763102300486365e-01
9.766370807140807e-01
1.006211011881384e+00
1.006003697727256e+00
9.970192155875319e-01
9.969824167646185e-01
9.767292475463477e-01
9.764375756028618e-01
1.006141426372007e+00
9.969755209908093e-01
1.005999588253861e+00
9.970068438407967e-01
9.970030714724619e-01
9.766951538061386e-01
9.765016175260181e-01
1.006178034104792e+00
1.006186272443812e+00
1.006069689619295e+00
9.970407649111298e-01
1.006014148942791e+00
1.006168933044071e+00
9.970007126601725e-01
9.969620792077011e-01
1.006120463511434e+00
1.006089940612999e+00
9.969956779363633e-01
9.770537161039426e-01
9.762840793763823e-01
9.969990920705923e-01
9.969574726721958e-01
1.006058101604232e+00
9.969688408864161e-01
1.095396976453575e+00
9.765850199452334e-01
9.765002421488410e-01
6.086148018970433e-01
1.006197507921567e+00
9.969715939686462e-01
1.006195587001324e+00
9.970004429878530e-01
9.766093029230635e-01
1.006047464608876e+00
5.125032914696455e-01
5.418675597651513e-01
5.593504270212728e-01
4.743374711710866e-01
4.827439005227131e-01
1.006130807297162e+00
1.006143261135914e+00
9.969558627445830e-01
9.970139793160606e-01
1.006070916519648e+00
9.970150019968683e-01
1.006150836496366e+00
9.764464131967417e-01
1.095904910044945e+00
1.006035618504725e+00
9.970178812882962e-01
9.765613256530883e-01
1.006052739330795e+00
9.765554357777358e-01
9.969970488345173e-01
9.969747898123156e-01
1.006181358748916e+00
1.006203577563046e+00
1.006062696186413e+00
1.006111446579716e+00
9.970144803182134e-01
9.969962299958952e-01
9.969690118888600e-01
1.006172920686128e+00
9.764636683754240e-01
1.006146808752076e+00
1.006030780599114e+00
9.970139652281743e-01
9.969578713203330e-01
9.969765705641321e-01
1.005999326456245e+00
1.006190621282640e+00
9.764854677375455e-01
9.763755740416202e-01
1.094887384250863e+00
9.969985127049309e-01
9.969984536204808e-01
9.763816640528429e-01
1.006204068256542e+00
1.005983747937020e+00
9.765789040876257e-01
9.969791437155776e-01
9.969996432597628e-01
9.970175470652695e-01
1.006039439205048e+00
1.006159597506971e+00
9.764024979854024e-01
1.096335203182068e+00
9.768161095593783e-01
9.969947841053663e-01
9.969766761576481e-01
4.132136152600162e-01
5.213480204640834e-01
4.781726618290489e-01
4.809818102086182e-01
5.623160600892340e-01
6.091781284047034e-01
5.607208768654812e-01
4.812701884226443e-01
3.913208005472588e-01
4.000037490664251e-01
3.505869292902890e-01
8.873604831821401e-02
6.013339228096142e-01
6.074818040304204e-01
9.768819116767287e-01
1.094233116097938e+00
1.096313736680341e+00
1.095856740231337e+00
9.766020898431389e-01
1.006091168945418e+00
9.764086988787654e-01
1.096726949481234e+00
9.970294755809845e-01
1.006167683327684e+00
9.969671725266100e-01
9.768577242082584e-01
1.006169483409763e+00
9.761715005064858e-01
9.970021512099210e-01
9.970002143987373e-01
1.006165346343300e+00
9.765756228237722e-01
9.969955124328435e-01
9.969429311597833e-01
1.006168253969218e+00
1.006193018263346e+00
9.767275785379991e-01
1.006035262247785e+00
9.764156856267365e-01
9.970014691845041e-01
9.969886639374180e-01
9.969742578112558e-01

height  1  1102  double
2.062651129852083e-02
2.051838488039404e-02
2.016511466566014e-02
2.005516366321074e-02
2.004151765695478e-02
2.197812467789013e-02
2.167809720890070e-02
2.244903779550143e-02
2.122643615286609e-02
2.209363484659578e-02
2.187325707006689e-02
2.189829920321996e-02
2.346818441768753e-02
2.355764520659193e-02
2.165847524304567e-02
2.163202943598946e-02
2.183157543166872e-02
2.154485986933372e-02
2.223260176227841e-02
2.187146158908482e-02
2.239912322671110e-02
2.129114881030621e-02
2.356276606002444e-02
2.190743046962516e-02
2.188819514433134e-02
2.156645450787685e-02
2.211391008779598e-02
2.192649917697652e-02
2.125780343106199e-02
2.101794904903521e-02
2.205097681459571e-02
2.194759592753781e-02
2.190456188841874e-02
2.208182345863161e-02
2.342415494296987e-02
2.348596926212912e-02
2.201482755495285e-02
2.202898083987466e-02
2.244666552763247e-02
2.202468716310491e-02
2.202129370999156e-02
2.355314316776920e-02
2.204116060356684e-02
2.176669011418472e-02
2.240563159176393e-02
2.206224047739789e-02
2.193643724224769e-02
2.345512500895220e-02
2.203711987952085e-02
2.118271573281832e-02
2.125786155101301e-02
2.127156879153671e-02
2.135592409646768e-02
2.075572303835693e-02
2.071655072224148e-02
2.136579725572610e-02
2.074639228575976e-02
2.026753336057223e-02
2.072230497348722e-02
2.049002512540671e-02
2.048386965127776e-02
2.108839268597515e-02
2.087119880415497e-02
2.058591652616791e-02
2.031999895939280e-02
2.045047010331064e-02
2.013263403828551e-02
2.005558450526602e-02
2.005995350650690e-02
2.020243062266203e-02
1.952715702288473e-02
1.935982998540311e-02
1.943208831191818e-02
1.948516362148832e-02
1.943029095290720e-02
1.948515068821524e-02
2.091878576853074e-02
2.067803728524507e-02
2.134688334552822e-02
2.129549315966890e-02
2.125128691910236e-02
2.144242628957023e-02
2.069568181320243e-02
2.070211293286787e-02
2.015908602454064e-02
2.003425954658416e-02
1.967120438632096e-02
1.951494861260957e-02
2.001845663986931e-02
2.049387711063307e-02
2.010466484501745e-02
2.063921871481234e-02
2.044478431995509e-02
2.033731043433368e-02
2.112014409892036e-02
2.121863255960823e-02
2.127284320912111e-02
2.132282592199549e-02
2.058330168657098e-02
2.060024336097616e-02
2.217457758135447e-02
2.079637346011454e-02
2.013186369960185e-02
2.048982752864233e-02
2.021782384195809e-02
2.034504338006487e-02
1.937809337428078e-02
1.936956395043022e-02
1.938681567945759e-02
1.946368016684185e-02
1.946243980389343e-02
1.936883993223820e-02
1.953833821147557e-02
1.946124033405467e-02
2.058826129389578e-02
2.135373702679614e-02
2.078656010606852e-02
2.056609965043601e-02
2.064220766502032e-02
2.126269267767102e-02
1.950899949439850e-02
1.948844322636512e-02
1.936512542291812e-02
1.948198295371560e-02
1.952094859597045e-02
1.964705792380566e-02
1.949421860060778e-02
1.948314312301713e-02
1.953339469738235e-02
1.973541236602786e-02
1.965551556548412e-02
1.967429450167583e-02
1.953291875286445e-02
1.948065977026650e-02
1.954189889156606e-02
1.984206763105605e-02
1.977355532837535e-02
1.974879657505331e-02
1.975046892070876e-02
1.964519702073627e-02
1.972621028500083e-02
1.966754781137683e-02
1.973407159249039e-02
1.980413094732711e-02
2.005604391139624e-02
1.972772995123550e-02
1.956356365336841e-02
1.976236155484378e-02
2.108059958203107e-02
2.066651923320299e-02
2.069440548770683e-02
2.081154626334663e-02
2.059611737260376e-02
2.062137575568680e-02
2.065019828258384e-02
2.041602152300437e-02
2.073905663471103e-02
2.065834717545329e-02
2.031714211022001e-02
2.063752796020904e-02
2.134654779446519e-02
2.118527006092753e-02
2.128064056326109e-02
2.148885031006007e-02
2.021639964069052e-02
2.040170595493397e-02
1.985923657670521e-02
1.994994670805381e-02
2.019335040512658e-02
2.133658880132585e-02
2.115542247268000e-02
2.079486298108287e-02
2.136056052560107e-02
2.141428423056083e-02
2.012029901173134e-02
2.014801099822655e-02
2.023514036322744e-02
2.018637777849145e-02
1.980522792374740e-02
2.064793304121733e-02
2.068910736093706e-02
2.022177780005069e-02
2.141476276703397e-02
2.115538269851627e-02
2.132934502391966e-02
2.120387806845003e-02
2.219566679823499e-02
2.061756804186827e-02
2.076470210998723e-02
2.011790435866647e-02
2.015935963614052e-02
2.001158461644765e-02
2.013333724842079e-02
1.985637171651712e-02
1.984233175069098e-02
2.006542920279528e-02
2.004849009545688e-02
1.989198539134577e-02
1.993133119006264e-02
2.210204670771545e-02
2.123639943008903e-02
2.131956414570810e-02
2.214091367283895e-02
2.117950814513758e-02
2.070080656726360e-02
2.064215645909132e-02
2.027009973486468e-02
2.017747561959334e-02
2.056295946769311e-02
2.121389489197485e-02
2.147604817235104e-02
2.124572514063661e-02
2.141987107936561e-02
2.218679568385648e-02
2.343073123487065e-02
2.350040105756320e-02
2.201812060147703e-02
2.157643326577246e-02
2.176599447033349e-02
2.354495000282595e-02
2.190501552810077e-02
2.354325672018350e-02
2.171238007724904e-02
2.157085038731187e-02
2.172815609970188e-02
2.143245928356841e-02
2.112799048558351e-02
2.120238372153804e-02
2.191620459601167e-02
2.190326854822110e-02
2.226152862329742e-02
2.172976963644682e-02
2.209074087429071e-02
2.204351486616037e-02
2.183061708291424e-02
2.182236426393997e-02
2.199900842189659e-02
2.219072030075527e-02
2.207563597424308e-02
2.339341707576605e-02
2.344753250102651e-02
2.199107259602007e-02
2.356305662655748e-02
1.980709144279238e-02
1.974076602197404e-02
1.956750290326614e-02
1.951108452612589e-02
1.952321521257096e-02
1.955778984552697e-02
1.978751584931337e-02
1.975540117553632e-02
1.970315732256075e-02
1.964883722572154e-02
1.959305098496455e-02
1.995497434586385e-02
2.010225741766381e-02
2.196201288440473e-02
2.355374154212774e-02
2.243956788885845e-02
2.359638334299612e-02
2.209692867142381e-02
2.343889586796906e-02
2.357580195971407e-02
2.198542729931022e-02
2.348378288542018e-02
2.159804740020728e-02
2.165900773436095e-02
2.165012030409216e-02
1.936741814052679e-02
1.935395347661633e-02
1.936053446256701e-02
1.935925547879978e-02
2.140836559137415e-02
2.077428625560262e-02
2.132374817715258e-02
2.154587454935108e-02
2.121610259350868e-02
2.125843849804718e-02
2.131148012274314e-02
2.108845833007245e-02
2.114806999382811e-02
2.214781379297773e-02
2.026603521017327e-02
2.012477259402182e-02
2.007380415189923e-02
2.007332807016625e-02
2.066420667903154e-02
2.079448494592627e-02
2.088799158479151e-02
2.078246220808764e-02
2.126730577367885e-02
2.158338681752375e-02
1.973376630000815e-02
2.007450749927191e-02
2.004647661802956e-02
2.014525644979772e-02
2.017386742596545e-02
2.003622263996842e-02
1.979632532406032e-02
2.006242100592398e-02
1.982017582279792e-02
1.968556799680813e-02
1.968164455289851e-02
1.978237501996812e-02
1.977628565971596e-02
1.970901376544639e-02
2.183645192539030e-02
2.110931815138740e-02
2.091117385391695e-02
2.115455389369102e-02
2.127494190918243e-02
2.109495951198843e-02
1.938172824539993e-02
1.943894274227823e-02
1.936543798320733e-02
1.943732310378915e-02
1.952831980711368e-02
1.967400721276019e-02
1.981192503233466e-02
1.978782234217920e-02
1.964962490699726e-02
1.949823218035268e-02
1.970104886984030e-02
1.953255210715278e-02
1.949354687311511e-02
1.983241995586437e-02
1.982703704845169e-02
1.977522764362065e-02
1.978129293431600e-02
2.004094837175660e-02
1.996811420935764e-02
1.975784544019374e-02
2.026070028419889e-02
2.008917734281224e-02
2.016812616568277e-02
2.025427809076592e-02
2.066014762734039e-02
2.021706021952445e-02
2.065254843587163e-02
2.072618474714895e-02
2.058531099054673e-02
2.053291113463332e-02
2.052116372090750e-02
2.056138970634220e-02
2.130015697693650e-02
2.122072911013122e-02
2.110417441997167e-02
1.980996973017653e-02
2.012708457443427e-02
1.983410013287609e-02
1.979709980505055e-02
2.014367716967733e-02
1.985192264863328e-02
2.020051747872382e-02
2.004744342206547e-02
2.018586053220745e-02
2.022909286008667e-02
2.207909480239387e-02
2.122841938045761e-02
2.118468458189780e-02
2.120892273041496e-02
2.216056789469415e-02
2.205147777441348e-02
2.066457054112181e-02
2.113268520323339e-02
2.054150711130416e-02
2.054521294546190e-02
2.050132362807025e-02
2.132089586337616e-02
1.971273013766074e-02
1.971497838733578e-02
1.973816578957576e-02
2.006399823412711e-02
2.081714352797859e-02
2.072934182760151e-02
2.065881387464490e-02
2.061200638032657e-02
2.123429045135023e-02
2.150486575150106e-02
1.960456914722221e-02
1.962636531996039e-02
1.969661890169516e-02
1.968752474719692e-02
2.235705778470821e-02
2.197124081965310e-02
2.354065369225260e-02
2.350843636601418e-02
2.194561980560322e-02
2.196533095091889e-02
2.197246775741588e-02
2.137322536130156e-02
2.136938119198615e-02
2.064596307461517e-02
2.075689049536387e-02
2.103645060093329e-02
2.062792075640366e-02
2.056006396099680e-02
2.113500901888418e-02
2.133006698734828e-02
2.127446370439305e-02
2.141853891891231e-02
2.065341354707059e-02
2.057162584048961e-02
2.053532484223165e-02
2.062036060345113e-02
2.063657250537365e-02
2.137075998869162e-02
2.087456123079352e-02
2.061825754130558e-02
2.053155208471858e-02
2.051831956571871e-02
2.011083053367997e-02
2.023337108620459e-02
1.975678153410483e-02
2.003098000940446e-02
2.009295661503265e-02
1.949133143956994e-02
1.944418010371320e-02
1.941033800313252e-02
1.949886314307738e-02
1.940360338212535e-02
2.023769180419512e-02
1.980242405267073e-02
2.007839042701303e-02
2.033538331510300e-02
2.013548134516370e-02
2.065410616488030e-02
2.068805672418635e-02
2.017340039419635e-02
2.079981254329392e-02
2.144757181856210e-02
2.097822498901343e-02
2.067220092586624e-02
2.089071932530010e-02
2.066690154262139e-02
2.143251977122294e-02
2.202732502926100e-02
2.118992096045703e-02
2.105076750840343e-02
2.066619338363614e-02
2.062356941823665e-02
2.132052879593443e-02
2.055782793285262e-02
2.005441427465826e-02
2.055974663740312e-02
2.006308551152814e-02
2.004240768076739e-02
2.004083203792728e-02
2.056998043111724e-02
2.065308384305155e-02
2.084656216788415e-02
2.075044773016709e-02
2.064880717773518e-02
2.131478318883209e-02
2.136008728206817e-02
2.062748205309457e-02
2.015566241093089e-02
2.019629480394538e-02
2.045965757667846e-02
2.025213409335194e-02
2.007275788612090e-02
2.052661954323253e-02
2.011634007319741e-02
2.062621879246914e-02
2.008322226100636e-02
2.105032538184859e-02
2.126094063305319e-02
2.124719869225840e-02
2.216718259731943e-02
2.215646473310510e-02
2.136686018642478e-02
2.059064596423203e-02
2.226733397480938e-02
2.154492963542353e-02
2.201269819474408e-02
2.196274354859946e-02
2.200823037380709e-02
2.339022997592279e-02
2.211544377028045e-02
2.204563498318422e-02
2.215398830110900e-02
2.194309743647119e-02
2.357829904654223e-02
2.360073415738684e-02
2.151318462173247e-02
2.244875992725821e-02
2.120810948545147e-02
2.200272241788255e-02
2.123552834422838e-02
2.202210504023759e-02
2.130460696022342e-02
2.150945386898266e-02
2.131629690365525e-02
2.342373748177866e-02
2.204293430848128e-02
2.344994231918704e-02
2.188363331920309e-02
2.181203940013040e-02
2.204424142744273e-02
2.188136048292930e-02
2.203437176705101e-02
2.126715228998283e-02
2.184731805810624e-02
2.348763799165696e-02
2.187155371639308e-02
2.349729680048959e-02
2.347855628824041e-02
2.192662240536219e-02
2.194115436386627e-02
2.344385040095927e-02
2.348045566513822e-02
2.348369505898926e-02
2.191734590726372e-02
2.199669478128249e-02
2.212076496889488e-02
2.136705033216298e-02
2.208987207380005e-02
2.226528710068310e-02
2.343965356545589e-02
2.200270778816671e-02
2.188464883268644e-02
2.349703001364612e-02
2.171630050027438e-02
2.192807472731164e-02
2.188114859938894e-02
2.351998393335026e-02
2.342961656981121e-02
2.213780329230929e-02
2.342384762627568e-02
2.175804388507565e-02
3.019744306667178e-02
3.018803043783671e-02
2.168636506265885e-02
4.053182521344992e-02
2.222291111720224e-02
2.133677909529139e-02
2.153737416741161e-02
2.124774442628133e-02
2.119401623400776e-02
2.189420096588596e-02
2.355034173098021e-02
2.352494234732597e-02
2.191654279178614e-02
2.353076002802443e-02
2.149757295618426e-02
2.338970527029408e-02
3.021216478011505e-02
2.179714579015338e-02
2.167797192963355e-02
3.022104489455571e-02
2.346361827877183e-02
2.350600544197421e-02
2.159666442176389e-02
2.170638401208571e-02
3.028136107348637e-02
3.013015978266273e-02
4.055511268972519e-02
2.196342537909990e-02
2.197125178505766e-02
2.359435169192768e-02
2.345590398110715e-02
2.167784888554533e-02
2.240702426878065e-02
2.200984732771696e-02
2.202919548716759e-02
2.192991483038959e-02
2.117845111399150e-02
2.221343135985351e-02
3.800875523116649e-02
3.801337924727911e-02
3.861820615439648e-02
3.862293111705564e-02
3.846228688676222e-02
3.862259926088025e-02
3.846217536906789e-02
3.846222148098841e-02
2.204808945934917e-02
2.228512497445812e-02
2.135085163143960e-02
2.141663834361484e-02
2.198952703859927e-02
2.225041001452617e-02
2.130218789545347e-02
2.195063657577562e-02
2.214815946928571e-02
2.230009918778163e-02
2.203024599885028e-02
2.197886604242721e-02
2.198470607778272e-02
2.347873802109872e-02
2.166201552984349e-02
2.141685440327609e-02
2.206600200421975e-02
2.214473939700306e-02
2.168423449255741e-02
2.207394520998770e-02
2.194397185860925e-02
2.225066016591612e-02
2.196351739014972e-02
2.192725436416584e-02
2.208512628322854e-02
2.172689933510350e-02
2.183002379503197e-02
3.019337813298514e-02
2.348761586027106e-02
2.346246335811579e-02
3.023797606028703e-02
2.164424503173130e-02
2.160742258656422e-02
3.024052628145859e-02
2.165567978182206e-02
2.170560640995480e-02
3.027164574997235e-02
2.166628230779806e-02
2.349943927692950e-02
2.347604323970776e-02
3.020507467756467e-02
2.164638026291015e-02
3.024991934723668e-02
4.054699704196915e-02
3.027378480242190e-02
2.147950802333607e-02
2.163899340543459e-02
3.036200263239287e-02
2.355276702732915e-02
3.030165251851315e-02
2.145079633876534e-02
3.024633058073632e-02
2.166910937989068e-02
3.027619350113937e-02
4.052396234340137e-02
3.031387000466898e-02
2.168982141099014e-02
3.020278652086255e-02
4.049647672182460e-02
4.049785684197230e-02
2.166360103406710e-02
3.038559886122174e-02
2.353569096022189e-02
2.168095298855458e-02
2.179133366868155e-02
3.033680303792553e-02
3.020105270708885e-02
2.173905330454990e-02
3.018908434707595e-02
2.183069448938538e-02
3.008645952006223e-02
3.021447292637722e-02
2.163306901057259e-02
2.183017308153606e-02
2.345095027630298e-02
2.344712639585713e-02
2.170282700005840e-02
3.029384589067253e-02
2.156480629704088e-02
3.023653115478050e-02
4.049695254295958e-02
4.050776313482775e-02
3.015705284134291e-02
3.025402840537051e-02
4.051293726752769e-02
4.051471565679411e-02
4.056268025656332e-02
3.018775083178482e-02
3.025009542483998e-02
3.031172211346678e-02
3.021099773285534e-02
4.051494387697978e-02
4.051833094747795e-02
3.042111143061230e-02
3.031973183887380e-02
3.021573827033764e-02
4.049577092748423e-02
4.050555221873967e-02
3.801953487786854e-02
2.171395990782874e-02
3.031706065941947e-02
2.354333809364164e-02
2.344482183111538e-02
2.158676974717400e-02
2.173116114442600e-02
2.179728391678324e-02
3.022480702011727e-02
2.180153666141235e-02
2.343926416516384e-02
2.355504752228657e-02
2.173155861385872e-02
3.019646581405385e-02
2.174556500452595e-02
2.162718167017566e-02
2.340654614277578e-02
2.182937056870598e-02
3.023284815239020e-02
3.008028515323049e-02
2.170097355472285e-02
2.355791409377832e-02
2.199579783976387e-02
2.337586085898051e-02
2.184376163635043e-02
2.348397158700059e-02
2.164379405026548e-02
2.163917187801622e-02
2.160300674914089e-02
3.022903437644165e-02
3.026694797163687e-02
3.032637650905529e-02
4.053197964114848e-02
4.048701576293274e-02
2.354535087964389e-02
2.176877640334236e-02
2.344290976109806e-02
2.170902993188636e-02
2.340168433895481e-02
2.184930872302225e-02
2.196099621944754e-02
2.346921783413869e-02
2.186713070791345e-02
2.349652263605254e-02
2.194465024822775e-02
2.348966741891787e-02
2.172877573341605e-02
3.020069684585381e-02
3.031899802190383e-02
2.351050282520227e-02
2.164798051406168e-02
2.192733962950525e-02
2.346282255117282e-02
2.172538731046040e-02
3.020969978568509e-02
2.172663383508264e-02
2.341371677907966e-02
2.358475594398030e-02
2.202404314959419e-02
2.206329237498858e-02
2.169271113691044e-02
2.351972358075889e-02
2.354556390705847e-02
2.192138102596149e-02
2.194965460369061e-02
2.165127050233994e-02
2.151405286506358e-02
2.195914587132041e-02
2.355756817949544e-02
2.348878985538425e-02
2.147743749197691e-02
2.167083193539902e-02
3.022719531286483e-02
3.029524602217181e-02
2.162659479055190e-02
2.163919677848654e-02
2.345374890944401e-02
2.203163872618288e-02
2.190450556709897e-02
3.029313841593650e-02
4.051755719761409e-02
3.801171952619065e-02
3.800527862200023e-02
3.862208438732635e-02
3.861867039714336e-02
3.846233127014918e-02
3.846237305597686e-02
4.050685254866533e-02
4.053171446665860e-02
3.801608462908539e-02
3.030016751056280e-02
2.178025696643975e-02
3.019186175611016e-02
3.800676430808762e-02
4.052317363122179e-02
4.054053223763717e-02
3.800618039773574e-02
3.800796561843853e-02
4.051334432798813e-02
3.028789216001154e-02
4.051897627027114e-02
4.048741731584789e-02
3.030357009578084e-02
3.029021605602180e-02
3.030481691491165e-02
4.053039944241604e-02
3.800875548238365e-02
4.049221793501611e-02
3.801121390189854e-02
3.861849049664554e-02
3.862224810519288e-02
3.846229923663447e-02
3.800626905805319e-02
4.048742877553669e-02
4.052211819182295e-02
3.800462788811718e-02
4.055027863624750e-02
3.015775731799420e-02
3.800411690441913e-02
4.051501351304160e-02
3.800421102951396e-02
3.862000091822659e-02
3.846260257321999e-02
3.846231587274046e-02
3.800783985368226e-02
4.049085413119907e-02
3.800663553621987e-02
3.799792053259377e-02
4.050883254157971e-02
4.054209598087214e-02
3.799809142098873e-02
4.055764397776846e-02
3.800568839574878e-02
4.050557582182537e-02
3.862076351609516e-02
3.862169965076890e-02
3.846311537091809e-02
4.055803082901341e-02
3.800633485556809e-02
3.800845362579511e-02
3.862304728286869e-02
3.846286953416700e-02
3.846266990324557e-02
3.800232647203915e-02
3.861952751014958e-02
3.846257564121155e-02
3.861996561233130e-02
3.862422488184316e-02
3.846283510157650e-02
3.846257467121322e-02
3.799753734077519e-02
4.048575631451752e-02
3.801318879631586e-02
3.801031512651017e-02
4.052261761505403e-02
4.053486515277442e-02
3.800422412059504e-02
4.052152658386560e-02
3.800963660919929e-02
4.049398422696373e-02
4.054834804556235e-02
3.800828367270172e-02
3.800312223535703e-02
3.801372967273341e-02
3.862221196274020e-02
3.846193801227837e-02
3.861927375074665e-02
3.846246326687456e-02
3.800275882011489e-02
4.051652527038754e-02
3.031732125182285e-02
3.026203056386943e-02
4.051130806351943e-02
4.053079446345616e-02
3.018153959872573e-02
3.800829615377709e-02
4.052627411457883e-02
3.026357814153249e-02
4.054824159384510e-02
4.050496308248759e-02
3.017257577555793e-02
2.183531703965191e-02
4.053398293334778e-02
4.052358235084516e-02
4.046594673284664e-02
3.024966664796138e-02
3.029680166771789e-02
4.053586532644615e-02
4.051725500954081e-02
3.862158605930124e-02
3.846218567403450e-02
3.025813274056011e-02
3.031848627757374e-02
4.051175790761724e-02
3.032435623119690e-02
2.169264123992953e-02
4.050525331897112e-02
4.053790595464626e-02
3.800819324730473e-02
3.800584289192885e-02
3.862170630191545e-02
3.862340017300830e-02
3.846197671881053e-02
3.862018174696352e-02
3.846217650428274e-02
4.053773299460530e-02
3.800685809047616e-02
3.862293497228009e-02
3.861879396053469e-02
3.846240530166198e-02
4.050262642248421e-02
4.056044098852295e-02
3.013111215847378e-02
3.019948931115450e-02
4.051084158047440e-02
3.799905504458892e-02
3.800369084678955e-02
4.051984612617000e-02
3.011061710159045e-02
2.166422123176194e-02
3.024394720044015e-02
4.048305726714030e-02
3.023866348666521e-02
3.025649539064979e-02
2.168313840381317e-02
2.168068447514556e-02
4.052950999601057e-02
3.025057075110819e-02
4.051943405202311e-02
3.017367992828867e-02
2.177654162107882e-02
2.168650622939882e-02
4.047102503648471e-02
2.186863307821965e-02
2.195455984974599e-02
2.230912112027222e-02
2.349740781551444e-02
4.051613566234306e-02
4.055238964435812e-02
3.020829450493926e-02
4.053241786342722e-02
3.800632832719373e-02
4.050962373282091e-02
4.050431091134896e-02
3.800957150507986e-02
3.862028081559171e-02
3.862212496804202e-02
3.846308384421050e-02
3.801019113620027e-02
3.799859785678146e-02
3.862314335216302e-02
3.846224584803500e-02
3.862395994738455e-02
3.846255316316011e-02
3.861811773208623e-02
3.846250161265916e-02
3.846244034889155e-02
3.800313090091075e-02
3.801468241647885e-02
3.800109411045188e-02
3.861738508692090e-02
3.846273701887428e-02
3.801219548640510e-02
3.800889204916704e-02
3.862088259770743e-02
3.846254051337872e-02
3.861997012309061e-02
3.862221996368292e-02
3.846262276949199e-02
3.861935099005989e-02
3.846248423844743e-02
3.846231082522990e-02
3.862308830034266e-02
3.846239343649355e-02
3.800727269137369e-02
3.861922466611491e-02
3.846284357166841e-02
3.846226934605356e-02
3.862155536133082e-02
3.846231027048974e-02
3.800972732091414e-02
3.801650511848235e-02
3.861935337530435e-02
3.846240297326392e-02
3.861901489621845e-02
3.846230807331464e-02
3.861808258225723e-02
3.846275549636168e-02
3.800588348613601e-02
3.801328308369215e-02
3.862249374496694e-02
3.861784063303639e-02
3.846287182030426e-02
3.846229703668402e-02
3.801571870428667e-02
3.800777401362158e-02
3.862114514585752e-02
3.846238901069323e-02
3.861999402498475e-02
3.846287330641806e-02
3.846284242608661e-02
3.800750093194249e-02
3.800028032162531e-02
3.862357316700451e-02
3.862297300337556e-02
3.862094397672176e-02
3.846301144166940e-02
3.861957779174344e-02
3.862254463510718e-02
3.846263828821564e-02
3.846238910083988e-02
3.862106177081236e-02
3.861946145283855e-02
3.846228693288299e-02
3.801863651381576e-02
3.800633305928209e-02
3.846244390577626e-02
3.846184844348851e-02
3.861902767489722e-02
3.846212413282164e-02
4.049481447694087e-02
3.801303712129529e-02
3.800975215934752e-02
3.025660400532316e-02
3.862365544007498e-02
3.846211821367330e-02
3.862257759725825e-02
3.846245486289394e-02
3.801061397561117e-02
3.861977188871412e-02
2.166709715414865e-02
2.138319125493346e-02
2.124625369807865e-02
2.220648716773629e-02
2.200195319838759e-02
3.862205325337530e-02
3.862234623101474e-02
3.846214839048506e-02
3.846288449751585e-02
3.862002697467246e-02
3.846279022178637e-02
3.862216775886562e-02
3.800677078817821e-02
4.052033895452036e-02
3.861908186778844e-02
3.846254719407703e-02
3.800593537136103e-02
3.861993975770753e-02
3.801024325360896e-02
3.846244623097975e-02
3.846203614039360e-02
3.862205486709121e-02
3.862273566982592e-02
3.862083107753683e-02
3.862126526969468e-02
3.846307899679910e-02
3.846262722224327e-02
3.846250893192921e-02
3.862168575829523e-02
3.800760053230901e-02
3.862165054733835e-02
3.861871779353014e-02
3.846270475462366e-02
3.846214629613005e-02
3.846201977669150e-02
3.861884130126089e-02
3.862335096168103e-02
3.800529602785307e-02
3.800325809066368e-02
4.050643184741947e-02
3.846226400723523e-02
3.846234259539541e-02
3.800816652890086e-02
3.862252510343320e-02
3.861748186301488e-02
3.801264370627501e-02
3.846212971993086e-02
3.846226884456487e-02
3.846247898884231e-02
3.861909923998914e-02
3.862231103077456e-02
3.800649642821071e-02
4.053103833421866e-02
3.801200072713282e-02
3.846223773398454e-02
3.846209443372603e-02
2.192210132371019e-02
2.156978479681505e-02
2.238013196005216e-02
2.227561913082290e-02
2.131461843893307e-02
2.139685476439488e-02
2.119443261355666e-02
2.228399059166363e-02
2.198383329121889e-02
2.208253449751144e-02
2.341733888992526e-02
2.163688365234585e-02
3.025477293574798e-02
3.026636659667241e-02
3.802158804746852e-02
4.045934980656020e-02
4.050537258971844e-02
4.051480999886881e-02
3.800760543189458e-02
3.862108546871861e-02
3.800476969725960e-02
4.054899990300358e-02
3.846312327737324e-02
3.862220586407648e-02
3.846210719344010e-02
3.801560617862099e-02
3.862233662868308e-02
3.800106210304350e-02
3.846254851467833e-02
3.846235438237029e-02
3.862169193971346e-02
3.801302642731143e-02
3.846287416973446e-02
3.846200155396790e-02
3.862103838401578e-02
3.862236291839739e-02
3.801190714347403e-02
3.861819920606627e-02
3.800972826782148e-02
3.846268046178324e-02
3.846242401405726e-02
3.846256548816911e-02

nxx  1  1102  double
0.000000000000000e+00
0.000000000000000e+00
0.000000000000000e+00
0.000000000000000e+00
0.000000000000000e+00
0.000000000000000e+00
0.000000000000000e+00
0.000000000000000e+00
-0.000000000000000e+00
-0.000000000000000e+00
0.000000000000000e+00
0.000000000000000e+00
0.000000000000000e+00
-0.000000000000000e+00
0.000000000000000e+00
0.000000000000000e+00
0.000000000000000e+00
0.000000000000000e+00
0.000000000000000e+00
0.000000000000000e+00
0.000000000000000e+00
-0.000000000000000e+00
0.000000000000000e+00
0.000000000000000e+00
0.000000000000000e+00
0.000000000000000e+00
-0.000000000000000e+00
0.000000000000000e+00
-0.000000000000000e+00
0.000000000000000e+00
0.000000000000000e+00
0.000000000000000e+00
0.000000000000000e+00
0.000000000000000e+00
0.000000000000000e+00
0.000000000000000e+00
0.000000000000000e+00
0.000000000000000e+00
0.000000000000000e+00
0.000000000000000e+00
0.000000000000000e+00
0.000000000000000e+00
0.000000000000000e+00
0.000000000000000e+00
0.000000000000000e+00
0.000000000000000e+00
0.000000000000000e+00
0.000000000000000e+00
0.000000000000000e+00
0.000000000000000e+00
0.000000000000000e+00
0.000000000000000e+00
0.000000000000000e+00
0.000000000000000e+00
-0.000000000000000e+00
-0.000000000000000e+00
-0.000000000000000e+00
-0.000000000000000e+00
-0.000000000000000e+00
0.000000000000000e+00
0.000000000000000e+00
0.000000000000000e+00
0.000000000000000e+00
0.000000000000000e+00
0.000000000000000e+00
0.000000000000000e+00
-0.000000000000000e+00
-0.000000000000000e+00
0.000000000000000e+00
-0.000000000000000e+00
0.000000000000000e+00
0.000000000000000e+00
0.000000000000000e+00
0.000000000000000e+00
0.000000000000000e+00
0.000000000000000e+00
-0.000000000000000e+00
-0.000000000000000e+00
0.000000000000000e+00
0.000000000000000e+00
-0.000000000000000e+00
0.000000000000000e+00
0.000000000000000e+00
0.000000000000000e+00
-0.000000000000000e+00
-0.000000000000000e+00
0.000000000000000e+00
0.000000000000000e+00
0.000000000000000e+00
0.000000000000000e+00
0.000000000000000e+00
0.000000000000000e+00
0.000000000000000e+00
0.000000000000000e+00
0.000000000000000e+00
0.000000000000000e+00
0.000000000000000e+00
0.000000000000000e+00
0.000000000000000e+00
0.000000000000000e+00
-0.000000000000000e+00
-0.000000000000000e+00
0.000000000000000e+00
0.000000000000000e+00
0.000000000000000e+00
0.000000000000000e+00
0.000000000000000e+00
-0.000000000000000e+00
0.000000000000000e+00
0.000000000000000e+00
-0.000000000000000e+00
0.000000000000000e+00
0.000000000000000e+00
0.000000000000000e+00
0.000000000000000e+00
0.000000000000000e+00
0.000000000000000e+00
0.000000000000000e+00
0.000000000000000e+00
-0.000000000000000e+00
0.000000000000000e+00
0.000000000000000e+00
0.000000000000000e+00
0.000000000000000e+00
0.000000000000000e+00
0.000000000000000e+00
-0.000000000000000e+00
-0.000000000000000e+00
0.000000000000000e+00
-0.000000000000000e+00
-0.000000000000000e+00
0.000000000000000e+00
-0.000000000000000e+00
-0.000000000000000e+00
0.000000000000000e+00
0.000000000000000e+00
-0.000000000000000e+00
-0.000000000000000e+00
-0.000000000000000e+00
-0.000000000000000e+00
0.000000000000000e+00
0.000000000000000e+00
-0.000000000000000e+00
0.000000000000000e+00
0.000000000000000e+00
-0.000000000000000e+00
-0.000000000000000e+00
-0.000000000000000e+00
0.000000000000000e+00
0.000000000000000e+00
0.000000000000000e+00
0.000000000000000e+00
0.000000000000000e+00
0.000000000000000e+00
0.000000000000000e+00
0.000000000000000e+00
-0.000000000000000e+00
0.000000000000000e+00
0.000000000000000e+00
0.000000000000000e+00
0.000000000000000e+00
0.000000000000000e+00
0.000000000000000e+00
0.000000000000000e+00
-0.000000000000000e+00
-0.000000000000000e+00
0.000000000000000e+00
0.000000000000000e+00
0.000000000000000e+00
-0.000000000000000e+00
-0.000000000000000e+00
-0.000000000000000e+00
0.000000000000000e+00
-0.000000000000000e+00
0.000000000000000e+00
0.000000000000000e+00
0.000000000000000e+00
-0.000000000000000e+00
0.000000000000000e+00
-0.000000000000000e+00
-0.000000000000000e+00
0.000000000000000e+00
0.000000000000000e+00
0.000000000000000e+00
0.000000000000000e+00
0.000000000000000e+00
0.000000000000000e+00
0.000000000000000e+00
0.000000000000000e+00
-0.000000000000000e+00
-0.000000000000000e+00
0.000000000000000e+00
-0.000000000000000e+00
0.000000000000000e+00
0.000000000000000e+00
0.000000000000000e+00
0.000000000000000e+00
0.000000000000000e+00
0.000000000000000e+00
0.000000000000000e+00
0.000000000000000e+00
0.000000000000000e+00
0.000000000000000e+00
0.000000000000000e+00
-0.000000000000000e+00
-0.000000000000000e+00
-0.000000000000000e+00
-0.000000000000000e+00
-0.000000000000000e+00
0.000000000000000e+00
0.000000000000000e+00
-0.000000000000000e+00
0.000000000000000e+00
0.000000000000000e+00
-0.000000000000000e+00
-0.000000000000000e+00
-0.000000000000000e+00
0.000000000000000e+00
0.000000000000000e+00
0.000000000000000e+00
0.000000000000000e+00
0.000000000000000e+00
0.000000000000000e+00
0.000000000000000e+00
0.000000000000000e+00
-0.000000000000000e+00
-0.000000000000000e+00
-0.000000000000000e+00
0.000000000000000e+00
0.000000000000000e+00
0.000000000000000e+00
0.000000000000000e+00
0.000000000000000e+00
0.000000000000000e+00
0.000000000000000e+00
0.000000000000000e+00
0.000000000000000e+00
0.000000000000000e+00
-0.000000000000000e+00
-0.000000000000000e+00
-0.000000000000000e+00
0.000000000000000e+00
0.000000000000000e+00
0.000000000000000e+00
0.000000000000000e+00
0.000000000000000e+00
0.000000000000000e+00
0.000000000000000e+00
0.000000000000000e+00
-0.000000000000000e+00
-0.000000000000000e+00
0.000000000000000e+00
-0.000000000000000e+00
0.000000000000000e+00
0.000000000000000e+00
0.000000000000000e+00
-0.000000000000000e+00
-0.000000000000000e+00
0.000000000000000e+00
0.000000000000000e+00
0.000000000000000e+00
0.000000000000000e+00
0.000000000000000e+00
-0.000000000000000e+00
0.000000000000000e+00
0.000000000000000e+00
0.000000000000000e+00
0.000000000000000e+00
0.000000000000000e+00
0.000000000000000e+00
0.000000000000000e+00
0.000000000000000e+00
0.000000000000000e+00
0.000000000000000e+00
0.000000000000000e+00
0.000000000000000e+00
0.000000000000000e+00
0.000000000000000e+00
0.000000000000000e+00
0.000000000000000e+00
0.000000000000000e+00
0.000000000000000e+00
-0.000000000000000e+00
-0.000000000000000e+00
-0.000000000000000e+00
-0.000000000000000e+00
-0.000000000000000e+00
-0.000000000000000e+00
0.000000000000000e+00
0.000000000000000e+00
-0.000000000000000e+00
-0.000000000000000e+00
0.000000000000000e+00
0.000000000000000e+00
0.000000000000000e+00
0.000000000000000e+00
0.000000000000000e+00
-0.000000000000000e+00
-0.000000000000000e+00
0.000000000000000e+00
-0.000000000000000e+00
-0.000000000000000e+00
-0.000000000000000e+00
-0.000000000000000e+00
0.000000000000000e+00
0.000000000000000e+00
0.000000000000000e+00
0.000000000000000e+00
0.000000000000000e+00
0.000000000000000e+00
0.000000000000000e+00
0.000000000000000e+00
0.000000000000000e+00
0.000000000000000e+00
0.000000000000000e+00
0.000000000000000e+00
0.000000000000000e+00
0.000000000000000e+00
0.000000000000000e+00
-0.000000000000000e+00
0.000000000000000e+00
0.000000000000000e+00
-0.000000000000000e+00
0.000000000000000e+00
-0.000000000000000e+00
-0.000000000000000e+00
-0.000000000000000e+00
-0.000000000000000e+00
0.000000000000000e+00
-0.000000000000000e+00
0.000000000000000e+00
-0.000000000000000e+00
-0.000000000000000e+00
0.000000000000000e+00
0.000000000000000e+00
0.000000000000000e+00
0.000000000000000e+00
0.000000000000000e+00
-0.000000000000000e+00
-0.000000000000000e+00
0.000000000000000e+00
0.000000000000000e+00
0.000000000000000e+00
0.000000000000000e+00
0.000000000000000e+00
0.000000000000000e+00
0.000000000000000e+00
-0.000000000000000e+00
-0.000000000000000e+00
-0.000000000000000e+00
-0.000000000000000e+00
0.000000000000000e+00
0.000000000000000e+00
0.000000000000000e+00
0.000000000000000e+00
-0.000000000000000e+00
0.000000000000000e+00
0.000000000000000e+00
0.000000000000000e+00
0.000000000000000e+00
0.000000000000000e+00
0.000000000000000e+00
0.000000000000000e+00
0.000000000000000e+00
0.000000000000000e+00
-0.000000000000000e+00
-0.000000000000000e+00
0.000000000000000e+00
0.000000000000000e+00
0.000000000000000e+00
0.000000000000000e+00
0.000000000000000e+00
0.000000000000000e+00
0.000000000000000e+00
0.000000000000000e+00
0.000000000000000e+00
0.000000000000000e+00
0.000000000000000e+00
0.000000000000000e+00
0.000000000000000e+00
0.000000000000000e+00
-0.000000000000000e+00
0.000000000000000e+00
0.000000000000000e+00
0.000000000000000e+00
-0.000000000000000e+00
-0.000000000000000e+00
-0.000000000000000e+00
0.000000000000000e+00
0.000000000000000e+00
-0.000000000000000e+00
-0.000000000000000e+00
0.000000000000000e+00
-0.000000000000000e+00
-0.000000000000000e+00
0.000000000000000e+00
0.000000000000000e+00
0.000000000000000e+00
0.000000000000000e+00
0.000000000000000e+00
0.000000000000000e+00
0.000000000000000e+00
0.000000000000000e+00
0.000000000000000e+00
0.000000000000000e+00
0.000000000000000e+00
0.000000000000000e+00
0.000000000000000e+00
0.000000000000000e+00
0.000000000000000e+00
0.000000000000000e+00
0.000000000000000e+00
0.000000000000000e+00
0.000000000000000e+00
0.000000000000000e+00
-0.000000000000000e+00
-0.000000000000000e+00
-0.000000000000000e+00
-0.000000000000000e+00
0.000000000000000e+00
-0.000000000000000e+00
0.000000000000000e+00
0.000000000000000e+00
0.000000000000000e+00
0.000000000000000e+00
0.000000000000000e+00
0.000000000000000e+00
0.000000000000000e+00
0.000000000000000e+00
0.000000000000000e+00
0.000000000000000e+00
0.000000000000000e+00
0.000000000000000e+00
0.000000000000000e+00
0.000000000000000e+00
0.000000000000000e+00
0.000000000000000e+00
-0.000000000000000e+00
0.000000000000000e+00
-0.000000000000000e+00
-0.000000000000000e+00
-0.000000000000000e+00
-0.000000000000000e+00
0.000000000000000e+00
0.000000000000000e+00
0.000000000000000e+00
0.000000000000000e+00
0.000000000000000e+00
0.000000000000000e+00
0.000000000000000e+00
0.000000000000000e+00
0.000000000000000e+00
0.000000000000000e+00
0.000000000000000e+00
-0.000000000000000e+00
0.000000000000000e+00
0.000000000000000e+00
-0.000000000000000e+00
0.000000000000000e+00
0.000000000000000e+00
0.000000000000000e+00
0.000000000000000e+00
0.000000000000000e+00
0.000000000000000e+00
0.000000000000000e+00
0.000000000000000e+00
0.000000000000000e+00
0.000000000000000e+00
0.000000000000000e+00
0.000000000000000e+00
0.000000000000000e+00
0.000000000000000e+00
0.000000000000000e+00
0.000000000000000e+00
-0.000000000000000e+00
-0.000000000000000e+00
-0.000000000000000e+00
0.000000000000000e+00
0.000000000000000e+00
0.000000000000000e+00
0.000000000000000e+00
0.000000000000000e+00
0.000000000000000e+00
0.000000000000000e+00
0.000000000000000e+00
0.000000000000000e+00
0.000000000000000e+00
-0.000000000000000e+00
-0.000000000000000e+00
0.000000000000000e+00
0.000000000000000e+00
-0.000000000000000e+00
0.000000000000000e+00
-0.000000000000000e+00
-0.000000000000000e+00
-0.000000000000000e+00
-0.000000000000000e+00
0.000000000000000e+00
0.000000000000000e+00
0.000000000000000e+00
0.000000000000000e+00
-0.000000000000000e+00
0.000000000000000e+00
0.000000000000000e+00
0.000000000000000e+00
0.000000000000000e+00
-0.000000000000000e+00
0.000000000000000e+00
-0.000000000000000e+00
0.000000000000000e+00
0.000000000000000e+00
0.000000000000000e+00
0.000000000000000e+00
0.000000000000000e+00
-0.000000000000000e+00
0.000000000000000e+00
0.000000000000000e+00
0.000000000000000e+00
0.000000000000000e+00
0.000000000000000e+00
0.000000000000000e+00
0.000000000000000e+00
-0.000000000000000e+00
-0.000000000000000e+00
-0.000000000000000e+00
-0.000000000000000e+00
0.000000000000000e+00
-0.000000000000000e+00
0.000000000000000e+00
0.000000000000000e+00
0.000000000000000e+00
-0.000000000000000e+00
-0.000000000000000e+00
0.000000000000000e+00
0.000000000000000e+00
0.000000000000000e+00
0.000000000000000e+00
0.000000000000000e+00
0.000000000000000e+00
0.000000000000000e+00
0.000000000000000e+00
-0.000000000000000e+00
-0.000000000000000e+00
0.000000000000000e+00
-0.000000000000000e+00
0.000000000000000e+00
0.000000000000000e+00
0.000000000000000e+00
-0.000000000000000e+00
0.000000000000000e+00
-0.000000000000000e+00
-0.000000000000000e+00
-0.000000000000000e+00
0.000000000000000e+00
-0.000000000000000e+00
-0.000000000000000e+00
0.000000000000000e+00
0.000000000000000e+00
0.000000000000000e+00
0.000000000000000e+00
0.000000000000000e+00
-0.000000000000000e+00
0.000000000000000e+00
0.000000000000000e+00
0.000000000000000e+00
0.000000000000000e+00
-0.000000000000000e+00
0.000000000000000e+00
0.000000000000000e+00
0.000000000000000e+00
0.000000000000000e+00
0.000000000000000e+00
-0.000000000000000e+00
0.000000000000000e+00
-0.000000000000000e+00
0.000000000000000e+00
-0.000000000000000e+00
-0.000000000000000e+00
0.000000000000000e+00
0.000000000000000e+00
-0.000000000000000e+00
0.000000000000000e+00
-0.000000000000000e+00
0.000000000000000e+00
0.000000000000000e+00
-0.000000000000000e+00
0.000000000000000e+00
0.000000000000000e+00
0.000000000000000e+00
0.000000000000000e+00
0.000000000000000e+00
0.000000000000000e+00
0.000000000000000e+00
0.000000000000000e+00
0.000000000000000e+00
0.000000000000000e+00
0.000000000000000e+00
0.000000000000000e+00
0.000000000000000e+00
0.000000000000000e+00
0.000000000000000e+00
-0.000000000000000e+00
0.000000000000000e+00
0.000000000000000e+00
0.000000000000000e+00
0.000000000000000e+00
-0.000000000000000e+00
-0.000000000000000e+00
-0.000000000000000e+00
0.000000000000000e+00
0.000000000000000e+00
0.000000000000000e+00
0.000000000000000e+00
0.000000000000000e+00
0.000000000000000e+00
-0.000000000000000e+00
-0.000000000000000e+00
-0.000000000000000e+00
0.000000000000000e+00
0.000000000000000e+00
0.000000000000000e+00
0.000000000000000e+00
0.000000000000000e+00
0.000000000000000e+00
-0.000000000000000e+00
0.000000000000000e+00
0.000000000000000e+00
0.000000000000000e+00
0.000000000000000e+00
-0.000000000000000e+00
-0.000000000000000e+00
0.000000000000000e+00
0.000000000000000e+00
-0.000000000000000e+00
-0.000000000000000e+00
-0.000000000000000e+00
-0.000000000000000e+00
0.000000000000000e+00
0.000000000000000e+00
0.000000000000000e+00
-0.000000000000000e+00
-0.000000000000000e+00
0.000000000000000e+00
-0.000000000000000e+00
0.000000000000000e+00
-0.000000000000000e+00
0.000000000000000e+00
-0.000000000000000e+00
0.000000000000000e+00
0.000000000000000e+00
-0.000000000000000e+00
0.000000000000000e+00
0.000000000000000e+00
-0.000000000000000e+00
-0.000000000000000e+00
-0.000000000000000e+00
0.000000000000000e+00
0.000000000000000e+00
-0.000000000000000e+00
-0.000000000000000e+00
0.000000000000000e+00
0.000000000000000e+00
0.000000000000000e+00
0.000000000000000e+00
0.000000000000000e+00
0.000000000000000e+00
0.000000000000000e+00
-0.000000000000000e+00
0.000000000000000e+00
0.000000000000000e+00
0.000000000000000e+00
0.000000000000000e+00
0.000000000000000e+00
-0.000000000000000e+00
0.000000000000000e+00
-0.000000000000000e+00
-0.000000000000000e+00
0.000000000000000e+00
0.000000000000000e+00
0.000000000000000e+00
-0.000000000000000e+00
-0.000000000000000e+00
-0.000000000000000e+00
0.000000000000000e+00
0.000000000000000e+00
0.000000000000000e+00
0.000000000000000e+00
0.000000000000000e+00
-0.000000000000000e+00
-0.000000000000000e+00
0.000000000000000e+00
-0.000000000000000e+00
-0.000000000000000e+00
0.000000000000000e+00
0.000000000000000e+00
0.000000000000000e+00
0.000000000000000e+00
0.000000000000000e+00
0.000000000000000e+00
0.000000000000000e+00
0.000000000000000e+00
0.000000000000000e+00
-0.000000000000000e+00
0.000000000000000e+00
-0.000000000000000e+00
0.000000000000000e+00
0.000000000000000e+00
-0.000000000000000e+00
0.000000000000000e+00
0.000000000000000e+00
0.000000000000000e+00
0.000000000000000e+00
-0.000000000000000e+00
0.000000000000000e+00
-0.000000000000000e+00
0.000000000000000e+00
0.000000000000000e+00
0.000000000000000e+00
0.000000000000000e+00
-0.000000000000000e+00
0.000000000000000e+00
-0.000000000000000e+00
0.000000000000000e+00
0.000000000000000e+00
0.000000000000000e+00
0.000000000000000e+00
0.000000000000000e+00
0.000000000000000e+00
0.000000000000000e+00
-0.000000000000000e+00
-0.000000000000000e+00
-0.000000000000000e+00
0.000000000000000e+00
0.000000000000000e+00
-0.000000000000000e+00
0.000000000000000e+00
0.000000000000000e+00
0.000000000000000e+00
0.000000000000000e+00
0.000000000000000e+00
0.000000000000000e+00
0.000000000000000e+00
-0.000000000000000e+00
0.000000000000000e+00
0.000000000000000e+00
0.000000000000000e+00
-0.000000000000000e+00
-0.000000000000000e+00
0.000000000000000e+00
0.000000000000000e+00
0.000000000000000e+00
0.000000000000000e+00
0.000000000000000e+00
0.000000000000000e+00
0.000000000000000e+00
0.000000000000000e+00
0.000000000000000e+00
-0.000000000000000e+00
-0.000000000000000e+00
0.000000000000000e+00
0.000000000000000e+00
-0.000000000000000e+00
-0.000000000000000e+00
-0.000000000000000e+00
0.000000000000000e+00
0.000000000000000e+00
-0.000000000000000e+00
0.000000000000000e+00
0.000000000000000e+00
0.000000000000000e+00
0.000000000000000e+00
-0.000000000000000e+00
-0.000000000000000e+00
0.000000000000000e+00
0.000000000000000e+00
0.000000000000000e+00
0.000000000000000e+00
-0.000000000000000e+00
0.000000000000000e+00
0.000000000000000e+00
0.000000000000000e+00
0.000000000000000e+00
0.000000000000000e+00
0.000000000000000e+00
0.000000000000000e+00
0.000000000000000e+00
0.000000000000000e+00
0.000000000000000e+00
0.000000000000000e+00
0.000000000000000e+00
0.000000000000000e+00
0.000000000000000e+00
0.000000000000000e+00
0.000000000000000e+00
0.000000000000000e+00
0.000000000000000e+00
0.000000000000000e+00
0.000000000000000e+00
-0.000000000000000e+00
-0.000000000000000e+00
-0.000000000000000e+00
-0.000000000000000e+00
-0.000000000000000e+00
-0.000000000000000e+00
-0.000000000000000e+00
-0.000000000000000e+00
-0.000000000000000e+00
-0.000000000000000e+00
0.000000000000000e+00
0.000000000000000e+00
-0.000000000000000e+00
-0.000000000000000e+00
0.000000000000000e+00
0.000000000000000e+00
0.000000000000000e+00
0.000000000000000e+00
0.000000000000000e+00
0.000000000000000e+00
0.000000000000000e+00
0.000000000000000e+00
0.000000000000000e+00
0.000000000000000e+00
0.000000000000000e+00
0.000000000000000e+00
0.000000000000000e+00
0.000000000000000e+00
0.000000000000000e+00
0.000000000000000e+00
0.000000000000000e+00
0.000000000000000e+00
0.000000000000000e+00
0.000000000000000e+00
0.000000000000000e+00
0.000000000000000e+00
0.000000000000000e+00
0.000000000000000e+00
-0.000000000000000e+00
-0.000000000000000e+00
0.000000000000000e+00
0.000000000000000e+00
0.000000000000000e+00
0.000000000000000e+00
0.000000000000000e+00
0.000000000000000e+00
0.000000000000000e+00
0.000000000000000e+00
-0.000000000000000e+00
0.000000000000000e+00
0.000000000000000e+00
0.000000000000000e+00
-0.000000000000000e+00
0.000000000000000e+00
-0.000000000000000e+00
-0.000000000000000e+00
0.000000000000000e+00
0.000000000000000e+00
0.000000000000000e+00
0.000000000000000e+00
0.000000000000000e+00
0.000000000000000e+00
0.000000000000000e+00
0.000000000000000e+00
0.000000000000000e+00
0.000000000000000e+00
0.000000000000000e+00
-0.000000000000000e+00
0.000000000000000e+00
-0.000000000000000e+00
-0.000000000000000e+00
0.000000000000000e+00
-0.000000000000000e+00
0.000000000000000e+00
-0.000000000000000e+00
0.000000000000000e+00
0.000000000000000e+00
0.000000000000000e+00
0.000000000000000e+00
0.000000000000000e+00
0.000000000000000e+00
0.000000000000000e+00
0.000000000000000e+00
-0.000000000000000e+00
-0.000000000000000e+00
0.000000000000000e+00
0.000000000000000e+00
0.000000000000000e+00
0.000000000000000e+00
-0.000000000000000e+00
-0.000000000000000e+00
0.000000000000000e+00
0.000000000000000e+00
0.000000000000000e+00
0.000000000000000e+00
0.000000000000000e+00
0.000000000000000e+00
-0.000000000000000e+00
0.000000000000000e+00
0.000000000000000e+00
0.000000000000000e+00
0.000000000000000e+00
0.000000000000000e+00
0.000000000000000e+00
0.000000000000000e+00
0.000000000000000e+00
-0.000000000000000e+00
0.000000000000000e+00
0.000000000000000e+00
0.000000000000000e+00
0.000000000000000e+00
-0.000000000000000e+00
0.000000000000000e+00
0.000000000000000e+00
0.000000000000000e+00
0.000000000000000e+00
0.000000000000000e+00
0.000000000000000e+00
0.000000000000000e+00
-0.000000000000000e+00
-0.000000000000000e+00
0.000000000000000e+00
0.000000000000000e+00
0.000000000000000e+00
0.000000000000000e+00
0.000000000000000e+00
0.000000000000000e+00
0.000000000000000e+00
0.000000000000000e+00
0.000000000000000e+00
0.000000000000000e+00
0.000000000000000e+00
0.000000000000000e+00
0.000000000000000e+00
0.000000000000000e+00
0.000000000000000e+00
0.000000000000000e+00
0.000000000000000e+00
0.000000000000000e+00
0.000000000000000e+00
0.000000000000000e+00
0.000000000000000e+00
-0.000000000000000e+00
-0.000000000000000e+00
-0.000000000000000e+00
-0.000000000000000e+00
-0.000000000000000e+00
-0.000000000000000e+00
0.000000000000000e+00
0.000000000000000e+00
0.000000000000000e+00
0.000000000000000e+00
0.000000000000000e+00
0.000000000000000e+00
0.000000000000000e+00
0.000000000000000e+00
-0.000000000000000e+00
-0.000000000000000e+00
0.000000000000000e+00
0.000000000000000e+00
0.000000000000000e+00
0.000000000000000e+00
0.000000000000000e+00
0.000000000000000e+00
0.000000000000000e+00
0.000000000000000e+00
0.000000000000000e+00
0.000000000000000e+00
0.000000000000000e+00
0.000000000000000e+00
0.000000000000000e+00
0.000000000000000e+00
-0.000000000000000e+00
0.000000000000000e+00
0.000000000000000e+00
0.000000000000000e+00
0.000000000000000e+00
0.000000000000000e+00
0.000000000000000e+00
0.000000000000000e+00
0.000000000000000e+00
0.000000000000000e+00
0.000000000000000e+00
-0.000000000000000e+00
-0.000000000000000e+00
0.000000000000000e+00
-0.000000000000000e+00
0.000000000000000e+00
0.000000000000000e+00
0.000000000000000e+00
0.000000000000000e+00
0.000000000000000e+00
0.000000000000000e+00
0.000000000000000e+00
0.000000000000000e+00
0.000000000000000e+00
0.000000000000000e+00
-0.000000000000000e+00
0.000000000000000e+00
0.000000000000000e+00
-0.000000000000000e+00
-0.000000000000000e+00
-0.000000000000000e+00
-0.000000000000000e+00
-0.000000000000000e+00
0.000000000000000e+00
0.000000000000000e+00
0.000000000000000e+00
0.000000000000000e+00
0.000000000000000e+00
0.000000000000000e+00
-0.000000000000000e+00
-0.000000000000000e+00
-0.000000000000000e+00
0.000000000000000e+00
0.000000000000000e+00
-0.000000000000000e+00
0.000000000000000e+00
0.000000000000000e+00
-0.000000000000000e+00
0.000000000000000e+00
0.000000000000000e+00
-0.000000000000000e+00
-0.000000000000000e+00
0.000000000000000e+00
-0.000000000000000e+00
-0.000000000000000e+00
-0.000000000000000e+00
0.000000000000000e+00
0.000000000000000e+00
0.000000000000000e+00
0.000000000000000e+00
0.000000000000000e+00
0.000000000000000e+00
-0.000000000000000e+00
-0.000000000000000e+00
0.000000000000000e+00
0.000000000000000e+00
0.000000000000000e+00
0.000000000000000e+00
0.000000000000000e+00
-0.000000000000000e+00
-0.000000000000000e+00
-0.000000000000000e+00
0.000000000000000e+00
0.000000000000000e+00
0.000000000000000e+00
0.000000000000000e+00
-0.000000000000000e+00
-0.000000000000000e+00
-0.000000000000000e+00
0.000000000000000e+00
0.000000000000000e+00
0.000000000000000e+00
0.000000000000000e+00
0.000000000000000e+00
0.000000000000000e+00
0.000000000000000e+00
-0.000000000000000e+00
0.000000000000000e+00
-0.000000000000000e+00
-0.000000000000000e+00
0.000000000000000e+00
0.000000000000000e+00
0.000000000000000e+00
0.000000000000000e+00
0.000000000000000e+00
0.000000000000000e+00
0.000000000000000e+00
0.000000000000000e+00
0.000000000000000e+00
-0.000000000000000e+00
-0.000000000000000e+00
0.000000000000000e+00
0.000000000000000e+00
-0.000000000000000e+00
0.000000000000000e+00
0.000000000000000e+00
0.000000000000000e+00
0.000000000000000e+00
-0.000000000000000e+00
-0.000000000000000e+00
-0.000000000000000e+00
0.000000000000000e+00
0.000000000000000e+00
-0.000000000000000e+00
0.000000000000000e+00
0.000000000000000e+00
0.000000000000000e+00
0.000000000000000e+00
0.000000000000000e+00
0.000000000000000e+00
0.000000000000000e+00
0.000000000000000e+00
-0.000000000000000e+00
0.000000000000000e+00
0.000000000000000e+00
-0.000000000000000e+00
-0.000000000000000e+00
0.000000000000000e+00
0.000000000000000e+00
0.000000000000000e+00
0.000000000000000e+00
0.000000000000000e+00

nyy  1  1102  double
-0.000000000000000e+00
-0.000000000000000e+00
-0.000000000000000e+00
-0.000000000000000e+00
-0.000000000000000e+00
-0.000000000000000e+00
0.000000000000000e+00
0.000000000000000e+00
0.000000000000000e+00
0.000000000000000e+00
0.000000000000000e+00
0.000000000000000e+00
0.000000000000000e+00
0.000000000000000e+00
-0.000000000000000e+00
-0.000000000000000e+00
0.000000000000000e+00
0.000000000000000e+00
0.000000000000000e+00
-0.000000000000000e+00
0.000000000000000e+00
0.000000000000000e+00
0.000000000000000e+00
-0.000000000000000e+00
-0.000000000000000e+00
0.000000000000000e+00
0.000000000000000e+00
0.000000000000000e+00
0.000000000000000e+00
0.000000000000000e+00
0.000000000000000e+00
0.000000000000000e+00
-0.000000000000000e+00
0.000000000000000e+00
-0.000000000000000e+00
-0.000000000000000e+00
0.000000000000000e+00
0.000000000000000e+00
-0.000000000000000e+00
-0.000000000000000e+00
-0.000000000000000e+00
0.000000000000000e+00
0.000000000000000e+00
0.000000000000000e+00
0.000000000000000e+00
0.000000000000000e+00
0.000000000000000e+00
0.000000000000000e+00
0.000000000000000e+00
-0.000000000000000e+00
-0.000000000000000e+00
-0.000000000000000e+00
0.000000000000000e+00
0.000000000000000e+00
0.000000000000000e+00
0.000000000000000e+00
0.000000000000000e+00
0.000000000000000e+00
0.000000000000000e+00
-0.000000000000000e+00
0.000000000000000e+00
0.000000000000000e+00
0.000000000000000e+00
0.000000000000000e+00
0.000000000000000e+00
0.000000000000000e+00
0.000000000000000e+00
0.000000000000000e+00
0.000000000000000e+00
0.000000000000000e+00
0.000000000000000e+00
0.000000000000000e+00
0.000000000000000e+00
0.000000000000000e+00
0.000000000000000e+00
-0.000000000000000e+00
0.000000000000000e+00
0.000000000000000e+00
0.000000000000000e+00
0.000000000000000e+00
0.000000000000000e+00
0.000000000000000e+00
0.000000000000000e+00
0.000000000000000e+00
0.000000000000000e+00
0.000000000000000e+00
0.000000000000000e+00
0.000000000000000e+00
0.000000000000000e+00
-0.000000000000000e+00
0.000000000000000e+00
0.000000000000000e+00
0.000000000000000e+00
0.000000000000000e+00
-0.000000000000000e+00
-0.000000000000000e+00
0.000000000000000e+00
-0.000000000000000e+00
-0.000000000000000e+00
0.000000000000000e+00
0.000000000000000e+00
0.000000000000000e+00
0.000000000000000e+00
0.000000000000000e+00
0.000000000000000e+00
0.000000000000000e+00
0.000000000000000e+00
0.000000000000000e+00
0.000000000000000e+00
0.000000000000000e+00
0.000000000000000e+00
-0.000000000000000e+00
0.000000000000000e+00
0.000000000000000e+00
0.000000000000000e+00
-0.000000000000000e+00
0.000000000000000e+00
0.000000000000000e+00
0.000000000000000e+00
0.000000000000000e+00
-0.000000000000000e+00
-0.000000000000000e+00
0.000000000000000e+00
0.000000000000000e+00
0.000000000000000e+00
0.000000000000000e+00
0.000000000000000e+00
0.000000000000000e+00
0.000000000000000e+00
0.000000000000000e+00
0.000000000000000e+00
-0.000000000000000e+00
0.000000000000000e+00
0.000000000000000e+00
-0.000000000000000e+00
-0.000000000000000e+00
0.000000000000000e+00
0.000000000000000e+00
0.000000000000000e+00
0.000000000000000e+00
-0.000000000000000e+00
0.000000000000000e+00
0.000000000000000e+00
0.000000000000000e+00
0.000000000000000e+00
0.000000000000000e+00
0.000000000000000e+00
0.000000000000000e+00
0.000000000000000e+00
0.000000000000000e+00
0.000000000000000e+00
0.000000000000000e+00
0.000000000000000e+00
-0.000000000000000e+00
-0.000000000000000e+00
-0.000000000000000e+00
0.000000000000000e+00
0.000000000000000e+00
0.000000000000000e+00
0.000000000000000e+00
-0.000000000000000e+00
0.000000000000000e+00
0.000000000000000e+00
0.000000000000000e+00
0.000000000000000e+00
0.000000000000000e+00
0.000000000000000e+00
0.000000000000000e+00
0.000000000000000e+00
0.000000000000000e+00
0.000000000000000e+00
0.000000000000000e+00
-0.000000000000000e+00
0.000000000000000e+00
0.000000000000000e+00
0.000000000000000e+00
0.000000000000000e+00
0.000000000000000e+00
0.000000000000000e+00
0.000000000000000e+00
0.000000000000000e+00
0.000000000000000e+00
0.000000000000000e+00
0.000000000000000e+00
0.000000000000000e+00
0.000000000000000e+00
0.000000000000000e+00
0.000000000000000e+00
0.000000000000000e+00
0.000000000000000e+00
0.000000000000000e+00
0.000000000000000e+00
0.000000000000000e+00
0.000000000000000e+00
0.000000000000000e+00
-0.000000000000000e+00
0.000000000000000e+00
0.000000000000000e+00
0.000000000000000e+00
0.000000000000000e+00
0.000000000000000e+00
0.000000000000000e+00
0.000000000000000e+00
0.000000000000000e+00
0.000000000000000e+00
0.000000000000000e+00
0.000000000000000e+00
0.000000000000000e+00
0.000000000000000e+00
0.000000000000000e+00
0.000000000000000e+00
0.000000000000000e+00
0.000000000000000e+00
0.000000000000000e+00
0.000000000000000e+00
0.000000000000000e+00
0.000000000000000e+00
-0.000000000000000e+00
-0.000000000000000e+00
0.000000000000000e+00
0.000000000000000e+00
0.000000000000000e+00
0.000000000000000e+00
0.000000000000000e+00
0.000000000000000e+00
0.000000000000000e+00
0.000000000000000e+00
0.000000000000000e+00
-0.000000000000000e+00
-0.000000000000000e+00
-0.000000000000000e+00
0.000000000000000e+00
0.000000000000000e+00
0.000000000000000e+00
0.000000000000000e+00
-0.000000000000000e+00
0.000000000000000e+00
0.000000000000000e+00
0.000000000000000e+00
0.000000000000000e+00
0.000000000000000e+00
-0.000000000000000e+00
0.000000000000000e+00
0.000000000000000e+00
0.000000000000000e+00
-0.000000000000000e+00
-0.000000000000000e+00
-0.000000000000000e+00
-0.000000000000000e+00
0.000000000000000e+00
0.000000000000000e+00
0.000000000000000e+00
0.000000000000000e+00
0.000000000000000e+00
0.000000000000000e+00
0.000000000000000e+00
0.000000000000000e+00
0.000000000000000e+00
0.000000000000000e+00
-0.000000000000000e+00
-0.000000000000000e+00
0.000000000000000e+00
0.000000000000000e+00
0.000000000000000e+00
0.000000000000000e+00
0.000000000000000e+00
0.000000000000000e+00
0.000000000000000e+00
0.000000000000000e+00
0.000000000000000e+00
0.000000000000000e+00
0.000000000000000e+00
0.000000000000000e+00
0.000000000000000e+00
0.000000000000000e+00
-0.000000000000000e+00
0.000000000000000e+00
0.000000000000000e+00
-0.000000000000000e+00
0.000000000000000e+00
0.000000000000000e+00
-0.000000000000000e+00
0.000000000000000e+00
0.000000000000000e+00
0.000000000000000e+00
0.000000000000000e+00
0.000000000000000e+00
0.000000000000000e+00
-0.000000000000000e+00
-0.000000000000000e+00
0.000000000000000e+00
0.000000000000000e+00
0.000000000000000e+00
0.000000000000000e+00
0.000000000000000e+00
0.000000000000000e+00
0.000000000000000e+00
0.000000000000000e+00
0.000000000000000e+00
0.000000000000000e+00
0.000000000000000e+00
0.000000000000000e+00
0.000000000000000e+00
0.000000000000000e+00
0.000000000000000e+00
0.000000000000000e+00
0.000000000000000e+00
0.000000000000000e+00
0.000000000000000e+00
0.000000000000000e+00
-0.000000000000000e+00
-0.000000000000000e+00
0.000000000000000e+00
0.000000000000000e+00
0.000000000000000e+00
0.000000000000000e+00
0.000000000000000e+00
0.000000000000000e+00
0.000000000000000e+00
0.000000000000000e+00
-0.000000000000000e+00
0.000000000000000e+00
0.000000000000000e+00
0.000000000000000e+00
0.000000000000000e+00
0.000000000000000e+00
0.000000000000000e+00
0.000000000000000e+00
-0.000000000000000e+00
0.000000000000000e+00
0.000000000000000e+00
0.000000000000000e+00
0.000000000000000e+00
-0.000000000000000e+00
0.000000000000000e+00
-0.000000000000000e+00
-0.000000000000000e+00
-0.000000000000000e+00
0.000000000000000e+00
0.000000000000000e+00
-0.000000000000000e+00
-0.000000000000000e+00
-0.000000000000000e+00
0.000000000000000e+00
0.000000000000000e+00
0.000000000000000e+00
0.000000000000000e+00
0.000000000000000e+00
0.000000000000000e+00
0.000000000000000e+00
0.000000000000000e+00
0.000000000000000e+00
0.000000000000000e+00
0.000000000000000e+00
0.000000000000000e+00
0.000000000000000e+00
0.000000000000000e+00
0.000000000000000e+00
0.000000000000000e+00
0.000000000000000e+00
0.000000000000000e+00
0.000000000000000e+00
0.000000000000000e+00
0.000000000000000e+00
0.000000000000000e+00
0.000000000000000e+00
0.000000000000000e+00
0.000000000000000e+00
0.000000000000000e+00
0.000000000000000e+00
-0.000000000000000e+00
0.000000000000000e+00
0.000000000000000e+00
0.000000000000000e+00
0.000000000000000e+00
0.000000000000000e+00
0.000000000000000e+00
0.000000000000000e+00
0.000000000000000e+00
0.000000000000000e+00
0.000000000000000e+00
0.000000000000000e+00
0.000000000000000e+00
-0.000000000000000e+00
-0.000000000000000e+00
0.000000000000000e+00
0.000000000000000e+00
0.000000000000000e+00
0.000000000000000e+00
-0.000000000000000e+00
0.000000000000000e+00
0.000000000000000e+00
0.000000000000000e+00
0.000000000000000e+00
0.000000000000000e+00
0.000000000000000e+00
0.000000000000000e+00
0.000000000000000e+00
0.000000000000000e+00
0.000000000000000e+00
0.000000000000000e+00
-0.000000000000000e+00
0.000000000000000e+00
0.000000000000000e+00
0.000000000000000e+00
0.000000000000000e+00
0.000000000000000e+00
0.000000000000000e+00
0.000000000000000e+00
0.000000000000000e+00
0.000000000000000e+00
0.000000000000000e+00
0.000000000000000e+00
0.000000000000000e+00
0.000000000000000e+00
0.000000000000000e+00
0.000000000000000e+00
0.000000000000000e+00
0.000000000000000e+00
0.000000000000000e+00
0.000000000000000e+00
0.000000000000000e+00
0.000000000000000e+00
0.000000000000000e+00
0.000000000000000e+00
0.000000000000000e+00
0.000000000000000e+00
0.000000000000000e+00
-0.000000000000000e+00
0.000000000000000e+00
0.000000000000000e+00
0.000000000000000e+00
0.000000000000000e+00
0.000000000000000e+00
0.000000000000000e+00
0.000000000000000e+00
0.000000000000000e+00
0.000000000000000e+00
0.000000000000000e+00
0.000000000000000e+00
0.000000000000000e+00
0.000000000000000e+00
0.000000000000000e+00
-0.000000000000000e+00
-0.000000000000000e+00
-0.000000000000000e+00
0.000000000000000e+00
0.000000000000000e+00
0.000000000000000e+00
0.000000000000000e+00
0.000000000000000e+00
0.000000000000000e+00
0.000000000000000e+00
0.000000000000000e+00
0.000000000000000e+00
0.000000000000000e+00
0.000000000000000e+00
0.000000000000000e+00
0.000000000000000e+00
0.000000000000000e+00
0.000000000000000e+00
0.000000000000000e+00
0.000000000000000e+00
0.000000000000000e+00
-0.000000000000000e+00
-0.000000000000000e+00
-0.000000000000000e+00
-0.000000000000000e+00
0.000000000000000e+00
-0.000000000000000e+00
-0.000000000000000e+00
0.000000000000000e+00
-0.000000000000000e+00
-0.000000000000000e+00
0.000000000000000e+00
0.000000000000000e+00
0.000000000000000e+00
0.000000000000000e+00
0.000000000000000e+00
0.000000000000000e+00
-0.000000000000000e+00
-0.000000000000000e+00
-0.000000000000000e+00
-0.000000000000000e+00
-0.000000000000000e+00
0.000000000000000e+00
0.000000000000000e+00
0.000000000000000e+00
0.000000000000000e+00
-0.000000000000000e+00
-0.000000000000000e+00
0.000000000000000e+00
0.000000000000000e+00
0.000000000000000e+00
0.000000000000000e+00
0.000000000000000e+00
0.000000000000000e+00
-0.000000000000000e+00
0.000000000000000e+00
0.000000000000000e+00
0.000000000000000e+00
0.000000000000000e+00
0.000000000000000e+00
0.000000000000000e+00
-0.000000000000000e+00
-0.000000000000000e+00
0.000000000000000e+00
0.000000000000000e+00
0.000000000000000e+00
0.000000000000000e+00
-0.000000000000000e+00
-0.000000000000000e+00
-0.000000000000000e+00
0.000000000000000e+00
0.000000000000000e+00
0.000000000000000e+00
-0.000000000000000e+00
0.000000000000000e+00
-0.000000000000000e+00
-0.000000000000000e+00
-0.000000000000000e+00
0.000000000000000e+00
0.000000000000000e+00
0.000000000000000e+00
0.000000000000000e+00
0.000000000000000e+00
0.000000000000000e+00
0.000000000000000e+00
-0.000000000000000e+00
0.000000000000000e+00
0.000000000000000e+00
0.000000000000000e+00
0.000000000000000e+00
0.000000000000000e+00
0.000000000000000e+00
-0.000000000000000e+00
0.000000000000000e+00
0.000000000000000e+00
-0.000000000000000e+00
0.000000000000000e+00
0.000000000000000e+00
0.000000000000000e+00
0.000000000000000e+00
0.000000000000000e+00
0.000000000000000e+00
0.000000000000000e+00
-0.000000000000000e+00
-0.000000000000000e+00
0.000000000000000e+00
0.000000000000000e+00
0.000000000000000e+00
0.000000000000000e+00
0.000000000000000e+00
-0.000000000000000e+00
0.000000000000000e+00
0.000000000000000e+00
0.000000000000000e+00
-0.000000000000000e+00
0.000000000000000e+00
0.000000000000000e+00
0.000000000000000e+00
0.000000000000000e+00
0.000000000000000e+00
0.000000000000000e+00
0.000000000000000e+00
0.000000000000000e+00
0.000000000000000e+00
0.000000000000000e+00
0.000000000000000e+00
0.000000000000000e+00
-0.000000000000000e+00
-0.000000000000000e+00
0.000000000000000e+00
-0.000000000000000e+00
0.000000000000000e+00
-0.000000000000000e+00
0.000000000000000e+00
0.000000000000000e+00
0.000000000000000e+00
0.000000000000000e+00
0.000000000000000e+00
0.000000000000000e+00
0.000000000000000e+00
0.000000000000000e+00
0.000000000000000e+00
0.000000000000000e+00
0.000000000000000e+00
0.000000000000000e+00
0.000000000000000e+00
-0.000000000000000e+00
0.000000000000000e+00
-0.000000000000000e+00
-0.000000000000000e+00
-0.000000000000000e+00
0.000000000000000e+00
0.000000000000000e+00
-0.000000000000000e+00
0.000000000000000e+00
-0.000000000000000e+00
0.000000000000000e+00
-0.000000000000000e+00
0.000000000000000e+00
-0.000000000000000e+00
-0.000000000000000e+00
0.000000000000000e+00
-0.000000000000000e+00
0.000000000000000e+00
0.000000000000000e+00
0.000000000000000e+00
-0.000000000000000e+00
0.000000000000000e+00
0.000000000000000e+00
0.000000000000000e+00
0.000000000000000e+00
-0.000000000000000e+00
0.000000000000000e+00
0.000000000000000e+00
0.000000000000000e+00
-0.000000000000000e+00
0.000000000000000e+00
0.000000000000000e+00
0.000000000000000e+00
0.000000000000000e+00
0.000000000000000e+00
0.000000000000000e+00
0.000000000000000e+00
0.000000000000000e+00
0.000000000000000e+00
0.000000000000000e+00
0.000000000000000e+00
0.000000000000000e+00
0.000000000000000e+00
0.000000000000000e+00
0.000000000000000e+00
0.000000000000000e+00
0.000000000000000e+00
0.000000000000000e+00
-0.000000000000000e+00
0.000000000000000e+00
-0.000000000000000e+00
0.000000000000000e+00
0.000000000000000e+00
0.000000000000000e+00
0.000000000000000e+00
0.000000000000000e+00
0.000000000000000e+00
0.000000000000000e+00
0.000000000000000e+00
0.000000000000000e+00
0.000000000000000e+00
0.000000000000000e+00
-0.000000000000000e+00
0.000000000000000e+00
0.000000000000000e+00
0.000000000000000e+00
0.000000000000000e+00
-0.000000000000000e+00
-0.000000000000000e+00
0.000000000000000e+00
0.000000000000000e+00
0.000000000000000e+00
0.000000000000000e+00
0.000000000000000e+00
0.000000000000000e+00
-0.000000000000000e+00
-0.000000000000000e+00
0.000000000000000e+00
0.000000000000000e+00
0.000000000000000e+00
0.000000000000000e+00
0.000000000000000e+00
0.000000000000000e+00
0.000000000000000e+00
0.000000000000000e+00
0.000000000000000e+00
0.000000000000000e+00
0.000000000000000e+00
-0.000000000000000e+00
0.000000000000000e+00
0.000000000000000e+00
0.000000000000000e+00
0.000000000000000e+00
0.000000000000000e+00
-0.000000000000000e+00
0.000000000000000e+00
0.000000000000000e+00
-0.000000000000000e+00
-0.000000000000000e+00
0.000000000000000e+00
0.000000000000000e+00
-0.000000000000000e+00
0.000000000000000e+00
0.000000000000000e+00
0.000000000000000e+00
-0.000000000000000e+00
-0.000000000000000e+00
0.000000000000000e+00
0.000000000000000e+00
0.000000000000000e+00
-0.000000000000000e+00
0.000000000000000e+00
0.000000000000000e+00
0.000000000000000e+00
0.000000000000000e+00
0.000000000000000e+00
0.000000000000000e+00
-0.000000000000000e+00
0.000000000000000e+00
0.000000000000000e+00
0.000000000000000e+00
-0.000000000000000e+00
-0.000000000000000e+00
0.000000000000000e+00
-0.000000000000000e+00
0.000000000000000e+00
0.000000000000000e+00
-0.000000000000000e+00
-0.000000000000000e+00
0.000000000000000e+00
0.000000000000000e+00
0.000000000000000e+00
0.000000000000000e+00
0.000000000000000e+00
0.000000000000000e+00
0.000000000000000e+00
-0.000000000000000e+00
-0.000000000000000e+00
0.000000000000000e+00
-0.000000000000000e+00
0.000000000000000e+00
0.000000000000000e+00
0.000000000000000e+00
0.000000000000000e+00
0.000000000000000e+00
0.000000000000000e+00
-0.000000000000000e+00
-0.000000000000000e+00
-0.000000000000000e+00
0.000000000000000e+00
-0.000000000000000e+00
0.000000000000000e+00
0.000000000000000e+00
0.000000000000000e+00
-0.000000000000000e+00
-0.000000000000000e+00
-0.000000000000000e+00
0.000000000000000e+00
0.000000000000000e+00
0.000000000000000e+00
0.000000000000000e+00
-0.000000000000000e+00
0.000000000000000e+00
0.000000000000000e+00
0.000000000000000e+00
0.000000000000000e+00
0.000000000000000e+00
-0.000000000000000e+00
0.000000000000000e+00
0.000000000000000e+00
0.000000000000000e+00
0.000000000000000e+00
0.000000000000000e+00
0.000000000000000e+00
0.000000000000000e+00
0.000000000000000e+00
0.000000000000000e+00
0.000000000000000e+00
0.000000000000000e+00
0.000000000000000e+00
-0.000000000000000e+00
-0.000000000000000e+00
0.000000000000000e+00
0.000000000000000e+00
0.000000000000000e+00
-0.000000000000000e+00
-0.000000000000000e+00
0.000000000000000e+00
0.000000000000000e+00
0.000000000000000e+00
0.000000000000000e+00
0.000000000000000e+00
0.000000000000000e+00
0.000000000000000e+00
-0.000000000000000e+00
0.000000000000000e+00
0.000000000000000e+00
0.000000000000000e+00
0.000000000000000e+00
0.000000000000000e+00
0.000000000000000e+00
-0.000000000000000e+00
0.000000000000000e+00
-0.000000000000000e+00
-0.000000000000000e+00
-0.000000000000000e+00
0.000000000000000e+00
0.000000000000000e+00
0.000000000000000e+00
0.000000000000000e+00
0.000000000000000e+00
0.000000000000000e+00
0.000000000000000e+00
0.000000000000000e+00
0.000000000000000e+00
0.000000000000000e+00
0.000000000000000e+00
0.000000000000000e+00
0.000000000000000e+00
-0.000000000000000e+00
-0.000000000000000e+00
0.000000000000000e+00
0.000000000000000e+00
-0.000000000000000e+00
-0.000000000000000e+00
0.000000000000000e+00
0.000000000000000e+00
0.000000000000000e+00
-0.000000000000000e+00
0.000000000000000e+00
0.000000000000000e+00
0.000000000000000e+00
0.000000000000000e+00
0.000000000000000e+00
0.000000000000000e+00
0.000000000000000e+00
0.000000000000000e+00
0.000000000000000e+00
0.000000000000000e+00
0.000000000000000e+00
0.000000000000000e+00
0.000000000000000e+00
0.000000000000000e+00
0.000000000000000e+00
-0.000000000000000e+00
0.000000000000000e+00
0.000000000000000e+00
0.000000000000000e+00
0.000000000000000e+00
0.000000000000000e+00
-0.000000000000000e+00
0.000000000000000e+00
-0.000000000000000e+00
0.000000000000000e+00
0.000000000000000e+00
-0.000000000000000e+00
-0.000000000000000e+00
0.000000000000000e+00
0.000000000000000e+00
0.000000000000000e+00
-0.000000000000000e+00
0.000000000000000e+00
0.000000000000000e+00
0.000000000000000e+00
0.000000000000000e+00
0.000000000000000e+00
0.000000000000000e+00
0.000000000000000e+00
0.000000000000000e+00
0.000000000000000e+00
0.000000000000000e+00
0.000000000000000e+00
0.000000000000000e+00
0.000000000000000e+00
-0.000000000000000e+00
-0.000000000000000e+00
0.000000000000000e+00
0.000000000000000e+00
0.000000000000000e+00
0.000000000000000e+00
0.000000000000000e+00
0.000000000000000e+00
0.000000000000000e+00
0.000000000000000e+00
-0.000000000000000e+00
0.000000000000000e+00
0.000000000000000e+00
0.000000000000000e+00
0.000000000000000e+00
-0.000000000000000e+00
0.000000000000000e+00
0.000000000000000e+00
0.000000000000000e+00
0.000000000000000e+00
0.000000000000000e+00
-0.000000000000000e+00
-0.000000000000000e+00
-0.000000000000000e+00
0.000000000000000e+00
0.000000000000000e+00
0.000000000000000e+00
0.000000000000000e+00
0.000000000000000e+00
0.000000000000000e+00
0.000000000000000e+00
-0.000000000000000e+00
0.000000000000000e+00
0.000000000000000e+00
0.000000000000000e+00
0.000000000000000e+00
0.000000000000000e+00
0.000000000000000e+00
-0.000000000000000e+00
-0.000000000000000e+00
-0.000000000000000e+00
0.000000000000000e+00
0.000000000000000e+00
0.000000000000000e+00
-0.000000000000000e+00
-0.000000000000000e+00
0.000000000000000e+00
0.000000000000000e+00
-0.000000000000000e+00
-0.000000000000000e+00
-0.000000000000000e+00
0.000000000000000e+00
0.000000000000000e+00
0.000000000000000e+00
0.000000000000000e+00
0.000000000000000e+00
0.000000000000000e+00
0.000000000000000e+00
0.000000000000000e+00
0.000000000000000e+00
0.000000000000000e+00
0.000000000000000e+00
0.000000000000000e+00
-0.000000000000000e+00
-0.000000000000000e+00
-0.000000000000000e+00
-0.000000000000000e+00
-0.000000000000000e+00
0.000000000000000e+00
0.000000000000000e+00
0.000000000000000e+00
-0.000000000000000e+00
-0.000000000000000e+00
0.000000000000000e+00
0.000000000000000e+00
-0.000000000000000e+00
-0.000000000000000e+00
0.000000000000000e+00
0.000000000000000e+00
0.000000000000000e+00
0.000000000000000e+00
0.000000000000000e+00
0.000000000000000e+00
-0.000000000000000e+00
-0.000000000000000e+00
0.000000000000000e+00
-0.000000000000000e+00
-0.000000000000000e+00
-0.000000000000000e+00
0.000000000000000e+00
0.000000000000000e+00
0.000000000000000e+00
0.000000000000000e+00
0.000000000000000e+00
0.000000000000000e+00
0.000000000000000e+00
0.000000000000000e+00
0.000000000000000e+00
0.000000000000000e+00
0.000000000000000e+00
0.000000000000000e+00
0.000000000000000e+00
-0.000000000000000e+00
-0.000000000000000e+00
-0.000000000000000e+00
-0.000000000000000e+00
0.000000000000000e+00
0.000000000000000e+00
-0.000000000000000e+00
0.000000000000000e+00
0.000000000000000e+00
0.000000000000000e+00
0.000000000000000e+00
0.000000000000000e+00
-0.000000000000000e+00
-0.000000000000000e+00
-0.000000000000000e+00
-0.000000000000000e+00
0.000000000000000e+00
0.000000000000000e+00
-0.000000000000000e+00
0.000000000000000e+00
-0.000000000000000e+00
-0.000000000000000e+00
-0.000000000000000e+00
0.000000000000000e+00
0.000000000000000e+00
-0.000000000000000e+00
-0.000000000000000e+00
0.000000000000000e+00
0.000000000000000e+00
0.000000000000000e+00
0.000000000000000e+00
-0.000000000000000e+00
-0.000000000000000e+00
0.000000000000000e+00
0.000000000000000e+00
0.000000000000000e+00
0.000000000000000e+00
0.000000000000000e+00
0.000000000000000e+00
-0.000000000000000e+00
0.000000000000000e+00
-0.000000000000000e+00
0.000000000000000e+00
0.000000000000000e+00
0.000000000000000e+00
0.000000000000000e+00
0.000000000000000e+00
-0.000000000000000e+00
-0.000000000000000e+00
0.000000000000000e+00
0.000000000000000e+00
0.000000000000000e+00
0.000000000000000e+00
-0.000000000000000e+00
-0.000000000000000e+00
0.000000000000000e+00
0.000000000000000e+00
0.000000000000000e+00
0.000000000000000e+00
0.000000000000000e+00
0.000000000000000e+00
-0.000000000000000e+00
0.000000000000000e+00
0.000000000000000e+00
0.000000000000000e+00
0.000000000000000e+00
0.000000000000000e+00
0.000000000000000e+00
0.000000000000000e+00
0.000000000000000e+00
0.000000000000000e+00
0.000000000000000e+00
0.000000000000000e+00
0.000000000000000e+00
0.000000000000000e+00
0.000000000000000e+00
0.000000000000000e+00
0.000000000000000e+00
0.000000000000000e+00
0.000000000000000e+00
0.000000000000000e+00
0.000000000000000e+00
0.000000000000000e+00
0.000000000000000e+00
0.000000000000000e+00
0.000000000000000e+00
0.000000000000000e+00
0.000000000000000e+00
0.000000000000000e+00
0.000000000000000e+00
0.000000000000000e+00
0.000000000000000e+00
-0.000000000000000e+00
0.000000000000000e+00
0.000000000000000e+00
0.000000000000000e+00
0.000000000000000e+00
0.000000000000000e+00
0.000000000000000e+00
0.000000000000000e+00
0.000000000000000e+00
0.000000000000000e+00
0.000000000000000e+00
-0.000000000000000e+00
0.000000000000000e+00
0.000000000000000e+00
-0.000000000000000e+00
-0.000000000000000e+00
0.000000000000000e+00
0.000000000000000e+00
0.000000000000000e+00
0.000000000000000e+00
0.000000000000000e+00
0.000000000000000e+00
0.000000000000000e+00
0.000000000000000e+00
0.000000000000000e+00
0.000000000000000e+00
0.000000000000000e+00
0.000000000000000e+00
0.000000000000000e+00
0.000000000000000e+00
0.000000000000000e+00
0.000000000000000e+00
0.000000000000000e+00
0.000000000000000e+00
0.000000000000000e+00
0.000000000000000e+00
-0.000000000000000e+00
-0.000000000000000e+00
0.000000000000000e+00
0.000000000000000e+00
-0.000000000000000e+00
0.000000000000000e+00
0.000000000000000e+00
0.000000000000000e+00
0.000000000000000e+00

nzz  1  1102  double
9.999999999999999e-01
9.999999999999999e-01
1.000000000000000e+00
1.000000000000000e+00
1.000000000000000e+00
1.000000000000000e+00
1.000000000000000e+00
1.000000000000000e+00
1.000000000000000e+00
9.999999999999999e-01
1.000000000000000e+00
1.000000000000000e+00
1.000000000000000e+00
1.000000000000000e+00
1.000000000000000e+00
1.000000000000000e+00
9.999999999999998e-01
9.999999999999998e-01
9.999999999999998e-01
1.000000000000000e+00
9.999999999999999e-01
9.999999999999999e-01
9.999999999999999e-01
1.000000000000000e+00
1.000000000000000e+00
1.000000000000000e+00
9.999999999999999e-01
1.000000000000000e+00
1.000000000000000e+00
1.000000000000000e+00
1.000000000000000e+00
1.000000000000000e+00
1.000000000000000e+00
1.000000000000000e+00
1.000000000000000e+00
1.000000000000000e+00
1.000000000000000e+00
1.000000000000000e+00
9.999999999999999e-01
9.999999999999999e-01
1.000000000000000e+00
1.000000000000000e+00
1.000000000000000e+00
1.000000000000000e+00
1.000000000000000e+00
1.000000000000000e+00
1.000000000000000e+00
1.000000000000000e+00
1.000000000000000e+00
9.999999999999999e-01
9.999999999999999e-01
9.999999999999999e-01
9.999999999999998e-01
1.000000000000000e+00
1.000000000000000e+00
1.000000000000000e+00
9.999999999999999e-01
9.999999999999999e-01
9.999999999999999e-01
9.999999999999999e-01
1.000000000000000e+00
1.000000000000000e+00
1.000000000000000e+00
1.000000000000000e+00
1.000000000000000e+00
1.000000000000000e+00
1.000000000000000e+00
1.000000000000000e+00
1.000000000000000e+00
1.000000000000000e+00
1.000000000000000e+00
1.000000000000000e+00
1.000000000000000e+00
1.000000000000000e+00
1.000000000000000e+00
9.999999999999999e-01
9.999999999999998e-01
9.999999999999998e-01
9.999999999999999e-01
9.999999999999999e-01
9.999999999999999e-01
9.999999999999999e-01
1.000000000000000e+00
1.000000000000000e+00
1.000000000000000e+00
1.000000000000000e+00
1.000000000000000e+00
9.999999999999999e-01
9.999999999999999e-01
1.000000000000000e+00
9.999999999999999e-01
1.000000000000000e+00
1.000000000000000e+00
1.000000000000000e+00
9.999999999999999e-01
9.999999999999999e-01
1.000000000000000e+00
1.000000000000000e+00
1.000000000000000e+00
1.000000000000000e+00
1.000000000000000e+00
1.000000000000000e+00
1.000000000000000e+00
1.000000000000000e+00
1.000000000000000e+00
1.000000000000000e+00
1.000000000000000e+00
1.000000000000000e+00
1.000000000000000e+00
1.000000000000000e+00
9.999999999999999e-01
1.000000000000000e+00
9.999999999999998e-01
9.999999999999998e-01
1.000000000000000e+00
1.000000000000000e+00
1.000000000000000e+00
1.000000000000000e+00
9.999999999999999e-01
1.000000000000000e+00
1.000000000000000e+00
1.000000000000000e+00
1.000000000000000e+00
1.000000000000000e+00
9.999999999999999e-01
1.000000000000000e+00
1.000000000000000e+00
1.000000000000000e+00
1.000000000000000e+00
1.000000000000000e+00
1.000000000000000e+00
1.000000000000000e+00
9.999999999999999e-01
9.999999999999999e-01
1.000000000000000e+00
1.000000000000000e+00
1.000000000000000e+00
9.999999999999999e-01
1.000000000000000e+00
1.000000000000000e+00
9.999999999999997e-01
1.000000000000000e+00
1.000000000000000e+00
1.000000000000000e+00
1.000000000000000e+00
1.000000000000000e+00
1.000000000000000e+00
9.999999999999999e-01
1.000000000000000e+00
1.000000000000000e+00
1.000000000000000e+00
1.000000000000000e+00
9.999999999999998e-01
1.000000000000000e+00
1.000000000000000e+00
1.000000000000000e+00
9.999999999999999e-01
1.000000000000000e+00
1.000000000000000e+00
9.999999999999999e-01
9.999999999999999e-01
9.999999999999999e-01
9.999999999999999e-01
9.999999999999999e-01
1.000000000000000e+00
1.000000000000000e+00
9.999999999999999e-01
1.000000000000000e+00
1.000000000000000e+00
1.000000000000000e+00
1.000000000000000e+00
1.000000000000000e+00
1.000000000000000e+00
1.000000000000000e+00
1.000000000000000e+00
1.000000000000000e+00
1.000000000000000e+00
1.000000000000000e+00
1.000000000000000e+00
1.000000000000000e+00
1.000000000000000e+00
1.000000000000000e+00
1.000000000000000e+00
1.000000000000000e+00
1.000000000000000e+00
1.000000000000000e+00
9.999999999999999e-01
9.999999999999999e-01
9.999999999999998e-01
1.000000000000000e+00
1.000000000000000e+00
9.999999999999999e-01
1.000000000000000e+00
9.999999999999999e-01
1.000000000000000e+00
1.000000000000000e+00
1.000000000000000e+00
1.000000000000000e+00
1.000000000000000e+00
9.999999999999998e-01
1.000000000000000e+00
1.000000000000000e+00
1.000000000000000e+00
1.000000000000000e+00
9.999999999999999e-01
1.000000000000000e+00
1.000000000000000e+00
1.000000000000000e+00
9.999999999999999e-01
9.999999999999998e-01
1.000000000000000e+00
9.999999999999999e-01
1.000000000000000e+00
1.000000000000000e+00
1.000000000000000e+00
1.000000000000000e+00
1.000000000000000e+00
9.999999999999999e-01
9.999999999999999e-01
9.999999999999999e-01
1.000000000000000e+00
1.000000000000000e+00
1.000000000000000e+00
1.000000000000000e+00
9.999999999999999e-01
1.000000000000000e+00
1.000000000000000e+00
1.000000000000000e+00
1.000000000000000e+00
1.000000000000000e+00
1.000000000000000e+00
1.000000000000000e+00
1.000000000000000e+00
1.000000000000000e+00
1.000000000000000e+00
1.000000000000000e+00
1.000000000000000e+00
9.999999999999999e-01
1.000000000000000e+00
1.000000000000000e+00
1.000000000000000e+00
1.000000000000000e+00
9.999999999999998e-01
1.000000000000000e+00
1.000000000000000e+00
1.000000000000000e+00
1.000000000000000e+00
9.999999999999999e-01
9.999999999999999e-01
1.000000000000000e+00
1.000000000000000e+00
1.000000000000000e+00
1.000000000000000e+00
1.000000000000000e+00
1.000000000000000e+00
1.000000000000000e+00
9.999999999999999e-01
9.999999999999999e-01
1.000000000000000e+00
1.000000000000000e+00
1.000000000000000e+00
1.000000000000000e+00
1.000000000000000e+00
1.000000000000000e+00
9.999999999999998e-01
1.000000000000000e+00
1.000000000000000e+00
1.000000000000000e+00
1.000000000000000e+00
1.000000000000000e+00
9.999999999999999e-01
9.999999999999999e-01
9.999999999999998e-01
9.999999999999998e-01
1.000000000000000e+00
1.000000000000000e+00
9.999999999999998e-01
9.999999999999998e-01
1.000000000000000e+00
1.000000000000000e+00
1.000000000000000e+00
1.000000000000000e+00
1.000000000000000e+00
1.000000000000000e+00
1.000000000000000e+00
1.000000000000000e+00
1.000000000000000e+00
9.999999999999999e-01
1.000000000000000e+00
1.000000000000000e+00
1.000000000000000e+00
1.000000000000000e+00
9.999999999999998e-01
9.999999999999998e-01
1.000000000000000e+00
1.000000000000000e+00
1.000000000000000e+00
1.000000000000000e+00
1.000000000000000e+00
1.000000000000000e+00
1.000000000000000e+00
1.000000000000000e+00
1.000000000000000e+00
1.000000000000000e+00
1.000000000000000e+00
1.000000000000000e+00
1.000000000000000e+00
1.000000000000000e+00
9.999999999999999e-01
9.999999999999999e-01
1.000000000000000e+00
1.000000000000000e+00
1.000000000000000e+00
1.000000000000000e+00
1.000000000000000e+00
1.000000000000000e+00
1.000000000000000e+00
9.999999999999999e-01
9.999999999999999e-01
1.000000000000000e+00
1.000000000000000e+00
9.999999999999999e-01
9.999999999999999e-01
1.000000000000000e+00
9.999999999999999e-01
9.999999999999999e-01
1.000000000000000e+00
9.999999999999999e-01
1.000000000000000e+00
1.000000000000000e+00
1.000000000000000e+00
1.000000000000000e+00
1.000000000000000e+00
1.000000000000000e+00
1.000000000000000e+00
1.000000000000000e+00
1.000000000000000e+00
1.000000000000000e+00
9.999999999999999e-01
9.999999999999999e-01
1.000000000000000e+00
1.000000000000000e+00
1.000000000000000e+00
9.999999999999999e-01
1.000000000000000e+00
9.999999999999999e-01
9.999999999999999e-01
1.000000000000000e+00
1.000000000000000e+00
1.000000000000000e+00
1.000000000000000e+00
1.000000000000000e+00
1.000000000000000e+00
1.000000000000000e+00
1.000000000000000e+00
1.000000000000000e+00
9.999999999999999e-01
9.999999999999999e-01
9.999999999999999e-01
1.000000000000000e+00
1.000000000000000e+00
9.999999999999999e-01
1.000000000000000e+00
1.000000000000000e+00
1.000000000000000e+00
1.000000000000000e+00
1.000000000000000e+00
1.000000000000000e+00
1.000000000000000e+00
9.999999999999999e-01
9.999999999999999e-01
1.000000000000000e+00
9.999999999999999e-01
1.000000000000000e+00
1.000000000000000e+00
1.000000000000000e+00
1.000000000000000e+00
1.000000000000000e+00
1.000000000000000e+00
1.000000000000000e+00
1.000000000000000e+00
1.000000000000000e+00
1.000000000000000e+00
9.999999999999999e-01
9.999999999999999e-01
1.000000000000000e+00
1.000000000000000e+00
1.000000000000000e+00
1.000000000000000e+00
9.999999999999999e-01
1.000000000000000e+00
1.000000000000000e+00
1.000000000000000e+00
1.000000000000000e+00
1.000000000000000e+00
1.000000000000000e+00
1.000000000000000e+00
9.999999999999998e-01
1.000000000000000e+00
1.000000000000000e+00
1.000000000000000e+00
1.000000000000000e+00
9.999999999999999e-01
9.999999999999999e-01
1.000000000000000e+00
1.000000000000000e+00
1.000000000000000e+00
1.000000000000000e+00
1.000000000000000e+00
1.000000000000000e+00
1.000000000000000e+00
1.000000000000000e+00
1.000000000000000e+00
1.000000000000000e+00
1.000000000000000e+00
1.000000000000000e+00
1.000000000000000e+00
1.000000000000000e+00
9.999999999999999e-01
1.000000000000000e+00
9.999999999999999e-01
9.999999999999999e-01
9.999999999999999e-01
9.999999999999999e-01
1.000000000000000e+00
1.000000000000000e+00
9.999999999999999e-01
1.000000000000000e+00
1.000000000000000e+00
9.999999999999997e-01
1.000000000000000e+00
1.000000000000000e+00
1.000000000000000e+00
9.999999999999998e-01
9.999999999999998e-01
9.999999999999998e-01
9.999999999999999e-01
9.999999999999998e-01
9.999999999999999e-01
1.000000000000000e+00
9.999999999999998e-01
1.000000000000000e+00
1.000000000000000e+00
1.000000000000000e+00
1.000000000000000e+00
1.000000000000000e+00
1.000000000000000e+00
1.000000000000000e+00
9.999999999999999e-01
1.000000000000000e+00
9.999999999999999e-01
1.000000000000000e+00
9.999999999999999e-01
1.000000000000000e+00
1.000000000000000e+00
1.000000000000000e+00
1.000000000000000e+00
1.000000000000000e+00
1.000000000000000e+00
1.000000000000000e+00
1.000000000000000e+00
1.000000000000000e+00
1.000000000000000e+00
1.000000000000000e+00
1.000000000000000e+00
1.000000000000000e+00
1.000000000000000e+00
1.000000000000000e+00
1.000000000000000e+00
1.000000000000000e+00
1.000000000000000e+00
1.000000000000000e+00
1.000000000000000e+00
1.000000000000000e+00
1.000000000000000e+00
1.000000000000000e+00
9.999999999999999e-01
1.000000000000000e+00
1.000000000000000e+00
1.000000000000000e+00
1.000000000000000e+00
1.000000000000000e+00
1.000000000000000e+00
1.000000000000000e+00
1.000000000000000e+00
1.000000000000000e+00
9.999999999999998e-01
1.000000000000000e+00
9.999999999999999e-01
1.000000000000000e+00
1.000000000000000e+00
1.000000000000000e+00
9.999999999999999e-01
1.000000000000000e+00
1.000000000000000e+00
1.000000000000000e+00
1.000000000000000e+00
1.000000000000000e+00
1.000000000000000e+00
1.000000000000000e+00
1.000000000000000e+00
1.000000000000000e+00
1.000000000000000e+00
1.000000000000000e+00
1.000000000000000e+00
1.000000000000000e+00
1.000000000000000e+00
9.999999999999999e-01
9.999999999999999e-01
9.999999999999999e-01
1.000000000000000e+00
9.999999999999999e-01
9.999999999999999e-01
1.000000000000000e+00
1.000000000000000e+00
1.000000000000000e+00
1.000000000000000e+00
9.999999999999999e-01
1.000000000000000e+00
1.000000000000000e+00
1.000000000000000e+00
1.000000000000000e+00
9.999999999999999e-01
1.000000000000000e+00
1.000000000000000e+00
1.000000000000000e+00
1.000000000000000e+00
9.999999999999998e-01
1.000000000000000e+00
9.999999999999999e-01
9.999999999999999e-01
9.999999999999998e-01
1.000000000000000e+00
9.999999999999999e-01
1.000000000000000e+00
1.000000000000000e+00
1.000000000000000e+00
1.000000000000000e+00
1.000000000000000e+00
1.000000000000000e+00
1.000000000000000e+00
9.999999999999999e-01
1.000000000000000e+00
1.000000000000000e+00
1.000000000000000e+00
1.000000000000000e+00
1.000000000000000e+00
1.000000000000000e+00
1.000000000000000e+00
9.999999999999998e-01
9.999999999999999e-01
9.999999999999999e-01
1.000000000000000e+00
1.000000000000000e+00
1.000000000000000e+00
1.000000000000000e+00
1.000000000000000e+00
1.000000000000000e+00
1.000000000000000e+00
1.000000000000000e+00
9.999999999999999e-01
1.000000000000000e+00
1.000000000000000e+00
1.000000000000000e+00
1.000000000000000e+00
1.000000000000000e+00
1.000000000000000e+00
1.000000000000000e+00
1.000000000000000e+00
1.000000000000000e+00
9.999999999999999e-01
1.000000000000000e+00
9.999999999999999e-01
9.999999999999998e-01
1.000000000000000e+00
1.000000000000000e+00
1.000000000000000e+00
1.000000000000000e+00
9.999999999999999e-01
9.999999999999997e-01
1.000000000000000e+00
1.000000000000000e+00
9.999999999999999e-01
1.000000000000000e+00
1.000000000000000e+00
1.000000000000000e+00
1.000000000000000e+00
1.000000000000000e+00
1.000000000000000e+00
1.000000000000000e+00
1.000000000000000e+00
9.999999999999998e-01
9.999999999999998e-01
9.999999999999998e-01
1.000000000000000e+00
9.999999999999999e-01
9.999999999999999e-01
9.999999999999999e-01
9.999999999999999e-01
1.000000000000000e+00
9.999999999999999e-01
1.000000000000000e+00
9.999999999999999e-01
1.000000000000000e+00
9.999999999999999e-01
9.999999999999999e-01
1.000000000000000e+00
1.000000000000000e+00
1.000000000000000e+00
1.000000000000000e+00
9.999999999999998e-01
1.000000000000000e+00
1.000000000000000e+00
1.000000000000000e+00
1.000000000000000e+00
9.999999999999998e-01
9.999999999999999e-01
9.999999999999999e-01
9.999999999999999e-01
9.999999999999999e-01
1.000000000000000e+00
1.000000000000000e+00
9.999999999999999e-01
1.000000000000000e+00
9.999999999999998e-01
9.999999999999999e-01
9.999999999999999e-01
9.999999999999999e-01
9.999999999999999e-01
1.000000000000000e+00
1.000000000000000e+00
1.000000000000000e+00
1.000000000000000e+00
9.999999999999999e-01
9.999999999999999e-01
1.000000000000000e+00
1.000000000000000e+00
1.000000000000000e+00
1.000000000000000e+00
1.000000000000000e+00
1.000000000000000e+00
9.999999999999999e-01
1.000000000000000e+00
9.999999999999999e-01
1.000000000000000e+00
9.999999999999999e-01
1.000000000000000e+00
9.999999999999999e-01
1.000000000000000e+00
1.000000000000000e+00
1.000000000000000e+00
9.999999999999999e-01
9.999999999999998e-01
9.999999999999999e-01
9.999999999999999e-01
1.000000000000000e+00
1.000000000000000e+00
1.000000000000000e+00
9.999999999999999e-01
9.999999999999999e-01
1.000000000000000e+00
1.000000000000000e+00
1.000000000000000e+00
1.000000000000000e+00
1.000000000000000e+00
1.000000000000000e+00
1.000000000000000e+00
9.999999999999999e-01
9.999999999999999e-01
1.000000000000000e+00
1.000000000000000e+00
1.000000000000000e+00
9.999999999999999e-01
9.999999999999999e-01
1.000000000000000e+00
1.000000000000000e+00
1.000000000000000e+00
9.999999999999998e-01
9.999999999999999e-01
1.000000000000000e+00
9.999999999999999e-01
9.999999999999999e-01
1.000000000000000e+00
9.999999999999998e-01
1.000000000000000e+00
1.000000000000000e+00
9.999999999999998e-01
1.000000000000000e+00
1.000000000000000e+00
1.000000000000000e+00
9.999999999999998e-01
1.000000000000000e+00
1.000000000000000e+00
9.999999999999999e-01
1.000000000000000e+00
1.000000000000000e+00
1.000000000000000e+00
1.000000000000000e+00
9.999999999999999e-01
1.000000000000000e+00
1.000000000000000e+00
1.000000000000000e+00
1.000000000000000e+00
1.000000000000000e+00
1.000000000000000e+00
1.000000000000000e+00
1.000000000000000e+00
1.000000000000000e+00
9.999999999999999e-01
9.999999999999999e-01
1.000000000000000e+00
1.000000000000000e+00
1.000000000000000e+00
1.000000000000000e+00
1.000000000000000e+00
9.999999999999999e-01
1.000000000000000e+00
1.000000000000000e+00
9.999999999999999e-01
1.000000000000000e+00
1.000000000000000e+00
1.000000000000000e+00
1.000000000000000e+00
1.000000000000000e+00
1.000000000000000e+00
1.000000000000000e+00
1.000000000000000e+00
1.000000000000000e+00
1.000000000000000e+00
1.000000000000000e+00
1.000000000000000e+00
1.000000000000000e+00
9.999999999999999e-01
1.000000000000000e+00
1.000000000000000e+00
1.000000000000000e+00
1.000000000000000e+00
1.000000000000000e+00
1.000000000000000e+00
1.000000000000000e+00
9.999999999999999e-01
9.999999999999999e-01
1.000000000000000e+00
9.999999999999999e-01
1.000000000000000e+00
1.000000000000000e+00
1.000000000000000e+00
1.000000000000000e+00
1.000000000000000e+00
1.000000000000000e+00
1.000000000000000e+00
1.000000000000000e+00
1.000000000000000e+00
1.000000000000000e+00
9.999999999999999e-01
9.999999999999999e-01
1.000000000000000e+00
1.000000000000000e+00
1.000000000000000e+00
9.999999999999999e-01
9.999999999999999e-01
1.000000000000000e+00
1.000000000000000e+00
1.000000000000000e+00
1.000000000000000e+00
1.000000000000000e+00
1.000000000000000e+00
1.000000000000000e+00
1.000000000000000e+00
9.999999999999998e-01
9.999999999999998e-01
1.000000000000000e+00
1.000000000000000e+00
1.000000000000000e+00
1.000000000000000e+00
1.000000000000000e+00
9.999999999999999e-01
1.000000000000000e+00
1.000000000000000e+00
1.000000000000000e+00
1.000000000000000e+00
1.000000000000000e+00
1.000000000000000e+00
1.000000000000000e+00
1.000000000000000e+00
1.000000000000000e+00
1.000000000000000e+00
1.000000000000000e+00
1.000000000000000e+00
1.000000000000000e+00
1.000000000000000e+00
9.999999999999999e-01
9.999999999999997e-01
9.999999999999997e-01
9.999999999999997e-01
9.999999999999999e-01
1.000000000000000e+00
9.999999999999999e-01
1.000000000000000e+00
1.000000000000000e+00
1.000000000000000e+00
1.000000000000000e+00
1.000000000000000e+00
1.000000000000000e+00
9.999999999999999e-01
9.999999999999999e-01
1.000000000000000e+00
1.000000000000000e+00
9.999999999999999e-01
9.999999999999999e-01
9.999999999999998e-01
1.000000000000000e+00
1.000000000000000e+00
9.999999999999999e-01
1.000000000000000e+00
9.999999999999999e-01
1.000000000000000e+00
9.999999999999998e-01
1.000000000000000e+00
1.000000000000000e+00
1.000000000000000e+00
1.000000000000000e+00
1.000000000000000e+00
1.000000000000000e+00
1.000000000000000e+00
1.000000000000000e+00
1.000000000000000e+00
9.999999999999999e-01
9.999999999999999e-01
1.000000000000000e+00
1.000000000000000e+00
9.999999999999998e-01
9.999999999999998e-01
1.000000000000000e+00
9.999999999999998e-01
1.000000000000000e+00
9.999999999999999e-01
1.000000000000000e+00
1.000000000000000e+00
1.000000000000000e+00
1.000000000000000e+00
1.000000000000000e+00
1.000000000000000e+00
1.000000000000000e+00
9.999999999999999e-01
9.999999999999999e-01
1.000000000000000e+00
1.000000000000000e+00
1.000000000000000e+00
9.999999999999999e-01
9.999999999999999e-01
1.000000000000000e+00
1.000000000000000e+00
9.999999999999999e-01
1.000000000000000e+00
1.000000000000000e+00
1.000000000000000e+00
1.000000000000000e+00
1.000000000000000e+00
1.000000000000000e+00
1.000000000000000e+00
1.000000000000000e+00
1.000000000000000e+00
9.999999999999999e-01
9.999999999999999e-01
1.000000000000000e+00
9.999999999999999e-01
1.000000000000000e+00
1.000000000000000e+00
1.000000000000000e+00
1.000000000000000e+00
9.999999999999999e-01
9.999999999999999e-01
1.000000000000000e+00
1.000000000000000e+00
9.999999999999999e-01
1.000000000000000e+00
1.000000000000000e+00
1.000000000000000e+00
1.000000000000000e+00
1.000000000000000e+00
1.000000000000000e+00
1.000000000000000e+00
1.000000000000000e+00
1.000000000000000e+00
1.000000000000000e+00
1.000000000000000e+00
1.000000000000000e+00
1.000000000000000e+00
9.999999999999999e-01
9.999999999999999e-01
1.000000000000000e+00
1.000000000000000e+00
1.000000000000000e+00
1.000000000000000e+00
9.999999999999999e-01
1.000000000000000e+00
9.999999999999999e-01
1.000000000000000e+00
1.000000000000000e+00
1.000000000000000e+00
9.999999999999999e-01
9.999999999999999e-01
9.999999999999999e-01
1.000000000000000e+00
1.000000000000000e+00
1.000000000000000e+00
1.000000000000000e+00
1.000000000000000e+00
9.999999999999998e-01
9.999999999999999e-01
9.999999999999999e-01
9.999999999999999e-01
9.999999999999999e-01
9.999999999999999e-01
1.000000000000000e+00
9.999999999999999e-01
1.000000000000000e+00
1.000000000000000e+00
9.999999999999999e-01
9.999999999999999e-01
9.999999999999999e-01
9.999999999999999e-01
9.999999999999999e-01
1.000000000000000e+00
1.000000000000000e+00
1.000000000000000e+00
1.000000000000000e+00
1.000000000000000e+00
1.000000000000000e+00
1.000000000000000e+00
1.000000000000000e+00
1.000000000000000e+00
9.999999999999999e-01
1.000000000000000e+00
1.000000000000000e+00
9.999999999999999e-01
1.000000000000000e+00
1.000000000000000e+00
1.000000000000000e+00
1.000000000000000e+00
1.000000000000000e+00
1.000000000000000e+00
1.000000000000000e+00
1.000000000000000e+00
9.999999999999999e-01
1.000000000000000e+00
1.000000000000000e+00
1.000000000000000e+00
1.000000000000000e+00
1.000000000000000e+00
1.000000000000000e+00
9.999999999999999e-01
9.999999999999999e-01
1.000000000000000e+00
1.000000000000000e+00
1.000000000000000e+00
1.000000000000000e+00
9.999999999999999e-01
9.999999999999999e-01
1.000000000000000e+00
9.999999999999999e-01
1.000000000000000e+00
1.000000000000000e+00
1.000000000000000e+00
1.000000000000000e+00
1.000000000000000e+00
1.000000000000000e+00
1.000000000000000e+00
1.000000000000000e+00
9.999999999999997e-01
1.000000000000000e+00
1.000000000000000e+00
1.000000000000000e+00
1.000000000000000e+00
1.000000000000000e+00
1.000000000000000e+00
1.000000000000000e+00
1.000000000000000e+00
9.999999999999999e-01
9.999999999999999e-01
1.000000000000000e+00
1.000000000000000e+00
1.000000000000000e+00
1.000000000000000e+00
1.000000000000000e+00
1.000000000000000e+00
1.000000000000000e+00
1.000000000000000e+00
1.000000000000000e+00
1.000000000000000e+00
9.999999999999999e-01
9.999999999999999e-01
9.999999999999999e-01
1.000000000000000e+00
1.000000000000000e+00
1.000000000000000e+00
9.999999999999999e-01
1.000000000000000e+00
1.000000000000000e+00
1.000000000000000e+00
1.000000000000000e+00
1.000000000000000e+00
1.000000000000000e+00
1.000000000000000e+00
1.000000000000000e+00
1.000000000000000e+00
1.000000000000000e+00
1.000000000000000e+00
1.000000000000000e+00
1.000000000000000e+00
1.000000000000000e+00
9.999999999999999e-01
9.999999999999999e-01
9.999999999999999e-01
1.000000000000000e+00
1.000000000000000e+00
1.000000000000000e+00
1.000000000000000e+00
1.000000000000000e+00
9.999999999999999e-01
9.999999999999999e-01
1.000000000000000e+00
1.000000000000000e+00
1.000000000000000e+00
1.000000000000000e+00
1.000000000000000e+00
9.999999999999999e-01
1.000000000000000e+00
1.000000000000000e+00
1.000000000000000e+00
9.999999999999999e-01
9.999999999999999e-01
9.999999999999999e-01
9.999999999999999e-01
1.000000000000000e+00
9.999999999999998e-01
9.999999999999999e-01
1.000000000000000e+00
1.000000000000000e+00
1.000000000000000e+00
1.000000000000000e+00
9.999999999999999e-01
1.000000000000000e+00
1.000000000000000e+00
9.999999999999999e-01
1.000000000000000e+00
1.000000000000000e+00
1.000000000000000e+00
9.999999999999999e-01
1.000000000000000e+00
1.000000000000000e+00
1.000000000000000e+00
1.000000000000000e+00
1.000000000000000e+00
1.000000000000000e+00
1.000000000000000e+00
1.000000000000000e+00
1.000000000000000e+00
9.999999999999999e-01
9.999999999999999e-01
9.999999999999999e-01
9.999999999999998e-01
9.999999999999999e-01
1.000000000000000e+00
1.000000000000000e+00
1.000000000000000e+00
1.000000000000000e+00
9.999999999999999e-01
1.000000000000000e+00
1.000000000000000e+00
1.000000000000000e+00
1.000000000000000e+00
1.000000000000000e+00
1.000000000000000e+00
1.000000000000000e+00
1.000000000000000e+00
1.000000000000000e+00
1.000000000000000e+00
1.000000000000000e+00
1.000000000000000e+00
9.999999999999999e-01
9.999999999999999e-01
1.000000000000000e+00
1.000000000000000e+00
9.999999999999999e-01
9.999999999999999e-01
9.999999999999999e-01
1.000000000000000e+00
1.000000000000000e+00
1.000000000000000e+00
9.999999999999999e-01
9.999999999999999e-01
9.999999999999999e-01
1.000000000000000e+00
9.999999999999999e-01
9.999999999999999e-01
1.000000000000000e+00
1.000000000000000e+00
1.000000000000000e+00
1.000000000000000e+00
9.999999999999999e-01

rho_api  1  1102  double
9.980422936419018e-01
9.980288707949201e-01
9.979914541639987e-01
9.979919033653143e-01
9.979785999926102e-01
9.982124429736339e-01
9.981296033863896e-01
9.979779206248097e-01
9.981595059876470e-01
9.980258290526067e-01
9.981846665265462e-01
9.983330142796270e-01
9.983546291779987e-01
9.983705054201568e-01
9.979223426687991e-01
9.979170269892228e-01
9.981877050689814e-01
9.981403312641922e-01
9.979960382230657e-01
9.982911470806755e-01
9.980034742902872e-01
9.981615684956560e-01
9.983725468242191e-01
9.982237522702297e-01
9.982231106234317e-01
9.981362263852553e-01
9.980590859785624e-01
9.980493688880561e-01
9.981238340172139e-01
9.981209685787523e-01
9.980491201288809e-01
9.982618955387693e-01
9.982515485224829e-01
9.982804826849128e-01
9.983812202374954e-01
9.983754755065780e-01
9.982587542808458e-01
9.980462072552791e-01
9.979763895179332e-01
9.982988741290826e-01
9.984048204508484e-01
9.983736279856646e-01
9.982447516206175e-01
9.981262317587729e-01
9.979585315627237e-01
9.983026910565875e-01
9.982361453611364e-01
9.983822082261729e-01
9.984401869020025e-01
9.981700971327677e-01
9.980731474740279e-01
9.980801472247899e-01
9.981498593727988e-01
9.980536539138700e-01
9.980368416648489e-01
9.981287447697716e-01
9.980486194122939e-01
9.980078251486547e-01
9.980383539836166e-01
9.980278501347506e-01
9.980238776750422e-01
9.980587778692158e-01
9.980479778928880e-01
9.980350304389118e-01
9.980108525781209e-01
9.980200593810195e-01
9.979879395136332e-01
9.979904926748518e-01
9.979896263146287e-01
9.979968031090246e-01
9.979467015997774e-01
9.979199597455465e-01
9.979276601948631e-01
9.979267222264010e-01
9.979265743444925e-01
9.979341419335135e-01
9.980518248192081e-01
9.980402321232383e-01
9.980772778487262e-01
9.981483356047719e-01
9.980959225141413e-01
9.981183412140050e-01
9.980442547540558e-01
9.980476293531229e-01
9.979899277587392e-01
9.979854677026807e-01
9.979499212665194e-01
9.979335596804124e-01
9.979830022120765e-01
9.980255489335498e-01
9.979841114422978e-01
9.980371280621846e-01
9.980208848416858e-01
9.980107629304396e-01
9.981335655320528e-01
9.980778815811793e-01
9.981429919262431e-01
9.980842010455000e-01
9.980329155454659e-01
9.980303498861823e-01
9.980558465692417e-01
9.980522303609906e-01
9.979891061608535e-01
9.980300598895558e-01
9.979978111892689e-01
9.980127368680941e-01
9.979202496647667e-01
9.979248768120905e-01
9.979226838761738e-01
9.979333990399788e-01
9.979348145234158e-01
9.979223065683313e-01
9.979415887357416e-01
9.979346928135873e-01
9.980320805969338e-01
9.980797320908219e-01
9.980544523828611e-01
9.980287529308706e-01
9.980438373850132e-01
9.981846422141722e-01
9.979367188885601e-01
9.979370469119569e-01
9.979204672374955e-01
9.979260879822935e-01
9.979391449438627e-01
9.979481590008117e-01
9.979336851007998e-01
9.979278222402538e-01
9.979373880903030e-01
9.979653907202193e-01
9.979479822629391e-01
9.979524766186449e-01
9.979352364333307e-01
9.979306382615429e-01
9.979356166666502e-01
9.979646286101543e-01
9.979559250944599e-01
9.979626537369480e-01
9.979636954183296e-01
9.979468288687903e-01
9.979644518080687e-01
9.979426641864071e-01
9.979551607785241e-01
9.979649329032149e-01
9.979908714070268e-01
9.979585697506302e-01
9.979393316306550e-01
9.979623562457616e-01
9.980638018535567e-01
9.980390731299321e-01
9.980415767181628e-01
9.980527643011998e-01
9.980353097423867e-01
9.980373953963975e-01
9.980321343814667e-01
9.980217707465696e-01
9.980525470223081e-01
9.980376128882446e-01
9.980089205459168e-01
9.980371244218070e-01
9.981068332096148e-01
9.980765966537172e-01
9.981535500576082e-01
9.980947300865397e-01
9.979975038058834e-01
9.980182680109698e-01
9.979690205185503e-01
9.979764533790479e-01
9.979958367131223e-01
9.980794409906636e-01
9.981369419700979e-01
9.980375104208911e-01
9.981976284077949e-01
9.980760307061556e-01
9.979953242084213e-01
9.979972358146973e-01
9.979952362973563e-01
9.979966174756323e-01
9.979569186950933e-01
9.980461642649123e-01
9.980463538508973e-01
9.980011297929403e-01
9.981590681480890e-01
9.980746996168499e-01
9.980747169154919e-01
9.981782119061877e-01
9.980363155084357e-01
9.980313708787807e-01
9.980580054015459e-01
9.979915672810751e-01
9.979937398017499e-01
9.979884244728826e-01
9.979855343835663e-01
9.979655757099829e-01
9.979658660710063e-01
9.979826040226992e-01
9.979856102764308e-01
9.979713250526243e-01
9.979775063735307e-01
9.980477233571237e-01
9.981781306502455e-01
9.981490075380157e-01
9.980413099882194e-01
9.981380283650561e-01
9.980419460530083e-01
9.980338119759474e-01
9.980107869795268e-01
9.979941132071372e-01
9.980308757154881e-01
9.980660786474467e-01
9.981155836585128e-01
9.981897374692938e-01
9.981345966853798e-01
9.979798841905837e-01
9.983746212674427e-01
9.983618236774457e-01
9.982722468731771e-01
9.979176410650280e-01
9.979382926896393e-01
9.983791432916392e-01
9.982043192257902e-01
9.983689893044267e-01
9.979274405423567e-01
9.979261659896608e-01
9.979382241310046e-01
9.980904382682190e-01
9.981630733954407e-01
9.980683294955283e-01
9.982442405339093e-01
9.980624009830866e-01
9.979770713773847e-01
9.981275050110695e-01
9.980764204602119e-01
9.980677030731028e-01
9.982066037646420e-01
9.982234484897391e-01
9.982749527993214e-01
9.980315913783967e-01
9.982251048019204e-01
9.983548204714110e-01
9.983625740401438e-01
9.983469564208801e-01
9.983720745610171e-01
9.979608705619597e-01
9.979590642851944e-01
9.979411147539498e-01
9.979314906524283e-01
9.979394881081934e-01
9.979374362129360e-01
9.979566818665138e-01
9.979533305654494e-01
9.979530898966201e-01
9.979533580819033e-01
9.979419190166979e-01
9.979759318727740e-01
9.979992722426200e-01
9.982842261812042e-01
9.983751535011244e-01
9.979447537831977e-01
9.983546252880861e-01
9.984596553349862e-01
9.983628996917160e-01
9.983610867635485e-01
9.983758056840468e-01
9.983576270488722e-01
9.978871743158481e-01
9.979273153003133e-01
9.979110893452461e-01
9.979243290886297e-01
9.979216826984962e-01
9.979233554513407e-01
9.979204523012751e-01
9.980972088710893e-01
9.980400037971467e-01
9.980866006646015e-01
9.981685602270487e-01
9.981640644189551e-01
9.980790756052943e-01
9.981469066275408e-01
9.981262468248316e-01
9.980675649014742e-01
9.980624255297367e-01
9.980075477651102e-01
9.979887492747925e-01
9.979885335853860e-01
9.979894588682412e-01
9.980519184360326e-01
9.980426835641523e-01
9.980548874621981e-01
9.980521491089138e-01
9.981397439363381e-01
9.981133511313593e-01
9.979541727036023e-01
9.979904872205392e-01
9.979809179078603e-01
9.979947818205676e-01
9.979929550935679e-01
9.979877057672158e-01
9.979585895064370e-01
9.979828196808508e-01
9.979663750733706e-01
9.979448490337363e-01
9.979526717249833e-01
9.979652759606626e-01
9.979585090936388e-01
9.979593142234957e-01
9.980752747983903e-01
9.981274932504409e-01
9.980497248591114e-01
9.980632335583470e-01
9.981092659068254e-01
9.981193027081636e-01
9.979246981543523e-01
9.979282755586956e-01
9.979206999371882e-01
9.979294470643089e-01
9.979444514552257e-01
9.979448939794272e-01
9.979619392327856e-01
9.979697300191710e-01
9.979478372842941e-01
9.979295491968706e-01
9.979572289784965e-01
9.979368319791296e-01
9.979270541722556e-01
9.979677782067728e-01
9.979644819025795e-01
9.979548050576698e-01
9.979585702025878e-01
9.979891415831047e-01
9.979787097078976e-01
9.979527087383649e-01
9.980045577802847e-01
9.979854241314527e-01
9.979924446877244e-01
9.980042874551306e-01
9.980364267171531e-01
9.980027177013130e-01
9.980394849149290e-01
9.980418114633457e-01
9.980363683064253e-01
9.980261527854960e-01
9.980233333148180e-01
9.980358632502914e-01
9.980860805248638e-01
9.980716053937582e-01
9.981419274050060e-01
9.979638059224474e-01
9.979946253716981e-01
9.979718199345468e-01
9.979566149348935e-01
9.979932287752155e-01
9.979679808625650e-01
9.979923569305241e-01
9.979863802730351e-01
9.980002210614095e-01
9.980066871800031e-01
9.980596295333414e-01
9.981381188493718e-01
9.980702238217586e-01
9.981341734650739e-01
9.980666805306226e-01
9.980492667726736e-01
9.980388929944245e-01
9.980686906162771e-01
9.980352037942680e-01
9.980271007974322e-01
9.980264216593752e-01
9.980860777058036e-01
9.979496884022677e-01
9.979606266068499e-01
9.979542080624753e-01
9.979885917175180e-01
9.980445375516906e-01
9.980362273750194e-01
9.980441623636213e-01
9.980284161078724e-01
9.980759206740275e-01
9.980973952239943e-01
9.979430471264842e-01
9.979509997565216e-01
9.979521049235002e-01
9.979501260050303e-01
9.979940287903177e-01
9.982321159438924e-01
9.983909169470386e-01
9.983745843809784e-01
9.983428846006540e-01
9.980584442547034e-01
9.983528793515060e-01
9.981033552716084e-01
9.980858398068819e-01
9.980391307175058e-01
9.980469649860236e-01
9.980584963375071e-01
9.980404352426592e-01
9.980302747089715e-01
9.980744390169541e-01
9.981493791137570e-01
9.981803224354490e-01
9.980886935931080e-01
9.980335344246853e-01
9.980322139702872e-01
9.980321496605160e-01
9.980396910152844e-01
9.980337321296856e-01
9.980842864598535e-01
9.980528959259326e-01
9.980392736334699e-01
9.980294338297782e-01
9.980209421974919e-01
9.979894568899977e-01
9.980032166567977e-01
9.979523795215832e-01
9.979828511274298e-01
9.979831356933578e-01
9.979405401965442e-01
9.979280558649175e-01
9.979277885931989e-01
9.979349878310247e-01
9.979241860569665e-01
9.980022448098222e-01
9.979616827762846e-01
9.979877617008666e-01
9.980123607637770e-01
9.979925390841178e-01
9.980352560153868e-01
9.980491008602430e-01
9.979987877739953e-01
9.980476763660586e-01
9.980948724481483e-01
9.980589964054456e-01
9.980407211951018e-01
9.980535186788703e-01
9.980413530555752e-01
9.980962027952628e-01
9.980627345756490e-01
9.981212882391537e-01
9.980605867293612e-01
9.980402102435769e-01
9.980379371971643e-01
9.980808999882067e-01
9.980336803089932e-01
9.979843903528093e-01
9.980308415697169e-01
9.979814110284471e-01
9.979895524054532e-01
9.979864112358453e-01
9.980329824956338e-01
9.980370907597949e-01
9.980574181270798e-01
9.980495936922750e-01
9.980366645210718e-01
9.980894000767220e-01
9.980837187290421e-01
9.980365363161846e-01
9.979903851978508e-01
9.979994956458215e-01
9.980223464066469e-01
9.980001838248771e-01
9.979838865506512e-01
9.980275656422581e-01
9.979876336420473e-01
9.980441852738233e-01
9.979940720785005e-01
9.981256329491801e-01
9.980807500809249e-01
9.980799775155078e-01
9.980557130152394e-01
9.980587270592222e-01
9.981503082441833e-01
9.980361049986712e-01
9.979840858247060e-01
9.981138766020484e-01
9.980493448744774e-01
9.982679453828625e-01
9.982796925173112e-01
9.983704091487902e-01
9.981026313076888e-01
9.983505064568758e-01
9.980256539173629e-01
9.982795722223970e-01
9.983860013911052e-01
9.983846642347390e-01
9.981216246446415e-01
9.979914254717366e-01
9.981691996692267e-01
9.980406529262462e-01
9.981663295702828e-01
9.980492760930972e-01
9.981447210367147e-01
9.981010562250188e-01
9.980872585592324e-01
9.983751095615708e-01
9.982737507582002e-01
9.983662552660986e-01
9.982463901321429e-01
9.979534440227358e-01
9.980117696015069e-01
9.982130975800892e-01
9.980658127803860e-01
9.981694409475529e-01
9.982261368045900e-01
9.983721201244862e-01
9.982753229980736e-01
9.983726108382286e-01
9.983675681421180e-01
9.982679066216255e-01
9.982441877623713e-01
9.983620206835614e-01
9.983697234576253e-01
9.983677085309809e-01
9.982923203081173e-01
9.982700239433999e-01
9.980508050505924e-01
9.981515630528119e-01
9.980327878743641e-01
9.979815710540441e-01
9.983769711628102e-01
9.982682836491589e-01
9.982438861918412e-01
9.983805601196740e-01
9.979429724669141e-01
9.982514753812491e-01
9.982492273334599e-01
9.983726786124921e-01
9.983630862077232e-01
9.980628632912583e-01
9.983706822349037e-01
9.979484015200648e-01
9.993909125381234e-01
9.993726032715424e-01
9.979142975045588e-01
1.000470648839038e+00
9.980089194721123e-01
9.981900917642573e-01
9.981295788710520e-01
9.981339189656770e-01
9.980691894451760e-01
9.982207963610268e-01
9.983617647770394e-01
9.983765540119957e-01
9.982928035336337e-01
9.983657986927689e-01
9.978950755910585e-01
9.983666427188308e-01
9.993870021348715e-01
9.979419409122099e-01
9.979139636468539e-01
9.993877339073878e-01
9.983579588694388e-01
9.983625086646365e-01
9.978907285860666e-01
9.979103315816179e-01
9.993956482951428e-01
9.993759400535299e-01
1.000469815496615e+00
9.983804120612479e-01
9.982808152078964e-01
9.983850875316821e-01
9.983797101831148e-01
9.979361154523529e-01
9.980015994403298e-01
9.984131697867552e-01
9.982988321844463e-01
9.982803093558985e-01
9.981804217848339e-01
9.979939438728520e-01
9.997880340541141e-01
9.997884603303259e-01
1.000075307243927e+00
1.000076886589701e+00
9.999638305241242e-01
1.000076554578216e+00
9.999642061566795e-01
9.999640343682449e-01
9.983813866718599e-01
9.979922753064757e-01
9.981684358981086e-01
9.981496052420640e-01
9.982878636409328e-01
9.979810561508505e-01
9.981835744165581e-01
9.980693694369298e-01
9.980493384239588e-01
9.979793945669181e-01
9.980551629357091e-01
9.982854788275948e-01
9.982950755367185e-01
9.983671786075045e-01
9.979040889492999e-01
9.981793856782347e-01
9.980062792464391e-01
9.979614287817289e-01
9.981234933271256e-01
9.982979960863835e-01
9.982783956708813e-01
9.979723186630119e-01
9.982866783072254e-01
9.983068046138254e-01
9.980620870331476e-01
9.979382673420560e-01
9.979689148555714e-01
9.993992034550093e-01
9.983675858994552e-01
9.983700774402265e-01
9.993761314574842e-01
9.978986200817316e-01
9.978901568245562e-01
9.993770514129611e-01
9.978973905093337e-01
9.979175324457732e-01
9.994159477561586e-01
9.979089330486657e-01
9.983692815924796e-01
9.983647807273845e-01
9.993689830465732e-01
9.979169226283570e-01
9.993785182128559e-01
1.000472020826627e+00
9.994048909163675e-01
9.978934209894197e-01
9.978883371934014e-01
9.994273660487994e-01
9.983762972416634e-01
9.994097895518301e-01
9.978568220494861e-01
9.993885144164151e-01
9.979000636494352e-01
9.994025293062594e-01
1.000468547801991e+00
9.994059516783688e-01
9.979266980075474e-01
9.994134088293927e-01
1.000466192209230e+00
1.000467683879788e+00
9.979361911628474e-01
9.994614536081032e-01
9.983757523876728e-01
9.979352222910655e-01
9.979657166337941e-01
9.994421828575484e-01
9.993893310503527e-01
9.979397354613698e-01
9.994096180940482e-01
9.979398418012753e-01
9.993879072532890e-01
9.994013214529689e-01
9.979026380221155e-01
9.979584373602646e-01
9.983691207692635e-01
9.983799374912058e-01
9.979406211146966e-01
9.994077758130686e-01
9.978896172106064e-01
9.994056901500472e-01
1.000465404186189e+00
1.000465627221091e+00
9.994171881422783e-01
9.994304375457932e-01
1.000467390893364e+00
1.000467188930208e+00
1.000470701894264e+00
9.993727096078823e-01
9.994087548929631e-01
9.994045526643502e-01
9.993823987116238e-01
1.000467102628621e+00
1.000466759202302e+00
9.994624338257992e-01
9.994446436336267e-01
9.993989791837384e-01
1.000467779829274e+00
1.000464635039179e+00
9.997916933465578e-01
9.979092696513605e-01
9.994238998956178e-01
9.983632981609528e-01
9.983708561525371e-01
9.978975489780952e-01
9.979495745656800e-01
9.979582606854694e-01
9.994128714374888e-01
9.979490868973047e-01
9.983727037809063e-01
9.983853800878827e-01
9.979349307536015e-01
9.993958659918029e-01
9.979390924799516e-01
9.979066048223930e-01
9.983668687602124e-01
9.979389806415271e-01
9.994021364802581e-01
9.993931331952788e-01
9.979517133091228e-01
9.983788092975799e-01
9.982713484713879e-01
9.983676013963155e-01
9.982796202589223e-01
9.983737387440506e-01
9.978790470274903e-01
9.979039315252257e-01
9.978853729871754e-01
9.993825404179080e-01
9.993910134543965e-01
9.994177067920069e-01
1.000470219161191e+00
1.000465466939576e+00
9.983752578603922e-01
9.979448017936587e-01
9.983685592198278e-01
9.979320283323526e-01
9.983776418771274e-01
9.979624302046346e-01
9.982578642261074e-01
9.983697234345144e-01
9.982209601196131e-01
9.983729097337520e-01
9.982838356712924e-01
9.983699337070262e-01
9.979190727526294e-01
9.993912953047900e-01
9.993967357170863e-01
9.983798865992225e-01
9.979054841558642e-01
9.983118652120769e-01
9.983727617292957e-01
9.979309880972149e-01
9.993832286793418e-01
9.979246318150774e-01
9.983731381245298e-01
9.983888120255725e-01
9.983106001427713e-01
9.984269098943725e-01
9.979175999460317e-01
9.983715117459397e-01
9.983705559532430e-01
9.983487816848499e-01
9.982547056655149e-01
9.979006029602799e-01
9.978981588226402e-01
9.983352392457350e-01
9.983648870752987e-01
9.983720060500701e-01
9.978858633100059e-01
9.979001060835951e-01
9.993845003392827e-01
9.994106074460883e-01
9.978977130028642e-01
9.979012844587116e-01
9.983778803859095e-01
9.979832217636129e-01
9.982584209083593e-01
9.993985489754221e-01
1.000468958742431e+00
9.997881191360283e-01
9.997877151748743e-01
1.000076687112281e+00
1.000075172779167e+00
9.999639418451511e-01
9.999642852779742e-01
1.000468788966301e+00
1.000469036884026e+00
9.997923097395609e-01
9.994339245017837e-01
9.979547113446532e-01
9.994031639491544e-01
9.997879038186672e-01
1.000467562362932e+00
1.000471861551920e+00
9.997863446001718e-01
9.997876359627969e-01
1.000467756312141e+00
9.994114818152966e-01
1.000467128183669e+00
1.000464174990805e+00
9.994318185738578e-01
9.994345098638613e-01
9.994440277574449e-01
1.000468790182985e+00
9.997879105535065e-01
1.000467167229627e+00
9.997886068944383e-01
1.000074959858033e+00
1.000076888675687e+00
9.999642502225553e-01
9.997881860471184e-01
1.000467038375676e+00
1.000469523213873e+00
9.997878247484656e-01
1.000470450299823e+00
9.993829913251430e-01
9.997851750050286e-01
1.000469269865800e+00
9.997861691970494e-01
1.000075884237356e+00
9.999645087352450e-01
9.999635447052599e-01
9.997901569053993e-01
1.000464620385917e+00
9.997894848055372e-01
9.997852944452981e-01
1.000466499043599e+00
1.000466957072169e+00
9.997865392388988e-01
1.000470896266598e+00
9.997884611205660e-01
1.000468920087370e+00
1.000075046087799e+00
1.000075577503183e+00
9.999649124636385e-01
1.000472053966599e+00
9.997871631710280e-01
9.997889150424903e-01
1.000076913222038e+00
9.999642305519090e-01
9.999635362929389e-01
9.997869047269171e-01
1.000075161523490e+00
9.999643364047696e-01
1.000075600185554e+00
1.000077032701085e+00
9.999639679227649e-01
9.999639589839214e-01
9.997868509359784e-01
1.000463709729356e+00
9.997948977693669e-01
9.997879610489800e-01
1.000466440397517e+00
1.000469716663994e+00
9.997875607248582e-01
1.000469180804284e+00
9.997874642911909e-01
1.000465222278029e+00
1.000475113779479e+00
9.997871889256686e-01
9.997855656873816e-01
9.997904361537312e-01
1.000076615375396e+00
9.999640086611213e-01
1.000075540788304e+00
9.999640214722931e-01
9.997879463149785e-01
1.000467943966038e+00
9.994072704444539e-01
9.994240238505444e-01
1.000467912207361e+00
1.000468067329183e+00
9.993669685149503e-01
9.997881650852855e-01
1.000469646017113e+00
9.994185309077491e-01
1.000471065777956e+00
1.000468434581670e+00
9.993919007428973e-01
9.979571824371646e-01
1.000471325037155e+00
1.000468531638896e+00
1.000464714577987e+00
9.993978045097848e-01
9.994084782867472e-01
1.000469068510658e+00
1.000469418918030e+00
1.000076736269210e+00
9.999630902576826e-01
9.994087705291486e-01
9.994381740106656e-01
1.000465882964746e+00
9.994310830209694e-01
9.979332784658415e-01
1.000468140040780e+00
1.000470709127705e+00
9.997863304296273e-01
9.997862678367159e-01
1.000076282658100e+00
1.000077358152942e+00
9.999633172864918e-01
1.000076511104473e+00
9.999633639665504e-01
1.000468740559996e+00
9.997884245055774e-01
1.000076297874394e+00
1.000074975632926e+00
9.999644321716114e-01
1.000468785698420e+00
1.000472403769362e+00
9.993959091073794e-01
9.994024254289556e-01
1.000466040700278e+00
9.997860960689646e-01
9.997872937234321e-01
1.000467563167922e+00
9.994027501480657e-01
9.979221875680577e-01
9.994030784588727e-01
1.000466234780293e+00
9.994116370337812e-01
9.994192627855217e-01
9.979387398734929e-01
9.979217390480267e-01
1.000468228390448e+00
9.994189286957826e-01
1.000468175711994e+00
9.994194963885578e-01
9.979392647215026e-01
9.979271729623294e-01
1.000463532174171e+00
9.980669803314809e-01
9.982701564117999e-01
9.979959712608595e-01
9.983738616688664e-01
1.000466333219831e+00
1.000468727761364e+00
9.993950281670311e-01
1.000469274235797e+00
9.997880139352281e-01
1.000469662069147e+00
1.000468121842111e+00
9.997883452842746e-01
1.000076019100449e+00
1.000076621942914e+00
9.999642706412002e-01
9.997885011497331e-01
9.997845975433500e-01
1.000077503179740e+00
9.999631080942842e-01
1.000077227955609e+00
9.999639230525178e-01
1.000074928648221e+00
9.999640172928175e-01
9.999645386785798e-01
9.997867902659381e-01
9.997907256630642e-01
9.997853660857844e-01
1.000074265714296e+00
9.999645123899805e-01
9.997902428124926e-01
9.997897689228319e-01
1.000075616837443e+00
9.999646439132656e-01
1.000073709425346e+00
1.000075209389744e+00
9.999652257016083e-01
1.000075604323365e+00
9.999641119881801e-01
9.999640245925051e-01
1.000077627615649e+00
9.999634430890775e-01
9.997868254164597e-01
1.000075635817463e+00
9.999643266947570e-01
9.999636035598081e-01
1.000076376092014e+00
9.999637349390627e-01
9.997884322884316e-01
9.997918139758595e-01
1.000075555688576e+00
9.999638391905102e-01
1.000074982026822e+00
9.999637880954722e-01
1.000073549179540e+00
9.999644155067773e-01
9.997881164005384e-01
9.997904011313480e-01
1.000076696821584e+00
1.000072981985066e+00
9.999657485487353e-01
9.999647462193773e-01
9.997951732445579e-01
9.997891787859510e-01
1.000074782876784e+00
9.999640382374264e-01
1.000075218159428e+00
9.999642163218643e-01
9.999639954284613e-01
9.997888953310831e-01
9.997877818953812e-01
1.000076382077306e+00
1.000077003183192e+00
1.000075579581205e+00
9.999650026724761e-01
1.000074856613604e+00
1.000075830116255e+00
9.999645298298908e-01
9.999639056018960e-01
1.000075915514345e+00
1.000073832371053e+00
9.999647557546556e-01
9.997919965454712e-01
9.997892988752790e-01
9.999652465200731e-01
9.999630246211916e-01
1.000074820726893e+00
9.999637734470029e-01
1.000466455929995e+00
9.997913564387443e-01
9.997887625976761e-01
9.994118714111341e-01
1.000077555119075e+00
9.999634340881347e-01
1.000077013380695e+00
9.999638768653439e-01
9.997882172668561e-01
1.000075776676913e+00
9.981205624729670e-01
9.981768967825045e-01
9.981572012593564e-01
9.979930724542099e-01
9.980336271305776e-01
1.000076238077187e+00
1.000075985092054e+00
9.999632505600159e-01
9.999641542166846e-01
1.000075685183197e+00
9.999650621371011e-01
1.000076625747737e+00
9.997881559185776e-01
1.000467414808641e+00
1.000075013732622e+00
9.999642866841773e-01
9.997860279038233e-01
1.000076050849254e+00
9.997884289664686e-01
9.999635487399836e-01
9.999636941368563e-01
1.000076617118176e+00
1.000076335037726e+00
1.000075731536786e+00
1.000075670013602e+00
9.999646253878949e-01
9.999645297137697e-01
9.999637757976274e-01
1.000076516039188e+00
9.997879284256731e-01
1.000076602865163e+00
1.000075472435835e+00
9.999643761412624e-01
9.999632763046430e-01
9.999637264009201e-01
1.000074676872350e+00
1.000076605420470e+00
9.997881175458831e-01
9.997863415367637e-01
1.000469446039083e+00
9.999645145041736e-01
9.999642218339856e-01
9.997870267161182e-01
1.000076905722228e+00
1.000074486618805e+00
9.997903878811775e-01
9.999640032480855e-01
9.999641894839669e-01
9.999648335456603e-01
1.000075519599797e+00
1.000076805379609e+00
9.997861458716500e-01
1.000468889345905e+00
9.997903013897694e-01
9.999638354904090e-01
9.999635958621563e-01
9.982088298967906e-01
9.981260328568554e-01
9.979984637689963e-01
9.979798043263944e-01
9.981646897911036e-01
9.980832148926703e-01
9.981709180184722e-01
9.980052128727853e-01
9.983599767205960e-01
9.982711851213940e-01
9.983586289552090e-01
9.979087114212217e-01
9.994238280372125e-01
9.994281626440040e-01
9.997963336495027e-01
1.000465315337646e+00
1.000468917457212e+00
1.000464949103726e+00
9.997891731784961e-01
1.000076062019998e+00
9.997862441220096e-01
1.000470456203185e+00
9.999646082352615e-01
1.000076000921216e+00
9.999635512653346e-01
9.997956463140295e-01
1.000074777670724e+00
9.997869780151259e-01
9.999653525190662e-01
9.999647722919309e-01
1.000076163065511e+00
9.997911437760382e-01
9.999645502065901e-01
9.999633626541506e-01
1.000075062798206e+00
1.000076701018237e+00
9.997896696389298e-01
1.000075177066199e+00
9.997885226043394e-01
9.999640571841043e-01
9.999639629876174e-01
9.999636988046192e-01

rho_bas  1  1102  double
9.979033263091461e-01
9.978869715105062e-01
9.978426553791869e-01
9.978514858623020e-01
9.978238522852426e-01
9.979302432371656e-01
9.979810374013475e-01
9.982862734207827e-01
9.978212946550584e-01
9.981570884158953e-01
9.979440631531260e-01
9.978060750675755e-01
9.981508345260017e-01
9.981400945745723e-01
9.983050120977969e-01
9.982884686870408e-01
9.979195964016787e-01
9.979531360170232e-01
9.982203453569473e-01
9.978129782326328e-01
9.982332642122854e-01
9.978662677762816e-01
9.981530756023315e-01
9.979158352634103e-01
9.978948674867905e-01
9.979291064139402e-01
9.981289532090321e-01
9.980999394018871e-01
9.979143571380136e-01
9.978460439114143e-01
9.981222571541140e-01
9.978821519160156e-01
9.978734063856983e-01
9.978922049627649e-01
9.981062456221849e-01
9.981311232766245e-01
9.978964282461116e-01
9.981229602501100e-01
9.982709212371293e-01
9.978562157494246e-01
9.977352547597701e-01
9.981322620968088e-01
9.979042468872232e-01
9.979895246930651e-01
9.982862934438574e-01
9.978602076035407e-01
9.978897720960390e-01
9.981169098314350e-01
9.977091623067786e-01
9.978287249219167e-01
9.979728176055713e-01
9.979547106260170e-01
9.978950106367283e-01
9.979007256658450e-01
9.978916429255575e-01
9.979171107867054e-01
9.979152957271493e-01
9.978528560662405e-01
9.978852131690029e-01
9.978846618001642e-01
9.978675734048151e-01
9.979466137755301e-01
9.979163210046685e-01
9.978796299218595e-01
9.978634547664894e-01
9.978790865888194e-01
9.978369343300423e-01
9.978506767131851e-01
9.978460956934476e-01
9.978442379686588e-01
9.978082492371219e-01
9.977740557075232e-01
9.977835780674038e-01
9.977790488891999e-01
9.977820959333963e-01
9.977881139292859e-01
9.979254988508554e-01
9.978930606090402e-01
9.979886191981345e-01
9.978829083582392e-01
9.979281148956587e-01
9.979464033833277e-01
9.978841870535574e-01
9.978829725020544e-01
9.978377044691594e-01
9.978416312260173e-01
9.978048892979605e-01
9.977875803600464e-01
9.978315767710424e-01
9.978897828714467e-01
9.978351353355067e-01
9.978937193010640e-01
9.978587296182245e-01
9.978646604174766e-01
9.978469905107654e-01
9.979669833086217e-01
9.978772099601769e-01
9.979819015021070e-01
9.978734491200618e-01
9.978722813989083e-01
9.981488601375329e-01
9.979237024322135e-01
9.978311448775223e-01
9.978851928735577e-01
9.978579258087833e-01
9.978636708115298e-01
9.977738223019100e-01
9.977823446330913e-01
9.977771160196015e-01
9.977893803137656e-01
9.977924578743632e-01
9.977783298085962e-01
9.978013156900962e-01
9.977918947450515e-01
9.978666945998653e-01
9.979857136527901e-01
9.979054368858729e-01
9.978855243735719e-01
9.979102328786774e-01
9.978390127804591e-01
9.977939836410498e-01
9.977958560630964e-01
9.977755918126374e-01
9.977756129496166e-01
9.977948667712339e-01
9.978022843158557e-01
9.977878534763938e-01
9.977799492404807e-01
9.977903275385613e-01
9.978287951485268e-01
9.978022633859046e-01
9.978095168641883e-01
9.977896315039239e-01
9.977833950899583e-01
9.977854616012076e-01
9.978237681407826e-01
9.978085355552941e-01
9.978220025326354e-01
9.978240639342455e-01
9.978022090917376e-01
9.978275658575630e-01
9.977895511807229e-01
9.978073016784510e-01
9.978209651858271e-01
9.978523907757132e-01
9.978162775201120e-01
9.977935860723792e-01
9.978212730287551e-01
9.979523759306426e-01
9.978984738377852e-01
9.978834916514188e-01
9.979144502325051e-01
9.978591527411380e-01
9.978854848825646e-01
9.978765081351461e-01
9.978746534485616e-01
9.979206878824970e-01
9.978966930346357e-01
9.978623687820771e-01
9.978749193106283e-01
9.979379988853221e-01
9.979605810195321e-01
9.978554790940538e-01
9.980093997033102e-01
9.978555585409672e-01
9.978752175383385e-01
9.978202609624114e-01
9.978282944246920e-01
9.978470077883077e-01
9.979779852553189e-01
9.978827566977023e-01
9.978983299103994e-01
9.978513714843483e-01
9.980036749869489e-01
9.978555778757382e-01
9.978560346338280e-01
9.978451011599696e-01
9.978419310081601e-01
9.978063512184735e-01
9.978992452752495e-01
9.979085021858261e-01
9.978475576825441e-01
9.978975806709430e-01
9.979631315797473e-01
9.979786184066675e-01
9.978214377400531e-01
9.981611397479228e-01
9.978700658770526e-01
9.978986022982987e-01
9.978485201887163e-01
9.978503505255600e-01
9.978456216412606e-01
9.978312382946296e-01
9.978164267900974e-01
9.978187251575011e-01
9.978388069588766e-01
9.978374267209417e-01
9.978255974209504e-01
9.978350549700316e-01
9.981345279081996e-01
9.978302102181823e-01
9.978808257260160e-01
9.981545449993346e-01
9.978669702984754e-01
9.978964304183958e-01
9.978899342029300e-01
9.978574479212663e-01
9.978444439173297e-01
9.978915103775353e-01
9.979689992989993e-01
9.979552481161944e-01
9.978173585503749e-01
9.979267889583768e-01
9.982223725997458e-01
9.981198486657407e-01
9.981375266515587e-01
9.978873021093361e-01
9.983072106860973e-01
9.983222229900901e-01
9.981482969402482e-01
9.979212079184008e-01
9.981434085438895e-01
9.983173740021045e-01
9.983181049689667e-01
9.983546704446783e-01
9.979821342319541e-01
9.978224111093653e-01
9.979724892224915e-01
9.978797023282560e-01
9.980850356415741e-01
9.982325186295880e-01
9.979817898684630e-01
9.981225818923684e-01
9.981158294766633e-01
9.979099865353133e-01
9.978847742567302e-01
9.978879878930066e-01
9.981710081412403e-01
9.979382633627291e-01
9.981112714392617e-01
9.981138929190215e-01
9.977842281562730e-01
9.981566183209223e-01
9.978184623106424e-01
9.978164616404300e-01
9.977931858436320e-01
9.977846956338404e-01
9.977983958679707e-01
9.977914807308383e-01
9.978029306437806e-01
9.978052463356808e-01
9.978070076385049e-01
9.978105079491615e-01
9.977972518192280e-01
9.978320971043269e-01
9.978615395952621e-01
9.978684041035228e-01
9.981397996347773e-01
9.983129716364635e-01
9.981702795406949e-01
9.977238576078388e-01
9.981280153685730e-01
9.981512854320476e-01
9.977784536635567e-01
9.981308038039337e-01
9.983032326525835e-01
9.983124272922337e-01
9.982988574123672e-01
9.977815723833446e-01
9.977778736803400e-01
9.977801402105062e-01
9.977754830497587e-01
9.979933146656256e-01
9.978890113096414e-01
9.979663821038838e-01
9.979003362653176e-01
9.978384773625607e-01
9.979726739514502e-01
9.978868017678988e-01
9.978521793348325e-01
9.979558596459425e-01
9.981357439942867e-01
9.978611242032867e-01
9.978350793432254e-01
9.978446969115959e-01
9.978503359873859e-01
9.978823191704450e-01
9.979058686456403e-01
9.979112683189173e-01
9.978986760675321e-01
9.978788001962915e-01
9.979938060767152e-01
9.978057119022382e-01
9.978528285040177e-01
9.978272050413953e-01
9.978553535827942e-01
9.978446997448059e-01
9.978450810018225e-01
9.978106448903656e-01
9.978293263801552e-01
9.978216916304565e-01
9.977912256080572e-01
9.978096052404605e-01
9.978265766351995e-01
9.978122097788662e-01
9.978196646135380e-01
9.980457594558449e-01
9.978701536661477e-01
9.979221024157700e-01
9.979646750778581e-01
9.979248082322560e-01
9.978546170322646e-01
9.977814891232861e-01
9.977841856558348e-01
9.977747790316570e-01
9.977851811631470e-01
9.978053811555697e-01
9.977919165103091e-01
9.978175626509183e-01
9.978321285420991e-01
9.978027370154896e-01
9.977812800756375e-01
9.978142021538867e-01
9.977886788534042e-01
9.977790145289589e-01
9.978298978454850e-01
9.978172794329710e-01
9.978036980947474e-01
9.978131403957183e-01
9.978467747573887e-01
9.978363215504474e-01
9.977975435373178e-01
9.978695658903344e-01
9.978362732524365e-01
9.978388951608489e-01
9.978476343061173e-01
9.978934186569294e-01
9.978541832076427e-01
9.978697394175036e-01
9.978946646174101e-01
9.978989646709980e-01
9.978650639123043e-01
9.978634339664940e-01
9.978955673043721e-01
9.979828081126185e-01
9.979699814887143e-01
9.978347857476876e-01
9.978104317787505e-01
9.978540740000335e-01
9.978352913549805e-01
9.978085232782203e-01
9.978534561062979e-01
9.978160862606794e-01
9.978471297804046e-01
9.978433913454925e-01
9.978423613406303e-01
9.978717957066642e-01
9.981227647528819e-01
9.978705060705677e-01
9.979611945003831e-01
9.978609197664350e-01
9.981445399237073e-01
9.981326366169001e-01
9.978806011437801e-01
9.979547952276416e-01
9.978952799633052e-01
9.978662824341605e-01
9.978624602142516e-01
9.979854148754145e-01
9.977988572304017e-01
9.978218295147784e-01
9.978053137881741e-01
9.978503007078269e-01
9.979065639290765e-01
9.979005964494977e-01
9.978821253352402e-01
9.978697999092220e-01
9.979687920925643e-01
9.979929374765051e-01
9.977967639225858e-01
9.978094909646164e-01
9.978058442790571e-01
9.978041363961150e-01
9.982341435793397e-01
9.978933218216997e-01
9.981217525899164e-01
9.981194173378896e-01
9.977565742975940e-01
9.980849445299667e-01
9.977711382802600e-01
9.979481762189716e-01
9.979913847191475e-01
9.978786271447452e-01
9.979058522838820e-01
9.979461600408221e-01
9.978681633572444e-01
9.978709827513441e-01
9.979554741296628e-01
9.978853265653396e-01
9.978259055582472e-01
9.979981636785366e-01
9.978754134801431e-01
9.978943527889147e-01
9.978922963994971e-01
9.978728563787251e-01
9.978793539342015e-01
9.979704987779979e-01
9.979197650069536e-01
9.979038520372087e-01
9.978881799437305e-01
9.978564051668886e-01
9.978370177902927e-01
9.978677387389288e-01
9.977979702763724e-01
9.978381024574022e-01
9.978294039265801e-01
9.978000604377902e-01
9.977819035502615e-01
9.977835128008664e-01
9.977915364337334e-01
9.977794208995761e-01
9.978647167591111e-01
9.978105222370278e-01
9.978459009811719e-01
9.978631779959093e-01
9.978352069103872e-01
9.978918955388704e-01
9.978913226773468e-01
9.978414316001809e-01
9.979112889957368e-01
9.979727346646959e-01
9.979346040095975e-01
9.978805126603312e-01
9.979187523805351e-01
9.978746010676492e-01
9.979751888428727e-01
9.981192808759837e-01
9.978860213777512e-01
9.979446204773459e-01
9.978847530043674e-01
9.978945546373981e-01
9.979774159071312e-01
9.978924417705340e-01
9.978321479676512e-01
9.978941773180416e-01
9.978277209078114e-01
9.978483405467685e-01
9.978468670327844e-01
9.978934807192099e-01
9.978722620846993e-01
9.979128166881300e-01
9.979128518710401e-01
9.978802397324837e-01
9.979824171416036e-01
9.979719582173298e-01
9.978965556906668e-01
9.978401759800201e-01
9.978447276993782e-01
9.978798597909034e-01
9.978598769384684e-01
9.978303024793187e-01
9.978846050004958e-01
9.978357148289195e-01
9.979079759971876e-01
9.978558492402871e-01
9.978365119154405e-01
9.979735200184907e-01
9.979732973917942e-01
9.981500890344451e-01
9.981493928327775e-01
9.978931205909688e-01
9.978768213098889e-01
9.982281756629393e-01
9.979521060418970e-01
9.981141140162599e-01
9.978853954848727e-01
9.978816508409617e-01
9.980901964419476e-01
9.980619272206332e-01
9.978185030209954e-01
9.981585302379440e-01
9.978405768654729e-01
9.981385083944391e-01
9.981514174177809e-01
9.979405214844181e-01
9.982743011937021e-01
9.978278417213764e-01
9.981205221082408e-01
9.978255069732102e-01
9.981244119142877e-01
9.978818855568089e-01
9.979828834095825e-01
9.979863311505333e-01
9.981147442392472e-01
9.978999056773343e-01
9.981195975749956e-01
9.978758616352468e-01
9.983661462820366e-01
9.981715344554458e-01
9.979086214569578e-01
9.981031844458165e-01
9.978451231894125e-01
9.978748550914561e-01
9.981301918679019e-01
9.978214662283943e-01
9.981291389848439e-01
9.981272164678947e-01
9.978532787046644e-01
9.978852974541343e-01
9.981261324645020e-01
9.981269576974112e-01
9.981193057724816e-01
9.978358491209789e-01
9.978890846569713e-01
9.981421325418217e-01
9.978867740443849e-01
9.981436509139239e-01
9.982276899136119e-01
9.981195534798986e-01
9.978970602641180e-01
9.978731711014877e-01
9.981295060940313e-01
9.983567454142932e-01
9.978867180180299e-01
9.978764280609934e-01
9.981316788748864e-01
9.981246581274129e-01
9.981384445263971e-01
9.981117882508826e-01
9.983513573038663e-01
9.987299073878979e-01
9.987335743573286e-01
9.983376254541446e-01
1.000066456664718e+00
9.981938944257036e-01
9.978433622959039e-01
9.979521436819413e-01
9.978822262217708e-01
9.979663030955119e-01
9.979034902404234e-01
9.981472105856500e-01
9.981205215010084e-01
9.978395377161591e-01
9.981373384275540e-01
9.982950739085185e-01
9.981039634906597e-01
9.987377548038353e-01
9.983533928706414e-01
9.983418049869894e-01
9.987347924098240e-01
9.981148197108072e-01
9.981230389306553e-01
9.983091977975349e-01
9.983249085279480e-01
9.987371248739362e-01
9.987150885048035e-01
1.000074092911882e+00
9.977549831920262e-01
9.978585750976637e-01
9.981461392454786e-01
9.981141399848484e-01
9.983628166635389e-01
9.982483652862492e-01
9.977310369507021e-01
9.978501191453177e-01
9.978536021209617e-01
9.978065970488253e-01
9.982163242745644e-01
1.000081860249084e+00
1.000082724892811e+00
9.999578992294355e-01
9.999574814307399e-01
1.000019563101306e+00
9.999578496341924e-01
1.000019060775312e+00
1.000019310539245e+00
9.977953661703652e-01
9.982261030262201e-01
9.978664803654358e-01
9.978972472726678e-01
9.978647195864895e-01
9.982321248302686e-01
9.978342127608804e-01
9.980836066937017e-01
9.981529153756177e-01
9.982518079468569e-01
9.981100035921907e-01
9.978449776158146e-01
9.978449530684635e-01
9.981173652401684e-01
9.983245623648834e-01
9.978604300275709e-01
9.981596939885492e-01
9.982198542265298e-01
9.979750934488812e-01
9.978794492338007e-01
9.978474661097717e-01
9.982361768503835e-01
9.978430647848738e-01
9.978203374087249e-01
9.981121943479745e-01
9.983589260889482e-01
9.983598404147908e-01
9.987335182052697e-01
9.981337986394621e-01
9.981440957449051e-01
9.987326628648475e-01
9.983080214087146e-01
9.983098115608287e-01
9.987333741372363e-01
9.983130655442376e-01
9.983419920141550e-01
9.987401003899303e-01
9.983621755954575e-01
9.981286316238355e-01
9.981305240098112e-01
9.987310721705620e-01
9.983199586780154e-01
9.987378011932315e-01
1.000070398759315e+00
9.987467851422278e-01
9.982915742652226e-01
9.983081517992765e-01
9.987582395042122e-01
9.981284970734700e-01
9.987359177153813e-01
9.982946266364736e-01
9.987357608434946e-01
9.983109779579394e-01
9.987460240282048e-01
1.000066206743523e+00
9.987572419296311e-01
9.983271995027789e-01
9.987229686358444e-01
1.000060773886153e+00
1.000061534197398e+00
9.983405030918669e-01
9.987689566465237e-01
9.981592122632533e-01
9.983312218768369e-01
9.983454456655710e-01
9.987676942589826e-01
9.987390469813953e-01
9.983634973223204e-01
9.987338870593797e-01
9.983616993465440e-01
9.987175907210879e-01
9.987268214065522e-01
9.983298369397678e-01
9.983562708280622e-01
9.981189598535696e-01
9.981307506687263e-01
9.983546331076887e-01
9.987462097831391e-01
9.983026826951402e-01
9.987335184001288e-01
1.000065472103528e+00
1.000065087363546e+00
9.987327241254210e-01
9.987580119040881e-01
1.000054424346964e+00
1.000056201903483e+00
1.000065833207175e+00
9.987423286486573e-01
9.987353789934662e-01
9.987537688453273e-01
9.987447829877485e-01
1.000065420407580e+00
1.000066497653665e+00
9.987764581920094e-01
9.987508766026013e-01
9.987370516560224e-01
1.000054812133463e+00
1.000058146667670e+00
1.000082488211445e+00
9.983302729287609e-01
9.987417843053600e-01
9.981393716975560e-01
9.981131488509520e-01
9.983207508987753e-01
9.983477605255825e-01
9.983665759545397e-01
9.987374765060224e-01
9.983864993958171e-01
9.981172807194826e-01
9.981393408863123e-01
9.983745639544669e-01
9.987308012163929e-01
9.983636166874876e-01
9.983341117547085e-01
9.981033884034173e-01
9.983550516501102e-01
9.987330026896757e-01
9.987259233488528e-01
9.983552098997969e-01
9.981328834612845e-01
9.978886624582076e-01
9.981056935521472e-01
9.978270425746961e-01
9.981358131257706e-01
9.983140464133065e-01
9.983161591952783e-01
9.983200306899712e-01
9.987284884988007e-01
9.987407421937374e-01
9.987472713660677e-01
1.000069260457022e+00
1.000062331487305e+00
9.981540097150911e-01
9.983479892832750e-01
9.981110929173761e-01
9.983668587955132e-01
9.981035331187474e-01
9.983733102516007e-01
9.978865168500030e-01
9.981414560803273e-01
9.978927448747802e-01
9.981218659636298e-01
9.978523023575731e-01
9.981169176256790e-01
9.983241397369871e-01
9.987321309606644e-01
9.987489811698921e-01
9.981310990404987e-01
9.983325432674144e-01
9.978133987726145e-01
9.981099304533969e-01
9.983481958009720e-01
9.987318021484310e-01
9.983506120774216e-01
9.981041453976732e-01
9.981392728462386e-01
9.978409552367271e-01
9.977281059926608e-01
9.983628601668997e-01
9.981404731104448e-01
9.981452666377774e-01
9.977663531280413e-01
9.978746332050408e-01
9.983227054062773e-01
9.982946116774958e-01
9.977910119692748e-01
9.981550378945553e-01
9.981203751546016e-01
9.982846256887589e-01
9.983060168106623e-01
9.987393505738915e-01
9.987456730670246e-01
9.983215465674385e-01
9.983151287407588e-01
9.981087132834989e-01
9.981823610284200e-01
9.978496385333047e-01
9.987497681434514e-01
1.000063410007164e+00
1.000082582171078e+00
1.000081213088678e+00
9.999575200943026e-01
9.999581445398359e-01
1.000019439240698e+00
1.000019076956141e+00
1.000056558989998e+00
1.000062675736278e+00
1.000080609643565e+00
9.987464241601604e-01
9.983672849863858e-01
9.987387729065391e-01
1.000082519956099e+00
1.000062012731609e+00
1.000066627426297e+00
1.000082792419226e+00
1.000082080971885e+00
1.000062953986521e+00
9.987457922068159e-01
1.000061588154152e+00
1.000056289541192e+00
9.987474857237282e-01
9.987474077830556e-01
9.987427396074009e-01
1.000062980075962e+00
1.000081326064768e+00
1.000063689993744e+00
1.000081302626931e+00
9.999585373616913e-01
9.999574082576467e-01
1.000019105892750e+00
1.000080712514032e+00
1.000060798331722e+00
1.000063051078936e+00
1.000081240233958e+00
1.000069961482972e+00
9.987260625244250e-01
1.000082521603510e+00
1.000068436242207e+00
1.000081329622888e+00
9.999581501962844e-01
1.000018693345061e+00
1.000019504772827e+00
1.000079955647716e+00
1.000060128978364e+00
1.000080383500933e+00
1.000082134851632e+00
1.000064569507184e+00
1.000068786731149e+00
1.000081442767596e+00
1.000068369222710e+00
1.000081252035567e+00
1.000057399847193e+00
9.999587520257518e-01
9.999584538556147e-01
1.000018453570097e+00
1.000068939519827e+00
1.000082930820386e+00
1.000081978256773e+00
9.999573395365041e-01
1.000019258923323e+00
1.000019667674890e+00
1.000081834706467e+00
9.999584852174452e-01
1.000018899996175e+00
9.999579753013798e-01
9.999577235991424e-01
1.000019258710315e+00
1.000019162970094e+00
1.000080883305948e+00
1.000057940829677e+00
1.000077051351878e+00
1.000081808885016e+00
1.000068387602205e+00
1.000062877559862e+00
1.000081716176129e+00
1.000064740365838e+00
1.000082726212664e+00
1.000061596072367e+00
1.000062291530529e+00
1.000082966530333e+00
1.000082208312693e+00
1.000080245680423e+00
9.999577957277845e-01
1.000019194460560e+00
9.999581295588593e-01
1.000019233163275e+00
1.000080795002863e+00
1.000063470271732e+00
9.987551027740406e-01
9.987353819365381e-01
1.000063749647879e+00
1.000071952010505e+00
9.987301225603841e-01
1.000080782231590e+00
1.000068982553554e+00
9.987417498527413e-01
1.000066063833353e+00
1.000056483453466e+00
9.987286607860735e-01
9.983737449559222e-01
1.000064551930898e+00
1.000060902089929e+00
1.000048903081202e+00
9.987461418094608e-01
9.987453018284749e-01
1.000070591449055e+00
1.000064506366086e+00
9.999574135270249e-01
1.000019975757110e+00
9.987333092904510e-01
9.987484742561559e-01
1.000061062528380e+00
9.987611861704034e-01
9.983603263670104e-01
1.000060203229640e+00
1.000071858473223e+00
1.000082670818992e+00
1.000081823995645e+00
9.999581462527279e-01
9.999574847291677e-01
1.000019591975812e+00
9.999575116333514e-01
1.000019623891516e+00
1.000069742234210e+00
1.000080454194288e+00
9.999583013715312e-01
9.999584985945625e-01
1.000018819538865e+00
1.000055269960144e+00
1.000065058571144e+00
9.987268890751386e-01
9.987304095636439e-01
1.000064956338487e+00
1.000082693785780e+00
1.000082029574437e+00
1.000060218276918e+00
9.987310639485413e-01
9.983133260029758e-01
9.987456552656916e-01
1.000053865861406e+00
9.987385654021937e-01
9.987443315824955e-01
9.983348133144421e-01
9.983636258057830e-01
1.000064610870438e+00
9.987470980266104e-01
1.000058366929085e+00
9.987394434501001e-01
9.983514283841257e-01
9.983385004100228e-01
1.000054075494797e+00
9.980713291259589e-01
9.978608960093404e-01
9.982416606450708e-01
9.981285535711540e-01
1.000067856128788e+00
1.000074042858879e+00
9.987249358548007e-01
1.000066086619279e+00
1.000080939879105e+00
1.000061327792101e+00
1.000065120237257e+00
1.000081217187695e+00
9.999577122121123e-01
9.999577168140726e-01
1.000019025251533e+00
1.000081473186889e+00
1.000082787288747e+00
9.999572064829627e-01
1.000019856231015e+00
9.999574452394775e-01
1.000019216619386e+00
9.999580099016901e-01
1.000019323411186e+00
1.000019156288080e+00
1.000081593573813e+00
1.000082078403265e+00
1.000083299801794e+00
9.999582197973221e-01
1.000019121795491e+00
1.000082341120891e+00
1.000082452258264e+00
9.999578158700531e-01
1.000019171032321e+00
9.999598308963473e-01
9.999588518623075e-01
1.000018147215211e+00
9.999579313492553e-01
1.000019224131657e+00
1.000019290108506e+00
9.999570100840479e-01
1.000019719009756e+00
1.000082330285831e+00
9.999579401347441e-01
1.000019072009075e+00
1.000019563541103e+00
9.999574662994647e-01
1.000019631004104e+00
1.000082370342128e+00
1.000081202825316e+00
9.999578615770360e-01
1.000019575453318e+00
9.999582196733743e-01
1.000019576311995e+00
9.999593372150792e-01
1.000019170290923e+00
1.000082269791747e+00
1.000081707234220e+00
9.999573248062258e-01
9.999599630710924e-01
1.000017935173134e+00
1.000018657272978e+00
1.000077754931700e+00
1.000081889567701e+00
9.999588100859689e-01
1.000019378949387e+00
9.999581316305470e-01
1.000019199061801e+00
1.000019331687327e+00
1.000081690074440e+00
1.000082150460297e+00
9.999576661459815e-01
9.999573905373034e-01
9.999583755575878e-01
1.000018471350484e+00
9.999586485462243e-01
9.999584458803925e-01
1.000018789812717e+00
1.000019219112120e+00
9.999578819018718e-01
9.999594571635859e-01
1.000018740203990e+00
1.000080932648094e+00
1.000080660303938e+00
1.000018398980150e+00
1.000020112825455e+00
9.999586118799128e-01
1.000019490917260e+00
1.000059936427731e+00
1.000079535680211e+00
1.000081716258537e+00
9.987396196329563e-01
9.999571918724725e-01
1.000019618801313e+00
9.999572637494247e-01
1.000019467308914e+00
1.000082136447822e+00
9.999579454105765e-01
9.979763167313608e-01
9.978655716316414e-01
9.978525241792642e-01
9.982051064413634e-01
9.981251852594998e-01
9.999577332059274e-01
9.999581066336257e-01
1.000019860776466e+00
1.000019346906016e+00
9.999577299050278e-01
1.000018367194694e+00
9.999575211573873e-01
1.000081365547602e+00
1.000065043264655e+00
9.999584829802296e-01
1.000019160522096e+00
1.000082747825710e+00
9.999578067568834e-01
1.000081077552491e+00
1.000019619732993e+00
1.000019429634776e+00
9.999577795795410e-01
9.999580274190371e-01
9.999579689407330e-01
9.999580518884812e-01
1.000018822198534e+00
1.000018871161588e+00
1.000019391368315e+00
9.999572654263805e-01
1.000082643137294e+00
9.999573586413595e-01
9.999578317261001e-01
1.000019116651377e+00
1.000019982349191e+00
1.000019589007287e+00
9.999587665915421e-01
9.999579599450887e-01
1.000080813099322e+00
1.000082148169170e+00
1.000060216692039e+00
1.000018732112646e+00
1.000019034819039e+00
1.000082614922054e+00
9.999574912217564e-01
9.999585833840064e-01
1.000080263326292e+00
1.000019219562711e+00
1.000019210800525e+00
1.000018659178251e+00
9.999581174650215e-01
9.999575901245791e-01
1.000082521914588e+00
1.000068358073042e+00
1.000080249780164e+00
1.000019403641802e+00
1.000019497726232e+00
9.979187742601749e-01
9.979480225395163e-01
9.982497053171459e-01
9.982366819808663e-01
9.978634467055429e-01
9.979788042882349e-01
9.978376140100027e-01
9.982063451033168e-01
9.977873376322280e-01
9.979043422413382e-01
9.981247683699400e-01
9.983249591191103e-01
9.987589135379312e-01
9.987431472119604e-01
1.000077996880012e+00
1.000048692568480e+00
1.000055579068476e+00
1.000064648983715e+00
1.000080912649225e+00
9.999578125142929e-01
1.000083100079255e+00
1.000067461003943e+00
1.000018924846741e+00
9.999582242929160e-01
1.000019584001327e+00
1.000077199799106e+00
9.999593033867940e-01
1.000081319082571e+00
1.000018139175771e+00
1.000018623948918e+00
9.999577813170725e-01
1.000080869030838e+00
1.000018816808186e+00
1.000019903165710e+00
9.999585601093951e-01
9.999572754287668e-01
1.000081996216669e+00
9.999576184359025e-01
1.000083120682514e+00
1.000019592645974e+00
1.000019639719547e+00
1.000019595391284e+00

rho_lat1  1  1102  double
1.001167316903183e+00
1.001162786136882e+00
1.001180970614981e+00
1.001125824536924e+00
1.001169387007142e+00
1.000640215913629e+00
1.000731329494465e+00
1.000788731409540e+00
1.000821521365308e+00
1.000774482753099e+00
1.001157047686112e+00
1.001231652303803e+00
1.001063951113479e+00
1.001168119544725e+00
1.001178409600729e+00
1.001066710957840e+00
1.001292859095630e+00
1.001219621058225e+00
1.001245313889303e+00
1.001370809041097e+00
1.001137195182678e+00
1.001264260387648e+00
1.001187436508425e+00
1.000805576032740e+00
1.000886250159753e+00
1.000829064221761e+00
1.000939861363466e+00
1.000978251144943e+00
1.000928914517480e+00
1.000982076026181e+00
1.000696663348175e+00
1.000566732855503e+00
1.000552749051717e+00
1.000624121066809e+00
1.000473929104017e+00
1.000436744593566e+00
1.000516225032001e+00
1.000607026260994e+00
1.000612843149124e+00
1.000491093516842e+00
1.000444879179175e+00
1.000397219383920e+00
1.000504507676784e+00
1.000598574266057e+00
1.000656573235461e+00
1.000528656803720e+00
1.000577438177140e+00
1.000462402396965e+00
1.000462666913548e+00
1.001221146364392e+00
1.001179629285496e+00
1.001142925558975e+00
1.001270303414179e+00
1.001170081453245e+00
1.001106043966706e+00
1.001136668277208e+00
1.001099437338428e+00
1.001157246866939e+00
1.001164807943086e+00
1.001095063340835e+00
1.001006375568639e+00
1.001002162857089e+00
1.000943584440529e+00
1.001024195480114e+00
1.001002745408261e+00
1.001049363360798e+00
1.001184442703150e+00
1.001118968790597e+00
1.001124279074808e+00
1.001169926229375e+00
1.001064421986383e+00
1.001079242404114e+00
1.001073937618168e+00
1.001062966705070e+00
1.001081670126116e+00
1.001044514272043e+00
1.000771404654737e+00
1.000846469481100e+00
1.000746382737920e+00
1.000679903359019e+00
1.000741889811651e+00
1.000740598400845e+00
1.000829944600432e+00
1.000771550434737e+00
1.000980138984358e+00
1.001022342683052e+00
1.001083624577328e+00
1.001090509010125e+00
1.000985427140887e+00
1.000925636926835e+00
1.000970397607968e+00
1.000962319145891e+00
1.000940382073734e+00
1.000966220640606e+00
1.000737826808955e+00
1.000767259591172e+00
1.000749888284223e+00
1.000803049398745e+00
1.000855986951112e+00
1.000867659274778e+00
1.000652107762835e+00
1.000877096311304e+00
1.000915387331154e+00
1.000892366128426e+00
1.000952866292752e+00
1.000870945228750e+00
1.001085121483089e+00
1.001077614260691e+00
1.001064726323805e+00
1.001070236869593e+00
1.001056485579641e+00
1.001073690386385e+00
1.001076457579462e+00
1.001080744808534e+00
1.000826140803689e+00
1.000777706416798e+00
1.000769118866651e+00
1.000888228378386e+00
1.000877460383977e+00
1.000624438837201e+00
1.001056306992284e+00
1.001060255177542e+00
1.001073361044688e+00
1.001046318230189e+00
1.001042681819948e+00
1.001058895939082e+00
1.001102439768380e+00
1.001098293355006e+00
1.001076495839552e+00
1.001078669899791e+00
1.001087459229035e+00
1.001098556665015e+00
1.001094368900753e+00
1.001109132336158e+00
1.001105461577368e+00
1.001079123248537e+00
1.001136263027613e+00
1.001095534116023e+00
1.001011203781687e+00
1.001031009915628e+00
1.001033586977516e+00
1.001014810706752e+00
1.001021339704969e+00
1.000985646431262e+00
1.000974110710385e+00
1.001054609241384e+00
1.001062323669536e+00
1.001069467498342e+00
1.000972647688724e+00
1.000960674409886e+00
1.000936353020418e+00
1.000973439463572e+00
1.001036202267079e+00
1.000897940966155e+00
1.000871702712053e+00
1.000884563265858e+00
1.000864744070050e+00
1.000941426607336e+00
1.000936125683040e+00
1.000898242014374e+00
1.000877572451679e+00
1.000844142520685e+00
1.000762384856711e+00
1.000855672494082e+00
1.001070287429630e+00
1.001099123118487e+00
1.001089544128022e+00
1.001111607484572e+00
1.001116980396980e+00
1.001168249069262e+00
1.001155210866456e+00
1.001160398301048e+00
1.001119233322916e+00
1.001096019565971e+00
1.001028002623164e+00
1.001040682220970e+00
1.001013729267722e+00
1.000967619591016e+00
1.001049109720203e+00
1.000999211256228e+00
1.000974953050105e+00
1.001066490708382e+00
1.001020832811872e+00
1.001062275609939e+00
1.001076111625467e+00
1.001145323821111e+00
1.001012168845413e+00
1.001087541429013e+00
1.001159344411366e+00
1.000989451914925e+00
1.000972347855301e+00
1.000948251165413e+00
1.000937111541359e+00
1.000992416436995e+00
1.001018247071180e+00
1.001022842342871e+00
1.001043587135574e+00
1.001037648248212e+00
1.001016477181929e+00
1.000705769009266e+00
1.000819782521318e+00
1.000773730715097e+00
1.000719948857634e+00
1.000763408103250e+00
1.001095804531648e+00
1.001113808118506e+00
1.001070000345541e+00
1.001128167237996e+00
1.001035074901985e+00
1.001172694584596e+00
1.001134967884068e+00
1.001241187405140e+00
1.001249526782017e+00
1.001204356583193e+00
1.000776297520700e+00
1.000808171640039e+00
1.000982789295592e+00
1.000615357517324e+00
1.000726016479748e+00
1.001259859993049e+00
1.001381308804669e+00
1.001296661932049e+00
1.001324360542216e+00
1.001402562510842e+00
1.001442848988792e+00
1.001001010312668e+00
1.001060784816360e+00
1.001036498834781e+00
1.001072394706205e+00
1.001057704240228e+00
1.001036077034150e+00
1.000977267714288e+00
1.000734186054053e+00
1.000704051534776e+00
1.000657472609765e+00
1.000642117627228e+00
1.000554756865832e+00
1.000662388368474e+00
1.000505471537809e+00
1.000399659638668e+00
1.000395157680605e+00
1.000436241655631e+00
1.000380257849797e+00
1.001020336836027e+00
1.001029366997215e+00
1.001022297515837e+00
1.001047720101875e+00
1.001060052481038e+00
1.001056551915236e+00
1.000971981389607e+00
1.001015722706378e+00
1.001028543797892e+00
1.001016274214255e+00
1.001054950293241e+00
1.000984346163142e+00
1.000953072366326e+00
1.000705496697573e+00
1.000581248772450e+00
1.000796771469747e+00
1.000709752615728e+00
1.000716593842153e+00
1.001015900939147e+00
1.000950116134557e+00
1.000956938671553e+00
1.000801490246463e+00
1.000846820924610e+00
1.000732981025724e+00
1.000931565297644e+00
1.001076843270139e+00
1.001076413288432e+00
1.001073947379507e+00
1.001084911393943e+00
1.000888564901600e+00
1.000956455389596e+00
1.000939268898627e+00
1.000867826155889e+00
1.000673911610466e+00
1.000759734410928e+00
1.000699606001199e+00
1.000742647640849e+00
1.000790121492188e+00
1.000632573826165e+00
1.000894566478631e+00
1.000913960630927e+00
1.000950596525745e+00
1.000977513668842e+00
1.001092181873031e+00
1.001035148945378e+00
1.001076258557162e+00
1.001010311217793e+00
1.001029110493410e+00
1.000965633878742e+00
1.001121583471409e+00
1.001117436313190e+00
1.001167263223370e+00
1.001085606061596e+00
1.001135891856004e+00
1.001093472637465e+00
1.001096588458250e+00
1.001157899377617e+00
1.000987599744149e+00
1.001008819633050e+00
1.001018763052180e+00
1.001017916586123e+00
1.001017112671285e+00
1.001045199831056e+00
1.000809703680360e+00
1.000836250588288e+00
1.000890891323598e+00
1.000850114049875e+00
1.000892418650667e+00
1.000795552735433e+00
1.001082493341901e+00
1.001079007194854e+00
1.001080025612181e+00
1.001067791451712e+00
1.001071683741991e+00
1.001133905852477e+00
1.001125401730811e+00
1.001086541123688e+00
1.001102537030286e+00
1.001098574032717e+00
1.001045501749670e+00
1.001079013032548e+00
1.001059336803602e+00
1.001067725107754e+00
1.001086645948617e+00
1.001045082077490e+00
1.001077446575514e+00
1.001100397840223e+00
1.001080294312732e+00
1.001134950633364e+00
1.001108958546912e+00
1.001064615026371e+00
1.001115123417627e+00
1.000879119299035e+00
1.000855715805945e+00
1.000899950629055e+00
1.000788772958739e+00
1.000842816948015e+00
1.001158151093980e+00
1.001208576348196e+00
1.001227392888541e+00
1.001164486415378e+00
1.001210472529733e+00
1.001180052681024e+00
1.001283013343718e+00
1.001072900887762e+00
1.001023446987353e+00
1.001058368632329e+00
1.001043720045979e+00
1.001090573031542e+00
1.001066609306501e+00
1.001059249338486e+00
1.001097642287586e+00
1.001028287120174e+00
1.001010621347307e+00
1.001282044421460e+00
1.001308281714185e+00
1.001224264437251e+00
1.001333080147877e+00
1.001318829184558e+00
1.001327214964417e+00
1.000903937761354e+00
1.000852899929235e+00
1.000941601431267e+00
1.000883277749942e+00
1.000860787668530e+00
1.000800351948266e+00
1.001126874865172e+00
1.001086675865480e+00
1.001126252683638e+00
1.001114072235814e+00
1.001212364848307e+00
1.001171480013606e+00
1.001248508329105e+00
1.001242202115520e+00
1.001234788959804e+00
1.001234432669873e+00
1.001097566560589e+00
1.001054881882865e+00
1.001072876413907e+00
1.001051073773655e+00
1.001053302550454e+00
1.001113503874356e+00
1.001005480452245e+00
1.000969146662954e+00
1.001234383244916e+00
1.001105170359756e+00
1.001015374076333e+00
1.000890529257333e+00
1.000873935293119e+00
1.000943485693963e+00
1.000981907891807e+00
1.000982102981095e+00
1.001029016714587e+00
1.000889691563182e+00
1.000810963121505e+00
1.000719883178801e+00
1.000638994611182e+00
1.000779448980402e+00
1.000850353579828e+00
1.000882776860657e+00
1.000886090795762e+00
1.000794954101880e+00
1.000831289245843e+00
1.000755554983705e+00
1.000767986360141e+00
1.001155016463744e+00
1.001128356814238e+00
1.001200364184157e+00
1.001154031457909e+00
1.000944935593093e+00
1.000985798197987e+00
1.000957972720140e+00
1.000923810264323e+00
1.001074625900232e+00
1.001071648937471e+00
1.001060477275453e+00
1.001076522071044e+00
1.001083027600956e+00
1.001124393018458e+00
1.001129965176096e+00
1.001120584900805e+00
1.001152559505065e+00
1.001178434757059e+00
1.001127490529884e+00
1.001174144173393e+00
1.001081154018072e+00
1.001084642152837e+00
1.001123071702253e+00
1.001051742440727e+00
1.001116276287486e+00
1.000850785080373e+00
1.000895706819025e+00
1.000860965350999e+00
1.000689714688614e+00
1.000814515629440e+00
1.000804462117142e+00
1.001181903874909e+00
1.001108599369924e+00
1.001150295702129e+00
1.001125233540104e+00
1.000948996310189e+00
1.000920206535803e+00
1.000966405282484e+00
1.001017001811366e+00
1.000984623430905e+00
1.001163277506561e+00
1.001245847433906e+00
1.001217883404567e+00
1.001169845930400e+00
1.001244809448072e+00
1.001229463127798e+00
1.001230329191781e+00
1.000971534129525e+00
1.000987558143436e+00
1.001023684593936e+00
1.001048167478601e+00
1.001052579009951e+00
1.000947447772938e+00
1.000917455680924e+00
1.000959149924742e+00
1.000937267166885e+00
1.000976019538341e+00
1.001305939926419e+00
1.001226676628085e+00
1.001204115225543e+00
1.001291725194944e+00
1.001317973239514e+00
1.001329765773277e+00
1.001227667889719e+00
1.001188877540869e+00
1.001160591113940e+00
1.001239611292409e+00
1.001373206898561e+00
1.001288842212587e+00
1.001299757155352e+00
1.001314173475189e+00
1.001410410028601e+00
1.001258391395462e+00
1.001295537477722e+00
1.001331119565359e+00
1.001186950513771e+00
1.001310424009189e+00
1.001308114949145e+00
1.001345612851602e+00
1.001329456743477e+00
1.000679801611289e+00
1.000648134667185e+00
1.000746104578979e+00
1.000758876765127e+00
1.000760003330109e+00
1.001330178291180e+00
1.001382296418212e+00
1.001284904048761e+00
1.001434624173758e+00
1.001426206883803e+00
1.000858477936742e+00
1.000907051758317e+00
1.000872890246272e+00
1.000922279457592e+00
1.000856714598080e+00
1.000772532082104e+00
1.000496588888478e+00
1.000394582309687e+00
1.000397887573457e+00
1.000478470527064e+00
1.000487685606477e+00
1.000398682414857e+00
1.000394003439101e+00
1.000402973035000e+00
1.000497067815831e+00
1.000508265569442e+00
1.000630882455332e+00
1.000687592627468e+00
1.000618158380441e+00
1.000623899297305e+00
1.001337378865422e+00
1.001446730610027e+00
1.001412423199047e+00
1.001295712119007e+00
1.001411618099577e+00
1.000588396529612e+00
1.000566276109134e+00
1.000446707319497e+00
1.000432558343529e+00
1.000653413099330e+00
1.000432863347194e+00
1.000269832211678e+00
1.000005206576378e+00
1.000004184553446e+00
1.000248588476478e+00
9.999947026361917e-01
1.000632970048759e+00
1.000656397515287e+00
1.000617606095644e+00
1.000702700991069e+00
1.000754354610132e+00
1.000951798502767e+00
1.000860131547770e+00
1.000789875169189e+00
1.000887080316488e+00
1.000703719409886e+00
1.000788859429777e+00
1.001252955340062e+00
1.000019511409331e+00
1.001336517509702e+00
1.001256634263274e+00
1.000007237137724e+00
1.000913926367129e+00
1.001004602285695e+00
1.000850028909514e+00
1.000951113246442e+00
9.999957344723136e-01
1.000011533225275e+00
9.999755965919384e-01
1.001481413482637e+00
1.001442093335314e+00
1.001345610664914e+00
1.001356077823389e+00
1.001451265426019e+00
1.000729350387213e+00
1.000593150494767e+00
1.000714607366149e+00
1.000718330711434e+00
1.000828817344771e+00
1.000739048840467e+00
1.000005513646351e+00
1.000004498062894e+00
9.999993045505424e-01
9.999994655656347e-01
9.999985651886369e-01
9.999989938974101e-01
9.999987953000324e-01
9.999986938766178e-01
1.001434757325183e+00
1.001328564468098e+00
1.001338159931860e+00
1.001316095156064e+00
1.001447721175840e+00
1.000611800157978e+00
1.000636614914627e+00
1.000629991281363e+00
1.000589993493016e+00
1.000637917375642e+00
1.000613795744244e+00
1.000512497768673e+00
1.000473631154851e+00
1.000409367995778e+00
1.000227804989517e+00
1.000932796484889e+00
1.000852394221985e+00
1.000862841177616e+00
1.001036597390812e+00
1.000781716559290e+00
1.001267925278888e+00
1.001071056958915e+00
1.001135347817653e+00
1.001107163081413e+00
1.001163438979868e+00
1.000315646500625e+00
1.000350401219592e+00
1.000005705523109e+00
1.000463246811365e+00
1.000527625440967e+00
1.000003604922815e+00
1.000214771557376e+00
1.000213159099385e+00
1.000006891937046e+00
1.000214847125711e+00
1.000256793458702e+00
9.999995276075123e-01
1.000295901771394e+00
1.000429704947925e+00
1.000403442226946e+00
1.000007273079071e+00
1.000226943357692e+00
1.000001729200204e+00
9.999970683002346e-01
1.000006295488168e+00
1.001229450580267e+00
1.001128476079317e+00
9.999952375082608e-01
1.001156413636739e+00
9.999988110900710e-01
1.001016356098910e+00
1.000003076733044e+00
1.000889738666643e+00
9.999993799725683e-01
9.999741214568147e-01
9.999836476398889e-01
1.000684388023804e+00
1.000001131937826e+00
9.999827963443152e-01
9.999795642694888e-01
1.000487869365827e+00
9.999900566120542e-01
1.000545783752495e+00
1.000536653328402e+00
1.000421450927166e+00
9.999902932758615e-01
1.000018252137674e+00
1.001367875455019e+00
1.000009946048473e+00
1.001300801963619e+00
1.000022516210400e+00
1.000014599146571e+00
1.001218028775658e+00
1.000323726059339e+00
1.000514974591821e+00
1.000492398347437e+00
1.000388360345517e+00
1.000000711435090e+00
1.001064696308636e+00
1.000000374961951e+00
9.999745281478563e-01
9.999706616880611e-01
9.999994376847959e-01
9.999844244733149e-01
9.999923711386379e-01
9.999904761028268e-01
9.999906179713017e-01
1.000003969720698e+00
1.000002843378700e+00
9.999971493548289e-01
1.000012688676094e+00
9.999727192539386e-01
9.999755202942519e-01
9.999838553840813e-01
9.999944874903245e-01
1.000009644543400e+00
9.999653894640692e-01
9.999659767576310e-01
1.000007689953720e+00
1.001165796364190e+00
1.000002740898104e+00
1.001083954485348e+00
1.001176339799791e+00
1.001280422736289e+00
1.000295129780423e+00
1.000323117112709e+00
1.000002592829871e+00
1.000359911405016e+00
1.000485117213831e+00
1.000555059059867e+00
1.000409880408223e+00
9.999985359374353e-01
1.000313929964579e+00
1.000238403520643e+00
1.000427848366562e+00
1.000254794809971e+00
1.000003368994937e+00
1.000003292544436e+00
1.000434618930109e+00
1.000516276806386e+00
1.000630768861631e+00
1.000500650608902e+00
1.000704206402690e+00
1.000588874555125e+00
1.000217823777401e+00
1.000207018461173e+00
1.000218981140531e+00
1.000000563256274e+00
1.000003148498703e+00
1.000004357820701e+00
9.999998401217973e-01
9.999985571941935e-01
1.000663576197205e+00
1.000545449016441e+00
1.000633669693730e+00
1.000465294478416e+00
1.001359674109948e+00
1.001445196326292e+00
1.001443266761518e+00
1.001344287487135e+00
1.001111034720255e+00
1.001046453156796e+00
1.001175545529710e+00
1.001150334331470e+00
1.001105986611656e+00
1.000016411354884e+00
1.000006065863596e+00
1.000420859666086e+00
1.000245424043785e+00
1.000511968546138e+00
1.000447926426955e+00
1.000268229332894e+00
1.000010965901643e+00
1.000595938405168e+00
1.000658048828945e+00
1.000604057074777e+00
1.000702067198852e+00
1.000625938475534e+00
1.000505565778554e+00
1.000673154297748e+00
1.000818672877585e+00
1.000862843320056e+00
1.000803946255600e+00
1.000678045514093e+00
1.000784801528670e+00
1.001011573088630e+00
1.000979163118754e+00
1.000858904276125e+00
1.001008678789495e+00
1.000892024538169e+00
1.000006733777881e+00
9.999981956684306e-01
1.000233398801359e+00
1.000220850524195e+00
1.000413110149334e+00
1.000574496230394e+00
1.000513101671725e+00
9.999951832680420e-01
9.999804838625189e-01
1.000004953841498e+00
1.000006019746216e+00
9.999991216923474e-01
9.999994386805670e-01
9.999986337624106e-01
9.999987641741016e-01
9.999917021613330e-01
9.999932262512004e-01
1.000001549468997e+00
9.999979975113520e-01
1.000385817745901e+00
9.999956703213353e-01
1.000002113368598e+00
9.999890249126362e-01
9.999948169545371e-01
1.000000870642395e+00
1.000001160316337e+00
9.999936689987450e-01
9.999978217622036e-01
9.999880261267617e-01
9.999908946201387e-01
9.999937130291160e-01
9.999943516079582e-01
9.999959805665907e-01
9.999929558671985e-01
1.000006269700622e+00
9.999721658506737e-01
1.000006687178046e+00
9.999989267918180e-01
9.999987493480076e-01
9.999988382635958e-01
1.000008877765715e+00
9.999646937327106e-01
9.999599861697891e-01
1.000009381448909e+00
9.999598062764359e-01
1.000022301699117e+00
1.000000406747942e+00
9.999978576045150e-01
1.000000251702545e+00
1.000000502969794e+00
9.999979555075853e-01
9.999979374672713e-01
1.000009195757460e+00
9.999625210565367e-01
1.000008643344634e+00
1.000008573901243e+00
9.999642971228085e-01
9.999632856247025e-01
1.000009676166344e+00
9.999588733143114e-01
1.000009297150454e+00
9.999600931638206e-01
9.999981762291738e-01
9.999981638462092e-01
9.999990699188701e-01
9.999936228008051e-01
1.000001359095629e+00
1.000001715476224e+00
1.000000186755600e+00
9.999981362214340e-01
9.999980171200856e-01
1.000009491670283e+00
9.999982725485045e-01
9.999990297802954e-01
9.999982200548349e-01
9.999981167992188e-01
9.999990356145207e-01
9.999990390248947e-01
1.000001340488471e+00
9.999944842578218e-01
1.000000968166968e+00
1.000000352628949e+00
9.999972610003085e-01
9.999960894478510e-01
1.000000623604646e+00
9.999696482036389e-01
1.000007231972468e+00
9.999673250358244e-01
9.999627961526661e-01
1.000008141390349e+00
1.000005648239990e+00
1.000006283628270e+00
9.999990220441171e-01
9.999988013765344e-01
9.999991865787552e-01
9.999986742914324e-01
1.000003889551006e+00
9.999815154231437e-01
9.999928462115997e-01
9.999942219449227e-01
9.999781328348627e-01
9.999997994877672e-01
1.000000679641541e+00
9.999999495685141e-01
9.999988264476173e-01
1.000011954305192e+00
9.999591323480346e-01
9.999624014868865e-01
1.000020141288387e+00
1.001436245078394e+00
9.999760668918252e-01
9.999808975417958e-01
9.999862113068309e-01
1.000004408738266e+00
9.999970009351474e-01
9.999988228338366e-01
9.999966815440727e-01
1.000000321562764e+00
9.999980167742267e-01
9.999986515641797e-01
1.000000657515920e+00
9.999889703217903e-01
9.999922641424339e-01
1.000435393132264e+00
9.999849554454361e-01
9.999982887188650e-01
1.000000170923068e+00
1.000000061816763e+00
1.000000552534761e+00
1.000000576338330e+00
9.999978998398799e-01
1.000000553225031e+00
9.999978998735790e-01
9.999663867794957e-01
1.000008034022704e+00
9.999983685212700e-01
9.999986292501246e-01
9.999989753827572e-01
9.999927695620394e-01
9.999919268930899e-01
9.999990897597932e-01
1.000006397881503e+00
9.999940991011059e-01
1.000001633772622e+00
1.000001534114472e+00
9.999846629291883e-01
9.999988037465589e-01
1.000630617994765e+00
9.999902947701214e-01
9.999835191590195e-01
1.000014165718430e+00
1.000001535235694e+00
1.001436108456098e+00
1.001447212854707e+00
9.999611986174828e-01
9.999933801680668e-01
9.999874239437069e-01
9.999919246007358e-01
1.000510745717596e+00
1.000595503740772e+00
9.999849867505104e-01
1.000877183662849e+00
1.000696162426974e+00
1.000759413955854e+00
1.000653413059831e+00
9.999990795067671e-01
9.999985609344537e-01
1.000009418206633e+00
9.999981106272424e-01
1.000000133293880e+00
9.999739303353881e-01
9.999707447942033e-01
1.000006419661807e+00
1.000000274358081e+00
1.000000326223855e+00
9.999980004142821e-01
1.000000787797959e+00
1.000001252172749e+00
1.000000432389692e+00
9.999979426595792e-01
9.999991733814697e-01
9.999985878509515e-01
9.999994524164337e-01
9.999985811501814e-01
9.999985422670346e-01
1.000005569592741e+00
1.000003713386529e+00
1.000005048983684e+00
1.000000042242401e+00
9.999982206321852e-01
1.000002560860873e+00
1.000001722440343e+00
9.999997180110224e-01
9.999984046787673e-01
1.000000277555251e+00
1.000000350866447e+00
9.999980874969197e-01
1.000000445012149e+00
9.999980403489641e-01
9.999980235645137e-01
1.000000510643332e+00
9.999979374891679e-01
1.000000321194609e+00
1.000000433639016e+00
9.999980217897084e-01
9.999979657212520e-01
9.999999400353208e-01
9.999981892034672e-01
1.000002950833744e+00
1.000001865758596e+00
9.999997127390604e-01
9.999983181933270e-01
1.000000077393130e+00
9.999982314554805e-01
9.999997079383374e-01
9.999983643090514e-01
1.000003095263260e+00
1.000002281621691e+00
9.999998578483118e-01
9.999996879052168e-01
9.999984214516053e-01
9.999984804013059e-01
1.000003100654131e+00
1.000002603674655e+00
9.999998144154164e-01
9.999982842402715e-01
1.000000122881005e+00
9.999981321388892e-01
9.999980933388226e-01
1.000001725077886e+00
1.000001879655942e+00
1.000000108694872e+00
1.000000201883817e+00
9.999984418816463e-01
9.999990161040125e-01
9.999984224385279e-01
9.999982609830305e-01
9.999990333048475e-01
9.999990497929759e-01
9.999986106560963e-01
9.999985868130276e-01
9.999989879693250e-01
1.000007372256924e+00
1.000007641731627e+00
9.999990440225758e-01
9.999989084007399e-01
1.000000365706322e+00
9.999980319474138e-01
9.999958633905748e-01
1.000001034846175e+00
1.000000551289444e+00
1.000008394664152e+00
1.000000543432189e+00
9.999979325176296e-01
1.000000472906508e+00
9.999979946118599e-01
1.000000111954824e+00
1.000000546795963e+00
1.001067113157760e+00
1.001154948551641e+00
1.001248564185730e+00
1.001178737855049e+00
1.001238957238161e+00
1.000000099633885e+00
1.000000204197146e+00
9.999980784074012e-01
9.999981867012088e-01
9.999999775028756e-01
9.999981123141990e-01
9.999986378903617e-01
1.000007193695853e+00
9.999677663696308e-01
9.999988402886163e-01
9.999989001453093e-01
1.000000016411942e+00
1.000000585467891e+00
9.999999799103491e-01
9.999979255021484e-01
9.999979566038600e-01
1.000000512131920e+00
1.000000227685650e+00
1.000000194874254e+00
1.000000146079221e+00
9.999980865222978e-01
9.999980920145490e-01
9.999980477178535e-01
9.999984639756840e-01
1.000008395066966e+00
9.999984130671086e-01
9.999986221851893e-01
9.999989825355962e-01
9.999989753035813e-01
9.999989186680039e-01
9.999989540160767e-01
9.999986973665717e-01
1.000006783260919e+00
1.000007508603189e+00
9.999694197074184e-01
9.999988491929153e-01
9.999989113129072e-01
1.000005310383545e+00
9.999990371685494e-01
9.999993817187796e-01
1.000004193768162e+00
9.999987526510186e-01
9.999986765935971e-01
9.999985517710488e-01
9.999988411787534e-01
9.999985690683164e-01
1.000007245550522e+00
9.999665697455256e-01
1.000008024825997e+00
9.999988863235252e-01
9.999989556452121e-01
1.000942864618311e+00
1.000977246531374e+00
1.000866481590733e+00
1.001013263952508e+00
1.001060640349448e+00
1.001003948952862e+00
1.000921963626533e+00
1.001218380930806e+00
1.001391869104746e+00
1.001239102321919e+00
1.001191018937349e+00
1.001370811480782e+00
9.999918952526592e-01
9.999912615716084e-01
1.000007726335429e+00
9.999682549710446e-01
9.999647820166380e-01
9.999671410541640e-01
1.000003911779567e+00
9.999995934689156e-01
1.000003768360214e+00
9.999823896696621e-01
9.999983832012220e-01
9.999995230212337e-01
9.999984036582986e-01
1.000003640599141e+00
9.999995445326906e-01
1.000004128414962e+00
9.999984648737856e-01
9.999985232555272e-01
9.999982661221241e-01
1.000008503605739e+00
9.999990557329668e-01
9.999990340459104e-01
9.999984323534694e-01
9.999983040867240e-01
1.000009075469132e+00
9.999985597497949e-01
1.000008247265487e+00
9.999990235960159e-01
9.999990020493011e-01
9.999990260531403e-01

rho_lat2  1  1102  double
1.000909804983432e+00
1.000954122677830e+00
1.000963355430530e+00
1.000999753173513e+00
1.001006630947662e+00
1.000637101724497e+00
1.000719695190158e+00
1.000649473882508e+00
1.000735059525629e+00
1.000628066965370e+00
1.001004197125765e+00
1.000944724352723e+00
1.000883179070643e+00
1.000764855887239e+00
1.000756965788558e+00
1.000868997647774e+00
1.000537682468689e+00
1.000648055300539e+00
1.000635609252561e+00
1.000521743718624e+00
1.000606615881932e+00
1.000731793668121e+00
1.000408204254419e+00
1.000535955241553e+00
1.000526009226831e+00
1.000655591853480e+00
1.000629826599660e+00
1.000637110454258e+00
1.000751283709217e+00
1.000726718272620e+00
1.001343489382469e+00
1.001433627658173e+00
1.001380569574690e+00
1.001423972042533e+00
1.001345089022238e+00
1.001297651847508e+00
1.001337887485900e+00
1.001226107368060e+00
1.001178024949152e+00
1.001266843808051e+00
1.001225505957228e+00
1.001173691688033e+00
1.000878706927899e+00
1.000896917956456e+00
1.000846313731680e+00
1.000749890771773e+00
1.000686499417959e+00
1.000584525047580e+00
1.000786709919782e+00
1.000987520972009e+00
1.000966926431298e+00
1.001027312585368e+00
1.000890909409772e+00
1.001023365162032e+00
1.001100219013324e+00
1.001041139458777e+00
1.000857859639575e+00
1.000874797147156e+00
1.000858588357971e+00
1.000872954211258e+00
1.000876454976341e+00
1.000787067579261e+00
1.000801131051945e+00
1.000832556760711e+00
1.000907389467977e+00
1.000891958595600e+00
1.000961939440740e+00
1.001004510783452e+00
1.000969339423582e+00
1.000929091769617e+00
1.001077042883807e+00
1.001085484827414e+00
1.001080440047166e+00
1.001093509163051e+00
1.001075908045045e+00
1.001109165309036e+00
1.001067110480243e+00
1.001110533825162e+00
1.001029705028945e+00
1.001114310861012e+00
1.001128234786461e+00
1.000968993287959e+00
1.001074820435019e+00
1.001002024455884e+00
1.001182635235880e+00
1.001118705905472e+00
1.001084014563719e+00
1.001070232605162e+00
1.000981349920594e+00
1.000967964114492e+00
1.000991856324281e+00
1.000883287821909e+00
1.000908710798291e+00
1.000933264940028e+00
1.001297912523333e+00
1.001196384350149e+00
1.001311996990053e+00
1.001223466051618e+00
1.001222567019571e+00
1.001234243403735e+00
1.001309075433499e+00
1.001000995799912e+00
1.001044106925771e+00
1.000999307912960e+00
1.001080423229797e+00
1.001051281655586e+00
1.001066912591515e+00
1.001075171906826e+00
1.001076980115994e+00
1.001056010501073e+00
1.001073102474619e+00
1.001081245122707e+00
1.001057344264099e+00
1.001054629196755e+00
1.001187622944111e+00
1.001162706918966e+00
1.001147105422634e+00
1.001117510180639e+00
1.001145270260295e+00
1.001198917404583e+00
1.001068778415643e+00
1.001070259151570e+00
1.001080823919775e+00
1.001080773957726e+00
1.001105329869973e+00
1.001098574218746e+00
1.001070348123710e+00
1.001065825192889e+00
1.001108025640648e+00
1.001054763517615e+00
1.001081417477311e+00
1.001037953283675e+00
1.001046007615413e+00
1.001067398942426e+00
1.001024103106829e+00
1.001010687445427e+00
1.001014944561370e+00
1.001016844126627e+00
1.001077072285677e+00
1.001085258612660e+00
1.001090327261870e+00
1.001122011633169e+00
1.001137159876048e+00
1.001113916030206e+00
1.001107752283075e+00
1.001034534181353e+00
1.001038070863217e+00
1.001005026199397e+00
1.001195175221502e+00
1.001165068874824e+00
1.001242963545148e+00
1.001168188211267e+00
1.001171669668909e+00
1.000914631328828e+00
1.000953136098678e+00
1.001012148689350e+00
1.001006861316480e+00
1.000918864595565e+00
1.000971203940803e+00
1.001257276382844e+00
1.001250601161025e+00
1.001236536569474e+00
1.001356857217425e+00
1.001216715752260e+00
1.000940255117794e+00
1.000870533167766e+00
1.000970469235279e+00
1.000951174674709e+00
1.000916304684968e+00
1.000757505059070e+00
1.000737189759998e+00
1.000782535890873e+00
1.000635159299548e+00
1.000741028490200e+00
1.000970114194327e+00
1.000952760545523e+00
1.000921827905483e+00
1.000934690248964e+00
1.000991822861073e+00
1.000871946227412e+00
1.000885512546142e+00
1.000890245322210e+00
1.000653052914649e+00
1.000756131040845e+00
1.000760508828150e+00
1.000633194018749e+00
1.000606077353713e+00
1.000825102741842e+00
1.000755582757613e+00
1.000994460732938e+00
1.000987824718925e+00
1.001051084307405e+00
1.001041796509127e+00
1.001041258955011e+00
1.000998682122119e+00
1.000973910609141e+00
1.000948239878385e+00
1.000983606671966e+00
1.000994877131435e+00
1.001323263512445e+00
1.001351860226018e+00
1.001334873309596e+00
1.001337587294897e+00
1.001317064209638e+00
1.001088595528575e+00
1.001062220340468e+00
1.001123628567043e+00
1.001069277376506e+00
1.001136652651598e+00
1.000768787127894e+00
1.000717143225294e+00
1.000644425441381e+00
1.000737485333683e+00
1.000617167637698e+00
1.000426747830172e+00
1.000389485383823e+00
1.000494246647217e+00
1.000259369896278e+00
1.000220970391268e+00
1.000442440188702e+00
1.000575690934714e+00
1.000444267899926e+00
1.000242854253009e+00
1.000294784054430e+00
1.000315236173508e+00
1.001152637978550e+00
1.001141318839429e+00
1.001136195683580e+00
1.001089642088978e+00
1.001107066159254e+00
1.001108412459514e+00
1.001184288937116e+00
1.000731597505417e+00
1.000768660469799e+00
1.000616100436508e+00
1.000668816339205e+00
1.000718899796030e+00
1.000789310983400e+00
1.001124771753362e+00
1.001006523945568e+00
1.001028828491430e+00
1.001041499720861e+00
1.000847271732950e+00
1.001049573001677e+00
1.001032749121245e+00
1.001074319607630e+00
1.001078485829152e+00
1.001069099141202e+00
1.001045935008422e+00
1.001078637834308e+00
1.001054394852527e+00
1.001025514682174e+00
1.001067324200349e+00
1.001047763727693e+00
1.001042924721929e+00
1.001034184665203e+00
1.000534467121521e+00
1.000456922021494e+00
1.000665720544098e+00
1.000415189670663e+00
1.000513417533727e+00
1.000948779627437e+00
1.000982419451903e+00
1.001200032832554e+00
1.001150252479971e+00
1.001098472500581e+00
1.001197537860348e+00
1.001004720818601e+00
1.001074877428364e+00
1.001075456133016e+00
1.001075452297078e+00
1.001072911607376e+00
1.000762441348364e+00
1.000816760518456e+00
1.000775536580141e+00
1.000649044270732e+00
1.001202900748239e+00
1.001157403919595e+00
1.001261089797884e+00
1.001284625008746e+00
1.001190941885497e+00
1.001273661034625e+00
1.001097430901201e+00
1.001151007501289e+00
1.001091208842433e+00
1.001105517113817e+00
1.000810621303329e+00
1.000856140053273e+00
1.000773753051082e+00
1.000778455803377e+00
1.000690482738413e+00
1.000710824171216e+00
1.001063809813558e+00
1.001023525404051e+00
1.001000599799824e+00
1.001080769275034e+00
1.001057884945578e+00
1.001063634162105e+00
1.001083884613361e+00
1.001036485536561e+00
1.001107419853849e+00
1.001127592387003e+00
1.001086874356819e+00
1.001074561482416e+00
1.001133195905163e+00
1.001087954602559e+00
1.000704430845724e+00
1.000792186995139e+00
1.000836697155896e+00
1.000869388738722e+00
1.000789006006384e+00
1.000816178931919e+00
1.001073171697849e+00
1.001079203145932e+00
1.001084981269277e+00
1.001083683285796e+00
1.001072781213176e+00
1.001037498099670e+00
1.001015083253811e+00
1.001019101530384e+00
1.001035177798915e+00
1.001040173651613e+00
1.001101879816578e+00
1.001107940702399e+00
1.001096702284425e+00
1.001075472380439e+00
1.001091211189912e+00
1.001133142853772e+00
1.001004905815208e+00
1.000948614512813e+00
1.000974008517265e+00
1.000979595758341e+00
1.000959080145738e+00
1.000932237131701e+00
1.000915188644279e+00
1.001054253121063e+00
1.001097599838739e+00
1.001112209027166e+00
1.001003552604070e+00
1.001075459012063e+00
1.000978924094956e+00
1.000983811655581e+00
1.000942891827522e+00
1.000950162085540e+00
1.000914769422454e+00
1.000967161107780e+00
1.000911452080065e+00
1.001127484318527e+00
1.001124075275682e+00
1.001079370658146e+00
1.001126554480828e+00
1.001079041876672e+00
1.001128787472026e+00
1.001111292759814e+00
1.001064172088980e+00
1.001170178003448e+00
1.001122731788806e+00
1.000837262093386e+00
1.000836035035766e+00
1.000880907721978e+00
1.000805387454213e+00
1.000756653617970e+00
1.000717852414581e+00
1.001244889105460e+00
1.001226116060159e+00
1.001168223741283e+00
1.001229587732899e+00
1.001215850456005e+00
1.001222773286971e+00
1.001042481419911e+00
1.001054053475953e+00
1.001062346931894e+00
1.001029298242863e+00
1.000809938381669e+00
1.000894086518671e+00
1.000832209874466e+00
1.000911315915657e+00
1.000836065105143e+00
1.000794668662538e+00
1.001025160235932e+00
1.001032144598729e+00
1.001002668019451e+00
1.001035889672945e+00
1.000589494778121e+00
1.000513620838668e+00
1.000386342762654e+00
1.000391982458593e+00
1.000443664890248e+00
1.000563169440690e+00
1.000457569587815e+00
1.001238082977703e+00
1.001217284050232e+00
1.001239128120822e+00
1.001167126052935e+00
1.001192266943482e+00
1.001172146009567e+00
1.000910087813055e+00
1.000919096014637e+00
1.000833440628787e+00
1.000902327965433e+00
1.000918040740101e+00
1.000960481328332e+00
1.001115270891159e+00
1.001145919180644e+00
1.001154866886924e+00
1.001188761166370e+00
1.001125303647916e+00
1.001078339053769e+00
1.000983893774451e+00
1.001032399160950e+00
1.001001814142805e+00
1.001036210494260e+00
1.001075614852234e+00
1.001079032002977e+00
1.001088122280573e+00
1.001144257428270e+00
1.001054658590211e+00
1.001053308413195e+00
1.001076736775898e+00
1.001058649266798e+00
1.001065101736218e+00
1.000952797854690e+00
1.000981198873095e+00
1.000977337463104e+00
1.000878445388500e+00
1.000927823424248e+00
1.000866017817892e+00
1.000829699401356e+00
1.001121092431716e+00
1.001083327463075e+00
1.001042429035422e+00
1.001136555305813e+00
1.001088615942390e+00
1.000869263816335e+00
1.000845278178031e+00
1.000800969759070e+00
1.000795369214634e+00
1.000820689058569e+00
1.000931038242822e+00
1.001017008331111e+00
1.001061424726887e+00
1.001003904674261e+00
1.001028907844840e+00
1.001161372916785e+00
1.001156724226641e+00
1.001175713585944e+00
1.001118194132330e+00
1.001121184618465e+00
1.000912930981853e+00
1.000853348307310e+00
1.000770270387266e+00
1.000879366575940e+00
1.000889405770461e+00
1.000816056890044e+00
1.000805904045922e+00
1.001160557695694e+00
1.001178598033858e+00
1.001167568679791e+00
1.001136050826145e+00
1.001105335238546e+00
1.001158561681959e+00
1.001162894421594e+00
1.001181453595210e+00
1.001167479970649e+00
1.001123603960374e+00
1.000869195048884e+00
1.000863708431553e+00
1.000930362548144e+00
1.000813695503722e+00
1.000755775332812e+00
1.000784482776862e+00
1.000931893575257e+00
1.000932988886302e+00
1.001027270806724e+00
1.000899423569921e+00
1.000775298890608e+00
1.000862583130165e+00
1.000460830959496e+00
1.000633038618225e+00
1.000492688548287e+00
1.000624856885000e+00
1.000504146115409e+00
1.000478232312106e+00
1.000398439216194e+00
1.000673511206929e+00
1.000685250560670e+00
1.000738301284361e+00
1.000727407273340e+00
1.000896211519614e+00
1.000819874838059e+00
1.000834762828080e+00
1.000973596119560e+00
1.000925563547193e+00
1.000595907914786e+00
1.000748011152223e+00
1.000650407372830e+00
1.000695798636378e+00
1.000466686508679e+00
1.001269548921767e+00
1.001263170142025e+00
1.001258722082516e+00
1.001259258812442e+00
1.001319956775848e+00
1.001181096871569e+00
1.000985559247470e+00
1.000844894660578e+00
1.001103974635551e+00
1.001202086170816e+00
1.001068881311344e+00
1.001009426342830e+00
1.000946638011233e+00
1.001182523521460e+00
1.001244188408689e+00
1.001313889074201e+00
1.001270065082209e+00
1.001257227768695e+00
1.001240337604827e+00
1.001161934336825e+00
1.000573670465956e+00
1.000639211324545e+00
1.000731096195683e+00
1.000631506640740e+00
1.000497900633805e+00
1.001436114078463e+00
1.001391705153078e+00
1.001330592512810e+00
1.001289111339098e+00
1.001310102057570e+00
1.001267399279012e+00
1.001357604267532e+00
1.000019257989850e+00
1.000025493890898e+00
1.001275601847712e+00
9.999600505899401e-01
1.001032628446309e+00
1.000996778434057e+00
1.001105758915098e+00
1.001113857729644e+00
1.001017984579220e+00
1.000507571278783e+00
1.000398871160096e+00
1.000409186933153e+00
1.000512981172937e+00
1.000407588758138e+00
1.000229354854178e+00
1.000699736190390e+00
9.999927428759012e-01
1.000579836858825e+00
1.000675958544271e+00
1.000004629624337e+00
1.000389043490737e+00
1.000391918518883e+00
1.000233245849817e+00
1.000203973794690e+00
1.000002484846739e+00
1.000006699234177e+00
9.999983164170481e-01
1.000531841959309e+00
1.000604240356610e+00
1.000483058399072e+00
1.000532683970508e+00
1.000367679589766e+00
1.001306327673515e+00
1.001522854366821e+00
1.001415227340371e+00
1.001434563407579e+00
1.001360934494458e+00
1.001314808148153e+00
1.000006901369679e+00
1.000007478298209e+00
9.999987488918991e-01
9.999985090026966e-01
9.999989419883131e-01
9.999988335203785e-01
9.999987786603201e-01
9.999988687848512e-01
1.000508152067508e+00
1.000683916311473e+00
1.000725311597781e+00
1.000661755201925e+00
1.000576830859710e+00
1.000982679964825e+00
1.000987038277879e+00
1.001099908968831e+00
1.001060828190371e+00
1.000839259746681e+00
1.000932483346936e+00
1.000805259969974e+00
1.000926124052023e+00
1.000766421661960e+00
1.000741591214142e+00
1.000641536855774e+00
1.000619418661256e+00
1.000583626216422e+00
1.000606665635106e+00
1.000521727863863e+00
1.000483738831141e+00
1.000601162170969e+00
1.000480985524110e+00
1.000463493915291e+00
1.000602548074691e+00
1.000492429806190e+00
1.000411130336428e+00
9.999961322849193e-01
1.000547039511678e+00
1.000511104848473e+00
1.000007543487921e+00
1.000967252460458e+00
1.000854723095778e+00
1.000010517267858e+00
1.001081627386800e+00
1.000593719860372e+00
9.999961744826896e-01
1.000543906071202e+00
1.000617642177686e+00
1.000743829948917e+00
1.000016002038014e+00
1.001185361020314e+00
1.000015553366298e+00
9.999612381920588e-01
1.000003204008448e+00
1.000240587714321e+00
1.000203368722254e+00
1.000000608100359e+00
1.000401632940716e+00
1.000001872089223e+00
1.000227040240334e+00
1.000004881429392e+00
1.000204832117106e+00
1.000005126894423e+00
9.999990763292175e-01
9.999993778708410e-01
1.000234922556227e+00
1.000009979858035e+00
9.999966836783529e-01
9.999989450932165e-01
1.000309943275074e+00
1.000000844142555e+00
1.000508979028018e+00
1.000269882927284e+00
1.000354219719710e+00
9.999989694870542e-01
9.999937330240005e-01
1.000543979137517e+00
9.999998043682101e-01
1.000610410603081e+00
1.000009478462785e+00
9.999972847850962e-01
1.000718787497028e+00
1.000449029761751e+00
1.000517696632909e+00
1.000555554619168e+00
1.000376285531167e+00
1.000002440136204e+00
1.000226568669035e+00
1.000004634626973e+00
9.999996300650620e-01
9.999989363266871e-01
1.000005973633375e+00
9.999985424734713e-01
9.999901553684064e-01
9.999930937288536e-01
9.999885320637089e-01
1.000005181568236e+00
9.999983812307054e-01
9.999983394211848e-01
9.999942449086475e-01
9.999724008258360e-01
9.999707297187697e-01
9.999925116472961e-01
1.000007953160882e+00
1.000005808553378e+00
9.999962619229876e-01
9.999929843839014e-01
1.000001002493836e+00
1.000219898668419e+00
1.000000427060584e+00
1.000385961458256e+00
1.000418291388644e+00
1.000253715463022e+00
1.001384904071864e+00
1.001430027346017e+00
1.000004703048888e+00
1.001438755899648e+00
1.001358762738535e+00
1.001333816523737e+00
1.001453966262882e+00
1.000022144510953e+00
1.001414359794414e+00
1.001218234357419e+00
1.001229517448961e+00
1.001315071972931e+00
1.000014867622233e+00
1.000015255101058e+00
1.001446599957160e+00
1.001359560308153e+00
1.001446053503688e+00
1.001353330549566e+00
1.001442955956600e+00
1.001319388291236e+00
1.000909668510687e+00
1.001022315611678e+00
1.001151464580710e+00
1.000005989675447e+00
1.000007341264674e+00
1.000000718973524e+00
9.999703057230602e-01
9.999690900772746e-01
1.001258767745475e+00
1.001371857374975e+00
1.001306075787589e+00
1.001429968673184e+00
1.000520390566743e+00
1.000392124813728e+00
1.000637561031717e+00
1.000541902680454e+00
1.001066138619649e+00
1.000908333820217e+00
1.000990981346454e+00
1.000803974711925e+00
1.000813114562196e+00
9.999961113219000e-01
9.999957897225624e-01
1.000695746697441e+00
1.000656720127830e+00
1.000788840303454e+00
1.000609430903372e+00
1.000553697181584e+00
1.000002499100723e+00
1.000272818610182e+00
1.000444546304214e+00
1.000424786693622e+00
1.000566810980045e+00
1.000555283818229e+00
1.000307212222496e+00
1.001249342113988e+00
1.001120674722673e+00
1.001316818054747e+00
1.001357998598424e+00
1.001267016478320e+00
1.001161890071065e+00
1.001158828930491e+00
1.000955279428156e+00
1.001094374044122e+00
1.000944105654894e+00
1.001043810998027e+00
1.000000186373547e+00
9.999988860960930e-01
1.000696213331418e+00
1.000803690102416e+00
1.000837220587588e+00
1.001061652705195e+00
1.000926027937993e+00
9.999991425333934e-01
9.999666161106922e-01
1.000007135571071e+00
1.000006566203097e+00
9.999987814312316e-01
9.999986407338947e-01
9.999989138527913e-01
9.999988377544393e-01
9.999614863337495e-01
9.999611077916936e-01
1.000008922523285e+00
1.000000498367890e+00
1.001445277402946e+00
1.000016733242122e+00
1.000008860230960e+00
9.999626234020180e-01
9.999837034117994e-01
1.000003885710496e+00
1.000003096334454e+00
9.999881934256069e-01
9.999949708436985e-01
9.999628899176344e-01
9.999639739126456e-01
1.000003815312373e+00
9.999992804487614e-01
1.000001886320390e+00
9.999603003391215e-01
1.000000041757542e+00
9.999992462110602e-01
1.000000045677800e+00
1.000000557653960e+00
1.000000527830059e+00
9.999980014940657e-01
1.000003762590218e+00
9.999815901836745e-01
9.999850316882710e-01
1.000003372240906e+00
9.999847396909973e-01
1.000001682200306e+00
1.000008521315573e+00
9.999652851750793e-01
1.000007878682623e+00
9.999985129065873e-01
9.999989109079690e-01
9.999989584884632e-01
1.000002903783803e+00
9.999862881638234e-01
1.000003593833453e+00
1.000004342568848e+00
9.999806415444077e-01
9.999820032995752e-01
1.000002790767010e+00
9.999871950672474e-01
1.000002343853889e+00
9.999884484338951e-01
9.999999366263436e-01
9.999998708636726e-01
9.999982132494407e-01
9.999587227047996e-01
1.000009352774560e+00
1.000008813470910e+00
9.999982086598936e-01
9.999990342144496e-01
9.999990236682420e-01
1.000003128164414e+00
9.999997089286766e-01
9.999983988459601e-01
9.999998737112892e-01
9.999997387304207e-01
9.999982287319745e-01
9.999982748796511e-01
1.000008971729183e+00
9.999639327787757e-01
1.000008693044479e+00
1.000007604227868e+00
9.999650102473121e-01
9.999618928320446e-01
1.000008586056671e+00
9.999989451577330e-01
1.000000139035408e+00
9.999981886914970e-01
9.999957069465709e-01
1.000000593811672e+00
1.000000073805729e+00
9.999999816508702e-01
1.000000546440602e+00
9.999980043447367e-01
1.000000540728092e+00
9.999979748098564e-01
1.000008187739561e+00
9.999659082291459e-01
1.000000964546067e+00
1.000004038788325e+00
9.999687522336238e-01
9.999706760173110e-01
1.000014823132086e+00
1.000007134525118e+00
9.999672981780892e-01
9.999988402494403e-01
9.999875234361572e-01
9.999893773827931e-01
1.000006520168547e+00
1.000420526641000e+00
9.999983763926734e-01
9.999984783906221e-01
9.999956932068509e-01
9.999979748940644e-01
9.999933150830461e-01
9.999775134109624e-01
9.999818632597021e-01
9.999996847586186e-01
9.999982536060067e-01
9.999954309630585e-01
1.000003377760543e+00
9.999929146369068e-01
9.999920883994512e-01
1.000327837115420e+00
9.999952790757606e-01
9.999729966022342e-01
1.000005623536504e+00
1.000006455600374e+00
9.999986440263926e-01
9.999987984305375e-01
9.999988126135648e-01
9.999990390278695e-01
9.999987163192617e-01
9.999777899447841e-01
1.000004700288298e+00
9.999994695536222e-01
9.999993136151385e-01
9.999985386493275e-01
9.999893844895064e-01
9.999872181630631e-01
1.000009199203574e+00
9.999936303438344e-01
9.999872056874132e-01
1.000002704588985e+00
1.000002802734660e+00
9.999641802668746e-01
1.000002934543680e+00
1.001311588821580e+00
1.000007923614147e+00
9.999659042594177e-01
1.000000757070610e+00
1.000006145803969e+00
1.000286635210621e+00
1.000348483249396e+00
9.999908916269629e-01
1.000005562170842e+00
9.999633644057396e-01
1.000001318949802e+00
1.001402946210086e+00
1.001336348789423e+00
9.999658254506997e-01
1.001258249840665e+00
1.001448285134275e+00
1.001288640326998e+00
1.001282263891708e+00
9.999756322853478e-01
9.999721712095150e-01
1.000008664227988e+00
9.999803249877194e-01
1.000006002734857e+00
9.999714883424328e-01
9.999743731095134e-01
1.000006274894472e+00
9.999982037538224e-01
9.999981934984064e-01
9.999990341389071e-01
1.000009047999997e+00
1.000009527257355e+00
9.999982885045198e-01
9.999990013845803e-01
1.000000519346064e+00
9.999979206057410e-01
1.000000498013536e+00
9.999979760798351e-01
9.999981353500705e-01
1.000000263983132e+00
1.000000488804363e+00
1.000000149938808e+00
1.000000169430443e+00
9.999982343536300e-01
1.000001186876978e+00
1.000001848775813e+00
1.000000307345032e+00
9.999982358865548e-01
9.999983388083149e-01
9.999983008022254e-01
9.999990705788303e-01
9.999985158874251e-01
9.999990287687390e-01
9.999989464044301e-01
9.999992492225693e-01
9.999986199863702e-01
1.000004536233162e+00
9.999995271936871e-01
9.999983987776642e-01
9.999985002016830e-01
1.000000161876008e+00
9.999981910476408e-01
1.000001170909709e+00
1.000001922945142e+00
1.000000338685919e+00
9.999980989287298e-01
9.999983969117954e-01
9.999990151152544e-01
9.999984606277177e-01
9.999990359471195e-01
1.000008507394871e+00
1.000008426542403e+00
9.999983580412116e-01
9.999984874274287e-01
9.999990744080006e-01
9.999990154015682e-01
1.000008299095193e+00
1.000008563494209e+00
9.999983681140832e-01
9.999990391395535e-01
9.999999737972037e-01
9.999981983729991e-01
9.999982008376157e-01
1.000002482222247e+00
1.000002430642892e+00
9.999999938199507e-01
9.999998688606745e-01
9.999994273538653e-01
9.999984928919566e-01
9.999995764846443e-01
9.999997392825943e-01
9.999983902004719e-01
9.999982548352531e-01
1.000000465177551e+00
1.000000357635883e+00
9.999980963220017e-01
1.000000240537654e+00
1.000000477627064e+00
9.999981851452889e-01
9.999979816444929e-01
9.999996539836652e-01
9.999984773146190e-01
9.999837470991536e-01
1.000003225195098e+00
1.000004031496972e+00
9.999936859927386e-01
9.999989221165703e-01
9.999986795324664e-01
9.999993842935063e-01
9.999986026475541e-01
1.000004973289613e+00
9.999991691519001e-01
1.001108122238267e+00
1.001035496884223e+00
1.000953386314806e+00
1.000960152519424e+00
1.000909905504423e+00
9.999982463397022e-01
9.999982563414717e-01
9.999990283745914e-01
9.999990367037027e-01
9.999983649725942e-01
9.999990613741508e-01
1.000000497516339e+00
1.000000156706184e+00
9.999985133967391e-01
1.000000541441251e+00
9.999980221240330e-01
1.000006544895533e+00
9.999988582989657e-01
1.000006973803879e+00
9.999987494547216e-01
9.999988382171682e-01
9.999986712569061e-01
9.999998022584348e-01
9.999998994334797e-01
9.999999665867754e-01
9.999982136866944e-01
9.999983607979176e-01
9.999982180052857e-01
1.000000335989216e+00
1.000000777938909e+00
1.000000387816297e+00
1.000000472835927e+00
9.999980378200708e-01
9.999980144256929e-01
9.999980249711872e-01
9.999989790725762e-01
9.999990761261961e-01
1.000006060902271e+00
1.000005335267866e+00
9.999758491803488e-01
9.999987475788661e-01
9.999986526425115e-01
1.000000040167965e+00
1.000000542673305e+00
1.000000515110732e+00
1.000000358722691e+00
9.999979716733649e-01
9.999980223769456e-01
9.999980688455621e-01
9.999990796017451e-01
9.999992489172951e-01
1.000005493720599e+00
9.999775827193127e-01
1.000004666862346e+00
9.999986576109120e-01
9.999985341879886e-01
1.001226659514873e+00
1.001191320401334e+00
1.001237692824237e+00
1.001127099035332e+00
1.001123766804532e+00
1.001153558710705e+00
1.001260100481523e+00
1.000904144195187e+00
1.000774696667434e+00
1.000899280873158e+00
1.000753762779309e+00
1.000253351453899e+00
9.999985781511581e-01
1.000000877083070e+00
1.000001001691824e+00
9.999966021470408e-01
9.999935262026095e-01
9.999978811417275e-01
1.000000751395472e+00
1.000000377117026e+00
1.000000843377947e+00
9.999959180719488e-01
9.999980260286333e-01
1.000000403591285e+00
9.999979981694823e-01
1.000008153231091e+00
9.999984251843429e-01
1.000008134499821e+00
9.999990489986711e-01
9.999990079621988e-01
1.000000049790896e+00
1.000001670026144e+00
9.999981849883374e-01
9.999981577105129e-01
1.000000192203792e+00
9.999999634449801e-01
1.000002543851696e+00
1.000000179535980e+00
1.000001984242006e+00
9.999982310410295e-01
9.999981467411828e-01
9.999982037781459e-01

rho_lat3  1  1102  double
1.000909804983432e+00
1.000954122677830e+00
1.000963355430530e+00
1.000999753173513e+00
1.001006630947662e+00
1.000637101724497e+00
1.000719695190158e+00
1.000649473882508e+00
1.000735059525629e+00
1.000628066965370e+00
1.001004197125765e+00
1.000944724352723e+00
1.000883179070643e+00
1.000764855887239e+00
1.000756965788558e+00
1.000868997647774e+00
1.000537682468689e+00
1.000648055300539e+00
1.000635609252561e+00
1.000521743718624e+00
1.000606615881932e+00
1.000731793668121e+00
1.000408204254419e+00
1.000535955241553e+00
1.000526009226831e+00
1.000655591853480e+00
1.000629826599660e+00
1.000637110454258e+00
1.000751283709217e+00
1.000726718272620e+00
1.001343489382469e+00
1.001433627658173e+00
1.001380569574690e+00
1.001423972042533e+00
1.001345089022238e+00
1.001297651847508e+00
1.001337887485900e+00
1.001226107368060e+00
1.001178024949152e+00
1.001266843808051e+00
1.001225505957228e+00
1.001173691688033e+00
1.000878706927899e+00
1.000896917956456e+00
1.000846313731680e+00
1.000749890771773e+00
1.000686499417959e+00
1.000584525047580e+00
1.000786709919782e+00
1.000987520972009e+00
1.000966926431298e+00
1.001027312585368e+00
1.000890909409772e+00
1.001023365162032e+00
1.001100219013324e+00
1.001041139458777e+00
1.000857859639575e+00
1.000874797147156e+00
1.000858588357971e+00
1.000872954211258e+00
1.000876454976341e+00
1.000787067579261e+00
1.000801131051945e+00
1.000832556760711e+00
1.000907389467977e+00
1.000891958595600e+00
1.000961939440740e+00
1.001004510783452e+00
1.000969339423582e+00
1.000929091769617e+00
1.001077042883807e+00
1.001085484827414e+00
1.001080440047166e+00
1.001093509163051e+00
1.001075908045045e+00
1.001109165309036e+00
1.001067110480243e+00
1.001110533825162e+00
1.001029705028945e+00
1.001114310861012e+00
1.001128234786461e+00
1.000968993287959e+00
1.001074820435019e+00
1.001002024455884e+00
1.001182635235880e+00
1.001118705905472e+00
1.001084014563719e+00
1.001070232605162e+00
1.000981349920594e+00
1.000967964114492e+00
1.000991856324281e+00
1.000883287821909e+00
1.000908710798291e+00
1.000933264940028e+00
1.001297912523333e+00
1.001196384350149e+00
1.001311996990053e+00
1.001223466051618e+00
1.001222567019571e+00
1.001234243403735e+00
1.001309075433499e+00
1.001000995799912e+00
1.001044106925771e+00
1.000999307912960e+00
1.001080423229797e+00
1.001051281655586e+00
1.001066912591515e+00
1.001075171906826e+00
1.001076980115994e+00
1.001056010501073e+00
1.001073102474619e+00
1.001081245122707e+00
1.001057344264099e+00
1.001054629196755e+00
1.001187622944111e+00
1.001162706918966e+00
1.001147105422634e+00
1.001117510180639e+00
1.001145270260295e+00
1.001198917404583e+00
1.001068778415643e+00
1.001070259151570e+00
1.001080823919775e+00
1.001080773957726e+00
1.001105329869973e+00
1.001098574218746e+00
1.001070348123710e+00
1.001065825192889e+00
1.001108025640648e+00
1.001054763517615e+00
1.001081417477311e+00
1.001037953283675e+00
1.001046007615413e+00
1.001067398942426e+00
1.001024103106829e+00
1.001010687445427e+00
1.001014944561370e+00
1.001016844126627e+00
1.001077072285677e+00
1.001085258612660e+00
1.001090327261870e+00
1.001122011633169e+00
1.001137159876048e+00
1.001113916030206e+00
1.001107752283075e+00
1.001034534181353e+00
1.001038070863217e+00
1.001005026199397e+00
1.001195175221502e+00
1.001165068874824e+00
1.001242963545148e+00
1.001168188211267e+00
1.001171669668909e+00
1.000914631328828e+00
1.000953136098678e+00
1.001012148689350e+00
1.001006861316480e+00
1.000918864595565e+00
1.000971203940803e+00
1.001257276382844e+00
1.001250601161025e+00
1.001236536569474e+00
1.001356857217425e+00
1.001216715752260e+00
1.000940255117794e+00
1.000870533167766e+00
1.000970469235279e+00
1.000951174674709e+00
1.000916304684968e+00
1.000757505059070e+00
1.000737189759998e+00
1.000782535890873e+00
1.000635159299548e+00
1.000741028490200e+00
1.000970114194327e+00
1.000952760545523e+00
1.000921827905483e+00
1.000934690248964e+00
1.000991822861073e+00
1.000871946227412e+00
1.000885512546142e+00
1.000890245322210e+00
1.000653052914649e+00
1.000756131040845e+00
1.000760508828150e+00
1.000633194018749e+00
1.000606077353713e+00
1.000825102741842e+00
1.000755582757613e+00
1.000994460732938e+00
1.000987824718925e+00
1.001051084307405e+00
1.001041796509127e+00
1.001041258955011e+00
1.000998682122119e+00
1.000973910609141e+00
1.000948239878385e+00
1.000983606671966e+00
1.000994877131435e+00
1.001323263512445e+00
1.001351860226018e+00
1.001334873309596e+00
1.001337587294897e+00
1.001317064209638e+00
1.001088595528575e+00
1.001062220340468e+00
1.001123628567043e+00
1.001069277376506e+00
1.001136652651598e+00
1.000768787127894e+00
1.000717143225294e+00
1.000644425441381e+00
1.000737485333683e+00
1.000617167637698e+00
1.000426747830172e+00
1.000389485383823e+00
1.000494246647217e+00
1.000259369896278e+00
1.000220970391268e+00
1.000442440188702e+00
1.000575690934714e+00
1.000444267899926e+00
1.000242854253009e+00
1.000294784054430e+00
1.000315236173508e+00
1.001152637978550e+00
1.001141318839429e+00
1.001136195683580e+00
1.001089642088978e+00
1.001107066159254e+00
1.001108412459514e+00
1.001184288937116e+00
1.000731597505417e+00
1.000768660469799e+00
1.000616100436508e+00
1.000668816339205e+00
1.000718899796030e+00
1.000789310983400e+00
1.001124771753362e+00
1.001006523945568e+00
1.001028828491430e+00
1.001041499720861e+00
1.000847271732950e+00
1.001049573001677e+00
1.001032749121245e+00
1.001074319607630e+00
1.001078485829152e+00
1.001069099141202e+00
1.001045935008422e+00
1.001078637834308e+00
1.001054394852527e+00
1.001025514682174e+00
1.001067324200349e+00
1.001047763727693e+00
1.001042924721929e+00
1.001034184665203e+00
1.000534467121521e+00
1.000456922021494e+00
1.000665720544098e+00
1.000415189670663e+00
1.000513417533727e+00
1.000948779627437e+00
1.000982419451903e+00
1.001200032832554e+00
1.001150252479971e+00
1.001098472500581e+00
1.001197537860348e+00
1.001004720818601e+00
1.001074877428364e+00
1.001075456133016e+00
1.001075452297078e+00
1.001072911607376e+00
1.000762441348364e+00
1.000816760518456e+00
1.000775536580141e+00
1.000649044270732e+00
1.001202900748239e+00
1.001157403919595e+00
1.001261089797884e+00
1.001284625008746e+00
1.001190941885497e+00
1.001273661034625e+00
1.001097430901201e+00
1.001151007501289e+00
1.001091208842433e+00
1.001105517113817e+00
1.000810621303329e+00
1.000856140053273e+00
1.000773753051082e+00
1.000778455803377e+00
1.000690482738413e+00
1.000710824171216e+00
1.001063809813558e+00
1.001023525404051e+00
1.001000599799824e+00
1.001080769275034e+00
1.001057884945578e+00
1.001063634162105e+00
1.001083884613361e+00
1.001036485536561e+00
1.001107419853849e+00
1.001127592387003e+00
1.001086874356819e+00
1.001074561482416e+00
1.001133195905163e+00
1.001087954602559e+00
1.000704430845724e+00
1.000792186995139e+00
1.000836697155896e+00
1.000869388738722e+00
1.000789006006384e+00
1.000816178931919e+00
1.001073171697849e+00
1.001079203145932e+00
1.001084981269277e+00
1.001083683285796e+00
1.001072781213176e+00
1.001037498099670e+00
1.001015083253811e+00
1.001019101530384e+00
1.001035177798915e+00
1.001040173651613e+00
1.001101879816578e+00
1.001107940702399e+00
1.001096702284425e+00
1.001075472380439e+00
1.001091211189912e+00
1.001133142853772e+00
1.001004905815208e+00
1.000948614512813e+00
1.000974008517265e+00
1.000979595758341e+00
1.000959080145738e+00
1.000932237131701e+00
1.000915188644279e+00
1.001054253121063e+00
1.001097599838739e+00
1.001112209027166e+00
1.001003552604070e+00
1.001075459012063e+00
1.000978924094956e+00
1.000983811655581e+00
1.000942891827522e+00
1.000950162085540e+00
1.000914769422454e+00
1.000967161107780e+00
1.000911452080065e+00
1.001127484318527e+00
1.001124075275682e+00
1.001079370658146e+00
1.001126554480828e+00
1.001079041876672e+00
1.001128787472026e+00
1.001111292759814e+00
1.001064172088980e+00
1.001170178003448e+00
1.001122731788806e+00
1.000837262093386e+00
1.000836035035766e+00
1.000880907721978e+00
1.000805387454213e+00
1.000756653617970e+00
1.000717852414581e+00
1.001244889105460e+00
1.001226116060159e+00
1.001168223741283e+00
1.001229587732899e+00
1.001215850456005e+00
1.001222773286971e+00
1.001042481419911e+00
1.001054053475953e+00
1.001062346931894e+00
1.001029298242863e+00
1.000809938381669e+00
1.000894086518671e+00
1.000832209874466e+00
1.000911315915657e+00
1.000836065105143e+00
1.000794668662538e+00
1.001025160235932e+00
1.001032144598729e+00
1.001002668019451e+00
1.001035889672945e+00
1.000589494778121e+00
1.000513620838668e+00
1.000386342762654e+00
1.000391982458593e+00
1.000443664890248e+00
1.000563169440690e+00
1.000457569587815e+00
1.001238082977703e+00
1.001217284050232e+00
1.001239128120822e+00
1.001167126052935e+00
1.001192266943482e+00
1.001172146009567e+00
1.000910087813055e+00
1.000919096014637e+00
1.000833440628787e+00
1.000902327965433e+00
1.000918040740101e+00
1.000960481328332e+00
1.001115270891159e+00
1.001145919180644e+00
1.001154866886924e+00
1.001188761166370e+00
1.001125303647916e+00
1.001078339053769e+00
1.000983893774451e+00
1.001032399160950e+00
1.001001814142805e+00
1.001036210494260e+00
1.001075614852234e+00
1.001079032002977e+00
1.001088122280573e+00
1.001144257428270e+00
1.001054658590211e+00
1.001053308413195e+00
1.001076736775898e+00
1.001058649266798e+00
1.001065101736218e+00
1.000952797854690e+00
1.000981198873095e+00
1.000977337463104e+00
1.000878445388500e+00
1.000927823424248e+00
1.000866017817892e+00
1.000829699401356e+00
1.001121092431716e+00
1.001083327463075e+00
1.001042429035422e+00
1.001136555305813e+00
1.001088615942390e+00
1.000869263816335e+00
1.000845278178031e+00
1.000800969759070e+00
1.000795369214634e+00
1.000820689058569e+00
1.000931038242822e+00
1.001017008331111e+00
1.001061424726887e+00
1.001003904674261e+00
1.001028907844840e+00
1.001161372916785e+00
1.001156724226641e+00
1.001175713585944e+00
1.001118194132330e+00
1.001121184618465e+00
1.000912930981853e+00
1.000853348307310e+00
1.000770270387266e+00
1.000879366575940e+00
1.000889405770461e+00
1.000816056890044e+00
1.000805904045922e+00
1.001160557695694e+00
1.001178598033858e+00
1.001167568679791e+00
1.001136050826145e+00
1.001105335238546e+00
1.001158561681959e+00
1.001162894421594e+00
1.001181453595210e+00
1.001167479970649e+00
1.001123603960374e+00
1.000869195048884e+00
1.000863708431553e+00
1.000930362548144e+00
1.000813695503722e+00
1.000755775332812e+00
1.000784482776862e+00
1.000931893575257e+00
1.000932988886302e+00
1.001027270806724e+00
1.000899423569921e+00
1.000775298890608e+00
1.000862583130165e+00
1.000460830959496e+00
1.000633038618225e+00
1.000492688548287e+00
1.000624856885000e+00
1.000504146115409e+00
1.000478232312106e+00
1.000398439216194e+00
1.000673511206929e+00
1.000685250560670e+00
1.000738301284361e+00
1.000727407273340e+00
1.000896211519614e+00
1.000819874838059e+00
1.000834762828080e+00
1.000973596119560e+00
1.000925563547193e+00
1.000595907914786e+00
1.000748011152223e+00
1.000650407372830e+00
1.000695798636378e+00
1.000466686508679e+00
1.001269548921767e+00
1.001263170142025e+00
1.001258722082516e+00
1.001259258812442e+00
1.001319956775848e+00
1.001181096871569e+00
1.000985559247470e+00
1.000844894660578e+00
1.001103974635551e+00
1.001202086170816e+00
1.001068881311344e+00
1.001009426342830e+00
1.000946638011233e+00
1.001182523521460e+00
1.001244188408689e+00
1.001313889074201e+00
1.001270065082209e+00
1.001257227768695e+00
1.001240337604827e+00
1.001161934336825e+00
1.000573670465956e+00
1.000639211324545e+00
1.000731096195683e+00
1.000631506640740e+00
1.000497900633805e+00
1.001436114078463e+00
1.001391705153078e+00
1.001330592512810e+00
1.001289111339098e+00
1.001310102057570e+00
1.001267399279012e+00
1.001357604267532e+00
1.000019257989850e+00
1.000025493890898e+00
1.001275601847712e+00
9.999600505899401e-01
1.001032628446309e+00
1.000996778434057e+00
1.001105758915098e+00
1.001113857729644e+00
1.001017984579220e+00
1.000507571278783e+00
1.000398871160096e+00
1.000409186933153e+00
1.000512981172937e+00
1.000407588758138e+00
1.000229354854178e+00
1.000699736190390e+00
9.999927428759012e-01
1.000579836858825e+00
1.000675958544271e+00
1.000004629624337e+00
1.000389043490737e+00
1.000391918518883e+00
1.000233245849817e+00
1.000203973794690e+00
1.000002484846739e+00
1.000006699234177e+00
9.999983164170481e-01
1.000531841959309e+00
1.000604240356610e+00
1.000483058399072e+00
1.000532683970508e+00
1.000367679589766e+00
1.001306327673515e+00
1.001522854366821e+00
1.001415227340371e+00
1.001434563407579e+00
1.001360934494458e+00
1.001314808148153e+00
1.000006901369679e+00
1.000007478298209e+00
9.999987488918991e-01
9.999985090026966e-01
9.999989419883131e-01
9.999988335203785e-01
9.999987786603201e-01
9.999988687848512e-01
1.000508152067508e+00
1.000683916311473e+00
1.000725311597781e+00
1.000661755201925e+00
1.000576830859710e+00
1.000982679964825e+00
1.000987038277879e+00
1.001099908968831e+00
1.001060828190371e+00
1.000839259746681e+00
1.000932483346936e+00
1.000805259969974e+00
1.000926124052023e+00
1.000766421661960e+00
1.000741591214142e+00
1.000641536855774e+00
1.000619418661256e+00
1.000583626216422e+00
1.000606665635106e+00
1.000521727863863e+00
1.000483738831141e+00
1.000601162170969e+00
1.000480985524110e+00
1.000463493915291e+00
1.000602548074691e+00
1.000492429806190e+00
1.000411130336428e+00
9.999961322849193e-01
1.000547039511678e+00
1.000511104848473e+00
1.000007543487921e+00
1.000967252460458e+00
1.000854723095778e+00
1.000010517267858e+00
1.001081627386800e+00
1.000593719860372e+00
9.999961744826896e-01
1.000543906071202e+00
1.000617642177686e+00
1.000743829948917e+00
1.000016002038014e+00
1.001185361020314e+00
1.000015553366298e+00
9.999612381920588e-01
1.000003204008448e+00
1.000240587714321e+00
1.000203368722254e+00
1.000000608100359e+00
1.000401632940716e+00
1.000001872089223e+00
1.000227040240334e+00
1.000004881429392e+00
1.000204832117106e+00
1.000005126894423e+00
9.999990763292175e-01
9.999993778708410e-01
1.000234922556227e+00
1.000009979858035e+00
9.999966836783529e-01
9.999989450932165e-01
1.000309943275074e+00
1.000000844142555e+00
1.000508979028018e+00
1.000269882927284e+00
1.000354219719710e+00
9.999989694870542e-01
9.999937330240005e-01
1.000543979137517e+00
9.999998043682101e-01
1.000610410603081e+00
1.000009478462785e+00
9.999972847850962e-01
1.000718787497028e+00
1.000449029761751e+00
1.000517696632909e+00
1.000555554619168e+00
1.000376285531167e+00
1.000002440136204e+00
1.000226568669035e+00
1.000004634626973e+00
9.999996300650620e-01
9.999989363266871e-01
1.000005973633375e+00
9.999985424734713e-01
9.999901553684064e-01
9.999930937288536e-01
9.999885320637089e-01
1.000005181568236e+00
9.999983812307054e-01
9.999983394211848e-01
9.999942449086475e-01
9.999724008258360e-01
9.999707297187697e-01
9.999925116472961e-01
1.000007953160882e+00
1.000005808553378e+00
9.999962619229876e-01
9.999929843839014e-01
1.000001002493836e+00
1.000219898668419e+00
1.000000427060584e+00
1.000385961458256e+00
1.000418291388644e+00
1.000253715463022e+00
1.001384904071864e+00
1.001430027346017e+00
1.000004703048888e+00
1.001438755899648e+00
1.001358762738535e+00
1.001333816523737e+00
1.001453966262882e+00
1.000022144510953e+00
1.001414359794414e+00
1.001218234357419e+00
1.001229517448961e+00
1.001315071972931e+00
1.000014867622233e+00
1.000015255101058e+00
1.001446599957160e+00
1.001359560308153e+00
1.001446053503688e+00
1.001353330549566e+00
1.001442955956600e+00
1.001319388291236e+00
1.000909668510687e+00
1.001022315611678e+00
1.001151464580710e+00
1.000005989675447e+00
1.000007341264674e+00
1.000000718973524e+00
9.999703057230602e-01
9.999690900772746e-01
1.001258767745475e+00
1.001371857374975e+00
1.001306075787589e+00
1.001429968673184e+00
1.000520390566743e+00
1.000392124813728e+00
1.000637561031717e+00
1.000541902680454e+00
1.001066138619649e+00
1.000908333820217e+00
1.000990981346454e+00
1.000803974711925e+00
1.000813114562196e+00
9.999961113219000e-01
9.999957897225624e-01
1.000695746697441e+00
1.000656720127830e+00
1.000788840303454e+00
1.000609430903372e+00
1.000553697181584e+00
1.000002499100723e+00
1.000272818610182e+00
1.000444546304214e+00
1.000424786693622e+00
1.000566810980045e+00
1.000555283818229e+00
1.000307212222496e+00
1.001249342113988e+00
1.001120674722673e+00
1.001316818054747e+00
1.001357998598424e+00
1.001267016478320e+00
1.001161890071065e+00
1.001158828930491e+00
1.000955279428156e+00
1.001094374044122e+00
1.000944105654894e+00
1.001043810998027e+00
1.000000186373547e+00
9.999988860960930e-01
1.000696213331418e+00
1.000803690102416e+00
1.000837220587588e+00
1.001061652705195e+00
1.000926027937993e+00
9.999991425333934e-01
9.999666161106922e-01
1.000007135571071e+00
1.000006566203097e+00
9.999987814312316e-01
9.999986407338947e-01
9.999989138527913e-01
9.999988377544393e-01
9.999614863337495e-01
9.999611077916936e-01
1.000008922523285e+00
1.000000498367890e+00
1.001445277402946e+00
1.000016733242122e+00
1.000008860230960e+00
9.999626234020180e-01
9.999837034117994e-01
1.000003885710496e+00
1.000003096334454e+00
9.999881934256069e-01
9.999949708436985e-01
9.999628899176344e-01
9.999639739126456e-01
1.000003815312373e+00
9.999992804487614e-01
1.000001886320390e+00
9.999603003391215e-01
1.000000041757542e+00
9.999992462110602e-01
1.000000045677800e+00
1.000000557653960e+00
1.000000527830059e+00
9.999980014940657e-01
1.000003762590218e+00
9.999815901836745e-01
9.999850316882710e-01
1.000003372240906e+00
9.999847396909973e-01
1.000001682200306e+00
1.000008521315573e+00
9.999652851750793e-01
1.000007878682623e+00
9.999985129065873e-01
9.999989109079690e-01
9.999989584884632e-01
1.000002903783803e+00
9.999862881638234e-01
1.000003593833453e+00
1.000004342568848e+00
9.999806415444077e-01
9.999820032995752e-01
1.000002790767010e+00
9.999871950672474e-01
1.000002343853889e+00
9.999884484338951e-01
9.999999366263436e-01
9.999998708636726e-01
9.999982132494407e-01
9.999587227047996e-01
1.000009352774560e+00
1.000008813470910e+00
9.999982086598936e-01
9.999990342144496e-01
9.999990236682420e-01
1.000003128164414e+00
9.999997089286766e-01
9.999983988459601e-01
9.999998737112892e-01
9.999997387304207e-01
9.999982287319745e-01
9.999982748796511e-01
1.000008971729183e+00
9.999639327787757e-01
1.000008693044479e+00
1.000007604227868e+00
9.999650102473121e-01
9.999618928320446e-01
1.000008586056671e+00
9.999989451577330e-01
1.000000139035408e+00
9.999981886914970e-01
9.999957069465709e-01
1.000000593811672e+00
1.000000073805729e+00
9.999999816508702e-01
1.000000546440602e+00
9.999980043447367e-01
1.000000540728092e+00
9.999979748098564e-01
1.000008187739561e+00
9.999659082291459e-01
1.000000964546067e+00
1.000004038788325e+00
9.999687522336238e-01
9.999706760173110e-01
1.000014823132086e+00
1.000007134525118e+00
9.999672981780892e-01
9.999988402494403e-01
9.999875234361572e-01
9.999893773827931e-01
1.000006520168547e+00
1.000420526641000e+00
9.999983763926734e-01
9.999984783906221e-01
9.999956932068509e-01
9.999979748940644e-01
9.999933150830461e-01
9.999775134109624e-01
9.999818632597021e-01
9.999996847586186e-01
9.999982536060067e-01
9.999954309630585e-01
1.000003377760543e+00
9.999929146369068e-01
9.999920883994512e-01
1.000327837115420e+00
9.999952790757606e-01
9.999729966022342e-01
1.000005623536504e+00
1.000006455600374e+00
9.999986440263926e-01
9.999987984305375e-01
9.999988126135648e-01
9.999990390278695e-01
9.999987163192617e-01
9.999777899447841e-01
1.000004700288298e+00
9.999994695536222e-01
9.999993136151385e-01
9.999985386493275e-01
9.999893844895064e-01
9.999872181630631e-01
1.000009199203574e+00
9.999936303438344e-01
9.999872056874132e-01
1.000002704588985e+00
1.000002802734660e+00
9.999641802668746e-01
1.000002934543680e+00
1.001311588821580e+00
1.000007923614147e+00
9.999659042594177e-01
1.000000757070610e+00
1.000006145803969e+00
1.000286635210621e+00
1.000348483249396e+00
9.999908916269629e-01
1.000005562170842e+00
9.999633644057396e-01
1.000001318949802e+00
1.001402946210086e+00
1.001336348789423e+00
9.999658254506997e-01
1.001258249840665e+00
1.001448285134275e+00
1.001288640326998e+00
1.001282263891708e+00
9.999756322853478e-01
9.999721712095150e-01
1.000008664227988e+00
9.999803249877194e-01
1.000006002734857e+00
9.999714883424328e-01
9.999743731095134e-01
1.000006274894472e+00
9.999982037538224e-01
9.999981934984064e-01
9.999990341389071e-01
1.000009047999997e+00
1.000009527257355e+00
9.999982885045198e-01
9.999990013845803e-01
1.000000519346064e+00
9.999979206057410e-01
1.000000498013536e+00
9.999979760798351e-01
9.999981353500705e-01
1.000000263983132e+00
1.000000488804363e+00
1.000000149938808e+00
1.000000169430443e+00
9.999982343536300e-01
1.000001186876978e+00
1.000001848775813e+00
1.000000307345032e+00
9.999982358865548e-01
9.999983388083149e-01
9.999983008022254e-01
9.999990705788303e-01
9.999985158874251e-01
9.999990287687390e-01
9.999989464044301e-01
9.999992492225693e-01
9.999986199863702e-01
1.000004536233162e+00
9.999995271936871e-01
9.999983987776642e-01
9.999985002016830e-01
1.000000161876008e+00
9.999981910476408e-01
1.000001170909709e+00
1.000001922945142e+00
1.000000338685919e+00
9.999980989287298e-01
9.999983969117954e-01
9.999990151152544e-01
9.999984606277177e-01
9.999990359471195e-01
1.000008507394871e+00
1.000008426542403e+00
9.999983580412116e-01
9.999984874274287e-01
9.999990744080006e-01
9.999990154015682e-01
1.000008299095193e+00
1.000008563494209e+00
9.999983681140832e-01
9.999990391395535e-01
9.999999737972037e-01
9.999981983729991e-01
9.999982008376157e-01
1.000002482222247e+00
1.000002430642892e+00
9.999999938199507e-01
9.999998688606745e-01
9.999994273538653e-01
9.999984928919566e-01
9.999995764846443e-01
9.999997392825943e-01
9.999983902004719e-01
9.999982548352531e-01
1.000000465177551e+00
1.000000357635883e+00
9.999980963220017e-01
1.000000240537654e+00
1.000000477627064e+00
9.999981851452889e-01
9.999979816444929e-01
9.999996539836652e-01
9.999984773146190e-01
9.999837470991536e-01
1.000003225195098e+00
1.000004031496972e+00
9.999936859927386e-01
9.999989221165703e-01
9.999986795324664e-01
9.999993842935063e-01
9.999986026475541e-01
1.000004973289613e+00
9.999991691519001e-01
1.001108122238267e+00
1.001035496884223e+00
1.000953386314806e+00
1.000960152519424e+00
1.000909905504423e+00
9.999982463397022e-01
9.999982563414717e-01
9.999990283745914e-01
9.999990367037027e-01
9.999983649725942e-01
9.999990613741508e-01
1.000000497516339e+00
1.000000156706184e+00
9.999985133967391e-01
1.000000541441251e+00
9.999980221240330e-01
1.000006544895533e+00
9.999988582989657e-01
1.000006973803879e+00
9.999987494547216e-01
9.999988382171682e-01
9.999986712569061e-01
9.999998022584348e-01
9.999998994334797e-01
9.999999665867754e-01
9.999982136866944e-01
9.999983607979176e-01
9.999982180052857e-01
1.000000335989216e+00
1.000000777938909e+00
1.000000387816297e+00
1.000000472835927e+00
9.999980378200708e-01
9.999980144256929e-01
9.999980249711872e-01
9.999989790725762e-01
9.999990761261961e-01
1.000006060902271e+00
1.000005335267866e+00
9.999758491803488e-01
9.999987475788661e-01
9.999986526425115e-01
1.000000040167965e+00
1.000000542673305e+00
1.000000515110732e+00
1.000000358722691e+00
9.999979716733649e-01
9.999980223769456e-01
9.999980688455621e-01
9.999990796017451e-01
9.999992489172951e-01
1.000005493720599e+00
9.999775827193127e-01
1.000004666862346e+00
9.999986576109120e-01
9.999985341879886e-01
1.001226659514873e+00
1.001191320401334e+00
1.001237692824237e+00
1.001127099035332e+00
1.001123766804532e+00
1.001153558710705e+00
1.001260100481523e+00
1.000904144195187e+00
1.000774696667434e+00
1.000899280873158e+00
1.000753762779309e+00
1.000253351453899e+00
9.999985781511581e-01
1.000000877083070e+00
1.000001001691824e+00
9.999966021470408e-01
9.999935262026095e-01
9.999978811417275e-01
1.000000751395472e+00
1.000000377117026e+00
1.000000843377947e+00
9.999959180719488e-01
9.999980260286333e-01
1.000000403591285e+00
9.999979981694823e-01
1.000008153231091e+00
9.999984251843429e-01
1.000008134499821e+00
9.999990489986711e-01
9.999990079621988e-01
1.000000049790896e+00
1.000001670026144e+00
9.999981849883374e-01
9.999981577105129e-01
1.000000192203792e+00
9.999999634449801e-01
1.000002543851696e+00
1.000000179535980e+00
1.000001984242006e+00
9.999982310410295e-01
9.999981467411828e-01
9.999982037781459e-01

EA  1  1102  double
4.055801282060213e-07
4.083754778864947e-07
4.059532296489725e-07
4.016534998443254e-07
4.053530466659015e-07
4.000623950122857e-07
3.777079285988816e-07
4.542311118846017e-07
3.678684672147045e-07
4.102802511969132e-07
4.181578007291004e-07
4.008966660965814e-07
1.756164023075919e-07
1.569093911396333e-07
6.110257004018541e-07
4.801794374548797e-07
4.161833354258947e-07
3.819511721916620e-07
4.250905523261564e-07
3.991831256436904e-07
4.398954392976475e-07
3.828292328497080e-07
1.655787599364219e-07
4.032748582228308e-07
4.140751264728080e-07
3.716403289760038e-07
4.096766203253118e-07
4.134281723905072e-07
3.934131455914108e-07
3.851778716949498e-07
4.056596560745946e-07
3.993365868711883e-07
4.054023496037788e-07
4.084031427519877e-07
1.566421160559137e-07
1.486564751752736e-07
3.982345039114863e-07
4.115553409327591e-07
4.536251371089597e-07
4.045968339993304e-07
3.981094836513243e-07
1.281275551506293e-07
4.073673832066011e-07
3.725715271529664e-07
4.662489867091849e-07
3.968643799119002e-07
3.941045600857816e-07
1.738802456220373e-07
3.840913863749261e-07
3.668413475087470e-07
4.119923170559222e-07
4.148125194858602e-07
3.802656726947815e-07
4.012982753430152e-07
4.074389377327040e-07
3.973951284883411e-07
4.103261143992485e-07
4.030581872567940e-07
4.134025028622626e-07
4.061246583612550e-07
4.069285407231159e-07
4.144801604524067e-07
4.065048687161985e-07
4.049295144858676e-07
4.051401107096279e-07
4.084292266847892e-07
4.055947596645398e-07
4.027178371169847e-07
4.031741429700074e-07
4.054855791052639e-07
3.926837068140030e-07
3.942477426191211e-07
3.953916725583825e-07
3.988088744529672e-07
3.958421791160449e-07
3.952939651905821e-07
4.076544652390312e-07
4.108463623183250e-07
4.131094487070930e-07
3.847694528790238e-07
4.091812819866399e-07
4.064985905792290e-07
4.086361063711694e-07
3.993329816708496e-07
4.055490046190454e-07
4.041370500525895e-07
3.992033435448368e-07
3.977830717359835e-07
4.024675566132510e-07
4.077384065333939e-07
4.066509853216925e-07
4.093179716877163e-07
4.049875555508978e-07
4.059236867062738e-07
3.789725757270090e-07
4.079138481794913e-07
3.793526437068948e-07
4.103334834729896e-07
4.031668648123875e-07
4.049042567066163e-07
4.095428285905267e-07
4.107959096017122e-07
4.048079398372663e-07
4.049419869972977e-07
4.084955696909321e-07
4.045729538784885e-07
3.951591202488434e-07
3.929179126401712e-07
3.946585730523857e-07
3.949440588723807e-07
3.939557366607899e-07
3.941599410912096e-07
3.954256607453173e-07
3.939601746293675e-07
4.052378605070690e-07
4.158135994695105e-07
4.007229443722934e-07
4.114929031284691e-07
4.056356838318423e-07
3.601120447752378e-07
3.962168556113523e-07
3.944835154039002e-07
3.944636301803362e-07
3.986266692233987e-07
3.954334064857018e-07
3.988427621869891e-07
3.960999703242491e-07
3.981666797446089e-07
3.965315191109517e-07
3.965537261423799e-07
3.991431735669038e-07
3.984594826620448e-07
3.980730069729357e-07
3.964713335876407e-07
3.977247756163483e-07
4.026487681815117e-07
4.020875400784287e-07
3.983634722640980e-07
3.979026494230784e-07
3.993220786127536e-07
3.962277634353565e-07
4.017196339535804e-07
4.001765160611800e-07
3.999968566574430e-07
4.023069493614453e-07
3.993969626757721e-07
3.978532593664855e-07
3.990861464746111e-07
4.090875785211448e-07
4.113154238768891e-07
4.011401326707197e-07
4.105852785778447e-07
4.042165725283355e-07
4.060850179593685e-07
4.095064201713924e-07
4.046403093131845e-07
4.067145677671928e-07
4.108711712969091e-07
4.064734829077337e-07
4.024673237264131e-07
4.049554140611445e-07
4.070457712886764e-07
3.691440786454805e-07
4.137883393447639e-07
4.083757718865145e-07
4.056211292287954e-07
4.014029737184873e-07
4.023893144757302e-07
4.065350782828838e-07
4.161934802325919e-07
3.946537874694806e-07
4.059415649675016e-07
3.680983131929477e-07
4.162434542967103e-07
4.043058329893622e-07
4.041697353962432e-07
4.077314726169764e-07
4.032806472741040e-07
4.031167139989985e-07
4.060304009461449e-07
4.075282033425664e-07
4.043178437419358e-07
3.797054787324301e-07
4.057910440541336e-07
4.177261885977063e-07
3.612787989475040e-07
4.256823744770670e-07
4.090322901930991e-07
3.974260004559213e-07
4.053913038990740e-07
4.063430043568382e-07
4.006064493389490e-07
4.075808411531082e-07
4.027128009101598e-07
4.013657217578618e-07
4.069199589894248e-07
4.035770205997198e-07
4.017609059004853e-07
4.012713202552937e-07
4.162420180953622e-07
3.562074643692619e-07
3.762457512445891e-07
4.129985332501288e-07
3.791812929099228e-07
4.098034607100860e-07
4.116467467400330e-07
4.027562035535375e-07
4.059217987714180e-07
4.082343267734407e-07
4.138792345799204e-07
4.083566155411839e-07
3.574233470348942e-07
3.958704872196853e-07
4.450654697829306e-07
1.750274411612079e-07
1.248302784282241e-07
4.153906009064965e-07
4.726947757052792e-07
6.620863077780076e-07
1.851734938018177e-07
4.084202418974021e-07
1.755920852267221e-07
4.945894594598679e-07
4.818919558372168e-07
4.628642353737229e-07
4.149544823824956e-07
3.780778775367169e-07
4.101931642044300e-07
4.148691113208833e-07
3.981185189934059e-07
4.470369775350381e-07
3.820806856930916e-07
4.076495260386514e-07
4.101324891322783e-07
3.961242094554741e-07
4.056573879575536e-07
3.991688304025863e-07
4.239493909761073e-07
4.217488014107501e-07
1.304911725013180e-07
1.440798705323423e-07
3.989671273100405e-07
1.171610103958900e-07
4.026614935734202e-07
3.994562071574123e-07
3.970325955120686e-07
3.984103701108312e-07
3.956183280497572e-07
3.983395371511517e-07
4.018262735316413e-07
4.027097913691250e-07
3.995538218419831e-07
3.967462397155769e-07
3.984415507120567e-07
4.035993479414331e-07
4.006650729543692e-07
3.792909524055528e-07
1.823567225275733e-07
4.721246673405159e-07
1.806513136970826e-07
3.920957065175896e-07
1.997227272158281e-07
1.217633339056183e-07
4.113856518662269e-07
1.371498012280226e-07
6.437504363350271e-07
5.676962488830285e-07
5.974356713162644e-07
3.932496117958297e-07
3.932564586823837e-07
3.929661822380088e-07
3.941715869402806e-07
4.050534989895661e-07
4.068757358356682e-07
4.139141992560042e-07
3.680359173106685e-07
3.735914665825009e-07
4.092499172128935e-07
3.789754394671022e-07
3.811933554580434e-07
4.126229563239807e-07
4.140733732013063e-07
4.049495469554590e-07
4.046258694164770e-07
4.041814360254634e-07
4.043504265004276e-07
4.033470728489609e-07
4.159427417592948e-07
4.068040623372462e-07
4.013707021164090e-07
3.883207447493427e-07
4.088641119939069e-07
4.005280775387032e-07
4.030991353331024e-07
4.047003523363488e-07
4.048441055439248e-07
4.060898263216538e-07
4.030473142051509e-07
4.024837926399933e-07
4.040832568755379e-07
4.005689494656295e-07
4.014861606661707e-07
3.987109210362260e-07
3.988646185990517e-07
4.013302548048507e-07
3.976379387916489e-07
4.010567841550355e-07
3.840644353140267e-07
4.070959850439214e-07
4.133402166681102e-07
4.061135770840901e-07
3.838884216289766e-07
3.939417099500858e-07
3.953837033580454e-07
3.942874427983209e-07
3.951243162653996e-07
3.936394282750797e-07
4.009203077343230e-07
4.020084371218858e-07
3.974103004580418e-07
3.989320404662963e-07
3.981851252931333e-07
3.979053130045351e-07
3.966624142085346e-07
3.990948365229765e-07
4.007500278632330e-07
4.016663872815211e-07
4.022488713450036e-07
4.019004917061865e-07
4.018288525636331e-07
4.033429224536767e-07
4.016335555968912e-07
4.074634314712618e-07
4.055439862844333e-07
4.063510999583492e-07
4.040383186552087e-07
4.115916248469514e-07
4.041914718934476e-07
4.013649454177253e-07
4.113641362599886e-07
4.071480207409863e-07
4.040056949309693e-07
4.054272811994696e-07
4.063211661400725e-07
4.079326259890184e-07
4.133333970025197e-07
3.744202918401032e-07
3.997616713567748e-07
4.044616178929360e-07
3.989710998550993e-07
4.030387379993561e-07
4.058759892858170e-07
4.003697399434656e-07
4.097764724585341e-07
4.038698259720242e-07
4.013499311471689e-07
4.040075276502349e-07
4.071044984284210e-07
3.800632470367545e-07
4.126802086368503e-07
3.778895863058417e-07
4.103549107584340e-07
4.118088535143800e-07
4.044664507061410e-07
4.108132324228506e-07
4.049165238477251e-07
4.049886953639187e-07
4.027550986825944e-07
4.084772870179322e-07
4.013482315738682e-07
3.974283505929451e-07
4.006037404214087e-07
4.037888139437145e-07
4.079681229925875e-07
4.148177024318989e-07
4.003527041264177e-07
4.065879775182018e-07
4.091171059462483e-07
4.136954295038177e-07
3.985274154070999e-07
3.965171478619651e-07
3.996447392338785e-07
4.007517280752470e-07
4.325747303783211e-07
4.240788866002638e-07
1.614916658030236e-07
1.465926902428704e-07
3.896602505063274e-07
4.055369993243294e-07
3.951786131082188e-07
4.088590339110173e-07
4.131810551257026e-07
4.011363385714286e-07
4.116973818439524e-07
4.069291177515818e-07
4.047328517094013e-07
4.042646815675535e-07
4.070692971300509e-07
3.775360169628322e-07
3.569297366662869e-07
4.139769132503463e-07
4.078702781310744e-07
4.089509466778722e-07
4.061324502984568e-07
4.025059602556273e-07
4.072248895164817e-07
4.161087771017571e-07
4.056082390227861e-07
4.070136633294175e-07
4.082398557370277e-07
4.074457776432304e-07
4.037383344992234e-07
4.062437293465321e-07
4.022737310121311e-07
4.044874464599666e-07
4.059224742529056e-07
3.932971232842338e-07
3.957770863501576e-07
3.939288000498355e-07
3.963296767245249e-07
3.950244155252193e-07
4.070524287019995e-07
4.008151301232467e-07
4.049675059224485e-07
4.042240431916197e-07
4.035675939315477e-07
4.129391628235317e-07
4.040591871666548e-07
4.030377742415632e-07
4.129508995221271e-07
4.150882969033767e-07
4.055768964567194e-07
4.055439260605822e-07
4.052025591104690e-07
3.995159740594590e-07
4.110827281624856e-07
4.098080265481081e-07
3.917724688500690e-07
4.099183031463815e-07
4.034984208564229e-07
4.084362706212812e-07
4.134895624257699e-07
4.077485178390594e-07
4.036114324666370e-07
4.092866073503094e-07
4.049366015192954e-07
4.023857701883709e-07
4.033248303044888e-07
4.082458894041152e-07
4.046696315321015e-07
3.999288542653841e-07
4.095719254376256e-07
4.041791152225434e-07
4.064734771083371e-07
4.142902298129953e-07
4.102603808597876e-07
4.058986287012853e-07
4.030897585592654e-07
4.065699399585942e-07
4.090679279791702e-07
4.050249487638705e-07
4.092564503027710e-07
4.048533265051213e-07
4.043008725806341e-07
4.018787442461157e-07
3.795009919129793e-07
4.093195472299127e-07
4.090301960878190e-07
4.144902415107218e-07
4.109180460698310e-07
3.761981202704232e-07
4.020535747609370e-07
4.452426072973674e-07
3.824847453394874e-07
4.147465618423391e-07
3.915606317180692e-07
3.999985016197908e-07
2.365928727527152e-07
4.326478362961408e-07
3.771534620286834e-07
4.242842073995271e-07
4.111155837361912e-07
1.798205412239704e-07
1.924080720564544e-07
3.764170784045555e-07
4.427456040848620e-07
3.652725813073692e-07
4.145050007756611e-07
3.644246138277157e-07
4.100078298369722e-07
3.791072535369816e-07
4.168182310672282e-07
4.051484161610669e-07
1.997064889239752e-07
3.915324736484131e-07
1.623378444062971e-07
3.906608755840955e-07
3.674206989434128e-07
4.234503972495120e-07
4.101438203541074e-07
4.116793665105678e-07
3.746398617567716e-07
3.952357171361523e-07
2.055998301946242e-07
4.199963819949223e-07
1.243523048622185e-07
1.498444882657040e-07
4.037751779968351e-07
4.087379499965029e-07
1.581506410817961e-07
1.322595785692605e-07
1.426964711429368e-07
4.070208450434920e-07
4.054695675591131e-07
4.137587253712438e-07
3.800258883917440e-07
4.171439182344646e-07
4.519554718417609e-07
1.758098024182330e-07
3.924572283342687e-07
4.014843864760368e-07
1.674890669602540e-07
4.510539081731345e-07
3.930573463303522e-07
3.890255475885016e-07
1.960606006544061e-07
2.037423666301419e-07
4.103378693015177e-07
1.564312898409200e-07
5.875924455438516e-07
1.063175130029450e-05
1.050982603856469e-05
5.406840617782088e-07
6.946945851812389e-06
4.335646395628875e-07
3.669526945715630e-07
3.778564065633168e-07
3.932899406739832e-07
4.114690001818708e-07
4.077744896496905e-07
1.607738249201911e-07
1.831599032281441e-07
4.040197920041182e-07
1.449498721994239e-07
4.744596985066448e-07
1.834322071938988e-07
1.089829722471138e-05
5.177811440069543e-07
4.180347367258523e-07
1.088046307178682e-05
1.262858943145870e-07
1.448459370579405e-07
6.851893999530791e-07
6.269486205790929e-07
1.060283548586882e-05
1.034294626722566e-05
6.588937695164111e-06
3.838555309917491e-07
3.987406726083778e-07
1.621252280567614e-07
1.733539543482541e-07
4.377088298302216e-07
4.459489386438500e-07
3.696726193795562e-07
4.047234464739575e-07
3.777328417936384e-07
3.498968206962349e-07
4.363506852631303e-07
-1.672164513523847e-06
-1.639450262089056e-06
4.234638163076306e-07
4.503870770732919e-07
-2.132104612338699e-07
4.436309443452058e-07
-2.141463014833631e-07
-2.136073780376183e-07
3.777154533579167e-07
4.420290926591424e-07
3.688038012055476e-07
3.655029268337600e-07
3.921088551409810e-07
4.516463264117564e-07
3.628807925105090e-07
4.086527996565254e-07
4.171151759195095e-07
4.546547535932305e-07
4.069299158083131e-07
4.018870798931146e-07
4.032585104373038e-07
1.436259265017063e-07
6.644258142365476e-07
3.641588440730842e-07
4.217723203057822e-07
4.251424859054822e-07
3.827105586083779e-07
4.090054615825509e-07
4.024060851791446e-07
4.541468298145862e-07
4.034714931121442e-07
4.052354009560947e-07
4.076396586890613e-07
5.315801940129182e-07
5.178395105826501e-07
1.060175101038302e-05
1.577935706433526e-07
1.811449746681081e-07
1.050414075640132e-05
6.777831124778170e-07
6.152673064225097e-07
1.036238816720886e-05
5.210321312635063e-07
4.981318472533354e-07
1.120335244009665e-05
3.896629565747093e-07
1.685400401150623e-07
1.582669728719321e-07
1.073182920237936e-05
6.446479589570105e-07
1.056085917512526e-05
6.777620786081617e-06
1.068016949667565e-05
6.010977349947070e-07
5.522356886447361e-07
1.090375474360145e-05
1.468554546612051e-07
1.086513617573025e-05
5.023613207755537e-07
1.069240601839322e-05
6.369200651993488e-07
1.064449241858323e-05
6.832920631774238e-06
1.128221483046170e-05
5.444209270143155e-07
1.069548120302168e-05
7.148873849270493e-06
7.191336639614648e-06
3.499739670225981e-07
1.120530508027581e-05
2.165555856741565e-07
4.503200578818930e-07
4.487180939610643e-07
1.107938669363572e-05
1.090632826625891e-05
4.298408834077866e-07
1.087488107259690e-05
5.382600487881490e-07
1.066207922348460e-05
1.071102821246220e-05
5.587229443700653e-07
5.423178450055472e-07
1.842443368244316e-07
1.859718349322770e-07
3.704279997195919e-07
1.097120156633442e-05
5.681563297111252e-07
1.076285230952412e-05
6.990708350524464e-06
6.990699402646972e-06
1.070734153408690e-05
1.089592438101130e-05
7.158117156838215e-06
7.180292930248733e-06
6.759676748421028e-06
1.084772081329641e-05
1.078557301128105e-05
1.057140410432089e-05
1.061859598850688e-05
6.911285073724396e-06
6.931082695892298e-06
1.114636957210984e-05
1.089899821396862e-05
1.057348707763037e-05
7.233154396645163e-06
7.203867969025975e-06
-1.706991013309545e-06
6.131551807757199e-07
1.060953934522756e-05
1.506505439637273e-07
1.385568732455060e-07
5.649407703238207e-07
4.037057861531027e-07
4.195915695673260e-07
1.115406213355785e-05
5.086840010230967e-07
1.581431442384385e-07
1.665304636882699e-07
4.291205334738019e-07
1.037430729483999e-05
5.346345264059698e-07
6.205298568962724e-07
1.687895565568976e-07
4.122544215101031e-07
1.065436275223375e-05
1.126199263989681e-05
4.939519775493882e-07
1.532399136670860e-07
3.986341199970116e-07
1.789754378464048e-07
3.978238444082593e-07
1.925041907863231e-07
6.470025513165293e-07
6.621050376071939e-07
5.288345606066974e-07
1.030910183997513e-05
1.078732556378025e-05
1.083451175947634e-05
6.775082018273988e-06
7.089080626877200e-06
2.104696253993425e-07
4.354274832177702e-07
1.829484459909909e-07
4.359912192202656e-07
1.896314950443268e-07
4.382020705677120e-07
3.912335537178258e-07
1.940129840616922e-07
4.146208613553604e-07
1.467076531659907e-07
4.053291640426586e-07
1.432862319101623e-07
6.457138450329785e-07
1.067874910006936e-05
1.069131100417587e-05
1.563753508617000e-07
5.256069784176982e-07
3.954906130652827e-07
1.514549518406498e-07
5.261729880027713e-07
1.051672766131855e-05
5.767765979446887e-07
1.630394092053750e-07
1.502202709332483e-07
4.034461093232076e-07
3.818421601813427e-07
4.564705560448185e-07
1.891131054180561e-07
1.597335847549013e-07
3.956262367075006e-07
3.853181174879843e-07
4.539753382643462e-07
6.246404963498888e-07
4.041126188908519e-07
1.654371451335940e-07
1.510622434072391e-07
5.678415068514300e-07
5.448969232245867e-07
1.076058173486435e-05
1.090363672216251e-05
5.064030593761373e-07
6.473709484381874e-07
1.615647717563171e-07
4.197767461062192e-07
4.181696589310209e-07
1.071879838066121e-05
6.921148184444674e-06
-1.622152009627644e-06
-1.655284760545168e-06
4.289967996105196e-07
4.296676486398117e-07
-2.097871314178178e-07
-2.104955806130108e-07
7.153674699987650e-06
6.929526546500887e-06
-1.638588555789781e-06
1.095366618170610e-05
5.173347192107262e-07
1.065841578787093e-05
-1.698893132063688e-06
7.031299973574679e-06
6.892805273699058e-06
-1.653363304420905e-06
-1.664181211514275e-06
7.106841683787797e-06
1.079739559873604e-05
7.104804954563980e-06
7.264556733799426e-06
1.090118176458860e-05
1.083576788468309e-05
1.104134468643636e-05
6.969577197608541e-06
-1.669385887735210e-06
7.152495027405937e-06
-1.672622358708187e-06
4.296756208026190e-07
4.439462873228282e-07
-2.148126526365832e-07
-1.700286961894557e-06
7.280462734180339e-06
7.060788677413000e-06
-1.648227186305143e-06
6.889813670924166e-06
1.061857940225707e-05
-1.628188141786221e-06
6.934981808093763e-06
-1.659731557466974e-06
4.237468861770064e-07
-2.097482609225245e-07
-2.098311393444771e-07
-1.695104228006370e-06
7.328431110230559e-06
-1.697929543520645e-06
-1.662278321055304e-06
7.005603888950124e-06
6.807453701204394e-06
-1.703317336934278e-06
6.907884793239076e-06
-1.730036773292208e-06
7.274729956133449e-06
4.427595648947898e-07
4.413275310161794e-07
-2.164514660525298e-07
6.783352213456536e-06
-1.603225573417778e-06
-1.714204932944465e-06
4.390191896099553e-07
-2.178342851848375e-07
-2.099947178768229e-07
-1.668887965221854e-06
4.305022027745336e-07
-2.171867745299079e-07
4.299747792932881e-07
4.389801886859765e-07
-2.126588727468629e-07
-2.139239262056851e-07
-1.758046830627742e-06
7.408177224254279e-06
-1.736651764061099e-06
-1.675586624827231e-06
6.905543249027024e-06
7.082595772824989e-06
-1.649133824807737e-06
6.904368584051870e-06
-1.679208409940998e-06
7.150449393946128e-06
6.800252573024477e-06
-1.651513152979080e-06
-1.618513897879743e-06
-1.672676075668937e-06
4.352247402178995e-07
-2.163870989816297e-07
4.042365815084110e-07
-2.059968669840043e-07
-1.777526679571630e-06
6.989115279485713e-06
1.058212618920816e-05
1.116249081016662e-05
7.039594108935143e-06
6.774396543567258e-06
1.055388128738330e-05
-1.609891745235989e-06
6.865497393194542e-06
1.074897169754874e-05
6.929286990791203e-06
7.201203376120998e-06
1.068793784137308e-05
4.937195501755824e-07
6.766194703776759e-06
6.964800574368262e-06
7.492354053810999e-06
1.061616232320834e-05
1.082370716169409e-05
6.836712945298597e-06
7.055487778782086e-06
4.350078714599506e-07
-2.156760043571087e-07
1.066763393141790e-05
1.086516392957009e-05
7.161960479644080e-06
1.110511837051425e-05
4.772646780879751e-07
7.188851123821253e-06
6.747713724513216e-06
-1.589386647808909e-06
-1.596829170796704e-06
4.289166136162951e-07
4.250598793203348e-07
-2.108919894768035e-07
4.113939795503560e-07
-2.058123238080508e-07
6.828853359425569e-06
-1.695965107299198e-06
4.508292684633684e-07
4.257807647945540e-07
-2.160849421371379e-07
7.271699882763632e-06
6.762456546033796e-06
1.063227542737368e-05
1.057003201490353e-05
7.222811954817061e-06
-1.681665470441183e-06
-1.646709125192845e-06
7.268359951022973e-06
1.130413755604407e-05
3.292940213605632e-07
1.112684627878435e-05
7.385145541097947e-06
1.104872888608300e-05
1.081416749925547e-05
3.932156586978342e-07
3.846606983535260e-07
7.115090968429474e-06
1.078206926505866e-05
7.344968040970990e-06
1.148632219370167e-05
3.252609738323509e-07
3.611585146382831e-07
7.530736357777598e-06
4.087534666457593e-07
3.787472239335191e-07
4.464155046543657e-07
2.238925703181568e-07
6.962459629468356e-06
6.629351218316125e-06
1.053931035111992e-05
6.904010532678064e-06
-1.608068967871950e-06
6.967002965858231e-06
6.997804173826140e-06
-1.671289498473325e-06
4.154798393637915e-07
4.260558521364758e-07
-2.060530018755330e-07
-1.606637442499373e-06
-1.642336332846985e-06
4.281679936027626e-07
-2.108188895176747e-07
4.197279244597394e-07
-2.012221910776686e-07
4.311222504538525e-07
-2.087177330802271e-07
-2.216382923067944e-07
-1.566428104087917e-06
-1.733636612183510e-06
-1.638008284399925e-06
4.462707259817997e-07
-2.192658976270233e-07
-1.772073149152055e-06
-1.711081528135451e-06
4.648265839137030e-07
-2.255006518599675e-07
4.543287136745430e-07
4.461462018369487e-07
-2.228192840223339e-07
4.257183768859118e-07
-2.136967388895682e-07
-2.139365994680948e-07
4.302450984879188e-07
-2.059176056249976e-07
-1.654986943911543e-06
4.260824641583975e-07
-2.113927400737635e-07
-2.117219066252802e-07
4.574364498661397e-07
-2.237684522861782e-07
-1.718287593925541e-06
-1.713047203551974e-06
4.343568498898660e-07
-2.209094029836905e-07
4.464855526915902e-07
-2.224768853205927e-07
4.441961205528021e-07
-2.186650129118155e-07
-1.705120986284733e-06
-1.711870805300586e-06
4.505581275391066e-07
4.601883072920156e-07
-2.275735465878286e-07
-2.253180814092862e-07
-1.791937489040444e-06
-1.696778417663574e-06
4.596402681308940e-07
-2.216357107191471e-07
4.213016570613610e-07
-2.120199130414109e-07
-2.107722340361567e-07
-1.630339099807655e-06
-1.656974672799771e-06
4.443389480441944e-07
4.372100510078157e-07
4.259178805744163e-07
-2.090364580351860e-07
4.292076956043337e-07
4.496230766622843e-07
-2.168877206603466e-07
-2.202866871987690e-07
4.411308392509570e-07
4.744399564220654e-07
-2.264473206839542e-07
-1.589394204863039e-06
-1.780727421036138e-06
-2.329639003359974e-07
-2.133100687193164e-07
4.461014845070158e-07
-2.190151342259907e-07
7.238068509632479e-06
-1.743886077136840e-06
-1.677312215967644e-06
1.076006481968137e-05
4.175063442540565e-07
-2.069561376090988e-07
4.379976237932694e-07
-2.102344011648172e-07
-1.634854671735521e-06
4.207488145932673e-07
3.839518498430460e-07
3.717111341225105e-07
3.678291933607467e-07
4.293992058958998e-07
4.122230237240507e-07
4.415145202710933e-07
4.458007986637040e-07
-2.193556005595738e-07
-2.145609519373343e-07
4.378499249030078e-07
-2.212177559322740e-07
4.281233076457480e-07
-1.661508956914360e-06
6.915693575922150e-06
4.332791815214409e-07
-2.106211038254441e-07
-1.558790198534557e-06
4.159240089279489e-07
-1.660397637587978e-06
-2.028257226319761e-07
-2.135128723824935e-07
4.439677283096540e-07
4.501056493451524e-07
4.248161815736470e-07
4.450474798508002e-07
-2.123239724694230e-07
-2.210707185844141e-07
-2.151061137775349e-07
4.464387587167455e-07
-1.657875046517557e-06
4.317519710671349e-07
4.280128711383962e-07
-2.102144272410209e-07
-2.161418278147239e-07
-2.156304237537083e-07
4.274586535124326e-07
4.377487691058318e-07
-1.679519265213340e-06
-1.646206993923852e-06
7.002530800772105e-06
-2.135615926742524e-07
-2.117275701031489e-07
-1.663244054012560e-06
4.377360922676139e-07
4.352441797350199e-07
-1.733901096767454e-06
-2.135429441222131e-07
-2.146234908077907e-07
-2.181686636838657e-07
4.253581972236505e-07
4.306096406847175e-07
-1.636835254372923e-06
6.778256605265414e-06
-1.626815489243067e-06
-2.104643961582539e-07
-2.114418368141228e-07
4.161625651666378e-07
3.799090047518257e-07
4.442862188096521e-07
4.347463564142988e-07
3.857091514476916e-07
4.160189344864535e-07
3.727776420236918e-07
4.441820248742197e-07
3.799517256812352e-07
4.223775523555419e-07
1.502211780268247e-07
2.548861154662474e-07
1.170740740382779e-05
1.122133588044335e-05
-1.814467370162281e-06
7.647825810538448e-06
7.444489765851787e-06
6.929195229568372e-06
-1.642514690778170e-06
4.260399045224996e-07
-1.656828506640351e-06
6.785103137826677e-06
-2.090107205267478e-07
4.480416834032183e-07
-2.157597945207359e-07
-1.754028096443386e-06
4.653318604921391e-07
-1.750080153537192e-06
-2.256509459177748e-07
-2.212129749555117e-07
4.496714839046425e-07
-1.701298334578932e-06
-2.185121052115184e-07
-2.266975768088947e-07
4.681208056466964e-07
4.484344340309416e-07
-1.656443580275703e-06
4.471695596181767e-07
-1.726564791449668e-06
-2.202845593067473e-07
-2.213933936140632e-07
-2.168383175288666e-07

EB  1  1102  double
5.974897304691809e-07
6.025653289746628e-07
5.941077433972179e-07
5.826556180320302e-07
5.941958300498677e-07
5.136781576425033e-07
5.964136950106494e-07
5.386636019895562e-07
6.377665219817408e-07
5.443601166746379e-07
5.196606459063374e-07
4.908195150411177e-07
7.119089564028878e-07
6.885380556401798e-07
4.146367993250541e-07
4.536770700301886e-07
5.231699741682359e-07
6.017652103219693e-07
5.816867422388802e-07
4.987299962249086e-07
5.789317947322059e-07
6.340847134538255e-07
7.082521056139976e-07
5.132787827539878e-07
5.173503698374162e-07
6.051855688430545e-07
5.930251136206215e-07
5.888489277231942e-07
6.194935598230202e-07
6.231057009554565e-07
5.607718732167841e-07
4.990782317901456e-07
5.163750882632620e-07
5.072895116980930e-07
6.704847678613581e-07
6.723147172444659e-07
5.057979310859765e-07
5.698127068570161e-07
5.596184789823729e-07
5.116128670054412e-07
4.979090435342486e-07
6.936578634312412e-07
5.131953478788679e-07
5.938657185932243e-07
5.470013828571907e-07
5.026915675347441e-07
5.081956181651608e-07
6.803762706766635e-07
4.909689506521823e-07
6.237313044904310e-07
6.030943771796728e-07
6.223425030709589e-07
6.191869677046828e-07
5.984787342495759e-07
6.071372381258783e-07
6.247246322868446e-07
6.040020231371131e-07
5.940585001873760e-07
6.201894504589400e-07
5.982417261481469e-07
6.072030736829194e-07
6.097599254571843e-07
6.015719736044340e-07
6.033073132979605e-07
5.954257771013139e-07
5.997623193671495e-07
5.939238871433582e-07
5.840672335923710e-07
5.864178734903401e-07
5.961125942981511e-07
5.603342211469147e-07
5.630173536209733e-07
5.650801192653448e-07
5.722912001635488e-07
5.659213203658386e-07
5.663951942912866e-07
6.073223570624849e-07
6.102656530935693e-07
6.020208712750022e-07
6.201987175726885e-07
6.276882764930558e-07
6.314622057294813e-07
6.127420532905786e-07
5.998491236138109e-07
5.949081847434947e-07
5.878514301417574e-07
5.746641762648068e-07
5.706590935080861e-07
5.877146353133222e-07
5.970897110017566e-07
5.944733338089974e-07
6.061519872722102e-07
6.046396885821165e-07
5.966558183398281e-07
6.258142751659219e-07
5.996253403586644e-07
6.233533392827589e-07
6.009372849376896e-07
6.027624512171185e-07
6.051911020910445e-07
5.651846313533842e-07
6.030659964795928e-07
5.956926917242727e-07
5.970895438374756e-07
5.956785440250139e-07
5.957950893008041e-07
5.647752004248320e-07
5.599919889385536e-07
5.638508804798369e-07
5.650393590150678e-07
5.627616904400435e-07
5.624231274915578e-07
5.651082966606590e-07
5.629236657255839e-07
6.082293219388104e-07
6.084562445655997e-07
5.995553265488749e-07
6.087973100538957e-07
5.948566340391725e-07
6.156534357479519e-07
5.670101556297555e-07
5.633861347124438e-07
5.630226137359675e-07
5.729955331844431e-07
5.665095339478340e-07
5.742405168366656e-07
5.676440856806853e-07
5.713725847258891e-07
5.692152518379212e-07
5.683144191271636e-07
5.746570030916226e-07
5.728090050858292e-07
5.711925551296760e-07
5.684913835654767e-07
5.723856242174664e-07
5.807894817108643e-07
5.814462890959752e-07
5.728925513123858e-07
5.717346190783297e-07
5.743561926478037e-07
5.677430702632676e-07
5.815178824428194e-07
5.781689559924419e-07
5.774213375862837e-07
5.826750082608703e-07
5.750350811554321e-07
5.712964599230366e-07
5.742645307738326e-07
5.987565957595348e-07
6.083949263010258e-07
6.021693659531993e-07
6.094489233749694e-07
6.109035054014700e-07
6.045891708552837e-07
6.130563746030700e-07
5.960754148377610e-07
5.970056642599417e-07
6.085587435114943e-07
5.974588275761836e-07
6.022638158650150e-07
6.260992754694259e-07
6.012248238079330e-07
6.203204796313360e-07
6.026335280005935e-07
5.964877120854672e-07
5.959997935314888e-07
5.825273523491446e-07
5.850603270590335e-07
5.963223013316328e-07
6.150192632211603e-07
6.314777122384784e-07
6.100386664625978e-07
6.198870345075308e-07
6.094238818105454e-07
5.877693052197345e-07
5.880987869816833e-07
5.988581032741386e-07
5.927442838103897e-07
5.847065833764143e-07
6.028776896013265e-07
6.009547797177399e-07
5.949924725746779e-07
6.199323144895923e-07
5.950459233138684e-07
6.113527073739827e-07
6.259682034482947e-07
5.801564687219743e-07
6.130205957100167e-07
5.964787269353725e-07
5.905262821230116e-07
5.927217531249259e-07
5.809687091190484e-07
5.992806022797257e-07
5.848509207406488e-07
5.812384812222988e-07
5.928021195527433e-07
5.888448986881790e-07
5.822216867497973e-07
5.807568975571356e-07
5.701791076247476e-07
6.161052361285403e-07
6.156696975032088e-07
5.616246662884260e-07
6.195144563126000e-07
6.107859494570374e-07
6.101125987251074e-07
5.934960917578050e-07
5.948657540179918e-07
6.001857422791144e-07
6.053011888159261e-07
6.270159400311652e-07
6.243404687725333e-07
6.262547221620312e-07
5.599993514137164e-07
7.058526466251164e-07
6.856747357372695e-07
5.124831900536096e-07
4.278111807517061e-07
4.213303609904400e-07
7.057828936813207e-07
5.171071076892193e-07
6.986736380520115e-07
4.176861192270265e-07
4.177883747761065e-07
3.791843320589826e-07
6.184768323129216e-07
6.383784459564206e-07
5.945315556552003e-07
5.154122764385055e-07
5.955133272566378e-07
5.671265635797522e-07
6.055495816516844e-07
5.905493704102416e-07
5.761328537526144e-07
5.058040960531290e-07
5.185608235360356e-07
5.015567662073402e-07
5.669555529605909e-07
5.271319465094699e-07
7.002524523415133e-07
7.118008840164755e-07
4.938256779402706e-07
6.902991745738081e-07
5.810402839650064e-07
5.751847888563164e-07
5.710148375780590e-07
5.717875119924502e-07
5.655686456208217e-07
5.719860240082637e-07
5.835673813698279e-07
5.826663151128168e-07
5.760493195112602e-07
5.698824560457934e-07
5.722400908567645e-07
5.853905311436241e-07
5.802998038297879e-07
4.937496903094164e-07
6.932654920865327e-07
5.391554036509314e-07
7.104283041829261e-07
5.034038268649240e-07
7.225590641217858e-07
6.989584875562744e-07
4.858632667657556e-07
7.045485539166168e-07
4.076025457777040e-07
4.210614678345589e-07
4.266234828102713e-07
5.606279020681331e-07
5.607128568703694e-07
5.601640380237344e-07
5.625961071456300e-07
5.921738138392000e-07
6.102470244329253e-07
6.120992058620558e-07
6.167717418467462e-07
6.362750054815573e-07
6.013539084482972e-07
6.200535400598292e-07
6.245596850581773e-07
6.089938775351411e-07
5.713437748805739e-07
5.940238455349839e-07
5.933936337295384e-07
5.882866558046238e-07
5.864335304827195e-07
6.068872794424755e-07
6.157959621143681e-07
6.087440055024371e-07
6.025251102099106e-07
6.265378916320147e-07
6.113691567126314e-07
5.788359047998517e-07
5.834457630105512e-07
5.928931965826047e-07
5.879977435948458e-07
5.943032303132460e-07
5.857547480977506e-07
5.827511610404053e-07
5.915064578196579e-07
5.789696156489312e-07
5.815680708265006e-07
5.732654771230391e-07
5.731605706287904e-07
5.799306143793923e-07
5.707754342499994e-07
6.013953952238724e-07
6.209263816789245e-07
6.043916426209380e-07
6.032565414421891e-07
6.314096601201146e-07
6.226039222451978e-07
5.620113844777041e-07
5.651276244616200e-07
5.631725397226035e-07
5.649798242583685e-07
5.619187379772608e-07
5.803214271276741e-07
5.808142050875731e-07
5.707244536419138e-07
5.739476023922820e-07
5.717367252491792e-07
5.724799227002278e-07
5.698405750516344e-07
5.729370108819008e-07
5.764471175283437e-07
5.817784469154766e-07
5.831849526438065e-07
5.806869850963548e-07
5.831136426043977e-07
5.846944602720029e-07
5.833579969901191e-07
5.922657544387231e-07
5.926714365657408e-07
5.974383080898626e-07
5.961871720428549e-07
6.100008640877501e-07
5.927930856555665e-07
6.024444288930302e-07
6.144089540373385e-07
5.979972888590647e-07
6.046409931405073e-07
6.066619283842797e-07
5.987051471545234e-07
5.951050781072644e-07
6.050042033650497e-07
6.333734309726817e-07
5.807515503101880e-07
5.879511727248910e-07
5.732230181974645e-07
5.835370730403799e-07
5.900902833874808e-07
5.817728100007635e-07
6.002273984054142e-07
5.871096875975706e-07
5.911342137370967e-07
5.859671497903975e-07
5.713346117376825e-07
6.247794811423648e-07
6.070291311596754e-07
6.199870534121861e-07
5.643544885059701e-07
5.647656253184877e-07
6.050237306099507e-07
6.066623873976141e-07
5.959934966124975e-07
6.056305908603151e-07
6.027254235969589e-07
5.970956279199960e-07
5.808175676072158e-07
5.702293035599673e-07
5.792146539273904e-07
5.847940696489304e-07
6.031678173051731e-07
6.136318512891828e-07
5.991127710841698e-07
6.078672651828925e-07
6.012463279960304e-07
6.166199549219846e-07
5.731804693582528e-07
5.686557129439406e-07
5.761834227616436e-07
5.779526348272414e-07
5.725054354957657e-07
5.273554088442797e-07
7.162508593912863e-07
7.066857107488669e-07
5.001546599091917e-07
5.698361321844012e-07
5.105690994463633e-07
6.272200932939673e-07
6.031469635472239e-07
6.028735436027906e-07
6.112045853502857e-07
5.983655726530839e-07
6.106797640057850e-07
6.031073208219949e-07
6.007462251956432e-07
6.176413972581519e-07
6.197035058989241e-07
6.031476838139702e-07
6.104819384591614e-07
6.019860289242462e-07
5.974484871485988e-07
6.049108169671625e-07
6.074669775748655e-07
6.249970751213720e-07
6.015762359838360e-07
5.970721091467367e-07
6.023015038675438e-07
6.116426325905349e-07
5.914793851741809e-07
5.900566196994574e-07
5.842926295207564e-07
5.884458747558897e-07
5.951417924313807e-07
5.615210837282629e-07
5.666295513618238e-07
5.627101114677503e-07
5.673054130593116e-07
5.643262782573840e-07
5.924836942359331e-07
5.815169203419196e-07
5.886335189964787e-07
5.952343462453059e-07
5.939013421599714e-07
6.107873340745985e-07
6.069518904882180e-07
5.939493763444020e-07
6.117907566260283e-07
6.206959216293234e-07
5.968446514538232e-07
6.098663800413967e-07
5.995241376659951e-07
6.027908021750786e-07
6.159154098975121e-07
5.844395334160068e-07
6.274491310334720e-07
6.043547474807506e-07
6.033074667607973e-07
6.039896220672501e-07
6.048642579575677e-07
6.016658894289060e-07
5.906077576776761e-07
6.010084620322058e-07
5.930482325778268e-07
5.840169299096545e-07
5.843119345835185e-07
6.021025988608318e-07
6.071955609114444e-07
5.957796647009639e-07
6.054909598341689e-07
6.031991431461915e-07
5.973368742525346e-07
6.192761710261891e-07
6.053802992592566e-07
5.947722023015498e-07
5.933574809263035e-07
5.975614964325070e-07
5.975842255052878e-07
5.938024328432963e-07
6.042672037146085e-07
5.929952909459005e-07
5.944363519475027e-07
5.821794969884636e-07
6.270283474499268e-07
6.012838289083125e-07
5.989854159618257e-07
5.680022993322476e-07
5.634733209694578e-07
6.151139505649654e-07
6.010782034517309e-07
5.773073015112524e-07
6.155096091751794e-07
5.763152675066046e-07
4.981146265077721e-07
5.005068249635363e-07
7.234287849881217e-07
5.657199081200134e-07
4.685683306673550e-07
5.749247423777813e-07
5.077428824743983e-07
7.011699448922064e-07
7.134483170266869e-07
6.106962217163561e-07
5.463314918044227e-07
6.279147337036313e-07
5.686250601288957e-07
6.303600095030842e-07
5.720003692623001e-07
6.214846341517442e-07
6.246490751291164e-07
5.909079502286311e-07
6.736783773855223e-07
5.007582999635413e-07
6.664467728953292e-07
5.106776055465079e-07
3.919200673766165e-07
5.779776730645694e-07
5.121504675559911e-07
5.914312386225775e-07
6.317023143264767e-07
5.079785902781716e-07
7.107585175144666e-07
5.137336094503541e-07
6.983505012521911e-07
6.973193178530551e-07
5.039898743391018e-07
5.192963507406539e-07
7.014959585173541e-07
7.030515708260170e-07
6.912046890997551e-07
5.085387330195211e-07
4.961629371047982e-07
5.710225240642162e-07
6.215548117876685e-07
5.728824883114228e-07
5.765010839477581e-07
6.705876890987458e-07
4.946047880022600e-07
5.161704709921141e-07
6.733228811987523e-07
3.935460515635619e-07
5.049051586995203e-07
5.169709646562116e-07
6.720827921200944e-07
6.765655895050931e-07
5.701130446961584e-07
6.851990690576961e-07
3.943324347299969e-07
5.634473064051809e-08
5.478941293411484e-08
4.001623522672294e-07
1.139756753981907e-07
5.846597732198150e-07
6.318724753188317e-07
6.040732694128557e-07
6.362506599558528e-07
6.010182499338340e-07
5.117481084799578e-07
7.085820372091020e-07
7.105147037859885e-07
5.101187907579585e-07
6.787251765037134e-07
4.268261566226519e-07
6.843530224210608e-07
5.623306123462952e-08
3.937457525909667e-07
3.931905521494483e-07
6.707607148574731e-08
6.954975146306617e-07
7.015097868727732e-07
4.170956713576487e-07
3.937262836150696e-07
6.033565300061794e-08
4.895754102843414e-08
1.158354480505494e-07
4.906859974808837e-07
5.071410678816922e-07
6.761792669966914e-07
6.728097250385431e-07
3.789826123113772e-07
5.464019362446268e-07
4.743062371672933e-07
5.068870615851392e-07
4.979283385371567e-07
6.174421343272718e-07
5.527415152653592e-07
2.454687619541768e-08
2.667820846407694e-08
-5.023919217013343e-09
-4.966585103621964e-09
2.541077259719750e-09
-4.734098552261095e-09
2.351193758123345e-09
2.401422887788770e-09
4.739242446763201e-07
5.517367870369082e-07
6.237204768986500e-07
6.084351889691159e-07
4.917780383844046e-07
5.604172305212876e-07
6.260511713289075e-07
5.940154870352366e-07
5.789747843779341e-07
5.498012812167195e-07
5.828717614151054e-07
5.075031128139799e-07
5.020784695386865e-07
6.970758059833886e-07
3.958795493554283e-07
6.209459011894655e-07
5.533292301788584e-07
5.446982561141037e-07
6.015723117807657e-07
4.969202410276426e-07
5.069311840703114e-07
5.590808359744332e-07
5.162418261776733e-07
5.038652948192793e-07
5.879455607401466e-07
3.937670260009284e-07
4.028939680356500e-07
5.477530503836768e-08
6.646844529001938e-07
6.735518105582118e-07
5.486889353395502e-08
4.146285852605455e-07
4.069869244289353e-07
6.142719299940407e-08
4.126463850935126e-07
3.749167054077391e-07
6.831946239079044e-08
3.826716745478441e-07
6.766184657643897e-07
6.980591730955256e-07
6.049101380470558e-08
4.016004121145376e-07
5.909800084538200e-08
1.169909208734636e-07
4.903737272790881e-08
4.294835228727042e-07
4.005346210063268e-07
5.544165641278202e-08
7.130378300339451e-07
5.632094305525307e-08
4.187529286748298e-07
5.961929682196423e-08
3.967711868579899e-07
5.939229554900774e-08
1.147425189552552e-07
5.532059706302556e-08
4.032839990807154e-07
5.960738916513453e-08
1.116651700604925e-07
1.148257526289582e-07
4.060217464342131e-07
7.056839425549856e-08
6.902459285183887e-07
3.827159857063365e-07
4.245844223416302e-07
6.193056558290797e-08
5.645863639775585e-08
3.875130273160900e-07
6.494258850036425e-08
3.736127869857530e-07
5.726020933116873e-08
6.061878472512251e-08
4.040087778612643e-07
4.011111589468313e-07
6.920674553911403e-07
6.834835658059648e-07
4.004659694382264e-07
6.343995228964771e-08
4.123660764448746e-07
6.009716038601435e-08
1.140721575131471e-07
1.125170134673832e-07
4.542600103460924e-08
4.676561450794900e-08
1.132832034700909e-07
1.164648261066774e-07
1.155573931472913e-07
4.166309753826636e-08
6.265100162542721e-08
5.604466895165319e-08
4.626293214929327e-08
1.130889821625384e-07
1.146081491528754e-07
5.540768751654469e-08
7.199401947959002e-08
4.952776138614079e-08
1.155319414110475e-07
1.179418782211796e-07
2.377197996064988e-08
3.958661185082701e-07
5.445467565306066e-08
6.924326660774039e-07
6.981181414543664e-07
4.035478768598215e-07
4.035541543498563e-07
3.925463378236785e-07
6.107505171932257e-08
3.678966940643625e-07
6.624527835878622e-07
6.697253626331355e-07
3.633523365966345e-07
5.550613861631238e-08
3.907532603732693e-07
3.897978729071948e-07
6.908709895920466e-07
3.946460142817863e-07
5.780225580953387e-08
5.222153257657652e-08
3.881023648592392e-07
6.707580999101884e-07
4.960194464732316e-07
6.781079205354248e-07
5.081843557529537e-07
6.862304081216593e-07
4.027426540332261e-07
4.019011019362059e-07
3.900116161290790e-07
5.062372188367620e-08
6.158422763839859e-08
6.995115045120065e-08
1.155864077656334e-07
1.120454013867147e-07
6.841521460555780e-07
3.954987345481374e-07
6.932278181734146e-07
3.751849357713550e-07
6.755445299275708e-07
3.863041609666663e-07
5.095690444189489e-07
6.646575448292096e-07
5.164426915360477e-07
7.101953039243083e-07
5.097354332345348e-07
6.945484793949473e-07
4.027220491089696e-07
5.632569437460059e-08
5.563189804513549e-08
6.929775095818571e-07
3.954193881581881e-07
4.987398170357415e-07
6.821967593542236e-07
3.825377071467279e-07
6.440685054068572e-08
3.890084509020350e-07
6.835084951932563e-07
6.776176351262788e-07
5.104863923815634e-07
4.941873724561601e-07
3.763715537743931e-07
6.879630513868340e-07
7.110912385034121e-07
4.962958644302389e-07
5.136364078004337e-07
3.969153051683499e-07
4.225487773897313e-07
5.001290515976559e-07
7.142705443209989e-07
7.146817822401230e-07
4.316656106708880e-07
4.071857647726141e-07
5.669706279528551e-08
5.225076187014225e-08
4.065622087054330e-07
4.083508491789809e-07
7.119368783490329e-07
5.527620731314534e-07
5.222238402199526e-07
5.021298104845647e-08
1.171816916976487e-07
2.691924281583395e-08
2.538788842044048e-08
-5.393251483538242e-09
-4.653631323654791e-09
2.572665571649526e-09
2.425902034029769e-09
1.123334465684330e-07
1.139026646199315e-07
2.420379570033799e-08
6.074067704613906e-08
3.892713244769920e-07
5.119490599797494e-08
2.438494388761288e-08
1.156823691930754e-07
1.151485187284905e-07
2.706980524082671e-08
2.615483495294718e-08
1.150618402610003e-07
5.772631903773853e-08
1.150541744718685e-07
1.104529522338615e-07
5.682038204240958e-08
6.999678636922213e-08
6.548819315253476e-08
1.142862754118838e-07
2.516691131490668e-08
1.109114509445242e-07
2.523177768476788e-08
-4.829684489040249e-09
-5.048891091022586e-09
2.420493258946427e-09
2.440365559164596e-08
1.085969491509218e-07
1.103507984554868e-07
2.555973254706797e-08
1.151858947385784e-07
5.762601294904561e-08
2.752592836493549e-08
1.134647970348353e-07
2.525219626402540e-08
-5.143144435387327e-09
2.471637688229152e-09
2.681323542748212e-09
2.370638033935441e-08
1.098546576173281e-07
2.368713863327965e-08
2.554331213642280e-08
1.102937151120450e-07
1.125991362150453e-07
2.429253310228998e-08
1.133693745859050e-07
2.324929519154158e-08
1.076737336765119e-07
-4.513382480423489e-09
-4.696158995364169e-09
2.255344327138772e-09
1.161768476323139e-07
2.777912547979188e-08
2.385480749577216e-08
-5.237556609003293e-09
2.365813076335570e-09
2.675226712556448e-09
2.512699505083718e-08
-4.842249438294995e-09
2.366377492603660e-09
-4.956563253277686e-09
-5.119097030558124e-09
2.476708424597270e-09
2.476071222119295e-09
2.191919122152091e-08
1.070156587549820e-07
1.944020107180099e-08
2.560446861643142e-08
1.153419020110051e-07
1.099128760514965e-07
2.631719277664312e-08
1.157220741915311e-07
2.536996246337674e-08
1.173934891130337e-07
1.153402834511045e-07
2.554356791824819e-08
2.729473345636681e-08
2.390818743254482e-08
-5.093231713124253e-09
2.362455115271017e-09
-5.345908446971254e-09
2.602495996084106e-09
2.232971389177597e-08
1.141450599231373e-07
5.501484519828464e-08
6.452463610104161e-08
1.172387559531628e-07
1.161402887436741e-07
5.116665338431591e-08
2.588365169552112e-08
1.126127624959658e-07
5.449275340417377e-08
1.167866102921105e-07
1.112234446090312e-07
5.336232332074179e-08
3.882568960961690e-07
1.138922925982964e-07
1.183201868085584e-07
1.108367538194878e-07
4.367723661933257e-08
5.433193737710498e-08
1.180022931122061e-07
1.133764396046750e-07
-5.335101832875741e-09
2.634691017032642e-09
5.440077424642580e-08
7.414257243803274e-08
1.163351755807373e-07
5.871977679439855e-08
3.681072667202499e-07
1.117578567814610e-07
1.152340748053291e-07
2.891534863551474e-08
2.758197849109254e-08
-5.012554001664265e-09
-5.434818044781367e-09
2.560615892838457e-09
-5.708189581245399e-09
2.780648303890264e-09
1.151770534020884e-07
2.430818164694313e-08
-4.802885250921429e-09
-4.744271962972556e-09
2.362739777014483e-09
1.121168817695468e-07
1.142505807352170e-07
4.720652216049134e-08
5.438701319924015e-08
1.128385296027757e-07
2.417666970153363e-08
2.621581471132032e-08
1.111726647442365e-07
5.213354989063341e-08
4.294672430544888e-07
4.872883542723774e-08
1.070540861907291e-07
5.340408745493780e-08
6.475406427380309e-08
3.967013542924119e-07
3.836978270999607e-07
1.153064812887650e-07
5.810373399720688e-08
1.113898872159251e-07
5.215013100906116e-08
3.981195282229374e-07
3.960477496976597e-07
1.056943866499110e-07
5.898605022558494e-07
4.945246696689219e-07
5.627591087733854e-07
6.878717165798675e-07
1.150952432258458e-07
1.156156688678302e-07
6.196909557408998e-08
1.170630829164321e-07
2.691058611236197e-08
1.122028873212140e-07
1.146808955754127e-07
2.415384170816404e-08
-5.406919984185383e-09
-5.297347004346240e-09
2.629549621975564e-09
2.678929393536515e-08
2.657743238665961e-08
-5.606102247531795e-09
2.699029975793262e-09
-5.281105456599521e-09
2.663266693106154e-09
-4.511245708168320e-09
2.416412251461119e-09
2.186418174653765e-09
2.689101624436956e-08
2.303390334819640e-08
2.536932786556421e-08
-4.225469624057287e-09
2.153749088355291e-09
2.307336094103471e-08
2.281464944402917e-08
-4.425880853385653e-09
2.126923442796416e-09
-3.648109569455153e-09
-4.485638961028492e-09
1.939604865132628e-09
-5.170034091837296e-09
2.445724156941348e-09
2.503035052260352e-09
-5.655549334580707e-09
2.822509761806655e-09
2.637404605453067e-08
-5.178321321719515e-09
2.578144364599516e-09
2.668443938718528e-09
-4.807586060873834e-09
2.268977454803504e-09
2.560233372523640e-08
2.317187694645883e-08
-5.115946064485354e-09
2.463160906361781e-09
-4.549221075014996e-09
2.402206004456285e-09
-4.119948408471028e-09
2.328269024997799e-09
2.536255553538555e-08
2.451287053730122e-08
-5.100528205472473e-09
-3.539988968986937e-09
1.832588181010248e-09
2.072487899936995e-09
1.888881149825036e-08
2.505008686363212e-08
-4.224118827194073e-09
2.290320822024005e-09
-4.792976482135769e-09
2.301475011145058e-09
2.485992594839293e-09
2.570860805702486e-08
2.399576105182119e-08
-4.554404119624034e-09
-5.245071255800110e-09
-4.935152435488688e-09
2.368711268918380e-09
-4.698470870083901e-09
-4.651930422140886e-09
2.299533465457965e-09
2.321052745162821e-09
-4.771082008520004e-09
-3.369092887163127e-09
1.952063326665323e-09
2.652443679908774e-08
2.121360543125498e-08
1.773033836649427e-09
2.613890162114960e-09
-4.559818239611609e-09
2.432227798111013e-09
1.090635304347905e-07
2.270372697074787e-08
2.551463687078852e-08
6.348970543384314e-08
-5.819844282918017e-09
2.731036188320624e-09
-5.257402749736073e-09
2.562274945426898e-09
2.614616668101943e-08
-5.166528640288856e-09
6.020547528646771e-07
6.287484964159417e-07
6.227397201867828e-07
5.728673474811368e-07
5.730557486159103e-07
-4.876744206842890e-09
-4.552329389443621e-09
2.379094539818927e-09
2.420198514237720e-09
-4.853183450224168e-09
1.977610434815429e-09
-5.368557348331892e-09
2.522574846199112e-08
1.140190457586542e-07
-4.617636127881085e-09
2.451150787782378e-09
2.895077666088245e-08
-5.346889496490318e-09
2.492076458484654e-08
2.793096002746367e-09
2.515124384302137e-09
-4.948645699832816e-09
-4.873458071048304e-09
-4.955194023160052e-09
-4.525259149147652e-09
2.334331597367447e-09
2.279736528232109e-09
2.471890885794169e-09
-4.860172748403421e-09
2.539988015810302e-08
-5.064933870247403e-09
-4.886092825708472e-09
2.455975090325141e-09
2.468146774991395e-09
2.461964794228027e-09
-4.373378047578174e-09
-4.609569123194047e-09
2.224710032657146e-08
2.507262142771295e-08
1.138134622520010e-07
2.166327503729479e-09
2.328068167739435e-09
2.609705986750900e-08
-5.206141186622953e-09
-4.452345809185813e-09
2.176514185926097e-08
2.505607499571595e-09
2.405319518782851e-09
2.157053060877151e-09
-4.910132017412430e-09
-5.206809200013298e-09
2.658854854588566e-08
1.169141867530110e-07
2.491216547338140e-08
2.524788107934135e-09
2.525965585688017e-09
5.208083365751229e-07
6.116916814264013e-07
5.624515468888929e-07
5.732139193533948e-07
6.394448635896148e-07
6.216967439297051e-07
6.291237430542379e-07
5.739592352775140e-07
4.875487862691142e-07
5.124471527010541e-07
6.796754795568860e-07
4.061065395303308e-07
5.042636252705757e-08
6.133356492499848e-08
1.805938498139225e-08
1.073886446352864e-07
1.113097762440406e-07
1.150409115089505e-07
2.536966228594988e-08
-5.211512593398472e-09
2.653414038168984e-08
1.140400247537241e-07
2.581499995063604e-09
-4.538074886879523e-09
2.421563915340518e-09
1.894628273733299e-08
-3.635011492813523e-09
2.165153210971401e-08
1.839360748178064e-09
1.998895348663675e-09
-4.872097905947334e-09
2.513326938374321e-08
2.325198798762413e-09
2.311494024989199e-09
-4.200215402495006e-09
-5.131382542615254e-09
2.563199433557121e-08
-4.645875939805054e-09
2.514455333820593e-08
2.404268812521780e-09
2.325200549785677e-09
2.515247941150501e-09

EL  1  1102  double
2.326709950725906e-03
2.426502991958962e-03
2.768839909062391e-03
2.850553513390978e-03
2.903896562389271e-03
1.402781717209842e-03
1.610841224478587e-03
1.232949849443121e-03
1.903284094612254e-03
1.401789689853567e-03
1.450656116473806e-03
1.414206197342823e-03
9.404377110265405e-04
9.348675493203100e-04
8.056621511441504e-04
8.180800317004673e-04
1.474501960602151e-03
1.680303807420647e-03
1.348364304186736e-03
1.446309591691087e-03
1.258287716814966e-03
1.848170380752917e-03
9.091284179857441e-04
1.426343209734791e-03
1.447716578679930e-03
1.686109222615313e-03
1.393378466872805e-03
1.490654664513676e-03
1.865011674399737e-03
2.038919608143741e-03
1.422957008713764e-03
1.407847759911862e-03
1.433961531007384e-03
1.342831772303178e-03
9.658086198455213e-04
9.370963675914610e-04
1.379212684600779e-03
1.435118684524189e-03
1.240703799400422e-03
1.368361162750733e-03
1.368829255204834e-03
9.554068472524800e-04
1.370941225023782e-03
1.568751549368896e-03
1.258968338630515e-03
1.351131656843337e-03
1.425857850478965e-03
9.511534023150581e-04
1.356063556465271e-03
1.920466205331566e-03
1.866554483481370e-03
1.867062546011895e-03
1.807432300900957e-03
2.231417902285005e-03
2.275655071747143e-03
1.803592284080881e-03
2.231054344618598e-03
2.662914719146786e-03
2.277972498845780e-03
2.451006502079516e-03
2.471520091951883e-03
1.990656323340459e-03
2.149787574857808e-03
2.378551411116684e-03
2.609983404992429e-03
2.489581170028374e-03
2.805819179751748e-03
2.851640233729027e-03
2.856046362606988e-03
2.731327354821395e-03
3.430989237196023e-03
3.678919810067721e-03
3.579110656500916e-03
3.530440815558495e-03
3.583873435180101e-03
3.515376459963684e-03
2.112534106019557e-03
2.302526376035728e-03
1.806733181018372e-03
1.843948405920044e-03
1.880750228487616e-03
1.752331405377425e-03
2.290337627881613e-03
2.278599602197946e-03
2.779726342287557e-03
2.885354490001492e-03
3.290071902139000e-03
3.482789024525803e-03
2.911975119925456e-03
2.443347559211302e-03
2.834342598877333e-03
2.330693966016200e-03
2.507484639657191e-03
2.596342959267493e-03
1.970917828230259e-03
1.887011849005052e-03
1.865457837997164e-03
1.814153177962617e-03
2.386664671567495e-03
2.377144259002722e-03
1.356034000028319e-03
2.188248724216746e-03
2.806806488958586e-03
2.448828121121728e-03
2.705223221071778e-03
2.590690971192757e-03
3.657790747543119e-03
3.652050184895527e-03
3.641940710661172e-03
3.535802515087260e-03
3.529798521649665e-03
3.660863651008236e-03
3.432599386295479e-03
3.532383163291713e-03
2.386506093889990e-03
1.802825966196292e-03
2.206730519336565e-03
2.395651445267645e-03
2.305917903810660e-03
1.859115233828266e-03
3.478036053326090e-03
3.494789033823082e-03
3.670216116146369e-03
3.539522372988251e-03
3.464459990978326e-03
3.319047998226570e-03
3.505663790204956e-03
3.531262664882345e-03
3.457936829582946e-03
3.181744339818327e-03
3.310350265636327e-03
3.277765167766477e-03
3.459438516026191e-03
3.528898020962806e-03
3.457482120823062e-03
3.089572768374123e-03
3.182600886052093e-03
3.183635823607293e-03
3.178008508777657e-03
3.320164858520469e-03
3.192876165593563e-03
3.318035025472663e-03
3.223630000248603e-03
3.132225476296385e-03
2.849142875540320e-03
3.213225779567837e-03
3.419644573605566e-03
3.172646243047340e-03
1.987631992344220e-03
2.306528712544287e-03
2.290135582225699e-03
2.185518332487106e-03
2.379175800234656e-03
2.347980650980872e-03
2.338547334889288e-03
2.518861567363026e-03
2.228896353347449e-03
2.313706988867470e-03
2.616659154142621e-03
2.342256829004956e-03
1.815651482301446e-03
1.911963058658115e-03
1.863871390294154e-03
1.705145831707202e-03
2.709444359570727e-03
2.532447064460183e-03
3.077803531112110e-03
2.983890173469656e-03
2.736308134060127e-03
1.816810343874015e-03
1.923326555130299e-03
2.218155618034910e-03
1.787930246276933e-03
1.763675769090251e-03
2.790771303287510e-03
2.765103786679378e-03
2.706683384089742e-03
2.748096073817680e-03
3.153207045895985e-03
2.312752329390936e-03
2.276240527116775e-03
2.710292076370969e-03
1.769598035325874e-03
1.928570426688725e-03
1.824630588011548e-03
1.901999948710592e-03
1.355953413002908e-03
2.365395712327439e-03
2.219583214271765e-03
2.801364883336284e-03
2.765643193523939e-03
2.900133261610428e-03
2.808732074050463e-03
3.087688459314729e-03
3.098309525146804e-03
2.865209513707025e-03
2.878540751592734e-03
3.039532859577304e-03
2.988300749027185e-03
1.397781161994522e-03
1.882120954686197e-03
1.834516272606944e-03
1.377873043020434e-03
1.924375132983459e-03
2.281875527857001e-03
2.333790552635542e-03
2.654977716071793e-03
2.755768847274440e-03
2.392362112050530e-03
1.901649382303933e-03
1.731725252598941e-03
1.875298811424067e-03
1.764709959611732e-03
1.363696236917308e-03
9.419397988810047e-04
9.408734930525526e-04
1.374640295930712e-03
8.101195466296725e-04
7.796546189159184e-04
9.108166220957010e-04
1.432681682369377e-03
9.302649447551649e-04
7.815178819295627e-04
8.036936149320825e-04
7.513495867416314e-04
1.756599082444163e-03
1.956622878137345e-03
1.900125345509431e-03
1.425820976082925e-03
1.505072196545227e-03
1.334716877339272e-03
1.590460451673497e-03
1.393509958706569e-03
1.421097036294148e-03
1.470539220762148e-03
1.476972215797660e-03
1.379326161169256e-03
1.353676420421081e-03
1.353940444509912e-03
9.942713234662079e-04
9.798724344809197e-04
1.392314971464164e-03
9.306029197898935e-04
3.132289249201607e-03
3.201385929763558e-03
3.417077420786660e-03
3.491897220896083e-03
3.453907273064920e-03
3.430045931179656e-03
3.173861991203565e-03
3.204251547367601e-03
3.255678808025422e-03
3.301800427468624e-03
3.382261369792476e-03
2.971155187669608e-03
2.796355876182157e-03
1.389842981504876e-03
9.448184404635999e-04
1.249162740563028e-03
9.271345517300551e-04
1.309520127552758e-03
9.415695653420320e-04
9.390879124902513e-04
1.374454413564851e-03
9.601156054327284e-04
8.167069549980781e-04
7.972804316665620e-04
8.152296329613097e-04
3.656107726059110e-03
3.676991905001663e-03
3.664757512499876e-03
3.677510813355846e-03
1.754659539696280e-03
2.239125574178480e-03
1.824125635269699e-03
1.699051899192122e-03
1.898066740066451e-03
1.861696450028843e-03
1.837373623272281e-03
1.990445416509855e-03
1.942410415559367e-03
1.368825613478512e-03
2.657103757706710e-03
2.812510227085326e-03
2.846739768459435e-03
2.837625389218553e-03
2.306591691347361e-03
2.212009446599811e-03
2.135946725933229e-03
2.215300700450719e-03
1.866362330530106e-03
1.656416782229471e-03
3.225826088151204e-03
2.832439298721421e-03
2.892857259678785e-03
2.770325450037230e-03
2.759337529051237e-03
2.877676907650343e-03
3.155061460043155e-03
2.875924408386680e-03
3.114826378302763e-03
3.297019387847449e-03
3.270296639080547e-03
3.142908379935448e-03
3.173995276166716e-03
3.224648783031810e-03
1.540895802543525e-03
1.968523173268005e-03
2.121079617121041e-03
1.935406386040872e-03
1.862607282731587e-03
1.992474585882817e-03
3.640241937570477e-03
3.570464716374422e-03
3.671137476697716e-03
3.570823411259607e-03
3.435368817316739e-03
3.307766681529287e-03
3.130166026984756e-03
3.127534201632099e-03
3.314643370486214e-03
3.512258512571015e-03
3.243856405147242e-03
3.461871944920572e-03
3.521189663035132e-03
3.089183933700422e-03
3.113678356509412e-03
3.185505120022607e-03
3.166431809312973e-03
2.872275463915947e-03
2.952296368523659e-03
3.211080949205069e-03
2.653359932319477e-03
2.845540425375008e-03
2.767659186403384e-03
2.680708665143900e-03
2.317311052396647e-03
2.707192725418142e-03
2.327233857383935e-03
2.265374790472937e-03
2.361167710589720e-03
2.431456696767412e-03
2.445461643179981e-03
2.382132502485614e-03
1.823869542565421e-03
1.890769312118474e-03
1.981034835305916e-03
3.140096901903552e-03
2.787622863190317e-03
3.077799477006809e-03
3.157488935694467e-03
2.775233960820403e-03
3.091884226152613e-03
2.733237847783093e-03
2.871259299816427e-03
2.742969339672168e-03
2.674611848215408e-03
1.404628219103525e-03
1.896699932790095e-03
1.916288014711147e-03
1.914375049195534e-03
1.358128573921528e-03
1.418580193895083e-03
2.320048014032973e-03
1.951411970982356e-03
2.398483182977333e-03
2.423029605358148e-03
2.458082200132715e-03
1.810133494308863e-03
3.257317784274722e-03
3.214769532079291e-03
3.222733305282063e-03
2.845634184443255e-03
2.193334315428751e-03
2.263622824290963e-03
2.314750511833497e-03
2.372772241482126e-03
1.879950277831207e-03
1.706363787097728e-03
3.371161893921732e-03
3.325867207850012e-03
3.264361106585067e-03
3.274498960906085e-03
1.286666955482697e-03
1.405362841359870e-03
9.413469998619988e-04
9.560387105621936e-04
1.419184985763250e-03
1.469911588847686e-03
1.399355886352508e-03
1.798299900208049e-03
1.784451587600138e-03
2.329161814993450e-03
2.233174112808685e-03
2.021547502105666e-03
2.348267364252130e-03
2.407690993054640e-03
1.945365565012026e-03
1.825909514902342e-03
1.861601639836125e-03
1.753291226511266e-03
2.334647675673625e-03
2.380522944843992e-03
2.406809636453797e-03
2.352775109923287e-03
2.344533215264801e-03
1.801369909941545e-03
2.141426759078999e-03
2.330261528671646e-03
2.417449088280125e-03
2.453615931156115e-03
2.821615148846140e-03
2.678380544203044e-03
3.212020225987866e-03
2.893905291112546e-03
2.849488501659475e-03
3.483857446919736e-03
3.571073573833880e-03
3.603626979424595e-03
3.493612820190323e-03
3.618240973006596e-03
2.678020249090607e-03
3.147126147789278e-03
2.841634547700111e-03
2.598286207028404e-03
2.799043053693660e-03
2.325843798539627e-03
2.285698684856887e-03
2.755890318701049e-03
2.199837401912207e-03
1.751363865751366e-03
2.062772596897334e-03
2.309319851193682e-03
2.133704443187124e-03
2.316857106645400e-03
1.754787021509385e-03
1.432522695415098e-03
1.920145724678459e-03
2.013079828391500e-03
2.314521695050534e-03
2.339596114680148e-03
1.823011473306824e-03
2.390503745656626e-03
2.879539309822440e-03
2.387090637653916e-03
2.878355507222314e-03
2.867176398086524e-03
2.870956531982899e-03
2.382001474063147e-03
2.333176585594688e-03
2.158114516097987e-03
2.229994319679588e-03
2.332328212595977e-03
1.815972908948944e-03
1.806373637507952e-03
2.336206046519346e-03
2.780575645818747e-03
2.733826381031111e-03
2.483769771823154e-03
2.672249427787492e-03
2.865574305824166e-03
2.423265278026688e-03
2.820547674995511e-03
2.320418676919641e-03
2.819393715245430e-03
2.020916058919046e-03
1.856926986758533e-03
1.864483627528655e-03
1.358012710617540e-03
1.360597118311363e-03
1.802312827024231e-03
2.376356439523369e-03
1.332608686536648e-03
1.704240976911418e-03
1.444172872608030e-03
1.397860132465785e-03
1.374131735300844e-03
9.802449768957940e-04
1.367888445225887e-03
1.341180778523676e-03
1.379784556683374e-03
1.409793847345860e-03
9.325056170759380e-04
9.248863094377614e-04
1.715005822791032e-03
1.232239943842804e-03
1.905925773827425e-03
1.450645711278611e-03
1.893153729150608e-03
1.435065623584087e-03
1.845405184094344e-03
1.709645162877988e-03
1.815601686745628e-03
9.612947085861489e-04
1.359864499235059e-03
9.690281699398041e-04
1.445165739237664e-03
7.385310062015584e-04
1.434597165068197e-03
1.445110803114648e-03
1.432729126600346e-03
1.866328019630782e-03
1.466866354779979e-03
9.292124430589392e-04
1.451830901170228e-03
9.517291800994940e-04
9.534278557250597e-04
1.423844835367687e-03
1.420577914245586e-03
9.627314012512801e-04
9.525381312367489e-04
9.577979101743612e-04
1.418440574261648e-03
1.381653133303503e-03
1.384930257688009e-03
1.805074022124136e-03
1.410193279914949e-03
1.329435577654188e-03
9.510967661343454e-04
1.377560590671819e-03
1.447467720069126e-03
9.317971640208793e-04
7.608523268778374e-04
1.419111846679178e-03
1.444663546669857e-03
9.253638919782487e-04
9.612484700958343e-04
1.371598003039244e-03
9.663055860059395e-04
7.607922850632791e-04
8.282328490716449e-05
8.066299537338932e-05
7.804389587114038e-04
-1.947450706290642e-05
1.347962947081848e-03
1.816261137550305e-03
1.690317827718835e-03
1.881697199018710e-03
1.911621629715089e-03
1.436386134009582e-03
9.343305662954102e-04
9.328932735753954e-04
1.415165029940371e-03
9.392224544377411e-04
8.390901544177477e-04
9.859276685066176e-04
7.952593687354113e-05
7.554497308635904e-04
7.790538732543112e-04
7.700197672079013e-05
9.749565519232721e-04
9.581301274888380e-04
8.213382172134803e-04
7.884890756995103e-04
7.519524034709515e-05
8.053598914337088e-05
-1.880158782638310e-05
1.389182115815290e-03
1.394591946974168e-03
9.247512385035470e-04
9.529104940712094e-04
7.569493391574820e-04
1.248449092575742e-03
1.372985744152014e-03
1.366267834295223e-03
1.416533605813112e-03
1.919368250150039e-03
1.344323888994211e-03
4.102654726022407e-06
4.033171596607260e-06
-1.034057988662458e-06
-1.107629299556243e-06
5.227692825680319e-07
-1.080042383048689e-06
5.243545196539911e-07
5.200071506580164e-07
1.331237435091685e-03
1.314491732021457e-03
1.811827031087235e-03
1.766671427243148e-03
1.382953870361657e-03
1.333226096977375e-03
1.841818662742172e-03
1.475854576352639e-03
1.372811721146844e-03
1.302929522746608e-03
1.436743452890764e-03
1.398031543280420e-03
1.391103332807672e-03
9.635572276871291e-04
7.990974045360428e-04
1.774892512782054e-03
1.426603331930593e-03
1.395514434423443e-03
1.616474368694748e-03
1.340198428111281e-03
1.415624908285033e-03
1.334649350355387e-03
1.404177569973256e-03
1.413788514325891e-03
1.409028005949710e-03
7.586523797915227e-04
7.355971285012856e-04
8.392966346384588e-05
9.379572446775324e-04
9.230592504257184e-04
7.340172998046355e-05
8.172788351790296e-04
8.150530900623030e-04
7.438852202600365e-05
8.056349642716681e-04
7.715745939449879e-04
7.718038890035221e-05
7.699378333524733e-04
9.708188895559696e-04
9.689763561366142e-04
7.664643193401966e-05
8.023835429965260e-04
7.641437013133363e-05
-1.879157264833987e-05
7.050048414493731e-05
8.484989102393409e-04
8.090966437428887e-04
6.734519477632675e-05
9.310777382502627e-04
6.838003942185397e-05
8.599060108026687e-04
6.885318293384524e-05
8.035360555219027e-04
7.128874823290844e-05
-1.668659315710661e-05
6.938187519522237e-05
7.868500273944978e-04
8.162136899464048e-05
-1.776993903451706e-05
-1.637805409952161e-05
7.676517829213004e-04
7.340741311763949e-05
9.040451798260078e-04
7.678668196633430e-04
7.512499981935884e-04
7.150306187985987e-05
8.074515746001946e-05
7.569894884870978e-04
8.497304106086546e-05
7.431530572001531e-04
8.896756485808499e-05
8.029527713731858e-05
8.005201405092834e-04
7.443065056707748e-04
9.716877067380892e-04
9.338907673966735e-04
7.590214918493719e-04
7.243533002180720e-05
8.303556849533412e-04
7.425003116486914e-05
-1.726049361111643e-05
-1.726271396428522e-05
8.611597124712251e-05
7.764385796697817e-05
-1.940907602130403e-05
-1.796369414784439e-05
-2.075027012180291e-05
7.547784247455110e-05
7.363431087715149e-05
7.273211976552342e-05
7.424971867216757e-05
-1.760298521363456e-05
-1.734189894390561e-05
6.991039669832520e-05
7.682918417876445e-05
7.509180233993981e-05
-1.709786157211095e-05
-1.743851075214982e-05
4.160002054221117e-06
7.837833777028372e-04
7.377686629030259e-05
9.397265721883642e-04
9.661275445669493e-04
8.096576378061075e-04
7.678190465043326e-04
7.357225330938333e-04
8.394313177175828e-05
7.288155981727484e-04
9.779276820759940e-04
9.392033247612133e-04
7.438808836163910e-04
8.396599236607592e-05
7.532863943149211e-04
7.967325857816700e-04
9.794477794787849e-04
7.467669049217528e-04
8.038739798057265e-05
8.612830592280797e-05
7.570632043621889e-04
9.207331423027556e-04
1.380392511329340e-03
9.821211470758325e-04
1.456457195918485e-03
9.426155208968354e-04
8.111764101481242e-04
8.097395043809008e-04
8.070156524647269e-04
7.437672722312123e-05
7.404027749870795e-05
7.155953219840355e-05
-1.770034557891146e-05
-1.692113649209496e-05
9.130910291478553e-04
7.590014517903173e-04
9.676701502158855e-04
7.534524392254267e-04
9.713407476758811e-04
7.313683819124167e-04
1.402918930553361e-03
9.356897145601411e-04
1.450890628458187e-03
9.429364158371017e-04
1.409219624048561e-03
9.554168135763923e-04
7.844011390849000e-04
7.902181300675217e-05
7.015470612952793e-05
9.421317455046392e-04
7.931460228629853e-04
1.414723746410444e-03
9.650251013838503e-04
7.637103862290296e-04
7.777275453215792e-05
7.676005374533583e-04
9.811594819564918e-04
9.349767447662333e-04
1.366677691091753e-03
1.345371580726981e-03
7.616096341909500e-04
9.472343144629461e-04
9.302745954886751e-04
1.418055574662125e-03
1.413377484247233e-03
7.911841751707063e-04
8.408035512497124e-04
1.400847318387516e-03
9.302026178625366e-04
9.498160442236824e-04
8.522251568516205e-04
8.032140221386809e-04
7.130905144024314e-05
7.080769832219579e-05
8.008335302254516e-04
8.104760480523181e-04
9.570711510873818e-04
1.448969927021769e-03
1.435691254254071e-03
7.155868628546395e-05
-1.746751042243599e-05
4.225461802045712e-06
4.328337011143644e-06
-1.115870409040156e-06
-1.103252014317094e-06
5.429556083278466e-07
5.461256903853630e-07
-1.962914772149332e-05
-2.012707102752848e-05
4.821957602242097e-06
8.070362754374616e-05
7.403570434608840e-04
8.463568456657348e-05
4.761724739809536e-06
-1.892984194031166e-05
-1.865880557826432e-05
4.478106137780843e-06
4.613723975371149e-06
-1.911156272359306e-05
7.782744147734711e-05
-1.836361693258998e-05
-1.877041989170224e-05
7.694803581397704e-05
7.789669540221892e-05
8.149901773057284e-05
-1.989565277485169e-05
4.042824657902220e-06
-1.599356001827550e-05
3.948210892075635e-06
-1.021447008220867e-06
-1.035719070001231e-06
5.035848118135522e-07
4.658058830350598e-06
-1.822276410388231e-05
-1.977650910162372e-05
4.838141903187505e-06
-1.949980505418407e-05
8.311051510416796e-05
4.518319617329337e-06
-1.800186413644571e-05
4.472679035191520e-06
-1.148258012827611e-06
5.644811443284906e-07
5.784694550138940e-07
4.848092986206343e-06
-1.924894711165106e-05
4.832705946947756e-06
4.859181679191837e-06
-1.878342120325695e-05
-1.987445852595037e-05
5.073564961749025e-06
-2.037046787832373e-05
4.821586920919985e-06
-2.004556553415712e-05
-1.277986140117596e-06
-1.288854653285040e-06
6.333438014745778e-07
-2.015246164933460e-05
4.898997399468222e-06
4.787355689968371e-06
-1.282364319793637e-06
6.084978776579774e-07
6.313402011920087e-07
4.890036368214459e-06
-1.218283676155910e-06
5.935526184294735e-07
-1.239087183516241e-06
-1.289809580848442e-06
6.233768932555571e-07
6.210614128593014e-07
5.033698972290868e-06
-1.974214839670499e-05
4.879534905655512e-06
4.261932818886240e-06
-1.798932223925169e-05
-1.992398379668124e-05
4.685667046080914e-06
-1.618679046161061e-05
3.965023182044881e-06
-1.612701629921957e-05
-1.761701526310110e-05
4.149853063706327e-06
4.460612233466573e-06
4.206993334188261e-06
-1.130546483731633e-06
5.462295844327282e-07
-1.164374680890690e-06
5.641470569755587e-07
4.417551727912938e-06
-1.698298557831296e-05
6.848033861787642e-05
7.533055587922877e-05
-1.639804080738697e-05
-1.769001187319142e-05
7.617103922240634e-05
4.384023242581183e-06
-1.810755832330424e-05
7.998295700233611e-05
-1.971002500444979e-05
-1.868051036253491e-05
8.363376780449460e-05
7.325534908770229e-04
-1.878097777925386e-05
-1.755651150418687e-05
-1.685715697678915e-05
7.639448627053702e-05
7.274179402396753e-05
-1.754982895813593e-05
-1.780955157307917e-05
-1.181909635442201e-06
6.002207933671573e-07
7.741459463860256e-05
7.737300787359375e-05
-1.824294848683283e-05
7.636966821666833e-05
7.558257502914353e-04
-1.828045481477316e-05
-1.762436227407175e-05
4.280214678565249e-06
4.324173144420717e-06
-1.154003881746867e-06
-1.149515823464126e-06
5.688992625593848e-07
-1.106955737721625e-06
5.566314958660030e-07
-1.795919757863427e-05
4.465262543446628e-06
-1.197521091213604e-06
-1.120424615056057e-06
5.688204336074086e-07
-1.905842865923427e-05
-2.021246654511412e-05
8.522012352696139e-05
8.120460322783578e-05
-1.862706379234869e-05
4.924205120998754e-06
4.792372823530432e-06
-1.885189036022015e-05
8.167009252026926e-05
7.973550932133535e-04
7.522191772691435e-05
-1.823976442012156e-05
8.059140136968762e-05
7.816613463613618e-05
7.729788818311160e-04
7.603258132535718e-04
-1.886593242250254e-05
7.827646655740028e-05
-1.867456909487117e-05
7.951959997346716e-05
7.544479805326128e-04
7.824090805779455e-04
-1.803962549253255e-05
1.517683427366235e-03
1.408741467312160e-03
1.295903617110918e-03
9.366483806815066e-04
-1.737472974009623e-05
-1.810419426803938e-05
7.592474099684028e-05
-1.767224553414130e-05
4.348952328703779e-06
-1.684186853660222e-05
-1.648620756915416e-05
4.103540743052656e-06
-1.261420557451657e-06
-1.247324002394239e-06
6.174694696589581e-07
4.640608240149648e-06
4.915825581299258e-06
-1.205352845531749e-06
6.050696063740107e-07
-1.211977468789957e-06
5.907191704243127e-07
-1.101630263093068e-06
5.712898469058031e-07
5.369398705691062e-07
4.651515127830930e-06
4.192733965510439e-06
4.515651085572395e-06
-1.120069968336954e-06
5.887203760142568e-07
4.279601422759873e-06
4.591044464974851e-06
-1.099502396981270e-06
5.406858152866734e-07
-1.277749506914181e-06
-1.262899561172078e-06
6.289325061857221e-07
-1.141049689305176e-06
5.940383889090420e-07
5.472393381356199e-07
-1.132072352731186e-06
5.476151996386283e-07
4.328335532101039e-06
-1.124124769360728e-06
5.642549538207639e-07
5.558096539768290e-07
-1.175205591866369e-06
5.917161477742647e-07
4.468242451091053e-06
4.519437005901605e-06
-1.167128309923186e-06
5.735832077859546e-07
-1.197584583206183e-06
5.891087635745413e-07
-1.172284212358069e-06
5.801759713311351e-07
4.585783469475707e-06
4.529331330954786e-06
-1.194478457892115e-06
-1.141509811138614e-06
5.761900616115103e-07
5.548572323535645e-07
4.520972590032564e-06
4.604498951934145e-06
-1.195414302738142e-06
5.926917096159878e-07
-1.280987875695139e-06
6.340589636295295e-07
6.273502656537546e-07
4.886515937302709e-06
5.016287663813249e-06
-1.271219988173010e-06
-1.253876186235035e-06
-1.209113566931021e-06
6.028051396772474e-07
-1.236904557366340e-06
-1.268948726873649e-06
6.168620015460654e-07
6.314974813100110e-07
-1.129981970670708e-06
-1.124744656559888e-06
5.542430999323728e-07
4.253666143813426e-06
4.374423424975677e-06
5.571221302570526e-07
5.621692090161233e-07
-1.145742908367612e-06
5.637536312883732e-07
-1.814713072311767e-05
4.503154429738596e-06
4.402972187102864e-06
7.678139237967844e-05
-1.157749920323543e-06
5.599190298262713e-07
-1.138356578744162e-06
5.472818282491975e-07
4.253214549562724e-06
-1.104683579666111e-06
1.625954691412738e-03
1.792261756620210e-03
1.882480494844677e-03
1.361606626461619e-03
1.452601156456054e-03
-1.266532664095235e-06
-1.293852203851111e-06
6.366843137963846e-07
6.043081458328412e-07
-1.203420835002716e-06
6.316387910439779e-07
-1.133146237339330e-06
4.312208285294258e-06
-1.762675002933741e-05
-1.090507496911173e-06
5.438255252613499e-07
4.390840047929724e-06
-1.113962680798816e-06
4.243857709721367e-06
5.596284759892944e-07
5.467417884191958e-07
-1.107832881778616e-06
-1.224635677501366e-06
-1.255543688131534e-06
-1.233628391281447e-06
6.159756059484682e-07
5.794563536268889e-07
6.156028406023926e-07
-1.112485258813600e-06
4.285331156402564e-06
-1.105299269346033e-06
-1.034269183060777e-06
5.259823935546460e-07
5.494769165648144e-07
5.084826586080289e-07
-1.105947561669897e-06
-1.145822591425291e-06
4.361814516529782e-06
4.382591182977654e-06
-1.749555652454515e-05
5.552638836132329e-07
5.563313117152440e-07
4.067151301112788e-06
-1.064045038992503e-06
-1.038343155964759e-06
4.178503633447158e-06
5.158546135903354e-07
5.147859087779276e-07
5.360207732440285e-07
-1.056894947499368e-06
-1.134882551176526e-06
4.201818534315941e-06
-1.777711404409504e-05
4.464195001406519e-06
5.364665597146125e-07
5.802313824167612e-07
1.426401010373701e-03
1.681269175962617e-03
1.266623199258592e-03
1.329229511556107e-03
1.834004069282260e-03
1.784544328739434e-03
1.904688521766788e-03
1.316864054621917e-03
1.387383837828590e-03
1.340723002760216e-03
9.847361052211245e-04
7.896728009997852e-04
7.547248198139978e-05
7.474189274024029e-05
4.308832332495568e-06
-1.729297862329852e-05
-1.813253906950081e-05
-1.765651868158924e-05
4.599331510155352e-06
-1.210637465118494e-06
4.659334323327260e-06
-1.933751753326867e-05
5.849373505050848e-07
-1.156412230847019e-06
5.905300046507515e-07
4.561475931828705e-06
-1.192199111299139e-06
4.490545276059764e-06
5.864073117106194e-07
5.653195681162492e-07
-1.217127754183456e-06
4.486692215044007e-06
6.142863624536129e-07
5.865118356909632e-07
-1.158861665007480e-06
-1.206478693163512e-06
4.683104640841690e-06
-1.102100605328830e-06
4.450178137977134e-06
5.643570251353180e-07
5.432271948991591e-07
6.067686680861140e-07

DA  1  1102  double
1.994329023938429e-04
2.013872088353991e-04
2.031983532543538e-04
2.021399985275015e-04
2.037492035553926e-04
2.061471937292373e-04
1.805826051615001e-04
2.083618357513875e-04
1.759180583971460e-04
1.968027116904942e-04
2.121968961700060e-04
2.085317720065865e-04
2.667164091399112e-05
6.012109602736449e-06
5.199424236794378e-04
5.180388310911261e-04
2.134375525102180e-04
1.812015584472386e-04
1.980646637657934e-04
2.071693980369807e-04
2.052852481790359e-04
1.830516722204361e-04
2.199056369965055e-05
2.064030283282838e-04
2.095631150069715e-04
1.781623163149192e-04
1.938258096924570e-04
1.964878237460968e-04
1.898303397626200e-04
1.845217381065583e-04
1.941202365108047e-04
2.045983900219911e-04
2.090469908727218e-04
2.096535778063209e-04
1.346768237704958e-05
1.584144225604322e-05
2.060026355503442e-04
1.957684068147254e-04
2.093117597532112e-04
2.080868196722800e-04
2.022149395142010e-04
-4.670767688368080e-06
2.065749102783338e-04
1.790872668106879e-04
2.133597292620184e-04
2.054038702581236e-04
2.046347242694998e-04
1.546434082997942e-05
1.994935125760785e-04
1.744848385794799e-04
1.983572715412330e-04
1.995857678931093e-04
1.824817563140391e-04
1.955676989532116e-04
1.987875360321250e-04
1.901596089129681e-04
2.007269745874973e-04
1.998727488185557e-04
2.022684242239230e-04
2.005209327897907e-04
2.008733162255920e-04
2.005568791628034e-04
1.979760966312628e-04
1.986728662818666e-04
2.014220985457555e-04
2.021605535258976e-04
2.032449620985293e-04
2.026390259159517e-04
2.026587613979224e-04
2.024808135858405e-04
2.020872331512674e-04
2.042787034855506e-04
2.042122383615835e-04
2.055098442763145e-04
2.044443107137027e-04
2.038127590836265e-04
1.982214312066832e-04
2.013034732420724e-04
1.985349796259335e-04
1.837904772103209e-04
1.959238389873599e-04
1.943375488060525e-04
1.998145987347712e-04
1.933663733535609e-04
2.029532703651128e-04
2.033767084468502e-04
2.041448756607057e-04
2.047308027130384e-04
2.026332345522878e-04
2.016355183732445e-04
2.041171230886460e-04
2.012975550201925e-04
2.001932077205275e-04
2.017893513993277e-04
1.818015301029649e-04
1.967808574560992e-04
1.824033818889013e-04
1.972380595080353e-04
1.981351917396855e-04
1.990085688519219e-04
1.941805461192339e-04
2.005543402764103e-04
2.024954022357316e-04
1.999190456682174e-04
2.042035603339346e-04
2.003567409706781e-04
2.045868649172775e-04
2.034635406806809e-04
2.042630441419575e-04
2.037132438583988e-04
2.032539933544391e-04
2.040808477944288e-04
2.033747382616921e-04
2.032719781814885e-04
1.984040131559351e-04
1.993146917838170e-04
1.949703864028904e-04
2.026677557183687e-04
1.993125706900119e-04
1.713611953786379e-04
2.039732771766878e-04
2.033044224455782e-04
2.043098124769380e-04
2.054710085038537e-04
2.035581116140358e-04
2.041216047845388e-04
2.041183319357952e-04
2.052039792085678e-04
2.040438484369505e-04
2.023256845223460e-04
2.042409908132962e-04
2.037352956273022e-04
2.047512603192364e-04
2.044508649923000e-04
2.044898574998501e-04
2.045081059130592e-04
2.047444086991110e-04
2.030633434505142e-04
2.028233051315700e-04
2.044066825910168e-04
2.022612648867814e-04
2.053825977924841e-04
2.040986007379580e-04
2.034614026240221e-04
2.024543822806773e-04
2.036938309752857e-04
2.043965402925182e-04
2.033144599029740e-04
1.975608569360861e-04
2.016555869451729e-04
1.959365720280488e-04
2.005283420109777e-04
1.974639471171880e-04
1.995884460611136e-04
2.009381415161004e-04
2.002959177576362e-04
1.990053577481564e-04
2.018075473861728e-04
2.020399076703369e-04
1.970410401837550e-04
1.937679008041986e-04
1.965850699945756e-04
1.770137198410009e-04
1.972135742302307e-04
2.041382398484803e-04
2.006743212136370e-04
2.033919380573509e-04
2.031538075195813e-04
2.029677622711932e-04
1.993498719728116e-04
1.881683736057263e-04
1.979641869636824e-04
1.750946030868638e-04
1.993563969577703e-04
2.027773285724439e-04
2.025242557352655e-04
2.033708813104544e-04
2.014386767104881e-04
2.049498761385628e-04
1.992995412002881e-04
1.997643955647164e-04
2.012987145068686e-04
1.805077440283381e-04
1.966012799248944e-04
2.001398287595949e-04
1.722828094115489e-04
1.999220382117745e-04
2.000325392759438e-04
1.925981610594687e-04
2.033964530894249e-04
2.034741649161673e-04
2.017757270553527e-04
2.041945551718470e-04
2.042150661159646e-04
2.036965764244199e-04
2.045938997376465e-04
2.029699717665036e-04
2.035134853573322e-04
2.029961898585229e-04
1.971212935503533e-04
1.719296660241355e-04
1.805288368385223e-04
1.951508235976909e-04
1.823791030193392e-04
2.009607162701529e-04
2.021463650924972e-04
2.001767021316278e-04
2.027100423830383e-04
2.008500311406025e-04
1.991940199587581e-04
1.947002578753025e-04
1.716910163155473e-04
1.893850877116898e-04
2.112805846463063e-04
3.288006251903693e-05
1.555636461448566e-05
2.060868585800284e-04
5.076588811269759e-04
5.242573236488043e-04
2.385448488215042e-05
2.111859665808391e-04
1.930118652855687e-05
5.109667478227752e-04
5.040696637166654e-04
4.956201678695151e-04
1.992375748928379e-04
1.795609793090744e-04
1.976423143541078e-04
2.121648089129941e-04
1.886788858784041e-04
2.078611244107338e-04
1.801482389707479e-04
1.921593719076067e-04
1.934797386493490e-04
2.074031770795306e-04
2.079880049628126e-04
2.046407197426505e-04
1.991233104548537e-04
2.102670252913293e-04
1.192675312028526e-05
8.138524002689544e-06
1.986746269623979e-04
1.580298253194724e-06
2.047367054917511e-04
2.036455165895237e-04
2.039360718931964e-04
2.050822381214547e-04
2.035716514370234e-04
2.046666699743302e-04
2.042195580714881e-04
2.052082978836146e-04
2.040099925110791e-04
2.030881064876411e-04
2.044091347987842e-04
2.039295336298704e-04
2.011795342301003e-04
2.029138134402137e-04
5.720671158918800e-06
2.142220521167823e-04
1.266963976353732e-05
2.025962015124408e-04
3.706928846823383e-05
1.581884287101629e-06
2.051106736111366e-04
1.343260048209419e-05
5.288789293469067e-04
5.182391588429558e-04
5.232364667330150e-04
2.036207474195338e-04
2.037748402929805e-04
2.035729686006785e-04
2.041990409058809e-04
1.947518370965942e-04
1.986059702447047e-04
1.985080775465645e-04
1.760441632021671e-04
1.777944727406033e-04
1.970770361080269e-04
1.817473385122275e-04
1.837800318820590e-04
1.991016584420819e-04
1.951290595248589e-04
2.014300957963575e-04
2.025602813574274e-04
2.031550689026891e-04
2.032525904583510e-04
1.969293669861919e-04
2.028730074272539e-04
1.970756543646243e-04
1.951487959698204e-04
1.855639742195701e-04
1.951766949039882e-04
2.042559479008923e-04
2.027189957263285e-04
2.034470483915308e-04
2.029492572577622e-04
2.029937655107978e-04
2.029269243923102e-04
2.046908229031563e-04
2.029279849182212e-04
2.035406971772740e-04
2.051317192661423e-04
2.038327036570723e-04
2.030816186871296e-04
2.043154697832608e-04
2.030621122395619e-04
1.912376957343142e-04
1.864342257305254e-04
1.983762967979170e-04
2.000244191798838e-04
1.946323787331515e-04
1.843894324735090e-04
2.038673244309274e-04
2.041747009560728e-04
2.042515689287205e-04
2.040127466091671e-04
2.025681905886514e-04
2.049394419462576e-04
2.044039713485903e-04
2.022738679009882e-04
2.041954631675650e-04
2.051218850564302e-04
2.032179903581225e-04
2.040955162800306e-04
2.055980030665719e-04
2.036347246147668e-04
2.039676073915385e-04
2.047790797946527e-04
2.045859702499436e-04
2.022069197986047e-04
2.036707184905557e-04
2.044498490101313e-04
2.033693675544602e-04
2.035538171986091e-04
2.030633972231876e-04
2.006784973676964e-04
2.020268116980613e-04
2.015596095968918e-04
1.951858223647809e-04
2.013636325606395e-04
2.003810640038807e-04
1.984643787595529e-04
1.998062379342046e-04
2.001978815960134e-04
1.961698129891085e-04
1.990807199078466e-04
1.796444972660580e-04
2.029175925861306e-04
2.028712858225798e-04
2.027405110058178e-04
2.050354285780247e-04
2.035242427284905e-04
2.028777612985705e-04
2.048864450699264e-04
2.032614718830436e-04
2.000853716996379e-04
2.019146771958472e-04
1.926464547687282e-04
1.834635878246726e-04
1.990073117693081e-04
1.816313046687691e-04
1.932425175331736e-04
1.953273793933307e-04
1.981219047915992e-04
1.985545212054590e-04
1.997775952790572e-04
1.991283316586973e-04
1.984209372308807e-04
1.963096825758304e-04
2.048408182316476e-04
2.029114028574629e-04
2.042754258031702e-04
2.031006978845598e-04
1.982279811921319e-04
2.032120566387149e-04
1.955375460001579e-04
1.996530862739913e-04
1.972165760873366e-04
1.978991326659317e-04
2.043652422260047e-04
2.031741808021728e-04
2.041069603722366e-04
2.047253179282508e-04
2.026131358953985e-04
2.190196747808408e-04
4.586152207340103e-06
7.301201839668374e-06
2.038671883533078e-04
1.953313700656738e-04
2.011026149670834e-04
1.955588125172392e-04
1.979068202659908e-04
1.958566462662235e-04
2.014755397447628e-04
1.972108449617044e-04
1.980261746518487e-04
1.988367585116200e-04
1.971696947659704e-04
1.807484779372208e-04
1.709722338285140e-04
1.976682173198657e-04
1.997281036272480e-04
2.014272824893783e-04
2.003302375651523e-04
1.962734074041444e-04
1.996964133882913e-04
1.995642780128263e-04
1.972829678042624e-04
2.000873975405058e-04
2.014263683115559e-04
2.002219003310366e-04
2.024601255486499e-04
2.030061256791302e-04
2.047642012465825e-04
2.036706472237763e-04
2.036033171152601e-04
2.026711420733933e-04
2.043362327692462e-04
2.036792975809095e-04
2.041036772489533e-04
2.042881689053914e-04
2.034191390670745e-04
2.036572233544356e-04
2.034945444414976e-04
2.005889395472444e-04
2.017207666780154e-04
2.027409986594221e-04
1.978050699632907e-04
2.009239428890664e-04
2.018736884688250e-04
1.983561530935650e-04
1.962287981857418e-04
1.975019889479674e-04
1.973659577763244e-04
1.953329920502906e-04
1.971991063475548e-04
1.938303300050518e-04
1.885515380338055e-04
1.989936580093865e-04
1.972710626029133e-04
2.006435349228822e-04
1.983752318010458e-04
2.009072615832184e-04
2.028512083812159e-04
2.016212811825874e-04
2.034609388112556e-04
2.025570427356276e-04
2.031131966722421e-04
2.010356925196790e-04
1.979293744348543e-04
1.946396145384096e-04
2.003759531714380e-04
1.983377783739164e-04
1.956368798415920e-04
1.984797541549585e-04
2.015362230434124e-04
2.031285460070499e-04
2.010102144449781e-04
2.006448841284132e-04
2.042737671414530e-04
2.033368377334746e-04
2.017858653390855e-04
2.030188855185761e-04
1.988951012859736e-04
2.020471384083487e-04
1.822722003479106e-04
1.971762833748776e-04
1.969854730958512e-04
1.954779686556839e-04
1.944156628554492e-04
1.809791431271279e-04
1.975910525353809e-04
2.039308024413739e-04
1.831189106588046e-04
1.961422504240759e-04
2.045825403956805e-04
2.084631404132618e-04
2.819056958900588e-05
2.124559931412138e-04
2.065747835332739e-04
1.989717506384667e-04
2.140368853680858e-04
6.887367864012639e-07
3.580736432908413e-06
1.804350728869167e-04
2.042665905912986e-04
1.752953534824791e-04
1.967896262467894e-04
1.749879034581414e-04
1.951257062215527e-04
1.822710834576510e-04
1.989722980039651e-04
1.949658742136780e-04
1.790809294512624e-05
2.045129040073836e-04
8.542966615037123e-06
2.057187176314842e-04
5.005397965336719e-04
1.992112962994449e-04
2.108115898479800e-04
1.947458617351438e-04
1.799019424064164e-04
2.105041169638426e-04
3.003630869868871e-05
2.137021962529266e-04
6.106693904064746e-06
1.210751653124185e-05
2.080023622195271e-04
2.075643802073070e-04
1.646412642610164e-05
1.114308284458337e-05
1.037458701658776e-05
2.112176224659485e-04
2.066944995749121e-04
1.960467389483452e-04
1.817398776176630e-04
1.964874633677160e-04
2.091107126888451e-04
1.837631084578317e-05
2.036370472142735e-04
2.088589856818527e-04
1.557155178835003e-05
5.085201511535619e-04
2.063274164645070e-04
2.058861790861684e-04
2.155729576326412e-05
2.076075422339451e-05
1.933323072128078e-04
1.542723379706078e-05
5.179837641976672e-04
8.921580479747682e-04
8.901111204639660e-04
5.255991446816678e-04
2.684740883927775e-04
2.034947386669914e-04
1.744339692820818e-04
1.798638299321259e-04
1.873745157440059e-04
1.981528766397972e-04
2.117269485480968e-04
1.459272569315674e-05
2.243224905725387e-05
2.110220359255547e-04
1.232736724552208e-05
5.162496485622935e-04
1.485087737298417e-05
9.020560045892627e-04
5.139201758971553e-04
5.162119187170284e-04
9.023656993937568e-04
8.737023156281142e-06
1.057804187360985e-05
5.358462993865536e-04
5.283747612914632e-04
8.965904530451628e-04
8.900052077395159e-04
2.521571483348708e-04
2.009931328511751e-04
2.092009348004208e-04
2.017824713171845e-06
1.674635654038003e-05
5.009221618785509e-04
2.064568140134317e-04
1.924212466579369e-04
2.120173605580817e-04
2.013143125977680e-04
1.695861117718318e-04
2.050315219372074e-04
-5.946628284192283e-05
-5.838876336547964e-05
1.521771437574950e-05
1.633099175868221e-05
-7.688245596949436e-06
1.593153317741249e-05
-7.673583218597949e-06
-7.670772032866767e-06
2.092577770059949e-04
2.047185991316632e-04
1.771984501055468e-04
1.761166648561294e-04
2.065937940154707e-04
2.109911745772675e-04
1.720388390352201e-04
1.943102010026102e-04
1.969144859865461e-04
2.112344839393988e-04
1.941225648429748e-04
2.074780865104948e-04
2.054692537835550e-04
1.091193148206983e-05
5.309315992437033e-04
1.737410426420153e-04
1.991912601117716e-04
2.011012262727904e-04
1.829746465792800e-04
2.065822131909691e-04
2.042324644683654e-04
2.119302715753585e-04
2.073135277961460e-04
2.089385978039993e-04
1.938155473936328e-04
5.135936189598135e-04
5.034775696775314e-04
8.889994223223197e-04
1.780543647224308e-05
3.145192858385182e-05
8.940061711968075e-04
5.371294491073214e-04
5.323571954203755e-04
8.855534059747803e-04
5.279913117102373e-04
5.124122518667152e-04
9.086302605509870e-04
5.110020867307806e-04
-3.044001330218942e-06
5.209373670059336e-06
9.030691447302413e-04
5.297890576654199e-04
8.938959016464963e-04
2.607482045966374e-04
8.939982786137989e-04
5.203757680209600e-04
5.225406501333632e-04
9.032447470187678e-04
1.377647856054771e-05
9.034945052667181e-04
5.268669064544922e-04
8.958925599238423e-04
5.267249209748328e-04
8.939120676284446e-04
2.642859717911891e-04
9.216431650032883e-04
5.139848794979924e-04
8.949954051384675e-04
2.770073155003003e-04
2.783131434681151e-04
4.901383443195048e-04
8.979865879362523e-04
3.275165362425423e-05
4.952191112190100e-04
4.940344830567463e-04
9.006040359881725e-04
8.978103386978585e-04
5.061862831381063e-04
8.966251339069196e-04
5.125156707377743e-04
8.863367862334013e-04
8.952755126782019e-04
5.241059725160229e-04
5.062981055804966e-04
1.087661740644394e-05
2.720609459146610e-05
5.010049556564465e-04
9.089006588247715e-04
5.205620551581625e-04
8.989828113732609e-04
2.701134296801964e-04
2.703155183557690e-04
8.891195454187002e-04
8.923268793147090e-04
2.811820709866649e-04
2.837477296533184e-04
2.629032728862574e-04
9.092842152961566e-04
9.007634278640482e-04
8.914990965337609e-04
8.962520481065070e-04
2.657527446581538e-04
2.681038673625223e-04
9.010637835181771e-04
8.879336544436174e-04
8.870635427805800e-04
2.841152342103231e-04
2.852418839208468e-04
-6.234174642230529e-05
5.234389336138356e-04
8.901446671242578e-04
1.250061192350754e-05
1.547818216318401e-05
5.179617718823565e-04
4.999739967516838e-04
5.029142637485965e-04
9.089923289434391e-04
5.086237273760490e-04
3.658043986636816e-06
2.042689693337980e-07
4.986438369523881e-04
8.782563044510499e-04
5.150445365426227e-04
5.232073970924616e-04
1.741118659126060e-05
5.077456534958411e-04
8.919809302300302e-04
9.175762304124716e-04
5.010373609253047e-04
1.480999616478723e-05
2.056560452195656e-04
1.953498740788888e-05
2.100980522305283e-04
1.757027618538674e-05
5.348700606144578e-04
5.339018944855306e-04
5.236719326836260e-04
8.858364342493786e-04
9.030073646511150e-04
8.981384622820813e-04
2.602718197135378e-04
2.753267375294735e-04
2.112974541946604e-05
5.010653080967739e-04
1.751061177250850e-05
5.006671306239514e-04
1.793449221985867e-05
5.013086148226319e-04
2.052372931746285e-04
2.043132295456950e-05
2.127936531381855e-04
1.813277939638650e-05
2.066923574816038e-04
1.303797628044019e-05
5.267834407746584e-04
8.985218758684154e-04
8.998071001587403e-04
7.548469174445753e-06
5.194801709741382e-04
2.074089039966166e-04
9.547388227607882e-06
5.141760812053227e-04
8.852391079274880e-04
5.189898899453524e-04
1.237581148825500e-05
-4.710753492732627e-06
2.092098088094751e-04
1.980819186480401e-04
5.080677581518249e-04
6.783844595087120e-06
1.528682798106636e-05
2.052745216405210e-04
2.070088478653794e-04
5.127210318558222e-04
5.223717747931863e-04
2.070079088307762e-04
1.200731877468822e-05
1.672376401457587e-05
5.264867993854362e-04
5.241572246761208e-04
9.017782437424852e-04
9.074975152305645e-04
5.193845447404563e-04
5.277237469688849e-04
2.051114307519424e-05
2.014077779698714e-04
2.143969730936130e-04
8.986943110531392e-04
2.678919770770396e-04
-5.745266509335760e-05
-5.860986883729374e-05
1.534234618941154e-05
1.547306083900588e-05
-7.519039658096957e-06
-7.532407435574694e-06
2.800398448064088e-04
2.699577343630229e-04
-5.895859725599177e-05
8.986410638241379e-04
5.062238577493496e-04
8.900459701944972e-04
-6.149972779024203e-05
2.757834792723183e-04
2.676263093318846e-04
-5.879626270151364e-05
-5.945962388104990e-05
2.767964507554730e-04
8.949295568709697e-04
2.794386481671158e-04
2.871765723332001e-04
8.939878203049309e-04
8.861503000323334e-04
8.974589454761750e-04
2.730912676912761e-04
-5.931724394135075e-05
2.762645971792653e-04
-5.946217566378971e-05
1.542891444627579e-05
1.598548884350237e-05
-7.723959774800921e-06
-6.053922331740669e-05
2.815688739391065e-04
2.738679158826017e-04
-5.851100240738100e-05
2.657530960359861e-04
8.900935838508644e-04
-5.715549423398848e-05
2.664180554757742e-04
-5.837238824063850e-05
1.505616121382921e-05
-7.446233672055404e-06
-7.453550074132270e-06
-6.080962488349531e-05
2.854724606486962e-04
-6.101609738475729e-05
-5.912708471954050e-05
2.708006936452254e-04
2.641194540738438e-04
-6.103063019002530e-05
2.677135473313878e-04
-6.248268323104868e-05
2.833557546999690e-04
1.608804965900320e-05
1.596650573647648e-05
-7.843835422031517e-06
2.630697846550259e-04
-5.708383027623468e-05
-6.249333880130382e-05
1.598724414034338e-05
-8.004914624518985e-06
-7.580421177786276e-06
-5.959907911725079e-05
1.545970997030175e-05
-7.808720028589668e-06
1.557115270087374e-05
1.577948354552781e-05
-7.664536004844257e-06
-7.679827171451330e-06
-6.337823817033475e-05
2.873759114076557e-04
-6.252606736449643e-05
-5.993621945090657e-05
2.682182155743128e-04
2.734305354146244e-04
-5.856595961317581e-05
2.673636146551041e-04
-5.995875603456377e-05
2.782341379161775e-04
2.637208183678675e-04
-5.885873444615119e-05
-5.681612242985157e-05
-5.960201061972843e-05
1.556935053442146e-05
-7.777989608519586e-06
1.428039430130374e-05
-7.317925159424507e-06
-6.432210857905548e-05
2.722431533699648e-04
8.885287517475186e-04
9.061176866018253e-04
2.727613556429010e-04
2.592547193929867e-04
8.972401582586574e-04
-5.627423680807975e-05
2.626433392735670e-04
8.893651098104684e-04
2.696490281316607e-04
2.836606772442817e-04
8.915291316481061e-04
5.066878972355294e-04
2.603778052103298e-04
2.718315234904661e-04
2.965853455367023e-04
8.948772758093869e-04
9.011040078600212e-04
2.635852851750991e-04
2.733957782594729e-04
1.567672611898311e-05
-7.777645642009713e-06
8.894667719877738e-04
8.882966317439992e-04
2.821050618461209e-04
9.023964229102568e-04
5.025904757637370e-04
2.819061327997888e-04
2.588084899787079e-04
-5.558952088852851e-05
-5.571887201832952e-05
1.520555623487921e-05
1.500256419148198e-05
-7.458426149522112e-06
1.452544696254818e-05
-7.257494069648682e-06
2.627986407212047e-04
-6.033623992996462e-05
1.621884285945640e-05
1.523706359011975e-05
-7.756383883169532e-06
2.845464622168989e-04
2.628702984463548e-04
8.888952153161381e-04
8.840808425433508e-04
2.812135334660493e-04
-6.041618185068481e-05
-5.874671043363225e-05
2.825288449438876e-04
9.166767387123949e-04
5.004105837365047e-04
9.141081118129910e-04
2.860411356583587e-04
9.022263147949116e-04
8.904291660147608e-04
4.965008267342741e-04
5.060948660715934e-04
2.778088958600127e-04
8.886752747453188e-04
2.862312134107086e-04
9.197180186969112e-04
4.934592996732306e-04
4.989833267237011e-04
2.933802166549151e-04
1.937372565040379e-04
2.027101554347898e-04
2.071681461159061e-04
2.354092498034792e-05
2.688472938394929e-04
2.546456961631883e-04
8.901241776419830e-04
2.675324946514603e-04
-5.658272647949999e-05
2.688574883673941e-04
2.697927693301064e-04
-5.932440656434557e-05
1.489953942750991e-05
1.522347113593091e-05
-7.369566117774937e-06
-5.662156158821059e-05
-5.819866537730162e-05
1.521791827718335e-05
-7.511557351762332e-06
1.490220660451697e-05
-7.104503470789270e-06
1.569213481651563e-05
-7.494151302510452e-06
-8.158106014117609e-06
-5.465374045499834e-05
-6.324782502924586e-05
-5.814929639007021e-05
1.654085130145085e-05
-8.079771380906658e-06
-6.521559288898116e-05
-6.244548292145004e-05
1.723168831548768e-05
-8.375619454107081e-06
1.653664624520644e-05
1.609810120850700e-05
-8.077507088843090e-06
1.533023264548325e-05
-7.693160135927611e-06
-7.718997585208697e-06
1.531919067087397e-05
-7.296761047743109e-06
-5.865666112857184e-05
1.530036482623681e-05
-7.607833416715688e-06
-7.572394477798954e-06
1.682149199424343e-05
-8.213294796330070e-06
-6.242328266047274e-05
-6.230637510692895e-05
1.583669504814636e-05
-8.100896612519482e-06
1.649635814087255e-05
-8.197862180878922e-06
1.618158110231280e-05
-7.981472039211361e-06
-6.146875934353327e-05
-6.253170629974933e-05
1.651025411814625e-05
1.687700386769315e-05
-8.340163217931707e-06
-8.224003428867714e-06
-6.519834671953167e-05
-6.119180000055024e-05
1.680368701684670e-05
-8.092060241961648e-06
1.524371676369846e-05
-7.708891264921212e-06
-7.608797533529897e-06
-5.819238670386087e-05
-5.963028572949438e-05
1.626107183539156e-05
1.577566613110517e-05
1.527039322417475e-05
-7.523730477988662e-06
1.551213415777630e-05
1.631387891013931e-05
-7.860642182229441e-06
-7.979485098174586e-06
1.600970278973329e-05
1.744163673547011e-05
-8.283192671414747e-06
-5.658315340240978e-05
-6.456430049843614e-05
-8.553622639159214e-06
-7.688541213780565e-06
1.623415962849440e-05
-7.928722955954079e-06
2.821376083084291e-04
-6.303747643110489e-05
-6.003031244046678e-05
8.931896538637540e-04
1.475772427482497e-05
-7.347847464072916e-06
1.575560878539579e-05
-7.533603578775212e-06
-5.792605226726787e-05
1.502593463591563e-05
1.822343314861528e-04
1.773001060820327e-04
1.761378254683038e-04
2.012745093782868e-04
1.963355006911845e-04
1.609794050912182e-05
1.620612859741388e-05
-7.982984450090776e-06
-7.828058577996600e-06
1.598058514680359e-05
-8.049847475467981e-06
1.537689754201965e-05
-5.912694491684864e-05
2.682419320333459e-04
1.560912676799150e-05
-7.573946216626275e-06
-5.428565073994400e-05
1.477629365856539e-05
-5.895119794194427e-05
-7.169736749221253e-06
-7.650676987621359e-06
1.601621694677714e-05
1.633072060676254e-05
1.533765855062912e-05
1.625547854780754e-05
-7.701996722041802e-06
-8.044081736259455e-06
-7.774602179400252e-06
1.632734045283401e-05
-5.945825076215553e-05
1.557500117141358e-05
1.543382301976106e-05
-7.573599317342714e-06
-7.842197809787988e-06
-7.771721957535650e-06
1.531146509990348e-05
1.562573604183378e-05
-5.952447701675167e-05
-5.805135779907051e-05
2.693161651115666e-04
-7.636050503461521e-06
-7.559701543904895e-06
-5.906055477551488e-05
1.569972995682145e-05
1.570744272989096e-05
-6.220852598615815e-05
-7.656839449168767e-06
-7.719286677387107e-06
-7.881431670175597e-06
1.520276313260999e-05
1.536470902050926e-05
-5.768965177128088e-05
2.611071098099394e-04
-5.760476551713477e-05
-7.509362294802662e-06
-7.556683841171601e-06
2.122761666801089e-04
1.800090472754700e-04
2.053504157797615e-04
2.029790522800914e-04
1.834183947109389e-04
1.998013697256268e-04
1.786294713894959e-04
2.061469353023966e-04
1.959724397754246e-04
2.128187561094427e-04
7.550589599615530e-06
4.987853631470315e-04
9.313964905070485e-04
9.117122565506838e-04
-6.619646505166985e-05
2.981464981172145e-04
2.900785546816495e-04
2.700922017554343e-04
-5.844181378397372e-05
1.533982566306643e-05
-5.931646372954853e-05
2.630727234816765e-04
-7.563991475552308e-06
1.617560807543609e-05
-7.770925380853884e-06
-6.341320566845394e-05
1.692517640874208e-05
-6.277959878712019e-05
-8.215542859914190e-06
-8.011036541955700e-06
1.636713834877646e-05
-6.124176726376838e-05
-7.946412683329776e-06
-8.267033651341254e-06
1.712308953889210e-05
1.645016875115816e-05
-5.966905388629627e-05
1.654367834540382e-05
-6.313368246323015e-05
-8.129032169440580e-06
-8.157082646524151e-06
-7.901674576032184e-06

DB  1  1102  double
2.707197380941745e-04
2.739130575312235e-04
2.758575583734762e-04
2.722042757176815e-04
2.774355585219589e-04
2.354461970067016e-04
2.598622789916007e-04
2.127052878631712e-04
2.804416703243669e-04
2.288371269374536e-04
2.326333673240279e-04
2.362141872345312e-04
2.790459794914923e-04
2.747945710904029e-04
1.320917196856337e-04
1.438141169347909e-04
2.382134643374501e-04
2.638674637009691e-04
2.337069101419251e-04
2.385826944748355e-04
2.305617474464660e-04
2.806023827382473e-04
2.789086408193556e-04
2.349490581098398e-04
2.371752617926932e-04
2.647242384031611e-04
2.464193502171009e-04
2.467762339960413e-04
2.750236851225736e-04
2.779108207113616e-04
2.369174436100076e-04
2.291436824085409e-04
2.377050436865875e-04
2.341569393063576e-04
2.681945590303681e-04
2.692426594627526e-04
2.312160875606912e-04
2.386610343652118e-04
2.191815892301397e-04
2.384659782415118e-04
2.432121812267854e-04
2.778719687515778e-04
2.350064444448516e-04
2.585898964141470e-04
2.145261191950348e-04
2.335949662980124e-04
2.340657871926603e-04
2.704091849731278e-04
2.403763926659317e-04
2.760358571734026e-04
2.633247350340967e-04
2.714880326309217e-04
2.747528447552617e-04
2.684651178815744e-04
2.716627028958484e-04
2.748835978044701e-04
2.715239800458128e-04
2.729844726025000e-04
2.788163862355842e-04
2.726795723874666e-04
2.764411908960633e-04
2.685450936030688e-04
2.684026375455722e-04
2.731247991383914e-04
2.739872737271321e-04
2.741056437779882e-04
2.762156807580714e-04
2.727678666144127e-04
2.736241024729686e-04
2.759751367987598e-04
2.694088937768502e-04
2.731513636893685e-04
2.729922641610763e-04
2.757138138860148e-04
2.733902721797282e-04
2.731044715107755e-04
2.696040665979161e-04
2.751941661871030e-04
2.617365253133160e-04
2.747513175017899e-04
2.748155837943641e-04
2.752450638427120e-04
2.761248739814215e-04
2.672963221168207e-04
2.762317131729338e-04
2.746430405910474e-04
2.741473643411777e-04
2.744826189995023e-04
2.750364719366927e-04
2.724025319634074e-04
2.769585040337860e-04
2.744922108166840e-04
2.760948106651402e-04
2.743364464391705e-04
2.781291921923963e-04
2.632158057805486e-04
2.770234564854570e-04
2.620166172222583e-04
2.731734455375369e-04
2.741275259271749e-04
2.350160274041393e-04
2.703167751154008e-04
2.766514697281623e-04
2.722154508881489e-04
2.756853250251303e-04
2.729684329170646e-04
2.737342442194116e-04
2.714165168741505e-04
2.731676970024446e-04
2.725118420738398e-04
2.714936900501813e-04
2.725567343357508e-04
2.715058877445347e-04
2.716120551683106e-04
2.745936758966003e-04
2.636241273984585e-04
2.679546944339445e-04
2.761256301513451e-04
2.692217953363202e-04
2.733284677803370e-04
2.727641583258842e-04
2.713996623469204e-04
2.729974244243122e-04
2.762245007122970e-04
2.725725760117653e-04
2.742301796340022e-04
2.735065720352464e-04
2.753331085241562e-04
2.738091409932618e-04
2.702095593782991e-04
2.743634806261455e-04
2.731729024142237e-04
2.745103378627217e-04
2.741749953809765e-04
2.751003470994046e-04
2.745103934091784e-04
2.759208475347120e-04
2.721185662992896e-04
2.715566936352212e-04
2.743144925210435e-04
2.701220798181314e-04
2.775035279928191e-04
2.749781711791060e-04
2.736206973837518e-04
2.721564102029342e-04
2.732970565867851e-04
2.741760623098514e-04
2.725844073393154e-04
2.639299800180163e-04
2.743975109205350e-04
2.702437280849273e-04
2.732185375089327e-04
2.753371993347518e-04
2.739408762698690e-04
2.769086395300613e-04
2.728113374650339e-04
2.686717620214293e-04
2.749131198070257e-04
2.747424172198775e-04
2.717363737622412e-04
2.733142341167708e-04
2.641796246754648e-04
2.749386627660901e-04
2.589310215900429e-04
2.760784763646824e-04
2.725109904714350e-04
2.748246245213514e-04
2.747143490806877e-04
2.758949928461240e-04
2.672275812394413e-04
2.771376766862557e-04
2.724612938139159e-04
2.754936054763750e-04
2.629751642143991e-04
2.732913835762493e-04
2.732552236589190e-04
2.767797278832040e-04
2.747320255688075e-04
2.769963334526276e-04
2.725473908696215e-04
2.711101743031282e-04
2.745645903339540e-04
2.726993116532494e-04
2.628783136062022e-04
2.650567907347630e-04
2.782912452089403e-04
2.365274199104689e-04
2.763320877214585e-04
2.659298126657152e-04
2.747851340219659e-04
2.751519804106106e-04
2.719348608917313e-04
2.785113972908109e-04
2.760679122321393e-04
2.747429094142203e-04
2.764757262694959e-04
2.750226047921827e-04
2.744389007804383e-04
2.732071039681159e-04
2.381990819288922e-04
2.761383923909967e-04
2.732004769877832e-04
2.316079678337602e-04
2.755909211804100e-04
2.753529436977816e-04
2.757964417275411e-04
2.732817643195368e-04
2.754413273488718e-04
2.722805527501412e-04
2.640974677906003e-04
2.728017426690340e-04
2.803967480328355e-04
2.744444651983677e-04
2.251224226523940e-04
2.801096493427904e-04
2.709054353070209e-04
2.326028178741689e-04
1.379357671345853e-04
1.317221939963554e-04
2.799546656557728e-04
2.364452287482299e-04
2.784693912166521e-04
1.312298342045098e-04
1.348411282380247e-04
1.219013283478014e-04
2.684061936346668e-04
2.821441397810829e-04
2.610458353481896e-04
2.377256907646043e-04
2.502678153894832e-04
2.272110691071059e-04
2.611503165485027e-04
2.461724044923774e-04
2.412065266793852e-04
2.307469798597855e-04
2.373082689434667e-04
2.304195530875157e-04
2.320406478037705e-04
2.367573624549935e-04
2.767053594244557e-04
2.848396191868542e-04
2.336396789647265e-04
2.723258255536777e-04
2.750539219454146e-04
2.732749109686644e-04
2.740436973149653e-04
2.750885696387488e-04
2.718976088827837e-04
2.745402590905313e-04
2.765139864634140e-04
2.767103595294854e-04
2.743259190043786e-04
2.722044848597035e-04
2.740779423485319e-04
2.749303035660390e-04
2.704014605754072e-04
2.358244393097524e-04
2.794735835949858e-04
2.120111025583480e-04
2.804371581214396e-04
2.461843796246336e-04
2.814331020423710e-04
2.768244447038050e-04
2.318557275477559e-04
2.789789218470768e-04
1.306449017738639e-04
1.342706482896698e-04
1.360170134042161e-04
2.716911358034780e-04
2.720152116179117e-04
2.716562663036753e-04
2.728560698541789e-04
2.582004048170938e-04
2.736100706175365e-04
2.666022217061338e-04
2.726791651473976e-04
2.794957818561871e-04
2.630965614677780e-04
2.746935960377754e-04
2.780610231980247e-04
2.671438136959538e-04
2.385391738701673e-04
2.736031932382518e-04
2.757619215617577e-04
2.744232692987397e-04
2.734944953400798e-04
2.733767403548139e-04
2.757682542591729e-04
2.702032106953557e-04
2.691521031771494e-04
2.763996791594069e-04
2.643354457264025e-04
2.752906149523532e-04
2.722970741812400e-04
2.768392832548100e-04
2.733075748593284e-04
2.754973853695082e-04
2.737853165217981e-04
2.761152133381360e-04
2.759660323120040e-04
2.740057427676919e-04
2.773307229129486e-04
2.733565650627188e-04
2.718118272549448e-04
2.751373632289993e-04
2.717336996288174e-04
2.567108039519913e-04
2.786987567678000e-04
2.689333069179453e-04
2.651151444841833e-04
2.770106358740526e-04
2.768052221699613e-04
2.721764912246659e-04
2.729639112064431e-04
2.731468325429364e-04
2.728328593345470e-04
2.701602243873654e-04
2.768921354777608e-04
2.750478741760598e-04
2.705490726855264e-04
2.741324551980624e-04
2.753691373180816e-04
2.726361105732707e-04
2.741064932000668e-04
2.759324799252868e-04
2.726122190760725e-04
2.751357006162628e-04
2.767623027461468e-04
2.753900177357117e-04
2.725581037753962e-04
2.743531420267877e-04
2.769841027289858e-04
2.734958197978553e-04
2.761523048224695e-04
2.768898898866035e-04
2.744570323741070e-04
2.754909065655692e-04
2.739519191243758e-04
2.702838920440901e-04
2.764006393983593e-04
2.713087728493587e-04
2.737834216203402e-04
2.755811482302225e-04
2.718846591404256e-04
2.600857249025517e-04
2.638604938459789e-04
2.812392487869598e-04
2.747915994063631e-04
2.734691435171109e-04
2.711186823441708e-04
2.765835054731836e-04
2.742853974252798e-04
2.746352314230693e-04
2.779148153657970e-04
2.742888327041733e-04
2.735072226014839e-04
2.712043054613273e-04
2.401869856392144e-04
2.786477689276501e-04
2.660382376426156e-04
2.759723821927480e-04
2.354828706792224e-04
2.360741214766664e-04
2.731436107294481e-04
2.667621539489565e-04
2.711390970471751e-04
2.746737583343276e-04
2.740500504153830e-04
2.605885598486942e-04
2.765257978967706e-04
2.713753731845384e-04
2.754271865087867e-04
2.729778790676125e-04
2.690097961322136e-04
2.760651966853116e-04
2.696056423108850e-04
2.750701178991092e-04
2.631467410883039e-04
2.661148422059161e-04
2.744343879179163e-04
2.719231017235583e-04
2.744662399794272e-04
2.753117887947483e-04
2.296782455968465e-04
2.386012116020709e-04
2.838075449966764e-04
2.807880838814483e-04
2.435860267162873e-04
2.409241957807519e-04
2.433620364816188e-04
2.733757384848930e-04
2.614984333631557e-04
2.706231452759069e-04
2.747334858978979e-04
2.646737578831746e-04
2.754858330808075e-04
2.738332553933994e-04
2.654661685390976e-04
2.730197894457956e-04
2.762386071264242e-04
2.605338482616392e-04
2.754400798807551e-04
2.731471370635895e-04
2.717755526358408e-04
2.716284890066787e-04
2.744463406707456e-04
2.711343896817282e-04
2.679953771558841e-04
2.704738764694879e-04
2.738823864946520e-04
2.770346704259915e-04
2.753957104390779e-04
2.729540162442939e-04
2.773344360004428e-04
2.751493773763993e-04
2.771347647433592e-04
2.704569710222755e-04
2.736509853276102e-04
2.722421340498453e-04
2.730358731485292e-04
2.730968790083793e-04
2.740678048849084e-04
2.753717819993343e-04
2.744376002851119e-04
2.733699897239416e-04
2.754928682562537e-04
2.759390422472058e-04
2.733293347152706e-04
2.746455398735145e-04
2.745058386352659e-04
2.692299521956403e-04
2.646256799589511e-04
2.731397732727143e-04
2.678985538297464e-04
2.710166788248969e-04
2.679670129331396e-04
2.454251420631543e-04
2.782397302268513e-04
2.672259246495959e-04
2.715378806344208e-04
2.733933482130041e-04
2.634804898698121e-04
2.731617919917165e-04
2.757340049392084e-04
2.728718090298263e-04
2.768038250320736e-04
2.729330191574440e-04
2.731791132778638e-04
2.731627151047577e-04
2.735442709048631e-04
2.663200075049867e-04
2.721578286670726e-04
2.728422153671231e-04
2.611616014413469e-04
2.684141857055456e-04
2.738143543186890e-04
2.760823147820430e-04
2.743697483698916e-04
2.723618697543077e-04
2.761309495032650e-04
2.768016913735832e-04
2.746691945043845e-04
2.760472921591678e-04
2.694005852210226e-04
2.716140278589448e-04
2.787164931912210e-04
2.630549792346250e-04
2.626209034641284e-04
2.354882623674000e-04
2.348437731523061e-04
2.738038956075139e-04
2.724896088369151e-04
2.283328643848331e-04
2.698709139382020e-04
2.406034529026519e-04
2.297515781243882e-04
2.331632695502775e-04
2.926094255157964e-04
2.417494818970779e-04
2.300833573597724e-04
2.371775710535190e-04
2.364012006548672e-04
2.784761982968771e-04
2.794449830142721e-04
2.676213988978891e-04
2.164977908585510e-04
2.788480612841691e-04
2.386839361722180e-04
2.793424524963642e-04
2.411436295689266e-04
2.762425138187266e-04
2.700183134870576e-04
2.585329040752482e-04
2.677538216593352e-04
2.311364659451250e-04
2.682692356330400e-04
2.342909692637821e-04
1.201305606214921e-04
2.359370637565507e-04
2.355892396136434e-04
2.502365542748486e-04
2.817042178733655e-04
2.355818459532580e-04
2.813460804657660e-04
2.425688126684424e-04
2.785484848513497e-04
2.786961042449591e-04
2.360179462502064e-04
2.351739726441472e-04
2.742749992120903e-04
2.770568847438761e-04
2.751352368933133e-04
2.396858991160198e-04
2.294176665688693e-04
2.369957381889258e-04
2.751865334269646e-04
2.345746223624862e-04
2.245461787702308e-04
2.688510844991624e-04
2.274106276215121e-04
2.385415340258879e-04
2.695278378364898e-04
1.219558712727978e-04
2.335934951684674e-04
2.368616189158157e-04
2.701807126577111e-04
2.704753502473928e-04
2.373493556148637e-04
2.727237745561952e-04
1.227410077819390e-04
2.731524860998931e-05
2.674512710434679e-05
1.241515020032649e-04
2.391610398397445e-05
2.374079333294746e-04
2.803102183448707e-04
2.636731564781310e-04
2.794936695699023e-04
2.630839927432618e-04
2.363840408115913e-04
2.807755437522936e-04
2.843152636722877e-04
2.407935496187554e-04
2.731037892838116e-04
1.375636904675029e-04
2.710799561862308e-04
2.717619843846977e-05
1.220519409220635e-04
1.222738306461083e-04
2.836883694885367e-05
2.766261363156998e-04
2.815135232983179e-04
1.313215986928178e-04
1.245110114471787e-04
2.674865537414961e-05
2.506601829084903e-05
2.418760871188949e-05
2.393600321458959e-04
2.379992589735847e-04
2.730425723793325e-04
2.687053665378701e-04
1.189711858280606e-04
2.193090850888696e-04
2.323346289891267e-04
2.385727236449155e-04
2.325146974978267e-04
2.780668897315099e-04
2.216822350525791e-04
1.399638234594900e-06
1.744750968182336e-06
-1.842953877566397e-07
-1.695328417150279e-07
9.856495728184775e-08
-1.288612815092609e-07
7.232511362947519e-08
7.586761492237117e-08
2.364906787634121e-04
2.213589724839193e-04
2.760383666305012e-04
2.691114913276272e-04
2.307117863120655e-04
2.211196587990314e-04
2.767494571429655e-04
2.518034298689334e-04
2.377047227247175e-04
2.152357606987964e-04
2.454036737217127e-04
2.379675021357570e-04
2.348455963715681e-04
2.764070094263247e-04
1.257053875027169e-04
2.745750288560791e-04
2.273962729646955e-04
2.191644134007917e-04
2.630798078013749e-04
2.269593555748571e-04
2.358776435326769e-04
2.196514648896604e-04
2.394886416519432e-04
2.398045186892253e-04
2.466632620194427e-04
1.229754892752702e-04
1.249745713733376e-04
2.646903384305403e-05
2.658985711916650e-04
2.679686690571044e-04
2.593455942305064e-05
1.311819707800947e-04
1.285048156422315e-04
2.721738117182987e-05
1.293910486814954e-04
1.196716036592971e-04
2.932831446783984e-05
1.190055680813682e-04
2.700639729342942e-04
2.801199844854867e-04
2.710141737681877e-05
1.266273956920090e-04
2.711541536857096e-05
2.426614602142436e-05
2.386105257283585e-05
1.401888824480362e-04
1.289836420595858e-04
2.415322987660744e-05
2.845782460938407e-04
2.614558958941566e-05
1.336706031821789e-04
2.665940732635381e-05
1.266732902696365e-04
2.573753491859252e-05
2.429708103589911e-05
2.443782120634061e-05
1.280053022718535e-04
2.751196897308462e-05
2.400435844639950e-05
2.455020978878125e-05
1.291568114034898e-04
2.754074442817984e-05
2.689565376532971e-04
1.248563316525291e-04
1.328398998346597e-04
2.525276780626576e-05
2.747979581217950e-05
1.207614987371106e-04
2.844914841440173e-05
1.167357033685848e-04
2.836480689509624e-05
2.774310919788053e-05
1.266790449797560e-04
1.242611640461396e-04
2.767584337052994e-04
2.721489111789422e-04
1.262760849785415e-04
2.641098015885681e-05
1.324878076824842e-04
2.668433208611150e-05
2.408279203611193e-05
2.394059843990710e-05
2.448174406202530e-05
2.354783310177578e-05
2.460638468911573e-05
2.491620938127864e-05
2.448026407553888e-05
2.200102161319334e-05
2.647973803887787e-05
2.483795125980971e-05
2.287193586167906e-05
2.420779152105850e-05
2.426668227605575e-05
2.435092277163896e-05
2.932505878717900e-05
2.490919525304729e-05
2.488175776363977e-05
2.496233202810076e-05
1.302608628741797e-06
1.246057013324242e-04
2.574705135590828e-05
2.757626940547523e-04
2.782739798119744e-04
1.290040077548232e-04
1.272988186164144e-04
1.213795861010122e-04
2.735314037055290e-05
1.138389210484046e-04
2.665923331109069e-04
2.703453855061287e-04
1.151461617762842e-04
2.773191005065701e-05
1.202984796311266e-04
1.231952375396689e-04
2.743261642576898e-04
1.224342257989766e-04
2.709139663313256e-05
2.597700074339216e-05
1.228480923482643e-04
2.708614116458876e-04
2.292067006367135e-04
2.704577378889906e-04
2.409023112378308e-04
2.753627524119610e-04
1.270471965136550e-04
1.278115557403567e-04
1.248359729871641e-04
2.544618907941196e-05
2.681264567183513e-05
2.838265705051984e-05
2.426681894451196e-05
2.376784470252813e-05
2.716489844869916e-04
1.252874520957744e-04
2.767603469190135e-04
1.180605209551231e-04
2.696090702402102e-04
1.190023009065442e-04
2.327711309920125e-04
2.657830478896627e-04
2.369341680172564e-04
2.834389448592511e-04
2.386522924934155e-04
2.765895890232016e-04
1.270220391192401e-04
2.638271691534598e-05
2.481547163946712e-05
2.780767283300632e-04
1.249588193401300e-04
2.392952061229579e-04
2.732986334768865e-04
1.199954685080019e-04
2.851844894387210e-05
1.205268101191304e-04
2.710300112035392e-04
2.735526700866568e-04
2.388937893044667e-04
2.408618488737360e-04
1.174294723195623e-04
2.742234263504131e-04
2.813323316225321e-04
2.391138219516934e-04
2.379888727149394e-04
1.262981316473644e-04
1.376368970417659e-04
2.387079637288343e-04
2.799335717777329e-04
2.854149491540690e-04
1.386255152771011e-04
1.302448713377659e-04
2.559325044918519e-05
2.411250695932594e-05
1.290963534576339e-04
1.299680796775327e-04
2.815836606833259e-04
2.288451135211525e-04
2.414330488195829e-04
2.434458713763628e-05
2.492071276385886e-05
1.771180208495883e-06
1.570452093484147e-06
-2.332286087284609e-07
-1.285034772747534e-07
1.031886913047198e-07
8.589144788803862e-08
2.408458400571010e-05
2.413207305679573e-05
1.453208366977549e-06
2.714959990627001e-05
1.215291453602946e-04
2.607826290415400e-05
1.426080159424348e-06
2.443430034027044e-05
2.402780599348657e-05
1.881098543971493e-06
1.755150675492380e-06
2.419950175213864e-05
2.713481506664215e-05
2.417204240856524e-05
2.354868257266069e-05
2.670950329519483e-05
2.948381185444726e-05
2.892048743118059e-05
2.400578540844324e-05
1.587182452742491e-06
2.360828388469004e-05
1.577737098583470e-06
-1.797933397502004e-07
-1.766364658389797e-07
8.763517435713744e-08
1.552720700797003e-06
2.310607644028686e-05
2.343536594273810e-05
1.711939207350272e-06
2.394122296879639e-05
2.769624049575747e-05
1.960755406559278e-06
2.375551620105254e-05
1.641621923882809e-06
-2.332888923811119e-07
1.052385276238625e-07
1.320133036527111e-07
1.469268025294048e-06
2.334563221116393e-05
1.429873934570301e-06
1.666781670480286e-06
2.346397651301659e-05
2.367228006380571e-05
1.517412127928311e-06
2.365461776582313e-05
1.369572449883463e-06
2.306870401131659e-05
-1.476829587964328e-07
-1.716999152732265e-07
7.860583740221217e-08
2.416043875169988e-05
2.000643824394360e-06
1.423283377346773e-06
-2.284370707371908e-07
8.576103769703692e-08
1.294903769263555e-07
1.611573610998154e-06
-1.987142351827420e-07
9.286190449748571e-08
-2.010153916752102e-07
-2.159676553730312e-07
1.032174128393997e-07
1.050643926998489e-07
1.098265162353791e-06
2.319616000466048e-05
8.194280131192853e-07
1.669560975140803e-06
2.407091828312803e-05
2.358616004398492e-05
1.760111205361232e-06
2.456660858819541e-05
1.507605197650255e-06
2.503173717969036e-05
2.465938968854264e-05
1.535924767530334e-06
1.883943821947015e-06
1.412960337292699e-06
-2.031434042137881e-07
7.935872378024112e-08
-2.536919051326936e-07
1.183406707863571e-07
1.142891215019911e-06
2.418944067644738e-05
2.478280292483278e-05
2.812071823323874e-05
2.492701295689519e-05
2.423125058136084e-05
2.536052137241495e-05
1.733923785435941e-06
2.376258978503499e-05
2.702417841237137e-05
2.436045818927674e-05
2.374862662282970e-05
2.716150860181254e-05
1.195914296597658e-04
2.442351433358996e-05
2.525934681205342e-05
2.417622415649541e-05
2.279485080138369e-05
2.590327313180076e-05
2.449382472682646e-05
2.390612720668958e-05
-2.473931474505138e-07
1.203573430071175e-07
2.753197119156034e-05
2.985807091574688e-05
2.442015770213578e-05
2.638851978447907e-05
1.184068484087202e-04
2.361942042437601e-05
2.406193444796992e-05
2.138247227163559e-06
1.962112957772031e-06
-2.062208592821628e-07
-2.575785377811908e-07
1.118975194855394e-07
-3.053820116952618e-07
1.431312664282460e-07
2.424063642541301e-05
1.500400071602009e-06
-1.771130660200432e-07
-1.621736210638327e-07
8.627843304123205e-08
2.420113734217955e-05
2.417616499562314e-05
2.531086615094480e-05
2.726110678953210e-05
2.360592935163087e-05
1.376813733034706e-06
1.780000105398517e-06
2.389642867937690e-05
2.521327588112056e-05
1.370045934222236e-04
2.353528895765286e-05
2.363233984269988e-05
2.728885772234083e-05
2.781623065722788e-05
1.287826667777117e-04
1.195011210513412e-04
2.413644203096219e-05
2.664445847321597e-05
2.398723764640098e-05
2.546937076671939e-05
1.257311069089398e-04
1.265339210482880e-04
2.307697519800436e-05
2.517113975238725e-04
2.322124756144112e-04
2.218650672774968e-04
2.727423379088862e-04
2.421328034620181e-05
2.408440674541379e-05
2.750853349219513e-05
2.466440875861976e-05
1.857370834339895e-06
2.416990691399538e-05
2.431858919681742e-05
1.390617450514797e-06
-2.692799054119444e-07
-2.466384218305243e-07
1.273712727139449e-07
1.874898943881564e-06
1.817298066528119e-06
-2.843363112391294e-07
1.320134846737568e-07
-2.075679032426580e-07
1.207803068216183e-07
-9.939095068352417e-08
7.545033745728585e-08
3.980830113725560e-08
1.809511943844085e-06
1.149896557423889e-06
1.478286184062338e-06
-6.242702428178010e-08
3.696438871820669e-08
1.153458322786045e-06
1.131008779401032e-06
-7.262238361993447e-08
3.303807611086919e-08
-1.190176010102670e-08
-1.229117821635051e-07
2.469812293940438e-08
-2.302607689326275e-07
9.635705168114661e-08
1.039274253532142e-07
-2.839499232584509e-07
1.493401118169233e-07
1.778943407426850e-06
-2.337724485605898e-07
1.182676996893375e-07
1.267919915981549e-07
-1.556317645158668e-07
6.009460870244906e-08
1.650315287516650e-06
1.284674359783816e-06
-2.263946313548570e-07
9.671629934051004e-08
-1.401210275996939e-07
8.639431405905481e-08
-7.378650246401142e-08
7.722917213270308e-08
1.595375698688270e-06
1.513191906142442e-06
-2.013573589136856e-07
3.009125125301127e-09
8.061159905742015e-09
3.829281521565908e-08
7.090152625399306e-07
1.526763072299731e-06
-7.572527852983278e-08
6.528680119066084e-08
-1.586750277020691e-07
6.185208011614652e-08
9.727385612415049e-08
1.660215086978804e-06
1.321767398049297e-06
-9.379325195854848e-08
-2.255134320741652e-07
-1.948744901851673e-07
9.174700943476080e-08
-1.726823677678396e-07
-1.577425092079060e-07
8.096435173462363e-08
8.302797077484381e-08
-1.439736251268318e-07
6.291866479554837e-08
1.210564125034526e-08
1.786257584530209e-06
9.166100370955008e-07
-1.433986240578797e-08
1.085118954365106e-07
-1.458495997441214e-07
8.873292800615205e-08
2.328697996171111e-05
1.323815918880801e-06
1.619664174933566e-06
2.752742825989516e-05
-3.098758236320131e-07
1.343867477234325e-07
-2.147873960237390e-07
1.073723790113876e-07
1.708424121613809e-06
-2.229747219770367e-07
2.618984865867676e-04
2.781354015271225e-04
2.766831763084868e-04
2.282893007549643e-04
2.377584986484943e-04
-1.617567157131108e-07
-1.224045014303563e-07
7.575272788768899e-08
8.498392815322322e-08
-1.649980652247574e-07
2.872232460660942e-08
-2.351702544193722e-07
1.562226386070959e-06
2.418741931800842e-05
-1.414732857281231e-07
9.324092876936647e-08
2.147944180454561e-06
-2.502107392886092e-07
1.552617249949988e-06
1.453787654947444e-07
1.021977660962918e-07
-1.826860936785112e-07
-1.896791591681558e-07
-1.906123004731141e-07
-1.112328377920067e-07
7.393661926453488e-08
7.944406351111425e-08
1.010089482690928e-07
-1.362674295620444e-07
1.490047359407139e-06
-1.703664822787645e-07
-1.583589517294591e-07
8.264342855287012e-08
7.777305095848463e-08
8.308753583391019e-08
-9.799329242906411e-08
-1.046274969554691e-07
1.069207038379173e-06
1.483681771426453e-06
2.467221213903970e-05
4.232669411837631e-08
6.791147717240226e-08
1.639206114206037e-06
-2.075532278593036e-07
-1.083581822160974e-07
1.047269538857105e-06
1.007702978846982e-07
8.079619627841417e-08
4.597148132266272e-08
-1.766368033831798e-07
-2.117155836355892e-07
1.739649132041746e-06
2.457294143048093e-05
1.566993131153865e-06
1.000072457198515e-07
1.029273457109448e-07
2.377147611002985e-04
2.651270209265649e-04
2.245188636868765e-04
2.288681306797298e-04
2.811765102789501e-04
2.695442509977832e-04
2.796778981889011e-04
2.332335085854651e-04
2.348889147590726e-04
2.318852806884994e-04
2.694861133708969e-04
1.316803071920932e-04
2.376495301434640e-05
2.638224097689161e-05
5.047044508448426e-07
2.380421671780186e-05
2.415492472143692e-05
2.438634766858411e-05
1.606847051317804e-06
-2.323281636416432e-07
1.826197038223730e-06
2.392360909654230e-05
1.214857096555958e-07
-1.122647871665251e-07
8.659404244032463e-08
6.807092520413430e-07
2.710729301623260e-08
9.524328561724663e-07
1.116034171208828e-09
1.766359100440921e-08
-1.767939975807444e-07
1.559297687287011e-06
8.371006745243727e-08
6.641386853015079e-08
-5.639362541113732e-08
-2.010679692184263e-07
1.686218099794219e-06
-1.271985673819683e-07
1.517680475155782e-06
8.133157322018249e-08
6.132497921721074e-08
1.028342949437676e-07

DL  1  1102  double
3.685275643163695e-02
3.776906704661945e-02
4.072378243159477e-02
4.112577756689290e-02
4.190449740972751e-02
2.796874041026640e-02
3.020843343006184e-02
2.595677723795590e-02
3.341648910809854e-02
2.795583058426061e-02
2.850833606671112e-02
2.811911099486910e-02
2.188126259374020e-02
2.185332553930890e-02
1.977465957971407e-02
2.004296075355677e-02
2.882133856117047e-02
3.086284148687035e-02
2.735043029428893e-02
2.863810668776472e-02
2.641496682882399e-02
3.266298745901788e-02
2.146426795470932e-02
2.820365746426247e-02
2.854095871324916e-02
3.111185597870162e-02
2.791671651278734e-02
2.896707394397098e-02
3.273576813130976e-02
3.458204520975863e-02
2.821957878084562e-02
2.802617776509340e-02
2.837158472549766e-02
2.724669994353171e-02
2.226629984839978e-02
2.185585921736216e-02
2.769367359139593e-02
2.835537074304812e-02
2.614758961308433e-02
2.758291938963553e-02
2.773160214464445e-02
2.214281085718135e-02
2.765385383467920e-02
2.981508965441477e-02
2.630270920699735e-02
2.738500794269338e-02
2.830832722675914e-02
2.204769251549439e-02
2.755048490900625e-02
3.342827209082224e-02
3.273023907573318e-02
3.279874557280463e-02
3.222593572858016e-02
3.611211565771203e-02
3.665207183045603e-02
3.220279740227676e-02
3.603966076394553e-02
3.985579843511393e-02
3.667460621106329e-02
3.797456220595707e-02
3.830174489392064e-02
3.397232487471141e-02
3.545194780013065e-02
3.746907923120432e-02
3.934725220096890e-02
3.832933267146484e-02
4.106290769037417e-02
4.114396993940300e-02
4.125097372767624e-02
4.042889666623516e-02
4.535401463666917e-02
4.735370194572140e-02
4.660964657810042e-02
4.641811430502801e-02
4.666203499835191e-02
4.620087801313339e-02
3.508277665848563e-02
3.678280722786167e-02
3.213391339848178e-02
3.260624519044997e-02
3.296589037951770e-02
3.165490331947900e-02
3.671980455590124e-02
3.665567612611172e-02
4.086683566565717e-02
4.149876185551399e-02
4.458690641047726e-02
4.599959148839280e-02
4.181628563264331e-02
3.787771953447606e-02
4.128151548130035e-02
3.699616360690031e-02
3.864274232643435e-02
3.925474420558898e-02
3.397012065740442e-02
3.288741279244738e-02
3.285500376751193e-02
3.216546345640040e-02
3.761598502093267e-02
3.756735682237929e-02
2.744351945952267e-02
3.563624052750045e-02
4.110168889612052e-02
3.794164630383036e-02
4.009314223352555e-02
3.924658878495005e-02
4.722839200009567e-02
4.705613967125021e-02
4.708369947277891e-02
4.628736017861833e-02
4.618499250170200e-02
4.717739763350833e-02
4.547559472999783e-02
4.621153900975134e-02
3.766059438915948e-02
3.209782811343703e-02
3.589583354270740e-02
3.758296042943551e-02
3.662465184179557e-02
3.276872485721492e-02
4.586968171921191e-02
4.591926874677442e-02
4.727711156059668e-02
4.653480671205026e-02
4.578921179991331e-02
4.480313991554453e-02
4.614321144057634e-02
4.641285067402620e-02
4.581740587111727e-02
4.353375175817475e-02
4.474937320206580e-02
4.442526553553382e-02
4.582570617237435e-02
4.635789264005943e-02
4.590197994615903e-02
4.304953814851770e-02
4.388785052988994e-02
4.367549297942371e-02
4.360474631931875e-02
4.479749289386775e-02
4.362042855302366e-02
4.500719190852745e-02
4.416399691494596e-02
4.338343977789545e-02
4.110894647365020e-02
4.393187715729400e-02
4.552671023327558e-02
4.362775442730674e-02
3.386542087973198e-02
3.677787191755885e-02
3.677311970155445e-02
3.567649272155053e-02
3.763558234751278e-02
3.717845181458046e-02
3.723870072094981e-02
3.856990605121913e-02
3.596134823566537e-02
3.684070407824667e-02
3.943324987841570e-02
3.724991544638333e-02
3.231652611841931e-02
3.313621399160156e-02
3.292815413615477e-02
3.104469228715195e-02
4.015168962264769e-02
3.869501856092243e-02
4.303874933020271e-02
4.235877304020066e-02
4.042486724079711e-02
3.226077961012910e-02
3.330822514365663e-02
3.616628244865817e-02
3.201643629910835e-02
3.169389045065970e-02
4.069680198219758e-02
4.051219353354672e-02
4.027829543739422e-02
4.058439449513807e-02
4.372712260409724e-02
3.675838638191669e-02
3.641660059146704e-02
4.025315315821912e-02
3.184269985057005e-02
3.325750276840671e-02
3.235638904713758e-02
3.328130854196600e-02
2.747135531383966e-02
3.748997327699335e-02
3.601201862987501e-02
4.084757660096493e-02
4.060754780368404e-02
4.155508747523175e-02
4.112555722595593e-02
4.316280624794042e-02
4.320215023987541e-02
4.143436228200324e-02
4.152456987000142e-02
4.271776147716518e-02
4.225464989162876e-02
2.793836843921959e-02
3.305380126638824e-02
3.255009824112289e-02
2.768513123132111e-02
3.342969312566393e-02
3.658755562189402e-02
3.707065146452149e-02
3.972060957249063e-02
4.061440953000986e-02
3.751214856176312e-02
3.308962336338417e-02
3.145528427824887e-02
3.301225561019899e-02
3.177363375554340e-02
2.750473517891119e-02
2.192787913131279e-02
2.195422466454859e-02
2.762994271745896e-02
1.974256880492079e-02
1.934287206271327e-02
2.145474297244574e-02
2.833908845633193e-02
2.177081117328455e-02
1.935844244960076e-02
1.954340808192019e-02
1.867924194797963e-02
3.168190600969688e-02
3.379016763365908e-02
3.303018626946271e-02
2.829196095065930e-02
2.910644985963440e-02
2.723415126776892e-02
3.004784165340254e-02
2.783540592551296e-02
2.813450309139115e-02
2.875378697756665e-02
2.884248008097268e-02
2.764932182911170e-02
2.741496583980831e-02
2.739173422311686e-02
2.270083180862640e-02
2.249146492908341e-02
2.799214028372658e-02
2.174804835951053e-02
4.340089893341236e-02
4.387122228607658e-02
4.553616991952798e-02
4.609865504048209e-02
4.564668658898786e-02
4.562605107234403e-02
4.390917256746731e-02
4.405430185692424e-02
4.436382450586367e-02
4.455970349175910e-02
4.524182562371129e-02
4.218448858753991e-02
4.065305974601370e-02
2.779722211335841e-02
2.194516277313480e-02
2.611702809167745e-02
2.172078910368415e-02
2.690770712416985e-02
2.195201479719857e-02
2.192238120445603e-02
2.769270807468040e-02
2.223436554646625e-02
2.003682702981704e-02
1.958835969150675e-02
1.998621547283882e-02
4.709408562579515e-02
4.726183594318203e-02
4.715070656575759e-02
4.732482876771966e-02
3.152153269552490e-02
3.637653017461173e-02
3.232713056353829e-02
3.119271816989747e-02
3.321891689877781e-02
3.264309755798186e-02
3.254557530465939e-02
3.413506962663036e-02
3.346458490206387e-02
2.758397037866671e-02
3.970316541663921e-02
4.112138262461802e-02
4.121538351120763e-02
4.106406903824945e-02
3.679965241560676e-02
3.601178218899020e-02
3.534348735767128e-02
3.604156408378621e-02
3.288120986098088e-02
3.062182590252318e-02
4.419645154530732e-02
4.100161108599870e-02
4.176642952375766e-02
4.057532924389806e-02
4.064113861629588e-02
4.139358112557682e-02
4.367006422695342e-02
4.162707813757229e-02
4.325669050748344e-02
4.485949649727839e-02
4.438191361083799e-02
4.335065994578604e-02
4.377834752101432e-02
4.393868839051260e-02
2.957517538125278e-02
3.381660626833199e-02
3.518656003184325e-02
3.339183802032505e-02
3.275490382101659e-02
3.418760284134098e-02
4.700610103085825e-02
4.655027027427325e-02
4.729680774654051e-02
4.654193312273693e-02
4.542671608948692e-02
4.491390017270180e-02
4.341881625739220e-02
4.316887321315535e-02
4.475717053905584e-02
4.628215951302596e-02
4.416138387236358e-02
4.587117975296483e-02
4.636416403908828e-02
4.296262292070911e-02
4.330327158317698e-02
4.396258530013321e-02
4.370184131658118e-02
4.135460514170061e-02
4.199945912866178e-02
4.422086777835821e-02
3.959769276823658e-02
4.133485447276562e-02
4.074350804221694e-02
4.003968854597765e-02
3.691391658378405e-02
4.014137670499264e-02
3.715551294467393e-02
3.648148258023224e-02
3.715854815381394e-02
3.803316484407168e-02
3.817876618990514e-02
3.733773858119874e-02
3.223042025509470e-02
3.294090116614973e-02
3.407203400225699e-02
4.359518177749591e-02
4.070488662861785e-02
4.280860631198106e-02
4.371360766709045e-02
4.063592044209727e-02
4.321192469172198e-02
4.041396354871241e-02
4.138446046985896e-02
4.052548437066933e-02
3.970869260296412e-02
2.800752974565380e-02
3.318709847079931e-02
3.320941772113022e-02
3.342541179729117e-02
2.740997017213135e-02
2.811876400087645e-02
3.702702508995664e-02
3.353279037375859e-02
3.746789675152516e-02
3.796382748517082e-02
3.825525923339522e-02
3.210369979479163e-02
4.449098872954947e-02
4.384579383171557e-02
4.418964006413021e-02
4.111900819427029e-02
3.589461745774077e-02
3.647046048232420e-02
3.693190317767300e-02
3.757250728619937e-02
3.284211152122369e-02
3.114508167789674e-02
4.519108090747520e-02
4.471120525624940e-02
4.443524680661143e-02
4.450243378710125e-02
2.671144840790726e-02
2.809977523519934e-02
2.191821033312553e-02
2.216200839718265e-02
2.845735953655478e-02
2.875304689943973e-02
2.810192223254197e-02
3.212852899018074e-02
3.186130263377520e-02
3.711389389444034e-02
3.613366613251343e-02
3.420574837988166e-02
3.728861516588012e-02
3.778811074965736e-02
3.343399142822266e-02
3.245017007387740e-02
3.291044313853561e-02
3.155286070477299e-02
3.721491969376321e-02
3.736818114777529e-02
3.756759194079759e-02
3.732374389983761e-02
3.724295819838497e-02
3.214668078448266e-02
3.531992257971577e-02
3.687190396585326e-02
3.770811822952821e-02
3.831044602401324e-02
4.114668434257997e-02
3.979136797024670e-02
4.421721139913724e-02
4.161012462013781e-02
4.144750895085039e-02
4.578943204740135e-02
4.661826057589116e-02
4.675707984996771e-02
4.600176309899136e-02
4.690223221485215e-02
3.981879484468993e-02
4.361852581828262e-02
4.116804076977843e-02
3.928959936938250e-02
4.101070416541890e-02
3.700942563833037e-02
3.659068187965236e-02
4.062449798342593e-02
3.584780811900929e-02
3.166315902451437e-02
3.459956111347912e-02
3.693879298886173e-02
3.528425978885193e-02
3.704707464525503e-02
3.164753917642590e-02
2.826551107223586e-02
3.338103678285246e-02
3.413679601413565e-02
3.694627797700503e-02
3.704446580916022e-02
3.229480128943143e-02
3.744469101530628e-02
4.161070131321167e-02
3.740826978339539e-02
4.166616348266843e-02
4.127801856375513e-02
4.133273032923224e-02
3.738154992786669e-02
3.720723606035936e-02
3.545477817094956e-02
3.604471961489528e-02
3.713259695794685e-02
3.213766409526600e-02
3.218501776267681e-02
3.701037254760119e-02
4.084179291526196e-02
4.043913970418201e-02
3.830850492765451e-02
3.982883026434457e-02
4.154494825641614e-02
3.777437568627531e-02
4.117187344184225e-02
3.674763374280821e-02
4.086594292943543e-02
3.449674879322102e-02
3.257865693872253e-02
3.265012469850789e-02
2.744804795680178e-02
2.745288617395310e-02
3.219267037736617e-02
3.748741382246046e-02
2.721180807632792e-02
3.127840074187045e-02
2.845562142528600e-02
2.787196742614920e-02
2.760319644165849e-02
2.249561093033010e-02
2.760429166711897e-02
2.727574624050762e-02
2.778812941542510e-02
2.817932996536482e-02
2.177373582946271e-02
2.165473781312272e-02
3.137800130495345e-02
2.596706844104354e-02
3.332834124420655e-02
2.853161397631472e-02
3.326591611400842e-02
2.831006265950362e-02
3.265949859584562e-02
3.120584093174784e-02
3.213606627864523e-02
2.220518723221352e-02
2.738961361077308e-02
2.232619106303873e-02
2.848746824929420e-02
1.849566447834331e-02
2.826004525354245e-02
2.847596650928929e-02
2.833883356048634e-02
3.288251941914627e-02
2.882424418984383e-02
2.177350910911504e-02
2.870582749801239e-02
2.207258986517697e-02
2.210888788661517e-02
2.831320845347725e-02
2.821780162161042e-02
2.225642599483822e-02
2.210611342215459e-02
2.221116543938062e-02
2.821711678461461e-02
2.769720845335528e-02
2.776398864934514e-02
3.224651776336809e-02
2.808307595432835e-02
2.716097917956694e-02
2.204688455488117e-02
2.762533851336412e-02
2.855074341115421e-02
2.177801902837685e-02
1.884048647411844e-02
2.815732355501356e-02
2.846264499925505e-02
2.174168930004164e-02
2.222310322910334e-02
2.761214009852237e-02
2.229564423905410e-02
1.887517132342594e-02
2.682584008576909e-03
2.676615384905286e-03
1.932000540145216e-02
-6.119137068328719e-04
2.741244979855947e-02
3.235305938705974e-02
3.105120162933435e-02
3.301630573571663e-02
3.316631375508123e-02
2.839365976720142e-02
2.185629965800570e-02
2.185791270093390e-02
2.818396627712838e-02
2.192541898597224e-02
2.028397254281811e-02
2.259002956958880e-02
2.650859385363980e-03
1.883855365578972e-02
1.927583370044752e-02
2.624358524888974e-03
2.248692785186114e-02
2.223056483144419e-02
2.007968381684280e-02
1.954727497676670e-02
2.596045812670192e-03
2.708039335842631e-03
-6.145405390012021e-04
2.792735934787316e-02
2.791877616275183e-02
2.166040066172760e-02
2.209279316943969e-02
1.871608058574285e-02
2.619768139997056e-02
2.773457250003515e-02
2.760816322086921e-02
2.816975086576756e-02
3.349896505659251e-02
2.727364794475444e-02
1.427492262058528e-04
1.398401231505997e-04
-3.586059860849917e-05
-3.743740709542803e-05
1.795745081224706e-05
-3.751233684696315e-05
1.824984446179908e-05
1.807566741078416e-05
2.713800731112869e-02
2.698224227147464e-02
3.231380127770885e-02
3.188219795672854e-02
2.775000676403333e-02
2.715322922398758e-02
3.267417197375617e-02
2.881954368688051e-02
2.760333158635701e-02
2.676853978466427e-02
2.838933990089146e-02
2.802285451775100e-02
2.789891281811142e-02
2.230170268527394e-02
1.966614370861257e-02
3.197402534345178e-02
2.825721254461758e-02
2.792556013617779e-02
3.030937754104866e-02
2.721695815615668e-02
2.820820841566448e-02
2.720548157990940e-02
2.808181004529167e-02
2.817775139226846e-02
2.809205360727408e-02
1.880539753665403e-02
1.840086225077972e-02
2.685697425320157e-03
2.190703566714087e-02
2.164394754221751e-02
2.597022423199358e-03
2.004008891863403e-02
2.000693318902556e-02
2.605700302014340e-03
1.986271278312051e-02
1.913149471074698e-02
2.584708087471716e-03
1.903323128210620e-02
2.234731629736146e-02
2.230223784192377e-02
2.650916945452169e-03
1.968689087784549e-02
2.616650227693328e-03
-6.088072539536197e-04
2.487679427069375e-03
2.040495178296448e-02
1.992682216062993e-02
2.428843897775544e-03
2.182461077241948e-02
2.490215378916462e-03
2.072182066509797e-02
2.512007737974217e-03
1.982568340937069e-02
2.522162577735730e-03
-5.744520980754208e-04
2.478648112005256e-03
1.938963942587276e-02
2.665057028883385e-03
-5.804794983570644e-04
-5.630668599913997e-04
1.893259357241792e-02
2.455891449289448e-03
2.135114369423160e-02
1.899858684338944e-02
1.866894664845645e-02
2.454592350818340e-03
2.648038952179180e-03
1.877749349233789e-02
2.709015329769986e-03
1.866205276052764e-02
2.785422599229538e-03
2.658829654355084e-03
1.965598189706350e-02
1.859575186218031e-02
2.235415956638133e-02
2.176775711660404e-02
1.878073496871546e-02
2.546102756864988e-03
2.020395286341751e-02
2.573893690392763e-03
-5.802317634869227e-04
-5.804330362742228e-04
2.697489531848058e-03
2.543465916989499e-03
-5.940317249805501e-04
-5.707918351540876e-04
-6.264296631929386e-04
2.626204621189788e-03
2.563653664256693e-03
2.535096719848577e-03
2.585631630404854e-03
-5.892473429798361e-04
-5.815680369349859e-04
2.399186071418112e-03
2.528545874388207e-03
2.561533624478927e-03
-5.612443037713190e-04
-5.615515142002479e-04
1.374288548722267e-04
1.943539190222651e-02
2.538104279603117e-03
2.196519825900757e-02
2.229271510943670e-02
1.977520439050550e-02
1.894331039070678e-02
1.840617819735651e-02
2.678203841191995e-03
1.825681569317596e-02
2.241482986535551e-02
2.185176278359168e-02
1.851926046831157e-02
2.689116159758190e-03
1.873475897843463e-02
1.955236374845987e-02
2.250437257015479e-02
1.873117330052940e-02
2.650535742620522e-03
2.749650946787078e-03
1.871084005837530e-02
2.167144234389102e-02
2.767758009069742e-02
2.251413434925628e-02
2.869171772564206e-02
2.191340052736551e-02
2.000164637293007e-02
1.987662615900636e-02
1.984396147487529e-02
2.610077690662811e-03
2.582113291049821e-03
2.503182335154552e-03
-5.960926992197978e-04
-5.703827506672554e-04
2.150463160230761e-02
1.884650693440485e-02
2.233184344100288e-02
1.869411269752465e-02
2.235154482196344e-02
1.833406046172509e-02
2.796672999747991e-02
2.181645013935272e-02
2.857371326078436e-02
2.197716921137324e-02
2.810541790574473e-02
2.217946848081171e-02
1.945962580728228e-02
2.652237416833238e-03
2.513357416986307e-03
2.190904184145531e-02
1.951744724440407e-02
2.820306533012873e-02
2.230721474369871e-02
1.896124616859754e-02
2.625767144751061e-03
1.903909095592560e-02
2.250340179267933e-02
2.179683509792455e-02
2.759528805826850e-02
2.742135448346527e-02
1.888258327000363e-02
2.199380687533412e-02
2.176290280134349e-02
2.831446647513916e-02
2.814375562139878e-02
1.955032753350999e-02
2.030648917726715e-02
2.810899477181872e-02
2.177083271196319e-02
2.206050265513335e-02
2.056404300133277e-02
1.983909544850964e-02
2.547557847168712e-03
2.515370619670427e-03
1.968322338742845e-02
1.987319127958703e-02
2.217283321648691e-02
2.848975532106315e-02
2.847887588377958e-02
2.528832885546368e-03
-5.807493508903706e-04
1.435534220291009e-04
1.470116191081088e-04
-3.780396256004077e-05
-3.689636762287650e-05
1.833564521982412e-05
1.849770424722729e-05
-6.007195002978061e-04
-6.141454660531079e-04
1.491323315811215e-04
2.599812281033860e-03
1.845390389145353e-02
2.688205200310905e-03
1.491817904189455e-04
-5.913336954467118e-04
-5.991426731277839e-04
1.477035028396590e-04
1.484718655848976e-04
-5.973584616699765e-04
2.580090333446286e-03
-5.829894841432860e-04
-5.822273435959330e-04
2.554494905835401e-03
2.556853878512311e-03
2.607391811946409e-03
-6.088279153043082e-04
1.426934414858827e-04
-5.629153163197744e-04
1.407444176649182e-04
-3.611428559891161e-05
-3.661431208381232e-05
1.785037818238760e-05
1.509484397672983e-04
-5.905895450762998e-04
-6.124438268598450e-04
1.530766553377897e-04
-6.154513213200137e-04
2.699961314895086e-03
1.504734714508586e-04
-5.968877280212461e-04
1.508972132612990e-04
-3.837390229115899e-05
1.897439253241401e-05
1.915840156301799e-05
1.519729774916581e-04
-5.982808184127133e-04
1.521036078618432e-04
1.548991553317228e-04
-6.011554794967764e-04
-6.179105965387754e-04
1.568161897143277e-04
-6.254520957221082e-04
1.511047343714504e-04
-6.110861357668573e-04
-3.947766880198926e-05
-3.989541371798027e-05
1.953743852524100e-05
-6.215925841400400e-04
1.523607068578949e-04
1.491747197862819e-04
-3.964702315244873e-05
1.890853475376386e-05
1.954193827778735e-05
1.534173044934666e-04
-3.878701607236133e-05
1.915390346219515e-05
-3.873398799217384e-05
-4.038491193954668e-05
1.947012033739407e-05
1.957469650043531e-05
1.558151830033363e-04
-6.045548866142217e-04
1.518211443635174e-04
1.440271241632793e-04
-5.877563550432029e-04
-6.182098667359823e-04
1.509269445857128e-04
-5.650948814710446e-04
1.395011762105453e-04
-5.535992660546772e-04
-5.848194821175616e-04
1.419375275731772e-04
1.499806254996579e-04
1.438578362557992e-04
-3.825431719750686e-05
1.857387882653297e-05
-3.845892869603731e-05
1.887245775992666e-05
1.464539469203841e-04
-5.701671872427329e-04
2.457522460485927e-03
2.555457213423750e-03
-5.648825600465652e-04
-5.981658938382536e-04
2.652397641417023e-03
1.492893040941408e-04
-6.041912397750783e-04
2.604576691809938e-03
-6.113975112589545e-04
-5.846585357269298e-04
2.694518420381398e-03
1.836065158119517e-02
-6.075584485057328e-04
-5.761855890799331e-04
-5.488970874648942e-04
2.589239541502092e-03
2.531318138167356e-03
-5.895713162890676e-04
-5.863502889882945e-04
-3.837474432276486e-05
1.919649581729516e-05
2.593964306328408e-03
2.550501479367702e-03
-5.784707493773053e-04
2.528064387453259e-03
1.872055162319991e-02
-5.839031116441095e-04
-5.975657972548589e-04
1.467588141614089e-04
1.487291717221906e-04
-3.894366517205646e-05
-3.919813845392088e-05
1.930440221579851e-05
-3.790869377809798e-05
1.905152855271621e-05
-5.956778856768989e-04
1.485751809536516e-04
-3.916645849822999e-05
-3.751333976362972e-05
1.884344942615358e-05
-5.916079829335316e-04
-6.202373866632209e-04
2.709505895550851e-03
2.643813553700097e-03
-5.915227856369826e-04
1.534357415061510e-04
1.514198807671117e-04
-5.953547950406956e-04
2.675070817799416e-03
1.957643007926581e-02
2.566328651139313e-03
-5.841880897331693e-04
2.625535652953823e-03
2.574103011238099e-03
1.904104310562243e-02
1.883161111919715e-02
-5.936416236132923e-04
2.575952720596573e-03
-5.902751855852323e-04
2.621670847732962e-03
1.878594508071321e-02
1.924455520111659e-02
-5.769163596841826e-04
2.927011151966098e-02
2.812149125907346e-02
2.667860529961822e-02
2.188540811026228e-02
-5.841274372383902e-04
-6.041867934554837e-04
2.615828838701340e-03
-5.862682496835572e-04
1.477194957874093e-04
-5.757374477479550e-04
-5.709889279154263e-04
1.434226114080940e-04
-3.925065122267104e-05
-3.959907474406226e-05
1.938189886381442e-05
1.500991126320541e-04
1.549614289828162e-04
-3.942523597872482e-05
1.949880241392441e-05
-3.966437183866993e-05
1.937074325075890e-05
-3.639220997519903e-05
1.877660449384781e-05
1.775491105407275e-05
1.528448268913392e-04
1.393996204520367e-04
1.491310123051093e-04
-3.586474400822343e-05
1.848345771773152e-05
1.398484438538588e-04
1.450832069291068e-04
-3.617829155481522e-05
1.760490037556659e-05
-3.939957265732282e-05
-3.969734231882764e-05
1.952809391449448e-05
-3.750795451891851e-05
1.906142396711923e-05
1.837789659848109e-05
-3.839536505840312e-05
1.869775403392902e-05
1.461476628513738e-04
-3.735738031414710e-05
1.855070870036775e-05
1.868049201092279e-05
-3.765025710379936e-05
1.873373096566547e-05
1.446688589210234e-04
1.438443217894710e-04
-3.750346968842723e-05
1.846042273204432e-05
-3.755064657817421e-05
1.867496276385328e-05
-3.741612259319509e-05
1.853422550016974e-05
1.473807179034295e-04
1.443905431420639e-04
-3.814236962392466e-05
-3.697582796792326e-05
1.845884016314056e-05
1.835181737139473e-05
1.451812127284999e-04
1.469039232331792e-04
-3.806893519744769e-05
1.878554085068683e-05
-3.915948949655958e-05
1.939816150181189e-05
1.939832091842964e-05
1.517144711183265e-04
1.537690153409510e-04
-3.925718369712810e-05
-3.942841383293753e-05
-3.898050159861131e-05
1.914482534808688e-05
-3.892214947042477e-05
-3.970700039675909e-05
1.934765484567797e-05
1.966208872133821e-05
-3.741572288086297e-05
-3.681047309817570e-05
1.824922986251492e-05
1.422174109970239e-04
1.447617076734369e-04
1.813137758294318e-05
1.872355875767198e-05
-3.736922889042059e-05
1.863132735355251e-05
-5.837002507393758e-04
1.460133389024885e-04
1.457481195695641e-04
2.584002913311221e-03
-3.911338729218837e-05
1.895663911058654e-05
-3.805374021447210e-05
1.846185376190713e-05
1.445147293271390e-04
-3.743300428720732e-05
3.040973425787338e-02
3.210459025368093e-02
3.306067425433053e-02
2.752300484252359e-02
2.855178964027169e-02
-3.919861018932485e-05
-3.982054754837566e-05
1.962885308545481e-05
1.886122116252494e-05
-3.789798303644099e-05
1.943453126048739e-05
-3.796506279460577e-05
1.460910257995607e-04
-5.847474824026457e-04
-3.702892777367994e-05
1.836012406305299e-05
1.491329206365558e-04
-3.785134683416815e-05
1.453876441246146e-04
1.894632086394474e-05
1.864653946432646e-05
-3.769128035529933e-05
-3.901064997643585e-05
-3.908827017524427e-05
-3.857448730424813e-05
1.915208204946064e-05
1.867871006358254e-05
1.935773261954103e-05
-3.683270379586487e-05
1.433422015108491e-04
-3.716313890573081e-05
-3.572687109413794e-05
1.790765616606231e-05
1.832633009173217e-05
1.781251060001937e-05
-3.739905954561573e-05
-3.875536077995314e-05
1.482089903765982e-04
1.484755901973046e-04
-5.870321979872187e-04
1.878792874799376e-05
1.876176249465565e-05
1.421867117386621e-04
-3.723653079216100e-05
-3.579966428333614e-05
1.423400548651619e-04
1.815376060496332e-05
1.793737093448489e-05
1.810325909634374e-05
-3.670986083057771e-05
-3.828051050624583e-05
1.452907875003885e-04
-5.921538787161954e-04
1.476465115198710e-04
1.843075569990442e-05
1.912545675051314e-05
2.827045605041541e-02
3.102359468220480e-02
2.639565018918617e-02
2.715764481680505e-02
3.253167617395265e-02
3.198597210389067e-02
3.321979375964007e-02
2.708360211257963e-02
2.782907509336258e-02
2.721061455710731e-02
2.252933598349016e-02
1.942144578788095e-02
2.541993793606106e-03
2.535422323437979e-03
1.406068018842602e-04
-5.617934650190478e-04
-5.791570126759605e-04
-5.788877094571601e-04
1.489368513486765e-04
-3.871523059857375e-05
1.497214615874458e-04
-6.102894774716662e-04
1.871122231063838e-05
-3.816426459409772e-05
1.911522626519404e-05
1.463907247417282e-04
-3.860401090909906e-05
1.485484188788011e-04
1.880650932522464e-05
1.860064341231342e-05
-3.849659459187191e-05
1.444902185766970e-04
1.916953744686030e-05
1.877351489321072e-05
-3.744189209389045e-05
-3.820603856509513e-05
1.477295503516469e-04
-3.577585382566068e-05
1.431704885928667e-04
1.808327183113602e-05
1.783370073113210e-05
1.906314084697612e-05

PA  1  1102  double
1.927472924727713e-04
1.945919336429165e-04
2.014809100016050e-04
2.026702932563546e-04
2.038963402161614e-04
1.916852329485439e-04
2.059473105035105e-04
1.742201176581011e-04
1.489009918278705e-04
1.462522373565804e-04
2.007273035717173e-04
1.136078415622690e-04
1.871657577377776e-04
1.638077898807038e-04
2.047063183548285e-04
1.998274613852973e-04
1.773510056404563e-04
2.308672914614668e-04
1.976406704017055e-04
1.409844989600783e-04
2.022125002735179e-04
1.729419468370067e-04
1.729292713590222e-04
1.757548248792999e-04
1.835062220630078e-04
1.875094461995061e-04
2.027477267754582e-04
1.872350867463734e-04
1.789415992660432e-04
1.760129078575121e-04
1.913674647997466e-04
1.372790598860133e-04
1.470556546233277e-04
1.316548523955424e-04
1.678582271421592e-04
1.707498204531494e-04
1.482648729608411e-04
1.854507855346268e-04
1.824248561988392e-04
1.181290237005563e-04
7.245900167198866e-05
1.639071208750284e-04
1.534975243722778e-04
1.640798433972714e-04
1.758722934784078e-04
1.211862350096035e-04
1.782245403421389e-04
1.647834694404498e-04
6.077981766160444e-05
1.600917865987336e-04
1.829497814086633e-04
1.802401763718027e-04
1.751108902083264e-04
1.898267466936542e-04
1.926447183959371e-04
1.748345049238411e-04
1.909348347476127e-04
1.986597228825511e-04
1.925920351531229e-04
1.949159012275621e-04
1.949647222022691e-04
1.876536074581148e-04
1.909798213376190e-04
1.927841348790595e-04
1.981869009236731e-04
1.963042730593703e-04
2.021435211610253e-04
2.028163850085180e-04
2.027849578117899e-04
2.006809648291924e-04
2.125389240374761e-04
2.170083188785669e-04
2.154709429276594e-04
2.149748600784970e-04
2.156002378563770e-04
2.141896637275746e-04
1.831172561654752e-04
1.930896166506783e-04
1.793225988286725e-04
1.954622105671930e-04
1.983858613812733e-04
1.860187327124577e-04
1.929640073211002e-04
1.902312005357852e-04
2.017180919240700e-04
2.034757354725289e-04
2.106804494354435e-04
2.139642059800474e-04
2.037730419362503e-04
1.952146829235082e-04
2.028298405357165e-04
1.929562623953041e-04
1.966048952820852e-04
1.978736547790272e-04
1.726258726717160e-04
1.822107610277621e-04
1.661278942611806e-04
1.819491342403691e-04
1.934893988129377e-04
1.934367460385374e-04
1.731404391543409e-04
1.899056826372585e-04
2.020041141164844e-04
1.947948334164879e-04
2.006419005006344e-04
1.972645391299485e-04
2.167837590935292e-04
2.164307828485921e-04
2.164431042902969e-04
2.145293547869333e-04
2.144177185230356e-04
2.166934407108888e-04
2.129498783878318e-04
2.144371210709226e-04
1.936891484779743e-04
1.800090306804666e-04
1.878404469961337e-04
1.941849615793627e-04
1.919415110219796e-04
1.583976518859488e-04
2.137261832802364e-04
2.139301363226007e-04
2.169125373601362e-04
2.150235590042253e-04
2.133188635063804e-04
2.110986802915358e-04
2.141523393590590e-04
2.148723547374160e-04
2.133280192693573e-04
2.085099040003068e-04
2.110358718708337e-04
2.104125119696662e-04
2.136021304541515e-04
2.145915833508953e-04
2.133996356756765e-04
2.075202957445196e-04
2.089744565088362e-04
2.086193243877872e-04
2.085125144838064e-04
2.112764941472768e-04
2.086944736970114e-04
2.113427154203297e-04
2.094336911823346e-04
2.077696295101967e-04
2.027782648173478e-04
2.092516705763036e-04
2.128549662864159e-04
2.085126169081872e-04
1.827150310259983e-04
1.923661003875396e-04
1.897240294066638e-04
1.906569635415084e-04
1.933361442398869e-04
1.924777285850352e-04
1.929530332210046e-04
1.960655761700713e-04
1.905080972135398e-04
1.924612230433938e-04
1.983286497761894e-04
1.936757482384681e-04
1.880108119760000e-04
1.842066700767452e-04
1.809450770441732e-04
1.748099698221001e-04
2.006081419679937e-04
1.962856914773359e-04
2.067517778247193e-04
2.050783790571802e-04
2.009966358461538e-04
1.934916476754399e-04
2.147561210309696e-04
1.851977650324119e-04
1.678984893781194e-04
1.771040260987378e-04
2.017267517012962e-04
2.012397830488818e-04
2.003508154081686e-04
2.006783988940693e-04
2.085124790801537e-04
1.921490601647951e-04
1.915499509542784e-04
1.999347566293722e-04
1.715775531269926e-04
1.863172143702434e-04
1.803302791022579e-04
1.530073465566996e-04
1.614740335079337e-04
1.939354204026718e-04
1.870771125283670e-04
2.020742254921617e-04
2.014514225434043e-04
2.033605659914458e-04
2.023576948383667e-04
2.071496975416138e-04
2.072624749287109e-04
2.034741881523781e-04
2.032005117253091e-04
2.062655013665894e-04
2.052734203542151e-04
1.775051058952184e-04
1.536166948949161e-04
1.701311787307763e-04
1.512563471961348e-04
1.790271753690393e-04
1.912613434188167e-04
1.928979373266156e-04
1.986347256660228e-04
2.010866424717646e-04
1.939304839016274e-04
1.818982937221704e-04
1.895636013154903e-04
1.686943580162343e-04
1.865946240322821e-04
1.252112149537517e-04
1.882843178970282e-04
1.715197730154278e-04
1.499553339790412e-04
2.032514424976908e-04
2.005789205085967e-04
1.761079711100821e-04
1.740460611974787e-04
1.740932582570469e-04
2.030027021983806e-04
2.031825449075174e-04
2.027368957339855e-04
1.798692318039944e-04
1.670585306683568e-04
1.869629745795289e-04
1.540531359395960e-04
1.872948435549343e-04
1.768204792143419e-04
1.648999502019200e-04
1.925891333383594e-04
1.932025130302490e-04
1.758718879127922e-04
1.625736063272388e-04
1.427999036242041e-04
1.553996084605244e-04
1.827494852803714e-04
1.670940851958514e-04
1.663880279595600e-04
1.035886456071201e-04
1.634171611010299e-04
2.082196904546524e-04
2.090531020780518e-04
2.125941250396739e-04
2.142048455109475e-04
2.133165289737294e-04
2.131122958484758e-04
2.086467666563793e-04
2.094339676544915e-04
2.099921656002178e-04
2.105562985669951e-04
2.123153059060191e-04
2.052123181139966e-04
2.014459947536709e-04
1.364887468690487e-04
1.673994786236925e-04
1.473851449740425e-04
1.709700508588947e-04
4.789768352444626e-05
1.980525376309405e-04
1.647711024557474e-04
8.237960864810707e-05
1.739211243811743e-04
2.100349206903811e-04
2.006507819509394e-04
2.042315588757417e-04
2.165077890038409e-04
2.169231556634831e-04
2.166815926296736e-04
2.169761486772457e-04
1.802769862178282e-04
1.895937300413175e-04
1.895382427271896e-04
1.458102784615608e-04
1.689367635922544e-04
1.853595482375603e-04
1.782018542559295e-04
1.798872979225173e-04
1.840218710172576e-04
1.909825894856790e-04
1.988454948775179e-04
2.021509703586125e-04
2.027859529546714e-04
2.027434465743436e-04
1.929349023879354e-04
1.908871298117853e-04
1.881893413748581e-04
1.884398229205151e-04
1.825750015367307e-04
1.801951900215581e-04
2.095305956578774e-04
2.026505142133375e-04
2.035979133639479e-04
2.015152450119527e-04
2.012451637179504e-04
2.032557820695039e-04
2.084670483958963e-04
2.032879735231816e-04
2.074650566283430e-04
2.109212205336780e-04
2.103075064615981e-04
2.080515637580552e-04
2.086894796075985e-04
2.093823537246924e-04
2.129036052108303e-04
1.933501460034721e-04
1.867110924243686e-04
1.845857329219203e-04
2.041189501490806e-04
1.743244383341384e-04
2.163121137886364e-04
2.153349789828152e-04
2.168705509439242e-04
2.152242349007550e-04
2.127579774682274e-04
2.110401277480824e-04
2.080059824186047e-04
2.075373852632451e-04
2.111182543575504e-04
2.145154524415471e-04
2.096402167809298e-04
2.133852323244061e-04
2.148439982122989e-04
2.073113874369223e-04
2.075667748717409e-04
2.090185245757121e-04
2.086621337514910e-04
2.030328283097765e-04
2.048212478678476e-04
2.093498226297487e-04
1.995237658184336e-04
2.028388892446263e-04
2.013262434541190e-04
1.992133974101592e-04
1.928657118399232e-04
1.998647680974680e-04
1.913995397791247e-04
1.916323406865763e-04
1.934176393232626e-04
1.945376040144475e-04
1.946325501359119e-04
1.937195384050831e-04
1.836305539165165e-04
1.830477310693969e-04
1.755233547676867e-04
2.076874469781937e-04
2.017134082237584e-04
2.068868972679540e-04
2.086631602858834e-04
2.016650285693875e-04
2.068827291255082e-04
2.012191902174983e-04
2.032910894080469e-04
2.001399104634866e-04
1.995906182908243e-04
1.904935166674024e-04
1.697661162080785e-04
1.841130830358926e-04
1.710119420425969e-04
1.860026857803751e-04
1.819801734896620e-04
1.915633200493563e-04
1.859400573550053e-04
1.937536070483142e-04
1.940703409771203e-04
1.949749276843365e-04
1.817003790942470e-04
2.101820053251289e-04
2.091917229805798e-04
2.094765798615783e-04
2.029404962605057e-04
1.961825907190829e-04
1.912974490643113e-04
1.920260303282443e-04
1.941656499428044e-04
1.822058164084509e-04
1.815384990313338e-04
2.120502442164096e-04
2.110507326280846e-04
2.101579932014933e-04
2.104678234962707e-04
1.935233956258239e-04
1.190814421343309e-04
1.681383570870750e-04
1.696244558682274e-04
9.378822300557237e-05
5.883251763196047e-05
1.106544761587267e-04
1.946999236170722e-04
1.783681550328666e-04
1.913830168260886e-04
1.917295730889861e-04
1.818476343707945e-04
1.932348124915504e-04
1.935932432443718e-04
1.869774086317945e-04
1.729509124794895e-04
1.520398759893126e-04
1.787278597292056e-04
1.929868056813345e-04
1.938535354270449e-04
1.941798848772557e-04
1.927484085910393e-04
1.928812888034025e-04
1.800329122206982e-04
1.874318654397635e-04
1.929544035161822e-04
1.945636902253576e-04
1.941528213082626e-04
2.021284526589836e-04
1.999088341854694e-04
2.094121051011612e-04
2.037655355422741e-04
2.029790431031416e-04
2.135366571899803e-04
2.152628194527125e-04
2.156772604845758e-04
2.140091848662241e-04
2.161246969994359e-04
1.999678989007824e-04
2.080463222718549e-04
2.027868745587210e-04
1.971227517728552e-04
2.019098237276177e-04
1.927850442996341e-04
1.957723491434839e-04
2.005860777846123e-04
1.904440919378717e-04
1.848819485497581e-04
1.878452911143195e-04
1.908718187231336e-04
1.885889016529050e-04
1.911070366299271e-04
1.817063763682011e-04
2.158850847072967e-04
1.786616646403146e-04
1.858714764851878e-04
1.923313368846067e-04
1.929576680687340e-04
1.828906831290750e-04
1.937877070484529e-04
2.032173255133160e-04
1.941572673765735e-04
2.034415271425699e-04
2.030170821663547e-04
2.033617324992393e-04
1.936103194962890e-04
1.938814279752432e-04
1.879107640502514e-04
1.903093929724075e-04
1.923668611400818e-04
1.810404350525144e-04
1.751756440688955e-04
1.930484928921779e-04
2.016581726204256e-04
2.001846047648791e-04
1.954349168924541e-04
2.000600992172653e-04
2.030934382816135e-04
1.947610662120729e-04
2.023124924330627e-04
1.920597771785023e-04
2.021904357759262e-04
1.765402493888155e-04
1.819268990462958e-04
1.842879067304996e-04
1.789473952880675e-04
1.800486459452294e-04
1.678303840186761e-04
1.931634917099980e-04
1.734483325161768e-04
1.731883950090271e-04
1.850825834826861e-04
1.383532381826048e-04
1.313712093616356e-04
1.651067887132737e-04
1.561502686382734e-04
8.256183937140703e-05
1.838545290360581e-04
1.083367251074970e-04
1.641616770833797e-04
1.685034705939103e-04
1.787222226601521e-04
1.741794793556098e-04
1.600833272771275e-04
1.753287896473032e-04
1.598719369658081e-04
1.839969144116248e-04
1.686788466219532e-04
1.814197320614549e-04
1.819627931036820e-04
1.669863557660465e-04
1.489888659818700e-04
1.629572230724186e-04
1.445907922958086e-04
2.018127880850013e-04
1.427411726834692e-04
1.677764273984324e-04
1.800337994285985e-04
1.600912393695046e-04
1.628139821709528e-04
1.872417614406568e-04
1.153773503630608e-04
1.695976841167955e-04
1.744740661493100e-04
1.315165566667015e-04
1.553170020624410e-04
1.730487424671894e-04
1.715875619947711e-04
1.693406209291240e-04
1.223730785452980e-04
1.405967189885250e-04
1.772666620284945e-04
1.657122539475161e-04
1.546740733933881e-04
1.148583490088855e-04
1.707559361753787e-04
1.480633608585260e-04
1.515457455054029e-04
1.690905690295357e-04
2.026196650245908e-04
1.485583431864753e-04
1.478210120157256e-04
1.725345122771751e-04
1.732540092460275e-04
1.857929377359008e-04
1.715610386440066e-04
2.008728357206177e-04
3.211852408788673e-05
3.438474744469133e-05
2.055749499728771e-04
-3.022408782193078e-05
2.136130580038880e-04
1.522775815549857e-04
2.246915512482887e-04
1.879199819522542e-04
1.864109661137268e-04
1.588058641712030e-04
1.700162654959280e-04
1.829743108781249e-04
1.299629613608240e-04
1.707864045010682e-04
2.064559929261577e-04
1.691308239392982e-04
3.309551422271796e-05
2.017872084072200e-04
2.066949003238487e-04
3.276206270134373e-05
1.694515309386247e-04
1.751214576511694e-04
2.096604182961290e-04
2.057653287225456e-04
2.987379378135953e-05
3.340538219029579e-05
-3.024516304819712e-05
7.747478350708061e-05
1.209043822261309e-04
1.619092783587716e-04
1.692893722399792e-04
2.040319371158848e-04
1.922236740391143e-04
7.494192183278744e-05
1.031419794897837e-04
1.330840886442229e-04
1.621658498419769e-04
1.325691305022090e-04
1.624685143437325e-05
1.617049309596842e-05
-6.518379970908677e-06
-6.688076016878027e-06
3.097545341137246e-06
-6.663104881192393e-06
3.064389704425091e-06
3.072288284114378e-06
7.849201474933554e-05
1.544400551623132e-04
1.590497910314391e-04
1.829524547927768e-04
1.139792976850203e-04
1.196799396608629e-04
1.508232695125627e-04
2.113174057648975e-04
1.780315685377957e-04
1.217490259077479e-04
1.826371565837032e-04
1.280820485620450e-04
1.237136507149865e-04
1.689694075963811e-04
2.071597569300650e-04
1.402415574733572e-04
1.365484514821577e-04
9.983561351144489e-05
1.706089481409921e-04
1.290550618740144e-04
1.269615034454113e-04
1.216923840527973e-04
1.298226664794256e-04
1.040701887677840e-04
1.823842552237545e-04
2.043888540964912e-04
1.976559670949277e-04
3.150098640327772e-05
1.704428743542660e-04
1.846377748648622e-04
3.356729243482483e-05
2.066665496263724e-04
2.081379061354195e-04
3.354642453418416e-05
2.064812522551381e-04
2.058180149890712e-04
3.062434869858994e-05
2.075616626390780e-04
1.604877057986710e-04
1.655245598936648e-04
3.457506751781023e-05
2.049221424392997e-04
3.333357789631530e-05
-3.078859353693817e-05
3.170022529037323e-05
2.074015069172497e-04
2.065721492670130e-04
2.822014736515454e-05
1.756184773181701e-04
3.077440983019258e-05
2.115211981962347e-04
3.429869747421828e-05
2.061605490386265e-04
3.088194423527211e-05
-3.016059803777650e-05
3.158694085910653e-05
2.023368997479209e-04
2.888526956311236e-05
-2.931091060179493e-05
-2.975695820063703e-05
2.009933367532637e-04
2.551438444556689e-05
1.817296402176403e-04
2.039650488458599e-04
1.953985973753912e-04
2.823214144616736e-05
3.398000422028813e-05
2.041515172433759e-04
2.883114783171026e-05
2.050467979150365e-04
3.351604719985287e-05
3.059150375436311e-05
2.082061910419575e-04
2.006673333777286e-04
1.619870610627258e-04
1.735221590041720e-04
2.032993091258805e-04
2.977732624149972e-05
2.104271318101271e-04
3.047242384573299e-05
-2.941440650305791e-05
-2.952836816763605e-05
2.971046440490024e-05
3.007692889185617e-05
-2.967779777195727e-05
-2.986354889160562e-05
-3.021205116008086e-05
3.445850952146288e-05
3.022090569801978e-05
2.984220342009754e-05
3.384577051998727e-05
-2.989941795304554e-05
-2.954374146421941e-05
2.508563498817855e-05
2.783269209069492e-05
3.340453722082141e-05
-2.985041556367289e-05
-2.951762043555969e-05
1.580534013784579e-05
2.046396143081379e-04
2.830249775791784e-05
1.686913808785894e-04
1.772031818351218e-04
2.045159543413199e-04
2.015987754820494e-04
1.992756614643630e-04
2.939866877298048e-05
2.011942107443708e-04
1.614000585546528e-04
1.621534648167410e-04
2.048824024997268e-04
3.209378367091676e-05
2.018644958273414e-04
2.062266010059979e-04
1.720743071718054e-04
2.018522747810446e-04
3.004980157906449e-05
3.311805005740690e-05
2.014030497629418e-04
1.712198078978064e-04
1.388054774726016e-04
1.735581538412657e-04
1.187557089822359e-04
1.715228102970239e-04
2.107588644775243e-04
2.081114645782130e-04
2.097178469289275e-04
3.239276185391674e-05
3.113196508795445e-05
2.971181353181771e-05
-3.018837389029275e-05
-2.965661938899605e-05
1.711111897040472e-04
2.017749310107197e-04
1.727930120619880e-04
2.055805708757384e-04
1.712669843265759e-04
1.992338909463911e-04
1.422223386333503e-04
1.689707291402006e-04
1.496596648359492e-04
1.813058543215316e-04
1.361103263834996e-04
1.696021308296549e-04
2.023055328536526e-04
3.120963567113322e-05
3.153834800069750e-05
1.666705347386847e-04
2.079108611256222e-04
1.021030967088802e-04
1.676202117378519e-04
2.046449035987926e-04
3.404734774444063e-05
2.042769794672359e-04
1.676327866013298e-04
1.622909990615107e-04
1.057607710800119e-04
6.800973183420942e-05
2.060667842073264e-04
1.632183122005929e-04
1.723982210366871e-04
8.329536531622514e-05
1.436979593102529e-04
2.072069226016386e-04
2.061283115967279e-04
1.070015757110220e-04
1.678505690273772e-04
1.790301363478468e-04
2.079540150353719e-04
2.052278147797331e-04
3.378856725624519e-05
2.988631155758738e-05
2.064829781965904e-04
2.060447702955881e-04
1.781869345946217e-04
1.395860406789422e-04
1.367751429151240e-04
3.176828249428811e-05
-3.025402715838514e-05
1.614049218221131e-05
1.627683866820700e-05
-6.632984403799153e-06
-6.519564385725026e-06
3.073003157593833e-06
3.039966703122000e-06
-2.964995805287201e-05
-3.019554020876198e-05
1.578960230421031e-05
2.719806105750338e-05
1.997697028228768e-04
3.171464166701534e-05
1.626965336595912e-05
-3.000787991485585e-05
-3.070699852453538e-05
1.642302315639249e-05
1.632600166324558e-05
-2.982822294790568e-05
3.009681353611969e-05
-3.005667929306733e-05
-2.933711500662865e-05
2.847051599089090e-05
2.899853079732954e-05
2.614697336511399e-05
-2.989224040209447e-05
1.633740235474493e-05
-2.994192799444163e-05
1.628374238659869e-05
-6.517737978011522e-06
-6.697037076170572e-06
3.062105728960980e-06
1.629217577309972e-05
-2.949336696858290e-05
-3.011691256630598e-05
1.631627470721411e-05
-3.039761089789441e-05
3.370888101808083e-05
1.660154681136382e-05
-3.032069441240346e-05
1.654404944013274e-05
-6.611773377562849e-06
3.021219939255377e-06
3.136815688145313e-06
1.612105755046057e-05
-2.912803126703022e-05
1.609253767129165e-05
1.649251164107793e-05
-2.940550105959314e-05
-2.961851556207226e-05
1.650023463586122e-05
-3.063219308354182e-05
1.629032579497317e-05
-2.971298718905769e-05
-6.494405457689871e-06
-6.568972598904719e-06
2.970675598451879e-06
-3.061498327198833e-05
1.624039991276056e-05
1.617184709758809e-05
-6.666161734034430e-06
3.059202162060514e-06
3.118218960040795e-06
1.642676306123620e-05
-6.525371446359635e-06
3.045865601028934e-06
-6.566629098694910e-06
-6.707599087077410e-06
3.091495081681646e-06
3.082997590725723e-06
1.650363914569392e-05
-2.874933533644096e-05
1.555266588980502e-05
1.630310506371421e-05
-2.988569790564440e-05
-2.934532465064916e-05
1.620252836787300e-05
-3.041565823889675e-05
1.631631295091310e-05
-2.953319318876712e-05
-3.122319325491861e-05
1.634120076798748e-05
1.645559509360702e-05
1.601450737507200e-05
-6.666407892507011e-06
3.079469983144037e-06
-6.535183726245885e-06
3.071227221087775e-06
1.640859950456485e-05
-3.033047139580292e-05
3.142054247444300e-05
2.981855704080180e-05
-2.984740542870135e-05
-3.034666522943123e-05
3.468877879752949e-05
1.633229077051322e-05
-3.027552372450790e-05
2.994345950545031e-05
-3.041148929214821e-05
-2.985759335142467e-05
3.303048054108388e-05
1.992054183527147e-04
-3.021169653965720e-05
-3.012872326804239e-05
-2.906015945564810e-05
3.079361267773036e-05
3.017617980292152e-05
-3.023813062008707e-05
-3.008525055102713e-05
-6.677380685812539e-06
3.193088310755294e-06
3.140818462204912e-05
2.791534377177684e-05
-2.976453130147221e-05
2.863497984153825e-05
2.047042180495079e-04
-2.994272470235710e-05
-3.056911692753517e-05
1.637784153193790e-05
1.648770737383698e-05
-6.649449926788446e-06
-6.782346045757234e-06
3.180898847571865e-06
-6.661736091151106e-06
3.159154672303423e-06
-3.037160048527446e-05
1.629210419855692e-05
-6.627573920354082e-06
-6.510456488794150e-06
3.028986502843211e-06
-2.969738464990153e-05
-3.074093280608558e-05
3.237175046553548e-05
3.175756101900081e-05
-2.964564879243572e-05
1.650208430632407e-05
1.634305188263559e-05
-2.915337189126476e-05
3.244678454044711e-05
2.022512614940738e-04
3.196183900051337e-05
-2.922262089909401e-05
3.161533122634218e-05
3.040904864291829e-05
2.034035300811422e-04
2.043697713951950e-04
-3.018042445136015e-05
3.072566601416269e-05
-2.935608785721608e-05
3.059698427819958e-05
2.031999108218459e-04
2.051028609019111e-04
-2.870946634591855e-05
2.153003526071361e-04
1.332062325056375e-04
1.149079692552325e-04
1.739131719249937e-04
-2.972687195991951e-05
-3.019391120312939e-05
3.124609889983194e-05
-3.017683602828773e-05
1.624459308393978e-05
-3.004337292260794e-05
-3.025995676389593e-05
1.632531691423988e-05
-6.591613913032356e-06
-6.661356071832766e-06
3.036468196354929e-06
1.620697442326565e-05
1.661463676643225e-05
-6.768448645321898e-06
3.190485371406377e-06
-6.706913552293015e-06
3.071420094607303e-06
-6.484362886951850e-06
3.069018320654573e-06
3.012059909889068e-06
1.632973966107164e-05
1.595281022319091e-05
1.652876260873130e-05
-6.415131484023809e-06
3.015505625924695e-06
1.600804093348466e-05
1.608050811783903e-05
-6.537975805711671e-06
3.003125672161371e-06
-6.363152503811990e-06
-6.493122045893111e-06
2.936264177287641e-06
-6.551462128405640e-06
3.058006418766054e-06
3.083896608043611e-06
-6.747384209606853e-06
3.142454259407046e-06
1.636242951077984e-05
-6.563823054701781e-06
3.036189952316640e-06
3.114976707641769e-06
-6.645703355942418e-06
3.123031176569804e-06
1.621976058491308e-05
1.585296059866897e-05
-6.538953615159344e-06
3.097306101145160e-06
-6.511232571041517e-06
3.108469311426298e-06
-6.335693141848362e-06
3.034935251628279e-06
1.617517103810934e-05
1.604396462324996e-05
-6.670660802682284e-06
-6.308947140774758e-06
2.886149317735340e-06
2.999501515523888e-06
1.554513760660609e-05
1.607676412983802e-05
-6.469345001337409e-06
3.073839589704740e-06
-6.510754024130008e-06
3.050756167936561e-06
3.075363159716579e-06
1.609611425857248e-05
1.628490222309921e-05
-6.623089192910975e-06
-6.704099721947555e-06
-6.538819019337635e-06
2.943178878088557e-06
-6.456375963604169e-06
-6.590668201699286e-06
3.012825087212478e-06
3.104300284673336e-06
-6.626831337370234e-06
-6.383174310317646e-06
3.009251801369506e-06
1.575458196972597e-05
1.624496648902686e-05
2.949271767368204e-06
3.205888571836474e-06
-6.489480418325393e-06
3.105048712514272e-06
-2.941171872716707e-05
1.596859468497675e-05
1.615611175304903e-05
3.002290497703624e-05
-6.748324035130980e-06
3.137375846181547e-06
-6.696993356547233e-06
3.100122637105005e-06
1.620084665644946e-05
-6.582655112132569e-06
1.633386641388413e-04
1.435169187126160e-04
1.707026641701949e-04
1.269957602136128e-04
1.662422604447815e-04
-6.627374091149397e-06
-6.620760472832349e-06
3.179141089593427e-06
3.067264518677197e-06
-6.564948530797804e-06
2.967791397580357e-06
-6.656371586130573e-06
1.622274277671840e-05
-2.960312783118050e-05
-6.505233429810597e-06
3.052114289780213e-06
1.636640459828116e-05
-6.605214940433852e-06
1.625388108086583e-05
3.132162061687281e-06
3.116893895281163e-06
-6.685612015552676e-06
-6.630339752690757e-06
-6.582840839141520e-06
-6.562993931707132e-06
3.001766818955636e-06
3.030285364876795e-06
3.105134559176979e-06
-6.673638269566664e-06
1.634034600799140e-05
-6.671133582550317e-06
-6.546011389515692e-06
3.030680179567646e-06
3.181282724380132e-06
3.110193609598755e-06
-6.481693982182069e-06
-6.682112660200553e-06
1.639827164265629e-05
1.651841537230207e-05
-3.021074341335809e-05
3.027315100635036e-06
3.060330220037445e-06
1.633465431029761e-05
-6.697403438557474e-06
-6.441422422468844e-06
1.604671666020044e-05
3.083573618641637e-06
3.055789003788855e-06
2.981693315899189e-06
-6.573020145364866e-06
-6.698781444804968e-06
1.648219444334631e-05
-3.015498810330127e-05
1.600689068979849e-05
3.105932776350501e-06
3.129976956830738e-06
1.716986249650499e-04
1.891460128577095e-04
2.020211873343178e-04
1.901056083139440e-04
1.704245602216509e-04
1.811670916655653e-04
1.931098094150119e-04
2.059119697418273e-04
1.118608459299203e-04
1.406213011990857e-04
1.663128899053882e-04
2.057317079360297e-04
2.995477465938899e-05
2.940689954515626e-05
1.540466819413237e-05
-2.883031806349304e-05
-2.922620115259327e-05
-2.978161723153467e-05
1.608659280983579e-05
-6.576648681052519e-06
1.638007785127313e-05
-3.013193744790874e-05
2.992349498902312e-06
-6.597666634130885e-06
3.129986961587447e-06
1.550925003092592e-05
-6.500863951583181e-06
1.652631383936860e-05
2.929772539371535e-06
3.001837549835335e-06
-6.628296111674152e-06
1.586659078612233e-05
3.017099508856262e-06
3.165427040123140e-06
-6.492685038648060e-06
-6.663569724568922e-06
1.603815756349505e-05
-6.509155336471155e-06
1.618266477832409e-05
3.078315245002727e-06
3.086905561076279e-06
3.110955740087558e-06

PB  1  1102  double
1.899730558504388e-04
1.920760917084840e-04
1.997683245566975e-04
2.001547507581989e-04
2.027856343737457e-04
2.174450410192157e-04
2.000159389282010e-04
1.291820724874087e-04
1.632159827245951e-04
1.160906930641108e-04
2.309162962073734e-04
1.701180251017724e-04
1.457349476950230e-04
1.087113800539209e-04
2.155467914448828e-04
2.077739917546422e-04
2.044174277178585e-04
2.295507590368276e-04
1.478137152507035e-04
1.917545189697570e-04
1.637701846454807e-04
1.873809585697504e-04
1.302142049037212e-04
2.090990520791202e-04
2.194940870546069e-04
1.880476211685450e-04
1.695579227567116e-04
1.596593706286542e-04
1.845189759532864e-04
1.878092729992483e-04
1.636071991432138e-04
1.758864759780216e-04
1.866285409341428e-04
1.667537333815542e-04
1.250746986998163e-04
1.267456525752476e-04
1.846413396999940e-04
1.576124175281433e-04
1.377806606200282e-04
1.615949401380835e-04
1.299026453830152e-04
9.852804799628554e-05
1.897997273644226e-04
1.573102459920212e-04
1.295048743932284e-04
1.636339245493123e-04
2.120507188311982e-04
1.216189799729053e-04
1.212032096642385e-04
1.772965548936362e-04
1.762298188050907e-04
1.763760934138607e-04
1.841923546063653e-04
1.885336125713793e-04
1.902776825958758e-04
1.809781859612248e-04
1.876421328873482e-04
1.976072029782309e-04
1.911243661916764e-04
1.925452096925560e-04
1.939841837257010e-04
1.817746049718023e-04
1.869745608268951e-04
1.917623170852623e-04
1.962920587336638e-04
1.937092664966130e-04
2.006643508375264e-04
2.002187316934883e-04
2.005788330223509e-04
1.993293279758475e-04
2.099407898360103e-04
2.151531186760722e-04
2.134131479933566e-04
2.132352346961209e-04
2.135773396043972e-04
2.123460521800853e-04
1.781595323887101e-04
1.913422177644773e-04
1.714436163220616e-04
2.073747857904739e-04
1.995719528404100e-04
1.876558504953370e-04
1.924642114502557e-04
1.897751000383333e-04
2.003247082928476e-04
2.012715040303621e-04
2.086675294399847e-04
2.120757911416471e-04
2.024002981116747e-04
1.920605214666884e-04
2.011095797694066e-04
1.907528802697965e-04
1.963301595752005e-04
1.958118183851923e-04
1.844042111558771e-04
1.767073240130318e-04
1.758035749897222e-04
1.755245605619485e-04
1.927898290382134e-04
1.925599116591019e-04
1.436239010432308e-04
1.860425841748136e-04
2.012220218755512e-04
1.926374414732951e-04
1.979625860666063e-04
1.955228226627551e-04
2.149693159819341e-04
2.142431212382540e-04
2.145492845085322e-04
2.124810455779787e-04
2.122015397031496e-04
2.146426340157122e-04
2.104910214931019e-04
2.122699387462410e-04
1.935341162901545e-04
1.729267680024106e-04
1.857303999983009e-04
1.918370034924807e-04
1.886243175319173e-04
1.741582258429883e-04
2.115235536788887e-04
2.115813622706615e-04
2.149465891204071e-04
2.135861835320028e-04
2.112950244987586e-04
2.091845911350091e-04
2.122717283698208e-04
2.131684406665432e-04
2.115802240441514e-04
2.056734769329360e-04
2.090925063601060e-04
2.081965197653947e-04
2.116726079775731e-04
2.128516030910719e-04
2.119488857378648e-04
2.050220088091314e-04
2.071789007727241e-04
2.061784744153541e-04
2.059689264743195e-04
2.092160991118779e-04
2.058909415648950e-04
2.101346023897680e-04
2.077208654519461e-04
2.056627497898383e-04
2.000430035552544e-04
2.069626701371984e-04
2.109457092371392e-04
2.061032896555591e-04
1.771596082974016e-04
1.897596836933954e-04
1.885749079831864e-04
1.878191229070341e-04
1.942548727037470e-04
1.911478550634273e-04
1.918287280620109e-04
1.941381641408573e-04
1.870295940807515e-04
1.898803265238102e-04
1.963277328476915e-04
1.933114382014092e-04
1.891560016094099e-04
1.790928293017083e-04
1.936032467647286e-04
1.668391329100718e-04
1.981569246695837e-04
1.939013628992430e-04
2.051178878867035e-04
2.033615763858537e-04
1.992348567574763e-04
1.864486866023489e-04
2.267709988178892e-04
1.810002099925897e-04
1.858912272211846e-04
1.666422712122953e-04
1.991025163374443e-04
1.987668486089387e-04
1.987125769809074e-04
1.995821917311076e-04
2.070250982471547e-04
1.903081372345734e-04
1.887048891105150e-04
1.987096005431102e-04
1.813574676935712e-04
1.805443308063683e-04
1.735385789674332e-04
1.691033610705002e-04
1.311877839835426e-04
1.933782457050476e-04
1.860630277578264e-04
1.997813486533663e-04
1.991855367710894e-04
2.011345216624034e-04
2.011470561519727e-04
2.055204752590878e-04
2.054559088174939e-04
2.012346211652410e-04
2.014739684457316e-04
2.042961303968432e-04
2.029709556086753e-04
1.486465321828111e-04
1.692088616693121e-04
1.800833571440350e-04
1.218119844711437e-04
1.899321983246292e-04
1.891003910588436e-04
1.905627721589853e-04
1.974350007080177e-04
1.994622497090834e-04
1.911920383244578e-04
1.750264295461716e-04
1.899596716120660e-04
1.866853764366556e-04
1.912762605733344e-04
8.761819837966540e-05
1.603840418700608e-04
1.262896699450596e-04
1.860091948219478e-04
2.117952631763115e-04
2.064641143013378e-04
1.361745212495955e-04
2.053434911612036e-04
1.244989620616120e-04
2.131454968925015e-04
2.113948516925536e-04
2.116568289905301e-04
1.744242562342504e-04
1.849020411342451e-04
1.795060468573254e-04
1.953034433523538e-04
1.590364466382373e-04
1.320731829223082e-04
1.586728632998588e-04
1.640346620376907e-04
1.668246615057445e-04
2.084411662857261e-04
1.966084911644791e-04
1.799058291851949e-04
1.244800522925228e-04
2.076343814741183e-04
1.187799692483252e-04
1.144369993769375e-04
1.504158403106024e-04
1.044435176729560e-04
2.058880901279273e-04
2.068013075183284e-04
2.109277099575460e-04
2.123932609981587e-04
2.109437515175621e-04
2.112126952970318e-04
2.075130211697551e-04
2.076913262994630e-04
2.081011213058584e-04
2.083741770914730e-04
2.102735567793387e-04
2.030129986741610e-04
1.986838313553346e-04
1.792586334942842e-04
1.060060761942632e-04
9.836972367549172e-05
1.084285156014318e-04
1.135081209046731e-04
1.692557136924711e-04
1.024160392604719e-04
1.377665132374114e-04
1.237571772703487e-04
2.209192094361116e-04
2.081144405158141e-04
2.131819532121058e-04
2.143443991796280e-04
2.148616398328800e-04
2.145654800322601e-04
2.150254698563813e-04
1.748581711324468e-04
1.875684816625749e-04
1.861295917879378e-04
1.536847580905910e-04
1.839580398158073e-04
1.791426590172771e-04
1.880888009410866e-04
1.911516158150909e-04
1.781163982746297e-04
1.627689493998278e-04
1.968769739243703e-04
2.009528313668176e-04
2.005863981793117e-04
2.000466443416265e-04
1.936242203896999e-04
1.878145030138947e-04
1.856628021317786e-04
1.867559064009962e-04
1.928291854988472e-04
1.761783955114137e-04
2.078727330163220e-04
1.998184637375438e-04
2.024006698562651e-04
1.988403692152079e-04
1.994775532377667e-04
2.009396977633228e-04
2.067265210783349e-04
2.020882014329746e-04
2.054231473515215e-04
2.097700390503302e-04
2.081025385471243e-04
2.053845199099446e-04
2.067986788814692e-04
2.068398775445411e-04
1.931812491616398e-04
2.041732288887804e-04
1.822266554620947e-04
1.770195743849422e-04
2.070885428039813e-04
1.846911883099445e-04
2.141872831381597e-04
2.132738904490983e-04
2.150186773535070e-04
2.131955664554532e-04
2.102055491126214e-04
2.098331836814808e-04
2.059009485214930e-04
2.047901078336383e-04
2.091165455131884e-04
2.128591902638822e-04
2.074509601486544e-04
2.117469082764089e-04
2.131405993593935e-04
2.045302466492701e-04
2.057657616590205e-04
2.075930478846989e-04
2.066618795716913e-04
2.007272132031255e-04
2.024797372662443e-04
2.083557662650570e-04
1.963506103742903e-04
2.011747483241648e-04
2.000664991592802e-04
1.983046714531064e-04
1.905338966459720e-04
1.981410856864196e-04
1.915798354507823e-04
1.896019404107732e-04
1.904722946404502e-04
1.939757335140147e-04
1.939243176631467e-04
1.910764879850647e-04
1.774142816509504e-04
1.765700593419422e-04
1.891282304509876e-04
2.065531607848501e-04
1.991798713157747e-04
2.039956584573848e-04
2.069154592112417e-04
1.990197490077789e-04
2.055868766834938e-04
1.990585779991048e-04
2.009932300224597e-04
1.993740165154289e-04
1.964764680042608e-04
1.626607581669191e-04
1.799328998833078e-04
1.781260367409781e-04
1.817850942589345e-04
1.574927426456903e-04
1.541039549923283e-04
1.906929115195874e-04
1.804787593062409e-04
1.910988741478788e-04
1.935268838291367e-04
1.948247877938872e-04
1.747837103417271e-04
2.087493123557775e-04
2.065683275558373e-04
2.078599497193810e-04
2.001677699453151e-04
1.933148714163028e-04
1.879600930677132e-04
1.916145685846469e-04
1.933106721048251e-04
1.763425629164333e-04
1.753861940473673e-04
2.101843401997240e-04
2.087224290071988e-04
2.082822535731852e-04
2.085491327367533e-04
1.482052082861905e-04
1.600351605823247e-04
1.167867182830041e-04
1.180045293268412e-04
1.481634027695924e-04
4.595286298444028e-05
1.615091610555259e-04
1.942062736122914e-04
1.715507036134018e-04
1.904994778462924e-04
1.892999429607713e-04
1.756251649751492e-04
1.939753820660205e-04
1.929903593479620e-04
1.820476515845094e-04
1.828505048433374e-04
1.675676141436301e-04
1.715444798820280e-04
1.920502381059659e-04
1.908906174354728e-04
1.914763670984400e-04
1.928995908685407e-04
1.917051670440427e-04
1.743774416531259e-04
1.836312175513737e-04
1.898219995047821e-04
1.919785804834352e-04
1.938614082890591e-04
2.008248507970378e-04
1.968094880858191e-04
2.083305856870269e-04
2.016463074556693e-04
2.017768404835875e-04
2.111402480591029e-04
2.134209859840112e-04
2.136619733008126e-04
2.118765607320858e-04
2.141380049032148e-04
1.970935522521960e-04
2.066588557978850e-04
2.003515456107990e-04
1.953775195595229e-04
2.011081422147947e-04
1.907095975326517e-04
1.949162205563943e-04
1.997823898759932e-04
1.873367224011247e-04
1.809925092032838e-04
1.834147782502651e-04
1.900004220377982e-04
1.851457548133991e-04
1.909348433436570e-04
1.774570626034295e-04
1.847097747216030e-04
1.870348392023613e-04
1.802849439841508e-04
1.911258087479269e-04
1.906357955457435e-04
1.770890060469413e-04
1.912119271565995e-04
2.018938303605821e-04
1.910943696482483e-04
2.022417568333878e-04
2.005671245716036e-04
2.007254837377999e-04
1.908208205268451e-04
1.937255030659995e-04
1.854359980694086e-04
1.873666915538222e-04
1.913825463381725e-04
1.753095663268854e-04
1.698800587614234e-04
1.903830230410387e-04
2.000722763218661e-04
1.990676497566801e-04
1.930202161784411e-04
1.974118202006941e-04
2.018798049037760e-04
1.923511513704943e-04
2.009449507105770e-04
1.889831430845178e-04
1.994407530830252e-04
1.888330129651670e-04
1.758688007344330e-04
1.781439955277461e-04
1.489241190492732e-04
1.499934046717803e-04
1.769038825773868e-04
1.925213283149073e-04
1.260196373025456e-04
1.673403474897491e-04
1.592735066105006e-04
1.770145229244020e-04
1.702130078311253e-04
1.197568821597135e-04
1.543259815063095e-04
1.321892364663971e-04
1.547424621064189e-04
1.580722856076719e-04
1.036028932246891e-04
1.092833741141808e-04
1.751755224122715e-04
1.293172398567499e-04
1.764416145811200e-04
1.473458369347148e-04
1.754333691770965e-04
1.545532070517674e-04
1.791608672644902e-04
1.773763358578883e-04
1.754321989540049e-04
1.244749753047588e-04
1.828221386009914e-04
1.093636967465050e-04
1.804131535976058e-04
2.100020479584196e-04
1.052230137677288e-04
2.044687959231774e-04
1.552268738534382e-04
1.757393074925840e-04
2.031828179856674e-04
1.524797538668791e-04
1.658422319874169e-04
1.177336311837525e-04
1.268459038597135e-04
1.771126603888525e-04
1.887130931414643e-04
1.291271054005611e-04
1.253636186176645e-04
1.210527953129358e-04
1.746632331809581e-04
1.798717148382762e-04
1.478707274994664e-04
1.751567424532957e-04
1.248036250038033e-04
7.638614395834895e-05
1.297498431830957e-04
1.868815307356864e-04
1.897099102459857e-04
1.255461965809698e-04
2.100268036340590e-04
1.865194148121247e-04
1.848839331446274e-04
1.300353279821104e-04
1.280105881131026e-04
1.572626052450764e-04
1.293812768610805e-04
2.075632388094751e-04
1.693567970711410e-04
1.697333671430238e-04
2.132667396994495e-04
-1.841267295242926e-05
1.735579560553428e-04
1.688520642320971e-04
2.211942284544495e-04
1.980870189852737e-04
1.800662280886059e-04
1.975504406076760e-04
1.184169896536017e-04
1.436099290007016e-04
1.858558876266813e-04
1.186632785804413e-04
2.154730037810717e-04
1.238436066187182e-04
1.684628926258713e-04
2.087393368501105e-04
2.155614206341049e-04
1.687245184981598e-04
1.181462605714167e-04
1.222932550254477e-04
2.174543071279896e-04
2.137263248265333e-04
1.660674590891031e-04
1.729074349392806e-04
-1.871412237459998e-05
1.327492193526313e-04
1.625993766877796e-04
9.937628393825934e-05
1.264345472806646e-04
2.127091378050171e-04
1.526847783719346e-04
1.286386585049181e-04
1.495327943524632e-04
1.784604503697360e-04
1.801507803280982e-04
9.685557960985408e-05
-4.466847584554472e-06
-4.466315698952710e-06
3.517529289904832e-06
3.580816535346841e-06
-1.596167073733509e-06
3.543126512889879e-06
-1.541664900152014e-06
-1.565230342585697e-06
1.378376958233366e-04
1.180801965920343e-04
1.707945892337831e-04
1.884619919839158e-04
1.563157716542563e-04
8.222535442655395e-05
1.660315851900428e-04
1.894671343715819e-04
1.485895858986561e-04
8.429375578746114e-05
1.577059136424167e-04
1.725640375043556e-04
1.695890590259309e-04
1.193269555645617e-04
2.150455218552238e-04
1.523856320049804e-04
1.025332627024102e-04
5.829752112429209e-05
1.662057409304253e-04
1.737807638967536e-04
1.704102727829783e-04
8.407787262914016e-05
1.750020777163425e-04
1.577555880221318e-04
1.576841962756924e-04
2.106907457363918e-04
2.038844830638688e-04
1.688339064674446e-04
1.258135942314207e-04
1.495558523761314e-04
1.701935149531991e-04
2.139787004145704e-04
2.177492171094448e-04
1.693881609702702e-04
2.153147818599447e-04
2.170464627244025e-04
1.662620862527027e-04
2.150384863398614e-04
9.381015559708095e-05
1.060503273102768e-04
1.701987001064533e-04
2.138072352813699e-04
1.691512961312511e-04
-1.856286697405911e-05
1.686223074746690e-04
2.151794056964542e-04
2.160982742860812e-04
1.653167738377403e-04
1.293137833137772e-04
1.688602039438341e-04
2.210115186710881e-04
1.708169247651447e-04
2.156161408137023e-04
1.672346641747078e-04
-1.787270964917100e-05
1.669549398047127e-04
2.097964546391034e-04
1.683616105624310e-04
-1.778757572520317e-05
-1.801667066833502e-05
2.093453548171543e-04
1.610620662705649e-04
1.446526024321108e-04
2.167335855476946e-04
2.006915263001794e-04
1.642927753542466e-04
1.700462346465016e-04
2.104006465867262e-04
1.650847515211579e-04
2.127474697295348e-04
1.717207250393656e-04
1.691634668327213e-04
2.155025717396760e-04
2.067105910195244e-04
1.082014226540726e-04
1.390021625753894e-04
2.098678416792060e-04
1.662249661748934e-04
2.198748016641491e-04
1.688707116989434e-04
-1.743105938726024e-05
-1.806192300208479e-05
1.688550594852470e-04
1.672239912733392e-04
-1.744325783364179e-05
-1.670854036471533e-05
-1.807016995003869e-05
1.699949890421554e-04
1.688057160958983e-04
1.640222242132757e-04
1.705242471808331e-04
-1.846808850393615e-05
-1.780943873733012e-05
1.601870602759532e-04
1.658095050932706e-04
1.725597689237429e-04
-1.706412082664525e-05
-1.637421276650101e-05
-4.608368303528283e-06
2.112878570696067e-04
1.653133779827529e-04
1.160993730438374e-04
1.324516979338574e-04
2.122327560787909e-04
2.083243742107259e-04
2.053950192242413e-04
1.671588728274310e-04
2.061160520281904e-04
1.024770498099301e-04
9.881261132395239e-05
2.135339772308441e-04
1.690036372438735e-04
2.076078518132869e-04
2.138747098132588e-04
1.289094721651684e-04
2.083343909264891e-04
1.667974663783782e-04
1.704575855090680e-04
2.094305616993152e-04
1.242016592030793e-04
1.785899237474220e-04
1.317187477293149e-04
1.695088061546556e-04
1.222102676637194e-04
2.196002084600887e-04
2.157117287111272e-04
2.199691709552976e-04
1.697839628185240e-04
1.665318302895683e-04
1.661916458582676e-04
-1.820866427162454e-05
-1.731266983269598e-05
1.252609678693236e-04
2.095665233290952e-04
1.247606016900153e-04
2.137645856951053e-04
1.298570953159548e-04
2.054003509026650e-04
1.788715618800053e-04
1.232299895146599e-04
1.882720545746850e-04
1.400387715388302e-04
1.834910791739463e-04
1.234715720686671e-04
2.090185047299592e-04
1.673026168931229e-04
1.680937028251159e-04
1.141768516635037e-04
2.166078708130826e-04
1.559148097026332e-04
1.180475331854932e-04
2.141157644430216e-04
1.703354300722511e-04
2.110298403121662e-04
1.204900180396063e-04
9.571187146326427e-05
1.530426910450929e-04
1.241513825892427e-04
2.142751543591856e-04
1.050769784985779e-04
1.234499921807940e-04
1.363717114458081e-04
1.786882191996690e-04
2.178557748199683e-04
2.142407646996278e-04
1.609790434747041e-04
1.143294959842043e-04
1.365751536893983e-04
2.182107356866170e-04
2.148776139999909e-04
1.696686472214580e-04
1.673025586581299e-04
2.139124974610145e-04
2.135447809060144e-04
1.405229717160517e-04
9.896823254240516e-05
1.818407914313917e-04
1.675488727939063e-04
-1.763346619599054e-05
-4.542803238932881e-06
-4.450206942927687e-06
3.573920056537342e-06
3.513968154982731e-06
-1.583241300497927e-06
-1.543037653982449e-06
-1.696109675555927e-05
-1.748133072771295e-05
-4.388129307463378e-06
1.644652792328769e-04
2.051841517504495e-04
1.683947119411369e-04
-4.694533631825702e-06
-1.721882729156974e-05
-1.804955229302696e-05
-4.489673938515303e-06
-4.523205297580781e-06
-1.768686712434914e-05
1.666090196297434e-04
-1.725680144276999e-05
-1.632468180222035e-05
1.661378459513499e-04
1.662614333546347e-04
1.632574238730131e-04
-1.708358269011662e-05
-4.424150313868932e-06
-1.851193092592469e-05
-4.344671892401437e-06
3.459414753006499e-06
3.586271612791481e-06
-1.545460862759745e-06
-4.382288408484318e-06
-1.796796791464728e-05
-1.846314614119428e-05
-4.295551152517067e-06
-1.874833644945430e-05
1.708266207925705e-04
-4.498417800401507e-06
-1.849900440749098e-05
-4.411409601912960e-06
3.507675517539039e-06
-1.487133926079201e-06
-1.591497982857113e-06
-4.258887536245085e-06
-1.769813166408430e-05
-4.502737456002492e-06
-4.645395619615505e-06
-1.800492691232342e-05
-1.774753818515024e-05
-4.364305334258377e-06
-1.893339213094572e-05
-4.441306310128484e-06
-1.789067419493208e-05
3.412782753823985e-06
3.451748986304882e-06
-1.446982052649477e-06
-1.835786892784371e-05
-4.533861393492488e-06
-4.774933746814343e-06
3.625562080849013e-06
-1.602014005265014e-06
-1.611963524825470e-06
-4.426715299946050e-06
3.461434235869208e-06
-1.525987528126285e-06
3.521464725497281e-06
3.529056674831024e-06
-1.561280038315664e-06
-1.540644730162520e-06
-4.565997284033364e-06
-1.802840819140835e-05
-3.992057428733433e-06
-4.657327037124960e-06
-1.769224466209997e-05
-1.846906186994646e-05
-4.443323392548411e-06
-1.797423124074764e-05
-4.596453486952066e-06
-1.758784743675544e-05
-1.845597133762626e-05
-4.440852271925579e-06
-4.614537586677118e-06
-4.449238287839633e-06
3.602413725713832e-06
-1.581553754645710e-06
3.502341538450492e-06
-1.573675713200106e-06
-4.535139755447466e-06
-1.774702514080106e-05
1.668279268910745e-04
1.689888357985248e-04
-1.796386891134690e-05
-1.895516902786868e-05
1.709431744132088e-04
-4.288320493809204e-06
-1.887692468602634e-05
1.664861480776497e-04
-1.810051485785634e-05
-1.692404717960050e-05
1.708772494649249e-04
2.039755576520689e-04
-1.836743114044478e-05
-1.734828212887411e-05
-1.601592941009075e-05
1.675360161321368e-04
1.668484762191939e-04
-1.834620778037755e-05
-1.817867535057236e-05
3.580523032722077e-06
-1.663242983744250e-06
1.687610806474482e-04
1.650835074509717e-04
-1.673748390104278e-05
1.632625694784115e-04
2.144085996172164e-04
-1.735425391696463e-05
-1.879513409608321e-05
-4.447474346508942e-06
-4.376779940523021e-06
3.500989367920054e-06
3.588822512855514e-06
-1.615189703665392e-06
3.559498923584144e-06
-1.602424086435951e-06
-1.880694494276581e-05
-4.352783747376437e-06
3.497209195497466e-06
3.450166038501185e-06
-1.507602905780538e-06
-1.728067469153232e-05
-1.831131005667159e-05
1.716094752328709e-04
1.698110785102785e-04
-1.807323758989084e-05
-4.528846729216779e-06
-4.405488475307778e-06
-1.816123598029359e-05
1.693543290648604e-04
2.107255597090479e-04
1.702446520678876e-04
-1.817163604744287e-05
1.684457132169893e-04
1.675737435898515e-04
2.140862156622426e-04
2.119995472469579e-04
-1.802214581575317e-05
1.683955492280532e-04
-1.825669874335230e-05
1.673991751078322e-04
2.110925949156592e-04
2.136691605649444e-04
-1.760310037927957e-05
1.944044170816742e-04
1.768824808568701e-04
7.670763787369449e-05
1.308367472332765e-04
-1.842577188799728e-05
-1.876345490255473e-05
1.692370591616690e-04
-1.797643471214257e-05
-4.345759113156641e-06
-1.790499927737848e-05
-1.834030673240602e-05
-4.399486037224113e-06
3.537285068779519e-06
3.534023415953512e-06
-1.516872036118944e-06
-4.328517270848353e-06
-4.511798091323678e-06
3.605049185173542e-06
-1.637993949404090e-06
3.551953927716019e-06
-1.541667684821987e-06
3.527290695870562e-06
-1.559553948502532e-06
-1.562749607746550e-06
-4.334133958495361e-06
-4.617558213950243e-06
-4.585068306553025e-06
3.518960968086532e-06
-1.543494705913956e-06
-4.709604953770008e-06
-4.537498968051239e-06
3.584756887142648e-06
-1.570392195837808e-06
3.344098353472980e-06
3.431833278567740e-06
-1.439532750349086e-06
3.554879420256673e-06
-1.564449400366590e-06
-1.595128318421534e-06
3.612177483711004e-06
-1.613632323790325e-06
-4.493850699866748e-06
3.519674707369581e-06
-1.529234385516036e-06
-1.590940152338970e-06
3.640210687984939e-06
-1.639521549027169e-06
-4.673796456554192e-06
-4.521155923854381e-06
3.546273826773352e-06
-1.619675625555635e-06
3.582755122275530e-06
-1.632258087116410e-06
3.366383352837925e-06
-1.559612387967280e-06
-4.490260239853865e-06
-4.642443480070142e-06
3.628969240388668e-06
3.340836271938747e-06
-1.413866516488743e-06
-1.501654397130375e-06
-4.050232951608829e-06
-4.408349100076091e-06
3.436153816695109e-06
-1.580776437675638e-06
3.500706366844902e-06
-1.549794082998788e-06
-1.573898794617768e-06
-4.420072043083986e-06
-4.467917193444148e-06
3.542819602990976e-06
3.608072733140593e-06
3.505607722741290e-06
-1.474086652241046e-06
3.483948770113132e-06
3.511902656043539e-06
-1.526825401672130e-06
-1.571215267121876e-06
3.605170677901062e-06
3.410044036040659e-06
-1.534885870880197e-06
-4.367263001475483e-06
-4.572431909263897e-06
-1.486131887249485e-06
-1.696678065884247e-06
3.503976036335131e-06
-1.605700024979307e-06
-1.736880516415549e-05
-4.389382867407162e-06
-4.512395386164759e-06
1.667850865780583e-04
3.604044480152090e-06
-1.602239558648492e-06
3.610076679551399e-06
-1.594766388732126e-06
-4.439231100305108e-06
3.529569188538325e-06
1.582272114625382e-04
1.561324074980566e-04
1.838120518273875e-04
8.708639364178499e-05
1.365940008629588e-04
3.600425515753299e-06
3.560899695567533e-06
-1.669597471173487e-06
-1.594749553773449e-06
3.570573760239871e-06
-1.477010867806865e-06
3.598089752968282e-06
-4.480619806831780e-06
-1.776522673541167e-05
3.508677647633355e-06
-1.569230714301747e-06
-4.473737939156293e-06
3.557977728258971e-06
-4.523866338077605e-06
-1.612040038367234e-06
-1.604681341500651e-06
3.614868172109782e-06
3.530098577037801e-06
3.506028118064075e-06
3.530329603282210e-06
-1.498431364597521e-06
-1.542847924931021e-06
-1.574134087045845e-06
3.621924326449591e-06
-4.417665498096636e-06
3.548287101015605e-06
3.532739523548212e-06
-1.522955848911681e-06
-1.649916459534093e-06
-1.602108232758674e-06
3.443184550456221e-06
3.499306133980122e-06
-4.335962416267438e-06
-4.381186085982183e-06
-1.839618789036568e-05
-1.491480829603404e-06
-1.520907194350647e-06
-4.527234008700746e-06
3.584067167229139e-06
3.458521627921564e-06
-4.352365544914012e-06
-1.557199000129655e-06
-1.556385723884811e-06
-1.495833912463336e-06
3.508252676703266e-06
3.593190490780209e-06
-4.519407508294417e-06
-1.803299979911525e-05
-4.357209426838667e-06
-1.583846657101991e-06
-1.611565822350408e-06
2.037310140342370e-04
1.855211454012658e-04
1.582983069286213e-04
1.419309724714400e-04
1.849551710974944e-04
1.744265905385252e-04
2.117933206120856e-04
1.644803385608138e-04
1.594524939318438e-04
1.777022127926814e-04
1.110001246641687e-04
2.151602294024175e-04
1.639563995517422e-04
1.682209391733412e-04
-4.147281490878745e-06
-1.699211529806884e-05
-1.759338781252957e-05
-1.748959551920233e-05
-4.406012476604404e-06
3.533998547870559e-06
-4.589942223477370e-06
-1.801359929246252e-05
-1.513815009349505e-06
3.523293297204463e-06
-1.615313496707463e-06
-3.943845629344843e-06
3.399725276628864e-06
-4.502875275352809e-06
-1.431133603945703e-06
-1.494889131409118e-06
3.559259168758307e-06
-4.290303322566306e-06
-1.506717946921759e-06
-1.658707263806764e-06
3.476718819968264e-06
3.632057844026537e-06
-4.442574097887155e-06
3.614889554356160e-06
-4.782347483444812e-06
-1.631628840289154e-06
-1.626111613823527e-06
-1.607446651532016e-06

PL  1  1102  double
-2.834914930846362e-05
-2.843454807379321e-05
-2.876431819778656e-05
-2.878205986941029e-05
-2.893639587118470e-05
-3.081471522519069e-05
-3.113754139646243e-05
-2.365058500436751e-05
-2.377105277495363e-05
-2.072069424557467e-05
-3.161730237934168e-05
-2.029260826601962e-05
-2.660280346110259e-05
-2.307061573052230e-05
-2.669221646385830e-05
-2.560513333200384e-05
-2.815172833944228e-05
-3.504863491388919e-05
-2.761313552752849e-05
-2.462843307165365e-05
-2.862366901005418e-05
-2.730807937355154e-05
-2.450215732497158e-05
-2.832198447869077e-05
-2.980476785183096e-05
-2.873300828311775e-05
-3.001455852880669e-05
-2.748532853617894e-05
-2.739146412787787e-05
-2.678690985218213e-05
-2.760228275339589e-05
-2.291042729656680e-05
-2.445916870807717e-05
-2.283036344450471e-05
-2.428111663669590e-05
-2.452448474921900e-05
-2.481517670072868e-05
-2.690473920921921e-05
-2.489340543035079e-05
-2.038665429409179e-05
-1.477186077149726e-05
-2.301180414788646e-05
-2.495596348167135e-05
-2.457990222666252e-05
-2.382075316214277e-05
-2.105756002886553e-05
-2.932393472257337e-05
-2.363564476773629e-05
-1.311537922532195e-05
-2.506116460860743e-05
-2.742485101805295e-05
-2.715116463458469e-05
-2.701742928976153e-05
-2.787238032667632e-05
-2.823469453027866e-05
-2.692901777507555e-05
-2.828583336398270e-05
-2.847918009626906e-05
-2.851026717512344e-05
-2.840547406319806e-05
-2.842327510984274e-05
-2.801057149878760e-05
-2.806752009478506e-05
-2.813164850922306e-05
-2.856164321287572e-05
-2.856314704216325e-05
-2.880961510715933e-05
-2.881404457327164e-05
-2.880945116308870e-05
-2.874715159102309e-05
-2.908248414558962e-05
-2.936437365083462e-05
-2.930370114660172e-05
-2.937327487093486e-05
-2.931398616646822e-05
-2.924618231697680e-05
-2.708237200212507e-05
-2.848446641248843e-05
-2.689378064653829e-05
-2.976919043923288e-05
-2.995965471989404e-05
-2.840931619400495e-05
-2.849129265063449e-05
-2.780712971426932e-05
-2.880598237143006e-05
-2.887912524090652e-05
-2.915850115052135e-05
-2.928592889168863e-05
-2.885547428084134e-05
-2.847153838029087e-05
-2.888768723516442e-05
-2.837046457644783e-05
-2.858214390609510e-05
-2.855306729041099e-05
-2.655683582136881e-05
-2.723210971955158e-05
-2.576717364982675e-05
-2.734176829627074e-05
-2.826545181872100e-05
-2.828766259260890e-05
-2.509853775529973e-05
-2.823699056982919e-05
-2.882139514504621e-05
-2.838814632862724e-05
-2.883843847308223e-05
-2.840318672005042e-05
-2.937975540526156e-05
-2.928604228355533e-05
-2.934568738247586e-05
-2.923380880776068e-05
-2.921991475172380e-05
-2.932052003686689e-05
-2.917572640618816e-05
-2.922092167054279e-05
-2.837475671496066e-05
-2.710597074983202e-05
-2.754592915118006e-05
-2.850292903127329e-05
-2.822001806894048e-05
-2.532886503632404e-05
-2.922224528008122e-05
-2.920631955686199e-05
-2.935598950613524e-05
-2.939004688131225e-05
-2.919368035955047e-05
-2.916810550032491e-05
-2.926121631828478e-05
-2.935795980588520e-05
-2.923840097770870e-05
-2.896484921147663e-05
-2.917432797959742e-05
-2.912501269908848e-05
-2.927183102764513e-05
-2.929939280675914e-05
-2.927892583680191e-05
-2.907282071409471e-05
-2.912794352346344e-05
-2.901473545606161e-05
-2.900375684172744e-05
-2.918979139761951e-05
-2.896924476580111e-05
-2.927740811492350e-05
-2.910881586821179e-05
-2.899894665358285e-05
-2.880735824308606e-05
-2.908456655384196e-05
-2.923533141368473e-05
-2.902355034823369e-05
-2.708084104766093e-05
-2.839286572306162e-05
-2.774541956608258e-05
-2.832702379665386e-05
-2.832476112142763e-05
-2.821173523831222e-05
-2.837080106093141e-05
-2.840972933630922e-05
-2.819873257271550e-05
-2.837354502991240e-05
-2.860124995287300e-05
-2.833378976746242e-05
-2.854092300985562e-05
-2.760034883861847e-05
-2.763239438343834e-05
-2.648461689667856e-05
-2.881419361843759e-05
-2.836757507151852e-05
-2.898360138678813e-05
-2.890397350718707e-05
-2.877007005765375e-05
-2.933994148897684e-05
-3.303849964754207e-05
-2.699538422218043e-05
-2.660269593553494e-05
-2.660485612317404e-05
-2.878315479641574e-05
-2.875767903333226e-05
-2.875057887780809e-05
-2.866179796425281e-05
-2.913911975278770e-05
-2.830251375574057e-05
-2.826087876862459e-05
-2.863376047714805e-05
-2.640246107200263e-05
-2.791895188489399e-05
-2.705533372115905e-05
-2.427874096857674e-05
-2.350449669310282e-05
-2.845914211387529e-05
-2.738994516894308e-05
-2.883411358318442e-05
-2.879435113837988e-05
-2.875567461977518e-05
-2.890590621536654e-05
-2.905319765961021e-05
-2.900525930893543e-05
-2.892754476250845e-05
-2.883408793785455e-05
-2.897081990012257e-05
-2.890650052856414e-05
-2.570834658100192e-05
-2.451768090363155e-05
-2.622819108124998e-05
-2.170862907351196e-05
-2.750209581235096e-05
-2.819886757135343e-05
-2.842207437294821e-05
-2.853151526020424e-05
-2.874216907542285e-05
-2.836793944305548e-05
-2.716695744922683e-05
-2.895803891998215e-05
-2.681080106533794e-05
-2.877407589024531e-05
-1.696491960420334e-05
-2.716781928549930e-05
-2.425912936656683e-05
-2.523287835509507e-05
-2.657137536310100e-05
-2.596562217286104e-05
-2.510571552012349e-05
-2.791177695782295e-05
-2.471834235128770e-05
-2.643574565950295e-05
-2.679381111964133e-05
-2.687114468818893e-05
-2.727875255817183e-05
-2.627532804979312e-05
-2.781586974300653e-05
-2.522433996404189e-05
-2.747756233304334e-05
-2.432797260001972e-05
-2.482081869942209e-05
-2.852882328221301e-05
-2.859596584743826e-05
-2.827641932369047e-05
-2.666622287561482e-05
-2.411830902273997e-05
-2.232300820090565e-05
-2.966985893630857e-05
-2.377621433472770e-05
-2.350753391586877e-05
-1.905452841585443e-05
-2.272323893072455e-05
-2.909874138522875e-05
-2.906508991561719e-05
-2.920790406728782e-05
-2.931760232795265e-05
-2.919666533150929e-05
-2.926292331721376e-05
-2.911427263786863e-05
-2.918227327285167e-05
-2.911699800418451e-05
-2.907527607829278e-05
-2.922652307171853e-05
-2.896206182256106e-05
-2.866944932430947e-05
-2.303160323770100e-05
-2.334365757992875e-05
-1.864724126102777e-05
-2.376109734270286e-05
-1.125769041806586e-05
-2.858236037573497e-05
-2.292387869159350e-05
-1.580312770006283e-05
-2.479485010832694e-05
-2.712682128125209e-05
-2.593210019810963e-05
-2.639721464521643e-05
-2.928446173904599e-05
-2.932912158140485e-05
-2.930760424165576e-05
-2.935078661352182e-05
-2.690534922654672e-05
-2.795829410641371e-05
-2.847422014755955e-05
-2.323379041550043e-05
-2.641496757743771e-05
-2.786554395771946e-05
-2.734685440238920e-05
-2.744672575113801e-05
-2.752696520975151e-05
-2.789960308275048e-05
-2.856783308774066e-05
-2.879017820396762e-05
-2.884074956724213e-05
-2.884285596619597e-05
-2.843479749546403e-05
-2.835593719842743e-05
-2.780315408163042e-05
-2.768154411791040e-05
-2.814163300545034e-05
-2.744656742390452e-05
-2.912357515602214e-05
-2.881090209542284e-05
-2.889747918820799e-05
-2.878476243154791e-05
-2.875374290909806e-05
-2.885011563212159e-05
-2.911376790853239e-05
-2.885045917482020e-05
-2.899792136585619e-05
-2.925101295874345e-05
-2.911894622344659e-05
-2.901197339095109e-05
-2.908718468934072e-05
-2.904739941592825e-05
-3.177466983337996e-05
-2.953111754925754e-05
-2.752607488133229e-05
-2.756488731680737e-05
-3.120281330186697e-05
-2.653645270254613e-05
-2.929065000253278e-05
-2.930263914165273e-05
-2.935887024166838e-05
-2.927479448786838e-05
-2.911867962820397e-05
-2.924107617473014e-05
-2.905803771290973e-05
-2.894266365567301e-05
-2.917488919144885e-05
-2.934121990474731e-05
-2.906143347412656e-05
-2.924770275678070e-05
-2.938168729026331e-05
-2.901457626829643e-05
-2.904181162493910e-05
-2.915441201993750e-05
-2.911268073716889e-05
-2.878312290048747e-05
-2.893011887740712e-05
-2.916625807078754e-05
-2.874020277985721e-05
-2.885680069167384e-05
-2.879181340566579e-05
-2.856328490723079e-05
-2.844172207893513e-05
-2.861941099737259e-05
-2.795038789875440e-05
-2.831978123737433e-05
-2.836691812432749e-05
-2.829550078235115e-05
-2.836319845858594e-05
-2.838282521890646e-05
-2.763519720539011e-05
-2.748175603991840e-05
-2.695978133594658e-05
-2.900649673775784e-05
-2.878865474062781e-05
-2.895039691940673e-05
-2.914117231808826e-05
-2.880253237713517e-05
-2.896684552421864e-05
-2.887662589167065e-05
-2.887751921122303e-05
-2.857526105865956e-05
-2.867308612463134e-05
-2.769029448513211e-05
-2.626586638934478e-05
-2.754275657576955e-05
-2.617585208279042e-05
-2.730299048522092e-05
-2.646764836227267e-05
-2.813755566623573e-05
-2.785616968737303e-05
-2.833282807017006e-05
-2.829058678678734e-05
-2.837083993161840e-05
-2.740318718914423e-05
-2.919098939567557e-05
-2.902405399740225e-05
-2.912587871841473e-05
-2.883491225257007e-05
-2.878807600632659e-05
-2.831513363524723e-05
-2.809672078469800e-05
-2.845591311618910e-05
-2.717450417024970e-05
-2.756501925432774e-05
-2.920734313442018e-05
-2.910044662294935e-05
-2.913355492001596e-05
-2.918062666185735e-05
-2.702220506557271e-05
-1.998976987562011e-05
-2.378551817408248e-05
-2.403493404170882e-05
-1.730559395319151e-05
-8.310978910864834e-06
-2.035730196541645e-05
-2.973574989377265e-05
-2.675693457166753e-05
-2.792041913604227e-05
-2.843716693157245e-05
-2.682185572161309e-05
-2.837836733239008e-05
-2.821907487102119e-05
-2.810242314619085e-05
-2.652977921454347e-05
-2.426238644881182e-05
-2.685053364980153e-05
-2.833438652409808e-05
-2.843286005624232e-05
-2.837973911645519e-05
-2.812170140119276e-05
-2.825518680107856e-05
-2.741808846262244e-05
-2.757862828738653e-05
-2.835425682996860e-05
-2.845209388867497e-05
-2.835387068250275e-05
-2.877127391116940e-05
-2.873699446302364e-05
-2.918443549331920e-05
-2.889826142668045e-05
-2.888012039532268e-05
-2.915309464375615e-05
-2.930931747692306e-05
-2.928592688231237e-05
-2.924570166183068e-05
-2.933538342931390e-05
-2.875112970431855e-05
-2.905493869017391e-05
-2.885675850935543e-05
-2.838509565352975e-05
-2.879462542848566e-05
-2.847935266246242e-05
-2.877720363872546e-05
-2.866279898812681e-05
-2.830042031791998e-05
-2.809158163154154e-05
-2.766290910825745e-05
-2.800166378821173e-05
-2.782040192568330e-05
-2.798171002942597e-05
-2.759333556344727e-05
-3.214929524623905e-05
-2.733999334378704e-05
-2.767531750481228e-05
-2.815582506172774e-05
-2.837981836547005e-05
-2.745382287375534e-05
-2.842014375281158e-05
-2.884217254057416e-05
-2.845300960682806e-05
-2.889274928589170e-05
-2.882410467303229e-05
-2.884717670937086e-05
-2.836598213025094e-05
-2.847441215726389e-05
-2.757143824511479e-05
-2.818608679415287e-05
-2.817906549796839e-05
-2.717426426211408e-05
-2.640416784409646e-05
-2.842317468156602e-05
-2.878989430461869e-05
-2.861264645962263e-05
-2.835497887002129e-05
-2.880753061536675e-05
-2.888309178645844e-05
-2.847272466911234e-05
-2.881124041109548e-05
-2.823743813775451e-05
-2.875769995410532e-05
-2.709224184313963e-05
-2.735853853246428e-05
-2.767901484322193e-05
-2.596300415539051e-05
-2.618794578368362e-05
-2.582252076129501e-05
-2.817683494470360e-05
-2.423165938630961e-05
-2.618717969261007e-05
-2.688209677611063e-05
-2.305053852553214e-05
-2.225399086603588e-05
-2.398929880317269e-05
-2.385578188708405e-05
-1.543264913434513e-05
-2.603160790337082e-05
-1.848333442689423e-05
-2.318054934018167e-05
-2.353689338276894e-05
-2.690576775205907e-05
-2.394516333404355e-05
-2.522461621859382e-05
-2.546127368431713e-05
-2.516227105728308e-05
-2.683468866946284e-05
-2.581516361581567e-05
-2.772131007014697e-05
-2.724894048396801e-05
-2.385269480503350e-05
-2.537687853682372e-05
-2.307712741049316e-05
-2.415614303151813e-05
-2.665236749319259e-05
-1.989747346971774e-05
-2.681596886125183e-05
-2.658785082320668e-05
-2.521822280489475e-05
-2.666893731188777e-05
-2.686984291357432e-05
-1.953602845031742e-05
-2.417089762889244e-05
-2.495806827265077e-05
-2.198430807642603e-05
-2.573551110441225e-05
-2.458269926268006e-05
-2.443192915973522e-05
-2.427514540019517e-05
-2.069946713997971e-05
-2.341437497966106e-05
-2.570386491126502e-05
-2.568179582296616e-05
-2.217859534042045e-05
-1.542600570429858e-05
-2.449060129795970e-05
-2.462505528544950e-05
-2.522739172155809e-05
-2.416586811917009e-05
-2.648385498236755e-05
-2.468102270962254e-05
-2.467983363509280e-05
-2.456044308521297e-05
-2.464029486254030e-05
-2.699943192364657e-05
-2.467843572026749e-05
-2.631342828517921e-05
-2.614256788950291e-06
-2.597530315889940e-06
-2.647719987072492e-05
2.143173291357159e-06
-3.100710644408748e-05
-2.424303734411579e-05
-3.388792350081544e-05
-2.876394703535365e-05
-2.786139724218813e-05
-2.558118474192609e-05
-2.384065013160561e-05
-2.641173898631549e-05
-2.199137675595966e-05
-2.432717429900063e-05
-2.661902230397500e-05
-2.432411037653373e-05
-2.236967399742949e-06
-2.652853086904436e-05
-2.675406313051735e-05
-2.348669455523728e-06
-2.408802051595454e-05
-2.496151676749750e-05
-2.701548460072718e-05
-2.633414008881744e-05
-2.162909201873476e-06
-2.719923578191264e-06
2.085737128915494e-06
-1.521849337608425e-05
-2.077520781999934e-05
-2.283059002459970e-05
-2.444484843730624e-05
-2.694954363505779e-05
-2.676040457712639e-05
-1.522574127009646e-05
-1.815611219183911e-05
-2.233824857797073e-05
-2.551737010581404e-05
-1.807585078781559e-05
-5.757396189851995e-07
-5.847171322903331e-07
1.358177580794887e-07
1.311391285759780e-07
1.171125201172409e-07
1.316012690669237e-07
1.167121048955181e-07
1.175762772496316e-07
-1.515714451550300e-05
-2.094351132200359e-05
-2.503301953756787e-05
-2.786610513142239e-05
-1.939846847142301e-05
-1.619048930405870e-05
-2.412771678043106e-05
-3.119258609726614e-05
-2.589473092068183e-05
-1.627687216430809e-05
-2.670232675103789e-05
-2.182818036915545e-05
-2.097760330234321e-05
-2.416679791176986e-05
-2.672092500277774e-05
-2.331907353497925e-05
-1.946838878456116e-05
-1.282881200673671e-05
-2.538219435992633e-05
-2.170093739123260e-05
-2.139753849214517e-05
-1.630726399397845e-05
-2.212501900590106e-05
-1.787823489809587e-05
-2.676243855833004e-05
-2.692228157991350e-05
-2.621313820915032e-05
-2.429981881140774e-06
-2.420784397070347e-05
-2.633265185246451e-05
-2.530331876053941e-06
-2.658267739984502e-05
-2.646530950965210e-05
-2.599264511308446e-06
-2.634612680633299e-05
-2.693035765823830e-05
-1.938711137778406e-06
-2.706424579257814e-05
-2.270778055601205e-05
-2.319677410130594e-05
-2.592754245728408e-06
-2.645020678756534e-05
-2.523634092905795e-06
2.118593329280275e-06
-2.099526390746091e-06
-2.699458340443923e-05
-2.638334542521425e-05
-1.746968211455577e-06
-2.482235990643431e-05
-2.083349074837613e-06
-2.705264074610604e-05
-2.361738168342976e-06
-2.649992638437773e-05
-2.132860076565213e-06
2.002251452862784e-06
-1.777160570421235e-06
-2.626963027091663e-05
-2.448433066620111e-06
2.019879223266198e-06
1.955861186741019e-06
-2.663895500568277e-05
-1.344794194695645e-06
-2.608961721903197e-05
-2.702848746931888e-05
-2.615301831991618e-05
-1.455413976520422e-06
-2.317475131050144e-06
-2.688516422302510e-05
-2.058192928602956e-06
-2.681563006630422e-05
-2.823673064498433e-06
-2.282844698468291e-06
-2.700067221191254e-05
-2.666295677172012e-05
-2.303984350467033e-05
-2.466961537544810e-05
-2.676471649939077e-05
-1.873954214066959e-06
-2.724679250992574e-05
-2.182432276857501e-06
1.958938489007589e-06
1.981877438194334e-06
-2.390193995611388e-06
-1.811411348540474e-06
2.047074571528355e-06
1.894014859698875e-06
2.121454559077532e-06
-2.283269209190656e-06
-2.137950280289223e-06
-1.849330147638069e-06
-2.352312057969088e-06
2.031084319211689e-06
1.945274833606336e-06
-1.131983420912554e-06
-1.997663582652141e-06
-2.577959512821309e-06
1.964814313759694e-06
1.869087914108477e-06
-5.640991271185308e-07
-2.626510784261250e-05
-1.944260339322426e-06
-2.372697555653241e-05
-2.562020840362471e-05
-2.670824927570824e-05
-2.680564088462016e-05
-2.623499782088946e-05
-2.210536820098263e-06
-2.643426932112392e-05
-2.319132998180947e-05
-2.295477875197603e-05
-2.706005979233502e-05
-2.570250249111014e-06
-2.643242683454849e-05
-2.674584052925611e-05
-2.475735997783660e-05
-2.635777718775222e-05
-2.230719253621681e-06
-2.127768127155679e-06
-2.658046317504676e-05
-2.461191833290236e-05
-2.316169763505183e-05
-2.509852851165619e-05
-2.011429299677442e-05
-2.460377986415494e-05
-2.699128346722353e-05
-2.663798896919027e-05
-2.687271110487220e-05
-2.372258930796342e-06
-2.115190368500676e-06
-1.950383313953817e-06
2.029056006287917e-06
1.983222229348367e-06
-2.405668744431877e-05
-2.667438758317194e-05
-2.503462583208020e-05
-2.696728718357423e-05
-2.481653391317239e-05
-2.646561721428489e-05
-2.386414016127017e-05
-2.409529865940155e-05
-2.411501120362378e-05
-2.606580504909456e-05
-2.289889264850402e-05
-2.423246218182590e-05
-2.594245172539788e-05
-2.238413353702837e-06
-2.191515122889045e-06
-2.382618848923432e-05
-2.689085961271720e-05
-1.762472434698565e-05
-2.415757983468778e-05
-2.662966044541127e-05
-2.656775414895702e-06
-2.665855303955557e-05
-2.439543865668381e-05
-2.285296230735728e-05
-1.852105050792966e-05
-1.447428758757787e-05
-2.694450379149277e-05
-2.277703774984479e-05
-2.435972742758177e-05
-1.594216302409729e-05
-2.423811405564174e-05
-2.679250120880577e-05
-2.663963696740864e-05
-1.954091456867060e-05
-2.355290118016418e-05
-2.553781218038533e-05
-2.675157381901936e-05
-2.628323489527827e-05
-2.268315142039353e-06
-1.966521543922500e-06
-2.650320829735581e-05
-2.664928567750561e-05
-2.583710979496854e-05
-1.914774667574631e-05
-2.298668372387376e-05
-1.988978897994907e-06
1.990841558634348e-06
-5.766886107022105e-07
-5.754198781375375e-07
1.304804335017572e-07
1.368854370168716e-07
1.172102261366959e-07
1.160652290753640e-07
2.044513776402223e-06
2.094709591953690e-06
-6.220423966376278e-07
-1.970740449609737e-06
-2.646471830888838e-05
-2.265940438585020e-06
-5.955525216525175e-07
2.039307894587584e-06
2.100491645063254e-06
-6.103792079745533e-07
-6.131996182868595e-07
2.062382405152840e-06
-2.112362325408143e-06
2.003969564412519e-06
1.995758641875116e-06
-1.888735925155341e-06
-1.998403567681264e-06
-1.828254840801118e-06
2.057522926498590e-06
-5.918704640914495e-07
2.044745918759972e-06
-5.917915625306372e-07
1.400520992185222e-07
1.303023515181080e-07
1.159502733742857e-07
-6.042294579525545e-07
2.057805549991999e-06
2.197499326937907e-06
-6.346566167817286e-07
2.107061211835770e-06
-2.704863060563092e-06
-6.182262917919223e-07
2.120054869139901e-06
-6.109291231654983e-07
1.444992400665331e-07
1.205051659195206e-07
1.236579988290254e-07
-6.205326466352388e-07
2.041617329258060e-06
-5.894696546384168e-07
-5.862476500219338e-07
2.054041123154013e-06
2.027884631672678e-06
-6.263806694712143e-07
2.171356783305610e-06
-6.119460233097698e-07
2.147075474545497e-06
1.460094187809447e-07
1.453771589322306e-07
1.237225959650067e-07
2.157176243988551e-06
-6.277926172085238e-07
-5.889696846057054e-07
1.367563404643757e-07
1.208981801053850e-07
1.274417179712897e-07
-6.295572565384925e-07
1.454910573248422e-07
1.207013447086275e-07
1.456989916521353e-07
1.433909897497837e-07
1.239793153470119e-07
1.256557212759262e-07
-5.914243352618187e-07
2.055606815531945e-06
-6.010801800701494e-07
-5.788559284563360e-07
2.006745113293621e-06
2.033069252789011e-06
-5.934079133202301e-07
1.989177509750016e-06
-5.671598883429983e-07
1.935437242114183e-06
2.117702995675372e-06
-5.949865717154396e-07
-5.858922196962922e-07
-5.748314027706899e-07
1.305396392797756e-07
1.187541635168188e-07
1.443363004293370e-07
1.193898130053767e-07
-5.730549630083902e-07
2.015273695447202e-06
-1.938947552500626e-06
-2.124516810188930e-06
1.947478628207758e-06
2.094823834605987e-06
-2.533768461568898e-06
-6.178855536922789e-07
2.111504685764791e-06
-2.107716716991824e-06
2.098327586490855e-06
2.043712618860554e-06
-2.634834915001145e-06
-2.636584434742136e-05
2.111391137495930e-06
1.933984604499833e-06
1.836062914583095e-06
-2.165735334509865e-06
-1.973217521835314e-06
2.022851103262055e-06
2.060198425559219e-06
1.405012650051313e-07
1.244275007643930e-07
-2.221246508082269e-06
-2.006425364654189e-06
1.940846048167298e-06
-1.581564846810142e-06
-2.701869101091323e-05
2.040890911740361e-06
2.114893272908840e-06
-6.101847814601282e-07
-6.194506018842863e-07
1.409343246539347e-07
1.392546308850065e-07
1.203549811009376e-07
1.434227522914424e-07
1.231159385645749e-07
2.066019191043739e-06
-5.970631086559950e-07
1.354565275625601e-07
1.417949121424806e-07
1.192264741613418e-07
2.035861112477670e-06
2.172350753469229e-06
-2.577679470691163e-06
-2.456756175324323e-06
2.045680645711739e-06
-6.145296565434068e-07
-6.237000141849130e-07
1.978023632806887e-06
-2.036964207128567e-06
-2.650177672073592e-05
-2.185398950349997e-06
2.044851807080572e-06
-2.133136574716761e-06
-2.165559880421420e-06
-2.675365694131516e-05
-2.690564850905819e-05
2.056200179571196e-06
-2.163250153471001e-06
1.973398784511160e-06
-1.669195681620459e-06
-2.683044043034503e-05
-2.714131019668217e-05
1.983627417877456e-06
-3.169119744020065e-05
-2.232261524653143e-05
-1.558275116605681e-05
-2.473758480260179e-05
2.017844995974750e-06
2.069715671261989e-06
-2.453584851236400e-06
1.990934233460213e-06
-6.028914222887532e-07
2.008448517823780e-06
2.038361230758034e-06
-5.902826914426356e-07
1.482694570076812e-07
1.447460456370203e-07
1.256038788914220e-07
-6.333459434551931e-07
-6.264081054149724e-07
1.407469235452544e-07
1.244566242171076e-07
1.394239604909192e-07
1.230185349099540e-07
1.342634188856010e-07
1.203551072253798e-07
1.146731754005728e-07
-6.222650464392992e-07
-5.477144077882809e-07
-5.897107088021894e-07
1.313796987093467e-07
1.183976095823778e-07
-5.389227238364324e-07
-5.769697919003472e-07
1.214924945536760e-07
1.137412925755856e-07
1.394150827674554e-07
1.355692323978795e-07
1.181004830802927e-07
1.376680434720479e-07
1.199657723449166e-07
1.181138583745236e-07
1.351960279782368e-07
1.198986910969328e-07
-5.961272700695582e-07
1.415822363990742e-07
1.219064173382649e-07
1.227449620977265e-07
1.290276472877118e-07
1.203453961231142e-07
-5.806358201411352e-07
-5.864033301096659e-07
1.395446533976710e-07
1.220688332889754e-07
1.356788979433663e-07
1.235256043747797e-07
1.383520674277240e-07
1.173908287705287e-07
-5.826187168743849e-07
-5.889849008696636e-07
1.320463282274617e-07
1.361938627897065e-07
1.145712462737715e-07
1.180435780572426e-07
-5.789384095137357e-07
-5.918664452611031e-07
1.328014632642068e-07
1.211643679871062e-07
1.453431284009553e-07
1.218584891245895e-07
1.243912167876995e-07
-6.191949569952113e-07
-6.123258719985440e-07
1.352385834077506e-07
1.381163221950157e-07
1.384359430946195e-07
1.202976122924389e-07
1.391124540035259e-07
1.360220037192332e-07
1.215214693127284e-07
1.233245133586510e-07
1.322216571615658e-07
1.285251906114691e-07
1.158482481803237e-07
-6.026527981767165e-07
-5.608938454049424e-07
1.118837413502027e-07
1.199921967314770e-07
1.358743128844437e-07
1.207359796235840e-07
2.007291101538173e-06
-5.902671544162326e-07
-5.874326097625690e-07
-2.160696288672256e-06
1.370165935744595e-07
1.227959145979346e-07
1.321901730965918e-07
1.167761932517672e-07
-5.895167149179289e-07
1.382375687951858e-07
-2.463963361960628e-05
-2.313200276461867e-05
-2.607963539211608e-05
-1.756309735256472e-05
-2.388089955814472e-05
1.366386238814338e-07
1.383072840486442e-07
1.249336031265519e-07
1.203044840645200e-07
1.385084638341631e-07
1.192865205245358e-07
1.334941273519818e-07
-5.800354446669756e-07
1.993908958463339e-06
1.341491785724060e-07
1.148608079766329e-07
-6.080686720010681e-07
1.389975311550594e-07
-5.861716256398041e-07
1.195913285671089e-07
1.215243720723108e-07
1.303130232033390e-07
1.366281345742654e-07
1.470879605835884e-07
1.374185036290903e-07
1.243281662944139e-07
1.179128794697954e-07
1.259745788164122e-07
1.313545813993821e-07
-6.091583728355007e-07
1.399442295126173e-07
1.355144974042479e-07
1.192188386406908e-07
1.204745118194352e-07
1.182191195677829e-07
1.383279935065534e-07
1.357217515644020e-07
-5.911330998595617e-07
-5.973566821085452e-07
2.057469729797385e-06
1.167778464461048e-07
1.172401296088141e-07
-5.749600851477051e-07
1.324974330847709e-07
1.356094646733748e-07
-5.756592836416999e-07
1.193046431793265e-07
1.166608196990749e-07
1.155940055009825e-07
1.390443170660867e-07
1.348568354806973e-07
-5.911145518607337e-07
2.021724523608160e-06
-6.028645649723140e-07
1.187051068002115e-07
1.206078540706440e-07
-2.765261767750329e-05
-2.853641102302128e-05
-2.788558461665186e-05
-2.621068868552019e-05
-2.680701251309491e-05
-2.758654357838568e-05
-2.992665251173053e-05
-2.972511000886131e-05
-2.095376030164530e-05
-2.391028479115443e-05
-2.355724623407107e-05
-2.670353605960323e-05
-1.366714595821727e-06
-1.930076785797846e-06
-5.663752520412058e-07
1.916074722845268e-06
1.939874411326143e-06
1.992200661253988e-06
-6.080273741804909e-07
1.418012146628508e-07
-6.065086157938247e-07
2.091627425158435e-06
1.216766051901114e-07
1.333968523486651e-07
1.222930424008841e-07
-5.928495193479213e-07
1.332965215470364e-07
-5.781034769294050e-07
1.161502750418337e-07
1.165356711244613e-07
1.375079155833501e-07
-5.968704300385982e-07
1.229480445508806e-07
1.207645846937435e-07
1.293415604250774e-07
1.336254537973620e-07
-6.189625714876552e-07
1.294826730659056e-07
-5.699796584773795e-07
1.175193172405428e-07
1.188499615574338e-07
1.259832466225754e-07

jacC  1  1102  double
1.867813896236159e+00
1.877489230122058e+00
1.909641734926072e+00
1.920698154302741e+00
1.921251640885884e+00
1.746697816642000e+00
1.776436498220892e+00
1.719477138022479e+00
1.811208793065805e+00
1.745886631838762e+00
1.754511632656413e+00
1.750486284339099e+00
1.655748629815563e+00
1.651224100958462e+00
1.717189273164661e+00
1.718543340608707e+00
1.757908710561299e+00
1.787149396193142e+00
1.736064940469794e+00
1.753152529557242e+00
1.722191659324123e+00
1.807487240757387e+00
1.649181489969482e+00
1.751743296430319e+00
1.753019587421925e+00
1.784783211374660e+00
1.744212904070375e+00
1.758997485777036e+00
1.811396942180402e+00
1.830019171125839e+00
1.748902632854878e+00
1.747442967261523e+00
1.751185998956932e+00
1.737247174733993e+00
1.660419918938939e+00
1.655475995950037e+00
1.742592932481813e+00
1.750593575068467e+00
1.719332831300275e+00
1.741456485491854e+00
1.740804949340605e+00
1.652890901550287e+00
1.741218099408649e+00
1.769403617784078e+00
1.722941769146884e+00
1.738331992276714e+00
1.749221831826819e+00
1.657823836250827e+00
1.739076797527854e+00
1.815136139427014e+00
1.812926156923659e+00
1.811233042431622e+00
1.802130890774048e+00
1.854935965326716e+00
1.858439358788527e+00
1.802364921322216e+00
1.857157690606666e+00
1.899784505654807e+00
1.858544892470226e+00
1.879962682930324e+00
1.879880493636462e+00
1.827075822846173e+00
1.845087057003729e+00
1.870343103138433e+00
1.895383177725228e+00
1.883660452474653e+00
1.912725613029903e+00
1.920676240604206e+00
1.920185419302844e+00
1.905986283102719e+00
1.972536137730852e+00
1.989445055911853e+00
1.982132017312133e+00
1.976660771311555e+00
1.982312439080878e+00
1.976594378079991e+00
1.841225981623080e+00
1.862848730507696e+00
1.805422954255136e+00
1.807110284410280e+00
1.812173514548997e+00
1.796527826225217e+00
1.860482911532105e+00
1.858889283434605e+00
1.910063774728713e+00
1.922661444293812e+00
1.958038085852874e+00
1.973660073955002e+00
1.923661693783203e+00
1.879783602753558e+00
1.915550082537876e+00
1.866313701411348e+00
1.883154635178147e+00
1.893883893288827e+00
1.821255378881484e+00
1.815872213283118e+00
1.808944558150277e+00
1.807178745255832e+00
1.870327897294032e+00
1.868783176575207e+00
1.739456298071363e+00
1.852843621480312e+00
1.912341660655263e+00
1.879955984629625e+00
1.905359930578485e+00
1.892886192476153e+00
1.987574025266200e+00
1.988535303315048e+00
1.986692797697916e+00
1.978880865390371e+00
1.979050285081448e+00
1.988584501017420e+00
1.971426592563958e+00
1.979160374591563e+00
1.869450821239972e+00
1.804967118288856e+00
1.852297967604352e+00
1.873186130261499e+00
1.866393508650518e+00
1.808452125520250e+00
1.974305873715309e+00
1.976450080349724e+00
1.988933760307998e+00
1.976840204314618e+00
1.973016651113010e+00
1.960431896486537e+00
1.975700145833355e+00
1.976842949868039e+00
1.971629451137580e+00
1.951763540292468e+00
1.959607622325910e+00
1.957791981868773e+00
1.971820630029380e+00
1.977032884431794e+00
1.970735423237804e+00
1.941305963642252e+00
1.947683609117148e+00
1.950420420939205e+00
1.950278372888727e+00
1.960660660268779e+00
1.952670546411412e+00
1.958039444366952e+00
1.951565299829929e+00
1.944754402295849e+00
1.920675396742778e+00
1.952488314268808e+00
1.968724620778654e+00
1.949073605244625e+00
1.827366026712928e+00
1.864210399065813e+00
1.860024846522548e+00
1.851029063563655e+00
1.868526023361204e+00
1.867581196679267e+00
1.864537375643651e+00
1.886510346570531e+00
1.857873787248108e+00
1.864776079746425e+00
1.895600876773618e+00
1.864956571234879e+00
1.804298846289063e+00
1.818813831729817e+00
1.807315905977116e+00
1.793679195110348e+00
1.905399410785802e+00
1.887770947283423e+00
1.939192056810007e+00
1.930527124777774e+00
1.907049240125068e+00
1.805933563591556e+00
1.819079673477036e+00
1.851684531940175e+00
1.800828657196864e+00
1.799805952522780e+00
1.914541615449527e+00
1.911894941520233e+00
1.902951815571380e+00
1.907440302033171e+00
1.944494063716560e+00
1.865733370173422e+00
1.862221010035995e+00
1.904046564692363e+00
1.797008807539511e+00
1.821214566373964e+00
1.806903935158673e+00
1.813234690201847e+00
1.737842871446346e+00
1.867147438725030e+00
1.853572656937621e+00
1.914634451293926e+00
1.910661484349152e+00
1.924725234028686e+00
1.912495672598739e+00
1.939568752423153e+00
1.940949265815155e+00
1.919535897900090e+00
1.920948962908120e+00
1.936263893978458e+00
1.932529452552861e+00
1.745266470118945e+00
1.810767764896417e+00
1.804772692032337e+00
1.742169918082937e+00
1.816466528456040e+00
1.860547287061766e+00
1.866279030718537e+00
1.899700765407498e+00
1.908460916189571e+00
1.873486739760468e+00
1.816573443033522e+00
1.793584928070311e+00
1.809803305311970e+00
1.797660401741905e+00
1.738582930745745e+00
1.657608926816076e+00
1.654244362641295e+00
1.741998531066084e+00
1.722183329320570e+00
1.709822399610108e+00
1.650389633544529e+00
1.751984178262845e+00
1.651600784504808e+00
1.712560380859089e+00
1.722892732735772e+00
1.711382432436369e+00
1.798089514350341e+00
1.819993459537665e+00
1.817221929354366e+00
1.750438137091489e+00
1.760401175172707e+00
1.734005126366089e+00
1.772390320682071e+00
1.745819803286391e+00
1.749803155574163e+00
1.757135396855413e+00
1.757915603018474e+00
1.743270563270264e+00
1.738290036182844e+00
1.739055002056400e+00
1.662769896502762e+00
1.659106510709644e+00
1.743396736037160e+00
1.651066766870183e+00
1.944648195740300e+00
1.951168755712864e+00
1.968238989906970e+00
1.974003194639577e+00
1.972936431565367e+00
1.969311231617951e+00
1.946050166494278e+00
1.949514153124140e+00
1.954739491384842e+00
1.960245770114815e+00
1.965863061612277e+00
1.930236466385756e+00
1.916244350532748e+00
1.746494204827521e+00
1.652436434134714e+00
1.720401672833519e+00
1.648773661563911e+00
1.734240360143775e+00
1.656651344613206e+00
1.650453454611921e+00
1.742814068503293e+00
1.656099744204546e+00
1.720099333316120e+00
1.716718177916717e+00
1.717905416941843e+00
1.988749099999682e+00
1.990127579211558e+00
1.989451224207645e+00
1.989539897648254e+00
1.800134717946045e+00
1.853148130217645e+00
1.806981215677228e+00
1.786229191604629e+00
1.812393130526249e+00
1.812787467049699e+00
1.805781237654437e+00
1.824072299277911e+00
1.821933044952638e+00
1.741429825593892e+00
1.900194760082250e+00
1.913318779793909e+00
1.918853868649931e+00
1.919023699358452e+00
1.863066527053120e+00
1.852723510156906e+00
1.843535549819784e+00
1.852166961160320e+00
1.809352862106033e+00
1.785235642535988e+00
1.951577934187515e+00
1.918935000571498e+00
1.920755065630390e+00
1.912209288646179e+00
1.908818906779612e+00
1.922485611575477e+00
1.945427380446844e+00
1.919236292625727e+00
1.943172170148221e+00
1.956213125709080e+00
1.957026589150495e+00
1.947184562075549e+00
1.947456242598731e+00
1.954367133510941e+00
1.764916758612464e+00
1.823154511640733e+00
1.841945322379419e+00
1.821564847651282e+00
1.810493088742403e+00
1.823494730733484e+00
1.987269609896329e+00
1.981432462267587e+00
1.988868981475334e+00
1.981585633632630e+00
1.972423770284551e+00
1.957379079562563e+00
1.944005868779442e+00
1.946631057754419e+00
1.960200657756009e+00
1.975237436011848e+00
1.955113994732498e+00
1.971698237187374e+00
1.975784766508530e+00
1.942298001472356e+00
1.942435304377163e+00
1.947361967090408e+00
1.947062797389402e+00
1.921978266744166e+00
1.928980512598274e+00
1.948909541162122e+00
1.901417874883534e+00
1.917001236661538e+00
1.909174805341496e+00
1.901016086380921e+00
1.864569688772572e+00
1.904782828716234e+00
1.863093470046479e+00
1.858303373140892e+00
1.871502889608546e+00
1.874638152695612e+00
1.875855261038817e+00
1.873624579115965e+00
1.809070225512995e+00
1.816131238610601e+00
1.822281133599408e+00
1.943828104178431e+00
1.913892291905373e+00
1.942130445710910e+00
1.945374772638712e+00
1.912296071451460e+00
1.939833961130493e+00
1.906681348231905e+00
1.921421644977545e+00
1.907191464850679e+00
1.904370533327652e+00
1.746447533764984e+00
1.812670305258888e+00
1.818867606982582e+00
1.813986083701062e+00
1.740483393191620e+00
1.749066174235198e+00
1.862915855038036e+00
1.823300846704978e+00
1.875435273050283e+00
1.873710436153968e+00
1.877610663784021e+00
1.807382742295752e+00
1.953620091387273e+00
1.953777280850929e+00
1.951137787487662e+00
1.919913935502276e+00
1.849768109894002e+00
1.858541425858747e+00
1.863022811954240e+00
1.867664994076919e+00
1.814730847974943e+00
1.792028904680882e+00
1.964621924567923e+00
1.962531209484752e+00
1.955395017705436e+00
1.956305216983825e+00
1.726110730033579e+00
1.745918971989740e+00
1.652339152067235e+00
1.654609696585028e+00
1.747130207817759e+00
1.753876869330818e+00
1.745255817946510e+00
1.802442417271103e+00
1.803481485768906e+00
1.864278199191743e+00
1.855857558026404e+00
1.831224417044665e+00
1.866047262103414e+00
1.872545481184163e+00
1.823037149529679e+00
1.803936467061691e+00
1.807325486349379e+00
1.799399081856283e+00
1.863881116186208e+00
1.872762863986098e+00
1.875980050195567e+00
1.866594158464476e+00
1.865606166374243e+00
1.803231901267890e+00
1.844838826597430e+00
1.868518585303962e+00
1.876324312725794e+00
1.875887215908009e+00
1.914688554966232e+00
1.903958824520387e+00
1.949091366490186e+00
1.922921354601287e+00
1.916377518819049e+00
1.976143971585470e+00
1.980798487641823e+00
1.984323376894683e+00
1.975344567104867e+00
1.985012218153124e+00
1.903469739028282e+00
1.944673187330853e+00
1.918519474865630e+00
1.893776630236570e+00
1.912111107928884e+00
1.865275920021152e+00
1.861242701096577e+00
1.908448985389993e+00
1.852216437847116e+00
1.796532983486313e+00
1.835815382888796e+00
1.861990895394440e+00
1.843486843783845e+00
1.862220917399813e+00
1.798030975173986e+00
1.751021962215115e+00
1.816534624376066e+00
1.830029663151405e+00
1.862792323286590e+00
1.867977422084319e+00
1.807313126836900e+00
1.874012616879812e+00
1.920079305799088e+00
1.873816358399351e+00
1.919241543298405e+00
1.921919619962468e+00
1.922103576508253e+00
1.872823283520427e+00
1.863801682612701e+00
1.846800700217455e+00
1.856638534436608e+00
1.864433917904995e+00
1.807893131331570e+00
1.804104102682554e+00
1.867710532880729e+00
1.910481977864453e+00
1.906439064844871e+00
1.882638796659757e+00
1.902027409389362e+00
1.918268173496671e+00
1.876730297774335e+00
1.914204104732987e+00
1.867841399035305e+00
1.918064288204880e+00
1.827016158963039e+00
1.812428368424294e+00
1.813442655115655e+00
1.739883047384704e+00
1.740892356904801e+00
1.801138224165321e+00
1.869734606660466e+00
1.733580110119306e+00
1.787820470030850e+00
1.751989056515153e+00
1.746356987247548e+00
1.742664729729374e+00
1.661675175287013e+00
1.739859448839850e+00
1.738384106744138e+00
1.741236893682697e+00
1.747052260420763e+00
1.650568926208185e+00
1.648658904460553e+00
1.789761105782093e+00
1.719190795602721e+00
1.813044916102122e+00
1.752797717335982e+00
1.810562011298351e+00
1.751023809373106e+00
1.806416591766832e+00
1.791758939143269e+00
1.807817344475721e+00
1.660048477501631e+00
1.740431622441993e+00
1.659248544313806e+00
1.752840152346108e+00
1.705830499880955e+00
1.749887230972018e+00
1.753753448814380e+00
1.750149645400785e+00
1.808996203626029e+00
1.755801110991237e+00
1.653964309825835e+00
1.753290058619084e+00
1.655415673081325e+00
1.656276918698326e+00
1.749100990892829e+00
1.748421003264130e+00
1.658303674878832e+00
1.656015833793818e+00
1.656046370507738e+00
1.749492165503644e+00
1.743624942808745e+00
1.743555419777513e+00
1.800963401997551e+00
1.746338605309252e+00
1.732465155243450e+00
1.658773199783288e+00
1.743199863847640e+00
1.752892112838152e+00
1.654615057622600e+00
1.712338052552614e+00
1.749307023800033e+00
1.753094744764154e+00
1.652647863161322e+00
1.659540900891024e+00
1.742064373618273e+00
1.660042728048479e+00
1.710141822300412e+00
1.336446944504297e+00
1.336552797909362e+00
1.713856327754663e+00
9.176636650649842e-01
1.736464048766179e+00
1.802739290631409e+00
1.787766525238179e+00
1.811412491623561e+00
1.817989356019520e+00
1.752388974229588e+00
1.651071647017935e+00
1.651923623220080e+00
1.749632474586971e+00
1.652784590072869e+00
1.727596936473125e+00
1.662860195312081e+00
1.335124434319745e+00
1.707460110937098e+00
1.714527183627709e+00
1.335043411622287e+00
1.657854318285717e+00
1.654797892246498e+00
1.720758948371949e+00
1.712995455985090e+00
1.333266670087331e+00
1.340437551803366e+00
9.164810600008503e-01
1.745053565362692e+00
1.745479152423187e+00
1.649715435822785e+00
1.657841571246994e+00
1.714591630595653e+00
1.722336368804313e+00
1.741453386520922e+00
1.740810748403864e+00
1.748766380329129e+00
1.815096778009692e+00
1.736247321897789e+00
1.019960265401395e+00
1.019734989478009e+00
9.949176048192880e-01
9.947375079131501e-01
1.002541434536845e+00
9.947409271587623e-01
1.002553253030777e+00
1.002548286447788e+00
1.737965055631673e+00
1.731385067278975e+00
1.801755872969671e+00
1.796843111525809e+00
1.743826489369359e+00
1.733752805741216e+00
1.805122778121812e+00
1.756744389488041e+00
1.741093498030894e+00
1.729786068641523e+00
1.750474045252408e+00
1.744968375927260e+00
1.744415117132382e+00
1.656528730532818e+00
1.716465314003715e+00
1.796380045642866e+00
1.748442565219986e+00
1.742099666904893e+00
1.776117004092526e+00
1.736990796238119e+00
1.748048888270993e+00
1.733682418507745e+00
1.746067962929680e+00
1.748736281339078e+00
1.746090911777203e+00
1.711842026466213e+00
1.705086755808290e+00
1.336436339162184e+00
1.655396114307640e+00
1.656003108261447e+00
1.334630424294903e+00
1.717997569527815e+00
1.719274093655812e+00
1.334265900984032e+00
1.716242548579507e+00
1.713152897552396e+00
1.331951037313079e+00
1.715184216098018e+00
1.656997141951435e+00
1.657665120067824e+00
1.336021406749063e+00
1.717733277373366e+00
1.333869943466687e+00
9.171257262756608e-01
1.332231415843516e+00
1.729503937862397e+00
1.717384283063622e+00
1.328726788913616e+00
1.650607139933596e+00
1.331257822345478e+00
1.730516807695734e+00
1.333338796545208e+00
1.715682248273539e+00
1.332873810458084e+00
9.180946802875033e-01
1.330314357464785e+00
1.714893597000044e+00
1.336946213509900e+00
9.191366327918685e-01
9.192713353714116e-01
1.715794007799810e+00
1.326975679492631e+00
1.650612328206755e+00
1.714747268697064e+00
1.708192768710296e+00
1.329311993720342e+00
1.335123930357328e+00
1.711181520430902e+00
1.337325580253527e+00
1.704710435865786e+00
1.341353672664808e+00
1.335873508174213e+00
1.718194278262198e+00
1.705590001815475e+00
1.659176248666733e+00
1.657186646314660e+00
1.713283098707633e+00
1.332118143437515e+00
1.723423825690544e+00
1.334881955281459e+00
9.191110507883198e-01
9.186623426025943e-01
1.338809402555984e+00
1.333225845008062e+00
9.183938841704918e-01
9.187133107719383e-01
9.162698800778570e-01
1.337283742782558e+00
1.334393236774376e+00
1.331349757370069e+00
1.336011986035490e+00
9.182434072710991e-01
9.182441958880978e-01
1.325167437930577e+00
1.329903953298829e+00
1.334798305137231e+00
9.194885182643208e-01
9.192060618245216e-01
1.019445516955549e+00
1.712369689630711e+00
1.331081792477984e+00
1.651801047206030e+00
1.658780965333172e+00
1.721380745824543e+00
1.712726999569943e+00
1.706624095574707e+00
1.335515458210004e+00
1.706320057544211e+00
1.660897603969264e+00
1.652653243886347e+00
1.710990611157113e+00
1.336215658725497e+00
1.710135633553060e+00
1.718572432296896e+00
1.661365970207613e+00
1.704900552916956e+00
1.335138018066499e+00
1.341721997529864e+00
1.713549713106697e+00
1.650552910648406e+00
1.743509541573326e+00
1.663757586721336e+00
1.755257634999493e+00
1.656126396517185e+00
1.716864866294143e+00
1.718090729158199e+00
1.719414044484673e+00
1.335184104017002e+00
1.333411104787941e+00
1.330269924354135e+00
9.176531360907974e-01
9.196211481338077e-01
1.650655708205906e+00
1.709783523103132e+00
1.659195083179237e+00
1.712525413763527e+00
1.661742920204079e+00
1.704040598948222e+00
1.746588443632556e+00
1.656690029864276e+00
1.754352016009456e+00
1.654269436668826e+00
1.748067822950658e+00
1.655427726347558e+00
1.711750196560729e+00
1.336935352139981e+00
1.330839015545861e+00
1.654580273523777e+00
1.717003347636349e+00
1.748679122823605e+00
1.657982675160621e+00
1.711643975652620e+00
1.335003724019450e+00
1.711764351552754e+00
1.661498755273954e+00
1.650812729461177e+00
1.741171583942301e+00
1.737307572402535e+00
1.713400796180965e+00
1.654393802687569e+00
1.651301780962921e+00
1.748592474659320e+00
1.747765037227882e+00
1.715949401605818e+00
1.727113989073768e+00
1.745910676334643e+00
1.650679348004125e+00
1.654979262448332e+00
1.728943973147758e+00
1.715384966893346e+00
1.334831102248613e+00
1.332029023183543e+00
1.718191796969255e+00
1.718277776883355e+00
1.657273998008705e+00
1.750912644882807e+00
1.750855095899513e+00
1.331579724876106e+00
9.183304045295642e-01
1.019849199058966e+00
1.020140336803837e+00
9.947570696438061e-01
9.948863045002866e-01
1.002547529575640e+00
1.002551325875201e+00
9.187457799080342e-01
9.176567264301411e-01
1.019689442219053e+00
1.331708671278226e+00
1.708303352984282e+00
1.336413269436774e+00
1.020036942829074e+00
9.182250422580824e-01
9.175585491683496e-01
1.020037241929382e+00
1.019966960451739e+00
9.185751616332821e-01
1.331640077464894e+00
9.185710961862519e-01
9.197330229353358e-01
1.330683231328705e+00
1.331174642924954e+00
1.331243282219889e+00
9.178285561045908e-01
1.019947955029955e+00
9.195149270420782e-01
1.019826133331956e+00
9.949066363884909e-01
9.947683576889840e-01
1.002533165429327e+00
1.020060514195054e+00
9.196016344110037e-01
9.180596641393197e-01
1.020155278717677e+00
9.169972430887080e-01
1.337934695715566e+00
1.020159950336420e+00
9.184008220951624e-01
1.020175959878097e+00
9.948289696695271e-01
1.002554326567990e+00
1.002579051849074e+00
1.020007221413325e+00
9.194014541244848e-01
1.020083546593926e+00
1.020468259948527e+00
9.184682364144933e-01
9.171174792091626e-01
1.020414799834351e+00
9.166854878529674e-01
1.020070061595341e+00
9.187911544206476e-01
9.947931872830512e-01
9.947542417016343e-01
1.002564368390885e+00
9.165952625911578e-01
1.020082881020634e+00
1.019957340750030e+00
9.947109122623649e-01
1.002546957800474e+00
1.002591749463687e+00
1.020235723971569e+00
9.948434492982426e-01
1.002561034196101e+00
9.948291910773415e-01
9.946540342495817e-01
1.002581835024198e+00
1.002592471956540e+00
1.020462781923839e+00
9.194091273960390e-01
1.019848786787891e+00
1.019888849950957e+00
9.181379929291436e-01
9.174068280948388e-01
1.020180079882326e+00
9.183251337898845e-01
1.019891860327682e+00
9.194446966238864e-01
9.171946765638768e-01
1.019958035682142e+00
1.020242709235571e+00
1.019775243369462e+00
9.947493979379597e-01
1.002564867660026e+00
9.948357140186191e-01
1.002559852564030e+00
1.020175299889490e+00
9.185717781933637e-01
1.330179700364743e+00
1.332882633217044e+00
9.187109325760526e-01
9.176598995346025e-01
1.337352793826581e+00
1.020026214335664e+00
9.178311746658464e-01
1.332526026609730e+00
9.171726099267800e-01
9.190736858990630e-01
1.337097545839539e+00
1.704643998884348e+00
9.173223382397983e-01
9.181487835328153e-01
9.207574132445905e-01
1.334519895709245e+00
1.331414256984132e+00
9.176602743680916e-01
9.184730085160211e-01
9.947800942432860e-01
1.002592607714021e+00
1.332661446563288e+00
1.330176997602010e+00
9.188770012997477e-01
1.329522790576371e+00
1.713886324276337e+00
9.190774308312852e-01
9.174657678327123e-01
1.019987932789808e+00
1.020111699365976e+00
9.947566327894172e-01
9.946891455052443e-01
1.002604869278910e+00
9.948212620956872e-01
1.002590949498849e+00
9.174411705337633e-01
1.020044552251169e+00
9.947240239899052e-01
9.948751366892686e-01
1.002557265793026e+00
9.190035046313942e-01
9.164579613587088e-01
1.339373200389624e+00
1.335790694432552e+00
9.187847360760011e-01
1.020383938991774e+00
1.020173457233559e+00
9.182781212287375e-01
1.340095210287109e+00
1.716747342767105e+00
1.334292156931022e+00
9.195963976473435e-01
1.333376379429383e+00
1.332907605707672e+00
1.715489287928953e+00
1.714188159367062e+00
9.180740901767001e-01
1.333067903188136e+00
9.184031208228915e-01
1.336581972962913e+00
1.708815714333984e+00
1.715604192538640e+00
9.202926799006691e-01
1.762912075031277e+00
1.746923222057826e+00
1.729019622069002e+00
1.654190622237795e+00
9.183473445094542e-01
9.167161354100483e-01
1.336448551541787e+00
9.177999898065399e-01
1.020102514101358e+00
9.186152280203232e-01
9.189175710688788e-01
1.019932324642287e+00
9.948039583021611e-01
9.947355822083650e-01
1.002567317645373e+00
1.019925004102726e+00
1.020409744700153e+00
9.947052638097876e-01
1.002605061383173e+00
9.946516138580704e-01
1.002594456739544e+00
9.949128967801590e-01
1.002572563859885e+00
1.002516746892210e+00
1.020293917240069e+00
1.019669073001172e+00
1.020319678252113e+00
9.949574886623782e-01
1.002550558717581e+00
1.019740103350864e+00
1.019945416258938e+00
9.948393318293655e-01
1.002503495311845e+00
9.948165681256020e-01
9.947350256459747e-01
1.002571440768856e+00
9.948597849286651e-01
1.002566800581601e+00
1.002545523491238e+00
9.947184931673604e-01
1.002564431743210e+00
1.020003439455954e+00
9.948720691487842e-01
1.002536114205926e+00
1.002569063109177e+00
9.947994807783284e-01
1.002564523308751e+00
1.019849707806911e+00
1.019603800624236e+00
9.948736712594632e-01
1.002544010553071e+00
9.948852176815788e-01
1.002561594550163e+00
9.949146296947772e-01
1.002534037615589e+00
1.020037805162118e+00
1.019719848709070e+00
9.947576125861323e-01
9.949301616566885e-01
1.002518583631447e+00
1.002546509071950e+00
1.019660121653392e+00
1.019971838680374e+00
9.948051981671968e-01
1.002564053318546e+00
9.948075987869808e-01
1.002590823138859e+00
1.002578844506802e+00
1.020045643056046e+00
1.020372150103322e+00
9.946800027446626e-01
9.947147292691439e-01
9.947793419843884e-01
1.002546561057872e+00
9.948332165198669e-01
9.947278965123098e-01
1.002568950050561e+00
1.002597785711595e+00
9.947988096959869e-01
9.948760001853937e-01
1.002540011423089e+00
1.019579436436283e+00
1.020047153969949e+00
1.002518696629042e+00
1.002594296934851e+00
9.948863302586435e-01
1.002563547293697e+00
9.193739769377988e-01
1.019749634244002e+00
1.019904713101529e+00
1.333601028590333e+00
9.946764167629615e-01
1.002595315152938e+00
9.947431748811041e-01
1.002552297398003e+00
1.019886970995022e+00
9.948378323878174e-01
1.777544662236391e+00
1.799427149869250e+00
1.810433131274982e+00
1.737260406851505e+00
1.752827909226846e+00
9.947513886746371e-01
9.947295540073531e-01
1.002610134800962e+00
1.002548582705631e+00
9.948371321473891e-01
1.002561196052205e+00
9.947504389532479e-01
1.020064380645468e+00
9.181602059572708e-01
9.948735798873086e-01
1.002539656098913e+00
1.020126045951396e+00
9.948292963353953e-01
1.019910385776552e+00
1.002575889549831e+00
1.002570635001559e+00
9.947657663422418e-01
9.947331105775624e-01
9.947827797299083e-01
9.947835946195340e-01
1.002565141560097e+00
1.002538731260041e+00
1.002593287480762e+00
9.947919213394504e-01
1.019971757066379e+00
9.947775363906950e-01
9.948981835537619e-01
1.002533966646095e+00
1.002577944187751e+00
1.002550416727469e+00
9.948674198015806e-01
9.946910911842181e-01
1.020161317054582e+00
1.020226998274590e+00
9.185846735025557e-01
1.002573107248744e+00
1.002568785965400e+00
1.019969276702592e+00
9.947488492111144e-01
9.949482649648179e-01
1.019793251766340e+00
1.002555635352129e+00
1.002535169368025e+00
1.002525744368824e+00
9.948737877035794e-01
9.947417257736718e-01
1.020063352382135e+00
9.176731795586411e-01
1.019880532419749e+00
1.002556528682127e+00
1.002591926040912e+00
1.750814913685573e+00
1.785005454297748e+00
1.724140718777418e+00
1.732727715016222e+00
1.805293798229332e+00
1.801204350226637e+00
1.814543752703683e+00
1.732147472270510e+00
1.744398907900803e+00
1.736784025185488e+00
1.661767645775409e+00
1.717853472641515e+00
1.332473994905831e+00
1.333186709217342e+00
1.019396046716481e+00
9.208350680791637e-01
9.190637965093607e-01
9.184377598095930e-01
1.020042474265615e+00
9.947833710251843e-01
1.020112930562716e+00
9.169741042294154e-01
1.002531686058446e+00
9.947510259730962e-01
1.002593414987542e+00
1.019709909978726e+00
9.947415205060545e-01
1.020297228695791e+00
1.002551901474795e+00
1.002555060299403e+00
9.947784190663601e-01
1.019733295730304e+00
1.002560009155673e+00
1.002575487629365e+00
9.948209941056367e-01
9.947609293141052e-01
1.019805371953979e+00
9.949372808775357e-01
1.019846918137697e+00
1.002522950087174e+00
1.002530225739618e+00
1.002574235674549e+00
