# vtk DataFile Version 4.0
vtk output
ASCII
DATASET UNSTRUCTURED_GRID

POINTS 1102 float
1.789497339555959e-02 -2.582573947584362e-01 0.000000000000000e+00 
-1.588982043613666e-02 -2.529049646365490e-01 0.000000000000000e+00 
5.615763538541122e-03 -2.263255045133770e-01 0.000000000000000e+00 
-6.650121512379888e-03 -1.944110225976159e-01 0.000000000000000e+00 
-2.815617178347266e-02 -2.209908482848764e-01 0.000000000000000e+00 
3.455611224046924e-01 -1.978901354747473e-01 0.000000000000000e+00 
3.072105756781886e-01 -1.859277148802892e-01 0.000000000000000e+00 
3.137759310004164e-01 -2.190152775987240e-01 0.000000000000000e+00 
2.831108765982312e-01 -2.103734234579132e-01 0.000000000000000e+00 
2.904332882449574e-01 -2.396188776969916e-01 0.000000000000000e+00 
-1.714737734363024e-01 -3.500470407761290e-01 0.000000000000000e+00 
-1.479794706358268e-01 -3.739040828906162e-01 0.000000000000000e+00 
-1.743758879495856e-01 -3.930560388822356e-01 0.000000000000000e+00 
-1.425962897773875e-01 -4.056677188805184e-01 0.000000000000000e+00 
-1.709907040492967e-01 -4.307332387487302e-01 0.000000000000000e+00 
-2.045348514899436e-01 -4.149787183913924e-01 0.000000000000000e+00 
1.294885896855122e-01 -3.736047304974192e-01 0.000000000000000e+00 
1.148197073009292e-01 -3.386193131547024e-01 0.000000000000000e+00 
8.693007554040703e-02 -3.580891118452630e-01 0.000000000000000e+00 
1.014020149289707e-01 -3.878278953806382e-01 0.000000000000000e+00 
1.530199946998290e-01 -3.474581255130756e-01 0.000000000000000e+00 
7.686224462237724e-02 -3.283630829599708e-01 0.000000000000000e+00 
1.263556179653071e-01 -4.110161284044768e-01 0.000000000000000e+00 
-2.821375518687942e-01 2.775552674877990e-01 0.000000000000000e+00 
-2.556314725111622e-01 3.031462229188028e-01 0.000000000000000e+00 
-2.673491350655138e-01 2.393211479346938e-01 0.000000000000000e+00 
-2.456187619987152e-01 2.655375537327070e-01 0.000000000000000e+00 
-2.244085029865228e-01 2.896443831164656e-01 0.000000000000000e+00 
-2.336817344501816e-01 2.315119053313502e-01 0.000000000000000e+00 
-2.121428592829170e-01 2.577296323431532e-01 0.000000000000000e+00 
-3.328596101671882e-01 -1.687662251315762e-01 0.000000000000000e+00 
-3.682605425838832e-01 -1.582729149960578e-01 0.000000000000000e+00 
-3.785160430739592e-01 -1.281669263060422e-01 0.000000000000000e+00 
-3.562652602421824e-01 -1.889510342969846e-01 0.000000000000000e+00 
-3.895113692761740e-01 -1.821562329556692e-01 0.000000000000000e+00 
-4.027524042555524e-01 -1.506336644524461e-01 0.000000000000000e+00 
3.853175501220352e-01 1.084054208364484e-01 0.000000000000000e+00 
3.650037489621146e-01 7.662756824244758e-02 0.000000000000000e+00 
3.781671306245102e-01 4.718818428907056e-02 0.000000000000000e+00 
3.960365331216446e-01 7.643562849302422e-02 0.000000000000000e+00 
4.057715303249744e-01 4.863992281044872e-02 0.000000000000000e+00 
4.245713970326234e-01 6.811115049510254e-02 0.000000000000000e+00 
3.925091757612502e-01 -7.924337771340814e-02 0.000000000000000e+00 
3.575272682894160e-01 -7.310408242526494e-02 0.000000000000000e+00 
3.684441303722560e-01 -1.047003554918478e-01 0.000000000000000e+00 
3.803221257427210e-01 -1.361350582242769e-01 0.000000000000000e+00 
3.635857072679242e-01 -1.658921529070257e-01 0.000000000000000e+00 
3.964453175331288e-01 -1.665266050997756e-01 0.000000000000000e+00 
3.939275508564320e-01 -1.117017505852071e-01 0.000000000000000e+00 
-1.139007656433601e-01 -3.258135883587118e-01 0.000000000000000e+00 
-9.261416170978638e-02 -3.004718384237554e-01 0.000000000000000e+00 
-1.264456679446914e-01 -2.954009563854610e-01 0.000000000000000e+00 
-8.034314922605970e-02 -3.326018863168366e-01 0.000000000000000e+00 
-1.049299417870538e-01 -2.687733166241350e-01 0.000000000000000e+00 
-1.387119229269020e-01 -2.634806980359226e-01 0.000000000000000e+00 
-1.602179813607238e-01 -2.900605794491156e-01 0.000000000000000e+00 
-1.108273468921474e-01 2.417249816645138e-01 0.000000000000000e+00 
-7.705572825167850e-02 2.363888379140766e-01 0.000000000000000e+00 
-8.932227281328935e-02 2.682990803225502e-01 0.000000000000000e+00 
-1.323334212721462e-01 2.151451876366290e-01 0.000000000000000e+00 
-1.876113009464176e-01 1.939002349228038e-01 0.000000000000000e+00 
-1.998770984592873e-01 2.258150130159956e-01 0.000000000000000e+00 
-2.213831303676814e-01 1.992351079209771e-01 0.000000000000000e+00 
-1.661052506934057e-01 2.204800606348042e-01 0.000000000000000e+00 
-1.753455217781681e-01 1.619855362126295e-01 0.000000000000000e+00 
-1.538394715251577e-01 1.885653619246302e-01 0.000000000000000e+00 
-9.512184748708963e-03 2.257205266568594e-01 0.000000000000000e+00 
2.753652707639706e-03 1.938057655292226e-01 0.000000000000000e+00 
-3.101800954187080e-02 1.991403393243266e-01 0.000000000000000e+00 
-4.328377914141416e-02 2.310550727760572e-01 0.000000000000000e+00 
5.181711134630970e-02 6.614701027123000e-02 0.000000000000000e+00 
3.031101382575108e-02 3.956707594095792e-02 0.000000000000000e+00 
6.408283564907678e-02 3.423221133537504e-02 0.000000000000000e+00 
8.558889678038742e-02 6.081204264223584e-02 0.000000000000000e+00 
1.804525866605061e-02 7.148175133754039e-02 0.000000000000000e+00 
9.785465951978276e-02 2.889733333491936e-02 0.000000000000000e+00 
-3.043818879460282e-01 2.506596769291154e-03 0.000000000000000e+00 
-2.706099938749832e-01 -2.828291057550960e-03 0.000000000000000e+00 
-3.166476024644938e-01 3.442128065079772e-02 0.000000000000000e+00 
-3.380482754014452e-01 7.756152532452580e-03 0.000000000000000e+00 
-3.258704654355302e-01 -2.408742200112464e-02 0.000000000000000e+00 
-3.289133816327420e-01 6.633597936097260e-02 0.000000000000000e+00 
-2.828757730432318e-01 2.908640765262360e-02 0.000000000000000e+00 
-2.951415793869372e-01 6.100111006802988e-02 0.000000000000000e+00 
-1.877750477807188e-01 -1.358219588964183e-01 0.000000000000000e+00 
-1.662690814545380e-01 -1.092420899334495e-01 0.000000000000000e+00 
-6.495345529541430e-02 -1.252465794592816e-01 0.000000000000000e+00 
-4.344744979582382e-02 -9.866682929461627e-02 0.000000000000000e+00 
-1.845857928629314e-01 1.034910117904543e-01 0.000000000000000e+00 
-2.183576428055158e-01 1.088258646121501e-01 0.000000000000000e+00 
-2.060918431159442e-01 7.691118607845319e-02 0.000000000000000e+00 
-2.091173511994306e-01 1.673204092108029e-01 0.000000000000000e+00 
-2.306234014524434e-01 1.407405834988012e-01 0.000000000000000e+00 
-1.968515720311808e-01 1.354057105006287e-01 0.000000000000000e+00 
-3.221277880495916e-01 -1.142073710964758e-01 0.000000000000000e+00 
-3.012838230290448e-01 -8.788016620122641e-02 0.000000000000000e+00 
-3.100812155819546e-01 -1.461806880161664e-01 0.000000000000000e+00 
-2.890905968346588e-01 -1.198172739807399e-01 0.000000000000000e+00 
-2.675724999914668e-01 -9.323362578876802e-02 0.000000000000000e+00 
-2.553187066232390e-01 -1.251522129000731e-01 0.000000000000000e+00 
-3.436667259127136e-01 -1.377454010572389e-01 0.000000000000000e+00 
-2.613697301759244e-01 5.566622747234742e-02 0.000000000000000e+00 
-2.275978686362538e-01 5.033134035492998e-02 0.000000000000000e+00 
-2.398637166138448e-01 8.224603795436786e-02 0.000000000000000e+00 
-2.153321142007078e-01 1.841666165627743e-02 0.000000000000000e+00 
-2.491039436219700e-01 2.375153465445030e-02 0.000000000000000e+00 
3.333651302847594e-02 -5.084211254829792e-02 0.000000000000000e+00 
2.107069174813110e-02 -1.892744933093222e-02 0.000000000000000e+00 
5.484255051862210e-02 -2.426231137977622e-02 0.000000000000000e+00 
6.710831546403660e-02 -5.617700873002346e-02 0.000000000000000e+00 
7.634857142240484e-02 2.317503382898552e-03 0.000000000000000e+00 
4.257674200114238e-02 7.652376381069894e-03 0.000000000000000e+00 
4.560233369134200e-02 -8.275679712113768e-02 0.000000000000000e+00 
1.183042066336860e-02 -7.742197375310816e-02 0.000000000000000e+00 
-2.798165235871688e-01 -6.132006306025304e-02 0.000000000000000e+00 
-3.135030121887496e-01 -5.599817209534134e-02 0.000000000000000e+00 
-2.920878361204328e-01 -2.941164355691666e-02 0.000000000000000e+00 
-2.583443142291482e-01 -3.474293695773356e-02 0.000000000000000e+00 
-2.460784355384836e-01 -6.665768847789912e-02 0.000000000000000e+00 
-3.466958749965810e-01 -5.070056551190644e-02 0.000000000000000e+00 
-9.251057568390784e-02 2.899186837375774e-02 0.000000000000000e+00 
-8.024476236251377e-02 -2.922825589654094e-03 0.000000000000000e+00 
-4.647296709439350e-02 -8.257703334588277e-03 0.000000000000000e+00 
-1.140166005989020e-01 2.412056995725696e-03 0.000000000000000e+00 
-1.017508585269688e-01 -2.950263186952244e-02 0.000000000000000e+00 
1.070948915815396e-01 8.739184605579801e-02 0.000000000000000e+00 
5.779404496390768e-03 1.033964725115911e-01 0.000000000000000e+00 
3.955123391765848e-02 9.806159951341954e-02 0.000000000000000e+00 
7.332310166944050e-02 9.272696916195568e-02 0.000000000000000e+00 
2.728545474940214e-02 1.299762982235934e-01 0.000000000000000e+00 
6.105728417069944e-02 1.246414252254097e-01 0.000000000000000e+00 
2.590149578579836e-03 -1.359164981752850e-01 0.000000000000000e+00 
2.409620833631456e-02 -1.093366785012320e-01 0.000000000000000e+00 
-9.675629589641604e-03 -1.040017994651094e-01 0.000000000000000e+00 
5.786803013557560e-02 -1.146715036326148e-01 0.000000000000000e+00 
7.013380506926414e-02 -1.465862199635867e-01 0.000000000000000e+00 
1.485590025330802e-02 -1.678311347116591e-01 0.000000000000000e+00 
3.636195324849046e-02 -1.412513258806253e-01 0.000000000000000e+00 
1.438922439175662e-01 -8.352246017477957e-03 0.000000000000000e+00 
1.316264452243494e-01 2.356246084811264e-02 0.000000000000000e+00 
1.193607031779036e-01 5.547714816985112e-02 0.000000000000000e+00 
1.531325483234457e-01 5.014228855584768e-02 0.000000000000000e+00 
1.408667756992694e-01 8.205698210156027e-02 0.000000000000000e+00 
1.653982805182048e-01 1.822758309871808e-02 0.000000000000000e+00 
1.869043620851024e-01 4.480741891500722e-02 0.000000000000000e+00 
1.131459089271581e-01 -9.342659274762256e-02 0.000000000000000e+00 
7.937408681041036e-02 -8.809169035966746e-02 0.000000000000000e+00 
9.163981820618808e-02 -1.200063424233218e-01 0.000000000000000e+00 
-2.185213691184862e-01 -2.208963090305962e-01 0.000000000000000e+00 
-2.092811448681844e-01 -1.624017507570436e-01 0.000000000000000e+00 
-2.307871937739916e-01 -1.889815819129221e-01 0.000000000000000e+00 
-1.970153188654749e-01 -1.943164833185935e-01 0.000000000000000e+00 
-1.847495619987861e-01 -2.262311556036498e-01 0.000000000000000e+00 
2.482098004861466e-01 -1.147474882409743e-01 0.000000000000000e+00 
2.697174356188760e-01 -8.816904450080180e-02 0.000000000000000e+00 
2.359634337008966e-01 -8.284842165385611e-02 0.000000000000000e+00 
2.574734976973678e-01 -5.627156031779868e-02 0.000000000000000e+00 
2.267170301851246e-01 -1.413379400967047e-01 0.000000000000000e+00 
2.144613971914454e-01 -1.094312117418873e-01 0.000000000000000e+00 
-2.430530263362012e-01 -1.570668495702168e-01 0.000000000000000e+00 
-2.518241641302086e-01 -2.153597395755494e-01 0.000000000000000e+00 
-2.768247568762592e-01 -1.517320386120698e-01 0.000000000000000e+00 
-2.983125329320450e-01 -1.781951725241707e-01 0.000000000000000e+00 
-2.645590364311602e-01 -1.836467077012028e-01 0.000000000000000e+00 
1.161714170112784e-01 -1.838358158799042e-01 0.000000000000000e+00 
1.284371961795888e-01 -2.157505145900560e-01 0.000000000000000e+00 
1.039056005785608e-01 -1.519210254889451e-01 0.000000000000000e+00 
8.239959248013207e-02 -1.785007902417988e-01 0.000000000000000e+00 
9.466544503068403e-02 -2.104155384514354e-01 0.000000000000000e+00 
9.869709268283128e-02 -3.021198214119380e-01 0.000000000000000e+00 
1.314627042632410e-01 -3.061597377224002e-01 0.000000000000000e+00 
1.191971031982399e-01 -2.742449728380304e-01 0.000000000000000e+00 
1.652345369027227e-01 -3.114946094836936e-01 0.000000000000000e+00 
1.529689325857641e-01 -2.795799172012932e-01 0.000000000000000e+00 
1.591835175172097e-01 -1.306761644558215e-01 0.000000000000000e+00 
1.376774472532432e-01 -1.572559764811393e-01 0.000000000000000e+00 
1.714492904392593e-01 -1.625908859879329e-01 0.000000000000000e+00 
1.929553469384828e-01 -1.360110374539303e-01 0.000000000000000e+00 
1.254116598738128e-01 -1.253412617677756e-01 0.000000000000000e+00 
1.837150703860906e-01 -1.945055910271920e-01 0.000000000000000e+00 
2.052211261067904e-01 -1.679257361640826e-01 0.000000000000000e+00 
1.499432464325538e-01 -1.891706888780146e-01 0.000000000000000e+00 
-1.906368511109049e-01 2.843093925596772e-01 0.000000000000000e+00 
-1.783710298616542e-01 2.523947593449780e-01 0.000000000000000e+00 
-1.568649796086386e-01 2.789745850569790e-01 0.000000000000000e+00 
-1.693797136479692e-01 3.093136075493874e-01 0.000000000000000e+00 
-2.010968265759594e-01 3.153548337488800e-01 0.000000000000000e+00 
-1.445992004403925e-01 2.470598863468038e-01 0.000000000000000e+00 
-1.230931501873772e-01 2.736397120588018e-01 0.000000000000000e+00 
1.806895677701727e-01 -1.040963387437795e-01 0.000000000000000e+00 
2.021956180231344e-01 -7.751651303173628e-02 0.000000000000000e+00 
1.899298053969671e-01 -4.560186680393934e-02 0.000000000000000e+00 
2.237016682760956e-01 -5.093668731969372e-02 0.000000000000000e+00 
1.684237719573709e-01 -7.218165956634837e-02 0.000000000000000e+00 
1.469177269305156e-01 -9.876147277221096e-02 0.000000000000000e+00 
-1.630797426099183e-01 1.300708375024553e-01 0.000000000000000e+00 
-1.415736923569051e-01 1.566506632144571e-01 0.000000000000000e+00 
-1.293079131886572e-01 1.247359645042818e-01 0.000000000000000e+00 
-1.508139634416691e-01 9.815613879228086e-02 0.000000000000000e+00 
3.280411054346812e-01 1.726046882296118e-01 0.000000000000000e+00 
2.817329564156616e-01 2.075855339008856e-01 0.000000000000000e+00 
2.944256796867220e-01 1.777029290142479e-01 0.000000000000000e+00 
3.148959815654242e-01 2.019759423329296e-01 0.000000000000000e+00 
3.066579139845852e-01 1.457747258048462e-01 0.000000000000000e+00 
-1.509777291127244e-01 -2.315660225744370e-01 0.000000000000000e+00 
-1.172042106733226e-01 -2.368937090372358e-01 0.000000000000000e+00 
-1.294716600229503e-01 -2.049862293149326e-01 0.000000000000000e+00 
-9.569980699485157e-02 -2.103210582238518e-01 0.000000000000000e+00 
-1.632435378728105e-01 -1.996513132791917e-01 0.000000000000000e+00 
-1.016005422719489e-01 3.001354668414056e-01 0.000000000000000e+00 
-1.354006321359666e-01 3.052916876318000e-01 0.000000000000000e+00 
-1.138528791026811e-01 3.321342364809236e-01 0.000000000000000e+00 
-8.011299737758522e-02 3.265983381204340e-01 0.000000000000000e+00 
-1.266309584147753e-01 3.567467418948526e-01 0.000000000000000e+00 
-2.885723241943868e-01 3.187883525304048e-01 0.000000000000000e+00 
-2.623323127845266e-01 3.407077305684760e-01 0.000000000000000e+00 
-2.322192374933484e-01 3.278674807471572e-01 0.000000000000000e+00 
-3.237292569216566e-01 3.309744293149972e-01 0.000000000000000e+00 
-2.970728785167278e-01 3.559000813417094e-01 0.000000000000000e+00 
9.330088748571774e-02 -4.197558152001916e-01 0.000000000000000e+00 
6.697526073444587e-02 -3.898784097546284e-01 0.000000000000000e+00 
5.965627875530060e-02 -4.258416705831756e-01 0.000000000000000e+00 
1.181871519648516e-01 -4.470005099340526e-01 0.000000000000000e+00 
8.220169698315742e-02 -4.558071269564538e-01 0.000000000000000e+00 
4.593854826469322e-02 -4.612934419791890e-01 0.000000000000000e+00 
-2.062555960728296e-01 -2.528109869012396e-01 0.000000000000000e+00 
-1.939898107819862e-01 -2.847257064509436e-01 0.000000000000000e+00 
-1.724837605289732e-01 -2.581458807389412e-01 0.000000000000000e+00 
-2.072287220075634e-01 -3.411338149012678e-01 0.000000000000000e+00 
-1.827812840180472e-01 -3.158458997923416e-01 0.000000000000000e+00 
-2.156541645110994e-01 -3.098909641305476e-01 0.000000000000000e+00 
-2.265335334483730e-01 -2.789187656318976e-01 0.000000000000000e+00 
-3.112940337866614e-01 1.827204055702704e-01 0.000000000000000e+00 
-3.325776015162326e-01 1.562676953646811e-01 0.000000000000000e+00 
-3.332921178868296e-01 2.083408129571070e-01 0.000000000000000e+00 
-3.534368487502456e-01 1.833777099760739e-01 0.000000000000000e+00 
-3.701243920332590e-01 1.554143201288491e-01 0.000000000000000e+00 
-3.523851127067484e-01 1.282068648950270e-01 0.000000000000000e+00 
3.986809209478946e-01 1.606332343158318e-02 0.000000000000000e+00 
4.300000000000000e-01 0.000000000000000e+00 0.000000000000000e+00 
4.286407007763192e-01 3.416357179783724e-02 0.000000000000000e+00 
4.054104412375476e-01 -1.561664081860253e-02 0.000000000000000e+00 
4.286407007763192e-01 -3.416357179783778e-02 0.000000000000000e+00 
1.561579996682519e-01 -4.026698786701362e-02 0.000000000000000e+00 
1.346519459261694e-01 -6.684678438975145e-02 0.000000000000000e+00 
1.223861800122773e-01 -3.493206832537112e-02 0.000000000000000e+00 
1.101203904155248e-01 -3.017333418618616e-03 0.000000000000000e+00 
8.861437305743912e-02 -2.959718112888422e-02 0.000000000000000e+00 
1.008801349705287e-01 -6.151188720740990e-02 0.000000000000000e+00 
-1.815602847794456e-01 1.308178865810428e-02 0.000000000000000e+00 
-1.600542311775495e-01 3.966160612903810e-02 0.000000000000000e+00 
-1.385481842734200e-01 6.624144008210624e-02 0.000000000000000e+00 
-1.262824088348767e-01 3.432671776125646e-02 0.000000000000000e+00 
-1.047763548521574e-01 6.090656708393230e-02 0.000000000000000e+00 
-1.723200136946821e-01 7.157631308027985e-02 0.000000000000000e+00 
-1.938260639476950e-01 4.499648736827860e-02 0.000000000000000e+00 
-3.217669304543796e-01 2.377101870340022e-01 0.000000000000000e+00 
-3.354246425196422e-01 2.690544725340396e-01 0.000000000000000e+00 
-2.945157637954072e-01 2.502810380161514e-01 0.000000000000000e+00 
-3.129878884588834e-01 2.948534918871568e-01 0.000000000000000e+00 
-3.101063826489018e-01 2.685413678684232e-01 0.000000000000000e+00 
-2.050530256142560e-01 -3.779593320536474e-01 0.000000000000000e+00 
-2.344337520299452e-01 -3.604730446360200e-01 0.000000000000000e+00 
-2.345742328828840e-01 -3.315833130998870e-01 0.000000000000000e+00 
-2.623323127845240e-01 -3.407077305684782e-01 0.000000000000000e+00 
-2.680659284561868e-01 -3.774723336197748e-01 0.000000000000000e+00 
-2.972711307246094e-01 -3.556775761506350e-01 0.000000000000000e+00 
-2.371864490643194e-01 -3.982542878628652e-01 0.000000000000000e+00 
-2.496691684138192e-02 1.832212237741342e-02 0.000000000000000e+00 
-1.270113767313116e-02 -1.359257633276035e-02 0.000000000000000e+00 
8.804912579880466e-03 1.298724937924165e-02 0.000000000000000e+00 
-3.460788867304226e-03 4.490193280246244e-02 0.000000000000000e+00 
2.511166517051128e-01 -2.050590568389700e-01 0.000000000000000e+00 
2.174565036668018e-01 -1.998156312433813e-01 0.000000000000000e+00 
2.297527266242048e-01 -2.317551401228588e-01 0.000000000000000e+00 
2.629023723607552e-01 -2.365787173691456e-01 0.000000000000000e+00 
3.438125665988012e-01 5.006479613151646e-02 0.000000000000000e+00 
3.097783698887820e-01 5.538557915208808e-02 0.000000000000000e+00 
3.311000555704270e-01 8.189176710566412e-02 0.000000000000000e+00 
3.187489495548612e-01 1.137895790721425e-01 0.000000000000000e+00 
2.974469342977218e-01 8.728625212132939e-02 0.000000000000000e+00 
3.525919717786564e-01 1.098719129846950e-01 0.000000000000000e+00 
-2.368381644537204e-01 -8.163164055724096e-03 0.000000000000000e+00 
-2.245723852854694e-01 -4.007786276589750e-02 0.000000000000000e+00 
-2.030663350324578e-01 -1.349803705389658e-02 0.000000000000000e+00 
-1.908005558642076e-01 -4.541273576407030e-02 0.000000000000000e+00 
1.407029753478966e-01 -2.476652133002080e-01 0.000000000000000e+00 
1.622090256008600e-01 -2.210853875881674e-01 0.000000000000000e+00 
1.744749280105583e-01 -2.530000800235466e-01 0.000000000000000e+00 
1.959808907774875e-01 -2.264202607327230e-01 0.000000000000000e+00 
1.867405839374761e-01 -2.849147850084706e-01 0.000000000000000e+00 
2.082467150493016e-01 -2.583349423191964e-01 0.000000000000000e+00 
4.879150500241108e-02 1.565561239355976e-01 0.000000000000000e+00 
3.652572583415546e-02 1.884708226457702e-01 0.000000000000000e+00 
2.425994666589536e-02 2.203855213559390e-01 0.000000000000000e+00 
1.040694247294837e-01 1.778010330416152e-01 0.000000000000000e+00 
9.180350731835150e-02 2.097158548063512e-01 0.000000000000000e+00 
7.029755525540388e-02 1.831359496476019e-01 0.000000000000000e+00 
8.256333442368465e-02 1.512212509374379e-01 0.000000000000000e+00 
5.803179458677004e-02 2.150505907635306e-01 0.000000000000000e+00 
-1.692945056111958e-01 -1.883291005206984e-02 0.000000000000000e+00 
-1.570287640260253e-01 -5.074756989992606e-02 0.000000000000000e+00 
-1.355226761899338e-01 -2.416778305024298e-02 0.000000000000000e+00 
-1.477884553581835e-01 7.746915659931100e-03 0.000000000000000e+00 
-1.447629826116166e-01 -8.266227468113854e-02 0.000000000000000e+00 
-1.232569163605091e-01 -5.608245488385380e-02 0.000000000000000e+00 
-2.941993332986024e-01 2.139455008263990e-01 0.000000000000000e+00 
-2.768046609521948e-01 1.778892809717836e-01 0.000000000000000e+00 
-2.429172070248958e-01 1.726355066897083e-01 0.000000000000000e+00 
-2.644192538125862e-01 1.460585487470923e-01 0.000000000000000e+00 
-2.560624127308864e-01 2.052231735703358e-01 0.000000000000000e+00 
-2.981670602949640e-01 1.514103294951482e-01 0.000000000000000e+00 
-4.353490360185698e-04 -4.550725650719306e-02 0.000000000000000e+00 
-2.194141543734254e-02 -7.208702376616873e-02 0.000000000000000e+00 
-3.420718792614294e-02 -4.017240204476216e-02 0.000000000000000e+00 
-6.797900784510449e-02 -3.483747039259292e-02 0.000000000000000e+00 
-5.571324579734840e-02 -6.675218883288660e-02 0.000000000000000e+00 
1.501967558114809e-02 1.618909969337667e-01 0.000000000000000e+00 
-1.875215384011403e-02 1.672258699319369e-01 0.000000000000000e+00 
-4.025820409312252e-02 1.406460442199362e-01 0.000000000000000e+00 
-6.486374671860312e-03 1.353111712217648e-01 0.000000000000000e+00 
-2.799242492487152e-02 1.087313455097625e-01 0.000000000000000e+00 
-1.109911438406814e-01 -8.799714954602378e-02 0.000000000000000e+00 
-7.721932628247750e-02 -9.333196072741640e-02 0.000000000000000e+00 
-8.948506760042602e-02 -6.141735475858258e-02 0.000000000000000e+00 
-9.872537289298126e-02 -1.199117676787023e-01 0.000000000000000e+00 
-8.645962950832135e-02 -1.518264567289080e-01 0.000000000000000e+00 
-1.324971681064442e-01 -1.145770061825887e-01 0.000000000000000e+00 
-7.403003351438323e-02 1.459809172181093e-01 0.000000000000000e+00 
-8.629581268263171e-02 1.778956159282835e-01 0.000000000000000e+00 
-1.078018629356429e-01 1.513157902162824e-01 0.000000000000000e+00 
-5.252392291355632e-02 1.725604575036057e-01 0.000000000000000e+00 
-6.478990097108650e-02 2.044755284702204e-01 0.000000000000000e+00 
-1.200676421038981e-01 1.832304889264552e-01 0.000000000000000e+00 
-9.856156107095682e-02 2.098101884996100e-01 0.000000000000000e+00 
2.452077185290528e-01 -2.435686160765000e-02 0.000000000000000e+00 
2.667137687820150e-01 2.222964104390316e-03 0.000000000000000e+00 
2.329419393607446e-01 7.557837102500120e-03 0.000000000000000e+00 
2.912453271186408e-01 -6.160643331590062e-02 0.000000000000000e+00 
2.789795479503206e-01 -2.969173460575440e-02 0.000000000000000e+00 
4.576599691890134e-02 2.469653470679452e-01 0.000000000000000e+00 
6.727203827708562e-02 2.735451132890104e-01 0.000000000000000e+00 
3.350020376448856e-02 2.788799753790840e-01 0.000000000000000e+00 
1.199412025425431e-02 2.523000569793308e-01 0.000000000000000e+00 
5.500624636614138e-02 3.054598163185708e-01 0.000000000000000e+00 
8.877809742488511e-02 3.001249984919636e-01 0.000000000000000e+00 
7.651228819572845e-02 3.320396648265704e-01 0.000000000000000e+00 
1.163352200081169e-01 1.458863548622051e-01 0.000000000000000e+00 
1.501069932662288e-01 1.405515049411939e-01 0.000000000000000e+00 
9.482917519160045e-02 1.193065408525744e-01 0.000000000000000e+00 
1.286009430132444e-01 1.139716792291459e-01 0.000000000000000e+00 
-1.079656169385958e-01 -1.784063681900480e-01 0.000000000000000e+00 
-1.202314957520231e-01 -1.464916266904593e-01 0.000000000000000e+00 
-1.417374391912057e-01 -1.730715306047610e-01 0.000000000000000e+00 
-7.419385023112025e-02 -1.837411404214958e-01 0.000000000000000e+00 
-1.755093545418182e-01 -1.677366169290914e-01 0.000000000000000e+00 
-1.540033001566305e-01 -1.411569812651630e-01 0.000000000000000e+00 
6.424653908836885e-02 3.639543959123012e-01 0.000000000000000e+00 
4.268462746116704e-02 3.370212831098730e-01 0.000000000000000e+00 
2.122502976389396e-02 3.107356124578842e-01 0.000000000000000e+00 
8.834993035313602e-03 3.418637266325598e-01 0.000000000000000e+00 
3.014001907446744e-02 3.671705747895236e-01 0.000000000000000e+00 
-6.423755000244824e-03 3.723952744010178e-01 0.000000000000000e+00 
2.391418704258006e-01 1.564040875707713e-01 0.000000000000000e+00 
2.729152510441620e-01 1.511214108350129e-01 0.000000000000000e+00 
2.176506521087726e-01 1.298817589450019e-01 0.000000000000000e+00 
2.514224815299528e-01 1.245468859468635e-01 0.000000000000000e+00 
2.636798073763848e-01 9.262773998746777e-02 0.000000000000000e+00 
2.851560536601554e-01 1.191958196643893e-01 0.000000000000000e+00 
-1.891590067449536e-02 -1.624963238871903e-01 0.000000000000000e+00 
-3.118167984264300e-02 -1.305816251771058e-01 0.000000000000000e+00 
-5.268769651294640e-02 -1.571613241407077e-01 0.000000000000000e+00 
-4.042195092549788e-02 -1.890761495982889e-01 0.000000000000000e+00 
6.408693371449942e-02 -2.957056734554652e-01 0.000000000000000e+00 
5.167199705907624e-02 -2.635993784757844e-01 0.000000000000000e+00 
3.019881054661966e-02 -2.902235866883020e-01 0.000000000000000e+00 
-3.614880347112318e-03 -2.848311542111742e-01 0.000000000000000e+00 
8.641165746459584e-03 -3.167349444401104e-01 0.000000000000000e+00 
4.255407494790562e-02 -3.222653578623310e-01 0.000000000000000e+00 
-6.176426341478334e-02 1.140662150225784e-01 0.000000000000000e+00 
-8.327030459914359e-02 8.748639279593293e-02 0.000000000000000e+00 
-9.553608376739270e-02 1.194010915061078e-01 0.000000000000000e+00 
-1.170421340204063e-01 9.282126579410679e-02 0.000000000000000e+00 
1.993968496057197e-01 -3.182455997132298e-01 0.000000000000000e+00 
1.893043530225877e-01 -3.520366316279054e-01 0.000000000000000e+00 
1.898645642328426e-01 -3.858127100662610e-01 0.000000000000000e+00 
2.199172560144722e-01 -3.695083226492538e-01 0.000000000000000e+00 
1.640578409720864e-01 -3.717172338399994e-01 0.000000000000000e+00 
1.735727184776741e-01 -3.343825783152470e-01 0.000000000000000e+00 
2.194528248922046e-01 -3.413955468457710e-01 0.000000000000000e+00 
2.483971487768734e-01 2.149562650033906e-01 0.000000000000000e+00 
2.605866213550736e-01 1.827009294127058e-01 0.000000000000000e+00 
2.268909231933982e-01 1.883762833671766e-01 0.000000000000000e+00 
1.931191432403721e-01 1.937111479414516e-01 0.000000000000000e+00 
2.146251440250856e-01 2.202909820773266e-01 0.000000000000000e+00 
1.808533676827627e-01 2.256258290662620e-01 0.000000000000000e+00 
-2.521294761023390e-01 1.141607799236920e-01 0.000000000000000e+00 
-2.859012811267160e-01 1.194956307849733e-01 0.000000000000000e+00 
-3.196731105479780e-01 1.248305037831473e-01 0.000000000000000e+00 
-3.394742720461950e-01 9.851162783859238e-02 0.000000000000000e+00 
-3.074073533694074e-01 9.291580642265246e-02 0.000000000000000e+00 
-2.736355019584670e-01 8.758093207479886e-02 0.000000000000000e+00 
2.544479896137008e-01 3.413766281453734e-02 0.000000000000000e+00 
2.421819869010012e-01 6.605131811665493e-02 0.000000000000000e+00 
2.882285158093766e-01 2.880333946148870e-02 0.000000000000000e+00 
2.759606790353224e-01 6.071560070529008e-02 0.000000000000000e+00 
3.219916484562210e-01 2.346791681834232e-02 0.000000000000000e+00 
3.004855380138604e-01 -3.111960352682204e-03 0.000000000000000e+00 
-4.966170161378114e-02 -2.475701184847668e-01 0.000000000000000e+00 
-8.343395180634001e-02 -2.422355964429366e-01 0.000000000000000e+00 
-7.116824823463667e-02 -2.741505081765714e-01 0.000000000000000e+00 
-6.192800108656940e-02 -2.156559753442580e-01 0.000000000000000e+00 
2.114358719618608e-01 -1.902201782096935e-02 0.000000000000000e+00 
1.776640713855102e-01 -1.368715114355750e-02 0.000000000000000e+00 
1.991701369329876e-01 1.289270444717905e-02 0.000000000000000e+00 
2.206761779212414e-01 3.947254615744632e-02 0.000000000000000e+00 
-1.572664575662093e-02 7.681664679958922e-02 0.000000000000000e+00 
-7.100452543089462e-02 5.557169408575876e-02 0.000000000000000e+00 
-5.873871742162874e-02 2.365699396918342e-02 0.000000000000000e+00 
-4.949847517788132e-02 8.215151979775961e-02 0.000000000000000e+00 
-3.723269600963174e-02 5.023682108758686e-02 0.000000000000000e+00 
6.089357143186156e-02 -2.050805820123258e-01 0.000000000000000e+00 
4.862772248941518e-02 -1.731659221933909e-01 0.000000000000000e+00 
2.712171082967330e-02 -1.997457595149253e-01 0.000000000000000e+00 
7.315935299058859e-02 -2.369954113301044e-01 0.000000000000000e+00 
3.938750703947970e-02 -2.316605367441486e-01 0.000000000000000e+00 
1.069311459266218e-01 -2.423303403020964e-01 0.000000000000000e+00 
8.542514267347670e-02 -2.689101304954630e-01 0.000000000000000e+00 
1.255751660300369e-01 2.043809267340114e-01 0.000000000000000e+00 
1.470815206892399e-01 2.309606129406304e-01 0.000000000000000e+00 
1.562934500543202e-01 2.894818891967562e-01 0.000000000000000e+00 
1.685633940665715e-01 2.575633651115386e-01 0.000000000000000e+00 
1.348069732993400e-01 2.628835051173146e-01 0.000000000000000e+00 
2.604618373565992e-01 -1.466510161404783e-01 0.000000000000000e+00 
2.389521537716348e-01 -1.732276329652523e-01 0.000000000000000e+00 
2.727093617472506e-01 -1.785508714592519e-01 0.000000000000000e+00 
3.282264633017460e-01 -1.579291901158837e-01 0.000000000000000e+00 
2.941509599006444e-01 -1.519190583746380e-01 0.000000000000000e+00 
2.819022769910084e-01 -1.200181602812466e-01 0.000000000000000e+00 
1.010438702732392e-01 2.682102548596336e-01 0.000000000000000e+00 
1.133082009241792e-01 2.362967771895868e-01 0.000000000000000e+00 
1.225498314695134e-01 2.947900384751598e-01 0.000000000000000e+00 
7.953782634016500e-02 2.416304740697800e-01 0.000000000000000e+00 
2.084103810241340e-01 7.138723452280124e-02 0.000000000000000e+00 
2.299151603726820e-01 9.796626709632705e-02 0.000000000000000e+00 
1.961447756525176e-01 1.033019182584103e-01 0.000000000000000e+00 
1.623727724345490e-01 1.086368062310490e-01 0.000000000000000e+00 
1.746386503586579e-01 7.672212708289626e-02 0.000000000000000e+00 
-2.177766192362738e-02 2.576350930642710e-01 0.000000000000000e+00 
-3.404344109188530e-02 2.895497917744412e-01 0.000000000000000e+00 
-6.782068883430428e-02 2.948511169983086e-01 0.000000000000000e+00 
-5.554937735443594e-02 2.629699496182734e-01 0.000000000000000e+00 
-2.716298860603066e-04 2.842148419075760e-01 0.000000000000000e+00 
-1.253741499738709e-02 3.161295598561152e-01 0.000000000000000e+00 
-4.630922026014906e-02 3.214644904846084e-01 0.000000000000000e+00 
2.053826004845650e-01 1.617869594203010e-01 0.000000000000000e+00 
1.838788226875062e-01 1.352166319431026e-01 0.000000000000000e+00 
1.716130435191685e-01 1.671313306532426e-01 0.000000000000000e+00 
1.593473009058178e-01 1.990460137574860e-01 0.000000000000000e+00 
1.378412140979096e-01 1.724662036513407e-01 0.000000000000000e+00 
-2.123066643914400e-01 -7.199242764223422e-02 0.000000000000000e+00 
-2.338108550835810e-01 -9.857159012786355e-02 0.000000000000000e+00 
-2.000408269489694e-01 -1.039072601862445e-01 0.000000000000000e+00 
-2.215469670770200e-01 -1.304869448728944e-01 0.000000000000000e+00 
-1.785348279391356e-01 -7.732738752888406e-02 0.000000000000000e+00 
-4.661356020797422e-02 -3.379221993472476e-01 0.000000000000000e+00 
-2.512804622466618e-02 -3.114009694049758e-01 0.000000000000000e+00 
-5.888770475114026e-02 -3.060491472296550e-01 0.000000000000000e+00 
-6.780580959868041e-02 -3.643076571502858e-01 0.000000000000000e+00 
-3.413107576827864e-02 -3.687632804607470e-01 0.000000000000000e+00 
-1.266113351585239e-02 -3.422049987101160e-01 0.000000000000000e+00 
-3.739350237329466e-02 -2.794827936808806e-01 0.000000000000000e+00 
-1.343547068413999e-01 -3.482115398600590e-01 0.000000000000000e+00 
-1.481063933546555e-01 -3.207871156942406e-01 0.000000000000000e+00 
-1.012535249699781e-01 -3.585518577662180e-01 0.000000000000000e+00 
-8.812368836507216e-02 -3.908511330160168e-01 0.000000000000000e+00 
-1.195375663600425e-01 -3.841471642901490e-01 0.000000000000000e+00 
-7.653909514134757e-02 4.231332732307206e-01 0.000000000000000e+00 
-7.033072989698010e-02 3.851177462440442e-01 0.000000000000000e+00 
-9.487459447569963e-02 3.947228008715464e-01 0.000000000000000e+00 
-9.474912706407088e-02 3.613889228410806e-01 0.000000000000000e+00 
-1.175548345881212e-01 3.823884823301210e-01 0.000000000000000e+00 
-4.267913353046736e-02 4.278767247246438e-01 0.000000000000000e+00 
-1.099151519494051e-01 4.157146369469558e-01 0.000000000000000e+00 
5.467877433604110e-02 -3.539845161483708e-01 0.000000000000000e+00 
3.237540628011928e-02 -3.777874671535398e-01 0.000000000000000e+00 
2.109363886927958e-02 -3.476980830433818e-01 0.000000000000000e+00 
-4.035561518286558e-04 -3.724444701206810e-01 0.000000000000000e+00 
3.367549606879376e-01 -9.842913643744040e-02 0.000000000000000e+00 
3.475894953909868e-01 -1.298047937370684e-01 0.000000000000000e+00 
3.151609185031326e-01 -1.249378311523780e-01 0.000000000000000e+00 
3.250171565399154e-01 -6.694130631399862e-02 0.000000000000000e+00 
3.035111062869626e-01 -9.352113202604696e-02 0.000000000000000e+00 
5.965627875529852e-02 4.258416705831760e-01 0.000000000000000e+00 
7.197076391820184e-02 3.953948365535400e-01 0.000000000000000e+00 
9.330088748571598e-02 4.197558152001920e-01 0.000000000000000e+00 
3.970649317639186e-02 3.980747228265152e-01 0.000000000000000e+00 
4.589108190120302e-02 4.600778927233986e-01 0.000000000000000e+00 
-2.542875378513010e-01 -2.717864304620940e-01 0.000000000000000e+00 
-2.520131918271376e-01 -3.049737089319400e-01 0.000000000000000e+00 
-2.733129652122424e-01 -2.450398085029090e-01 0.000000000000000e+00 
-2.389748657903866e-01 -2.470715347616682e-01 0.000000000000000e+00 
-2.806035590042184e-01 -2.829286813473768e-01 0.000000000000000e+00 
-2.885723241943842e-01 -3.187883525304074e-01 0.000000000000000e+00 
-4.007391148399406e-01 3.193674817354560e-02 0.000000000000000e+00 
-4.269435916918488e-01 5.117782247481700e-02 0.000000000000000e+00 
-4.269435916918484e-01 -5.117782247482106e-02 0.000000000000000e+00 
-3.987339527209396e-01 -3.208508056838116e-02 0.000000000000000e+00 
-3.994123395334008e-01 -2.032467100470670e-04 0.000000000000000e+00 
-4.296600408077396e-01 -1.709530149168012e-02 0.000000000000000e+00 
-4.296600408077398e-01 1.709530149167622e-02 0.000000000000000e+00 
-4.215278677259932e-01 -8.493678078652156e-02 0.000000000000000e+00 
-3.961098279327076e-01 -6.450409614189014e-02 0.000000000000000e+00 
-3.894972119010936e-01 -9.630384851992110e-02 0.000000000000000e+00 
-3.558492842208586e-01 -1.057529774392811e-01 0.000000000000000e+00 
-3.343098064116122e-01 -8.231514301092326e-02 0.000000000000000e+00 
-3.662708245495806e-01 -7.440658832725235e-02 0.000000000000000e+00 
-3.751620625276528e-01 -4.686293877705804e-02 0.000000000000000e+00 
-4.267913353046480e-02 -4.278767247246440e-01 0.000000000000000e+00 
-2.166634591500406e-02 -3.995894945835332e-01 0.000000000000000e+00 
-5.565466737841500e-02 -3.963637485306586e-01 0.000000000000000e+00 
-7.653909514134506e-02 -4.231332732307212e-01 0.000000000000000e+00 
-6.414589397242890e-02 -4.578896843753348e-01 0.000000000000000e+00 
3.619556802125414e-01 1.693351059673389e-01 0.000000000000000e+00 
3.750520534811518e-01 1.391494220454778e-01 0.000000000000000e+00 
3.964453175331288e-01 1.665266050997759e-01 0.000000000000000e+00 
4.084226566429464e-01 1.345025410195579e-01 0.000000000000000e+00 
3.407086072133372e-01 1.417349789180786e-01 0.000000000000000e+00 
-4.134471088607902e-01 -1.181587414229429e-01 0.000000000000000e+00 
-4.402007509306912e-01 -1.449310754534031e-01 0.000000000000000e+00 
-4.683167491343636e-01 -1.751554237819128e-01 0.000000000000000e+00 
-4.807524521637100e-01 -1.373938853755137e-01 0.000000000000000e+00 
-4.492619703754382e-01 -1.092764418584571e-01 0.000000000000000e+00 
-5.110752188450028e-01 -1.676711402525712e-01 0.000000000000000e+00 
3.713580749029696e-01 -1.647081806206424e-02 0.000000000000000e+00 
3.465231994544926e-01 -4.036147466438688e-02 0.000000000000000e+00 
3.575989287044030e-01 1.862803436423640e-02 0.000000000000000e+00 
3.342573888566462e-01 -8.446803439331518e-03 0.000000000000000e+00 
3.127513773715934e-01 -3.502660760385240e-02 0.000000000000000e+00 
2.400766355264470e-01 -3.163325174709480e-01 0.000000000000000e+00 
2.485795600966852e-01 -3.508677846456390e-01 0.000000000000000e+00 
2.756702641646550e-01 -3.300089475383800e-01 0.000000000000000e+00 
2.709553345337958e-01 -2.963962127249250e-01 0.000000000000000e+00 
3.010180920648534e-01 -3.070636876116020e-01 0.000000000000000e+00 
2.820875766768978e-01 -3.667516862234508e-01 0.000000000000000e+00 
-1.099151519494027e-01 -4.157146369469564e-01 0.000000000000000e+00 
-1.278083162202361e-01 -4.833891127290190e-01 0.000000000000000e+00 
-1.005453834197536e-01 -4.523484236785650e-01 0.000000000000000e+00 
-1.358648953963349e-01 -4.419484008001486e-01 0.000000000000000e+00 
-1.658096392760328e-01 -4.717066498610676e-01 0.000000000000000e+00 
-2.344337520299482e-01 3.604730446360182e-01 0.000000000000000e+00 
-2.050530256142586e-01 3.779593320536460e-01 0.000000000000000e+00 
-2.672165900150150e-01 3.780740650562842e-01 0.000000000000000e+00 
-2.369351827648568e-01 3.985039648168260e-01 0.000000000000000e+00 
-2.725973860813350e-01 4.191547030651376e-01 0.000000000000000e+00 
-3.050375730052632e-01 3.961717797307864e-01 0.000000000000000e+00 
-3.111042254925852e-01 4.394686238958586e-01 0.000000000000000e+00 
3.954289524791732e-02 -4.053221524436506e-01 0.000000000000000e+00 
1.119033527742360e-02 -4.027832987428736e-01 0.000000000000000e+00 
2.563450382302370e-02 -4.292352178162312e-01 0.000000000000000e+00 
-8.549340695978753e-03 -4.299150018011282e-01 0.000000000000000e+00 
8.963481447232099e-03 -4.626011848920562e-01 0.000000000000000e+00 
-3.197268367132202e-01 -2.041924955312838e-01 0.000000000000000e+00 
-3.463579411719192e-01 -2.170098759086358e-01 0.000000000000000e+00 
-3.262518602720854e-01 -2.378266141263116e-01 0.000000000000000e+00 
-3.042826027913012e-01 -2.604143581972110e-01 0.000000000000000e+00 
-2.843027165044376e-01 -2.094214122724564e-01 0.000000000000000e+00 
-3.003036074782554e-01 -2.317823458115312e-01 0.000000000000000e+00 
3.352933601304112e-01 4.732635234755138e-01 0.000000000000000e+00 
3.718343098034870e-01 4.451283478424672e-01 0.000000000000000e+00 
3.821283946228450e-01 4.957731842219866e-01 0.000000000000000e+00 
4.212089822778562e-01 4.652431794902788e-01 0.000000000000000e+00 
4.359436735627092e-01 5.218746147118578e-01 0.000000000000000e+00 
3.422898129158502e-01 5.261007880129264e-01 0.000000000000000e+00 
3.477761257903264e-01 5.843387427941700e-01 0.000000000000000e+00 
3.931025601528964e-01 5.548606826954298e-01 0.000000000000000e+00 
-5.019157138315414e-02 4.029178534509054e-01 0.000000000000000e+00 
-3.889511661539418e-02 3.767590431675890e-01 0.000000000000000e+00 
-2.499626572656074e-02 3.468219608434470e-01 0.000000000000000e+00 
-5.876561383181104e-02 3.521731019733834e-01 0.000000000000000e+00 
-2.251379593435764e-02 4.017060823174058e-01 0.000000000000000e+00 
-3.765514749206274e-01 4.616342204760046e-02 0.000000000000000e+00 
-3.491838431457716e-01 4.023327107513146e-02 0.000000000000000e+00 
-3.655854035510158e-01 -1.903821506078435e-02 0.000000000000000e+00 
-3.720986430933536e-01 1.796690699993400e-02 0.000000000000000e+00 
-3.657815916135980e-01 1.071095642412099e-01 0.000000000000000e+00 
-3.637619774748220e-01 7.330837217158381e-02 0.000000000000000e+00 
-3.908080410574094e-01 9.534554378132749e-02 0.000000000000000e+00 
-3.975121551832104e-01 6.377128630170902e-02 0.000000000000000e+00 
-4.215278677259940e-01 8.493678078651774e-02 0.000000000000000e+00 
-4.575729446613930e-01 7.345709052328764e-02 0.000000000000000e+00 
2.420184636117130e-01 -2.636698322945402e-01 0.000000000000000e+00 
2.679089037475546e-01 -2.653555349135702e-01 0.000000000000000e+00 
2.462237169602442e-01 -2.890627044956840e-01 0.000000000000000e+00 
2.204793750242102e-01 -2.897136610089814e-01 0.000000000000000e+00 
2.947717344286028e-01 -2.732330759785718e-01 0.000000000000000e+00 
-1.485033471815680e-01 3.742053477720702e-01 0.000000000000000e+00 
-1.828897336029565e-01 3.333514708494574e-01 0.000000000000000e+00 
-1.774948053124189e-01 3.605071516159036e-01 0.000000000000000e+00 
-2.058142445399014e-01 3.462280417256556e-01 0.000000000000000e+00 
-1.498074516447603e-01 3.383803686799800e-01 0.000000000000000e+00 
-4.267459787249996e-01 1.800155287074521e-01 0.000000000000000e+00 
-4.111498533926270e-01 2.135810445075990e-01 0.000000000000000e+00 
-4.529201968327620e-01 2.118095732042632e-01 0.000000000000000e+00 
-3.895113692761756e-01 1.821562329556654e-01 0.000000000000000e+00 
-3.738077180090212e-01 2.125271511051894e-01 0.000000000000000e+00 
-4.996046986136510e-01 1.987825754846206e-02 0.000000000000000e+00 
-4.633880345148198e-01 -1.449330695430376e-15 0.000000000000000e+00 
-4.608993641230690e-01 3.673465559681438e-02 0.000000000000000e+00 
-4.964460368509868e-01 5.950909590095154e-02 0.000000000000000e+00 
-4.608993641230686e-01 -3.673465559681774e-02 0.000000000000000e+00 
4.455955298106834e-01 -1.273826580220434e-01 0.000000000000000e+00 
4.749100658638914e-01 -1.563983035111134e-01 0.000000000000000e+00 
4.330627648849646e-01 -1.619700603230605e-01 0.000000000000000e+00 
4.084226566429466e-01 -1.345025410195579e-01 0.000000000000000e+00 
4.178178162173762e-01 -1.016281085691492e-01 0.000000000000000e+00 
-4.964460368509866e-01 -5.950909590095318e-02 0.000000000000000e+00 
-4.575379190282754e-01 -7.339974920109130e-02 0.000000000000000e+00 
-4.901486834023178e-01 -9.876369858897727e-02 0.000000000000000e+00 
-5.232339196660007e-01 -1.270620943445136e-01 0.000000000000000e+00 
1.469251371689613e-01 -4.779257307028802e-01 0.000000000000000e+00 
1.537093499364467e-01 -4.372419042355930e-01 0.000000000000000e+00 
1.877447427122313e-01 -4.230894872135794e-01 0.000000000000000e+00 
1.844319622620048e-01 -4.647417038486932e-01 0.000000000000000e+00 
1.586114875453242e-01 -3.996778653098762e-01 0.000000000000000e+00 
2.557177395517118e-01 -4.296608402898300e-01 0.000000000000000e+00 
2.204849164952284e-01 -4.064038144124118e-01 0.000000000000000e+00 
2.207727491079566e-01 -4.486194303096058e-01 0.000000000000000e+00 
2.526388414912366e-01 -3.885297073866942e-01 0.000000000000000e+00 
2.890460001124246e-01 -4.079857960995802e-01 0.000000000000000e+00 
2.934637526003212e-01 -4.513339049896810e-01 0.000000000000000e+00 
3.205468187961106e-01 -3.837313343469536e-01 0.000000000000000e+00 
3.110531600063724e-01 -3.437400172826428e-01 0.000000000000000e+00 
3.500210372847132e-01 -3.570507995483744e-01 0.000000000000000e+00 
3.605419860467982e-01 -3.987024502098636e-01 0.000000000000000e+00 
3.280692472697018e-01 -4.260829817464342e-01 0.000000000000000e+00 
-3.720679814806168e-01 2.755179155778720e-01 0.000000000000000e+00 
-3.900286540926068e-01 3.128540378302790e-01 0.000000000000000e+00 
-3.557407339935154e-01 2.415544041779302e-01 0.000000000000000e+00 
-3.496963047763590e-01 3.043512074479250e-01 0.000000000000000e+00 
-3.932364920242894e-01 2.453695301281992e-01 0.000000000000000e+00 
-3.639394051847478e-01 3.428528975432058e-01 0.000000000000000e+00 
6.936776599453306e-02 4.951647332362510e-01 0.000000000000000e+00 
8.268131796078643e-02 4.557203699983962e-01 0.000000000000000e+00 
1.084894040531580e-01 4.880881572095256e-01 0.000000000000000e+00 
1.186290480753446e-01 4.481848234055968e-01 0.000000000000000e+00 
2.980756258490864e-02 4.991107183909666e-01 0.000000000000000e+00 
1.469251371689595e-01 4.779257307028806e-01 0.000000000000000e+00 
1.540219238181426e-01 4.366027389181088e-01 0.000000000000000e+00 
4.197735202287178e-01 -1.963648022152519e-01 0.000000000000000e+00 
3.650628456992866e-01 -2.272204187346262e-01 0.000000000000000e+00 
3.819615234821268e-01 -1.974978343658802e-01 0.000000000000000e+00 
4.020472817334168e-01 -2.289100815659864e-01 0.000000000000000e+00 
-2.384337507142542e-01 4.394875954112162e-01 0.000000000000000e+00 
-2.038765921343306e-01 4.158750486786546e-01 0.000000000000000e+00 
-2.027626604064982e-01 4.570419056770168e-01 0.000000000000000e+00 
-2.745690875638588e-01 4.625184393571948e-01 0.000000000000000e+00 
-2.368511110533346e-01 4.828564374874154e-01 0.000000000000000e+00 
-4.346601372197918e-01 2.471245943083606e-01 0.000000000000000e+00 
-4.136520162715292e-01 2.808772141603844e-01 0.000000000000000e+00 
-4.562214452860856e-01 2.842818326361954e-01 0.000000000000000e+00 
-4.329216953498938e-01 3.199516609085806e-01 0.000000000000000e+00 
-4.781773941438216e-01 2.474069404378940e-01 0.000000000000000e+00 
-2.384337507142518e-01 -4.394875954112176e-01 0.000000000000000e+00 
-2.725973860813328e-01 -4.191547030651390e-01 0.000000000000000e+00 
-3.050375730052610e-01 -3.961717797307880e-01 0.000000000000000e+00 
-2.027626604064956e-01 -4.570419056770180e-01 0.000000000000000e+00 
-2.756038305844278e-01 -4.617791195655714e-01 0.000000000000000e+00 
-3.117333432512990e-01 -4.385972456421292e-01 0.000000000000000e+00 
6.936776599453470e-02 -4.951647332362508e-01 0.000000000000000e+00 
2.980756258491084e-02 -4.991107183909664e-01 0.000000000000000e+00 
1.084894040531602e-01 -4.880881572095252e-01 0.000000000000000e+00 
9.514537849627326e-02 -5.293947936482432e-01 0.000000000000000e+00 
5.324219990149194e-02 -5.358019957576778e-01 0.000000000000000e+00 
8.046660855366178e-02 -5.743910905540506e-01 0.000000000000000e+00 
-1.700860357356531e-01 4.309610649504484e-01 0.000000000000000e+00 
-1.658096392760351e-01 4.717066498610668e-01 0.000000000000000e+00 
-1.743758879495885e-01 3.930560388822344e-01 0.000000000000000e+00 
-1.425962897773902e-01 4.056677188805176e-01 0.000000000000000e+00 
-1.357405239321365e-01 4.431423327568524e-01 0.000000000000000e+00 
4.342759637610620e-01 1.622391763682581e-01 0.000000000000000e+00 
4.196005411102690e-01 1.956529850204321e-01 0.000000000000000e+00 
4.609829273641032e-01 1.936355873253208e-01 0.000000000000000e+00 
-4.119042067226190e-01 -2.124512683011466e-01 0.000000000000000e+00 
-3.738077180090194e-01 -2.125271511051926e-01 0.000000000000000e+00 
-3.557407339935136e-01 -2.415544041779330e-01 0.000000000000000e+00 
-3.937560429395734e-01 -2.440795206994408e-01 0.000000000000000e+00 
-4.529201968327612e-01 -2.118095732042650e-01 0.000000000000000e+00 
-4.266738207942932e-01 -1.789682958291460e-01 0.000000000000000e+00 
4.544388497630396e-01 9.144394547876949e-02 0.000000000000000e+00 
4.178178162173762e-01 1.016281085691493e-01 0.000000000000000e+00 
4.452942740520332e-01 1.267190362333483e-01 0.000000000000000e+00 
4.858346700202050e-01 1.181722192664526e-01 0.000000000000000e+00 
4.749100658638912e-01 1.563983035111138e-01 0.000000000000000e+00 
3.837485110908946e-01 2.595382029030648e-01 0.000000000000000e+00 
3.650628456992864e-01 2.272204187346268e-01 0.000000000000000e+00 
3.478187793688346e-01 1.993518910225287e-01 0.000000000000000e+00 
3.819615234821266e-01 1.974978343658808e-01 0.000000000000000e+00 
3.312467746406718e-01 2.269775478311870e-01 0.000000000000000e+00 
3.458561230664286e-01 2.555064424578358e-01 0.000000000000000e+00 
4.622693898059140e-01 -1.867761869842657e-02 0.000000000000000e+00 
4.631261300629022e-01 1.834086378170411e-02 0.000000000000000e+00 
4.594272702878330e-01 5.483414610495676e-02 0.000000000000000e+00 
5.000000000000000e-01 0.000000000000000e+00 0.000000000000000e+00 
4.984194195073480e-01 3.972508348585724e-02 0.000000000000000e+00 
4.936876709681666e-01 7.919901220360757e-02 0.000000000000000e+00 
5.378526109071390e-01 2.040606054182086e-02 0.000000000000000e+00 
5.339556757410394e-01 6.345971485100813e-02 0.000000000000000e+00 
-3.129878884588810e-01 -2.948534918871590e-01 0.000000000000000e+00 
-3.498318624617968e-01 -3.040828569086394e-01 0.000000000000000e+00 
-3.354246425196400e-01 -2.690544725340424e-01 0.000000000000000e+00 
-3.725411527871246e-01 -2.746411120520948e-01 0.000000000000000e+00 
-8.549340695981129e-03 4.299150018011282e-01 0.000000000000000e+00 
9.213167863970570e-03 4.632964364954884e-01 0.000000000000000e+00 
9.665593383471399e-03 3.997472642785954e-01 0.000000000000000e+00 
2.563450382302172e-02 4.292352178162312e-01 0.000000000000000e+00 
1.924086285211048e-01 3.470494806511586e-01 0.000000000000000e+00 
1.898645642328414e-01 3.858127100662616e-01 0.000000000000000e+00 
1.632631793629030e-01 3.680071788037432e-01 0.000000000000000e+00 
1.586114875453228e-01 3.996778653098768e-01 0.000000000000000e+00 
1.880918018501095e-01 4.236722051485768e-01 0.000000000000000e+00 
1.844319622620031e-01 4.647417038486938e-01 0.000000000000000e+00 
2.207727491079552e-01 4.486194303096064e-01 0.000000000000000e+00 
-4.134471088607912e-01 1.181587414229391e-01 0.000000000000000e+00 
-4.494721241741414e-01 1.096204897916496e-01 0.000000000000000e+00 
-3.834071761181566e-01 1.262021912281238e-01 0.000000000000000e+00 
-4.027524042555536e-01 1.506336644524428e-01 0.000000000000000e+00 
-4.394583699696756e-01 1.453227901093141e-01 0.000000000000000e+00 
-4.807524521637104e-01 1.373938853755119e-01 0.000000000000000e+00 
3.369751710510052e-01 -3.178336484270964e-01 0.000000000000000e+00 
3.244627866680392e-01 -2.821770721862612e-01 0.000000000000000e+00 
3.458561230664292e-01 -2.555064424578352e-01 0.000000000000000e+00 
3.170909247143072e-01 -2.502975125112814e-01 0.000000000000000e+00 
3.391006714619212e-01 -2.305625685602768e-01 0.000000000000000e+00 
3.607755708247172e-01 -2.896915389846388e-01 0.000000000000000e+00 
3.010180920648526e-01 3.070636876116028e-01 0.000000000000000e+00 
2.756702641646542e-01 3.300089475383808e-01 0.000000000000000e+00 
2.734826861619142e-01 3.003160888789606e-01 0.000000000000000e+00 
2.901601038028176e-01 2.766143648516808e-01 0.000000000000000e+00 
3.102897146347150e-01 3.427797423459752e-01 0.000000000000000e+00 
2.827525561582266e-01 3.672428544445466e-01 0.000000000000000e+00 
2.206147621512640e-01 3.392245114694866e-01 0.000000000000000e+00 
2.199172560144710e-01 3.695083226492546e-01 0.000000000000000e+00 
2.485795600966842e-01 3.508677846456396e-01 0.000000000000000e+00 
2.208481241343918e-01 4.065787824389136e-01 0.000000000000000e+00 
2.523829791447730e-01 3.880835216907498e-01 0.000000000000000e+00 
2.557177395517106e-01 4.296608402898308e-01 0.000000000000000e+00 
2.890460001124238e-01 4.079857960995808e-01 0.000000000000000e+00 
4.535252052347166e-01 -9.162471544292748e-02 0.000000000000000e+00 
4.601856305541814e-01 -5.525019202062650e-02 0.000000000000000e+00 
4.245713970326234e-01 -6.811115049510276e-02 0.000000000000000e+00 
3.711155295842400e-01 -4.922418279237836e-02 0.000000000000000e+00 
3.982712524662616e-01 -4.347352074542730e-02 0.000000000000000e+00 
4.936876709681668e-01 -7.919901220360744e-02 0.000000000000000e+00 
-3.453683735686366e-01 -4.128763327300092e-01 0.000000000000000e+00 
-3.538435846861008e-01 -4.595592644877158e-01 0.000000000000000e+00 
-3.162129678543440e-01 -4.862194555555626e-01 0.000000000000000e+00 
-3.627595073499998e-01 -5.120317400736164e-01 0.000000000000000e+00 
-4.010096243022072e-01 -4.800545480294942e-01 0.000000000000000e+00 
-4.148510992871536e-01 -5.387936204338730e-01 0.000000000000000e+00 
-3.707324450706112e-01 -5.700503961685900e-01 0.000000000000000e+00 
4.677127826582198e-01 2.652933319990274e-01 0.000000000000000e+00 
4.876732660285298e-01 2.277038113545364e-01 0.000000000000000e+00 
5.152039153944962e-01 2.663924277493276e-01 0.000000000000000e+00 
4.244916810456818e-01 2.642097892263100e-01 0.000000000000000e+00 
4.031954329885790e-01 2.286363658564724e-01 0.000000000000000e+00 
4.441413063745658e-01 2.296486446114892e-01 0.000000000000000e+00 
4.924103500129908e-01 3.064833555025198e-01 0.000000000000000e+00 
4.454606320889068e-01 3.023092718123960e-01 0.000000000000000e+00 
-5.113589906091186e-01 1.686134432110451e-01 0.000000000000000e+00 
-5.576728445099048e-01 1.593769070355913e-01 0.000000000000000e+00 
-5.432474289958634e-01 2.031802915870150e-01 0.000000000000000e+00 
-4.956693980233256e-01 2.088620081639048e-01 0.000000000000000e+00 
-4.683167491343642e-01 1.751554237819113e-01 0.000000000000000e+00 
-4.330896865492982e-01 -3.197802276086190e-01 0.000000000000000e+00 
-4.567958692766900e-01 -2.836782206599484e-01 0.000000000000000e+00 
-3.900286540926056e-01 -3.128540378302806e-01 0.000000000000000e+00 
-4.136520162715280e-01 -2.808772141603862e-01 0.000000000000000e+00 
-4.346601372197908e-01 -2.471245943083624e-01 0.000000000000000e+00 
-4.785642228498648e-01 -2.463292978404476e-01 0.000000000000000e+00 
2.966325778799866e-01 -4.984065747362024e-01 0.000000000000000e+00 
2.560235906576900e-01 -4.726037135905268e-01 0.000000000000000e+00 
2.560963889652304e-01 -5.203985391591422e-01 0.000000000000000e+00 
2.981309423357042e-01 -5.503281804144494e-01 0.000000000000000e+00 
2.544206225975288e-01 -5.737721690452366e-01 0.000000000000000e+00 
3.002509387868214e-01 -6.101224252210637e-01 0.000000000000000e+00 
-1.482576468154719e-01 -5.607313707656624e-01 0.000000000000000e+00 
-1.578458700164375e-01 -5.134492587152472e-01 0.000000000000000e+00 
-7.484807311339570e-02 -5.323081189096502e-01 0.000000000000000e+00 
-1.032387794929760e-01 -5.707379034274846e-01 0.000000000000000e+00 
-1.168329389162152e-01 -5.254385330893790e-01 0.000000000000000e+00 
-8.899894783877420e-02 -4.920154339892104e-01 0.000000000000000e+00 
-5.685724727466880e-01 -1.145658903632166e-01 0.000000000000000e+00 
-5.311818463283832e-01 -8.460104445120405e-02 0.000000000000000e+00 
-5.758774027471441e-01 -6.903055124510928e-02 0.000000000000000e+00 
-6.180977067559404e-01 -9.883514088464609e-02 0.000000000000000e+00 
-6.751666101173416e-01 -8.093237042529844e-02 0.000000000000000e+00 
-6.666022094271518e-01 -1.343186300810114e-01 0.000000000000000e+00 
8.046660855365846e-02 5.743910905540512e-01 0.000000000000000e+00 
9.561411085159648e-02 5.285862292592778e-01 0.000000000000000e+00 
1.258477087016634e-01 5.661822623630496e-01 0.000000000000000e+00 
1.704331591159931e-01 5.543938476153416e-01 0.000000000000000e+00 
1.785563643037074e-01 5.069713737869770e-01 0.000000000000000e+00 
1.376443140325130e-01 5.203579334895087e-01 0.000000000000000e+00 
3.457677259849428e-02 5.789684333335212e-01 0.000000000000000e+00 
5.341880358928258e-02 5.355465499826882e-01 0.000000000000000e+00 
-1.153166884574186e-02 5.798853512666380e-01 0.000000000000000e+00 
1.068000095250460e-02 5.370580951220618e-01 0.000000000000000e+00 
1.276326165419201e-02 6.258196699709808e-01 0.000000000000000e+00 
6.215855034179272e-02 6.234969450183296e-01 0.000000000000000e+00 
4.053828511547636e-02 6.787905770117146e-01 0.000000000000000e+00 
-4.966391515733922e-01 -2.079628156074716e-01 0.000000000000000e+00 
-5.253874283260016e-01 -2.456991049169500e-01 0.000000000000000e+00 
-5.042057591749560e-01 -2.866645293977028e-01 0.000000000000000e+00 
-5.576747836111497e-01 -2.881674567638898e-01 0.000000000000000e+00 
-5.911377866189146e-01 -3.360894482593744e-01 0.000000000000000e+00 
-6.159714676925542e-01 -2.880610195578024e-01 0.000000000000000e+00 
-5.756720336667294e-02 -5.771360473030082e-01 0.000000000000000e+00 
-1.361283223035742e-01 -6.109682807130454e-01 0.000000000000000e+00 
-1.738193100595200e-01 -6.574091933114660e-01 0.000000000000000e+00 
-3.803977822126162e-02 -6.251790115330262e-01 0.000000000000000e+00 
-8.725087261711587e-02 -6.216340825928570e-01 0.000000000000000e+00 
-6.749258325747921e-02 -6.766422623552510e-01 0.000000000000000e+00 
-1.210385690607311e-01 -6.691409902253266e-01 0.000000000000000e+00 
5.347401957423598e-01 2.246172812973722e-01 0.000000000000000e+00 
5.032584686374344e-01 1.866355951446810e-01 0.000000000000000e+00 
5.508956764021138e-01 1.814220320728920e-01 0.000000000000000e+00 
5.726776983230734e-01 9.187085415618484e-02 0.000000000000000e+00 
5.277751592141828e-01 1.062047639290893e-01 0.000000000000000e+00 
5.169270230091744e-01 1.474470087481976e-01 0.000000000000000e+00 
5.635682172234378e-01 1.370797743490851e-01 0.000000000000000e+00 
2.181775095480958e-01 -4.921840481308190e-01 0.000000000000000e+00 
2.139410762239266e-01 -5.391003764644836e-01 0.000000000000000e+00 
1.777992900717666e-01 -5.076405254124622e-01 0.000000000000000e+00 
1.374400129346375e-01 -5.206042194919168e-01 0.000000000000000e+00 
1.704331591159965e-01 -5.543938476153404e-01 0.000000000000000e+00 
-3.162129678543488e-01 4.862194555555594e-01 0.000000000000000e+00 
-2.765831508285350e-01 5.098056106770106e-01 0.000000000000000e+00 
-3.208846371643476e-01 5.393759018947958e-01 0.000000000000000e+00 
-3.242699009713856e-01 5.977031297592542e-01 0.000000000000000e+00 
-3.616015543266628e-01 5.103972999295165e-01 0.000000000000000e+00 
-3.707324450706158e-01 5.700503961685868e-01 0.000000000000000e+00 
4.060244032502662e-01 4.141789274761154e-01 0.000000000000000e+00 
3.615098485302364e-01 3.988192685987880e-01 0.000000000000000e+00 
3.205468187961096e-01 3.837313343469544e-01 0.000000000000000e+00 
3.500210372847122e-01 3.570507995483752e-01 0.000000000000000e+00 
3.289239840236246e-01 4.258570580764404e-01 0.000000000000000e+00 
-5.380934447976974e-01 8.159934079628638e-04 0.000000000000000e+00 
-4.996046986136510e-01 -1.987825754846349e-02 0.000000000000000e+00 
-5.795414503918350e-01 -2.305877875622074e-02 0.000000000000000e+00 
-5.361728772954278e-01 -4.204085730547678e-02 0.000000000000000e+00 
-9.941093832534323e-03 -4.999011648850328e-01 0.000000000000000e+00 
-3.223763790521626e-02 -5.374239938347630e-01 0.000000000000000e+00 
1.008911118107290e-02 -5.377822053830352e-01 0.000000000000000e+00 
-4.962689945402974e-02 -4.975310752612138e-01 0.000000000000000e+00 
-2.766314667303406e-02 -4.626191393232350e-01 0.000000000000000e+00 
-3.443647537646002e-01 4.131881011787624e-01 0.000000000000000e+00 
-3.767697750696934e-01 3.845661185036748e-01 0.000000000000000e+00 
-4.053584788267416e-01 3.529686285154576e-01 0.000000000000000e+00 
-3.355492141795192e-01 3.706841308493082e-01 0.000000000000000e+00 
-4.901486834023182e-01 9.876369858897562e-02 0.000000000000000e+00 
-5.315300000061010e-01 8.587688073306116e-02 0.000000000000000e+00 
-5.224950708275437e-01 1.277121433223364e-01 0.000000000000000e+00 
-5.954015588488574e-01 1.964484474448915e-01 0.000000000000000e+00 
-6.369107788227359e-01 2.382113763433980e-01 0.000000000000000e+00 
3.772823100791154e-01 -3.281128746351874e-01 0.000000000000000e+00 
4.021582826353828e-01 -2.971005144858548e-01 0.000000000000000e+00 
4.453087628232538e-01 -3.025668003265938e-01 0.000000000000000e+00 
4.244916810456820e-01 -2.642097892263094e-01 0.000000000000000e+00 
3.833986308341524e-01 -2.604397975758750e-01 0.000000000000000e+00 
4.191958315065052e-01 -3.370257340896012e-01 0.000000000000000e+00 
-5.365035516328608e-01 4.378587256410190e-02 0.000000000000000e+00 
-5.758774027471451e-01 6.903055124510098e-02 0.000000000000000e+00 
-5.795414503918352e-01 2.305877875621290e-02 0.000000000000000e+00 
-6.250187281108714e-01 -4.946310032566178e-02 0.000000000000000e+00 
-6.278875878947342e-01 1.665141659066020e-04 0.000000000000000e+00 
-6.794623901145652e-01 -2.703443026591276e-02 0.000000000000000e+00 
-6.242991182447336e-01 5.046218532111570e-02 0.000000000000000e+00 
-6.794623901145654e-01 2.703443026590628e-02 0.000000000000000e+00 
-1.985980087267235e-01 -5.002770902817090e-01 0.000000000000000e+00 
-1.923391815601962e-01 -5.471797138388392e-01 0.000000000000000e+00 
-1.844621917539639e-01 -5.998682543918248e-01 0.000000000000000e+00 
-2.307275803696172e-01 -5.813999239108836e-01 0.000000000000000e+00 
-2.255011094154036e-01 -6.415210438110523e-01 0.000000000000000e+00 
4.670928238819170e-01 -2.659448118516874e-01 0.000000000000000e+00 
4.876395151505904e-01 -2.281029836437786e-01 0.000000000000000e+00 
4.441413063745662e-01 -2.296486446114886e-01 0.000000000000000e+00 
4.609829273641034e-01 -1.936355873253204e-01 0.000000000000000e+00 
5.036759221461000e-01 -1.883791490274775e-01 0.000000000000000e+00 
5.152039153944966e-01 -2.663924277493268e-01 0.000000000000000e+00 
5.347401957423600e-01 -2.246172812973712e-01 0.000000000000000e+00 
-4.057920020325742e-01 -3.525436406919204e-01 0.000000000000000e+00 
-3.639394051847462e-01 -3.428528975432074e-01 0.000000000000000e+00 
-3.240694317277832e-01 -3.302411296050524e-01 0.000000000000000e+00 
-3.355492141795174e-01 -3.706841308493100e-01 0.000000000000000e+00 
-3.768094378414038e-01 -3.822519838849108e-01 0.000000000000000e+00 
-9.941093832536420e-03 4.999011648850328e-01 0.000000000000000e+00 
-4.962689945403214e-02 4.975310752612136e-01 0.000000000000000e+00 
-6.426184463411738e-02 4.589685534720708e-01 0.000000000000000e+00 
-2.756370659679240e-02 4.615386233561736e-01 0.000000000000000e+00 
-3.204863941939160e-02 5.373159893231210e-01 0.000000000000000e+00 
4.021582826353822e-01 2.971005144858556e-01 0.000000000000000e+00 
4.194870883241230e-01 3.361320428570714e-01 0.000000000000000e+00 
3.772823100791148e-01 3.281128746351882e-01 0.000000000000000e+00 
3.613278472012520e-01 2.892349179924160e-01 0.000000000000000e+00 
3.374002979887808e-01 3.177365157199698e-01 0.000000000000000e+00 
3.917085380232186e-01 3.669691443023754e-01 0.000000000000000e+00 
2.756518437435782e-01 2.427615607675134e-01 0.000000000000000e+00 
3.117341459466602e-01 2.515109082782216e-01 0.000000000000000e+00 
3.021116164524732e-01 2.262981189584104e-01 0.000000000000000e+00 
3.244627866680386e-01 2.821770721862618e-01 0.000000000000000e+00 
5.339812827423894e-01 -6.461795626493742e-02 0.000000000000000e+00 
5.379728350033040e-01 -2.200473470491546e-02 0.000000000000000e+00 
4.984194195073480e-01 -3.972508348585700e-02 0.000000000000000e+00 
5.277543112390506e-01 -1.064856864353636e-01 0.000000000000000e+00 
5.781665266285236e-01 -4.608109684359462e-02 0.000000000000000e+00 
2.937949438826544e-01 4.504812082420590e-01 0.000000000000000e+00 
2.570277497622958e-01 4.724915093874130e-01 0.000000000000000e+00 
2.966325778799840e-01 4.984065747362038e-01 0.000000000000000e+00 
-5.772274549243332e-01 -2.421190315778940e-01 0.000000000000000e+00 
-5.956212063818214e-01 -1.957814784177026e-01 0.000000000000000e+00 
-6.369107788227338e-01 -2.382113763434038e-01 0.000000000000000e+00 
-5.576728445099028e-01 -1.593769070355986e-01 0.000000000000000e+00 
-5.432474289958606e-01 -2.031802915870220e-01 0.000000000000000e+00 
-6.100649624606916e-01 -1.482889551488126e-01 0.000000000000000e+00 
-6.538233349426450e-01 -1.868556841107004e-01 0.000000000000000e+00 
-4.022937733919878e-01 4.815918218841200e-01 0.000000000000000e+00 
-4.148510992871584e-01 5.387936204338692e-01 0.000000000000000e+00 
-4.378823823196108e-01 4.466767367133662e-01 0.000000000000000e+00 
-4.563469312841464e-01 5.041304179550590e-01 0.000000000000000e+00 
-4.949575910512574e-01 4.662799406587594e-01 0.000000000000000e+00 
-3.538435846861060e-01 4.595592644877116e-01 0.000000000000000e+00 
-4.221697100143084e-01 3.977093611501178e-01 0.000000000000000e+00 
-3.892370884482432e-01 4.299935917851968e-01 0.000000000000000e+00 
-5.031069796147810e-01 3.716778913652142e-01 0.000000000000000e+00 
-5.625667421292804e-01 3.819930112581222e-01 0.000000000000000e+00 
-4.524332387474248e-01 3.629106838831226e-01 0.000000000000000e+00 
-4.798363388749748e-01 3.258175684260448e-01 0.000000000000000e+00 
-4.734981452188878e-01 4.117893508699598e-01 0.000000000000000e+00 
-5.304389695659458e-01 4.254814914491790e-01 0.000000000000000e+00 
5.863969062321736e-01 2.189790595741426e-01 0.000000000000000e+00 
6.035185825593318e-01 1.723585978507988e-01 0.000000000000000e+00 
6.458776895748922e-01 2.127016927751146e-01 0.000000000000000e+00 
6.136378546958948e-01 1.232548101311830e-01 0.000000000000000e+00 
6.607351512274788e-01 1.607142182023755e-01 0.000000000000000e+00 
6.714152325167068e-01 1.077106565969063e-01 0.000000000000000e+00 
-6.197764658175012e-01 9.959307120617804e-02 0.000000000000000e+00 
-6.751666101173424e-01 8.093237042529200e-02 0.000000000000000e+00 
-5.685724727466896e-01 1.145658903632090e-01 0.000000000000000e+00 
-6.081409816219436e-01 1.482487998013457e-01 0.000000000000000e+00 
-6.538233349426468e-01 1.868556841106944e-01 0.000000000000000e+00 
-6.666022094271534e-01 1.343186300810048e-01 0.000000000000000e+00 
5.193503624120628e-01 -3.527663159993462e-01 0.000000000000000e+00 
5.773086862221281e-01 -3.593253133477804e-01 0.000000000000000e+00 
4.665036078570442e-01 -3.446365968035912e-01 0.000000000000000e+00 
4.924103500129914e-01 -3.064833555025186e-01 0.000000000000000e+00 
4.880776361686228e-01 -3.919099147032260e-01 0.000000000000000e+00 
5.469352643841208e-01 -4.040566997007620e-01 0.000000000000000e+00 
-5.321188049301390e-01 -3.303716068736158e-01 0.000000000000000e+00 
-5.625667421292770e-01 -3.819930112581270e-01 0.000000000000000e+00 
-4.725292383503040e-01 -4.104379171571938e-01 0.000000000000000e+00 
-5.304389695659422e-01 -4.254814914491832e-01 0.000000000000000e+00 
-4.524332387474206e-01 -3.629106838831276e-01 0.000000000000000e+00 
-4.798363388749710e-01 -3.258175684260504e-01 0.000000000000000e+00 
-5.049872220996756e-01 -3.728353798412162e-01 0.000000000000000e+00 
4.552945017206214e-01 4.289149153034558e-01 0.000000000000000e+00 
5.131039417075962e-01 4.462335095038558e-01 0.000000000000000e+00 
4.760286107072090e-01 4.855890873857902e-01 0.000000000000000e+00 
4.376474796917730e-01 3.806109345768184e-01 0.000000000000000e+00 
4.665036078570432e-01 3.446365968035926e-01 0.000000000000000e+00 
4.896417483074838e-01 3.926121142136478e-01 0.000000000000000e+00 
5.469352643841198e-01 4.040566997007636e-01 0.000000000000000e+00 
-5.558741669118948e-01 2.877795523150446e-01 0.000000000000000e+00 
-5.911377866189174e-01 3.360894482593692e-01 0.000000000000000e+00 
-6.159714676925570e-01 2.880610195577966e-01 0.000000000000000e+00 
-5.253874283260048e-01 2.456991049169434e-01 0.000000000000000e+00 
-5.042057591749594e-01 2.866645293976966e-01 0.000000000000000e+00 
-5.327879622208012e-01 3.316703335035818e-01 0.000000000000000e+00 
-5.787988049329854e-01 2.432299653608482e-01 0.000000000000000e+00 
2.076875512400438e-01 5.910845200227826e-01 0.000000000000000e+00 
1.998181865497853e-01 6.499789937559176e-01 0.000000000000000e+00 
1.598904180757919e-01 6.047281555164667e-01 0.000000000000000e+00 
1.117081728229612e-01 6.176703974096922e-01 0.000000000000000e+00 
1.475455895122952e-01 6.637998938049549e-01 0.000000000000000e+00 
9.434016175256540e-02 6.734240372013016e-01 0.000000000000000e+00 
-1.836261393693049e-01 5.999325689733174e-01 0.000000000000000e+00 
-1.350319896365051e-01 6.118642805901136e-01 0.000000000000000e+00 
-1.738193100595242e-01 6.574091933114650e-01 0.000000000000000e+00 
-1.923391815602007e-01 5.471797138388376e-01 0.000000000000000e+00 
-1.482576468154766e-01 5.607313707656612e-01 0.000000000000000e+00 
-1.210385690607357e-01 6.691409902253258e-01 0.000000000000000e+00 
-2.255011094154076e-01 6.415210438110510e-01 0.000000000000000e+00 
6.020311175913760e-01 -1.727841272808737e-01 0.000000000000000e+00 
6.607351512274789e-01 -1.607142182023749e-01 0.000000000000000e+00 
5.167763281570310e-01 -1.479743023719158e-01 0.000000000000000e+00 
5.508956764021140e-01 -1.814220320728915e-01 0.000000000000000e+00 
5.635682172234378e-01 -1.370797743490844e-01 0.000000000000000e+00 
4.858346700202050e-01 -1.181722192664521e-01 0.000000000000000e+00 
6.272806410554080e-01 -2.519166818522504e-02 0.000000000000000e+00 
6.778504105299932e-01 -5.402611354076552e-02 0.000000000000000e+00 
6.153711269800642e-01 -1.242336462804010e-01 0.000000000000000e+00 
6.714152325167068e-01 -1.077106565969061e-01 0.000000000000000e+00 
5.726776983230734e-01 -9.187085415618462e-02 0.000000000000000e+00 
6.217993449983128e-01 -7.524224709698218e-02 0.000000000000000e+00 
1.778276234799679e-01 3.160350193502282e-01 0.000000000000000e+00 
1.439201693878984e-01 3.205232461653652e-01 0.000000000000000e+00 
1.101417805036022e-01 3.258043136539746e-01 0.000000000000000e+00 
1.620941093504110e-01 3.399777312978852e-01 0.000000000000000e+00 
1.330509949204975e-01 3.482739681498366e-01 0.000000000000000e+00 
5.459733593390592e-01 3.101477590364554e-01 0.000000000000000e+00 
5.685193332515822e-01 2.651432715540770e-01 0.000000000000000e+00 
6.040321766694096e-01 3.123221566716252e-01 0.000000000000000e+00 
5.773086862221272e-01 3.593253133477816e-01 0.000000000000000e+00 
5.183656944837494e-01 3.512200293934008e-01 0.000000000000000e+00 
6.269367812151804e-01 2.633443987624362e-01 0.000000000000000e+00 
-2.313893564173044e-01 5.837430747013562e-01 0.000000000000000e+00 
-2.352046860715380e-01 5.301686105853394e-01 0.000000000000000e+00 
-1.977248074752290e-01 5.004499192610365e-01 0.000000000000000e+00 
-2.759078039345384e-01 5.620795192788486e-01 0.000000000000000e+00 
-2.757572181528374e-01 6.215769917207428e-01 0.000000000000000e+00 
5.800000000000000e-01 0.000000000000000e+00 0.000000000000000e+00 
6.258675641756188e-01 2.419944836999216e-02 0.000000000000000e+00 
5.781665266285236e-01 4.608109684359442e-02 0.000000000000000e+00 
6.800000000000000e-01 0.000000000000000e+00 0.000000000000000e+00 
6.778504105299932e-01 5.402611354076584e-02 0.000000000000000e+00 
6.232692144783016e-01 7.452382993977108e-02 0.000000000000000e+00 
5.878928773160640e-01 -2.200536575804872e-01 0.000000000000000e+00 
5.668758033704614e-01 -2.654524132942372e-01 0.000000000000000e+00 
5.448666298274700e-01 -3.101860159381986e-01 0.000000000000000e+00 
6.040321766694100e-01 -3.123221566716244e-01 0.000000000000000e+00 
6.458776895748924e-01 -2.127016927751142e-01 0.000000000000000e+00 
6.269367812151810e-01 -2.633443987624352e-01 0.000000000000000e+00 
1.115988142881065e-01 -6.178904072800642e-01 0.000000000000000e+00 
1.258477087016668e-01 -5.661822623630490e-01 0.000000000000000e+00 
1.599252359091572e-01 -6.062333937540541e-01 0.000000000000000e+00 
2.072769205971630e-01 -5.906347757780588e-01 0.000000000000000e+00 
1.998181865497885e-01 -6.499789937559168e-01 0.000000000000000e+00 
1.475455895122984e-01 -6.637998938049542e-01 0.000000000000000e+00 
2.508274686763272e-01 -6.320487172342226e-01 0.000000000000000e+00 
-3.199073228995824e-01 -5.375131557664627e-01 0.000000000000000e+00 
-2.770749765489128e-01 -5.630279037366170e-01 0.000000000000000e+00 
-2.765831508285298e-01 -5.098056106770134e-01 0.000000000000000e+00 
-2.352046860715330e-01 -5.301686105853416e-01 0.000000000000000e+00 
-2.376260150296456e-01 -4.821164030127410e-01 0.000000000000000e+00 
-3.242699009713816e-01 -5.977031297592564e-01 0.000000000000000e+00 
-2.757572181528330e-01 -6.215769917207448e-01 0.000000000000000e+00 
3.352933601304134e-01 -4.732635234755124e-01 0.000000000000000e+00 
3.420904758974346e-01 -5.261359108118528e-01 0.000000000000000e+00 
3.816072890952776e-01 -4.956177607553554e-01 0.000000000000000e+00 
3.718343098034886e-01 -4.451283478424658e-01 0.000000000000000e+00 
3.477761257903286e-01 -5.843387427941686e-01 0.000000000000000e+00 
3.931025601528980e-01 -5.548606826954288e-01 0.000000000000000e+00 
4.359436735627108e-01 -5.218746147118564e-01 0.000000000000000e+00 
2.988058589186382e-01 5.499620201542545e-01 0.000000000000000e+00 
2.546015471351628e-01 5.737860997093256e-01 0.000000000000000e+00 
2.560963889652280e-01 5.203985391591434e-01 0.000000000000000e+00 
2.184710484375188e-01 4.920538221593864e-01 0.000000000000000e+00 
2.139410762239236e-01 5.391003764644848e-01 0.000000000000000e+00 
3.002509387868192e-01 6.101224252210647e-01 0.000000000000000e+00 
2.508274686763246e-01 6.320487172342236e-01 0.000000000000000e+00 
2.441529393628372e-01 3.118486196254386e-01 0.000000000000000e+00 
2.235672626411200e-01 2.798295525957626e-01 0.000000000000000e+00 
2.564126047441588e-01 2.760461844214874e-01 0.000000000000000e+00 
2.089273203571962e-01 3.123095760069524e-01 0.000000000000000e+00 
1.899487701868022e-01 2.842578286013064e-01 0.000000000000000e+00 
2.023593648567722e-01 2.522056807874774e-01 0.000000000000000e+00 
2.361312136873140e-01 2.468708562024410e-01 0.000000000000000e+00 
9.801836850962475e-02 3.586195229141416e-01 0.000000000000000e+00 
1.040865075643238e-01 3.926869855689116e-01 0.000000000000000e+00 
1.307894693123577e-01 3.786601374786424e-01 0.000000000000000e+00 
1.263556179653052e-01 4.110161284044774e-01 0.000000000000000e+00 
-1.001632852432885e-01 4.517161902704628e-01 0.000000000000000e+00 
-8.899894783877638e-02 4.920154339892102e-01 0.000000000000000e+00 
-1.278083162202387e-01 4.833891127290182e-01 0.000000000000000e+00 
-1.032387794929806e-01 5.707379034274837e-01 0.000000000000000e+00 
-1.150108979899926e-01 5.242846793239720e-01 0.000000000000000e+00 
-7.430497196986686e-02 5.323842021007720e-01 0.000000000000000e+00 
-1.578250815561955e-01 5.146235742965986e-01 0.000000000000000e+00 
4.060244032502678e-01 -4.141789274761138e-01 0.000000000000000e+00 
4.561024020536690e-01 -4.296309167979606e-01 0.000000000000000e+00 
4.376474796917742e-01 -3.806109345768170e-01 0.000000000000000e+00 
3.917855079765290e-01 -3.692802867559930e-01 0.000000000000000e+00 
5.131039417075974e-01 -4.462335095038546e-01 0.000000000000000e+00 
4.212567814121040e-01 -4.653366091615902e-01 0.000000000000000e+00 
4.760286107072100e-01 -4.855890873857890e-01 0.000000000000000e+00 
-4.221697100143038e-01 -3.977093611501226e-01 0.000000000000000e+00 
-4.393750305750748e-01 -4.481009627893064e-01 0.000000000000000e+00 
-3.892370884482380e-01 -4.299935917852014e-01 0.000000000000000e+00 
-4.949575910512534e-01 -4.662799406587638e-01 0.000000000000000e+00 
-4.563469312841424e-01 -5.041304179550627e-01 0.000000000000000e+00 
-3.673999914116738e-02 6.262310749190986e-01 0.000000000000000e+00 
-5.756720336667702e-02 5.771360473030078e-01 0.000000000000000e+00 
-1.351988761224893e-02 6.798655842436446e-01 0.000000000000000e+00 
-6.749258325748328e-02 6.766422623552506e-01 0.000000000000000e+00 
-8.685152065925818e-02 6.219587598033800e-01 0.000000000000000e+00 
1.224855072233663e-02 -6.276667872319202e-01 0.000000000000000e+00 
-1.153166884573775e-02 -5.798853512666380e-01 0.000000000000000e+00 
6.146758129928600e-02 -6.233117660029770e-01 0.000000000000000e+00 
3.457677259849812e-02 -5.789684333335210e-01 0.000000000000000e+00 
4.053828511547996e-02 -6.787905770117144e-01 0.000000000000000e+00 
9.434016175256900e-02 -6.734240372013010e-01 0.000000000000000e+00 
-1.351988761224487e-02 -6.798655842436448e-01 0.000000000000000e+00 

CELLS 2123 8492
3 376 0 1 
3 471 376 1 
3 425 0 374 
3 2 423 3 
3 2 0 425 
3 4 2 3 
3 2 425 423 
3 4 3 372 
3 1 0 2 
3 1 2 4 
3 423 136 3 
3 5 46 436 
3 5 6 7 
3 5 436 6 
3 6 8 7 
3 435 8 6 
3 272 8 435 
3 732 9 595 
3 733 5 7 
3 8 9 7 
3 7 9 732 
3 733 7 732 
3 275 9 8 
3 10 228 261 
3 11 10 12 
3 10 261 12 
3 11 12 13 
3 10 229 228 
3 11 13 476 
3 666 14 15 
3 549 14 666 
3 15 14 12 
3 13 14 548 
3 261 15 12 
3 12 14 13 
3 16 17 18 
3 19 16 18 
3 20 170 17 
3 21 17 169 
3 16 22 624 
3 21 18 17 
3 16 19 22 
3 387 16 624 
3 16 20 17 
3 19 18 220 
3 16 387 20 
3 23 24 214 
3 23 258 25 
3 23 26 24 
3 24 26 27 
3 23 25 26 
3 258 306 25 
3 25 28 26 
3 26 28 29 
3 182 27 29 
3 27 26 29 
3 30 100 31 
3 31 100 32 
3 562 30 33 
3 31 33 30 
3 34 31 35 
3 31 32 35 
3 35 32 528 
3 34 33 31 
3 684 33 34 
3 35 529 688 
3 35 688 34 
3 36 281 37 
3 38 39 37 
3 276 38 37 
3 536 38 276 
3 238 38 536 
3 37 39 36 
3 40 39 38 
3 36 39 690 
3 238 40 38 
3 690 39 41 
3 40 41 39 
3 42 43 44 
3 42 751 43 
3 45 489 46 
3 614 45 47 
3 44 489 45 
3 45 46 47 
3 42 615 750 
3 48 44 45 
3 48 45 614 
3 48 42 44 
3 42 48 615 
3 49 50 51 
3 473 49 51 
3 52 50 49 
3 410 53 50 
3 50 53 51 
3 51 53 54 
3 55 473 51 
3 55 51 54 
3 55 54 227 
3 467 50 52 
3 56 57 58 
3 56 58 188 
3 334 57 56 
3 450 209 58 
3 450 58 451 
3 56 188 187 
3 59 56 187 
3 59 187 63 
3 65 59 63 
3 59 334 56 
3 58 57 451 
3 60 61 62 
3 63 61 60 
3 61 28 62 
3 62 308 91 
3 60 62 91 
3 64 60 91 
3 64 196 65 
3 65 63 60 
3 64 65 60 
3 183 61 63 
3 29 28 61 
3 29 61 183 
3 66 67 294 
3 66 68 67 
3 69 68 66 
3 451 69 448 
3 67 68 318 
3 332 331 68 
3 69 332 68 
3 68 331 318 
3 69 66 448 
3 451 57 69 
3 69 57 332 
3 70 71 72 
3 128 70 73 
3 73 70 72 
3 70 74 71 
3 110 72 111 
3 72 71 111 
3 75 73 72 
3 110 75 72 
3 71 74 271 
3 140 125 73 
3 75 140 73 
3 76 116 77 
3 78 582 79 
3 80 116 76 
3 81 582 78 
3 82 76 77 
3 83 81 78 
3 82 78 76 
3 82 83 78 
3 78 79 76 
3 83 400 81 
3 79 80 76 
3 327 356 352 
3 84 356 85 
3 85 356 327 
3 86 326 371 
3 87 316 323 
3 462 84 85 
3 85 327 304 
3 462 463 84 
3 463 149 84 
3 324 315 124 
3 87 323 86 
3 87 86 370 
3 88 89 90 
3 103 89 396 
3 90 89 103 
3 91 92 93 
3 195 93 88 
3 64 91 93 
3 195 64 93 
3 91 308 92 
3 396 89 92 
3 93 89 88 
3 92 89 93 
3 94 95 515 
3 96 30 162 
3 97 98 95 
3 99 97 161 
3 99 98 97 
3 97 95 94 
3 97 94 96 
3 97 96 161 
3 514 100 94 
3 96 100 30 
3 94 100 96 
3 83 101 401 
3 82 101 83 
3 102 90 103 
3 101 103 401 
3 102 103 101 
3 104 105 282 
3 105 82 77 
3 105 101 82 
3 255 90 102 
3 104 102 105 
3 255 102 104 
3 102 101 105 
3 312 106 107 
3 108 106 109 
3 107 106 108 
3 108 109 247 
3 108 247 110 
3 108 110 111 
3 107 108 111 
3 112 106 113 
3 113 106 312 
3 109 106 112 
3 95 114 115 
3 77 116 117 
3 98 114 95 
3 118 114 98 
3 117 114 118 
3 515 95 115 
3 119 515 115 
3 119 115 80 
3 117 116 114 
3 115 116 80 
3 114 116 115 
3 253 252 120 
3 121 418 120 
3 122 418 121 
3 120 123 121 
3 123 252 303 
3 324 124 305 
3 120 252 123 
3 122 121 315 
3 123 302 124 
3 121 123 124 
3 315 121 124 
3 142 125 140 
3 126 74 127 
3 125 128 73 
3 129 130 292 
3 127 130 129 
3 126 127 129 
3 127 74 70 
3 127 70 128 
3 349 128 125 
3 127 128 130 
3 130 128 349 
3 131 132 133 
3 132 112 113 
3 134 112 132 
3 135 147 134 
3 133 132 113 
3 136 137 131 
3 137 132 131 
3 137 134 132 
3 137 135 134 
3 137 422 135 
3 136 422 137 
3 246 138 139 
3 140 141 142 
3 139 141 140 
3 139 138 143 
3 143 141 139 
3 142 141 447 
3 447 141 144 
3 144 415 443 
3 144 141 143 
3 75 139 140 
3 75 246 139 
3 145 194 244 
3 248 145 244 
3 178 194 145 
3 383 389 539 
3 109 146 248 
3 146 145 248 
3 147 166 178 
3 146 112 134 
3 145 147 178 
3 134 147 146 
3 146 147 145 
3 109 112 146 
3 148 160 501 
3 149 150 151 
3 150 160 148 
3 151 150 148 
3 227 204 152 
3 148 225 152 
3 151 148 152 
3 148 501 225 
3 149 151 355 
3 225 227 152 
3 151 152 208 
3 153 154 155 
3 155 154 156 
3 153 157 433 
3 153 155 158 
3 156 154 338 
3 192 155 156 
3 438 154 153 
3 158 157 153 
3 180 157 177 
3 177 157 158 
3 180 434 157 
3 463 159 149 
3 500 160 566 
3 159 150 149 
3 161 162 163 
3 162 566 163 
3 161 163 159 
3 99 161 159 
3 566 160 163 
3 163 160 150 
3 163 150 159 
3 463 99 159 
3 161 96 162 
3 164 165 181 
3 165 426 286 
3 175 166 164 
3 135 422 167 
3 167 421 168 
3 164 168 165 
3 135 166 147 
3 165 168 426 
3 164 167 168 
3 166 167 164 
3 135 167 166 
3 169 170 171 
3 20 172 170 
3 169 17 170 
3 171 173 286 
3 426 171 286 
3 426 427 171 
3 427 169 171 
3 170 173 171 
3 290 173 172 
3 172 173 170 
3 20 388 172 
3 174 175 176 
3 174 176 177 
3 178 166 175 
3 176 179 180 
3 175 164 181 
3 175 181 176 
3 174 178 175 
3 176 180 177 
3 174 194 178 
3 181 179 176 
3 182 29 183 
3 184 185 182 
3 184 182 183 
3 184 210 185 
3 185 186 182 
3 187 184 183 
3 188 210 184 
3 188 184 187 
3 187 183 63 
3 186 27 182 
3 189 174 177 
3 189 177 158 
3 189 158 190 
3 191 190 192 
3 193 189 190 
3 189 194 174 
3 191 193 190 
3 191 243 193 
3 193 194 189 
3 158 155 190 
3 190 155 192 
3 195 196 64 
3 330 196 197 
3 382 197 198 
3 382 198 251 
3 198 195 88 
3 198 254 251 
3 198 88 254 
3 197 196 195 
3 88 90 254 
3 198 197 195 
3 65 196 333 
3 523 199 527 
3 200 391 201 
3 199 202 201 
3 202 200 201 
3 203 201 364 
3 201 391 364 
3 203 199 201 
3 527 199 203 
3 523 696 199 
3 199 696 202 
3 909 200 202 
3 204 205 206 
3 206 207 351 
3 206 205 207 
3 409 205 53 
3 54 205 204 
3 54 204 227 
3 152 204 208 
3 208 204 206 
3 208 206 353 
3 53 205 54 
3 207 205 409 
3 58 209 188 
3 600 185 210 
3 480 211 212 
3 600 210 211 
3 212 209 450 
3 188 209 210 
3 211 209 212 
3 210 209 211 
3 480 213 211 
3 213 600 211 
3 214 24 215 
3 27 216 24 
3 186 216 27 
3 215 216 550 
3 24 216 215 
3 186 599 216 
3 216 599 550 
3 217 218 859 
3 214 218 217 
3 215 218 214 
3 552 218 215 
3 19 219 22 
3 220 221 219 
3 19 220 219 
3 220 557 221 
3 222 223 671 
3 223 224 669 
3 221 224 223 
3 559 224 221 
3 219 223 222 
3 219 222 22 
3 221 223 219 
3 225 226 227 
3 228 229 230 
3 55 229 473 
3 226 55 227 
3 501 231 225 
3 231 230 226 
3 225 231 226 
3 226 229 55 
3 230 229 226 
3 263 228 230 
3 311 232 233 
3 306 256 234 
3 233 232 235 
3 605 234 638 
3 232 234 235 
3 306 234 232 
3 235 234 605 
3 235 236 233 
3 233 236 237 
3 233 237 398 
3 311 233 398 
3 238 239 240 
3 241 534 752 
3 534 241 238 
3 241 752 242 
3 238 241 239 
3 241 242 239 
3 40 238 240 
3 40 240 41 
3 242 700 239 
3 240 702 41 
3 239 701 240 
3 243 244 193 
3 243 245 244 
3 245 138 246 
3 245 246 247 
3 244 245 248 
3 248 245 247 
3 109 248 247 
3 243 138 245 
3 244 194 193 
3 247 246 110 
3 110 246 75 
3 249 303 250 
3 251 252 253 
3 250 252 251 
3 382 251 253 
3 254 90 255 
3 254 255 250 
3 255 104 249 
3 254 250 251 
3 255 249 250 
3 303 252 250 
3 638 256 257 
3 306 258 256 
3 23 214 259 
3 260 23 259 
3 260 257 256 
3 258 260 256 
3 260 259 257 
3 23 260 258 
3 259 639 257 
3 214 217 259 
3 217 639 259 
3 261 228 262 
3 263 262 228 
3 263 264 262 
3 265 266 665 
3 664 267 265 
3 264 266 265 
3 261 267 15 
3 503 266 264 
3 262 267 261 
3 264 265 262 
3 265 267 262 
3 268 418 122 
3 268 122 269 
3 270 271 268 
3 270 268 269 
3 107 270 269 
3 312 107 269 
3 111 71 270 
3 107 111 270 
3 270 71 271 
3 271 420 268 
3 271 74 416 
3 272 273 274 
3 434 273 272 
3 180 273 434 
3 179 273 180 
3 289 273 179 
3 591 275 274 
3 291 591 274 
3 275 272 274 
3 291 274 289 
3 274 273 289 
3 291 594 591 
3 275 8 272 
3 276 277 406 
3 278 279 280 
3 278 280 277 
3 276 278 277 
3 276 37 278 
3 279 368 280 
3 280 405 277 
3 367 405 280 
3 37 281 278 
3 279 281 527 
3 278 281 279 
3 282 283 284 
3 283 117 118 
3 283 118 460 
3 105 77 282 
3 104 282 284 
3 104 284 249 
3 285 300 284 
3 283 285 284 
3 283 460 285 
3 282 117 283 
3 77 117 282 
3 165 286 287 
3 286 288 287 
3 288 289 287 
3 286 173 288 
3 288 173 290 
3 165 287 181 
3 288 290 291 
3 288 291 289 
3 289 179 287 
3 290 594 291 
3 287 179 181 
3 292 293 317 
3 293 67 317 
3 294 67 293 
3 295 296 297 
3 292 130 298 
3 292 298 297 
3 299 294 293 
3 297 299 293 
3 298 295 297 
3 292 297 293 
3 297 296 299 
3 300 301 302 
3 285 301 300 
3 303 302 123 
3 249 300 303 
3 284 300 249 
3 300 302 303 
3 304 301 464 
3 305 301 304 
3 302 301 305 
3 124 302 305 
3 306 232 307 
3 92 308 309 
3 310 28 25 
3 306 310 25 
3 306 307 310 
3 62 310 308 
3 311 307 232 
3 308 310 307 
3 62 28 310 
3 309 308 307 
3 397 309 311 
3 311 309 307 
3 113 312 313 
3 314 122 315 
3 315 316 314 
3 314 316 313 
3 313 316 87 
3 312 269 314 
3 269 122 314 
3 312 314 313 
3 133 313 87 
3 133 113 313 
3 324 316 315 
3 317 67 318 
3 328 379 319 
3 129 292 317 
3 126 129 320 
3 126 320 321 
3 320 319 321 
3 129 317 320 
3 319 331 328 
3 317 318 320 
3 318 319 320 
3 318 331 319 
3 322 323 324 
3 325 326 86 
3 86 323 325 
3 327 352 325 
3 323 316 324 
3 325 323 322 
3 327 325 322 
3 322 324 305 
3 352 326 325 
3 322 305 304 
3 327 322 304 
3 328 329 330 
3 329 331 332 
3 330 329 333 
3 328 331 329 
3 333 196 330 
3 65 333 59 
3 329 334 333 
3 333 334 59 
3 332 57 334 
3 332 334 329 
3 335 336 337 
3 156 338 339 
3 192 156 335 
3 338 538 339 
3 412 335 337 
3 412 192 335 
3 156 339 335 
3 337 336 402 
3 339 336 335 
3 337 402 415 
3 407 336 339 
3 340 341 342 
3 343 66 294 
3 340 342 343 
3 340 343 294 
3 342 359 452 
3 342 452 343 
3 341 344 342 
3 344 359 342 
3 345 346 344 
3 341 345 344 
3 345 1006 346 
3 347 348 459 
3 298 347 295 
3 349 125 350 
3 350 125 142 
3 348 350 446 
3 446 350 142 
3 347 350 348 
3 298 130 349 
3 349 350 347 
3 298 349 347 
3 347 459 295 
3 351 326 352 
3 351 352 353 
3 351 207 354 
3 354 326 351 
3 149 355 84 
3 151 208 355 
3 206 351 353 
3 208 353 355 
3 352 356 353 
3 355 356 84 
3 353 356 355 
3 346 357 358 
3 346 358 344 
3 358 359 344 
3 358 360 359 
3 452 359 453 
3 359 360 453 
3 453 360 578 
3 357 361 358 
3 360 362 578 
3 360 361 362 
3 358 361 360 
3 391 363 364 
3 365 366 363 
3 444 366 365 
3 363 455 365 
3 367 366 444 
3 363 366 364 
3 368 367 280 
3 368 366 367 
3 279 203 368 
3 364 366 368 
3 203 364 368 
3 369 131 370 
3 369 370 371 
3 369 371 372 
3 3 369 372 
3 369 136 131 
3 133 87 370 
3 131 133 370 
3 3 136 369 
3 370 86 371 
3 371 326 354 
3 371 354 372 
3 373 374 375 
3 427 374 373 
3 375 0 376 
3 374 0 375 
3 375 377 378 
3 373 21 169 
3 427 373 169 
3 373 375 378 
3 373 378 21 
3 376 377 375 
3 466 377 376 
3 419 379 380 
3 381 379 328 
3 319 379 321 
3 321 379 419 
3 381 197 382 
3 381 330 197 
3 380 381 382 
3 380 382 253 
3 380 253 417 
3 381 328 330 
3 380 379 381 
3 383 290 172 
3 384 385 386 
3 20 387 384 
3 384 388 20 
3 384 389 383 
3 389 384 386 
3 384 387 385 
3 383 388 384 
3 388 383 172 
3 387 624 385 
3 390 391 200 
3 392 455 363 
3 393 455 392 
3 392 391 390 
3 394 392 390 
3 393 392 394 
3 394 390 1066 
3 394 1065 395 
3 393 394 395 
3 392 363 391 
3 1065 431 395 
3 396 309 397 
3 398 399 400 
3 400 399 81 
3 92 309 396 
3 103 396 401 
3 397 311 398 
3 83 401 400 
3 397 398 400 
3 401 397 400 
3 401 396 397 
3 237 399 398 
3 402 403 415 
3 404 405 402 
3 277 405 404 
3 336 404 402 
3 405 403 402 
3 536 276 406 
3 537 406 407 
3 367 403 405 
3 277 404 406 
3 407 404 336 
3 406 404 407 
3 408 409 410 
3 354 207 411 
3 409 53 410 
3 4 372 411 
3 4 411 408 
3 1 4 408 
3 471 1 408 
3 471 408 410 
3 411 409 408 
3 411 207 409 
3 372 354 411 
3 412 413 191 
3 243 413 138 
3 143 413 414 
3 138 413 143 
3 414 413 412 
3 412 191 192 
3 144 143 414 
3 414 337 415 
3 414 412 337 
3 144 414 415 
3 191 413 243 
3 416 74 126 
3 253 120 417 
3 120 418 417 
3 419 380 417 
3 417 418 420 
3 420 418 268 
3 419 417 420 
3 416 126 321 
3 271 416 420 
3 416 321 419 
3 416 419 420 
3 421 422 423 
3 424 421 425 
3 425 421 423 
3 168 421 424 
3 167 422 421 
3 425 374 424 
3 426 424 427 
3 424 374 427 
3 426 168 424 
3 423 422 136 
3 295 428 296 
3 429 428 458 
3 1064 430 431 
3 430 1005 441 
3 431 432 429 
3 430 432 431 
3 299 340 294 
3 432 440 429 
3 440 428 429 
3 296 428 440 
3 441 432 430 
3 395 431 429 
3 433 434 435 
3 46 489 436 
3 435 434 272 
3 433 435 437 
3 438 153 433 
3 438 433 437 
3 437 436 490 
3 438 437 490 
3 437 6 436 
3 435 6 437 
3 157 434 433 
3 439 440 432 
3 439 432 441 
3 442 440 439 
3 441 1006 345 
3 442 296 440 
3 341 442 439 
3 340 442 341 
3 299 442 340 
3 341 439 345 
3 439 441 345 
3 299 296 442 
3 443 444 445 
3 445 444 365 
3 415 403 443 
3 446 142 447 
3 446 445 456 
3 446 447 445 
3 447 443 445 
3 447 144 443 
3 445 365 456 
3 367 444 403 
3 403 444 443 
3 448 66 343 
3 449 450 451 
3 452 448 343 
3 449 451 448 
3 452 449 448 
3 452 453 449 
3 453 578 454 
3 453 454 449 
3 454 450 449 
3 212 450 454 
3 365 455 456 
3 457 455 393 
3 458 428 459 
3 348 446 456 
3 395 429 458 
3 348 456 457 
3 393 395 458 
3 457 393 458 
3 457 458 459 
3 348 457 459 
3 459 428 295 
3 456 455 457 
3 460 461 462 
3 99 461 98 
3 463 461 99 
3 98 461 118 
3 462 85 464 
3 464 301 285 
3 460 464 285 
3 85 304 464 
3 460 462 464 
3 462 461 463 
3 118 461 460 
3 465 466 467 
3 465 467 52 
3 465 52 468 
3 469 470 465 
3 465 470 466 
3 410 50 467 
3 471 410 467 
3 466 376 471 
3 466 471 467 
3 469 465 468 
3 469 487 470 
3 10 472 473 
3 474 475 468 
3 474 472 476 
3 11 476 472 
3 10 473 229 
3 52 49 474 
3 52 474 468 
3 11 472 10 
3 49 472 474 
3 474 476 475 
3 473 472 49 
3 576 477 478 
3 477 479 478 
3 480 479 481 
3 213 480 481 
3 479 480 478 
3 477 576 482 
3 479 477 483 
3 479 483 481 
3 477 898 1071 
3 477 1071 483 
3 477 482 898 
3 220 18 484 
3 220 484 485 
3 470 377 466 
3 486 377 470 
3 378 377 486 
3 378 486 484 
3 378 484 21 
3 486 485 484 
3 484 18 21 
3 486 487 485 
3 470 487 486 
3 488 489 44 
3 436 489 490 
3 488 43 491 
3 492 154 438 
3 488 44 43 
3 338 492 491 
3 492 438 490 
3 338 154 492 
3 492 488 491 
3 492 490 488 
3 490 489 488 
3 493 494 495 
3 496 494 493 
3 496 361 357 
3 357 494 496 
3 715 496 493 
3 1068 495 494 
3 646 713 497 
3 495 645 643 
3 1070 645 495 
3 493 643 497 
3 493 497 715 
3 495 643 493 
3 498 499 231 
3 500 498 501 
3 498 500 502 
3 499 503 264 
3 499 502 503 
3 500 501 160 
3 499 230 231 
3 499 498 502 
3 263 499 264 
3 499 263 230 
3 498 231 501 
3 504 588 505 
3 506 512 507 
3 507 508 509 
3 583 508 507 
3 510 504 505 
3 506 507 509 
3 504 508 584 
3 509 508 510 
3 510 508 504 
3 517 507 512 
3 581 588 504 
3 511 512 506 
3 513 512 511 
3 32 100 514 
3 515 514 94 
3 514 516 513 
3 515 516 514 
3 513 32 514 
3 513 516 512 
3 119 516 515 
3 517 512 516 
3 517 516 119 
3 518 519 520 
3 560 519 518 
3 519 487 469 
3 518 520 521 
3 469 468 520 
3 520 475 521 
3 468 475 520 
3 519 469 520 
3 522 855 518 
3 521 547 522 
3 521 522 518 
3 518 855 560 
3 523 524 525 
3 526 524 36 
3 525 524 526 
3 281 524 527 
3 36 524 281 
3 527 524 523 
3 697 523 525 
3 526 36 690 
3 279 527 203 
3 526 680 525 
3 525 681 697 
3 528 32 513 
3 528 513 511 
3 688 529 530 
3 531 529 532 
3 530 529 531 
3 532 529 528 
3 511 532 528 
3 528 529 35 
3 530 811 687 
3 531 533 530 
3 533 811 530 
3 751 534 535 
3 534 238 536 
3 43 535 491 
3 537 536 406 
3 534 536 537 
3 338 491 538 
3 538 407 339 
3 538 537 407 
3 534 537 535 
3 491 535 538 
3 538 535 537 
3 751 535 43 
3 539 389 540 
3 539 540 541 
3 539 541 542 
3 543 542 541 
3 595 542 543 
3 389 386 540 
3 541 632 543 
3 540 628 544 
3 540 544 541 
3 386 628 540 
3 544 632 541 
3 545 476 13 
3 521 475 545 
3 475 476 545 
3 546 547 548 
3 522 547 791 
3 548 14 549 
3 546 548 549 
3 791 547 546 
3 548 547 545 
3 13 548 545 
3 545 547 521 
3 550 599 551 
3 552 553 554 
3 555 552 554 
3 555 218 552 
3 554 553 653 
3 859 218 555 
3 550 553 552 
3 551 553 550 
3 550 552 215 
3 554 556 555 
3 656 556 554 
3 557 558 559 
3 557 220 485 
3 558 487 519 
3 559 558 560 
3 558 519 560 
3 485 487 558 
3 557 485 558 
3 557 559 221 
3 560 855 561 
3 560 561 559 
3 561 224 559 
3 562 563 564 
3 500 565 502 
3 563 562 33 
3 562 566 162 
3 562 162 30 
3 562 567 566 
3 500 567 565 
3 567 562 564 
3 563 685 564 
3 567 564 565 
3 567 500 566 
3 568 846 569 
3 570 571 572 
3 1053 573 574 
3 570 572 575 
3 571 967 572 
3 573 570 575 
3 573 575 574 
3 568 573 918 
3 569 571 570 
3 569 570 568 
3 570 573 568 
3 576 478 577 
3 578 577 579 
3 579 212 454 
3 480 212 579 
3 480 579 478 
3 578 579 454 
3 579 577 478 
3 362 577 578 
3 580 577 362 
3 576 580 482 
3 576 577 580 
3 586 581 582 
3 583 584 508 
3 517 583 507 
3 586 582 81 
3 583 119 80 
3 583 80 79 
3 582 584 79 
3 583 79 584 
3 581 584 582 
3 581 504 584 
3 583 517 119 
3 585 399 237 
3 586 587 588 
3 586 81 399 
3 589 587 723 
3 505 588 589 
3 589 588 587 
3 586 585 587 
3 585 586 399 
3 581 586 588 
3 724 590 589 
3 589 590 505 
3 591 592 275 
3 593 592 591 
3 593 591 594 
3 383 539 594 
3 383 594 290 
3 9 592 595 
3 593 542 592 
3 595 592 542 
3 539 593 594 
3 275 592 9 
3 593 539 542 
3 213 481 596 
3 597 598 599 
3 597 599 186 
3 600 596 598 
3 551 598 677 
3 597 600 598 
3 598 596 677 
3 600 597 185 
3 551 599 598 
3 600 213 596 
3 597 186 185 
3 601 602 603 
3 604 235 605 
3 726 236 604 
3 604 236 235 
3 773 601 603 
3 773 727 601 
3 603 602 658 
3 604 602 601 
3 605 602 604 
3 640 602 605 
3 604 601 726 
3 601 727 726 
3 606 607 608 
3 608 590 609 
3 610 607 848 
3 606 608 609 
3 848 607 606 
3 608 607 510 
3 505 590 608 
3 509 607 610 
3 505 608 510 
3 509 610 506 
3 510 607 509 
3 748 611 997 
3 612 611 613 
3 613 649 887 
3 48 614 615 
3 612 613 887 
3 997 611 612 
3 615 611 748 
3 613 611 614 
3 47 649 613 
3 615 748 750 
3 47 613 614 
3 614 611 615 
3 616 617 610 
3 532 617 618 
3 531 532 618 
3 618 617 616 
3 610 617 506 
3 511 617 532 
3 506 617 511 
3 531 619 533 
3 618 619 531 
3 616 793 618 
3 793 619 618 
3 620 621 222 
3 622 621 623 
3 620 222 671 
3 627 622 623 
3 623 621 620 
3 222 621 22 
3 624 621 622 
3 624 622 385 
3 22 621 624 
3 623 831 627 
3 620 833 623 
3 625 626 627 
3 626 622 627 
3 625 628 626 
3 629 628 625 
3 385 622 626 
3 626 628 386 
3 385 626 386 
3 781 630 625 
3 629 630 635 
3 627 781 625 
3 625 630 629 
3 631 544 629 
3 544 628 629 
3 729 632 633 
3 865 729 633 
3 631 632 544 
3 633 632 631 
3 543 632 729 
3 634 635 1049 
3 631 635 634 
3 631 634 633 
3 629 635 631 
3 634 1081 633 
3 659 636 637 
3 638 234 256 
3 636 639 637 
3 659 640 636 
3 641 639 217 
3 637 639 641 
3 257 639 636 
3 638 640 605 
3 257 636 638 
3 636 640 638 
3 641 858 637 
3 642 643 644 
3 497 643 642 
3 643 645 644 
3 646 497 642 
3 647 648 721 
3 647 645 648 
3 644 645 647 
3 648 645 1070 
3 799 805 642 
3 644 799 642 
3 642 805 646 
3 887 649 886 
3 5 650 651 
3 5 651 46 
3 47 46 651 
3 5 733 650 
3 886 649 652 
3 886 652 868 
3 650 869 652 
3 652 649 651 
3 650 652 651 
3 651 649 47 
3 653 553 654 
3 654 675 655 
3 653 654 655 
3 677 654 551 
3 654 553 551 
3 656 657 837 
3 837 657 1016 
3 653 657 656 
3 655 657 653 
3 653 656 554 
3 1017 657 655 
3 658 640 659 
3 658 602 640 
3 660 661 937 
3 976 660 937 
3 976 662 660 
3 658 662 603 
3 858 661 637 
3 659 661 660 
3 659 660 658 
3 637 661 659 
3 660 662 658 
3 663 267 664 
3 15 267 663 
3 664 265 665 
3 666 15 663 
3 756 667 668 
3 1041 667 756 
3 663 667 1043 
3 664 667 663 
3 663 1043 666 
3 665 668 664 
3 668 667 664 
3 669 224 670 
3 671 223 669 
3 670 224 561 
3 672 673 674 
3 1033 672 674 
3 1098 673 853 
3 674 673 1098 
3 669 673 672 
3 670 673 669 
3 669 672 671 
3 853 673 670 
3 655 675 676 
3 677 675 654 
3 678 675 677 
3 678 481 483 
3 678 596 481 
3 677 596 678 
3 1073 679 1071 
3 676 679 1073 
3 676 675 679 
3 483 679 678 
3 679 675 678 
3 1071 679 483 
3 525 680 681 
3 681 680 682 
3 766 681 682 
3 766 765 681 
3 682 680 693 
3 681 765 697 
3 969 768 767 
3 824 762 825 
3 682 762 766 
3 693 825 682 
3 825 762 682 
3 767 1013 969 
3 34 683 684 
3 563 684 685 
3 563 33 684 
3 711 686 777 
3 687 688 530 
3 687 683 688 
3 778 683 687 
3 778 686 683 
3 685 686 711 
3 684 686 685 
3 683 686 684 
3 688 683 34 
3 41 689 690 
3 691 689 692 
3 693 691 692 
3 693 680 691 
3 705 689 702 
3 692 689 705 
3 690 689 691 
3 690 691 526 
3 702 689 41 
3 691 680 526 
3 692 829 693 
3 765 694 695 
3 695 696 697 
3 697 696 523 
3 908 698 699 
3 695 698 696 
3 699 698 695 
3 696 698 202 
3 909 698 908 
3 909 202 698 
3 699 694 904 
3 695 694 699 
3 697 765 695 
3 700 701 239 
3 240 701 702 
3 703 701 700 
3 702 701 704 
3 703 700 913 
3 705 702 704 
3 704 701 703 
3 704 706 707 
3 703 706 704 
3 704 707 705 
3 708 709 893 
3 503 502 708 
3 710 564 685 
3 710 565 564 
3 708 565 710 
3 502 565 708 
3 776 709 711 
3 711 709 710 
3 685 711 710 
3 708 893 503 
3 710 709 708 
3 712 713 899 
3 361 714 362 
3 496 714 361 
3 482 580 712 
3 715 714 496 
3 580 714 712 
3 712 714 715 
3 362 714 580 
3 497 713 715 
3 712 899 482 
3 715 713 712 
3 716 742 717 
3 716 717 718 
3 1069 718 719 
3 719 718 717 
3 1007 716 718 
3 648 720 721 
3 722 720 744 
3 721 720 722 
3 719 720 648 
3 717 720 719 
3 744 720 717 
3 723 724 589 
3 587 725 723 
3 723 725 726 
3 726 725 236 
3 236 725 237 
3 585 725 587 
3 585 237 725 
3 724 727 728 
3 728 727 773 
3 723 727 724 
3 726 727 723 
3 543 729 730 
3 730 595 543 
3 731 732 730 
3 730 732 595 
3 733 732 731 
3 733 731 650 
3 734 729 865 
3 731 869 650 
3 730 729 734 
3 730 734 731 
3 734 869 731 
3 910 905 735 
3 1060 736 743 
3 737 1062 738 
3 735 738 910 
3 1060 737 736 
3 737 735 736 
3 737 738 735 
3 735 905 739 
3 739 740 736 
3 735 739 736 
3 736 740 743 
3 741 716 1063 
3 716 741 742 
3 741 743 742 
3 744 745 746 
3 745 740 747 
3 722 744 746 
3 746 745 747 
3 742 745 744 
3 743 740 745 
3 742 744 717 
3 743 745 742 
3 748 749 750 
3 534 751 752 
3 242 752 750 
3 751 42 752 
3 42 750 752 
3 700 749 913 
3 753 748 997 
3 753 749 748 
3 913 749 753 
3 242 749 700 
3 750 749 242 
3 668 754 755 
3 756 668 755 
3 755 754 1087 
3 665 754 668 
3 757 758 759 
3 1039 757 760 
3 757 759 760 
3 758 757 755 
3 756 757 1039 
3 1087 758 755 
3 755 757 756 
3 761 762 763 
3 764 765 766 
3 764 694 765 
3 901 694 764 
3 767 768 761 
3 767 761 763 
3 763 762 824 
3 766 762 761 
3 761 768 764 
3 766 761 764 
3 764 768 901 
3 862 769 770 
3 771 772 975 
3 771 769 772 
3 770 769 771 
3 603 662 772 
3 728 769 862 
3 773 769 728 
3 603 772 773 
3 772 769 773 
3 771 978 863 
3 975 978 771 
3 771 863 770 
3 963 774 775 
3 891 774 962 
3 776 711 777 
3 777 686 778 
3 775 779 813 
3 963 775 813 
3 778 779 775 
3 687 779 778 
3 775 774 777 
3 776 774 891 
3 778 775 777 
3 777 774 776 
3 780 630 781 
3 780 781 782 
3 781 831 782 
3 1046 630 780 
3 627 831 781 
3 783 784 785 
3 783 785 1050 
3 784 1038 785 
3 782 784 783 
3 832 784 782 
3 783 1047 780 
3 782 783 780 
3 786 787 880 
3 817 788 789 
3 786 790 787 
3 788 790 789 
3 789 790 786 
3 787 790 546 
3 791 790 788 
3 791 788 854 
3 549 787 546 
3 546 790 791 
3 786 881 818 
3 786 818 789 
3 792 793 794 
3 793 850 794 
3 792 619 793 
3 922 619 792 
3 616 850 793 
3 795 874 796 
3 795 796 797 
3 924 795 797 
3 794 874 795 
3 794 795 792 
3 795 924 792 
3 798 799 800 
3 801 802 1057 
3 798 805 799 
3 801 803 802 
3 799 803 800 
3 800 803 801 
3 802 803 647 
3 644 803 799 
3 721 802 647 
3 647 803 644 
3 1057 979 801 
3 804 805 798 
3 806 900 807 
3 807 805 804 
3 806 807 804 
3 646 805 807 
3 808 809 810 
3 808 810 1092 
3 809 984 810 
3 804 809 808 
3 804 808 806 
3 798 809 804 
3 923 811 533 
3 812 811 923 
3 812 779 811 
3 813 779 812 
3 811 779 687 
3 958 814 815 
3 814 919 816 
3 814 816 815 
3 813 814 958 
3 812 814 813 
3 923 919 812 
3 919 814 812 
3 817 852 788 
3 818 881 819 
3 820 821 822 
3 820 822 1101 
3 818 819 823 
3 821 818 823 
3 821 823 822 
3 817 821 820 
3 789 821 817 
3 817 820 1096 
3 818 821 789 
3 824 825 826 
3 827 828 707 
3 829 828 830 
3 826 829 830 
3 830 828 827 
3 826 825 829 
3 707 828 705 
3 692 828 829 
3 705 828 692 
3 829 825 693 
3 826 940 824 
3 782 831 832 
3 833 834 835 
3 832 833 835 
3 832 831 833 
3 1033 834 672 
3 835 834 1033 
3 620 834 833 
3 671 834 620 
3 672 834 671 
3 833 831 623 
3 835 1035 832 
3 931 556 836 
3 836 656 837 
3 836 556 656 
3 838 1018 839 
3 840 838 841 
3 840 841 927 
3 838 839 841 
3 1018 838 837 
3 836 838 840 
3 836 840 931 
3 837 838 836 
3 842 843 906 
3 569 843 842 
3 844 740 739 
3 844 739 845 
3 747 740 844 
3 846 843 569 
3 844 843 846 
3 845 843 844 
3 906 843 845 
3 844 846 747 
3 842 571 569 
3 606 871 847 
3 609 871 606 
3 616 610 848 
3 847 871 873 
3 849 847 873 
3 849 850 847 
3 794 850 849 
3 848 850 616 
3 606 847 848 
3 847 850 848 
3 877 947 878 
3 849 874 794 
3 851 852 853 
3 854 855 522 
3 561 855 851 
3 670 561 851 
3 854 522 791 
3 851 855 854 
3 853 852 1096 
3 1096 852 817 
3 854 852 851 
3 851 853 670 
3 788 852 854 
3 555 556 856 
3 641 857 858 
3 641 217 859 
3 856 556 931 
3 858 857 932 
3 933 856 931 
3 933 857 856 
3 932 857 933 
3 859 857 641 
3 555 856 859 
3 856 857 859 
3 860 861 609 
3 860 590 724 
3 860 724 728 
3 609 590 860 
3 948 862 770 
3 948 861 862 
3 728 862 860 
3 862 861 860 
3 863 978 864 
3 863 864 950 
3 978 974 864 
3 633 1081 865 
3 866 867 868 
3 652 869 868 
3 866 734 865 
3 866 869 734 
3 868 869 866 
3 884 867 955 
3 868 867 884 
3 865 1081 870 
3 865 870 866 
3 870 867 866 
3 861 871 609 
3 872 871 861 
3 873 871 872 
3 874 875 876 
3 874 876 796 
3 875 877 878 
3 875 878 876 
3 849 875 874 
3 873 875 849 
3 872 877 873 
3 877 875 873 
3 549 879 787 
3 1043 879 666 
3 787 879 880 
3 880 879 1042 
3 666 879 549 
3 881 882 883 
3 882 1045 883 
3 881 883 819 
3 882 881 880 
3 1042 882 880 
3 880 881 786 
3 884 885 886 
3 887 885 888 
3 889 885 884 
3 888 885 890 
3 889 884 955 
3 995 888 890 
3 890 885 889 
3 868 884 886 
3 887 888 612 
3 886 885 887 
3 776 891 892 
3 893 709 892 
3 894 893 892 
3 892 709 776 
3 894 266 893 
3 665 266 894 
3 893 266 503 
3 894 754 665 
3 892 895 894 
3 895 754 894 
3 891 895 892 
3 646 807 896 
3 897 1076 1072 
3 897 898 899 
3 899 713 896 
3 897 899 896 
3 1072 898 897 
3 896 713 646 
3 899 898 482 
3 807 900 896 
3 897 900 1076 
3 896 900 897 
3 901 902 903 
3 904 694 901 
3 903 905 904 
3 739 905 845 
3 903 904 901 
3 845 905 903 
3 902 768 969 
3 968 906 902 
3 842 906 968 
3 903 906 845 
3 901 768 902 
3 902 906 903 
3 907 908 738 
3 907 738 1062 
3 907 909 908 
3 907 390 200 
3 910 908 699 
3 907 1062 1066 
3 907 1066 390 
3 910 738 908 
3 909 907 200 
3 904 905 910 
3 699 904 910 
3 911 912 913 
3 911 914 1002 
3 915 911 1002 
3 915 912 911 
3 1020 912 915 
3 1020 706 912 
3 753 914 911 
3 913 912 703 
3 997 914 753 
3 912 706 703 
3 753 911 913 
3 846 916 747 
3 917 1056 722 
3 917 916 918 
3 1055 917 918 
3 568 916 846 
3 1055 1056 917 
3 918 916 568 
3 746 916 917 
3 747 916 746 
3 746 917 722 
3 918 573 1053 
3 918 1053 1055 
3 919 920 921 
3 533 619 922 
3 923 533 922 
3 920 924 925 
3 919 921 816 
3 920 925 921 
3 924 797 925 
3 922 924 920 
3 792 924 922 
3 923 920 919 
3 922 920 923 
3 926 840 927 
3 928 926 929 
3 938 928 930 
3 928 929 930 
3 926 927 929 
3 840 926 931 
3 928 938 932 
3 933 926 928 
3 933 928 932 
3 931 926 933 
3 977 934 935 
3 936 661 858 
3 936 858 932 
3 937 661 936 
3 934 938 939 
3 934 939 935 
3 938 930 939 
3 934 977 937 
3 936 938 934 
3 936 934 937 
3 932 938 936 
3 940 941 942 
3 941 943 944 
3 943 1025 945 
3 940 942 1014 
3 943 945 944 
3 941 944 942 
3 827 1025 943 
3 943 941 830 
3 826 941 940 
3 827 943 830 
3 830 941 826 
3 877 946 947 
3 872 861 948 
3 949 863 950 
3 949 950 951 
3 946 949 951 
3 946 951 947 
3 872 946 877 
3 948 946 872 
3 770 863 949 
3 770 949 948 
3 949 946 948 
3 1028 952 953 
3 954 870 1080 
3 954 867 870 
3 955 867 954 
3 956 1082 957 
3 952 956 957 
3 952 957 953 
3 955 952 1028 
3 954 952 955 
3 1080 956 954 
3 956 952 954 
3 958 815 959 
3 960 961 1088 
3 962 774 963 
3 960 964 961 
3 964 958 959 
3 964 959 961 
3 962 964 960 
3 963 964 962 
3 962 960 1085 
3 813 958 963 
3 958 964 963 
3 965 966 967 
3 968 902 969 
3 571 965 967 
3 970 1013 971 
3 965 970 966 
3 970 971 966 
3 965 571 842 
3 1013 970 969 
3 968 970 965 
3 968 965 842 
3 969 970 968 
3 972 973 974 
3 772 662 975 
3 975 662 976 
3 972 977 973 
3 977 935 973 
3 978 972 974 
3 976 977 972 
3 976 972 975 
3 937 977 976 
3 972 978 975 
3 979 1059 980 
3 981 979 980 
3 982 981 983 
3 809 982 984 
3 981 980 983 
3 982 983 984 
3 801 979 981 
3 981 982 800 
3 798 982 809 
3 801 981 800 
3 800 982 798 
3 985 986 987 
3 988 1077 989 
3 986 1094 990 
3 986 990 987 
3 985 987 991 
3 1015 985 991 
3 1074 1094 986 
3 989 985 988 
3 985 1015 988 
3 1074 986 989 
3 986 985 989 
3 1000 992 993 
3 994 888 995 
3 996 994 995 
3 996 914 994 
3 612 888 994 
3 612 994 997 
3 994 914 997 
3 992 1030 993 
3 995 1026 992 
3 995 992 996 
3 992 1000 996 
3 998 999 1023 
3 1000 993 1001 
3 1002 914 996 
3 1003 1000 1001 
3 1003 1001 999 
3 998 1003 999 
3 1002 1000 1003 
3 915 998 1020 
3 996 1000 1002 
3 1002 1003 915 
3 1003 998 915 
3 716 1004 1063 
3 441 1005 1006 
3 1004 1005 430 
3 1064 1004 430 
3 1007 718 1008 
3 1069 1008 718 
3 1064 1063 1004 
3 716 1007 1004 
3 1005 1008 1006 
3 1007 1008 1005 
3 1007 1005 1004 
3 1009 1010 1011 
3 1009 1011 1012 
3 767 1009 1013 
3 763 1009 767 
3 1013 1009 1012 
3 1013 1012 971 
3 1010 940 1014 
3 1010 1014 1011 
3 824 1010 763 
3 1010 1009 763 
3 940 1010 824 
3 988 1015 1016 
3 1017 1077 988 
3 1016 1017 988 
3 1016 657 1017 
3 676 1077 1017 
3 676 1017 655 
3 1018 1015 1019 
3 1018 1019 839 
3 1015 991 1019 
3 1016 1015 1018 
3 1016 1018 837 
3 1020 998 1021 
3 707 706 1022 
3 827 707 1022 
3 1022 706 1020 
3 1021 998 1023 
3 1021 1023 1024 
3 1025 1021 1024 
3 1025 1024 945 
3 1022 1025 827 
3 1020 1021 1022 
3 1021 1025 1022 
3 890 1026 995 
3 1027 1028 1029 
3 992 1026 1030 
3 1027 1029 1031 
3 1028 953 1029 
3 1026 1027 1031 
3 1026 1031 1030 
3 889 1028 1027 
3 889 1027 890 
3 955 1028 889 
3 1027 1026 890 
3 674 1032 1033 
3 835 1034 1035 
3 1035 1034 1036 
3 1034 1032 1037 
3 1035 1036 1038 
3 1034 1037 1036 
3 784 1035 1038 
3 1032 1100 1037 
3 1033 1032 1034 
3 1033 1034 835 
3 1035 784 832 
3 1039 1040 1041 
3 1042 1040 882 
3 1043 667 1041 
3 1042 879 1043 
3 1042 1043 1041 
3 1040 1039 1044 
3 882 1040 1045 
3 1039 760 1044 
3 1040 1044 1045 
3 756 1039 1041 
3 1041 1040 1042 
3 1046 1047 1048 
3 635 630 1046 
3 1049 635 1046 
3 1047 783 1050 
3 1048 1047 1051 
3 1083 1048 1052 
3 1048 1051 1052 
3 1047 1050 1051 
3 1048 1083 1049 
3 1046 1048 1049 
3 780 1047 1046 
3 1053 1054 1055 
3 802 1056 1057 
3 1057 1056 1055 
3 721 1056 802 
3 722 1056 721 
3 1054 1053 1058 
3 979 1054 1059 
3 1053 574 1058 
3 1054 1058 1059 
3 1057 1054 979 
3 1055 1054 1057 
3 1060 1061 1062 
3 737 1060 1062 
3 1060 1063 1061 
3 1064 431 1065 
3 1061 1064 1065 
3 394 1066 1065 
3 1066 1061 1065 
3 1066 1062 1061 
3 1061 1063 1064 
3 741 1060 743 
3 1060 741 1063 
3 1067 494 357 
3 1067 1068 494 
3 1067 1008 1069 
3 1068 1067 1069 
3 1070 1069 719 
3 1067 357 346 
3 1067 346 1006 
3 1067 1006 1008 
3 1068 1069 1070 
3 1068 1070 495 
3 719 648 1070 
3 1071 898 1072 
3 1073 1071 1072 
3 1074 1075 1076 
3 989 1075 1074 
3 989 1077 1075 
3 1073 1077 676 
3 1072 1075 1073 
3 1075 1077 1073 
3 1076 1075 1072 
3 1078 1079 1080 
3 870 1081 1080 
3 1078 634 1049 
3 1078 1081 634 
3 1080 1081 1078 
3 956 1079 1082 
3 1079 1083 1084 
3 1079 1084 1082 
3 1083 1052 1084 
3 1080 1079 956 
3 1078 1083 1079 
3 1049 1083 1078 
3 1085 1086 1087 
3 1085 891 962 
3 1085 895 891 
3 1087 895 1085 
3 1087 754 895 
3 1086 960 1088 
3 758 1086 1089 
3 758 1089 759 
3 1086 1088 1089 
3 960 1086 1085 
3 1087 1086 758 
3 808 1090 806 
3 1076 900 1091 
3 1074 1076 1091 
3 1091 900 806 
3 1090 808 1092 
3 1090 1092 1093 
3 1094 1090 1093 
3 1094 1093 990 
3 1091 1094 1074 
3 806 1090 1091 
3 1090 1094 1091 
3 820 1095 1096 
3 1097 1032 674 
3 1098 853 1096 
3 1097 1095 1099 
3 1097 1099 1100 
3 1095 820 1101 
3 1032 1097 1100 
3 1095 1101 1099 
3 1098 1095 1097 
3 1096 1095 1098 
3 1098 1097 674 

CELL_TYPES 2123
5
5
5
5
5
5
5
5
5
5
5
5
5
5
5
5
5
5
5
5
5
5
5
5
5
5
5
5
5
5
5
5
5
5
5
5
5
5
5
5
5
5
5
5
5
5
5
5
5
5
5
5
5
5
5
5
5
5
5
5
5
5
5
5
5
5
5
5
5
5
5
5
5
5
5
5
5
5
5
5
5
5
5
5
5
5
5
5
5
5
5
5
5
5
5
5
5
5
5
5
5
5
5
5
5
5
5
5
5
5
5
5
5
5
5
5
5
5
5
5
5
5
5
5
5
5
5
5
5
5
5
5
5
5
5
5
5
5
5
5
5
5
5
5
5
5
5
5
5
5
5
5
5
5
5
5
5
5
5
5
5
5
5
5
5
5
5
5
5
5
5
5
5
5
5
5
5
5
5
5
5
5
5
5
5
5
5
5
5
5
5
5
5
5
5
5
5
5
5
5
5
5
5
5
5
5
5
5
5
5
5
5
5
5
5
5
5
5
5
5
5
5
5
5
5
5
5
5
5
5
5
5
5
5
5
5
5
5
5
5
5
5
5
5
5
5
5
5
5
5
5
5
5
5
5
5
5
5
5
5
5
5
5
5
5
5
5
5
5
5
5
5
5
5
5
5
5
5
5
5
5
5
5
5
5
5
5
5
5
5
5
5
5
5
5
5
5
5
5
5
5
5
5
5
5
5
5
5
5
5
5
5
5
5
5
5
5
5
5
5
5
5
5
5
5
5
5
5
5
5
5
5
5
5
5
5
5
5
5
5
5
5
5
5
5
5
5
5
5
5
5
5
5
5
5
5
5
5
5
5
5
5
5
5
5
5
5
5
5
5
5
5
5
5
5
5
5
5
5
5
5
5
5
5
5
5
5
5
5
5
5
5
5
5
5
5
5
5
5
5
5
5
5
5
5
5
5
5
5
5
5
5
5
5
5
5
5
5
5
5
5
5
5
5
5
5
5
5
5
5
5
5
5
5
5
5
5
5
5
5
5
5
5
5
5
5
5
5
5
5
5
5
5
5
5
5
5
5
5
5
5
5
5
5
5
5
5
5
5
5
5
5
5
5
5
5
5
5
5
5
5
5
5
5
5
5
5
5
5
5
5
5
5
5
5
5
5
5
5
5
5
5
5
5
5
5
5
5
5
5
5
5
5
5
5
5
5
5
5
5
5
5
5
5
5
5
5
5
5
5
5
5
5
5
5
5
5
5
5
5
5
5
5
5
5
5
5
5
5
5
5
5
5
5
5
5
5
5
5
5
5
5
5
5
5
5
5
5
5
5
5
5
5
5
5
5
5
5
5
5
5
5
5
5
5
5
5
5
5
5
5
5
5
5
5
5
5
5
5
5
5
5
5
5
5
5
5
5
5
5
5
5
5
5
5
5
5
5
5
5
5
5
5
5
5
5
5
5
5
5
5
5
5
5
5
5
5
5
5
5
5
5
5
5
5
5
5
5
5
5
5
5
5
5
5
5
5
5
5
5
5
5
5
5
5
5
5
5
5
5
5
5
5
5
5
5
5
5
5
5
5
5
5
5
5
5
5
5
5
5
5
5
5
5
5
5
5
5
5
5
5
5
5
5
5
5
5
5
5
5
5
5
5
5
5
5
5
5
5
5
5
5
5
5
5
5
5
5
5
5
5
5
5
5
5
5
5
5
5
5
5
5
5
5
5
5
5
5
5
5
5
5
5
5
5
5
5
5
5
5
5
5
5
5
5
5
5
5
5
5
5
5
5
5
5
5
5
5
5
5
5
5
5
5
5
5
5
5
5
5
5
5
5
5
5
5
5
5
5
5
5
5
5
5
5
5
5
5
5
5
5
5
5
5
5
5
5
5
5
5
5
5
5
5
5
5
5
5
5
5
5
5
5
5
5
5
5
5
5
5
5
5
5
5
5
5
5
5
5
5
5
5
5
5
5
5
5
5
5
5
5
5
5
5
5
5
5
5
5
5
5
5
5
5
5
5
5
5
5
5
5
5
5
5
5
5
5
5
5
5
5
5
5
5
5
5
5
5
5
5
5
5
5
5
5
5
5
5
5
5
5
5
5
5
5
5
5
5
5
5
5
5
5
5
5
5
5
5
5
5
5
5
5
5
5
5
5
5
5
5
5
5
5
5
5
5
5
5
5
5
5
5
5
5
5
5
5
5
5
5
5
5
5
5
5
5
5
5
5
5
5
5
5
5
5
5
5
5
5
5
5
5
5
5
5
5
5
5
5
5
5
5
5
5
5
5
5
5
5
5
5
5
5
5
5
5
5
5
5
5
5
5
5
5
5
5
5
5
5
5
5
5
5
5
5
5
5
5
5
5
5
5
5
5
5
5
5
5
5
5
5
5
5
5
5
5
5
5
5
5
5
5
5
5
5
5
5
5
5
5
5
5
5
5
5
5
5
5
5
5
5
5
5
5
5
5
5
5
5
5
5
5
5
5
5
5
5
5
5
5
5
5
5
5
5
5
5
5
5
5
5
5
5
5
5
5
5
5
5
5
5
5
5
5
5
5
5
5
5
5
5
5
5
5
5
5
5
5
5
5
5
5
5
5
5
5
5
5
5
5
5
5
5
5
5
5
5
5
5
5
5
5
5
5
5
5
5
5
5
5
5
5
5
5
5
5
5
5
5
5
5
5
5
5
5
5
5
5
5
5
5
5
5
5
5
5
5
5
5
5
5
5
5
5
5
5
5
5
5
5
5
5
5
5
5
5
5
5
5
5
5
5
5
5
5
5
5
5
5
5
5
5
5
5
5
5
5
5
5
5
5
5
5
5
5
5
5
5
5
5
5
5
5
5
5
5
5
5
5
5
5
5
5
5
5
5
5
5
5
5
5
5
5
5
5
5
5
5
5
5
5
5
5
5
5
5
5
5
5
5
5
5
5
5
5
5
5
5
5
5
5
5
5
5
5
5
5
5
5
5
5
5
5
5
5
5
5
5
5
5
5
5
5
5
5
5
5
5
5
5
5
5
5
5
5
5
5
5
5
5
5
5
5
5
5
5
5
5
5
5
5
5
5
5
5
5
5
5
5
5
5
5
5
5
5
5
5
5
5
5
5
5
5
5
5
5
5
5
5
5
5
5
5
5
5
5
5
5
5
5
5
5
5
5
5
5
5
5
5
5
5
5
5
5
5
5
5
5
5
5
5
5
5
5
5
5
5
5
5
5
5
5
5
5
5
5
5
5
5
5
5
5
5
5
5
5
5
5
5
5
5
5
5
5
5
5
5
5
5
5
5
5
5
5
5
5
5
5
5
5
5
5
5
5
5
5
5
5
5
5
5
5
5
5
5
5
5
5
5
5
5
5
5
5
5
5
5
5
5
5
5
5
5
5
5
5
5
5
5
5
5
5
5
5
5
5
5
5
5
5
5
5
5
5
5
5
5
5
5
5
5
5
5
5
5
5
5
5
5
5
5
5
5
5
5
5
5
5
5
5
5
5
5
5
5
5
5
5
5
5
5
5
5
5
5
5
5
5
5
5
5
5
5
5
5
5
5
5
5
5
5
5
5
5
5
5
5
5
5
5
5
5
5
5
5
5
5
5
5
5
5
5
5
5
5
5
5
5
5
5
5
5
5
5
5
5
5
5
5
5
5
5
5
5
5
5
5
5
5
5
5
5
5
5
5
5
5
5
5
5
5
5
5
5
5
5
5
5
5
5
5
5
5
5
5
5
5
5
5
5
5
5
5
5
5
5
5
5
5
5
5
5
5
5
5
5
5
5
5
5
5
5
5
5
5
5
5
5
5
5
5
5
5
5
5
5
5
5
5
5
5
5
5
5
5
5
5
5
5
5
5
5
5
5
5
5
5
5
5
5
5
5
5
5
5
5
5
5
5
5
5
5
5
5
5
5
5
5
5
5
5
5
5
5
5
5
5
5
5
5
5
5
5
5
5
5
5
5
5
5
5
5
5
5
5
5
5
5
5
5
5
5
5
5
5
5
5
5
5
5
5
5
5
5
5
5
5
5
5
5
5
5
5
5
5
5
5
5
5
5
5
5
5
5
5
5
5
5
5
5
5
5
5
5
5
5
5
5
5
5
5
5
5
5
5
5
5
5
5
5
5
5
5
5
5
5
5
5
5
5
5
5
5
5
5
5
5
5
5
5
5
5
5
5
5
5
5
5
5
5
5
5
5
5
5
5
5
5
5
5
5
5
5
5
5
5
5
5
5
5
5
5
5
5
5
5
5
5
5
5
5
5
5
5
5
5
5
5
5
5
5
5
5
5
5
5
5
5
5
5
5
5
5
5
5
5
5
5
5
5
5
5
5
5
5
5
5
5
5
5
5
5
5
5
5
5
5
5
5
5
5
5
5
5
5
5
5
5
5
5
5
5
5
5
5
5
5
5
5
5
5
5
5
5
5
5
5
5
5
5
5
5
5
5
5
5
5
5
5
5
5
5
5
5
5
5
5
5
5
5
5
5
5
5
5
5
5
5
5
5
5
5
5
5
5
5
5
5
5
5
5
5
5
5
5
5
5
5
5
5
5
5
5
5
5
5
5
5
5
5
5
5
5
5
5
5
5
5
5
5
5
5
5
5
5
5
5
5
5
5
5
5
5
5
5
5
5
5
5
5
5
5
5
5
5
5
5
5
5
5
5
5
5
5
5
5
5
5
5
5
5
5
5
5
5
5
5
5
5
5
5
5
5
5
5
5
5
5
5
5
5
5
5
5
5
5
5
5
5
5
5
5
5
5
5
5
5
5
5
5
5
5
5
5
5
5
5
5
5
5
5
5
5
5
5
5
5
5
5
5
5
5
5

CELL_DATA 2123
SCALARS Partition int
LOOKUP_TABLE default
0
0
0
0
0
0
0
0
0
0
0
1
1
1
1
1
1
1
1
1
1
1
1
2
2
2
2
2
2
2
2
2
2
2
2
3
3
3
3
3
3
3
3
3
3
3
4
4
4
4
4
4
4
4
4
4
5
5
5
5
5
5
5
5
5
5
5
6
6
6
6
6
6
6
6
6
6
6
7
7
7
7
7
7
7
7
7
7
7
8
8
8
8
8
8
8
8
8
8
9
9
9
9
9
9
9
9
9
9
9
10
10
10
10
10
10
10
10
10
10
10
10
11
11
11
11
11
11
11
11
11
11
11
12
12
12
12
12
12
12
12
12
12
12
13
13
13
13
13
13
13
13
13
13
13
14
14
14
14
14
14
14
14
14
14
14
14
15
15
15
15
15
15
15
15
15
15
15
16
16
16
16
16
16
16
16
16
16
16
17
17
17
17
17
17
17
17
17
17
17
17
18
18
18
18
18
18
18
18
18
18
19
19
19
19
19
19
19
19
19
19
19
20
20
20
20
20
20
20
20
20
20
20
21
21
21
21
21
21
21
21
21
21
21
22
22
22
22
22
22
22
22
22
22
22
23
23
23
23
23
23
23
23
23
23
23
24
24
24
24
24
24
24
24
24
24
24
24
25
25
25
25
25
25
25
25
25
25
25
26
26
26
26
26
26
26
26
26
26
26
27
27
27
27
27
27
27
27
27
27
27
27
28
28
28
28
28
28
28
28
28
28
28
29
29
29
29
29
29
29
29
29
29
29
30
30
30
30
30
30
30
30
30
30
31
31
31
31
31
31
31
31
31
31
32
32
32
32
32
32
32
32
32
32
32
33
33
33
33
33
33
33
33
33
33
33
34
34
34
34
34
34
34
34
34
34
34
35
35
35
35
35
35
35
35
35
35
35
36
36
36
36
36
36
36
36
36
36
37
37
37
37
37
37
37
37
37
37
37
38
38
38
38
38
38
38
38
38
38
38
39
39
39
39
39
39
39
39
39
39
40
40
40
40
40
40
40
40
40
40
40
41
41
41
41
41
41
41
41
41
41
41
42
42
42
42
42
42
42
42
42
42
42
43
43
43
43
43
43
43
43
43
43
44
44
44
44
44
44
44
44
44
44
44
45
45
45
45
45
45
45
45
45
45
45
46
46
46
46
46
46
46
46
46
46
46
47
47
47
47
47
47
47
47
47
47
47
47
48
48
48
48
48
48
48
48
48
48
48
49
49
49
49
49
49
49
49
49
49
49
50
50
50
50
50
50
50
50
50
50
50
51
51
51
51
51
51
51
51
51
51
51
52
52
52
52
52
52
52
52
52
52
53
53
53
53
53
53
53
53
53
53
53
53
54
54
54
54
54
54
54
54
54
54
54
55
55
55
55
55
55
55
55
55
55
55
56
56
56
56
56
56
56
56
56
56
56
57
57
57
57
57
57
57
57
57
57
58
58
58
58
58
58
58
58
58
58
58
59
59
59
59
59
59
59
59
59
59
59
60
60
60
60
60
60
60
60
60
60
60
61
61
61
61
61
61
61
61
61
61
61
62
62
62
62
62
62
62
62
62
62
62
63
63
63
63
63
63
63
63
63
63
63
64
64
64
64
64
64
64
64
64
64
64
65
65
65
65
65
65
65
65
65
65
65
66
66
66
66
66
66
66
66
66
66
66
67
67
67
67
67
67
67
67
67
67
68
68
68
68
68
68
68
68
68
68
68
69
69
69
69
69
69
69
69
69
69
69
70
70
70
70
70
70
70
70
70
70
70
71
71
71
71
71
71
71
71
71
71
71
72
72
72
72
72
72
72
72
72
72
72
73
73
73
73
73
73
73
73
73
73
73
74
74
74
74
74
74
74
74
74
74
75
75
75
75
75
75
75
75
75
75
75
75
76
76
76
76
76
76
76
76
76
76
76
77
77
77
77
77
77
77
77
77
77
77
78
78
78
78
78
78
78
78
78
78
78
79
79
79
79
79
79
79
79
79
79
80
80
80
80
80
80
80
80
80
80
80
80
81
81
81
81
81
81
81
81
81
81
81
82
82
82
82
82
82
82
82
82
82
82
83
83
83
83
83
83
83
83
83
83
83
84
84
84
84
84
84
84
84
84
84
84
85
85
85
85
85
85
85
85
85
85
85
86
86
86
86
86
86
86
86
86
86
86
87
87
87
87
87
87
87
87
87
87
87
87
88
88
88
88
88
88
88
88
88
88
88
89
89
89
89
89
89
89
89
89
89
89
90
90
90
90
90
90
90
90
90
90
90
91
91
91
91
91
91
91
91
91
91
91
91
92
92
92
92
92
92
92
92
92
92
92
93
93
93
93
93
93
93
93
93
93
93
94
94
94
94
94
94
94
94
94
94
94
94
95
95
95
95
95
95
95
95
95
95
95
96
96
96
96
96
96
96
96
96
96
96
97
97
97
97
97
97
97
97
97
97
97
98
98
98
98
98
98
98
98
98
98
98
99
99
99
99
99
99
99
99
99
99
99
100
100
100
100
100
100
100
100
100
100
100
101
101
101
101
101
101
101
101
101
101
101
102
102
102
102
102
102
102
102
102
102
102
103
103
103
103
103
103
103
103
103
103
103
104
104
104
104
104
104
104
104
104
104
104
105
105
105
105
105
105
105
105
105
105
105
106
106
106
106
106
106
106
106
106
106
106
106
107
107
107
107
107
107
107
107
107
107
107
108
108
108
108
108
108
108
108
108
108
108
108
109
109
109
109
109
109
109
109
109
109
109
110
110
110
110
110
110
110
110
110
110
110
111
111
111
111
111
111
111
111
111
111
111
112
112
112
112
112
112
112
112
112
112
112
112
113
113
113
113
113
113
113
113
113
113
113
114
114
114
114
114
114
114
114
114
114
114
115
115
115
115
115
115
115
115
115
115
115
116
116
116
116
116
116
116
116
116
116
116
117
117
117
117
117
117
117
117
117
117
117
118
118
118
118
118
118
118
118
118
118
118
119
119
119
119
119
119
119
119
119
119
119
120
120
120
120
120
120
120
120
120
120
120
120
121
121
121
121
121
121
121
121
121
121
121
121
122
122
122
122
122
122
122
122
122
122
122
122
123
123
123
123
123
123
123
123
123
123
123
124
124
124
124
124
124
124
124
124
124
124
124
125
125
125
125
125
125
125
125
125
125
126
126
126
126
126
126
126
126
126
126
126
127
127
127
127
127
127
127
127
127
127
127
128
128
128
128
128
128
128
128
128
128
128
129
129
129
129
129
129
129
129
129
129
129
130
130
130
130
130
130
130
130
130
130
130
131
131
131
131
131
131
131
131
131
131
131
132
132
132
132
132
132
132
132
132
132
132
133
133
133
133
133
133
133
133
133
133
133
134
134
134
134
134
134
134
134
134
134
134
135
135
135
135
135
135
135
135
135
135
135
136
136
136
136
136
136
136
136
136
136
136
136
137
137
137
137
137
137
137
137
137
137
137
137
138
138
138
138
138
138
138
138
138
138
138
138
139
139
139
139
139
139
139
139
139
139
139
139
140
140
140
140
140
140
140
140
140
140
140
141
141
141
141
141
141
141
141
141
141
141
142
142
142
142
142
142
142
142
142
142
142
143
143
143
143
143
143
143
143
143
143
143
143
144
144
144
144
144
144
144
144
144
144
144
145
145
145
145
145
145
145
145
145
145
145
146
146
146
146
146
146
146
146
146
146
146
147
147
147
147
147
147
147
147
147
147
147
148
148
148
148
148
148
148
148
148
148
148
149
149
149
149
149
149
149
149
149
149
149
149
150
150
150
150
150
150
150
150
150
150
150
151
151
151
151
151
151
151
151
151
151
151
152
152
152
152
152
152
152
152
152
152
152
153
153
153
153
153
153
153
153
153
153
153
154
154
154
154
154
154
154
154
154
154
154
155
155
155
155
155
155
155
155
155
155
155
156
156
156
156
156
156
156
156
156
156
157
157
157
157
157
157
157
157
157
157
157
158
158
158
158
158
158
158
158
158
158
158
159
159
159
159
159
159
159
159
159
159
159
159
160
160
160
160
160
160
160
160
160
160
160
161
161
161
161
161
161
161
161
161
161
161
162
162
162
162
162
162
162
162
162
162
162
162
163
163
163
163
163
163
163
163
163
163
163
164
164
164
164
164
164
164
164
164
164
165
165
165
165
165
165
165
165
165
165
165
166
166
166
166
166
166
166
166
166
166
166
167
167
167
167
167
167
167
167
167
167
167
168
168
168
168
168
168
168
168
168
168
168
169
169
169
169
169
169
169
169
169
169
169
170
170
170
170
170
170
170
170
170
170
170
171
171
171
171
171
171
171
171
171
171
172
172
172
172
172
172
172
172
172
172
172
173
173
173
173
173
173
173
173
173
173
173
174
174
174
174
174
174
174
174
174
174
174
175
175
175
175
175
175
175
175
175
175
175
176
176
176
176
176
176
176
176
176
176
176
177
177
177
177
177
177
177
177
177
177
177
178
178
178
178
178
178
178
178
178
178
178
179
179
179
179
179
179
179
179
179
179
179
180
180
180
180
180
180
180
180
180
180
180
181
181
181
181
181
181
181
181
181
181
181
182
182
182
182
182
182
182
182
182
182
182
183
183
183
183
183
183
183
183
183
183
183
184
184
184
184
184
184
184
184
184
184
184
185
185
185
185
185
185
185
185
185
185
185
186
186
186
186
186
186
186
186
186
186
186
187
187
187
187
187
187
187
187
187
188
188
188
188
188
188
188
188
188
188
188
188
189
189
189
189
189
189
189
189
189
189
189
190
190
190
190
190
190
190
190
190
190
190
191
191
191
191
191
191
191
191
191
191
191

POINT_DATA 1102
SCALARS PartitionPts int
LOOKUP_TABLE default
0
0
0
0
0
1
1
1
1
1
2
2
2
2
2
2
3
3
3
3
3
3
3
4
4
4
4
4
4
4
5
5
5
5
5
5
6
6
6
6
6
6
7
7
7
7
7
7
7
8
8
8
8
8
8
8
9
9
9
9
10
10
10
10
10
10
11
11
11
11
12
12
12
12
12
12
13
13
13
13
13
13
13
13
14
14
14
14
15
15
15
15
15
15
16
16
16
16
16
16
16
17
17
17
17
17
18
18
18
18
18
18
18
18
19
19
19
19
19
19
20
20
20
20
20
21
21
21
21
21
21
22
22
22
22
22
22
22
23
23
23
23
23
23
23
24
24
24
25
25
25
25
25
26
26
26
26
26
26
27
27
27
27
27
28
28
28
28
28
29
29
29
29
29
30
30
30
30
30
30
30
30
31
31
31
31
31
31
31
32
32
32
32
32
32
33
33
33
33
34
34
34
34
34
35
35
35
35
35
36
36
36
36
36
37
37
37
37
37
38
38
38
38
38
38
39
39
39
39
39
39
39
40
40
40
40
40
40
41
41
41
41
41
42
42
42
42
42
42
43
43
43
43
43
43
43
44
44
44
44
44
45
45
45
45
45
45
45
46
46
46
46
47
47
47
47
48
48
48
48
48
48
49
49
49
49
50
50
50
50
50
50
51
51
51
51
51
51
51
51
52
52
52
52
52
52
53
53
53
53
53
53
54
54
54
54
54
55
55
55
55
55
56
56
56
56
56
56
57
57
57
57
57
57
57
58
58
58
58
58
59
59
59
59
59
59
59
60
60
60
60
61
61
61
61
61
61
62
62
62
62
62
62
63
63
63
63
63
63
64
64
64
64
65
65
65
65
65
65
66
66
66
66
67
67
67
67
67
67
67
68
68
68
68
68
68
69
69
69
69
69
69
70
70
70
70
70
70
71
71
71
71
72
72
72
72
73
73
73
73
73
74
74
74
74
74
74
74
75
75
75
75
75
76
76
76
76
76
76
77
77
77
77
78
78
78
78
78
79
79
79
79
79
79
79
80
80
80
80
80
81
81
81
81
81
82
82
82
82
82
82
82
83
83
83
83
83
84
84
84
84
84
84
84
85
85
85
85
86
86
86
86
86
87
87
87
87
87
88
88
88
88
88
88
89
89
89
89
89
89
89
90
90
90
90
90
90
90
91
91
91
91
91
92
92
92
92
92
93
93
93
93
93
93
94
94
94
94
94
95
95
95
95
95
95
96
96
96
96
96
97
97
97
97
97
97
97
98
98
98
98
98
99
99
99
99
99
99
100
100
100
100
100
100
100
100
101
101
101
101
101
102
102
102
102
103
103
103
103
103
103
104
104
104
104
104
105
105
105
105
105
106
106
106
106
106
107
107
107
107
107
108
108
108
108
108
109
109
109
109
110
110
110
110
110
111
111
111
111
111
111
112
112
112
112
112
113
113
113
113
113
113
114
114
114
114
114
114
114
115
115
115
115
116
116
116
116
116
117
117
117
117
117
118
118
118
118
118
118
119
119
119
119
119
119
120
120
120
120
120
121
121
121
122
122
122
122
122
122
123
123
123
123
123
124
124
124
124
124
124
125
125
125
125
125
125
125
125
126
126
126
126
127
127
127
127
128
128
128
128
128
128
128
129
129
129
129
129
129
130
130
130
130
130
130
131
131
131
131
131
131
132
132
132
132
132
132
132
133
133
133
133
133
133
134
134
134
134
134
134
134
135
135
135
135
135
135
135
135
136
136
136
136
136
137
137
137
137
137
137
138
138
138
138
138
138
139
139
139
139
139
139
140
140
140
140
140
140
141
141
141
141
141
141
142
142
142
142
142
142
142
143
143
143
143
143
143
144
144
144
144
144
144
144
145
145
145
145
145
145
145
146
146
146
146
146
147
147
147
147
147
147
148
148
148
148
148
149
149
149
149
150
150
150
150
150
151
151
151
151
152
152
152
152
152
153
153
153
153
153
153
154
154
154
154
154
154
154
154
155
155
155
155
155
156
156
156
156
156
156
156
157
157
157
157
157
158
158
158
158
158
159
159
159
159
159
159
160
160
160
160
161
161
161
161
161
162
162
162
163
163
163
163
163
163
163
164
164
164
164
164
164
164
164
165
165
165
165
165
165
166
166
166
166
166
166
167
167
167
167
167
167
168
168
168
168
168
168
169
169
169
169
169
169
169
170
170
170
170
170
170
170
171
171
171
171
171
171
171
172
172
172
172
172
172
173
173
173
173
173
173
173
174
174
174
174
174
174
175
175
175
175
175
175
176
176
176
176
176
177
177
177
177
177
177
178
178
178
178
178
179
179
179
179
179
179
180
180
180
180
180
180
181
181
181
181
181
181
181
182
182
182
182
182
182
182
183
183
183
183
183
183
183
184
184
184
184
184
184
184
185
185
185
185
185
185
185
186
186
186
186
187
187
187
187
187
187
187
188
188
188
188
188
188
188
189
189
189
189
189
190
190
190
190
190
191
191
191
191
191
191
191

FIELD FieldData 1
CreasesId  1  1102  double
0
0
0
0
0
0
0
0
0
0
0
0
0
0
0
0
0
0
0
0
0
0
0
0
0
0
0
0
0
0
0
0
0
0
0
0
0
0
0
0
0
0
0
0
0
0
0
0
0
0
0
0
0
0
0
0
0
0
0
0
0
0
0
0
0
0
0
0
0
0
0
0
0
0
0
0
0
0
0
0
0
0
0
0
0
0
0
0
0
0
0
0
0
0
0
0
0
0
0
0
0
0
0
0
0
0
0
0
0
0
0
0
0
0
0
0
0
0
0
0
0
0
0
0
0
0
0
0
0
0
0
0
0
0
0
0
0
0
0
0
0
0
0
0
0
0
0
0
0
0
0
0
0
0
0
0
0
0
0
0
0
0
0
0
0
0
0
0
0
0
0
0
0
0
0
0
0
0
0
0
0
0
0
0
0
0
0
0
0
0
0
0
0
0
0
0
0
0
0
0
0
0
0
0
0
0
0
0
0
0
0
0
0
0
0
0
0
0
0
0
0
0
0
0
0
0
0
0
0
0
0
0
0
0
0
0
0
0
0
0
0
0
0
0
0
0
0
0
0
0
0
0
0
0
0
0
0
0
0
0
0
0
0
0
0
0
0
0
0
0
0
0
0
0
0
0
0
0
0
0
0
0
0
0
0
0
0
0
0
0
0
0
0
0
0
0
0
0
0
0
0
0
0
0
0
0
0
0
0
0
0
0
0
0
0
0
0
0
0
0
0
0
0
0
0
0
0
0
0
0
0
0
0
0
0
0
0
0
0
0
0
0
0
0
0
0
0
0
0
0
0
0
0
0
0
0
0
0
0
0
0
0
0
0
0
0
0
0
0
0
0
0
0
0
0
0
0
0
0
0
0
0
0
0
0
0
0
0
0
0
0
0
0
0
0
0
0
0
0
0
0
0
0
0
0
0
0
0
0
0
0
0
0
0
0
0
0
0
0
0
0
0
0
0
0
0
0
0
0
0
0
0
0
0
0
0
0
0
0
0
0
0
0
0
0
0
0
0
0
0
0
0
0
0
0
0
0
0
0
0
0
0
0
0
0
0
0
0
0
0
0
0
0
0
0
0
0
0
0
0
0
0
0
0
0
0
0
0
0
0
0
0
0
0
0
0
0
0
0
0
0
0
0
0
0
0
0
0
0
0
0
0
0
0
0
0
0
0
0
0
0
0
0
0
0
0
0
0
0
0
0
0
0
0
0
0
0
0
0
0
0
0
0
0
0
0
0
0
0
0
0
0
0
0
0
0
0
0
0
0
0
0
0
0
0
0
0
0
0
0
0
0
1
0
1
1
0
0
0
0
0
0
0
0
0
0
0
0
0
0
0
0
0
0
0
0
0
0
0
0
0
0
0
0
0
0
0
0
0
0
0
0
0
0
0
0
0
0
0
0
0
0
0
0
0
0
0
0
0
0
0
0
0
0
0
0
0
0
0
0
0
0
0
0
0
0
0
0
0
0
0
0
0
0
0
0
0
0
0
0
0
0
0
0
0
0
0
0
0
0
0
0
0
0
0
0
0
0
0
0
0
0
0
0
0
0
0
0
0
0
0
0
0
0
0
0
0
0
0
0
0
0
0
0
0
0
0
0
0
0
0
0
0
0
0
0
0
0
0
0
0
0
0
0
0
0
0
0
0
0
0
0
0
0
0
0
0
0
0
0
0
0
0
0
0
0
0
0
0
0
0
0
0
0
0
0
0
0
0
1
1
0
0
0
0
0
0
0
0
0
0
0
0
0
0
0
0
0
0
0
0
0
0
0
0
1
0
0
0
0
0
0
0
0
0
0
1
1
0
0
0
0
0
0
0
0
0
0
0
0
1
0
0
0
0
1
1
0
0
1
0
0
1
1
0
0
0
0
0
0
0
0
0
0
0
0
0
0
0
1
0
1
0
0
0
0
0
0
0
0
0
0
0
0
0
0
0
0
0
0
0
0
0
0
1
0
0
0
0
0
0
0
0
0
0
0
1
0
1
0
0
0
0
1
0
0
0
0
0
0
0
0
0
0
0
0
0
0
0
0
0
0
0
0
0
0
0
0
0
0
0
0
0
0
0
0
0
0
0
0
0
1
0
0
0
1
0
1
0
1
1
0
0
0
0
1
0
0
0
1
0
0
1
0
1
1
0
1
0
0
1
1
0
1
0
0
0
1
0
1
0
1
0
0
0
0
1
1
0
0
0
1
0
1
1
0
0
0
0
0
1
0
0
1
1
0
0
1
0
0
1
1
0
1
0
0
0
0
0
1
0
1
0
0
0
0
0
0
0
0
0
1
1
0
1
0
0
0
0
1
0
0
0
1
1
0
0
0
0
1
1
1
0
0
0
0
1
1
1
0
0
0
0
0
1
1
0
0
0
0
1
1
1
0
0
0
0
0
1
1
0
0
0
0
0
0
0
0
0
0
0
0
0
0
0
0
0
0
0
0
0
0
1
0
1
0
0
0
1
1
0
0
1
1
0
0
0
0
0
1
1
1

FIELD FieldData 7
X  1  1102  double
1.855686694904720e-02
-1.644142222068273e-02
5.858418709727446e-03
-6.908318598871635e-03
-2.924365523241595e-02
3.510213085882670e-01
3.140060510222845e-01
3.195448566064831e-01
2.896446604057337e-01
2.960503444812511e-01
-1.744047540746652e-01
-1.501885388937654e-01
-1.761798632998273e-01
-1.440718350225276e-01
-1.717799719252806e-01
-2.055041179059266e-01
1.316101912940500e-01
1.173968386240216e-01
8.874312419252360e-02
1.029605311611651e-01
1.559280194623235e-01
7.883590563908545e-02
1.276867070083269e-01
-2.867039461603915e-01
-2.597342820822146e-01
-2.732692384290899e-01
-2.509642153859784e-01
-2.291265348698247e-01
-2.399101446940451e-01
-2.176480733629601e-01
-3.394648214197868e-01
-3.738858651441695e-01
-3.843774500898406e-01
-3.615599515947300e-01
-3.935853796001816e-01
-4.069696184635380e-01
3.912419792628320e-01
3.722636943153052e-01
3.852012385556373e-01
4.019166073533416e-01
4.114249476473929e-01
4.290069549792289e-01
3.985513898553042e-01
3.650929875786774e-01
3.751870962274418e-01
3.859389043319200e-01
3.692295014001881e-01
4.006036048115860e-01
3.993664338459218e-01
-1.166300049349823e-01
-9.524176267267792e-02
-1.299231955642378e-01
-8.230077428892157e-02
-1.082710144413628e-01
-1.429715633994799e-01
-1.644029956077173e-01
-1.147082661769083e-01
-7.991161068500963e-02
-9.227396854313531e-02
-1.371621949854945e-01
-1.940752165228543e-01
-2.059670262844136e-01
-2.282339304997724e-01
-1.717069047756173e-01
-1.819942217343986e-01
-1.596019564223375e-01
-9.907599155345451e-03
2.848375783096863e-03
-3.232366678309207e-02
-4.496051190874221e-02
5.433073468095759e-02
3.181093301680382e-02
6.722179136923569e-02
8.967398085771795e-02
1.892089715623219e-02
1.025429721132134e-01
-3.135139491620877e-01
-2.798828147662779e-01
-3.255381643579330e-01
-3.465834300388948e-01
-3.346423576777142e-01
-3.373512350219578e-01
-2.920962680030304e-01
-3.041172384692821e-01
-1.950001386507135e-01
-1.731798439107557e-01
-6.792017394368079e-02
-4.550733835977003e-02
-1.920714413199960e-01
-2.265070173235982e-01
-2.142833460432782e-01
-2.163670550855585e-01
-2.385502201789416e-01
-2.043070603428708e-01
-3.300774087454378e-01
-3.099301979815419e-01
-3.176833242106753e-01
-2.974212996329172e-01
-2.763185938269149e-01
-2.636300063573754e-01
-3.506479666578492e-01
-2.704358549537024e-01
-2.363445472698984e-01
-2.485606623581102e-01
-2.239640214993575e-01
-2.582221369216913e-01
3.498926078382002e-02
2.212677647879288e-02
5.755528727644373e-02
7.037243522809009e-02
8.008397060240224e-02
4.469520408675978e-02
4.781341556652553e-02
1.241808369464968e-02
-2.888568097291674e-01
-3.223022752262024e-01
-3.012642223866567e-01
-2.674944207557602e-01
-2.549498789864371e-01
-3.547987365377058e-01
-9.696971074870231e-02
-8.416014671028570e-02
-4.878173638334653e-02
-1.194198615566372e-01
-1.066080973436519e-01
1.120189002630899e-01
6.043556209485382e-03
4.142914807174299e-02
7.677136339320509e-02
2.853582801667447e-02
6.385366143165210e-02
2.725863401488008e-03
2.525370175038295e-02
-1.012586168038965e-02
6.058023857680028e-02
7.327082841453669e-02
1.552952963097418e-02
3.803663745988520e-02
1.504708465539497e-01
1.377229536941116e-01
1.248994503915696e-01
1.599551602979563e-01
1.471201555656765e-01
1.727095868799942e-01
1.947885680647835e-01
1.183101415088786e-01
8.312784979138328e-02
9.580238807279759e-02
-2.248742359252173e-01
-2.165795536466753e-01
-2.378831050552419e-01
-2.036053593508801e-01
-1.905704747166405e-01
2.566401234648025e-01
2.785351307887915e-01
2.446099914532337e-01
2.665154692709892e-01
2.345899769451413e-01
2.225379791820392e-01
-2.508074373770569e-01
-2.584215295137252e-01
-2.846953025084048e-01
-3.054187319538657e-01
-2.718439891939370e-01
1.208307285306101e-01
1.331447146333551e-01
1.083766038807836e-01
8.586558537079715e-02
9.834472582904487e-02
1.015014601193823e-01
1.348972694592713e-01
1.228773904496115e-01
1.690524646489175e-01
1.572752267648874e-01
1.657253946270962e-01
1.433018911951569e-01
1.779934578348061e-01
2.003200547636164e-01
1.308682350218491e-01
1.900929976561094e-01
2.123992769858330e-01
1.555906678043788e-01
-1.953491981999504e-01
-1.836306104455122e-01
-1.612541718957184e-01
-1.733017177242964e-01
-2.050820828423013e-01
-1.492973307486641e-01
-1.268785314017008e-01
1.880684692470830e-01
2.102985569092546e-01
1.979006716106558e-01
2.323820585468352e-01
1.756630155469239e-01
1.533079374864529e-01
-1.697424585650553e-01
-1.473291365597277e-01
-1.349099857035059e-01
-1.573393287104897e-01
3.346820694884151e-01
2.883286882897390e-01
3.015938288292509e-01
3.210941894412389e-01
3.143258432792166e-01
-1.560253618162378e-01
-1.212856473999183e-01
-1.342984583232357e-01
-9.937404514599638e-02
-1.690600397354611e-01
-1.044986686078618e-01
-1.389236732576997e-01
-1.165224297643071e-01
-8.218190777734487e-02
-1.290522337776769e-01
-2.916027227722195e-01
-2.650865253161355e-01
-2.357426728236374e-01
-3.252624653070292e-01
-2.984530352680275e-01
9.429437843724016e-02
6.807991599835368e-02
6.028060569466705e-02
1.187637599085839e-01
8.259239903318667e-02
4.615757466022008e-02
-2.118006153234799e-01
-1.986805981662287e-01
-1.774963926341220e-01
-2.104373353675193e-01
-1.866262079050414e-01
-2.197742553234395e-01
-2.315046528981991e-01
-3.180916080551420e-01
-3.394908772395606e-01
-3.388265722457467e-01
-3.590081148083075e-01
-3.757529771010811e-01
-3.592838813344452e-01
4.049167768080635e-01
4.345046170423421e-01
4.331238242213197e-01
4.112653622284646e-01
4.331285194652578e-01
1.631239732310456e-01
1.407615141894616e-01
1.281056334367088e-01
1.153597511739640e-01
9.289872563697522e-02
1.056471154597265e-01
-1.893747845229302e-01
-1.671527397093587e-01
-1.448047482992765e-01
-1.321584786820652e-01
-1.097106503548769e-01
-1.796801275691422e-01
-2.018995063514696e-01
-3.267341995282321e-01
-3.389232781584502e-01
-2.997337704654495e-01
-3.162760815973407e-01
-3.143504862858913e-01
-2.071997938782088e-01
-2.368802041973067e-01
-2.379249350456959e-01
-2.650603912604201e-01
-2.693360466874937e-01
-2.986479656876013e-01
-2.382850568567141e-01
-2.621690344129790e-02
-1.333580653016182e-02
9.244642408731055e-03
-3.638563494022500e-03
2.579778415230830e-01
2.242535796971251e-01
2.359610789482669e-01
2.689323584093412e-01
3.520106726181694e-01
3.186382384306066e-01
3.393102983143491e-01
3.267728934348287e-01
3.061414486443407e-01
3.598089059281763e-01
-2.458398175186409e-01
-2.333072421758156e-01
-2.114377243169988e-01
-1.987855373394714e-01
1.452983438012070e-01
1.677150912522787e-01
1.796565795560211e-01
2.020033796700481e-01
1.913950385630132e-01
2.137106117422013e-01
5.093948449899510e-02
3.804742832307435e-02
2.519643349126306e-02
1.083184343332945e-01
9.534733367348881e-02
7.322122439004844e-02
8.616125136511731e-02
6.029864842587018e-02
-1.767291879803624e-01
-1.639817491185810e-01
-1.417683060237966e-01
-1.545090499761498e-01
-1.511514246980513e-01
-1.289496323534650e-01
-3.005050687324701e-01
-2.841730392809160e-01
-2.504235642803999e-01
-2.724450922164433e-01
-2.629201585612564e-01
-3.058656073389918e-01
-4.512865369349670e-04
-2.300680083237076e-02
-3.589826426228278e-02
-7.130087168161132e-02
-5.841044368250018e-02
1.566934739152013e-02
-1.959768670784205e-02
-4.210935323467403e-02
-6.802221590867207e-03
-2.933440074572924e-02
-1.160716916338847e-01
-8.083973280725437e-02
-9.374182310063385e-02
-1.031531146795665e-01
-9.021231861633722e-02
-1.382569134810988e-01
-7.733411796361095e-02
-8.991655608748722e-02
-1.124249093315867e-01
-5.481009234080830e-02
-6.741768004374346e-02
-1.248643923845666e-01
-1.023809456539523e-01
2.542858301038013e-01
2.759770579012333e-01
2.418899109498612e-01
3.002445620216597e-01
2.882065191111847e-01
4.741240947275334e-02
6.946289606606083e-02
3.458170899351958e-02
1.240570396373761e-02
5.658805498056035e-02
9.131433366455836e-02
7.839014448548955e-02
1.212831732085751e-01
1.562532199637671e-01
9.910009784051577e-02
1.342232466150567e-01
-1.123498735364696e-01
-1.253169570802865e-01
-1.472972483572478e-01
-7.726792802711818e-02
-1.820577698763170e-01
-1.602639180002742e-01
6.553744042840105e-02
4.373138558801551e-02
2.181772300028053e-02
9.030138995966479e-03
3.074387369913000e-02
-6.568806760878067e-03
2.468808115800291e-01
2.808136667886781e-01
2.255269506465659e-01
2.597241026101708e-01
2.724256536569378e-01
2.935240148893228e-01
-1.973751164945887e-02
-3.261015213509373e-02
-5.500189162140708e-02
-4.210346594283510e-02
6.604829244734355e-02
5.347887651283941e-02
3.117862400087136e-02
-3.707368740598068e-03
8.910631051350931e-03
4.373487661899365e-02
-6.465369213680310e-02
-8.719823664230270e-02
-9.986284385255677e-02
-1.223638861921295e-01
2.033053513030985e-01
1.922509690561660e-01
1.918538833440276e-01
2.222329783953862e-01
1.664255822718135e-01
1.769252259458087e-01
2.226277318133957e-01
2.550070934666845e-01
2.678973359125018e-01
2.339668482836605e-01
1.996531127186268e-01
2.209575701756505e-01
1.866190956684546e-01
-2.605916679209205e-01
-2.942755226702182e-01
-3.275080614997530e-01
-3.472548253670839e-01
-3.159287161437542e-01
-2.824578869778583e-01
2.635747408107662e-01
2.510189586097061e-01
2.974286908091601e-01
2.850126355833666e-01
3.308391494344817e-01
3.096572502716852e-01
-5.144263518879630e-02
-8.640881280490870e-02
-7.347257384714609e-02
-6.433851549110260e-02
2.199876816709496e-01
1.853644768269805e-01
2.074499172503448e-01
2.293460109465627e-01
-1.650454847540781e-02
-7.445046045975173e-02
-6.163865016267261e-02
-5.189459423113306e-02
-3.907605203044491e-02
6.336790164536665e-02
5.074775879332413e-02
2.826598060593101e-02
7.587682021291087e-02
4.091578382489042e-02
1.106887813170662e-01
8.825656371240546e-02
1.302902628682880e-01
1.520451144058870e-01
1.604298886746481e-01
1.735221341301665e-01
1.389877444510151e-01
2.684750518500172e-01
2.464240747470904e-01
2.800936512214388e-01
3.352205029319946e-01
3.018917144193682e-01
2.902924616816563e-01
1.042853736950349e-01
1.172827509338135e-01
1.259542835232109e-01
8.238919752504652e-02
2.166733210590374e-01
2.383290899925417e-01
2.038913336628417e-01
1.691713612283003e-01
1.820227830601213e-01
-2.257855514811903e-02
-3.514629803721060e-02
-6.989460217575927e-02
-5.748906900524858e-02
-3.051462376459474e-04
-1.291590182429644e-02
-4.759259204592343e-02
2.126265954848646e-01
1.910186487966486e-01
1.780742568496281e-01
1.650769295803818e-01
1.432868276802208e-01
-2.206437039204272e-01
-2.422683228468307e-01
-2.078683201943688e-01
-2.294737709112768e-01
-1.860265809707141e-01
-4.774551319461404e-02
-2.583096438165253e-02
-6.057122919029048e-02
-6.915953390759325e-02
-3.480389176057642e-02
-1.294780177206748e-02
-3.859821419857035e-02
-1.370073941086466e-01
-1.514870249944270e-01
-1.032542828023976e-01
-8.945464368614549e-02
-1.213144232703555e-01
-7.735213139876272e-02
-7.153815849429712e-02
-9.626625721790052e-02
-9.664273725777266e-02
-1.193808592954569e-01
-4.314494912721922e-02
-1.110685664307886e-01
5.591722428833082e-02
3.301560227604893e-02
2.161680105228866e-02
-3.912586519141305e-04
3.446163287615105e-01
3.546179875281003e-01
3.230843196868186e-01
3.335308419458073e-01
3.120779296215770e-01
6.026660602160250e-02
7.303573150920947e-02
9.426495466506513e-02
4.029466166339623e-02
4.610458584513658e-02
-2.593497717953641e-01
-2.560818780084054e-01
-2.789984361106884e-01
-2.447872145429704e-01
-2.849933337708127e-01
-2.915928799328558e-01
-4.067862372624128e-01
-4.314138924072204e-01
-4.314141513146223e-01
-4.048817355814895e-01
-4.056176449887978e-01
-4.341642959864375e-01
-4.341633245599785e-01
-4.259415287637889e-01
-4.021282569521725e-01
-3.954233161507867e-01
-3.630242956970717e-01
-3.424349834849756e-01
-3.735068371771315e-01
-3.823068692570287e-01
-4.311198396857961e-02
-2.198027451867218e-02
-5.649203754667376e-02
-7.732547937821087e-02
-6.444679090288992e-02
3.675588891589214e-01
3.808338747237571e-01
4.005981894589565e-01
4.127021369342519e-01
3.476983228876322e-01
-4.177781057689371e-01
-4.422576091002960e-01
-4.683167491343636e-01
-4.807524521637100e-01
-4.514362164381159e-01
-5.110752188450028e-01
3.788403390056524e-01
3.547108679044474e-01
3.655543622738695e-01
3.428864444960273e-01
3.216996866478803e-01
2.439202302786601e-01
2.511823852279322e-01
2.785703015019447e-01
2.750763112396122e-01
3.041758098716484e-01
2.834369238543776e-01
-1.110500973228591e-01
-1.278083162202361e-01
-1.010068119110739e-01
-1.365109501196992e-01
-1.658096392760328e-01
-2.368926693714930e-01
-2.072083215911776e-01
-2.684838891304580e-01
-2.380367373047834e-01
-2.725973860813350e-01
-3.050375730052632e-01
-3.111042254925852e-01
4.011844037346937e-02
1.137353136895379e-02
2.591862066982430e-02
-8.625122966703475e-03
9.012778236717773e-03
-3.257631197112418e-01
-3.511636901264489e-01
-3.310659015620522e-01
-3.089368962080162e-01
-2.908249743594906e-01
-3.059467976264382e-01
3.352933601304112e-01
3.718343098034870e-01
3.821283946228450e-01
4.212089822778562e-01
4.359436735627092e-01
3.422898129158502e-01
3.477761257903264e-01
3.931025601528964e-01
-5.091995380300877e-02
-3.965405904120323e-02
-2.561287219104931e-02
-6.010054196898186e-02
-2.286909000290433e-02
-3.836472732265905e-01
-3.572910124065567e-01
-3.732747511802035e-01
-3.795288759923427e-01
-3.725701755347777e-01
-3.711213303127542e-01
-3.966912653346254e-01
-4.034714679855080e-01
-4.259452129348149e-01
-4.597161907560377e-01
2.474102288744771e-01
2.730686980849766e-01
2.508552641537062e-01
2.251805002254444e-01
2.992299842119272e-01
-1.507417221744520e-01
-1.863255907879110e-01
-1.801894420673832e-01
-2.089009286406161e-01
-1.528813568746140e-01
-4.287630988965939e-01
-4.130803129478329e-01
-4.529201968327620e-01
-3.936023461747383e-01
-3.777388828401100e-01
-4.996046986136510e-01
-4.655588391348785e-01
-4.631318496112206e-01
-4.964460368509868e-01
-4.631294426942233e-01
4.476854365133768e-01
4.749100658638914e-01
4.351617593176839e-01
4.126947243296607e-01
4.221854704608455e-01
-4.964460368509866e-01
-4.596827035035167e-01
-4.901486834023178e-01
-5.232339196660007e-01
1.469251371689613e-01
1.544314347846610e-01
1.886449620375008e-01
1.844319622620048e-01
1.602942635877581e-01
2.557177395517118e-01
2.215535630675112e-01
2.207727491079566e-01
2.538212976493097e-01
2.890460001124246e-01
2.934637526003212e-01
3.205468187961106e-01
3.125002289915798e-01
3.500210372847132e-01
3.605419860467982e-01
3.280692472697018e-01
-3.738309871295266e-01
-3.900286540926068e-01
-3.594766030663177e-01
-3.513292742207760e-01
-3.950649782635415e-01
-3.639394051847478e-01
6.936776599453306e-02
8.306110429914416e-02
1.084894040531580e-01
1.191718486806628e-01
2.980756258490864e-02
1.469251371689595e-01
1.547433941218387e-01
4.217365307817082e-01
3.688805791529732e-01
3.859758719361157e-01
4.039730464503165e-01
-2.384337507142542e-01
-2.048397201330876e-01
-2.027626604064982e-01
-2.745690875638588e-01
-2.368511110533346e-01
-4.346601372197918e-01
-4.136520162715292e-01
-4.562214452860856e-01
-4.329216953498938e-01
-4.781773941438216e-01
-2.384337507142518e-01
-2.725973860813328e-01
-3.050375730052610e-01
-2.027626604064956e-01
-2.756038305844278e-01
-3.117333432512990e-01
6.936776599453470e-02
2.980756258491084e-02
1.084894040531602e-01
9.514537849627326e-02
5.324219990149194e-02
8.046660855366178e-02
-1.708845411266893e-01
-1.658096392760351e-01
-1.762079460750978e-01
-1.441028194512343e-01
-1.363770698793392e-01
4.362949768071880e-01
4.215883009629113e-01
4.609829273641032e-01
-4.138249917884320e-01
-3.777037669478096e-01
-3.594515652483732e-01
-3.956083465900367e-01
-4.529201968327612e-01
-4.287139077183308e-01
4.565567508976437e-01
4.221922258910624e-01
4.474050516779688e-01
4.858346700202050e-01
4.749100658638912e-01
3.855505672598210e-01
3.688800682621790e-01
3.531236613618475e-01
3.859596682268435e-01
3.362590774696603e-01
3.494715913387563e-01
4.644897564434198e-01
4.652866117150624e-01
4.616318810149843e-01
5.000000000000000e-01
4.984194195073480e-01
4.936876709681666e-01
5.378526109071390e-01
5.339556757410394e-01
-3.162597896067381e-01
-3.514613339843640e-01
-3.389296255480224e-01
-3.743169745997698e-01
-8.654459754762880e-03
9.245978486524441e-03
9.790681373258168e-03
2.588762817497610e-02
1.954632764253999e-01
1.918350052381271e-01
1.656939630693989e-01
1.602623553879081e-01
1.889602697645654e-01
1.844319622620031e-01
2.207727491079552e-01
-4.177758340332208e-01
-4.516304670288254e-01
-3.890863794861315e-01
-4.069747019917625e-01
-4.415564817210162e-01
-4.807524521637104e-01
3.385639866066073e-01
3.278634509394394e-01
3.494751750828727e-01
3.217703894693046e-01
3.437503488132218e-01
3.625051216901413e-01
3.041531917200105e-01
2.785531803825534e-01
2.773963768242244e-01
2.945837287166606e-01
3.117879810596528e-01
2.840655849895616e-01
2.238245073161932e-01
2.222134464409037e-01
2.511642740095230e-01
2.218967113733918e-01
2.535763525585615e-01
2.557177395517106e-01
2.890460001124238e-01
4.556955318976318e-01
4.623342441084692e-01
4.290237846467485e-01
3.784057008067930e-01
4.043749139616334e-01
4.936876709681668e-01
-3.453683735686366e-01
-3.538435846861008e-01
-3.162129678543440e-01
-3.627595073499998e-01
-4.010096243022072e-01
-4.148510992871536e-01
-3.707324450706112e-01
4.677127826582198e-01
4.876732660285298e-01
5.152039153944962e-01
4.244916810456818e-01
4.050736613774450e-01
4.441413063745658e-01
4.924103500129908e-01
4.454606320889068e-01
-5.113589906091186e-01
-5.576728445099048e-01
-5.432474289958634e-01
-4.956693980233256e-01
-4.683167491343642e-01
-4.330896865492982e-01
-4.567958692766900e-01
-3.900286540926056e-01
-4.136520162715280e-01
-4.346601372197908e-01
-4.785642228498648e-01
2.966325778799866e-01
2.560235906576900e-01
2.560963889652304e-01
2.981309423357042e-01
2.544206225975288e-01
3.002509387868214e-01
-1.482576468154719e-01
-1.578458700164375e-01
-7.484807311339570e-02
-1.032387794929760e-01
-1.168329389162152e-01
-8.899894783877420e-02
-5.685724727466880e-01
-5.311818463283832e-01
-5.758774027471441e-01
-6.180977067559404e-01
-6.751666101173416e-01
-6.666022094271518e-01
8.046660855365846e-02
9.561411085159648e-02
1.258477087016634e-01
1.704331591159931e-01
1.785563643037074e-01
1.376443140325130e-01
3.457677259849428e-02
5.341880358928258e-02
-1.153166884574186e-02
1.068000095250460e-02
1.276326165419201e-02
6.215855034179272e-02
4.053828511547636e-02
-4.966391515733922e-01
-5.253874283260016e-01
-5.042057591749560e-01
-5.576747836111497e-01
-5.911377866189146e-01
-6.159714676925542e-01
-5.756720336667294e-02
-1.361283223035742e-01
-1.738193100595200e-01
-3.803977822126162e-02
-8.725087261711587e-02
-6.749258325747921e-02
-1.210385690607311e-01
5.347401957423598e-01
5.032584686374344e-01
5.508956764021138e-01
5.726776983230734e-01
5.277751592141828e-01
5.169270230091744e-01
5.635682172234378e-01
2.181775095480958e-01
2.139410762239266e-01
1.777992900717666e-01
1.374400129346375e-01
1.704331591159965e-01
-3.162129678543488e-01
-2.765831508285350e-01
-3.208846371643476e-01
-3.242699009713856e-01
-3.616015543266628e-01
-3.707324450706158e-01
4.060244032502662e-01
3.615098485302364e-01
3.205468187961096e-01
3.500210372847122e-01
3.289239840236246e-01
-5.380934447976974e-01
-4.996046986136510e-01
-5.795414503918350e-01
-5.361728772954278e-01
-9.941093832534323e-03
-3.223763790521626e-02
1.008911118107290e-02
-4.962689945402974e-02
-2.778331800575152e-02
-3.443647537646002e-01
-3.767697750696934e-01
-4.053584788267416e-01
-3.355492141795192e-01
-4.901486834023182e-01
-5.315300000061010e-01
-5.224950708275437e-01
-5.954015588488574e-01
-6.369107788227359e-01
3.772823100791154e-01
4.021582826353828e-01
4.453087628232538e-01
4.244916810456820e-01
3.851938433148949e-01
4.191958315065052e-01
-5.365035516328608e-01
-5.758774027471451e-01
-5.795414503918352e-01
-6.250187281108714e-01
-6.278875878947342e-01
-6.794623901145652e-01
-6.242991182447336e-01
-6.794623901145654e-01
-1.985980087267235e-01
-1.923391815601962e-01
-1.844621917539639e-01
-2.307275803696172e-01
-2.255011094154036e-01
4.670928238819170e-01
4.876395151505904e-01
4.441413063745662e-01
4.609829273641034e-01
5.036759221461000e-01
5.152039153944966e-01
5.347401957423600e-01
-4.057920020325742e-01
-3.639394051847462e-01
-3.256148796087852e-01
-3.355492141795174e-01
-3.768094378414038e-01
-9.941093832536420e-03
-4.962689945403214e-02
-6.457093727713786e-02
-2.770542253388337e-02
-3.204863941939160e-02
4.021582826353822e-01
4.194870883241230e-01
3.772823100791148e-01
3.630469191205539e-01
3.389737088448740e-01
3.917085380232186e-01
2.813827046830248e-01
3.165039494552585e-01
3.078822909144575e-01
3.278562603881077e-01
5.339812827423894e-01
5.379728350033040e-01
4.984194195073480e-01
5.277543112390506e-01
5.781665266285236e-01
2.937949438826544e-01
2.570277497622958e-01
2.966325778799840e-01
-5.772274549243332e-01
-5.956212063818214e-01
-6.369107788227338e-01
-5.576728445099028e-01
-5.432474289958606e-01
-6.100649624606916e-01
-6.538233349426450e-01
-4.022937733919878e-01
-4.148510992871584e-01
-4.378823823196108e-01
-4.563469312841464e-01
-4.949575910512574e-01
-3.538435846861060e-01
-4.221697100143084e-01
-3.892370884482432e-01
-5.031069796147810e-01
-5.625667421292804e-01
-4.524332387474248e-01
-4.798363388749748e-01
-4.734981452188878e-01
-5.304389695659458e-01
5.863969062321736e-01
6.035185825593318e-01
6.458776895748922e-01
6.136378546958948e-01
6.607351512274788e-01
6.714152325167068e-01
-6.197764658175012e-01
-6.751666101173424e-01
-5.685724727466896e-01
-6.081409816219436e-01
-6.538233349426468e-01
-6.666022094271534e-01
5.193503624120628e-01
5.773086862221281e-01
4.665036078570442e-01
4.924103500129914e-01
4.880776361686228e-01
5.469352643841208e-01
-5.321188049301390e-01
-5.625667421292770e-01
-4.725292383503040e-01
-5.304389695659422e-01
-4.524332387474206e-01
-4.798363388749710e-01
-5.049872220996756e-01
4.552945017206214e-01
5.131039417075962e-01
4.760286107072090e-01
4.376474796917730e-01
4.665036078570432e-01
4.896417483074838e-01
5.469352643841198e-01
-5.558741669118948e-01
-5.911377866189174e-01
-6.159714676925570e-01
-5.253874283260048e-01
-5.042057591749594e-01
-5.327879622208012e-01
-5.787988049329854e-01
2.076875512400438e-01
1.998181865497853e-01
1.598904180757919e-01
1.117081728229612e-01
1.475455895122952e-01
9.434016175256540e-02
-1.836261393693049e-01
-1.350319896365051e-01
-1.738193100595242e-01
-1.923391815602007e-01
-1.482576468154766e-01
-1.210385690607357e-01
-2.255011094154076e-01
6.020311175913760e-01
6.607351512274789e-01
5.167763281570310e-01
5.508956764021140e-01
5.635682172234378e-01
4.858346700202050e-01
6.272806410554080e-01
6.778504105299932e-01
6.153711269800642e-01
6.714152325167068e-01
5.726776983230734e-01
6.217993449983128e-01
1.816340783869718e-01
1.472408853236696e-01
1.128045366340827e-01
1.651995113647937e-01
1.356821023289600e-01
5.459733593390592e-01
5.685193332515822e-01
6.040321766694096e-01
5.773086862221272e-01
5.183656944837494e-01
6.269367812151804e-01
-2.313893564173044e-01
-2.352046860715380e-01
-1.977248074752290e-01
-2.759078039345384e-01
-2.757572181528374e-01
5.800000000000000e-01
6.258675641756188e-01
5.781665266285236e-01
6.800000000000000e-01
6.778504105299932e-01
6.232692144783016e-01
5.878928773160640e-01
5.668758033704614e-01
5.448666298274700e-01
6.040321766694100e-01
6.458776895748924e-01
6.269367812151810e-01
1.115988142881065e-01
1.258477087016668e-01
1.599252359091572e-01
2.072769205971630e-01
1.998181865497885e-01
1.475455895122984e-01
2.508274686763272e-01
-3.199073228995824e-01
-2.770749765489128e-01
-2.765831508285298e-01
-2.352046860715330e-01
-2.376260150296456e-01
-3.242699009713816e-01
-2.757572181528330e-01
3.352933601304134e-01
3.420904758974346e-01
3.816072890952776e-01
3.718343098034886e-01
3.477761257903286e-01
3.931025601528980e-01
4.359436735627108e-01
2.988058589186382e-01
2.546015471351628e-01
2.560963889652280e-01
2.184710484375188e-01
2.139410762239236e-01
3.002509387868192e-01
2.508274686763246e-01
2.480721809710163e-01
2.285158658431775e-01
2.613398987896763e-01
2.129740506709955e-01
1.946181715424273e-01
2.078866311131264e-01
2.419557130755704e-01
9.996548247767988e-02
1.055665313157503e-01
1.327799802642420e-01
1.276595866099016e-01
-1.006441261216164e-01
-8.899894783877638e-02
-1.278083162202387e-01
-1.032387794929806e-01
-1.150108979899926e-01
-7.430497196986686e-02
-1.578250815561955e-01
4.060244032502678e-01
4.561024020536690e-01
4.376474796917742e-01
3.917855079765290e-01
5.131039417075974e-01
4.212567814121040e-01
4.760286107072100e-01
-4.221697100143038e-01
-4.393750305750748e-01
-3.892370884482380e-01
-4.949575910512534e-01
-4.563469312841424e-01
-3.673999914116738e-02
-5.756720336667702e-02
-1.351988761224893e-02
-6.749258325748328e-02
-8.685152065925818e-02
1.224855072233663e-02
-1.153166884573775e-02
6.146758129928600e-02
3.457677259849812e-02
4.053828511547996e-02
9.434016175256900e-02
-1.351988761224487e-02

Y  1  1102  double
-2.674591904385343e-01
-2.620729036044772e-01
-2.351707609439407e-01
-2.025786242768478e-01
-2.297079931502952e-01
-2.010040559279579e-01
-1.900205265109474e-01
-2.230235271360012e-01
-2.152092245803073e-01
-2.442439974145219e-01
-3.560589139220225e-01
-3.795228135352508e-01
-3.971837685947940e-01
-4.099114312726184e-01
-4.327514478350433e-01
-4.169623214146005e-01
-3.796722119309342e-01
-3.461742997852680e-01
-3.654714129635958e-01
-3.937490925143003e-01
-3.540184053229621e-01
-3.366885435597236e-01
-4.153282617699737e-01
2.820431736837136e-01
3.079994257055074e-01
2.446107290251158e-01
2.712868947122653e-01
2.957041090935807e-01
2.376600120712211e-01
2.643927338233731e-01
-1.721210128742385e-01
-1.606916636137511e-01
-1.301529372740093e-01
-1.917582718847360e-01
-1.840624207698276e-01
-1.522120451434407e-01
1.100786718277789e-01
7.816339632771219e-02
4.806922204697762e-02
7.757737821099098e-02
4.932487579045192e-02
6.882055913260623e-02
-8.045047165792045e-02
-7.463954289652139e-02
-1.066017542691170e-01
-1.381346387625660e-01
-1.684526539559437e-01
-1.682645721281219e-01
-1.132344607212446e-01
-3.336995684189155e-01
-3.090812844963921e-01
-3.035844024216881e-01
-3.408010388925660e-01
-2.773965282012518e-01
-2.716230251700274e-01
-2.976771979892804e-01
2.501371734562068e-01
2.450770248766412e-01
2.770920012558491e-01
2.229563258641168e-01
2.005548915805045e-01
2.326669156731139e-01
2.053766248954859e-01
2.278838291558109e-01
1.681045909062169e-01
1.955987097759928e-01
2.345526212486126e-01
2.019594137896464e-01
2.073840601736066e-01
2.398807879919898e-01
6.937008467311061e-02
4.153390142111617e-02
3.591615124464112e-02
6.372602484054780e-02
7.498688681535416e-02
3.029002767191111e-02
2.568861643694376e-03
-2.936964865134585e-03
3.537598975978356e-02
7.942834484549355e-03
-2.474377327967009e-02
6.802636099851807e-02
3.002261875855169e-02
6.284403054791979e-02
-1.410678711407872e-01
-1.138000417045506e-01
-1.309997501812104e-01
-1.033747878126986e-01
1.076715663856963e-01
1.128714914008026e-01
7.995376072201611e-02
1.731002639646553e-01
1.455603090341747e-01
1.405151204960759e-01
-1.170360164358516e-01
-9.041455194192562e-02
-1.497781216935382e-01
-1.232830080258944e-01
-9.629445240116848e-02
-1.292420214436943e-01
-1.405513690317284e-01
5.758394325913765e-02
5.225255423945118e-02
8.521400161072148e-02
1.914282369436457e-02
2.460835706649988e-02
-5.335038776879261e-02
-1.987219576496112e-02
-2.545680492578656e-02
-5.889857514995943e-02
2.436700100424165e-03
8.036679006304448e-03
-8.674749458453390e-02
-8.120410644445103e-02
-6.331336265896677e-02
-5.757941417902235e-02
-3.034684637243203e-02
-3.598571911842778e-02
-6.907398463815119e-02
-5.189757985984205e-02
3.038158166001774e-02
-3.071294953571234e-03
-8.671541214083520e-03
2.518338515180981e-03
-3.091923786568253e-02
9.142565138361786e-02
1.083475020661514e-01
1.027500324985263e-01
9.710707511548732e-02
1.360078496793571e-01
1.303840886196942e-01
-1.421964597284450e-01
-1.145270090360283e-01
-1.089776137757145e-01
-1.200149027378103e-01
-1.531034680328523e-01
-1.752251894210373e-01
-1.476902312116365e-01
-8.724220460931218e-03
2.466344382005899e-02
5.806280665782446e-02
5.238815494986607e-02
8.571421826839654e-02
1.904426632288677e-02
4.670994668192731e-02
-9.767419124687055e-02
-9.224030089117449e-02
-1.254331210986969e-01
-2.273420707331542e-01
-1.680864984039581e-01
-1.948126682814013e-01
-2.008419689156984e-01
-2.333902129606968e-01
-1.186281422902079e-01
-9.103636145929794e-02
-8.586972989541083e-02
-5.823394412737146e-02
-1.462276625989096e-01
-1.135360102014696e-01
-1.620959113131275e-01
-2.210236053001151e-01
-1.560609395600673e-01
-1.824534211397708e-01
-1.887205845018959e-01
-1.911731568884451e-01
-2.236188008972777e-01
-1.584273658373816e-01
-1.859628726844114e-01
-2.185428716029350e-01
-3.106335614080831e-01
-3.141154543242741e-01
-2.826633069568799e-01
-3.186623778224373e-01
-2.874154224272615e-01
-1.360261250841369e-01
-1.636537834821317e-01
-1.687732785457938e-01
-1.411831662393534e-01
-1.307730929204366e-01
-2.012321116027378e-01
-1.737775995023685e-01
-1.962652004685427e-01
2.913025937933981e-01
2.598007419173489e-01
2.867400691657090e-01
3.164320022081701e-01
3.215670574933883e-01
2.550457798154416e-01
2.820002483727616e-01
-1.083307609452016e-01
-8.060826765398486e-02
-4.750296260765087e-02
-5.289972808464519e-02
-7.527036898002169e-02
-1.030405603955890e-01
1.353650812464034e-01
1.629934531296659e-01
1.301189577943175e-01
1.023868753130007e-01
1.761069078662074e-01
2.124563036402729e-01
1.820420380669840e-01
2.059600930206884e-01
1.494308580303402e-01
-2.393465547725209e-01
-2.451934773101601e-01
-2.126674564483916e-01
-2.184483555121324e-01
-2.067962759755661e-01
3.086261816247952e-01
3.131857769908855e-01
3.398621717098372e-01
3.349338814333809e-01
3.635090033213617e-01
3.221375320048428e-01
3.442849668759319e-01
3.328296676800054e-01
3.325409764595849e-01
3.575528211268320e-01
-4.241559801147433e-01
-3.961925754737904e-01
-4.303013401117315e-01
-4.491645337875629e-01
-4.579557095649743e-01
-4.634451308727665e-01
-2.596394395956530e-01
-2.916475407403166e-01
-2.656869293195822e-01
-3.464501330246481e-01
-3.225434600299764e-01
-3.158348933298593e-01
-2.850697947662649e-01
1.866939093163120e-01
1.595098637461205e-01
2.117906459622743e-01
1.862573401286400e-01
1.577668559161771e-01
1.307114263719684e-01
1.631999401998362e-02
-2.219005640113028e-06
3.453276592240261e-02
-1.584045614719191e-02
-3.451255726029942e-02
-4.205174830450548e-02
-6.986693219203377e-02
-3.655473562442904e-02
-3.152900554270282e-03
-3.102034082216826e-02
-6.440684316705954e-02
1.363353180540787e-02
4.140922880596343e-02
6.922006211769378e-02
3.591423836877686e-02
6.376343015548983e-02
7.461982702509655e-02
4.685821270861933e-02
2.413621567043878e-01
2.718665499841083e-01
2.547036187028156e-01
2.979250057831992e-01
2.722081425501576e-01
-3.819263821405062e-01
-3.642420658787842e-01
-3.363452283712063e-01
-3.442803181037695e-01
-3.792661595288734e-01
-3.573301847398441e-01
-4.001106235433575e-01
1.923596054602639e-02
-1.427446859862761e-02
1.363906502028061e-02
4.713543695954927e-02
-2.106396894104654e-01
-2.060389283965924e-01
-2.379974021466515e-01
-2.419857014709611e-01
5.126862990746368e-02
5.697993368589885e-02
8.393164568761177e-02
1.166649878067610e-01
8.984961246257829e-02
1.121299431103697e-01
-8.485753268195527e-03
-4.164920560506018e-02
-1.406632599733748e-02
-4.732566102630909e-02
-2.557148009299196e-01
-2.285584748471008e-01
-2.604815275545154e-01
-2.333512381635210e-01
-2.919949253705086e-01
-2.650915490380460e-01
1.635087751863623e-01
1.964314385333602e-01
2.291014031347160e-01
1.850988337511126e-01
2.178648943758147e-01
1.908086727149003e-01
1.578476421563453e-01
2.235361334627460e-01
-1.967090829021748e-02
-5.300648527036261e-02
-2.529126310434070e-02
8.089334269660312e-03
-8.632479004530945e-02
-5.868402717479863e-02
2.185108544191562e-01
1.826099646077945e-01
1.779531460201542e-01
1.504770012743159e-01
2.106991464667357e-01
1.553038319076836e-01
-4.777046349281986e-02
-7.561807154275235e-02
-4.216672479794323e-02
-3.654698100752392e-02
-6.999758340758375e-02
1.690941783594569e-01
1.745959621746917e-01
1.470535584822240e-01
1.415669962715042e-01
1.138913312671542e-01
-9.204075725262710e-02
-9.772659315844583e-02
-6.435033792360287e-02
-1.253128916436260e-01
-1.584516612843463e-01
-1.195771338498211e-01
1.524591988087082e-01
1.853154627802538e-01
1.577754089901418e-01
1.800055051291482e-01
2.126980925256701e-01
1.905159704662688e-01
2.178911803471033e-01
-2.524549781881827e-02
2.312627295267716e-03
7.860743726604492e-03
-6.349712920160928e-02
-3.066130366161310e-02
2.559807737846289e-01
2.825536440614655e-01
2.880903753495748e-01
2.614687304533694e-01
3.143805399403081e-01
3.087867567192094e-01
3.402988114047782e-01
1.521184480557429e-01
1.463290686481991e-01
1.247035768946039e-01
1.189739135590249e-01
-1.856885328494640e-01
-1.527147112452663e-01
-1.798899488399243e-01
-1.914078189341135e-01
-1.740195111707270e-01
-1.469179143280946e-01
3.713976137314510e-01
3.454507930144545e-01
3.197627172625591e-01
3.502972236149453e-01
3.747398703325266e-01
3.798313589221610e-01
1.614831934409118e-01
1.555090706430142e-01
1.345990377638341e-01
1.286747201613533e-01
9.571320264373756e-02
1.227066210928925e-01
-1.697148242761535e-01
-1.366303534306314e-01
-1.641208971106295e-01
-1.970405800756787e-01
-3.046450113590324e-01
-2.726924104409609e-01
-2.994075766297101e-01
-2.940965685166930e-01
-3.257001746690882e-01
-3.310160921867518e-01
1.193734318128723e-01
9.159657713619505e-02
1.247854930679822e-01
9.702562054439885e-02
-3.244519283516261e-01
-3.574868619601979e-01
-3.898532033421756e-01
-3.733713499125773e-01
-3.770517302885892e-01
-3.408061808574077e-01
-3.463155687052383e-01
2.206998827408492e-01
1.878443832687327e-01
1.942720501848401e-01
2.002908001994705e-01
2.268140159843303e-01
2.328500557243293e-01
1.179765367329509e-01
1.229827691373782e-01
1.278783096759109e-01
1.007608694481211e-01
9.547849738017267e-02
9.039079321648712e-02
3.537475517591740e-02
6.847468398341310e-02
2.973464951435214e-02
6.271929159691289e-02
2.412210020106231e-02
-3.193736904582657e-03
-2.565711658314760e-01
-2.509448599992928e-01
-2.831263767359971e-01
-2.241311074674757e-01
-1.977901307438785e-02
-1.426896895191382e-02
1.344066755182542e-02
4.103597282084596e-02
8.056899590708586e-02
5.825826615106499e-02
2.481945875591773e-02
8.610826128617073e-02
5.271290252958327e-02
-2.133384400484500e-01
-1.806440158538453e-01
-2.080139058509402e-01
-2.457224987561630e-01
-2.405115424878048e-01
-2.507935853612404e-01
-2.777465457053636e-01
2.120947945076213e-01
2.387940991438550e-01
2.971842516249676e-01
2.651776869692748e-01
2.710861454976724e-01
-1.511459849317402e-01
-1.786246244623278e-01
-1.833630171918575e-01
-1.612891441142204e-01
-1.558995599670991e-01
-1.235765711960913e-01
2.768804285351229e-01
2.446370522688014e-01
3.030413342370965e-01
2.503670529438858e-01
7.423128698858150e-02
1.015661485019035e-01
1.073977603219248e-01
1.132028329986501e-01
7.998019484255547e-02
2.668235900569121e-01
2.987212198773598e-01
3.037658984118278e-01
2.720363932864827e-01
2.934822188524288e-01
3.250970818035713e-01
3.302036642712519e-01
1.675144220128355e-01
1.404866556304380e-01
1.734483065030562e-01
2.062342834236193e-01
1.793096618506499e-01
-7.483331263374390e-02
-1.021521119488573e-01
-1.079893092232259e-01
-1.351730686291696e-01
-8.058640648080764e-02
-3.463032951123997e-01
-3.204070907644108e-01
-3.149334322062278e-01
-3.716983790854494e-01
-3.762573245280560e-01
-3.506250144256899e-01
-2.886756661836676e-01
-3.551284914386971e-01
-3.281585611890941e-01
-3.657091935334597e-01
-3.968377268409304e-01
-3.899243424272332e-01
4.275651474656145e-01
3.916223334564599e-01
4.004014443827864e-01
3.685518671842209e-01
3.882772976287015e-01
4.323494576239854e-01
4.200652254969565e-01
-3.618475908790219e-01
-3.849282780753597e-01
-3.559411065026367e-01
-3.798857304259325e-01
-1.007172785798210e-01
-1.324240760059512e-01
-1.280635282615494e-01
-6.868185312911836e-02
-9.614732230932994e-02
4.303032326211669e-01
4.013693132437731e-01
4.241441199240295e-01
4.042162397391064e-01
4.623037841376648e-01
-2.772265336786416e-01
-3.099123859441216e-01
-2.501626859534291e-01
-2.531065298931888e-01
-2.873708286127412e-01
-3.221311868806108e-01
3.241049349816276e-02
5.170824877938026e-02
-5.171778365042916e-02
-3.258632143207997e-02
-2.128578287114564e-04
-1.727924403423732e-02
1.727208089548393e-02
-8.582726069862920e-02
-6.548943271062424e-02
-9.777170814419188e-02
-1.078927719961979e-01
-8.432606626183477e-02
-7.588453831672386e-02
-4.776145373630088e-02
-4.323599022795210e-01
-4.057413410633005e-01
-4.024637397082282e-01
-4.275674572286073e-01
-4.601047370387216e-01
1.719629288855286e-01
1.413015599060165e-01
1.682722058460244e-01
1.359138305250062e-01
1.446502295745491e-01
-1.193959523880214e-01
-1.456055422192152e-01
-1.751554237819128e-01
-1.373938853755137e-01
-1.098036556168179e-01
-1.676711402525712e-01
-1.678987736025386e-02
-4.130302050878749e-02
1.905045618265246e-02
-8.655187041345500e-03
-3.601555239971144e-02
-3.213668194840598e-01
-3.545438391306087e-01
-3.334630892079720e-01
-3.008878142536769e-01
-3.102777733345415e-01
-3.685050154181176e-01
-4.200701719273380e-01
-4.833891127290190e-01
-4.544674336698227e-01
-4.440890588213126e-01
-4.717066498610676e-01
3.642494927822315e-01
3.819164151034993e-01
3.798710695245861e-01
4.003584137422166e-01
4.191547030651376e-01
3.961717797307864e-01
4.394686238958586e-01
-4.110662845641846e-01
-4.087943654391162e-01
-4.337199178117083e-01
-4.344169060408322e-01
-4.648174386464007e-01
-2.080571517565390e-01
-2.200324412432675e-01
-2.413492282850279e-01
-2.644109646300652e-01
-2.142373420095319e-01
-2.361569970128270e-01
4.732635234755138e-01
4.451283478424672e-01
4.957731842219866e-01
4.652431794902788e-01
5.218746147118578e-01
5.261007880129264e-01
5.843387427941700e-01
5.548606826954298e-01
4.087120697593866e-01
3.839012157133055e-01
3.550747848144199e-01
3.600530795080705e-01
4.077407902052961e-01
4.702360999346173e-02
4.115630497804883e-02
-1.944566423436575e-02
1.831711318422858e-02
1.090893867037375e-01
7.478303737247910e-02
9.676979848827323e-02
6.471972853845909e-02
8.581856287960891e-02
7.379721318617537e-02
-2.695256389451552e-01
-2.704524033501518e-01
-2.944887640714270e-01
-2.958771546342087e-01
-2.773568950776068e-01
3.798115691262244e-01
3.395791175278474e-01
3.659558888694329e-01
3.514023043293844e-01
3.452753196406986e-01
1.808580684952848e-01
2.145764386758713e-01
2.118095732042632e-01
1.840572696764994e-01
2.147471328862339e-01
1.987825754846206e-02
-1.640137711487051e-06
3.691003886206927e-02
5.950909590095154e-02
-3.691348936273298e-02
-1.279754066389905e-01
-1.563983035111134e-01
-1.627482846993140e-01
-1.358940342919667e-01
-1.026902915899139e-01
-5.950909590095318e-02
-7.374363066332125e-02
-9.876369858897727e-02
-1.270620943445136e-01
-4.779257307028802e-01
-4.392824679316008e-01
-4.251069839038172e-01
-4.647417038486932e-01
-4.038629071045636e-01
-4.296608402898300e-01
-4.083706019075670e-01
-4.486194303096058e-01
-3.903486709648660e-01
-4.079857960995802e-01
-4.513339049896810e-01
-3.837313343469536e-01
-3.453388866072116e-01
-3.570507995483744e-01
-3.987024502098636e-01
-4.260829817464342e-01
2.768226665387103e-01
3.128540378302790e-01
2.440868014882780e-01
3.057706063823826e-01
2.465084988092751e-01
3.428528975432058e-01
4.951647332362510e-01
4.578695098630169e-01
4.880881572095256e-01
4.502693591590791e-01
4.991107183909666e-01
4.779257307028806e-01
4.386735656310312e-01
-1.972782960988314e-01
-2.296018795071567e-01
-1.995631859356774e-01
-2.300043281473566e-01
4.394875954112162e-01
4.178382502861899e-01
4.570419056770168e-01
4.625184393571948e-01
4.828564374874154e-01
2.471245943083606e-01
2.808772141603844e-01
2.842818326361954e-01
3.199516609085806e-01
2.474069404378940e-01
-4.394875954112176e-01
-4.191547030651390e-01
-3.961717797307880e-01
-4.570419056770180e-01
-4.617791195655714e-01
-4.385972456421292e-01
-4.951647332362508e-01
-4.991107183909664e-01
-4.880881572095252e-01
-5.293947936482432e-01
-5.358019957576778e-01
-5.743910905540506e-01
4.329840772885582e-01
4.717066498610668e-01
3.971718251747444e-01
4.099137261548645e-01
4.452114626614087e-01
1.629908182560544e-01
1.965780957783088e-01
1.936355873253208e-01
-2.134396216709701e-01
-2.147496694558716e-01
-2.440721836129881e-01
-2.452247076021398e-01
-2.118095732042650e-01
-1.798224605770663e-01
9.186813473888397e-02
1.026926269764720e-01
1.273154202048642e-01
1.181722192664526e-01
1.563983035111138e-01
2.607551820340031e-01
2.296003203263003e-01
2.024008817367715e-01
1.995685026529171e-01
2.304194983772745e-01
2.581802139104384e-01
-1.876329508516958e-02
1.842835171388472e-02
5.509688012850893e-02
0.000000000000000e+00
3.972508348585724e-02
7.919901220360757e-02
2.040606054182086e-02
6.345971485100813e-02
-2.979419821896609e-01
-3.054960048716358e-01
-2.718699734816699e-01
-2.759467386591537e-01
4.344208856697695e-01
4.654664332073346e-01
4.059277214443180e-01
4.337358471926928e-01
3.526019011878819e-01
3.898609039439734e-01
3.735279524244831e-01
4.038626841807221e-01
4.256453104705718e-01
4.647417038486938e-01
4.486194303096064e-01
1.193897370180336e-01
1.101420110672183e-01
1.280622617609390e-01
1.522000412698799e-01
1.460096554488929e-01
1.373938853755119e-01
-3.193261243062802e-01
-2.851273438740383e-01
-2.581674946676125e-01
-2.539863202186621e-01
-2.337220171030325e-01
-2.910780144150808e-01
3.102785999865950e-01
3.334576631046216e-01
3.046285061495271e-01
2.808409477191073e-01
3.444400739405742e-01
3.689535451238272e-01
3.441866872476150e-01
3.733735240736724e-01
3.545484391526501e-01
4.085239894257359e-01
3.899286869577393e-01
4.296608402898308e-01
4.079857960995808e-01
-9.205949432636958e-02
-5.550690455296169e-02
-6.881844240096793e-02
-5.018793288864747e-02
-4.413386423990280e-02
-7.919901220360744e-02
-4.128763327300092e-01
-4.595592644877158e-01
-4.862194555555626e-01
-5.120317400736164e-01
-4.800545480294942e-01
-5.387936204338730e-01
-5.700503961685900e-01
2.652933319990274e-01
2.277038113545364e-01
2.663924277493276e-01
2.642097892263100e-01
2.296990847951423e-01
2.296486446114892e-01
3.064833555025198e-01
3.023092718123960e-01
1.686134432110451e-01
1.593769070355913e-01
2.031802915870150e-01
2.088620081639048e-01
1.751554237819113e-01
-3.197802276086190e-01
-2.836782206599484e-01
-3.128540378302806e-01
-2.808772141603862e-01
-2.471245943083624e-01
-2.463292978404476e-01
-4.984065747362024e-01
-4.726037135905268e-01
-5.203985391591422e-01
-5.503281804144494e-01
-5.737721690452366e-01
-6.101224252210637e-01
-5.607313707656624e-01
-5.134492587152472e-01
-5.323081189096502e-01
-5.707379034274846e-01
-5.254385330893790e-01
-4.920154339892104e-01
-1.145658903632166e-01
-8.460104445120405e-02
-6.903055124510928e-02
-9.883514088464609e-02
-8.093237042529844e-02
-1.343186300810114e-01
5.743910905540512e-01
5.285862292592778e-01
5.661822623630496e-01
5.543938476153416e-01
5.069713737869770e-01
5.203579334895087e-01
5.789684333335212e-01
5.355465499826882e-01
5.798853512666380e-01
5.370580951220618e-01
6.258196699709808e-01
6.234969450183296e-01
6.787905770117146e-01
-2.079628156074716e-01
-2.456991049169500e-01
-2.866645293977028e-01
-2.881674567638898e-01
-3.360894482593744e-01
-2.880610195578024e-01
-5.771360473030082e-01
-6.109682807130454e-01
-6.574091933114660e-01
-6.251790115330262e-01
-6.216340825928570e-01
-6.766422623552510e-01
-6.691409902253266e-01
2.246172812973722e-01
1.866355951446810e-01
1.814220320728920e-01
9.187085415618484e-02
1.062047639290893e-01
1.474470087481976e-01
1.370797743490851e-01
-4.921840481308190e-01
-5.391003764644836e-01
-5.076405254124622e-01
-5.206042194919168e-01
-5.543938476153404e-01
4.862194555555594e-01
5.098056106770106e-01
5.393759018947958e-01
5.977031297592542e-01
5.103972999295165e-01
5.700503961685868e-01
4.141789274761154e-01
3.988192685987880e-01
3.837313343469544e-01
3.570507995483752e-01
4.258570580764404e-01
8.159934079628638e-04
-1.987825754846349e-02
-2.305877875622074e-02
-4.204085730547678e-02
-4.999011648850328e-01
-5.374239938347630e-01
-5.377822053830352e-01
-4.975310752612138e-01
-4.647800200987682e-01
4.131881011787624e-01
3.845661185036748e-01
3.529686285154576e-01
3.706841308493082e-01
9.876369858897562e-02
8.587688073306116e-02
1.277121433223364e-01
1.964484474448915e-01
2.382113763433980e-01
-3.281128746351874e-01
-2.971005144858548e-01
-3.025668003265938e-01
-2.642097892263094e-01
-2.616571864334415e-01
-3.370257340896012e-01
4.378587256410190e-02
6.903055124510098e-02
2.305877875621290e-02
-4.946310032566178e-02
1.665141659066020e-04
-2.703443026591276e-02
5.046218532111570e-02
2.703443026590628e-02
-5.002770902817090e-01
-5.471797138388392e-01
-5.998682543918248e-01
-5.813999239108836e-01
-6.415210438110523e-01
-2.659448118516874e-01
-2.281029836437786e-01
-2.296486446114886e-01
-1.936355873253204e-01
-1.883791490274775e-01
-2.663924277493268e-01
-2.246172812973712e-01
-3.525436406919204e-01
-3.428528975432074e-01
-3.318186313060194e-01
-3.706841308493100e-01
-3.822519838849108e-01
4.999011648850328e-01
4.975310752612136e-01
4.611155264753477e-01
4.637741014179267e-01
5.373159893231210e-01
2.971005144858556e-01
3.361320428570714e-01
3.281128746351882e-01
2.906108775759023e-01
3.192193650824979e-01
3.669691443023754e-01
2.478248121643172e-01
2.553705841173303e-01
2.306360286191634e-01
2.851332517071283e-01
-6.461795626493742e-02
-2.200473470491546e-02
-3.972508348585700e-02
-1.064856864353636e-01
-4.608109684359462e-02
4.504812082420590e-01
4.724915093874130e-01
4.984065747362038e-01
-2.421190315778940e-01
-1.957814784177026e-01
-2.382113763434038e-01
-1.593769070355986e-01
-2.031802915870220e-01
-1.482889551488126e-01
-1.868556841107004e-01
4.815918218841200e-01
5.387936204338692e-01
4.466767367133662e-01
5.041304179550590e-01
4.662799406587594e-01
4.595592644877116e-01
3.977093611501178e-01
4.299935917851968e-01
3.716778913652142e-01
3.819930112581222e-01
3.629106838831226e-01
3.258175684260448e-01
4.117893508699598e-01
4.254814914491790e-01
2.189790595741426e-01
1.723585978507988e-01
2.127016927751146e-01
1.232548101311830e-01
1.607142182023755e-01
1.077106565969063e-01
9.959307120617804e-02
8.093237042529200e-02
1.145658903632090e-01
1.482487998013457e-01
1.868556841106944e-01
1.343186300810048e-01
-3.527663159993462e-01
-3.593253133477804e-01
-3.446365968035912e-01
-3.064833555025186e-01
-3.919099147032260e-01
-4.040566997007620e-01
-3.303716068736158e-01
-3.819930112581270e-01
-4.104379171571938e-01
-4.254814914491832e-01
-3.629106838831276e-01
-3.258175684260504e-01
-3.728353798412162e-01
4.289149153034558e-01
4.462335095038558e-01
4.855890873857902e-01
3.806109345768184e-01
3.446365968035926e-01
3.926121142136478e-01
4.040566997007636e-01
2.877795523150446e-01
3.360894482593692e-01
2.880610195577966e-01
2.456991049169434e-01
2.866645293976966e-01
3.316703335035818e-01
2.432299653608482e-01
5.910845200227826e-01
6.499789937559176e-01
6.047281555164667e-01
6.176703974096922e-01
6.637998938049549e-01
6.734240372013016e-01
5.999325689733174e-01
6.118642805901136e-01
6.574091933114650e-01
5.471797138388376e-01
5.607313707656612e-01
6.691409902253258e-01
6.415210438110510e-01
-1.727841272808737e-01
-1.607142182023749e-01
-1.479743023719158e-01
-1.814220320728915e-01
-1.370797743490844e-01
-1.181722192664521e-01
-2.519166818522504e-02
-5.402611354076552e-02
-1.242336462804010e-01
-1.077106565969061e-01
-9.187085415618462e-02
-7.524224709698218e-02
3.228365974120455e-01
3.279766563940726e-01
3.337558211821955e-01
3.465313997721695e-01
3.552138934622460e-01
3.101477590364554e-01
2.651432715540770e-01
3.123221566716252e-01
3.593253133477816e-01
3.512200293934008e-01
2.633443987624362e-01
5.837430747013562e-01
5.301686105853394e-01
5.004499192610365e-01
5.620795192788486e-01
6.215769917207428e-01
0.000000000000000e+00
2.419944836999216e-02
4.608109684359442e-02
0.000000000000000e+00
5.402611354076584e-02
7.452382993977108e-02
-2.200536575804872e-01
-2.654524132942372e-01
-3.101860159381986e-01
-3.123221566716244e-01
-2.127016927751142e-01
-2.633443987624352e-01
-6.178904072800642e-01
-5.661822623630490e-01
-6.062333937540541e-01
-5.906347757780588e-01
-6.499789937559168e-01
-6.637998938049542e-01
-6.320487172342226e-01
-5.375131557664627e-01
-5.630279037366170e-01
-5.098056106770134e-01
-5.301686105853416e-01
-4.821164030127410e-01
-5.977031297592564e-01
-6.215769917207448e-01
-4.732635234755124e-01
-5.261359108118528e-01
-4.956177607553554e-01
-4.451283478424658e-01
-5.843387427941686e-01
-5.548606826954288e-01
-5.218746147118564e-01
5.499620201542545e-01
5.737860997093256e-01
5.203985391591434e-01
4.920538221593864e-01
5.391003764644848e-01
6.101224252210647e-01
6.320487172342236e-01
3.168821632524458e-01
2.860516833371965e-01
2.813855972590933e-01
3.183936500266307e-01
2.912783294126713e-01
2.591218655387144e-01
2.529810211545788e-01
3.658493905131671e-01
3.983144562909476e-01
3.844596781018298e-01
4.153180459584658e-01
4.538803215740668e-01
4.920154339892102e-01
4.833891127290182e-01
5.707379034274837e-01
5.242846793239720e-01
5.323842021007720e-01
5.146235742965986e-01
-4.141789274761138e-01
-4.296309167979606e-01
-3.806109345768170e-01
-3.692802867559930e-01
-4.462335095038546e-01
-4.653366091615902e-01
-4.855890873857890e-01
-3.977093611501226e-01
-4.481009627893064e-01
-4.299935917852014e-01
-4.662799406587638e-01
-5.041304179550627e-01
6.262310749190986e-01
5.771360473030078e-01
6.798655842436446e-01
6.766422623552506e-01
6.219587598033800e-01
-6.276667872319202e-01
-5.798853512666380e-01
-6.233117660029770e-01
-5.789684333335210e-01
-6.787905770117144e-01
-6.734240372013010e-01
-6.798655842436448e-01

Z  1  1102  double
1.006407767825350e-01
1.022563717965870e-01
1.097264688023433e-01
1.174605995268496e-01
1.106636484053095e-01
4.845225582013676e-02
6.512438016909219e-02
5.520969651310043e-02
6.769907124540656e-02
5.783668791778518e-02
5.216269922293128e-02
4.657844363616116e-02
3.379732415127264e-02
3.379096931493391e-02
1.773421677864522e-02
1.811889305913018e-02
4.969743264540696e-02
6.575307403280918e-02
6.124396840402680e-02
4.714795736136419e-02
5.655498570742076e-02
7.381443641598388e-02
3.380483055887703e-02
4.951511366072679e-02
4.914378445683344e-02
6.523979637106941e-02
6.404976050480850e-02
6.209888546499838e-02
7.696828834835190e-02
7.511649033838796e-02
5.926073890998210e-02
4.721952482936560e-02
4.775856996511711e-02
4.611401802041157e-02
3.379486807188453e-02
3.380079828074575e-02
4.746677725113759e-02
5.935595621074193e-02
5.588232264148971e-02
4.607642073054123e-02
4.362971738181987e-02
3.379005256122496e-02
4.742994888086980e-02
6.271151582733493e-02
5.504496986676649e-02
4.580601032029291e-02
4.776527208755559e-02
3.380356979402841e-02
4.327522442817877e-02
7.072076915301571e-02
8.232138691553413e-02
7.980512160383255e-02
7.188654803554903e-02
9.129463920651178e-02
8.818125015961056e-02
7.605123357051734e-02
9.850588375827411e-02
1.036336038642130e-01
9.318012316677890e-02
1.024910700357500e-01
9.731155251280922e-02
8.686734935552355e-02
8.815920250087775e-02
9.534651846107715e-02
1.064222557673849e-01
1.051303680060844e-01
1.098479802838088e-01
1.176159461560210e-01
1.158563628328679e-01
1.074142994940177e-01
1.351923455694351e-01
1.378252690400932e-01
1.362177137141511e-01
1.329113387023917e-01
1.361273707212420e-01
1.332639647524543e-01
8.588380421663133e-02
9.705449542277293e-02
8.082960459457317e-02
7.345593481018520e-02
7.778755473997570e-02
7.444929060203617e-02
9.266205738400406e-02
8.692865845995065e-02
1.083135162420744e-01
1.164584459201212e-01
1.277965130126489e-01
1.325661952781885e-01
1.134573511079774e-01
1.049588331326785e-01
1.113770686740978e-01
9.792949281300606e-02
9.719845042155625e-02
1.063651841770566e-01
7.203947921440723e-02
8.252717888529447e-02
7.163861076039435e-02
8.285438379538035e-02
9.299648372741075e-02
9.267412493788804e-02
6.049838483189270e-02
9.810388664440310e-02
1.079488731962336e-01
1.022044295508607e-01
1.123465839914767e-01
1.031738272522696e-01
1.371275562023616e-01
1.387926651131333e-01
1.371850768932429e-01
1.348465913265059e-01
1.358974754958349e-01
1.381777687165555e-01
1.341162728016312e-01
1.357248816490797e-01
9.197694246866833e-02
8.084788245279145e-02
8.960576158351886e-02
1.001016888434126e-01
1.018028073216324e-01
6.863195377244953e-02
1.338459715827435e-01
1.355446351318788e-01
1.379726967455556e-01
1.317695837638122e-01
1.327958056837503e-01
1.282569612357821e-01
1.330830744813253e-01
1.328208287001124e-01
1.312123694873563e-01
1.291018841332682e-01
1.281662785064005e-01
1.286169271652728e-01
1.320400846226311e-01
1.329762296845781e-01
1.297572552492062e-01
1.240487368631487e-01
1.229082403011387e-01
1.270067030908328e-01
1.272949417602078e-01
1.289625226593241e-01
1.292831261158514e-01
1.243062274072852e-01
1.239532904549265e-01
1.233117564876830e-01
1.179794003666385e-01
1.268577099221827e-01
1.311610122881177e-01
1.261266575853306e-01
8.364984438638519e-02
9.882344976648864e-02
8.800194625740757e-02
9.513648804438994e-02
9.010675318840664e-02
9.616820698228259e-02
9.286128337321004e-02
1.032167450093425e-01
9.923219609874996e-02
9.812282440698517e-02
1.058516013810065e-01
9.101057434495029e-02
7.605772311034248e-02
8.186757366465029e-02
6.980276937039825e-02
7.953843866125936e-02
1.120070709669838e-01
1.029247310971449e-01
1.197421147233353e-01
1.169897266696752e-01
1.085811490840637e-01
8.108832311885709e-02
7.536129559901962e-02
8.774478020033441e-02
6.772427977422406e-02
8.076087547831680e-02
1.148178598357985e-01
1.140860433329555e-01
1.070815982355969e-01
1.071402799850257e-01
1.211471050865309e-01
9.800026709466432e-02
9.873231057746770e-02
1.056763036996317e-01
7.182304571668641e-02
8.423335342677959e-02
8.026217461514482e-02
6.771645676880073e-02
5.888666246156764e-02
9.203708524947153e-02
8.738832216606288e-02
1.142023884572621e-01
1.122391974486119e-01
1.172787523004681e-01
1.089282305096010e-01
1.199157409857680e-01
1.212050270500659e-01
1.141889549914136e-01
1.135719229232857e-01
1.206646905785506e-01
1.206073303159999e-01
6.031107379692340e-02
6.880792260960661e-02
7.120515671785914e-02
5.885471268736513e-02
7.290801378597095e-02
9.522664171777680e-02
9.900605970215486e-02
1.053877484090529e-01
1.084943110519539e-01
1.009339699400180e-01
8.143106070471999e-02
7.505159974852969e-02
6.835025933217444e-02
7.417072637001025e-02
5.692158395314028e-02
3.381635052323637e-02
3.381267636260929e-02
4.679837563905091e-02
1.796087051166477e-02
1.766483074030731e-02
3.379735770010252e-02
4.959323947405699e-02
3.379264375657832e-02
1.825301510287906e-02
1.786479294537645e-02
1.765964965190025e-02
7.796311459457829e-02
7.096274730654449e-02
8.373956250611990e-02
4.796993054704394e-02
6.272784063518666e-02
5.740309869709807e-02
6.501967946497060e-02
6.436833679698173e-02
6.165603570214763e-02
5.068528114421162e-02
4.841590733138337e-02
4.695066169040493e-02
5.847723524081114e-02
4.808363123909406e-02
3.379725655665403e-02
3.379619973496555e-02
4.497534083653932e-02
3.379223226452777e-02
1.242796803470593e-01
1.262421678452180e-01
1.299302095750285e-01
1.322704392189681e-01
1.342314341147975e-01
1.312186662644480e-01
1.201715630859804e-01
1.235979645596838e-01
1.256764040040914e-01
1.293967716519467e-01
1.308006848914613e-01
1.192019240726323e-01
1.164483308351443e-01
4.754235568217120e-02
3.379040336556317e-02
5.348535784534696e-02
3.379436330789555e-02
4.292240561816470e-02
3.380789523508167e-02
3.379343052777805e-02
4.476745316982269e-02
3.379867036739406e-02
1.795526588045111e-02
1.768251386198645e-02
1.768773404803493e-02
1.387025477944299e-01
1.390551510311829e-01
1.391126013454303e-01
1.380875658911319e-01
7.872651007648403e-02
8.900207619570581e-02
7.792674844794611e-02
6.730529724047031e-02
6.981755043148928e-02
8.222531360913320e-02
7.231445957232198e-02
7.333361733007114e-02
8.390948091345116e-02
6.088978224455274e-02
1.068972788711785e-01
1.092731350117105e-01
1.153965512917494e-01
1.170984274305151e-01
9.250380185177086e-02
9.592343948475131e-02
8.484365277773735e-02
8.758647033141935e-02
7.246867209240514e-02
7.586169088909854e-02
1.237717687846597e-01
1.180276961888644e-01
1.109340959746704e-01
1.148071882283840e-01
1.090615389353906e-01
1.170914906994286e-01
1.221620484754534e-01
1.106719865922257e-01
1.225466236241202e-01
1.235740470125872e-01
1.283460487439227e-01
1.266457325113176e-01
1.232540570519797e-01
1.286994748903756e-01
6.325770277024226e-02
7.694566136881791e-02
8.810049596140269e-02
8.669491553507983e-02
7.727397166248151e-02
7.489254739984552e-02
1.380627996058036e-01
1.359877185171727e-01
1.376528828539887e-01
1.358975610706989e-01
1.349049303196198e-01
1.240340193558108e-01
1.229489035690400e-01
1.269329233772948e-01
1.286908144061603e-01
1.319993036615156e-01
1.277061259611864e-01
1.308097730906942e-01
1.324759316246051e-01
1.253655538333244e-01
1.216769482946347e-01
1.215865152629138e-01
1.238276229093774e-01
1.167354199952237e-01
1.193740650865377e-01
1.205162859157730e-01
1.127486140336327e-01
1.116064965594675e-01
1.082933640222972e-01
1.042699397235195e-01
9.826606332068014e-02
1.079604526554437e-01
8.820439177647690e-02
9.390618827969480e-02
1.029051652769976e-01
9.353700682385734e-02
9.379774115544216e-02
1.024930013556555e-01
8.377503365401333e-02
8.284284573992159e-02
7.245794411872623e-02
1.192044008742856e-01
1.148981676648895e-01
1.258835417688142e-01
1.222528676624004e-01
1.142066962242054e-01
1.185708903957493e-01
1.104258598614326e-01
1.166394095918053e-01
1.052975369724399e-01
1.141162234743059e-01
6.077951514469584e-02
7.284453344230456e-02
8.338176564989497e-02
7.195467393751166e-02
6.126238855563182e-02
5.956291652034185e-02
9.221362186030316e-02
8.320274159083318e-02
1.022411097050595e-01
9.389692524254542e-02
9.425328791515909e-02
8.423645898437486e-02
1.238453269671218e-01
1.288801319065799e-01
1.234349498411476e-01
1.177239593964140e-01
8.652490550407795e-02
9.768156959335150e-02
9.020646611919572e-02
9.250627873265704e-02
8.144026181778548e-02
7.842080461271328e-02
1.295690111374699e-01
1.308580836965745e-01
1.257911904127175e-01
1.264073993708474e-01
5.828199957993833e-02
4.774194469892944e-02
3.380628169836183e-02
3.380171744737534e-02
4.473277752583257e-02
5.765280230968431e-02
4.492121308178522e-02
7.714068974641361e-02
8.092892114654542e-02
8.915900851520318e-02
9.614887167727613e-02
8.477780240903812e-02
9.108599127533422e-02
9.511839919663902e-02
8.394859760964841e-02
7.148086111017893e-02
6.738237271667269e-02
7.986114930617677e-02
9.169322027829306e-02
1.012801813347172e-01
1.029477209248810e-01
9.091890326815705e-02
9.325615075499753e-02
7.924690778544850e-02
8.724237532508657e-02
1.025194420298430e-01
1.014351500242105e-01
9.303526883146675e-02
1.102529746571104e-01
1.132935802549055e-01
1.209695043618261e-01
1.163106680944025e-01
1.103029959192815e-01
1.357169176211919e-01
1.345762481521132e-01
1.369473554951981e-01
1.339607944902159e-01
1.370047685830830e-01
1.128894368100786e-01
1.206232870314807e-01
1.158492448275224e-01
1.038082108722223e-01
1.074413706377965e-01
9.882785431103554e-02
9.338842446719460e-02
1.061034664607074e-01
9.605626951121621e-02
7.694432524716795e-02
8.468008138080786e-02
8.897343326027929e-02
8.778247760577700e-02
8.906711872051518e-02
7.807642593939666e-02
6.301306001566941e-02
7.616471641514418e-02
8.518357926740029e-02
9.192814315441276e-02
9.968523610371356e-02
8.056379252347749e-02
1.019692126437914e-01
1.112976055788864e-01
1.032682180677883e-01
1.109443430689044e-01
1.172731957331795e-01
1.183001859668296e-01
1.007334546445894e-01
9.028306442724392e-02
8.652416525192627e-02
9.762791917561486e-02
9.271212277912877e-02
8.160683687791970e-02
7.851725823794363e-02
9.986997900216950e-02
1.092433825509393e-01
1.061947571718342e-01
1.017983807154339e-01
1.111748196777094e-01
1.103012345564998e-01
1.021576912919211e-01
1.099814371288502e-01
1.011641030042218e-01
1.174524119471394e-01
7.229601562535344e-02
8.304260351212471e-02
8.331126537212175e-02
6.036393877409075e-02
6.045821740760090e-02
7.178098122007026e-02
9.344596002847795e-02
5.923614673522535e-02
6.746958768628214e-02
5.951354805934774e-02
4.729479694741733e-02
4.654259102241055e-02
3.382779329727249e-02
5.134785431495036e-02
4.486288650457081e-02
5.911307284931628e-02
4.754669475304947e-02
3.379659909645583e-02
3.379622470291561e-02
6.550072043586888e-02
5.670533932402152e-02
6.945768790164714e-02
5.956964948352101e-02
6.845493390224504e-02
6.017078555731101e-02
7.311549209194153e-02
7.586474037341738e-02
8.116879426088508e-02
3.380167940883357e-02
4.674255582018116e-02
3.378624637298363e-02
4.757663905556091e-02
1.825419473922000e-02
5.962747616820421e-02
4.957504229089073e-02
6.186177700556775e-02
7.127138551507160e-02
4.827374671103504e-02
3.380902388223005e-02
4.667634009182205e-02
3.379885000599746e-02
3.379912126926671e-02
4.757302203396107e-02
4.785605944116824e-02
3.380168148815251e-02
3.380083887032699e-02
3.379896246348909e-02
4.698133294766474e-02
4.703683064304909e-02
6.007831675534690e-02
7.104630121081035e-02
5.900063159449543e-02
5.712230083479252e-02
3.380286227051083e-02
4.751127507783860e-02
4.748128146364081e-02
3.380373172127944e-02
1.825405392321268e-02
4.776910010773856e-02
4.758134179598628e-02
3.380586349059319e-02
3.380360274114285e-02
6.101413683269900e-02
3.380170646243821e-02
1.772827664045554e-02
0.000000000000000e+00
0.000000000000000e+00
1.825197201893575e-02
0.000000000000000e+00
5.992604696849793e-02
6.924843210616129e-02
6.554970804531308e-02
7.491863810525770e-02
8.221993676100557e-02
4.891784842162667e-02
3.380338227766631e-02
3.380955244221822e-02
4.687540686395652e-02
3.380326107028333e-02
1.809898307340235e-02
3.379940633067658e-02
0.000000000000000e+00
1.775756310248955e-02
1.825182614572303e-02
0.000000000000000e+00
3.380586711290168e-02
3.380002505833479e-02
1.796055293411810e-02
1.764544174342921e-02
0.000000000000000e+00
0.000000000000000e+00
0.000000000000000e+00
4.427438384605171e-02
4.625822200012340e-02
3.378966376722607e-02
3.379691542620202e-02
1.809052890084347e-02
5.666070636931919e-02
4.359166814069598e-02
4.588742931891227e-02
4.735471109665799e-02
6.755500751319697e-02
5.658654145311520e-02
0.000000000000000e+00
0.000000000000000e+00
0.000000000000000e+00
0.000000000000000e+00
0.000000000000000e+00
0.000000000000000e+00
0.000000000000000e+00
0.000000000000000e+00
4.482522567340410e-02
5.686917795205063e-02
6.969342348026193e-02
6.595433065112660e-02
4.652729638086274e-02
5.656584605147804e-02
6.818678670074790e-02
6.228668966197971e-02
5.952634757057571e-02
5.580686130572191e-02
6.017203996208222e-02
4.655701894778435e-02
4.641521283063101e-02
3.379739543439262e-02
1.773486545564045e-02
6.558809802255049e-02
5.758868592763770e-02
5.642253454722004e-02
6.306386177766550e-02
4.671971892781537e-02
4.641546788107630e-02
5.620060529095906e-02
4.675503815336724e-02
4.632939602370238e-02
6.060190099235517e-02
1.787076261330974e-02
1.779682851121485e-02
0.000000000000000e+00
3.381019769368315e-02
3.381218493262385e-02
0.000000000000000e+00
1.775684041275088e-02
1.825214677947721e-02
0.000000000000000e+00
1.825261654311557e-02
1.772631461634762e-02
0.000000000000000e+00
1.825375354579272e-02
3.379440748020151e-02
3.379891815775481e-02
0.000000000000000e+00
1.775553845472076e-02
0.000000000000000e+00
0.000000000000000e+00
0.000000000000000e+00
1.772002839975412e-02
1.800761664435012e-02
0.000000000000000e+00
3.381313224539684e-02
0.000000000000000e+00
1.825607063344069e-02
0.000000000000000e+00
1.772952876226525e-02
0.000000000000000e+00
0.000000000000000e+00
0.000000000000000e+00
1.766410114907276e-02
0.000000000000000e+00
0.000000000000000e+00
0.000000000000000e+00
1.795567326822488e-02
0.000000000000000e+00
3.380038130903677e-02
1.765420975756355e-02
1.770186442932173e-02
0.000000000000000e+00
0.000000000000000e+00
1.786436637700567e-02
0.000000000000000e+00
1.763813469029314e-02
0.000000000000000e+00
0.000000000000000e+00
1.795269518938945e-02
1.774148476522730e-02
3.380801297424232e-02
3.381817148493021e-02
1.812225836440822e-02
0.000000000000000e+00
1.786623638761068e-02
0.000000000000000e+00
0.000000000000000e+00
0.000000000000000e+00
0.000000000000000e+00
0.000000000000000e+00
0.000000000000000e+00
0.000000000000000e+00
0.000000000000000e+00
0.000000000000000e+00
0.000000000000000e+00
0.000000000000000e+00
0.000000000000000e+00
0.000000000000000e+00
0.000000000000000e+00
0.000000000000000e+00
0.000000000000000e+00
0.000000000000000e+00
0.000000000000000e+00
0.000000000000000e+00
0.000000000000000e+00
1.779132724389382e-02
0.000000000000000e+00
3.379824369779297e-02
3.379695885333447e-02
1.771658524993528e-02
1.765977957906517e-02
1.795785027785209e-02
0.000000000000000e+00
1.771269022386074e-02
3.378393390101347e-02
3.378062808041755e-02
1.780474461596380e-02
0.000000000000000e+00
1.809194715411170e-02
1.767467061453854e-02
3.379677553926679e-02
1.795617754899810e-02
0.000000000000000e+00
0.000000000000000e+00
1.781150919938882e-02
3.380020479637295e-02
4.718513906495924e-02
3.380328264116880e-02
4.688142684769076e-02
3.379843670021652e-02
1.811051719896237e-02
1.770531992209846e-02
1.808878399823077e-02
0.000000000000000e+00
0.000000000000000e+00
0.000000000000000e+00
0.000000000000000e+00
0.000000000000000e+00
3.380108651763641e-02
1.769361636982790e-02
3.378995869674740e-02
1.801901110718865e-02
3.380046904305248e-02
1.775791480790527e-02
4.765313415468096e-02
3.380441434225698e-02
4.904737461987432e-02
3.380696901171612e-02
4.642250374475462e-02
3.379703464902666e-02
1.767890526967696e-02
0.000000000000000e+00
0.000000000000000e+00
3.379914993512805e-02
1.811557028570938e-02
4.594131123119264e-02
3.380403700099889e-02
1.801197580660302e-02
0.000000000000000e+00
1.784010359768044e-02
3.379922758365278e-02
3.379672134630539e-02
4.579351463597381e-02
4.300745854736501e-02
1.809531154848631e-02
3.378960117178087e-02
3.379263605376326e-02
4.475985937882367e-02
4.718682142604249e-02
1.824927265978548e-02
1.771089980513656e-02
4.545828002173146e-02
3.379930960308106e-02
3.379743208804830e-02
1.809736830320794e-02
1.797628366762052e-02
0.000000000000000e+00
0.000000000000000e+00
1.809474478158468e-02
1.770535668368506e-02
3.380352073027446e-02
5.871623427850087e-02
4.730137336573109e-02
0.000000000000000e+00
0.000000000000000e+00
0.000000000000000e+00
0.000000000000000e+00
0.000000000000000e+00
0.000000000000000e+00
0.000000000000000e+00
0.000000000000000e+00
0.000000000000000e+00
0.000000000000000e+00
0.000000000000000e+00
0.000000000000000e+00
1.769809554231928e-02
0.000000000000000e+00
0.000000000000000e+00
0.000000000000000e+00
0.000000000000000e+00
0.000000000000000e+00
0.000000000000000e+00
0.000000000000000e+00
0.000000000000000e+00
0.000000000000000e+00
0.000000000000000e+00
0.000000000000000e+00
0.000000000000000e+00
0.000000000000000e+00
0.000000000000000e+00
0.000000000000000e+00
0.000000000000000e+00
0.000000000000000e+00
0.000000000000000e+00
0.000000000000000e+00
0.000000000000000e+00
0.000000000000000e+00
0.000000000000000e+00
0.000000000000000e+00
0.000000000000000e+00
0.000000000000000e+00
0.000000000000000e+00
0.000000000000000e+00
0.000000000000000e+00
0.000000000000000e+00
0.000000000000000e+00
0.000000000000000e+00
0.000000000000000e+00
0.000000000000000e+00
0.000000000000000e+00
0.000000000000000e+00
0.000000000000000e+00
0.000000000000000e+00
0.000000000000000e+00
0.000000000000000e+00
0.000000000000000e+00
0.000000000000000e+00
0.000000000000000e+00
0.000000000000000e+00
0.000000000000000e+00
0.000000000000000e+00
0.000000000000000e+00
0.000000000000000e+00
0.000000000000000e+00
0.000000000000000e+00
0.000000000000000e+00
0.000000000000000e+00
0.000000000000000e+00
0.000000000000000e+00
0.000000000000000e+00
0.000000000000000e+00
0.000000000000000e+00
0.000000000000000e+00
0.000000000000000e+00
0.000000000000000e+00
0.000000000000000e+00
0.000000000000000e+00
0.000000000000000e+00
0.000000000000000e+00
0.000000000000000e+00
0.000000000000000e+00
0.000000000000000e+00
0.000000000000000e+00
0.000000000000000e+00
0.000000000000000e+00
0.000000000000000e+00
0.000000000000000e+00
0.000000000000000e+00
0.000000000000000e+00
0.000000000000000e+00
0.000000000000000e+00
0.000000000000000e+00
0.000000000000000e+00
0.000000000000000e+00
0.000000000000000e+00
0.000000000000000e+00
0.000000000000000e+00
0.000000000000000e+00
0.000000000000000e+00
0.000000000000000e+00
0.000000000000000e+00
0.000000000000000e+00
0.000000000000000e+00
0.000000000000000e+00
0.000000000000000e+00
1.772792939217397e-02
0.000000000000000e+00
0.000000000000000e+00
0.000000000000000e+00
0.000000000000000e+00
0.000000000000000e+00
0.000000000000000e+00
0.000000000000000e+00
0.000000000000000e+00
0.000000000000000e+00
0.000000000000000e+00
0.000000000000000e+00
0.000000000000000e+00
0.000000000000000e+00
1.770785328725608e-02
0.000000000000000e+00
0.000000000000000e+00
0.000000000000000e+00
0.000000000000000e+00
0.000000000000000e+00
0.000000000000000e+00
0.000000000000000e+00
0.000000000000000e+00
0.000000000000000e+00
0.000000000000000e+00
0.000000000000000e+00
0.000000000000000e+00
0.000000000000000e+00
0.000000000000000e+00
0.000000000000000e+00
0.000000000000000e+00
0.000000000000000e+00
0.000000000000000e+00
0.000000000000000e+00
0.000000000000000e+00
0.000000000000000e+00
0.000000000000000e+00
0.000000000000000e+00
1.809848058241020e-02
0.000000000000000e+00
0.000000000000000e+00
0.000000000000000e+00
0.000000000000000e+00
1.773258895794110e-02
1.825252953310703e-02
0.000000000000000e+00
0.000000000000000e+00
0.000000000000000e+00
0.000000000000000e+00
1.802584841744207e-02
1.772135432864350e-02
0.000000000000000e+00
6.177705431927553e-02
4.733985451762624e-02
5.738359540378903e-02
3.379599064831967e-02
0.000000000000000e+00
0.000000000000000e+00
0.000000000000000e+00
0.000000000000000e+00
0.000000000000000e+00
0.000000000000000e+00
0.000000000000000e+00
0.000000000000000e+00
0.000000000000000e+00
0.000000000000000e+00
0.000000000000000e+00
0.000000000000000e+00
0.000000000000000e+00
0.000000000000000e+00
0.000000000000000e+00
0.000000000000000e+00
0.000000000000000e+00
0.000000000000000e+00
0.000000000000000e+00
0.000000000000000e+00
0.000000000000000e+00
0.000000000000000e+00
0.000000000000000e+00
0.000000000000000e+00
0.000000000000000e+00
0.000000000000000e+00
0.000000000000000e+00
0.000000000000000e+00
0.000000000000000e+00
0.000000000000000e+00
0.000000000000000e+00
0.000000000000000e+00
0.000000000000000e+00
0.000000000000000e+00
0.000000000000000e+00
0.000000000000000e+00
0.000000000000000e+00
0.000000000000000e+00
0.000000000000000e+00
0.000000000000000e+00
0.000000000000000e+00
0.000000000000000e+00
0.000000000000000e+00
0.000000000000000e+00
0.000000000000000e+00
0.000000000000000e+00
0.000000000000000e+00
0.000000000000000e+00
0.000000000000000e+00
0.000000000000000e+00
0.000000000000000e+00
0.000000000000000e+00
0.000000000000000e+00
0.000000000000000e+00
0.000000000000000e+00
0.000000000000000e+00
0.000000000000000e+00
0.000000000000000e+00
0.000000000000000e+00
0.000000000000000e+00
0.000000000000000e+00
0.000000000000000e+00
0.000000000000000e+00
0.000000000000000e+00
0.000000000000000e+00
0.000000000000000e+00
0.000000000000000e+00
0.000000000000000e+00
0.000000000000000e+00
0.000000000000000e+00
0.000000000000000e+00
0.000000000000000e+00
0.000000000000000e+00
0.000000000000000e+00
0.000000000000000e+00
0.000000000000000e+00
0.000000000000000e+00
0.000000000000000e+00
0.000000000000000e+00
0.000000000000000e+00
0.000000000000000e+00
0.000000000000000e+00
0.000000000000000e+00
0.000000000000000e+00
0.000000000000000e+00
0.000000000000000e+00
0.000000000000000e+00
0.000000000000000e+00
0.000000000000000e+00
0.000000000000000e+00
0.000000000000000e+00
0.000000000000000e+00
0.000000000000000e+00
6.365764989528785e-02
6.824300298583713e-02
7.120884635759381e-02
5.773517628506145e-02
5.940499840868774e-02
0.000000000000000e+00
0.000000000000000e+00
0.000000000000000e+00
0.000000000000000e+00
0.000000000000000e+00
0.000000000000000e+00
0.000000000000000e+00
0.000000000000000e+00
0.000000000000000e+00
0.000000000000000e+00
0.000000000000000e+00
0.000000000000000e+00
0.000000000000000e+00
0.000000000000000e+00
0.000000000000000e+00
0.000000000000000e+00
0.000000000000000e+00
0.000000000000000e+00
0.000000000000000e+00
0.000000000000000e+00
0.000000000000000e+00
0.000000000000000e+00
0.000000000000000e+00
0.000000000000000e+00
0.000000000000000e+00
0.000000000000000e+00
0.000000000000000e+00
0.000000000000000e+00
0.000000000000000e+00
0.000000000000000e+00
0.000000000000000e+00
0.000000000000000e+00
0.000000000000000e+00
0.000000000000000e+00
0.000000000000000e+00
0.000000000000000e+00
0.000000000000000e+00
0.000000000000000e+00
0.000000000000000e+00
0.000000000000000e+00
0.000000000000000e+00
0.000000000000000e+00
0.000000000000000e+00
0.000000000000000e+00
0.000000000000000e+00
0.000000000000000e+00
0.000000000000000e+00
0.000000000000000e+00
0.000000000000000e+00
0.000000000000000e+00
0.000000000000000e+00
4.938777802775394e-02
6.550776790225044e-02
5.774733905556417e-02
5.817410947285909e-02
7.200020358332399e-02
7.905757045901896e-02
7.211683464295199e-02
5.991106938755817e-02
4.471294745624810e-02
4.730681587983998e-02
3.378293795825563e-02
1.809814662673167e-02
0.000000000000000e+00
0.000000000000000e+00
0.000000000000000e+00
0.000000000000000e+00
0.000000000000000e+00
0.000000000000000e+00
0.000000000000000e+00
0.000000000000000e+00
0.000000000000000e+00
0.000000000000000e+00
0.000000000000000e+00
0.000000000000000e+00
0.000000000000000e+00
0.000000000000000e+00
0.000000000000000e+00
0.000000000000000e+00
0.000000000000000e+00
0.000000000000000e+00
0.000000000000000e+00
0.000000000000000e+00
0.000000000000000e+00
0.000000000000000e+00
0.000000000000000e+00
0.000000000000000e+00
0.000000000000000e+00
0.000000000000000e+00
0.000000000000000e+00
0.000000000000000e+00
0.000000000000000e+00
0.000000000000000e+00

H1  1  1102  double
6.838915496531353e-04
-6.071718510770667e-04
2.162901879492000e-04
-2.555289055599278e-04
-1.081489541510179e-03
1.152058602957712e-02
1.099094772307189e-02
1.083219364055449e-02
1.019509233367868e-02
1.013174555987056e-02
-5.845461645104421e-03
-4.868767539045133e-03
-5.297669758314752e-03
-4.333173363947429e-03
-4.186904334461880e-03
-5.045742467180727e-03
4.348954859434002e-03
4.118569753201205e-03
3.084965669582350e-03
3.346481065364110e-03
5.310932410178228e-03
2.823488831210055e-03
3.827011833554862e-03
-9.464352322688219e-03
-8.546196020271303e-03
-9.565450421823569e-03
-8.777347058749212e-03
-7.958173668420832e-03
-8.626110325376067e-03
-7.797056444073265e-03
-1.168587844263493e-02
-1.219622831288822e-02
-1.257547703693249e-02
-1.173162970404406e-02
-1.183010061786319e-02
-1.222755233359438e-02
1.277945345285612e-02
1.281679270274683e-02
1.309930640929065e-02
1.302417423654142e-02
1.313098599173732e-02
1.288930260715910e-02
1.301108013092475e-02
1.269034112106591e-02
1.271022817551183e-02
1.247608396166040e-02
1.206444258510291e-02
1.202256528140413e-02
1.271110951144959e-02
-4.145832459991253e-03
-3.457623061286208e-03
-4.698962633320293e-03
-2.932126879235935e-03
-3.968450583790470e-03
-5.224523886363438e-03
-5.906444660748673e-03
-4.223523582992003e-03
-2.948737772099364e-03
-3.384837052793186e-03
-5.059507835516332e-03
-7.140664425287476e-03
-7.512029269077470e-03
-8.336219683760665e-03
-6.309087271984305e-03
-6.721977269634612e-03
-5.892710220370607e-03
-3.658319812422062e-04
1.054937319726055e-04
-1.194744070199861e-03
-1.660665730507612e-03
1.997570826197345e-03
1.168030323525697e-03
2.470279731130378e-03
3.300532136075051e-03
6.953465795814035e-04
3.773569189839236e-03
-1.142277844927469e-02
-1.029812796903674e-02
-1.178117217468768e-02
-1.238138498464505e-02
-1.205443053233216e-02
-1.207212128133358e-02
-1.071189342031073e-02
-1.108937286952048e-02
-7.206561972042572e-03
-6.402789210748274e-03
-2.505049880298274e-03
-1.675209158563417e-03
-7.100793587747019e-03
-8.363330608210026e-03
-7.921313836420075e-03
-7.964799487895177e-03
-8.776864523346537e-03
-7.546246259768163e-03
-1.175394213985921e-02
-1.124473585028118e-02
-1.130511107005302e-02
-1.079703025481079e-02
-1.013756057166848e-02
-9.670045888159427e-03
-1.212493456169907e-02
-9.956371351247722e-03
-8.732635042857560e-03
-9.168693010246504e-03
-8.280174143566691e-03
-9.528775309306816e-03
1.285286741993698e-03
8.120721468365710e-04
2.114060130945577e-03
2.587892838837488e-03
2.943422072921426e-03
1.640819939443735e-03
1.758989692169401e-03
4.565573055518871e-04
-1.058757319046860e-02
-1.166536057070322e-02
-1.101942528468625e-02
-9.858957754949008e-03
-9.404000331235191e-03
-1.252671138070236e-02
-3.567536798039363e-03
-3.093799713104887e-03
-1.791010772435542e-03
-4.397578995702475e-03
-3.924089681819881e-03
4.130696335250123e-03
2.224487225687911e-04
1.524908551701919e-03
2.827716759028810e-03
1.051965859530129e-03
2.354702277114550e-03
1.005771005575786e-04
9.299783330167439e-04
-3.726143253125795e-04
2.232803280009135e-03
2.705530852831753e-03
5.736026245871178e-04
1.403344086828992e-03
5.550220006740008e-03
5.077104062110544e-03
4.603889313233740e-03
5.905483157090359e-03
5.432244785453180e-03
6.377860678579875e-03
7.200247474165023e-03
4.364688793954359e-03
3.062007166469946e-03
3.535290550178182e-03
-8.172767281516299e-03
-7.978380052180717e-03
-8.687938450785854e-03
-7.483597674910951e-03
-6.974814095853289e-03
9.434980362926185e-03
1.021464567306294e-02
9.025362354536512e-03
9.817331816118307e-03
8.634820975276094e-03
8.217739682932141e-03
-9.186772793480473e-03
-9.283060679148721e-03
-1.032163247405082e-02
-1.082533960573454e-02
-9.823596175659734e-03
4.467135670742679e-03
4.912526768620102e-03
4.005183303247943e-03
3.174464365513186e-03
3.634464708111360e-03
3.675988389421027e-03
4.837538225460921e-03
4.485534740521734e-03
5.949939012308405e-03
5.689418318870457e-03
6.126727339859663e-03
5.297978873344217e-03
6.574682663364374e-03
7.399446181487724e-03
4.835032356309955e-03
6.996078213168880e-03
7.820257026861212e-03
5.745356365859514e-03
-6.950690636694221e-03
-6.675946347352473e-03
-5.829210117233425e-03
-6.098536620649739e-03
-7.046672961025126e-03
-5.471351849517262e-03
-4.628361335905725e-03
6.952589218192972e-03
7.773937279972660e-03
7.315221004245511e-03
8.587053007358321e-03
6.491056712848754e-03
5.663841444454083e-03
-6.275200360670745e-03
-5.446396969676933e-03
-4.984462086348635e-03
-5.813388847384362e-03
1.156565669759472e-02
1.018781579812930e-02
1.072065225927134e-02
1.104088512064450e-02
1.121506540654902e-02
-5.735373295033729e-03
-4.469147642860444e-03
-4.960482104776675e-03
-3.673159289539622e-03
-6.234651205586852e-03
-3.784465638376094e-03
-4.976946453245874e-03
-4.111116045926280e-03
-2.939447546119063e-03
-4.395265099269327e-03
-8.747369033874294e-03
-7.962820345751839e-03
-7.663392165636921e-03
-7.944476362253112e-03
-7.257646635650619e-03
2.833104017379914e-03
2.249734576425953e-03
1.814793176134104e-03
2.919995181092963e-03
2.013877573132784e-03
1.122909909633098e-03
-7.633926357874151e-03
-7.056877396962661e-03
-6.452820199761751e-03
-6.895229832699232e-03
-6.501098444280608e-03
-7.525707776228152e-03
-8.109818755207601e-03
-1.113176382168492e-02
-1.177370576484278e-02
-1.124947073391914e-02
-1.176914483479317e-02
-1.222526222897368e-02
-1.232205414545930e-02
1.327849763028459e-02
1.304636872603564e-02
1.300901180152306e-02
1.322784797891170e-02
1.300349476825144e-02
6.022252560196416e-03
5.193822935040355e-03
4.720806414975352e-03
4.247063260433696e-03
3.417177659975752e-03
3.891277095322998e-03
-6.997959404751332e-03
-6.172297822980454e-03
-5.343927553736202e-03
-4.871225441903570e-03
-4.041526532011692e-03
-6.640505429793488e-03
-7.464042019025887e-03
-1.065948363865899e-02
-1.017968693493165e-02
-1.007356600290916e-02
-9.487598906378404e-03
-9.979155539550699e-03
-6.218563915482266e-03
-7.121141093510586e-03
-7.646656795372533e-03
-7.968993578174382e-03
-6.585366422152962e-03
-7.269676686318215e-03
-5.804705272835387e-03
-9.621555789503012e-04
-4.893049792750498e-04
3.392279947871951e-04
-1.335683016220489e-04
9.297762981488034e-03
8.192270568832640e-03
8.492961490334664e-03
9.458346700169795e-03
1.246794268258047e-02
1.155702584010725e-02
1.209270593409254e-02
1.166986667618754e-02
1.112917237634475e-02
1.245525472820605e-02
-9.082037703625838e-03
-8.623063060496376e-03
-7.817354047751366e-03
-7.348898988149471e-03
5.327019446130538e-03
6.165096480883922e-03
6.533596436262150e-03
7.368745424380497e-03
6.817527585926298e-03
7.664394500027000e-03
1.881036446801596e-03
1.406596043254416e-03
9.317579235417023e-04
4.005243886246306e-03
3.524432986610698e-03
2.707093150489664e-03
3.182863379366909e-03
2.229381239863591e-03
-6.527762768390299e-03
-6.055501396182150e-03
-5.227592413253872e-03
-5.700604313512809e-03
-5.582220626921685e-03
-4.754352904178084e-03
-1.047698226624997e-02
-1.022171573620181e-02
-9.147672848332667e-03
-9.936523791476916e-03
-9.461948898125639e-03
-1.095347878428200e-02
-1.650600473159964e-05
-8.455132970972728e-04
-1.318204094559910e-03
-2.620631985611854e-03
-2.147891361069971e-03
5.786495706228526e-04
-7.236269798413683e-04
-1.553300690708865e-03
-2.507147255650202e-04
-1.080031119126265e-03
-4.281086305456305e-03
-2.978131303902933e-03
-3.451003514770885e-03
-3.807496742657488e-03
-3.332975355355931e-03
-5.107962164936272e-03
-2.855212346101227e-03
-3.323639546120901e-03
-4.154484023359099e-03
-2.024979363281656e-03
-2.492130074374115e-03
-4.615399182858308e-03
-3.782598116197814e-03
9.386391186067366e-03
1.016161681081563e-02
8.937709722571418e-03
1.096224107190077e-02
1.057994301924573e-02
1.750155930987843e-03
2.550501603859972e-03
1.270298888486915e-03
4.582607408352239e-04
2.058248516436272e-03
3.316983387778029e-03
2.797054578904068e-03
4.482719758726736e-03
5.777580599769356e-03
3.657232026420653e-03
4.958156081548898e-03
-4.154468842903896e-03
-4.632333968248857e-03
-5.445567554230290e-03
-2.856971528722213e-03
-6.723725227066624e-03
-5.926009545583082e-03
2.266592869631687e-03
1.560105158607229e-03
7.931862157617526e-04
3.225335975738302e-04
1.064439447908700e-03
-2.242781067988587e-04
9.052940253480982e-03
1.019942243535143e-02
8.320984347745026e-03
9.536356223497447e-03
1.000496963032252e-02
1.067655158725491e-02
-7.288610808549603e-04
-1.202241559582476e-03
-2.031296010918443e-03
-1.556683722240609e-03
2.410080393960430e-03
1.968807920108407e-03
1.141454609954181e-03
-1.365873829594376e-04
3.226411385676632e-04
1.579550443341692e-03
-2.382756237816857e-03
-3.212068205943069e-03
-3.685061583260305e-03
-4.514637745207701e-03
6.978515709999654e-03
6.291840328854477e-03
5.766256214255612e-03
6.669243847894630e-03
5.350335282383626e-03
6.036602181407077e-03
7.155256555526330e-03
9.179435551001910e-03
9.699854207334197e-03
8.555690490047818e-03
7.343891005530006e-03
8.044214630987426e-03
6.837397955465817e-03
-9.574450623081153e-03
-1.069523841815891e-02
-1.164185957615517e-02
-1.221704089242823e-02
-1.141410567480816e-02
-1.034903611555855e-02
9.719655305749898e-03
9.263192105327309e-03
1.089227853302975e-02
1.045858816701618e-02
1.194778598195797e-02
1.129965946433649e-02
-1.898878059563335e-03
-3.187795015222306e-03
-2.696926548311875e-03
-2.378847517663030e-03
8.132976932912898e-03
6.848422533146193e-03
7.669147227772632e-03
8.477571990329913e-03
-6.066355884203294e-04
-2.738064822436560e-03
-2.264259157163978e-03
-1.909042801904429e-03
-1.435371664878754e-03
2.343020238986815e-03
1.875297226244624e-03
1.045050748295921e-03
2.800930365618717e-03
1.511756141957885e-03
4.077085880629626e-03
3.239242778804851e-03
4.813140549926632e-03
5.592689349686900e-03
5.774230132805700e-03
6.316054691597565e-03
5.082183328949201e-03
9.799779358097262e-03
9.003684859254424e-03
1.008785289993406e-02
1.168081673058324e-02
1.083823040507830e-02
1.056555838143509e-02
3.823856890735162e-03
4.322938189926120e-03
4.559374571729753e-03
3.039915704253352e-03
8.010207012780953e-03
8.796379840833059e-03
7.537762525380748e-03
6.254132560197913e-03
6.728327993965361e-03
-8.317848681089175e-04
-1.285338113760379e-03
-2.547339134972540e-03
-2.115321915526153e-03
-1.037918745343475e-05
-4.667541519606821e-04
-1.715563130264724e-03
7.837239631683472e-03
7.060630204550561e-03
6.578396061862234e-03
6.089987422955074e-03
5.297695322948145e-03
-8.156270789748440e-03
-8.937725268444002e-03
-7.683941749106328e-03
-8.462542342358544e-03
-6.877088892718990e-03
-1.702727147960606e-03
-9.388706566506752e-04
-2.201677926779189e-03
-2.392884107950639e-03
-1.204471713520897e-03
-4.620302345126328e-04
-1.417620785723318e-03
-4.728898651724554e-03
-5.347953871139218e-03
-3.559252646200160e-03
-2.921652501139009e-03
-3.942557351068555e-03
-2.324719449666016e-03
-2.376715276941737e-03
-3.090544282192674e-03
-3.322474881851303e-03
-3.900233082710155e-03
-1.289153680319802e-03
-3.340477147740008e-03
1.963186281229584e-03
1.130237442551821e-03
7.654608619604127e-04
-1.427244795102894e-05
1.215756038643080e-02
1.223828144566209e-02
1.152791030510838e-02
1.196871434971072e-02
1.129681768464805e-02
1.810752147389914e-03
2.378122911551636e-03
2.832341812163171e-03
1.320256936092515e-03
1.135445256876496e-03
-8.939145899269668e-03
-8.469041892125726e-03
-9.696420575864296e-03
-8.704071093463344e-03
-9.353337650056703e-03
-8.768492352304961e-03
-1.321165195007634e-02
-1.295246363790420e-02
-1.295607359311287e-02
-1.322063305251670e-02
-1.327645513264964e-02
-1.303618678918688e-02
-1.303620798292363e-02
-1.279561535649297e-02
-1.309039127989250e-02
-1.288052765101170e-02
-1.253168107387163e-02
-1.216688936323946e-02
-1.284331139611573e-02
-1.305166875719294e-02
-1.300142787063450e-03
-7.211576853123693e-04
-1.846777574717351e-03
-2.323809626458952e-03
-1.585946832543136e-03
1.202509517156411e-02
1.244510518573660e-02
1.203819790557400e-02
1.240288758055555e-02
1.204154621514117e-02
-1.255348286214668e-02
-1.077138905626709e-02
-7.397473762442216e-03
-7.599745126825238e-03
-1.109386630652614e-02
-3.584328049734286e-03
1.308479067912941e-02
1.254396007544122e-02
1.282254189987265e-02
1.228850102911254e-02
1.166676351528216e-02
8.028773197244325e-03
7.543745503945779e-03
8.361302248083515e-03
8.945285923930643e-03
9.131774523194228e-03
6.941870031884781e-03
-3.341894175255613e-03
-2.018588059731808e-03
-2.463738690609470e-03
-3.359294817556240e-03
-2.624491750755580e-03
-7.114119957767213e-03
-6.219568796751999e-03
-6.559256002069050e-03
-5.781889516955824e-03
-4.302091678556543e-03
-4.812756279234717e-03
-2.150728441234010e-03
1.276920064408693e-03
3.637446603130338e-04
7.729047734256189e-04
-2.622984771366343e-04
2.219820563866324e-04
-1.112604217272349e-02
-1.121438752060481e-02
-1.072857726503444e-02
-1.008830883346209e-02
-1.024494749553758e-02
-1.043484796532912e-02
9.344811802194180e-04
1.038850335184430e-03
3.587579528634420e-04
3.776256380236107e-04
-0.000000000000000e+00
3.061392324389779e-04
-0.000000000000000e+00
0.000000000000000e+00
-1.635742465660731e-03
-1.352446690370402e-03
-9.061225991114371e-04
-2.110524307728420e-03
-7.414904573439613e-04
-1.306470934898625e-02
-1.259741172163357e-02
-1.297978802212768e-02
-1.306876988170089e-02
-1.264635881950497e-02
-1.281328900167950e-02
-1.288221693066522e-02
-1.308793111933737e-02
-1.278577910392117e-02
-1.117976227908375e-02
8.655438552812079e-03
9.336328093893863e-03
8.535935778469181e-03
7.827314629095836e-03
9.726321059385364e-03
-4.892103662585606e-03
-6.334276727788316e-03
-5.856791789548104e-03
-6.771606421027350e-03
-5.288060673477360e-03
-1.045042003202920e-02
-1.006118203860548e-02
-7.147502860156964e-03
-1.181296287923279e-02
-1.132612173733438e-02
-7.886602140694886e-03
-1.133491566062022e-02
-1.137109066342932e-02
-7.839012220284229e-03
-1.137958337160241e-02
1.087857842454527e-02
7.492753980578664e-03
1.067451192256931e-02
1.238665124843455e-02
1.267718510494989e-02
-7.841471983139899e-03
-1.119344808292492e-02
-7.740667150447292e-03
-3.625992594578881e-03
2.317466283262963e-03
3.756826462121451e-03
4.613863524434283e-03
2.913796445026373e-03
4.810440722167140e-03
4.036576301096282e-03
5.440796390189292e-03
3.484260158952087e-03
6.175668742296379e-03
4.559071671916185e-03
2.033762318056004e-03
5.056640216372281e-03
7.595732270733487e-03
5.523446827905511e-03
2.539891812935738e-03
2.305370301971020e-03
-9.123933998983140e-03
-6.150066377023673e-03
-1.077810488909848e-02
-8.525401467360144e-03
-9.609755152212778e-03
-5.738209580314292e-03
1.091899547536489e-03
2.032329939591707e-03
1.718227390412753e-03
2.898624168642572e-03
4.769465421279166e-04
2.319772032363521e-03
3.783119373566183e-03
1.026184691123393e-02
1.107550528568270e-02
1.158554758847711e-02
9.891824065544041e-03
-3.762774754326573e-03
-4.997862597011216e-03
-3.199896320078064e-03
-1.920615789137924e-03
-1.660877663218822e-03
-6.855193369129603e-03
-6.521500289696777e-03
-3.215287462448510e-03
-3.000161486660591e-03
-3.307645754486020e-03
-3.768803390125346e-03
-4.312328221005142e-03
-4.823059498286777e-03
-3.204106595256949e-03
-1.939251693267641e-03
-2.178046252897500e-03
1.094499154952808e-03
4.723753287954556e-04
1.716758035796525e-03
6.665428923202987e-04
3.679746677280405e-04
2.242370886526257e-04
-4.167159223322829e-03
-2.619103541032514e-03
-5.293159086588724e-03
-4.325671793112201e-03
-3.321802424128741e-03
1.062023757098082e-02
1.031229074428532e-02
7.274297494418100e-03
-1.006983954877837e-02
-1.134953075242734e-02
-1.080405669546643e-02
-9.638565761748702e-03
-7.157833412860609e-03
-1.051002274074521e-02
1.109731267477885e-02
1.268011325308653e-02
1.094610083746231e-02
7.674586447670845e-03
7.513067189488912e-03
9.402545262121727e-03
1.108526958548042e-02
1.151796461680314e-02
1.159986328082958e-02
1.094476284074291e-02
1.050345037239710e-02
1.137611204874524e-02
1.131353445401737e-02
1.130210599868781e-02
7.895685077079981e-03
7.864770380610370e-03
7.793578947023017e-03
3.739647345229959e-03
3.759386710046057e-03
-9.506347634465537e-03
-8.559702812983454e-03
-1.018574641760120e-02
-9.157128480495160e-03
-2.580534629139395e-04
2.266355672929708e-04
3.218604154508051e-04
7.821408011077198e-04
6.438718493359572e-03
5.771858885134869e-03
5.374802179077941e-03
4.816786422631008e-03
4.600415213516807e-03
2.917108408902738e-03
3.489561510299121e-03
-1.253953183643237e-02
-1.105629848806211e-02
-1.257855605121589e-02
-1.221470421228907e-02
-1.078688988295128e-02
-7.588744916531743e-03
8.247540491318308e-03
9.837270103402258e-03
1.048780307635309e-02
1.040150190176606e-02
1.091889703027780e-02
8.864666274359091e-03
9.147022036088069e-03
8.371246641140752e-03
8.922000902082155e-03
9.620024747996222e-03
7.663830936995683e-03
6.917778596057100e-03
7.225319055902753e-03
6.677176018129328e-03
7.553462289791224e-03
5.441827914118875e-03
6.208094883786370e-03
4.042464657209908e-03
4.569582838293226e-03
1.115557251983946e-02
1.124297966694952e-02
1.288126442462988e-02
1.299481947870149e-02
1.318675292022826e-02
7.793046852234212e-03
-2.410687063759477e-03
-9.863332913080441e-04
-8.843940581586661e-04
-3.258363371504250e-04
-3.808774139089566e-04
0.000000000000000e+00
0.000000000000000e+00
3.295298692636862e-03
3.402107684566651e-03
1.436406470211687e-03
6.704207740127744e-03
9.862525554668457e-03
7.021993624217836e-03
1.372249551194427e-03
3.094807788886658e-03
-3.537192249368755e-03
-1.551922284110256e-03
-1.510087115753017e-03
-3.470241500794129e-03
-7.387401983667107e-03
-3.008303862667607e-03
-3.219595972067721e-03
-6.171368845938384e-03
-6.533775997300637e-03
-6.862452092360251e-03
-3.328986217016595e-03
8.278528295863808e-04
1.809961729056589e-03
7.099687434693797e-04
2.794344602541648e-04
2.268146329934063e-04
0.000000000000000e+00
-4.112667962800859e-04
-1.125985756645754e-03
-5.300264166405557e-04
-2.874684955668716e-04
-8.147166409745637e-04
-1.407942805104295e-03
-1.581760372013273e-03
-3.728054521273691e-03
-1.604786912665300e-03
-5.790493064879520e-04
0.000000000000000e+00
0.000000000000000e+00
2.224827760037965e-04
6.809102909806833e-04
3.512920461974145e-04
4.738880044992879e-04
1.262527079371618e-03
9.560655810893253e-04
9.917757352367875e-05
3.719666616777018e-04
-3.730456781597410e-05
7.623050626946631e-05
1.246069802629095e-05
5.626068861649836e-05
-0.000000000000000e+00
-3.442446237603650e-03
-1.464026379448688e-03
-1.406812152118610e-03
-4.975113617287187e-04
0.000000000000000e+00
0.000000000000000e+00
-1.582658181816865e-04
-1.277715370000179e-04
0.000000000000000e+00
-3.516624396591138e-05
-7.783355701391370e-05
0.000000000000000e+00
0.000000000000000e+00
1.485807387813888e-03
3.618938001447772e-03
1.541018039267738e-03
1.593945769766972e-03
3.662119499365915e-03
3.645302201540785e-03
1.569047958484770e-03
1.513834989585805e-03
5.971014678608366e-04
1.246978095339601e-03
9.511883815264937e-04
4.725517724396925e-04
-8.785408546278214e-04
-7.702710680238129e-04
-2.872041303145691e-04
0.000000000000000e+00
-3.427007013792967e-04
0.000000000000000e+00
1.126341419443898e-03
2.523695755885213e-03
5.072467703207789e-03
5.522464913223166e-03
2.298747392594529e-03
-3.754536034039539e-03
-7.889237565883831e-03
-1.614312049762926e-03
-3.765928431617987e-03
-1.562030617363220e-04
-2.252620033869630e-04
7.059850928905757e-05
-7.818714277867283e-04
-6.759410445938889e-04
-2.411599457665850e-03
-2.610883831618977e-03
-2.861079877238520e-03
-5.293267596330749e-03
-7.734837090697741e-03
-3.677120669913121e-03
-3.659419174651931e-03
-5.419087123697174e-04
0.000000000000000e+00
5.953098461781482e-03
6.340519491719214e-03
3.084076859018250e-03
6.694263322854831e-03
9.352106580046735e-03
2.935291406686783e-03
-3.726481252776299e-03
-1.603915349031009e-03
-1.611797021258004e-03
-5.687744056569741e-04
-5.571216476411323e-04
0.000000000000000e+00
-5.785756132180346e-04
0.000000000000000e+00
-1.382668986165265e-03
-5.371036890096595e-04
-1.652225906850728e-04
-2.194204764990071e-04
0.000000000000000e+00
3.298492129621105e-03
3.380152097113586e-03
7.007339313355261e-03
7.273549385926359e-03
3.537447979012202e-03
1.432684115857173e-03
1.486671189306518e-03
-2.862908512499348e-03
-5.761334885882239e-03
-7.995504314427641e-03
-5.296501652321870e-03
-2.713327004374830e-03
-1.629545959627288e-04
-7.782342059088621e-04
-1.572034427969129e-03
-6.811744068713254e-04
-2.223881538708809e-04
6.362053770571694e-03
2.959706092134514e-03
5.973568209701636e-03
8.894960615266638e-03
8.257790994236517e-03
2.820565377130115e-03
9.770802409663997e-03
1.033265283444773e-02
1.052915964155218e-02
9.857698280305372e-03
3.738793289350787e-03
3.723100516044391e-03
7.865856275827502e-03
3.652529819292690e-03
1.607638544583864e-03
2.066255765069713e-03
1.808288621507897e-03
8.288532612757837e-04
-5.417517594915016e-04
-5.419125267700159e-04
0.000000000000000e+00
-1.555827219377775e-03
-1.513099203299979e-03
-5.429454810650644e-04
0.000000000000000e+00
-3.599764127903376e-04
0.000000000000000e+00
-4.145050093441291e-04
0.000000000000000e+00
0.000000000000000e+00
-9.849558941125388e-04
-1.174026018854154e-03
-1.080916427022860e-03
-4.762945621670552e-04
0.000000000000000e+00
-1.257572525849253e-03
-1.334374372746879e-03
-4.232408330570078e-04
0.000000000000000e+00
5.482899866444722e-04
5.399537675847694e-04
-0.000000000000000e+00
5.761229160620745e-04
-0.000000000000000e+00
-0.000000000000000e+00
-5.518399017158234e-04
0.000000000000000e+00
-1.581956364505915e-03
-5.689730606913790e-04
0.000000000000000e+00
0.000000000000000e+00
4.603591955764810e-04
0.000000000000000e+00
1.297199507885054e-03
1.368606998051237e-03
4.556285399554798e-04
0.000000000000000e+00
-4.931323431490636e-04
0.000000000000000e+00
-4.449462620245530e-04
0.000000000000000e+00
-1.264030139578084e-03
-1.334896596153385e-03
-4.512843078821629e-04
4.313965216549401e-04
0.000000000000000e+00
0.000000000000000e+00
1.227467508552597e-03
1.300785185669523e-03
4.393586942568333e-04
0.000000000000000e+00
-5.201559963813780e-04
0.000000000000000e+00
0.000000000000000e+00
-1.461827993093815e-03
-1.402113245309709e-03
-4.747536305204425e-04
-5.130583761953540e-04
1.900061819943726e-04
0.000000000000000e+00
1.524620340338278e-04
1.002705691132655e-04
0.000000000000000e+00
-0.000000000000000e+00
-1.645002111240734e-04
-1.250465565961471e-04
0.000000000000000e+00
-5.359169186272280e-04
-4.170995757449854e-04
0.000000000000000e+00
0.000000000000000e+00
5.570051408263662e-04
0.000000000000000e+00
3.643603020288200e-03
1.533911022655322e-03
1.566854890993268e-03
7.664274985861403e-03
5.580140527479941e-04
-0.000000000000000e+00
5.472208294274932e-04
-0.000000000000000e+00
1.594253679312242e-03
5.756585422335821e-04
6.341067793934094e-03
5.201046955502248e-03
4.012724374769693e-03
5.662438577682666e-03
4.673434542662147e-03
4.839235675367636e-04
5.138986140564395e-04
-0.000000000000000e+00
0.000000000000000e+00
4.837699152371638e-04
-0.000000000000000e+00
-2.056780954834892e-04
-6.518973240425551e-04
-1.377359763945216e-03
-2.572742178061432e-04
0.000000000000000e+00
1.615552304302895e-03
5.801115752818302e-04
1.608205384795594e-03
-0.000000000000000e+00
-0.000000000000000e+00
5.549763848088904e-04
5.225551530035310e-04
5.304087185417179e-04
4.952180031499029e-04
0.000000000000000e+00
0.000000000000000e+00
0.000000000000000e+00
9.879720832412819e-05
3.505287461609909e-04
1.467080915240151e-04
1.939635039657786e-04
0.000000000000000e+00
0.000000000000000e+00
0.000000000000000e+00
-3.038287117272955e-04
-2.484452180405695e-04
-7.708121526867848e-04
-6.551967514522641e-04
-1.685045294506217e-03
0.000000000000000e+00
0.000000000000000e+00
9.296617840769683e-04
3.062528554071461e-04
3.609722585183941e-04
1.036010971178799e-03
0.000000000000000e+00
0.000000000000000e+00
0.000000000000000e+00
2.803516205952078e-04
2.275914607317376e-04
7.102128881746198e-04
1.515826941473668e-03
5.997776878854878e-04
-0.000000000000000e+00
-0.000000000000000e+00
8.196114310720410e-03
8.017626908634079e-03
8.953269750848420e-03
7.313209714694335e-03
6.934266884269184e-03
7.510038726195725e-03
8.624261228424239e-03
3.456660245416428e-03
3.393099219405845e-03
4.338594978291111e-03
3.839995907736609e-03
-2.471675450617536e-03
-1.406196325337884e-03
-2.023999446518367e-03
-2.850047133404484e-04
-8.238150793073900e-04
-5.288222606091191e-04
-1.089450349470430e-03
1.129332250975243e-03
4.197720215493926e-04
1.216837027483056e-03
2.709199364002656e-03
0.000000000000000e+00
3.745707050838943e-04
0.000000000000000e+00
-1.181860973342330e-03
-3.927726835851287e-04
-1.081715780845704e-03
0.000000000000000e+00
0.000000000000000e+00
-3.166208250683002e-05
-1.598104588505610e-04
-0.000000000000000e+00
0.000000000000000e+00
-7.642094047374408e-05
1.102041780806882e-05
-3.151204262132608e-05
5.687548963868725e-05
9.711609722419364e-05
0.000000000000000e+00
0.000000000000000e+00
0.000000000000000e+00

H2  1  1102  double
-9.859473586133075e-03
-9.667749964590423e-03
-8.691905372475358e-03
-7.488460360948030e-03
-8.491284276674232e-03
-6.593725579684107e-03
-6.650469729700341e-03
-7.550832142484904e-03
-7.574266838713205e-03
-8.354242710130879e-03
-1.192993606287039e-02
-1.232598739618045e-02
-1.192853934999037e-02
-1.232061676126587e-02
-1.054214400489747e-02
-1.024026384810098e-02
-1.254245782665222e-02
-1.213415939539310e-02
-1.267686240288145e-02
-1.280867316370380e-02
-1.205353786621615e-02
-1.203564287547799e-02
-1.245701794152220e-02
9.310850270146180e-03
1.013202186271106e-02
8.559502378178737e-03
9.482883931073809e-03
1.026762454402426e-02
8.546180906588570e-03
9.469160267953129e-03
-5.930928001040482e-03
-5.246567796881665e-03
-4.261537237861052e-03
-6.223761121908961e-03
-5.533645204098821e-03
-4.579092754575955e-03
3.599873071687322e-03
2.693998268576555e-03
1.632736705477414e-03
2.521099728076564e-03
1.584307178608794e-03
2.074091329587627e-03
-2.624327662880433e-03
-2.596680277337344e-03
-3.607986681746643e-03
-4.469621720254239e-03
-5.503870702885061e-03
-5.050297305504455e-03
-3.607255964230542e-03
-1.184979622502393e-02
-1.121401766435080e-02
-1.097403889934372e-02
-1.213260940447987e-02
-1.016385203208282e-02
-9.923791409971242e-03
-1.069504258028563e-02
9.210069706345506e-03
9.044092420654326e-03
1.016455992640559e-02
8.224623995079531e-03
7.379153891356335e-03
8.486223308756678e-03
7.501156938027930e-03
8.373367942472745e-03
6.209060857045114e-03
7.222177637818999e-03
8.669358427143590e-03
7.465638780013851e-03
7.666983632712370e-03
8.862076236907419e-03
2.550534547600685e-03
1.525004663562780e-03
1.319795426843356e-03
2.345494951309928e-03
2.755792446851497e-03
1.114594852174814e-03
9.274788630980853e-05
-1.086150014611690e-04
1.278631990912230e-03
2.810081472781020e-04
-8.914392240208708e-04
2.433626811687348e-03
1.100169089721678e-03
2.290479146972512e-03
-5.213734003918033e-03
-4.207498431531917e-03
-4.831388856050509e-03
-3.805399041279477e-03
3.980219860895607e-03
4.166920852197262e-03
2.955087392085047e-03
6.371855683358529e-03
5.354984288651817e-03
5.189766462914388e-03
-4.168933962313623e-03
-3.281336291230022e-03
-5.331740990410675e-03
-4.476413636743924e-03
-3.533560911178341e-03
-4.741458870981641e-03
-4.862618676653710e-03
2.119321659035587e-03
1.930106657346312e-03
3.142567167657157e-03
7.073355470467920e-04
9.075648900548302e-04
-1.959719056439565e-03
-7.293575430036000e-04
-9.351605075880384e-04
-2.166034964427106e-03
8.942937126374434e-05
2.949506251278531e-04
-3.191159085752220e-03
-2.984889841749120e-03
-2.321420803367198e-03
-2.084959304120144e-03
-1.110379755092697e-03
-1.326708310322415e-03
-2.548288501579228e-03
-1.829678084287970e-03
1.117704539104540e-03
-1.129233459342026e-04
-3.183869391369298e-04
9.267289592522310e-05
-1.138101215201944e-03
3.371388313010427e-03
3.987600286282303e-03
3.782037404479690e-03
3.576795633727679e-03
5.013815002998553e-03
4.808159391604264e-03
-5.242694611016450e-03
-4.216878247613126e-03
-4.010908447952795e-03
-4.423048446368619e-03
-5.652791453226691e-03
-6.471357511160889e-03
-5.448225543596890e-03
-3.219646340968112e-04
9.091513767823589e-04
2.140262044066590e-03
1.934256440224713e-03
3.165032547373396e-03
7.032933073311270e-04
1.726885227399615e-03
-3.603561303455823e-03
-3.397666106816656e-03
-4.628572921444877e-03
-8.264814308644210e-03
-6.192869139916931e-03
-7.116981191607735e-03
-7.383105558949417e-03
-8.543064506439210e-03
-4.361793839213745e-03
-3.339084830506084e-03
-3.168747608976737e-03
-2.145187383486464e-03
-5.382727100768815e-03
-4.193095079685498e-03
-5.938502214857813e-03
-7.943500404864717e-03
-5.659664297823613e-03
-6.468940461029632e-03
-6.821580534599318e-03
-7.067103224300665e-03
-8.250019883667621e-03
-5.854512449607534e-03
-6.874249748747028e-03
-8.075470640036282e-03
-1.124805903303416e-02
-1.126772497290577e-02
-1.031901714657410e-02
-1.121251835315698e-02
-1.039843205476961e-02
-5.029084508532260e-03
-6.050341552325110e-03
-6.234379610914507e-03
-5.215479079025862e-03
-4.831588930216699e-03
-7.406472210036088e-03
-6.398731628548336e-03
-7.247178563821195e-03
1.036092972033655e-02
9.444309157977802e-03
1.036427874900820e-02
1.113951170429025e-02
1.104133581177491e-02
9.346274005561974e-03
1.028684008294080e-02
-4.005301915623138e-03
-2.980254334856457e-03
-1.756197037366655e-03
-1.954991960107048e-03
-2.781784975124164e-03
-3.807100012724871e-03
5.004291597884609e-03
6.025796324820138e-03
4.807622961411578e-03
3.782875250992118e-03
6.087475101442414e-03
7.515694515273645e-03
6.474011259510462e-03
7.082951944297876e-03
5.334527727382270e-03
-8.797957652379331e-03
-9.033532854666619e-03
-7.854646820500558e-03
-8.073380358868577e-03
-7.626527223913977e-03
1.117670189194780e-02
1.122032130375905e-02
1.198484856393087e-02
1.197865263997623e-02
1.239516816956592e-02
9.657708521956191e-03
1.032690591170079e-02
1.081099498423496e-02
8.111526660051212e-03
8.687663333910450e-03
-1.272774452596435e-02
-1.308474078421566e-02
-1.290841521972347e-02
-1.102906491864743e-02
-1.116251326089927e-02
-1.125282462478482e-02
-9.361165903153010e-03
-1.036387829932221e-02
-9.659914813413339e-03
-1.134838297639424e-02
-1.124300847068683e-02
-1.080751324559505e-02
-9.992541466614680e-03
6.536190545082021e-03
5.530333740760309e-03
7.027992835799692e-03
6.102574921552172e-03
5.133151533337398e-03
4.485364263820645e-03
5.405239585377649e-04
-3.038619683328525e-07
1.040164176613945e-03
-5.114264738556685e-04
-1.036184885976362e-03
-1.552775333567886e-03
-2.578276544094694e-03
-1.347325606579612e-03
-1.162396260155164e-04
-1.141232206199626e-03
-2.372485989391897e-03
5.035429974127645e-04
1.528836011208389e-03
2.554370941343471e-03
1.323639907987290e-03
2.348886799625018e-03
2.757416889789760e-03
1.731903631610490e-03
7.881024881577452e-03
8.150822790485469e-03
8.567698225381573e-03
8.940724714572735e-03
8.633413603178408e-03
-1.148036379300759e-02
-1.095809719750168e-02
-1.081448795104784e-02
-1.034859309061983e-02
-9.279400568487675e-03
-8.707567974905956e-03
-9.745249027050344e-03
7.059584891171052e-04
-5.238111567319074e-04
5.004090147112810e-04
1.730468380176389e-03
-7.592808398577825e-03
-7.527740713051435e-03
-8.567233294488242e-03
-8.512316599499740e-03
1.816515677271456e-03
2.068961474718578e-03
2.993597095009254e-03
4.169002097516369e-03
3.268489220523700e-03
3.883179517254736e-03
-3.138523873129029e-04
-1.539635384443415e-03
-5.203114946089046e-04
-1.749722369757398e-03
-9.374621087054094e-03
-8.401547299573505e-03
-9.473780300760376e-03
-8.513002004363909e-03
-1.040105645973107e-02
-9.508861162198415e-03
6.037739870257736e-03
7.261181591719055e-03
8.469199201551930e-03
6.844203422373980e-03
8.052555259522490e-03
7.054138777578677e-03
5.831003859253030e-03
8.263571267631527e-03
-7.267117062231032e-04
-1.957467827311196e-03
-9.326495101020831e-04
2.983092500881841e-04
-3.188087759961945e-03
-2.163662887795854e-03
7.614394595021688e-03
6.567387732331757e-03
6.499566399215778e-03
5.487374767888569e-03
7.581289500464173e-03
5.561583925787837e-03
-1.753851089132184e-03
-2.779174183975391e-03
-1.548427791619382e-03
-1.343266083334799e-03
-2.573967792888948e-03
6.243467113391852e-03
6.448259905849570e-03
5.425005813382673e-03
5.219488155567444e-03
4.193599464739787e-03
-3.394695450435456e-03
-3.600166917927815e-03
-2.368954574236666e-03
-4.625313836528497e-03
-5.853820496682579e-03
-4.417797245848556e-03
5.629383714854678e-03
6.850613526646437e-03
5.830805839293934e-03
6.651192320547106e-03
7.863448088368698e-03
7.042634727176805e-03
8.050906221271258e-03
-9.317148900137686e-04
8.585729179863385e-05
2.908403875796616e-04
-2.317972586386364e-03
-1.125000000557650e-03
9.446244450504182e-03
1.037117568714274e-02
1.057578218459871e-02
9.646571531027177e-03
1.142811308115850e-02
1.121110012572806e-02
1.213359953037177e-02
5.622486291774600e-03
5.410804000467053e-03
4.602186686300679e-03
4.394974337056701e-03
-6.865973411441456e-03
-5.644954733563900e-03
-6.650479967014174e-03
-7.076469938374364e-03
-6.427271017622926e-03
-5.432601380574244e-03
1.284975740318886e-02
1.232384157946953e-02
1.161430023184485e-02
1.247025724546607e-02
1.298556949360986e-02
1.308144288216247e-02
5.922584889024785e-03
5.650071384663721e-03
4.966803153085573e-03
4.725754358558671e-03
3.516657575464529e-03
4.465299213636986e-03
-6.266512013741513e-03
-5.037047863690549e-03
-6.060720244968788e-03
-7.283762656188067e-03
-1.110774046822381e-02
-1.003701698558357e-02
-1.095539951937256e-02
-1.078386889726034e-02
-1.179654724548679e-02
-1.193442154125375e-02
4.399724611083035e-03
3.374206862252408e-03
4.605011942576050e-03
3.579811357223232e-03
-1.112804527595846e-02
-1.168311752077332e-02
-1.169393202504340e-02
-1.120162489905136e-02
-1.210096006768182e-02
-1.162218339456112e-02
-1.112328204549807e-02
7.948490242094692e-03
6.804432997305457e-03
7.105818293600113e-03
7.367926128081767e-03
8.258470626008612e-03
8.531175858708785e-03
4.333845816442191e-03
4.468950771351532e-03
4.545311569881682e-03
3.541156464657740e-03
3.448646135847928e-03
3.311111598973519e-03
1.305402130843740e-03
2.527923562802610e-03
1.090170913829040e-03
2.303135337079808e-03
8.723452804834847e-04
-1.156671393186284e-04
-9.466566702170533e-03
-9.255353139193420e-03
-1.038776601612460e-02
-8.285114614156411e-03
-7.312360757637580e-04
-5.273004433666715e-04
4.970539839968025e-04
1.517423232703271e-03
2.961552227979482e-03
2.142594641642823e-03
9.117241528098841e-04
3.167809482393081e-03
1.936342483500223e-03
-7.887060732629231e-03
-6.674486451235954e-03
-7.690132329073055e-03
-9.069055471455542e-03
-8.885642524230143e-03
-9.236737773547067e-03
-1.019260777688378e-02
7.834825491980625e-03
8.782937339968572e-03
1.069059214126803e-02
9.650194246804944e-03
9.910037767537414e-03
-5.517138164648289e-03
-6.526534502744656e-03
-6.603981529824798e-03
-5.622808861248152e-03
-5.598312323738413e-03
-4.498676477598441e-03
1.014989612183414e-02
9.015887915881111e-03
1.096589062601508e-02
9.236080039734296e-03
2.744848334865766e-03
3.749553164178071e-03
3.970909606447894e-03
4.185264145641346e-03
2.956697208955142e-03
9.835923199806655e-03
1.093043411033605e-02
1.107064936913537e-02
1.001152577390282e-02
1.076316993052142e-02
1.177682118347283e-02
1.190329649071928e-02
6.175117563457477e-03
5.193180266056996e-03
6.407812879160569e-03
7.608449808987281e-03
6.629619100134100e-03
-2.766508176643913e-03
-3.769020915382201e-03
-3.992103605799791e-03
-4.985491772588096e-03
-2.979237308150143e-03
-1.233605674018362e-02
-1.163227984075732e-02
-1.143913337272627e-02
-1.284291118173357e-02
-1.300400503516433e-02
-1.247801120104810e-02
-1.059421456371495e-02
-1.224016148622815e-02
-1.157783014203655e-02
-1.259509729489648e-02
-1.295095867962670e-02
-1.267158011469282e-02
1.283689667558631e-02
1.303606091441355e-02
1.286795622311058e-02
1.267443701027463e-02
1.268269230472982e-02
1.298562932407514e-02
1.260672231358104e-02
-1.268290011027155e-02
-1.312995587566187e-02
-1.259250540759773e-02
-1.308574859996988e-02
-3.554225968494485e-03
-4.570884489652217e-03
-4.572039476310578e-03
-2.463957272096534e-03
-3.481086589193598e-03
1.292703641145459e-02
1.305660305403748e-02
1.274023942298290e-02
1.320774893790310e-02
1.136073184240862e-02
-9.564007165846640e-03
-1.024568172918677e-02
-8.700244017156567e-03
-9.003747479249567e-03
-9.428420796245807e-03
-9.687439478456862e-03
1.051705256078783e-03
1.548538389842702e-03
-1.553573141564152e-03
-1.065917642461708e-03
-9.466869291825360e-06
-5.241389470618293e-04
5.182464278301468e-04
-2.584350083965663e-03
-2.137964211844195e-03
-3.189711369076473e-03
-3.728488559207708e-03
-2.996760271656547e-03
-2.613839874182875e-03
-1.637263234674174e-03
-1.298802480053754e-02
-1.325198559764098e-02
-1.313974282961050e-02
-1.284749929901066e-02
-1.130973303463040e-02
5.629739110358794e-03
4.621124389351660e-03
5.063828644564723e-03
4.088867309500964e-03
5.012172446739254e-03
-3.591520927089876e-03
-3.552294862837539e-03
-2.773448287424562e-03
-2.169634532547403e-03
-2.702993595931449e-03
-1.175785450976359e-03
-5.736900645836277e-04
-1.459641216663378e-03
6.671282492420227e-04
-3.073255941639480e-04
-1.304649731877152e-03
-1.056454303810018e-02
-1.062929777417162e-02
-1.000496279194579e-02
-9.772799943901993e-03
-9.309345900190530e-03
-9.015170717616653e-03
-1.262401074502487e-02
-7.640434521190787e-03
-1.107351754462372e-02
-1.091455794262799e-02
-7.456079237669402e-03
1.092529604482612e-02
1.145519478542356e-02
9.268248926396881e-03
9.713597354392579e-03
6.603385702521348e-03
6.251670578759579e-03
3.038966642692148e-03
-1.316428676730684e-02
-1.325515422350108e-02
-1.302582126989081e-02
-1.304338686317043e-02
-1.137659601841449e-02
-7.106450290689780e-03
-7.032180223629710e-03
-7.824654091958948e-03
-8.636331131699268e-03
-7.553168217852272e-03
-8.050192246996168e-03
1.320519208376068e-03
1.242978752184991e-03
4.656379043948370e-04
4.166256812583595e-04
0.000000000000000e+00
4.704538325367550e-04
0.000000000000000e+00
-0.000000000000000e+00
1.313393238978858e-02
1.309163460431469e-02
1.256998657879427e-02
1.262581362402488e-02
1.324374179277494e-02
1.598378690382091e-03
1.452571518601085e-03
-6.740400238197325e-04
6.263296204169330e-04
3.701226586664200e-03
2.582815610234126e-03
3.140501384004512e-03
2.100731089632627e-03
2.577638042094490e-03
1.794767030348792e-03
-9.431928621222578e-03
-9.243597818137727e-03
-1.002199120977062e-02
-1.029104229070514e-02
-9.009091335431305e-03
1.231219534371133e-02
1.154028436055990e-02
1.189159729431806e-02
1.138035809763735e-02
1.193684639883253e-02
4.409826393758677e-03
5.226809623737337e-03
3.343505698985890e-03
5.528806322348817e-03
6.444743782074824e-03
3.164894424293470e-04
-1.055965711288615e-06
9.067789262538663e-04
9.385110060178715e-04
-9.093607067266010e-04
-3.110549048295753e-03
-2.470731212615744e-03
-3.991533114484241e-03
-4.084779930612618e-03
-3.078635086844695e-03
-9.399961384270976e-04
-1.798319090227585e-03
-1.565067899164051e-03
-8.792764161894991e-04
-7.544138306106698e-03
-1.067698755418581e-02
-1.038506435985081e-02
-7.326451681080009e-03
-1.212108730915343e-02
-6.773248108751237e-03
-1.001343019252590e-02
-7.078342720245722e-03
-9.483638201029484e-03
-6.433722794650399e-03
-3.126346032582313e-03
-6.053365910338055e-03
-8.385334378344834e-03
-5.624012293809039e-03
-2.810534488753894e-03
-2.988610350140248e-03
6.752189988054419e-03
4.926699793103463e-03
7.312772865474864e-03
7.414811030915912e-03
5.995460189256099e-03
5.408467691110437e-03
7.823819408462707e-03
1.117271930594645e-02
7.707012106425611e-03
1.094167259843862e-02
7.883444093282829e-03
7.550474435695663e-03
1.072666430858854e-02
-4.799220464637374e-03
-6.885932217272820e-03
-5.989255467495989e-03
-5.632461712152976e-03
6.929071174200121e-03
1.017714855397898e-02
7.205138914391192e-03
3.238862356285580e-03
3.384588143476748e-03
3.893330376697819e-03
4.433126090612483e-03
2.004849816935950e-03
2.218137485410397e-03
1.714511045850039e-03
-6.948289887105683e-03
-6.628308607517016e-03
-6.269368090375337e-03
-7.227672312958377e-03
-3.253566325087852e-03
-3.065675621355251e-03
-7.812821241187623e-03
-7.872645216828742e-03
-7.698348155844136e-03
-3.707124857244565e-03
-3.706008850049732e-03
-1.598080087486999e-03
1.053810669455497e-02
7.439372872065979e-03
1.191758358466261e-02
1.229369636544876e-02
1.081519721431794e-02
3.971474454613557e-03
4.817025289826231e-03
3.067870379193942e-03
-5.202688474785089e-03
-6.457542888576278e-03
-7.346535339003062e-03
-5.983126513630847e-03
-3.349220004201039e-03
-4.415617688567150e-03
2.237218251119925e-03
3.093973980541518e-03
3.121520779144671e-03
1.863053011531997e-03
2.471932614630187e-03
6.367951831606118e-03
6.907248187390665e-03
6.604695507334775e-03
6.002069863615313e-03
7.503988682597563e-03
7.768718559729531e-03
-4.593651141575660e-04
4.490107795113645e-04
1.353336928217102e-03
-1.548825194636098e-06
6.269049654428120e-04
1.251221789015058e-03
1.440450765639181e-04
4.469633908647969e-04
-8.965267315721542e-03
-7.447704206177108e-03
-8.179775649267912e-03
-6.758871350903936e-03
1.304496808495729e-02
1.133777545591687e-02
1.327175572935980e-02
1.302628180286233e-02
1.162821634681101e-02
1.172128086274939e-02
1.213011667448228e-02
1.214253721843496e-02
1.036592451869170e-02
7.343901653692623e-03
7.091625095201720e-03
3.582633802427933e-03
2.696431735015796e-03
4.140630949116238e-03
4.569505004785079e-03
3.567019466743818e-03
2.171049679906129e-03
-7.775085009408379e-03
-8.553278919173631e-03
-7.754137701723949e-03
-8.208709668847585e-03
-7.429427902935354e-03
-7.115853262207095e-03
9.335403207877978e-03
1.002616156762189e-02
9.793323118457287e-03
9.170120601799846e-03
8.473157277778641e-03
8.988726323973217e-03
1.110940749350264e-02
1.122496698968131e-02
1.066195628867735e-02
1.001868783387827e-02
9.547837072787538e-03
6.795290599874101e-03
6.451759481127558e-03
-2.253518960229496e-03
-1.348177697791156e-03
-2.065488465345390e-03
-1.724062718440347e-03
-1.441200831608747e-03
-1.253179382572627e-03
-2.871930935406165e-03
-1.284518348533436e-03
-1.354984179669949e-03
-4.602065785551016e-04
-4.563096682768273e-04
0.000000000000000e+00
0.000000000000000e+00
1.868583884186777e-03
1.582942876961515e-03
7.433559994195474e-04
4.180066785238164e-03
5.600990740766824e-03
3.632416933585169e-03
8.545596710027523e-04
2.102201206914779e-03
1.168214321042323e-03
4.459545863486967e-04
5.642715745642765e-04
1.463483386408046e-03
2.759681012445618e-03
-2.223874247708260e-03
-2.000395428926033e-03
-4.944243731524509e-03
-4.442816460389017e-03
-3.904092482656567e-03
-1.717867561255912e-03
-1.382830120225153e-03
-3.337146871571024e-03
-1.449868670055702e-03
-5.148971687244587e-04
-5.119537726611972e-04
0.000000000000000e+00
-1.564374700705991e-03
-3.660765313580762e-03
-3.760619413807261e-03
-1.590616977162808e-03
-3.653241115951021e-03
-7.775912882306818e-03
-3.226032040596384e-04
-5.907122687516563e-04
-1.917401081766030e-04
-9.232517042947115e-05
0.000000000000000e+00
0.000000000000000e+00
1.600455057392318e-03
3.765106901052148e-03
1.577593956522083e-03
1.544863749548494e-03
3.588170501586037e-03
3.621234945252464e-03
1.612856925425612e-03
3.729217913393926e-03
1.614659829185904e-03
3.824277651077897e-03
5.845663715323587e-04
5.741663592787178e-04
0.000000000000000e+00
-1.440908818423090e-03
-6.862448884734461e-04
-7.970758752831114e-04
-2.564643132576508e-04
0.000000000000000e+00
0.000000000000000e+00
-1.607556504798022e-03
-5.733656182404054e-04
0.000000000000000e+00
-5.799038344881034e-04
-5.531751335145456e-04
0.000000000000000e+00
0.000000000000000e+00
6.302811743751161e-04
1.341189076515825e-03
5.032971088899466e-04
2.559942689950895e-04
7.385601396674658e-04
1.045598933236386e-03
3.810177936066337e-04
-3.408317658038995e-03
-1.496441350355165e-03
-3.554554075487930e-03
-3.601928048529521e-03
-1.543769677077196e-03
1.350137080163046e-03
1.415974489990373e-03
4.808997444233692e-04
-0.000000000000000e+00
4.833735707322537e-04
-0.000000000000000e+00
1.158115686827755e-03
2.774226288565379e-03
6.071929129864816e-03
5.651421078880280e-03
2.976369803916347e-03
4.439213397537898e-06
-3.146910152533477e-04
-6.232602673467123e-05
-2.951178192074813e-04
-7.893737798624595e-03
-3.723372438141943e-03
-3.767820127995722e-03
-7.857528967658255e-03
-1.131416842790521e-02
2.890695133602556e-03
2.661550916813121e-03
2.489471894551193e-03
5.838709638312166e-03
1.558002178130577e-03
5.970049230630366e-04
8.959758140977503e-04
1.778739468129894e-04
-0.000000000000000e+00
-5.175088690629793e-03
-4.682852979390322e-03
-2.094005257179119e-03
-4.169846485577371e-03
-6.352699149605229e-03
-2.359375675394145e-03
3.039521590967213e-04
1.937203079716252e-04
6.363066570020827e-05
-4.609473900707347e-05
8.603794120924707e-07
0.000000000000000e+00
4.708959517717647e-05
-0.000000000000000e+00
-3.485170199934003e-03
-1.526145378983089e-03
-5.361129878424749e-04
-5.524276398478763e-04
0.000000000000000e+00
-1.878230105150691e-03
-1.581925752701272e-03
-3.620774339536591e-03
-3.056003494743889e-03
-1.320669133343688e-03
-7.395298928598137e-04
-6.244546855577130e-04
-2.494915538921629e-03
-5.427638290727425e-03
-8.151533823858432e-03
-5.864489761948575e-03
-2.749971085560051e-03
7.893715007377327e-03
7.856113225937234e-03
1.122011551362054e-02
1.138422331754528e-02
3.731857184236167e-03
4.698642696848371e-03
2.379582439070464e-03
5.194033925076544e-03
7.128358462390762e-03
7.781432942567125e-03
2.640494702869436e-03
8.617121628910197e-03
8.343672980155366e-03
7.888510832513360e-03
8.575825922187379e-03
-4.543243885307863e-04
-1.543930238096320e-04
-6.226175326533935e-04
-7.405117670594202e-04
-1.255193817392161e-04
3.168473825133316e-03
3.319562496985353e-03
1.390921745696546e-03
-2.268017489443269e-04
-1.795046013030276e-04
0.000000000000000e+00
-4.430135004888109e-04
-5.670050106973341e-04
-1.311155133568481e-04
0.000000000000000e+00
4.304547311992678e-04
-0.000000000000000e+00
4.230545413160104e-04
-0.000000000000000e+00
-0.000000000000000e+00
1.278085263317391e-03
1.106273522491533e-03
1.194246483544043e-03
3.522293274916652e-04
-0.000000000000000e+00
1.007832559129093e-03
9.060493054767855e-04
3.680172439545406e-04
-0.000000000000000e+00
2.051984977416924e-04
1.532965295431148e-04
0.000000000000000e+00
1.155369046888197e-04
0.000000000000000e+00
0.000000000000000e+00
8.945304478321938e-05
-0.000000000000000e+00
3.155603507054398e-04
1.391008720914315e-04
-0.000000000000000e+00
-0.000000000000000e+00
-3.140347889300759e-04
0.000000000000000e+00
-9.544774439434317e-04
-8.555589498131769e-04
-3.666524048457639e-04
0.000000000000000e+00
-3.061852600116886e-04
0.000000000000000e+00
-3.860242178667768e-04
0.000000000000000e+00
-1.009649390826236e-03
-9.101478510745707e-04
-3.331779328117066e-04
4.074785638928528e-04
-0.000000000000000e+00
-0.000000000000000e+00
1.061960192004933e-03
9.600086845987630e-04
3.522782992626927e-04
-0.000000000000000e+00
2.698971833691964e-04
0.000000000000000e+00
0.000000000000000e+00
6.832650080981586e-04
7.957956636541341e-04
2.961293464207938e-04
2.162748242218427e-04
5.456220550663823e-04
-0.000000000000000e+00
5.737665706477525e-04
5.502882352162214e-04
-0.000000000000000e+00
0.000000000000000e+00
5.393625269392703e-04
5.607945096097454e-04
-0.000000000000000e+00
1.520506792784111e-03
1.553870505313390e-03
-0.000000000000000e+00
-0.000000000000000e+00
-1.597486161416894e-04
0.000000000000000e+00
-1.046635767805709e-03
-5.066842097213167e-04
-3.773256310309824e-04
-1.860097748348305e-03
-2.275060027917722e-05
0.000000000000000e+00
-1.108139977979813e-04
0.000000000000000e+00
-2.580633355523078e-04
-6.958492780147604e-05
1.125995540758345e-02
1.157308951020672e-02
1.186853803196933e-02
1.186545840377533e-02
1.223774440407745e-02
2.757358188824488e-04
2.381198850317317e-04
0.000000000000000e+00
-0.000000000000000e+00
3.282916455838605e-04
0.000000000000000e+00
5.163014766853735e-04
1.474647366812827e-03
3.483993596016341e-03
5.223329084036430e-04
-0.000000000000000e+00
-1.869229164148438e-06
2.251015921401677e-05
1.274601400916854e-04
0.000000000000000e+00
0.000000000000000e+00
6.646498697890550e-05
-1.965072990269397e-04
-2.489599422207577e-04
-2.806568236556962e-04
0.000000000000000e+00
0.000000000000000e+00
0.000000000000000e+00
-5.474891995840255e-04
-1.573444552377436e-03
-5.511869208224637e-04
-5.523332889262776e-04
0.000000000000000e+00
0.000000000000000e+00
0.000000000000000e+00
-5.103659997515603e-04
-5.050713418232409e-04
-1.423055999125490e-03
-1.478785577188492e-03
-3.415481317407573e-03
0.000000000000000e+00
0.000000000000000e+00
-1.316894970842872e-03
-4.703805909914761e-04
-4.693131712145327e-04
-1.237156147911390e-03
0.000000000000000e+00
0.000000000000000e+00
0.000000000000000e+00
5.167850456404815e-04
5.124400874642903e-04
1.451260221635901e-03
3.416926015381163e-03
1.502539182555624e-03
0.000000000000000e+00
0.000000000000000e+00
1.047459936311770e-02
1.004070506969862e-02
9.649663283574285e-03
1.093270150845065e-02
1.037476882726771e-02
9.359853101705255e-03
9.017425727606672e-03
1.265054659884793e-02
1.279928016309268e-02
1.255590816502577e-02
1.247623934334078e-02
1.111520267922154e-02
7.770373023878157e-03
7.615303409656046e-03
1.593239354107859e-03
3.762551229947687e-03
3.749239781649834e-03
3.573213437181694e-03
-1.149288206842570e-03
-3.941914836212802e-04
-1.060413816290201e-03
-2.555824307950219e-03
0.000000000000000e+00
-4.142672141314198e-04
0.000000000000000e+00
-1.111911777789719e-03
-4.020704784906699e-04
-1.199323596514290e-03
0.000000000000000e+00
0.000000000000000e+00
5.649631219018235e-04
1.604354193870868e-03
0.000000000000000e+00
-0.000000000000000e+00
5.499057544787808e-04
-5.576365542221491e-04
-1.614503041188152e-03
-5.776426809028868e-04
-1.609813030821273e-03
0.000000000000000e+00
0.000000000000000e+00
0.000000000000000e+00

H3  1  1102  double
3.402986658936741e-02
3.406240730274971e-02
3.422395875575022e-02
3.440208975847484e-02
3.424497650120860e-02
3.362344184436585e-02
3.356318487301246e-02
3.364362526569585e-02
3.355292476865663e-02
3.360290678950009e-02
3.356263796310560e-02
3.364844026683470e-02
3.424180249404245e-02
3.427285051573068e-02
3.486352108878888e-02
3.483082518941807e-02
3.359930198074770e-02
3.355015161173558e-02
3.361777380273614e-02
3.365863056204306e-02
3.360737860929199e-02
3.360365405106971e-02
3.425926170894467e-02
3.360901942835696e-02
3.362095871328424e-02
3.355752119241343e-02
3.359205131241057e-02
3.358804220962366e-02
3.363716154655538e-02
3.360427929307345e-02
3.357987670021900e-02
3.363799875676123e-02
3.363054296741560e-02
3.366430550788530e-02
3.425464312474089e-02
3.425348217699016e-02
3.364111258584181e-02
3.358328430396219e-02
3.362845719884290e-02
3.366740057777382e-02
3.372554779647128e-02
3.428800672841503e-02
3.364376184304085e-02
3.356320014647590e-02
3.363924952031790e-02
3.368134713310417e-02
3.364574665464676e-02
3.426694748772893e-02
3.373781911644495e-02
3.356229312552472e-02
3.371037658211194e-02
3.366958740896729e-02
3.358076865736855e-02
3.384280559622666e-02
3.378867913644552e-02
3.362283689131485e-02
3.398773520323509e-02
3.409063967874949e-02
3.388168239551519e-02
3.406825338640537e-02
3.395979039775333e-02
3.377814567561455e-02
3.379282640337907e-02
3.392109245446241e-02
3.415180636328830e-02
3.412438201561407e-02
3.422689241146298e-02
3.440558010334110e-02
3.436475314366205e-02
3.417238272140625e-02
3.482382926274263e-02
3.488688013466434e-02
3.484838559437491e-02
3.476907553061682e-02
3.484622821926889e-02
3.477756357683165e-02
3.375659122723831e-02
3.395645496552627e-02
3.369408866032837e-02
3.359671736802079e-02
3.364548778516250e-02
3.361360326702478e-02
3.387019801700066e-02
3.376786338290908e-02
3.419120379756452e-02
3.437809397578566e-02
3.464654531081253e-02
3.476082871224092e-02
3.430907113989860e-02
3.412073142058013e-02
3.426162064060762e-02
3.397414017935001e-02
3.395681328163293e-02
3.415062290343405e-02
3.357578220522671e-02
3.371006466990552e-02
3.357714377945601e-02
3.371537873539388e-02
3.387493684041457e-02
3.386827950808395e-02
3.358683609204940e-02
3.397940652604253e-02
3.418366033784429e-02
3.406177177440598e-02
3.428410805078667e-02
3.408108330679775e-02
3.487021801697478e-02
3.491005461377956e-02
3.487159003937840e-02
3.481560754854685e-02
3.484075188039994e-02
3.489533417956024e-02
3.479814513167008e-02
3.483663744825300e-02
3.385550612435438e-02
3.369285900284977e-02
3.381376762062640e-02
3.401744312421510e-02
3.405301000801862e-02
3.355252619927634e-02
3.479160073222495e-02
3.483229380534354e-02
3.489042032260541e-02
3.474171212726813e-02
3.476632718478938e-02
3.465750453084113e-02
3.477325220519179e-02
3.476691194841895e-02
3.472825680183116e-02
3.467786207812139e-02
3.465537696486885e-02
3.466634330803639e-02
3.474831132381352e-02
3.477071330050258e-02
3.469359803564240e-02
3.455749158598829e-02
3.453017608500059e-02
3.462795347054597e-02
3.463477106737172e-02
3.467450330071949e-02
3.468215630780442e-02
3.456306861910074e-02
3.455461829323630e-02
3.453960273391902e-02
3.441392846105965e-02
3.462436813185438e-02
3.472726599978338e-02
3.460700595809270e-02
3.372287502979913e-02
3.399112253222716e-02
3.378232855226294e-02
3.391757189060238e-02
3.381808039828461e-02
3.393837019056512e-02
3.387442980574026e-02
3.408275571137669e-02
3.400260349319318e-02
3.397876342823685e-02
3.413942524968104e-02
3.383729626982904e-02
3.362254017310273e-02
3.369956159764577e-02
3.355598505829736e-02
3.367503715171655e-02
3.427688193640394e-02
3.407653390144626e-02
3.445531719984050e-02
3.439119786827338e-02
3.419851953148450e-02
3.369251250137971e-02
3.362482428434950e-02
3.378304200627435e-02
3.355396559029430e-02
3.369719371509293e-02
3.434112129411148e-02
3.432431382210123e-02
3.416553005780225e-02
3.416686201916289e-02
3.448850834574569e-02
3.397697250147055e-02
3.399153665901457e-02
3.413467082756386e-02
3.358249873073846e-02
3.373747298122598e-02
3.368783316591110e-02
3.354900377720203e-02
3.360143967883938e-02
3.385888511540872e-02
3.377629333865956e-02
3.432668138877270e-02
3.428172850107408e-02
3.439793364656277e-02
3.420582917687867e-02
3.445947968731632e-02
3.448994275423756e-02
3.432627965618815e-02
3.431191135292782e-02
3.447734615729823e-02
3.447602054883856e-02
3.358325954996318e-02
3.355082637512182e-02
3.357010017253027e-02
3.358558283077365e-02
3.358371464644418e-02
3.391743011663489e-02
3.399458768232931e-02
3.412694559785701e-02
3.419553663407298e-02
3.403421915479217e-02
3.370278576213898e-02
3.362159479020738e-02
3.354962146104095e-02
3.361265650897692e-02
3.361569934875690e-02
3.423787235312948e-02
3.426876193395437e-02
3.365618105229935e-02
3.485734861972473e-02
3.489109796921504e-02
3.426228330198969e-02
3.359798868853769e-02
3.427135060254419e-02
3.484383374460868e-02
3.486233019474998e-02
3.488500147236320e-02
3.365173087749612e-02
3.355880161333843e-02
3.372734971434690e-02
3.361647456462109e-02
3.357082025987283e-02
3.360997511928546e-02
3.355625899564948e-02
3.359211614500535e-02
3.358981988619251e-02
3.359503159223347e-02
3.361680529179186e-02
3.365410049266811e-02
3.359910686044158e-02
3.362387589447006e-02
3.426192745479896e-02
3.426702798576597e-02
3.369820519507195e-02
3.428519146059160e-02
3.456283625334727e-02
3.460966735112617e-02
3.469772356207001e-02
3.475377079537510e-02
3.480086722966633e-02
3.472864577546972e-02
3.446509493235735e-02
3.454646942293884e-02
3.459608926146157e-02
3.468498086338460e-02
3.471865848610611e-02
3.444285729956712e-02
3.437867001917061e-02
3.365213388402827e-02
3.429893975365037e-02
3.365862782458980e-02
3.429239329879506e-02
3.373392701422592e-02
3.421907587923805e-02
3.428026487007647e-02
3.367851162648444e-02
3.425739294035703e-02
3.483842686852009e-02
3.485896993595375e-02
3.486412518850623e-02
3.490789280466269e-02
3.491631773310909e-02
3.491769093297024e-02
3.489317494335289e-02
3.366782756571268e-02
3.380621499963026e-02
3.365882456928129e-02
3.356080600573477e-02
3.355671909653224e-02
3.370781259112622e-02
3.358345265622842e-02
3.358786597077945e-02
3.372841364855533e-02
3.358469917323763e-02
3.416075666990143e-02
3.421325919096848e-02
3.435390784360457e-02
3.439332046029432e-02
3.386829929961857e-02
3.393680618925106e-02
3.374174147572516e-02
3.378194066721133e-02
3.359263405076171e-02
3.363778445533171e-02
3.455036831528099e-02
3.441519572188614e-02
3.425083986830773e-02
3.434018330457925e-02
3.420821274800613e-02
3.439300782527425e-02
3.451199277994930e-02
3.424472189436230e-02
3.452135010985268e-02
3.454560540214742e-02
3.465972304898549e-02
3.461924162463666e-02
3.453801200396973e-02
3.466813064099349e-02
3.356394740236043e-02
3.363120554168691e-02
3.379407833043072e-02
3.377438344292116e-02
3.364012697315999e-02
3.360378318545808e-02
3.489259525103210e-02
3.484289843895025e-02
3.488275560565957e-02
3.484070521432376e-02
3.481694244761960e-02
3.455667236548130e-02
3.453109850408673e-02
3.462618903369220e-02
3.466803946331617e-02
3.474728413148096e-02
3.464434576947563e-02
3.471860198537248e-02
3.475861472449539e-02
3.458848774919852e-02
3.450051027212855e-02
3.449821633947342e-02
3.455208013434564e-02
3.438539579264113e-02
3.444701644776147e-02
3.447334752358731e-02
3.429380639101679e-02
3.426695178980622e-02
3.419186482795677e-02
3.410400232646749e-02
3.398089982320698e-02
3.418426003881363e-02
3.378775786794568e-02
3.389427287041415e-02
3.407626004201005e-02
3.388416894048070e-02
3.389003548962868e-02
3.406770278240230e-02
3.373094220933964e-02
3.371495791303367e-02
3.357788286424238e-02
3.444193017518262e-02
3.434211556247850e-02
3.460087345556082e-02
3.451413872258305e-02
3.432611877004447e-02
3.442715964334064e-02
3.423902388537584e-02
3.438257068041576e-02
3.412421546543824e-02
3.432428328341169e-02
3.357617964278358e-02
3.358851241186120e-02
3.372248643052366e-02
3.357931859795739e-02
3.358836056908290e-02
3.358493260241702e-02
3.385998134300941e-02
3.371750087792401e-02
3.406140290667083e-02
3.389054970123909e-02
3.389774721742090e-02
3.373618461050727e-02
3.455226791714518e-02
3.467258271401606e-02
3.454240537501083e-02
3.440805436340796e-02
3.377006810825890e-02
3.397025335273828e-02
3.382346064199563e-02
3.386689817789341e-02
3.369829873612477e-02
3.366172425405153e-02
3.468913917322844e-02
3.472005942852639e-02
3.459887028760372e-02
3.461355742077315e-02
3.361656150986959e-02
3.364949741233769e-02
3.427645613567748e-02
3.427808143029306e-02
3.370522887643705e-02
3.359182298968178e-02
3.369978177403119e-02
3.363673165170803e-02
3.369128014574575e-02
3.380179427358293e-02
3.393706975391658e-02
3.374007416441323e-02
3.383643518234789e-02
3.391620000142236e-02
3.373267349520821e-02
3.357753489676567e-02
3.354849581792837e-02
3.368224790858691e-02
3.385226202092179e-02
3.404184528083160e-02
3.407658295292144e-02
3.383594100859726e-02
3.387948434457375e-02
3.366806753141154e-02
3.377616762244463e-02
3.406831828196688e-02
3.404463253560897e-02
3.387483755216388e-02
3.423528551672199e-02
3.430605714584904e-02
3.448398699936103e-02
3.437511866025362e-02
3.423654348340043e-02
3.483644265888401e-02
3.480910776508427e-02
3.486589790263002e-02
3.479437682244424e-02
3.486728056191069e-02
3.429680386826255e-02
3.447596237379904e-02
3.436479498777974e-02
3.409413041955150e-02
3.417322106516345e-02
3.399414155195552e-02
3.388320855633584e-02
3.414189364044147e-02
3.393620372147345e-02
3.364086585918635e-02
3.373618616890719e-02
3.379916518400167e-02
3.378942425813060e-02
3.380599415772867e-02
3.365810270268350e-02
3.359274135844949e-02
3.362533030454545e-02
3.375033736525009e-02
3.385428078798455e-02
3.400867664543274e-02
3.368474774722490e-02
3.405607714566293e-02
3.425878468864379e-02
3.408321582200786e-02
3.425078311575409e-02
3.439712220577484e-02
3.442133955999178e-02
3.403087454138842e-02
3.382718513632865e-02
3.376341087115538e-02
3.396961645673241e-02
3.387098486174586e-02
3.370010000597538e-02
3.366282837521304e-02
3.401200597857413e-02
3.421203677607686e-02
3.414417176232399e-02
3.405140311521598e-02
3.425642702741260e-02
3.423629383915570e-02
3.405959515816311e-02
3.422909688332489e-02
3.403901758141859e-02
3.440148176091553e-02
3.357773641543437e-02
3.371866138717170e-02
3.372228080336232e-02
3.358694291363867e-02
3.358692937300842e-02
3.358174013607267e-02
3.388407757244873e-02
3.361109899863771e-02
3.355766777620441e-02
3.357672421126962e-02
3.364094174649210e-02
3.364453958922431e-02
3.424594041815916e-02
3.361932200051624e-02
3.369471887733986e-02
3.359277258774635e-02
3.364698686481248e-02
3.429164325555663e-02
3.429152575603781e-02
3.355047324624810e-02
3.363099876554550e-02
3.355637472793933e-02
3.358511886842377e-02
3.355022571379674e-02
3.358618295063785e-02
3.359161311202009e-02
3.363525115708747e-02
3.369656964437756e-02
3.425297519303631e-02
3.365166800594095e-02
3.426989865722516e-02
3.363694898306788e-02
3.482776121898045e-02
3.358829265056157e-02
3.359314694539951e-02
3.357025175227290e-02
3.356756556094520e-02
3.361608541481663e-02
3.423006941360787e-02
3.365420757766743e-02
3.427377828463633e-02
3.426406753119660e-02
3.363605619899510e-02
3.363322683026329e-02
3.425632052602837e-02
3.426418764761566e-02
3.426443455713486e-02
3.364792068550998e-02
3.364419376940291e-02
3.358475374774276e-02
3.357413862493907e-02
3.359055998444506e-02
3.360911730927019e-02
3.425594146729615e-02
3.364322566097507e-02
3.363416620437649e-02
3.425581493490745e-02
3.482401572834912e-02
3.362828844465752e-02
3.362833012136623e-02
3.425171497821291e-02
3.425385613658447e-02
3.358244918072395e-02
3.425446078914363e-02
3.486387867356711e-02
3.768152493080456e-02
3.767978500574656e-02
3.482513173404590e-02
3.870036033822000e-02
3.359868544934563e-02
3.355277289812100e-02
3.355683435239515e-02
3.361037331506437e-02
3.371132900250384e-02
3.362051266768327e-02
3.427517158250715e-02
3.425959568425585e-02
3.365766758926349e-02
3.428120856031898e-02
3.484440494130207e-02
3.425720604370916e-02
3.767727010996598e-02
3.486411681408322e-02
3.481718925894189e-02
3.767813036129180e-02
3.428012055727037e-02
3.427709610106580e-02
3.486033271842146e-02
3.488969829676426e-02
3.769458604994494e-02
3.767918419481295e-02
3.870108396943771e-02
3.370579125885012e-02
3.365993323711283e-02
3.429301158562766e-02
3.426036220959974e-02
3.483913288549466e-02
3.360960083438560e-02
3.371823624902461e-02
3.366235046681210e-02
3.363199120030663e-02
3.353679000366318e-02
3.360383485818261e-02
3.845112750410423e-02
3.845158549040443e-02
3.851070979494331e-02
3.851119261707988e-02
3.849999999999999e-02
3.851116266324326e-02
3.850000000000000e-02
3.850000000000001e-02
3.369743985323864e-02
3.361504787404482e-02
3.356689031783021e-02
3.355247616130069e-02
3.365908743261879e-02
3.362037047937838e-02
3.355051545074588e-02
3.357296762361680e-02
3.359043163822573e-02
3.362482719911854e-02
3.358287305175159e-02
3.366525491334546e-02
3.366165274307815e-02
3.427070673787833e-02
3.487403050621488e-02
3.354361432210178e-02
3.360812909875309e-02
3.361628938224701e-02
3.356477785712598e-02
3.366406534038054e-02
3.366109511612665e-02
3.362240135477854e-02
3.366205952162316e-02
3.366715288088711e-02
3.358790866199603e-02
3.486418958535747e-02
3.487504084400084e-02
3.768202096338338e-02
3.426850397877530e-02
3.425050613979734e-02
3.768615373412378e-02
3.487078808637619e-02
3.483023842832136e-02
3.768714643895252e-02
3.482973253080821e-02
3.487116579395826e-02
3.768515561087746e-02
3.482569484946400e-02
3.429577272756631e-02
3.428250297289731e-02
3.768026519851568e-02
3.486604627912571e-02
3.768651111250482e-02
3.870179994475865e-02
3.768169211209080e-02
3.487402212258055e-02
3.486208632157650e-02
3.769118805700234e-02
3.427018916429255e-02
3.768754788170856e-02
3.482718819640912e-02
3.768221113471811e-02
3.488257496722193e-02
3.768673331454994e-02
3.869993767428150e-02
3.767610986200901e-02
3.488531904742716e-02
3.768750857667364e-02
3.869821826554833e-02
3.869965697285232e-02
3.485661925766288e-02
3.769454434976102e-02
3.425232045688661e-02
3.488392213845739e-02
3.488566260086935e-02
3.768562943787133e-02
3.767437425201067e-02
3.485422873057718e-02
3.768357161186188e-02
3.487620966381135e-02
3.767541142741175e-02
3.768217411413978e-02
3.484086068701630e-02
3.487967169451994e-02
3.427937196196686e-02
3.424499847007965e-02
3.483931697302956e-02
3.768558271412472e-02
3.486915938199998e-02
3.768481513521951e-02
3.869695258188768e-02
3.869876739795255e-02
3.768031463794987e-02
3.767739681999087e-02
3.869925250924233e-02
3.870055176119920e-02
3.870251451283303e-02
3.766987910683777e-02
3.767962674771676e-02
3.768334662548897e-02
3.767273602818359e-02
3.870067391559450e-02
3.870074274031277e-02
3.769174462715506e-02
3.769247328667893e-02
3.768223979589212e-02
3.869832201925268e-02
3.869940753815143e-02
3.845249447266733e-02
3.487889478270212e-02
3.769230214408527e-02
3.427846695184258e-02
3.426693331476241e-02
3.487282545891510e-02
3.487137884375840e-02
3.484561099046300e-02
3.768166261259438e-02
3.485879806712794e-02
3.427159618235975e-02
3.427806783425339e-02
3.485180721072824e-02
3.768260052425210e-02
3.483425703674357e-02
3.486849394557980e-02
3.425433238153272e-02
3.485106193934841e-02
3.768634578028031e-02
3.765967468927466e-02
3.485136124764453e-02
3.425879158014752e-02
3.363842309104698e-02
3.425119353916712e-02
3.363865254713200e-02
3.425659758998948e-02
3.484433272829925e-02
3.487050415078474e-02
3.484150634845560e-02
3.768713001868366e-02
3.768921057985486e-02
3.768995456785484e-02
3.869979260507918e-02
3.869638074973123e-02
3.425018193446028e-02
3.485954662250658e-02
3.425495885323272e-02
3.483322707413557e-02
3.425883918983901e-02
3.487077865448562e-02
3.363693731940187e-02
3.425788706437195e-02
3.360008855096183e-02
3.424449681268114e-02
3.365437463824667e-02
3.425780097944426e-02
3.486950276780847e-02
3.767973315951058e-02
3.768124175424972e-02
3.427577118454214e-02
3.484261702174410e-02
3.367052229430747e-02
3.427569215340607e-02
3.485316985195681e-02
3.768291981828921e-02
3.486755246790624e-02
3.427073451621749e-02
3.429901781655483e-02
3.368024911589200e-02
3.374518600925259e-02
3.484205475264928e-02
3.427088439652497e-02
3.425258383970270e-02
3.368004341578435e-02
3.363188484697011e-02
3.481709999596997e-02
3.485133034632304e-02
3.367037497422623e-02
3.426002982108207e-02
3.424900083909482e-02
3.482122390065882e-02
3.484159108770486e-02
3.767417047577726e-02
3.767855613691921e-02
3.484286830075724e-02
3.487428924879645e-02
3.425141235777365e-02
3.360162143825235e-02
3.364660812309437e-02
3.768278465510294e-02
3.870178181957485e-02
3.845162651363926e-02
3.845109703731858e-02
3.851105689820686e-02
3.851073364165278e-02
3.849999999999999e-02
3.849999999999999e-02
3.869895837875419e-02
3.870091777270031e-02
3.845241580139726e-02
3.768620378444488e-02
3.486419820169324e-02
3.767620003075216e-02
3.845133821649709e-02
3.870130468457372e-02
3.870101215559524e-02
3.845158659333428e-02
3.845180804173295e-02
3.869841432941102e-02
3.769013567953530e-02
3.870104502827056e-02
3.869664357563409e-02
3.768048753058570e-02
3.768505424849611e-02
3.769063714458074e-02
3.870002312974150e-02
3.845175645975440e-02
3.869735632866718e-02
3.845185346907579e-02
3.851060268271535e-02
3.851104546602493e-02
3.850000000000000e-02
3.845136545430922e-02
3.869721861764190e-02
3.869916357946863e-02
3.845141784331164e-02
3.870285018277563e-02
3.767695934159666e-02
3.845138800631952e-02
3.869886480729804e-02
3.845137307800434e-02
3.851073728879179e-02
3.850000000000000e-02
3.849999999999999e-02
3.845162658450999e-02
3.869692293056157e-02
3.845164861426322e-02
3.845089593946680e-02
3.869822514963363e-02
3.870076839983878e-02
3.845084789805777e-02
3.870310794948167e-02
3.845155842395889e-02
3.869740306266680e-02
3.851080441472982e-02
3.851092690750845e-02
3.849999999999999e-02
3.870259032978186e-02
3.845170407498071e-02
3.845178198543483e-02
3.851105716950388e-02
3.849999999999999e-02
3.850000000000000e-02
3.845122407240911e-02
3.851071353835038e-02
3.850000000000000e-02
3.851073825345702e-02
3.851118122119338e-02
3.850000000000000e-02
3.850000000000000e-02
3.845047714880841e-02
3.869738528793275e-02
3.845194293488488e-02
3.845194615981496e-02
3.869952046215357e-02
3.870162209286873e-02
3.845131059864922e-02
3.870046808675576e-02
3.845156831471015e-02
3.869838866757831e-02
3.870264764394973e-02
3.845152331640617e-02
3.845151917312359e-02
3.845220042278018e-02
3.851096425781673e-02
3.850000000000000e-02
3.851057525720278e-02
3.850000000000000e-02
3.845060012557470e-02
3.870141777033416e-02
3.767854242509083e-02
3.767915894115617e-02
3.870176094552273e-02
3.869990313076545e-02
3.768076520259497e-02
3.845184855612073e-02
3.869984297423579e-02
3.768522967488373e-02
3.870224403613384e-02
3.869785047229908e-02
3.767910001453997e-02
3.487238875585356e-02
3.869989710934252e-02
3.870092742314621e-02
3.869558746947650e-02
3.768553345643110e-02
3.768767538669853e-02
3.870095523748827e-02
3.869928996095823e-02
3.851090163297224e-02
3.849999999999999e-02
3.768486966145711e-02
3.769478048815715e-02
3.869907123406703e-02
3.768666802142378e-02
3.487496621025469e-02
3.869777439830190e-02
3.870046500298117e-02
3.845184438418486e-02
3.845169568258370e-02
3.851091078807149e-02
3.851106518268264e-02
3.850000000000001e-02
3.851072564485235e-02
3.850000000000000e-02
3.870270976507902e-02
3.845131047906260e-02
3.851111587489245e-02
3.851069712809423e-02
3.850000000000000e-02
3.869806303678983e-02
3.870215409011880e-02
3.767778414719348e-02
3.768323341819494e-02
3.869862360896138e-02
3.845098256255941e-02
3.845145817845597e-02
3.870245185078815e-02
3.765728170495560e-02
3.482930734265486e-02
3.767156843880663e-02
3.869915412927728e-02
3.768102193332959e-02
3.768512171018562e-02
3.487214252362388e-02
3.482515752946141e-02
3.870075103284103e-02
3.767510586156051e-02
3.870300868639352e-02
3.766049911595756e-02
3.483714200743564e-02
3.485342271649107e-02
3.869745256341779e-02
3.355939990747357e-02
3.363439638257407e-02
3.360724018092397e-02
3.424358583813764e-02
3.869920810182484e-02
3.870096961194006e-02
3.768781048678623e-02
3.870108539593821e-02
3.845176353333081e-02
3.870067959204276e-02
3.870041315863488e-02
3.845129897354569e-02
3.851075278862852e-02
3.851095722783753e-02
3.849999999999999e-02
3.845200108529238e-02
3.845089479195898e-02
3.851106386857674e-02
3.850000000000000e-02
3.851111398164878e-02
3.850000000000000e-02
3.851059770523236e-02
3.850000000000000e-02
3.850000000000000e-02
3.845164316497077e-02
3.845203313106418e-02
3.845099863017365e-02
3.851056421772723e-02
3.850000000000000e-02
3.845173628699424e-02
3.845151104477071e-02
3.851094632869958e-02
3.850000000000000e-02
3.851080760484860e-02
3.851103250524360e-02
3.850000000000000e-02
3.851067439438988e-02
3.850000000000000e-02
3.849999999999999e-02
3.851106642926013e-02
3.850000000000000e-02
3.845161687985787e-02
3.851067135420356e-02
3.850000000000000e-02
3.850000000000001e-02
3.851095360642458e-02
3.849999999999999e-02
3.845184374391915e-02
3.845241971114342e-02
3.851066651896908e-02
3.850000000000000e-02
3.851067613344133e-02
3.849999999999999e-02
3.851071771942919e-02
3.849999999999999e-02
3.845092087805144e-02
3.845199685748521e-02
3.851111698015810e-02
3.851068374190622e-02
3.850000000000000e-02
3.850000000000000e-02
3.845164587919491e-02
3.845104800213768e-02
3.851107157148230e-02
3.850000000000000e-02
3.851070868426898e-02
3.850000000000001e-02
3.850000000000001e-02
3.845187989160288e-02
3.845106987429811e-02
3.851115313167085e-02
3.851103252826536e-02
3.851083695303701e-02
3.849999999999999e-02
3.851067098818877e-02
3.851103041677389e-02
3.850000000000000e-02
3.850000000000000e-02
3.851086395500066e-02
3.851079659943175e-02
3.850000000000000e-02
3.845290149840440e-02
3.845132256898500e-02
3.850000000000001e-02
3.849999999999999e-02
3.851064339851257e-02
3.849999999999999e-02
3.869652734627588e-02
3.845224225797709e-02
3.845191349408569e-02
3.769000230181638e-02
3.851105288241204e-02
3.850000000000000e-02
3.851104066102684e-02
3.850000000000000e-02
3.845185532017711e-02
3.851071823456757e-02
3.354911392337288e-02
3.355071161184382e-02
3.356410832960383e-02
3.360632395431375e-02
3.357776501787536e-02
3.851101376719453e-02
3.851102787735631e-02
3.850000000000000e-02
3.849999999999999e-02
3.851085285577905e-02
3.849999999999999e-02
3.851096577881363e-02
3.845155960106549e-02
3.869915221449195e-02
3.851067366167353e-02
3.850000000000000e-02
3.845187518243466e-02
3.851068830865980e-02
3.845199250330442e-02
3.850000000000000e-02
3.850000000000000e-02
3.851096851055495e-02
3.851102370498173e-02
3.851079262398320e-02
3.851089262439630e-02
3.850000000000000e-02
3.850000000000000e-02
3.849999999999999e-02
3.851100147723585e-02
3.845150764583035e-02
3.851096038137056e-02
3.851067689553919e-02
3.849999999999999e-02
3.849999999999999e-02
3.850000000000000e-02
3.851070880372101e-02
3.851121491178630e-02
3.845094049615148e-02
3.845077215360926e-02
3.870038763522422e-02
3.850000000000000e-02
3.849999999999999e-02
3.845142554284145e-02
3.851104456769133e-02
3.851059102725289e-02
3.845166071869038e-02
3.850000000000000e-02
3.850000000000000e-02
3.850000000000001e-02
3.851076919319885e-02
3.851107445934864e-02
3.845106028868971e-02
3.870196421861936e-02
3.845196377084306e-02
3.850000000000000e-02
3.849999999999999e-02
3.359590088173664e-02
3.354897912551755e-02
3.361009664608259e-02
3.360859727627492e-02
3.357771725318919e-02
3.366495925754698e-02
3.357177000221530e-02
3.359952927385840e-02
3.370082103565247e-02
3.363974489549114e-02
3.426904775378379e-02
3.484742836503898e-02
3.767180860809247e-02
3.768562945704388e-02
3.845251378031217e-02
3.869549070961373e-02
3.869989800183957e-02
3.869873263883668e-02
3.845173398024689e-02
3.851081757536986e-02
3.845161567451064e-02
3.870117902515289e-02
3.849999999999999e-02
3.851104378594757e-02
3.850000000000000e-02
3.845166610113193e-02
3.851118869621786e-02
3.845027089055838e-02
3.850000000000001e-02
3.850000000000000e-02
3.851095066754037e-02
3.845193580375372e-02
3.849999999999999e-02
3.849999999999999e-02
3.851097802639580e-02
3.851102148915538e-02
3.845213760098651e-02
3.851063952088532e-02
3.845173648895115e-02
3.850000000000001e-02
3.850000000000000e-02
3.849999999999999e-02

LAM  1  1102  double
-3.556096307770625e-02
-3.539847877459915e-02
-3.471619062692346e-02
-3.411799948974006e-02
-3.466424229325731e-02
-3.749067313744000e-02
-3.803022210114534e-02
-4.168246710184060e-02
-3.688906450806184e-02
-4.001049627432245e-02
-3.817480561452328e-02
-3.616764703842778e-02
-4.622079159832583e-02
-4.756715058047405e-02
-3.173603772434117e-02
-3.227611578421823e-02
-3.752510244039274e-02
-3.756494077312688e-02
-4.128833415569727e-02
-3.645072391827349e-02
-4.080071749219707e-02
-3.712333674754818e-02
-4.598061347038577e-02
-3.749854896060352e-02
-3.725029883984587e-02
-3.744174447731132e-02
-3.973962767987544e-02
-3.950635662123329e-02
-3.719500866394690e-02
-3.669495145232024e-02
-3.992392809243673e-02
-3.735766485525192e-02
-3.737063188706120e-02
-3.749190220167752e-02
-4.672826199036906e-02
-4.660266465843697e-02
-3.760042141546375e-02
-3.984753377680233e-02
-4.165181138070309e-02
-3.704639812654486e-02
-3.562393569746213e-02
-4.812635350268577e-02
-3.733618099941552e-02
-3.845756636823727e-02
-4.172439640966634e-02
-3.680317007981894e-02
-3.736503095572970e-02
-4.635202152790135e-02
-3.508607707299001e-02
-3.710183494222829e-02
-3.742389377003177e-02
-3.755172931172271e-02
-3.756309639462564e-02
-3.621008270114116e-02
-3.649470844428092e-02
-3.761951325902459e-02
-3.573088482203580e-02
-3.515335419997334e-02
-3.599137916517455e-02
-3.529980215204710e-02
-3.561295828717351e-02
-3.673185189178568e-02
-3.631973932609340e-02
-3.572716823878742e-02
-3.493690561840138e-02
-3.508160835839733e-02
-3.471673229213714e-02
-3.410070755154772e-02
-3.422868367101337e-02
-3.486537677269971e-02
-3.265701902835330e-02
-3.243427850762533e-02
-3.256846468959650e-02
-3.284664849224826e-02
-3.257366187720313e-02
-3.281156139342471e-02
-3.670557945646158e-02
-3.584847462476373e-02
-3.758028476649090e-02
-3.732714963055129e-02
-3.747187849975378e-02
-3.769843218674832e-02
-3.600902720715500e-02
-3.627639811354175e-02
-3.489362219810851e-02
-3.424106075521799e-02
-3.327664069390730e-02
-3.287273058285325e-02
-3.436834483600307e-02
-3.511961703196348e-02
-3.455389115499995e-02
-3.566216211904832e-02
-3.559671885019838e-02
-3.495577553284493e-02
-3.727962435599660e-02
-3.724731445889696e-02
-3.758389420422222e-02
-3.730936040931706e-02
-3.609472979704186e-02
-3.614196359049319e-02
-4.021923783324083e-02
-3.580861523722564e-02
-3.479763271014259e-02
-3.534175438316068e-02
-3.453725381267181e-02
-3.525974700197875e-02
-3.248408418286044e-02
-3.235183013508559e-02
-3.248039791215519e-02
-3.266611013457520e-02
-3.259020655359816e-02
-3.240366251491451e-02
-3.272775494678548e-02
-3.260150205606504e-02
-3.609461231993101e-02
-3.760394158443085e-02
-3.627354070836073e-02
-3.562006523484281e-02
-3.550220141807246e-02
-3.704863830106449e-02
-3.275110391907156e-02
-3.261963053185194e-02
-3.242045328962703e-02
-3.292419153379742e-02
-3.285083394969447e-02
-3.324071268194059e-02
-3.282112967674879e-02
-3.285048896015879e-02
-3.298753095619630e-02
-3.315850974771936e-02
-3.324446264986099e-02
-3.318709821599605e-02
-3.289819971638380e-02
-3.283078905342138e-02
-3.307264088812856e-02
-3.354057807531516e-02
-3.364743710006261e-02
-3.331043141451397e-02
-3.329704238029521e-02
-3.316643401546752e-02
-3.315101868240993e-02
-3.355504652328671e-02
-3.359636682647388e-02
-3.362896449489824e-02
-3.409335543589434e-02
-3.330557384191518e-02
-3.295893861720116e-02
-3.336859909553709e-02
-3.722982490327301e-02
-3.583953450531714e-02
-3.639366700411521e-02
-3.611434525567661e-02
-3.617331996062176e-02
-3.573988100049822e-02
-3.597172450384473e-02
-3.523154472596105e-02
-3.572293453072337e-02
-3.565821633704718e-02
-3.500108301067934e-02
-3.623890837929251e-02
-3.779552738298600e-02
-3.732359133533224e-02
-3.749069120294271e-02
-3.793741844541572e-02
-3.452218935557410e-02
-3.521833615537689e-02
-3.386304996705731e-02
-3.410963855867544e-02
-3.474269100063949e-02
-3.734882088514766e-02
-3.740300145367131e-02
-3.625657383638026e-02
-3.686935942582661e-02
-3.756545584368816e-02
-3.428275297780494e-02
-3.434278483406965e-02
-3.485396657741486e-02
-3.485122106816708e-02
-3.375353599722206e-02
-3.567697439963957e-02
-3.562810026233561e-02
-3.495041341154513e-02
-3.724360539910910e-02
-3.691544006365689e-02
-3.750831396165524e-02
-3.671320089720173e-02
-4.018156723773839e-02
-3.595930896516478e-02
-3.619073631372835e-02
-3.432780168381445e-02
-3.450115643223372e-02
-3.410556335871299e-02
-3.472773626720382e-02
-3.386492482087609e-02
-3.375537734294248e-02
-3.432145664595269e-02
-3.435763794215083e-02
-3.380045620749684e-02
-3.381129906582653e-02
-4.012371465956309e-02
-3.721163848865412e-02
-3.754377653450538e-02
-4.035790722542707e-02
-3.734783292842185e-02
-3.601598155861623e-02
-3.577971614622803e-02
-3.513932116436622e-02
-3.486985475895708e-02
-3.565344178325915e-02
-3.744157335969969e-02
-3.764486594816450e-02
-3.664755638133797e-02
-3.762694741968735e-02
-4.080007023667526e-02
-4.489555677770812e-02
-4.628181238672525e-02
-3.685642350621303e-02
-3.130881318963966e-02
-3.175909869296951e-02
-4.615512001022770e-02
-3.741015491424313e-02
-4.672361636362746e-02
-3.179176945732858e-02
-3.143890701170194e-02
-3.133165027477903e-02
-3.796065979413003e-02
-3.693231148793844e-02
-3.732590756500098e-02
-3.717617449478809e-02
-3.980569975239961e-02
-4.166172138264193e-02
-3.850060482352367e-02
-3.956903003557252e-02
-3.969883229091439e-02
-3.765307674283418e-02
-3.685096054963638e-02
-3.706572960199432e-02
-4.017317077863818e-02
-3.776994332368675e-02
-4.655423790196033e-02
-4.706584254391837e-02
-3.650962067754824e-02
-4.742510115794758e-02
-3.352818243273287e-02
-3.336110277189495e-02
-3.306561768650829e-02
-3.288433650419904e-02
-3.272037546449970e-02
-3.295677774693585e-02
-3.386064750613980e-02
-3.357865956310688e-02
-3.340381366250594e-02
-3.311164516134278e-02
-3.299168843764309e-02
-3.393246873091184e-02
-3.418273312279095e-02
-3.696979441620642e-02
-4.802938120161450e-02
-4.249630245923856e-02
-4.753773775315134e-02
-3.370602077211698e-02
-4.530277614419617e-02
-4.809354311400599e-02
-3.573180422091646e-02
-4.713440349605553e-02
-3.152146784717422e-02
-3.195462113500400e-02
-3.191364632931439e-02
-3.235891916549691e-02
-3.233158984083769e-02
-3.232677797621079e-02
-3.240972900844862e-02
-3.746644124158122e-02
-3.618689130657551e-02
-3.753453655860785e-02
-3.754606803460086e-02
-3.708264460521200e-02
-3.735719808531357e-02
-3.753790081141125e-02
-3.726412302451001e-02
-3.709069943814489e-02
-4.000091075717647e-02
-3.494696078454757e-02
-3.477544519812830e-02
-3.429437354690822e-02
-3.416803987495066e-02
-3.592723679404465e-02
-3.588941972548909e-02
-3.657992160068640e-02
-3.622253783536358e-02
-3.716736992650500e-02
-3.782089334536640e-02
-3.360082552005980e-02
-3.409059573193351e-02
-3.462991784068931e-02
-3.440037423760284e-02
-3.482412607854909e-02
-3.417590534043335e-02
-3.374274842590413e-02
-3.467391308534202e-02
-3.369013173346561e-02
-3.361577932559601e-02
-3.321819370938645e-02
-3.335182004403029e-02
-3.365695158136835e-02
-3.319842061302451e-02
-3.857821013221180e-02
-3.695418552440367e-02
-3.644853683737780e-02
-3.677323879222844e-02
-3.741188393854903e-02
-3.684356624063980e-02
-3.241248723374703e-02
-3.258602515561206e-02
-3.244879153893623e-02
-3.259496277125096e-02
-3.268141179763205e-02
-3.356370696872024e-02
-3.364427612683044e-02
-3.331643778988182e-02
-3.317854408986736e-02
-3.289939446838351e-02
-3.328875884675048e-02
-3.302136864573629e-02
-3.288283418992219e-02
-3.349145824931838e-02
-3.378394886697935e-02
-3.379275095986836e-02
-3.355122540335543e-02
-3.413579826368858e-02
-3.390905082494360e-02
-3.381359466109121e-02
-3.449229291768859e-02
-3.451699933824209e-02
-3.475685765947756e-02
-3.513918592066752e-02
-3.577479323732096e-02
-3.485843857944002e-02
-3.610325424060822e-02
-3.597181861741029e-02
-3.539591408161262e-02
-3.599198664405633e-02
-3.597068789294359e-02
-3.539234818972607e-02
-3.721573730088769e-02
-3.731448091313911e-02
-3.721470404348819e-02
-3.399104345231951e-02
-3.439524038048349e-02
-3.344813917278564e-02
-3.374225851524813e-02
-3.444534262367255e-02
-3.405130975757580e-02
-3.473838154630699e-02
-3.421990304576046e-02
-3.512096272289098e-02
-3.447340609470332e-02
-3.962543965182148e-02
-3.738245472767722e-02
-3.710512367133235e-02
-3.729925303273778e-02
-4.000193895188209e-02
-3.982353095085606e-02
-3.619284523030497e-02
-3.719790286405224e-02
-3.548083250055094e-02
-3.602094633479298e-02
-3.597730216501940e-02
-3.723978216318699e-02
-3.358243282604884e-02
-3.317776012558130e-02
-3.363056345939067e-02
-3.411380376483921e-02
-3.663578889642255e-02
-3.578665162115424e-02
-3.607448256384672e-02
-3.607112053103158e-02
-3.734563955618612e-02
-3.776742948382561e-02
-3.309001434806245e-02
-3.298517970743493e-02
-3.338883767670409e-02
-3.333902654666297e-02
-4.108421352379969e-02
-3.732072919041968e-02
-4.683504130166388e-02
-4.682168575419912e-02
-3.576013655823777e-02
-3.886427110456057e-02
-3.582322778355230e-02
-3.781096570254743e-02
-3.767261794915956e-02
-3.630048232301333e-02
-3.603177289376093e-02
-3.711280448582211e-02
-3.614473694030511e-02
-3.577029107885162e-02
-3.695986019974629e-02
-3.723748817672227e-02
-3.688270902532035e-02
-3.759264684119563e-02
-3.601791861902756e-02
-3.551707393740103e-02
-3.538768617288592e-02
-3.613166319039095e-02
-3.605099071699804e-02
-3.763121240862814e-02
-3.649800266818044e-02
-3.543260949154527e-02
-3.553403697327430e-02
-3.603205775676203e-02
-3.470980087090313e-02
-3.446912865047509e-02
-3.379439617732647e-02
-3.421453946989186e-02
-3.469817029072712e-02
-3.260189308994031e-02
-3.268715331621828e-02
-3.249988523690889e-02
-3.273831099852645e-02
-3.249409610411206e-02
-3.447490335942158e-02
-3.380902214617604e-02
-3.423777224044890e-02
-3.515847177414495e-02
-3.486808124249294e-02
-3.571066494287300e-02
-3.591420905052151e-02
-3.504467568313276e-02
-3.606931764715602e-02
-3.799337473087380e-02
-3.696919613207231e-02
-3.629062746675987e-02
-3.645906730361061e-02
-3.611793422969860e-02
-3.755311722927541e-02
-3.979500538599202e-02
-3.703424810691641e-02
-3.681926773073487e-02
-3.616648364983079e-02
-3.572854330125390e-02
-3.758361809646132e-02
-3.548627155663800e-02
-3.462867958141980e-02
-3.538674186060573e-02
-3.467827152301273e-02
-3.417368734053973e-02
-3.408112917489867e-02
-3.549975474330316e-02
-3.617609775474613e-02
-3.636503311336060e-02
-3.581800129043355e-02
-3.605854851513118e-02
-3.728399558460206e-02
-3.763745053279093e-02
-3.573070971407498e-02
-3.482162325378811e-02
-3.506125989966610e-02
-3.553107493952152e-02
-3.469595690548417e-02
-3.471195956182842e-02
-3.546446050395975e-02
-3.476200566901441e-02
-3.557962750380476e-02
-3.415094733653234e-02
-3.715422332196927e-02
-3.717107587083433e-02
-3.718819738454741e-02
-4.012112474501153e-02
-4.002253563308943e-02
-3.752102695713817e-02
-3.602359117538526e-02
-4.156459889863307e-02
-3.804488096265498e-02
-3.976610506526420e-02
-3.745361691684310e-02
-3.699170938585620e-02
-4.610174449135590e-02
-3.952235753492302e-02
-3.539702948057106e-02
-4.023130338280050e-02
-3.695947994152215e-02
-4.796796466005083e-02
-4.764857620740773e-02
-3.768179069270016e-02
-4.182763909301391e-02
-3.697338939474564e-02
-3.977768654478561e-02
-3.686681675616712e-02
-3.958081612068923e-02
-3.717570216571751e-02
-3.793330735656652e-02
-3.737884311794126e-02
-4.643859259388895e-02
-3.741839737587704e-02
-4.727161735179116e-02
-3.737850352740302e-02
-3.174266077537077e-02
-4.087322729466013e-02
-3.777733043327795e-02
-3.984347530785600e-02
-3.715310006200275e-02
-3.735485993286054e-02
-4.593006012258110e-02
-3.647044083139131e-02
-4.698259125217664e-02
-4.677584143219407e-02
-3.699176003561185e-02
-3.755265003977219e-02
-4.629329918049722e-02
-4.657858132259532e-02
-4.689929926174608e-02
-3.673858314201112e-02
-3.720249096068247e-02
-4.008345502361432e-02
-3.753221640450120e-02
-4.030906473049067e-02
-4.105813621254345e-02
-4.646220773902025e-02
-3.747681764273468e-02
-3.711064304668071e-02
-4.658184692478869e-02
-3.168817939296838e-02
-3.744521335770904e-02
-3.729084530734863e-02
-4.657738303697008e-02
-4.658409114496550e-02
-4.003966530618311e-02
-4.658821518599744e-02
-3.179531727964909e-02
-6.946200106715902e-02
-6.939356755982817e-02
-3.172929692037831e-02
-5.460488226412594e-02
-4.065849743078649e-02
-3.678386946310575e-02
-3.809017326692949e-02
-3.732652285957735e-02
-3.738743830320308e-02
-3.719133347673167e-02
-4.664344134752860e-02
-4.596778564595313e-02
-3.610141313651289e-02
-4.682722917752130e-02
-3.126038164053371e-02
-4.670981272050832e-02
-6.946553742755139e-02
-3.176291630413915e-02
-3.152126208852236e-02
-6.952993911853418e-02
-4.679143521046388e-02
-4.666567475410907e-02
-3.118130537753244e-02
-3.127424526278263e-02
-6.961114818093328e-02
-6.931404678232622e-02
-5.463923671984479e-02
-3.550002015836853e-02
-3.673806848026288e-02
-4.797324706796873e-02
-4.643235815100789e-02
-3.128283507438838e-02
-4.130120636760803e-02
-3.610049502299909e-02
-3.689435843554244e-02
-3.729406273145823e-02
-3.705682249708695e-02
-4.101388469965445e-02
-4.969621079113636e-02
-4.970031471595020e-02
-7.113088514197574e-02
-7.070572353033405e-02
1.000000000000000e-03
-7.067666098576039e-02
1.000000000000000e-03
1.000000000000000e-03
-3.521883114089507e-02
-4.103848226716345e-02
-3.733921169232255e-02
-3.743790610094738e-02
-3.694155213484216e-02
-4.117701273204644e-02
-3.686697713985403e-02
-3.940212164150307e-02
-4.004790591535531e-02
-4.111091893023423e-02
-3.971501581049677e-02
-3.691196580827159e-02
-3.672298443952229e-02
-4.669100315374688e-02
-3.138358982213809e-02
-3.691316590648658e-02
-4.047681540022278e-02
-4.125564939134511e-02
-3.813811093671799e-02
-3.680837710304322e-02
-3.658455135512115e-02
-4.090857768593931e-02
-3.680202752259187e-02
-3.624976830166409e-02
-3.977713286720221e-02
-3.127057464377059e-02
-3.151044019032619e-02
-6.942927095431729e-02
-4.639195140715770e-02
-4.554459305240042e-02
-6.939222008889419e-02
-3.165179340665191e-02
-3.144004755808534e-02
-6.941323017814678e-02
-3.170544409670934e-02
-3.089479429815159e-02
-6.963139040995646e-02
-3.097466022355354e-02
-4.801186104603596e-02
-4.749127099492847e-02
-6.941800950958207e-02
-3.158024206736416e-02
-6.944679818646138e-02
-5.450913693792280e-02
-6.930849564095945e-02
-3.130011503805899e-02
-3.139502814106637e-02
-6.955914336298921e-02
-4.663687973039876e-02
-6.948208342625109e-02
-3.101240537848007e-02
-6.926948997583991e-02
-3.125702680345890e-02
-6.945013123755268e-02
-5.463082340646783e-02
-6.937364744336887e-02
-3.133915421501125e-02
-6.960565649553602e-02
-5.478531263377730e-02
-5.478956059206353e-02
-3.111412908884591e-02
-6.975994807858205e-02
-4.532936187311803e-02
-3.074722635943767e-02
-3.180061266580955e-02
-6.955627252645434e-02
-6.929079341015780e-02
-3.159884337483165e-02
-6.972442163622543e-02
-3.162425071723431e-02
-6.935236847118550e-02
-6.956642265865688e-02
-3.160851102077021e-02
-3.168901057646437e-02
-4.721603964985140e-02
-4.547641381834120e-02
-3.128553990827459e-02
-6.954851660641509e-02
-3.127315326821270e-02
-6.940551516120674e-02
-5.467833198614544e-02
-5.473658950962189e-02
-6.940047016721929e-02
-6.929226625732786e-02
-5.485096301923385e-02
-5.463290588999768e-02
-5.465037091504697e-02
-6.934713261865273e-02
-6.961349026989758e-02
-6.967781157604379e-02
-6.933291533698341e-02
-5.458972158175893e-02
-5.446325119300063e-02
-6.971257348559780e-02
-6.955521653238479e-02
-6.914729370081760e-02
-5.468272089531450e-02
-5.448554277763631e-02
-4.968852637544216e-02
-3.151182704398025e-02
-6.967123192619014e-02
-4.678115805472528e-02
-4.623935219719263e-02
-3.109594212323160e-02
-3.187710332282753e-02
-3.190500445283902e-02
-6.963053800587347e-02
-3.162187905777449e-02
-4.775255172089656e-02
-4.815645766000630e-02
-3.144377404413726e-02
-6.944262346969991e-02
-3.189434604896672e-02
-3.139618526728284e-02
-4.644506422002864e-02
-3.196206181732704e-02
-6.965135492488547e-02
-6.942780858746248e-02
-3.172438380357388e-02
-4.700795550899185e-02
-3.738095937991325e-02
-4.659925236105323e-02
-3.672705300842145e-02
-4.704588239674207e-02
-3.146356877208584e-02
-3.153654822167009e-02
-3.137936594749419e-02
-6.945098479444861e-02
-6.956410866182434e-02
-6.960743405360782e-02
-5.455842548785692e-02
-5.461228106146809e-02
-4.677274067318565e-02
-3.187911637428737e-02
-4.691991232458863e-02
-3.163248230425943e-02
-4.636351698326725e-02
-3.173953382152050e-02
-3.734789620685078e-02
-4.645275162138919e-02
-3.755366070248835e-02
-4.647184507562424e-02
-3.687171851956340e-02
-4.686320421984350e-02
-3.197772063411744e-02
-6.956474544884043e-02
-6.948232744559678e-02
-4.694482808183548e-02
-3.133454407627209e-02
-3.613159429270799e-02
-4.684174629055909e-02
-3.124924649488021e-02
-6.930164533439283e-02
-3.119683184205773e-02
-4.638135876659195e-02
-4.806565879696243e-02
-3.645853283554318e-02
-3.502249220505534e-02
-3.094453328695923e-02
-4.784512815690955e-02
-4.691563488627912e-02
-3.592828519620248e-02
-3.755110512686010e-02
-3.174630890053405e-02
-3.174205092414172e-02
-3.614577696576415e-02
-4.716658948665706e-02
-4.677345097283024e-02
-3.165900096692474e-02
-3.191319069614463e-02
-6.937509335017282e-02
-6.958244985370170e-02
-3.144386208645137e-02
-3.147226033663875e-02
-4.590235965640138e-02
-4.078240843891232e-02
-3.686741357628597e-02
-6.940300449063910e-02
-5.446610385742762e-02
-4.969028611362721e-02
-4.970889745937233e-02
-7.071257968845851e-02
-7.124547900935300e-02
1.000000000000000e-03
1.000000000000000e-03
-5.456016722263112e-02
-5.448584930575985e-02
-4.972429112163002e-02
-6.972252305767916e-02
-3.187543623763390e-02
-6.944916820398389e-02
-4.975227926521421e-02
-5.443502019895677e-02
-5.461700568100684e-02
-4.966163594049197e-02
-4.974885994226501e-02
-5.470711428100699e-02
-6.948605750215918e-02
-5.443987001693899e-02
-5.451587822037678e-02
-6.961207467814576e-02
-6.954256744615391e-02
-6.982355076700530e-02
-5.444510767603795e-02
-4.969621160564351e-02
-5.482645706251286e-02
-4.970847404920045e-02
-7.114764468629955e-02
-7.068323317985772e-02
1.000000000000000e-03
-4.972585649120463e-02
-5.470248914566139e-02
-5.471559878858982e-02
-4.967698050531728e-02
-5.454516193846257e-02
-6.938795344015715e-02
-4.969883982141795e-02
-5.462786559593005e-02
-4.968503258199684e-02
-7.111797489507246e-02
1.000000000000000e-03
1.000000000000000e-03
-4.972332199462397e-02
-5.471922683406644e-02
-4.972214118445600e-02
-4.968754257703407e-02
-5.463868429302874e-02
-5.447002037105950e-02
-4.967668105093290e-02
-5.462019242015084e-02
-4.971846533696971e-02
-5.478860662366877e-02
-7.117120618209297e-02
-7.097573747168268e-02
1.000000000000000e-03
-5.450929764492947e-02
-4.968106484109400e-02
-4.977398725513187e-02
-7.067087864669420e-02
1.000000000000000e-03
1.000000000000000e-03
-4.973661618396726e-02
-7.113118934734933e-02
1.000000000000000e-03
-7.102821231209205e-02
-7.067614838380060e-02
1.000000000000000e-03
1.000000000000000e-03
-4.974110074206463e-02
-5.476682909212043e-02
-4.971886204989309e-02
-4.974805281946654e-02
-5.445374384743960e-02
-5.463923121218200e-02
-4.969473471196537e-02
-5.463108000451274e-02
-4.970454907479434e-02
-5.470840107314694e-02
-5.468315247307986e-02
-4.965367904888415e-02
-4.970876752861673e-02
-4.970163900060345e-02
-7.065425732896610e-02
1.000000000000000e-03
-7.125389433927147e-02
1.000000000000000e-03
-4.973220003850470e-02
-5.447067030140759e-02
-6.945424538413858e-02
-6.954416692938568e-02
-5.451183006506437e-02
-5.462843376271122e-02
-6.935663468348718e-02
-4.974652066898405e-02
-5.466231464452269e-02
-6.951403315636524e-02
-5.455124043645287e-02
-5.462404412132475e-02
-6.934213461209773e-02
-3.175899498564994e-02
-5.480597002906774e-02
-5.466125878993770e-02
-5.473114820765997e-02
-6.936125255731945e-02
-6.949610676102115e-02
-5.456609425799690e-02
-5.472191594195241e-02
-7.087396334748108e-02
1.000000000000000e-03
-6.937283872697501e-02
-6.963763915011840e-02
-5.456919608570247e-02
-6.957091302906160e-02
-3.076807427891878e-02
-5.473954706500875e-02
-5.460792236149885e-02
-4.971950063730016e-02
-4.967952767748578e-02
-7.086899003429943e-02
-7.058828293020523e-02
1.000000000000000e-03
-7.103010673254498e-02
1.000000000000000e-03
-5.452791356732447e-02
-4.970458781129502e-02
-7.070556546050852e-02
-7.124954460473323e-02
1.000000000000000e-03
-5.482134533944703e-02
-5.471031633254708e-02
-6.924616974923638e-02
-6.934347077281318e-02
-5.470738986317245e-02
-4.966784883253308e-02
-4.967993906638376e-02
-5.458987782565525e-02
-6.944974589281977e-02
-3.215140074571195e-02
-6.938466804248329e-02
-5.479461933581987e-02
-6.946258483400906e-02
-6.953791328075749e-02
-3.134187402241731e-02
-3.122042230546632e-02
-5.455397994240643e-02
-6.940219508514564e-02
-5.463355511053142e-02
-6.954299723359875e-02
-3.206109228615570e-02
-3.169438472797234e-02
-5.472570934443188e-02
-3.940020872865480e-02
-3.737736464813998e-02
-4.136412923813176e-02
-4.644494607887130e-02
-5.467261959025940e-02
-5.454586254016087e-02
-6.950834655253844e-02
-5.457734965014206e-02
-4.968174736551621e-02
-5.457260370040298e-02
-5.459716507557368e-02
-4.972170363881970e-02
-7.112120024190366e-02
-7.087153889104755e-02
1.000000000000000e-03
-4.973180626217318e-02
-4.967265216895309e-02
-7.062499980517888e-02
1.000000000000000e-03
-7.072467316327943e-02
1.000000000000000e-03
-7.125360933801175e-02
1.000000000000000e-03
1.000000000000000e-03
-4.966805453615113e-02
-4.970482538128055e-02
-4.968155189804184e-02
-7.125186973010932e-02
1.000000000000000e-03
-4.971828213927570e-02
-4.968020461210610e-02
-7.071272568386938e-02
1.000000000000000e-03
-7.115653779192235e-02
-7.066700091011500e-02
1.000000000000000e-03
-7.114118968635892e-02
1.000000000000000e-03
1.000000000000000e-03
-7.067884786071886e-02
1.000000000000000e-03
-4.969150431916081e-02
-7.112314616238831e-02
1.000000000000000e-03
1.000000000000000e-03
-7.061986018055559e-02
1.000000000000000e-03
-4.970957076909483e-02
-4.975336338968597e-02
-7.114207150009814e-02
1.000000000000000e-03
-7.101506058421161e-02
1.000000000000000e-03
-7.114313390992255e-02
1.000000000000000e-03
-4.972304772608625e-02
-4.971057019319028e-02
-7.063914378352666e-02
-7.124117293679219e-02
1.000000000000000e-03
1.000000000000000e-03
-4.970460646670766e-02
-4.968258928960665e-02
-7.065449828893561e-02
1.000000000000000e-03
-7.113765064079641e-02
1.000000000000000e-03
1.000000000000000e-03
-4.967534960258903e-02
-4.970226147954671e-02
-7.071682473668670e-02
-7.062622711237768e-02
-7.097895474331642e-02
1.000000000000000e-03
-7.125262877466439e-02
-7.065357314156395e-02
1.000000000000000e-03
1.000000000000000e-03
-7.069202006849687e-02
-7.098365950323800e-02
1.000000000000000e-03
-4.972356200671502e-02
-4.973968734977722e-02
1.000000000000000e-03
1.000000000000000e-03
-7.102161992901047e-02
1.000000000000000e-03
-5.468449800058837e-02
-4.976371514245754e-02
-4.969769386761020e-02
-6.959157318608117e-02
-7.064070347266237e-02
1.000000000000000e-03
-7.063950229937310e-02
1.000000000000000e-03
-4.972960412405582e-02
-7.102806051236282e-02
-3.827857948217678e-02
-3.739900026135138e-02
-3.729345365999152e-02
-4.153178099161657e-02
-3.994794868062377e-02
-7.059491622048283e-02
-7.074826171378117e-02
1.000000000000000e-03
1.000000000000000e-03
-7.107344427389961e-02
1.000000000000000e-03
-7.059755759747377e-02
-4.973476712262229e-02
-5.463596619787558e-02
-7.107587236052429e-02
1.000000000000000e-03
-4.972728708607222e-02
-7.102492953137242e-02
-4.970606662727165e-02
1.000000000000000e-03
1.000000000000000e-03
-7.063615771686298e-02
-7.067564033766774e-02
-7.112659078945574e-02
-7.087367237181824e-02
1.000000000000000e-03
1.000000000000000e-03
1.000000000000000e-03
-7.058950062825252e-02
-4.973410895131086e-02
-7.087731767169113e-02
-7.112260044573494e-02
1.000000000000000e-03
1.000000000000000e-03
1.000000000000000e-03
-7.124587396255536e-02
-7.071550572952830e-02
-4.970039751425041e-02
-4.968615491466831e-02
-5.470506269698133e-02
1.000000000000000e-03
1.000000000000000e-03
-4.968986378227338e-02
-7.068171000727726e-02
-7.125386842944063e-02
-4.969667971487842e-02
1.000000000000000e-03
1.000000000000000e-03
1.000000000000000e-03
-7.114398383426257e-02
-7.062391719226502e-02
-4.968870397870703e-02
-5.446954550816913e-02
-4.973174995039408e-02
1.000000000000000e-03
1.000000000000000e-03
-3.791192311019070e-02
-3.813089809928727e-02
-4.156740529451335e-02
-4.172812011674886e-02
-3.731153358092746e-02
-3.790594373465642e-02
-3.711727439519075e-02
-4.087585306515555e-02
-3.666900721384541e-02
-3.748004717174984e-02
-4.720646633780850e-02
-3.143285345695108e-02
-6.955793423253742e-02
-6.951211897943840e-02
-4.976097813074683e-02
-5.485559718245029e-02
-5.467837142122844e-02
-5.456572792624898e-02
-4.972445513217080e-02
-7.098294254502611e-02
-4.967475886435392e-02
-5.463877410858781e-02
1.000000000000000e-03
-7.066077724854330e-02
1.000000000000000e-03
-4.968941538861546e-02
-7.067392400890918e-02
-4.972410510890530e-02
1.000000000000000e-03
1.000000000000000e-03
-7.075198315369456e-02
-4.972348712755976e-02
1.000000000000000e-03
1.000000000000000e-03
-7.058891860471306e-02
-7.063659054828698e-02
-4.967280960966855e-02
-7.102209683180896e-02
-4.976381676127833e-02
1.000000000000000e-03
1.000000000000000e-03
1.000000000000000e-03

FIELD FieldData 25
Ux  1  1102  double
3.071927336034674e-06
-2.756235990948597e-06
1.054664549501698e-06
-1.321494458870857e-06
-5.290303017550096e-06
2.761064444167793e-05
3.368529285158184e-05
2.891846071356730e-05
3.228595724830141e-05
2.806188998949466e-05
-1.485589026434253e-05
-1.127950489526741e-05
-9.374322828298309e-06
-7.685350134484237e-06
-4.193760611642672e-06
-5.136588987653123e-06
1.065590612364664e-05
1.269689033595034e-05
8.949416320833126e-06
7.832906478905111e-06
1.449813836709724e-05
9.610465993348249e-06
6.818656508422727e-06
-2.304561586508047e-05
-2.069900619994236e-05
-2.932251485165960e-05
-2.650940831516735e-05
-2.343425383352638e-05
-3.047863696498121e-05
-2.697122393024998e-05
-3.303338433036096e-05
-2.853123084362030e-05
-2.970359154302882e-05
-2.689567147001748e-05
-2.104246162132339e-05
-2.177782295337272e-05
3.003170528659282e-05
3.627834644426287e-05
3.528509733752294e-05
2.985361638863093e-05
2.877927785066570e-05
2.289462582094615e-05
3.061224995565270e-05
3.763276343676791e-05
3.383428351011464e-05
2.850009960431166e-05
2.856324847372305e-05
2.144761810796147e-05
2.768248417861496e-05
-1.356626161760910e-05
-1.292877614370025e-05
-1.710870013763022e-05
-9.753288749900224e-06
-1.627774351671551e-05
-2.077129732466765e-05
-2.063618818476387e-05
-1.858303052168497e-05
-1.359184089777532e-05
-1.416521043903773e-05
-2.308349088955830e-05
-3.106803549512982e-05
-2.952089037738803e-05
-3.318866105511686e-05
-2.694567402811154e-05
-3.174617191351037e-05
-2.752044026391176e-05
-1.783914720759200e-06
5.448392626579597e-07
-6.111733151882570e-06
-7.914178895507273e-06
1.185402602457697e-05
7.064523870073391e-06
1.476840128261658e-05
1.926109080338523e-05
4.154789424021949e-06
2.207890621234998e-05
-4.441170376895398e-05
-4.468004210750331e-05
-4.342697551984465e-05
-4.199284667699699e-05
-4.298603314989435e-05
-4.146042314245868e-05
-4.457376893995946e-05
-4.359026110939412e-05
-3.458040497575365e-05
-3.289238738646283e-05
-1.406898010951341e-05
-9.751313526651373e-06
-3.559869834068863e-05
-3.899039012289496e-05
-3.902630718438660e-05
-3.484795480204750e-05
-3.814020455780720e-05
-3.561949420463617e-05
-3.919594163842577e-05
-4.220161925239108e-05
-3.750845300581895e-05
-4.066095746224629e-05
-4.230888386336229e-05
-4.022914540646738e-05
-3.485688901544437e-05
-4.362773114274798e-05
-4.178336763530077e-05
-4.170848061854637e-05
-4.112404401060421e-05
-4.372046277073549e-05
7.733563962226964e-06
4.945050330495970e-06
1.272658588330478e-05
1.531715993910443e-05
1.755598212453691e-05
9.948666917045101e-06
1.035498532930140e-05
2.718595493007847e-06
-4.375599177680600e-05
-4.300517005811910e-05
-4.449195059813560e-05
-4.399650748654338e-05
-4.261484705769814e-05
-4.007040058168210e-05
-2.096250167653302e-05
-1.840540363962084e-05
-1.084335670549497e-05
-2.544664491760384e-05
-2.287957409562169e-05
2.328140032679948e-05
1.300076411375577e-06
8.893363243486774e-06
1.629538571169820e-05
5.967054896974938e-06
1.326235687819366e-05
5.678105165218827e-07
5.391050565854011e-06
-2.176289371194975e-06
1.272663771459404e-05
1.476433062079507e-05
3.102992553419281e-06
7.834011578645994e-06
3.105618595547477e-05
2.876949632682479e-05
2.615070054491631e-05
3.229271121671373e-05
2.962266062730978e-05
3.460838844707159e-05
3.745294336940375e-05
2.434070137424804e-05
1.763788639054520e-05
1.960467422394696e-05
-3.103056101894097e-05
-3.517986495543690e-05
-3.450801324419994e-05
-3.187369503476756e-05
-2.828718714042999e-05
4.060832035457373e-05
4.259941532330780e-05
4.143463722366958e-05
4.347309433233582e-05
3.785143606166441e-05
3.861554081149854e-05
-3.759928121355172e-05
-3.244017507031405e-05
-3.846155646858307e-05
-3.513515188480199e-05
-3.568862922320726e-05
2.212427047822152e-05
2.249266394355187e-05
2.113010993939901e-05
1.638060373272687e-05
1.748440299985388e-05
1.360034123036591e-05
1.678117701631177e-05
1.777449394269048e-05
1.881834949096772e-05
2.095728867385072e-05
3.106304184605224e-05
2.669871106489308e-05
3.122834724209045e-05
3.516318309867983e-05
2.579473931324516e-05
3.063450267751233e-05
3.447842233342269e-05
2.695612076811238e-05
-2.314601841654773e-05
-2.553826886478316e-05
-2.136879661573943e-05
-1.933280027976991e-05
-1.985053169092921e-05
-2.263933066415369e-05
-1.829027238028913e-05
3.507209084036012e-05
3.858103284651304e-05
3.783973882848235e-05
4.143810094295319e-05
3.429476756172667e-05
3.023119665607199e-05
-3.165268967275647e-05
-2.733339401847501e-05
-2.649354291628381e-05
-3.088412961804732e-05
3.317315705209101e-05
3.265659412510225e-05
3.539160695198440e-05
3.102089817696996e-05
3.778450289787516e-05
-2.444738035531357e-05
-1.973400817066595e-05
-2.319979222775714e-05
-1.764888032920742e-05
-2.802328511106178e-05
-1.405368116613737e-05
-1.721857604494725e-05
-1.311201105134996e-05
-1.007584852537324e-05
-1.205233738077460e-05
-1.561220841778121e-05
-1.418539640191119e-05
-1.781521671537223e-05
-8.062825737065182e-06
-7.257666080895397e-06
5.079842479174812e-06
5.504408572012953e-06
3.166289898971775e-06
3.008532863002511e-06
2.028896278066794e-06
1.122827070917931e-06
-2.724397182823912e-05
-2.322259554934925e-05
-2.451432100195050e-05
-1.632223383921105e-05
-1.921531984019897e-05
-2.070226911968231e-05
-2.475046056765740e-05
-3.373516480481564e-05
-3.441790645986043e-05
-2.790522478873791e-05
-2.817171213798098e-05
-2.851601371672841e-05
-3.447489036900730e-05
3.158070560743687e-05
2.324957537674921e-05
2.313922281294012e-05
2.974691985951905e-05
2.315695399468520e-05
3.292673300650528e-05
2.882941989018617e-05
2.694595801461253e-05
2.466790095657923e-05
2.013574520350059e-05
2.242525283986663e-05
-3.704437253865267e-05
-3.356739999532676e-05
-2.953421787060817e-05
-2.769293126830830e-05
-2.321947701630633e-05
-3.488417409405753e-05
-3.834766336846540e-05
-2.513427176759064e-05
-1.803064636979324e-05
-2.619587712338056e-05
-1.694331436891128e-05
-2.159096944193140e-05
-1.113799586988096e-05
-1.267719467282213e-05
-1.709300917016043e-05
-1.412715947252119e-05
-6.708112359143925e-06
-7.268219707701196e-06
-5.811218329848655e-06
-5.855561101268669e-06
-2.985667170963061e-06
2.070649468442418e-06
-8.089536609728193e-07
3.353055426635887e-05
3.289955209825890e-05
3.034734232340575e-05
2.979938789776648e-05
4.049446507636834e-05
4.324661352034243e-05
4.046139657926107e-05
3.951262320472937e-05
4.238488411290042e-05
3.601076308246132e-05
-4.305764608245055e-05
-4.172529663817870e-05
-3.981645272740919e-05
-3.795210206869459e-05
2.213344007856444e-05
2.647096142815997e-05
2.514279936041697e-05
2.916997075042005e-05
2.285054155978794e-05
2.674897803675580e-05
1.024258758846458e-05
7.317169986580108e-06
4.569163897280570e-06
2.029847722276323e-05
1.701943668844241e-05
1.397761782198637e-05
1.711441370072508e-05
1.091349587955398e-05
-3.520810083726400e-05
-3.292315644745636e-05
-2.948297166394109e-05
-3.173846352633181e-05
-3.027359085788772e-05
-2.688532726002890e-05
-3.132439175523860e-05
-3.608948960487357e-05
-3.638401972322347e-05
-3.896261374236598e-05
-3.356433637302647e-05
-3.779074705828611e-05
-1.007162926864084e-07
-5.046993756009643e-06
-7.962894190298442e-06
-1.563050873407135e-05
-1.271900393094716e-05
3.156543204152484e-06
-3.917099366403110e-06
-8.668453944642163e-06
-1.418015360849303e-06
-6.260502162725584e-06
-2.402717487795525e-05
-1.710995638622148e-05
-2.007367875553334e-05
-2.098959784320453e-05
-1.785214841079630e-05
-2.734097540602054e-05
-1.555765810692944e-05
-1.711986249459951e-05
-2.185778475520539e-05
-1.075165058962019e-05
-1.242401360118661e-05
-2.278688667817219e-05
-1.815851216792341e-05
4.349307699175187e-05
4.459242764637272e-05
4.276912291467649e-05
4.365574837222885e-05
4.455997024460645e-05
8.004816872936305e-06
1.069436662866352e-05
5.336076057738115e-06
2.083984531249874e-06
7.818234242389088e-06
1.247440453683302e-05
9.355756680110017e-06
2.354475865791461e-05
2.930355501373771e-05
2.024272819152462e-05
2.667983356119397e-05
-2.094954139469918e-05
-2.420592567037305e-05
-2.660478231411578e-05
-1.469613431405448e-05
-3.142678325185333e-05
-2.986204018304295e-05
6.532304168388459e-06
5.259714046239317e-06
2.999569329781293e-06
1.064583922644885e-06
3.104604920863702e-06
-6.283628949665943e-07
3.748844403300700e-05
3.855119272339058e-05
3.785161462879771e-05
4.014320810080685e-05
4.226539952889574e-05
4.079310118593193e-05
-3.970502085910016e-06
-6.808040906178259e-06
-1.103104517444914e-05
-8.077439471010361e-06
9.429237359789844e-06
8.596186814466278e-06
4.638181887714476e-06
-5.580152203370388e-07
1.206507463375264e-06
5.677520496891186e-06
-1.356452295833699e-05
-1.846235527099005e-05
-2.038547058037798e-05
-2.509206894642235e-05
1.948487860675696e-05
1.486442738085625e-05
1.022343848974816e-05
1.191510326647993e-05
1.197823711560075e-05
1.670366435521653e-05
1.608454200835441e-05
3.247105357129243e-05
3.577045596736550e-05
3.437932869404525e-05
3.157975756101772e-05
3.090278351355891e-05
2.799867641928300e-05
-4.079659166755789e-05
-4.076196304042545e-05
-3.859608074874288e-05
-3.849475061717955e-05
-4.164465547168428e-05
-4.266352450477129e-05
4.384576408356100e-05
4.241378142494368e-05
4.455834405281411e-05
4.376745982603847e-05
4.329760143473305e-05
4.455142572251658e-05
-8.652674022911755e-06
-1.438895460818823e-05
-1.124784496980835e-05
-1.160210283938923e-05
4.071676831138293e-05
3.648556406921077e-05
3.935787030201476e-05
4.138609914888791e-05
-3.613163320884127e-06
-1.617491842470509e-05
-1.360776428970673e-05
-1.122691812933257e-05
-8.629765341945650e-06
1.169094651698455e-05
9.962590942470817e-06
5.343981670895281e-06
1.292560128654530e-05
7.203870030399184e-06
1.798481806462859e-05
1.358087087144355e-05
2.265407393645114e-05
2.402689145197812e-05
2.037743011165660e-05
2.423100780388210e-05
2.037400229790154e-05
3.886066525388143e-05
3.617994694216087e-05
3.612169509625840e-05
3.476249168926637e-05
3.794747864060977e-05
4.079409303420212e-05
1.578661193693542e-05
1.920939974993374e-05
1.673721877942791e-05
1.379013222535530e-05
3.943190200439428e-05
4.038811671402964e-05
3.699257751813012e-05
3.234328596909974e-05
3.508684215461355e-05
-3.739465276181297e-06
-5.234646932750220e-06
-9.974891802599917e-06
-9.236443959483032e-06
-5.109642906822500e-08
-1.739166848386403e-06
-6.179652237189859e-06
3.489129165210048e-05
3.415206170340190e-05
3.099069173523317e-05
2.758957788043248e-05
2.604771363393099e-05
-3.981156763546712e-05
-4.062939339963267e-05
-3.740233993776432e-05
-3.812365589431210e-05
-3.561609984764624e-05
-5.683075371049062e-06
-3.538985090246333e-06
-8.316032607397217e-06
-6.852649126476429e-06
-3.456113141023232e-06
-1.518098117596345e-06
-5.932662377625131e-06
-1.334743343944789e-05
-1.683224486281887e-05
-1.008509720611117e-05
-6.833233535494254e-06
-9.098404043034192e-06
-4.141260068313279e-06
-6.011834667224436e-06
-7.009015530551332e-06
-9.376406755190470e-06
-9.183293188552710e-06
-2.346277372188010e-06
-5.899004024895182e-06
6.045578339462787e-06
3.119715609713192e-06
2.480353750652919e-06
-3.793569673676703e-08
3.885274831638696e-05
3.505253521979279e-05
3.897017424231430e-05
4.177311763275959e-05
4.181439501299566e-05
3.218652065047067e-06
5.488107584245006e-06
5.045192215447081e-06
3.073185724171423e-06
1.165335692894509e-06
-2.533822456407542e-05
-2.062557814525023e-05
-2.838368617991138e-05
-2.872967837350138e-05
-2.227298769447161e-05
-1.563286733691216e-05
-3.066445178123711e-05
-2.306758853587443e-05
-2.307595453010514e-05
-3.115150710714110e-05
-3.142488519281006e-05
-2.324987725721428e-05
-2.324017534716116e-05
-2.278441449715674e-05
-3.051838906492632e-05
-3.005249025145318e-05
-3.583266138496022e-05
-4.009195977983104e-05
-3.617412429562927e-05
-3.578565555745206e-05
-2.302406374464494e-06
-1.673503330853338e-06
-4.329465897234819e-06
-4.127968055517295e-06
-1.625169635574575e-06
2.840301824980074e-05
2.930947903123649e-05
2.144837304768332e-05
2.209831447086419e-05
3.487939505847359e-05
-2.236069223349180e-05
-1.082367603011392e-05
0.000000000000000e+00
0.000000000000000e+00
-1.143417134924496e-05
0.000000000000000e+00
3.735419589739886e-05
4.044531518204719e-05
3.946921426012384e-05
4.239556301438574e-05
4.365268305267511e-05
1.939020814223369e-05
1.339894399493557e-05
1.493705794641809e-05
2.085024793074819e-05
1.626708523805309e-05
7.093959565940278e-06
-5.927552577181250e-06
0.000000000000000e+00
-2.471310917559477e-06
-3.441195527476015e-06
0.000000000000000e+00
-1.265727936644589e-05
-1.108540360780785e-05
-6.659879746129249e-06
-5.786410684410770e-06
0.000000000000000e+00
0.000000000000000e+00
0.000000000000000e+00
2.852996620388015e-06
8.508860617206793e-07
1.407197359470924e-06
-4.564160205854095e-07
2.224484531316434e-07
-3.028999370047192e-05
-2.449223584560789e-05
-2.447682149153696e-05
-2.363011701689288e-05
-3.233559731075086e-05
-2.831989257157108e-05
0.000000000000000e+00
0.000000000000000e+00
0.000000000000000e+00
0.000000000000000e+00
0.000000000000000e+00
0.000000000000000e+00
0.000000000000000e+00
0.000000000000000e+00
-3.625657539294003e-06
-3.713746760197756e-06
-2.943039226294131e-06
-6.520917541170956e-06
-1.722053390735417e-06
-3.554756711932061e-05
-4.009194571941155e-05
-3.829342895622645e-05
-3.710581612320629e-05
-3.402947547842539e-05
-3.671900454393917e-05
-2.983048764826357e-05
-3.022660327423043e-05
-2.279206357502783e-05
-1.127601935269062e-05
2.668294970054053e-05
2.577691395982962e-05
2.315358644766619e-05
2.332841477287184e-05
2.257326609655941e-05
-1.129820121648084e-05
-1.715481717559642e-05
-1.360635101477214e-05
-1.561046038367486e-05
-1.525658009782216e-05
-1.060946165726273e-05
-1.015436732992869e-05
0.000000000000000e+00
-2.109776375008865e-05
-2.027274600890916e-05
0.000000000000000e+00
-1.142192184405699e-05
-1.174023470645880e-05
0.000000000000000e+00
-1.172918077019247e-05
1.099639079316095e-05
0.000000000000000e+00
1.103950971953482e-05
2.203560707825236e-05
2.253257144751997e-05
0.000000000000000e+00
-1.128487526852462e-05
0.000000000000000e+00
0.000000000000000e+00
0.000000000000000e+00
3.781061872154545e-06
4.719464572811027e-06
0.000000000000000e+00
8.641308858053920e-06
0.000000000000000e+00
5.609836049885741e-06
0.000000000000000e+00
6.212623152812569e-06
0.000000000000000e+00
0.000000000000000e+00
0.000000000000000e+00
7.609337774439062e-06
0.000000000000000e+00
0.000000000000000e+00
0.000000000000000e+00
-9.273189082004141e-06
0.000000000000000e+00
-1.926419254355549e-05
-8.588241516838124e-06
-9.619165276586461e-06
0.000000000000000e+00
0.000000000000000e+00
2.041510862374474e-06
0.000000000000000e+00
2.898142649948587e-06
0.000000000000000e+00
0.000000000000000e+00
3.835272479629781e-06
1.032748395030092e-05
1.968539432400940e-05
2.070704947237934e-05
1.013003120869937e-05
0.000000000000000e+00
-5.055952103538708e-06
0.000000000000000e+00
0.000000000000000e+00
0.000000000000000e+00
0.000000000000000e+00
0.000000000000000e+00
0.000000000000000e+00
0.000000000000000e+00
0.000000000000000e+00
0.000000000000000e+00
0.000000000000000e+00
0.000000000000000e+00
0.000000000000000e+00
0.000000000000000e+00
0.000000000000000e+00
0.000000000000000e+00
0.000000000000000e+00
0.000000000000000e+00
0.000000000000000e+00
0.000000000000000e+00
0.000000000000000e+00
-4.184319463029773e-06
0.000000000000000e+00
-9.413717315220893e-06
-7.729410281570592e-06
-3.330092497894066e-06
1.062787916406016e-05
1.045957804790554e-05
0.000000000000000e+00
-1.011057762489997e-05
-2.012719878430325e-05
-1.917392398809170e-05
-9.751018708370474e-06
0.000000000000000e+00
-1.073216901736895e-05
1.114465121471175e-05
2.258514482117446e-05
1.110627798495134e-05
0.000000000000000e+00
0.000000000000000e+00
9.488571637072951e-06
1.972232635610860e-05
2.691537000937272e-05
2.065285890551216e-05
2.544977587853881e-05
1.868660823300949e-05
1.167706426036252e-05
1.136845571964029e-05
1.159566401676138e-05
0.000000000000000e+00
0.000000000000000e+00
0.000000000000000e+00
0.000000000000000e+00
0.000000000000000e+00
-1.692206684517084e-05
-8.589297129268925e-06
-1.811846362165248e-05
-9.350236533312017e-06
-4.758004864911097e-07
2.101379990050722e-07
7.225102194811234e-07
1.374800357049899e-06
1.553291519820754e-05
1.023027741459126e-05
1.240990579262635e-05
8.585155742618644e-06
4.606306402532567e-06
0.000000000000000e+00
0.000000000000000e+00
-2.233174472626720e-05
-1.135247161565545e-05
-2.881496687789920e-05
-2.177948862847057e-05
-1.103512072725410e-05
0.000000000000000e+00
8.355410385241235e-06
1.752656354059301e-05
1.865542911932971e-05
2.372978002573856e-05
2.365903731904595e-05
9.094011219679121e-06
1.621703801901742e-05
1.492637607292124e-05
1.994540206801121e-05
2.247091859425288e-05
7.899734871419373e-06
6.934733262298209e-06
1.636710491814686e-05
1.191030487063260e-05
1.338709084880430e-05
5.550886257560395e-06
6.308904563046003e-06
0.000000000000000e+00
0.000000000000000e+00
1.141616831884518e-05
1.130514532915461e-05
2.297542330326197e-05
3.642921245289310e-05
3.092674117372018e-05
0.000000000000000e+00
0.000000000000000e+00
0.000000000000000e+00
0.000000000000000e+00
0.000000000000000e+00
0.000000000000000e+00
0.000000000000000e+00
0.000000000000000e+00
0.000000000000000e+00
0.000000000000000e+00
0.000000000000000e+00
0.000000000000000e+00
9.886952722637510e-06
0.000000000000000e+00
0.000000000000000e+00
0.000000000000000e+00
0.000000000000000e+00
0.000000000000000e+00
0.000000000000000e+00
0.000000000000000e+00
0.000000000000000e+00
0.000000000000000e+00
0.000000000000000e+00
0.000000000000000e+00
0.000000000000000e+00
0.000000000000000e+00
0.000000000000000e+00
0.000000000000000e+00
0.000000000000000e+00
0.000000000000000e+00
0.000000000000000e+00
0.000000000000000e+00
0.000000000000000e+00
0.000000000000000e+00
0.000000000000000e+00
0.000000000000000e+00
0.000000000000000e+00
0.000000000000000e+00
0.000000000000000e+00
0.000000000000000e+00
0.000000000000000e+00
0.000000000000000e+00
0.000000000000000e+00
0.000000000000000e+00
0.000000000000000e+00
0.000000000000000e+00
0.000000000000000e+00
0.000000000000000e+00
0.000000000000000e+00
0.000000000000000e+00
0.000000000000000e+00
0.000000000000000e+00
0.000000000000000e+00
0.000000000000000e+00
0.000000000000000e+00
0.000000000000000e+00
0.000000000000000e+00
0.000000000000000e+00
0.000000000000000e+00
0.000000000000000e+00
0.000000000000000e+00
0.000000000000000e+00
0.000000000000000e+00
0.000000000000000e+00
0.000000000000000e+00
0.000000000000000e+00
0.000000000000000e+00
0.000000000000000e+00
0.000000000000000e+00
0.000000000000000e+00
0.000000000000000e+00
0.000000000000000e+00
0.000000000000000e+00
0.000000000000000e+00
0.000000000000000e+00
0.000000000000000e+00
0.000000000000000e+00
0.000000000000000e+00
0.000000000000000e+00
0.000000000000000e+00
0.000000000000000e+00
0.000000000000000e+00
0.000000000000000e+00
0.000000000000000e+00
0.000000000000000e+00
0.000000000000000e+00
0.000000000000000e+00
0.000000000000000e+00
0.000000000000000e+00
0.000000000000000e+00
0.000000000000000e+00
0.000000000000000e+00
0.000000000000000e+00
0.000000000000000e+00
0.000000000000000e+00
0.000000000000000e+00
0.000000000000000e+00
0.000000000000000e+00
0.000000000000000e+00
0.000000000000000e+00
0.000000000000000e+00
0.000000000000000e+00
-6.707460849138258e-07
0.000000000000000e+00
0.000000000000000e+00
0.000000000000000e+00
0.000000000000000e+00
0.000000000000000e+00
0.000000000000000e+00
0.000000000000000e+00
0.000000000000000e+00
0.000000000000000e+00
0.000000000000000e+00
0.000000000000000e+00
0.000000000000000e+00
0.000000000000000e+00
9.444222550170078e-06
0.000000000000000e+00
0.000000000000000e+00
0.000000000000000e+00
0.000000000000000e+00
0.000000000000000e+00
0.000000000000000e+00
0.000000000000000e+00
0.000000000000000e+00
0.000000000000000e+00
0.000000000000000e+00
0.000000000000000e+00
0.000000000000000e+00
0.000000000000000e+00
0.000000000000000e+00
0.000000000000000e+00
0.000000000000000e+00
0.000000000000000e+00
0.000000000000000e+00
0.000000000000000e+00
0.000000000000000e+00
0.000000000000000e+00
0.000000000000000e+00
0.000000000000000e+00
-8.148970918941956e-06
0.000000000000000e+00
0.000000000000000e+00
0.000000000000000e+00
0.000000000000000e+00
-1.597494188931847e-06
-7.087518083051525e-07
0.000000000000000e+00
0.000000000000000e+00
0.000000000000000e+00
0.000000000000000e+00
9.054727595658729e-06
8.297903795861927e-06
0.000000000000000e+00
2.861123849506875e-05
2.421266847496550e-05
2.893381512109050e-05
1.754777035983812e-05
0.000000000000000e+00
0.000000000000000e+00
0.000000000000000e+00
0.000000000000000e+00
0.000000000000000e+00
0.000000000000000e+00
0.000000000000000e+00
0.000000000000000e+00
0.000000000000000e+00
0.000000000000000e+00
0.000000000000000e+00
0.000000000000000e+00
0.000000000000000e+00
0.000000000000000e+00
0.000000000000000e+00
0.000000000000000e+00
0.000000000000000e+00
0.000000000000000e+00
0.000000000000000e+00
0.000000000000000e+00
0.000000000000000e+00
0.000000000000000e+00
0.000000000000000e+00
0.000000000000000e+00
0.000000000000000e+00
0.000000000000000e+00
0.000000000000000e+00
0.000000000000000e+00
0.000000000000000e+00
0.000000000000000e+00
0.000000000000000e+00
0.000000000000000e+00
0.000000000000000e+00
0.000000000000000e+00
0.000000000000000e+00
0.000000000000000e+00
0.000000000000000e+00
0.000000000000000e+00
0.000000000000000e+00
0.000000000000000e+00
0.000000000000000e+00
0.000000000000000e+00
0.000000000000000e+00
0.000000000000000e+00
0.000000000000000e+00
0.000000000000000e+00
0.000000000000000e+00
0.000000000000000e+00
0.000000000000000e+00
0.000000000000000e+00
0.000000000000000e+00
0.000000000000000e+00
0.000000000000000e+00
0.000000000000000e+00
0.000000000000000e+00
0.000000000000000e+00
0.000000000000000e+00
0.000000000000000e+00
0.000000000000000e+00
0.000000000000000e+00
0.000000000000000e+00
0.000000000000000e+00
0.000000000000000e+00
0.000000000000000e+00
0.000000000000000e+00
0.000000000000000e+00
0.000000000000000e+00
0.000000000000000e+00
0.000000000000000e+00
0.000000000000000e+00
0.000000000000000e+00
0.000000000000000e+00
0.000000000000000e+00
0.000000000000000e+00
0.000000000000000e+00
0.000000000000000e+00
0.000000000000000e+00
0.000000000000000e+00
0.000000000000000e+00
0.000000000000000e+00
0.000000000000000e+00
0.000000000000000e+00
0.000000000000000e+00
0.000000000000000e+00
0.000000000000000e+00
0.000000000000000e+00
0.000000000000000e+00
0.000000000000000e+00
0.000000000000000e+00
0.000000000000000e+00
0.000000000000000e+00
0.000000000000000e+00
0.000000000000000e+00
1.900542423813323e-05
1.651681449008069e-05
1.323389864385516e-05
1.563294807710447e-05
1.324035925936995e-05
0.000000000000000e+00
0.000000000000000e+00
0.000000000000000e+00
0.000000000000000e+00
0.000000000000000e+00
0.000000000000000e+00
0.000000000000000e+00
0.000000000000000e+00
0.000000000000000e+00
0.000000000000000e+00
0.000000000000000e+00
0.000000000000000e+00
0.000000000000000e+00
0.000000000000000e+00
0.000000000000000e+00
0.000000000000000e+00
0.000000000000000e+00
0.000000000000000e+00
0.000000000000000e+00
0.000000000000000e+00
0.000000000000000e+00
0.000000000000000e+00
0.000000000000000e+00
0.000000000000000e+00
0.000000000000000e+00
0.000000000000000e+00
0.000000000000000e+00
0.000000000000000e+00
0.000000000000000e+00
0.000000000000000e+00
0.000000000000000e+00
0.000000000000000e+00
0.000000000000000e+00
0.000000000000000e+00
0.000000000000000e+00
0.000000000000000e+00
0.000000000000000e+00
0.000000000000000e+00
0.000000000000000e+00
0.000000000000000e+00
0.000000000000000e+00
0.000000000000000e+00
0.000000000000000e+00
0.000000000000000e+00
0.000000000000000e+00
0.000000000000000e+00
0.000000000000000e+00
0.000000000000000e+00
0.000000000000000e+00
0.000000000000000e+00
0.000000000000000e+00
1.988333591973479e-05
2.462666054470208e-05
2.472202255360267e-05
2.031838676766484e-05
2.309179979601006e-05
2.713014526578572e-05
2.876499017667733e-05
9.824015019185839e-06
7.600372316146631e-06
1.017053697879855e-05
6.793841999946926e-06
-2.503584248456092e-06
0.000000000000000e+00
0.000000000000000e+00
0.000000000000000e+00
0.000000000000000e+00
0.000000000000000e+00
0.000000000000000e+00
0.000000000000000e+00
0.000000000000000e+00
0.000000000000000e+00
0.000000000000000e+00
0.000000000000000e+00
0.000000000000000e+00
0.000000000000000e+00
0.000000000000000e+00
0.000000000000000e+00
0.000000000000000e+00
0.000000000000000e+00
0.000000000000000e+00
0.000000000000000e+00
0.000000000000000e+00
0.000000000000000e+00
0.000000000000000e+00
0.000000000000000e+00
0.000000000000000e+00
0.000000000000000e+00
0.000000000000000e+00
0.000000000000000e+00
0.000000000000000e+00
0.000000000000000e+00
0.000000000000000e+00

Uy  1  1102  double
-4.421519800579254e-05
-4.399709618280179e-05
-4.222309373688726e-05
-3.878971867618541e-05
-4.158335175791228e-05
-1.577022165824560e-05
-2.032362032239332e-05
-2.012509753884784e-05
-2.394565010241378e-05
-2.315649424675104e-05
-3.029617288896613e-05
-2.849150904854492e-05
-2.130180109827240e-05
-2.189818362674512e-05
-1.061783486344670e-05
-1.043521743965270e-05
-3.067033792519824e-05
-3.747184861152553e-05
-3.680160535191046e-05
-3.000516726192615e-05
-3.288154044700509e-05
-4.095456883146387e-05
-2.225945271649987e-05
2.269537144611311e-05
2.454956007574838e-05
2.626163044183727e-05
2.858013841372520e-05
3.018867410853332e-05
3.015793118812948e-05
3.274265048669456e-05
-1.676258379565421e-05
-1.227001784614989e-05
-1.006661208638460e-05
-1.426070452489880e-05
-9.847391387401982e-06
-8.154717112629495e-06
8.479369973196649e-06
7.676461681468960e-06
4.417406744165742e-06
5.796626144416450e-06
3.487291916237645e-06
3.662415904992500e-06
-6.124762212442181e-06
-7.643627399245290e-06
-9.548654548718893e-06
-1.015818879104846e-05
-1.297560092600181e-05
-8.977666446585708e-06
-7.811940155533215e-06
-3.890394967548394e-05
-4.200185290648140e-05
-4.001667830438871e-05
-4.039983439918515e-05
-4.173802492624112e-05
-3.951511956062914e-05
-3.737690714505915e-05
4.049181032511617e-05
4.165644094189513e-05
4.250236514830030e-05
3.748591192140327e-05
3.206572820374509e-05
3.330448912389206e-05
2.981850330274760e-05
3.572875490898131e-05
2.928462890441907e-05
3.368951462048853e-05
4.215700180790205e-05
3.871997530122129e-05
3.919306827321334e-05
4.219927845625082e-05
1.515125463973088e-05
9.233611024499211e-06
7.911128073440077e-06
1.371382350180694e-05
1.647023548342896e-05
6.552024523303474e-06
3.042969611635749e-07
-5.195143812130112e-07
4.669030124408724e-06
9.246016376088934e-07
-3.214562746725602e-06
8.314044582874436e-06
4.531284142798159e-06
8.959442702849429e-06
-2.506199454510583e-05
-2.165668617117034e-05
-2.715267477226835e-05
-2.216190282247621e-05
1.991226306480298e-05
1.938475694704400e-05
1.451329901040743e-05
2.783878611842261e-05
2.322856952599595e-05
2.445514892299161e-05
-1.393706987029564e-05
-1.236287286415783e-05
-1.773470817501011e-05
-1.690038511029113e-05
-1.479355108278957e-05
-1.977344548331761e-05
-1.400203149501400e-05
9.237703475731274e-06
9.187549250312677e-06
1.425095341599236e-05
3.464814524466869e-06
4.113365315416839e-06
-1.178071575345246e-05
-4.433452415797401e-06
-5.610820945085859e-06
-1.279835719870948e-05
5.587134806910900e-07
1.803275677520616e-06
-1.877261867681834e-05
-1.777564024728340e-05
-9.641510251123808e-06
-7.723449132836235e-06
-4.530960883201984e-06
-5.971003799627728e-06
-1.159726561343610e-05
-5.919753322064514e-06
6.540850605165488e-06
-6.953206158309688e-07
-1.941088100343089e-06
5.038260645967227e-07
-6.665154442132143e-06
1.903236812468567e-05
2.330162300605287e-05
2.206777883063948e-05
2.063342931073187e-05
2.844760594522544e-05
2.709816969873047e-05
-2.962784500440407e-05
-2.444186216056521e-05
-2.341884293116658e-05
-2.519506780473968e-05
-3.083048740043504e-05
-3.499956371666446e-05
-3.040657753644593e-05
-1.758949811931504e-06
5.190859269581238e-06
1.219189651823632e-05
1.061911674998112e-05
1.729776209012657e-05
3.861886778568080e-06
9.029822429930390e-06
-2.006243631530458e-05
-1.954718779774434e-05
-2.564169367177960e-05
-3.140743085111586e-05
-2.734948997382136e-05
-2.830239990711525e-05
-3.148599372471139e-05
-3.468481966936721e-05
-1.871727360619468e-05
-1.386758235827346e-05
-1.449520147055183e-05
-9.444081344685273e-06
-2.354690897371503e-05
-1.965346707505367e-05
-2.434768429443457e-05
-2.779723901907838e-05
-2.112784026159220e-05
-2.103147314208575e-05
-2.482004294313001e-05
-3.497568311222610e-05
-3.774757387839389e-05
-3.085982954947886e-05
-3.545318573511258e-05
-3.883080132158212e-05
-4.158985456953479e-05
-3.907427399862939e-05
-4.087913025341283e-05
-3.547443660328886e-05
-3.829078531630836e-05
-2.545609165652274e-05
-3.045569285864413e-05
-2.957169372744262e-05
-2.473916458639591e-05
-2.574206796923661e-05
-3.239252415226934e-05
-2.816502842115098e-05
-3.396761435814355e-05
3.447184777738421e-05
3.607718757342449e-05
3.796648107895484e-05
3.523206754157959e-05
3.105736066599807e-05
3.863983187063491e-05
4.060988285903289e-05
-2.015721821935212e-05
-1.473786841141300e-05
-9.033616449299897e-06
-9.380037469773617e-06
-1.465051033221199e-05
-2.027920752656343e-05
2.520311457857027e-05
3.020511548548765e-05
2.551946756648715e-05
2.005897596543682e-05
1.748159790929127e-05
2.407793250430723e-05
2.139993878616520e-05
1.991948231583329e-05
1.800130939222377e-05
-3.753831674219166e-05
-3.992563586102671e-05
-3.677412377653400e-05
-3.882495089746474e-05
-3.431932524619596e-05
4.146484716488485e-05
3.878631117287812e-05
3.822309545836733e-05
4.098833626281495e-05
3.387352605027649e-05
1.729406459066718e-05
1.846642081809735e-05
2.516812920466682e-05
8.247968212915513e-06
8.699664303779553e-06
-2.270486723060516e-05
-3.192099641841084e-05
-2.301645084984427e-05
-1.138050886179132e-05
-1.130399524801318e-05
-1.131979208507383e-05
-3.344941244465272e-05
-3.413923257405971e-05
-3.674189587510313e-05
-2.691889140277182e-05
-3.333129199006857e-05
-2.975610720423738e-05
-3.052997740843333e-05
1.975129308151580e-05
1.616080280070209e-05
1.742478787353230e-05
1.458058879846846e-05
1.193238182575773e-05
1.252686013614168e-05
1.298525518379084e-06
-1.452123747609635e-08
1.908947950796103e-06
-1.137457301122330e-06
-1.800988173102092e-06
-8.444306518237688e-06
-1.427086893705798e-05
-7.652471167497732e-06
-6.404449472158930e-07
-6.695707292989073e-06
-1.364075944468301e-05
2.620174553042212e-06
8.273261582932012e-06
1.408060798586963e-05
7.490222545453173e-06
1.346556861960002e-05
1.444410665574214e-05
8.852514898211039e-06
1.851385773041225e-05
1.451905503441209e-05
2.224983805093617e-05
1.585874103698925e-05
1.868509750213576e-05
-2.047708498942313e-05
-1.945299588856919e-05
-2.420342660880426e-05
-1.844384360499829e-05
-9.439628180285542e-06
-8.703479349003729e-06
-9.770974577660851e-06
4.289614941359321e-06
-3.198650052511215e-06
3.058447011917292e-06
1.048518306168145e-05
-2.732641126507174e-05
-3.018966663595468e-05
-3.058660163254845e-05
-2.677922058244575e-05
5.947534337864824e-06
7.778982506798093e-06
1.004838737909963e-05
1.415183080646920e-05
1.248935067280077e-05
1.126525378389309e-05
-1.539192454942662e-06
-7.499539325828142e-06
-2.698540633106622e-06
-9.083381357806453e-06
-3.893297923301953e-05
-3.604656622374636e-05
-3.642411059340267e-05
-3.366253773692818e-05
-3.487775252475345e-05
-3.317427678489748e-05
3.289119824537168e-05
3.779218314184374e-05
4.157004216948090e-05
3.471492587611702e-05
3.891383950735405e-05
3.644573655933736e-05
3.137677433215358e-05
4.047725114339484e-05
-3.963551511936003e-06
-1.068443657176177e-05
-5.297726910592077e-06
1.621173652587363e-06
-1.732894056988288e-05
-1.226991117013465e-05
2.271737256151485e-05
2.315845420861051e-05
2.582214469157296e-05
2.148376650451533e-05
2.685592434861772e-05
1.913722424878861e-05
-1.062379019357851e-05
-1.659230595384142e-05
-9.362547638828989e-06
-8.031586747614394e-06
-1.525754049859496e-05
3.407239656086358e-05
3.488571412549324e-05
3.026026447319752e-05
2.951333753409280e-05
2.430027170106930e-05
-1.908360116253949e-05
-2.070552417540727e-05
-1.380548169570284e-05
-2.552561226554229e-05
-3.137963794613841e-05
-2.368251054302162e-05
3.065082811623543e-05
3.525877426643897e-05
3.064618790904472e-05
3.529355468687156e-05
3.917375783271670e-05
3.473833129713499e-05
3.861733653978683e-05
-4.261843567786999e-06
4.282110499511868e-07
1.444509095558863e-06
-9.181537807892437e-06
-4.687911177577581e-06
4.324388797916079e-05
4.352481536845643e-05
4.449182048749112e-05
4.399350366568466e-05
4.346653398867861e-05
4.223870721487000e-05
4.067762715809220e-05
2.956226999226153e-05
2.748115192591216e-05
2.549952335496875e-05
2.368399428888390e-05
-3.465343157266210e-05
-2.953037915856549e-05
-3.252786697835464e-05
-3.642700697328860e-05
-3.008045022220851e-05
-2.741508260889480e-05
3.711841810033478e-05
4.149851698365126e-05
4.399848874875323e-05
4.155347078621530e-05
3.772980296706807e-05
3.713704947627683e-05
2.456667561859249e-05
2.138901482331979e-05
2.263690017759168e-05
1.993775538330911e-05
1.489803500263898e-05
1.709951528409970e-05
-3.414819094010868e-05
-2.853149343831629e-05
-3.292994286230311e-05
-3.781706313371602e-05
-4.345549739098731e-05
-4.379501105927774e-05
-4.449795428640435e-05
-4.480495520831074e-05
-4.377534765659385e-05
-4.285183119540070e-05
2.502794627168292e-05
1.937041317552624e-05
2.544735710888202e-05
1.986455789848574e-05
-3.105023632715698e-05
-2.761289235925224e-05
-2.085729651868373e-05
-1.993970772512510e-05
-2.711840393448961e-05
-3.214560955389079e-05
-2.501030307638930e-05
2.816059370736035e-05
2.512764573808779e-05
2.858911403122444e-05
3.172331412226725e-05
3.175413909595193e-05
3.497354216430715e-05
1.842072896435232e-05
1.699768238976052e-05
1.502978717085601e-05
1.114252147138561e-05
1.253699250050588e-05
1.360355583286676e-05
5.938837893335047e-06
1.162197857267067e-05
4.507322749827680e-06
9.682026323107329e-06
3.199196974890128e-06
-3.994651374353980e-07
-4.318655011098516e-05
-4.181922904239466e-05
-4.338375038759335e-05
-4.043866994626888e-05
-3.608534284993414e-06
-2.760315342475311e-06
2.601282251286224e-06
7.457195170181008e-06
1.763662264624155e-05
1.263665935265917e-05
5.462122909298539e-06
1.861534692210176e-05
1.163123756209306e-05
-3.933780256509811e-05
-3.544743356792557e-05
-3.930930825868373e-05
-4.183753575923155e-05
-4.231969755386089e-05
-4.072718652842200e-05
-4.270435045672372e-05
3.691171694447659e-05
3.776951203907086e-05
3.776453977027971e-05
3.706693296784414e-05
3.977897460166746e-05
-2.183258457683079e-05
-2.618175929380850e-05
-2.358203367239242e-05
-1.672976850844443e-05
-1.954139865278925e-05
-1.732583715328972e-05
4.194331896451020e-05
4.009969230239774e-05
4.031802034681897e-05
4.193420170051088e-05
1.355889026539991e-05
1.726123578418837e-05
1.953269773520561e-05
2.168481497262509e-05
1.546244118513784e-05
4.414798788210383e-05
4.443428145156636e-05
4.333293357350332e-05
4.366757962548373e-05
4.480722244953883e-05
4.378009004801786e-05
4.279143905888683e-05
2.753409731287570e-05
2.516198504712297e-05
3.022551118778138e-05
3.450560105175415e-05
3.263178199189309e-05
-1.355223617058310e-05
-1.718182259925760e-05
-1.947875177259195e-05
-2.250454033719818e-05
-1.547427446739469e-05
-4.127999034392316e-05
-4.390906959600427e-05
-4.330358673515500e-05
-3.687471169278034e-05
-3.738681296833191e-05
-4.149504368211598e-05
-4.441842831537368e-05
-3.455526446927148e-05
-3.649359746038527e-05
-3.574357357183366e-05
-3.033557397724707e-05
-2.930113944171753e-05
2.287635967573864e-05
3.280357089591179e-05
2.886197000068202e-05
3.579955143151459e-05
2.983704659886843e-05
2.307931184697409e-05
2.245267894368519e-05
-3.901131036770922e-05
-3.577815024946585e-05
-4.071988889958744e-05
-3.716104191980873e-05
-1.132279047030837e-05
-1.308076633663169e-05
-1.538975561207745e-05
-8.550114185282287e-06
-1.283394589707276e-05
2.302847821544773e-05
3.029413437233286e-05
2.264587194272805e-05
3.111089386015342e-05
1.170748880746642e-05
-2.716677172082127e-05
-2.497051384442450e-05
-2.552290275725788e-05
-2.975716258613037e-05
-2.248943443566853e-05
-1.725882518349708e-05
2.405889094829472e-06
2.739027274364925e-06
-2.788353029456458e-06
-2.537852737391488e-06
-4.771587581141063e-08
-9.498518617444274e-07
9.126894650671180e-07
-4.600106015273386e-06
-4.997894466382546e-06
-7.444991605598528e-06
-1.068331161208080e-05
-9.917484141266919e-06
-7.387357373267456e-06
-4.497415204453292e-06
-2.313627770078597e-05
-3.116621729121194e-05
-3.090385923887329e-05
-2.288373357417495e-05
-1.164865151270789e-05
1.331665180367980e-05
1.090845727827472e-05
9.017083201084963e-06
7.290811828319921e-06
1.454087755586864e-05
-6.392562541798763e-06
-3.560555710324653e-06
0.000000000000000e+00
0.000000000000000e+00
-2.782635278655854e-06
0.000000000000000e+00
-1.592135449337423e-06
-4.657490941167852e-06
2.097133080521812e-06
-1.030484190435096e-06
-4.828895392244847e-06
-2.548350635223073e-05
-1.898293399316131e-05
-1.783354044421204e-05
-2.278369124214530e-05
-1.659471992310202e-05
-9.228325851873276e-06
-2.247787195580608e-05
0.000000000000000e+00
-1.114822496134371e-05
-1.125773132965024e-05
0.000000000000000e+00
1.949474060541911e-05
2.042630474208273e-05
9.455448086892471e-06
9.759990728885892e-06
0.000000000000000e+00
0.000000000000000e+00
0.000000000000000e+00
-2.921307268066720e-05
-3.050117527086948e-05
-2.314178959961222e-05
-2.323328673664582e-05
-1.165676341624566e-05
-1.937403249729908e-05
-1.539387599772124e-05
-1.788908143257606e-05
-2.026324967441262e-05
-2.383655446688837e-05
-2.192887029645041e-05
0.000000000000000e+00
0.000000000000000e+00
0.000000000000000e+00
0.000000000000000e+00
0.000000000000000e+00
0.000000000000000e+00
0.000000000000000e+00
0.000000000000000e+00
2.944868732179806e-05
3.578021314371016e-05
4.076001172059751e-05
3.907405775288586e-05
3.061149442334932e-05
4.314736858669621e-06
4.566893749842482e-06
-2.030108424946192e-06
1.749523834079086e-06
9.932487084932107e-06
7.363959145717525e-06
7.228574219850237e-06
4.817845563026557e-06
4.555518797522140e-06
1.794160946103074e-06
-2.904747580317890e-05
-2.552268514521838e-05
-2.720261000643820e-05
-3.066398060280751e-05
-2.092107438222968e-05
2.844649466660076e-05
3.122607773470287e-05
2.763659097948512e-05
2.625914976372989e-05
3.440338833149426e-05
4.441434191065907e-06
5.245514334895063e-06
0.000000000000000e+00
9.822023559702409e-06
1.146791110423484e-05
0.000000000000000e+00
-9.839880575140800e-09
9.237396161529410e-07
0.000000000000000e+00
-9.446529031162387e-07
-3.126094655414580e-06
0.000000000000000e+00
-4.101798140532242e-06
-7.187033164379741e-06
-5.489024451826863e-06
0.000000000000000e+00
-1.816235356499885e-06
0.000000000000000e+00
0.000000000000000e+00
0.000000000000000e+00
-1.074013747698332e-05
-1.061390870593648e-05
0.000000000000000e+00
-2.160040101900629e-05
0.000000000000000e+00
-1.034861223547789e-05
0.000000000000000e+00
-9.574419283564506e-06
0.000000000000000e+00
0.000000000000000e+00
0.000000000000000e+00
-8.419173707530092e-06
0.000000000000000e+00
0.000000000000000e+00
0.000000000000000e+00
6.870757046584242e-06
0.000000000000000e+00
1.307635572833643e-05
7.474452457689740e-06
6.002583434833175e-06
0.000000000000000e+00
0.000000000000000e+00
1.130684338529475e-05
0.000000000000000e+00
1.096637378872334e-05
0.000000000000000e+00
0.000000000000000e+00
1.089279370575236e-05
-4.814884099924033e-06
-1.229891716583720e-05
-1.066580668698802e-05
-5.764444580225181e-06
0.000000000000000e+00
1.033113935117180e-05
0.000000000000000e+00
0.000000000000000e+00
0.000000000000000e+00
0.000000000000000e+00
0.000000000000000e+00
0.000000000000000e+00
0.000000000000000e+00
0.000000000000000e+00
0.000000000000000e+00
0.000000000000000e+00
0.000000000000000e+00
0.000000000000000e+00
0.000000000000000e+00
0.000000000000000e+00
0.000000000000000e+00
0.000000000000000e+00
0.000000000000000e+00
0.000000000000000e+00
0.000000000000000e+00
0.000000000000000e+00
1.064409114281961e-05
0.000000000000000e+00
2.124550249976709e-05
2.191554218411440e-05
1.088888513234298e-05
3.967571402446746e-06
4.880481031255268e-06
0.000000000000000e+00
-5.215442869188625e-06
-1.148187025012959e-05
-1.300278091445617e-05
-6.039749128272653e-06
0.000000000000000e+00
-4.506606797682888e-06
2.241086334439646e-06
5.500928292143104e-06
3.148675719683025e-06
0.000000000000000e+00
0.000000000000000e+00
6.416848167600797e-06
1.229324546569988e-05
1.546273431907164e-05
1.069540258127888e-05
1.746031722005270e-05
1.381128671040788e-05
-4.499495871931880e-07
4.627825081725268e-07
1.386618372581361e-06
0.000000000000000e+00
0.000000000000000e+00
0.000000000000000e+00
0.000000000000000e+00
0.000000000000000e+00
-1.595119002928413e-05
-7.448633716877762e-06
-1.454180336768474e-05
-6.881928780066993e-06
2.325314602080741e-05
1.141734132414918e-05
3.130638907117289e-05
2.322797022713541e-05
2.808238998325274e-05
2.089376708919177e-05
2.800525458374059e-05
2.159600151396823e-05
1.038077112153202e-05
0.000000000000000e+00
0.000000000000000e+00
6.358780946055798e-06
2.749076840308229e-06
9.449750578399696e-06
8.092004951193443e-06
3.620877008836398e-06
0.000000000000000e+00
-7.858223460943670e-06
-1.523547392884295e-05
-1.373760256639933e-05
-1.873696042486994e-05
-1.609958278500634e-05
-7.300997276138421e-06
1.660123369839894e-05
1.780501246340105e-05
2.192501412440206e-05
2.143069175136736e-05
8.740627928938149e-06
9.008842149271779e-06
2.520009181850025e-05
1.995116128894470e-05
1.899987775344503e-05
1.023608116118568e-05
9.708804658892234e-06
0.000000000000000e+00
0.000000000000000e+00
-2.290804868965157e-06
-1.354575825680826e-06
-3.651794173928358e-06
-4.826037213516432e-06
-3.348600700593674e-06
0.000000000000000e+00
0.000000000000000e+00
0.000000000000000e+00
0.000000000000000e+00
0.000000000000000e+00
0.000000000000000e+00
0.000000000000000e+00
0.000000000000000e+00
0.000000000000000e+00
0.000000000000000e+00
0.000000000000000e+00
0.000000000000000e+00
5.605355098803333e-06
0.000000000000000e+00
0.000000000000000e+00
0.000000000000000e+00
0.000000000000000e+00
0.000000000000000e+00
0.000000000000000e+00
0.000000000000000e+00
0.000000000000000e+00
0.000000000000000e+00
0.000000000000000e+00
0.000000000000000e+00
0.000000000000000e+00
0.000000000000000e+00
0.000000000000000e+00
0.000000000000000e+00
0.000000000000000e+00
0.000000000000000e+00
0.000000000000000e+00
0.000000000000000e+00
0.000000000000000e+00
0.000000000000000e+00
0.000000000000000e+00
0.000000000000000e+00
0.000000000000000e+00
0.000000000000000e+00
0.000000000000000e+00
0.000000000000000e+00
0.000000000000000e+00
0.000000000000000e+00
0.000000000000000e+00
0.000000000000000e+00
0.000000000000000e+00
0.000000000000000e+00
0.000000000000000e+00
0.000000000000000e+00
0.000000000000000e+00
0.000000000000000e+00
0.000000000000000e+00
0.000000000000000e+00
0.000000000000000e+00
0.000000000000000e+00
0.000000000000000e+00
0.000000000000000e+00
0.000000000000000e+00
0.000000000000000e+00
0.000000000000000e+00
0.000000000000000e+00
0.000000000000000e+00
0.000000000000000e+00
0.000000000000000e+00
0.000000000000000e+00
0.000000000000000e+00
0.000000000000000e+00
0.000000000000000e+00
0.000000000000000e+00
0.000000000000000e+00
0.000000000000000e+00
0.000000000000000e+00
0.000000000000000e+00
0.000000000000000e+00
0.000000000000000e+00
0.000000000000000e+00
0.000000000000000e+00
0.000000000000000e+00
0.000000000000000e+00
0.000000000000000e+00
0.000000000000000e+00
0.000000000000000e+00
0.000000000000000e+00
0.000000000000000e+00
0.000000000000000e+00
0.000000000000000e+00
0.000000000000000e+00
0.000000000000000e+00
0.000000000000000e+00
0.000000000000000e+00
0.000000000000000e+00
0.000000000000000e+00
0.000000000000000e+00
0.000000000000000e+00
0.000000000000000e+00
0.000000000000000e+00
0.000000000000000e+00
0.000000000000000e+00
0.000000000000000e+00
0.000000000000000e+00
0.000000000000000e+00
0.000000000000000e+00
0.000000000000000e+00
-1.136856608452419e-05
0.000000000000000e+00
0.000000000000000e+00
0.000000000000000e+00
0.000000000000000e+00
0.000000000000000e+00
0.000000000000000e+00
0.000000000000000e+00
0.000000000000000e+00
0.000000000000000e+00
0.000000000000000e+00
0.000000000000000e+00
0.000000000000000e+00
0.000000000000000e+00
-6.413108954828051e-06
0.000000000000000e+00
0.000000000000000e+00
0.000000000000000e+00
0.000000000000000e+00
0.000000000000000e+00
0.000000000000000e+00
0.000000000000000e+00
0.000000000000000e+00
0.000000000000000e+00
0.000000000000000e+00
0.000000000000000e+00
0.000000000000000e+00
0.000000000000000e+00
0.000000000000000e+00
0.000000000000000e+00
0.000000000000000e+00
0.000000000000000e+00
0.000000000000000e+00
0.000000000000000e+00
0.000000000000000e+00
0.000000000000000e+00
0.000000000000000e+00
0.000000000000000e+00
-8.309384389504348e-06
0.000000000000000e+00
0.000000000000000e+00
0.000000000000000e+00
0.000000000000000e+00
1.130059501869285e-05
1.175671833891778e-05
0.000000000000000e+00
0.000000000000000e+00
0.000000000000000e+00
0.000000000000000e+00
7.253584764332910e-06
7.814531364502830e-06
0.000000000000000e+00
2.522768013737964e-05
1.957015115078287e-05
2.172258007984706e-05
1.526819974217997e-05
0.000000000000000e+00
0.000000000000000e+00
0.000000000000000e+00
0.000000000000000e+00
0.000000000000000e+00
0.000000000000000e+00
0.000000000000000e+00
0.000000000000000e+00
0.000000000000000e+00
0.000000000000000e+00
0.000000000000000e+00
0.000000000000000e+00
0.000000000000000e+00
0.000000000000000e+00
0.000000000000000e+00
0.000000000000000e+00
0.000000000000000e+00
0.000000000000000e+00
0.000000000000000e+00
0.000000000000000e+00
0.000000000000000e+00
0.000000000000000e+00
0.000000000000000e+00
0.000000000000000e+00
0.000000000000000e+00
0.000000000000000e+00
0.000000000000000e+00
0.000000000000000e+00
0.000000000000000e+00
0.000000000000000e+00
0.000000000000000e+00
0.000000000000000e+00
0.000000000000000e+00
0.000000000000000e+00
0.000000000000000e+00
0.000000000000000e+00
0.000000000000000e+00
0.000000000000000e+00
0.000000000000000e+00
0.000000000000000e+00
0.000000000000000e+00
0.000000000000000e+00
0.000000000000000e+00
0.000000000000000e+00
0.000000000000000e+00
0.000000000000000e+00
0.000000000000000e+00
0.000000000000000e+00
0.000000000000000e+00
0.000000000000000e+00
0.000000000000000e+00
0.000000000000000e+00
0.000000000000000e+00
0.000000000000000e+00
0.000000000000000e+00
0.000000000000000e+00
0.000000000000000e+00
0.000000000000000e+00
0.000000000000000e+00
0.000000000000000e+00
0.000000000000000e+00
0.000000000000000e+00
0.000000000000000e+00
0.000000000000000e+00
0.000000000000000e+00
0.000000000000000e+00
0.000000000000000e+00
0.000000000000000e+00
0.000000000000000e+00
0.000000000000000e+00
0.000000000000000e+00
0.000000000000000e+00
0.000000000000000e+00
0.000000000000000e+00
0.000000000000000e+00
0.000000000000000e+00
0.000000000000000e+00
0.000000000000000e+00
0.000000000000000e+00
0.000000000000000e+00
0.000000000000000e+00
0.000000000000000e+00
0.000000000000000e+00
0.000000000000000e+00
0.000000000000000e+00
0.000000000000000e+00
0.000000000000000e+00
0.000000000000000e+00
0.000000000000000e+00
0.000000000000000e+00
0.000000000000000e+00
0.000000000000000e+00
0.000000000000000e+00
3.380898740357186e-05
3.686150989240522e-05
3.920626653164394e-05
3.278806463341555e-05
3.466197076018585e-05
0.000000000000000e+00
0.000000000000000e+00
0.000000000000000e+00
0.000000000000000e+00
0.000000000000000e+00
0.000000000000000e+00
0.000000000000000e+00
0.000000000000000e+00
0.000000000000000e+00
0.000000000000000e+00
0.000000000000000e+00
0.000000000000000e+00
0.000000000000000e+00
0.000000000000000e+00
0.000000000000000e+00
0.000000000000000e+00
0.000000000000000e+00
0.000000000000000e+00
0.000000000000000e+00
0.000000000000000e+00
0.000000000000000e+00
0.000000000000000e+00
0.000000000000000e+00
0.000000000000000e+00
0.000000000000000e+00
0.000000000000000e+00
0.000000000000000e+00
0.000000000000000e+00
0.000000000000000e+00
0.000000000000000e+00
0.000000000000000e+00
0.000000000000000e+00
0.000000000000000e+00
0.000000000000000e+00
0.000000000000000e+00
0.000000000000000e+00
0.000000000000000e+00
0.000000000000000e+00
0.000000000000000e+00
0.000000000000000e+00
0.000000000000000e+00
0.000000000000000e+00
0.000000000000000e+00
0.000000000000000e+00
0.000000000000000e+00
0.000000000000000e+00
0.000000000000000e+00
0.000000000000000e+00
0.000000000000000e+00
0.000000000000000e+00
0.000000000000000e+00
2.545206928589172e-05
3.086926103329501e-05
2.672304158302108e-05
3.043056041107661e-05
3.459254408910706e-05
3.384682928608829e-05
3.010642675316255e-05
3.609758407990826e-05
2.860083147776527e-05
2.938886089859372e-05
2.219938778758035e-05
1.138751409546224e-05
0.000000000000000e+00
0.000000000000000e+00
0.000000000000000e+00
0.000000000000000e+00
0.000000000000000e+00
0.000000000000000e+00
0.000000000000000e+00
0.000000000000000e+00
0.000000000000000e+00
0.000000000000000e+00
0.000000000000000e+00
0.000000000000000e+00
0.000000000000000e+00
0.000000000000000e+00
0.000000000000000e+00
0.000000000000000e+00
0.000000000000000e+00
0.000000000000000e+00
0.000000000000000e+00
0.000000000000000e+00
0.000000000000000e+00
0.000000000000000e+00
0.000000000000000e+00
0.000000000000000e+00
0.000000000000000e+00
0.000000000000000e+00
0.000000000000000e+00
0.000000000000000e+00
0.000000000000000e+00
0.000000000000000e+00

Uz  1  1102  double
2.349128648451299e-04
2.385274813914012e-04
2.552506319411785e-04
2.725500890465027e-04
2.573431788251701e-04
1.166965236432463e-04
1.548771026825546e-04
1.321780344567328e-04
1.607296970932010e-04
1.382262331167811e-04
1.252597268122865e-04
1.123287848108848e-04
8.243514400686769e-05
8.242656856665559e-05
4.406298092685113e-05
4.502096911954481e-05
1.195767612355153e-04
1.563031064800435e-04
1.460067575411519e-04
1.136453697659426e-04
1.352779462474515e-04
1.745953704711672e-04
8.245011373499145e-05
1.191601644184026e-04
1.182812483082468e-04
1.551435176399829e-04
1.524227620561397e-04
1.479684233143472e-04
1.817264287214126e-04
1.775409085220114e-04
1.414758309432954e-04
1.138359394567273e-04
1.150791336060886e-04
1.112760830008566e-04
8.243868992008352e-05
8.244733883484151e-05
1.144015607065577e-04
1.416904665572233e-04
1.337152971085040e-04
1.111821279650704e-04
1.054934121712814e-04
8.242582397396947e-05
1.143205839860967e-04
1.493765099553346e-04
1.317978987342983e-04
1.105591889461882e-04
1.150935079384310e-04
8.245533009335754e-05
1.046747336628864e-04
1.675775279363079e-04
1.937687799144910e-04
1.880962826208560e-04
1.702108506177746e-04
2.139480665605958e-04
2.069541151014237e-04
1.796306817331006e-04
2.301364235027109e-04
2.416215388025417e-04
2.181945994682299e-04
2.390667619397296e-04
2.274673078115352e-04
2.040214255655121e-04
2.069303169229264e-04
2.230610221616303e-04
2.478697604850477e-04
2.449770799420325e-04
2.555222706714932e-04
2.728975258660810e-04
2.689654030083727e-04
2.500805510568110e-04
3.122368468391479e-04
3.181401356792402e-04
3.145357190066922e-04
3.071250261158509e-04
3.143340802159444e-04
3.079167431889185e-04
2.017968063293130e-04
2.268736215942230e-04
1.904133840065492e-04
1.737713609171881e-04
1.835511330701284e-04
1.760090499596106e-04
2.170270556390574e-04
2.041524150617063e-04
2.520741603925097e-04
2.702972244660456e-04
2.956707778566103e-04
3.063531411747200e-04
2.636065475021820e-04
2.445909715830669e-04
2.589503215601197e-04
2.288525423803783e-04
2.272137494117726e-04
2.477412531487339e-04
1.705588681434611e-04
1.942299771796885e-04
1.696488978900346e-04
1.949647385888764e-04
2.177656103210801e-04
2.170396443379463e-04
1.443026737266914e-04
2.292303146246705e-04
2.512773470783047e-04
2.384213357132375e-04
2.611120906667042e-04
2.405858860995008e-04
3.165786055107089e-04
3.203106864556604e-04
3.167071143232170e-04
3.114681125583607e-04
3.138196625425693e-04
3.189312079092121e-04
3.098319033528751e-04
3.134341389371686e-04
2.154808504895855e-04
1.904464972005693e-04
2.101598430512830e-04
2.336975436033756e-04
2.375047145040943e-04
1.628355009375831e-04
3.092250971575838e-04
3.130289463907365e-04
3.184714211902917e-04
3.045721337516238e-04
3.068681107426252e-04
2.966999788369673e-04
3.075135643682281e-04
3.069235131125947e-04
3.033188309211066e-04
2.985959971791574e-04
2.964985193956993e-04
2.975136977649007e-04
3.051803132043951e-04
3.072742506102510e-04
3.000712944806194e-04
2.872965415581102e-04
2.847395314313772e-04
2.939128062348084e-04
2.945540871721331e-04
2.982838641119590e-04
2.989990400317499e-04
2.878593147697950e-04
2.870670633635941e-04
2.856372559210119e-04
2.737045989735926e-04
2.935826843045442e-04
3.032147002723085e-04
2.919469902787075e-04
1.967554109114644e-04
2.308234086749600e-04
2.065465284580015e-04
2.225595146951309e-04
2.112773210392327e-04
2.248990429452730e-04
2.174783350117337e-04
2.406873550607896e-04
2.317582506245336e-04
2.292808441039657e-04
2.465884523851353e-04
2.133053782087391e-04
1.796339052134305e-04
1.927415077825761e-04
1.654882023303661e-04
1.874867091429533e-04
2.603632524873084e-04
2.400396562358548e-04
2.776644659723548e-04
2.715066752606715e-04
2.526981746933110e-04
1.910081212890408e-04
1.780929575922463e-04
2.059973711894952e-04
1.607776658119758e-04
1.902683492585461e-04
2.666502612723859e-04
2.650139721723649e-04
2.493440128172042e-04
2.494745458880010e-04
2.808073256622967e-04
2.290069001132794e-04
2.306466173135208e-04
2.461996831069624e-04
1.700810772366501e-04
1.980921674308439e-04
1.891397869113742e-04
1.607694732900372e-04
1.406200365289198e-04
2.156339588164358e-04
2.051911449400395e-04
2.652721341123848e-04
2.608781406923388e-04
2.721479175561425e-04
2.534680505213160e-04
2.780495747817385e-04
2.809358051324012e-04
2.652442936610933e-04
2.638644056711520e-04
2.797281042741934e-04
2.795988980601044e-04
1.438709943535621e-04
1.632320583204311e-04
1.686617068962781e-04
1.405396875974324e-04
1.725219222684510e-04
2.227648614786804e-04
2.312374925224070e-04
2.455279341399552e-04
2.524825590966701e-04
2.355528388715278e-04
1.917753310850950e-04
1.773762333051460e-04
1.622092120739660e-04
1.753876894124706e-04
1.361143136283730e-04
8.248632079246865e-05
8.247403834232142e-05
1.128565257748834e-04
4.462790011418305e-05
4.390443427722615e-05
8.243660711211576e-05
1.193349974776964e-04
8.242806518102275e-05
4.532891676351999e-05
4.438802467874453e-05
4.387275509610059e-05
1.839346160150412e-04
1.681222526105364e-04
1.969590031742074e-04
1.155596754007088e-04
1.493982750275930e-04
1.372000721331923e-04
1.546277027948961e-04
1.531551572148682e-04
1.469561705923564e-04
1.218600897698041e-04
1.166085318282939e-04
1.132146501750669e-04
1.396847606918439e-04
1.158421801204026e-04
8.243858374612500e-05
8.244306691634201e-05
1.086238842311071e-04
8.241993973430450e-05
2.878095539401021e-04
2.922035879592555e-04
3.004561130117434e-04
3.056937905826784e-04
3.100886581501872e-04
3.033429861383774e-04
2.786158942771344e-04
2.862844575247242e-04
2.909376065006186e-04
2.992618750286002e-04
3.024069917481609e-04
2.764530605137983e-04
2.702906805306798e-04
1.145821182632623e-04
8.243968022664944e-05
1.282044256774029e-04
8.243340650120057e-05
1.038475243233944e-04
8.246090167651765e-05
8.242721633187206e-05
1.081357571740549e-04
8.244420510022249e-05
4.459606904611349e-05
4.395160713721591e-05
4.395420513134476e-05
3.201085999521014e-04
3.208988168169058e-04
3.210276511159404e-04
3.187293876671105e-04
1.856766418968231e-04
2.088177382303102e-04
1.838697293458230e-04
1.598304237716147e-04
1.655282014704357e-04
1.935522438522019e-04
1.711811037710259e-04
1.734885918368845e-04
1.973436463875294e-04
1.451933669567446e-04
2.489169355919113e-04
2.542294858548649e-04
2.679309968963289e-04
2.717342355370578e-04
2.166840993586827e-04
2.243517207668883e-04
1.994693461638969e-04
2.056380552312442e-04
1.715452885921870e-04
1.792057123957830e-04
2.866641588155638e-04
2.738146125653151e-04
2.579484478115318e-04
2.666038628558187e-04
2.537514282562325e-04
2.717167771623674e-04
2.830593890061905e-04
2.573581336877129e-04
2.839256272769292e-04
2.862211921004498e-04
2.969039436543364e-04
2.931012039981418e-04
2.855025895532742e-04
2.976924918993984e-04
1.506382122398453e-04
1.816823552172192e-04
2.067982572736132e-04
2.036340649295559e-04
1.824097819275589e-04
1.770391796693804e-04
3.186738692962654e-04
3.140210931098786e-04
3.177536584650920e-04
3.138182057414451e-04
3.115928038049387e-04
2.872545701414209e-04
2.848303028898658e-04
2.937474671044216e-04
2.976790440351595e-04
3.050888978286537e-04
2.954669678135180e-04
3.024172713522177e-04
3.061497779029143e-04
2.902274180928699e-04
2.819740724827879e-04
2.817700556271563e-04
2.868015104374594e-04
2.709370641206799e-04
2.768406882994456e-04
2.793916981533862e-04
2.620168363541842e-04
2.594668726964011e-04
2.520528835255609e-04
2.430395941941943e-04
2.295882109280140e-04
2.512956194859473e-04
2.070204783212043e-04
2.198174005692694e-04
2.399766785315671e-04
2.189828364999036e-04
2.195709435585946e-04
2.390577718849873e-04
1.970462285323243e-04
1.949411479060109e-04
1.715134157585507e-04
2.764403174847219e-04
2.668056094321941e-04
2.913866439138713e-04
2.832608191768310e-04
2.652607021789016e-04
2.750230982898338e-04
2.568007083804114e-04
2.707055139012371e-04
2.453241683295498e-04
2.650562815863511e-04
1.449490780534093e-04
1.723879425617747e-04
1.961626778553965e-04
1.703752320153240e-04
1.460527078899002e-04
1.421720995779391e-04
2.160052213718011e-04
1.957471161691954e-04
2.384812671471503e-04
2.197832169207187e-04
2.205851560048433e-04
1.980763255329254e-04
2.868323557137786e-04
2.980995483196913e-04
2.859104885768043e-04
2.731351441490892e-04
2.032499837968244e-04
2.282879219573375e-04
2.115177716568994e-04
2.166749068207019e-04
1.917896048706236e-04
1.849804297025109e-04
2.996496509342361e-04
3.025362495480133e-04
2.911961240228134e-04
2.925748824430807e-04
1.392352363146498e-04
1.150414849995854e-04
8.246053458808161e-05
8.244833074480540e-05
1.080540591248680e-04
1.377818259892041e-04
1.084929308370827e-04
1.820804209926308e-04
1.906233557495557e-04
2.091472091956814e-04
2.248305801632738e-04
1.992970923191117e-04
2.134764080360813e-04
2.225474206272726e-04
1.974504498001156e-04
1.693048370019767e-04
1.600078919103687e-04
1.882327002032946e-04
2.148588508996824e-04
2.363370506684170e-04
2.400682505920987e-04
2.131091080678493e-04
2.183506251026701e-04
1.868406543737572e-04
2.048528322252385e-04
2.391127565572332e-04
2.366812458989426e-04
2.178566985660269e-04
2.564206577336803e-04
2.632299791471143e-04
2.804006297048300e-04
2.699753843204422e-04
2.565331712228724e-04
3.134162543635133e-04
3.108623383439035e-04
3.161742216707675e-04
3.094835061084322e-04
3.163033291972706e-04
2.623327767641431e-04
2.796314493537511e-04
2.689498482272429e-04
2.420137138852141e-04
2.501422910466816e-04
2.308611083453177e-04
2.186658154102877e-04
2.471298957614082e-04
2.246234409103987e-04
1.816337603491036e-04
1.990784365127202e-04
2.087320801754389e-04
2.060775390598374e-04
2.089648944762906e-04
1.842101840380944e-04
1.500552176591785e-04
1.799073168622656e-04
2.002288720635709e-04
2.153684700023362e-04
2.327578307375483e-04
1.898029871038182e-04
2.378771385920103e-04
2.587550809943079e-04
2.407828288367858e-04
2.579621884567646e-04
2.721196782412144e-04
2.744192086205910e-04
2.351205691677183e-04
2.116879500217023e-04
2.032446014104544e-04
2.281646797163833e-04
2.171380037898768e-04
1.921663775997368e-04
1.851991654833463e-04
2.331685744250689e-04
2.541547813577627e-04
2.473324806131078e-04
2.374895585207093e-04
2.584761649390699e-04
2.565262944705937e-04
2.382965788924329e-04
2.558079883532710e-04
2.360691611559412e-04
2.725230019333391e-04
1.711439841739770e-04
1.953963612596754e-04
1.959989597052486e-04
1.439953704378549e-04
1.442135144030243e-04
1.699767161656845e-04
2.187804492459200e-04
1.414068790524040e-04
1.602056184437650e-04
1.420507279934272e-04
1.140100434602748e-04
1.122646220480597e-04
8.253607018825909e-05
1.233254514047752e-04
1.083615811881961e-04
1.411459461835990e-04
1.145940560772704e-04
8.244079431209833e-05
8.243207139110170e-05
1.557362335788265e-04
1.356120865673230e-04
1.647184110361577e-04
1.421858409864016e-04
1.624431712782259e-04
1.435646774164065e-04
1.730066953725962e-04
1.792048533366813e-04
1.911812107990574e-04
8.245476500610971e-05
1.127338192081218e-04
8.242251284776292e-05
1.146680709522355e-04
4.533931750074632e-05
1.423021731856294e-04
1.192802037105894e-04
1.474266856178255e-04
1.688195933658987e-04
1.162631108937925e-04
8.246968870095212e-05
1.125660555634511e-04
8.244389767408239e-05
8.244132845072055e-05
1.146463848624157e-04
1.153090614385913e-04
8.244328484985353e-05
8.244332620795103e-05
8.244131900665003e-05
1.132693213299063e-04
1.134051714263423e-04
1.433414869690050e-04
1.683058130530490e-04
1.408761345075005e-04
1.365626712897527e-04
8.245856918818323e-05
1.145104614850637e-04
1.144389748511249e-04
8.245867208699770e-05
4.533989731298968e-05
1.151022034344279e-04
1.146682448368505e-04
8.245984785029692e-05
8.245249940300181e-05
1.454768621947516e-04
8.245067619859492e-05
4.405496443471435e-05
0.000000000000000e+00
0.000000000000000e+00
4.532868559031442e-05
0.000000000000000e+00
1.429982425710241e-04
1.642418528403355e-04
1.558393267204472e-04
1.770815016463173e-04
1.935478354918307e-04
1.177668050182518e-04
8.245395525220689e-05
8.247346970462199e-05
1.130194184545755e-04
8.245497260621348e-05
4.496215032947712e-05
8.244587653206958e-05
0.000000000000000e+00
4.412673650204535e-05
4.532832007919305e-05
0.000000000000000e+00
8.245916494193511e-05
8.244414325674770e-05
4.461492524520175e-05
4.384293419836330e-05
0.000000000000000e+00
0.000000000000000e+00
0.000000000000000e+00
1.069961634889149e-04
1.116092556777137e-04
8.242694154463742e-05
8.244220300589883e-05
4.493306657145021e-05
1.355169244118687e-04
1.054239690652242e-04
1.107447185721769e-04
1.141460000733674e-04
1.603917298202695e-04
1.353398221210014e-04
0.000000000000000e+00
0.000000000000000e+00
0.000000000000000e+00
0.000000000000000e+00
0.000000000000000e+00
0.000000000000000e+00
0.000000000000000e+00
0.000000000000000e+00
1.082685587412632e-04
1.359901899833857e-04
1.652494917499386e-04
1.567604003826911e-04
1.122355655074417e-04
1.352875274513304e-04
1.618322530846789e-04
1.483989682974293e-04
1.420827242498424e-04
1.335506021895791e-04
1.435744242686138e-04
1.122946069069888e-04
1.119657443907698e-04
8.243760083179175e-05
4.406174149454434e-05
1.559283489213914e-04
1.376556180674587e-04
1.349763360307191e-04
1.501813197931495e-04
1.126756349601812e-04
1.119684373930147e-04
1.344553653575276e-04
1.127534192058646e-04
1.117639276056390e-04
1.445592269032903e-04
4.439914818658158e-05
4.422480328794900e-05
0.000000000000000e+00
8.247126035142160e-05
8.247186771379034e-05
0.000000000000000e+00
4.411978612020931e-05
4.532460742400282e-05
0.000000000000000e+00
4.532931519191791e-05
4.403428325710362e-05
0.000000000000000e+00
4.533070805323378e-05
8.243644784967918e-05
8.245342359832625e-05
0.000000000000000e+00
4.411404695770643e-05
0.000000000000000e+00
0.000000000000000e+00
0.000000000000000e+00
4.403461071749229e-05
4.472389029654827e-05
0.000000000000000e+00
8.247831687185903e-05
0.000000000000000e+00
4.533789093151899e-05
0.000000000000000e+00
4.404674391401964e-05
0.000000000000000e+00
0.000000000000000e+00
0.000000000000000e+00
4.389583738689459e-05
0.000000000000000e+00
0.000000000000000e+00
0.000000000000000e+00
4.461038649006613e-05
0.000000000000000e+00
8.243824150355045e-05
4.385500193618622e-05
4.399982427950172e-05
0.000000000000000e+00
0.000000000000000e+00
4.438764183945995e-05
0.000000000000000e+00
4.382811514387630e-05
0.000000000000000e+00
0.000000000000000e+00
4.460212386646345e-05
4.409115069814104e-05
8.247876309131624e-05
8.249560067802308e-05
4.502397523170956e-05
0.000000000000000e+00
4.438211286342947e-05
0.000000000000000e+00
0.000000000000000e+00
0.000000000000000e+00
0.000000000000000e+00
0.000000000000000e+00
0.000000000000000e+00
0.000000000000000e+00
0.000000000000000e+00
0.000000000000000e+00
0.000000000000000e+00
0.000000000000000e+00
0.000000000000000e+00
0.000000000000000e+00
0.000000000000000e+00
0.000000000000000e+00
0.000000000000000e+00
0.000000000000000e+00
0.000000000000000e+00
0.000000000000000e+00
0.000000000000000e+00
4.420182259898264e-05
0.000000000000000e+00
8.244023852534144e-05
8.243685154998848e-05
4.402197350460157e-05
4.388837691379072e-05
4.461875524565395e-05
0.000000000000000e+00
4.401815433244249e-05
8.242001213946970e-05
8.241138861495717e-05
4.423217619835967e-05
0.000000000000000e+00
4.494412009444296e-05
4.391732353850250e-05
8.243818007657583e-05
4.461196050978972e-05
0.000000000000000e+00
0.000000000000000e+00
4.425685113792002e-05
8.244871322665714e-05
1.137499806130662e-04
8.245587166744173e-05
1.130424698589441e-04
8.244581791648498e-05
4.497408910653089e-05
4.399692589712040e-05
4.491948573676074e-05
0.000000000000000e+00
0.000000000000000e+00
0.000000000000000e+00
0.000000000000000e+00
0.000000000000000e+00
8.244943526350412e-05
4.397162050319425e-05
8.242469221717008e-05
4.475950493236860e-05
8.244766294752959e-05
4.412721590099644e-05
1.148442728940435e-04
8.245487817624964e-05
1.180662031209367e-04
8.246757048919334e-05
1.119710622097952e-04
8.244249132863257e-05
4.393441272626183e-05
0.000000000000000e+00
0.000000000000000e+00
8.244797919906149e-05
4.499259419694576e-05
1.108676711823672e-04
8.245955647374903e-05
4.473869599639149e-05
0.000000000000000e+00
4.432529008721597e-05
8.244785737576005e-05
8.244959093586801e-05
1.105338142808679e-04
1.040544738920013e-04
4.494444415511709e-05
8.242565841874716e-05
8.243109214535471e-05
1.081238121141068e-04
1.137633577577707e-04
4.531793592420577e-05
4.401912317616649e-05
1.097327045985960e-04
8.244155973075734e-05
8.244659436930368e-05
4.495981406083330e-05
4.465542887123475e-05
0.000000000000000e+00
0.000000000000000e+00
4.494922300058574e-05
4.399327385745319e-05
8.245661479695104e-05
1.402242987809388e-04
1.140162630880667e-04
0.000000000000000e+00
0.000000000000000e+00
0.000000000000000e+00
0.000000000000000e+00
0.000000000000000e+00
0.000000000000000e+00
0.000000000000000e+00
0.000000000000000e+00
0.000000000000000e+00
0.000000000000000e+00
0.000000000000000e+00
0.000000000000000e+00
4.398283855075805e-05
0.000000000000000e+00
0.000000000000000e+00
0.000000000000000e+00
0.000000000000000e+00
0.000000000000000e+00
0.000000000000000e+00
0.000000000000000e+00
0.000000000000000e+00
0.000000000000000e+00
0.000000000000000e+00
0.000000000000000e+00
0.000000000000000e+00
0.000000000000000e+00
0.000000000000000e+00
0.000000000000000e+00
0.000000000000000e+00
0.000000000000000e+00
0.000000000000000e+00
0.000000000000000e+00
0.000000000000000e+00
0.000000000000000e+00
0.000000000000000e+00
0.000000000000000e+00
0.000000000000000e+00
0.000000000000000e+00
0.000000000000000e+00
0.000000000000000e+00
0.000000000000000e+00
0.000000000000000e+00
0.000000000000000e+00
0.000000000000000e+00
0.000000000000000e+00
0.000000000000000e+00
0.000000000000000e+00
0.000000000000000e+00
0.000000000000000e+00
0.000000000000000e+00
0.000000000000000e+00
0.000000000000000e+00
0.000000000000000e+00
0.000000000000000e+00
0.000000000000000e+00
0.000000000000000e+00
0.000000000000000e+00
0.000000000000000e+00
0.000000000000000e+00
0.000000000000000e+00
0.000000000000000e+00
0.000000000000000e+00
0.000000000000000e+00
0.000000000000000e+00
0.000000000000000e+00
0.000000000000000e+00
0.000000000000000e+00
0.000000000000000e+00
0.000000000000000e+00
0.000000000000000e+00
0.000000000000000e+00
0.000000000000000e+00
0.000000000000000e+00
0.000000000000000e+00
0.000000000000000e+00
0.000000000000000e+00
0.000000000000000e+00
0.000000000000000e+00
0.000000000000000e+00
0.000000000000000e+00
0.000000000000000e+00
0.000000000000000e+00
0.000000000000000e+00
0.000000000000000e+00
0.000000000000000e+00
0.000000000000000e+00
0.000000000000000e+00
0.000000000000000e+00
0.000000000000000e+00
0.000000000000000e+00
0.000000000000000e+00
0.000000000000000e+00
0.000000000000000e+00
0.000000000000000e+00
0.000000000000000e+00
0.000000000000000e+00
0.000000000000000e+00
0.000000000000000e+00
0.000000000000000e+00
0.000000000000000e+00
0.000000000000000e+00
0.000000000000000e+00
4.405649029122841e-05
0.000000000000000e+00
0.000000000000000e+00
0.000000000000000e+00
0.000000000000000e+00
0.000000000000000e+00
0.000000000000000e+00
0.000000000000000e+00
0.000000000000000e+00
0.000000000000000e+00
0.000000000000000e+00
0.000000000000000e+00
0.000000000000000e+00
0.000000000000000e+00
4.399242545896978e-05
0.000000000000000e+00
0.000000000000000e+00
0.000000000000000e+00
0.000000000000000e+00
0.000000000000000e+00
0.000000000000000e+00
0.000000000000000e+00
0.000000000000000e+00
0.000000000000000e+00
0.000000000000000e+00
0.000000000000000e+00
0.000000000000000e+00
0.000000000000000e+00
0.000000000000000e+00
0.000000000000000e+00
0.000000000000000e+00
0.000000000000000e+00
0.000000000000000e+00
0.000000000000000e+00
0.000000000000000e+00
0.000000000000000e+00
0.000000000000000e+00
0.000000000000000e+00
4.496484205566628e-05
0.000000000000000e+00
0.000000000000000e+00
0.000000000000000e+00
0.000000000000000e+00
4.406235407644621e-05
4.532906636016409e-05
0.000000000000000e+00
0.000000000000000e+00
0.000000000000000e+00
0.000000000000000e+00
4.478215291898666e-05
4.403766323265654e-05
0.000000000000000e+00
1.472351915718789e-04
1.141086027540497e-04
1.371589101210671e-04
8.243789013896025e-05
0.000000000000000e+00
0.000000000000000e+00
0.000000000000000e+00
0.000000000000000e+00
0.000000000000000e+00
0.000000000000000e+00
0.000000000000000e+00
0.000000000000000e+00
0.000000000000000e+00
0.000000000000000e+00
0.000000000000000e+00
0.000000000000000e+00
0.000000000000000e+00
0.000000000000000e+00
0.000000000000000e+00
0.000000000000000e+00
0.000000000000000e+00
0.000000000000000e+00
0.000000000000000e+00
0.000000000000000e+00
0.000000000000000e+00
0.000000000000000e+00
0.000000000000000e+00
0.000000000000000e+00
0.000000000000000e+00
0.000000000000000e+00
0.000000000000000e+00
0.000000000000000e+00
0.000000000000000e+00
0.000000000000000e+00
0.000000000000000e+00
0.000000000000000e+00
0.000000000000000e+00
0.000000000000000e+00
0.000000000000000e+00
0.000000000000000e+00
0.000000000000000e+00
0.000000000000000e+00
0.000000000000000e+00
0.000000000000000e+00
0.000000000000000e+00
0.000000000000000e+00
0.000000000000000e+00
0.000000000000000e+00
0.000000000000000e+00
0.000000000000000e+00
0.000000000000000e+00
0.000000000000000e+00
0.000000000000000e+00
0.000000000000000e+00
0.000000000000000e+00
0.000000000000000e+00
0.000000000000000e+00
0.000000000000000e+00
0.000000000000000e+00
0.000000000000000e+00
0.000000000000000e+00
0.000000000000000e+00
0.000000000000000e+00
0.000000000000000e+00
0.000000000000000e+00
0.000000000000000e+00
0.000000000000000e+00
0.000000000000000e+00
0.000000000000000e+00
0.000000000000000e+00
0.000000000000000e+00
0.000000000000000e+00
0.000000000000000e+00
0.000000000000000e+00
0.000000000000000e+00
0.000000000000000e+00
0.000000000000000e+00
0.000000000000000e+00
0.000000000000000e+00
0.000000000000000e+00
0.000000000000000e+00
0.000000000000000e+00
0.000000000000000e+00
0.000000000000000e+00
0.000000000000000e+00
0.000000000000000e+00
0.000000000000000e+00
0.000000000000000e+00
0.000000000000000e+00
0.000000000000000e+00
0.000000000000000e+00
0.000000000000000e+00
0.000000000000000e+00
0.000000000000000e+00
0.000000000000000e+00
0.000000000000000e+00
0.000000000000000e+00
1.515245325999781e-04
1.619494214549766e-04
1.686787562294040e-04
1.379701923924573e-04
1.418062382497684e-04
0.000000000000000e+00
0.000000000000000e+00
0.000000000000000e+00
0.000000000000000e+00
0.000000000000000e+00
0.000000000000000e+00
0.000000000000000e+00
0.000000000000000e+00
0.000000000000000e+00
0.000000000000000e+00
0.000000000000000e+00
0.000000000000000e+00
0.000000000000000e+00
0.000000000000000e+00
0.000000000000000e+00
0.000000000000000e+00
0.000000000000000e+00
0.000000000000000e+00
0.000000000000000e+00
0.000000000000000e+00
0.000000000000000e+00
0.000000000000000e+00
0.000000000000000e+00
0.000000000000000e+00
0.000000000000000e+00
0.000000000000000e+00
0.000000000000000e+00
0.000000000000000e+00
0.000000000000000e+00
0.000000000000000e+00
0.000000000000000e+00
0.000000000000000e+00
0.000000000000000e+00
0.000000000000000e+00
0.000000000000000e+00
0.000000000000000e+00
0.000000000000000e+00
0.000000000000000e+00
0.000000000000000e+00
0.000000000000000e+00
0.000000000000000e+00
0.000000000000000e+00
0.000000000000000e+00
0.000000000000000e+00
0.000000000000000e+00
0.000000000000000e+00
0.000000000000000e+00
0.000000000000000e+00
0.000000000000000e+00
0.000000000000000e+00
0.000000000000000e+00
1.188540365953464e-04
1.557428132606398e-04
1.379943599869454e-04
1.389727523455758e-04
1.704716417389313e-04
1.864067846876899e-04
1.707388398154153e-04
1.429650217493403e-04
1.080182621300135e-04
1.140386592068457e-04
8.240652483933880e-05
4.495479314939668e-05
0.000000000000000e+00
0.000000000000000e+00
0.000000000000000e+00
0.000000000000000e+00
0.000000000000000e+00
0.000000000000000e+00
0.000000000000000e+00
0.000000000000000e+00
0.000000000000000e+00
0.000000000000000e+00
0.000000000000000e+00
0.000000000000000e+00
0.000000000000000e+00
0.000000000000000e+00
0.000000000000000e+00
0.000000000000000e+00
0.000000000000000e+00
0.000000000000000e+00
0.000000000000000e+00
0.000000000000000e+00
0.000000000000000e+00
0.000000000000000e+00
0.000000000000000e+00
0.000000000000000e+00
0.000000000000000e+00
0.000000000000000e+00
0.000000000000000e+00
0.000000000000000e+00
0.000000000000000e+00
0.000000000000000e+00

nx  1  1102  double
1.966853291299558e-02
-1.743628082984729e-02
6.186393775260738e-03
-7.277423893383823e-03
-3.090939995873423e-02
3.706814161674025e-01
3.339729395599660e-01
3.367578613615478e-01
3.074944975262521e-01
3.124030653844527e-01
-1.869232156092654e-01
-1.597481083034242e-01
-1.750126529535005e-01
-1.429255272634321e-01
-1.954973798052011e-01
-2.347232386512257e-01
1.375311992299556e-01
1.252277685921775e-01
9.543758604569529e-02
1.086004388596365e-01
1.617586870897209e-01
8.511981445838711e-02
1.268875179549531e-01
-3.022062825228553e-01
-2.765867443926606e-01
-2.899399248406705e-01
-2.669430076801252e-01
-2.413345847257238e-01
-2.550123015862087e-01
-2.312541400543615e-01
-3.587216153977561e-01
-3.965920668124575e-01
-4.081713925890846e-01
-3.822495188273772e-01
-3.906514240983906e-01
-4.041204935282581e-01
4.147288018862715e-01
3.930315802611395e-01
4.052438278350795e-01
4.257173731001446e-01
4.354044888895457e-01
4.242640444202214e-01
4.217641631992519e-01
3.869545573769483e-01
3.944641480855051e-01
4.075534339155019e-01
3.906071742291885e-01
3.979803781429819e-01
4.228877263208957e-01
-1.232195086739949e-01
-1.011046013534223e-01
-1.380709396055196e-01
-8.758857606712679e-02
-1.151201698972263e-01
-1.519757466945716e-01
-1.749944408464598e-01
-1.217137990576883e-01
-8.466573525747999e-02
-9.804407587388682e-02
-1.453462217194437e-01
-2.058479194432673e-01
-2.188888699888305e-01
-2.426126402933621e-01
-1.822788990311595e-01
-1.925994930466794e-01
-1.689746192740766e-01
-1.049020832163208e-02
2.990771726208713e-03
-3.410390338229131e-02
-4.758627983756178e-02
5.679036689439070e-02
3.320593270192906e-02
7.023007940338816e-02
9.384538093294689e-02
1.976607104130924e-02
1.072955379355864e-01
-3.328730250904778e-01
-2.971361706548044e-01
-3.458822779209290e-01
-3.698367441392205e-01
-3.570333645290308e-01
-3.589860008782099e-01
-3.104677113442965e-01
-3.234481100389092e-01
-2.062895860766887e-01
-1.826319605840251e-01
-7.125998923939103e-02
-4.763035906896415e-02
-2.027936735645103e-01
-2.398788330312946e-01
-2.264425836810283e-01
-2.295198799142803e-01
-2.532046316911165e-01
-2.162220400696373e-01
-3.512409656049930e-01
-3.294753270994786e-01
-3.376264642271825e-01
-3.161473086908537e-01
-2.936214128002194e-01
-2.801323189310077e-01
-3.705653631435930e-01
-2.869580891825999e-01
-2.500901080798744e-01
-2.634916421731672e-01
-2.365920728855925e-01
-2.736078793565678e-01
3.654423654280590e-02
2.308877400373080e-02
6.010530480594230e-02
7.358282913819969e-02
8.368418328271283e-02
4.664899940792486e-02
5.001841070347107e-02
1.298457653441268e-02
-3.070328662662546e-01
-3.426641265561976e-01
-3.200069795163630e-01
-2.836902634398988e-01
-2.702510831231275e-01
-3.765709422084075e-01
-1.014371628452992e-01
-8.796039600463360e-02
-5.091872432743548e-02
-1.250549962736252e-01
-1.115800396148425e-01
1.175004507110377e-01
6.320270212055765e-03
4.335487837411637e-02
8.040946796487976e-02
2.991458640711146e-02
6.697721814224390e-02
2.868310846551528e-03
2.645186984325571e-02
-1.059007408058893e-02
6.351614482608429e-02
7.703602783600197e-02
1.634217895354746e-02
3.993848642710544e-02
1.579094871384645e-01
1.444147061008595e-01
1.309470626985324e-01
1.680998778584531e-01
1.546373251216160e-01
1.815844072046893e-01
2.052786519094102e-01
1.242009238342744e-01
8.708710443501699e-02
1.006165944388284e-01
-2.388177115872116e-01
-2.297449415656341e-01
-2.527782179481656e-01
-2.162335002316728e-01
-2.026589661793616e-01
2.724115832812227e-01
2.959301754761896e-01
2.591560287712448e-01
2.826853430826645e-01
2.488919373155268e-01
2.355846330755698e-01
-2.665906272208295e-01
-2.750691329150841e-01
-3.026164796284302e-01
-3.250462681283531e-01
-2.888050152069073e-01
1.277025439563462e-01
1.411463623799839e-01
1.141625826669793e-01
9.056180535487129e-02
1.040798439869173e-01
1.071836556512224e-01
1.453373885536300e-01
1.303250793637132e-01
1.774759664517256e-01
1.678272565786826e-01
1.749010868559025e-01
1.513013191733109e-01
1.884049113064575e-01
2.119981924950735e-01
1.377550927610655e-01
2.017681300249916e-01
2.253254479740851e-01
1.647883756196435e-01
-2.078817764057547e-01
-1.951688966787676e-01
-1.716281574126242e-01
-1.834560022643994e-01
-2.186171730070246e-01
-1.586439339195871e-01
-1.349089292634014e-01
1.985141099237113e-01
2.221373116923932e-01
2.086177860406125e-01
2.457630475721544e-01
1.849763819144834e-01
1.613551259327396e-01
-1.791464447194454e-01
-1.555201740455928e-01
-1.420030344959225e-01
-1.656226309553240e-01
3.533896912421628e-01
3.061349929268125e-01
3.208622223860142e-01
3.388247570467156e-01
3.344417145587918e-01
-1.656802361398027e-01
-1.286705032821617e-01
-1.422230540600851e-01
-1.051195004553377e-01
-1.792408619036718e-01
-1.111569914213528e-01
-1.478035613045646e-01
-1.237549029188387e-01
-8.779359442812665e-02
-1.359489379172279e-01
-2.906631909937667e-01
-2.633870013099316e-01
-2.490835287224619e-01
-3.719873691515810e-01
-3.397416015089369e-01
9.336021544368267e-02
7.332309345466224e-02
6.006643214191227e-02
1.357674453943125e-01
9.423536051481665e-02
5.237691322147715e-02
-2.251063675286481e-01
-2.113227533273053e-01
-1.888501297519638e-01
-2.223052626856957e-01
-1.971158799237169e-01
-2.317241673472738e-01
-2.453361273101241e-01
-3.373973218313328e-01
-3.596739873073908e-01
-3.618502776011585e-01
-3.799861715274133e-01
-3.974459054559341e-01
-3.778077200028909e-01
4.274773130911363e-01
4.317642397802718e-01
4.300654543384749e-01
4.351389489199762e-01
4.289657221437559e-01
1.714336275023184e-01
1.478030032855625e-01
1.342714947658961e-01
1.207689814513894e-01
9.716128766751753e-02
1.106670990393481e-01
-1.994045541752747e-01
-1.757323630290600e-01
-1.520842787373964e-01
-1.385568251635187e-01
-1.149398201357251e-01
-1.892691354417380e-01
-2.129269950108491e-01
-3.466555466290160e-01
-3.350463041712619e-01
-3.153175738621655e-01
-3.133263618095902e-01
-3.348114497121904e-01
-2.055285705585140e-01
-2.346708991793692e-01
-2.527209992846322e-01
-2.629700714153434e-01
-3.073267631687031e-01
-3.402818723630609e-01
-2.716352741861513e-01
-2.735506207476215e-02
-1.391055991881108e-02
9.644159677701356e-03
-3.799053414894481e-03
2.740185131702710e-01
2.383759238607779e-01
2.513321679923574e-01
2.840677772896451e-01
3.741176212350493e-01
3.388161443280068e-01
3.612508654041333e-01
3.478348607531008e-01
3.253849615941583e-01
3.803404383795269e-01
-2.601918301618191e-01
-2.467445568077256e-01
-2.230837216687030e-01
-2.095854512262472e-01
1.545470409591914e-01
1.781915342364971e-01
1.909110400767974e-01
2.147183464803269e-01
2.038274560231586e-01
2.279930091796432e-01
5.353904440608902e-02
4.008566657773709e-02
2.661271628299921e-02
1.142954446797447e-01
1.008326649540396e-01
7.718855197034669e-02
9.063213869289524e-02
6.372389822145866e-02
-1.858915322699573e-01
-1.724012536941474e-01
-1.487099726392365e-01
-1.622074487966780e-01
-1.589332313634558e-01
-1.352390107818414e-01
-3.174089117997489e-01
-3.023655691328919e-01
-2.658408523678297e-01
-2.896127646130556e-01
-2.803574773346456e-01
-3.256487691960569e-01
-4.670800990051710e-04
-2.403550463540325e-02
-3.747538653168048e-02
-7.450579283935485e-02
-6.106544842829059e-02
1.646126263973104e-02
-2.061534860206419e-02
-4.420194038413431e-02
-7.139450243318829e-03
-3.071676522012329e-02
-1.217898520512194e-01
-8.469168281696721e-02
-9.812830857100674e-02
-1.083537710459429e-01
-9.492147791286007e-02
-1.454830618144872e-01
-8.128928839160478e-02
-9.480630714525122e-02
-1.184015716212706e-01
-5.770423274771166e-02
-7.120421941577658e-02
-1.319150537064939e-01
-1.083051240379837e-01
2.693233948467049e-01
2.928033119260254e-01
2.558880428116272e-01
3.191786557389870e-01
3.060748289555955e-01
5.021843876016394e-02
7.377228190229815e-02
3.667744852990720e-02
1.311828050370183e-02
6.007455213143969e-02
9.707400147158947e-02
8.264180666406064e-02
1.277461639211052e-01
1.648795730048050e-01
1.040652931348108e-01
1.411898144530430e-01
-1.185878417779759e-01
-1.320393500540480e-01
-1.557084832755041e-01
-8.147753761838133e-02
-1.927808298485184e-01
-1.691687220415371e-01
6.827555546427080e-02
4.674176799025141e-02
2.307499863770712e-02
9.373748508655485e-03
3.211767764373107e-02
-5.495762665963096e-03
2.623532840288892e-01
2.987579838416763e-01
2.390554312842600e-01
2.759030448494101e-01
2.893814407553477e-01
3.120397156021160e-01
-2.074168813917533e-02
-3.419145921766578e-02
-5.782385084609704e-02
-4.437567678926628e-02
7.031102676174925e-02
5.666623443848207e-02
3.306758037500746e-02
-3.973113102565199e-03
9.539275160950050e-03
4.649966321531279e-02
-6.777595959596328e-02
-9.135026925692236e-02
-1.048713714440986e-01
-1.284661507390328e-01
2.145452537805938e-01
2.052005533582294e-01
1.905324771290340e-01
2.200419862087534e-01
1.777153582041131e-01
1.881810861848640e-01
2.357082345498883e-01
2.719159444954594e-01
2.847899878668887e-01
2.487262738381089e-01
2.119895358850530e-01
2.344308082978551e-01
1.983457455795145e-01
-2.767358655235667e-01
-3.131513761584029e-01
-3.484275079959670e-01
-3.690130031282881e-01
-3.357288862381097e-01
-3.002779401681123e-01
2.794008483693482e-01
2.659853829047668e-01
3.160265091014169e-01
3.027777782664658e-01
3.518039894458301e-01
3.288997799861037e-01
-5.453606225853922e-02
-9.158432323501080e-02
-7.800783383529333e-02
-6.801478618445995e-02
2.322686412486578e-01
1.950945499096738e-01
2.187691471906855e-01
2.424335741176550e-01
-1.725017085634131e-02
-7.785059823114539e-02
-6.437467378584853e-02
-5.428218551821413e-02
-4.080973929779842e-02
6.694946588086878e-02
5.344175521634401e-02
2.982253423840551e-02
8.036193207999111e-02
4.331438963001848e-02
1.175388627859126e-01
9.403874138803998e-02
1.379303766321311e-01
1.613807678981631e-01
1.707173278008477e-01
1.844744040097769e-01
1.477727978452732e-01
2.852641651963059e-01
2.619261351082351e-01
2.979998081613270e-01
3.550493994552899e-01
3.209981480399651e-01
3.084880839961281e-01
1.108709005314278e-01
1.244115903068555e-01
1.341552598799250e-01
8.733067537245838e-02
2.289641750570547e-01
2.525348358739702e-01
2.154934108379321e-01
1.783411356893939e-01
1.918046697757738e-01
-2.394436846968305e-02
-3.738634173306600e-02
-7.420215306124629e-02
-6.100706169914112e-02
-3.606724524790249e-04
-1.371626374840752e-02
-5.030871369870681e-02
2.255210104229988e-01
2.020133572012251e-01
1.885006173391991e-01
1.749388081939936e-01
1.514147433686706e-01
-2.332648889743761e-01
-2.567973734136430e-01
-2.197768874756255e-01
-2.432796364544076e-01
-1.961034373254532e-01
-5.083602744376235e-02
-2.761349074572023e-02
-6.442300161432689e-02
-7.312660983701201e-02
-3.683322310551471e-02
-1.399563768619588e-02
-4.099263567763999e-02
-1.435421657287867e-01
-1.613863593164095e-01
-1.096433440067179e-01
-9.458166504232859e-02
-1.295241308475990e-01
-7.673241876238118e-02
-7.549474424787173e-02
-1.008180364282236e-01
-1.006376073958634e-01
-1.285734973778938e-01
-4.213801872949434e-02
-1.109153149399116e-01
5.827272305634216e-02
3.513074246164985e-02
2.300722738365854e-02
-6.509292888160906e-04
3.660690088936356e-01
3.754928612149864e-01
3.433701610228470e-01
3.548452334919834e-01
3.317723131480637e-01
5.974188411363348e-02
7.892230609370622e-02
9.398614689991978e-02
4.363341702059641e-02
5.291361896700328e-02
-2.738174061424467e-01
-2.724991492134408e-01
-2.945217287281824e-01
-2.602684531343553e-01
-3.029617779170363e-01
-2.897241257351210e-01
-4.322500793029658e-01
-4.276084040282595e-01
-4.276887504539930e-01
-4.309623015355972e-01
-4.302953538904561e-01
-4.310682714135053e-01
-4.308308047564427e-01
-4.225035196710036e-01
-4.274936084001941e-01
-4.191885143277702e-01
-3.834502340576336e-01
-3.641363157238575e-01
-3.940942375690699e-01
-4.028237210178209e-01
-4.264238047275103e-02
-2.340921255822305e-02
-5.957237989754900e-02
-7.698921642485904e-02
-7.375119822435290e-02
3.900627176647861e-01
4.035350818882503e-01
3.980070272959174e-01
4.102740905878197e-01
3.673617698352672e-01
-4.146046487685544e-01
-5.038528772459159e-01
-2.039759602373097e-01
-2.103931680464521e-01
-5.170990745615518e-01
5.072611655588826e-02
4.001372857769211e-01
3.755365534449150e-01
3.890890525271150e-01
3.651618971798991e-01
3.422335044371709e-01
2.590910274494475e-01
2.494040567190047e-01
2.766874515479242e-01
2.919638570205705e-01
3.019428144972932e-01
3.240423011917867e-01
-1.102867019258331e-01
-5.622555505947074e-02
-1.150447454465557e-01
-1.563192747889621e-01
-7.281003778509472e-02
-2.347239590505241e-01
-2.053394141060094e-01
-3.070241674397551e-01
-2.709201345290954e-01
-1.180912170476421e-01
-1.331524977889490e-01
3.112182333708926e-02
4.250245911601009e-02
1.136897752860158e-02
2.560202919533119e-02
-8.351416144964105e-03
1.057994819128693e-02
-3.438658034916257e-01
-3.716204384786353e-01
-3.512748757318386e-01
-3.279209901035937e-01
-3.088082423261959e-01
-3.230603399079526e-01
7.580311568982701e-03
8.350107352831792e-03
-2.040778405880619e-03
-2.333225398055412e-03
1.076616651988769e-03
-1.882901864513058e-03
8.585657634325409e-04
9.664848757172968e-04
-5.532500131812180e-02
-4.184121645921055e-02
-2.721633406736009e-02
-6.457003051052959e-02
-2.380602947682671e-02
-4.041857053568445e-01
-3.793955961371970e-01
-3.936160749574072e-01
-4.000099030339451e-01
-3.925281081829488e-01
-3.916630767127949e-01
-4.206464651070833e-01
-4.279187035284002e-01
-4.224837373664004e-01
-5.238099121835169e-01
2.609944071434526e-01
2.887499354972042e-01
2.657066907080015e-01
2.366846485678753e-01
3.173357310025078e-01
-1.599272915116673e-01
-1.944674607408674e-01
-1.906688749763342e-01
-2.221522700329216e-01
-1.623021873609362e-01
-4.892747588902685e-01
-4.714090980158557e-01
-1.976328096257959e-01
-3.912783198741542e-01
-3.749735011251513e-01
-2.180081989930915e-01
-5.304963410774459e-01
-5.305716909078082e-01
-2.166716693592071e-01
-5.302098767917364e-01
5.099372578252184e-01
2.093061804421411e-01
4.981930116210975e-01
4.082387699970190e-01
4.184161382947369e-01
-2.178949627720373e-01
-5.237923670928292e-01
-2.136639649219395e-01
5.247293645803329e-02
6.434425348840175e-02
1.759853229033868e-01
2.155610319104140e-01
8.000937784529653e-02
1.589255973448622e-01
1.118630630047455e-01
2.537233658461908e-01
9.734114422713766e-02
2.893150885105788e-01
1.259248521579196e-01
-2.928832985905382e-02
1.410501997138458e-01
3.558361029125395e-01
1.518083051724405e-01
-3.549633591562568e-02
-3.260771182110268e-02
-4.270665237247248e-01
-1.696882925975078e-01
-3.571044791595107e-01
-3.999951343272471e-01
-4.501417198687032e-01
-1.590811590551614e-01
3.063143732479053e-02
9.479467785939251e-02
4.723444233654477e-02
1.356761346366497e-01
1.304541548751742e-02
6.417692545371423e-02
1.762765196944410e-01
4.803841628195881e-01
3.660673503060761e-01
3.846663278235047e-01
4.619291070867516e-01
-1.041958576472447e-01
-2.336577653891793e-01
-8.845954398454839e-02
2.709679452487574e-02
2.352508141884850e-02
-1.886522667615716e-01
-1.807078909398931e-01
4.479232138857816e-02
4.326216259654940e-02
4.780662471857706e-02
-1.044562240984079e-01
-1.189885949955515e-01
-1.324540871458163e-01
-8.873104801539451e-02
2.720364640665379e-02
3.091556202816555e-02
3.015525830456822e-02
1.294179111619753e-02
4.747567197204410e-02
-9.479566564464158e-03
-5.326398373906320e-03
1.785708912706226e-03
-1.952597389921290e-01
-7.182349019085571e-02
-1.750025135940858e-01
-1.420430543273573e-01
-1.555563241656717e-01
4.961726164035175e-01
4.815399003040648e-01
2.007981720870671e-01
-4.716279627645820e-01
-3.738577307322573e-01
-3.554286833412545e-01
-4.509828009244442e-01
-1.970640023911085e-01
-4.903500738396535e-01
5.203145132746745e-01
4.192435710774277e-01
5.102612402358151e-01
2.111290554166555e-01
2.109629165495413e-01
4.397051986995913e-01
3.657945427797275e-01
3.747550127888239e-01
3.831065800653102e-01
3.576265076597400e-01
3.466416628430781e-01
5.313904164287927e-01
5.298229908937149e-01
5.278822712294641e-01
2.178314711093917e-01
2.173962264520727e-01
2.151619367729323e-01
-5.362640840821147e-02
-5.253133050795386e-02
-3.142992213371699e-01
-3.998495431915987e-01
-3.363602527434095e-01
-4.275309274645782e-01
-8.714235995786310e-03
1.054007598107951e-02
9.516410518238028e-03
2.565637120658257e-02
2.072979129983726e-01
1.911721521321008e-01
1.752187021041042e-01
1.582631649932657e-01
2.153142261169439e-01
8.035617933700888e-02
9.598655083960274e-02
-4.140311832140894e-01
-5.162938568023854e-01
-4.133057805846416e-01
-4.036533044718953e-01
-5.044528669107801e-01
-2.111848945230184e-01
3.863579651158704e-01
3.252400636322547e-01
3.453157805418302e-01
3.410947850692206e-01
3.627635170880850e-01
4.146599370288572e-01
3.012698154455226e-01
2.763286745863922e-01
2.940496359222015e-01
3.130758879274414e-01
3.570177344968851e-01
3.235255339145999e-01
2.391299665887862e-01
2.200844705416574e-01
2.493843094988912e-01
2.535525650079283e-01
2.897381397924507e-01
1.123753268826514e-01
1.258690466491094e-01
5.211295594041676e-01
5.266103128203218e-01
4.266216481265591e-01
4.009441511904704e-01
4.290348298907868e-01
2.157007446644511e-01
3.430967411833225e-02
-7.935805008896620e-03
-7.161188639620241e-03
1.981172333046128e-03
2.148300700785528e-03
-1.016496430194001e-03
-9.091134800153792e-04
-4.595362776532940e-02
-4.837880870780959e-02
1.135401473943158e-02
1.838288755817596e-01
4.616418209198588e-01
1.939030029194433e-01
1.110065918293063e-02
-4.430648860168218e-02
5.140757700800424e-02
-1.265652705588695e-02
-1.226758448913849e-02
4.905761399371130e-02
-2.039855905980526e-01
4.326288753838065e-02
4.481077319675895e-02
-1.701080544879858e-01
-1.807212815204176e-01
-1.884750714204910e-01
4.747072528421767e-02
6.711665948490830e-03
-2.538345756637708e-02
5.793553507166643e-03
-1.602535788350952e-03
-1.404354688369627e-03
7.379388075227364e-04
-3.348726826695693e-03
1.551808128608334e-02
7.360841863594962e-03
-2.340245395080542e-03
1.175207879630249e-02
-3.898174451142036e-02
-1.290415360972151e-02
5.265515028473846e-02
-1.306905666890366e-02
3.334282284444007e-03
-1.654343884036368e-03
-1.650651220674862e-03
1.801000838434413e-03
-9.356653664439508e-03
2.839274914258472e-03
3.886833130408792e-03
-1.751760478343806e-02
-1.371536094392386e-02
7.983088872259358e-04
-5.386075192222304e-03
-2.646519980239297e-04
-1.037680924575818e-03
-6.925895747120054e-05
-3.372481768984211e-04
9.963544019717085e-05
4.970705467399043e-02
-1.178403855113660e-02
-1.134691035504166e-02
3.056009821425130e-03
-1.449169631798497e-03
-1.520779836837744e-03
-1.294455504651939e-03
7.301315043464989e-04
-4.306583521423401e-04
2.016513928444548e-04
4.806818201467191e-04
-1.684789052266729e-04
-2.978420165846049e-04
1.224941208609708e-02
-4.906331589069384e-02
1.223188807784249e-02
1.290722525556321e-02
-5.251342589738831e-02
-5.146783120305273e-02
1.275809930094693e-02
-2.189905489284163e-02
4.850490259174407e-03
-1.761757728529776e-02
-1.386583618414652e-02
3.845380181128873e-03
-7.180512474011979e-03
-6.181602137572214e-03
1.757494843636632e-03
-8.028681026779835e-04
1.924314403465379e-03
-9.053353071775529e-04
9.320810229969738e-03
-3.609344336609500e-02
1.400746046768117e-01
1.534506668691598e-01
-3.268526705132532e-02
5.353840101357460e-02
-2.187995119878113e-01
-1.300989613006984e-02
5.330974350941037e-02
-4.307944415409437e-03
3.227204494782151e-03
-1.061972463172233e-03
-2.174754349421946e-02
-3.166402336823499e-02
3.405274995189210e-02
3.760737942468154e-02
3.983801137108033e-02
-1.454494568531765e-01
-2.137801378464453e-01
5.330572119219542e-02
5.204947463899063e-02
3.257838656862370e-03
-1.591199355416995e-03
1.652841995083947e-01
1.749438551952775e-01
-4.448906709042276e-02
1.857429541830856e-01
4.388445255216563e-01
-4.162021063339415e-02
5.366385916371504e-02
-1.297968531903682e-02
-1.308142479693499e-02
3.403478030311870e-03
3.452957593624209e-03
-1.692721816509049e-03
3.367827162983835e-03
-1.685324050991400e-03
1.988943760179562e-02
-4.367358357854900e-03
1.016898283176259e-03
1.235975477305550e-03
-5.539650026972924e-04
-4.605744357741095e-02
-4.880323733919999e-02
1.942876805929773e-01
2.015091121342817e-01
-5.013587615099896e-02
1.172780386260504e-02
1.211154467194175e-02
4.043928648580049e-02
-1.616807356321959e-01
-3.717731784238475e-01
-1.467869686554716e-01
3.676985222452982e-02
-4.342066492931755e-03
-2.168250902086907e-02
-7.318481661518325e-02
-3.187396798928178e-02
3.186307533141212e-03
1.760025790991507e-01
-4.194020817597614e-02
1.676984583737719e-01
4.140001687336309e-01
3.853848521470041e-01
-3.825805653244041e-02
2.961274803496385e-01
3.359140270589272e-01
3.249153453836693e-01
3.255056151393630e-01
-5.297835169284573e-02
-5.387429617634634e-02
2.171279447316004e-01
-5.287029275149025e-02
1.302425888574763e-02
-2.906083562189332e-02
-2.544449548176940e-02
6.692017545766659e-03
3.098617256496742e-03
3.241230349452391e-03
-1.556065516559349e-03
-1.245686190118555e-02
-1.236801760359112e-02
3.354090827731885e-03
-1.628448467175572e-03
2.207329985902588e-03
-1.018565573488872e-03
2.334332317705037e-03
-1.118177017250505e-03
-1.214549383459902e-03
-7.937598047808756e-03
-9.480037329598574e-03
-8.849560875116425e-03
2.680713465668504e-03
-1.380536890088358e-03
-1.025822788485058e-02
-1.078768416103708e-02
2.594198237942586e-03
-1.298464036439258e-03
-3.149758770691233e-03
-3.286979264677578e-03
1.584535654134196e-03
-3.296015772851609e-03
1.624295928973186e-03
1.650685469534003e-03
3.418324555996458e-03
-1.665204586930380e-03
-1.287618474552902e-02
3.273546043244179e-03
-1.603024082842572e-03
-1.653381038071825e-03
-2.850407228515392e-03
1.433945547695484e-03
1.057968883850816e-02
1.097653820862044e-02
-2.633326433984978e-03
1.354825325740858e-03
2.855787880933836e-03
-1.396394425641860e-03
2.519836867064318e-03
-1.303003346814711e-03
-1.028943055865376e-02
-1.076679970746574e-02
2.781117442882483e-03
-2.433783042367442e-03
1.254068184215746e-03
1.175537592209343e-03
9.785562030137800e-03
1.055544785581103e-02
-2.669928353947127e-03
1.354866256245492e-03
2.968946308212522e-03
-1.448906994375789e-03
-1.512901745144986e-03
-1.175696255525547e-02
-1.138651173294674e-02
2.922901457129817e-03
3.177579556530054e-03
-1.118036849151831e-03
4.841440111190984e-04
-8.580758859082586e-04
-6.112528553457341e-04
3.625577364197204e-04
2.343760888845075e-04
9.979467105920748e-04
7.388740091051166e-04
-4.272733171974134e-04
-4.235082203222247e-03
-3.375747454744992e-03
-2.980207351616710e-04
-5.620102354519565e-04
-3.244708868008466e-03
1.640732122909118e-03
-5.108296959437206e-02
1.239065583209927e-02
1.271656954045560e-02
2.118153875068897e-01
-3.448784753177325e-03
1.681567621319789e-03
-3.382385908478844e-03
1.649341250117400e-03
1.286395682553916e-02
-3.344607050543107e-03
1.923044643039180e-01
1.567664443836424e-01
1.203569905088314e-01
1.740729196849195e-01
1.434230638264518e-01
-2.967211755380532e-03
-3.100217325857391e-03
1.506084334518819e-03
1.411660189215210e-03
-2.797077139223257e-03
1.532477213015655e-03
1.265784016986058e-03
-5.319105926647789e-03
1.969818022011771e-02
1.481449245718849e-03
-6.726084411838599e-04
1.305258281450455e-02
-3.367766928823010e-03
1.301248803741391e-02
1.672316215960362e-03
1.679018271955009e-03
-3.416998635860040e-03
-3.237719332373745e-03
-3.061293210426522e-03
-2.962087431466746e-03
1.478444717816955e-03
1.589094753512348e-03
1.557849705532952e-03
-6.140751671931757e-04
2.855284814693908e-03
-8.757540573373254e-04
-1.114010150926079e-03
4.878106668042241e-04
3.685410098758208e-04
6.230944317112046e-04
1.709567953834270e-03
1.522540493573013e-03
-6.252758237388851e-03
-5.332719581752781e-03
2.336495951921222e-02
-7.957523330283703e-04
-6.802776108723252e-04
7.612480184518899e-03
-1.885103820841753e-03
-2.033460004969743e-03
8.359675959352664e-03
8.626268919058553e-04
9.649168694542147e-04
1.066076975488565e-03
-1.603367117358699e-03
-1.393154706764900e-03
5.804218235827060e-03
-2.174459559409152e-02
4.763436930677612e-03
7.385483616765037e-04
6.211438357954257e-04
2.629733824434517e-01
2.424115480114655e-01
2.752512693843800e-01
2.244311444527198e-01
2.068679616916722e-01
2.207381841125250e-01
2.588503346725078e-01
1.059236333748459e-01
1.096983350404928e-01
1.411461556358900e-01
1.266148948476482e-01
-1.153645512758487e-01
-3.959709301487409e-02
-5.588030657221314e-02
-2.292421294084188e-03
1.138894546967048e-02
7.480505668756602e-03
1.566605189270257e-02
9.127410856635409e-03
-2.470672149941208e-03
9.916557991045018e-03
-3.923923343335246e-02
1.249012097822791e-03
-2.305236818524056e-03
1.182269721180687e-03
-9.389289295052816e-03
2.404445200113903e-03
-8.905938631944818e-03
-1.214351260267711e-03
-1.122798371697772e-03
2.060699548933661e-04
-1.297534606403481e-03
-3.323411929561739e-05
-1.690387604152800e-04
4.755079616258101e-04
-6.964308376478491e-05
-2.664079482732687e-04
-3.320907462398563e-04
7.895227842062056e-04
9.788883485708201e-05
2.336705675136566e-04
-3.166654886941807e-05

ny  1  1102  double
-2.835719769098243e-01
-2.777598645738896e-01
-2.486502221062505e-01
-2.135358231461551e-01
-2.427919294236383e-01
-2.116320252108488e-01
-2.012606907303058e-01
-2.332668053163960e-01
-2.277378645454805e-01
-2.587840670763119e-01
-3.803449268340341e-01
-4.035129515873095e-01
-3.939746544466387e-01
-4.058938741795503e-01
-4.927822777562662e-01
-4.768970241764300e-01
-4.038645575628474e-01
-3.662903029925929e-01
-3.864485727008093e-01
-4.177040364310635e-01
-3.686476652734335e-01
-3.569609547156036e-01
-4.128287289482811e-01
3.009707001649710e-01
3.266344486661620e-01
2.599794307033645e-01
2.864414323866048e-01
3.144159465295978e-01
2.530802243845358e-01
2.811763752035194e-01
-1.828513313347106e-01
-1.706137636921354e-01
-1.377087392100531e-01
-2.031223929571126e-01
-1.828864904949792e-01
-1.511456274885231e-01
1.158237697274230e-01
8.376417089397568e-02
4.946043425711912e-02
8.317856982040901e-02
5.245604797426609e-02
6.812580870502921e-02
-8.415817002572985e-02
-7.939089967482153e-02
-1.116512502678753e-01
-1.474921221440381e-01
-1.776573584830067e-01
-1.665474681843561e-01
-1.195277483678167e-01
-3.551441642241780e-01
-3.286175229748022e-01
-3.224835972811545e-01
-3.624919018334462e-01
-2.948155491758685e-01
-2.887816116798582e-01
-3.164733986915951e-01
2.654118714426823e-01
2.596661757043335e-01
2.943852280430167e-01
2.363266172733107e-01
2.128942084309252e-01
2.473923787691027e-01
2.183908159529880e-01
2.420054795352900e-01
1.779426068868746e-01
2.071660744952560e-01
2.480096174652479e-01
2.128871120527071e-01
2.187663433530679e-01
2.538688398829655e-01
7.251335872600184e-02
4.335547128135404e-02
3.752034275170805e-02
6.668930028677483e-02
7.834902206053455e-02
3.168814229217352e-02
3.025772516793230e-03
-3.131036559857975e-03
3.770718652457107e-02
7.903019284825822e-03
-2.658534356057950e-02
7.241182976238569e-02
3.190485956656855e-02
6.685867016151976e-02
-1.492256976534631e-01
-1.200030281103743e-01
-1.374432172046186e-01
-1.082044261448748e-01
1.136598704559568e-01
1.194649162330040e-01
8.446501808524075e-02
1.836218251909941e-01
1.544177104082621e-01
1.487031418111378e-01
-1.244179446468259e-01
-9.603200503043249e-02
-1.590749293055806e-01
-1.309751487889818e-01
-1.023173124584274e-01
-1.372275327637472e-01
-1.480153598555968e-01
6.111125747870914e-02
5.527207042158882e-02
9.027787856100110e-02
2.021832152409137e-02
2.609690577542043e-02
-5.571693344500264e-02
-2.073676607208274e-02
-2.658925100720461e-02
-6.158772721259383e-02
2.539320351575667e-03
8.384000738287675e-03
-9.073487923816061e-02
-8.486339225890401e-02
-6.729754176308067e-02
-6.139892675174890e-02
-3.230344833246498e-02
-3.816323516336134e-02
-7.320958211031516e-02
-5.469883837687901e-02
3.178170322165266e-02
-3.208533127521604e-03
-9.050667382808684e-03
2.638178857652976e-03
-3.235840384642102e-02
9.590067484027834e-02
1.133854218617673e-01
1.075400343908403e-01
1.017141900833955e-01
1.426143373535208e-01
1.367775485995639e-01
-1.491313786729802e-01
-1.199124306039853e-01
-1.140463782159576e-01
-1.258046296659749e-01
-1.609228969573230e-01
-1.842647043888072e-01
-1.550136321202712e-01
-9.169054681841609e-03
2.585386701376617e-02
6.087098390285622e-02
5.505224698048775e-02
9.009237770029095e-02
2.001497089067909e-02
4.922513681839948e-02
-1.025436874996409e-01
-9.662949978450561e-02
-1.317203382868395e-01
-2.417522237949253e-01
-1.783114391894463e-01
-2.070087647109173e-01
-2.133185573148040e-01
-2.481341313096622e-01
-1.259857080885315e-01
-9.671839273051749e-02
-9.101117480280763e-02
-6.179791964376428e-02
-1.552165360944842e-01
-1.202401965933115e-01
-1.723169036149845e-01
-2.354620915736897e-01
-1.660063232143039e-01
-1.937677160130071e-01
-2.001144515583682e-01
-2.019683272241400e-01
-2.369049411024770e-01
-1.668486656609283e-01
-1.960547729229794e-01
-2.311477477996877e-01
-3.314380032974084e-01
-3.374592806774855e-01
-2.994379369580945e-01
-3.392166905489034e-01
-3.051988080257488e-01
-1.435788347873556e-01
-1.727689440052078e-01
-1.786520522003685e-01
-1.494639179111035e-01
-1.376529031134111e-01
-2.136015850100619e-01
-1.844304094632767e-01
-2.078393482700852e-01
3.097320852300937e-01
2.765310777157451e-01
3.046197852484362e-01
3.363188569758867e-01
3.377840926179598e-01
2.711196949708510e-01
2.996886272206706e-01
-1.143818833962763e-01
-8.518481674413496e-02
-5.010223018645717e-02
-5.597841043096179e-02
-7.928804042949908e-02
-1.084688478900788e-01
1.428708134506398e-01
1.720961176151686e-01
1.369741143056347e-01
1.077736957013245e-01
1.858628003136111e-01
2.258284232096574e-01
1.931883129491069e-01
2.169841180281466e-01
1.591267393283237e-01
-2.541326921185313e-01
-2.600863612599106e-01
-2.252004720721296e-01
-2.310768318615588e-01
-2.192647937405459e-01
3.280537943962876e-01
3.336291042808294e-01
3.607780996304017e-01
3.568857509612280e-01
3.833059060869269e-01
3.200292747385854e-01
3.420117577405880e-01
3.512139713034563e-01
3.794458444743200e-01
4.075764910536692e-01
-4.209580573634286e-01
-4.210103555050483e-01
-4.270987100966404e-01
-5.141947805719251e-01
-5.224780363558944e-01
-5.279184160081807e-01
-2.760544507979522e-01
-3.100037903872341e-01
-2.825157088164125e-01
-3.691280661341588e-01
-3.411516716016004e-01
-3.318715067549153e-01
-3.026737354775960e-01
1.971298760803735e-01
1.687562824433450e-01
2.258547063164631e-01
1.976201940465320e-01
1.666229456900017e-01
1.398548502197808e-01
1.685766898752791e-02
-8.705966348290846e-05
3.441787699295548e-02
-1.681802885941223e-02
-3.420665065458856e-02
-4.421454086316778e-02
-7.337969212832725e-02
-3.832839035508084e-02
-3.310921166429136e-03
-3.245272216149856e-02
-6.747636394014132e-02
1.435425107250262e-02
4.352871862139907e-02
7.269541716544232e-02
3.765095937608111e-02
6.680265345162738e-02
7.858605670259317e-02
4.940664323594210e-02
2.570948735359298e-01
2.685677222725642e-01
2.658299644187006e-01
2.957671457318455e-01
2.861776494063867e-01
-3.800713217134185e-01
-3.605431486961483e-01
-3.565341717032839e-01
-3.414054394274719e-01
-4.335336695441764e-01
-4.070547845971894e-01
-4.551830130840526e-01
2.007135548533321e-02
-1.489198394483161e-02
1.422660902345993e-02
4.919807725272130e-02
-2.242022737377782e-01
-2.190540365155040e-01
-2.536109623486185e-01
-2.564037356545946e-01
5.460901972840403e-02
6.064233614033836e-02
8.935789335881981e-02
1.244638019619635e-01
9.552529657020613e-02
1.182090823433300e-01
-8.974334064084049e-03
-4.404567003209742e-02
-1.483699651722528e-02
-4.988907200542939e-02
-2.719059940227435e-01
-2.426336362291831e-01
-2.769687036908647e-01
-2.481033230379807e-01
-3.109063270250328e-01
-2.818280363168006e-01
1.718858458089859e-01
2.070204090950786e-01
2.421367412240619e-01
1.953340706158142e-01
2.304189536135380e-01
2.011722024199370e-01
1.660552251039584e-01
2.362735130616280e-01
-2.068774260032922e-02
-5.572139806315444e-02
-2.652597861150860e-02
8.491960408742750e-03
-9.076118487675280e-02
-6.154131217906303e-02
2.315572678094016e-01
1.952137765039503e-01
1.891316054793306e-01
1.595014431188125e-01
2.240861324201239e-01
1.645870947108318e-01
-4.986246385315775e-02
-7.901297760072183e-02
-4.402116393319045e-02
-3.818817560003310e-02
-7.317974782709193e-02
1.777386297812159e-01
1.836161195411176e-01
1.543625760205700e-01
1.484758884856830e-01
1.192542607170457e-01
-9.657040076507173e-02
-1.023818628675514e-01
-6.735818769585206e-02
-1.316282819009263e-01
-1.667221202999192e-01
-1.258213709752312e-01
1.602723162932588e-01
1.954221543494919e-01
1.661916853701744e-01
1.895159428666121e-01
2.246519545712875e-01
2.013211962023265e-01
2.305277091499549e-01
-2.677860439108696e-02
2.446770418921411e-03
8.310935531742348e-03
-6.761513276701206e-02
-3.258472257659779e-02
2.712617384203554e-01
3.000723457938504e-01
3.059942432380510e-01
2.771214039020184e-01
3.343282435392330e-01
3.282205883532666e-01
3.609735173079117e-01
1.602345562084750e-01
1.544087115727754e-01
1.309591805554838e-01
1.251503906057376e-01
-1.959969387394673e-01
-1.609040552269877e-01
-1.901594102580769e-01
-2.018350749097930e-01
-1.842782751234282e-01
-1.550779028878463e-01
3.940949239218227e-01
3.672636752942274e-01
3.399167537344363e-01
3.729868102339358e-01
3.966764880244729e-01
4.010744012478406e-01
1.715729525838249e-01
1.654701603060061e-01
1.426480425229864e-01
1.366831574951696e-01
1.017124571042635e-01
1.304894057180889e-01
-1.783944861074289e-01
-1.432756018877290e-01
-1.725486122789219e-01
-2.076797873662645e-01
-3.238469318984326e-01
-2.893222582074684e-01
-3.182796418721522e-01
-3.125255768064398e-01
-3.460588877008169e-01
-3.518489824707027e-01
1.251463536299571e-01
9.596276386315870e-02
1.310571428883752e-01
1.018673015024014e-01
-3.406059136881004e-01
-3.805338160603765e-01
-3.858516366356451e-01
-3.702064551752245e-01
-4.014049470821721e-01
-3.582943266847864e-01
-3.662367624048417e-01
2.351389515347271e-01
1.995434386385841e-01
2.063477181768878e-01
2.126308138035283e-01
2.409426392132191e-01
2.475073630223891e-01
1.252082051181143e-01
1.306751561203859e-01
1.360137352576147e-01
1.065837847687305e-01
1.015875297499664e-01
9.600270719257854e-02
3.752015857770118e-02
7.257670712827143e-02
3.164840850023856e-02
6.668919702733762e-02
2.590545766066529e-02
-3.454559825119690e-03
-2.719310882314201e-01
-2.660348508990303e-01
-3.007432173186538e-01
-2.369361684212797e-01
-2.090242119712481e-02
-1.503526583980739e-02
1.416530438997667e-02
4.338684377734008e-02
8.420107613472490e-02
6.092043409847039e-02
2.592201628386067e-02
9.007238482821890e-02
5.505224210774955e-02
-2.252854835287948e-01
-1.901545200077983e-01
-2.193971198941623e-01
-2.601948703003645e-01
-2.544994467396287e-01
-2.660718378973185e-01
-2.952627218725240e-01
2.245512359817957e-01
2.535630020403811e-01
3.165300603184940e-01
2.820122020221761e-01
2.881931526741572e-01
-1.607000818592740e-01
-1.899737938814122e-01
-1.949810746663608e-01
-1.720186252754752e-01
-1.662753514385002e-01
-1.313349140937449e-01
2.941970598613002e-01
2.594918873571461e-01
3.222243606636847e-01
2.653785874030123e-01
7.844951655802256e-02
1.076385580055237e-01
1.135090412030571e-01
1.193370018996828e-01
8.427829333217453e-02
2.829135494659472e-01
3.176898346111813e-01
3.228731298053718e-01
2.886706224244013e-01
3.118781571228651e-01
3.454782423335446e-01
3.505578214406119e-01
1.776567482027006e-01
1.485581968577194e-01
1.836031991266787e-01
2.186094327298742e-01
1.894934813490312e-01
-7.909871203746767e-02
-1.082575396527923e-01
-1.141590495652031e-01
-1.432847211770257e-01
-8.494140842808533e-02
-3.682426394543156e-01
-3.405394160562086e-01
-3.349934420670038e-01
-3.926143102062701e-01
-3.976139652878680e-01
-3.729935015601347e-01
-3.066751092730756e-01
-3.757838644632292e-01
-3.476165891182129e-01
-3.862753756685608e-01
-4.209694950775169e-01
-4.122191266074071e-01
4.247389318360649e-01
4.136272997316713e-01
4.258802533579105e-01
3.876069737627302e-01
4.137367697402455e-01
4.274893283042332e-01
4.151243298789347e-01
-3.844399938204326e-01
-4.049707298442014e-01
-3.783103343907822e-01
-4.015857432829507e-01
-1.067543590979771e-01
-1.409074834623848e-01
-1.359821811168141e-01
-7.275181487951771e-02
-1.021032767115788e-01
4.278095403399392e-01
4.237903087889907e-01
4.203752000815221e-01
4.275061608089151e-01
5.287365732744725e-01
-2.926130961172983e-01
-3.294594412086088e-01
-2.645000217029979e-01
-2.689867570759081e-01
-3.054266781611348e-01
-3.205127111144581e-01
3.458283481452139e-02
5.117452821998243e-02
-5.135900984263246e-02
-3.450539427178124e-02
-4.392256995709658e-04
-1.720980833280972e-02
1.710498223493373e-02
-8.494088974662568e-02
-6.948337296825165e-02
-1.038271770556874e-01
-1.141054725640067e-01
-8.957696232653663e-02
-8.061647241777309e-02
-5.140343774330809e-02
-4.292767615736580e-01
-4.304605148270648e-01
-4.268880122032749e-01
-4.245155250233803e-01
-5.268206821582949e-01
1.826672414540519e-01
1.500302334197199e-01
1.672662000260801e-01
1.350041341881373e-01
1.524731184196438e-01
-1.186929335535769e-01
-1.658938167001360e-01
-7.631120670921594e-02
-6.013020360128330e-02
-1.257442027362630e-01
1.670399166759600e-02
-1.557453535733165e-02
-4.423928752348095e-02
1.956338433673711e-02
-9.186709930480754e-03
-3.858193226296038e-02
-3.424488637120363e-01
-3.517430184986053e-01
-3.311298444198780e-01
-3.201486652772634e-01
-3.075923797675312e-01
-4.212813792398589e-01
-4.171962380668767e-01
-2.124470601596878e-01
-5.174978971799468e-01
-5.081258484209401e-01
-2.073340558652434e-01
3.616571028843673e-01
3.787341696783167e-01
4.339391951986228e-01
4.561331102164434e-01
1.816070895897945e-01
1.728692059866718e-01
-4.390666861191101e-02
-4.356001962056228e-01
-4.333304392511864e-01
-4.291077213476705e-01
-4.312142650062186e-01
-5.316313069020224e-01
-2.185953760800546e-01
-2.323436815258579e-01
-2.564677141896084e-01
-2.817062904476981e-01
-2.282001727735795e-01
-2.482785239171961e-01
1.069703830285066e-02
1.000131165870492e-02
-2.652798393743106e-03
-2.575111189827422e-03
1.285090935399803e-03
-2.894389193116077e-03
1.439889664484515e-03
1.368239892020328e-03
4.344076343809192e-01
4.035244510067006e-01
3.776236491017110e-01
3.829760683964287e-01
4.328612894032942e-01
4.970005862723214e-02
4.388214977376012e-02
-1.889194648936496e-02
1.778512564678143e-02
1.127678745246792e-01
7.976027895383900e-02
1.022077424856149e-01
6.898287711391446e-02
8.523108345313472e-02
8.411394809774687e-02
-2.849842894158162e-01
-2.855767813448216e-01
-3.090388008308383e-01
-3.134744318230044e-01
-2.939611554357483e-01
4.026321516720599e-01
3.583168330892567e-01
3.882898641375822e-01
3.733872896061465e-01
3.641402915385015e-01
2.062837027623941e-01
2.444241487580901e-01
9.244882629292919e-02
1.828699542204578e-01
2.144136910177066e-01
8.697245756359721e-03
8.865061752802859e-06
4.234491367464211e-02
2.592530635276064e-02
-4.228247952705176e-02
-1.457299228923283e-01
-6.895558054274302e-02
-1.862619452875722e-01
-1.343813684616523e-01
-1.022246249668641e-01
-2.609031949059003e-02
-8.406622164172686e-02
-4.307251978289690e-02
1.277199965399973e-02
-2.091983238070078e-01
-5.006538759013590e-01
-4.858811775270218e-01
-2.016926921477704e-01
-4.010261758659781e-01
-1.880068011390581e-01
-4.675047212554317e-01
-1.977278362769001e-01
-4.449467482393359e-01
-1.776837897016492e-01
4.504863672984852e-02
-1.688561018031663e-01
-3.932184246105724e-01
-1.548387208751579e-01
3.925242941296025e-02
4.230498842952691e-02
3.163576892067810e-01
1.360507195613185e-01
2.420565421960803e-01
3.481200097197227e-01
2.809836902489166e-01
1.499587107895524e-01
2.184713037197291e-01
5.218876125217760e-01
2.126824982834090e-01
5.123355397404449e-01
2.193338965402001e-01
2.085263587363099e-01
5.009407232680479e-01
-2.246541318961814e-01
-2.282234567443543e-01
-1.987813281108247e-01
-2.629374634661413e-01
1.919402587723009e-01
4.763676782459021e-01
1.995630412662229e-01
-4.554174466904238e-02
-4.780235622660434e-02
1.073219255145404e-01
1.226325096585742e-01
-2.789203024973775e-02
-3.192711092836170e-02
-2.472550425350408e-02
-1.927331241137111e-01
-1.829289485679673e-01
-1.719934011166328e-01
-1.997111523186716e-01
4.575234504725554e-02
4.363768092182993e-02
-2.149212357522928e-01
-2.172016004978819e-01
-2.137006173458070e-01
5.234658828463086e-02
5.344700255993966e-02
-1.278499277218483e-02
4.938163601665065e-01
2.042955130938049e-01
3.940160324769931e-01
4.068126527879982e-01
5.077452399105646e-01
1.851385492020999e-01
2.248039217758334e-01
8.438445821258717e-02
-2.434336189878017e-01
-2.128432925346841e-01
-2.412222415947214e-01
-2.798904331283806e-01
-9.215608266347262e-02
-2.058542948881613e-01
1.044595753772196e-01
1.017606490171532e-01
1.454418481264181e-01
5.135346778589728e-02
6.947064865986646e-02
2.977791113885797e-01
2.279042811030821e-01
2.146440235098540e-01
1.981232441180178e-01
2.448082458401533e-01
2.559407526691358e-01
-2.131626366562947e-02
2.090757213226831e-02
6.323458001820917e-02
-1.190858069349594e-05
1.734889238165797e-02
3.450375227028844e-02
-2.143601366314990e-03
-6.301371652964958e-03
-2.955020088028137e-01
-3.472860911952296e-01
-2.694295047738463e-01
-3.151043524864409e-01
4.312549878175902e-01
5.299752884371212e-01
4.298227207100447e-01
4.313126667060687e-01
3.753343723431091e-01
3.870585305188613e-01
3.956442055365726e-01
4.011432056209918e-01
4.849337189871775e-01
2.025623567265966e-01
1.950232794087320e-01
1.180978412058351e-01
1.258325364163020e-01
1.363106132063343e-01
1.508020833262274e-01
1.666588688218604e-01
6.032778526103430e-02
-3.643448519200290e-01
-2.827046183488520e-01
-2.554425190181958e-01
-2.699457295954792e-01
-2.472481016686311e-01
-3.327409515810845e-01
3.072494287017654e-01
3.310157844540919e-01
3.233468184200551e-01
2.971054346885436e-01
3.943031363287545e-01
4.202104196193034e-01
3.643252176308027e-01
3.706448526948019e-01
3.515963900078495e-01
4.671286837267832e-01
4.451448402671107e-01
1.888386983860680e-01
1.777011182085113e-01
-1.052264881570541e-01
-6.324625586147403e-02
-6.795568831206968e-02
-5.424863539992385e-02
-4.782174527186378e-02
-3.459835550942028e-02
4.104922892770380e-02
-1.029895906707134e-02
-1.102222654051702e-02
2.799211990159767e-03
2.567795763852102e-03
-1.322419914869196e-03
-1.395203591722379e-03
-2.611425272799795e-02
-2.263991640562456e-02
5.870172955997132e-03
1.143878630947241e-01
2.617491303640167e-01
1.002818297735221e-01
6.906185444086728e-03
-3.007071045253611e-02
-1.691630035152113e-02
3.618759501399256e-03
4.582593707541845e-03
-2.062060514532871e-02
7.630943124129209e-02
3.192978074134192e-02
2.789291305941625e-02
-1.364499852183672e-01
-1.226649535305377e-01
-1.071421632524927e-01
2.454677101315074e-02
-1.128796745328861e-02
4.680582257094847e-02
-1.176820628363098e-02
2.955072132690331e-03
3.163535767479604e-03
-1.503711734505896e-03
-1.271030048569356e-02
5.047918936241109e-02
5.258474819375827e-02
-1.287917215682044e-02
5.285424166289070e-02
-2.158242020863490e-01
-2.602876588151287e-03
8.432395680990365e-03
-1.563033244573246e-03
5.348654617472224e-04
-1.982861910741519e-04
-3.326660041288398e-04
1.292996326866847e-02
-5.180268152974819e-02
1.274408393090400e-02
1.265076438043320e-02
-4.982798156671563e-02
-5.183064104461325e-02
1.323766741022053e-02
-5.393922634267691e-02
1.312770655367774e-02
-5.280733884639966e-02
-3.389524286021829e-03
-3.397944019368298e-03
1.664922665866520e-03
2.088218798738069e-02
-5.507325522551377e-03
-6.451428164195958e-03
1.580149216074797e-03
-8.215333634529978e-04
-7.122272724049383e-04
-1.308224399719003e-02
3.283643869797655e-03
-1.620783034450320e-03
3.364173863964696e-03
3.434706744475478e-03
-1.668413284382024e-03
-1.658499438239352e-03
5.148484422065753e-03
-1.833150443960124e-02
4.024561610429332e-03
2.072665905142557e-03
-1.056009184757957e-02
-1.474473840413312e-02
3.107186206495128e-03
4.931068867147060e-02
-1.221192834711790e-02
5.015668967798951e-02
5.243862433773026e-02
-1.253616558121198e-02
1.102361061444674e-02
1.140930275246879e-02
-2.949220566299898e-03
1.477554469114751e-03
-2.717913252110593e-03
1.394642868214619e-03
9.508296319466581e-03
-3.986908169086699e-02
1.676900133321902e-01
1.565803297899580e-01
-4.244873948923511e-02
3.431415801073865e-06
-8.730887642322624e-03
-5.206782011099457e-04
4.255127348276255e-03
-2.181318634459252e-01
5.394873058152069e-02
5.320766117214484e-02
-2.177438882320766e-01
-5.294661851491943e-01
-4.076912016296465e-02
-3.835709944423886e-02
-3.466611239250716e-02
1.606708062236681e-01
4.309296007271256e-02
-8.545207204530022e-03
-1.267056006805235e-02
-1.071710560442735e-03
5.951057302377908e-04
-1.437457664659481e-01
-1.292925150189813e-01
3.019107913085916e-02
-1.155290884307857e-01
-2.983573490194192e-01
3.341071557293739e-02
-4.271738176643107e-03
1.551696241215500e-03
5.231107288969811e-04
2.721748021930300e-04
-7.138004991522722e-07
-6.703153905758564e-05
-2.677443571590049e-04
6.605667582458799e-05
5.011549628590792e-02
-1.239367310703057e-02
3.309001301791542e-03
3.111876317611011e-03
-1.581721239662985e-03
2.618334287905612e-02
2.283760681594587e-02
-1.005221762171578e-01
-8.460222796011362e-02
1.872922835089065e-02
-6.062560890205250e-03
-5.088285937127931e-03
3.521817149866664e-02
-1.523753990567870e-01
-3.789374009484802e-01
-1.621741178035512e-01
3.750228540714391e-02
2.197632093124137e-01
2.176512664346379e-01
5.251510272140451e-01
5.311333833690182e-01
-5.386478492718489e-02
1.299627699555549e-01
-3.366269618688985e-02
1.458697435147875e-01
3.314230848711542e-01
3.629939962410320e-01
-3.603675793739657e-02
2.629172070596473e-01
2.720433193681356e-01
2.426080371780974e-01
2.834350102161885e-01
6.352893637271206e-03
2.146532921484742e-03
-1.729855133652526e-02
1.064280369454523e-02
-1.039408365185624e-03
-4.472522964132046e-02
-4.686196265588614e-02
1.124957073162745e-02
1.300155167626195e-03
1.070074705271199e-03
-5.816720076509484e-04
-3.558364549104161e-03
-4.629851629174238e-03
8.142857567362266e-04
-4.656000751476540e-04
-2.640166477969952e-03
1.319446968456437e-03
-2.383620323146050e-03
1.238400974047419e-03
1.141726648530993e-03
1.032111365532850e-02
8.945969153135872e-03
9.763905512346694e-03
-1.980620547729769e-03
9.347596801496593e-04
8.213536477041405e-03
7.333848693349488e-03
-2.254686619091883e-03
1.043761953738617e-03
-1.181287840351561e-03
-9.370080275301125e-04
5.212358071042323e-04
-6.662256852139173e-04
3.960292753192740e-04
2.640566456527142e-04
-5.483464464013932e-04
2.008437293766715e-04
2.595404891682920e-03
-7.968758060726484e-04
4.588237666815404e-04
3.319338403612722e-04
1.937385896371317e-03
-8.925506277381569e-04
-7.814655472361995e-03
-6.832184709653577e-03
2.112526030859101e-03
-1.001084643045034e-03
1.776106673981690e-03
-9.509040938612473e-04
2.188978038527808e-03
-1.042712712466813e-03
-8.263550338531597e-03
-7.306600782956450e-03
2.057460466452184e-03
-2.294954935157243e-03
1.088874197424150e-03
1.202142697118335e-03
8.505011880570304e-03
7.802966196739209e-03
-2.139780816807507e-03
1.001458767250225e-03
-1.536531639643730e-03
8.260803845763050e-04
7.067403407449392e-04
5.509584900152506e-03
6.464784159101768e-03
-1.818465602724156e-03
-1.335285438139848e-03
-3.188786453732168e-03
1.574662860235636e-03
-3.236083475933015e-03
-3.381702146433397e-03
1.630235156552785e-03
1.676812299400521e-03
-3.258164684555619e-03
-3.310711728888316e-03
1.617701329089000e-03
1.205164433725138e-02
1.276738207517179e-02
1.644995006173137e-03
1.597642943604163e-03
9.264525342619200e-04
-3.973944018616107e-04
1.461885853558683e-02
-4.079523114503701e-03
-3.093388328333723e-03
-5.149671215269731e-02
1.372679523994537e-04
-1.323064265832645e-04
6.820556529455082e-04
-2.662550681985741e-04
-2.062457496269586e-03
4.004895602105884e-04
3.414527344328068e-01
3.473834072890490e-01
3.541786410200418e-01
3.658571905254635e-01
3.759462150919023e-01
-1.688721841311167e-03
-1.446339727642104e-03
7.777913774420919e-04
8.792166294672036e-04
-1.900067991139139e-03
6.443527185007162e-04
-3.181523218786373e-03
1.198495950658319e-02
-4.962567524015779e-02
-3.015833776423821e-03
1.517981409754171e-03
2.918616265324296e-06
-1.340456537710107e-04
1.032754680209706e-03
-1.497396698658112e-06
1.349183991859426e-04
-4.088834632986024e-04
1.211593390447709e-03
1.432303720345952e-03
1.681615312487898e-03
-7.644031205456744e-04
-5.247818934639874e-04
-6.536255818256713e-04
3.384824755498190e-03
-1.280855868781216e-02
3.313554617390510e-03
3.170707769865550e-03
-1.591542825266816e-03
-1.655414152995775e-03
-1.565199862863184e-03
2.871055212692527e-03
3.095533626728649e-03
-1.151362078125284e-02
-1.203729418301013e-02
4.744272700940384e-02
-1.470750412799618e-03
-1.528236454843549e-03
-1.073093895342069e-02
2.897060719504059e-03
2.641389315591822e-03
-1.001693961375323e-02
-1.445587068436190e-03
-1.364829983629751e-03
-1.274245415484163e-03
-2.958008852055599e-03
-3.134699770193595e-03
1.179240110603431e-02
-4.903971372366168e-02
1.199872700616274e-02
1.502391862641259e-03
1.564494976341938e-03
3.373430035083077e-01
3.039082493165523e-01
2.952950624840134e-01
3.347522867770211e-01
3.099527522933472e-01
2.756634523814008e-01
2.692832565006787e-01
3.884793664945861e-01
4.204257803884440e-01
4.079176948725607e-01
4.114929450176934e-01
5.187100348748677e-01
2.185389839265663e-01
2.113396783824876e-01
1.267464172818758e-02
-5.124150304359513e-02
-5.313783430589852e-02
-5.101239096939986e-02
-9.303392389680774e-03
2.326418667437130e-03
-8.628883826112901e-03
3.693740293393109e-02
-1.086033716399747e-03
2.547151619181534e-03
-1.206785027631930e-03
-8.838434266531922e-03
2.456259865178547e-03
-9.842882605370242e-03
-1.146842387994790e-03
-1.237763197326936e-03
-3.429180360868795e-03
1.298608217759606e-02
1.674014857407932e-03
1.694975001708404e-03
-3.403651514446084e-03
3.449122093809107e-03
-1.296605684136767e-02
3.344879262132801e-03
-1.311141708131525e-02
-1.667204250828404e-03
-1.661216774620453e-03
-1.685766617170849e-03

nz  1  1102  double
9.588748412966205e-01
9.606191367409012e-01
9.686992088249727e-01
9.770314880932878e-01
9.697110263183573e-01
9.054935697038485e-01
9.209031346633874e-01
9.117666909246778e-01
9.241575195514765e-01
9.138012805575015e-01
9.069484977550494e-01
9.026647535130309e-01
8.975675213160330e-01
8.973152419808409e-01
8.708399967962172e-01
8.703370348368444e-01
9.056650585087518e-01
9.221500120739743e-01
9.169128891142616e-01
9.036900980059545e-01
9.150011747583494e-01
9.304539513869554e-01
8.970229290615997e-01
9.057452654303930e-01
9.051022001601919e-01
9.211929492130534e-01
9.199461574632493e-01
9.179173803078301e-01
9.333952317242937e-01
9.315990607719470e-01
9.151946091324953e-01
9.034380012263168e-01
9.038943613906887e-01
9.028930158466230e-01
8.970256668036218e-01
8.970763062153764e-01
9.039138835687445e-01
9.155248992898239e-01
9.124318350208994e-01
9.025362761182860e-01
9.005261907739871e-01
8.971777859718612e-01
9.040600502379591e-01
9.187091200435994e-01
9.116344971359109e-01
9.026893045401889e-01
9.045476685205333e-01
8.970578368086926e-01
9.001555837639001e-01
9.268982049066544e-01
9.391353641838917e-01
9.365603852858728e-01
9.280433992019668e-01
9.487251803609579e-01
9.453831584933996e-01
9.324674251018732e-01
9.565457013517759e-01
9.621067628790159e-01
9.507732944532837e-01
9.608677031265629e-01
9.552749797405463e-01
9.439742521251973e-01
9.453529662701167e-01
9.531335408463565e-01
9.651345610468112e-01
9.637267824456354e-01
9.688255443143752e-01
9.771957264162793e-01
9.753053525235855e-01
9.661924339677198e-01
9.958676064205144e-01
9.986251667028548e-01
9.969429065305320e-01
9.934697010967188e-01
9.968480147301043e-01
9.938409643758565e-01
9.430979910544598e-01
9.549516455186514e-01
9.376147156446355e-01
9.292606221295658e-01
9.338620327063188e-01
9.306678725656967e-01
9.501742998016317e-01
9.440148498194399e-01
9.671706132596395e-01
9.759542133698115e-01
9.880636317460781e-01
9.931061155534551e-01
9.727271172080498e-01
9.635501494158787e-01
9.704804434035349e-01
9.559528885394654e-01
9.551378537727778e-01
9.650798010929048e-01
9.281764015466198e-01
9.393776745979149e-01
9.279300340055602e-01
9.397350370155705e-01
9.505588353221937e-01
9.502344097541647e-01
9.167422990039198e-01
9.561182552347269e-01
9.667685409566424e-01
9.605539035290587e-01
9.715226422543692e-01
9.616162300249860e-01
9.978952686124485e-01
9.996354653558975e-01
9.979554955442667e-01
9.955040189938440e-01
9.966071655788423e-01
9.989934901644586e-01
9.947368367595363e-01
9.964261173577620e-01
9.494476775275597e-01
9.375378464363516e-01
9.470021814264392e-01
9.582805294787957e-01
9.601299970087808e-01
9.250235454794985e-01
9.944528861684283e-01
9.962369974979252e-01
9.987791870970346e-01
9.922656582289930e-01
9.933475400733313e-01
9.885519138748409e-01
9.936499432416218e-01
9.933740485643725e-01
9.916781826956231e-01
9.894463739866193e-01
9.884554430572023e-01
9.889336163719344e-01
9.925512819057215e-01
9.935379805796484e-01
9.901396484083044e-01
9.840774817964605e-01
9.828626133408949e-01
9.872256131699456e-01
9.875318000374255e-01
9.892997018475982e-01
9.896390435726514e-01
9.843530933903515e-01
9.839767179407700e-01
9.832935616806460e-01
9.775883724118680e-01
9.870651148504000e-01
9.916227422553908e-01
9.862884641389589e-01
9.405972698892134e-01
9.569020876416555e-01
9.452544425282146e-01
9.528796425568928e-01
9.474241755904068e-01
9.540263817542177e-01
9.504314546314551e-01
9.616644566690824e-01
9.573431130695602e-01
9.561391437630986e-01
9.645126002160683e-01
9.484112824881616e-01
9.322863635637881e-01
9.386482391204080e-01
9.258648141600174e-01
9.363263682237712e-01
9.711539681152767e-01
9.613578204139640e-01
9.794741217133741e-01
9.765261607407679e-01
9.674620317603997e-01
9.374809137591982e-01
9.302226947076008e-01
9.453430625336002e-01
9.240524598730242e-01
9.374827606616144e-01
9.741847759094909e-01
9.733967202708622e-01
9.658326229082114e-01
9.658989536833947e-01
9.809767679730464e-01
9.559793299844137e-01
9.567921254600206e-01
9.643082946360491e-01
9.280000932737658e-01
9.410840119019107e-01
9.369766788464816e-01
9.239685180046354e-01
9.152306326093331e-01
9.495125363983008e-01
9.445876873791051e-01
9.735250560366006e-01
9.714116451000550e-01
9.768366867447840e-01
9.678379985050040e-01
9.796620906752410e-01
9.810399890083269e-01
9.735174711649884e-01
9.728511075260750e-01
9.804660283607566e-01
9.804053682882613e-01
9.166313941593308e-01
9.250685369546574e-01
9.273988307873005e-01
9.152352389318481e-01
9.290754799939686e-01
9.530040429265724e-01
9.571003161161549e-01
9.640013586241714e-01
9.673657956170398e-01
9.591860710433661e-01
9.381909341049435e-01
9.311832091661628e-01
9.246802296079742e-01
9.301715505063078e-01
9.133040016870885e-01
8.972330973005753e-01
8.970404541268588e-01
9.039194280976034e-01
8.704929828180805e-01
8.705522975674764e-01
8.974089054653019e-01
9.053472377020294e-01
8.970319674610844e-01
8.703732923002241e-01
8.706345010141014e-01
8.708618722007370e-01
9.345090519983201e-01
9.272026161300798e-01
9.405938707686832e-01
9.038589469323544e-01
9.189360964036353e-01
9.139772466155567e-01
9.210242130131212e-01
9.203373402396910e-01
9.174897013463509e-01
9.058194395535483e-01
9.049668282390767e-01
9.037820378133071e-01
9.150134451667828e-01
9.050487825584554e-01
8.967742622213342e-01
8.968211325411223e-01
9.018668197014127e-01
8.971980351819854e-01
9.843246340578419e-01
9.864119353718588e-01
9.903230018283260e-01
9.927943280645305e-01
9.948580227411592e-01
9.916838307252921e-01
9.799349871681799e-01
9.835968703956556e-01
9.858117321598703e-01
9.897586600797114e-01
9.912434062462148e-01
9.788984546730130e-01
9.759423172707380e-01
9.035484653697142e-01
8.974906913072078e-01
9.104533696908651e-01
8.969126502188710e-01
8.997250602201025e-01
8.974512258001920e-01
8.972104366932758e-01
9.012658798401501e-01
8.971969486150707e-01
8.706288460757617e-01
8.706782377326727e-01
8.708076679176432e-01
9.995414172712354e-01
9.999093874657953e-01
9.999693142757797e-01
9.988991771649721e-01
9.353132208620593e-01
9.462856354652575e-01
9.341655292153115e-01
9.240632824265370e-01
9.260334397308781e-01
9.389938923991648e-01
9.283639715768769e-01
9.294582953686662e-01
9.408614085187699e-01
9.170735179976003e-01
9.656425601141515e-01
9.682042466610489e-01
9.748102925556044e-01
9.766405829051212e-01
9.499526817686174e-01
9.537378336400472e-01
9.418478635168949e-01
9.447815740242047e-01
9.285320868424971e-01
9.320758704973809e-01
9.837827709458385e-01
9.776383390053321e-01
9.700025407955545e-01
9.741782969520922e-01
9.679794757864202e-01
9.766333501726322e-01
9.820648980264456e-01
9.697204005950114e-01
9.824745420859596e-01
9.835712706307249e-01
9.886454822577242e-01
9.868411122703357e-01
9.832305587270399e-01
9.890202849240758e-01
9.194912735182222e-01
9.332009819578085e-01
9.454015918006359e-01
9.438763954391257e-01
9.335299970801890e-01
9.312590357216534e-01
9.988733552178863e-01
9.967018265446858e-01
9.984449681287991e-01
9.966071811064725e-01
9.955659075979501e-01
9.840617394318105e-01
9.829037781589699e-01
9.871459336428134e-01
9.890105936578775e-01
9.925077698788912e-01
9.879675019916810e-01
9.912529806074939e-01
9.930107426646104e-01
9.854809383022518e-01
9.815465837296468e-01
9.814498444836049e-01
9.838416824587524e-01
9.762496652807509e-01
9.790822400236060e-01
9.803031083409989e-01
9.719587524574701e-01
9.707270733591760e-01
9.671454323795370e-01
9.628037984323683e-01
9.562934680417712e-01
9.667971584137957e-01
9.454225863382366e-01
9.515827317739802e-01
9.613191761204030e-01
9.511966961783839e-01
9.514588116401993e-01
9.608711232866542e-01
9.406341271685127e-01
9.396896434135310e-01
9.291560627003587e-01
9.789008744960350e-01
9.742764016291828e-01
9.860319966828237e-01
9.821623204200407e-01
9.735321442102314e-01
9.782211000646386e-01
9.694517683392986e-01
9.761482631485374e-01
9.639095686712443e-01
9.734345790410467e-01
9.163796584861185e-01
9.291304584831203e-01
9.402871801109993e-01
9.279872802628403e-01
9.171955881944687e-01
9.158248078991400e-01
9.497271302120290e-01
9.399859356951941e-01
9.605965881653064e-01
9.515487806927573e-01
9.519225007158432e-01
9.411763026148057e-01
9.838622150954043e-01
9.892122961618068e-01
9.834241686985918e-01
9.773132803521394e-01
9.436064175056305e-01
9.556842364305518e-01
9.475543932785709e-01
9.500312198576506e-01
9.382661758950690e-01
9.350061016089248e-01
9.899406300125886e-01
9.913039465285061e-01
9.859335842087471e-01
9.865891822487347e-01
9.149490025729893e-01
9.031982816585581e-01
8.973000841962164e-01
8.971947500302844e-01
9.003038045397276e-01
9.145125668940515e-01
9.018361627652315e-01
9.332919972577662e-01
9.376834453408143e-01
9.464742173199028e-01
9.539838347024687e-01
9.419211938948050e-01
9.484950712105815e-01
9.528842991522098e-01
9.407761285502243e-01
9.276030333123823e-01
9.235482701879093e-01
9.365559660606729e-01
9.491410987538822e-01
9.595673073420363e-01
9.613676791033650e-01
9.483552459455549e-01
9.508565172795800e-01
9.358329856226063e-01
9.444857755159991e-01
9.608954191872959e-01
9.597289412083385e-01
9.506418529473557e-01
9.692668392047050e-01
9.725514280284301e-01
9.807917350623602e-01
9.757975613932822e-01
9.693222944905427e-01
9.964175904184009e-01
9.952204846069788e-01
9.977067988589736e-01
9.945735253826946e-01
9.977668549179176e-01
9.721132690884839e-01
9.804212245640546e-01
9.753044841207954e-01
9.623367373714938e-01
9.662262684381223e-01
9.568736018300761e-01
9.509102178916550e-01
9.647772136991174e-01
9.538888760018758e-01
9.331902756966883e-01
9.416274311484690e-01
9.462408293382343e-01
9.450018762187650e-01
9.463412649525338e-01
9.345507007612455e-01
9.186850604571248e-01
9.325581036827593e-01
9.422267944442780e-01
9.494284716317668e-01
9.578218775445382e-01
9.371993647091346e-01
9.603054839063941e-01
9.703934808908148e-01
9.617082302669504e-01
9.700107022543615e-01
9.768288223425126e-01
9.779311956482488e-01
9.589751719643452e-01
9.475835536654253e-01
9.436625227087656e-01
9.556088008167367e-01
9.502517916272143e-01
9.384266955871825e-01
9.352949754146070e-01
9.580283790876842e-01
9.681757314015789e-01
9.648845393792385e-01
9.601316608880267e-01
9.702613481547221e-01
9.693157429931516e-01
9.605087349945474e-01
9.689728152088278e-01
9.594418189989452e-01
9.770209647553287e-01
9.285357846042720e-01
9.399339482907555e-01
9.401269356763756e-01
9.165988781137139e-01
9.166146115995540e-01
9.279172388805331e-01
9.510609726137460e-01
9.150761129312823e-01
9.237488590190038e-01
9.156693412596678e-01
9.035710695509608e-01
9.032707210023451e-01
8.972362558298319e-01
9.077212165720330e-01
9.010547195157229e-01
9.160178449515869e-01
9.029442346688935e-01
8.973802421260141e-01
8.973845682145447e-01
9.214324998263581e-01
9.131764397572893e-01
9.256296384509780e-01
9.156411822827485e-01
9.247004791607186e-01
9.158710313840278e-01
9.295166236079441e-01
9.321787330779532e-01
9.379114939516293e-01
8.968323249040094e-01
9.036492722872101e-01
8.970942088191616e-01
9.043489270212194e-01
8.705532920513522e-01
9.159132453299403e-01
9.052920468978501e-01
9.181193477813894e-01
9.275394921745497e-01
9.041492533144518e-01
8.972070231200954e-01
9.026896355427162e-01
8.972227141203325e-01
8.973498988082855e-01
9.032286734409521e-01
9.040635270443655e-01
8.971528880088445e-01
8.971579615347295e-01
8.971911335656769e-01
9.029303817386561e-01
9.033813108478722e-01
9.162738870701023e-01
9.272161758988587e-01
9.152810978182144e-01
9.135520207857643e-01
8.971651694067707e-01
9.036993667895162e-01
9.037470641064614e-01
8.970903974444721e-01
8.703777851075025e-01
9.039015852657744e-01
9.039788711709605e-01
8.970467662190023e-01
8.969010057065026e-01
9.173100856227486e-01
8.971834569047900e-01
8.707386508834377e-01
9.469895876868573e-01
9.467353160683000e-01
8.703514714342988e-01
1.012999641202866e+00
9.159522341262677e-01
9.260162361806978e-01
9.210792951459061e-01
9.311106167163481e-01
9.389079649324451e-01
9.044661095817805e-01
8.970677055834168e-01
8.972487355226749e-01
9.028639902821545e-01
8.971388910605023e-01
8.704605245995257e-01
8.969763754783889e-01
9.464903436388944e-01
8.708419996427090e-01
8.705578058795982e-01
9.464937668724487e-01
8.970209603628005e-01
8.971569219343550e-01
8.704647758166623e-01
8.707541385149600e-01
9.472318411651088e-01
9.468977464062688e-01
1.013104092806785e+00
9.009621696125020e-01
9.026946689153379e-01
8.971642107906193e-01
8.971198729551911e-01
8.705430822061037e-01
9.128104483156814e-01
9.005919330423779e-01
9.020823100598042e-01
9.032107075561845e-01
9.236299259397782e-01
9.129911520450995e-01
9.968084688064557e-01
9.968282518406171e-01
1.000814714168221e+00
1.000846093760689e+00
9.995918523962278e-01
1.000840601704229e+00
9.995918700896912e-01
9.995922395707593e-01
9.010247622444503e-01
9.136524898347841e-01
9.257767641663095e-01
9.216830096452040e-01
9.026834498744688e-01
9.130345464056416e-01
9.244523229426616e-01
9.189207162089240e-01
9.161254563909064e-01
9.125015744995418e-01
9.164215990233127e-01
9.029662368588156e-01
9.026950788100166e-01
8.971180175778968e-01
8.707728922168695e-01
9.225246410524812e-01
9.135276774050225e-01
9.128387755576958e-01
9.196975499701809e-01
9.030967726459994e-01
9.027400315465596e-01
9.128233074657154e-01
9.031167674714082e-01
9.023305165793062e-01
9.168724552358851e-01
8.706264722709549e-01
8.705298490911404e-01
9.468820398096283e-01
8.968858137366068e-01
8.972374867722732e-01
9.468827092808983e-01
8.707246873030987e-01
8.703415219023239e-01
9.468669897311708e-01
8.703947424842112e-01
8.709315298605323e-01
9.463095114070622e-01
8.705059609660595e-01
8.970994329719834e-01
8.969710418798096e-01
9.465773102533339e-01
8.707497554638435e-01
9.469374742916635e-01
1.013146830491564e+00
9.467180915249073e-01
8.706451010930580e-01
8.704622322525857e-01
9.471659195416559e-01
8.970605759059784e-01
9.467213328639699e-01
8.704229905551903e-01
9.463259049280356e-01
8.707134395859594e-01
9.469671259600221e-01
1.013085992312600e+00
9.464505136812501e-01
8.707250354138512e-01
9.472036104417183e-01
1.012882233378480e+00
1.013003059464535e+00
8.705160729780154e-01
9.470200958207817e-01
8.974232387799350e-01
8.709498029648721e-01
8.705588315209059e-01
9.467718121336934e-01
9.462965396429945e-01
8.708440399469950e-01
9.469493886008260e-01
8.710073814984520e-01
9.465044332718050e-01
9.469004872243076e-01
8.706992739527849e-01
8.707114129921508e-01
8.967489055330606e-01
8.966768736330460e-01
8.704826098654563e-01
9.468365918207284e-01
8.707519678065364e-01
9.468637064843386e-01
1.012905053391099e+00
1.012968148344320e+00
9.471757229188116e-01
9.468689089012096e-01
1.012837932336153e+00
1.013089458154682e+00
1.013101710481933e+00
9.466597514761648e-01
9.468768976934462e-01
9.471321296319343e-01
9.468368998988345e-01
1.012954749205272e+00
1.013022817129456e+00
9.471581435697407e-01
9.470211685651110e-01
9.467306964602240e-01
1.012948082664010e+00
1.013078887223494e+00
9.968572779549608e-01
8.706308878369060e-01
9.472740327098667e-01
8.970493202287496e-01
8.972877031481389e-01
8.706571650289698e-01
8.709435049573677e-01
8.704955560975838e-01
9.469697222061172e-01
8.708084730544706e-01
8.970909877927743e-01
8.972760224940154e-01
8.708887863319055e-01
9.470465971405249e-01
8.704554748057718e-01
8.707887669948524e-01
8.970999639910244e-01
8.707276035218132e-01
9.470928059141493e-01
9.459515730942901e-01
8.706367836968543e-01
8.972006251794544e-01
9.033877059619744e-01
8.971440600015790e-01
9.028116942017482e-01
8.972194794452345e-01
8.705173395669368e-01
8.708831025710120e-01
8.706091325957148e-01
9.469696037049915e-01
9.468873015463873e-01
9.469418558709911e-01
1.013068067836244e+00
1.012883914910105e+00
8.972101808790006e-01
8.709838654620122e-01
8.971769223199368e-01
8.707394196897222e-01
8.971135610968081e-01
8.708384130193062e-01
9.042667836874051e-01
8.968087375745444e-01
9.048040491756212e-01
8.970868454041495e-01
9.029896930432486e-01
8.971338186267095e-01
8.707012516980697e-01
9.469446999876637e-01
9.470997536924395e-01
8.972269000850144e-01
8.705688241806917e-01
9.019808236037222e-01
8.971028764698519e-01
8.705956739706077e-01
9.465182821000523e-01
8.706283223837314e-01
8.971276746740730e-01
8.971898900654447e-01
9.020400439565233e-01
9.002844252406658e-01
8.705601897573657e-01
8.971976918002997e-01
8.970993563190047e-01
9.012224604716578e-01
9.034702871770733e-01
8.705227593107090e-01
8.708009810192279e-01
9.017745241677771e-01
8.970874595732029e-01
8.973387095687663e-01
8.705111950988719e-01
8.706195245448661e-01
9.464935369772315e-01
9.469966354522772e-01
8.704941129079259e-01
8.707846001910329e-01
8.969849414694130e-01
9.142073519308442e-01
9.035383098251460e-01
9.468299440143789e-01
1.013022754283899e+00
9.968343482426475e-01
9.967997844024497e-01
1.000835070073553e+00
1.000814944178616e+00
9.995938806807005e-01
9.995946123324775e-01
1.012866608367806e+00
1.013002616882645e+00
9.968886440272063e-01
9.472819974506813e-01
8.706978746068023e-01
9.468704617314451e-01
9.968173285963234e-01
1.013035562023095e+00
1.013180143898642e+00
9.967944629448240e-01
9.968108134157613e-01
1.012957959118827e+00
9.469580052900342e-01
1.013088310609668e+00
1.012852590405416e+00
9.469215898183063e-01
9.468266159505535e-01
9.472024097049985e-01
1.013011895832232e+00
9.968015981839040e-01
1.012967486163892e+00
9.968055444390045e-01
1.000818677612675e+00
1.000842917370026e+00
9.995920899228187e-01
9.967993824715337e-01
1.012859508735744e+00
1.012924277795470e+00
9.968133777581258e-01
1.013183068257095e+00
9.466091380556140e-01
9.967951942822468e-01
1.012982051334148e+00
9.967958695480676e-01
1.000822100902898e+00
9.995944094284284e-01
9.995900845267141e-01
9.968217379575826e-01
1.012816383104858e+00
9.968212409277237e-01
9.967783404658320e-01
1.012856425297337e+00
1.013052199540006e+00
9.967711604304204e-01
1.013196937303049e+00
9.968028056360878e-01
1.012860165830841e+00
1.000825474743014e+00
1.000831301709149e+00
9.995939477283249e-01
1.013122989780118e+00
9.968335394683897e-01
9.968216004772846e-01
1.000837668476813e+00
9.995944182152059e-01
9.995911658581527e-01
9.968000525773909e-01
1.000818948744010e+00
9.995916597773874e-01
1.000820346353489e+00
1.000844282860814e+00
9.995918310738642e-01
9.995897893363225e-01
9.967654365105164e-01
1.012748507862027e+00
9.968659682444679e-01
9.968167091075489e-01
1.013042857890357e+00
1.013031808682978e+00
9.968030325709856e-01
1.013139479046149e+00
9.968003355920374e-01
1.012942836797801e+00
1.013201310707512e+00
9.968081420321531e-01
9.967960893546317e-01
9.968408200883342e-01
1.000836051057099e+00
9.995905502392611e-01
1.000810781445078e+00
9.995951393541709e-01
9.967578989396961e-01
1.013094802653902e+00
9.468082271435972e-01
9.466150985239935e-01
1.013040344638173e+00
1.013033180617849e+00
9.466970127939862e-01
9.968305143068198e-01
1.013018238778087e+00
9.468824872613376e-01
1.013156540055242e+00
1.012957179688404e+00
9.467368115782635e-01
8.707519262626497e-01
1.012927489077539e+00
1.013077299102102e+00
1.012862272492614e+00
9.472436703493828e-01
9.469010392368971e-01
1.013145121465937e+00
1.013043459925304e+00
1.000835192457196e+00
9.995862538203981e-01
9.466593797635015e-01
9.470061912188406e-01
1.013100716814139e+00
9.467036008031017e-01
8.708303787708964e-01
1.012998795071252e+00
1.013106971892371e+00
9.968171557858446e-01
9.968127103685024e-01
1.000831127773161e+00
1.000840606325072e+00
9.995876067990411e-01
1.000822529426741e+00
9.995893996550731e-01
1.013123000771745e+00
9.968008279358753e-01
1.000842978459527e+00
1.000814873844894e+00
9.995919894343118e-01
1.012902305058558e+00
1.013117302977794e+00
9.467489257018522e-01
9.467829073001951e-01
1.013036297036962e+00
9.967857145860201e-01
9.968010848804809e-01
1.013053348223614e+00
9.459206889602463e-01
8.705873702343817e-01
9.467795234860197e-01
1.012780457325054e+00
9.464760722048416e-01
9.467343757735804e-01
8.707536795811721e-01
8.704290542091216e-01
1.013140216461368e+00
9.467521684593385e-01
1.013088823703873e+00
9.458989876293712e-01
8.708043508090666e-01
8.710745515622060e-01
1.012795834378976e+00
9.181069502806583e-01
9.032242983154802e-01
9.138129136319432e-01
8.971087837803050e-01
1.012989436644616e+00
1.013127925632231e+00
9.469595021077989e-01
1.013130489072377e+00
9.968190081824319e-01
1.012985279690566e+00
1.012980688394371e+00
9.968134638146374e-01
1.000817925916097e+00
1.000830836454089e+00
9.995956894566164e-01
9.968464557473620e-01
9.967855573488019e-01
1.000840231656716e+00
9.995876913543306e-01
1.000837623608011e+00
9.995942323389374e-01
1.000812150073136e+00
9.995939064247448e-01
9.995940755498717e-01
9.968306585464677e-01
9.968259116861634e-01
9.967926894926924e-01
1.000811334650515e+00
9.995942548913563e-01
9.967996762782845e-01
9.968256802355500e-01
1.000837146197366e+00
9.995943290920581e-01
1.000818805605686e+00
1.000831980413092e+00
9.995939683884444e-01
1.000818788173683e+00
9.995929999311964e-01
9.995929174489815e-01
1.000842978944557e+00
9.995916233523212e-01
9.968017621600406e-01
1.000820368199962e+00
9.995939994658903e-01
9.995893738301364e-01
1.000839699793719e+00
9.995885419369623e-01
9.967955867345520e-01
9.968503413539787e-01
1.000822313648730e+00
9.995896068798910e-01
1.000818812830128e+00
9.995886649748164e-01
1.000812372587497e+00
9.995937979782179e-01
9.967874737232548e-01
9.968322607381219e-01
1.000842211161248e+00
1.000814385954558e+00
9.995957322888210e-01
9.995906291750634e-01
9.968442258671054e-01
9.968048499640586e-01
1.000832804397008e+00
9.995898926546232e-01
1.000813646355228e+00
9.995941358421385e-01
9.995934748945786e-01
9.968388279143012e-01
9.968136421798923e-01
1.000837681809360e+00
1.000839356790284e+00
1.000822528321779e+00
9.995990135539680e-01
1.000815017136913e+00
1.000836687065394e+00
9.995934006107896e-01
9.995877874333815e-01
1.000829678121485e+00
1.000825909370910e+00
9.995926534299594e-01
9.968899122688296e-01
9.967845143689907e-01
9.995929294195397e-01
9.995876264877016e-01
1.000822026662656e+00
9.995888323174252e-01
1.012945194675188e+00
9.968219395912294e-01
9.968123774842709e-01
9.469033064568940e-01
1.000840397797152e+00
9.995893531976663e-01
1.000840180718034e+00
9.995932787218095e-01
9.968284849980457e-01
1.000819991309283e+00
9.200771800913787e-01
9.247201488516061e-01
9.276504279799404e-01
9.139013277166912e-01
9.152913752097460e-01
1.000831095037269e+00
1.000832774960355e+00
9.995873411595659e-01
9.995951735204756e-01
1.000823150199780e+00
9.995953741817254e-01
1.000833569707581e+00
9.968081957086794e-01
1.012998216027514e+00
1.000817901895662e+00
9.995958897253383e-01
9.968218015105319e-01
1.000820675349664e+00
9.968214159411517e-01
9.995928089105622e-01
9.995898403124601e-01
1.000838033650584e+00
1.000842040398303e+00
1.000822856342785e+00
1.000829505389515e+00
9.995947891812978e-01
9.995923256784289e-01
9.995885987264788e-01
1.000837373207685e+00
9.968061856794447e-01
1.000834138566747e+00
1.000818217662178e+00
9.995948274779679e-01
9.995872267591313e-01
9.995897649355455e-01
1.000813206464578e+00
1.000839284960449e+00
9.968124142349292e-01
9.967966422647616e-01
1.012864534143231e+00
9.995931239414318e-01
9.995930029340729e-01
9.967962994240043e-01
1.000841787740634e+00
1.000811469105371e+00
9.968242586215853e-01
9.995900034498517e-01
9.995930170196212e-01
9.995955975686270e-01
1.000819062509362e+00
1.000835003522375e+00
9.968004766873558e-01
1.013058017166080e+00
9.968577251558265e-01
9.995925094054749e-01
9.995902366198999e-01
9.051668232370972e-01
9.214498827206401e-01
9.144967110289453e-01
9.147205813579412e-01
9.281903934316404e-01
9.356771282415842e-01
9.278810948982334e-01
9.149635191280037e-01
9.022509077155884e-01
9.034966534182729e-01
8.971545118928953e-01
8.704702496701865e-01
9.459234975798351e-01
9.467754634910488e-01
9.968639604214871e-01
1.012780280286612e+00
1.013067084440871e+00
1.012993236891804e+00
9.968269135056314e-01
1.000826273435459e+00
9.967989235031754e-01
1.013122097090848e+00
9.995969482863266e-01
1.000836306408812e+00
9.995886954159807e-01
9.968618627534799e-01
1.000836503554407e+00
9.967695007217138e-01
9.995934916581576e-01
9.995933010401841e-01
1.000836585770245e+00
9.968216950006339e-01
9.995922776459751e-01
9.995852053958045e-01
1.000836862283290e+00
1.000840025638172e+00
9.968427018954693e-01
1.000818383525676e+00
9.968015949317048e-01
9.995933587034463e-01
9.995916059888467e-01
9.995895140610448e-01

height  1  1102  double
3.544116388650018e-02
3.541834969052352e-02
3.531695066957633e-02
3.521481932608665e-02
3.530446265703331e-02
3.608839607804286e-02
3.592217810922141e-02
3.610426579853903e-02
3.586751833941665e-02
3.604732082421654e-02
3.604569359778388e-02
3.609037206226023e-02
3.648162026180238e-02
3.650779800367591e-02
3.609814074713708e-02
3.609823395229076e-02
3.606831633741962e-02
3.590081032144477e-02
3.603669508132168e-02
3.609824755389129e-02
3.606936723755912e-02
3.580223431409578e-02
3.648387161322209e-02
3.607870627958062e-02
3.607781439648787e-02
3.591406710554480e-02
3.597504374907395e-02
3.599193378902424e-02
3.576010699468223e-02
3.577076750861511e-02
3.601955802387929e-02
3.609409996981643e-02
3.609016917241483e-02
3.611551085708464e-02
3.649038619181141e-02
3.648869246811043e-02
3.609907089674620e-02
3.602098405395306e-02
3.609186378331085e-02
3.611113604459099e-02
3.613558069931968e-02
3.651621578201301e-02
3.609937197043403e-02
3.595802513638606e-02
3.610327498511121e-02
3.611864010927636e-02
3.609904980611538e-02
3.649318344284198e-02
3.613885712067603e-02
3.582722076205206e-02
3.569585166248031e-02
3.572359222066842e-02
3.581985946825095e-02
3.556213850836189e-02
3.560454144032653e-02
3.577171659137553e-02
3.547084435428777e-02
3.539842186594815e-02
3.553931395745336e-02
3.541564577460881e-02
3.548315470088232e-02
3.563152079674332e-02
3.560810951469148e-02
3.550896602492995e-02
3.536215347348504e-02
3.538006826140040e-02
3.531548831938200e-02
3.521262362607413e-02
3.523604760845734e-02
3.534753581762554e-02
3.498133601200277e-02
3.494702327555484e-02
3.496795056529399e-02
3.501105196978373e-02
3.496913806220809e-02
3.500646765623936e-02
3.563999646747500e-02
3.548857885234954e-02
3.571795834598910e-02
3.580108769517918e-02
3.574880397857912e-02
3.579486528353998e-02
3.554480351393140e-02
3.561865108666408e-02
3.533499631036133e-02
3.522763359282606e-02
3.507808511334228e-02
3.501559046774975e-02
3.526755946047530e-02
3.538254936992815e-02
3.529527515562170e-02
3.547718227322781e-02
3.548402765630525e-02
3.536302521248244e-02
3.581172363182693e-02
3.568869104220604e-02
3.582299871449250e-02
3.568545899559890e-02
3.553962322351859e-02
3.554361744703506e-02
3.601591285287644e-02
3.547634657689294e-02
3.533994292263840e-02
3.541923051002834e-02
3.528288852340226e-02
3.540517257240410e-02
3.495614139064442e-02
3.493447474916273e-02
3.495538664849759e-02
3.498590398255690e-02
3.497215902116693e-02
3.494245582827682e-02
3.499547954357606e-02
3.497443094532005e-02
3.555229362859804e-02
3.571657466511426e-02
3.558505072921466e-02
3.544728008989882e-02
3.542474215223614e-02
3.585309838436351e-02
3.499894469626876e-02
3.497676078556538e-02
3.494511763337534e-02
3.502598917313505e-02
3.501258567451127e-02
3.507199033553585e-02
3.500886401580301e-02
3.501224494276342e-02
3.503319993069968e-02
3.506102100760655e-02
3.507322132338513e-02
3.506744580779741e-02
3.502255223158088e-02
3.501027484110258e-02
3.505243575975549e-02
3.512766783806304e-02
3.514250278505324e-02
3.508869552627413e-02
3.508483648657632e-02
3.506280576531390e-02
3.505859637263548e-02
3.512379914360943e-02
3.512842975471871e-02
3.513704798506714e-02
3.520771484536548e-02
3.509061911958022e-02
3.503408265300446e-02
3.510032477246733e-02
3.567178999843983e-02
3.546488293599474e-02
3.560355248604737e-02
3.551388916692839e-02
3.557462513762445e-02
3.549917390020032e-02
3.554240878243772e-02
3.540503142019124e-02
3.546145669827662e-02
3.547449141842104e-02
3.536962153244923e-02
3.556538297124359e-02
3.577125458722252e-02
3.569737559449278e-02
3.584006434537822e-02
3.573608027238972e-02
3.528771976056348e-02
3.540892224395403e-02
3.518424407436266e-02
3.522106720332102e-02
3.533226811854375e-02
3.570968944339135e-02
3.578423809403350e-02
3.561168116759285e-02
3.586492321033159e-02
3.572158639573235e-02
3.525011323783810e-02
3.525990468703185e-02
3.535222389417614e-02
3.535151613074550e-02
3.516573226713966e-02
3.547647471231757e-02
3.546657376883976e-02
3.537092212225744e-02
3.581934431090594e-02
3.566655595155259e-02
3.572520446570233e-02
3.586248260670181e-02
3.603812056385045e-02
3.555272163480675e-02
3.561318990043270e-02
3.525804148547925e-02
3.528418439775325e-02
3.521720693286598e-02
3.532714970856365e-02
3.518200666449868e-02
3.516502735364409e-02
3.525821800812792e-02
3.526622133606788e-02
3.517233949177043e-02
3.517313487815837e-02
3.601468442715029e-02
3.585201432558352e-02
3.582416245522294e-02
3.603141248945221e-02
3.580173681559823e-02
3.551079976004806e-02
3.546219281423530e-02
3.537433642882746e-02
3.533289098492286e-02
3.543632478726954e-02
3.570961861460507e-02
3.578859012467746e-02
3.585338985756738e-02
3.579974598884825e-02
3.606591349492057e-02
3.646700779081038e-02
3.649523496570149e-02
3.610197430839034e-02
3.609303035198606e-02
3.610680028754974e-02
3.649236657330242e-02
3.606674797185348e-02
3.649475767067168e-02
3.610622606363757e-02
3.609404273610183e-02
3.610083084869951e-02
3.575311266740756e-02
3.581874773647474e-02
3.567368867931290e-02
3.607797749648103e-02
3.597828249275068e-02
3.606890526965248e-02
3.592616673985508e-02
3.597122752226869e-02
3.599883031594073e-02
3.606295310931333e-02
3.607445130225748e-02
3.610288709878429e-02
3.604112881551624e-02
3.609324370209794e-02
3.648891664290073e-02
3.649539668120670e-02
3.612446883026591e-02
3.651082880546778e-02
3.512446357795530e-02
3.509869982241653e-02
3.505014465435995e-02
3.501947458508825e-02
3.499393461385866e-02
3.503332248346594e-02
3.517831919972347e-02
3.513332516574232e-02
3.510607000818683e-02
3.505718333986909e-02
3.503882085763757e-02
3.519166559416471e-02
3.522838245223669e-02
3.609954154685065e-02
3.652259720146936e-02
3.612182399581250e-02
3.651212241006314e-02
3.612490001088124e-02
3.646372007842551e-02
3.651637719838783e-02
3.610623764864739e-02
3.649484252358583e-02
3.609204492582271e-02
3.609238003344929e-02
3.609785115764562e-02
3.493563953436002e-02
3.493105114110173e-02
3.493030437423569e-02
3.494362939758352e-02
3.574304791673376e-02
3.559335097209153e-02
3.575332810357978e-02
3.588315831021541e-02
3.583714478290664e-02
3.569506971817200e-02
3.581407959932538e-02
3.579660169416563e-02
3.566920141753439e-02
3.600774780831845e-02
3.535449980622016e-02
3.532257805178999e-02
3.524207167164337e-02
3.521937909675711e-02
3.554713902830082e-02
3.550533119705166e-02
3.565259601597630e-02
3.561199411237361e-02
3.581514052620244e-02
3.578307046802483e-02
3.513087390021227e-02
3.520721553904469e-02
3.530059437084749e-02
3.524999165106145e-02
3.532529652175050e-02
3.521937245307104e-02
3.515197325093804e-02
3.530401156903773e-02
3.514707950068091e-02
3.513341292166293e-02
3.507089105782413e-02
3.509337969903899e-02
3.513766178809441e-02
3.506621177032730e-02
3.595775429384296e-02
3.575665799652674e-02
3.561179379592687e-02
3.563369275625388e-02
3.575624542989340e-02
3.577611604116430e-02
3.494396336022169e-02
3.497097067983475e-02
3.494926755104960e-02
3.497211690633073e-02
3.498508746713100e-02
3.512745433773935e-02
3.514193602622324e-02
3.508967129734711e-02
3.506641734400524e-02
3.502304219296456e-02
3.507924417937653e-02
3.503846612971594e-02
3.501672871750273e-02
3.511006861146909e-02
3.515838287513839e-02
3.515943123551381e-02
3.513042428806153e-02
3.522454300282925e-02
3.518947055709670e-02
3.517382750369878e-02
3.527792679984192e-02
3.529225880556773e-02
3.533575369666364e-02
3.538989049373459e-02
3.547275599944309e-02
3.534029278090996e-02
3.560044021904610e-02
3.552935488136391e-02
3.540996566086017e-02
3.553193348516467e-02
3.552896598725414e-02
3.541543846980544e-02
3.567524209235493e-02
3.568582318119156e-02
3.580954881617703e-02
3.519085942415591e-02
3.524864528289687e-02
3.510328380561513e-02
3.515078176467975e-02
3.525777132196847e-02
3.519934890247581e-02
3.530733079543821e-02
3.522548040319796e-02
3.537476994571143e-02
3.525923204803744e-02
3.599777740623527e-02
3.580777626883191e-02
3.567707773150843e-02
3.581563192693041e-02
3.600462034705840e-02
3.601832181508478e-02
3.555029920922261e-02
3.567812447948823e-02
3.541841909570483e-02
3.552683446754760e-02
3.552233037255476e-02
3.566795818897809e-02
3.513001085123783e-02
3.506394872992589e-02
3.513535008195720e-02
3.521120285019478e-02
3.563415481536188e-02
3.548160523368451e-02
3.557539801083943e-02
3.554668806486502e-02
3.570586420275031e-02
3.574882426497496e-02
3.505494978140194e-02
3.503809248384719e-02
3.510459334659295e-02
3.509647088162039e-02
3.606320184277165e-02
3.610010151145166e-02
3.650087860974236e-02
3.650140893945820e-02
3.611883890206877e-02
3.602880277330529e-02
3.611988869392604e-02
3.575929231211275e-02
3.571479828868375e-02
3.558797784366229e-02
3.550032569197420e-02
3.565807082381627e-02
3.556272708419113e-02
3.551177033362584e-02
3.567031409316435e-02
3.582172876349313e-02
3.586855380994461e-02
3.573061934323397e-02
3.555729912300012e-02
3.543155236806367e-02
3.540893050977783e-02
3.556650853010927e-02
3.553602312269050e-02
3.573560360739127e-02
3.561949165688812e-02
3.541539103525748e-02
3.542927430093820e-02
3.553854232734625e-02
3.530963635617279e-02
3.527051900038364e-02
3.516778600141590e-02
3.522989419516704e-02
3.530901287954519e-02
3.497453374124330e-02
3.498940789108541e-02
3.495848177489243e-02
3.499746655584839e-02
3.495774182398931e-02
3.527589038148407e-02
3.517250819658106e-02
3.523637582830006e-02
3.539624168095569e-02
3.534757119855265e-02
3.546672702015068e-02
3.553507792214351e-02
3.536406175721368e-02
3.550232602777195e-02
3.576563994023577e-02
3.565538702173068e-02
3.559030995530708e-02
3.561492070337336e-02
3.559145298548589e-02
3.575131026514355e-02
3.598745473397311e-02
3.576763848992578e-02
3.565277724688204e-02
3.555341014994953e-02
3.545312240378786e-02
3.571727040190945e-02
3.542226832503845e-02
3.529559628428278e-02
3.540457649557829e-02
3.530039638651190e-02
3.521688817833918e-02
3.520342288128197e-02
3.543879253911410e-02
3.557604684273523e-02
3.562607204920679e-02
3.548219804034397e-02
3.554409241907060e-02
3.570268303395928e-02
3.574643150655369e-02
3.545043919595318e-02
3.532272323246554e-02
3.536322731125690e-02
3.542388251186870e-02
3.529782273777932e-02
3.530886145349913e-02
3.541922398270058e-02
3.531321742882600e-02
3.543298000735766e-02
3.521461943415322e-02
3.580757860902484e-02
3.568268580245807e-02
3.567916415830176e-02
3.601551145103844e-02
3.601369133715181e-02
3.582241116608663e-02
3.553424287114662e-02
3.605420515942109e-02
3.589044027490243e-02
3.601232150207277e-02
3.609736667103189e-02
3.609630899460282e-02
3.647876357913592e-02
3.608671454100556e-02
3.611648574772284e-02
3.603331326713839e-02
3.609725097137757e-02
3.651890318628985e-02
3.651593388475304e-02
3.590827703030914e-02
3.608826688445355e-02
3.584178770427870e-02
3.601913416342258e-02
3.585310657446366e-02
3.601191284112058e-02
3.580394563920340e-02
3.578333343369258e-02
3.571048944254763e-02
3.648503688267106e-02
3.610418879753156e-02
3.649960410604480e-02
3.609619562445085e-02
3.609794459958535e-02
3.602652647816551e-02
3.606879190798802e-02
3.599001446834597e-02
3.582194754089527e-02
3.607944061675700e-02
3.647476485913323e-02
3.609502559701254e-02
3.650128482123393e-02
3.649603915041530e-02
3.608656676640084e-02
3.609326532717628e-02
3.648738875350113e-02
3.649402271960114e-02
3.649746114005099e-02
3.609475288881005e-02
3.609618112750109e-02
3.601641437274863e-02
3.583007258131185e-02
3.603177388802614e-02
3.606240696980020e-02
3.648992798279705e-02
3.609766085603347e-02
3.608874815270224e-02
3.649040031053750e-02
3.609509732677230e-02
3.608826621128648e-02
3.608776718742226e-02
3.648857729284588e-02
3.648880155923438e-02
3.600544149917104e-02
3.649038073225688e-02
3.609658499013592e-02
3.740475640472476e-02
3.740235818970636e-02
3.609535584154248e-02
3.876813532391314e-02
3.603534036236317e-02
3.584445630219271e-02
3.591409642547697e-02
3.578466296982964e-02
3.569769839338815e-02
3.607931887366054e-02
3.649771478022445e-02
3.648810890762186e-02
3.609606787199013e-02
3.650605724317005e-02
3.609298853281494e-02
3.649179868477835e-02
3.739837300600780e-02
3.609858529439687e-02
3.609111204841435e-02
3.739963170184027e-02
3.650267656116977e-02
3.649932059615248e-02
3.609607214576291e-02
3.610085493671474e-02
3.741333967014966e-02
3.739961589469309e-02
3.877048658799798e-02
3.612069810078555e-02
3.610303857021306e-02
3.651807008873201e-02
3.649014924212113e-02
3.609080644787896e-02
3.607525435493448e-02
3.613447626402878e-02
3.610967112374438e-02
3.608962120794356e-02
3.586091350666530e-02
3.606486466370178e-02
3.843458023844266e-02
3.843513169842214e-02
3.851494080690926e-02
3.851559434326166e-02
3.849785588278758e-02
3.851553275089500e-02
3.849785359707870e-02
3.849785986912816e-02
3.611888645000909e-02
3.606944844314297e-02
3.584700296196894e-02
3.589742745389293e-02
3.610437355632279e-02
3.607376475385548e-02
3.585803285211040e-02
3.598249539906428e-02
3.602491768617977e-02
3.608126352934380e-02
3.601308673113300e-02
3.610896797316578e-02
3.610266710512206e-02
3.649728836479130e-02
3.609671651056193e-02
3.589219505686270e-02
3.605324297335411e-02
3.606984436737965e-02
3.595331645898031e-02
3.610707484068356e-02
3.609937433590332e-02
3.607535560638533e-02
3.610547853655845e-02
3.610031839321738e-02
3.601318457784842e-02
3.609532865651460e-02
3.610130696630804e-02
3.740225651171913e-02
3.649483931777267e-02
3.647819390674597e-02
3.740671525888961e-02
3.609861566036760e-02
3.609428039975306e-02
3.740793969205095e-02
3.609815100024794e-02
3.609181401457671e-02
3.740157219212440e-02
3.608653445946339e-02
3.651711545960966e-02
3.650711046773093e-02
3.740058837464201e-02
3.609614352463377e-02
3.740834421338104e-02
3.877048999389247e-02
3.740135659817702e-02
3.609248055846057e-02
3.610204435256169e-02
3.741079541549729e-02
3.649596920190763e-02
3.740507324692401e-02
3.608648527735026e-02
3.739877504810092e-02
3.610047644298077e-02
3.740575068177705e-02
3.876935592287886e-02
3.739381733988220e-02
3.610099062604522e-02
3.740726177625733e-02
3.876636957186118e-02
3.876832750791449e-02
3.609218261741132e-02
3.741220250704461e-02
3.647767392133477e-02
3.609572788004748e-02
3.610536231799283e-02
3.740413643317384e-02
3.739431152916285e-02
3.609567351924656e-02
3.740550456473315e-02
3.609992697407129e-02
3.739563737936797e-02
3.740512640275574e-02
3.609194669872597e-02
3.610226572948994e-02
3.650175182607134e-02
3.647358040463045e-02
3.609048308309860e-02
3.740432634647260e-02
3.609869685311009e-02
3.740356856395068e-02
3.876555432630977e-02
3.876734530698614e-02
3.740067464970209e-02
3.739728429654452e-02
3.876704224250344e-02
3.876995539290885e-02
3.877168580035546e-02
3.739292616431285e-02
3.740396399631456e-02
3.740879728442104e-02
3.739723414318634e-02
3.876792968027972e-02
3.876832573696083e-02
3.741268497993248e-02
3.741239491502291e-02
3.740147877951340e-02
3.876663972561260e-02
3.876856247195344e-02
3.843588414637075e-02
3.610389961522457e-02
3.741328440331901e-02
3.650243225742664e-02
3.649107879910531e-02
3.609053748368568e-02
3.610260770595223e-02
3.609716537009054e-02
3.740316924027300e-02
3.609027054179215e-02
3.650301411311496e-02
3.651260822525546e-02
3.609002319711561e-02
3.740686950786032e-02
3.609582418753900e-02
3.609173847803505e-02
3.648733986600877e-02
3.610424878932620e-02
3.740895541432208e-02
3.738091288827560e-02
3.609200937394164e-02
3.649562846003514e-02
3.609445242549165e-02
3.648863948456965e-02
3.608880844738439e-02
3.649480345298026e-02
3.609820462143740e-02
3.609407880748808e-02
3.609537789986667e-02
3.740908192903723e-02
3.740894814416625e-02
3.741101869150026e-02
3.876851500569030e-02
3.876428216709351e-02
3.649123133582592e-02
3.609756494709847e-02
3.649259451977177e-02
3.608951472691425e-02
3.648952741238725e-02
3.610170043456651e-02
3.609673902972469e-02
3.648811257431066e-02
3.607270329668714e-02
3.648489290547113e-02
3.610160510393224e-02
3.649534098521347e-02
3.610088277048173e-02
3.740301849149776e-02
3.740592904872138e-02
3.650140794721510e-02
3.609421426136688e-02
3.610129011190347e-02
3.650078536953744e-02
3.609467054406667e-02
3.740163516067142e-02
3.609492219646558e-02
3.649432583879172e-02
3.652050713752783e-02
3.611355793066184e-02
3.614323296809250e-02
3.608773774953552e-02
3.650875149642860e-02
3.648998860857609e-02
3.610867886171433e-02
3.609512111475324e-02
3.609369781410680e-02
3.608714186924520e-02
3.610426669360421e-02
3.649605289743462e-02
3.649084889081886e-02
3.608513556623334e-02
3.609843536064183e-02
3.739631641536621e-02
3.740328260256466e-02
3.609386281152376e-02
3.609710307155946e-02
3.648195823313909e-02
3.603894348257933e-02
3.609728006364469e-02
3.740365108608818e-02
3.876952374477764e-02
3.843516863653161e-02
3.843448666628829e-02
3.851540232811710e-02
3.851497549010229e-02
3.849786326675127e-02
3.849786963301065e-02
3.876598312651513e-02
3.876887008930188e-02
3.843617776596644e-02
3.741040228560858e-02
3.609695592328684e-02
3.740041122076938e-02
3.843473907624864e-02
3.876924575145271e-02
3.877062599380919e-02
3.843468165954866e-02
3.843495064346508e-02
3.876689780780172e-02
3.740897099531075e-02
3.876910902477568e-02
3.876396105785488e-02
3.740525659243447e-02
3.740784326860795e-02
3.741339836336302e-02
3.876808279100461e-02
3.843480929600725e-02
3.876593540453666e-02
3.843494899061771e-02
3.851494480737443e-02
3.851551505302722e-02
3.849781484099590e-02
3.843468381089707e-02
3.876422748888683e-02
3.876667163504599e-02
3.843479597935507e-02
3.877154211268660e-02
3.739868282426117e-02
3.843461065940632e-02
3.876690714000568e-02
3.843458490629961e-02
3.851505073495223e-02
3.849784931370515e-02
3.849782894438962e-02
3.843502739082670e-02
3.876394197459263e-02
3.843501234195954e-02
3.843406465661028e-02
3.876527256063242e-02
3.876905582367401e-02
3.843397017875969e-02
3.877198003859037e-02
3.843476592541842e-02
3.876478187962704e-02
3.851513730031526e-02
3.851527521120784e-02
3.849785105657010e-02
3.877098168907335e-02
3.843517301546754e-02
3.843513089717803e-02
3.851544621029583e-02
3.849785024217345e-02
3.849783935813416e-02
3.843448149829105e-02
3.851499041586659e-02
3.849784640790060e-02
3.851504629393031e-02
3.851559781401818e-02
3.849783909811191e-02
3.849783400550146e-02
3.843359725058200e-02
3.876372316041449e-02
3.843567548824545e-02
3.843516988563805e-02
3.876807616487932e-02
3.876927079123030e-02
3.843461540742409e-02
3.877005383556111e-02
3.843462744237589e-02
3.876680438809039e-02
3.877210462955127e-02
3.843469503622428e-02
3.843450700926137e-02
3.843544356371169e-02
3.851541075363755e-02
3.849780336861261e-02
3.851487915198466e-02
3.849782592974547e-02
3.843376146656743e-02
3.876947961168456e-02
3.740357358991653e-02
3.740071059829441e-02
3.876926972516543e-02
3.876837391875583e-02
3.740128410522395e-02
3.843522441714201e-02
3.876801622955216e-02
3.740642904535318e-02
3.877120013121080e-02
3.876612080823575e-02
3.740021901870896e-02
3.610031577066477e-02
3.876823508834033e-02
3.877026441457673e-02
3.876390046194750e-02
3.740518664874962e-02
3.740757407145075e-02
3.877017918726755e-02
3.876796703759892e-02
3.851531887826554e-02
3.849778776045080e-02
3.740314396360517e-02
3.741283652921390e-02
3.876871063979335e-02
3.740419517415679e-02
3.608987138282863e-02
3.876666567732410e-02
3.876937272642129e-02
3.843509390186365e-02
3.843494066571213e-02
3.851527431842001e-02
3.851548613079232e-02
3.849781085786966e-02
3.851505967438625e-02
3.849781614360324e-02
3.877084729698441e-02
3.843466583685086e-02
3.851551337704680e-02
3.851493718013341e-02
3.849785199517770e-02
3.876625875277068e-02
3.877133325137765e-02
3.739686636279405e-02
3.740244666860686e-02
3.876742660129259e-02
3.843401882174483e-02
3.843458569625609e-02
3.876974773552141e-02
3.737937280803963e-02
3.610032133789617e-02
3.739488035852549e-02
3.876517742645110e-02
3.740012449109330e-02
3.740497102174770e-02
3.609751383687543e-02
3.608967861348573e-02
3.876983435285215e-02
3.739950505859027e-02
3.877034107565279e-02
3.738261075732410e-02
3.610085972071687e-02
3.609277402315977e-02
3.876370983573232e-02
3.597922949305840e-02
3.609209397825200e-02
3.606271377502738e-02
3.648383619001593e-02
3.876754464370028e-02
3.876999730588022e-02
3.740808610300842e-02
3.877029964505425e-02
3.843503259765874e-02
3.876813887422142e-02
3.876787819294650e-02
3.843473696984343e-02
3.851502449788725e-02
3.851529557024832e-02
3.849786766988755e-02
3.843554320944565e-02
3.843414391130276e-02
3.851546311096594e-02
3.849782201906702e-02
3.851555067439846e-02
3.849782727114544e-02
3.851491059958857e-02
3.849782491530000e-02
3.849781984986135e-02
3.843488095697569e-02
3.843518168054719e-02
3.843402062726085e-02
3.851487271050607e-02
3.849782741958702e-02
3.843474406103358e-02
3.843471422347085e-02
3.851539985905964e-02
3.849782116045335e-02
3.851507478976398e-02
3.851536642490194e-02
3.849786441833185e-02
3.851497935947928e-02
3.849784883331184e-02
3.849783108001695e-02
3.851551090486023e-02
3.849782532688953e-02
3.843477579032747e-02
3.851500092682930e-02
3.849783326474884e-02
3.849781216544258e-02
3.851541968025082e-02
3.849779274413523e-02
3.843482491751680e-02
3.843571521229155e-02
3.851503539729481e-02
3.849779564538461e-02
3.851497086327801e-02
3.849782661313163e-02
3.851491578158101e-02
3.849787199324954e-02
3.843429622647955e-02
3.843544945386154e-02
3.851550310704290e-02
3.851490397985573e-02
3.849788799528157e-02
3.849785108112379e-02
3.843538061374970e-02
3.843450817109725e-02
3.851537533933676e-02
3.849785146608297e-02
3.851501164532577e-02
3.849783152511624e-02
3.849782680033718e-02
3.843517877040675e-02
3.843425071933186e-02
3.851558582363269e-02
3.851547618914219e-02
3.851513670529132e-02
3.849787942591731e-02
3.851494120184253e-02
3.851541212394229e-02
3.849784746183353e-02
3.849782084179489e-02
3.851527388376078e-02
3.851516458217889e-02
3.849781676367642e-02
3.843640602372717e-02
3.843427924452256e-02
3.849783231096539e-02
3.849778777805611e-02
3.851499818751486e-02
3.849780205118353e-02
3.876504621422898e-02
3.843543631660865e-02
3.843506778507543e-02
3.740884665064628e-02
3.851547864392996e-02
3.849781494384080e-02
3.851547950089194e-02
3.849783233922321e-02
3.843515714789048e-02
3.851503935624727e-02
3.593741996005800e-02
3.586144508321192e-02
3.582149500548469e-02
3.605808999749098e-02
3.601689911531627e-02
3.851535891400260e-02
3.851538292133649e-02
3.849781860414299e-02
3.849786451035429e-02
3.851513854053153e-02
3.849786523515022e-02
3.851538490705819e-02
3.843468924986930e-02
3.876791595216285e-02
3.851500969945092e-02
3.849783710473807e-02
3.843516436775340e-02
3.851501295535206e-02
3.843525524131288e-02
3.849783349784061e-02
3.849781378938394e-02
3.851539340310899e-02
3.851547770760536e-02
3.851513870684138e-02
3.851528784157285e-02
3.849783539492648e-02
3.849781935710362e-02
3.849780407357972e-02
3.851542611104770e-02
3.843468745400831e-02
3.851536016013385e-02
3.851500778495964e-02
3.849783786272568e-02
3.849779950903571e-02
3.849780379714599e-02
3.851493608258309e-02
3.851557568180918e-02
3.843439905540323e-02
3.843415422497657e-02
3.876709957586306e-02
3.849786349657214e-02
3.849786206964989e-02
3.843446430205367e-02
3.851551114998513e-02
3.851488919119021e-02
3.843488040982245e-02
3.849780265143893e-02
3.849782030429234e-02
3.849783670343795e-02
3.851503683354598e-02
3.851543077569411e-02
3.843440760512536e-02
3.877001156366466e-02
3.843558153271394e-02
3.849785318044372e-02
3.849783800398707e-02
3.607368128202373e-02
3.591239941660679e-02
3.606771357508963e-02
3.606326988394162e-02
3.581629469108039e-02
3.573967183152275e-02
3.580909087117806e-02
3.603843819056811e-02
3.612997762669624e-02
3.609919663691755e-02
3.650020109385812e-02
3.609951903809515e-02
3.738839056651497e-02
3.740263677641865e-02
3.843602236031454e-02
3.876296617309254e-02
3.876843249252650e-02
3.876773703535300e-02
3.843493544116821e-02
3.851519976955591e-02
3.843466101161010e-02
3.877065758379681e-02
3.849783900294620e-02
3.851547327700765e-02
3.849779797904391e-02
3.843548949997438e-02
3.851551964953075e-02
3.843351455184799e-02
3.849787716812580e-02
3.849786593984760e-02
3.851535228286122e-02
3.843524795278089e-02
3.849783441426304e-02
3.849779613595517e-02
3.851537936683640e-02
3.851545514358832e-02
3.843554527388825e-02
3.851497333318148e-02
3.843484348304605e-02
3.849782720537927e-02
3.849781680884772e-02
3.849781662168013e-02

nxx  1  1102  double
0.000000000000000e+00
0.000000000000000e+00
0.000000000000000e+00
0.000000000000000e+00
0.000000000000000e+00
0.000000000000000e+00
0.000000000000000e+00
0.000000000000000e+00
-0.000000000000000e+00
-0.000000000000000e+00
0.000000000000000e+00
0.000000000000000e+00
0.000000000000000e+00
-0.000000000000000e+00
0.000000000000000e+00
0.000000000000000e+00
0.000000000000000e+00
0.000000000000000e+00
0.000000000000000e+00
0.000000000000000e+00
0.000000000000000e+00
-0.000000000000000e+00
0.000000000000000e+00
0.000000000000000e+00
0.000000000000000e+00
0.000000000000000e+00
-0.000000000000000e+00
0.000000000000000e+00
-0.000000000000000e+00
0.000000000000000e+00
0.000000000000000e+00
0.000000000000000e+00
0.000000000000000e+00
0.000000000000000e+00
0.000000000000000e+00
0.000000000000000e+00
0.000000000000000e+00
0.000000000000000e+00
0.000000000000000e+00
0.000000000000000e+00
0.000000000000000e+00
0.000000000000000e+00
0.000000000000000e+00
0.000000000000000e+00
0.000000000000000e+00
0.000000000000000e+00
0.000000000000000e+00
0.000000000000000e+00
0.000000000000000e+00
0.000000000000000e+00
0.000000000000000e+00
0.000000000000000e+00
0.000000000000000e+00
0.000000000000000e+00
-0.000000000000000e+00
-0.000000000000000e+00
-0.000000000000000e+00
-0.000000000000000e+00
-0.000000000000000e+00
0.000000000000000e+00
0.000000000000000e+00
0.000000000000000e+00
0.000000000000000e+00
0.000000000000000e+00
0.000000000000000e+00
0.000000000000000e+00
-0.000000000000000e+00
-0.000000000000000e+00
0.000000000000000e+00
-0.000000000000000e+00
0.000000000000000e+00
0.000000000000000e+00
0.000000000000000e+00
0.000000000000000e+00
0.000000000000000e+00
0.000000000000000e+00
-0.000000000000000e+00
-0.000000000000000e+00
0.000000000000000e+00
0.000000000000000e+00
-0.000000000000000e+00
0.000000000000000e+00
0.000000000000000e+00
0.000000000000000e+00
-0.000000000000000e+00
-0.000000000000000e+00
0.000000000000000e+00
0.000000000000000e+00
0.000000000000000e+00
0.000000000000000e+00
0.000000000000000e+00
0.000000000000000e+00
0.000000000000000e+00
0.000000000000000e+00
0.000000000000000e+00
0.000000000000000e+00
0.000000000000000e+00
0.000000000000000e+00
0.000000000000000e+00
0.000000000000000e+00
-0.000000000000000e+00
-0.000000000000000e+00
0.000000000000000e+00
0.000000000000000e+00
0.000000000000000e+00
0.000000000000000e+00
0.000000000000000e+00
-0.000000000000000e+00
0.000000000000000e+00
0.000000000000000e+00
-0.000000000000000e+00
0.000000000000000e+00
0.000000000000000e+00
0.000000000000000e+00
0.000000000000000e+00
0.000000000000000e+00
0.000000000000000e+00
0.000000000000000e+00
0.000000000000000e+00
-0.000000000000000e+00
0.000000000000000e+00
0.000000000000000e+00
0.000000000000000e+00
0.000000000000000e+00
0.000000000000000e+00
0.000000000000000e+00
-0.000000000000000e+00
-0.000000000000000e+00
0.000000000000000e+00
-0.000000000000000e+00
-0.000000000000000e+00
0.000000000000000e+00
-0.000000000000000e+00
-0.000000000000000e+00
0.000000000000000e+00
0.000000000000000e+00
-0.000000000000000e+00
-0.000000000000000e+00
-0.000000000000000e+00
-0.000000000000000e+00
0.000000000000000e+00
0.000000000000000e+00
-0.000000000000000e+00
0.000000000000000e+00
0.000000000000000e+00
-0.000000000000000e+00
-0.000000000000000e+00
-0.000000000000000e+00
0.000000000000000e+00
0.000000000000000e+00
0.000000000000000e+00
0.000000000000000e+00
0.000000000000000e+00
0.000000000000000e+00
0.000000000000000e+00
0.000000000000000e+00
-0.000000000000000e+00
0.000000000000000e+00
0.000000000000000e+00
0.000000000000000e+00
0.000000000000000e+00
0.000000000000000e+00
0.000000000000000e+00
0.000000000000000e+00
-0.000000000000000e+00
-0.000000000000000e+00
0.000000000000000e+00
0.000000000000000e+00
0.000000000000000e+00
-0.000000000000000e+00
-0.000000000000000e+00
-0.000000000000000e+00
0.000000000000000e+00
-0.000000000000000e+00
0.000000000000000e+00
0.000000000000000e+00
0.000000000000000e+00
-0.000000000000000e+00
0.000000000000000e+00
-0.000000000000000e+00
-0.000000000000000e+00
0.000000000000000e+00
0.000000000000000e+00
0.000000000000000e+00
0.000000000000000e+00
0.000000000000000e+00
0.000000000000000e+00
0.000000000000000e+00
0.000000000000000e+00
-0.000000000000000e+00
-0.000000000000000e+00
0.000000000000000e+00
-0.000000000000000e+00
0.000000000000000e+00
0.000000000000000e+00
0.000000000000000e+00
0.000000000000000e+00
0.000000000000000e+00
0.000000000000000e+00
0.000000000000000e+00
0.000000000000000e+00
0.000000000000000e+00
0.000000000000000e+00
0.000000000000000e+00
-0.000000000000000e+00
-0.000000000000000e+00
-0.000000000000000e+00
-0.000000000000000e+00
-0.000000000000000e+00
0.000000000000000e+00
0.000000000000000e+00
-0.000000000000000e+00
0.000000000000000e+00
0.000000000000000e+00
-0.000000000000000e+00
-0.000000000000000e+00
-0.000000000000000e+00
0.000000000000000e+00
0.000000000000000e+00
0.000000000000000e+00
0.000000000000000e+00
0.000000000000000e+00
0.000000000000000e+00
0.000000000000000e+00
0.000000000000000e+00
-0.000000000000000e+00
-0.000000000000000e+00
-0.000000000000000e+00
0.000000000000000e+00
0.000000000000000e+00
0.000000000000000e+00
0.000000000000000e+00
0.000000000000000e+00
0.000000000000000e+00
0.000000000000000e+00
0.000000000000000e+00
0.000000000000000e+00
0.000000000000000e+00
-0.000000000000000e+00
-0.000000000000000e+00
-0.000000000000000e+00
0.000000000000000e+00
0.000000000000000e+00
0.000000000000000e+00
0.000000000000000e+00
0.000000000000000e+00
0.000000000000000e+00
0.000000000000000e+00
0.000000000000000e+00
-0.000000000000000e+00
-0.000000000000000e+00
0.000000000000000e+00
-0.000000000000000e+00
0.000000000000000e+00
0.000000000000000e+00
0.000000000000000e+00
-0.000000000000000e+00
-0.000000000000000e+00
0.000000000000000e+00
0.000000000000000e+00
0.000000000000000e+00
0.000000000000000e+00
0.000000000000000e+00
-0.000000000000000e+00
0.000000000000000e+00
0.000000000000000e+00
0.000000000000000e+00
0.000000000000000e+00
0.000000000000000e+00
0.000000000000000e+00
0.000000000000000e+00
0.000000000000000e+00
0.000000000000000e+00
0.000000000000000e+00
0.000000000000000e+00
0.000000000000000e+00
0.000000000000000e+00
0.000000000000000e+00
0.000000000000000e+00
0.000000000000000e+00
0.000000000000000e+00
0.000000000000000e+00
-0.000000000000000e+00
-0.000000000000000e+00
-0.000000000000000e+00
-0.000000000000000e+00
-0.000000000000000e+00
-0.000000000000000e+00
0.000000000000000e+00
0.000000000000000e+00
-0.000000000000000e+00
-0.000000000000000e+00
0.000000000000000e+00
0.000000000000000e+00
0.000000000000000e+00
0.000000000000000e+00
0.000000000000000e+00
-0.000000000000000e+00
-0.000000000000000e+00
0.000000000000000e+00
-0.000000000000000e+00
-0.000000000000000e+00
-0.000000000000000e+00
-0.000000000000000e+00
0.000000000000000e+00
0.000000000000000e+00
0.000000000000000e+00
0.000000000000000e+00
0.000000000000000e+00
0.000000000000000e+00
0.000000000000000e+00
0.000000000000000e+00
0.000000000000000e+00
0.000000000000000e+00
0.000000000000000e+00
0.000000000000000e+00
0.000000000000000e+00
0.000000000000000e+00
0.000000000000000e+00
-0.000000000000000e+00
0.000000000000000e+00
0.000000000000000e+00
-0.000000000000000e+00
0.000000000000000e+00
-0.000000000000000e+00
-0.000000000000000e+00
-0.000000000000000e+00
-0.000000000000000e+00
0.000000000000000e+00
-0.000000000000000e+00
0.000000000000000e+00
-0.000000000000000e+00
-0.000000000000000e+00
0.000000000000000e+00
0.000000000000000e+00
0.000000000000000e+00
0.000000000000000e+00
0.000000000000000e+00
-0.000000000000000e+00
-0.000000000000000e+00
0.000000000000000e+00
0.000000000000000e+00
0.000000000000000e+00
0.000000000000000e+00
0.000000000000000e+00
0.000000000000000e+00
0.000000000000000e+00
-0.000000000000000e+00
-0.000000000000000e+00
-0.000000000000000e+00
-0.000000000000000e+00
0.000000000000000e+00
0.000000000000000e+00
0.000000000000000e+00
0.000000000000000e+00
-0.000000000000000e+00
0.000000000000000e+00
0.000000000000000e+00
0.000000000000000e+00
0.000000000000000e+00
0.000000000000000e+00
0.000000000000000e+00
0.000000000000000e+00
0.000000000000000e+00
0.000000000000000e+00
-0.000000000000000e+00
-0.000000000000000e+00
0.000000000000000e+00
0.000000000000000e+00
0.000000000000000e+00
0.000000000000000e+00
0.000000000000000e+00
0.000000000000000e+00
0.000000000000000e+00
0.000000000000000e+00
0.000000000000000e+00
0.000000000000000e+00
0.000000000000000e+00
0.000000000000000e+00
0.000000000000000e+00
0.000000000000000e+00
-0.000000000000000e+00
0.000000000000000e+00
0.000000000000000e+00
0.000000000000000e+00
-0.000000000000000e+00
-0.000000000000000e+00
-0.000000000000000e+00
0.000000000000000e+00
0.000000000000000e+00
-0.000000000000000e+00
-0.000000000000000e+00
0.000000000000000e+00
-0.000000000000000e+00
-0.000000000000000e+00
0.000000000000000e+00
0.000000000000000e+00
0.000000000000000e+00
0.000000000000000e+00
0.000000000000000e+00
0.000000000000000e+00
0.000000000000000e+00
0.000000000000000e+00
0.000000000000000e+00
0.000000000000000e+00
0.000000000000000e+00
0.000000000000000e+00
0.000000000000000e+00
0.000000000000000e+00
0.000000000000000e+00
0.000000000000000e+00
0.000000000000000e+00
0.000000000000000e+00
0.000000000000000e+00
0.000000000000000e+00
-0.000000000000000e+00
-0.000000000000000e+00
-0.000000000000000e+00
-0.000000000000000e+00
0.000000000000000e+00
-0.000000000000000e+00
0.000000000000000e+00
0.000000000000000e+00
0.000000000000000e+00
0.000000000000000e+00
0.000000000000000e+00
0.000000000000000e+00
0.000000000000000e+00
0.000000000000000e+00
0.000000000000000e+00
0.000000000000000e+00
0.000000000000000e+00
0.000000000000000e+00
0.000000000000000e+00
0.000000000000000e+00
0.000000000000000e+00
0.000000000000000e+00
-0.000000000000000e+00
0.000000000000000e+00
-0.000000000000000e+00
-0.000000000000000e+00
-0.000000000000000e+00
-0.000000000000000e+00
0.000000000000000e+00
0.000000000000000e+00
0.000000000000000e+00
0.000000000000000e+00
0.000000000000000e+00
0.000000000000000e+00
0.000000000000000e+00
0.000000000000000e+00
0.000000000000000e+00
0.000000000000000e+00
0.000000000000000e+00
-0.000000000000000e+00
0.000000000000000e+00
0.000000000000000e+00
-0.000000000000000e+00
0.000000000000000e+00
0.000000000000000e+00
0.000000000000000e+00
0.000000000000000e+00
0.000000000000000e+00
0.000000000000000e+00
0.000000000000000e+00
0.000000000000000e+00
0.000000000000000e+00
0.000000000000000e+00
0.000000000000000e+00
0.000000000000000e+00
0.000000000000000e+00
0.000000000000000e+00
0.000000000000000e+00
0.000000000000000e+00
-0.000000000000000e+00
-0.000000000000000e+00
-0.000000000000000e+00
0.000000000000000e+00
0.000000000000000e+00
0.000000000000000e+00
0.000000000000000e+00
0.000000000000000e+00
0.000000000000000e+00
0.000000000000000e+00
0.000000000000000e+00
0.000000000000000e+00
0.000000000000000e+00
-0.000000000000000e+00
-0.000000000000000e+00
0.000000000000000e+00
0.000000000000000e+00
-0.000000000000000e+00
0.000000000000000e+00
-0.000000000000000e+00
-0.000000000000000e+00
-0.000000000000000e+00
-0.000000000000000e+00
0.000000000000000e+00
0.000000000000000e+00
0.000000000000000e+00
0.000000000000000e+00
-0.000000000000000e+00
0.000000000000000e+00
0.000000000000000e+00
0.000000000000000e+00
0.000000000000000e+00
-0.000000000000000e+00
0.000000000000000e+00
-0.000000000000000e+00
0.000000000000000e+00
0.000000000000000e+00
0.000000000000000e+00
0.000000000000000e+00
0.000000000000000e+00
-0.000000000000000e+00
0.000000000000000e+00
0.000000000000000e+00
0.000000000000000e+00
0.000000000000000e+00
0.000000000000000e+00
0.000000000000000e+00
0.000000000000000e+00
-0.000000000000000e+00
-0.000000000000000e+00
-0.000000000000000e+00
-0.000000000000000e+00
0.000000000000000e+00
-0.000000000000000e+00
0.000000000000000e+00
0.000000000000000e+00
0.000000000000000e+00
-0.000000000000000e+00
-0.000000000000000e+00
0.000000000000000e+00
0.000000000000000e+00
0.000000000000000e+00
0.000000000000000e+00
0.000000000000000e+00
0.000000000000000e+00
0.000000000000000e+00
0.000000000000000e+00
-0.000000000000000e+00
-0.000000000000000e+00
0.000000000000000e+00
-0.000000000000000e+00
0.000000000000000e+00
0.000000000000000e+00
0.000000000000000e+00
-0.000000000000000e+00
0.000000000000000e+00
-0.000000000000000e+00
-0.000000000000000e+00
-0.000000000000000e+00
0.000000000000000e+00
-0.000000000000000e+00
-0.000000000000000e+00
0.000000000000000e+00
0.000000000000000e+00
0.000000000000000e+00
0.000000000000000e+00
0.000000000000000e+00
-0.000000000000000e+00
0.000000000000000e+00
0.000000000000000e+00
0.000000000000000e+00
0.000000000000000e+00
-0.000000000000000e+00
0.000000000000000e+00
0.000000000000000e+00
0.000000000000000e+00
0.000000000000000e+00
0.000000000000000e+00
-0.000000000000000e+00
0.000000000000000e+00
-0.000000000000000e+00
0.000000000000000e+00
-0.000000000000000e+00
-0.000000000000000e+00
0.000000000000000e+00
0.000000000000000e+00
-0.000000000000000e+00
0.000000000000000e+00
-0.000000000000000e+00
0.000000000000000e+00
0.000000000000000e+00
-0.000000000000000e+00
0.000000000000000e+00
0.000000000000000e+00
0.000000000000000e+00
0.000000000000000e+00
0.000000000000000e+00
0.000000000000000e+00
0.000000000000000e+00
0.000000000000000e+00
0.000000000000000e+00
0.000000000000000e+00
0.000000000000000e+00
0.000000000000000e+00
0.000000000000000e+00
0.000000000000000e+00
0.000000000000000e+00
-0.000000000000000e+00
0.000000000000000e+00
0.000000000000000e+00
0.000000000000000e+00
0.000000000000000e+00
-0.000000000000000e+00
-0.000000000000000e+00
-0.000000000000000e+00
0.000000000000000e+00
0.000000000000000e+00
0.000000000000000e+00
0.000000000000000e+00
0.000000000000000e+00
0.000000000000000e+00
-0.000000000000000e+00
-0.000000000000000e+00
-0.000000000000000e+00
0.000000000000000e+00
0.000000000000000e+00
0.000000000000000e+00
0.000000000000000e+00
0.000000000000000e+00
0.000000000000000e+00
-0.000000000000000e+00
0.000000000000000e+00
0.000000000000000e+00
0.000000000000000e+00
0.000000000000000e+00
-0.000000000000000e+00
-0.000000000000000e+00
0.000000000000000e+00
0.000000000000000e+00
-0.000000000000000e+00
-0.000000000000000e+00
-0.000000000000000e+00
-0.000000000000000e+00
0.000000000000000e+00
0.000000000000000e+00
0.000000000000000e+00
-0.000000000000000e+00
-0.000000000000000e+00
0.000000000000000e+00
-0.000000000000000e+00
0.000000000000000e+00
-0.000000000000000e+00
0.000000000000000e+00
-0.000000000000000e+00
0.000000000000000e+00
0.000000000000000e+00
-0.000000000000000e+00
0.000000000000000e+00
0.000000000000000e+00
-0.000000000000000e+00
-0.000000000000000e+00
-0.000000000000000e+00
0.000000000000000e+00
0.000000000000000e+00
-0.000000000000000e+00
-0.000000000000000e+00
0.000000000000000e+00
0.000000000000000e+00
0.000000000000000e+00
0.000000000000000e+00
0.000000000000000e+00
0.000000000000000e+00
0.000000000000000e+00
-0.000000000000000e+00
0.000000000000000e+00
0.000000000000000e+00
0.000000000000000e+00
0.000000000000000e+00
0.000000000000000e+00
-0.000000000000000e+00
0.000000000000000e+00
-0.000000000000000e+00
-0.000000000000000e+00
0.000000000000000e+00
0.000000000000000e+00
0.000000000000000e+00
-0.000000000000000e+00
-0.000000000000000e+00
-0.000000000000000e+00
0.000000000000000e+00
0.000000000000000e+00
0.000000000000000e+00
0.000000000000000e+00
0.000000000000000e+00
-0.000000000000000e+00
-0.000000000000000e+00
0.000000000000000e+00
-0.000000000000000e+00
-0.000000000000000e+00
0.000000000000000e+00
0.000000000000000e+00
0.000000000000000e+00
0.000000000000000e+00
0.000000000000000e+00
0.000000000000000e+00
0.000000000000000e+00
0.000000000000000e+00
0.000000000000000e+00
-0.000000000000000e+00
0.000000000000000e+00
-0.000000000000000e+00
0.000000000000000e+00
0.000000000000000e+00
-0.000000000000000e+00
0.000000000000000e+00
0.000000000000000e+00
0.000000000000000e+00
0.000000000000000e+00
-0.000000000000000e+00
0.000000000000000e+00
-0.000000000000000e+00
0.000000000000000e+00
0.000000000000000e+00
0.000000000000000e+00
0.000000000000000e+00
-0.000000000000000e+00
0.000000000000000e+00
-0.000000000000000e+00
0.000000000000000e+00
0.000000000000000e+00
0.000000000000000e+00
0.000000000000000e+00
0.000000000000000e+00
0.000000000000000e+00
0.000000000000000e+00
-0.000000000000000e+00
-0.000000000000000e+00
-0.000000000000000e+00
0.000000000000000e+00
0.000000000000000e+00
-0.000000000000000e+00
0.000000000000000e+00
0.000000000000000e+00
0.000000000000000e+00
0.000000000000000e+00
0.000000000000000e+00
0.000000000000000e+00
0.000000000000000e+00
-0.000000000000000e+00
0.000000000000000e+00
0.000000000000000e+00
0.000000000000000e+00
-0.000000000000000e+00
-0.000000000000000e+00
0.000000000000000e+00
0.000000000000000e+00
0.000000000000000e+00
0.000000000000000e+00
0.000000000000000e+00
0.000000000000000e+00
0.000000000000000e+00
0.000000000000000e+00
0.000000000000000e+00
-0.000000000000000e+00
-0.000000000000000e+00
0.000000000000000e+00
0.000000000000000e+00
-0.000000000000000e+00
-0.000000000000000e+00
-0.000000000000000e+00
0.000000000000000e+00
0.000000000000000e+00
-0.000000000000000e+00
0.000000000000000e+00
0.000000000000000e+00
0.000000000000000e+00
0.000000000000000e+00
-0.000000000000000e+00
-0.000000000000000e+00
0.000000000000000e+00
0.000000000000000e+00
0.000000000000000e+00
0.000000000000000e+00
-0.000000000000000e+00
0.000000000000000e+00
0.000000000000000e+00
0.000000000000000e+00
0.000000000000000e+00
0.000000000000000e+00
0.000000000000000e+00
0.000000000000000e+00
0.000000000000000e+00
0.000000000000000e+00
0.000000000000000e+00
0.000000000000000e+00
0.000000000000000e+00
0.000000000000000e+00
0.000000000000000e+00
0.000000000000000e+00
0.000000000000000e+00
0.000000000000000e+00
0.000000000000000e+00
0.000000000000000e+00
0.000000000000000e+00
-0.000000000000000e+00
-0.000000000000000e+00
-0.000000000000000e+00
-0.000000000000000e+00
-0.000000000000000e+00
-0.000000000000000e+00
-0.000000000000000e+00
-0.000000000000000e+00
-0.000000000000000e+00
-0.000000000000000e+00
0.000000000000000e+00
0.000000000000000e+00
-0.000000000000000e+00
-0.000000000000000e+00
0.000000000000000e+00
0.000000000000000e+00
0.000000000000000e+00
0.000000000000000e+00
0.000000000000000e+00
0.000000000000000e+00
0.000000000000000e+00
0.000000000000000e+00
0.000000000000000e+00
0.000000000000000e+00
0.000000000000000e+00
0.000000000000000e+00
0.000000000000000e+00
0.000000000000000e+00
0.000000000000000e+00
0.000000000000000e+00
0.000000000000000e+00
0.000000000000000e+00
0.000000000000000e+00
0.000000000000000e+00
0.000000000000000e+00
0.000000000000000e+00
0.000000000000000e+00
0.000000000000000e+00
-0.000000000000000e+00
-0.000000000000000e+00
0.000000000000000e+00
0.000000000000000e+00
0.000000000000000e+00
0.000000000000000e+00
0.000000000000000e+00
0.000000000000000e+00
0.000000000000000e+00
0.000000000000000e+00
-0.000000000000000e+00
0.000000000000000e+00
0.000000000000000e+00
0.000000000000000e+00
-0.000000000000000e+00
0.000000000000000e+00
-0.000000000000000e+00
-0.000000000000000e+00
0.000000000000000e+00
0.000000000000000e+00
0.000000000000000e+00
0.000000000000000e+00
0.000000000000000e+00
0.000000000000000e+00
0.000000000000000e+00
0.000000000000000e+00
0.000000000000000e+00
0.000000000000000e+00
0.000000000000000e+00
-0.000000000000000e+00
0.000000000000000e+00
-0.000000000000000e+00
-0.000000000000000e+00
0.000000000000000e+00
-0.000000000000000e+00
0.000000000000000e+00
-0.000000000000000e+00
0.000000000000000e+00
0.000000000000000e+00
0.000000000000000e+00
0.000000000000000e+00
0.000000000000000e+00
0.000000000000000e+00
0.000000000000000e+00
0.000000000000000e+00
-0.000000000000000e+00
-0.000000000000000e+00
0.000000000000000e+00
0.000000000000000e+00
0.000000000000000e+00
0.000000000000000e+00
-0.000000000000000e+00
-0.000000000000000e+00
0.000000000000000e+00
0.000000000000000e+00
0.000000000000000e+00
0.000000000000000e+00
0.000000000000000e+00
0.000000000000000e+00
-0.000000000000000e+00
0.000000000000000e+00
0.000000000000000e+00
0.000000000000000e+00
0.000000000000000e+00
0.000000000000000e+00
0.000000000000000e+00
0.000000000000000e+00
0.000000000000000e+00
-0.000000000000000e+00
0.000000000000000e+00
0.000000000000000e+00
0.000000000000000e+00
0.000000000000000e+00
-0.000000000000000e+00
0.000000000000000e+00
0.000000000000000e+00
0.000000000000000e+00
0.000000000000000e+00
0.000000000000000e+00
0.000000000000000e+00
0.000000000000000e+00
-0.000000000000000e+00
-0.000000000000000e+00
0.000000000000000e+00
0.000000000000000e+00
0.000000000000000e+00
0.000000000000000e+00
0.000000000000000e+00
0.000000000000000e+00
0.000000000000000e+00
0.000000000000000e+00
0.000000000000000e+00
0.000000000000000e+00
0.000000000000000e+00
0.000000000000000e+00
0.000000000000000e+00
0.000000000000000e+00
0.000000000000000e+00
0.000000000000000e+00
0.000000000000000e+00
0.000000000000000e+00
0.000000000000000e+00
0.000000000000000e+00
0.000000000000000e+00
-0.000000000000000e+00
-0.000000000000000e+00
-0.000000000000000e+00
-0.000000000000000e+00
-0.000000000000000e+00
-0.000000000000000e+00
0.000000000000000e+00
0.000000000000000e+00
0.000000000000000e+00
0.000000000000000e+00
0.000000000000000e+00
0.000000000000000e+00
0.000000000000000e+00
0.000000000000000e+00
-0.000000000000000e+00
-0.000000000000000e+00
0.000000000000000e+00
0.000000000000000e+00
0.000000000000000e+00
0.000000000000000e+00
0.000000000000000e+00
0.000000000000000e+00
0.000000000000000e+00
0.000000000000000e+00
0.000000000000000e+00
0.000000000000000e+00
0.000000000000000e+00
0.000000000000000e+00
0.000000000000000e+00
0.000000000000000e+00
-0.000000000000000e+00
0.000000000000000e+00
0.000000000000000e+00
0.000000000000000e+00
0.000000000000000e+00
0.000000000000000e+00
0.000000000000000e+00
0.000000000000000e+00
0.000000000000000e+00
0.000000000000000e+00
0.000000000000000e+00
-0.000000000000000e+00
-0.000000000000000e+00
0.000000000000000e+00
-0.000000000000000e+00
0.000000000000000e+00
0.000000000000000e+00
0.000000000000000e+00
0.000000000000000e+00
0.000000000000000e+00
0.000000000000000e+00
0.000000000000000e+00
0.000000000000000e+00
0.000000000000000e+00
0.000000000000000e+00
-0.000000000000000e+00
0.000000000000000e+00
0.000000000000000e+00
-0.000000000000000e+00
-0.000000000000000e+00
-0.000000000000000e+00
-0.000000000000000e+00
-0.000000000000000e+00
0.000000000000000e+00
0.000000000000000e+00
0.000000000000000e+00
0.000000000000000e+00
0.000000000000000e+00
0.000000000000000e+00
-0.000000000000000e+00
-0.000000000000000e+00
-0.000000000000000e+00
0.000000000000000e+00
0.000000000000000e+00
-0.000000000000000e+00
0.000000000000000e+00
0.000000000000000e+00
-0.000000000000000e+00
0.000000000000000e+00
0.000000000000000e+00
-0.000000000000000e+00
-0.000000000000000e+00
0.000000000000000e+00
-0.000000000000000e+00
-0.000000000000000e+00
-0.000000000000000e+00
0.000000000000000e+00
0.000000000000000e+00
0.000000000000000e+00
0.000000000000000e+00
0.000000000000000e+00
0.000000000000000e+00
-0.000000000000000e+00
-0.000000000000000e+00
0.000000000000000e+00
0.000000000000000e+00
0.000000000000000e+00
0.000000000000000e+00
0.000000000000000e+00
-0.000000000000000e+00
-0.000000000000000e+00
-0.000000000000000e+00
0.000000000000000e+00
0.000000000000000e+00
0.000000000000000e+00
0.000000000000000e+00
-0.000000000000000e+00
-0.000000000000000e+00
-0.000000000000000e+00
0.000000000000000e+00
0.000000000000000e+00
0.000000000000000e+00
0.000000000000000e+00
0.000000000000000e+00
0.000000000000000e+00
0.000000000000000e+00
-0.000000000000000e+00
0.000000000000000e+00
-0.000000000000000e+00
-0.000000000000000e+00
0.000000000000000e+00
0.000000000000000e+00
0.000000000000000e+00
0.000000000000000e+00
0.000000000000000e+00
0.000000000000000e+00
0.000000000000000e+00
0.000000000000000e+00
0.000000000000000e+00
-0.000000000000000e+00
-0.000000000000000e+00
0.000000000000000e+00
0.000000000000000e+00
-0.000000000000000e+00
0.000000000000000e+00
0.000000000000000e+00
0.000000000000000e+00
0.000000000000000e+00
-0.000000000000000e+00
-0.000000000000000e+00
-0.000000000000000e+00
0.000000000000000e+00
0.000000000000000e+00
-0.000000000000000e+00
0.000000000000000e+00
0.000000000000000e+00
0.000000000000000e+00
0.000000000000000e+00
0.000000000000000e+00
0.000000000000000e+00
0.000000000000000e+00
0.000000000000000e+00
-0.000000000000000e+00
0.000000000000000e+00
0.000000000000000e+00
-0.000000000000000e+00
-0.000000000000000e+00
0.000000000000000e+00
0.000000000000000e+00
0.000000000000000e+00
0.000000000000000e+00
0.000000000000000e+00

nyy  1  1102  double
-0.000000000000000e+00
-0.000000000000000e+00
-0.000000000000000e+00
-0.000000000000000e+00
-0.000000000000000e+00
-0.000000000000000e+00
0.000000000000000e+00
0.000000000000000e+00
0.000000000000000e+00
0.000000000000000e+00
0.000000000000000e+00
0.000000000000000e+00
0.000000000000000e+00
0.000000000000000e+00
-0.000000000000000e+00
-0.000000000000000e+00
0.000000000000000e+00
0.000000000000000e+00
0.000000000000000e+00
-0.000000000000000e+00
0.000000000000000e+00
0.000000000000000e+00
0.000000000000000e+00
-0.000000000000000e+00
-0.000000000000000e+00
0.000000000000000e+00
0.000000000000000e+00
0.000000000000000e+00
0.000000000000000e+00
0.000000000000000e+00
0.000000000000000e+00
0.000000000000000e+00
-0.000000000000000e+00
0.000000000000000e+00
-0.000000000000000e+00
-0.000000000000000e+00
0.000000000000000e+00
0.000000000000000e+00
-0.000000000000000e+00
-0.000000000000000e+00
-0.000000000000000e+00
0.000000000000000e+00
0.000000000000000e+00
0.000000000000000e+00
0.000000000000000e+00
0.000000000000000e+00
0.000000000000000e+00
0.000000000000000e+00
0.000000000000000e+00
-0.000000000000000e+00
-0.000000000000000e+00
-0.000000000000000e+00
0.000000000000000e+00
0.000000000000000e+00
0.000000000000000e+00
0.000000000000000e+00
0.000000000000000e+00
0.000000000000000e+00
0.000000000000000e+00
-0.000000000000000e+00
0.000000000000000e+00
0.000000000000000e+00
0.000000000000000e+00
0.000000000000000e+00
0.000000000000000e+00
0.000000000000000e+00
0.000000000000000e+00
0.000000000000000e+00
0.000000000000000e+00
0.000000000000000e+00
0.000000000000000e+00
0.000000000000000e+00
0.000000000000000e+00
0.000000000000000e+00
0.000000000000000e+00
-0.000000000000000e+00
0.000000000000000e+00
0.000000000000000e+00
0.000000000000000e+00
0.000000000000000e+00
0.000000000000000e+00
0.000000000000000e+00
0.000000000000000e+00
0.000000000000000e+00
0.000000000000000e+00
0.000000000000000e+00
0.000000000000000e+00
0.000000000000000e+00
0.000000000000000e+00
-0.000000000000000e+00
0.000000000000000e+00
0.000000000000000e+00
0.000000000000000e+00
0.000000000000000e+00
-0.000000000000000e+00
-0.000000000000000e+00
0.000000000000000e+00
-0.000000000000000e+00
-0.000000000000000e+00
0.000000000000000e+00
0.000000000000000e+00
0.000000000000000e+00
0.000000000000000e+00
0.000000000000000e+00
0.000000000000000e+00
0.000000000000000e+00
0.000000000000000e+00
0.000000000000000e+00
0.000000000000000e+00
0.000000000000000e+00
0.000000000000000e+00
-0.000000000000000e+00
0.000000000000000e+00
0.000000000000000e+00
0.000000000000000e+00
-0.000000000000000e+00
0.000000000000000e+00
0.000000000000000e+00
0.000000000000000e+00
0.000000000000000e+00
-0.000000000000000e+00
-0.000000000000000e+00
0.000000000000000e+00
0.000000000000000e+00
0.000000000000000e+00
0.000000000000000e+00
0.000000000000000e+00
0.000000000000000e+00
0.000000000000000e+00
0.000000000000000e+00
0.000000000000000e+00
-0.000000000000000e+00
0.000000000000000e+00
0.000000000000000e+00
-0.000000000000000e+00
-0.000000000000000e+00
0.000000000000000e+00
0.000000000000000e+00
0.000000000000000e+00
0.000000000000000e+00
-0.000000000000000e+00
0.000000000000000e+00
0.000000000000000e+00
0.000000000000000e+00
0.000000000000000e+00
0.000000000000000e+00
0.000000000000000e+00
0.000000000000000e+00
0.000000000000000e+00
0.000000000000000e+00
0.000000000000000e+00
0.000000000000000e+00
0.000000000000000e+00
-0.000000000000000e+00
-0.000000000000000e+00
-0.000000000000000e+00
0.000000000000000e+00
0.000000000000000e+00
0.000000000000000e+00
0.000000000000000e+00
-0.000000000000000e+00
0.000000000000000e+00
0.000000000000000e+00
0.000000000000000e+00
0.000000000000000e+00
0.000000000000000e+00
0.000000000000000e+00
0.000000000000000e+00
0.000000000000000e+00
0.000000000000000e+00
0.000000000000000e+00
0.000000000000000e+00
-0.000000000000000e+00
0.000000000000000e+00
0.000000000000000e+00
0.000000000000000e+00
0.000000000000000e+00
0.000000000000000e+00
0.000000000000000e+00
0.000000000000000e+00
0.000000000000000e+00
0.000000000000000e+00
0.000000000000000e+00
0.000000000000000e+00
0.000000000000000e+00
0.000000000000000e+00
0.000000000000000e+00
0.000000000000000e+00
0.000000000000000e+00
0.000000000000000e+00
0.000000000000000e+00
0.000000000000000e+00
0.000000000000000e+00
0.000000000000000e+00
0.000000000000000e+00
-0.000000000000000e+00
0.000000000000000e+00
0.000000000000000e+00
0.000000000000000e+00
0.000000000000000e+00
0.000000000000000e+00
0.000000000000000e+00
0.000000000000000e+00
0.000000000000000e+00
0.000000000000000e+00
0.000000000000000e+00
0.000000000000000e+00
0.000000000000000e+00
0.000000000000000e+00
0.000000000000000e+00
0.000000000000000e+00
0.000000000000000e+00
0.000000000000000e+00
0.000000000000000e+00
0.000000000000000e+00
0.000000000000000e+00
0.000000000000000e+00
-0.000000000000000e+00
-0.000000000000000e+00
0.000000000000000e+00
0.000000000000000e+00
0.000000000000000e+00
0.000000000000000e+00
0.000000000000000e+00
0.000000000000000e+00
0.000000000000000e+00
0.000000000000000e+00
0.000000000000000e+00
-0.000000000000000e+00
-0.000000000000000e+00
-0.000000000000000e+00
0.000000000000000e+00
0.000000000000000e+00
0.000000000000000e+00
0.000000000000000e+00
-0.000000000000000e+00
0.000000000000000e+00
0.000000000000000e+00
0.000000000000000e+00
0.000000000000000e+00
0.000000000000000e+00
-0.000000000000000e+00
0.000000000000000e+00
0.000000000000000e+00
0.000000000000000e+00
-0.000000000000000e+00
-0.000000000000000e+00
-0.000000000000000e+00
-0.000000000000000e+00
0.000000000000000e+00
0.000000000000000e+00
0.000000000000000e+00
0.000000000000000e+00
0.000000000000000e+00
0.000000000000000e+00
0.000000000000000e+00
0.000000000000000e+00
0.000000000000000e+00
0.000000000000000e+00
-0.000000000000000e+00
-0.000000000000000e+00
0.000000000000000e+00
0.000000000000000e+00
0.000000000000000e+00
0.000000000000000e+00
0.000000000000000e+00
0.000000000000000e+00
0.000000000000000e+00
0.000000000000000e+00
0.000000000000000e+00
0.000000000000000e+00
0.000000000000000e+00
0.000000000000000e+00
0.000000000000000e+00
0.000000000000000e+00
-0.000000000000000e+00
0.000000000000000e+00
0.000000000000000e+00
-0.000000000000000e+00
0.000000000000000e+00
0.000000000000000e+00
-0.000000000000000e+00
0.000000000000000e+00
0.000000000000000e+00
0.000000000000000e+00
0.000000000000000e+00
0.000000000000000e+00
0.000000000000000e+00
-0.000000000000000e+00
-0.000000000000000e+00
0.000000000000000e+00
0.000000000000000e+00
0.000000000000000e+00
0.000000000000000e+00
0.000000000000000e+00
0.000000000000000e+00
0.000000000000000e+00
0.000000000000000e+00
0.000000000000000e+00
0.000000000000000e+00
0.000000000000000e+00
0.000000000000000e+00
0.000000000000000e+00
0.000000000000000e+00
0.000000000000000e+00
0.000000000000000e+00
0.000000000000000e+00
0.000000000000000e+00
0.000000000000000e+00
0.000000000000000e+00
-0.000000000000000e+00
-0.000000000000000e+00
0.000000000000000e+00
0.000000000000000e+00
0.000000000000000e+00
0.000000000000000e+00
0.000000000000000e+00
0.000000000000000e+00
0.000000000000000e+00
0.000000000000000e+00
-0.000000000000000e+00
0.000000000000000e+00
0.000000000000000e+00
0.000000000000000e+00
0.000000000000000e+00
0.000000000000000e+00
0.000000000000000e+00
0.000000000000000e+00
-0.000000000000000e+00
0.000000000000000e+00
0.000000000000000e+00
0.000000000000000e+00
0.000000000000000e+00
-0.000000000000000e+00
0.000000000000000e+00
-0.000000000000000e+00
-0.000000000000000e+00
-0.000000000000000e+00
0.000000000000000e+00
0.000000000000000e+00
-0.000000000000000e+00
-0.000000000000000e+00
-0.000000000000000e+00
0.000000000000000e+00
0.000000000000000e+00
0.000000000000000e+00
0.000000000000000e+00
0.000000000000000e+00
0.000000000000000e+00
0.000000000000000e+00
0.000000000000000e+00
0.000000000000000e+00
0.000000000000000e+00
0.000000000000000e+00
0.000000000000000e+00
0.000000000000000e+00
0.000000000000000e+00
0.000000000000000e+00
0.000000000000000e+00
0.000000000000000e+00
0.000000000000000e+00
0.000000000000000e+00
0.000000000000000e+00
0.000000000000000e+00
0.000000000000000e+00
0.000000000000000e+00
0.000000000000000e+00
0.000000000000000e+00
0.000000000000000e+00
0.000000000000000e+00
-0.000000000000000e+00
0.000000000000000e+00
0.000000000000000e+00
0.000000000000000e+00
0.000000000000000e+00
0.000000000000000e+00
0.000000000000000e+00
0.000000000000000e+00
0.000000000000000e+00
0.000000000000000e+00
0.000000000000000e+00
0.000000000000000e+00
0.000000000000000e+00
-0.000000000000000e+00
-0.000000000000000e+00
0.000000000000000e+00
0.000000000000000e+00
0.000000000000000e+00
0.000000000000000e+00
-0.000000000000000e+00
0.000000000000000e+00
0.000000000000000e+00
0.000000000000000e+00
0.000000000000000e+00
0.000000000000000e+00
0.000000000000000e+00
0.000000000000000e+00
0.000000000000000e+00
0.000000000000000e+00
0.000000000000000e+00
0.000000000000000e+00
-0.000000000000000e+00
0.000000000000000e+00
0.000000000000000e+00
0.000000000000000e+00
0.000000000000000e+00
0.000000000000000e+00
0.000000000000000e+00
0.000000000000000e+00
0.000000000000000e+00
0.000000000000000e+00
0.000000000000000e+00
0.000000000000000e+00
0.000000000000000e+00
0.000000000000000e+00
0.000000000000000e+00
0.000000000000000e+00
0.000000000000000e+00
0.000000000000000e+00
0.000000000000000e+00
0.000000000000000e+00
0.000000000000000e+00
0.000000000000000e+00
0.000000000000000e+00
0.000000000000000e+00
0.000000000000000e+00
0.000000000000000e+00
0.000000000000000e+00
-0.000000000000000e+00
0.000000000000000e+00
0.000000000000000e+00
0.000000000000000e+00
0.000000000000000e+00
0.000000000000000e+00
0.000000000000000e+00
0.000000000000000e+00
0.000000000000000e+00
0.000000000000000e+00
0.000000000000000e+00
0.000000000000000e+00
0.000000000000000e+00
0.000000000000000e+00
0.000000000000000e+00
-0.000000000000000e+00
-0.000000000000000e+00
-0.000000000000000e+00
0.000000000000000e+00
0.000000000000000e+00
0.000000000000000e+00
0.000000000000000e+00
0.000000000000000e+00
0.000000000000000e+00
0.000000000000000e+00
0.000000000000000e+00
0.000000000000000e+00
0.000000000000000e+00
0.000000000000000e+00
0.000000000000000e+00
0.000000000000000e+00
0.000000000000000e+00
0.000000000000000e+00
0.000000000000000e+00
0.000000000000000e+00
0.000000000000000e+00
-0.000000000000000e+00
-0.000000000000000e+00
-0.000000000000000e+00
-0.000000000000000e+00
0.000000000000000e+00
-0.000000000000000e+00
-0.000000000000000e+00
0.000000000000000e+00
-0.000000000000000e+00
-0.000000000000000e+00
0.000000000000000e+00
0.000000000000000e+00
0.000000000000000e+00
0.000000000000000e+00
0.000000000000000e+00
0.000000000000000e+00
-0.000000000000000e+00
-0.000000000000000e+00
-0.000000000000000e+00
-0.000000000000000e+00
-0.000000000000000e+00
0.000000000000000e+00
0.000000000000000e+00
0.000000000000000e+00
0.000000000000000e+00
-0.000000000000000e+00
-0.000000000000000e+00
0.000000000000000e+00
0.000000000000000e+00
0.000000000000000e+00
0.000000000000000e+00
0.000000000000000e+00
0.000000000000000e+00
-0.000000000000000e+00
0.000000000000000e+00
0.000000000000000e+00
0.000000000000000e+00
0.000000000000000e+00
0.000000000000000e+00
0.000000000000000e+00
-0.000000000000000e+00
-0.000000000000000e+00
0.000000000000000e+00
0.000000000000000e+00
0.000000000000000e+00
0.000000000000000e+00
-0.000000000000000e+00
-0.000000000000000e+00
-0.000000000000000e+00
0.000000000000000e+00
0.000000000000000e+00
0.000000000000000e+00
-0.000000000000000e+00
0.000000000000000e+00
-0.000000000000000e+00
-0.000000000000000e+00
-0.000000000000000e+00
0.000000000000000e+00
0.000000000000000e+00
0.000000000000000e+00
0.000000000000000e+00
0.000000000000000e+00
0.000000000000000e+00
0.000000000000000e+00
-0.000000000000000e+00
0.000000000000000e+00
0.000000000000000e+00
0.000000000000000e+00
0.000000000000000e+00
0.000000000000000e+00
0.000000000000000e+00
-0.000000000000000e+00
0.000000000000000e+00
0.000000000000000e+00
-0.000000000000000e+00
0.000000000000000e+00
0.000000000000000e+00
0.000000000000000e+00
0.000000000000000e+00
0.000000000000000e+00
0.000000000000000e+00
0.000000000000000e+00
-0.000000000000000e+00
-0.000000000000000e+00
0.000000000000000e+00
0.000000000000000e+00
0.000000000000000e+00
0.000000000000000e+00
0.000000000000000e+00
-0.000000000000000e+00
0.000000000000000e+00
0.000000000000000e+00
0.000000000000000e+00
-0.000000000000000e+00
0.000000000000000e+00
0.000000000000000e+00
0.000000000000000e+00
0.000000000000000e+00
0.000000000000000e+00
0.000000000000000e+00
0.000000000000000e+00
0.000000000000000e+00
0.000000000000000e+00
0.000000000000000e+00
0.000000000000000e+00
0.000000000000000e+00
-0.000000000000000e+00
-0.000000000000000e+00
0.000000000000000e+00
-0.000000000000000e+00
0.000000000000000e+00
-0.000000000000000e+00
0.000000000000000e+00
0.000000000000000e+00
0.000000000000000e+00
0.000000000000000e+00
0.000000000000000e+00
0.000000000000000e+00
0.000000000000000e+00
0.000000000000000e+00
0.000000000000000e+00
0.000000000000000e+00
0.000000000000000e+00
0.000000000000000e+00
0.000000000000000e+00
-0.000000000000000e+00
0.000000000000000e+00
-0.000000000000000e+00
-0.000000000000000e+00
-0.000000000000000e+00
0.000000000000000e+00
0.000000000000000e+00
-0.000000000000000e+00
0.000000000000000e+00
-0.000000000000000e+00
0.000000000000000e+00
-0.000000000000000e+00
0.000000000000000e+00
-0.000000000000000e+00
-0.000000000000000e+00
0.000000000000000e+00
-0.000000000000000e+00
0.000000000000000e+00
0.000000000000000e+00
0.000000000000000e+00
-0.000000000000000e+00
0.000000000000000e+00
0.000000000000000e+00
0.000000000000000e+00
0.000000000000000e+00
-0.000000000000000e+00
0.000000000000000e+00
0.000000000000000e+00
0.000000000000000e+00
-0.000000000000000e+00
0.000000000000000e+00
0.000000000000000e+00
0.000000000000000e+00
0.000000000000000e+00
0.000000000000000e+00
0.000000000000000e+00
0.000000000000000e+00
0.000000000000000e+00
0.000000000000000e+00
0.000000000000000e+00
0.000000000000000e+00
0.000000000000000e+00
0.000000000000000e+00
0.000000000000000e+00
0.000000000000000e+00
0.000000000000000e+00
0.000000000000000e+00
0.000000000000000e+00
-0.000000000000000e+00
0.000000000000000e+00
-0.000000000000000e+00
0.000000000000000e+00
0.000000000000000e+00
0.000000000000000e+00
0.000000000000000e+00
0.000000000000000e+00
0.000000000000000e+00
0.000000000000000e+00
0.000000000000000e+00
0.000000000000000e+00
0.000000000000000e+00
0.000000000000000e+00
-0.000000000000000e+00
0.000000000000000e+00
0.000000000000000e+00
0.000000000000000e+00
0.000000000000000e+00
-0.000000000000000e+00
-0.000000000000000e+00
0.000000000000000e+00
0.000000000000000e+00
0.000000000000000e+00
0.000000000000000e+00
0.000000000000000e+00
0.000000000000000e+00
-0.000000000000000e+00
-0.000000000000000e+00
0.000000000000000e+00
0.000000000000000e+00
0.000000000000000e+00
0.000000000000000e+00
0.000000000000000e+00
0.000000000000000e+00
0.000000000000000e+00
0.000000000000000e+00
0.000000000000000e+00
0.000000000000000e+00
0.000000000000000e+00
-0.000000000000000e+00
0.000000000000000e+00
0.000000000000000e+00
0.000000000000000e+00
0.000000000000000e+00
0.000000000000000e+00
-0.000000000000000e+00
0.000000000000000e+00
0.000000000000000e+00
-0.000000000000000e+00
-0.000000000000000e+00
0.000000000000000e+00
0.000000000000000e+00
-0.000000000000000e+00
0.000000000000000e+00
0.000000000000000e+00
0.000000000000000e+00
-0.000000000000000e+00
-0.000000000000000e+00
0.000000000000000e+00
0.000000000000000e+00
0.000000000000000e+00
-0.000000000000000e+00
0.000000000000000e+00
0.000000000000000e+00
0.000000000000000e+00
0.000000000000000e+00
0.000000000000000e+00
0.000000000000000e+00
-0.000000000000000e+00
0.000000000000000e+00
0.000000000000000e+00
0.000000000000000e+00
-0.000000000000000e+00
-0.000000000000000e+00
0.000000000000000e+00
-0.000000000000000e+00
0.000000000000000e+00
0.000000000000000e+00
-0.000000000000000e+00
-0.000000000000000e+00
0.000000000000000e+00
0.000000000000000e+00
0.000000000000000e+00
0.000000000000000e+00
0.000000000000000e+00
0.000000000000000e+00
0.000000000000000e+00
-0.000000000000000e+00
-0.000000000000000e+00
0.000000000000000e+00
-0.000000000000000e+00
0.000000000000000e+00
0.000000000000000e+00
0.000000000000000e+00
0.000000000000000e+00
0.000000000000000e+00
0.000000000000000e+00
-0.000000000000000e+00
-0.000000000000000e+00
-0.000000000000000e+00
0.000000000000000e+00
-0.000000000000000e+00
0.000000000000000e+00
0.000000000000000e+00
0.000000000000000e+00
-0.000000000000000e+00
-0.000000000000000e+00
-0.000000000000000e+00
0.000000000000000e+00
0.000000000000000e+00
0.000000000000000e+00
0.000000000000000e+00
-0.000000000000000e+00
0.000000000000000e+00
0.000000000000000e+00
0.000000000000000e+00
0.000000000000000e+00
0.000000000000000e+00
-0.000000000000000e+00
0.000000000000000e+00
0.000000000000000e+00
0.000000000000000e+00
0.000000000000000e+00
0.000000000000000e+00
0.000000000000000e+00
0.000000000000000e+00
0.000000000000000e+00
0.000000000000000e+00
0.000000000000000e+00
0.000000000000000e+00
0.000000000000000e+00
-0.000000000000000e+00
-0.000000000000000e+00
0.000000000000000e+00
0.000000000000000e+00
0.000000000000000e+00
-0.000000000000000e+00
-0.000000000000000e+00
0.000000000000000e+00
0.000000000000000e+00
0.000000000000000e+00
0.000000000000000e+00
0.000000000000000e+00
0.000000000000000e+00
0.000000000000000e+00
-0.000000000000000e+00
0.000000000000000e+00
0.000000000000000e+00
0.000000000000000e+00
0.000000000000000e+00
0.000000000000000e+00
0.000000000000000e+00
-0.000000000000000e+00
0.000000000000000e+00
-0.000000000000000e+00
-0.000000000000000e+00
-0.000000000000000e+00
0.000000000000000e+00
0.000000000000000e+00
0.000000000000000e+00
0.000000000000000e+00
0.000000000000000e+00
0.000000000000000e+00
0.000000000000000e+00
0.000000000000000e+00
0.000000000000000e+00
0.000000000000000e+00
0.000000000000000e+00
0.000000000000000e+00
0.000000000000000e+00
-0.000000000000000e+00
-0.000000000000000e+00
0.000000000000000e+00
0.000000000000000e+00
-0.000000000000000e+00
-0.000000000000000e+00
0.000000000000000e+00
0.000000000000000e+00
0.000000000000000e+00
-0.000000000000000e+00
0.000000000000000e+00
0.000000000000000e+00
0.000000000000000e+00
0.000000000000000e+00
0.000000000000000e+00
0.000000000000000e+00
0.000000000000000e+00
0.000000000000000e+00
0.000000000000000e+00
0.000000000000000e+00
0.000000000000000e+00
0.000000000000000e+00
0.000000000000000e+00
0.000000000000000e+00
0.000000000000000e+00
-0.000000000000000e+00
0.000000000000000e+00
0.000000000000000e+00
0.000000000000000e+00
0.000000000000000e+00
0.000000000000000e+00
-0.000000000000000e+00
0.000000000000000e+00
-0.000000000000000e+00
0.000000000000000e+00
0.000000000000000e+00
-0.000000000000000e+00
-0.000000000000000e+00
0.000000000000000e+00
0.000000000000000e+00
0.000000000000000e+00
-0.000000000000000e+00
0.000000000000000e+00
0.000000000000000e+00
0.000000000000000e+00
0.000000000000000e+00
0.000000000000000e+00
0.000000000000000e+00
0.000000000000000e+00
0.000000000000000e+00
0.000000000000000e+00
0.000000000000000e+00
0.000000000000000e+00
0.000000000000000e+00
0.000000000000000e+00
-0.000000000000000e+00
-0.000000000000000e+00
0.000000000000000e+00
0.000000000000000e+00
0.000000000000000e+00
0.000000000000000e+00
0.000000000000000e+00
0.000000000000000e+00
0.000000000000000e+00
0.000000000000000e+00
-0.000000000000000e+00
0.000000000000000e+00
0.000000000000000e+00
0.000000000000000e+00
0.000000000000000e+00
-0.000000000000000e+00
0.000000000000000e+00
0.000000000000000e+00
0.000000000000000e+00
0.000000000000000e+00
0.000000000000000e+00
-0.000000000000000e+00
-0.000000000000000e+00
-0.000000000000000e+00
0.000000000000000e+00
0.000000000000000e+00
0.000000000000000e+00
0.000000000000000e+00
0.000000000000000e+00
0.000000000000000e+00
0.000000000000000e+00
-0.000000000000000e+00
0.000000000000000e+00
0.000000000000000e+00
0.000000000000000e+00
0.000000000000000e+00
0.000000000000000e+00
0.000000000000000e+00
-0.000000000000000e+00
-0.000000000000000e+00
-0.000000000000000e+00
0.000000000000000e+00
0.000000000000000e+00
0.000000000000000e+00
-0.000000000000000e+00
-0.000000000000000e+00
0.000000000000000e+00
0.000000000000000e+00
-0.000000000000000e+00
-0.000000000000000e+00
-0.000000000000000e+00
0.000000000000000e+00
0.000000000000000e+00
0.000000000000000e+00
0.000000000000000e+00
0.000000000000000e+00
0.000000000000000e+00
0.000000000000000e+00
0.000000000000000e+00
0.000000000000000e+00
0.000000000000000e+00
0.000000000000000e+00
0.000000000000000e+00
-0.000000000000000e+00
-0.000000000000000e+00
-0.000000000000000e+00
-0.000000000000000e+00
-0.000000000000000e+00
0.000000000000000e+00
0.000000000000000e+00
0.000000000000000e+00
-0.000000000000000e+00
-0.000000000000000e+00
0.000000000000000e+00
0.000000000000000e+00
-0.000000000000000e+00
-0.000000000000000e+00
0.000000000000000e+00
0.000000000000000e+00
0.000000000000000e+00
0.000000000000000e+00
0.000000000000000e+00
0.000000000000000e+00
-0.000000000000000e+00
-0.000000000000000e+00
0.000000000000000e+00
-0.000000000000000e+00
-0.000000000000000e+00
-0.000000000000000e+00
0.000000000000000e+00
0.000000000000000e+00
0.000000000000000e+00
0.000000000000000e+00
0.000000000000000e+00
0.000000000000000e+00
0.000000000000000e+00
0.000000000000000e+00
0.000000000000000e+00
0.000000000000000e+00
0.000000000000000e+00
0.000000000000000e+00
0.000000000000000e+00
-0.000000000000000e+00
-0.000000000000000e+00
-0.000000000000000e+00
-0.000000000000000e+00
0.000000000000000e+00
0.000000000000000e+00
-0.000000000000000e+00
0.000000000000000e+00
0.000000000000000e+00
0.000000000000000e+00
0.000000000000000e+00
0.000000000000000e+00
-0.000000000000000e+00
-0.000000000000000e+00
-0.000000000000000e+00
-0.000000000000000e+00
0.000000000000000e+00
0.000000000000000e+00
-0.000000000000000e+00
0.000000000000000e+00
-0.000000000000000e+00
-0.000000000000000e+00
-0.000000000000000e+00
0.000000000000000e+00
0.000000000000000e+00
-0.000000000000000e+00
-0.000000000000000e+00
0.000000000000000e+00
0.000000000000000e+00
0.000000000000000e+00
0.000000000000000e+00
-0.000000000000000e+00
-0.000000000000000e+00
0.000000000000000e+00
0.000000000000000e+00
0.000000000000000e+00
0.000000000000000e+00
0.000000000000000e+00
0.000000000000000e+00
-0.000000000000000e+00
0.000000000000000e+00
-0.000000000000000e+00
0.000000000000000e+00
0.000000000000000e+00
0.000000000000000e+00
0.000000000000000e+00
0.000000000000000e+00
-0.000000000000000e+00
-0.000000000000000e+00
0.000000000000000e+00
0.000000000000000e+00
0.000000000000000e+00
0.000000000000000e+00
-0.000000000000000e+00
-0.000000000000000e+00
0.000000000000000e+00
0.000000000000000e+00
0.000000000000000e+00
0.000000000000000e+00
0.000000000000000e+00
0.000000000000000e+00
-0.000000000000000e+00
0.000000000000000e+00
0.000000000000000e+00
0.000000000000000e+00
0.000000000000000e+00
0.000000000000000e+00
0.000000000000000e+00
0.000000000000000e+00
0.000000000000000e+00
0.000000000000000e+00
0.000000000000000e+00
0.000000000000000e+00
0.000000000000000e+00
0.000000000000000e+00
0.000000000000000e+00
0.000000000000000e+00
0.000000000000000e+00
0.000000000000000e+00
0.000000000000000e+00
0.000000000000000e+00
0.000000000000000e+00
0.000000000000000e+00
0.000000000000000e+00
0.000000000000000e+00
0.000000000000000e+00
0.000000000000000e+00
0.000000000000000e+00
0.000000000000000e+00
0.000000000000000e+00
0.000000000000000e+00
0.000000000000000e+00
-0.000000000000000e+00
0.000000000000000e+00
0.000000000000000e+00
0.000000000000000e+00
0.000000000000000e+00
0.000000000000000e+00
0.000000000000000e+00
0.000000000000000e+00
0.000000000000000e+00
0.000000000000000e+00
0.000000000000000e+00
-0.000000000000000e+00
0.000000000000000e+00
0.000000000000000e+00
-0.000000000000000e+00
-0.000000000000000e+00
0.000000000000000e+00
0.000000000000000e+00
0.000000000000000e+00
0.000000000000000e+00
0.000000000000000e+00
0.000000000000000e+00
0.000000000000000e+00
0.000000000000000e+00
0.000000000000000e+00
0.000000000000000e+00
0.000000000000000e+00
0.000000000000000e+00
0.000000000000000e+00
0.000000000000000e+00
0.000000000000000e+00
0.000000000000000e+00
0.000000000000000e+00
0.000000000000000e+00
0.000000000000000e+00
0.000000000000000e+00
-0.000000000000000e+00
-0.000000000000000e+00
0.000000000000000e+00
0.000000000000000e+00
-0.000000000000000e+00
0.000000000000000e+00
0.000000000000000e+00
0.000000000000000e+00
0.000000000000000e+00

nzz  1  1102  double
9.999999999999999e-01
9.999999999999999e-01
1.000000000000000e+00
1.000000000000000e+00
1.000000000000000e+00
1.000000000000000e+00
1.000000000000000e+00
1.000000000000000e+00
1.000000000000000e+00
9.999999999999999e-01
1.000000000000000e+00
1.000000000000000e+00
1.000000000000000e+00
1.000000000000000e+00
1.000000000000000e+00
1.000000000000000e+00
9.999999999999998e-01
9.999999999999998e-01
9.999999999999998e-01
1.000000000000000e+00
9.999999999999999e-01
9.999999999999999e-01
9.999999999999999e-01
1.000000000000000e+00
1.000000000000000e+00
1.000000000000000e+00
9.999999999999999e-01
1.000000000000000e+00
1.000000000000000e+00
1.000000000000000e+00
1.000000000000000e+00
1.000000000000000e+00
1.000000000000000e+00
1.000000000000000e+00
1.000000000000000e+00
1.000000000000000e+00
1.000000000000000e+00
1.000000000000000e+00
9.999999999999999e-01
9.999999999999999e-01
1.000000000000000e+00
1.000000000000000e+00
1.000000000000000e+00
1.000000000000000e+00
1.000000000000000e+00
1.000000000000000e+00
1.000000000000000e+00
1.000000000000000e+00
1.000000000000000e+00
9.999999999999999e-01
9.999999999999999e-01
9.999999999999999e-01
9.999999999999998e-01
1.000000000000000e+00
1.000000000000000e+00
1.000000000000000e+00
9.999999999999999e-01
9.999999999999999e-01
9.999999999999999e-01
9.999999999999999e-01
1.000000000000000e+00
1.000000000000000e+00
1.000000000000000e+00
1.000000000000000e+00
1.000000000000000e+00
1.000000000000000e+00
1.000000000000000e+00
1.000000000000000e+00
1.000000000000000e+00
1.000000000000000e+00
1.000000000000000e+00
1.000000000000000e+00
1.000000000000000e+00
1.000000000000000e+00
1.000000000000000e+00
9.999999999999999e-01
9.999999999999998e-01
9.999999999999998e-01
9.999999999999999e-01
9.999999999999999e-01
9.999999999999999e-01
9.999999999999999e-01
1.000000000000000e+00
1.000000000000000e+00
1.000000000000000e+00
1.000000000000000e+00
1.000000000000000e+00
9.999999999999999e-01
9.999999999999999e-01
1.000000000000000e+00
9.999999999999999e-01
1.000000000000000e+00
1.000000000000000e+00
1.000000000000000e+00
9.999999999999999e-01
9.999999999999999e-01
1.000000000000000e+00
1.000000000000000e+00
1.000000000000000e+00
1.000000000000000e+00
1.000000000000000e+00
1.000000000000000e+00
1.000000000000000e+00
1.000000000000000e+00
1.000000000000000e+00
1.000000000000000e+00
1.000000000000000e+00
1.000000000000000e+00
1.000000000000000e+00
1.000000000000000e+00
9.999999999999999e-01
1.000000000000000e+00
9.999999999999998e-01
9.999999999999998e-01
1.000000000000000e+00
1.000000000000000e+00
1.000000000000000e+00
1.000000000000000e+00
9.999999999999999e-01
1.000000000000000e+00
1.000000000000000e+00
1.000000000000000e+00
1.000000000000000e+00
1.000000000000000e+00
9.999999999999999e-01
1.000000000000000e+00
1.000000000000000e+00
1.000000000000000e+00
1.000000000000000e+00
1.000000000000000e+00
1.000000000000000e+00
1.000000000000000e+00
9.999999999999999e-01
9.999999999999999e-01
1.000000000000000e+00
1.000000000000000e+00
1.000000000000000e+00
9.999999999999999e-01
1.000000000000000e+00
1.000000000000000e+00
9.999999999999997e-01
1.000000000000000e+00
1.000000000000000e+00
1.000000000000000e+00
1.000000000000000e+00
1.000000000000000e+00
1.000000000000000e+00
9.999999999999999e-01
1.000000000000000e+00
1.000000000000000e+00
1.000000000000000e+00
1.000000000000000e+00
9.999999999999998e-01
1.000000000000000e+00
1.000000000000000e+00
1.000000000000000e+00
9.999999999999999e-01
1.000000000000000e+00
1.000000000000000e+00
9.999999999999999e-01
9.999999999999999e-01
9.999999999999999e-01
9.999999999999999e-01
9.999999999999999e-01
1.000000000000000e+00
1.000000000000000e+00
9.999999999999999e-01
1.000000000000000e+00
1.000000000000000e+00
1.000000000000000e+00
1.000000000000000e+00
1.000000000000000e+00
1.000000000000000e+00
1.000000000000000e+00
1.000000000000000e+00
1.000000000000000e+00
1.000000000000000e+00
1.000000000000000e+00
1.000000000000000e+00
1.000000000000000e+00
1.000000000000000e+00
1.000000000000000e+00
1.000000000000000e+00
1.000000000000000e+00
1.000000000000000e+00
1.000000000000000e+00
9.999999999999999e-01
9.999999999999999e-01
9.999999999999998e-01
1.000000000000000e+00
1.000000000000000e+00
9.999999999999999e-01
1.000000000000000e+00
9.999999999999999e-01
1.000000000000000e+00
1.000000000000000e+00
1.000000000000000e+00
1.000000000000000e+00
1.000000000000000e+00
9.999999999999998e-01
1.000000000000000e+00
1.000000000000000e+00
1.000000000000000e+00
1.000000000000000e+00
9.999999999999999e-01
1.000000000000000e+00
1.000000000000000e+00
1.000000000000000e+00
9.999999999999999e-01
9.999999999999998e-01
1.000000000000000e+00
9.999999999999999e-01
1.000000000000000e+00
1.000000000000000e+00
1.000000000000000e+00
1.000000000000000e+00
1.000000000000000e+00
9.999999999999999e-01
9.999999999999999e-01
9.999999999999999e-01
1.000000000000000e+00
1.000000000000000e+00
1.000000000000000e+00
1.000000000000000e+00
9.999999999999999e-01
1.000000000000000e+00
1.000000000000000e+00
1.000000000000000e+00
1.000000000000000e+00
1.000000000000000e+00
1.000000000000000e+00
1.000000000000000e+00
1.000000000000000e+00
1.000000000000000e+00
1.000000000000000e+00
1.000000000000000e+00
1.000000000000000e+00
9.999999999999999e-01
1.000000000000000e+00
1.000000000000000e+00
1.000000000000000e+00
1.000000000000000e+00
9.999999999999998e-01
1.000000000000000e+00
1.000000000000000e+00
1.000000000000000e+00
1.000000000000000e+00
9.999999999999999e-01
9.999999999999999e-01
1.000000000000000e+00
1.000000000000000e+00
1.000000000000000e+00
1.000000000000000e+00
1.000000000000000e+00
1.000000000000000e+00
1.000000000000000e+00
9.999999999999999e-01
9.999999999999999e-01
1.000000000000000e+00
1.000000000000000e+00
1.000000000000000e+00
1.000000000000000e+00
1.000000000000000e+00
1.000000000000000e+00
9.999999999999998e-01
1.000000000000000e+00
1.000000000000000e+00
1.000000000000000e+00
1.000000000000000e+00
1.000000000000000e+00
9.999999999999999e-01
9.999999999999999e-01
9.999999999999998e-01
9.999999999999998e-01
1.000000000000000e+00
1.000000000000000e+00
9.999999999999998e-01
9.999999999999998e-01
1.000000000000000e+00
1.000000000000000e+00
1.000000000000000e+00
1.000000000000000e+00
1.000000000000000e+00
1.000000000000000e+00
1.000000000000000e+00
1.000000000000000e+00
1.000000000000000e+00
9.999999999999999e-01
1.000000000000000e+00
1.000000000000000e+00
1.000000000000000e+00
1.000000000000000e+00
9.999999999999998e-01
9.999999999999998e-01
1.000000000000000e+00
1.000000000000000e+00
1.000000000000000e+00
1.000000000000000e+00
1.000000000000000e+00
1.000000000000000e+00
1.000000000000000e+00
1.000000000000000e+00
1.000000000000000e+00
1.000000000000000e+00
1.000000000000000e+00
1.000000000000000e+00
1.000000000000000e+00
1.000000000000000e+00
9.999999999999999e-01
9.999999999999999e-01
1.000000000000000e+00
1.000000000000000e+00
1.000000000000000e+00
1.000000000000000e+00
1.000000000000000e+00
1.000000000000000e+00
1.000000000000000e+00
9.999999999999999e-01
9.999999999999999e-01
1.000000000000000e+00
1.000000000000000e+00
9.999999999999999e-01
9.999999999999999e-01
1.000000000000000e+00
9.999999999999999e-01
9.999999999999999e-01
1.000000000000000e+00
9.999999999999999e-01
1.000000000000000e+00
1.000000000000000e+00
1.000000000000000e+00
1.000000000000000e+00
1.000000000000000e+00
1.000000000000000e+00
1.000000000000000e+00
1.000000000000000e+00
1.000000000000000e+00
1.000000000000000e+00
9.999999999999999e-01
9.999999999999999e-01
1.000000000000000e+00
1.000000000000000e+00
1.000000000000000e+00
9.999999999999999e-01
1.000000000000000e+00
9.999999999999999e-01
9.999999999999999e-01
1.000000000000000e+00
1.000000000000000e+00
1.000000000000000e+00
1.000000000000000e+00
1.000000000000000e+00
1.000000000000000e+00
1.000000000000000e+00
1.000000000000000e+00
1.000000000000000e+00
9.999999999999999e-01
9.999999999999999e-01
9.999999999999999e-01
1.000000000000000e+00
1.000000000000000e+00
9.999999999999999e-01
1.000000000000000e+00
1.000000000000000e+00
1.000000000000000e+00
1.000000000000000e+00
1.000000000000000e+00
1.000000000000000e+00
1.000000000000000e+00
9.999999999999999e-01
9.999999999999999e-01
1.000000000000000e+00
9.999999999999999e-01
1.000000000000000e+00
1.000000000000000e+00
1.000000000000000e+00
1.000000000000000e+00
1.000000000000000e+00
1.000000000000000e+00
1.000000000000000e+00
1.000000000000000e+00
1.000000000000000e+00
1.000000000000000e+00
9.999999999999999e-01
9.999999999999999e-01
1.000000000000000e+00
1.000000000000000e+00
1.000000000000000e+00
1.000000000000000e+00
9.999999999999999e-01
1.000000000000000e+00
1.000000000000000e+00
1.000000000000000e+00
1.000000000000000e+00
1.000000000000000e+00
1.000000000000000e+00
1.000000000000000e+00
9.999999999999998e-01
1.000000000000000e+00
1.000000000000000e+00
1.000000000000000e+00
1.000000000000000e+00
9.999999999999999e-01
9.999999999999999e-01
1.000000000000000e+00
1.000000000000000e+00
1.000000000000000e+00
1.000000000000000e+00
1.000000000000000e+00
1.000000000000000e+00
1.000000000000000e+00
1.000000000000000e+00
1.000000000000000e+00
1.000000000000000e+00
1.000000000000000e+00
1.000000000000000e+00
1.000000000000000e+00
1.000000000000000e+00
9.999999999999999e-01
1.000000000000000e+00
9.999999999999999e-01
9.999999999999999e-01
9.999999999999999e-01
9.999999999999999e-01
1.000000000000000e+00
1.000000000000000e+00
9.999999999999999e-01
1.000000000000000e+00
1.000000000000000e+00
9.999999999999997e-01
1.000000000000000e+00
1.000000000000000e+00
1.000000000000000e+00
9.999999999999998e-01
9.999999999999998e-01
9.999999999999998e-01
9.999999999999999e-01
9.999999999999998e-01
9.999999999999999e-01
1.000000000000000e+00
9.999999999999998e-01
1.000000000000000e+00
1.000000000000000e+00
1.000000000000000e+00
1.000000000000000e+00
1.000000000000000e+00
1.000000000000000e+00
1.000000000000000e+00
9.999999999999999e-01
1.000000000000000e+00
9.999999999999999e-01
1.000000000000000e+00
9.999999999999999e-01
1.000000000000000e+00
1.000000000000000e+00
1.000000000000000e+00
1.000000000000000e+00
1.000000000000000e+00
1.000000000000000e+00
1.000000000000000e+00
1.000000000000000e+00
1.000000000000000e+00
1.000000000000000e+00
1.000000000000000e+00
1.000000000000000e+00
1.000000000000000e+00
1.000000000000000e+00
1.000000000000000e+00
1.000000000000000e+00
1.000000000000000e+00
1.000000000000000e+00
1.000000000000000e+00
1.000000000000000e+00
1.000000000000000e+00
1.000000000000000e+00
1.000000000000000e+00
9.999999999999999e-01
1.000000000000000e+00
1.000000000000000e+00
1.000000000000000e+00
1.000000000000000e+00
1.000000000000000e+00
1.000000000000000e+00
1.000000000000000e+00
1.000000000000000e+00
1.000000000000000e+00
9.999999999999998e-01
1.000000000000000e+00
9.999999999999999e-01
1.000000000000000e+00
1.000000000000000e+00
1.000000000000000e+00
9.999999999999999e-01
1.000000000000000e+00
1.000000000000000e+00
1.000000000000000e+00
1.000000000000000e+00
1.000000000000000e+00
1.000000000000000e+00
1.000000000000000e+00
1.000000000000000e+00
1.000000000000000e+00
1.000000000000000e+00
1.000000000000000e+00
1.000000000000000e+00
1.000000000000000e+00
1.000000000000000e+00
9.999999999999999e-01
9.999999999999999e-01
9.999999999999999e-01
1.000000000000000e+00
9.999999999999999e-01
9.999999999999999e-01
1.000000000000000e+00
1.000000000000000e+00
1.000000000000000e+00
1.000000000000000e+00
9.999999999999999e-01
1.000000000000000e+00
1.000000000000000e+00
1.000000000000000e+00
1.000000000000000e+00
9.999999999999999e-01
1.000000000000000e+00
1.000000000000000e+00
1.000000000000000e+00
1.000000000000000e+00
9.999999999999998e-01
1.000000000000000e+00
9.999999999999999e-01
9.999999999999999e-01
9.999999999999998e-01
1.000000000000000e+00
9.999999999999999e-01
1.000000000000000e+00
1.000000000000000e+00
1.000000000000000e+00
1.000000000000000e+00
1.000000000000000e+00
1.000000000000000e+00
1.000000000000000e+00
9.999999999999999e-01
1.000000000000000e+00
1.000000000000000e+00
1.000000000000000e+00
1.000000000000000e+00
1.000000000000000e+00
1.000000000000000e+00
1.000000000000000e+00
9.999999999999998e-01
9.999999999999999e-01
9.999999999999999e-01
1.000000000000000e+00
1.000000000000000e+00
1.000000000000000e+00
1.000000000000000e+00
1.000000000000000e+00
1.000000000000000e+00
1.000000000000000e+00
1.000000000000000e+00
9.999999999999999e-01
1.000000000000000e+00
1.000000000000000e+00
1.000000000000000e+00
1.000000000000000e+00
1.000000000000000e+00
1.000000000000000e+00
1.000000000000000e+00
1.000000000000000e+00
1.000000000000000e+00
9.999999999999999e-01
1.000000000000000e+00
9.999999999999999e-01
9.999999999999998e-01
1.000000000000000e+00
1.000000000000000e+00
1.000000000000000e+00
1.000000000000000e+00
9.999999999999999e-01
9.999999999999997e-01
1.000000000000000e+00
1.000000000000000e+00
9.999999999999999e-01
1.000000000000000e+00
1.000000000000000e+00
1.000000000000000e+00
1.000000000000000e+00
1.000000000000000e+00
1.000000000000000e+00
1.000000000000000e+00
1.000000000000000e+00
9.999999999999998e-01
9.999999999999998e-01
9.999999999999998e-01
1.000000000000000e+00
9.999999999999999e-01
9.999999999999999e-01
9.999999999999999e-01
9.999999999999999e-01
1.000000000000000e+00
9.999999999999999e-01
1.000000000000000e+00
9.999999999999999e-01
1.000000000000000e+00
9.999999999999999e-01
9.999999999999999e-01
1.000000000000000e+00
1.000000000000000e+00
1.000000000000000e+00
1.000000000000000e+00
9.999999999999998e-01
1.000000000000000e+00
1.000000000000000e+00
1.000000000000000e+00
1.000000000000000e+00
9.999999999999998e-01
9.999999999999999e-01
9.999999999999999e-01
9.999999999999999e-01
9.999999999999999e-01
1.000000000000000e+00
1.000000000000000e+00
9.999999999999999e-01
1.000000000000000e+00
9.999999999999998e-01
9.999999999999999e-01
9.999999999999999e-01
9.999999999999999e-01
9.999999999999999e-01
1.000000000000000e+00
1.000000000000000e+00
1.000000000000000e+00
1.000000000000000e+00
9.999999999999999e-01
9.999999999999999e-01
1.000000000000000e+00
1.000000000000000e+00
1.000000000000000e+00
1.000000000000000e+00
1.000000000000000e+00
1.000000000000000e+00
9.999999999999999e-01
1.000000000000000e+00
9.999999999999999e-01
1.000000000000000e+00
9.999999999999999e-01
1.000000000000000e+00
9.999999999999999e-01
1.000000000000000e+00
1.000000000000000e+00
1.000000000000000e+00
9.999999999999999e-01
9.999999999999998e-01
9.999999999999999e-01
9.999999999999999e-01
1.000000000000000e+00
1.000000000000000e+00
1.000000000000000e+00
9.999999999999999e-01
9.999999999999999e-01
1.000000000000000e+00
1.000000000000000e+00
1.000000000000000e+00
1.000000000000000e+00
1.000000000000000e+00
1.000000000000000e+00
1.000000000000000e+00
9.999999999999999e-01
9.999999999999999e-01
1.000000000000000e+00
1.000000000000000e+00
1.000000000000000e+00
9.999999999999999e-01
9.999999999999999e-01
1.000000000000000e+00
1.000000000000000e+00
1.000000000000000e+00
9.999999999999998e-01
9.999999999999999e-01
1.000000000000000e+00
9.999999999999999e-01
9.999999999999999e-01
1.000000000000000e+00
9.999999999999998e-01
1.000000000000000e+00
1.000000000000000e+00
9.999999999999998e-01
1.000000000000000e+00
1.000000000000000e+00
1.000000000000000e+00
9.999999999999998e-01
1.000000000000000e+00
1.000000000000000e+00
9.999999999999999e-01
1.000000000000000e+00
1.000000000000000e+00
1.000000000000000e+00
1.000000000000000e+00
9.999999999999999e-01
1.000000000000000e+00
1.000000000000000e+00
1.000000000000000e+00
1.000000000000000e+00
1.000000000000000e+00
1.000000000000000e+00
1.000000000000000e+00
1.000000000000000e+00
1.000000000000000e+00
9.999999999999999e-01
9.999999999999999e-01
1.000000000000000e+00
1.000000000000000e+00
1.000000000000000e+00
1.000000000000000e+00
1.000000000000000e+00
9.999999999999999e-01
1.000000000000000e+00
1.000000000000000e+00
9.999999999999999e-01
1.000000000000000e+00
1.000000000000000e+00
1.000000000000000e+00
1.000000000000000e+00
1.000000000000000e+00
1.000000000000000e+00
1.000000000000000e+00
1.000000000000000e+00
1.000000000000000e+00
1.000000000000000e+00
1.000000000000000e+00
1.000000000000000e+00
1.000000000000000e+00
9.999999999999999e-01
1.000000000000000e+00
1.000000000000000e+00
1.000000000000000e+00
1.000000000000000e+00
1.000000000000000e+00
1.000000000000000e+00
1.000000000000000e+00
9.999999999999999e-01
9.999999999999999e-01
1.000000000000000e+00
9.999999999999999e-01
1.000000000000000e+00
1.000000000000000e+00
1.000000000000000e+00
1.000000000000000e+00
1.000000000000000e+00
1.000000000000000e+00
1.000000000000000e+00
1.000000000000000e+00
1.000000000000000e+00
1.000000000000000e+00
9.999999999999999e-01
9.999999999999999e-01
1.000000000000000e+00
1.000000000000000e+00
1.000000000000000e+00
9.999999999999999e-01
9.999999999999999e-01
1.000000000000000e+00
1.000000000000000e+00
1.000000000000000e+00
1.000000000000000e+00
1.000000000000000e+00
1.000000000000000e+00
1.000000000000000e+00
1.000000000000000e+00
9.999999999999998e-01
9.999999999999998e-01
1.000000000000000e+00
1.000000000000000e+00
1.000000000000000e+00
1.000000000000000e+00
1.000000000000000e+00
9.999999999999999e-01
1.000000000000000e+00
1.000000000000000e+00
1.000000000000000e+00
1.000000000000000e+00
1.000000000000000e+00
1.000000000000000e+00
1.000000000000000e+00
1.000000000000000e+00
1.000000000000000e+00
1.000000000000000e+00
1.000000000000000e+00
1.000000000000000e+00
1.000000000000000e+00
1.000000000000000e+00
9.999999999999999e-01
9.999999999999997e-01
9.999999999999997e-01
9.999999999999997e-01
9.999999999999999e-01
1.000000000000000e+00
9.999999999999999e-01
1.000000000000000e+00
1.000000000000000e+00
1.000000000000000e+00
1.000000000000000e+00
1.000000000000000e+00
1.000000000000000e+00
9.999999999999999e-01
9.999999999999999e-01
1.000000000000000e+00
1.000000000000000e+00
9.999999999999999e-01
9.999999999999999e-01
9.999999999999998e-01
1.000000000000000e+00
1.000000000000000e+00
9.999999999999999e-01
1.000000000000000e+00
9.999999999999999e-01
1.000000000000000e+00
9.999999999999998e-01
1.000000000000000e+00
1.000000000000000e+00
1.000000000000000e+00
1.000000000000000e+00
1.000000000000000e+00
1.000000000000000e+00
1.000000000000000e+00
1.000000000000000e+00
1.000000000000000e+00
9.999999999999999e-01
9.999999999999999e-01
1.000000000000000e+00
1.000000000000000e+00
9.999999999999998e-01
9.999999999999998e-01
1.000000000000000e+00
9.999999999999998e-01
1.000000000000000e+00
9.999999999999999e-01
1.000000000000000e+00
1.000000000000000e+00
1.000000000000000e+00
1.000000000000000e+00
1.000000000000000e+00
1.000000000000000e+00
1.000000000000000e+00
9.999999999999999e-01
9.999999999999999e-01
1.000000000000000e+00
1.000000000000000e+00
1.000000000000000e+00
9.999999999999999e-01
9.999999999999999e-01
1.000000000000000e+00
1.000000000000000e+00
9.999999999999999e-01
1.000000000000000e+00
1.000000000000000e+00
1.000000000000000e+00
1.000000000000000e+00
1.000000000000000e+00
1.000000000000000e+00
1.000000000000000e+00
1.000000000000000e+00
1.000000000000000e+00
9.999999999999999e-01
9.999999999999999e-01
1.000000000000000e+00
9.999999999999999e-01
1.000000000000000e+00
1.000000000000000e+00
1.000000000000000e+00
1.000000000000000e+00
9.999999999999999e-01
9.999999999999999e-01
1.000000000000000e+00
1.000000000000000e+00
9.999999999999999e-01
1.000000000000000e+00
1.000000000000000e+00
1.000000000000000e+00
1.000000000000000e+00
1.000000000000000e+00
1.000000000000000e+00
1.000000000000000e+00
1.000000000000000e+00
1.000000000000000e+00
1.000000000000000e+00
1.000000000000000e+00
1.000000000000000e+00
1.000000000000000e+00
9.999999999999999e-01
9.999999999999999e-01
1.000000000000000e+00
1.000000000000000e+00
1.000000000000000e+00
1.000000000000000e+00
9.999999999999999e-01
1.000000000000000e+00
9.999999999999999e-01
1.000000000000000e+00
1.000000000000000e+00
1.000000000000000e+00
9.999999999999999e-01
9.999999999999999e-01
9.999999999999999e-01
1.000000000000000e+00
1.000000000000000e+00
1.000000000000000e+00
1.000000000000000e+00
1.000000000000000e+00
9.999999999999998e-01
9.999999999999999e-01
9.999999999999999e-01
9.999999999999999e-01
9.999999999999999e-01
9.999999999999999e-01
1.000000000000000e+00
9.999999999999999e-01
1.000000000000000e+00
1.000000000000000e+00
9.999999999999999e-01
9.999999999999999e-01
9.999999999999999e-01
9.999999999999999e-01
9.999999999999999e-01
1.000000000000000e+00
1.000000000000000e+00
1.000000000000000e+00
1.000000000000000e+00
1.000000000000000e+00
1.000000000000000e+00
1.000000000000000e+00
1.000000000000000e+00
1.000000000000000e+00
9.999999999999999e-01
1.000000000000000e+00
1.000000000000000e+00
9.999999999999999e-01
1.000000000000000e+00
1.000000000000000e+00
1.000000000000000e+00
1.000000000000000e+00
1.000000000000000e+00
1.000000000000000e+00
1.000000000000000e+00
1.000000000000000e+00
9.999999999999999e-01
1.000000000000000e+00
1.000000000000000e+00
1.000000000000000e+00
1.000000000000000e+00
1.000000000000000e+00
1.000000000000000e+00
9.999999999999999e-01
9.999999999999999e-01
1.000000000000000e+00
1.000000000000000e+00
1.000000000000000e+00
1.000000000000000e+00
9.999999999999999e-01
9.999999999999999e-01
1.000000000000000e+00
9.999999999999999e-01
1.000000000000000e+00
1.000000000000000e+00
1.000000000000000e+00
1.000000000000000e+00
1.000000000000000e+00
1.000000000000000e+00
1.000000000000000e+00
1.000000000000000e+00
9.999999999999997e-01
1.000000000000000e+00
1.000000000000000e+00
1.000000000000000e+00
1.000000000000000e+00
1.000000000000000e+00
1.000000000000000e+00
1.000000000000000e+00
1.000000000000000e+00
9.999999999999999e-01
9.999999999999999e-01
1.000000000000000e+00
1.000000000000000e+00
1.000000000000000e+00
1.000000000000000e+00
1.000000000000000e+00
1.000000000000000e+00
1.000000000000000e+00
1.000000000000000e+00
1.000000000000000e+00
1.000000000000000e+00
9.999999999999999e-01
9.999999999999999e-01
9.999999999999999e-01
1.000000000000000e+00
1.000000000000000e+00
1.000000000000000e+00
9.999999999999999e-01
1.000000000000000e+00
1.000000000000000e+00
1.000000000000000e+00
1.000000000000000e+00
1.000000000000000e+00
1.000000000000000e+00
1.000000000000000e+00
1.000000000000000e+00
1.000000000000000e+00
1.000000000000000e+00
1.000000000000000e+00
1.000000000000000e+00
1.000000000000000e+00
1.000000000000000e+00
9.999999999999999e-01
9.999999999999999e-01
9.999999999999999e-01
1.000000000000000e+00
1.000000000000000e+00
1.000000000000000e+00
1.000000000000000e+00
1.000000000000000e+00
9.999999999999999e-01
9.999999999999999e-01
1.000000000000000e+00
1.000000000000000e+00
1.000000000000000e+00
1.000000000000000e+00
1.000000000000000e+00
9.999999999999999e-01
1.000000000000000e+00
1.000000000000000e+00
1.000000000000000e+00
9.999999999999999e-01
9.999999999999999e-01
9.999999999999999e-01
9.999999999999999e-01
1.000000000000000e+00
9.999999999999998e-01
9.999999999999999e-01
1.000000000000000e+00
1.000000000000000e+00
1.000000000000000e+00
1.000000000000000e+00
9.999999999999999e-01
1.000000000000000e+00
1.000000000000000e+00
9.999999999999999e-01
1.000000000000000e+00
1.000000000000000e+00
1.000000000000000e+00
9.999999999999999e-01
1.000000000000000e+00
1.000000000000000e+00
1.000000000000000e+00
1.000000000000000e+00
1.000000000000000e+00
1.000000000000000e+00
1.000000000000000e+00
1.000000000000000e+00
1.000000000000000e+00
9.999999999999999e-01
9.999999999999999e-01
9.999999999999999e-01
9.999999999999998e-01
9.999999999999999e-01
1.000000000000000e+00
1.000000000000000e+00
1.000000000000000e+00
1.000000000000000e+00
9.999999999999999e-01
1.000000000000000e+00
1.000000000000000e+00
1.000000000000000e+00
1.000000000000000e+00
1.000000000000000e+00
1.000000000000000e+00
1.000000000000000e+00
1.000000000000000e+00
1.000000000000000e+00
1.000000000000000e+00
1.000000000000000e+00
1.000000000000000e+00
9.999999999999999e-01
9.999999999999999e-01
1.000000000000000e+00
1.000000000000000e+00
9.999999999999999e-01
9.999999999999999e-01
9.999999999999999e-01
1.000000000000000e+00
1.000000000000000e+00
1.000000000000000e+00
9.999999999999999e-01
9.999999999999999e-01
9.999999999999999e-01
1.000000000000000e+00
9.999999999999999e-01
9.999999999999999e-01
1.000000000000000e+00
1.000000000000000e+00
1.000000000000000e+00
1.000000000000000e+00
9.999999999999999e-01

rho_api  1  1102  double
9.221621246217945e-01
9.216571591594606e-01
9.194997623987892e-01
9.174727469722213e-01
9.192442206769229e-01
9.454221640429341e-01
9.364540426211525e-01
9.428438778145302e-01
9.345752317563583e-01
9.409164637202034e-01
9.437634816629498e-01
9.469799744757018e-01
9.611544323381109e-01
9.623161274831797e-01
9.756258958620876e-01
9.756923705070445e-01
9.448730639416055e-01
9.356684660925744e-01
9.395954183439149e-01
9.468867693630617e-01
9.410058990119388e-01
9.319201665786330e-01
9.614948540675086e-01
9.450642658125842e-01
9.453545396674695e-01
9.362131793119494e-01
9.375426660817380e-01
9.386519648362108e-01
9.306520713664653e-01
9.311369853627818e-01
9.398322613920030e-01
9.463773086712763e-01
9.461293752148493e-01
9.472782886830167e-01
9.619816006073089e-01
9.618012802076296e-01
9.463712147965438e-01
9.398226182947557e-01
9.422679866148607e-01
9.472532309824463e-01
9.490563193907293e-01
9.628127813012425e-01
9.462526749779527e-01
9.377700069811832e-01
9.428684225313440e-01
9.474542317779269e-01
9.461525995142394e-01
9.619986028946783e-01
9.492512319845636e-01
9.330876652336205e-01
9.285720757793380e-01
9.294335547202697e-01
9.327375705414008e-01
9.250788700246698e-01
9.261671032154398e-01
9.309892209634280e-01
9.228497469602629e-01
9.212328731992502e-01
9.245159811917029e-01
9.216048750903904e-01
9.231416525396536e-01
9.268354745052327e-01
9.262313988094510e-01
9.237696603709860e-01
9.204385160445154e-01
9.208241133868222e-01
9.194736493444494e-01
9.174327802120555e-01
9.178860269256099e-01
9.201423763345704e-01
9.132556445199266e-01
9.126709001427337e-01
9.130266828738797e-01
9.137678877840538e-01
9.130469961682247e-01
9.136885462709999e-01
9.270596822100226e-01
9.232698058691683e-01
9.292259437319612e-01
9.321430216213379e-01
9.303838034572040e-01
9.317934550896257e-01
9.246625538476463e-01
9.265946358350780e-01
9.198717030753603e-01
9.177193009126866e-01
9.149465262158774e-01
9.138466882999645e-01
9.185027618330671e-01
9.208732101826401e-01
9.190598399760547e-01
9.229833342048578e-01
9.231658518807929e-01
9.204548584704472e-01
9.325359420786359e-01
9.284268746472324e-01
9.328065429231037e-01
9.283135243630102e-01
9.245229411938147e-01
9.246145064451055e-01
9.393458213852884e-01
9.229717589571288e-01
9.199826142914830e-01
9.216824408819890e-01
9.188101248181227e-01
9.213735989542627e-01
9.128256947382944e-01
9.124587973993280e-01
9.128128770723304e-01
9.133343391468247e-01
9.130986316279933e-01
9.125936106040785e-01
9.134990855218145e-01
9.131374638939304e-01
9.248529853981341e-01
9.292157758529754e-01
9.256490629872872e-01
9.223081990890755e-01
9.217988326324714e-01
9.340039045498768e-01
9.135585898452298e-01
9.131773079898158e-01
9.126386244527088e-01
9.140279393930359e-01
9.137947069410558e-01
9.148377975339022e-01
9.137302577809124e-01
9.137887123891165e-01
9.141535943978952e-01
9.146436988721103e-01
9.148599585972189e-01
9.147573746057583e-01
9.139680456568260e-01
9.137545056745157e-01
9.144923320217963e-01
9.158434072347761e-01
9.161143712948027e-01
9.151369336845088e-01
9.150677883488826e-01
9.146750317219851e-01
9.146003399059742e-01
9.157711841349744e-01
9.158555168811444e-01
9.160139420327809e-01
9.173364355476770e-01
9.151728481131347e-01
9.141700003892650e-01
9.153474280842649e-01
9.279492117893532e-01
9.226990202915594e-01
9.261481148175721e-01
9.238622266480946e-01
9.254256826740540e-01
9.235291606651521e-01
9.245910538804418e-01
9.213715209306467e-01
9.226241322842460e-01
9.229439436990281e-01
9.206078389190641e-01
9.251697641312854e-01
9.309898750285254e-01
9.286651035877613e-01
9.335157854438835e-01
9.297090343019261e-01
9.189106794383294e-01
9.214578505725496e-01
9.168955422949291e-01
9.175951269523057e-01
9.198191662285393e-01
9.290949354701584e-01
9.318410542164532e-01
9.262566892336639e-01
9.346409252083405e-01
9.292922776684840e-01
9.181641197746080e-01
9.183570217415843e-01
9.202466840672965e-01
9.202294545862572e-01
9.165486603253002e-01
9.230023320707713e-01
9.227660992541137e-01
9.206445677048058e-01
9.327305340577094e-01
9.278261509643149e-01
9.294790472612875e-01
9.344518680221530e-01
9.404345170936710e-01
9.248675779533102e-01
9.264304958032392e-01
9.183193410483752e-01
9.188380521277363e-01
9.175208679555724e-01
9.197142742158944e-01
9.168526850938079e-01
9.165351489710212e-01
9.183169157376371e-01
9.184766740798682e-01
9.166686055693457e-01
9.166831477324358e-01
9.393743152351091e-01
9.339287852887466e-01
9.329130290959061e-01
9.401427752096870e-01
9.321910117060659e-01
9.237966168880024e-01
9.226389609029272e-01
9.207014122250413e-01
9.198274093560026e-01
9.220509550892579e-01
9.290084847127402e-01
9.315761612101241e-01
9.340899979355552e-01
9.320060730668810e-01
9.414817280529639e-01
9.611238568699468e-01
9.619273530233377e-01
9.465292305654970e-01
9.755140229931364e-01
9.759001508655709e-01
9.616082191467242e-01
9.448875664677374e-01
9.620958441453445e-01
9.756335358486387e-01
9.754919352600586e-01
9.755868804600812e-01
9.302789826066510e-01
9.329018637459539e-01
9.279844768392346e-01
9.458685508578759e-01
9.377910557835816e-01
9.412545709903053e-01
9.364133399154462e-01
9.373854238570594e-01
9.388809363024518e-01
9.446838485073187e-01
9.453601833120467e-01
9.465929429351330e-01
9.405517039216014e-01
9.456624138125622e-01
9.620632434762788e-01
9.622363567606887e-01
9.479464656809785e-01
9.624769208823761e-01
9.157847741376773e-01
9.153179797459540e-01
9.144519120322060e-01
9.139144497489788e-01
9.134724516342623e-01
9.141566773413221e-01
9.167819963888519e-01
9.159464619275876e-01
9.154497180489352e-01
9.145757722180577e-01
9.142522986012239e-01
9.170327284401939e-01
9.177358804241735e-01
9.464452109269519e-01
9.629289529667190e-01
9.437378169137703e-01
9.625413401601366e-01
9.493446744666800e-01
9.607612126200540e-01
9.625742778938233e-01
9.479458939891157e-01
9.619236114185921e-01
9.753580354093404e-01
9.756701363113818e-01
9.756623781893149e-01
9.124784082351417e-01
9.124010387373033e-01
9.123884580933653e-01
9.126134454479128e-01
9.300843258001524e-01
9.259242330404447e-01
9.304825658481185e-01
9.348087279934195e-01
9.335198098604016e-01
9.285900552494915e-01
9.325456620055328e-01
9.320124265549418e-01
9.278640361865930e-01
9.391060734333174e-01
9.202834996605129e-01
9.196182060174387e-01
9.180019371263441e-01
9.175615455614543e-01
9.247460694673608e-01
9.236733583266484e-01
9.274817283269546e-01
9.264135945400831e-01
9.326378329416707e-01
9.313738956579229e-01
9.159009079390407e-01
9.173280218621168e-01
9.191678231759233e-01
9.181533130645027e-01
9.196708757418287e-01
9.175602440404814e-01
9.162887807257709e-01
9.192354438081053e-01
9.161995892634758e-01
9.159477588364577e-01
9.148189332285945e-01
9.152212099159843e-01
9.160252769395919e-01
9.147355858551762e-01
9.374231165278838e-01
9.306008261695610e-01
9.262814380880960e-01
9.268612718481607e-01
9.305446432033817e-01
9.312826357749641e-01
9.126191152807559e-01
9.130782456234554e-01
9.127089286955600e-01
9.130978517814092e-01
9.133200139570684e-01
9.158390091882520e-01
9.161053872204596e-01
9.151550188297610e-01
9.147396971593078e-01
9.139767270354866e-01
9.149673349777012e-01
9.142458733297507e-01
9.138665532131274e-01
9.155214356754212e-01
9.164075507206736e-01
9.164272040104656e-01
9.158938338806710e-01
9.176630962766585e-01
9.169919227912446e-01
9.166987215362860e-01
9.187118927181720e-01
9.190005509354302e-01
9.198958833837872e-01
9.210387770434565e-01
9.228842744691201e-01
9.199815369521446e-01
9.261096042376489e-01
9.242502149767905e-01
9.214695920693283e-01
9.243193772841275e-01
9.242516910671172e-01
9.215946652677908e-01
9.280012505698445e-01
9.283189398168421e-01
9.322581648360131e-01
9.170158183345882e-01
9.181263238552360e-01
9.153985908060946e-01
9.162662686758998e-01
9.183065773308687e-01
9.171770882607676e-01
9.193007690557282e-01
9.176772737418050e-01
9.207121658013923e-01
9.183348509978446e-01
9.389901455471857e-01
9.322920201049549e-01
9.280955631548681e-01
9.326541461437947e-01
9.390173500275431e-01
9.396960233360003e-01
9.247787076883965e-01
9.281456965868962e-01
9.216551085703959e-01
9.242016630893305e-01
9.240925004012756e-01
9.278035553674624e-01
9.158848193791287e-01
9.146951917249031e-01
9.159824757876844e-01
9.174033147345318e-01
9.269213299864998e-01
9.230829443480891e-01
9.254376570842699e-01
9.246984060546287e-01
9.288941207624745e-01
9.301419576592846e-01
9.145365376770922e-01
9.142396065285147e-01
9.154233066573598e-01
9.152764281431484e-01
9.408772932562772e-01
9.466667468089148e-01
9.620521298220163e-01
9.622322757511348e-01
9.484601006520181e-01
9.403869503312918e-01
9.480338750595620e-01
9.306247075623880e-01
9.291343566692604e-01
9.257413313886671e-01
9.235325120651755e-01
9.275096912469409e-01
9.251054994482621e-01
9.238336704185500e-01
9.279249488327893e-01
9.328717523896769e-01
9.346677566079916e-01
9.296367592350107e-01
9.249789408334744e-01
9.219460773904041e-01
9.214460997262135e-01
9.251902003364666e-01
9.244267762291384e-01
9.297654964329243e-01
9.265263829231550e-01
9.215885879747485e-01
9.218963058515145e-01
9.244881500048135e-01
9.193492107423462e-01
9.185604822413993e-01
9.165839584965091e-01
9.177632673839814e-01
9.193362961424615e-01
9.131392474745069e-01
9.133942388672326e-01
9.128653732061629e-01
9.135331581328930e-01
9.128528074590284e-01
9.186674707045098e-01
9.166722161325541e-01
9.178885659026108e-01
9.211692252154877e-01
9.201351944667119e-01
9.227482816364294e-01
9.244127469581909e-01
9.204841646065418e-01
9.235794418687089e-01
9.307745330344319e-01
9.275201331129083e-01
9.258258991520297e-01
9.264264252166717e-01
9.258776998152698e-01
9.303150520521390e-01
9.382580922251900e-01
9.308971862555322e-01
9.274221003731157e-01
9.248606617072420e-01
9.224353433042252e-01
9.292574503393668e-01
9.217409874113736e-01
9.190641460169676e-01
9.213510524608322e-01
9.191607406301991e-01
9.175114823216791e-01
9.172543741686534e-01
9.221204008971984e-01
9.254690473637733e-01
9.267653286720720e-01
9.231137006809536e-01
9.246393439599687e-01
9.288240649158769e-01
9.300877613262371e-01
9.223694274440903e-01
9.196162083356806e-01
9.204620216601683e-01
9.217725850540768e-01
9.191057775148631e-01
9.193360328533355e-01
9.216767200071992e-01
9.194230265933997e-01
9.219782137656564e-01
9.174694618893343e-01
9.323998933961900e-01
9.282411381158311e-01
9.281542020874186e-01
9.393965281317891e-01
9.393452793319662e-01
9.327909911234143e-01
9.243813038483072e-01
9.404965392179259e-01
9.348956791022203e-01
9.395986089414711e-01
9.464067361772884e-01
9.467016255475411e-01
9.613052806260520e-01
9.445916211276646e-01
9.477588739782020e-01
9.400192108927862e-01
9.467057199763160e-01
9.627578749390554e-01
9.626729310360977e-01
9.359090748931473e-01
9.419566541609370e-01
9.336757954678081e-01
9.397617987653066e-01
9.341291452515199e-01
9.396110977201838e-01
9.321080838364623e-01
9.312821857707472e-01
9.290500182201286e-01
9.617592939711165e-01
9.466941964316739e-01
9.624672443948601e-01
9.461735332758145e-01
9.753994714516103e-01
9.396772908678848e-01
9.449757504763071e-01
9.384363687069812e-01
9.328073712404165e-01
9.458573082306890e-01
9.611770048727644e-01
9.468357796834439e-01
9.621513602417259e-01
9.618617473069089e-01
9.462279734150297e-01
9.461007939768035e-01
9.617354521188813e-01
9.619085730650130e-01
9.619755242768862e-01
9.467567579229182e-01
9.465394015286710e-01
9.395080167775595e-01
9.330698825460115e-01
9.401671613833532e-01
9.413079716012018e-01
9.617644219875778e-01
9.463864091457729e-01
9.461815806856717e-01
9.618094011334100e-01
9.753494776588388e-01
9.460600657642374e-01
9.459880002798406e-01
9.617969622233514e-01
9.618848339586057e-01
9.389847768328511e-01
9.617980899462539e-01
9.755725079285561e-01
1.016758170370037e+00
1.016611717012773e+00
9.754049288875545e-01
1.030361789513401e+00
9.400153763130737e-01
9.335573572710210e-01
9.361844752310348e-01
9.314629618990337e-01
9.286735607117155e-01
9.456708023831818e-01
9.620375297869643e-01
9.616294770772632e-01
9.469636077864387e-01
9.623374463921373e-01
9.754045252814243e-01
9.619576330803500e-01
1.016654828568519e+00
9.755851391128681e-01
9.751705035635541e-01
1.016693603517319e+00
9.623219376365046e-01
9.622563755447784e-01
9.754860776618310e-01
9.756311165498006e-01
1.016889329004576e+00
1.016575817386961e+00
1.030257394975967e+00
9.484361691520855e-01
9.470276856652470e-01
9.628376665503423e-01
9.619592700646638e-01
9.752565404174495e-01
9.418684902758732e-01
9.487853691523410e-01
9.474899184729847e-01
9.462619724414737e-01
9.343964108249309e-01
9.415568277584653e-01
1.008198906874274e+00
1.008191046893304e+00
1.004858376593961e+00
1.004812739851604e+00
1.002767976435385e+00
1.004799991373412e+00
1.002775020325461e+00
1.002771656533508e+00
9.480496516176178e-01
9.414807390719199e-01
9.337716432106141e-01
9.356611001521223e-01
9.469852572683701e-01
9.418195060040868e-01
9.342410633086153e-01
9.381267184807465e-01
9.398167580958448e-01
9.422095562613210e-01
9.395196107038457e-01
9.470788348578550e-01
9.469369705066025e-01
9.622048962832342e-01
9.755221291293206e-01
9.353726004295904e-01
9.411689440737988e-01
9.416171504594151e-01
9.373449379567521e-01
9.470272831345677e-01
9.468361636773336e-01
9.419588031583840e-01
9.469061128538619e-01
9.470947620139196e-01
9.394068278292350e-01
9.754464752896915e-01
9.757129864092874e-01
1.016631839990392e+00
9.620266407307360e-01
9.613716294020225e-01
1.016673866606667e+00
9.755920604440674e-01
9.753443774299623e-01
1.016641769230417e+00
9.754194676415612e-01
9.752462070957886e-01
1.016692617956448e+00
9.750587702493424e-01
9.628910669772871e-01
9.625340756862317e-01
1.016621094245846e+00
9.755206000160594e-01
1.016743272320501e+00
1.030371849986541e+00
1.016510523222674e+00
9.755016064831039e-01
9.755366489384348e-01
1.016832734669634e+00
9.619737422020309e-01
1.016689675311936e+00
9.750978205122119e-01
1.016437717551899e+00
9.755839071161030e-01
1.016699825231546e+00
1.030263458043384e+00
1.016531288349365e+00
9.756780828561460e-01
1.016859689607410e+00
1.030313168339046e+00
1.030324658471222e+00
9.754348869994097e-01
1.016935098496814e+00
9.613189772973488e-01
9.753707589940778e-01
9.758592655873050e-01
1.016729684090746e+00
1.016499922107947e+00
9.753949509987994e-01
1.016923233932979e+00
9.756045371946216e-01
1.016576167891824e+00
1.016860167736458e+00
9.753843538921743e-01
9.757361809543111e-01
9.623792240768803e-01
9.614833844867617e-01
9.753106633236579e-01
1.016768779402539e+00
9.754996744156180e-01
1.016708650596094e+00
1.030241828316201e+00
1.030288088325055e+00
1.016705866778412e+00
1.016562793228980e+00
1.030320249814371e+00
1.030254047579535e+00
1.030292256557287e+00
1.016589474721742e+00
1.016871346547192e+00
1.016873175765088e+00
1.016624060104799e+00
1.030340186348404e+00
1.030325978046699e+00
1.016880775015329e+00
1.016866320377439e+00
1.016497139846318e+00
1.030318551441779e+00
1.030226637549024e+00
1.008158077086182e+00
9.756720293133895e-01
1.016886430934614e+00
9.623349195026752e-01
9.620171015344381e-01
9.754263089260893e-01
9.756227364652272e-01
9.755989616948068e-01
1.016944965066711e+00
9.754385249406647e-01
9.626589091655495e-01
9.627656437779665e-01
9.752970550690876e-01
1.016722429151395e+00
9.754960456920814e-01
9.754593142615062e-01
9.619319583193418e-01
9.756007801702070e-01
1.016919275178937e+00
1.016484705359361e+00
9.755075001478408e-01
9.620470145306521e-01
9.464274400528461e-01
9.618034337827664e-01
9.466175085596907e-01
9.619136959564276e-01
9.754177200453266e-01
9.755084863584217e-01
9.753159529630919e-01
1.016719766661209e+00
1.016828317849338e+00
1.016884635760196e+00
1.030276616038800e+00
1.030290276800933e+00
9.617615379998481e-01
9.755475714786802e-01
9.620606978182148e-01
9.753107591450917e-01
9.618928624869956e-01
9.755618120129759e-01
9.462010468150045e-01
9.618260569600279e-01
9.453251580456793e-01
9.616307372297492e-01
9.468938456937510e-01
9.620702066197414e-01
9.757671222646948e-01
1.016789666673080e+00
1.016803226657821e+00
9.621707144029076e-01
9.753109747729418e-01
9.472862462398162e-01
9.622257850595415e-01
9.753801130512112e-01
1.016493032220687e+00
9.755016882101236e-01
9.621336097428035e-01
9.630447002434400e-01
9.475855490801910e-01
9.493814326659736e-01
9.751718015982641e-01
9.624471161169676e-01
9.617936992007322e-01
9.479735678230863e-01
9.463767283860469e-01
9.753292926182910e-01
9.754760547083459e-01
9.476774031381399e-01
9.618282975434614e-01
9.618223261843868e-01
9.752914840041996e-01
9.755330132705380e-01
1.016577320894846e+00
1.016839408763431e+00
9.754241020341911e-01
9.755579514079685e-01
9.617177334392137e-01
9.404824785978785e-01
9.466268381951897e-01
1.016642407435006e+00
1.030285154231926e+00
1.008213378647396e+00
1.008221307176904e+00
1.004811361703533e+00
1.004861004865802e+00
1.002778710203893e+00
1.002785186972763e+00
1.030309161704662e+00
1.030301872654211e+00
1.008192051011264e+00
1.017006747709684e+00
9.756088506750699e-01
1.016702390023001e+00
1.008183508984326e+00
1.030282582983765e+00
1.030330161420470e+00
1.008162724996246e+00
1.008092098909645e+00
1.030317127839757e+00
1.016755682334464e+00
1.030328162503603e+00
1.030262536421269e+00
1.016860870253828e+00
1.016820827687720e+00
1.017064940458095e+00
1.030283652249274e+00
1.008174023668833e+00
1.030346764983743e+00
1.008180123288119e+00
1.004816439622020e+00
1.004803546691442e+00
1.002764247241205e+00
1.008221606006884e+00
1.030403114751672e+00
1.030400726308376e+00
1.008188919979901e+00
1.030354553134418e+00
1.016594347336514e+00
1.008140654286834e+00
1.030312125448808e+00
1.008228656958888e+00
1.004835841770569e+00
1.002790920845594e+00
1.002763968455379e+00
1.008199890480608e+00
1.030353613204008e+00
1.008250808343049e+00
1.008243035758260e+00
1.030324386203721e+00
1.030244723279721e+00
1.008238566062670e+00
1.030392956580454e+00
1.008226046299572e+00
1.030330411880031e+00
1.004810191552060e+00
1.004835062781415e+00
1.002794175719600e+00
1.030339464626203e+00
1.008141294706786e+00
1.008200568386423e+00
1.004811076004317e+00
1.002765669249245e+00
1.002756898365456e+00
1.008149234247537e+00
1.004859253153648e+00
1.002772549367868e+00
1.004852363183954e+00
1.004788757228387e+00
1.002760099815529e+00
1.002763184754146e+00
1.008238768646853e+00
1.030372039971002e+00
1.008332115520729e+00
1.008189931217043e+00
1.030221081550365e+00
1.030415880474133e+00
1.008161907048002e+00
1.030311632693857e+00
1.008130391290667e+00
1.030269776597289e+00
1.030377406948647e+00
1.008169972823895e+00
1.008139006691317e+00
1.008197198649830e+00
1.004780447017622e+00
1.002754649473207e+00
1.004853121568293e+00
1.002774593055324e+00
1.008247830757884e+00
1.030360893310286e+00
1.016666263985329e+00
1.016833787358283e+00
1.030330071810277e+00
1.030339963724578e+00
1.016600823587818e+00
1.008146470204224e+00
1.030383163213671e+00
1.016709156862211e+00
1.030321276996830e+00
1.030312926601783e+00
1.016622217592821e+00
9.756670600877367e-01
1.030300992919765e+00
1.030257580086334e+00
1.030252888492178e+00
1.016708918551488e+00
1.016741459877262e+00
1.030317651620788e+00
1.030352390289391e+00
1.004829695809587e+00
1.002727041837931e+00
1.016575782691769e+00
1.016875517128541e+00
1.030254450868948e+00
1.016683730582641e+00
9.753052820557622e-01
1.030277987777443e+00
1.030335179113719e+00
1.008105526523380e+00
1.008125404150376e+00
1.004813107732603e+00
1.004802402901215e+00
1.002734473244115e+00
1.004846160291952e+00
1.002753367291706e+00
1.030335338379391e+00
1.008252023431397e+00
1.004775763499277e+00
1.004863926147157e+00
1.002782127740544e+00
1.030340725457601e+00
1.030298945688996e+00
1.016535269121436e+00
1.016593286744833e+00
1.030358856392859e+00
1.008182265342886e+00
1.008137833695558e+00
1.030422798650324e+00
1.016443955008127e+00
9.755352947377599e-01
1.016743212908274e+00
1.030489089078870e+00
1.016656862204272e+00
1.016744376432478e+00
9.754620358147039e-01
9.751654640145444e-01
1.030328546915471e+00
1.016693186180988e+00
1.030489942609624e+00
1.016519223217266e+00
9.755061070442241e-01
9.753594353938866e-01
1.030410398671086e+00
9.382214389372762e-01
9.463404292220514e-01
9.412427730801652e-01
9.618362891330566e-01
1.030309839573657e+00
1.030326075548851e+00
1.016783161495285e+00
1.030319307721530e+00
1.008125917222352e+00
1.030391556130103e+00
1.030363398800111e+00
1.008230184998349e+00
1.004862332862380e+00
1.004821161434207e+00
1.002790262952701e+00
1.008136183345394e+00
1.008164353648016e+00
1.004819203545179e+00
1.002730104763952e+00
1.004785557215276e+00
1.002765489955402e+00
1.004847745022649e+00
1.002769789193908e+00
1.002769536687050e+00
1.008165475331057e+00
1.008203644940353e+00
1.008136022514059e+00
1.004848663106740e+00
1.002768033994244e+00
1.008184469470945e+00
1.008185670375714e+00
1.004768527663305e+00
1.002773084955743e+00
1.004802337110176e+00
1.004797037399029e+00
1.002769039380770e+00
1.004853156669151e+00
1.002770418134137e+00
1.002771776669338e+00
1.004816445795833e+00
1.002752227047716e+00
1.008128772872025e+00
1.004836207057450e+00
1.002781714786846e+00
1.002754135331926e+00
1.004802276926680e+00
1.002727814777714e+00
1.008129370729748e+00
1.008159340025044e+00
1.004826221379914e+00
1.002754916583077e+00
1.004820002885187e+00
1.002757799075597e+00
1.004847443403268e+00
1.002781261234455e+00
1.008165327677755e+00
1.008198660510518e+00
1.004816385197602e+00
1.004816138813043e+00
1.002791469735526e+00
1.002791452541324e+00
1.008351918883778e+00
1.008163591116661e+00
1.004803765216391e+00
1.002767581723687e+00
1.004850181598854e+00
1.002761147316547e+00
1.002758223240846e+00
1.008150168024897e+00
1.008147947606709e+00
1.004776810828116e+00
1.004790227769828e+00
1.004809153500438e+00
1.002814381281192e+00
1.004851944968211e+00
1.004771385466176e+00
1.002777688686855e+00
1.002744195375176e+00
1.004808789714799e+00
1.004781379072904e+00
1.002774290606538e+00
1.008117991547067e+00
1.008192741833817e+00
1.002753965346570e+00
1.002714479703840e+00
1.004815059986463e+00
1.002750875312709e+00
1.030289343587408e+00
1.008216643612302e+00
1.008144352881705e+00
1.016822295097764e+00
1.004814612044855e+00
1.002748081014193e+00
1.004811091392414e+00
1.002755393946547e+00
1.008132216176813e+00
1.004831632630184e+00
9.368720155963164e-01
9.341933572540256e-01
9.327451324530576e-01
9.410496079848339e-01
9.397696590773550e-01
1.004792205558151e+00
1.004816882984292e+00
1.002722538584768e+00
1.002775164161578e+00
1.004856724461636e+00
1.002798253158727e+00
1.004797420562919e+00
1.008144052813506e+00
1.030259656107773e+00
1.004820391418502e+00
1.002765919317622e+00
1.008110091849124e+00
1.004841640237463e+00
1.008181846280307e+00
1.002755728236593e+00
1.002753779553258e+00
1.004778182935083e+00
1.004788546182182e+00
1.004847616807898e+00
1.004793312355975e+00
1.002785512071006e+00
1.002758743065454e+00
1.002753742551084e+00
1.004791597768202e+00
1.008078489122931e+00
1.004830144920140e+00
1.004830125261782e+00
1.002780390506218e+00
1.002729634592797e+00
1.002755826220417e+00
1.004844377316192e+00
1.004785780927443e+00
1.008273869416502e+00
1.008217840519467e+00
1.030407705407356e+00
1.002784985012039e+00
1.002783181102286e+00
1.008151731860810e+00
1.004801302089144e+00
1.004833244814022e+00
1.008227576280271e+00
1.002762145058737e+00
1.002773063241460e+00
1.002775716084745e+00
1.004842645219081e+00
1.004814856700545e+00
1.008164399405546e+00
1.030315105038914e+00
1.008205490124751e+00
1.002775143447503e+00
1.002745858232444e+00
9.450871972661631e-01
9.359954084232395e-01
9.411041381269085e-01
9.407868963082122e-01
9.326783398721635e-01
9.298337531561915e-01
9.325369101591113e-01
9.403041609996531e-01
9.479837976989257e-01
9.465804440273987e-01
9.623611878103041e-01
9.753742151089069e-01
1.016521091446897e+00
1.016813977140973e+00
1.008287578116565e+00
1.030361260626701e+00
1.030381773310753e+00
1.030213385631436e+00
1.008128207963171e+00
1.004832652784879e+00
1.008179514212547e+00
1.030272826924633e+00
1.002788547302518e+00
1.004774971718621e+00
1.002734389292274e+00
1.008343425289477e+00
1.004763810832963e+00
1.008240326771163e+00
1.002777171884859e+00
1.002794250876363e+00
1.004823671543243e+00
1.008097323873518e+00
1.002777332095913e+00
1.002721779595015e+00
1.004793871813890e+00
1.004793425453290e+00
1.008154831619965e+00
1.004843887362074e+00
1.008118140526572e+00
1.002760274507966e+00
1.002749784200604e+00
1.002747066494222e+00

rho_bas  1  1102  double
9.649495308258880e-01
9.646127407464612e-01
9.630125889585069e-01
9.612417982702164e-01
9.628062009310763e-01
9.650857459092560e-01
9.681215400201182e-01
9.683611077891273e-01
9.680175456577470e-01
9.682008096898125e-01
9.652069559432260e-01
9.635994031575672e-01
9.638148411077684e-01
9.636298560798071e-01
9.368993583590578e-01
9.368394428119942e-01
9.648914128303491e-01
9.681385638340589e-01
9.691886054998438e-01
9.639713504443838e-01
9.689576205339921e-01
9.683661406602460e-01
9.635438759485354e-01
9.650855461945657e-01
9.647577653792888e-01
9.680638595099529e-01
9.689976672506513e-01
9.684661442764328e-01
9.681017985924730e-01
9.679809432263640e-01
9.683059492036841e-01
9.643484308288620e-01
9.644516058799255e-01
9.642369239362359e-01
9.633193940950092e-01
9.634348159854396e-01
9.645364140057741e-01
9.683642065841894e-01
9.685070120579894e-01
9.640903011328725e-01
9.631746995233562e-01
9.634407800060925e-01
9.646609950978687e-01
9.681050708155869e-01
9.683028256740177e-01
9.641548111671328e-01
9.647439089860194e-01
9.633839838776318e-01
9.630952943977863e-01
9.680822479365240e-01
9.678838954907718e-01
9.680266810564485e-01
9.681757363458060e-01
9.664814996250493e-01
9.669462502964805e-01
9.682098514175942e-01
9.653509537402876e-01
9.642927714128128e-01
9.661960567356112e-01
9.645572319257285e-01
9.655065880553868e-01
9.672548559881889e-01
9.669994630227829e-01
9.658258343994933e-01
9.637447734500209e-01
9.640228487918142e-01
9.629839758568345e-01
9.611994746734073e-01
9.616174414075803e-01
9.635013450898475e-01
9.567217331078002e-01
9.560171459290590e-01
9.564477292931397e-01
9.573251214940476e-01
9.564718168529798e-01
9.572318893077070e-01
9.673467995346416e-01
9.655876895918980e-01
9.680256170040299e-01
9.680845923495452e-01
9.679613471871417e-01
9.682183467216253e-01
9.662520915705638e-01
9.670159396931866e-01
9.633162038479705e-01
9.614766343563002e-01
9.586599667844787e-01
9.574164026025717e-01
9.621704310240271e-01
9.640673044416816e-01
9.626443161975256e-01
9.654485396089105e-01
9.655142806866832e-01
9.637615985411732e-01
9.680766857462118e-01
9.677616551868661e-01
9.682251375524117e-01
9.677620203071798e-01
9.662103211799328e-01
9.662677039718534e-01
9.686790847816465e-01
9.654350278713628e-01
9.633789921031594e-01
9.646140447505158e-01
9.624369628353672e-01
9.644056208192824e-01
9.562042369921125e-01
9.557573323248837e-01
9.561887818548865e-01
9.568127915546607e-01
9.565333613651795e-01
9.559226108048263e-01
9.570075270271173e-01
9.565796104601505e-01
9.663402928163055e-01
9.679883831469158e-01
9.667473124141148e-01
9.650305841731494e-01
9.647105515973696e-01
9.680948980343518e-01
9.570783057100607e-01
9.566275200882928e-01
9.559776369183515e-01
9.576240175389297e-01
9.573553212359411e-01
9.585406580891718e-01
9.572795985093713e-01
9.573487504109842e-01
9.577704462919185e-01
9.583225130348797e-01
9.585642335013200e-01
9.584486133317003e-01
9.575545393141189e-01
9.573083881172917e-01
9.581496065835318e-01
9.596141662231989e-01
9.598995042819445e-01
9.588637875980801e-01
9.587892992827075e-01
9.583578526173617e-01
9.582757205930474e-01
9.595457066624267e-01
9.596355309512141e-01
9.597972993537074e-01
9.611148127597835e-01
9.588983841431307e-01
9.577838946697482e-01
9.590870850780652e-01
9.676276409419471e-01
9.652964038637981e-01
9.669296037032354e-01
9.659357871641793e-01
9.665899624894395e-01
9.657094028214315e-01
9.662342553108874e-01
9.643995702926899e-01
9.652347041367795e-01
9.653873930055281e-01
9.638520563706435e-01
9.665090006565317e-01
9.681890256945285e-01
9.678431506912907e-01
9.681204576876473e-01
9.682199814484501e-01
9.625118074207937e-01
9.644550297858066e-01
9.606737338463516e-01
9.613482426369828e-01
9.632567775476409e-01
9.678391629240682e-01
9.677469729993728e-01
9.671114129109435e-01
9.678536238640602e-01
9.680881346302285e-01
9.618595323348754e-01
9.620309220956531e-01
9.635663853093185e-01
9.635579240671188e-01
9.603295599699251e-01
9.654004179020055e-01
9.652734650589968e-01
9.638605640258286e-01
9.681481683349362e-01
9.675396368591531e-01
9.680254122406079e-01
9.679595853413103e-01
9.683578801916664e-01
9.663301187349124e-01
9.669791318790545e-01
9.619996930423270e-01
9.624542152366140e-01
9.612800639464515e-01
9.631732894458802e-01
9.606340629164772e-01
9.603171556694543e-01
9.620086704278961e-01
9.621461706635851e-01
9.604568477687981e-01
9.604723917175806e-01
9.686018076768497e-01
9.681421283916930e-01
9.681589324252204e-01
9.684324118745126e-01
9.680644676895039e-01
9.658850749557608e-01
9.652554017711602e-01
9.639445765904702e-01
9.632814036532971e-01
9.648907866504802e-01
9.679322000707404e-01
9.682067997078821e-01
9.680007411354359e-01
9.681763205454758e-01
9.683250754569824e-01
9.632822039346139e-01
9.635290060994299e-01
9.644641619884590e-01
9.367947837481994e-01
9.369464357772573e-01
9.637422138009646e-01
9.648261183671790e-01
9.633562063846854e-01
9.371626031594773e-01
9.368560000938124e-01
9.370213174596834e-01
9.682616113747029e-01
9.679565093693777e-01
9.676638981193617e-01
9.642666983460785e-01
9.688781171780920e-01
9.686986551692144e-01
9.683403288192818e-01
9.690204612537691e-01
9.684945432147676e-01
9.648857092626582e-01
9.646233954072434e-01
9.644371183955488e-01
9.683518025080579e-01
9.650369526486317e-01
9.631733287121548e-01
9.632427604852151e-01
9.638811709263438e-01
9.635710585608706e-01
9.595537937218415e-01
9.590561135070272e-01
9.581047090439638e-01
9.574931761138120e-01
9.569764086335755e-01
9.577689017936570e-01
9.605692892816118e-01
9.597233527437886e-01
9.592002042227433e-01
9.582447200556902e-01
9.578795052719931e-01
9.608148595877316e-01
9.614817752700410e-01
9.644644831703458e-01
9.635435405025420e-01
9.680921997043966e-01
9.635403446047309e-01
9.624657776135623e-01
9.635476572084669e-01
9.636970561371970e-01
9.632133074508750e-01
9.635468421263356e-01
9.369311005282712e-01
9.366617321332013e-01
9.368634887754198e-01
9.557814884986021e-01
9.556865478106906e-01
9.556710447998944e-01
9.559467715184109e-01
9.680587387671551e-01
9.667577232516236e-01
9.680248034384390e-01
9.683814578992036e-01
9.679936528299624e-01
9.678313153698311e-01
9.681585226635141e-01
9.680552170356420e-01
9.676155433063756e-01
9.686184414286146e-01
9.636216476644298e-01
9.631048503463457e-01
9.617280268987949e-01
9.613244804022160e-01
9.662461275211045e-01
9.657925990662936e-01
9.673671822155503e-01
9.669490558380349e-01
9.680823069942498e-01
9.682149008961672e-01
9.596806105151480e-01
9.611043528272757e-01
9.627383929533875e-01
9.618759269404118e-01
9.631559508202621e-01
9.613266943569371e-01
9.600824307076740e-01
9.627995675094512e-01
9.599864931153123e-01
9.597286083171770e-01
9.585168712626254e-01
9.589557386434211e-01
9.598110165195292e-01
9.584258226826594e-01
9.684562686057073e-01
9.680192287699019e-01
9.670896817538985e-01
9.673137748536459e-01
9.680662950926686e-01
9.680345150111846e-01
9.559536973355748e-01
9.565094686046285e-01
9.560634869756031e-01
9.565330715816319e-01
9.567982824715616e-01
9.596133303128733e-01
9.598870827427614e-01
9.588820726161053e-01
9.584275673936670e-01
9.575640968879460e-01
9.586829305364487e-01
9.578757189824186e-01
9.574394829260122e-01
9.592832347606578e-01
9.602033031627373e-01
9.602231418600181e-01
9.596665597173173e-01
9.614097647887014e-01
9.607728327274200e-01
9.604832627873577e-01
9.623488764086967e-01
9.625900108538527e-01
9.633085484416932e-01
9.641749566873775e-01
9.653925706307281e-01
9.633973539688604e-01
9.668342106087872e-01
9.661020121797579e-01
9.644931934070980e-01
9.661308772821844e-01
9.660877432310326e-01
9.645674877073136e-01
9.677013650325903e-01
9.677704389855448e-01
9.682850720074073e-01
9.608082518164502e-01
9.618532510010003e-01
9.591520935940427e-01
9.600609590510508e-01
9.620122422526836e-01
9.609639675042755e-01
9.628609256305933e-01
9.614375543241713e-01
9.639496956587021e-01
9.620392110668904e-01
9.683567369706315e-01
9.681844094772423e-01
9.676663795081307e-01
9.680955034727826e-01
9.685866520932861e-01
9.683914748747705e-01
9.663493139279175e-01
9.676595378384034e-01
9.646233213566084e-01
9.660643759345412e-01
9.660064016725688e-01
9.676370864842030e-01
9.596633817816109e-01
9.583808576713622e-01
9.597665898774551e-01
9.611779001254015e-01
9.672650054183451e-01
9.655171829410919e-01
9.665962530349549e-01
9.662885539316729e-01
9.679154810776260e-01
9.682302424509963e-01
9.581996113343764e-01
9.578646944844633e-01
9.591708435079228e-01
9.590138789939245e-01
9.688506527193528e-01
9.642557626665184e-01
9.636143579154116e-01
9.634531261451846e-01
9.631437879674510e-01
9.680563796718787e-01
9.636130448519168e-01
9.681202171457690e-01
9.680143149765548e-01
9.667667784610295e-01
9.657668069688304e-01
9.675718609251549e-01
9.664765949110460e-01
9.658667648532688e-01
9.675800256719127e-01
9.680898673056958e-01
9.679674800898626e-01
9.680678043451149e-01
9.663895072559489e-01
9.648132085645927e-01
9.644789869915807e-01
9.665244527841120e-01
9.661730767634862e-01
9.681261274509172e-01
9.671295956299034e-01
9.645747564626849e-01
9.647814689155154e-01
9.662043450813219e-01
9.628950145162258e-01
9.622271538097215e-01
9.603741136866876e-01
9.615132020101289e-01
9.628835925648970e-01
9.565816295022356e-01
9.568844058347109e-01
9.562525680279749e-01
9.570479528295435e-01
9.562372301320511e-01
9.623181207658495e-01
9.604609637768747e-01
9.616277409884649e-01
9.642782038095735e-01
9.635106937101553e-01
9.653012924218344e-01
9.661441773438554e-01
9.637803365456161e-01
9.657937079970736e-01
9.682079393780249e-01
9.674540284339784e-01
9.667632809434541e-01
9.670533612786054e-01
9.667344348214760e-01
9.681290921089496e-01
9.687162726663708e-01
9.681266825410864e-01
9.674444793061399e-01
9.663788019322055e-01
9.651243500690579e-01
9.679737550512777e-01
9.646780288130785e-01
9.626588020222044e-01
9.644146543193745e-01
9.627418425936839e-01
9.612839564849679e-01
9.610379786569501e-01
9.649014893777448e-01
9.665879501977250e-01
9.671189389101459e-01
9.655073629956855e-01
9.662520203875636e-01
9.678679307573892e-01
9.681930951434976e-01
9.650930038013434e-01
9.631164845694202e-01
9.637729205618882e-01
9.647087904470543e-01
9.627030919259690e-01
9.628794086052839e-01
9.646296978248841e-01
9.629557779959501e-01
9.648385738754478e-01
9.612403931650135e-01
9.680578272985418e-01
9.677267161309709e-01
9.676864882238367e-01
9.686055892740142e-01
9.685875478486322e-01
9.682123567256429e-01
9.661525963920382e-01
9.689275732418721e-01
9.685825601806461e-01
9.682728994781885e-01
9.644385994059677e-01
9.640942961650470e-01
9.635496329576840e-01
9.658734215928958e-01
9.637790306700060e-01
9.686141902108807e-01
9.641173257102063e-01
9.635832719148082e-01
9.635542894831093e-01
9.681716888431904e-01
9.686876458290593e-01
9.680021550026695e-01
9.683507587507684e-01
9.679453466799449e-01
9.682222220238628e-01
9.682246648619474e-01
9.683315592645212e-01
9.679219244736897e-01
9.633337675790367e-01
9.643959912181475e-01
9.631762208720787e-01
9.646257827527494e-01
9.370867951067071e-01
9.687368189075451e-01
9.648365339083698e-01
9.686480565327288e-01
9.681900286839999e-01
9.643315577152886e-01
9.635458606785858e-01
9.639056284964491e-01
9.635396038965963e-01
9.636406595415788e-01
9.642124055727719e-01
9.645866988121273e-01
9.634446618174075e-01
9.635154032398058e-01
9.635825760787455e-01
9.639839549827530e-01
9.642571854852126e-01
9.685241877558709e-01
9.682131174261734e-01
9.684116888671904e-01
9.683857666043068e-01
9.635095433976523e-01
9.644662346513159e-01
9.643387620302049e-01
9.634853597634208e-01
9.370342487030423e-01
9.644520770244928e-01
9.645042496840849e-01
9.634380944513176e-01
9.633562403763033e-01
9.686599581112385e-01
9.634977038059369e-01
9.368941821593656e-01
9.463640261568074e-01
9.464053841934736e-01
9.369934054979034e-01
9.815527304611098e-01
9.687034622496025e-01
9.682346640068915e-01
9.681070910524995e-01
9.681803392809758e-01
9.678373510787232e-01
9.644911026553961e-01
9.635142611922696e-01
9.635622417321168e-01
9.638045089479153e-01
9.635262347975740e-01
9.368906738545220e-01
9.633925140414714e-01
9.462335279400448e-01
9.369519215485210e-01
9.370616618970063e-01
9.462435773010143e-01
9.634160183403924e-01
9.633571958784868e-01
9.369327901936996e-01
9.369787014089362e-01
9.465342731760957e-01
9.463349203444203e-01
9.817262692436075e-01
9.632427701868361e-01
9.640076214780082e-01
9.634787555401096e-01
9.633229401072411e-01
9.369613059176675e-01
9.682987820301580e-01
9.634207303882936e-01
9.638062195911045e-01
9.643059737205939e-01
9.679803160790162e-01
9.682284651082916e-01
9.895326443365039e-01
9.895598520584862e-01
9.958511470465918e-01
9.959173386290749e-01
9.969335957416655e-01
9.959274207919373e-01
9.969263998659814e-01
9.969297188375280e-01
9.635742317220374e-01
9.684657478215035e-01
9.681029185467822e-01
9.680195311656383e-01
9.641044149846474e-01
9.682764980545696e-01
9.680230619583930e-01
9.686751419269836e-01
9.685134681234471e-01
9.681503016727675e-01
9.683661343472082e-01
9.641768463073072e-01
9.640882320046604e-01
9.633395593024024e-01
9.369334066477527e-01
9.681264164062799e-01
9.681595564982187e-01
9.683235572147928e-01
9.683683772668853e-01
9.641531531927978e-01
9.640615281839626e-01
9.681828669124669e-01
9.642151880249276e-01
9.638337017609203e-01
9.684863326902854e-01
9.369494916506438e-01
9.369148047142091e-01
9.463784793589094e-01
9.634189798379034e-01
9.634521602623096e-01
9.464959656794237e-01
9.369435594855557e-01
9.370043795810782e-01
9.465630255391891e-01
9.370756258490395e-01
9.370131950441603e-01
9.463029817768951e-01
9.369806668034354e-01
9.633811292667340e-01
9.633708501800656e-01
9.463354890622065e-01
9.369216532264829e-01
9.464941242513863e-01
9.816232559032246e-01
9.464491833604604e-01
9.367912495709114e-01
9.371072015157850e-01
9.464992743456572e-01
9.635178895518476e-01
9.464221002509727e-01
9.369426059908372e-01
9.464193647881630e-01
9.370099164068604e-01
9.464349106176828e-01
9.816815518464719e-01
9.461810377038730e-01
9.369363395163179e-01
9.463560742499584e-01
9.815307064109992e-01
9.815905518201015e-01
9.368359994520837e-01
9.464574677386497e-01
9.634823282565566e-01
9.370351744791990e-01
9.369277238309462e-01
9.463569696327143e-01
9.462222257963100e-01
9.370201145028678e-01
9.462477184022374e-01
9.369812931088313e-01
9.462008137576567e-01
9.462885644178416e-01
9.368963858833730e-01
9.369355712211105e-01
9.633184210045133e-01
9.631694632568095e-01
9.368943867598559e-01
9.463341093024449e-01
9.370139451656532e-01
9.463560049928039e-01
9.815681459065052e-01
9.815875312137267e-01
9.462635857424627e-01
9.462676541843861e-01
9.815483917551974e-01
9.817079435112633e-01
9.817346123334937e-01
9.461120157759995e-01
9.462442211651050e-01
9.464053920877759e-01
9.462236177858081e-01
9.815606860382382e-01
9.815921594404854e-01
9.465258457659051e-01
9.465233988282767e-01
9.464639661017001e-01
9.815384552568400e-01
9.816866893751214e-01
9.896185661593934e-01
9.370484821529662e-01
9.465364639271158e-01
9.633962793269740e-01
9.632929404589851e-01
9.367921510137316e-01
9.370623484830356e-01
9.368881193463173e-01
9.461530693824097e-01
9.367944758656521e-01
9.631162199526605e-01
9.633609564907029e-01
9.369187645196013e-01
9.464636602534234e-01
9.369333026708954e-01
9.368200577658330e-01
9.632548940903467e-01
9.371316066058217e-01
9.463692291644136e-01
9.457912419276508e-01
9.367911583266582e-01
9.634545996993379e-01
9.643141101538806e-01
9.634322665214674e-01
9.639105576043143e-01
9.635526443297443e-01
9.370805736999609e-01
9.368570686006298e-01
9.370815025530892e-01
9.465371788076832e-01
9.464426413746326e-01
9.464627780889597e-01
9.816420577514968e-01
9.814801045929212e-01
9.635770330903890e-01
9.369527627624582e-01
9.633278725983756e-01
9.368809279586856e-01
9.633626864412128e-01
9.370815566173797e-01
9.646174117874662e-01
9.633806143377859e-01
9.646207158809286e-01
9.634671401057758e-01
9.641074461000563e-01
9.634190033014985e-01
9.368788243588171e-01
9.462804438801710e-01
9.463684276024826e-01
9.635184159524719e-01
9.370314784214546e-01
9.636803121077031e-01
9.634417009615664e-01
9.369853466280946e-01
9.464713224086555e-01
9.368778437810407e-01
9.632863610102743e-01
9.633489736724672e-01
9.638276202648350e-01
9.631186873083412e-01
9.369236896847224e-01
9.635386756299342e-01
9.634936668645295e-01
9.632809197873304e-01
9.643871849986386e-01
9.370188579608301e-01
9.366476365635534e-01
9.634173351785976e-01
9.636835004507202e-01
9.634992903571121e-01
9.367416789378905e-01
9.370048196750540e-01
9.462304338033425e-01
9.462520001856441e-01
9.369138535780098e-01
9.369160425303470e-01
9.632560923029746e-01
9.683459817261959e-01
9.641992485503363e-01
9.464208641786227e-01
9.816662745979121e-01
9.895401659515276e-01
9.895081901823061e-01
9.959115223134084e-01
9.958496711116612e-01
9.969241905433271e-01
9.969185638324424e-01
9.815249403498925e-01
9.816261250122210e-01
9.895984002194923e-01
9.463472782334619e-01
9.368780948293349e-01
9.462629003202609e-01
9.895526856087544e-01
9.816604702999876e-01
9.816660958401021e-01
9.895700086365210e-01
9.896456786323183e-01
9.815491937227082e-01
9.464998254072088e-01
9.816149216616837e-01
9.814941880848411e-01
9.462967041827934e-01
9.464117796776705e-01
9.463985592858384e-01
9.816185615174218e-01
9.895638004962480e-01
9.814903780641225e-01
9.895638208209512e-01
9.958915121319042e-01
9.959231172356701e-01
9.969387049096097e-01
9.895152969091106e-01
9.813785051155984e-01
9.814658804128560e-01
9.895500040095250e-01
9.816761987520713e-01
9.462930183589733e-01
9.895878700641901e-01
9.815545229821007e-01
9.895053994523549e-01
9.958761436309984e-01
9.969136711755048e-01
9.969367639809217e-01
9.895483470342828e-01
9.814138714547210e-01
9.895000791935750e-01
9.894728221292806e-01
9.814852536389507e-01
9.816857305710637e-01
9.894734614942197e-01
9.816551576086858e-01
9.895137916804645e-01
9.814663297581510e-01
9.959042110507446e-01
9.958847595015174e-01
9.969098942737609e-01
9.816705321183291e-01
9.896081809010425e-01
9.895515033777703e-01
9.959134107163182e-01
9.969385304182585e-01
9.969435208290809e-01
9.895755507917627e-01
9.958515533017588e-01
9.969298853269476e-01
9.958602841405705e-01
9.959413762119004e-01
9.969409594288499e-01
9.969365962658570e-01
9.894605910432147e-01
9.813860804065998e-01
9.894500755729746e-01
9.895625427241856e-01
9.816768873132883e-01
9.815409112047229e-01
9.895680432346700e-01
9.816614785699198e-01
9.895979293684716e-01
9.815901316130660e-01
9.816741816439365e-01
9.895638511706849e-01
9.895856300381456e-01
9.895666028523820e-01
9.959412982047809e-01
9.969461347285997e-01
9.958535708861250e-01
9.969296665872155e-01
9.894574613102048e-01
9.815965323488761e-01
9.464005917310411e-01
9.461628407577738e-01
9.816219205264836e-01
9.815788848440352e-01
9.463752220334209e-01
9.896058447772418e-01
9.815258990246952e-01
9.464576463305486e-01
9.816942909515507e-01
9.815259314739212e-01
9.463206660570203e-01
9.369333746944106e-01
9.816092458359305e-01
9.817155372410152e-01
9.815025698858421e-01
9.464127960133664e-01
9.464685642960390e-01
9.816626661097219e-01
9.815557800794756e-01
9.958916739806953e-01
9.969700900037830e-01
9.464509366555343e-01
9.465256018423415e-01
9.816666160679637e-01
9.463978570639456e-01
9.368851435043911e-01
9.815782682482955e-01
9.816199358516331e-01
9.896383255050231e-01
9.896141674826056e-01
9.959057791866965e-01
9.959238211786279e-01
9.969636054011285e-01
9.958670711635200e-01
9.969462651285720e-01
9.816685260449560e-01
9.894862156237139e-01
9.959501882326197e-01
9.958453181979515e-01
9.969203680257850e-01
9.815046005072381e-01
9.817190718077741e-01
9.462752226676118e-01
9.464124004913197e-01
9.815292525262452e-01
9.895278906638483e-01
9.895898552172717e-01
9.815528261590210e-01
9.457769976120529e-01
9.370642448792379e-01
9.460476264242347e-01
9.813284234335697e-01
9.462857474736640e-01
9.463724474801632e-01
9.370126328052094e-01
9.369967036194853e-01
9.816410672563701e-01
9.462406437467118e-01
9.815121903874447e-01
9.458245027782191e-01
9.371044630882309e-01
9.369590134964717e-01
9.813517571907352e-01
9.684616538905489e-01
9.643174219308395e-01
9.684773328906721e-01
9.632287352814041e-01
9.815792375856651e-01
9.816481439770141e-01
9.464494035545411e-01
9.816630201222497e-01
9.896170472917344e-01
9.815214937289436e-01
9.815404515150945e-01
9.895100817079131e-01
9.958500165838434e-01
9.958995475347883e-01
9.969139002821913e-01
9.896266414633634e-01
9.895486671880154e-01
9.959069485070891e-01
9.969675683610462e-01
9.959424914919114e-01
9.969363878259507e-01
9.958598662454402e-01
9.969318053842590e-01
9.969342746005151e-01
9.895750432417214e-01
9.895503936626996e-01
9.895711037772598e-01
9.958572362694739e-01
9.969339082991293e-01
9.895518796733551e-01
9.895506961985903e-01
9.959523923991319e-01
9.969313846348181e-01
9.959091890268054e-01
9.959235389040637e-01
9.969337899241211e-01
9.958569100031969e-01
9.969321684399345e-01
9.969319431358833e-01
9.959111658865463e-01
9.969494079977081e-01
9.896048047810493e-01
9.958743332093450e-01
9.969226780371332e-01
9.969459622852456e-01
9.959210199717682e-01
9.969710773392558e-01
9.896058898041697e-01
9.896115659293528e-01
9.958848710169511e-01
9.969461650254259e-01
9.958884951370724e-01
9.969421918772886e-01
9.958600893665451e-01
9.969221673856841e-01
9.895533036405350e-01
9.895647520839128e-01
9.959103760800103e-01
9.958899529663540e-01
9.969138825684219e-01
9.969103325290388e-01
9.894204404993291e-01
9.895630753335771e-01
9.959173537027429e-01
9.969319093956978e-01
9.958611439948127e-01
9.969395240939999e-01
9.969433167796322e-01
9.896004020058786e-01
9.895688712841476e-01
9.959522215988182e-01
9.959355248234361e-01
9.959047607132355e-01
9.968935904726091e-01
9.958557345919559e-01
9.959510702623702e-01
9.969257115363632e-01
9.969541673740341e-01
9.959092449654027e-01
9.959318563492093e-01
9.969285783870079e-01
9.896750443409514e-01
9.895283201142419e-01
9.969493849742156e-01
9.969827591159112e-01
9.958941332155332e-01
9.969492858236082e-01
9.815099404199603e-01
9.895475132266339e-01
9.896013577607136e-01
9.464401373351903e-01
9.959114881977755e-01
9.969511765183314e-01
9.959144225938468e-01
9.969471077518385e-01
9.896163073405158e-01
9.958804307953492e-01
9.682841379285522e-01
9.682252157562602e-01
9.682280065364308e-01
9.684977709298168e-01
9.682661084371248e-01
9.959288201136339e-01
9.959055681770047e-01
9.969740029641699e-01
9.969281655863004e-01
9.958597304147255e-01
9.969059157593205e-01
9.959243890589868e-01
9.895882514580864e-01
9.816368019948656e-01
9.958892873334507e-01
9.969385470582599e-01
9.896368904309332e-01
9.958691928989377e-01
9.895734254223739e-01
9.969469468114532e-01
9.969472523406906e-01
9.959428991375110e-01
9.959364052245664e-01
9.958682783747305e-01
9.959256769423130e-01
9.969176789350506e-01
9.969449434060090e-01
9.969452305587561e-01
9.959321627082751e-01
9.896492696400433e-01
9.958928869589225e-01
9.958805904737913e-01
9.969233383080934e-01
9.969675791068695e-01
9.969442735585978e-01
9.958642369629210e-01
9.959428775975828e-01
9.894572404142322e-01
9.894998633331701e-01
9.814705334236515e-01
9.969165602371470e-01
9.969184648099626e-01
9.895723715558711e-01
9.959250491991073e-01
9.958729227086480e-01
9.895176873561484e-01
9.969389379769114e-01
9.969296050618729e-01
9.969281886965490e-01
9.958697318469302e-01
9.959093580913907e-01
9.895587099129928e-01
9.816561777384545e-01
9.895634747506733e-01
9.969263660711141e-01
9.969535270887029e-01
9.649030061570782e-01
9.682547354704353e-01
9.688143984218320e-01
9.689735231758413e-01
9.681075133052788e-01
9.682222974153452e-01
9.679789210146251e-01
9.685303341060494e-01
9.640572456626505e-01
9.643307482308929e-01
9.633016197151462e-01
9.371630695383262e-01
9.460125000172231e-01
9.462336805557230e-01
9.895041262266639e-01
9.813687011596373e-01
9.815457270909743e-01
9.816690196073280e-01
9.896119275791572e-01
9.958843904561441e-01
9.895533247345709e-01
9.817181597583847e-01
9.969177768935810e-01
9.959495262369709e-01
9.969635127814734e-01
9.894327744375536e-01
9.959615203848958e-01
9.894561428208175e-01
9.969248965238460e-01
9.969076862562853e-01
9.958985346571706e-01
9.896513780007422e-01
9.969255177623206e-01
9.969748991429486e-01
9.959274849218577e-01
9.959310047509352e-01
9.896091184626463e-01
9.958650215766425e-01
9.896175899565054e-01
9.969433342616196e-01
9.969517694177441e-01
9.969526675749625e-01

rho_lat1  1  1102  double
1.034950078820158e+00
1.034992106455297e+00
1.035154393525427e+00
1.035231322697254e+00
1.035044610501247e+00
1.017027750639290e+00
1.020705267538952e+00
1.019341162037852e+00
1.022789059617351e+00
1.021568633197133e+00
1.030112982299464e+00
1.031245997061251e+00
1.024715474826673e+00
1.025364420246129e+00
1.028077687494219e+00
1.026413186935251e+00
1.031746476161494e+00
1.032529281094866e+00
1.032353634807726e+00
1.033047770419993e+00
1.029948213002065e+00
1.033937876109194e+00
1.026262671070318e+00
1.022661115861800e+00
1.024679059103792e+00
1.023596992968202e+00
1.025163215695815e+00
1.026504678608274e+00
1.026610157849879e+00
1.028103469022180e+00
1.018116500950288e+00
1.014319481228001e+00
1.013255173935167e+00
1.015704729103552e+00
1.010965817732706e+00
1.009843616464902e+00
1.012541868233771e+00
1.014932325002576e+00
1.013319629542302e+00
1.011505671379145e+00
1.010226343070974e+00
1.007712326688532e+00
1.011876562461372e+00
1.015951880914220e+00
1.014403576425602e+00
1.013192191330650e+00
1.014920931817483e+00
1.010580496622074e+00
1.011567624322466e+00
1.032867886329305e+00
1.033327865183199e+00
1.032189519066420e+00
1.033789825044109e+00
1.033320595029772e+00
1.031993278546009e+00
1.030925086452389e+00
1.033152662060281e+00
1.034220063904377e+00
1.033759680236352e+00
1.032499095868086e+00
1.029845615804512e+00
1.028930300501657e+00
1.027619595157116e+00
1.030908912344163e+00
1.030635022391255e+00
1.031637277695965e+00
1.035143440502909e+00
1.035239385229837e+00
1.035082416725050e+00
1.034863674838606e+00
1.035113849040578e+00
1.035408198449227e+00
1.034930357057480e+00
1.034417401078964e+00
1.035464869883664e+00
1.034106016858974e+00
1.021307732379738e+00
1.024342135989765e+00
1.020158808497831e+00
1.017777467690126e+00
1.019331816541732e+00
1.018980524212278e+00
1.023296757081759e+00
1.022112583624256e+00
1.029992931743164e+00
1.031235846805804e+00
1.034775929567949e+00
1.035185697149221e+00
1.030280583589692e+00
1.028157637980442e+00
1.029041509180692e+00
1.028607871415006e+00
1.027247304646582e+00
1.029475799443141e+00
1.019440513494071e+00
1.021478678885080e+00
1.020506957230719e+00
1.022510685171492e+00
1.024480311949337e+00
1.025376344585513e+00
1.016931472441850e+00
1.025066851542322e+00
1.027637386064047e+00
1.026685525311275e+00
1.028495430276291e+00
1.026064568409349e+00
1.035371155566114e+00
1.035491614999934e+00
1.035103431362132e+00
1.034854741697198e+00
1.034682138578435e+00
1.035287819148680e+00
1.035186132286411e+00
1.035485645781719e+00
1.023508718153355e+00
1.020438252059463e+00
1.022388906896509e+00
1.025336120366742e+00
1.026233844413807e+00
1.016883874297633e+00
1.034263538534551e+00
1.034590133854355e+00
1.035235522151070e+00
1.033597736521290e+00
1.033988000334735e+00
1.033749625091206e+00
1.035460188997018e+00
1.035236442249479e+00
1.034667163547902e+00
1.035295327045140e+00
1.034852540730736e+00
1.035395487809289e+00
1.035367442329455e+00
1.035449017505974e+00
1.034941092157594e+00
1.034628680614519e+00
1.035287878928080e+00
1.035185861476306e+00
1.032425513675893e+00
1.032932555986550e+00
1.033372818066654e+00
1.031976985406146e+00
1.032481353264831e+00
1.031405494999452e+00
1.030222767963228e+00
1.033547588340898e+00
1.034541508595579e+00
1.034162804138473e+00
1.027656226137278e+00
1.028567165658275e+00
1.027065261270354e+00
1.029196390416962e+00
1.029913984723269e+00
1.026013305869377e+00
1.024355874950236e+00
1.026970767650413e+00
1.025371110130558e+00
1.027512269587788e+00
1.028426203197275e+00
1.026222996541659e+00
1.025190188298494e+00
1.023506056209322e+00
1.021391463634001e+00
1.024310555333517e+00
1.033207706695899e+00
1.032657584451731e+00
1.033727690283079e+00
1.034261695030382e+00
1.033844278151257e+00
1.033118820682037e+00
1.032111895118497e+00
1.032863032839776e+00
1.030615183862395e+00
1.031134744925449e+00
1.031555993570636e+00
1.032456470099662e+00
1.030845098778108e+00
1.029716095198008e+00
1.033037898024650e+00
1.030035946315834e+00
1.028854686230340e+00
1.031833509471965e+00
1.029210235227568e+00
1.030082138126591e+00
1.030927253305352e+00
1.030639737305128e+00
1.027484301369514e+00
1.031858211118478e+00
1.032734235208364e+00
1.030498361630118e+00
1.029284660647529e+00
1.030055421534410e+00
1.027912775193014e+00
1.031208345942594e+00
1.032200784206201e+00
1.031365598719203e+00
1.032300803088423e+00
1.032887497884380e+00
1.032023628922342e+00
1.018457722931890e+00
1.022867642134581e+00
1.021784403310339e+00
1.019507836959749e+00
1.020829030025734e+00
1.031598686350473e+00
1.032949105596078e+00
1.032621569638503e+00
1.033791049180335e+00
1.031080952849478e+00
1.033025150645042e+00
1.031799066666013e+00
1.033004686265781e+00
1.033626987132188e+00
1.030818411274063e+00
1.018885184758219e+00
1.020078485252291e+00
1.026421190853284e+00
1.017774992711209e+00
1.019846807865715e+00
1.026811391686284e+00
1.033922785796407e+00
1.027578232389961e+00
1.030412107923227e+00
1.031241948204690e+00
1.031902417805233e+00
1.028243152722711e+00
1.029168289378173e+00
1.030227828596521e+00
1.028084169724817e+00
1.028770255032675e+00
1.026492263001174e+00
1.026772318569125e+00
1.020077335858392e+00
1.018025874321804e+00
1.017757113895269e+00
1.015958563473439e+00
1.014194561788089e+00
1.016361794547646e+00
1.011494257845399e+00
1.007529434314915e+00
1.007526453892319e+00
1.009942122674661e+00
1.007414780015514e+00
1.031853402560379e+00
1.032777591855848e+00
1.033286649745453e+00
1.033729751587214e+00
1.034369603299681e+00
1.033991311462449e+00
1.030553511767427e+00
1.031665685246023e+00
1.032616531003556e+00
1.033139524924084e+00
1.033870769790554e+00
1.031002909471519e+00
1.029825733974684e+00
1.019117084075469e+00
1.015018812609297e+00
1.020918529221680e+00
1.016739689492748e+00
1.019885051136521e+00
1.023418280718438e+00
1.021458816726699e+00
1.026048744686711e+00
1.020056483884269e+00
1.022402429176226e+00
1.020038960674827e+00
1.024345754448976e+00
1.035465077107153e+00
1.035535578127788e+00
1.035548421892258e+00
1.035541536937900e+00
1.025379811472217e+00
1.027966078224237e+00
1.026823842969140e+00
1.024431478078072e+00
1.017428600145380e+00
1.020755468718660e+00
1.018556460633634e+00
1.019738494317109e+00
1.021865460860409e+00
1.016078787898952e+00
1.026989505648402e+00
1.027842406502687e+00
1.029281346368227e+00
1.029998529031685e+00
1.032021350823143e+00
1.031062356091437e+00
1.030347851659756e+00
1.029250108721267e+00
1.029380537923458e+00
1.028120593329717e+00
1.034984799100618e+00
1.035046949633244e+00
1.035080192776366e+00
1.033618929284780e+00
1.033909324020280e+00
1.034508557316473e+00
1.034321055466394e+00
1.034668756171049e+00
1.031206786798949e+00
1.031792997261662e+00
1.032774233655762e+00
1.032252770556083e+00
1.032310788900439e+00
1.033229524605883e+00
1.021780341968878e+00
1.023278620545511e+00
1.026203788363818e+00
1.024614842484824e+00
1.025152430912258e+00
1.021651041701849e+00
1.035542321307833e+00
1.035439924077517e+00
1.035369635135777e+00
1.034852267293055e+00
1.035049566929102e+00
1.035301395478760e+00
1.035270250231927e+00
1.035143024469690e+00
1.035393356138703e+00
1.035339163119760e+00
1.033619102460866e+00
1.034576961095946e+00
1.034313682682380e+00
1.033945758370757e+00
1.034217779753626e+00
1.032769113252795e+00
1.034547049491380e+00
1.034162804751324e+00
1.033601968254795e+00
1.034896890225649e+00
1.034565170823706e+00
1.033077494645081e+00
1.033729456032550e+00
1.026365806545875e+00
1.024666422594482e+00
1.027272494961275e+00
1.022508586903587e+00
1.023633881117683e+00
1.034712219415436e+00
1.034310589643235e+00
1.034818249787445e+00
1.035006183708652e+00
1.034192554236203e+00
1.033449132189674e+00
1.033961590327155e+00
1.033308289075650e+00
1.031932076653202e+00
1.034061144857815e+00
1.032923134480844e+00
1.033492671897171e+00
1.033162510684774e+00
1.032221616954755e+00
1.034419325546645e+00
1.030595408115500e+00
1.031745366432848e+00
1.033054222210391e+00
1.034522402626201e+00
1.034603092254990e+00
1.034823852308226e+00
1.033357157878397e+00
1.033468513166843e+00
1.026515064666333e+00
1.023812939973302e+00
1.028131353114114e+00
1.025685332303364e+00
1.024800968565402e+00
1.022850491091445e+00
1.035278034721481e+00
1.035258675840494e+00
1.034922050912251e+00
1.034999306596136e+00
1.034127891538371e+00
1.034542298152795e+00
1.034879125840939e+00
1.034968725705005e+00
1.034573231206338e+00
1.034285168946094e+00
1.034872284332179e+00
1.034446972397643e+00
1.034056078594615e+00
1.033413042770623e+00
1.027530688769779e+00
1.028855058332325e+00
1.023763538160420e+00
1.022181653510399e+00
1.030230537553234e+00
1.029559046402966e+00
1.027092196643029e+00
1.025498756288814e+00
1.024716427731277e+00
1.027343049561334e+00
1.029438151182563e+00
1.027900309383356e+00
1.030100439462125e+00
1.025713747910090e+00
1.022785234457911e+00
1.019747619619742e+00
1.017592306773131e+00
1.020908750280391e+00
1.024024343673873e+00
1.025637009660875e+00
1.026528555906940e+00
1.022770678417180e+00
1.023829318861216e+00
1.019615752218796e+00
1.021678082974578e+00
1.034654326228259e+00
1.033969002471221e+00
1.034220447331890e+00
1.034595174704284e+00
1.028748966518751e+00
1.030768381963672e+00
1.029521996703142e+00
1.028110003797487e+00
1.035470998484844e+00
1.034774736015437e+00
1.035037239633401e+00
1.035132223901662e+00
1.035330739632284e+00
1.034644828004415e+00
1.034953535941147e+00
1.035108474562064e+00
1.034302189592108e+00
1.034906088164173e+00
1.033305331868771e+00
1.033928199648613e+00
1.032794875379506e+00
1.031741858164695e+00
1.030919963955395e+00
1.030533959924954e+00
1.032231863120490e+00
1.024911924656611e+00
1.026506645640927e+00
1.023716313421214e+00
1.018189599619122e+00
1.021979983447554e+00
1.023140963273031e+00
1.033457994152589e+00
1.033082817353366e+00
1.032332930874647e+00
1.034068693914597e+00
1.028880557498675e+00
1.027363363751772e+00
1.029576730669890e+00
1.031431169770917e+00
1.030858286433484e+00
1.034940782139449e+00
1.034790305484190e+00
1.034250091995320e+00
1.034501289226134e+00
1.034977665875565e+00
1.034607465988998e+00
1.034165661500472e+00
1.028824607951315e+00
1.030217834417188e+00
1.030796721771145e+00
1.031296744687374e+00
1.032382252199693e+00
1.028630458009076e+00
1.027088140802623e+00
1.029339791497659e+00
1.027866141419924e+00
1.030647915997312e+00
1.034485986192168e+00
1.034572196718407e+00
1.034138271743288e+00
1.032777322755468e+00
1.033314728662220e+00
1.034755573584126e+00
1.034782361098544e+00
1.030602544382682e+00
1.031061906630277e+00
1.031941591719292e+00
1.033307864902667e+00
1.032242135707968e+00
1.027441445796949e+00
1.032516889762122e+00
1.033527235636031e+00
1.032125666666349e+00
1.032238848343302e+00
1.027288758479501e+00
1.026208260340329e+00
1.033847046695130e+00
1.032876929163649e+00
1.034781456466376e+00
1.033480094299875e+00
1.018085050604304e+00
1.016558373420753e+00
1.020206309803167e+00
1.019261359949752e+00
1.021263974563898e+00
1.027598088382669e+00
1.033375725144103e+00
1.026707794909143e+00
1.034236821665319e+00
1.032184983305308e+00
1.023837201940346e+00
1.024873012525054e+00
1.023023018111904e+00
1.026315645427134e+00
1.022936303977677e+00
1.018562147995005e+00
1.010877231665545e+00
1.007704181573644e+00
1.007723099905303e+00
1.010954198053584e+00
1.011088180900650e+00
1.007541271007003e+00
1.007472074633820e+00
1.008126106348445e+00
1.011349962322552e+00
1.012168374373766e+00
1.015845390240331e+00
1.018268082289535e+00
1.014791036988288e+00
1.014068780088767e+00
1.027753859307759e+00
1.034408381796720e+00
1.034011578384202e+00
1.027286471801586e+00
1.031969285348128e+00
1.015070312151486e+00
1.013776761807129e+00
1.010373860273862e+00
1.009367051844505e+00
1.017297395094403e+00
1.008944467566260e+00
1.006069590741849e+00
1.000059686382385e+00
1.000012323103586e+00
1.004854254895199e+00
9.993718325026691e-01
1.014179682090116e+00
1.017126612961857e+00
1.015827378107000e+00
1.018289082933586e+00
1.020505839425494e+00
1.025703644251291e+00
1.020952770322314e+00
1.019291858436690e+00
1.023573052712525e+00
1.017603614307439e+00
1.021281202095697e+00
1.026564739361375e+00
1.000580086541385e+00
1.030764822707915e+00
1.029992637954600e+00
1.000514018721542e+00
1.021484979585730e+00
1.023041314108010e+00
1.022328569260650e+00
1.024335318637695e+00
1.000222996088568e+00
1.000380274626060e+00
9.957224500759043e-01
1.034142062979898e+00
1.034343856290869e+00
1.027530617713547e+00
1.027935323272788e+00
1.032526772494285e+00
1.018885497237578e+00
1.016308660904445e+00
1.018768257843771e+00
1.020339365148751e+00
1.022890687371388e+00
1.020397777592042e+00
1.000206497727504e+00
1.000173300871407e+00
9.998580894299539e-01
9.998790024842209e-01
9.999547995763972e-01
9.998355978048105e-01
9.999731244592597e-01
9.999643161322271e-01
1.034120554101887e+00
1.032985792191109e+00
1.034573794576225e+00
1.034302660928388e+00
1.034449914163213e+00
1.013887751129049e+00
1.016697583227694e+00
1.015045032385485e+00
1.014290171089647e+00
1.014849806502319e+00
1.015150782714684e+00
1.012009981779612e+00
1.011146623013318e+00
1.008215430705468e+00
1.004039038371956e+00
1.026008940889515e+00
1.023255538922120e+00
1.024298654318880e+00
1.027208072304256e+00
1.021454309568358e+00
1.031362243962277e+00
1.028577686743216e+00
1.029491714211625e+00
1.028240234682049e+00
1.030247443517632e+00
1.007591234243444e+00
1.009248013243660e+00
1.000084275418698e+00
1.010991708930467e+00
1.012468933692007e+00
9.999833394839941e-01
1.003379017126887e+00
1.003468106232577e+00
9.999905942392444e-01
1.003463894556649e+00
1.005405005344875e+00
1.000034857126879e+00
1.006853251157966e+00
1.009221608783816e+00
1.008447042088975e+00
9.999869663105322e-01
1.004036474857924e+00
1.000005240487339e+00
9.996500661371828e-01
1.000587010450763e+00
1.028815650033056e+00
1.027380141932790e+00
1.000389327929834e+00
1.025061688926459e+00
1.000357025309691e+00
1.025704840967790e+00
1.000482309607533e+00
1.023327080825206e+00
1.000319706973352e+00
9.954867066914970e-01
1.000370685675679e+00
1.018830984506625e+00
1.000228586817958e+00
9.964226618123603e-01
9.959218397926682e-01
1.013301758173531e+00
1.000133435147400e+00
1.013873275763171e+00
1.015454931307955e+00
1.011196922746439e+00
1.000174814901793e+00
1.000706308367868e+00
1.031372822156248e+00
1.000505098191196e+00
1.030199063745848e+00
1.000689787699220e+00
1.000499981651786e+00
1.029067977528211e+00
1.008311130074468e+00
1.012883042713672e+00
1.011783028801537e+00
1.010292913684239e+00
1.000396878581268e+00
1.026397607223189e+00
1.000428879578102e+00
9.952457640075948e-01
9.947861668509572e-01
1.000104956468860e+00
1.000173804180481e+00
9.981814117328701e-01
9.977264250074573e-01
9.986405991787840e-01
1.000555944404618e+00
1.000329332860780e+00
1.000332028814507e+00
1.000570668034604e+00
9.951763933008794e-01
9.956789367560778e-01
1.000473073669236e+00
1.000431312759712e+00
1.000577527188493e+00
9.937370160489264e-01
9.936564787514617e-01
1.000288145811928e+00
1.028149301859119e+00
1.000393730674943e+00
1.024296072138704e+00
1.025568738678754e+00
1.029621631186072e+00
1.006711298747378e+00
1.008295629967181e+00
1.000067334189101e+00
1.009216424747647e+00
1.012127419668623e+00
1.013476978125170e+00
1.011132114017446e+00
1.000063286899076e+00
1.007495428753461e+00
1.004411457051211e+00
1.008623059625402e+00
1.005344597499551e+00
9.999922394916487e-01
1.000092161531146e+00
1.012157807267206e+00
1.012867678068147e+00
1.016499455791933e+00
1.011623617146235e+00
1.018159631001464e+00
1.014443683807762e+00
1.003290632554487e+00
1.003447089175957e+00
1.003580544037268e+00
9.999698234811419e-01
9.999815486727635e-01
1.000001731038055e+00
1.000005131484954e+00
9.999185875616907e-01
1.016853145293546e+00
1.015395996081200e+00
1.015239569293626e+00
1.013326516428335e+00
1.027944259349838e+00
1.032114674064612e+00
1.034494356246762e+00
1.027896560782456e+00
1.028946615518134e+00
1.023961763863185e+00
1.030214318738492e+00
1.025019510232864e+00
1.027205082649365e+00
1.000499520278919e+00
1.000431386252396e+00
1.008900553841407e+00
1.004917316762202e+00
1.012710170313502e+00
1.009825217812834e+00
1.006071631681317e+00
1.000035642085631e+00
1.016586284122611e+00
1.016122146534148e+00
1.014161902098131e+00
1.019460314539722e+00
1.017246801198902e+00
1.014492536156869e+00
1.017421461054179e+00
1.019231184619916e+00
1.023212313956959e+00
1.021864531655767e+00
1.019103299945862e+00
1.021205805986151e+00
1.026856316060685e+00
1.022266196803101e+00
1.020988355068670e+00
1.025650106725451e+00
1.023442048833814e+00
1.000445138278124e+00
1.000390319269812e+00
1.004409886645681e+00
1.003780433985764e+00
1.008072232186592e+00
1.014050366426874e+00
1.011300382566832e+00
9.999702844618606e-01
9.961782774138036e-01
1.000185590891411e+00
1.000219717796842e+00
9.998472897571733e-01
9.998672168799514e-01
9.999600281114894e-01
9.999693188482133e-01
9.984110588406077e-01
9.988419241164873e-01
1.000054552899127e+00
1.000119454412814e+00
1.010095708758806e+00
1.000114705936812e+00
1.000080868324564e+00
9.979535103104320e-01
9.993742700235891e-01
1.000013390996273e+00
1.000029282735058e+00
9.990303372197775e-01
1.000036107364403e+00
9.977157982163558e-01
9.981858175593755e-01
1.000188190096517e+00
1.000146644520711e+00
1.000097388271866e+00
9.986422543866023e-01
1.000229141635685e+00
9.949713644404673e-01
1.000244033917820e+00
9.998178293804699e-01
9.998002314133679e-01
9.999816338230741e-01
1.000293441287430e+00
9.940089770788695e-01
9.935912344189767e-01
1.000302337613566e+00
9.938091775173256e-01
1.000638611052455e+00
1.000000910765324e+00
9.998490917622680e-01
9.999935184210526e-01
1.000027685701701e+00
9.998874776242004e-01
9.998892237290895e-01
1.000306809892682e+00
9.936567885244859e-01
1.000296247818180e+00
1.000292163288088e+00
9.941893603754414e-01
9.939606552774595e-01
1.000325344755376e+00
9.935515866002151e-01
1.000315421398380e+00
9.934419703794083e-01
9.997501024424991e-01
9.997533418305553e-01
1.000005598650037e+00
9.990355131672064e-01
1.000045042876765e+00
1.000069670529668e+00
9.999747077579534e-01
9.999149439117627e-01
9.999058763537239e-01
1.000313940232619e+00
9.997653496243556e-01
9.999969347550728e-01
9.997549452333961e-01
9.997577507790050e-01
1.000002946024620e+00
1.000000739310662e+00
1.000040525746132e+00
9.991954530693888e-01
1.000022495910043e+00
9.999968787720205e-01
9.997609090569765e-01
9.995084408599847e-01
1.000007527997185e+00
9.946253051606119e-01
1.000269510508627e+00
9.942381948817788e-01
9.939556496067159e-01
1.000282426981498e+00
1.000214280631899e+00
1.000232644646417e+00
9.998287236279574e-01
9.999773152143168e-01
9.998478442558083e-01
9.999694151476730e-01
1.000162360245197e+00
9.964425611001172e-01
1.000256869414812e+00
1.000294389833406e+00
9.959208819220440e-01
1.000011944012187e+00
9.999825784875190e-01
9.999892856192268e-01
9.999718585440242e-01
1.000571833897593e+00
9.935566791760924e-01
9.935423148237186e-01
1.000626940291852e+00
1.032065151545542e+00
9.961733544894444e-01
9.967258507315246e-01
9.972181722010206e-01
1.000272006848664e+00
1.000002032451720e+00
9.998470328176450e-01
9.996415459311554e-01
1.000006716578273e+00
9.998987258247474e-01
1.000195427430021e+00
1.000094098516172e+00
9.979817471526928e-01
1.000112934402180e+00
1.012204274521783e+00
9.974718588632778e-01
9.999695086422713e-01
9.999932246643983e-01
9.999894044455646e-01
1.000032630854021e+00
1.000034101293409e+00
9.998839785875530e-01
1.000032890901754e+00
9.998846942761581e-01
9.943810014291911e-01
1.000279636193084e+00
9.997765032898687e-01
9.997890172931289e-01
9.999918943447206e-01
9.984074606171929e-01
9.988419130002665e-01
1.000122375471484e+00
1.000059831257763e+00
9.992109299440509e-01
1.000061292182869e+00
1.000037915042850e+00
9.971513999884607e-01
1.000423912044302e+00
1.017823428142510e+00
1.000334566162101e+00
9.966141579027359e-01
1.000644182689791e+00
1.000534247667771e+00
1.031757210903435e+00
1.032518397490859e+00
9.935654729536086e-01
1.000210340834792e+00
9.974101873154148e-01
1.000329630419372e+00
1.014364880778758e+00
1.016635058761968e+00
9.968864059453060e-01
1.023070741038079e+00
1.019691925359939e+00
1.020601571885286e+00
1.016092842886278e+00
9.999184024021253e-01
9.999993910686334e-01
1.000006349493862e+00
9.997592484207832e-01
9.999914576556160e-01
9.954083715453969e-01
9.949682702846323e-01
1.000229850145191e+00
9.999926310239403e-01
1.000006669279602e+00
9.999001211147190e-01
1.000012846373293e+00
1.000029869668459e+00
1.000018725364034e+00
9.998926520190499e-01
9.998687277047914e-01
9.999600476848465e-01
9.998912277204813e-01
9.999507663264158e-01
9.999419256372363e-01
1.000189663337450e+00
1.000136001888953e+00
1.000171332141373e+00
9.999351520197620e-01
9.999229498677491e-01
1.000115584254602e+00
1.000091740425850e+00
9.999139667887037e-01
9.999329165181609e-01
9.999994378123862e-01
1.000012677077100e+00
9.998965604720188e-01
1.000023736331830e+00
9.998917389688934e-01
9.998888934195602e-01
1.000026766408181e+00
9.998870751705559e-01
1.000002739596498e+00
1.000018701028246e+00
9.998953537927413e-01
9.998895553520099e-01
9.999461135994885e-01
9.999178654533584e-01
1.000103053378629e+00
1.000074395731187e+00
9.999244747044290e-01
9.999276243185422e-01
9.999561077950675e-01
9.999224051007434e-01
9.999122781894296e-01
9.999320245719353e-01
1.000121675276921e+00
1.000088508230526e+00
9.999342959665152e-01
9.998999636733836e-01
9.999374879223494e-01
9.999460854180948e-01
1.000131859833255e+00
1.000107286978363e+00
9.999230894694255e-01
9.999263803945924e-01
9.999751877623706e-01
9.999138171634377e-01
9.999066692696614e-01
1.000046219033033e+00
1.000070377186911e+00
9.999554018497420e-01
9.999920018031816e-01
9.997834034598014e-01
9.999958582149961e-01
9.997692982108809e-01
9.997629120684047e-01
9.999993949011042e-01
1.000001840211581e+00
9.997797662631398e-01
9.997649248218677e-01
9.999977032456246e-01
1.000253051777724e+00
1.000306274054260e+00
1.000001168867240e+00
9.999896868140650e-01
1.000013044940943e+00
9.998917250872795e-01
9.995122380670518e-01
1.000020508364360e+00
1.000008131181113e+00
1.000022085566963e+00
1.000033387917056e+00
9.998851798032031e-01
1.000022849456254e+00
9.998884984023375e-01
9.999961166082614e-01
1.000030751175867e+00
1.029404639540842e+00
1.031524282906376e+00
1.033020589814754e+00
1.029614280779696e+00
1.031124165844326e+00
9.999656403685709e-01
9.999840065586483e-01
9.999083374756644e-01
9.999186737222765e-01
9.999449373326184e-01
9.999031629364434e-01
9.997958843673452e-01
1.000258059328166e+00
9.944361496021131e-01
9.998086964897874e-01
9.999847337218394e-01
9.999886123660425e-01
1.000034221709810e+00
9.999906932182797e-01
9.998856134413506e-01
9.998858140520603e-01
1.000029842137623e+00
9.999993686645416e-01
9.999835729767617e-01
9.999658753075249e-01
9.999108416977752e-01
9.998979468506245e-01
9.999024321313995e-01
9.997654048914498e-01
1.000298181845457e+00
9.997715512976015e-01
9.997844173126591e-01
9.999948815228886e-01
9.999975205416035e-01
9.999880587106447e-01
9.998244718530537e-01
9.998053005890761e-01
1.000247162274380e+00
1.000268336009702e+00
9.947049128444704e-01
9.999776589094306e-01
9.999851738272209e-01
1.000202600496490e+00
9.998372449028694e-01
9.998577189696483e-01
1.000181938449529e+00
9.999734333250412e-01
9.999649841739841e-01
9.999561986982187e-01
9.998159222974180e-01
9.998003470154313e-01
1.000250611031931e+00
9.945914199978269e-01
1.000261353166481e+00
9.999809759897471e-01
9.999873939892678e-01
1.025496484755886e+00
1.027019152180751e+00
1.023629028511284e+00
1.027007907651801e+00
1.029312645981206e+00
1.028470496266318e+00
1.026449376118612e+00
1.031826820127296e+00
1.032917404484256e+00
1.031529124073805e+00
1.025990260382289e+00
1.031038242395665e+00
1.000748728772852e+00
1.000524184895872e+00
1.000292836487545e+00
9.937278003761323e-01
9.935968072959550e-01
9.941350477033930e-01
1.000153700078190e+00
9.999028309307544e-01
1.000125521408443e+00
9.969745450723462e-01
9.999379267625274e-01
9.998798510700294e-01
9.999450937084702e-01
1.000143048818379e+00
9.998882612092442e-01
1.000180694378737e+00
9.999413230391019e-01
9.999508216875771e-01
9.997551268471790e-01
1.000302424769931e+00
1.000005160026960e+00
1.000002132361651e+00
9.997613379312325e-01
9.997560078808122e-01
1.000299210037569e+00
9.997586569788997e-01
1.000306842982275e+00
1.000003606504374e+00
1.000001805062635e+00
1.000003958553889e+00

rho_lat2  1  1102  double
1.027145428113987e+00
1.028542975093018e+00
1.029419525603331e+00
1.031311840645154e+00
1.030599503528250e+00
1.016935205599408e+00
1.019812087093931e+00
1.016315023849396e+00
1.019305797535228e+00
1.016072126072253e+00
1.027553087281527e+00
1.025106927940882e+00
1.020739051473177e+00
1.018985786828584e+00
1.020923156229828e+00
1.023206298235308e+00
1.012672997188769e+00
1.016795193342397e+00
1.015427485111126e+00
1.012259538477704e+00
1.013641720574306e+00
1.019180318332910e+00
1.008621977215195e+00
1.012943071448910e+00
1.011904343355740e+00
1.017639013758001e+00
1.016047433075716e+00
1.015206577650351e+00
1.019898572854663e+00
1.018898039552815e+00
1.033633751253977e+00
1.034238121158334e+00
1.033531710204025e+00
1.033942550724499e+00
1.027783689833059e+00
1.027381562508696e+00
1.032919465744978e+00
1.031540396820422e+00
1.029975299863850e+00
1.031675391838712e+00
1.030144259004566e+00
1.024901788104214e+00
1.023841331270943e+00
1.025402805892520e+00
1.022406206165265e+00
1.020082271329450e+00
1.018496100523026e+00
1.014561072790259e+00
1.021384521754372e+00
1.027326595139490e+00
1.027897622597205e+00
1.029192596699575e+00
1.025538025396903e+00
1.030153442430766e+00
1.031185584239695e+00
1.030215821530849e+00
1.024810681176720e+00
1.026473704472814e+00
1.023778752276193e+00
1.025791405552633e+00
1.025010984530729e+00
1.022065102679418e+00
1.023124936068793e+00
1.024029652131675e+00
1.027545496192060e+00
1.026703800517501e+00
1.029338908818740e+00
1.031248122362280e+00
1.030124230913293e+00
1.027992765076949e+00
1.035347413314183e+00
1.035476800833427e+00
1.035501261589508e+00
1.035438030967252e+00
1.035106001006809e+00
1.035374263889590e+00
1.031243690762062e+00
1.032347374742555e+00
1.029270268837104e+00
1.030168405152611e+00
1.031562507285170e+00
1.027231800229161e+00
1.030822618687645e+00
1.028946047224660e+00
1.035056455110207e+00
1.035197554935511e+00
1.034554025117092e+00
1.034871028755144e+00
1.030386105030643e+00
1.029032469244801e+00
1.030958548507736e+00
1.025887431300232e+00
1.026758763222878e+00
1.028324059602936e+00
1.034261886607925e+00
1.033807129066186e+00
1.034584874871143e+00
1.034375551768544e+00
1.034549724782868e+00
1.034907516189332e+00
1.032999359366875e+00
1.030227522850633e+00
1.031497679650033e+00
1.029689915728393e+00
1.032926702082208e+00
1.031934242220445e+00
1.034994862278869e+00
1.035440774423074e+00
1.035184423287378e+00
1.034520314107851e+00
1.035309922838743e+00
1.035502777094955e+00
1.034202507810473e+00
1.034740745736471e+00
1.033826423338120e+00
1.032743570376279e+00
1.032763620196623e+00
1.033519127597000e+00
1.034364092555792e+00
1.032347724008967e+00
1.034738745436687e+00
1.035289605249995e+00
1.035493510013396e+00
1.034933396322541e+00
1.035357243846583e+00
1.035312558974882e+00
1.034389062982062e+00
1.034848361163444e+00
1.035157442608762e+00
1.034001451251359e+00
1.034527991259167e+00
1.033369600308400e+00
1.033819648969615e+00
1.034422337274239e+00
1.033061181945590e+00
1.031567689975019e+00
1.031965678474820e+00
1.032546307026562e+00
1.034462786698247e+00
1.035092811011856e+00
1.035375634697988e+00
1.035167090398943e+00
1.035322935872293e+00
1.034663976706533e+00
1.034797016851553e+00
1.032656523794933e+00
1.033508365988608e+00
1.032144931145105e+00
1.033718095099168e+00
1.034767836656763e+00
1.034645614922770e+00
1.034219993047784e+00
1.033382073848509e+00
1.027615643153662e+00
1.028324499384644e+00
1.029796927738647e+00
1.030317202588074e+00
1.026847763637690e+00
1.029134706997516e+00
1.034940762156944e+00
1.034028146017166e+00
1.034652891094906e+00
1.034849119736486e+00
1.034350357917972e+00
1.028352346200429e+00
1.025906753436052e+00
1.030427212782657e+00
1.029713770788021e+00
1.027505434843183e+00
1.020671178236167e+00
1.018641636929690e+00
1.021934325903461e+00
1.016391299017177e+00
1.019945850197687e+00
1.029827409302697e+00
1.029125062553647e+00
1.027657263070357e+00
1.028426743377745e+00
1.031069494265154e+00
1.025129383302988e+00
1.026014484575905e+00
1.026817795570600e+00
1.017547044101813e+00
1.020948008146820e+00
1.019842814969522e+00
1.016346735206984e+00
1.014177498360949e+00
1.022982168362718e+00
1.021828307421012e+00
1.030470945019419e+00
1.031039543392119e+00
1.032605448800099e+00
1.031573906498711e+00
1.032159097545730e+00
1.031643577945155e+00
1.029742221071473e+00
1.029030868301723e+00
1.030990750772622e+00
1.031568812111300e+00
1.033445931236391e+00
1.034784474895543e+00
1.034775636184564e+00
1.033381418215818e+00
1.034721635238944e+00
1.032639050012613e+00
1.031826721191258e+00
1.033247600399073e+00
1.032507823144789e+00
1.033785801460349e+00
1.020646076999636e+00
1.018636986727710e+00
1.017114543804435e+00
1.019554822494084e+00
1.014458251587444e+00
1.008691753184527e+00
1.007744807899942e+00
1.011113337351518e+00
1.005146295068970e+00
1.004067072582702e+00
1.009248663464791e+00
1.014306312246892e+00
1.010153319462331e+00
1.005167892746960e+00
1.006652031290184e+00
1.007954930189959e+00
1.032535877511336e+00
1.031504503339245e+00
1.031940529084060e+00
1.028932236913964e+00
1.029112988014216e+00
1.029470363352201e+00
1.031666109249794e+00
1.019456221283924e+00
1.020745071806766e+00
1.016557882021573e+00
1.018001447516646e+00
1.019291954392177e+00
1.021640258272901e+00
1.029053302305702e+00
1.022493124068740e+00
1.023944387256302e+00
1.027599543973618e+00
1.020898255720247e+00
1.033484289801653e+00
1.033101572653291e+00
1.034208679274080e+00
1.034964522657130e+00
1.034773163563488e+00
1.033889872330131e+00
1.033757426788446e+00
1.033428381042086e+00
1.033041782562907e+00
1.034162710082221e+00
1.033841154823968e+00
1.032087349582571e+00
1.032533783429593e+00
1.014234831130851e+00
1.009745960118508e+00
1.014902739126684e+00
1.008696895933072e+00
1.012845693445820e+00
1.022613711630182e+00
1.023340465937839e+00
1.030159003911758e+00
1.024898158241842e+00
1.027342263171243e+00
1.028737035674404e+00
1.025135790075626e+00
1.035428255394961e+00
1.035543752679150e+00
1.035542127463990e+00
1.035299201303275e+00
1.021291028701403e+00
1.023263876954771e+00
1.020167610557361e+00
1.017897764366728e+00
1.032241187605681e+00
1.032885038445648e+00
1.033464612361695e+00
1.034252736271597e+00
1.033854639218850e+00
1.032541979053376e+00
1.033281593229297e+00
1.034253234244906e+00
1.034017900684286e+00
1.034759506477186e+00
1.023123081662881e+00
1.024152364228505e+00
1.021127455537489e+00
1.022207074722869e+00
1.017731298230697e+00
1.018968172138383e+00
1.033550151931508e+00
1.032216170027543e+00
1.030533010339265e+00
1.033690270631791e+00
1.032458336221602e+00
1.033034860745208e+00
1.034146098224019e+00
1.031570242548796e+00
1.034624694751068e+00
1.035142621240330e+00
1.035064502283468e+00
1.034419799488236e+00
1.035312885525123e+00
1.035362336198802e+00
1.018088919016434e+00
1.022213306051847e+00
1.024014758895552e+00
1.024974245790960e+00
1.020963453566405e+00
1.023146813708586e+00
1.035314968144076e+00
1.035125138050873e+00
1.035481743021853e+00
1.035495347087020e+00
1.035355654376208e+00
1.032804802174649e+00
1.031904347513491e+00
1.032487920382056e+00
1.033322030073590e+00
1.033775479378984e+00
1.035313532402374e+00
1.035169593505396e+00
1.035435561376467e+00
1.034915992767407e+00
1.034176938423168e+00
1.035139314366513e+00
1.031497425659514e+00
1.029628663801799e+00
1.030344302239034e+00
1.030847097828657e+00
1.028846854082869e+00
1.028253957389412e+00
1.027405440131917e+00
1.032021808173799e+00
1.032409358497731e+00
1.033347925707579e+00
1.029053578329403e+00
1.030910045560405e+00
1.029727610612499e+00
1.028893362247559e+00
1.027547738242681e+00
1.028464479523292e+00
1.026473876464723e+00
1.027893407237638e+00
1.025434222146199e+00
1.034595462666323e+00
1.034878566885525e+00
1.034900325769627e+00
1.035132526566372e+00
1.033725060368423e+00
1.034614983820473e+00
1.034240253191204e+00
1.033076027045019e+00
1.034625644298688e+00
1.034885828407440e+00
1.022590655375285e+00
1.023788056597368e+00
1.024952385931105e+00
1.022200007851363e+00
1.020687470016216e+00
1.018781433716311e+00
1.034920949601085e+00
1.034681152721202e+00
1.035011356839913e+00
1.034942301625104e+00
1.034586878382638e+00
1.034424976154267e+00
1.032855617367465e+00
1.034038012496824e+00
1.033590393185493e+00
1.032270124775302e+00
1.022694384549152e+00
1.025592917137618e+00
1.024520887735393e+00
1.026177326152752e+00
1.023351688921187e+00
1.021520296892594e+00
1.033005735387105e+00
1.033456094700005e+00
1.032078587713682e+00
1.032593919840433e+00
1.013625872677009e+00
1.011216584011679e+00
1.007484026638216e+00
1.007406532991859e+00
1.010526830217374e+00
1.013842211918974e+00
1.010337871593714e+00
1.033937260723198e+00
1.034374833433203e+00
1.034644716163943e+00
1.034199395413680e+00
1.033718701412601e+00
1.033356070235697e+00
1.027506967341942e+00
1.025831346471672e+00
1.023911556581386e+00
1.025059512908489e+00
1.026520206960026e+00
1.028232499745982e+00
1.033583877586635e+00
1.034417183206115e+00
1.032852524284675e+00
1.033880279687925e+00
1.031588993260247e+00
1.031343776624389e+00
1.029792301148536e+00
1.030899773568454e+00
1.028964177158167e+00
1.031627523532769e+00
1.032990839973458e+00
1.033812185059670e+00
1.034069656417696e+00
1.034298942621163e+00
1.034710763028855e+00
1.034482690023528e+00
1.035160950233438e+00
1.034161658981524e+00
1.034968128516126e+00
1.028930891192820e+00
1.030919668038725e+00
1.030201001792584e+00
1.026569795136471e+00
1.028078338782082e+00
1.024924454535370e+00
1.023844866588157e+00
1.033213358981207e+00
1.032563841929856e+00
1.030087997835110e+00
1.031940498900287e+00
1.031176971280153e+00
1.025087182181834e+00
1.024259975051123e+00
1.022250475536730e+00
1.020863433685913e+00
1.023136940019104e+00
1.026001080173594e+00
1.030071955431294e+00
1.031783227442083e+00
1.029029390533434e+00
1.030844508873374e+00
1.034898349429953e+00
1.034891590041325e+00
1.035145962935802e+00
1.035202877385537e+00
1.035173585312337e+00
1.027048886213845e+00
1.024433912820301e+00
1.022583529228776e+00
1.025488081264251e+00
1.026075723248547e+00
1.023226050944808e+00
1.021421326085782e+00
1.034772061018786e+00
1.035054641983107e+00
1.034608630031868e+00
1.033764223393381e+00
1.034211176706040e+00
1.034864658097234e+00
1.034866698853783e+00
1.035130474259013e+00
1.034998406149520e+00
1.035153214306050e+00
1.024030759932679e+00
1.025004751945562e+00
1.026584224199440e+00
1.022338522243960e+00
1.020665471397652e+00
1.022280328600845e+00
1.027633952434934e+00
1.025457210426923e+00
1.028187020226283e+00
1.024205009493024e+00
1.021458383723254e+00
1.023184532011929e+00
1.009889520786369e+00
1.014936833081624e+00
1.012070368947290e+00
1.015416611270787e+00
1.011696377845577e+00
1.010563349327311e+00
1.008786056085462e+00
1.018435611287788e+00
1.016744307359469e+00
1.020346423063519e+00
1.018966409602443e+00
1.025176800456769e+00
1.022107453057979e+00
1.024055989599630e+00
1.027315687501089e+00
1.026661463247428e+00
1.015130167887588e+00
1.020309341234282e+00
1.016630677901650e+00
1.018612651113960e+00
1.013034589345442e+00
1.032045927336966e+00
1.031730505585208e+00
1.032770376569664e+00
1.033505079689005e+00
1.032746811533313e+00
1.026236297503730e+00
1.026539450448922e+00
1.020165636629367e+00
1.024552027273601e+00
1.030289238541557e+00
1.028177908741814e+00
1.023318058022753e+00
1.021917127471084e+00
1.025693213386925e+00
1.031330590126112e+00
1.032546216876508e+00
1.032402853314209e+00
1.033388201323204e+00
1.031391845498946e+00
1.029983653745458e+00
1.014298081199083e+00
1.017720403505493e+00
1.019679592380518e+00
1.015839874794816e+00
1.014156294842631e+00
1.034354075369285e+00
1.033848508334985e+00
1.027658370414930e+00
1.027084054151596e+00
1.033205461331066e+00
1.026695871942389e+00
1.030975926039301e+00
1.000587124232824e+00
1.000576954152158e+00
1.030172691487401e+00
9.937600589937630e-01
1.027513808764698e+00
1.028122522875435e+00
1.030309924170187e+00
1.030321680951428e+00
1.029396670165638e+00
1.011797623148719e+00
1.007541527412444e+00
1.008149976167085e+00
1.011806983629963e+00
1.008546268617729e+00
1.003877420637176e+00
1.017394329931881e+00
1.000344993477735e+00
1.016324862715065e+00
1.018819786943786e+00
1.000358333086700e+00
1.007423316180880e+00
1.007471866306089e+00
1.003557789857409e+00
1.003253840509557e+00
9.999753558230884e-01
1.000017409655537e+00
9.999530562870681e-01
1.014137650205366e+00
1.016002643105267e+00
1.011155537538857e+00
1.012877887698392e+00
1.009948534019832e+00
1.033022844189431e+00
1.034403574985649e+00
1.033921077578513e+00
1.034059185168291e+00
1.034789112499024e+00
1.032805494004646e+00
1.000261624161998e+00
1.000266919615428e+00
9.997937281569450e-01
9.997770074337113e-01
9.999902906162950e-01
9.998090557291227e-01
9.999763063835636e-01
9.999836464671995e-01
1.013500563818201e+00
1.016643357749108e+00
1.020324689056701e+00
1.017933228638839e+00
1.015365966819622e+00
1.025612806470205e+00
1.028147061781471e+00
1.029622587327941e+00
1.027825590792620e+00
1.022784782902020e+00
1.024891576255303e+00
1.022535497130200e+00
1.024883193844322e+00
1.018661156402558e+00
1.020319442547688e+00
1.016817108297733e+00
1.014986850379565e+00
1.014088520856064e+00
1.015460149700884e+00
1.012590712531100e+00
1.011191989806796e+00
1.013629197516287e+00
1.010774782697215e+00
1.010520513051458e+00
1.014640111727287e+00
1.013496504865582e+00
1.011335462145607e+00
1.000133027493883e+00
1.013868063916132e+00
1.012623768051706e+00
1.000320307503484e+00
1.024657773189058e+00
1.022813743090958e+00
1.000290047869177e+00
1.026902827722117e+00
1.016922406853563e+00
1.000160859591624e+00
1.014853967957319e+00
1.015927661294500e+00
1.017660835825559e+00
1.000494077351527e+00
1.028420122399908e+00
1.000465222206686e+00
9.940486277392927e-01
1.000017662438969e+00
1.004449875124336e+00
1.003509648331706e+00
9.999774269236370e-01
1.007715856289027e+00
9.999705249266546e-01
1.003460324942645e+00
9.999890502905384e-01
1.003314320297210e+00
9.999928746381903e-01
9.999942644254884e-01
9.999871999868373e-01
1.004497288177376e+00
1.000021026017950e+00
9.997226334595253e-01
9.998973023532802e-01
1.007774469729890e+00
1.000006520665804e+00
1.011421679835423e+00
1.006121397447049e+00
1.009363243357852e+00
1.000044901188769e+00
1.000253168481197e+00
1.015191486057847e+00
1.000247386991798e+00
1.017443948325977e+00
1.000231666283552e+00
1.000294153282679e+00
1.019876640367502e+00
1.012431220948152e+00
1.011687087971291e+00
1.013485808973791e+00
1.010531467590484e+00
9.999797159871319e-01
1.003454241490957e+00
1.000003986096389e+00
1.000013639466134e+00
9.999796357443312e-01
1.000142271493880e+00
1.000081430924507e+00
9.985594867412210e-01
9.989845552023415e-01
9.981243677602645e-01
1.000572320256431e+00
1.000459125063190e+00
1.000408798701923e+00
1.000442780686490e+00
9.950040079875739e-01
9.946368335580574e-01
1.000020335366040e+00
1.000077227523903e+00
1.000032435958538e+00
9.992698964561679e-01
9.989173327283604e-01
1.000032015151447e+00
1.003822111724805e+00
9.999524531976688e-01
1.007622151679465e+00
1.008223719575226e+00
1.004796606170224e+00
1.031320142938979e+00
1.032193979295312e+00
1.000609460005876e+00
1.032326289365234e+00
1.027737288895509e+00
1.027537855560146e+00
1.032533892851470e+00
1.000580503444310e+00
1.032042354016462e+00
1.029206125756225e+00
1.026275974708824e+00
1.030523921639575e+00
1.000502130745842e+00
1.000887940673981e+00
1.032280731816924e+00
1.027930296279625e+00
1.034480523712396e+00
1.027932901114260e+00
1.034456990338183e+00
1.027619036703107e+00
1.023837714742088e+00
1.025682230100532e+00
1.027827395822576e+00
1.000309902307237e+00
1.000414642944254e+00
1.000367080931141e+00
9.949519464708529e-01
9.945312094349740e-01
1.026865607207466e+00
1.031216966868328e+00
1.027416872276574e+00
1.032222719531617e+00
1.012205403330967e+00
1.010830099900163e+00
1.016944193851509e+00
1.013560065203252e+00
1.028145331375595e+00
1.021414676354603e+00
1.026179085647745e+00
1.019816795686896e+00
1.022004171319328e+00
1.000341848006185e+00
1.000394765249018e+00
1.017041550495094e+00
1.018154247275017e+00
1.020978561622934e+00
1.015353821426930e+00
1.015765358647739e+00
1.000217977403442e+00
1.005622196025956e+00
1.009536522799325e+00
1.010349411476894e+00
1.013563559194086e+00
1.014408159155612e+00
1.006989276323718e+00
1.026251507876841e+00
1.025506735303107e+00
1.032217444048471e+00
1.033017781385926e+00
1.029872771576090e+00
1.028018090029145e+00
1.029540524695221e+00
1.022959925703270e+00
1.024211620185041e+00
1.024420832823684e+00
1.026335827801131e+00
1.000524193175142e+00
1.000473417571982e+00
1.019347865287474e+00
1.021418139657224e+00
1.019728437213887e+00
1.026434166037377e+00
1.025491319304264e+00
1.000311507762981e+00
9.942691307764548e-01
1.000257392348181e+00
1.000250191883347e+00
9.998027245064413e-01
9.997830547557937e-01
9.999873053517749e-01
9.999804373639537e-01
9.934834689765842e-01
9.935612109599004e-01
1.000295333952394e+00
1.000516594671861e+00
1.032293995800117e+00
1.000671360267655e+00
1.000313296526811e+00
9.935677878600000e-01
9.971513940080365e-01
1.000142939653410e+00
1.000116343916239e+00
9.976475150934686e-01
1.000130070654183e+00
9.936192023831976e-01
9.935298542532101e-01
1.000577879900167e+00
1.000503064471719e+00
1.000454258244733e+00
9.935557506667856e-01
9.999886988897430e-01
1.000008114102585e+00
9.999897404656528e-01
1.000034642714149e+00
1.000030813964695e+00
9.998863941770311e-01
1.000156012197181e+00
9.964612469105013e-01
9.975127319086152e-01
1.000127351650850e+00
9.970183070226283e-01
1.000240845939461e+00
1.000279055028422e+00
9.943380475546008e-01
1.000265550976977e+00
9.997878338306108e-01
9.999870852452919e-01
9.999920833414689e-01
1.000115451548670e+00
9.972572142211540e-01
1.000138699590230e+00
1.000170892887850e+00
9.962310864449051e-01
9.967780980823659e-01
1.000093124817800e+00
9.977706627157273e-01
1.000068472843245e+00
9.982424370876285e-01
9.999578106526312e-01
9.999374240276998e-01
9.999223030034736e-01
9.936261925482324e-01
1.000300493506487e+00
1.000307391694591e+00
9.997553381258162e-01
1.000004286425213e+00
1.000003152479277e+00
1.000104278107884e+00
9.999046209963213e-01
9.999450659834758e-01
9.999488559472298e-01
9.999266196013369e-01
9.999257092239028e-01
9.999347442031363e-01
1.000332180248286e+00
9.935579836309935e-01
1.000299561044489e+00
1.000264781173494e+00
9.942250991487229e-01
9.938087837739433e-01
1.000289776773063e+00
9.999413230387391e-01
9.999957975811852e-01
9.997901356733860e-01
9.995625745710520e-01
1.000004974021022e+00
9.999898417136177e-01
9.999892283252337e-01
1.000033671176332e+00
9.998851879875059e-01
1.000032412735495e+00
9.998866184948249e-01
1.000311661198163e+00
9.941144349495726e-01
1.000564954808947e+00
1.000535886112772e+00
9.944237957417423e-01
9.951511726388685e-01
1.000471242113164e+00
1.000238948141390e+00
9.946902584782255e-01
1.000093932899740e+00
9.980319255491870e-01
9.984948387744990e-01
1.000240956652737e+00
1.011822456466945e+00
9.998211304468433e-01
9.996087823848681e-01
9.993219705360797e-01
9.999769370864826e-01
1.000216779473530e+00
9.961344800504555e-01
9.966205396287626e-01
9.999102412041315e-01
9.999320339266635e-01
1.000010564014103e+00
1.000041751750220e+00
9.987910655585682e-01
1.000055935379577e+00
1.008542357477901e+00
9.991620508173933e-01
9.956337865822760e-01
1.000188365159972e+00
1.000215646690770e+00
9.998047562944440e-01
9.998250943362137e-01
9.999776199206544e-01
9.998453649595094e-01
9.999697375037223e-01
9.959906635576592e-01
1.000180935423950e+00
9.998815605014473e-01
9.998591983645403e-01
9.999545341608495e-01
9.983455708477775e-01
9.978848994079115e-01
1.000137703983098e+00
1.000166219863291e+00
9.973795453493267e-01
1.000084869388376e+00
1.000107084833922e+00
9.936502833560513e-01
1.000868290365921e+00
1.030321387475240e+00
1.000697842255195e+00
9.938108122004583e-01
1.000096945835796e+00
1.000104190724058e+00
1.007259635898502e+00
1.009100955909923e+00
9.987069685543882e-01
1.000649201175084e+00
9.935493061646122e-01
1.000868408395507e+00
1.031778363134038e+00
1.030750327764729e+00
9.937158042587254e-01
1.032958414955654e+00
1.034198520239561e+00
1.032675212660629e+00
1.027263702533560e+00
9.958512455152023e-01
9.954088912077134e-01
1.000318261965097e+00
9.963837227742165e-01
1.000203388746733e+00
9.948032189655871e-01
9.952417128547594e-01
1.000238858507192e+00
9.997567982506954e-01
9.997646109478453e-01
1.000001846577224e+00
1.000282641732275e+00
1.000311592867042e+00
9.997773028160216e-01
9.999961437817082e-01
1.000025729479027e+00
9.998873051475972e-01
1.000017442760479e+00
9.998903126508776e-01
9.998960329816142e-01
9.999947601905080e-01
1.000015554526107e+00
1.000003563494031e+00
9.999901112717210e-01
9.999078018019952e-01
1.000031012041407e+00
1.000049841052137e+00
1.000004044283666e+00
9.999020059277202e-01
9.997559738351930e-01
9.997692988283268e-01
1.000000625264007e+00
9.997817511493690e-01
9.999953803987305e-01
9.999895812850583e-01
9.998667021190797e-01
9.999609500348839e-01
1.000166511338441e+00
9.998881733223580e-01
9.999435649029806e-01
9.999516880020307e-01
9.999816268626724e-01
9.999109786131054e-01
1.000038545713761e+00
1.000058106052102e+00
9.999977248097390e-01
9.999043709196810e-01
9.997549286209075e-01
1.000003489404280e+00
9.997610092225636e-01
1.000001902336873e+00
1.000310102460800e+00
1.000301331493539e+00
9.997570085041063e-01
9.997633780880578e-01
1.000001675606201e+00
9.999970947076662e-01
1.000302311148889e+00
1.000313091008163e+00
9.997583665612083e-01
1.000002959816475e+00
9.999530569383160e-01
9.999150797399275e-01
9.999240694978182e-01
1.000091100330592e+00
1.000074133429903e+00
9.999716486716962e-01
9.999327732180245e-01
9.998721010024710e-01
9.999509914579158e-01
9.998925867403682e-01
9.999162904410178e-01
9.999405427698750e-01
9.999295537778055e-01
1.000020050813125e+00
1.000008717226426e+00
9.998939379443371e-01
9.999980232697437e-01
1.000013926270448e+00
9.998993303020378e-01
9.998880718180626e-01
9.999000340222902e-01
9.999471224382473e-01
9.968822074423312e-01
1.000127722753670e+00
1.000151619189541e+00
1.000170359094194e+00
9.998354406389210e-01
9.999652977889877e-01
9.998774983960821e-01
9.999567544261225e-01
1.000179437793985e+00
9.998554745537802e-01
1.029231408769849e+00
1.028523481532145e+00
1.027111291389036e+00
1.026634870573276e+00
1.025467866943709e+00
9.997559920562298e-01
9.997540701086141e-01
1.000002954944029e+00
1.000004090371187e+00
9.997526123419619e-01
1.000004129602608e+00
1.000028216585425e+00
9.999924675475477e-01
9.998783086270063e-01
1.000033277046049e+00
9.998875281511597e-01
1.000221851458053e+00
9.998157242274106e-01
1.000248378361970e+00
9.999741225633366e-01
9.999823043960986e-01
9.997984803377480e-01
9.999213112790188e-01
9.999422958057943e-01
9.999625662704758e-01
9.999202852923940e-01
9.999385262976630e-01
9.999280401406823e-01
1.000002313649520e+00
1.000018467547295e+00
1.000015080894745e+00
1.000025150296517e+00
9.998918219348863e-01
9.998944941137530e-01
9.998873272550937e-01
9.998169946159012e-01
9.998370295821838e-01
1.000236764589318e+00
1.000209703749918e+00
9.954443552886405e-01
9.999725608845601e-01
9.999635125613252e-01
9.999918489616539e-01
1.000033089515990e+00
1.000029963398683e+00
9.999981590587842e-01
9.998852549604745e-01
9.998865771350853e-01
9.998892884646939e-01
9.998280816280747e-01
9.998505330412144e-01
1.000219511890471e+00
9.957648398398025e-01
1.000182017745867e+00
9.999677107170366e-01
9.999576877417452e-01
1.031163008230961e+00
1.031740542313328e+00
1.031493758215467e+00
1.029334694747040e+00
1.031330201973726e+00
1.032476859675725e+00
1.033633422956907e+00
1.023739714178139e+00
1.021716187798960e+00
1.024349387200136e+00
1.018039863251277e+00
1.005700974001031e+00
1.000036447455233e+00
1.000039915450600e+00
1.000025007823323e+00
9.994088088253401e-01
9.990868610653120e-01
9.996892609320013e-01
1.000008615587385e+00
1.000011168362099e+00
1.000022948827838e+00
9.994777301698385e-01
9.998995455396831e-01
1.000021678726227e+00
9.998914146960649e-01
1.000297866651888e+00
9.997688551109932e-01
1.000309617303804e+00
9.999992936118025e-01
9.999944845122893e-01
9.999775291048866e-01
1.000043286263297e+00
9.999136431818200e-01
9.999040770010643e-01
9.999945994293137e-01
9.999687899808840e-01
1.000073559570519e+00
9.999868944010871e-01
1.000054003385588e+00
9.999098669725853e-01
9.999022009194632e-01
9.999167160494611e-01

rho_lat3  1  1102  double
1.027145428113987e+00
1.028542975093018e+00
1.029419525603331e+00
1.031311840645154e+00
1.030599503528250e+00
1.016935205599408e+00
1.019812087093931e+00
1.016315023849396e+00
1.019305797535228e+00
1.016072126072253e+00
1.027553087281527e+00
1.025106927940882e+00
1.020739051473177e+00
1.018985786828584e+00
1.020923156229828e+00
1.023206298235308e+00
1.012672997188769e+00
1.016795193342397e+00
1.015427485111126e+00
1.012259538477704e+00
1.013641720574306e+00
1.019180318332910e+00
1.008621977215195e+00
1.012943071448910e+00
1.011904343355740e+00
1.017639013758001e+00
1.016047433075716e+00
1.015206577650351e+00
1.019898572854663e+00
1.018898039552815e+00
1.033633751253977e+00
1.034238121158334e+00
1.033531710204025e+00
1.033942550724499e+00
1.027783689833059e+00
1.027381562508696e+00
1.032919465744978e+00
1.031540396820422e+00
1.029975299863850e+00
1.031675391838712e+00
1.030144259004566e+00
1.024901788104214e+00
1.023841331270943e+00
1.025402805892520e+00
1.022406206165265e+00
1.020082271329450e+00
1.018496100523026e+00
1.014561072790259e+00
1.021384521754372e+00
1.027326595139490e+00
1.027897622597205e+00
1.029192596699575e+00
1.025538025396903e+00
1.030153442430766e+00
1.031185584239695e+00
1.030215821530849e+00
1.024810681176720e+00
1.026473704472814e+00
1.023778752276193e+00
1.025791405552633e+00
1.025010984530729e+00
1.022065102679418e+00
1.023124936068793e+00
1.024029652131675e+00
1.027545496192060e+00
1.026703800517501e+00
1.029338908818740e+00
1.031248122362280e+00
1.030124230913293e+00
1.027992765076949e+00
1.035347413314183e+00
1.035476800833427e+00
1.035501261589508e+00
1.035438030967252e+00
1.035106001006809e+00
1.035374263889590e+00
1.031243690762062e+00
1.032347374742555e+00
1.029270268837104e+00
1.030168405152611e+00
1.031562507285170e+00
1.027231800229161e+00
1.030822618687645e+00
1.028946047224660e+00
1.035056455110207e+00
1.035197554935511e+00
1.034554025117092e+00
1.034871028755144e+00
1.030386105030643e+00
1.029032469244801e+00
1.030958548507736e+00
1.025887431300232e+00
1.026758763222878e+00
1.028324059602936e+00
1.034261886607925e+00
1.033807129066186e+00
1.034584874871143e+00
1.034375551768544e+00
1.034549724782868e+00
1.034907516189332e+00
1.032999359366875e+00
1.030227522850633e+00
1.031497679650033e+00
1.029689915728393e+00
1.032926702082208e+00
1.031934242220445e+00
1.034994862278869e+00
1.035440774423074e+00
1.035184423287378e+00
1.034520314107851e+00
1.035309922838743e+00
1.035502777094955e+00
1.034202507810473e+00
1.034740745736471e+00
1.033826423338120e+00
1.032743570376279e+00
1.032763620196623e+00
1.033519127597000e+00
1.034364092555792e+00
1.032347724008967e+00
1.034738745436687e+00
1.035289605249995e+00
1.035493510013396e+00
1.034933396322541e+00
1.035357243846583e+00
1.035312558974882e+00
1.034389062982062e+00
1.034848361163444e+00
1.035157442608762e+00
1.034001451251359e+00
1.034527991259167e+00
1.033369600308400e+00
1.033819648969615e+00
1.034422337274239e+00
1.033061181945590e+00
1.031567689975019e+00
1.031965678474820e+00
1.032546307026562e+00
1.034462786698247e+00
1.035092811011856e+00
1.035375634697988e+00
1.035167090398943e+00
1.035322935872293e+00
1.034663976706533e+00
1.034797016851553e+00
1.032656523794933e+00
1.033508365988608e+00
1.032144931145105e+00
1.033718095099168e+00
1.034767836656763e+00
1.034645614922770e+00
1.034219993047784e+00
1.033382073848509e+00
1.027615643153662e+00
1.028324499384644e+00
1.029796927738647e+00
1.030317202588074e+00
1.026847763637690e+00
1.029134706997516e+00
1.034940762156944e+00
1.034028146017166e+00
1.034652891094906e+00
1.034849119736486e+00
1.034350357917972e+00
1.028352346200429e+00
1.025906753436052e+00
1.030427212782657e+00
1.029713770788021e+00
1.027505434843183e+00
1.020671178236167e+00
1.018641636929690e+00
1.021934325903461e+00
1.016391299017177e+00
1.019945850197687e+00
1.029827409302697e+00
1.029125062553647e+00
1.027657263070357e+00
1.028426743377745e+00
1.031069494265154e+00
1.025129383302988e+00
1.026014484575905e+00
1.026817795570600e+00
1.017547044101813e+00
1.020948008146820e+00
1.019842814969522e+00
1.016346735206984e+00
1.014177498360949e+00
1.022982168362718e+00
1.021828307421012e+00
1.030470945019419e+00
1.031039543392119e+00
1.032605448800099e+00
1.031573906498711e+00
1.032159097545730e+00
1.031643577945155e+00
1.029742221071473e+00
1.029030868301723e+00
1.030990750772622e+00
1.031568812111300e+00
1.033445931236391e+00
1.034784474895543e+00
1.034775636184564e+00
1.033381418215818e+00
1.034721635238944e+00
1.032639050012613e+00
1.031826721191258e+00
1.033247600399073e+00
1.032507823144789e+00
1.033785801460349e+00
1.020646076999636e+00
1.018636986727710e+00
1.017114543804435e+00
1.019554822494084e+00
1.014458251587444e+00
1.008691753184527e+00
1.007744807899942e+00
1.011113337351518e+00
1.005146295068970e+00
1.004067072582702e+00
1.009248663464791e+00
1.014306312246892e+00
1.010153319462331e+00
1.005167892746960e+00
1.006652031290184e+00
1.007954930189959e+00
1.032535877511336e+00
1.031504503339245e+00
1.031940529084060e+00
1.028932236913964e+00
1.029112988014216e+00
1.029470363352201e+00
1.031666109249794e+00
1.019456221283924e+00
1.020745071806766e+00
1.016557882021573e+00
1.018001447516646e+00
1.019291954392177e+00
1.021640258272901e+00
1.029053302305702e+00
1.022493124068740e+00
1.023944387256302e+00
1.027599543973618e+00
1.020898255720247e+00
1.033484289801653e+00
1.033101572653291e+00
1.034208679274080e+00
1.034964522657130e+00
1.034773163563488e+00
1.033889872330131e+00
1.033757426788446e+00
1.033428381042086e+00
1.033041782562907e+00
1.034162710082221e+00
1.033841154823968e+00
1.032087349582571e+00
1.032533783429593e+00
1.014234831130851e+00
1.009745960118508e+00
1.014902739126684e+00
1.008696895933072e+00
1.012845693445820e+00
1.022613711630182e+00
1.023340465937839e+00
1.030159003911758e+00
1.024898158241842e+00
1.027342263171243e+00
1.028737035674404e+00
1.025135790075626e+00
1.035428255394961e+00
1.035543752679150e+00
1.035542127463990e+00
1.035299201303275e+00
1.021291028701403e+00
1.023263876954771e+00
1.020167610557361e+00
1.017897764366728e+00
1.032241187605681e+00
1.032885038445648e+00
1.033464612361695e+00
1.034252736271597e+00
1.033854639218850e+00
1.032541979053376e+00
1.033281593229297e+00
1.034253234244906e+00
1.034017900684286e+00
1.034759506477186e+00
1.023123081662881e+00
1.024152364228505e+00
1.021127455537489e+00
1.022207074722869e+00
1.017731298230697e+00
1.018968172138383e+00
1.033550151931508e+00
1.032216170027543e+00
1.030533010339265e+00
1.033690270631791e+00
1.032458336221602e+00
1.033034860745208e+00
1.034146098224019e+00
1.031570242548796e+00
1.034624694751068e+00
1.035142621240330e+00
1.035064502283468e+00
1.034419799488236e+00
1.035312885525123e+00
1.035362336198802e+00
1.018088919016434e+00
1.022213306051847e+00
1.024014758895552e+00
1.024974245790960e+00
1.020963453566405e+00
1.023146813708586e+00
1.035314968144076e+00
1.035125138050873e+00
1.035481743021853e+00
1.035495347087020e+00
1.035355654376208e+00
1.032804802174649e+00
1.031904347513491e+00
1.032487920382056e+00
1.033322030073590e+00
1.033775479378984e+00
1.035313532402374e+00
1.035169593505396e+00
1.035435561376467e+00
1.034915992767407e+00
1.034176938423168e+00
1.035139314366513e+00
1.031497425659514e+00
1.029628663801799e+00
1.030344302239034e+00
1.030847097828657e+00
1.028846854082869e+00
1.028253957389412e+00
1.027405440131917e+00
1.032021808173799e+00
1.032409358497731e+00
1.033347925707579e+00
1.029053578329403e+00
1.030910045560405e+00
1.029727610612499e+00
1.028893362247559e+00
1.027547738242681e+00
1.028464479523292e+00
1.026473876464723e+00
1.027893407237638e+00
1.025434222146199e+00
1.034595462666323e+00
1.034878566885525e+00
1.034900325769627e+00
1.035132526566372e+00
1.033725060368423e+00
1.034614983820473e+00
1.034240253191204e+00
1.033076027045019e+00
1.034625644298688e+00
1.034885828407440e+00
1.022590655375285e+00
1.023788056597368e+00
1.024952385931105e+00
1.022200007851363e+00
1.020687470016216e+00
1.018781433716311e+00
1.034920949601085e+00
1.034681152721202e+00
1.035011356839913e+00
1.034942301625104e+00
1.034586878382638e+00
1.034424976154267e+00
1.032855617367465e+00
1.034038012496824e+00
1.033590393185493e+00
1.032270124775302e+00
1.022694384549152e+00
1.025592917137618e+00
1.024520887735393e+00
1.026177326152752e+00
1.023351688921187e+00
1.021520296892594e+00
1.033005735387105e+00
1.033456094700005e+00
1.032078587713682e+00
1.032593919840433e+00
1.013625872677009e+00
1.011216584011679e+00
1.007484026638216e+00
1.007406532991859e+00
1.010526830217374e+00
1.013842211918974e+00
1.010337871593714e+00
1.033937260723198e+00
1.034374833433203e+00
1.034644716163943e+00
1.034199395413680e+00
1.033718701412601e+00
1.033356070235697e+00
1.027506967341942e+00
1.025831346471672e+00
1.023911556581386e+00
1.025059512908489e+00
1.026520206960026e+00
1.028232499745982e+00
1.033583877586635e+00
1.034417183206115e+00
1.032852524284675e+00
1.033880279687925e+00
1.031588993260247e+00
1.031343776624389e+00
1.029792301148536e+00
1.030899773568454e+00
1.028964177158167e+00
1.031627523532769e+00
1.032990839973458e+00
1.033812185059670e+00
1.034069656417696e+00
1.034298942621163e+00
1.034710763028855e+00
1.034482690023528e+00
1.035160950233438e+00
1.034161658981524e+00
1.034968128516126e+00
1.028930891192820e+00
1.030919668038725e+00
1.030201001792584e+00
1.026569795136471e+00
1.028078338782082e+00
1.024924454535370e+00
1.023844866588157e+00
1.033213358981207e+00
1.032563841929856e+00
1.030087997835110e+00
1.031940498900287e+00
1.031176971280153e+00
1.025087182181834e+00
1.024259975051123e+00
1.022250475536730e+00
1.020863433685913e+00
1.023136940019104e+00
1.026001080173594e+00
1.030071955431294e+00
1.031783227442083e+00
1.029029390533434e+00
1.030844508873374e+00
1.034898349429953e+00
1.034891590041325e+00
1.035145962935802e+00
1.035202877385537e+00
1.035173585312337e+00
1.027048886213845e+00
1.024433912820301e+00
1.022583529228776e+00
1.025488081264251e+00
1.026075723248547e+00
1.023226050944808e+00
1.021421326085782e+00
1.034772061018786e+00
1.035054641983107e+00
1.034608630031868e+00
1.033764223393381e+00
1.034211176706040e+00
1.034864658097234e+00
1.034866698853783e+00
1.035130474259013e+00
1.034998406149520e+00
1.035153214306050e+00
1.024030759932679e+00
1.025004751945562e+00
1.026584224199440e+00
1.022338522243960e+00
1.020665471397652e+00
1.022280328600845e+00
1.027633952434934e+00
1.025457210426923e+00
1.028187020226283e+00
1.024205009493024e+00
1.021458383723254e+00
1.023184532011929e+00
1.009889520786369e+00
1.014936833081624e+00
1.012070368947290e+00
1.015416611270787e+00
1.011696377845577e+00
1.010563349327311e+00
1.008786056085462e+00
1.018435611287788e+00
1.016744307359469e+00
1.020346423063519e+00
1.018966409602443e+00
1.025176800456769e+00
1.022107453057979e+00
1.024055989599630e+00
1.027315687501089e+00
1.026661463247428e+00
1.015130167887588e+00
1.020309341234282e+00
1.016630677901650e+00
1.018612651113960e+00
1.013034589345442e+00
1.032045927336966e+00
1.031730505585208e+00
1.032770376569664e+00
1.033505079689005e+00
1.032746811533313e+00
1.026236297503730e+00
1.026539450448922e+00
1.020165636629367e+00
1.024552027273601e+00
1.030289238541557e+00
1.028177908741814e+00
1.023318058022753e+00
1.021917127471084e+00
1.025693213386925e+00
1.031330590126112e+00
1.032546216876508e+00
1.032402853314209e+00
1.033388201323204e+00
1.031391845498946e+00
1.029983653745458e+00
1.014298081199083e+00
1.017720403505493e+00
1.019679592380518e+00
1.015839874794816e+00
1.014156294842631e+00
1.034354075369285e+00
1.033848508334985e+00
1.027658370414930e+00
1.027084054151596e+00
1.033205461331066e+00
1.026695871942389e+00
1.030975926039301e+00
1.000587124232824e+00
1.000576954152158e+00
1.030172691487401e+00
9.937600589937630e-01
1.027513808764698e+00
1.028122522875435e+00
1.030309924170187e+00
1.030321680951428e+00
1.029396670165638e+00
1.011797623148719e+00
1.007541527412444e+00
1.008149976167085e+00
1.011806983629963e+00
1.008546268617729e+00
1.003877420637176e+00
1.017394329931881e+00
1.000344993477735e+00
1.016324862715065e+00
1.018819786943786e+00
1.000358333086700e+00
1.007423316180880e+00
1.007471866306089e+00
1.003557789857409e+00
1.003253840509557e+00
9.999753558230884e-01
1.000017409655537e+00
9.999530562870681e-01
1.014137650205366e+00
1.016002643105267e+00
1.011155537538857e+00
1.012877887698392e+00
1.009948534019832e+00
1.033022844189431e+00
1.034403574985649e+00
1.033921077578513e+00
1.034059185168291e+00
1.034789112499024e+00
1.032805494004646e+00
1.000261624161998e+00
1.000266919615428e+00
9.997937281569450e-01
9.997770074337113e-01
9.999902906162950e-01
9.998090557291227e-01
9.999763063835636e-01
9.999836464671995e-01
1.013500563818201e+00
1.016643357749108e+00
1.020324689056701e+00
1.017933228638839e+00
1.015365966819622e+00
1.025612806470205e+00
1.028147061781471e+00
1.029622587327941e+00
1.027825590792620e+00
1.022784782902020e+00
1.024891576255303e+00
1.022535497130200e+00
1.024883193844322e+00
1.018661156402558e+00
1.020319442547688e+00
1.016817108297733e+00
1.014986850379565e+00
1.014088520856064e+00
1.015460149700884e+00
1.012590712531100e+00
1.011191989806796e+00
1.013629197516287e+00
1.010774782697215e+00
1.010520513051458e+00
1.014640111727287e+00
1.013496504865582e+00
1.011335462145607e+00
1.000133027493883e+00
1.013868063916132e+00
1.012623768051706e+00
1.000320307503484e+00
1.024657773189058e+00
1.022813743090958e+00
1.000290047869177e+00
1.026902827722117e+00
1.016922406853563e+00
1.000160859591624e+00
1.014853967957319e+00
1.015927661294500e+00
1.017660835825559e+00
1.000494077351527e+00
1.028420122399908e+00
1.000465222206686e+00
9.940486277392927e-01
1.000017662438969e+00
1.004449875124336e+00
1.003509648331706e+00
9.999774269236370e-01
1.007715856289027e+00
9.999705249266546e-01
1.003460324942645e+00
9.999890502905384e-01
1.003314320297210e+00
9.999928746381903e-01
9.999942644254884e-01
9.999871999868373e-01
1.004497288177376e+00
1.000021026017950e+00
9.997226334595253e-01
9.998973023532802e-01
1.007774469729890e+00
1.000006520665804e+00
1.011421679835423e+00
1.006121397447049e+00
1.009363243357852e+00
1.000044901188769e+00
1.000253168481197e+00
1.015191486057847e+00
1.000247386991798e+00
1.017443948325977e+00
1.000231666283552e+00
1.000294153282679e+00
1.019876640367502e+00
1.012431220948152e+00
1.011687087971291e+00
1.013485808973791e+00
1.010531467590484e+00
9.999797159871319e-01
1.003454241490957e+00
1.000003986096389e+00
1.000013639466134e+00
9.999796357443312e-01
1.000142271493880e+00
1.000081430924507e+00
9.985594867412210e-01
9.989845552023415e-01
9.981243677602645e-01
1.000572320256431e+00
1.000459125063190e+00
1.000408798701923e+00
1.000442780686490e+00
9.950040079875739e-01
9.946368335580574e-01
1.000020335366040e+00
1.000077227523903e+00
1.000032435958538e+00
9.992698964561679e-01
9.989173327283604e-01
1.000032015151447e+00
1.003822111724805e+00
9.999524531976688e-01
1.007622151679465e+00
1.008223719575226e+00
1.004796606170224e+00
1.031320142938979e+00
1.032193979295312e+00
1.000609460005876e+00
1.032326289365234e+00
1.027737288895509e+00
1.027537855560146e+00
1.032533892851470e+00
1.000580503444310e+00
1.032042354016462e+00
1.029206125756225e+00
1.026275974708824e+00
1.030523921639575e+00
1.000502130745842e+00
1.000887940673981e+00
1.032280731816924e+00
1.027930296279625e+00
1.034480523712396e+00
1.027932901114260e+00
1.034456990338183e+00
1.027619036703107e+00
1.023837714742088e+00
1.025682230100532e+00
1.027827395822576e+00
1.000309902307237e+00
1.000414642944254e+00
1.000367080931141e+00
9.949519464708529e-01
9.945312094349740e-01
1.026865607207466e+00
1.031216966868328e+00
1.027416872276574e+00
1.032222719531617e+00
1.012205403330967e+00
1.010830099900163e+00
1.016944193851509e+00
1.013560065203252e+00
1.028145331375595e+00
1.021414676354603e+00
1.026179085647745e+00
1.019816795686896e+00
1.022004171319328e+00
1.000341848006185e+00
1.000394765249018e+00
1.017041550495094e+00
1.018154247275017e+00
1.020978561622934e+00
1.015353821426930e+00
1.015765358647739e+00
1.000217977403442e+00
1.005622196025956e+00
1.009536522799325e+00
1.010349411476894e+00
1.013563559194086e+00
1.014408159155612e+00
1.006989276323718e+00
1.026251507876841e+00
1.025506735303107e+00
1.032217444048471e+00
1.033017781385926e+00
1.029872771576090e+00
1.028018090029145e+00
1.029540524695221e+00
1.022959925703270e+00
1.024211620185041e+00
1.024420832823684e+00
1.026335827801131e+00
1.000524193175142e+00
1.000473417571982e+00
1.019347865287474e+00
1.021418139657224e+00
1.019728437213887e+00
1.026434166037377e+00
1.025491319304264e+00
1.000311507762981e+00
9.942691307764548e-01
1.000257392348181e+00
1.000250191883347e+00
9.998027245064413e-01
9.997830547557937e-01
9.999873053517749e-01
9.999804373639537e-01
9.934834689765842e-01
9.935612109599004e-01
1.000295333952394e+00
1.000516594671861e+00
1.032293995800117e+00
1.000671360267655e+00
1.000313296526811e+00
9.935677878600000e-01
9.971513940080365e-01
1.000142939653410e+00
1.000116343916239e+00
9.976475150934686e-01
1.000130070654183e+00
9.936192023831976e-01
9.935298542532101e-01
1.000577879900167e+00
1.000503064471719e+00
1.000454258244733e+00
9.935557506667856e-01
9.999886988897430e-01
1.000008114102585e+00
9.999897404656528e-01
1.000034642714149e+00
1.000030813964695e+00
9.998863941770311e-01
1.000156012197181e+00
9.964612469105013e-01
9.975127319086152e-01
1.000127351650850e+00
9.970183070226283e-01
1.000240845939461e+00
1.000279055028422e+00
9.943380475546008e-01
1.000265550976977e+00
9.997878338306108e-01
9.999870852452919e-01
9.999920833414689e-01
1.000115451548670e+00
9.972572142211540e-01
1.000138699590230e+00
1.000170892887850e+00
9.962310864449051e-01
9.967780980823659e-01
1.000093124817800e+00
9.977706627157273e-01
1.000068472843245e+00
9.982424370876285e-01
9.999578106526312e-01
9.999374240276998e-01
9.999223030034736e-01
9.936261925482324e-01
1.000300493506487e+00
1.000307391694591e+00
9.997553381258162e-01
1.000004286425213e+00
1.000003152479277e+00
1.000104278107884e+00
9.999046209963213e-01
9.999450659834758e-01
9.999488559472298e-01
9.999266196013369e-01
9.999257092239028e-01
9.999347442031363e-01
1.000332180248286e+00
9.935579836309935e-01
1.000299561044489e+00
1.000264781173494e+00
9.942250991487229e-01
9.938087837739433e-01
1.000289776773063e+00
9.999413230387391e-01
9.999957975811852e-01
9.997901356733860e-01
9.995625745710520e-01
1.000004974021022e+00
9.999898417136177e-01
9.999892283252337e-01
1.000033671176332e+00
9.998851879875059e-01
1.000032412735495e+00
9.998866184948249e-01
1.000311661198163e+00
9.941144349495726e-01
1.000564954808947e+00
1.000535886112772e+00
9.944237957417423e-01
9.951511726388685e-01
1.000471242113164e+00
1.000238948141390e+00
9.946902584782255e-01
1.000093932899740e+00
9.980319255491870e-01
9.984948387744990e-01
1.000240956652737e+00
1.011822456466945e+00
9.998211304468433e-01
9.996087823848681e-01
9.993219705360797e-01
9.999769370864826e-01
1.000216779473530e+00
9.961344800504555e-01
9.966205396287626e-01
9.999102412041315e-01
9.999320339266635e-01
1.000010564014103e+00
1.000041751750220e+00
9.987910655585682e-01
1.000055935379577e+00
1.008542357477901e+00
9.991620508173933e-01
9.956337865822760e-01
1.000188365159972e+00
1.000215646690770e+00
9.998047562944440e-01
9.998250943362137e-01
9.999776199206544e-01
9.998453649595094e-01
9.999697375037223e-01
9.959906635576592e-01
1.000180935423950e+00
9.998815605014473e-01
9.998591983645403e-01
9.999545341608495e-01
9.983455708477775e-01
9.978848994079115e-01
1.000137703983098e+00
1.000166219863291e+00
9.973795453493267e-01
1.000084869388376e+00
1.000107084833922e+00
9.936502833560513e-01
1.000868290365921e+00
1.030321387475240e+00
1.000697842255195e+00
9.938108122004583e-01
1.000096945835796e+00
1.000104190724058e+00
1.007259635898502e+00
1.009100955909923e+00
9.987069685543882e-01
1.000649201175084e+00
9.935493061646122e-01
1.000868408395507e+00
1.031778363134038e+00
1.030750327764729e+00
9.937158042587254e-01
1.032958414955654e+00
1.034198520239561e+00
1.032675212660629e+00
1.027263702533560e+00
9.958512455152023e-01
9.954088912077134e-01
1.000318261965097e+00
9.963837227742165e-01
1.000203388746733e+00
9.948032189655871e-01
9.952417128547594e-01
1.000238858507192e+00
9.997567982506954e-01
9.997646109478453e-01
1.000001846577224e+00
1.000282641732275e+00
1.000311592867042e+00
9.997773028160216e-01
9.999961437817082e-01
1.000025729479027e+00
9.998873051475972e-01
1.000017442760479e+00
9.998903126508776e-01
9.998960329816142e-01
9.999947601905080e-01
1.000015554526107e+00
1.000003563494031e+00
9.999901112717210e-01
9.999078018019952e-01
1.000031012041407e+00
1.000049841052137e+00
1.000004044283666e+00
9.999020059277202e-01
9.997559738351930e-01
9.997692988283268e-01
1.000000625264007e+00
9.997817511493690e-01
9.999953803987305e-01
9.999895812850583e-01
9.998667021190797e-01
9.999609500348839e-01
1.000166511338441e+00
9.998881733223580e-01
9.999435649029806e-01
9.999516880020307e-01
9.999816268626724e-01
9.999109786131054e-01
1.000038545713761e+00
1.000058106052102e+00
9.999977248097390e-01
9.999043709196810e-01
9.997549286209075e-01
1.000003489404280e+00
9.997610092225636e-01
1.000001902336873e+00
1.000310102460800e+00
1.000301331493539e+00
9.997570085041063e-01
9.997633780880578e-01
1.000001675606201e+00
9.999970947076662e-01
1.000302311148889e+00
1.000313091008163e+00
9.997583665612083e-01
1.000002959816475e+00
9.999530569383160e-01
9.999150797399275e-01
9.999240694978182e-01
1.000091100330592e+00
1.000074133429903e+00
9.999716486716962e-01
9.999327732180245e-01
9.998721010024710e-01
9.999509914579158e-01
9.998925867403682e-01
9.999162904410178e-01
9.999405427698750e-01
9.999295537778055e-01
1.000020050813125e+00
1.000008717226426e+00
9.998939379443371e-01
9.999980232697437e-01
1.000013926270448e+00
9.998993303020378e-01
9.998880718180626e-01
9.999000340222902e-01
9.999471224382473e-01
9.968822074423312e-01
1.000127722753670e+00
1.000151619189541e+00
1.000170359094194e+00
9.998354406389210e-01
9.999652977889877e-01
9.998774983960821e-01
9.999567544261225e-01
1.000179437793985e+00
9.998554745537802e-01
1.029231408769849e+00
1.028523481532145e+00
1.027111291389036e+00
1.026634870573276e+00
1.025467866943709e+00
9.997559920562298e-01
9.997540701086141e-01
1.000002954944029e+00
1.000004090371187e+00
9.997526123419619e-01
1.000004129602608e+00
1.000028216585425e+00
9.999924675475477e-01
9.998783086270063e-01
1.000033277046049e+00
9.998875281511597e-01
1.000221851458053e+00
9.998157242274106e-01
1.000248378361970e+00
9.999741225633366e-01
9.999823043960986e-01
9.997984803377480e-01
9.999213112790188e-01
9.999422958057943e-01
9.999625662704758e-01
9.999202852923940e-01
9.999385262976630e-01
9.999280401406823e-01
1.000002313649520e+00
1.000018467547295e+00
1.000015080894745e+00
1.000025150296517e+00
9.998918219348863e-01
9.998944941137530e-01
9.998873272550937e-01
9.998169946159012e-01
9.998370295821838e-01
1.000236764589318e+00
1.000209703749918e+00
9.954443552886405e-01
9.999725608845601e-01
9.999635125613252e-01
9.999918489616539e-01
1.000033089515990e+00
1.000029963398683e+00
9.999981590587842e-01
9.998852549604745e-01
9.998865771350853e-01
9.998892884646939e-01
9.998280816280747e-01
9.998505330412144e-01
1.000219511890471e+00
9.957648398398025e-01
1.000182017745867e+00
9.999677107170366e-01
9.999576877417452e-01
1.031163008230961e+00
1.031740542313328e+00
1.031493758215467e+00
1.029334694747040e+00
1.031330201973726e+00
1.032476859675725e+00
1.033633422956907e+00
1.023739714178139e+00
1.021716187798960e+00
1.024349387200136e+00
1.018039863251277e+00
1.005700974001031e+00
1.000036447455233e+00
1.000039915450600e+00
1.000025007823323e+00
9.994088088253401e-01
9.990868610653120e-01
9.996892609320013e-01
1.000008615587385e+00
1.000011168362099e+00
1.000022948827838e+00
9.994777301698385e-01
9.998995455396831e-01
1.000021678726227e+00
9.998914146960649e-01
1.000297866651888e+00
9.997688551109932e-01
1.000309617303804e+00
9.999992936118025e-01
9.999944845122893e-01
9.999775291048866e-01
1.000043286263297e+00
9.999136431818200e-01
9.999040770010643e-01
9.999945994293137e-01
9.999687899808840e-01
1.000073559570519e+00
9.999868944010871e-01
1.000054003385588e+00
9.999098669725853e-01
9.999022009194632e-01
9.999167160494611e-01

EA  1  1102  double
5.401826622751698e-05
5.473019612081302e-05
5.783797619322441e-05
6.085278889396925e-05
5.821320493124772e-05
2.506425846321287e-05
3.558403117655987e-05
2.902834970766240e-05
3.764093519457245e-05
3.081394344142184e-05
2.668651123398493e-05
2.314967362089118e-05
1.435430756811406e-05
1.366233713045684e-05
-6.129504717072408e-07
-8.215995505440422e-07
2.546747433225276e-05
3.650960035261408e-05
3.261214622772483e-05
2.339512338336142e-05
3.099334876043055e-05
4.102004477275053e-05
1.411175295820764e-05
2.537603232619965e-05
2.504740535960009e-05
3.582861083177828e-05
3.463839735562710e-05
3.330660075258700e-05
4.263225640638855e-05
4.193611722795643e-05
3.202218002730139e-05
2.400508839487111e-05
2.419774101339500e-05
2.304327067022941e-05
1.379909403847513e-05
1.391680924391031e-05
2.400634448046035e-05
3.200987888094712e-05
2.962480023564597e-05
2.308991996128024e-05
2.127223704677153e-05
1.340676983981059e-05
2.423222449554631e-05
3.406947222983031e-05
2.895581220772185e-05
2.292716923515168e-05
2.430149063218729e-05
1.377638847667236e-05
2.103989199270539e-05
3.950317586662669e-05
4.537919796990636e-05
4.424372096747205e-05
3.999009990138516e-05
4.997238015323975e-05
4.851028045772206e-05
4.222657241955837e-05
5.305198824661625e-05
5.533278774497928e-05
5.072745356225526e-05
5.480456411399669e-05
5.263538123455499e-05
4.763643823521721e-05
4.843111735309102e-05
5.176173119416738e-05
5.647416867326140e-05
5.591897482890508e-05
5.787630910887613e-05
6.091286556367797e-05
6.023052110868363e-05
5.690000602034994e-05
6.745463196281752e-05
6.840996313473753e-05
6.782742951175389e-05
6.662616320925173e-05
6.779428074545407e-05
6.675393376870053e-05
4.734892929895769e-05
5.246141271330548e-05
4.453671093948456e-05
4.071659801622311e-05
4.292628382411334e-05
4.117344800370617e-05
5.052509886467604e-05
4.793087775342436e-05
5.729569992587696e-05
6.048168811052388e-05
6.474915855400494e-05
6.649939183481533e-05
5.930821131735546e-05
5.584882419243234e-05
5.848363966726102e-05
5.286089157009529e-05
5.259734475168542e-05
5.645049869394732e-05
4.022191412577965e-05
4.555398893735260e-05
3.989922681905587e-05
4.569721320293567e-05
5.072954930234698e-05
5.060381590533784e-05
3.255983803980714e-05
5.288336672162161e-05
5.713163592404698e-05
5.469414045398764e-05
5.885304782111264e-05
5.513428833111273e-05
6.815597287144503e-05
6.875909627438982e-05
6.817697862066650e-05
6.732668980680784e-05
6.771006602887947e-05
6.853701897669235e-05
6.705979786834858e-05
6.764677983201911e-05
5.026673934498982e-05
4.454136396831724e-05
4.921546748968770e-05
5.381055372516189e-05
5.453132538698709e-05
3.840986849702652e-05
6.696359216274222e-05
6.758196644367460e-05
6.846300030062618e-05
6.620841941218070e-05
6.658299841373424e-05
6.492066784393000e-05
6.668669755330774e-05
6.659261906902762e-05
6.600746166454327e-05
6.522752239225530e-05
6.488566751061030e-05
6.504745392174115e-05
6.630437474495030e-05
6.664761278554796e-05
6.546740869393285e-05
6.334612674574456e-05
6.292678678763996e-05
6.444929840774298e-05
6.455801591937231e-05
6.517787194003244e-05
6.529634165707853e-05
6.345879365062822e-05
6.332795988441934e-05
6.308232955425306e-05
6.105941580871596e-05
6.439263506662966e-05
6.598098867645115e-05
6.411913565619763e-05
4.618099092289183e-05
5.326534708569569e-05
4.853823340168183e-05
5.164115496249629e-05
4.949003054506301e-05
5.209570027818259e-05
5.062787312612466e-05
5.513470667608345e-05
5.337132253779919e-05
5.291329677440742e-05
5.622734286843667e-05
4.983908582377602e-05
4.219063000362144e-05
4.524905980748480e-05
3.898691858131334e-05
4.393648832325782e-05
5.870345198299873e-05
5.501194712597702e-05
6.172761287723300e-05
6.066795511916148e-05
5.737011693264357e-05
4.466645247236391e-05
4.098333587410106e-05
4.841567412436366e-05
3.757852611525324e-05
4.446626928985973e-05
5.981316786371091e-05
5.952562951756383e-05
5.674806507043440e-05
5.677356030882405e-05
6.225800016225253e-05
5.283344600896404e-05
5.316481968155824e-05
5.617259500806405e-05
3.998306466180810e-05
4.633833677610466e-05
4.420032783848532e-05
3.783733726406910e-05
3.134528200503719e-05
5.024543359062977e-05
4.815013612129867e-05
5.958086893932685e-05
5.881091990320990e-05
6.077987618396548e-05
5.752172119363493e-05
6.179285642752794e-05
6.227881276235659e-05
5.958475166300081e-05
5.934733204178645e-05
6.207460273763167e-05
6.205236580901113e-05
3.253398596121614e-05
3.850075281979684e-05
3.975333265579523e-05
3.170582590657419e-05
4.064365023603377e-05
5.172883734279715e-05
5.334905009903083e-05
5.609686081724165e-05
5.736068851312020e-05
5.417888861307860e-05
4.481935728242004e-05
4.145170536657153e-05
3.826823547811354e-05
4.087131280580534e-05
3.019111393656670e-05
1.417962752816812e-05
1.383161863096925e-05
2.383479142412690e-05
-6.292742961343629e-07
-7.406504558202648e-07
1.395885410514660e-05
2.553398698585595e-05
1.373840500291481e-05
-7.397564175539896e-07
-5.655842958606742e-07
-5.305633131459279e-07
4.317528784736004e-05
3.967746205519411e-05
4.614759840645718e-05
2.440411852582106e-05
3.434188188739865e-05
3.070072064156078e-05
3.566450231196523e-05
3.481116542181585e-05
3.306097590232237e-05
2.562260529216691e-05
2.498222004695428e-05
2.376560289009526e-05
3.121278742315459e-05
2.480132417319456e-05
1.372275771231815e-05
1.363696922045006e-05
2.245139078235871e-05
1.358265002181570e-05
6.343701564124410e-05
6.416510779861744e-05
6.553165160073908e-05
6.639039903930799e-05
6.710288574485686e-05
6.600228142381783e-05
6.190147941657805e-05
6.318634459380171e-05
6.395911616274707e-05
6.533505944033802e-05
6.584960649383749e-05
6.151908324822123e-05
6.045648421662211e-05
2.391603022078540e-05
1.326753832118296e-05
2.808460679154630e-05
1.354789031689844e-05
2.080234548409048e-05
1.446426734619955e-05
1.354792111610823e-05
2.222564803389173e-05
1.387703543903715e-05
-5.473487343028044e-07
-6.492992443462407e-07
-6.282450458765662e-07
6.872675874137524e-05
6.885442735494691e-05
6.887520187832533e-05
6.850439063172154e-05
4.339966756642128e-05
4.881439059472900e-05
4.288342579780272e-05
3.750767005631344e-05
3.891060753160868e-05
4.535155183969070e-05
4.023150227360964e-05
4.085726843855900e-05
4.628268578947164e-05
3.283900052272637e-05
5.669800370316860e-05
5.766536342719395e-05
6.005707933833439e-05
6.071901434531565e-05
5.040311448217147e-05
5.190183094424420e-05
4.675846893321193e-05
4.816313210077678e-05
4.006504287436421e-05
4.176446158463265e-05
6.325740485342792e-05
6.107174529242369e-05
5.832510675266769e-05
5.983167086412425e-05
5.758871897493461e-05
6.072122542166726e-05
6.265818798610021e-05
5.822612666844014e-05
6.279552499655880e-05
6.318482205519462e-05
6.495033025392544e-05
6.431714703612102e-05
6.306498069138562e-05
6.508213063926048e-05
3.465164060154447e-05
4.263448307664853e-05
4.838585057588797e-05
4.760455378453013e-05
4.274055832716669e-05
4.177207347724879e-05
6.849506567083124e-05
6.774331496844360e-05
6.834751637945455e-05
6.771138475041769e-05
6.735011058866122e-05
6.335323096399552e-05
6.294071707618127e-05
6.442096265401004e-05
6.507545422383392e-05
6.629047148038386e-05
6.471644663527597e-05
6.586012948551558e-05
6.646750236492724e-05
6.384780339774785e-05
6.247564017630971e-05
6.244533534349238e-05
6.326793279109705e-05
6.056571332659991e-05
6.158123528038748e-05
6.202845141524188e-05
5.899862214372907e-05
5.857106328891911e-05
5.725764281126643e-05
5.561098286857795e-05
5.300267188114722e-05
5.713582955965620e-05
4.856191284283773e-05
5.109650857354885e-05
5.499829843678299e-05
5.100300714386323e-05
5.109887304913664e-05
5.481873193100484e-05
4.611859721214821e-05
4.571842918835629e-05
4.053123941488358e-05
6.154580747041457e-05
5.987165185115565e-05
6.403963036691099e-05
6.269296286904138e-05
5.960263153080437e-05
6.130109831208397e-05
5.813046718334503e-05
6.054497926117987e-05
5.608034895292988e-05
5.956085542613239e-05
3.295615600886223e-05
4.053970067819379e-05
4.597802504682905e-05
4.009127774076044e-05
3.292570806499902e-05
3.214852645660157e-05
5.037322999659797e-05
4.591645253477015e-05
5.473528234807850e-05
5.117087945680558e-05
5.131983996468054e-05
4.637534123545135e-05
6.328217097324149e-05
6.514596706362856e-05
6.313112335230424e-05
6.095777388041759e-05
4.750926225495914e-05
5.272079343000527e-05
4.947604961860472e-05
5.048407199684056e-05
4.495047514757942e-05
4.335474664214454e-05
6.539727735292352e-05
6.586987368363445e-05
6.400038930619508e-05
6.423011877999623e-05
3.116200430185860e-05
2.359407947725966e-05
1.386488418446823e-05
1.369738044481965e-05
2.176704409776738e-05
3.121313140889304e-05
2.227194009818379e-05
4.265198073559293e-05
4.464902349157384e-05
4.908513591425217e-05
5.209627019395998e-05
4.677268839524602e-05
4.992854060645562e-05
5.167388872471497e-05
4.620205879756633e-05
3.979792361508548e-05
3.758430188938518e-05
4.400778150167199e-05
5.009320547342810e-05
5.432422739012258e-05
5.503280759424941e-05
4.981909697460005e-05
5.085969500816049e-05
4.382682576324761e-05
4.804617285914758e-05
5.482893707357338e-05
5.439278885500323e-05
5.077231216317927e-05
5.805950690366856e-05
5.922352805936569e-05
6.220417123784666e-05
6.041530120889046e-05
5.807876525666280e-05
6.764390211693442e-05
6.722954011450012e-05
6.809102379348492e-05
6.700468858967317e-05
6.811158824610825e-05
5.906512324104093e-05
6.206915764388116e-05
6.022661503935742e-05
5.542797526690229e-05
5.691139432706485e-05
5.319400634680620e-05
5.087871100911136e-05
5.640817596636805e-05
5.203557724928613e-05
4.252780051114523e-05
4.672951616979965e-05
4.895538621454406e-05
4.817035739417217e-05
4.887765165910209e-05
4.310983280126251e-05
3.380643559918566e-05
4.231026091904838e-05
4.686040063464843e-05
5.026549008339876e-05
5.363624096421278e-05
4.447887305451385e-05
5.461386871474525e-05
5.847917729138178e-05
5.516751523731204e-05
5.833664902076783e-05
6.079494663013891e-05
6.118365071003443e-05
5.407418433356138e-05
4.942985105992223e-05
4.771054609761480e-05
5.268285675781565e-05
5.056889490036933e-05
4.503934668937506e-05
4.342122331312514e-05
5.372744437756895e-05
5.766863139361349e-05
5.644145248873975e-05
5.457076243300976e-05
5.841745494847889e-05
5.807835049032902e-05
5.470256525948799e-05
5.795128029288848e-05
5.427827570496207e-05
6.085801855241336e-05
4.037249963685421e-05
4.579352271979012e-05
4.590550139868707e-05
3.250383599462884e-05
3.256441271393315e-05
3.993093015981081e-05
5.092558639047260e-05
3.158685689910221e-05
3.746395018385455e-05
3.221847807368131e-05
2.395454310667926e-05
2.361180705892349e-05
1.421761242241880e-05
2.625715217124723e-05
2.245254310802954e-05
3.193142978567472e-05
2.349513974225406e-05
1.340730378508810e-05
1.345800686716437e-05
3.617294325901899e-05
2.996909383929398e-05
3.875175673005998e-05
3.205531816757905e-05
3.818269098666632e-05
3.221315472486803e-05
4.075693356016465e-05
4.189769647409225e-05
4.475646661027705e-05
1.395929247755505e-05
2.364779702185926e-05
1.353163967083709e-05
2.418183300264861e-05
-6.539935898954521e-07
3.228346727860993e-05
2.541824892877649e-05
3.357190303514173e-05
3.988540912376967e-05
2.443156723861012e-05
1.424893355402654e-05
2.345821791594495e-05
1.371645219243446e-05
1.389457563651723e-05
2.411452702081066e-05
2.424174533161384e-05
1.394216246802486e-05
1.384723617036549e-05
1.382660039367428e-05
2.349643148904649e-05
2.381891067255726e-05
3.239337318116001e-05
3.956714251831861e-05
3.168946917450373e-05
3.039972690519618e-05
1.392883065576770e-05
2.399374047837519e-05
2.416787455248701e-05
1.391502595587909e-05
-6.496364763127799e-07
2.428236926571200e-05
2.434969739710665e-05
1.389976558144413e-05
1.388173035794779e-05
3.297105122035163e-05
1.390395229595597e-05
-5.870341393561729e-07
1.104752556322558e-05
1.097875373334811e-05
-6.335085813328302e-07
1.282913457419532e-05
3.199753379203158e-05
3.892642266680847e-05
3.591168557319706e-05
4.154784217110109e-05
4.524495730531299e-05
2.465154461332142e-05
1.381075608011615e-05
1.399885919141623e-05
2.325717615546783e-05
1.360648163964940e-05
-6.330448450459535e-07
1.382242503405509e-05
1.102708225040508e-05
-5.891644533878758e-07
-5.525570065235781e-07
1.102055671385430e-05
1.359207152415234e-05
1.366988721360036e-05
-5.948839794283273e-07
-5.736025220025076e-07
1.100356410386414e-05
1.099583083258689e-05
1.273240306336828e-05
2.179766780567071e-05
2.329791459195514e-05
1.335546270046193e-05
1.379497389519758e-05
-5.082152631270640e-07
2.997791620730381e-05
2.163239039320494e-05
2.276928793290280e-05
2.410205891452556e-05
3.790335292592212e-05
3.011481260766472e-05
1.360497651505327e-07
1.399591122144665e-07
6.108853095702116e-07
6.070474208232102e-07
-4.608821897212779e-08
6.052553800616602e-07
-4.452321101204624e-08
-4.625339911718580e-08
2.207444572720256e-05
3.038354014895058e-05
3.864828627168304e-05
3.647396857360256e-05
2.335387807938952e-05
2.985720034530584e-05
3.809085982625857e-05
3.392199173448602e-05
3.204766608669959e-05
2.942109363562184e-05
3.237364807096364e-05
2.326585410831632e-05
2.341082269393577e-05
1.366376833492675e-05
-5.225024315244202e-07
3.678083424039694e-05
3.059323823110003e-05
3.019928096793012e-05
3.460030233734770e-05
2.330725056575862e-05
2.354548396217526e-05
2.969740891075013e-05
2.341089929881351e-05
2.318809618656843e-05
3.249711170728120e-05
-5.476351806828383e-07
-6.980425692564436e-07
1.098386408716252e-05
1.374401584970548e-05
1.414464058981518e-05
1.097589141939231e-05
-5.841704503526407e-07
-6.009312721358009e-07
1.092186301918211e-05
-6.607849985892094e-07
-4.157961482342314e-07
1.096049530019411e-05
-4.847257866720842e-07
1.336806802927962e-05
1.350312759497599e-05
1.100197307793565e-05
-5.489025562827112e-07
1.098318684029468e-05
1.279345426688037e-05
1.095851923431515e-05
-5.585487580331723e-07
-6.385452285370242e-07
1.102718743267067e-05
1.382365775303139e-05
1.097595310382426e-05
-5.099927227716569e-07
1.091379046656014e-05
-5.913823875975543e-07
1.099299932991565e-05
1.273376136505358e-05
1.103971230484896e-05
-6.436614603569199e-07
1.107867413497905e-05
1.277901022574432e-05
1.278482179227481e-05
-5.941025836055981e-07
1.100156086299334e-05
1.420522080642800e-05
-4.405131028326233e-07
-7.883007544067960e-07
1.096377791169329e-05
1.099601959494831e-05
-5.499957129547114e-07
1.107553595682587e-05
-5.517038252194808e-07
1.104912148812599e-05
1.102280364752650e-05
-5.640388943404542e-07
-6.589857533599080e-07
1.359709190763370e-05
1.400932519977940e-05
-5.932783682120828e-07
1.100774599139543e-05
-5.541163389724144e-07
1.101941501727066e-05
1.275021420626002e-05
1.276199953641584e-05
1.112199641494687e-05
1.102556409582422e-05
1.276878674316832e-05
1.272302415531947e-05
1.273251875482926e-05
1.111985104141892e-05
1.105265094409935e-05
1.099810676972079e-05
1.106854364802761e-05
1.281103130772501e-05
1.284177212628018e-05
1.098721435368727e-05
1.097180913311291e-05
1.097667769910583e-05
1.278316165053049e-05
1.273886357391453e-05
1.412392739066089e-07
-6.396430221446766e-07
1.096795461806333e-05
1.357269803281898e-05
1.377113469257895e-05
-5.125679582471393e-07
-6.303244634968428e-07
-6.852013166984038e-07
1.116889509901430e-05
-5.124418150897437e-07
1.345515618703317e-05
1.340495337462198e-05
-4.488986886673421e-07
1.096346887299721e-05
-6.564636489104766e-07
-4.931314992250938e-07
1.381159721241487e-05
-6.875614333734204e-07
1.106146085420841e-05
1.112735229310636e-05
-5.907779132667101e-07
1.377741829049079e-05
2.389580487454840e-05
1.392084747749760e-05
2.362158080443814e-05
1.388728192603878e-05
-5.951379766867273e-07
-4.979686641844527e-07
-5.329429483628712e-07
1.092836701395101e-05
1.099773173836495e-05
1.096101002050675e-05
1.277562880191888e-05
1.278714678120829e-05
1.396575212572900e-05
-5.902843868969762e-07
1.376906622375701e-05
-4.952832558836888e-07
1.384589130111275e-05
-6.040838805961882e-07
2.414011789649645e-05
1.391158620525724e-05
2.500137887249618e-05
1.398244119051374e-05
2.346695649635368e-05
1.374647396028326e-05
-6.659886389282693e-07
1.106033429650520e-05
1.103145859438748e-05
1.372343957801657e-05
-5.401351082722285e-07
2.300977971463540e-05
1.367463167161008e-05
-5.383182213658518e-07
1.090082132578135e-05
-5.840252581550122e-07
1.371983771120737e-05
1.325831880235460e-05
2.274948652452868e-05
2.092514255208507e-05
-4.709307523050414e-07
1.359609743192295e-05
1.394589114338143e-05
2.227745444255605e-05
2.395166625002919e-05
-6.159722921335738e-07
-5.316754072907283e-07
2.253046176805230e-05
1.399358736550304e-05
1.386698536105670e-05
-5.742408984075879e-07
-6.686968210688031e-07
1.101349324421473e-05
1.108850163257100e-05
-5.981480369017381e-07
-5.573699246572634e-07
1.388507174990312e-05
3.137727961759357e-05
2.365314969580326e-05
1.097101341232518e-05
1.277577535414992e-05
1.426208469864820e-07
1.383131661396291e-07
6.084213655002143e-07
6.080350968291340e-07
-4.507672776757650e-08
-4.422018405215277e-08
1.282573412197473e-05
1.275922761974466e-05
1.608434114984981e-07
1.108702234427499e-05
-6.100068658612265e-07
1.101583778869940e-05
1.325770537555883e-07
1.278253469191674e-05
1.276179801703217e-05
1.323457414118572e-07
1.126886807400488e-07
1.279014151505164e-05
1.098129083955819e-05
1.280982663818469e-05
1.279726532615093e-05
1.104006615268561e-05
1.094693858659252e-05
1.104242682383886e-05
1.278246182483301e-05
1.354634308263620e-07
1.281469335191754e-05
1.434815724308296e-07
6.043556540541485e-07
6.052569292127303e-07
-4.525536187625249e-08
1.456510330280671e-07
1.287562609473141e-05
1.284108582466429e-05
1.420589001920798e-07
1.280414491513644e-05
1.101212886793096e-05
1.226303842601823e-07
1.280054896870511e-05
1.523238574583838e-07
6.066405672271459e-07
-4.303697527061620e-08
-4.696689305776179e-08
1.491787768177610e-07
1.285173097187024e-05
1.552685539601023e-07
1.418004018423245e-07
1.283302380793526e-05
1.276085739882425e-05
1.485440795486851e-07
1.279495388372310e-05
1.477980435786033e-07
1.284623292645362e-05
6.043896990723601e-07
6.050999124387418e-07
-4.220441040304304e-08
1.279507445136127e-05
1.264927353152746e-07
1.408954220965786e-07
6.081938175183004e-07
-4.563249116016378e-08
-4.810227201983354e-08
1.267280279175824e-07
6.074981534545673e-07
-4.472208004447809e-08
6.083036069348816e-07
6.068530553672509e-07
-4.658931504978985e-08
-4.679960445295736e-08
1.453463601664473e-07
1.286697130331794e-05
1.952057856031775e-07
1.396467720084578e-07
1.276471981440595e-05
1.286768619680729e-05
1.197338421442059e-07
1.274413060518352e-05
1.195656915292607e-07
1.277602327047276e-05
1.275948949612938e-05
1.389332439890409e-07
1.193634715120206e-07
1.531617217648223e-07
6.014881060921179e-07
-4.626683408455307e-08
6.076773877856920e-07
-4.453205175335253e-08
1.440537030813536e-07
1.280175299737816e-05
1.094169049822807e-05
1.109878726820751e-05
1.283851228958785e-05
1.278178927548654e-05
1.100274756386573e-05
1.390410906041592e-07
1.280623696346715e-05
1.096717650868710e-05
1.277556114137564e-05
1.280029973322787e-05
1.103360385958447e-05
-6.201209020699518e-07
1.276090975022439e-05
1.271509413762695e-05
1.278989348332040e-05
1.106164803772073e-05
1.099053358752454e-05
1.277498491493463e-05
1.281286474065005e-05
6.089523683090218e-07
-5.067441980167065e-08
1.090500391011463e-05
1.094790855460209e-05
1.273691255924566e-05
1.096480184610759e-05
-4.261692410983839e-07
1.278948631882996e-05
1.279043073792176e-05
1.162320441856351e-07
1.238302007120846e-07
6.041850066580995e-07
6.056261612904131e-07
-4.817401223322881e-08
6.107067768515366e-07
-4.874692209857852e-08
1.279603197735788e-05
1.547609563298057e-07
6.040052974911527e-07
6.068995276014659e-07
-4.408878713807548e-08
1.279754081136877e-05
1.274313658402035e-05
1.103024551818865e-05
1.096659826414253e-05
1.281147515783299e-05
1.373126272507811e-07
1.265035032333479e-07
1.289131817280848e-05
1.114409116524971e-05
-7.486503338023369e-07
1.117018447519313e-05
1.289307136901509e-05
1.100644892105323e-05
1.099664270793511e-05
-5.476808329090121e-07
-5.242845873652381e-07
1.279383920309990e-05
1.103877074243429e-05
1.291044500633519e-05
1.110805939527893e-05
-6.424993806761428e-07
-5.006932934390634e-07
1.289807272446652e-05
3.378014443552060e-05
2.402932806949145e-05
3.047252582683321e-05
1.387075277674110e-05
1.280158240432146e-05
1.277827327838674e-05
1.101399196483616e-05
1.276657286593125e-05
1.205310604798659e-07
1.282415246230899e-05
1.282466871037288e-05
1.566631632777614e-07
6.116350612895868e-07
6.098397634984049e-07
-4.526290879742763e-08
1.334797797400660e-07
1.221564349986603e-07
6.088823048102602e-07
-5.032241213237399e-08
6.047000859651205e-07
-4.588396456877018e-08
6.059072033960061e-07
-4.525577923394990e-08
-4.481707420055646e-08
1.387721303102809e-07
1.470030206222452e-07
1.214062239856495e-07
6.051910660915142e-07
-4.486061454102683e-08
1.315431897134948e-07
1.458623026199515e-07
6.022547464650494e-07
-4.448963996194548e-08
6.002449789093923e-07
6.026128082968951e-07
-4.337380813768392e-08
6.097423627270153e-07
-4.596911175019191e-08
-4.515316695907575e-08
6.107380129943022e-07
-4.840448169374560e-08
1.177011466510340e-07
6.085861562274735e-07
-4.507884269383636e-08
-4.884495156911379e-08
6.050126931499359e-07
-4.867907964130959e-08
1.164605459740455e-07
1.446922891076576e-07
6.082049225567020e-07
-4.803449081163191e-08
6.052426227190237e-07
-4.788104054831267e-08
6.064733070755811e-07
-4.474747939818976e-08
1.173679106775095e-07
1.449108524030061e-07
6.088420533319803e-07
6.015793046560038e-07
-4.108869637261059e-08
-4.314732077141868e-08
1.949337944282990e-07
1.247808728597917e-07
6.028345349755069e-07
-4.663848617001743e-08
6.064391966610961e-07
-4.557915377299081e-08
-4.700317303199377e-08
1.367692255359273e-07
1.302065615286718e-07
6.029088519094010e-07
6.066545552757162e-07
6.052032765802216e-07
-4.065396220738951e-08
6.056451023704252e-07
6.018507591171920e-07
-4.384817140205251e-08
-4.715805200079319e-08
6.013362644527293e-07
5.978510714048849e-07
-4.361458924365959e-08
1.367169172514860e-07
1.395163114630318e-07
-4.465928240948641e-08
-5.048730138892222e-08
6.048809822740368e-07
-4.832152813035493e-08
1.280689463573753e-05
1.514228012128137e-07
1.254722566977344e-07
1.099602952035749e-05
6.094706652007726e-07
-4.991604611091097e-08
6.069489023644715e-07
-4.701164330358141e-08
1.271634049523863e-07
6.089209746475696e-07
3.511061669992943e-05
3.821057236830211e-05
3.993721255570646e-05
3.077562012257494e-05
3.206295212065182e-05
6.037177939836331e-07
6.023051236451109e-07
-4.912305847185755e-08
-4.561151162476766e-08
6.115472153100069e-07
-4.105087528147815e-08
6.049717297514637e-07
1.260315048601694e-07
1.276638449143910e-05
6.033877914983583e-07
-4.529903041880437e-08
1.181316757159001e-07
6.083967888942690e-07
1.411652165312848e-07
-4.730579725108552e-08
-4.744955789193728e-08
6.018560279259930e-07
6.042499874705999e-07
6.065967672356257e-07
6.029786303618205e-07
-4.362576107930191e-08
-4.583078108280971e-08
-4.708598439148560e-08
6.053276975507835e-07
1.136145820080827e-07
6.078395719890444e-07
6.068485270460994e-07
-4.476223016897638e-08
-4.970191636976522e-08
-4.729839377060988e-08
6.056500050015987e-07
6.016092568196197e-07
1.695317452606977e-07
1.471036196601197e-07
1.282618297835352e-05
-4.271666823269200e-08
-4.288948982218994e-08
1.265835648878857e-07
6.044773584129158e-07
6.040942224715229e-07
1.575086359672108e-07
-4.627600232158048e-08
-4.443502378701408e-08
-4.382336746496236e-08
6.075214620297000e-07
6.058268534358771e-07
1.288405534750760e-07
1.277809453234244e-05
1.517485097335055e-07
-4.538138491987482e-08
-4.757633863579602e-08
2.533988573813645e-05
3.611713458842621e-05
3.083723836909220e-05
3.128687051914204e-05
4.002092169028795e-05
4.374427690546916e-05
4.018031783654621e-05
3.169037621478199e-05
2.245940957012805e-05
2.373029604528269e-05
1.363096582517808e-05
-6.454537654847643e-07
1.107462717091556e-05
1.108421122807110e-05
1.859027312542060e-07
1.283677566103885e-05
1.286067285287847e-05
1.271822631607213e-05
1.245429105172157e-07
6.076224580719422e-07
1.323861858694367e-07
1.274212437756901e-05
-4.408493036053237e-08
6.016102150263263e-07
-4.875009456453927e-08
1.991774482962731e-07
5.971047737724491e-07
1.467982330674758e-07
-4.274825003362596e-08
-4.179890223899804e-08
6.079736030600436e-07
1.104357331884505e-07
-4.496368184611904e-08
-5.118718004907986e-08
6.034589448249774e-07
6.072178072164321e-07
1.375446501958990e-07
6.077020121563106e-07
1.131205633476279e-07
-4.683603248941835e-08
-4.820537844711917e-08
-4.891653605708564e-08

EB  1  1102  double
9.866522478880890e-06
1.000730322746837e-05
1.074510624934452e-05
1.168337005854948e-05
1.084644143550879e-05
1.629782235089714e-05
1.067664702073410e-05
1.131867777164782e-05
1.067167982532874e-05
1.129910530111492e-05
1.600464442044255e-05
1.858807356308520e-05
1.654108561855661e-05
1.676171558519635e-05
6.348222897762103e-05
6.340914368337389e-05
1.636048647452941e-05
1.055649400461225e-05
1.007847629026071e-05
1.817024369952265e-05
1.062363719834446e-05
9.835325097358876e-06
1.677845209056092e-05
1.640117023261940e-05
1.689356418543311e-05
1.083100977342627e-05
9.883988000378992e-06
1.054184472766196e-05
9.566312262656316e-06
9.848768281373690e-06
1.109312331082638e-05
1.760673787876128e-05
1.740562967336241e-05
1.766545681647151e-05
1.702706197204230e-05
1.693405221679794e-05
1.730569210104647e-05
1.100445818172181e-05
1.117340577213802e-05
1.796877207141888e-05
1.950142696329986e-05
1.689594063090362e-05
1.707017190114228e-05
1.096471930773802e-05
1.135570465283852e-05
1.793612471275896e-05
1.704188894364214e-05
1.690637650372399e-05
1.973501357293251e-05
1.036136953459645e-05
9.128831957030361e-06
9.222594587613683e-06
1.005231435676912e-05
9.431787068088814e-06
9.321703844823278e-06
9.564436811856654e-06
9.713201705468448e-06
1.015771554631204e-05
9.480185133386629e-06
1.003427135039257e-05
9.686491051667585e-06
9.191574035581686e-06
9.301389813167051e-06
9.598498007542201e-06
1.039226626750907e-05
1.026310385744535e-05
1.075912354001406e-05
1.170748159189025e-05
1.147444021685570e-05
1.051185397716076e-05
1.456356938406851e-05
1.506540986094027e-05
1.475715926166603e-05
1.414448547177451e-05
1.474010024905496e-05
1.420872341688814e-05
9.222298782289731e-06
9.643311659182320e-06
9.130698547156714e-06
1.002860305276394e-05
9.473259372018860e-06
9.596703427293074e-06
9.482576233165901e-06
9.409250351299984e-06
1.059553792368632e-05
1.155033776646102e-05
1.325359828451349e-05
1.408202652094103e-05
1.117654877517317e-05
1.024021384720638e-05
1.092935878289853e-05
9.690189722162053e-06
9.688688506440951e-06
1.038212939824415e-05
1.011879372921668e-05
9.197029333457491e-06
1.003228571848979e-05
9.164057431982012e-06
9.491239322788057e-06
9.471093111918655e-06
1.055964482104376e-05
9.678786806164878e-06
1.057062724935293e-05
1.000960620791976e-05
1.103302741845530e-05
1.010214208209719e-05
1.493101563135477e-05
1.525385442015754e-05
1.494208095587663e-05
1.450004645292364e-05
1.469656924704526e-05
1.513378729179714e-05
1.436422944239710e-05
1.466390693994003e-05
9.473161803432161e-06
9.152051862108566e-06
9.384733630498278e-06
9.836547788371867e-06
9.964060753928284e-06
1.060910713267435e-05
1.431504337918997e-05
1.463003607756985e-05
1.509397756201885e-05
1.394093577790721e-05
1.412391405720468e-05
1.333104644234236e-05
1.417599547796571e-05
1.412834056768542e-05
1.384162780510888e-05
1.347420197012928e-05
1.331581714232160e-05
1.339168477704850e-05
1.398822612454321e-05
1.415619260679489e-05
1.358902696687018e-05
1.264974483915637e-05
1.247412285053029e-05
1.312287748325555e-05
1.317059306205480e-05
1.345106796064658e-05
1.350487929224732e-05
1.269150356035993e-05
1.263542835843080e-05
1.253644925935318e-05
1.175519014667826e-05
1.310093272228501e-05
1.383330908176553e-05
1.298055039105902e-05
9.187786164615685e-06
9.727514949749175e-06
9.374702279127989e-06
9.523381956577844e-06
9.438306296759500e-06
9.619626227927055e-06
9.482731068228688e-06
1.010269101084355e-05
9.753059934457172e-06
9.712442747732715e-06
1.034396458927884e-05
9.430483116616270e-06
9.470276808694394e-06
9.200824774621128e-06
1.034316298309719e-05
9.106540551992621e-06
1.099572198700639e-05
1.008029871264590e-05
1.201247290703460e-05
1.162495654961576e-05
1.062744055311616e-05
9.228643678177574e-06
1.003522241427326e-05
9.265431104756152e-06
1.084890368744486e-05
9.081749945685432e-06
1.134235836957897e-05
1.124979166275892e-05
1.048295551311700e-05
1.048635591208403e-05
1.221566854028633e-05
9.710180884215338e-06
9.754316905883624e-06
1.034839460434187e-05
1.009500263695467e-05
9.214979536628887e-06
9.182035077370849e-06
1.079563026873073e-05
1.096544512629481e-05
9.477329120680664e-06
9.397499780581048e-06
1.126657680923453e-05
1.102642818164527e-05
1.166293844665198e-05
1.066756726011335e-05
1.203502205292499e-05
1.222290501404650e-05
1.126139138313851e-05
1.118940718581431e-05
1.213933728091386e-05
1.212987513878120e-05
1.063297503143123e-05
1.057850528030064e-05
1.013292221055869e-05
1.090702830452705e-05
1.003072629821247e-05
9.553351480848629e-06
9.749247126350927e-06
1.030205273520506e-05
1.061174059274489e-05
9.885896231720620e-06
9.158044966617484e-06
9.561659607284059e-06
1.071910924146328e-05
9.720589795682920e-06
1.114200147286592e-05
1.697003288469947e-05
1.687183983240917e-05
1.733675972705162e-05
6.339337802506136e-05
6.349406075629814e-05
1.657652763858802e-05
1.659497933614156e-05
1.714893849457919e-05
6.305083425872351e-05
6.335378184166219e-05
6.340491893818007e-05
9.229296691071517e-06
1.037315531688018e-05
9.156644728892280e-06
1.749265441021841e-05
1.014200850060093e-05
1.067428644017956e-05
1.049509319813368e-05
9.878194924595353e-06
1.058662124572680e-05
1.664136348199498e-05
1.699656852070750e-05
1.742311214268761e-05
1.098688274483295e-05
1.642600406300834e-05
1.717229452042601e-05
1.717381301654573e-05
1.871969400467115e-05
1.677951131124207e-05
1.268699793924034e-05
1.300016204949600e-05
1.361869271368837e-05
1.402988604483380e-05
1.438581151357935e-05
1.384336389949646e-05
1.207300343519179e-05
1.258216265159098e-05
1.290877314074158e-05
1.352592254017690e-05
1.376898199900310e-05
1.192893432001301e-05
1.154920043019578e-05
1.752239294799485e-05
1.686302875711211e-05
1.150804397380562e-05
1.690713680731341e-05
2.012000926715722e-05
1.679989506157556e-05
1.678187014950418e-05
1.919073388233056e-05
1.686681846648660e-05
6.346334252615846e-05
6.385612124088093e-05
6.356339146801583e-05
1.523626462278772e-05
1.530545442852880e-05
1.531678198860680e-05
1.511631728136222e-05
9.292068997188329e-06
9.401992303632569e-06
9.404475890253428e-06
1.038660311716339e-05
1.044762119200542e-05
9.165852922469075e-06
1.003380067721808e-05
1.000024780522112e-05
9.173420082221113e-06
1.060011265053352e-05
1.045311753165477e-05
1.070024770293901e-05
1.141244808093171e-05
1.163622325119637e-05
9.504418082184579e-06
9.572172344597905e-06
9.294042528257252e-06
9.388330250471727e-06
1.006321012981078e-05
9.484532922845994e-06
1.260785996449031e-05
1.176092998761317e-05
1.088132686237248e-05
1.132962727736504e-05
1.067299656769269e-05
1.163467194717154e-05
1.236205788443276e-05
1.084988636616850e-05
1.242089193386966e-05
1.257836231170475e-05
1.334693516628204e-05
1.306364683432841e-05
1.252738713668434e-05
1.340623728821496e-05
1.050038953932191e-05
9.655886975303477e-06
9.243962564519225e-06
9.145913587310906e-06
9.468039051178979e-06
9.858779614150433e-06
1.511130497303941e-05
1.471340229192144e-05
1.503199572680084e-05
1.469665492047948e-05
1.450985957342908e-05
1.264983711517088e-05
1.248176071429900e-05
1.311118383627285e-05
1.340554596974804e-05
1.398175570302022e-05
1.323868199007686e-05
1.377089227182553e-05
1.406620273391608e-05
1.285504530280012e-05
1.228924498176824e-05
1.227733660301293e-05
1.261755288312141e-05
1.159045226813694e-05
1.195385270207031e-05
1.212437245452635e-05
1.107936572628145e-05
1.095823471555280e-05
1.060415995900925e-05
1.020382037483940e-05
9.701908544754212e-06
1.055855051448374e-05
9.426657384648159e-06
9.496834898725366e-06
1.005280303358602e-05
9.506936210461171e-06
9.519418677357223e-06
1.002521307857677e-05
9.152701075023566e-06
9.161921470138509e-06
9.926427366442336e-06
1.193190721951442e-05
1.134150876555543e-05
1.293782725884697e-05
1.237482788169477e-05
1.125616918065944e-05
1.184186122596600e-05
1.081601595289967e-05
1.157210478118280e-05
1.030329216668904e-05
1.124088218657776e-05
1.088445686954408e-05
9.955207450561736e-06
9.183804957081678e-06
1.011823358394697e-05
1.054923438839258e-05
1.086305646385163e-05
9.450726199241013e-06
9.206665221430837e-06
9.998277991963972e-06
9.527548043293129e-06
9.544549346537844e-06
9.141357278199621e-06
1.261872592302255e-05
1.343583108005700e-05
1.255485016691129e-05
1.171885825256263e-05
9.226357509154401e-06
9.651479777517206e-06
9.442595524532633e-06
9.473864841226207e-06
9.175195493517712e-06
9.226586245299543e-06
1.355591994556043e-05
1.377899235752263e-05
1.292752341973920e-05
1.302706782254198e-05
1.056774209724832e-05
1.740894641581484e-05
1.672654982962087e-05
1.687041196348518e-05
1.938188171852183e-05
1.173452577513622e-05
1.880942847689509e-05
9.390885686141571e-06
9.130317443306576e-06
9.399307468456412e-06
9.572919022274435e-06
9.144229516979807e-06
9.446596101645889e-06
9.585694562890055e-06
9.208575566207890e-06
1.015149661102365e-05
1.084375275961438e-05
9.194151140050262e-06
9.458521475413661e-06
9.921823313546550e-06
1.006120866069571e-05
9.438306337357887e-06
9.500390048551230e-06
9.216962556866090e-06
9.278155308337027e-06
1.001903193654609e-05
9.932022130584124e-06
9.490370936178972e-06
1.080203240825249e-05
1.114269609528280e-05
1.218846433310218e-05
1.153120420466331e-05
1.080884403928962e-05
1.466249802208677e-05
1.444997222184039e-05
1.489640056420026e-05
1.433617168811906e-05
1.490739830358940e-05
1.109624351463287e-05
1.213726405222655e-05
1.146747293118681e-05
1.015632887556931e-05
1.050580288674603e-05
9.731709665278423e-06
9.519799331286651e-06
1.038015300582329e-05
9.559781238580188e-06
9.370023190884790e-06
9.238413784873828e-06
9.404262433458052e-06
9.287843001055697e-06
9.420507945440515e-06
9.328876530811510e-06
1.029431392639244e-05
9.653569261278883e-06
9.195877551480124e-06
9.452970447025831e-06
9.798104378033521e-06
9.199847094927006e-06
9.976436477675769e-06
1.092137271998650e-05
1.008588229362630e-05
1.087787865114660e-05
1.165817818336406e-05
1.179852676429620e-05
9.892524917285121e-06
9.432064720583899e-06
9.359850110789075e-06
9.660936588039436e-06
9.484808218097148e-06
9.201255826179086e-06
9.211424383903531e-06
9.804888194584854e-06
1.069148551801821e-05
1.038130870691151e-05
9.962388476223912e-06
1.089401668509662e-05
1.080981454269120e-05
9.998119089078086e-06
1.077081958785211e-05
9.910629074577872e-06
1.168344050072003e-05
1.008913497306988e-05
9.180832546902070e-06
9.188852384581637e-06
1.062428998278652e-05
1.064694131091414e-05
1.005032820834594e-05
9.505487418300099e-06
1.041193982273034e-05
1.000035067999589e-05
1.097675444387023e-05
1.751038497354674e-05
1.770094084002795e-05
1.697208754194464e-05
1.432222402060120e-05
1.897961820614763e-05
1.069544992755789e-05
1.805913099508812e-05
1.666929319395271e-05
1.662853393388411e-05
1.057784867194444e-05
1.088841700573373e-05
1.051913050540538e-05
1.095322113150238e-05
1.063482108363334e-05
1.101809318494000e-05
9.880641085452653e-06
9.387604549791701e-06
9.201572064908193e-06
1.704261834850997e-05
1.732349378566861e-05
1.714982348077146e-05
1.722531929797337e-05
6.310992784737092e-05
1.055088417455943e-05
1.665951154617636e-05
1.040796458573060e-05
1.020613379144610e-05
1.736920496101423e-05
1.678541086342951e-05
1.817695425405244e-05
1.684403976122133e-05
1.674729771518031e-05
1.778833970179829e-05
1.716878883468179e-05
1.693065953420336e-05
1.688844779287971e-05
1.684716297968702e-05
1.808866502587558e-05
1.763090572981282e-05
1.073525837591135e-05
1.013029328077311e-05
1.094009361514823e-05
1.108519536703918e-05
1.688299125032329e-05
1.743656526320476e-05
1.743883127824113e-05
1.691764668886708e-05
6.326292207662235e-05
1.734530147636066e-05
1.731332680472214e-05
1.699475400720417e-05
1.701661799658554e-05
1.052099384058122e-05
1.689589590584694e-05
6.355778688403815e-05
5.144841354106597e-05
5.136529739499618e-05
6.328898503060501e-05
1.720645435097327e-06
1.052517296284583e-05
1.037040361602465e-05
1.069616320317872e-05
9.739363858792247e-06
9.165154507148799e-06
1.702094029635826e-05
1.686425677680459e-05
1.678572085812703e-05
1.823613561963722e-05
1.685485373193229e-05
6.327990597697518e-05
1.702998860435552e-05
5.159376269198803e-05
6.346038683656513e-05
6.322090609183651e-05
5.152749502973194e-05
1.703327818453931e-05
1.698698167846559e-05
6.331470140395392e-05
6.343818624327383e-05
5.115278658871454e-05
5.147304854087135e-05
1.540911546513515e-06
1.939006773328179e-05
1.797207783790549e-05
1.692931762966971e-05
1.706047390427610e-05
6.332877296364111e-05
1.120343289337798e-05
1.933271346193989e-05
1.830144095230224e-05
1.775956510611017e-05
1.083612541883965e-05
1.132311089001937e-05
2.739040253262785e-06
2.718299801841953e-06
-6.477453470101161e-08
-9.162072270316487e-08
2.892112884027923e-07
-9.098132737448548e-08
2.908955710868257e-07
2.893795229560380e-07
1.913977434993260e-05
1.108434454528415e-05
1.035893229576034e-05
1.096475783086665e-05
1.805168401513468e-05
1.127290101483650e-05
1.071058759118470e-05
1.035326299127684e-05
1.078511521889706e-05
1.140971843211770e-05
1.085999275965343e-05
1.786955704408133e-05
1.800521060440979e-05
1.702317887902373e-05
6.342567690513760e-05
1.077664773562498e-05
1.133921029052523e-05
1.129344640014734e-05
1.073127764297133e-05
1.788285379754698e-05
1.800928747434033e-05
1.133736469316923e-05
1.779914908193331e-05
1.840109419235100e-05
1.075028355161108e-05
6.337043367433079e-05
6.339589215144488e-05
5.143296241359450e-05
1.701663579091462e-05
1.691150810016577e-05
5.117612077215860e-05
6.344058169595143e-05
6.323550907953319e-05
5.105673216821910e-05
6.314506744638849e-05
6.345987190704007e-05
5.142329436335837e-05
6.316465486793075e-05
1.689512490593431e-05
1.702119008291360e-05
5.143070156356608e-05
6.350610253744816e-05
5.116512472983185e-05
1.612748389064711e-06
5.127646734768945e-05
6.346818440077359e-05
6.329491092252204e-05
5.122893492857608e-05
1.704152171068125e-05
5.126853799965382e-05
6.322392642019502e-05
5.121022673337912e-05
6.343966518276453e-05
5.125129719446176e-05
1.595330719147982e-06
5.175567723323753e-05
6.344415298488242e-05
5.144934691675771e-05
1.727541652928896e-06
1.690375348951830e-06
6.341286782294673e-05
5.121953681401017e-05
1.673623119178489e-05
6.342463095220600e-05
6.339783278175908e-05
5.139283119862130e-05
5.156379072041327e-05
6.335757325011594e-05
5.161391493734033e-05
6.341009493585473e-05
5.159410904824984e-05
5.151508698442631e-05
6.339843718839644e-05
6.345236218941716e-05
1.706426721062274e-05
1.713368430345583e-05
6.334124667417066e-05
5.148572688774502e-05
6.318543596690395e-05
5.137050992834380e-05
1.709655451530623e-06
1.687974488704649e-06
5.165984998913194e-05
5.162664224761397e-05
1.709691044603409e-06
1.541119425418548e-06
1.492782455099713e-06
5.192945042927882e-05
5.155873178851799e-05
5.141030844447104e-05
5.163780256157647e-05
1.694351690819847e-06
1.677655764631167e-06
5.125709584883108e-05
5.108119076007873e-05
5.116647816506213e-05
1.742565422726546e-06
1.580325598789288e-06
2.693692188414889e-06
6.334258213739332e-05
5.121110108233062e-05
1.699800500048867e-05
1.705156861956308e-05
6.354072390623311e-05
6.335376351330010e-05
6.353872911606599e-05
5.177274887928758e-05
6.371386482768308e-05
1.717882352438725e-05
1.691788044955727e-05
6.359934651048675e-05
5.129819908599505e-05
6.344486172694551e-05
6.364892269009051e-05
1.711692111583539e-05
6.314028311167300e-05
5.144248588597472e-05
5.235675937123576e-05
6.367536467799535e-05
1.696224677154855e-05
1.760441665944175e-05
1.691127105012771e-05
1.814361891565448e-05
1.677090743893160e-05
6.318489239916502e-05
6.351858739973708e-05
6.332814834845918e-05
5.114183207130259e-05
5.129026534128927e-05
5.117462382456157e-05
1.641852910143923e-06
1.805165411682674e-06
1.677857194371531e-05
6.340471904819783e-05
1.700427503194910e-05
6.343939760164609e-05
1.700227819658223e-05
6.331820045494995e-05
1.731345841124192e-05
1.699393379929768e-05
1.693471846589178e-05
1.691555627757166e-05
1.794811453472499e-05
1.699173321983909e-05
6.370900414299089e-05
5.160742630640253e-05
5.146941555941381e-05
1.680011917407790e-05
6.318829828894223e-05
1.855667473391006e-05
1.696016864292615e-05
6.333542302450718e-05
5.115240194137636e-05
6.342731834475647e-05
1.694787686345414e-05
1.695207385414816e-05
1.831924472196984e-05
1.954342725098471e-05
6.334620946624104e-05
1.681467612564462e-05
1.682724661481977e-05
1.922519896950610e-05
1.738021586328177e-05
6.337024218521962e-05
6.372389685386877e-05
1.893503274342365e-05
1.665042046623059e-05
1.685550269475996e-05
6.358157706214437e-05
6.348755766739169e-05
5.158306789388687e-05
5.166840762392641e-05
6.336557856129984e-05
6.344483098016343e-05
1.709806702644290e-05
1.108232757521251e-05
1.772249140747182e-05
5.138546261461875e-05
1.579237461746288e-06
2.728800920165179e-06
2.747816332145896e-06
-8.487138890796880e-08
-7.028354974085070e-08
2.900533040186383e-07
2.898934405549392e-07
1.746999143947067e-06
1.593971206148101e-06
2.705288594461238e-06
5.151770596961734e-05
6.363792874851115e-05
5.162021731835323e-05
2.735735092323586e-06
1.601285377112118e-06
1.600457738663395e-06
2.716689328816685e-06
2.692090844001307e-06
1.729049416518240e-06
5.116453212502443e-05
1.641079477272652e-06
1.794084639361873e-06
5.152652000636784e-05
5.125033694220186e-05
5.142300985610417e-05
1.622361033687815e-06
2.716635134770701e-06
1.839190293340131e-06
2.714737564536128e-06
-6.662246861333099e-08
-8.755529517988720e-08
2.868721599898881e-07
2.736885783819520e-06
1.914347774700060e-06
1.814188961545549e-06
2.724872594228168e-06
1.583052113745777e-06
5.149968014092948e-05
2.716014316662620e-06
1.753911539172908e-06
2.744092948252371e-06
-7.017774674183543e-08
2.884387794104775e-07
2.881283148346712e-07
2.721159006940290e-06
1.892576669140711e-06
2.744242663280587e-06
2.770542477646228e-06
1.799419196138112e-06
1.568614604457446e-06
2.759061964063832e-06
1.595477320413778e-06
2.734204841593206e-06
1.881632958372774e-06
-7.511621825120556e-08
-7.882871354962233e-08
2.893919205426704e-07
1.573131367904448e-06
2.709056098007172e-06
2.732056686700975e-06
-8.700690141207616e-08
2.882495620850085e-07
2.887585776308955e-07
2.723558943532718e-06
-6.774841097651306e-08
2.891784238769978e-07
-6.898039605395447e-08
-8.980123846598174e-08
2.879211203297535e-07
2.891417311125307e-07
2.787633149892675e-06
1.897995464427990e-06
2.752014478622489e-06
2.722046986411731e-06
1.623889154225270e-06
1.691325241818306e-06
2.724266931606324e-06
1.597475645727852e-06
2.714568036566450e-06
1.720916932245661e-06
1.581904559615372e-06
2.721644996966998e-06
2.725695997780456e-06
2.720622925779607e-06
-8.989859650130272e-08
2.898463057314200e-07
-6.426189746210538e-08
2.881146664231928e-07
2.774178992555017e-06
1.649279591396262e-06
5.134157055914713e-05
5.161060379262862e-05
1.658142985250497e-06
1.691426784379830e-06
5.138075625632685e-05
2.704667447105400e-06
1.728680593903232e-06
5.131189303251293e-05
1.561305540975958e-06
1.759940611575283e-06
5.145581891837148e-05
6.350408714130283e-05
1.660453935209724e-06
1.523467958100798e-06
1.816285679883592e-06
5.145136796031562e-05
5.124557574522264e-05
1.601195140269029e-06
1.740462192998141e-06
-7.673410999746972e-08
2.873417061764379e-07
5.124422420589390e-05
5.106574550300908e-05
1.597622372338202e-06
5.136819922847855e-05
6.357427826182734e-05
1.745453762794836e-06
1.663934081385558e-06
2.690460220713393e-06
2.701339984420608e-06
-8.024264254076879e-08
-8.626446647064825e-08
2.889637815787286e-07
-6.623571407847396e-08
2.867327821246103e-07
1.602634552093356e-06
2.745872085779101e-06
-9.014643752735628e-08
-6.683068426331021e-08
2.899287942854913e-07
1.771580659315319e-06
1.556596289229727e-06
5.158104969501126e-05
5.127331748861813e-05
1.750292912522608e-06
2.749717896588121e-06
2.715829596315974e-06
1.702257896766012e-06
5.238215824931835e-05
6.329730193726774e-05
5.196436321687171e-05
1.894308106949850e-06
5.149234600784508e-05
5.126323122189050e-05
6.346193500314760e-05
6.318454196216248e-05
1.637586021399833e-06
5.154827330572332e-05
1.714274303851311e-06
5.234317320102872e-05
6.314147898362685e-05
6.339697868273639e-05
1.936529944218636e-06
1.058379562197579e-05
1.770570289417449e-05
1.098001720931124e-05
1.709291679548045e-05
1.719870602031276e-06
1.607354674326095e-06
5.121252406102907e-05
1.572083712257406e-06
2.699697316953562e-06
1.707306129271934e-06
1.728845410903281e-06
2.746218515240667e-06
-6.669939653215959e-08
-7.699421796685150e-08
2.870729569114301e-07
2.691367087136296e-06
2.737655828248576e-06
-8.351170200768938e-08
2.875214042376204e-07
-9.083736401876462e-08
2.883521240125529e-07
-6.766819098766952e-08
2.895116230814843e-07
2.884300087425379e-07
2.722116981803461e-06
2.725754262544392e-06
2.740908987265141e-06
-6.678560053912995e-08
2.897267792993255e-07
2.728345811223351e-06
2.737707303929939e-06
-8.861298865611139e-08
2.881538714995172e-07
-8.013354853465729e-08
-8.769953569563079e-08
2.913730131509321e-07
-6.772867779426931e-08
2.888664650779195e-07
2.885335435237731e-07
-8.302979183556131e-08
2.852928286147741e-07
2.704413777836002e-06
-6.556283458449557e-08
2.857482822725422e-07
2.864641080164824e-07
-8.632785808624159e-08
2.883858561350032e-07
2.706713160372425e-06
2.698832821729340e-06
-6.852560544043767e-08
2.870961580717749e-07
-7.282499698381484e-08
2.898573986008221e-07
-6.722609728873268e-08
2.889979096525555e-07
2.731326984408893e-06
2.718063545669883e-06
-8.738180557118625e-08
-7.144764478515299e-08
2.908133278469298e-07
2.923860160968541e-07
2.759751135100216e-06
2.728462740739013e-06
-8.675664151992957e-08
2.910624745367948e-07
-7.052047703127937e-08
2.900892816998722e-07
2.875936158984701e-07
2.712305010255015e-06
2.739806689993634e-06
-9.441612915027547e-08
-8.631892683461279e-08
-7.825379165939351e-08
2.900077217512259e-07
-7.095718102200461e-08
-8.918823228518890e-08
2.904579830027748e-07
2.900659449351799e-07
-8.554398478358216e-08
-8.345525176739480e-08
2.906670900428286e-07
2.669711243682030e-06
2.752102036457520e-06
2.881272006499227e-07
2.886510797821944e-07
-7.085799245295922e-08
2.879679941313995e-07
1.808407596028993e-06
2.713780992871854e-06
2.707136717511500e-06
5.124062213851352e-05
-8.354010819490706e-08
2.865591499929756e-07
-8.654189744285665e-08
2.865601002062620e-07
2.702931106679104e-06
-6.841530656744491e-08
1.063359900649897e-05
1.046713282105355e-05
1.009887745601685e-05
1.096654845399448e-05
1.101720099500041e-05
-8.805444346679293e-08
-9.018344545041340e-08
2.918456548772639e-07
2.887359114425098e-07
-7.243999515520287e-08
2.928202496226802e-07
-8.514082595806370e-08
2.720853037172775e-06
1.650114776273224e-06
-7.305942908894889e-08
2.866596518233942e-07
2.694464983752830e-06
-6.849452915926369e-08
2.716663625250627e-06
2.860510303479579e-07
2.882838197125531e-07
-8.909802527801509e-08
-8.734956026021436e-08
-7.293302107638844e-08
-8.261265935092285e-08
2.889468369441962e-07
2.864622349078087e-07
2.892429004347790e-07
-8.473139302983085e-08
2.694448812762838e-06
-7.801075799967470e-08
-6.828888826737471e-08
2.865411529751987e-07
2.874618242142068e-07
2.883111567197812e-07
-6.993853605767052e-08
-9.522936904933559e-08
2.772894592960971e-06
2.756642579572901e-06
1.765210227150105e-06
2.928648914362830e-07
2.919637827669773e-07
2.725353267930061e-06
-8.835714839911890e-08
-6.708202385141633e-08
2.741288242001357e-06
2.878452993131597e-07
2.889438127043359e-07
2.887510337816801e-07
-7.077625169738014e-08
-8.755154476917496e-08
2.737382763116859e-06
1.565618496741619e-06
2.717970640555199e-06
2.900562489804853e-07
2.904569567151452e-07
1.653541325398196e-05
1.055233402225198e-05
1.060556445267515e-05
1.045387029202961e-05
1.013717624815378e-05
9.132739976781893e-06
1.032091417587336e-05
1.075461934267070e-05
1.846227259052433e-05
1.748852087587740e-05
1.697777586122411e-05
6.325202734474600e-05
5.202789019547776e-05
5.151482545969306e-05
2.722610587572322e-06
1.925013775381971e-06
1.747019831035309e-06
1.603238957948818e-06
2.711104885134384e-06
-7.583533912968484e-08
2.725528815552893e-06
1.541587466635930e-06
2.859133861151886e-07
-9.163371292935383e-08
2.896230778733358e-07
2.758469079436507e-06
-9.815991488794034e-08
2.789083278786703e-06
2.923383317810059e-07
2.941238853325876e-07
-8.036983902602162e-08
2.679998990528868e-06
2.881902537598506e-07
2.875626495325503e-07
-8.484694955277289e-08
-8.576269041485576e-08
2.697389168871257e-06
-6.879545793840287e-08
2.708500098726599e-06
2.865854218796312e-07
2.865759084411038e-07
2.873561924339063e-07

EL  1  1102  double
1.270663081490247e-04
1.289644979232526e-04
1.376508068163915e-04
1.467781245057666e-04
1.387443768785876e-04
8.896198344201773e-05
9.361209863055871e-05
8.506833387857167e-05
9.648730139757435e-05
8.760492913118393e-05
9.022760137986045e-05
9.084221825510223e-05
8.245145765938992e-05
8.219531044467411e-05
1.571348516672207e-04
1.556467660920722e-04
8.982341428429396e-05
9.465387841825510e-05
8.743030135339041e-05
8.990617938041950e-05
8.560982702163973e-05
1.002077820697556e-04
8.344303383192810e-05
8.923289955326960e-05
8.994504495471568e-05
9.407044336796501e-05
9.025311528999836e-05
8.972757785261404e-05
1.030396208138099e-04
1.023564938598935e-04
8.883297604125862e-05
9.011599368584365e-05
8.987839119289696e-05
8.920060993737587e-05
8.309988113875700e-05
8.304007477451922e-05
8.940755555477993e-05
8.853781565503610e-05
8.538559736442142e-05
8.984834332912625e-05
9.058456663401275e-05
8.246752149813600e-05
8.942847037412708e-05
9.161596136586700e-05
8.507645367327599e-05
8.949465017456689e-05
8.919307621090415e-05
8.314444116407595e-05
9.090155714475033e-05
9.890554577337124e-05
1.073767610319210e-04
1.054299684926537e-04
9.933118618785302e-05
1.173601011940231e-04
1.141036811317069e-04
1.022334578021662e-04
1.246258882428821e-04
1.306474597090871e-04
1.191392506330685e-04
1.291955977780004e-04
1.236266673700468e-04
1.120829770396305e-04
1.138616762506662e-04
1.215490469715930e-04
1.337358634099179e-04
1.322028651336687e-04
1.377796034293226e-04
1.469785102602420e-04
1.448515354242483e-04
1.349934435481926e-04
1.690251924923671e-04
1.724549315144968e-04
1.703583670230981e-04
1.660880127708054e-04
1.702400642547846e-04
1.665396415796102e-04
1.114164980677325e-04
1.231854935685333e-04
1.058059941187244e-04
1.006100458254094e-04
1.038344956334621e-04
1.007576262618264e-04
1.187160342017576e-04
1.131016462006525e-04
1.360717254160461e-04
1.456086588432313e-04
1.595750277055342e-04
1.656423375156438e-04
1.420213703848894e-04
1.319909074050275e-04
1.395582171843975e-04
1.241098176360990e-04
1.235613133831547e-04
1.336598563645770e-04
9.989967133000011e-05
1.079084374934061e-04
9.905681389110219e-05
1.081268371118626e-04
1.191247621993812e-04
1.188043590972134e-04
8.835749616473745e-05
1.241729999885689e-04
1.356496036310896e-04
1.288965254346680e-04
1.406516637698155e-04
1.300709210171148e-04
1.715403512630308e-04
1.737196322987116e-04
1.716159243642285e-04
1.685734348041550e-04
1.699391109546586e-04
1.729147009902621e-04
1.676252519161970e-04
1.697130023865433e-04
1.181292997814423e-04
1.059295905486388e-04
1.155942107542685e-04
1.265547759428809e-04
1.284248041232467e-04
9.741719791793769e-05
1.672826655119338e-04
1.694808324076963e-04
1.726467752748472e-04
1.646245929582758e-04
1.659377890579075e-04
1.601605194089319e-04
1.663042499630087e-04
1.659710088656872e-04
1.639186662603213e-04
1.612190860533215e-04
1.600424368615250e-04
1.606001951423541e-04
1.649614495258266e-04
1.661653629585944e-04
1.620518094553052e-04
1.548624239275074e-04
1.534664924334582e-04
1.585615744576744e-04
1.589299527285301e-04
1.610469300611389e-04
1.614527451707453e-04
1.552237495254532e-04
1.547861247643512e-04
1.539770016234480e-04
1.474252317589818e-04
1.583789159347028e-04
1.638357566208408e-04
1.574532138430261e-04
1.091107622060138e-04
1.251030576543668e-04
1.142011014123850e-04
1.211406213058451e-04
1.163997424007210e-04
1.223364018161445e-04
1.189043432307784e-04
1.300875668192501e-04
1.253954372920645e-04
1.243340105932952e-04
1.330948591386223e-04
1.171131288410126e-04
1.022773004298138e-04
1.073116350189855e-04
9.817072512489004e-05
1.045280408014699e-04
1.402272136166061e-04
1.297537140219693e-04
1.495861253465852e-04
1.462116594741242e-04
1.363147073439155e-04
1.065434845089750e-04
1.018812778754706e-04
1.134719418348911e-04
9.677696879864111e-05
1.055708904278054e-04
1.435858282784828e-04
1.427061657353192e-04
1.345907051355358e-04
1.346529698070704e-04
1.513009714778189e-04
1.241778820548607e-04
1.249841652701457e-04
1.329841907101192e-04
9.939934386226413e-05
1.095442139567434e-04
1.053263913999365e-04
9.699966386298188e-05
8.750980044346420e-05
1.181025057124262e-04
1.134861538673711e-04
1.428728965558755e-04
1.405401108286328e-04
1.465623983426017e-04
1.367590528083085e-04
1.497923866757504e-04
1.513664288442239e-04
1.428568754018555e-04
1.421404625133616e-04
1.506877364786200e-04
1.506138243057942e-04
8.848171092826379e-05
9.749118269329294e-05
9.909310312875966e-05
8.787776077756105e-05
1.004896195028907e-04
1.213818163929708e-04
1.253210872638531e-04
1.326816689924094e-04
1.362533607098380e-04
1.274571014665597e-04
1.064279204280528e-04
1.011847104098543e-04
9.749788345034035e-05
1.005052499174993e-04
8.644642295853525e-05
8.346535307563408e-05
8.288123433881033e-05
8.943619291023189e-05
1.576746646109457e-04
1.584025319497364e-04
8.248843487815213e-05
9.024001338960491e-05
8.320810628918341e-05
1.555640902159418e-04
1.576935434958105e-04
1.581138709732357e-04
1.034135865890729e-04
9.941071714617381e-05
1.089864651456822e-04
9.048738145157539e-05
9.015180355345359e-05
8.600789791035057e-05
9.307945135273350e-05
9.040144393857258e-05
8.942804099238607e-05
9.009841814510290e-05
9.026788229370532e-05
8.944901655809835e-05
8.737768940945436e-05
8.876057265017629e-05
8.362074146369998e-05
8.332329652524986e-05
8.998272251937005e-05
8.247459323834382e-05
1.551637523231214e-04
1.576076149389427e-04
1.622733791017931e-04
1.652624456973025e-04
1.677777636643143e-04
1.639097472075681e-04
1.501309575695406e-04
1.543288917726720e-04
1.569063959918275e-04
1.615918084316718e-04
1.633739941123152e-04
1.489020420068545e-04
1.455461168383329e-04
8.977727350835228e-05
8.184986993529174e-05
8.457082088132934e-05
8.285456492279157e-05
9.217849889823067e-05
8.294367527555168e-05
8.194782157110200e-05
9.125303386008553e-05
8.258709078100549e-05
1.562608230097903e-04
1.576809706475229e-04
1.572785752587436e-04
1.736020568149487e-04
1.740653910696550e-04
1.741409074908679e-04
1.727966581027767e-04
1.041667766684841e-04
1.149746037203746e-04
1.035700009802295e-04
9.544836429730303e-05
9.827494946176460e-05
1.074654931945784e-04
9.972131989179597e-05
1.008087373418069e-04
1.092917630177223e-04
8.885995888556170e-05
1.343866503461048e-04
1.371561054736503e-04
1.443046060970489e-04
1.463605055886238e-04
1.185508623796011e-04
1.218398208164189e-04
1.105374239135405e-04
1.135634372374453e-04
9.961162141905066e-05
1.015791019020175e-04
1.545564595510220e-04
1.474711799485108e-04
1.390849387156198e-04
1.435872733983987e-04
1.369144630596510e-04
1.463602147979446e-04
1.525764310368178e-04
1.387814589290936e-04
1.530363403295606e-04
1.543177304845013e-04
1.602676270932225e-04
1.581131300651961e-04
1.539175633135194e-04
1.607175383461279e-04
9.158053170200693e-05
1.032895902181843e-04
1.135631863792847e-04
1.118984371499948e-04
1.033161807657234e-04
1.020688249500693e-04
1.727630005881679e-04
1.700572129038588e-04
1.722293440451856e-04
1.699427876684504e-04
1.686526829490855e-04
1.548799947704351e-04
1.535197687269177e-04
1.584684528275950e-04
1.606994812660982e-04
1.649135831602801e-04
1.594635879584559e-04
1.634054002295714e-04
1.655304049038655e-04
1.565219181769889e-04
1.519783795279720e-04
1.518805485552362e-04
1.546027948685018e-04
1.458961308504649e-04
1.491046430584512e-04
1.505485043289971e-04
1.410947454671431e-04
1.398250443212207e-04
1.360130852116879e-04
1.313642722071470e-04
1.244647168271612e-04
1.356143805815833e-04
1.144393841121440e-04
1.199116655548581e-04
1.296664265599815e-04
1.197068889389485e-04
1.199574746601783e-04
1.292088732102901e-04
1.088996728393989e-04
1.081462460409230e-04
9.966004946015455e-05
1.489696768642135e-04
1.437082646763852e-04
1.571665448791221e-04
1.526876204659515e-04
1.428879196019309e-04
1.481896414422984e-04
1.384862653567234e-04
1.458043000735230e-04
1.326454105763100e-04
1.427574533267573e-04
8.994754721033508e-05
1.000151856308385e-04
1.087396945031627e-04
9.970652734012407e-05
8.908913744804410e-05
8.862392166452575e-05
1.182750162220024e-04
1.086965958886997e-04
1.289539903986286e-04
1.201285379325733e-04
1.204884253121290e-04
1.093869494483481e-04
1.546388853895952e-04
1.609363420852509e-04
1.541352563194867e-04
1.471062906017243e-04
1.118815846161442e-04
1.237399053895508e-04
1.163610760826468e-04
1.185757834754894e-04
1.066900891374758e-04
1.037463689701850e-04
1.618085074993394e-04
1.634451006219073e-04
1.570471037653638e-04
1.578203469326482e-04
8.622281531359310e-05
8.971015460173180e-05
8.299285202522993e-05
8.290433496865644e-05
9.149963232929640e-05
8.831181661880296e-05
9.033586288070152e-05
1.030707026820951e-04
1.060302124828926e-04
1.153878584734984e-04
1.222254267315750e-04
1.100653579704947e-04
1.173156194616070e-04
1.213322577914325e-04
1.092708209540732e-04
9.930415999322645e-05
9.668536591691457e-05
1.049664512823176e-04
1.177471445379468e-04
1.278590649573405e-04
1.297510180778852e-04
1.170244079087483e-04
1.194011275707340e-04
1.046191171261504e-04
1.129723237187198e-04
1.292097482930911e-04
1.280446662792666e-04
1.191960186858442e-04
1.382874519573379e-04
1.417524360565944e-04
1.511070514753132e-04
1.454063343957545e-04
1.383438283987053e-04
1.697028468482246e-04
1.682261393568801e-04
1.713058288172211e-04
1.674289577976470e-04
1.713800458090199e-04
1.412771328560823e-04
1.506704971361286e-04
1.448208758642886e-04
1.308255455657694e-04
1.349900198959217e-04
1.249727391371336e-04
1.195004535746181e-04
1.335606983356336e-04
1.220604545707183e-04
1.026749631056690e-04
1.103194524400363e-04
1.151910323399972e-04
1.133378224400910e-04
1.151338127403919e-04
1.036304230933485e-04
8.990257941174992e-05
1.025695142205130e-04
1.105198272413543e-04
1.180298902480918e-04
1.260718537023918e-04
1.059013917313974e-04
1.286330840567646e-04
1.395248050676483e-04
1.301168639205282e-04
1.390999527751663e-04
1.465859480086687e-04
1.478171731212576e-04
1.272620285360651e-04
1.163182407783305e-04
1.125260801596155e-04
1.237007780350387e-04
1.187823333777294e-04
1.069275345317575e-04
1.038365676010047e-04
1.262904408561532e-04
1.371401701729044e-04
1.336326271004508e-04
1.284912401100044e-04
1.393236259749685e-04
1.383560670980885e-04
1.288870172310782e-04
1.379730068520306e-04
1.277383977062437e-04
1.467935320298606e-04
1.001244182732117e-04
1.083423180057568e-04
1.086062181502202e-04
8.846899291965852e-05
8.863944690822563e-05
9.918154037547257e-05
1.195489245915586e-04
8.676014701750666e-05
9.485576708866754e-05
8.900665824675602e-05
8.975376263238952e-05
9.004715336685956e-05
8.331646825149633e-05
8.754224192722704e-05
9.099682480258617e-05
8.756212014474619e-05
9.016984669071539e-05
8.208833180330050e-05
8.217776958152195e-05
9.426983428923340e-05
8.531957967551076e-05
9.811469154120711e-05
8.864053639394015e-05
9.743451488172535e-05
8.915006250334657e-05
1.002081852430204e-04
1.015006956304735e-04
1.063984506613703e-04
8.364198542800229e-05
8.935003598184565e-05
8.287003949402246e-05
8.929080827888694e-05
1.553095437483584e-04
8.796858870603900e-05
8.995563755700562e-05
8.961513303085112e-05
9.919104415086155e-05
9.022528268513554e-05
8.288492893027187e-05
9.074057210350114e-05
8.274355205254379e-05
8.260758908209486e-05
9.066982211898725e-05
8.947387774204767e-05
8.311823379384050e-05
8.290713850684722e-05
8.270971309347787e-05
9.044505578310109e-05
9.002015724026318e-05
8.855956863752242e-05
9.869652093623443e-05
8.789533926379715e-05
8.650902136593266e-05
8.294013220483626e-05
8.974478659876060e-05
9.018603306581730e-05
8.301016533332660e-05
1.554818013734980e-04
8.999874581366492e-05
8.999880158656861e-05
8.292299772324899e-05
8.317673356047192e-05
8.888926241224675e-05
8.285327350467583e-05
1.574751128843560e-04
1.950420431546515e-04
1.952588162381850e-04
1.554372045856011e-04
1.391894609505769e-05
8.757031967131075e-05
9.769815883548872e-05
9.409875810668300e-05
1.014059002083357e-04
1.073039849499521e-04
9.011601522786353e-05
8.306409966233652e-05
8.290891079032405e-05
9.063365981940205e-05
8.247205429847874e-05
1.568794814875958e-04
8.310406210395290e-05
1.956385014110150e-04
1.572164146618851e-04
1.551965860979797e-04
1.955903360741107e-04
8.289809654669256e-05
8.298083743562285e-05
1.574693754029723e-04
1.585301698985000e-04
1.950317128474170e-04
1.953394758922377e-04
1.271624484320648e-05
9.108561757080257e-05
9.027358992753241e-05
8.245860748833049e-05
8.316053908064637e-05
1.565965513524592e-04
8.620416354860264e-05
9.063491600986296e-05
9.014515918319554e-05
9.046067352746179e-05
9.714426903637722e-05
8.657216513547316e-05
8.906670127418535e-06
8.940880941758349e-06
-3.727034330662189e-07
-4.696803606986417e-07
3.908926709113649e-07
-4.636042209079720e-07
3.861382115809640e-07
3.880291903855251e-07
9.079645679852337e-05
8.625090531283247e-05
9.772093183511748e-05
9.524150481015305e-05
9.018780341672166e-05
8.607534881966279e-05
9.719160530658492e-05
8.990470978387240e-05
8.800088961831498e-05
8.585088355042897e-05
8.877364543044473e-05
8.968229048844582e-05
9.032808345129968e-05
8.298756431422546e-05
1.579595046320631e-04
9.511914151540209e-05
8.741620868272220e-05
8.664189608666906e-05
9.159053885601211e-05
8.981705526969439e-05
9.063061955290776e-05
8.608786986385893e-05
8.975541738495240e-05
9.088177789747441e-05
8.860815164346061e-05
1.577475740072896e-04
1.579712927413419e-04
1.953527806453513e-04
8.311876592774392e-05
8.319504485310926e-05
1.951406286096770e-04
1.576335733134260e-04
1.558194819780795e-04
1.951082436514609e-04
1.553901971160675e-04
1.581415076183060e-04
1.959428428936049e-04
1.562517098497134e-04
8.279644641093724e-05
8.294537768349323e-05
1.955437940410129e-04
1.575618073366039e-04
1.950126645797374e-04
1.300525556733574e-05
1.954429172282049e-04
1.585920269108446e-04
1.569636938328060e-04
1.950497914338272e-04
8.303803854704547e-05
1.954939054167651e-04
1.563962741092069e-04
1.958561277413308e-04
1.581627936380611e-04
1.952578923720718e-04
1.286658104579211e-05
1.959226433571279e-04
1.584059088982100e-04
1.951282866515758e-04
1.415685235238889e-05
1.380435584398205e-05
1.576291028285944e-04
1.952284384879250e-04
8.325145774091659e-05
1.585177861539444e-04
1.582214820496385e-04
1.954255274764830e-04
1.957768287934841e-04
1.568492824324934e-04
1.952850683569315e-04
1.575072595595600e-04
1.957258799357306e-04
1.950678082620378e-04
1.564124820855651e-04
1.580569572167281e-04
8.339528051224636e-05
8.399370692385544e-05
1.569307413622886e-04
1.954288807003311e-04
1.574932513524849e-04
1.953277022367869e-04
1.368944273458817e-05
1.375894137906319e-05
1.952586123093939e-04
1.954058834315930e-04
1.420972892450168e-05
1.287482371335475e-05
1.276586687093664e-05
1.956161533499320e-04
1.951276730080551e-04
1.949297700513539e-04
1.952062342685900e-04
1.428863896534416e-05
1.372926709371133e-05
1.949993964299354e-04
1.949302932435816e-04
1.952460953363120e-04
1.375003341900499e-05
1.281478297950465e-05
8.901539563015202e-06
1.576441477029958e-04
1.948887884737845e-04
8.285069626722691e-05
8.305050034680969e-05
1.585704817051433e-04
1.572363833373697e-04
1.565099041341887e-04
1.953357217663467e-04
1.576513495260053e-04
8.292246632463981e-05
8.236130441383661e-05
1.570976972661527e-04
1.948374723906919e-04
1.559238127430456e-04
1.580434220761411e-04
8.312685243959031e-05
1.559092757445420e-04
1.950209515013202e-04
1.964613723408203e-04
1.572305322110540e-04
8.259986640483079e-05
9.006335754608643e-05
8.292215089658928e-05
9.087001189341013e-05
8.268163979148690e-05
1.560767727723433e-04
1.579306546159165e-04
1.561145051838246e-04
1.949449506450125e-04
1.952135957710002e-04
1.950029007191256e-04
1.322523124339264e-05
1.422020604146988e-05
8.254979658435973e-05
1.569184070029881e-04
8.282418209833133e-05
1.561772779425822e-04
8.317479962160420e-05
1.573530810610093e-04
8.932051500981419e-05
8.345331935017907e-05
8.998555122684798e-05
8.287425117834991e-05
9.012348090824898e-05
8.258634516111688e-05
1.573792518025239e-04
1.952309341433055e-04
1.948575656549137e-04
8.288881771542617e-05
1.564663290384300e-04
9.114139008006646e-05
8.297602003326758e-05
1.570910269424385e-04
1.955415079290896e-04
1.579353388832132e-04
8.326477943996721e-05
8.254069226212832e-05
9.032322213213134e-05
9.062627614599716e-05
1.571086314643718e-04
8.227742432604236e-05
8.294445848313476e-05
9.121714945586075e-05
8.969694854829334e-05
1.549127118734334e-04
1.575617028912820e-04
9.090961703523201e-05
8.280266374183988e-05
8.233024536071900e-05
1.561622171514539e-04
1.559300201278236e-04
1.955967499015086e-04
1.950787563035242e-04
1.566160584949488e-04
1.579429137131986e-04
8.339570714374285e-05
8.809652289171409e-05
8.980435745903741e-05
1.952348816460169e-04
1.349206820663118e-05
8.944139289943182e-06
8.921830480719961e-06
-4.640961634371570e-07
-3.466256345925221e-07
3.861710654791658e-07
3.814085186373737e-07
1.434509190048017e-05
1.351765881567383e-05
8.834146740253483e-06
1.948701374783709e-04
1.574988668387268e-04
1.952188663679599e-04
8.915859609447592e-06
1.331435892851486e-05
1.274462184626181e-05
8.976692971708802e-06
8.935584755499644e-06
1.370598928672863e-05
1.951952822229732e-04
1.331183629368234e-05
1.439756939305496e-05
1.950098482570438e-04
1.950003970934345e-04
1.948658121342133e-04
1.339716010999460e-05
8.923558198179303e-06
1.427694773681488e-05
8.934637207391347e-06
-3.835659953675997e-07
-4.898415097795459e-07
3.937163082146840e-07
8.897955938904074e-06
1.516557496758812e-05
1.445500853423231e-05
8.908387797253380e-06
1.319556075550344e-05
1.954915405335407e-04
8.946537054154893e-06
1.395101166306871e-05
8.918487388338361e-06
-3.807560589428323e-07
3.794247612811708e-07
3.955433948135650e-07
8.864087767769417e-06
1.508491065736886e-05
8.879757810413932e-06
8.952437335462796e-06
1.465005653898162e-05
1.332800782341467e-05
8.935541079532694e-06
1.325459006234971e-05
8.899067227054301e-06
1.498944809433178e-05
-3.811381581876942e-07
-4.105138099029527e-07
3.753793563317037e-07
1.304442972499793e-05
8.948885183603345e-06
8.901505629979197e-06
-4.826942491946404e-07
3.919289015442522e-07
3.973561827903013e-07
8.927108212187484e-06
-3.698791916870500e-07
3.859627427917176e-07
-4.015092610623629e-07
-4.852173821751418e-07
3.956316078947943e-07
3.919949262729153e-07
8.895466509966813e-06
1.579371602242343e-05
8.773283480451202e-06
8.918960004727060e-06
1.314117232488039e-05
1.426592113333128e-05
8.936701504078527e-06
1.283227572769830e-05
8.954440651904394e-06
1.372490299134589e-05
1.275652256857082e-05
8.964210625464272e-06
8.977858019295163e-06
8.875490261073033e-06
-4.822847596970398e-07
3.976223616488305e-07
-3.694908924939231e-07
3.916810462431528e-07
8.886488874980851e-06
1.348445563510499e-05
1.950644482617721e-04
1.954560748219870e-04
1.373271873764855e-05
1.349564722450434e-05
1.954069155677426e-04
8.889752332455762e-06
1.396294727151750e-05
1.952025808537044e-04
1.291852906746889e-05
1.380664864658856e-05
1.953530376095222e-04
1.576428537334349e-04
1.366327487999357e-05
1.282641881057215e-05
1.425946527294575e-05
1.951125363699226e-04
1.952027726501032e-04
1.280813234657562e-05
1.369475174333792e-05
-4.542800835084520e-07
4.157868522684137e-07
1.954806210678185e-04
1.951091325471093e-04
1.280797296615178e-05
1.956275679743642e-04
1.587206815361284e-04
1.365244510227114e-05
1.312421768324595e-05
8.975849366171273e-06
8.930012263653534e-06
-4.338885628697277e-07
-4.915053686497077e-07
4.068030990852251e-07
-4.145171680765959e-07
4.019343503752514e-07
1.341824734673280e-05
8.889881923135031e-06
-4.637878712311305e-07
-3.424678968263154e-07
3.815985048642215e-07
1.429331274351104e-05
1.291124811261111e-05
1.955647207689371e-04
1.953826964052781e-04
1.383988847474076e-05
8.951853363874998e-06
8.952659917810361e-06
1.441758659606802e-05
1.965278332495177e-04
1.551968407192279e-04
1.953985036046771e-04
1.590245186312650e-05
1.957161002484824e-04
1.953396321354754e-04
1.579965150194716e-04
1.559482863577261e-04
1.308526602142696e-05
1.951969015749283e-04
1.441186267895480e-05
1.964763698751946e-04
1.553830477270568e-04
1.569201576404111e-04
1.590111917719089e-05
9.037042818571822e-05
9.028998594784178e-05
8.631197117865294e-05
8.304018811852724e-05
1.372802721277049e-05
1.286264236743545e-05
1.951250615767685e-04
1.283315385199489e-05
8.917598890654689e-06
1.416820897299263e-05
1.413232083243600e-05
8.892634526261855e-06
-3.833153428524034e-07
-4.395309537523080e-07
3.819563557985958e-07
8.899312237193953e-06
8.961309270182536e-06
-4.891938341172476e-07
4.090140360482912e-07
-4.870738702489482e-07
3.944956192601804e-07
-3.664148705426781e-07
3.933231392983758e-07
3.907890347865375e-07
8.948398573462329e-06
8.922673388786793e-06
8.975461101556422e-06
-3.618457615231862e-07
3.907344966901098e-07
8.940637877671901e-06
8.927502916919495e-06
-4.785267033810001e-07
3.895615682870306e-07
-3.548187466787873e-07
-4.517168963188832e-07
3.785187806199273e-07
-3.823943702731382e-07
3.885432242756768e-07
3.919002308524904e-07
-4.975280166612622e-07
4.022974293257537e-07
8.944633037631903e-06
-3.902905711090904e-07
3.864117318584755e-07
4.010516771949543e-07
-4.970532616300658e-07
4.107309733854150e-07
8.956409700771441e-06
8.888951759715707e-06
-4.005397694570136e-07
4.023760304720900e-07
-3.925638329946955e-07
3.969326971542040e-07
-3.460492765221790e-07
3.837818155186674e-07
8.946270254865421e-06
8.879381493209140e-06
-4.767675873147415e-07
-3.198069299088009e-07
3.673433649463507e-07
3.776607558545447e-07
8.786640892082394e-06
8.920670369521249e-06
-4.405685168963470e-07
3.900464895087052e-07
-3.874417715082587e-07
3.954691389513033e-07
3.967646289997134e-07
8.933856519000305e-06
8.936822327601111e-06
-4.860033297047865e-07
-5.008335561320712e-07
-4.039708480474941e-07
3.672671949742631e-07
-3.468135934612071e-07
-4.670219524945303e-07
3.835486747760657e-07
3.988969191346570e-07
-4.641783156735237e-07
-4.013566897304124e-07
3.880189577137410e-07
8.880969006956009e-06
8.877655231878249e-06
3.889245188237765e-07
4.186578646128837e-07
-4.014750808443547e-07
4.008621998176934e-07
1.419391443306733e-05
8.876991357706574e-06
8.917218927454639e-06
1.952500317463631e-04
-4.961361023236637e-07
4.034151069650583e-07
-4.934794350373475e-07
3.984564671804915e-07
8.937565502643716e-06
-4.086266955077310e-07
9.246080974801955e-05
9.682493554000536e-05
9.908547014509064e-05
8.673132867215710e-05
8.884469289903973e-05
-4.797114779544423e-07
-4.449377215629591e-07
4.096789671333731e-07
3.904867325368816e-07
-3.905173053289772e-07
3.735136438767402e-07
-5.006349568300094e-07
8.930758981119350e-06
1.327842151253748e-05
-3.931328055962303e-07
3.938840305556048e-07
8.969908605971369e-06
-4.072057975370047e-07
8.886996297748275e-06
3.996077388221830e-07
3.986648118255271e-07
-4.778358246337258e-07
-4.869560063635936e-07
-3.929757043141376e-07
-4.458706271297934e-07
3.852147987521588e-07
3.941398365444767e-07
3.998249617108386e-07
-4.971526880429686e-07
8.932320266585576e-06
-4.520681752079728e-07
-3.934369016732534e-07
3.870037719010840e-07
4.131263866494620e-07
4.012915447535350e-07
-3.369917292123400e-07
-4.559468017970239e-07
8.866186967630888e-06
8.923453007183207e-06
1.476439878141992e-05
3.787093460537802e-07
3.810968118496998e-07
8.971097385238399e-06
-4.856867615169291e-07
-3.587006985984867e-07
8.879987657387272e-06
3.970160151863814e-07
3.910600269120207e-07
3.851618183809837e-07
-3.710475032383330e-07
-4.712149560962436e-07
8.939974213768898e-06
1.322338743502315e-05
8.860134994487566e-06
3.887349053960367e-07
3.998817713143307e-07
8.968382847675576e-05
9.393221935575014e-05
8.585833304666669e-05
8.617713285999235e-05
9.948159957932169e-05
1.042871595176951e-04
1.001717698107341e-04
8.792537796944336e-05
8.940337675700065e-05
8.952611912466151e-05
8.281184257654741e-05
1.564701645763414e-04
1.966386915776181e-04
1.955179899350700e-04
8.784872168431293e-06
1.549114384267199e-05
1.404299673641274e-05
1.306326921388182e-05
8.915738467889085e-06
-4.318173957020775e-07
8.985992097543597e-06
1.273057986710630e-05
3.841926260934719e-07
-4.802459573093465e-07
4.076921234641308e-07
8.768311918943008e-06
-4.345485234232258e-07
8.880675005980721e-06
3.738562713508582e-07
3.753936857765258e-07
-4.601852986758625e-07
8.902697954262243e-06
3.867633152752698e-07
4.123946493859440e-07
-4.820398230323511e-07
-4.946947681183132e-07
8.908419246055070e-06
-4.081728271747635e-07
8.952654584837242e-06
3.990878508950967e-07
4.008032349044743e-07
4.013198451930133e-07

DA  1  1102  double
5.236011381892161e-01
5.308812798346759e-01
5.627195908044512e-01
5.936687679119323e-01
5.665731705241137e-01
2.354633959705166e-01
3.376757236539311e-01
2.730545602292944e-01
3.580808353014465e-01
2.907813903795656e-01
2.511273541909655e-01
2.173658435730177e-01
1.302646580098555e-01
1.236438376386770e-01
1.696902246118934e-03
-7.931543701273353e-05
2.396360868988671e-01
3.467071861927291e-01
3.077507634143326e-01
2.194186915639108e-01
2.920739644180511e-01
3.915936321494655e-01
1.280600834721637e-01
2.384049833163680e-01
2.351295995150030e-01
3.400047802044331e-01
3.281973016008117e-01
3.152542817186729e-01
4.079468308968179e-01
4.009036545859360e-01
3.023841035491630e-01
2.252006169018820e-01
2.271635035680586e-01
2.163270503750852e-01
1.250671327284082e-01
1.261991388706458e-01
2.252489523432069e-01
3.023949564770845e-01
2.788114409069883e-01
2.166145923537309e-01
1.993123674518313e-01
1.211271076117831e-01
2.274196821816518e-01
3.228088658857364e-01
2.724664916617269e-01
2.149798645315201e-01
2.279499652641197e-01
1.248997711350664e-01
1.972098048752098e-01
3.764921489306773e-01
4.357085942138911e-01
4.242742088274386e-01
3.814209617438641e-01
4.822213586759582e-01
4.673506252745799e-01
4.038644759806325e-01
5.137316429983773e-01
5.370218911014447e-01
4.899792512673518e-01
5.316344332447556e-01
5.094256272752667e-01
4.585687356017579e-01
4.665423390256766e-01
5.004827537120141e-01
5.487308279139045e-01
5.430513462667577e-01
5.631154917480213e-01
5.942848529244505e-01
5.872786467196934e-01
5.530948522037119e-01
6.613567906433152e-01
6.711313872804984e-01
6.651716785078401e-01
6.528748610180966e-01
6.648320832808700e-01
6.541823809416382e-01
4.555506838940222e-01
5.076816599748187e-01
4.272730098173129e-01
3.885944635109596e-01
4.110908629461112e-01
3.934656185012457e-01
4.878973606481098e-01
4.614028851228287e-01
5.571595843077166e-01
5.898640699499872e-01
6.336425742926987e-01
6.515761680407864e-01
5.778057758902032e-01
5.423373191758890e-01
5.693456549302282e-01
5.117441148449854e-01
5.090354556742990e-01
5.484934101093583e-01
3.836904616090702e-01
4.374625779443588e-01
3.805512225284604e-01
4.389426648112700e-01
4.899565604146596e-01
4.886807068735087e-01
3.078779066079573e-01
5.120096189103835e-01
5.554653032596776e-01
5.305059699845405e-01
5.731480044288891e-01
5.349981433618852e-01
6.685318221861080e-01
6.747017453714659e-01
6.687468827017046e-01
6.600441582254641e-01
6.639698224655717e-01
6.724306976447869e-01
6.573119998401011e-01
6.633217213532877e-01
4.852423754571432e-01
4.273413288114217e-01
4.744645078836338e-01
5.214790556437401e-01
5.288508679838505e-01
3.654629580747021e-01
6.563273592984282e-01
6.626588123688506e-01
6.716735984424164e-01
6.485936688190941e-01
6.524318135166880e-01
6.354011699565855e-01
6.534929531454000e-01
6.525307772043171e-01
6.465375582899116e-01
6.385447537313774e-01
6.350418039295156e-01
6.366977381753974e-01
6.495760442798353e-01
6.530929795639853e-01
6.409985809121749e-01
6.192486077789108e-01
6.149479395772496e-01
6.305639408140807e-01
6.316801649086473e-01
6.380353961146280e-01
6.392511063914496e-01
6.204080019467595e-01
6.190675813757911e-01
6.165451089681500e-01
5.957901889585283e-01
6.299806362178314e-01
6.462612220733136e-01
6.271762079566781e-01
4.437920119767748e-01
5.159127215266159e-01
4.675750547066874e-01
4.993105433575298e-01
4.773012888665111e-01
5.039179335251165e-01
4.889345476052013e-01
5.350127785595187e-01
5.169950758422500e-01
5.122992199791961e-01
5.462091159813373e-01
4.808740600608994e-01
4.036447918168766e-01
4.343630025066511e-01
3.713545628742552e-01
4.212218400550946e-01
5.716100762423096e-01
5.337434786611108e-01
6.026366108867039e-01
5.917639273145177e-01
5.579132462493108e-01
4.285717962663142e-01
3.916830591446644e-01
4.662538900880114e-01
3.573899307495886e-01
4.265377654286768e-01
5.829944443540745e-01
5.800430851542163e-01
5.515330272038387e-01
5.517951547052257e-01
6.080802273822323e-01
5.114910167562913e-01
5.148754125549982e-01
5.456319207186343e-01
3.813193003479264e-01
4.453905003996511e-01
4.239091566421537e-01
3.597903796031187e-01
2.960908198982826e-01
4.850211200058350e-01
4.636278992650700e-01
5.806102704977317e-01
5.727095276973605e-01
5.929166469044405e-01
5.594732004696094e-01
6.033101644837234e-01
6.082950002722936e-01
5.806484375722052e-01
5.782067839727136e-01
6.062008282040580e-01
6.059738141572768e-01
3.075734293006370e-01
3.663609270275292e-01
3.790824281781497e-01
2.994796977811132e-01
3.879379312227616e-01
5.001872338752289e-01
5.167522884789441e-01
5.448633313184342e-01
5.578251991814791e-01
5.252426274412471e-01
4.300914550253337e-01
3.962264619753967e-01
3.640345627122912e-01
3.904788309751791e-01
2.848258058253250e-01
1.290035810128238e-01
1.253804450025118e-01
2.236478638230383e-01
1.653008681593621e-03
4.078062427723512e-04
1.266792203480865e-01
2.400467391063778e-01
1.244183196791720e-01
6.754964589244034e-04
2.131962484857164e-03
2.469067847334289e-03
4.135210518337492e-01
3.783567558427757e-01
4.434394130953875e-01
2.292831303891442e-01
3.251624519090975e-01
2.894690853640292e-01
3.384551662447264e-01
3.298696185224659e-01
3.128152108781397e-01
2.408354980113541e-01
2.346693904533741e-01
2.229540796007835e-01
2.948007721186250e-01
2.330218663113659e-01
1.244193414682846e-01
1.234876445505457e-01
2.100732023095894e-01
1.228703387883085e-01
6.201822781561283e-01
6.276483118204373e-01
6.416581914305490e-01
6.504579731886113e-01
6.577535618123125e-01
6.464798312260849e-01
6.044243023970093e-01
6.176095207322636e-01
6.255353985121513e-01
6.396436907583970e-01
6.449160382804008e-01
6.005019546230295e-01
5.895982278736119e-01
2.243045791395592e-01
1.198818785836612e-01
2.639371417311108e-01
1.223676998771197e-01
1.953679473927610e-01
1.315337258092036e-01
1.224362425644976e-01
2.085041748029136e-01
1.257121994955080e-01
2.496110687782980e-03
1.332948363432175e-03
1.546453976888323e-03
6.743710163587759e-01
6.756768788250750e-01
6.758892971334636e-01
6.720967632311150e-01
4.158547876739692e-01
4.704580356909313e-01
4.106554504018721e-01
3.566218927977919e-01
3.707571861206254e-01
4.354357889252697e-01
3.837936712406750e-01
3.900940755143297e-01
4.448453501400101e-01
3.105272425511439e-01
5.510222655742009e-01
5.609477254464280e-01
5.855020722420076e-01
5.922976818677175e-01
4.866709797053441e-01
5.019771918849475e-01
4.496050288208762e-01
4.638029650377974e-01
3.822363207263533e-01
3.994092823388923e-01
6.183425206499852e-01
5.959182158946583e-01
5.677202059495908e-01
5.831951768145111e-01
5.601646705746849e-01
5.923210260791182e-01
6.121958821178426e-01
5.667051663980355e-01
6.136021729622740e-01
6.175976380106627e-01
6.357029585946513e-01
6.292104329370404e-01
6.163701289836706e-01
6.370554313814438e-01
3.283862461458806e-01
4.079401304518486e-01
4.660710469154463e-01
4.582686493020772e-01
4.091869000605142e-01
3.992550933447390e-01
6.720014720576367e-01
6.643106771653887e-01
6.704926476134149e-01
6.639841098824184e-01
6.602869769230864e-01
6.193236258824159e-01
6.150905943519795e-01
6.302731033092540e-01
6.369840187079234e-01
6.494331999141464e-01
6.333077140818137e-01
6.450280420109902e-01
6.512498695799923e-01
6.244019508455786e-01
6.103226428096536e-01
6.100118561237592e-01
6.184450094251472e-01
5.907160649578974e-01
6.011379494586053e-01
6.057250932716679e-01
5.746414817034816e-01
5.702397823133905e-01
5.567583761356328e-01
5.398786442406953e-01
5.132142901483308e-01
5.555132996447221e-01
4.678359366660951e-01
4.937314047157758e-01
5.336336238192122e-01
4.927400615054559e-01
4.937240616287087e-01
5.317903653390693e-01
4.431761775697310e-01
4.391253344539815e-01
3.867888632084355e-01
6.007798636043429e-01
5.836064057288135e-01
6.263694332591608e-01
6.125536482084251e-01
5.808434895097125e-01
5.982689303892603e-01
5.657321363483946e-01
5.905127555358304e-01
5.446874796281670e-01
5.804182763288770e-01
3.115872181866808e-01
3.869213397008662e-01
4.417627144499359e-01
3.823751085506331e-01
3.114267823850006e-01
3.038123682550878e-01
4.863351049122557e-01
4.411330319336980e-01
5.309382108746814e-01
4.944514176019901e-01
4.959736254963248e-01
4.457844458580741e-01
6.185954441146088e-01
6.377091302135670e-01
6.170472310821163e-01
5.947484919913566e-01
4.572387196937868e-01
5.103425283704114e-01
4.771508436965211e-01
4.874617808482140e-01
4.314035546981877e-01
4.153294696224711e-01
6.402801574114138e-01
6.451232881556003e-01
6.259577114976412e-01
6.283142555657574e-01
2.938128742819955e-01
2.217137184794722e-01
1.255550168329982e-01
1.240483117384045e-01
2.041313500033368e-01
2.945037699458415e-01
2.087536654627516e-01
4.083262061109567e-01
4.284118802414181e-01
4.731310228997690e-01
5.039597375573043e-01
4.497347868288675e-01
4.817701468022295e-01
4.995871642402956e-01
4.440228208739540e-01
3.795003087232259e-01
3.572750822066100e-01
4.219317425013537e-01
4.834797943048222e-01
5.267255055415032e-01
5.339785481857875e-01
4.806398232750378e-01
4.912801233759040e-01
4.200619206460385e-01
4.626150454360621e-01
5.318982967415735e-01
5.274348259550470e-01
4.903933656469684e-01
5.649948014154791e-01
5.769514444973063e-01
6.075315428824551e-01
5.891779967652754e-01
5.651902452442374e-01
6.632921358064756e-01
6.590496584878049e-01
6.678675031150511e-01
6.567475710935499e-01
6.680777181424717e-01
5.753202642161854e-01
6.061438647012078e-01
5.872414401083691e-01
5.379931898579866e-01
5.532108722497078e-01
5.151817042462885e-01
4.914611893318155e-01
5.480484558511671e-01
5.033454040421280e-01
4.070304033450053e-01
4.493055745927545e-01
4.718551148072317e-01
4.639204409875676e-01
4.710867478746195e-01
4.128643265886681e-01
3.199899164637643e-01
4.046098471457461e-01
4.506894804301363e-01
4.852103136475427e-01
5.196934961647078e-01
4.266790445662967e-01
5.296960689377438e-01
5.693009163415068e-01
5.353645150946199e-01
5.678418180628462e-01
5.930790033108735e-01
5.970671859536726e-01
5.241635473028916e-01
4.767278976086214e-01
4.591751083809070e-01
5.099555427480731e-01
4.883193964492747e-01
4.322662823039383e-01
4.160138178327407e-01
5.206343375726638e-01
5.609864474592050e-01
5.483923526529813e-01
5.292462359154042e-01
5.686822341613762e-01
5.651909357189321e-01
5.306032293099990e-01
5.638890028248439e-01
5.262610874943822e-01
5.937255744461405e-01
3.852465282923854e-01
4.398979699234529e-01
4.410303590709540e-01
3.073070865455809e-01
3.078849194323408e-01
3.807994707114303e-01
4.919454939129134e-01
2.979099640754183e-01
3.561940759970452e-01
3.046061873881087e-01
2.247510612934742e-01
2.216518523844489e-01
1.292847016616279e-01
2.472111831108719e-01
2.102474336158055e-01
3.015817209196573e-01
2.205633841707678e-01
1.211398125267951e-01
1.216292205502046e-01
3.435936412791662e-01
2.822175171767585e-01
3.690750869593649e-01
3.029512194859188e-01
3.634164667397147e-01
3.044701367687772e-01
3.890784461758214e-01
4.007058284800298e-01
4.294407727314775e-01
1.265428903127941e-01
2.220326263469961e-01
1.225330389184442e-01
2.269762152629667e-01
1.563298044039605e-03
3.048991667514532e-01
2.389459905506139e-01
3.178898490459969e-01
3.802651232432772e-01
2.295138963976633e-01
1.294467235194400e-01
2.201407238042205e-01
1.242569840607078e-01
1.259774642132240e-01
2.262104325537073e-01
2.275668586059000e-01
1.264779358525036e-01
1.255386991555923e-01
1.252968345632057e-01
2.205945281687902e-01
2.235015958874869e-01
3.061689252653682e-01
3.772098772914298e-01
2.992652361893096e-01
2.868587696332903e-01
1.263306065256063e-01
2.251129725492790e-01
2.268743267076141e-01
1.261690721557263e-01
1.598090264521372e-03
2.279394930530342e-01
2.286039621259501e-01
1.260381494655479e-01
1.258162548300076e-01
3.118688063106006e-01
1.261013263764743e-01
1.894431894822597e-03
6.901196003077943e-02
6.856180905056976e-02
1.722970054082684e-03
8.370430924099069e-02
3.021921780491271e-01
3.707217959553949e-01
3.407518897822160e-01
3.970285903390458e-01
4.343912028201645e-01
2.316987136508477e-01
1.251078893663150e-01
1.270291548561038e-01
2.184150270053072e-01
1.232181115625030e-01
1.691131342426571e-03
1.252717596912224e-01
6.883943173441741e-02
1.914325852210655e-03
2.547512539711690e-03
6.879031989102749e-02
1.230897903838796e-01
1.238421031315406e-01
1.985970123323709e-03
2.023027146988229e-03
6.872645775757380e-02
6.875688431037716e-02
8.314407972049559e-02
2.043835802417453e-01
2.186038085193479e-01
1.206716964686833e-01
1.250807692798793e-01
2.837670311459838e-03
2.825234156928836e-01
2.024194596851826e-01
2.137687535571154e-01
2.260095812469124e-01
3.603763208867717e-01
2.839934823300078e-01
1.578998945954020e-03
1.597333740330985e-03
4.055405957039788e-03
4.034877597467496e-03
-1.823902896750221e-04
4.015435266096585e-03
-1.696237095140362e-04
-1.797907320027640e-04
2.069101687847865e-01
2.863850859138811e-01
3.681862526832524e-01
3.461541037131536e-01
2.190437326892717e-01
2.815540497582738e-01
3.623584870502155e-01
3.212122951730597e-01
3.027854252518216e-01
2.773541527798334e-01
3.060052884140630e-01
2.182037719962319e-01
2.195700922028309e-01
1.238234845650943e-01
2.477502643842998e-03
3.494649549514947e-01
2.885932145727751e-01
2.845138146258821e-01
3.278374601617451e-01
2.186428370634727e-01
2.208044759105542e-01
2.800252346355342e-01
2.195964574953091e-01
2.175124301690081e-01
3.072678322052567e-01
2.331700960769629e-03
9.731590418457773e-04
6.862131087885950e-02
1.245705671998435e-01
1.284008929599682e-01
6.856564778231555e-02
1.898413702825741e-03
2.011407989665877e-03
6.818814654821047e-02
1.488500268238026e-03
3.595079530030432e-03
6.828634871472372e-02
3.161875668387635e-03
1.207440654166896e-01
1.221359328029330e-01
6.870922393984188e-02
2.244269114533248e-03
6.859445894737758e-02
8.356928550982917e-02
6.851328600101121e-02
2.139473371102700e-03
1.591570368640988e-03
6.887170687551734e-02
1.252376886453794e-01
6.853084475691086e-02
2.867163206169622e-03
6.817767519176959e-02
1.906433181270594e-03
6.871161358174382e-02
8.316124988878955e-02
6.900283440077366e-02
1.420521380003449e-03
6.921798401470235e-02
8.341881757337999e-02
8.345161296960139e-02
2.022281178731553e-03
6.861606837329071e-02
1.290086458792447e-01
3.346975858846292e-03
5.562375663786469e-05
6.839755855956552e-02
6.870861313261994e-02
2.355436198330226e-03
6.909509770796167e-02
2.271247830207356e-03
6.906867153068395e-02
6.878743761248385e-02
2.290159543846974e-03
1.176519764308335e-03
1.230076428578002e-01
1.272618440895076e-01
2.053827567014285e-03
6.870115111137368e-02
2.297748580079914e-03
6.886162556955915e-02
8.326240139398143e-02
8.334180188532078e-02
6.964396720399517e-02
6.900123756083154e-02
8.329804675555715e-02
8.312691720862493e-02
8.313419829060970e-02
6.960414180638895e-02
6.896827471700637e-02
6.865991394959704e-02
6.927499738012470e-02
8.360638145934936e-02
8.381652325112143e-02
6.851342513869602e-02
6.843648951100634e-02
6.868478544715154e-02
8.343932824732220e-02
8.322360132867848e-02
1.590473519868764e-03
1.474771908491846e-03
6.845338530017753e-02
1.229164567953407e-01
1.248953488315549e-01
2.673603743497528e-03
1.589796452625084e-03
1.184473440738041e-03
6.980552646425842e-02
2.649119583540856e-03
1.217318188411647e-01
1.211641287565662e-01
3.295387379381780e-03
6.845078673758749e-02
1.468632423849138e-03
2.791182661821979e-03
1.252503977827800e-01
1.203346707246085e-03
6.905925186306765e-02
6.946571763989633e-02
1.969027844346547e-03
1.248536755171662e-01
2.242762569854774e-01
1.262434916238701e-01
2.217861899377989e-01
1.258498564633839e-01
2.043146972037918e-03
2.668455354017565e-03
2.645181759695036e-03
6.820418759364119e-02
6.860754835937519e-02
6.834608389441668e-02
8.339745628044226e-02
8.353685885182403e-02
1.266160359994837e-01
1.951990728675685e-03
1.247883024588124e-01
2.894433436162860e-03
1.255605622345304e-01
1.753767172341222e-03
2.265921505965896e-01
1.261114630317963e-01
2.350470040012117e-01
1.268803442207386e-01
2.201735552430360e-01
1.245707952634893e-01
1.187305868281881e-03
6.907268767993778e-02
6.892614036427160e-02
1.243148818329097e-01
2.495272894877726e-03
2.158509371000880e-01
1.238663594605128e-01
2.465823300812365e-03
6.807085786856867e-02
2.031931778813841e-03
1.243425038357065e-01
1.197199660204228e-01
2.133410376034273e-01
1.961927644056273e-01
3.161113825554589e-03
1.229706592357264e-01
1.263882839662975e-01
2.088964236236111e-01
2.248133126602726e-01
1.953430706473589e-03
2.391194802749568e-03
2.114206038825538e-01
1.267155937503498e-01
1.257816689911689e-01
2.210869192695503e-03
1.359040098655769e-03
6.882131763945214e-02
6.924412885348512e-02
1.998466472661345e-03
2.161347685280802e-03
1.260311670234289e-01
2.960259858574318e-01
2.220937883930354e-01
6.851452485666704e-02
8.337588624655341e-02
1.619397201121524e-03
1.590106389282206e-03
4.038452544732785e-03
4.042247927740166e-03
-1.750329627802684e-04
-1.666742835354427e-04
8.365577069959769e-02
8.333659712696008e-02
1.733893550045531e-03
6.923040614525623e-02
1.726087416783465e-03
6.882356698278802e-02
1.554207198652493e-03
8.343605990501432e-02
8.337059377707516e-02
1.526622002845816e-03
1.407300943123903e-03
8.349203818010904e-02
6.857519564984316e-02
8.367050371409317e-02
8.357885768776821e-02
6.889826521233662e-02
6.826056370680821e-02
6.880887779548568e-02
8.348128427899490e-02
1.563244535148118e-03
8.363778242596155e-02
1.608188336687149e-03
4.007451656348008e-03
4.021842032316088e-03
-1.753964713903971e-04
1.636793505106286e-03
8.404535102862234e-02
8.380136100800320e-02
1.610192600909715e-03
8.358051571985968e-02
6.880011987586358e-02
1.472038510077486e-03
8.353591539171352e-02
1.669021523276591e-03
4.030724561752076e-03
-1.589911930056846e-04
-1.874041333368108e-04
1.662985303779134e-03
8.384045242763452e-02
1.701020696633259e-03
1.598293132818671e-03
8.374742525265905e-02
8.335758586073554e-02
1.658582195681663e-03
8.355834853710800e-02
1.650941049866079e-03
8.375427569590084e-02
4.006839526369982e-03
4.021843804253785e-03
-1.527969119306972e-04
8.353942629943864e-02
1.494843047701429e-03
1.590915771668052e-03
4.039821860444695e-03
-1.778188607776196e-04
-1.969900111643269e-04
1.509026888522713e-03
4.039776126641481e-03
-1.708905181703669e-04
4.043641072747245e-03
4.020690180211103e-03
-1.832897848786665e-04
-1.849764280008177e-04
1.630810091783927e-03
8.393056779661764e-02
1.975052851639525e-03
1.578159759385177e-03
8.332598316768923e-02
8.398279147461342e-02
1.467296159488951e-03
8.325849145269285e-02
1.457611362431684e-03
8.334490227810540e-02
8.332731305048842e-02
1.582598111577711e-03
1.448582860025176e-03
1.669351351062502e-03
3.993815963988047e-03
-1.833673101253454e-04
4.039990795316388e-03
-1.715176819302304e-04
1.620605841412688e-03
8.363689514459979e-02
6.833161282535928e-02
6.929937241084461e-02
8.372854133845101e-02
8.343739784664375e-02
6.875096479544214e-02
1.583678642529801e-03
8.363800670927782e-02
6.844370251972780e-02
8.339704452209006e-02
8.358954768223556e-02
6.897245300768283e-02
1.596259216683926e-03
8.324199513423990e-02
8.305955509833353e-02
8.351224874998214e-02
6.926173387239493e-02
6.859484213245658e-02
8.342589125323588e-02
8.365022191572487e-02
4.048148579612346e-03
-2.136424622987917e-04
6.809954614506408e-02
6.826256632874418e-02
8.323160464036215e-02
6.840864421822236e-02
3.475127019835891e-03
8.349759377344261e-02
8.351137704032788e-02
1.426172054813041e-03
1.480677342836764e-03
4.010449614161640e-03
4.019077658308322e-03
-1.965260744633822e-04
4.056834197554000e-03
-1.981564781283480e-04
8.351355945389768e-02
1.697825122069512e-03
4.000285105043831e-03
4.035469513020549e-03
-1.656404563552025e-04
8.352959572541728e-02
8.316012867165380e-02
6.901397407106635e-02
6.854483696811034e-02
8.368746592010577e-02
1.578757816247899e-03
1.500488234809880e-03
8.408895337322360e-02
6.960891374788318e-02
7.088857909619075e-04
6.990162925289639e-02
8.414599172680573e-02
6.871394881293594e-02
6.862688822972168e-02
2.331744622112724e-03
2.807433934440098e-03
8.355659638064913e-02
6.898318520516919e-02
8.425707538119102e-02
6.928673744200739e-02
1.593151469440651e-03
2.789781840134485e-03
8.415600157969490e-02
3.198484566716562e-01
2.253440201511482e-01
2.876018199782724e-01
1.258278253135842e-01
8.352535757085501e-02
8.347279750917987e-02
6.876727554013902e-02
8.340643355292543e-02
1.459525742593386e-03
8.374342196554323e-02
8.369956667952415e-02
1.701096556559699e-03
4.067710577039543e-03
4.044208743745908e-03
-1.728296738695142e-04
1.549132057992550e-03
1.475918903147041e-03
4.043637688227800e-03
-2.104946223572402e-04
4.008761521761673e-03
-1.793097401807417e-04
4.028851819580545e-03
-1.748781413039479e-04
-1.732733338457026e-04
1.588470457850625e-03
1.630456780813677e-03
1.473254524215319e-03
4.026010813553975e-03
-1.725365361361655e-04
1.530160437853178e-03
1.630718118039068e-03
3.994372969846879e-03
-1.712006974696516e-04
3.976512039703693e-03
3.997075553338857e-03
-1.601915843308109e-04
4.054950390800312e-03
-1.802252079635483e-04
-1.757090502669352e-04
4.056814989616592e-03
-1.980454438776028e-04
1.440974758141454e-03
4.042309897659743e-03
-1.743568729983472e-04
-1.999144144995120e-04
4.020255838500274e-03
-2.002865309249259e-04
1.424506003708029e-03
1.617605375754989e-03
4.040119895272466e-03
-1.954426903615378e-04
4.017452275485661e-03
-1.941249755730525e-04
4.023957033994142e-03
-1.716780200095914e-04
1.452554764291827e-03
1.610747392899986e-03
4.047282013773578e-03
3.986164763419871e-03
-1.441649898803722e-04
-1.585556717495895e-04
1.974722027159742e-03
1.498388473698777e-03
4.000172162065743e-03
-1.848772036317286e-04
4.031328025503844e-03
-1.767606295135085e-04
-1.868689076893651e-04
1.564998266375903e-03
1.537531920066770e-03
3.994497973314694e-03
4.022066392279202e-03
4.013459688220597e-03
-1.431414068949313e-04
4.032116055394224e-03
3.983566501251519e-03
-1.653917278285648e-04
-1.878729995037584e-04
3.998509196716285e-03
3.961162005242316e-03
-1.626820156371877e-04
1.570762821992972e-03
1.579762593779728e-03
-1.691103781683275e-04
-2.147487675067464e-04
4.014573697307850e-03
-1.971358716408092e-04
8.362133492123476e-02
1.661628598518095e-03
1.485647644581606e-03
6.859681997601667e-02
4.049209014568695e-03
-2.059289624377509e-04
4.034770269912546e-03
-1.882593718400312e-04
1.502941754765160e-03
4.040153813897275e-03
3.330425579384837e-01
3.636453698469728e-01
3.807919730254796e-01
2.902619851121899e-01
3.030093168728388e-01
3.999848933736123e-03
4.003701624223689e-03
-2.037975021410609e-04
-1.748538741333894e-04
4.063855501199139e-03
-1.439487580515410e-04
4.013640337663212e-03
1.497918718093654e-03
8.331327218575582e-02
4.006565003380651e-03
-1.742009597489977e-04
1.437515217696184e-03
4.042858928206309e-03
1.590792212792347e-03
-1.914220630018409e-04
-1.904569084787552e-04
3.994009667532552e-03
4.009359290279550e-03
4.034513105365405e-03
3.996280537856513e-03
-1.622296132014046e-04
-1.787620005790161e-04
-1.896206980295895e-04
4.013764704448625e-03
1.414836265463920e-03
4.038665106769286e-03
4.028078487729113e-03
-1.709349675038495e-04
-2.064750521083453e-04
-1.899524563188371e-04
4.020101814765848e-03
3.986852152948888e-03
1.802006656539775e-03
1.653367111379374e-03
8.368568038032242e-02
-1.553131917338674e-04
-1.587130432141937e-04
1.501975998711752e-03
4.017521631582499e-03
4.011200662675670e-03
1.711367944077663e-03
-1.818829702921750e-04
-1.711761476201213e-04
-1.631534887776929e-04
4.033704437928948e-03
4.023013539107482e-03
1.520092055355957e-03
8.342263492049556e-02
1.681366452931866e-03
-1.753290197821995e-04
-1.914261674486784e-04
2.381526530677440e-01
3.428959502693397e-01
2.907545372505215e-01
2.948753156461531e-01
3.817527130187768e-01
4.192775755277269e-01
3.831407706062990e-01
2.991747524721454e-01
2.101398996471019e-01
2.227433661457966e-01
1.234026131082351e-01
1.659127253722046e-03
6.909560571282929e-02
6.923793521754401e-02
1.907521236261288e-03
8.379762849197525e-02
8.389901589553685e-02
8.306199770459589e-02
1.493921573914630e-03
4.039319056588769e-03
1.533938563892943e-03
8.321294230020307e-02
-1.675005022179041e-04
3.986802892479003e-03
-2.003940967990390e-04
2.004956366338312e-03
3.952124424735572e-03
1.648769439644631e-03
-1.548817476380684e-04
-1.487906228339535e-04
4.039224661261739e-03
1.403461885672301e-03
-1.713841887571212e-04
-2.167381498336855e-04
4.000448270434385e-03
4.029502314029852e-03
1.570574382494931e-03
4.042670404211232e-03
1.398863274781827e-03
-1.874885750457699e-04
-1.960693409391999e-04
-2.010500954440785e-04

DB  1  1102  double
8.932245362653925e-02
9.083706789144032e-02
9.851273112514283e-02
1.079133548046875e-01
9.955234037138806e-02
1.278890497560283e-01
8.708388538625728e-02
8.842715560721530e-02
8.795535503950036e-02
8.943407932929219e-02
1.261245854562536e-01
1.453797894193238e-01
1.193243756190618e-01
1.199975929769116e-01
5.093764114388064e-01
5.090194855668673e-01
1.288944931428088e-01
8.650229787856502e-02
7.971776900197006e-02
1.418860318771371e-01
8.354669681102714e-02
8.248420351723204e-02
1.212353147765313e-01
1.287031471783531e-01
1.322828801423791e-01
8.829231623077186e-02
7.984612938221126e-02
8.480661438152154e-02
8.131469138977708e-02
8.329667307324663e-02
8.822162933369999e-02
1.374773985615795e-01
1.361473790633916e-01
1.381248151375176e-01
1.227208366244606e-01
1.220430256280120e-01
1.352586103496358e-01
8.759397896681000e-02
8.738630685131552e-02
1.402471246882959e-01
1.515218303879529e-01
1.206336138431823e-01
1.333870593899871e-01
8.867879176977386e-02
8.877994462760691e-02
1.399214893803036e-01
1.330663654515676e-01
1.220011178517291e-01
1.531763285043894e-01
8.609024253041207e-02
7.908232288583669e-02
7.937569990649537e-02
8.394649186603641e-02
8.371017448784897e-02
8.212765882378990e-02
8.111135493712519e-02
8.760970995197134e-02
9.236767731134216e-02
8.456312747584632e-02
9.110312786841074e-02
8.713904175284988e-02
8.071887148423262e-02
8.187812466780714e-02
8.598317754763023e-02
9.488652849369428e-02
9.355101077867561e-02
9.865757921658830e-02
1.081504820433784e-01
1.058437257949216e-01
9.610324554734073e-02
1.357344864682677e-01
1.405176682607878e-01
1.375807221449912e-01
1.317307172791921e-01
1.374177963186209e-01
1.323441090370732e-01
8.072362923748878e-02
8.673054719984827e-02
7.877875800231315e-02
8.405352495992324e-02
8.102475122624379e-02
8.117206220307817e-02
8.446787010574169e-02
8.248845246286160e-02
9.699196423399682e-02
1.066076191013059e-01
1.231836625804608e-01
1.311327929600006e-01
1.028679086776019e-01
9.332585994883280e-02
1.003862839983558e-01
8.728087805402246e-02
8.713934489936252e-02
9.479277839276876e-02
8.457727997388935e-02
7.974439551374972e-02
8.375987355055790e-02
7.955565830058425e-02
8.459380850122776e-02
8.436411450636165e-02
8.438230406686102e-02
8.724148800060580e-02
9.670540769148996e-02
9.084309229106950e-02
1.014500052797073e-01
9.181268394222949e-02
1.392365596748261e-01
1.423110177419239e-01
1.393421019519062e-01
1.351256209618614e-01
1.370022090065358e-01
1.411684394415323e-01
1.338286159242068e-01
1.366903262464761e-01
8.423467201865883e-02
7.898729574350845e-02
8.288738868961523e-02
8.898523340820068e-02
9.038650343349625e-02
8.742059807497569e-02
1.333588593016298e-01
1.363676178492169e-01
1.407894344594613e-01
1.297801973344389e-01
1.315330881184519e-01
1.239295699975122e-01
1.320304944568067e-01
1.315758463733103e-01
1.288311167643958e-01
1.253044274462722e-01
1.237823977781754e-01
1.245094023284866e-01
1.302324137007794e-01
1.318411772463750e-01
1.264027762933494e-01
1.173445154157090e-01
1.156408947948079e-01
1.219193377538243e-01
1.223806894556888e-01
1.250812767253608e-01
1.256001056259007e-01
1.177533173766173e-01
1.172122076520956e-01
1.162480649740453e-01
1.086228742584068e-01
1.217059301090436e-01
1.287467305522052e-01
1.205443094953312e-01
7.995407626089686e-02
8.781312121098399e-02
8.247593634359084e-02
8.534190283022282e-02
8.354439355069136e-02
8.634231983546496e-02
8.449655588690679e-02
9.182862177403063e-02
8.807822744356976e-02
8.753226163393685e-02
9.438197738449283e-02
8.365437096313413e-02
8.053369417000106e-02
7.959996413606016e-02
8.577511974143308e-02
7.824922276275643e-02
1.010659423239256e-01
9.158047942529068e-02
1.111321512180318e-01
1.073275065245638e-01
9.729869436294108e-02
7.973954783166447e-02
8.480688630316785e-02
8.145191054629687e-02
8.926044039035555e-02
7.832713528564911e-02
1.045297805901772e-01
1.036081063302675e-01
9.579456417034669e-02
9.583197673452737e-02
1.131188037612258e-01
8.749029688880786e-02
8.800470955739989e-02
9.438665930974421e-02
8.424260098124105e-02
8.027264758952089e-02
7.907261205643620e-02
8.874341811893482e-02
8.721216824305512e-02
8.427159096424908e-02
8.249701450507591e-02
1.037746928408671e-01
1.013702785054966e-01
1.077052974513241e-01
9.771277756450754e-02
1.113568373310454e-01
1.131905526456562e-01
1.037230706687682e-01
1.029967635902756e-01
1.123766512513585e-01
1.122857409808506e-01
8.497768309522870e-02
8.716293047193888e-02
8.446141825561350e-02
8.673668504716618e-02
8.410844923691074e-02
8.562002894009091e-02
8.802325374928543e-02
9.394682376710430e-02
9.716046788539985e-02
8.956080733764436e-02
7.912020274823582e-02
8.098299237011254e-02
8.827815757354406e-02
8.203367151373137e-02
8.812521518886572e-02
1.237041600343949e-01
1.215330226726807e-01
1.355837757701605e-01
5.091137931757556e-01
5.091899058775372e-01
1.197135081993598e-01
1.303327501667502e-01
1.233357310139691e-01
5.053090667427624e-01
5.083992517053287e-01
5.083293948276912e-01
7.890173576199645e-02
8.647913173243169e-02
7.967594267128733e-02
1.370666044614669e-01
8.165935488106860e-02
8.416359417326315e-02
8.560601713876610e-02
7.992545861121896e-02
8.495117097757228e-02
1.307069416735183e-01
1.333132480950246e-01
1.362238774021950e-01
8.734321048010626e-02
1.287211348555629e-01
1.239256366142948e-01
1.235891213725299e-01
1.451501847651134e-01
1.201318111000118e-01
1.177065309444965e-01
1.207339306782573e-01
1.266886015944989e-01
1.306319367162722e-01
1.340351007302698e-01
1.288434552697747e-01
1.117288882225344e-01
1.166892699062402e-01
1.198505564294820e-01
1.257980585210700e-01
1.281304750293351e-01
1.103206968135994e-01
1.065858281549125e-01
1.368082429230575e-01
1.204210972705349e-01
8.982114826799961e-02
1.208530157954149e-01
1.569967359417298e-01
1.221707121738000e-01
1.195434496841637e-01
1.498378942698498e-01
1.210784205103685e-01
5.091337222561585e-01
5.127799617356620e-01
5.101055436775978e-01
1.421436028776306e-01
1.428021624642826e-01
1.429099120051593e-01
1.410019674538567e-01
7.964688980148374e-02
8.297483087930743e-02
8.035856771841572e-02
8.534652198230175e-02
8.674354063011859e-02
7.939706321734924e-02
8.388393042147149e-02
8.395884539254191e-02
7.990777855116919e-02
8.479306813665727e-02
9.550661230630041e-02
9.805365663690940e-02
1.052354932238402e-01
1.074521081179261e-01
8.460903295255619e-02
8.589641515652294e-02
8.110599237257830e-02
8.251012766742914e-02
8.427254580703457e-02
8.042500211497110e-02
1.169432364368933e-01
1.086807423132560e-01
9.990301104685996e-02
1.044252364273658e-01
9.778719301480231e-02
1.074383055521161e-01
1.145570334521373e-01
9.958772805716291e-02
1.151255619732714e-01
1.166565945142942e-01
1.240801356244924e-01
1.213501796267271e-01
1.161641871548637e-01
1.246519585704407e-01
8.488675368098424e-02
8.211357920926401e-02
8.135246755135284e-02
8.033638097780384e-02
8.076358667953248e-02
8.319971490129723e-02
1.409543131219419e-01
1.371632688897912e-01
1.401995005520661e-01
1.370037699954676e-01
1.352218820383601e-01
1.173478261575179e-01
1.157153756067032e-01
1.218065934296731e-01
1.246422959246036e-01
1.301702070482921e-01
1.230405176757553e-01
1.281529311010745e-01
1.309817392403932e-01
1.193408435569875e-01
1.138480367354356e-01
1.137319400950450e-01
1.170307551564494e-01
1.069876599846404e-01
1.105624246623593e-01
1.122274060551554e-01
1.019134514334170e-01
1.006721288153747e-01
9.705124239853363e-02
9.288451633210051e-02
8.746365743402840e-02
9.659848454836611e-02
8.297265122786064e-02
8.484915289611542e-02
9.135225051040992e-02
8.484827195336397e-02
8.500308496164909e-02
9.103605413130569e-02
7.960008323996257e-02
7.950444145919089e-02
8.314232202601604e-02
1.103558761617363e-01
1.045451472517102e-01
1.201409777496355e-01
1.146825826666139e-01
1.036928728888103e-01
1.094731810210263e-01
9.926160133335292e-02
1.068225705447222e-01
9.394216129288246e-02
1.035452216345124e-01
8.695758580084158e-02
8.340710911371592e-02
7.985969065908559e-02
8.451100990981672e-02
8.454833744772854e-02
8.670932471824193e-02
8.409163806607660e-02
8.000472908451151e-02
9.076704975939721e-02
8.509959257806887e-02
8.531355690016441e-02
7.967199398461501e-02
1.170468401425031e-01
1.249356713046638e-01
1.164291651720984e-01
1.082671537789059e-01
8.091983175843548e-02
8.691963873705502e-02
8.353829156367626e-02
8.433489964632764e-02
7.927859996508743e-02
7.892547293222989e-02
1.260850158742762e-01
1.282260724646621e-01
1.200307229379855e-01
1.209926258448871e-01
8.327806503156725e-02
1.366918013907600e-01
1.200145577270860e-01
1.212615501644684e-01
1.507177207200283e-01
9.296290008727341e-02
1.462997880472767e-01
8.020915297774756e-02
7.882534453422371e-02
8.294472094324594e-02
8.596986254583004e-02
7.981415170901200e-02
8.381936867488113e-02
8.582627889373844e-02
8.016547695652321e-02
8.469541302422504e-02
8.899123980250039e-02
7.905029155704886e-02
8.404708673640575e-02
8.992532550872902e-02
9.143006159809765e-02
8.365872220410640e-02
8.472307605415490e-02
7.910421007413443e-02
8.149321492948518e-02
9.098686513950029e-02
9.005411960918364e-02
8.460476016660315e-02
9.910153724408483e-02
1.025518228049809e-01
1.128568196102944e-01
1.064105950925729e-01
9.916498866156624e-02
1.366768145840833e-01
1.346473138837775e-01
1.389068291054696e-01
1.335602517219153e-01
1.390114721858975e-01
1.020781232966893e-01
1.123547567113503e-01
1.057802899414636e-01
9.239006667949208e-02
9.604679838884925e-02
8.781854099453863e-02
8.489198054350967e-02
9.474707843522641e-02
8.583752450714535e-02
7.981425148388800e-02
8.060300082343477e-02
8.299138277816787e-02
8.170142208407800e-02
8.312680818325408e-02
7.973448671709175e-02
8.279884483704483e-02
8.179785552676822e-02
8.036818707399476e-02
8.403938560606702e-02
8.857157839907877e-02
7.931232482249467e-02
9.052557340486680e-02
1.003111104701803e-01
9.171005166161129e-02
9.987804593972847e-02
1.076731642771485e-01
1.090523167625282e-01
8.957174228568024e-02
8.349614429141131e-02
8.199020474129658e-02
8.699054072400628e-02
8.447047284825104e-02
7.953501297699016e-02
7.891545432459068e-02
8.867759062215434e-02
9.798058661403170e-02
9.477048347783565e-02
9.037899613662388e-02
1.000608256208942e-01
9.918131424853217e-02
9.075273725772827e-02
9.878978083856227e-02
8.981295309697995e-02
1.079191978002559e-01
8.445230657548472e-02
7.971942927474761e-02
7.984730612122475e-02
8.490922706486567e-02
8.506738954147970e-02
8.386016684523299e-02
8.478829563649132e-02
8.218350988321835e-02
8.240970492354270e-02
8.766401842298768e-02
1.367176176272098e-01
1.387522259914957e-01
1.224843974774167e-01
1.132534018929596e-01
1.473188194808524e-01
8.502016706203618e-02
1.410930321467078e-01
1.191162803523056e-01
1.190447769948156e-01
8.652059027613625e-02
8.532785221045067e-02
8.712510814801001e-02
8.732453336514322e-02
8.788889652267977e-02
8.795699575872575e-02
8.291883881111795e-02
7.963337776533543e-02
7.939811215532101e-02
1.229368951889420e-01
1.356738148202277e-01
1.233572261717128e-01
1.347279453468306e-01
5.062491955288710e-01
8.386876762666648e-02
1.308603129612004e-01
8.370237030303684e-02
8.496946638114550e-02
1.362045660619328e-01
1.215449019728339e-01
1.420335092640956e-01
1.209718985351347e-01
1.204067657842816e-01
1.389448995115442e-01
1.343206307526713e-01
1.221572026227553e-01
1.215545699310581e-01
1.209925147238678e-01
1.413694086092792e-01
1.378200577046345e-01
8.568577793690661e-02
8.432564057820818e-02
8.696506662822567e-02
8.761450647478235e-02
1.216794053429462e-01
1.361464626296246e-01
1.365124923760288e-01
1.218345302493546e-01
5.072514894226229e-01
1.357769663974288e-01
1.354149578351117e-01
1.224439197398410e-01
1.227345983721457e-01
8.424263943843302e-02
1.217333981307305e-01
5.098037792442072e-01
4.112815784151580e-01
4.104657046935011e-01
5.075452854314301e-01
4.393406965770731e-03
8.360034326568230e-02
8.580920918145221e-02
8.730004652689458e-02
8.223705640851416e-02
7.936654747994389e-02
1.337303279803488e-01
1.212227870564550e-01
1.212866215088785e-01
1.425726911037069e-01
1.210663855887335e-01
5.078992450698993e-01
1.225663379406386e-01
4.122871149811140e-01
5.090772093766192e-01
5.069666593985387e-01
4.118245992817256e-01
1.223191611652503e-01
1.222331529883520e-01
5.080558857551276e-01
5.087211358015606e-01
4.088910409413263e-01
4.116765464072280e-01
2.985847955614631e-03
1.507487379508702e-01
1.405157824229059e-01
1.208630622601726e-01
1.230774856252674e-01
5.078945574119055e-01
8.823602744987054e-02
1.499393887994124e-01
1.430454304484930e-01
1.385583967706970e-01
8.899796306472291e-02
8.940720708984201e-02
2.153053305494278e-02
2.136580359233907e-02
-9.993514358056189e-04
-1.195413687304252e-03
2.352185614304220e-03
-1.196681333395670e-03
2.365682207566246e-03
2.357027957029307e-03
1.489769529264143e-01
8.725877456623808e-02
8.592248291247073e-02
8.926758466556896e-02
1.407440079106549e-01
8.888621192623758e-02
8.812448978414358e-02
8.343704568576703e-02
8.595935290746722e-02
8.993647772292909e-02
8.677420084199211e-02
1.395050019119772e-01
1.404120423038642e-01
1.225953146629666e-01
5.087060451554610e-01
8.819020864606983e-02
8.964507846369794e-02
8.872295963675343e-02
8.687103637931426e-02
1.396234341778228e-01
1.403657638053966e-01
8.945543888798294e-02
1.390283623768984e-01
1.435004043117331e-01
8.590574746497415e-02
5.083118047857125e-01
5.088264554392765e-01
4.111988605073807e-01
1.225280303543453e-01
1.224911576973896e-01
4.089248985047334e-01
5.088275780214067e-01
5.070640421736072e-01
4.079541992000383e-01
5.063286598111050e-01
5.087561460663592e-01
4.107595518142675e-01
5.068906075940953e-01
1.207107780394322e-01
1.219838424362204e-01
4.109564095904745e-01
5.092495020971765e-01
4.088775765637330e-01
3.624623151246406e-03
4.097714721392401e-01
5.094701202808292e-01
5.071750150725562e-01
4.094780222153103e-01
1.223731045099487e-01
4.096578068924940e-01
5.072209871988723e-01
4.090500731715209e-01
5.086738001422513e-01
4.097780511040582e-01
3.460875263672307e-03
4.136370215625974e-01
5.089281986534426e-01
4.115422333474581e-01
4.490744196033613e-03
4.218364966333384e-03
5.091051734513705e-01
4.094034193966526e-01
1.213523582962273e-01
5.083379738926789e-01
5.088236760232799e-01
4.108773064116065e-01
4.119823195842798e-01
5.081086092427254e-01
4.127361702796837e-01
5.088351476417675e-01
4.124632606160605e-01
4.118415755861801e-01
5.088593401067218e-01
5.090604651728998e-01
1.224931135397488e-01
1.244690287653119e-01
5.083512801439547e-01
4.115590793460252e-01
5.068772505338963e-01
4.106782904079940e-01
4.381521596119654e-03
4.214085252675463e-03
4.132646218100090e-01
4.128424773544399e-01
4.288370193170041e-03
3.059403959110577e-03
2.582884872420714e-03
4.152004383209520e-01
4.123453049932516e-01
4.111698477107745e-01
4.130285168964253e-01
4.183856359410294e-03
3.979789667119604e-03
4.096519902876818e-01
4.081911639476866e-01
4.088391130263764e-01
4.630543000129485e-03
3.351089564281793e-03
2.115461609465579e-02
5.078018138209383e-01
4.094086549474001e-01
1.222799482360688e-01
1.230661079187020e-01
5.102389609523900e-01
5.081091828310506e-01
5.098951249332425e-01
4.140160882613002e-01
5.113540838504161e-01
1.232623550584393e-01
1.210148973560785e-01
5.100870759075398e-01
4.100613564292493e-01
5.089554806409948e-01
5.107378768690235e-01
1.235841985765223e-01
5.063878947011107e-01
4.112278572890342e-01
4.186248259744748e-01
5.110734147849847e-01
1.219049472739771e-01
1.376015333314279e-01
1.218706328965801e-01
1.419382070470986e-01
1.205565715259258e-01
5.066708343851222e-01
5.096329134009557e-01
5.074981885917720e-01
4.086719210383262e-01
4.098415163291532e-01
4.090449733452762e-01
3.812692614837146e-03
5.182712330644001e-03
1.208669638428928e-01
5.088413996105934e-01
1.224856801161575e-01
5.090929063713150e-01
1.226694596407280e-01
5.076123941831682e-01
1.352137488243781e-01
1.225328678544170e-01
1.330990742334676e-01
1.220386749747321e-01
1.399663143306689e-01
1.222993451588892e-01
5.109657894163844e-01
4.126964787019589e-01
4.115596806652198e-01
1.207107815441943e-01
5.066967608789518e-01
1.447375962379733e-01
1.218242770479569e-01
5.078680053469091e-01
4.086605145978278e-01
5.090816773167774e-01
1.223009457514996e-01
1.210809810373281e-01
1.430233899777927e-01
1.518585500294615e-01
5.081910115748994e-01
1.202858711074485e-01
1.211239517272882e-01
1.497445716418608e-01
1.361082526139838e-01
5.082310689621988e-01
5.118135235242696e-01
1.476473881957369e-01
1.194195118084457e-01
1.215350005407758e-01
5.105161213918156e-01
5.090719248387876e-01
4.123563552790518e-01
4.131822971167236e-01
5.083571705106359e-01
5.089464087287300e-01
1.238659628796802e-01
8.762819650882689e-02
1.386310874038880e-01
4.106286353705918e-01
3.222262318158155e-03
2.146185478235017e-02
2.159772856739450e-02
-1.154531093982951e-03
-1.035402839872742e-03
2.359908100741915e-03
2.359688013586842e-03
4.513887757391267e-03
3.418350873568999e-03
2.125981621048003e-02
4.120401943175573e-01
5.104900717230940e-01
4.128538313817267e-01
2.151798428291573e-02
3.398634210722805e-03
3.560042919342630e-03
2.131594050574511e-02
2.115730474454126e-02
4.504378123879254e-03
4.088832617675870e-01
3.799714673850060e-03
5.030269079437904e-03
4.119430913864131e-01
4.096528146747008e-01
4.111048832703437e-01
3.633211186716057e-03
2.132995896295672e-02
5.460483442455957e-03
2.129413326575191e-02
-1.006048649777826e-03
-1.160847483652669e-03
2.332168857673401e-03
2.147934242593647e-02
6.028862886865691e-03
5.185639230735474e-03
2.139532009432850e-02
3.336073148381250e-03
4.116336713324152e-01
2.133316332774581e-02
4.708305192020740e-03
2.152188523944856e-02
-1.029054788008358e-03
2.344502400435480e-03
2.343435401063983e-03
2.136159269938415e-02
5.789577205250521e-03
2.155025852458602e-02
2.175744731537279e-02
5.020731202222500e-03
3.216876231207241e-03
2.165051840412658e-02
3.498839469008465e-03
2.145843024549653e-02
5.686100093327004e-03
-1.072590451711469e-03
-1.091307743791172e-03
2.351058996251334e-03
3.229609103973478e-03
2.129460718067119e-02
2.145895015652658e-02
-1.166591526368044e-03
2.346856635406101e-03
2.349475120053563e-03
2.139663527252430e-02
-1.007120731564498e-03
2.350466254410790e-03
-1.020261596776646e-03
-1.191550922141723e-03
2.343413403833105e-03
2.352163702242884e-03
2.188822996401096e-02
5.818233048486480e-03
2.157421695469664e-02
2.137339032087694e-02
3.622646801835456e-03
4.177671678537895e-03
2.142220944875625e-02
3.545524104889883e-03
2.133673410378123e-02
4.395719196672797e-03
3.407423883228955e-03
2.136866265045574e-02
2.142749091534100e-02
2.135281504781723e-02
-1.183892028827427e-03
2.357269315694778e-03
-9.881716782744736e-04
2.343669224646476e-03
2.176852116997076e-02
3.900829109474138e-03
4.104677543392461e-01
4.125826986833535e-01
3.795902186827585e-03
4.229561320176339e-03
4.105870843832897e-01
2.123350627108650e-02
4.583719991709441e-03
4.100431471054715e-01
3.159104006364090e-03
4.791667881205479e-03
4.112800473438650e-01
5.093348936065493e-01
3.881375379509665e-03
2.894747862537704e-03
5.216912850144782e-03
4.114118837513092e-01
4.094741706037464e-01
3.512848908600933e-03
4.643484518412373e-03
-1.078402576335177e-03
2.339378660805303e-03
4.094571909968742e-01
4.081614616594590e-01
3.510753140327407e-03
4.105413742379864e-01
5.099944691020701e-01
4.667035305835666e-03
4.013780418647001e-03
2.113945605512509e-02
2.121777825925097e-02
-1.107921151366488e-03
-1.156506139133637e-03
2.349709383071804e-03
-1.003382720734025e-03
2.335215941191107e-03
3.441767904197671e-03
2.154983487692087e-02
-1.191836254476693e-03
-1.003369476259330e-03
2.357594649200336e-03
4.860052842263956e-03
3.090650627514394e-03
4.124103071815381e-01
4.098691194612771e-01
4.766803647584258e-03
2.160038244317916e-02
2.133779078179618e-02
4.198806558910057e-03
4.188827136437887e-01
5.076614586878054e-01
4.155959606071095e-01
5.831361305549703e-03
4.113668849253680e-01
4.098115417522584e-01
5.085529027441751e-01
5.069983554472828e-01
3.811088240927621e-03
4.122039195327379e-01
4.354787710470280e-03
4.183796714078424e-01
5.064443798689160e-01
5.087682333264083e-01
6.164593061766148e-03
8.522618855255384e-02
1.381844987232008e-01
8.683416624721400e-02
1.236579836119391e-01
4.398615631270439e-03
3.563251130462329e-03
4.093488051611824e-01
3.304481742515262e-03
2.121323973388484e-02
4.333450150643897e-03
4.469426763270986e-03
2.155139894566539e-02
-1.006300602117098e-03
-1.092526379722720e-03
2.337860208744542e-03
2.114183217496440e-02
2.151164021572533e-02
-1.135784045672960e-03
2.341062254229921e-03
-1.201680905562186e-03
2.348182638713696e-03
-1.012094403406068e-03
2.356831335420536e-03
2.346178683301538e-03
2.139996116780854e-02
2.140362671866475e-02
2.155719534513226e-02
-1.001808328599705e-03
2.357656653465486e-03
2.143266770001323e-02
2.150802948635764e-02
-1.178445026006896e-03
2.343321410349047e-03
-1.113980779880849e-03
-1.168337238866018e-03
2.369124710908655e-03
-1.013033141403602e-03
2.349893131176243e-03
2.346446667124910e-03
-1.131788708209363e-03
2.321779179997666e-03
2.124376039051452e-02
-9.954185450898273e-04
2.323218586465304e-03
2.331664838587962e-03
-1.154328526024563e-03
2.347214244088280e-03
2.126597188886681e-02
2.119526795976575e-02
-1.020573227365457e-03
2.336442800925746e-03
-1.057577098085418e-03
2.358887971753104e-03
-1.012705758588514e-03
2.349954030000894e-03
2.147604343572268e-02
2.133873352901025e-02
-1.164316678593922e-03
-1.044058121301008e-03
2.362443584845943e-03
2.376414561886675e-03
2.162574070186636e-02
2.145030948710065e-02
-1.158660045340799e-03
2.367129024249017e-03
-1.036508052051611e-03
2.362370432196371e-03
2.342598274136186e-03
2.131304373777394e-02
2.155040472024092e-02
-1.230421620467040e-03
-1.164685375063870e-03
-1.103439945570216e-03
2.357462217245286e-03
-1.031532573853655e-03
-1.187938009641669e-03
2.361682105496912e-03
2.359139021374547e-03
-1.145690195345658e-03
-1.133419506417067e-03
2.363744075629865e-03
2.099820132492799e-02
2.159819734056277e-02
2.343001296798226e-03
2.349849088773737e-03
-1.036416613920547e-03
2.342763984825730e-03
5.193134228279544e-03
2.128099407487425e-02
2.125982752524743e-02
4.095420297642124e-01
-1.135896706384567e-03
2.335492603697916e-03
-1.154773091659695e-03
2.331788143507276e-03
2.123547760424430e-02
-1.024541758566982e-03
8.651706836906026e-02
8.626043802446925e-02
8.421326468902944e-02
8.657082679394189e-02
8.783472698453224e-02
-1.183798933925190e-03
-1.184416620541544e-03
2.375910709936952e-03
2.354026330661339e-03
-1.055268648940320e-03
2.380766766045800e-03
-1.154240799874858e-03
2.138058980920809e-02
3.826517295431629e-03
-1.054293375781838e-03
2.334943123142824e-03
2.117413699457363e-02
-1.019012132699028e-03
2.132337422756089e-02
2.326816364753792e-03
2.346249657204586e-03
-1.178290747146522e-03
-1.163859224271150e-03
-1.049197509024264e-03
-1.135363838374799e-03
2.351581947769281e-03
2.330239396332750e-03
2.351224197634802e-03
-1.149198697786746e-03
2.117038614053849e-02
-1.089555286827766e-03
-1.021023371812140e-03
2.331446115210428e-03
2.339713662793838e-03
2.345452617807648e-03
-1.034633836289496e-03
-1.232258656247344e-03
2.176538594946101e-02
2.166136110031622e-02
4.757173951768614e-03
2.382013650766788e-03
2.372921238794907e-03
2.141737820990633e-02
-1.167538740614239e-03
-1.008798463723841e-03
2.151405095728883e-02
2.341405614471143e-03
2.348194178197174e-03
2.350565799090514e-03
-1.041449678582408e-03
-1.169936929723630e-03
2.151908971059451e-02
3.133988481197365e-03
2.136132528345505e-02
2.360774886930655e-03
2.364775746707205e-03
1.298837182007218e-01
8.620471352621069e-02
8.364829952504994e-02
8.225857678852859e-02
8.475700584446715e-02
7.842752763831774e-02
8.610804309319413e-02
8.527634867130680e-02
1.432090271232969e-01
1.369412590219654e-01
1.219915906571388e-01
5.066818116518443e-01
4.155904902302542e-01
4.118842290022391e-01
2.133142461041987e-02
6.164614177846323e-03
4.629824532011464e-03
3.496400147751524e-03
2.132175028019888e-02
-1.075496224745595e-03
2.140437494900788e-02
3.005996456811059e-03
2.326076357909249e-03
-1.204089056489662e-03
2.357499520146688e-03
2.162496230696932e-02
-1.253247805271197e-03
2.190464559220319e-02
2.376964441946531e-03
2.391399017474154e-03
-1.107742893268593e-03
2.107111017130588e-02
2.344379027259392e-03
2.340267899803518e-03
-1.144860628757598e-03
-1.156081322075003e-03
2.118266155115805e-02
-1.017953939327549e-03
2.127961664249876e-02
2.331976950785666e-03
2.333348409575915e-03
2.338924589776422e-03

DL  1  1102  double
6.024689201484307e-01
6.109178018186120e-01
6.494803702201993e-01
6.898647467394942e-01
6.543196881640831e-01
4.300346044426633e-01
4.516888694532817e-01
4.103371214165557e-01
4.657543879724930e-01
4.227812941970592e-01
4.368929326869986e-01
4.388743118611093e-01
3.866652520137269e-01
3.850658766715752e-01
7.273999276005922e-01
7.210366394398122e-01
4.341464281923857e-01
4.568240279197268e-01
4.222476185824370e-01
4.348437531467977e-01
4.139181889074077e-01
4.827668084572028e-01
3.905674932767946e-01
4.318597759918484e-01
4.351936785473881e-01
4.541865916618847e-01
4.355524275182502e-01
4.330164664807344e-01
4.951906395007172e-01
4.923772784292081e-01
4.289125277789334e-01
4.355434701551124e-01
4.345045186002477e-01
4.305248173663389e-01
3.890438551045194e-01
3.888606391802519e-01
4.322770752989621e-01
4.275322598376766e-01
4.121738601384651e-01
4.337850554544915e-01
4.367136128868255e-01
3.859411072784101e-01
4.320931477391228e-01
4.424225433126981e-01
4.103245969114902e-01
4.320863972701792e-01
4.313244997941589e-01
3.890286153469652e-01
4.379447135821939e-01
4.769269082721797e-01
5.144116378599396e-01
5.056828299820109e-01
4.785062554368394e-01
5.593606335219871e-01
5.447795952001678e-01
4.915416111748491e-01
5.916060382823105e-01
6.184382362629139e-01
5.672250762783645e-01
6.119601758257015e-01
5.872365827967596e-01
5.355646515582287e-01
5.436814822980754e-01
5.780201209393020e-01
6.321239824343329e-01
6.253099157075598e-01
6.500476711775044e-01
6.907511209380851e-01
6.813490106188468e-01
6.377092020733783e-01
7.879925605957521e-01
8.030802782168380e-01
7.938588468679707e-01
7.750633769971835e-01
7.933387871495021e-01
7.770529852419746e-01
5.327365314351260e-01
5.852216797608712e-01
5.072623351921465e-01
4.844100932827430e-01
4.984567272160201e-01
4.845513935356821e-01
5.653686697016745e-01
5.404220085160207e-01
6.424767273943270e-01
6.846874542073497e-01
7.463651027680620e-01
7.731013482446734e-01
6.688358646185305e-01
6.243588653075015e-01
6.579285806733987e-01
5.893558035958140e-01
5.869470711246979e-01
6.317790457615348e-01
4.811882605820411e-01
5.168592235836168e-01
4.772506574644326e-01
5.177937545769695e-01
5.671981261028047e-01
5.657622983746875e-01
4.266502122783097e-01
5.895835062946093e-01
6.406251267745431e-01
6.106241505787859e-01
6.627572144488978e-01
6.158632001933810e-01
7.990596209926395e-01
8.086412846282347e-01
7.993918291912746e-01
7.860078329088351e-01
7.920152814594545e-01
8.051022231662567e-01
7.818344885186796e-01
7.910209290784220e-01
5.627798089708098e-01
5.077945666477771e-01
5.515335781264714e-01
6.001985202430653e-01
6.085130467413997e-01
4.702793902086227e-01
7.803261300423765e-01
7.899989070010123e-01
8.039241748472129e-01
7.686215354132967e-01
7.744029688589968e-01
7.489459241219479e-01
7.760174876253816e-01
7.745487867260812e-01
7.655091253265160e-01
7.536142834979861e-01
7.484260922382239e-01
7.508879912410154e-01
7.701058261682193e-01
7.754057617655195e-01
7.572897831314764e-01
7.255832236358493e-01
7.194197127096513e-01
7.419012536473331e-01
7.435241775630524e-01
7.528562226746356e-01
7.546430202881481e-01
7.271730441112215e-01
7.252393673969958e-01
7.216719143432987e-01
6.927246043418667e-01
7.410980391187938e-01
7.651495843650494e-01
7.370150664298777e-01
5.222700884836601e-01
5.937181282349429e-01
5.453116835684118e-01
5.760994499917493e-01
5.551075162670469e-01
5.814798771453756e-01
5.662110173914446e-01
6.159243297375941e-01
5.950248534734397e-01
5.903287893665508e-01
6.292725970856875e-01
5.582454952433578e-01
4.914523557020389e-01
5.141698244105293e-01
4.733586312992039e-01
5.014658416852247e-01
6.608827047654524e-01
6.144579163701027e-01
7.022893069834374e-01
6.873701334374396e-01
6.435715950602554e-01
5.105491966995471e-01
4.896232939000201e-01
5.421239354469316e-01
4.671966640587276e-01
5.061621851759278e-01
6.757512916933107e-01
6.718595944020314e-01
6.359293680521501e-01
6.362027382606132e-01
7.098635637961960e-01
5.896277880819741e-01
5.932160271160589e-01
6.288079173207756e-01
4.788960157509636e-01
5.242075574247645e-01
5.050940767632890e-01
4.683437235163254e-01
4.224538023848035e-01
5.626691938945737e-01
5.421525753599729e-01
6.725969834404956e-01
6.622706174559437e-01
6.889165524128722e-01
6.455361825112382e-01
7.031958216196847e-01
7.101510661690279e-01
6.725286299923120e-01
6.693645210130297e-01
7.071521399269801e-01
7.068239811211960e-01
4.272664615281262e-01
4.705953108082901e-01
4.774276298366884e-01
4.242937804737340e-01
4.838256711316948e-01
5.772144063465581e-01
5.947154519545029e-01
6.274461153709444e-01
6.432848222440816e-01
6.042043892012632e-01
5.100940018732594e-01
4.864940791448805e-01
4.706927613718981e-01
4.834278588157147e-01
4.170633751764499e-01
3.907150728032862e-01
3.879654546131985e-01
4.321892457429112e-01
7.297261752073781e-01
7.331495285948907e-01
3.863294445987812e-01
4.362752911244662e-01
3.895194006622812e-01
7.205966447838723e-01
7.296070050519560e-01
7.317212194849654e-01
4.965186323970263e-01
4.791561701833913e-01
5.216837112143330e-01
4.373135076462660e-01
4.353829051497993e-01
4.151290007392694e-01
4.493806812674189e-01
4.363469596789243e-01
4.315725428365823e-01
4.361721686564399e-01
4.364538280534317e-01
4.322858953051698e-01
4.217821224104837e-01
4.290772638208402e-01
3.912271785161148e-01
3.900132920584604e-01
4.349470789021155e-01
3.860272405704943e-01
7.269116687275796e-01
7.376954076055873e-01
7.582648412648322e-01
7.714305881375465e-01
7.825053529880504e-01
7.654750185795416e-01
7.046921412394431e-01
7.232281389605357e-01
7.346028291982987e-01
7.552608651855235e-01
7.631145450984450e-01
6.992594898380463e-01
6.844206093019679e-01
4.339610576954204e-01
3.831036745894209e-01
4.074797448701817e-01
3.877318870420249e-01
4.431351047339163e-01
3.890628346046242e-01
3.839199113508349e-01
4.402769041504740e-01
3.869477068098310e-01
7.238206012490598e-01
7.300587565026131e-01
7.280540150857505e-01
8.081244489849921e-01
8.101609332946820e-01
8.104929010877610e-01
8.045834241813756e-01
4.998515999098431e-01
5.487034153307517e-01
4.971479170524511e-01
4.608772669393985e-01
4.738916557609728e-01
5.148077628782373e-01
4.803120002229151e-01
4.852709743000522e-01
5.230608691553716e-01
4.291050094554772e-01
6.350188879018445e-01
6.472906278052420e-01
6.789260107773317e-01
6.880160327935043e-01
5.646346859685879e-01
5.792153468396839e-01
5.287905271415930e-01
5.424435590746777e-01
4.797597331647142e-01
4.881762254022994e-01
7.242275889036772e-01
6.929259118169712e-01
6.558298790713063e-01
6.757431733013928e-01
6.462152388161498e-01
6.880137074280419e-01
7.154852113166288e-01
6.544854238316874e-01
7.175192915709552e-01
7.231740865151038e-01
7.494208176179749e-01
7.399216002595832e-01
7.214051819169729e-01
7.514024264988205e-01
4.420195650739641e-01
4.964161441378340e-01
5.423245727635670e-01
5.346910457062858e-01
4.961678910324318e-01
4.910195315311902e-01
8.044353365500942e-01
7.925342169362675e-01
8.020882404063528e-01
7.920305394029087e-01
7.863532109737450e-01
7.256576680906094e-01
7.196548735500986e-01
7.414907269821545e-01
7.513262497295718e-01
7.698954125655759e-01
7.458729831856714e-01
7.632480036837883e-01
7.726079991342535e-01
7.328967834053220e-01
7.128442714106925e-01
7.124117091113235e-01
7.244390294611642e-01
6.859732963901560e-01
7.001576833113745e-01
7.065394588620176e-01
6.647191528854717e-01
6.591159187402962e-01
6.422374266492993e-01
6.216117790587249e-01
5.909077854884647e-01
6.404622007941662e-01
5.464057463681951e-01
5.706793759581941e-01
6.140244293767223e-01
5.698122635104058e-01
5.709128798510135e-01
6.119992776934567e-01
5.212709946101319e-01
5.178784229262861e-01
4.802654471893967e-01
6.995533566324619e-01
6.762765524591436e-01
7.357405404803435e-01
7.159745756232841e-01
6.726499423438946e-01
6.961050013643728e-01
6.531670280286884e-01
6.855544977101983e-01
6.272937124330583e-01
6.720670503705388e-01
4.340963959911459e-01
4.816507898412280e-01
5.205690625131003e-01
4.802600435155355e-01
4.300175524256898e-01
4.277823592553727e-01
5.634031406419757e-01
5.203747366280648e-01
6.108591450622239e-01
5.716757070951970e-01
5.732798576481734e-01
5.234538481651356e-01
7.245928498386275e-01
7.523678286955746e-01
7.223682101987411e-01
6.913129033525385e-01
5.347307690100146e-01
5.876697163757556e-01
5.549397805296944e-01
5.647480619178767e-01
5.113119556424648e-01
4.980076255766649e-01
7.562172863359331e-01
7.634282885810890e-01
7.352248590374489e-01
7.386349248499949e-01
4.164075904674467e-01
4.329607361631332e-01
3.885669764052687e-01
3.880108238153863e-01
4.407580721554301e-01
4.271887739480392e-01
4.359980003827378e-01
4.949358825654760e-01
5.082580813103393e-01
5.506152469313749e-01
5.809283847814646e-01
5.265967757817136e-01
5.591805693058759e-01
5.770440486981714e-01
5.229575246498036e-01
4.783925317293237e-01
4.668568160691816e-01
5.034841749705192e-01
5.610638334245812e-01
6.060041035623843e-01
6.144115178643683e-01
5.579041609503683e-01
5.684442279914990e-01
5.019988641303563e-01
5.397346681236452e-01
6.119980608435257e-01
6.068193059647498e-01
5.675279472929443e-01
6.522975483871191e-01
6.676288820997013e-01
7.090035518136000e-01
6.838003382070257e-01
6.525510951960157e-01
7.909763648298527e-01
7.844795127960914e-01
7.980279838074352e-01
7.809707345021029e-01
7.983546117230240e-01
6.655302130261521e-01
7.070771893321951e-01
6.812101873371120e-01
6.192249066048250e-01
6.376933820223393e-01
5.931479843575791e-01
5.688956484408707e-01
6.313568174353175e-01
5.801881369176067e-01
4.931652763315374e-01
5.277678171531501e-01
5.497189690887810e-01
5.413041247866736e-01
5.494329252774028e-01
4.975072601469638e-01
4.338918990195069e-01
4.931913217608741e-01
5.285760991888783e-01
5.623489026645309e-01
5.980466651115338e-01
5.077247272536148e-01
6.094367213120406e-01
6.577767853778937e-01
6.160257649310913e-01
6.558900954110100e-01
6.890089281862438e-01
6.944541065440191e-01
6.033553966803432e-01
5.546851014425461e-01
5.378108225734161e-01
5.874923536068158e-01
5.656708069710208e-01
5.124242536038021e-01
4.984147468983510e-01
5.990039443099918e-01
6.472098221394468e-01
6.316686194351911e-01
6.088129725662258e-01
6.568693449346816e-01
6.525982113674519e-01
6.105664486104383e-01
6.508975910217556e-01
6.054564598276972e-01
6.899286213989649e-01
4.821803154944604e-01
5.187866542939005e-01
5.199692547677096e-01
4.271650371013281e-01
4.279486815925014e-01
4.778355589035251e-01
5.690986181304502e-01
4.188365223625459e-01
4.577094165378274e-01
4.295604761444728e-01
4.338715485869646e-01
4.348440505934671e-01
3.901914864685779e-01
4.219378177898245e-01
4.395457986203478e-01
4.229227563783983e-01
4.359250018749225e-01
3.840626739224135e-01
3.843549674406143e-01
4.548230754422492e-01
4.118010362894842e-01
4.732034252044519e-01
4.278546055563973e-01
4.701093154890210e-01
4.302130899100292e-01
4.825451161523640e-01
4.878239951493901e-01
5.099974840426265e-01
3.916309106801714e-01
4.314459432536073e-01
3.877363814366505e-01
4.318597028808379e-01
7.193541140495335e-01
4.248636896894579e-01
4.351649368805084e-01
4.326051996648967e-01
4.781856992154544e-01
4.361243352703485e-01
3.884682803844580e-01
4.382002115887790e-01
3.873834247615372e-01
3.869569517971472e-01
4.382660605262898e-01
4.326108917936918e-01
3.892622354580667e-01
3.882541856314388e-01
3.874180222433723e-01
4.368954664227790e-01
4.349151788963431e-01
4.276118472636700e-01
4.756478612709661e-01
4.244686766923689e-01
4.174937011150304e-01
3.884304938291690e-01
4.337393828569145e-01
4.356941530400800e-01
3.887878499142433e-01
7.202602984939269e-01
4.350287843220849e-01
4.350431029237182e-01
3.883845967626828e-01
3.894318186269347e-01
4.292231988950158e-01
3.880949500251537e-01
7.289155557843351e-01
9.141720694630947e-01
9.150599613526600e-01
7.201234399193590e-01
5.812580805605098e-02
4.226819977036819e-01
4.715261657772211e-01
4.541614711999222e-01
4.879272523029198e-01
5.140331388348707e-01
4.353723417881097e-01
3.887483176702158e-01
3.882294758368725e-01
4.375114309599606e-01
3.858914976730000e-01
7.262312532303352e-01
3.892105625283575e-01
9.167757723760933e-01
7.277724182304978e-01
7.189777183503174e-01
9.164598135725653e-01
3.879344270934282e-01
3.882281771193384e-01
7.288546003911375e-01
7.335924824025258e-01
9.144851458987873e-01
9.156144199411858e-01
5.243717546346141e-02
4.392365265501483e-01
4.357404374632550e-01
3.857989823357159e-01
3.893082634604867e-01
7.250323028954934e-01
4.158248315438280e-01
4.372507434461760e-01
4.349629550324656e-01
4.373945650996008e-01
4.690605338082675e-01
4.178358132949020e-01
4.212903165125236e-02
4.227404215310139e-02
-2.161087420007622e-03
-2.612547598313902e-03
2.006800360218753e-03
-2.583135136373840e-03
1.983976824227224e-03
1.993529464043626e-03
4.384143218074991e-01
4.164256452457544e-01
4.711209341712765e-01
4.600160502457899e-01
4.356308479656272e-01
4.153917108299621e-01
4.691956079789890e-01
4.341889451996528e-01
4.250853282170001e-01
4.141626670763799e-01
4.286563798172187e-01
4.332524989966134e-01
4.362325445716519e-01
3.883919216312691e-01
7.309595968086136e-01
4.594743915022622e-01
4.218466742793440e-01
4.182619573542068e-01
4.426436518051843e-01
4.338644847952596e-01
4.376250271639054e-01
4.153368090252274e-01
4.337207587487258e-01
4.388580310699104e-01
4.279174325094677e-01
7.300302344924025e-01
7.311186933625176e-01
9.157967450944479e-01
3.889537838342583e-01
3.895473174382889e-01
9.145696856068412e-01
7.295214762367349e-01
7.217423142148031e-01
9.144254545313962e-01
7.198312375001616e-01
7.317630962978192e-01
9.182562267496076e-01
7.233954328240052e-01
3.872610330284849e-01
3.881102462181301e-01
9.163345303220136e-01
7.292239991232876e-01
9.139536998664857e-01
5.385161635603979e-02
9.160324373835370e-01
7.335403704417027e-01
7.267989933109296e-01
9.144792187599041e-01
3.888627156405186e-01
9.162969441933322e-01
7.239984911620029e-01
9.177084339921951e-01
7.320431301520277e-01
9.152940875054674e-01
5.317031806407869e-02
9.182964332284157e-01
7.329621998927566e-01
9.148838140476894e-01
5.920593689023174e-02
5.757607462447827e-02
7.296079822723949e-01
9.153198995870931e-01
3.896759756908627e-01
7.334110479259769e-01
7.322247924965840e-01
9.160478011462156e-01
9.172793489601913e-01
7.261415149693033e-01
9.154529158320224e-01
7.291137329063532e-01
9.171747680135949e-01
9.142353694144696e-01
7.242619494671649e-01
7.314800000553496e-01
3.900832307294712e-01
3.929575668006140e-01
7.264821870211422e-01
9.161403697154847e-01
7.287693324632039e-01
9.155209814208507e-01
5.698624784992611e-02
5.737342141244989e-02
9.155461363174432e-01
9.160600578383454e-01
5.943041129501170e-02
5.317963256113167e-02
5.264766119233503e-02
9.168025340524673e-01
9.143938785523356e-01
9.138211670453423e-01
9.147571084824525e-01
5.987333025505495e-02
5.720274666329579e-02
9.143763479197088e-01
9.136718605110292e-01
9.148976797765096e-01
5.731368915573851e-02
5.289099335746972e-02
4.209919003746118e-02
7.298407576613596e-01
9.138997980705789e-01
3.876842484808454e-01
3.886629801066766e-01
7.336121897470759e-01
7.277338653960931e-01
7.249158233718683e-01
9.156799899303913e-01
7.298721615805874e-01
3.879220228888261e-01
3.854885652558261e-01
7.274029281407690e-01
9.132325296161413e-01
7.223627101685531e-01
7.314429724818167e-01
3.892078394321528e-01
7.221078800711732e-01
9.142912699986867e-01
9.204521041380251e-01
7.280121665205033e-01
3.868201475243176e-01
4.351589224771283e-01
3.882635788524164e-01
4.388627415082933e-01
3.871947430062895e-01
7.228723412746774e-01
7.308317177696934e-01
7.230870663053335e-01
9.137350991117966e-01
9.150197400432849e-01
9.139188528291234e-01
5.485202905993164e-02
5.955489510878482e-02
3.868057279162460e-01
7.264107600671273e-01
3.878283948830284e-01
7.232547771093931e-01
3.894129318944894e-01
7.282479132623766e-01
4.320338987073024e-01
3.906216811853225e-01
4.351975340616894e-01
3.882768436216665e-01
4.353149644379470e-01
3.868663943254045e-01
7.288554956045351e-01
9.151019008093648e-01
9.133321542065141e-01
3.879300363305552e-01
7.244017865358983e-01
4.397441237212117e-01
3.883129118351220e-01
7.272159105071451e-01
9.163090955076073e-01
7.309582548959647e-01
3.895131507874376e-01
3.860364029811778e-01
4.357910280797018e-01
4.362781296607124e-01
7.272837220472100e-01
3.853592198615675e-01
3.885428108882227e-01
4.401598405613641e-01
4.334252384138167e-01
7.179936961601802e-01
7.293005581318330e-01
4.387780646341772e-01
3.879277887048387e-01
3.858003382159728e-01
7.232333634453324e-01
7.224810278622974e-01
9.164205053088218e-01
9.143517754830861e-01
7.252651680032548e-01
7.308464381995977e-01
3.904315966563339e-01
4.251613647162843e-01
4.339860553102458e-01
9.151526531582069e-01
5.608572248480209e-02
4.230322855869034e-02
4.220122636018701e-02
-2.588057727922803e-03
-2.043893587174950e-03
1.986280591693042e-03
1.962636961521179e-03
6.006932039999463e-02
5.622044955059210e-02
4.177390758059192e-02
9.136722431058664e-01
7.292232390716088e-01
9.150051083680101e-01
4.218501602978630e-02
5.526155446487598e-02
5.263338420733654e-02
4.244847877045746e-02
4.226731405995442e-02
5.709360714248796e-02
9.150194676036887e-01
5.529221657188713e-02
6.036907707046792e-02
9.140086440044148e-01
9.137814791741407e-01
9.135977051211381e-01
5.562863088394009e-02
4.220486890189990e-02
5.985118722969891e-02
4.224360932982648e-02
-2.207784763036046e-03
-2.706725032172329e-03
2.018468229940143e-03
4.207364669270781e-02
6.401674387073272e-02
6.067199411338827e-02
4.212307374072292e-02
5.475439819628370e-02
9.161107486970919e-01
4.231515548446991e-02
5.830177019122270e-02
4.217416190528399e-02
-2.197961112507520e-03
1.951877772335269e-03
2.028468102241561e-03
4.190772705391722e-02
6.361084936234748e-02
4.199785121141631e-02
4.235635152549828e-02
6.154827800783944e-02
5.532681435108407e-02
4.225680829609522e-02
5.507431093186572e-02
4.208375034297809e-02
6.317297461602074e-02
-2.198835962246668e-03
-2.333903891270282e-03
1.932302763166377e-03
5.400674015100354e-02
4.232692909640010e-02
4.210642239383240e-02
-2.675058119846709e-03
2.011313905860835e-03
2.038845999954265e-03
4.222481956390943e-02
-2.145260572684513e-03
1.981841669555867e-03
-2.294210990945011e-03
-2.684135947067037e-03
2.028160319908667e-03
2.011691103405177e-03
4.209428994242708e-02
6.694383514682928e-02
4.146524605039850e-02
4.218450656979529e-02
5.444529981008889e-02
5.974277839786963e-02
4.227761352982874e-02
5.303166994614281e-02
4.236886330910389e-02
5.716771050251558e-02
5.272059796137980e-02
4.239546416697093e-02
4.248749031394664e-02
4.198047602547766e-02
-2.673088722152878e-03
2.039655352919904e-03
-2.150436235907111e-03
2.011796773314133e-03
4.203257353105808e-02
5.613659505636909e-02
9.141170587552331e-01
9.157739189479036e-01
5.722672836887088e-02
5.615964568401267e-02
9.157370231980826e-01
4.203320107413683e-02
5.836395889486721e-02
9.150670238466668e-01
5.341737872999303e-02
5.758770567008468e-02
9.155057434497322e-01
7.297099033605582e-01
5.686690441033311e-02
5.293913096233772e-02
5.969967150336623e-02
9.149434603398459e-01
9.149883047057058e-01
5.290026360129649e-02
5.708868523284769e-02
-2.540521280022741e-03
2.123840531419012e-03
9.162702062934771e-01
9.146278606474758e-01
5.288830243449788e-02
9.170717511116687e-01
7.343416195970115e-01
5.686778200075944e-02
5.440371799884418e-02
4.244761663337644e-02
4.223446183696489e-02
-2.442692969910939e-03
-2.711562138188788e-03
2.080260609587170e-03
-2.355392119433065e-03
2.058711015489613e-03
5.581568031668124e-02
4.203266507247166e-02
-2.581430963866106e-03
-2.019355154715533e-03
1.962029254184167e-03
5.986133653941297e-02
5.339598343784416e-02
9.166797300735744e-01
9.157580239756932e-01
5.777778484402602e-02
4.235535772138977e-02
4.234436888695707e-02
6.047813380421755e-02
9.206942868470839e-01
7.190776576757949e-01
9.157167523384723e-01
6.748856164708920e-02
9.172444659115583e-01
9.154611445267933e-01
7.312118288491818e-01
7.221116952182357e-01
5.423486644463543e-02
9.146700608285038e-01
6.047451345353744e-02
9.205565154540297e-01
7.197520866825680e-01
7.262301050818744e-01
6.748672948167453e-02
4.362558154304307e-01
4.364938040135978e-01
4.165540176556037e-01
3.889578759770149e-01
5.722112681545081e-02
5.316741207335497e-02
9.145096654329863e-01
5.300044803936722e-02
4.217884762987103e-02
5.931835723104072e-02
5.915419464933045e-02
4.204635159971314e-02
-2.213209472585978e-03
-2.471831183919225e-03
1.965171704701188e-03
4.207541273181288e-02
4.239389788267502e-02
-2.701680038020558e-03
2.091448380802840e-03
-2.698857265255802e-03
2.025866857513561e-03
-2.136404675584916e-03
2.020620163854864e-03
2.007283461623457e-03
4.233305228426035e-02
4.220649125579908e-02
4.248414083337627e-02
-2.113285485603750e-03
2.008028920460755e-03
4.229917714431673e-02
4.223968955495135e-02
-2.654203787550221e-03
2.000927585235522e-03
-2.075236117102066e-03
-2.524640241356216e-03
1.947064347443594e-03
-2.208697499322744e-03
1.996000621880337e-03
2.011615999823282e-03
-2.742910130678373e-03
2.059828114321917e-03
4.230790477287445e-02
-2.241880889752869e-03
1.984853269908216e-03
2.054646430624582e-03
-2.739293928216289e-03
2.099847433342127e-03
4.237064937087095e-02
4.203525967958958e-02
-2.292488474252191e-03
2.061228355753002e-03
-2.252428481604086e-03
2.036026033458030e-03
-2.031622393704823e-03
1.972003914550075e-03
4.231370983985518e-02
4.198905627391061e-02
-2.645593253998347e-03
-1.908336526091279e-03
1.892751540464061e-03
1.943426831766382e-03
4.151851084875212e-02
4.219270014749017e-02
-2.470220536366450e-03
2.003419463351481e-03
-2.234051312813047e-03
2.030581419414302e-03
2.035938756610055e-03
4.226161200882451e-02
4.229613680236649e-02
-2.693774824188018e-03
-2.758497504595447e-03
-2.307297763339099e-03
1.896361491312863e-03
-2.043149164667922e-03
-2.596065657270172e-03
1.972222412631789e-03
2.042974877406009e-03
-2.587531885634121e-03
-2.289951646444039e-03
1.993116589873323e-03
4.200159972243745e-02
4.200836589920311e-02
1.994109032874470e-03
2.138830424801034e-03
-2.291454906551547e-03
2.053895752644251e-03
5.943017539748860e-02
4.196666210444618e-02
4.217892766782160e-02
9.152272866460212e-01
-2.735719815116525e-03
2.066278756005861e-03
-2.723867807810686e-03
2.041864620412842e-03
4.227082374284303e-02
-2.327861227880437e-03
4.464994814064941e-01
4.673205865334825e-01
4.776798231559706e-01
4.187255552944795e-01
4.288233157745864e-01
-2.659319299409707e-03
-2.498670981430543e-03
2.096849207794623e-03
2.005898502033921e-03
-2.248349122584571e-03
1.924889910113737e-03
-2.756777174464909e-03
4.225184156155675e-02
5.505709298465283e-02
-2.256296318967487e-03
2.020314759187672e-03
4.242097762921913e-02
-2.320956347416148e-03
4.203147740565663e-02
2.046954079906165e-03
2.043420997551127e-03
-2.648780789708330e-03
-2.689499611243609e-03
-2.258097705165162e-03
-2.501894022727361e-03
1.980824114450529e-03
2.019451272196057e-03
2.048978778724125e-03
-2.738864627034654e-03
4.224781812531201e-02
-2.530164650129982e-03
-2.259569206312912e-03
1.988595833139809e-03
2.110651527350462e-03
2.056730788239279e-03
-1.995427052463956e-03
-2.548985279245446e-03
4.193490132881374e-02
4.220709917992468e-02
6.209467299643508e-02
1.950086193035241e-03
1.960852002347536e-03
4.244149382339087e-02
-2.688171386460984e-03
-2.096592200607881e-03
4.200219932665834e-02
2.035068613861491e-03
2.008085191158865e-03
1.980033542900158e-03
-2.153408086587455e-03
-2.620053757139851e-03
4.229272887511158e-02
5.482509745082852e-02
4.189926716236491e-02
1.997306364762869e-03
2.049833898321533e-03
4.337653272413939e-01
4.534446868318038e-01
4.146131821872517e-01
4.162689492292280e-01
4.793460528029515e-01
5.004029187407010e-01
4.826973374497025e-01
4.240485615363216e-01
4.321905319728287e-01
4.326794932778957e-01
3.875579604034042e-01
7.246353989373782e-01
9.215820799913258e-01
9.163595596708487e-01
4.151501313542685e-02
6.552855947242295e-02
5.871115069780299e-02
5.406911327307048e-02
4.218348550644611e-02
-2.439060468082164e-03
4.250563914347183e-02
5.250420854468706e-02
1.975525042252975e-03
-2.662217757983361e-03
2.087072655869935e-03
4.143430470230992e-02
-2.444218044708543e-03
4.202212627405205e-02
1.924800352934646e-03
1.934413545771835e-03
-2.566736106260972e-03
4.210064201559352e-02
1.986507535839907e-03
2.106810102264268e-03
-2.662448535300692e-03
-2.729443765644832e-03
4.212539374235769e-02
-2.327786681352039e-03
4.235713836603337e-02
2.045353352869866e-03
2.054201986393540e-03
2.056428857010563e-03

PA  1  1102  double
4.201708563323830e-03
4.220630800181256e-03
4.340253614193559e-03
4.453660373337443e-03
4.353439250164068e-03
3.835895399117478e-03
4.127547252272081e-03
2.934805570476708e-03
3.136617860640325e-03
2.591642986185089e-03
4.013081740582277e-03
2.567316970694403e-03
2.753835405947896e-03
2.231289532424669e-03
2.584965934964411e-03
2.451637917084435e-03
3.520076050136032e-03
4.668890957966912e-03
3.490519583481222e-03
3.012308061913668e-03
3.647305137036980e-03
3.743588869024445e-03
2.511418498743213e-03
3.580028829978762e-03
3.707759824244044e-03
3.806870573398573e-03
3.863110087562854e-03
3.482734315133174e-03
3.798124621912070e-03
3.688973652530230e-03
3.511336592783083e-03
2.873007133231376e-03
3.047268181487739e-03
2.788812273595092e-03
2.381282983307548e-03
2.446687519692012e-03
3.087353452556597e-03
3.410843291823209e-03
3.100909632021461e-03
2.555895587574017e-03
1.819117198135013e-03
2.139941268017558e-03
3.154506290134173e-03
3.226006192021062e-03
2.924568747593816e-03
2.622778761622427e-03
3.599547676257455e-03
2.336387901780096e-03
1.646844183717884e-03
3.417949190211894e-03
3.835760308080983e-03
3.760108715635797e-03
3.695282047211087e-03
4.053801900936769e-03
4.014951520142833e-03
3.717076288989331e-03
4.163651099189716e-03
4.245468044787118e-03
4.094914386718659e-03
4.225792991736683e-03
4.143197769845469e-03
3.976251236744564e-03
4.025371386171590e-03
4.109125068089700e-03
4.290592890359803e-03
4.272135785824751e-03
4.341998924860275e-03
4.456001439800556e-03
4.429756128730243e-03
4.308435400962687e-03
4.709835874459713e-03
4.747657790825022e-03
4.724616865091967e-03
4.677182995991671e-03
4.723361826393595e-03
4.682335514761410e-03
3.839346619925761e-03
4.160049610131301e-03
3.754675955064599e-03
4.103437090946079e-03
4.129516340300515e-03
3.877566538994547e-03
4.106298710354231e-03
3.979121357800939e-03
4.319520671613338e-03
4.437974150192575e-03
4.603506809769348e-03
4.672241624158398e-03
4.397182306391941e-03
4.264577391254436e-03
4.364769365174049e-03
4.160773667518045e-03
4.165439573048334e-03
4.285403464076282e-03
3.594472080508467e-03
3.840862111435013e-03
3.493459380090110e-03
3.860947581609700e-03
4.082752910661333e-03
4.073202702306819e-03
3.209036676234180e-03
4.149157177992717e-03
4.316805071280647e-03
4.223810756814185e-03
4.379385787539456e-03
4.230982044795653e-03
4.737824780710463e-03
4.761538393769139e-03
4.738625054298157e-03
4.705268435014799e-03
4.720107732453651e-03
4.752726796760417e-03
4.694751277749344e-03
4.717696269084193e-03
4.073871335875941e-03
3.769188053000171e-03
3.988990654890894e-03
4.186125763882160e-03
4.208472337550000e-03
3.419368728697414e-03
4.690916598346456e-03
4.715039486441863e-03
4.749789678654968e-03
4.661172259031259e-03
4.675619253369494e-03
4.610130272772022e-03
4.679840949459425e-03
4.675934420865454e-03
4.652827133970644e-03
4.622476861904754e-03
4.608842870048801e-03
4.615679797731051e-03
4.665073197300069e-03
4.678281775045316e-03
4.632577074664082e-03
4.550361683972451e-03
4.533803227790996e-03
4.592562664893554e-03
4.596656458458360e-03
4.620582405869224e-03
4.624947251922311e-03
4.553569167370432e-03
4.548230663354987e-03
4.539254919025428e-03
4.460844776836368e-03
4.590895646288852e-03
4.652672720258510e-03
4.580201679705788e-03
3.829138207444141e-03
4.164991642506741e-03
3.966256932605173e-03
4.124864026155240e-03
4.047363614469755e-03
4.123965632449444e-03
4.078276170925757e-03
4.236779915941230e-03
4.171670768034893e-03
4.155289872252374e-03
4.279754780810057e-03
4.074720016937592e-03
3.919999920627336e-03
3.868549146437664e-03
3.760307826013862e-03
3.686329417035690e-03
4.374334721928282e-03
4.227373615815861e-03
4.488448737956833e-03
4.446583999170344e-03
4.327196395448400e-03
4.097002696256785e-03
4.492379419336173e-03
3.859277299125487e-03
3.591172082834527e-03
3.718296015879818e-03
4.415498262659766e-03
4.404314079892807e-03
4.300376411501457e-03
4.302190900264763e-03
4.508794190712651e-03
4.161498302858438e-03
4.165794875655853e-03
4.280785736733091e-03
3.647239461124880e-03
3.950555653370980e-03
3.752756909857073e-03
3.255084956781061e-03
2.930240924802701e-03
4.081258014671281e-03
3.949609678987991e-03
4.406680759377632e-03
4.377482927236200e-03
4.451232264202458e-03
4.329627342137621e-03
4.490589830671148e-03
4.509398373895262e-03
4.407278961557717e-03
4.397253857349535e-03
4.501543307038593e-03
4.500278949210917e-03
3.265500835041273e-03
3.294369386581979e-03
3.574282042367196e-03
2.738241042905837e-03
3.756478506651814e-03
4.102093214091254e-03
4.164924062579857e-03
4.275832501721122e-03
4.320893069289788e-03
4.196626521060091e-03
3.785692925811514e-03
3.967715817500777e-03
3.614965509646560e-03
3.928829361008541e-03
2.079323641520619e-03
2.863041104712851e-03
2.419634603365868e-03
3.142356277989797e-03
2.559830285526856e-03
2.521448858108617e-03
2.579914246024718e-03
3.516595686255525e-03
2.444240027449449e-03
2.565284650443745e-03
2.575620176603879e-03
2.624984858991436e-03
3.753484808949515e-03
3.549999564742691e-03
3.939348554321534e-03
3.174983553340861e-03
3.535791782608145e-03
3.010386142842388e-03
3.297056480208146e-03
3.713462452013593e-03
3.640269408154767e-03
3.553125771761224e-03
3.308595740442915e-03
3.002406124766387e-03
2.796845345501551e-03
3.695863039820016e-03
2.293507569997244e-03
2.259181506123687e-03
2.340548629222026e-03
2.194969007907988e-03
4.553572463951800e-03
4.581937830199870e-03
4.634929587511380e-03
4.668295939095849e-03
4.696388142951148e-03
4.653455504960769e-03
4.494072525017954e-03
4.544005782251869e-03
4.573956947667797e-03
4.627172762561938e-03
4.647436787855212e-03
4.479956392465323e-03
4.438346311787422e-03
2.911431953921792e-03
2.216301316906120e-03
2.284370931277706e-03
2.282017068044756e-03
1.454603055781577e-03
3.044886144774416e-03
2.171079609927687e-03
2.016401364610206e-03
2.436020736769488e-03
2.645102837960771e-03
2.519741600574809e-03
2.545581859528752e-03
4.760264663128518e-03
4.765271801315640e-03
4.766093105318949e-03
4.751470880948554e-03
3.771426627631553e-03
3.990110674401754e-03
3.924388162570343e-03
3.109360102392668e-03
3.570218859911088e-03
3.906556471506965e-03
3.750090776971364e-03
3.738875243257419e-03
3.876773303646868e-03
3.578825750934692e-03
4.295182591479833e-03
4.334776905953417e-03
4.422983626628859e-03
4.447526627542226e-03
4.117300922214468e-03
4.119376228822145e-03
3.926493827105290e-03
3.966530077399391e-03
3.829143090949147e-03
3.790796628750733e-03
4.545719779320920e-03
4.461478786312587e-03
4.357605345714826e-03
4.412887903747695e-03
4.329440560848849e-03
4.447712613579301e-03
4.522437099747909e-03
4.354148981195717e-03
4.528296994841656e-03
4.542999031577981e-03
4.611665764057664e-03
4.587258621156100e-03
4.538051240597319e-03
4.616581621551794e-03
4.115550419903064e-03
4.091565016693025e-03
3.941884238904245e-03
3.925124329571361e-03
4.286715170441253e-03
3.651765084266398e-03
4.751080261622407e-03
4.721323852446283e-03
4.745172332046683e-03
4.720023736486811e-03
4.705677490933724e-03
4.549808361854574e-03
4.534205088693146e-03
4.591542828924449e-03
4.616857735637298e-03
4.664554297852664e-03
4.602105273264269e-03
4.647029954377668e-03
4.670928822035821e-03
4.568149786095740e-03
4.515325615029204e-03
4.514034049039491e-03
4.547249264014627e-03
4.443520212420306e-03
4.482726609380787e-03
4.499725020978619e-03
4.383684157533752e-03
4.368589924715415e-03
4.320257501894382e-03
4.256150427514248e-03
4.164493875975457e-03
4.312975987527052e-03
3.998960368432866e-03
4.094212195553002e-03
4.232565937459985e-03
4.090549968600446e-03
4.088676346605572e-03
4.227423229637806e-03
3.922138299541325e-03
3.852923203451146e-03
3.675119529130322e-03
4.479039010929975e-03
4.414932640285967e-03
4.575652290936720e-03
4.523503020932228e-03
4.404045947106386e-03
4.469750056035140e-03
4.349806906914631e-03
4.441060672539293e-03
4.270442501285203e-03
4.402818913182339e-03
3.563046591551663e-03
3.573895775576485e-03
3.873220650786297e-03
3.566929478554562e-03
3.507352464222973e-03
3.359054489597600e-03
4.058248954061322e-03
3.907651567322648e-03
4.218322263907870e-03
4.088247226125565e-03
4.106135172681694e-03
3.891527416857946e-03
4.546900277119586e-03
4.619258735284341e-03
4.540754893808981e-03
4.457152400319116e-03
4.077391356882777e-03
4.133300044594740e-03
4.052582901509680e-03
4.086465659131711e-03
3.807764520380843e-03
3.821832234339459e-03
4.629840197248074e-03
4.648282319747231e-03
4.575649018508567e-03
4.584617492208908e-03
3.395488646516245e-03
2.501888905519439e-03
2.360393133118438e-03
2.347519450790442e-03
2.131705252730386e-03
1.040177100771908e-03
2.492447686153220e-03
4.087681642944880e-03
3.744856315150413e-03
4.004183806745740e-03
4.144752876570744e-03
3.809586372901314e-03
4.071748003463627e-03
4.109078517045453e-03
3.956714559918414e-03
3.637982676476296e-03
3.245662308087950e-03
3.750231479954103e-03
4.065947941094918e-03
4.205898036463145e-03
4.231969803701831e-03
4.055348528486227e-03
4.084560977815608e-03
3.784589194126820e-03
3.943403299728733e-03
4.228488830567347e-03
4.208810022623415e-03
4.063452182158788e-03
4.346949606233298e-03
4.391925185034844e-03
4.505879038162324e-03
4.436736147412476e-03
4.348913085596743e-03
4.717591129940783e-03
4.701463043034358e-03
4.735225902655451e-03
4.692607807936655e-03
4.736074004933653e-03
4.387352284696803e-03
4.501197540207295e-03
4.428454682232604e-03
4.235842634073505e-03
4.313226612561886e-03
4.169487591858190e-03
4.181478890587564e-03
4.286205350401643e-03
4.122049417360636e-03
3.852456754946935e-03
3.931685991661451e-03
3.999648240362453e-03
3.978269157163474e-03
4.009953857607306e-03
3.814624291591582e-03
4.097319377145213e-03
3.777837295712975e-03
3.910976570721153e-03
4.070890955966049e-03
4.181778008197260e-03
3.829379107281509e-03
4.215038722036115e-03
4.363071974327355e-03
4.237747583941761e-03
4.357854074083204e-03
4.450125663886775e-03
4.465319361636287e-03
4.193435886052537e-03
4.071162263926581e-03
3.956037815595703e-03
4.140801462675263e-03
4.075799766209736e-03
3.827469759117616e-03
3.649341314071366e-03
4.184060303071885e-03
4.332118713897761e-03
4.283444929046154e-03
4.208097984527609e-03
4.361314190862877e-03
4.348708367634973e-03
4.220761641188996e-03
4.343276955541698e-03
4.199494622807377e-03
4.452841309738854e-03
3.659159051580677e-03
3.856190750903900e-03
3.911590502200074e-03
3.318721697787449e-03
3.350645905165983e-03
3.541218599641131e-03
4.088685189788808e-03
3.001480669453856e-03
3.488789007999724e-03
3.410469472673771e-03
2.900217546912309e-03
2.790549845202417e-03
2.334495813781231e-03
2.917217041623454e-03
1.975131103275620e-03
3.338795907119666e-03
2.381222589857373e-03
2.199455260137491e-03
2.279295849712166e-03
3.558132413685261e-03
3.000923771251245e-03
3.398459903429601e-03
3.203402935324984e-03
3.378553560498602e-03
3.395458454867589e-03
3.563752488297675e-03
3.778305486788299e-03
3.836641522716772e-03
2.380617612906217e-03
3.123370222456592e-03
2.186882930550780e-03
2.985299046070691e-03
2.608559320992534e-03
2.497304196237198e-03
3.405634064085291e-03
3.400279264855705e-03
3.424146919730795e-03
3.311886421325622e-03
2.803663408845863e-03
2.480658797570080e-03
2.360446852468770e-03
2.478554414915233e-03
2.792385695514254e-03
3.185733275914803e-03
2.464048110526564e-03
2.428198352887362e-03
2.376185632211693e-03
2.651976231816063e-03
2.946226934893613e-03
3.271760589397746e-03
3.493878429886921e-03
2.779328259907600e-03
1.891532922277285e-03
2.455889020520367e-03
3.090694756877371e-03
3.112427693853899e-03
2.426167478187097e-03
2.597435391182975e-03
3.079307334416146e-03
3.056795412972678e-03
2.478255189274758e-03
2.445319040592610e-03
3.479363595348725e-03
2.450977906309065e-03
2.575632973866549e-03
-1.930732179020979e-04
-1.652514716444476e-04
2.601086752718953e-03
-1.797401940959996e-03
3.876182863569235e-03
3.301665442992155e-03
4.475999199603750e-03
3.964676081647216e-03
3.900248821364018e-03
3.230378088205374e-03
2.354043619291827e-03
2.695869253636985e-03
2.807934456013114e-03
2.361808382384687e-03
2.572657175832372e-03
2.378866495462514e-03
-1.635145090874379e-04
2.585480345151850e-03
2.636834157386757e-03
-1.685405367554886e-04
2.322591192127530e-03
2.420877599481231e-03
2.625489120237622e-03
2.602861146775141e-03
-2.352176484962126e-04
-1.643247835185416e-04
-1.797813640640943e-03
1.900067877434256e-03
2.589410694097844e-03
2.147631530244113e-03
2.418297287545466e-03
2.644722322378575e-03
3.358620800692357e-03
1.879883815532669e-03
2.279693615580744e-03
2.844371571160230e-03
3.430430171842774e-03
2.251097275612473e-03
-4.492059150111596e-04
-4.320847719318240e-04
-2.920167526399792e-04
-2.863616852194690e-04
-1.552482588974797e-04
-2.861952568148967e-04
-1.565983209676849e-04
-1.570922379701789e-04
1.967313462476689e-03
2.649284048336637e-03
3.375468389293658e-03
3.713468939740762e-03
2.457083271805964e-03
1.974171054786901e-03
3.246732905544808e-03
4.025499834908462e-03
3.299349477374164e-03
2.011173144938776e-03
3.394736442489114e-03
2.730924286063740e-03
2.667109254445737e-03
2.340906712743907e-03
2.618220168596124e-03
3.045190211038654e-03
2.372941129720904e-03
1.574714495476749e-03
3.343388080591111e-03
2.772961672082356e-03
2.704213423763217e-03
2.002907586717954e-03
2.778973229409750e-03
2.325992457189180e-03
3.409196740498475e-03
2.629084105374518e-03
2.548488546335787e-03
-1.758393035836610e-04
2.413809489113794e-03
2.752786392626927e-03
-1.848971399669657e-04
2.583189658594278e-03
2.608263633014618e-03
-1.842668217489712e-04
2.579058153039894e-03
2.664798655695154e-03
-1.675417017170264e-04
2.665384945386644e-03
2.088132850466851e-03
2.204439078734980e-03
-1.553541101231875e-04
2.589873306220419e-03
-1.942161829721944e-04
-1.808730485817093e-03
-1.537677595955329e-04
2.588032608975372e-03
2.587137374035617e-03
-2.140327557308548e-04
2.489584343378401e-03
-1.813344010349885e-04
2.626438029899415e-03
-1.327528318706974e-04
2.605115031531732e-03
-1.919777261612839e-04
-1.803994869233435e-03
-1.327427182901538e-04
2.556622955897754e-03
-2.176208845542280e-04
-1.790406347726096e-03
-1.795717869488681e-03
2.581488677616986e-03
-2.260751668610448e-04
2.717921095676713e-03
2.656382391038669e-03
2.488731177265593e-03
-1.782876412300781e-04
-1.379127378911587e-04
2.631050806159733e-03
-2.184473471891800e-04
2.650034398507240e-03
-1.516282309068595e-04
-2.070454235683506e-04
2.629129684014252e-03
2.585206181579684e-03
2.191120619333886e-03
2.544154987859901e-03
2.619827221804986e-03
-1.882397481349922e-04
2.634626354726261e-03
-1.904637587055241e-04
-1.796935536365297e-03
-1.797646245979676e-03
-1.861458759971556e-04
-1.492919788249116e-04
-1.797576365750645e-03
-1.796151858778327e-03
-1.793596244507925e-03
-1.345588705884962e-04
-2.018852583583276e-04
-2.125030055065412e-04
-1.519192206009553e-04
-1.807681702632568e-03
-1.788144248865655e-03
-2.145500647639103e-04
-2.179437946367179e-04
-1.537509003728022e-04
-1.800131430342923e-03
-1.792900092730485e-03
-4.399020982005015e-04
2.576854320671321e-03
-2.144262567278600e-04
2.313103503908779e-03
2.526304206241505e-03
2.585183444720998e-03
2.575620710123815e-03
2.567102457156801e-03
-2.109576333619148e-04
2.616041724364544e-03
2.146432563585908e-03
2.153712317687740e-03
2.667800771992688e-03
-1.935456639043311e-04
2.581898056162321e-03
2.622494268897315e-03
2.433393466245634e-03
2.572480171732052e-03
-2.229010755184135e-04
-9.863526628133729e-05
2.599614489934271e-03
2.428982566530778e-03
2.918346836743556e-03
2.472300493926503e-03
2.559290586793243e-03
2.422283076095945e-03
2.645029581372540e-03
2.627923315263970e-03
2.652223267514936e-03
-2.008357042870126e-04
-2.090279216160843e-04
-2.077760289870713e-04
-1.797587392051314e-03
-1.807834867806031e-03
2.445672844584311e-03
2.585229471688640e-03
2.426087749682831e-03
2.653335889158158e-03
2.462854173123846e-03
2.577839266977916e-03
2.971265656392112e-03
2.407566347934944e-03
3.069138387596735e-03
2.637890850744614e-03
2.879250489512126e-03
2.373784565670034e-03
2.540415870251423e-03
-1.930293787723387e-04
-1.965045225111689e-04
2.321053485647922e-03
2.637795924479358e-03
2.275731710397971e-03
2.332413008284508e-03
2.631837085119912e-03
-1.545980747256679e-04
2.609162761735174e-03
2.356846231560319e-03
2.126354155923861e-03
2.343100162848036e-03
1.752710578063718e-03
2.658547819618988e-03
2.187927631360711e-03
2.437985507399259e-03
1.972592970325250e-03
2.983094400300451e-03
2.626279062633735e-03
2.569187053897499e-03
2.420119473696594e-03
2.332529745452872e-03
2.563689590574598e-03
2.587183873386221e-03
2.571236234208278e-03
-1.489392236636412e-04
-1.978170502471900e-04
2.595266843403761e-03
2.590417123380820e-03
2.600913077491335e-03
2.367775681821021e-03
2.864333328285599e-03
-1.710101863605887e-04
-1.812418005207326e-03
-4.333436309669679e-04
-4.473017477384379e-04
-2.886518912920888e-04
-2.893100332850103e-04
-1.586336247502910e-04
-1.597720480847728e-04
-1.793303481064590e-03
-1.812110311402719e-03
-4.479811145990351e-04
-2.323059022844901e-04
2.571517734816724e-03
-1.678957002196017e-04
-4.428697526963937e-04
-1.804682585586367e-03
-1.807369995901770e-03
-4.324931952743739e-04
-4.421727845524769e-04
-1.797034873287866e-03
-2.082907219517888e-04
-1.805944785346577e-03
-1.802017839481652e-03
-2.091358883469092e-04
-2.013766732216669e-04
-2.439627711264439e-04
-1.793661025913236e-03
-4.463103206741415e-04
-1.803722756758589e-03
-4.404457119114783e-04
-2.878573496142716e-04
-2.880589465791689e-04
-1.558817685532288e-04
-4.519294462149995e-04
-1.797240017812515e-03
-1.803934731833007e-03
-4.451117033515687e-04
-1.798797836532694e-03
-1.577686737615749e-04
-4.388923160770444e-04
-1.810907572871925e-03
-4.448055200985528e-04
-2.894966516372726e-04
-1.625918750313482e-04
-1.552868055088341e-04
-4.547327849938190e-04
-1.790765690931436e-03
-4.535176682436130e-04
-4.438648823973920e-04
-1.792813691868918e-03
-1.793980408110077e-03
-4.473005438600604e-04
-1.807640768520663e-03
-4.490283908844905e-04
-1.796674907513293e-03
-2.820426404296972e-04
-2.866706055874661e-04
-1.648422610768537e-04
-1.800374971008361e-03
-4.332497167864596e-04
-4.477495940975780e-04
-2.883230940672370e-04
-1.530169891578406e-04
-1.547835917125399e-04
-4.434877328189906e-04
-2.897038844575512e-04
-1.570309077286008e-04
-2.915967566987217e-04
-2.859057480334030e-04
-1.525415963367834e-04
-1.572074069303507e-04
-4.589022615619481e-04
-1.789015992903054e-03
-4.694094818962811e-04
-4.404903522981476e-04
-1.798612997140417e-03
-1.770096630770170e-03
-4.457803873944568e-04
-1.809516775151201e-03
-4.414258558694193e-04
-1.798148625587213e-03
-1.816224820234613e-03
-4.315938615205255e-04
-4.368227527461340e-04
-4.497233054516837e-04
-2.879415289869258e-04
-1.556946104838703e-04
-2.904241422146450e-04
-1.579514798400534e-04
-4.621745892669125e-04
-1.817458358038393e-03
-1.742853965620335e-04
-1.936250654223370e-04
-1.793605353397354e-03
-1.810213196283918e-03
-1.622624829077539e-04
-4.460297214429220e-04
-1.807362935781944e-03
-1.861830693745482e-04
-1.797487009923041e-03
-1.796971726754903e-03
-1.661474059164994e-04
2.568522667442765e-03
-1.800748401854410e-03
-1.803498796057203e-03
-1.786484598019492e-03
-1.976116060549675e-04
-2.011083166258708e-04
-1.797667680509293e-03
-1.797827675227118e-03
-2.897943918899978e-04
-1.460054494257206e-04
-1.682319147971870e-04
-2.256116739121770e-04
-1.796407330322004e-03
-1.860587078784430e-04
2.672088675133780e-03
-1.797631721760370e-03
-1.804193532395546e-03
-4.290089040364524e-04
-4.401325502495994e-04
-2.877567846187178e-04
-2.918697214003390e-04
-1.468196146977563e-04
-2.930560822807164e-04
-1.537012620350433e-04
-1.808882799956305e-03
-4.519099983788212e-04
-2.826348621502952e-04
-2.893204269373774e-04
-1.605555730315414e-04
-1.797009258665933e-03
-1.810126676898339e-03
-1.619687026391107e-04
-1.785076176976296e-04
-1.793514851108657e-03
-4.415279618891710e-04
-4.392546098860129e-04
-1.771551155955751e-03
-9.630240018835206e-05
2.530046942090574e-03
-1.630897266941138e-04
-1.799717644683507e-03
-1.554472197564285e-04
-1.913997450851109e-04
2.625374038114436e-03
2.631109060381126e-03
-1.799261770887407e-03
-1.773898829690144e-04
-1.777699030806400e-03
-1.112521735381110e-04
2.591632808565997e-03
2.622393817169761e-03
-1.790662335974902e-03
4.078137800324581e-03
2.822319023243473e-03
1.926894249549444e-03
2.492617180177314e-03
-1.792299288044350e-03
-1.796309761216997e-03
-2.077008058693619e-04
-1.796792400570328e-03
-4.445290400346770e-04
-1.805258468336810e-03
-1.814253581742567e-03
-4.462867682070765e-04
-2.922076768213171e-04
-2.889914521596649e-04
-1.615507843295371e-04
-4.403675416853557e-04
-4.380624153799296e-04
-2.920637636215689e-04
-1.464016292425270e-04
-2.865186918894889e-04
-1.578257613190583e-04
-2.887609179628117e-04
-1.582699206690244e-04
-1.587540810670285e-04
-4.344665657635821e-04
-4.425865970972045e-04
-4.373309331712431e-04
-2.880055701763946e-04
-1.588968149698608e-04
-4.456753037189535e-04
-4.408993030261085e-04
-2.836534694066568e-04
-1.590469720076213e-04
-2.794118411493185e-04
-2.851122442071237e-04
-1.582924489566840e-04
-2.906411486997304e-04
-1.576629714679084e-04
-1.556698028027873e-04
-2.893582628398933e-04
-1.514444822571330e-04
-4.423326302458743e-04
-2.899392127277872e-04
-1.611725373190130e-04
-1.550563619418682e-04
-2.893166289802115e-04
-1.467468539223991e-04
-4.417205151525275e-04
-4.467100267208571e-04
-2.877122252023212e-04
-1.549446563905695e-04
-2.885514519299798e-04
-1.545977124124985e-04
-2.874769109629858e-04
-1.563734557322708e-04
-4.429942015284258e-04
-4.463072667709226e-04
-2.904332258317505e-04
-2.817820788981576e-04
-1.616395283451177e-04
-1.621115402847318e-04
-4.682629632526552e-04
-4.460794291456027e-04
-2.873533173708410e-04
-1.563519376784390e-04
-2.900766063767398e-04
-1.553408068853512e-04
-1.557271646097189e-04
-4.369117807218404e-04
-4.429841476037085e-04
-2.839722790443704e-04
-2.893361086123846e-04
-2.861898090869104e-04
-1.681076566745873e-04
-2.859541401036699e-04
-2.851077780456829e-04
-1.593905390828919e-04
-1.513367925707564e-04
-2.920420595160280e-04
-2.796789243139418e-04
-1.580484736577315e-04
-4.382441574553227e-04
-4.607487359422445e-04
-1.530612836073776e-04
-1.438472858896869e-04
-2.868383875122720e-04
-1.548288074863476e-04
-1.787462829508356e-03
-4.538096956433282e-04
-4.478382728280057e-04
-2.091011195440674e-04
-2.909719884364492e-04
-1.539735777105287e-04
-2.899139604040878e-04
-1.515269305158152e-04
-4.352734655939516e-04
-2.905148888421545e-04
3.242206076646493e-03
3.090507688549330e-03
3.591899543162146e-03
2.149224116893692e-03
3.015698587381141e-03
-2.903155687352271e-04
-2.887666441527050e-04
-1.455898178499936e-04
-1.539080732407978e-04
-2.909414968521226e-04
-1.622038081541520e-04
-2.913885729735629e-04
-4.436356286846957e-04
-1.785272146523388e-03
-2.875401428855622e-04
-1.536971557317552e-04
-4.292335390526837e-04
-2.917239677825606e-04
-4.503219709822395e-04
-1.511950366492633e-04
-1.545167225890970e-04
-2.874859027048647e-04
-2.853952791803992e-04
-2.901022681108180e-04
-2.860164001114524e-04
-1.616864835449176e-04
-1.534804438227658e-04
-1.552847533623110e-04
-2.915235972621103e-04
-4.402663813142097e-04
-2.903718620104395e-04
-2.901690130929988e-04
-1.609613331221885e-04
-1.457288159772442e-04
-1.549965194676617e-04
-2.867964300084188e-04
-2.850241905216696e-04
-4.536829861140574e-04
-4.430255439997555e-04
-1.816098436959884e-03
-1.605816850510857e-04
-1.597758984769207e-04
-4.367069202340293e-04
-2.887078874957769e-04
-2.874159355043052e-04
-4.517819795167452e-04
-1.567214839187941e-04
-1.585695477448448e-04
-1.597791459830491e-04
-2.899547108401217e-04
-2.916934429745819e-04
-4.392856906468876e-04
-1.802977861849980e-03
-4.493656759166871e-04
-1.569429063132482e-04
-1.499969999492056e-04
3.469920167061195e-03
3.777909316831986e-03
3.544498526095478e-03
3.282644470815436e-03
3.642763905525116e-03
3.794827241064723e-03
4.100413013909632e-03
3.686503928557058e-03
2.548149191097214e-03
2.977865749607201e-03
2.236182455425412e-03
2.611491645575998e-03
-1.189679986495465e-04
-1.885783190688181e-04
-4.672229498098685e-04
-1.788773777812836e-03
-1.767070629627902e-03
-1.803519823761992e-03
-4.473825236816711e-04
-2.881399835140896e-04
-4.312605445686395e-04
-1.791506437497285e-03
-1.624735630435070e-04
-2.848690882379738e-04
-1.502180290126326e-04
-4.700638269689100e-04
-2.809505164118516e-04
-4.599855046972756e-04
-1.598495124240084e-04
-1.613824190610342e-04
-2.901582723666060e-04
-4.501396541216049e-04
-1.592192807536681e-04
-1.464730637751595e-04
-2.868453173168463e-04
-2.889005768234210e-04
-4.404298258296159e-04
-2.914611746527661e-04
-4.394614642947125e-04
-1.518415924211337e-04
-1.537099518231645e-04
-1.539275726120750e-04

PB  1  1102  double
2.984034705518941e-03
3.008498733892321e-03
3.147014652633612e-03
3.286878752321432e-03
3.163306291494759e-03
2.937704644657948e-03
2.882296433059433e-03
2.095004922181993e-03
2.174433358184945e-03
1.834582598776631e-03
3.078456538549848e-03
2.066070671655305e-03
2.397610834925431e-03
1.967559974051869e-03
4.590011325984182e-03
4.506805800134014e-03
2.710574020461106e-03
3.250244815470974e-03
2.410272984827451e-03
2.404048627725938e-03
2.544278641018456e-03
2.568006130295709e-03
2.210487745714713e-03
2.755442365377589e-03
2.877875911943348e-03
2.652022182085925e-03
2.658931617844121e-03
2.432418997673953e-03
2.610237879353510e-03
2.540830078855790e-03
2.471438649342717e-03
2.258915026708618e-03
2.388842756542472e-03
2.196175097283993e-03
2.120017426638746e-03
2.168053134366775e-03
2.414843220274030e-03
2.397732830236269e-03
2.202336647084537e-03
2.028791286879804e-03
1.502349782595790e-03
1.911638256454067e-03
2.457238348887827e-03
2.260843687603313e-03
2.090823268325027e-03
2.081059687172791e-03
2.799106169871068e-03
2.077098673080102e-03
1.363293269241219e-03
2.361239030647344e-03
2.635908700509827e-03
2.581772878696661e-03
2.544835218163470e-03
2.827935455598126e-03
2.785046997985620e-03
2.554228541446619e-03
2.944315150333261e-03
3.036829811948958e-03
2.867499556334210e-03
3.014380981675806e-03
2.924024953172722e-03
2.752030096571594e-03
2.792440936312539e-03
2.889563056335272e-03
3.087356062234854e-03
3.065028991326563e-03
3.149294143190916e-03
3.289944154000596e-03
3.257467862817642e-03
3.108006977958982e-03
3.614666271477549e-03
3.663413685608952e-03
3.633704480467445e-03
3.572538485583344e-03
3.632066627817702e-03
3.579141049812009e-03
2.652885414725376e-03
2.933074769381040e-03
2.578753457751712e-03
2.828921637511229e-03
2.841527558099058e-03
2.666349310846900e-03
2.873269395458615e-03
2.760183210690693e-03
3.121721491764208e-03
3.267792529144909e-03
3.477693663331375e-03
3.566149901883908e-03
3.215838865136732e-03
3.058174634481874e-03
3.176958473128751e-03
2.938548749518348e-03
2.938932822405920e-03
3.083112594229533e-03
2.477914551453883e-03
2.643459080690520e-03
2.403988195326308e-03
2.657040906006024e-03
2.857641519763852e-03
2.848846422740506e-03
2.234225747376574e-03
2.931230267416314e-03
3.118012914727339e-03
3.010918644044157e-03
3.194300289510932e-03
3.022773546717684e-03
3.650649437890710e-03
3.681281096269121e-03
3.651695481069611e-03
3.608593084018397e-03
3.627842115991357e-03
3.669932517001069e-03
3.595027987492380e-03
3.624692016399027e-03
2.847127032330892e-03
2.589517665930414e-03
2.774481496853431e-03
2.970060657564199e-03
2.996512395953472e-03
2.366880958292553e-03
3.590085902324462e-03
3.621311513495820e-03
3.666149674557012e-03
3.551742472540236e-03
3.570483681964589e-03
3.486227016674226e-03
3.575875725466247e-03
3.570908372807990e-03
3.541142575516746e-03
3.502012057084841e-03
3.484560339313228e-03
3.493162613968138e-03
3.556715923912602e-03
3.573859142205134e-03
3.514737846800174e-03
3.409147112145092e-03
3.388037375819328e-03
3.463414388814130e-03
3.468713761404430e-03
3.499536420027255e-03
3.505252114174469e-03
3.413557881593263e-03
3.406822032194765e-03
3.395217805068475e-03
3.296128660743720e-03
3.461136018817259e-03
3.540652944277580e-03
3.447453146462787e-03
2.637714588163894e-03
2.946049928743409e-03
2.752093382909022e-03
2.896081592766262e-03
2.819877822685391e-03
2.903668701361295e-03
2.854142908382184e-03
3.027262275302228e-03
2.953771387207945e-03
2.936887993552228e-03
3.076186968178459e-03
2.841629188678766e-03
2.690255444755716e-03
2.660233913809596e-03
2.591998927587650e-03
2.525817928312704e-03
3.188333598318853e-03
3.018541782816981e-03
3.330410597746817e-03
3.278371127918244e-03
3.129544928604414e-03
2.817039178488500e-03
3.118924265923845e-03
2.671120935911024e-03
2.507497106953129e-03
2.549088786724704e-03
3.239386749215822e-03
3.225710000982056e-03
3.100289067593937e-03
3.101866746239102e-03
3.356231548521498e-03
2.941192462870470e-03
2.948316091862108e-03
3.076521266523080e-03
2.514155407294499e-03
2.726521344758953e-03
2.579873053352072e-03
2.259571762334047e-03
2.070021244436674e-03
2.853529417095076e-03
2.741118366969798e-03
3.228383566487642e-03
3.192400221639589e-03
3.283944330671535e-03
3.134009480761448e-03
3.333256823114601e-03
3.357068560058012e-03
3.228493199733089e-03
3.216778593915797e-03
3.346916182423814e-03
3.345504812798569e-03
2.277339189856811e-03
2.276022007754151e-03
2.464544647293817e-03
1.918356718234169e-03
2.588377031128238e-03
2.882000174048408e-03
2.947319865645035e-03
3.069357033884775e-03
3.123930128266050e-03
2.981724915279732e-03
2.602873194522835e-03
2.727729750761535e-03
2.504987336290550e-03
2.705785170138530e-03
1.466270044432361e-03
2.534581921952729e-03
2.169828519959018e-03
2.452089437679044e-03
4.579038834042612e-03
4.516759255870561e-03
2.257870241373107e-03
2.712484754068241e-03
2.190478273075916e-03
4.598863572635385e-03
4.580578239408965e-03
4.604906978717032e-03
2.570768997301100e-03
2.456924422215271e-03
2.711551436213823e-03
2.497525695783015e-03
2.424069095069080e-03
2.107843124310166e-03
2.282311920314309e-03
2.551402356111313e-03
2.550821347107015e-03
2.749301894895481e-03
2.567183124877737e-03
2.351721920937874e-03
1.971744523225372e-03
2.825454914363354e-03
2.065484283222900e-03
2.025222196585110e-03
1.870116724951818e-03
1.949702549963369e-03
3.413370705717989e-03
3.449676214849799e-03
3.517836217057410e-03
3.560937474153654e-03
3.597162235211773e-03
3.541684481218153e-03
3.337800416392091e-03
3.401055760961955e-03
3.439351118068247e-03
3.507869644013761e-03
3.533908841714183e-03
3.319763052803335e-03
3.268118519951443e-03
2.284939248629654e-03
1.983581310273900e-03
1.642834098400668e-03
2.044293164888289e-03
1.229304325528153e-03
2.646664044673478e-03
1.937844867735150e-03
1.638603249400321e-03
2.153197579812673e-03
4.647429666889400e-03
4.518450097221425e-03
4.555643365091231e-03
3.679635531990616e-03
3.686107508053084e-03
3.687167095304055e-03
3.668298250454976e-03
2.594601761935238e-03
2.776540159034235e-03
2.702118765219095e-03
2.147396570735707e-03
2.467159865681064e-03
2.687467188165512e-03
2.581970028871484e-03
2.575118898943021e-03
2.671274862161571e-03
2.497101575696189e-03
3.094465602178521e-03
3.139899360503008e-03
3.248907773769002e-03
3.279727827510391e-03
2.882301252341506e-03
2.898601043794766e-03
2.714800818972129e-03
2.754420050806071e-03
2.644556267717159e-03
2.607432245280990e-03
3.403581305088102e-03
3.296954062657889e-03
3.168491282314969e-03
3.236690049631893e-03
3.134235526144502e-03
3.279721418480577e-03
3.373866233922380e-03
3.163870150946161e-03
3.381249992580068e-03
3.400089986248900e-03
3.488110853498541e-03
3.456681559757725e-03
3.393865778103878e-03
3.494502658945403e-03
2.858361028694737e-03
2.814650450243966e-03
2.731912934692048e-03
2.713955061106827e-03
2.947264680184582e-03
2.512524705837697e-03
3.667804367194042e-03
3.629445248011409e-03
3.660215359398625e-03
3.627785931695809e-03
3.609318108334213e-03
3.408710055566550e-03
3.388741803869611e-03
3.462121238162058e-03
3.494676712170530e-03
3.556052262690777e-03
3.475951772523000e-03
3.533676597291109e-03
3.564485310972845e-03
3.432439157801471e-03
3.364842187287616e-03
3.363257223116809e-03
3.405244128391259e-03
3.274223288400549e-03
3.323151797508225e-03
3.344691631458542e-03
3.200434856617034e-03
3.181549298127447e-03
3.122977223759501e-03
3.048253045927951e-03
2.942583146415505e-03
3.114615650992509e-03
2.779100941811659e-03
2.869261686814973e-03
3.020931325275918e-03
2.865181371931918e-03
2.865904638461795e-03
3.014871015522337e-03
2.701888002804450e-03
2.652385396057311e-03
2.518968997080976e-03
3.319089189020921e-03
3.238863697468041e-03
3.442024514437860e-03
3.375326236011811e-03
3.225823832342845e-03
3.307333247433040e-03
3.158659374213253e-03
3.271320987999843e-03
3.065406210227149e-03
3.224061250164797e-03
2.496568946450734e-03
2.458315336511371e-03
2.668510363104733e-03
2.457422440951509e-03
2.449219362012627e-03
2.359190931935087e-03
2.835825293289762e-03
2.691230175691618e-03
3.006163766287923e-03
2.866091722819465e-03
2.880521178635163e-03
2.681049485950176e-03
3.405017226130609e-03
3.497857992525292e-03
3.397256270680341e-03
3.291435805381215e-03
2.822584628501204e-03
2.916957485091663e-03
2.824045340464992e-03
2.858020696253734e-03
2.617713059518223e-03
2.620119173536411e-03
3.511217305785299e-03
3.534984007097079e-03
3.441517445080743e-03
3.452957325351585e-03
2.376040015176857e-03
2.004271634903866e-03
2.048001884009813e-03
2.081083525038363e-03
1.762563156644637e-03
7.276704054969494e-04
1.997707450758644e-03
2.805410395405999e-03
2.571291599263611e-03
2.783405571998757e-03
2.915447563031241e-03
2.625315773971050e-03
2.840390901927600e-03
2.887972474148161e-03
2.729609165768691e-03
2.510144512868180e-03
2.255481769242792e-03
2.576499971696466e-03
2.840840750945393e-03
2.991185181670557e-03
3.020767675025043e-03
2.828011888158541e-03
2.859850178147750e-03
2.592815557391913e-03
2.732467424350286e-03
3.015297670006932e-03
2.994153990897810e-03
2.844554476901301e-03
3.155609149043475e-03
3.210240307958735e-03
3.352601313816836e-03
3.265809762547504e-03
3.157375897795362e-03
3.624558982460179e-03
3.603658199630506e-03
3.647309154077643e-03
3.592244181305863e-03
3.648388785573083e-03
3.203922336261410e-03
3.346431404603085e-03
3.256182974306011e-03
3.030173595393725e-03
3.111044625554166e-03
2.949978351236548e-03
2.928583218207359e-03
3.082277495843673e-03
2.899154119503843e-03
2.643860562561343e-03
2.713156627341235e-03
2.781028809953106e-03
2.760346890354875e-03
2.790726975178863e-03
2.619196672373772e-03
2.852222073177283e-03
2.591838153676954e-03
2.702340608758615e-03
2.843038812552673e-03
2.963605940354138e-03
2.631417863022090e-03
3.002214251760545e-03
3.174937108148176e-03
3.026972920893072e-03
3.168447851925229e-03
3.282830173415564e-03
3.301823674516808e-03
2.979684351060346e-03
2.838002891325821e-03
2.740815784891617e-03
2.922832086922254e-03
2.851751831924173e-03
2.632858192012659e-03
2.502023282977633e-03
2.966097403992545e-03
3.137421998210320e-03
3.080656390857942e-03
2.995910165602453e-03
3.172186037739183e-03
3.157353611908389e-03
3.007755113043637e-03
3.150889821609017e-03
2.985697591584068e-03
3.286245250508452e-03
2.523735208616583e-03
2.655095549520137e-03
2.694458696236750e-03
2.315810303195461e-03
2.336672596791283e-03
2.438409145529603e-03
2.864009262333319e-03
2.077022525546130e-03
2.383892073474667e-03
2.401504562380151e-03
2.280268467289265e-03
2.204819797876204e-03
2.053704032930600e-03
2.203963614050906e-03
1.590714540226577e-03
2.341185953973279e-03
1.896468697237980e-03
1.945575361829313e-03
2.021307031329140e-03
2.468592172996869e-03
2.117320696940917e-03
2.351730986462585e-03
2.250920792929671e-03
2.341353891010174e-03
2.392948438729726e-03
2.447397715145020e-03
2.592545948646218e-03
2.638954330707210e-03
2.097593443081457e-03
2.443407298202665e-03
1.984701672375964e-03
2.333228158478822e-03
4.639700516955185e-03
1.714022717268078e-03
2.640113127474591e-03
2.356390528820240e-03
2.361923019267165e-03
2.604445100033830e-03
2.457102572072051e-03
1.989157450607462e-03
2.080020919771770e-03
2.171334240799117e-03
2.212059375024552e-03
2.486972578173932e-03
2.173464882366608e-03
2.142073191052837e-03
2.093255432042408e-03
2.115533152784877e-03
2.323040647949580e-03
2.285841575119886e-03
2.408284182217950e-03
1.947434806886304e-03
1.321052073273618e-03
2.168117929514220e-03
2.426461238707635e-03
2.445036713696478e-03
2.138739728793514e-03
4.619882756917087e-03
2.411053850955001e-03
2.386399552212088e-03
2.197907509585026e-03
2.180614648379272e-03
2.423077074361331e-03
2.162437807679531e-03
4.560952124561967e-03
3.688541735415971e-03
3.702845208035629e-03
4.627453958238276e-03
8.272535542087775e-04
2.722838450706911e-03
2.274048145159024e-03
3.124343844582354e-03
2.718455136300821e-03
2.685360918768824e-03
2.537850869569875e-03
2.089359193694076e-03
2.371717782478271e-03
2.248952796779838e-03
2.120581590243551e-03
4.599986764114880e-03
2.101867248166159e-03
3.700875274089629e-03
4.579221568782040e-03
4.657181147034598e-03
3.693051305693047e-03
2.075421027667075e-03
2.167811180668422e-03
4.628357289114341e-03
4.591260909050742e-03
3.639109400216005e-03
3.690951834462373e-03
8.294848882889922e-04
1.549426034211358e-03
2.054083732470293e-03
1.919459382510217e-03
2.151390269636797e-03
4.650347989103636e-03
2.395480138650712e-03
1.516791612149817e-03
1.829362491202183e-03
2.235102481094970e-03
2.375347137801794e-03
1.588674892665614e-03
6.584257746988450e-04
6.414256587654687e-04
2.327854023491496e-04
2.251353992833790e-04
1.826694889663196e-04
2.251974101512302e-04
1.841296272113580e-04
1.844826654309662e-04
1.597019624695839e-03
1.869406781786100e-03
2.335191037980210e-03
2.585042138620210e-03
1.953964331012435e-03
1.392252857965794e-03
2.250868150045676e-03
2.796106903343123e-03
2.309786135587678e-03
1.425084833725920e-03
2.383892934392580e-03
2.163498779519119e-03
2.113027633146624e-03
2.090289608206477e-03
4.610544855811589e-03
2.117361682870525e-03
1.676336455726163e-03
1.085838629467492e-03
2.325123519569571e-03
2.193012973267840e-03
2.137542186383458e-03
1.417836422320830e-03
2.191748839779419e-03
1.865320719427808e-03
2.391009137605509e-03
4.628920678090024e-03
4.547408798460754e-03
3.676066199677852e-03
2.160496751112000e-03
2.439082082448279e-03
3.705649664054519e-03
4.572848300787154e-03
4.633165138520943e-03
3.695200069733517e-03
4.612757730336758e-03
4.632142986276751e-03
3.674156494241721e-03
4.683137456118656e-03
1.858259417651254e-03
1.970428326215079e-03
3.701171352999500e-03
4.580973383205265e-03
3.707738267321415e-03
8.255676714438042e-04
3.696496029381357e-03
4.580315614348167e-03
4.594592546625471e-03
3.667292785006297e-03
2.214528980262735e-03
3.692128592340413e-03
4.649209119140758e-03
3.731483435751533e-03
4.580412621118085e-03
3.677633109971212e-03
8.345562357922095e-04
3.697997692365049e-03
4.552552417132678e-03
3.638463870091309e-03
8.356447700779709e-04
8.242031437480803e-04
4.586547242233207e-03
3.629825894721380e-03
2.401548265155025e-03
4.629671285766620e-03
4.484989359681751e-03
3.673205450807516e-03
3.738603276726080e-03
4.624826477995222e-03
3.612425223638537e-03
4.638191244609108e-03
3.702641365217334e-03
3.678391039965754e-03
4.635572861841425e-03
4.580298276097470e-03
1.964312690254351e-03
2.280407556242552e-03
4.634813675242957e-03
3.655002562800745e-03
4.654704436559509e-03
3.679726413971550e-03
8.521270187200006e-04
8.369608299252014e-04
3.659078786949333e-03
3.698453216502197e-03
8.349449674773475e-04
8.287448461631624e-04
8.223489503753324e-04
3.700764382129455e-03
3.686013833671387e-03
3.637369894339975e-03
3.724416334227339e-03
8.389247660904684e-04
8.326388331130758e-04
3.612473695412972e-03
3.684909586839344e-03
3.757283266221260e-03
8.356309604077545e-04
8.369954932250868e-04
6.439311517133048e-04
4.567216743919800e-03
3.623691915805197e-03
2.069331277666678e-03
2.259416351364456e-03
4.559432582178691e-03
4.568139317400056e-03
4.572248710817271e-03
3.665510713564502e-03
4.586522354744878e-03
1.946698168131291e-03
1.914534588915912e-03
4.655520330864692e-03
3.689027000179296e-03
4.588647237215322e-03
4.596402606724011e-03
2.170012808736482e-03
4.588578404500315e-03
3.648248715232673e-03
3.682570272665274e-03
4.597044550182294e-03
2.166268587269492e-03
2.290646954221932e-03
2.197025569006597e-03
2.036007213985112e-03
2.127514678603856e-03
4.650216749651185e-03
4.612781842498546e-03
4.658305832717630e-03
3.684280512848437e-03
3.659017579310675e-03
3.678070391670270e-03
8.331671951146679e-04
8.571227149994181e-04
2.153266691035686e-03
4.587946581606704e-03
2.153452911506485e-03
4.682185086611952e-03
2.175185206339306e-03
4.566335896478576e-03
2.323113221683011e-03
2.127677480997628e-03
2.397736653055965e-03
2.329388086814177e-03
2.281322659685262e-03
2.116444843385595e-03
4.531851671612729e-03
3.642914329364721e-03
3.706410903692185e-03
2.036784682242502e-03
4.661164449001313e-03
1.838235433320149e-03
2.069557114493184e-03
4.644437496553143e-03
3.716731053598681e-03
4.602282176822996e-03
2.091863778433854e-03
1.906385596218122e-03
1.876479623352291e-03
1.450061319375005e-03
4.671395628891810e-03
1.930287042049200e-03
2.141414182755142e-03
1.616769965532745e-03
2.335143017736492e-03
4.649315136304974e-03
4.573253377613279e-03
1.962171872070749e-03
2.031007751036567e-03
2.277288127958193e-03
4.609268147326974e-03
4.577458904191779e-03
3.714223889877722e-03
3.674750046449893e-03
4.614908852374339e-03
4.577908790173033e-03
2.313934038138822e-03
1.655397881655665e-03
2.270029015722645e-03
3.692223969383989e-03
8.418791848558971e-04
6.396954478305332e-04
6.557113774028173e-04
2.287221676781316e-04
2.301988037250554e-04
1.856665528316153e-04
1.867488007313036e-04
8.430819849669485e-04
8.466202647909924e-04
6.509302943785903e-04
3.634065146345468e-03
4.557890031728877e-03
3.684752988172355e-03
6.499487225816369e-04
8.397081544740900e-04
8.249762879597036e-04
6.441909171415974e-04
6.516956287410586e-04
8.363016474536375e-04
3.683849062105261e-03
8.353773995722687e-04
8.611907703477866e-04
3.681690764218143e-03
3.690684185712905e-03
3.613599701740556e-03
8.400260975472038e-04
6.567606031929677e-04
8.298625191883773e-04
6.523265017996873e-04
2.281044144584388e-04
2.268741152424167e-04
1.834062640064027e-04
6.618096091458010e-04
8.411119734746347e-04
8.323075430031585e-04
6.563000443898009e-04
8.147649458668869e-04
3.706598773737647e-03
6.508532091273189e-04
8.399010954312222e-04
6.563325808823014e-04
2.295778973244196e-04
1.898971634155400e-04
1.829609415022209e-04
6.642987399256842e-04
8.426086105180730e-04
6.581388757205330e-04
6.516461689115338e-04
8.442045204630987e-04
8.419536166496879e-04
6.614080551258062e-04
8.138580152887018e-04
6.593844825384356e-04
8.357843530247058e-04
2.219231715758239e-04
2.259630646735873e-04
1.922524237583227e-04
8.219381669260403e-04
6.404236493055560e-04
6.517890079184929e-04
2.284488832876399e-04
1.797524430124003e-04
1.820474186156026e-04
6.551477854415003e-04
2.301054693841109e-04
1.844067906745516e-04
2.318852111383197e-04
2.242609261720747e-04
1.801728842388399e-04
1.849288675667109e-04
6.699307698414030e-04
8.425877508141254e-04
6.729335168060723e-04
6.469418150481107e-04
8.396502400894129e-04
8.076906439914007e-04
6.536030340528780e-04
8.286162270816826e-04
6.511557446543865e-04
8.382316987812714e-04
8.152205247115074e-04
6.437843503826542e-04
6.443851606947733e-04
6.543862765244606e-04
2.282174821048085e-04
1.828067147858294e-04
2.319591793601334e-04
1.847523736673235e-04
6.739293223545741e-04
8.396537442075629e-04
3.699402919420223e-03
3.710355429493721e-03
8.240915146251936e-04
8.338731687284926e-04
3.707105026841688e-03
6.557477395679574e-04
8.321954609047291e-04
3.663077853921799e-03
8.181227254180127e-04
8.381302102567544e-04
3.716644418081597e-03
4.554585208579124e-03
8.342857989626949e-04
8.326655984555716e-04
8.442058978429853e-04
3.668585223222702e-03
3.677810770869937e-03
8.238608401089374e-04
8.259156117924470e-04
2.291182133235358e-04
1.738655780695407e-04
3.693716985364210e-03
3.670469199109121e-03
8.364123536734596e-04
3.654682661830780e-03
4.644895648686398e-03
8.334607980927684e-04
8.254681756256331e-04
6.386471185730967e-04
6.510779898758103e-04
2.271840405278688e-04
2.305015028812053e-04
1.747806159526791e-04
2.331052717518885e-04
1.814779363217548e-04
8.251336919732092e-04
6.620508616268258e-04
2.217396339490613e-04
2.297792521715668e-04
1.879310124410358e-04
8.377187597476335e-04
8.259959144051789e-04
3.707846442001422e-03
3.702166438223669e-03
8.269956613460467e-04
6.539988172379613e-04
6.506578248837221e-04
8.064643212368059e-04
3.674453602490782e-03
4.563803027258527e-03
3.735180748482341e-03
8.366122998501166e-04
3.700304219586607e-03
3.705493909085221e-03
4.607491554447640e-03
4.648453464048219e-03
8.193404351877216e-04
3.722352748558395e-03
8.020315606996739e-04
3.663917573751362e-03
4.635834530711436e-03
4.625231988830319e-03
8.424201876730234e-04
2.843536748745019e-03
2.223985351539883e-03
1.344775032689258e-03
2.213858118284590e-03
8.276253127146252e-04
8.263520195382314e-04
3.669846791000021e-03
8.232087240754171e-04
6.526005377032412e-04
8.372963953772077e-04
8.377525124006845e-04
6.570188923708247e-04
2.327680139313231e-04
2.284352906474126e-04
1.887653839031984e-04
6.486935807925009e-04
6.503149150458734e-04
2.308221949469799e-04
1.743298111188436e-04
2.255641055394638e-04
1.850450001371831e-04
2.300321478272464e-04
1.855766834761015e-04
1.856588445818062e-04
6.430554397237374e-04
6.486483131108150e-04
6.490004941977013e-04
2.295389222399804e-04
1.861011774686243e-04
6.526703056475200e-04
6.499279146888985e-04
2.239213295954431e-04
1.858691642518964e-04
2.205081321066586e-04
2.253708702299259e-04
1.852816021667984e-04
2.318976917931501e-04
1.846610960920932e-04
1.826494946448227e-04
2.283488448733135e-04
1.789268801872526e-04
6.521707320298083e-04
2.303323006171386e-04
1.884521450323938e-04
1.826213917546150e-04
2.292015162193440e-04
1.741899432281714e-04
6.501210047194926e-04
6.511821662171529e-04
2.284514822089814e-04
1.822160566314228e-04
2.301565297163316e-04
1.818506580669096e-04
2.286665509397236e-04
1.834867530992830e-04
6.530596533680894e-04
6.518749781529084e-04
2.298525488239486e-04
2.230820502552199e-04
1.885968695703352e-04
1.894281447568386e-04
6.740492286622164e-04
6.559908694082617e-04
2.270821035570369e-04
1.838043304954799e-04
2.311008264563699e-04
1.826598104779087e-04
1.829195172609796e-04
6.437092670279038e-04
6.530060593454948e-04
2.230532811351377e-04
2.286844380336159e-04
2.273034779842386e-04
1.943697438434304e-04
2.280385512506698e-04
2.249113127243875e-04
1.861961613460276e-04
1.791032943328957e-04
2.324221262461869e-04
2.204522307502764e-04
1.850885583678398e-04
6.405135804693997e-04
6.698847298321090e-04
1.801645912536766e-04
1.713849874282603e-04
2.279502966167684e-04
1.821790846085966e-04
8.358428719453211e-04
6.597929143182646e-04
6.552516464560411e-04
3.666265531167761e-03
2.303677734583294e-04
1.814789386697875e-04
2.292844329240891e-04
1.788162456105342e-04
6.436831476518558e-04
2.310824378048263e-04
2.250849090983499e-03
2.136375374542270e-03
2.465032100122650e-03
1.495624850003315e-03
2.115186439509078e-03
2.304887336229221e-04
2.287515400748979e-04
1.731832027193819e-04
1.809033823720673e-04
2.314980210138502e-04
1.891289528071064e-04
2.314289931215431e-04
6.515503699030948e-04
8.293788567998347e-04
2.287958312411670e-04
1.805946227350700e-04
6.369181571592110e-04
2.326209348664784e-04
6.568065496412590e-04
1.783770036384149e-04
1.817822857851537e-04
2.274430477968877e-04
2.246467008037458e-04
2.300011067449587e-04
2.260469720958664e-04
1.889500186163988e-04
1.805843211286953e-04
1.830006593283135e-04
2.306350840229817e-04
6.535628174713545e-04
2.289965006551314e-04
2.306525799323590e-04
1.883915458873045e-04
1.738827574901856e-04
1.825622737646380e-04
2.277278915319014e-04
2.233369367535950e-04
6.654451876835124e-04
6.567007391715028e-04
8.414247502549400e-04
1.881319818431268e-04
1.874297234650090e-04
6.473912044075169e-04
2.277478464082430e-04
2.285182554779126e-04
6.601554249229714e-04
1.843292678334031e-04
1.858522335097618e-04
1.868316106029762e-04
2.301082905811077e-04
2.312111346301459e-04
6.505970829874235e-04
8.353545649331752e-04
6.539224165123280e-04
1.844078971889689e-04
1.773483432748454e-04
2.675304910366917e-03
2.618493541352826e-03
2.485373907520651e-03
2.281031769584318e-03
2.513226130362202e-03
2.597420429133252e-03
2.828801882929885e-03
2.602904126632606e-03
2.007500928694862e-03
2.336541290616899e-03
2.011854457099048e-03
4.616722942234467e-03
3.648724765316243e-03
3.701746862359924e-03
6.706315316356054e-04
8.408981928595229e-04
8.027094772863208e-04
8.436623047641236e-04
6.540846597174666e-04
2.286031364360465e-04
6.408826919088440e-04
8.234642241071746e-04
1.892965674791350e-04
2.245647866847698e-04
1.777059573959699e-04
6.757042408695601e-04
2.201218733105503e-04
6.734790886354841e-04
1.871365813390023e-04
1.887332587389093e-04
2.295542937550331e-04
6.585028078226281e-04
1.866295997673567e-04
1.743096689004652e-04
2.265733444354375e-04
2.285007486296894e-04
6.476110033556575e-04
2.329738443289034e-04
6.465839616614634e-04
1.787687627747697e-04
1.809117200097272e-04
1.814407260319018e-04

PL  1  1102  double
-1.315183570746860e-03
-1.323712351840608e-03
-1.369109730408051e-03
-1.414195733107958e-03
-1.375095299388226e-03
-1.194129029951169e-03
-1.278322412257703e-03
-9.051024165783111e-04
-9.638314003797741e-04
-8.065592580463069e-04
-1.271814660753906e-03
-8.136445054106444e-04
-9.027095795609571e-04
-7.692735411144024e-04
-9.467552697756910e-04
-9.119623004016094e-04
-1.100310009299563e-03
-1.446312264780116e-03
-1.077871797705366e-03
-9.592276920863315e-04
-1.106973831864099e-03
-1.152011147217160e-03
-8.307629078216748e-04
-1.113334176138638e-03
-1.165679872892259e-03
-1.173587928763199e-03
-1.195011581687287e-03
-1.077364365634687e-03
-1.166189773987301e-03
-1.132727136878482e-03
-1.095875631002556e-03
-9.096898159434017e-04
-9.642702425476579e-04
-8.825739971267665e-04
-8.120169590121028e-04
-8.272774631155023e-04
-9.778920353104049e-04
-1.063951712504698e-03
-9.598148923673728e-04
-8.051782872946932e-04
-5.794493163091527e-04
-7.554145047755635e-04
-9.864853634268397e-04
-1.001404465909348e-03
-9.032212720210949e-04
-8.190519206871469e-04
-1.132690725813276e-03
-7.862535353670608e-04
-5.154194409413657e-04
-1.059066801916969e-03
-1.188643332671078e-03
-1.164464566885248e-03
-1.143685247352066e-03
-1.263489573659225e-03
-1.249684233195182e-03
-1.150300842039900e-03
-1.298786777933945e-03
-1.330788790440794e-03
-1.273191336935187e-03
-1.322074113435280e-03
-1.289903690237340e-03
-1.228764615397113e-03
-1.244610820609325e-03
-1.277537145940654e-03
-1.346447670501065e-03
-1.339262117448673e-03
-1.369738784823683e-03
-1.415065957561672e-03
-1.403947563905643e-03
-1.355637174398750e-03
-1.517009816271438e-03
-1.531866466997591e-03
-1.522774697653304e-03
-1.504137488542760e-03
-1.522163290759449e-03
-1.505919564662159e-03
-1.189735378901392e-03
-1.299297544989869e-03
-1.159445202182998e-03
-1.268977214639801e-03
-1.280412890738513e-03
-1.196576321219035e-03
-1.277911159578688e-03
-1.233066600591531e-03
-1.363687218251556e-03
-1.409854375297781e-03
-1.474917479109801e-03
-1.502045783067235e-03
-1.389202214906347e-03
-1.337149122344204e-03
-1.376951126039732e-03
-1.295951085779185e-03
-1.297222379187527e-03
-1.344893869757893e-03
-1.114187483471562e-03
-1.191243901260788e-03
-1.082703045079896e-03
-1.198034168399032e-03
-1.274126819323879e-03
-1.271358666834341e-03
-9.994204695904520e-04
-1.294944532134940e-03
-1.358556539543083e-03
-1.321984435785518e-03
-1.384093722496827e-03
-1.326890601680443e-03
-1.527576894760503e-03
-1.537213329529619e-03
-1.527941368944109e-03
-1.514294143280622e-03
-1.520722934813250e-03
-1.533783602105956e-03
-1.510088687256806e-03
-1.519624646607450e-03
-1.270000895866486e-03
-1.167086268418660e-03
-1.240090931112810e-03
-1.311258396971349e-03
-1.320674059429986e-03
-1.058992444514718e-03
-1.508678874424168e-03
-1.518703746068521e-03
-1.532618233204870e-03
-1.497052960937679e-03
-1.503250395315226e-03
-1.477724021793249e-03
-1.504652116285821e-03
-1.503477873936933e-03
-1.494552876392240e-03
-1.482001914800194e-03
-1.477000984825933e-03
-1.478813806553262e-03
-1.498335984978485e-03
-1.504074178220023e-03
-1.484814028477653e-03
-1.451431754052288e-03
-1.445728034589189e-03
-1.468981774821565e-03
-1.471075053084667e-03
-1.481188093200263e-03
-1.483360064995326e-03
-1.454840812153139e-03
-1.453138950048624e-03
-1.448566739560361e-03
-1.417888156619422e-03
-1.467612101019140e-03
-1.492821342438281e-03
-1.463295236736168e-03
-1.189302779449075e-03
-1.305445713702041e-03
-1.234956484145835e-03
-1.289671362521173e-03
-1.261950040227420e-03
-1.283652755842560e-03
-1.267171489880023e-03
-1.327196838554776e-03
-1.303102862504671e-03
-1.294939000823068e-03
-1.343076499979234e-03
-1.271097726276286e-03
-1.216379433759026e-03
-1.200617076289550e-03
-1.167379664739646e-03
-1.141878231867989e-03
-1.380151495860113e-03
-1.323052286523615e-03
-1.426003457020437e-03
-1.409596984055313e-03
-1.361602052316180e-03
-1.265177270952176e-03
-1.394174281327529e-03
-1.192414851482736e-03
-1.104335671917640e-03
-1.144937279461598e-03
-1.396419973015538e-03
-1.391954462573861e-03
-1.350513812780786e-03
-1.351284360929230e-03
-1.434116152218695e-03
-1.296574690990229e-03
-1.298621575740208e-03
-1.342829224229923e-03
-1.120612352324293e-03
-1.219657408596131e-03
-1.155762540609415e-03
-1.001917910935743e-03
-9.087085385060259e-04
-1.266653261737132e-03
-1.222529422669736e-03
-1.393137197473976e-03
-1.381971752935008e-03
-1.412054978009689e-03
-1.363653780707786e-03
-1.427271997315878e-03
-1.434496965721847e-03
-1.392994398529870e-03
-1.389037848079274e-03
-1.431151049808022e-03
-1.430818054239051e-03
-1.017385767811864e-03
-1.021735826155363e-03
-1.108226518986414e-03
-8.558701797694119e-04
-1.165007801289665e-03
-1.282244655149113e-03
-1.304853365654436e-03
-1.346594150672351e-03
-1.363678283657911e-03
-1.317282480773039e-03
-1.168147169764810e-03
-1.223378506616554e-03
-1.115016531068790e-03
-1.214706174584002e-03
-6.474042072531342e-04
-9.230206605704019e-04
-8.074947291065248e-04
-9.831844286264416e-04
-9.222148943878155e-04
-9.103097507437016e-04
-8.493586923798115e-04
-1.100943482819928e-03
-8.282799544905403e-04
-9.320791583820491e-04
-9.370425401278978e-04
-9.463655661459144e-04
-1.162377159359103e-03
-1.101328340176515e-03
-1.223503007175215e-03
-1.005379768341909e-03
-1.100995255708482e-03
-9.334771726094870e-04
-1.027155066440496e-03
-1.141498021388134e-03
-1.127200472693524e-03
-1.115399030199240e-03
-1.037028583709911e-03
-9.400259304964535e-04
-8.668068260623586e-04
-1.156034153919096e-03
-7.840460475053955e-04
-7.763354847372150e-04
-7.462768745750234e-04
-7.574616830665968e-04
-1.453172063779844e-03
-1.464208863145994e-03
-1.486035291013237e-03
-1.499902658042822e-03
-1.510879767887091e-03
-1.493227653296412e-03
-1.429858419048970e-03
-1.449317783074702e-03
-1.460971456675590e-03
-1.482921613031320e-03
-1.490790983850012e-03
-1.423001120539625e-03
-1.406970731895196e-03
-9.060017360534434e-04
-7.660453820025973e-04
-6.999945906359349e-04
-7.801865599977752e-04
-4.519550849588582e-04
-9.796709799090235e-04
-7.590252862132509e-04
-6.376884389708639e-04
-8.265761637335518e-04
-9.605723387104642e-04
-9.280578723426254e-04
-9.369518388854450e-04
-1.536697295201343e-03
-1.538774727414850e-03
-1.539095575355350e-03
-1.533222826056087e-03
-1.160474311662080e-03
-1.234967003272498e-03
-1.208444778592690e-03
-9.527600892712548e-04
-1.105456116194635e-03
-1.211033329829606e-03
-1.161476478037547e-03
-1.159213399237331e-03
-1.202976127973098e-03
-1.112984583877389e-03
-1.352063645507479e-03
-1.368010596012309e-03
-1.402222958200298e-03
-1.412666484337043e-03
-1.278723468992637e-03
-1.281458917000679e-03
-1.212312392568495e-03
-1.226583986024774e-03
-1.180065065676436e-03
-1.166332484675952e-03
-1.451671767646091e-03
-1.417944989918652e-03
-1.376663459591163e-03
-1.399874596629683e-03
-1.366940839167664e-03
-1.413086716734854e-03
-1.442860028500821e-03
-1.375949979031188e-03
-1.444201431232343e-03
-1.450645791154932e-03
-1.477639513510069e-03
-1.467319595745284e-03
-1.449112885148788e-03
-1.480040388171927e-03
-1.264225025725032e-03
-1.259774979261926e-03
-1.218077576431186e-03
-1.212592241744425e-03
-1.320339545212981e-03
-1.122683124995818e-03
-1.533089379988413e-03
-1.521383903674121e-03
-1.530895486608011e-03
-1.520959365192336e-03
-1.515382056365191e-03
-1.452725731122933e-03
-1.445847112858520e-03
-1.468515204675871e-03
-1.479225432921848e-03
-1.498080053320827e-03
-1.474556982495580e-03
-1.492275550058644e-03
-1.501666962013866e-03
-1.461158717811188e-03
-1.440084661197348e-03
-1.439818178640413e-03
-1.450128652716943e-03
-1.408261472010608e-03
-1.423661024154635e-03
-1.431337504362738e-03
-1.384932948569990e-03
-1.377803283981668e-03
-1.359080388441424e-03
-1.336000981415750e-03
-1.301629015332936e-03
-1.358806773357159e-03
-1.240007324516338e-03
-1.274676317477129e-03
-1.328781506001962e-03
-1.275961071572400e-03
-1.274934254101403e-03
-1.326005365292868e-03
-1.215839374968676e-03
-1.194690256756068e-03
-1.136079424071119e-03
-1.426011677969899e-03
-1.400933102071408e-03
-1.464106812753082e-03
-1.443556622490923e-03
-1.396451046283605e-03
-1.422367179525673e-03
-1.375447506488636e-03
-1.410504751386666e-03
-1.345175259973471e-03
-1.396228967394381e-03
-1.108874719510560e-03
-1.105155413038854e-03
-1.199864859686993e-03
-1.102257594047904e-03
-1.089761224726476e-03
-1.045016312679558e-03
-1.266716683332164e-03
-1.213969745263154e-03
-1.325287034785993e-03
-1.276964459917402e-03
-1.282409277963597e-03
-1.208244621759317e-03
-1.451634670575707e-03
-1.480768322858702e-03
-1.449753599178236e-03
-1.416287396360433e-03
-1.263423359302495e-03
-1.289807688935038e-03
-1.259407748698781e-03
-1.272520685828932e-03
-1.177572226196799e-03
-1.178800743538421e-03
-1.483669357243065e-03
-1.491024527893090e-03
-1.461401214347396e-03
-1.465038468974945e-03
-1.046622185734944e-03
-7.818980819469505e-04
-7.973175646149941e-04
-7.966613318906019e-04
-6.762839166394397e-04
-3.281893023416731e-04
-7.861423663740510e-04
-1.269740177668489e-03
-1.160947233392138e-03
-1.247483084293032e-03
-1.296722729115797e-03
-1.183228275591139e-03
-1.270083613376112e-03
-1.278077789609016e-03
-1.222208184535874e-03
-1.119238011833268e-03
-1.000767704009974e-03
-1.155830306280412e-03
-1.262651908038386e-03
-1.318552171645787e-03
-1.329232355965549e-03
-1.262148599498802e-03
-1.273975372690803e-03
-1.169526106004470e-03
-1.223504599037927e-03
-1.327180801420460e-03
-1.320544633027890e-03
-1.267233979805285e-03
-1.373275757309075e-03
-1.389111871595054e-03
-1.434543587087381e-03
-1.407622659638869e-03
-1.373570014708054e-03
-1.519548318297938e-03
-1.512745556892165e-03
-1.526575547251428e-03
-1.509191821974248e-03
-1.526855740165495e-03
-1.386304363142510e-03
-1.431978417708650e-03
-1.403564421835446e-03
-1.327820994154526e-03
-1.357179129874989e-03
-1.301092406333496e-03
-1.300476073960718e-03
-1.350615967099592e-03
-1.289067143405249e-03
-1.193893968529694e-03
-1.221862460569164e-03
-1.245469230195557e-03
-1.230705089707491e-03
-1.241370836494028e-03
-1.173164170912275e-03
-1.271587955809014e-03
-1.160167655278166e-03
-1.208852476937494e-03
-1.269179265761725e-03
-1.310834964741482e-03
-1.186991725529502e-03
-1.322991771447566e-03
-1.379840645658069e-03
-1.332032322543069e-03
-1.378302819432176e-03
-1.414609468147647e-03
-1.420223282778195e-03
-1.312676916055032e-03
-1.265466852010439e-03
-1.225354544857014e-03
-1.292188829661903e-03
-1.269282491761808e-03
-1.183685481778829e-03
-1.125052467284149e-03
-1.312434445937836e-03
-1.368633397142953e-03
-1.350134113577856e-03
-1.321738132340517e-03
-1.379841471063427e-03
-1.374232050154719e-03
-1.325605945771634e-03
-1.372656464060823e-03
-1.318290032733951e-03
-1.415311147323773e-03
-1.132308922488681e-03
-1.194365532455044e-03
-1.212886018399822e-03
-1.031918050417231e-03
-1.041698000030852e-03
-1.094067768476025e-03
-1.274695796204865e-03
-9.308144121380644e-04
-1.081392318862378e-03
-1.063224262369988e-03
-9.157582220999247e-04
-8.807761845485286e-04
-8.028945985212310e-04
-9.132027080317490e-04
-6.159788379820446e-04
-1.024622213511220e-03
-7.384966735124430e-04
-7.624349022149851e-04
-7.831868858036283e-04
-1.105778416763479e-03
-9.290564368617713e-04
-1.050463460392129e-03
-9.984077978605597e-04
-1.042331221697163e-03
-1.055289402371824e-03
-1.093734691442084e-03
-1.164277095191131e-03
-1.183851937209305e-03
-8.029310329122866e-04
-9.892279999283693e-04
-7.615583739538316e-04
-9.429503209509390e-04
-9.521415256657979e-04
-7.781914565221726e-04
-1.074105157867106e-03
-1.057115487011640e-03
-1.060244889296410e-03
-1.054666125578213e-03
-9.195031421031183e-04
-7.768212244574981e-04
-8.033379777640606e-04
-8.355739624404557e-04
-8.819929235487859e-04
-1.007841271718465e-03
-8.259790807486464e-04
-8.183563116049220e-04
-8.075442329566619e-04
-8.333850005512648e-04
-9.324593630036936e-04
-1.019863235165471e-03
-1.081783407682979e-03
-8.675970877428901e-04
-5.903125264397839e-04
-8.237793824332024e-04
-9.760403113257196e-04
-9.846337882474176e-04
-8.171613482480840e-04
-9.470857422621848e-04
-9.760737732805432e-04
-9.684382071814575e-04
-8.342322081204001e-04
-8.282016845203421e-04
-1.083054663237664e-03
-8.261154845736437e-04
-9.433234530479527e-04
-3.530451401220909e-05
-3.571408983365258e-05
-9.500635725978393e-04
2.424781012284006e-04
-1.202087304650650e-03
-1.016069281873283e-03
-1.397517084544041e-03
-1.223898522585385e-03
-1.206619333367368e-03
-1.008990955989553e-03
-7.913074074929576e-04
-8.858444706256964e-04
-8.761522927694652e-04
-8.000430884154211e-04
-9.285008601528925e-04
-8.072023892959781e-04
-3.333059969069408e-05
-9.447497906079724e-04
-9.602095520076480e-04
-3.120341839885576e-05
-7.895801058683194e-04
-8.247835892462179e-04
-9.397882592234966e-04
-9.325753794271055e-04
-2.822003292429900e-05
-4.023364285755905e-05
2.393086095840673e-04
-5.991312417915402e-04
-8.125054029482295e-04
-7.540832658255728e-04
-8.190349403360647e-04
-9.563298042021986e-04
-1.044832426622005e-03
-5.966012646468529e-04
-7.158850186401823e-04
-8.977727520904984e-04
-1.064920329074924e-03
-7.045653036327957e-04
-2.114330490484359e-05
-2.215156928088627e-05
1.223122903300157e-05
1.168469418704403e-05
5.789376512185285e-06
1.170870903470155e-05
5.833932921622637e-06
5.888320180162943e-06
-6.096955687712310e-04
-8.174693436783434e-04
-1.044385180572417e-03
-1.151793404876245e-03
-7.703127981829895e-04
-6.156974119434897e-04
-1.002718793656901e-03
-1.243094190995320e-03
-1.022388108580113e-03
-6.251880930707133e-04
-1.051734606549774e-03
-8.552981643224274e-04
-8.365932595338656e-04
-7.978730375043121e-04
-9.453444524279708e-04
-9.364028508250443e-04
-7.395681755167677e-04
-4.900046279002261e-04
-1.026991669039721e-03
-8.615875736132061e-04
-8.487888171578422e-04
-6.223075122090875e-04
-8.680609317175225e-04
-7.217537451545512e-04
-1.053067387828681e-03
-9.428601542120428e-04
-9.181182575743787e-04
-3.618529633565493e-05
-8.098488266790117e-04
-8.958716518070215e-04
-3.464161815697771e-05
-9.401755160328137e-04
-9.444141356667596e-04
-3.276008078645595e-05
-9.421787509643440e-04
-9.529997364446103e-04
-2.686173425782945e-05
-9.557622225109333e-04
-7.341642221212577e-04
-7.618176718811337e-04
-3.583122097085154e-05
-9.450758296905603e-04
-3.356292340366857e-05
2.401973480429594e-04
-3.778136243341804e-05
-9.365289575805141e-04
-9.305310203629630e-04
-3.295912273116054e-05
-8.340770160020272e-04
-3.280469991170944e-05
-9.451397958789593e-04
-3.696865370484820e-05
-9.315208248956908e-04
-3.511305738328309e-05
2.407026543434357e-04
-4.026775807868827e-05
-9.198088920326220e-04
-3.376891101579910e-05
2.450016872792560e-04
2.438464242948637e-04
-9.259142417368753e-04
-2.562006388767487e-05
-8.886546129891765e-04
-9.443323551129993e-04
-9.004176563415405e-04
-3.326030446493427e-05
-3.685520069340154e-05
-9.574798779911660e-04
-2.584007703540413e-05
-9.617107232611393e-04
-3.757768030215985e-05
-2.948391556868956e-05
-9.581418081419098e-04
-9.315984066126041e-04
-7.499741362881319e-04
-8.368656320245994e-04
-9.414933351315291e-04
-3.187260018824885e-05
-9.489657721203453e-04
-3.388825590995822e-05
2.421760783047842e-04
2.432263136994319e-04
-4.209159485860127e-05
-4.424733885403379e-05
2.471056820837061e-04
2.402197943952530e-04
2.403033249286114e-04
-4.397343695371329e-05
-3.119062550697589e-05
-2.970085895048235e-05
-4.375422565891704e-05
2.463823262368321e-04
2.395189233355285e-04
-2.804746594873835e-05
-2.871390921894834e-05
-4.154768119298490e-05
2.427053243757319e-04
2.373612192153125e-04
-2.159112705800536e-05
-9.276308254500062e-04
-3.175032082111479e-05
-7.872718479304548e-04
-8.532098137221378e-04
-9.316165404843440e-04
-9.469145182221107e-04
-9.408512521326364e-04
-3.326592594320011e-05
-9.523453409611641e-04
-7.597151448000012e-04
-7.611264297084216e-04
-9.679425669031724e-04
-3.453727041619829e-05
-9.440499288076135e-04
-9.522535365503371e-04
-8.259656089940577e-04
-9.449929248517211e-04
-2.934161518070864e-05
-3.969829363529950e-05
-9.494861024501410e-04
-8.291036099225023e-04
-9.228621989731545e-04
-8.366670770854235e-04
-8.045760485541111e-04
-8.243946870242066e-04
-9.546148169347730e-04
-9.551919294267215e-04
-9.601693639450419e-04
-3.047401592407373e-05
-2.730783886780424e-05
-2.888226256015482e-05
2.393652846538370e-04
2.440135844486223e-04
-8.218876883503683e-04
-9.509288911931611e-04
-8.307675094385288e-04
-9.686951771901438e-04
-8.315289039204219e-04
-9.390457685149659e-04
-9.363127423854705e-04
-8.113759725391482e-04
-9.643538571611399e-04
-8.810551451538363e-04
-9.123029877858161e-04
-8.070207599723077e-04
-9.295889827720115e-04
-3.250720814297249e-05
-3.720188136744006e-05
-7.900786056692079e-04
-9.511170731945201e-04
-7.084095807697340e-04
-7.934718129198875e-04
-9.454816587840800e-04
-3.396087449407092e-05
-9.324480159960242e-04
-7.990867367418558e-04
-7.462017194664857e-04
-7.245688327887777e-04
-5.524532723569252e-04
-9.477241940652733e-04
-7.593293052798897e-04
-8.235846928712577e-04
-6.292991101403846e-04
-9.457204627753410e-04
-9.571193167594695e-04
-9.448642359023616e-04
-7.729999043013917e-04
-7.903534499050493e-04
-8.604704236416449e-04
-9.483078521514955e-04
-9.404572892447430e-04
-3.679701452140190e-05
-3.422093955490445e-05
-9.391064381080407e-04
-9.390080096579476e-04
-8.666783419315035e-04
-7.420000310379138e-04
-9.009243610407188e-04
-3.616598064940772e-05
2.440317079854461e-04
-2.193998506415451e-05
-2.093623720092194e-05
1.180958602422914e-05
1.227827458268719e-05
5.816818810616421e-06
5.830907614820504e-06
2.438838075140733e-04
2.443018888214707e-04
-2.233994937847865e-05
-2.978495039688167e-05
-9.412638740553770e-04
-3.813694560339545e-05
-2.113302088833721e-05
2.413687928140958e-04
2.394196835853573e-04
-2.148067492419516e-05
-2.115534842771854e-05
2.422046147043584e-04
-3.036152152981600e-05
2.401560353466783e-04
2.434243452991510e-04
-2.962238080434797e-05
-2.781785209588379e-05
-2.351105462415905e-05
2.393206044215475e-04
-2.115799961858866e-05
2.452251386038219e-04
-2.156294416162139e-05
1.209847739817042e-05
1.169445014994652e-05
5.699938495928864e-06
-2.093465934571836e-05
2.466045245199136e-04
2.459336462094216e-04
-2.172068608400775e-05
2.407571761179303e-04
-3.660512907712952e-05
-2.146259316654345e-05
2.443371032626515e-04
-2.131417663423860e-05
1.214091935793749e-05
5.813437548727697e-06
5.855478187902739e-06
-2.140024253942014e-05
2.462098692925276e-04
-2.076568058021097e-05
-2.056949584579512e-05
2.444242820233346e-04
2.397591350357005e-04
-2.125040148222861e-05
2.427110703468607e-04
-2.108527896002726e-05
2.473263885889062e-04
1.201842043172971e-05
1.195119428991580e-05
5.872145443123557e-06
2.395376032736350e-04
-2.181912221756917e-05
-2.054091290564639e-05
1.162243064923948e-05
5.676609329563325e-06
5.892180345885253e-06
-2.130138675720081e-05
1.211029964618043e-05
5.831448799701844e-06
1.205102652310308e-05
1.169777350871283e-05
5.752366801201125e-06
5.956621837940656e-06
-2.054166981830581e-05
2.503528859414396e-04
-2.122357680320263e-05
-2.106410524208869e-05
2.394289694887680e-04
2.415630809468002e-04
-2.094203530943746e-05
2.409569508863743e-04
-2.121113660807312e-05
2.426951234805280e-04
2.416938979089698e-04
-2.199875767773669e-05
-2.100866962704488e-05
-2.127057100991617e-05
1.167239871644112e-05
5.914452995489932e-06
1.224665562778547e-05
5.721520468972818e-06
-2.022133616343941e-05
2.430363142927443e-04
-3.398984327971702e-05
-3.082136531675369e-05
2.412212397466180e-04
2.432033572934436e-04
-3.704763979172281e-05
-2.173703486960064e-05
2.444295174628300e-04
-3.179718690292663e-05
2.394888577715674e-04
2.413309572402445e-04
-3.812365645385396e-05
-9.363619391442405e-04
2.444663757834249e-04
2.412839261764840e-04
2.425575771221533e-04
-3.957372126202098e-05
-3.022610693169625e-05
2.380981796728885e-04
2.414228066953548e-04
1.182246386713164e-05
5.799134588836707e-06
-3.321685831581733e-05
-2.650890386273802e-05
2.385097960368956e-04
-2.921653824155086e-05
-9.489742659408774e-04
2.413814944253619e-04
2.400410902561392e-04
-2.163551921824000e-05
-2.157724072548147e-05
1.189831453243371e-05
1.173440977162906e-05
5.795325425382499e-06
1.207849265918557e-05
5.880285390186296e-06
2.430681723385565e-04
-2.109356829773393e-05
1.159438878785784e-05
1.230333854478781e-05
5.898744486975776e-06
2.451570292606911e-04
2.425400472817137e-04
-3.973825785335227e-05
-3.496654581949773e-05
2.418342862383943e-04
-2.143336771000350e-05
-2.167481715900060e-05
2.418324783640331e-04
-3.914972780303936e-05
-9.356625838530490e-04
-4.369434209848943e-05
2.526262885257941e-04
-3.448893142688721e-05
-3.204894176036781e-05
-9.490090010617195e-04
-9.534916274935636e-04
2.402498461469132e-04
-3.613166533332056e-05
2.424063655881787e-04
-3.344647230169967e-05
-9.556474208560719e-04
-9.630718376217005e-04
2.495580980668120e-04
-1.267016046841418e-03
-8.936399426753020e-04
-6.026513374031507e-04
-8.419781385567064e-04
2.415289460024659e-04
2.378353693465260e-04
-3.035679720612256e-05
2.389416686407818e-04
-2.109504508421322e-05
2.447525023546367e-04
2.457228405695434e-04
-2.163554784968588e-05
1.219950363248645e-05
1.189761975700859e-05
5.826468278828565e-06
-2.189617275784583e-05
-2.119792041224694e-05
1.174616306778547e-05
5.818479145485606e-06
1.187044784346184e-05
5.795990099574906e-06
1.221223398973704e-05
5.812080324621348e-06
5.760211481510498e-06
-2.202917095969829e-05
-2.123785428733950e-05
-2.162641737512015e-05
1.215547344774669e-05
5.828581955263402e-06
-2.061903124901991e-05
-2.190790445622972e-05
1.158474830282392e-05
5.743497236288156e-06
1.191776596499450e-05
1.166939023903911e-05
5.924471103938488e-06
1.203974893396319e-05
5.892216191201179e-06
5.736645434707823e-06
1.162972668394730e-05
5.684298101562913e-06
-2.097891792689286e-05
1.208868270863588e-05
5.768287962754407e-06
5.879104484372113e-06
1.152254628237662e-05
5.750786847598389e-06
-2.074020032444095e-05
-2.137499601892077e-05
1.199792185716875e-05
5.823046531120682e-06
1.185099200328335e-05
5.965919399609461e-06
1.213411500105476e-05
5.787490131914098e-06
-2.090868972165026e-05
-2.118498556225020e-05
1.165926281826056e-05
1.201915652479094e-05
5.863943174690178e-06
5.999691593709768e-06
-2.104860519311285e-05
-2.138999864532645e-05
1.179700400175072e-05
6.021580142115809e-06
1.219320380570323e-05
5.803659345333963e-06
5.818655173829762e-06
-2.186234492680100e-05
-2.169775929220355e-05
1.180105341014147e-05
1.164767285430303e-05
1.192119249835500e-05
5.828980070116943e-06
1.205306519048649e-05
1.161222118248144e-05
5.884265983998431e-06
5.924684188615459e-06
1.177365565228878e-05
1.165702573125268e-05
5.863834135046303e-06
-2.229214769730030e-05
-2.040046346072324e-05
5.740496281968847e-06
5.811741523518850e-06
1.177259608573695e-05
5.922966684499316e-06
2.422172593510442e-04
-2.050020649973577e-05
-2.090854195356347e-05
-2.908259964321308e-05
1.165545426310473e-05
5.944104357035543e-06
1.166117689068967e-05
5.663760929674625e-06
-2.161792922233915e-05
1.198835173906712e-05
-1.007786553951294e-03
-9.568631655734433e-04
-1.109814983065289e-03
-6.754451522519964e-04
-9.420178837548229e-04
1.174911196454307e-05
1.181246236361585e-05
5.920471521014871e-06
5.708863856549202e-06
1.203496296384125e-05
5.883713269190852e-06
1.170666418194841e-05
-2.091754755818417e-05
2.394971604817344e-04
1.194551304300654e-05
5.634814025117150e-06
-2.153784189800295e-05
1.197431625238720e-05
-2.086946430392394e-05
5.668228918442303e-06
5.887936660948163e-06
1.158997994604003e-05
1.156355207501874e-05
1.218929414629650e-05
1.183540417643196e-05
5.819602730899993e-06
5.676719894764580e-06
5.911676230197828e-06
1.171436404880613e-05
-2.166156343879252e-05
1.197769580067761e-05
1.217479312509136e-05
5.774933402021963e-06
5.780193000159808e-06
5.849941530187855e-06
1.221666568904179e-05
1.195247696614888e-05
-2.180498413836066e-05
-2.205382535431654e-05
2.501499340052924e-04
5.918459423147588e-06
5.865481750742611e-06
-2.155337859391752e-05
1.174533192426233e-05
1.223617392882029e-05
-2.131883306191860e-05
5.833973460644313e-06
5.783197578384192e-06
5.779809342504009e-06
1.223303423980754e-05
1.182090941733400e-05
-2.171706721403788e-05
2.413359901815991e-04
-2.159161047927516e-05
5.849459728023019e-06
5.854610967556601e-06
-1.092303882614917e-03
-1.179475249256996e-03
-1.093874433989068e-03
-1.018081569755978e-03
-1.128853292923052e-03
-1.175345406543793e-03
-1.273049537398731e-03
-1.149630248965761e-03
-8.121858452707672e-04
-9.384251153263263e-04
-7.766496704078564e-04
-9.425674192116037e-04
-3.181234451733686e-05
-3.609410337993222e-05
-2.088355167511447e-05
2.490326211797263e-04
2.401707458473314e-04
2.419930748663560e-04
-2.131925797281569e-05
1.191456538630867e-05
-2.131775401533951e-05
2.387425415093954e-04
5.672400815800018e-06
1.164019071291067e-05
5.885357527592460e-06
-2.152684157528861e-05
1.173792679539155e-05
-2.097052576598876e-05
5.985642146877889e-06
5.949407731145398e-06
1.170419240199394e-05
-2.114873920575156e-05
5.826768473670234e-06
5.944806721662164e-06
1.149355413998507e-05
1.159738561256124e-05
-2.173448763725601e-05
1.191099204792814e-05
-2.058606195803747e-05
5.653946312168814e-06
5.834033167270421e-06
5.918370836232979e-06

jacC  1  1102  double
1.086720908467687e+00
1.087423797956396e+00
1.090560137727546e+00
1.093738037860732e+00
1.090947702475351e+00
1.067101893679829e+00
1.072101244651262e+00
1.066690089309675e+00
1.073732707234266e+00
1.068375782681305e+00
1.068367064855079e+00
1.067026421582367e+00
1.055654135073523e+00
1.054903927548801e+00
1.066456389367389e+00
1.066450639180675e+00
1.067694743688888e+00
1.072740536002390e+00
1.068703433527788e+00
1.066797855058203e+00
1.067722205622049e+00
1.075701997480619e+00
1.055594142927635e+00
1.067385441968408e+00
1.067411664537488e+00
1.072341064505537e+00
1.070533561133928e+00
1.070026268506532e+00
1.076979507613075e+00
1.076652574449777e+00
1.069199742533648e+00
1.066925075220667e+00
1.067041264726463e+00
1.066291141607059e+00
1.055408922178095e+00
1.055455871952198e+00
1.066779669251686e+00
1.069157445968556e+00
1.067056734820374e+00
1.066418648493570e+00
1.065688581664666e+00
1.054668629622670e+00
1.066773432941709e+00
1.071028722363801e+00
1.066719268500102e+00
1.066196620770389e+00
1.066783432775343e+00
1.055326353439583e+00
1.065589646028544e+00
1.074945503860769e+00
1.078932948928928e+00
1.078089976807169e+00
1.075172234664950e+00
1.083004741713469e+00
1.081709522456036e+00
1.076628030827200e+00
1.085807712998743e+00
1.088038534826056e+00
1.083704428523486e+00
1.087507478514398e+00
1.085427989224929e+00
1.080889629059639e+00
1.081601636190101e+00
1.084634849971542e+00
1.089159968846614e+00
1.088606104203475e+00
1.090605582512321e+00
1.093806551149300e+00
1.093076086083382e+00
1.089612069763688e+00
1.101072222856510e+00
1.102158344703523e+00
1.101495668133372e+00
1.100133322731605e+00
1.101458095201068e+00
1.100278077088211e+00
1.080630236147626e+00
1.085261603715247e+00
1.078263343762456e+00
1.075736745812943e+00
1.077322220996645e+00
1.075930737504522e+00
1.083535658708663e+00
1.081278091935934e+00
1.090000340432409e+00
1.093338212664910e+00
1.098021227068708e+00
1.099990072458087e+00
1.092094779748714e+00
1.088529457093536e+00
1.091233195404893e+00
1.085611970230671e+00
1.085400795263449e+00
1.089133057189829e+00
1.075415864820170e+00
1.079149483436830e+00
1.075077424905288e+00
1.079247790745813e+00
1.083694431606773e+00
1.083572063653426e+00
1.069310742968081e+00
1.085638533807229e+00
1.089847171064598e+00
1.087396810968201e+00
1.091618180000296e+00
1.087830270740471e+00
1.101869537594666e+00
1.102556091547590e+00
1.101893437178273e+00
1.100927839745743e+00
1.101362516181182e+00
1.102303086947658e+00
1.100625204979434e+00
1.101290646259725e+00
1.083305882364560e+00
1.078304858394731e+00
1.082304659546858e+00
1.086532300348396e+00
1.087226735344288e+00
1.074166077587066e+00
1.100515718292380e+00
1.101216941369644e+00
1.102218732874046e+00
1.099662010722191e+00
1.100084922619471e+00
1.098212917916244e+00
1.100202427772125e+00
1.100095671289755e+00
1.099434568333506e+00
1.098558148254542e+00
1.098174206792381e+00
1.098355967078533e+00
1.099770446989287e+00
1.100157882667776e+00
1.098828514926810e+00
1.096464290715826e+00
1.095999191428897e+00
1.097687752040362e+00
1.097809027882147e+00
1.098501970216147e+00
1.098634457032976e+00
1.096585468038507e+00
1.096440220493604e+00
1.096170102294130e+00
1.093959727131883e+00
1.097627329100340e+00
1.099406836482519e+00
1.097322423620586e+00
1.079663028884030e+00
1.085990517655992e+00
1.081738746665077e+00
1.084484256227701e+00
1.082621822190772e+00
1.084935833901072e+00
1.083609384118712e+00
1.087834769460172e+00
1.086096522380352e+00
1.085694984550733e+00
1.088928874895444e+00
1.082905018118178e+00
1.076643629490373e+00
1.078885494825441e+00
1.074560413257168e+00
1.077714208544585e+00
1.091468136356858e+00
1.087714722137624e+00
1.094692936868224e+00
1.093543198222129e+00
1.090085186072816e+00
1.078512259642770e+00
1.076244714032385e+00
1.081492397598226e+00
1.073810051094060e+00
1.078154718703148e+00
1.092638010464074e+00
1.092333199318332e+00
1.089467059695852e+00
1.089488972755710e+00
1.095271905035638e+00
1.085634242480105e+00
1.085938782503048e+00
1.088888343937039e+00
1.075187291521627e+00
1.079822929715018e+00
1.078043643669444e+00
1.073883538933199e+00
1.068650223489754e+00
1.083293223413735e+00
1.081444840814750e+00
1.092391094460345e+00
1.091577898144044e+00
1.093663603414593e+00
1.090243767152009e+00
1.094762890990113e+00
1.095293971918489e+00
1.092385580888525e+00
1.092136471605088e+00
1.095065247741611e+00
1.095040372487413e+00
1.069346770769247e+00
1.074198556136231e+00
1.075041411581959e+00
1.068849563800046e+00
1.075717248967211e+00
1.084578601273464e+00
1.086073063856248e+00
1.088782555663249e+00
1.090065667753777e+00
1.086869773602532e+00
1.078516244541772e+00
1.076120408083571e+00
1.074155922250989e+00
1.075781181849048e+00
1.067825384191005e+00
1.056078285050994e+00
1.055264016301395e+00
1.066692834592999e+00
1.066598600572472e+00
1.066202079206067e+00
1.055344134474718e+00
1.067740017915985e+00
1.055281709829970e+00
1.066212670272569e+00
1.066570809742709e+00
1.066370623111867e+00
1.077196439834968e+00
1.075199385297888e+00
1.079606088630376e+00
1.067402229586255e+00
1.070434608841949e+00
1.067741551212164e+00
1.071982594730688e+00
1.070646147483869e+00
1.069820524306626e+00
1.067851132201934e+00
1.067509669078736e+00
1.066664854209139e+00
1.068560418915216e+00
1.066957340481519e+00
1.055453699204272e+00
1.055266494754037e+00
1.066020247356750e+00
1.054819278994169e+00
1.096564745070790e+00
1.097373437543459e+00
1.098900664964776e+00
1.099867532614673e+00
1.100674012750312e+00
1.099430800130459e+00
1.094878076462762e+00
1.096286852566187e+00
1.097141968860362e+00
1.098679013005579e+00
1.099257479493536e+00
1.094461061402701e+00
1.093315090465557e+00
1.066761362933371e+00
1.054479440467146e+00
1.066172883299382e+00
1.054781484093606e+00
1.065999756728832e+00
1.056169316620655e+00
1.054656471458324e+00
1.066553863804135e+00
1.055278236057458e+00
1.066625562441302e+00
1.066622156022543e+00
1.066465883795795e+00
1.102519160983521e+00
1.102664650979550e+00
1.102688334478640e+00
1.102265897624578e+00
1.077501692768726e+00
1.082051087044767e+00
1.077189776108764e+00
1.073268197276706e+00
1.074646183487176e+00
1.078956659814371e+00
1.075346140540870e+00
1.075872280533867e+00
1.079741802277159e+00
1.069553288279774e+00
1.089396448563097e+00
1.090385492831853e+00
1.092888324089836e+00
1.093595737475573e+00
1.083463898697221e+00
1.084747819988166e+00
1.080245674334205e+00
1.081481720007433e+00
1.075312984349930e+00
1.076290127480009e+00
1.096363605929061e+00
1.093975328144186e+00
1.091067784668848e+00
1.092641586344513e+00
1.090301128625336e+00
1.093595898894640e+00
1.095702418183757e+00
1.090961625099409e+00
1.095855772038080e+00
1.096284000097659e+00
1.098247542283942e+00
1.097540535534509e+00
1.096150802298928e+00
1.098394749950324e+00
1.071043134884180e+00
1.077080380553506e+00
1.081490232211874e+00
1.080823800262766e+00
1.077098090542177e+00
1.076491599984820e+00
1.102255313116824e+00
1.101400104337713e+00
1.102087239228169e+00
1.101363832284789e+00
1.100953604245868e+00
1.096470863141715e+00
1.096016965268573e+00
1.097657095564254e+00
1.098388330738365e+00
1.099754990849799e+00
1.097984769722655e+00
1.099268553854595e+00
1.099954141945639e+00
1.097016323790706e+00
1.095501729683228e+00
1.095468882651552e+00
1.096377839527938e+00
1.093434829653784e+00
1.094529676450787e+00
1.095018577602182e+00
1.091772565281143e+00
1.091326929215367e+00
1.089977112881644e+00
1.088302001594042e+00
1.085748307985147e+00
1.089836409453393e+00
1.081833172351809e+00
1.084009609770335e+00
1.087682530831845e+00
1.083929850106817e+00
1.084021096281593e+00
1.087513647911449e+00
1.079558447549954e+00
1.079237400617922e+00
1.075480886329626e+00
1.094485971662551e+00
1.092683474562487e+00
1.097229351992395e+00
1.095739725054506e+00
1.092399320497973e+00
1.094220792375543e+00
1.090858568035199e+00
1.093405400284563e+00
1.088768931199888e+00
1.092353903918074e+00
1.069850015605820e+00
1.075536710198401e+00
1.079502419418564e+00
1.075298851706510e+00
1.069647620383292e+00
1.069238277669803e+00
1.083367097762114e+00
1.079470405171230e+00
1.087421566441601e+00
1.084086253281892e+00
1.084224382011743e+00
1.079780172500695e+00
1.096390696979592e+00
1.098465991365841e+00
1.096223274727726e+00
1.093850854342244e+00
1.080807626498926e+00
1.085476301738802e+00
1.082598768881138e+00
1.083478076152362e+00
1.078629003318789e+00
1.077327207454842e+00
1.098749357584063e+00
1.099280443339053e+00
1.097188350127112e+00
1.097443453755060e+00
1.067911103871825e+00
1.066747029520079e+00
1.055107147179558e+00
1.055090946917545e+00
1.066185856152263e+00
1.068918455058018e+00
1.066156548377145e+00
1.077006189841368e+00
1.078358348211683e+00
1.082214307702794e+00
1.084900499965656e+00
1.080080653457001e+00
1.082985969486123e+00
1.084548738774354e+00
1.079708396915922e+00
1.075115060039756e+00
1.073701050609460e+00
1.077879417953999e+00
1.083153049687728e+00
1.087016881085823e+00
1.087714400253009e+00
1.082870838290514e+00
1.083804691694361e+00
1.077726929543210e+00
1.081254145310292e+00
1.087515118036692e+00
1.087086966716876e+00
1.083727309584270e+00
1.090787006973334e+00
1.092002861885245e+00
1.095207532541896e+00
1.093267843886025e+00
1.090806408706836e+00
1.101287397538412e+00
1.100817078116824e+00
1.101795426560586e+00
1.100562424695303e+00
1.101818859873630e+00
1.091835816814890e+00
1.095059852768507e+00
1.093065881527230e+00
1.088106075517979e+00
1.089610966602560e+00
1.085934135180487e+00
1.083833696018263e+00
1.089100154639009e+00
1.084839511859597e+00
1.076816561145265e+00
1.080160958388931e+00
1.082142937966397e+00
1.081394035760392e+00
1.082108727571857e+00
1.077250960868769e+00
1.070161090059580e+00
1.076750130674788e+00
1.080241737721844e+00
1.083271904779358e+00
1.086352402246600e+00
1.078282549916624e+00
1.087302950212510e+00
1.091222960961845e+00
1.087848774714081e+00
1.091073853489116e+00
1.093673376233324e+00
1.094093684113858e+00
1.086793714079443e+00
1.082579416758994e+00
1.081052506136850e+00
1.085458409655491e+00
1.083557706492371e+00
1.078725077597292e+00
1.077399719634254e+00
1.086434997162562e+00
1.090380880647574e+00
1.089126065388469e+00
1.087253090886867e+00
1.091153899013490e+00
1.090811071988642e+00
1.087396702515539e+00
1.090675869978279e+00
1.086972668160670e+00
1.093744185123179e+00
1.075540895523771e+00
1.079332156471382e+00
1.079439011130925e+00
1.069322437628977e+00
1.069376877039170e+00
1.075095492604393e+00
1.083859409639063e+00
1.068180369101644e+00
1.073054394385982e+00
1.069416011198689e+00
1.066828345998941e+00
1.066858094417706e+00
1.055741360633457e+00
1.067176603315229e+00
1.066249601564821e+00
1.068794908149113e+00
1.066824148952482e+00
1.054587265312122e+00
1.054672682440430e+00
1.072517241441287e+00
1.067165937057507e+00
1.074506537219948e+00
1.069213612455340e+00
1.074165773430786e+00
1.069428674525619e+00
1.075652213152997e+00
1.076282747386300e+00
1.078489072913332e+00
1.055562928672484e+00
1.066628668114866e+00
1.055145157394066e+00
1.066863631045143e+00
1.066456781491453e+00
1.068999133416569e+00
1.067678254441649e+00
1.070082562901630e+00
1.075105460120185e+00
1.067360170852814e+00
1.055852457933785e+00
1.066892986013731e+00
1.055093715448987e+00
1.055242516119543e+00
1.067145627441068e+00
1.066951658845442e+00
1.055493023126944e+00
1.055301823483457e+00
1.055202627871737e+00
1.066900753030522e+00
1.066863159124601e+00
1.069295610464028e+00
1.074863776809466e+00
1.068839056979589e+00
1.067930019582529e+00
1.055418764533343e+00
1.066820752782925e+00
1.067084570540258e+00
1.055405633444556e+00
1.066537370764952e+00
1.067098294538537e+00
1.067113884646397e+00
1.055456563656007e+00
1.055451163877109e+00
1.069622440260303e+00
1.055406310574027e+00
1.066499491235433e+00
1.029691015701611e+00
1.029755678182686e+00
1.066526924843403e+00
9.927270392907582e-01
1.068737467270353e+00
1.074426850398743e+00
1.072341732008276e+00
1.076233682725107e+00
1.078877224226578e+00
1.067365297294620e+00
1.055195991424744e+00
1.055468530942000e+00
1.066862728632748e+00
1.054952838661041e+00
1.066601154841310e+00
1.055366443645967e+00
1.029865793584863e+00
1.066442851412517e+00
1.066653596645065e+00
1.029829990082408e+00
1.055053188007214e+00
1.055151357481260e+00
1.066508534266957e+00
1.066371465103912e+00
1.029457742290387e+00
1.029836746317005e+00
9.926627862295792e-01
1.066127765690562e+00
1.066657537100330e+00
1.054613333040804e+00
1.055414645816722e+00
1.066659458048337e+00
1.067548186950778e+00
1.065721271508384e+00
1.066459158361914e+00
1.067055297909550e+00
1.073928884100382e+00
1.067854615160592e+00
1.001788171364183e+00
1.001773044823709e+00
9.995439579003444e-01
9.995274692982543e-01
1.000228172730040e+00
9.995291713045528e-01
1.000228567351656e+00
1.000228374883087e+00
1.066175858490604e+00
1.067721731926904e+00
1.074352291545368e+00
1.072837680938779e+00
1.066617364540454e+00
1.067592091623468e+00
1.074017528017345e+00
1.070305726082805e+00
1.069042387930253e+00
1.067368998927369e+00
1.069393998217445e+00
1.066482360870653e+00
1.066669026396038e+00
1.055209496613103e+00
1.066493226611291e+00
1.072993964928470e+00
1.068201710574175e+00
1.067711658012660e+00
1.071169821977925e+00
1.066538883487081e+00
1.066768566655758e+00
1.067545101000477e+00
1.066585413887944e+00
1.066735270567538e+00
1.069391186651185e+00
1.066532391565167e+00
1.066360200411382e+00
1.029762593964106e+00
1.055276665595541e+00
1.055754471297968e+00
1.029637126805077e+00
1.066439328641688e+00
1.066557209320028e+00
1.029602390182420e+00
1.066447940306942e+00
1.066635883685589e+00
1.029777835530377e+00
1.066785172722350e+00
1.054643272559632e+00
1.054928779804915e+00
1.029805343231131e+00
1.066511482903093e+00
1.029590845351580e+00
9.926638239348414e-01
1.029786477544661e+00
1.066617832234956e+00
1.066334516258493e+00
1.029527078901934e+00
1.055244737488277e+00
1.029683831544696e+00
1.066787682618282e+00
1.029856733725440e+00
1.066382271644026e+00
1.029666912264132e+00
9.926937399612390e-01
1.029995685902416e+00
1.066372451966555e+00
1.029626679270533e+00
9.927734262880962e-01
9.927204546197791e-01
1.066622268435740e+00
1.029487297797540e+00
1.055771277519663e+00
1.066521561352407e+00
1.066244354779154e+00
1.029709501779646e+00
1.029978445838233e+00
1.066525132144055e+00
1.029670831873517e+00
1.066400397215526e+00
1.029944195343272e+00
1.029679214774130e+00
1.066630681904929e+00
1.066334875708992e+00
1.055083013210904e+00
1.055891302488540e+00
1.066673279225487e+00
1.029704880014896e+00
1.066436442295997e+00
1.029726935708030e+00
9.927971110860024e-01
9.927476328748123e-01
1.029810906571852e+00
1.029901694854040e+00
9.927543128672515e-01
9.926771676623367e-01
9.926291997853801e-01
1.030018574763268e+00
1.029710478912550e+00
1.029577292838290e+00
1.029898469839898e+00
9.927319723189999e-01
9.927230819609028e-01
1.029472478870670e+00
1.029480029197441e+00
1.029783273599969e+00
9.927676775839415e-01
9.927167334718411e-01
1.001752617507155e+00
1.066280950580999e+00
1.029457267339793e+00
1.055059437811769e+00
1.055388589736341e+00
1.066670666134051e+00
1.066330232759061e+00
1.066478160078237e+00
1.029737024679259e+00
1.066678646746744e+00
1.055051169805412e+00
1.054772730613633e+00
1.066684555693954e+00
1.029631327931435e+00
1.066514537405775e+00
1.066636137408179e+00
1.055495767605490e+00
1.066276812618639e+00
1.029575129845860e+00
1.030349292632655e+00
1.066629293146903e+00
1.055255205836320e+00
1.066913739147098e+00
1.055457430120429e+00
1.067076131517436e+00
1.055279353583768e+00
1.066442892296323e+00
1.066570446907831e+00
1.066525393625743e+00
1.029570466622596e+00
1.029575329483950e+00
1.029516443334355e+00
9.927175314259068e-01
9.928324180653848e-01
1.055377845920372e+00
1.066476949545003e+00
1.055344129610014e+00
1.066699971519014e+00
1.055432247119159e+00
1.066352090377554e+00
1.066847404988468e+00
1.055473029055025e+00
1.067559698762125e+00
1.055563322458261e+00
1.066702346180486e+00
1.055262772858742e+00
1.066372883597552e+00
1.029739278565114e+00
1.029657458698123e+00
1.055091383611065e+00
1.066563164420357e+00
1.066706468941685e+00
1.055108695172858e+00
1.066550173229303e+00
1.029776786759882e+00
1.066543799490613e+00
1.055296736727536e+00
1.054545364992346e+00
1.066344640416847e+00
1.065463104659324e+00
1.066749365381943e+00
1.054878319854188e+00
1.055419174828948e+00
1.066484302017598e+00
1.066895127966617e+00
1.066575256663777e+00
1.066775753728265e+00
1.066616903852120e+00
1.055243509473003e+00
1.055390152172601e+00
1.066829661798276e+00
1.066442782675547e+00
1.029922653064303e+00
1.029730471990408e+00
1.066572064984941e+00
1.066483331804771e+00
1.055649436917238e+00
1.068629445052243e+00
1.066828894552023e+00
1.029721645533984e+00
9.926894540514498e-01
1.001772010629015e+00
1.001790536454622e+00
9.995330504204900e-01
9.995426230620658e-01
1.000227385085027e+00
1.000226927826530e+00
9.927856042057274e-01
9.927067800652845e-01
1.001744900105106e+00
1.029535251049799e+00
1.066486917999995e+00
1.029810494971062e+00
1.001783618295606e+00
9.926975531663661e-01
9.926596005699179e-01
1.001785377569417e+00
1.001777949887599e+00
9.927603875843077e-01
1.029576409895652e+00
9.927021488144177e-01
9.928416343858906e-01
1.029673924474762e+00
1.029602135179206e+00
1.029451282807958e+00
9.927296175325510e-01
1.001781921533627e+00
9.927860725188647e-01
1.001778097192087e+00
9.995443341603615e-01
9.995301243679316e-01
1.000227115995134e+00
1.001785288333613e+00
9.928328613119299e-01
9.927659848978112e-01
1.001782533211804e+00
9.926342456539468e-01
1.029858147053808e+00
1.001787185660991e+00
9.927606823983097e-01
1.001787963805673e+00
9.995415074992149e-01
1.000226338315312e+00
1.000228616732442e+00
1.001776244542673e+00
9.928402068503476e-01
1.001776280422514e+00
1.001801908312077e+00
9.928047357473037e-01
9.927025808909027e-01
1.001804929178861e+00
9.926215079379852e-01
1.001783051239312e+00
9.928169530809908e-01
9.995390336817263e-01
9.995352675493225e-01
1.000226930082745e+00
9.926502085552960e-01
1.001771940382689e+00
1.001772668542440e+00
9.995319971974033e-01
1.000226209080136e+00
1.000228751279672e+00
1.001790849365356e+00
9.995425766300194e-01
1.000227770844574e+00
9.995414347621356e-01
9.995274160593366e-01
1.000228417926652e+00
1.000229433880011e+00
1.001814977894356e+00
9.928446205505850e-01
1.001758799315889e+00
1.001771626892613e+00
9.927299949789485e-01
9.926948613102781e-01
1.001787160346444e+00
9.926748006036173e-01
1.001786806339533e+00
9.927629200993615e-01
9.926185202975437e-01
1.001785211268058e+00
1.001789999311551e+00
1.001764714848361e+00
9.995331723294194e-01
1.000228692909682e+00
9.995458678019480e-01
1.000226292303617e+00
1.001810308037608e+00
9.926912613309121e-01
1.029719825456705e+00
1.029801256476951e+00
9.926969366303126e-01
9.927204568042048e-01
1.029787306678464e+00
1.001770678260884e+00
9.927297906020049e-01
1.029644390895259e+00
9.926437729017327e-01
9.927824651690674e-01
1.029817154713317e+00
1.066390312860903e+00
9.927226517480197e-01
9.926684280262762e-01
9.928422422455832e-01
1.029685506686283e+00
1.029613685263872e+00
9.926722500358892e-01
9.927315722277428e-01
9.995348119624909e-01
1.000230695501638e+00
1.029736333178431e+00
1.029468994302824e+00
9.927119077288029e-01
1.029708547058809e+00
1.066690793846250e+00
9.927672682731752e-01
9.926940615698551e-01
1.001773957267951e+00
1.001778390143147e+00
9.995358762052623e-01
9.995306007067406e-01
1.000230341171515e+00
9.995413670213507e-01
1.000229117290608e+00
9.926532971718632e-01
1.001785787048146e+00
9.995299481823694e-01
9.995436535277777e-01
1.000227859259143e+00
9.927764551177274e-01
9.926388335216575e-01
1.029913346193894e+00
1.029757058877470e+00
9.927459525003437e-01
1.001803766610618e+00
1.001788225027718e+00
9.926821647229275e-01
1.030391418791228e+00
1.066393771312373e+00
1.029964837519782e+00
9.928044963757223e-01
1.029818414327637e+00
1.029684853137003e+00
1.066475653469691e+00
1.066692672236929e+00
9.926811627319042e-01
1.029834096505086e+00
9.926659385994859e-01
1.030299613800179e+00
1.066378216760270e+00
1.066617055108790e+00
9.928457445587622e-01
1.070401714149620e+00
1.066983037716518e+00
1.067920568880063e+00
1.055594088480410e+00
9.927429967144449e-01
9.926772009565732e-01
1.029600357778543e+00
9.926685438438095e-01
1.001775847546482e+00
9.927265626226722e-01
9.927339556416456e-01
1.001783915257432e+00
9.995419489736308e-01
9.995351860240148e-01
1.000226390516950e+00
1.001761954444123e+00
1.001799990950370e+00
9.995310974851979e-01
1.000230370226420e+00
9.995287794369693e-01
1.000227901554287e+00
9.995448562470360e-01
1.000228233949297e+00
1.000226638697097e+00
1.001780254434600e+00
1.001771698399055e+00
1.001803641425001e+00
9.995460203135337e-01
1.000228045153442e+00
1.001783439030310e+00
1.001784861409131e+00
9.995336791976449e-01
1.000226212534645e+00
9.995403796406663e-01
9.995338548171920e-01
1.000227799696117e+00
9.995434377170150e-01
1.000227504889048e+00
1.000226631220191e+00
9.995301461865579e-01
1.000227636558930e+00
1.001782713283170e+00
9.995429083859029e-01
1.000226124312573e+00
1.000228845071211e+00
9.995327090434978e-01
1.000229636615801e+00
1.001781233753646e+00
1.001757334043015e+00
9.995423603879812e-01
1.000228185329995e+00
9.995438898329458e-01
1.000229124098486e+00
9.995445453583429e-01
1.000227066683884e+00
1.001795718872559e+00
1.001764180953731e+00
9.995303175189097e-01
9.995447414465876e-01
1.000226255702883e+00
1.000228651737658e+00
1.001766738456047e+00
1.001790269351392e+00
9.995334704367405e-01
1.000229801613432e+00
9.995421324878061e-01
1.000228883523253e+00
1.000227958668682e+00
1.001772190675959e+00
1.001797545632498e+00
9.995276818584359e-01
9.995309617148542e-01
9.995394781032371e-01
1.000224306277009e+00
9.995444330626979e-01
9.995324726405591e-01
1.000227197853862e+00
1.000230403536423e+00
9.995363242909978e-01
9.995389354507042e-01
1.000227548256429e+00
1.001738566498718e+00
1.001796332570904e+00
1.000227026639035e+00
1.000230551192249e+00
9.995433025524320e-01
1.000228882426704e+00
9.928109952741898e-01
1.001764635624201e+00
1.001774802859700e+00
1.029579228067205e+00
9.995311322540066e-01
1.000229309570420e+00
9.995311900995132e-01
1.000227214981776e+00
1.001772365820147e+00
9.995418273551959e-01
1.071645095670770e+00
1.073918079621010e+00
1.075120023439380e+00
1.068059803917468e+00
1.069280666462430e+00
9.995340921105348e-01
9.995328300239062e-01
1.000231406146740e+00
1.000226884699297e+00
9.995387411091272e-01
1.000227092599976e+00
9.995338579894629e-01
1.001785072165210e+00
9.927330738080018e-01
9.995428177125704e-01
1.000225974130362e+00
1.001772004231148e+00
9.995427919178240e-01
1.001769560086312e+00
1.000227015432190e+00
1.000228306664325e+00
9.995337204060386e-01
9.995311073630981e-01
9.995386785072277e-01
9.995355665762372e-01
1.000227272190034e+00
1.000226539249784e+00
1.000229923900029e+00
9.995324204016980e-01
1.001785266998737e+00
9.995334808449272e-01
9.995425912026467e-01
1.000226630880318e+00
1.000230721885003e+00
1.000229026476571e+00
9.995437228785528e-01
9.995276744173094e-01
1.001793380592478e+00
1.001799984115974e+00
9.927536439043260e-01
1.000228800110486e+00
1.000228634060852e+00
1.001791366604275e+00
9.995302080181562e-01
9.995455723562049e-01
1.001780272535408e+00
1.000228430222957e+00
1.000227534041254e+00
1.000226737204570e+00
9.995412914313007e-01
9.995319769000524e-01
1.001792900696234e+00
9.926763944459605e-01
1.001760918272287e+00
1.000228319856933e+00
1.000229595761593e+00
1.067534294441297e+00
1.072393008145304e+00
1.067774805571847e+00
1.067909960026968e+00
1.075276033776964e+00
1.077604108564838e+00
1.075490398890284e+00
1.068644593444326e+00
1.065858845055354e+00
1.066772908452728e+00
1.055127925397254e+00
1.066412200824974e+00
1.030142748412339e+00
1.029753397698440e+00
1.001749110890714e+00
9.928653408237256e-01
9.927180905340903e-01
9.927378932359555e-01
1.001778687762187e+00
9.995378032988385e-01
1.001785819156508e+00
9.926581628852562e-01
1.000224848007062e+00
9.995309569680288e-01
1.000230494912249e+00
1.001764072711511e+00
9.995292227930397e-01
1.001817372460996e+00
1.000228493696052e+00
1.000228715955426e+00
9.995338909149830e-01
1.001770111154813e+00
1.000227402850025e+00
1.000231044397126e+00
9.995336841039756e-01
9.995319641752602e-01
1.001761976353983e+00
9.995441896523345e-01
1.001780424073478e+00
1.000226422049018e+00
1.000227725620913e+00
1.000229059701790e+00
