# vtk DataFile Version 4.0
vtk output
ASCII
DATASET UNSTRUCTURED_GRID

POINTS 1102 float
1.789497339555959e-02 -2.582573947584362e-01 0.000000000000000e+00 
-1.588982043613666e-02 -2.529049646365490e-01 0.000000000000000e+00 
5.615763538541122e-03 -2.263255045133770e-01 0.000000000000000e+00 
-6.650121512379888e-03 -1.944110225976159e-01 0.000000000000000e+00 
-2.815617178347266e-02 -2.209908482848764e-01 0.000000000000000e+00 
3.455611224046924e-01 -1.978901354747473e-01 0.000000000000000e+00 
3.072105756781886e-01 -1.859277148802892e-01 0.000000000000000e+00 
3.137759310004164e-01 -2.190152775987240e-01 0.000000000000000e+00 
2.831108765982312e-01 -2.103734234579132e-01 0.000000000000000e+00 
2.904332882449574e-01 -2.396188776969916e-01 0.000000000000000e+00 
-1.714737734363024e-01 -3.500470407761290e-01 0.000000000000000e+00 
-1.479794706358268e-01 -3.739040828906162e-01 0.000000000000000e+00 
-1.743758879495856e-01 -3.930560388822356e-01 0.000000000000000e+00 
-1.425962897773875e-01 -4.056677188805184e-01 0.000000000000000e+00 
-1.709907040492967e-01 -4.307332387487302e-01 0.000000000000000e+00 
-2.045348514899436e-01 -4.149787183913924e-01 0.000000000000000e+00 
1.294885896855122e-01 -3.736047304974192e-01 0.000000000000000e+00 
1.148197073009292e-01 -3.386193131547024e-01 0.000000000000000e+00 
8.693007554040703e-02 -3.580891118452630e-01 0.000000000000000e+00 
1.014020149289707e-01 -3.878278953806382e-01 0.000000000000000e+00 
1.530199946998290e-01 -3.474581255130756e-01 0.000000000000000e+00 
7.686224462237724e-02 -3.283630829599708e-01 0.000000000000000e+00 
1.263556179653071e-01 -4.110161284044768e-01 0.000000000000000e+00 
-2.821375518687942e-01 2.775552674877990e-01 0.000000000000000e+00 
-2.556314725111622e-01 3.031462229188028e-01 0.000000000000000e+00 
-2.673491350655138e-01 2.393211479346938e-01 0.000000000000000e+00 
-2.456187619987152e-01 2.655375537327070e-01 0.000000000000000e+00 
-2.244085029865228e-01 2.896443831164656e-01 0.000000000000000e+00 
-2.336817344501816e-01 2.315119053313502e-01 0.000000000000000e+00 
-2.121428592829170e-01 2.577296323431532e-01 0.000000000000000e+00 
-3.328596101671882e-01 -1.687662251315762e-01 0.000000000000000e+00 
-3.682605425838832e-01 -1.582729149960578e-01 0.000000000000000e+00 
-3.785160430739592e-01 -1.281669263060422e-01 0.000000000000000e+00 
-3.562652602421824e-01 -1.889510342969846e-01 0.000000000000000e+00 
-3.895113692761740e-01 -1.821562329556692e-01 0.000000000000000e+00 
-4.027524042555524e-01 -1.506336644524461e-01 0.000000000000000e+00 
3.853175501220352e-01 1.084054208364484e-01 0.000000000000000e+00 
3.650037489621146e-01 7.662756824244758e-02 0.000000000000000e+00 
3.781671306245102e-01 4.718818428907056e-02 0.000000000000000e+00 
3.960365331216446e-01 7.643562849302422e-02 0.000000000000000e+00 
4.057715303249744e-01 4.863992281044872e-02 0.000000000000000e+00 
4.245713970326234e-01 6.811115049510254e-02 0.000000000000000e+00 
3.925091757612502e-01 -7.924337771340814e-02 0.000000000000000e+00 
3.575272682894160e-01 -7.310408242526494e-02 0.000000000000000e+00 
3.684441303722560e-01 -1.047003554918478e-01 0.000000000000000e+00 
3.803221257427210e-01 -1.361350582242769e-01 0.000000000000000e+00 
3.635857072679242e-01 -1.658921529070257e-01 0.000000000000000e+00 
3.964453175331288e-01 -1.665266050997756e-01 0.000000000000000e+00 
3.939275508564320e-01 -1.117017505852071e-01 0.000000000000000e+00 
-1.139007656433601e-01 -3.258135883587118e-01 0.000000000000000e+00 
-9.261416170978638e-02 -3.004718384237554e-01 0.000000000000000e+00 
-1.264456679446914e-01 -2.954009563854610e-01 0.000000000000000e+00 
-8.034314922605970e-02 -3.326018863168366e-01 0.000000000000000e+00 
-1.049299417870538e-01 -2.687733166241350e-01 0.000000000000000e+00 
-1.387119229269020e-01 -2.634806980359226e-01 0.000000000000000e+00 
-1.602179813607238e-01 -2.900605794491156e-01 0.000000000000000e+00 
-1.108273468921474e-01 2.417249816645138e-01 0.000000000000000e+00 
-7.705572825167850e-02 2.363888379140766e-01 0.000000000000000e+00 
-8.932227281328935e-02 2.682990803225502e-01 0.000000000000000e+00 
-1.323334212721462e-01 2.151451876366290e-01 0.000000000000000e+00 
-1.876113009464176e-01 1.939002349228038e-01 0.000000000000000e+00 
-1.998770984592873e-01 2.258150130159956e-01 0.000000000000000e+00 
-2.213831303676814e-01 1.992351079209771e-01 0.000000000000000e+00 
-1.661052506934057e-01 2.204800606348042e-01 0.000000000000000e+00 
-1.753455217781681e-01 1.619855362126295e-01 0.000000000000000e+00 
-1.538394715251577e-01 1.885653619246302e-01 0.000000000000000e+00 
-9.512184748708963e-03 2.257205266568594e-01 0.000000000000000e+00 
2.753652707639706e-03 1.938057655292226e-01 0.000000000000000e+00 
-3.101800954187080e-02 1.991403393243266e-01 0.000000000000000e+00 
-4.328377914141416e-02 2.310550727760572e-01 0.000000000000000e+00 
5.181711134630970e-02 6.614701027123000e-02 0.000000000000000e+00 
3.031101382575108e-02 3.956707594095792e-02 0.000000000000000e+00 
6.408283564907678e-02 3.423221133537504e-02 0.000000000000000e+00 
8.558889678038742e-02 6.081204264223584e-02 0.000000000000000e+00 
1.804525866605061e-02 7.148175133754039e-02 0.000000000000000e+00 
9.785465951978276e-02 2.889733333491936e-02 0.000000000000000e+00 
-3.043818879460282e-01 2.506596769291154e-03 0.000000000000000e+00 
-2.706099938749832e-01 -2.828291057550960e-03 0.000000000000000e+00 
-3.166476024644938e-01 3.442128065079772e-02 0.000000000000000e+00 
-3.380482754014452e-01 7.756152532452580e-03 0.000000000000000e+00 
-3.258704654355302e-01 -2.408742200112464e-02 0.000000000000000e+00 
-3.289133816327420e-01 6.633597936097260e-02 0.000000000000000e+00 
-2.828757730432318e-01 2.908640765262360e-02 0.000000000000000e+00 
-2.951415793869372e-01 6.100111006802988e-02 0.000000000000000e+00 
-1.877750477807188e-01 -1.358219588964183e-01 0.000000000000000e+00 
-1.662690814545380e-01 -1.092420899334495e-01 0.000000000000000e+00 
-6.495345529541430e-02 -1.252465794592816e-01 0.000000000000000e+00 
-4.344744979582382e-02 -9.866682929461627e-02 0.000000000000000e+00 
-1.845857928629314e-01 1.034910117904543e-01 0.000000000000000e+00 
-2.183576428055158e-01 1.088258646121501e-01 0.000000000000000e+00 
-2.060918431159442e-01 7.691118607845319e-02 0.000000000000000e+00 
-2.091173511994306e-01 1.673204092108029e-01 0.000000000000000e+00 
-2.306234014524434e-01 1.407405834988012e-01 0.000000000000000e+00 
-1.968515720311808e-01 1.354057105006287e-01 0.000000000000000e+00 
-3.221277880495916e-01 -1.142073710964758e-01 0.000000000000000e+00 
-3.012838230290448e-01 -8.788016620122641e-02 0.000000000000000e+00 
-3.100812155819546e-01 -1.461806880161664e-01 0.000000000000000e+00 
-2.890905968346588e-01 -1.198172739807399e-01 0.000000000000000e+00 
-2.675724999914668e-01 -9.323362578876802e-02 0.000000000000000e+00 
-2.553187066232390e-01 -1.251522129000731e-01 0.000000000000000e+00 
-3.436667259127136e-01 -1.377454010572389e-01 0.000000000000000e+00 
-2.613697301759244e-01 5.566622747234742e-02 0.000000000000000e+00 
-2.275978686362538e-01 5.033134035492998e-02 0.000000000000000e+00 
-2.398637166138448e-01 8.224603795436786e-02 0.000000000000000e+00 
-2.153321142007078e-01 1.841666165627743e-02 0.000000000000000e+00 
-2.491039436219700e-01 2.375153465445030e-02 0.000000000000000e+00 
3.333651302847594e-02 -5.084211254829792e-02 0.000000000000000e+00 
2.107069174813110e-02 -1.892744933093222e-02 0.000000000000000e+00 
5.484255051862210e-02 -2.426231137977622e-02 0.000000000000000e+00 
6.710831546403660e-02 -5.617700873002346e-02 0.000000000000000e+00 
7.634857142240484e-02 2.317503382898552e-03 0.000000000000000e+00 
4.257674200114238e-02 7.652376381069894e-03 0.000000000000000e+00 
4.560233369134200e-02 -8.275679712113768e-02 0.000000000000000e+00 
1.183042066336860e-02 -7.742197375310816e-02 0.000000000000000e+00 
-2.798165235871688e-01 -6.132006306025304e-02 0.000000000000000e+00 
-3.135030121887496e-01 -5.599817209534134e-02 0.000000000000000e+00 
-2.920878361204328e-01 -2.941164355691666e-02 0.000000000000000e+00 
-2.583443142291482e-01 -3.474293695773356e-02 0.000000000000000e+00 
-2.460784355384836e-01 -6.665768847789912e-02 0.000000000000000e+00 
-3.466958749965810e-01 -5.070056551190644e-02 0.000000000000000e+00 
-9.251057568390784e-02 2.899186837375774e-02 0.000000000000000e+00 
-8.024476236251377e-02 -2.922825589654094e-03 0.000000000000000e+00 
-4.647296709439350e-02 -8.257703334588277e-03 0.000000000000000e+00 
-1.140166005989020e-01 2.412056995725696e-03 0.000000000000000e+00 
-1.017508585269688e-01 -2.950263186952244e-02 0.000000000000000e+00 
1.070948915815396e-01 8.739184605579801e-02 0.000000000000000e+00 
5.779404496390768e-03 1.033964725115911e-01 0.000000000000000e+00 
3.955123391765848e-02 9.806159951341954e-02 0.000000000000000e+00 
7.332310166944050e-02 9.272696916195568e-02 0.000000000000000e+00 
2.728545474940214e-02 1.299762982235934e-01 0.000000000000000e+00 
6.105728417069944e-02 1.246414252254097e-01 0.000000000000000e+00 
2.590149578579836e-03 -1.359164981752850e-01 0.000000000000000e+00 
2.409620833631456e-02 -1.093366785012320e-01 0.000000000000000e+00 
-9.675629589641604e-03 -1.040017994651094e-01 0.000000000000000e+00 
5.786803013557560e-02 -1.146715036326148e-01 0.000000000000000e+00 
7.013380506926414e-02 -1.465862199635867e-01 0.000000000000000e+00 
1.485590025330802e-02 -1.678311347116591e-01 0.000000000000000e+00 
3.636195324849046e-02 -1.412513258806253e-01 0.000000000000000e+00 
1.438922439175662e-01 -8.352246017477957e-03 0.000000000000000e+00 
1.316264452243494e-01 2.356246084811264e-02 0.000000000000000e+00 
1.193607031779036e-01 5.547714816985112e-02 0.000000000000000e+00 
1.531325483234457e-01 5.014228855584768e-02 0.000000000000000e+00 
1.408667756992694e-01 8.205698210156027e-02 0.000000000000000e+00 
1.653982805182048e-01 1.822758309871808e-02 0.000000000000000e+00 
1.869043620851024e-01 4.480741891500722e-02 0.000000000000000e+00 
1.131459089271581e-01 -9.342659274762256e-02 0.000000000000000e+00 
7.937408681041036e-02 -8.809169035966746e-02 0.000000000000000e+00 
9.163981820618808e-02 -1.200063424233218e-01 0.000000000000000e+00 
-2.185213691184862e-01 -2.208963090305962e-01 0.000000000000000e+00 
-2.092811448681844e-01 -1.624017507570436e-01 0.000000000000000e+00 
-2.307871937739916e-01 -1.889815819129221e-01 0.000000000000000e+00 
-1.970153188654749e-01 -1.943164833185935e-01 0.000000000000000e+00 
-1.847495619987861e-01 -2.262311556036498e-01 0.000000000000000e+00 
2.482098004861466e-01 -1.147474882409743e-01 0.000000000000000e+00 
2.697174356188760e-01 -8.816904450080180e-02 0.000000000000000e+00 
2.359634337008966e-01 -8.284842165385611e-02 0.000000000000000e+00 
2.574734976973678e-01 -5.627156031779868e-02 0.000000000000000e+00 
2.267170301851246e-01 -1.413379400967047e-01 0.000000000000000e+00 
2.144613971914454e-01 -1.094312117418873e-01 0.000000000000000e+00 
-2.430530263362012e-01 -1.570668495702168e-01 0.000000000000000e+00 
-2.518241641302086e-01 -2.153597395755494e-01 0.000000000000000e+00 
-2.768247568762592e-01 -1.517320386120698e-01 0.000000000000000e+00 
-2.983125329320450e-01 -1.781951725241707e-01 0.000000000000000e+00 
-2.645590364311602e-01 -1.836467077012028e-01 0.000000000000000e+00 
1.161714170112784e-01 -1.838358158799042e-01 0.000000000000000e+00 
1.284371961795888e-01 -2.157505145900560e-01 0.000000000000000e+00 
1.039056005785608e-01 -1.519210254889451e-01 0.000000000000000e+00 
8.239959248013207e-02 -1.785007902417988e-01 0.000000000000000e+00 
9.466544503068403e-02 -2.104155384514354e-01 0.000000000000000e+00 
9.869709268283128e-02 -3.021198214119380e-01 0.000000000000000e+00 
1.314627042632410e-01 -3.061597377224002e-01 0.000000000000000e+00 
1.191971031982399e-01 -2.742449728380304e-01 0.000000000000000e+00 
1.652345369027227e-01 -3.114946094836936e-01 0.000000000000000e+00 
1.529689325857641e-01 -2.795799172012932e-01 0.000000000000000e+00 
1.591835175172097e-01 -1.306761644558215e-01 0.000000000000000e+00 
1.376774472532432e-01 -1.572559764811393e-01 0.000000000000000e+00 
1.714492904392593e-01 -1.625908859879329e-01 0.000000000000000e+00 
1.929553469384828e-01 -1.360110374539303e-01 0.000000000000000e+00 
1.254116598738128e-01 -1.253412617677756e-01 0.000000000000000e+00 
1.837150703860906e-01 -1.945055910271920e-01 0.000000000000000e+00 
2.052211261067904e-01 -1.679257361640826e-01 0.000000000000000e+00 
1.499432464325538e-01 -1.891706888780146e-01 0.000000000000000e+00 
-1.906368511109049e-01 2.843093925596772e-01 0.000000000000000e+00 
-1.783710298616542e-01 2.523947593449780e-01 0.000000000000000e+00 
-1.568649796086386e-01 2.789745850569790e-01 0.000000000000000e+00 
-1.693797136479692e-01 3.093136075493874e-01 0.000000000000000e+00 
-2.010968265759594e-01 3.153548337488800e-01 0.000000000000000e+00 
-1.445992004403925e-01 2.470598863468038e-01 0.000000000000000e+00 
-1.230931501873772e-01 2.736397120588018e-01 0.000000000000000e+00 
1.806895677701727e-01 -1.040963387437795e-01 0.000000000000000e+00 
2.021956180231344e-01 -7.751651303173628e-02 0.000000000000000e+00 
1.899298053969671e-01 -4.560186680393934e-02 0.000000000000000e+00 
2.237016682760956e-01 -5.093668731969372e-02 0.000000000000000e+00 
1.684237719573709e-01 -7.218165956634837e-02 0.000000000000000e+00 
1.469177269305156e-01 -9.876147277221096e-02 0.000000000000000e+00 
-1.630797426099183e-01 1.300708375024553e-01 0.000000000000000e+00 
-1.415736923569051e-01 1.566506632144571e-01 0.000000000000000e+00 
-1.293079131886572e-01 1.247359645042818e-01 0.000000000000000e+00 
-1.508139634416691e-01 9.815613879228086e-02 0.000000000000000e+00 
3.280411054346812e-01 1.726046882296118e-01 0.000000000000000e+00 
2.817329564156616e-01 2.075855339008856e-01 0.000000000000000e+00 
2.944256796867220e-01 1.777029290142479e-01 0.000000000000000e+00 
3.148959815654242e-01 2.019759423329296e-01 0.000000000000000e+00 
3.066579139845852e-01 1.457747258048462e-01 0.000000000000000e+00 
-1.509777291127244e-01 -2.315660225744370e-01 0.000000000000000e+00 
-1.172042106733226e-01 -2.368937090372358e-01 0.000000000000000e+00 
-1.294716600229503e-01 -2.049862293149326e-01 0.000000000000000e+00 
-9.569980699485157e-02 -2.103210582238518e-01 0.000000000000000e+00 
-1.632435378728105e-01 -1.996513132791917e-01 0.000000000000000e+00 
-1.016005422719489e-01 3.001354668414056e-01 0.000000000000000e+00 
-1.354006321359666e-01 3.052916876318000e-01 0.000000000000000e+00 
-1.138528791026811e-01 3.321342364809236e-01 0.000000000000000e+00 
-8.011299737758522e-02 3.265983381204340e-01 0.000000000000000e+00 
-1.266309584147753e-01 3.567467418948526e-01 0.000000000000000e+00 
-2.885723241943868e-01 3.187883525304048e-01 0.000000000000000e+00 
-2.623323127845266e-01 3.407077305684760e-01 0.000000000000000e+00 
-2.322192374933484e-01 3.278674807471572e-01 0.000000000000000e+00 
-3.237292569216566e-01 3.309744293149972e-01 0.000000000000000e+00 
-2.970728785167278e-01 3.559000813417094e-01 0.000000000000000e+00 
9.330088748571774e-02 -4.197558152001916e-01 0.000000000000000e+00 
6.697526073444587e-02 -3.898784097546284e-01 0.000000000000000e+00 
5.965627875530060e-02 -4.258416705831756e-01 0.000000000000000e+00 
1.181871519648516e-01 -4.470005099340526e-01 0.000000000000000e+00 
8.220169698315742e-02 -4.558071269564538e-01 0.000000000000000e+00 
4.593854826469322e-02 -4.612934419791890e-01 0.000000000000000e+00 
-2.062555960728296e-01 -2.528109869012396e-01 0.000000000000000e+00 
-1.939898107819862e-01 -2.847257064509436e-01 0.000000000000000e+00 
-1.724837605289732e-01 -2.581458807389412e-01 0.000000000000000e+00 
-2.072287220075634e-01 -3.411338149012678e-01 0.000000000000000e+00 
-1.827812840180472e-01 -3.158458997923416e-01 0.000000000000000e+00 
-2.156541645110994e-01 -3.098909641305476e-01 0.000000000000000e+00 
-2.265335334483730e-01 -2.789187656318976e-01 0.000000000000000e+00 
-3.112940337866614e-01 1.827204055702704e-01 0.000000000000000e+00 
-3.325776015162326e-01 1.562676953646811e-01 0.000000000000000e+00 
-3.332921178868296e-01 2.083408129571070e-01 0.000000000000000e+00 
-3.534368487502456e-01 1.833777099760739e-01 0.000000000000000e+00 
-3.701243920332590e-01 1.554143201288491e-01 0.000000000000000e+00 
-3.523851127067484e-01 1.282068648950270e-01 0.000000000000000e+00 
3.986809209478946e-01 1.606332343158318e-02 0.000000000000000e+00 
4.300000000000000e-01 0.000000000000000e+00 0.000000000000000e+00 
4.286407007763192e-01 3.416357179783724e-02 0.000000000000000e+00 
4.054104412375476e-01 -1.561664081860253e-02 0.000000000000000e+00 
4.286407007763192e-01 -3.416357179783778e-02 0.000000000000000e+00 
1.561579996682519e-01 -4.026698786701362e-02 0.000000000000000e+00 
1.346519459261694e-01 -6.684678438975145e-02 0.000000000000000e+00 
1.223861800122773e-01 -3.493206832537112e-02 0.000000000000000e+00 
1.101203904155248e-01 -3.017333418618616e-03 0.000000000000000e+00 
8.861437305743912e-02 -2.959718112888422e-02 0.000000000000000e+00 
1.008801349705287e-01 -6.151188720740990e-02 0.000000000000000e+00 
-1.815602847794456e-01 1.308178865810428e-02 0.000000000000000e+00 
-1.600542311775495e-01 3.966160612903810e-02 0.000000000000000e+00 
-1.385481842734200e-01 6.624144008210624e-02 0.000000000000000e+00 
-1.262824088348767e-01 3.432671776125646e-02 0.000000000000000e+00 
-1.047763548521574e-01 6.090656708393230e-02 0.000000000000000e+00 
-1.723200136946821e-01 7.157631308027985e-02 0.000000000000000e+00 
-1.938260639476950e-01 4.499648736827860e-02 0.000000000000000e+00 
-3.217669304543796e-01 2.377101870340022e-01 0.000000000000000e+00 
-3.354246425196422e-01 2.690544725340396e-01 0.000000000000000e+00 
-2.945157637954072e-01 2.502810380161514e-01 0.000000000000000e+00 
-3.129878884588834e-01 2.948534918871568e-01 0.000000000000000e+00 
-3.101063826489018e-01 2.685413678684232e-01 0.000000000000000e+00 
-2.050530256142560e-01 -3.779593320536474e-01 0.000000000000000e+00 
-2.344337520299452e-01 -3.604730446360200e-01 0.000000000000000e+00 
-2.345742328828840e-01 -3.315833130998870e-01 0.000000000000000e+00 
-2.623323127845240e-01 -3.407077305684782e-01 0.000000000000000e+00 
-2.680659284561868e-01 -3.774723336197748e-01 0.000000000000000e+00 
-2.972711307246094e-01 -3.556775761506350e-01 0.000000000000000e+00 
-2.371864490643194e-01 -3.982542878628652e-01 0.000000000000000e+00 
-2.496691684138192e-02 1.832212237741342e-02 0.000000000000000e+00 
-1.270113767313116e-02 -1.359257633276035e-02 0.000000000000000e+00 
8.804912579880466e-03 1.298724937924165e-02 0.000000000000000e+00 
-3.460788867304226e-03 4.490193280246244e-02 0.000000000000000e+00 
2.511166517051128e-01 -2.050590568389700e-01 0.000000000000000e+00 
2.174565036668018e-01 -1.998156312433813e-01 0.000000000000000e+00 
2.297527266242048e-01 -2.317551401228588e-01 0.000000000000000e+00 
2.629023723607552e-01 -2.365787173691456e-01 0.000000000000000e+00 
3.438125665988012e-01 5.006479613151646e-02 0.000000000000000e+00 
3.097783698887820e-01 5.538557915208808e-02 0.000000000000000e+00 
3.311000555704270e-01 8.189176710566412e-02 0.000000000000000e+00 
3.187489495548612e-01 1.137895790721425e-01 0.000000000000000e+00 
2.974469342977218e-01 8.728625212132939e-02 0.000000000000000e+00 
3.525919717786564e-01 1.098719129846950e-01 0.000000000000000e+00 
-2.368381644537204e-01 -8.163164055724096e-03 0.000000000000000e+00 
-2.245723852854694e-01 -4.007786276589750e-02 0.000000000000000e+00 
-2.030663350324578e-01 -1.349803705389658e-02 0.000000000000000e+00 
-1.908005558642076e-01 -4.541273576407030e-02 0.000000000000000e+00 
1.407029753478966e-01 -2.476652133002080e-01 0.000000000000000e+00 
1.622090256008600e-01 -2.210853875881674e-01 0.000000000000000e+00 
1.744749280105583e-01 -2.530000800235466e-01 0.000000000000000e+00 
1.959808907774875e-01 -2.264202607327230e-01 0.000000000000000e+00 
1.867405839374761e-01 -2.849147850084706e-01 0.000000000000000e+00 
2.082467150493016e-01 -2.583349423191964e-01 0.000000000000000e+00 
4.879150500241108e-02 1.565561239355976e-01 0.000000000000000e+00 
3.652572583415546e-02 1.884708226457702e-01 0.000000000000000e+00 
2.425994666589536e-02 2.203855213559390e-01 0.000000000000000e+00 
1.040694247294837e-01 1.778010330416152e-01 0.000000000000000e+00 
9.180350731835150e-02 2.097158548063512e-01 0.000000000000000e+00 
7.029755525540388e-02 1.831359496476019e-01 0.000000000000000e+00 
8.256333442368465e-02 1.512212509374379e-01 0.000000000000000e+00 
5.803179458677004e-02 2.150505907635306e-01 0.000000000000000e+00 
-1.692945056111958e-01 -1.883291005206984e-02 0.000000000000000e+00 
-1.570287640260253e-01 -5.074756989992606e-02 0.000000000000000e+00 
-1.355226761899338e-01 -2.416778305024298e-02 0.000000000000000e+00 
-1.477884553581835e-01 7.746915659931100e-03 0.000000000000000e+00 
-1.447629826116166e-01 -8.266227468113854e-02 0.000000000000000e+00 
-1.232569163605091e-01 -5.608245488385380e-02 0.000000000000000e+00 
-2.941993332986024e-01 2.139455008263990e-01 0.000000000000000e+00 
-2.768046609521948e-01 1.778892809717836e-01 0.000000000000000e+00 
-2.429172070248958e-01 1.726355066897083e-01 0.000000000000000e+00 
-2.644192538125862e-01 1.460585487470923e-01 0.000000000000000e+00 
-2.560624127308864e-01 2.052231735703358e-01 0.000000000000000e+00 
-2.981670602949640e-01 1.514103294951482e-01 0.000000000000000e+00 
-4.353490360185698e-04 -4.550725650719306e-02 0.000000000000000e+00 
-2.194141543734254e-02 -7.208702376616873e-02 0.000000000000000e+00 
-3.420718792614294e-02 -4.017240204476216e-02 0.000000000000000e+00 
-6.797900784510449e-02 -3.483747039259292e-02 0.000000000000000e+00 
-5.571324579734840e-02 -6.675218883288660e-02 0.000000000000000e+00 
1.501967558114809e-02 1.618909969337667e-01 0.000000000000000e+00 
-1.875215384011403e-02 1.672258699319369e-01 0.000000000000000e+00 
-4.025820409312252e-02 1.406460442199362e-01 0.000000000000000e+00 
-6.486374671860312e-03 1.353111712217648e-01 0.000000000000000e+00 
-2.799242492487152e-02 1.087313455097625e-01 0.000000000000000e+00 
-1.109911438406814e-01 -8.799714954602378e-02 0.000000000000000e+00 
-7.721932628247750e-02 -9.333196072741640e-02 0.000000000000000e+00 
-8.948506760042602e-02 -6.141735475858258e-02 0.000000000000000e+00 
-9.872537289298126e-02 -1.199117676787023e-01 0.000000000000000e+00 
-8.645962950832135e-02 -1.518264567289080e-01 0.000000000000000e+00 
-1.324971681064442e-01 -1.145770061825887e-01 0.000000000000000e+00 
-7.403003351438323e-02 1.459809172181093e-01 0.000000000000000e+00 
-8.629581268263171e-02 1.778956159282835e-01 0.000000000000000e+00 
-1.078018629356429e-01 1.513157902162824e-01 0.000000000000000e+00 
-5.252392291355632e-02 1.725604575036057e-01 0.000000000000000e+00 
-6.478990097108650e-02 2.044755284702204e-01 0.000000000000000e+00 
-1.200676421038981e-01 1.832304889264552e-01 0.000000000000000e+00 
-9.856156107095682e-02 2.098101884996100e-01 0.000000000000000e+00 
2.452077185290528e-01 -2.435686160765000e-02 0.000000000000000e+00 
2.667137687820150e-01 2.222964104390316e-03 0.000000000000000e+00 
2.329419393607446e-01 7.557837102500120e-03 0.000000000000000e+00 
2.912453271186408e-01 -6.160643331590062e-02 0.000000000000000e+00 
2.789795479503206e-01 -2.969173460575440e-02 0.000000000000000e+00 
4.576599691890134e-02 2.469653470679452e-01 0.000000000000000e+00 
6.727203827708562e-02 2.735451132890104e-01 0.000000000000000e+00 
3.350020376448856e-02 2.788799753790840e-01 0.000000000000000e+00 
1.199412025425431e-02 2.523000569793308e-01 0.000000000000000e+00 
5.500624636614138e-02 3.054598163185708e-01 0.000000000000000e+00 
8.877809742488511e-02 3.001249984919636e-01 0.000000000000000e+00 
7.651228819572845e-02 3.320396648265704e-01 0.000000000000000e+00 
1.163352200081169e-01 1.458863548622051e-01 0.000000000000000e+00 
1.501069932662288e-01 1.405515049411939e-01 0.000000000000000e+00 
9.482917519160045e-02 1.193065408525744e-01 0.000000000000000e+00 
1.286009430132444e-01 1.139716792291459e-01 0.000000000000000e+00 
-1.079656169385958e-01 -1.784063681900480e-01 0.000000000000000e+00 
-1.202314957520231e-01 -1.464916266904593e-01 0.000000000000000e+00 
-1.417374391912057e-01 -1.730715306047610e-01 0.000000000000000e+00 
-7.419385023112025e-02 -1.837411404214958e-01 0.000000000000000e+00 
-1.755093545418182e-01 -1.677366169290914e-01 0.000000000000000e+00 
-1.540033001566305e-01 -1.411569812651630e-01 0.000000000000000e+00 
6.424653908836885e-02 3.639543959123012e-01 0.000000000000000e+00 
4.268462746116704e-02 3.370212831098730e-01 0.000000000000000e+00 
2.122502976389396e-02 3.107356124578842e-01 0.000000000000000e+00 
8.834993035313602e-03 3.418637266325598e-01 0.000000000000000e+00 
3.014001907446744e-02 3.671705747895236e-01 0.000000000000000e+00 
-6.423755000244824e-03 3.723952744010178e-01 0.000000000000000e+00 
2.391418704258006e-01 1.564040875707713e-01 0.000000000000000e+00 
2.729152510441620e-01 1.511214108350129e-01 0.000000000000000e+00 
2.176506521087726e-01 1.298817589450019e-01 0.000000000000000e+00 
2.514224815299528e-01 1.245468859468635e-01 0.000000000000000e+00 
2.636798073763848e-01 9.262773998746777e-02 0.000000000000000e+00 
2.851560536601554e-01 1.191958196643893e-01 0.000000000000000e+00 
-1.891590067449536e-02 -1.624963238871903e-01 0.000000000000000e+00 
-3.118167984264300e-02 -1.305816251771058e-01 0.000000000000000e+00 
-5.268769651294640e-02 -1.571613241407077e-01 0.000000000000000e+00 
-4.042195092549788e-02 -1.890761495982889e-01 0.000000000000000e+00 
6.408693371449942e-02 -2.957056734554652e-01 0.000000000000000e+00 
5.167199705907624e-02 -2.635993784757844e-01 0.000000000000000e+00 
3.019881054661966e-02 -2.902235866883020e-01 0.000000000000000e+00 
-3.614880347112318e-03 -2.848311542111742e-01 0.000000000000000e+00 
8.641165746459584e-03 -3.167349444401104e-01 0.000000000000000e+00 
4.255407494790562e-02 -3.222653578623310e-01 0.000000000000000e+00 
-6.176426341478334e-02 1.140662150225784e-01 0.000000000000000e+00 
-8.327030459914359e-02 8.748639279593293e-02 0.000000000000000e+00 
-9.553608376739270e-02 1.194010915061078e-01 0.000000000000000e+00 
-1.170421340204063e-01 9.282126579410679e-02 0.000000000000000e+00 
1.993968496057197e-01 -3.182455997132298e-01 0.000000000000000e+00 
1.893043530225877e-01 -3.520366316279054e-01 0.000000000000000e+00 
1.898645642328426e-01 -3.858127100662610e-01 0.000000000000000e+00 
2.199172560144722e-01 -3.695083226492538e-01 0.000000000000000e+00 
1.640578409720864e-01 -3.717172338399994e-01 0.000000000000000e+00 
1.735727184776741e-01 -3.343825783152470e-01 0.000000000000000e+00 
2.194528248922046e-01 -3.413955468457710e-01 0.000000000000000e+00 
2.483971487768734e-01 2.149562650033906e-01 0.000000000000000e+00 
2.605866213550736e-01 1.827009294127058e-01 0.000000000000000e+00 
2.268909231933982e-01 1.883762833671766e-01 0.000000000000000e+00 
1.931191432403721e-01 1.937111479414516e-01 0.000000000000000e+00 
2.146251440250856e-01 2.202909820773266e-01 0.000000000000000e+00 
1.808533676827627e-01 2.256258290662620e-01 0.000000000000000e+00 
-2.521294761023390e-01 1.141607799236920e-01 0.000000000000000e+00 
-2.859012811267160e-01 1.194956307849733e-01 0.000000000000000e+00 
-3.196731105479780e-01 1.248305037831473e-01 0.000000000000000e+00 
-3.394742720461950e-01 9.851162783859238e-02 0.000000000000000e+00 
-3.074073533694074e-01 9.291580642265246e-02 0.000000000000000e+00 
-2.736355019584670e-01 8.758093207479886e-02 0.000000000000000e+00 
2.544479896137008e-01 3.413766281453734e-02 0.000000000000000e+00 
2.421819869010012e-01 6.605131811665493e-02 0.000000000000000e+00 
2.882285158093766e-01 2.880333946148870e-02 0.000000000000000e+00 
2.759606790353224e-01 6.071560070529008e-02 0.000000000000000e+00 
3.219916484562210e-01 2.346791681834232e-02 0.000000000000000e+00 
3.004855380138604e-01 -3.111960352682204e-03 0.000000000000000e+00 
-4.966170161378114e-02 -2.475701184847668e-01 0.000000000000000e+00 
-8.343395180634001e-02 -2.422355964429366e-01 0.000000000000000e+00 
-7.116824823463667e-02 -2.741505081765714e-01 0.000000000000000e+00 
-6.192800108656940e-02 -2.156559753442580e-01 0.000000000000000e+00 
2.114358719618608e-01 -1.902201782096935e-02 0.000000000000000e+00 
1.776640713855102e-01 -1.368715114355750e-02 0.000000000000000e+00 
1.991701369329876e-01 1.289270444717905e-02 0.000000000000000e+00 
2.206761779212414e-01 3.947254615744632e-02 0.000000000000000e+00 
-1.572664575662093e-02 7.681664679958922e-02 0.000000000000000e+00 
-7.100452543089462e-02 5.557169408575876e-02 0.000000000000000e+00 
-5.873871742162874e-02 2.365699396918342e-02 0.000000000000000e+00 
-4.949847517788132e-02 8.215151979775961e-02 0.000000000000000e+00 
-3.723269600963174e-02 5.023682108758686e-02 0.000000000000000e+00 
6.089357143186156e-02 -2.050805820123258e-01 0.000000000000000e+00 
4.862772248941518e-02 -1.731659221933909e-01 0.000000000000000e+00 
2.712171082967330e-02 -1.997457595149253e-01 0.000000000000000e+00 
7.315935299058859e-02 -2.369954113301044e-01 0.000000000000000e+00 
3.938750703947970e-02 -2.316605367441486e-01 0.000000000000000e+00 
1.069311459266218e-01 -2.423303403020964e-01 0.000000000000000e+00 
8.542514267347670e-02 -2.689101304954630e-01 0.000000000000000e+00 
1.255751660300369e-01 2.043809267340114e-01 0.000000000000000e+00 
1.470815206892399e-01 2.309606129406304e-01 0.000000000000000e+00 
1.562934500543202e-01 2.894818891967562e-01 0.000000000000000e+00 
1.685633940665715e-01 2.575633651115386e-01 0.000000000000000e+00 
1.348069732993400e-01 2.628835051173146e-01 0.000000000000000e+00 
2.604618373565992e-01 -1.466510161404783e-01 0.000000000000000e+00 
2.389521537716348e-01 -1.732276329652523e-01 0.000000000000000e+00 
2.727093617472506e-01 -1.785508714592519e-01 0.000000000000000e+00 
3.282264633017460e-01 -1.579291901158837e-01 0.000000000000000e+00 
2.941509599006444e-01 -1.519190583746380e-01 0.000000000000000e+00 
2.819022769910084e-01 -1.200181602812466e-01 0.000000000000000e+00 
1.010438702732392e-01 2.682102548596336e-01 0.000000000000000e+00 
1.133082009241792e-01 2.362967771895868e-01 0.000000000000000e+00 
1.225498314695134e-01 2.947900384751598e-01 0.000000000000000e+00 
7.953782634016500e-02 2.416304740697800e-01 0.000000000000000e+00 
2.084103810241340e-01 7.138723452280124e-02 0.000000000000000e+00 
2.299151603726820e-01 9.796626709632705e-02 0.000000000000000e+00 
1.961447756525176e-01 1.033019182584103e-01 0.000000000000000e+00 
1.623727724345490e-01 1.086368062310490e-01 0.000000000000000e+00 
1.746386503586579e-01 7.672212708289626e-02 0.000000000000000e+00 
-2.177766192362738e-02 2.576350930642710e-01 0.000000000000000e+00 
-3.404344109188530e-02 2.895497917744412e-01 0.000000000000000e+00 
-6.782068883430428e-02 2.948511169983086e-01 0.000000000000000e+00 
-5.554937735443594e-02 2.629699496182734e-01 0.000000000000000e+00 
-2.716298860603066e-04 2.842148419075760e-01 0.000000000000000e+00 
-1.253741499738709e-02 3.161295598561152e-01 0.000000000000000e+00 
-4.630922026014906e-02 3.214644904846084e-01 0.000000000000000e+00 
2.053826004845650e-01 1.617869594203010e-01 0.000000000000000e+00 
1.838788226875062e-01 1.352166319431026e-01 0.000000000000000e+00 
1.716130435191685e-01 1.671313306532426e-01 0.000000000000000e+00 
1.593473009058178e-01 1.990460137574860e-01 0.000000000000000e+00 
1.378412140979096e-01 1.724662036513407e-01 0.000000000000000e+00 
-2.123066643914400e-01 -7.199242764223422e-02 0.000000000000000e+00 
-2.338108550835810e-01 -9.857159012786355e-02 0.000000000000000e+00 
-2.000408269489694e-01 -1.039072601862445e-01 0.000000000000000e+00 
-2.215469670770200e-01 -1.304869448728944e-01 0.000000000000000e+00 
-1.785348279391356e-01 -7.732738752888406e-02 0.000000000000000e+00 
-4.661356020797422e-02 -3.379221993472476e-01 0.000000000000000e+00 
-2.512804622466618e-02 -3.114009694049758e-01 0.000000000000000e+00 
-5.888770475114026e-02 -3.060491472296550e-01 0.000000000000000e+00 
-6.780580959868041e-02 -3.643076571502858e-01 0.000000000000000e+00 
-3.413107576827864e-02 -3.687632804607470e-01 0.000000000000000e+00 
-1.266113351585239e-02 -3.422049987101160e-01 0.000000000000000e+00 
-3.739350237329466e-02 -2.794827936808806e-01 0.000000000000000e+00 
-1.343547068413999e-01 -3.482115398600590e-01 0.000000000000000e+00 
-1.481063933546555e-01 -3.207871156942406e-01 0.000000000000000e+00 
-1.012535249699781e-01 -3.585518577662180e-01 0.000000000000000e+00 
-8.812368836507216e-02 -3.908511330160168e-01 0.000000000000000e+00 
-1.195375663600425e-01 -3.841471642901490e-01 0.000000000000000e+00 
-7.653909514134757e-02 4.231332732307206e-01 0.000000000000000e+00 
-7.033072989698010e-02 3.851177462440442e-01 0.000000000000000e+00 
-9.487459447569963e-02 3.947228008715464e-01 0.000000000000000e+00 
-9.474912706407088e-02 3.613889228410806e-01 0.000000000000000e+00 
-1.175548345881212e-01 3.823884823301210e-01 0.000000000000000e+00 
-4.267913353046736e-02 4.278767247246438e-01 0.000000000000000e+00 
-1.099151519494051e-01 4.157146369469558e-01 0.000000000000000e+00 
5.467877433604110e-02 -3.539845161483708e-01 0.000000000000000e+00 
3.237540628011928e-02 -3.777874671535398e-01 0.000000000000000e+00 
2.109363886927958e-02 -3.476980830433818e-01 0.000000000000000e+00 
-4.035561518286558e-04 -3.724444701206810e-01 0.000000000000000e+00 
3.367549606879376e-01 -9.842913643744040e-02 0.000000000000000e+00 
3.475894953909868e-01 -1.298047937370684e-01 0.000000000000000e+00 
3.151609185031326e-01 -1.249378311523780e-01 0.000000000000000e+00 
3.250171565399154e-01 -6.694130631399862e-02 0.000000000000000e+00 
3.035111062869626e-01 -9.352113202604696e-02 0.000000000000000e+00 
5.965627875529852e-02 4.258416705831760e-01 0.000000000000000e+00 
7.197076391820184e-02 3.953948365535400e-01 0.000000000000000e+00 
9.330088748571598e-02 4.197558152001920e-01 0.000000000000000e+00 
3.970649317639186e-02 3.980747228265152e-01 0.000000000000000e+00 
4.589108190120302e-02 4.600778927233986e-01 0.000000000000000e+00 
-2.542875378513010e-01 -2.717864304620940e-01 0.000000000000000e+00 
-2.520131918271376e-01 -3.049737089319400e-01 0.000000000000000e+00 
-2.733129652122424e-01 -2.450398085029090e-01 0.000000000000000e+00 
-2.389748657903866e-01 -2.470715347616682e-01 0.000000000000000e+00 
-2.806035590042184e-01 -2.829286813473768e-01 0.000000000000000e+00 
-2.885723241943842e-01 -3.187883525304074e-01 0.000000000000000e+00 
-4.007391148399406e-01 3.193674817354560e-02 0.000000000000000e+00 
-4.269435916918488e-01 5.117782247481700e-02 0.000000000000000e+00 
-4.269435916918484e-01 -5.117782247482106e-02 0.000000000000000e+00 
-3.987339527209396e-01 -3.208508056838116e-02 0.000000000000000e+00 
-3.994123395334008e-01 -2.032467100470670e-04 0.000000000000000e+00 
-4.296600408077396e-01 -1.709530149168012e-02 0.000000000000000e+00 
-4.296600408077398e-01 1.709530149167622e-02 0.000000000000000e+00 
-4.215278677259932e-01 -8.493678078652156e-02 0.000000000000000e+00 
-3.961098279327076e-01 -6.450409614189014e-02 0.000000000000000e+00 
-3.894972119010936e-01 -9.630384851992110e-02 0.000000000000000e+00 
-3.558492842208586e-01 -1.057529774392811e-01 0.000000000000000e+00 
-3.343098064116122e-01 -8.231514301092326e-02 0.000000000000000e+00 
-3.662708245495806e-01 -7.440658832725235e-02 0.000000000000000e+00 
-3.751620625276528e-01 -4.686293877705804e-02 0.000000000000000e+00 
-4.267913353046480e-02 -4.278767247246440e-01 0.000000000000000e+00 
-2.166634591500406e-02 -3.995894945835332e-01 0.000000000000000e+00 
-5.565466737841500e-02 -3.963637485306586e-01 0.000000000000000e+00 
-7.653909514134506e-02 -4.231332732307212e-01 0.000000000000000e+00 
-6.414589397242890e-02 -4.578896843753348e-01 0.000000000000000e+00 
3.619556802125414e-01 1.693351059673389e-01 0.000000000000000e+00 
3.750520534811518e-01 1.391494220454778e-01 0.000000000000000e+00 
3.964453175331288e-01 1.665266050997759e-01 0.000000000000000e+00 
4.084226566429464e-01 1.345025410195579e-01 0.000000000000000e+00 
3.407086072133372e-01 1.417349789180786e-01 0.000000000000000e+00 
-4.134471088607902e-01 -1.181587414229429e-01 0.000000000000000e+00 
-4.402007509306912e-01 -1.449310754534031e-01 0.000000000000000e+00 
-4.683167491343636e-01 -1.751554237819128e-01 0.000000000000000e+00 
-4.807524521637100e-01 -1.373938853755137e-01 0.000000000000000e+00 
-4.492619703754382e-01 -1.092764418584571e-01 0.000000000000000e+00 
-5.110752188450028e-01 -1.676711402525712e-01 0.000000000000000e+00 
3.713580749029696e-01 -1.647081806206424e-02 0.000000000000000e+00 
3.465231994544926e-01 -4.036147466438688e-02 0.000000000000000e+00 
3.575989287044030e-01 1.862803436423640e-02 0.000000000000000e+00 
3.342573888566462e-01 -8.446803439331518e-03 0.000000000000000e+00 
3.127513773715934e-01 -3.502660760385240e-02 0.000000000000000e+00 
2.400766355264470e-01 -3.163325174709480e-01 0.000000000000000e+00 
2.485795600966852e-01 -3.508677846456390e-01 0.000000000000000e+00 
2.756702641646550e-01 -3.300089475383800e-01 0.000000000000000e+00 
2.709553345337958e-01 -2.963962127249250e-01 0.000000000000000e+00 
3.010180920648534e-01 -3.070636876116020e-01 0.000000000000000e+00 
2.820875766768978e-01 -3.667516862234508e-01 0.000000000000000e+00 
-1.099151519494027e-01 -4.157146369469564e-01 0.000000000000000e+00 
-1.278083162202361e-01 -4.833891127290190e-01 0.000000000000000e+00 
-1.005453834197536e-01 -4.523484236785650e-01 0.000000000000000e+00 
-1.358648953963349e-01 -4.419484008001486e-01 0.000000000000000e+00 
-1.658096392760328e-01 -4.717066498610676e-01 0.000000000000000e+00 
-2.344337520299482e-01 3.604730446360182e-01 0.000000000000000e+00 
-2.050530256142586e-01 3.779593320536460e-01 0.000000000000000e+00 
-2.672165900150150e-01 3.780740650562842e-01 0.000000000000000e+00 
-2.369351827648568e-01 3.985039648168260e-01 0.000000000000000e+00 
-2.725973860813350e-01 4.191547030651376e-01 0.000000000000000e+00 
-3.050375730052632e-01 3.961717797307864e-01 0.000000000000000e+00 
-3.111042254925852e-01 4.394686238958586e-01 0.000000000000000e+00 
3.954289524791732e-02 -4.053221524436506e-01 0.000000000000000e+00 
1.119033527742360e-02 -4.027832987428736e-01 0.000000000000000e+00 
2.563450382302370e-02 -4.292352178162312e-01 0.000000000000000e+00 
-8.549340695978753e-03 -4.299150018011282e-01 0.000000000000000e+00 
8.963481447232099e-03 -4.626011848920562e-01 0.000000000000000e+00 
-3.197268367132202e-01 -2.041924955312838e-01 0.000000000000000e+00 
-3.463579411719192e-01 -2.170098759086358e-01 0.000000000000000e+00 
-3.262518602720854e-01 -2.378266141263116e-01 0.000000000000000e+00 
-3.042826027913012e-01 -2.604143581972110e-01 0.000000000000000e+00 
-2.843027165044376e-01 -2.094214122724564e-01 0.000000000000000e+00 
-3.003036074782554e-01 -2.317823458115312e-01 0.000000000000000e+00 
3.352933601304112e-01 4.732635234755138e-01 0.000000000000000e+00 
3.718343098034870e-01 4.451283478424672e-01 0.000000000000000e+00 
3.821283946228450e-01 4.957731842219866e-01 0.000000000000000e+00 
4.212089822778562e-01 4.652431794902788e-01 0.000000000000000e+00 
4.359436735627092e-01 5.218746147118578e-01 0.000000000000000e+00 
3.422898129158502e-01 5.261007880129264e-01 0.000000000000000e+00 
3.477761257903264e-01 5.843387427941700e-01 0.000000000000000e+00 
3.931025601528964e-01 5.548606826954298e-01 0.000000000000000e+00 
-5.019157138315414e-02 4.029178534509054e-01 0.000000000000000e+00 
-3.889511661539418e-02 3.767590431675890e-01 0.000000000000000e+00 
-2.499626572656074e-02 3.468219608434470e-01 0.000000000000000e+00 
-5.876561383181104e-02 3.521731019733834e-01 0.000000000000000e+00 
-2.251379593435764e-02 4.017060823174058e-01 0.000000000000000e+00 
-3.765514749206274e-01 4.616342204760046e-02 0.000000000000000e+00 
-3.491838431457716e-01 4.023327107513146e-02 0.000000000000000e+00 
-3.655854035510158e-01 -1.903821506078435e-02 0.000000000000000e+00 
-3.720986430933536e-01 1.796690699993400e-02 0.000000000000000e+00 
-3.657815916135980e-01 1.071095642412099e-01 0.000000000000000e+00 
-3.637619774748220e-01 7.330837217158381e-02 0.000000000000000e+00 
-3.908080410574094e-01 9.534554378132749e-02 0.000000000000000e+00 
-3.975121551832104e-01 6.377128630170902e-02 0.000000000000000e+00 
-4.215278677259940e-01 8.493678078651774e-02 0.000000000000000e+00 
-4.575729446613930e-01 7.345709052328764e-02 0.000000000000000e+00 
2.420184636117130e-01 -2.636698322945402e-01 0.000000000000000e+00 
2.679089037475546e-01 -2.653555349135702e-01 0.000000000000000e+00 
2.462237169602442e-01 -2.890627044956840e-01 0.000000000000000e+00 
2.204793750242102e-01 -2.897136610089814e-01 0.000000000000000e+00 
2.947717344286028e-01 -2.732330759785718e-01 0.000000000000000e+00 
-1.485033471815680e-01 3.742053477720702e-01 0.000000000000000e+00 
-1.828897336029565e-01 3.333514708494574e-01 0.000000000000000e+00 
-1.774948053124189e-01 3.605071516159036e-01 0.000000000000000e+00 
-2.058142445399014e-01 3.462280417256556e-01 0.000000000000000e+00 
-1.498074516447603e-01 3.383803686799800e-01 0.000000000000000e+00 
-4.267459787249996e-01 1.800155287074521e-01 0.000000000000000e+00 
-4.111498533926270e-01 2.135810445075990e-01 0.000000000000000e+00 
-4.529201968327620e-01 2.118095732042632e-01 0.000000000000000e+00 
-3.895113692761756e-01 1.821562329556654e-01 0.000000000000000e+00 
-3.738077180090212e-01 2.125271511051894e-01 0.000000000000000e+00 
-4.996046986136510e-01 1.987825754846206e-02 0.000000000000000e+00 
-4.633880345148198e-01 -1.449330695430376e-15 0.000000000000000e+00 
-4.608993641230690e-01 3.673465559681438e-02 0.000000000000000e+00 
-4.964460368509868e-01 5.950909590095154e-02 0.000000000000000e+00 
-4.608993641230686e-01 -3.673465559681774e-02 0.000000000000000e+00 
4.455955298106834e-01 -1.273826580220434e-01 0.000000000000000e+00 
4.749100658638914e-01 -1.563983035111134e-01 0.000000000000000e+00 
4.330627648849646e-01 -1.619700603230605e-01 0.000000000000000e+00 
4.084226566429466e-01 -1.345025410195579e-01 0.000000000000000e+00 
4.178178162173762e-01 -1.016281085691492e-01 0.000000000000000e+00 
-4.964460368509866e-01 -5.950909590095318e-02 0.000000000000000e+00 
-4.575379190282754e-01 -7.339974920109130e-02 0.000000000000000e+00 
-4.901486834023178e-01 -9.876369858897727e-02 0.000000000000000e+00 
-5.232339196660007e-01 -1.270620943445136e-01 0.000000000000000e+00 
1.469251371689613e-01 -4.779257307028802e-01 0.000000000000000e+00 
1.537093499364467e-01 -4.372419042355930e-01 0.000000000000000e+00 
1.877447427122313e-01 -4.230894872135794e-01 0.000000000000000e+00 
1.844319622620048e-01 -4.647417038486932e-01 0.000000000000000e+00 
1.586114875453242e-01 -3.996778653098762e-01 0.000000000000000e+00 
2.557177395517118e-01 -4.296608402898300e-01 0.000000000000000e+00 
2.204849164952284e-01 -4.064038144124118e-01 0.000000000000000e+00 
2.207727491079566e-01 -4.486194303096058e-01 0.000000000000000e+00 
2.526388414912366e-01 -3.885297073866942e-01 0.000000000000000e+00 
2.890460001124246e-01 -4.079857960995802e-01 0.000000000000000e+00 
2.934637526003212e-01 -4.513339049896810e-01 0.000000000000000e+00 
3.205468187961106e-01 -3.837313343469536e-01 0.000000000000000e+00 
3.110531600063724e-01 -3.437400172826428e-01 0.000000000000000e+00 
3.500210372847132e-01 -3.570507995483744e-01 0.000000000000000e+00 
3.605419860467982e-01 -3.987024502098636e-01 0.000000000000000e+00 
3.280692472697018e-01 -4.260829817464342e-01 0.000000000000000e+00 
-3.720679814806168e-01 2.755179155778720e-01 0.000000000000000e+00 
-3.900286540926068e-01 3.128540378302790e-01 0.000000000000000e+00 
-3.557407339935154e-01 2.415544041779302e-01 0.000000000000000e+00 
-3.496963047763590e-01 3.043512074479250e-01 0.000000000000000e+00 
-3.932364920242894e-01 2.453695301281992e-01 0.000000000000000e+00 
-3.639394051847478e-01 3.428528975432058e-01 0.000000000000000e+00 
6.936776599453306e-02 4.951647332362510e-01 0.000000000000000e+00 
8.268131796078643e-02 4.557203699983962e-01 0.000000000000000e+00 
1.084894040531580e-01 4.880881572095256e-01 0.000000000000000e+00 
1.186290480753446e-01 4.481848234055968e-01 0.000000000000000e+00 
2.980756258490864e-02 4.991107183909666e-01 0.000000000000000e+00 
1.469251371689595e-01 4.779257307028806e-01 0.000000000000000e+00 
1.540219238181426e-01 4.366027389181088e-01 0.000000000000000e+00 
4.197735202287178e-01 -1.963648022152519e-01 0.000000000000000e+00 
3.650628456992866e-01 -2.272204187346262e-01 0.000000000000000e+00 
3.819615234821268e-01 -1.974978343658802e-01 0.000000000000000e+00 
4.020472817334168e-01 -2.289100815659864e-01 0.000000000000000e+00 
-2.384337507142542e-01 4.394875954112162e-01 0.000000000000000e+00 
-2.038765921343306e-01 4.158750486786546e-01 0.000000000000000e+00 
-2.027626604064982e-01 4.570419056770168e-01 0.000000000000000e+00 
-2.745690875638588e-01 4.625184393571948e-01 0.000000000000000e+00 
-2.368511110533346e-01 4.828564374874154e-01 0.000000000000000e+00 
-4.346601372197918e-01 2.471245943083606e-01 0.000000000000000e+00 
-4.136520162715292e-01 2.808772141603844e-01 0.000000000000000e+00 
-4.562214452860856e-01 2.842818326361954e-01 0.000000000000000e+00 
-4.329216953498938e-01 3.199516609085806e-01 0.000000000000000e+00 
-4.781773941438216e-01 2.474069404378940e-01 0.000000000000000e+00 
-2.384337507142518e-01 -4.394875954112176e-01 0.000000000000000e+00 
-2.725973860813328e-01 -4.191547030651390e-01 0.000000000000000e+00 
-3.050375730052610e-01 -3.961717797307880e-01 0.000000000000000e+00 
-2.027626604064956e-01 -4.570419056770180e-01 0.000000000000000e+00 
-2.756038305844278e-01 -4.617791195655714e-01 0.000000000000000e+00 
-3.117333432512990e-01 -4.385972456421292e-01 0.000000000000000e+00 
6.936776599453470e-02 -4.951647332362508e-01 0.000000000000000e+00 
2.980756258491084e-02 -4.991107183909664e-01 0.000000000000000e+00 
1.084894040531602e-01 -4.880881572095252e-01 0.000000000000000e+00 
9.514537849627326e-02 -5.293947936482432e-01 0.000000000000000e+00 
5.324219990149194e-02 -5.358019957576778e-01 0.000000000000000e+00 
8.046660855366178e-02 -5.743910905540506e-01 0.000000000000000e+00 
-1.700860357356531e-01 4.309610649504484e-01 0.000000000000000e+00 
-1.658096392760351e-01 4.717066498610668e-01 0.000000000000000e+00 
-1.743758879495885e-01 3.930560388822344e-01 0.000000000000000e+00 
-1.425962897773902e-01 4.056677188805176e-01 0.000000000000000e+00 
-1.357405239321365e-01 4.431423327568524e-01 0.000000000000000e+00 
4.342759637610620e-01 1.622391763682581e-01 0.000000000000000e+00 
4.196005411102690e-01 1.956529850204321e-01 0.000000000000000e+00 
4.609829273641032e-01 1.936355873253208e-01 0.000000000000000e+00 
-4.119042067226190e-01 -2.124512683011466e-01 0.000000000000000e+00 
-3.738077180090194e-01 -2.125271511051926e-01 0.000000000000000e+00 
-3.557407339935136e-01 -2.415544041779330e-01 0.000000000000000e+00 
-3.937560429395734e-01 -2.440795206994408e-01 0.000000000000000e+00 
-4.529201968327612e-01 -2.118095732042650e-01 0.000000000000000e+00 
-4.266738207942932e-01 -1.789682958291460e-01 0.000000000000000e+00 
4.544388497630396e-01 9.144394547876949e-02 0.000000000000000e+00 
4.178178162173762e-01 1.016281085691493e-01 0.000000000000000e+00 
4.452942740520332e-01 1.267190362333483e-01 0.000000000000000e+00 
4.858346700202050e-01 1.181722192664526e-01 0.000000000000000e+00 
4.749100658638912e-01 1.563983035111138e-01 0.000000000000000e+00 
3.837485110908946e-01 2.595382029030648e-01 0.000000000000000e+00 
3.650628456992864e-01 2.272204187346268e-01 0.000000000000000e+00 
3.478187793688346e-01 1.993518910225287e-01 0.000000000000000e+00 
3.819615234821266e-01 1.974978343658808e-01 0.000000000000000e+00 
3.312467746406718e-01 2.269775478311870e-01 0.000000000000000e+00 
3.458561230664286e-01 2.555064424578358e-01 0.000000000000000e+00 
4.622693898059140e-01 -1.867761869842657e-02 0.000000000000000e+00 
4.631261300629022e-01 1.834086378170411e-02 0.000000000000000e+00 
4.594272702878330e-01 5.483414610495676e-02 0.000000000000000e+00 
5.000000000000000e-01 0.000000000000000e+00 0.000000000000000e+00 
4.984194195073480e-01 3.972508348585724e-02 0.000000000000000e+00 
4.936876709681666e-01 7.919901220360757e-02 0.000000000000000e+00 
5.378526109071390e-01 2.040606054182086e-02 0.000000000000000e+00 
5.339556757410394e-01 6.345971485100813e-02 0.000000000000000e+00 
-3.129878884588810e-01 -2.948534918871590e-01 0.000000000000000e+00 
-3.498318624617968e-01 -3.040828569086394e-01 0.000000000000000e+00 
-3.354246425196400e-01 -2.690544725340424e-01 0.000000000000000e+00 
-3.725411527871246e-01 -2.746411120520948e-01 0.000000000000000e+00 
-8.549340695981129e-03 4.299150018011282e-01 0.000000000000000e+00 
9.213167863970570e-03 4.632964364954884e-01 0.000000000000000e+00 
9.665593383471399e-03 3.997472642785954e-01 0.000000000000000e+00 
2.563450382302172e-02 4.292352178162312e-01 0.000000000000000e+00 
1.924086285211048e-01 3.470494806511586e-01 0.000000000000000e+00 
1.898645642328414e-01 3.858127100662616e-01 0.000000000000000e+00 
1.632631793629030e-01 3.680071788037432e-01 0.000000000000000e+00 
1.586114875453228e-01 3.996778653098768e-01 0.000000000000000e+00 
1.880918018501095e-01 4.236722051485768e-01 0.000000000000000e+00 
1.844319622620031e-01 4.647417038486938e-01 0.000000000000000e+00 
2.207727491079552e-01 4.486194303096064e-01 0.000000000000000e+00 
-4.134471088607912e-01 1.181587414229391e-01 0.000000000000000e+00 
-4.494721241741414e-01 1.096204897916496e-01 0.000000000000000e+00 
-3.834071761181566e-01 1.262021912281238e-01 0.000000000000000e+00 
-4.027524042555536e-01 1.506336644524428e-01 0.000000000000000e+00 
-4.394583699696756e-01 1.453227901093141e-01 0.000000000000000e+00 
-4.807524521637104e-01 1.373938853755119e-01 0.000000000000000e+00 
3.369751710510052e-01 -3.178336484270964e-01 0.000000000000000e+00 
3.244627866680392e-01 -2.821770721862612e-01 0.000000000000000e+00 
3.458561230664292e-01 -2.555064424578352e-01 0.000000000000000e+00 
3.170909247143072e-01 -2.502975125112814e-01 0.000000000000000e+00 
3.391006714619212e-01 -2.305625685602768e-01 0.000000000000000e+00 
3.607755708247172e-01 -2.896915389846388e-01 0.000000000000000e+00 
3.010180920648526e-01 3.070636876116028e-01 0.000000000000000e+00 
2.756702641646542e-01 3.300089475383808e-01 0.000000000000000e+00 
2.734826861619142e-01 3.003160888789606e-01 0.000000000000000e+00 
2.901601038028176e-01 2.766143648516808e-01 0.000000000000000e+00 
3.102897146347150e-01 3.427797423459752e-01 0.000000000000000e+00 
2.827525561582266e-01 3.672428544445466e-01 0.000000000000000e+00 
2.206147621512640e-01 3.392245114694866e-01 0.000000000000000e+00 
2.199172560144710e-01 3.695083226492546e-01 0.000000000000000e+00 
2.485795600966842e-01 3.508677846456396e-01 0.000000000000000e+00 
2.208481241343918e-01 4.065787824389136e-01 0.000000000000000e+00 
2.523829791447730e-01 3.880835216907498e-01 0.000000000000000e+00 
2.557177395517106e-01 4.296608402898308e-01 0.000000000000000e+00 
2.890460001124238e-01 4.079857960995808e-01 0.000000000000000e+00 
4.535252052347166e-01 -9.162471544292748e-02 0.000000000000000e+00 
4.601856305541814e-01 -5.525019202062650e-02 0.000000000000000e+00 
4.245713970326234e-01 -6.811115049510276e-02 0.000000000000000e+00 
3.711155295842400e-01 -4.922418279237836e-02 0.000000000000000e+00 
3.982712524662616e-01 -4.347352074542730e-02 0.000000000000000e+00 
4.936876709681668e-01 -7.919901220360744e-02 0.000000000000000e+00 
-3.453683735686366e-01 -4.128763327300092e-01 0.000000000000000e+00 
-3.538435846861008e-01 -4.595592644877158e-01 0.000000000000000e+00 
-3.162129678543440e-01 -4.862194555555626e-01 0.000000000000000e+00 
-3.627595073499998e-01 -5.120317400736164e-01 0.000000000000000e+00 
-4.010096243022072e-01 -4.800545480294942e-01 0.000000000000000e+00 
-4.148510992871536e-01 -5.387936204338730e-01 0.000000000000000e+00 
-3.707324450706112e-01 -5.700503961685900e-01 0.000000000000000e+00 
4.677127826582198e-01 2.652933319990274e-01 0.000000000000000e+00 
4.876732660285298e-01 2.277038113545364e-01 0.000000000000000e+00 
5.152039153944962e-01 2.663924277493276e-01 0.000000000000000e+00 
4.244916810456818e-01 2.642097892263100e-01 0.000000000000000e+00 
4.031954329885790e-01 2.286363658564724e-01 0.000000000000000e+00 
4.441413063745658e-01 2.296486446114892e-01 0.000000000000000e+00 
4.924103500129908e-01 3.064833555025198e-01 0.000000000000000e+00 
4.454606320889068e-01 3.023092718123960e-01 0.000000000000000e+00 
-5.113589906091186e-01 1.686134432110451e-01 0.000000000000000e+00 
-5.576728445099048e-01 1.593769070355913e-01 0.000000000000000e+00 
-5.432474289958634e-01 2.031802915870150e-01 0.000000000000000e+00 
-4.956693980233256e-01 2.088620081639048e-01 0.000000000000000e+00 
-4.683167491343642e-01 1.751554237819113e-01 0.000000000000000e+00 
-4.330896865492982e-01 -3.197802276086190e-01 0.000000000000000e+00 
-4.567958692766900e-01 -2.836782206599484e-01 0.000000000000000e+00 
-3.900286540926056e-01 -3.128540378302806e-01 0.000000000000000e+00 
-4.136520162715280e-01 -2.808772141603862e-01 0.000000000000000e+00 
-4.346601372197908e-01 -2.471245943083624e-01 0.000000000000000e+00 
-4.785642228498648e-01 -2.463292978404476e-01 0.000000000000000e+00 
2.966325778799866e-01 -4.984065747362024e-01 0.000000000000000e+00 
2.560235906576900e-01 -4.726037135905268e-01 0.000000000000000e+00 
2.560963889652304e-01 -5.203985391591422e-01 0.000000000000000e+00 
2.981309423357042e-01 -5.503281804144494e-01 0.000000000000000e+00 
2.544206225975288e-01 -5.737721690452366e-01 0.000000000000000e+00 
3.002509387868214e-01 -6.101224252210637e-01 0.000000000000000e+00 
-1.482576468154719e-01 -5.607313707656624e-01 0.000000000000000e+00 
-1.578458700164375e-01 -5.134492587152472e-01 0.000000000000000e+00 
-7.484807311339570e-02 -5.323081189096502e-01 0.000000000000000e+00 
-1.032387794929760e-01 -5.707379034274846e-01 0.000000000000000e+00 
-1.168329389162152e-01 -5.254385330893790e-01 0.000000000000000e+00 
-8.899894783877420e-02 -4.920154339892104e-01 0.000000000000000e+00 
-5.685724727466880e-01 -1.145658903632166e-01 0.000000000000000e+00 
-5.311818463283832e-01 -8.460104445120405e-02 0.000000000000000e+00 
-5.758774027471441e-01 -6.903055124510928e-02 0.000000000000000e+00 
-6.180977067559404e-01 -9.883514088464609e-02 0.000000000000000e+00 
-6.751666101173416e-01 -8.093237042529844e-02 0.000000000000000e+00 
-6.666022094271518e-01 -1.343186300810114e-01 0.000000000000000e+00 
8.046660855365846e-02 5.743910905540512e-01 0.000000000000000e+00 
9.561411085159648e-02 5.285862292592778e-01 0.000000000000000e+00 
1.258477087016634e-01 5.661822623630496e-01 0.000000000000000e+00 
1.704331591159931e-01 5.543938476153416e-01 0.000000000000000e+00 
1.785563643037074e-01 5.069713737869770e-01 0.000000000000000e+00 
1.376443140325130e-01 5.203579334895087e-01 0.000000000000000e+00 
3.457677259849428e-02 5.789684333335212e-01 0.000000000000000e+00 
5.341880358928258e-02 5.355465499826882e-01 0.000000000000000e+00 
-1.153166884574186e-02 5.798853512666380e-01 0.000000000000000e+00 
1.068000095250460e-02 5.370580951220618e-01 0.000000000000000e+00 
1.276326165419201e-02 6.258196699709808e-01 0.000000000000000e+00 
6.215855034179272e-02 6.234969450183296e-01 0.000000000000000e+00 
4.053828511547636e-02 6.787905770117146e-01 0.000000000000000e+00 
-4.966391515733922e-01 -2.079628156074716e-01 0.000000000000000e+00 
-5.253874283260016e-01 -2.456991049169500e-01 0.000000000000000e+00 
-5.042057591749560e-01 -2.866645293977028e-01 0.000000000000000e+00 
-5.576747836111497e-01 -2.881674567638898e-01 0.000000000000000e+00 
-5.911377866189146e-01 -3.360894482593744e-01 0.000000000000000e+00 
-6.159714676925542e-01 -2.880610195578024e-01 0.000000000000000e+00 
-5.756720336667294e-02 -5.771360473030082e-01 0.000000000000000e+00 
-1.361283223035742e-01 -6.109682807130454e-01 0.000000000000000e+00 
-1.738193100595200e-01 -6.574091933114660e-01 0.000000000000000e+00 
-3.803977822126162e-02 -6.251790115330262e-01 0.000000000000000e+00 
-8.725087261711587e-02 -6.216340825928570e-01 0.000000000000000e+00 
-6.749258325747921e-02 -6.766422623552510e-01 0.000000000000000e+00 
-1.210385690607311e-01 -6.691409902253266e-01 0.000000000000000e+00 
5.347401957423598e-01 2.246172812973722e-01 0.000000000000000e+00 
5.032584686374344e-01 1.866355951446810e-01 0.000000000000000e+00 
5.508956764021138e-01 1.814220320728920e-01 0.000000000000000e+00 
5.726776983230734e-01 9.187085415618484e-02 0.000000000000000e+00 
5.277751592141828e-01 1.062047639290893e-01 0.000000000000000e+00 
5.169270230091744e-01 1.474470087481976e-01 0.000000000000000e+00 
5.635682172234378e-01 1.370797743490851e-01 0.000000000000000e+00 
2.181775095480958e-01 -4.921840481308190e-01 0.000000000000000e+00 
2.139410762239266e-01 -5.391003764644836e-01 0.000000000000000e+00 
1.777992900717666e-01 -5.076405254124622e-01 0.000000000000000e+00 
1.374400129346375e-01 -5.206042194919168e-01 0.000000000000000e+00 
1.704331591159965e-01 -5.543938476153404e-01 0.000000000000000e+00 
-3.162129678543488e-01 4.862194555555594e-01 0.000000000000000e+00 
-2.765831508285350e-01 5.098056106770106e-01 0.000000000000000e+00 
-3.208846371643476e-01 5.393759018947958e-01 0.000000000000000e+00 
-3.242699009713856e-01 5.977031297592542e-01 0.000000000000000e+00 
-3.616015543266628e-01 5.103972999295165e-01 0.000000000000000e+00 
-3.707324450706158e-01 5.700503961685868e-01 0.000000000000000e+00 
4.060244032502662e-01 4.141789274761154e-01 0.000000000000000e+00 
3.615098485302364e-01 3.988192685987880e-01 0.000000000000000e+00 
3.205468187961096e-01 3.837313343469544e-01 0.000000000000000e+00 
3.500210372847122e-01 3.570507995483752e-01 0.000000000000000e+00 
3.289239840236246e-01 4.258570580764404e-01 0.000000000000000e+00 
-5.380934447976974e-01 8.159934079628638e-04 0.000000000000000e+00 
-4.996046986136510e-01 -1.987825754846349e-02 0.000000000000000e+00 
-5.795414503918350e-01 -2.305877875622074e-02 0.000000000000000e+00 
-5.361728772954278e-01 -4.204085730547678e-02 0.000000000000000e+00 
-9.941093832534323e-03 -4.999011648850328e-01 0.000000000000000e+00 
-3.223763790521626e-02 -5.374239938347630e-01 0.000000000000000e+00 
1.008911118107290e-02 -5.377822053830352e-01 0.000000000000000e+00 
-4.962689945402974e-02 -4.975310752612138e-01 0.000000000000000e+00 
-2.766314667303406e-02 -4.626191393232350e-01 0.000000000000000e+00 
-3.443647537646002e-01 4.131881011787624e-01 0.000000000000000e+00 
-3.767697750696934e-01 3.845661185036748e-01 0.000000000000000e+00 
-4.053584788267416e-01 3.529686285154576e-01 0.000000000000000e+00 
-3.355492141795192e-01 3.706841308493082e-01 0.000000000000000e+00 
-4.901486834023182e-01 9.876369858897562e-02 0.000000000000000e+00 
-5.315300000061010e-01 8.587688073306116e-02 0.000000000000000e+00 
-5.224950708275437e-01 1.277121433223364e-01 0.000000000000000e+00 
-5.954015588488574e-01 1.964484474448915e-01 0.000000000000000e+00 
-6.369107788227359e-01 2.382113763433980e-01 0.000000000000000e+00 
3.772823100791154e-01 -3.281128746351874e-01 0.000000000000000e+00 
4.021582826353828e-01 -2.971005144858548e-01 0.000000000000000e+00 
4.453087628232538e-01 -3.025668003265938e-01 0.000000000000000e+00 
4.244916810456820e-01 -2.642097892263094e-01 0.000000000000000e+00 
3.833986308341524e-01 -2.604397975758750e-01 0.000000000000000e+00 
4.191958315065052e-01 -3.370257340896012e-01 0.000000000000000e+00 
-5.365035516328608e-01 4.378587256410190e-02 0.000000000000000e+00 
-5.758774027471451e-01 6.903055124510098e-02 0.000000000000000e+00 
-5.795414503918352e-01 2.305877875621290e-02 0.000000000000000e+00 
-6.250187281108714e-01 -4.946310032566178e-02 0.000000000000000e+00 
-6.278875878947342e-01 1.665141659066020e-04 0.000000000000000e+00 
-6.794623901145652e-01 -2.703443026591276e-02 0.000000000000000e+00 
-6.242991182447336e-01 5.046218532111570e-02 0.000000000000000e+00 
-6.794623901145654e-01 2.703443026590628e-02 0.000000000000000e+00 
-1.985980087267235e-01 -5.002770902817090e-01 0.000000000000000e+00 
-1.923391815601962e-01 -5.471797138388392e-01 0.000000000000000e+00 
-1.844621917539639e-01 -5.998682543918248e-01 0.000000000000000e+00 
-2.307275803696172e-01 -5.813999239108836e-01 0.000000000000000e+00 
-2.255011094154036e-01 -6.415210438110523e-01 0.000000000000000e+00 
4.670928238819170e-01 -2.659448118516874e-01 0.000000000000000e+00 
4.876395151505904e-01 -2.281029836437786e-01 0.000000000000000e+00 
4.441413063745662e-01 -2.296486446114886e-01 0.000000000000000e+00 
4.609829273641034e-01 -1.936355873253204e-01 0.000000000000000e+00 
5.036759221461000e-01 -1.883791490274775e-01 0.000000000000000e+00 
5.152039153944966e-01 -2.663924277493268e-01 0.000000000000000e+00 
5.347401957423600e-01 -2.246172812973712e-01 0.000000000000000e+00 
-4.057920020325742e-01 -3.525436406919204e-01 0.000000000000000e+00 
-3.639394051847462e-01 -3.428528975432074e-01 0.000000000000000e+00 
-3.240694317277832e-01 -3.302411296050524e-01 0.000000000000000e+00 
-3.355492141795174e-01 -3.706841308493100e-01 0.000000000000000e+00 
-3.768094378414038e-01 -3.822519838849108e-01 0.000000000000000e+00 
-9.941093832536420e-03 4.999011648850328e-01 0.000000000000000e+00 
-4.962689945403214e-02 4.975310752612136e-01 0.000000000000000e+00 
-6.426184463411738e-02 4.589685534720708e-01 0.000000000000000e+00 
-2.756370659679240e-02 4.615386233561736e-01 0.000000000000000e+00 
-3.204863941939160e-02 5.373159893231210e-01 0.000000000000000e+00 
4.021582826353822e-01 2.971005144858556e-01 0.000000000000000e+00 
4.194870883241230e-01 3.361320428570714e-01 0.000000000000000e+00 
3.772823100791148e-01 3.281128746351882e-01 0.000000000000000e+00 
3.613278472012520e-01 2.892349179924160e-01 0.000000000000000e+00 
3.374002979887808e-01 3.177365157199698e-01 0.000000000000000e+00 
3.917085380232186e-01 3.669691443023754e-01 0.000000000000000e+00 
2.756518437435782e-01 2.427615607675134e-01 0.000000000000000e+00 
3.117341459466602e-01 2.515109082782216e-01 0.000000000000000e+00 
3.021116164524732e-01 2.262981189584104e-01 0.000000000000000e+00 
3.244627866680386e-01 2.821770721862618e-01 0.000000000000000e+00 
5.339812827423894e-01 -6.461795626493742e-02 0.000000000000000e+00 
5.379728350033040e-01 -2.200473470491546e-02 0.000000000000000e+00 
4.984194195073480e-01 -3.972508348585700e-02 0.000000000000000e+00 
5.277543112390506e-01 -1.064856864353636e-01 0.000000000000000e+00 
5.781665266285236e-01 -4.608109684359462e-02 0.000000000000000e+00 
2.937949438826544e-01 4.504812082420590e-01 0.000000000000000e+00 
2.570277497622958e-01 4.724915093874130e-01 0.000000000000000e+00 
2.966325778799840e-01 4.984065747362038e-01 0.000000000000000e+00 
-5.772274549243332e-01 -2.421190315778940e-01 0.000000000000000e+00 
-5.956212063818214e-01 -1.957814784177026e-01 0.000000000000000e+00 
-6.369107788227338e-01 -2.382113763434038e-01 0.000000000000000e+00 
-5.576728445099028e-01 -1.593769070355986e-01 0.000000000000000e+00 
-5.432474289958606e-01 -2.031802915870220e-01 0.000000000000000e+00 
-6.100649624606916e-01 -1.482889551488126e-01 0.000000000000000e+00 
-6.538233349426450e-01 -1.868556841107004e-01 0.000000000000000e+00 
-4.022937733919878e-01 4.815918218841200e-01 0.000000000000000e+00 
-4.148510992871584e-01 5.387936204338692e-01 0.000000000000000e+00 
-4.378823823196108e-01 4.466767367133662e-01 0.000000000000000e+00 
-4.563469312841464e-01 5.041304179550590e-01 0.000000000000000e+00 
-4.949575910512574e-01 4.662799406587594e-01 0.000000000000000e+00 
-3.538435846861060e-01 4.595592644877116e-01 0.000000000000000e+00 
-4.221697100143084e-01 3.977093611501178e-01 0.000000000000000e+00 
-3.892370884482432e-01 4.299935917851968e-01 0.000000000000000e+00 
-5.031069796147810e-01 3.716778913652142e-01 0.000000000000000e+00 
-5.625667421292804e-01 3.819930112581222e-01 0.000000000000000e+00 
-4.524332387474248e-01 3.629106838831226e-01 0.000000000000000e+00 
-4.798363388749748e-01 3.258175684260448e-01 0.000000000000000e+00 
-4.734981452188878e-01 4.117893508699598e-01 0.000000000000000e+00 
-5.304389695659458e-01 4.254814914491790e-01 0.000000000000000e+00 
5.863969062321736e-01 2.189790595741426e-01 0.000000000000000e+00 
6.035185825593318e-01 1.723585978507988e-01 0.000000000000000e+00 
6.458776895748922e-01 2.127016927751146e-01 0.000000000000000e+00 
6.136378546958948e-01 1.232548101311830e-01 0.000000000000000e+00 
6.607351512274788e-01 1.607142182023755e-01 0.000000000000000e+00 
6.714152325167068e-01 1.077106565969063e-01 0.000000000000000e+00 
-6.197764658175012e-01 9.959307120617804e-02 0.000000000000000e+00 
-6.751666101173424e-01 8.093237042529200e-02 0.000000000000000e+00 
-5.685724727466896e-01 1.145658903632090e-01 0.000000000000000e+00 
-6.081409816219436e-01 1.482487998013457e-01 0.000000000000000e+00 
-6.538233349426468e-01 1.868556841106944e-01 0.000000000000000e+00 
-6.666022094271534e-01 1.343186300810048e-01 0.000000000000000e+00 
5.193503624120628e-01 -3.527663159993462e-01 0.000000000000000e+00 
5.773086862221281e-01 -3.593253133477804e-01 0.000000000000000e+00 
4.665036078570442e-01 -3.446365968035912e-01 0.000000000000000e+00 
4.924103500129914e-01 -3.064833555025186e-01 0.000000000000000e+00 
4.880776361686228e-01 -3.919099147032260e-01 0.000000000000000e+00 
5.469352643841208e-01 -4.040566997007620e-01 0.000000000000000e+00 
-5.321188049301390e-01 -3.303716068736158e-01 0.000000000000000e+00 
-5.625667421292770e-01 -3.819930112581270e-01 0.000000000000000e+00 
-4.725292383503040e-01 -4.104379171571938e-01 0.000000000000000e+00 
-5.304389695659422e-01 -4.254814914491832e-01 0.000000000000000e+00 
-4.524332387474206e-01 -3.629106838831276e-01 0.000000000000000e+00 
-4.798363388749710e-01 -3.258175684260504e-01 0.000000000000000e+00 
-5.049872220996756e-01 -3.728353798412162e-01 0.000000000000000e+00 
4.552945017206214e-01 4.289149153034558e-01 0.000000000000000e+00 
5.131039417075962e-01 4.462335095038558e-01 0.000000000000000e+00 
4.760286107072090e-01 4.855890873857902e-01 0.000000000000000e+00 
4.376474796917730e-01 3.806109345768184e-01 0.000000000000000e+00 
4.665036078570432e-01 3.446365968035926e-01 0.000000000000000e+00 
4.896417483074838e-01 3.926121142136478e-01 0.000000000000000e+00 
5.469352643841198e-01 4.040566997007636e-01 0.000000000000000e+00 
-5.558741669118948e-01 2.877795523150446e-01 0.000000000000000e+00 
-5.911377866189174e-01 3.360894482593692e-01 0.000000000000000e+00 
-6.159714676925570e-01 2.880610195577966e-01 0.000000000000000e+00 
-5.253874283260048e-01 2.456991049169434e-01 0.000000000000000e+00 
-5.042057591749594e-01 2.866645293976966e-01 0.000000000000000e+00 
-5.327879622208012e-01 3.316703335035818e-01 0.000000000000000e+00 
-5.787988049329854e-01 2.432299653608482e-01 0.000000000000000e+00 
2.076875512400438e-01 5.910845200227826e-01 0.000000000000000e+00 
1.998181865497853e-01 6.499789937559176e-01 0.000000000000000e+00 
1.598904180757919e-01 6.047281555164667e-01 0.000000000000000e+00 
1.117081728229612e-01 6.176703974096922e-01 0.000000000000000e+00 
1.475455895122952e-01 6.637998938049549e-01 0.000000000000000e+00 
9.434016175256540e-02 6.734240372013016e-01 0.000000000000000e+00 
-1.836261393693049e-01 5.999325689733174e-01 0.000000000000000e+00 
-1.350319896365051e-01 6.118642805901136e-01 0.000000000000000e+00 
-1.738193100595242e-01 6.574091933114650e-01 0.000000000000000e+00 
-1.923391815602007e-01 5.471797138388376e-01 0.000000000000000e+00 
-1.482576468154766e-01 5.607313707656612e-01 0.000000000000000e+00 
-1.210385690607357e-01 6.691409902253258e-01 0.000000000000000e+00 
-2.255011094154076e-01 6.415210438110510e-01 0.000000000000000e+00 
6.020311175913760e-01 -1.727841272808737e-01 0.000000000000000e+00 
6.607351512274789e-01 -1.607142182023749e-01 0.000000000000000e+00 
5.167763281570310e-01 -1.479743023719158e-01 0.000000000000000e+00 
5.508956764021140e-01 -1.814220320728915e-01 0.000000000000000e+00 
5.635682172234378e-01 -1.370797743490844e-01 0.000000000000000e+00 
4.858346700202050e-01 -1.181722192664521e-01 0.000000000000000e+00 
6.272806410554080e-01 -2.519166818522504e-02 0.000000000000000e+00 
6.778504105299932e-01 -5.402611354076552e-02 0.000000000000000e+00 
6.153711269800642e-01 -1.242336462804010e-01 0.000000000000000e+00 
6.714152325167068e-01 -1.077106565969061e-01 0.000000000000000e+00 
5.726776983230734e-01 -9.187085415618462e-02 0.000000000000000e+00 
6.217993449983128e-01 -7.524224709698218e-02 0.000000000000000e+00 
1.778276234799679e-01 3.160350193502282e-01 0.000000000000000e+00 
1.439201693878984e-01 3.205232461653652e-01 0.000000000000000e+00 
1.101417805036022e-01 3.258043136539746e-01 0.000000000000000e+00 
1.620941093504110e-01 3.399777312978852e-01 0.000000000000000e+00 
1.330509949204975e-01 3.482739681498366e-01 0.000000000000000e+00 
5.459733593390592e-01 3.101477590364554e-01 0.000000000000000e+00 
5.685193332515822e-01 2.651432715540770e-01 0.000000000000000e+00 
6.040321766694096e-01 3.123221566716252e-01 0.000000000000000e+00 
5.773086862221272e-01 3.593253133477816e-01 0.000000000000000e+00 
5.183656944837494e-01 3.512200293934008e-01 0.000000000000000e+00 
6.269367812151804e-01 2.633443987624362e-01 0.000000000000000e+00 
-2.313893564173044e-01 5.837430747013562e-01 0.000000000000000e+00 
-2.352046860715380e-01 5.301686105853394e-01 0.000000000000000e+00 
-1.977248074752290e-01 5.004499192610365e-01 0.000000000000000e+00 
-2.759078039345384e-01 5.620795192788486e-01 0.000000000000000e+00 
-2.757572181528374e-01 6.215769917207428e-01 0.000000000000000e+00 
5.800000000000000e-01 0.000000000000000e+00 0.000000000000000e+00 
6.258675641756188e-01 2.419944836999216e-02 0.000000000000000e+00 
5.781665266285236e-01 4.608109684359442e-02 0.000000000000000e+00 
6.800000000000000e-01 0.000000000000000e+00 0.000000000000000e+00 
6.778504105299932e-01 5.402611354076584e-02 0.000000000000000e+00 
6.232692144783016e-01 7.452382993977108e-02 0.000000000000000e+00 
5.878928773160640e-01 -2.200536575804872e-01 0.000000000000000e+00 
5.668758033704614e-01 -2.654524132942372e-01 0.000000000000000e+00 
5.448666298274700e-01 -3.101860159381986e-01 0.000000000000000e+00 
6.040321766694100e-01 -3.123221566716244e-01 0.000000000000000e+00 
6.458776895748924e-01 -2.127016927751142e-01 0.000000000000000e+00 
6.269367812151810e-01 -2.633443987624352e-01 0.000000000000000e+00 
1.115988142881065e-01 -6.178904072800642e-01 0.000000000000000e+00 
1.258477087016668e-01 -5.661822623630490e-01 0.000000000000000e+00 
1.599252359091572e-01 -6.062333937540541e-01 0.000000000000000e+00 
2.072769205971630e-01 -5.906347757780588e-01 0.000000000000000e+00 
1.998181865497885e-01 -6.499789937559168e-01 0.000000000000000e+00 
1.475455895122984e-01 -6.637998938049542e-01 0.000000000000000e+00 
2.508274686763272e-01 -6.320487172342226e-01 0.000000000000000e+00 
-3.199073228995824e-01 -5.375131557664627e-01 0.000000000000000e+00 
-2.770749765489128e-01 -5.630279037366170e-01 0.000000000000000e+00 
-2.765831508285298e-01 -5.098056106770134e-01 0.000000000000000e+00 
-2.352046860715330e-01 -5.301686105853416e-01 0.000000000000000e+00 
-2.376260150296456e-01 -4.821164030127410e-01 0.000000000000000e+00 
-3.242699009713816e-01 -5.977031297592564e-01 0.000000000000000e+00 
-2.757572181528330e-01 -6.215769917207448e-01 0.000000000000000e+00 
3.352933601304134e-01 -4.732635234755124e-01 0.000000000000000e+00 
3.420904758974346e-01 -5.261359108118528e-01 0.000000000000000e+00 
3.816072890952776e-01 -4.956177607553554e-01 0.000000000000000e+00 
3.718343098034886e-01 -4.451283478424658e-01 0.000000000000000e+00 
3.477761257903286e-01 -5.843387427941686e-01 0.000000000000000e+00 
3.931025601528980e-01 -5.548606826954288e-01 0.000000000000000e+00 
4.359436735627108e-01 -5.218746147118564e-01 0.000000000000000e+00 
2.988058589186382e-01 5.499620201542545e-01 0.000000000000000e+00 
2.546015471351628e-01 5.737860997093256e-01 0.000000000000000e+00 
2.560963889652280e-01 5.203985391591434e-01 0.000000000000000e+00 
2.184710484375188e-01 4.920538221593864e-01 0.000000000000000e+00 
2.139410762239236e-01 5.391003764644848e-01 0.000000000000000e+00 
3.002509387868192e-01 6.101224252210647e-01 0.000000000000000e+00 
2.508274686763246e-01 6.320487172342236e-01 0.000000000000000e+00 
2.441529393628372e-01 3.118486196254386e-01 0.000000000000000e+00 
2.235672626411200e-01 2.798295525957626e-01 0.000000000000000e+00 
2.564126047441588e-01 2.760461844214874e-01 0.000000000000000e+00 
2.089273203571962e-01 3.123095760069524e-01 0.000000000000000e+00 
1.899487701868022e-01 2.842578286013064e-01 0.000000000000000e+00 
2.023593648567722e-01 2.522056807874774e-01 0.000000000000000e+00 
2.361312136873140e-01 2.468708562024410e-01 0.000000000000000e+00 
9.801836850962475e-02 3.586195229141416e-01 0.000000000000000e+00 
1.040865075643238e-01 3.926869855689116e-01 0.000000000000000e+00 
1.307894693123577e-01 3.786601374786424e-01 0.000000000000000e+00 
1.263556179653052e-01 4.110161284044774e-01 0.000000000000000e+00 
-1.001632852432885e-01 4.517161902704628e-01 0.000000000000000e+00 
-8.899894783877638e-02 4.920154339892102e-01 0.000000000000000e+00 
-1.278083162202387e-01 4.833891127290182e-01 0.000000000000000e+00 
-1.032387794929806e-01 5.707379034274837e-01 0.000000000000000e+00 
-1.150108979899926e-01 5.242846793239720e-01 0.000000000000000e+00 
-7.430497196986686e-02 5.323842021007720e-01 0.000000000000000e+00 
-1.578250815561955e-01 5.146235742965986e-01 0.000000000000000e+00 
4.060244032502678e-01 -4.141789274761138e-01 0.000000000000000e+00 
4.561024020536690e-01 -4.296309167979606e-01 0.000000000000000e+00 
4.376474796917742e-01 -3.806109345768170e-01 0.000000000000000e+00 
3.917855079765290e-01 -3.692802867559930e-01 0.000000000000000e+00 
5.131039417075974e-01 -4.462335095038546e-01 0.000000000000000e+00 
4.212567814121040e-01 -4.653366091615902e-01 0.000000000000000e+00 
4.760286107072100e-01 -4.855890873857890e-01 0.000000000000000e+00 
-4.221697100143038e-01 -3.977093611501226e-01 0.000000000000000e+00 
-4.393750305750748e-01 -4.481009627893064e-01 0.000000000000000e+00 
-3.892370884482380e-01 -4.299935917852014e-01 0.000000000000000e+00 
-4.949575910512534e-01 -4.662799406587638e-01 0.000000000000000e+00 
-4.563469312841424e-01 -5.041304179550627e-01 0.000000000000000e+00 
-3.673999914116738e-02 6.262310749190986e-01 0.000000000000000e+00 
-5.756720336667702e-02 5.771360473030078e-01 0.000000000000000e+00 
-1.351988761224893e-02 6.798655842436446e-01 0.000000000000000e+00 
-6.749258325748328e-02 6.766422623552506e-01 0.000000000000000e+00 
-8.685152065925818e-02 6.219587598033800e-01 0.000000000000000e+00 
1.224855072233663e-02 -6.276667872319202e-01 0.000000000000000e+00 
-1.153166884573775e-02 -5.798853512666380e-01 0.000000000000000e+00 
6.146758129928600e-02 -6.233117660029770e-01 0.000000000000000e+00 
3.457677259849812e-02 -5.789684333335210e-01 0.000000000000000e+00 
4.053828511547996e-02 -6.787905770117144e-01 0.000000000000000e+00 
9.434016175256900e-02 -6.734240372013010e-01 0.000000000000000e+00 
-1.351988761224487e-02 -6.798655842436448e-01 0.000000000000000e+00 

CELLS 2123 8492
3 376 0 1 
3 471 376 1 
3 425 0 374 
3 2 423 3 
3 2 0 425 
3 4 2 3 
3 2 425 423 
3 4 3 372 
3 1 0 2 
3 1 2 4 
3 423 136 3 
3 5 46 436 
3 5 6 7 
3 5 436 6 
3 6 8 7 
3 435 8 6 
3 272 8 435 
3 732 9 595 
3 733 5 7 
3 8 9 7 
3 7 9 732 
3 733 7 732 
3 275 9 8 
3 10 228 261 
3 11 10 12 
3 10 261 12 
3 11 12 13 
3 10 229 228 
3 11 13 476 
3 666 14 15 
3 549 14 666 
3 15 14 12 
3 13 14 548 
3 261 15 12 
3 12 14 13 
3 16 17 18 
3 19 16 18 
3 20 170 17 
3 21 17 169 
3 16 22 624 
3 21 18 17 
3 16 19 22 
3 387 16 624 
3 16 20 17 
3 19 18 220 
3 16 387 20 
3 23 24 214 
3 23 258 25 
3 23 26 24 
3 24 26 27 
3 23 25 26 
3 258 306 25 
3 25 28 26 
3 26 28 29 
3 182 27 29 
3 27 26 29 
3 30 100 31 
3 31 100 32 
3 562 30 33 
3 31 33 30 
3 34 31 35 
3 31 32 35 
3 35 32 528 
3 34 33 31 
3 684 33 34 
3 35 529 688 
3 35 688 34 
3 36 281 37 
3 38 39 37 
3 276 38 37 
3 536 38 276 
3 238 38 536 
3 37 39 36 
3 40 39 38 
3 36 39 690 
3 238 40 38 
3 690 39 41 
3 40 41 39 
3 42 43 44 
3 42 751 43 
3 45 489 46 
3 614 45 47 
3 44 489 45 
3 45 46 47 
3 42 615 750 
3 48 44 45 
3 48 45 614 
3 48 42 44 
3 42 48 615 
3 49 50 51 
3 473 49 51 
3 52 50 49 
3 410 53 50 
3 50 53 51 
3 51 53 54 
3 55 473 51 
3 55 51 54 
3 55 54 227 
3 467 50 52 
3 56 57 58 
3 56 58 188 
3 334 57 56 
3 450 209 58 
3 450 58 451 
3 56 188 187 
3 59 56 187 
3 59 187 63 
3 65 59 63 
3 59 334 56 
3 58 57 451 
3 60 61 62 
3 63 61 60 
3 61 28 62 
3 62 308 91 
3 60 62 91 
3 64 60 91 
3 64 196 65 
3 65 63 60 
3 64 65 60 
3 183 61 63 
3 29 28 61 
3 29 61 183 
3 66 67 294 
3 66 68 67 
3 69 68 66 
3 451 69 448 
3 67 68 318 
3 332 331 68 
3 69 332 68 
3 68 331 318 
3 69 66 448 
3 451 57 69 
3 69 57 332 
3 70 71 72 
3 128 70 73 
3 73 70 72 
3 70 74 71 
3 110 72 111 
3 72 71 111 
3 75 73 72 
3 110 75 72 
3 71 74 271 
3 140 125 73 
3 75 140 73 
3 76 116 77 
3 78 582 79 
3 80 116 76 
3 81 582 78 
3 82 76 77 
3 83 81 78 
3 82 78 76 
3 82 83 78 
3 78 79 76 
3 83 400 81 
3 79 80 76 
3 327 356 352 
3 84 356 85 
3 85 356 327 
3 86 326 371 
3 87 316 323 
3 462 84 85 
3 85 327 304 
3 462 463 84 
3 463 149 84 
3 324 315 124 
3 87 323 86 
3 87 86 370 
3 88 89 90 
3 103 89 396 
3 90 89 103 
3 91 92 93 
3 195 93 88 
3 64 91 93 
3 195 64 93 
3 91 308 92 
3 396 89 92 
3 93 89 88 
3 92 89 93 
3 94 95 515 
3 96 30 162 
3 97 98 95 
3 99 97 161 
3 99 98 97 
3 97 95 94 
3 97 94 96 
3 97 96 161 
3 514 100 94 
3 96 100 30 
3 94 100 96 
3 83 101 401 
3 82 101 83 
3 102 90 103 
3 101 103 401 
3 102 103 101 
3 104 105 282 
3 105 82 77 
3 105 101 82 
3 255 90 102 
3 104 102 105 
3 255 102 104 
3 102 101 105 
3 312 106 107 
3 108 106 109 
3 107 106 108 
3 108 109 247 
3 108 247 110 
3 108 110 111 
3 107 108 111 
3 112 106 113 
3 113 106 312 
3 109 106 112 
3 95 114 115 
3 77 116 117 
3 98 114 95 
3 118 114 98 
3 117 114 118 
3 515 95 115 
3 119 515 115 
3 119 115 80 
3 117 116 114 
3 115 116 80 
3 114 116 115 
3 253 252 120 
3 121 418 120 
3 122 418 121 
3 120 123 121 
3 123 252 303 
3 324 124 305 
3 120 252 123 
3 122 121 315 
3 123 302 124 
3 121 123 124 
3 315 121 124 
3 142 125 140 
3 126 74 127 
3 125 128 73 
3 129 130 292 
3 127 130 129 
3 126 127 129 
3 127 74 70 
3 127 70 128 
3 349 128 125 
3 127 128 130 
3 130 128 349 
3 131 132 133 
3 132 112 113 
3 134 112 132 
3 135 147 134 
3 133 132 113 
3 136 137 131 
3 137 132 131 
3 137 134 132 
3 137 135 134 
3 137 422 135 
3 136 422 137 
3 246 138 139 
3 140 141 142 
3 139 141 140 
3 139 138 143 
3 143 141 139 
3 142 141 447 
3 447 141 144 
3 144 415 443 
3 144 141 143 
3 75 139 140 
3 75 246 139 
3 145 194 244 
3 248 145 244 
3 178 194 145 
3 383 389 539 
3 109 146 248 
3 146 145 248 
3 147 166 178 
3 146 112 134 
3 145 147 178 
3 134 147 146 
3 146 147 145 
3 109 112 146 
3 148 160 501 
3 149 150 151 
3 150 160 148 
3 151 150 148 
3 227 204 152 
3 148 225 152 
3 151 148 152 
3 148 501 225 
3 149 151 355 
3 225 227 152 
3 151 152 208 
3 153 154 155 
3 155 154 156 
3 153 157 433 
3 153 155 158 
3 156 154 338 
3 192 155 156 
3 438 154 153 
3 158 157 153 
3 180 157 177 
3 177 157 158 
3 180 434 157 
3 463 159 149 
3 500 160 566 
3 159 150 149 
3 161 162 163 
3 162 566 163 
3 161 163 159 
3 99 161 159 
3 566 160 163 
3 163 160 150 
3 163 150 159 
3 463 99 159 
3 161 96 162 
3 164 165 181 
3 165 426 286 
3 175 166 164 
3 135 422 167 
3 167 421 168 
3 164 168 165 
3 135 166 147 
3 165 168 426 
3 164 167 168 
3 166 167 164 
3 135 167 166 
3 169 170 171 
3 20 172 170 
3 169 17 170 
3 171 173 286 
3 426 171 286 
3 426 427 171 
3 427 169 171 
3 170 173 171 
3 290 173 172 
3 172 173 170 
3 20 388 172 
3 174 175 176 
3 174 176 177 
3 178 166 175 
3 176 179 180 
3 175 164 181 
3 175 181 176 
3 174 178 175 
3 176 180 177 
3 174 194 178 
3 181 179 176 
3 182 29 183 
3 184 185 182 
3 184 182 183 
3 184 210 185 
3 185 186 182 
3 187 184 183 
3 188 210 184 
3 188 184 187 
3 187 183 63 
3 186 27 182 
3 189 174 177 
3 189 177 158 
3 189 158 190 
3 191 190 192 
3 193 189 190 
3 189 194 174 
3 191 193 190 
3 191 243 193 
3 193 194 189 
3 158 155 190 
3 190 155 192 
3 195 196 64 
3 330 196 197 
3 382 197 198 
3 382 198 251 
3 198 195 88 
3 198 254 251 
3 198 88 254 
3 197 196 195 
3 88 90 254 
3 198 197 195 
3 65 196 333 
3 523 199 527 
3 200 391 201 
3 199 202 201 
3 202 200 201 
3 203 201 364 
3 201 391 364 
3 203 199 201 
3 527 199 203 
3 523 696 199 
3 199 696 202 
3 909 200 202 
3 204 205 206 
3 206 207 351 
3 206 205 207 
3 409 205 53 
3 54 205 204 
3 54 204 227 
3 152 204 208 
3 208 204 206 
3 208 206 353 
3 53 205 54 
3 207 205 409 
3 58 209 188 
3 600 185 210 
3 480 211 212 
3 600 210 211 
3 212 209 450 
3 188 209 210 
3 211 209 212 
3 210 209 211 
3 480 213 211 
3 213 600 211 
3 214 24 215 
3 27 216 24 
3 186 216 27 
3 215 216 550 
3 24 216 215 
3 186 599 216 
3 216 599 550 
3 217 218 859 
3 214 218 217 
3 215 218 214 
3 552 218 215 
3 19 219 22 
3 220 221 219 
3 19 220 219 
3 220 557 221 
3 222 223 671 
3 223 224 669 
3 221 224 223 
3 559 224 221 
3 219 223 222 
3 219 222 22 
3 221 223 219 
3 225 226 227 
3 228 229 230 
3 55 229 473 
3 226 55 227 
3 501 231 225 
3 231 230 226 
3 225 231 226 
3 226 229 55 
3 230 229 226 
3 263 228 230 
3 311 232 233 
3 306 256 234 
3 233 232 235 
3 605 234 638 
3 232 234 235 
3 306 234 232 
3 235 234 605 
3 235 236 233 
3 233 236 237 
3 233 237 398 
3 311 233 398 
3 238 239 240 
3 241 534 752 
3 534 241 238 
3 241 752 242 
3 238 241 239 
3 241 242 239 
3 40 238 240 
3 40 240 41 
3 242 700 239 
3 240 702 41 
3 239 701 240 
3 243 244 193 
3 243 245 244 
3 245 138 246 
3 245 246 247 
3 244 245 248 
3 248 245 247 
3 109 248 247 
3 243 138 245 
3 244 194 193 
3 247 246 110 
3 110 246 75 
3 249 303 250 
3 251 252 253 
3 250 252 251 
3 382 251 253 
3 254 90 255 
3 254 255 250 
3 255 104 249 
3 254 250 251 
3 255 249 250 
3 303 252 250 
3 638 256 257 
3 306 258 256 
3 23 214 259 
3 260 23 259 
3 260 257 256 
3 258 260 256 
3 260 259 257 
3 23 260 258 
3 259 639 257 
3 214 217 259 
3 217 639 259 
3 261 228 262 
3 263 262 228 
3 263 264 262 
3 265 266 665 
3 664 267 265 
3 264 266 265 
3 261 267 15 
3 503 266 264 
3 262 267 261 
3 264 265 262 
3 265 267 262 
3 268 418 122 
3 268 122 269 
3 270 271 268 
3 270 268 269 
3 107 270 269 
3 312 107 269 
3 111 71 270 
3 107 111 270 
3 270 71 271 
3 271 420 268 
3 271 74 416 
3 272 273 274 
3 434 273 272 
3 180 273 434 
3 179 273 180 
3 289 273 179 
3 591 275 274 
3 291 591 274 
3 275 272 274 
3 291 274 289 
3 274 273 289 
3 291 594 591 
3 275 8 272 
3 276 277 406 
3 278 279 280 
3 278 280 277 
3 276 278 277 
3 276 37 278 
3 279 368 280 
3 280 405 277 
3 367 405 280 
3 37 281 278 
3 279 281 527 
3 278 281 279 
3 282 283 284 
3 283 117 118 
3 283 118 460 
3 105 77 282 
3 104 282 284 
3 104 284 249 
3 285 300 284 
3 283 285 284 
3 283 460 285 
3 282 117 283 
3 77 117 282 
3 165 286 287 
3 286 288 287 
3 288 289 287 
3 286 173 288 
3 288 173 290 
3 165 287 181 
3 288 290 291 
3 288 291 289 
3 289 179 287 
3 290 594 291 
3 287 179 181 
3 292 293 317 
3 293 67 317 
3 294 67 293 
3 295 296 297 
3 292 130 298 
3 292 298 297 
3 299 294 293 
3 297 299 293 
3 298 295 297 
3 292 297 293 
3 297 296 299 
3 300 301 302 
3 285 301 300 
3 303 302 123 
3 249 300 303 
3 284 300 249 
3 300 302 303 
3 304 301 464 
3 305 301 304 
3 302 301 305 
3 124 302 305 
3 306 232 307 
3 92 308 309 
3 310 28 25 
3 306 310 25 
3 306 307 310 
3 62 310 308 
3 311 307 232 
3 308 310 307 
3 62 28 310 
3 309 308 307 
3 397 309 311 
3 311 309 307 
3 113 312 313 
3 314 122 315 
3 315 316 314 
3 314 316 313 
3 313 316 87 
3 312 269 314 
3 269 122 314 
3 312 314 313 
3 133 313 87 
3 133 113 313 
3 324 316 315 
3 317 67 318 
3 328 379 319 
3 129 292 317 
3 126 129 320 
3 126 320 321 
3 320 319 321 
3 129 317 320 
3 319 331 328 
3 317 318 320 
3 318 319 320 
3 318 331 319 
3 322 323 324 
3 325 326 86 
3 86 323 325 
3 327 352 325 
3 323 316 324 
3 325 323 322 
3 327 325 322 
3 322 324 305 
3 352 326 325 
3 322 305 304 
3 327 322 304 
3 328 329 330 
3 329 331 332 
3 330 329 333 
3 328 331 329 
3 333 196 330 
3 65 333 59 
3 329 334 333 
3 333 334 59 
3 332 57 334 
3 332 334 329 
3 335 336 337 
3 156 338 339 
3 192 156 335 
3 338 538 339 
3 412 335 337 
3 412 192 335 
3 156 339 335 
3 337 336 402 
3 339 336 335 
3 337 402 415 
3 407 336 339 
3 340 341 342 
3 343 66 294 
3 340 342 343 
3 340 343 294 
3 342 359 452 
3 342 452 343 
3 341 344 342 
3 344 359 342 
3 345 346 344 
3 341 345 344 
3 345 1006 346 
3 347 348 459 
3 298 347 295 
3 349 125 350 
3 350 125 142 
3 348 350 446 
3 446 350 142 
3 347 350 348 
3 298 130 349 
3 349 350 347 
3 298 349 347 
3 347 459 295 
3 351 326 352 
3 351 352 353 
3 351 207 354 
3 354 326 351 
3 149 355 84 
3 151 208 355 
3 206 351 353 
3 208 353 355 
3 352 356 353 
3 355 356 84 
3 353 356 355 
3 346 357 358 
3 346 358 344 
3 358 359 344 
3 358 360 359 
3 452 359 453 
3 359 360 453 
3 453 360 578 
3 357 361 358 
3 360 362 578 
3 360 361 362 
3 358 361 360 
3 391 363 364 
3 365 366 363 
3 444 366 365 
3 363 455 365 
3 367 366 444 
3 363 366 364 
3 368 367 280 
3 368 366 367 
3 279 203 368 
3 364 366 368 
3 203 364 368 
3 369 131 370 
3 369 370 371 
3 369 371 372 
3 3 369 372 
3 369 136 131 
3 133 87 370 
3 131 133 370 
3 3 136 369 
3 370 86 371 
3 371 326 354 
3 371 354 372 
3 373 374 375 
3 427 374 373 
3 375 0 376 
3 374 0 375 
3 375 377 378 
3 373 21 169 
3 427 373 169 
3 373 375 378 
3 373 378 21 
3 376 377 375 
3 466 377 376 
3 419 379 380 
3 381 379 328 
3 319 379 321 
3 321 379 419 
3 381 197 382 
3 381 330 197 
3 380 381 382 
3 380 382 253 
3 380 253 417 
3 381 328 330 
3 380 379 381 
3 383 290 172 
3 384 385 386 
3 20 387 384 
3 384 388 20 
3 384 389 383 
3 389 384 386 
3 384 387 385 
3 383 388 384 
3 388 383 172 
3 387 624 385 
3 390 391 200 
3 392 455 363 
3 393 455 392 
3 392 391 390 
3 394 392 390 
3 393 392 394 
3 394 390 1066 
3 394 1065 395 
3 393 394 395 
3 392 363 391 
3 1065 431 395 
3 396 309 397 
3 398 399 400 
3 400 399 81 
3 92 309 396 
3 103 396 401 
3 397 311 398 
3 83 401 400 
3 397 398 400 
3 401 397 400 
3 401 396 397 
3 237 399 398 
3 402 403 415 
3 404 405 402 
3 277 405 404 
3 336 404 402 
3 405 403 402 
3 536 276 406 
3 537 406 407 
3 367 403 405 
3 277 404 406 
3 407 404 336 
3 406 404 407 
3 408 409 410 
3 354 207 411 
3 409 53 410 
3 4 372 411 
3 4 411 408 
3 1 4 408 
3 471 1 408 
3 471 408 410 
3 411 409 408 
3 411 207 409 
3 372 354 411 
3 412 413 191 
3 243 413 138 
3 143 413 414 
3 138 413 143 
3 414 413 412 
3 412 191 192 
3 144 143 414 
3 414 337 415 
3 414 412 337 
3 144 414 415 
3 191 413 243 
3 416 74 126 
3 253 120 417 
3 120 418 417 
3 419 380 417 
3 417 418 420 
3 420 418 268 
3 419 417 420 
3 416 126 321 
3 271 416 420 
3 416 321 419 
3 416 419 420 
3 421 422 423 
3 424 421 425 
3 425 421 423 
3 168 421 424 
3 167 422 421 
3 425 374 424 
3 426 424 427 
3 424 374 427 
3 426 168 424 
3 423 422 136 
3 295 428 296 
3 429 428 458 
3 1064 430 431 
3 430 1005 441 
3 431 432 429 
3 430 432 431 
3 299 340 294 
3 432 440 429 
3 440 428 429 
3 296 428 440 
3 441 432 430 
3 395 431 429 
3 433 434 435 
3 46 489 436 
3 435 434 272 
3 433 435 437 
3 438 153 433 
3 438 433 437 
3 437 436 490 
3 438 437 490 
3 437 6 436 
3 435 6 437 
3 157 434 433 
3 439 440 432 
3 439 432 441 
3 442 440 439 
3 441 1006 345 
3 442 296 440 
3 341 442 439 
3 340 442 341 
3 299 442 340 
3 341 439 345 
3 439 441 345 
3 299 296 442 
3 443 444 445 
3 445 444 365 
3 415 403 443 
3 446 142 447 
3 446 445 456 
3 446 447 445 
3 447 443 445 
3 447 144 443 
3 445 365 456 
3 367 444 403 
3 403 444 443 
3 448 66 343 
3 449 450 451 
3 452 448 343 
3 449 451 448 
3 452 449 448 
3 452 453 449 
3 453 578 454 
3 453 454 449 
3 454 450 449 
3 212 450 454 
3 365 455 456 
3 457 455 393 
3 458 428 459 
3 348 446 456 
3 395 429 458 
3 348 456 457 
3 393 395 458 
3 457 393 458 
3 457 458 459 
3 348 457 459 
3 459 428 295 
3 456 455 457 
3 460 461 462 
3 99 461 98 
3 463 461 99 
3 98 461 118 
3 462 85 464 
3 464 301 285 
3 460 464 285 
3 85 304 464 
3 460 462 464 
3 462 461 463 
3 118 461 460 
3 465 466 467 
3 465 467 52 
3 465 52 468 
3 469 470 465 
3 465 470 466 
3 410 50 467 
3 471 410 467 
3 466 376 471 
3 466 471 467 
3 469 465 468 
3 469 487 470 
3 10 472 473 
3 474 475 468 
3 474 472 476 
3 11 476 472 
3 10 473 229 
3 52 49 474 
3 52 474 468 
3 11 472 10 
3 49 472 474 
3 474 476 475 
3 473 472 49 
3 576 477 478 
3 477 479 478 
3 480 479 481 
3 213 480 481 
3 479 480 478 
3 477 576 482 
3 479 477 483 
3 479 483 481 
3 477 898 1071 
3 477 1071 483 
3 477 482 898 
3 220 18 484 
3 220 484 485 
3 470 377 466 
3 486 377 470 
3 378 377 486 
3 378 486 484 
3 378 484 21 
3 486 485 484 
3 484 18 21 
3 486 487 485 
3 470 487 486 
3 488 489 44 
3 436 489 490 
3 488 43 491 
3 492 154 438 
3 488 44 43 
3 338 492 491 
3 492 438 490 
3 338 154 492 
3 492 488 491 
3 492 490 488 
3 490 489 488 
3 493 494 495 
3 496 494 493 
3 496 361 357 
3 357 494 496 
3 715 496 493 
3 1068 495 494 
3 646 713 497 
3 495 645 643 
3 1070 645 495 
3 493 643 497 
3 493 497 715 
3 495 643 493 
3 498 499 231 
3 500 498 501 
3 498 500 502 
3 499 503 264 
3 499 502 503 
3 500 501 160 
3 499 230 231 
3 499 498 502 
3 263 499 264 
3 499 263 230 
3 498 231 501 
3 504 588 505 
3 506 512 507 
3 507 508 509 
3 583 508 507 
3 510 504 505 
3 506 507 509 
3 504 508 584 
3 509 508 510 
3 510 508 504 
3 517 507 512 
3 581 588 504 
3 511 512 506 
3 513 512 511 
3 32 100 514 
3 515 514 94 
3 514 516 513 
3 515 516 514 
3 513 32 514 
3 513 516 512 
3 119 516 515 
3 517 512 516 
3 517 516 119 
3 518 519 520 
3 560 519 518 
3 519 487 469 
3 518 520 521 
3 469 468 520 
3 520 475 521 
3 468 475 520 
3 519 469 520 
3 522 855 518 
3 521 547 522 
3 521 522 518 
3 518 855 560 
3 523 524 525 
3 526 524 36 
3 525 524 526 
3 281 524 527 
3 36 524 281 
3 527 524 523 
3 697 523 525 
3 526 36 690 
3 279 527 203 
3 526 680 525 
3 525 681 697 
3 528 32 513 
3 528 513 511 
3 688 529 530 
3 531 529 532 
3 530 529 531 
3 532 529 528 
3 511 532 528 
3 528 529 35 
3 530 811 687 
3 531 533 530 
3 533 811 530 
3 751 534 535 
3 534 238 536 
3 43 535 491 
3 537 536 406 
3 534 536 537 
3 338 491 538 
3 538 407 339 
3 538 537 407 
3 534 537 535 
3 491 535 538 
3 538 535 537 
3 751 535 43 
3 539 389 540 
3 539 540 541 
3 539 541 542 
3 543 542 541 
3 595 542 543 
3 389 386 540 
3 541 632 543 
3 540 628 544 
3 540 544 541 
3 386 628 540 
3 544 632 541 
3 545 476 13 
3 521 475 545 
3 475 476 545 
3 546 547 548 
3 522 547 791 
3 548 14 549 
3 546 548 549 
3 791 547 546 
3 548 547 545 
3 13 548 545 
3 545 547 521 
3 550 599 551 
3 552 553 554 
3 555 552 554 
3 555 218 552 
3 554 553 653 
3 859 218 555 
3 550 553 552 
3 551 553 550 
3 550 552 215 
3 554 556 555 
3 656 556 554 
3 557 558 559 
3 557 220 485 
3 558 487 519 
3 559 558 560 
3 558 519 560 
3 485 487 558 
3 557 485 558 
3 557 559 221 
3 560 855 561 
3 560 561 559 
3 561 224 559 
3 562 563 564 
3 500 565 502 
3 563 562 33 
3 562 566 162 
3 562 162 30 
3 562 567 566 
3 500 567 565 
3 567 562 564 
3 563 685 564 
3 567 564 565 
3 567 500 566 
3 568 846 569 
3 570 571 572 
3 1053 573 574 
3 570 572 575 
3 571 967 572 
3 573 570 575 
3 573 575 574 
3 568 573 918 
3 569 571 570 
3 569 570 568 
3 570 573 568 
3 576 478 577 
3 578 577 579 
3 579 212 454 
3 480 212 579 
3 480 579 478 
3 578 579 454 
3 579 577 478 
3 362 577 578 
3 580 577 362 
3 576 580 482 
3 576 577 580 
3 586 581 582 
3 583 584 508 
3 517 583 507 
3 586 582 81 
3 583 119 80 
3 583 80 79 
3 582 584 79 
3 583 79 584 
3 581 584 582 
3 581 504 584 
3 583 517 119 
3 585 399 237 
3 586 587 588 
3 586 81 399 
3 589 587 723 
3 505 588 589 
3 589 588 587 
3 586 585 587 
3 585 586 399 
3 581 586 588 
3 724 590 589 
3 589 590 505 
3 591 592 275 
3 593 592 591 
3 593 591 594 
3 383 539 594 
3 383 594 290 
3 9 592 595 
3 593 542 592 
3 595 592 542 
3 539 593 594 
3 275 592 9 
3 593 539 542 
3 213 481 596 
3 597 598 599 
3 597 599 186 
3 600 596 598 
3 551 598 677 
3 597 600 598 
3 598 596 677 
3 600 597 185 
3 551 599 598 
3 600 213 596 
3 597 186 185 
3 601 602 603 
3 604 235 605 
3 726 236 604 
3 604 236 235 
3 773 601 603 
3 773 727 601 
3 603 602 658 
3 604 602 601 
3 605 602 604 
3 640 602 605 
3 604 601 726 
3 601 727 726 
3 606 607 608 
3 608 590 609 
3 610 607 848 
3 606 608 609 
3 848 607 606 
3 608 607 510 
3 505 590 608 
3 509 607 610 
3 505 608 510 
3 509 610 506 
3 510 607 509 
3 748 611 997 
3 612 611 613 
3 613 649 887 
3 48 614 615 
3 612 613 887 
3 997 611 612 
3 615 611 748 
3 613 611 614 
3 47 649 613 
3 615 748 750 
3 47 613 614 
3 614 611 615 
3 616 617 610 
3 532 617 618 
3 531 532 618 
3 618 617 616 
3 610 617 506 
3 511 617 532 
3 506 617 511 
3 531 619 533 
3 618 619 531 
3 616 793 618 
3 793 619 618 
3 620 621 222 
3 622 621 623 
3 620 222 671 
3 627 622 623 
3 623 621 620 
3 222 621 22 
3 624 621 622 
3 624 622 385 
3 22 621 624 
3 623 831 627 
3 620 833 623 
3 625 626 627 
3 626 622 627 
3 625 628 626 
3 629 628 625 
3 385 622 626 
3 626 628 386 
3 385 626 386 
3 781 630 625 
3 629 630 635 
3 627 781 625 
3 625 630 629 
3 631 544 629 
3 544 628 629 
3 729 632 633 
3 865 729 633 
3 631 632 544 
3 633 632 631 
3 543 632 729 
3 634 635 1049 
3 631 635 634 
3 631 634 633 
3 629 635 631 
3 634 1081 633 
3 659 636 637 
3 638 234 256 
3 636 639 637 
3 659 640 636 
3 641 639 217 
3 637 639 641 
3 257 639 636 
3 638 640 605 
3 257 636 638 
3 636 640 638 
3 641 858 637 
3 642 643 644 
3 497 643 642 
3 643 645 644 
3 646 497 642 
3 647 648 721 
3 647 645 648 
3 644 645 647 
3 648 645 1070 
3 799 805 642 
3 644 799 642 
3 642 805 646 
3 887 649 886 
3 5 650 651 
3 5 651 46 
3 47 46 651 
3 5 733 650 
3 886 649 652 
3 886 652 868 
3 650 869 652 
3 652 649 651 
3 650 652 651 
3 651 649 47 
3 653 553 654 
3 654 675 655 
3 653 654 655 
3 677 654 551 
3 654 553 551 
3 656 657 837 
3 837 657 1016 
3 653 657 656 
3 655 657 653 
3 653 656 554 
3 1017 657 655 
3 658 640 659 
3 658 602 640 
3 660 661 937 
3 976 660 937 
3 976 662 660 
3 658 662 603 
3 858 661 637 
3 659 661 660 
3 659 660 658 
3 637 661 659 
3 660 662 658 
3 663 267 664 
3 15 267 663 
3 664 265 665 
3 666 15 663 
3 756 667 668 
3 1041 667 756 
3 663 667 1043 
3 664 667 663 
3 663 1043 666 
3 665 668 664 
3 668 667 664 
3 669 224 670 
3 671 223 669 
3 670 224 561 
3 672 673 674 
3 1033 672 674 
3 1098 673 853 
3 674 673 1098 
3 669 673 672 
3 670 673 669 
3 669 672 671 
3 853 673 670 
3 655 675 676 
3 677 675 654 
3 678 675 677 
3 678 481 483 
3 678 596 481 
3 677 596 678 
3 1073 679 1071 
3 676 679 1073 
3 676 675 679 
3 483 679 678 
3 679 675 678 
3 1071 679 483 
3 525 680 681 
3 681 680 682 
3 766 681 682 
3 766 765 681 
3 682 680 693 
3 681 765 697 
3 969 768 767 
3 824 762 825 
3 682 762 766 
3 693 825 682 
3 825 762 682 
3 767 1013 969 
3 34 683 684 
3 563 684 685 
3 563 33 684 
3 711 686 777 
3 687 688 530 
3 687 683 688 
3 778 683 687 
3 778 686 683 
3 685 686 711 
3 684 686 685 
3 683 686 684 
3 688 683 34 
3 41 689 690 
3 691 689 692 
3 693 691 692 
3 693 680 691 
3 705 689 702 
3 692 689 705 
3 690 689 691 
3 690 691 526 
3 702 689 41 
3 691 680 526 
3 692 829 693 
3 765 694 695 
3 695 696 697 
3 697 696 523 
3 908 698 699 
3 695 698 696 
3 699 698 695 
3 696 698 202 
3 909 698 908 
3 909 202 698 
3 699 694 904 
3 695 694 699 
3 697 765 695 
3 700 701 239 
3 240 701 702 
3 703 701 700 
3 702 701 704 
3 703 700 913 
3 705 702 704 
3 704 701 703 
3 704 706 707 
3 703 706 704 
3 704 707 705 
3 708 709 893 
3 503 502 708 
3 710 564 685 
3 710 565 564 
3 708 565 710 
3 502 565 708 
3 776 709 711 
3 711 709 710 
3 685 711 710 
3 708 893 503 
3 710 709 708 
3 712 713 899 
3 361 714 362 
3 496 714 361 
3 482 580 712 
3 715 714 496 
3 580 714 712 
3 712 714 715 
3 362 714 580 
3 497 713 715 
3 712 899 482 
3 715 713 712 
3 716 742 717 
3 716 717 718 
3 1069 718 719 
3 719 718 717 
3 1007 716 718 
3 648 720 721 
3 722 720 744 
3 721 720 722 
3 719 720 648 
3 717 720 719 
3 744 720 717 
3 723 724 589 
3 587 725 723 
3 723 725 726 
3 726 725 236 
3 236 725 237 
3 585 725 587 
3 585 237 725 
3 724 727 728 
3 728 727 773 
3 723 727 724 
3 726 727 723 
3 543 729 730 
3 730 595 543 
3 731 732 730 
3 730 732 595 
3 733 732 731 
3 733 731 650 
3 734 729 865 
3 731 869 650 
3 730 729 734 
3 730 734 731 
3 734 869 731 
3 910 905 735 
3 1060 736 743 
3 737 1062 738 
3 735 738 910 
3 1060 737 736 
3 737 735 736 
3 737 738 735 
3 735 905 739 
3 739 740 736 
3 735 739 736 
3 736 740 743 
3 741 716 1063 
3 716 741 742 
3 741 743 742 
3 744 745 746 
3 745 740 747 
3 722 744 746 
3 746 745 747 
3 742 745 744 
3 743 740 745 
3 742 744 717 
3 743 745 742 
3 748 749 750 
3 534 751 752 
3 242 752 750 
3 751 42 752 
3 42 750 752 
3 700 749 913 
3 753 748 997 
3 753 749 748 
3 913 749 753 
3 242 749 700 
3 750 749 242 
3 668 754 755 
3 756 668 755 
3 755 754 1087 
3 665 754 668 
3 757 758 759 
3 1039 757 760 
3 757 759 760 
3 758 757 755 
3 756 757 1039 
3 1087 758 755 
3 755 757 756 
3 761 762 763 
3 764 765 766 
3 764 694 765 
3 901 694 764 
3 767 768 761 
3 767 761 763 
3 763 762 824 
3 766 762 761 
3 761 768 764 
3 766 761 764 
3 764 768 901 
3 862 769 770 
3 771 772 975 
3 771 769 772 
3 770 769 771 
3 603 662 772 
3 728 769 862 
3 773 769 728 
3 603 772 773 
3 772 769 773 
3 771 978 863 
3 975 978 771 
3 771 863 770 
3 963 774 775 
3 891 774 962 
3 776 711 777 
3 777 686 778 
3 775 779 813 
3 963 775 813 
3 778 779 775 
3 687 779 778 
3 775 774 777 
3 776 774 891 
3 778 775 777 
3 777 774 776 
3 780 630 781 
3 780 781 782 
3 781 831 782 
3 1046 630 780 
3 627 831 781 
3 783 784 785 
3 783 785 1050 
3 784 1038 785 
3 782 784 783 
3 832 784 782 
3 783 1047 780 
3 782 783 780 
3 786 787 880 
3 817 788 789 
3 786 790 787 
3 788 790 789 
3 789 790 786 
3 787 790 546 
3 791 790 788 
3 791 788 854 
3 549 787 546 
3 546 790 791 
3 786 881 818 
3 786 818 789 
3 792 793 794 
3 793 850 794 
3 792 619 793 
3 922 619 792 
3 616 850 793 
3 795 874 796 
3 795 796 797 
3 924 795 797 
3 794 874 795 
3 794 795 792 
3 795 924 792 
3 798 799 800 
3 801 802 1057 
3 798 805 799 
3 801 803 802 
3 799 803 800 
3 800 803 801 
3 802 803 647 
3 644 803 799 
3 721 802 647 
3 647 803 644 
3 1057 979 801 
3 804 805 798 
3 806 900 807 
3 807 805 804 
3 806 807 804 
3 646 805 807 
3 808 809 810 
3 808 810 1092 
3 809 984 810 
3 804 809 808 
3 804 808 806 
3 798 809 804 
3 923 811 533 
3 812 811 923 
3 812 779 811 
3 813 779 812 
3 811 779 687 
3 958 814 815 
3 814 919 816 
3 814 816 815 
3 813 814 958 
3 812 814 813 
3 923 919 812 
3 919 814 812 
3 817 852 788 
3 818 881 819 
3 820 821 822 
3 820 822 1101 
3 818 819 823 
3 821 818 823 
3 821 823 822 
3 817 821 820 
3 789 821 817 
3 817 820 1096 
3 818 821 789 
3 824 825 826 
3 827 828 707 
3 829 828 830 
3 826 829 830 
3 830 828 827 
3 826 825 829 
3 707 828 705 
3 692 828 829 
3 705 828 692 
3 829 825 693 
3 826 940 824 
3 782 831 832 
3 833 834 835 
3 832 833 835 
3 832 831 833 
3 1033 834 672 
3 835 834 1033 
3 620 834 833 
3 671 834 620 
3 672 834 671 
3 833 831 623 
3 835 1035 832 
3 931 556 836 
3 836 656 837 
3 836 556 656 
3 838 1018 839 
3 840 838 841 
3 840 841 927 
3 838 839 841 
3 1018 838 837 
3 836 838 840 
3 836 840 931 
3 837 838 836 
3 842 843 906 
3 569 843 842 
3 844 740 739 
3 844 739 845 
3 747 740 844 
3 846 843 569 
3 844 843 846 
3 845 843 844 
3 906 843 845 
3 844 846 747 
3 842 571 569 
3 606 871 847 
3 609 871 606 
3 616 610 848 
3 847 871 873 
3 849 847 873 
3 849 850 847 
3 794 850 849 
3 848 850 616 
3 606 847 848 
3 847 850 848 
3 877 947 878 
3 849 874 794 
3 851 852 853 
3 854 855 522 
3 561 855 851 
3 670 561 851 
3 854 522 791 
3 851 855 854 
3 853 852 1096 
3 1096 852 817 
3 854 852 851 
3 851 853 670 
3 788 852 854 
3 555 556 856 
3 641 857 858 
3 641 217 859 
3 856 556 931 
3 858 857 932 
3 933 856 931 
3 933 857 856 
3 932 857 933 
3 859 857 641 
3 555 856 859 
3 856 857 859 
3 860 861 609 
3 860 590 724 
3 860 724 728 
3 609 590 860 
3 948 862 770 
3 948 861 862 
3 728 862 860 
3 862 861 860 
3 863 978 864 
3 863 864 950 
3 978 974 864 
3 633 1081 865 
3 866 867 868 
3 652 869 868 
3 866 734 865 
3 866 869 734 
3 868 869 866 
3 884 867 955 
3 868 867 884 
3 865 1081 870 
3 865 870 866 
3 870 867 866 
3 861 871 609 
3 872 871 861 
3 873 871 872 
3 874 875 876 
3 874 876 796 
3 875 877 878 
3 875 878 876 
3 849 875 874 
3 873 875 849 
3 872 877 873 
3 877 875 873 
3 549 879 787 
3 1043 879 666 
3 787 879 880 
3 880 879 1042 
3 666 879 549 
3 881 882 883 
3 882 1045 883 
3 881 883 819 
3 882 881 880 
3 1042 882 880 
3 880 881 786 
3 884 885 886 
3 887 885 888 
3 889 885 884 
3 888 885 890 
3 889 884 955 
3 995 888 890 
3 890 885 889 
3 868 884 886 
3 887 888 612 
3 886 885 887 
3 776 891 892 
3 893 709 892 
3 894 893 892 
3 892 709 776 
3 894 266 893 
3 665 266 894 
3 893 266 503 
3 894 754 665 
3 892 895 894 
3 895 754 894 
3 891 895 892 
3 646 807 896 
3 897 1076 1072 
3 897 898 899 
3 899 713 896 
3 897 899 896 
3 1072 898 897 
3 896 713 646 
3 899 898 482 
3 807 900 896 
3 897 900 1076 
3 896 900 897 
3 901 902 903 
3 904 694 901 
3 903 905 904 
3 739 905 845 
3 903 904 901 
3 845 905 903 
3 902 768 969 
3 968 906 902 
3 842 906 968 
3 903 906 845 
3 901 768 902 
3 902 906 903 
3 907 908 738 
3 907 738 1062 
3 907 909 908 
3 907 390 200 
3 910 908 699 
3 907 1062 1066 
3 907 1066 390 
3 910 738 908 
3 909 907 200 
3 904 905 910 
3 699 904 910 
3 911 912 913 
3 911 914 1002 
3 915 911 1002 
3 915 912 911 
3 1020 912 915 
3 1020 706 912 
3 753 914 911 
3 913 912 703 
3 997 914 753 
3 912 706 703 
3 753 911 913 
3 846 916 747 
3 917 1056 722 
3 917 916 918 
3 1055 917 918 
3 568 916 846 
3 1055 1056 917 
3 918 916 568 
3 746 916 917 
3 747 916 746 
3 746 917 722 
3 918 573 1053 
3 918 1053 1055 
3 919 920 921 
3 533 619 922 
3 923 533 922 
3 920 924 925 
3 919 921 816 
3 920 925 921 
3 924 797 925 
3 922 924 920 
3 792 924 922 
3 923 920 919 
3 922 920 923 
3 926 840 927 
3 928 926 929 
3 938 928 930 
3 928 929 930 
3 926 927 929 
3 840 926 931 
3 928 938 932 
3 933 926 928 
3 933 928 932 
3 931 926 933 
3 977 934 935 
3 936 661 858 
3 936 858 932 
3 937 661 936 
3 934 938 939 
3 934 939 935 
3 938 930 939 
3 934 977 937 
3 936 938 934 
3 936 934 937 
3 932 938 936 
3 940 941 942 
3 941 943 944 
3 943 1025 945 
3 940 942 1014 
3 943 945 944 
3 941 944 942 
3 827 1025 943 
3 943 941 830 
3 826 941 940 
3 827 943 830 
3 830 941 826 
3 877 946 947 
3 872 861 948 
3 949 863 950 
3 949 950 951 
3 946 949 951 
3 946 951 947 
3 872 946 877 
3 948 946 872 
3 770 863 949 
3 770 949 948 
3 949 946 948 
3 1028 952 953 
3 954 870 1080 
3 954 867 870 
3 955 867 954 
3 956 1082 957 
3 952 956 957 
3 952 957 953 
3 955 952 1028 
3 954 952 955 
3 1080 956 954 
3 956 952 954 
3 958 815 959 
3 960 961 1088 
3 962 774 963 
3 960 964 961 
3 964 958 959 
3 964 959 961 
3 962 964 960 
3 963 964 962 
3 962 960 1085 
3 813 958 963 
3 958 964 963 
3 965 966 967 
3 968 902 969 
3 571 965 967 
3 970 1013 971 
3 965 970 966 
3 970 971 966 
3 965 571 842 
3 1013 970 969 
3 968 970 965 
3 968 965 842 
3 969 970 968 
3 972 973 974 
3 772 662 975 
3 975 662 976 
3 972 977 973 
3 977 935 973 
3 978 972 974 
3 976 977 972 
3 976 972 975 
3 937 977 976 
3 972 978 975 
3 979 1059 980 
3 981 979 980 
3 982 981 983 
3 809 982 984 
3 981 980 983 
3 982 983 984 
3 801 979 981 
3 981 982 800 
3 798 982 809 
3 801 981 800 
3 800 982 798 
3 985 986 987 
3 988 1077 989 
3 986 1094 990 
3 986 990 987 
3 985 987 991 
3 1015 985 991 
3 1074 1094 986 
3 989 985 988 
3 985 1015 988 
3 1074 986 989 
3 986 985 989 
3 1000 992 993 
3 994 888 995 
3 996 994 995 
3 996 914 994 
3 612 888 994 
3 612 994 997 
3 994 914 997 
3 992 1030 993 
3 995 1026 992 
3 995 992 996 
3 992 1000 996 
3 998 999 1023 
3 1000 993 1001 
3 1002 914 996 
3 1003 1000 1001 
3 1003 1001 999 
3 998 1003 999 
3 1002 1000 1003 
3 915 998 1020 
3 996 1000 1002 
3 1002 1003 915 
3 1003 998 915 
3 716 1004 1063 
3 441 1005 1006 
3 1004 1005 430 
3 1064 1004 430 
3 1007 718 1008 
3 1069 1008 718 
3 1064 1063 1004 
3 716 1007 1004 
3 1005 1008 1006 
3 1007 1008 1005 
3 1007 1005 1004 
3 1009 1010 1011 
3 1009 1011 1012 
3 767 1009 1013 
3 763 1009 767 
3 1013 1009 1012 
3 1013 1012 971 
3 1010 940 1014 
3 1010 1014 1011 
3 824 1010 763 
3 1010 1009 763 
3 940 1010 824 
3 988 1015 1016 
3 1017 1077 988 
3 1016 1017 988 
3 1016 657 1017 
3 676 1077 1017 
3 676 1017 655 
3 1018 1015 1019 
3 1018 1019 839 
3 1015 991 1019 
3 1016 1015 1018 
3 1016 1018 837 
3 1020 998 1021 
3 707 706 1022 
3 827 707 1022 
3 1022 706 1020 
3 1021 998 1023 
3 1021 1023 1024 
3 1025 1021 1024 
3 1025 1024 945 
3 1022 1025 827 
3 1020 1021 1022 
3 1021 1025 1022 
3 890 1026 995 
3 1027 1028 1029 
3 992 1026 1030 
3 1027 1029 1031 
3 1028 953 1029 
3 1026 1027 1031 
3 1026 1031 1030 
3 889 1028 1027 
3 889 1027 890 
3 955 1028 889 
3 1027 1026 890 
3 674 1032 1033 
3 835 1034 1035 
3 1035 1034 1036 
3 1034 1032 1037 
3 1035 1036 1038 
3 1034 1037 1036 
3 784 1035 1038 
3 1032 1100 1037 
3 1033 1032 1034 
3 1033 1034 835 
3 1035 784 832 
3 1039 1040 1041 
3 1042 1040 882 
3 1043 667 1041 
3 1042 879 1043 
3 1042 1043 1041 
3 1040 1039 1044 
3 882 1040 1045 
3 1039 760 1044 
3 1040 1044 1045 
3 756 1039 1041 
3 1041 1040 1042 
3 1046 1047 1048 
3 635 630 1046 
3 1049 635 1046 
3 1047 783 1050 
3 1048 1047 1051 
3 1083 1048 1052 
3 1048 1051 1052 
3 1047 1050 1051 
3 1048 1083 1049 
3 1046 1048 1049 
3 780 1047 1046 
3 1053 1054 1055 
3 802 1056 1057 
3 1057 1056 1055 
3 721 1056 802 
3 722 1056 721 
3 1054 1053 1058 
3 979 1054 1059 
3 1053 574 1058 
3 1054 1058 1059 
3 1057 1054 979 
3 1055 1054 1057 
3 1060 1061 1062 
3 737 1060 1062 
3 1060 1063 1061 
3 1064 431 1065 
3 1061 1064 1065 
3 394 1066 1065 
3 1066 1061 1065 
3 1066 1062 1061 
3 1061 1063 1064 
3 741 1060 743 
3 1060 741 1063 
3 1067 494 357 
3 1067 1068 494 
3 1067 1008 1069 
3 1068 1067 1069 
3 1070 1069 719 
3 1067 357 346 
3 1067 346 1006 
3 1067 1006 1008 
3 1068 1069 1070 
3 1068 1070 495 
3 719 648 1070 
3 1071 898 1072 
3 1073 1071 1072 
3 1074 1075 1076 
3 989 1075 1074 
3 989 1077 1075 
3 1073 1077 676 
3 1072 1075 1073 
3 1075 1077 1073 
3 1076 1075 1072 
3 1078 1079 1080 
3 870 1081 1080 
3 1078 634 1049 
3 1078 1081 634 
3 1080 1081 1078 
3 956 1079 1082 
3 1079 1083 1084 
3 1079 1084 1082 
3 1083 1052 1084 
3 1080 1079 956 
3 1078 1083 1079 
3 1049 1083 1078 
3 1085 1086 1087 
3 1085 891 962 
3 1085 895 891 
3 1087 895 1085 
3 1087 754 895 
3 1086 960 1088 
3 758 1086 1089 
3 758 1089 759 
3 1086 1088 1089 
3 960 1086 1085 
3 1087 1086 758 
3 808 1090 806 
3 1076 900 1091 
3 1074 1076 1091 
3 1091 900 806 
3 1090 808 1092 
3 1090 1092 1093 
3 1094 1090 1093 
3 1094 1093 990 
3 1091 1094 1074 
3 806 1090 1091 
3 1090 1094 1091 
3 820 1095 1096 
3 1097 1032 674 
3 1098 853 1096 
3 1097 1095 1099 
3 1097 1099 1100 
3 1095 820 1101 
3 1032 1097 1100 
3 1095 1101 1099 
3 1098 1095 1097 
3 1096 1095 1098 
3 1098 1097 674 

CELL_TYPES 2123
5
5
5
5
5
5
5
5
5
5
5
5
5
5
5
5
5
5
5
5
5
5
5
5
5
5
5
5
5
5
5
5
5
5
5
5
5
5
5
5
5
5
5
5
5
5
5
5
5
5
5
5
5
5
5
5
5
5
5
5
5
5
5
5
5
5
5
5
5
5
5
5
5
5
5
5
5
5
5
5
5
5
5
5
5
5
5
5
5
5
5
5
5
5
5
5
5
5
5
5
5
5
5
5
5
5
5
5
5
5
5
5
5
5
5
5
5
5
5
5
5
5
5
5
5
5
5
5
5
5
5
5
5
5
5
5
5
5
5
5
5
5
5
5
5
5
5
5
5
5
5
5
5
5
5
5
5
5
5
5
5
5
5
5
5
5
5
5
5
5
5
5
5
5
5
5
5
5
5
5
5
5
5
5
5
5
5
5
5
5
5
5
5
5
5
5
5
5
5
5
5
5
5
5
5
5
5
5
5
5
5
5
5
5
5
5
5
5
5
5
5
5
5
5
5
5
5
5
5
5
5
5
5
5
5
5
5
5
5
5
5
5
5
5
5
5
5
5
5
5
5
5
5
5
5
5
5
5
5
5
5
5
5
5
5
5
5
5
5
5
5
5
5
5
5
5
5
5
5
5
5
5
5
5
5
5
5
5
5
5
5
5
5
5
5
5
5
5
5
5
5
5
5
5
5
5
5
5
5
5
5
5
5
5
5
5
5
5
5
5
5
5
5
5
5
5
5
5
5
5
5
5
5
5
5
5
5
5
5
5
5
5
5
5
5
5
5
5
5
5
5
5
5
5
5
5
5
5
5
5
5
5
5
5
5
5
5
5
5
5
5
5
5
5
5
5
5
5
5
5
5
5
5
5
5
5
5
5
5
5
5
5
5
5
5
5
5
5
5
5
5
5
5
5
5
5
5
5
5
5
5
5
5
5
5
5
5
5
5
5
5
5
5
5
5
5
5
5
5
5
5
5
5
5
5
5
5
5
5
5
5
5
5
5
5
5
5
5
5
5
5
5
5
5
5
5
5
5
5
5
5
5
5
5
5
5
5
5
5
5
5
5
5
5
5
5
5
5
5
5
5
5
5
5
5
5
5
5
5
5
5
5
5
5
5
5
5
5
5
5
5
5
5
5
5
5
5
5
5
5
5
5
5
5
5
5
5
5
5
5
5
5
5
5
5
5
5
5
5
5
5
5
5
5
5
5
5
5
5
5
5
5
5
5
5
5
5
5
5
5
5
5
5
5
5
5
5
5
5
5
5
5
5
5
5
5
5
5
5
5
5
5
5
5
5
5
5
5
5
5
5
5
5
5
5
5
5
5
5
5
5
5
5
5
5
5
5
5
5
5
5
5
5
5
5
5
5
5
5
5
5
5
5
5
5
5
5
5
5
5
5
5
5
5
5
5
5
5
5
5
5
5
5
5
5
5
5
5
5
5
5
5
5
5
5
5
5
5
5
5
5
5
5
5
5
5
5
5
5
5
5
5
5
5
5
5
5
5
5
5
5
5
5
5
5
5
5
5
5
5
5
5
5
5
5
5
5
5
5
5
5
5
5
5
5
5
5
5
5
5
5
5
5
5
5
5
5
5
5
5
5
5
5
5
5
5
5
5
5
5
5
5
5
5
5
5
5
5
5
5
5
5
5
5
5
5
5
5
5
5
5
5
5
5
5
5
5
5
5
5
5
5
5
5
5
5
5
5
5
5
5
5
5
5
5
5
5
5
5
5
5
5
5
5
5
5
5
5
5
5
5
5
5
5
5
5
5
5
5
5
5
5
5
5
5
5
5
5
5
5
5
5
5
5
5
5
5
5
5
5
5
5
5
5
5
5
5
5
5
5
5
5
5
5
5
5
5
5
5
5
5
5
5
5
5
5
5
5
5
5
5
5
5
5
5
5
5
5
5
5
5
5
5
5
5
5
5
5
5
5
5
5
5
5
5
5
5
5
5
5
5
5
5
5
5
5
5
5
5
5
5
5
5
5
5
5
5
5
5
5
5
5
5
5
5
5
5
5
5
5
5
5
5
5
5
5
5
5
5
5
5
5
5
5
5
5
5
5
5
5
5
5
5
5
5
5
5
5
5
5
5
5
5
5
5
5
5
5
5
5
5
5
5
5
5
5
5
5
5
5
5
5
5
5
5
5
5
5
5
5
5
5
5
5
5
5
5
5
5
5
5
5
5
5
5
5
5
5
5
5
5
5
5
5
5
5
5
5
5
5
5
5
5
5
5
5
5
5
5
5
5
5
5
5
5
5
5
5
5
5
5
5
5
5
5
5
5
5
5
5
5
5
5
5
5
5
5
5
5
5
5
5
5
5
5
5
5
5
5
5
5
5
5
5
5
5
5
5
5
5
5
5
5
5
5
5
5
5
5
5
5
5
5
5
5
5
5
5
5
5
5
5
5
5
5
5
5
5
5
5
5
5
5
5
5
5
5
5
5
5
5
5
5
5
5
5
5
5
5
5
5
5
5
5
5
5
5
5
5
5
5
5
5
5
5
5
5
5
5
5
5
5
5
5
5
5
5
5
5
5
5
5
5
5
5
5
5
5
5
5
5
5
5
5
5
5
5
5
5
5
5
5
5
5
5
5
5
5
5
5
5
5
5
5
5
5
5
5
5
5
5
5
5
5
5
5
5
5
5
5
5
5
5
5
5
5
5
5
5
5
5
5
5
5
5
5
5
5
5
5
5
5
5
5
5
5
5
5
5
5
5
5
5
5
5
5
5
5
5
5
5
5
5
5
5
5
5
5
5
5
5
5
5
5
5
5
5
5
5
5
5
5
5
5
5
5
5
5
5
5
5
5
5
5
5
5
5
5
5
5
5
5
5
5
5
5
5
5
5
5
5
5
5
5
5
5
5
5
5
5
5
5
5
5
5
5
5
5
5
5
5
5
5
5
5
5
5
5
5
5
5
5
5
5
5
5
5
5
5
5
5
5
5
5
5
5
5
5
5
5
5
5
5
5
5
5
5
5
5
5
5
5
5
5
5
5
5
5
5
5
5
5
5
5
5
5
5
5
5
5
5
5
5
5
5
5
5
5
5
5
5
5
5
5
5
5
5
5
5
5
5
5
5
5
5
5
5
5
5
5
5
5
5
5
5
5
5
5
5
5
5
5
5
5
5
5
5
5
5
5
5
5
5
5
5
5
5
5
5
5
5
5
5
5
5
5
5
5
5
5
5
5
5
5
5
5
5
5
5
5
5
5
5
5
5
5
5
5
5
5
5
5
5
5
5
5
5
5
5
5
5
5
5
5
5
5
5
5
5
5
5
5
5
5
5
5
5
5
5
5
5
5
5
5
5
5
5
5
5
5
5
5
5
5
5
5
5
5
5
5
5
5
5
5
5
5
5
5
5
5
5
5
5
5
5
5
5
5
5
5
5
5
5
5
5
5
5
5
5
5
5
5
5
5
5
5
5
5
5
5
5
5
5
5
5
5
5
5
5
5
5
5
5
5
5
5
5
5
5
5
5
5
5
5
5
5
5
5
5
5
5
5
5
5
5
5
5
5
5
5
5
5
5
5
5
5
5
5
5
5
5
5
5
5
5
5
5
5
5
5
5
5
5
5
5
5
5
5
5
5
5
5
5
5
5
5
5
5
5
5
5
5
5
5
5
5
5
5
5
5
5
5
5
5
5
5
5
5
5
5
5
5
5
5
5
5
5
5
5
5
5
5
5
5
5
5
5
5
5
5
5
5
5
5
5
5
5
5
5
5
5
5
5
5
5
5
5
5
5
5
5
5
5
5
5
5
5
5
5
5
5
5
5
5
5
5
5
5
5
5
5
5
5
5
5
5
5
5
5
5
5
5
5
5
5
5
5
5
5
5
5
5
5
5
5
5
5
5
5
5
5
5
5
5
5
5
5
5
5
5
5
5
5
5
5
5
5
5
5
5
5
5
5
5
5
5
5
5
5
5
5
5
5
5
5
5
5
5
5
5
5
5
5
5
5
5
5
5
5
5
5
5
5
5
5
5
5
5
5
5
5
5
5
5
5
5
5
5
5
5
5
5
5
5
5
5
5
5
5
5
5
5
5
5
5
5
5
5
5
5
5
5
5
5
5
5
5
5
5
5
5
5
5
5
5
5
5
5
5
5
5
5
5
5
5
5
5
5
5
5
5
5
5
5
5
5
5
5
5
5
5
5
5
5
5
5
5
5
5
5
5
5
5
5
5
5
5
5
5
5
5
5
5
5
5
5
5
5
5
5
5
5
5
5
5
5
5
5
5
5
5
5
5
5
5
5
5
5
5
5
5
5
5
5
5
5
5
5
5
5
5
5
5
5
5
5
5
5
5
5
5
5
5
5
5
5
5
5
5
5
5
5
5
5
5
5
5
5
5
5
5
5
5
5
5
5
5
5
5
5
5
5
5
5
5
5
5
5
5
5
5
5
5
5
5
5
5
5
5
5
5
5
5
5
5
5
5
5
5
5
5
5
5
5
5
5
5
5
5
5
5
5
5
5
5
5
5
5
5
5
5
5
5
5
5
5
5
5
5
5
5
5
5
5
5
5
5
5
5
5
5
5
5
5
5
5
5
5
5
5
5
5
5
5
5
5
5
5
5
5
5
5
5
5
5
5
5
5
5
5
5
5
5
5
5
5
5
5
5
5
5
5
5
5
5
5
5
5
5
5
5
5
5
5
5
5
5
5
5
5
5
5
5
5
5
5
5
5
5
5
5
5
5
5
5
5
5
5
5
5
5
5
5
5
5
5
5
5
5
5
5
5
5
5
5
5
5
5
5
5
5
5
5

CELL_DATA 2123
SCALARS Partition int
LOOKUP_TABLE default
0
0
0
0
0
0
0
0
0
0
0
1
1
1
1
1
1
1
1
1
1
1
1
2
2
2
2
2
2
2
2
2
2
2
2
3
3
3
3
3
3
3
3
3
3
3
4
4
4
4
4
4
4
4
4
4
5
5
5
5
5
5
5
5
5
5
5
6
6
6
6
6
6
6
6
6
6
6
7
7
7
7
7
7
7
7
7
7
7
8
8
8
8
8
8
8
8
8
8
9
9
9
9
9
9
9
9
9
9
9
10
10
10
10
10
10
10
10
10
10
10
10
11
11
11
11
11
11
11
11
11
11
11
12
12
12
12
12
12
12
12
12
12
12
13
13
13
13
13
13
13
13
13
13
13
14
14
14
14
14
14
14
14
14
14
14
14
15
15
15
15
15
15
15
15
15
15
15
16
16
16
16
16
16
16
16
16
16
16
17
17
17
17
17
17
17
17
17
17
17
17
18
18
18
18
18
18
18
18
18
18
19
19
19
19
19
19
19
19
19
19
19
20
20
20
20
20
20
20
20
20
20
20
21
21
21
21
21
21
21
21
21
21
21
22
22
22
22
22
22
22
22
22
22
22
23
23
23
23
23
23
23
23
23
23
23
24
24
24
24
24
24
24
24
24
24
24
24
25
25
25
25
25
25
25
25
25
25
25
26
26
26
26
26
26
26
26
26
26
26
27
27
27
27
27
27
27
27
27
27
27
27
28
28
28
28
28
28
28
28
28
28
28
29
29
29
29
29
29
29
29
29
29
29
30
30
30
30
30
30
30
30
30
30
31
31
31
31
31
31
31
31
31
31
32
32
32
32
32
32
32
32
32
32
32
33
33
33
33
33
33
33
33
33
33
33
34
34
34
34
34
34
34
34
34
34
34
35
35
35
35
35
35
35
35
35
35
35
36
36
36
36
36
36
36
36
36
36
37
37
37
37
37
37
37
37
37
37
37
38
38
38
38
38
38
38
38
38
38
38
39
39
39
39
39
39
39
39
39
39
40
40
40
40
40
40
40
40
40
40
40
41
41
41
41
41
41
41
41
41
41
41
42
42
42
42
42
42
42
42
42
42
42
43
43
43
43
43
43
43
43
43
43
44
44
44
44
44
44
44
44
44
44
44
45
45
45
45
45
45
45
45
45
45
45
46
46
46
46
46
46
46
46
46
46
46
47
47
47
47
47
47
47
47
47
47
47
47
48
48
48
48
48
48
48
48
48
48
48
49
49
49
49
49
49
49
49
49
49
49
50
50
50
50
50
50
50
50
50
50
50
51
51
51
51
51
51
51
51
51
51
51
52
52
52
52
52
52
52
52
52
52
53
53
53
53
53
53
53
53
53
53
53
53
54
54
54
54
54
54
54
54
54
54
54
55
55
55
55
55
55
55
55
55
55
55
56
56
56
56
56
56
56
56
56
56
56
57
57
57
57
57
57
57
57
57
57
58
58
58
58
58
58
58
58
58
58
58
59
59
59
59
59
59
59
59
59
59
59
60
60
60
60
60
60
60
60
60
60
60
61
61
61
61
61
61
61
61
61
61
61
62
62
62
62
62
62
62
62
62
62
62
63
63
63
63
63
63
63
63
63
63
63
64
64
64
64
64
64
64
64
64
64
64
65
65
65
65
65
65
65
65
65
65
65
66
66
66
66
66
66
66
66
66
66
66
67
67
67
67
67
67
67
67
67
67
68
68
68
68
68
68
68
68
68
68
68
69
69
69
69
69
69
69
69
69
69
69
70
70
70
70
70
70
70
70
70
70
70
71
71
71
71
71
71
71
71
71
71
71
72
72
72
72
72
72
72
72
72
72
72
73
73
73
73
73
73
73
73
73
73
73
74
74
74
74
74
74
74
74
74
74
75
75
75
75
75
75
75
75
75
75
75
75
76
76
76
76
76
76
76
76
76
76
76
77
77
77
77
77
77
77
77
77
77
77
78
78
78
78
78
78
78
78
78
78
78
79
79
79
79
79
79
79
79
79
79
80
80
80
80
80
80
80
80
80
80
80
80
81
81
81
81
81
81
81
81
81
81
81
82
82
82
82
82
82
82
82
82
82
82
83
83
83
83
83
83
83
83
83
83
83
84
84
84
84
84
84
84
84
84
84
84
85
85
85
85
85
85
85
85
85
85
85
86
86
86
86
86
86
86
86
86
86
86
87
87
87
87
87
87
87
87
87
87
87
87
88
88
88
88
88
88
88
88
88
88
88
89
89
89
89
89
89
89
89
89
89
89
90
90
90
90
90
90
90
90
90
90
90
91
91
91
91
91
91
91
91
91
91
91
91
92
92
92
92
92
92
92
92
92
92
92
93
93
93
93
93
93
93
93
93
93
93
94
94
94
94
94
94
94
94
94
94
94
94
95
95
95
95
95
95
95
95
95
95
95
96
96
96
96
96
96
96
96
96
96
96
97
97
97
97
97
97
97
97
97
97
97
98
98
98
98
98
98
98
98
98
98
98
99
99
99
99
99
99
99
99
99
99
99
100
100
100
100
100
100
100
100
100
100
100
101
101
101
101
101
101
101
101
101
101
101
102
102
102
102
102
102
102
102
102
102
102
103
103
103
103
103
103
103
103
103
103
103
104
104
104
104
104
104
104
104
104
104
104
105
105
105
105
105
105
105
105
105
105
105
106
106
106
106
106
106
106
106
106
106
106
106
107
107
107
107
107
107
107
107
107
107
107
108
108
108
108
108
108
108
108
108
108
108
108
109
109
109
109
109
109
109
109
109
109
109
110
110
110
110
110
110
110
110
110
110
110
111
111
111
111
111
111
111
111
111
111
111
112
112
112
112
112
112
112
112
112
112
112
112
113
113
113
113
113
113
113
113
113
113
113
114
114
114
114
114
114
114
114
114
114
114
115
115
115
115
115
115
115
115
115
115
115
116
116
116
116
116
116
116
116
116
116
116
117
117
117
117
117
117
117
117
117
117
117
118
118
118
118
118
118
118
118
118
118
118
119
119
119
119
119
119
119
119
119
119
119
120
120
120
120
120
120
120
120
120
120
120
120
121
121
121
121
121
121
121
121
121
121
121
121
122
122
122
122
122
122
122
122
122
122
122
122
123
123
123
123
123
123
123
123
123
123
123
124
124
124
124
124
124
124
124
124
124
124
124
125
125
125
125
125
125
125
125
125
125
126
126
126
126
126
126
126
126
126
126
126
127
127
127
127
127
127
127
127
127
127
127
128
128
128
128
128
128
128
128
128
128
128
129
129
129
129
129
129
129
129
129
129
129
130
130
130
130
130
130
130
130
130
130
130
131
131
131
131
131
131
131
131
131
131
131
132
132
132
132
132
132
132
132
132
132
132
133
133
133
133
133
133
133
133
133
133
133
134
134
134
134
134
134
134
134
134
134
134
135
135
135
135
135
135
135
135
135
135
135
136
136
136
136
136
136
136
136
136
136
136
136
137
137
137
137
137
137
137
137
137
137
137
137
138
138
138
138
138
138
138
138
138
138
138
138
139
139
139
139
139
139
139
139
139
139
139
139
140
140
140
140
140
140
140
140
140
140
140
141
141
141
141
141
141
141
141
141
141
141
142
142
142
142
142
142
142
142
142
142
142
143
143
143
143
143
143
143
143
143
143
143
143
144
144
144
144
144
144
144
144
144
144
144
145
145
145
145
145
145
145
145
145
145
145
146
146
146
146
146
146
146
146
146
146
146
147
147
147
147
147
147
147
147
147
147
147
148
148
148
148
148
148
148
148
148
148
148
149
149
149
149
149
149
149
149
149
149
149
149
150
150
150
150
150
150
150
150
150
150
150
151
151
151
151
151
151
151
151
151
151
151
152
152
152
152
152
152
152
152
152
152
152
153
153
153
153
153
153
153
153
153
153
153
154
154
154
154
154
154
154
154
154
154
154
155
155
155
155
155
155
155
155
155
155
155
156
156
156
156
156
156
156
156
156
156
157
157
157
157
157
157
157
157
157
157
157
158
158
158
158
158
158
158
158
158
158
158
159
159
159
159
159
159
159
159
159
159
159
159
160
160
160
160
160
160
160
160
160
160
160
161
161
161
161
161
161
161
161
161
161
161
162
162
162
162
162
162
162
162
162
162
162
162
163
163
163
163
163
163
163
163
163
163
163
164
164
164
164
164
164
164
164
164
164
165
165
165
165
165
165
165
165
165
165
165
166
166
166
166
166
166
166
166
166
166
166
167
167
167
167
167
167
167
167
167
167
167
168
168
168
168
168
168
168
168
168
168
168
169
169
169
169
169
169
169
169
169
169
169
170
170
170
170
170
170
170
170
170
170
170
171
171
171
171
171
171
171
171
171
171
172
172
172
172
172
172
172
172
172
172
172
173
173
173
173
173
173
173
173
173
173
173
174
174
174
174
174
174
174
174
174
174
174
175
175
175
175
175
175
175
175
175
175
175
176
176
176
176
176
176
176
176
176
176
176
177
177
177
177
177
177
177
177
177
177
177
178
178
178
178
178
178
178
178
178
178
178
179
179
179
179
179
179
179
179
179
179
179
180
180
180
180
180
180
180
180
180
180
180
181
181
181
181
181
181
181
181
181
181
181
182
182
182
182
182
182
182
182
182
182
182
183
183
183
183
183
183
183
183
183
183
183
184
184
184
184
184
184
184
184
184
184
184
185
185
185
185
185
185
185
185
185
185
185
186
186
186
186
186
186
186
186
186
186
186
187
187
187
187
187
187
187
187
187
188
188
188
188
188
188
188
188
188
188
188
188
189
189
189
189
189
189
189
189
189
189
189
190
190
190
190
190
190
190
190
190
190
190
191
191
191
191
191
191
191
191
191
191
191

POINT_DATA 1102
SCALARS PartitionPts int
LOOKUP_TABLE default
0
0
0
0
0
1
1
1
1
1
2
2
2
2
2
2
3
3
3
3
3
3
3
4
4
4
4
4
4
4
5
5
5
5
5
5
6
6
6
6
6
6
7
7
7
7
7
7
7
8
8
8
8
8
8
8
9
9
9
9
10
10
10
10
10
10
11
11
11
11
12
12
12
12
12
12
13
13
13
13
13
13
13
13
14
14
14
14
15
15
15
15
15
15
16
16
16
16
16
16
16
17
17
17
17
17
18
18
18
18
18
18
18
18
19
19
19
19
19
19
20
20
20
20
20
21
21
21
21
21
21
22
22
22
22
22
22
22
23
23
23
23
23
23
23
24
24
24
25
25
25
25
25
26
26
26
26
26
26
27
27
27
27
27
28
28
28
28
28
29
29
29
29
29
30
30
30
30
30
30
30
30
31
31
31
31
31
31
31
32
32
32
32
32
32
33
33
33
33
34
34
34
34
34
35
35
35
35
35
36
36
36
36
36
37
37
37
37
37
38
38
38
38
38
38
39
39
39
39
39
39
39
40
40
40
40
40
40
41
41
41
41
41
42
42
42
42
42
42
43
43
43
43
43
43
43
44
44
44
44
44
45
45
45
45
45
45
45
46
46
46
46
47
47
47
47
48
48
48
48
48
48
49
49
49
49
50
50
50
50
50
50
51
51
51
51
51
51
51
51
52
52
52
52
52
52
53
53
53
53
53
53
54
54
54
54
54
55
55
55
55
55
56
56
56
56
56
56
57
57
57
57
57
57
57
58
58
58
58
58
59
59
59
59
59
59
59
60
60
60
60
61
61
61
61
61
61
62
62
62
62
62
62
63
63
63
63
63
63
64
64
64
64
65
65
65
65
65
65
66
66
66
66
67
67
67
67
67
67
67
68
68
68
68
68
68
69
69
69
69
69
69
70
70
70
70
70
70
71
71
71
71
72
72
72
72
73
73
73
73
73
74
74
74
74
74
74
74
75
75
75
75
75
76
76
76
76
76
76
77
77
77
77
78
78
78
78
78
79
79
79
79
79
79
79
80
80
80
80
80
81
81
81
81
81
82
82
82
82
82
82
82
83
83
83
83
83
84
84
84
84
84
84
84
85
85
85
85
86
86
86
86
86
87
87
87
87
87
88
88
88
88
88
88
89
89
89
89
89
89
89
90
90
90
90
90
90
90
91
91
91
91
91
92
92
92
92
92
93
93
93
93
93
93
94
94
94
94
94
95
95
95
95
95
95
96
96
96
96
96
97
97
97
97
97
97
97
98
98
98
98
98
99
99
99
99
99
99
100
100
100
100
100
100
100
100
101
101
101
101
101
102
102
102
102
103
103
103
103
103
103
104
104
104
104
104
105
105
105
105
105
106
106
106
106
106
107
107
107
107
107
108
108
108
108
108
109
109
109
109
110
110
110
110
110
111
111
111
111
111
111
112
112
112
112
112
113
113
113
113
113
113
114
114
114
114
114
114
114
115
115
115
115
116
116
116
116
116
117
117
117
117
117
118
118
118
118
118
118
119
119
119
119
119
119
120
120
120
120
120
121
121
121
122
122
122
122
122
122
123
123
123
123
123
124
124
124
124
124
124
125
125
125
125
125
125
125
125
126
126
126
126
127
127
127
127
128
128
128
128
128
128
128
129
129
129
129
129
129
130
130
130
130
130
130
131
131
131
131
131
131
132
132
132
132
132
132
132
133
133
133
133
133
133
134
134
134
134
134
134
134
135
135
135
135
135
135
135
135
136
136
136
136
136
137
137
137
137
137
137
138
138
138
138
138
138
139
139
139
139
139
139
140
140
140
140
140
140
141
141
141
141
141
141
142
142
142
142
142
142
142
143
143
143
143
143
143
144
144
144
144
144
144
144
145
145
145
145
145
145
145
146
146
146
146
146
147
147
147
147
147
147
148
148
148
148
148
149
149
149
149
150
150
150
150
150
151
151
151
151
152
152
152
152
152
153
153
153
153
153
153
154
154
154
154
154
154
154
154
155
155
155
155
155
156
156
156
156
156
156
156
157
157
157
157
157
158
158
158
158
158
159
159
159
159
159
159
160
160
160
160
161
161
161
161
161
162
162
162
163
163
163
163
163
163
163
164
164
164
164
164
164
164
164
165
165
165
165
165
165
166
166
166
166
166
166
167
167
167
167
167
167
168
168
168
168
168
168
169
169
169
169
169
169
169
170
170
170
170
170
170
170
171
171
171
171
171
171
171
172
172
172
172
172
172
173
173
173
173
173
173
173
174
174
174
174
174
174
175
175
175
175
175
175
176
176
176
176
176
177
177
177
177
177
177
178
178
178
178
178
179
179
179
179
179
179
180
180
180
180
180
180
181
181
181
181
181
181
181
182
182
182
182
182
182
182
183
183
183
183
183
183
183
184
184
184
184
184
184
184
185
185
185
185
185
185
185
186
186
186
186
187
187
187
187
187
187
187
188
188
188
188
188
188
188
189
189
189
189
189
190
190
190
190
190
191
191
191
191
191
191
191

FIELD FieldData 1
CreasesId  1  1102  double
0
0
0
0
0
0
0
0
0
0
0
0
0
0
0
0
0
0
0
0
0
0
0
0
0
0
0
0
0
0
0
0
0
0
0
0
0
0
0
0
0
0
0
0
0
0
0
0
0
0
0
0
0
0
0
0
0
0
0
0
0
0
0
0
0
0
0
0
0
0
0
0
0
0
0
0
0
0
0
0
0
0
0
0
0
0
0
0
0
0
0
0
0
0
0
0
0
0
0
0
0
0
0
0
0
0
0
0
0
0
0
0
0
0
0
0
0
0
0
0
0
0
0
0
0
0
0
0
0
0
0
0
0
0
0
0
0
0
0
0
0
0
0
0
0
0
0
0
0
0
0
0
0
0
0
0
0
0
0
0
0
0
0
0
0
0
0
0
0
0
0
0
0
0
0
0
0
0
0
0
0
0
0
0
0
0
0
0
0
0
0
0
0
0
0
0
0
0
0
0
0
0
0
0
0
0
0
0
0
0
0
0
0
0
0
0
0
0
0
0
0
0
0
0
0
0
0
0
0
0
0
0
0
0
0
0
0
0
0
0
0
0
0
0
0
0
0
0
0
0
0
0
0
0
0
0
0
0
0
0
0
0
0
0
0
0
0
0
0
0
0
0
0
0
0
0
0
0
0
0
0
0
0
0
0
0
0
0
0
0
0
0
0
0
0
0
0
0
0
0
0
0
0
0
0
0
0
0
0
0
0
0
0
0
0
0
0
0
0
0
0
0
0
0
0
0
0
0
0
0
0
0
0
0
0
0
0
0
0
0
0
0
0
0
0
0
0
0
0
0
0
0
0
0
0
0
0
0
0
0
0
0
0
0
0
0
0
0
0
0
0
0
0
0
0
0
0
0
0
0
0
0
0
0
0
0
0
0
0
0
0
0
0
0
0
0
0
0
0
0
0
0
0
0
0
0
0
0
0
0
0
0
0
0
0
0
0
0
0
0
0
0
0
0
0
0
0
0
0
0
0
0
0
0
0
0
0
0
0
0
0
0
0
0
0
0
0
0
0
0
0
0
0
0
0
0
0
0
0
0
0
0
0
0
0
0
0
0
0
0
0
0
0
0
0
0
0
0
0
0
0
0
0
0
0
0
0
0
0
0
0
0
0
0
0
0
0
0
0
0
0
0
0
0
0
0
0
0
0
0
0
0
0
0
0
0
0
0
0
0
0
0
0
0
0
0
0
0
0
0
0
0
0
0
0
0
0
0
0
0
0
0
0
0
0
0
0
0
0
0
0
0
0
0
0
0
0
0
0
0
0
0
0
0
0
0
0
0
0
0
0
0
1
0
1
1
0
0
0
0
0
0
0
0
0
0
0
0
0
0
0
0
0
0
0
0
0
0
0
0
0
0
0
0
0
0
0
0
0
0
0
0
0
0
0
0
0
0
0
0
0
0
0
0
0
0
0
0
0
0
0
0
0
0
0
0
0
0
0
0
0
0
0
0
0
0
0
0
0
0
0
0
0
0
0
0
0
0
0
0
0
0
0
0
0
0
0
0
0
0
0
0
0
0
0
0
0
0
0
0
0
0
0
0
0
0
0
0
0
0
0
0
0
0
0
0
0
0
0
0
0
0
0
0
0
0
0
0
0
0
0
0
0
0
0
0
0
0
0
0
0
0
0
0
0
0
0
0
0
0
0
0
0
0
0
0
0
0
0
0
0
0
0
0
0
0
0
0
0
0
0
0
0
0
0
0
0
0
0
1
1
0
0
0
0
0
0
0
0
0
0
0
0
0
0
0
0
0
0
0
0
0
0
0
0
1
0
0
0
0
0
0
0
0
0
0
1
1
0
0
0
0
0
0
0
0
0
0
0
0
1
0
0
0
0
1
1
0
0
1
0
0
1
1
0
0
0
0
0
0
0
0
0
0
0
0
0
0
0
1
0
1
0
0
0
0
0
0
0
0
0
0
0
0
0
0
0
0
0
0
0
0
0
0
1
0
0
0
0
0
0
0
0
0
0
0
1
0
1
0
0
0
0
1
0
0
0
0
0
0
0
0
0
0
0
0
0
0
0
0
0
0
0
0
0
0
0
0
0
0
0
0
0
0
0
0
0
0
0
0
0
1
0
0
0
1
0
1
0
1
1
0
0
0
0
1
0
0
0
1
0
0
1
0
1
1
0
1
0
0
1
1
0
1
0
0
0
1
0
1
0
1
0
0
0
0
1
1
0
0
0
1
0
1
1
0
0
0
0
0
1
0
0
1
1
0
0
1
0
0
1
1
0
1
0
0
0
0
0
1
0
1
0
0
0
0
0
0
0
0
0
1
1
0
1
0
0
0
0
1
0
0
0
1
1
0
0
0
0
1
1
1
0
0
0
0
1
1
1
0
0
0
0
0
1
1
0
0
0
0
1
1
1
0
0
0
0
0
1
1
0
0
0
0
0
0
0
0
0
0
0
0
0
0
0
0
0
0
0
0
0
0
1
0
1
0
0
0
1
1
0
0
1
1
0
0
0
0
0
1
1
1

FIELD FieldData 7
X  1  1102  double
2.325783942937708e-02
-2.098342053594617e-02
7.469652681056099e-03
-9.271175779896295e-03
-3.780822917338351e-02
3.951333366248664e-01
3.673701534179299e-01
3.661294854035818e-01
3.404579750148657e-01
3.407383294422416e-01
-1.981362419080333e-01
-1.678728433353198e-01
-1.914661594203933e-01
-1.567380024604688e-01
-1.796574715911663e-01
-2.150713531437402e-01
1.484837257880937e-01
1.371371065521045e-01
1.028534495014160e-01
1.153170546228982e-01
1.788401374822667e-01
9.390216334506415e-02
1.385286121400753e-01
-3.235482123821284e-01
-2.925963500681702e-01
-3.195307999850173e-01
-2.937334224690756e-01
-2.667107066934466e-01
-2.885908987467844e-01
-2.598664344679188e-01
-3.925177607738296e-01
-4.192531368730498e-01
-4.316995250481242e-01
-4.045415037829822e-01
-4.286771026790757e-01
-4.431834466684449e-01
4.390697799304009e-01
4.299733396609340e-01
4.416917263621307e-01
4.495787968480306e-01
4.573875873466199e-01
4.669812825757920e-01
4.473930733410119e-01
4.246211968532447e-01
4.294665107058002e-01
4.314434661723998e-01
4.147913647017282e-01
4.362914657420506e-01
4.436122445394229e-01
-1.378152890467607e-01
-1.162625515338779e-01
-1.571147202623940e-01
-9.798405394434970e-02
-1.345285921407848e-01
-1.759654583664296e-01
-1.977925929506854e-01
-1.447298921206812e-01
-1.017499618440730e-01
-1.150484746434239e-01
-1.748475178879420e-01
-2.442215895748694e-01
-2.535151138743974e-01
-2.815434895994220e-01
-2.147445723280515e-01
-2.336178797180700e-01
-2.046143702015180e-01
-1.281343597711596e-02
3.868136976904969e-03
-4.223864658301154e-02
-5.775971983460394e-02
7.431554801955979e-02
4.343460557059026e-02
9.211534651691161e-02
1.216813472542848e-01
2.586121475666147e-02
1.392035901452038e-01
-3.844954627029072e-01
-3.520416128631724e-01
-3.950062293561136e-01
-4.130673209004990e-01
-4.031227710898332e-01
-4.033895453456854e-01
-3.635946719573541e-01
-3.733472778612860e-01
-2.510578313083275e-01
-2.274612621659561e-01
-9.123749421010137e-02
-6.188301681320948e-02
-2.501727551738269e-01
-2.900334657218100e-01
-2.780424809530857e-01
-2.727878679031989e-01
-2.999873582857794e-01
-2.623988566173871e-01
-3.920088079267130e-01
-3.774668604582868e-01
-3.769378893299851e-01
-3.628284929027260e-01
-3.441472085916055e-01
-3.279512663459882e-01
-4.063447255810860e-01
-3.413043515192776e-01
-3.040185744593603e-01
-3.162017440596130e-01
-2.914468994710699e-01
-3.289526480019750e-01
4.798331026703503e-02
3.059198681666352e-02
7.860923229059101e-02
9.593173077123179e-02
1.095615634687664e-01
6.131940080237171e-02
6.520113376653811e-02
1.670779109014136e-02
-3.587554820717618e-01
-3.912904130212329e-01
-3.723957410938643e-01
-3.388414640894497e-01
-3.243336740689930e-01
-4.177793706809956e-01
-1.320075781910618e-01
-1.151891385392590e-01
-6.677904406103974e-02
-1.615669986705011e-01
-1.446797108221539e-01
1.508234119551095e-01
8.089100957122874e-03
5.641628916850787e-02
1.037769552552503e-01
3.852251904993050e-02
8.585479656225119e-02
3.553531248197224e-03
3.422604152848242e-02
-1.372690213792233e-02
8.160172214806492e-02
9.764166705517716e-02
2.062518476395555e-02
5.094320897747490e-02
2.021880368360661e-01
1.856583164006538e-01
1.686620161236380e-01
2.131309421041093e-01
1.959745865708172e-01
2.298297074539375e-01
2.566974961646772e-01
1.587499067387063e-01
1.122992108168768e-01
1.283673457813929e-01
-2.747645912681799e-01
-2.737749390062847e-01
-2.930402812263647e-01
-2.550925587776824e-01
-2.358673642269654e-01
3.222075926814944e-01
3.469454343094491e-01
3.116963596434360e-01
3.371508362737980e-01
2.958180524811141e-01
2.852383529049690e-01
-3.109453432288888e-01
-3.102123861223012e-01
-3.465339267440398e-01
-3.608824082859415e-01
-3.292470051392121e-01
1.568813229881914e-01
1.694607252422010e-01
1.430178990608773e-01
1.127098426096780e-01
1.267830522922345e-01
1.231701896121193e-01
1.614886137735123e-01
1.511252526790187e-01
1.989776805333197e-01
1.908248073105520e-01
2.168330094926138e-01
1.871520013580928e-01
2.284656526354502e-01
2.573350775124539e-01
1.731500056218539e-01
2.396321304237649e-01
2.685045914265244e-01
1.993378707832507e-01
-2.318349373114422e-01
-2.250658968400985e-01
-1.951734487909125e-01
-2.037868635749449e-01
-2.367444194649846e-01
-1.853729030513403e-01
-1.560443237135180e-01
2.455730324515032e-01
2.735185714014682e-01
2.600546108420915e-01
2.997398879818158e-01
2.320123496571934e-01
2.030283254281607e-01
-2.216484019946509e-01
-1.920375532438534e-01
-1.785518681019688e-01
-2.083997898108893e-01
3.877959875509956e-01
3.400527500784442e-01
3.574475558941385e-01
3.709564879265634e-01
3.741229862377194e-01
-1.956662888634384e-01
-1.534506191249311e-01
-1.718660599472126e-01
-1.281292670576482e-01
-2.145411807881215e-01
-1.267239493577824e-01
-1.663219964741890e-01
-1.368950332401022e-01
-9.841146025776959e-02
-1.481242270270556e-01
-3.175315083811864e-01
-2.888694010066997e-01
-2.639517876713920e-01
-3.404022049110803e-01
-3.120869881810115e-01
1.025889123689305e-01
7.659180041873583e-02
6.513266402015495e-02
1.242997548001673e-01
8.624103451083298e-02
4.837784456278496e-02
-2.554188558620174e-01
-2.354406479101240e-01
-2.166754595008563e-01
-2.367461429048950e-01
-2.165774856989485e-01
-2.531193160860311e-01
-2.708582948254308e-01
-3.719952100494325e-01
-3.944713722396635e-01
-3.831034171110871e-01
-4.039147859052480e-01
-4.211288159563136e-01
-4.143435912848840e-01
4.551786796878060e-01
4.730248341393771e-01
4.714075514709709e-01
4.585472256662345e-01
4.714843737576266e-01
2.177112447563324e-01
1.885875810606303e-01
1.726952776350691e-01
1.563631903972733e-01
1.267180088668531e-01
1.429376154339846e-01
-2.501047967765482e-01
-2.225611188472613e-01
-1.936495704084136e-01
-1.781874565932528e-01
-1.484473001028893e-01
-2.371366870977095e-01
-2.650384018009286e-01
-3.670348191133497e-01
-3.690709876441826e-01
-3.417563832789337e-01
-3.447392326278468e-01
-3.493209833741471e-01
-2.256810943645974e-01
-2.579662888195167e-01
-2.652592401176434e-01
-2.887226171721938e-01
-2.818696279375551e-01
-3.122357306165428e-01
-2.490675812245472e-01
-3.608766566768429e-02
-1.858888904867213e-02
1.282028285344550e-02
-4.813511711699451e-03
3.119128208918582e-01
2.767225456942610e-01
2.844698019359065e-01
3.160805618973356e-01
4.158570860113304e-01
3.880171997895647e-01
4.034199833808086e-01
3.891625335560258e-01
3.741402300784391e-01
4.173301399702611e-01
-3.157738079934255e-01
-3.010843830868437e-01
-2.768203509112794e-01
-2.614091237145285e-01
1.806998967228933e-01
2.103681129147015e-01
2.198186140160958e-01
2.486440159044209e-01
2.274803873413356e-01
2.563335961175198e-01
6.797285467310424e-02
5.019632471789470e-02
3.270105089203337e-02
1.417634858546416e-01
1.232190394289501e-01
9.620809524769028e-02
1.144248547542006e-01
7.810844086171057e-02
-2.348027473444274e-01
-2.181309971792043e-01
-1.908071641456069e-01
-2.073958591653256e-01
-2.010216611787052e-01
-1.739096107516161e-01
-3.507026044136908e-01
-3.416691989454794e-01
-3.088686364060332e-01
-3.351461445259442e-01
-3.165979371581421e-01
-3.658710431808594e-01
-6.865096785892957e-04
-3.131573003271513e-02
-4.915780071246260e-02
-9.751326716633327e-02
-7.994394489561826e-02
2.085564454694103e-02
-2.606646831031307e-02
-5.659033704288310e-02
-8.968817050570345e-03
-3.966163983054786e-02
-1.560947810393551e-01
-1.091887243947533e-01
-1.270298745123704e-01
-1.382101849598866e-01
-1.196966972982465e-01
-1.832145488606429e-01
-1.028478816411386e-01
-1.181604572343960e-01
-1.485911099569097e-01
-7.237198985959695e-02
-8.777898363281904e-02
-1.618005984961376e-01
-1.318120051134849e-01
3.246317123524360e-01
3.481645889924850e-01
3.114442977165289e-01
3.696567205268721e-01
3.599613511467607e-01
6.054605030048037e-02
8.661273388843065e-02
4.316858227539231e-02
1.585835659907789e-02
6.923883112509996e-02
1.111581600021030e-01
9.300808120168287e-02
1.599576842613541e-01
2.045170500653647e-01
1.329160688221888e-01
1.781395434931750e-01
-1.469112384417884e-01
-1.649826870990683e-01
-1.908564817154739e-01
-1.014433193390092e-01
-2.330769558723796e-01
-2.094937077051685e-01
7.542676227006984e-02
5.231068733739008e-02
2.656669263885149e-02
1.047233665502946e-02
3.559208191195740e-02
-7.124108004405228e-03
3.069754784616081e-01
3.427821934912438e-01
2.872520130488421e-01
3.239982224799620e-01
3.402304422474018e-01
3.592042332186389e-01
-2.629491630328199e-02
-4.405928153549683e-02
-7.331044137008259e-02
-5.549056533139600e-02
8.087950987473785e-02
6.744087541210571e-02
3.831359283214207e-02
-4.379098854084515e-03
1.069076019534188e-02
5.280906688255771e-02
-8.724829670827776e-02
-1.179738046278588e-01
-1.335872030503128e-01
-1.638722807868677e-01
2.343249349767982e-01
2.158372224790403e-01
2.085307271534380e-01
2.420686160930538e-01
1.853858138789886e-01
2.035121665669656e-01
2.483852071306131e-01
3.069099530113978e-01
3.253972677064527e-01
2.889311584339895e-01
2.507491363305596e-01
2.706859898905232e-01
2.314216347520208e-01
-3.262009248696495e-01
-3.594852173819247e-01
-3.885975868644010e-01
-4.077513753015667e-01
-3.826693498503302e-01
-3.507339393387994e-01
3.349044589137813e-01
3.200710018791734e-01
3.686379997916119e-01
3.552038716864856e-01
4.001866157077653e-01
3.809185148319785e-01
-6.568333799378737e-02
-1.096885437374336e-01
-9.148006067076994e-02
-8.340494883809528e-02
2.869487353431969e-01
2.452627929747033e-01
2.721690742963362e-01
2.966551704628188e-01
-2.247435882854561e-02
-1.013361162281465e-01
-8.432183638343088e-02
-7.057969516943260e-02
-5.371055782582098e-02
8.239806877216808e-02
6.703513954164167e-02
3.696225546793422e-02
9.655386159600236e-02
5.262603432249487e-02
1.397930307433740e-01
1.099850032937352e-01
1.669548272821756e-01
1.911331241735135e-01
1.932286952230972e-01
2.121329326931739e-01
1.714105658107961e-01
3.307438417400442e-01
3.040327188219918e-01
3.379498866237212e-01
3.903924919515419e-01
3.622417983165382e-01
3.554056710228292e-01
1.297491906290695e-01
1.483940530584866e-01
1.524972843751773e-01
1.047322907906805e-01
2.809238199224650e-01
3.042288471004544e-01
2.640912809416603e-01
2.226513122107820e-01
2.399762342378634e-01
-2.841319357154046e-02
-4.360444568146326e-02
-8.540446343167810e-02
-7.239003236987504e-02
-3.130546115883961e-04
-1.535282179018645e-02
-5.742218026493442e-02
2.693844948030726e-01
2.465432106624329e-01
2.284271006538408e-01
2.098820721047291e-01
1.860164516388755e-01
-2.853590687279154e-01
-3.083497593016958e-01
-2.687201862523310e-01
-2.916607311844358e-01
-2.448161324724066e-01
-5.678735768305772e-02
-3.191722302815744e-02
-7.356203388535845e-02
-8.001254207367062e-02
-4.034940734067806e-02
-1.510829579624948e-02
-4.832172493797054e-02
-1.585670887513369e-01
-1.782284812699843e-01
-1.189848962910776e-01
-1.003986165357300e-01
-1.357251828216260e-01
-8.381278404597180e-02
-8.098962894112334e-02
-1.076324468318731e-01
-1.111447287905745e-01
-1.337232532640039e-01
-4.692857646765689e-02
-1.204894519763675e-01
6.502007684192260e-02
3.832636846770604e-02
2.522438640144884e-02
-9.575216441968787e-04
4.057054643777184e-01
4.104293050900067e-01
3.851058243790113e-01
4.002533006416376e-01
3.790376233021237e-01
6.539862540020186e-02
8.184743946318848e-02
1.026014189244427e-01
4.558102750121826e-02
4.832402485428220e-02
-2.996800862539765e-01
-2.890931635177181e-01
-3.244991488016941e-01
-2.902835428938976e-01
-3.207885456479031e-01
-3.177563903286056e-01
-4.556416646571065e-01
-4.696258792092990e-01
-4.696129308291175e-01
-4.544317206593861e-01
-4.555052717401886e-01
-4.726836528338502e-01
-4.726286945719681e-01
-4.637553101005374e-01
-4.507063174896370e-01
-4.432177759694775e-01
-4.201802276909805e-01
-4.058281674363102e-01
-4.311840186989511e-01
-4.394364855233366e-01
-4.702421936726157e-02
-2.450507993576894e-02
-6.340580651916239e-02
-8.395226616727280e-02
-6.740941161198087e-02
4.128336984923259e-01
4.274827720783645e-01
4.362756083791691e-01
4.494046403795439e-01
4.033994638954868e-01
-4.548543268485023e-01
-4.623829817791658e-01
-4.683167491343636e-01
-4.807524521637100e-01
-4.725869930719011e-01
-5.110752188450028e-01
4.384142902135026e-01
4.184519681140474e-01
4.279283060128011e-01
4.101737230250662e-01
3.914789211102282e-01
2.748230488417961e-01
2.733595533095242e-01
3.036520588720048e-01
3.084690653079332e-01
3.314290050880097e-01
2.967029776823394e-01
-1.206557968327114e-01
-1.278083162202361e-01
-1.056660572721794e-01
-1.428406674893223e-01
-1.658096392760328e-01
-2.578741567652280e-01
-2.256339169050781e-01
-2.808597369208177e-01
-2.487896685005113e-01
-2.725973860813350e-01
-3.050375730052632e-01
-3.111042254925852e-01
4.442714045093835e-02
1.260125286918102e-02
2.803290635768877e-02
-9.460570328643614e-03
9.402858652143424e-03
-3.744736212856007e-01
-3.903538130514125e-01
-3.705151919495923e-01
-3.466308731302580e-01
-3.421334402849622e-01
-3.511674550135986e-01
3.352933601304112e-01
3.718343098034870e-01
3.821283946228450e-01
4.212089822778562e-01
4.359436735627092e-01
3.422898129158502e-01
3.477761257903264e-01
3.931025601528964e-01
-5.614268639941172e-02
-4.562003818995149e-02
-3.023736625449379e-02
-6.987958456666479e-02
-2.536998040318651e-02
-4.404096893838012e-01
-4.203825778973121e-01
-4.341252563634557e-01
-4.385284523578604e-01
-4.270238228863831e-01
-4.294200652566936e-01
-4.443213631550056e-01
-4.515612850490911e-01
-4.637603271633241e-01
-4.806125741921637e-01
2.894760655342761e-01
3.145824212455991e-01
2.875793969222075e-01
2.625972725831424e-01
3.353399599484794e-01
-1.687326276053557e-01
-2.135578501506406e-01
-2.016096886480349e-01
-2.337607684723302e-01
-1.769308455302342e-01
-4.485070898612866e-01
-4.320365272012465e-01
-4.529201968327620e-01
-4.286464251410736e-01
-4.116549354913327e-01
-4.996046986136510e-01
-4.867163829374541e-01
-4.848325321818980e-01
-4.964460368509868e-01
-4.848224491640265e-01
4.681379671688261e-01
4.749100658638914e-01
4.556559763574887e-01
4.494193496640610e-01
4.595080920427675e-01
-4.964460368509866e-01
-4.806235832937863e-01
-4.901486834023178e-01
-5.232339196660007e-01
1.469251371689613e-01
1.614243554186462e-01
1.972683823584448e-01
1.844319622620048e-01
1.745318485650659e-01
2.557177395517118e-01
2.319075399433070e-01
2.207727491079566e-01
2.653489581088729e-01
2.890460001124246e-01
2.934637526003212e-01
3.205468187961106e-01
3.266450693133646e-01
3.500210372847132e-01
3.605419860467982e-01
3.280692472697018e-01
-3.912277111881577e-01
-3.900286540926068e-01
-3.917877089197818e-01
-3.674225200498897e-01
-4.130143202273028e-01
-3.639394051847478e-01
6.936776599453306e-02
8.683324645394616e-02
1.084894040531580e-01
1.245588342473864e-01
2.980756258490864e-02
1.469251371689595e-01
1.619099191816288e-01
4.409517621701232e-01
4.017503906691638e-01
4.205634200019246e-01
4.227950318957722e-01
-2.384337507142542e-01
-2.142604135501534e-01
-2.027626604064982e-01
-2.745690875638588e-01
-2.368511110533346e-01
-4.346601372197918e-01
-4.136520162715292e-01
-4.562214452860856e-01
-4.329216953498938e-01
-4.781773941438216e-01
-2.384337507142518e-01
-2.725973860813328e-01
-3.050375730052610e-01
-2.027626604064956e-01
-2.756038305844278e-01
-3.117333432512990e-01
6.936776599453470e-02
2.980756258491084e-02
1.084894040531602e-01
9.514537849627326e-02
5.324219990149194e-02
8.046660855366178e-02
-1.785378335171497e-01
-1.658096392760351e-01
-1.915926787718224e-01
-1.568014291714790e-01
-1.424577893007062e-01
4.561354583113736e-01
4.410085669699341e-01
4.609829273641032e-01
-4.326295662612642e-01
-4.113302478437681e-01
-3.915802470258765e-01
-4.137881909373604e-01
-4.529201968327612e-01
-4.486175881157617e-01
4.772964820795399e-01
4.596970944828718e-01
4.680265673486215e-01
4.858346700202050e-01
4.749100658638912e-01
4.032432625961170e-01
4.017681069156744e-01
3.959886120816705e-01
4.204713326145789e-01
3.770613348858650e-01
3.807925136069180e-01
4.860607645084046e-01
4.863330245382740e-01
4.831244713572515e-01
5.000000000000000e-01
4.984194195073480e-01
4.936876709681666e-01
5.378526109071390e-01
5.339556757410394e-01
-3.446204864303266e-01
-3.675159795253901e-01
-3.693062406966292e-01
-3.916755249840069e-01
-9.088297442937708e-03
9.515925872836738e-03
1.091594961240184e-02
2.826100768246433e-02
2.203125955694605e-01
2.085997146807328e-01
1.853811399559710e-01
1.744132564349965e-01
1.976137863059154e-01
1.844319622620031e-01
2.207727491079552e-01
-4.547799908995211e-01
-4.726925580283832e-01
-4.350707284313374e-01
-4.432534009088940e-01
-4.620115948371649e-01
-4.807524521637104e-01
3.542050377915365e-01
3.573393175117799e-01
3.807651755670452e-01
3.599709182714212e-01
3.817351556527282e-01
3.794798665861452e-01
3.313019348213140e-01
3.036669712502259e-01
3.095136768206880e-01
3.306880074037940e-01
3.264182506067174e-01
2.970100809372869e-01
2.500416043677083e-01
2.420659482308133e-01
2.733869224882515e-01
2.322484801488668e-01
2.653817633522905e-01
2.557177395517106e-01
2.890460001124238e-01
4.768917141188266e-01
4.833227855455053e-01
4.671237021084714e-01
4.362750133674005e-01
4.536852721260029e-01
4.936876709681668e-01
-3.453683735686366e-01
-3.538435846861008e-01
-3.162129678543440e-01
-3.627595073499998e-01
-4.010096243022072e-01
-4.148510992871536e-01
-3.707324450706112e-01
4.677127826582198e-01
4.876732660285298e-01
5.152039153944962e-01
4.244916810456818e-01
4.235081181372715e-01
4.441413063745658e-01
4.924103500129908e-01
4.454606320889068e-01
-5.113589906091186e-01
-5.576728445099048e-01
-5.432474289958634e-01
-4.956693980233256e-01
-4.683167491343642e-01
-4.330896865492982e-01
-4.567958692766900e-01
-3.900286540926056e-01
-4.136520162715280e-01
-4.346601372197908e-01
-4.785642228498648e-01
2.966325778799866e-01
2.560235906576900e-01
2.560963889652304e-01
2.981309423357042e-01
2.544206225975288e-01
3.002509387868214e-01
-1.482576468154719e-01
-1.578458700164375e-01
-7.484807311339570e-02
-1.032387794929760e-01
-1.168329389162152e-01
-8.899894783877420e-02
-5.685724727466880e-01
-5.311818463283832e-01
-5.758774027471441e-01
-6.180977067559404e-01
-6.751666101173416e-01
-6.666022094271518e-01
8.046660855365846e-02
9.561411085159648e-02
1.258477087016634e-01
1.704331591159931e-01
1.785563643037074e-01
1.376443140325130e-01
3.457677259849428e-02
5.341880358928258e-02
-1.153166884574186e-02
1.068000095250460e-02
1.276326165419201e-02
6.215855034179272e-02
4.053828511547636e-02
-4.966391515733922e-01
-5.253874283260016e-01
-5.042057591749560e-01
-5.576747836111497e-01
-5.911377866189146e-01
-6.159714676925542e-01
-5.756720336667294e-02
-1.361283223035742e-01
-1.738193100595200e-01
-3.803977822126162e-02
-8.725087261711587e-02
-6.749258325747921e-02
-1.210385690607311e-01
5.347401957423598e-01
5.032584686374344e-01
5.508956764021138e-01
5.726776983230734e-01
5.277751592141828e-01
5.169270230091744e-01
5.635682172234378e-01
2.181775095480958e-01
2.139410762239266e-01
1.777992900717666e-01
1.374400129346375e-01
1.704331591159965e-01
-3.162129678543488e-01
-2.765831508285350e-01
-3.208846371643476e-01
-3.242699009713856e-01
-3.616015543266628e-01
-3.707324450706158e-01
4.060244032502662e-01
3.615098485302364e-01
3.205468187961096e-01
3.500210372847122e-01
3.289239840236246e-01
-5.380934447976974e-01
-4.996046986136510e-01
-5.795414503918350e-01
-5.361728772954278e-01
-9.941093832534323e-03
-3.223763790521626e-02
1.008911118107290e-02
-4.962689945402974e-02
-2.898210970540700e-02
-3.443647537646002e-01
-3.767697750696934e-01
-4.053584788267416e-01
-3.355492141795192e-01
-4.901486834023182e-01
-5.315300000061010e-01
-5.224950708275437e-01
-5.954015588488574e-01
-6.369107788227359e-01
3.772823100791154e-01
4.021582826353828e-01
4.453087628232538e-01
4.244916810456820e-01
4.029214363469255e-01
4.191958315065052e-01
-5.365035516328608e-01
-5.758774027471451e-01
-5.795414503918352e-01
-6.250187281108714e-01
-6.278875878947342e-01
-6.794623901145652e-01
-6.242991182447336e-01
-6.794623901145654e-01
-1.985980087267235e-01
-1.923391815601962e-01
-1.844621917539639e-01
-2.307275803696172e-01
-2.255011094154036e-01
4.670928238819170e-01
4.876395151505904e-01
4.441413063745662e-01
4.609829273641034e-01
5.036759221461000e-01
5.152039153944966e-01
5.347401957423600e-01
-4.057920020325742e-01
-3.639394051847462e-01
-3.407944539414045e-01
-3.355492141795174e-01
-3.768094378414038e-01
-9.941093832536420e-03
-4.962689945403214e-02
-6.759226718620570e-02
-2.900767925762748e-02
-3.204863941939160e-02
4.021582826353822e-01
4.194870883241230e-01
3.772823100791148e-01
3.798815592193321e-01
3.545236463431415e-01
3.917085380232186e-01
3.272439044984253e-01
3.550626028206674e-01
3.542339902506382e-01
3.572784977156029e-01
5.339812827423894e-01
5.379728350033040e-01
4.984194195073480e-01
5.277543112390506e-01
5.781665266285236e-01
2.937949438826544e-01
2.570277497622958e-01
2.966325778799840e-01
-5.772274549243332e-01
-5.956212063818214e-01
-6.369107788227338e-01
-5.576728445099028e-01
-5.432474289958606e-01
-6.100649624606916e-01
-6.538233349426450e-01
-4.022937733919878e-01
-4.148510992871584e-01
-4.378823823196108e-01
-4.563469312841464e-01
-4.949575910512574e-01
-3.538435846861060e-01
-4.221697100143084e-01
-3.892370884482432e-01
-5.031069796147810e-01
-5.625667421292804e-01
-4.524332387474248e-01
-4.798363388749748e-01
-4.734981452188878e-01
-5.304389695659458e-01
5.863969062321736e-01
6.035185825593318e-01
6.458776895748922e-01
6.136378546958948e-01
6.607351512274788e-01
6.714152325167068e-01
-6.197764658175012e-01
-6.751666101173424e-01
-5.685724727466896e-01
-6.081409816219436e-01
-6.538233349426468e-01
-6.666022094271534e-01
5.193503624120628e-01
5.773086862221281e-01
4.665036078570442e-01
4.924103500129914e-01
4.880776361686228e-01
5.469352643841208e-01
-5.321188049301390e-01
-5.625667421292770e-01
-4.725292383503040e-01
-5.304389695659422e-01
-4.524332387474206e-01
-4.798363388749710e-01
-5.049872220996756e-01
4.552945017206214e-01
5.131039417075962e-01
4.760286107072090e-01
4.376474796917730e-01
4.665036078570432e-01
4.896417483074838e-01
5.469352643841198e-01
-5.558741669118948e-01
-5.911377866189174e-01
-6.159714676925570e-01
-5.253874283260048e-01
-5.042057591749594e-01
-5.327879622208012e-01
-5.787988049329854e-01
2.076875512400438e-01
1.998181865497853e-01
1.598904180757919e-01
1.117081728229612e-01
1.475455895122952e-01
9.434016175256540e-02
-1.836261393693049e-01
-1.350319896365051e-01
-1.738193100595242e-01
-1.923391815602007e-01
-1.482576468154766e-01
-1.210385690607357e-01
-2.255011094154076e-01
6.020311175913760e-01
6.607351512274789e-01
5.167763281570310e-01
5.508956764021140e-01
5.635682172234378e-01
4.858346700202050e-01
6.272806410554080e-01
6.778504105299932e-01
6.153711269800642e-01
6.714152325167068e-01
5.726776983230734e-01
6.217993449983128e-01
2.114720133810045e-01
1.729675934734641e-01
1.339207104083939e-01
1.904174359994407e-01
1.567770619805244e-01
5.459733593390592e-01
5.685193332515822e-01
6.040321766694096e-01
5.773086862221272e-01
5.183656944837494e-01
6.269367812151804e-01
-2.313893564173044e-01
-2.352046860715380e-01
-1.977248074752290e-01
-2.759078039345384e-01
-2.757572181528374e-01
5.800000000000000e-01
6.258675641756188e-01
5.781665266285236e-01
6.800000000000000e-01
6.778504105299932e-01
6.232692144783016e-01
5.878928773160640e-01
5.668758033704614e-01
5.448666298274700e-01
6.040321766694100e-01
6.458776895748924e-01
6.269367812151810e-01
1.115988142881065e-01
1.258477087016668e-01
1.599252359091572e-01
2.072769205971630e-01
1.998181865497885e-01
1.475455895122984e-01
2.508274686763272e-01
-3.199073228995824e-01
-2.770749765489128e-01
-2.765831508285298e-01
-2.352046860715330e-01
-2.376260150296456e-01
-3.242699009713816e-01
-2.757572181528330e-01
3.352933601304134e-01
3.420904758974346e-01
3.816072890952776e-01
3.718343098034886e-01
3.477761257903286e-01
3.931025601528980e-01
4.359436735627108e-01
2.988058589186382e-01
2.546015471351628e-01
2.560963889652280e-01
2.184710484375188e-01
2.139410762239236e-01
3.002509387868192e-01
2.508274686763246e-01
2.799572222547050e-01
2.675656559857369e-01
3.007578896344318e-01
2.453922303321960e-01
2.311149729677701e-01
2.515107555268620e-01
2.874529903489526e-01
1.156374909103393e-01
1.174952985929038e-01
1.489465258531019e-01
1.385568036500545e-01
-1.051382796124021e-01
-8.899894783877638e-02
-1.278083162202387e-01
-1.032387794929806e-01
-1.150108979899926e-01
-7.430497196986686e-02
-1.578250815561955e-01
4.060244032502678e-01
4.561024020536690e-01
4.376474796917742e-01
3.917855079765290e-01
5.131039417075974e-01
4.212567814121040e-01
4.760286107072100e-01
-4.221697100143038e-01
-4.393750305750748e-01
-3.892370884482380e-01
-4.949575910512534e-01
-4.563469312841424e-01
-3.673999914116738e-02
-5.756720336667702e-02
-1.351988761224893e-02
-6.749258325748328e-02
-8.685152065925818e-02
1.224855072233663e-02
-1.153166884573775e-02
6.146758129928600e-02
3.457677259849812e-02
4.053828511547996e-02
9.434016175256900e-02
-1.351988761224487e-02

Y  1  1102  double
-3.394539078780948e-01
-3.336937430567463e-01
-3.038842752786368e-01
-2.666101453870976e-01
-2.973979943765655e-01
-2.261843286841796e-01
-2.223474877675825e-01
-2.553000654337432e-01
-2.532101802405838e-01
-2.815623423953594e-01
-4.041267978804471e-01
-4.250447091497041e-01
-4.325483893381054e-01
-4.463440222197851e-01
-4.524568474732996e-01
-4.362826041377516e-01
-4.285178859785396e-01
-4.055121552911831e-01
-4.243177733967781e-01
-4.416865977090801e-01
-4.064117593016328e-01
-4.017116532365160e-01
-4.523857033306018e-01
3.181508924552643e-01
3.471511037057137e-01
2.865494014829764e-01
3.164897937849378e-01
3.437345012637391e-01
2.856545592760903e-01
3.166273396082587e-01
-1.985254793704165e-01
-1.804255152326562e-01
-1.462403828855587e-01
-2.146277052758005e-01
-2.006359552417281e-01
-1.659814648829155e-01
1.235757120514484e-01
9.102869086651273e-02
5.506021364489125e-02
8.679877444765463e-02
5.512950769658740e-02
7.511514218554401e-02
-9.036905388928050e-02
-8.658721064761889e-02
-1.221031603334135e-01
-1.545324071195218e-01
-1.891528444006140e-01
-1.835695521066111e-01
-1.260598328377540e-01
-3.951205341860224e-01
-3.764299291254346e-01
-3.676953555402699e-01
-4.047283884631736e-01
-3.441726674186121e-01
-3.348448268110440e-01
-3.568533877045746e-01
3.159031881912223e-01
3.125182946671544e-01
3.455354146365883e-01
2.838027000843235e-01
2.523347478493697e-01
2.862672729275568e-01
2.531982944050752e-01
2.855117081424705e-01
2.159896674701514e-01
2.504509638783802e-01
3.031469905316429e-01
2.658940269800757e-01
2.718922031644530e-01
3.083955904991316e-01
9.490165418526440e-02
5.681344789604537e-02
4.903675612562703e-02
8.666523246884125e-02
1.026539314231774e-01
4.098528736504960e-02
2.783940490672170e-03
-3.425425624814526e-03
4.282594443497224e-02
1.018292401601020e-02
-2.992662262391280e-02
8.162330221744173e-02
3.762075465374760e-02
7.741463780326617e-02
-1.818775613254642e-01
-1.492753997607894e-01
-1.761533249296822e-01
-1.402347021425284e-01
1.403519254262674e-01
1.449246781929365e-01
1.035425082271870e-01
2.182654032720821e-01
1.831275910630493e-01
1.804542942683678e-01
-1.388249712762225e-01
-1.105221015459632e-01
-1.779939874013930e-01
-1.502911721113596e-01
-1.196759138798314e-01
-1.610741774482478e-01
-1.630864177562503e-01
7.274353279432957e-02
6.736248013928954e-02
1.088144829155753e-01
2.513976655706147e-02
3.124755348456214e-02
-7.282504113335098e-02
-2.746784933527298e-02
-3.503247572111104e-02
-8.029380273240952e-02
3.522560075486114e-03
1.111625773482570e-02
-1.183586793888000e-01
-1.110700000053652e-01
-7.875916739011594e-02
-6.964976200547635e-02
-3.742207001125823e-02
-4.569004794320154e-02
-8.783365710501378e-02
-6.138284498800218e-02
4.133312189704538e-02
-4.209322898828517e-03
-1.203768316323101e-02
3.392239827980902e-03
-4.176502493659215e-02
1.229451131941180e-01
1.470599444811365e-01
1.393944702989634e-01
1.312089348752284e-01
1.835655905694210e-01
1.754868074538840e-01
-1.916438105080430e-01
-1.552009644003344e-01
-1.477879510556543e-01
-1.617058222102409e-01
-2.043923734915960e-01
-2.329047795861603e-01
-1.983158788749119e-01
-1.173946243108009e-02
3.335159323876164e-02
7.836097409193597e-02
6.984139503626061e-02
1.141678004167099e-01
2.519821347599104e-02
6.155539791861409e-02
-1.311302078142303e-01
-1.248571536950670e-01
-1.680293776125562e-01
-2.772212348610660e-01
-2.123303198192268e-01
-2.397987493493984e-01
-2.517401143386304e-01
-2.885914686438347e-01
-1.486275302256096e-01
-1.132133693289596e-01
-1.098637122249424e-01
-7.368250761455926e-02
-1.845984816387506e-01
-1.456323503622144e-01
-2.008645521103097e-01
-2.652740049446873e-01
-1.896359073417317e-01
-2.157151389120804e-01
-2.285518888454912e-01
-2.486426595996517e-01
-2.848246993599725e-01
-2.091877700253010e-01
-2.441446029097531e-01
-2.818460145873157e-01
-3.773074056641499e-01
-3.762458000274231e-01
-3.481330008129868e-01
-3.745373805874855e-01
-3.487859821238823e-01
-1.779225755295356e-01
-2.137401279696364e-01
-2.169438555080794e-01
-1.813483713840754e-01
-1.732116819919401e-01
-2.537375440468799e-01
-2.193989664454254e-01
-2.512456036230515e-01
3.459419272032082e-01
3.173054288263131e-01
3.477130794500294e-01
3.718093811313647e-01
3.710951920608723e-01
3.170720735441291e-01
3.466474324421076e-01
-1.415651205877263e-01
-1.046180330004222e-01
-6.256060515339486e-02
-6.816914511280087e-02
-9.953893401972656e-02
-1.364532733291174e-01
1.768164310331344e-01
2.124525211699541e-01
1.723981574404074e-01
1.356013038949654e-01
2.040090266731098e-01
2.501221416348011e-01
2.160336832440955e-01
2.375354909611012e-01
1.778034411609725e-01
-2.997078648569536e-01
-3.098298854252700e-01
-2.722782706224667e-01
-2.815643839589816e-01
-2.624519039086478e-01
3.750814380467163e-01
3.750464968453862e-01
4.002054454768999e-01
4.001536208437630e-01
4.176479363927233e-01
3.508078031335104e-01
3.747510226252400e-01
3.728068581552416e-01
3.478150422181296e-01
3.735796909344719e-01
-4.618967967467163e-01
-4.472251760999931e-01
-4.686814765647228e-01
-4.702421659477677e-01
-4.790504612233672e-01
-4.845914999936011e-01
-3.130333050549441e-01
-3.454485198393192e-01
-3.245714703642573e-01
-3.891446547322379e-01
-3.758073572229113e-01
-3.631847877467940e-01
-3.330912709428165e-01
2.186216117531726e-01
1.856881805768726e-01
2.399669662673582e-01
2.094196078763081e-01
1.768997090379455e-01
1.509681560013290e-01
1.829876479929187e-02
-6.673593094933665e-05
3.782229271161856e-02
-1.799353596354857e-02
-3.760138658738899e-02
-5.603396942202420e-02
-9.361326985470408e-02
-4.939577164664039e-02
-4.250505297801157e-03
-4.232639079756934e-02
-8.705742216042166e-02
1.798899951367426e-02
5.506464773390553e-02
9.257985559651258e-02
4.858672659138080e-02
8.633833680968857e-02
9.881982320771654e-02
6.167836366451613e-02
2.708884056455269e-01
2.960135513890512e-01
2.907516379409672e-01
3.240352377698259e-01
3.020888242748180e-01
-4.157596220734661e-01
-3.964030714919604e-01
-3.747640121757449e-01
-3.746638747478571e-01
-3.966881028260372e-01
-3.734746710576232e-01
-4.182626689674926e-01
2.651283156698887e-02
-1.975264849692124e-02
1.901416404609247e-02
6.459680877393181e-02
-2.542528246934699e-01
-2.544265011323943e-01
-2.868925016122976e-01
-2.843019088505440e-01
6.080859407590413e-02
6.947848860168497e-02
9.954085891242673e-02
1.392002876830989e-01
1.100587499816516e-01
1.302767509341821e-01
-1.090854046918836e-02
-5.358606571559313e-02
-1.844246393971991e-02
-6.220963053228698e-02
-3.182149395188685e-01
-2.870196326909181e-01
-3.185240353094321e-01
-2.868750048480538e-01
-3.472404988680375e-01
-3.181509153119136e-01
2.176525548975796e-01
2.588725450010567e-01
2.967254627276182e-01
2.421661599795082e-01
2.810560942998344e-01
2.509075063680635e-01
2.094612303958847e-01
2.893325035278189e-01
-2.601065432412752e-02
-7.043216586835746e-02
-3.417971566872931e-02
1.104918376238728e-02
-1.149003345374456e-01
-7.898326299268504e-02
2.544155507815709e-01
2.195682255984882e-01
2.196812721189806e-01
1.854327227696654e-01
2.537448228596935e-01
1.853802571689082e-01
-6.555016743198995e-02
-1.035382834977624e-01
-5.754913877044219e-02
-4.994302058605706e-02
-9.559663026944205e-02
2.251784876938633e-01
2.321521540095338e-01
1.975231920060549e-01
1.907527294836788e-01
1.542320809459051e-01
-1.236854747237768e-01
-1.319239718741304e-01
-8.739054841053071e-02
-1.677268870492866e-01
-2.100736910993619e-01
-1.584168503874461e-01
2.032845607409564e-01
2.433020084434740e-01
2.083479945976582e-01
2.379335595902043e-01
2.771723666295334e-01
2.474315016508984e-01
2.806631915189276e-01
-3.210430574072962e-02
2.978244674164912e-03
1.005796836144388e-02
-7.835203481734733e-02
-3.860796989643114e-02
3.264841355200611e-01
3.522331320935901e-01
3.594236835292146e-01
3.331189233444901e-01
3.842464953033389e-01
3.767517105844222e-01
4.046617706921715e-01
2.004861281681400e-01
1.914341042385853e-01
1.671599414588168e-01
1.580165037827010e-01
-2.425001681920821e-01
-2.011334391036586e-01
-2.329814038662627e-01
-2.514408694876242e-01
-2.224030446062659e-01
-1.919556051820096e-01
4.307517907690087e-01
4.110993305544514e-01
3.904835286518747e-01
4.160054875641268e-01
4.351598602340694e-01
4.392504908404707e-01
2.007418341794055e-01
1.896299647824815e-01
1.712291520701590e-01
1.607614574661330e-01
1.193471681172099e-01
1.501290859947499e-01
-2.259692730171422e-01
-1.842572234404288e-01
-2.183332163058362e-01
-2.594890224925765e-01
-3.741912138694273e-01
-3.437689433966150e-01
-3.705593424176520e-01
-3.659120890633234e-01
-3.959613935596261e-01
-3.998351048277620e-01
1.609568461170069e-01
1.240319717405144e-01
1.669502892810208e-01
1.300401624589190e-01
-3.740393257525110e-01
-4.015509841853008e-01
-4.244948230557607e-01
-4.063730217682134e-01
-4.204162257330567e-01
-3.917859397206229e-01
-3.862243893686546e-01
2.657493969921573e-01
2.280749663719120e-01
2.398246275399740e-01
2.515521058060613e-01
2.773380633325295e-01
2.888238819848137e-01
1.474918941215645e-01
1.509808413227331e-01
1.516423405761462e-01
1.186872320480264e-01
1.155961292097253e-01
1.122742549126942e-01
4.496841506729303e-02
8.742486768893240e-02
3.679576537310973e-02
7.820354688045363e-02
2.919592795462427e-02
-3.765133127201406e-03
-3.269654042453953e-01
-3.189478057392674e-01
-3.525826893404436e-01
-2.898374060266325e-01
-2.593370130323909e-02
-1.879565989182016e-02
1.777240893477542e-02
5.304601852816990e-02
1.103150961344986e-01
7.931306173815471e-02
3.425381144836565e-02
1.173511594385708e-01
7.209343631952471e-02
-2.780426486661353e-01
-2.389293004720339e-01
-2.728196493986291e-01
-3.136188739788951e-01
-3.092075685090475e-01
-3.168696019388048e-01
-3.465054332650593e-01
2.718401696955358e-01
2.997448231493621e-01
3.572912864343594e-01
3.243004154293679e-01
3.346005964333967e-01
-1.862194986035339e-01
-2.205153495845643e-01
-2.213382087816489e-01
-1.887206048510223e-01
-1.869225203261279e-01
-1.520993792502039e-01
3.439190305674301e-01
3.097134945303894e-01
3.676579935409943e-01
3.186408306293340e-01
9.619152905539931e-02
1.296407653534840e-01
1.391520008535181e-01
1.488102142154936e-01
1.054603421827710e-01
3.386318411768486e-01
3.697947819227150e-01
3.730039265246473e-01
3.428188095167195e-01
3.652410724082904e-01
3.953968652955767e-01
3.987603289690865e-01
2.121698006901526e-01
1.814186290032338e-01
2.222924048154903e-01
2.620527234358996e-01
2.327508118840030e-01
-9.685182251305614e-02
-1.300692320941161e-01
-1.394854085521013e-01
-1.715350651316362e-01
-1.060253811751030e-01
-4.114454460360027e-01
-3.909908162369265e-01
-3.845335067516358e-01
-4.306883741310715e-01
-4.361000895466435e-01
-4.164080451482232e-01
-3.598450388746357e-01
-4.104049782271226e-01
-3.860209769644922e-01
-4.228322089614748e-01
-4.451431937950912e-01
-4.366728012133932e-01
4.656155750627907e-01
4.440650074856785e-01
4.465499050133273e-01
4.257769675933972e-01
4.360046324369105e-01
4.708888946879047e-01
4.575105772340531e-01
-4.237275349975088e-01
-4.423381756870314e-01
-4.202814949372305e-01
-4.393801895678205e-01
-1.191862070289763e-01
-1.537803404313933e-01
-1.520523544876694e-01
-8.265044692536336e-02
-1.169787474087913e-01
4.688072357598383e-01
4.496562652194526e-01
4.619196947951997e-01
4.537946706120483e-01
4.840641143343910e-01
-3.204774119558608e-01
-3.495583792096820e-01
-2.904946683486527e-01
-3.001218680493034e-01
-3.228608537819864e-01
-3.505036731364218e-01
3.637619250793488e-02
5.631288654209708e-02
-5.657440084411428e-02
-3.645546220498213e-02
-3.487130989348185e-04
-1.898757422806185e-02
1.897187384951164e-02
-9.364097605840037e-02
-7.366062063821695e-02
-1.096790582278326e-01
-1.251287230625629e-01
-9.991622677712939e-02
-8.792019215051985e-02
-5.492678657038265e-02
-4.709702260332034e-01
-4.554382032029149e-01
-4.517604828320843e-01
-4.657510056680975e-01
-4.817552256417869e-01
1.932062970211430e-01
1.587797991924675e-01
1.834654181374080e-01
1.483337790364371e-01
1.679654345530825e-01
-1.304507241020837e-01
-1.522603741803074e-01
-1.751554237819128e-01
-1.373938853755137e-01
-1.150230839960636e-01
-1.676711402525712e-01
-1.905978272412240e-02
-4.913880964936148e-02
2.245533777917979e-02
-1.071479992494328e-02
-4.354647793855754e-02
-3.620079208975348e-01
-3.860363025786008e-01
-3.628163646094854e-01
-3.372467020924057e-01
-3.377602999876577e-01
-3.856356490586308e-01
-4.576052082754861e-01
-4.833891127290190e-01
-4.751987535927210e-01
-4.649928530866098e-01
-4.717066498610676e-01
3.965844814792929e-01
4.157360239155541e-01
3.973677812652509e-01
4.184952315507582e-01
4.191547030651376e-01
3.961717797307864e-01
4.394686238958586e-01
-4.579679090687691e-01
-4.576318053992810e-01
-4.723599038731258e-01
-4.732653912222794e-01
-4.865518536302441e-01
-2.391043833440349e-01
-2.447248407862225e-01
-2.697171234395224e-01
-2.967269953172765e-01
-2.513613494700794e-01
-2.713232725194316e-01
4.732635234755138e-01
4.451283478424672e-01
4.957731842219866e-01
4.652431794902788e-01
5.218746147118578e-01
5.261007880129264e-01
5.843387427941700e-01
5.548606826954298e-01
4.560038961881641e-01
4.412462013392845e-01
4.195271330580881e-01
4.219626168831135e-01
4.566882079970980e-01
5.412183301539528e-02
4.833925139920560e-02
-2.281222606133945e-02
2.100589681643636e-02
1.251695581573181e-01
8.672176217028053e-02
1.082893175711200e-01
7.270826365378984e-02
9.371428336520003e-02
7.726966176956822e-02
-3.152264450890822e-01
-3.111466888011218e-01
-3.380729568157750e-01
-3.440466691868669e-01
-3.106069444815655e-01
4.251969771639910e-01
3.894928022028906e-01
4.101009386988356e-01
3.933412926644038e-01
4.000900637618761e-01
1.891259128099208e-01
2.243472961090156e-01
2.118095732042632e-01
2.008279124270846e-01
2.337281659075683e-01
1.987825754846206e-02
-2.257386781612262e-05
3.867273676411279e-02
5.950909590095154e-02
-3.864579918392894e-02
-1.338915943019823e-01
-1.563983035111134e-01
-1.704109705001412e-01
-1.480497082088337e-01
-1.122779374739794e-01
-5.950909590095318e-02
-7.719126629883830e-02
-9.876369858897727e-02
-1.270620943445136e-01
-4.779257307028802e-01
-4.592853660179799e-01
-4.448191066403504e-01
-4.647417038486932e-01
-4.396000984569794e-01
-4.296608402898300e-01
-4.275459657688998e-01
-4.486194303096058e-01
-4.081307938289037e-01
-4.079857960995802e-01
-4.513339049896810e-01
-3.837313343469536e-01
-3.610959382019611e-01
-3.570507995483744e-01
-3.987024502098636e-01
-4.260829817464342e-01
2.896417395781391e-01
3.128540378302790e-01
2.657447090237863e-01
3.197216651515513e-01
2.578329865679214e-01
3.428528975432058e-01
4.951647332362510e-01
4.789539018774395e-01
4.880881572095256e-01
4.706956768826989e-01
4.991107183909666e-01
4.779257307028806e-01
4.588870133668353e-01
-2.063198653402141e-01
-2.501436308886301e-01
-2.173149071983551e-01
-2.408315639363709e-01
4.394875954112162e-01
4.370537688873311e-01
4.570419056770168e-01
4.625184393571948e-01
4.828564374874154e-01
2.471245943083606e-01
2.808772141603844e-01
2.842818326361954e-01
3.199516609085806e-01
2.474069404378940e-01
-4.394875954112176e-01
-4.191547030651390e-01
-3.961717797307880e-01
-4.570419056770180e-01
-4.617791195655714e-01
-4.385972456421292e-01
-4.951647332362508e-01
-4.991107183909664e-01
-4.880881572095252e-01
-5.293947936482432e-01
-5.358019957576778e-01
-5.743910905540506e-01
4.528077130386404e-01
4.717066498610668e-01
4.325274390621507e-01
4.463647154537991e-01
4.655661456745202e-01
1.704540321413154e-01
2.058179788073116e-01
1.936355873253208e-01
-2.232500104476003e-01
-2.339559596875813e-01
-2.656000089845791e-01
-2.565150401215878e-01
-2.118095732042650e-01
-1.882872411045957e-01
9.608123964999728e-02
1.121650839118346e-01
1.332579104596514e-01
1.181722192664526e-01
1.563983035111138e-01
2.727565629758161e-01
2.501379533026251e-01
2.271178316776206e-01
2.173604194640941e-01
2.581630393525238e-01
2.809226166108681e-01
-1.957070992885535e-02
1.930488792570976e-02
5.767065366779960e-02
0.000000000000000e+00
3.972508348585724e-02
7.919901220360757e-02
2.040606054182086e-02
6.345971485100813e-02
-3.242150053881541e-01
-3.193277151478677e-01
-2.959167721884757e-01
-2.888019058506003e-01
4.732952006641307e-01
4.867575617201029e-01
4.558666939650933e-01
4.725169996904433e-01
3.972126281627378e-01
4.245187414519142e-01
4.182284877478445e-01
4.397760288981367e-01
4.448858027369671e-01
4.647417038486938e-01
4.486194303096064e-01
1.304144502604204e-01
1.152368966613911e-01
1.434319758829387e-01
1.658319850337876e-01
1.528564921366506e-01
1.373938853755119e-01
-3.338486105253783e-01
-3.103960463133322e-01
-2.809191517856225e-01
-2.839045910317877e-01
-2.596091021560192e-01
-3.046275844030641e-01
3.376642008068649e-01
3.626335702683531e-01
3.394294444585278e-01
3.147618712301852e-01
3.606265025442299e-01
3.856604729274388e-01
3.842985292819546e-01
4.063185594132533e-01
3.859130888061499e-01
4.274783585585957e-01
4.078259441503032e-01
4.296608402898308e-01
4.079857960995808e-01
-9.633529746684105e-02
-5.821457926052354e-02
-7.512390091688945e-02
-5.872709877667977e-02
-4.946058096751185e-02
-7.919901220360744e-02
-4.128763327300092e-01
-4.595592644877158e-01
-4.862194555555626e-01
-5.120317400736164e-01
-4.800545480294942e-01
-5.387936204338730e-01
-5.700503961685900e-01
2.652933319990274e-01
2.277038113545364e-01
2.663924277493276e-01
2.642097892263100e-01
2.401898095175866e-01
2.296486446114892e-01
3.064833555025198e-01
3.023092718123960e-01
1.686134432110451e-01
1.593769070355913e-01
2.031802915870150e-01
2.088620081639048e-01
1.751554237819113e-01
-3.197802276086190e-01
-2.836782206599484e-01
-3.128540378302806e-01
-2.808772141603862e-01
-2.471245943083624e-01
-2.463292978404476e-01
-4.984065747362024e-01
-4.726037135905268e-01
-5.203985391591422e-01
-5.503281804144494e-01
-5.737721690452366e-01
-6.101224252210637e-01
-5.607313707656624e-01
-5.134492587152472e-01
-5.323081189096502e-01
-5.707379034274846e-01
-5.254385330893790e-01
-4.920154339892104e-01
-1.145658903632166e-01
-8.460104445120405e-02
-6.903055124510928e-02
-9.883514088464609e-02
-8.093237042529844e-02
-1.343186300810114e-01
5.743910905540512e-01
5.285862292592778e-01
5.661822623630496e-01
5.543938476153416e-01
5.069713737869770e-01
5.203579334895087e-01
5.789684333335212e-01
5.355465499826882e-01
5.798853512666380e-01
5.370580951220618e-01
6.258196699709808e-01
6.234969450183296e-01
6.787905770117146e-01
-2.079628156074716e-01
-2.456991049169500e-01
-2.866645293977028e-01
-2.881674567638898e-01
-3.360894482593744e-01
-2.880610195578024e-01
-5.771360473030082e-01
-6.109682807130454e-01
-6.574091933114660e-01
-6.251790115330262e-01
-6.216340825928570e-01
-6.766422623552510e-01
-6.691409902253266e-01
2.246172812973722e-01
1.866355951446810e-01
1.814220320728920e-01
9.187085415618484e-02
1.062047639290893e-01
1.474470087481976e-01
1.370797743490851e-01
-4.921840481308190e-01
-5.391003764644836e-01
-5.076405254124622e-01
-5.206042194919168e-01
-5.543938476153404e-01
4.862194555555594e-01
5.098056106770106e-01
5.393759018947958e-01
5.977031297592542e-01
5.103972999295165e-01
5.700503961685868e-01
4.141789274761154e-01
3.988192685987880e-01
3.837313343469544e-01
3.570507995483752e-01
4.258570580764404e-01
8.159934079628638e-04
-1.987825754846349e-02
-2.305877875622074e-02
-4.204085730547678e-02
-4.999011648850328e-01
-5.374239938347630e-01
-5.377822053830352e-01
-4.975310752612138e-01
-4.859629179312842e-01
4.131881011787624e-01
3.845661185036748e-01
3.529686285154576e-01
3.706841308493082e-01
9.876369858897562e-02
8.587688073306116e-02
1.277121433223364e-01
1.964484474448915e-01
2.382113763433980e-01
-3.281128746351874e-01
-2.971005144858548e-01
-3.025668003265938e-01
-2.642097892263094e-01
-2.735312128227825e-01
-3.370257340896012e-01
4.378587256410190e-02
6.903055124510098e-02
2.305877875621290e-02
-4.946310032566178e-02
1.665141659066020e-04
-2.703443026591276e-02
5.046218532111570e-02
2.703443026590628e-02
-5.002770902817090e-01
-5.471797138388392e-01
-5.998682543918248e-01
-5.813999239108836e-01
-6.415210438110523e-01
-2.659448118516874e-01
-2.281029836437786e-01
-2.296486446114886e-01
-1.936355873253204e-01
-1.883791490274775e-01
-2.663924277493268e-01
-2.246172812973712e-01
-3.525436406919204e-01
-3.428528975432074e-01
-3.472721782804286e-01
-3.706841308493100e-01
-3.822519838849108e-01
4.999011648850328e-01
4.975310752612136e-01
4.822177407390491e-01
4.856418994667496e-01
5.373159893231210e-01
2.971005144858556e-01
3.361320428570714e-01
3.281128746351882e-01
3.041290242590155e-01
3.337054687771932e-01
3.669691443023754e-01
2.875144157738397e-01
2.867260343398853e-01
2.654119101539070e-01
3.103447707563732e-01
-6.461795626493742e-02
-2.200473470491546e-02
-3.972508348585700e-02
-1.064856864353636e-01
-4.608109684359462e-02
4.504812082420590e-01
4.724915093874130e-01
4.984065747362038e-01
-2.421190315778940e-01
-1.957814784177026e-01
-2.382113763434038e-01
-1.593769070355986e-01
-2.031802915870220e-01
-1.482889551488126e-01
-1.868556841107004e-01
4.815918218841200e-01
5.387936204338692e-01
4.466767367133662e-01
5.041304179550590e-01
4.662799406587594e-01
4.595592644877116e-01
3.977093611501178e-01
4.299935917851968e-01
3.716778913652142e-01
3.819930112581222e-01
3.629106838831226e-01
3.258175684260448e-01
4.117893508699598e-01
4.254814914491790e-01
2.189790595741426e-01
1.723585978507988e-01
2.127016927751146e-01
1.232548101311830e-01
1.607142182023755e-01
1.077106565969063e-01
9.959307120617804e-02
8.093237042529200e-02
1.145658903632090e-01
1.482487998013457e-01
1.868556841106944e-01
1.343186300810048e-01
-3.527663159993462e-01
-3.593253133477804e-01
-3.446365968035912e-01
-3.064833555025186e-01
-3.919099147032260e-01
-4.040566997007620e-01
-3.303716068736158e-01
-3.819930112581270e-01
-4.104379171571938e-01
-4.254814914491832e-01
-3.629106838831276e-01
-3.258175684260504e-01
-3.728353798412162e-01
4.289149153034558e-01
4.462335095038558e-01
4.855890873857902e-01
3.806109345768184e-01
3.446365968035926e-01
3.926121142136478e-01
4.040566997007636e-01
2.877795523150446e-01
3.360894482593692e-01
2.880610195577966e-01
2.456991049169434e-01
2.866645293976966e-01
3.316703335035818e-01
2.432299653608482e-01
5.910845200227826e-01
6.499789937559176e-01
6.047281555164667e-01
6.176703974096922e-01
6.637998938049549e-01
6.734240372013016e-01
5.999325689733174e-01
6.118642805901136e-01
6.574091933114650e-01
5.471797138388376e-01
5.607313707656612e-01
6.691409902253258e-01
6.415210438110510e-01
-1.727841272808737e-01
-1.607142182023749e-01
-1.479743023719158e-01
-1.814220320728915e-01
-1.370797743490844e-01
-1.181722192664521e-01
-2.519166818522504e-02
-5.402611354076552e-02
-1.242336462804010e-01
-1.077106565969061e-01
-9.187085415618462e-02
-7.524224709698218e-02
3.763182380250008e-01
3.862438841193324e-01
3.956440010520810e-01
3.986666027552407e-01
4.105241647940746e-01
3.101477590364554e-01
2.651432715540770e-01
3.123221566716252e-01
3.593253133477816e-01
3.512200293934008e-01
2.633443987624362e-01
5.837430747013562e-01
5.301686105853394e-01
5.004499192610365e-01
5.620795192788486e-01
6.215769917207428e-01
0.000000000000000e+00
2.419944836999216e-02
4.608109684359442e-02
0.000000000000000e+00
5.402611354076584e-02
7.452382993977108e-02
-2.200536575804872e-01
-2.654524132942372e-01
-3.101860159381986e-01
-3.123221566716244e-01
-2.127016927751142e-01
-2.633443987624352e-01
-6.178904072800642e-01
-5.661822623630490e-01
-6.062333937540541e-01
-5.906347757780588e-01
-6.499789937559168e-01
-6.637998938049542e-01
-6.320487172342226e-01
-5.375131557664627e-01
-5.630279037366170e-01
-5.098056106770134e-01
-5.301686105853416e-01
-4.821164030127410e-01
-5.977031297592564e-01
-6.215769917207448e-01
-4.732635234755124e-01
-5.261359108118528e-01
-4.956177607553554e-01
-4.451283478424658e-01
-5.843387427941686e-01
-5.548606826954288e-01
-5.218746147118564e-01
5.499620201542545e-01
5.737860997093256e-01
5.203985391591434e-01
4.920538221593864e-01
5.391003764644848e-01
6.101224252210647e-01
6.320487172342236e-01
3.572680817436314e-01
3.346435131682555e-01
3.241873976626968e-01
3.669061713118499e-01
3.460745609459466e-01
3.131314828279344e-01
3.006499190734209e-01
4.237763625941769e-01
4.440195716293090e-01
4.312539545904253e-01
4.523931248229072e-01
4.751259027775009e-01
4.920154339892102e-01
4.833891127290182e-01
5.707379034274837e-01
5.242846793239720e-01
5.323842021007720e-01
5.146235742965986e-01
-4.141789274761138e-01
-4.296309167979606e-01
-3.806109345768170e-01
-3.692802867559930e-01
-4.462335095038546e-01
-4.653366091615902e-01
-4.855890873857890e-01
-3.977093611501226e-01
-4.481009627893064e-01
-4.299935917852014e-01
-4.662799406587638e-01
-5.041304179550627e-01
6.262310749190986e-01
5.771360473030078e-01
6.798655842436446e-01
6.766422623552506e-01
6.219587598033800e-01
-6.276667872319202e-01
-5.798853512666380e-01
-6.233117660029770e-01
-5.789684333335210e-01
-6.787905770117144e-01
-6.734240372013010e-01
-6.798655842436448e-01

Z  1  1102  double
3.152741976186331e-01
3.209241142704565e-01
3.473671873830802e-01
3.743675124764197e-01
3.506703982256437e-01
1.462938018287777e-01
1.983682956416987e-01
1.654690060060247e-01
2.072014560841571e-01
1.743314676372036e-01
1.577777174292637e-01
1.411135874890978e-01
1.003934849967592e-01
1.002104955635138e-01
5.437661380632491e-02
5.588751118150621e-02
1.504174298457871e-01
2.006775438424316e-01
1.850084024401249e-01
1.426426044212191e-01
1.708681249938940e-01
2.264199837408532e-01
1.003034938452611e-01
1.496460751405106e-01
1.488077370251225e-01
1.987896971480684e-01
1.941157694372639e-01
1.879478439312024e-01
2.363615932526568e-01
2.309646466906397e-01
1.785787921654697e-01
1.429651145333347e-01
1.444684711518398e-01
1.392854958280685e-01
9.948604479847666e-02
9.974562878425611e-02
1.436892552799151e-01
1.792746772968743e-01
1.679690067665597e-01
1.394760389779051e-01
1.324542944076299e-01
1.003936641008199e-01
1.433779298094061e-01
1.910800099980585e-01
1.651786860620835e-01
1.386964461931197e-01
1.445127837102359e-01
9.972873305186680e-02
1.313856475606498e-01
2.168886521528023e-01
2.533465765407426e-01
2.452123896632679e-01
2.201780220526578e-01
2.840682430224550e-01
2.736563794114674e-01
2.333265566556650e-01
3.080796205028814e-01
3.262367127319662e-01
2.902238312207557e-01
3.219185525135332e-01
3.043378288271756e-01
2.686338582188856e-01
2.733182645436877e-01
2.978716410440001e-01
3.356102422576598e-01
3.310065477438892e-01
3.478052184921508e-01
3.749196902948446e-01
3.687455039695208e-01
3.393314103264876e-01
4.388952927935065e-01
4.487815432463078e-01
4.427428684375009e-01
4.305599745114727e-01
4.424099113893431e-01
4.319206082268221e-01
2.658754751222076e-01
3.033316192992040e-01
2.487624978846129e-01
2.253712192719476e-01
2.389625342630378e-01
2.279050040877677e-01
2.886831024632972e-01
2.699362957529991e-01
3.424179590890137e-01
3.708190813630439e-01
4.117679237919049e-01
4.292846896893046e-01
3.604895687043031e-01
3.302727666159066e-01
3.531013707451647e-01
3.062065645592161e-01
3.040272633831789e-01
3.353527157093546e-01
2.210361435419674e-01
2.542070833898538e-01
2.194633061143373e-01
2.550089688878969e-01
2.899483256643949e-01
2.888026942214966e-01
1.824791410853499e-01
3.065428089987280e-01
3.413246879791581e-01
3.209104182111640e-01
3.562534376842865e-01
3.245979195079879e-01
4.461892304330098e-01
4.523258368192908e-01
4.463969727835477e-01
4.377135348003872e-01
4.415581791278986e-01
4.500589217644448e-01
4.349282831948156e-01
4.409254968887145e-01
2.866312517372094e-01
2.485575633294800e-01
2.785000386281238e-01
3.136226514873720e-01
3.193169654003391e-01
2.104677443836266e-01
4.339917681109596e-01
4.402153590182793e-01
4.493112771730559e-01
4.264440186028678e-01
4.301711291012408e-01
4.134450198005766e-01
4.312374917919888e-01
4.302400362586648e-01
4.243938251507429e-01
4.164465698082541e-01
4.131047211457110e-01
4.147115545247283e-01
4.273784185120315e-01
4.308729711267352e-01
4.190977541860614e-01
3.981126092450666e-01
3.941823297870660e-01
4.088778965622883e-01
4.099015189995567e-01
4.160045329603312e-01
4.171061922494423e-01
3.992663124550566e-01
3.979402131236461e-01
3.955981899789348e-01
3.761843363456023e-01
4.083488891055274e-01
4.241724118608994e-01
4.057123446766019e-01
2.582372610152069e-01
3.090398034378273e-01
2.731526498213767e-01
2.965471662519988e-01
2.803237055320859e-01
3.004414024208797e-01
2.893752469741926e-01
3.245640668592109e-01
3.104740836782950e-01
3.068482371857576e-01
3.337604966504042e-01
2.832837807225509e-01
2.330542032251965e-01
2.518800529991522e-01
2.136424923363888e-01
2.438136526675441e-01
3.551644408818125e-01
3.237109119179791e-01
3.828535796516094e-01
3.729807385652004e-01
3.432827004805805e-01
2.495187219784991e-01
2.313382585621625e-01
2.722194412161550e-01
2.072572994159688e-01
2.484632332153173e-01
3.650504806324146e-01
3.624785489991721e-01
3.382485275264915e-01
3.384535156296670e-01
3.879180213952860e-01
3.065157065144656e-01
3.088266095064238e-01
3.333693958913044e-01
2.202261068199284e-01
2.600599016346423e-01
2.468003788737027e-01
2.076427933280694e-01
1.779484994106899e-01
2.867225005833200e-01
2.713769655170684e-01
3.629378070736836e-01
3.560317739116458e-01
3.739186501601908e-01
3.446248730151045e-01
3.834228196483632e-01
3.880866361846944e-01
3.628954672911731e-01
3.608361690695252e-01
3.859914530930524e-01
3.857307550174029e-01
1.818229851419044e-01
2.106777913026390e-01
2.181002644543670e-01
1.772068820196156e-01
2.236300154517315e-01
2.970712500681986e-01
3.097859583690848e-01
3.322028278303316e-01
3.429836204520509e-01
3.164614887752246e-01
2.507570780374714e-01
2.299266994296990e-01
2.094253612711129e-01
2.271654458828322e-01
1.718108447057487e-01
1.002911099197223e-01
1.003130343509673e-01
1.423355435444267e-01
5.501965181603422e-02
5.463303110668385e-02
1.001862728277889e-01
1.496467904027137e-01
9.993806696759887e-02
5.595876152721672e-02
5.461167843023506e-02
5.368600346238755e-02
2.391769821924732e-01
2.175792211444190e-01
2.583500715187678e-01
1.451287921971079e-01
1.903478118703275e-01
1.728747009576957e-01
1.983245305082709e-01
1.947279262493901e-01
1.861408084695090e-01
1.531732194850158e-01
1.465825265331899e-01
1.423508364110891e-01
1.763340259066245e-01
1.455672226102271e-01
1.004231354574078e-01
1.006736518482935e-01
1.369202831349542e-01
1.005130181846122e-01
3.990061011923746e-01
4.061487855333352e-01
4.196979933769440e-01
4.282374323746231e-01
4.353676804086922e-01
4.243804363606115e-01
3.844464613672471e-01
3.966486473166041e-01
4.041590537960095e-01
4.176473300025350e-01
4.227570791679390e-01
3.806940436026140e-01
3.708168566551978e-01
1.435012858161844e-01
1.001900141681201e-01
1.600646538196101e-01
1.001879898975664e-01
1.296141793846573e-01
1.003922150338122e-01
1.005375322538309e-01
1.361602295694909e-01
1.004055481076283e-01
5.504467394125493e-02
5.443131743726847e-02
5.444388563417238e-02
4.520012610645612e-01
4.533086345410012e-01
4.535246244812698e-01
4.497357516263341e-01
2.415609461305503e-01
2.765560718626731e-01
2.392028820288861e-01
2.057123925777422e-01
2.139722705639819e-01
2.531043233622648e-01
2.216529828433792e-01
2.251115359687151e-01
2.587068095260425e-01
1.837529284230486e-01
3.374496236619446e-01
3.458689647127332e-01
3.671632708169701e-01
3.730765820292177e-01
2.882651582265610e-01
2.993475458899227e-01
2.626630910124117e-01
2.720066578545453e-01
2.223256654423766e-01
2.324483961646886e-01
3.972982518822314e-01
3.763594111755501e-01
3.516561102151108e-01
3.649263989795242e-01
3.450017294302095e-01
3.730698093629016e-01
3.914644732580088e-01
3.507391643163857e-01
3.928353692557026e-01
3.966575283004216e-01
4.137702867377271e-01
4.074978005204358e-01
3.954021112051624e-01
4.149890762620930e-01
1.917797646938621e-01
2.363164386703340e-01
2.728627330083392e-01
2.678443671721801e-01
2.369106191409956e-01
2.301630833722259e-01
4.496297109325110e-01
4.418883724130223e-01
4.481423659033992e-01
4.415687665418501e-01
4.378313103809000e-01
3.982950248924779e-01
3.942914701493660e-01
4.085434756900452e-01
4.150162712491096e-01
4.272682644554014e-01
4.114156914122246e-01
4.229218205689702e-01
4.289817643496880e-01
4.027966807022336e-01
3.896987040351511e-01
3.894520887318458e-01
3.974245544390309e-01
3.719289781251996e-01
3.813161551827065e-01
3.856825166533888e-01
3.576001906841190e-01
3.539194823138428e-01
3.424263337493023e-01
3.284668915754445e-01
3.073630330402287e-01
3.411378066823432e-01
2.741958027650898e-01
2.926407958184371e-01
3.230681927747097e-01
2.918033376671624e-01
2.926086461950083e-01
3.217228441388830e-01
2.581149354322172e-01
2.549406251996410e-01
2.221963342338245e-01
3.809282100112142e-01
3.652618781651591e-01
4.046636757583493e-01
3.917755917091184e-01
3.628441399272174e-01
3.786250946852757e-01
3.495646417992697e-01
3.714593321801046e-01
3.320373828559793e-01
3.623979373242370e-01
1.836340653795019e-01
2.234121989797091e-01
2.568529853799413e-01
2.206542492099612e-01
1.848383581028560e-01
1.796137710781250e-01
2.872058053880036e-01
2.563317875885576e-01
3.208402484930439e-01
2.929381985532598e-01
2.942035849825737e-01
2.595655301925094e-01
3.975833341967667e-01
4.156533213254996e-01
3.960730282448098e-01
3.752850461091464e-01
2.680443346797703e-01
3.051782788743594e-01
2.805987172326028e-01
2.882129697320648e-01
2.504597613303371e-01
2.402973698460513e-01
4.183083831617634e-01
4.229649236457148e-01
4.045658521854599e-01
4.067971899760616e-01
1.759272061600280e-01
1.446659894898695e-01
1.007928337385277e-01
1.006057192102647e-01
1.357535914384500e-01
1.748826945841075e-01
1.362814176733393e-01
2.363610591031161e-01
2.486276708000710e-01
2.770168688225512e-01
3.000195752208832e-01
2.619423178266190e-01
2.834205166121905e-01
2.970707628517292e-01
2.588947398359437e-01
2.190840868364511e-01
2.064433967052345e-01
2.453571318865191e-01
2.855834050056796e-01
3.175392437765330e-01
3.233150952804189e-01
2.830232789887830e-01
2.907237671168807e-01
2.433024961629982e-01
2.704152636732831e-01
3.217162920170220e-01
3.181193664598689e-01
2.900931490135499e-01
3.492396959658733e-01
3.595399914413676e-01
3.872848446431360e-01
3.703858447798393e-01
3.494398654800600e-01
4.408635254722059e-01
4.367461807241017e-01
4.454804636390160e-01
4.344022532517445e-01
4.456916431297258e-01
3.581638004349497e-01
3.860077156378627e-01
3.686436924671471e-01
3.267342434857311e-01
3.394342452321049e-01
3.092658642534749e-01
2.910012497230838e-01
3.348070728582486e-01
2.996789524280437e-01
2.359614068972678e-01
2.619482562664009e-01
2.764628390215847e-01
2.721140405241972e-01
2.769628869399037e-01
2.393335509076577e-01
1.907393363526886e-01
2.339688255455979e-01
2.632399605459079e-01
2.863113723829825e-01
3.121051026189834e-01
2.477358295747161e-01
3.199029300959069e-01
3.528825903572781e-01
3.243215470959119e-01
3.516578148732372e-01
3.736754562916705e-01
3.773664337332487e-01
3.156795491264561e-01
2.807852732103239e-01
2.682329935986869e-01
3.050866248647832e-01
2.889903935734828e-01
2.510083499813844e-01
2.408993639480267e-01
3.126217760299490e-01
3.456338714278202e-01
3.350477855191173e-01
3.195905518155009e-01
3.520901154029488e-01
3.494304459691456e-01
3.205994840655023e-01
3.482987101334702e-01
3.170510064494936e-01
3.743360700566301e-01
2.219100192901660e-01
2.556375696290282e-01
2.566753933116969e-01
1.821119833298508e-01
1.823115001456411e-01
2.197867451996276e-01
2.914189675981773e-01
1.783119610928180e-01
2.057498760845088e-01
1.797363489353037e-01
1.432558150876721e-01
1.408935597157472e-01
1.006475730920523e-01
1.546140066166128e-01
1.358558356297070e-01
1.785478130149786e-01
1.439012563399452e-01
9.994025429033050e-02
1.002400370698779e-01
1.996580269298767e-01
1.702568946840418e-01
2.126951696214501e-01
1.795333579773883e-01
2.097066070610514e-01
1.817891285253406e-01
2.241106846328187e-01
2.323075508301879e-01
2.497090252249030e-01
9.951384629621576e-02
1.414843129294240e-01
9.984570062180806e-02
1.439121318239872e-01
5.565836549135350e-02
1.803599728762922e-01
1.497991165967684e-01
1.871987916449143e-01
2.183339158357110e-01
1.460238563534975e-01
1.002780597675056e-01
1.414768209803367e-01
1.005774933728309e-01
1.004901841998742e-01
1.442777951555116e-01
1.452904817177175e-01
1.003516800634515e-01
1.005284702168034e-01
1.001656526406175e-01
1.423277074197147e-01
1.426001370524386e-01
1.813677797098057e-01
2.176471590293677e-01
1.780891823921899e-01
1.722895425948495e-01
9.967432756590588e-02
1.437744428238749e-01
1.435938364192804e-01
9.981939942508479e-02
5.572858073371213e-02
1.444497772446521e-01
1.439895622793577e-01
9.972817792871619e-02
9.980136900521966e-02
1.841731212805937e-01
9.995913447274983e-02
5.438183842045814e-02
0.000000000000000e+00
0.000000000000000e+00
5.599807743247587e-02
0.000000000000000e+00
1.810175490294410e-01
2.121894657595695e-01
1.999844003244260e-01
2.299258917222763e-01
2.535260866405841e-01
1.479498140186777e-01
1.006046041116876e-01
1.004214286252032e-01
1.416555360121700e-01
1.000982143838204e-01
5.547309514554882e-02
9.978219254695481e-02
0.000000000000000e+00
5.444458228210300e-02
5.579984872585132e-02
0.000000000000000e+00
1.005179548754560e-01
1.005430437300601e-01
5.532758351724448e-02
5.439588938774652e-02
0.000000000000000e+00
0.000000000000000e+00
0.000000000000000e+00
1.338613986616903e-01
1.397075514282256e-01
9.986525381919345e-02
9.945840000728168e-02
5.497562141049096e-02
1.698420514812852e-01
1.321659507980717e-01
1.383911196162897e-01
1.432086618324993e-01
2.066744663855556e-01
1.703545515935288e-01
0.000000000000000e+00
0.000000000000000e+00
0.000000000000000e+00
0.000000000000000e+00
0.000000000000000e+00
0.000000000000000e+00
0.000000000000000e+00
0.000000000000000e+00
1.354846172221403e-01
1.710034599033477e-01
2.133370367541597e-01
2.012450859621114e-01
1.407192255253382e-01
1.705532515398262e-01
2.090460017220283e-01
1.888689707765014e-01
1.802502388275645e-01
1.679515803827363e-01
1.823290077125664e-01
1.409306868834461e-01
1.407988939506821e-01
1.001582599773899e-01
5.456203807923255e-02
2.006999098343968e-01
1.733867244402239e-01
1.703449811183914e-01
1.920786019799983e-01
1.415482419578590e-01
1.406386318932488e-01
1.696062311899950e-01
1.417792996910276e-01
1.403942780967088e-01
1.835924098853402e-01
5.469271280574612e-02
5.445308842034339e-02
0.000000000000000e+00
9.970693568561508e-02
9.965403036861648e-02
0.000000000000000e+00
5.483283587772147e-02
5.607379559806488e-02
0.000000000000000e+00
5.613622827929028e-02
5.410922617063165e-02
0.000000000000000e+00
5.568276959324502e-02
1.000016656004128e-01
1.005022401140880e-01
0.000000000000000e+00
5.455929793931722e-02
0.000000000000000e+00
0.000000000000000e+00
0.000000000000000e+00
5.443602063390397e-02
5.531784904815351e-02
0.000000000000000e+00
1.007693826683266e-01
0.000000000000000e+00
5.607118568558980e-02
0.000000000000000e+00
5.457246617796216e-02
0.000000000000000e+00
0.000000000000000e+00
0.000000000000000e+00
5.416733250833256e-02
0.000000000000000e+00
0.000000000000000e+00
0.000000000000000e+00
5.459460201236079e-02
0.000000000000000e+00
9.944551461348028e-02
5.358124137474953e-02
5.417424805351793e-02
0.000000000000000e+00
0.000000000000000e+00
5.458640926851031e-02
0.000000000000000e+00
5.405855486623574e-02
0.000000000000000e+00
0.000000000000000e+00
5.510966304706154e-02
5.436393253700830e-02
9.996590273447852e-02
9.974304835547890e-02
5.534802212501388e-02
0.000000000000000e+00
5.476584885467915e-02
0.000000000000000e+00
0.000000000000000e+00
0.000000000000000e+00
0.000000000000000e+00
0.000000000000000e+00
0.000000000000000e+00
0.000000000000000e+00
0.000000000000000e+00
0.000000000000000e+00
0.000000000000000e+00
0.000000000000000e+00
0.000000000000000e+00
0.000000000000000e+00
0.000000000000000e+00
0.000000000000000e+00
0.000000000000000e+00
0.000000000000000e+00
0.000000000000000e+00
0.000000000000000e+00
0.000000000000000e+00
5.479971321162131e-02
0.000000000000000e+00
1.004014656021659e-01
1.002498037726939e-01
5.428654615864315e-02
5.393024914501447e-02
5.490198978757756e-02
0.000000000000000e+00
5.416381988865407e-02
9.960429593906890e-02
9.974937407075724e-02
5.407345506536160e-02
0.000000000000000e+00
5.533935093743906e-02
5.419499065710837e-02
9.991919186337610e-02
5.509832612633302e-02
0.000000000000000e+00
0.000000000000000e+00
5.423527245287169e-02
9.965905642917862e-02
1.427763564196012e-01
9.956154732688942e-02
1.415885542353670e-01
9.985340353661164e-02
5.573472035899311e-02
5.477440126274193e-02
5.536644485174535e-02
0.000000000000000e+00
0.000000000000000e+00
0.000000000000000e+00
0.000000000000000e+00
0.000000000000000e+00
1.000005254131946e-01
5.408013341136989e-02
9.964384793782989e-02
5.484360873644324e-02
9.947941352446218e-02
5.428287160311993e-02
1.441199763833295e-01
9.954315236699299e-02
1.484214599681263e-01
1.005305428589275e-01
1.404670573441551e-01
1.001645470688025e-01
5.446547085500279e-02
0.000000000000000e+00
0.000000000000000e+00
1.002833514913195e-01
5.545378277421337e-02
1.390742164424469e-01
9.990308532258906e-02
5.507140321080801e-02
0.000000000000000e+00
5.474658247283888e-02
9.968138730354761e-02
1.000670246893018e-01
1.382582772710775e-01
1.302732148087729e-01
5.514566832927313e-02
1.001899765808656e-01
1.004080625163093e-01
1.356678855584184e-01
1.426934007534123e-01
5.573846338403252e-02
5.446059439982671e-02
1.378111659009651e-01
1.005394342029393e-01
1.006287155140874e-01
5.555439525994910e-02
5.526517648529324e-02
0.000000000000000e+00
0.000000000000000e+00
5.553185066279406e-02
5.444413017439081e-02
1.002548325142895e-01
1.776779011615083e-01
1.432117491173214e-01
0.000000000000000e+00
0.000000000000000e+00
0.000000000000000e+00
0.000000000000000e+00
0.000000000000000e+00
0.000000000000000e+00
0.000000000000000e+00
0.000000000000000e+00
0.000000000000000e+00
0.000000000000000e+00
0.000000000000000e+00
0.000000000000000e+00
5.410367890364129e-02
0.000000000000000e+00
0.000000000000000e+00
0.000000000000000e+00
0.000000000000000e+00
0.000000000000000e+00
0.000000000000000e+00
0.000000000000000e+00
0.000000000000000e+00
0.000000000000000e+00
0.000000000000000e+00
0.000000000000000e+00
0.000000000000000e+00
0.000000000000000e+00
0.000000000000000e+00
0.000000000000000e+00
0.000000000000000e+00
0.000000000000000e+00
0.000000000000000e+00
0.000000000000000e+00
0.000000000000000e+00
0.000000000000000e+00
0.000000000000000e+00
0.000000000000000e+00
0.000000000000000e+00
0.000000000000000e+00
0.000000000000000e+00
0.000000000000000e+00
0.000000000000000e+00
0.000000000000000e+00
0.000000000000000e+00
0.000000000000000e+00
0.000000000000000e+00
0.000000000000000e+00
0.000000000000000e+00
0.000000000000000e+00
0.000000000000000e+00
0.000000000000000e+00
0.000000000000000e+00
0.000000000000000e+00
0.000000000000000e+00
0.000000000000000e+00
0.000000000000000e+00
0.000000000000000e+00
0.000000000000000e+00
0.000000000000000e+00
0.000000000000000e+00
0.000000000000000e+00
0.000000000000000e+00
0.000000000000000e+00
0.000000000000000e+00
0.000000000000000e+00
0.000000000000000e+00
0.000000000000000e+00
0.000000000000000e+00
0.000000000000000e+00
0.000000000000000e+00
0.000000000000000e+00
0.000000000000000e+00
0.000000000000000e+00
0.000000000000000e+00
0.000000000000000e+00
0.000000000000000e+00
0.000000000000000e+00
0.000000000000000e+00
0.000000000000000e+00
0.000000000000000e+00
0.000000000000000e+00
0.000000000000000e+00
0.000000000000000e+00
0.000000000000000e+00
0.000000000000000e+00
0.000000000000000e+00
0.000000000000000e+00
0.000000000000000e+00
0.000000000000000e+00
0.000000000000000e+00
0.000000000000000e+00
0.000000000000000e+00
0.000000000000000e+00
0.000000000000000e+00
0.000000000000000e+00
0.000000000000000e+00
0.000000000000000e+00
0.000000000000000e+00
0.000000000000000e+00
0.000000000000000e+00
0.000000000000000e+00
0.000000000000000e+00
0.000000000000000e+00
5.433002512428260e-02
0.000000000000000e+00
0.000000000000000e+00
0.000000000000000e+00
0.000000000000000e+00
0.000000000000000e+00
0.000000000000000e+00
0.000000000000000e+00
0.000000000000000e+00
0.000000000000000e+00
0.000000000000000e+00
0.000000000000000e+00
0.000000000000000e+00
0.000000000000000e+00
5.379553766475975e-02
0.000000000000000e+00
0.000000000000000e+00
0.000000000000000e+00
0.000000000000000e+00
0.000000000000000e+00
0.000000000000000e+00
0.000000000000000e+00
0.000000000000000e+00
0.000000000000000e+00
0.000000000000000e+00
0.000000000000000e+00
0.000000000000000e+00
0.000000000000000e+00
0.000000000000000e+00
0.000000000000000e+00
0.000000000000000e+00
0.000000000000000e+00
0.000000000000000e+00
0.000000000000000e+00
0.000000000000000e+00
0.000000000000000e+00
0.000000000000000e+00
0.000000000000000e+00
5.528104661936585e-02
0.000000000000000e+00
0.000000000000000e+00
0.000000000000000e+00
0.000000000000000e+00
5.409171313457403e-02
5.558037716973149e-02
0.000000000000000e+00
0.000000000000000e+00
0.000000000000000e+00
0.000000000000000e+00
5.497062849799161e-02
5.405730599853154e-02
0.000000000000000e+00
1.871313484181316e-01
1.430502712316954e-01
1.726487220489994e-01
9.969945173505429e-02
0.000000000000000e+00
0.000000000000000e+00
0.000000000000000e+00
0.000000000000000e+00
0.000000000000000e+00
0.000000000000000e+00
0.000000000000000e+00
0.000000000000000e+00
0.000000000000000e+00
0.000000000000000e+00
0.000000000000000e+00
0.000000000000000e+00
0.000000000000000e+00
0.000000000000000e+00
0.000000000000000e+00
0.000000000000000e+00
0.000000000000000e+00
0.000000000000000e+00
0.000000000000000e+00
0.000000000000000e+00
0.000000000000000e+00
0.000000000000000e+00
0.000000000000000e+00
0.000000000000000e+00
0.000000000000000e+00
0.000000000000000e+00
0.000000000000000e+00
0.000000000000000e+00
0.000000000000000e+00
0.000000000000000e+00
0.000000000000000e+00
0.000000000000000e+00
0.000000000000000e+00
0.000000000000000e+00
0.000000000000000e+00
0.000000000000000e+00
0.000000000000000e+00
0.000000000000000e+00
0.000000000000000e+00
0.000000000000000e+00
0.000000000000000e+00
0.000000000000000e+00
0.000000000000000e+00
0.000000000000000e+00
0.000000000000000e+00
0.000000000000000e+00
0.000000000000000e+00
0.000000000000000e+00
0.000000000000000e+00
0.000000000000000e+00
0.000000000000000e+00
0.000000000000000e+00
0.000000000000000e+00
0.000000000000000e+00
0.000000000000000e+00
0.000000000000000e+00
0.000000000000000e+00
0.000000000000000e+00
0.000000000000000e+00
0.000000000000000e+00
0.000000000000000e+00
0.000000000000000e+00
0.000000000000000e+00
0.000000000000000e+00
0.000000000000000e+00
0.000000000000000e+00
0.000000000000000e+00
0.000000000000000e+00
0.000000000000000e+00
0.000000000000000e+00
0.000000000000000e+00
0.000000000000000e+00
0.000000000000000e+00
0.000000000000000e+00
0.000000000000000e+00
0.000000000000000e+00
0.000000000000000e+00
0.000000000000000e+00
0.000000000000000e+00
0.000000000000000e+00
0.000000000000000e+00
0.000000000000000e+00
0.000000000000000e+00
0.000000000000000e+00
0.000000000000000e+00
0.000000000000000e+00
0.000000000000000e+00
0.000000000000000e+00
0.000000000000000e+00
0.000000000000000e+00
0.000000000000000e+00
0.000000000000000e+00
0.000000000000000e+00
1.940682956437127e-01
2.088962988506310e-01
2.181760925157388e-01
1.743002065997066e-01
1.793816317562748e-01
0.000000000000000e+00
0.000000000000000e+00
0.000000000000000e+00
0.000000000000000e+00
0.000000000000000e+00
0.000000000000000e+00
0.000000000000000e+00
0.000000000000000e+00
0.000000000000000e+00
0.000000000000000e+00
0.000000000000000e+00
0.000000000000000e+00
0.000000000000000e+00
0.000000000000000e+00
0.000000000000000e+00
0.000000000000000e+00
0.000000000000000e+00
0.000000000000000e+00
0.000000000000000e+00
0.000000000000000e+00
0.000000000000000e+00
0.000000000000000e+00
0.000000000000000e+00
0.000000000000000e+00
0.000000000000000e+00
0.000000000000000e+00
0.000000000000000e+00
0.000000000000000e+00
0.000000000000000e+00
0.000000000000000e+00
0.000000000000000e+00
0.000000000000000e+00
0.000000000000000e+00
0.000000000000000e+00
0.000000000000000e+00
0.000000000000000e+00
0.000000000000000e+00
0.000000000000000e+00
0.000000000000000e+00
0.000000000000000e+00
0.000000000000000e+00
0.000000000000000e+00
0.000000000000000e+00
0.000000000000000e+00
0.000000000000000e+00
0.000000000000000e+00
0.000000000000000e+00
0.000000000000000e+00
0.000000000000000e+00
0.000000000000000e+00
0.000000000000000e+00
1.492328557905431e-01
1.999575427378806e-01
1.739003434219054e-01
1.755149933860602e-01
2.206419975024337e-01
2.426837221098707e-01
2.210193090821138e-01
1.801591707922997e-01
1.356140780728762e-01
1.432875402157852e-01
9.992794807547610e-02
5.528307072512691e-02
0.000000000000000e+00
0.000000000000000e+00
0.000000000000000e+00
0.000000000000000e+00
0.000000000000000e+00
0.000000000000000e+00
0.000000000000000e+00
0.000000000000000e+00
0.000000000000000e+00
0.000000000000000e+00
0.000000000000000e+00
0.000000000000000e+00
0.000000000000000e+00
0.000000000000000e+00
0.000000000000000e+00
0.000000000000000e+00
0.000000000000000e+00
0.000000000000000e+00
0.000000000000000e+00
0.000000000000000e+00
0.000000000000000e+00
0.000000000000000e+00
0.000000000000000e+00
0.000000000000000e+00
0.000000000000000e+00
0.000000000000000e+00
0.000000000000000e+00
0.000000000000000e+00
0.000000000000000e+00
0.000000000000000e+00

H1  1  1102  double
9.900119567829333e-04
-8.670480637588798e-04
2.970434708124562e-04
-3.574878245166394e-04
-1.539072544872477e-03
1.779088822551253e-02
1.623338098093602e-02
1.642847037731750e-02
1.472750262281278e-02
1.523543466034711e-02
-8.917785004636452e-03
-7.681121490092759e-03
-8.796548914981085e-03
-7.177008684004263e-03
-9.186713853699463e-03
-1.102316863845110e-02
6.510626397721249e-03
6.068024475132949e-03
4.633811468140358e-03
5.163465058437316e-03
7.936050313612312e-03
4.112780003628217e-03
6.444999817427285e-03
-1.450123033270737e-02
-1.320192199491403e-02
-1.403007368816194e-02
-1.304947350185120e-02
-1.171527349348267e-02
-1.236935143460648e-02
-1.114872503547278e-02
-1.739629532382070e-02
-1.898315156496739e-02
-1.947616928906873e-02
-1.840081493717416e-02
-1.957016778672509e-02
-2.028952606312474e-02
1.989698968185971e-02
1.910867079772372e-02
1.980379204668274e-02
2.036716807826241e-02
2.083327973159718e-02
2.129622359759169e-02
2.020443046264650e-02
1.878144956922893e-02
1.920769474910887e-02
1.953679383238631e-02
1.867587699272499e-02
1.994873400763489e-02
2.023641532235045e-02
-5.913850987723400e-03
-4.912402128206410e-03
-6.762368900762663e-03
-4.221755045451670e-03
-5.613500696141117e-03
-7.384228202851317e-03
-8.459867019023307e-03
-5.994417112168699e-03
-4.150566648416589e-03
-4.763521527750154e-03
-7.121160883748019e-03
-1.004015315351024e-02
-1.072102679942452e-02
-1.183190323298345e-02
-8.937235746793346e-03
-9.498420467597957e-03
-8.322093704739360e-03
-5.019679439849106e-04
1.498971410741518e-04
-1.696141492483471e-03
-2.317071981883878e-03
2.835122678076672e-03
1.688731006897136e-03
3.496705673986635e-03
4.699550727354146e-03
9.971194579460351e-04
5.379629741194480e-03
-1.621051793038850e-02
-1.458250912894723e-02
-1.693100980289517e-02
-1.786347544340603e-02
-1.731390921852373e-02
-1.742325332532915e-02
-1.514516119329621e-02
-1.569390432628993e-02
-1.017552959396850e-02
-9.030735352269512e-03
-3.566677944974664e-03
-2.370274044067135e-03
-1.001895825683827e-02
-1.184654048969842e-02
-1.114763909474586e-02
-1.127560850505744e-02
-1.234663112940816e-02
-1.064366221346583e-02
-1.685201645621374e-02
-1.611631474689849e-02
-1.630430521489098e-02
-1.551220539393692e-02
-1.429571429236929e-02
-1.366368085966736e-02
-1.812959201668323e-02
-1.414037761268439e-02
-1.229305311315428e-02
-1.296838351633205e-02
-1.169232817265413e-02
-1.343225296863493e-02
1.816638107900421e-03
1.134937541117146e-03
3.035249177702877e-03
3.678840665602032e-03
4.178268719071430e-03
2.344353626081638e-03
2.484359069788156e-03
6.749131276430339e-04
-1.494024629479667e-02
-1.675732137302047e-02
-1.561794341725670e-02
-1.392464818689468e-02
-1.334211586105754e-02
-1.812893126406775e-02
-5.068093977522967e-03
-4.378545562504489e-03
-2.572906733678976e-03
-6.253716306710838e-03
-5.586441609412788e-03
5.841534446599106e-03
3.378569634520642e-04
2.149311883430978e-03
4.031466712842539e-03
1.500147293577124e-03
3.349567632539132e-03
1.442599400394621e-04
1.307139878659430e-03
-5.411994048460443e-04
3.164588176727605e-03
3.828775704838949e-03
7.983707056985612e-04
1.991775665408154e-03
7.864801468507137e-03
7.187231213673284e-03
6.529966719042204e-03
8.353940083866271e-03
7.697102457436694e-03
9.039996354635054e-03
1.018214099347185e-02
6.176345611171438e-03
4.360037554084124e-03
4.992270812940300e-03
-1.164926844080362e-02
-1.128838765837049e-02
-1.228232225556214e-02
-1.064191661370952e-02
-9.825842632405475e-03
1.332599875154304e-02
1.440538434730950e-02
1.276064130784601e-02
1.394261224073313e-02
1.223597922713795e-02
1.159481796394152e-02
-1.298627644599634e-02
-1.335455399587158e-02
-1.474558062903232e-02
-1.565524680775776e-02
-1.417736394735696e-02
6.319795885537563e-03
6.940288579831364e-03
5.659667515981009e-03
4.468249587893363e-03
5.102335939144232e-03
5.211199116355840e-03
7.010132158030136e-03
6.339563255348219e-03
8.522381788406053e-03
8.243370483595497e-03
8.648427595045827e-03
7.473408615055277e-03
9.289515066948098e-03
1.041777670557238e-02
6.840031032914941e-03
9.908459734320585e-03
1.106738709890713e-02
8.074871478379290e-03
-1.008322459205402e-02
-9.490130127407849e-03
-8.393211624777798e-03
-8.781732249483292e-03
-1.063522863671417e-02
-7.731344830446771e-03
-6.546421097831447e-03
9.826356780314689e-03
1.096539036302527e-02
1.035365624517867e-02
1.207783098354286e-02
9.169502911541196e-03
8.007890178776471e-03
-8.850273727923430e-03
-7.675509050767839e-03
-7.055743646373657e-03
-8.215885249810897e-03
1.723053087455093e-02
1.472356523050443e-02
1.552430868901254e-02
1.648454790679547e-02
1.611613695563804e-02
-8.103156813930101e-03
-6.326428220593852e-03
-7.006001005486293e-03
-5.172381060782460e-03
-8.832304796000143e-03
-5.436809159464801e-03
-7.171528584076860e-03
-5.918481267259592e-03
-4.231026479768823e-03
-6.588068518133513e-03
-1.456978166637151e-02
-1.321579399046210e-02
-1.198313269331624e-02
-1.760434848511333e-02
-1.611801194424642e-02
4.608850364922120e-03
3.492113438418343e-03
3.058666536164828e-03
6.406540832705875e-03
4.344922714972551e-03
2.496735214734458e-03
-1.099750175605146e-02
-1.012361111785563e-02
-9.282624581846161e-03
-1.056626503628849e-02
-9.684489133434542e-03
-1.123789632753312e-02
-1.194549847991033e-02
-1.661197933468621e-02
-1.752516945970068e-02
-1.726943918657218e-02
-1.808260857971557e-02
-1.907216315059191e-02
-1.845114447950684e-02
2.054154850576230e-02
2.150458004379526e-02
2.147244965010017e-02
2.079883061213298e-02
2.156382489202430e-02
8.515409994169620e-03
7.357215449238325e-03
6.710160841680148e-03
6.037525697462917e-03
4.840229521339133e-03
5.517819520332740e-03
-9.880554291880700e-03
-8.725647250118445e-03
-7.568242720352474e-03
-6.917784863444265e-03
-5.723263117229265e-03
-9.390037073218319e-03
-1.056826979643875e-02
-1.660462851597010e-02
-1.692209520884168e-02
-1.540460733081311e-02
-1.571532740941948e-02
-1.605484101464152e-02
-1.026510018016838e-02
-1.178110181481299e-02
-1.211537711087184e-02
-1.320370133788721e-02
-1.444111652574229e-02
-1.604637077281946e-02
-1.283565619848112e-02
-1.364945154277567e-03
-6.705565098480290e-04
4.714862038980938e-04
-2.082558828870509e-04
1.340148032343904e-02
1.161546901648921e-02
1.221963469408529e-02
1.375139660693275e-02
1.797233680632745e-02
1.656951926362421e-02
1.745496786159900e-02
1.671208142335108e-02
1.589351000960946e-02
1.858655276673445e-02
-1.281782164945832e-02
-1.214810143572320e-02
-1.104402885029114e-02
-1.038519737205091e-02
7.533750151946853e-03
8.755399229457650e-03
9.262385644741069e-03
1.044577412359940e-02
9.835709891404670e-03
1.117773847058764e-02
2.656438423237587e-03
1.991275453802547e-03
1.316119384674049e-03
5.671059003867764e-03
4.949819376218308e-03
3.840866202792971e-03
4.498491665543088e-03
3.144988014842551e-03
-9.245536223027675e-03
-8.562141181763842e-03
-7.410140967868209e-03
-8.069803492330319e-03
-7.914134672641310e-03
-6.731042117520725e-03
-1.538662504770357e-02
-1.460005245091835e-02
-1.298157625609445e-02
-1.421225739429088e-02
-1.362011807068509e-02
-1.567525433348470e-02
-2.107388835232502e-05
-1.228256030602575e-03
-1.887778700858775e-03
-3.724311789052299e-03
-3.035994321134253e-03
8.291588643854805e-04
-1.010152181339414e-03
-2.189947016174926e-03
-3.706630514264293e-04
-1.533782888936147e-03
-6.062319887872416e-03
-4.241527774724663e-03
-4.917643080996782e-03
-5.386033164830027e-03
-4.710926720252097e-03
-7.227540779520757e-03
-4.059025559583400e-03
-4.677168014334923e-03
-5.862880102004258e-03
-2.853521716938274e-03
-3.522988979367440e-03
-6.525034618859859e-03
-5.329692135503837e-03
1.321370901873408e-02
1.438415948800123e-02
1.260633315057682e-02
1.548165992040752e-02
1.496301250028183e-02
2.474129451198344e-03
3.602920500178109e-03
1.787632545278650e-03
6.589629704957714e-04
2.948318903376155e-03
4.748081357869265e-03
3.993636959962931e-03
6.329102283989202e-03
8.164388233377224e-03
5.180285765120097e-03
7.028563392923315e-03
-5.869554151153878e-03
-6.553288864492463e-03
-7.680354133440552e-03
-4.054868475963883e-03
-9.456314026899991e-03
-8.388680023341828e-03
3.347772990935648e-03
2.228080132206561e-03
1.150231281409464e-03
4.881226569690169e-04
1.571671077882661e-03
-3.259696838694108e-04
1.281781617992357e-02
1.456158538831567e-02
1.176876017953953e-02
1.345286194481876e-02
1.408795072166803e-02
1.534864294422050e-02
-1.042976247638242e-03
-1.706085615372509e-03
-2.870039100639623e-03
-2.205823316424343e-03
3.401327670039490e-03
2.760731878037664e-03
1.606620567866484e-03
-2.468552998118136e-04
4.762291564879239e-04
2.260946658889216e-03
-3.367919304568365e-03
-4.561680921389317e-03
-5.208877457421375e-03
-6.397921046497513e-03
1.051740129851441e-02
9.793178286787382e-03
9.593810211442807e-03
1.096361754466406e-02
8.436495896232089e-03
9.084429081445194e-03
1.124998713341168e-02
1.324703955952512e-02
1.395463041117604e-02
1.208404078826103e-02
1.042026222688158e-02
1.144179470871826e-02
9.654050412375848e-03
-1.350254143875784e-02
-1.531238932515609e-02
-1.683055124966754e-02
-1.770999520909280e-02
-1.644501319518022e-02
-1.460784620122232e-02
1.374116478566966e-02
1.311381351364647e-02
1.536836722997185e-02
1.477682941838254e-02
1.715801954691608e-02
1.603199747560943e-02
-2.692538326325922e-03
-4.522094340659097e-03
-3.800333265458351e-03
-3.344718147475579e-03
1.150403823649800e-02
9.667155491307589e-03
1.082694296411939e-02
1.194552472346245e-02
-8.709160168606196e-04
-3.901589519814082e-03
-3.235211554696642e-03
-2.716149567775549e-03
-2.018356065696372e-03
3.321152278395283e-03
2.637076388958432e-03
1.473438133912736e-03
3.954899175188833e-03
2.095578637458081e-03
5.760106497009804e-03
4.584476494314119e-03
6.778352833687745e-03
7.918907830398057e-03
8.282162500804758e-03
9.010702561410204e-03
7.173103188589872e-03
1.391071051252502e-02
1.272803109287022e-02
1.454387939321245e-02
1.731602258619688e-02
1.552898716748554e-02
1.508493458723048e-02
5.375764554591361e-03
6.138458055116080e-03
6.586276416422309e-03
4.314481085565113e-03
1.128407699504089e-02
1.245535178771029e-02
1.062565195730159e-02
8.830216244979221e-03
9.520524165316202e-03
-1.193476610374103e-03
-1.774131504965725e-03
-3.621259702009563e-03
-3.003538721643541e-03
-4.485324312156728e-06
-7.096914524127160e-04
-2.442900811044921e-03
1.108838134773216e-02
9.967478817879089e-03
9.265949546329252e-03
8.601069931406703e-03
7.487923067399275e-03
-1.148964984210748e-02
-1.263730349162959e-02
-1.083098081085303e-02
-1.198746722730559e-02
-9.735461642773875e-03
-2.433830865101857e-03
-1.320317697179146e-03
-3.204369012244076e-03
-3.554539645134120e-03
-1.827014880617226e-03
-7.256028492849131e-04
-1.981965561710183e-03
-6.930546853158929e-03
-7.800307553355558e-03
-5.360635512771644e-03
-4.523160521286007e-03
-6.220014497371595e-03
-3.800899868148908e-03
-3.595410841491162e-03
-4.773019709386685e-03
-4.921370975702188e-03
-6.076101144509626e-03
-2.038885807955707e-03
-5.684893824691423e-03
2.857691876787769e-03
1.636063487196590e-03
1.073765466748417e-03
4.576617860248432e-05
1.756006544148014e-02
1.825803521610670e-02
1.658101125853975e-02
1.728053682195442e-02
1.624745981591176e-02
3.006457191262514e-03
3.782078913742202e-03
4.655248771914392e-03
2.070693768596780e-03
2.554991239832939e-03
-1.327800835489706e-02
-1.300384561995987e-02
-1.437914183838601e-02
-1.256715677612710e-02
-1.443098199342447e-02
-1.454259659718612e-02
-2.050318748132190e-02
-2.142020007104670e-02
-2.142005666696134e-02
-2.052504064823093e-02
-2.054144551966946e-02
-2.152916964620819e-02
-2.157076527599160e-02
-2.115304589826564e-02
-2.036485191120009e-02
-2.008867386361477e-02
-1.869112427313317e-02
-1.760585422180941e-02
-1.915021065729539e-02
-1.957635030727211e-02
-2.105529116605109e-03
-1.146895764695943e-03
-2.831305050012859e-03
-3.877427611180474e-03
-3.504477534707915e-03
1.864625085516011e-02
1.926730640397016e-02
2.001370112323356e-02
2.050825076401283e-02
1.797538215804117e-02
-2.073148850407780e-02
-2.397725356501509e-02
-1.901874126625484e-02
-1.951489563771450e-02
-2.443214553544694e-02
5.592590705614378e-03
1.952820532806682e-02
1.814157448784901e-02
1.879932627155379e-02
1.764399527208729e-02
1.671307545207572e-02
1.235479630524400e-02
1.254815033741853e-02
1.386250714305186e-02
1.391452961292927e-02
1.519815848292159e-02
1.514284099161435e-02
-5.466384594571044e-03
-5.065905816084840e-03
-5.531567089985250e-03
-7.412879503841075e-03
-6.771319437702937e-03
-1.173547712622498e-02
-1.024538014547797e-02
-1.429387211438178e-02
-1.273875752387490e-02
-1.133870684571440e-02
-1.241870165215369e-02
3.491103343390086e-03
2.049107733781656e-03
5.162617047072106e-04
1.259458209483957e-03
-4.321027992094780e-04
6.045193154651832e-04
-1.684258175867990e-02
-1.778879938540175e-02
-1.678967266987844e-02
-1.563422566854677e-02
-1.476556689700167e-02
-1.576056948556723e-02
3.516342276645815e-04
3.926089948371402e-04
-2.441688071123499e-04
-2.708881040288297e-04
-0.000000000000000e+00
-2.174765376240253e-04
-0.000000000000000e+00
0.000000000000000e+00
-2.725380576854582e-03
-1.982142963160560e-03
-1.285444078882760e-03
-3.112165131065896e-03
-1.127104230189543e-03
-1.962729789302808e-02
-1.825469491017537e-02
-1.918576483076771e-02
-1.953112398824260e-02
-1.908179600942891e-02
-1.906851328582415e-02
-2.008228584263832e-02
-2.042100504867756e-02
-2.114857013335369e-02
-2.469671368342113e-02
1.259303170625487e-02
1.392620819238633e-02
1.288666224268831e-02
1.140328236941408e-02
1.524030248304568e-02
-7.623096100560950e-03
-9.484327120816476e-03
-9.065772782935057e-03
-1.056600899596166e-02
-7.909589615502859e-03
-2.325224887690595e-02
-2.249170655465177e-02
-1.836410448382674e-02
-1.963202114825278e-02
-1.881829113138463e-02
-2.023860421125738e-02
-2.494967227343057e-02
-2.488194277387770e-02
-2.016211678182243e-02
-2.493842072653370e-02
2.417300551327346e-02
1.938805769163044e-02
2.360398138141731e-02
2.045546300237678e-02
2.094764016569376e-02
-2.012210884714581e-02
-2.471419374446454e-02
-1.990510876164975e-02
5.818443662137900e-03
5.703431381098656e-03
8.263633490056177e-03
1.012827783176597e-02
7.512854497285271e-03
7.864075206910948e-03
1.037306000355091e-02
1.178740337593624e-02
9.000076822035472e-03
1.363369288376986e-02
1.163617177503386e-02
-3.232319691529106e-03
1.319740198031045e-02
1.676922276853574e-02
1.433535348587144e-02
-3.945678867585713e-03
-3.583447198475781e-03
-2.014548987975484e-02
-1.617884862692456e-02
-1.801393664904460e-02
-1.899578917357099e-02
-2.137780247767553e-02
-1.465149591542354e-02
2.634906294607046e-03
4.523763550628485e-03
4.484347452226085e-03
6.445390569865653e-03
1.224955649946846e-03
6.027973292487022e-03
8.317477452596114e-03
2.290697639760657e-02
1.832506921661386e-02
1.929099174338635e-02
2.184466196783478e-02
-9.679428887269068e-03
-1.095720612320903e-02
-8.097175711726141e-03
3.036641741029110e-03
2.563523085021913e-03
-1.775984418206826e-02
-1.723230219809275e-02
4.990980758179980e-03
4.892502517817772e-03
5.302414894059973e-03
-9.558704993525471e-03
-1.094568270639006e-02
-1.244879470016724e-02
-8.365424939694137e-03
2.965207438893128e-03
3.428862140687235e-03
3.097678453215507e-03
9.479641295420056e-04
4.715759032156028e-03
-1.126878624023099e-03
-5.957515990168941e-04
9.231617189067997e-05
-9.205721472886504e-03
-6.829510955762537e-03
-8.796598077192309e-03
-7.044265722021142e-03
-7.245989244914351e-03
2.360986135994392e-02
2.296436794722857e-02
1.874929199200370e-02
-2.249423139102770e-02
-1.876214926029221e-02
-1.793644509848825e-02
-2.147221078549313e-02
-1.854353255149957e-02
-2.329168824533676e-02
2.456597151543971e-02
2.094880600291484e-02
2.430837598650320e-02
1.967513377512940e-02
1.930295943150014e-02
2.089512284115758e-02
1.844832139268588e-02
1.798760797418313e-02
1.913624488108747e-02
1.698353038721559e-02
1.742578464414488e-02
2.493515821211497e-02
2.493342589303699e-02
2.481541723066024e-02
2.023248832020488e-02
2.023708259142581e-02
2.011359992154790e-02
-5.932080680982047e-03
-5.812844221524664e-03
-1.585154272820236e-02
-1.907750295002777e-02
-1.685711429222025e-02
-2.036133267112539e-02
-4.193487978369545e-04
4.528830998315728e-04
5.029525020823010e-04
1.279054795407710e-03
9.863662639479050e-03
9.627808857993537e-03
8.361854675320439e-03
7.879976683133937e-03
1.021477919421528e-02
7.417032055623526e-03
8.902828030225841e-03
-2.078754657883586e-02
-2.434498769602705e-02
-1.966487987127174e-02
-2.019064242688681e-02
-2.392904804647863e-02
-1.956503755788526e-02
1.830638880894234e-02
1.626969108740075e-02
1.740817811913938e-02
1.627009391763410e-02
1.742166573868829e-02
1.969940135698902e-02
1.520361010486066e-02
1.382653633841606e-02
1.402388951348476e-02
1.496384740839352e-02
1.685017770968815e-02
1.519403817910981e-02
1.140386570257489e-02
1.099304183520815e-02
1.258842310687652e-02
1.186732910105014e-02
1.364848889782942e-02
1.043322102234006e-02
1.165032720071768e-02
2.450686818065740e-02
2.479221816814930e-02
2.134599141379574e-02
1.933571819623564e-02
2.042476191470799e-02
2.012367506846066e-02
3.838457356583394e-03
-3.791143368009261e-04
-3.305734301785607e-04
2.321769603682603e-04
2.568286491213343e-04
0.000000000000000e+00
0.000000000000000e+00
-5.127612014589472e-03
-5.390134510267029e-03
5.243313614737564e-04
1.740911313126414e-02
2.199493705244140e-02
1.815669341147348e-02
5.238706374237437e-04
-4.973686905766187e-03
5.697399774560679e-03
-5.909657684101465e-04
-5.779714760615763e-04
5.423998902342338e-03
-1.913199487664166e-02
4.825998239782243e-03
5.015432419814915e-03
-1.585972280634340e-02
-1.692229781610889e-02
-1.792259349808943e-02
5.342006143701949e-03
3.103333536429680e-04
-2.775688183263208e-03
2.681987178359971e-04
-1.889033503755235e-04
-1.623291386490256e-04
0.000000000000000e+00
-1.437665314649129e-04
1.672399751423970e-03
7.975486365141258e-04
-1.021116049130270e-04
1.249618793426352e-03
-3.462759283862592e-03
-6.054850506386682e-04
5.800922688194497e-03
-5.979736660147488e-04
3.939196054300592e-04
0.000000000000000e+00
0.000000000000000e+00
7.396423091325679e-05
-1.004070610151939e-03
1.306434486465656e-04
1.820164178271325e-04
-1.916192477281912e-03
-1.533636065348285e-03
3.736864819591865e-05
-5.605176281132161e-04
-4.640275979154700e-06
-1.408403147301668e-04
-9.224255289055554e-06
-3.849225175142393e-05
-0.000000000000000e+00
5.536306585317298e-03
-5.593812020437037e-04
-5.348299110760137e-04
3.592704406274717e-04
0.000000000000000e+00
0.000000000000000e+00
-6.281410099744034e-05
8.425954038820701e-05
0.000000000000000e+00
2.587025690016245e-05
5.492040931900634e-05
0.000000000000000e+00
0.000000000000000e+00
5.602539833835506e-04
-5.332881993408931e-03
5.252746207094720e-04
6.073787057536428e-04
-5.849750355459453e-03
-5.626190336548094e-03
5.950787129619853e-04
-2.429572425325119e-03
2.267529048693769e-04
-1.916991087724781e-03
-1.530740071823156e-03
1.725816455012536e-04
-3.564189055430255e-04
-2.894839547276916e-04
2.059082658468046e-04
0.000000000000000e+00
2.308000554504065e-04
0.000000000000000e+00
4.250113441323163e-04
-4.012276448580966e-03
1.305390599715114e-02
1.426391292089816e-02
-3.623470210832482e-03
5.901014631007411e-03
-2.021704171094192e-02
-5.961883947000172e-04
5.843998764057970e-03
-6.610677283001348e-04
3.990840111514959e-04
-4.781973705770973e-05
-2.129216985073527e-03
-1.449665876962053e-03
3.710203172645387e-03
4.104211149592037e-03
4.408402606107046e-03
-1.326750234848684e-02
-1.997505468498326e-02
5.921172517228661e-03
5.732770761324391e-03
3.803835334504335e-04
0.000000000000000e+00
1.524400881493866e-02
1.638989542771226e-02
-4.995805291625438e-03
1.765387416201590e-02
2.083784678802641e-02
-4.572336060785399e-03
5.930529992687217e-03
-6.139589893961148e-04
-6.115347489282172e-04
3.957457636144463e-04
3.989349286628270e-04
0.000000000000000e+00
3.986593306125522e-04
0.000000000000000e+00
2.217561926106405e-03
-2.010648545445272e-04
1.159389469030471e-04
1.476486744791128e-04
0.000000000000000e+00
-5.119645503415227e-03
-5.396237192431742e-03
1.820352786416802e-02
1.866789363425229e-02
-5.498763545260000e-03
5.487618346863109e-04
5.619923271074339e-04
4.433094082114973e-03
-1.474300702809902e-02
-1.757049461132782e-02
-1.371909479468012e-02
3.994447397508800e-03
-1.919503473280980e-04
-1.912807895360416e-03
-3.484905115600857e-03
-1.576341357661380e-03
3.182989075512456e-04
1.643242432643818e-02
-4.614799904805090e-03
1.544242085280951e-02
1.971829437708464e-02
1.827355644693143e-02
-4.171968935156305e-03
1.435946457768423e-02
1.603121268135734e-02
1.592147817842077e-02
1.634449154321892e-02
-5.847819482930597e-03
-5.960211146515632e-03
2.019199535224445e-02
-5.880367532405236e-03
6.098741998932302e-04
-3.201075736702321e-03
-2.801801825823902e-03
3.070843742913786e-04
3.704198812336677e-04
3.795089237013131e-04
0.000000000000000e+00
-5.743864918963362e-04
-5.770431268487274e-04
3.898434629031465e-04
0.000000000000000e+00
2.541789269858958e-04
0.000000000000000e+00
2.747639344527862e-04
0.000000000000000e+00
0.000000000000000e+00
-3.746574678121377e-04
-4.370136754366388e-04
-4.091419740000170e-04
3.220847760085055e-04
0.000000000000000e+00
-4.965519914479102e-04
-5.193635644221833e-04
3.009509707759383e-04
0.000000000000000e+00
-3.669452404388149e-04
-3.791769910402160e-04
-0.000000000000000e+00
-3.929260955048302e-04
-0.000000000000000e+00
-0.000000000000000e+00
3.973323674426328e-04
0.000000000000000e+00
-6.047746861450764e-04
3.873943046142169e-04
0.000000000000000e+00
0.000000000000000e+00
-3.318152600438614e-04
0.000000000000000e+00
5.043073184700579e-04
5.191740323478109e-04
-3.107310387781099e-04
0.000000000000000e+00
3.402809633400004e-04
0.000000000000000e+00
2.982463273139443e-04
0.000000000000000e+00
-4.777523318457710e-04
-5.026880214198464e-04
3.249666896814572e-04
-2.859303127376232e-04
0.000000000000000e+00
0.000000000000000e+00
4.226227843386863e-04
4.935640265050283e-04
-3.105388290006142e-04
0.000000000000000e+00
3.522988767401742e-04
0.000000000000000e+00
0.000000000000000e+00
-5.498265732191022e-04
-5.377802521508032e-04
3.402433993702456e-04
3.680983161645832e-04
-1.305109418115623e-04
0.000000000000000e+00
-1.023096532057161e-04
-7.004869631290841e-05
0.000000000000000e+00
-0.000000000000000e+00
1.180208227688726e-04
8.651566452941475e-05
0.000000000000000e+00
-1.992786137897115e-04
-1.583363762605717e-04
0.000000000000000e+00
0.000000000000000e+00
-3.806595866978030e-04
0.000000000000000e+00
-5.624976783844046e-03
5.603673006551417e-04
5.960990563304930e-04
1.982190366856163e-02
-4.006450762097981e-04
-0.000000000000000e+00
-3.931550647305678e-04
-0.000000000000000e+00
6.044729536957737e-04
-3.951798837460508e-04
9.345465886613336e-03
7.572208404869842e-03
5.752952120980355e-03
8.401868340016168e-03
6.981308059020802e-03
-3.478069152891711e-04
-3.620058096366241e-04
-0.000000000000000e+00
0.000000000000000e+00
-3.342259940272290e-04
-0.000000000000000e+00
1.468415294650949e-04
-2.436603354143211e-04
2.167265726692581e-03
1.737651286256187e-04
0.000000000000000e+00
6.144703302657702e-04
-3.981720670791593e-04
6.041405405356132e-04
-0.000000000000000e+00
-0.000000000000000e+00
-3.965896173509007e-04
-3.722590574079750e-04
-3.616502358730007e-04
-3.469450269445729e-04
0.000000000000000e+00
0.000000000000000e+00
0.000000000000000e+00
-7.375154239904573e-05
1.420652512154964e-04
-1.028855380991936e-04
-1.317216181228047e-04
0.000000000000000e+00
0.000000000000000e+00
0.000000000000000e+00
2.017290609435045e-04
1.754896035633348e-04
-2.799085516368933e-04
-2.502313476184243e-04
2.561460017234480e-03
0.000000000000000e+00
0.000000000000000e+00
3.582543231561116e-04
-2.184870417126103e-04
-2.413264260567483e-04
3.890433828531511e-04
0.000000000000000e+00
0.000000000000000e+00
0.000000000000000e+00
-1.892136299886658e-04
-1.613910064286233e-04
2.728868682611595e-04
-2.398782394513059e-03
2.169657946792649e-04
-0.000000000000000e+00
-0.000000000000000e+00
1.253603310392599e-02
1.172779870742395e-02
1.352230934502839e-02
1.095424037633455e-02
9.996626853398501e-03
1.077101641255629e-02
1.246935619050360e-02
5.150494074967974e-03
5.283591826916622e-03
6.778355727174791e-03
6.360026803192172e-03
-5.430711411256442e-03
-3.605832004179851e-03
-5.279631207069378e-03
-9.517559112928985e-05
1.242852671995502e-03
7.908939350221711e-04
1.771074588052556e-03
4.345022257497316e-04
-2.900175413526953e-04
4.630327541032009e-04
-4.345322520560866e-03
0.000000000000000e+00
-2.672308167940052e-04
0.000000000000000e+00
-4.024611602913388e-04
2.746839342363671e-04
-4.098178549320897e-04
0.000000000000000e+00
0.000000000000000e+00
2.196076538510302e-05
-5.166698058255334e-05
-0.000000000000000e+00
0.000000000000000e+00
5.266593804191418e-05
-5.441057826919604e-06
-2.710895889753973e-05
-3.945953660080817e-05
2.854731378796499e-05
0.000000000000000e+00
0.000000000000000e+00
0.000000000000000e+00

H2  1  1102  double
-1.396864838741390e-02
-1.366697762190148e-02
-1.226907368977155e-02
-1.059211253307209e-02
-1.194615123834811e-02
-1.014465774117736e-02
-9.775768151405592e-03
-1.143126333130638e-02
-1.091164879827992e-02
-1.248117431116337e-02
-1.818132745714353e-02
-1.925178163840754e-02
-1.972475419024610e-02
-2.040523624076789e-02
-2.328547853507475e-02
-2.241660870083110e-02
-1.921743748094943e-02
-1.774949388541494e-02
-1.888911190793536e-02
-1.993500248242175e-02
-1.807108609528610e-02
-1.729889641402624e-02
-2.072865816336805e-02
1.438355719819556e-02
1.557899384863918e-02
1.257246047969293e-02
1.407898822192468e-02
1.524064212380261e-02
1.230362570015399e-02
1.347976736428108e-02
-8.924257576824090e-03
-8.152580837473248e-03
-6.583193883758709e-03
-9.726731627272342e-03
-9.171930082109921e-03
-7.605040307322445e-03
5.584542085293904e-03
4.000220231775166e-03
2.457056129379216e-03
4.033659489551879e-03
2.517352442556232e-03
3.475740255743536e-03
-4.025817247975173e-03
-3.919261898441921e-03
-5.440749745792338e-03
-7.116356137186094e-03
-8.520737630906904e-03
-8.357310712216674e-03
-5.719571565717772e-03
-1.707340588192413e-02
-1.606864980361393e-02
-1.569175791559334e-02
-1.755944484590381e-02
-1.443058062549388e-02
-1.400634294862938e-02
-1.540628781826366e-02
1.308005591280952e-02
1.273208215894794e-02
1.437017348305037e-02
1.164303995233999e-02
1.039683511599685e-02
1.210762822261067e-02
1.065938701848694e-02
1.181765872309221e-02
8.755883649703240e-03
1.022519848666931e-02
1.222383108889112e-02
1.055863920696163e-02
1.082928010194340e-02
1.249612486447727e-02
3.613542392739812e-03
2.192441445619794e-03
1.892162064513495e-03
3.314065386380261e-03
3.910303450412080e-03
1.606204155265200e-03
1.721347384999369e-04
-1.625958134641061e-04
1.883332391864083e-03
3.163398460151917e-04
-1.263537579441942e-03
3.497654515135248e-03
1.529787441674914e-03
3.232735543136629e-03
-7.312786360805168e-03
-5.952431326226035e-03
-6.830782382771853e-03
-5.411250641112090e-03
5.608904675342257e-03
5.884118682360572e-03
4.199948075981810e-03
9.018402130988212e-03
7.532649483528262e-03
7.338244890513388e-03
-5.986500878983171e-03
-4.663327366191875e-03
-7.656009051610531e-03
-6.442307359846145e-03
-5.021116319136561e-03
-6.654571136800276e-03
-7.236124975665167e-03
3.016492038767395e-03
2.719353693739653e-03
4.411121151303770e-03
9.840537829270044e-04
1.302587918205225e-03
-2.819581511413610e-03
-1.021092710104654e-03
-1.311815622751059e-03
-3.082254332223230e-03
1.026443303981023e-04
4.141587968541155e-04
-4.518569425720344e-03
-4.235082364675109e-03
-3.269508847640116e-03
-3.043424313509923e-03
-1.601722810795135e-03
-1.860473604548346e-03
-3.618407618930956e-03
-2.636342260673400e-03
1.597266250691639e-03
-1.521071863988734e-04
-4.350745592317106e-04
1.358045168675257e-04
-1.640905371235630e-03
4.783766760170383e-03
5.681465954416615e-03
5.381909407138751e-03
5.099689401185707e-03
7.114136678070530e-03
6.796691566076459e-03
-7.417961773177595e-03
-5.995986678119420e-03
-5.719452949563044e-03
-6.285589680280587e-03
-7.989699343128291e-03
-9.163540457827241e-03
-7.721613993826471e-03
-4.564950056841740e-04
1.276385675572784e-03
3.040884530663335e-03
2.731579129828029e-03
4.485924035297774e-03
1.018483101149504e-03
2.446631347404158e-03
-5.097132460286524e-03
-4.816984155251085e-03
-6.565332040297105e-03
-1.181831507531884e-02
-8.772075558128473e-03
-1.003377229641386e-02
-1.046557578842495e-02
-1.203063990454089e-02
-6.190141211189153e-03
-4.750207448255356e-03
-4.437977906006782e-03
-3.052391018600540e-03
-7.594412991116434e-03
-5.928255530722386e-03
-8.382035542518883e-03
-1.141294992090417e-02
-8.124308163423672e-03
-9.287442663316091e-03
-9.819168204185722e-03
-9.978232383140483e-03
-1.164484878722585e-02
-8.275029084708712e-03
-9.712102071692470e-03
-1.137705513236526e-02
-1.623828308924931e-02
-1.622692696417139e-02
-1.455861769157250e-02
-1.639521358790105e-02
-1.497254148456369e-02
-7.112074670338473e-03
-8.553060837097254e-03
-8.773043847443842e-03
-7.356722612177082e-03
-6.820163968750666e-03
-1.048784195604511e-02
-9.089904902506671e-03
-1.021646122769675e-02
1.501879385173926e-02
1.356555644047567e-02
1.486540810117844e-02
1.609752592846495e-02
1.651572651566056e-02
1.316651858756583e-02
1.459959460623068e-02
-5.639204997442387e-03
-4.226163546808143e-03
-2.469444422857139e-03
-2.762000672596807e-03
-3.926988651115742e-03
-5.395220641948167e-03
7.061151429008695e-03
8.510476378081279e-03
6.787469404313089e-03
5.367451658244441e-03
9.061066926224357e-03
1.084380543471602e-02
9.298757616624588e-03
1.062418633656008e-02
7.695811907985440e-03
-1.245722182779161e-02
-1.277599062074095e-02
-1.107481166389281e-02
-1.137989165436231e-02
-1.077929349733772e-02
1.599461251721348e-02
1.623625405474090e-02
1.731989230498665e-02
1.733358147333531e-02
1.858883598700613e-02
1.601561139182195e-02
1.712786790020943e-02
1.684849990997511e-02
1.772556746463645e-02
1.924446680491725e-02
-2.122997571731173e-02
-2.006903349329766e-02
-2.147062575197925e-02
-2.429634671796836e-02
-2.464134327094828e-02
-2.512539868953464e-02
-1.345793975956276e-02
-1.486573855588768e-02
-1.382319454106498e-02
-1.762113430427586e-02
-1.653781289864500e-02
-1.615784198371167e-02
-1.473700307995286e-02
9.610902676037534e-03
8.216086078168762e-03
1.076912987306655e-02
9.476262718767480e-03
8.024762421093011e-03
6.789036145392483e-03
8.409038613277734e-04
2.662102324047673e-05
1.671562562790685e-03
-8.234883784069526e-04
-1.764329741475476e-03
-2.204669985905643e-03
-3.645254194504989e-03
-1.903622177019340e-03
-1.616634639454300e-04
-1.612916324643803e-03
-3.382171785205578e-03
7.178101461882440e-04
2.183313581225164e-03
3.621174426117665e-03
1.868538629747463e-03
3.331496717911606e-03
3.875779121642651e-03
2.441587238237872e-03
1.226892033415514e-02
1.349403949364361e-02
1.294650052509263e-02
1.489909710725002e-02
1.378719471070656e-02
-1.904767703005338e-02
-1.811684706730838e-02
-1.705589763988915e-02
-1.706500673648678e-02
-2.034046024892840e-02
-1.923163246967748e-02
-2.141102090537208e-02
1.001721438907681e-03
-7.298529765828776e-04
6.849582809219712e-04
2.480917695392992e-03
-1.098258095212395e-02
-1.065132752877622e-02
-1.233229565859283e-02
-1.244207107102076e-02
2.650565345511493e-03
2.955800105897347e-03
4.374659399053378e-03
5.961642661665114e-03
4.663712567983843e-03
5.816726743516369e-03
-4.519333848996871e-04
-2.185337005739127e-03
-7.165835386105567e-04
-2.475177921483647e-03
-1.326406594599736e-02
-1.190656569490865e-02
-1.345424905327291e-02
-1.207981266731789e-02
-1.497744431468548e-02
-1.378954905642643e-02
8.554470453774065e-03
1.027454693540446e-02
1.192640894615276e-02
9.671521973632882e-03
1.136485886179027e-02
9.961014260277972e-03
8.254880720779489e-03
1.164175938157721e-02
-1.043477763227790e-03
-2.771872641385457e-03
-1.297199215772154e-03
4.087364651072521e-04
-4.505803516701289e-03
-3.078293813711020e-03
1.129043339749962e-02
9.450251801367078e-03
9.230238417737740e-03
7.824787073675211e-03
1.085268188795660e-02
7.952608465288518e-03
-2.502134547537512e-03
-3.934226011052012e-03
-2.235823631690591e-03
-1.910588851929731e-03
-3.653591719072361e-03
8.830182623639108e-03
9.137397642287461e-03
7.693234018772318e-03
7.385825209237836e-03
5.967027831535879e-03
-4.814110584084732e-03
-5.129001776527402e-03
-3.345557518425005e-03
-6.551385915393026e-03
-8.290084988134600e-03
-6.240180055972123e-03
7.955099662545902e-03
9.697807340609281e-03
8.254941982310341e-03
9.388412019779559e-03
1.112460280011260e-02
9.907501103457020e-03
1.134129286394369e-02
-1.320832855173873e-03
1.006576958058667e-04
4.306952744985050e-04
-3.269469048644975e-03
-1.559749078117372e-03
1.338667419253886e-02
1.460965825904531e-02
1.489463235715473e-02
1.366225726310944e-02
1.642622890964767e-02
1.602944563017147e-02
1.734842878245019e-02
7.941493353766139e-03
7.655839877686724e-03
6.521832913471063e-03
6.201838941756303e-03
-9.706039152724780e-03
-7.963074564788680e-03
-9.373451482369762e-03
-9.986695984876030e-03
-9.055681788150530e-03
-7.698930675270692e-03
1.918334696028706e-02
1.773390770684118e-02
1.660299456171284e-02
1.794083163665456e-02
1.941650088883261e-02
1.950137495517973e-02
8.369076073747112e-03
8.083301311510834e-03
7.044806052354569e-03
6.642189556579815e-03
4.972958259175542e-03
6.430887733076659e-03
-8.868013590171421e-03
-7.142871705329444e-03
-8.583491426498229e-03
-1.029978907068652e-02
-1.574635649857274e-02
-1.421859850444560e-02
-1.549755945888859e-02
-1.521923847217225e-02
-1.689401410225713e-02
-1.723715240692519e-02
6.246920149318136e-03
4.786669632695383e-03
6.527955348896926e-03
5.069922274640540e-03
-1.665771489696080e-02
-1.812458757965345e-02
-1.932165014632048e-02
-1.856931475539990e-02
-1.908422347703811e-02
-1.732948502973839e-02
-1.749127393351439e-02
1.141515899220191e-02
9.793162169461621e-03
1.000026306362091e-02
1.044570310930447e-02
1.178535720330960e-02
1.201081307254020e-02
6.147584917659737e-03
6.328701116599033e-03
6.596528252900668e-03
5.131831625493068e-03
4.987732959462059e-03
4.703715181140095e-03
1.848688456349419e-03
3.568811881470649e-03
1.560142069430588e-03
3.263342427465476e-03
1.264798296664463e-03
-1.623402394852130e-04
-1.342499751102868e-02
-1.307138827605329e-02
-1.461264941265739e-02
-1.169138796714989e-02
-1.023021369297184e-03
-7.467739255329598e-04
6.832534850244763e-04
2.143759628331230e-03
4.196827815802222e-03
3.057698636818404e-03
1.270891030222428e-03
4.493744146636887e-03
2.774015065716957e-03
-1.115627056246049e-02
-9.433785653277014e-03
-1.085599595255118e-02
-1.278559079104301e-02
-1.250637371017698e-02
-1.307830757559672e-02
-1.442335729478739e-02
1.102536192957768e-02
1.247623508581266e-02
1.545056870879624e-02
1.374094693006592e-02
1.398653938852162e-02
-7.866794097681925e-03
-9.223193704171474e-03
-9.510972539135387e-03
-8.365317814890423e-03
-8.043643337294817e-03
-6.361195482963908e-03
1.437048143585201e-02
1.274882573370006e-02
1.574008635448577e-02
1.306320323078823e-02
3.876668672246403e-03
5.312441290565635e-03
5.587836441355968e-03
5.927364859727713e-03
4.179167113200643e-03
1.390661615955687e-02
1.543851059703693e-02
1.572608952114403e-02
1.421664803136748e-02
1.522706536453209e-02
1.692893419629845e-02
1.709322445507170e-02
8.740666890524463e-03
7.306809551494427e-03
9.020825963996407e-03
1.074365973055954e-02
9.361643759581742e-03
-3.890774606086220e-03
-5.320839341507529e-03
-5.635669879155876e-03
-7.088567679168204e-03
-4.213132350103052e-03
-1.763524987862880e-02
-1.668388802321325e-02
-1.640371868272063e-02
-1.919523853638384e-02
-1.943618404832145e-02
-1.806217717314679e-02
-1.496960633888969e-02
-1.835817269708614e-02
-1.683739458178857e-02
-1.872089637921649e-02
-2.015942980371985e-02
-1.978330809072858e-02
2.121157868436413e-02
1.991572120769068e-02
2.042216086203480e-02
1.893526889529616e-02
1.969629984597538e-02
2.154619618280778e-02
2.088860388707115e-02
-1.856150389677453e-02
-1.987249467020004e-02
-1.815926229446030e-02
-1.947938874809198e-02
-5.105674376814423e-03
-6.832662485595882e-03
-6.657190281577834e-03
-3.538150690867980e-03
-4.991403475472846e-03
2.138647224321047e-02
2.040438220082609e-02
2.106440196028464e-02
2.044148228287030e-02
2.522242152653883e-02
-1.416753446229494e-02
-1.568366401484175e-02
-1.293300021762581e-02
-1.293485598692577e-02
-1.451985815396059e-02
-1.607486492448139e-02
1.619657702789760e-03
2.595208307695822e-03
-2.598553166614811e-03
-1.620480041096656e-03
-5.815405666784310e-05
-8.321789990228357e-04
8.172448625165356e-04
-4.253084780455504e-03
-3.325609234685974e-03
-4.994104222277156e-03
-5.578819143047706e-03
-4.339910454130671e-03
-3.904903818473649e-03
-2.565039022721153e-03
-2.152481967666870e-02
-2.065728941129491e-02
-2.035229992993122e-02
-2.132228132996833e-02
-2.500706730337620e-02
8.749190530030036e-03
7.157728504437310e-03
8.387750908475267e-03
6.785537341355323e-03
7.452610784969466e-03
-5.978327242095610e-03
-7.851618282739651e-03
-7.181754632762218e-03
-5.685516648357469e-03
-5.904507558744707e-03
1.858089794137618e-03
-8.002299017323743e-04
-2.066894935132070e-03
9.489056487187632e-04
-4.510093772347729e-04
-1.933579069832478e-03
-1.629386536475574e-02
-1.760731078554310e-02
-1.662732352033636e-02
-1.524645651344749e-02
-1.543941646871344e-02
-1.972837159530183e-02
-2.081148540476594e-02
-1.973393624238043e-02
-2.463298277325406e-02
-2.402924647129278e-02
-1.915297476234672e-02
1.805229932162586e-02
1.897532215585862e-02
2.038106844716879e-02
2.157127959885478e-02
1.681347836406525e-02
1.589312105824363e-02
-4.814828682192751e-03
-2.082558137812213e-02
-2.069586720446517e-02
-2.165754279332278e-02
-2.163947681769166e-02
-2.522020324211441e-02
-1.072141990668356e-02
-1.111144713774923e-02
-1.230680089259681e-02
-1.344457817597412e-02
-1.090932837418623e-02
-1.201119138116438e-02
4.958347434952234e-04
4.696882122309821e-04
-3.177636618260156e-04
-2.996910803989940e-04
0.000000000000000e+00
-3.349761341845327e-04
0.000000000000000e+00
-0.000000000000000e+00
2.082990712571787e-02
1.970872647292733e-02
1.823982678831473e-02
1.841002466905148e-02
2.070076272656302e-02
2.386861870632429e-03
2.124588848608477e-03
-9.284340945179466e-04
9.228583771288571e-04
5.541858250366942e-03
3.873974293237817e-03
4.854924632398365e-03
3.326201981827255e-03
4.260858214876651e-03
3.980079133396124e-03
-1.370245007558408e-02
-1.382671075836340e-02
-1.490697322424885e-02
-1.521324308715596e-02
-1.412122111748383e-02
1.917606109966713e-02
1.737018178655899e-02
1.854324967095149e-02
1.775650110561932e-02
1.779127243484483e-02
9.734299831560236e-03
1.162064181456667e-02
8.866257543640543e-03
9.164233938856271e-03
1.083252940451942e-02
7.833264159841091e-04
6.230214656583592e-06
2.013932603256396e-03
2.285664529979318e-03
-1.999433990374949e-03
-6.910921681374453e-03
-6.529256907648984e-03
-8.716508376186045e-03
-6.764550847646708e-03
-5.109206732375632e-03
-2.312377279440832e-03
-3.967046434228820e-03
-4.099901635922465e-03
1.438270605638199e-03
-1.953657207940946e-02
-2.340824609635796e-02
-2.285339635249176e-02
-1.893021555280216e-02
-2.016122455427354e-02
-1.746399327673302e-02
-2.178966036445007e-02
-1.820020203905435e-02
-2.095109307082971e-02
-1.665865841122220e-02
5.004687885867739e-03
-1.556018256853347e-02
-1.864116165736505e-02
-1.436254334706096e-02
4.281067789391175e-03
4.660772844187106e-03
1.509949466122991e-02
1.271975175306958e-02
1.213056528227180e-02
1.650025831765229e-02
1.348854701461980e-02
1.436343691440570e-02
2.025109418929070e-02
2.483460307943152e-02
1.984351264028986e-02
2.444387795594525e-02
2.029283771720947e-02
1.939214248087526e-02
2.360131719727165e-02
-1.068762547074218e-02
-1.138688083735368e-02
-9.954962827559978e-03
-1.258602775407414e-02
1.786622020600443e-02
2.232418109437817e-02
1.860158734902507e-02
-5.015865743892289e-03
-5.267271449035202e-03
9.922591944757623e-03
1.110816642067899e-02
-3.008008734978563e-03
-3.496251385668650e-03
-2.757011348410626e-03
-1.781019737559391e-02
-1.705851955655107e-02
-1.607185050979775e-02
-1.845478499517720e-02
5.041903826542292e-03
4.846653546521021e-03
-2.033876665280351e-02
-2.049689014808229e-02
-1.980032204971751e-02
5.811413322743364e-03
6.016313846135577e-03
-6.041529862192685e-04
2.331257271048587e-02
1.917767565262144e-02
1.976099460774402e-02
2.039681727465962e-02
2.388978984753911e-02
8.806703172999900e-03
1.072256238461028e-02
7.923309430679414e-03
-1.168787400931537e-02
-1.067503595157891e-02
-1.215697652019948e-02
-1.336029743913814e-02
-8.460405038534190e-03
-9.795338441337965e-03
4.846795184082533e-03
5.072310002551378e-03
6.882268661744338e-03
5.095876081698886e-03
6.282501964966727e-03
1.416996162795619e-02
1.148518081055442e-02
1.025980051685157e-02
9.924695055904209e-03
1.163317821529538e-02
1.284788524502326e-02
-1.032151730399661e-03
1.050812730720939e-03
3.004981616761525e-03
-6.830005821666996e-05
1.324772377605021e-03
3.280395414230656e-03
-1.788813296077782e-04
-6.633908973963956e-04
-1.486146214603279e-02
-1.650581817396548e-02
-1.350182998319842e-02
-1.494210717595980e-02
2.158766821203232e-02
2.535207555581973e-02
2.060410167208015e-02
2.163368360166707e-02
1.786260524616631e-02
1.936780416808604e-02
1.890290955003053e-02
2.012298752382160e-02
2.292608125503784e-02
1.884419724283426e-02
1.824952863140213e-02
5.921551287443902e-03
5.918789891913876e-03
6.497986878881616e-03
7.588444099330000e-03
7.882131761968053e-03
5.633945751691460e-03
-1.723130528299098e-02
-1.413449602582532e-02
-1.289847821007751e-02
-1.292905610020452e-02
-1.184269146729391e-02
-1.568951409978642e-02
1.537989659103148e-02
1.666684521135605e-02
1.540557993542520e-02
1.414526054309503e-02
1.859703090755939e-02
1.967894415066890e-02
1.741117537476795e-02
1.863036385605823e-02
1.757919188408376e-02
2.180715202514909e-02
2.097108035150489e-02
1.737421667549888e-02
1.661319026853898e-02
-4.978760496062418e-03
-3.009858563130653e-03
-3.362399645650633e-03
-2.581551100827238e-03
-2.282713040374315e-03
-3.171649323658036e-03
4.560624533568112e-03
-4.853002068813575e-04
-5.156770009904902e-04
3.282787190605804e-04
3.069046640774352e-04
0.000000000000000e+00
0.000000000000000e+00
-2.877202827804837e-03
-2.520346174754903e-03
2.685998212234937e-04
1.071630304894333e-02
1.249748933339001e-02
9.309977133588910e-03
3.234654369348528e-04
-3.357886724845855e-03
-1.886339184209220e-03
1.721066183767590e-04
2.205859410010537e-04
-2.320832663492600e-03
7.187168079511416e-03
3.592979729354644e-03
3.083090715540717e-03
-1.292257524458822e-02
-1.155083561113901e-02
-9.907154881167926e-03
2.684740964259082e-03
-5.248933212533143e-04
5.111158433541823e-03
-5.423864370697792e-04
3.475998999249705e-04
3.670892879064238e-04
0.000000000000000e+00
-5.813735222617233e-04
5.523801421328154e-03
5.773136842380673e-03
-5.907642916015078e-04
5.847916961125427e-03
-2.003245668643832e-02
-1.276794620584226e-04
9.296427815034491e-04
-7.124586326162874e-05
6.347650241539664e-05
0.000000000000000e+00
0.000000000000000e+00
5.869739312356559e-04
-5.685907199227336e-03
5.845199190427020e-04
5.912559337767290e-04
-5.477301380175794e-03
-5.749437905579545e-03
6.000939010012031e-04
-5.940630432136981e-03
5.991477369005855e-04
-5.771820705214462e-03
-3.976274274528300e-04
-3.960744710594846e-04
0.000000000000000e+00
2.307722261267642e-03
-2.548195754809275e-04
-2.933465987939264e-04
1.820872120690200e-04
0.000000000000000e+00
0.000000000000000e+00
-6.045162187702261e-04
3.883461266419638e-04
0.000000000000000e+00
3.980459695556545e-04
3.965939661819491e-04
0.000000000000000e+00
0.000000000000000e+00
2.393765138649632e-04
-1.988449759985200e-03
1.761434639350809e-04
1.033102167589373e-04
-1.229340940767393e-03
-1.627120375872628e-03
1.560511764441584e-04
5.463707524023590e-03
-5.825056114149787e-04
5.579334582657801e-03
5.793864977003641e-03
-5.887366828440216e-04
5.200766476983523e-04
5.297112478126901e-04
-3.403508804484337e-04
-0.000000000000000e+00
-3.225294777007445e-04
-0.000000000000000e+00
4.326981568946420e-04
-4.434813188423195e-03
1.564308653397009e-02
1.453714046414664e-02
-4.722516596990615e-03
3.871423767663822e-06
-8.277611173403359e-04
-2.389443499546611e-05
4.510649507970192e-04
-2.045842717172201e-02
5.996890381206385e-03
5.920088922671759e-03
-2.025424357314438e-02
-2.530273845033802e-02
-4.509503363888790e-03
-4.355544612335413e-03
-3.865725607629003e-03
1.536890852335022e-02
4.049035567961634e-03
-9.371265615977312e-04
-1.409215495327790e-03
-1.265052367886600e-04
-0.000000000000000e+00
-1.362458131165803e-02
-1.233858557935364e-02
3.357882276650441e-03
-1.053382190871249e-02
-1.420810820683910e-02
3.749613491276929e-03
-4.570308668225197e-04
7.037501383588023e-05
2.107621376020447e-05
3.102367119814264e-05
-1.197808937548045e-07
0.000000000000000e+00
-3.142753706529527e-05
-0.000000000000000e+00
5.525605876651794e-03
-5.641244032164488e-04
3.809678046917119e-04
3.694935857175162e-04
0.000000000000000e+00
2.810005996807399e-03
2.538354443086282e-03
-9.115424458531028e-03
-8.222363474840535e-03
2.136109221551699e-03
-2.722542054945622e-04
-2.488198908949109e-04
3.875581381442247e-03
-1.396753313702676e-02
-1.789456818630348e-02
-1.498176259879020e-02
4.060918582702850e-03
2.046696263158412e-02
2.037047687547266e-02
2.491732310553844e-02
2.517135326370269e-02
-5.995631579882164e-03
1.215750101026890e-02
-3.675607129444405e-03
1.332969336697111e-02
1.578926351614863e-02
1.723550009468727e-02
-3.910606910203683e-03
1.280667123390075e-02
1.299642013499737e-02
1.177194343479878e-02
1.424643331266606e-02
6.754378081126224e-04
2.171144663512777e-04
-1.404434213011411e-03
1.170266260437746e-03
-4.165977166021006e-05
-4.926140808353045e-03
-5.170918271316774e-03
5.142213176837469e-04
1.544187003277097e-04
1.259917705240089e-04
0.000000000000000e+00
-1.707256946760340e-04
-2.208161352029490e-04
9.535546440600964e-05
0.000000000000000e+00
-3.069451042937191e-04
-0.000000000000000e+00
-2.873596886224391e-04
-0.000000000000000e+00
-0.000000000000000e+00
4.799048139644974e-04
4.348648210123235e-04
4.757650121358714e-04
-2.334485758555381e-04
-0.000000000000000e+00
3.838998529093972e-04
3.288591454143666e-04
-2.628839834361188e-04
-0.000000000000000e+00
-1.381100845611370e-04
-1.082689988550807e-04
0.000000000000000e+00
-8.079066839923371e-05
0.000000000000000e+00
0.000000000000000e+00
-6.349999813249478e-05
-0.000000000000000e+00
1.224286570521868e-04
-9.479678444299723e-05
-0.000000000000000e+00
-0.000000000000000e+00
2.246513936655946e-04
0.000000000000000e+00
-3.771983774708533e-04
-3.061464338366805e-04
2.519890590941533e-04
0.000000000000000e+00
2.093851353176908e-04
0.000000000000000e+00
2.587961409353457e-04
0.000000000000000e+00
-3.907771757679403e-04
-3.440274685717641e-04
2.410904969640586e-04
-2.695053009884817e-04
-0.000000000000000e+00
-0.000000000000000e+00
3.627810107462500e-04
3.634092575048145e-04
-2.464489170467676e-04
-0.000000000000000e+00
-1.826940259309767e-04
0.000000000000000e+00
0.000000000000000e+00
2.652469223773051e-04
2.961268916064577e-04
-2.076333451240472e-04
-1.567474655663205e-04
-3.750174514241975e-04
-0.000000000000000e+00
-3.846496872709294e-04
-3.904079053710517e-04
-0.000000000000000e+00
0.000000000000000e+00
-3.807697675596930e-04
-3.828584620890657e-04
-0.000000000000000e+00
5.691864481539534e-04
5.884566871628251e-04
-0.000000000000000e+00
-0.000000000000000e+00
1.093491431784926e-04
0.000000000000000e+00
1.609155189367704e-03
-1.950144821275999e-04
-1.425070598364426e-04
-4.722787653702800e-03
1.563978498384149e-05
0.000000000000000e+00
7.842400664138721e-05
0.000000000000000e+00
-9.359406503654649e-05
4.642263424122148e-05
1.653472029968598e-02
1.675411651513064e-02
1.708054047221051e-02
1.778898868631686e-02
1.820396566226440e-02
-1.963979246768950e-04
-1.679995759827929e-04
0.000000000000000e+00
-0.000000000000000e+00
-2.254407701270823e-04
0.000000000000000e+00
-3.704423529347815e-04
5.650088690901928e-04
-5.509641295188825e-03
-3.542779321902628e-04
-0.000000000000000e+00
-2.294236357755794e-06
-1.327638863321216e-05
3.802348118212615e-05
0.000000000000000e+00
0.000000000000000e+00
-4.652499458313834e-05
1.429735133174932e-04
1.696269032001895e-04
1.936492372115226e-04
0.000000000000000e+00
0.000000000000000e+00
0.000000000000000e+00
3.941299709395446e-04
-5.981592650696072e-04
3.875048005855856e-04
3.779217112010050e-04
0.000000000000000e+00
0.000000000000000e+00
0.000000000000000e+00
3.405735536458617e-04
3.575602860046095e-04
-5.223559981726987e-04
-5.553815694357425e-04
5.202524472016573e-03
0.000000000000000e+00
0.000000000000000e+00
-5.113522510606464e-04
3.359766264203308e-04
3.135331358912302e-04
-4.566821111677958e-04
0.000000000000000e+00
0.000000000000000e+00
0.000000000000000e+00
-3.512174316770272e-04
-3.656473870156001e-04
5.578351437976870e-04
-5.461096541141266e-03
5.529170049428446e-04
0.000000000000000e+00
0.000000000000000e+00
1.608555059302530e-02
1.472268904638453e-02
1.445443465215846e-02
1.630497848273555e-02
1.496131475420243e-02
1.346644726597877e-02
1.291986142615272e-02
1.897646248205110e-02
2.013838352127942e-02
1.961691813448630e-02
2.055754924581660e-02
2.449295923355394e-02
2.015122832684956e-02
1.968878139928637e-02
5.501915349255548e-04
-5.584247307498950e-03
-5.848277812446468e-03
-5.684400653601155e-03
-4.304724584282023e-04
2.735699797181096e-04
-4.135399007248438e-04
4.104045308515269e-03
0.000000000000000e+00
2.921607854203612e-04
0.000000000000000e+00
-3.785671380409855e-04
2.813199138766557e-04
-4.474218907991467e-04
0.000000000000000e+00
0.000000000000000e+00
-4.008759038136603e-04
6.064206868459527e-04
0.000000000000000e+00
-0.000000000000000e+00
-3.924668996048032e-04
4.024402104714208e-04
-6.043261629349013e-04
3.996015748922819e-04
-6.282480189665553e-04
0.000000000000000e+00
0.000000000000000e+00
0.000000000000000e+00

H3  1  1102  double
1.447433311348615e-02
1.457873193485546e-02
1.524770507186609e-02
1.622882050919705e-02
1.528450629623085e-02
8.644567732240829e-03
1.053510901392863e-02
1.026362550739971e-02
1.052559494621489e-02
1.012840186478629e-02
8.780859005804468e-03
8.076106254569141e-03
9.826104795600204e-03
9.918930114249365e-03
1.976589704091239e-08
-2.891656599725787e-05
8.630773880255870e-03
1.060080588027205e-02
1.071140984094966e-02
8.142746588867492e-03
1.061845196422731e-02
1.141645285007158e-02
9.782821925914660e-03
8.647187768189946e-03
8.474302291633403e-03
1.044880263121658e-02
1.087819177446526e-02
1.056465419366122e-02
1.180818704970361e-02
1.133661899401628e-02
1.030465720594776e-02
8.258243137149169e-03
8.323933404809317e-03
8.254510830707145e-03
9.814448433628687e-03
9.816021114372523e-03
8.355589180491719e-03
1.029282055882775e-02
1.033222642342642e-02
8.220774584921691e-03
7.831865575643261e-03
9.921721232254514e-03
8.460229379281856e-03
1.031833113106348e-02
1.025291308055058e-02
8.217060956779614e-03
8.420620196235063e-03
9.797973135033363e-03
7.783021829959606e-03
1.086338290992399e-02
1.256600983117489e-02
1.223173319945234e-02
1.117510440322214e-02
1.327458940438265e-02
1.285227513551956e-02
1.177852141967369e-02
1.428594249477070e-02
1.454760903925368e-02
1.350933703607132e-02
1.459415501293812e-02
1.388067126316870e-02
1.298961105349248e-02
1.295018758849757e-02
1.368273886000086e-02
1.495547763201736e-02
1.490083816750150e-02
1.524816113245368e-02
1.624400055843655e-02
1.601932133724107e-02
1.497628436655062e-02
1.812089783391655e-02
1.830290293539531e-02
1.815426678044415e-02
1.776055633498467e-02
1.813907730171759e-02
1.782018932523321e-02
1.274731779267150e-02
1.400639686696965e-02
1.244722111732845e-02
1.131096014437921e-02
1.186837539905634e-02
1.166742400060438e-02
1.341066494428864e-02
1.264772783189057e-02
1.505953456916256e-02
1.607128647103413e-02
1.725915709986437e-02
1.774708335252397e-02
1.564372181858941e-02
1.492215609857977e-02
1.543225780450503e-02
1.409293913808653e-02
1.381789249948868e-02
1.496687735116362e-02
1.102208994682103e-02
1.255144766013067e-02
1.109068487963853e-02
1.266923443134144e-02
1.337381065199872e-02
1.333020547340038e-02
1.054977499607528e-02
1.428370393608101e-02
1.497733829829057e-02
1.455951811981558e-02
1.567370502237506e-02
1.455768366941221e-02
1.822243177643540e-02
1.844461402433919e-02
1.824134113367604e-02
1.801257246524983e-02
1.814838427211715e-02
1.835875298809167e-02
1.798081707478750e-02
1.812573327079654e-02
1.321656490137503e-02
1.245456670310602e-02
1.310114613133375e-02
1.433841090453992e-02
1.463570285505182e-02
1.070482539453278e-02
1.791343461981078e-02
1.812308706281980e-02
1.832460713315212e-02
1.760651116702795e-02
1.779111819268041e-02
1.730372965148306e-02
1.780000690308984e-02
1.775071550872504e-02
1.758040752308586e-02
1.749189199822939e-02
1.729817335211678e-02
1.737446717705087e-02
1.768915394198355e-02
1.777201083894013e-02
1.740040848753988e-02
1.690564702030865e-02
1.668690756162790e-02
1.723020871316029e-02
1.727348036528064e-02
1.738853195093272e-02
1.750914381902324e-02
1.678016354031230e-02
1.679865913875626e-02
1.677662275664943e-02
1.629757708942291e-02
1.718976668511430e-02
1.760279560392784e-02
1.712707930266764e-02
1.256152574298758e-02
1.424769086899578e-02
1.280465734746159e-02
1.386728018100175e-02
1.296892143989432e-02
1.383361791624346e-02
1.339942168779656e-02
1.462338882600280e-02
1.439317863386480e-02
1.413980772797357e-02
1.488209692585514e-02
1.312213412473119e-02
1.175923704297631e-02
1.244908452538305e-02
1.081202384121293e-02
1.241006336723292e-02
1.562471043669419e-02
1.456463440443138e-02
1.634489080359583e-02
1.606942290185958e-02
1.513307503024376e-02
1.240473862392326e-02
1.137459405344679e-02
1.287346888836144e-02
1.065207916315177e-02
1.247047922581611e-02
1.593852378121586e-02
1.585779070989500e-02
1.494729381470940e-02
1.493796128350463e-02
1.647843399505966e-02
1.413773593254588e-02
1.427350550811369e-02
1.477746320746016e-02
1.120036181808539e-02
1.272063417982945e-02
1.235866499458535e-02
1.054735319717408e-02
1.037990963977213e-02
1.325843112098534e-02
1.276534622641077e-02
1.583235340715246e-02
1.560853306103070e-02
1.616911038159122e-02
1.511150563320184e-02
1.637040176732458e-02
1.652476153735099e-02
1.578333629349239e-02
1.569026008108470e-02
1.650140977751675e-02
1.653231073706081e-02
1.051285194613643e-02
1.069656394198777e-02
1.105261541987638e-02
1.038576894422521e-02
1.116802362026091e-02
1.378077598555637e-02
1.423839381172409e-02
1.477869448625613e-02
1.510848210228043e-02
1.445240564916637e-02
1.241234109318809e-02
1.173141320188177e-02
1.064232197884318e-02
1.153435982846327e-02
1.019068475817781e-02
9.673618195216296e-03
9.839620574406011e-03
8.333798690957590e-03
-1.518483148705039e-05
8.798507124162109e-05
9.787275837823293e-03
8.645825019133481e-03
9.764150796357431e-03
-1.124319017407070e-04
-1.309776346259038e-05
-1.184156029174220e-05
1.217229924423130e-02
1.087171179789731e-02
1.266891791004523e-02
8.341595116515754e-03
1.057566921176311e-02
1.044399933970528e-02
1.053663150691570e-02
1.087672691623840e-02
1.059804528437441e-02
8.533453294206839e-03
8.398250274353996e-03
8.305423117763444e-03
1.034835668887899e-02
8.690536545299079e-03
9.772416410623532e-03
9.754678609679443e-03
7.998368427803104e-03
9.898973463051694e-03
1.689964043409089e-02
1.712010329777460e-02
1.745238123187029e-02
1.769784294426876e-02
1.798069300082392e-02
1.760393491431789e-02
1.633347186350325e-02
1.676059966146860e-02
1.700698152180040e-02
1.745701006450790e-02
1.758467236260420e-02
1.635948499258116e-02
1.614644137150327e-02
8.312855318087994e-03
9.873133827743651e-03
1.006885060117561e-02
9.851098321107492e-03
7.733650871280421e-03
9.727781812360304e-03
9.931086421561729e-03
7.873174015311893e-03
9.822195141978265e-03
-4.746574227976073e-05
5.013325901857200e-05
4.788426998753235e-05
1.842992954816139e-02
1.846071880103728e-02
1.847330221823273e-02
1.833876007885364e-02
1.222746439706117e-02
1.297169270197032e-02
1.200443227521245e-02
1.079235553670408e-02
1.077483674242849e-02
1.254907659417300e-02
1.118433053788203e-02
1.114725444055713e-02
1.266650640822528e-02
1.058258455628576e-02
1.497496289913924e-02
1.516724796720430e-02
1.596328212906646e-02
1.618738290679901e-02
1.337765180606818e-02
1.395032814354508e-02
1.255751502915205e-02
1.281261133671688e-02
1.119496502055926e-02
1.194507093675626e-02
1.677127701778998e-02
1.631646717424459e-02
1.531951025258107e-02
1.595020562183657e-02
1.517504136420390e-02
1.615677885973175e-02
1.660567695062300e-02
1.530084723344250e-02
1.669057145007709e-02
1.670049581410244e-02
1.733998212221003e-02
1.721342369584892e-02
1.673923567702431e-02
1.741599412021323e-02
1.056326623202032e-02
1.163631404964881e-02
1.299815926850510e-02
1.303831071387123e-02
1.185095230941514e-02
1.132942897167223e-02
1.835608512753724e-02
1.813021595787985e-02
1.828552314814229e-02
1.812158384806807e-02
1.808051434646238e-02
1.675404746337313e-02
1.672571776000650e-02
1.726074777313012e-02
1.736060889290593e-02
1.765038524183105e-02
1.728377980273259e-02
1.752978821835335e-02
1.770697629863208e-02
1.707876133465604e-02
1.657025888610056e-02
1.650534011017896e-02
1.682051804636831e-02
1.612115303208863e-02
1.639251647104488e-02
1.635293791100699e-02
1.576808590032102e-02
1.545616110801528e-02
1.506192543381613e-02
1.460970860176089e-02
1.415642631011440e-02
1.507742121141526e-02
1.275019912637250e-02
1.362623462173239e-02
1.472412012366422e-02
1.338595994326193e-02
1.342658635468127e-02
1.465619308983525e-02
1.275899605250542e-02
1.261338782135306e-02
1.108249173493384e-02
1.623559273017186e-02
1.594721013282589e-02
1.715402061817490e-02
1.661462976649014e-02
1.586116262535637e-02
1.619194818020428e-02
1.537916844218788e-02
1.610400897114204e-02
1.468692039438316e-02
1.593540423016385e-02
1.044088631993912e-02
1.121333349308082e-02
1.263447680696831e-02
1.104310145137415e-02
1.059729318964202e-02
1.038170235002796e-02
1.331531315379674e-02
1.256333291590662e-02
1.461293764016311e-02
1.344480675856254e-02
1.347390115905942e-02
1.284917012307153e-02
1.675834206930367e-02
1.744342606143384e-02
1.673485662777572e-02
1.625998270145390e-02
1.270781438573560e-02
1.412659282771143e-02
1.304108380139725e-02
1.330424417494567e-02
1.243039951238324e-02
1.224889134301140e-02
1.743084878402532e-02
1.762642075238402e-02
1.701827663206540e-02
1.708220379777925e-02
1.055418312366181e-02
8.261001471956370e-03
9.897360413949962e-03
9.864635364784524e-03
7.748667584274598e-03
1.003784910285276e-02
7.980571483270580e-03
1.191349712147281e-02
1.246355681784685e-02
1.291343870988024e-02
1.395398701798229e-02
1.268109958595399e-02
1.314011577701805e-02
1.362151666792822e-02
1.267261986331203e-02
1.109425897860658e-02
1.052660060708312e-02
1.237082088933578e-02
1.323366900631721e-02
1.450370562601279e-02
1.469369992108095e-02
1.311974960980512e-02
1.342827253425311e-02
1.224449038459021e-02
1.286023084885648e-02
1.470007557539771e-02
1.448957797697735e-02
1.330701779802678e-02
1.528283514147666e-02
1.582482376240494e-02
1.641310263215999e-02
1.604088262300013e-02
1.527103048931034e-02
1.815438905849102e-02
1.795302890322015e-02
1.823795970315156e-02
1.792314992824292e-02
1.822931652434306e-02
1.576162283414700e-02
1.641183890525478e-02
1.602662003258586e-02
1.462614018586808e-02
1.493336046460193e-02
1.423448924576677e-02
1.351229613582238e-02
1.478843197599144e-02
1.398494494544430e-02
1.198826734410055e-02
1.259323433957853e-02
1.291168300331624e-02
1.294736196376240e-02
1.289178732885899e-02
1.213925030390262e-02
1.071485458839673e-02
1.160974847459336e-02
1.274759779982691e-02
1.328437210771343e-02
1.432482039914752e-02
1.235413781629617e-02
1.458698314754176e-02
1.538044369629806e-02
1.474379944459747e-02
1.533717718081287e-02
1.618899537697241e-02
1.631792832403968e-02
1.442761621757277e-02
1.305351732260399e-02
1.272696129023142e-02
1.416234133152076e-02
1.336231627664377e-02
1.252251104236930e-02
1.215784530622770e-02
1.435187749568503e-02
1.517884055154358e-02
1.482130586807299e-02
1.447042049107197e-02
1.553003026902265e-02
1.526226113599902e-02
1.456933925076222e-02
1.525019233817751e-02
1.454637356937441e-02
1.625110171689101e-02
1.100227855239128e-02
1.265425566210358e-02
1.265403840183146e-02
1.053211391323746e-02
1.053915619149239e-02
1.114996933301411e-02
1.343700894635972e-02
1.048569700793508e-02
1.081873561726736e-02
1.033179735768134e-02
8.287170351066445e-03
8.266256658788796e-03
9.696899518953063e-03
9.275352845940348e-03
7.837616782709340e-03
1.044541454819612e-02
8.210541251804235e-03
9.946360793292792e-03
9.951005660523796e-03
1.045525594752593e-02
1.038414319629761e-02
1.073411396224557e-02
1.029088095138963e-02
1.060838009484302e-02
1.031662065096695e-02
1.131021120513854e-02
1.194447499761594e-02
1.247072485633246e-02
9.797074541885905e-03
8.343321121350677e-03
9.824259310579828e-03
8.342780933300646e-03
-1.004758737964956e-04
1.045234470919447e-02
8.593179441764456e-03
1.057251295359576e-02
1.103304449202254e-02
8.306176083652392e-03
9.729724755287609e-03
8.124186392137118e-03
9.829974959567620e-03
9.835863486530576e-03
8.240953059063180e-03
8.365402295413540e-03
9.814971915902609e-03
9.818391023666440e-03
9.855123887292533e-03
8.167103200433701e-03
8.267339923718468e-03
1.047711333088821e-02
1.106915959731034e-02
1.036469366868204e-02
1.028257423583405e-02
9.804748026952489e-03
8.309617136883342e-03
8.290642032513782e-03
9.819762741420109e-03
-1.025421110162366e-04
8.332607870540328e-03
8.320226821799693e-03
9.783154037620327e-03
9.784054476652230e-03
1.058778757430864e-02
9.810159296292153e-03
3.801566263104211e-05
3.379219435189707e-02
3.379590435802595e-02
-1.107250312487452e-04
3.965083827748467e-02
1.057515912049498e-02
1.085613803508855e-02
1.047004170105936e-02
1.149151156887528e-02
1.247208161480869e-02
8.459600010980861e-03
9.812098058668723e-03
9.762226185502473e-03
8.128582353364892e-03
9.846804896462323e-03
-9.478430671409738e-05
9.812444845134525e-03
3.387880224170611e-02
1.723248033760582e-05
-1.269806612655146e-04
3.387447930054000e-02
9.810282423801947e-03
9.810141628540440e-03
-2.289470281090809e-05
1.554410795150273e-05
3.385199084091763e-02
3.367052753323843e-02
3.967569840775667e-02
7.836448704703734e-03
8.207783884588978e-03
9.882287708872024e-03
9.808912953677973e-03
-8.922140667215630e-05
1.031136724540081e-02
7.895347326541739e-03
8.120603112793641e-03
8.247840486255957e-03
1.048050129262409e-02
1.011701393577881e-02
3.822631896320538e-02
3.823007766825543e-02
3.855985262884424e-02
3.856223032510610e-02
3.849999999999999e-02
3.856262076308763e-02
3.850000000000000e-02
3.850000000000001e-02
7.851040171358193e-03
1.029020434872095e-02
1.084858999757847e-02
1.044272879263664e-02
8.200977295772073e-03
1.024519791464133e-02
1.064571712319310e-02
1.064396812702246e-02
1.045234281415518e-02
1.018795210059322e-02
1.036397621284606e-02
8.215243669607387e-03
8.187311434218152e-03
9.820986877175496e-03
5.310237737385578e-06
1.051818214469660e-02
1.014688890018137e-02
1.011732188577705e-02
1.040113472155893e-02
8.219637705120953e-03
8.178143414300501e-03
1.018288607939972e-02
8.228979445760712e-03
8.121091196357606e-03
1.044917556382736e-02
-3.312512165983136e-06
3.547252051193763e-05
3.381318813101204e-02
9.783376732526427e-03
9.751093824327274e-03
3.381067145967935e-02
1.281566166189235e-05
-1.363177727221872e-04
3.380799364629910e-02
-1.187471120542417e-04
-5.554588753669310e-05
3.397285141170941e-02
-1.434762808895309e-04
9.921747191849670e-03
9.807857903870790e-03
3.381374960554595e-02
-1.647815229696834e-05
3.385602376277757e-02
3.965440843695991e-02
3.385853290470221e-02
5.555760670991868e-06
-1.246862626643207e-04
3.395614600699099e-02
9.766795655267198e-03
3.388833681464647e-02
-1.647595516869444e-04
3.384604173415098e-02
-3.132605261214658e-05
3.386408903099260e-02
3.964142819921735e-02
3.399069774564547e-02
1.716036238738443e-05
3.376408822461648e-02
3.961876357323409e-02
3.960971473334213e-02
-7.465857389596145e-05
3.409025845870858e-02
9.810470488220490e-03
-4.441073290168455e-05
6.723423663228511e-05
3.405744577415403e-02
3.388657302242803e-02
-1.811658496895691e-06
3.386008623162141e-02
6.662829451763264e-05
3.372198005993972e-02
3.384649141620253e-02
-7.072103866676023e-07
6.112956081854432e-05
9.760792929861650e-03
9.680624425309948e-03
-6.364958318020801e-05
3.392286177331083e-02
-1.221552672251828e-05
3.383887766065936e-02
3.961805663656091e-02
3.962445977085931e-02
3.374216027603606e-02
3.394641661814062e-02
3.963164479336462e-02
3.960063618610392e-02
3.967330198418053e-02
3.381087951743973e-02
3.388265111554545e-02
3.391473018256357e-02
3.383876788324805e-02
3.963183900514746e-02
3.962901028727632e-02
3.410254193747343e-02
3.396655880989041e-02
3.378419260461146e-02
3.961031108669807e-02
3.959622285438261e-02
3.823770100274455e-02
7.198164157464654e-07
3.388246431621343e-02
9.827523949919408e-03
9.784547842425254e-03
-5.259648710678430e-06
6.856918581715921e-05
-1.520275285218531e-05
3.387980343315808e-02
4.670403575695117e-05
9.848573671809595e-03
9.900821037166387e-03
-7.616416356982923e-06
3.379680437946538e-02
-3.201724152958651e-05
7.400778401212621e-06
9.784263206324301e-03
6.367006110219790e-06
3.382982579667346e-02
3.381295913236943e-02
9.516945317158489e-06
9.826539489658453e-03
8.251941803099381e-03
9.792320737292434e-03
8.136327006487245e-03
9.805818655999523e-03
-7.135755042021017e-05
5.488513197815203e-05
-1.133468680716767e-04
3.376854932158338e-02
3.386150197614432e-02
3.397865018527928e-02
3.965550468057814e-02
3.960520674580597e-02
9.824872451254182e-03
6.297079868795485e-05
9.810797521663228e-03
-2.825541702370219e-05
9.784812285661871e-03
2.717225400547922e-05
8.349782119705782e-03
9.785629653654333e-03
8.499736520987495e-03
9.764556761282872e-03
8.193986633920534e-03
9.838571847013538e-03
4.105198430159890e-05
3.380710115919754e-02
3.390276785612876e-02
9.833289366808697e-03
-8.775401463407306e-05
8.062165941952019e-03
9.821156030365437e-03
-7.972290567950387e-05
3.380931255565591e-02
5.855557916043641e-06
9.836735607552707e-03
9.902420552456166e-03
8.143585691483036e-03
7.795170696379638e-03
-9.784953583226463e-05
9.875171128633507e-03
9.806001147979830e-03
7.860133300986991e-03
8.339778992804029e-03
-1.323751023907691e-04
4.992882583943721e-05
7.929295439343880e-03
9.880366884781194e-03
9.776266721720892e-03
-7.000137866331179e-05
-5.117089502506875e-05
3.385512306796251e-02
3.389213043913659e-02
-7.940404832341017e-05
1.770188512181609e-05
9.731533386813719e-03
1.023790291679123e-02
8.265817740681006e-03
3.392230329876491e-02
3.962738922918101e-02
3.822866604455630e-02
3.822447165321664e-02
3.856219599850358e-02
3.855992058921730e-02
3.849999999999999e-02
3.849999999999999e-02
3.962054827592646e-02
3.963832903572662e-02
3.823080724029947e-02
3.394087395542014e-02
6.185899674550269e-05
3.383643469568381e-02
3.822647652459398e-02
3.962729645296630e-02
3.964852880346775e-02
3.822393801662857e-02
3.822568450754545e-02
3.962808645268472e-02
3.390528640728140e-02
3.961807590202820e-02
3.959332797143519e-02
3.394234574379901e-02
3.397204090756908e-02
3.397344099989053e-02
3.963544562481770e-02
3.822441531560068e-02
3.962196961783890e-02
3.822704847982729e-02
3.856045552204297e-02
3.856226701290123e-02
3.850000000000000e-02
3.822596006797120e-02
3.960686800122082e-02
3.964685703014487e-02
3.822187586159224e-02
3.965091806703178e-02
3.377912075990229e-02
3.822238177248099e-02
3.963512786362153e-02
3.822190648150264e-02
3.856133127092942e-02
3.850000000000000e-02
3.849999999999999e-02
3.822670653359939e-02
3.960584302062022e-02
3.822701717120041e-02
3.821944643992163e-02
3.963261965602880e-02
3.964300617321918e-02
3.821884159883152e-02
3.965752870145036e-02
3.822512225161397e-02
3.962785104875555e-02
3.856169974018386e-02
3.856216393410056e-02
3.849999999999999e-02
3.966822199752399e-02
3.822311541036504e-02
3.822947246730609e-02
3.856273396822651e-02
3.849999999999999e-02
3.850000000000000e-02
3.822004027989158e-02
3.856085010550086e-02
3.850000000000000e-02
3.856144371835852e-02
3.856420604731006e-02
3.850000000000000e-02
3.850000000000000e-02
3.822133937914965e-02
3.960431216201599e-02
3.822970999318567e-02
3.822931804183966e-02
3.963016284984597e-02
3.964257423278148e-02
3.822358834138000e-02
3.963332918049400e-02
3.822751276870532e-02
3.961634544001440e-02
3.966574655794268e-02
3.822369367161513e-02
3.822067403541477e-02
3.823011923932875e-02
3.856237146884933e-02
3.850000000000000e-02
3.856180661242623e-02
3.850000000000000e-02
3.822641708973112e-02
3.962256338757856e-02
3.394135756076357e-02
3.392003228780806e-02
3.962456891649211e-02
3.965075744808653e-02
3.378860792586624e-02
3.822338171895671e-02
3.964594013909337e-02
3.388948623463751e-02
3.965354182878007e-02
3.961731132572752e-02
3.378240276699759e-02
3.366334638314878e-05
3.967138353189602e-02
3.962529215981582e-02
3.956365467258021e-02
3.380132530345039e-02
3.392175190636047e-02
3.964454347499235e-02
3.963260400253785e-02
3.856209601600052e-02
3.849999999999999e-02
3.388056971656220e-02
3.398051991355586e-02
3.960034758518759e-02
3.403124096990599e-02
-4.528837680992971e-05
3.961459282285044e-02
3.965868034582522e-02
3.822354152638913e-02
3.822097162320035e-02
3.856251395750572e-02
3.856378747563426e-02
3.850000000000001e-02
3.856185534303479e-02
3.850000000000000e-02
3.964168650815710e-02
3.822649542168146e-02
3.856243871892716e-02
3.856020424596652e-02
3.850000000000000e-02
3.961550758627311e-02
3.967385559874325e-02
3.374381957621237e-02
3.380670785152355e-02
3.961865976802976e-02
3.821847685019038e-02
3.822165640839762e-02
3.962149988499899e-02
3.384733950297412e-02
-4.250952754274908e-05
3.389771564493639e-02
3.960133825302409e-02
3.390925284589043e-02
3.390598988758228e-02
-6.471502210998559e-05
-1.379135876882060e-04
3.962861443987653e-02
3.389679232579998e-02
3.961546214095901e-02
3.393727812681234e-02
-8.323139728589928e-06
3.948603490955459e-05
3.958574248600595e-02
1.044550734942421e-02
8.255147354475884e-03
1.030907582595641e-02
9.783596250746006e-03
3.963301723155636e-02
3.967229289228744e-02
3.379046953579175e-02
3.963536082200678e-02
3.822188097734006e-02
3.962872307238277e-02
3.962453112164321e-02
3.822640642506882e-02
3.856194097717107e-02
3.856299882666733e-02
3.849999999999999e-02
3.822493258647778e-02
3.821702006078866e-02
3.856325703854733e-02
3.850000000000000e-02
3.856491266518613e-02
3.850000000000000e-02
3.855948731349185e-02
3.850000000000000e-02
3.850000000000000e-02
3.821533742810030e-02
3.823631931030640e-02
3.821864974438152e-02
3.855799456037853e-02
3.850000000000000e-02
3.823749475552710e-02
3.822954203493897e-02
3.855956012393822e-02
3.850000000000000e-02
3.856070957608972e-02
3.856239477875018e-02
3.850000000000000e-02
3.856037583059797e-02
3.850000000000000e-02
3.849999999999999e-02
3.856312766678572e-02
3.850000000000000e-02
3.822522212713782e-02
3.856069203501179e-02
3.850000000000000e-02
3.850000000000001e-02
3.856056562814334e-02
3.849999999999999e-02
3.823216684638579e-02
3.823565464066560e-02
3.856022271646966e-02
3.850000000000000e-02
3.855948306214214e-02
3.849999999999999e-02
3.855937193311235e-02
3.849999999999999e-02
3.822746121672002e-02
3.823340176526183e-02
3.856172898505671e-02
3.855879023645645e-02
3.850000000000000e-02
3.850000000000000e-02
3.823492631090971e-02
3.822854650367088e-02
3.856093739453579e-02
3.850000000000000e-02
3.856181017080011e-02
3.850000000000001e-02
3.850000000000001e-02
3.822356553406960e-02
3.821810705945324e-02
3.856337213541520e-02
3.856303261773605e-02
3.856194777877366e-02
3.849999999999999e-02
3.856062390830167e-02
3.856216251978296e-02
3.850000000000000e-02
3.850000000000000e-02
3.856143124862974e-02
3.855948607531236e-02
3.850000000000000e-02
3.823039368070841e-02
3.822888110046249e-02
3.850000000000001e-02
3.849999999999999e-02
3.855970302735399e-02
3.849999999999999e-02
3.960462341720489e-02
3.823218014443500e-02
3.822911713771755e-02
3.388678465746850e-02
3.856430697139979e-02
3.850000000000000e-02
3.856227959866147e-02
3.850000000000000e-02
3.822767031388257e-02
3.856114684479414e-02
1.041967566413020e-02
1.078758484991828e-02
1.100981429503839e-02
1.028334158045421e-02
1.026361498162448e-02
3.856219058496261e-02
3.856225318943569e-02
3.850000000000000e-02
3.849999999999999e-02
3.856062061448785e-02
3.849999999999999e-02
3.856282941093851e-02
3.822391365587599e-02
3.964211967970534e-02
3.856041896308186e-02
3.850000000000000e-02
3.821929141327254e-02
3.856173795477155e-02
3.822645391632424e-02
3.850000000000000e-02
3.850000000000000e-02
3.856196143204574e-02
3.856246246350009e-02
3.856222608151522e-02
3.856156286949578e-02
3.850000000000000e-02
3.850000000000000e-02
3.849999999999999e-02
3.856168178750563e-02
3.822376315340731e-02
3.856269261205673e-02
3.856040560305208e-02
3.849999999999999e-02
3.849999999999999e-02
3.850000000000000e-02
3.856040018115088e-02
3.856329838615730e-02
3.822313678010868e-02
3.822235290537347e-02
3.963088128209440e-02
3.850000000000000e-02
3.849999999999999e-02
3.822654777833359e-02
3.856273612811690e-02
3.855910812121437e-02
3.823049447060287e-02
3.850000000000000e-02
3.850000000000000e-02
3.850000000000001e-02
3.856055234881182e-02
3.856273420459076e-02
3.822422346498613e-02
3.964506280077817e-02
3.822631779775999e-02
3.850000000000000e-02
3.849999999999999e-02
8.659690980020692e-03
1.047876623900640e-02
1.051039004841717e-02
1.051194720080880e-02
1.117221381567820e-02
1.227045568183255e-02
1.103045852520607e-02
1.048223953836139e-02
8.123503197272126e-03
8.334685090944920e-03
9.871268126228393e-03
-1.543145300467235e-04
3.399957284370577e-02
3.394424577772123e-02
3.823943970610075e-02
3.957265605888081e-02
3.960526395750935e-02
3.962663048950514e-02
3.822329629217920e-02
3.856229748466888e-02
3.822279545290126e-02
3.966320559385953e-02
3.849999999999999e-02
3.856238543270252e-02
3.850000000000000e-02
3.823278816300432e-02
3.856194192221744e-02
3.822372973613687e-02
3.850000000000001e-02
3.850000000000000e-02
3.856162130720875e-02
3.823212101137961e-02
3.849999999999999e-02
3.849999999999999e-02
3.856057742309892e-02
3.856198124135460e-02
3.822795242697308e-02
3.855869207883312e-02
3.823156686510718e-02
3.850000000000001e-02
3.850000000000000e-02
3.849999999999999e-02

LAM  1  1102  double
-3.872202134928969e-03
-3.836613545121991e-03
-3.805724638464077e-03
-3.826142116785104e-03
-3.764284864315635e-03
-3.822188849917007e-03
-3.867820314131442e-03
-4.019004610699089e-03
-3.698473131837595e-03
-3.922221310219448e-03
-3.803288275885174e-03
-3.686485366757534e-03
-3.764587242519044e-03
-3.819513619249465e-03
-3.924285930169398e-03
-3.957256646594346e-03
-3.786681087441163e-03
-3.780558223139209e-03
-4.028554390594017e-03
-3.723417534350031e-03
-4.033133122033739e-03
-3.779974414745316e-03
-3.836791581403500e-03
-3.816192317122811e-03
-3.786816386020390e-03
-3.775379243017706e-03
-4.009262369240868e-03
-3.863424940948611e-03
-3.864919839577744e-03
-3.732158978719210e-03
-3.835674288960975e-03
-3.748907907480542e-03
-3.721333880274443e-03
-3.771024366836621e-03
-3.743777042494223e-03
-3.793678868988606e-03
-3.797947990478671e-03
-3.838440132072266e-03
-3.982556648139857e-03
-3.754944881665651e-03
-3.682011430426147e-03
-3.827920543556044e-03
-3.809915934205674e-03
-3.889082516681477e-03
-3.972795509232020e-03
-3.815054087888015e-03
-3.798125514518484e-03
-3.818392297840542e-03
-3.735650389087148e-03
-3.742005381465185e-03
-3.875612515208523e-03
-3.871240774684843e-03
-3.847629353903302e-03
-3.841188798294833e-03
-3.750205628211089e-03
-3.866673100233655e-03
-3.911582944800080e-03
-3.785394291449403e-03
-3.809845477973950e-03
-3.843271889529719e-03
-3.796372546819368e-03
-3.907473791443186e-03
-3.829382256537958e-03
-3.821760896636023e-03
-3.821451057569662e-03
-3.859569996369008e-03
-3.798308389896625e-03
-3.823433719350619e-03
-3.816842246668091e-03
-3.786534669776745e-03
-3.795164848301065e-03
-3.757937381169681e-03
-3.766363224823848e-03
-3.757100181740876e-03
-3.764569579964188e-03
-3.768701744755676e-03
-3.820111071989051e-03
-3.857507334521311e-03
-3.945767024058451e-03
-3.807384929606156e-03
-3.855096276824491e-03
-3.884158036490584e-03
-3.800296030886449e-03
-3.761539252245056e-03
-3.776305854265645e-03
-3.800260055881890e-03
-3.779624454217876e-03
-3.767102133356043e-03
-3.790084246936755e-03
-3.873984280217788e-03
-3.797240717001849e-03
-3.878099172596723e-03
-3.778645360317584e-03
-3.827896795445966e-03
-3.720554500514215e-03
-3.874987901636664e-03
-3.796696877217096e-03
-3.919450056353984e-03
-3.782184181693695e-03
-3.785232448634700e-03
-3.940337586764245e-03
-3.919213863917507e-03
-3.767187714820456e-03
-3.839253608481578e-03
-3.833717527491009e-03
-3.806680624775194e-03
-3.756734089511007e-03
-3.768899637838207e-03
-3.761510631437398e-03
-3.772371487207644e-03
-3.776900074051894e-03
-3.763720257377110e-03
-3.788962671050403e-03
-3.776393521085444e-03
-3.769813876416369e-03
-3.903528747630361e-03
-3.826386536558266e-03
-3.831068038876471e-03
-3.886657179851814e-03
-3.741355789745779e-03
-3.778192733361101e-03
-3.781575243714149e-03
-3.760579898920753e-03
-3.750144372414540e-03
-3.776903050468374e-03
-3.775714790929888e-03
-3.768396422539687e-03
-3.758247012617566e-03
-3.765751763988494e-03
-3.815001406415287e-03
-3.776940612000652e-03
-3.787986458409270e-03
-3.769943677626653e-03
-3.763807837408581e-03
-3.757951579607397e-03
-3.807862689074047e-03
-3.783362971031592e-03
-3.807012609041295e-03
-3.809165676583813e-03
-3.778382968580715e-03
-3.813275769889316e-03
-3.751096703754750e-03
-3.776150527194144e-03
-3.798446851806877e-03
-3.827746777933701e-03
-3.793400941464689e-03
-3.774932299436747e-03
-3.807390617911273e-03
-3.870120096084582e-03
-3.858677701617783e-03
-3.742328632569423e-03
-3.876115636553653e-03
-3.706928941764435e-03
-3.834805662008204e-03
-3.800060986152464e-03
-3.828660751809538e-03
-3.921833837363584e-03
-3.860192292949906e-03
-3.821117280626499e-03
-3.779322835052739e-03
-3.859114952872779e-03
-3.837026377618272e-03
-3.773972229497222e-03
-3.953173459387784e-03
-3.842052240371404e-03
-3.822169969367423e-03
-3.781792863234329e-03
-3.798883300567691e-03
-3.786357145806404e-03
-3.967246442535307e-03
-3.778829218959040e-03
-3.781079813997091e-03
-3.776294280457638e-03
-3.991131313659412e-03
-3.831894421650813e-03
-3.832931944740896e-03
-3.802891628597524e-03
-3.791498212004522e-03
-3.777970828697907e-03
-3.854855267321732e-03
-3.883425070721171e-03
-3.788442241976596e-03
-3.891747253604892e-03
-3.895548123171331e-03
-3.907046417082921e-03
-3.690169355629801e-03
-3.962390557504803e-03
-3.783291988878163e-03
-3.796371346530081e-03
-3.820968370826546e-03
-3.825788931946675e-03
-3.822359269432942e-03
-3.766866631016640e-03
-3.780922349238581e-03
-3.793532834067366e-03
-3.811421851239727e-03
-3.801555847883016e-03
-3.801552661345825e-03
-3.815351983141857e-03
-3.865192708112963e-03
-3.697955085563662e-03
-3.807493312499848e-03
-3.896990605491195e-03
-3.773089338660005e-03
-3.842910052406026e-03
-3.849969917127570e-03
-3.784055070747200e-03
-3.791401933129856e-03
-3.861011054999357e-03
-3.901349102941291e-03
-3.919949701542887e-03
-3.700937788160178e-03
-3.885142593772135e-03
-3.930630902957971e-03
-3.811468523620164e-03
-3.847669492661340e-03
-3.827829150015139e-03
-4.009435661819405e-03
-4.099205286875562e-03
-3.825807423256400e-03
-3.789157195229523e-03
-3.811543600225077e-03
-4.075586350384014e-03
-3.947866232294678e-03
-4.013350137690728e-03
-3.921179231866706e-03
-3.661171224769663e-03
-3.910110721838704e-03
-3.716230599032981e-03
-3.890261422321168e-03
-3.937090580490341e-03
-3.860326109922461e-03
-3.982600004773169e-03
-3.907100933615834e-03
-3.847108713570793e-03
-3.759329404054622e-03
-3.846565529085660e-03
-3.937663938658748e-03
-3.810757582449016e-03
-3.769432578672345e-03
-3.791014957734663e-03
-3.752070322088950e-03
-3.861081086539788e-03
-3.797647623950767e-03
-3.799649019749483e-03
-3.768487818027176e-03
-3.763881761682335e-03
-3.784104971844965e-03
-3.773057414896416e-03
-3.760151544577605e-03
-3.775576099794246e-03
-3.785508629677983e-03
-3.791791214649350e-03
-3.778481236605365e-03
-3.805352368111874e-03
-3.846442533366072e-03
-3.793565598812503e-03
-3.838156650151781e-03
-4.056487366971045e-03
-3.849135723730553e-03
-3.719754447615603e-03
-3.760363951846562e-03
-3.799396428645374e-03
-3.719260483176846e-03
-3.750861211998066e-03
-3.889137717598139e-03
-3.925106297478960e-03
-3.917721098564846e-03
-3.768116185584449e-03
-3.763239596485253e-03
-3.765844808985820e-03
-3.760773746274440e-03
-3.938991822624926e-03
-3.826552876393640e-03
-3.845686335439687e-03
-3.894089903809121e-03
-3.737134507147266e-03
-3.888585727304047e-03
-3.837304511121937e-03
-3.726153578841893e-03
-3.852878524499097e-03
-3.911604755533556e-03
-3.807786259971818e-03
-3.782392112069204e-03
-3.815996934951616e-03
-3.823802767425807e-03
-3.806540659445742e-03
-3.890661363361122e-03
-3.793054200885924e-03
-3.811847705180422e-03
-3.775524049385480e-03
-3.989326997505580e-03
-3.773997415411969e-03
-3.838947846034117e-03
-3.766687239337454e-03
-3.835310588654015e-03
-3.797224056138504e-03
-3.807159211958004e-03
-3.778093023130042e-03
-3.774180627838296e-03
-3.794127477815596e-03
-3.752758189404969e-03
-3.788794168674429e-03
-3.812304185717125e-03
-3.784226356689154e-03
-3.799711264907677e-03
-3.849688543284449e-03
-3.806844896390802e-03
-3.847644507036509e-03
-3.935905439204175e-03
-3.892694805832157e-03
-3.771035831429063e-03
-3.767798238215915e-03
-3.766284982908900e-03
-3.758580830940396e-03
-3.766857810855326e-03
-3.792567868943089e-03
-3.754581549887905e-03
-3.795332904492371e-03
-3.819517476037525e-03
-3.780201033544894e-03
-3.759383814006169e-03
-3.791921195963081e-03
-3.761769628559035e-03
-3.756527207749704e-03
-3.815007604802329e-03
-3.782385904971258e-03
-3.761338476502079e-03
-3.789481188718909e-03
-3.825919808874516e-03
-3.812396851323786e-03
-3.752621308304495e-03
-3.859344285560632e-03
-3.797073754597744e-03
-3.781764211439592e-03
-3.780551972169650e-03
-3.866857674593732e-03
-3.799923676846930e-03
-3.745603944250485e-03
-3.824776830232505e-03
-3.875578496821831e-03
-3.768546665441412e-03
-3.771562075096240e-03
-3.859832010683318e-03
-3.931050774673795e-03
-3.875359482045617e-03
-3.742431531937982e-03
-3.756962473508936e-03
-3.830903778937288e-03
-3.820766617549818e-03
-3.775898803662134e-03
-3.831205213447683e-03
-3.767193451662569e-03
-3.797838274972561e-03
-3.807771564466626e-03
-3.754094366494452e-03
-3.862336465667747e-03
-3.882645405024176e-03
-3.801124085460060e-03
-3.865233691792663e-03
-3.771727135824015e-03
-3.950559889208764e-03
-3.873053730616351e-03
-3.809771735507301e-03
-3.826617154089188e-03
-3.844783823312965e-03
-3.771444876585802e-03
-3.765598373227522e-03
-3.946133303371614e-03
-3.764139701365508e-03
-3.805475711166979e-03
-3.774937663551749e-03
-3.829798944327572e-03
-3.787988310640172e-03
-3.878998972569375e-03
-3.788299794345873e-03
-3.794244612404878e-03
-3.863834241286228e-03
-3.974329045824475e-03
-3.774507109446064e-03
-3.794278567371022e-03
-3.784133525421157e-03
-3.779350822361166e-03
-4.029688638501612e-03
-3.801568576026750e-03
-3.843831911896572e-03
-3.835852359036883e-03
-3.710830734025320e-03
-3.749398850221037e-03
-3.729816647624718e-03
-3.895227176408479e-03
-3.913380958498083e-03
-3.737535744963902e-03
-3.874350375985678e-03
-3.853381243601310e-03
-3.733972145861120e-03
-3.812332969119534e-03
-3.869546487974621e-03
-3.847507807723274e-03
-3.726619776266284e-03
-3.946685673593773e-03
-3.795887534981595e-03
-3.846872659011618e-03
-3.854460159482430e-03
-3.774635922448471e-03
-3.810175950473690e-03
-3.914473052263306e-03
-3.818491875815825e-03
-3.884949788095933e-03
-3.832572193969652e-03
-3.751042813612601e-03
-3.786591595530444e-03
-3.857807347821927e-03
-3.753079384440115e-03
-3.804170715577038e-03
-3.783440266586275e-03
-3.786468827636995e-03
-3.764494269838091e-03
-3.767896154294883e-03
-3.775750511023101e-03
-3.763183451646078e-03
-3.856743760030667e-03
-3.768951907216486e-03
-3.817839310494514e-03
-3.810429727379922e-03
-3.767897072880110e-03
-3.885310081085745e-03
-3.819366389505818e-03
-3.756729557164557e-03
-3.887911068095932e-03
-3.908118111976142e-03
-3.828824222219362e-03
-3.749874791409735e-03
-3.856657395650451e-03
-3.774320586460989e-03
-3.937691900382061e-03
-3.936836655169613e-03
-3.798586713983301e-03
-3.867841876010664e-03
-3.813285460060853e-03
-3.849418232424903e-03
-3.883415515599181e-03
-3.846477592640776e-03
-3.772533325477129e-03
-3.863200100002059e-03
-3.774392931682625e-03
-3.811526204488962e-03
-3.826302830147982e-03
-3.842912580169227e-03
-3.776164882551572e-03
-3.813922715927846e-03
-3.900581485699307e-03
-3.815962978288362e-03
-3.915410886658243e-03
-3.893292567429292e-03
-3.851203052367053e-03
-3.788309494816833e-03
-3.764563970884914e-03
-3.828525096391120e-03
-3.828200984741364e-03
-3.769025858792383e-03
-3.833598396142616e-03
-3.786679868796619e-03
-3.866138962972537e-03
-3.834025734751192e-03
-3.695071292633184e-03
-3.902186518384763e-03
-3.903025910216556e-03
-3.938165734267068e-03
-3.940669749458547e-03
-3.866676610939195e-03
-3.798763213997080e-03
-3.958225600408389e-03
-3.796653464689802e-03
-3.834387297722289e-03
-3.793081904992067e-03
-3.785474118593864e-03
-3.778286606569742e-03
-3.865565699096989e-03
-3.721289935309247e-03
-3.961831673614912e-03
-3.777212066444149e-03
-3.841595013610903e-03
-3.865247644927554e-03
-3.766442928378612e-03
-4.054988240139655e-03
-3.731621730978401e-03
-3.831824765755578e-03
-3.721705802847528e-03
-3.901527978897527e-03
-3.838821433687788e-03
-3.916699222162896e-03
-3.940353070269245e-03
-3.776077020474149e-03
-3.821076192005901e-03
-3.779460329686160e-03
-3.742151551483425e-03
-4.024448512453826e-03
-3.905839680485219e-03
-3.747394131862167e-03
-3.907599018217443e-03
-3.698201582914023e-03
-3.707049242407713e-03
-3.765740311051523e-03
-3.702692359828784e-03
-3.822507590710578e-03
-3.800712805286560e-03
-3.760472870676915e-03
-3.804709411936764e-03
-3.778758396852604e-03
-3.824498027135118e-03
-3.786134136354395e-03
-3.716621518681824e-03
-3.791831475470232e-03
-3.897818457361157e-03
-3.821981912605856e-03
-3.884077819440813e-03
-3.964247628809980e-03
-3.778833378976212e-03
-3.827915844813647e-03
-3.712838922493381e-03
-3.824216773323027e-03
-3.983248653258855e-03
-3.753125370675978e-03
-3.711253136878826e-03
-3.806826631603699e-03
-3.753943099424459e-03
-3.921070370475854e-03
-3.752831086919232e-03
-3.947980216283877e-03
-2.560837224348018e-03
-2.542783833777981e-03
-3.970431668013145e-03
-3.845712875680603e-03
-3.951275227747455e-03
-3.749219575615729e-03
-3.791096372058200e-03
-3.805941180614248e-03
-3.910818509703858e-03
-3.801815234949309e-03
-3.841188922416041e-03
-3.842505665745298e-03
-3.732573580266567e-03
-3.848944708877320e-03
-3.992670614775283e-03
-3.721547863426726e-03
-2.542119693244917e-03
-3.993117037694507e-03
-3.981520836897623e-03
-2.530803586377464e-03
-3.812326191800474e-03
-3.822757486160324e-03
-3.982808986625460e-03
-4.082952549690155e-03
-2.539672661088154e-03
-2.542416465518324e-03
-3.841388284660396e-03
-3.700220015286794e-03
-3.748134942318018e-03
-3.835771531495575e-03
-3.780957208061860e-03
-3.977251892894090e-03
-3.948926197782070e-03
-3.681312363865501e-03
-3.723177243659257e-03
-3.739147172222016e-03
-3.673488340539404e-03
-3.892434297856846e-03
-2.344944610962404e-03
-2.350995716631077e-03
-4.258246283011036e-03
-4.230019780425818e-03
1.000000000000000e-03
-4.228483549739169e-03
1.000000000000000e-03
1.000000000000000e-03
-3.714796605656879e-03
-3.975134734507731e-03
-3.810298563304334e-03
-3.751653523668699e-03
-3.777433589470768e-03
-3.957260981271199e-03
-3.730933332151872e-03
-3.864231174659114e-03
-3.943758401943838e-03
-3.987767762177318e-03
-3.907158585326985e-03
-3.776793374999341e-03
-3.795627548362086e-03
-3.807756226686600e-03
-4.007852745973204e-03
-3.760811089290522e-03
-3.911427272256080e-03
-4.032459322531531e-03
-3.807727569209209e-03
-3.856009859133335e-03
-3.764859212831290e-03
-3.956478285931757e-03
-3.782878246487972e-03
-3.747983503143336e-03
-3.947044796866550e-03
-4.036564530182867e-03
-4.084932426021515e-03
-2.529137791210747e-03
-3.834660024070601e-03
-3.825202547411954e-03
-2.559361853719662e-03
-3.969763341546031e-03
-3.999525011738293e-03
-2.530707438975844e-03
-4.001342347609412e-03
-4.040487072020749e-03
-2.516091232725077e-03
-4.035809219240193e-03
-3.826664630035691e-03
-3.819601930325596e-03
-2.532211694200282e-03
-3.938731811591471e-03
-2.559349084623110e-03
-3.823263289196150e-03
-2.563350401160128e-03
-3.921756037138874e-03
-4.073926810482705e-03
-2.560405887419537e-03
-3.841694207750206e-03
-2.562040495152837e-03
-3.959400313240227e-03
-2.517540804218940e-03
-4.071060405724214e-03
-2.515309534911671e-03
-3.824438954482550e-03
-2.560631206962295e-03
-4.055692492922746e-03
-2.503518722799280e-03
-3.838500192591094e-03
-3.822361265709025e-03
-4.042263569351181e-03
-2.499607105431938e-03
-3.824044218913237e-03
-4.054421392078593e-03
-4.068877052275772e-03
-2.535640665192184e-03
-2.553160355580766e-03
-3.966123893698318e-03
-2.507656278265742e-03
-4.018010278796171e-03
-2.485410080874375e-03
-2.568149856380076e-03
-3.915863940375830e-03
-4.082445184339304e-03
-3.802918385080421e-03
-3.839070603605468e-03
-4.064710472284356e-03
-2.528412485661921e-03
-3.961549490965065e-03
-2.528143392633297e-03
-3.825050560972843e-03
-3.835591254716564e-03
-2.515752853419729e-03
-2.549498267469328e-03
-3.852596262173067e-03
-3.799698326129058e-03
-3.847622126628791e-03
-2.564149455731597e-03
-2.579683023807691e-03
-2.586898028871142e-03
-2.584059563503283e-03
-3.831754692683221e-03
-3.814905833094726e-03
-2.584764547007688e-03
-2.503667320237058e-03
-2.523639930861484e-03
-3.818566229192254e-03
-3.787353354576692e-03
-2.356433125321145e-03
-4.062895561257592e-03
-2.571902128677956e-03
-3.851684579469898e-03
-3.790346070485208e-03
-3.961492981942895e-03
-3.897678953940144e-03
-3.973169051875934e-03
-2.547742353376780e-03
-3.949614594734448e-03
-3.742793792321332e-03
-3.803557962586688e-03
-3.898550111064847e-03
-2.558236941024123e-03
-3.932927391573179e-03
-3.913616096617571e-03
-3.742161475211089e-03
-4.017509118934449e-03
-2.546147966836369e-03
-2.528845779151059e-03
-3.889206885897875e-03
-3.811300351870410e-03
-3.778563784618743e-03
-3.692493372216928e-03
-3.647782459594458e-03
-3.748070527620879e-03
-3.987634939981266e-03
-3.984302375843175e-03
-3.958642086889212e-03
-2.580719348636973e-03
-2.534539416423528e-03
-2.566950184205601e-03
-3.833569227075908e-03
-3.823366751691339e-03
-3.801995664992112e-03
-3.925479827498955e-03
-3.712804617683918e-03
-3.911739839078172e-03
-3.764274601905390e-03
-4.025626076343727e-03
-3.794702753229377e-03
-3.805570892017559e-03
-3.741628652176426e-03
-3.784286445390243e-03
-3.699089872375365e-03
-3.787222205426137e-03
-3.987496296654451e-03
-2.547960739390747e-03
-2.603913841401882e-03
-3.839313386393971e-03
-4.016385302797243e-03
-3.739214030982168e-03
-3.802663355274369e-03
-4.064743459039572e-03
-2.499038023347508e-03
-4.062153118743152e-03
-3.783661783057019e-03
-3.887192190358403e-03
-3.769091510382153e-03
-3.746592909852642e-03
-4.058934242789317e-03
-3.773311039609844e-03
-3.795000014609463e-03
-3.645997055831684e-03
-3.741538493207510e-03
-3.935431987995250e-03
-3.842603029460680e-03
-3.683505243995202e-03
-3.797734320108986e-03
-3.765458243200870e-03
-3.855531847835947e-03
-3.971553116126787e-03
-2.562668308239559e-03
-2.589739589260107e-03
-4.020370655775207e-03
-3.985746242933893e-03
-3.802986447187905e-03
-3.901071993939680e-03
-3.753547937853288e-03
-2.576575359543191e-03
-3.804607683361259e-03
-2.347751104468670e-03
-2.342651474908931e-03
-4.230233654906422e-03
-4.267289158832973e-03
1.000000000000000e-03
1.000000000000000e-03
-3.829875268357329e-03
-3.822478067565763e-03
-2.351141320959808e-03
-2.577699407858015e-03
-3.921557876542336e-03
-2.553926270758075e-03
-2.347285559274362e-03
-3.806772795230966e-03
-3.831880968643667e-03
-2.336218583722240e-03
-2.347450438671074e-03
-3.831919937990505e-03
-2.535493111927892e-03
-3.802747369124161e-03
-3.817339571188273e-03
-2.586498299011855e-03
-2.545991290120478e-03
-2.559624166015946e-03
-3.820781643260323e-03
-2.340280830897271e-03
-3.845506136525189e-03
-2.344281311489552e-03
-4.261050965100698e-03
-4.228053307867244e-03
1.000000000000000e-03
-2.344100014264977e-03
-3.847684614613814e-03
-3.862744167173232e-03
-2.336793957100090e-03
-3.826542488927605e-03
-2.535166099254813e-03
-2.340646332936570e-03
-3.837050237807115e-03
-2.336151772706445e-03
-4.260034904337556e-03
1.000000000000000e-03
1.000000000000000e-03
-2.345629938731165e-03
-3.844827584612090e-03
-2.343915910932537e-03
-2.332271284659920e-03
-3.849138531339558e-03
-3.826927090429250e-03
-2.330370251776875e-03
-3.840434963138735e-03
-2.341319495565623e-03
-3.868935985504638e-03
-4.264861866731167e-03
-4.250648099371276e-03
1.000000000000000e-03
-3.835482996470736e-03
-2.339789812471893e-03
-2.350390297135981e-03
-4.228447505105399e-03
1.000000000000000e-03
1.000000000000000e-03
-2.339390211812087e-03
-4.260384122097321e-03
1.000000000000000e-03
-4.253451798752150e-03
-4.230722702781206e-03
1.000000000000000e-03
1.000000000000000e-03
-2.338869249269392e-03
-3.856287383645595e-03
-2.345231462609574e-03
-2.350133474102691e-03
-3.809478443135921e-03
-3.850544518125093e-03
-2.339865289751241e-03
-3.817395674580611e-03
-2.347524069596399e-03
-3.818136312754662e-03
-3.841765891996156e-03
-2.337843978923197e-03
-2.338552873629495e-03
-2.347319146279373e-03
-4.226266553954300e-03
1.000000000000000e-03
-4.270589204910357e-03
1.000000000000000e-03
-2.343836037277679e-03
-3.806265705051698e-03
-2.606791780438102e-03
-2.546646841889126e-03
-3.806704063736594e-03
-3.833427803392288e-03
-2.546036846702963e-03
-2.345424397040789e-03
-3.846635099809194e-03
-2.556482067419750e-03
-3.823744324155060e-03
-3.835276889711618e-03
-2.535938864151550e-03
-4.027765233966940e-03
-3.865282673384443e-03
-3.809159376736993e-03
-3.812972442844739e-03
-2.551262343743386e-03
-2.562925784564249e-03
-3.817603269598587e-03
-3.840724130916479e-03
-4.242624599819537e-03
1.000000000000000e-03
-2.560103322069532e-03
-2.491989461022141e-03
-3.797961138762507e-03
-2.542997543473246e-03
-4.044643085736538e-03
-3.831817235127414e-03
-3.838960719707683e-03
-2.343142625125962e-03
-2.337582190734158e-03
-4.242825282846190e-03
-4.223387050885278e-03
1.000000000000000e-03
-4.253875027631341e-03
1.000000000000000e-03
-3.819773874508920e-03
-2.342853837292264e-03
-4.230633932193200e-03
-4.268108820271919e-03
1.000000000000000e-03
-3.842781037924258e-03
-3.853761011047711e-03
-2.513780246139330e-03
-2.535979554758533e-03
-3.828776485553507e-03
-2.330334101954400e-03
-2.337323781405202e-03
-3.829426664936901e-03
-2.535466811876177e-03
-3.895202355759552e-03
-2.583194715124855e-03
-3.853690536670647e-03
-2.554101266838805e-03
-2.522605578376334e-03
-4.005931048724581e-03
-3.996112025158666e-03
-3.811577685604299e-03
-2.561861693467436e-03
-3.827290787699620e-03
-2.552653774379945e-03
-3.945994520635709e-03
-3.883195632493841e-03
-3.844886231538902e-03
-3.812226946848526e-03
-3.752312255473954e-03
-3.986105937638544e-03
-3.762060077090045e-03
-3.831347181138998e-03
-3.837671092102071e-03
-2.530170349111084e-03
-3.814799089239459e-03
-2.338521261771067e-03
-3.829740603136589e-03
-3.821300467076677e-03
-2.345824893495840e-03
-4.261040057763903e-03
-4.243605937924500e-03
1.000000000000000e-03
-2.346269070183002e-03
-2.331259206512002e-03
-4.225197885150481e-03
1.000000000000000e-03
-4.234912353532197e-03
1.000000000000000e-03
-4.267120278963445e-03
1.000000000000000e-03
1.000000000000000e-03
-2.329045356128483e-03
-2.353419923655793e-03
-2.335129199520131e-03
-4.265220376259227e-03
1.000000000000000e-03
-2.354397880577937e-03
-2.345304589146040e-03
-4.227095647266001e-03
1.000000000000000e-03
-4.262571491332337e-03
-4.228013478175563e-03
1.000000000000000e-03
-4.260451679852773e-03
1.000000000000000e-03
1.000000000000000e-03
-4.228885742832784e-03
1.000000000000000e-03
-2.342801080555623e-03
-4.259414631622968e-03
1.000000000000000e-03
1.000000000000000e-03
-4.221251244168745e-03
1.000000000000000e-03
-2.349801120465790e-03
-2.357570643918995e-03
-4.260280292747362e-03
1.000000000000000e-03
-4.250188436432586e-03
1.000000000000000e-03
-4.259363930740559e-03
1.000000000000000e-03
-2.347197881645342e-03
-2.351508491288634e-03
-4.224679833222090e-03
-4.266460951738551e-03
1.000000000000000e-03
1.000000000000000e-03
-2.350204173643119e-03
-2.346544331655029e-03
-4.224787080223206e-03
1.000000000000000e-03
-4.262168744370994e-03
1.000000000000000e-03
1.000000000000000e-03
-2.338799131655128e-03
-2.333388239370745e-03
-4.232454680098938e-03
-4.225014191533632e-03
-4.250627814659786e-03
1.000000000000000e-03
-4.269562432160996e-03
-4.226312689143402e-03
1.000000000000000e-03
1.000000000000000e-03
-4.228379104240627e-03
-4.248023955315618e-03
1.000000000000000e-03
-2.351284012489235e-03
-2.346905083778760e-03
1.000000000000000e-03
1.000000000000000e-03
-4.250991601605583e-03
1.000000000000000e-03
-3.836979948014439e-03
-2.351754332851036e-03
-2.344714821669110e-03
-2.509060412844848e-03
-4.228119160750860e-03
1.000000000000000e-03
-4.225277105276281e-03
1.000000000000000e-03
-2.348674452655773e-03
-4.252535763942416e-03
-3.782500871896730e-03
-3.759488821536499e-03
-3.796988586867273e-03
-3.987107234943402e-03
-3.846366702153940e-03
-4.222059450881759e-03
-4.233840454132232e-03
1.000000000000000e-03
1.000000000000000e-03
-4.255645535266316e-03
1.000000000000000e-03
-4.222970923486631e-03
-2.342254886436434e-03
-3.830369260507118e-03
-4.255649895655057e-03
1.000000000000000e-03
-2.338520737731974e-03
-4.253619051409492e-03
-2.344088737566567e-03
1.000000000000000e-03
1.000000000000000e-03
-4.224668142386348e-03
-4.228205734569470e-03
-4.261991876121998e-03
-4.241954248943575e-03
1.000000000000000e-03
1.000000000000000e-03
1.000000000000000e-03
-4.220573433443239e-03
-2.343976304617989e-03
-4.243642144703661e-03
-4.258356706073583e-03
1.000000000000000e-03
1.000000000000000e-03
1.000000000000000e-03
-4.268258437739827e-03
-4.231992611173346e-03
-2.340617616960237e-03
-2.340179345214737e-03
-3.842593365906759e-03
1.000000000000000e-03
1.000000000000000e-03
-2.343841836108261e-03
-4.228935051697147e-03
-4.266532610203978e-03
-2.347476813887063e-03
1.000000000000000e-03
1.000000000000000e-03
1.000000000000000e-03
-4.260470778767545e-03
-4.224429774595946e-03
-2.343564589060147e-03
-3.813968882804214e-03
-2.346760858647148e-03
1.000000000000000e-03
1.000000000000000e-03
-3.749814566208335e-03
-3.767497049505763e-03
-3.990981863109560e-03
-3.977207510063392e-03
-3.750839451037989e-03
-3.930579656583007e-03
-3.714169454849355e-03
-3.915448553749511e-03
-3.719902417162796e-03
-3.818241765977032e-03
-3.753155693872702e-03
-4.029361158785339e-03
-2.523063191106250e-03
-2.528960508641299e-03
-2.357992016255480e-03
-3.838525259103622e-03
-3.827101827843253e-03
-3.811824931495200e-03
-2.341718274784554e-03
-4.251235374118028e-03
-2.335282834403441e-03
-3.839324112382473e-03
1.000000000000000e-03
-4.226878923534273e-03
1.000000000000000e-03
-2.347693394278991e-03
-4.227887922002850e-03
-2.342340522645022e-03
1.000000000000000e-03
1.000000000000000e-03
-4.232953219162506e-03
-2.352876922178798e-03
1.000000000000000e-03
1.000000000000000e-03
-4.219543101210772e-03
-4.225113773204983e-03
-2.342880079646298e-03
-4.249070732960436e-03
-2.351951069374445e-03
1.000000000000000e-03
1.000000000000000e-03
1.000000000000000e-03

FIELD FieldData 25
Ux  1  1102  double
-2.253459752160625e-06
1.939640756648542e-06
-7.945722777583097e-07
9.006555427987228e-07
3.652726519448590e-06
-2.566585813867928e-05
-2.844967869047865e-05
-2.568546027170715e-05
-2.685885601622084e-05
-2.459445886093814e-05
1.354386563889864e-05
1.057367949364174e-05
9.349044766987502e-06
7.643417694491728e-06
4.896345545041259e-06
6.030807770701641e-06
-9.852556513034738e-06
-1.067350303218806e-05
-7.717293469530762e-06
-7.380611307256091e-06
-1.280485455090741e-05
-7.792246131246849e-06
-6.810985367838862e-06
2.131211241451769e-05
1.917786109473241e-05
2.473267118130451e-05
2.260607439902307e-05
2.016108515862092e-05
2.433323838013646e-05
2.158322434203663e-05
2.893622940725038e-05
2.685566566040798e-05
2.785193463888946e-05
2.546586077389890e-05
2.101057812059492e-05
2.176781267343442e-05
-2.819893888994507e-05
-3.164560653601267e-05
-3.131128291639085e-05
-2.825116757954049e-05
-2.762869593614381e-05
-2.298384661314490e-05
-2.864057166013234e-05
-3.219622815420209e-05
-3.007313367281439e-05
-2.690957942169669e-05
-2.665367802523466e-05
-2.130822887969064e-05
-2.655673056140007e-05
1.104228592366252e-05
1.008675756226929e-05
1.342108126592412e-05
7.939702527992587e-06
1.219380227621136e-05
1.568895493697653e-05
1.660683974949451e-05
1.366399514071692e-05
9.811026579431559e-06
1.062716312785761e-05
1.680206917817340e-05
2.285738178303687e-05
2.263322412920932e-05
2.525582234480517e-05
1.989124977638812e-05
2.272106014011843e-05
1.985812855057056e-05
1.339724164798814e-06
-3.385318574911089e-07
4.315730866226442e-06
5.696038027150352e-06
-8.061864040856404e-06
-4.698257821081353e-06
-1.004591799523558e-05
-1.303738895475082e-05
-2.779477678894332e-06
-1.494275896229968e-05
3.405855527449653e-05
3.290594155158644e-05
3.406139902006888e-05
3.402116177608772e-05
3.418225657664253e-05
3.345004254867723e-05
3.327691130661226e-05
3.317191829727006e-05
2.452076963460614e-05
2.301318070618841e-05
9.573419355216051e-06
6.626739504217438e-06
2.497411981172704e-05
2.804914980497619e-05
2.755112558183725e-05
2.561063154538079e-05
2.802034496868222e-05
2.552335848643450e-05
3.202799722712424e-05
3.291734128235690e-05
3.071269209997673e-05
3.174052452653564e-05
3.156330552261943e-05
3.001358042437063e-05
3.030023934857962e-05
3.209175977142431e-05
2.965910699004315e-05
3.020505231515758e-05
2.903195667375291e-05
3.151516057015025e-05
-5.268890480941701e-06
-3.400989647680402e-06
-8.549341410729605e-06
-1.040358115067530e-05
-1.193101853941281e-05
-6.709751737728198e-06
-7.092280480833213e-06
-1.800904329624792e-06
3.271677668253981e-05
3.381543083991190e-05
3.359957743459541e-05
3.211591027946215e-05
3.099436124043287e-05
3.323691063072953e-05
1.426373837434824e-05
1.255568667819784e-05
7.283744287781002e-06
1.725376024216962e-05
1.552520680805913e-05
-1.593176324357626e-05
-8.029873283191963e-07
-6.049098165962496e-06
-1.102705715433361e-05
-4.042755108096818e-06
-9.017909217742814e-06
-4.097227623953321e-07
-3.709067012039324e-06
1.428968186598101e-06
-8.686922177161827e-06
-1.019791079012733e-05
-2.192930197118803e-06
-5.397183223690427e-06
-2.132187386588713e-05
-1.968382876837982e-05
-1.792502983741229e-05
-2.213120134383906e-05
-2.032895466819173e-05
-2.381855400312993e-05
-2.614292250263661e-05
-1.672527931737000e-05
-1.199060453835332e-05
-1.350596328966724e-05
2.409410377995913e-05
2.581915131300017e-05
2.623524759715057e-05
2.363826293350080e-05
2.130755357870884e-05
-2.998652207836239e-05
-3.177448082081202e-05
-2.987023329159566e-05
-3.184601648814622e-05
-2.778258742330841e-05
-2.763686983492386e-05
2.824188057409804e-05
2.603550543583966e-05
3.014642567755743e-05
2.903064216858153e-05
2.825754504637290e-05
-1.560790453919436e-05
-1.625027167204141e-05
-1.464903891029712e-05
-1.145526151970222e-05
-1.246899292983716e-05
-1.069702167727504e-05
-1.351417162845370e-05
-1.353250467722722e-05
-1.573312646685476e-05
-1.648147116078968e-05
-2.182540278253264e-05
-1.878941101526865e-05
-2.221995661427778e-05
-2.504671903214017e-05
-1.779692649295228e-05
-2.250304886133869e-05
-2.533092364692680e-05
-1.932340213064987e-05
1.888876173064546e-05
1.986638247852834e-05
1.678520696979380e-05
1.613725832094737e-05
1.733677322135474e-05
1.692969775293762e-05
1.396988797294774e-05
-2.462185393367622e-05
-2.721750635292786e-05
-2.636310740872227e-05
-2.938069704688795e-05
-2.374097290702704e-05
-2.088433206839935e-05
2.223416556718094e-05
1.921914143426795e-05
1.836447634678828e-05
2.144325608685604e-05
-2.886617040642747e-05
-2.714105467827022e-05
-2.902387060293998e-05
-2.721173541458954e-05
-3.075341647867935e-05
1.813039490977664e-05
1.444826624136253e-05
1.656274653949463e-05
1.249326863700384e-05
2.036881649014610e-05
1.099889788738762e-05
1.389083289937698e-05
1.088317434286279e-05
8.239388312319962e-06
1.065749006712302e-05
1.558999046158416e-05
1.418438183836690e-05
1.676107090631263e-05
9.396895237989700e-06
8.551875229745320e-06
-5.067362113073126e-06
-5.121096286225812e-06
-3.166201901924626e-06
-3.522386063603555e-06
-2.407827167219545e-06
-1.345931682085466e-06
2.167640351041777e-05
1.905322522319230e-05
1.895573984647680e-05
1.525193723111995e-05
1.635016925619071e-05
1.823213346008323e-05
2.098794639343593e-05
2.864587300405175e-05
2.961388802408260e-05
2.560543247753788e-05
2.619409364407188e-05
2.675086545017580e-05
3.014313867055751e-05
-2.950767182413605e-05
-2.328113335486881e-05
-2.324755959687286e-05
-2.834005103707904e-05
-2.318350741137287e-05
-2.269009007221934e-05
-1.979999511170227e-05
-1.832975453114338e-05
-1.674914775937064e-05
-1.373674314128492e-05
-1.527978188356482e-05
2.558422003773320e-05
2.310228170621098e-05
2.026863749240992e-05
1.891970169179413e-05
1.587328229130103e-05
2.423568994880387e-05
2.682159938882656e-05
2.349828134129428e-05
1.802890273711055e-05
2.346293796751109e-05
1.692407599429568e-05
2.069472789478777e-05
1.113624870915930e-05
1.272128701945707e-05
1.631515775868397e-05
1.420885613095946e-05
7.820567739402762e-06
8.573506249887064e-06
6.808142898662162e-06
3.985374276545273e-06
2.086772493525846e-06
-1.421769184979313e-06
5.165375671469311e-07
-2.660725424030730e-05
-2.486578333776857e-05
-2.411791506107264e-05
-2.488109713599806e-05
-3.340545294711061e-05
-3.378635389938989e-05
-3.301712879305585e-05
-3.206249471621181e-05
-3.287944365332196e-05
-3.121334184946756e-05
3.072288085381736e-05
2.954948327149598e-05
2.787751644695025e-05
2.652773916528295e-05
-1.654552928842534e-05
-1.957422492065986e-05
-1.938376174945300e-05
-2.221840112462403e-05
-1.860696131650297e-05
-2.144857653263443e-05
-7.018436298009134e-06
-5.054422661937563e-06
-3.163103224415598e-06
-1.421452943314860e-05
-1.205370309033393e-05
-9.691089948221654e-06
-1.176556362249281e-05
-7.645826155644464e-06
2.426921201897914e-05
2.258808652957911e-05
2.017735584497471e-05
2.183363087160384e-05
2.079830449386311e-05
1.844378939147573e-05
2.677669298578600e-05
2.877622677655012e-05
2.768313492307328e-05
2.984028413510753e-05
2.674764839716293e-05
3.040075102123119e-05
6.922589104979126e-08
3.352629364995752e-06
5.349720558656124e-06
1.060305165119513e-05
8.685465095401024e-06
-2.099086185550214e-06
2.764932830495725e-06
6.025185419943069e-06
9.739317710557444e-07
4.277958260377746e-06
1.645863242810686e-05
1.159010427061180e-05
1.358242061569315e-05
1.445996397561600e-05
1.229286293863430e-05
1.882245918927161e-05
1.070691910742827e-05
1.203101287909625e-05
1.525963525167429e-05
7.463483699551854e-06
8.820524511565786e-06
1.604725853912581e-05
1.293856368209112e-05
-3.122266198263279e-05
-3.272669956372320e-05
-3.042894457017109e-05
-3.305317577634304e-05
-3.315856535474060e-05
-5.744577916792781e-06
-7.880207558236263e-06
-3.892878152736423e-06
-1.443829988984069e-06
-6.005671129294399e-06
-9.611983602872409e-06
-7.512292023809097e-06
-1.627603288439916e-05
-2.054959634686937e-05
-1.392819419168689e-05
-1.834810520684460e-05
1.470984950865950e-05
1.674105310264795e-05
1.882400787761584e-05
1.021008803533952e-05
2.250964123307053e-05
2.100509481858803e-05
-5.513643189569706e-06
-4.244753719705174e-06
-2.239797774784835e-06
-7.612362039142312e-07
-2.590965864107675e-06
5.500185704934366e-07
-2.804410716583661e-05
-3.002596195156304e-05
-2.749519181277638e-05
-2.981500469612097e-05
-3.137456210811074e-05
-3.165746465239039e-05
2.670457474190230e-06
4.640130199615178e-06
7.562898801202755e-06
5.589080899766341e-06
-7.225008708505731e-06
-6.407221462848001e-06
-3.504904781723162e-06
2.982871162458475e-07
-9.846313364092474e-07
-4.569418549746351e-06
9.317259986735271e-06
1.262978199846609e-05
1.401772610618024e-05
1.720972665694709e-05
-1.706177969079681e-05
-1.386632646896424e-05
-1.024327379045564e-05
-1.191827863306072e-05
-1.135991990833252e-05
-1.472392995585659e-05
-1.528582805829237e-05
-2.593393286620671e-05
-2.813909955867722e-05
-2.600412982622924e-05
-2.333704387263991e-05
-2.387481789228874e-05
-2.098880868839359e-05
3.018334044202486e-05
3.151800433581764e-05
3.153409536266194e-05
3.206229706825825e-05
3.281840819763238e-05
3.192376912025674e-05
-3.191932269958064e-05
-3.071717180180844e-05
-3.345071760835205e-05
-3.260787912479080e-05
-3.424850692873571e-05
-3.397084344036738e-05
6.240262115708717e-06
1.038260503771760e-05
8.312507545862879e-06
8.179621534779025e-06
-2.870008685501579e-05
-2.516618240686053e-05
-2.750573654902722e-05
-2.923035921348349e-05
2.464653209435091e-06
1.096328446090200e-05
9.198794007694855e-06
7.644491264668929e-06
5.922119624870992e-06
-8.266623652219973e-06
-6.919685188330749e-06
-3.785766477339136e-06
-9.304429497286604e-06
-5.200818103567872e-06
-1.321706352636065e-05
-1.015859707158284e-05
-1.612298788536415e-05
-1.778586677181337e-05
-1.628197171799073e-05
-1.862247143080697e-05
-1.533811154269538e-05
-2.956972421325199e-05
-2.731222131679978e-05
-2.870470830323990e-05
-2.964280011946707e-05
-3.035945345586377e-05
-3.133385780473841e-05
-1.178679267710425e-05
-1.397933381944161e-05
-1.305741895693546e-05
-9.929447650866563e-06
-2.779405318276140e-05
-2.925112675339347e-05
-2.607814244576234e-05
-2.260421173844174e-05
-2.445335002931870e-05
2.752444897370643e-06
4.030304623495184e-06
7.605577535096941e-06
6.861465738763894e-06
1.015244469188535e-07
1.377721154296324e-06
4.967500450016316e-06
-2.551170090953070e-05
-2.417976819951706e-05
-2.213767511780040e-05
-1.998864711524884e-05
-1.840698835686716e-05
2.811341029163028e-05
2.949388913675577e-05
2.644608615215427e-05
2.780857720569019e-05
2.487217810812070e-05
4.579051643659182e-06
2.759484262350453e-06
6.334778096653282e-06
5.871582605593284e-06
2.943250518736007e-06
1.144536355458109e-06
4.387580249114176e-06
1.161206602051656e-05
1.402051485180356e-05
8.684076653636685e-06
6.371415323710994e-06
8.530212894652944e-06
4.144388531843179e-06
5.518966442547013e-06
6.699912690422138e-06
8.153522010098668e-06
8.607636020757647e-06
2.360812443605309e-06
5.899990402929989e-06
-5.063613892186680e-06
-2.834800551715366e-06
-2.044849270837340e-06
4.801387974760849e-08
-3.217999234456093e-05
-3.034102248883341e-05
-3.162828963898523e-05
-3.349673653074703e-05
-3.273887268800957e-05
-3.154496468815715e-06
-5.140360471028727e-06
-4.997710853854587e-06
-2.893194405835520e-06
-1.315188306191817e-06
2.208417238908078e-05
1.912823543859243e-05
2.451631570976609e-05
2.356102602102395e-05
2.082436807543386e-05
1.567751802905581e-05
2.884965968091846e-05
2.310196743493531e-05
2.313955769900344e-05
2.921340847616971e-05
2.940442112092656e-05
2.325631202459988e-05
2.326288234477669e-05
2.281419249550165e-05
2.870772032509405e-05
2.829375609786355e-05
3.119231224835151e-05
3.290814407458376e-05
3.164048861004076e-05
3.158980256867672e-05
2.248659308937140e-06
1.502197118238846e-06
4.003783490844071e-06
4.057820997660500e-06
1.857223092843752e-06
-2.663840869426837e-05
-2.751037320558591e-05
-2.144628632338996e-05
-2.209001649788878e-05
-3.022468114294297e-05
2.236276152139949e-05
1.269352544636115e-05
0.000000000000000e+00
0.000000000000000e+00
1.333997781766127e-05
0.000000000000000e+00
-3.242076076570566e-05
-3.339688516779127e-05
-3.329871961116337e-05
-3.411901986444255e-05
-3.400966954775209e-05
-1.797194731789631e-05
-1.340345194550396e-05
-1.493402202518146e-05
-1.951114272236154e-05
-1.623120866128813e-05
-8.244277320768045e-06
5.846330491457441e-06
0.000000000000000e+00
2.864707113497955e-06
3.977475888317095e-06
0.000000000000000e+00
1.266715373254845e-05
1.111021605731954e-05
7.795849527980625e-06
6.785846899531878e-06
0.000000000000000e+00
0.000000000000000e+00
0.000000000000000e+00
-2.760048538524851e-06
-8.431499331426617e-07
-1.420554532966661e-06
4.076819678199006e-07
-2.869932003782272e-07
2.684472739794552e-05
2.360427003234022e-05
2.319802914080293e-05
2.220383248613400e-05
2.707364039439275e-05
2.509206883311021e-05
0.000000000000000e+00
0.000000000000000e+00
0.000000000000000e+00
0.000000000000000e+00
0.000000000000000e+00
0.000000000000000e+00
0.000000000000000e+00
0.000000000000000e+00
3.439541031054205e-06
3.333557526206954e-06
2.483060068787790e-06
5.449900187193268e-06
1.626552786092306e-06
3.140995476780262e-05
3.329197176732412e-05
3.287426185744069e-05
3.230597924092082e-05
3.017658419729452e-05
3.182410061686181e-05
2.806046341957691e-05
2.848617662293274e-05
2.273568658028857e-05
1.317078394896809e-05
-2.248533907484029e-05
-2.268860742044021e-05
-2.046062793537029e-05
-2.003420318286153e-05
-2.120030694369168e-05
1.066497686116885e-05
1.518711302808673e-05
1.279137414783582e-05
1.471250167489613e-05
1.320177237074116e-05
1.234350684592433e-05
1.183742917043595e-05
0.000000000000000e+00
2.095724963296908e-05
2.013707971737499e-05
0.000000000000000e+00
1.340152610190826e-05
1.365617126097840e-05
0.000000000000000e+00
1.368151574754339e-05
-1.272986811151622e-05
0.000000000000000e+00
-1.275077667489688e-05
-2.197291082428610e-05
-2.254879994412207e-05
0.000000000000000e+00
1.319916131653498e-05
0.000000000000000e+00
0.000000000000000e+00
0.000000000000000e+00
-4.429656236704105e-06
-5.487760246170037e-06
0.000000000000000e+00
-8.652419836080449e-06
0.000000000000000e+00
-6.518949627554171e-06
0.000000000000000e+00
-7.248746672960937e-06
0.000000000000000e+00
0.000000000000000e+00
0.000000000000000e+00
-8.862877055315632e-06
0.000000000000000e+00
0.000000000000000e+00
0.000000000000000e+00
1.073931182038468e-05
0.000000000000000e+00
1.909755691442694e-05
9.894782189934226e-06
1.124788297013346e-05
0.000000000000000e+00
0.000000000000000e+00
-2.341991311632929e-06
0.000000000000000e+00
-3.361398476328659e-06
0.000000000000000e+00
0.000000000000000e+00
-4.476020228516564e-06
-1.204950654998260e-05
-1.961913027093143e-05
-2.055790551269698e-05
-1.176775504568850e-05
0.000000000000000e+00
5.887920562885895e-06
0.000000000000000e+00
0.000000000000000e+00
0.000000000000000e+00
0.000000000000000e+00
0.000000000000000e+00
0.000000000000000e+00
0.000000000000000e+00
0.000000000000000e+00
0.000000000000000e+00
0.000000000000000e+00
0.000000000000000e+00
0.000000000000000e+00
0.000000000000000e+00
0.000000000000000e+00
0.000000000000000e+00
0.000000000000000e+00
0.000000000000000e+00
0.000000000000000e+00
0.000000000000000e+00
0.000000000000000e+00
4.906835657431108e-06
0.000000000000000e+00
9.414444013033929e-06
7.714647115825146e-06
3.885731423486360e-06
-1.242852385524573e-05
-1.224165375013353e-05
0.000000000000000e+00
1.185437662937217e-05
2.016727860693068e-05
1.923638355177948e-05
1.132900721151353e-05
0.000000000000000e+00
1.254803456707254e-05
-1.303389474399674e-05
-2.259179487462681e-05
-1.300709041862635e-05
0.000000000000000e+00
0.000000000000000e+00
-1.106910912479497e-05
-1.973232026675209e-05
-2.533436989060611e-05
-2.064793168615742e-05
-2.399131023977930e-05
-1.873037289890078e-05
-1.360970603481171e-05
-1.338451504850902e-05
-1.346698689153047e-05
0.000000000000000e+00
0.000000000000000e+00
0.000000000000000e+00
0.000000000000000e+00
0.000000000000000e+00
1.697761960983701e-05
1.005026456302183e-05
1.814695563567836e-05
1.087127839988211e-05
4.800964624098597e-07
-2.171099134414683e-07
-6.464059495014246e-07
-1.335143765237440e-06
-1.444887646695481e-05
-1.022155347055187e-05
-1.166937120483658e-05
-8.527140979902592e-06
-5.407530664858218e-06
0.000000000000000e+00
0.000000000000000e+00
2.229766434563851e-05
1.317701927838755e-05
2.718471712265247e-05
2.169000285279221e-05
1.279871603071525e-05
0.000000000000000e+00
-9.730051764911263e-06
-1.744418371679712e-05
-1.862345651543196e-05
-2.239934052455927e-05
-2.271170920620236e-05
-1.051075904506815e-05
-1.629361050109468e-05
-1.499352260997400e-05
-1.903876664149928e-05
-2.115434844296438e-05
-9.180342587289392e-06
-8.152107970837985e-06
-1.552877595045743e-05
-1.192995264037711e-05
-1.346781787547879e-05
-6.489487705402253e-06
-7.383919708670028e-06
0.000000000000000e+00
0.000000000000000e+00
-1.329896920249096e-05
-1.321203833876128e-05
-2.292766700184856e-05
-3.180331752916654e-05
-2.897703417231723e-05
0.000000000000000e+00
0.000000000000000e+00
0.000000000000000e+00
0.000000000000000e+00
0.000000000000000e+00
0.000000000000000e+00
0.000000000000000e+00
0.000000000000000e+00
0.000000000000000e+00
0.000000000000000e+00
0.000000000000000e+00
0.000000000000000e+00
-1.159539492362471e-05
0.000000000000000e+00
0.000000000000000e+00
0.000000000000000e+00
0.000000000000000e+00
0.000000000000000e+00
0.000000000000000e+00
0.000000000000000e+00
0.000000000000000e+00
0.000000000000000e+00
0.000000000000000e+00
0.000000000000000e+00
0.000000000000000e+00
0.000000000000000e+00
0.000000000000000e+00
0.000000000000000e+00
0.000000000000000e+00
0.000000000000000e+00
0.000000000000000e+00
0.000000000000000e+00
0.000000000000000e+00
0.000000000000000e+00
0.000000000000000e+00
0.000000000000000e+00
0.000000000000000e+00
0.000000000000000e+00
0.000000000000000e+00
0.000000000000000e+00
0.000000000000000e+00
0.000000000000000e+00
0.000000000000000e+00
0.000000000000000e+00
0.000000000000000e+00
0.000000000000000e+00
0.000000000000000e+00
0.000000000000000e+00
0.000000000000000e+00
0.000000000000000e+00
0.000000000000000e+00
0.000000000000000e+00
0.000000000000000e+00
0.000000000000000e+00
0.000000000000000e+00
0.000000000000000e+00
0.000000000000000e+00
0.000000000000000e+00
0.000000000000000e+00
0.000000000000000e+00
0.000000000000000e+00
0.000000000000000e+00
0.000000000000000e+00
0.000000000000000e+00
0.000000000000000e+00
0.000000000000000e+00
0.000000000000000e+00
0.000000000000000e+00
0.000000000000000e+00
0.000000000000000e+00
0.000000000000000e+00
0.000000000000000e+00
0.000000000000000e+00
0.000000000000000e+00
0.000000000000000e+00
0.000000000000000e+00
0.000000000000000e+00
0.000000000000000e+00
0.000000000000000e+00
0.000000000000000e+00
0.000000000000000e+00
0.000000000000000e+00
0.000000000000000e+00
0.000000000000000e+00
0.000000000000000e+00
0.000000000000000e+00
0.000000000000000e+00
0.000000000000000e+00
0.000000000000000e+00
0.000000000000000e+00
0.000000000000000e+00
0.000000000000000e+00
0.000000000000000e+00
0.000000000000000e+00
0.000000000000000e+00
0.000000000000000e+00
0.000000000000000e+00
0.000000000000000e+00
0.000000000000000e+00
0.000000000000000e+00
0.000000000000000e+00
0.000000000000000e+00
7.621090255781338e-07
0.000000000000000e+00
0.000000000000000e+00
0.000000000000000e+00
0.000000000000000e+00
0.000000000000000e+00
0.000000000000000e+00
0.000000000000000e+00
0.000000000000000e+00
0.000000000000000e+00
0.000000000000000e+00
0.000000000000000e+00
0.000000000000000e+00
0.000000000000000e+00
-1.090455659702450e-05
0.000000000000000e+00
0.000000000000000e+00
0.000000000000000e+00
0.000000000000000e+00
0.000000000000000e+00
0.000000000000000e+00
0.000000000000000e+00
0.000000000000000e+00
0.000000000000000e+00
0.000000000000000e+00
0.000000000000000e+00
0.000000000000000e+00
0.000000000000000e+00
0.000000000000000e+00
0.000000000000000e+00
0.000000000000000e+00
0.000000000000000e+00
0.000000000000000e+00
0.000000000000000e+00
0.000000000000000e+00
0.000000000000000e+00
0.000000000000000e+00
0.000000000000000e+00
9.516121058095184e-06
0.000000000000000e+00
0.000000000000000e+00
0.000000000000000e+00
0.000000000000000e+00
1.869191524325742e-06
8.459066845982466e-07
0.000000000000000e+00
0.000000000000000e+00
0.000000000000000e+00
0.000000000000000e+00
-1.055899999152787e-05
-9.684477136728820e-06
0.000000000000000e+00
-2.472345310450264e-05
-2.274923243306137e-05
-2.554317317499111e-05
-1.753935942150342e-05
0.000000000000000e+00
0.000000000000000e+00
0.000000000000000e+00
0.000000000000000e+00
0.000000000000000e+00
0.000000000000000e+00
0.000000000000000e+00
0.000000000000000e+00
0.000000000000000e+00
0.000000000000000e+00
0.000000000000000e+00
0.000000000000000e+00
0.000000000000000e+00
0.000000000000000e+00
0.000000000000000e+00
0.000000000000000e+00
0.000000000000000e+00
0.000000000000000e+00
0.000000000000000e+00
0.000000000000000e+00
0.000000000000000e+00
0.000000000000000e+00
0.000000000000000e+00
0.000000000000000e+00
0.000000000000000e+00
0.000000000000000e+00
0.000000000000000e+00
0.000000000000000e+00
0.000000000000000e+00
0.000000000000000e+00
0.000000000000000e+00
0.000000000000000e+00
0.000000000000000e+00
0.000000000000000e+00
0.000000000000000e+00
0.000000000000000e+00
0.000000000000000e+00
0.000000000000000e+00
0.000000000000000e+00
0.000000000000000e+00
0.000000000000000e+00
0.000000000000000e+00
0.000000000000000e+00
0.000000000000000e+00
0.000000000000000e+00
0.000000000000000e+00
0.000000000000000e+00
0.000000000000000e+00
0.000000000000000e+00
0.000000000000000e+00
0.000000000000000e+00
0.000000000000000e+00
0.000000000000000e+00
0.000000000000000e+00
0.000000000000000e+00
0.000000000000000e+00
0.000000000000000e+00
0.000000000000000e+00
0.000000000000000e+00
0.000000000000000e+00
0.000000000000000e+00
0.000000000000000e+00
0.000000000000000e+00
0.000000000000000e+00
0.000000000000000e+00
0.000000000000000e+00
0.000000000000000e+00
0.000000000000000e+00
0.000000000000000e+00
0.000000000000000e+00
0.000000000000000e+00
0.000000000000000e+00
0.000000000000000e+00
0.000000000000000e+00
0.000000000000000e+00
0.000000000000000e+00
0.000000000000000e+00
0.000000000000000e+00
0.000000000000000e+00
0.000000000000000e+00
0.000000000000000e+00
0.000000000000000e+00
0.000000000000000e+00
0.000000000000000e+00
0.000000000000000e+00
0.000000000000000e+00
0.000000000000000e+00
0.000000000000000e+00
0.000000000000000e+00
0.000000000000000e+00
0.000000000000000e+00
0.000000000000000e+00
0.000000000000000e+00
-1.611205591303677e-05
-1.360653494128505e-05
-1.079208428159117e-05
-1.374791485103666e-05
-1.150037317221297e-05
0.000000000000000e+00
0.000000000000000e+00
0.000000000000000e+00
0.000000000000000e+00
0.000000000000000e+00
0.000000000000000e+00
0.000000000000000e+00
0.000000000000000e+00
0.000000000000000e+00
0.000000000000000e+00
0.000000000000000e+00
0.000000000000000e+00
0.000000000000000e+00
0.000000000000000e+00
0.000000000000000e+00
0.000000000000000e+00
0.000000000000000e+00
0.000000000000000e+00
0.000000000000000e+00
0.000000000000000e+00
0.000000000000000e+00
0.000000000000000e+00
0.000000000000000e+00
0.000000000000000e+00
0.000000000000000e+00
0.000000000000000e+00
0.000000000000000e+00
0.000000000000000e+00
0.000000000000000e+00
0.000000000000000e+00
0.000000000000000e+00
0.000000000000000e+00
0.000000000000000e+00
0.000000000000000e+00
0.000000000000000e+00
0.000000000000000e+00
0.000000000000000e+00
0.000000000000000e+00
0.000000000000000e+00
0.000000000000000e+00
0.000000000000000e+00
0.000000000000000e+00
0.000000000000000e+00
0.000000000000000e+00
0.000000000000000e+00
0.000000000000000e+00
0.000000000000000e+00
0.000000000000000e+00
0.000000000000000e+00
0.000000000000000e+00
0.000000000000000e+00
-1.846433325525254e-05
-2.080058631831472e-05
-2.174382094249916e-05
-1.779555488043427e-05
-1.881583737659009e-05
-2.148630601983559e-05
-2.346966941402240e-05
-8.484793644319977e-06
-7.175334233083808e-06
-9.500453414135190e-06
-6.712931754693230e-06
2.926980239237320e-06
0.000000000000000e+00
0.000000000000000e+00
0.000000000000000e+00
0.000000000000000e+00
0.000000000000000e+00
0.000000000000000e+00
0.000000000000000e+00
0.000000000000000e+00
0.000000000000000e+00
0.000000000000000e+00
0.000000000000000e+00
0.000000000000000e+00
0.000000000000000e+00
0.000000000000000e+00
0.000000000000000e+00
0.000000000000000e+00
0.000000000000000e+00
0.000000000000000e+00
0.000000000000000e+00
0.000000000000000e+00
0.000000000000000e+00
0.000000000000000e+00
0.000000000000000e+00
0.000000000000000e+00
0.000000000000000e+00
0.000000000000000e+00
0.000000000000000e+00
0.000000000000000e+00
0.000000000000000e+00
0.000000000000000e+00

Uy  1  1102  double
3.226754045609903e-05
3.193398264877967e-05
2.988619198035503e-05
2.709687280866291e-05
2.935830036610021e-05
1.466592526649935e-05
1.722176460716707e-05
1.789388518469437e-05
1.997451790636262e-05
2.036499676127956e-05
2.769220689047280e-05
2.686120469247433e-05
2.137576641519923e-05
2.195925932879650e-05
1.240806831726005e-05
1.229880013242646e-05
2.831832221400488e-05
3.152454584959274e-05
3.170593432660906e-05
2.808545199439738e-05
2.900282443146773e-05
3.311886792062291e-05
2.220188768414788e-05
-2.094883006925619e-05
-2.271830045824652e-05
-2.220820680970403e-05
-2.421738898994441e-05
-2.586669410403752e-05
-2.402493835662600e-05
-2.632994519397025e-05
1.458225975678462e-05
1.154362016658750e-05
9.407453069570915e-06
1.349933412586601e-05
9.854958772370637e-06
8.154260479231734e-06
-7.923767258721792e-06
-6.758770258658009e-06
-3.881012595463584e-06
-5.435207762263805e-06
-3.302346497868758e-06
-3.657423739034105e-06
5.794117135776711e-06
6.570582413309434e-06
8.569783833928257e-06
9.660164539015970e-06
1.215132726614665e-05
8.962697157888222e-06
7.565335621018132e-06
3.199035451051380e-05
3.281280238320861e-05
3.160623808867724e-05
3.302670697202803e-05
3.133559106016648e-05
3.005768821323640e-05
2.995079446255211e-05
-2.971809394586300e-05
-2.997129312037883e-05
-3.169822752080442e-05
-2.711242423419913e-05
-2.356123685542943e-05
-2.546805865155655e-05
-2.265826839081830e-05
-2.643097488702617e-05
-2.099491451001967e-05
-2.419525055491478e-05
-2.982606880386207e-05
-2.704241894535553e-05
-2.743965139873072e-05
-3.004126575140154e-05
-1.033375387278490e-05
-6.188587858529937e-06
-5.320347058829222e-06
-9.334633178106899e-06
-1.119370354429883e-05
-4.374226535881764e-06
-2.257322122643096e-07
2.577319645172445e-07
-3.709879365897117e-06
-9.335747200751865e-07
2.505364842211866e-06
-6.815034958293498e-06
-3.495762309270456e-06
-6.930477632449694e-06
1.781802185935044e-05
1.508683617990059e-05
1.860365689862475e-05
1.504488297107698e-05
-1.402071705003394e-05
-1.407111452728094e-05
-1.023687868653700e-05
-2.046833690935723e-05
-1.710576665334140e-05
-1.753807527121731e-05
1.130392063627972e-05
9.654705122624785e-06
1.450984726811266e-05
1.312136469297509e-05
1.092879365501009e-05
1.476833026070601e-05
1.215454148306705e-05
-6.863543902529967e-06
-6.607187778492896e-06
-1.045874757496512e-05
-2.555214061197159e-06
-2.999085853515326e-06
7.905081156459048e-06
3.046924649096477e-06
3.857191102067670e-06
8.693197328005220e-06
-4.133888376681161e-07
-1.231805604932565e-06
1.282697445817438e-05
1.209223422446448e-05
7.174286494757154e-06
5.959139742398034e-06
3.344442116401392e-06
4.315444064956209e-06
8.368483744136679e-06
4.895706788743404e-06
-4.465493834052148e-06
4.524163242699414e-07
1.339240561072305e-06
-3.699137480564496e-07
4.441340303015795e-06
-1.298630376003751e-05
-1.579416307109782e-05
-1.495783120089578e-05
-1.397887066131864e-05
-1.951351099810372e-05
-1.856443390102491e-05
2.031655480902450e-05
1.661742859671023e-05
1.584768799295366e-05
1.713619867890759e-05
2.129712292373021e-05
2.408879446813561e-05
2.088375021527811e-05
1.249204009306018e-06
-3.548009168651001e-06
-8.325446984189244e-06
-7.257194040044546e-06
-1.185417394863886e-05
-2.580405408687814e-06
-6.262966901524059e-06
1.380449701540720e-05
1.334026870118687e-05
1.761977459466268e-05
2.429224389610685e-05
2.003781373108304e-05
2.146944920988769e-05
2.339524192956910e-05
2.611373599847866e-05
1.378511444832808e-05
1.034903039486001e-05
1.059145785853310e-05
6.966999766946924e-06
1.734105261516627e-05
1.412122522648218e-05
1.823783000023949e-05
2.230267826830445e-05
1.645653059959007e-05
1.734859068200367e-05
1.963153590808786e-05
2.471803973427833e-05
2.724169722445602e-05
2.137350308026309e-05
2.469193307108597e-05
2.759488698278467e-05
3.258341918199736e-05
3.136772182510406e-05
3.108035020260580e-05
2.945966101680630e-05
3.002812151470247e-05
1.787436620215299e-05
2.141298974481232e-05
2.110667425081481e-05
1.763076302077615e-05
1.779696465084579e-05
2.379509669286906e-05
2.063262118282005e-05
2.426594512633384e-05
-2.810604620745449e-05
-2.780005206887148e-05
-2.986074791938576e-05
-2.926825280313849e-05
-2.707290120673722e-05
-2.888752362673053e-05
-3.084971127809144e-05
1.419767890939450e-05
1.037585587919387e-05
6.369266130637485e-06
6.679127388026229e-06
1.020388530438565e-05
1.402065842337485e-05
-1.772041324774043e-05
-2.121015885692135e-05
-1.772444338013490e-05
-1.393903398275165e-05
-1.518520674101409e-05
-1.992164962955068e-05
-1.755846266879302e-05
-1.740617925771737e-05
-1.460372995798487e-05
2.780954441528039e-05
2.925311237239603e-05
2.636046887333210e-05
2.758782123846171e-05
2.499050441151507e-05
-3.242789660640177e-05
-3.118788804373773e-05
-3.170848828903949e-05
-3.310638094528029e-05
-2.986124327319928e-05
-1.720056952486670e-05
-1.838260493336463e-05
-2.363471023569819e-05
-9.612052567276042e-06
-1.023061845784046e-05
2.265487978014846e-05
2.950721521877142e-05
2.296237964255488e-05
1.321336278120588e-05
1.314780979572161e-05
1.308945947181561e-05
2.662051923868480e-05
2.802455753514455e-05
2.852222089599898e-05
2.515716573364690e-05
2.864371089017492e-05
2.621554776432999e-05
2.584352073337071e-05
-1.682503804034674e-05
-1.397202787487006e-05
-1.606061413358950e-05
-1.358993282676857e-05
-1.125154869663358e-05
-1.100925951152965e-05
-1.138312473374786e-06
3.900274616767735e-08
-1.868639838517594e-06
1.165022843786778e-06
1.865817996431207e-06
5.830146390800595e-06
9.824926595528027e-06
5.266718987623209e-06
4.580135710471195e-07
4.592331631858571e-06
9.283433681159248e-06
-1.851964148018997e-06
-5.713790345848735e-06
-9.690073034307467e-06
-5.193842360050327e-06
-9.235912724392392e-06
-1.015527270792349e-05
-6.277718504588137e-06
-1.726624994674575e-05
-1.449097135353128e-05
-1.993679026557338e-05
-1.578883845460011e-05
-1.783761170903730e-05
2.052272157077040e-05
1.955725500590866e-05
2.309854078724749e-05
1.850874482534071e-05
1.103835600291259e-05
1.027270039200001e-05
1.150427555529632e-05
-2.929548955317440e-06
2.193024138806565e-06
-2.139668267654715e-06
-7.061569247318600e-06
2.160720864236021e-05
2.284476521619005e-05
2.427833738516405e-05
2.232094869880630e-05
-4.898984656748206e-06
-6.039380777950187e-06
-8.119104830728308e-06
-1.148570809153537e-05
-9.685104963852442e-06
-9.767122849141385e-06
1.042761528841432e-06
5.216784176663436e-06
1.841141071920460e-06
6.293710579960421e-06
2.906344813147221e-05
2.668732240429517e-05
2.798130333242499e-05
2.553625643680890e-05
2.834164986592613e-05
2.659984241715208e-05
-2.258164383558969e-05
-2.638275807786972e-05
-2.931559060714850e-05
-2.437146657249811e-05
-2.758506230754465e-05
-2.547354156362536e-05
-2.161498597955114e-05
-2.856122980804399e-05
2.654068056155701e-06
7.272683426373661e-06
3.627229811911659e-06
-1.207759388137039e-06
1.190884804949666e-05
8.348756710241378e-06
-1.935113874973471e-05
-1.848579763311098e-05
-1.970036580745127e-05
-1.655823761248509e-05
-2.140964682273427e-05
-1.536679619096315e-05
7.179171533797102e-06
1.129189009665965e-05
6.242260545540057e-06
5.423912788321550e-06
1.037725587232918e-05
-2.337443168068387e-05
-2.402814550178656e-05
-2.081280058735535e-05
-2.021549768702058e-05
-1.649468758341266e-05
1.304513746445968e-05
1.403027297045001e-05
9.386903854102790e-06
1.757002210675540e-05
2.164367532839218e-05
1.629630116389835e-05
-2.113718422511179e-05
-2.461049303068008e-05
-2.129338056847119e-05
-2.436338012021255e-05
-2.766008603088954e-05
-2.453142283262433e-05
-2.742216460416280e-05
3.079203625792892e-06
-2.697610765730815e-07
-9.640468196861485e-07
7.037017288269443e-06
3.605608270645932e-06
-3.135594846198630e-05
-3.237598098232430e-05
-3.307383954831433e-05
-3.191881914982320e-05
-3.376952204242611e-05
-3.295819259613308e-05
-3.315332052411524e-05
-2.044337439568999e-05
-1.926677513117148e-05
-1.755737293662740e-05
-1.632797129641483e-05
2.432893617870802e-05
2.048124090395231e-05
2.303120609278841e-05
2.548192391266246e-05
2.147031966392987e-05
1.927308247010040e-05
-3.220038621964960e-05
-3.375660342952447e-05
-3.422255556001508e-05
-3.392965300647033e-05
-3.263948322246302e-05
-3.237035706765701e-05
-1.834851869475518e-05
-1.659485287591744e-05
-1.637841390503270e-05
-1.482456571608171e-05
-1.097622816564892e-05
-1.322301564737893e-05
2.344913914140156e-05
1.955875239198490e-05
2.262661190444160e-05
2.641027087013637e-05
3.322615461986977e-05
3.223602721702523e-05
3.349525472090553e-05
3.345927390108194e-05
3.429731447396334e-05
3.402148613784739e-05
-1.707947542503585e-05
-1.326322275363445e-05
-1.746866444926609e-05
-1.365245130863224e-05
2.713204386339818e-05
2.575275510269259e-05
2.085522909189841e-05
1.991267582140965e-05
2.573480062145750e-05
2.819675820364687e-05
2.370136420976054e-05
-2.251721623502956e-05
-1.973841397512333e-05
-2.160504487955239e-05
-2.347607990932365e-05
-2.445818840607350e-05
-2.628814274630020e-05
-1.362948985747514e-05
-1.332851543256464e-05
-1.231737777482311e-05
-9.399633195766866e-06
-9.921443948110453e-06
-1.024071418864736e-05
-4.273474685657919e-06
-8.395314907677642e-06
-3.320993618022294e-06
-7.170966712197191e-06
-2.472428417922556e-06
3.250402915494152e-07
3.135367447865134e-05
3.043710320371762e-05
3.233449774064923e-05
2.856623357505583e-05
2.623501801097411e-06
1.923874140968840e-06
-1.805840568920580e-06
-5.212735319233552e-06
-1.203278895883786e-05
-8.569376471381784e-06
-3.792265233636127e-06
-1.269405386820910e-05
-7.853919305370050e-06
2.775096179674641e-05
2.449172657181808e-05
2.754716757802367e-05
3.012039720956539e-05
3.011511255995858e-05
2.983078792634375e-05
3.181623965664571e-05
-2.637164302060624e-05
-2.794387975069146e-05
-3.017736096233570e-05
-2.860281413002985e-05
-3.013146297570213e-05
1.665039851247996e-05
1.980477369470379e-05
1.876562289357397e-05
1.443627399402847e-05
1.563856999589608e-05
1.350904701397093e-05
-3.138821167675276e-05
-2.934272568250185e-05
-3.174633785224534e-05
-3.048654475307222e-05
-9.506383091731352e-06
-1.246340146496272e-05
-1.375686797508435e-05
-1.510131815629645e-05
-1.075263852864938e-05
-3.219075873500676e-05
-3.344471509952873e-05
-3.311369281083776e-05
-3.213463207901723e-05
-3.342918728732602e-05
-3.429536591886828e-05
-3.393895769238098e-05
-2.012356418046313e-05
-1.783267822788592e-05
-2.156497999311613e-05
-2.501551660072376e-05
-2.309940809677724e-05
9.538298435834980e-06
1.243691183344664e-05
1.371172172442980e-05
1.632669326778746e-05
1.076282879229618e-05
3.363963874114528e-05
3.420228338402165e-05
3.370497010612983e-05
3.203904102944133e-05
3.245389130146492e-05
3.391974898453443e-05
3.305921457308347e-05
3.019022269656890e-05
3.055726103096124e-05
3.120894236291472e-05
2.849171813190665e-05
2.763132255867440e-05
-2.295471564761620e-05
-2.990267633284915e-05
-2.737912519856778e-05
-3.121281510287677e-05
-2.788673361603378e-05
-2.303824896143780e-05
-2.242423476706001e-05
3.290413098244738e-05
3.158770031308489e-05
3.363915312104560e-05
3.237298263364385e-05
9.532829305339274e-06
1.144851937523450e-05
1.244180270668083e-05
6.955602085551016e-06
1.013356065170112e-05
-2.294645872968903e-05
-2.856081425101076e-05
-2.267073826145438e-05
-2.915807541048476e-05
-1.356441588629131e-05
2.368066984831385e-05
2.315161049432080e-05
2.193801648853189e-05
2.439898868455970e-05
2.099678333639110e-05
1.729336484979083e-05
-2.329600664950637e-06
-2.800334351009404e-06
2.784888264668883e-06
2.302793680103443e-06
-2.951719657974874e-09
9.110256068804723e-07
-9.724605317118495e-07
4.587435012817775e-06
4.665476120463419e-06
6.971049652651495e-06
9.282480570416141e-06
8.083160207214557e-06
6.447402995310436e-06
3.913822500256625e-06
2.307190813011228e-05
2.920943880857507e-05
2.896899359844385e-05
2.284867180746275e-05
1.352198203719013e-05
-1.247110727353729e-05
-1.022097102448827e-05
-9.002732025031879e-06
-7.276112258980394e-06
-1.259630344493945e-05
6.418951266212725e-06
4.139029985361642e-06
0.000000000000000e+00
0.000000000000000e+00
3.210791004085167e-06
0.000000000000000e+00
1.399770421402907e-06
3.971078478146040e-06
-1.748335581575750e-06
9.478577002123428e-07
3.766941485856823e-06
2.361783966281505e-05
1.894938207042118e-05
1.775546897203606e-05
2.132423509598746e-05
1.648904680484620e-05
1.072665710710741e-05
2.244693340963666e-05
0.000000000000000e+00
1.302764306942983e-05
1.307692505025937e-05
0.000000000000000e+00
-1.947667467561143e-05
-2.040830829064255e-05
-1.102174850137194e-05
-1.140648199499106e-05
0.000000000000000e+00
0.000000000000000e+00
0.000000000000000e+00
2.783636938247236e-05
2.875212080172274e-05
2.310634482627361e-05
2.312335542348221e-05
1.346632484067189e-05
1.714950120848546e-05
1.481568540445677e-05
1.691087009969561e-05
1.907034469111890e-05
1.981821124868999e-05
1.945954413223872e-05
0.000000000000000e+00
0.000000000000000e+00
0.000000000000000e+00
0.000000000000000e+00
0.000000000000000e+00
0.000000000000000e+00
0.000000000000000e+00
0.000000000000000e+00
-2.793718912857956e-05
-3.157098563211225e-05
-3.364253901061431e-05
-3.287871389301422e-05
-2.882084928124140e-05
-3.899491725231630e-06
-3.841603140611327e-06
1.725664818961331e-06
-1.561766018981503e-06
-8.866079873104393e-06
-6.466065082547101e-06
-6.846017868836207e-06
-4.617614514867974e-06
-4.618934340866465e-06
-2.122039632401762e-06
2.439537732890074e-05
2.239954447597059e-05
2.403742122791819e-05
2.607393766812516e-05
1.962842433966827e-05
-2.676582750721357e-05
-2.762515316584446e-05
-2.596374576774307e-05
-2.470918580876891e-05
-2.974181001064169e-05
-5.181249018521017e-06
-6.127344959722114e-06
0.000000000000000e+00
-9.802051518598143e-06
-1.138524889365833e-05
0.000000000000000e+00
-1.869587689687596e-08
-1.100762118393106e-06
0.000000000000000e+00
1.059923243139360e-06
3.641830713857486e-06
0.000000000000000e+00
4.770789269775699e-06
7.221903323945122e-06
5.580491527934495e-06
0.000000000000000e+00
2.088534558811195e-06
0.000000000000000e+00
0.000000000000000e+00
0.000000000000000e+00
1.254408764267412e-05
1.233536495526266e-05
0.000000000000000e+00
2.160506157961040e-05
0.000000000000000e+00
1.201592926342032e-05
0.000000000000000e+00
1.116427456815394e-05
0.000000000000000e+00
0.000000000000000e+00
0.000000000000000e+00
9.813229913557819e-06
0.000000000000000e+00
0.000000000000000e+00
0.000000000000000e+00
-7.945269177744851e-06
0.000000000000000e+00
-1.294876459778660e-05
-8.616361642954651e-06
-7.017891591742931e-06
0.000000000000000e+00
0.000000000000000e+00
-1.316727641181847e-05
0.000000000000000e+00
-1.281870009411934e-05
0.000000000000000e+00
0.000000000000000e+00
-1.274361206232699e-05
5.635342116755426e-06
1.225465447929341e-05
1.060713816608549e-05
6.692478649039657e-06
0.000000000000000e+00
-1.200352489372225e-05
0.000000000000000e+00
0.000000000000000e+00
0.000000000000000e+00
0.000000000000000e+00
0.000000000000000e+00
0.000000000000000e+00
0.000000000000000e+00
0.000000000000000e+00
0.000000000000000e+00
0.000000000000000e+00
0.000000000000000e+00
0.000000000000000e+00
0.000000000000000e+00
0.000000000000000e+00
0.000000000000000e+00
0.000000000000000e+00
0.000000000000000e+00
0.000000000000000e+00
0.000000000000000e+00
0.000000000000000e+00
-1.243963475511256e-05
0.000000000000000e+00
-2.121940558225122e-05
-2.187687731319832e-05
-1.268668768333869e-05
-4.609068783495429e-06
-5.692056500222753e-06
0.000000000000000e+00
6.084298551783940e-06
1.148813748680366e-05
1.300574153562106e-05
7.008163819377522e-06
0.000000000000000e+00
5.232487087197812e-06
-2.583558110669237e-06
-5.477377583329446e-06
-3.660986198972260e-06
0.000000000000000e+00
0.000000000000000e+00
-7.489978790686802e-06
-1.229233245769734e-05
-1.454968249597899e-05
-1.066923204195991e-05
-1.643409932111650e-05
-1.380830078706596e-05
5.650496597425780e-07
-5.003810151366084e-07
-1.565643552206564e-06
0.000000000000000e+00
0.000000000000000e+00
0.000000000000000e+00
0.000000000000000e+00
0.000000000000000e+00
1.593962522428161e-05
8.735892116862320e-06
1.449957791721523e-05
8.015269564842775e-06
-2.312348210725679e-05
-1.329262711241563e-05
-2.930414752860822e-05
-2.311822509859507e-05
-2.612644604360614e-05
-2.099106377145832e-05
-2.642052898549352e-05
-2.165647356711098e-05
-1.221298913051116e-05
0.000000000000000e+00
0.000000000000000e+00
-6.422929947375033e-06
-3.204530783035286e-06
-8.984559782959645e-06
-8.101642818086896e-06
-4.218303504444076e-06
0.000000000000000e+00
9.163839523096406e-06
1.509177608344237e-05
1.367877261759798e-05
1.765673459602768e-05
1.542594551728893e-05
8.436121551436138e-06
-1.663960581377300e-05
-1.787609631415110e-05
-2.091839461121348e-05
-2.014678042455698e-05
-1.018061683649707e-05
-1.062340104973636e-05
-2.393082512575084e-05
-2.005098357360513e-05
-1.909812241679409e-05
-1.198921997930258e-05
-1.138670724698532e-05
0.000000000000000e+00
0.000000000000000e+00
2.687902076317639e-06
1.611957447279766e-06
3.715495263387214e-06
4.385055808478477e-06
3.189449368841413e-06
0.000000000000000e+00
0.000000000000000e+00
0.000000000000000e+00
0.000000000000000e+00
0.000000000000000e+00
0.000000000000000e+00
0.000000000000000e+00
0.000000000000000e+00
0.000000000000000e+00
0.000000000000000e+00
0.000000000000000e+00
0.000000000000000e+00
-6.559358208396704e-06
0.000000000000000e+00
0.000000000000000e+00
0.000000000000000e+00
0.000000000000000e+00
0.000000000000000e+00
0.000000000000000e+00
0.000000000000000e+00
0.000000000000000e+00
0.000000000000000e+00
0.000000000000000e+00
0.000000000000000e+00
0.000000000000000e+00
0.000000000000000e+00
0.000000000000000e+00
0.000000000000000e+00
0.000000000000000e+00
0.000000000000000e+00
0.000000000000000e+00
0.000000000000000e+00
0.000000000000000e+00
0.000000000000000e+00
0.000000000000000e+00
0.000000000000000e+00
0.000000000000000e+00
0.000000000000000e+00
0.000000000000000e+00
0.000000000000000e+00
0.000000000000000e+00
0.000000000000000e+00
0.000000000000000e+00
0.000000000000000e+00
0.000000000000000e+00
0.000000000000000e+00
0.000000000000000e+00
0.000000000000000e+00
0.000000000000000e+00
0.000000000000000e+00
0.000000000000000e+00
0.000000000000000e+00
0.000000000000000e+00
0.000000000000000e+00
0.000000000000000e+00
0.000000000000000e+00
0.000000000000000e+00
0.000000000000000e+00
0.000000000000000e+00
0.000000000000000e+00
0.000000000000000e+00
0.000000000000000e+00
0.000000000000000e+00
0.000000000000000e+00
0.000000000000000e+00
0.000000000000000e+00
0.000000000000000e+00
0.000000000000000e+00
0.000000000000000e+00
0.000000000000000e+00
0.000000000000000e+00
0.000000000000000e+00
0.000000000000000e+00
0.000000000000000e+00
0.000000000000000e+00
0.000000000000000e+00
0.000000000000000e+00
0.000000000000000e+00
0.000000000000000e+00
0.000000000000000e+00
0.000000000000000e+00
0.000000000000000e+00
0.000000000000000e+00
0.000000000000000e+00
0.000000000000000e+00
0.000000000000000e+00
0.000000000000000e+00
0.000000000000000e+00
0.000000000000000e+00
0.000000000000000e+00
0.000000000000000e+00
0.000000000000000e+00
0.000000000000000e+00
0.000000000000000e+00
0.000000000000000e+00
0.000000000000000e+00
0.000000000000000e+00
0.000000000000000e+00
0.000000000000000e+00
0.000000000000000e+00
0.000000000000000e+00
0.000000000000000e+00
1.328464485172987e-05
0.000000000000000e+00
0.000000000000000e+00
0.000000000000000e+00
0.000000000000000e+00
0.000000000000000e+00
0.000000000000000e+00
0.000000000000000e+00
0.000000000000000e+00
0.000000000000000e+00
0.000000000000000e+00
0.000000000000000e+00
0.000000000000000e+00
0.000000000000000e+00
7.390677936425227e-06
0.000000000000000e+00
0.000000000000000e+00
0.000000000000000e+00
0.000000000000000e+00
0.000000000000000e+00
0.000000000000000e+00
0.000000000000000e+00
0.000000000000000e+00
0.000000000000000e+00
0.000000000000000e+00
0.000000000000000e+00
0.000000000000000e+00
0.000000000000000e+00
0.000000000000000e+00
0.000000000000000e+00
0.000000000000000e+00
0.000000000000000e+00
0.000000000000000e+00
0.000000000000000e+00
0.000000000000000e+00
0.000000000000000e+00
0.000000000000000e+00
0.000000000000000e+00
9.714016508954870e-06
0.000000000000000e+00
0.000000000000000e+00
0.000000000000000e+00
0.000000000000000e+00
-1.311860877628579e-05
-1.358086197200681e-05
0.000000000000000e+00
0.000000000000000e+00
0.000000000000000e+00
0.000000000000000e+00
-8.469493176566090e-06
-9.135250193248456e-06
0.000000000000000e+00
-2.167710422973368e-05
-1.840798574015423e-05
-1.916851556688082e-05
-1.525214853115298e-05
0.000000000000000e+00
0.000000000000000e+00
0.000000000000000e+00
0.000000000000000e+00
0.000000000000000e+00
0.000000000000000e+00
0.000000000000000e+00
0.000000000000000e+00
0.000000000000000e+00
0.000000000000000e+00
0.000000000000000e+00
0.000000000000000e+00
0.000000000000000e+00
0.000000000000000e+00
0.000000000000000e+00
0.000000000000000e+00
0.000000000000000e+00
0.000000000000000e+00
0.000000000000000e+00
0.000000000000000e+00
0.000000000000000e+00
0.000000000000000e+00
0.000000000000000e+00
0.000000000000000e+00
0.000000000000000e+00
0.000000000000000e+00
0.000000000000000e+00
0.000000000000000e+00
0.000000000000000e+00
0.000000000000000e+00
0.000000000000000e+00
0.000000000000000e+00
0.000000000000000e+00
0.000000000000000e+00
0.000000000000000e+00
0.000000000000000e+00
0.000000000000000e+00
0.000000000000000e+00
0.000000000000000e+00
0.000000000000000e+00
0.000000000000000e+00
0.000000000000000e+00
0.000000000000000e+00
0.000000000000000e+00
0.000000000000000e+00
0.000000000000000e+00
0.000000000000000e+00
0.000000000000000e+00
0.000000000000000e+00
0.000000000000000e+00
0.000000000000000e+00
0.000000000000000e+00
0.000000000000000e+00
0.000000000000000e+00
0.000000000000000e+00
0.000000000000000e+00
0.000000000000000e+00
0.000000000000000e+00
0.000000000000000e+00
0.000000000000000e+00
0.000000000000000e+00
0.000000000000000e+00
0.000000000000000e+00
0.000000000000000e+00
0.000000000000000e+00
0.000000000000000e+00
0.000000000000000e+00
0.000000000000000e+00
0.000000000000000e+00
0.000000000000000e+00
0.000000000000000e+00
0.000000000000000e+00
0.000000000000000e+00
0.000000000000000e+00
0.000000000000000e+00
0.000000000000000e+00
0.000000000000000e+00
0.000000000000000e+00
0.000000000000000e+00
0.000000000000000e+00
0.000000000000000e+00
0.000000000000000e+00
0.000000000000000e+00
0.000000000000000e+00
0.000000000000000e+00
0.000000000000000e+00
0.000000000000000e+00
0.000000000000000e+00
0.000000000000000e+00
0.000000000000000e+00
0.000000000000000e+00
0.000000000000000e+00
0.000000000000000e+00
-2.888822444435668e-05
-3.072245245666627e-05
-3.213755116193706e-05
-2.886751774622276e-05
-3.027513278702765e-05
0.000000000000000e+00
0.000000000000000e+00
0.000000000000000e+00
0.000000000000000e+00
0.000000000000000e+00
0.000000000000000e+00
0.000000000000000e+00
0.000000000000000e+00
0.000000000000000e+00
0.000000000000000e+00
0.000000000000000e+00
0.000000000000000e+00
0.000000000000000e+00
0.000000000000000e+00
0.000000000000000e+00
0.000000000000000e+00
0.000000000000000e+00
0.000000000000000e+00
0.000000000000000e+00
0.000000000000000e+00
0.000000000000000e+00
0.000000000000000e+00
0.000000000000000e+00
0.000000000000000e+00
0.000000000000000e+00
0.000000000000000e+00
0.000000000000000e+00
0.000000000000000e+00
0.000000000000000e+00
0.000000000000000e+00
0.000000000000000e+00
0.000000000000000e+00
0.000000000000000e+00
0.000000000000000e+00
0.000000000000000e+00
0.000000000000000e+00
0.000000000000000e+00
0.000000000000000e+00
0.000000000000000e+00
0.000000000000000e+00
0.000000000000000e+00
0.000000000000000e+00
0.000000000000000e+00
0.000000000000000e+00
0.000000000000000e+00
0.000000000000000e+00
0.000000000000000e+00
0.000000000000000e+00
0.000000000000000e+00
0.000000000000000e+00
0.000000000000000e+00
-2.363186326781452e-05
-2.606954818273888e-05
-2.352050461179589e-05
-2.672246196794292e-05
-2.830442147261358e-05
-2.679874871186483e-05
-2.461022416488934e-05
-3.142943452982827e-05
-2.733197164034307e-05
-2.762624673480207e-05
-2.224093452080078e-05
-1.319847891412262e-05
0.000000000000000e+00
0.000000000000000e+00
0.000000000000000e+00
0.000000000000000e+00
0.000000000000000e+00
0.000000000000000e+00
0.000000000000000e+00
0.000000000000000e+00
0.000000000000000e+00
0.000000000000000e+00
0.000000000000000e+00
0.000000000000000e+00
0.000000000000000e+00
0.000000000000000e+00
0.000000000000000e+00
0.000000000000000e+00
0.000000000000000e+00
0.000000000000000e+00
0.000000000000000e+00
0.000000000000000e+00
0.000000000000000e+00
0.000000000000000e+00
0.000000000000000e+00
0.000000000000000e+00
0.000000000000000e+00
0.000000000000000e+00
0.000000000000000e+00
0.000000000000000e+00
0.000000000000000e+00
0.000000000000000e+00

Uz  1  1102  double
-5.964954576420656e-05
-6.064409394390680e-05
-6.517456289928392e-05
-6.977907844257780e-05
-6.576984659723006e-05
-3.097803770263363e-05
-4.008745975186967e-05
-3.404955705843538e-05
-4.172833683771526e-05
-3.569995017746463e-05
-3.328919529710372e-05
-3.025217373336941e-05
-2.213269322016986e-05
-2.205010671141316e-05
-1.320791518825970e-05
-1.359250482157320e-05
-3.178917697871375e-05
-4.054401442663003e-05
-3.767134957360918e-05
-3.034067889023939e-05
-3.523424937193487e-05
-4.493502491306756e-05
-2.197801451837844e-05
-3.156190681380400e-05
-3.144937952154203e-05
-4.013154004126052e-05
-3.918703981861671e-05
-3.809710055030502e-05
-4.644745857862453e-05
-4.566912231110387e-05
-3.671661376877799e-05
-3.068483183135684e-05
-3.091501458393764e-05
-2.999439254205982e-05
-2.184484720947621e-05
-2.191130111946216e-05
-3.077097349379887e-05
-3.681535755914456e-05
-3.473590059366316e-05
-2.996424799767139e-05
-2.867189013899818e-05
-2.210291085096017e-05
-3.050968452192326e-05
-3.893664615289838e-05
-3.408599162449399e-05
-2.968094131700072e-05
-3.070768834861903e-05
-2.173654409486081e-05
-2.836257078245308e-05
-4.359314171079043e-05
-4.942239207061938e-05
-4.811214944483444e-05
-4.404131171234504e-05
-5.466773149898074e-05
-5.295479278805137e-05
-4.621165297052920e-05
-5.838500302890459e-05
-6.154097045513174e-05
-5.547438893571677e-05
-6.070825114939948e-05
-5.777422617403438e-05
-5.175703512805274e-05
-5.258836395688471e-05
-5.674486686724212e-05
-6.301607883207883e-05
-6.222097592589737e-05
-6.525323934103433e-05
-6.987734998764594e-05
-6.878553825828693e-05
-6.378223434999608e-05
-8.148322027773380e-05
-8.336001704306595e-05
-8.220703573541543e-05
-7.994305056974182e-05
-8.214007841733650e-05
-8.019696848982072e-05
-5.152558598875423e-05
-5.772018121241729e-05
-4.858553479236694e-05
-4.482526950363996e-05
-4.705800861365406e-05
-4.507860643584993e-05
-5.529761287736967e-05
-5.224685194804568e-05
-6.444903150776282e-05
-6.924152932469285e-05
-7.649161645567615e-05
-7.970179756627838e-05
-6.733381039875086e-05
-6.209772523824153e-05
-6.607380306400401e-05
-5.805028763855580e-05
-5.775355141596217e-05
-6.297024521600969e-05
-4.430083357384595e-05
-4.961421186888693e-05
-4.402260635305577e-05
-4.974076191927024e-05
-5.568571008485179e-05
-5.552296114846866e-05
-3.737015502988661e-05
-5.814118159958026e-05
-6.412590301624332e-05
-6.056780198043787e-05
-6.661586211736958e-05
-6.129287062273114e-05
-8.285185564349540e-05
-8.401854780443196e-05
-8.289211271811370e-05
-8.123701755330393e-05
-8.197422549288680e-05
-8.359231852256288e-05
-8.070216857575252e-05
-8.185148880718307e-05
-5.512130580814789e-05
-4.861349716750452e-05
-5.369365448093522e-05
-5.945116648831128e-05
-6.042114259308118e-05
-4.248760947814234e-05
-8.054070214574827e-05
-8.171517479921286e-05
-8.345282676958110e-05
-7.916585579476054e-05
-7.986886349681255e-05
-7.680198011977835e-05
-8.005730620219698e-05
-7.988067990727377e-05
-7.882439305106903e-05
-7.731500659619028e-05
-7.673126387919282e-05
-7.698021401020272e-05
-7.931883525452710e-05
-7.999538291891817e-05
-7.778738791835993e-05
-7.393185713622241e-05
-7.330324198268068e-05
-7.590337955704074e-05
-7.610272050090350e-05
-7.723665101916355e-05
-7.744719740376826e-05
-7.426174207603164e-05
-7.403472275641088e-05
-7.357391172396754e-05
-7.012106110304561e-05
-7.578029276089637e-05
-7.870725193770411e-05
-7.530671407335321e-05
-5.039473557238994e-05
-5.876510845703731e-05
-5.295212306677399e-05
-5.669724612727967e-05
-5.412000995586030e-05
-5.717160978824243e-05
-5.538154926187921e-05
-6.121313076828949e-05
-5.881244958561016e-05
-5.818117537104150e-05
-6.276051239129110e-05
-5.465041684815652e-05
-4.618213615975586e-05
-4.926731357635106e-05
-4.310098438972676e-05
-4.788175620018542e-05
-6.637194126407620e-05
-6.105082939494855e-05
-7.123991156893217e-05
-6.950744823602806e-05
-6.436978938378912e-05
-4.864694034439898e-05
-4.568395949797188e-05
-5.248069557772794e-05
-4.167251320641441e-05
-4.842942459801214e-05
-6.807467193936656e-05
-6.762724352077365e-05
-6.353806992404065e-05
-6.357861099742790e-05
-7.213962732843804e-05
-5.811846058006997e-05
-5.848481080150680e-05
-6.270503647898273e-05
-4.387206036826630e-05
-5.037436738353218e-05
-4.815517483219844e-05
-4.182996804352745e-05
-3.638713291531648e-05
-5.492180862493035e-05
-5.242686958889520e-05
-6.772920706765717e-05
-6.655964836521644e-05
-6.968651762639944e-05
-6.466568773733083e-05
-7.134818180992708e-05
-7.216921385350128e-05
-6.770736478756145e-05
-6.736881370167369e-05
-7.176056936092357e-05
-7.171240102360477e-05
-3.725972334300831e-05
-4.259441187817736e-05
-4.380521630373280e-05
-3.646120794276175e-05
-4.472219763679286e-05
-5.679201950387069e-05
-5.885497232221981e-05
-6.268766291728234e-05
-6.449132533586921e-05
-6.000696142399731e-05
-4.887698840849719e-05
-4.539176323664629e-05
-4.213021904217462e-05
-4.499631310225793e-05
-3.535157670989109e-05
-2.192348749492645e-05
-2.192322667926572e-05
-3.038290344650751e-05
-1.329705801677433e-05
-1.326909446826285e-05
-2.195475155318538e-05
-3.162262219263967e-05
-2.187189537962431e-05
-1.350489119739812e-05
-1.321194516952506e-05
-1.297087341167041e-05
-4.714350095336162e-05
-4.371861912358388e-05
-5.034700903061573e-05
-3.100463216137994e-05
-3.888797517404008e-05
-3.570516278747493e-05
-4.038780714535339e-05
-3.924209882955054e-05
-3.774742228404571e-05
-3.224163808879243e-05
-3.107955119324712e-05
-3.036153647453799e-05
-3.608301049837226e-05
-3.103529509887459e-05
-2.206186123522580e-05
-2.217164420510731e-05
-2.949920781394888e-05
-2.206946369223695e-05
-7.412036162923741e-05
-7.539688235164155e-05
-7.790264986456963e-05
-7.948992313427938e-05
-8.079109282643770e-05
-7.874809882696399e-05
-7.159136193801707e-05
-7.371636149222649e-05
-7.504689038595469e-05
-7.751019015056482e-05
-7.843053587303084e-05
-7.083710536093246e-05
-6.912150048749011e-05
-3.041332013037357e-05
-2.188855542381574e-05
-3.307537948127326e-05
-2.188870371386265e-05
-2.786616724256841e-05
-2.215792317718235e-05
-2.219699008665366e-05
-2.946105726328585e-05
-2.216682023857552e-05
-1.337223883973726e-05
-1.329011573276279e-05
-1.327330087032980e-05
-8.395717900816502e-05
-8.421006447106860e-05
-8.425173019732668e-05
-8.353053828763501e-05
-4.725696145430058e-05
-5.324410414464520e-05
-4.689853808392819e-05
-4.143690392871546e-05
-4.304178428782279e-05
-4.936059357679712e-05
-4.431628028200851e-05
-4.495776454263578e-05
-5.033611158733464e-05
-3.757098047699192e-05
-6.348603402328568e-05
-6.497247192299715e-05
-6.855052085258384e-05
-6.958712741078621e-05
-5.515053186161412e-05
-5.690644396055822e-05
-5.089661240009757e-05
-5.250146502505659e-05
-4.420514560987687e-05
-4.575643210044666e-05
-7.390691858105702e-05
-7.015130268644976e-05
-6.594760779865538e-05
-6.820233471371839e-05
-6.484236498427443e-05
-6.960366327923850e-05
-7.288018956780329e-05
-6.581684293444079e-05
-7.308150959256521e-05
-7.380538344758936e-05
-7.683488419746309e-05
-7.566062596181533e-05
-7.358585055311506e-05
-7.706464289047865e-05
-3.883297722132029e-05
-4.646549141068546e-05
-5.248241005562093e-05
-5.160954185279287e-05
-4.647589140163721e-05
-4.556051501672376e-05
-8.350950746432995e-05
-8.204283408774771e-05
-8.323981836400041e-05
-8.198849379115192e-05
-8.128428136844335e-05
-7.407050310259677e-05
-7.331793871173664e-05
-7.583309273773153e-05
-7.704152975407386e-05
-7.930398803729366e-05
-7.643455260414322e-05
-7.855537737588847e-05
-7.965648949126436e-05
-7.486564337816359e-05
-7.256499028623908e-05
-7.254847977244960e-05
-7.382809702483062e-05
-6.930360075280140e-05
-7.093106450567488e-05
-7.178472939778358e-05
-6.680634362388194e-05
-6.618956903103879e-05
-6.426088934735619e-05
-6.196120337276234e-05
-5.837688587478906e-05
-6.410939155959694e-05
-5.295871128946361e-05
-5.591329006982004e-05
-6.102479785680126e-05
-5.596981619626629e-05
-5.606284296355568e-05
-6.077879750271409e-05
-5.019617402118870e-05
-4.968109756514627e-05
-4.443128653999762e-05
-7.104597256984979e-05
-6.827388104224674e-05
-7.519704797825932e-05
-7.294119655248954e-05
-6.785267895870195e-05
-7.064087719654832e-05
-6.559975932790563e-05
-6.932188963393315e-05
-6.271322805379009e-05
-6.777666407253857e-05
-3.753290724770042e-05
-4.458851655328444e-05
-4.995727853190912e-05
-4.411710733256968e-05
-3.767802491694283e-05
-3.675732881128213e-05
-5.524979749182979e-05
-4.999168654779007e-05
-6.071522066164459e-05
-5.618631640769145e-05
-5.637700135702195e-05
-5.047731783303089e-05
-7.393757559726044e-05
-7.717195425288592e-05
-7.368622358017163e-05
-6.996257850871990e-05
-5.183861741475670e-05
-5.793022067651643e-05
-5.401431858742534e-05
-5.529432845774451e-05
-4.885983113983583e-05
-4.709533180635717e-05
-7.762373102704334e-05
-7.846634272035136e-05
-7.510854281533863e-05
-7.551112566700491e-05
-3.604593031911185e-05
-3.074084681978229e-05
-2.212496200115766e-05
-2.205047091893841e-05
-2.911462746721383e-05
-3.594337195497732e-05
-2.919530022238437e-05
-4.668808641913880e-05
-4.869399862370005e-05
-5.357059169602829e-05
-5.726237874797979e-05
-5.098459639096831e-05
-5.458785187328896e-05
-5.664133566257723e-05
-5.017840092141901e-05
-4.371334137412419e-05
-4.165535116965047e-05
-4.793801011335197e-05
-5.477577212514850e-05
-6.008207655155973e-05
-6.108890166861558e-05
-5.446335619352372e-05
-5.575228482457284e-05
-4.769252640138277e-05
-5.228301680404446e-05
-6.078920066077131e-05
-6.022886121204163e-05
-5.567708324993870e-05
-6.555257617935073e-05
-6.717572863335075e-05
-7.208834847638457e-05
-6.910544198485136e-05
-6.557349118696543e-05
-8.183333700317874e-05
-8.105882802261766e-05
-8.271150737559907e-05
-8.060866354819840e-05
-8.274841577921022e-05
-6.690878449377990e-05
-7.182952222078987e-05
-6.875195357153308e-05
-6.159592974036565e-05
-6.379680375961927e-05
-5.858407537917554e-05
-5.560067981080774e-05
-6.314446094513038e-05
-5.717906912328097e-05
-4.659269794260457e-05
-5.101065401119653e-05
-5.344783250171847e-05
-5.245297987910291e-05
-5.334159942499417e-05
-4.687288118143673e-05
-3.863994703517948e-05
-4.613642752510083e-05
-5.095380397124316e-05
-5.506786475545367e-05
-5.924135938667474e-05
-4.853872474505638e-05
-6.052350302354625e-05
-6.618030128729968e-05
-6.127117198234666e-05
-6.599531847190088e-05
-6.972151468731536e-05
-7.035618189982218e-05
-5.973359307742676e-05
-5.403438250833892e-05
-5.191281665350989e-05
-5.793807737797252e-05
-5.543551574482830e-05
-4.895688363792949e-05
-4.723986298238447e-05
-5.934045406008615e-05
-6.497303200175830e-05
-6.318634122276512e-05
-6.054403035032907e-05
-6.600604015394307e-05
-6.560750962070205e-05
-6.067799011405528e-05
-6.544011636705482e-05
-6.008937496343458e-05
-6.983381523317789e-05
-4.437154623720962e-05
-4.974128370754949e-05
-4.996338194024341e-05
-3.722856445637079e-05
-3.722784992440942e-05
-4.392089142890576e-05
-5.585710269945254e-05
-3.657273854940080e-05
-4.155968352609340e-05
-3.687755645892521e-05
-3.066244301175303e-05
-3.022934434640523e-05
-2.212783630092807e-05
-3.239522412729068e-05
-2.913316417479939e-05
-3.657135445267468e-05
-3.063570277700434e-05
-2.188405136095695e-05
-2.196489908762311e-05
-4.039405936492879e-05
-3.502484107864579e-05
-4.275606020251455e-05
-3.672608330662630e-05
-4.220367625026866e-05
-3.708814539993277e-05
-4.452646539057636e-05
-4.577879304976107e-05
-4.867852501236336e-05
-2.176423598487798e-05
-3.034041975430446e-05
-2.188371864789151e-05
-3.074797644669891e-05
-1.341452226151507e-05
-3.713591989015774e-05
-3.186437077806747e-05
-3.832613838153365e-05
-4.381703367595247e-05
-3.121107843001569e-05
-2.214124495666936e-05
-3.023404838281563e-05
-2.207313391837384e-05
-2.210673964413157e-05
-3.081626075851496e-05
-3.103034465609666e-05
-2.205051253478807e-05
-2.208324490238223e-05
-2.202579744384203e-05
-3.046710587981116e-05
-3.057975855069728e-05
-3.718023792426139e-05
-4.366517179407725e-05
-3.658593539959676e-05
-3.553864525254746e-05
-2.180961902489842e-05
-3.070195349050286e-05
-3.066368863227642e-05
-2.187021910005083e-05
-1.344756469492253e-05
-3.092007539551300e-05
-3.083476335252744e-05
-2.191036272021496e-05
-2.192272354094305e-05
-3.767113045707871e-05
-2.197121221363119e-05
-1.322360957950464e-05
0.000000000000000e+00
0.000000000000000e+00
-1.354404602897652e-05
0.000000000000000e+00
-3.705152803368250e-05
-4.263869762571870e-05
-4.053179534677098e-05
-4.556954949469505e-05
-4.941689953880113e-05
-3.126534759806399e-05
-2.203201102495000e-05
-2.196542318957939e-05
-3.008697507889124e-05
-2.183619243706358e-05
-1.338087307517499e-05
-2.188268993892628e-05
0.000000000000000e+00
-1.319963091912096e-05
-1.347301118417160e-05
0.000000000000000e+00
-2.198981484352602e-05
-2.201556680837824e-05
-1.337584176561851e-05
-1.316852324183965e-05
0.000000000000000e+00
0.000000000000000e+00
0.000000000000000e+00
-2.878625092611609e-05
-2.988964154226892e-05
-2.184986537726030e-05
-2.173255809016783e-05
-1.325105714165137e-05
-3.511592676139208e-05
-2.873422638410839e-05
-2.979660988522426e-05
-3.071297107642978e-05
-4.193504431534989e-05
-3.529478200650638e-05
0.000000000000000e+00
0.000000000000000e+00
0.000000000000000e+00
0.000000000000000e+00
0.000000000000000e+00
0.000000000000000e+00
0.000000000000000e+00
0.000000000000000e+00
-2.905878572614928e-05
-3.518900058935293e-05
-4.284546096744446e-05
-4.069964862501996e-05
-3.010830079405724e-05
-3.514100952312083e-05
-4.213701376853951e-05
-3.850032255134361e-05
-3.695458574026755e-05
-3.459973602845667e-05
-3.729585155609616e-05
-3.008219143876834e-05
-3.011565384508641e-05
-2.192541814301230e-05
-1.320921633028022e-05
-4.064935614750409e-05
-3.550328278761894e-05
-3.507076462733183e-05
-3.900897103012446e-05
-3.015604001380123e-05
-3.002792014408784e-05
-3.492180500017095e-05
-3.024016382238703e-05
-2.994955926091669e-05
-3.747298366352236e-05
-1.320505657469856e-05
-1.317241195204766e-05
0.000000000000000e+00
-2.170205643137191e-05
-2.168211543379650e-05
0.000000000000000e+00
-1.330330987177331e-05
-1.352888584967710e-05
0.000000000000000e+00
-1.356483439272221e-05
-1.306020547185011e-05
0.000000000000000e+00
-1.339124363788913e-05
-2.183226206883826e-05
-2.201852294318740e-05
0.000000000000000e+00
-1.323526730577507e-05
0.000000000000000e+00
0.000000000000000e+00
0.000000000000000e+00
-1.319069164834596e-05
-1.335175761046220e-05
0.000000000000000e+00
-2.211558029978355e-05
0.000000000000000e+00
-1.351388231361078e-05
0.000000000000000e+00
-1.320041843198838e-05
0.000000000000000e+00
0.000000000000000e+00
0.000000000000000e+00
-1.310964922700275e-05
0.000000000000000e+00
0.000000000000000e+00
0.000000000000000e+00
-1.316026717947116e-05
0.000000000000000e+00
-2.163629768742181e-05
-1.292060548928331e-05
-1.312383365621728e-05
0.000000000000000e+00
0.000000000000000e+00
-1.320278866003000e-05
0.000000000000000e+00
-1.311421495769211e-05
0.000000000000000e+00
0.000000000000000e+00
-1.337366353630631e-05
-1.316504558224879e-05
-2.178959407590775e-05
-2.173162914809179e-05
-1.334620514074208e-05
0.000000000000000e+00
-1.322939810722429e-05
0.000000000000000e+00
0.000000000000000e+00
0.000000000000000e+00
0.000000000000000e+00
0.000000000000000e+00
0.000000000000000e+00
0.000000000000000e+00
0.000000000000000e+00
0.000000000000000e+00
0.000000000000000e+00
0.000000000000000e+00
0.000000000000000e+00
0.000000000000000e+00
0.000000000000000e+00
0.000000000000000e+00
0.000000000000000e+00
0.000000000000000e+00
0.000000000000000e+00
0.000000000000000e+00
0.000000000000000e+00
-1.326706525494464e-05
0.000000000000000e+00
-2.198843140428786e-05
-2.195056082256175e-05
-1.314507864145359e-05
-1.311755818484556e-05
-1.333618381198914e-05
0.000000000000000e+00
-1.317407439070661e-05
-2.188356808328906e-05
-2.195274315382190e-05
-1.311671125842767e-05
0.000000000000000e+00
-1.342329123610320e-05
-1.316173398271947e-05
-2.196156595654641e-05
-1.337437207222375e-05
0.000000000000000e+00
0.000000000000000e+00
-1.318686972945349e-05
-2.190946809348115e-05
-3.064109905048795e-05
-2.186800842178538e-05
-3.037081337797787e-05
-2.198166230919785e-05
-1.347623715099860e-05
-1.331211351964651e-05
-1.337887832207618e-05
0.000000000000000e+00
0.000000000000000e+00
0.000000000000000e+00
0.000000000000000e+00
0.000000000000000e+00
-2.205047115146075e-05
-1.318178586541541e-05
-2.192801858437454e-05
-1.330190887859767e-05
-2.173245001831081e-05
-1.313745409314143e-05
-3.076568274973379e-05
-2.174557345473171e-05
-3.161295519021889e-05
-2.219325863334065e-05
-3.013837934817687e-05
-2.205535244445556e-05
-1.327032633632180e-05
0.000000000000000e+00
0.000000000000000e+00
-2.193445752625423e-05
-1.336736603749222e-05
-2.970938165519632e-05
-2.178699253144178e-05
-1.327527918773552e-05
0.000000000000000e+00
-1.323090244972208e-05
-2.170141630966627e-05
-2.182135886515113e-05
-2.949293844189960e-05
-2.806919538902997e-05
-1.326774078768550e-05
-2.211068210046518e-05
-2.219249755278097e-05
-2.933442761735017e-05
-3.063859803245639e-05
-1.351280275897065e-05
-1.329200054439594e-05
-2.969098300795170e-05
-2.221065120530663e-05
-2.226058643113593e-05
-1.349933026511402e-05
-1.344469010045035e-05
0.000000000000000e+00
0.000000000000000e+00
-1.341127257876995e-05
-1.320239702072568e-05
-2.198547565912534e-05
-3.648259484395622e-05
-3.055206476887395e-05
0.000000000000000e+00
0.000000000000000e+00
0.000000000000000e+00
0.000000000000000e+00
0.000000000000000e+00
0.000000000000000e+00
0.000000000000000e+00
0.000000000000000e+00
0.000000000000000e+00
0.000000000000000e+00
0.000000000000000e+00
0.000000000000000e+00
-1.317429930976916e-05
0.000000000000000e+00
0.000000000000000e+00
0.000000000000000e+00
0.000000000000000e+00
0.000000000000000e+00
0.000000000000000e+00
0.000000000000000e+00
0.000000000000000e+00
0.000000000000000e+00
0.000000000000000e+00
0.000000000000000e+00
0.000000000000000e+00
0.000000000000000e+00
0.000000000000000e+00
0.000000000000000e+00
0.000000000000000e+00
0.000000000000000e+00
0.000000000000000e+00
0.000000000000000e+00
0.000000000000000e+00
0.000000000000000e+00
0.000000000000000e+00
0.000000000000000e+00
0.000000000000000e+00
0.000000000000000e+00
0.000000000000000e+00
0.000000000000000e+00
0.000000000000000e+00
0.000000000000000e+00
0.000000000000000e+00
0.000000000000000e+00
0.000000000000000e+00
0.000000000000000e+00
0.000000000000000e+00
0.000000000000000e+00
0.000000000000000e+00
0.000000000000000e+00
0.000000000000000e+00
0.000000000000000e+00
0.000000000000000e+00
0.000000000000000e+00
0.000000000000000e+00
0.000000000000000e+00
0.000000000000000e+00
0.000000000000000e+00
0.000000000000000e+00
0.000000000000000e+00
0.000000000000000e+00
0.000000000000000e+00
0.000000000000000e+00
0.000000000000000e+00
0.000000000000000e+00
0.000000000000000e+00
0.000000000000000e+00
0.000000000000000e+00
0.000000000000000e+00
0.000000000000000e+00
0.000000000000000e+00
0.000000000000000e+00
0.000000000000000e+00
0.000000000000000e+00
0.000000000000000e+00
0.000000000000000e+00
0.000000000000000e+00
0.000000000000000e+00
0.000000000000000e+00
0.000000000000000e+00
0.000000000000000e+00
0.000000000000000e+00
0.000000000000000e+00
0.000000000000000e+00
0.000000000000000e+00
0.000000000000000e+00
0.000000000000000e+00
0.000000000000000e+00
0.000000000000000e+00
0.000000000000000e+00
0.000000000000000e+00
0.000000000000000e+00
0.000000000000000e+00
0.000000000000000e+00
0.000000000000000e+00
0.000000000000000e+00
0.000000000000000e+00
0.000000000000000e+00
0.000000000000000e+00
0.000000000000000e+00
0.000000000000000e+00
0.000000000000000e+00
-1.316814295247715e-05
0.000000000000000e+00
0.000000000000000e+00
0.000000000000000e+00
0.000000000000000e+00
0.000000000000000e+00
0.000000000000000e+00
0.000000000000000e+00
0.000000000000000e+00
0.000000000000000e+00
0.000000000000000e+00
0.000000000000000e+00
0.000000000000000e+00
0.000000000000000e+00
-1.296589777699531e-05
0.000000000000000e+00
0.000000000000000e+00
0.000000000000000e+00
0.000000000000000e+00
0.000000000000000e+00
0.000000000000000e+00
0.000000000000000e+00
0.000000000000000e+00
0.000000000000000e+00
0.000000000000000e+00
0.000000000000000e+00
0.000000000000000e+00
0.000000000000000e+00
0.000000000000000e+00
0.000000000000000e+00
0.000000000000000e+00
0.000000000000000e+00
0.000000000000000e+00
0.000000000000000e+00
0.000000000000000e+00
0.000000000000000e+00
0.000000000000000e+00
0.000000000000000e+00
-1.344191589735394e-05
0.000000000000000e+00
0.000000000000000e+00
0.000000000000000e+00
0.000000000000000e+00
-1.308534146370055e-05
-1.338353096375089e-05
0.000000000000000e+00
0.000000000000000e+00
0.000000000000000e+00
0.000000000000000e+00
-1.335232972695527e-05
-1.316224901105195e-05
0.000000000000000e+00
-3.833995950566771e-05
-3.066395191983484e-05
-3.565796926868758e-05
-2.195825993750455e-05
0.000000000000000e+00
0.000000000000000e+00
0.000000000000000e+00
0.000000000000000e+00
0.000000000000000e+00
0.000000000000000e+00
0.000000000000000e+00
0.000000000000000e+00
0.000000000000000e+00
0.000000000000000e+00
0.000000000000000e+00
0.000000000000000e+00
0.000000000000000e+00
0.000000000000000e+00
0.000000000000000e+00
0.000000000000000e+00
0.000000000000000e+00
0.000000000000000e+00
0.000000000000000e+00
0.000000000000000e+00
0.000000000000000e+00
0.000000000000000e+00
0.000000000000000e+00
0.000000000000000e+00
0.000000000000000e+00
0.000000000000000e+00
0.000000000000000e+00
0.000000000000000e+00
0.000000000000000e+00
0.000000000000000e+00
0.000000000000000e+00
0.000000000000000e+00
0.000000000000000e+00
0.000000000000000e+00
0.000000000000000e+00
0.000000000000000e+00
0.000000000000000e+00
0.000000000000000e+00
0.000000000000000e+00
0.000000000000000e+00
0.000000000000000e+00
0.000000000000000e+00
0.000000000000000e+00
0.000000000000000e+00
0.000000000000000e+00
0.000000000000000e+00
0.000000000000000e+00
0.000000000000000e+00
0.000000000000000e+00
0.000000000000000e+00
0.000000000000000e+00
0.000000000000000e+00
0.000000000000000e+00
0.000000000000000e+00
0.000000000000000e+00
0.000000000000000e+00
0.000000000000000e+00
0.000000000000000e+00
0.000000000000000e+00
0.000000000000000e+00
0.000000000000000e+00
0.000000000000000e+00
0.000000000000000e+00
0.000000000000000e+00
0.000000000000000e+00
0.000000000000000e+00
0.000000000000000e+00
0.000000000000000e+00
0.000000000000000e+00
0.000000000000000e+00
0.000000000000000e+00
0.000000000000000e+00
0.000000000000000e+00
0.000000000000000e+00
0.000000000000000e+00
0.000000000000000e+00
0.000000000000000e+00
0.000000000000000e+00
0.000000000000000e+00
0.000000000000000e+00
0.000000000000000e+00
0.000000000000000e+00
0.000000000000000e+00
0.000000000000000e+00
0.000000000000000e+00
0.000000000000000e+00
0.000000000000000e+00
0.000000000000000e+00
0.000000000000000e+00
0.000000000000000e+00
0.000000000000000e+00
0.000000000000000e+00
0.000000000000000e+00
-3.963067760501260e-05
-4.223266598626929e-05
-4.377227867513600e-05
-3.598962765150038e-05
-3.684085467375864e-05
0.000000000000000e+00
0.000000000000000e+00
0.000000000000000e+00
0.000000000000000e+00
0.000000000000000e+00
0.000000000000000e+00
0.000000000000000e+00
0.000000000000000e+00
0.000000000000000e+00
0.000000000000000e+00
0.000000000000000e+00
0.000000000000000e+00
0.000000000000000e+00
0.000000000000000e+00
0.000000000000000e+00
0.000000000000000e+00
0.000000000000000e+00
0.000000000000000e+00
0.000000000000000e+00
0.000000000000000e+00
0.000000000000000e+00
0.000000000000000e+00
0.000000000000000e+00
0.000000000000000e+00
0.000000000000000e+00
0.000000000000000e+00
0.000000000000000e+00
0.000000000000000e+00
0.000000000000000e+00
0.000000000000000e+00
0.000000000000000e+00
0.000000000000000e+00
0.000000000000000e+00
0.000000000000000e+00
0.000000000000000e+00
0.000000000000000e+00
0.000000000000000e+00
0.000000000000000e+00
0.000000000000000e+00
0.000000000000000e+00
0.000000000000000e+00
0.000000000000000e+00
0.000000000000000e+00
0.000000000000000e+00
0.000000000000000e+00
0.000000000000000e+00
0.000000000000000e+00
0.000000000000000e+00
0.000000000000000e+00
0.000000000000000e+00
0.000000000000000e+00
-3.176626579595720e-05
-4.067651867742383e-05
-3.592123506573897e-05
-3.623384983092448e-05
-4.416620834346574e-05
-4.770791483740822e-05
-4.427087469727198e-05
-3.685524513202809e-05
-2.928517795927621e-05
-3.070916412231672e-05
-2.193930335855909e-05
-1.333771321239408e-05
0.000000000000000e+00
0.000000000000000e+00
0.000000000000000e+00
0.000000000000000e+00
0.000000000000000e+00
0.000000000000000e+00
0.000000000000000e+00
0.000000000000000e+00
0.000000000000000e+00
0.000000000000000e+00
0.000000000000000e+00
0.000000000000000e+00
0.000000000000000e+00
0.000000000000000e+00
0.000000000000000e+00
0.000000000000000e+00
0.000000000000000e+00
0.000000000000000e+00
0.000000000000000e+00
0.000000000000000e+00
0.000000000000000e+00
0.000000000000000e+00
0.000000000000000e+00
0.000000000000000e+00
0.000000000000000e+00
0.000000000000000e+00
0.000000000000000e+00
0.000000000000000e+00
0.000000000000000e+00
0.000000000000000e+00

nx  1  1102  double
4.806721222213651e-02
-4.336119191261825e-02
1.516593720000191e-02
-1.897557867964020e-02
-7.835533331496172e-02
8.036528726206840e-01
7.485761417576562e-01
7.375162550226416e-01
6.950497411787254e-01
6.885634056030283e-01
-4.064486609173149e-01
-3.443573530148339e-01
-3.671577494155057e-01
-2.992231189062259e-01
-4.113722421793904e-01
-4.936401613694787e-01
2.960860772642313e-01
2.813433014314428e-01
2.108780584327304e-01
2.338886908326780e-01
3.560191775451400e-01
1.953707783232275e-01
2.667326412171462e-01
-6.555662160205955e-01
-5.987549879204872e-01
-6.501626564512432e-01
-5.970186893694183e-01
-5.370044466837929e-01
-5.884637933616450e-01
-5.317597322555939e-01
-7.924804669054666e-01
-8.556182587150712e-01
-8.814126549345136e-01
-8.243015483501417e-01
-8.171155209968997e-01
-8.457980369228115e-01
8.955627019754805e-01
8.689247593884645e-01
8.883509959605087e-01
9.161580031670421e-01
9.335268046915759e-01
8.862449037574448e-01
9.109367569562519e-01
8.624391349185972e-01
8.633481280540987e-01
8.771756130624516e-01
8.445851611630782e-01
8.330701774358400e-01
9.058933458764756e-01
-2.790555688110842e-01
-2.365328153205521e-01
-3.214652575254553e-01
-1.997599291617859e-01
-2.758395809897782e-01
-3.609668047189355e-01
-4.038984311148651e-01
-2.967288676802743e-01
-2.092484556912907e-01
-2.358002634497364e-01
-3.583574604630660e-01
-5.011419416259706e-01
-5.188223242888493e-01
-5.769454365857994e-01
-4.414530205148311e-01
-4.804271269928476e-01
-4.199625273872621e-01
-2.602285412069797e-02
7.976424732198152e-03
-8.704478401186988e-02
-1.183173117418211e-01
1.524606967316269e-01
8.994546085998928e-02
1.890082238345989e-01
2.508151170253941e-01
5.338767627714211e-02
2.868364023025022e-01
-7.869197173031133e-01
-7.228132292546524e-01
-8.066158948557758e-01
-8.454261517919013e-01
-8.258778794526953e-01
-8.236797743853347e-01
-7.467892694921650e-01
-7.663061181200516e-01
-5.175897127328875e-01
-4.675738836705379e-01
-1.881454050156423e-01
-1.271378146970431e-01
-5.152735667048584e-01
-5.957850959821431e-01
-5.720593766263986e-01
-5.599738499509437e-01
-6.166577525298986e-01
-5.390505356004268e-01
-8.012320669784428e-01
-7.718904279091129e-01
-7.699092873964462e-01
-7.413984290085240e-01
-7.069268264885853e-01
-6.742966705691191e-01
-8.217016538029451e-01
-6.998691023790893e-01
-6.263301304191095e-01
-6.496853158390387e-01
-5.990724343049326e-01
-6.763196088989691e-01
9.842618661670401e-02
6.234659864644283e-02
1.623029326710619e-01
1.972588238126265e-01
2.249553121236280e-01
1.262706572509765e-01
1.336302430416577e-01
3.496127079300869e-02
-7.373807007389203e-01
-7.991321255115229e-01
-7.635041074695383e-01
-6.957197822738281e-01
-6.656358728594324e-01
-8.521799673955994e-01
-2.714301009537905e-01
-2.361966912244802e-01
-1.378878208881189e-01
-3.331456907369337e-01
-2.978774664177497e-01
3.099951951027045e-01
1.716912985111061e-02
1.157564495016729e-01
2.140463270844218e-01
7.929641659855617e-02
1.769448927572955e-01
7.328580796400937e-03
7.012969434568336e-02
-2.852275484104153e-02
1.680529331821080e-01
2.007862392206720e-01
4.215890883587019e-02
1.048394166011738e-01
4.154388853084294e-01
3.817011439621334e-01
3.463717614407764e-01
4.394015013162886e-01
4.038284114545848e-01
4.732337763127659e-01
5.274928741481050e-01
3.263375054277367e-01
2.314481580611287e-01
2.635674382247180e-01
-5.614887824597851e-01
-5.616980639381568e-01
-6.015037502356697e-01
-5.237350376855451e-01
-4.845916191855903e-01
6.614714060540547e-01
7.122945558889632e-01
6.407841676834708e-01
6.914295635412201e-01
6.075315696183500e-01
5.864668968598006e-01
-6.390154706286549e-01
-6.336760903388601e-01
-7.077757463977472e-01
-7.376702995714139e-01
-6.719059466198891e-01
3.227441832333848e-01
3.486445196529869e-01
2.946367608875816e-01
2.317093239533676e-01
2.605787829747629e-01
2.483392594627898e-01
3.342278348352555e-01
3.096103313825611e-01
3.998581727780361e-01
3.920239657682197e-01
4.455498375954942e-01
3.844656494929496e-01
4.708128427250160e-01
5.295790318748615e-01
3.568937032758538e-01
4.918577135557395e-01
5.504380550931579e-01
4.100561207363704e-01
-4.734519991597981e-01
-4.587527206979158e-01
-3.993809780954847e-01
-4.144316276147156e-01
-4.828985740168147e-01
-3.810802594649774e-01
-3.199095114739577e-01
5.052112125416844e-01
5.624165122813124e-01
5.349923130641941e-01
6.171388173341756e-01
4.776966471853991e-01
4.179802024949137e-01
-4.559687297545183e-01
-3.949748289217557e-01
-3.674655975223498e-01
-4.283260900097325e-01
7.835384911053405e-01
6.937778256518463e-01
7.307385078744487e-01
7.485982366244398e-01
7.646522300825673e-01
-4.015770298312062e-01
-3.151062580745633e-01
-3.537651185113118e-01
-2.636612977685099e-01
-4.407956215100729e-01
-2.595839602957061e-01
-3.389612125764425e-01
-2.787963542247480e-01
-2.017158093979907e-01
-2.990574233906926e-01
-6.099488418711115e-01
-5.520419085725984e-01
-5.382919208322747e-01
-7.833000741963905e-01
-7.148471908434627e-01
1.935804996013421e-01
1.586623497858116e-01
1.255405928580623e-01
2.855029279210791e-01
1.983399424074627e-01
1.100569819996922e-01
-5.213642282257377e-01
-4.810767822410207e-01
-4.439798802053033e-01
-4.796282310416572e-01
-4.398840386683573e-01
-5.100357735705878e-01
-5.502555110512451e-01
-7.558726513959632e-01
-7.990841533001816e-01
-7.852051898009398e-01
-8.219573079144312e-01
-8.577431111582443e-01
-8.342732366321280e-01
9.250128411054539e-01
9.026681377484769e-01
8.988691673127468e-01
9.352233056594897e-01
8.970537295397573e-01
4.477561738674840e-01
3.878795669955791e-01
3.557961818668098e-01
3.220716196580950e-01
2.600811893070130e-01
2.940517949940555e-01
-5.154955659723767e-01
-4.582920192761063e-01
-3.986845036667216e-01
-3.665646827174334e-01
-3.050767107225305e-01
-4.878908703543253e-01
-5.447656324403211e-01
-7.490930992242164e-01
-7.015983870945912e-01
-6.887072000135493e-01
-6.546597702748789e-01
-7.171029348910845e-01
-4.306464982026229e-01
-4.905329178072947e-01
-5.430084718769245e-01
-5.515532870168143e-01
-6.471711841242450e-01
-7.161216567659393e-01
-5.721464261319181e-01
-7.403037576449978e-02
-3.756047358668023e-02
2.606464289148574e-02
-1.031902760226464e-02
6.356453398731546e-01
5.682834192545838e-01
5.813684219277393e-01
6.413325315272058e-01
8.495618006431177e-01
7.928407510070634e-01
8.243456312903088e-01
7.960633887425576e-01
7.651233632268224e-01
8.438595890634255e-01
-6.497428663340058e-01
-6.199943686357605e-01
-5.693448839911773e-01
-5.373119907617967e-01
3.711889621273839e-01
4.319478726322463e-01
4.503026550938185e-01
5.100562660698283e-01
4.645951235179990e-01
5.247726775616124e-01
1.398855515947189e-01
1.031824786516900e-01
6.751647316161111e-02
2.915739445909041e-01
2.532179165316821e-01
1.981775160892352e-01
2.355640434175626e-01
1.609543420465040e-01
-4.834705941493758e-01
-4.497104267193482e-01
-3.924284821841637e-01
-4.260217519964134e-01
-4.143131589843103e-01
-3.571942464231364e-01
-7.089097108949732e-01
-6.981047920824164e-01
-6.320861661081749e-01
-6.859511713645713e-01
-6.485235065575609e-01
-7.490156083629499e-01
-1.350067038735195e-03
-6.501178819632013e-02
-1.013672997797187e-01
-2.004340800973253e-01
-1.637771722652660e-01
4.323968350478181e-02
-5.328059571715942e-02
-1.159645231585772e-01
-1.879330979672732e-02
-8.166259684552611e-02
-3.208181914832344e-01
-2.251799490294854e-01
-2.620216215150762e-01
-2.839046803870031e-01
-2.463540208319059e-01
-3.778146218117341e-01
-2.120824437825430e-01
-2.423749650452759e-01
-3.052879834262356e-01
-1.490463528591372e-01
-1.802581796639862e-01
-3.334217252272589e-01
-2.714075979124312e-01
6.678973434272568e-01
7.146662902051042e-01
6.408494886210928e-01
7.590276584950971e-01
7.387225856093323e-01
1.242137241452086e-01
1.782138261113596e-01
8.883665436940164e-02
3.276267720983343e-02
1.413788311150629e-01
2.273533906598982e-01
1.894452069562191e-01
3.296119384013840e-01
4.202845987779064e-01
2.729894611044019e-01
3.673104097215147e-01
-3.020840688400706e-01
-3.401669288455836e-01
-3.927472175681004e-01
-2.090357158551426e-01
-4.798278587293024e-01
-4.302964357776437e-01
1.501858937436087e-01
1.071502463324077e-01
5.462282857959262e-02
2.164001177754276e-02
7.073810046613423e-02
-1.204867721421473e-02
6.308595687105044e-01
7.011562064384111e-01
5.896206583479761e-01
6.662028961402365e-01
6.991480291407309e-01
7.342511014107930e-01
-5.444477611764988e-02
-9.054100365523263e-02
-1.509344193614154e-01
-1.141895702404736e-01
1.651718558432979e-01
1.376134180703530e-01
7.834355017266667e-02
-1.030950531651571e-02
2.214076994884554e-02
1.078082319541746e-01
-1.792304497753140e-01
-2.425394624059333e-01
-2.747535796791889e-01
-3.374285469423324e-01
4.735210320041255e-01
4.431634630727057e-01
3.986559814736020e-01
4.598542520541864e-01
3.808463466730809e-01
4.152767972584919e-01
5.070628341017023e-01
6.284349635481590e-01
6.648425657905469e-01
5.935525003364209e-01
5.146515159430020e-01
5.530147160158069e-01
4.755289991500658e-01
-6.701080524458414e-01
-7.361980616698335e-01
-7.937209309902732e-01
-8.319852613580609e-01
-7.810903454955920e-01
-7.204554826824292e-01
6.873604588253419e-01
6.572260577592547e-01
7.568176323827543e-01
7.296728104059336e-01
8.171464158563644e-01
7.801346974019655e-01
-1.348637131416310e-01
-2.256484765319296e-01
-1.880505563606822e-01
-1.714948258735875e-01
5.895465121658661e-01
5.055023963433782e-01
5.597684362990145e-01
6.109948942301564e-01
-4.634836512616437e-02
-2.087244646273536e-01
-1.736399858096399e-01
-1.452081068010226e-01
-1.098635435822099e-01
1.695564912688807e-01
1.378057150572203e-01
7.591319499847456e-02
1.985066299226910e-01
1.075531252754438e-01
2.869017697419969e-01
2.261655032482642e-01
3.437426260598151e-01
3.917576478560061e-01
3.936273647865022e-01
4.345361543098396e-01
3.517163204801502e-01
6.772873781485109e-01
6.242423562081866e-01
6.901421114406271e-01
7.902390605386816e-01
7.403338806046895e-01
7.276888824837842e-01
2.658532825583457e-01
3.050625550746633e-01
3.128301873191697e-01
2.153622464998602e-01
5.785910840396948e-01
6.246509585233846e-01
5.441409866601949e-01
4.575355844572675e-01
4.933299734192944e-01
-5.862343891401583e-02
-8.858895718823649e-02
-1.747706515669579e-01
-1.485718654345218e-01
-4.132438549082682e-04
-3.208768209757970e-02
-1.163426111996566e-01
5.529032789695294e-01
5.079988267760167e-01
4.703058987330053e-01
4.311729291290526e-01
3.825534173079945e-01
-5.879324310646534e-01
-6.333494110045980e-01
-5.534525310343813e-01
-5.983526524393458e-01
-5.032037874272774e-01
-1.163655480047275e-01
-6.497792004604200e-02
-1.515520176937488e-01
-1.617499207135479e-01
-8.211580643606564e-02
-3.247118087836878e-02
-9.890094018186078e-02
-3.158794709473555e-01
-3.639484150118311e-01
-2.427430358494905e-01
-2.040193950672680e-01
-2.799927158049331e-01
-1.595427720129302e-01
-1.633299740720005e-01
-2.166422952053605e-01
-2.212479140553938e-01
-2.757714869014894e-01
-8.717283222416128e-02
-2.334994484853822e-01
1.304002254432810e-01
7.674572469432019e-02
5.056032774336503e-02
-1.252564486647756e-03
8.282131441989350e-01
8.306722873733228e-01
7.858443400587589e-01
8.165647852356858e-01
7.742857656352415e-01
1.253281585527400e-01
1.705765958659419e-01
1.961113702364689e-01
9.526855202096882e-02
1.112686872544928e-01
-6.048811865211590e-01
-5.907839762357334e-01
-6.556008167322089e-01
-5.935734713607445e-01
-6.560149895796986e-01
-6.070971747540791e-01
-9.311024894094334e-01
-8.946427371075206e-01
-8.953475910685776e-01
-9.291893574444878e-01
-9.293909314186983e-01
-9.023878979033330e-01
-9.016873658368447e-01
-8.841626548547062e-01
-9.213025459152820e-01
-9.039913855872541e-01
-8.490485107089002e-01
-8.287148984347027e-01
-8.702834879259457e-01
-8.857210276974986e-01
-8.852323088412262e-02
-5.085891685376224e-02
-1.283668969506606e-01
-1.616164632572445e-01
-1.551869738799108e-01
8.423969973655783e-01
8.714616827702504e-01
8.333470821618919e-01
8.581682042018401e-01
8.158420978949983e-01
-8.676175600070311e-01
-1.060391950504524e+00
-4.323900958643005e-01
-4.462899227893905e-01
-1.088339990054488e+00
1.075648724707949e-01
8.847790523870424e-01
8.523050846254506e-01
8.721317683432169e-01
8.390981722368722e-01
8.006973537597364e-01
5.603548549875170e-01
5.221867235365341e-01
5.797320248095330e-01
6.298011282775903e-01
6.324391342947887e-01
6.818119453313468e-01
-2.296931862988479e-01
-1.196614148477826e-01
-2.419345496465843e-01
-3.293264852841956e-01
-1.539112098350508e-01
-4.904092527620342e-01
-4.294835284982157e-01
-6.463448152327393e-01
-5.702945622396990e-01
-2.506653124093991e-01
-2.822627806219198e-01
6.601540809213045e-02
9.072673668485574e-02
2.337254359326889e-02
5.307155771043205e-02
-1.806324633484427e-02
2.256133000617439e-02
-7.552213860568968e-01
-7.968976877788787e-01
-7.558781607301785e-01
-7.062304375682452e-01
-6.978868054604302e-01
-7.103106343881000e-01
1.607174891643755e-02
1.771119621465685e-02
-4.328164447681549e-03
-4.946776683506391e-03
2.283066999436016e-03
-3.991496137018504e-03
1.820425537434251e-03
2.049279930246901e-03
-1.183075244301608e-01
-9.122948525665865e-02
-6.101500524065153e-02
-1.439466274933470e-01
-5.058720021228216e-02
-8.878167618029270e-01
-8.574247545252874e-01
-8.772571321738930e-01
-8.853047800348149e-01
-8.611047519161009e-01
-8.676379040133650e-01
-9.069399566816644e-01
-9.211948355061931e-01
-8.841663685924082e-01
-1.102686034467986e+00
5.878456748414758e-01
6.352199958300442e-01
5.829995101744007e-01
5.287499309280363e-01
6.844685848268393e-01
-3.450576660498899e-01
-4.275581064197093e-01
-4.093711401837343e-01
-4.783119835983419e-01
-3.594714447285813e-01
-1.030083386645149e+00
-9.921946901437881e-01
-4.190684930773604e-01
-8.187854611890970e-01
-7.855737050885472e-01
-4.622795262426503e-01
-1.116435884545987e+00
-1.116781130167532e+00
-4.594809402734609e-01
-1.115799671954503e+00
1.074109676089488e+00
4.434950120028770e-01
1.049116399571411e+00
8.531733286625089e-01
8.744375361640592e-01
-4.621488490413219e-01
-1.102511935374259e+00
-4.529743062599694e-01
1.112775757656706e-01
1.359489246836513e-01
3.699005130327278e-01
4.536293962531733e-01
1.698801239281736e-01
3.309337093505094e-01
2.367538697999211e-01
5.337352364348978e-01
2.065672106214811e-01
6.088414737517209e-01
2.673779529144183e-01
-6.209455807781095e-02
2.988825090146469e-01
7.491469120846153e-01
3.220773408768825e-01
-7.525206995663282e-02
-6.917197673424534e-02
-8.989218765306831e-01
-3.599999945283310e-01
-7.497945160270678e-01
-8.427791201018303e-01
-9.472144227293841e-01
-3.370870307047542e-01
6.459330639295902e-02
1.994922149260498e-01
1.000183800589434e-01
2.858256273823196e-01
2.814167625067574e-02
1.364675891191761e-01
3.711792137711699e-01
1.011082111328294e+00
7.651358947550674e-01
8.054344486298592e-01
9.723268015404380e-01
-2.208388134960252e-01
-4.916768019003917e-01
-1.876699969535897e-01
5.748057925617166e-02
4.987171208443954e-02
-4.000971336149506e-01
-3.833235021332877e-01
9.500445835105589e-02
9.178635397420387e-02
1.013806629284938e-01
-2.211044500080475e-01
-2.525685063255731e-01
-2.806459222513238e-01
-1.887383497778849e-01
5.765682869793701e-02
6.556214690805415e-02
6.421850466998538e-02
2.698837587783860e-02
1.010159321078596e-01
-2.021291989865913e-02
-1.124979382478236e-02
3.796761283280960e-03
-4.109534786613109e-01
-1.524679588736925e-01
-3.659694547704977e-01
-2.963138650578438e-01
-3.270162251140936e-01
1.044266299608049e+00
1.013430181098229e+00
4.256331703176421e-01
-9.930696441177786e-01
-7.817746433892127e-01
-7.435794764494451e-01
-9.499594694926178e-01
-4.180378633233215e-01
-1.032170921939385e+00
1.095652723996094e+00
8.776097335100570e-01
1.073978490969153e+00
4.476150697660248e-01
4.476472149038708e-01
9.254857067359191e-01
7.659826778090907e-01
8.086899252011125e-01
8.018744592710719e-01
7.709973304124419e-01
7.260923206602325e-01
1.118820245197397e+00
1.115408821644645e+00
1.111683903588571e+00
4.619762104620299e-01
4.609341793008551e-01
4.563797157114737e-01
-1.137132287597810e-01
-1.114045571045598e-01
-6.592291133933991e-01
-8.419690504538624e-01
-7.044761192698132e-01
-9.006197042020843e-01
-1.694142491790920e-02
2.234938937919248e-02
2.163384602468207e-02
5.349618798245152e-02
4.486148075047082e-01
4.007230858879463e-01
3.767836855533046e-01
3.303460820811461e-01
4.534130349180368e-01
1.701032075567190e-01
2.039385856852384e-01
-8.663042032959262e-01
-1.086881379464959e+00
-8.885651277896567e-01
-8.445590576092354e-01
-1.062141555947804e+00
-4.477339768506693e-01
8.137379561599556e-01
6.810043902322417e-01
7.218971835656690e-01
7.329596282101410e-01
7.775576178328757e-01
8.736168626931655e-01
6.314145089594888e-01
5.776205613994854e-01
6.322430611155423e-01
6.765793116173244e-01
7.520408026609183e-01
6.813425968567397e-01
5.139935910665329e-01
4.595854882072251e-01
5.239883138306749e-01
5.341387358737288e-01
6.099594146876530e-01
2.381127788200987e-01
2.668065035290870e-01
1.096933725399403e+00
1.108548745702665e+00
8.932512956358031e-01
8.823709527795291e-01
9.260625245682114e-01
4.574774992232561e-01
7.277671923108460e-02
-1.683234650556960e-02
-1.518085429474408e-02
4.200970351182266e-03
4.557059148068770e-03
-2.155940686799794e-03
-1.927359949541552e-03
-9.747175626639809e-02
-1.025861214541572e-01
2.408057369818940e-02
3.897458124151270e-01
9.715179929131342e-01
4.113662369969773e-01
2.353632334945894e-02
-9.391142537410974e-02
1.089844162363010e-01
-2.683230666155468e-02
-2.600785090328470e-02
1.040105194229268e-01
-4.324451844940220e-01
9.175495574527782e-02
9.497921035425770e-02
-3.609375978744691e-01
-3.830428655141376e-01
-3.996139696286404e-01
1.006867630510992e-01
1.421968024152491e-02
-5.376815071075116e-02
1.228929787035625e-02
-3.396668416005306e-03
-2.980146912605278e-03
1.565153593754723e-03
-7.098608044272737e-03
3.289761497091948e-02
1.560338334439917e-02
-4.960331763042719e-03
2.491228232420507e-02
-8.216383098246241e-02
-2.736324517570831e-02
1.116504165903393e-01
-2.771552532805359e-02
7.070606123689500e-03
-3.508353784753510e-03
-3.500301013024742e-03
3.809529476948551e-03
-1.974818211175462e-02
6.013839389133667e-03
8.252272003727384e-03
-3.715108061532854e-02
-2.913506301255010e-02
1.699028714092680e-03
-1.145482607536074e-02
-5.625669615489135e-04
-2.195194308023267e-03
-1.476393868254041e-04
-7.148454538785530e-04
2.115438653044273e-04
1.054037354073865e-01
-2.499261674475868e-02
-2.405826225316909e-02
6.480639201053653e-03
-3.072728948654071e-03
-3.225141977969315e-03
-2.747393127765242e-03
1.547538201416221e-03
-9.128272426195464e-04
4.282718649191606e-04
1.019336037919113e-03
-3.573962100009311e-04
-6.313989593307684e-04
2.597568276840869e-02
-1.040551255184543e-01
2.594458240973100e-02
2.737099227794744e-02
-1.113554715270287e-01
-1.091686257694340e-01
2.705743158772898e-02
-4.651427629911224e-02
1.029157600027943e-02
-3.730766164300198e-02
-2.936927567324444e-02
8.137700733175518e-03
-1.523258225622457e-02
-1.310770680788543e-02
3.727450720246312e-03
-1.702698496152103e-03
4.082124665921022e-03
-1.920365235298401e-03
1.975455246609570e-02
-7.650940467809060e-02
2.973253119604267e-01
3.249446221301531e-01
-6.935381077704814e-02
1.135307194526496e-01
-4.640137169413779e-01
-2.759138184135638e-02
1.130679102114266e-01
-8.802134482204094e-03
6.865572069923644e-03
-2.241499362269074e-03
-4.659056570705448e-02
-6.662570459989411e-02
7.222371373078608e-02
7.973816333461960e-02
8.445935159865742e-02
-3.086161801608404e-01
-4.532580397050007e-01
1.130317259756203e-01
1.103517459905562e-01
6.906619899795827e-03
-3.373453044222873e-03
3.505225975259982e-01
3.705823994091738e-01
-9.430119276512899e-02
3.939580286315524e-01
9.244414134064241e-01
-8.819850794186813e-02
1.137977638651690e-01
-2.752387712461238e-02
-2.773947052021726e-02
7.218050095347981e-03
7.322564692754562e-03
-3.589847295021789e-03
7.141556830889973e-03
-3.573873556910886e-03
4.218874015285681e-02
-9.260987617370847e-03
2.155864376715494e-03
2.622014999854993e-03
-1.174840435396809e-03
-9.765450929647697e-02
-1.034651835420147e-01
4.117735682522085e-01
4.273281515644800e-01
-1.062741072550901e-01
2.486556487991430e-02
2.567511789167329e-02
8.573590740184402e-02
-3.425429563792465e-01
-7.826543690471458e-01
-3.116419934120106e-01
7.798327691668401e-02
-9.680481002144680e-03
-4.543101907892780e-02
-1.536307352330141e-01
-6.722267722015104e-02
6.748360643684560e-03
3.730812310117388e-01
-8.896683411601394e-02
3.558798220775274e-01
8.715641293595977e-01
8.113260885114196e-01
-8.109658974330618e-02
6.589522023026885e-01
7.235675547547770e-01
7.163324617299859e-01
6.819271320198178e-01
-1.123485619881529e-01
-1.142491448367045e-01
4.604160323974414e-01
-1.121361154503450e-01
2.761969635122843e-02
-6.156577232136156e-02
-5.399767825986822e-02
1.418695829077007e-02
6.571187032536848e-03
6.873022238082139e-03
-3.299762280117453e-03
-2.641628540543960e-02
-2.622548816529752e-02
7.112557198637441e-03
-3.453153323975874e-03
4.681498116222803e-03
-2.160583760826141e-03
4.949205446630326e-03
-2.371081267419335e-03
-2.575015707947941e-03
-1.683642059624972e-02
-2.009745660933043e-02
-1.876654205358913e-02
5.686641316043132e-03
-2.928624746991521e-03
-2.175685125798801e-02
-2.288559085397473e-02
5.500663937924393e-03
-2.753878516068619e-03
-6.680016483928779e-03
-6.971634647015683e-03
3.360684613841768e-03
-6.989778707270718e-03
3.444891616073723e-03
3.500448680026398e-03
7.248329558514641e-03
-3.531048688819192e-03
-2.730122359135775e-02
6.940393273357093e-03
-3.398465364887958e-03
-3.505665439142043e-03
-6.041411010663545e-03
3.039787595437484e-03
2.241980481044149e-02
2.327079386360714e-02
-5.581757434272835e-03
2.871423694806470e-03
6.054560514132896e-03
-2.960613859868488e-03
5.343202158909396e-03
-2.762933528253322e-03
-2.181957344753628e-02
-2.282708831264250e-02
5.897004335148798e-03
-5.159554369683336e-03
2.659096682505221e-03
2.492039819538544e-03
2.075243006941085e-02
2.238171764842499e-02
-5.662036157536014e-03
2.872960844357691e-03
6.295854743498645e-03
-3.072957308642186e-03
-3.207883826011000e-03
-2.492946990782140e-02
-2.414837520083401e-02
6.199982231743517e-03
6.737105133933489e-03
-2.372175091455968e-03
1.027333471663174e-03
-1.820295037089629e-03
-1.293322124923756e-03
7.681635960987331e-04
4.960284467901940e-04
2.116281349150599e-03
1.566871550002457e-03
-9.060821630850060e-04
-8.982945653047214e-03
-7.157632192532497e-03
-6.317528527942820e-04
-1.192094162074740e-03
-6.878250687068701e-03
3.478814695733299e-03
-1.082749200417621e-01
2.626215559642546e-02
2.696299034910504e-02
4.491859255760878e-01
-7.313360078654573e-03
3.566081552414204e-03
-7.172998308111364e-03
3.498003880031126e-03
2.728336471108418e-02
-7.093318791445942e-03
4.300519710859582e-01
3.538747051404303e-01
2.736181268349334e-01
3.832727044311316e-01
3.178780587784722e-01
-6.292269609533361e-03
-6.574716560073975e-03
3.193950293589890e-03
2.993238815448047e-03
-5.930481967225947e-03
3.249997954890982e-03
2.685288743690385e-03
-1.128430960246337e-02
4.181751161672864e-02
3.141934010968286e-03
-1.426732837143857e-03
2.767863567127323e-02
-7.141601481507022e-03
2.759434148676157e-02
3.546221055049856e-03
3.560502574336549e-03
-7.246055809188087e-03
-6.862722664409880e-03
-6.490241506352548e-03
-6.280331432604761e-03
3.134710921740261e-03
3.368264233476183e-03
3.302367207231150e-03
-1.306341538386679e-03
6.068129219847123e-03
-1.856232720043438e-03
-2.360339490232943e-03
1.033281155576715e-03
7.825802592386437e-04
1.321491726881602e-03
3.624259271063670e-03
3.229798344647671e-03
-1.325918026838586e-02
-1.131543710026637e-02
4.957805756624915e-02
-1.687455870763409e-03
-1.443275656850004e-03
1.614667483845562e-02
-3.996073524262882e-03
-4.312826315569515e-03
1.772692521965417e-02
1.828220648164333e-03
2.046070092477835e-03
2.261018689587130e-03
-3.400868706607358e-03
-2.955333923888241e-03
1.231693295052763e-02
-4.611991920372170e-02
1.010044889146911e-02
1.566703910447707e-03
1.317746052570093e-03
5.693224119731785e-01
5.441287367454550e-01
6.065022641238633e-01
4.950620626252247e-01
4.719959601736078e-01
5.125615737894975e-01
5.909184089731682e-01
2.331042156466540e-01
2.359926624575057e-01
3.042861445967843e-01
2.645779305512681e-01
-2.424467683832474e-01
-8.435723253179639e-02
-1.182260561766589e-01
-4.861686903321222e-03
2.417633160334260e-02
1.583347940369736e-02
3.319214895045045e-02
1.935896756567820e-02
-5.239938909930820e-03
2.102756012974577e-02
-8.325143011040298e-02
2.648266169027703e-03
-4.888804708430077e-03
2.507452599527476e-03
-1.990860199651792e-02
5.099096576610650e-03
-1.889043317845666e-02
-2.575063523837303e-03
-2.381491731727365e-03
4.363769487837858e-04
-2.745250669332414e-03
-7.013368953226035e-05
-3.580513634150873e-04
1.007434383983000e-03
-1.455274681914003e-04
-5.682620749890646e-04
-7.039814228449604e-04
1.664288859827146e-03
2.067058593538420e-04
4.967696277833852e-04
-6.790906188566333e-05

ny  1  1102  double
-6.964879585912793e-01
-6.852736698450599e-01
-6.257797044071270e-01
-5.479952025330712e-01
-6.125834696962620e-01
-4.577386368549640e-01
-4.511178282652428e-01
-5.105136553199143e-01
-5.154439042040779e-01
-5.689076755333250e-01
-8.269694867608701e-01
-8.696265501500644e-01
-8.258291221008373e-01
-8.491634492991229e-01
-1.037459197330078e+00
-1.003005145942262e+00
-8.760654734899318e-01
-8.232406768597014e-01
-8.560759901534505e-01
-9.025276269723123e-01
-8.132016654194005e-01
-8.191313323330308e-01
-8.641021519388293e-01
6.525515371267232e-01
7.073192596998069e-01
5.837867664148551e-01
6.394867584164862e-01
6.989263699819070e-01
5.851207246291411e-01
6.471474815708670e-01
-4.038244947650598e-01
-3.681661456765771e-01
-2.980155736675369e-01
-4.373347803076040e-01
-3.834786658072693e-01
-3.167214091035885e-01
2.506894555694393e-01
1.856265173344122e-01
1.085736250017282e-01
1.804417840335584e-01
1.138848619590564e-01
1.437455218523761e-01
-1.810130046328183e-01
-1.777030424225933e-01
-2.440892922543453e-01
-3.190430043387895e-01
-3.842006791200268e-01
-3.490849969608829e-01
-2.566641295962360e-01
-8.083899289755800e-01
-7.694537858711479e-01
-7.503242125999049e-01
-8.266746689345341e-01
-7.068373450175361e-01
-6.868232417609531e-01
-7.286836457347041e-01
6.481369874904542e-01
6.428954071650878e-01
7.093212846911384e-01
5.832966916361203e-01
5.187428539854341e-01
5.859830424166399e-01
5.191637414891662e-01
5.863562103142277e-01
4.437532920625952e-01
5.147237665247201e-01
6.242700456314356e-01
5.465782752612682e-01
5.589952882135303e-01
6.350358368773164e-01
1.945547718861987e-01
1.173570741682619e-01
1.012145636917615e-01
1.780536655648642e-01
2.108846468404821e-01
8.489742996553340e-02
6.825345458416433e-03
-7.316176256688868e-03
8.842815169971567e-02
1.800914828595532e-02
-6.130904072991435e-02
1.660367021127773e-01
7.656729325899619e-02
1.585748050333803e-01
-3.739027984769195e-01
-3.073121095645394e-01
-3.620717286899728e-01
-2.887781416813256e-01
2.886729870885199e-01
2.970105370760426e-01
2.137034191502764e-01
4.478141745979005e-01
3.759865452106469e-01
3.710331567718797e-01
-2.838447455024465e-01
-2.251042527791989e-01
-3.628629232120362e-01
-3.074390886219213e-01
-2.468145856660726e-01
-3.301779073558708e-01
-3.284479640783726e-01
1.490075471242906e-01
1.386531951541091e-01
2.224778779404954e-01
5.117537797564627e-02
6.461386450392942e-02
-1.505428106797521e-01
-5.601932127497862e-02
-7.158489788419478e-02
-1.651489677169359e-01
6.663641610348933e-03
2.272981643833618e-02
-2.428114585546605e-01
-2.280316543984273e-01
-1.620018337871575e-01
-1.438174788453243e-01
-7.777558377487498e-02
-9.364461344909897e-02
-1.804702370143976e-01
-1.245633020813941e-01
8.511951562718546e-02
-8.512463627229008e-03
-2.437352597849464e-02
6.982845748260428e-03
-8.655693691906050e-02
2.531502276169142e-01
3.029952020555552e-01
2.872674893793085e-01
2.706714474471014e-01
3.770578437878939e-01
3.606565594918751e-01
-3.937617777440958e-01
-3.196034804971208e-01
-3.047116529848916e-01
-3.333537927976500e-01
-4.200147544274665e-01
-4.798731177056787e-01
-4.075787957269749e-01
-2.411895530906395e-02
6.837833719330159e-02
1.610773826629921e-01
1.439334009226937e-01
2.353482331966623e-01
5.247677003679485e-02
1.266723856399926e-01
-2.694496984445661e-01
-2.567697517477577e-01
-3.456243327177023e-01
-5.679007064302554e-01
-4.359668773169607e-01
-4.913437414263415e-01
-5.163757607731304e-01
-5.927679748951034e-01
-3.055946468349549e-01
-2.330915090498753e-01
-2.249470488677976e-01
-1.510881515904981e-01
-3.783250176000920e-01
-2.997527641730235e-01
-4.128028611957316e-01
-5.425805568215540e-01
-3.883303556348532e-01
-4.397408757057085e-01
-4.652653900289877e-01
-5.110017465544284e-01
-5.851939946531975e-01
-4.307526633766602e-01
-5.025679750531075e-01
-5.799225552438112e-01
-7.738086058666968e-01
-7.735303268876249e-01
-7.116832113627707e-01
-7.667491048370162e-01
-7.116562990242327e-01
-3.658243885762463e-01
-4.393986062401948e-01
-4.461911939983871e-01
-3.735414859211482e-01
-3.566420174439154e-01
-5.207245533512851e-01
-4.506061080211279e-01
-5.172747705460607e-01
7.062962679560010e-01
6.505483259657614e-01
7.095140441818921e-01
7.589307719082248e-01
7.462703144977521e-01
6.511435324103212e-01
7.111160446842665e-01
-2.907040979944517e-01
-2.154793514068847e-01
-1.282864510132454e-01
-1.405773466477272e-01
-2.048988313517053e-01
-2.811599257242292e-01
3.637089929407947e-01
4.374463262252971e-01
3.543770142581795e-01
2.790578009521760e-01
4.119684239109679e-01
5.104846042020773e-01
4.398311931184302e-01
4.794844955160448e-01
3.641973378496023e-01
-6.154032349526278e-01
-6.358965100424033e-01
-5.601944171355527e-01
-5.796941456208792e-01
-5.386503040021242e-01
7.663259962169245e-01
7.667172674215079e-01
8.161347457988443e-01
8.181603209717757e-01
8.424393290465850e-01
6.709562130810320e-01
7.151888793314769e-01
7.578539714272731e-01
7.981320061901316e-01
8.571502847319812e-01
-8.830173940160915e-01
-9.119248488223277e-01
-8.938803413920415e-01
-1.082167908890989e+00
-1.099770356347783e+00
-1.111954781030479e+00
-6.385598336827579e-01
-7.058728314936203e-01
-6.634903722222757e-01
-7.971506977848211e-01
-7.601991903626524e-01
-7.302848127705649e-01
-6.783466639104068e-01
4.397575328032647e-01
3.753400805602314e-01
4.905177640420508e-01
4.290576120127393e-01
3.604801229761518e-01
3.090105657030994e-01
3.687266675195674e-02
1.124432695866233e-03
7.116111982119500e-02
-3.772507997062373e-02
-7.240848402355242e-02
-1.153774910657691e-01
-1.923195426006060e-01
-1.014570835949081e-01
-8.621597468955505e-03
-8.674809190006785e-02
-1.795083403787713e-01
3.707331196282803e-02
1.137419234001399e-01
1.905391723561519e-01
9.954619081390438e-02
1.774890936528360e-01
2.026228200439599e-01
1.263013179134207e-01
5.536125490749145e-01
5.616133164509166e-01
5.808810400452300e-01
6.180909703338946e-01
6.123794945178301e-01
-7.978916380220318e-01
-7.538921419535108e-01
-7.655082089764085e-01
-7.136332801951646e-01
-9.128539637700588e-01
-8.564582727446460e-01
-9.575774420229126e-01
5.436419701664574e-02
-4.022129492142741e-02
3.837948086223815e-02
1.332358924719957e-01
-5.200983432559314e-01
-5.219526548735388e-01
-5.867227914720459e-01
-5.793541144303870e-01
1.252452766063656e-01
1.421271898779557e-01
2.047795765239439e-01
2.853097402403306e-01
2.251075472681395e-01
2.632567761919354e-01
-2.289247179927193e-02
-1.109293025324651e-01
-3.760064813848416e-02
-1.280553892791773e-01
-6.536419677711076e-01
-5.885969471276404e-01
-6.524548857055759e-01
-5.888059015734365e-01
-7.103316413658950e-01
-6.484254128666510e-01
4.486195243581954e-01
5.319631745153084e-01
6.113443528024955e-01
4.976271556861787e-01
5.789177679462602e-01
5.157955059403623e-01
4.316665133187145e-01
5.960829104170290e-01
-5.405347197147436e-02
-1.453912908551650e-01
-6.981191429155582e-02
2.227461055445048e-02
-2.365576798815983e-01
-1.626425348401305e-01
5.174415169779544e-01
4.513036915184416e-01
4.501063507676142e-01
3.780319768589699e-01
5.172854805893609e-01
3.777431886472799e-01
-1.348778796335764e-01
-2.124868644316318e-01
-1.191436958066715e-01
-1.027512651396306e-01
-1.962349498500467e-01
4.642010180498847e-01
4.781621518447734e-01
4.057897011174127e-01
3.921143078175672e-01
3.179309873730848e-01
-2.544377071255706e-01
-2.721374183059373e-01
-1.795847270515484e-01
-3.447424284835637e-01
-4.328412660789752e-01
-3.264432203894432e-01
4.181732424005367e-01
5.005556852161526e-01
4.286537533015939e-01
4.905118370586470e-01
5.694893652955755e-01
5.089838876690390e-01
5.778391977906087e-01
-6.619083536744771e-02
5.671011207735420e-03
2.130895256714571e-02
-1.608819311340815e-01
-7.852680757305816e-02
6.702659619640362e-01
7.239182969763132e-01
7.386444650572743e-01
6.839227914452237e-01
7.856585000597628e-01
7.697277813748959e-01
8.259442173660826e-01
4.132649725989446e-01
3.937441226727166e-01
3.434373766379163e-01
3.251717196411014e-01
-4.986380970470725e-01
-4.141625804334899e-01
-4.793089576766686e-01
-5.168217538177331e-01
-4.581382557857431e-01
-3.945594553937112e-01
8.730291583297108e-01
8.397542792876116e-01
7.981910057136279e-01
8.506027834235348e-01
8.807845108016417e-01
8.873813409038684e-01
4.122843113563105e-01
3.884878600604942e-01
3.519728242986661e-01
3.300036595954762e-01
2.460495630920743e-01
3.074397125585892e-01
-4.656825911352857e-01
-3.785953081444383e-01
-4.499545560972574e-01
-5.333395006122567e-01
-7.671554483055398e-01
-7.054113032697943e-01
-7.612113227661741e-01
-7.518764053079947e-01
-8.086266159488393e-01
-8.156231702042406e-01
3.313669392511248e-01
2.548126877839841e-01
3.438160420587360e-01
2.676016780379432e-01
-7.506698974880142e-01
-8.205492211377247e-01
-8.070267977589700e-01
-7.748207050250778e-01
-8.606492457227671e-01
-7.887544485903626e-01
-7.873708844415478e-01
5.430685932045927e-01
4.655736691029092e-01
4.914140439714887e-01
5.162936453324760e-01
5.677765007132577e-01
5.928153992780022e-01
3.033216563469379e-01
3.069800244236230e-01
3.098033033671033e-01
2.413312262113029e-01
2.362029370478680e-01
2.308995960729762e-01
9.253376937921891e-02
1.793980794955193e-01
7.626380664979147e-02
1.611054024594405e-01
6.030161267357536e-02
-7.475706036333808e-03
-6.711647197739229e-01
-6.547934204889964e-01
-7.245955304602555e-01
-5.970905048062398e-01
-5.297658653788290e-02
-3.870840396420341e-02
3.617092319940441e-02
1.095224145388857e-01
2.262035329689190e-01
1.634141620298940e-01
6.972409665084653e-02
2.411116411150083e-01
1.486562811989155e-01
-5.713051347393954e-01
-4.922943225355907e-01
-5.607154097679879e-01
-6.445540409341762e-01
-6.367710595497624e-01
-6.503449540493449e-01
-7.114866131793682e-01
5.597720518188283e-01
6.152078916000001e-01
7.304277997514275e-01
6.642222356886657e-01
6.868942564618832e-01
-3.823199815869463e-01
-4.529046901866977e-01
-4.513970936087988e-01
-3.846543522594359e-01
-3.827300900564860e-01
-3.101814726693579e-01
7.067669855023770e-01
6.355371069255390e-01
7.508500147258343e-01
6.540884688388480e-01
1.984706030938571e-01
2.664067765100495e-01
2.865460124997361e-01
3.062631186305024e-01
2.167735924148688e-01
6.951179481180666e-01
7.596349394706928e-01
7.645383567679035e-01
7.033166203048926e-01
7.505201888959994e-01
8.074415151679561e-01
8.134295523348418e-01
4.355580647017113e-01
3.732845213063885e-01
4.574965050230718e-01
5.384349425053367e-01
4.785358765785296e-01
-1.994875871745889e-01
-2.671083628938037e-01
-2.875890833462068e-01
-3.525180452061594e-01
-2.179276563656688e-01
-8.408585832545376e-01
-7.991060952216481e-01
-7.863613986409114e-01
-8.704404783290092e-01
-8.814888945251974e-01
-8.505487238761450e-01
-7.394539740313030e-01
-8.298163957774403e-01
-7.846451683727627e-01
-8.543028748832450e-01
-9.084393169312952e-01
-8.887397599104307e-01
8.900818053577193e-01
8.998140039760063e-01
9.138706861234203e-01
8.583012012758821e-01
8.925009587054512e-01
8.943988643319447e-01
8.680331618972909e-01
-8.629438171778511e-01
-8.899288841590802e-01
-8.583418104847254e-01
-8.884454685316543e-01
-2.424368889744886e-01
-3.126070256867122e-01
-3.115292205155353e-01
-1.672590975537905e-01
-2.381730118427881e-01
8.947174781691184e-01
9.150265169378937e-01
8.794032057852476e-01
9.244296284031422e-01
1.113167680394474e+00
-6.477438841629913e-01
-7.129623865383372e-01
-5.885106540875754e-01
-6.117166065986086e-01
-6.587239291994541e-01
-6.719499331660359e-01
7.388049627330680e-02
1.077174551972553e-01
-1.085878486545197e-01
-7.320213972183824e-02
-2.340280697849769e-03
-3.576116945215194e-02
3.502317151603233e-02
-1.777149495335681e-01
-1.509058903142132e-01
-2.245523880329782e-01
-2.532423908837313e-01
-2.039825864288378e-01
-1.786679312080867e-01
-1.145458384805892e-01
-8.989831205466616e-01
-9.292809811037533e-01
-9.216539796722076e-01
-8.885634413870502e-01
-1.108937045642815e+00
3.947075831725764e-01
3.242585955992335e-01
3.502934242252578e-01
2.832180684445550e-01
3.385758760213895e-01
-2.500239900091110e-01
-3.495833063520073e-01
-1.621994667658503e-01
-1.270080032732127e-01
-2.649718041714819e-01
3.539799987666689e-02
-3.339822629828462e-02
-9.903380795688442e-02
4.457220309202498e-02
-2.273100755062084e-02
-9.073721937694057e-02
-7.402648184654754e-01
-7.355077639428071e-01
-6.936113533029750e-01
-6.896753770486610e-01
-6.432974453108210e-01
-8.866773779464919e-01
-8.731193392041184e-01
-4.503418826574969e-01
-1.089447130767634e+00
-1.069860012550942e+00
-4.397672517234323e-01
7.567774073345833e-01
7.924502816737166e-01
9.132168915683893e-01
9.601298368427355e-01
3.848449791615259e-01
3.668284244717213e-01
-9.310196547939152e-02
-9.352859216231354e-01
-9.333320684727076e-01
-8.971744688374733e-01
-9.029066330134649e-01
-1.119603906669775e+00
-4.798991149706381e-01
-4.978664626431690e-01
-5.520503995162372e-01
-6.081249285410015e-01
-5.136305438782213e-01
-5.451798910448187e-01
2.268545326274145e-02
2.120358530375189e-02
-5.624900387595103e-03
-5.460086436649470e-03
2.724775538604250e-03
-6.138452847352685e-03
3.053520593734411e-03
2.901533800881255e-03
9.327964562514715e-01
8.880331483412675e-01
8.571723963548887e-01
8.600545354887799e-01
9.321360078148573e-01
1.090032630894841e-01
9.893529444056789e-02
-4.237688183750666e-02
3.954667071625506e-02
2.484341112555393e-01
1.767880176859437e-01
2.188862580115097e-01
1.500983863783781e-01
1.782274572815491e-01
1.771441738442108e-01
-6.404547881134548e-01
-6.284137979018938e-01
-6.785001472794454e-01
-7.003368631775139e-01
-6.334486661417263e-01
8.667983016675079e-01
7.863172354781587e-01
8.379526348034868e-01
8.034110457806702e-01
8.078837751310235e-01
4.340456449646764e-01
5.141788567748727e-01
1.960390918242594e-01
3.829494085440451e-01
4.504866794116108e-01
1.892153999165278e-02
1.717179216655999e-04
8.932366340109066e-02
5.446577914824539e-02
-8.918233679498132e-02
-3.072236354431717e-01
-1.466863281245214e-01
-3.922570050273003e-01
-2.806650827730854e-01
-2.141639109858773e-01
-5.479423796893284e-02
-1.771792928709172e-01
-9.186790378061899e-02
2.709269365079006e-02
-4.437358168442627e-01
-1.053647586764512e+00
-1.022574915041200e+00
-4.276382134826134e-01
-8.397200814338068e-01
-3.988859244180017e-01
-9.842144045629774e-01
-4.190470285042074e-01
-9.368556902309030e-01
-3.765338244319830e-01
9.551761123264579e-02
-3.584579721136057e-01
-8.273836528490073e-01
-3.282191316490161e-01
8.328559417433926e-02
8.972557373080872e-02
6.663149598344449e-01
2.881533080299490e-01
5.062956807452315e-01
7.333198191309274e-01
5.909884906082870e-01
3.183772659026002e-01
4.632936030695767e-01
1.099021031984363e+00
4.510618546351833e-01
1.079175523171458e+00
4.649791426110067e-01
4.422404141100879e-01
1.054827444334673e+00
-4.728599185539766e-01
-4.769010164808868e-01
-4.158199215370019e-01
-5.536164129107431e-01
4.073115948164685e-01
1.002924040704288e+00
4.232839794197165e-01
-9.656932431466153e-02
-1.014288807424349e-01
2.275737746336367e-01
2.602756181634356e-01
-5.918642183953085e-02
-6.767658272999227e-02
-5.242523274816725e-02
-4.090672779261149e-01
-3.878291925525223e-01
-3.647886796539253e-01
-4.234619775270568e-01
9.705977050588063e-02
9.252940674894958e-02
-4.557649285692973e-01
-4.606070200697609e-01
-4.531291784231379e-01
1.109972725447729e-01
1.133436143401500e-01
-2.711099797755028e-02
1.039496971260782e+00
4.332786071827807e-01
8.242451720667557e-01
8.523094559242912e-01
1.069133564363569e+00
3.899839239987239e-01
4.734261285913771e-01
1.792402706219712e-01
-5.131272705691768e-01
-4.449952934105716e-01
-5.040829700977730e-01
-5.900457196926153e-01
-1.950807277194420e-01
-4.335867866844437e-01
2.197373825565053e-01
2.131117856117712e-01
3.063662134118245e-01
1.092707671985049e-01
1.470029703179122e-01
6.272513051779789e-01
4.771889259624428e-01
4.628312268257219e-01
4.152398155635029e-01
5.272268884622133e-01
5.353340370288320e-01
-4.496352858696863e-02
4.416457584789033e-02
1.333024754674906e-01
-3.773546181586300e-04
3.704546214221520e-02
7.281266607456616e-02
-4.530164161563009e-03
-1.334846819143559e-02
-6.180469264298061e-01
-7.308567190952946e-01
-5.638024148480015e-01
-6.634896926978258e-01
9.031429715232188e-01
1.115649311908348e+00
9.292067781879820e-01
9.023808517553049e-01
8.120211622590628e-01
8.100148028063296e-01
8.530824730807030e-01
8.398051375606094e-01
1.020483339641005e+00
4.296725135547778e-01
4.135039686807369e-01
2.475203502551805e-01
2.652231430090403e-01
2.938949639492560e-01
3.159542360826015e-01
3.507463219604360e-01
1.277704822681208e-01
-7.667678018743426e-01
-5.913387094166781e-01
-5.338721628152003e-01
-5.813618690839231e-01
-5.298629268144786e-01
-7.003463305055947e-01
6.415401061949018e-01
6.932721262070317e-01
6.937150800443923e-01
6.394353316313784e-01
8.301402765057485e-01
8.841403733868745e-01
7.836547929857796e-01
7.755789211932747e-01
7.355218380213606e-01
9.828887827778525e-01
9.369351959169886e-01
4.004114755923290e-01
3.770121187273692e-01
-2.219131531898051e-01
-1.327924097115795e-01
-1.417873957215700e-01
-1.214077394762450e-01
-1.027495510077967e-01
-7.382959332539069e-02
8.703412767262543e-02
-2.183542277381249e-02
-2.337728149019618e-02
5.935594211971061e-03
5.444635998316349e-03
-2.803880029035762e-03
-2.959108080216134e-03
-5.533590857176069e-02
-4.803349799522926e-02
1.244495051909512e-02
2.425598272107531e-01
5.514526609172690e-01
2.124611193492318e-01
1.464431786762447e-02
-6.380361297373925e-02
-3.582626732869093e-02
7.674363266733019e-03
9.709273214899715e-03
-4.371925119028271e-02
1.617256044893397e-01
6.769303286444510e-02
5.918657512837775e-02
-2.890949048599714e-01
-2.603085165189893e-01
-2.271677943657058e-01
5.198376482569262e-02
-2.393679419173885e-02
9.925784453732456e-02
-2.494818121147424e-02
6.265545360516159e-03
6.706420288421089e-03
-3.187900277334894e-03
-2.694891471717824e-02
1.070366763461691e-01
1.115082001256753e-01
-2.730852185269932e-02
1.120597936148171e-01
-4.576953342882156e-01
-5.521567445576810e-03
1.788138593589399e-02
-3.313330172405691e-03
1.134406295578391e-03
-4.204884236776958e-04
-7.054718580724798e-04
2.741857706260054e-02
-1.098622642397093e-01
2.702761020120630e-02
2.683123642307236e-02
-1.056877427188889e-01
-1.099211144789206e-01
2.806459293975627e-02
-1.143650798609798e-01
2.783243577046559e-02
-1.119507579384434e-01
-7.185951298384285e-03
-7.204578997421988e-03
3.529825358082007e-03
4.430172327666346e-02
-1.167130926791497e-02
-1.367607786557063e-02
3.348857569392121e-03
-1.741667644896622e-03
-1.509528041244554e-03
-2.773970082454449e-02
6.962258281064435e-03
-3.436484513890586e-03
7.133250580647629e-03
7.282963265224675e-03
-3.537667971847477e-03
-3.516603863877574e-03
1.092104946193894e-02
-3.886693984818206e-02
8.534231126821673e-03
4.393772839736900e-03
-2.239633743837094e-02
-3.127820520755445e-02
6.591476701329658e-03
1.045136172337208e-01
-2.589038944452560e-02
1.063752513350214e-01
1.112114243126715e-01
-2.658891597045531e-02
2.337328953880897e-02
2.420210772160390e-02
-6.254555196878588e-03
3.134138287445037e-03
-5.762875927020603e-03
2.957238589889972e-03
2.016338335525413e-02
-8.454004007689835e-02
3.552900923902253e-01
3.322902895207537e-01
-8.999183362088251e-02
1.114921622494073e-05
-1.901421302130520e-02
-1.104037295113979e-03
9.017678745305211e-03
-4.625255790025044e-01
1.143849875084605e-01
1.128287631781531e-01
-4.616704874697800e-01
-1.114560399270690e+00
-8.646863655322180e-02
-8.137776392952065e-02
-7.351409585794855e-02
3.405930177895027e-01
9.173407827210045e-02
-1.808872883381414e-02
-2.691203013497663e-02
-2.271428495699216e-03
1.261060262429934e-03
-3.046452405125968e-01
-2.744555037390159e-01
6.397318524062762e-02
-2.443891105369850e-01
-6.284491282166649e-01
7.088370618517469e-02
-9.058941884436960e-03
3.285028984422426e-03
1.109526596649921e-03
5.769396275137439e-04
-1.661554653888262e-06
-1.419894073233954e-04
-5.669356930696354e-04
1.398957179040793e-04
1.062774994175131e-01
-2.628068828926231e-02
7.016133851636136e-03
6.599555381674771e-03
-3.354012643480325e-03
5.548296084102963e-02
4.841285750707757e-02
-2.134447363846785e-01
-1.789974233285516e-01
3.972915861793008e-02
-1.284887514215367e-02
-1.079062049487770e-02
7.468265106822354e-02
-3.233927443453716e-01
-7.969492435775535e-01
-3.437688590329765e-01
7.954894997127372e-02
4.659312115654238e-01
4.614985302448678e-01
1.105369168393946e+00
1.118395737387592e+00
-1.142090419108972e-01
2.757697218510028e-01
-7.136081069771183e-02
3.090335551201892e-01
6.975545942136717e-01
7.644068187517020e-01
-7.641739825551777e-02
5.851491584387055e-01
5.874261959001357e-01
5.330487149304699e-01
5.936928687832874e-01
1.348143769360971e-02
4.536014032308210e-03
-3.625740493346431e-02
2.255637176874962e-02
-2.203206135469544e-03
-9.487383690427618e-02
-9.935325054424260e-02
2.385728895760448e-02
2.756275806759487e-03
2.268971327602584e-03
-1.233299788211506e-03
-7.542937461340994e-03
-9.818740970490033e-03
1.726613877120504e-03
-9.872528233627119e-04
-5.599866309576649e-03
2.798025931245224e-03
-5.056775488698207e-03
2.627114979981478e-03
2.421696719499584e-03
2.188743359155341e-02
1.897677854867904e-02
2.071267017276109e-02
-4.199310947408800e-03
1.982346451220841e-03
1.741208464002034e-02
1.555393082198995e-02
-4.781163889191103e-03
2.212988291624048e-03
-2.505489632383429e-03
-1.987289864751976e-03
1.105513208107945e-03
-1.413043023557665e-03
8.399931354631171e-04
5.597646947178613e-04
-1.162344388625375e-03
4.254759688323050e-04
5.506353495428029e-03
-1.690605026599106e-03
9.729487810211066e-04
7.040699724611281e-04
4.106627703000644e-03
-1.891350153759593e-03
-1.657177576087363e-02
-1.447489844286869e-02
4.479587271680785e-03
-2.122546137014683e-03
3.766645539333592e-03
-2.016691570224591e-03
4.641738061306259e-03
-2.211055093410737e-03
-1.751952458866201e-02
-1.549891859515150e-02
4.363125367221879e-03
-4.866069369337908e-03
2.308803296668757e-03
2.548943622757067e-03
1.803110438980519e-02
1.654959649192113e-02
-4.537322455352053e-03
2.123800503944118e-03
-3.258960639536105e-03
1.752416660686813e-03
1.498386373934830e-03
1.168154146210630e-02
1.371432400940043e-02
-3.857441127897050e-03
-2.829867164760655e-03
-6.763486917046436e-03
3.339827473379733e-03
-6.863288013200779e-03
-7.171578247753777e-03
3.457395376119686e-03
3.555680156776351e-03
-6.910344156484897e-03
-7.021226394224738e-03
3.430937749002271e-03
2.555995933545065e-02
2.707952196501845e-02
3.488283452894075e-03
3.388595148956420e-03
1.964001132680351e-03
-8.423316423957740e-04
3.098706227946195e-02
-8.651366508998696e-03
-6.555515621097519e-03
-1.086627745665949e-01
2.907351503721995e-04
-2.804765444396073e-04
1.445766428352444e-03
-5.645113370443071e-04
-4.373944713589239e-03
8.492991133675874e-04
7.636856741228705e-01
7.859025740573409e-01
8.073499135186097e-01
8.052489568742788e-01
8.303367326547776e-01
-3.580311308351776e-03
-3.067112604536901e-03
1.649111131567460e-03
1.864380649713105e-03
-4.029721600713238e-03
1.366580163113492e-03
-6.748378883586923e-03
2.542473187090013e-02
-1.052459186358651e-01
-6.397920284832462e-03
3.220161657318925e-03
6.804828766170360e-06
-2.836688115044028e-04
2.185414420428003e-03
-3.185148675208397e-06
2.856174618877801e-04
-8.660766485934291e-04
2.569648078147343e-03
3.036591910693901e-03
3.562874445800937e-03
-1.619932684884824e-03
-1.112811862805598e-03
-1.386130547358267e-03
7.177530698329868e-03
-2.716144658414035e-02
7.027518351116596e-03
6.723748918448824e-03
-3.375359330910108e-03
-3.510586857422512e-03
-3.318521158596362e-03
6.090575665926916e-03
6.566972224183816e-03
-2.442745436557160e-02
-2.553215046159233e-02
1.006504916645063e-01
-3.120242899640290e-03
-3.241595843342339e-03
-2.275475339532232e-02
6.143160576093150e-03
5.602751078289726e-03
-2.125239320586116e-02
-3.065176837594473e-03
-2.894529677335282e-03
-2.703001729570207e-03
-6.272359824186892e-03
-6.647592839622606e-03
2.500382173192102e-02
-1.040024189025217e-01
2.544936257810105e-02
3.185803665010311e-03
3.318089481614177e-03
7.300546354394185e-01
6.818956340388321e-01
6.510276367655303e-01
7.374602030940934e-01
7.071454439431827e-01
6.399116734961545e-01
6.133471381272647e-01
8.575719877686604e-01
9.046593849639381e-01
8.805333992645429e-01
8.606286657533232e-01
1.091648117430263e+00
4.633651291909318e-01
4.482893920600953e-01
2.687614916331296e-02
-1.086704743486156e-01
-1.126662257045504e-01
-1.082017330641339e-01
-1.972535758393313e-02
4.931997161078597e-03
-1.829419854803977e-02
7.826669202408272e-02
-2.302587875413392e-03
5.402674875305930e-03
-2.558968144549778e-03
-1.874653266308633e-02
5.209709406707580e-03
-2.087407526166576e-02
-2.432237888360619e-03
-2.624941477826033e-03
-7.270542073649583e-03
2.753400765008886e-02
3.549083122455074e-03
3.593769952195640e-03
-7.216887495638820e-03
7.313892312673774e-03
-2.749260008668681e-02
7.093212717217113e-03
-2.780477842705179e-02
-3.535460624293513e-03
-3.522671930938979e-03
-3.574526859930456e-03

nz  1  1102  double
7.170832437139495e-01
7.280789622357793e-01
7.808766650742361e-01
8.372675239983803e-01
7.875097296029107e-01
3.971941217693325e-01
4.864251323194245e-01
4.357943986984757e-01
5.040832482720632e-01
4.466998489988004e-01
4.052506543848395e-01
3.803388538679527e-01
3.613514874756041e-01
3.604892673237039e-01
1.356520992862426e-01
1.337818174182088e-01
3.984261424072559e-01
4.943764596690189e-01
4.664136293730609e-01
3.857387068949920e-01
4.553848456380217e-01
5.416144708200302e-01
3.574868244914381e-01
3.981177537198403e-01
3.950798677145433e-01
4.877311747009606e-01
4.816947315202089e-01
4.700004083586314e-01
5.596722345896591e-01
5.485720777851789e-01
4.547952401725859e-01
3.852876337442281e-01
3.877472931558339e-01
3.813320953403121e-01
3.575696657873000e-01
3.579742882012594e-01
3.879261838756660e-01
4.564369674428775e-01
4.403952523948588e-01
3.807599942327140e-01
3.684915867529965e-01
3.603103175660382e-01
3.895185596934054e-01
4.741763034250160e-01
4.354333325465848e-01
3.814944592634387e-01
3.919254838409440e-01
3.570013982531742e-01
3.666926057287550e-01
5.209408750631599e-01
5.942299161917021e-01
5.787384088957225e-01
5.279302559742494e-01
6.525520094340275e-01
6.319689996526915e-01
5.545681998908958e-01
7.024755050335876e-01
7.378797265165822e-01
6.653756148743208e-01
7.300287392004682e-01
6.937696266638571e-01
6.234567986707075e-01
6.317418977934114e-01
6.803710097032074e-01
7.575308024749998e-01
7.485191282178624e-01
7.817933604459922e-01
8.383693657876359e-01
8.255976744510166e-01
7.643754229430837e-01
9.698723998774518e-01
9.898710529717906e-01
9.776197249930567e-01
9.524002029830344e-01
9.769247654057351e-01
9.551018065060295e-01
6.182512448058773e-01
6.920812916290198e-01
5.853538261790974e-01
5.358329611228884e-01
5.618893765763591e-01
5.435330734645590e-01
6.617213022729111e-01
6.238234408113866e-01
7.706162447608544e-01
8.298081516369983e-01
9.138888931283637e-01
9.498059459958480e-01
8.079405041824191e-01
7.472970872249640e-01
7.928921152020099e-01
6.982039598248195e-01
6.927358951767729e-01
7.571991078227071e-01
5.288022812156462e-01
5.956266095651702e-01
5.269755048070562e-01
5.975369086250848e-01
6.639549123307100e-01
6.616995550569019e-01
4.631670032999352e-01
6.997197377040519e-01
7.681139158168349e-01
7.280121770441896e-01
8.000829354408699e-01
7.348645618966365e-01
9.845543928684154e-01
9.973488751863729e-01
9.850071799780477e-01
9.672261608014937e-01
9.752298445500955e-01
9.926009443772568e-01
9.617268576374726e-01
9.739094713175984e-01
6.569017934328252e-01
5.845296789990330e-01
6.424063924057538e-01
7.132514744152159e-01
7.252687196681327e-01
5.110379047773400e-01
9.595805596499456e-01
9.725569193287487e-01
9.910127384626610e-01
9.437290326282449e-01
9.515707276051216e-01
9.173332435542826e-01
9.537286213399755e-01
9.517128374238729e-01
9.394704021253889e-01
9.237294686384515e-01
9.166787874740319e-01
9.201056891661864e-01
9.458445758457105e-01
9.529063855329004e-01
9.285972653251648e-01
8.859798627084641e-01
8.772682050237133e-01
9.080785939672233e-01
9.102496434623070e-01
9.226658219903461e-01
9.251044400460000e-01
8.875998308656760e-01
8.849827093971697e-01
8.803281560542117e-01
8.410665935994562e-01
9.069693189706954e-01
9.392486183814507e-01
9.015492580484535e-01
6.028773331217913e-01
7.042704014437402e-01
6.311215781772311e-01
6.786744270446595e-01
6.443838881961689e-01
6.860285395026247e-01
6.631727471453278e-01
7.351072533982586e-01
7.076223357086435e-01
6.995310537971160e-01
7.535107651706996e-01
6.501733385196536e-01
5.527889815561130e-01
5.911315728902766e-01
5.147372928499180e-01
5.771152846799861e-01
7.977130347583988e-01
7.332543701865190e-01
8.539705380695665e-01
8.339044229884832e-01
7.728864277011572e-01
5.837468912883403e-01
5.399636865150410e-01
6.322853268348734e-01
5.048811150207680e-01
5.839312834928504e-01
8.181213866845178e-01
8.128911617895429e-01
7.621163483560081e-01
7.626117306324892e-01
8.643272459940631e-01
6.988910848601833e-01
7.039500364301520e-01
7.522090929956187e-01
5.282044280080640e-01
6.062678935159933e-01
5.814760427453851e-01
5.051541196435013e-01
4.549106565162547e-01
6.574673669109166e-01
6.273441764487194e-01
8.135747416018796e-01
7.993112612134040e-01
8.360689999059511e-01
7.751780466785145e-01
8.552470037947171e-01
8.648099131090542e-01
8.132945726064306e-01
8.088662183704407e-01
8.608392031905552e-01
8.604306038574461e-01
4.625171394155849e-01
5.108266573720026e-01
5.240424145339301e-01
4.546451446450987e-01
5.336990039172440e-01
6.794068105312331e-01
7.056426673125152e-01
7.500486478928677e-01
7.720204180728304e-01
7.191632767986267e-01
5.885843989009113e-01
5.465769100782020e-01
5.092099331563561e-01
5.399412068538327e-01
4.446930143335341e-01
3.576343783268894e-01
3.582206386979834e-01
3.887583330695484e-01
1.336742784500992e-01
1.343537077444004e-01
3.588324730892629e-01
3.966996906486510e-01
3.574133970142086e-01
1.330350759639547e-01
1.343531287425628e-01
1.350762751515706e-01
5.670862315950553e-01
5.225069107803145e-01
6.032584829089433e-01
3.882762338408284e-01
4.759436734961557e-01
4.487667733456677e-01
4.873313355559108e-01
4.830138206240714e-01
4.670907565209698e-01
3.975606836324819e-01
3.939908742968367e-01
3.874636313578194e-01
4.533488045778736e-01
3.952338313803953e-01
3.570989412685232e-01
3.578920055731213e-01
3.772335826165704e-01
3.597433698173103e-01
8.876267191451642e-01
9.023669597709678e-01
9.299409630586891e-01
9.475638132075881e-01
9.625791775948053e-01
9.396795949317116e-01
8.570279116683641e-01
8.824233180237802e-01
8.980132744324550e-01
9.259730956388345e-01
9.365451467607445e-01
8.500354439026674e-01
8.300560440673979e-01
3.860332576223488e-01
3.603160091062096e-01
4.266314975556623e-01
3.584091255250778e-01
3.639346917273821e-01
3.594810571045623e-01
3.602564160503738e-01
3.732624834210289e-01
3.592714013677685e-01
1.345463783532277e-01
1.352950275802443e-01
1.360916549409951e-01
9.966399417180226e-01
9.993450488815406e-01
9.997849520936616e-01
9.918951504197143e-01
5.713718793159465e-01
6.373610913574881e-01
5.644404460646187e-01
5.049958317988034e-01
5.151348109967268e-01
5.936033386997892e-01
5.297334678247437e-01
5.357905113214754e-01
6.043504611922834e-01
4.651358808245882e-01
7.608624589998585e-01
7.777359244303685e-01
8.222469577316806e-01
8.346120381970340e-01
6.605559927229172e-01
6.844924057023795e-01
6.107131893106662e-01
6.282969977138639e-01
5.308290941789447e-01
5.524924963003758e-01
8.836447489466963e-01
8.414681222645608e-01
7.894718656349982e-01
8.179511616296776e-01
7.761010203748223e-01
8.344642230556220e-01
8.716744213666546e-01
7.876310109568678e-01
8.746429398201699e-01
8.821821631710328e-01
9.180536507376686e-01
9.053920922656845e-01
8.798015111553648e-01
9.206921417323358e-01
4.779850163754217e-01
5.580590262042635e-01
6.318425215261592e-01
6.228590613827495e-01
5.600328139539359e-01
5.464080436271590e-01
9.917300310537234e-01
9.758742538196384e-01
9.885526393431350e-01
9.751794119835122e-01
9.676843750519766e-01
8.855927691645435e-01
8.776063794399325e-01
9.075362758613674e-01
9.206394868049379e-01
9.454763383261595e-01
9.132581169590936e-01
9.364346688486654e-01
9.490886938769633e-01
8.956953298741307e-01
8.681007519234388e-01
8.673558181538297e-01
8.842034226474825e-01
8.320943973419493e-01
8.513019269849934e-01
8.595204134208488e-01
8.030410287593391e-01
7.945889795121859e-01
7.706990588202509e-01
7.423465545061959e-01
7.005479523968217e-01
7.684015666323494e-01
6.321012958798868e-01
6.705818728305561e-01
7.327548203844636e-01
6.676473050760370e-01
6.693552107708480e-01
7.299142621916659e-01
6.032185297407207e-01
5.973579591123009e-01
5.335919467560657e-01
8.498103628179687e-01
8.185417863875202e-01
8.995878062429926e-01
8.723457586914221e-01
8.135055735821254e-01
8.452096007407655e-01
7.858688547272840e-01
8.311759715553240e-01
7.492735705548493e-01
8.129484145333900e-01
4.618104357386378e-01
5.342711778600731e-01
6.010039269961884e-01
5.273899248949452e-01
4.657206214415637e-01
4.582583303913375e-01
6.584600030650517e-01
5.988941868003417e-01
7.280482908306374e-01
6.699288493233119e-01
6.724124871416425e-01
6.063649956632335e-01
8.842013084167627e-01
9.220575487526228e-01
8.811444201160042e-01
8.391643485989217e-01
6.208645663994770e-01
6.964917054334383e-01
6.449049513964179e-01
6.603737405654923e-01
5.888742751021203e-01
5.695565133513092e-01
9.272280430042106e-01
9.369944379363789e-01
8.988784451050713e-01
9.034385080988879e-01
4.550581257023560e-01
3.833682724874686e-01
3.609555077265930e-01
3.595047746155739e-01
3.668329097154011e-01
4.537925562976245e-01
3.760675430850042e-01
5.582456198187289e-01
5.850408287943802e-01
6.385678962327824e-01
6.856338214263985e-01
6.109387635676580e-01
6.510313042535474e-01
6.785974421060811e-01
6.041342206950882e-01
5.254512653594500e-01
5.024270845475455e-01
5.789250535863051e-01
6.550787552438826e-01
7.215055009047177e-01
7.331323368855889e-01
6.502976540731740e-01
6.657064679123963e-01
5.745058767479829e-01
6.267736275357210e-01
7.300483793786736e-01
7.224309103889170e-01
6.641626488425051e-01
7.846384640631896e-01
8.070454592862295e-01
8.628812227713364e-01
8.288537080004670e-01
7.850276123204774e-01
9.738677390525832e-01
9.651067997808009e-01
9.832092164672237e-01
9.604641557239613e-01
9.836350811746820e-01
8.040665360672007e-01
8.603894955939828e-01
8.255359989822211e-01
7.394493007128765e-01
7.645031447942372e-01
7.043733807210385e-01
6.664782997793480e-01
7.549946885609866e-01
6.852909531110883e-01
5.591127563086123e-01
6.094153749494046e-01
6.371945294998002e-01
6.296871898859483e-01
6.377334062593686e-01
5.667810415570664e-01
4.744300351585969e-01
5.545829981182137e-01
6.127751058705457e-01
6.568207971254706e-01
7.103470348972452e-01
5.825343219987277e-01
7.261895667620223e-01
7.920988801150849e-01
7.351541549294226e-01
7.895475334815303e-01
8.357793174291934e-01
8.433990082427257e-01
7.176278545464601e-01
6.453633854079208e-01
6.217254284096461e-01
6.963202597465451e-01
6.619958911014096e-01
5.900985949426742e-01
5.709523765796302e-01
7.114472337933733e-01
7.772886749053817e-01
7.556843184765628e-01
7.251298729478484e-01
7.913759319522714e-01
7.849224206595476e-01
7.273843295613307e-01
7.826709864955894e-01
7.206472947188955e-01
8.372483030570905e-01
5.306514646884971e-01
5.987080585965477e-01
5.999613699397519e-01
4.624174066364682e-01
4.623850183607001e-01
5.269228961762229e-01
6.670460681769960e-01
4.542999454598983e-01
5.029540802031292e-01
4.572588406087585e-01
3.862518764394043e-01
3.845739093075465e-01
3.588633390316823e-01
4.099115826921241e-01
3.730830859523516e-01
4.592425944980181e-01
3.821531388837274e-01
3.599317431906412e-01
3.604896389071918e-01
4.892812714967252e-01
4.434604179137326e-01
5.131881695610040e-01
4.564785289217715e-01
5.080391850196825e-01
4.583012188700786e-01
5.364465822387210e-01
5.534188610753797e-01
5.872572139783625e-01
3.571709116180450e-01
3.857430062853567e-01
3.584652184812623e-01
3.897415936160253e-01
1.336645055013267e-01
4.596703776559010e-01
3.964530290821177e-01
4.706825263053034e-01
5.253717279946922e-01
3.893156705654756e-01
3.582207123129281e-01
3.814337298545865e-01
3.596695036395735e-01
3.603611438104157e-01
3.849681940705284e-01
3.892399654901497e-01
3.591580518593764e-01
3.592873622682942e-01
3.594438863490443e-01
3.823534045638745e-01
3.853359498600558e-01
4.609278373572208e-01
5.231520069027984e-01
4.557750450025015e-01
4.460385073076486e-01
3.582502347649059e-01
3.866911927673014e-01
3.871077174798804e-01
3.580769948418842e-01
1.327063593395369e-01
3.878850072569313e-01
3.885838657795109e-01
3.573823003556801e-01
3.573261037820728e-01
4.663563374940318e-01
3.587697808690032e-01
1.351332279455785e-01
6.322787163948438e-01
6.304479756967308e-01
1.330022713752943e-01
1.090182706188815e+00
4.601606811263069e-01
5.164660452019456e-01
4.880795108832990e-01
5.455825850242078e-01
5.929706828952875e-01
3.915218139898221e-01
3.589128576208918e-01
3.589177902880697e-01
3.817066923386322e-01
3.582593330874706e-01
1.335371315511842e-01
3.578805758602111e-01
6.287074652244670e-01
1.355717303096449e-01
1.339258266567284e-01
6.287489237813259e-01
3.585419999788478e-01
3.592465578188202e-01
1.334861829176611e-01
1.352339973472786e-01
6.335725214810443e-01
6.311739617001699e-01
1.090999242238995e+00
3.705525909422562e-01
3.813911780624927e-01
3.587485889549833e-01
3.574733581069661e-01
1.332859794436224e-01
4.411250318743412e-01
3.695698407623098e-01
3.769172955319737e-01
3.847260740637773e-01
5.023434778402917e-01
4.419382710346820e-01
9.778521349025880e-01
9.779988598800687e-01
1.005652916926398e+00
1.005867339957173e+00
9.971688715646237e-01
1.005832652779074e+00
9.971681763567400e-01
9.971705652423540e-01
3.720414693771706e-01
4.458673815936354e-01
5.136929418651790e-01
4.916445073260520e-01
3.817481889965207e-01
4.431135581971696e-01
5.078642961918641e-01
4.761439738949722e-01
4.606137477252335e-01
4.395484767918872e-01
4.619329581512490e-01
3.827577822074232e-01
3.817899463314549e-01
3.582645846712574e-01
1.353535265028133e-01
4.965657633772733e-01
4.452823752706667e-01
4.424370336837694e-01
4.802170861903338e-01
3.833867002530767e-01
3.819758343291971e-01
4.420122192378652e-01
3.836967218402489e-01
3.795962742422107e-01
4.642312698761395e-01
1.339697511316049e-01
1.333407699982672e-01
6.313758290809510e-01
3.562775731927166e-01
3.577046993912154e-01
6.313450648905132e-01
1.354926948887606e-01
1.329774719856271e-01
6.312896416010497e-01
1.336108671035036e-01
1.354340164723398e-01
6.275002293037900e-01
1.331182050719728e-01
3.587947453816892e-01
3.582736788245639e-01
6.291792827890308e-01
1.352574874256480e-01
6.317585702108065e-01
1.091224344812911e+00
6.303238127325842e-01
1.349044831080174e-01
1.336697675172880e-01
6.330941188030397e-01
3.585836583724541e-01
6.301564547016556e-01
1.334445665919587e-01
6.276992568976250e-01
1.347282125699122e-01
6.317043910407280e-01
1.090860542088757e+00
6.279025626493133e-01
1.346950344156448e-01
6.333489330144516e-01
1.089499582676868e+00
1.090333517359225e+00
1.330304715716044e-01
6.321197759298253e-01
3.588029543154320e-01
1.351166192879238e-01
1.337129950583729e-01
6.301939947895294e-01
6.274562272214319e-01
1.353403703808510e-01
6.315867136135243e-01
1.361930670560126e-01
6.290168530127752e-01
6.311553485244124e-01
1.348069196590692e-01
1.343089649844786e-01
3.563131185379640e-01
3.545945548395170e-01
1.330134098009673e-01
6.303557005394080e-01
1.352834908479439e-01
6.307931447770990e-01
1.089674603293303e+00
1.090144729114351e+00
6.333571437754605e-01
6.308866891977157e-01
1.089151863328615e+00
1.090914616672147e+00
1.090924972378327e+00
6.297122628439337e-01
6.311434984720825e-01
6.331307918821721e-01
6.308494943266381e-01
1.089943234784047e+00
1.090394811576480e+00
6.330078246847302e-01
6.322504618503132e-01
6.304834886291981e-01
1.089874436262745e+00
1.090822442632063e+00
9.781784317074979e-01
1.344644299899529e-01
6.335727913419270e-01
3.585540295690926e-01
3.592646607566872e-01
1.342911095272519e-01
1.363351375760942e-01
1.335133967351062e-01
6.319895401974255e-01
1.351430378113596e-01
3.579681428118225e-01
3.590564589179236e-01
1.353966407766247e-01
6.326870498599135e-01
1.333672846299921e-01
1.352761019090127e-01
3.581581174797607e-01
1.353069874326076e-01
6.326830435014744e-01
6.245790550510519e-01
1.341920490748706e-01
3.579529960559117e-01
3.848755053141276e-01
3.581234500600303e-01
3.815837887796654e-01
3.585190430781998e-01
1.339956460776424e-01
1.364233526171909e-01
1.343811334239089e-01
6.318340128176542e-01
6.313043592021749e-01
6.314834347416924e-01
1.090719235726495e+00
1.089463665174149e+00
3.582770070963514e-01
1.366819227720598e-01
3.578912328678810e-01
1.348504170196504e-01
3.572973372016530e-01
1.352919142016846e-01
3.895682527599447e-01
3.563259371628195e-01
3.935572288744978e-01
3.586025483772986e-01
3.828712397812789e-01
3.590327134000847e-01
1.352080445365747e-01
6.316965017131677e-01
6.326776929385133e-01
3.590756675090372e-01
1.339782973156991e-01
3.775505196208048e-01
3.578168825037200e-01
1.337607758733589e-01
6.291215123091279e-01
1.338001265378911e-01
3.579442087372208e-01
3.587869762675862e-01
3.778400818369839e-01
3.670484527710803e-01
1.332207110513295e-01
3.590130531692476e-01
3.585363221673780e-01
3.727169259212853e-01
3.861418158739557e-01
1.338217089890388e-01
1.360623851104440e-01
3.754762035330785e-01
3.596312322522126e-01
3.592548476227397e-01
1.343208940559701e-01
1.348659972835319e-01
6.289518816108106e-01
6.320425169912705e-01
1.336845522708764e-01
1.354856968162239e-01
3.573855952855967e-01
4.508378256922366e-01
3.857279043907834e-01
6.306657845211040e-01
1.090388835823914e+00
9.780270812713081e-01
9.777839452540666e-01
1.005796636410389e+00
1.005656308314456e+00
9.971810616859712e-01
9.971857508575173e-01
1.089294272814731e+00
1.090239463270584e+00
9.784066923380499e-01
6.342479891436430e-01
1.346655371147629e-01
6.312161319019938e-01
9.779185098999482e-01
1.090416847152872e+00
1.091401108907596e+00
9.777665141406080e-01
9.778791370782661e-01
1.089906781987237e+00
6.320733959460263e-01
1.090779363871887e+00
1.089157540278590e+00
6.318094505372236e-01
6.312247408917788e-01
6.336646640617243e-01
1.090273631058758e+00
9.778023438331372e-01
1.089969180982558e+00
9.778347569909884e-01
1.005680590076041e+00
1.005850328430310e+00
9.971693994017603e-01
9.777945583983459e-01
1.089224518534615e+00
1.089639394860584e+00
9.778960611153219e-01
1.091456960112171e+00
6.296834667985466e-01
9.777596011915558e-01
1.090102486553994e+00
9.777588311057881e-01
1.005705876976993e+00
9.971846023537904e-01
9.971552902888783e-01
9.779511972154149e-01
1.088956058794960e+00
9.779257296307579e-01
9.776238799707850e-01
1.089273592744331e+00
1.090665680577984e+00
9.776074324619708e-01
1.091522620144168e+00
9.778203611151582e-01
1.089201455930051e+00
1.005725406456824e+00
1.005765579375531e+00
9.971839620200100e-01
1.091025975146548e+00
9.780340473204890e-01
9.779496738833935e-01
1.005811275203571e+00
9.971862972871268e-01
9.971638935267207e-01
9.778048954207216e-01
1.005681121825821e+00
9.971670057239964e-01
1.005690445393128e+00
1.005856020559285e+00
9.971689241798535e-01
9.971545886442884e-01
9.775477490965417e-01
1.088512362325706e+00
9.782370690962872e-01
9.778951314530211e-01
1.090570624787658e+00
1.090500579885062e+00
9.777988669544506e-01
1.091194172835725e+00
9.777874417895352e-01
1.089852426904047e+00
1.091566005013447e+00
9.778519813877957e-01
9.777444956733191e-01
9.780418031300059e-01
1.005809460031518e+00
9.971542551852586e-01
1.005630599081629e+00
9.971876019740041e-01
9.775206546083557e-01
1.090789593937302e+00
6.310787079381154e-01
6.298891596946194e-01
1.090498939206187e+00
1.090469955929205e+00
6.299570111160886e-01
9.779972933683674e-01
1.090372574235546e+00
6.314686368090026e-01
1.091266565691689e+00
1.089916181968841e+00
6.305535610043458e-01
1.348014434707150e-01
1.089768896543449e+00
1.090826249778059e+00
1.089337830889366e+00
6.337182602687932e-01
6.314066155331078e-01
1.091240690131154e+00
1.090498419055607e+00
1.005792534198740e+00
9.971301919673833e-01
6.299153024553666e-01
6.322511633878166e-01
1.090892735770243e+00
6.303298865248812e-01
1.344218417633065e-01
1.090193451607209e+00
1.090955381047421e+00
9.779101811482462e-01
9.778793229002498e-01
1.005769673368772e+00
1.005834808829278e+00
9.971372550459553e-01
1.005708447957025e+00
9.971502255486357e-01
1.091089329947261e+00
9.777986330391102e-01
1.005849173979956e+00
1.005656126787932e+00
9.971684800316061e-01
1.089485961130519e+00
1.090963796060599e+00
6.306762006293001e-01
6.309758912513651e-01
1.090417969191948e+00
9.777092709650165e-01
9.778155656619014e-01
1.090535515253493e+00
6.249252752499721e-01
1.348296798517745e-01
6.305466320171230e-01
1.088683008128758e+00
6.286537180945204e-01
6.303868721135467e-01
1.347176053426331e-01
1.326480043696626e-01
1.091171239197818e+00
6.307005218655486e-01
1.090794105268946e+00
6.246702637541492e-01
1.357842823319365e-01
1.372131167045643e-01
1.088742388663827e+00
4.707668584102981e-01
3.845462561447303e-01
4.463998895467332e-01
3.569310038234564e-01
1.090193261552975e+00
1.091121697348569e+00
6.318766909730651e-01
1.091180873201813e+00
9.779170579040412e-01
1.090093262752890e+00
1.090068570235592e+00
9.778924728377745e-01
1.005673700137563e+00
1.005763676996482e+00
9.971953993934169e-01
9.781204524945869e-01
9.777026370602606e-01
1.005830276540339e+00
9.971394113238448e-01
1.005816445832403e+00
9.971823949371631e-01
1.005640573308344e+00
9.971798602901850e-01
9.971806157205847e-01
9.779928774846902e-01
9.779539481554610e-01
9.777262559984833e-01
1.005635371042053e+00
9.971820666539396e-01
9.777713598335342e-01
9.779531371895268e-01
1.005814614965986e+00
9.971822367739503e-01
1.005684744684994e+00
1.005777669948763e+00
9.971806070085111e-01
1.005685915820941e+00
9.971735666385615e-01
9.971731954680565e-01
1.005850706427179e+00
9.971656998155504e-01
9.778039315281541e-01
1.005691729006111e+00
9.971838125600678e-01
9.971504304921351e-01
1.005825639505008e+00
9.971457765882243e-01
9.777666194524641e-01
9.781511502858501e-01
1.005705642728554e+00
9.971526476959847e-01
1.005680168685810e+00
9.971468232580801e-01
1.005634685627169e+00
9.971827425817160e-01
9.777193203801411e-01
9.780273748891506e-01
1.005841385889315e+00
1.005647560160364e+00
9.971961425861720e-01
9.971613361587430e-01
9.781104385583255e-01
9.778376316091095e-01
1.005776679992447e+00
9.971552318523794e-01
1.005647205763142e+00
9.971823362520174e-01
9.971791340151703e-01
9.780642047142750e-01
9.778799082598157e-01
1.005816795994316e+00
1.005823048074747e+00
1.005712325905605e+00
9.972148649655205e-01
1.005660762144841e+00
1.005807375863203e+00
9.971766859625657e-01
9.971401224671835e-01
1.005764686572087e+00
1.005736654082966e+00
9.971700744451524e-01
9.783894527999785e-01
9.776606159690342e-01
9.971733565152356e-01
9.971345377413507e-01
1.005704470585270e+00
9.971456980446661e-01
1.089828144562088e+00
9.779532335247937e-01
9.778717281123157e-01
6.314681638246189e-01
1.005833507920862e+00
9.971491431400614e-01
1.005833982573977e+00
9.971756604434596e-01
9.779754290212392e-01
1.005693670012827e+00
4.820712192947971e-01
5.092656521453949e-01
5.254644132614013e-01
4.479474374021624e-01
4.551721679667223e-01
1.005767092761575e+00
1.005780060738799e+00
9.971361571313211e-01
9.971913276431056e-01
1.005710156912439e+00
9.971912218737324e-01
1.005792746119572e+00
9.778165856721657e-01
1.090320841979975e+00
1.005685066180784e+00
9.971913247192945e-01
9.779394157278567e-01
1.005697124863606e+00
9.779310139811342e-01
9.971735410708916e-01
9.971523171161660e-01
1.005819002283852e+00
1.005840188041398e+00
1.005706230246264e+00
1.005753269567430e+00
9.971898628560916e-01
9.971718238661466e-01
9.971469756627014e-01
1.005811915880545e+00
9.778419127261528e-01
1.005786948206384e+00
1.005679215656049e+00
9.971884812866179e-01
9.971359511246087e-01
9.971524348451453e-01
1.005645913737620e+00
1.005827231804352e+00
9.778677353497233e-01
9.777610919777718e-01
1.089320294067551e+00
9.971749860850720e-01
9.971744955891173e-01
9.777484478591099e-01
1.005844395506395e+00
1.005637679778304e+00
9.779347040460487e-01
9.971545079523554e-01
9.971733018874953e-01
9.971902598322842e-01
1.005683516936514e+00
1.005796957127874e+00
9.777920798402482e-01
1.090665075503315e+00
9.781810650578272e-01
9.971717644877904e-01
9.971546893327917e-01
3.961824972639346e-01
4.898272763336457e-01
4.512919340206397e-01
4.535332624461275e-01
5.287129088519602e-01
5.736586159938252e-01
5.267725772186843e-01
4.535215411331408e-01
3.787714449604801e-01
3.852571096132064e-01
3.594709452340670e-01
1.334858068810971e-01
6.244624218828948e-01
6.302641984310485e-01
9.782239920914004e-01
1.088769355712177e+00
1.090708338918186e+00
1.090282995349284e+00
9.779650208095342e-01
1.005735592837024e+00
9.777870204152025e-01
1.091078533136676e+00
9.972029745484500e-01
1.005809601091315e+00
9.971437904232158e-01
9.782301054659127e-01
1.005804305387825e+00
9.775798789538082e-01
9.971799138767913e-01
9.971775480669761e-01
1.005804619440205e+00
9.779428903009040e-01
9.971716112318844e-01
9.971213321582808e-01
1.005809279122556e+00
1.005829851482925e+00
9.780949308306408e-01
1.005682581934063e+00
9.777959401249448e-01
9.971769518223779e-01
9.971646322274508e-01
9.971520036613953e-01

height  1  1102  double
2.010327693967715e-02
1.996590183057084e-02
1.953775131485157e-02
1.934653431815931e-02
1.942486114483840e-02
2.216062626388038e-02
2.164696732695782e-02
2.247041234408246e-02
2.110635759675854e-02
2.212415473681383e-02
2.200243501121639e-02
2.217896711793644e-02
2.380072798556136e-02
2.386858647597760e-02
2.320085260300130e-02
2.313208990237543e-02
2.197688502605896e-02
2.151020960816345e-02
2.217180027821109e-02
2.207709480177236e-02
2.238101748022812e-02
2.109743789540827e-02
2.388758350011933e-02
2.211022458028679e-02
2.204008990033145e-02
2.150881734336299e-02
2.203047013224695e-02
2.190379482575849e-02
2.103259214028441e-02
2.081307900534929e-02
2.207245835680984e-02
2.218099731913414e-02
2.211289922528504e-02
2.232284304959979e-02
2.380945425825470e-02
2.386129724681588e-02
2.222409800898838e-02
2.204240609158985e-02
2.244854564250606e-02
2.226312749718214e-02
2.232522306700978e-02
2.382961082521036e-02
2.220436566736204e-02
2.175610036845154e-02
2.241918089785402e-02
2.229046462649894e-02
2.212166599274033e-02
2.381636871153985e-02
2.235095641252090e-02
2.105287520945012e-02
2.094665320372760e-02
2.097961264643755e-02
2.120533167834726e-02
2.036088534280895e-02
2.035932823373577e-02
2.112482149920510e-02
2.023907237439395e-02
1.973802807004156e-02
2.025517948546150e-02
1.994554355125125e-02
2.000436531292089e-02
2.070725179002684e-02
2.049106133313211e-02
2.013332495322333e-02
1.972679356421896e-02
1.985974160844271e-02
1.951407554401977e-02
1.933823324887589e-02
1.937442906552586e-02
1.960685067628248e-02
1.865760127267302e-02
1.847514351290100e-02
1.854865571912273e-02
1.863261276976713e-02
1.854671469382102e-02
1.864779972224928e-02
2.058799970700896e-02
2.018476266319742e-02
2.106298566187702e-02
2.111196617977485e-02
2.099300910105933e-02
2.122422839418384e-02
2.025249771001235e-02
2.038030153798738e-02
1.955573880050136e-02
1.933584903112897e-02
1.886535170907442e-02
1.866869768318653e-02
1.936982414423164e-02
1.990416473805403e-02
1.945962911330410e-02
2.014051092208197e-02
1.996841313294274e-02
1.974167425851279e-02
2.097649529127455e-02
2.091826101165763e-02
2.112181289399202e-02
2.100344803539279e-02
2.017553930842934e-02
2.018141798510736e-02
2.215936963334939e-02
2.028694656395037e-02
1.953127013758359e-02
1.995456661462355e-02
1.954275768584237e-02
1.981537488045517e-02
1.849280949769319e-02
1.847170812518812e-02
1.850280994085666e-02
1.860506699623793e-02
1.858739825102511e-02
1.847660096937232e-02
1.866940028117895e-02
1.859013342378852e-02
2.017940539129426e-02
2.106417851101681e-02
2.041353271058521e-02
2.003765870253364e-02
2.009555489308443e-02
2.118841339358846e-02
1.864896590125338e-02
1.860903309962540e-02
1.847363732055829e-02
1.864909649758427e-02
1.868367306151865e-02
1.884337070637935e-02
1.865192882863854e-02
1.863705766392329e-02
1.870803400635773e-02
1.890627743893284e-02
1.884903627804393e-02
1.885621624991900e-02
1.868760759543201e-02
1.864172954583294e-02
1.873397081400170e-02
1.905029354562532e-02
1.901837887316513e-02
1.894979955743555e-02
1.894882222145160e-02
1.882264414743827e-02
1.889652287277728e-02
1.890719013756075e-02
1.897906022778107e-02
1.904838706084383e-02
1.933547003420999e-02
1.892739393498596e-02
1.872773811209118e-02
1.897331403620613e-02
2.077897456941215e-02
2.014746180397817e-02
2.034996117235043e-02
2.033708667808291e-02
2.020240879043423e-02
2.014594833380029e-02
2.020440506023220e-02
1.987359379225166e-02
2.023310637347118e-02
2.014634799249882e-02
1.973959213435608e-02
2.024153874696438e-02
2.110524946974396e-02
2.090359173187001e-02
2.113913135356718e-02
2.121115615091350e-02
1.955046060308610e-02
1.986149167594994e-02
1.913886043353509e-02
1.926491448739750e-02
1.957266196525511e-02
2.104693575616744e-02
2.098213680212280e-02
2.040681276300069e-02
2.130074621091370e-02
2.111979605302649e-02
1.944211512340363e-02
1.946949472565615e-02
1.962892364044708e-02
1.960661321747266e-02
1.906521561223947e-02
2.016461967938848e-02
2.018352423952970e-02
1.966140123294944e-02
2.124437671360279e-02
2.084249583837567e-02
2.104064336715434e-02
2.112459830555214e-02
2.219376707336938e-02
2.018751298053990e-02
2.043491170177081e-02
1.943239461174116e-02
1.950176956475636e-02
1.932202501396280e-02
1.950606156425383e-02
1.913436262339062e-02
1.910324115980224e-02
1.938822637812218e-02
1.939433524565672e-02
1.915132151072939e-02
1.918955190831138e-02
2.209617718829265e-02
2.115482541544231e-02
2.117342987089024e-02
2.216782180205842e-02
2.103163903633081e-02
2.023122333844998e-02
2.011310910743648e-02
1.971699455576820e-02
1.957379329051123e-02
2.004062581035660e-02
2.092837317892638e-02
2.124065047775801e-02
2.114110966498086e-02
2.121125228333845e-02
2.218130884443870e-02
2.379233788949025e-02
2.384120075357291e-02
2.222256810948445e-02
2.315049180023795e-02
2.330306281123538e-02
2.390185599133364e-02
2.206150436198455e-02
2.386461200770633e-02
2.326955540787907e-02
2.320050098867846e-02
2.342057958110429e-02
2.118261720625562e-02
2.098451979965458e-02
2.088703852988450e-02
2.210611651066889e-02
2.185954353712780e-02
2.225540693881430e-02
2.167022987917547e-02
2.202352361044610e-02
2.203666791253328e-02
2.200191361896742e-02
2.200517730880280e-02
2.222800310639201e-02
2.219376756996592e-02
2.225134267938731e-02
2.369932314935630e-02
2.372640162469977e-02
2.222805198443106e-02
2.387082992161998e-02
1.901568505096318e-02
1.895109693499867e-02
1.875880844536771e-02
1.866429679258274e-02
1.865437059466622e-02
1.872007995835007e-02
1.906761813826565e-02
1.898586515176647e-02
1.892798412930933e-02
1.883440961435461e-02
1.875437433574195e-02
1.922083304293036e-02
1.941485506171200e-02
2.219092554843277e-02
2.386470410001667e-02
2.248762207736804e-02
2.387051599355484e-02
2.245847557960022e-02
2.379962987484685e-02
2.386022727370697e-02
2.227945052073948e-02
2.378543349775982e-02
2.308623417455048e-02
2.322628439450295e-02
2.314417205118838e-02
1.847159741592899e-02
1.845142428572557e-02
1.845610556177740e-02
1.847114661854280e-02
2.117291803895942e-02
2.037693872460684e-02
2.107421368098955e-02
2.142751626022317e-02
2.108835727300992e-02
2.095900350461349e-02
2.115446472216607e-02
2.092255436926474e-02
2.081630633161142e-02
2.213413112390865e-02
1.968112348427666e-02
1.951983112661630e-02
1.938839105726418e-02
1.935457566454248e-02
2.025537885793616e-02
2.028698309647260e-02
2.056976525157606e-02
2.044000481104351e-02
2.109527240960620e-02
2.136081082519229e-02
1.897772643878581e-02
1.934796590392066e-02
1.942390779275038e-02
1.945992748953654e-02
1.955895359081234e-02
1.932915407995717e-02
1.904640598373401e-02
1.944649795114128e-02
1.907277132534389e-02
1.893560760368845e-02
1.886548644468523e-02
1.897909828282144e-02
1.902032656920713e-02
1.888722058644052e-02
2.177236902663027e-02
2.089087719541278e-02
2.052412660452816e-02
2.077678372454609e-02
2.102779026426166e-02
2.088012680798514e-02
1.848994154868383e-02
1.855689023612426e-02
1.848238507438561e-02
1.856285827276748e-02
1.865786683456967e-02
1.892126909272964e-02
1.904969412586377e-02
1.898755626893018e-02
1.883410884636560e-02
1.865908783646483e-02
1.890212501619529e-02
1.871502591399890e-02
1.864352813469844e-02
1.903218586108427e-02
1.908205717260701e-02
1.903286099154415e-02
1.900847433749112e-02
1.934976745465829e-02
1.923124833352061e-02
1.903575306685183e-02
1.957953246541378e-02
1.944844958042976e-02
1.955799556692887e-02
1.970834538285856e-02
2.014622598689417e-02
1.962241164436655e-02
2.028776695585969e-02
2.026204141605386e-02
2.001656982253661e-02
2.010560632482677e-02
2.009821615924839e-02
2.001107407900117e-02
2.097178190002786e-02
2.090713150129147e-02
2.093839088757408e-02
1.911452637828715e-02
1.944652588650563e-02
1.903251095018265e-02
1.904069602566181e-02
1.946327346218358e-02
1.916179153278473e-02
1.954392347474102e-02
1.934205036661024e-02
1.964088821831374e-02
1.954840055789706e-02
2.206451414965988e-02
2.106820100984688e-02
2.086007305358011e-02
2.104119511234118e-02
2.214519322341461e-02
2.206793775459814e-02
2.025456911641291e-02
2.082658638471561e-02
2.000546938866829e-02
2.011184137395905e-02
2.008428497027475e-02
2.098821372110969e-02
1.895314024940183e-02
1.888996142776591e-02
1.898976344234624e-02
1.933720569997278e-02
2.048500844356930e-02
2.019566276878990e-02
2.028410141060596e-02
2.018167906307737e-02
2.094566918383340e-02
2.122967717665945e-02
1.878441989517620e-02
1.878970810281505e-02
1.892112435346087e-02
1.889662017299711e-02
2.231789629626414e-02
2.212469358758674e-02
2.380689037112747e-02
2.378834007594701e-02
2.218012689196289e-02
2.197723625716401e-02
2.220695832257015e-02
2.112252150799586e-02
2.108356184406223e-02
2.028327859702155e-02
2.027178721636688e-02
2.071666761975750e-02
2.021816661947394e-02
2.010663862863165e-02
2.082410017775373e-02
2.117804204823293e-02
2.120231475788061e-02
2.113948280722277e-02
2.022995079901341e-02
2.002833047761955e-02
1.997909464094135e-02
2.023364801131586e-02
2.019714857210306e-02
2.107898279403065e-02
2.051893856732050e-02
2.005253622689184e-02
1.999526699886541e-02
2.009193421335060e-02
1.949523896636635e-02
1.955441479538598e-02
1.902775796267520e-02
1.932891482294415e-02
1.947109697815243e-02
1.861735461720106e-02
1.858898634003652e-02
1.853033211426997e-02
1.864049124592607e-02
1.851348606699451e-02
1.955740257950635e-02
1.907726992670045e-02
1.937703453091549e-02
1.978976926337352e-02
1.955603951643402e-02
2.013472990511286e-02
2.025330831889248e-02
1.961715496253328e-02
2.030902005926603e-02
2.120268716029662e-02
2.066853465991935e-02
2.030776934813034e-02
2.053329038988885e-02
2.029561462864516e-02
2.116140305520816e-02
2.198000287177194e-02
2.095806429040909e-02
2.071418488749454e-02
2.026033808359463e-02
2.009897554716774e-02
2.103152841527276e-02
2.001469689224073e-02
1.943041722935627e-02
1.998195474577341e-02
1.944184576592265e-02
1.933352598948054e-02
1.931257945466848e-02
2.003795711547495e-02
2.026142733018831e-02
2.051829714366425e-02
2.025418354958453e-02
2.022436742397373e-02
2.103424803710968e-02
2.108286328041716e-02
2.009663747500040e-02
1.953849890935071e-02
1.963483304701918e-02
1.993422632482666e-02
1.958236334076435e-02
1.946052512130714e-02
1.997105591813309e-02
1.950029037993616e-02
2.010144228657487e-02
1.937042982310962e-02
2.089687383078781e-02
2.094604597312388e-02
2.092792317609862e-02
2.215203660526521e-02
2.215542621115981e-02
2.120714250550444e-02
2.017886519255997e-02
2.222083871684581e-02
2.144613500978556e-02
2.201708213893525e-02
2.219312804829010e-02
2.225587572130683e-02
2.370459863893140e-02
2.222615071476345e-02
2.230750982037564e-02
2.214812126054806e-02
2.211962566769142e-02
2.388805727341731e-02
2.390042490457836e-02
2.146207712801879e-02
2.245815488734233e-02
2.109108674004110e-02
2.200396424341516e-02
2.111008426442515e-02
2.202749051390886e-02
2.111399995901022e-02
2.126707724815607e-02
2.104626443326750e-02
2.378708261914999e-02
2.229809327019179e-02
2.378079455425236e-02
2.210715253585862e-02
2.349869506233413e-02
2.203193223652331e-02
2.204272578213544e-02
2.200653062028886e-02
2.111173099646116e-02
2.202370879447435e-02
2.383908790806565e-02
2.204432421346281e-02
2.378724952096744e-02
2.378773156318365e-02
2.210799188188774e-02
2.211104491306231e-02
2.375017800855665e-02
2.379110288867331e-02
2.379328674985915e-02
2.212463890809817e-02
2.222143418197285e-02
2.211370369024454e-02
2.121331631231540e-02
2.209834750806293e-02
2.224203794414099e-02
2.381692441160348e-02
2.222947654340847e-02
2.209104232677447e-02
2.386535717799954e-02
2.339285118125498e-02
2.215091834680337e-02
2.210568173181175e-02
2.387990668009380e-02
2.378876205731426e-02
2.212323921549807e-02
2.377430524044792e-02
2.341555386722646e-02
3.090513412285449e-02
3.089110401334536e-02
2.326377225755033e-02
4.035943202749133e-02
2.218732921323288e-02
2.121225235181091e-02
2.150414241460647e-02
2.102664775668406e-02
2.090881056232199e-02
2.205931701142112e-02
2.382208430609794e-02
2.382535402019591e-02
2.211704173075530e-02
2.387018794766485e-02
2.301393568117863e-02
2.372006335910057e-02
3.095048101607962e-02
2.342969388166799e-02
2.327054150228520e-02
3.092178211973883e-02
2.373915102961120e-02
2.377181993890985e-02
2.305166435404096e-02
2.321787178259995e-02
3.092038888543215e-02
3.073904271893016e-02
4.040135401570807e-02
2.227332719160210e-02
2.220328746681982e-02
2.391679842213382e-02
2.383346700357878e-02
2.337757546042813e-02
2.244128593555424e-02
2.234319927980797e-02
2.227692057409714e-02
2.214280698372425e-02
2.110885685764355e-02
2.223084054752976e-02
3.804947841060208e-02
3.805538300505336e-02
3.860486739389739e-02
3.860876462643251e-02
3.847750111235600e-02
3.860924101533039e-02
3.847735038563552e-02
3.847741396464306e-02
2.234890072152547e-02
2.229945691324475e-02
2.122981630754944e-02
2.136218893632521e-02
2.222791594870353e-02
2.225052674681830e-02
2.120860268946464e-02
2.192294790198321e-02
2.214485792111619e-02
2.231244926258426e-02
2.201533104618309e-02
2.216798428991159e-02
2.218388163354439e-02
2.377913362019356e-02
2.318939090346093e-02
2.134811436427789e-02
2.206929094012092e-02
2.213625871922865e-02
2.164328730661666e-02
2.227801296146327e-02
2.212963837889425e-02
2.224019138263703e-02
2.215300485297641e-02
2.213164467184465e-02
2.206528472359477e-02
2.338612622239585e-02
2.350785728444069e-02
3.093178856523572e-02
2.384688842588016e-02
2.387543630244929e-02
3.087396015351075e-02
2.312152137096393e-02
2.308272797166505e-02
3.088848200203382e-02
2.314159239718055e-02
2.330058057793585e-02
3.103723601942562e-02
2.329218383583741e-02
2.379145390100572e-02
2.376537469714534e-02
3.085807663208734e-02
2.319433199620642e-02
3.093714681937513e-02
4.037414296118721e-02
3.093854329201315e-02
2.300368372968592e-02
2.312612486426132e-02
3.102461803967809e-02
2.382501812969028e-02
3.093790230259006e-02
2.289532484768550e-02
3.088975854246482e-02
2.315465107663097e-02
3.093379305860602e-02
4.036536699886066e-02
3.101991401346472e-02
2.325594552795664e-02
3.086812679531527e-02
4.033047025290888e-02
4.033000713856750e-02
2.333016220125202e-02
3.119731952033819e-02
2.390182476974281e-02
2.332567534143606e-02
2.348223173929230e-02
3.113357385837084e-02
3.096914763478098e-02
2.341475530845456e-02
3.094494521501756e-02
2.346199196649043e-02
3.083222354440329e-02
3.092142661857154e-02
2.318569400983141e-02
2.348852392824029e-02
2.375779375228772e-02
2.384511179775056e-02
2.337562687489593e-02
3.095948274341883e-02
2.303731770604674e-02
3.089835533615450e-02
4.033694126058249e-02
4.034516447352327e-02
3.087800116510084e-02
3.106023063249510e-02
4.032812401752691e-02
4.031329846892102e-02
4.038357469402471e-02
3.084106859120737e-02
3.092459676207206e-02
3.098744621037109e-02
3.089089721560816e-02
4.035370314659172e-02
4.035204578121483e-02
3.121198712839115e-02
3.109893170186208e-02
3.089725368864006e-02
4.031533140667039e-02
4.030865813023871e-02
3.806638080177815e-02
2.323006419345764e-02
3.097843088031599e-02
2.383636860502682e-02
2.377150606453837e-02
2.313019569578508e-02
2.339775788740200e-02
2.350603636217820e-02
3.096371889141731e-02
2.353114868692655e-02
2.380307585812593e-02
2.390010967062065e-02
2.345393533724758e-02
3.093853729322303e-02
2.342477497830727e-02
2.320559653843920e-02
2.374477890258118e-02
2.343678115095644e-02
3.092571214226210e-02
3.083985903216451e-02
2.342185054832290e-02
2.392575517320509e-02
2.222308502931086e-02
2.374912353790217e-02
2.206822334519615e-02
2.384193647110335e-02
2.309242360596687e-02
2.314021304783012e-02
2.311569991777203e-02
3.084498342746739e-02
3.091832286050601e-02
3.103924456705451e-02
4.037757441232957e-02
4.031994574567736e-02
2.392069735144950e-02
2.342700503078576e-02
2.379392248011595e-02
2.341917379565508e-02
2.377713015806160e-02
2.355044250597938e-02
2.216976979578147e-02
2.385006509229183e-02
2.203451442449715e-02
2.381176430148742e-02
2.216661974760300e-02
2.381963450798909e-02
2.327095332496465e-02
3.087190680172697e-02
3.096606208236910e-02
2.382000805131872e-02
2.320250954118260e-02
2.215669632328787e-02
2.377266908586252e-02
2.334794266041016e-02
3.090410623729757e-02
2.332057944155555e-02
2.375970057817753e-02
2.389874015534516e-02
2.225360568730228e-02
2.239064874049282e-02
2.333188194455581e-02
2.385007839694335e-02
2.385238706489758e-02
2.219255955165328e-02
2.215035283953400e-02
2.321331604997168e-02
2.304855802164369e-02
2.220022377198131e-02
2.385735980069972e-02
2.380910357397396e-02
2.296932480828295e-02
2.316365936415102e-02
3.089239943917371e-02
3.094960498801660e-02
2.315301820273015e-02
2.315008841229808e-02
2.377870646236648e-02
2.201090997673040e-02
2.208277994355196e-02
3.099084210598004e-02
4.034852934351589e-02
3.805318393589561e-02
3.804640518650960e-02
3.860857500320759e-02
3.860506997938627e-02
3.847746910980350e-02
3.847744263045683e-02
4.032024503140424e-02
4.034772988109484e-02
3.806147278778830e-02
3.106252183644535e-02
2.348970772015430e-02
3.095643864387404e-02
3.805343958153166e-02
4.033614618334076e-02
4.036453672200268e-02
3.804935729750962e-02
3.805243521543623e-02
4.033231936902571e-02
3.101911933793995e-02
4.032739828642327e-02
4.029186334494003e-02
3.105817958631151e-02
3.108989536190393e-02
3.110015508258197e-02
4.034040821945729e-02
3.804771441209789e-02
4.033778320231606e-02
3.805058981831084e-02
3.860566451717771e-02
3.860890955012675e-02
3.847744448469082e-02
3.805073559288576e-02
4.031361251643790e-02
4.034789958427100e-02
3.804855921372755e-02
4.037009987952935e-02
3.087444215825753e-02
3.804618245854482e-02
4.035182582836368e-02
3.804468573292553e-02
3.860668435471389e-02
3.847756491978288e-02
3.847745466828614e-02
3.805395750257985e-02
4.030630630866911e-02
3.805253938387630e-02
3.804185556827187e-02
4.034218670822926e-02
4.036151085898575e-02
3.804433093904420e-02
4.037166222188794e-02
3.805217157270350e-02
4.032315959362719e-02
3.860630676762083e-02
3.860718703663152e-02
3.847804615647755e-02
4.037923226610596e-02
3.805168735385515e-02
3.805693563122273e-02
3.860813883215401e-02
3.847799290106719e-02
3.847784493564172e-02
3.804686440836021e-02
3.860553205122603e-02
3.847763400364148e-02
3.860574486328639e-02
3.861000419764878e-02
3.847791192772848e-02
3.847768418815906e-02
3.804391951113088e-02
4.030656695647396e-02
3.805727757961404e-02
3.805314798321355e-02
4.034926117390981e-02
4.035802824828093e-02
3.804786092683417e-02
4.035998110272718e-02
3.805041411301686e-02
4.033127575314068e-02
4.038379677196580e-02
3.804877718596274e-02
3.804264051466583e-02
3.805415812733561e-02
3.860892662560689e-02
3.847720078768078e-02
3.860671874660195e-02
3.847749562041190e-02
3.804829726787141e-02
4.034169736726013e-02
3.101536120398793e-02
3.098827220951994e-02
4.034547904869219e-02
4.037191649621111e-02
3.083961875478161e-02
3.804790751565303e-02
4.036643629376283e-02
3.102134779792810e-02
4.036433810233269e-02
4.031702792955337e-02
3.090061316518911e-02
2.353563071777788e-02
4.038346611768968e-02
4.034427546661332e-02
4.026832681051671e-02
3.089935021719037e-02
3.100105056351612e-02
4.036760125487512e-02
4.034557583059602e-02
3.860750459464745e-02
3.847751951255286e-02
3.099200067769056e-02
3.110170665986023e-02
4.031264017831849e-02
3.113591740102830e-02
2.338749333147067e-02
4.031893642832984e-02
4.038090580841905e-02
3.804829242540779e-02
3.804497127926963e-02
3.860853477131691e-02
3.861027737336003e-02
3.847716360947156e-02
3.860721255737111e-02
3.847731832001965e-02
4.036781014984377e-02
3.805002595735566e-02
3.860876836916303e-02
3.860528925976625e-02
3.847749440604838e-02
4.031437201034648e-02
4.038161386834269e-02
3.086791561386178e-02
3.093006174094354e-02
4.032738724283844e-02
3.804486252831234e-02
3.804854842068936e-02
4.033509234487972e-02
3.087174636421378e-02
2.323745295483890e-02
3.095001297597199e-02
4.030762725342864e-02
3.101060870609515e-02
3.101545390646418e-02
2.333282749194626e-02
2.335264414559986e-02
4.034045787376512e-02
3.101158026642906e-02
4.032849783903460e-02
3.096961430570759e-02
2.344081764997456e-02
2.331287812987181e-02
4.028878844659452e-02
2.185740050333838e-02
2.216057462915348e-02
2.230439375851433e-02
2.386118505038342e-02
4.035061718301955e-02
4.039681380336845e-02
3.085855265847527e-02
4.035717186931925e-02
3.804617901002317e-02
4.034902002747763e-02
4.034415731233539e-02
3.804967456539639e-02
3.860627796480333e-02
3.860825074699801e-02
3.847803567952657e-02
3.805269067926865e-02
3.804237280148261e-02
3.860930065860246e-02
3.847747222982921e-02
3.861106419908548e-02
3.847758700038128e-02
3.860413526725857e-02
3.847764707216406e-02
3.847771465301333e-02
3.804035594108522e-02
3.806204647877522e-02
3.804217635707786e-02
3.860218178294169e-02
3.847795171072756e-02
3.806271371415985e-02
3.805708269688049e-02
3.860541327584446e-02
3.847783553573694e-02
3.860572356213789e-02
3.860813380081952e-02
3.847766675725531e-02
3.860552731923527e-02
3.847759824012539e-02
3.847748073286517e-02
3.860947269455580e-02
3.847750584331619e-02
3.804977949271113e-02
3.860553073641393e-02
3.847787237786517e-02
3.847747937402565e-02
3.860618445496028e-02
3.847766373379571e-02
3.805823041699733e-02
3.806460502929126e-02
3.860479947578196e-02
3.847772500553825e-02
3.860392697583243e-02
3.847767822253922e-02
3.860377815294323e-02
3.847789314225450e-02
3.805278489166396e-02
3.806154221869628e-02
3.860743489647936e-02
3.860346111111255e-02
3.847788128370398e-02
3.847750681971608e-02
3.806223630851232e-02
3.805475980258452e-02
3.860636095067310e-02
3.847767381351970e-02
3.860594060575050e-02
3.847798845807425e-02
3.847793256852511e-02
3.805196665034612e-02
3.804538102775314e-02
3.860881272339823e-02
3.860861349509884e-02
3.860737792477317e-02
3.847788162804619e-02
3.860547774665034e-02
3.860787089793999e-02
3.847769130436031e-02
3.847758090945819e-02
3.860721154095341e-02
3.860501247535641e-02
3.847751312261709e-02
3.805895185417595e-02
3.805132318149314e-02
3.847764604561857e-02
3.847724708778855e-02
3.860471649601881e-02
3.847742046490536e-02
4.031372715113305e-02
3.805867536362853e-02
3.805417718925383e-02
3.097566116302607e-02
3.861070286532534e-02
3.847732111158027e-02
3.860850112075642e-02
3.847757446381956e-02
3.805283953759699e-02
3.860641401483603e-02
2.163415444041072e-02
2.128793377064573e-02
2.108846944259924e-02
2.218254666847992e-02
2.200738215884776e-02
3.860737396297162e-02
3.860775227094604e-02
3.847751567605937e-02
3.847800109340099e-02
3.860536407897861e-02
3.847780988309059e-02
3.860884647189656e-02
3.804723901995371e-02
4.035906931219555e-02
3.860585575786406e-02
3.847762162254244e-02
3.804387523063555e-02
3.860711640643227e-02
3.805037495530211e-02
3.847750460595560e-02
3.847727868972834e-02
3.860840143413532e-02
3.860822341476319e-02
3.860666610667528e-02
3.860648737301303e-02
3.847809752917828e-02
3.847775222651079e-02
3.847772343733512e-02
3.860725173132603e-02
3.805018679386043e-02
3.860816779130968e-02
3.860550895995063e-02
3.847778916865915e-02
3.847753377703755e-02
3.847731153409864e-02
3.860569137797216e-02
3.860995900023183e-02
3.804564744419079e-02
3.804468062509716e-02
4.034584888732418e-02
3.847734246284817e-02
3.847741415896321e-02
3.804915189141177e-02
3.860929313156555e-02
3.860408928259457e-02
3.805459021055566e-02
3.847734635128896e-02
3.847745133766491e-02
3.847760649452223e-02
3.860598832300056e-02
3.860900352330384e-02
3.804677817602024e-02
4.036914101091665e-02
3.805244986897152e-02
3.847739784383826e-02
3.847732296555134e-02
2.208730597005204e-02
2.151040918055364e-02
2.238334565044952e-02
2.225263269564348e-02
2.114791038603012e-02
2.112645179141364e-02
2.103892503177651e-02
2.224601552115340e-02
2.228499269369642e-02
2.229884727914023e-02
2.374939673407049e-02
2.321718734411963e-02
3.102820019273849e-02
3.100320181120002e-02
3.806723318287347e-02
4.027779717805664e-02
4.031858964720582e-02
4.034346296722445e-02
3.804926264536076e-02
3.860732400978209e-02
3.804920185385578e-02
4.037749168087681e-02
3.847811663646410e-02
3.860852286335797e-02
3.847744088777132e-02
3.806021068537962e-02
3.860813441420688e-02
3.804490951268356e-02
3.847765003576664e-02
3.847748783847526e-02
3.860695227863286e-02
3.805940028060956e-02
3.847794704325951e-02
3.847744076795087e-02
3.860628733239242e-02
3.860740199844302e-02
3.805758204917108e-02
3.860322613490977e-02
3.805808819937926e-02
3.847793480244582e-02
3.847775886445702e-02
3.847783300040451e-02

nxx  1  1102  double
0.000000000000000e+00
0.000000000000000e+00
0.000000000000000e+00
0.000000000000000e+00
0.000000000000000e+00
0.000000000000000e+00
0.000000000000000e+00
0.000000000000000e+00
-0.000000000000000e+00
-0.000000000000000e+00
0.000000000000000e+00
0.000000000000000e+00
0.000000000000000e+00
-0.000000000000000e+00
0.000000000000000e+00
0.000000000000000e+00
0.000000000000000e+00
0.000000000000000e+00
0.000000000000000e+00
0.000000000000000e+00
0.000000000000000e+00
-0.000000000000000e+00
0.000000000000000e+00
0.000000000000000e+00
0.000000000000000e+00
0.000000000000000e+00
-0.000000000000000e+00
0.000000000000000e+00
-0.000000000000000e+00
0.000000000000000e+00
0.000000000000000e+00
0.000000000000000e+00
0.000000000000000e+00
0.000000000000000e+00
0.000000000000000e+00
0.000000000000000e+00
0.000000000000000e+00
0.000000000000000e+00
0.000000000000000e+00
0.000000000000000e+00
0.000000000000000e+00
0.000000000000000e+00
0.000000000000000e+00
0.000000000000000e+00
0.000000000000000e+00
0.000000000000000e+00
0.000000000000000e+00
0.000000000000000e+00
0.000000000000000e+00
0.000000000000000e+00
0.000000000000000e+00
0.000000000000000e+00
0.000000000000000e+00
0.000000000000000e+00
-0.000000000000000e+00
-0.000000000000000e+00
-0.000000000000000e+00
-0.000000000000000e+00
-0.000000000000000e+00
0.000000000000000e+00
0.000000000000000e+00
0.000000000000000e+00
0.000000000000000e+00
0.000000000000000e+00
0.000000000000000e+00
0.000000000000000e+00
-0.000000000000000e+00
-0.000000000000000e+00
0.000000000000000e+00
-0.000000000000000e+00
0.000000000000000e+00
0.000000000000000e+00
0.000000000000000e+00
0.000000000000000e+00
0.000000000000000e+00
0.000000000000000e+00
-0.000000000000000e+00
-0.000000000000000e+00
0.000000000000000e+00
0.000000000000000e+00
-0.000000000000000e+00
0.000000000000000e+00
0.000000000000000e+00
0.000000000000000e+00
-0.000000000000000e+00
-0.000000000000000e+00
0.000000000000000e+00
0.000000000000000e+00
0.000000000000000e+00
0.000000000000000e+00
0.000000000000000e+00
0.000000000000000e+00
0.000000000000000e+00
0.000000000000000e+00
0.000000000000000e+00
0.000000000000000e+00
0.000000000000000e+00
0.000000000000000e+00
0.000000000000000e+00
0.000000000000000e+00
-0.000000000000000e+00
-0.000000000000000e+00
0.000000000000000e+00
0.000000000000000e+00
0.000000000000000e+00
0.000000000000000e+00
0.000000000000000e+00
-0.000000000000000e+00
0.000000000000000e+00
0.000000000000000e+00
-0.000000000000000e+00
0.000000000000000e+00
0.000000000000000e+00
0.000000000000000e+00
0.000000000000000e+00
0.000000000000000e+00
0.000000000000000e+00
0.000000000000000e+00
0.000000000000000e+00
-0.000000000000000e+00
0.000000000000000e+00
0.000000000000000e+00
0.000000000000000e+00
0.000000000000000e+00
0.000000000000000e+00
0.000000000000000e+00
-0.000000000000000e+00
-0.000000000000000e+00
0.000000000000000e+00
-0.000000000000000e+00
-0.000000000000000e+00
0.000000000000000e+00
-0.000000000000000e+00
-0.000000000000000e+00
0.000000000000000e+00
0.000000000000000e+00
-0.000000000000000e+00
-0.000000000000000e+00
-0.000000000000000e+00
-0.000000000000000e+00
0.000000000000000e+00
0.000000000000000e+00
-0.000000000000000e+00
0.000000000000000e+00
0.000000000000000e+00
-0.000000000000000e+00
-0.000000000000000e+00
-0.000000000000000e+00
0.000000000000000e+00
0.000000000000000e+00
0.000000000000000e+00
0.000000000000000e+00
0.000000000000000e+00
0.000000000000000e+00
0.000000000000000e+00
0.000000000000000e+00
-0.000000000000000e+00
0.000000000000000e+00
0.000000000000000e+00
0.000000000000000e+00
0.000000000000000e+00
0.000000000000000e+00
0.000000000000000e+00
0.000000000000000e+00
-0.000000000000000e+00
-0.000000000000000e+00
0.000000000000000e+00
0.000000000000000e+00
0.000000000000000e+00
-0.000000000000000e+00
-0.000000000000000e+00
-0.000000000000000e+00
0.000000000000000e+00
-0.000000000000000e+00
0.000000000000000e+00
0.000000000000000e+00
0.000000000000000e+00
-0.000000000000000e+00
0.000000000000000e+00
-0.000000000000000e+00
-0.000000000000000e+00
0.000000000000000e+00
0.000000000000000e+00
0.000000000000000e+00
0.000000000000000e+00
0.000000000000000e+00
0.000000000000000e+00
0.000000000000000e+00
0.000000000000000e+00
-0.000000000000000e+00
-0.000000000000000e+00
0.000000000000000e+00
-0.000000000000000e+00
0.000000000000000e+00
0.000000000000000e+00
0.000000000000000e+00
0.000000000000000e+00
0.000000000000000e+00
0.000000000000000e+00
0.000000000000000e+00
0.000000000000000e+00
0.000000000000000e+00
0.000000000000000e+00
0.000000000000000e+00
-0.000000000000000e+00
-0.000000000000000e+00
-0.000000000000000e+00
-0.000000000000000e+00
-0.000000000000000e+00
0.000000000000000e+00
0.000000000000000e+00
-0.000000000000000e+00
0.000000000000000e+00
0.000000000000000e+00
-0.000000000000000e+00
-0.000000000000000e+00
-0.000000000000000e+00
0.000000000000000e+00
0.000000000000000e+00
0.000000000000000e+00
0.000000000000000e+00
0.000000000000000e+00
0.000000000000000e+00
0.000000000000000e+00
0.000000000000000e+00
-0.000000000000000e+00
-0.000000000000000e+00
-0.000000000000000e+00
0.000000000000000e+00
0.000000000000000e+00
0.000000000000000e+00
0.000000000000000e+00
0.000000000000000e+00
0.000000000000000e+00
0.000000000000000e+00
0.000000000000000e+00
0.000000000000000e+00
0.000000000000000e+00
-0.000000000000000e+00
-0.000000000000000e+00
-0.000000000000000e+00
0.000000000000000e+00
0.000000000000000e+00
0.000000000000000e+00
0.000000000000000e+00
0.000000000000000e+00
0.000000000000000e+00
0.000000000000000e+00
0.000000000000000e+00
-0.000000000000000e+00
-0.000000000000000e+00
0.000000000000000e+00
-0.000000000000000e+00
0.000000000000000e+00
0.000000000000000e+00
0.000000000000000e+00
-0.000000000000000e+00
-0.000000000000000e+00
0.000000000000000e+00
0.000000000000000e+00
0.000000000000000e+00
0.000000000000000e+00
0.000000000000000e+00
-0.000000000000000e+00
0.000000000000000e+00
0.000000000000000e+00
0.000000000000000e+00
0.000000000000000e+00
0.000000000000000e+00
0.000000000000000e+00
0.000000000000000e+00
0.000000000000000e+00
0.000000000000000e+00
0.000000000000000e+00
0.000000000000000e+00
0.000000000000000e+00
0.000000000000000e+00
0.000000000000000e+00
0.000000000000000e+00
0.000000000000000e+00
0.000000000000000e+00
0.000000000000000e+00
-0.000000000000000e+00
-0.000000000000000e+00
-0.000000000000000e+00
-0.000000000000000e+00
-0.000000000000000e+00
-0.000000000000000e+00
0.000000000000000e+00
0.000000000000000e+00
-0.000000000000000e+00
-0.000000000000000e+00
0.000000000000000e+00
0.000000000000000e+00
0.000000000000000e+00
0.000000000000000e+00
0.000000000000000e+00
-0.000000000000000e+00
-0.000000000000000e+00
0.000000000000000e+00
-0.000000000000000e+00
-0.000000000000000e+00
-0.000000000000000e+00
-0.000000000000000e+00
0.000000000000000e+00
0.000000000000000e+00
0.000000000000000e+00
0.000000000000000e+00
0.000000000000000e+00
0.000000000000000e+00
0.000000000000000e+00
0.000000000000000e+00
0.000000000000000e+00
0.000000000000000e+00
0.000000000000000e+00
0.000000000000000e+00
0.000000000000000e+00
0.000000000000000e+00
0.000000000000000e+00
-0.000000000000000e+00
0.000000000000000e+00
0.000000000000000e+00
-0.000000000000000e+00
0.000000000000000e+00
-0.000000000000000e+00
-0.000000000000000e+00
-0.000000000000000e+00
-0.000000000000000e+00
0.000000000000000e+00
-0.000000000000000e+00
0.000000000000000e+00
-0.000000000000000e+00
-0.000000000000000e+00
0.000000000000000e+00
0.000000000000000e+00
0.000000000000000e+00
0.000000000000000e+00
0.000000000000000e+00
-0.000000000000000e+00
-0.000000000000000e+00
0.000000000000000e+00
0.000000000000000e+00
0.000000000000000e+00
0.000000000000000e+00
0.000000000000000e+00
0.000000000000000e+00
0.000000000000000e+00
-0.000000000000000e+00
-0.000000000000000e+00
-0.000000000000000e+00
-0.000000000000000e+00
0.000000000000000e+00
0.000000000000000e+00
0.000000000000000e+00
0.000000000000000e+00
-0.000000000000000e+00
0.000000000000000e+00
0.000000000000000e+00
0.000000000000000e+00
0.000000000000000e+00
0.000000000000000e+00
0.000000000000000e+00
0.000000000000000e+00
0.000000000000000e+00
0.000000000000000e+00
-0.000000000000000e+00
-0.000000000000000e+00
0.000000000000000e+00
0.000000000000000e+00
0.000000000000000e+00
0.000000000000000e+00
0.000000000000000e+00
0.000000000000000e+00
0.000000000000000e+00
0.000000000000000e+00
0.000000000000000e+00
0.000000000000000e+00
0.000000000000000e+00
0.000000000000000e+00
0.000000000000000e+00
0.000000000000000e+00
-0.000000000000000e+00
0.000000000000000e+00
0.000000000000000e+00
0.000000000000000e+00
-0.000000000000000e+00
-0.000000000000000e+00
-0.000000000000000e+00
0.000000000000000e+00
0.000000000000000e+00
-0.000000000000000e+00
-0.000000000000000e+00
0.000000000000000e+00
-0.000000000000000e+00
-0.000000000000000e+00
0.000000000000000e+00
0.000000000000000e+00
0.000000000000000e+00
0.000000000000000e+00
0.000000000000000e+00
0.000000000000000e+00
0.000000000000000e+00
0.000000000000000e+00
0.000000000000000e+00
0.000000000000000e+00
0.000000000000000e+00
0.000000000000000e+00
0.000000000000000e+00
0.000000000000000e+00
0.000000000000000e+00
0.000000000000000e+00
0.000000000000000e+00
0.000000000000000e+00
0.000000000000000e+00
0.000000000000000e+00
-0.000000000000000e+00
-0.000000000000000e+00
-0.000000000000000e+00
-0.000000000000000e+00
0.000000000000000e+00
-0.000000000000000e+00
0.000000000000000e+00
0.000000000000000e+00
0.000000000000000e+00
0.000000000000000e+00
0.000000000000000e+00
0.000000000000000e+00
0.000000000000000e+00
0.000000000000000e+00
0.000000000000000e+00
0.000000000000000e+00
0.000000000000000e+00
0.000000000000000e+00
0.000000000000000e+00
0.000000000000000e+00
0.000000000000000e+00
0.000000000000000e+00
-0.000000000000000e+00
0.000000000000000e+00
-0.000000000000000e+00
-0.000000000000000e+00
-0.000000000000000e+00
-0.000000000000000e+00
0.000000000000000e+00
0.000000000000000e+00
0.000000000000000e+00
0.000000000000000e+00
0.000000000000000e+00
0.000000000000000e+00
0.000000000000000e+00
0.000000000000000e+00
0.000000000000000e+00
0.000000000000000e+00
0.000000000000000e+00
-0.000000000000000e+00
0.000000000000000e+00
0.000000000000000e+00
-0.000000000000000e+00
0.000000000000000e+00
0.000000000000000e+00
0.000000000000000e+00
0.000000000000000e+00
0.000000000000000e+00
0.000000000000000e+00
0.000000000000000e+00
0.000000000000000e+00
0.000000000000000e+00
0.000000000000000e+00
0.000000000000000e+00
0.000000000000000e+00
0.000000000000000e+00
0.000000000000000e+00
0.000000000000000e+00
0.000000000000000e+00
-0.000000000000000e+00
-0.000000000000000e+00
-0.000000000000000e+00
0.000000000000000e+00
0.000000000000000e+00
0.000000000000000e+00
0.000000000000000e+00
0.000000000000000e+00
0.000000000000000e+00
0.000000000000000e+00
0.000000000000000e+00
0.000000000000000e+00
0.000000000000000e+00
-0.000000000000000e+00
-0.000000000000000e+00
0.000000000000000e+00
0.000000000000000e+00
-0.000000000000000e+00
0.000000000000000e+00
-0.000000000000000e+00
-0.000000000000000e+00
-0.000000000000000e+00
-0.000000000000000e+00
0.000000000000000e+00
0.000000000000000e+00
0.000000000000000e+00
0.000000000000000e+00
-0.000000000000000e+00
0.000000000000000e+00
0.000000000000000e+00
0.000000000000000e+00
0.000000000000000e+00
-0.000000000000000e+00
0.000000000000000e+00
-0.000000000000000e+00
0.000000000000000e+00
0.000000000000000e+00
0.000000000000000e+00
0.000000000000000e+00
0.000000000000000e+00
-0.000000000000000e+00
0.000000000000000e+00
0.000000000000000e+00
0.000000000000000e+00
0.000000000000000e+00
0.000000000000000e+00
0.000000000000000e+00
0.000000000000000e+00
-0.000000000000000e+00
-0.000000000000000e+00
-0.000000000000000e+00
-0.000000000000000e+00
0.000000000000000e+00
-0.000000000000000e+00
0.000000000000000e+00
0.000000000000000e+00
0.000000000000000e+00
-0.000000000000000e+00
-0.000000000000000e+00
0.000000000000000e+00
0.000000000000000e+00
0.000000000000000e+00
0.000000000000000e+00
0.000000000000000e+00
0.000000000000000e+00
0.000000000000000e+00
0.000000000000000e+00
-0.000000000000000e+00
-0.000000000000000e+00
0.000000000000000e+00
-0.000000000000000e+00
0.000000000000000e+00
0.000000000000000e+00
0.000000000000000e+00
-0.000000000000000e+00
0.000000000000000e+00
-0.000000000000000e+00
-0.000000000000000e+00
-0.000000000000000e+00
0.000000000000000e+00
-0.000000000000000e+00
-0.000000000000000e+00
0.000000000000000e+00
0.000000000000000e+00
0.000000000000000e+00
0.000000000000000e+00
0.000000000000000e+00
-0.000000000000000e+00
0.000000000000000e+00
0.000000000000000e+00
0.000000000000000e+00
0.000000000000000e+00
-0.000000000000000e+00
0.000000000000000e+00
0.000000000000000e+00
0.000000000000000e+00
0.000000000000000e+00
0.000000000000000e+00
-0.000000000000000e+00
0.000000000000000e+00
-0.000000000000000e+00
0.000000000000000e+00
-0.000000000000000e+00
-0.000000000000000e+00
0.000000000000000e+00
0.000000000000000e+00
-0.000000000000000e+00
0.000000000000000e+00
-0.000000000000000e+00
0.000000000000000e+00
0.000000000000000e+00
-0.000000000000000e+00
0.000000000000000e+00
0.000000000000000e+00
0.000000000000000e+00
0.000000000000000e+00
0.000000000000000e+00
0.000000000000000e+00
0.000000000000000e+00
0.000000000000000e+00
0.000000000000000e+00
0.000000000000000e+00
0.000000000000000e+00
0.000000000000000e+00
0.000000000000000e+00
0.000000000000000e+00
0.000000000000000e+00
-0.000000000000000e+00
0.000000000000000e+00
0.000000000000000e+00
0.000000000000000e+00
0.000000000000000e+00
-0.000000000000000e+00
-0.000000000000000e+00
-0.000000000000000e+00
0.000000000000000e+00
0.000000000000000e+00
0.000000000000000e+00
0.000000000000000e+00
0.000000000000000e+00
0.000000000000000e+00
-0.000000000000000e+00
-0.000000000000000e+00
-0.000000000000000e+00
0.000000000000000e+00
0.000000000000000e+00
0.000000000000000e+00
0.000000000000000e+00
0.000000000000000e+00
0.000000000000000e+00
-0.000000000000000e+00
0.000000000000000e+00
0.000000000000000e+00
0.000000000000000e+00
0.000000000000000e+00
-0.000000000000000e+00
-0.000000000000000e+00
0.000000000000000e+00
0.000000000000000e+00
-0.000000000000000e+00
-0.000000000000000e+00
-0.000000000000000e+00
-0.000000000000000e+00
0.000000000000000e+00
0.000000000000000e+00
0.000000000000000e+00
-0.000000000000000e+00
-0.000000000000000e+00
0.000000000000000e+00
-0.000000000000000e+00
0.000000000000000e+00
-0.000000000000000e+00
0.000000000000000e+00
-0.000000000000000e+00
0.000000000000000e+00
0.000000000000000e+00
-0.000000000000000e+00
0.000000000000000e+00
0.000000000000000e+00
-0.000000000000000e+00
-0.000000000000000e+00
-0.000000000000000e+00
0.000000000000000e+00
0.000000000000000e+00
-0.000000000000000e+00
-0.000000000000000e+00
0.000000000000000e+00
0.000000000000000e+00
0.000000000000000e+00
0.000000000000000e+00
0.000000000000000e+00
0.000000000000000e+00
0.000000000000000e+00
-0.000000000000000e+00
0.000000000000000e+00
0.000000000000000e+00
0.000000000000000e+00
0.000000000000000e+00
0.000000000000000e+00
-0.000000000000000e+00
0.000000000000000e+00
-0.000000000000000e+00
-0.000000000000000e+00
0.000000000000000e+00
0.000000000000000e+00
0.000000000000000e+00
-0.000000000000000e+00
-0.000000000000000e+00
-0.000000000000000e+00
0.000000000000000e+00
0.000000000000000e+00
0.000000000000000e+00
0.000000000000000e+00
0.000000000000000e+00
-0.000000000000000e+00
-0.000000000000000e+00
0.000000000000000e+00
-0.000000000000000e+00
-0.000000000000000e+00
0.000000000000000e+00
0.000000000000000e+00
0.000000000000000e+00
0.000000000000000e+00
0.000000000000000e+00
0.000000000000000e+00
0.000000000000000e+00
0.000000000000000e+00
0.000000000000000e+00
-0.000000000000000e+00
0.000000000000000e+00
-0.000000000000000e+00
0.000000000000000e+00
0.000000000000000e+00
-0.000000000000000e+00
0.000000000000000e+00
0.000000000000000e+00
0.000000000000000e+00
0.000000000000000e+00
-0.000000000000000e+00
0.000000000000000e+00
-0.000000000000000e+00
0.000000000000000e+00
0.000000000000000e+00
0.000000000000000e+00
0.000000000000000e+00
-0.000000000000000e+00
0.000000000000000e+00
-0.000000000000000e+00
0.000000000000000e+00
0.000000000000000e+00
0.000000000000000e+00
0.000000000000000e+00
0.000000000000000e+00
0.000000000000000e+00
0.000000000000000e+00
-0.000000000000000e+00
-0.000000000000000e+00
-0.000000000000000e+00
0.000000000000000e+00
0.000000000000000e+00
-0.000000000000000e+00
0.000000000000000e+00
0.000000000000000e+00
0.000000000000000e+00
0.000000000000000e+00
0.000000000000000e+00
0.000000000000000e+00
0.000000000000000e+00
-0.000000000000000e+00
0.000000000000000e+00
0.000000000000000e+00
0.000000000000000e+00
-0.000000000000000e+00
-0.000000000000000e+00
0.000000000000000e+00
0.000000000000000e+00
0.000000000000000e+00
0.000000000000000e+00
0.000000000000000e+00
0.000000000000000e+00
0.000000000000000e+00
0.000000000000000e+00
0.000000000000000e+00
-0.000000000000000e+00
-0.000000000000000e+00
0.000000000000000e+00
0.000000000000000e+00
-0.000000000000000e+00
-0.000000000000000e+00
-0.000000000000000e+00
0.000000000000000e+00
0.000000000000000e+00
-0.000000000000000e+00
0.000000000000000e+00
0.000000000000000e+00
0.000000000000000e+00
0.000000000000000e+00
-0.000000000000000e+00
-0.000000000000000e+00
0.000000000000000e+00
0.000000000000000e+00
0.000000000000000e+00
0.000000000000000e+00
-0.000000000000000e+00
0.000000000000000e+00
0.000000000000000e+00
0.000000000000000e+00
0.000000000000000e+00
0.000000000000000e+00
0.000000000000000e+00
0.000000000000000e+00
0.000000000000000e+00
0.000000000000000e+00
0.000000000000000e+00
0.000000000000000e+00
0.000000000000000e+00
0.000000000000000e+00
0.000000000000000e+00
0.000000000000000e+00
0.000000000000000e+00
0.000000000000000e+00
0.000000000000000e+00
0.000000000000000e+00
0.000000000000000e+00
-0.000000000000000e+00
-0.000000000000000e+00
-0.000000000000000e+00
-0.000000000000000e+00
-0.000000000000000e+00
-0.000000000000000e+00
-0.000000000000000e+00
-0.000000000000000e+00
-0.000000000000000e+00
-0.000000000000000e+00
0.000000000000000e+00
0.000000000000000e+00
-0.000000000000000e+00
-0.000000000000000e+00
0.000000000000000e+00
0.000000000000000e+00
0.000000000000000e+00
0.000000000000000e+00
0.000000000000000e+00
0.000000000000000e+00
0.000000000000000e+00
0.000000000000000e+00
0.000000000000000e+00
0.000000000000000e+00
0.000000000000000e+00
0.000000000000000e+00
0.000000000000000e+00
0.000000000000000e+00
0.000000000000000e+00
0.000000000000000e+00
0.000000000000000e+00
0.000000000000000e+00
0.000000000000000e+00
0.000000000000000e+00
0.000000000000000e+00
0.000000000000000e+00
0.000000000000000e+00
0.000000000000000e+00
-0.000000000000000e+00
-0.000000000000000e+00
0.000000000000000e+00
0.000000000000000e+00
0.000000000000000e+00
0.000000000000000e+00
0.000000000000000e+00
0.000000000000000e+00
0.000000000000000e+00
0.000000000000000e+00
-0.000000000000000e+00
0.000000000000000e+00
0.000000000000000e+00
0.000000000000000e+00
-0.000000000000000e+00
0.000000000000000e+00
-0.000000000000000e+00
-0.000000000000000e+00
0.000000000000000e+00
0.000000000000000e+00
0.000000000000000e+00
0.000000000000000e+00
0.000000000000000e+00
0.000000000000000e+00
0.000000000000000e+00
0.000000000000000e+00
0.000000000000000e+00
0.000000000000000e+00
0.000000000000000e+00
-0.000000000000000e+00
0.000000000000000e+00
-0.000000000000000e+00
-0.000000000000000e+00
0.000000000000000e+00
-0.000000000000000e+00
0.000000000000000e+00
-0.000000000000000e+00
0.000000000000000e+00
0.000000000000000e+00
0.000000000000000e+00
0.000000000000000e+00
0.000000000000000e+00
0.000000000000000e+00
0.000000000000000e+00
0.000000000000000e+00
-0.000000000000000e+00
-0.000000000000000e+00
0.000000000000000e+00
0.000000000000000e+00
0.000000000000000e+00
0.000000000000000e+00
-0.000000000000000e+00
-0.000000000000000e+00
0.000000000000000e+00
0.000000000000000e+00
0.000000000000000e+00
0.000000000000000e+00
0.000000000000000e+00
0.000000000000000e+00
-0.000000000000000e+00
0.000000000000000e+00
0.000000000000000e+00
0.000000000000000e+00
0.000000000000000e+00
0.000000000000000e+00
0.000000000000000e+00
0.000000000000000e+00
0.000000000000000e+00
-0.000000000000000e+00
0.000000000000000e+00
0.000000000000000e+00
0.000000000000000e+00
0.000000000000000e+00
-0.000000000000000e+00
0.000000000000000e+00
0.000000000000000e+00
0.000000000000000e+00
0.000000000000000e+00
0.000000000000000e+00
0.000000000000000e+00
0.000000000000000e+00
-0.000000000000000e+00
-0.000000000000000e+00
0.000000000000000e+00
0.000000000000000e+00
0.000000000000000e+00
0.000000000000000e+00
0.000000000000000e+00
0.000000000000000e+00
0.000000000000000e+00
0.000000000000000e+00
0.000000000000000e+00
0.000000000000000e+00
0.000000000000000e+00
0.000000000000000e+00
0.000000000000000e+00
0.000000000000000e+00
0.000000000000000e+00
0.000000000000000e+00
0.000000000000000e+00
0.000000000000000e+00
0.000000000000000e+00
0.000000000000000e+00
0.000000000000000e+00
-0.000000000000000e+00
-0.000000000000000e+00
-0.000000000000000e+00
-0.000000000000000e+00
-0.000000000000000e+00
-0.000000000000000e+00
0.000000000000000e+00
0.000000000000000e+00
0.000000000000000e+00
0.000000000000000e+00
0.000000000000000e+00
0.000000000000000e+00
0.000000000000000e+00
0.000000000000000e+00
-0.000000000000000e+00
-0.000000000000000e+00
0.000000000000000e+00
0.000000000000000e+00
0.000000000000000e+00
0.000000000000000e+00
0.000000000000000e+00
0.000000000000000e+00
0.000000000000000e+00
0.000000000000000e+00
0.000000000000000e+00
0.000000000000000e+00
0.000000000000000e+00
0.000000000000000e+00
0.000000000000000e+00
0.000000000000000e+00
-0.000000000000000e+00
0.000000000000000e+00
0.000000000000000e+00
0.000000000000000e+00
0.000000000000000e+00
0.000000000000000e+00
0.000000000000000e+00
0.000000000000000e+00
0.000000000000000e+00
0.000000000000000e+00
0.000000000000000e+00
-0.000000000000000e+00
-0.000000000000000e+00
0.000000000000000e+00
-0.000000000000000e+00
0.000000000000000e+00
0.000000000000000e+00
0.000000000000000e+00
0.000000000000000e+00
0.000000000000000e+00
0.000000000000000e+00
0.000000000000000e+00
0.000000000000000e+00
0.000000000000000e+00
0.000000000000000e+00
-0.000000000000000e+00
0.000000000000000e+00
0.000000000000000e+00
-0.000000000000000e+00
-0.000000000000000e+00
-0.000000000000000e+00
-0.000000000000000e+00
-0.000000000000000e+00
0.000000000000000e+00
0.000000000000000e+00
0.000000000000000e+00
0.000000000000000e+00
0.000000000000000e+00
0.000000000000000e+00
-0.000000000000000e+00
-0.000000000000000e+00
-0.000000000000000e+00
0.000000000000000e+00
0.000000000000000e+00
-0.000000000000000e+00
0.000000000000000e+00
0.000000000000000e+00
-0.000000000000000e+00
0.000000000000000e+00
0.000000000000000e+00
-0.000000000000000e+00
-0.000000000000000e+00
0.000000000000000e+00
-0.000000000000000e+00
-0.000000000000000e+00
-0.000000000000000e+00
0.000000000000000e+00
0.000000000000000e+00
0.000000000000000e+00
0.000000000000000e+00
0.000000000000000e+00
0.000000000000000e+00
-0.000000000000000e+00
-0.000000000000000e+00
0.000000000000000e+00
0.000000000000000e+00
0.000000000000000e+00
0.000000000000000e+00
0.000000000000000e+00
-0.000000000000000e+00
-0.000000000000000e+00
-0.000000000000000e+00
0.000000000000000e+00
0.000000000000000e+00
0.000000000000000e+00
0.000000000000000e+00
-0.000000000000000e+00
-0.000000000000000e+00
-0.000000000000000e+00
0.000000000000000e+00
0.000000000000000e+00
0.000000000000000e+00
0.000000000000000e+00
0.000000000000000e+00
0.000000000000000e+00
0.000000000000000e+00
-0.000000000000000e+00
0.000000000000000e+00
-0.000000000000000e+00
-0.000000000000000e+00
0.000000000000000e+00
0.000000000000000e+00
0.000000000000000e+00
0.000000000000000e+00
0.000000000000000e+00
0.000000000000000e+00
0.000000000000000e+00
0.000000000000000e+00
0.000000000000000e+00
-0.000000000000000e+00
-0.000000000000000e+00
0.000000000000000e+00
0.000000000000000e+00
-0.000000000000000e+00
0.000000000000000e+00
0.000000000000000e+00
0.000000000000000e+00
0.000000000000000e+00
-0.000000000000000e+00
-0.000000000000000e+00
-0.000000000000000e+00
0.000000000000000e+00
0.000000000000000e+00
-0.000000000000000e+00
0.000000000000000e+00
0.000000000000000e+00
0.000000000000000e+00
0.000000000000000e+00
0.000000000000000e+00
0.000000000000000e+00
0.000000000000000e+00
0.000000000000000e+00
-0.000000000000000e+00
0.000000000000000e+00
0.000000000000000e+00
-0.000000000000000e+00
-0.000000000000000e+00
0.000000000000000e+00
0.000000000000000e+00
0.000000000000000e+00
0.000000000000000e+00
0.000000000000000e+00

nyy  1  1102  double
-0.000000000000000e+00
-0.000000000000000e+00
-0.000000000000000e+00
-0.000000000000000e+00
-0.000000000000000e+00
-0.000000000000000e+00
0.000000000000000e+00
0.000000000000000e+00
0.000000000000000e+00
0.000000000000000e+00
0.000000000000000e+00
0.000000000000000e+00
0.000000000000000e+00
0.000000000000000e+00
-0.000000000000000e+00
-0.000000000000000e+00
0.000000000000000e+00
0.000000000000000e+00
0.000000000000000e+00
-0.000000000000000e+00
0.000000000000000e+00
0.000000000000000e+00
0.000000000000000e+00
-0.000000000000000e+00
-0.000000000000000e+00
0.000000000000000e+00
0.000000000000000e+00
0.000000000000000e+00
0.000000000000000e+00
0.000000000000000e+00
0.000000000000000e+00
0.000000000000000e+00
-0.000000000000000e+00
0.000000000000000e+00
-0.000000000000000e+00
-0.000000000000000e+00
0.000000000000000e+00
0.000000000000000e+00
-0.000000000000000e+00
-0.000000000000000e+00
-0.000000000000000e+00
0.000000000000000e+00
0.000000000000000e+00
0.000000000000000e+00
0.000000000000000e+00
0.000000000000000e+00
0.000000000000000e+00
0.000000000000000e+00
0.000000000000000e+00
-0.000000000000000e+00
-0.000000000000000e+00
-0.000000000000000e+00
0.000000000000000e+00
0.000000000000000e+00
0.000000000000000e+00
0.000000000000000e+00
0.000000000000000e+00
0.000000000000000e+00
0.000000000000000e+00
-0.000000000000000e+00
0.000000000000000e+00
0.000000000000000e+00
0.000000000000000e+00
0.000000000000000e+00
0.000000000000000e+00
0.000000000000000e+00
0.000000000000000e+00
0.000000000000000e+00
0.000000000000000e+00
0.000000000000000e+00
0.000000000000000e+00
0.000000000000000e+00
0.000000000000000e+00
0.000000000000000e+00
0.000000000000000e+00
-0.000000000000000e+00
0.000000000000000e+00
0.000000000000000e+00
0.000000000000000e+00
0.000000000000000e+00
0.000000000000000e+00
0.000000000000000e+00
0.000000000000000e+00
0.000000000000000e+00
0.000000000000000e+00
0.000000000000000e+00
0.000000000000000e+00
0.000000000000000e+00
0.000000000000000e+00
-0.000000000000000e+00
0.000000000000000e+00
0.000000000000000e+00
0.000000000000000e+00
0.000000000000000e+00
-0.000000000000000e+00
-0.000000000000000e+00
0.000000000000000e+00
-0.000000000000000e+00
-0.000000000000000e+00
0.000000000000000e+00
0.000000000000000e+00
0.000000000000000e+00
0.000000000000000e+00
0.000000000000000e+00
0.000000000000000e+00
0.000000000000000e+00
0.000000000000000e+00
0.000000000000000e+00
0.000000000000000e+00
0.000000000000000e+00
0.000000000000000e+00
-0.000000000000000e+00
0.000000000000000e+00
0.000000000000000e+00
0.000000000000000e+00
-0.000000000000000e+00
0.000000000000000e+00
0.000000000000000e+00
0.000000000000000e+00
0.000000000000000e+00
-0.000000000000000e+00
-0.000000000000000e+00
0.000000000000000e+00
0.000000000000000e+00
0.000000000000000e+00
0.000000000000000e+00
0.000000000000000e+00
0.000000000000000e+00
0.000000000000000e+00
0.000000000000000e+00
0.000000000000000e+00
-0.000000000000000e+00
0.000000000000000e+00
0.000000000000000e+00
-0.000000000000000e+00
-0.000000000000000e+00
0.000000000000000e+00
0.000000000000000e+00
0.000000000000000e+00
0.000000000000000e+00
-0.000000000000000e+00
0.000000000000000e+00
0.000000000000000e+00
0.000000000000000e+00
0.000000000000000e+00
0.000000000000000e+00
0.000000000000000e+00
0.000000000000000e+00
0.000000000000000e+00
0.000000000000000e+00
0.000000000000000e+00
0.000000000000000e+00
0.000000000000000e+00
-0.000000000000000e+00
-0.000000000000000e+00
-0.000000000000000e+00
0.000000000000000e+00
0.000000000000000e+00
0.000000000000000e+00
0.000000000000000e+00
-0.000000000000000e+00
0.000000000000000e+00
0.000000000000000e+00
0.000000000000000e+00
0.000000000000000e+00
0.000000000000000e+00
0.000000000000000e+00
0.000000000000000e+00
0.000000000000000e+00
0.000000000000000e+00
0.000000000000000e+00
0.000000000000000e+00
-0.000000000000000e+00
0.000000000000000e+00
0.000000000000000e+00
0.000000000000000e+00
0.000000000000000e+00
0.000000000000000e+00
0.000000000000000e+00
0.000000000000000e+00
0.000000000000000e+00
0.000000000000000e+00
0.000000000000000e+00
0.000000000000000e+00
0.000000000000000e+00
0.000000000000000e+00
0.000000000000000e+00
0.000000000000000e+00
0.000000000000000e+00
0.000000000000000e+00
0.000000000000000e+00
0.000000000000000e+00
0.000000000000000e+00
0.000000000000000e+00
0.000000000000000e+00
-0.000000000000000e+00
0.000000000000000e+00
0.000000000000000e+00
0.000000000000000e+00
0.000000000000000e+00
0.000000000000000e+00
0.000000000000000e+00
0.000000000000000e+00
0.000000000000000e+00
0.000000000000000e+00
0.000000000000000e+00
0.000000000000000e+00
0.000000000000000e+00
0.000000000000000e+00
0.000000000000000e+00
0.000000000000000e+00
0.000000000000000e+00
0.000000000000000e+00
0.000000000000000e+00
0.000000000000000e+00
0.000000000000000e+00
0.000000000000000e+00
-0.000000000000000e+00
-0.000000000000000e+00
0.000000000000000e+00
0.000000000000000e+00
0.000000000000000e+00
0.000000000000000e+00
0.000000000000000e+00
0.000000000000000e+00
0.000000000000000e+00
0.000000000000000e+00
0.000000000000000e+00
-0.000000000000000e+00
-0.000000000000000e+00
-0.000000000000000e+00
0.000000000000000e+00
0.000000000000000e+00
0.000000000000000e+00
0.000000000000000e+00
-0.000000000000000e+00
0.000000000000000e+00
0.000000000000000e+00
0.000000000000000e+00
0.000000000000000e+00
0.000000000000000e+00
-0.000000000000000e+00
0.000000000000000e+00
0.000000000000000e+00
0.000000000000000e+00
-0.000000000000000e+00
-0.000000000000000e+00
-0.000000000000000e+00
-0.000000000000000e+00
0.000000000000000e+00
0.000000000000000e+00
0.000000000000000e+00
0.000000000000000e+00
0.000000000000000e+00
0.000000000000000e+00
0.000000000000000e+00
0.000000000000000e+00
0.000000000000000e+00
0.000000000000000e+00
-0.000000000000000e+00
-0.000000000000000e+00
0.000000000000000e+00
0.000000000000000e+00
0.000000000000000e+00
0.000000000000000e+00
0.000000000000000e+00
0.000000000000000e+00
0.000000000000000e+00
0.000000000000000e+00
0.000000000000000e+00
0.000000000000000e+00
0.000000000000000e+00
0.000000000000000e+00
0.000000000000000e+00
0.000000000000000e+00
-0.000000000000000e+00
0.000000000000000e+00
0.000000000000000e+00
-0.000000000000000e+00
0.000000000000000e+00
0.000000000000000e+00
-0.000000000000000e+00
0.000000000000000e+00
0.000000000000000e+00
0.000000000000000e+00
0.000000000000000e+00
0.000000000000000e+00
0.000000000000000e+00
-0.000000000000000e+00
-0.000000000000000e+00
0.000000000000000e+00
0.000000000000000e+00
0.000000000000000e+00
0.000000000000000e+00
0.000000000000000e+00
0.000000000000000e+00
0.000000000000000e+00
0.000000000000000e+00
0.000000000000000e+00
0.000000000000000e+00
0.000000000000000e+00
0.000000000000000e+00
0.000000000000000e+00
0.000000000000000e+00
0.000000000000000e+00
0.000000000000000e+00
0.000000000000000e+00
0.000000000000000e+00
0.000000000000000e+00
0.000000000000000e+00
-0.000000000000000e+00
-0.000000000000000e+00
0.000000000000000e+00
0.000000000000000e+00
0.000000000000000e+00
0.000000000000000e+00
0.000000000000000e+00
0.000000000000000e+00
0.000000000000000e+00
0.000000000000000e+00
-0.000000000000000e+00
0.000000000000000e+00
0.000000000000000e+00
0.000000000000000e+00
0.000000000000000e+00
0.000000000000000e+00
0.000000000000000e+00
0.000000000000000e+00
-0.000000000000000e+00
0.000000000000000e+00
0.000000000000000e+00
0.000000000000000e+00
0.000000000000000e+00
-0.000000000000000e+00
0.000000000000000e+00
-0.000000000000000e+00
-0.000000000000000e+00
-0.000000000000000e+00
0.000000000000000e+00
0.000000000000000e+00
-0.000000000000000e+00
-0.000000000000000e+00
-0.000000000000000e+00
0.000000000000000e+00
0.000000000000000e+00
0.000000000000000e+00
0.000000000000000e+00
0.000000000000000e+00
0.000000000000000e+00
0.000000000000000e+00
0.000000000000000e+00
0.000000000000000e+00
0.000000000000000e+00
0.000000000000000e+00
0.000000000000000e+00
0.000000000000000e+00
0.000000000000000e+00
0.000000000000000e+00
0.000000000000000e+00
0.000000000000000e+00
0.000000000000000e+00
0.000000000000000e+00
0.000000000000000e+00
0.000000000000000e+00
0.000000000000000e+00
0.000000000000000e+00
0.000000000000000e+00
0.000000000000000e+00
0.000000000000000e+00
0.000000000000000e+00
-0.000000000000000e+00
0.000000000000000e+00
0.000000000000000e+00
0.000000000000000e+00
0.000000000000000e+00
0.000000000000000e+00
0.000000000000000e+00
0.000000000000000e+00
0.000000000000000e+00
0.000000000000000e+00
0.000000000000000e+00
0.000000000000000e+00
0.000000000000000e+00
-0.000000000000000e+00
-0.000000000000000e+00
0.000000000000000e+00
0.000000000000000e+00
0.000000000000000e+00
0.000000000000000e+00
-0.000000000000000e+00
0.000000000000000e+00
0.000000000000000e+00
0.000000000000000e+00
0.000000000000000e+00
0.000000000000000e+00
0.000000000000000e+00
0.000000000000000e+00
0.000000000000000e+00
0.000000000000000e+00
0.000000000000000e+00
0.000000000000000e+00
-0.000000000000000e+00
0.000000000000000e+00
0.000000000000000e+00
0.000000000000000e+00
0.000000000000000e+00
0.000000000000000e+00
0.000000000000000e+00
0.000000000000000e+00
0.000000000000000e+00
0.000000000000000e+00
0.000000000000000e+00
0.000000000000000e+00
0.000000000000000e+00
0.000000000000000e+00
0.000000000000000e+00
0.000000000000000e+00
0.000000000000000e+00
0.000000000000000e+00
0.000000000000000e+00
0.000000000000000e+00
0.000000000000000e+00
0.000000000000000e+00
0.000000000000000e+00
0.000000000000000e+00
0.000000000000000e+00
0.000000000000000e+00
0.000000000000000e+00
-0.000000000000000e+00
0.000000000000000e+00
0.000000000000000e+00
0.000000000000000e+00
0.000000000000000e+00
0.000000000000000e+00
0.000000000000000e+00
0.000000000000000e+00
0.000000000000000e+00
0.000000000000000e+00
0.000000000000000e+00
0.000000000000000e+00
0.000000000000000e+00
0.000000000000000e+00
0.000000000000000e+00
-0.000000000000000e+00
-0.000000000000000e+00
-0.000000000000000e+00
0.000000000000000e+00
0.000000000000000e+00
0.000000000000000e+00
0.000000000000000e+00
0.000000000000000e+00
0.000000000000000e+00
0.000000000000000e+00
0.000000000000000e+00
0.000000000000000e+00
0.000000000000000e+00
0.000000000000000e+00
0.000000000000000e+00
0.000000000000000e+00
0.000000000000000e+00
0.000000000000000e+00
0.000000000000000e+00
0.000000000000000e+00
0.000000000000000e+00
-0.000000000000000e+00
-0.000000000000000e+00
-0.000000000000000e+00
-0.000000000000000e+00
0.000000000000000e+00
-0.000000000000000e+00
-0.000000000000000e+00
0.000000000000000e+00
-0.000000000000000e+00
-0.000000000000000e+00
0.000000000000000e+00
0.000000000000000e+00
0.000000000000000e+00
0.000000000000000e+00
0.000000000000000e+00
0.000000000000000e+00
-0.000000000000000e+00
-0.000000000000000e+00
-0.000000000000000e+00
-0.000000000000000e+00
-0.000000000000000e+00
0.000000000000000e+00
0.000000000000000e+00
0.000000000000000e+00
0.000000000000000e+00
-0.000000000000000e+00
-0.000000000000000e+00
0.000000000000000e+00
0.000000000000000e+00
0.000000000000000e+00
0.000000000000000e+00
0.000000000000000e+00
0.000000000000000e+00
-0.000000000000000e+00
0.000000000000000e+00
0.000000000000000e+00
0.000000000000000e+00
0.000000000000000e+00
0.000000000000000e+00
0.000000000000000e+00
-0.000000000000000e+00
-0.000000000000000e+00
0.000000000000000e+00
0.000000000000000e+00
0.000000000000000e+00
0.000000000000000e+00
-0.000000000000000e+00
-0.000000000000000e+00
-0.000000000000000e+00
0.000000000000000e+00
0.000000000000000e+00
0.000000000000000e+00
-0.000000000000000e+00
0.000000000000000e+00
-0.000000000000000e+00
-0.000000000000000e+00
-0.000000000000000e+00
0.000000000000000e+00
0.000000000000000e+00
0.000000000000000e+00
0.000000000000000e+00
0.000000000000000e+00
0.000000000000000e+00
0.000000000000000e+00
-0.000000000000000e+00
0.000000000000000e+00
0.000000000000000e+00
0.000000000000000e+00
0.000000000000000e+00
0.000000000000000e+00
0.000000000000000e+00
-0.000000000000000e+00
0.000000000000000e+00
0.000000000000000e+00
-0.000000000000000e+00
0.000000000000000e+00
0.000000000000000e+00
0.000000000000000e+00
0.000000000000000e+00
0.000000000000000e+00
0.000000000000000e+00
0.000000000000000e+00
-0.000000000000000e+00
-0.000000000000000e+00
0.000000000000000e+00
0.000000000000000e+00
0.000000000000000e+00
0.000000000000000e+00
0.000000000000000e+00
-0.000000000000000e+00
0.000000000000000e+00
0.000000000000000e+00
0.000000000000000e+00
-0.000000000000000e+00
0.000000000000000e+00
0.000000000000000e+00
0.000000000000000e+00
0.000000000000000e+00
0.000000000000000e+00
0.000000000000000e+00
0.000000000000000e+00
0.000000000000000e+00
0.000000000000000e+00
0.000000000000000e+00
0.000000000000000e+00
0.000000000000000e+00
-0.000000000000000e+00
-0.000000000000000e+00
0.000000000000000e+00
-0.000000000000000e+00
0.000000000000000e+00
-0.000000000000000e+00
0.000000000000000e+00
0.000000000000000e+00
0.000000000000000e+00
0.000000000000000e+00
0.000000000000000e+00
0.000000000000000e+00
0.000000000000000e+00
0.000000000000000e+00
0.000000000000000e+00
0.000000000000000e+00
0.000000000000000e+00
0.000000000000000e+00
0.000000000000000e+00
-0.000000000000000e+00
0.000000000000000e+00
-0.000000000000000e+00
-0.000000000000000e+00
-0.000000000000000e+00
0.000000000000000e+00
0.000000000000000e+00
-0.000000000000000e+00
0.000000000000000e+00
-0.000000000000000e+00
0.000000000000000e+00
-0.000000000000000e+00
0.000000000000000e+00
-0.000000000000000e+00
-0.000000000000000e+00
0.000000000000000e+00
-0.000000000000000e+00
0.000000000000000e+00
0.000000000000000e+00
0.000000000000000e+00
-0.000000000000000e+00
0.000000000000000e+00
0.000000000000000e+00
0.000000000000000e+00
0.000000000000000e+00
-0.000000000000000e+00
0.000000000000000e+00
0.000000000000000e+00
0.000000000000000e+00
-0.000000000000000e+00
0.000000000000000e+00
0.000000000000000e+00
0.000000000000000e+00
0.000000000000000e+00
0.000000000000000e+00
0.000000000000000e+00
0.000000000000000e+00
0.000000000000000e+00
0.000000000000000e+00
0.000000000000000e+00
0.000000000000000e+00
0.000000000000000e+00
0.000000000000000e+00
0.000000000000000e+00
0.000000000000000e+00
0.000000000000000e+00
0.000000000000000e+00
0.000000000000000e+00
-0.000000000000000e+00
0.000000000000000e+00
-0.000000000000000e+00
0.000000000000000e+00
0.000000000000000e+00
0.000000000000000e+00
0.000000000000000e+00
0.000000000000000e+00
0.000000000000000e+00
0.000000000000000e+00
0.000000000000000e+00
0.000000000000000e+00
0.000000000000000e+00
0.000000000000000e+00
-0.000000000000000e+00
0.000000000000000e+00
0.000000000000000e+00
0.000000000000000e+00
0.000000000000000e+00
-0.000000000000000e+00
-0.000000000000000e+00
0.000000000000000e+00
0.000000000000000e+00
0.000000000000000e+00
0.000000000000000e+00
0.000000000000000e+00
0.000000000000000e+00
-0.000000000000000e+00
-0.000000000000000e+00
0.000000000000000e+00
0.000000000000000e+00
0.000000000000000e+00
0.000000000000000e+00
0.000000000000000e+00
0.000000000000000e+00
0.000000000000000e+00
0.000000000000000e+00
0.000000000000000e+00
0.000000000000000e+00
0.000000000000000e+00
-0.000000000000000e+00
0.000000000000000e+00
0.000000000000000e+00
0.000000000000000e+00
0.000000000000000e+00
0.000000000000000e+00
-0.000000000000000e+00
0.000000000000000e+00
0.000000000000000e+00
-0.000000000000000e+00
-0.000000000000000e+00
0.000000000000000e+00
0.000000000000000e+00
-0.000000000000000e+00
0.000000000000000e+00
0.000000000000000e+00
0.000000000000000e+00
-0.000000000000000e+00
-0.000000000000000e+00
0.000000000000000e+00
0.000000000000000e+00
0.000000000000000e+00
-0.000000000000000e+00
0.000000000000000e+00
0.000000000000000e+00
0.000000000000000e+00
0.000000000000000e+00
0.000000000000000e+00
0.000000000000000e+00
-0.000000000000000e+00
0.000000000000000e+00
0.000000000000000e+00
0.000000000000000e+00
-0.000000000000000e+00
-0.000000000000000e+00
0.000000000000000e+00
-0.000000000000000e+00
0.000000000000000e+00
0.000000000000000e+00
-0.000000000000000e+00
-0.000000000000000e+00
0.000000000000000e+00
0.000000000000000e+00
0.000000000000000e+00
0.000000000000000e+00
0.000000000000000e+00
0.000000000000000e+00
0.000000000000000e+00
-0.000000000000000e+00
-0.000000000000000e+00
0.000000000000000e+00
-0.000000000000000e+00
0.000000000000000e+00
0.000000000000000e+00
0.000000000000000e+00
0.000000000000000e+00
0.000000000000000e+00
0.000000000000000e+00
-0.000000000000000e+00
-0.000000000000000e+00
-0.000000000000000e+00
0.000000000000000e+00
-0.000000000000000e+00
0.000000000000000e+00
0.000000000000000e+00
0.000000000000000e+00
-0.000000000000000e+00
-0.000000000000000e+00
-0.000000000000000e+00
0.000000000000000e+00
0.000000000000000e+00
0.000000000000000e+00
0.000000000000000e+00
-0.000000000000000e+00
0.000000000000000e+00
0.000000000000000e+00
0.000000000000000e+00
0.000000000000000e+00
0.000000000000000e+00
-0.000000000000000e+00
0.000000000000000e+00
0.000000000000000e+00
0.000000000000000e+00
0.000000000000000e+00
0.000000000000000e+00
0.000000000000000e+00
0.000000000000000e+00
0.000000000000000e+00
0.000000000000000e+00
0.000000000000000e+00
0.000000000000000e+00
0.000000000000000e+00
-0.000000000000000e+00
-0.000000000000000e+00
0.000000000000000e+00
0.000000000000000e+00
0.000000000000000e+00
-0.000000000000000e+00
-0.000000000000000e+00
0.000000000000000e+00
0.000000000000000e+00
0.000000000000000e+00
0.000000000000000e+00
0.000000000000000e+00
0.000000000000000e+00
0.000000000000000e+00
-0.000000000000000e+00
0.000000000000000e+00
0.000000000000000e+00
0.000000000000000e+00
0.000000000000000e+00
0.000000000000000e+00
0.000000000000000e+00
-0.000000000000000e+00
0.000000000000000e+00
-0.000000000000000e+00
-0.000000000000000e+00
-0.000000000000000e+00
0.000000000000000e+00
0.000000000000000e+00
0.000000000000000e+00
0.000000000000000e+00
0.000000000000000e+00
0.000000000000000e+00
0.000000000000000e+00
0.000000000000000e+00
0.000000000000000e+00
0.000000000000000e+00
0.000000000000000e+00
0.000000000000000e+00
0.000000000000000e+00
-0.000000000000000e+00
-0.000000000000000e+00
0.000000000000000e+00
0.000000000000000e+00
-0.000000000000000e+00
-0.000000000000000e+00
0.000000000000000e+00
0.000000000000000e+00
0.000000000000000e+00
-0.000000000000000e+00
0.000000000000000e+00
0.000000000000000e+00
0.000000000000000e+00
0.000000000000000e+00
0.000000000000000e+00
0.000000000000000e+00
0.000000000000000e+00
0.000000000000000e+00
0.000000000000000e+00
0.000000000000000e+00
0.000000000000000e+00
0.000000000000000e+00
0.000000000000000e+00
0.000000000000000e+00
0.000000000000000e+00
-0.000000000000000e+00
0.000000000000000e+00
0.000000000000000e+00
0.000000000000000e+00
0.000000000000000e+00
0.000000000000000e+00
-0.000000000000000e+00
0.000000000000000e+00
-0.000000000000000e+00
0.000000000000000e+00
0.000000000000000e+00
-0.000000000000000e+00
-0.000000000000000e+00
0.000000000000000e+00
0.000000000000000e+00
0.000000000000000e+00
-0.000000000000000e+00
0.000000000000000e+00
0.000000000000000e+00
0.000000000000000e+00
0.000000000000000e+00
0.000000000000000e+00
0.000000000000000e+00
0.000000000000000e+00
0.000000000000000e+00
0.000000000000000e+00
0.000000000000000e+00
0.000000000000000e+00
0.000000000000000e+00
0.000000000000000e+00
-0.000000000000000e+00
-0.000000000000000e+00
0.000000000000000e+00
0.000000000000000e+00
0.000000000000000e+00
0.000000000000000e+00
0.000000000000000e+00
0.000000000000000e+00
0.000000000000000e+00
0.000000000000000e+00
-0.000000000000000e+00
0.000000000000000e+00
0.000000000000000e+00
0.000000000000000e+00
0.000000000000000e+00
-0.000000000000000e+00
0.000000000000000e+00
0.000000000000000e+00
0.000000000000000e+00
0.000000000000000e+00
0.000000000000000e+00
-0.000000000000000e+00
-0.000000000000000e+00
-0.000000000000000e+00
0.000000000000000e+00
0.000000000000000e+00
0.000000000000000e+00
0.000000000000000e+00
0.000000000000000e+00
0.000000000000000e+00
0.000000000000000e+00
-0.000000000000000e+00
0.000000000000000e+00
0.000000000000000e+00
0.000000000000000e+00
0.000000000000000e+00
0.000000000000000e+00
0.000000000000000e+00
-0.000000000000000e+00
-0.000000000000000e+00
-0.000000000000000e+00
0.000000000000000e+00
0.000000000000000e+00
0.000000000000000e+00
-0.000000000000000e+00
-0.000000000000000e+00
0.000000000000000e+00
0.000000000000000e+00
-0.000000000000000e+00
-0.000000000000000e+00
-0.000000000000000e+00
0.000000000000000e+00
0.000000000000000e+00
0.000000000000000e+00
0.000000000000000e+00
0.000000000000000e+00
0.000000000000000e+00
0.000000000000000e+00
0.000000000000000e+00
0.000000000000000e+00
0.000000000000000e+00
0.000000000000000e+00
0.000000000000000e+00
-0.000000000000000e+00
-0.000000000000000e+00
-0.000000000000000e+00
-0.000000000000000e+00
-0.000000000000000e+00
0.000000000000000e+00
0.000000000000000e+00
0.000000000000000e+00
-0.000000000000000e+00
-0.000000000000000e+00
0.000000000000000e+00
0.000000000000000e+00
-0.000000000000000e+00
-0.000000000000000e+00
0.000000000000000e+00
0.000000000000000e+00
0.000000000000000e+00
0.000000000000000e+00
0.000000000000000e+00
0.000000000000000e+00
-0.000000000000000e+00
-0.000000000000000e+00
0.000000000000000e+00
-0.000000000000000e+00
-0.000000000000000e+00
-0.000000000000000e+00
0.000000000000000e+00
0.000000000000000e+00
0.000000000000000e+00
0.000000000000000e+00
0.000000000000000e+00
0.000000000000000e+00
0.000000000000000e+00
0.000000000000000e+00
0.000000000000000e+00
0.000000000000000e+00
0.000000000000000e+00
0.000000000000000e+00
0.000000000000000e+00
-0.000000000000000e+00
-0.000000000000000e+00
-0.000000000000000e+00
-0.000000000000000e+00
0.000000000000000e+00
0.000000000000000e+00
-0.000000000000000e+00
0.000000000000000e+00
0.000000000000000e+00
0.000000000000000e+00
0.000000000000000e+00
0.000000000000000e+00
-0.000000000000000e+00
-0.000000000000000e+00
-0.000000000000000e+00
-0.000000000000000e+00
0.000000000000000e+00
0.000000000000000e+00
-0.000000000000000e+00
0.000000000000000e+00
-0.000000000000000e+00
-0.000000000000000e+00
-0.000000000000000e+00
0.000000000000000e+00
0.000000000000000e+00
-0.000000000000000e+00
-0.000000000000000e+00
0.000000000000000e+00
0.000000000000000e+00
0.000000000000000e+00
0.000000000000000e+00
-0.000000000000000e+00
-0.000000000000000e+00
0.000000000000000e+00
0.000000000000000e+00
0.000000000000000e+00
0.000000000000000e+00
0.000000000000000e+00
0.000000000000000e+00
-0.000000000000000e+00
0.000000000000000e+00
-0.000000000000000e+00
0.000000000000000e+00
0.000000000000000e+00
0.000000000000000e+00
0.000000000000000e+00
0.000000000000000e+00
-0.000000000000000e+00
-0.000000000000000e+00
0.000000000000000e+00
0.000000000000000e+00
0.000000000000000e+00
0.000000000000000e+00
-0.000000000000000e+00
-0.000000000000000e+00
0.000000000000000e+00
0.000000000000000e+00
0.000000000000000e+00
0.000000000000000e+00
0.000000000000000e+00
0.000000000000000e+00
-0.000000000000000e+00
0.000000000000000e+00
0.000000000000000e+00
0.000000000000000e+00
0.000000000000000e+00
0.000000000000000e+00
0.000000000000000e+00
0.000000000000000e+00
0.000000000000000e+00
0.000000000000000e+00
0.000000000000000e+00
0.000000000000000e+00
0.000000000000000e+00
0.000000000000000e+00
0.000000000000000e+00
0.000000000000000e+00
0.000000000000000e+00
0.000000000000000e+00
0.000000000000000e+00
0.000000000000000e+00
0.000000000000000e+00
0.000000000000000e+00
0.000000000000000e+00
0.000000000000000e+00
0.000000000000000e+00
0.000000000000000e+00
0.000000000000000e+00
0.000000000000000e+00
0.000000000000000e+00
0.000000000000000e+00
0.000000000000000e+00
-0.000000000000000e+00
0.000000000000000e+00
0.000000000000000e+00
0.000000000000000e+00
0.000000000000000e+00
0.000000000000000e+00
0.000000000000000e+00
0.000000000000000e+00
0.000000000000000e+00
0.000000000000000e+00
0.000000000000000e+00
-0.000000000000000e+00
0.000000000000000e+00
0.000000000000000e+00
-0.000000000000000e+00
-0.000000000000000e+00
0.000000000000000e+00
0.000000000000000e+00
0.000000000000000e+00
0.000000000000000e+00
0.000000000000000e+00
0.000000000000000e+00
0.000000000000000e+00
0.000000000000000e+00
0.000000000000000e+00
0.000000000000000e+00
0.000000000000000e+00
0.000000000000000e+00
0.000000000000000e+00
0.000000000000000e+00
0.000000000000000e+00
0.000000000000000e+00
0.000000000000000e+00
0.000000000000000e+00
0.000000000000000e+00
0.000000000000000e+00
-0.000000000000000e+00
-0.000000000000000e+00
0.000000000000000e+00
0.000000000000000e+00
-0.000000000000000e+00
0.000000000000000e+00
0.000000000000000e+00
0.000000000000000e+00
0.000000000000000e+00

nzz  1  1102  double
9.999999999999999e-01
9.999999999999999e-01
1.000000000000000e+00
1.000000000000000e+00
1.000000000000000e+00
1.000000000000000e+00
1.000000000000000e+00
1.000000000000000e+00
1.000000000000000e+00
9.999999999999999e-01
1.000000000000000e+00
1.000000000000000e+00
1.000000000000000e+00
1.000000000000000e+00
1.000000000000000e+00
1.000000000000000e+00
9.999999999999998e-01
9.999999999999998e-01
9.999999999999998e-01
1.000000000000000e+00
9.999999999999999e-01
9.999999999999999e-01
9.999999999999999e-01
1.000000000000000e+00
1.000000000000000e+00
1.000000000000000e+00
9.999999999999999e-01
1.000000000000000e+00
1.000000000000000e+00
1.000000000000000e+00
1.000000000000000e+00
1.000000000000000e+00
1.000000000000000e+00
1.000000000000000e+00
1.000000000000000e+00
1.000000000000000e+00
1.000000000000000e+00
1.000000000000000e+00
9.999999999999999e-01
9.999999999999999e-01
1.000000000000000e+00
1.000000000000000e+00
1.000000000000000e+00
1.000000000000000e+00
1.000000000000000e+00
1.000000000000000e+00
1.000000000000000e+00
1.000000000000000e+00
1.000000000000000e+00
9.999999999999999e-01
9.999999999999999e-01
9.999999999999999e-01
9.999999999999998e-01
1.000000000000000e+00
1.000000000000000e+00
1.000000000000000e+00
9.999999999999999e-01
9.999999999999999e-01
9.999999999999999e-01
9.999999999999999e-01
1.000000000000000e+00
1.000000000000000e+00
1.000000000000000e+00
1.000000000000000e+00
1.000000000000000e+00
1.000000000000000e+00
1.000000000000000e+00
1.000000000000000e+00
1.000000000000000e+00
1.000000000000000e+00
1.000000000000000e+00
1.000000000000000e+00
1.000000000000000e+00
1.000000000000000e+00
1.000000000000000e+00
9.999999999999999e-01
9.999999999999998e-01
9.999999999999998e-01
9.999999999999999e-01
9.999999999999999e-01
9.999999999999999e-01
9.999999999999999e-01
1.000000000000000e+00
1.000000000000000e+00
1.000000000000000e+00
1.000000000000000e+00
1.000000000000000e+00
9.999999999999999e-01
9.999999999999999e-01
1.000000000000000e+00
9.999999999999999e-01
1.000000000000000e+00
1.000000000000000e+00
1.000000000000000e+00
9.999999999999999e-01
9.999999999999999e-01
1.000000000000000e+00
1.000000000000000e+00
1.000000000000000e+00
1.000000000000000e+00
1.000000000000000e+00
1.000000000000000e+00
1.000000000000000e+00
1.000000000000000e+00
1.000000000000000e+00
1.000000000000000e+00
1.000000000000000e+00
1.000000000000000e+00
1.000000000000000e+00
1.000000000000000e+00
9.999999999999999e-01
1.000000000000000e+00
9.999999999999998e-01
9.999999999999998e-01
1.000000000000000e+00
1.000000000000000e+00
1.000000000000000e+00
1.000000000000000e+00
9.999999999999999e-01
1.000000000000000e+00
1.000000000000000e+00
1.000000000000000e+00
1.000000000000000e+00
1.000000000000000e+00
9.999999999999999e-01
1.000000000000000e+00
1.000000000000000e+00
1.000000000000000e+00
1.000000000000000e+00
1.000000000000000e+00
1.000000000000000e+00
1.000000000000000e+00
9.999999999999999e-01
9.999999999999999e-01
1.000000000000000e+00
1.000000000000000e+00
1.000000000000000e+00
9.999999999999999e-01
1.000000000000000e+00
1.000000000000000e+00
9.999999999999997e-01
1.000000000000000e+00
1.000000000000000e+00
1.000000000000000e+00
1.000000000000000e+00
1.000000000000000e+00
1.000000000000000e+00
9.999999999999999e-01
1.000000000000000e+00
1.000000000000000e+00
1.000000000000000e+00
1.000000000000000e+00
9.999999999999998e-01
1.000000000000000e+00
1.000000000000000e+00
1.000000000000000e+00
9.999999999999999e-01
1.000000000000000e+00
1.000000000000000e+00
9.999999999999999e-01
9.999999999999999e-01
9.999999999999999e-01
9.999999999999999e-01
9.999999999999999e-01
1.000000000000000e+00
1.000000000000000e+00
9.999999999999999e-01
1.000000000000000e+00
1.000000000000000e+00
1.000000000000000e+00
1.000000000000000e+00
1.000000000000000e+00
1.000000000000000e+00
1.000000000000000e+00
1.000000000000000e+00
1.000000000000000e+00
1.000000000000000e+00
1.000000000000000e+00
1.000000000000000e+00
1.000000000000000e+00
1.000000000000000e+00
1.000000000000000e+00
1.000000000000000e+00
1.000000000000000e+00
1.000000000000000e+00
1.000000000000000e+00
9.999999999999999e-01
9.999999999999999e-01
9.999999999999998e-01
1.000000000000000e+00
1.000000000000000e+00
9.999999999999999e-01
1.000000000000000e+00
9.999999999999999e-01
1.000000000000000e+00
1.000000000000000e+00
1.000000000000000e+00
1.000000000000000e+00
1.000000000000000e+00
9.999999999999998e-01
1.000000000000000e+00
1.000000000000000e+00
1.000000000000000e+00
1.000000000000000e+00
9.999999999999999e-01
1.000000000000000e+00
1.000000000000000e+00
1.000000000000000e+00
9.999999999999999e-01
9.999999999999998e-01
1.000000000000000e+00
9.999999999999999e-01
1.000000000000000e+00
1.000000000000000e+00
1.000000000000000e+00
1.000000000000000e+00
1.000000000000000e+00
9.999999999999999e-01
9.999999999999999e-01
9.999999999999999e-01
1.000000000000000e+00
1.000000000000000e+00
1.000000000000000e+00
1.000000000000000e+00
9.999999999999999e-01
1.000000000000000e+00
1.000000000000000e+00
1.000000000000000e+00
1.000000000000000e+00
1.000000000000000e+00
1.000000000000000e+00
1.000000000000000e+00
1.000000000000000e+00
1.000000000000000e+00
1.000000000000000e+00
1.000000000000000e+00
1.000000000000000e+00
9.999999999999999e-01
1.000000000000000e+00
1.000000000000000e+00
1.000000000000000e+00
1.000000000000000e+00
9.999999999999998e-01
1.000000000000000e+00
1.000000000000000e+00
1.000000000000000e+00
1.000000000000000e+00
9.999999999999999e-01
9.999999999999999e-01
1.000000000000000e+00
1.000000000000000e+00
1.000000000000000e+00
1.000000000000000e+00
1.000000000000000e+00
1.000000000000000e+00
1.000000000000000e+00
9.999999999999999e-01
9.999999999999999e-01
1.000000000000000e+00
1.000000000000000e+00
1.000000000000000e+00
1.000000000000000e+00
1.000000000000000e+00
1.000000000000000e+00
9.999999999999998e-01
1.000000000000000e+00
1.000000000000000e+00
1.000000000000000e+00
1.000000000000000e+00
1.000000000000000e+00
9.999999999999999e-01
9.999999999999999e-01
9.999999999999998e-01
9.999999999999998e-01
1.000000000000000e+00
1.000000000000000e+00
9.999999999999998e-01
9.999999999999998e-01
1.000000000000000e+00
1.000000000000000e+00
1.000000000000000e+00
1.000000000000000e+00
1.000000000000000e+00
1.000000000000000e+00
1.000000000000000e+00
1.000000000000000e+00
1.000000000000000e+00
9.999999999999999e-01
1.000000000000000e+00
1.000000000000000e+00
1.000000000000000e+00
1.000000000000000e+00
9.999999999999998e-01
9.999999999999998e-01
1.000000000000000e+00
1.000000000000000e+00
1.000000000000000e+00
1.000000000000000e+00
1.000000000000000e+00
1.000000000000000e+00
1.000000000000000e+00
1.000000000000000e+00
1.000000000000000e+00
1.000000000000000e+00
1.000000000000000e+00
1.000000000000000e+00
1.000000000000000e+00
1.000000000000000e+00
9.999999999999999e-01
9.999999999999999e-01
1.000000000000000e+00
1.000000000000000e+00
1.000000000000000e+00
1.000000000000000e+00
1.000000000000000e+00
1.000000000000000e+00
1.000000000000000e+00
9.999999999999999e-01
9.999999999999999e-01
1.000000000000000e+00
1.000000000000000e+00
9.999999999999999e-01
9.999999999999999e-01
1.000000000000000e+00
9.999999999999999e-01
9.999999999999999e-01
1.000000000000000e+00
9.999999999999999e-01
1.000000000000000e+00
1.000000000000000e+00
1.000000000000000e+00
1.000000000000000e+00
1.000000000000000e+00
1.000000000000000e+00
1.000000000000000e+00
1.000000000000000e+00
1.000000000000000e+00
1.000000000000000e+00
9.999999999999999e-01
9.999999999999999e-01
1.000000000000000e+00
1.000000000000000e+00
1.000000000000000e+00
9.999999999999999e-01
1.000000000000000e+00
9.999999999999999e-01
9.999999999999999e-01
1.000000000000000e+00
1.000000000000000e+00
1.000000000000000e+00
1.000000000000000e+00
1.000000000000000e+00
1.000000000000000e+00
1.000000000000000e+00
1.000000000000000e+00
1.000000000000000e+00
9.999999999999999e-01
9.999999999999999e-01
9.999999999999999e-01
1.000000000000000e+00
1.000000000000000e+00
9.999999999999999e-01
1.000000000000000e+00
1.000000000000000e+00
1.000000000000000e+00
1.000000000000000e+00
1.000000000000000e+00
1.000000000000000e+00
1.000000000000000e+00
9.999999999999999e-01
9.999999999999999e-01
1.000000000000000e+00
9.999999999999999e-01
1.000000000000000e+00
1.000000000000000e+00
1.000000000000000e+00
1.000000000000000e+00
1.000000000000000e+00
1.000000000000000e+00
1.000000000000000e+00
1.000000000000000e+00
1.000000000000000e+00
1.000000000000000e+00
9.999999999999999e-01
9.999999999999999e-01
1.000000000000000e+00
1.000000000000000e+00
1.000000000000000e+00
1.000000000000000e+00
9.999999999999999e-01
1.000000000000000e+00
1.000000000000000e+00
1.000000000000000e+00
1.000000000000000e+00
1.000000000000000e+00
1.000000000000000e+00
1.000000000000000e+00
9.999999999999998e-01
1.000000000000000e+00
1.000000000000000e+00
1.000000000000000e+00
1.000000000000000e+00
9.999999999999999e-01
9.999999999999999e-01
1.000000000000000e+00
1.000000000000000e+00
1.000000000000000e+00
1.000000000000000e+00
1.000000000000000e+00
1.000000000000000e+00
1.000000000000000e+00
1.000000000000000e+00
1.000000000000000e+00
1.000000000000000e+00
1.000000000000000e+00
1.000000000000000e+00
1.000000000000000e+00
1.000000000000000e+00
9.999999999999999e-01
1.000000000000000e+00
9.999999999999999e-01
9.999999999999999e-01
9.999999999999999e-01
9.999999999999999e-01
1.000000000000000e+00
1.000000000000000e+00
9.999999999999999e-01
1.000000000000000e+00
1.000000000000000e+00
9.999999999999997e-01
1.000000000000000e+00
1.000000000000000e+00
1.000000000000000e+00
9.999999999999998e-01
9.999999999999998e-01
9.999999999999998e-01
9.999999999999999e-01
9.999999999999998e-01
9.999999999999999e-01
1.000000000000000e+00
9.999999999999998e-01
1.000000000000000e+00
1.000000000000000e+00
1.000000000000000e+00
1.000000000000000e+00
1.000000000000000e+00
1.000000000000000e+00
1.000000000000000e+00
9.999999999999999e-01
1.000000000000000e+00
9.999999999999999e-01
1.000000000000000e+00
9.999999999999999e-01
1.000000000000000e+00
1.000000000000000e+00
1.000000000000000e+00
1.000000000000000e+00
1.000000000000000e+00
1.000000000000000e+00
1.000000000000000e+00
1.000000000000000e+00
1.000000000000000e+00
1.000000000000000e+00
1.000000000000000e+00
1.000000000000000e+00
1.000000000000000e+00
1.000000000000000e+00
1.000000000000000e+00
1.000000000000000e+00
1.000000000000000e+00
1.000000000000000e+00
1.000000000000000e+00
1.000000000000000e+00
1.000000000000000e+00
1.000000000000000e+00
1.000000000000000e+00
9.999999999999999e-01
1.000000000000000e+00
1.000000000000000e+00
1.000000000000000e+00
1.000000000000000e+00
1.000000000000000e+00
1.000000000000000e+00
1.000000000000000e+00
1.000000000000000e+00
1.000000000000000e+00
9.999999999999998e-01
1.000000000000000e+00
9.999999999999999e-01
1.000000000000000e+00
1.000000000000000e+00
1.000000000000000e+00
9.999999999999999e-01
1.000000000000000e+00
1.000000000000000e+00
1.000000000000000e+00
1.000000000000000e+00
1.000000000000000e+00
1.000000000000000e+00
1.000000000000000e+00
1.000000000000000e+00
1.000000000000000e+00
1.000000000000000e+00
1.000000000000000e+00
1.000000000000000e+00
1.000000000000000e+00
1.000000000000000e+00
9.999999999999999e-01
9.999999999999999e-01
9.999999999999999e-01
1.000000000000000e+00
9.999999999999999e-01
9.999999999999999e-01
1.000000000000000e+00
1.000000000000000e+00
1.000000000000000e+00
1.000000000000000e+00
9.999999999999999e-01
1.000000000000000e+00
1.000000000000000e+00
1.000000000000000e+00
1.000000000000000e+00
9.999999999999999e-01
1.000000000000000e+00
1.000000000000000e+00
1.000000000000000e+00
1.000000000000000e+00
9.999999999999998e-01
1.000000000000000e+00
9.999999999999999e-01
9.999999999999999e-01
9.999999999999998e-01
1.000000000000000e+00
9.999999999999999e-01
1.000000000000000e+00
1.000000000000000e+00
1.000000000000000e+00
1.000000000000000e+00
1.000000000000000e+00
1.000000000000000e+00
1.000000000000000e+00
9.999999999999999e-01
1.000000000000000e+00
1.000000000000000e+00
1.000000000000000e+00
1.000000000000000e+00
1.000000000000000e+00
1.000000000000000e+00
1.000000000000000e+00
9.999999999999998e-01
9.999999999999999e-01
9.999999999999999e-01
1.000000000000000e+00
1.000000000000000e+00
1.000000000000000e+00
1.000000000000000e+00
1.000000000000000e+00
1.000000000000000e+00
1.000000000000000e+00
1.000000000000000e+00
9.999999999999999e-01
1.000000000000000e+00
1.000000000000000e+00
1.000000000000000e+00
1.000000000000000e+00
1.000000000000000e+00
1.000000000000000e+00
1.000000000000000e+00
1.000000000000000e+00
1.000000000000000e+00
9.999999999999999e-01
1.000000000000000e+00
9.999999999999999e-01
9.999999999999998e-01
1.000000000000000e+00
1.000000000000000e+00
1.000000000000000e+00
1.000000000000000e+00
9.999999999999999e-01
9.999999999999997e-01
1.000000000000000e+00
1.000000000000000e+00
9.999999999999999e-01
1.000000000000000e+00
1.000000000000000e+00
1.000000000000000e+00
1.000000000000000e+00
1.000000000000000e+00
1.000000000000000e+00
1.000000000000000e+00
1.000000000000000e+00
9.999999999999998e-01
9.999999999999998e-01
9.999999999999998e-01
1.000000000000000e+00
9.999999999999999e-01
9.999999999999999e-01
9.999999999999999e-01
9.999999999999999e-01
1.000000000000000e+00
9.999999999999999e-01
1.000000000000000e+00
9.999999999999999e-01
1.000000000000000e+00
9.999999999999999e-01
9.999999999999999e-01
1.000000000000000e+00
1.000000000000000e+00
1.000000000000000e+00
1.000000000000000e+00
9.999999999999998e-01
1.000000000000000e+00
1.000000000000000e+00
1.000000000000000e+00
1.000000000000000e+00
9.999999999999998e-01
9.999999999999999e-01
9.999999999999999e-01
9.999999999999999e-01
9.999999999999999e-01
1.000000000000000e+00
1.000000000000000e+00
9.999999999999999e-01
1.000000000000000e+00
9.999999999999998e-01
9.999999999999999e-01
9.999999999999999e-01
9.999999999999999e-01
9.999999999999999e-01
1.000000000000000e+00
1.000000000000000e+00
1.000000000000000e+00
1.000000000000000e+00
9.999999999999999e-01
9.999999999999999e-01
1.000000000000000e+00
1.000000000000000e+00
1.000000000000000e+00
1.000000000000000e+00
1.000000000000000e+00
1.000000000000000e+00
9.999999999999999e-01
1.000000000000000e+00
9.999999999999999e-01
1.000000000000000e+00
9.999999999999999e-01
1.000000000000000e+00
9.999999999999999e-01
1.000000000000000e+00
1.000000000000000e+00
1.000000000000000e+00
9.999999999999999e-01
9.999999999999998e-01
9.999999999999999e-01
9.999999999999999e-01
1.000000000000000e+00
1.000000000000000e+00
1.000000000000000e+00
9.999999999999999e-01
9.999999999999999e-01
1.000000000000000e+00
1.000000000000000e+00
1.000000000000000e+00
1.000000000000000e+00
1.000000000000000e+00
1.000000000000000e+00
1.000000000000000e+00
9.999999999999999e-01
9.999999999999999e-01
1.000000000000000e+00
1.000000000000000e+00
1.000000000000000e+00
9.999999999999999e-01
9.999999999999999e-01
1.000000000000000e+00
1.000000000000000e+00
1.000000000000000e+00
9.999999999999998e-01
9.999999999999999e-01
1.000000000000000e+00
9.999999999999999e-01
9.999999999999999e-01
1.000000000000000e+00
9.999999999999998e-01
1.000000000000000e+00
1.000000000000000e+00
9.999999999999998e-01
1.000000000000000e+00
1.000000000000000e+00
1.000000000000000e+00
9.999999999999998e-01
1.000000000000000e+00
1.000000000000000e+00
9.999999999999999e-01
1.000000000000000e+00
1.000000000000000e+00
1.000000000000000e+00
1.000000000000000e+00
9.999999999999999e-01
1.000000000000000e+00
1.000000000000000e+00
1.000000000000000e+00
1.000000000000000e+00
1.000000000000000e+00
1.000000000000000e+00
1.000000000000000e+00
1.000000000000000e+00
1.000000000000000e+00
9.999999999999999e-01
9.999999999999999e-01
1.000000000000000e+00
1.000000000000000e+00
1.000000000000000e+00
1.000000000000000e+00
1.000000000000000e+00
9.999999999999999e-01
1.000000000000000e+00
1.000000000000000e+00
9.999999999999999e-01
1.000000000000000e+00
1.000000000000000e+00
1.000000000000000e+00
1.000000000000000e+00
1.000000000000000e+00
1.000000000000000e+00
1.000000000000000e+00
1.000000000000000e+00
1.000000000000000e+00
1.000000000000000e+00
1.000000000000000e+00
1.000000000000000e+00
1.000000000000000e+00
9.999999999999999e-01
1.000000000000000e+00
1.000000000000000e+00
1.000000000000000e+00
1.000000000000000e+00
1.000000000000000e+00
1.000000000000000e+00
1.000000000000000e+00
9.999999999999999e-01
9.999999999999999e-01
1.000000000000000e+00
9.999999999999999e-01
1.000000000000000e+00
1.000000000000000e+00
1.000000000000000e+00
1.000000000000000e+00
1.000000000000000e+00
1.000000000000000e+00
1.000000000000000e+00
1.000000000000000e+00
1.000000000000000e+00
1.000000000000000e+00
9.999999999999999e-01
9.999999999999999e-01
1.000000000000000e+00
1.000000000000000e+00
1.000000000000000e+00
9.999999999999999e-01
9.999999999999999e-01
1.000000000000000e+00
1.000000000000000e+00
1.000000000000000e+00
1.000000000000000e+00
1.000000000000000e+00
1.000000000000000e+00
1.000000000000000e+00
1.000000000000000e+00
9.999999999999998e-01
9.999999999999998e-01
1.000000000000000e+00
1.000000000000000e+00
1.000000000000000e+00
1.000000000000000e+00
1.000000000000000e+00
9.999999999999999e-01
1.000000000000000e+00
1.000000000000000e+00
1.000000000000000e+00
1.000000000000000e+00
1.000000000000000e+00
1.000000000000000e+00
1.000000000000000e+00
1.000000000000000e+00
1.000000000000000e+00
1.000000000000000e+00
1.000000000000000e+00
1.000000000000000e+00
1.000000000000000e+00
1.000000000000000e+00
9.999999999999999e-01
9.999999999999997e-01
9.999999999999997e-01
9.999999999999997e-01
9.999999999999999e-01
1.000000000000000e+00
9.999999999999999e-01
1.000000000000000e+00
1.000000000000000e+00
1.000000000000000e+00
1.000000000000000e+00
1.000000000000000e+00
1.000000000000000e+00
9.999999999999999e-01
9.999999999999999e-01
1.000000000000000e+00
1.000000000000000e+00
9.999999999999999e-01
9.999999999999999e-01
9.999999999999998e-01
1.000000000000000e+00
1.000000000000000e+00
9.999999999999999e-01
1.000000000000000e+00
9.999999999999999e-01
1.000000000000000e+00
9.999999999999998e-01
1.000000000000000e+00
1.000000000000000e+00
1.000000000000000e+00
1.000000000000000e+00
1.000000000000000e+00
1.000000000000000e+00
1.000000000000000e+00
1.000000000000000e+00
1.000000000000000e+00
9.999999999999999e-01
9.999999999999999e-01
1.000000000000000e+00
1.000000000000000e+00
9.999999999999998e-01
9.999999999999998e-01
1.000000000000000e+00
9.999999999999998e-01
1.000000000000000e+00
9.999999999999999e-01
1.000000000000000e+00
1.000000000000000e+00
1.000000000000000e+00
1.000000000000000e+00
1.000000000000000e+00
1.000000000000000e+00
1.000000000000000e+00
9.999999999999999e-01
9.999999999999999e-01
1.000000000000000e+00
1.000000000000000e+00
1.000000000000000e+00
9.999999999999999e-01
9.999999999999999e-01
1.000000000000000e+00
1.000000000000000e+00
9.999999999999999e-01
1.000000000000000e+00
1.000000000000000e+00
1.000000000000000e+00
1.000000000000000e+00
1.000000000000000e+00
1.000000000000000e+00
1.000000000000000e+00
1.000000000000000e+00
1.000000000000000e+00
9.999999999999999e-01
9.999999999999999e-01
1.000000000000000e+00
9.999999999999999e-01
1.000000000000000e+00
1.000000000000000e+00
1.000000000000000e+00
1.000000000000000e+00
9.999999999999999e-01
9.999999999999999e-01
1.000000000000000e+00
1.000000000000000e+00
9.999999999999999e-01
1.000000000000000e+00
1.000000000000000e+00
1.000000000000000e+00
1.000000000000000e+00
1.000000000000000e+00
1.000000000000000e+00
1.000000000000000e+00
1.000000000000000e+00
1.000000000000000e+00
1.000000000000000e+00
1.000000000000000e+00
1.000000000000000e+00
1.000000000000000e+00
9.999999999999999e-01
9.999999999999999e-01
1.000000000000000e+00
1.000000000000000e+00
1.000000000000000e+00
1.000000000000000e+00
9.999999999999999e-01
1.000000000000000e+00
9.999999999999999e-01
1.000000000000000e+00
1.000000000000000e+00
1.000000000000000e+00
9.999999999999999e-01
9.999999999999999e-01
9.999999999999999e-01
1.000000000000000e+00
1.000000000000000e+00
1.000000000000000e+00
1.000000000000000e+00
1.000000000000000e+00
9.999999999999998e-01
9.999999999999999e-01
9.999999999999999e-01
9.999999999999999e-01
9.999999999999999e-01
9.999999999999999e-01
1.000000000000000e+00
9.999999999999999e-01
1.000000000000000e+00
1.000000000000000e+00
9.999999999999999e-01
9.999999999999999e-01
9.999999999999999e-01
9.999999999999999e-01
9.999999999999999e-01
1.000000000000000e+00
1.000000000000000e+00
1.000000000000000e+00
1.000000000000000e+00
1.000000000000000e+00
1.000000000000000e+00
1.000000000000000e+00
1.000000000000000e+00
1.000000000000000e+00
9.999999999999999e-01
1.000000000000000e+00
1.000000000000000e+00
9.999999999999999e-01
1.000000000000000e+00
1.000000000000000e+00
1.000000000000000e+00
1.000000000000000e+00
1.000000000000000e+00
1.000000000000000e+00
1.000000000000000e+00
1.000000000000000e+00
9.999999999999999e-01
1.000000000000000e+00
1.000000000000000e+00
1.000000000000000e+00
1.000000000000000e+00
1.000000000000000e+00
1.000000000000000e+00
9.999999999999999e-01
9.999999999999999e-01
1.000000000000000e+00
1.000000000000000e+00
1.000000000000000e+00
1.000000000000000e+00
9.999999999999999e-01
9.999999999999999e-01
1.000000000000000e+00
9.999999999999999e-01
1.000000000000000e+00
1.000000000000000e+00
1.000000000000000e+00
1.000000000000000e+00
1.000000000000000e+00
1.000000000000000e+00
1.000000000000000e+00
1.000000000000000e+00
9.999999999999997e-01
1.000000000000000e+00
1.000000000000000e+00
1.000000000000000e+00
1.000000000000000e+00
1.000000000000000e+00
1.000000000000000e+00
1.000000000000000e+00
1.000000000000000e+00
9.999999999999999e-01
9.999999999999999e-01
1.000000000000000e+00
1.000000000000000e+00
1.000000000000000e+00
1.000000000000000e+00
1.000000000000000e+00
1.000000000000000e+00
1.000000000000000e+00
1.000000000000000e+00
1.000000000000000e+00
1.000000000000000e+00
9.999999999999999e-01
9.999999999999999e-01
9.999999999999999e-01
1.000000000000000e+00
1.000000000000000e+00
1.000000000000000e+00
9.999999999999999e-01
1.000000000000000e+00
1.000000000000000e+00
1.000000000000000e+00
1.000000000000000e+00
1.000000000000000e+00
1.000000000000000e+00
1.000000000000000e+00
1.000000000000000e+00
1.000000000000000e+00
1.000000000000000e+00
1.000000000000000e+00
1.000000000000000e+00
1.000000000000000e+00
1.000000000000000e+00
9.999999999999999e-01
9.999999999999999e-01
9.999999999999999e-01
1.000000000000000e+00
1.000000000000000e+00
1.000000000000000e+00
1.000000000000000e+00
1.000000000000000e+00
9.999999999999999e-01
9.999999999999999e-01
1.000000000000000e+00
1.000000000000000e+00
1.000000000000000e+00
1.000000000000000e+00
1.000000000000000e+00
9.999999999999999e-01
1.000000000000000e+00
1.000000000000000e+00
1.000000000000000e+00
9.999999999999999e-01
9.999999999999999e-01
9.999999999999999e-01
9.999999999999999e-01
1.000000000000000e+00
9.999999999999998e-01
9.999999999999999e-01
1.000000000000000e+00
1.000000000000000e+00
1.000000000000000e+00
1.000000000000000e+00
9.999999999999999e-01
1.000000000000000e+00
1.000000000000000e+00
9.999999999999999e-01
1.000000000000000e+00
1.000000000000000e+00
1.000000000000000e+00
9.999999999999999e-01
1.000000000000000e+00
1.000000000000000e+00
1.000000000000000e+00
1.000000000000000e+00
1.000000000000000e+00
1.000000000000000e+00
1.000000000000000e+00
1.000000000000000e+00
1.000000000000000e+00
9.999999999999999e-01
9.999999999999999e-01
9.999999999999999e-01
9.999999999999998e-01
9.999999999999999e-01
1.000000000000000e+00
1.000000000000000e+00
1.000000000000000e+00
1.000000000000000e+00
9.999999999999999e-01
1.000000000000000e+00
1.000000000000000e+00
1.000000000000000e+00
1.000000000000000e+00
1.000000000000000e+00
1.000000000000000e+00
1.000000000000000e+00
1.000000000000000e+00
1.000000000000000e+00
1.000000000000000e+00
1.000000000000000e+00
1.000000000000000e+00
9.999999999999999e-01
9.999999999999999e-01
1.000000000000000e+00
1.000000000000000e+00
9.999999999999999e-01
9.999999999999999e-01
9.999999999999999e-01
1.000000000000000e+00
1.000000000000000e+00
1.000000000000000e+00
9.999999999999999e-01
9.999999999999999e-01
9.999999999999999e-01
1.000000000000000e+00
9.999999999999999e-01
9.999999999999999e-01
1.000000000000000e+00
1.000000000000000e+00
1.000000000000000e+00
1.000000000000000e+00
9.999999999999999e-01

rho_api  1  1102  double
1.140991891333847e+00
1.141746440402286e+00
1.144767908832357e+00
1.146690854834624e+00
1.145341006671224e+00
1.123228268890986e+00
1.130452287751413e+00
1.126355027055784e+00
1.131702119012795e+00
1.128498033770822e+00
1.124398390526895e+00
1.121795117326058e+00
1.123313601008963e+00
1.124461786735090e+00
1.114754209151721e+00
1.116065916732669e+00
1.124247516549455e+00
1.130417207959335e+00
1.128283521868839e+00
1.122024358903277e+00
1.126877678848718e+00
1.132177257364803e+00
1.123139652458946e+00
1.123109775596134e+00
1.122748591535568e+00
1.130652892729002e+00
1.129071311298233e+00
1.129189512718424e+00
1.133434117795120e+00
1.133848308702933e+00
1.129119835349504e+00
1.122910444047525e+00
1.122805251407011e+00
1.122192094049175e+00
1.125107937404803e+00
1.124672130135996e+00
1.122619601870460e+00
1.128669152838753e+00
1.126677705067975e+00
1.121847354202912e+00
1.121182239948304e+00
1.125045854102894e+00
1.122395258473997e+00
1.130290917304789e+00
1.126601666114341e+00
1.121384351961864e+00
1.122749106120520e+00
1.124005169752019e+00
1.120482876884318e+00
1.132907669314793e+00
1.135090405810339e+00
1.134505267734293e+00
1.132665699833959e+00
1.139033042847472e+00
1.138257960366795e+00
1.133398532550674e+00
1.140024557469874e+00
1.142980593406228e+00
1.138946049711196e+00
1.141785033530247e+00
1.140662898209071e+00
1.136511870190322e+00
1.137617292891177e+00
1.140025454868951e+00
1.143319473410495e+00
1.142568522918308e+00
1.144877012031985e+00
1.146704487609332e+00
1.146288183130038e+00
1.144034337823968e+00
1.152513611912754e+00
1.153812598459889e+00
1.153202693366308e+00
1.152304461293051e+00
1.153194083190732e+00
1.152287757469256e+00
1.136955449760723e+00
1.140085437009396e+00
1.134538550463178e+00
1.132641641236777e+00
1.134084525857320e+00
1.132558030560547e+00
1.138936979654875e+00
1.138032755076883e+00
1.144559919049964e+00
1.146579699749958e+00
1.150435440652118e+00
1.152069853464424e+00
1.145942217900350e+00
1.142389680816742e+00
1.145221799404888e+00
1.140367249234582e+00
1.140835252315838e+00
1.143272452756634e+00
1.133475107375646e+00
1.135394610948994e+00
1.133089355990254e+00
1.135237736850584e+00
1.139799638301124e+00
1.139726115252367e+00
1.129115498683399e+00
1.139808817417441e+00
1.144421237340682e+00
1.141753324332882e+00
1.144954349743044e+00
1.142654465183020e+00
1.153611966759365e+00
1.153964871291208e+00
1.153570224814809e+00
1.152694198669237e+00
1.152957231101749e+00
1.153845266571587e+00
1.152276506575334e+00
1.152915797578721e+00
1.139489201340638e+00
1.134426254431680e+00
1.138516516797480e+00
1.141039578625400e+00
1.141353024434122e+00
1.132039185789474e+00
1.152328675929767e+00
1.152798750410808e+00
1.153836254105227e+00
1.152038330423643e+00
1.152037053334437e+00
1.150608008897897e+00
1.152227548555039e+00
1.152263703090621e+00
1.151707174598224e+00
1.150404529298303e+00
1.150570113777491e+00
1.150570800779086e+00
1.151877889767998e+00
1.152269336347544e+00
1.151317453830356e+00
1.148927344366730e+00
1.148972448813053e+00
1.149874234471415e+00
1.149936132355808e+00
1.150786740612529e+00
1.150502804916109e+00
1.149722374056380e+00
1.149369368119147e+00
1.148920763979108e+00
1.146824769048758e+00
1.149911614157196e+00
1.151541434242433e+00
1.149620691382994e+00
1.136247630896523e+00
1.140583973134589e+00
1.138517158123294e+00
1.139368095282165e+00
1.139048807568132e+00
1.140055588108814e+00
1.139221972391730e+00
1.142290944404730e+00
1.140303580477777e+00
1.140242515515169e+00
1.143196571839490e+00
1.139332408004099e+00
1.133737330146613e+00
1.135353227352346e+00
1.132849444282008e+00
1.133833776443415e+00
1.144863131208711e+00
1.142287217200839e+00
1.147890213751093e+00
1.146953868140339e+00
1.144254068895256e+00
1.134803204393573e+00
1.132776298492157e+00
1.137928786714566e+00
1.130712172222655e+00
1.134332820860999e+00
1.145757120605668e+00
1.145545556357811e+00
1.143841963505454e+00
1.144002096952177e+00
1.148444189439072e+00
1.140143449731264e+00
1.140258464943894e+00
1.143506827470187e+00
1.132141526493375e+00
1.135580005124197e+00
1.134047969232393e+00
1.131712529480622e+00
1.128065819712702e+00
1.139144778238835e+00
1.137839955269865e+00
1.145714813101885e+00
1.145150949415710e+00
1.146779912506072e+00
1.144591571438114e+00
1.147933709340471e+00
1.148296762302244e+00
1.145903784178955e+00
1.145824267751038e+00
1.147980609880707e+00
1.147803228376726e+00
1.129080801018781e+00
1.132376432573063e+00
1.132835844402152e+00
1.129149325839814e+00
1.133466445828190e+00
1.139733404811121e+00
1.140769152941365e+00
1.143442164520397e+00
1.144470831766186e+00
1.141534531586430e+00
1.134966653993548e+00
1.132617622688264e+00
1.131483044195824e+00
1.132576656755516e+00
1.127515451676761e+00
1.123143395707496e+00
1.123624945065379e+00
1.121959954093830e+00
1.114774599247354e+00
1.114107093723155e+00
1.123092331205812e+00
1.123676173995707e+00
1.123171189251320e+00
1.114474338220341e+00
1.114805562465132e+00
1.113271950693524e+00
1.133764227655452e+00
1.132614309832489e+00
1.136028929209970e+00
1.123208784842854e+00
1.129964189257220e+00
1.128190835374776e+00
1.131230377297974e+00
1.129102888319132e+00
1.128639054076482e+00
1.123705174927416e+00
1.123138631345800e+00
1.122143706311641e+00
1.128167978824499e+00
1.122978343547556e+00
1.124903560094768e+00
1.124813270552056e+00
1.121677318350278e+00
1.124264014640721e+00
1.149126323689480e+00
1.149741555458964e+00
1.151228255814166e+00
1.152030883716477e+00
1.152365608659968e+00
1.151589177533770e+00
1.148356134774632e+00
1.149171448153156e+00
1.149781737559002e+00
1.150779843253121e+00
1.151355562320673e+00
1.147429023733401e+00
1.146234534660647e+00
1.121435022432831e+00
1.123289688754296e+00
1.126337046647071e+00
1.122954266614920e+00
1.120369604417774e+00
1.123553140993379e+00
1.124362236382378e+00
1.121824754440643e+00
1.124307516651413e+00
1.115023003952971e+00
1.115468171939940e+00
1.115257534200218e+00
1.153943701374784e+00
1.154111343111108e+00
1.154093319309013e+00
1.153862465331963e+00
1.133626607332225e+00
1.138171501391973e+00
1.133241898225410e+00
1.131094615376860e+00
1.132433748055947e+00
1.135162227037086e+00
1.132989591814730e+00
1.133765547093221e+00
1.135853404069830e+00
1.128778603491096e+00
1.143691295219191e+00
1.144821181440854e+00
1.146189473976838e+00
1.146576513016194e+00
1.138903710531820e+00
1.139342314659251e+00
1.136641702169498e+00
1.137790289361418e+00
1.132246318233608e+00
1.132481526829025e+00
1.149330529253122e+00
1.146796207666222e+00
1.145394022950077e+00
1.145863489022026e+00
1.144626958708880e+00
1.146693735670325e+00
1.148760742995436e+00
1.145319672529314e+00
1.148673908063293e+00
1.149490835765318e+00
1.150502618166543e+00
1.149689880971879e+00
1.149065717109925e+00
1.150447933650717e+00
1.129607625644326e+00
1.134010390280392e+00
1.137401076487793e+00
1.136442155657888e+00
1.133558755652633e+00
1.133845346070941e+00
1.153758698087806e+00
1.153131030781282e+00
1.153750998606386e+00
1.153080149762123e+00
1.152474861353844e+00
1.149605536800162e+00
1.148818187276246e+00
1.149674202560271e+00
1.150686530071226e+00
1.152014759582025e+00
1.150258913117207e+00
1.151615505275849e+00
1.152187284671530e+00
1.149286004744542e+00
1.148535234049538e+00
1.148760542572145e+00
1.149091024059521e+00
1.146531649570863e+00
1.147386932484227e+00
1.148525898378524e+00
1.144856035115835e+00
1.145280949992951e+00
1.144297038065111e+00
1.143204478468261e+00
1.140420012543916e+00
1.144123893216902e+00
1.138433326421315e+00
1.139157390661314e+00
1.141742104936421e+00
1.140088322004749e+00
1.140063950050187e+00
1.141658242303522e+00
1.135381168393406e+00
1.135221812296726e+00
1.133492400241421e+00
1.148088665245480e+00
1.145932234176904e+00
1.149365234461472e+00
1.148821029739151e+00
1.145739943254153e+00
1.147781790642572e+00
1.144754670227268e+00
1.146591143157768e+00
1.143778763461688e+00
1.145406801824700e+00
1.129196899318481e+00
1.133245054275301e+00
1.135520223269756e+00
1.133284831063835e+00
1.128749507058341e+00
1.128552920355287e+00
1.139443875891212e+00
1.135716393831350e+00
1.141762473446051e+00
1.140149927916176e+00
1.140302294578238e+00
1.135613689377239e+00
1.149425278649136e+00
1.150460118064653e+00
1.149230069289070e+00
1.146777211696773e+00
1.137264796487854e+00
1.140094194384467e+00
1.138894260465709e+00
1.139539561618590e+00
1.134892244775100e+00
1.133434481898896e+00
1.151031026409703e+00
1.151191855326170e+00
1.149820816305976e+00
1.149991433872527e+00
1.127483737037765e+00
1.122038831809108e+00
1.123891991671642e+00
1.123971993134242e+00
1.122113092125038e+00
1.127596505681307e+00
1.121132584177782e+00
1.133961190127471e+00
1.134480328318913e+00
1.138952006128803e+00
1.139746567174249e+00
1.136715937373401e+00
1.139080032953332e+00
1.140162216199275e+00
1.135528486898987e+00
1.132478906969842e+00
1.131704328344344e+00
1.133822952249459e+00
1.139049014910657e+00
1.141350576240306e+00
1.141958191833909e+00
1.139207597367374e+00
1.139668013930358e+00
1.134163887964256e+00
1.137493525670493e+00
1.141598843458568e+00
1.141528113846753e+00
1.139911752668202e+00
1.145072177668525e+00
1.145115750185044e+00
1.148629602643851e+00
1.146568521393902e+00
1.145151153109873e+00
1.152770757817852e+00
1.152740060521887e+00
1.153392140560063e+00
1.152383955123975e+00
1.153485664370287e+00
1.145025427823172e+00
1.148347283874403e+00
1.146251221445317e+00
1.142781738228401e+00
1.144272713019679e+00
1.140443506011291e+00
1.139181722170379e+00
1.143930768873267e+00
1.139579068567285e+00
1.133418368372657e+00
1.136829814049622e+00
1.138624231592839e+00
1.137423469333924e+00
1.138533634388900e+00
1.133560649005888e+00
1.128796199049197e+00
1.133489169156807e+00
1.136240102232349e+00
1.139362422687851e+00
1.140908083914959e+00
1.134466568792555e+00
1.141557190820533e+00
1.145473755650227e+00
1.141954418174092e+00
1.145409785216934e+00
1.146736508450424e+00
1.147012551570371e+00
1.141187933548726e+00
1.138835955776391e+00
1.137442244822278e+00
1.139906064646646e+00
1.139518654434767e+00
1.134671781578696e+00
1.133962294131435e+00
1.140933973818198e+00
1.144774816560187e+00
1.143925552091236e+00
1.142098394397257e+00
1.144713963151259e+00
1.145162599860469e+00
1.141792863780941e+00
1.145035343732963e+00
1.141231097132969e+00
1.146647738171705e+00
1.133531215089930e+00
1.135244129423304e+00
1.135435536715161e+00
1.128749400043137e+00
1.128766621626025e+00
1.132715163316522e+00
1.139814062966424e+00
1.128222868268379e+00
1.132297821000085e+00
1.128911228946982e+00
1.122542407335575e+00
1.122411012174024e+00
1.123628557337936e+00
1.125360245156051e+00
1.119783220776522e+00
1.128706256027566e+00
1.121597025334978e+00
1.124420843793474e+00
1.124137991946418e+00
1.131440896010670e+00
1.127086009299943e+00
1.132329260096653e+00
1.128777085180727e+00
1.131974233640253e+00
1.128664584355372e+00
1.132777621139532e+00
1.132575896666467e+00
1.134628424285463e+00
1.124876855196074e+00
1.122482342960884e+00
1.124858202414751e+00
1.122817107149209e+00
1.113350770104554e+00
1.129034280761928e+00
1.123895772424263e+00
1.129685997874396e+00
1.132226637335114e+00
1.123939204326177e+00
1.123861659184207e+00
1.122101706456595e+00
1.124148560523873e+00
1.124224657923844e+00
1.122559077056890e+00
1.123112955186239e+00
1.124434018038350e+00
1.124248651061793e+00
1.124628966692936e+00
1.122028808011108e+00
1.122537493806370e+00
1.128995810342552e+00
1.132425464211023e+00
1.129071580202155e+00
1.128048156450921e+00
1.124280938582018e+00
1.122331372936881e+00
1.122731035437899e+00
1.124329225288195e+00
1.114030713048653e+00
1.123094486239111e+00
1.123033661825578e+00
1.124534423734945e+00
1.124780717982221e+00
1.129101739005359e+00
1.124829008179320e+00
1.114096063682682e+00
1.037217563973020e+00
1.037334519940551e+00
1.114645639550669e+00
9.797827634709836e-01
1.127998176407935e+00
1.131468468150243e+00
1.130954242671497e+00
1.133142344693481e+00
1.135170512102949e+00
1.123005457062989e+00
1.123292203114966e+00
1.123057295057014e+00
1.121397567156356e+00
1.123430221418463e+00
1.115307407639609e+00
1.124718158602344e+00
1.037167020204598e+00
1.113707867123052e+00
1.114429665631389e+00
1.036996169061400e+00
1.124179986341887e+00
1.123822157429011e+00
1.114331001309737e+00
1.113961847694369e+00
1.036769448938038e+00
1.037921615326929e+00
9.798193350963331e-01
1.121373737124915e+00
1.121960158969180e+00
1.124146338063209e+00
1.124245511703502e+00
1.113639732345490e+00
1.127734476443574e+00
1.121577071174955e+00
1.121960237218111e+00
1.122776639690271e+00
1.132651884257586e+00
1.128186078294210e+00
9.997772939458354e-01
9.997656874096695e-01
9.973249837634741e-01
9.973125492189996e-01
9.993059887699830e-01
9.973281212347730e-01
9.993109350711025e-01
9.993076916382676e-01
1.119418701093530e+00
1.127830744238597e+00
1.132079755201995e+00
1.131045648038736e+00
1.121814920686345e+00
1.127568025426722e+00
1.131592174860147e+00
1.129293559755860e+00
1.128407748150702e+00
1.127190166541668e+00
1.128952698007634e+00
1.121797734359103e+00
1.121935960627570e+00
1.124219162596254e+00
1.114233718999452e+00
1.130615720582443e+00
1.128934312062414e+00
1.128836234489814e+00
1.129913624659583e+00
1.121023598112864e+00
1.122096487317708e+00
1.127405392035801e+00
1.121699525354074e+00
1.121453549387494e+00
1.128687861014438e+00
1.113268059884156e+00
1.113063073811441e+00
1.037142753065345e+00
1.123825738301162e+00
1.122936807919113e+00
1.037127327962059e+00
1.114696677122884e+00
1.114918275446364e+00
1.036940272107787e+00
1.114998604749180e+00
1.113428791590585e+00
1.036618665899889e+00
1.113725900391909e+00
1.124780139684345e+00
1.124301147009985e+00
1.037281481779241e+00
1.114669801074786e+00
1.036893300628543e+00
9.796713697040333e-01
1.037018801513373e+00
1.115436521415325e+00
1.114830108254732e+00
1.036090124333269e+00
1.123153921046606e+00
1.036837739053402e+00
1.115687337397571e+00
1.037184406563735e+00
1.114286303599523e+00
1.036679062358239e+00
9.799235838249877e-01
1.036815505022630e+00
1.114025268195833e+00
1.036936056446144e+00
9.800994707560491e-01
9.799954118976421e-01
1.113928027827014e+00
1.035262004142392e+00
1.122528198507384e+00
1.113352520974918e+00
1.113306227780175e+00
1.035857232431612e+00
1.037388051175436e+00
1.113443817944127e+00
1.036658568850845e+00
1.113156909687454e+00
1.037682413330478e+00
1.036990107682134e+00
1.114486711261906e+00
1.113246949015657e+00
1.123945744250535e+00
1.123730791466533e+00
1.113979741842390e+00
1.036599607603013e+00
1.114422768229751e+00
1.036956824999033e+00
9.800645988503706e-01
9.800342245818913e-01
1.037262145789579e+00
1.036634821194436e+00
9.800723477291644e-01
9.800526041361308e-01
9.798494575432332e-01
1.037448370847847e+00
1.036751475553508e+00
1.036420192744048e+00
1.037158951821940e+00
9.798819873563742e-01
9.798964827822144e-01
1.035393329589376e+00
1.035882592457997e+00
1.037183626797630e+00
9.799859348687142e-01
9.800385836462207e-01
9.997300706635736e-01
1.114011866019949e+00
1.036514343512956e+00
1.124048561762710e+00
1.123791106029704e+00
1.114350685978843e+00
1.113856084615677e+00
1.113952370979544e+00
1.036861417178187e+00
1.113474735510232e+00
1.125404940865316e+00
1.125383427237405e+00
1.113511058304907e+00
1.037063055454966e+00
1.114001287096585e+00
1.114346768497442e+00
1.124813788689205e+00
1.113912364632906e+00
1.036777315533594e+00
1.037943222783468e+00
1.114246366356411e+00
1.124424682255273e+00
1.122764212805238e+00
1.124800141689859e+00
1.122648787000208e+00
1.124453044695189e+00
1.114387324342448e+00
1.114804075830373e+00
1.114582437432889e+00
1.037214973859811e+00
1.036706420152707e+00
1.036210403474910e+00
9.797945212451660e-01
9.800017359190015e-01
1.124278266147226e+00
1.114273330205286e+00
1.124731014981021e+00
1.114089967313506e+00
1.124596949823913e+00
1.113090375373080e+00
1.122438885468675e+00
1.124432173001012e+00
1.123643203837131e+00
1.124066385301193e+00
1.122268010570621e+00
1.124630772179614e+00
1.114636924638833e+00
1.037141807354653e+00
1.036693601784940e+00
1.123963839009664e+00
1.114236860835272e+00
1.121573434471969e+00
1.124065473023384e+00
1.113702607959089e+00
1.037041052046736e+00
1.113537565352356e+00
1.124233781715768e+00
1.124159817158271e+00
1.120868063056761e+00
1.120622825389974e+00
1.113614376988139e+00
1.124935329332905e+00
1.124348406636060e+00
1.122089435411737e+00
1.123288416493958e+00
1.114985746377647e+00
1.116062059172810e+00
1.122134512907632e+00
1.124198197118972e+00
1.124050622289900e+00
1.116089439221466e+00
1.115261182948945e+00
1.037272795485706e+00
1.036563821853765e+00
1.114761189584569e+00
1.114463505993220e+00
1.123979197761827e+00
1.128725976623470e+00
1.122562230597494e+00
1.036658885143401e+00
9.798529792180767e-01
9.997824552160071e-01
9.998081212178704e-01
9.973312581168742e-01
9.973287868019883e-01
9.993079531585387e-01
9.993066854487420e-01
9.799808300863879e-01
9.798318443334191e-01
9.997145057722222e-01
1.036173069944705e+00
1.113873347953782e+00
1.037117416752390e+00
9.997777872235227e-01
9.798740320766230e-01
9.797714945720738e-01
9.998103542666422e-01
9.998358377933516e-01
9.799338730491644e-01
1.036536735381697e+00
9.798255398889656e-01
9.800570394025906e-01
1.036363531161542e+00
1.036156096016248e+00
1.035969585953589e+00
9.798594713897476e-01
9.998151490277988e-01
9.799105634605431e-01
9.997972562497067e-01
9.973554902311703e-01
9.973351093408866e-01
9.993155819490172e-01
9.997700141660050e-01
9.799464512324825e-01
9.798414513359461e-01
9.997783089129392e-01
9.796957186095016e-01
1.037423560194041e+00
9.998351094017942e-01
9.798538801230314e-01
9.997977454220454e-01
9.973310982565674e-01
9.993016053535151e-01
9.993158723800499e-01
9.997631513990890e-01
9.800096881948809e-01
9.997442270329329e-01
9.998261821734002e-01
9.799662117481782e-01
9.799124362465289e-01
9.997652259542588e-01
9.796408642959539e-01
9.997520296540406e-01
9.799491150659216e-01
9.973294923137759e-01
9.973218733698593e-01
9.992918062781709e-01
9.796781436548093e-01
9.997940401367298e-01
9.997474809380592e-01
9.973206138413828e-01
9.993033140113786e-01
9.993142658735048e-01
9.998039642689717e-01
9.973254999975654e-01
9.993067539850001e-01
9.973250254491233e-01
9.973218624789890e-01
9.993109526533663e-01
9.993112962659397e-01
9.998007466262162e-01
9.800336030906511e-01
9.996637674778491e-01
9.997933801571930e-01
9.799159248414572e-01
9.798218786405255e-01
9.998028168914823e-01
9.798481352964483e-01
9.998147935968291e-01
9.799949290737271e-01
9.796697479359244e-01
9.998045362759209e-01
9.998953375217344e-01
9.997998925687162e-01
9.973634117099437e-01
9.993330720702117e-01
9.973537270092155e-01
9.993241274326704e-01
9.997606471977359e-01
9.797552881029872e-01
1.036550704509829e+00
1.036715920218283e+00
9.798483596971929e-01
9.797708548003454e-01
1.037433125971065e+00
9.998049959034889e-01
9.797812441284344e-01
1.036676331205328e+00
9.797196140084448e-01
9.800040829375540e-01
1.037387718481789e+00
1.113313064793870e+00
9.799112056862302e-01
9.799574557418106e-01
9.803142611630551e-01
1.037062634621715e+00
1.036482460116264e+00
9.797906556169493e-01
9.798688115033202e-01
9.973328268149094e-01
9.993367201030140e-01
1.037061753199345e+00
1.035826161504652e+00
9.800261402727062e-01
1.036184892742114e+00
1.113157572946251e+00
9.800076239291499e-01
9.797654156460107e-01
9.998358115477345e-01
9.998420391348605e-01
9.973339858729227e-01
9.973277670328372e-01
9.993322206252800e-01
9.973308209450481e-01
9.993238899191546e-01
9.797874069680960e-01
9.997674386940262e-01
9.973376678301666e-01
9.973299278164666e-01
9.993043649839948e-01
9.799959185496125e-01
9.797910968149574e-01
1.037492031354325e+00
1.037228387119887e+00
9.798557632995877e-01
9.998069315142759e-01
9.998150076061969e-01
9.798209901126773e-01
1.037677716821756e+00
1.115204699026919e+00
1.036991948136172e+00
9.799530014231439e-01
1.037097347204159e+00
1.036408194998681e+00
1.114390441672223e+00
1.113884166281602e+00
9.797819751835436e-01
1.036735913861899e+00
9.797689309894301e-01
1.037192658336703e+00
1.114345350335320e+00
1.114550104157005e+00
9.800143275631381e-01
1.129626374222502e+00
1.122948324887101e+00
1.127970341838500e+00
1.124708086784656e+00
9.799054991047356e-01
9.797252050108765e-01
1.037102134427601e+00
9.798533976161616e-01
9.998360593019043e-01
9.798348192822652e-01
9.798297129741975e-01
9.997840183908380e-01
9.973174708792566e-01
9.973221635654450e-01
9.992985532135725e-01
9.997901589869345e-01
9.998370692358547e-01
9.973195197767446e-01
9.993307710928234e-01
9.973490772587462e-01
9.993294530103367e-01
9.973614371232354e-01
9.993237198622347e-01
9.993163866982212e-01
9.998620052242002e-01
9.997687601426181e-01
9.998795320264701e-01
9.973658631886771e-01
9.993159225702756e-01
9.997764711496603e-01
9.997865536908433e-01
9.973746217679226e-01
9.993115048568677e-01
9.973465689505648e-01
9.973410326320008e-01
9.993065973677493e-01
9.973320527055637e-01
9.993094660631964e-01
9.993106928914818e-01
9.973262496138103e-01
9.993217274807561e-01
9.998243353969812e-01
9.973424432669573e-01
9.993057139397840e-01
9.993210342228849e-01
9.973468004018139e-01
9.993295094437259e-01
9.998036735222746e-01
9.997521308988264e-01
9.973534112990570e-01
9.993210196270713e-01
9.973375699101097e-01
9.993098861542634e-01
9.973335870827650e-01
9.992948314247301e-01
9.997761334522151e-01
9.997315805056819e-01
9.973165847707324e-01
9.973423194457861e-01
9.992855127760804e-01
9.992932236596221e-01
9.996274525118107e-01
9.997662474401527e-01
9.973318779513641e-01
9.993047228953496e-01
9.973444625693648e-01
9.993204454054373e-01
9.993205723896735e-01
9.998111723321407e-01
9.998305839823273e-01
9.973532831220749e-01
9.973418748892489e-01
9.973460052662207e-01
9.992910900314942e-01
9.973383150446811e-01
9.973442732661891e-01
9.993064828416329e-01
9.993198238370272e-01
9.973429543010962e-01
9.973607128555477e-01
9.993048105664566e-01
9.997708850299543e-01
9.997739457124053e-01
9.993045463026371e-01
9.993422828818580e-01
9.973522716201696e-01
9.993205779031568e-01
9.800605241601861e-01
9.997458711418777e-01
9.997819077623716e-01
1.036375557420611e+00
9.973250189059930e-01
9.993280685576337e-01
9.973364447607622e-01
9.993186472580510e-01
9.998118584756209e-01
9.973415184417699e-01
1.130851174236578e+00
1.131520589883490e+00
1.133165777954160e+00
1.128538608077066e+00
1.129410193339988e+00
9.973329046223587e-01
9.973253588326080e-01
9.993312544999747e-01
9.993002467391066e-01
9.973159880293612e-01
9.992939808946190e-01
9.973500768906706e-01
9.998454529457070e-01
9.799677083907563e-01
9.973655453347063e-01
9.993201716926842e-01
9.998488497254774e-01
9.973350781162050e-01
9.997917163670047e-01
9.993217365407013e-01
9.993232043274379e-01
9.973449501687768e-01
9.973395550341217e-01
9.973277185473255e-01
9.973508089097651e-01
9.993019951439964e-01
9.993123963841976e-01
9.993196418495047e-01
9.973382957661543e-01
9.998162047459308e-01
9.973251272185959e-01
9.973402545268168e-01
9.993032926643590e-01
9.993290103551148e-01
9.993187197888106e-01
9.973403384621551e-01
9.973350095210037e-01
9.997760684414777e-01
9.998030915167707e-01
9.798671151041169e-01
9.993085447332246e-01
9.993069918112417e-01
9.998274234503228e-01
9.973410163978094e-01
9.973645092171221e-01
9.997906633998302e-01
9.993205712978150e-01
9.993163709777589e-01
9.993130925871175e-01
9.973339045112471e-01
9.973307405939303e-01
9.998355634824810e-01
9.798212151405524e-01
9.997705175826759e-01
9.993131421414801e-01
9.993285371701845e-01
1.123813663637474e+00
1.131237339201028e+00
1.127633424068316e+00
1.128213036314573e+00
1.132208068658534e+00
1.134294729025052e+00
1.132663320799580e+00
1.128124977930689e+00
1.121522962574690e+00
1.121937759603130e+00
1.124938236228243e+00
1.114809276302914e+00
1.036557829029312e+00
1.036479797421433e+00
9.996258853789973e-01
9.801296731552129e-01
9.799579443564060e-01
9.800063054175981e-01
9.998111939171177e-01
9.973449516788425e-01
9.998338708831070e-01
9.798717811975098e-01
9.993051162517956e-01
9.973601007061900e-01
9.993370085209782e-01
9.996378134961067e-01
9.973438963354512e-01
9.997908304710024e-01
9.992979230586099e-01
9.992977248082836e-01
9.973200613959284e-01
9.997467566607172e-01
9.992968909385673e-01
9.993237418448673e-01
9.973398853256946e-01
9.973348223699141e-01
9.997571514144736e-01
9.973414578388039e-01
9.997854138129257e-01
9.993070897381654e-01
9.993130767253821e-01
9.993170921176036e-01

rho_bas  1  1102  double
1.153825027379788e+00
1.154759061190758e+00
1.158473821567316e+00
1.160774692306881e+00
1.159135186183742e+00
1.130913356956951e+00
1.136025241712610e+00
1.123540315369031e+00
1.140068422670752e+00
1.128655011814902e+00
1.132933937677233e+00
1.133401471780497e+00
1.094789222735821e+00
1.092447771886645e+00
1.143717983048868e+00
1.143525473673901e+00
1.132187430602661e+00
1.137008031116655e+00
1.127380789014548e+00
1.132788580177390e+00
1.125860475194623e+00
1.141962291310655e+00
1.093868240901367e+00
1.131838040123772e+00
1.131401681270379e+00
1.137140659305147e+00
1.131445548120151e+00
1.131400144238354e+00
1.142990655671504e+00
1.143619419340325e+00
1.130388300903563e+00
1.131728211854924e+00
1.131636581218734e+00
1.130656928386802e+00
1.095240757924848e+00
1.095015135431961e+00
1.131267573975851e+00
1.129971888011593e+00
1.124359204678846e+00
1.131261316530398e+00
1.133090071809623e+00
1.091157122156100e+00
1.130879891723338e+00
1.135068688898970e+00
1.123687893213576e+00
1.131036275566079e+00
1.130887677571929e+00
1.094212149512587e+00
1.133167544456620e+00
1.142193484031194e+00
1.144976040820926e+00
1.144082151311300e+00
1.141331125590149e+00
1.150964009160649e+00
1.149651353271879e+00
1.142893979336286e+00
1.152596876096794e+00
1.156280054154662e+00
1.151029414190921e+00
1.154853422509079e+00
1.153303963267042e+00
1.147417172952287e+00
1.148937327351286e+00
1.152444111187294e+00
1.156797976627813e+00
1.155882228084616e+00
1.158604725957846e+00
1.160785232898426e+00
1.160313031638453e+00
1.157622884258001e+00
1.166990115227792e+00
1.168357028990328e+00
1.167732821655483e+00
1.166837963499020e+00
1.167726656126361e+00
1.166807094729084e+00
1.147696505278295e+00
1.152664789631627e+00
1.143991095658128e+00
1.142039361969263e+00
1.143383783054971e+00
1.141081151913684e+00
1.151060524049014e+00
1.149426344380369e+00
1.158194512746061e+00
1.160631420934150e+00
1.164878013300567e+00
1.166584685782045e+00
1.159910819737324e+00
1.155632347589584e+00
1.159034130431016e+00
1.153002781869188e+00
1.153536827190355e+00
1.156724890072389e+00
1.142430833735666e+00
1.145445427245990e+00
1.141672801128073e+00
1.145288088700515e+00
1.151906613560007e+00
1.151756798354106e+00
1.130465179609252e+00
1.152289102345671e+00
1.158092595757691e+00
1.154804484950590e+00
1.158753368378593e+00
1.155855499862289e+00
1.168164679145148e+00
1.168480162142717e+00
1.168115058639938e+00
1.167209822428831e+00
1.167473019739150e+00
1.168369631243559e+00
1.166761623200842e+00
1.167430782597338e+00
1.151533676993166e+00
1.143881304659556e+00
1.150134993467666e+00
1.153869564198916e+00
1.154284889112360e+00
1.141165592616259e+00
1.166829457060900e+00
1.167305549898830e+00
1.168371609632821e+00
1.166585900401349e+00
1.166538086198866e+00
1.165062486530273e+00
1.166744417007266e+00
1.166796048022155e+00
1.166219415841010e+00
1.164803011244193e+00
1.165024372625859e+00
1.165013445648612e+00
1.166386723118049e+00
1.166795712993991e+00
1.165836471887723e+00
1.163249887393522e+00
1.163302413557107e+00
1.164259788479895e+00
1.164323337380646e+00
1.165249816668172e+00
1.164910222649605e+00
1.164141820475182e+00
1.163736575405904e+00
1.163239068234480e+00
1.160913858736416e+00
1.164315425637631e+00
1.166046447363894e+00
1.163992451670933e+00
1.146546929274982e+00
1.153214766745979e+00
1.149980451068716e+00
1.151564576510948e+00
1.151021944691987e+00
1.152537871095133e+00
1.151284675267509e+00
1.155478921515148e+00
1.152940215858168e+00
1.152826162119670e+00
1.156599663941096e+00
1.151222985859245e+00
1.142634123797930e+00
1.145287088651219e+00
1.141235084683919e+00
1.142970325429006e+00
1.158674335708902e+00
1.155422457939089e+00
1.162141928969003e+00
1.161071882767272e+00
1.157912673547896e+00
1.144250720957539e+00
1.142480098136047e+00
1.149025597034726e+00
1.140068799585566e+00
1.143401836522889e+00
1.159701118576784e+00
1.159467224738154e+00
1.157379869497082e+00
1.157588659053210e+00
1.162756574157140e+00
1.152784238969005e+00
1.152900562246806e+00
1.156973862882275e+00
1.140979271660673e+00
1.145999062227118e+00
1.143463489348163e+00
1.140618777853377e+00
1.128771038292036e+00
1.151176000214484e+00
1.149268302956771e+00
1.159660309095667e+00
1.158977043410606e+00
1.160880629150048e+00
1.158294517501588e+00
1.162191661075112e+00
1.162585126148857e+00
1.159839971757497e+00
1.159774035055764e+00
1.162242955183824e+00
1.162036738407175e+00
1.130433293030239e+00
1.141375172771499e+00
1.141512377904231e+00
1.129797925801105e+00
1.142542807747517e+00
1.151991702185621e+00
1.153471960630859e+00
1.156897638992174e+00
1.158108531479075e+00
1.154411997583680e+00
1.144608307770884e+00
1.141210475525089e+00
1.140785718163138e+00
1.141402555397465e+00
1.126283646170777e+00
1.096217974270333e+00
1.093931244266929e+00
1.130969141087695e+00
1.143184500443502e+00
1.142817866302275e+00
1.093986787133561e+00
1.132120427133789e+00
1.092780028527748e+00
1.142883400743423e+00
1.143246845458601e+00
1.143153863908584e+00
1.142670799122684e+00
1.142136031857732e+00
1.146207594488422e+00
1.132448499535151e+00
1.132306794393293e+00
1.126398239038885e+00
1.136681484481584e+00
1.131861535702830e+00
1.130867867307508e+00
1.132393246517258e+00
1.131799405018740e+00
1.131079570476970e+00
1.128664627191252e+00
1.130660690027186e+00
1.094028552598262e+00
1.093056119168581e+00
1.132525150597171e+00
1.091840300568234e+00
1.163464860880786e+00
1.164131654445851e+00
1.165735231516974e+00
1.166552873104344e+00
1.166859669596450e+00
1.166096952338077e+00
1.162664313509661e+00
1.163534971962341e+00
1.164181469467003e+00
1.165237496602909e+00
1.165851872299260e+00
1.161614236867486e+00
1.160246893513427e+00
1.131284123990175e+00
1.090127953573578e+00
1.121779391365456e+00
1.090125366156675e+00
1.133290949396251e+00
1.096978015990969e+00
1.091251933313373e+00
1.133908815294617e+00
1.093455125845224e+00
1.144018987842598e+00
1.144113975192108e+00
1.143895147386249e+00
1.168458131409944e+00
1.168643831560805e+00
1.168622558345220e+00
1.168396165609124e+00
1.142855960724889e+00
1.149582039924097e+00
1.142395526333384e+00
1.138619172292314e+00
1.141368847833143e+00
1.145089501737960e+00
1.141746918551694e+00
1.142939727074554e+00
1.146151080451299e+00
1.130522029475600e+00
1.157191864655986e+00
1.158557151490174e+00
1.160199062463344e+00
1.160628361425694e+00
1.151178154773257e+00
1.151657226604092e+00
1.147407307365765e+00
1.149089798355517e+00
1.141332081109876e+00
1.141038474130414e+00
1.163697675470621e+00
1.160877558814580e+00
1.159208919828502e+00
1.159803711645771e+00
1.158288974770533e+00
1.160775162031516e+00
1.163075464400549e+00
1.159122769562181e+00
1.162977922425521e+00
1.163896024519100e+00
1.164943762591583e+00
1.164054359140316e+00
1.163398792805497e+00
1.164866528786389e+00
1.133184015031979e+00
1.143994257692141e+00
1.148652334254392e+00
1.147183449025625e+00
1.142865622285025e+00
1.143394840229420e+00
1.168275648632928e+00
1.167661963246724e+00
1.168295294209139e+00
1.167607627287791e+00
1.166954775129853e+00
1.164015302695078e+00
1.163123891855491e+00
1.164033915624495e+00
1.165147539187314e+00
1.166545578928890e+00
1.164682086092941e+00
1.166132609547997e+00
1.166721799290481e+00
1.163612740443285e+00
1.162837864727481e+00
1.163089320524466e+00
1.163437917740850e+00
1.160594929486840e+00
1.161571440241805e+00
1.162857080992199e+00
1.158631390488943e+00
1.159117558537946e+00
1.157959196058026e+00
1.156575811223940e+00
1.153052936338015e+00
1.157722451221394e+00
1.150106887544401e+00
1.151277145071380e+00
1.154793611340696e+00
1.152281844040438e+00
1.152254136376587e+00
1.154699480356116e+00
1.145689817069490e+00
1.145328032304461e+00
1.142604365538004e+00
1.162359426508235e+00
1.159882450716893e+00
1.163696319104488e+00
1.163145385207087e+00
1.159647464415807e+00
1.162011991759810e+00
1.158478269491098e+00
1.160655946227918e+00
1.157242913044580e+00
1.159271754804995e+00
1.130969597659882e+00
1.142165740763033e+00
1.145732704349598e+00
1.142023146943612e+00
1.130512229678389e+00
1.129935412543557e+00
1.151451271575585e+00
1.145859656378829e+00
1.154781307910139e+00
1.152383807374793e+00
1.152631535242777e+00
1.145886242711100e+00
1.163813953187215e+00
1.164874159287689e+00
1.163590027754386e+00
1.160849155346197e+00
1.148364429451674e+00
1.152557634174023e+00
1.150762261943927e+00
1.151568176098281e+00
1.144672426259595e+00
1.142425714976272e+00
1.165519772164609e+00
1.165662784717625e+00
1.164225861943791e+00
1.164411349959713e+00
1.126000198322170e+00
1.131091934992194e+00
1.092527626226409e+00
1.092752654290248e+00
1.133109164128265e+00
1.129636997718339e+00
1.132240817081382e+00
1.142932570666632e+00
1.143996534921456e+00
1.150593612028143e+00
1.152145942345815e+00
1.147157416942654e+00
1.151186025455215e+00
1.152584348189592e+00
1.145947593218673e+00
1.141184348407576e+00
1.140454829476236e+00
1.143107160577491e+00
1.150986731366564e+00
1.154246388910659e+00
1.155053062918394e+00
1.151245731865375e+00
1.151802557646457e+00
1.143255581021820e+00
1.148656473093636e+00
1.154617264098591e+00
1.154446915041013e+00
1.152049462713745e+00
1.158851084008216e+00
1.158934030327305e+00
1.162968584933916e+00
1.160626231499452e+00
1.158936463580226e+00
1.167269691498048e+00
1.167274413011253e+00
1.167927425163314e+00
1.166890558841695e+00
1.168028592448504e+00
1.158856541003463e+00
1.162650515973729e+00
1.160253746366759e+00
1.156051623312151e+00
1.157906051207103e+00
1.153246222772121e+00
1.151416660786740e+00
1.157468783054140e+00
1.151887169798489e+00
1.142258559952979e+00
1.147438945101882e+00
1.150246608146522e+00
1.148663361069849e+00
1.150199964013104e+00
1.142525963543729e+00
1.131059918734545e+00
1.143048440713902e+00
1.146890154800572e+00
1.151296576292228e+00
1.153684774383764e+00
1.144089387341877e+00
1.154539035798068e+00
1.159306045349487e+00
1.155039728148368e+00
1.159230187103750e+00
1.160817098043280e+00
1.161124498626440e+00
1.154017029842331e+00
1.150724828548024e+00
1.148571831068159e+00
1.152404112286284e+00
1.151584778035490e+00
1.144501383204225e+00
1.142922290923420e+00
1.153711090094543e+00
1.158466169010130e+00
1.157445186862548e+00
1.155110895964714e+00
1.158451282134309e+00
1.158935922584337e+00
1.154811467496545e+00
1.158774837519721e+00
1.154091688375167e+00
1.160719761460544e+00
1.142611730990215e+00
1.145366283092250e+00
1.145582912340526e+00
1.130108702314617e+00
1.130174770683827e+00
1.141266523418421e+00
1.151979195893914e+00
1.126602444263824e+00
1.138276799416557e+00
1.130444068210376e+00
1.131350922377674e+00
1.131736085929286e+00
1.095330191182937e+00
1.128442024581258e+00
1.132137345960524e+00
1.129117736233683e+00
1.132274634974276e+00
1.090998527585402e+00
1.090862990137292e+00
1.137329413097650e+00
1.124891927235939e+00
1.141257999179170e+00
1.130108969949066e+00
1.140681234671443e+00
1.130171699764771e+00
1.141739961585782e+00
1.141059380847568e+00
1.144369825707461e+00
1.095249563459349e+00
1.130927917405851e+00
1.093231468367398e+00
1.131536867680047e+00
1.142446355326457e+00
1.129092847704295e+00
1.132546458743031e+00
1.131856679942529e+00
1.141706102489108e+00
1.132899955516635e+00
1.095824997996974e+00
1.132321485620337e+00
1.092865532916939e+00
1.093829301480730e+00
1.132382582076563e+00
1.131659520184797e+00
1.094757900581005e+00
1.093974410971722e+00
1.094100412925399e+00
1.132209396975811e+00
1.131618549361010e+00
1.130231288724942e+00
1.141008275524115e+00
1.129729956362318e+00
1.126640354853530e+00
1.095134336383251e+00
1.131055561623224e+00
1.131511043606149e+00
1.094696325832010e+00
1.142662772257660e+00
1.131854742872200e+00
1.131645942124389e+00
1.095101284854832e+00
1.095022440959512e+00
1.130840288790679e+00
1.095189098844738e+00
1.143279633758981e+00
1.084937013971412e+00
1.085015626068640e+00
1.143174402467093e+00
9.841845917634265e-01
1.127832682765789e+00
1.140665610092829e+00
1.136967589921435e+00
1.142570065602618e+00
1.145162526264892e+00
1.131831106909855e+00
1.092270647707386e+00
1.094299831995500e+00
1.131653980734658e+00
1.092861731845052e+00
1.143349954155149e+00
1.094630101405436e+00
1.084930015666817e+00
1.143048247675484e+00
1.143227446080951e+00
1.085071030759543e+00
1.093023038358806e+00
1.092587028296496e+00
1.142935197758519e+00
1.143221925311875e+00
1.084851253537692e+00
1.085894809955056e+00
9.837057571991548e-01
1.133005779967838e+00
1.131508549459251e+00
1.090888042553319e+00
1.094765875405246e+00
1.142906376893094e+00
1.126072137380315e+00
1.133559378504908e+00
1.131829945606208e+00
1.132422533331647e+00
1.141456387435004e+00
1.127044785895120e+00
1.009464869479002e+00
1.009386309754843e+00
1.000274410228466e+00
1.000202912302108e+00
1.001909850564098e+00
1.000193130706746e+00
1.001907966624589e+00
1.001909964790985e+00
1.132424565917731e+00
1.126522722599961e+00
1.140648658975692e+00
1.138214120624455e+00
1.131599645778057e+00
1.126195093729827e+00
1.140585100546582e+00
1.132151551779027e+00
1.129519504019578e+00
1.125493705498225e+00
1.130606136750617e+00
1.131569215408518e+00
1.131700095264880e+00
1.093430635154939e+00
1.143262346329652e+00
1.138681702184623e+00
1.128388529644592e+00
1.126800633913127e+00
1.135063379568628e+00
1.130903176438425e+00
1.131552665035827e+00
1.125858340385792e+00
1.131579575530365e+00
1.131916609450182e+00
1.130500071765998e+00
1.142500862162845e+00
1.142428219665260e+00
1.085115642768554e+00
1.094160269979627e+00
1.095510407860891e+00
1.084908863940494e+00
1.143367683593870e+00
1.143255846861132e+00
1.084823712636257e+00
1.143205537325849e+00
1.143292101569235e+00
1.084783636522497e+00
1.142734499598957e+00
1.090876892891028e+00
1.091739797551460e+00
1.085145696915201e+00
1.143566010337431e+00
1.084731165513259e+00
9.840736537603186e-01
1.085007978907106e+00
1.143601566300368e+00
1.143356914665818e+00
1.084733716852019e+00
1.093006899510375e+00
1.084957210493292e+00
1.143462034423611e+00
1.085050962300407e+00
1.143499923888143e+00
1.084900519387373e+00
9.839625066658013e-01
1.085366479149880e+00
1.143062614985314e+00
1.085104879535906e+00
9.841496966739330e-01
9.841410791745179e-01
1.143039504448438e+00
1.084167265480625e+00
1.094618090846365e+00
1.143380602693112e+00
1.142430106105424e+00
1.084863233487061e+00
1.084886226747174e+00
1.142761022827554e+00
1.084897011185606e+00
1.143123909719582e+00
1.085003907848834e+00
1.085208657024576e+00
1.143363988439057e+00
1.142649584133113e+00
1.092262241879818e+00
1.095625599242064e+00
1.142729601473310e+00
1.085343830270828e+00
1.143068314038065e+00
1.085222007713842e+00
9.841589399460694e-01
9.840305986521247e-01
1.085104490031901e+00
1.084982617691350e+00
9.842107320181203e-01
9.841033441245666e-01
9.837921105621782e-01
1.085596200822346e+00
1.085503812362376e+00
1.084982143050508e+00
1.085392764054893e+00
9.840883155490886e-01
9.839923589009159e-01
1.084255817857737e+00
1.084224706641934e+00
1.084820219898429e+00
9.843762613978668e-01
9.841994060329496e-01
1.009290199778131e+00
1.143032974131689e+00
1.084838032485125e+00
1.092858752449894e+00
1.093978148969668e+00
1.143507538053065e+00
1.143001917383995e+00
1.143152366299330e+00
1.084975133037493e+00
1.143255906480374e+00
1.092830176795637e+00
1.091796659324000e+00
1.143456988859855e+00
1.084757525948507e+00
1.143016247245684e+00
1.143656708814375e+00
1.095049241176003e+00
1.142848203401656e+00
1.084890123498948e+00
1.086301591665200e+00
1.143597436159889e+00
1.094226274288451e+00
1.131687168380160e+00
1.095366799061886e+00
1.132767926975247e+00
1.093740091783716e+00
1.143166844095499e+00
1.143533131140044e+00
1.143446634453902e+00
1.085167034570093e+00
1.084875299477256e+00
1.084759269933434e+00
9.840267468132562e-01
9.844313789935146e-01
1.094470674060599e+00
1.143464848535113e+00
1.094277941511895e+00
1.143398999098473e+00
1.095251385472593e+00
1.142565816604200e+00
1.131094638869707e+00
1.094832169682318e+00
1.132695160202110e+00
1.094621732972830e+00
1.131582962262328e+00
1.094364233563982e+00
1.143676028759468e+00
1.085256138330368e+00
1.085132494860094e+00
1.092416486097705e+00
1.142917833759427e+00
1.132083840114287e+00
1.093235964050070e+00
1.142897255195791e+00
1.084805013408082e+00
1.142901680660820e+00
1.093834073799555e+00
1.090138939831785e+00
1.131170463719747e+00
1.132441372009178e+00
1.142923805097720e+00
1.092234332276153e+00
1.093413808040724e+00
1.133584642816389e+00
1.132029651511278e+00
1.143899367270695e+00
1.144342892557252e+00
1.133198937286003e+00
1.092648945116301e+00
1.094158130063246e+00
1.144148697727306e+00
1.143970737799109e+00
1.085321214087783e+00
1.085296333071075e+00
1.143169218308002e+00
1.143352862611293e+00
1.095066867420424e+00
1.128058388650534e+00
1.131982577521675e+00
1.085023869354086e+00
9.840632624356185e-01
1.009386243873243e+00
1.009473340254305e+00
1.000204843983809e+00
1.000262985033412e+00
1.001906190166203e+00
1.001906606077912e+00
9.843060328368435e-01
9.841592254761462e-01
1.009304510982577e+00
1.084656345122353e+00
1.143255522641568e+00
1.085209587516585e+00
1.009440859858485e+00
9.841482332032675e-01
9.840845967731154e-01
1.009392009964893e+00
1.009333277120038e+00
9.842840531471103e-01
1.084480805850324e+00
9.842392301502393e-01
9.845719644229991e-01
1.084865300254379e+00
1.084512266252867e+00
1.084372503889972e+00
9.842184454299135e-01
1.009399009359199e+00
9.843670853432388e-01
1.009383004558587e+00
1.000244538076984e+00
1.000195780216656e+00
1.001894420792590e+00
1.009442362617949e+00
9.845812579610872e-01
9.843912904359494e-01
1.009414294187920e+00
9.840422247928879e-01
1.084998145960125e+00
1.009410561610636e+00
9.842598343234352e-01
1.009462654075101e+00
1.000250262462930e+00
1.001907398204616e+00
1.001904416679390e+00
1.009382443605810e+00
9.845955320747845e-01
1.009439774759713e+00
1.009515057717396e+00
9.842573713035988e-01
9.839729608045911e-01
1.009534048096673e+00
9.841246556063217e-01
1.009452810631820e+00
9.845253243423555e-01
1.000247171732103e+00
1.000241422464802e+00
1.001914805300818e+00
9.840053491240144e-01
1.009361581913520e+00
1.009421768950436e+00
1.000215348608985e+00
1.001903825349284e+00
1.001905881982938e+00
1.009432564501942e+00
1.000270650950328e+00
1.001905804045555e+00
1.000265942738939e+00
1.000196550564532e+00
1.001904149767563e+00
1.001909143204494e+00
1.009583172577302e+00
9.844837972898027e-01
1.009436708763033e+00
1.009389291797296e+00
9.840856592383443e-01
9.840202682293415e-01
1.009437524265700e+00
9.840318599244828e-01
1.009403500369630e+00
9.842266982148405e-01
9.839739775827276e-01
1.009405457828903e+00
1.009388382420084e+00
1.009336370923312e+00
1.000173614989725e+00
1.001887678072584e+00
1.000244191481621e+00
1.001886586838129e+00
1.009586726047133e+00
9.842311728704013e-01
1.084973579939773e+00
1.084929061695499e+00
9.840625857392620e-01
9.841420321365743e-01
1.085159282451840e+00
1.009359464946139e+00
9.841969669857767e-01
1.084523684694694e+00
9.840816478852279e-01
9.843920949917664e-01
1.084848926199742e+00
1.142672178911766e+00
9.839077803984908e-01
9.839723646236638e-01
9.844384683896540e-01
1.085012799822326e+00
1.084719482863119e+00
9.840096283533019e-01
9.842455298675219e-01
1.000224413984171e+00
1.001890208878018e+00
1.084785432266238e+00
1.084240683987971e+00
9.842105098355486e-01
1.084438876432787e+00
1.143215172506311e+00
9.843212731206051e-01
9.840403969363745e-01
1.009335125113847e+00
1.009366448995802e+00
1.000218880457180e+00
1.000198330562201e+00
1.001897149480014e+00
1.000250985427074e+00
1.001899373315071e+00
9.839666971710712e-01
1.009459147810981e+00
1.000190715872312e+00
1.000269329524845e+00
1.001909412909381e+00
9.844240750079628e-01
9.839318463462886e-01
1.085149363948796e+00
1.084778063485627e+00
9.843796792403851e-01
1.009481720878900e+00
1.009396487773495e+00
9.841247248982413e-01
1.086075505732538e+00
1.143373949969711e+00
1.085439404288426e+00
9.844975781408238e-01
1.084734841449162e+00
1.084647675272012e+00
1.143167208252439e+00
1.142892816174412e+00
9.842261763631700e-01
1.085016641649191e+00
9.841750503715155e-01
1.085889548303161e+00
1.143178391395205e+00
1.143679291315771e+00
9.846213855130981e-01
1.132399472978226e+00
1.132409531759996e+00
1.126688987842990e+00
1.095143304364959e+00
9.841341090383928e-01
9.838834728624972e-01
1.085012700727779e+00
9.840132356175096e-01
1.009369724741604e+00
9.841775048396592e-01
9.842195471859357e-01
1.009441244395599e+00
1.000269110177616e+00
1.000228807474730e+00
1.001909699968542e+00
1.009322456013955e+00
1.009474626571546e+00
1.000211156391460e+00
1.001897970516390e+00
1.000167477222990e+00
1.001889252863863e+00
1.000248472436933e+00
1.001891883313798e+00
1.001886519441836e+00
1.009375463963720e+00
1.009346357380484e+00
1.009429632964224e+00
1.000259767520747e+00
1.001891729999389e+00
1.009378895932827e+00
1.009372398149878e+00
1.000184622767613e+00
1.001886810611009e+00
1.000232081155195e+00
1.000205200561174e+00
1.001907876682523e+00
1.000259299915552e+00
1.001904462829704e+00
1.001900961797475e+00
1.000201968109925e+00
1.001892568123252e+00
1.009378476974232e+00
1.000254883586712e+00
1.001897307611898e+00
1.001897532019291e+00
1.000207150696412e+00
1.001887994010266e+00
1.009359345023795e+00
1.009280815725525e+00
1.000242567248452e+00
1.001890497937158e+00
1.000258981008898e+00
1.001911347891579e+00
1.000275668364339e+00
1.001912768325134e+00
1.009474660888011e+00
1.009381366132303e+00
1.000215932852312e+00
1.000263967080499e+00
1.001916999360679e+00
1.001924605311526e+00
1.009480560960141e+00
1.009443917210219e+00
1.000223345631276e+00
1.001916102861214e+00
1.000250090293201e+00
1.001894740338108e+00
1.001892639133593e+00
1.009333502864666e+00
1.009425431267968e+00
1.000174960814011e+00
1.000193918436619e+00
1.000221588654579e+00
1.001908953383314e+00
1.000257147983701e+00
1.000200450830914e+00
1.001904893112253e+00
1.001903719061339e+00
1.000216174374635e+00
1.000218847530567e+00
1.001906738642482e+00
1.009226049446599e+00
1.009498212879345e+00
1.001900036752580e+00
1.001887522520064e+00
1.000245878726279e+00
1.001897364287654e+00
9.843984331040639e-01
1.009367709318179e+00
1.009372226451966e+00
1.084616705591059e+00
1.000197758372775e+00
1.001897477146367e+00
1.000201460299464e+00
1.001891458927191e+00
1.009336238961711e+00
1.000243947490832e+00
1.136068503880276e+00
1.140042347158524e+00
1.141974588006108e+00
1.127400447467200e+00
1.130322010046092e+00
1.000214243803344e+00
1.000215647438758e+00
1.001902449199975e+00
1.001908941592775e+00
1.000260241040027e+00
1.001917004713342e+00
1.000193701480709e+00
1.009391368094640e+00
9.839855169998162e-01
1.000224272048156e+00
1.001885814181009e+00
1.009349124719775e+00
1.000247288311469e+00
1.009389030887232e+00
1.001893739979992e+00
1.001898627731931e+00
1.000192475379435e+00
1.000197763876284e+00
1.000251283238151e+00
1.000215483190227e+00
1.001905024229886e+00
1.001893596715502e+00
1.001902706940782e+00
1.000210605420931e+00
1.009377645970721e+00
1.000225273244890e+00
1.000254336446142e+00
1.001903090554477e+00
1.001896649089117e+00
1.001900388770999e+00
1.000251581624428e+00
1.000181892795156e+00
1.009498740317582e+00
1.009482417116244e+00
9.842894089121614e-01
1.001911583260131e+00
1.001910211546186e+00
1.009400454712797e+00
1.000189682968986e+00
1.000250141840189e+00
1.009385035294361e+00
1.001896807807405e+00
1.001893584622133e+00
1.001891853279135e+00
1.000249782490870e+00
1.000203347138055e+00
1.009431327772548e+00
9.839336231319188e-01
1.009354930939829e+00
1.001904756736880e+00
1.001897913345241e+00
1.132174747719403e+00
1.137241598134060e+00
1.126177224979161e+00
1.126404293520345e+00
1.141643476487084e+00
1.143336502639240e+00
1.142353640209843e+00
1.127533679498366e+00
1.132188772883802e+00
1.131201341919005e+00
1.093052512130155e+00
1.142999711562944e+00
1.085441741680263e+00
1.084915122425293e+00
1.009378917535477e+00
9.846754883315032e-01
9.842306759234067e-01
9.840718268057992e-01
1.009370205566435e+00
1.000223656151380e+00
1.009384762354583e+00
9.838478957827552e-01
1.001892418707208e+00
1.000176934995589e+00
1.001889670287695e+00
1.009457065064620e+00
1.000185389572399e+00
1.009584241447533e+00
1.001916130464684e+00
1.001919466008298e+00
1.000234312544620e+00
1.009351776623131e+00
1.001913348591540e+00
1.001902039818637e+00
1.000219612094055e+00
1.000209146987053e+00
1.009324146402557e+00
1.000266839630741e+00
1.009384042202160e+00
1.001896445660565e+00
1.001896519911528e+00
1.001901023050134e+00

rho_lat1  1  1102  double
9.303338794614526e-01
9.301631319298194e-01
9.290971870832189e-01
9.295282217114403e-01
9.292265574809554e-01
9.536107516071965e-01
9.467637012159510e-01
9.486157689601780e-01
9.445300052698170e-01
9.469682430551034e-01
9.353486985174296e-01
9.331720479538838e-01
9.425717921794313e-01
9.396840720343693e-01
9.256257472931957e-01
9.322941948145310e-01
9.313574507443507e-01
9.328855540941020e-01
9.327486991194893e-01
9.285456440431524e-01
9.366961425441953e-01
9.306936013843400e-01
9.387322413189134e-01
9.475361330878704e-01
9.454816483961404e-01
9.444293342868660e-01
9.415475419310374e-01
9.406699821904467e-01
9.396636984635739e-01
9.384970204905608e-01
9.493923901189435e-01
9.565264728350200e-01
9.572409140021605e-01
9.551556874959143e-01
9.644749835442448e-01
9.657535205782369e-01
9.580967508310156e-01
9.522775557116860e-01
9.540736148308193e-01
9.593952564948024e-01
9.610769136297473e-01
9.683472305027355e-01
9.589184111855803e-01
9.508039797417701e-01
9.530940460010882e-01
9.583728329727041e-01
9.560320520776174e-01
9.652601590977113e-01
9.606934027222538e-01
9.318277842737696e-01
9.319918487761916e-01
9.332910847547611e-01
9.302239023206674e-01
9.312142858119552e-01
9.331688665838691e-01
9.338594750684366e-01
9.322904987605219e-01
9.301660818795195e-01
9.313111767220309e-01
9.321432415425152e-01
9.349322235989721e-01
9.364635058665182e-01
9.376468473915129e-01
9.345182354318881e-01
9.338577054470958e-01
9.329491278695092e-01
9.290311403673881e-01
9.296487528268013e-01
9.297063394680919e-01
9.295480596121311e-01
9.291931288923322e-01
9.286987744118671e-01
9.290416011183910e-01
9.295951862182872e-01
9.287543367780021e-01
9.299191811709870e-01
9.425661144890518e-01
9.390680952572704e-01
9.438689360805510e-01
9.474402965159195e-01
9.449385899562363e-01
9.455801299307651e-01
9.401928187945474e-01
9.423467319672316e-01
9.341110659965604e-01
9.324188355378438e-01
9.295193441391211e-01
9.289561941662416e-01
9.335298928454381e-01
9.359006450860339e-01
9.343513697771917e-01
9.359402383403332e-01
9.367156860932163e-01
9.347555736829897e-01
9.460957646971951e-01
9.428843382723592e-01
9.455295077911238e-01
9.419962218830006e-01
9.393501056653542e-01
9.389808751415113e-01
9.503105292706773e-01
9.382125978927549e-01
9.359430051528090e-01
9.370706840606420e-01
9.346854976053889e-01
9.375307002430753e-01
9.286545703283523e-01
9.286363437580817e-01
9.290632126933276e-01
9.292150597675788e-01
9.293913554403025e-01
9.287962464637266e-01
9.290944427024732e-01
9.287951753525602e-01
9.403659721405556e-01
9.433218210857522e-01
9.417290040303657e-01
9.377767404472747e-01
9.373505401619774e-01
9.492393915850115e-01
9.296859149687144e-01
9.293825763211573e-01
9.288302056319794e-01
9.301946768808352e-01
9.300195388083724e-01
9.301858157177948e-01
9.286583039448452e-01
9.288051745451816e-01
9.293879895704018e-01
9.293679031489201e-01
9.294304800269240e-01
9.290730418803914e-01
9.288572626738421e-01
9.285619083012495e-01
9.289839229150927e-01
9.299781079115861e-01
9.288734261776486e-01
9.293085799911215e-01
9.313649585776363e-01
9.308098654220136e-01
9.305929501294230e-01
9.316907197095589e-01
9.314347277477618e-01
9.323667404730163e-01
9.333031795318022e-01
9.304438081735180e-01
9.296856631944467e-01
9.300797086748879e-01
9.373781045694399e-01
9.357479569357804e-01
9.375952125856825e-01
9.358060313603577e-01
9.348813506094499e-01
9.378548819493779e-01
9.392489345350342e-01
9.370483975260926e-01
9.381442745000952e-01
9.365833192093648e-01
9.356343537595283e-01
9.383214200040046e-01
9.408464375549664e-01
9.412359209231140e-01
9.453198113969635e-01
9.410321184002606e-01
9.315528772862296e-01
9.318343911603487e-01
9.303256163640116e-01
9.300112075236501e-01
9.307322270990900e-01
9.324201884131667e-01
9.332853176592645e-01
9.319821561407018e-01
9.353206597586453e-01
9.343914748091402e-01
9.324215833231854e-01
9.319964997542826e-01
9.335477519452230e-01
9.345901575598557e-01
9.311166274001346e-01
9.348694015312764e-01
9.355425541704362e-01
9.323593167873301e-01
9.377174454839295e-01
9.352247626630660e-01
9.351862650353763e-01
9.345135805322916e-01
9.398612095841323e-01
9.333123414206111e-01
9.318758636407408e-01
9.333653183394574e-01
9.341539739545480e-01
9.338189558897474e-01
9.354217648770983e-01
9.326551063595084e-01
9.318395609756380e-01
9.326330506066972e-01
9.320376388719809e-01
9.313844487178309e-01
9.319678001987550e-01
9.489697483573470e-01
9.434839743100893e-01
9.447524542762845e-01
9.484327529504313e-01
9.450181980994765e-01
9.329110447414827e-01
9.318967725672053e-01
9.320594524652133e-01
9.305096337164128e-01
9.335704623461525e-01
9.323359197794626e-01
9.341589407515923e-01
9.318867038617625e-01
9.308380915540790e-01
9.347027052965892e-01
9.534619437012487e-01
9.520633138756605e-01
9.420722981491206e-01
9.570910903370622e-01
9.511995023853275e-01
9.365490749170572e-01
9.277398625847586e-01
9.350140212288659e-01
9.173029957748592e-01
9.131350198579855e-01
9.100767059074967e-01
9.374171202849562e-01
9.366746556949392e-01
9.355049078399436e-01
9.385407899828279e-01
9.381148778152109e-01
9.399146633287266e-01
9.396316475050858e-01
9.475627115264144e-01
9.490329494827519e-01
9.528117189159374e-01
9.543556608126841e-01
9.568793522044363e-01
9.510683082371001e-01
9.586650220497844e-01
9.679607221186773e-01
9.683814258799942e-01
9.615257105707965e-01
9.686401751683040e-01
9.316666052656907e-01
9.310970687014588e-01
9.307623345633260e-01
9.300922373337710e-01
9.295585756897501e-01
9.299628674326283e-01
9.331180827462032e-01
9.318636497264738e-01
9.311980918445069e-01
9.309189242207119e-01
9.300555942167061e-01
9.328665183494657e-01
9.338724650826468e-01
9.517978157682103e-01
9.614826868077825e-01
9.482273211475261e-01
9.576697625057985e-01
9.508284908664567e-01
9.446892358330117e-01
9.487736414994046e-01
9.425855638492744e-01
9.525416867174917e-01
9.449806201782842e-01
9.510005060781366e-01
9.392089436957645e-01
9.286726421743321e-01
9.286068861073676e-01
9.286449311902000e-01
9.285553515260661e-01
9.403846884336139e-01
9.372085512967359e-01
9.393612903973177e-01
9.429358870368261e-01
9.480716167904806e-01
9.432059948010547e-01
9.468261349147645e-01
9.456963843190150e-01
9.423074680824609e-01
9.509552749601248e-01
9.365176903944689e-01
9.357502907644500e-01
9.341828308945418e-01
9.334143711941491e-01
9.331309629088934e-01
9.342782149473127e-01
9.346139028146948e-01
9.357632120965010e-01
9.374354715818484e-01
9.384133911815694e-01
9.291215532958155e-01
9.297256837050680e-01
9.292050017159669e-01
9.309001668067296e-01
9.302860202693316e-01
9.302843820181508e-01
9.298549314726149e-01
9.295367685140679e-01
9.324763803871939e-01
9.318939763199080e-01
9.310762802497008e-01
9.313808976724791e-01
9.316253021092138e-01
9.305206499881016e-01
9.455802522210722e-01
9.421985524209848e-01
9.390438855662062e-01
9.401002848948049e-01
9.406770562889961e-01
9.439732899358645e-01
9.286069697722432e-01
9.287985499344265e-01
9.287042419997177e-01
9.291833495628543e-01
9.291195141137771e-01
9.287886417089078e-01
9.290684027492347e-01
9.294915874590322e-01
9.290090881775703e-01
9.287960858259563e-01
9.304519414688670e-01
9.294078276951317e-01
9.297013573646922e-01
9.302296410348234e-01
9.300440997355167e-01
9.311402237784131e-01
9.300184391510634e-01
9.303058253486090e-01
9.306484037428706e-01
9.291407615733649e-01
9.304916470902853e-01
9.316498590192268e-01
9.308029463665440e-01
9.372240070586217e-01
9.386952108861371e-01
9.362372026512700e-01
9.417335782773093e-01
9.397503911453563e-01
9.303483525321086e-01
9.299438355617846e-01
9.294157533924591e-01
9.301587089317390e-01
9.309593852424674e-01
9.319303436756902e-01
9.298925573586181e-01
9.306743219068117e-01
9.323141163191218e-01
9.302960969187086e-01
9.311123771673477e-01
9.308651664939038e-01
9.308991219994057e-01
9.320424401127126e-01
9.302743058681917e-01
9.332917621261130e-01
9.326115337579957e-01
9.316194912635253e-01
9.290817097455459e-01
9.306311446923758e-01
9.284775913245431e-01
9.307242415539142e-01
9.304699061434593e-01
9.380395589284451e-01
9.408575944593744e-01
9.358003089094264e-01
9.384824673670146e-01
9.390199697198823e-01
9.417059819044673e-01
9.289287383972500e-01
9.292525042044774e-01
9.291114282509164e-01
9.297781105936260e-01
9.307539003559846e-01
9.306136161554431e-01
9.292449056368003e-01
9.292336531132299e-01
9.306756223834824e-01
9.308852955323856e-01
9.291872390670324e-01
9.298579213166652e-01
9.300736403565592e-01
9.305794977931970e-01
9.395759111603608e-01
9.374970301328222e-01
9.453546118417363e-01
9.474880627414790e-01
9.336320521163098e-01
9.376961817047413e-01
9.410814299955983e-01
9.402678829847575e-01
9.404693237987745e-01
9.373039443595078e-01
9.354924421774159e-01
9.370133285365627e-01
9.348857336622736e-01
9.382243580873639e-01
9.416857783695515e-01
9.462876306850222e-01
9.493132771408256e-01
9.434025563389080e-01
9.398640316960276e-01
9.375678115025886e-01
9.370663211444643e-01
9.411510179142026e-01
9.399854383814467e-01
9.444277535759666e-01
9.422491755800002e-01
9.304306553287416e-01
9.311676835673646e-01
9.301643522534225e-01
9.296394247887965e-01
9.346083476720197e-01
9.327860385817327e-01
9.339035351330661e-01
9.354522916576841e-01
9.289124055552717e-01
9.292363490616991e-01
9.291568694626374e-01
9.291195465186071e-01
9.287181695192992e-01
9.301592389346641e-01
9.292077082091273e-01
9.298044153883721e-01
9.303175189463812e-01
9.292994116603924e-01
9.316292042951660e-01
9.308613813687638e-01
9.317439954655475e-01
9.330392288168158e-01
9.342918237596520e-01
9.349826147322147e-01
9.327868594041832e-01
9.401192927947507e-01
9.387385688959178e-01
9.416790499169645e-01
9.493947106893031e-01
9.433465911798879e-01
9.416255515202941e-01
9.308918429972828e-01
9.319527869981706e-01
9.331220761398089e-01
9.311807268585089e-01
9.346596681377166e-01
9.363409098666987e-01
9.342435634393934e-01
9.323435875459185e-01
9.329453807999707e-01
9.303448140974798e-01
9.293554641802662e-01
9.304834229369254e-01
9.306444730845628e-01
9.291596174648853e-01
9.307527863000571e-01
9.309626546946114e-01
9.354379542014255e-01
9.338476054470987e-01
9.332508490717621e-01
9.331676573159601e-01
9.320876641401029e-01
9.349067450472575e-01
9.365938710393555e-01
9.344881616056716e-01
9.360543815335753e-01
9.331751992449809e-01
9.291588410926774e-01
9.306091075061230e-01
9.311345967189327e-01
9.314053684873272e-01
9.306454175518806e-01
9.286831662016483e-01
9.294616733563970e-01
9.349249656554153e-01
9.341831976339520e-01
9.330114507313428e-01
9.284022831532911e-01
9.311459799367187e-01
9.354026466338808e-01
9.305074249965242e-01
9.269649932128915e-01
9.327490260987162e-01
9.309239952269436e-01
9.343933185832139e-01
9.389644874380720e-01
9.302066226058134e-01
9.312090568911967e-01
9.285475604682976e-01
9.302738715441761e-01
9.481481026002964e-01
9.508624787003923e-01
9.453253639329573e-01
9.450126940667961e-01
9.433075730592005e-01
9.337453242375670e-01
9.278876962375813e-01
9.358659932868060e-01
9.260719378329408e-01
9.105228095093337e-01
9.444148398676255e-01
9.440476153583830e-01
9.438534862552205e-01
9.405470264744705e-01
9.460858171714351e-01
9.540434874758633e-01
9.595671263824820e-01
9.681374266681994e-01
9.678953129299432e-01
9.595576461103033e-01
9.591642441866211e-01
9.679559337767927e-01
9.682673543818913e-01
9.676330086076347e-01
9.592048858097454e-01
9.582886459275346e-01
9.513027653908014e-01
9.474085814672211e-01
9.522279025518364e-01
9.534058681932625e-01
9.336153291893686e-01
9.257588293020527e-01
9.269367133338020e-01
9.349548052583145e-01
9.115722107310272e-01
9.555596685721008e-01
9.567817112525938e-01
9.653216424289368e-01
9.661630059868406e-01
9.501010674990187e-01
9.664640857392931e-01
9.776287646587332e-01
1.002919410252723e+00
1.001838008068269e+00
9.794811592128112e-01
9.995908018636982e-01
9.523310096732219e-01
9.486162749049448e-01
9.500671916293270e-01
9.465740664503643e-01
9.435443520899066e-01
9.429097317721709e-01
9.510965298152370e-01
9.535203046225406e-01
9.456018386066849e-01
9.566557344743067e-01
9.480795642178518e-01
9.365291042086289e-01
1.026482685341669e+00
9.156026614209705e-01
9.203588693175582e-01
1.025394604547114e+00
9.490583420240325e-01
9.459902043936479e-01
9.451051399816022e-01
9.388969493238353e-01
1.019910368202739e+00
1.016785659005129e+00
9.963439413776952e-01
9.245839590218377e-01
9.256122753121109e-01
9.341363424045226e-01
9.329247383172995e-01
9.090512130003426e-01
9.492326482271407e-01
9.556227085720259e-01
9.515488492783702e-01
9.509495110930776e-01
9.434825210119657e-01
9.485738889730249e-01
1.000642235328125e+00
1.000551117108829e+00
9.998833809891837e-01
9.999011708943789e-01
9.999463561551593e-01
9.998551593345264e-01
9.999666675507426e-01
9.999563333226389e-01
9.262095335033154e-01
9.307592531000093e-01
9.287880579329159e-01
9.296681741046506e-01
9.255359744699450e-01
9.537138156236566e-01
9.493715504354046e-01
9.510326792284678e-01
9.526193851094633e-01
9.529314113207984e-01
9.517526735707638e-01
9.588538444152898e-01
9.599185308967310e-01
9.676287897517062e-01
9.807356948065535e-01
9.409850640693584e-01
9.449042086441116e-01
9.449768266930825e-01
9.387161139358599e-01
9.492193798562373e-01
9.322813257911516e-01
9.385835787588277e-01
9.368349449697231e-01
9.380695081643740e-01
9.355122539247210e-01
9.754549829087295e-01
9.729225163136427e-01
1.004278138758889e+00
9.649707604630797e-01
9.627034540928782e-01
1.000045981210320e+00
9.816107176182671e-01
9.815474794904893e-01
1.000396546585953e+00
9.814759156090507e-01
9.786888065190230e-01
1.002403387306602e+00
9.766756721840033e-01
9.670013002169037e-01
9.677442403789661e-01
1.000373218371895e+00
9.805839286891358e-01
1.000912907631384e+00
9.997599797940626e-01
1.025571058419362e+00
9.230080198882427e-01
9.292872763621070e-01
1.024581301280877e+00
9.407972647734978e-01
1.020465999154865e+00
9.353349856284979e-01
1.022633044843282e+00
9.420476780349925e-01
1.018110792449770e+00
9.962101420636605e-01
1.016295970516573e+00
9.538399275306773e-01
1.013632746961562e+00
9.971268671837109e-01
9.966703472632634e-01
9.655834508070039e-01
1.010688996418507e+00
9.616139831936117e-01
9.615990470646135e-01
9.694595999351703e-01
1.012036343705157e+00
1.027771683755931e+00
9.134920838119768e-01
1.027151649819665e+00
9.178902976383283e-01
1.027987114615596e+00
1.025790298181472e+00
9.230830225665081e-01
9.744260076460256e-01
9.634555803761308e-01
9.635409353306199e-01
9.710821727392400e-01
1.021615359560660e+00
9.323148397064895e-01
1.023389662192907e+00
9.958926160633716e-01
9.955855357586391e-01
1.006366438328872e+00
1.008769417222449e+00
9.985799875023359e-01
9.980957244497385e-01
9.990379647012509e-01
1.021438361732736e+00
1.019306766238933e+00
1.017115742565691e+00
1.023617267852126e+00
9.960514582531570e-01
9.964445290043836e-01
1.028407054274628e+00
1.028478609365128e+00
1.027013533695398e+00
9.944444743569181e-01
9.941847696848278e-01
1.001063850554122e+00
9.262765505855725e-01
1.025145153267656e+00
9.430323387926746e-01
9.395418499964098e-01
9.199516611219746e-01
9.765719548061771e-01
9.742734503622554e-01
1.003712184044867e+00
9.726743612916736e-01
9.642551736031137e-01
9.622906099865022e-01
9.693884856161249e-01
1.004668522726720e+00
9.755246149294748e-01
9.800996907145976e-01
9.668727713754048e-01
9.787588961055738e-01
1.001255364093353e+00
1.002420040304310e+00
9.675970123113745e-01
9.628062356033882e-01
9.543298265459806e-01
9.637432019189841e-01
9.521463897011444e-01
9.606174651428946e-01
9.818325660704849e-01
9.815575999914393e-01
9.813724992590176e-01
1.000024357997616e+00
1.000239543950102e+00
1.000581579405719e+00
9.999786616198491e-01
9.999290512839470e-01
9.576514639770148e-01
9.613160866429060e-01
9.595447593029346e-01
9.658192907217948e-01
9.327750176986337e-01
9.092232948611862e-01
9.257126851633458e-01
9.332269512123651e-01
9.372207035198078e-01
9.437423331646317e-01
9.354358614929238e-01
9.400478691153725e-01
9.294531128057012e-01
1.024129773084563e+00
1.022448373159801e+00
9.671335448885338e-01
9.794638950493082e-01
9.588017236847706e-01
9.661546947544133e-01
9.778602316773265e-01
1.001827330341025e+00
9.591694561670319e-01
9.583861713523915e-01
9.611450311735069e-01
9.519093299324987e-01
9.547887981588652e-01
9.636794937573635e-01
9.575895286295504e-01
9.530297284172836e-01
9.457591468728181e-01
9.479750909349884e-01
9.539986389020659e-01
9.482744031024151e-01
9.407857684621944e-01
9.468495594491665e-01
9.505371994949237e-01
9.357882203937757e-01
9.418404714380825e-01
1.020627305581210e+00
1.018093962710838e+00
9.802067861280068e-01
9.811775689446887e-01
9.672535275704555e-01
9.536137340033070e-01
9.589507592754336e-01
1.000759135246498e+00
9.968729144175554e-01
1.000607014311666e+00
1.000689656136832e+00
9.998662090687912e-01
9.998925332877445e-01
9.999512424881750e-01
9.999599838502081e-01
9.988387859994012e-01
9.991791652882257e-01
1.000161830941383e+00
1.007261545618428e+00
9.711595087632444e-01
1.005363507513000e+00
1.000228845461062e+00
9.984884616908507e-01
9.995476513822147e-01
1.000049719751236e+00
1.000084243420772e+00
9.993475781249245e-01
1.003132136960322e+00
9.983260643259619e-01
9.986744674696402e-01
1.010045370353432e+00
1.008004853010057e+00
1.006466742971412e+00
9.989442690807387e-01
1.000734142924327e+00
9.958170039162756e-01
1.000831418986257e+00
9.998371701349124e-01
9.998062212086065e-01
9.999778382436095e-01
1.000975588287368e+00
9.949453223978996e-01
9.945867996663268e-01
1.001001719254556e+00
9.946121575837529e-01
1.027199765020103e+00
1.000018912059688e+00
9.998948625035761e-01
1.000001803127714e+00
1.000031059404604e+00
9.998812384358916e-01
9.998829833202330e-01
1.001016134185290e+00
9.946336845119892e-01
1.001007680746408e+00
1.000973072133746e+00
9.951176236459987e-01
9.946699633762193e-01
1.001039709901997e+00
9.944183682568769e-01
1.001049041153643e+00
9.945115176423897e-01
9.997678858383741e-01
9.997697992123555e-01
1.000009834398889e+00
9.993098949307908e-01
1.000146655863502e+00
1.000206913885306e+00
9.999849775318892e-01
9.999097725321712e-01
9.999035515939291e-01
1.001037012869337e+00
9.997832446339140e-01
9.999983659275161e-01
9.997676094761876e-01
9.997667991873389e-01
1.000009813437813e+00
1.000004946046732e+00
1.000109413419277e+00
9.994702061852379e-01
1.000060682496485e+00
1.000007115569074e+00
9.998540140325577e-01
9.996859072261404e-01
1.000026189782189e+00
9.952456978696629e-01
1.000918441759907e+00
9.950165468487985e-01
9.947267855102948e-01
1.000952410345331e+00
1.000737847326369e+00
1.000792408606403e+00
9.998355181736133e-01
9.999710637973585e-01
9.998656451097038e-01
9.999644379273653e-01
1.000464985240891e+00
9.971472822788747e-01
1.016082214364193e+00
1.013552710802467e+00
9.966833949733983e-01
9.999999233235807e-01
1.000062060978083e+00
9.999927413711043e-01
9.999658943339682e-01
1.028263724675267e+00
9.943251134434506e-01
9.943453522805829e-01
1.027902363065808e+00
9.097429184503281e-01
9.970965308702755e-01
9.975587464440989e-01
9.978836448241789e-01
1.014002134815355e+00
1.001023839399187e+00
9.998722831741893e-01
9.997560103101334e-01
1.000015398293063e+00
9.998920014756872e-01
1.010920409009291e+00
1.008937520416593e+00
9.984113221106480e-01
1.007731537123970e+00
9.677652899997955e-01
9.981994843938788e-01
9.999671564243700e-01
1.000004395269957e+00
9.999917809938033e-01
1.000034056549105e+00
1.000035064194177e+00
9.998782169453166e-01
1.000034200621600e+00
9.998788845155999e-01
9.950840552606230e-01
1.000937216569397e+00
9.997848162075057e-01
9.998057081734946e-01
9.999922063421076e-01
9.987446415272631e-01
9.991934437789309e-01
1.005521780925179e+00
1.003513178382778e+00
9.995019965716201e-01
1.000178336550160e+00
1.000094890156211e+00
9.979430809152821e-01
1.012269750232940e+00
9.566554363924751e-01
1.014949356152116e+00
9.975000203523621e-01
1.028373896611064e+00
1.028277829048371e+00
9.107877021692107e-01
9.094384066727120e-01
9.942822274848727e-01
1.009003856024763e+00
9.980928075706501e-01
1.011577572153723e+00
9.637521890298891e-01
9.586181105765877e-01
9.977025528620727e-01
9.439138543642187e-01
9.515591533802761e-01
9.484207293303932e-01
9.581606504671891e-01
9.999199680242438e-01
9.999931576958788e-01
1.000172686542779e+00
9.997902715500699e-01
9.999967284747903e-01
9.962461610946273e-01
9.957674944475209e-01
1.000735107777861e+00
1.000003262608804e+00
1.000016448611574e+00
9.998967677604931e-01
1.000042753764747e+00
1.000083340871853e+00
1.000024729192947e+00
9.998874510046346e-01
9.998974300501129e-01
9.999521435207940e-01
9.999294024508030e-01
9.999361622665065e-01
9.999249840119840e-01
1.000596149496294e+00
1.000391004277052e+00
1.000464827170810e+00
9.999482463353109e-01
9.999200463860488e-01
1.000363766721541e+00
1.000304728744402e+00
9.999365773795653e-01
9.999226914295578e-01
1.000011329725630e+00
1.000021181412510e+00
9.998912144557917e-01
1.000030069902036e+00
9.998848918292593e-01
9.998796093960712e-01
1.000029447145152e+00
9.998809079816557e-01
1.000021507913521e+00
1.000024363815086e+00
9.998895808967641e-01
9.998834804485743e-01
9.999621235489129e-01
9.999123261795606e-01
1.000287638691887e+00
1.000252684416338e+00
9.999541771320174e-01
9.999157309762049e-01
9.999742536641982e-01
9.999142367618193e-01
9.999445545973070e-01
9.999224520689218e-01
1.000317750569398e+00
1.000251817193170e+00
9.999585457082015e-01
9.999295285650149e-01
9.999288131854399e-01
9.999370993739961e-01
1.000360726043213e+00
1.000292643668849e+00
9.999477244069894e-01
9.999193664481227e-01
9.999919581108041e-01
9.999110697839043e-01
9.999000559060529e-01
1.000124031762271e+00
1.000203390562166e+00
9.999651776844914e-01
1.000005600267552e+00
9.997983384368578e-01
9.999957247016449e-01
9.997838161147454e-01
9.997699478316069e-01
1.000002449388760e+00
1.000006893613167e+00
9.997821366885170e-01
9.997738282393579e-01
9.999992081188125e-01
1.000926657665633e+00
1.001014240867615e+00
1.000003993866736e+00
9.999922681458759e-01
1.000020972841094e+00
9.998840605229065e-01
9.996561092253204e-01
1.000058472385850e+00
1.000040288752189e+00
1.001489594359908e+00
1.000034330573366e+00
9.998795470521065e-01
1.000025164131571e+00
9.998824634105966e-01
1.000016858593170e+00
1.000032048309880e+00
9.373188866808054e-01
9.342624497175707e-01
9.309409347697655e-01
9.351468510138634e-01
9.332753612489657e-01
9.999809279387232e-01
9.999974103811343e-01
9.999029369557918e-01
9.999125491814342e-01
9.999663126691585e-01
9.998974526093828e-01
9.998010560269592e-01
1.000862689350421e+00
9.951663398089273e-01
9.998256089294807e-01
9.999814218765996e-01
9.999920220131757e-01
1.000034764964281e+00
9.999993951467973e-01
9.998803012442441e-01
9.998781877248336e-01
1.000032454606530e+00
1.000013145890672e+00
9.999980899162786e-01
9.999753792704841e-01
9.999088900238408e-01
9.998892930281453e-01
9.998969705393128e-01
9.997624367156184e-01
1.001010254188334e+00
9.997816511636847e-01
9.997979733262443e-01
9.999955676903772e-01
1.000004514838699e+00
9.999864378842739e-01
9.998521338409996e-01
9.998209270133348e-01
1.000768834654882e+00
1.000874189984995e+00
9.956240288856664e-01
9.999714988836857e-01
9.999833766490399e-01
1.000653984132758e+00
9.998550909965469e-01
9.998812360218686e-01
1.000568940076017e+00
9.999660472868656e-01
9.999551258268692e-01
9.999465136844383e-01
9.998362029989049e-01
9.998129302619223e-01
1.000828824912223e+00
9.953533991987663e-01
1.000874657706722e+00
9.999769239553087e-01
9.999860745830529e-01
9.428693977904709e-01
9.397944704658534e-01
9.445412445439505e-01
9.402291387298130e-01
9.366691361562958e-01
9.370925650189361e-01
9.405399404865069e-01
9.336736914370627e-01
9.279468546655394e-01
9.325851369174939e-01
9.385146241143136e-01
9.149645457360974e-01
1.028105520515231e+00
1.026902687048371e+00
1.001011747646169e+00
9.946514098852461e-01
9.943827926658223e-01
9.947615638818592e-01
1.000468892398317e+00
9.999287561065742e-01
1.000352023820750e+00
9.976615990369513e-01
9.999267026231534e-01
9.998979033574001e-01
9.999371737749148e-01
1.000387234906533e+00
9.999157859796493e-01
1.000516411525093e+00
9.999314102531988e-01
9.999413457675577e-01
9.997602076184237e-01
1.001054157675144e+00
1.000011012026584e+00
1.000009177409623e+00
9.997629427767234e-01
9.997556064949183e-01
1.001045364955487e+00
9.997588086743809e-01
1.001085094833280e+00
1.000011289908089e+00
1.000009756368583e+00
1.000011731644699e+00

rho_lat2  1  1102  double
9.368577939529635e-01
9.356391420563260e-01
9.345409190166991e-01
9.327193674691471e-01
9.333630938608736e-01
9.539076202884021e-01
9.474119135790088e-01
9.523960166306147e-01
9.469991828289133e-01
9.521213023514142e-01
9.405148685606645e-01
9.431295410831785e-01
9.504991270562211e-01
9.547742499234666e-01
9.490803002588846e-01
9.431446896265112e-01
9.571362374120879e-01
9.492375219903546e-01
9.520790222084331e-01
9.586868466140922e-01
9.535563402032960e-01
9.460945050654930e-01
9.670999223099429e-01
9.573063248763184e-01
9.580685027951692e-01
9.489621837678506e-01
9.508512688906153e-01
9.511788801358873e-01
9.448772426072450e-01
9.459928684038367e-01
9.299426129980138e-01
9.261422618944430e-01
9.280401952029503e-01
9.260856014114489e-01
9.330460889442671e-01
9.346802229528013e-01
9.295218514125247e-01
9.335934294337950e-01
9.356614206068969e-01
9.319644121614284e-01
9.339804653266386e-01
9.404127746739590e-01
9.456790990499312e-01
9.425128827091956e-01
9.462376523773981e-01
9.504966923568147e-01
9.527766785004863e-01
9.604029161164035e-01
9.488356035476085e-01
9.387503408876017e-01
9.379199742718004e-01
9.364676623595666e-01
9.412925747323709e-01
9.348810631599781e-01
9.334959523095238e-01
9.364680888703601e-01
9.385800174291234e-01
9.373668889544734e-01
9.396407948130095e-01
9.375999904027182e-01
9.384918758385897e-01
9.420249615351702e-01
9.413317942695308e-01
9.396289147739301e-01
9.362527882649799e-01
9.368665396389090e-01
9.345805216749766e-01
9.326633988487106e-01
9.336657160220126e-01
9.357344659484538e-01
9.289972344903034e-01
9.286086949555440e-01
9.287946347437457e-01
9.288299415972575e-01
9.290050609167518e-01
9.286193869594319e-01
9.345503666724552e-01
9.323636830765089e-01
9.364990823306083e-01
9.347362614664166e-01
9.340135189405834e-01
9.389236693451656e-01
9.339274287693998e-01
9.361599710042915e-01
9.291992807514414e-01
9.297588693500718e-01
9.296343399744976e-01
9.293983095851375e-01
9.336402954601378e-01
9.350599181307141e-01
9.335436527698848e-01
9.380821348302532e-01
9.375373943046598e-01
9.356591052440022e-01
9.294542904447536e-01
9.315557153783136e-01
9.290599186700049e-01
9.307809934583232e-01
9.297132396518162e-01
9.293978058618203e-01
9.309739237048936e-01
9.348844285839099e-01
9.327321796752543e-01
9.345787767710926e-01
9.314812182737277e-01
9.328875625210291e-01
9.291067864104343e-01
9.287251434681079e-01
9.288823288342282e-01
9.295898453827489e-01
9.289904738396657e-01
9.286866441640093e-01
9.297119721280851e-01
9.294552032040290e-01
9.307407607708703e-01
9.327568696361321e-01
9.320915082547214e-01
9.317063450129485e-01
9.308232849210895e-01
9.330466812910604e-01
9.294123036567691e-01
9.290710001608167e-01
9.286968349365867e-01
9.292637173760873e-01
9.287332729858101e-01
9.291223074357238e-01
9.295299940204496e-01
9.294424605219597e-01
9.288087193387791e-01
9.301701909346015e-01
9.296464796148344e-01
9.306372160598859e-01
9.301565423189225e-01
9.295639658862664e-01
9.308716970928772e-01
9.319838669034597e-01
9.318794050149880e-01
9.313363521846457e-01
9.298430704668961e-01
9.293705625011022e-01
9.292038235810471e-01
9.290366143076777e-01
9.288066313706526e-01
9.294663461344209e-01
9.299795018413726e-01
9.310809457481474e-01
9.304233767516505e-01
9.317007987885106e-01
9.313332072493509e-01
9.305902142643077e-01
9.296500386672379e-01
9.309105854419398e-01
9.313250118262740e-01
9.372922170814075e-01
9.368567544402279e-01
9.341889992354376e-01
9.345815454224199e-01
9.372180250689843e-01
9.348545177062898e-01
9.290362940626387e-01
9.306369279054305e-01
9.304950954829644e-01
9.280732197825492e-01
9.312336465145997e-01
9.350371637375063e-01
9.376551151679460e-01
9.332548161240347e-01
9.339950000447333e-01
9.359040964701315e-01
9.437886605097081e-01
9.458823147767156e-01
9.420824055826443e-01
9.496092423372942e-01
9.442245677126879e-01
9.338619785394843e-01
9.343531164612607e-01
9.359983726089443e-01
9.354554200942561e-01
9.326444171325702e-01
9.383307430899397e-01
9.377924750348700e-01
9.368407534625929e-01
9.481597414332641e-01
9.430185767256939e-01
9.440864696926137e-01
9.496197281429576e-01
9.528545924721893e-01
9.406144658678410e-01
9.424944054436010e-01
9.333816340653331e-01
9.334929164262796e-01
9.315352159757126e-01
9.327418729992413e-01
9.316351102317848e-01
9.323112502622846e-01
9.339438086360029e-01
9.345313507636888e-01
9.327996638178898e-01
9.324736592169585e-01
9.304604624212168e-01
9.285155442399182e-01
9.285967102623600e-01
9.299257794587739e-01
9.288373558915989e-01
9.328294282405805e-01
9.332548576687343e-01
9.309787657469214e-01
9.318807788878131e-01
9.310616495171795e-01
9.435083059891830e-01
9.459678953601782e-01
9.491548779988969e-01
9.454265642475200e-01
9.530294894348806e-01
9.663318916863156e-01
9.679539539981116e-01
9.591833775306251e-01
9.790405534769445e-01
9.808936153306165e-01
9.659151423399017e-01
9.560714518885307e-01
9.660387492145585e-01
9.793194365162131e-01
9.768420334833752e-01
9.746623090780497e-01
9.331173253822148e-01
9.341051122420454e-01
9.330932225225899e-01
9.379763711574767e-01
9.367731927850586e-01
9.371753564767688e-01
9.338259493896984e-01
9.473989410561481e-01
9.471023821214111e-01
9.545039625971691e-01
9.529300006052531e-01
9.513385284457143e-01
9.468119653887254e-01
9.369531541225636e-01
9.462885170126002e-01
9.443601892381603e-01
9.395862288493758e-01
9.509471012995956e-01
9.308058012119242e-01
9.310042168711906e-01
9.297368967317704e-01
9.292685091022103e-01
9.293681956200046e-01
9.301713360133159e-01
9.304780541812904e-01
9.307885897354561e-01
9.311489482403676e-01
9.299252820632982e-01
9.302039377677351e-01
9.317280926751543e-01
9.319039315772418e-01
9.577591599953046e-01
9.664026652721217e-01
9.527085215172996e-01
9.680501850134018e-01
9.588017871169832e-01
9.468320304464131e-01
9.460653442083047e-01
9.340279858433153e-01
9.409332545946133e-01
9.300728153935803e-01
9.239723427365572e-01
9.359991610751227e-01
9.287471793391632e-01
9.286758765977284e-01
9.286642205787413e-01
9.288754547279493e-01
9.435472766800573e-01
9.410262902966884e-01
9.440560844456021e-01
9.489074138649898e-01
9.329138907976907e-01
9.326593625419068e-01
9.306587329733803e-01
9.296923699395827e-01
9.315245090311236e-01
9.320776571458295e-01
9.314138425007299e-01
9.299672917883633e-01
9.306600364216754e-01
9.301011476095420e-01
9.405915267379106e-01
9.392324861460550e-01
9.428925504639231e-01
9.420751529276630e-01
9.473605941590109e-01
9.458912972135152e-01
9.305363915214943e-01
9.320477379527310e-01
9.334784152808174e-01
9.309761780979475e-01
9.320690316127903e-01
9.312334706946269e-01
9.301306962655904e-01
9.325865467798640e-01
9.296471292252751e-01
9.290194315372758e-01
9.294127022105595e-01
9.299436279872548e-01
9.289459958867788e-01
9.292760539916675e-01
9.487770151868096e-01
9.435514133154430e-01
9.405893084678940e-01
9.398849424127493e-01
9.439351895334368e-01
9.433251993584445e-01
9.288673775693166e-01
9.289574733355151e-01
9.286316262860383e-01
9.287784461133024e-01
9.290816962504920e-01
9.311417890472590e-01
9.318954183519804e-01
9.313078127846359e-01
9.306982764999100e-01
9.302453314077235e-01
9.291494157138291e-01
9.288327814945315e-01
9.288141459110293e-01
9.298827794168406e-01
9.300561132503830e-01
9.290804246623121e-01
9.321072551525761e-01
9.340261201922754e-01
9.332584768695804e-01
9.329323434562610e-01
9.344900262736244e-01
9.351849326195737e-01
9.360422220838238e-01
9.326834368991110e-01
9.325123482534955e-01
9.310497253187118e-01
9.360154437473523e-01
9.337382634731269e-01
9.348376209551380e-01
9.358581763112165e-01
9.370183978096338e-01
9.356851731860496e-01
9.390056661048587e-01
9.377722693481827e-01
9.407695418318275e-01
9.294263555988548e-01
9.299100595899439e-01
9.297862469969649e-01
9.291438107848635e-01
9.310555146312529e-01
9.294682572603539e-01
9.306506170536984e-01
9.312608578629412e-01
9.297211546488574e-01
9.300693532919536e-01
9.450332978848204e-01
9.427256328376875e-01
9.400092528856288e-01
9.439932912609538e-01
9.471018250995175e-01
9.488609028867638e-01
9.292275280657266e-01
9.305935467833342e-01
9.301355033247055e-01
9.293520003945692e-01
9.297017043528221e-01
9.307215163438923e-01
9.310713669798466e-01
9.301938416899863e-01
9.305557234478624e-01
9.319721079708663e-01
9.415493504107054e-01
9.380185602233961e-01
9.401685296813730e-01
9.380974295269835e-01
9.414613832881629e-01
9.433266706240563e-01
9.308930473255017e-01
9.305380075425826e-01
9.317848642989172e-01
9.311446903884065e-01
9.536944012586728e-01
9.588910717769953e-01
9.684790577364435e-01
9.684662279200122e-01
9.607935382054560e-01
9.539916692868883e-01
9.608384748853213e-01
9.309277879566492e-01
9.311510940772202e-01
9.295519087564434e-01
9.308321711685126e-01
9.313982421364323e-01
9.312975501079636e-01
9.375123352623030e-01
9.391082263798823e-01
9.432154948957960e-01
9.415172767466528e-01
9.395125528044139e-01
9.368111770596246e-01
9.315974328933442e-01
9.306585309374856e-01
9.317357583148000e-01
9.306099358461205e-01
9.339091668211545e-01
9.341381947998932e-01
9.347754892761072e-01
9.337607257325324e-01
9.356313601559698e-01
9.326219632561576e-01
9.314453225692449e-01
9.304111804926983e-01
9.306153785046705e-01
9.299666462907165e-01
9.294591352783179e-01
9.296544218866853e-01
9.289240714679794e-01
9.297376127122169e-01
9.291461904650171e-01
9.345772208804315e-01
9.328656372203237e-01
9.335190089487833e-01
9.372639756438057e-01
9.357047817935035e-01
9.385048924024496e-01
9.399665717403817e-01
9.309141202813538e-01
9.329408018840437e-01
9.362571978960894e-01
9.329211845418471e-01
9.335356576492164e-01
9.396637839867528e-01
9.400908112192891e-01
9.429941038782119e-01
9.461778758969666e-01
9.432194916686543e-01
9.386620300397395e-01
9.350332206209857e-01
9.331450765946105e-01
9.369840443848110e-01
9.337778957093239e-01
9.293992097878906e-01
9.303001784954918e-01
9.291077578055756e-01
9.297065221233181e-01
9.296045934577953e-01
9.368622247984291e-01
9.398947430697649e-01
9.421701379360907e-01
9.381895812563226e-01
9.384560034731073e-01
9.417942959971493e-01
9.431654399601300e-01
9.305684456795833e-01
9.291878366745763e-01
9.297425182050112e-01
9.309336704896163e-01
9.307154917355186e-01
9.295476468728541e-01
9.302672550233557e-01
9.291165991586927e-01
9.303131316278739e-01
9.296677993758362e-01
9.422099295256707e-01
9.403325921021505e-01
9.386998270905587e-01
9.456654637976414e-01
9.472563237701531e-01
9.442343055600456e-01
9.371460593724940e-01
9.423654317422970e-01
9.381980693991200e-01
9.432963790159118e-01
9.491546449221270e-01
9.460867403854912e-01
9.653587101109664e-01
9.536606532398559e-01
9.596457180520641e-01
9.516863220084807e-01
9.593567590910096e-01
9.649511092555675e-01
9.676933785442469e-01
9.483054712296256e-01
9.511285843874117e-01
9.462698603991884e-01
9.488070240176789e-01
9.416593400136584e-01
9.458644853465844e-01
9.429916026534310e-01
9.387833693338173e-01
9.389723800325387e-01
9.598111236929644e-01
9.500876357597737e-01
9.583407717654686e-01
9.522912153774541e-01
9.662764226262019e-01
9.322157009456337e-01
9.320390663522045e-01
9.320096620510308e-01
9.309246743136863e-01
9.299022411502842e-01
9.385405588495720e-01
9.420921696086697e-01
9.517688198036787e-01
9.422746418334148e-01
9.344783239372605e-01
9.389016886863079e-01
9.449271857472171e-01
9.479358008229588e-01
9.391011501003084e-01
9.329366995196962e-01
9.303217234644383e-01
9.320359491322775e-01
9.308960956494631e-01
9.331489859673474e-01
9.354787519547297e-01
9.607483435024883e-01
9.535733162225256e-01
9.509301229274705e-01
9.588344329542610e-01
9.642163342976798e-01
9.260192626239284e-01
9.275345615460570e-01
9.338949986459371e-01
9.354110672787762e-01
9.308578920053709e-01
9.360863668761701e-01
9.145682744470495e-01
1.027325869336676e+00
1.026442826588652e+00
9.194414423501871e-01
9.946567609745383e-01
9.397847906121675e-01
9.386848019730939e-01
9.362082512575473e-01
9.346331954723481e-01
9.364821944116849e-01
9.584588924728550e-01
9.683068589041118e-01
9.672093923784104e-01
9.589868877260014e-01
9.672733913612368e-01
9.808838839934446e-01
9.565967387143366e-01
1.013238116881944e+00
9.596142030819216e-01
9.543765659610496e-01
1.015461377878371e+00
9.684812718731912e-01
9.684362156544474e-01
9.813864436737786e-01
9.818623392755392e-01
1.000077907272911e+00
1.000299593926546e+00
9.999899772995353e-01
9.581496471481058e-01
9.554011126007671e-01
9.648419111785483e-01
9.625876199058427e-01
9.716860116323257e-01
9.310525526599840e-01
9.228857800309795e-01
9.262931811326158e-01
9.261805942899252e-01
9.281872739009187e-01
9.307409363248673e-01
1.000854644174855e+00
1.000924569911539e+00
9.998087261621842e-01
9.997842831725713e-01
9.999918123208923e-01
9.998242351165373e-01
9.999701761066008e-01
9.999812436748148e-01
9.591214796691909e-01
9.512541852861048e-01
9.463044954418317e-01
9.492767494072435e-01
9.561024618445176e-01
9.414047868205498e-01
9.392534843965250e-01
9.369540015795527e-01
9.390617381414000e-01
9.462475673252990e-01
9.426282660928286e-01
9.480987107503369e-01
9.441113784238331e-01
9.544529955108684e-01
9.502410421758017e-01
9.497237218274077e-01
9.529123992090092e-01
9.542034195355249e-01
9.510922249945596e-01
9.584516665336393e-01
9.597702253954973e-01
9.540545071044941e-01
9.599919541852874e-01
9.603998982095808e-01
9.522051034046647e-01
9.651552274792022e-01
9.691067984944594e-01
1.008690925987076e+00
9.616938962971885e-01
9.628067988271342e-01
1.019710522892369e+00
9.378085170597170e-01
9.442270182548521e-01
1.017074947783925e+00
9.312036337243850e-01
9.585188407364554e-01
1.012065928057362e+00
9.625720595707280e-01
9.599969214560230e-01
9.561562104086644e-01
1.023937240543544e+00
9.248681352703826e-01
1.025245118991078e+00
9.948027306118891e-01
1.001104315097924e+00
9.799324707243603e-01
9.816374226350379e-01
1.000614542372754e+00
9.682285511572053e-01
1.000046668646438e+00
9.814403419089966e-01
1.000111432046643e+00
9.818502442941952e-01
1.000235599121210e+00
9.999794107493449e-01
1.000723948373414e+00
9.800996815720276e-01
1.001393549979441e+00
9.998358958800946e-01
9.999193382987936e-01
9.751823313965718e-01
1.003231097716577e+00
9.637771898310157e-01
9.777346852864877e-01
9.724122746497483e-01
1.002366241505493e+00
1.010031004116478e+00
9.621264450890993e-01
1.011855246166116e+00
9.572799889531668e-01
1.007493759351699e+00
1.014084642965594e+00
9.518792190666986e-01
9.671337478134663e-01
9.640789144252627e-01
9.613826818240315e-01
9.708399881470932e-01
1.000019462412235e+00
9.815166693938713e-01
1.000245409511057e+00
9.999955124589247e-01
9.999920172842864e-01
1.006186955890576e+00
1.004418944027407e+00
9.990947778346366e-01
9.993348472571133e-01
9.986067701183979e-01
1.020139777740107e+00
1.022303190737877e+00
1.024241854022807e+00
1.017453329020066e+00
9.958422256539229e-01
9.953529640048828e-01
1.003913669913887e+00
1.004749685860790e+00
1.002442168808256e+00
9.993827426897565e-01
9.992025761967798e-01
1.000119459143544e+00
9.811654678301319e-01
1.001036508673580e+00
9.682000144756722e-01
9.673132477942091e-01
9.794897138639213e-01
9.126252640391782e-01
9.099926773577777e-01
1.028060863773160e+00
9.094512086849982e-01
9.330823864840505e-01
9.339786828939215e-01
9.088194437677718e-01
1.027870736671708e+00
9.111426843422765e-01
9.224163344179447e-01
9.374070434427058e-01
9.168658366992366e-01
1.025585579661025e+00
1.027167436252706e+00
9.093319103350462e-01
9.330228166680872e-01
9.254836637900085e-01
9.329499904533542e-01
9.253722814320704e-01
9.343774473910358e-01
9.411608243137362e-01
9.346973406528323e-01
9.277020495399814e-01
1.020691123855725e+00
1.023059022375029e+00
1.024843342314633e+00
9.956467617953061e-01
9.952579481189566e-01
9.362090444892134e-01
9.135778411169776e-01
9.344689145044028e-01
9.103459100732582e-01
9.630324766266942e-01
9.699331073606372e-01
9.542027304479490e-01
9.617326834694665e-01
9.388154624813944e-01
9.492034407187918e-01
9.417301756673353e-01
9.528795455523373e-01
9.459959964110268e-01
1.016726303181839e+00
1.019013704916094e+00
9.571874629720237e-01
9.558868702680910e-01
9.491068597271554e-01
9.599559934422811e-01
9.608246146259125e-01
1.012753419937410e+00
9.783433826216276e-01
9.660431111684558e-01
9.667285270583481e-01
9.575501890765876e-01
9.572912632410684e-01
9.762372309056518e-01
9.371372611111983e-01
9.405982823488697e-01
9.303382091691905e-01
9.287167691352752e-01
9.204776019021059e-01
9.265139862532700e-01
9.357268299262221e-01
9.471217896215814e-01
9.426065646815988e-01
9.391583328591405e-01
9.334174176707057e-01
1.021122063404771e+00
1.023320379969593e+00
9.533174741530468e-01
9.471306667541995e-01
9.518425338418814e-01
9.397137526384751e-01
9.440499728783248e-01
1.016235593527622e+00
9.950257245481084e-01
1.000895979198490e+00
1.000826722955285e+00
9.998105091011668e-01
9.998016588140917e-01
9.999856115090416e-01
9.999766456551802e-01
9.943801533811024e-01
9.943696048019754e-01
1.001031368115066e+00
1.028547349019963e+00
9.090329428578084e-01
1.028096409483520e+00
1.001069271559066e+00
9.942762374432044e-01
9.977794984003067e-01
1.000433307887591e+00
1.000354605066352e+00
9.981770803907801e-01
1.010643606585801e+00
9.943191159692635e-01
9.943145891572888e-01
1.027757053294527e+00
1.028548165680954e+00
1.028584311885533e+00
9.943188129933329e-01
9.999912610627665e-01
9.999962656448794e-01
9.999963185885663e-01
1.000035732632680e+00
1.000032818258394e+00
9.998790706107862e-01
1.000449194530946e+00
9.973148867084420e-01
9.982214427108963e-01
1.000360153119928e+00
9.976659399120198e-01
1.011026869661740e+00
1.000945032845538e+00
9.951247991376122e-01
1.000877311246766e+00
9.998030624626828e-01
9.999836996465907e-01
9.999923447359923e-01
1.000318381360930e+00
9.979750468420154e-01
1.000393689158388e+00
1.000482518921584e+00
9.970883284603176e-01
9.975419891651244e-01
1.000236942188215e+00
9.983584789841475e-01
1.000163053745118e+00
9.988350097170240e-01
9.999818857670481e-01
9.999608669286684e-01
9.999158582733427e-01
9.944360117876316e-01
1.001041922333381e+00
1.001069814051268e+00
9.997575481029246e-01
1.000012137660802e+00
1.000010682591754e+00
1.000264346189537e+00
9.999301157167381e-01
9.999359574224205e-01
9.999754356571402e-01
9.999505120480749e-01
9.999184657928357e-01
9.999276263056237e-01
1.001055462534742e+00
9.946478858037822e-01
1.000967209615013e+00
1.000922804668008e+00
9.949427041927108e-01
9.948120302397900e-01
1.000953835742979e+00
9.999340058287023e-01
1.000006982016199e+00
9.998632226454935e-01
9.996912480985997e-01
1.000023972908849e+00
9.999889861255260e-01
9.999900064166969e-01
1.000036534107180e+00
9.998748081411241e-01
1.000036007339908e+00
9.998770704785798e-01
1.000987040333340e+00
9.948427021160169e-01
1.024933706465819e+00
1.026521328854457e+00
9.951837870817949e-01
9.959448987450058e-01
1.021613854041113e+00
1.000783333755154e+00
9.955239025258800e-01
1.006660249137052e+00
9.986198669705074e-01
9.989953548470474e-01
1.008404172210404e+00
9.682434646679423e-01
9.998478569277216e-01
9.996152551058590e-01
9.994923670829944e-01
1.001432230561860e+00
1.015280457961036e+00
9.968488415642340e-01
9.973211505927093e-01
9.999321601762182e-01
9.999245194881152e-01
1.002892245734766e+00
1.004257637279981e+00
9.991153276446989e-01
1.005394064804875e+00
9.739234961359157e-01
9.993198577755100e-01
9.964058455056991e-01
1.000606099060720e+00
1.000698303857982e+00
9.998203539858886e-01
9.998410058446839e-01
9.999731925992036e-01
9.998685720845251e-01
9.999624191169838e-01
9.968208026494998e-01
1.000525935073371e+00
9.999065345802882e-01
9.998918681551416e-01
9.999426692533472e-01
9.989297111009272e-01
9.984283038899808e-01
1.007081520526767e+00
1.009794075248234e+00
9.979094520179099e-01
1.000215183642599e+00
1.000326040688490e+00
9.945508278400863e-01
1.027174132363167e+00
9.178297227305025e-01
1.025504885267485e+00
9.949335530819257e-01
1.005798244850021e+00
1.004100725664014e+00
9.760478765614885e-01
9.731248171042878e-01
9.991087430932239e-01
1.028043032703068e+00
9.944939095564326e-01
1.027575182417366e+00
9.117688503799940e-01
9.157086695448504e-01
9.947772753160689e-01
9.320916313191945e-01
9.257905819248169e-01
9.311235177514146e-01
9.351136718162532e-01
9.966993068989352e-01
9.961939191065861e-01
1.018075660694513e+00
9.970899023755884e-01
1.000639553166715e+00
9.956368833528609e-01
9.960930773025897e-01
1.000760741815313e+00
9.997715093226984e-01
9.997768575033740e-01
1.000006157575920e+00
1.000968073647084e+00
1.001024422736693e+00
9.997843788705628e-01
9.999996606934093e-01
1.000026465873291e+00
9.998826743619021e-01
1.000017704550335e+00
9.998876398246337e-01
9.998889759847532e-01
1.000000572874130e+00
1.000076491336185e+00
1.000044962554588e+00
1.000009450912568e+00
9.998974736999667e-01
1.000089765999801e+00
1.000113568830675e+00
1.000011394448173e+00
9.998903859572037e-01
9.997761168979291e-01
9.997848862322046e-01
1.000000804127598e+00
9.997967772140200e-01
9.999941781755662e-01
9.999875987824745e-01
9.998869204154008e-01
9.999517127084474e-01
1.000523808459028e+00
9.999129853398987e-01
9.999340722308189e-01
9.999423377817845e-01
9.999961106460209e-01
9.999001369717662e-01
1.000134381101246e+00
1.000149108403732e+00
1.000003499772021e+00
9.998974486233126e-01
9.997610504666685e-01
1.000012004544675e+00
9.997788872339223e-01
1.000008719540407e+00
1.001045523445372e+00
1.001062535549778e+00
9.997578272121127e-01
9.997856878533303e-01
1.000003954428266e+00
9.999982692404263e-01
1.000983693751113e+00
1.001049800968188e+00
9.997693449868117e-01
1.000009579459605e+00
9.999730144448238e-01
9.999083664195210e-01
9.999183954165044e-01
1.000280577194100e+00
1.000187629879592e+00
9.999940733696960e-01
9.999492674440356e-01
9.998987283296499e-01
9.999389351024672e-01
9.999241923951769e-01
9.999399092212002e-01
9.999291334010314e-01
9.999223100971948e-01
1.000022729083631e+00
1.000016291465705e+00
9.998864061100027e-01
1.000024545980158e+00
1.000054321304717e+00
9.998909397709013e-01
9.998819088166848e-01
9.999225872294882e-01
9.999355005243413e-01
9.975732941528687e-01
1.000402538269215e+00
1.000473232175904e+00
1.013799809787946e+00
9.998537840539194e-01
9.999559402476048e-01
9.999004718972654e-01
9.999449802349970e-01
1.000554532046361e+00
9.998829878010368e-01
9.363170668905603e-01
9.375882175617113e-01
9.397220822965727e-01
9.415817580149020e-01
9.425269875603280e-01
9.997589762868638e-01
9.997625693223472e-01
1.000010552680421e+00
1.000011774391823e+00
9.997623085668466e-01
1.000006842207258e+00
1.000029911203366e+00
9.999988263593490e-01
9.998878152093873e-01
1.000035993411919e+00
9.998801245107717e-01
1.000748050724831e+00
9.998299186245208e-01
1.000852922759635e+00
9.999692484647573e-01
9.999802166145302e-01
9.998027483020608e-01
9.999365124086608e-01
9.999638607996950e-01
9.999873461032245e-01
9.999128884493813e-01
9.999301384236511e-01
9.999238040149451e-01
1.000005786333015e+00
1.000075794245603e+00
1.000019830108728e+00
1.000030408905370e+00
9.998865944733860e-01
9.998923508734130e-01
9.998788485009713e-01
9.998403891293653e-01
9.998622219485546e-01
1.000715495636034e+00
1.000613325104502e+00
9.964075917277738e-01
9.999646088127824e-01
9.999527954151815e-01
9.999995516192350e-01
1.000034346238691e+00
1.000033502118794e+00
1.000008327387793e+00
9.998785570073653e-01
9.998784900315842e-01
9.998807298147564e-01
9.998517030343371e-01
9.998689310211895e-01
1.000686197533543e+00
9.964786827686154e-01
1.000579383921255e+00
9.999601155929823e-01
9.999495126950447e-01
9.333012463152813e-01
9.335794958340828e-01
9.335229397607971e-01
9.369224994757355e-01
9.345485840896186e-01
9.330131721798128e-01
9.306307937478493e-01
9.437458853681614e-01
9.491654387759301e-01
9.449448969322800e-01
9.553868325657402e-01
9.784762646057027e-01
1.002995819022427e+00
1.001846159577559e+00
1.000079290617811e+00
9.995741135362460e-01
9.993712085688916e-01
9.997318643545480e-01
1.000033566067584e+00
1.000016995719406e+00
1.000088918757153e+00
9.996171399451602e-01
9.998966219591954e-01
1.000028082696392e+00
9.998858768903692e-01
1.000962946001892e+00
9.997852910940899e-01
1.000952542140551e+00
1.000000956610330e+00
9.999931126032520e-01
9.999964434342997e-01
1.000117503478290e+00
9.999058745660123e-01
9.998957455154276e-01
1.000006982486270e+00
9.999901777809668e-01
1.000188076382449e+00
9.999998150084106e-01
1.000141924384172e+00
9.998999283263108e-01
9.998961643211185e-01
9.999073923979769e-01

rho_lat3  1  1102  double
9.368577939529635e-01
9.356391420563260e-01
9.345409190166991e-01
9.327193674691471e-01
9.333630938608736e-01
9.539076202884021e-01
9.474119135790088e-01
9.523960166306147e-01
9.469991828289133e-01
9.521213023514142e-01
9.405148685606645e-01
9.431295410831785e-01
9.504991270562211e-01
9.547742499234666e-01
9.490803002588846e-01
9.431446896265112e-01
9.571362374120879e-01
9.492375219903546e-01
9.520790222084331e-01
9.586868466140922e-01
9.535563402032960e-01
9.460945050654930e-01
9.670999223099429e-01
9.573063248763184e-01
9.580685027951692e-01
9.489621837678506e-01
9.508512688906153e-01
9.511788801358873e-01
9.448772426072450e-01
9.459928684038367e-01
9.299426129980138e-01
9.261422618944430e-01
9.280401952029503e-01
9.260856014114489e-01
9.330460889442671e-01
9.346802229528013e-01
9.295218514125247e-01
9.335934294337950e-01
9.356614206068969e-01
9.319644121614284e-01
9.339804653266386e-01
9.404127746739590e-01
9.456790990499312e-01
9.425128827091956e-01
9.462376523773981e-01
9.504966923568147e-01
9.527766785004863e-01
9.604029161164035e-01
9.488356035476085e-01
9.387503408876017e-01
9.379199742718004e-01
9.364676623595666e-01
9.412925747323709e-01
9.348810631599781e-01
9.334959523095238e-01
9.364680888703601e-01
9.385800174291234e-01
9.373668889544734e-01
9.396407948130095e-01
9.375999904027182e-01
9.384918758385897e-01
9.420249615351702e-01
9.413317942695308e-01
9.396289147739301e-01
9.362527882649799e-01
9.368665396389090e-01
9.345805216749766e-01
9.326633988487106e-01
9.336657160220126e-01
9.357344659484538e-01
9.289972344903034e-01
9.286086949555440e-01
9.287946347437457e-01
9.288299415972575e-01
9.290050609167518e-01
9.286193869594319e-01
9.345503666724552e-01
9.323636830765089e-01
9.364990823306083e-01
9.347362614664166e-01
9.340135189405834e-01
9.389236693451656e-01
9.339274287693998e-01
9.361599710042915e-01
9.291992807514414e-01
9.297588693500718e-01
9.296343399744976e-01
9.293983095851375e-01
9.336402954601378e-01
9.350599181307141e-01
9.335436527698848e-01
9.380821348302532e-01
9.375373943046598e-01
9.356591052440022e-01
9.294542904447536e-01
9.315557153783136e-01
9.290599186700049e-01
9.307809934583232e-01
9.297132396518162e-01
9.293978058618203e-01
9.309739237048936e-01
9.348844285839099e-01
9.327321796752543e-01
9.345787767710926e-01
9.314812182737277e-01
9.328875625210291e-01
9.291067864104343e-01
9.287251434681079e-01
9.288823288342282e-01
9.295898453827489e-01
9.289904738396657e-01
9.286866441640093e-01
9.297119721280851e-01
9.294552032040290e-01
9.307407607708703e-01
9.327568696361321e-01
9.320915082547214e-01
9.317063450129485e-01
9.308232849210895e-01
9.330466812910604e-01
9.294123036567691e-01
9.290710001608167e-01
9.286968349365867e-01
9.292637173760873e-01
9.287332729858101e-01
9.291223074357238e-01
9.295299940204496e-01
9.294424605219597e-01
9.288087193387791e-01
9.301701909346015e-01
9.296464796148344e-01
9.306372160598859e-01
9.301565423189225e-01
9.295639658862664e-01
9.308716970928772e-01
9.319838669034597e-01
9.318794050149880e-01
9.313363521846457e-01
9.298430704668961e-01
9.293705625011022e-01
9.292038235810471e-01
9.290366143076777e-01
9.288066313706526e-01
9.294663461344209e-01
9.299795018413726e-01
9.310809457481474e-01
9.304233767516505e-01
9.317007987885106e-01
9.313332072493509e-01
9.305902142643077e-01
9.296500386672379e-01
9.309105854419398e-01
9.313250118262740e-01
9.372922170814075e-01
9.368567544402279e-01
9.341889992354376e-01
9.345815454224199e-01
9.372180250689843e-01
9.348545177062898e-01
9.290362940626387e-01
9.306369279054305e-01
9.304950954829644e-01
9.280732197825492e-01
9.312336465145997e-01
9.350371637375063e-01
9.376551151679460e-01
9.332548161240347e-01
9.339950000447333e-01
9.359040964701315e-01
9.437886605097081e-01
9.458823147767156e-01
9.420824055826443e-01
9.496092423372942e-01
9.442245677126879e-01
9.338619785394843e-01
9.343531164612607e-01
9.359983726089443e-01
9.354554200942561e-01
9.326444171325702e-01
9.383307430899397e-01
9.377924750348700e-01
9.368407534625929e-01
9.481597414332641e-01
9.430185767256939e-01
9.440864696926137e-01
9.496197281429576e-01
9.528545924721893e-01
9.406144658678410e-01
9.424944054436010e-01
9.333816340653331e-01
9.334929164262796e-01
9.315352159757126e-01
9.327418729992413e-01
9.316351102317848e-01
9.323112502622846e-01
9.339438086360029e-01
9.345313507636888e-01
9.327996638178898e-01
9.324736592169585e-01
9.304604624212168e-01
9.285155442399182e-01
9.285967102623600e-01
9.299257794587739e-01
9.288373558915989e-01
9.328294282405805e-01
9.332548576687343e-01
9.309787657469214e-01
9.318807788878131e-01
9.310616495171795e-01
9.435083059891830e-01
9.459678953601782e-01
9.491548779988969e-01
9.454265642475200e-01
9.530294894348806e-01
9.663318916863156e-01
9.679539539981116e-01
9.591833775306251e-01
9.790405534769445e-01
9.808936153306165e-01
9.659151423399017e-01
9.560714518885307e-01
9.660387492145585e-01
9.793194365162131e-01
9.768420334833752e-01
9.746623090780497e-01
9.331173253822148e-01
9.341051122420454e-01
9.330932225225899e-01
9.379763711574767e-01
9.367731927850586e-01
9.371753564767688e-01
9.338259493896984e-01
9.473989410561481e-01
9.471023821214111e-01
9.545039625971691e-01
9.529300006052531e-01
9.513385284457143e-01
9.468119653887254e-01
9.369531541225636e-01
9.462885170126002e-01
9.443601892381603e-01
9.395862288493758e-01
9.509471012995956e-01
9.308058012119242e-01
9.310042168711906e-01
9.297368967317704e-01
9.292685091022103e-01
9.293681956200046e-01
9.301713360133159e-01
9.304780541812904e-01
9.307885897354561e-01
9.311489482403676e-01
9.299252820632982e-01
9.302039377677351e-01
9.317280926751543e-01
9.319039315772418e-01
9.577591599953046e-01
9.664026652721217e-01
9.527085215172996e-01
9.680501850134018e-01
9.588017871169832e-01
9.468320304464131e-01
9.460653442083047e-01
9.340279858433153e-01
9.409332545946133e-01
9.300728153935803e-01
9.239723427365572e-01
9.359991610751227e-01
9.287471793391632e-01
9.286758765977284e-01
9.286642205787413e-01
9.288754547279493e-01
9.435472766800573e-01
9.410262902966884e-01
9.440560844456021e-01
9.489074138649898e-01
9.329138907976907e-01
9.326593625419068e-01
9.306587329733803e-01
9.296923699395827e-01
9.315245090311236e-01
9.320776571458295e-01
9.314138425007299e-01
9.299672917883633e-01
9.306600364216754e-01
9.301011476095420e-01
9.405915267379106e-01
9.392324861460550e-01
9.428925504639231e-01
9.420751529276630e-01
9.473605941590109e-01
9.458912972135152e-01
9.305363915214943e-01
9.320477379527310e-01
9.334784152808174e-01
9.309761780979475e-01
9.320690316127903e-01
9.312334706946269e-01
9.301306962655904e-01
9.325865467798640e-01
9.296471292252751e-01
9.290194315372758e-01
9.294127022105595e-01
9.299436279872548e-01
9.289459958867788e-01
9.292760539916675e-01
9.487770151868096e-01
9.435514133154430e-01
9.405893084678940e-01
9.398849424127493e-01
9.439351895334368e-01
9.433251993584445e-01
9.288673775693166e-01
9.289574733355151e-01
9.286316262860383e-01
9.287784461133024e-01
9.290816962504920e-01
9.311417890472590e-01
9.318954183519804e-01
9.313078127846359e-01
9.306982764999100e-01
9.302453314077235e-01
9.291494157138291e-01
9.288327814945315e-01
9.288141459110293e-01
9.298827794168406e-01
9.300561132503830e-01
9.290804246623121e-01
9.321072551525761e-01
9.340261201922754e-01
9.332584768695804e-01
9.329323434562610e-01
9.344900262736244e-01
9.351849326195737e-01
9.360422220838238e-01
9.326834368991110e-01
9.325123482534955e-01
9.310497253187118e-01
9.360154437473523e-01
9.337382634731269e-01
9.348376209551380e-01
9.358581763112165e-01
9.370183978096338e-01
9.356851731860496e-01
9.390056661048587e-01
9.377722693481827e-01
9.407695418318275e-01
9.294263555988548e-01
9.299100595899439e-01
9.297862469969649e-01
9.291438107848635e-01
9.310555146312529e-01
9.294682572603539e-01
9.306506170536984e-01
9.312608578629412e-01
9.297211546488574e-01
9.300693532919536e-01
9.450332978848204e-01
9.427256328376875e-01
9.400092528856288e-01
9.439932912609538e-01
9.471018250995175e-01
9.488609028867638e-01
9.292275280657266e-01
9.305935467833342e-01
9.301355033247055e-01
9.293520003945692e-01
9.297017043528221e-01
9.307215163438923e-01
9.310713669798466e-01
9.301938416899863e-01
9.305557234478624e-01
9.319721079708663e-01
9.415493504107054e-01
9.380185602233961e-01
9.401685296813730e-01
9.380974295269835e-01
9.414613832881629e-01
9.433266706240563e-01
9.308930473255017e-01
9.305380075425826e-01
9.317848642989172e-01
9.311446903884065e-01
9.536944012586728e-01
9.588910717769953e-01
9.684790577364435e-01
9.684662279200122e-01
9.607935382054560e-01
9.539916692868883e-01
9.608384748853213e-01
9.309277879566492e-01
9.311510940772202e-01
9.295519087564434e-01
9.308321711685126e-01
9.313982421364323e-01
9.312975501079636e-01
9.375123352623030e-01
9.391082263798823e-01
9.432154948957960e-01
9.415172767466528e-01
9.395125528044139e-01
9.368111770596246e-01
9.315974328933442e-01
9.306585309374856e-01
9.317357583148000e-01
9.306099358461205e-01
9.339091668211545e-01
9.341381947998932e-01
9.347754892761072e-01
9.337607257325324e-01
9.356313601559698e-01
9.326219632561576e-01
9.314453225692449e-01
9.304111804926983e-01
9.306153785046705e-01
9.299666462907165e-01
9.294591352783179e-01
9.296544218866853e-01
9.289240714679794e-01
9.297376127122169e-01
9.291461904650171e-01
9.345772208804315e-01
9.328656372203237e-01
9.335190089487833e-01
9.372639756438057e-01
9.357047817935035e-01
9.385048924024496e-01
9.399665717403817e-01
9.309141202813538e-01
9.329408018840437e-01
9.362571978960894e-01
9.329211845418471e-01
9.335356576492164e-01
9.396637839867528e-01
9.400908112192891e-01
9.429941038782119e-01
9.461778758969666e-01
9.432194916686543e-01
9.386620300397395e-01
9.350332206209857e-01
9.331450765946105e-01
9.369840443848110e-01
9.337778957093239e-01
9.293992097878906e-01
9.303001784954918e-01
9.291077578055756e-01
9.297065221233181e-01
9.296045934577953e-01
9.368622247984291e-01
9.398947430697649e-01
9.421701379360907e-01
9.381895812563226e-01
9.384560034731073e-01
9.417942959971493e-01
9.431654399601300e-01
9.305684456795833e-01
9.291878366745763e-01
9.297425182050112e-01
9.309336704896163e-01
9.307154917355186e-01
9.295476468728541e-01
9.302672550233557e-01
9.291165991586927e-01
9.303131316278739e-01
9.296677993758362e-01
9.422099295256707e-01
9.403325921021505e-01
9.386998270905587e-01
9.456654637976414e-01
9.472563237701531e-01
9.442343055600456e-01
9.371460593724940e-01
9.423654317422970e-01
9.381980693991200e-01
9.432963790159118e-01
9.491546449221270e-01
9.460867403854912e-01
9.653587101109664e-01
9.536606532398559e-01
9.596457180520641e-01
9.516863220084807e-01
9.593567590910096e-01
9.649511092555675e-01
9.676933785442469e-01
9.483054712296256e-01
9.511285843874117e-01
9.462698603991884e-01
9.488070240176789e-01
9.416593400136584e-01
9.458644853465844e-01
9.429916026534310e-01
9.387833693338173e-01
9.389723800325387e-01
9.598111236929644e-01
9.500876357597737e-01
9.583407717654686e-01
9.522912153774541e-01
9.662764226262019e-01
9.322157009456337e-01
9.320390663522045e-01
9.320096620510308e-01
9.309246743136863e-01
9.299022411502842e-01
9.385405588495720e-01
9.420921696086697e-01
9.517688198036787e-01
9.422746418334148e-01
9.344783239372605e-01
9.389016886863079e-01
9.449271857472171e-01
9.479358008229588e-01
9.391011501003084e-01
9.329366995196962e-01
9.303217234644383e-01
9.320359491322775e-01
9.308960956494631e-01
9.331489859673474e-01
9.354787519547297e-01
9.607483435024883e-01
9.535733162225256e-01
9.509301229274705e-01
9.588344329542610e-01
9.642163342976798e-01
9.260192626239284e-01
9.275345615460570e-01
9.338949986459371e-01
9.354110672787762e-01
9.308578920053709e-01
9.360863668761701e-01
9.145682744470495e-01
1.027325869336676e+00
1.026442826588652e+00
9.194414423501871e-01
9.946567609745383e-01
9.397847906121675e-01
9.386848019730939e-01
9.362082512575473e-01
9.346331954723481e-01
9.364821944116849e-01
9.584588924728550e-01
9.683068589041118e-01
9.672093923784104e-01
9.589868877260014e-01
9.672733913612368e-01
9.808838839934446e-01
9.565967387143366e-01
1.013238116881944e+00
9.596142030819216e-01
9.543765659610496e-01
1.015461377878371e+00
9.684812718731912e-01
9.684362156544474e-01
9.813864436737786e-01
9.818623392755392e-01
1.000077907272911e+00
1.000299593926546e+00
9.999899772995353e-01
9.581496471481058e-01
9.554011126007671e-01
9.648419111785483e-01
9.625876199058427e-01
9.716860116323257e-01
9.310525526599840e-01
9.228857800309795e-01
9.262931811326158e-01
9.261805942899252e-01
9.281872739009187e-01
9.307409363248673e-01
1.000854644174855e+00
1.000924569911539e+00
9.998087261621842e-01
9.997842831725713e-01
9.999918123208923e-01
9.998242351165373e-01
9.999701761066008e-01
9.999812436748148e-01
9.591214796691909e-01
9.512541852861048e-01
9.463044954418317e-01
9.492767494072435e-01
9.561024618445176e-01
9.414047868205498e-01
9.392534843965250e-01
9.369540015795527e-01
9.390617381414000e-01
9.462475673252990e-01
9.426282660928286e-01
9.480987107503369e-01
9.441113784238331e-01
9.544529955108684e-01
9.502410421758017e-01
9.497237218274077e-01
9.529123992090092e-01
9.542034195355249e-01
9.510922249945596e-01
9.584516665336393e-01
9.597702253954973e-01
9.540545071044941e-01
9.599919541852874e-01
9.603998982095808e-01
9.522051034046647e-01
9.651552274792022e-01
9.691067984944594e-01
1.008690925987076e+00
9.616938962971885e-01
9.628067988271342e-01
1.019710522892369e+00
9.378085170597170e-01
9.442270182548521e-01
1.017074947783925e+00
9.312036337243850e-01
9.585188407364554e-01
1.012065928057362e+00
9.625720595707280e-01
9.599969214560230e-01
9.561562104086644e-01
1.023937240543544e+00
9.248681352703826e-01
1.025245118991078e+00
9.948027306118891e-01
1.001104315097924e+00
9.799324707243603e-01
9.816374226350379e-01
1.000614542372754e+00
9.682285511572053e-01
1.000046668646438e+00
9.814403419089966e-01
1.000111432046643e+00
9.818502442941952e-01
1.000235599121210e+00
9.999794107493449e-01
1.000723948373414e+00
9.800996815720276e-01
1.001393549979441e+00
9.998358958800946e-01
9.999193382987936e-01
9.751823313965718e-01
1.003231097716577e+00
9.637771898310157e-01
9.777346852864877e-01
9.724122746497483e-01
1.002366241505493e+00
1.010031004116478e+00
9.621264450890993e-01
1.011855246166116e+00
9.572799889531668e-01
1.007493759351699e+00
1.014084642965594e+00
9.518792190666986e-01
9.671337478134663e-01
9.640789144252627e-01
9.613826818240315e-01
9.708399881470932e-01
1.000019462412235e+00
9.815166693938713e-01
1.000245409511057e+00
9.999955124589247e-01
9.999920172842864e-01
1.006186955890576e+00
1.004418944027407e+00
9.990947778346366e-01
9.993348472571133e-01
9.986067701183979e-01
1.020139777740107e+00
1.022303190737877e+00
1.024241854022807e+00
1.017453329020066e+00
9.958422256539229e-01
9.953529640048828e-01
1.003913669913887e+00
1.004749685860790e+00
1.002442168808256e+00
9.993827426897565e-01
9.992025761967798e-01
1.000119459143544e+00
9.811654678301319e-01
1.001036508673580e+00
9.682000144756722e-01
9.673132477942091e-01
9.794897138639213e-01
9.126252640391782e-01
9.099926773577777e-01
1.028060863773160e+00
9.094512086849982e-01
9.330823864840505e-01
9.339786828939215e-01
9.088194437677718e-01
1.027870736671708e+00
9.111426843422765e-01
9.224163344179447e-01
9.374070434427058e-01
9.168658366992366e-01
1.025585579661025e+00
1.027167436252706e+00
9.093319103350462e-01
9.330228166680872e-01
9.254836637900085e-01
9.329499904533542e-01
9.253722814320704e-01
9.343774473910358e-01
9.411608243137362e-01
9.346973406528323e-01
9.277020495399814e-01
1.020691123855725e+00
1.023059022375029e+00
1.024843342314633e+00
9.956467617953061e-01
9.952579481189566e-01
9.362090444892134e-01
9.135778411169776e-01
9.344689145044028e-01
9.103459100732582e-01
9.630324766266942e-01
9.699331073606372e-01
9.542027304479490e-01
9.617326834694665e-01
9.388154624813944e-01
9.492034407187918e-01
9.417301756673353e-01
9.528795455523373e-01
9.459959964110268e-01
1.016726303181839e+00
1.019013704916094e+00
9.571874629720237e-01
9.558868702680910e-01
9.491068597271554e-01
9.599559934422811e-01
9.608246146259125e-01
1.012753419937410e+00
9.783433826216276e-01
9.660431111684558e-01
9.667285270583481e-01
9.575501890765876e-01
9.572912632410684e-01
9.762372309056518e-01
9.371372611111983e-01
9.405982823488697e-01
9.303382091691905e-01
9.287167691352752e-01
9.204776019021059e-01
9.265139862532700e-01
9.357268299262221e-01
9.471217896215814e-01
9.426065646815988e-01
9.391583328591405e-01
9.334174176707057e-01
1.021122063404771e+00
1.023320379969593e+00
9.533174741530468e-01
9.471306667541995e-01
9.518425338418814e-01
9.397137526384751e-01
9.440499728783248e-01
1.016235593527622e+00
9.950257245481084e-01
1.000895979198490e+00
1.000826722955285e+00
9.998105091011668e-01
9.998016588140917e-01
9.999856115090416e-01
9.999766456551802e-01
9.943801533811024e-01
9.943696048019754e-01
1.001031368115066e+00
1.028547349019963e+00
9.090329428578084e-01
1.028096409483520e+00
1.001069271559066e+00
9.942762374432044e-01
9.977794984003067e-01
1.000433307887591e+00
1.000354605066352e+00
9.981770803907801e-01
1.010643606585801e+00
9.943191159692635e-01
9.943145891572888e-01
1.027757053294527e+00
1.028548165680954e+00
1.028584311885533e+00
9.943188129933329e-01
9.999912610627665e-01
9.999962656448794e-01
9.999963185885663e-01
1.000035732632680e+00
1.000032818258394e+00
9.998790706107862e-01
1.000449194530946e+00
9.973148867084420e-01
9.982214427108963e-01
1.000360153119928e+00
9.976659399120198e-01
1.011026869661740e+00
1.000945032845538e+00
9.951247991376122e-01
1.000877311246766e+00
9.998030624626828e-01
9.999836996465907e-01
9.999923447359923e-01
1.000318381360930e+00
9.979750468420154e-01
1.000393689158388e+00
1.000482518921584e+00
9.970883284603176e-01
9.975419891651244e-01
1.000236942188215e+00
9.983584789841475e-01
1.000163053745118e+00
9.988350097170240e-01
9.999818857670481e-01
9.999608669286684e-01
9.999158582733427e-01
9.944360117876316e-01
1.001041922333381e+00
1.001069814051268e+00
9.997575481029246e-01
1.000012137660802e+00
1.000010682591754e+00
1.000264346189537e+00
9.999301157167381e-01
9.999359574224205e-01
9.999754356571402e-01
9.999505120480749e-01
9.999184657928357e-01
9.999276263056237e-01
1.001055462534742e+00
9.946478858037822e-01
1.000967209615013e+00
1.000922804668008e+00
9.949427041927108e-01
9.948120302397900e-01
1.000953835742979e+00
9.999340058287023e-01
1.000006982016199e+00
9.998632226454935e-01
9.996912480985997e-01
1.000023972908849e+00
9.999889861255260e-01
9.999900064166969e-01
1.000036534107180e+00
9.998748081411241e-01
1.000036007339908e+00
9.998770704785798e-01
1.000987040333340e+00
9.948427021160169e-01
1.024933706465819e+00
1.026521328854457e+00
9.951837870817949e-01
9.959448987450058e-01
1.021613854041113e+00
1.000783333755154e+00
9.955239025258800e-01
1.006660249137052e+00
9.986198669705074e-01
9.989953548470474e-01
1.008404172210404e+00
9.682434646679423e-01
9.998478569277216e-01
9.996152551058590e-01
9.994923670829944e-01
1.001432230561860e+00
1.015280457961036e+00
9.968488415642340e-01
9.973211505927093e-01
9.999321601762182e-01
9.999245194881152e-01
1.002892245734766e+00
1.004257637279981e+00
9.991153276446989e-01
1.005394064804875e+00
9.739234961359157e-01
9.993198577755100e-01
9.964058455056991e-01
1.000606099060720e+00
1.000698303857982e+00
9.998203539858886e-01
9.998410058446839e-01
9.999731925992036e-01
9.998685720845251e-01
9.999624191169838e-01
9.968208026494998e-01
1.000525935073371e+00
9.999065345802882e-01
9.998918681551416e-01
9.999426692533472e-01
9.989297111009272e-01
9.984283038899808e-01
1.007081520526767e+00
1.009794075248234e+00
9.979094520179099e-01
1.000215183642599e+00
1.000326040688490e+00
9.945508278400863e-01
1.027174132363167e+00
9.178297227305025e-01
1.025504885267485e+00
9.949335530819257e-01
1.005798244850021e+00
1.004100725664014e+00
9.760478765614885e-01
9.731248171042878e-01
9.991087430932239e-01
1.028043032703068e+00
9.944939095564326e-01
1.027575182417366e+00
9.117688503799940e-01
9.157086695448504e-01
9.947772753160689e-01
9.320916313191945e-01
9.257905819248169e-01
9.311235177514146e-01
9.351136718162532e-01
9.966993068989352e-01
9.961939191065861e-01
1.018075660694513e+00
9.970899023755884e-01
1.000639553166715e+00
9.956368833528609e-01
9.960930773025897e-01
1.000760741815313e+00
9.997715093226984e-01
9.997768575033740e-01
1.000006157575920e+00
1.000968073647084e+00
1.001024422736693e+00
9.997843788705628e-01
9.999996606934093e-01
1.000026465873291e+00
9.998826743619021e-01
1.000017704550335e+00
9.998876398246337e-01
9.998889759847532e-01
1.000000572874130e+00
1.000076491336185e+00
1.000044962554588e+00
1.000009450912568e+00
9.998974736999667e-01
1.000089765999801e+00
1.000113568830675e+00
1.000011394448173e+00
9.998903859572037e-01
9.997761168979291e-01
9.997848862322046e-01
1.000000804127598e+00
9.997967772140200e-01
9.999941781755662e-01
9.999875987824745e-01
9.998869204154008e-01
9.999517127084474e-01
1.000523808459028e+00
9.999129853398987e-01
9.999340722308189e-01
9.999423377817845e-01
9.999961106460209e-01
9.999001369717662e-01
1.000134381101246e+00
1.000149108403732e+00
1.000003499772021e+00
9.998974486233126e-01
9.997610504666685e-01
1.000012004544675e+00
9.997788872339223e-01
1.000008719540407e+00
1.001045523445372e+00
1.001062535549778e+00
9.997578272121127e-01
9.997856878533303e-01
1.000003954428266e+00
9.999982692404263e-01
1.000983693751113e+00
1.001049800968188e+00
9.997693449868117e-01
1.000009579459605e+00
9.999730144448238e-01
9.999083664195210e-01
9.999183954165044e-01
1.000280577194100e+00
1.000187629879592e+00
9.999940733696960e-01
9.999492674440356e-01
9.998987283296499e-01
9.999389351024672e-01
9.999241923951769e-01
9.999399092212002e-01
9.999291334010314e-01
9.999223100971948e-01
1.000022729083631e+00
1.000016291465705e+00
9.998864061100027e-01
1.000024545980158e+00
1.000054321304717e+00
9.998909397709013e-01
9.998819088166848e-01
9.999225872294882e-01
9.999355005243413e-01
9.975732941528687e-01
1.000402538269215e+00
1.000473232175904e+00
1.013799809787946e+00
9.998537840539194e-01
9.999559402476048e-01
9.999004718972654e-01
9.999449802349970e-01
1.000554532046361e+00
9.998829878010368e-01
9.363170668905603e-01
9.375882175617113e-01
9.397220822965727e-01
9.415817580149020e-01
9.425269875603280e-01
9.997589762868638e-01
9.997625693223472e-01
1.000010552680421e+00
1.000011774391823e+00
9.997623085668466e-01
1.000006842207258e+00
1.000029911203366e+00
9.999988263593490e-01
9.998878152093873e-01
1.000035993411919e+00
9.998801245107717e-01
1.000748050724831e+00
9.998299186245208e-01
1.000852922759635e+00
9.999692484647573e-01
9.999802166145302e-01
9.998027483020608e-01
9.999365124086608e-01
9.999638607996950e-01
9.999873461032245e-01
9.999128884493813e-01
9.999301384236511e-01
9.999238040149451e-01
1.000005786333015e+00
1.000075794245603e+00
1.000019830108728e+00
1.000030408905370e+00
9.998865944733860e-01
9.998923508734130e-01
9.998788485009713e-01
9.998403891293653e-01
9.998622219485546e-01
1.000715495636034e+00
1.000613325104502e+00
9.964075917277738e-01
9.999646088127824e-01
9.999527954151815e-01
9.999995516192350e-01
1.000034346238691e+00
1.000033502118794e+00
1.000008327387793e+00
9.998785570073653e-01
9.998784900315842e-01
9.998807298147564e-01
9.998517030343371e-01
9.998689310211895e-01
1.000686197533543e+00
9.964786827686154e-01
1.000579383921255e+00
9.999601155929823e-01
9.999495126950447e-01
9.333012463152813e-01
9.335794958340828e-01
9.335229397607971e-01
9.369224994757355e-01
9.345485840896186e-01
9.330131721798128e-01
9.306307937478493e-01
9.437458853681614e-01
9.491654387759301e-01
9.449448969322800e-01
9.553868325657402e-01
9.784762646057027e-01
1.002995819022427e+00
1.001846159577559e+00
1.000079290617811e+00
9.995741135362460e-01
9.993712085688916e-01
9.997318643545480e-01
1.000033566067584e+00
1.000016995719406e+00
1.000088918757153e+00
9.996171399451602e-01
9.998966219591954e-01
1.000028082696392e+00
9.998858768903692e-01
1.000962946001892e+00
9.997852910940899e-01
1.000952542140551e+00
1.000000956610330e+00
9.999931126032520e-01
9.999964434342997e-01
1.000117503478290e+00
9.999058745660123e-01
9.998957455154276e-01
1.000006982486270e+00
9.999901777809668e-01
1.000188076382449e+00
9.999998150084106e-01
1.000141924384172e+00
9.998999283263108e-01
9.998961643211185e-01
9.999073923979769e-01

EA  1  1102  double
3.481621897856661e-06
3.500905993145902e-06
3.560318363960999e-06
3.613560226985608e-06
3.567459167147091e-06
2.977305233926389e-06
3.120849031387845e-06
2.934943744043484e-06
3.150115399680094e-06
2.994713202418700e-06
3.034722771380654e-06
3.018872993772786e-06
2.641257785400336e-06
2.607822565624585e-06
3.139701783877087e-06
3.192088967511698e-06
3.016215605387896e-06
3.141778842070657e-06
2.999995216395489e-06
2.982170755681414e-06
2.996475843499533e-06
3.204423252040063e-06
2.617602872702850e-06
2.979207505229179e-06
2.974766659332766e-06
3.115213956667804e-06
3.072064212282802e-06
3.078540851784736e-06
3.252469196407161e-06
3.232005277484887e-06
3.047280146497132e-06
2.983746785546684e-06
3.000083135250291e-06
3.005032697113571e-06
2.656464620046555e-06
2.649553335617813e-06
2.985592387635599e-06
3.043192656194532e-06
2.969373039909333e-06
2.988265565139701e-06
2.997775651816776e-06
2.594471688151038e-06
2.967024473454834e-06
3.108125607791306e-06
2.956872197537797e-06
2.957952151485284e-06
2.953804658945743e-06
2.608383513342883e-06
2.961554859540673e-06
3.193618639253618e-06
3.308998457550031e-06
3.308075294432251e-06
3.222069227105520e-06
3.407952587034464e-06
3.382207117803930e-06
3.264672422341066e-06
3.466788872411190e-06
3.504990901398745e-06
3.426543954798559e-06
3.496020296013364e-06
3.455572120465437e-06
3.355070311297074e-06
3.359266673727521e-06
3.434429882214319e-06
3.526272480563040e-06
3.520386747754489e-06
3.560122280324561e-06
3.615001887543399e-06
3.602262471508501e-06
3.540772885214468e-06
3.719703078819004e-06
3.733214229120157e-06
3.725876100960644e-06
3.709618320085376e-06
3.725535034079206e-06
3.710262584312135e-06
3.350948089446568e-06
3.462126654086226e-06
3.298215273335513e-06
3.221499521220450e-06
3.293603497626632e-06
3.253800920475171e-06
3.421419425964606e-06
3.349008957915534e-06
3.552978909694080e-06
3.610675678512270e-06
3.680676323590756e-06
3.707948101369462e-06
3.583122399376648e-06
3.518149610156381e-06
3.570234311452970e-06
3.464048017499355e-06
3.451490765078513e-06
3.526753186296368e-06
3.220838473921864e-06
3.317649793938733e-06
3.223296051005542e-06
3.324239224038121e-06
3.424429445729787e-06
3.423459635516205e-06
3.058736393231605e-06
3.464150462786752e-06
3.543106761422647e-06
3.493670662463410e-06
3.581365830419632e-06
3.504285368231414e-06
3.729443805029011e-06
3.737640141671463e-06
3.729789346030934e-06
3.718117980805420e-06
3.723385611029712e-06
3.735670365838866e-06
3.713532113777071e-06
3.722279004728499e-06
3.416726184200409e-06
3.302685962429324e-06
3.385310647625435e-06
3.486971456752955e-06
3.496451637897944e-06
3.166797369851566e-06
3.713556956705213e-06
3.721393461036988e-06
3.734122198309326e-06
3.702132000878314e-06
3.708138316550465e-06
3.683688711629993e-06
3.709144798652705e-06
3.708855409163823e-06
3.699854937991596e-06
3.687510271156635e-06
3.682367638993110e-06
3.683830642705070e-06
3.704054894026292e-06
3.708450426607781e-06
3.689375685123721e-06
3.656896325143217e-06
3.650743117608937e-06
3.674410744397881e-06
3.676248417975343e-06
3.686927801147384e-06
3.688696087582077e-06
3.660141906617767e-06
3.659220214371692e-06
3.654172137141411e-06
3.618583175446070e-06
3.673146541761128e-06
3.698290956491768e-06
3.668137258296268e-06
3.339174502064015e-06
3.479859319292637e-06
3.375409252341547e-06
3.452238328603457e-06
3.398406351253115e-06
3.441831761906050e-06
3.418204829230658e-06
3.503140927907904e-06
3.472049268380366e-06
3.464530523037625e-06
3.527183818879306e-06
3.406601133977068e-06
3.277739521950908e-06
3.312812289142924e-06
3.190342534726631e-06
3.284525786916164e-06
3.577049729066594e-06
3.499916215949673e-06
3.627929865099303e-06
3.608566823995503e-06
3.547789688465894e-06
3.319489594724946e-06
3.254412720454343e-06
3.354828844790476e-06
3.166884399816706e-06
3.293081469304721e-06
3.594296958413243e-06
3.586750866065173e-06
3.536065234456227e-06
3.531514041834722e-06
3.637111992300953e-06
3.457704552233513e-06
3.464071888650815e-06
3.522961800242680e-06
3.193453989584447e-06
3.321194830304215e-06
3.285868326828414e-06
3.151018737524576e-06
3.041386403501953e-06
3.410854208776554e-06
3.351368587789481e-06
3.590285829744122e-06
3.577251119968581e-06
3.610994002030585e-06
3.552891166748286e-06
3.630087481111759e-06
3.637039315874510e-06
3.592334459354881e-06
3.585047741486539e-06
3.632679083580694e-06
3.632541146801696e-06
3.063296731455750e-06
3.169767394374477e-06
3.209187934106002e-06
3.048013484553201e-06
3.232848833917912e-06
3.453537453002950e-06
3.481276894115748e-06
3.528539305026461e-06
3.555170828313639e-06
3.497129916531335e-06
3.301471003047309e-06
3.252660795730398e-06
3.152188414628457e-06
3.242169322276116e-06
2.998722521315855e-06
2.667271301900625e-06
2.608659739626938e-06
2.969548206832901e-06
3.132486649825704e-06
3.172759220847851e-06
2.627704441502795e-06
3.006411128914939e-06
2.599791479284977e-06
3.144206433414702e-06
3.135940212966338e-06
3.079979784012068e-06
3.294460097681414e-06
3.217235293142335e-06
3.336708068327194e-06
3.026795737572252e-06
3.087835421952763e-06
3.019018510247051e-06
3.152967555499743e-06
3.075973330917520e-06
3.054408291030668e-06
2.986062788380620e-06
2.981727093625327e-06
2.965091869225531e-06
3.027490968577090e-06
3.007345252437107e-06
2.641214743612653e-06
2.631853264144835e-06
2.942021769648519e-06
2.593962671895113e-06
3.659610508350233e-06
3.669631304893287e-06
3.690999985305370e-06
3.705752554924383e-06
3.714766010152209e-06
3.698823261148767e-06
3.631291464978916e-06
3.655029456131178e-06
3.666026926241442e-06
3.688192144627528e-06
3.696099013230194e-06
3.624719797484850e-06
3.604472588618387e-06
2.931278966164498e-06
2.549579975059155e-06
2.932939314297434e-06
2.553077187057426e-06
3.018931655059723e-06
2.700696570350190e-06
2.594836128626292e-06
3.011506746040398e-06
2.632465090833009e-06
3.137478091519861e-06
3.176168654084429e-06
3.161202728298882e-06
3.737985100534574e-06
3.738930695443954e-06
3.739318539770657e-06
3.734695769872364e-06
3.262476132436960e-06
3.376961008572778e-06
3.261308197025597e-06
3.136090272293999e-06
3.200339966725336e-06
3.312492045983009e-06
3.221826562879723e-06
3.234866235761327e-06
3.336187666141581e-06
3.059856879202040e-06
3.539481441806465e-06
3.557229738619748e-06
3.601441918209035e-06
3.613923062719261e-06
3.411613900864703e-06
3.446906672585837e-06
3.335310753570570e-06
3.359594624988583e-06
3.207009948175723e-06
3.245770496665116e-06
3.657197918452255e-06
3.618391883112368e-06
3.569839518897198e-06
3.599101955547319e-06
3.559592121786140e-06
3.613880098840298e-06
3.649006662441436e-06
3.567560621407853e-06
3.649642599996155e-06
3.655281969843946e-06
3.683158268466424e-06
3.672001589642224e-06
3.655528775617504e-06
3.685560736908916e-06
3.091549140368570e-06
3.252658342736135e-06
3.353634022119108e-06
3.352984942509506e-06
3.276601024785133e-06
3.222195462748297e-06
3.735127729019824e-06
3.724193476364721e-06
3.732440721549192e-06
3.724552655984873e-06
3.718261740149278e-06
3.657173293971624e-06
3.651506534937760e-06
3.672922791910803e-06
3.684198561976814e-06
3.703290945907716e-06
3.680158002190719e-06
3.697512709455671e-06
3.707352512337822e-06
3.667773275783538e-06
3.645860371053864e-06
3.644598273718207e-06
3.655722762287444e-06
3.606284985575496e-06
3.625707540673520e-06
3.632188703923724e-06
3.581650737479167e-06
3.571180970568704e-06
3.546617617809463e-06
3.512420927184982e-06
3.471832505953812e-06
3.546729772594335e-06
3.363359043327913e-06
3.433429875207792e-06
3.503623462625257e-06
3.425676103271008e-06
3.430348418426665e-06
3.500659502892682e-06
3.320252798442339e-06
3.315332835902665e-06
3.215967597646479e-06
3.627358732618216e-06
3.601309203639139e-06
3.669934560118331e-06
3.649436955495129e-06
3.597105445301267e-06
3.623348450811657e-06
3.573503281268567e-06
3.610957760942842e-06
3.525390407028935e-06
3.595049585450906e-06
3.057754530111646e-06
3.227820432119481e-06
3.325284663077557e-06
3.206843707370280e-06
3.049127592742593e-06
3.031837892207977e-06
3.421449611379696e-06
3.330505942145845e-06
3.502218067801480e-06
3.434330446038772e-06
3.435309422252728e-06
3.332449405886705e-06
3.656841840174243e-06
3.686548298169339e-06
3.655115936594158e-06
3.617493541170796e-06
3.350691860724314e-06
3.465260783465239e-06
3.387643018950133e-06
3.417379958340703e-06
3.295845497619207e-06
3.275557082352324e-06
3.688874160961547e-06
3.696088125223463e-06
3.666566564189549e-06
3.671575064039231e-06
2.986363945091083e-06
2.993445685230779e-06
2.592566316012466e-06
2.601247667350311e-06
2.981801297340937e-06
3.000258060540252e-06
2.961822136154496e-06
3.296155784581112e-06
3.302969057111302e-06
3.386155922041353e-06
3.463284982977947e-06
3.342652489398886e-06
3.409324167492895e-06
3.431799504405361e-06
3.320307801029403e-06
3.194947970694253e-06
3.143056479294345e-06
3.278092308739169e-06
3.407458715642899e-06
3.493691791186332e-06
3.506583545900401e-06
3.398952586721787e-06
3.430040953668769e-06
3.298630842957153e-06
3.362657462025711e-06
3.501489573533851e-06
3.496689108767414e-06
3.426579405744976e-06
3.565367171037972e-06
3.586668861286646e-06
3.637075701164464e-06
3.607192130774221e-06
3.566197542758538e-06
3.722123860735313e-06
3.716531018163517e-06
3.728590924805330e-06
3.713776879645017e-06
3.728931699989478e-06
3.583450955687353e-06
3.633818909194938e-06
3.602341822030401e-06
3.507500822628246e-06
3.538250962519881e-06
3.474536460637037e-06
3.419297365710814e-06
3.534188959578939e-06
3.460634112308369e-06
3.282960552314125e-06
3.344682190843332e-06
3.392502102007378e-06
3.359262937289687e-06
3.367798000604323e-06
3.270724908865545e-06
3.063499227575620e-06
3.239873490844343e-06
3.339843514469695e-06
3.414300160214554e-06
3.481993637056781e-06
3.300385412221447e-06
3.500607622675447e-06
3.574331152471005e-06
3.512942746437282e-06
3.572118704862950e-06
3.615555540869575e-06
3.622287497291722e-06
3.486028773667338e-06
3.393623002267777e-06
3.348917196793573e-06
3.460835172321600e-06
3.416687950438757e-06
3.298935779494439e-06
3.277996999506059e-06
3.487360010201046e-06
3.561557611108386e-06
3.534304914942248e-06
3.502377164905079e-06
3.578592641010270e-06
3.567374611245732e-06
3.504144700018499e-06
3.565157389238079e-06
3.491433814790484e-06
3.615462249713129e-06
3.214580227510240e-06
3.318195148637062e-06
3.322426978357598e-06
3.050435498455023e-06
3.046799093708872e-06
3.206004844261131e-06
3.422858418872446e-06
2.998751821858238e-06
3.180766851583061e-06
3.058802922494990e-06
2.973946358576980e-06
3.006594210869668e-06
2.624865274453343e-06
3.040893732912038e-06
2.925558533873782e-06
3.042969579263522e-06
2.970464267735883e-06
2.587914261479478e-06
2.594900607547051e-06
3.144663435967586e-06
2.962057985662573e-06
3.177350191499321e-06
3.039734185800971e-06
3.161745255980206e-06
3.048511926365694e-06
3.204572843943308e-06
3.259175317355923e-06
3.289093437738420e-06
2.629930206598443e-06
2.991518754721916e-06
2.614028271486272e-06
2.976692597054210e-06
3.152696727855668e-06
3.049053559187738e-06
3.016185268902207e-06
3.111297315671370e-06
3.205529578410996e-06
3.029520274768144e-06
2.677565944128365e-06
2.990535791129356e-06
2.609115268054553e-06
2.627587800020588e-06
2.983251576469013e-06
2.993184508386699e-06
2.647026840352746e-06
2.629809809441903e-06
2.631992863038885e-06
3.004260586131873e-06
2.994065073617271e-06
3.059598925525878e-06
3.207878001671340e-06
3.045047469709425e-06
3.013352575095726e-06
2.629912920348898e-06
2.965504112629429e-06
2.994423274937634e-06
2.627974628185218e-06
3.158777056054280e-06
2.997670928226913e-06
2.998293659744708e-06
2.647043720218349e-06
2.646020955838063e-06
3.065361131756857e-06
2.650224213634035e-06
3.172638880377647e-06
1.506720352526763e-06
1.506547261063129e-06
3.163483640365345e-06
-2.182587711560217e-07
3.042663688309366e-06
3.168410012717746e-06
3.142298825215653e-06
3.242916695818477e-06
3.311704801162429e-06
2.993812025283746e-06
2.593880266158029e-06
2.619179986871656e-06
2.990015533939927e-06
2.597186946873284e-06
3.123689710255936e-06
2.630675647645964e-06
1.505873574497921e-06
3.158388111631462e-06
3.143962308570756e-06
1.504739775797945e-06
2.601547250643277e-06
2.606409886033895e-06
3.150705280474662e-06
3.114011001185281e-06
1.484318592710056e-06
1.513241365363369e-06
-2.255481819942315e-07
2.976544148689898e-06
2.981855178991353e-06
2.571902841248794e-06
2.627018059446112e-06
3.122813027030319e-06
3.008362214858123e-06
2.945635983795518e-06
3.019400749179394e-06
2.968471848874732e-06
3.165627614793112e-06
3.010717168018841e-06
6.730490131000461e-08
6.681863898224988e-08
-1.320208782593271e-08
-1.375428855025558e-08
8.158144003064093e-09
-1.379390343117689e-08
8.203574339911124e-09
8.171270661946639e-09
2.951534767470357e-06
2.987777938688866e-06
3.187676649133165e-06
3.130433034665972e-06
2.961867762031348e-06
2.998419334030239e-06
3.155821744006994e-06
3.101486277272357e-06
3.053842144684525e-06
2.977921775283228e-06
3.063657878598704e-06
2.965797590417842e-06
2.964452656799709e-06
2.621360401676773e-06
3.127126148778755e-06
3.119764165551518e-06
2.989272461666985e-06
2.958036983828164e-06
3.108822510890420e-06
2.947351055009404e-06
2.952808540223618e-06
2.985388057692219e-06
2.968062326127471e-06
2.964608465714159e-06
3.065320390556169e-06
3.133321219700045e-06
3.148453856063361e-06
1.500827678101963e-06
2.595135975543966e-06
2.621244543074125e-06
1.496162286223786e-06
3.158185913433974e-06
3.131970450265697e-06
1.490793553323621e-06
3.150404431597317e-06
3.086189207072186e-06
1.495014276596973e-06
3.126921104371661e-06
2.554088346439739e-06
2.584308702947328e-06
1.506584733642329e-06
3.144971768861570e-06
1.494324621362319e-06
-2.205301410735011e-07
1.505105009019247e-06
3.142503370952281e-06
3.105431126491658e-06
1.482271011340215e-06
2.596809319257732e-06
1.496199728991842e-06
3.137983189915465e-06
1.506687111025378e-06
3.120004312524670e-06
1.490351632367013e-06
-2.196638899802999e-07
1.509610342024647e-06
3.121031073724152e-06
1.494499510962715e-06
-2.157776317282083e-07
-2.158289580774588e-07
3.101762384509118e-06
1.469811528011016e-06
2.620073385430675e-06
3.047338427440225e-06
3.155241711597173e-06
1.484456063604128e-06
1.513758380802105e-06
3.138582936369847e-06
1.489631761482767e-06
3.129563968722351e-06
1.516240833631403e-06
1.498357718338544e-06
3.164287455653050e-06
3.160542685431151e-06
2.567665006965518e-06
2.644598460572087e-06
3.143225425617742e-06
1.490880101465992e-06
3.108484020916272e-06
1.498038119654686e-06
-2.139980482922443e-07
-2.157877156856963e-07
1.507830716660431e-06
1.501432430216663e-06
-2.174152438202652e-07
-2.156098003224683e-07
-2.261497466705443e-07
1.520392641591030e-06
1.500045298381114e-06
1.488983861219113e-06
1.510508965672463e-06
-2.166349963599390e-07
-2.158784584442886e-07
1.472792900871677e-06
1.478358362638865e-06
1.508719728067254e-06
-2.122935124883682e-07
-2.126363668975773e-07
6.519835728736346e-08
3.134934992416797e-06
1.484620485195679e-06
2.613483324830560e-06
2.630818368909345e-06
3.133141272865590e-06
3.154178652942881e-06
3.173304054991145e-06
1.508595995016756e-06
3.163224389135424e-06
2.615874867578310e-06
2.610201848273749e-06
3.117167108055879e-06
1.499404649680459e-06
3.180433513274446e-06
3.141689529731414e-06
2.661358747623213e-06
3.164561072882977e-06
1.493986411062746e-06
1.539024421503949e-06
3.149004328656483e-06
2.639083358905475e-06
2.992799582639279e-06
2.650952498453011e-06
3.009427573794447e-06
2.636982831747525e-06
3.141948652245297e-06
3.160159667936775e-06
3.103196848388823e-06
1.493940077947128e-06
1.490229607655672e-06
1.483948028399849e-06
-2.179721117043123e-07
-2.091109247091841e-07
2.646366479861771e-06
3.159534961754084e-06
2.656611572472004e-06
3.137842605094463e-06
2.631201088526397e-06
3.156133147874198e-06
2.971044416263288e-06
2.627011086765537e-06
3.020068003963274e-06
2.658965304979090e-06
2.999571352676546e-06
2.655291512751327e-06
3.157255680254046e-06
1.503240734535230e-06
1.498504348736714e-06
2.594636982192605e-06
3.118516855775418e-06
2.968243372784438e-06
2.589794656280234e-06
3.113548428867519e-06
1.498414672682073e-06
3.151379997229926e-06
2.609713850104496e-06
2.553693887508110e-06
2.959436383627455e-06
2.963271795240355e-06
3.114733753748228e-06
2.611901648586566e-06
2.643579275514131e-06
3.006094481437045e-06
3.007630591570123e-06
3.136474361987852e-06
3.167782117248045e-06
3.019185953652203e-06
2.623889321918983e-06
2.659840307281309e-06
3.167527177386081e-06
3.148210817059182e-06
1.515554034896098e-06
1.500392975458256e-06
3.127343850658256e-06
3.137087558204165e-06
2.661229191989400e-06
2.997153648750116e-06
3.008049966635318e-06
1.494711888154711e-06
-2.185114036752191e-07
6.684986309069613e-08
6.743973917447447e-08
-1.367547552057631e-08
-1.331451393498346e-08
8.157085288570090e-09
8.139081863942205e-09
-2.137105656027648e-07
-2.199086629467929e-07
6.637639611178636e-08
1.491254114446873e-06
3.168736698262458e-06
1.509329677882480e-06
6.726925956292358e-08
-2.174952462712143e-07
-2.183727519810311e-07
6.694928503341112e-08
6.665144002232694e-08
-2.144697529874333e-07
1.485882824017712e-06
-2.141520991979249e-07
-2.063927809284673e-07
1.497018939933854e-06
1.488710959543802e-06
1.481514538429474e-06
-2.158771784960932e-07
6.716022408186529e-08
-2.123979852319915e-07
6.688331932767044e-08
-1.327044226767158e-08
-1.374474359516366e-08
8.116059150298491e-09
6.717603843121398e-08
-2.083589384956259e-07
-2.160710564798370e-07
6.780206794530707e-08
-2.211333650126283e-07
1.511048502685012e-06
6.756036865551020e-08
-2.149404965525897e-07
6.757273695352071e-08
-1.339520991380680e-08
8.143227829178628e-09
8.220114487707148e-09
6.699045940743286e-08
-2.081330701466018e-07
6.667018071091793e-08
6.808541609844636e-08
-2.136783008748632e-07
-2.183492393772215e-07
6.868632374364844e-08
-2.221432789864955e-07
6.747228407524462e-08
-2.124061526527994e-07
-1.352563659257533e-08
-1.364112623940996e-08
8.207410205049647e-09
-2.228798238941703e-07
6.739725937340971e-08
6.619280638189710e-08
-1.367140081728112e-08
8.029734762886351e-09
8.252384027426485e-09
6.810978966339240e-08
-1.334148389285562e-08
8.148751806878029e-09
-1.344596834489277e-08
-1.404086681660941e-08
8.269571172417000e-09
8.284036700517802e-09
6.881940827778502e-08
-2.104182023187265e-07
6.676604556069520e-08
6.629120831660520e-08
-2.164841530456092e-07
-2.185758950673727e-07
6.765107490614884e-08
-2.186891325047534e-07
6.708964679045817e-08
-2.143846071245350e-07
-2.238431425334675e-07
6.773753919367845e-08
6.779930455653965e-08
6.616787127164035e-08
-1.377212883232827e-08
8.157521344384967e-09
-1.356183293805708e-08
8.182092275595735e-09
6.776743950882511e-08
-2.163050847332800e-07
1.499208539560461e-06
1.508206866291844e-06
-2.160769405730912e-07
-2.180637998273610e-07
1.504406064172527e-06
6.707938989908271e-08
-2.168900768111015e-07
1.494134650631031e-06
-2.215272723025616e-07
-2.116701834351107e-07
1.510595409585146e-06
3.163352337516347e-06
-2.233002829047649e-07
-2.197683001683573e-07
-2.046133830438540e-07
1.501201316346143e-06
1.485737747688158e-06
-2.180783650446481e-07
-2.135422781962685e-07
-1.352139929654229e-08
8.223067894227602e-09
1.500052856651699e-06
1.473530338759630e-06
-2.135047792653547e-07
1.489322321539476e-06
3.072871320747144e-06
-2.125135077450429e-07
-2.191191891348034e-07
6.689047312892196e-08
6.733632642380378e-08
-1.363708574365008e-08
-1.388721008201156e-08
8.283309070187041e-09
-1.344250494346275e-08
8.250714405727703e-09
-2.201392969869533e-07
6.712677428848190e-08
-1.370359214015156e-08
-1.327936816846615e-08
8.146385876864989e-09
-2.132499557877375e-07
-2.251798563396221e-07
1.514243854126651e-06
1.503084317085256e-06
-2.132516315430858e-07
6.872359393970700e-08
6.796209822623289e-08
-2.159134096509520e-07
1.541306589009521e-06
3.158907287664068e-06
1.518944228083958e-06
-2.108215402934973e-07
1.508530069252272e-06
1.494670131062156e-06
3.099652784507647e-06
3.139577793065494e-06
-2.177828655430220e-07
1.508369867815685e-06
-2.150802351533082e-07
1.530099235370342e-06
3.149806780912282e-06
3.148399403145029e-06
-2.056801234819845e-07
3.103087128505346e-06
2.978455537579398e-06
3.018252453055849e-06
2.670344945133545e-06
-2.160518718686635e-07
-2.220489030824681e-07
1.495663641405106e-06
-2.183397172593420e-07
6.728282311178974e-08
-2.157211826620952e-07
-2.160727396890740e-07
6.736646159833505e-08
-1.351985876049527e-08
-1.375807687951204e-08
8.231190103358261e-09
6.696275610846514e-08
6.862713948726066e-08
-1.383560721893605e-08
8.307602833724825e-09
-1.428684827447598e-08
8.357179448984406e-09
-1.326634393567374e-08
8.285272334336186e-09
7.993824533474887e-09
6.854399706863193e-08
6.570665668032185e-08
6.872154199319022e-08
-1.298878084260286e-08
8.154013418401034e-09
6.560987533549086e-08
6.711391168706957e-08
-1.331276321292491e-08
7.916620243585214e-09
-1.347025420139780e-08
-1.373738196918950e-08
8.207732921714646e-09
-1.326154767967525e-08
8.176827783442793e-09
8.073727110410553e-09
-1.373671288327862e-08
8.157556405136843e-09
6.669406995166392e-08
-1.320131306143721e-08
8.052682621486581e-09
8.145562464397452e-09
-1.344890476699118e-08
8.134826709707814e-09
6.610782701031676e-08
6.557412364580472e-08
-1.326006049204337e-08
8.054575463428554e-09
-1.298901138914195e-08
8.084367664938756e-09
-1.315367206040874e-08
8.096786470482690e-09
6.742354978243266e-08
6.566599358269727e-08
-1.355911678415784e-08
-1.300286534285213e-08
8.042268863982637e-09
8.132938407764075e-09
6.620265725710846e-08
6.742979427485895e-08
-1.350917047330040e-08
8.206896356754622e-09
-1.361704324100262e-08
8.325809577987796e-09
8.240322509559078e-09
6.733027295326319e-08
6.868310881458429e-08
-1.408217859553801e-08
-1.381800537434374e-08
-1.355003513068258e-08
8.077859907895938e-09
-1.322996735428298e-08
-1.363182591186261e-08
8.112515350611490e-09
8.247101409348837e-09
-1.363332928629768e-08
-1.322969016250858e-08
8.107108580699955e-09
6.607787937294301e-08
6.728070425348981e-08
8.006753706468325e-09
8.300952905457014e-09
-1.307180071072427e-08
8.101229248420540e-09
-2.086751606165683e-07
6.567102138937820e-08
6.627185166943323e-08
1.484827979404689e-06
-1.393938416195424e-08
8.268055586217137e-09
-1.368180970994466e-08
8.134966822348358e-09
6.671436750205259e-08
-1.342367270904318e-08
3.143140136668375e-06
3.177750054616425e-06
3.198040720462660e-06
3.010342132878700e-06
3.051051604684043e-06
-1.369765496702838e-08
-1.380143283420397e-08
8.327391667453700e-09
8.153438996066451e-09
-1.340425184752850e-08
8.205437529549631e-09
-1.382993603681793e-08
6.730115346425233e-08
-2.186587857222031e-07
-1.334269073369062e-08
8.118151617372850e-09
6.738570406967684e-08
-1.337420709179730e-08
6.638787602232608e-08
8.200776649914254e-09
8.138205933865578e-09
-1.354000947638027e-08
-1.370542898735992e-08
-1.369020748403375e-08
-1.361915778936480e-08
8.240836974717269e-09
8.025614040102940e-09
8.294821939657509e-09
-1.361636763825087e-08
6.754361205538338e-08
-1.378056779209295e-08
-1.335905179635094e-08
8.182804603371729e-09
8.277230225430704e-09
8.189454629207215e-09
-1.330741828752697e-08
-1.398990878733729e-08
6.795723174405712e-08
6.823638773633337e-08
-2.156073420659439e-07
8.244388144124394e-09
8.240689977828466e-09
6.745929539963690e-08
-1.384431380142884e-08
-1.322990218318516e-08
6.690402243766038e-08
8.189030093936463e-09
8.152365428873641e-09
8.130789198482422e-09
-1.342584508357002e-08
-1.385086461871382e-08
6.792663098965705e-08
-2.211523752496066e-07
6.680254508659421e-08
8.231505999075542e-09
8.274833028395255e-09
3.022661113747533e-06
3.148933588406641e-06
3.017169014938477e-06
3.007158551510082e-06
3.227311601738998e-06
3.309528513598145e-06
3.216270437292294e-06
3.035870617903559e-06
2.938129281574981e-06
3.012031848877169e-06
2.618732906786982e-06
3.099171802211966e-06
1.518340858111212e-06
1.499785193336083e-06
6.510442054459373e-08
-2.047067486804371e-07
-2.123144116750982e-07
-2.181749491930116e-07
6.761492368428973e-08
-1.370463925895574e-08
6.753791301636308e-08
-2.236922403641957e-07
8.097037047589613e-09
-1.389397072734202e-08
8.318254665044087e-09
6.670801637141160e-08
-1.381272310733645e-08
6.860135544317538e-08
8.189670600315670e-09
8.216905690766633e-09
-1.359441160248863e-08
6.642594278655414e-08
8.191640577475153e-09
8.201666353513412e-09
-1.342133828870075e-08
-1.358841960715109e-08
6.655585278480045e-08
-1.296816598580873e-08
6.611429119653191e-08
7.997668669781868e-09
8.044806829412038e-09
8.199431638181570e-09

EB  1  1102  double
4.419118690621110e-06
4.448170765612371e-06
4.542928885872229e-06
4.623182061508130e-06
4.552668446574581e-06
3.199413510546827e-06
3.648488982925435e-06
3.272557943769099e-06
3.717518299771035e-06
3.385706377260073e-06
3.304354720765496e-06
3.138535330973432e-06
2.408204000881711e-06
2.332286975642178e-06
2.311706460040265e-06
2.295574673005719e-06
3.252499230538664e-06
3.689052610658736e-06
3.469603598648275e-06
3.137716452669931e-06
3.420419672259160e-06
3.881180295176289e-06
2.377085423767416e-06
3.215324832639520e-06
3.184342158436915e-06
3.642599591313522e-06
3.599821214348119e-06
3.552115622283764e-06
3.975178875958294e-06
3.918738869324237e-06
3.464370740834432e-06
3.140388734444121e-06
3.163792774824720e-06
3.133431931658268e-06
2.356425066259685e-06
2.373306245134252e-06
3.153358578249814e-06
3.466938391588271e-06
3.330570122938907e-06
3.123307326391962e-06
3.050049809650668e-06
2.308985979519597e-06
3.159345148851356e-06
3.604700064444772e-06
3.295240314531236e-06
3.098451136684436e-06
3.139561850352372e-06
2.328855219705263e-06
2.998935841021827e-06
3.812254498472548e-06
4.089883527287405e-06
4.069575450975864e-06
3.868113181844908e-06
4.278329830946328e-06
4.225766232238780e-06
3.976884712799032e-06
4.394122309941552e-06
4.458079103716011e-06
4.313706266737277e-06
4.445167165003047e-06
4.374166294780052e-06
4.188474107167580e-06
4.204604238384948e-06
4.336620243330405e-06
4.495970918059514e-06
4.485275561997108e-06
4.542772018175979e-06
4.625134891424078e-06
4.607320638702857e-06
4.513731686081703e-06
4.751632622923112e-06
4.763549410426863e-06
4.756925712423388e-06
4.739714177984457e-06
4.756631222565778e-06
4.740702974316706e-06
4.178367622838689e-06
4.380754775903933e-06
4.068271197187067e-06
3.885384929572715e-06
4.019788803283421e-06
3.940117203106096e-06
4.303061134223683e-06
4.174427823921611e-06
4.528935105925244e-06
4.617595933204913e-06
4.708163380234824e-06
4.738509310543915e-06
4.579487884019667e-06
4.481408504407280e-06
4.559342415072807e-06
4.389209165832092e-06
4.366321231234297e-06
4.496282803634196e-06
3.863087320610451e-06
4.100255490160883e-06
3.865402335358172e-06
4.111076299255351e-06
4.306437446682840e-06
4.302208447086145e-06
3.503189715738024e-06
4.387643644706783e-06
4.516290560506917e-06
4.440092135668212e-06
4.576633778069878e-06
4.457020329441045e-06
4.759679119938988e-06
4.768263923488111e-06
4.760292647662266e-06
4.749530625324803e-06
4.754887297933612e-06
4.766579168124782e-06
4.744741001861123e-06
4.753505476185131e-06
4.289058422273179e-06
4.067828334924849e-06
4.244292723188151e-06
4.424525270156742e-06
4.442027312204136e-06
3.759127908001346e-06
4.745027685336670e-06
4.752864481485071e-06
4.764545916706780e-06
4.731098494558413e-06
4.738909767745177e-06
4.711600177213222e-06
4.739498820897094e-06
4.738891203836407e-06
4.728954533117341e-06
4.717169614094478e-06
4.709957699827749e-06
4.712048885044426e-06
4.734210028019042e-06
4.738332889367670e-06
4.717156490011007e-06
4.680243677170420e-06
4.670778655555771e-06
4.701729841801172e-06
4.704050439539355e-06
4.715461028850215e-06
4.718469672323932e-06
4.681479526960182e-06
4.681460859238242e-06
4.675923067772886e-06
4.629912007556676e-06
4.700341460531892e-06
4.728223160354637e-06
4.694173716751424e-06
4.139532359021396e-06
4.407222105522229e-06
4.215225819331763e-06
4.356571456210350e-06
4.255156617792720e-06
4.350676520668680e-06
4.300951347393207e-06
4.456241407507511e-06
4.402580480237006e-06
4.388191622920506e-06
4.494798426580670e-06
4.268526290745423e-06
3.987290584864457e-06
4.086708123748119e-06
3.796703456230943e-06
4.033218832543995e-06
4.571646865758285e-06
4.453524435409854e-06
4.642520813230048e-06
4.616423436626377e-06
4.527149217516303e-06
4.099215829957638e-06
3.926808450011993e-06
4.202678426170452e-06
3.744533966711010e-06
4.071629897248509e-06
4.597121973773527e-06
4.586636979020579e-06
4.507357580430131e-06
4.501868194044037e-06
4.653697180865944e-06
4.379386590990246e-06
4.390117402560325e-06
4.487592096755369e-06
3.842635203685879e-06
4.124296534340017e-06
4.044958828306847e-06
3.728458218449248e-06
3.465362593316103e-06
4.284825456783522e-06
4.184617055383287e-06
4.590978996892628e-06
4.571523864304269e-06
4.620397688194989e-06
4.532065950024886e-06
4.645454873993513e-06
4.654594588157786e-06
4.593284307688242e-06
4.583119921318706e-06
4.649550600058685e-06
4.649816785611843e-06
3.502974783722290e-06
3.764562736666122e-06
3.843394067541361e-06
3.463642195526801e-06
3.887376760476977e-06
4.359503266854779e-06
4.412240163344337e-06
4.494042970837628e-06
4.534028283482048e-06
4.439730240056214e-06
4.077812433223289e-06
3.947419617248357e-06
3.741035128962888e-06
3.921574520958536e-06
3.379862112826098e-06
2.429391366214473e-06
2.341566248160136e-06
3.136755710449464e-06
2.299526540386325e-06
2.247764902817612e-06
2.382911318338980e-06
3.241244277670666e-06
2.347995555766762e-06
2.292449786919608e-06
2.319238781745451e-06
2.323449836005241e-06
4.037852800222755e-06
3.839514020073572e-06
4.137569939541448e-06
3.211006161365923e-06
3.593867594692913e-06
3.416716254843315e-06
3.689542513015432e-06
3.594956026322519e-06
3.514570765741200e-06
3.217273031797846e-06
3.182238836754435e-06
3.127215634093063e-06
3.440333262641964e-06
3.217447141918626e-06
2.357372419273100e-06
2.364875681262738e-06
3.045711072569139e-06
2.320193917552576e-06
4.683431334237580e-06
4.696017710927754e-06
4.719982848966022e-06
4.735891483528933e-06
4.746230865014904e-06
4.728809919348762e-06
4.644862172840048e-06
4.676631150690239e-06
4.690878332346576e-06
4.717733722360429e-06
4.726309461642318e-06
4.638459827996454e-06
4.611609625104662e-06
3.113183461209909e-06
2.278134414723275e-06
3.246071178267163e-06
2.290691524282980e-06
3.057729900421594e-06
2.469812313435708e-06
2.314773439212464e-06
3.096026874935065e-06
2.364166226301062e-06
2.322143821212323e-06
2.307342552470935e-06
2.300404775154262e-06
4.769033242730890e-06
4.769277637382253e-06
4.769806913331010e-06
4.765261792668040e-06
3.996148888103999e-06
4.224666290927071e-06
3.982579815346839e-06
3.721615536143824e-06
3.808638369956488e-06
4.094927646162391e-06
3.873490117680788e-06
3.894740589995292e-06
4.137276567970431e-06
3.510161224307275e-06
4.512453381280001e-06
4.537924226755828e-06
4.606060263038186e-06
4.623103900052185e-06
4.291109546874540e-06
4.357384381594724e-06
4.146070993967907e-06
4.196113778493671e-06
3.852356678739532e-06
3.949780273219095e-06
4.678722571958682e-06
4.629209933722268e-06
4.556301192100277e-06
4.602174604195592e-06
4.540400552552749e-06
4.622984012234217e-06
4.668354458777138e-06
4.552833329700382e-06
4.670468888410330e-06
4.675377296370312e-06
4.711195068417488e-06
4.698646208389544e-06
4.676946034296779e-06
4.714541404456854e-06
3.597542242310086e-06
3.969096480137397e-06
4.200803213405536e-06
4.185359138733657e-06
4.004688515458327e-06
3.908768299203747e-06
4.766188309484439e-06
4.755033921782150e-06
4.762781273908724e-06
4.755975387061220e-06
4.749869767178795e-06
4.677848805220092e-06
4.672372446252885e-06
4.700202846458621e-06
4.712087494630069e-06
4.732660149294462e-06
4.708005116714627e-06
4.726388577286015e-06
4.737130395213128e-06
4.693458708238523e-06
4.664991701255345e-06
4.662008152405332e-06
4.678055196076772e-06
4.613839504807861e-06
4.640626962898122e-06
4.645819961197847e-06
4.578007917081353e-06
4.561560315937216e-06
4.523299084543396e-06
4.469225548817887e-06
4.398220256315883e-06
4.523459257477801e-06
4.200221401764995e-06
4.327273757816240e-06
4.453557193114379e-06
4.310152260349135e-06
4.318388123110906e-06
4.449503140093353e-06
4.115611311383807e-06
4.101845618625528e-06
3.869985805276506e-06
4.639616436908475e-06
4.605007623126168e-06
4.696351387022619e-06
4.668835672138660e-06
4.599079672597426e-06
4.634592750303795e-06
4.561991155959521e-06
4.618960932609943e-06
4.486829647735991e-06
4.596096634581870e-06
3.510669887028584e-06
3.888095962502763e-06
4.118077225481254e-06
3.848095541483245e-06
3.501522477263567e-06
3.455988263605895e-06
4.298017745206973e-06
4.120946490334535e-06
4.450418720379971e-06
4.323608319714735e-06
4.327222862528293e-06
4.134309419907209e-06
4.678036418398254e-06
4.715883857569300e-06
4.676207552091410e-06
4.627837886623510e-06
4.175597227224774e-06
4.387563526113176e-06
4.245015343078829e-06
4.293725459632996e-06
4.065501403704369e-06
4.019437282951927e-06
4.717789363034336e-06
4.726874158080126e-06
4.691620230787796e-06
4.697832365513733e-06
3.409142553000120e-06
3.177024335694291e-06
2.335625724980718e-06
2.338914746910614e-06
3.077780646050347e-06
3.396438357552988e-06
3.071711789989850e-06
4.018881906489654e-06
4.068148033007257e-06
4.237408552075485e-06
4.377082409424377e-06
4.157689494699239e-06
4.278151879865915e-06
4.330934002398539e-06
4.118595703382717e-06
3.834578584353764e-06
3.712083908648582e-06
4.031222690844851e-06
4.278331798492111e-06
4.437138399811443e-06
4.458727355206064e-06
4.265042099088816e-06
4.316673686809589e-06
4.054141227411646e-06
4.200725076082677e-06
4.449753679809517e-06
4.440736862088836e-06
4.307832966234001e-06
4.550006036937831e-06
4.585001543143661e-06
4.652522061732669e-06
4.613502135693882e-06
4.550675282965171e-06
4.753994265437645e-06
4.747399351172428e-06
4.759753132783940e-06
4.745150760308353e-06
4.759749056895292e-06
4.581077145172007e-06
4.649285480414876e-06
4.607281649682707e-06
4.465614661788047e-06
4.509724667032717e-06
4.407455606042424e-06
4.309429028252249e-06
4.501300489674918e-06
4.373760971274053e-06
4.008120863457315e-06
4.155269109042295e-06
4.243472373680100e-06
4.198317433763594e-06
4.213152195456506e-06
4.004395504350568e-06
3.555509904358218e-06
3.947391899205145e-06
4.156554446108792e-06
4.287735494577657e-06
4.415391120204874e-06
4.061211600051199e-06
4.447332222587799e-06
4.563247844008302e-06
4.466690025757101e-06
4.559231647583831e-06
4.625321045887798e-06
4.634280153536189e-06
4.424777041129032e-06
4.251117658257766e-06
4.175812355198519e-06
4.382683119061141e-06
4.296171069556454e-06
4.071900618911514e-06
4.023062667951114e-06
4.422960705732478e-06
4.543014778069970e-06
4.502423811595179e-06
4.450118763483902e-06
4.570742979993254e-06
4.552282704899482e-06
4.451045339085652e-06
4.548458313060475e-06
4.432152554589209e-06
4.625562526628787e-06
3.859225736437140e-06
4.106044907016037e-06
4.112161958861099e-06
3.493104672543084e-06
3.489342839443829e-06
3.850219285315054e-06
4.308356974648544e-06
3.414240351032420e-06
3.766097999443853e-06
3.488630237097227e-06
3.131534306460068e-06
3.159969967337906e-06
2.421622738693016e-06
3.333381033518482e-06
3.049649162045579e-06
3.484201149306566e-06
3.129789827597631e-06
2.291138368421283e-06
2.305707425996994e-06
3.688375575063008e-06
3.337064641594424e-06
3.777628025020914e-06
3.462709095036460e-06
3.746567077804238e-06
3.485060051243156e-06
3.871528902629890e-06
3.969461599446519e-06
4.057892068024980e-06
2.345066389651033e-06
3.141753361255211e-06
2.321911628405667e-06
3.146121056967015e-06
2.323599242509753e-06
3.495931280700319e-06
3.240258963364970e-06
3.596719711683359e-06
3.844500843451903e-06
3.215825260718975e-06
2.442787089790716e-06
3.139061661324649e-06
2.345598834962305e-06
2.373104631009491e-06
3.154866432412308e-06
3.175200016039830e-06
2.378223080048981e-06
2.369055592987433e-06
2.358079918347129e-06
3.144239852668066e-06
3.150905127088586e-06
3.496937860900029e-06
3.841419185102866e-06
3.464265296806520e-06
3.397347081808446e-06
2.355098173199969e-06
3.127535646632287e-06
3.162678227028027e-06
2.357421430030940e-06
2.321879618138874e-06
3.170218788527442e-06
3.166566108764599e-06
2.379541619448325e-06
2.373571769056252e-06
3.520980149959076e-06
2.374773581526782e-06
2.311078660043714e-06
8.042933683389623e-07
8.047575663055008e-07
2.315145291587736e-06
-1.653918402539139e-07
3.487106555344691e-06
3.782796963747690e-06
3.675682045711372e-06
3.933300586354639e-06
4.096758020596715e-06
3.205086585628341e-06
2.346187780847994e-06
2.390632611238405e-06
3.136143067167057e-06
2.331767855010086e-06
2.303970410615139e-06
2.343072989653865e-06
8.089064449751600e-07
2.308871158749319e-06
2.330118252538544e-06
8.145337136191914e-07
2.325862521444093e-06
2.350369506540199e-06
2.275213563726140e-06
2.266055172465784e-06
7.773629065000594e-07
7.873986316896027e-07
-1.633962720877737e-07
3.052491879844020e-06
3.129572170880866e-06
2.287062385042851e-06
2.343753708087675e-06
2.340719305934645e-06
3.365627645709498e-06
2.999665133216451e-06
3.141691119945396e-06
3.135450601062603e-06
3.736079707564918e-06
3.376400589446557e-06
5.903480517241409e-08
5.933484509931830e-08
-1.136766419270558e-08
-1.218774125826832e-08
7.330748194389734e-09
-1.188524304179796e-08
7.291850210759598e-09
7.256977848796353e-09
3.056587722791619e-06
3.368798940332118e-06
3.795028092663785e-06
3.665402026713750e-06
3.108365966877923e-06
3.368899419827295e-06
3.742540713937719e-06
3.595663565413936e-06
3.494997993296565e-06
3.327286190630080e-06
3.515249189780763e-06
3.119213921859656e-06
3.112063335108358e-06
2.342787441857947e-06
2.288754672932170e-06
3.672887385427926e-06
3.368080435045585e-06
3.337237450827509e-06
3.616754258056179e-06
3.095512569396758e-06
3.110230710360928e-06
3.351130298429902e-06
3.123770377916715e-06
3.102339184419849e-06
3.525114427768710e-06
2.296321921806993e-06
2.285967189686788e-06
8.066116415315112e-07
2.315004585055016e-06
2.371224973702232e-06
7.900964259809945e-07
2.281323371229684e-06
2.299009263329499e-06
7.956912584041585e-07
2.299546581283157e-06
2.311885983448871e-06
8.208345507550503e-07
2.321972455369838e-06
2.247470238395312e-06
2.316490540235483e-06
8.010650436651496e-07
2.304590563572575e-06
7.975113817708495e-07
-1.665844538305058e-07
8.033767698250443e-07
2.302489771419055e-06
2.286316749764400e-06
7.816492416711149e-07
2.362978416198366e-06
7.927575259917855e-07
2.309191801453491e-06
8.116375839964307e-07
2.277274649825486e-06
7.933954296736219e-07
-1.640054225589341e-07
8.097455524652635e-07
2.283463626921949e-06
7.879876488314127e-07
-1.628681097620415e-07
-1.651786970199965e-07
2.322356246623434e-06
8.175635488226783e-07
2.362901229614605e-06
2.321914385976169e-06
2.280926208449726e-06
8.158787590136805e-07
8.285132373715051e-07
2.319115912460024e-06
7.938361642117828e-07
2.303437788739882e-06
8.193713406821908e-07
7.998421484117525e-07
2.314654106425735e-06
2.290291876913455e-06
2.292209638265045e-06
2.389707407411090e-06
2.312627938998417e-06
7.899873646410719e-07
2.294984209108026e-06
7.973633005996345e-07
-1.601863375081159e-07
-1.634812817712008e-07
8.012773032103287e-07
8.163513105930854e-07
-1.652166888479667e-07
-1.707018293779012e-07
-1.681894504179483e-07
7.933586633097495e-07
7.996480176189280e-07
7.876504638977674e-07
7.974873248439827e-07
-1.626528689645480e-07
-1.636600387941374e-07
7.966155286369970e-07
8.217868017540619e-07
8.171893349608939e-07
-1.650942755189610e-07
-1.685461019607427e-07
5.897917552963527e-08
2.271879783866341e-06
7.801982668013211e-07
2.343192717606102e-06
2.372633435782086e-06
2.301666293987168e-06
2.319892032100794e-06
2.321320366720472e-06
8.080660705114917e-07
2.325051894518972e-06
2.307326253176322e-06
2.303692955960837e-06
2.353263331252871e-06
8.074582014140160e-07
2.323363269438698e-06
2.314508542551663e-06
2.381197437878998e-06
2.303204425978659e-06
7.901106650567593e-07
8.228561388941229e-07
2.342433186027986e-06
2.363176495803147e-06
3.146903397860519e-06
2.364608798209119e-06
3.152662918927245e-06
2.366294501964831e-06
2.289397625224743e-06
2.279978371852032e-06
2.312512886911947e-06
7.811086976534549e-07
7.868520504810935e-07
8.023055971620945e-07
-1.612641721623941e-07
-1.618447172146305e-07
2.387562655001833e-06
2.329093089909730e-06
2.370459766920648e-06
2.349698838769333e-06
2.351643778184974e-06
2.308940423082414e-06
3.136828805774512e-06
2.354013022891268e-06
3.231206447374429e-06
2.415814573364683e-06
3.144599340644265e-06
2.376269117572209e-06
2.288652301453148e-06
7.897721964492234e-07
7.905079104649723e-07
2.324159437637886e-06
2.306085417625385e-06
3.096114483944010e-06
2.302109146763362e-06
2.304920546568973e-06
8.190869402815122e-07
2.290057787572088e-06
2.313704670200829e-06
2.266093838305332e-06
3.097131857819504e-06
3.002099561940765e-06
2.320831728234948e-06
2.328628338176360e-06
2.383639390052410e-06
3.100852005257973e-06
3.180319504640780e-06
2.338013982666845e-06
2.323671848037776e-06
3.127062807856908e-06
2.359745526547618e-06
2.411560819330379e-06
2.326999093932315e-06
2.304403313719501e-06
8.129031723878052e-07
7.878130346331949e-07
2.299618967632974e-06
2.289990267233729e-06
2.409599937572283e-06
3.413907602315704e-06
3.168746105495951e-06
7.940391808093598e-07
-1.639314668578241e-07
5.844994179423441e-08
5.909718483885051e-08
-1.170079225632372e-08
-1.142465312268250e-08
7.218161936083805e-09
7.192695460884199e-09
-1.640990888554132e-07
-1.668804284877815e-07
5.855053933531710e-08
8.020539643375253e-07
2.322797532095086e-06
8.103175655230494e-07
5.996445668675878e-08
-1.688542575443339e-07
-1.695889427828054e-07
5.997725792597839e-08
5.948669584152973e-08
-1.650857797983829e-07
8.025841266751157e-07
-1.701211451569721e-07
-1.659432255615856e-07
8.115592990717839e-07
8.284611383766746e-07
8.018656276289812e-07
-1.659504357495375e-07
5.891123355939333e-08
-1.635639231508278e-07
5.917942444074929e-08
-1.146439565904369e-08
-1.184389848498343e-08
7.238587992912777e-09
6.000294783009287e-08
-1.635737792433723e-07
-1.658283235096176e-07
5.984191543444012e-08
-1.684899337408397e-07
8.139288529704045e-07
5.938892543190603e-08
-1.636279648739460e-07
5.933514307727218e-08
-1.152833068728738e-08
7.216423528210500e-09
7.304475438990579e-09
6.017426661529785e-08
-1.632677068037676e-07
5.925853061400515e-08
5.953959949698168e-08
-1.615707778215316e-07
-1.646411624954160e-07
6.123520412375919e-08
-1.717741335111887e-07
6.054083795571759e-08
-1.651199157034818e-07
-1.188125305223683e-08
-1.201063541261144e-08
7.418413183569476e-09
-1.682683310114254e-07
5.926065917493501e-08
6.000845130564153e-08
-1.198432893137257e-08
7.360716374776358e-09
7.352392095385114e-09
6.001440447775606e-08
-1.161980987878700e-08
7.362418751775693e-09
-1.167861029755408e-08
-1.210309360255852e-08
7.360793222591512e-09
7.390337072783659e-09
6.100949304037424e-08
-1.631492733610311e-07
5.911103294549219e-08
5.904875537463449e-08
-1.647910419228340e-07
-1.650476536219763e-07
5.919864929408955e-08
-1.654680550050825e-07
5.864674341480573e-08
-1.615356392217639e-07
-1.700293258203237e-07
5.929711246900910e-08
5.802617742163177e-08
5.790572289083702e-08
-1.164802014394160e-08
7.195403411788039e-09
-1.109041434205016e-08
7.071674933096793e-09
6.163011174163025e-08
-1.687520854765154e-07
8.076603095363092e-07
8.225342360184941e-07
-1.635271308691035e-07
-1.622038588788858e-07
7.911844238239982e-07
5.822035438741001e-08
-1.629549880603371e-07
8.075693281807985e-07
-1.683323947529242e-07
-1.679422417579531e-07
8.117575176638616e-07
2.300175588552667e-06
-1.610442195945774e-07
-1.662880961932553e-07
-1.672253319500857e-07
7.825936263143970e-07
7.921842574325214e-07
-1.648780831180780e-07
-1.658669932400393e-07
-1.193170386433196e-08
7.408574223509957e-09
8.135033851177180e-07
8.154515880542101e-07
-1.700266607351115e-07
8.162129757723793e-07
2.323848344585959e-06
-1.683160980401918e-07
-1.646414021690979e-07
5.840149875300462e-08
5.844790479487457e-08
-1.162092753016334e-08
-1.173258164652840e-08
7.266257037363348e-09
-1.140062830111599e-08
7.224141151461149e-09
-1.672294052720761e-07
5.998408053270801e-08
-1.208299547259924e-08
-1.146855788908217e-08
7.340219770692293e-09
-1.655713689590381e-07
-1.688095566655437e-07
8.103346557416467e-07
8.124094079429324e-07
-1.679550609807941e-07
6.025893774522321e-08
6.001930142232898e-08
-1.680965190980215e-07
8.320502831887438e-07
2.327634643848732e-06
8.075734170793525e-07
-1.640095747136367e-07
8.188628559149068e-07
8.192996856385315e-07
2.316709630468612e-06
2.335928563151431e-06
-1.701358930210516e-07
8.272407810197807e-07
-1.699391359184451e-07
8.284899419429224e-07
2.337608284961454e-06
2.345674722755177e-06
-1.643558069089256e-07
3.582889341390957e-06
3.147893723841767e-06
3.401893709961864e-06
2.396697316186123e-06
-1.632441642923042e-07
-1.639122042299237e-07
7.933677887262389e-07
-1.655894405853452e-07
5.834638095681169e-08
-1.635238420849006e-07
-1.645581394027141e-07
5.946261352376437e-08
-1.156301212766612e-08
-1.177842377652868e-08
7.273097482050275e-09
5.871090477818918e-08
6.008377271840797e-08
-1.188423229560144e-08
7.356882521804033e-09
-1.164483998600140e-08
7.075548754685637e-09
-1.141661645576526e-08
7.163219395479182e-09
7.311808906663095e-09
5.754861334180502e-08
5.952101881852173e-08
5.871062703290902e-08
-1.169588038993482e-08
7.351083175631283e-09
6.059068469293794e-08
5.980765759620096e-08
-1.217019484845542e-08
7.390932843110742e-09
-1.172019719580258e-08
-1.180472940908161e-08
7.320559502876430e-09
-1.146700210094206e-08
7.263022007755558e-09
7.246950391834674e-09
-1.181961588978197e-08
7.200688112392818e-09
5.907678928014679e-08
-1.157086057803518e-08
7.299721460426936e-09
7.291159602785229e-09
-1.216580841114124e-08
7.433102368279288e-09
6.038335414776038e-08
5.935068555823744e-08
-1.178508087516888e-08
7.433929986954366e-09
-1.180058249116193e-08
7.511445719356261e-09
-1.165589246267077e-08
7.426132777325299e-09
6.087313910962669e-08
6.043295427312552e-08
-1.224605741021425e-08
-1.176372899637789e-08
7.432056111336270e-09
7.478467390869838e-09
6.051486202920523e-08
6.072036425901792e-08
-1.211314709486433e-08
7.487868188945593e-09
-1.148470126645893e-08
7.282279939365190e-09
7.265779496095523e-09
5.878777143769960e-08
5.941090850469917e-08
-1.205250051667879e-08
-1.196610762696623e-08
-1.149181592525997e-08
7.142380736602152e-09
-1.141590233078346e-08
-1.200306948915679e-08
7.293213938759653e-09
7.470926459880221e-09
-1.168164037432796e-08
-1.183478959302769e-08
7.310355668465086e-09
5.710827450574584e-08
6.005001007469086e-08
7.383240644927847e-09
7.262461400854864e-09
-1.169370868244973e-08
7.336147859372251e-09
-1.654279382768953e-07
5.990031095859634e-08
5.919466024026913e-08
8.006003706074067e-07
-1.166248999556659e-08
7.216618065487466e-09
-1.184724970886727e-08
7.202892025959566e-09
5.842449170820489e-08
-1.140950840940175e-08
3.662746284726514e-06
3.775160908626204e-06
3.836030297483859e-06
3.412629390427187e-06
3.477016628105019e-06
-1.189685843938044e-08
-1.195272991784171e-08
7.431011081931936e-09
7.337795337546128e-09
-1.181367014668431e-08
7.349401113018928e-09
-1.164447509064638e-08
5.853973270628970e-08
-1.627454231978318e-07
-1.140046390028221e-08
7.124631264619026e-09
5.777633887440483e-08
-1.128670218042989e-08
5.838507024452688e-08
7.124392822617842e-09
7.222729810956542e-09
-1.180437927749353e-08
-1.214568587639788e-08
-1.171813674513194e-08
-1.189721102995803e-08
7.314880894698691e-09
7.362931752170987e-09
7.424297289203103e-09
-1.199576378031785e-08
5.985826704407600e-08
-1.186744834261689e-08
-1.138912724441467e-08
7.234299349917440e-09
7.415164916209475e-09
7.247594533848216e-09
-1.132709614382640e-08
-1.182150152697913e-08
5.899732295288442e-08
5.939602040124201e-08
-1.603377470679562e-07
7.228844904009269e-09
7.263957842714181e-09
5.891587485307051e-08
-1.182705444263936e-08
-1.136394079701033e-08
5.891004478504319e-08
7.260392109385803e-09
7.214122218452990e-09
7.193199708438817e-09
-1.150648023357154e-08
-1.169810767512908e-08
5.905526325634110e-08
-1.631426788236506e-07
5.791686010899326e-08
7.243389262978251e-09
7.237499240679819e-09
3.250853919046975e-06
3.688757777926916e-06
3.420516303653810e-06
3.432837521248311e-06
3.873144111985954e-06
4.070306671067171e-06
3.854963015931544e-06
3.454431447353571e-06
3.036098992815236e-06
3.171068385674463e-06
2.320837381112166e-06
2.307411326595845e-06
8.203989901931103e-07
8.095162641392929e-07
5.953279367672186e-08
-1.628200557297105e-07
-1.679248368206312e-07
-1.639877459683198e-07
5.844639712640631e-08
-1.165362196498587e-08
5.975177178875632e-08
-1.669706910664194e-07
7.242049379931705e-09
-1.182721661609055e-08
7.289551874298894e-09
5.989943642044958e-08
-1.208643547546340e-08
6.060459041670723e-08
7.413064638143574e-09
7.340982830848001e-09
-1.204295815528479e-08
5.994513198504195e-08
7.417783904210100e-09
7.505801035989324e-09
-1.207002757828649e-08
-1.213485714986040e-08
5.949154598908143e-08
-1.169110302204524e-08
6.033225516341796e-08
7.373162995422846e-09
7.365412063126857e-09
7.421132346328303e-09

EL  1  1102  double
3.156182460481064e-05
3.185811237548108e-05
3.300857065045698e-05
3.360509896181397e-05
3.322296993181470e-05
2.440387658592637e-05
2.665956289697585e-05
2.372243750441510e-05
2.769042602433288e-05
2.500470596990805e-05
2.485274058199320e-05
2.446832237458971e-05
1.901366480423793e-05
1.891863739986069e-05
2.241032736010308e-05
2.243342282856052e-05
2.474240566733416e-05
2.680389782518797e-05
2.475985866216566e-05
2.445739582299964e-05
2.421144479540819e-05
2.800021490539141e-05
1.886739717053280e-05
2.446261838144285e-05
2.434606569464566e-05
2.692202423381416e-05
2.555636438688102e-05
2.557459101016527e-05
2.839119337011450e-05
2.866318014526053e-05
2.541392109899617e-05
2.450848548488084e-05
2.444293476264790e-05
2.419341877367903e-05
1.947507550669331e-05
1.933810401492308e-05
2.432992291037378e-05
2.524137928764417e-05
2.391669300715261e-05
2.415352442877281e-05
2.431139837643718e-05
1.887191858806826e-05
2.418559194167243e-05
2.647140677607982e-05
2.379874936576358e-05
2.408358823137735e-05
2.434608129448919e-05
1.910951149522494e-05
2.424578167344263e-05
2.826677308081660e-05
2.899581030702664e-05
2.876006678572992e-05
2.803316434677478e-05
3.083393331671161e-05
3.047679710715468e-05
2.836886587148241e-05
3.118037316824409e-05
3.238453493759138e-05
3.078021549783969e-05
3.188517958555283e-05
3.147819133987835e-05
2.970331797664119e-05
3.020915205690529e-05
3.123211172495910e-05
3.247520743866530e-05
3.218496386119325e-05
3.305864634935261e-05
3.360311680279587e-05
3.348389594733597e-05
3.275892868777227e-05
3.530060322582222e-05
3.569194900401333e-05
3.552525439416444e-05
3.531913328567502e-05
3.552714089968088e-05
3.528904199310767e-05
2.986642419276733e-05
3.124553480109594e-05
2.873239809526549e-05
2.811395837092699e-05
2.858470199870356e-05
2.788185059491818e-05
3.079756095404032e-05
3.043201387085701e-05
3.295805681780260e-05
3.358317384194837e-05
3.477875858078316e-05
3.523712420140923e-05
3.340385225993568e-05
3.209990767794043e-05
3.316007641072826e-05
3.134648006189952e-05
3.156753435535672e-05
3.245326477476743e-05
2.842250284694068e-05
2.915018394750915e-05
2.819278791765164e-05
2.908201805687654e-05
3.114907932600717e-05
3.111222799136275e-05
2.539645097797444e-05
3.108274911149947e-05
3.291582473169661e-05
3.186982606231168e-05
3.302210671143884e-05
3.224664858403508e-05
3.564549752449871e-05
3.570536944746652e-05
3.562649042222364e-05
3.538252446188720e-05
3.544600949707110e-05
3.568535494330287e-05
3.525615705224932e-05
3.543350731437778e-05
3.103807886687546e-05
2.867749398476947e-05
3.060183118281496e-05
3.159650319910279e-05
3.170154053003141e-05
2.791250159097824e-05
3.528272241458543e-05
3.540113970634297e-05
3.569221739919372e-05
3.525727466545807e-05
3.520967400000780e-05
3.482779880670412e-05
3.527601040975018e-05
3.530281899689357e-05
3.514387927355084e-05
3.471334186479919e-05
3.482213889957304e-05
3.480259373130325e-05
3.518229854269131e-05
3.529397293767869e-05
3.504904909461331e-05
3.430998724938507e-05
3.436062859373575e-05
3.457851857402844e-05
3.459811175091580e-05
3.487406683883708e-05
3.474793413831254e-05
3.462084594010521e-05
3.448324267898540e-05
3.432323814792974e-05
3.364270912241479e-05
3.459980783457979e-05
3.508439280763699e-05
3.451427438072445e-05
2.953274528497505e-05
3.140194631163956e-05
3.061213827163311e-05
3.092094493241893e-05
3.087665521811365e-05
3.123399603791186e-05
3.090832025784909e-05
3.209240892261398e-05
3.128566157659754e-05
3.127916146954509e-05
3.243166725983290e-05
3.097041711169041e-05
2.839055564014443e-05
2.911597318180819e-05
2.811040542105921e-05
2.838737669521623e-05
3.300469624372198e-05
3.208236249512429e-05
3.402292448847165e-05
3.372530154487081e-05
3.281812125692292e-05
2.884269830006740e-05
2.817187970702704e-05
3.030124637067682e-05
2.741882335658018e-05
2.858570569572341e-05
3.329437047006760e-05
3.322545921857742e-05
3.268339695658229e-05
3.275642596009300e-05
3.421297215040396e-05
3.125191777885407e-05
3.128041106217066e-05
3.257330381226502e-05
2.785046462378397e-05
2.927512950910289e-05
2.853472568167555e-05
2.776255541508421e-05
2.491455734418050e-05
3.088960170216018e-05
3.034204738022398e-05
3.329045553681304e-05
3.311010430720450e-05
3.364621009998673e-05
3.295468014709522e-05
3.404369493590173e-05
3.414731990717237e-05
3.336574840909372e-05
3.335036857314758e-05
3.403965729546512e-05
3.396883057528163e-05
2.539004872770309e-05
2.804166913749159e-05
2.812556710802732e-05
2.531535458704093e-05
2.842725909659407e-05
3.108047311206662e-05
3.149320746886161e-05
3.254372287099725e-05
3.291190883702325e-05
3.179020640533716e-05
2.893378874968950e-05
2.790966398645973e-05
2.773105822542230e-05
2.796032991069839e-05
2.442427131428212e-05
1.917197729487710e-05
1.895782111117399e-05
2.410967457801480e-05
2.232025116922687e-05
2.217828250172365e-05
1.887979412383014e-05
2.465342813355821e-05
1.875381219257526e-05
2.223147181358124e-05
2.243048778631913e-05
2.225541437257956e-05
2.836506317328409e-05
2.816520238301545e-05
2.941686958874672e-05
2.456867041107432e-05
2.590202201523465e-05
2.455980135277181e-05
2.691407749700035e-05
2.561174015633709e-05
2.536876002601030e-05
2.475146711966521e-05
2.456713449815059e-05
2.424166430155838e-05
2.492247163698800e-05
2.422080900800255e-05
1.921494120235668e-05
1.906452572021850e-05
2.433827598171465e-05
1.879104991198720e-05
3.437667088675570e-05
3.455770085068366e-05
3.500836633534148e-05
3.523316544180703e-05
3.528369173138791e-05
3.510473666961398e-05
3.420757487370889e-05
3.442144833144186e-05
3.458807472693460e-05
3.485253991988811e-05
3.503245478926512e-05
3.385795640832666e-05
3.344296240840011e-05
2.412591064170404e-05
1.840595476157138e-05
2.347488340348169e-05
1.834275353618064e-05
2.419681251769350e-05
1.934444936580357e-05
1.872387864417965e-05
2.456417097486136e-05
1.903144665994020e-05
2.240257635450423e-05
2.255428380174682e-05
2.247993824548509e-05
3.569947751914389e-05
3.575381835634604e-05
3.574386187376612e-05
3.569565062776572e-05
2.835246898130527e-05
3.045502626987220e-05
2.820731888280233e-05
2.727572892812889e-05
2.801401474323649e-05
2.903528182258871e-05
2.817051047948004e-05
2.856080953704394e-05
2.935753588540468e-05
2.533431427235594e-05
3.261445399889688e-05
3.305119682610357e-05
3.346027312152774e-05
3.356591466091288e-05
3.081956449436109e-05
3.092390436202466e-05
2.977808397323442e-05
3.029873330005905e-05
2.791924019709158e-05
2.783136456840211e-05
3.447548515338247e-05
3.363505741808832e-05
3.323882965281517e-05
3.334137137643956e-05
3.296192339327420e-05
3.361404577271242e-05
3.430161104406391e-05
3.321941134469451e-05
3.425226043691776e-05
3.455256922373591e-05
3.478688735518362e-05
3.452219394211731e-05
3.438786033658901e-05
3.474816293234774e-05
2.598780212121642e-05
2.872603540428343e-05
3.010361071014582e-05
2.963542705193525e-05
2.839317920270862e-05
2.864461846465044e-05
3.565673368840347e-05
3.551068742306362e-05
3.567397604182313e-05
3.549159505678154e-05
3.529762507859044e-05
3.458136834993332e-05
3.429738601545433e-05
3.450445679351471e-05
3.484680441112050e-05
3.523503029929195e-05
3.471066239530011e-05
3.512497705056138e-05
3.529035458092863e-05
3.440668762388932e-05
3.422568307949434e-05
3.432365475762261e-05
3.437632763690971e-05
3.356310287543271e-05
3.383808622651867e-05
3.426592716617237e-05
3.296853230950043e-05
3.317494458085447e-05
3.285071057131204e-05
3.247177103016177e-05
3.135676386324710e-05
3.277328791448113e-05
3.062055496730941e-05
3.084756109709152e-05
3.185320124859823e-05
3.127086758030050e-05
3.125523072137725e-05
3.182629199708945e-05
2.916687994894980e-05
2.908271636019990e-05
2.845162598331351e-05
3.412293529279302e-05
3.336043868602082e-05
3.441947637316577e-05
3.433015935302080e-05
3.329986544047918e-05
3.402108779218025e-05
3.298340566832947e-05
3.358709016512325e-05
3.268821739914904e-05
3.316453786038101e-05
2.550779122066892e-05
2.831123923130010e-05
2.921890118971602e-05
2.831354623125598e-05
2.532547591456862e-05
2.521354167977835e-05
3.100890591784917e-05
2.928389936352891e-05
3.186451156320359e-05
3.129511866416569e-05
3.136567711027596e-05
2.924809898888056e-05
3.451197483485831e-05
3.474484934837943e-05
3.444842402409294e-05
3.362989907289318e-05
3.006227034293560e-05
3.120433615213953e-05
3.080152906781531e-05
3.104607704015963e-05
2.891392509985842e-05
2.824643225632973e-05
3.495026616509682e-05
3.496069328115781e-05
3.460044953016510e-05
3.464691707886191e-05
2.434779776394467e-05
2.410566816216345e-05
1.882724784084717e-05
1.885967446645386e-05
2.450115100387843e-05
2.501172093481994e-05
2.416263544126141e-05
2.847497959406332e-05
2.870166665097373e-05
3.079835573087000e-05
3.108993149037414e-05
2.972620187228975e-05
3.089048797320609e-05
3.130300218853057e-05
2.925137939826921e-05
2.799020483267067e-05
2.774743582325275e-05
2.842081478511420e-05
3.084920320926119e-05
3.170084459987168e-05
3.194326176152793e-05
3.093958403426475e-05
3.109185448352433e-05
2.853975886947704e-05
3.013860669952749e-05
3.180156969320859e-05
3.177143477250739e-05
3.120233358546373e-05
3.312539497339848e-05
3.306437577039814e-05
3.429287461629571e-05
3.358604890117177e-05
3.316260575941392e-05
3.538017653551582e-05
3.541159532655365e-05
3.556848316879336e-05
3.530046530474140e-05
3.560503144299677e-05
3.304154606726904e-05
3.418592895374377e-05
3.346322049150106e-05
3.228753356694978e-05
3.285975628042999e-05
3.139213602476186e-05
3.089668664577052e-05
3.273720888091420e-05
3.100873764540855e-05
2.823708962554216e-05
2.981526766037777e-05
3.065991358784122e-05
3.013069644318486e-05
3.064686111539224e-05
2.829948917397446e-05
2.544388434520437e-05
2.845035480597404e-05
2.957031969318350e-05
3.095808433550282e-05
3.154729978625434e-05
2.873113400406846e-05
3.178397473287305e-05
3.326118789586452e-05
3.193585436326524e-05
3.325227072842139e-05
3.362515320966889e-05
3.371320122567752e-05
3.163552954448833e-05
3.078689171269081e-05
3.013539318566059e-05
3.114018802742054e-05
3.103740316333430e-05
2.883093872973211e-05
2.844618302667983e-05
3.154634555502077e-05
3.302490019310852e-05
3.273397340563188e-05
3.201706131730981e-05
3.295157024518962e-05
3.316065310819102e-05
3.188551508135231e-05
3.311450183866738e-05
3.164959406261400e-05
3.359114385365714e-05
2.847384520872516e-05
2.909650689459063e-05
2.917160904099423e-05
2.526498979411241e-05
2.528219200785783e-05
2.804115627154718e-05
3.115154628658509e-05
2.459214844802250e-05
2.741183232203497e-05
2.537065190518875e-05
2.434261365856108e-05
2.434666780154433e-05
1.919114767138955e-05
2.436154493705047e-05
2.389774484124755e-05
2.510761727942486e-05
2.426426212481933e-05
1.876653124909314e-05
1.865990074645078e-05
2.709248311147769e-05
2.409632592732111e-05
2.801064052590436e-05
2.529086591023088e-05
2.782676432192315e-05
2.527488564179352e-05
2.811316667993202e-05
2.784845788574660e-05
2.881183366026961e-05
1.942141735750974e-05
2.427937061782975e-05
1.911256694770303e-05
2.446283714845932e-05
2.210092599555831e-05
2.520695409115117e-05
2.472792156791959e-05
2.575023521202283e-05
2.800081546412330e-05
2.485012862852820e-05
1.925893247733279e-05
2.436221617117144e-05
1.891375483311243e-05
1.905236039291659e-05
2.446315091402834e-05
2.444358761973249e-05
1.921774527319532e-05
1.907574026327842e-05
1.918847540091059e-05
2.433470397819275e-05
2.436126174097993e-05
2.534377905370046e-05
2.793645677744689e-05
2.528473645074875e-05
2.458076307546795e-05
1.929308801133417e-05
2.428979897132353e-05
2.443679159212042e-05
1.922597809707802e-05
2.220264533632393e-05
2.456182034531428e-05
2.450327043842626e-05
1.931728664284965e-05
1.934940800749119e-05
2.545762786581367e-05
1.939261157904961e-05
2.233722963295743e-05
8.187703113090970e-06
8.224662207792415e-06
2.221546189394648e-05
-1.609386338739773e-06
2.473723488225455e-05
2.767210801263421e-05
2.691036011288840e-05
2.828408284810323e-05
2.907298668237922e-05
2.443201623287822e-05
1.865863973548958e-05
1.889903173403716e-05
2.412798081206022e-05
1.878433556559788e-05
2.234046345013726e-05
1.929552857189981e-05
8.235890128195143e-06
2.223218982637414e-05
2.219585103213536e-05
8.270917593034589e-06
1.893855596860198e-05
1.879064164813295e-05
2.212831816429297e-05
2.213041874655749e-05
8.349223483789110e-06
8.361777532976692e-06
-1.677856900273895e-06
2.442229036974691e-05
2.429767468220411e-05
1.869182658012049e-05
1.923642732727131e-05
2.223563424072220e-05
2.437655219119023e-05
2.462203469835176e-05
2.432591401129842e-05
2.459012582104786e-05
2.813804853414244e-05
2.468987027367175e-05
4.684381033264629e-07
4.619777968773901e-07
-1.083438092536804e-07
-1.116306946911965e-07
5.512108770041315e-08
-1.126074660877430e-07
5.561639935011695e-08
5.550837962409828e-08
2.388224854752156e-05
2.451736306517749e-05
2.782626470037648e-05
2.719598144145254e-05
2.427758768554779e-05
2.441304345615422e-05
2.771708828749709e-05
2.571648501971149e-05
2.511584206460383e-05
2.423045412918824e-05
2.540573431901033e-05
2.421917800584461e-05
2.424881941439828e-05
1.900867109495216e-05
2.223176560723506e-05
2.720316469518944e-05
2.505710118983294e-05
2.481697851678856e-05
2.638614140636249e-05
2.396476519460807e-05
2.426245221343480e-05
2.432839638708875e-05
2.416212359749097e-05
2.416116425011751e-05
2.532378742717812e-05
2.212680896312557e-05
2.213674740551397e-05
8.186812466178356e-06
1.907310778308267e-05
1.907382125509616e-05
8.284190527773472e-06
2.227331563003953e-05
2.220433039298534e-05
8.247851820322950e-06
2.220278100361837e-05
2.222122662765770e-05
8.200775265589165e-06
2.214083869677161e-05
1.880657713316061e-05
1.880827406652075e-05
8.309232986337581e-06
2.234771965990904e-05
8.239498122444839e-06
-1.635195639463987e-06
8.205085334663030e-06
2.249561931122167e-05
2.227604159159273e-05
8.273795593782308e-06
1.875244676005954e-05
8.278641148251102e-06
2.238553482644692e-05
8.251233284579269e-06
2.223972813560520e-05
8.288295699123715e-06
-1.645641290935742e-06
8.338103858436220e-06
2.223216257480650e-05
8.249534771217014e-06
-1.618462447462097e-06
-1.629252699353263e-06
2.227224186413562e-05
8.154780041353384e-06
1.887243119474320e-05
2.227671522945833e-05
2.219089658204169e-05
8.235429219369260e-06
8.157910669356242e-06
2.214546926984682e-05
8.264282175393387e-06
2.211858441558034e-05
8.136662500372554e-06
8.279427614579860e-06
2.225333550082796e-05
2.223547407205180e-05
1.885074408656244e-05
1.924018941292236e-05
2.227924969799245e-05
8.397960063037892e-06
2.220023358451729e-05
8.319870140203861e-06
-1.646883958095843e-06
-1.641851331003461e-06
8.184844218808800e-06
8.177348113207316e-06
-1.594361729443033e-06
-1.618010873370495e-06
-1.638214329016831e-06
8.389841340139466e-06
8.356577372467957e-06
8.318485706666099e-06
8.323179070793997e-06
-1.634871641505988e-06
-1.647526220644338e-06
8.160011151954483e-06
8.081021358989048e-06
8.117984403776388e-06
-1.588302696604697e-06
-1.611110627368616e-06
4.541174013246423e-07
2.211501514971527e-05
8.278807755392204e-06
1.887894445161817e-05
1.899894295059335e-05
2.232005055197207e-05
2.233891160288645e-05
2.230726756671482e-05
8.242220224354974e-06
2.229157943614550e-05
1.919159759699470e-05
1.904267164139961e-05
2.235487639089690e-05
8.131299072361876e-06
2.225992434085189e-05
2.231099507901606e-05
1.934941421350029e-05
2.216462290083888e-05
8.259702608381159e-06
8.374110257544783e-06
2.248366456471074e-05
1.918821220010049e-05
2.447691605085433e-05
1.943223128465422e-05
2.464135121887093e-05
1.911756014192684e-05
2.212718836675683e-05
2.231469722937736e-05
2.221778695954376e-05
8.301079625667144e-06
8.312719942659766e-06
8.276431212017472e-06
-1.646185901245123e-06
-1.609481350625185e-06
1.916219558459829e-05
2.245579604125313e-05
1.924415938655560e-05
2.238263989135457e-05
1.937579884555604e-05
2.219143389033998e-05
2.431587299218772e-05
1.927565248321185e-05
2.468059824801427e-05
1.912475478953948e-05
2.427118188488883e-05
1.921679304426453e-05
2.232317919189359e-05
8.338178542889656e-06
8.326761257711287e-06
1.883370970408786e-05
2.218716093058372e-05
2.428565394947009e-05
1.899161248363849e-05
2.218261933298198e-05
8.150259524464149e-06
2.214747493114799e-05
1.909476743199296e-05
1.857769404505950e-05
2.400386352684610e-05
2.419783469820576e-05
2.219585331306063e-05
1.899892641492623e-05
1.903299025967728e-05
2.458834734888095e-05
2.460208672960678e-05
2.240772720418315e-05
2.269834199526869e-05
2.449934470851232e-05
1.888726321993195e-05
1.905414405426227e-05
2.256930780195379e-05
2.243310567732822e-05
8.317167814578340e-06
8.327462921715604e-06
2.223688117015570e-05
2.227614578418165e-05
1.917546580213250e-05
2.497596490672131e-05
2.439694986901991e-05
8.289949027478730e-06
-1.640635544626730e-06
4.678062664380930e-07
4.725986565641822e-07
-1.128401327714877e-07
-1.089626003083621e-07
5.568767410934680e-08
5.568574117602523e-08
-1.593967090566924e-06
-1.616490074923319e-06
4.538805155292489e-07
8.171519541303122e-06
2.238902470515574e-05
8.204406116361202e-06
4.622090006019503e-07
-1.608345031572553e-06
-1.616583299627848e-06
4.603795334821368e-07
4.592040682926971e-07
-1.601490620166128e-06
8.151349120796878e-06
-1.597926133146939e-06
-1.567665977255550e-06
8.155351863508872e-06
8.096042759647248e-06
8.145796760976883e-06
-1.606658015259191e-06
4.653033462126754e-07
-1.597542151414163e-06
4.629093406642042e-07
-1.080227787875291e-07
-1.122107075974583e-07
5.502136452164878e-08
4.619061696600154e-07
-1.577677566133610e-06
-1.576622326622467e-06
4.585596187411891e-07
-1.622384223545602e-06
8.166657509247865e-06
4.665743674874384e-07
-1.615589696253805e-06
4.678826734325087e-07
-1.090461676119131e-07
5.499739062633806e-08
5.543989663025141e-08
4.555306738622785e-07
-1.570388294745426e-06
4.632133322508068e-07
4.728732820241583e-07
-1.613052771672158e-06
-1.639933253738408e-06
4.604652166095522e-07
-1.602997934625373e-06
4.567704767219643e-07
-1.555997504650800e-06
-1.068706569148503e-07
-1.078537616889687e-07
5.360648619186363e-08
-1.624035390414801e-06
4.590551100587739e-07
4.589230305062145e-07
-1.105598436666714e-07
5.427854654588858e-08
5.495573106544537e-08
4.594204965641451e-07
-1.071143224382959e-07
5.466686492220224e-08
-1.068655413550789e-07
-1.106863620127003e-07
5.434991582837900e-08
5.473752998118300e-08
4.705590821776994e-07
-1.575151529406340e-06
4.576940209830311e-07
4.663707721839643e-07
-1.636394199329004e-06
-1.624590025617457e-06
4.680044133264350e-07
-1.638860111697345e-06
4.678300586548834e-07
-1.616221119113553e-06
-1.619117809807570e-06
4.624455841526466e-07
4.758654910577162e-07
4.678487820686930e-07
-1.137696214844226e-07
5.646807073774614e-08
-1.099403474438904e-07
5.603642771041717e-08
4.665269318801054e-07
-1.610380906943437e-06
8.226685182180193e-06
8.202350596438759e-06
-1.631280597618129e-06
-1.635372480596426e-06
8.324514414505171e-06
4.646399762976002e-07
-1.626288250694200e-06
8.104625610867841e-06
-1.612062233103559e-06
-1.577571331724812e-06
8.131406063600934e-06
2.220706763948985e-05
-1.645055931975244e-06
-1.644551750134880e-06
-1.584545341027149e-06
8.282393642393185e-06
8.233127200468304e-06
-1.642473699010743e-06
-1.603533616359295e-06
-1.093216782651779e-07
5.539636501670464e-08
8.147327416776744e-06
8.107388262504745e-06
-1.606842135522768e-06
8.137755081532671e-06
2.228327868141781e-05
-1.589140233270546e-06
-1.639461547938003e-06
4.649702607667952e-07
4.664844344123965e-07
-1.109765252786016e-07
-1.126562865077323e-07
5.619742098385743e-08
-1.096320986578274e-07
5.589810808096784e-08
-1.638798813470666e-06
4.645754423260855e-07
-1.113074638003962e-07
-1.080938139698464e-07
5.500640605115704e-08
-1.575403558917437e-06
-1.611696226595435e-06
8.137487737836054e-06
8.113541459366947e-06
-1.588076988406701e-06
4.616894429858224e-07
4.587262444118324e-07
-1.601970267565116e-06
8.329003925603806e-06
2.245606839862563e-05
8.306027772387788e-06
-1.572918788554108e-06
8.129154840064716e-06
8.106505080944726e-06
2.245929911856544e-05
2.224768455880486e-05
-1.597055181881077e-06
8.141593361846628e-06
-1.594332460736131e-06
8.293689036546305e-06
2.240771227797240e-05
2.250525683468036e-05
-1.553963633617930e-06
2.583539009963358e-05
2.462332205357974e-05
2.456669940057403e-05
1.933315810091525e-05
-1.631101745650731e-06
-1.657852517143633e-06
8.298764618578399e-06
-1.640651531634810e-06
4.674897826506824e-07
-1.624451542002784e-06
-1.624770055197697e-06
4.668205837952999e-07
-1.076953425241769e-07
-1.098744140557620e-07
5.436758753845234e-08
4.586169972147018e-07
4.657890342555237e-07
-1.116640459949563e-07
5.567441164379348e-08
-1.136205147799228e-07
5.608711071624547e-08
-1.082952311301077e-07
5.567752514313463e-08
5.486673153668577e-08
4.703767105367900e-07
4.616295157076579e-07
4.724553878647817e-07
-1.065326649680207e-07
5.460944164202265e-08
4.615747746092616e-07
4.600340411245896e-07
-1.106888869410684e-07
5.438822897797734e-08
-1.084403130584088e-07
-1.110378211758194e-07
5.499944770838373e-08
-1.091367389133249e-07
5.532549838257031e-08
5.542244812789309e-08
-1.122426826163981e-07
5.543826216877346e-08
4.638657034370322e-07
-1.075904835071628e-07
5.412215904959414e-08
5.530115007419722e-08
-1.099490672371979e-07
5.488080525446437e-08
4.590581053464675e-07
4.525492870318232e-07
-1.074170680189862e-07
5.461760406633622e-08
-1.069698381841186e-07
5.476702404397275e-08
-1.062960906638467e-07
5.413873751396609e-08
4.623352998483042e-07
4.547770961864563e-07
-1.101923661363047e-07
-1.059479039561449e-07
5.373527639756745e-08
5.464188406131018e-08
4.537293481569457e-07
4.603727259491350e-07
-1.089768119524808e-07
5.479577880114835e-08
-1.079136773411956e-07
5.495795276959384e-08
5.488086070448028e-08
4.595892159183794e-07
4.640882802367011e-07
-1.113527376682445e-07
-1.110129123729308e-07
-1.105414756036405e-07
5.470614757476878e-08
-1.084780408274946e-07
-1.102964826364308e-07
5.491906959113874e-08
5.488256440479886e-08
-1.110309043597298e-07
-1.084346810696253e-07
5.500212101612134e-08
4.586479795313427e-07
4.671863051489378e-07
5.416852042639579e-08
5.651012268649490e-08
-1.077503656682164e-07
5.536154844351559e-08
-1.586563915776614e-06
4.558388140503608e-07
4.620855922213775e-07
8.205771803378774e-06
-1.131624975683210e-07
5.616777665893119e-08
-1.119828341425459e-07
5.535560141929942e-08
4.645391203533498e-07
-1.097442376467367e-07
2.674120748844308e-05
2.758710705758651e-05
2.827087858047374e-05
2.482768317340394e-05
2.545907541307308e-05
-1.104218663477330e-07
-1.106208871675031e-07
5.586791912193761e-08
5.451935975577083e-08
-1.081439256325441e-07
5.466408275703282e-08
-1.126166121838263e-07
4.704249968640382e-07
-1.644425326654212e-06
-1.102999000715209e-07
5.551811912413590e-08
4.678122179401331e-07
-1.099453890765150e-07
4.663649859231808e-07
5.570939792828603e-08
5.596713288902182e-08
-1.123139868578048e-07
-1.100946632783685e-07
-1.073411059541754e-07
-1.086152072247207e-07
5.399370827107015e-08
5.430023323678449e-08
5.473065931396725e-08
-1.100259208046593e-07
4.586274400870728e-07
-1.094787476892757e-07
-1.085302454110811e-07
5.447690238791348e-08
5.514511655957815e-08
5.563296931228871e-08
-1.092663294403612e-07
-1.130129666355870e-07
4.705373989328854e-07
4.702390921701870e-07
-1.617482311815413e-06
5.579579743726063e-08
5.547413004113512e-08
4.695361119201401e-07
-1.125045114989708e-07
-1.083934815494555e-07
4.655849987077100e-07
5.543158251367693e-08
5.543486693717369e-08
5.520003234096057e-08
-1.095004717124015e-07
-1.127756011789911e-07
4.715132899948961e-07
-1.658472080725735e-06
4.642180615748259e-07
5.579107882587253e-08
5.628097763953854e-08
2.463498555232285e-05
2.701793781723080e-05
2.441230418002414e-05
2.458376907894821e-05
2.795378966377489e-05
2.858302275786567e-05
2.820706720416401e-05
2.467933368897197e-05
2.432317788310601e-05
2.414830236875851e-05
1.910487363539061e-05
2.234410624410570e-05
8.271072939485541e-06
8.243253141026655e-06
4.501844085550903e-07
-1.557697044786060e-06
-1.586511057530096e-06
-1.632945861566327e-06
4.643161426485595e-07
-1.095578334874872e-07
4.617118624362219e-07
-1.637748494284598e-06
5.401505531591973e-08
-1.122538932611073e-07
5.593971711422477e-08
4.550543588013750e-07
-1.110433007600442e-07
4.723097510787573e-07
5.460036273400254e-08
5.523439088191617e-08
-1.087755515403134e-07
4.542692064029453e-07
5.393840906160819e-08
5.498140060671998e-08
-1.090683547990833e-07
-1.099069841803242e-07
4.527453710636885e-07
-1.072474076219186e-07
4.595206045934999e-07
5.426049366093305e-08
5.462696258362972e-08
5.457375430041112e-08

DA  1  1102  double
2.820721520115384e+00
2.861612797152582e+00
3.019031503641976e+00
3.103009276350874e+00
3.050354639332642e+00
2.182305262631493e+00
2.471204508525858e+00
2.368390473982624e+00
2.502009456203274e+00
2.453434274763421e+00
2.199559046849964e+00
2.069547513365826e+00
2.797268771590820e+00
2.928987305199698e+00
1.655444318512515e+00
1.709007488981070e+00
2.206951038684750e+00
2.444102642447734e+00
2.448359976698780e+00
2.115497522107970e+00
2.374106763413558e+00
2.486839508165459e+00
2.801213182271376e+00
2.165667780754907e+00
2.152588075963112e+00
2.480049004824512e+00
2.420574954016689e+00
2.420755013576010e+00
2.527842414561872e+00
2.566803223445965e+00
2.449339126142528e+00
2.163559808215946e+00
2.145301499503586e+00
2.112597108871112e+00
2.920699888642529e+00
2.890796832606150e+00
2.144055661284503e+00
2.430071618502873e+00
2.369505752106082e+00
2.103737809272248e+00
2.066741949717543e+00
2.990816577575212e+00
2.148509822427168e+00
2.477105876446787e+00
2.368141855642540e+00
2.098263395066895e+00
2.177839489710020e+00
2.870209224984099e+00
2.049432488592172e+00
2.542821962947325e+00
2.568371084552686e+00
2.549175902044149e+00
2.520012205162385e+00
2.760734579291502e+00
2.732774346769771e+00
2.517530169495633e+00
2.772446254116956e+00
2.941217375921301e+00
2.741908042448332e+00
2.867310793882733e+00
2.829005360930611e+00
2.633196948563133e+00
2.704879010143367e+00
2.802566705145206e+00
2.947131902494535e+00
2.901486899359885e+00
3.025689105577918e+00
3.103692432856411e+00
3.086148792697068e+00
2.984843767108285e+00
3.409119288517238e+00
3.484385635812333e+00
3.450926961962187e+00
3.404752766819589e+00
3.451269878544072e+00
3.402365091166201e+00
2.672413451665225e+00
2.786107972548497e+00
2.547478743929946e+00
2.509712514870639e+00
2.538917341363482e+00
2.473122338522844e+00
2.745840758239677e+00
2.738904673277235e+00
3.009444882850569e+00
3.100079246950467e+00
3.302667245713610e+00
3.391334841012305e+00
3.078000987513886e+00
2.889095255843559e+00
3.040884042289344e+00
2.803415384370326e+00
2.841896553926278e+00
2.943129779449108e+00
2.560867201985280e+00
2.586990451506757e+00
2.540418272555547e+00
2.567915216722428e+00
2.796626790119267e+00
2.792106798552340e+00
2.430765967429541e+00
2.756575211660594e+00
3.006636262035077e+00
2.866290743129993e+00
3.015025682433473e+00
2.920729430361959e+00
3.473927714063680e+00
3.491185959243510e+00
3.471120649003117e+00
3.424345526777834e+00
3.435827370667119e+00
3.486671282423666e+00
3.398138877326772e+00
3.433920240617347e+00
2.782457520120326e+00
2.532122921259007e+00
2.744656916735342e+00
2.827482419609484e+00
2.833822582480433e+00
2.515202355060351e+00
3.403951317685161e+00
3.426490655399272e+00
3.485750040219880e+00
3.391839878741980e+00
3.388188888373192e+00
3.312328245323810e+00
3.399468980522143e+00
3.402483299186253e+00
3.371872197237997e+00
3.295094815980249e+00
3.310026396837218e+00
3.308325128457666e+00
3.381375062619836e+00
3.402279538855423e+00
3.353632797598812e+00
3.220711510652393e+00
3.229098262582824e+00
3.270391091236998e+00
3.272398355039726e+00
3.321243042511172e+00
3.300201610474455e+00
3.270717797555331e+00
3.249291389479889e+00
3.223742991197877e+00
3.108176243005581e+00
3.273709263390049e+00
3.362936472103746e+00
3.258018535246511e+00
2.636769197238551e+00
2.801121192315831e+00
2.752167400286992e+00
2.746002466351050e+00
2.768925093128051e+00
2.798462272835998e+00
2.764311617374390e+00
2.896524882601346e+00
2.783528859806756e+00
2.791753144609894e+00
2.940220802060477e+00
2.778017071705198e+00
2.530281726811341e+00
2.588240737477503e+00
2.547692570266805e+00
2.501785218220951e+00
3.012958545853295e+00
2.900228720069269e+00
3.174605337793474e+00
3.126363122578070e+00
2.994193759577926e+00
2.559978172548058e+00
2.488789457968687e+00
2.729239228737138e+00
2.441180487882299e+00
2.542988532193381e+00
3.056784888938626e+00
3.047141004539071e+00
2.975290208542196e+00
2.987590371818960e+00
3.203714594979932e+00
2.787602687682114e+00
2.786788539053261e+00
2.962817890816305e+00
2.501780971748215e+00
2.594402303349510e+00
2.524919253571840e+00
2.509524587459278e+00
2.392483337177370e+00
2.765503724752767e+00
2.725384387100608e+00
3.057829533093713e+00
3.031559718207671e+00
3.112710676092091e+00
3.012567706351244e+00
3.175959405831859e+00
3.194330726768163e+00
3.071103874691573e+00
3.069794104869707e+00
3.175894271501063e+00
3.163909474367682e+00
2.429036137195957e+00
2.535634483971972e+00
2.532382036438670e+00
2.451118788819148e+00
2.553869686959636e+00
2.772935819849600e+00
2.813983441510074e+00
2.955825975436677e+00
3.004080248483731e+00
2.851701944897117e+00
2.576175349833966e+00
2.476242291011676e+00
2.495951441281210e+00
2.484663270821500e+00
2.394158633410778e+00
2.737495108490014e+00
2.838824962121985e+00
2.110158819009173e+00
1.648978124322666e+00
1.638640671966855e+00
2.787483765030221e+00
2.183313014992067e+00
2.844490327056109e+00
1.654927031601135e+00
1.642507371975166e+00
1.586523138421227e+00
2.511613457741681e+00
2.511314479785006e+00
2.619245181842754e+00
2.149454488719007e+00
2.476037103948858e+00
2.421504116151858e+00
2.497712286964165e+00
2.408369047468358e+00
2.398867697095759e+00
2.201209801003774e+00
2.168607228562904e+00
2.125561760672559e+00
2.407081588225365e+00
2.148398143568820e+00
2.912145604503381e+00
2.928764923990460e+00
2.136024410697658e+00
2.919094493673554e+00
3.233252929417056e+00
3.265466660083413e+00
3.347315690948320e+00
3.390080286586233e+00
3.403853018727393e+00
3.365557136031124e+00
3.201290751397373e+00
3.239337581428527e+00
3.270985886874810e+00
3.320313929522593e+00
3.351783748874346e+00
3.145448345917766e+00
3.079488239998675e+00
2.116673474892735e+00
2.903200465466710e+00
2.382129204230758e+00
2.875830526525172e+00
1.994986183194115e+00
2.749738739780548e+00
2.945335623657124e+00
2.081210265551708e+00
2.894625763718695e+00
1.661831490681288e+00
1.674954472020197e+00
1.679164534651739e+00
3.491332231844813e+00
3.499269749789275e+00
3.497953139321730e+00
3.487330547130458e+00
2.510461050833652e+00
2.728624817135217e+00
2.497051192007938e+00
2.486249936714217e+00
2.512841765763633e+00
2.573318300938605e+00
2.533862891333126e+00
2.568820822864132e+00
2.605082593570474e+00
2.410003030076055e+00
2.964750936576306e+00
3.023852535187957e+00
3.081012350079984e+00
3.096528555352356e+00
2.748501962905350e+00
2.747065645380016e+00
2.664335863514654e+00
2.715596819627567e+00
2.493180430331344e+00
2.466953739804717e+00
3.247883831795677e+00
3.105854317345637e+00
3.052365001136157e+00
3.059948482872275e+00
3.010928635930103e+00
3.104847963416937e+00
3.217475607838791e+00
3.048610613030361e+00
3.211373668783461e+00
3.258626830180862e+00
3.305047044708916e+00
3.258329927590388e+00
3.232566530535398e+00
3.299128476421491e+00
2.443441942426453e+00
2.565451738914761e+00
2.693301028032260e+00
2.624765117759610e+00
2.519512573777735e+00
2.574581197004988e+00
3.481666967703474e+00
3.446668612086573e+00
3.480973140331539e+00
3.444944523675601e+00
3.407479885367070e+00
3.264852492494327e+00
3.219382105643911e+00
3.256935885132021e+00
3.316011424677487e+00
3.389856746833195e+00
3.291461975294597e+00
3.367579829424536e+00
3.398281433497042e+00
3.236113623162463e+00
3.204886874977847e+00
3.219369826651057e+00
3.233461894188312e+00
3.099071102922709e+00
3.142556221246120e+00
3.211116540044267e+00
3.006589154871987e+00
3.044177959390297e+00
2.998026501181932e+00
2.950562488402324e+00
2.799577326335100e+00
2.987046300179133e+00
2.751547008917289e+00
2.749146139284011e+00
2.855017559365103e+00
2.812206864561118e+00
2.809508004297248e+00
2.853041398474344e+00
2.578719353286163e+00
2.573986269537656e+00
2.563286957055251e+00
3.186857255696861e+00
3.064087586333060e+00
3.239021579922836e+00
3.220475540794559e+00
3.055605489656718e+00
3.170015699376728e+00
3.010813514567829e+00
3.099779751522383e+00
2.977802138824967e+00
3.031291425902945e+00
2.445421015641254e+00
2.544738402276756e+00
2.588900712399210e+00
2.559764314493532e+00
2.410766722396391e+00
2.418176377761923e+00
2.777249057298675e+00
2.601397193377589e+00
2.858650000519384e+00
2.811255547399121e+00
2.819853424683915e+00
2.581472177071960e+00
3.254192379847569e+00
3.299638274515405e+00
3.242751407066040e+00
3.106704402168584e+00
2.690179252125925e+00
2.782469174736431e+00
2.763534573510906e+00
2.784095953136836e+00
2.568974416456784e+00
2.498944770293556e+00
3.336255364863358e+00
3.341207478315815e+00
3.273033528810541e+00
3.281543819812982e+00
2.410443893590229e+00
2.094757044138326e+00
2.888028288452092e+00
2.886370566819266e+00
2.137639090734174e+00
2.402887302868829e+00
2.085399216372499e+00
2.528209799757127e+00
2.534386595921708e+00
2.770606764579814e+00
2.764217997606794e+00
2.660720165364963e+00
2.763272672879820e+00
2.812401661909709e+00
2.590438433766806e+00
2.520824853189762e+00
2.515014865198938e+00
2.513933886610897e+00
2.761196194704957e+00
2.839855044175782e+00
2.868482294973422e+00
2.776579723656140e+00
2.786146707086086e+00
2.532722507522351e+00
2.696963005242202e+00
2.845960425964293e+00
2.850890707310433e+00
2.802235366411373e+00
3.034601836135620e+00
3.019613046390698e+00
3.215302193575337e+00
3.101810618601399e+00
3.039155237484037e+00
3.424544166925471e+00
3.427687072731167e+00
3.460593691135315e+00
3.407033964628013e+00
3.466383457586146e+00
3.017368339943560e+00
3.199533709025610e+00
3.083265114549140e+00
2.926652618708605e+00
3.000301810638930e+00
2.799110287444947e+00
2.759728694731902e+00
2.982880689312312e+00
2.753427313568122e+00
2.502303493836132e+00
2.670358799211026e+00
2.748581544087059e+00
2.692542864246071e+00
2.753443252714626e+00
2.511522326800375e+00
2.412733416044426e+00
2.544413076215934e+00
2.630220341383240e+00
2.775771125827489e+00
2.820039721034595e+00
2.542256761417184e+00
2.847681397633211e+00
3.055043248899037e+00
2.864590128268156e+00
3.051785227767972e+00
3.105646991405943e+00
3.118882254330330e+00
2.834962441803871e+00
2.757478514361421e+00
2.704341892394416e+00
2.770676370467622e+00
2.783836543734652e+00
2.551043806222089e+00
2.532011190208054e+00
2.818076327877175e+00
3.018722669787176e+00
2.982191453792028e+00
2.886624069796447e+00
3.003187065901673e+00
3.039641569050584e+00
2.862559463856681e+00
3.032403001465518e+00
2.828898500433811e+00
3.098348594421267e+00
2.565548371258842e+00
2.572328957458136e+00
2.584801040857956e+00
2.417323119699156e+00
2.419356461887626e+00
2.530209658988114e+00
2.798481704251577e+00
2.430456614299076e+00
2.532875659794636e+00
2.430016602468405e+00
2.147576082540982e+00
2.115749808270574e+00
2.826471418575331e+00
2.250461264405569e+00
2.027375351538072e+00
2.438392761517790e+00
2.095789240865944e+00
2.950146254497180e+00
2.916127282448838e+00
2.510833773817204e+00
2.397535411910930e+00
2.520629176443208e+00
2.430390929792159e+00
2.511358131521290e+00
2.424797201110254e+00
2.523855038438218e+00
2.462942100002369e+00
2.557136092474396e+00
2.915585467246104e+00
2.134357342841524e+00
2.948557189472902e+00
2.159950147995200e+00
1.574170567533175e+00
2.460521946541732e+00
2.189834248726675e+00
2.442942705244372e+00
2.499200986808428e+00
2.193585647065583e+00
2.801733863708291e+00
2.113884199936542e+00
2.892463804148441e+00
2.877603273979574e+00
2.145422161674133e+00
2.169985553470394e+00
2.871057941019406e+00
2.877526423164807e+00
2.908319999597289e+00
2.097249953367160e+00
2.132910802052427e+00
2.431211680911994e+00
2.513130610988746e+00
2.448303836151713e+00
2.418841662478527e+00
2.874615157826310e+00
2.141223542808087e+00
2.143714236610298e+00
2.885202597060753e+00
1.607472944425262e+00
2.162093576061497e+00
2.158422249460835e+00
2.882876720771666e+00
2.898990648368299e+00
2.430931455995782e+00
2.899081077512180e+00
1.606675800482876e+00
1.117911639245907e-01
1.125693131152869e-01
1.634387146313215e+00
-2.157391509104122e-02
2.386934599586899e+00
2.475461491391396e+00
2.485389605621599e+00
2.522955016613510e+00
2.583996929231519e+00
2.152900186121166e+00
2.841302304223796e+00
2.786427795053218e+00
2.071030794689957e+00
2.849364300283838e+00
1.678733470016402e+00
2.914720443526526e+00
1.065763203169240e-01
1.591796083919951e+00
1.623368306434101e+00
9.546042820535150e-02
2.895259875208565e+00
2.872947185144478e+00
1.636270851553389e+00
1.630718462299262e+00
1.095236041735862e-01
1.247994535879048e-01
-2.374439738170273e-02
2.090746538511628e+00
2.111373945141089e+00
2.950646728905746e+00
2.881329264246622e+00
1.583982346727912e+00
2.390124985814776e+00
2.123413436181337e+00
2.086721611457330e+00
2.172423432314121e+00
2.558526105437801e+00
2.436529835006513e+00
6.377242215352017e-03
6.133700543881976e-03
-1.096574054313995e-03
-1.125086332582460e-03
7.505363250926866e-04
-1.224637321923733e-03
8.100721358394301e-04
7.777573794803846e-04
1.979968068892234e+00
2.428586841181874e+00
2.502285171654716e+00
2.502479763259411e+00
2.115379135774759e+00
2.397686828084461e+00
2.499817600400204e+00
2.418989328282306e+00
2.407686994896445e+00
2.389504385823012e+00
2.435084901640580e+00
2.116365647837823e+00
2.126929678651904e+00
2.888453349206515e+00
1.631917687134723e+00
2.457518774111567e+00
2.471113804958388e+00
2.522625207760842e+00
2.450910391321216e+00
2.071891783255817e+00
2.146907882135891e+00
2.399402066617830e+00
2.105365927456280e+00
2.095980671665579e+00
2.417040164839566e+00
1.571844527344165e+00
1.572819458616635e+00
1.095614722611473e-01
2.869436064493929e+00
2.771126348032629e+00
1.102668774971927e-01
1.650179376336267e+00
1.667877311390284e+00
1.045694264621479e-01
1.666388680727158e+00
1.596236762405637e+00
9.041511942758376e-02
1.587280612194557e+00
2.999154287053458e+00
2.934015738035384e+00
1.051730979110222e-01
1.645944432697560e+00
1.051074355010269e-01
-2.102062841520926e-02
1.002059009821731e-01
1.675548575418304e+00
1.680694885168006e+00
8.366047782260623e-02
2.837116543968976e+00
9.903758912278293e-02
1.691202051386343e+00
9.927363943830919e-02
1.649649375831692e+00
9.515972348152553e-02
-1.828507149444348e-02
8.676865621914504e-02
1.632872868601460e+00
1.046387719660054e-01
-1.710364956185937e-02
-1.592902391400599e-02
1.606323207555175e+00
6.150774604214385e-02
2.748808774729696e+00
1.603532176660779e+00
1.579008233904529e+00
6.876899741211086e-02
1.088096666774478e-01
1.574930718434300e+00
9.908916968161843e-02
1.577530025355808e+00
1.155719373257916e-01
1.046075002005338e-01
1.625226999273314e+00
1.582805874189092e+00
2.916443679723306e+00
2.807414668604860e+00
1.602576412505264e+00
9.013073993850824e-02
1.648325774510154e+00
1.002408083508741e-01
-1.802260811808584e-02
-1.701509209235251e-02
1.127062920918683e-01
9.230318310016976e-02
-1.972506340549893e-02
-1.271789585891793e-02
-2.220556600244254e-02
1.084464911046591e-01
9.065489612299799e-02
9.401603044504263e-02
1.011299974813195e-01
-1.835413601587650e-02
-1.643848528602294e-02
6.937226177812937e-02
7.683987950385700e-02
1.033786238200644e-01
-1.512050304938645e-02
-1.110974595316050e-02
5.232605546672123e-03
1.632452237547029e+00
1.000168711503939e-01
2.878276746282004e+00
2.843175187701464e+00
1.627427811418456e+00
1.600328192370104e+00
1.596425124183774e+00
9.992253810038731e-02
1.565884558513298e+00
2.997901647128184e+00
3.010005646559538e+00
1.574958187451841e+00
1.129730140852075e-01
1.595391990042857e+00
1.622500766209532e+00
2.892807789628385e+00
1.609985277314269e+00
1.059137844811759e-01
1.047592219512723e-01
1.610634262090321e+00
2.896238387465645e+00
2.148557226973042e+00
2.898169195796697e+00
2.131848747144145e+00
2.896239497439167e+00
1.643246645098739e+00
1.653804997901976e+00
1.653160907040146e+00
1.172172557998156e-01
1.008743564467139e-01
8.427980986546733e-02
-2.146163049513688e-02
-1.575158827441170e-02
2.867826615288468e+00
1.618438360936306e+00
2.906007390801843e+00
1.601293025703794e+00
2.896379866513848e+00
1.562302749801075e+00
2.142909868551349e+00
2.888727479873160e+00
2.173489570022830e+00
2.840813347502222e+00
2.120148517267952e+00
2.891867016801090e+00
1.656393914818739e+00
1.083985397157216e-01
9.622103385953013e-02
2.893265139321867e+00
1.630067578562170e+00
2.099998215794415e+00
2.903890477977447e+00
1.606235566670395e+00
1.006648186650442e-01
1.590391732069042e+00
2.886031085181686e+00
2.963721729878459e+00
2.064648780326925e+00
2.054010352022440e+00
1.587444274656375e+00
2.965756879811228e+00
2.886319079198863e+00
2.112725377988943e+00
2.173469347931698e+00
1.660574194870639e+00
1.699631993209329e+00
2.106580168183835e+00
2.886833344583103e+00
2.847648796502193e+00
1.700313162791863e+00
1.687869930982227e+00
1.007065225189886e-01
9.024996386631494e-02
1.656232724228533e+00
1.643089080556856e+00
2.824188372884298e+00
2.479123720494542e+00
2.129152116601023e+00
9.620322257986440e-02
-1.731124970949581e-02
6.328073315403544e-03
6.505675782953942e-03
-1.173651393013589e-03
-1.153138228655423e-03
7.733648642826041e-04
7.960830251252719e-04
-1.786099314275054e-02
-1.953935953892995e-02
6.834197329610677e-03
8.893768225985396e-02
1.588496546345054e+00
1.055938236209416e-01
6.411144422575704e-03
-1.582770699499988e-02
-1.895599256760695e-02
6.775859742968233e-03
6.928346497493660e-03
-1.970788905918154e-02
1.008376262561651e-01
-1.488404299005057e-02
-1.396873908022517e-02
8.857396299174049e-02
8.187702857742547e-02
8.742740357225649e-02
-1.890775186859020e-02
6.866587728484064e-03
-1.846986355317549e-02
6.548592526882033e-03
-1.249832756214594e-03
-1.155010804372953e-03
7.925341218509221e-04
7.133803865686892e-03
-1.814452667375276e-02
-2.147645649880356e-02
7.526495888272217e-03
-2.101325878546507e-02
1.106477558994580e-01
7.187211991108338e-03
-1.937024095037350e-02
7.233119554954101e-03
-1.341569142114186e-03
8.831074908876036e-04
8.819025914330467e-04
7.299539945118599e-03
-1.879379012185690e-02
6.849776309934883e-03
7.195184858757329e-03
-2.029446687384775e-02
-1.895691884610940e-02
7.805980041294872e-03
-2.200386419517074e-02
7.194195901019086e-03
-2.110899460682495e-02
-1.457368848095787e-03
-1.476376245405147e-03
9.426215449976145e-04
-2.237031399143008e-02
7.369419251379859e-03
6.281706600654397e-03
-1.308281970054291e-03
7.684476315975796e-04
9.020932265254944e-04
7.620508341549229e-03
-1.387986278837816e-03
8.658426641266467e-04
-1.397560100427353e-03
-1.523027959467199e-03
9.360656041204695e-04
9.308684482616260e-04
7.070842381828440e-03
-1.817909232264819e-02
7.037072704743783e-03
6.163086771025488e-03
-1.731092425659029e-02
-2.030297868963592e-02
6.956787678884698e-03
-1.635864529622479e-02
6.100298717579724e-03
-1.612057484664167e-02
-2.030178090697007e-02
6.802543541010802e-03
7.334805778143065e-03
6.343866313706072e-03
-1.292121627245872e-03
7.927060230884967e-04
-1.541825434087819e-03
8.955364177004267e-04
6.233094242383529e-03
-1.590869513732284e-02
8.926909567173527e-02
8.852043867297492e-02
-1.590532890927258e-02
-2.199144310592966e-02
1.151564312643594e-01
7.553709227506572e-03
-2.101472065413112e-02
1.011293115668220e-01
-2.113594671318385e-02
-1.583056131631250e-02
1.135196036127657e-01
1.570732992459422e+00
-2.435798698577754e-02
-1.656671344238695e-02
-8.563439266227007e-03
1.129582158500517e-01
9.652477731308859e-02
-1.881938502569465e-02
-1.806049009176385e-02
-1.290747701912018e-03
8.609591709016682e-04
1.080536233420789e-01
7.817751045462400e-02
-1.305092513453498e-02
8.433384440720350e-02
1.578708553796904e+00
-1.685987929848301e-02
-2.064279457055953e-02
6.993723696697889e-03
7.492043140400164e-03
-1.437120313807992e-03
-1.515704196532752e-03
9.367029159385923e-04
-1.383925496305384e-03
9.257771594448416e-04
-1.789550193299368e-02
6.657141614653015e-03
-1.306285843733839e-03
-1.224164126892001e-03
8.190936112891846e-04
-1.822467135891772e-02
-2.295763558644606e-02
1.134057627856252e-01
1.121174432101150e-01
-1.866152901742995e-02
7.568920237381730e-03
7.489619660002184e-03
-1.647315795987406e-02
9.463044111770628e-02
1.673285287066492e+00
9.410991886334294e-02
-1.652789131266279e-02
1.053628918841864e-01
8.547166103996715e-02
1.649776503040902e+00
1.590455608877259e+00
-1.770363945651595e-02
8.973086127275905e-02
-1.551762485722456e-02
8.694575995108178e-02
1.624290661682837e+00
1.627050106854010e+00
-1.479140070804739e-02
2.443005629311788e+00
2.174905611679756e+00
2.410974674005616e+00
2.884265047137808e+00
-1.905634798098534e-02
-2.255629463183261e-02
1.085049149567340e-01
-1.701742651735650e-02
7.341366523179014e-03
-1.743713515188077e-02
-1.801311340512150e-02
6.670420521326275e-03
-1.467283415754756e-03
-1.492685759314342e-03
9.438834673721189e-04
7.404857809515536e-03
7.759718899699861e-03
-1.427994245756169e-03
9.248842602292591e-04
-1.646875019477719e-03
1.014345087659908e-03
-1.105118612267859e-03
8.973885331072678e-04
6.228611048156681e-04
8.289501241012704e-03
5.099143917541276e-03
7.431520731223240e-03
-8.661348165536854e-04
7.569918477286751e-04
4.611359115221178e-03
6.266009164967750e-03
-7.175603129982660e-04
5.574195754294699e-04
-1.316519149958225e-03
-1.361496693003265e-03
8.697161410879242e-04
-1.175382652823998e-03
8.347417974732960e-04
7.660772086051902e-04
-1.309664762935581e-03
8.603350264509540e-04
6.715778913340271e-03
-1.229101019127927e-03
8.186404109156195e-04
8.252400185235426e-04
-9.859353295395864e-04
7.378618729649234e-04
5.735404069548248e-03
5.877092797006446e-03
-1.158952256918718e-03
7.101854061671361e-04
-1.020280678988353e-03
7.079372036668145e-04
-1.111100322395659e-03
7.397308417723083e-04
6.193609148232803e-03
5.726200505404477e-03
-1.056485698989413e-03
-1.060509699772631e-03
7.350993364711795e-04
7.481705707674715e-04
6.065908259934486e-03
6.112275990498119e-03
-1.085730916507287e-03
7.453457671977112e-04
-1.455265602052701e-03
9.179889843333661e-04
9.102809223940917e-04
7.345090520969422e-03
7.560331919391398e-03
-1.372777551112989e-03
-1.397454722293753e-03
-1.372395059587501e-03
8.587298041287842e-04
-1.284250155772772e-03
-1.353588776898571e-03
8.454269450478219e-04
9.041035394623061e-04
-1.187580408006830e-03
-9.086253270817256e-04
7.159634958306552e-04
6.703671523819846e-03
5.941600954021116e-03
6.277037447738173e-04
8.361276445547554e-04
-1.095226239595630e-03
7.516757760254550e-04
-1.552903334564093e-02
6.366145648650518e-03
6.155766863413116e-03
9.037191797086568e-02
-1.533688527660146e-03
9.139752218989234e-04
-1.175610224463141e-03
8.053977062713440e-04
6.579337711884212e-03
-1.308569104172558e-03
2.481119100830242e+00
2.480631736749961e+00
2.558402717824170e+00
2.462789227837882e+00
2.468643981044386e+00
-1.258914604485915e-03
-1.333981169278276e-03
8.518851248880236e-04
7.833544689520211e-04
-1.103889901124666e-03
8.564751407269109e-04
-1.315318115598080e-03
6.700390912726583e-03
-1.928178023769055e-02
-1.177198838134633e-03
8.108719356686994e-04
7.730211923004810e-03
-1.404233801512581e-03
6.790040123359271e-03
9.407333977239230e-04
8.371260733745747e-04
-1.181825185911165e-03
-1.337994233497964e-03
-1.490594303310704e-03
-1.268375388885155e-03
9.031695390281013e-04
7.879359234017927e-04
9.199874545783833e-04
-1.090716630889290e-03
6.764931640825828e-03
-1.322211462176552e-03
-1.149731449818088e-03
8.229059339195560e-04
8.160019097017938e-04
7.593068830724620e-04
-1.247805452273793e-03
-1.377326670964766e-03
7.129686043119177e-03
6.974261633678987e-03
-1.986749599816786e-02
8.610643068082644e-04
8.480758659498688e-04
6.404164812823899e-03
-1.269071678629478e-03
-1.087131237781393e-03
6.164562245934120e-03
8.363884069575045e-04
7.763442673581088e-04
7.604412277018558e-04
-1.235147751241129e-03
-1.345955851365827e-03
6.827261810722289e-03
-1.930367671252589e-02
7.105997276672315e-03
8.396245116031613e-04
8.802298076045003e-04
2.180809367395815e+00
2.495978989382477e+00
2.395932599776867e+00
2.447908971207540e+00
2.477845944580113e+00
2.533360762450296e+00
2.517119994338833e+00
2.386085633813908e+00
2.127205709467770e+00
2.084261394051843e+00
2.948161967365994e+00
1.671419153813941e+00
6.996359692759389e-02
8.552444864277384e-02
5.104232224663711e-03
-1.199240327216166e-02
-1.234667316866202e-02
-1.728899159602593e-02
7.028346217546571e-03
-1.392398622887547e-03
7.108916751941207e-03
-2.149205037703906e-02
8.438083455742374e-04
-1.248924818118025e-03
8.662640540890141e-04
6.386894089800648e-03
-1.217293246222045e-03
6.621823943602260e-03
7.868478313833481e-04
7.943551907415422e-04
-1.215272052400139e-03
5.858811778145338e-03
8.753909574314018e-04
7.227412513366655e-04
-9.134322087109320e-04
-1.114830080929276e-03
6.829525601214856e-03
-8.216536512335629e-04
5.416887239058170e-03
6.577158058843222e-04
6.557056331177793e-04
8.347296926538589e-04

DB  1  1102  double
3.103090438580828e+00
3.157766485167985e+00
3.363727586507145e+00
3.468268946752984e+00
3.403438818932331e+00
2.413064680941259e+00
2.440873442179314e+00
1.872842338577977e+00
2.618684363559665e+00
2.133634050545248e+00
2.467964979837603e+00
2.567308438996422e+00
9.399278366316262e-01
8.638379667327698e-01
3.291622085749469e+00
3.275759176131546e+00
2.449396545766791e+00
2.474724943202218e+00
2.012968412166399e+00
2.558331893101751e+00
1.942879389581152e+00
2.657580917264936e+00
9.031150514922291e-01
2.452876117116846e+00
2.446520354819244e+00
2.507029099024997e+00
2.169914431712256e+00
2.193164391305781e+00
2.667208085270003e+00
2.735497911875377e+00
2.188574035949090e+00
2.462107529374202e+00
2.462044150434567e+00
2.411236540487156e+00
9.630173719714213e-01
9.529241063709989e-01
2.435624556395328e+00
2.168688498632518e+00
1.893844700233253e+00
2.458271145330484e+00
2.568118714811094e+00
8.107725952427842e-01
2.439850986301542e+00
2.408205979526573e+00
1.864428601213979e+00
2.451120418155256e+00
2.444380805347977e+00
9.301297168975781e-01
2.588669308396809e+00
2.700916510286728e+00
2.703693947265090e+00
2.673519134934642e+00
2.632974200678531e+00
3.008884071695666e+00
2.955438613466116e+00
2.659455020593126e+00
3.036885785902393e+00
3.263800686477762e+00
2.992242002237191e+00
3.166626899947329e+00
3.110805625569272e+00
2.818197406708997e+00
2.918835486473604e+00
3.073866649160562e+00
3.274095708652601e+00
3.213399868259253e+00
3.372661043735276e+00
3.468652754239665e+00
3.448362496100290e+00
3.322116961694476e+00
3.825273612359422e+00
3.915556274598533e+00
3.877080225275575e+00
3.826999375074998e+00
3.877916758218405e+00
3.822859790290205e+00
2.853287904625812e+00
3.058699344893836e+00
2.655766656579218e+00
2.663386485745031e+00
2.662755989380943e+00
2.561229155781510e+00
3.001716195208620e+00
2.968696494679718e+00
3.350934758565384e+00
3.464991766459934e+00
3.707792877512880e+00
3.810559167599734e+00
3.440835037285346e+00
3.194793565353243e+00
3.392160075851183e+00
3.078639220131414e+00
3.131033033511690e+00
3.267739862153156e+00
2.692630476255030e+00
2.735817613418640e+00
2.649819807353733e+00
2.711098497813440e+00
3.055062383429668e+00
3.045910894740467e+00
2.154879144666275e+00
3.013694966258096e+00
3.351708753109376e+00
3.165827396859564e+00
3.358017949533452e+00
3.234111217124672e+00
3.904585851045052e+00
3.920615086088797e+00
3.900730955463910e+00
3.846727502623664e+00
3.858534640836219e+00
3.916873147987007e+00
3.814312874072587e+00
3.856550577015209e+00
3.038429497892277e+00
2.642906352071639e+00
2.975407911671561e+00
3.112207723622835e+00
3.119767765223184e+00
2.678249592047737e+00
3.822879943489900e+00
3.847281270876954e+00
3.916476085860139e+00
3.814248374629481e+00
3.805643445264939e+00
3.719376498806536e+00
3.819585167337594e+00
3.824372475111776e+00
3.789205861671927e+00
3.694045824444401e+00
3.716750295511900e+00
3.713247618257329e+00
3.799296394189303e+00
3.823650342246517e+00
3.770354361138865e+00
3.609659250981331e+00
3.622457536312852e+00
3.667494280399572e+00
3.669216764170251e+00
3.729385639655529e+00
3.700199526668416e+00
3.674574831932463e+00
3.646449455139528e+00
3.614538819870810e+00
3.473135718066449e+00
3.672676005049250e+00
3.778434776402778e+00
3.653479282128248e+00
2.797374923318092e+00
3.074101797968968e+00
2.982303224164588e+00
2.994607691559201e+00
3.027477442228348e+00
3.071079589912547e+00
3.016803250986472e+00
3.205873307578435e+00
3.050947741799396e+00
3.062594732470756e+00
3.262257670782448e+00
3.027565711533120e+00
2.635529527972768e+00
2.735225645477653e+00
2.653677215882262e+00
2.595318442205795e+00
3.357429374802959e+00
3.206009881026494e+00
3.559076842415739e+00
3.499168431543414e+00
3.334391755403111e+00
2.665749350853778e+00
2.662629977565383e+00
2.928339343918199e+00
2.627582172724670e+00
2.620797855916540e+00
3.410746346811040e+00
3.399767695589289e+00
3.308604645003599e+00
3.326599108906660e+00
3.594808330347422e+00
3.063094040506460e+00
3.058516933593915e+00
3.293431818742063e+00
2.620722859077212e+00
2.757539287163017e+00
2.636755980995384e+00
2.664761318489661e+00
2.089874637508619e+00
3.019523135705141e+00
2.953226484986942e+00
3.413707107156151e+00
3.379782558317532e+00
3.481361605730274e+00
3.358108849373479e+00
3.560605329041743e+00
3.582035559087156e+00
3.428471481764788e+00
3.429431461874232e+00
3.559543395989799e+00
3.543438092627811e+00
2.157752082769139e+00
2.689829921101066e+00
2.649064421767392e+00
2.141509874100385e+00
2.689325366673622e+00
3.028588943484145e+00
3.091233778103336e+00
3.284476753670551e+00
3.344083632310500e+00
3.138791437110727e+00
2.698333915734398e+00
2.563794814391043e+00
2.675257980265436e+00
2.595371757457227e+00
1.983342083195663e+00
9.920623812165322e-01
9.294018228960550e-01
2.409433936117507e+00
3.285782654520895e+00
3.217364538274240e+00
9.021563522087402e-01
2.462768362374492e+00
8.733831957007885e-01
3.269695934430769e+00
3.285653583404276e+00
3.285590485015220e+00
2.594024559094935e+00
2.688407772391062e+00
2.769027750237756e+00
2.496057977204757e+00
2.235112221625562e+00
1.953354269733626e+00
2.454848294900522e+00
2.190212736500204e+00
2.175857658091881e+00
2.480807984978485e+00
2.456119705764558e+00
2.424139634520576e+00
2.094796220586875e+00
2.386069495720930e+00
9.124523824474834e-01
8.838643539032719e-01
2.556004492086648e+00
8.435384845642918e-01
3.625207635528971e+00
3.663223869281319e+00
3.761798168905126e+00
3.809977005363756e+00
3.821512410768593e+00
3.781493281401127e+00
3.593359304275684e+00
3.635392403809799e+00
3.671464812272580e+00
3.727529715617188e+00
3.764890322801532e+00
3.521509673793730e+00
3.438038276449421e+00
2.489805959357054e+00
7.865339593827844e-01
1.785614203909811e+00
7.792219858913580e-01
2.577565649205945e+00
1.011006671720117e+00
8.268280456851219e-01
2.577311464338770e+00
8.957993800595766e-01
3.322052442337192e+00
3.293807590575313e+00
3.290623262662819e+00
3.921141244272250e+00
3.930858161947087e+00
3.929076832622440e+00
3.918137243017167e+00
2.622062376391586e+00
2.948669759337913e+00
2.613179046611297e+00
2.549610796937986e+00
2.652241085627274e+00
2.711693258963285e+00
2.650440817638260e+00
2.708430707894416e+00
2.763373735233682e+00
2.158377224236644e+00
3.293547438493243e+00
3.372000022220274e+00
3.441864066591253e+00
3.459081920052715e+00
3.015595972752679e+00
3.000880000540816e+00
2.855007534466139e+00
2.931309415137652e+00
2.634175012276455e+00
2.545758234915591e+00
3.645225637986842e+00
3.470134144491527e+00
3.406459868204531e+00
3.413441681731012e+00
3.352316384811546e+00
3.470964974331891e+00
3.608850990110928e+00
3.401992058452728e+00
3.600352665513885e+00
3.660678131233653e+00
3.709844920666463e+00
3.652058675600132e+00
3.625842478961939e+00
3.700501598644667e+00
2.284041654133564e+00
2.739569415318050e+00
2.900463443602113e+00
2.796517535731236e+00
2.641252952102595e+00
2.725528732466160e+00
3.910721372484165e+00
3.872258100920027e+00
3.911744717199254e+00
3.870425825426660e+00
3.823884586347329e+00
3.667682062936539e+00
3.609462321939567e+00
3.649859209181285e+00
3.723629955768631e+00
3.810653087733735e+00
3.693517355633187e+00
3.784987059165619e+00
3.819911732110686e+00
3.625296541342919e+00
3.593955087303344e+00
3.612955955922604e+00
3.627028218012379e+00
3.464137986828398e+00
3.517595564628097e+00
3.605900836990124e+00
3.345550180510930e+00
3.396930240917806e+00
3.340269210074001e+00
3.277221409518446e+00
3.073019301907718e+00
3.323426625665509e+00
2.994867372482333e+00
2.998890628899701e+00
3.150263935137327e+00
3.076218905473590e+00
3.071857525838624e+00
3.148272579029975e+00
2.736830806887756e+00
2.723813394810593e+00
2.697841293518435e+00
3.575282795779193e+00
3.418856711504275e+00
3.628105477631018e+00
3.612724450471449e+00
3.407597175513025e+00
3.554196034030612e+00
3.352778015549808e+00
3.464589284467060e+00
3.311210702731820e+00
3.376311423588517e+00
2.200575595177750e+00
2.667775764142116e+00
2.743863369763959e+00
2.677929995855208e+00
2.160461893829015e+00
2.158497175399265e+00
3.028982871796591e+00
2.755431660774969e+00
3.153286506321854e+00
3.076077444775188e+00
3.090908132342963e+00
2.732219223615969e+00
3.654088952856490e+00
3.700686063355361e+00
3.639244848491692e+00
3.471201319827433e+00
2.899666169340689e+00
3.044160278980567e+00
3.012485543566255e+00
3.037913732020864e+00
2.704590701391137e+00
2.586271683755798e+00
3.748189747376276e+00
3.750795469930174e+00
3.673949104144540e+00
3.683954339914374e+00
1.957748258481393e+00
2.409602765440937e+00
8.650902050792877e-01
8.730085374131206e-01
2.592452229535091e+00
2.214841576750179e+00
2.546610513683589e+00
2.632307665982542e+00
2.649365171121238e+00
3.008851742590666e+00
3.024307264235436e+00
2.825813520716376e+00
3.025041846143658e+00
3.085967992463203e+00
2.756979692826928e+00
2.636302443922710e+00
2.662005206552755e+00
2.618199781564683e+00
3.009474521925902e+00
3.126496551577940e+00
3.167416513862595e+00
3.034879575664584e+00
3.043039913018688e+00
2.624879648919554e+00
2.903619059258669e+00
3.138138219064915e+00
3.140740965554269e+00
3.062838421380706e+00
3.384968533450829e+00
3.361935389865175e+00
3.610222393549608e+00
3.467841029117669e+00
3.390569774851340e+00
3.844394312366850e+00
3.852043062047042e+00
3.887901914308140e+00
3.826678675699817e+00
3.895158742966451e+00
3.361371450728082e+00
3.590113150460879e+00
3.443391973689369e+00
3.242735277782793e+00
3.343075041290589e+00
3.081123336884402e+00
3.019900479309698e+00
3.319257593992771e+00
3.005553242906952e+00
2.591363043259414e+00
2.850184350734731e+00
2.983415924107080e+00
2.903137210847833e+00
2.993474136945171e+00
2.605310427234818e+00
2.176145152337923e+00
2.691816168329504e+00
2.806465681032034e+00
3.023471370855412e+00
3.101634694269670e+00
2.669839527870171e+00
3.139526305314988e+00
3.409531361827307e+00
3.161661488723809e+00
3.405897712321027e+00
3.471068222372570e+00
3.486873426176346e+00
3.119201895106344e+00
3.008412532756563e+00
2.914164185529993e+00
3.033165386374271e+00
3.038984779015303e+00
2.685204317288199e+00
2.619972063449572e+00
3.098480848367898e+00
3.362760825787775e+00
3.316918771468765e+00
3.185217814472440e+00
3.342535673807202e+00
3.390145874775266e+00
3.159497835626909e+00
3.380521267194986e+00
3.112203778778400e+00
3.461582189510230e+00
2.704372970452571e+00
2.720756807361635e+00
2.736010020050408e+00
2.143486792827487e+00
2.149068410274463e+00
2.635886224747742e+00
3.059574771778035e+00
1.971171776654597e+00
2.502164539916399e+00
2.177743091156403e+00
2.452990487999512e+00
2.454582413392217e+00
9.579872472682696e-01
2.176812057062192e+00
2.564782247972398e+00
2.097946019569509e+00
2.513662150667043e+00
7.996221303669724e-01
7.936207559746434e-01
2.494180786905606e+00
1.920257010580641e+00
2.663198350065024e+00
2.168536128965687e+00
2.645155960189565e+00
2.173900498424634e+00
2.646253109245514e+00
2.532813978080291e+00
2.687992382803672e+00
9.663053655422705e-01
2.420546212568613e+00
8.983951461019986e-01
2.459217488474379e+00
3.231507785496048e+00
2.097775947545837e+00
2.491328089966869e+00
2.200553816356922e+00
2.669139234728653e+00
2.516094339591632e+00
9.683606480106473e-01
2.517901857535015e+00
8.783668587604428e-01
9.104183977761569e-01
2.511408999283184e+00
2.455263421441354e+00
9.445374733932729e-01
9.193779306532136e-01
9.225224660599574e-01
2.502324593646171e+00
2.449820334151739e+00
2.153969170685067e+00
2.624214487675600e+00
2.139376623530011e+00
1.988208781112470e+00
9.629254949324974e-01
2.437019568764148e+00
2.451394728537082e+00
9.488044848129273e-01
3.246901022780285e+00
2.464014091973634e+00
2.452916485282263e+00
9.637532299411383e-01
9.569024243602657e-01
2.176686890267722e+00
9.607785989646751e-01
3.248344932046210e+00
2.373899301572417e+00
2.374946250303394e+00
3.268276888422883e+00
-5.723706660337474e-01
2.012998230138952e+00
2.631968968116155e+00
2.484766741551164e+00
2.667210217653848e+00
2.727285223507301e+00
2.459541641140565e+00
8.542943726541532e-01
9.234090199131209e-01
2.485089589808268e+00
8.881642778543756e-01
3.304190179886913e+00
9.444934141445308e-01
2.378479282094621e+00
3.238299412056065e+00
3.279865056661925e+00
2.377953837157654e+00
8.988245175698686e-01
8.713330130814462e-01
3.256649257957436e+00
3.261681603954960e+00
2.345088643660570e+00
2.379888398814797e+00
-5.764470476259836e-01
2.581051905630793e+00
2.469660790199587e+00
8.086886199280856e-01
9.483263053395244e-01
3.271422924171083e+00
1.961799778749307e+00
2.612791905746092e+00
2.475727517418083e+00
2.531870342112319e+00
2.710669265655381e+00
2.037615783275015e+00
1.424310603843214e-01
1.412532240086059e-01
-3.581369852591713e-02
-3.715160472307374e-02
1.813322796550583e-02
-3.696723695648770e-02
1.814137631272032e-02
1.813809593721955e-02
2.572577164370148e+00
2.003213243037344e+00
2.619868205398361e+00
2.573227920724865e+00
2.471993226052789e+00
1.975161419614584e+00
2.654868456467754e+00
2.219818328907765e+00
2.120932673764845e+00
1.957477283814254e+00
2.181338807790003e+00
2.486250228564331e+00
2.492559946750300e+00
8.954677326963011e-01
3.268839210395518e+00
2.565986704150659e+00
2.102295747097748e+00
2.055319745433458e+00
2.403064678259624e+00
2.429964274945071e+00
2.497167159413477e+00
1.972839875473170e+00
2.476394108809528e+00
2.512618402480986e+00
2.167981594534614e+00
3.231598313415019e+00
3.208587500432019e+00
2.375579200582661e+00
9.468551815510472e-01
9.872762907141086e-01
2.352889010187105e+00
3.260142429309826e+00
3.290700190597245e+00
2.350768653510789e+00
3.276468215576255e+00
3.292175599020397e+00
2.371538325496530e+00
3.265643518712644e+00
8.052892961579295e-01
8.401350036409169e-01
2.371343789316806e+00
3.279314377233283e+00
2.357754083682237e+00
-5.763049015652140e-01
2.362946854760750e+00
3.297489568315102e+00
3.297477580562170e+00
2.345113399097117e+00
8.932230839509123e-01
2.355622308862902e+00
3.310671309089546e+00
2.362947158028345e+00
3.281662612216019e+00
2.351818370478083e+00
-5.710607839829773e-01
2.384722777028170e+00
3.259257225574011e+00
2.361862204273739e+00
-5.671301879065714e-01
-5.691971509023522e-01
3.281794817415716e+00
2.350911667218823e+00
9.342531964852390e-01
3.318311010383301e+00
3.207901923550618e+00
2.369401750707046e+00
2.384691414708552e+00
3.242912386403867e+00
2.370622356014592e+00
3.246475616357587e+00
2.381530895258549e+00
2.378516527565374e+00
3.270972684369158e+00
3.218302259040192e+00
8.590351318769905e-01
9.733159283775690e-01
3.255494909259722e+00
2.370672923531568e+00
3.288287240145978e+00
2.366456693059183e+00
-5.657562018060395e-01
-5.696066320694123e-01
2.374254040039340e+00
2.380515414797963e+00
-5.682679665089920e-01
-5.746999420854405e-01
-5.793845429073129e-01
2.388701511287728e+00
2.381517167191398e+00
2.363745605131177e+00
2.379375413213510e+00
-5.719951049165521e-01
-5.741982666610206e-01
2.350335077035683e+00
2.353513273979832e+00
2.362086410584190e+00
-5.663610006462108e-01
-5.727090723190681e-01
1.394920041004309e-01
3.251701247768576e+00
2.351763722156083e+00
8.794848664975861e-01
9.163030149920450e-01
3.289053904537112e+00
3.252014616341033e+00
3.248446298139467e+00
2.382228478959494e+00
3.246899577141870e+00
8.697021970377046e-01
8.278361628760008e-01
3.294941480954967e+00
2.371379087540384e+00
3.246625632096177e+00
3.286645585647242e+00
9.543182942681619e-01
3.237830696681410e+00
2.365422756282071e+00
2.434290032161922e+00
3.288390449263369e+00
9.286661043478688e-01
2.454460285538481e+00
9.654966552107541e-01
2.533064388127736e+00
8.941819595150227e-01
3.278406405229418e+00
3.269897231060967e+00
3.317669575723195e+00
2.356520978151733e+00
2.354059030562446e+00
2.359370311904601e+00
-5.712569500345559e-01
-5.630132392625222e-01
9.276596981282684e-01
3.271630457513972e+00
9.125978151203814e-01
3.291321431050706e+00
9.648449657126157e-01
3.215659125427994e+00
2.441189210008463e+00
9.513583118346809e-01
2.494300425605880e+00
9.290483255418748e-01
2.475252563534799e+00
9.334771913800016e-01
3.272328020015466e+00
2.374554475860576e+00
2.367755069340771e+00
8.606958244963382e-01
3.276359652961917e+00
2.517759538790395e+00
9.023542225111106e-01
3.265242586786061e+00
2.362512538588264e+00
3.235855793335482e+00
9.073270861245748e-01
7.808418460623204e-01
2.470480238912934e+00
2.546196472894196e+00
3.272825712555325e+00
8.483765596263295e-01
8.779219825813983e-01
2.593684968333981e+00
2.485624985633164e+00
3.328747219752227e+00
3.325886648210608e+00
2.569096599547685e+00
8.529427890707199e-01
9.128465206946997e-01
3.333212249252748e+00
3.313079282081645e+00
2.380248632846391e+00
2.373803625051174e+00
3.284995953558512e+00
3.275878050289766e+00
9.428979156345794e-01
2.093111356589669e+00
2.490182306541239e+00
2.365005063405235e+00
-5.750596687797228e-01
1.415521216697500e-01
1.431338714861582e-01
-3.682581464247973e-02
-3.597966978763260e-02
1.811786786292272e-02
1.808752396277875e-02
-5.704295507147867e-01
-5.759772100762407e-01
1.398423320684108e-01
2.369916234601922e+00
3.250289862238045e+00
2.392130849130056e+00
1.428651641977019e-01
-5.762248617058063e-01
-5.741022463026079e-01
1.415108648713665e-01
1.412209535761400e-01
-5.684171521658987e-01
2.352192006861434e+00
-5.761526669562059e-01
-5.651548352391474e-01
2.379908452792491e+00
2.371764777951376e+00
2.363072008848066e+00
-5.739338900481596e-01
1.410919322140036e-01
-5.629587325772897e-01
1.407117325615744e-01
-3.556248967505894e-02
-3.670660063745498e-02
1.793278780636711e-02
1.420501005880094e-01
-5.624578113067448e-01
-5.669187040761365e-01
1.416915339303994e-01
-5.776990503604661e-01
2.376496273929302e+00
1.422180144873711e-01
-5.677879354002752e-01
1.420829478101830e-01
-3.595213394843707e-02
1.794047285249986e-02
1.814752810740312e-02
1.411518879343110e-01
-5.619816375625531e-01
1.417952629349837e-01
1.441177990653676e-01
-5.670980630704864e-01
-5.757627228462615e-01
1.434495466916819e-01
-5.778060801247928e-01
1.419265689556311e-01
-5.634614780490189e-01
-3.615185217334996e-02
-3.640123508905152e-02
1.798916668104868e-02
-5.791174084679315e-01
1.416802651440512e-01
1.419438260661065e-01
-3.693824627293198e-02
1.806461634523235e-02
1.824373997044231e-02
1.423655291459729e-01
-3.586295027148478e-02
1.807815552050363e-02
-3.596757750548357e-02
-3.704897631783632e-02
1.811225026045724e-02
1.818974887921838e-02
1.453313280355296e-01
-5.650235672832494e-01
1.408670318993328e-01
1.413047323000077e-01
-5.727504881564496e-01
-5.765358355449495e-01
1.428775947073809e-01
-5.720767572463893e-01
1.416084401116303e-01
-5.661246403473007e-01
-5.764195463901777e-01
1.414498112820468e-01
1.425058752517351e-01
1.404930965244790e-01
-3.667682815796895e-02
1.816047573487627e-02
-3.565160296609875e-02
1.797315581590235e-02
1.444513071436563e-01
-5.741220843133640e-01
2.369555001389015e+00
2.380316437129580e+00
-5.740692942170696e-01
-5.693930008740897e-01
2.365817061044496e+00
1.404909496194988e-01
-5.692830386570907e-01
2.363899070827594e+00
-5.771745572340926e-01
-5.672502615983545e-01
2.372710971900648e+00
3.214621556295462e+00
-5.705848682606725e-01
-5.745523470427746e-01
-5.624737507280851e-01
2.356432283625130e+00
2.353521989780351e+00
-5.736046259541895e-01
-5.684077839336062e-01
-3.639410871424375e-02
1.827762637826185e-02
2.366960667003648e+00
2.347533099047560e+00
-5.712603942793103e-01
2.360982992081900e+00
3.295713365124072e+00
-5.672899455002346e-01
-5.714324950510498e-01
1.407081070805877e-01
1.409901962944316e-01
-3.634543529767010e-02
-3.671888080703491e-02
1.822719829711327e-02
-3.586303805113645e-02
1.811879584229835e-02
-5.766290890316134e-01
1.421703086186450e-01
-3.690980211756925e-02
-3.578521572578074e-02
1.808833862362976e-02
-5.654103333032370e-01
-5.764470762185460e-01
2.378113639867184e+00
2.364826179697136e+00
-5.684579670570410e-01
1.431549569738648e-01
1.420194761673779e-01
-5.771255107364176e-01
2.428729450990430e+00
3.296065580059895e+00
2.392342867462547e+00
-5.658152546782951e-01
2.377676467298965e+00
2.362710959446394e+00
3.295293817893707e+00
3.271258215728947e+00
-5.743693394091486e-01
2.387053803304940e+00
-5.782907630819309e-01
2.427753263171840e+00
3.276835340702954e+00
3.294960293670143e+00
-5.636825109363615e-01
2.246722692612582e+00
2.521940089529974e+00
1.987860085937138e+00
9.458856256730939e-01
-5.689459283827994e-01
-5.747067895983242e-01
2.355765680161592e+00
-5.742929866380869e-01
1.412163402164273e-01
-5.708430494043454e-01
-5.701905726130454e-01
1.419233247295000e-01
-3.608296894548366e-02
-3.657163136239695e-02
1.802921137349724e-02
1.404634946970179e-01
1.436913664283969e-01
-3.683824537239881e-02
1.831436081305143e-02
-3.694746759526935e-02
1.807855871235571e-02
-3.567096856207038e-02
1.808499559375634e-02
1.798386358688049e-02
1.416028887204019e-01
1.409566935018060e-01
1.432163148331085e-01
-3.562306089408985e-02
1.809032245749865e-02
1.420241250275150e-01
1.419027112497021e-01
-3.663210645946405e-02
1.796450153107899e-02
-3.629791029828031e-02
-3.679615678627393e-02
1.819196068851485e-02
-3.595301094322546e-02
1.814391917953540e-02
1.802895194234990e-02
-3.676972621733272e-02
1.800992370325442e-02
1.414156263732274e-01
-3.573445233589288e-02
1.788183249127753e-02
1.810289367917329e-02
-3.662483494584583e-02
1.818723890513696e-02
1.415874940339262e-01
1.395599558116759e-01
-3.589006128341270e-02
1.809048479218108e-02
-3.601400085179663e-02
1.829920599390246e-02
-3.590529950872135e-02
1.812531727066139e-02
1.437028905904766e-01
1.412659663054536e-01
-3.708552717840295e-02
-3.585994322058910e-02
1.804507588091697e-02
1.820105754227817e-02
1.413422240346961e-01
1.431616439984766e-01
-3.679778486370561e-02
1.833570420452844e-02
-3.596757238311661e-02
1.817019773696058e-02
1.810894260382801e-02
1.411858330970033e-01
1.430465739507615e-01
-3.706128170483106e-02
-3.681981624818029e-02
-3.630843137995501e-02
1.789756181960730e-02
-3.591214539273910e-02
-3.672266521958511e-02
1.808518404475760e-02
1.826759074729066e-02
-3.639807789469610e-02
-3.614571509084383e-02
1.805227784747836e-02
1.384421860787400e-01
1.428605053686910e-01
1.799861431461498e-02
1.830595195652288e-02
-3.578644808202747e-02
1.813368535133548e-02
-5.633879463961166e-01
1.402691881972672e-01
1.409750691556743e-01
2.350980848905067e+00
-3.678570029977669e-02
1.818493923328467e-02
-3.672806997920031e-02
1.800368813444366e-02
1.407762147242773e-01
-3.591141087940661e-02
2.432907473033872e+00
2.601584504292285e+00
2.680319562351757e+00
2.043592888982451e+00
2.178114991940084e+00
-3.682507116434309e-02
-3.691248653588855e-02
1.849182187619799e-02
1.812467193071284e-02
-3.639752821582764e-02
1.814404233872379e-02
-3.662144055203524e-02
1.421157221392655e-01
-5.709036469294593e-01
-3.590241014081027e-02
1.794794824072442e-02
1.409218125765227e-01
-3.585988841008956e-02
1.408082047952108e-01
1.800830150994752e-02
1.812130294638376e-02
-3.663853300518718e-02
-3.675281500277121e-02
-3.611338675742429e-02
-3.636281786393912e-02
1.799409812622057e-02
1.795769855277113e-02
1.821378263116255e-02
-3.662078844130781e-02
1.414715954100093e-01
-3.644525468371579e-02
-3.574706424773623e-02
1.791061320400310e-02
1.824212667165759e-02
1.810009087977938e-02
-3.589341341840033e-02
-3.703702703322935e-02
1.427316837054739e-01
1.430406897478320e-01
-5.675595277006125e-01
1.816881379252728e-02
1.812662080477472e-02
1.419204330216196e-01
-3.670454145882636e-02
-3.554251242308223e-02
1.413756923743276e-01
1.803644464180398e-02
1.798449047703744e-02
1.796226361777957e-02
-3.599526494900520e-02
-3.681180220154800e-02
1.427848761020134e-01
-5.761676624966923e-01
1.405909282086743e-01
1.813691897434773e-02
1.828329991627172e-02
2.460684573088837e+00
2.489152775414943e+00
1.951636841751535e+00
1.970013229207799e+00
2.640733765793503e+00
2.617430993019562e+00
2.699793408029235e+00
2.005901006791145e+00
2.550448039746868e+00
2.412500513630369e+00
8.835644362025190e-01
3.300029238265644e+00
2.400177767541674e+00
2.366233337006573e+00
1.390515962624697e-01
-5.588646767293902e-01
-5.709336298532712e-01
-5.702594861123815e-01
1.415542720379616e-01
-3.628140588896227e-02
1.420499463286329e-01
-5.763994588572942e-01
1.784518892051972e-02
-3.679949254160480e-02
1.829159287863766e-02
1.409465725802596e-01
-3.704807157511320e-02
1.448841485125467e-01
1.820231003596275e-02
1.819466638427191e-02
-3.658105453064452e-02
1.408052584318765e-01
1.805144701835059e-02
1.832873900950374e-02
-3.656368580365273e-02
-3.679279398840003e-02
1.402962006397152e-01
-3.581911595646464e-02
1.419586260500820e-01
1.800721454960056e-02
1.807155132134741e-02
1.819116738675916e-02

DL  1  1102  double
4.264939127232714e-01
4.262809273064116e-01
4.331847813274310e-01
4.303916928853578e-01
4.322898122409726e-01
6.052313558525507e-01
4.907379821043232e-01
4.465156711980831e-01
5.058616556412584e-01
4.913197601453650e-01
5.578496889253004e-01
6.120254691553578e-01
4.519977076394855e-01
4.770593031537663e-01
1.269392478361347e+00
1.254750312324952e+00
5.719081454262269e-01
4.701634195893304e-01
4.419231238016885e-01
6.258966628117587e-01
4.327739586708758e-01
4.653417894738973e-01
4.576495642640927e-01
5.892534086447315e-01
5.797997101345090e-01
5.002900207396949e-01
4.415181335679519e-01
4.473935845601192e-01
4.463647179030749e-01
4.659958194201022e-01
4.831701369870645e-01
6.432983752713416e-01
6.147964419541246e-01
6.364277401921515e-01
5.055204329562712e-01
4.944910361585370e-01
6.117311115367200e-01
4.665828382264205e-01
4.394663449113170e-01
6.092101746583637e-01
6.434724397652446e-01
4.722199814396780e-01
5.905529095848931e-01
4.934223860339073e-01
4.385131899918832e-01
6.409300450415987e-01
6.295722389998316e-01
4.922028060334781e-01
6.921858205635250e-01
4.951370159448513e-01
4.307267931015352e-01
4.286357217705287e-01
4.760984728408635e-01
4.450935120539919e-01
4.387140221865918e-01
4.456055260916390e-01
4.223003227926253e-01
4.357858048306431e-01
4.248906833036358e-01
4.265843001175205e-01
4.292586222751161e-01
4.305521679728956e-01
4.439689418774039e-01
4.358850737030250e-01
4.309890447460941e-01
4.264785480467835e-01
4.334474511507362e-01
4.293807720650408e-01
4.297345388611455e-01
4.322573297782395e-01
4.426299604745754e-01
4.468135931442753e-01
4.445540060589370e-01
4.418535339645852e-01
4.445450572433210e-01
4.425212425906311e-01
4.354583433807551e-01
4.255629187179512e-01
4.290339209445580e-01
4.617623029868152e-01
4.341256519465581e-01
4.334918000919568e-01
4.283124578976618e-01
4.566629188933573e-01
4.335459111743646e-01
4.289876410281557e-01
4.372284147306309e-01
4.411486961009480e-01
4.328400300981986e-01
4.263195741999847e-01
4.306308454998651e-01
4.284263481644731e-01
4.349614826544493e-01
4.306065327987453e-01
4.853641162996081e-01
4.371877348035048e-01
4.821659825937689e-01
4.365455414244939e-01
4.419331963712584e-01
4.416292045862052e-01
4.704239269696588e-01
4.211518652611302e-01
4.337673135240794e-01
4.279978522425555e-01
4.244190855108110e-01
4.340138792902453e-01
4.461355884655547e-01
4.471498566202698e-01
4.460298018902187e-01
4.431693721973805e-01
4.439355098187513e-01
4.466368190244259e-01
4.417014248762302e-01
4.438971531899164e-01
4.403801572757310e-01
4.255791672868343e-01
4.456320155851501e-01
4.224023378808333e-01
4.271762929864032e-01
5.015677742551473e-01
4.417357033265392e-01
4.433723887595660e-01
4.466880136162819e-01
4.416012132904010e-01
4.415777920284789e-01
4.376317857555744e-01
4.421393551883768e-01
4.417606265045201e-01
4.412184164504699e-01
4.364527039118122e-01
4.377756978002249e-01
4.373181947475155e-01
4.407620736674873e-01
4.424996733826880e-01
4.403884098669916e-01
4.325195745270308e-01
4.350543328627821e-01
4.355832096357598e-01
4.356241170879749e-01
4.378017967386640e-01
4.370076466636445e-01
4.367640698114111e-01
4.360762645301761e-01
4.346370772989044e-01
4.296553987177517e-01
4.348978741298663e-01
4.400188881853770e-01
4.352558504860090e-01
4.398199235977783e-01
4.235364017180120e-01
4.520779879809881e-01
4.253220180056131e-01
4.422373046696759e-01
4.336517537965640e-01
4.333943420135683e-01
4.303076709756704e-01
4.247390095107617e-01
4.240884842170498e-01
4.296244050545954e-01
4.495886694840368e-01
4.437004369547131e-01
4.384537283369582e-01
5.067862822185134e-01
4.285409847353711e-01
4.259245265136648e-01
4.305592017667312e-01
4.332263894196675e-01
4.326236070877110e-01
4.289536002587163e-01
4.298735861443349e-01
4.424378259296424e-01
4.421746033345237e-01
4.820132914421720e-01
4.263051397244582e-01
4.272432223647966e-01
4.281419149581618e-01
4.316020528661802e-01
4.355350936783030e-01
4.344751493291212e-01
4.256668499302120e-01
4.249257999225695e-01
4.324322883183791e-01
4.716135599928398e-01
4.312283693685503e-01
4.238575275672515e-01
4.966545464310839e-01
4.512026528426392e-01
4.331688476879847e-01
4.521883039421984e-01
4.281107059188918e-01
4.282764964985500e-01
4.321449271140157e-01
4.298579961738181e-01
4.326585451940434e-01
4.344661356228594e-01
4.281563514982528e-01
4.306377851435221e-01
4.332579916700757e-01
4.324600063191404e-01
4.674605230872854e-01
5.179936931258743e-01
4.910234611427691e-01
4.801963794265116e-01
4.841069619131154e-01
4.259755604287114e-01
4.244934383082661e-01
4.331272119067056e-01
4.311360609595422e-01
4.280808321233830e-01
4.306959849504443e-01
4.336528403900133e-01
4.989650572115938e-01
4.485701014469477e-01
4.457017918187475e-01
4.495234599054486e-01
4.627181776983439e-01
5.854607234349967e-01
1.318358457945933e+00
1.289844644008364e+00
4.600735721371862e-01
5.936031590826940e-01
4.762969668456678e-01
1.325467469384367e+00
1.350441191375649e+00
1.371083530198950e+00
4.269136324685676e-01
4.712296792918657e-01
4.381696894637689e-01
5.777990667107353e-01
4.541455587217832e-01
4.321503652095866e-01
4.817899159333406e-01
4.512632453480764e-01
4.590718118418988e-01
6.223788969016044e-01
6.192405698333546e-01
6.330319996468047e-01
4.661130210542035e-01
5.628501123205948e-01
4.567933583768384e-01
4.593684267949815e-01
6.414807866902635e-01
4.631814280439663e-01
4.329878810513840e-01
4.354016192894093e-01
4.399356698914224e-01
4.410384756187710e-01
4.418237380578088e-01
4.400107176885761e-01
4.359238969044479e-01
4.342254227432684e-01
4.364127906804687e-01
4.382644720486311e-01
4.391428264248943e-01
4.308430518316864e-01
4.301011570767427e-01
6.355258738705033e-01
4.748679207477794e-01
4.347096210011002e-01
4.567421895633297e-01
6.703350249184588e-01
4.516477919092775e-01
4.626147343636295e-01
6.393532133008437e-01
4.637520576110191e-01
1.254293841300297e+00
1.295566630078631e+00
1.247596481405197e+00
4.469790718267510e-01
4.476656224571101e-01
4.475837883627635e-01
4.467540319121993e-01
4.382641458244225e-01
4.428735247417821e-01
4.277527435138072e-01
4.985001119700210e-01
4.799551062305558e-01
4.328443702597682e-01
4.764285183360488e-01
4.783977036091051e-01
4.325126652528461e-01
4.630459093794356e-01
4.298301329374668e-01
4.338372941410651e-01
4.293996986092926e-01
4.285170265968255e-01
4.337886227362106e-01
4.219768270285596e-01
4.383181991179723e-01
4.460507274368959e-01
4.589586255852011e-01
4.364163696688991e-01
4.359641587308272e-01
4.302196127884182e-01
4.326117726280143e-01
4.286387514119365e-01
4.313027972193886e-01
4.292624811638115e-01
4.339495490335998e-01
4.336268571800133e-01
4.337527600082928e-01
4.367654641591927e-01
4.374506970064673e-01
4.347172565547552e-01
4.349671743550087e-01
4.365879052473689e-01
4.603685269281187e-01
4.651475582605074e-01
4.419465372553993e-01
4.326576906307976e-01
4.364765076033005e-01
4.822834187624901e-01
4.463958397907707e-01
4.444487003395258e-01
4.466185387627724e-01
4.442500615944257e-01
4.425099245776460e-01
4.369487396538222e-01
4.340437974441133e-01
4.347861925242436e-01
4.379057602524156e-01
4.413988651100436e-01
4.369551687967652e-01
4.411101076022358e-01
4.414832960626277e-01
4.331886649269087e-01
4.337042514781267e-01
4.351686021716105e-01
4.336841850759353e-01
4.309110524310040e-01
4.304308476332247e-01
4.362903815081643e-01
4.245130782200449e-01
4.299275108014143e-01
4.304866234977270e-01
4.352506556853539e-01
4.244130780518520e-01
4.310383981828950e-01
4.531539228615907e-01
4.243836283338205e-01
4.273965812337575e-01
4.423482219251724e-01
4.398545286763210e-01
4.270198058255624e-01
4.386657286697528e-01
4.308391346483388e-01
4.836278388667092e-01
4.361490753661738e-01
4.285086533690600e-01
4.336923830384523e-01
4.345301938846050e-01
4.278525439430897e-01
4.353611350519626e-01
4.256239843752180e-01
4.293002930973708e-01
4.369457001902967e-01
4.275093186239237e-01
4.723638022402805e-01
4.801856570383087e-01
4.335940641077044e-01
4.928264727110533e-01
4.686358939924049e-01
4.710402144873544e-01
4.440910643464485e-01
4.338064228903050e-01
4.277164827745217e-01
4.408651214941343e-01
4.413441828632556e-01
4.375359233967915e-01
4.361210274685238e-01
4.367742375742655e-01
4.358693352498006e-01
4.296845727643666e-01
4.403905312206332e-01
4.234212741792874e-01
4.516475433718836e-01
4.411907925405236e-01
4.361765111587472e-01
4.328469132302020e-01
4.389233416502591e-01
4.388818025278466e-01
4.361912320083031e-01
4.355011489272607e-01
4.384167176579110e-01
5.596912114031415e-01
4.547333936303238e-01
4.524458258641469e-01
6.358276128784833e-01
4.839540886926694e-01
6.163115974902316e-01
4.374705359220608e-01
4.295499114446170e-01
4.511229487288698e-01
4.248247037185471e-01
4.409838505579588e-01
4.378245323666796e-01
4.413333713493671e-01
4.311269192785803e-01
4.879355910648174e-01
5.156788648779633e-01
4.296785012011757e-01
4.387965932806982e-01
4.239154450247681e-01
4.280104465833102e-01
4.454400328623758e-01
4.374398987345530e-01
4.267311295235765e-01
4.393630533591369e-01
4.275224212957350e-01
4.247836779546190e-01
4.379580182741792e-01
4.335107038460379e-01
4.255732868339080e-01
4.353724645048273e-01
4.299394317589638e-01
4.327863136907927e-01
4.433036459017378e-01
4.434217580218698e-01
4.453786364409361e-01
4.418590030812181e-01
4.455905412922653e-01
4.263879381123046e-01
4.351325847301481e-01
4.286297248326952e-01
4.332273892796671e-01
4.344659353886827e-01
4.232995480723919e-01
4.340646618750145e-01
4.338017024174625e-01
4.227307987249739e-01
4.301772403763963e-01
4.439501940139876e-01
4.405645771754156e-01
4.438706241194670e-01
4.533622844443385e-01
4.359575548583358e-01
4.482524944907325e-01
4.613098992339664e-01
4.336778145340000e-01
4.421863064653015e-01
4.255999664328480e-01
4.302995101494748e-01
4.246225004517776e-01
4.324689681118035e-01
4.259097468494122e-01
4.334034160144416e-01
4.294229050669662e-01
4.306938533622532e-01
4.251651992219568e-01
4.453719032901833e-01
4.504784162233723e-01
4.251640744185468e-01
4.447930267140023e-01
4.362453792852627e-01
4.318526294365544e-01
4.237581033382560e-01
4.329119400009346e-01
4.348915153338113e-01
4.309125239300843e-01
4.248022174165129e-01
4.316552594004148e-01
4.266074555186205e-01
4.334755559334006e-01
4.270156704732277e-01
4.304260090745883e-01
4.851319142709130e-01
4.351823668195332e-01
4.370281602042014e-01
4.676063948287942e-01
4.711297908309365e-01
4.877168567911018e-01
4.434044085120750e-01
4.417428423151559e-01
4.693698531676065e-01
4.640890487488696e-01
6.251195943890741e-01
6.055945325522391e-01
4.722399428033389e-01
4.965496406715372e-01
6.633305584647305e-01
4.560163229243970e-01
6.153409392463122e-01
4.839903589926820e-01
4.563999315728534e-01
4.885838329884283e-01
4.559169122769040e-01
5.043551593918852e-01
4.715263993580070e-01
4.997143669772985e-01
4.648446204008333e-01
4.754056328361687e-01
4.237559081524445e-01
4.380340140290568e-01
5.111640060528092e-01
6.253077324298153e-01
4.965072154876288e-01
6.339645206623101e-01
1.352915386585163e+00
4.540892603875563e-01
5.826193486384162e-01
4.526438334661988e-01
4.772139761362260e-01
6.025625783282584e-01
4.629601860575103e-01
5.927146821188480e-01
4.598544327361920e-01
4.619261194822224e-01
5.984366104970237e-01
5.831359590476939e-01
4.620301995784540e-01
4.618828855822329e-01
4.766005447343552e-01
5.991030896924373e-01
6.106306284805981e-01
4.677288962983068e-01
4.776641457496753e-01
4.686939785708172e-01
4.539414559588066e-01
4.982596879981531e-01
6.411159134925744e-01
6.169191740130384e-01
4.984743619573671e-01
1.353317460339481e+00
6.312804512634624e-01
6.179836912381415e-01
5.017444433962400e-01
4.909573517560452e-01
4.706517995096094e-01
4.878652146376420e-01
1.340712708495771e+00
1.154879836107791e+00
1.147316538008761e+00
1.302384073079005e+00
-2.348591271958548e-01
4.255640728054896e-01
4.810117588538578e-01
4.765402861050734e-01
4.509840529139078e-01
4.331478438934999e-01
5.733045435974907e-01
4.470223621890588e-01
4.521580722432560e-01
5.924030891601105e-01
4.665189579814191e-01
1.260501980367293e+00
4.902259139691353e-01
1.146333829358144e+00
1.324515105851184e+00
1.285903536970041e+00
1.129318757507083e+00
4.590001611023327e-01
4.497438930503227e-01
1.242834449858256e+00
1.244043603581091e+00
1.115497849881761e+00
1.128923348280314e+00
-2.312381931737400e-01
6.911005458244406e-01
6.411897894144023e-01
4.977444117230609e-01
5.025932299829504e-01
1.368038674612863e+00
4.573916373587921e-01
7.405744269854875e-01
6.358905164361862e-01
6.481440584917403e-01
5.297589337494782e-01
4.769692267079303e-01
6.224935066676909e-02
6.204409507785666e-02
-1.501159882549950e-02
-1.564909561893684e-02
7.622028794098751e-03
-1.541855569678817e-02
7.544519772368910e-03
7.584974201143589e-03
6.659594425445964e-01
4.700231209341872e-01
4.943901336571471e-01
5.069519523926109e-01
6.513929022739990e-01
4.504087890709992e-01
4.983563820685530e-01
4.440186125047199e-01
4.533878921947512e-01
4.612575515945153e-01
4.602312825249354e-01
6.166425336602713e-01
6.133181193740692e-01
4.674984750696950e-01
1.271182570609872e+00
4.998767747978720e-01
4.883463208134855e-01
4.918928870364375e-01
4.719061955144366e-01
6.227896947874900e-01
6.103562885778735e-01
4.514995541145058e-01
5.914689570004896e-01
5.989173307425646e-01
4.542010474922047e-01
1.355178228354509e+00
1.379104880883889e+00
1.161308278964216e+00
5.040074856549758e-01
4.863653815059830e-01
1.116200987835463e+00
1.238264159878233e+00
1.246424027542308e+00
1.115519482941924e+00
1.245409981631128e+00
1.318674585069946e+00
1.146543181146577e+00
1.333291783744760e+00
4.948229692107217e-01
4.692532999557009e-01
1.125291754365815e+00
1.272521406476214e+00
1.130141868952877e+00
-2.342282474378908e-01
1.138276342019214e+00
1.284407396305394e+00
1.265944161847985e+00
1.121061916187368e+00
4.611363095596557e-01
1.116452341549781e+00
1.235294027990660e+00
1.117305111456590e+00
1.250609783406735e+00
1.114406571077028e+00
-2.274080789079624e-01
1.137817076824788e+00
1.293579901448780e+00
1.133120498016259e+00
-2.285300572187295e-01
-2.270623668462778e-01
1.361572728368051e+00
1.134883909249913e+00
4.713097347263500e-01
1.346040300839872e+00
1.378861113961560e+00
1.136449444512684e+00
1.159035043113153e+00
1.331349155059519e+00
1.145679874755431e+00
1.309201032618648e+00
1.159955844284371e+00
1.135763691432959e+00
1.274401054928834e+00
1.375900882725178e+00
4.923115989109760e-01
4.854620431414928e-01
1.383298836662106e+00
1.119873851373218e+00
1.234645992491327e+00
1.118649236200755e+00
-2.251170960021665e-01
-2.254713637699139e-01
1.162780251569411e+00
1.164199679012419e+00
-2.368207044846943e-01
-2.362532932901259e-01
-2.418856080400786e-01
1.134517870969133e+00
1.120661821936832e+00
1.127509095034668e+00
1.128160818861976e+00
-2.266104816275584e-01
-2.280135541602916e-01
1.151390874999396e+00
1.139614564858296e+00
1.137918522468656e+00
-2.324604639030285e-01
-2.354372795300728e-01
6.263915894496863e-02
1.271819981652487e+00
1.129148203000356e+00
4.585498295003615e-01
4.567292224941042e-01
1.301002594309204e+00
1.347190943166062e+00
1.381143105413351e+00
1.159459683393519e+00
1.380428486335593e+00
5.118919063443531e-01
5.095509701001293e-01
1.374147856636204e+00
1.160347674063186e+00
1.363847070665197e+00
1.284622736586546e+00
4.777809338973317e-01
1.321673165334225e+00
1.140714038077464e+00
1.174343495245621e+00
1.383041027463271e+00
5.024322417942968e-01
6.454778186888837e-01
4.960612066385617e-01
6.437660457323067e-01
4.845963973236711e-01
1.237508751724904e+00
1.249234727909864e+00
1.261260347231775e+00
1.119379112922924e+00
1.121079137316573e+00
1.120377474956821e+00
-2.287653167176568e-01
-2.236507841596687e-01
4.857613418986158e-01
1.346414776226494e+00
4.844630527178562e-01
1.365800473202915e+00
5.063849267929625e-01
1.371716267247119e+00
6.383064667992792e-01
5.070095133612780e-01
5.743922188615523e-01
4.543249394110438e-01
5.883168058330656e-01
4.713617704275521e-01
1.269042700345493e+00
1.132669196620611e+00
1.121965466146854e+00
4.716622465349775e-01
1.298297141927633e+00
6.401385326565210e-01
4.911677624721066e-01
1.334980663579086e+00
1.133289299019523e+00
1.322023812751641e+00
4.764111044517054e-01
4.878414825357208e-01
6.334926355733971e-01
7.057407197983726e-01
1.347511169867952e+00
4.874178171273058e-01
4.607855367412251e-01
6.482758950962388e-01
6.178609647736444e-01
1.302624104909518e+00
1.277654643385259e+00
6.165303730423349e-01
4.516105989031999e-01
4.523883408276017e-01
1.244551430388269e+00
1.259593791978142e+00
1.123511958948484e+00
1.128036188648436e+00
1.292207304888564e+00
1.258441334721769e+00
4.544526702745338e-01
4.579417572894378e-01
5.908166213587650e-01
1.131808278706326e+00
-2.315963522099421e-01
6.199673031102587e-02
6.209306632239155e-02
-1.537197399447205e-02
-1.512269763809426e-02
7.589554721935126e-03
7.524414848411949e-03
-2.372218582669648e-01
-2.386830564516285e-01
6.345473903051049e-02
1.160901897565653e+00
1.389400847586255e+00
1.171897820313214e+00
6.458711809153220e-02
-2.376351065570462e-01
-2.344990566598378e-01
6.279314231386672e-02
6.337708392639679e-02
-2.354227368030634e-01
1.146141755517348e+00
-2.363504788522772e-01
-2.322312653851800e-01
1.156468636678025e+00
1.149035412171113e+00
1.158827481499300e+00
-2.389053509677027e-01
6.135880837744916e-02
-2.229141795389433e-01
6.120546446392647e-02
-1.477742420960152e-02
-1.537265529724762e-02
7.474691300418004e-03
6.297913840620316e-02
-2.255320555441299e-01
-2.332912284918045e-01
6.348594824108304e-02
-2.362538437679557e-01
1.151508036673547e+00
6.272110465885687e-02
-2.271912762091502e-01
6.205625383093255e-02
-1.508489439869968e-02
7.506021427437726e-03
7.667570142804679e-03
6.333216873280247e-02
-2.296459898988281e-01
6.311240282014817e-02
6.352666112514992e-02
-2.277439005045070e-01
-2.335128735856978e-01
6.475705128365954e-02
-2.382825130016707e-01
6.425438761726408e-02
-2.334859915592024e-01
-1.567682929337133e-02
-1.571407413871650e-02
7.785211524062553e-03
-2.402549722648989e-01
6.426694137267326e-02
6.413345006022381e-02
-1.607870399731376e-02
7.827777358777793e-03
7.931469620447835e-03
6.441939301534134e-02
-1.530844277227623e-02
7.669478687427705e-03
-1.563743120438179e-02
-1.603005606440587e-02
7.860804919491510e-03
7.819960967432248e-03
6.521169101630576e-02
-2.304684751995236e-01
6.284553218959706e-02
6.181088480056868e-02
-2.305697585721018e-01
-2.350991576827736e-01
6.332700120028406e-02
-2.280709277596554e-01
6.220122238699834e-02
-2.287087806958652e-01
-2.347180032170362e-01
6.272626787992597e-02
6.218523726553026e-02
6.095429170930748e-02
-1.529877472447173e-02
7.554503476511888e-03
-1.495178634331547e-02
7.513933833517253e-03
6.355177017779001e-02
-2.301169375971600e-01
1.132460747306099e+00
1.135515869551866e+00
-2.300538038211311e-01
-2.271457799341345e-01
1.123482092304715e+00
6.134714297020998e-02
-2.266060643918410e-01
1.162279199122463e+00
-2.408312669308900e-01
-2.339737119528764e-01
1.158049759614556e+00
1.376853025761433e+00
-2.312485108256730e-01
-2.336835221051631e-01
-2.266254526656064e-01
1.136171398833221e+00
1.131539424035309e+00
-2.307788868215131e-01
-2.297947559037906e-01
-1.557292984064063e-02
7.872521424892500e-03
1.148574567123821e+00
1.135620098148306e+00
-2.349031839430216e-01
1.157744852955538e+00
1.374599584245064e+00
-2.322435975108586e-01
-2.276085381903782e-01
6.160775286484130e-02
6.150494869235137e-02
-1.519222074530287e-02
-1.536266612029452e-02
7.621182854494482e-03
-1.498968174483716e-02
7.573058826174886e-03
-2.296307965257045e-01
6.215805858613475e-02
-1.557310045081374e-02
-1.492932691102081e-02
7.582865838916729e-03
-2.351628910786959e-01
-2.401369436221079e-01
1.164868432586127e+00
1.152991839986893e+00
-2.330770187810013e-01
6.501752686587026e-02
6.405433441878236e-02
-2.352040957494904e-01
1.165122937708738e+00
1.317393979710016e+00
1.145740553438556e+00
-2.274198812768732e-01
1.167884099665133e+00
1.148741577811747e+00
1.380597340763771e+00
1.368507271460784e+00
-2.377479468895171e-01
1.155856998923912e+00
-2.363441546466794e-01
1.175038266493780e+00
1.357834279158728e+00
1.320777699469609e+00
-2.269973433537122e-01
4.559448725036159e-01
6.451415998220305e-01
4.622964543639399e-01
4.915546318482261e-01
-2.273415921467938e-01
-2.291571731271379e-01
1.113832412131927e+00
-2.318557527555308e-01
6.160580180873985e-02
-2.264124890505324e-01
-2.257471875223947e-01
6.158727497472990e-02
-1.563730843283582e-02
-1.572476611333714e-02
7.783044658634213e-03
6.269073042259714e-02
6.465097638676182e-02
-1.568376359532901e-02
7.836410811792758e-03
-1.568468729306307e-02
7.633716575305817e-03
-1.512829078874057e-02
7.681775852394625e-03
7.624022477762662e-03
6.228942546695467e-02
6.229388219844794e-02
6.349730817490319e-02
-1.527858481679732e-02
7.831231022201762e-03
6.304170448140314e-02
6.407371259823882e-02
-1.554746693340514e-02
7.653337753720627e-03
-1.555498856563784e-02
-1.570886030087070e-02
7.780368812969159e-03
-1.514663863643418e-02
7.698332470230049e-03
7.563069582373710e-03
-1.549827097418452e-02
7.556347674602328e-03
6.238361232598888e-02
-1.513145518419470e-02
7.606839689543455e-03
7.647429694308478e-03
-1.579774047573007e-02
7.879787741456038e-03
6.333016372164028e-02
6.300749614384483e-02
-1.538082317150900e-02
7.770528141000393e-03
-1.553247668876655e-02
7.874567296833017e-03
-1.530228050425488e-02
7.758886697754702e-03
6.425420562853101e-02
6.336302715314955e-02
-1.593992968355905e-02
-1.515672338708142e-02
7.677512812003903e-03
7.674545028525406e-03
6.285565695449276e-02
6.419998382328022e-02
-1.576403553715200e-02
7.884506249234329e-03
-1.567353087571128e-02
7.929453114961130e-03
7.874863778987724e-03
6.397520318952341e-02
6.497185871543595e-02
-1.616174077157868e-02
-1.596589109358248e-02
-1.530034005669758e-02
7.561225235931589e-03
-1.522140306804678e-02
-1.575458521789344e-02
7.712038045807799e-03
7.862335038924497e-03
-1.544163976265551e-02
-1.537245919390775e-02
7.665657113402130e-03
6.111027843679848e-02
6.324903606993880e-02
7.686613903700181e-03
7.739686053498557e-03
-1.518227195901073e-02
7.676894870372992e-03
-2.276235963276907e-01
6.240518460033291e-02
6.227533075876129e-02
1.127303731219873e+00
-1.540310046548238e-02
7.611311538173015e-03
-1.552797401772189e-02
7.576218549878103e-03
6.187349592770915e-02
-1.504528264938347e-02
4.758676079902351e-01
4.791276468074442e-01
4.915493158462942e-01
4.617776725997120e-01
4.755794903406926e-01
-1.604371749760430e-02
-1.600084840740783e-02
8.043668593441165e-03
7.862753399102954e-03
-1.571122955120073e-02
7.816165188819750e-03
-1.541173716992753e-02
6.191720409208326e-02
-2.293294315250256e-01
-1.492391807252933e-02
7.500241618787556e-03
6.164081980995782e-02
-1.500727694064540e-02
6.151995670834098e-02
7.538941795683473e-03
7.582536658520270e-03
-1.533795751921332e-02
-1.580620243527238e-02
-1.569899925243225e-02
-1.582783032841652e-02
7.837658801882787e-03
7.663832336741094e-03
7.879480976264583e-03
-1.575239791903182e-02
6.319183398511620e-02
-1.555749671441110e-02
-1.510428898761582e-02
7.608098257807308e-03
7.819323324708655e-03
7.613404717752831e-03
-1.490580541122160e-02
-1.548881991597008e-02
6.218682545745881e-02
6.242973792419198e-02
-2.262764451518280e-01
7.574049784484386e-03
7.571761401700601e-03
6.188045789575932e-02
-1.532200666452730e-02
-1.484827404012643e-02
6.193287869502258e-02
7.510379074535604e-03
7.508283180203037e-03
7.548595028229855e-03
-1.495471509179403e-02
-1.544236879005426e-02
6.223372419374618e-02
-2.307591232200327e-01
6.171753845546737e-02
7.568986156641639e-03
7.689814896379874e-03
5.709521645326164e-01
4.809806203331138e-01
4.411997084996475e-01
4.385040495519222e-01
4.578997745979200e-01
4.251551434410471e-01
4.806374694989482e-01
4.343274934375845e-01
6.733486130433151e-01
5.894645588963870e-01
4.774303279392413e-01
1.348965097057497e+00
1.166938015303238e+00
1.136200584911682e+00
6.197757771847415e-02
-2.259757566008021e-01
-2.336141274728357e-01
-2.308471857379929e-01
6.283998184501936e-02
-1.552289207422894e-02
6.351346584930094e-02
-2.363609196603595e-01
7.644519279590538e-03
-1.557632525004592e-02
7.789396239127610e-03
6.248526554084787e-02
-1.569596100990787e-02
6.382251398384088e-02
7.732774923679327e-03
7.680398574895943e-03
-1.585736911352824e-02
6.336007816385378e-02
7.831718789070949e-03
7.911706584429726e-03
-1.571135921375817e-02
-1.593956986039402e-02
6.356807640333383e-02
-1.540863235419109e-02
6.375577199608058e-02
7.767433913642060e-03
7.771611635099924e-03
7.898563226926485e-03

PA  1  1102  double
-7.454899935994254e-02
-7.526759633089186e-02
-7.836457379515824e-02
-8.006077330737874e-02
-7.914791630961990e-02
-7.172455572395377e-02
-7.693410529224343e-02
-5.934907516130956e-02
-5.762297657163735e-02
-5.141054535049687e-02
-7.567697275577037e-02
-4.592548988435961e-02
-7.483892643061424e-02
-6.644725440557435e-02
-5.731516619830689e-02
-5.539911568996565e-02
-6.640643545460680e-02
-8.640564931467752e-02
-6.836895671953085e-02
-5.522151583687639e-02
-7.067294306049059e-02
-6.715467207537013e-02
-6.970885605367065e-02
-6.640758543073257e-02
-6.922935025598062e-02
-7.065356755654149e-02
-7.255581321513788e-02
-6.688894330272911e-02
-6.849457648817071e-02
-6.754134174339063e-02
-6.867761658530061e-02
-5.319427499993832e-02
-5.652270275633715e-02
-5.094204016157067e-02
-6.918722755222405e-02
-6.987132836325960e-02
-5.708950608088419e-02
-6.627934757507198e-02
-6.244597641150906e-02
-4.637053500955102e-02
-3.134916580862323e-02
-6.588358496294665e-02
-5.862924598093597e-02
-6.110458105879790e-02
-5.961313864213576e-02
-4.734849380930729e-02
-6.741067234874189e-02
-6.725645759944796e-02
-2.729843922756220e-02
-6.279143134749467e-02
-6.890404517629510e-02
-6.789670228140308e-02
-6.757310377148919e-02
-7.286863198746120e-02
-7.296945070631763e-02
-6.723267175266762e-02
-7.350482084340225e-02
-7.673439960489742e-02
-7.330064744189679e-02
-7.531347354469894e-02
-7.458262581801045e-02
-7.079703932183436e-02
-7.230318280375626e-02
-7.378117325779862e-02
-7.688603474450896e-02
-7.604313893276624e-02
-7.853422803664238e-02
-8.009495401542065e-02
-7.973471005224538e-02
-7.777502517388044e-02
-8.629941303510137e-02
-8.796060548868294e-02
-8.724658034328732e-02
-8.633073515345384e-02
-8.725091964542041e-02
-8.622534048575731e-02
-6.917423801436552e-02
-7.413529153632155e-02
-6.735770907697397e-02
-7.500827810638286e-02
-7.509594128352656e-02
-7.042150087484786e-02
-7.363604602647204e-02
-7.225523375084242e-02
-7.829091554664695e-02
-8.009011104399014e-02
-8.418317312945697e-02
-8.601171638671123e-02
-7.960923494068396e-02
-7.571758856519649e-02
-7.887962442666110e-02
-7.409715116701718e-02
-7.522200086348180e-02
-7.674012184768553e-02
-6.653081550070132e-02
-6.894849628342221e-02
-6.430601232291215e-02
-6.894475345272962e-02
-7.393631819330888e-02
-7.382459258344914e-02
-6.225925642736588e-02
-7.313638465175279e-02
-7.824768637044727e-02
-7.533012954525586e-02
-7.840476533184050e-02
-7.618716733287365e-02
-8.775160447753048e-02
-8.806909420885432e-02
-8.767439809679205e-02
-8.666094949945410e-02
-8.690133889410097e-02
-8.797556015650362e-02
-8.610854981515742e-02
-8.686307644523546e-02
-7.382401128478111e-02
-6.765095890057310e-02
-7.184968493949155e-02
-7.469313173236425e-02
-7.454397927525344e-02
-6.220525665006487e-02
-8.623645132384987e-02
-8.670639273730442e-02
-8.798424950108621e-02
-8.608542677241532e-02
-8.590671457736189e-02
-8.438299113972397e-02
-8.617155577476951e-02
-8.628119855337912e-02
-8.561100817613287e-02
-8.393102035964473e-02
-8.433530710830393e-02
-8.428329881701146e-02
-8.579763374944292e-02
-8.624553473845462e-02
-8.526029449890857e-02
-8.248344419283871e-02
-8.267736386277139e-02
-8.344235757741647e-02
-8.348908937444093e-02
-8.456638588118526e-02
-8.403898353000433e-02
-8.361480631297874e-02
-8.308861169170101e-02
-8.250601834476691e-02
-8.017951026891379e-02
-8.357098960017645e-02
-8.540235620418810e-02
-8.319760066775629e-02
-6.910360181956646e-02
-7.415296237610078e-02
-7.220146951743706e-02
-7.330452137538790e-02
-7.363593671669193e-02
-7.379735395366863e-02
-7.337925672784827e-02
-7.582275092130196e-02
-7.363062516694875e-02
-7.387377954388837e-02
-7.676584791021859e-02
-7.396241034958820e-02
-7.158015088911024e-02
-6.970996291239290e-02
-6.998650601108025e-02
-6.596383970404675e-02
-7.828116736071823e-02
-7.578676510664299e-02
-8.155132905733191e-02
-8.052787786208673e-02
-7.802071278612992e-02
-7.312469805500106e-02
-8.186404797737368e-02
-6.999075860636601e-02
-6.513048739548249e-02
-6.641941709637461e-02
-7.916920162930408e-02
-7.894876375518857e-02
-7.748779226949194e-02
-7.770700511661401e-02
-8.216584828382792e-02
-7.392484918406804e-02
-7.378790012144469e-02
-7.727174384070686e-02
-6.613811756150227e-02
-7.035942705853494e-02
-6.735592743241550e-02
-5.962013714721727e-02
-5.687916195128756e-02
-7.367790333409675e-02
-7.126357670898627e-02
-7.919183115294058e-02
-7.865030425853657e-02
-8.019526795392029e-02
-7.840041916011455e-02
-8.160196185248458e-02
-8.191277457144185e-02
-7.949693145508879e-02
-7.941025170802114e-02
-8.153758004845225e-02
-8.126292674722375e-02
-6.352857513439032e-02
-6.038972406816417e-02
-6.573730999914425e-02
-5.389458318051579e-02
-6.909656858377589e-02
-7.336065343098168e-02
-7.428868789022239e-02
-7.713389774407992e-02
-7.812922710933611e-02
-7.496074582417823e-02
-6.821714202227516e-02
-7.174914259931543e-02
-6.577630416083734e-02
-7.124380850529785e-02
-4.213417555210020e-02
-7.610033440163311e-02
-6.898298463127946e-02
-5.743924546455705e-02
-5.609370062977509e-02
-5.544939855936079e-02
-7.127066037063609e-02
-6.562227304934196e-02
-6.941178637843029e-02
-5.603777647001935e-02
-5.641703104825323e-02
-5.638378779246232e-02
-6.778302201665373e-02
-6.505829136323124e-02
-7.075561281990976e-02
-5.933420257769922e-02
-6.768224077708000e-02
-6.092121689846182e-02
-6.206867329404052e-02
-6.965215213528061e-02
-6.943871358852795e-02
-6.628642317151266e-02
-6.142094136324888e-02
-5.498267416318608e-02
-5.468214817481856e-02
-6.857231511594000e-02
-6.782614648940360e-02
-6.735057087313692e-02
-4.169605046533673e-02
-6.558958959253935e-02
-8.275203076086583e-02
-8.337056749692297e-02
-8.508825723831016e-02
-8.600264955459022e-02
-8.623490805192419e-02
-8.547067188910630e-02
-8.214542855355123e-02
-8.291930896163424e-02
-8.351002133552021e-02
-8.447303241692465e-02
-8.518091248037345e-02
-8.095524384070893e-02
-7.950925867769686e-02
-5.284453538135694e-02
-6.624553160478568e-02
-4.836980960670411e-02
-6.706610744569518e-02
-2.314076633042155e-02
-7.991979937792348e-02
-6.605764547784501e-02
-3.487369910838310e-02
-7.006084013661461e-02
-5.859158736142125e-02
-5.624017710519220e-02
-5.714936861564344e-02
-8.805519006452202e-02
-8.825741444055030e-02
-8.821862967623070e-02
-8.801235152451099e-02
-6.778419273197568e-02
-7.184751640085636e-02
-7.085537194814176e-02
-5.643914534445246e-02
-6.562365084449154e-02
-7.005728739443984e-02
-6.884219962795561e-02
-6.918008144355024e-02
-6.953290010038626e-02
-6.877069810397077e-02
-7.724285678195357e-02
-7.852768505302606e-02
-7.964394022261914e-02
-7.997168556209164e-02
-7.377419681735024e-02
-7.299482271284791e-02
-7.095905471398684e-02
-7.152747079565980e-02
-6.978360691075254e-02
-6.796008146296517e-02
-8.306972778324727e-02
-8.010643505285363e-02
-7.915937722256507e-02
-7.919954255412760e-02
-7.825299780543001e-02
-8.015673264145695e-02
-8.246037180710658e-02
-7.905640810130030e-02
-8.227025903120322e-02
-8.335943319770181e-02
-8.419965679244856e-02
-8.322153185122878e-02
-8.273633548056074e-02
-8.406733532117329e-02
-7.750404775889029e-02
-7.445918883172911e-02
-7.063189639949756e-02
-6.974668972812433e-02
-7.747898912621096e-02
-6.683441819349818e-02
-8.785412119022505e-02
-8.716500065738905e-02
-8.788700314813745e-02
-8.710306522260375e-02
-8.628174796756886e-02
-8.347922453195569e-02
-8.244058734373799e-02
-8.315355178536818e-02
-8.445195652549629e-02
-8.601605619421414e-02
-8.390775282193574e-02
-8.553083784091096e-02
-8.620837186486463e-02
-8.278167451927390e-02
-8.217798356625214e-02
-8.253674317599506e-02
-8.276146944008299e-02
-7.994614919646821e-02
-8.087162058919675e-02
-8.237872148249181e-02
-7.814542570252493e-02
-7.894897114099989e-02
-7.802759960759888e-02
-7.697323903656783e-02
-7.412746482506601e-02
-7.772157501732255e-02
-7.264996336086886e-02
-7.316594751580438e-02
-7.509784559704540e-02
-7.427758607135408e-02
-7.416234226663251e-02
-7.509750910068354e-02
-6.974321911211687e-02
-6.898541929977459e-02
-6.794056710960242e-02
-8.183914200129042e-02
-7.930085538102222e-02
-8.281316172515223e-02
-8.252421444920162e-02
-7.912384302298035e-02
-8.147657500768742e-02
-7.836215905442288e-02
-8.006403786711729e-02
-7.754530741178334e-02
-7.859750446332381e-02
-6.863721028240911e-02
-6.550860459039567e-02
-6.943222258768426e-02
-6.588754721893524e-02
-6.709897829146241e-02
-6.503525902312873e-02
-7.325373440879027e-02
-7.027215382006326e-02
-7.516106910476415e-02
-7.417257765083539e-02
-7.452799267004828e-02
-6.912116820661447e-02
-8.322539170907994e-02
-8.405030875890714e-02
-8.296379180373235e-02
-8.015313489860580e-02
-7.391247263824442e-02
-7.341036666919638e-02
-7.326805924201855e-02
-7.393046789937641e-02
-6.856357310186569e-02
-6.842201333675478e-02
-8.485736108609281e-02
-8.490352512925450e-02
-8.356091158089318e-02
-8.375564639248438e-02
-6.693374544519204e-02
-4.578229161060189e-02
-6.803749932984317e-02
-6.816952472610556e-02
-3.874795110830336e-02
-2.040364299673376e-02
-4.441201686851735e-02
-7.416362410039794e-02
-6.723801941556268e-02
-7.296652586969180e-02
-7.371403631851750e-02
-6.882748657754310e-02
-7.376056482238597e-02
-7.402698836126116e-02
-7.061012244584766e-02
-6.651011483408927e-02
-5.936447960792475e-02
-6.709956057559587e-02
-7.334057928490882e-02
-7.488162461640728e-02
-7.534143155356472e-02
-7.353923226784544e-02
-7.368776318231321e-02
-6.798532233915351e-02
-7.108402859584478e-02
-7.494435999728404e-02
-7.514183340131581e-02
-7.386693270739467e-02
-7.870055833691712e-02
-7.839858798404395e-02
-8.247004559142469e-02
-8.009433821331996e-02
-7.885497763047870e-02
-8.663823132628927e-02
-8.676735735818721e-02
-8.743184057301225e-02
-8.631171984394782e-02
-8.757507389678225e-02
-7.833275721544292e-02
-8.208901546360252e-02
-7.969290414940874e-02
-7.619726742775620e-02
-7.821026846546746e-02
-7.403116490899837e-02
-7.491284290200483e-02
-7.773932888011843e-02
-7.315245127460057e-02
-6.970059636403332e-02
-7.115998371998561e-02
-7.261200861867734e-02
-7.143412088254820e-02
-7.262727361895040e-02
-6.853826242527533e-02
-7.753604329839188e-02
-6.846437850261262e-02
-7.005842122084759e-02
-7.351818685906755e-02
-7.450827679944270e-02
-6.885225339770609e-02
-7.500571179660577e-02
-7.919207154332988e-02
-7.533073870828325e-02
-7.912999314231033e-02
-8.016932083575798e-02
-8.038030554737625e-02
-7.469695437019237e-02
-7.370672913975984e-02
-7.137284858550062e-02
-7.326476880911492e-02
-7.350118116324422e-02
-6.839877321954872e-02
-6.592833134172783e-02
-7.451772657414490e-02
-7.841860620934563e-02
-7.762372724231377e-02
-7.556603160961305e-02
-7.816872668401073e-02
-7.892175183548104e-02
-7.534136829593691e-02
-7.870416341072857e-02
-7.452364263067481e-02
-7.994798701266695e-02
-6.778337736998188e-02
-6.881746259214616e-02
-6.984040613446180e-02
-6.411757256361054e-02
-6.455228108422538e-02
-6.487100960977488e-02
-7.388984149844134e-02
-5.973401991650552e-02
-6.548511646304486e-02
-6.635396440689613e-02
-5.354146393099639e-02
-5.089807943157764e-02
-6.630150473431655e-02
-5.644787468386906e-02
-3.308580572961422e-02
-6.542944166442448e-02
-4.264505866599682e-02
-6.623652717465908e-02
-6.753041889214674e-02
-6.704238187616711e-02
-6.009999640279055e-02
-6.236522298333506e-02
-6.241210426980200e-02
-6.202324646521534e-02
-6.551422267182895e-02
-6.502093651493815e-02
-6.815586531805151e-02
-6.865332724024080e-02
-6.868918647909970e-02
-5.722897482480436e-02
-6.605815587796053e-02
-5.520515562622006e-02
-5.558397492666495e-02
-4.945292482060303e-02
-6.418500950339223e-02
-6.524676574448528e-02
-6.242153962893913e-02
-6.276704647577053e-02
-7.611961663679770e-02
-4.544858360876991e-02
-6.851882573653202e-02
-7.061801708635009e-02
-5.142296200267748e-02
-5.926799588006072e-02
-7.021139370471538e-02
-6.959676237272605e-02
-6.891571931156427e-02
-4.850140602823649e-02
-5.443324488716171e-02
-6.351931611963857e-02
-6.396119879623462e-02
-5.480917932830781e-02
-3.861477006087016e-02
-6.979295616949653e-02
-5.713237626979439e-02
-5.785674062395033e-02
-6.919574145125043e-02
-5.590988218017031e-02
-5.727888723891297e-02
-5.675399945885244e-02
-7.042784749686920e-02
-7.041489228667518e-02
-6.701178436709775e-02
-7.031981742783316e-02
-5.602572728661485e-02
-9.376132534718314e-03
-9.614209984327970e-03
-5.670798637894347e-02
6.109533477511604e-03
-7.526003404357400e-02
-5.965080529687330e-02
-8.410735932958525e-02
-7.217388491229271e-02
-7.005702170603031e-02
-6.045806687203521e-02
-6.771662330591049e-02
-7.348154187072616e-02
-5.148615255425775e-02
-6.797734561701559e-02
-5.690386345531487e-02
-6.899128584558195e-02
-9.345382541488463e-03
-5.600328586562768e-02
-5.713828738977188e-02
-9.169393483970995e-03
-6.789641559247583e-02
-6.983611100804503e-02
-5.765954975091178e-02
-5.690009608653777e-02
-8.718705949273863e-03
-9.704777443082020e-03
6.014962999472872e-03
-3.279935152926351e-02
-4.692958403436259e-02
-6.512433669328296e-02
-6.904928359295545e-02
-5.641964582008242e-02
-6.739447252669176e-02
-3.215106244593619e-02
-4.096929067916605e-02
-5.240830940284655e-02
-6.374637732069963e-02
-4.559360713414047e-02
6.276586458682758e-04
5.950476204582225e-04
1.124301895126392e-03
1.116286887692687e-03
5.423465087357424e-04
1.114811531296995e-03
5.361295205715471e-04
5.448057879515928e-04
-3.251309113466311e-02
-5.343719659654935e-02
-6.173223572382933e-02
-6.926817871786234e-02
-4.442580368903566e-02
-4.027218261857298e-02
-5.896265832356690e-02
-7.661459357150717e-02
-6.360074270186235e-02
-4.097458654484498e-02
-6.559812449492375e-02
-4.987064492090127e-02
-4.860151023441494e-02
-6.815769014068840e-02
-5.728758974619169e-02
-5.464878198722888e-02
-4.759507342522065e-02
-3.290964236729402e-02
-6.318945257979376e-02
-5.019586084307186e-02
-4.952898433894797e-02
-4.081633880958797e-02
-5.054181502511423e-02
-4.184984910148114e-02
-6.549129166988850e-02
-5.627515064627141e-02
-5.458980081494896e-02
-9.204124318025586e-03
-6.891007716108825e-02
-7.398353758119702e-02
-9.478447703755572e-03
-5.714329250344283e-02
-5.722694614983071e-02
-9.336633243257647e-03
-5.685645803363162e-02
-5.713820314906772e-02
-8.743224742492573e-03
-5.688422609911824e-02
-6.425982166675313e-02
-6.614881367446196e-02
-9.580609107210822e-03
-5.704357428873407e-02
-9.348408976500064e-03
6.166614265765046e-03
-9.358371631055696e-03
-5.757708081884401e-02
-5.697867907376739e-02
-8.562835887583338e-03
-7.036025398343665e-02
-9.068944825017774e-03
-5.809640162924438e-02
-9.683689659958541e-03
-5.706991571122492e-02
-8.995246100320415e-03
5.971566689571608e-03
-9.149321022011134e-03
-5.601907541588469e-02
-8.793026532878768e-03
5.867945894874317e-03
5.951483821631330e-03
-5.553595866073303e-02
-7.798094943968721e-03
-7.289155505479550e-02
-5.687546072966433e-02
-5.377088768526222e-02
-8.379744109364864e-03
-9.659034414015394e-03
-5.653518762216140e-02
-8.398958425140882e-03
-5.711285234374654e-02
-9.715309982254365e-03
-8.874174316738606e-03
-5.763933954975337e-02
-5.544303551037252e-02
-6.515479767590668e-02
-7.083865808516644e-02
-5.606261391940703e-02
-8.651599638776260e-03
-5.810119807758113e-02
-8.977679510089168e-03
5.829564418668633e-03
5.883562421001959e-03
-9.283392044605271e-03
-9.148878280689497e-03
5.988286505757065e-03
5.838890510581095e-03
6.013308946739527e-03
-9.835459390849781e-03
-8.828442763741376e-03
-8.637336993119265e-03
-9.699424300034681e-03
6.076072066263024e-03
5.895670718755331e-03
-7.875570478221329e-03
-8.445548938091865e-03
-9.831301643416942e-03
5.954836087721504e-03
5.759449126477090e-03
6.440569501193281e-04
-5.641146784566992e-02
-8.650475374896207e-03
-6.763171780428172e-02
-7.118634649335596e-02
-5.642226984234707e-02
-5.635851836930966e-02
-5.545782602737409e-02
-8.880471172029459e-03
-5.605018582971595e-02
-6.562546755022730e-02
-6.601428854394145e-02
-5.721330144653842e-02
-9.314589643643355e-03
-5.579550910019718e-02
-5.732821220729244e-02
-7.009480582094114e-02
-5.602932096028829e-02
-8.814356603513623e-03
-9.519577738635055e-03
-5.643249501322786e-02
-6.970386946026416e-02
-5.401460284339584e-02
-7.091128216371022e-02
-4.704824283568167e-02
-6.976596911845177e-02
-5.795501988647491e-02
-5.792980049763734e-02
-5.805132965983167e-02
-9.242821935932075e-03
-8.815069229636152e-03
-8.610271381419607e-03
6.024185707050092e-03
5.926526808173497e-03
-6.962017813777505e-02
-5.667710081931902e-02
-7.021199313965247e-02
-5.725016990618267e-02
-7.006290485188932e-02
-5.518350826543513e-02
-5.458787827833564e-02
-6.878022958730648e-02
-5.742007311986615e-02
-7.355801444385160e-02
-5.350695557384912e-02
-6.898396872016462e-02
-5.632804018691139e-02
-9.038289389435739e-03
-9.188851356596330e-03
-6.746772692341285e-02
-5.722105486230995e-02
-4.104074284143298e-02
-6.772760815431632e-02
-5.649874524250753e-02
-9.465055172456912e-03
-5.622558019300289e-02
-6.791660085708220e-02
-6.482760682047610e-02
-4.160410024808531e-02
-2.972128564577911e-02
-5.661839262988883e-02
-6.621733193013135e-02
-6.995025476011102e-02
-3.471309880868895e-02
-5.529087096484082e-02
-5.758602235419869e-02
-5.779611856160468e-02
-4.368077444412594e-02
-6.771752705221666e-02
-7.253170373130663e-02
-5.787486625723547e-02
-5.724901036970291e-02
-9.568183332002683e-03
-8.843041958931971e-03
-5.678546249835065e-02
-5.699871229697819e-02
-7.253105596978530e-02
-4.748929010948149e-02
-5.301541081710939e-02
-9.105479096371355e-03
6.066613812789987e-03
5.931549625044984e-04
6.081977891703670e-04
1.107969795716607e-03
1.115059707771923e-03
5.482596779280261e-04
5.481874137659758e-04
5.933102801414191e-03
6.063406699949459e-03
6.473492501757845e-04
-8.359478978971078e-03
-5.582485291511122e-02
-9.292995906139252e-03
6.257827115606582e-04
5.980500320045440e-03
6.079530239491703e-03
5.605663723340980e-04
5.936254974337325e-04
5.956727276506962e-03
-8.852342907290700e-03
5.990022921203732e-03
5.840534498035349e-03
-8.610856877675720e-03
-8.579510998767241e-03
-8.027867441624046e-03
5.940751924133294e-03
5.840850025447179e-04
6.080039438255845e-03
5.672086122507123e-04
1.102196103541542e-03
1.105159804000517e-03
5.275390082610359e-04
6.149720063950301e-04
6.006350776068403e-03
6.146787850904022e-03
5.884928349943219e-04
6.124265314568092e-03
-9.618909181551895e-03
5.672643997068371e-04
6.107866361065890e-03
5.692330401423815e-04
1.117841809294124e-03
5.523199566105083e-04
5.312452233719287e-04
6.192154075325627e-04
5.926372830325783e-03
6.494898745693654e-04
5.943780358393390e-04
5.949993774404812e-03
5.869306107897220e-03
5.870026175505591e-04
6.218087634181793e-03
6.087719461541483e-04
6.066105719930833e-03
1.104989706129412e-03
1.115735456449384e-03
5.638844063093048e-04
6.147419667431257e-03
5.926189430781795e-04
6.632932685394243e-04
1.112894093367918e-03
5.369052666392509e-04
5.385901975808410e-04
5.851719434085862e-04
1.119585594544252e-03
5.385544470188328e-04
1.122512393732494e-03
1.117934567610038e-03
5.243924523081857e-04
5.398481899124223e-04
6.250629936233702e-04
5.937365670732763e-03
6.696206880294921e-04
6.061816840535754e-04
5.929369063190235e-03
5.961013923719948e-03
6.128729554493558e-04
6.043519648305741e-03
6.003531313505227e-04
5.917497686273884e-03
6.252400363769042e-03
5.514153650082073e-04
5.518240095519848e-04
6.085853242460458e-04
1.088859544145980e-03
5.208949952206081e-04
1.096095430741745e-03
5.281673071936301e-04
6.653980530121601e-04
6.112615925767800e-03
-9.071742164251851e-03
-8.935012284224116e-03
6.000264030480028e-03
6.146801007709122e-03
-9.685668597143846e-03
5.809315024659048e-04
6.149410598987429e-03
-8.915572380903467e-03
6.090434953310279e-03
5.918718562736920e-03
-9.639528382876293e-03
-5.518200439130595e-02
6.077478435167176e-03
5.944338977006827e-03
5.658648209089994e-03
-9.252826823490573e-03
-8.771396827241698e-03
6.006408775056375e-03
6.019080319386656e-03
1.108840122514688e-03
4.985164541295061e-04
-9.185284254359900e-03
-8.285022468016955e-03
5.794724029961649e-03
-8.427011330036965e-03
-5.678747162392743e-02
5.924011369778821e-03
6.121235673897035e-03
5.531319411623573e-04
5.606993415615953e-04
1.113798046269183e-03
1.127030319764126e-03
4.983326192656210e-04
1.120058733505432e-03
5.233312519566266e-04
6.112261277031399e-03
6.116651207349137e-04
1.101716170577764e-03
1.116789395557451e-03
5.495000276696611e-04
5.951893872546798e-03
6.138588944796381e-03
-9.533113087799677e-03
-9.352034860318294e-03
5.981531999017302e-03
5.762707591897076e-04
5.797149536765452e-04
5.939107179880540e-03
-9.411755680954618e-03
-5.634826320715262e-02
-9.490046270636935e-03
6.073567690576092e-03
-9.335462587522752e-03
-8.857597612038925e-03
-5.725432713651879e-02
-5.614675363064928e-02
6.048990541106062e-03
-9.132157877773156e-03
5.993757187376025e-03
-8.934420135943743e-03
-5.669676084166977e-02
-5.759144264074414e-02
5.919104759261723e-03
-7.823293338822185e-02
-5.227742614034307e-02
-3.902975340755967e-02
-7.102458186070679e-02
5.981523172041522e-03
6.054247422744862e-03
-9.096427090973011e-03
5.979482413073980e-03
5.890969428048128e-04
6.072336439346779e-03
6.140840521642173e-03
5.913814503319918e-04
1.126737435370180e-03
1.121969545282086e-03
5.561148519330532e-04
5.858700585633073e-04
5.611040115684837e-04
1.126716264735003e-03
5.031330273394589e-04
1.098417663423869e-03
5.254470642478768e-04
1.089765829367607e-03
5.299934338683790e-04
5.381131559251766e-04
5.269040441053008e-04
6.177969058965316e-04
5.425262577358044e-04
1.084722523223874e-03
5.377208944974742e-04
6.368830929364426e-04
5.878908221755886e-04
1.072706234157816e-03
5.419351693612537e-04
1.092685463848456e-03
1.103667627337470e-03
5.402009674747153e-04
1.108703811072153e-03
5.417028575101187e-04
5.343812271922946e-04
1.109371272458458e-03
5.172912331245162e-04
5.943196507873174e-04
1.108065408707280e-03
5.496150378907469e-04
5.302423130834336e-04
1.098168401831948e-03
5.050858507046175e-04
6.230167752455567e-04
6.410054046347638e-04
1.091751777405321e-03
5.310396286792421e-04
1.109346134152820e-03
5.438435378477114e-04
1.115529161134788e-03
5.480427368470532e-04
6.333846776112765e-04
6.654127993914184e-04
1.120967940111810e-03
1.104783249446940e-03
5.630958760338699e-04
5.634242617076037e-04
6.989817479105173e-04
6.381834980149426e-04
1.118558626414318e-03
5.468459144809742e-04
1.105392508514507e-03
5.248100877541235e-04
5.300472152512223e-04
5.763221214217105e-04
5.695855891960007e-04
1.092930178351550e-03
1.107034353580258e-03
1.099541092136616e-03
5.747741344818883e-04
1.094091838094114e-03
1.104321555627879e-03
5.469300405240566e-04
5.196475530543087e-04
1.112046003355852e-03
1.081253496584229e-03
5.399173713942191e-04
6.065863992039193e-04
6.524075763111275e-04
5.267391907405504e-04
4.916594596811417e-04
1.096908202623573e-03
5.305639964675272e-04
5.845671691390787e-03
6.391377320183720e-04
6.288525814727367e-04
-8.682177851827925e-03
1.115405855143265e-03
5.245190652823487e-04
1.106996622155087e-03
5.170815730990317e-04
5.734645662934121e-04
1.109975944863536e-03
-6.126956880235870e-02
-5.603221610034874e-02
-6.640151857237830e-02
-4.333547317403029e-02
-5.921194143570348e-02
1.120224123505059e-03
1.117943084942391e-03
5.065925481229927e-04
5.378283338949404e-04
1.122342902154466e-03
5.551026749108088e-04
1.103726819286820e-03
5.800811573709933e-04
5.891123140200526e-03
1.086889326100266e-03
5.173738300482143e-04
5.538931279271014e-04
1.113012318925544e-03
6.238514784975823e-04
5.163673883923990e-04
5.285300731545780e-04
1.103424341120353e-03
1.099984782490782e-03
1.116832828832338e-03
1.097932346104707e-03
5.517856704875095e-04
5.253435431344171e-04
5.308352526189399e-04
1.117819641745847e-03
5.808077254100770e-04
1.119132705508010e-03
1.109732065282753e-03
5.498291533250851e-04
4.997997913387274e-04
5.301252084592129e-04
1.109099957608286e-03
1.114928431839037e-03
5.870465101765010e-04
5.654993081031372e-04
6.209023922984565e-03
5.442284327596887e-04
5.440020837847609e-04
5.686119198533962e-04
1.103836165279801e-03
1.090266897360727e-03
5.924680705998917e-04
5.293211878924911e-04
5.344062261611798e-04
5.371171325201005e-04
1.118898974213248e-03
1.122233996607390e-03
5.735124928965064e-04
6.032864400842068e-03
6.191759596891191e-04
5.378728136548813e-04
5.132731398680453e-04
-6.513073598190861e-02
-7.107416185803159e-02
-7.046072673250017e-02
-6.565401333821054e-02
-6.614995389047093e-02
-6.839518572347347e-02
-7.516535413271454e-02
-7.234078858269212e-02
-4.510945194498915e-02
-5.407378710599058e-02
-6.717548861664577e-02
-5.727713734702058e-02
-8.519117722579938e-03
-8.834129483269549e-03
7.026427775190641e-04
5.832181447136976e-03
5.819062539403225e-03
5.917276433960213e-03
6.089154257763639e-04
1.095777940395719e-03
5.516838541259983e-04
5.964757452312331e-03
5.514467234535403e-04
1.090854368422081e-03
5.071421806181283e-04
6.843038853186193e-04
1.108581635277962e-03
6.227120270549497e-04
5.521582339323776e-04
5.532671330514050e-04
1.120110517165237e-03
6.582151265800804e-04
5.490679776122070e-04
5.104268778007277e-04
1.104868720063406e-03
1.107982635601819e-03
6.127647836908202e-04
1.103239338975057e-03
6.335389536557233e-04
5.286917751571664e-04
5.347209890237357e-04
5.331181572267205e-04

PB  1  1102  double
-7.587604001161742e-02
-7.676538548219965e-02
-8.039678415463310e-02
-8.216296400825951e-02
-8.127082176245452e-02
-7.356208111337376e-02
-7.248534513366624e-02
-4.769370928605703e-02
-5.723773391158808e-02
-4.324918161321167e-02
-7.830386297374194e-02
-5.552953598426043e-02
-3.479883869419124e-02
-2.290363550284385e-02
-9.698309239858066e-02
-9.464310181077135e-02
-6.892862289143219e-02
-8.271388169379808e-02
-5.618580489736850e-02
-6.299928344049002e-02
-6.017865520977132e-02
-6.755999400277828e-02
-2.946622122869772e-02
-7.002486224865864e-02
-7.289740840259772e-02
-6.766351201909448e-02
-6.373279529858469e-02
-5.896810186519601e-02
-6.800126412972042e-02
-6.766900177806254e-02
-6.014017186992453e-02
-5.833103661389794e-02
-6.167547430118395e-02
-5.583767562826073e-02
-2.803043698176057e-02
-2.893098150543639e-02
-6.164377564900349e-02
-5.796030552394176e-02
-5.083588562946732e-02
-5.298584583839967e-02
-4.168391189304273e-02
-1.987813755524640e-02
-6.298551302031269e-02
-5.682185342284149e-02
-4.786321145494955e-02
-5.388108766238606e-02
-7.061169440731510e-02
-2.644186874995534e-02
-3.861597068159165e-02
-6.298228959155092e-02
-6.795073884754312e-02
-6.684940459495821e-02
-6.663555618880242e-02
-7.376513175616455e-02
-7.346205870614052e-02
-6.677649492324303e-02
-7.463209278762567e-02
-7.856891066541906e-02
-7.430609332270441e-02
-7.686497855971952e-02
-7.600129950600802e-02
-7.067984212422528e-02
-7.262724962490474e-02
-7.504415857744898e-02
-7.876567485627410e-02
-7.775053500545437e-02
-8.059420900759673e-02
-8.219081785307754e-02
-8.184839316641634e-02
-7.977761641589957e-02
-8.832668740033252e-02
-9.005395718967220e-02
-8.935529730273382e-02
-8.854909537673883e-02
-8.936875937678007e-02
-8.839988991044180e-02
-6.898218552034997e-02
-7.542579807961718e-02
-6.603065290371497e-02
-7.467763643280043e-02
-7.405770885904917e-02
-6.884914552679763e-02
-7.475640037046291e-02
-7.288558933768982e-02
-8.030216130355743e-02
-8.221363995901956e-02
-8.641069640158948e-02
-8.820598284127852e-02
-8.180538548599933e-02
-7.732331304974928e-02
-8.097417214148755e-02
-7.539211312599281e-02
-7.673779568020454e-02
-7.858776907219711e-02
-6.597040083567690e-02
-6.822538397750864e-02
-6.340144392646632e-02
-6.811858975824313e-02
-7.497751883011310e-02
-7.481164125727557e-02
-5.387057072719231e-02
-7.415127348340503e-02
-8.035987754128490e-02
-7.688075813877435e-02
-8.038345151472027e-02
-7.788573270929182e-02
-8.987814584331863e-02
-9.008592458725259e-02
-8.978379608802506e-02
-8.878227760556444e-02
-8.898364671468730e-02
-9.002981384719666e-02
-8.819162993854798e-02
-8.895151622697169e-02
-7.489800739663011e-02
-6.636734998742350e-02
-7.242902962485917e-02
-7.609233766234949e-02
-7.589281356532956e-02
-6.222900184952816e-02
-8.836463921556607e-02
-8.878224117679001e-02
-9.006195052477513e-02
-8.836693044557466e-02
-8.806309106632677e-02
-8.661384478616924e-02
-8.835052582913502e-02
-8.850051085328488e-02
-8.784337623777870e-02
-8.602325713556146e-02
-8.656703156087162e-02
-8.647651179876437e-02
-8.800180897081354e-02
-8.844703344042026e-02
-8.755667928252361e-02
-8.467270872027241e-02
-8.495101893987285e-02
-8.560140312384176e-02
-8.563219174114316e-02
-8.678577495039289e-02
-8.613520683450761e-02
-8.597398425547824e-02
-8.536293165150262e-02
-8.472469415956456e-02
-8.225820834667005e-02
-8.576997783519470e-02
-8.762318231364367e-02
-8.537146404169504e-02
-6.859370560515525e-02
-7.537542135995524e-02
-7.278641495335300e-02
-7.421070134927849e-02
-7.478693891944743e-02
-7.507754360389356e-02
-7.441340934150635e-02
-7.749547112202265e-02
-7.475714260604291e-02
-7.510481755573128e-02
-7.858178697925561e-02
-7.490562864345664e-02
-7.014014629000857e-02
-6.889870315102543e-02
-6.890108826755374e-02
-6.439381326423874e-02
-8.029962563737351e-02
-7.739446371728313e-02
-8.383611458743132e-02
-8.273750707175913e-02
-8.004554000837479e-02
-7.172153920794962e-02
-8.183852919459755e-02
-6.997241274673842e-02
-6.573259411901543e-02
-6.454818454428950e-02
-8.121153020041212e-02
-8.099499300134694e-02
-7.945172123426547e-02
-7.972690481052729e-02
-8.449344161059612e-02
-7.521954288787000e-02
-7.499837889313443e-02
-7.921596487229229e-02
-6.542580811479691e-02
-6.987566837657051e-02
-6.613857055097695e-02
-5.960712422331715e-02
-4.864973995756515e-02
-7.476088926251707e-02
-7.186542049090514e-02
-8.128777406335015e-02
-8.068736529696258e-02
-8.233734301273464e-02
-8.050283582815806e-02
-8.388857391545944e-02
-8.418275804558845e-02
-8.160305879614042e-02
-8.156483758131701e-02
-8.378285553446579e-02
-8.345451011105201e-02
-5.519167907759456e-02
-6.026288514547962e-02
-6.487255926563330e-02
-4.576431052074475e-02
-6.854266612820592e-02
-7.438293631490250e-02
-7.558870770196209e-02
-7.903456733828006e-02
-8.012565367952322e-02
-7.632236412352228e-02
-6.715432406050821e-02
-7.008935848271063e-02
-6.597033921635743e-02
-7.003630947050772e-02
-3.329144714699483e-02
-3.860026109747589e-02
-2.807422305926670e-02
-6.212794398401281e-02
-9.547448511765923e-02
-9.395120670307526e-02
-3.107324120792627e-02
-6.907761362325149e-02
-2.770826435625477e-02
-9.661270544642109e-02
-9.568420488327052e-02
-9.611171976432401e-02
-6.605938286503983e-02
-6.552486888924858e-02
-6.994153136992025e-02
-6.485338877415191e-02
-5.942743518326661e-02
-4.942158299593649e-02
-5.804290163377471e-02
-6.155305545332235e-02
-6.155632961704679e-02
-6.988904591816247e-02
-6.553665090166050e-02
-5.985427277056204e-02
-4.644954439579248e-02
-7.073727692654908e-02
-2.554682250973759e-02
-2.421716205155071e-02
-4.958260931874521e-02
-2.183591103149109e-02
-8.496619925147778e-02
-8.557335920500163e-02
-8.734772252709358e-02
-8.822408683362777e-02
-8.833153293494854e-02
-8.769533509740284e-02
-8.450998813257457e-02
-8.521587465142184e-02
-8.576506129549233e-02
-8.666118801682200e-02
-8.739166767755836e-02
-8.315393335402506e-02
-8.154435943860572e-02
-5.909600088212621e-02
-2.151696775525962e-02
-3.607650875694486e-02
-2.251343494603537e-02
-3.589088664557769e-02
-4.216934896952546e-02
-2.096720291512048e-02
-4.515753411833498e-02
-2.777044147652804e-02
-9.893595996493024e-02
-9.513499100955936e-02
-9.635114906307689e-02
-9.007697450376199e-02
-9.029600189568160e-02
-9.024983186995823e-02
-9.008378622146043e-02
-6.645970066091503e-02
-7.237110803169056e-02
-6.967881303895393e-02
-5.500349904448659e-02
-6.538538305952452e-02
-6.911377007510934e-02
-6.792811724189853e-02
-6.873258290803182e-02
-6.893640217882452e-02
-6.041748170381266e-02
-7.912531546556627e-02
-8.062063037291504e-02
-8.175529257266249e-02
-8.205105542659834e-02
-7.509490537889801e-02
-7.400690562807702e-02
-7.100692332952808e-02
-7.198410448463259e-02
-6.926817591515962e-02
-6.616032599199426e-02
-8.535568210581436e-02
-8.217387904585663e-02
-8.129192047290726e-02
-8.121939443150006e-02
-8.025341180929042e-02
-8.228441213462932e-02
-8.473962056994711e-02
-8.117807548598584e-02
-8.449781994993362e-02
-8.572473220316139e-02
-8.640113699259985e-02
-8.535390252460691e-02
-8.498791413613570e-02
-8.620883262400733e-02
-7.055537440007904e-02
-7.440716485094716e-02
-7.093002802348010e-02
-6.932255357093715e-02
-7.642831321168701e-02
-6.668902999668259e-02
-8.989834368006071e-02
-8.927865084279939e-02
-8.998468862642135e-02
-8.921458931347341e-02
-8.832592544818876e-02
-8.583428736442872e-02
-8.466737468999185e-02
-8.526306792080562e-02
-8.667781814326965e-02
-8.826372439853516e-02
-8.609644926730577e-02
-8.778220277181618e-02
-8.844388746397765e-02
-8.490631267780858e-02
-8.444719122532367e-02
-8.486507798254994e-02
-8.501509843075496e-02
-8.206478589654045e-02
-8.305423765116522e-02
-8.477003252879124e-02
-8.005091915169343e-02
-8.106336066943221e-02
-8.009596045522642e-02
-7.886501791282269e-02
-7.540085762436202e-02
-7.968123491987865e-02
-7.357568359881862e-02
-7.414207025336313e-02
-7.656984306375729e-02
-7.542016946563017e-02
-7.528248478349497e-02
-7.658968635251404e-02
-6.915037546526012e-02
-6.825965473541495e-02
-6.749913931852929e-02
-8.417266507912996e-02
-8.133739690276681e-02
-8.491387525584077e-02
-8.481053354977237e-02
-8.114292755128633e-02
-8.377289209963869e-02
-8.036804783993561e-02
-8.218896034529362e-02
-7.949291442459611e-02
-8.052653824452802e-02
-6.029857364692846e-02
-6.486204788713795e-02
-6.877685728787206e-02
-6.512879361387949e-02
-5.880686105292777e-02
-5.689436596779696e-02
-7.421714560735460e-02
-6.960140545892869e-02
-7.662368418745442e-02
-7.531801296554451e-02
-7.576604315992670e-02
-6.839666447020952e-02
-8.555018861859756e-02
-8.617928962795776e-02
-8.525273823870555e-02
-8.223102611533634e-02
-7.420509390948531e-02
-7.448411865660295e-02
-7.424120920969812e-02
-7.494710093618290e-02
-6.761472910392163e-02
-6.669543192952221e-02
-8.710255122891365e-02
-8.706281660479490e-02
-8.582003619208700e-02
-8.601924347964988e-02
-5.524359199080430e-02
-5.215620237117699e-02
-2.514538321723989e-02
-2.544324296042622e-02
-4.764567704299020e-02
-1.708194721712703e-02
-5.277034373749473e-02
-7.267587683083743e-02
-6.603315168069701e-02
-7.367772881857168e-02
-7.481140514938428e-02
-6.829198102760577e-02
-7.497472155571600e-02
-7.533421505060187e-02
-7.020598817077020e-02
-6.569032305170358e-02
-5.920167608139464e-02
-6.574148038369755e-02
-7.430480486029403e-02
-7.625739061811850e-02
-7.686310289999966e-02
-7.464852175269457e-02
-7.474978820477554e-02
-6.638490225004322e-02
-7.127283393606063e-02
-7.638695275377341e-02
-7.655346268631856e-02
-7.499427895178443e-02
-8.079921738822740e-02
-8.032900983732924e-02
-8.484953860059270e-02
-8.224224139966473e-02
-8.097679580526462e-02
-8.869341949742106e-02
-8.893285887517581e-02
-8.952398138621924e-02
-8.844547252661228e-02
-8.968413887008501e-02
-8.031223313767208e-02
-8.441675547394029e-02
-8.177530454102699e-02
-7.792376559126171e-02
-8.028797528296591e-02
-7.547750470426536e-02
-7.605819454741672e-02
-7.974325537092329e-02
-7.411535053850435e-02
-6.803746702682856e-02
-7.090040544739125e-02
-7.336870261326171e-02
-7.172184224655929e-02
-7.345367574172196e-02
-6.697453015205856e-02
-6.870449770033059e-02
-6.823059476958869e-02
-6.975808834820842e-02
-7.441143449101940e-02
-7.583985479015375e-02
-6.781848369319317e-02
-7.645567593809012e-02
-8.131110774607955e-02
-7.682711388175477e-02
-8.125711541221065e-02
-8.227660659338973e-02
-8.248601196781742e-02
-7.604210957480774e-02
-7.471378984556114e-02
-7.163268304461762e-02
-7.437495250146414e-02
-7.452157574116446e-02
-6.747349606765775e-02
-6.436440444867772e-02
-7.583768350658382e-02
-8.044854969057978e-02
-7.958023035763216e-02
-7.706458291111128e-02
-8.012441334429558e-02
-8.102213835722345e-02
-7.684968560092534e-02
-8.076931396196649e-02
-7.582808510987496e-02
-8.201735885750089e-02
-6.738255090421241e-02
-6.810101504670592e-02
-6.912665444033421e-02
-5.562968827889252e-02
-5.610266700228083e-02
-6.383377228181880e-02
-7.497330454913763e-02
-4.801473723739468e-02
-6.136013149746627e-02
-5.835101226700358e-02
-5.863841666884840e-02
-5.677216577694106e-02
-2.691209038105834e-02
-5.367186309774932e-02
-4.364499595701175e-02
-5.647564099670509e-02
-5.112818446434101e-02
-2.094535147511735e-02
-2.274411977288262e-02
-6.313944437635106e-02
-4.859806407779300e-02
-6.229547822094572e-02
-5.433981558787045e-02
-6.179029542920030e-02
-5.720644020472005e-02
-6.438599701613183e-02
-6.623078297979147e-02
-6.761268171594403e-02
-2.772151537950043e-02
-6.145765469389940e-02
-2.297657815841543e-02
-5.998436892614314e-02
-9.629122176239399e-02
-4.043604569813507e-02
-6.833594755749471e-02
-5.751528380336926e-02
-6.264345966297469e-02
-6.765353368217612e-02
-3.672535208620029e-02
-5.344108570988270e-02
-2.569345030969282e-02
-2.868908038551274e-02
-5.806221608718964e-02
-6.331471464543871e-02
-2.931543103334715e-02
-2.800267958770114e-02
-2.683996009550630e-02
-5.646467447379540e-02
-5.977028786268614e-02
-5.509287971851509e-02
-6.306580830359203e-02
-4.658654018827833e-02
-2.965724699454878e-02
-2.941820974433307e-02
-6.189224237069615e-02
-6.268873922744624e-02
-2.828515621062910e-02
-9.615467095013758e-02
-6.204752408905779e-02
-6.132716732595315e-02
-2.991255773759368e-02
-2.911567028772664e-02
-5.869520366884409e-02
-2.932450675000169e-02
-9.521679502450221e-02
-6.265162396573211e-02
-6.305037314787180e-02
-9.716040468147916e-02
1.211317156484823e-02
-6.428643534836516e-02
-5.986881497858183e-02
-7.974001217361837e-02
-7.180927638120634e-02
-6.924944069544117e-02
-6.518258072626452e-02
-2.559378898920686e-02
-3.346910851216219e-02
-5.956033113348414e-02
-2.602777704506462e-02
-9.664486371946647e-02
-2.744540313641229e-02
-6.267194683484632e-02
-9.547901260691789e-02
-9.790476151827325e-02
-6.279199520226618e-02
-2.557412269473601e-02
-2.685914779739170e-02
-9.719632471153071e-02
-9.628467548997341e-02
-6.129708589944636e-02
-6.401874399269944e-02
1.233710647028226e-02
-4.287216747956990e-02
-5.354424246123286e-02
-1.999121690847785e-02
-2.833024254404055e-02
-9.700378492794719e-02
-5.633084663196958e-02
-4.198261734732715e-02
-4.885721964572323e-02
-5.885092167502801e-02
-6.354815754643726e-02
-3.676574033912348e-02
-5.089659581480584e-03
-5.021293379444792e-03
9.633346943875356e-06
5.768755019025990e-05
-1.112721679004277e-03
6.236320901628468e-05
-1.112680630657364e-03
-1.117319315568275e-03
-4.465618289712529e-02
-4.372721191370423e-02
-6.104217003904322e-02
-6.709154093125383e-02
-5.130272260073351e-02
-3.150004380073324e-02
-5.892635162090498e-02
-6.915058881867690e-02
-5.518112239074369e-02
-3.217029060344410e-02
-5.773757538896947e-02
-5.660464142927434e-02
-5.546513408262828e-02
-2.589332285804371e-02
-9.688650579388840e-02
-5.410068656813483e-02
-3.889255965528342e-02
-2.383907360373259e-02
-5.926575609506521e-02
-5.691206165079525e-02
-5.590468348960974e-02
-3.201609577089348e-02
-5.732398786161004e-02
-5.046518675305123e-02
-5.771432992848979e-02
-9.580261344053297e-02
-9.357653392210799e-02
-6.255848973233094e-02
-2.806433537208607e-02
-3.576000959319806e-02
-6.293557598273436e-02
-9.639248356747757e-02
-9.794687555746891e-02
-6.269830862634931e-02
-9.728344782287272e-02
-9.746677217609763e-02
-6.195380616004487e-02
-9.756607041197522e-02
-1.834562520360137e-02
-2.190088820099509e-02
-6.321733609645035e-02
-9.664529756645064e-02
-6.262521849710427e-02
1.223518945592464e-02
-6.294253295802629e-02
-9.632235924876176e-02
-9.714505968288889e-02
-6.167274913535813e-02
-2.882708691653758e-02
-6.266743780460503e-02
-9.854817422614448e-02
-6.358766002802907e-02
-9.679736135346870e-02
-6.214970828895413e-02
1.212713253442429e-02
-6.289666678164441e-02
-9.494708655251737e-02
-6.191335556443453e-02
1.195882876062937e-02
1.207063617824895e-02
-9.515657214190502e-02
-6.016199075422749e-02
-3.418634962627754e-02
-9.711245453883449e-02
-9.212448652397473e-02
-6.187717253606604e-02
-6.333623437092377e-02
-9.613176136712977e-02
-6.110274491556481e-02
-9.691331463857726e-02
-6.317138725720067e-02
-6.274216403061891e-02
-9.747805293157698e-02
-9.483118075203652e-02
-2.217007122765012e-02
-3.177479817425999e-02
-9.590088038570917e-02
-6.223180223491643e-02
-9.803787852076996e-02
-6.267205912883964e-02
1.180502105342342e-02
1.209703560008305e-02
-6.229418261813809e-02
-6.259926395555319e-02
1.195851006556371e-02
1.188874270979025e-02
1.223724525349486e-02
-6.364582690024458e-02
-6.306811701514087e-02
-6.154399132938557e-02
-6.374842527217449e-02
1.218292514256076e-02
1.202463369322247e-02
-6.019540325973772e-02
-6.157624256439409e-02
-6.391984483365024e-02
1.186399501490620e-02
1.174420933780965e-02
-4.909764185023908e-03
-9.571963995581208e-02
-6.138884266685856e-02
-2.507889373711290e-02
-3.018021506006984e-02
-9.579222469886789e-02
-9.512753388454076e-02
-9.503879785469900e-02
-6.194053851517581e-02
-9.536767782484508e-02
-2.124300526971956e-02
-2.012050760132428e-02
-9.762044017831745e-02
-6.257029149995806e-02
-9.564231951726909e-02
-9.683506336431000e-02
-2.911973776612547e-02
-9.562994375136419e-02
-6.172370723565300e-02
-6.418429701500489e-02
-9.617000284901402e-02
-2.813503024114702e-02
-5.927369593244301e-02
-3.001021286376026e-02
-5.496532025540064e-02
-2.728816188739948e-02
-9.841644766028938e-02
-9.730858061617449e-02
-9.871608597053985e-02
-6.301944629464049e-02
-6.196359793927168e-02
-6.201627511325342e-02
1.212938626424950e-02
1.175002917142177e-02
-2.860362300069757e-02
-9.594994950427850e-02
-2.787553250779930e-02
-9.809776982370848e-02
-2.939261076911740e-02
-9.452994248466511e-02
-5.944429185336263e-02
-2.784209253715886e-02
-6.254837337850479e-02
-3.264082277712081e-02
-5.985796602547622e-02
-2.752167980970164e-02
-9.533926778361163e-02
-6.218132043120220e-02
-6.290802703190365e-02
-2.433743959069459e-02
-9.776271027772655e-02
-4.980913239832856e-02
-2.542550895172239e-02
-9.708988060568524e-02
-6.311667925352429e-02
-9.584517676738991e-02
-2.616158326862953e-02
-1.873823106791542e-02
-4.965598271221918e-02
-3.979051770951100e-02
-9.739072715154663e-02
-2.178632557700250e-02
-2.757852412069993e-02
-4.445695959622953e-02
-6.007835345536644e-02
-9.879185445634905e-02
-9.687938568719935e-02
-5.262157085139470e-02
-2.487006904303647e-02
-3.123422426743378e-02
-9.798327905398814e-02
-9.727664760360048e-02
-6.347085394888517e-02
-6.266112510292551e-02
-9.680411813400379e-02
-9.623520446842600e-02
-3.241960824920059e-02
-3.808804428985682e-02
-5.940988174366506e-02
-6.263618285236425e-02
1.207025292860171e-02
-4.979322390371748e-03
-5.075387705730879e-03
4.618631414478389e-05
2.126941925147201e-05
-1.114028198374006e-03
-1.115888096609519e-03
1.178225349162979e-02
1.197737085139381e-02
-4.965883316620492e-03
-6.110600623482755e-02
-9.474094790529008e-02
-6.291970716991513e-02
-5.020552276589953e-03
1.195129531502983e-02
1.216744289964158e-02
-5.021427437728635e-03
-5.013970694984557e-03
1.190704151587011e-02
-6.170024182574980e-02
1.197413814104730e-02
1.150454777958682e-02
-6.218733483086241e-02
-6.209095161431464e-02
-6.049114060953954e-02
1.180741189695535e-02
-5.054469418504575e-03
1.208366072229741e-02
-5.046922638731742e-03
4.259075212654336e-05
6.439854602546729e-05
-1.099380636065673e-03
-5.067703821074751e-03
1.176439290427297e-02
1.204104605611593e-02
-5.078548959403153e-03
1.225597089955354e-02
-6.315104326351770e-02
-5.070553826720051e-03
1.207707155784557e-02
-5.085205940177072e-03
3.528843849701523e-05
-1.125579561139713e-03
-1.108695259145930e-03
-5.058517684050430e-03
1.166385809310589e-02
-5.007771440278967e-03
-5.049753172685210e-03
1.189680324264027e-02
1.197267545972495e-02
-5.131502973654389e-03
1.231856255849935e-02
-5.060775780680339e-03
1.183838555843974e-02
4.864372204911597e-05
4.866434404810723e-05
-1.136697230088420e-03
1.223223527605029e-02
-4.991952349842008e-03
-4.981695854412284e-03
3.251902609415757e-05
-1.090864395742749e-03
-1.107292556610047e-03
-5.081109456926213e-03
2.315885161759252e-05
-1.108916463140561e-03
1.909756443740653e-05
6.866825249335287e-05
-1.099688956096619e-03
-1.118377305249358e-03
-5.142971293061402e-03
1.180185091907882e-02
-5.050897519186867e-03
-4.983232295914442e-03
1.195922740157766e-02
1.214263978840676e-02
-5.042606034110963e-03
1.219537921941947e-02
-5.028434984355594e-03
1.193202249341445e-02
1.247667303002976e-02
-5.041460091815698e-03
-4.988859326473979e-03
-4.967737758722036e-03
6.076196145933317e-05
-1.087489474256703e-03
3.793621930473734e-05
-1.091781954552865e-03
-5.167429200451227e-03
1.206309377317058e-02
-6.275867141255514e-02
-6.278217663242962e-02
1.212487453562709e-02
1.221296568232372e-02
-6.329777512226778e-02
-5.062393276903488e-03
1.217067840629617e-02
-6.176907315221049e-02
1.215832903769500e-02
1.178539006728579e-02
-6.311253432807154e-02
-9.408686118537880e-02
1.225253317493821e-02
1.207401518074213e-02
1.154263037548237e-02
-6.218127660055217e-02
-6.196977926349392e-02
1.216672809590564e-02
1.205570196745183e-02
4.771709143105104e-05
-1.073561671375263e-03
-6.254082359604166e-02
-6.111797961268341e-02
1.177311039734177e-02
-6.102835794212533e-02
-9.694463781405739e-02
1.187309572976544e-02
1.224696089629055e-02
-4.996192823259987e-03
-5.060130519830656e-03
5.622989383677289e-05
5.817030349283570e-05
-1.082891019561605e-03
3.150397471345120e-05
-1.104019500237117e-03
1.233234836799907e-02
-5.082385573313439e-03
6.745121774846524e-05
2.884252583883634e-05
-1.121534795187768e-03
1.179722077448189e-02
1.231631770468918e-02
-6.333721977709016e-02
-6.264477247737485e-02
1.191103307006334e-02
-5.083735963697138e-03
-5.053623163712886e-03
1.207642997571801e-02
-6.373563619509370e-02
-9.593006599922610e-02
-6.373100364114823e-02
1.195156997656222e-02
-6.257089820577209e-02
-6.232376008637953e-02
-9.641038505719383e-02
-9.692893683329465e-02
1.208210263279473e-02
-6.310280035554064e-02
1.215667945070028e-02
-6.325593579066199e-02
-9.688457813333383e-02
-9.727073988897790e-02
1.170537297876157e-02
-7.067179736680242e-02
-5.842590740771073e-02
-3.013299525076293e-02
-2.995558021296873e-02
1.207700569598247e-02
1.227721053607189e-02
-6.234836991192994e-02
1.212199975298585e-02
-5.040501644199782e-03
1.207054303674739e-02
1.214597422641502e-02
-5.086865778809037e-03
1.661520561438507e-05
4.522257193638057e-05
-1.127251803614746e-03
-5.019352022154275e-03
-5.092544518229517e-03
4.994916040374043e-05
-1.084639374179342e-03
8.657371347377908e-05
-1.101317391314865e-03
3.044200339150751e-05
-1.102387174388278e-03
-1.092018780951311e-03
-5.024078238279285e-03
-4.932964908645140e-03
-5.054626716857998e-03
1.710737675365777e-05
-1.100079583450227e-03
-4.944533224499344e-03
-4.980163597771502e-03
5.134882720182374e-05
-1.090602137485898e-03
4.913263037381933e-05
5.114089472231033e-05
-1.108983261808566e-03
1.656482655882044e-05
-1.106941125759242e-03
-1.096253874003853e-03
5.931835346184676e-05
-1.089037375586682e-03
-5.034084668571760e-03
2.870990359763311e-05
-1.115550302012769e-03
-1.102222350228072e-03
3.461128950744297e-05
-1.067536562328115e-03
-4.973551844659380e-03
-4.922501158007919e-03
3.203084849421922e-05
-1.090087990372298e-03
3.087489919586158e-07
-1.106920888584927e-03
1.205197713232803e-05
-1.111206459204176e-03
-5.073763654761624e-03
-4.996213304447820e-03
3.260353249186009e-05
2.208668694959873e-05
-1.126162791202422e-03
-1.133880064111405e-03
-5.082373295360531e-03
-5.074687859333138e-03
3.469494784433606e-05
-1.117221391797867e-03
2.932978186613947e-05
-1.095494846314148e-03
-1.097328739837373e-03
-4.969611655767030e-03
-5.046226355663766e-03
7.498391244630148e-05
5.294937772577504e-05
3.984932810933874e-05
-1.129941899442863e-03
2.228672160650495e-05
4.856414658451029e-05
-1.107543883834630e-03
-1.095937463973265e-03
2.924125610634711e-05
4.839836445074432e-05
-1.101819149869284e-03
-4.904492296664938e-03
-5.082722498950681e-03
-1.085536748185552e-03
-1.063652179744430e-03
2.273117923085498e-05
-1.096117178538294e-03
1.174641895513209e-02
-4.985051879729974e-03
-5.004316044614956e-03
-6.170329599361522e-02
5.806332970704699e-05
-1.100897016004866e-03
5.022495550679119e-05
-1.083851757443696e-03
-4.984255937833422e-03
3.160487205171967e-05
-5.731205723226825e-02
-5.566793900006068e-02
-6.564885404896219e-02
-3.400493785729633e-02
-5.084040639539356e-02
2.549303973156228e-05
3.822050754628506e-05
-1.080447832363785e-03
-1.098922196877545e-03
1.334453007993714e-05
-1.121886556495670e-03
4.855845275816691e-05
-5.014213189120407e-03
1.202029442506383e-02
4.253310656831147e-05
-1.079350549507126e-03
-5.000241673204626e-03
2.678354047374289e-05
-5.028644798246307e-03
-1.087172068799927e-03
-1.098274526806277e-03
4.853786953969245e-05
6.038159890294078e-05
3.658172403142429e-05
4.444640976965340e-05
-1.119932970991177e-03
-1.085698676893261e-03
-1.107135176330674e-03
3.763101523532425e-05
-5.082882701312675e-03
5.672299820478138e-05
2.669802144847689e-05
-1.121102475925458e-03
-1.080682896901262e-03
-1.101505554670484e-03
3.581226485845836e-05
8.072791362624737e-05
-5.134308353998030e-03
-5.123880346745725e-03
1.211223049510137e-02
-1.125338681192730e-03
-1.124507950368361e-03
-5.015019469267637e-03
6.445289996042114e-05
3.348470403329395e-05
-5.010116639164904e-03
-1.104158169555466e-03
-1.101378433524539e-03
-1.100558844183930e-03
3.295420271781481e-05
4.463738099120714e-05
-5.074848308175743e-03
1.214516175943540e-02
-5.004918274799439e-03
-1.112890210664918e-03
-1.086828204234382e-03
-6.860830758796650e-02
-6.717284400250177e-02
-5.873425668783500e-02
-5.346915751851875e-02
-6.629583192110146e-02
-6.661503313392141e-02
-7.548367863718559e-02
-6.108431278313984e-02
-5.284361623413208e-02
-5.949846744230219e-02
-2.350998689521708e-02
-9.675477101749221e-02
-6.235177084455118e-02
-6.248209833402306e-02
-4.991154600782239e-03
1.162049419041624e-02
1.196832782995668e-02
1.196968596801206e-02
-5.013835606853856e-03
4.737205503980640e-05
-4.981740861109444e-03
1.217718330972962e-02
-1.109610735515941e-03
6.820649911220796e-05
-1.080277765834668e-03
-5.087612564664739e-03
6.804121930282534e-05
-5.183528030704016e-03
-1.124505281465410e-03
-1.127320566135267e-03
3.339223683153401e-05
-5.029404396039099e-03
-1.118636130814918e-03
-1.082003256039073e-03
3.740239211441922e-05
3.721529164799064e-05
-4.981192396196544e-03
-2.343015456058705e-06
-4.965930108987081e-03
-1.080713339490413e-03
-1.092855679840670e-03
-1.101994791536647e-03

PL  1  1102  double
8.758320826591507e-03
8.749501085020100e-03
8.819504889826302e-03
8.862098700116266e-03
8.828716538956952e-03
9.776787550953566e-03
9.826473656864256e-03
7.337642922219201e-03
7.315865838727368e-03
6.477506015545180e-03
1.001467422153140e-02
6.555904837131928e-03
7.897490593792120e-03
6.696472312343121e-03
1.004504301344334e-02
9.693561494126262e-03
8.902264387015095e-03
1.098478127988819e-02
8.480449846635870e-03
7.796573942557675e-03
8.811771981195329e-03
8.468932318366925e-03
7.325190104889362e-03
9.085010144423245e-03
9.444416066220009e-03
9.031415032522899e-03
9.316207367658442e-03
8.486652940448531e-03
8.534258951891509e-03
8.306761390499885e-03
8.565452586573060e-03
7.270427603792214e-03
7.694114923422314e-03
7.160798723042669e-03
7.115066318642355e-03
7.246492364180552e-03
7.841959004015332e-03
8.310891314117377e-03
7.641162218376305e-03
6.517057474268753e-03
4.804160731279295e-03
6.555386779616114e-03
7.990711238749318e-03
7.783272716693933e-03
7.305165104906133e-03
6.773614406526816e-03
9.280494294785979e-03
7.032761321220829e-03
4.347865505246186e-03
7.824104293128541e-03
8.486145538516699e-03
8.358758748008279e-03
8.438228365013527e-03
8.678946504812001e-03
8.678208977055067e-03
8.371267418747139e-03
8.736118047705948e-03
8.779376231154457e-03
8.724888706139272e-03
8.762322580987171e-03
8.724737633301293e-03
8.676904383957646e-03
8.722019824063558e-03
8.699616580575636e-03
8.801106314567481e-03
8.794829209631131e-03
8.823110916041222e-03
8.861183664962496e-03
8.854220826234497e-03
8.813054298571139e-03
8.972783349303945e-03
9.000485609513279e-03
8.988054286783209e-03
8.970607218360450e-03
8.987534028118693e-03
8.968166913162068e-03
8.362827613502107e-03
8.762079527096067e-03
8.358993360693224e-03
9.321284684580839e-03
9.268624452692085e-03
8.813787418651478e-03
8.757090471777911e-03
8.644447854347330e-03
8.808014431671715e-03
8.851953940282577e-03
8.931921066094334e-03
8.965246367611469e-03
8.854916149333375e-03
8.780593665604967e-03
8.837332644332480e-03
8.753369533365779e-03
8.780189305489858e-03
8.791704267377784e-03
8.191279148717671e-03
8.473389890929356e-03
7.979631277629427e-03
8.510791047419093e-03
8.696605305169207e-03
8.680969570994379e-03
7.814760589737492e-03
8.715942343990984e-03
8.820532316644512e-03
8.765348308933560e-03
8.829735626053761e-03
8.757707408358864e-03
8.998471672160550e-03
9.003059612747088e-03
8.996977045278211e-03
8.978574107225979e-03
8.984005765390612e-03
8.999786970084569e-03
8.970564175173787e-03
8.983694039078482e-03
8.706004041744363e-03
8.376121661576393e-03
8.580645555956399e-03
8.731440212126631e-03
8.734780198824227e-03
7.920599078617203e-03
8.970967659034844e-03
8.980970748578017e-03
9.001302170221681e-03
8.968304691222432e-03
8.962629410032596e-03
8.934740774737021e-03
8.967994645878318e-03
8.970716494151024e-03
8.955589296879896e-03
8.931387729390448e-03
8.934708067205272e-03
8.937938732312528e-03
8.963270416111549e-03
8.969383011131990e-03
8.955022247439872e-03
8.908476307593274e-03
8.906190449695619e-03
8.923887255222472e-03
8.924308539468052e-03
8.941133171047642e-03
8.932746447280197e-03
8.918979475823641e-03
8.908149236387291e-03
8.901118022475056e-03
8.861582268798910e-03
8.926817130239594e-03
8.958857393299578e-03
8.921336244698045e-03
8.404870414443788e-03
8.717511540467788e-03
8.566047549223332e-03
8.728238482050352e-03
8.684352833203372e-03
8.713251350514326e-03
8.700670759921748e-03
8.767702192178945e-03
8.739033291091698e-03
8.728651129337326e-03
8.794732253716856e-03
8.729733675967686e-03
8.838314105840519e-03
8.557297302263992e-03
8.616942613947246e-03
8.221362559471070e-03
8.833836947614030e-03
8.753873719001140e-03
8.889215466758188e-03
8.868172892994077e-03
8.821794344385596e-03
9.105598173976841e-03
1.026093146218906e-02
8.331440971176239e-03
8.364238628292482e-03
8.274891497454057e-03
8.849809132897417e-03
8.845433503914240e-03
8.809132288177791e-03
8.814271155271558e-03
8.902015697722955e-03
8.747639229041483e-03
8.737917438390851e-03
8.804087389777841e-03
8.330999040903285e-03
8.696290953014951e-03
8.365670025888589e-03
7.575349054501010e-03
7.264201364157992e-03
8.733450670445390e-03
8.559349932352195e-03
8.848318207724189e-03
8.837440699488304e-03
8.864521034133379e-03
8.820513093353907e-03
8.889380380623747e-03
8.897935940304353e-03
8.853639166098970e-03
8.849511389874906e-03
8.892479400747763e-03
8.888025695413818e-03
7.938722372389519e-03
7.614961617270602e-03
8.170548672574040e-03
6.721666099533751e-03
8.527925599788757e-03
8.669034831652276e-03
8.716860101138604e-03
8.784738060218501e-03
8.805811800109626e-03
8.735730500975883e-03
8.411026916431237e-03
9.008464763586655e-03
8.373500275975342e-03
8.959560349236669e-03
5.173764445497252e-03
8.275872943866803e-03
7.273693844004548e-03
8.039393596765369e-03
1.017422895398143e-02
1.000179955360537e-02
7.502509561255510e-03
8.846047179394531e-03
7.242394557654349e-03
1.003619254581826e-02
1.008431784109416e-02
1.020273509433200e-02
8.418981766629722e-03
8.097720865475578e-03
8.667444210586702e-03
8.022510427612418e-03
8.467958418181007e-03
7.408095553803684e-03
7.812323509601906e-03
8.903716165233796e-03
8.890035570336727e-03
9.037924712697211e-03
8.419778703790442e-03
7.719228296543834e-03
6.927299296033069e-03
9.327531610664507e-03
6.921160375797313e-03
6.792084666909391e-03
6.130727195149482e-03
6.666555869917910e-03
8.911007764633851e-03
8.923928527235409e-03
8.951307513175796e-03
8.966348504273237e-03
8.972112088083052e-03
8.959924892408960e-03
8.895346619895026e-03
8.912944259531668e-03
8.925915590710178e-03
8.941285857733400e-03
8.955150695696638e-03
8.878812081636506e-03
8.854619996124389e-03
7.453215494817794e-03
6.751421243266701e-03
5.736717234911946e-03
6.898385038709628e-03
3.833334359804392e-03
8.608861504694837e-03
6.590302826263258e-03
5.187571119656361e-03
7.188576808415504e-03
1.012691824429939e-02
9.858261201791252e-03
9.919496697613172e-03
9.001422643856160e-03
9.007277948412436e-03
9.006606099893020e-03
9.001795207657447e-03
8.464764021392492e-03
8.621703928732478e-03
8.827323030392681e-03
7.284941691455453e-03
8.191818918778002e-03
8.651017745492378e-03
8.541071103919757e-03
8.472367313573837e-03
8.507161270358702e-03
8.666484496811384e-03
8.790936330132572e-03
8.819642789011393e-03
8.850336667414952e-03
8.855310335777286e-03
8.801767957912985e-03
8.711961941534903e-03
8.600546110206515e-03
8.606972685816915e-03
8.758856998471207e-03
8.600038744712780e-03
8.909697733368849e-03
8.862495783903435e-03
8.829986549157754e-03
8.839274443952145e-03
8.809899793246759e-03
8.856776652940991e-03
8.897204125893038e-03
8.826520949708937e-03
8.896998418430255e-03
8.914200057739801e-03
8.935062583853086e-03
8.919858510000267e-03
8.902296465595384e-03
8.932490642239872e-03
9.832703331098981e-03
9.218449714685863e-03
8.535968411740197e-03
8.567489067329416e-03
9.666881316913088e-03
8.242770706546776e-03
8.997644470832464e-03
8.987047490857271e-03
8.999174508722603e-03
8.984447152990450e-03
8.972640170285857e-03
8.918625005384200e-03
8.902080905574613e-03
8.919967713032328e-03
8.940614641176915e-03
8.968056498158765e-03
8.927299404727296e-03
8.953909860042032e-03
8.968849225301528e-03
8.909783503374154e-03
8.892265061284077e-03
8.896155830940680e-03
8.911886942503701e-03
8.862434632418446e-03
8.879469485865835e-03
8.901967704245143e-03
8.827804169770102e-03
8.839442147528498e-03
8.816908535717918e-03
8.784297958171622e-03
8.737027940989159e-03
8.802352806438058e-03
8.645158884731604e-03
8.693173629167352e-03
8.757815062930366e-03
8.699220415017592e-03
8.692509722901877e-03
8.760312558145751e-03
8.634712993864178e-03
8.499064680080912e-03
8.337249490799803e-03
8.879870308135513e-03
8.840304402711595e-03
8.910943628598700e-03
8.897413895480804e-03
8.834970297019362e-03
8.873863806541978e-03
8.814349879158835e-03
8.856048499136739e-03
8.776420027574183e-03
8.832111141248666e-03
8.640635855873552e-03
8.137474234583848e-03
8.527328730369257e-03
8.138141327448048e-03
8.517904266666265e-03
8.199677401115327e-03
8.662429667245231e-03
8.598760803406852e-03
8.743972691122179e-03
8.679659131516203e-03
8.714310432743582e-03
8.546918913614391e-03
8.913649936029326e-03
8.933218360059036e-03
8.907466437147646e-03
8.860951571046891e-03
8.895072709032401e-03
8.685508777565413e-03
8.711672581461889e-03
8.726300260855946e-03
8.440812242075936e-03
8.563996368276117e-03
8.948182862224541e-03
8.951185954788856e-03
8.927059701919600e-03
8.929082285759461e-03
8.346263033242275e-03
6.387688650376727e-03
6.992269661268896e-03
7.050639220380442e-03
5.625206111401361e-03
2.575396988309821e-03
6.517743580922703e-03
9.195542706533045e-03
8.304859421930835e-03
8.616743144371480e-03
8.745389915968755e-03
8.325846255059353e-03
8.712367446124965e-03
8.711285533060296e-03
8.720843655853157e-03
8.335947999156698e-03
7.585025916652112e-03
8.370224199823773e-03
8.709689505167132e-03
8.743376330989611e-03
8.756142469975232e-03
8.693477766571233e-03
8.687204433496036e-03
8.437565898958530e-03
8.558635299199558e-03
8.762924369352899e-03
8.743563847348996e-03
8.654526904198545e-03
8.819730195476508e-03
8.831717095283041e-03
8.901537072846093e-03
8.857626182402155e-03
8.823975890504682e-03
8.980079210487943e-03
8.981598328388421e-03
8.992830090635459e-03
8.972695104196108e-03
8.995476876996261e-03
8.834243381718688e-03
8.896900071399509e-03
8.850865459694301e-03
8.749074073701797e-03
8.826951645076478e-03
8.747747677362635e-03
8.902236219753015e-03
8.790442166233436e-03
8.699911731978318e-03
8.681515282794469e-03
8.598183746487053e-03
8.613998291349732e-03
8.645127601138313e-03
8.667106325959611e-03
8.579704444238582e-03
9.948276447347873e-03
8.486867813791835e-03
8.580162014713566e-03
8.696723393809730e-03
8.733010502622530e-03
8.510776040686672e-03
8.744781221799407e-03
8.827290435527310e-03
8.755855939087297e-03
8.825458787531630e-03
8.856828437153842e-03
8.863156634417732e-03
8.732592109065827e-03
8.763567482358247e-03
8.600044113572488e-03
8.705466306078316e-03
8.695654293327517e-03
8.483280525830150e-03
8.159035057142650e-03
8.730196687659220e-03
8.809521950595986e-03
8.781538734490162e-03
8.734543826418506e-03
8.817508838861178e-03
8.822567493206753e-03
8.748653673921461e-03
8.816776191580016e-03
8.730516151390670e-03
8.857034769408405e-03
8.334805427594325e-03
8.503471860108415e-03
8.615359609233729e-03
8.085312479469101e-03
8.165192843864763e-03
8.093922298110307e-03
8.702072328778067e-03
7.347665262980412e-03
8.154099484960407e-03
8.304796413265175e-03
7.362265079613757e-03
7.116069167711465e-03
6.965690728551590e-03
7.395948777844543e-03
5.047297350272953e-03
8.098071724063936e-03
5.982431867838553e-03
6.685369381663721e-03
6.891950618538584e-03
8.414718476001441e-03
7.414429815575882e-03
7.833640213882187e-03
7.842401753668734e-03
7.821566315538774e-03
8.339238174089601e-03
8.088619788140666e-03
8.558023900494472e-03
8.542082906967174e-03
7.060711617545840e-03
8.029247167182153e-03
6.676872961280418e-03
7.597614300546020e-03
1.013583342217788e-02
6.065310442173445e-03
8.521773778532091e-03
8.201779281727495e-03
7.803971869719410e-03
8.410627085306713e-03
8.037258399944734e-03
6.267925721937315e-03
7.067871413691537e-03
7.303863078637732e-03
7.049142553566049e-03
8.134054457222012e-03
7.267970850839574e-03
7.199629511800561e-03
7.068583806306980e-03
6.654149236046536e-03
7.474517422690900e-03
7.969319143632081e-03
7.993612578757369e-03
6.834335939930196e-03
4.681248420650951e-03
7.268530056124772e-03
7.855893709223617e-03
7.914450581669376e-03
7.177744061438892e-03
1.008161339733220e-02
7.796460210380616e-03
7.730620612432575e-03
7.293525872478203e-03
7.268767123465229e-03
8.418828789761714e-03
7.244012448830783e-03
9.957522507190918e-03
-2.136078889769188e-03
-2.141557673366843e-03
9.985941106584170e-03
5.510848190538325e-04
9.459957919789026e-03
7.581900458750536e-03
1.062125084999922e-02
8.929899340756699e-03
8.653899965570986e-03
8.214967153550167e-03
7.007227292452956e-03
7.898232262745636e-03
7.113906887277124e-03
7.193573456453051e-03
1.012693954115560e-02
7.082711095676149e-03
-2.171925893272982e-03
1.004928187643284e-02
1.013310059571870e-02
-2.200299485927045e-03
7.042555256238868e-03
7.293308858402034e-03
1.017034159000564e-02
1.009600613672102e-02
-2.325641775417777e-03
-2.108210483844359e-03
5.740320325913079e-04
4.950347834282206e-03
6.608040404195777e-03
6.566696686253007e-03
7.211558256235671e-03
1.022728269435987e-02
8.287216705371152e-03
4.923768756936926e-03
5.794685603932407e-03
7.143892207964879e-03
7.954098344606498e-03
5.552611948305925e-03
-1.062890318941564e-04
-1.078497005601887e-04
2.815716260183233e-05
2.541057607227467e-05
3.300579148444276e-05
2.594992465646890e-05
3.388233969525285e-05
3.361221329760068e-05
5.002978543724662e-03
6.501939935440726e-03
7.807805682849672e-03
8.734432963027316e-03
6.250150767260159e-03
4.934828978830434e-03
7.534533237826647e-03
9.650330305385478e-03
8.037711213686665e-03
5.011452101161423e-03
8.293347744941160e-03
6.999750928769992e-03
6.776791017225062e-03
7.068704109892675e-03
1.014111120661386e-02
7.201694955437579e-03
5.977181155362119e-03
3.956160343722485e-03
7.988681367378653e-03
7.050336992560337e-03
6.858654414914352e-03
4.988453226604534e-03
7.080728663027384e-03
5.851037297251957e-03
8.321006200666659e-03
1.034706414087261e-02
1.020363840257396e-02
-2.146259749882273e-03
7.266228241020518e-03
8.046126349676086e-03
-2.225777568885411e-03
9.956771800166664e-03
1.004065141149940e-02
-2.224475401136813e-03
9.924999897862895e-03
1.032763129253606e-02
-2.236598000267350e-03
1.038970152889562e-02
6.497214398822343e-03
6.716774521993429e-03
-2.179010427047382e-03
9.963051538568675e-03
-2.222718915563261e-03
5.566409267059367e-04
-2.197136387022689e-03
1.008094121675517e-02
1.004175878406247e-02
-2.318171223078546e-03
7.323231292785425e-03
-2.254756621958742e-03
1.013792656386271e-02
-2.193565744644239e-03
1.012027729546512e-02
-2.256696070573291e-03
5.927829530416853e-04
-2.205038274263204e-03
1.012550388985630e-02
-2.188003038932979e-03
5.915693390948696e-04
5.974647474105014e-04
1.030571459900315e-02
-2.346797477207232e-03
7.923941160309332e-03
1.045293590523120e-02
1.009665444390629e-02
-2.266479317121522e-03
-2.117348516472925e-03
1.016257461222988e-02
-2.241552689596989e-03
1.019293696927254e-02
-2.058107311932794e-03
-2.190368020333863e-03
1.010732827999643e-02
1.030748456076860e-02
6.678805562710686e-03
7.525029587887618e-03
1.038045021709422e-02
-2.269011628600397e-03
1.019875571391260e-02
-2.225337114700644e-03
6.185852291258475e-04
5.967397664943463e-04
-2.106364939265157e-03
-2.147193596272688e-03
5.607425051026817e-04
5.862025171616305e-04
5.433255900035252e-04
-2.149336750711048e-03
-2.220856322981383e-03
-2.292586133329697e-03
-2.145039575577372e-03
5.754890164849263e-04
5.856741324026370e-04
-2.338038358762857e-03
-2.235013164193112e-03
-2.118353518728983e-03
5.824989514817844e-04
5.892329548005103e-04
-1.131391986959850e-04
9.997324664115924e-03
-2.255790072226788e-03
6.993543320716677e-03
7.536553790170069e-03
1.002061492397432e-02
1.000979770267435e-02
9.980765095676015e-03
-2.204302105834498e-03
1.006135975763271e-02
6.598596360751404e-03
6.579214390253922e-03
1.024006338300563e-02
-2.128538851909020e-03
9.984361933057235e-03
1.002730960119902e-02
7.234948392384716e-03
9.939673325502855e-03
-2.231126268637639e-03
-2.025051426097620e-03
1.010256438395688e-02
7.228594215304258e-03
7.376125405233642e-03
7.329349596083595e-03
6.407386936534581e-03
7.162512333259918e-03
1.009688646248664e-02
1.003180559393998e-02
1.008202873338258e-02
-2.222425836203386e-03
-2.294358938138541e-03
-2.289463437181536e-03
5.830178407932928e-04
6.098591591805908e-04
7.179541988303662e-03
1.007044856805300e-02
7.236725379448597e-03
1.023665646218002e-02
7.326725539134835e-03
1.006396755117478e-02
7.535829097646004e-03
7.159587012582701e-03
7.689742172133056e-03
7.699500177883767e-03
7.296817859527089e-03
7.107807757446952e-03
9.871611113691399e-03
-2.209632889086951e-03
-2.227924134099987e-03
6.965956392222724e-03
1.026377525031611e-02
5.771751942936324e-03
7.062451540094681e-03
1.031143846020588e-02
-2.171456820045628e-03
1.026908783401953e-02
7.155944451273245e-03
6.605150270486190e-03
6.004357794229451e-03
4.734430343860853e-03
1.044612314709101e-02
6.567668211531287e-03
7.143487318245399e-03
5.121929547245322e-03
7.630002256387471e-03
1.012740710811973e-02
9.982610940580132e-03
6.254964044612520e-03
6.864958558869823e-03
7.504036808457794e-03
9.997779225258597e-03
9.943437592987560e-03
-2.190489757065033e-03
-2.235747105220830e-03
1.011063108377949e-02
1.005244385996498e-02
7.678725086639850e-03
5.859236974802060e-03
7.319202502438830e-03
-2.234311093065405e-03
5.755146891989648e-04
-1.112831857196178e-04
-1.073467891947022e-04
2.724077695735433e-05
2.794329956468276e-05
3.354801615785112e-05
3.363868184599306e-05
5.627621561007841e-04
5.548030222370885e-04
-1.044573201912584e-04
-2.245726277363553e-03
1.000638845764982e-02
-2.100853495371595e-03
-9.994682145160554e-05
5.583813768341242e-04
5.695697026990520e-04
-1.070601974858759e-04
-1.079366855012327e-04
5.813791753363879e-04
-2.259564274870326e-03
5.591240404101807e-04
5.861616666623521e-04
-2.197408718075793e-03
-2.215622774028266e-03
-2.269489286826234e-03
5.579430587276806e-04
-1.117902974114368e-04
5.966028067984209e-04
-1.122061289023308e-04
2.904264242021044e-05
2.761593158378887e-05
3.409355225153854e-05
-1.030560053522026e-04
5.897469324944244e-04
5.494679726085947e-04
-9.856986744829601e-05
5.477760943772384e-04
-2.105894066187570e-03
-1.050377129353634e-04
5.791062026336242e-04
-1.055814244025362e-04
2.757348056771801e-05
3.393368934213959e-05
3.385091999708346e-05
-1.007648974999298e-04
5.859076533412860e-04
-1.063031884378969e-04
-1.027095199152657e-04
5.792154317698716e-04
5.719431189570064e-04
-9.247465640659357e-05
5.323493967254370e-04
-9.857077505526953e-05
5.583891706918928e-04
2.498335948631947e-05
2.459301963652397e-05
3.203416665689157e-05
5.322320056238546e-04
-9.954054753937908e-05
-1.026131679954767e-04
2.476295985826613e-05
3.104960527376684e-05
3.190995418927171e-05
-9.595037726061389e-05
2.648308207752865e-05
3.293244414394806e-05
2.559977676963238e-05
2.349661257862787e-05
3.156027644450548e-05
3.285243575973168e-05
-9.567353302639481e-05
5.754515735260653e-04
-1.024069538780590e-04
-1.129524160567768e-04
5.841752173188083e-04
5.530879802309177e-04
-1.043033289782994e-04
5.902706140969635e-04
-1.137849493754941e-04
6.010177959678804e-04
5.453806266125094e-04
-1.066340704533549e-04
-1.146747036058646e-04
-1.188133293218441e-04
2.878356676398609e-05
3.498989458041721e-05
2.937060676083456e-05
3.387648082019050e-05
-9.930793426974851e-05
5.729091577780265e-04
-2.234993114317249e-03
-2.209319072634161e-03
5.763704836298680e-04
5.779166885523317e-04
-2.188213954028526e-03
-1.088768874721616e-04
5.746271221350359e-04
-2.181206883519020e-03
5.413773908445409e-04
5.710773983263103e-04
-2.095313237461805e-03
1.002797963460743e-02
5.671974618283007e-04
5.854952103023764e-04
6.229014139148149e-04
-2.222822366379604e-03
-2.280851205839630e-03
5.810871165852564e-04
5.823102221478131e-04
2.686987354657447e-05
3.298314398391887e-05
-2.174856582415748e-03
-2.286745660338202e-03
5.996088877538428e-04
-2.282407022341360e-03
1.050313527170455e-02
5.850255446916400e-04
5.740941281136447e-04
-1.112313459258419e-04
-1.089589897085945e-04
2.684151146165287e-05
2.619623754801225e-05
3.400481573966770e-05
2.820003049604953e-05
3.425054386765929e-05
5.621593264018134e-04
-1.051437722605749e-04
2.565863159095662e-05
2.771161254346751e-05
3.374776571946837e-05
5.831224414912423e-04
5.440055591056662e-04
-2.101355369239490e-03
-2.162374440419740e-03
5.825029233172129e-04
-9.861004901279924e-05
-1.023040125785189e-04
5.543737725602442e-04
-2.065397782301968e-03
9.927149960275232e-03
-2.145697351051228e-03
5.705643592055278e-04
-2.141674493900750e-03
-2.200547071892089e-03
1.015830561802974e-02
1.017793859057451e-02
5.600121889583102e-04
-2.131851565045217e-03
5.485582692836645e-04
-2.117079806869656e-03
1.012026701645104e-02
1.017019065624436e-02
5.876715516401545e-04
9.771727190165384e-03
7.134992922701255e-03
4.756410335472236e-03
7.338200351023891e-03
5.875384668500695e-04
5.704483996120899e-04
-2.239888830911594e-03
5.804020246078826e-04
-1.100281262245090e-04
5.802328625570715e-04
5.789020215760715e-04
-1.065394606906728e-04
2.550493321265968e-05
2.501136557961029e-05
3.191656349838691e-05
-1.042980706828196e-04
-9.505852212866638e-05
2.539176040645220e-05
3.288813645528443e-05
2.586180494164175e-05
3.330829962311147e-05
2.930488413705537e-05
3.330578803107234e-05
3.362109704824805e-05
-1.080190305874917e-04
-1.160363776383686e-04
-1.059351868956902e-04
2.916434518070745e-05
3.269786813990782e-05
-1.140949462020146e-04
-1.056364566620475e-04
2.857857598273370e-05
3.342341800467223e-05
2.591474925262130e-05
2.531841343916788e-05
3.262241810492121e-05
2.844175721872350e-05
3.313603692244041e-05
3.356094423378274e-05
2.681439429819610e-05
3.320031639079457e-05
-1.096133066814497e-04
2.827525997014536e-05
3.298514574236940e-05
3.373086574006325e-05
2.758099785975216e-05
3.256564569934438e-05
-1.113528562692935e-04
-1.135026089681706e-04
2.811377629598145e-05
3.322057930928354e-05
2.689837319729574e-05
3.248848144127552e-05
2.642677135309135e-05
3.156010967078384e-05
-9.830686968619149e-05
-1.040610837813074e-04
2.482688991011203e-05
2.693140015095371e-05
3.199198710651310e-05
3.333124399736447e-05
-1.009681961811985e-04
-9.883067108866618e-05
2.486275325138233e-05
3.261609991817273e-05
2.657498381249444e-05
3.190610895344082e-05
3.219893553450961e-05
-1.059172743495955e-04
-9.833433927479539e-05
2.460444229632806e-05
2.600362950495554e-05
2.709924009100448e-05
3.242014666015581e-05
2.801139487893670e-05
2.553879115394129e-05
3.261566490959736e-05
3.268859678852108e-05
2.760693914425097e-05
2.789776924948053e-05
3.390501908166364e-05
-1.163698262451615e-04
-1.079100323934082e-04
3.300419022701011e-05
3.372502421042261e-05
2.872633614033728e-05
3.422793085196824e-05
6.033964217738273e-04
-1.110208249790939e-04
-1.119754776861687e-04
-2.264093147637616e-03
2.656641623897641e-05
3.398302302945613e-05
2.710251993722100e-05
3.305086412444246e-05
-1.119272025699395e-04
2.839951686137371e-05
7.703678209487676e-03
7.161560721777533e-03
8.177995154595335e-03
5.345926311397891e-03
7.377844558140405e-03
2.492671034963505e-05
2.481772006623027e-05
3.255123572952188e-05
3.125084855894265e-05
2.587424328702069e-05
3.245978209754686e-05
2.727809508462686e-05
-1.108277313955855e-04
5.839248357459360e-04
2.944517581196124e-05
3.295674010049145e-05
-1.102015230998469e-04
2.852080457391764e-05
-1.127358482599366e-04
3.272007228609680e-05
3.418894751715730e-05
2.769280131364104e-05
2.602387602425506e-05
2.598104816578874e-05
2.661763762024688e-05
3.184430745922292e-05
3.260735899419620e-05
3.273101653267882e-05
2.605816372020753e-05
-1.023002823207757e-04
2.580878493469255e-05
2.892395403234172e-05
3.311384258004964e-05
3.283478800038831e-05
3.451938391775328e-05
2.792565696838164e-05
2.506170148214361e-05
-1.028178710035886e-04
-1.023477286759586e-04
5.710755613985187e-04
3.419124624880294e-05
3.401588567676280e-05
-1.136361208532367e-04
2.756384272707928e-05
3.002570669627453e-05
-1.126080680530660e-04
3.452741821590723e-05
3.438458579260313e-05
3.391874349969721e-05
2.784974708703327e-05
2.633261885181171e-05
-1.066210988562618e-04
5.713331324007166e-04
-1.088736623846346e-04
3.392091044349510e-05
3.330925098722679e-05
8.729474838753529e-03
8.905281495207066e-03
8.617094426341239e-03
8.013650242475584e-03
8.300196864725188e-03
8.488782402106930e-03
9.319861993694783e-03
9.064476528426233e-03
6.669131596200010e-03
7.572753428403737e-03
6.805704899720096e-03
1.009961580542239e-02
-2.195008222748091e-03
-2.240518232692723e-03
-1.121942562807147e-04
6.126846617726210e-04
5.815034615227930e-04
5.889759145497583e-04
-1.080109005777013e-04
2.681169589583215e-05
-1.049457899793306e-04
5.596142881435193e-04
3.193679834484771e-05
2.681203314315275e-05
3.340700473455856e-05
-1.009996856299213e-04
2.447626895241361e-05
-9.816356382131435e-05
3.283445969416073e-05
3.366716522799252e-05
2.548744180610107e-05
-1.068486103107035e-04
3.208290917044521e-05
3.335923851897487e-05
2.652449293224373e-05
2.547228722427010e-05
-1.028212622771865e-04
2.858879381871071e-05
-1.067059193727988e-04
3.181516546992249e-05
3.284763530919550e-05
3.233474900309618e-05

jacC  1  1102  double
1.915513899204799e+00
1.928374499949911e+00
1.969483520631383e+00
1.989946062300302e+00
1.980745352017933e+00
1.731483865884675e+00
1.777823583225489e+00
1.717027475441459e+00
1.819882604108957e+00
1.742507957306524e+00
1.743459232053129e+00
1.728051906998251e+00
1.629040555893959e+00
1.625773158759021e+00
1.619368401083559e+00
1.623541029213015e+00
1.745710382720371e+00
1.788865449959451e+00
1.739837146641527e+00
1.736405675967963e+00
1.722400275378685e+00
1.822809495310541e+00
1.623135575245397e+00
1.734974100949378e+00
1.740325586134273e+00
1.788419804808618e+00
1.749819014662812e+00
1.759918067036323e+00
1.829660456173701e+00
1.846436811944297e+00
1.746362757529831e+00
1.728174194009352e+00
1.734002362182235e+00
1.717791561706000e+00
1.629826522092949e+00
1.625821314597928e+00
1.725477852549309e+00
1.748470183160750e+00
1.718308564671268e+00
1.722466394115398e+00
1.716889196315201e+00
1.629496784374506e+00
1.727847642057930e+00
1.769126613463432e+00
1.721055941203630e+00
1.719898680376560e+00
1.733839206155727e+00
1.628989712624427e+00
1.714526262693072e+00
1.824842095564953e+00
1.839046365432166e+00
1.835295575039060e+00
1.813578770322017e+00
1.889678425497484e+00
1.889682531932996e+00
1.821872637888214e+00
1.902684652776897e+00
1.949471181349155e+00
1.900076771388757e+00
1.930199677157468e+00
1.923575281016130e+00
1.859687258241482e+00
1.878149191983905e+00
1.911009019165075e+00
1.951174840324693e+00
1.938548297730780e+00
1.971898862115910e+00
1.990795686675262e+00
1.986977022515012e+00
1.962436208412865e+00
2.063218886738472e+00
2.083289445412532e+00
2.075202096473436e+00
2.065708002821303e+00
2.075412279812150e+00
2.063936000116987e+00
1.869596702043895e+00
1.907175494546581e+00
1.828821272483757e+00
1.821581387756274e+00
1.833176549035987e+00
1.813880739425079e+00
1.899862170345423e+00
1.886847885252235e+00
1.967523648129685e+00
1.990950870774189e+00
2.040394308802355e+00
2.061757850644559e+00
1.986684714781679e+00
1.934421362359957e+00
1.977629322255507e+00
1.911278625225721e+00
1.926630521278955e+00
1.949854570124174e+00
1.832092844479915e+00
1.841066159411480e+00
1.820375858233930e+00
1.833878260460472e+00
1.906668883567902e+00
1.905991892662409e+00
1.739911687703268e+00
1.898468332795143e+00
1.969614646606582e+00
1.929356481650654e+00
1.970011869581948e+00
1.942209020040625e+00
2.081307010088035e+00
2.083857978599439e+00
2.080208565208488e+00
2.068864799093658e+00
2.070911727938661e+00
2.083245315337802e+00
2.061925603720352e+00
2.070587990472060e+00
1.905724090284163e+00
1.828940263101575e+00
1.884959585783996e+00
1.921446440249142e+00
1.916256722748334e+00
1.813443269580717e+00
2.064010014474410e+00
2.068577992714924e+00
2.083516676068733e+00
2.063669326414580e+00
2.060053678077962e+00
2.042768308595841e+00
2.063512677912553e+00
2.065189986019637e+00
2.057163734245913e+00
2.036153031475631e+00
2.042189035934031e+00
2.041513756915977e+00
2.059625501098048e+00
2.064561978652644e+00
2.054298971075874e+00
2.020763154198681e+00
2.023570945486268e+00
2.031409708671946e+00
2.031574194615242e+00
2.045069077931604e+00
2.037212195213279e+00
2.035311581761659e+00
2.027774173624070e+00
2.020544085991601e+00
1.991153042496446e+00
2.033810635176692e+00
2.055209473719855e+00
2.028878815718681e+00
1.852720145882816e+00
1.911201211817676e+00
1.890163474644264e+00
1.893125854916289e+00
1.903454602534931e+00
1.910405870956728e+00
1.904159018897562e+00
1.936856019737526e+00
1.903412108418651e+00
1.911014236947958e+00
1.949752952128349e+00
1.899828784470508e+00
1.823717200685859e+00
1.842498566407985e+00
1.817713029545616e+00
1.816510900487484e+00
1.969070358043532e+00
1.937823466629114e+00
2.010817917189283e+00
1.997833682764604e+00
1.966258048454516e+00
1.829656026829335e+00
1.832918422732164e+00
1.885550620102239e+00
1.804758518677125e+00
1.823914045384234e+00
1.980184103943066e+00
1.977408554217827e+00
1.960187668930596e+00
1.962480281407568e+00
2.018526362401008e+00
1.909432041143898e+00
1.907919165000102e+00
1.956968337494433e+00
1.810081921554309e+00
1.847623974152703e+00
1.830801930647620e+00
1.818750244428149e+00
1.737011477482776e+00
1.905419045524571e+00
1.882191241870684e+00
1.980956629533863e+00
1.973823000582501e+00
1.992199069372570e+00
1.972495073748554e+00
2.011410684640302e+00
2.014663838881865e+00
1.985239245408465e+00
1.984395120005155e+00
2.009894268926153e+00
2.006011997565721e+00
1.744918132786047e+00
1.816317801322529e+00
1.815738865727414e+00
1.739213907298805e+00
1.827700478832081e+00
1.902474702030699e+00
1.914258161895311e+00
1.951701745389560e+00
1.965956227393716e+00
1.921207599922970e+00
1.840372790752852e+00
1.812292957891226e+00
1.817458285648750e+00
1.814148944369207e+00
1.737916272876011e+00
1.628963734490630e+00
1.626982367227891e+00
1.725207101614886e+00
1.622202622519347e+00
1.612876931436727e+00
1.621982472457354e+00
1.738928003250573e+00
1.625521131647554e+00
1.614570304375573e+00
1.619220361921666e+00
1.604663729965120e+00
1.818330196715296e+00
1.830964724776643e+00
1.843677046031126e+00
1.735069026360771e+00
1.762679917560614e+00
1.733573948743758e+00
1.776016164274058e+00
1.750331044404047e+00
1.749579713296905e+00
1.742586918340403e+00
1.742458565026337e+00
1.724528202441482e+00
1.737190237133937e+00
1.724707590907216e+00
1.637597237982187e+00
1.635658669012067e+00
1.724283252534594e+00
1.625700202724215e+00
2.024279800475718e+00
2.031195501729937e+00
2.051705982212970e+00
2.062152171936445e+00
2.063550189613330e+00
2.056053036126414e+00
2.018077699246636e+00
2.027106858905455e+00
2.033431860040283e+00
2.043720363070058e+00
2.052478037023559e+00
2.002737182050175e+00
1.982986660157860e+00
1.728057951006998e+00
1.626500938671339e+00
1.715682641165221e+00
1.625810533721874e+00
1.706594019200541e+00
1.628065175286557e+00
1.626727921651602e+00
1.719514567676764e+00
1.631247862753461e+00
1.625934969490470e+00
1.617338698961706e+00
1.623164925439932e+00
2.083850150101838e+00
2.086122617194131e+00
2.085593301384826e+00
2.083808733082273e+00
1.819341623864075e+00
1.887776212833177e+00
1.827421900310273e+00
1.794762275620604e+00
1.821842698377798e+00
1.837866496894188e+00
1.817794060088021e+00
1.836864097295481e+00
1.850030165835656e+00
1.741739358574250e+00
1.955366552338222e+00
1.971188909790237e+00
1.985462250190929e+00
1.989157141044467e+00
1.899424564426714e+00
1.897997736816609e+00
1.870787424067275e+00
1.881763634920684e+00
1.822820873136260e+00
1.802953636396905e+00
2.027890632833445e+00
1.989902187218098e+00
1.980802576298254e+00
1.978415772845671e+00
1.967408522614347e+00
1.991648181048250e+00
2.020610284010038e+00
1.978548666903978e+00
2.017975121914893e+00
2.032210235463503e+00
2.040415581418984e+00
2.028415326732840e+00
2.023433019234428e+00
2.038195712714111e+00
1.769046031566856e+00
1.840910039480654e+00
1.875572854031533e+00
1.853812191952648e+00
1.830387864094710e+00
1.840493283540641e+00
2.081756318966761e+00
2.074284663399768e+00
2.082472163318787e+00
2.073600899514668e+00
2.063192649255086e+00
2.033792746316621e+00
2.020379297485158e+00
2.027492096024507e+00
2.043823037824787e+00
2.062626682125365e+00
2.036517256787720e+00
2.056387539431349e+00
2.064438999257267e+00
2.022769087640600e+00
2.016900804230517e+00
2.021855832995427e+00
2.024876123503968e+00
1.989438441168272e+00
2.001645754542514e+00
2.021389105487996e+00
1.966447132256938e+00
1.978785509652955e+00
1.967295866676936e+00
1.952302034277262e+00
1.910964080528156e+00
1.961195758495128e+00
1.895043866623302e+00
1.899652838428671e+00
1.923733713482243e+00
1.912915694672509e+00
1.913765984555547e+00
1.924185068474671e+00
1.836642755428987e+00
1.842537547136718e+00
1.835058434303408e+00
2.013164065551114e+00
1.979697552841002e+00
2.022754732575552e+00
2.021244301497056e+00
1.977927927494758e+00
2.008351305277182e+00
1.969430453134629e+00
1.990325933673349e+00
1.958698531962014e+00
1.969613709175512e+00
1.746754095800606e+00
1.824915015294619e+00
1.846325158569824e+00
1.826805998214903e+00
1.740937199846609e+00
1.746956427807385e+00
1.899134971293670e+00
1.849163307522559e+00
1.924707614938710e+00
1.912509556118637e+00
1.915098219070476e+00
1.835337767546627e+00
2.030462235662583e+00
2.037885081894535e+00
2.026619887674285e+00
1.990941580804342e+00
1.878509386989235e+00
1.906553476140190e+00
1.895952193603785e+00
1.905891685235068e+00
1.838894903598512e+00
1.814415554787839e+00
2.049051982069414e+00
2.048638955608589e+00
2.034187051004752e+00
2.036795615873721e+00
1.728110283560820e+00
1.733425997759265e+00
1.629893046079514e+00
1.631311938571508e+00
1.728614749298545e+00
1.751840849073065e+00
1.726558718030853e+00
1.822717920612233e+00
1.827154327760169e+00
1.896209335915390e+00
1.899117057492553e+00
1.858368943313857e+00
1.902481763903792e+00
1.913302638792696e+00
1.849417377033104e+00
1.815392404715596e+00
1.812115064309444e+00
1.822345159799239e+00
1.901323022967177e+00
1.922545288659053e+00
1.927216126669165e+00
1.900845201954758e+00
1.904675868431363e+00
1.827208319671162e+00
1.875622631975346e+00
1.920341187489513e+00
1.925533892568044e+00
1.914038998729784e+00
1.973699681840472e+00
1.968963399604530e+00
2.022315813684597e+00
1.991537755329955e+00
1.976078088066692e+00
2.067634861415899e+00
2.070522891344801e+00
2.077205150501997e+00
2.064977340533920e+00
2.079083235578611e+00
1.968510935275577e+00
2.017218726482822e+00
1.986815167021050e+00
1.944677092910313e+00
1.967355881987153e+00
1.912229447927872e+00
1.899977271887525e+00
1.961166961883585e+00
1.895898254005441e+00
1.816277903887961e+00
1.862090355039959e+00
1.893988935855651e+00
1.874433106231569e+00
1.894751425359275e+00
1.820128908110960e+00
1.753877408172080e+00
1.835238651330131e+00
1.858669614907304e+00
1.898655296982610e+00
1.915697860545072e+00
1.831228698381994e+00
1.923847864951114e+00
1.980294896267581e+00
1.927003060979913e+00
1.979084150218635e+00
1.991266045095592e+00
1.993435749245848e+00
1.921523038779241e+00
1.898364190008223e+00
1.875048383341857e+00
1.901090148597990e+00
1.902008750711656e+00
1.831205650523089e+00
1.826878703477608e+00
1.916008645641009e+00
1.969364852822515e+00
1.959610213538782e+00
1.931048767223828e+00
1.965871453442893e+00
1.977125575372210e+00
1.927871356765863e+00
1.973179455167475e+00
1.915717481712048e+00
1.987557580611260e+00
1.838695563269768e+00
1.838897188881769e+00
1.840237822941606e+00
1.740279272437368e+00
1.740208446430112e+00
1.813260835863304e+00
1.906436199814712e+00
1.736358064803233e+00
1.794975509567341e+00
1.750639314843461e+00
1.727573352171046e+00
1.722789106915150e+00
1.635856641153809e+00
1.730194646676566e+00
1.717946265082870e+00
1.740585553851536e+00
1.732744790831090e+00
1.625005636028887e+00
1.623841435317266e+00
1.792789974231616e+00
1.717598696890883e+00
1.821546738435654e+00
1.751836849773415e+00
1.819694956497643e+00
1.749656501761054e+00
1.821318364695525e+00
1.811221986425883e+00
1.830254405728327e+00
1.631011907383467e+00
1.719788356693835e+00
1.632248597468361e+00
1.734326676983716e+00
1.599866811922678e+00
1.749713127371198e+00
1.740475013221621e+00
1.751411134830187e+00
1.821064494179641e+00
1.741170191780476e+00
1.625936544727806e+00
1.739241760338296e+00
1.631291485301535e+00
1.630936668638759e+00
1.734269555013673e+00
1.734449095707327e+00
1.633246167529963e+00
1.630608456580134e+00
1.630759914240737e+00
1.732715628589462e+00
1.725344461967990e+00
1.743227421676661e+00
1.812639159016278e+00
1.744735597344493e+00
1.733256703803828e+00
1.628888131489476e+00
1.724558000852918e+00
1.735720605017621e+00
1.625399690217955e+00
1.606598336146434e+00
1.731046548966599e+00
1.734539309973637e+00
1.624103280263736e+00
1.630805383570570e+00
1.742347320808630e+00
1.631861248875881e+00
1.605444807794178e+00
1.275999446056098e+00
1.276423247429913e+00
1.614356255481150e+00
9.323931954651064e-01
1.738276936642585e+00
1.812070097657080e+00
1.789321177786947e+00
1.829137256852790e+00
1.841711483050583e+00
1.738884244761870e+00
1.628378515519602e+00
1.627416882773168e+00
1.733335810535976e+00
1.625495584754049e+00
1.631035879272504e+00
1.635968885020063e+00
1.273532178378896e+00
1.604497301160924e+00
1.614003151341308e+00
1.275030212613975e+00
1.634806365336992e+00
1.632428795261506e+00
1.628571285878027e+00
1.617482942187108e+00
1.275849043575507e+00
1.284064870543734e+00
9.305281132655838e-01
1.720589177256398e+00
1.726712120620639e+00
1.623206892938263e+00
1.627919295037193e+00
1.607276164759379e+00
1.718994366194512e+00
1.715080153515931e+00
1.720986006490100e+00
1.731365607002207e+00
1.819635662313822e+00
1.733833010908540e+00
1.016450979321409e+00
1.016189272994292e+00
9.958194621781148e-01
9.956971197030516e-01
1.002084593593617e+00
9.956601288925824e-01
1.002108306763047e+00
1.002100341535078e+00
1.714628249122827e+00
1.729279430428413e+00
1.810544287109659e+00
1.800223378165910e+00
1.724533802213248e+00
1.732715605822198e+00
1.811776966059372e+00
1.757954924883034e+00
1.740211819266359e+00
1.727811805398100e+00
1.750610886715096e+00
1.729628579359679e+00
1.728288788419932e+00
1.631830747977544e+00
1.619675491498530e+00
1.800809835654575e+00
1.747360151743792e+00
1.741698183883561e+00
1.778282641725194e+00
1.720342160069945e+00
1.732928604040556e+00
1.733388986368558e+00
1.730676672424878e+00
1.732431021238415e+00
1.746663081161858e+00
1.607028855964929e+00
1.599658592342218e+00
1.274539970289333e+00
1.626831240667099e+00
1.623882209732058e+00
1.277520251166133e+00
1.624244998436711e+00
1.626088703518857e+00
1.276681959666649e+00
1.622463214343887e+00
1.612339747252259e+00
1.269231531882529e+00
1.612498298365232e+00
1.632474871172246e+00
1.633336539829253e+00
1.278147475596039e+00
1.619494612003705e+00
1.274505366158346e+00
9.319318238080515e-01
1.273937744746490e+00
1.632076823954337e+00
1.623455237462457e+00
1.270483050991326e+00
1.627905238258278e+00
1.274279051877319e+00
1.638464672107811e+00
1.276089826702624e+00
1.621759249693998e+00
1.274671485552674e+00
9.322499784532515e-01
1.270093267162386e+00
1.615806686248199e+00
1.278097686477709e+00
9.335537020887882e-01
9.337627932316220e-01
1.610486018702064e+00
1.262080270588364e+00
1.621831565013583e+00
1.610774371576313e+00
1.601567979561900e+00
1.264844598513077e+00
1.272333013761517e+00
1.605293814737106e+00
1.274442476952123e+00
1.602074151889459e+00
1.279090504725045e+00
1.275385406068265e+00
1.619780608269648e+00
1.601163128039094e+00
1.633734528802191e+00
1.625964326716776e+00
1.607611605863805e+00
1.273590312044675e+00
1.629875678576405e+00
1.276357512059591e+00
9.332674226006983e-01
9.329556633390036e-01
1.277355114110848e+00
1.268184923919282e+00
9.337163036605511e-01
9.348044121008369e-01
9.314667706572266e-01
1.279037270242824e+00
1.275273496177067e+00
1.272374453048638e+00
1.276660389407357e+00
9.324991440512440e-01
9.327623353513146e-01
1.261361450413730e+00
1.266594983475710e+00
1.275698012649908e+00
9.345135096706556e-01
9.350358594191620e-01
1.015695732472961e+00
1.616723580569865e+00
1.272798109496752e+00
1.627661465289864e+00
1.632200299218163e+00
1.623422751706011e+00
1.607175117607911e+00
1.599171727448774e+00
1.273508437175675e+00
1.597446670367940e+00
1.631390312494772e+00
1.624495394141436e+00
1.602410919101363e+00
1.274251592126615e+00
1.604377246201879e+00
1.618362857170086e+00
1.633987683739182e+00
1.603905161200486e+00
1.275288363445313e+00
1.278553660167012e+00
1.604806102912772e+00
1.621418505838495e+00
1.724871762303099e+00
1.633900862687602e+00
1.736920574914472e+00
1.627334202282227e+00
1.625513436456463e+00
1.622751326480305e+00
1.623818272170862e+00
1.278949006365739e+00
1.275542867196330e+00
1.269739167587238e+00
9.316135553441300e-01
9.340404802225224e-01
1.620893610185169e+00
1.605080933860380e+00
1.630944526867398e+00
1.604603943830961e+00
1.631802409041938e+00
1.596980377105576e+00
1.729297609588443e+00
1.626642365979389e+00
1.740600937999349e+00
1.628634914257681e+00
1.730097391782671e+00
1.628775398741660e+00
1.614434519894298e+00
1.277860172205102e+00
1.273279099416458e+00
1.629098104319565e+00
1.618678319042813e+00
1.730219575341032e+00
1.632598382390197e+00
1.609287048776406e+00
1.275488680596319e+00
1.611131240598752e+00
1.633564488511269e+00
1.624733471500269e+00
1.722827152194832e+00
1.711721891629615e+00
1.610000800261500e+00
1.627307114470776e+00
1.626214808481553e+00
1.727061591188006e+00
1.731461910894308e+00
1.617462229478370e+00
1.629136829989375e+00
1.726729567146170e+00
1.626028553621701e+00
1.628879065875741e+00
1.633865476065089e+00
1.621219423404591e+00
1.276291215847324e+00
1.273985053825162e+00
1.621588389445638e+00
1.622483372677826e+00
1.630974987331314e+00
1.751356506238355e+00
1.736439629198222e+00
1.271688449180522e+00
9.329600213335127e-01
1.016310356721184e+00
1.016596872629659e+00
9.956855218964322e-01
9.958049468836795e-01
1.002093373481913e+00
1.002102937909841e+00
9.340982818272637e-01
9.329584978803905e-01
1.015998766055250e+00
1.268802168961192e+00
1.600561614019663e+00
1.273365851079234e+00
1.016253412395420e+00
9.336403773168225e-01
9.324505191418193e-01
1.016433792237998e+00
1.016306472105589e+00
9.336546363557289e-01
1.270471639894670e+00
9.341285315035046e-01
9.354034952370675e-01
1.268504892537385e+00
1.266924872434689e+00
1.266989423697172e+00
9.333934717425286e-01
1.016531705920037e+00
9.332993634822213e-01
1.016403373705706e+00
9.957788562548260e-01
9.956828666900345e-01
1.002095347969408e+00
1.016398788612726e+00
9.342307376785711e-01
9.328034973443119e-01
1.016514419893162e+00
9.321092187950288e-01
1.277161990081501e+00
1.016591859511873e+00
9.326707994083823e-01
1.016680210989723e+00
9.957342247484178e-01
1.002110828657988e+00
1.002123035200876e+00
1.016278975413069e+00
9.345427069959612e-01
1.016339773350990e+00
1.016778027436055e+00
9.329252680368719e-01
9.323255964788026e-01
1.016654583648217e+00
9.320447845598461e-01
1.016315132921821e+00
9.338333873515209e-01
9.957580770565273e-01
9.957247208286746e-01
1.002090701154430e+00
9.317161543258223e-01
1.016367344456178e+00
1.016100811990627e+00
9.957129275021864e-01
1.002055884178430e+00
1.002111386563147e+00
1.016557549402865e+00
9.957803401892384e-01
1.002094568851922e+00
9.957798521725337e-01
9.956201598514857e-01
1.002112838758367e+00
1.002123325234158e+00
1.016665202723818e+00
9.343352124035034e-01
1.016212281425033e+00
1.016286954267768e+00
9.329648874932079e-01
9.323794003445195e-01
1.016529103237425e+00
9.325835138362569e-01
1.016383802541075e+00
9.336956215260980e-01
9.316201150115034e-01
1.016469293438134e+00
1.016766758772699e+00
1.016293200904480e+00
9.956656982421713e-01
1.002114191364010e+00
9.957025719973958e-01
1.002121581384322e+00
1.016441309633088e+00
9.333915353905240e-01
1.270433716118643e+00
1.271819899440308e+00
9.331600786997499e-01
9.318065112525745e-01
1.279065484714146e+00
1.016581104079650e+00
9.319842588197476e-01
1.270137847406954e+00
9.324583827078325e-01
9.344220286226117e-01
1.275857305807029e+00
1.597681732381390e+00
9.311502500689353e-01
9.332944991985233e-01
9.365272911710137e-01
1.276484569398046e+00
1.271331319486327e+00
9.322583081462640e-01
9.331181744588446e-01
9.957280632038957e-01
1.002118410333936e+00
1.271336460740774e+00
1.266580680701703e+00
9.348084939461013e-01
1.264679030389425e+00
1.606741011685026e+00
9.343623771250282e-01
9.315382721551140e-01
1.016518155834951e+00
1.016680065126428e+00
9.956611679511892e-01
9.955977059639709e-01
1.002157760625525e+00
9.957098380409979e-01
1.002148320860437e+00
9.321219729074209e-01
1.016434297694714e+00
9.956831584681057e-01
9.957866920179765e-01
1.002096508138713e+00
9.343928922434961e-01
9.315864760975694e-01
1.277341100535182e+00
1.274424286908696e+00
9.339286938776421e-01
1.016623156594198e+00
1.016480492099304e+00
9.335474341577171e-01
1.276864062450399e+00
1.617262853346206e+00
1.273804035663842e+00
9.343562018531547e-01
1.270441315965585e+00
1.270332294401890e+00
1.610908608980057e+00
1.608728691654111e+00
9.335375432540250e-01
1.270504260315692e+00
9.339190999684915e-01
1.272102239020721e+00
1.603982627272335e+00
1.612477813963295e+00
9.352737535391622e-01
1.762742170091097e+00
1.730073525583478e+00
1.728448524979557e+00
1.625255830937231e+00
9.327902110726832e-01
9.308058019101839e-01
1.278403642695002e+00
9.327394623109190e-01
1.016629969389812e+00
9.328107053128003e-01
9.330592477785563e-01
1.016459686916062e+00
9.957476934747953e-01
9.956778943516319e-01
1.002105952894512e+00
1.016359699040425e+00
1.016745973409368e+00
9.956489209338515e-01
1.002139467989576e+00
9.955544419648025e-01
1.002161975432606e+00
9.958502653129336e-01
1.002121674017372e+00
1.002031445247963e+00
1.016927478405252e+00
1.015865677707510e+00
1.016762441831908e+00
9.959553480532390e-01
1.002058546494473e+00
1.015788484229931e+00
1.016091352291068e+00
9.958642111943193e-01
1.002002562265948e+00
9.957727600326380e-01
9.956922690633466e-01
1.002100903066962e+00
9.957918541310163e-01
1.002100851245169e+00
1.002086208746724e+00
9.956507112034885e-01
1.002118473303704e+00
1.016422766398979e+00
9.957927860735407e-01
1.002078130330945e+00
1.002111083264851e+00
9.958177628318835e-01
1.002067633504252e+00
1.016000393720456e+00
1.015790732135861e+00
9.958409287589963e-01
1.002051648670280e+00
9.958802222169088e-01
1.002065518651588e+00
9.958653373610955e-01
1.002054525534352e+00
1.016255665602971e+00
1.015897253237746e+00
9.957614522844708e-01
9.958820217261419e-01
1.002041814810103e+00
1.002074971162079e+00
1.015931356065001e+00
1.016189563889559e+00
9.957914964065848e-01
1.002077741960620e+00
9.957559223186726e-01
1.002113303164594e+00
1.002107001702742e+00
1.016371516248363e+00
1.016634812256484e+00
9.956787869275473e-01
9.956852614889794e-01
9.957057762473077e-01
1.002086919485219e+00
9.957822744097289e-01
9.957137666872353e-01
1.002091055467954e+00
1.002114051303668e+00
9.957405581937823e-01
9.958402411663423e-01
1.002070098619455e+00
1.016116328652205e+00
1.016330214253284e+00
1.002041084104607e+00
1.002134131916785e+00
9.958399484663196e-01
1.002089950732079e+00
9.344049821850104e-01
1.016049880516694e+00
1.016236044154849e+00
1.272625567101668e+00
9.955786824768428e-01
1.002147950494188e+00
9.957008228936307e-01
1.002094265650067e+00
1.016315860363255e+00
9.957474497005816e-01
1.779032043974108e+00
1.806196629479914e+00
1.822502328444604e+00
1.738125126953292e+00
1.751420671431604e+00
9.957393432925707e-01
9.957127842356661e-01
1.002120824001339e+00
1.002067601685674e+00
9.958136381338487e-01
1.002085790205392e+00
9.956690093746027e-01
1.016559770489189e+00
9.324394358591348e-01
9.957736172839713e-01
1.002095630069585e+00
1.016744518932639e+00
9.957099981804127e-01
1.016438916872929e+00
1.002141247301821e+00
1.002122734274239e+00
9.956988985750583e-01
9.957092232054712e-01
9.957357853788844e-01
9.957721328031347e-01
1.002089965276493e+00
1.002065151209083e+00
1.002117777973172e+00
9.957616903414269e-01
1.016390951491402e+00
9.956960974132534e-01
9.957941304894252e-01
1.002090530263474e+00
1.002113228296064e+00
1.002102470653797e+00
9.957634513714708e-01
9.956164106008518e-01
1.016657764480553e+00
1.016672680323472e+00
9.327661512682778e-01
1.002125390795466e+00
1.002117435931338e+00
1.016446586478352e+00
9.956599393729668e-01
9.958505780915231e-01
1.016239580375650e+00
1.002116932271675e+00
1.002088291320875e+00
1.002073834393965e+00
9.957660618681939e-01
9.956588485435166e-01
1.016568490541133e+00
9.320204655559247e-01
1.016395281561186e+00
1.002111633771620e+00
1.002137076981104e+00
1.737226395672370e+00
1.788671449710295e+00
1.722843985704456e+00
1.733431479404480e+00
1.818304362109596e+00
1.823270192189324e+00
1.826594113063130e+00
1.734385506431419e+00
1.720388362941595e+00
1.719265736175777e+00
1.634615449361263e+00
1.617820566534971e+00
1.269269751300401e+00
1.271218558450783e+00
1.015716875531336e+00
9.358005176656825e-01
9.343686616789564e-01
9.331868721245701e-01
1.016488901135761e+00
9.957172667938010e-01
1.016435854238577e+00
9.317679433460488e-01
1.002067902119032e+00
9.956867608633313e-01
1.002132201579902e+00
1.016057618153807e+00
9.957048514299712e-01
1.016619290742727e+00
1.002079910857968e+00
1.002091613616401e+00
9.957614675329203e-01
1.016001426374390e+00
1.002082029189249e+00
1.002087893430813e+00
9.958039633631841e-01
9.957598767487883e-01
1.016104276165930e+00
9.959238792264372e-01
1.016001445823810e+00
1.002033740180751e+00
1.002045250795365e+00
1.002092497474894e+00
